tool		Theta 6.17.6	Theta 6.17.6	Theta 6.17.6	Theta 6.17.6	Theta 6.17.6	Theta 6.17.6	Theta 6.17.6	Theta 6.17.6	Theta 6.17.6	Theta 6.17.6
run set		PredCart().SV-COMP25_unreach-call	PredCart().SV-COMP25_unreach-call	PredCart().SV-COMP25_unreach-call	PredCart().SV-COMP25_unreach-call	PredCart().SV-COMP25_unreach-call	KInd().SV-COMP25_unreach-call	KInd().SV-COMP25_unreach-call	KInd().SV-COMP25_unreach-call	KInd().SV-COMP25_unreach-call	KInd().SV-COMP25_unreach-call
sv-benchmarks/c/		status	cputime (s)	walltime (s)	memory (MB)	host	status	cputime (s)	walltime (s)	memory (MB)	host
locks/test_locks_10.yml	true	ERROR (solver error, after parsing finished)	731.024537982	710.5341899510004	638.406656	cloud-23979	true	134.421972142	123.65002636201098	970.219520	cloud-23980
locks/test_locks_11.yml	true	ERROR (solver error, after parsing finished)	732.896588018	711.1021750149994	689.311744	cloud-23933	true	287.898587244	273.7923547659884	1119.707136	cloud-23982
locks/test_locks_12.yml	true	ERROR (solver error, after parsing finished)	732.140509615	711.7173166680004	792.727552	cloud-23979	true	452.462712233	435.9306978380191	1163.907072	cloud-23980
locks/test_locks_13.yml	true	ERROR (solver error, after parsing finished)	732.039113682	711.0830064520051	692.207616	cloud-23979	true	656.444157682	638.4734433150152	1284.988928	cloud-23938
locks/test_locks_14-1.yml	true	TIMEOUT (ERROR (inner timeout, after parsing finished))	929.366749574	908.4458997199981	671.690752	cloud-23979	TIMEOUT	990.318830768	974.2238606640021	688.451584	cloud-23938
locks/test_locks_15-2.yml	true	TIMEOUT (ERROR (inner timeout, after parsing finished))	930.926905654	908.2610676629993	705.970176	cloud-23979	TIMEOUT	990.274579436	974.2322329529852	654.864384	cloud-23933
unsignedintegeroverflow-sas23/bilinear_interpolation.yml	true	ERROR (solver error, after parsing finished)	734.755880655	717.4247574190013	1667.170304	cloud-23979	TIMEOUT	990.768582874	967.2654638770036	4466.397184	cloud-23979
unsignedintegeroverflow-sas23/cancel_var_through_overflow.yml	true	ERROR (solver error, after parsing finished)	764.558789716	752.8961620059999	612.855808	cloud-24259	TIMEOUT	990.232205403	977.7418494230078	560.054272	cloud-23982
unsignedintegeroverflow-sas23/distance_through_overflow.yml	true	true	23.517211188	12.938637539999036	575.062016	cloud-23933	TIMEOUT	990.23858182	978.2187469649944	523.288576	cloud-23980
unsignedintegeroverflow-sas23/linear_interpolation.yml	true	ERROR (solver error, after parsing finished)	730.59794139	715.7632449379998	649.371648	cloud-24259	TIMEOUT	990.289992147	975.0161262789916	617.672704	cloud-23979
unsignedintegeroverflow-sas23/linear_interpolation_2.yml	true	ERROR (solver error, after parsing finished)	722.555456979	710.8243424960019	593.502208	cloud-23979	TIMEOUT	990.271912956	974.8772314889939	577.560576	cloud-23938
longjmp/68-longjmp_04-counting-local_true.yml	true	ERROR (server error, after parsing finished)	19.50780454	10.575244179999572	563.044352	cloud-23979	ERROR (generic error, after parsing finished)	15.277217801	8.53622830400127	499.306496	cloud-23980
longjmp/68-longjmp_04-counting-local_unknown_1_neg.yml	false	ERROR (server error, after parsing finished)	17.489943998	9.697088700006134	554.680320	cloud-23979	ERROR (generic error, after parsing finished)	19.734686197	10.797397354996065	538.804224	cloud-23938
longjmp/68-longjmp_04-counting-local_unknown_1_pos.yml	false	ERROR (server error, after parsing finished)	23.728389913	13.16173915899708	553.500672	cloud-24259	ERROR (generic error, after parsing finished)	21.495341297	11.628856722993078	506.486784	cloud-23938
longjmp/68-longjmp_07-returns_true.yml	true	ERROR (server error, after parsing finished)	22.544554984	12.616210280000814	523.231232	cloud-24259	ERROR (generic error, after parsing finished)	18.548792977	10.113273113995092	470.654976	cloud-23979
longjmp/68-longjmp_11-counting-return_true.yml	true	ERROR (server error, after parsing finished)	17.42658127	9.593538805002026	526.286848	cloud-23979	ERROR (generic error, after parsing finished)	16.652231403	9.043214628007263	502.390784	cloud-23980
longjmp/68-longjmp_11-counting-return_unknown_1_neg.yml	false	ERROR (server error, after parsing finished)	17.612598117	9.59696388500015	551.350272	cloud-23979	ERROR (generic error, after parsing finished)	15.679822008	8.840894449996995	516.169728	cloud-23980
longjmp/68-longjmp_11-counting-return_unknown_1_pos.yml	false	ERROR (server error, after parsing finished)	19.769698112	10.762186480998935	562.962432	cloud-23933	ERROR (generic error, after parsing finished)	16.307400138	9.56494189798832	512.765952	cloud-23980
longjmp/68-longjmp_12-counting-global_true.yml	true	ERROR (server error, after parsing finished)	24.821094168	13.517671057999905	536.838144	cloud-23933	ERROR (generic error, after parsing finished)	20.714394938	11.467407921998529	474.685440	cloud-23982
longjmp/68-longjmp_12-counting-global_unknown_1_neg.yml	false	ERROR (server error, after parsing finished)	17.864400039	9.754030181999951	513.122304	cloud-23933	ERROR (generic error, after parsing finished)	21.469877488	12.05277865199605	500.559872	cloud-23938
longjmp/68-longjmp_12-counting-global_unknown_1_pos.yml	false	ERROR (server error, after parsing finished)	18.545849241	10.188264393000281	539.451392	cloud-23979	ERROR (generic error, after parsing finished)	21.592088636	11.755281122983433	488.513536	cloud-23982
longjmp/68-longjmp_13-counting-local_true.yml	true	ERROR (server error, after parsing finished)	21.855591997	11.952775925004971	556.048384	cloud-23933	ERROR (generic error, after parsing finished)	19.170027791	10.576560023997445	461.029376	cloud-23933
longjmp/68-longjmp_13-counting-local_unknown_1_neg.yml	false	ERROR (server error, after parsing finished)	19.079715334	10.354396226000063	538.140672	cloud-23979	ERROR (generic error, after parsing finished)	23.955711638	12.870270849001827	495.071232	cloud-23982
longjmp/68-longjmp_13-counting-local_unknown_1_pos.yml	false	ERROR (server error, after parsing finished)	18.849730182	10.350115897999785	538.263552	cloud-23979	ERROR (generic error, after parsing finished)	19.249240461	10.640699745999882	509.476864	cloud-23979
longjmp/68-longjmp_14-counting-return-one-method_true.yml	true	ERROR (server error, after parsing finished)	20.246984479	10.94615084399993	511.844352	cloud-23933	ERROR (generic error, after parsing finished)	18.880865482	10.220635770005174	514.596864	cloud-23980
longjmp/68-longjmp_14-counting-return-one-method_unknown_1_neg.yml	false	ERROR (server error, after parsing finished)	20.896543048	11.441417319998436	537.751552	cloud-23979	ERROR (generic error, after parsing finished)	18.049727047	9.85780772002181	507.858944	cloud-23979
longjmp/68-longjmp_14-counting-return-one-method_unknown_1_pos.yml	false	ERROR (server error, after parsing finished)	17.045091375	14.24496661000012	564.338688	cloud-23944	ERROR (generic error, after parsing finished)	16.27084617	8.901452039019205	515.125248	cloud-23933
longjmp/68-longjmp_15-counting-global-one-method_true.yml	true	ERROR (server error, after parsing finished)	18.438266781	10.035813236005197	500.903936	cloud-23933	ERROR (generic error, after parsing finished)	21.721952554	11.56560479599284	515.588096	cloud-23933
longjmp/68-longjmp_15-counting-global-one-method_unknown_1_neg.yml	false	ERROR (server error, after parsing finished)	18.121461087	10.026115610999113	554.614784	cloud-23979	ERROR (generic error, after parsing finished)	21.183410824	11.406615671003237	492.158976	cloud-23980
longjmp/68-longjmp_15-counting-global-one-method_unknown_1_pos.yml	false	ERROR (server error, after parsing finished)	22.669890644	12.304284697005642	523.788288	cloud-24259	ERROR (generic error, after parsing finished)	21.711635751	11.951039613981266	496.541696	cloud-23982
longjmp/68-longjmp_16-counting-local-one-method_true.yml	true	ERROR (server error, after parsing finished)	21.650270698	11.792782140000782	555.487232	cloud-23933	ERROR (generic error, after parsing finished)	23.720266389	13.17299114499474	467.390464	cloud-23982
longjmp/68-longjmp_16-counting-local-one-method_unknown_1_neg.yml	false	ERROR (server error, after parsing finished)	16.079532729	8.889494799999738	539.557888	cloud-23979	ERROR (generic error, after parsing finished)	27.078421923	14.710852310992777	509.595648	cloud-23938
longjmp/68-longjmp_16-counting-local-one-method_unknown_1_pos.yml	false	ERROR (server error, after parsing finished)	22.628897727	12.34334440600287	539.631616	cloud-24259	ERROR (generic error, after parsing finished)	21.22684927	11.553698478994193	479.846400	cloud-23982
longjmp/68-longjmp_18-simple-else_true.yml	true	ERROR (server error, after parsing finished)	24.748070177	13.370963902999392	571.437056	cloud-23933	ERROR (generic error, after parsing finished)	19.837906052	10.829397883993806	500.002816	cloud-23980
longjmp/68-longjmp_18-simple-else_unknown_1_neg.yml	false	ERROR (server error, after parsing finished)	20.18123318	11.08668659900286	611.405824	cloud-23941	ERROR (generic error, after parsing finished)	16.094194846	8.772911220003152	510.779392	cloud-23944
longjmp/68-longjmp_18-simple-else_unknown_1_pos.yml	false	ERROR (server error, after parsing finished)	15.425103627	8.530336750998686	541.388800	cloud-23939	ERROR (generic error, after parsing finished)	21.142806339	11.413479945011204	489.066496	cloud-23979
longjmp/68-longjmp_18-simple-else_unknown_2_neg.yml	false	ERROR (server error, after parsing finished)	23.975695485	12.849813174999781	550.596608	cloud-23933	ERROR (generic error, after parsing finished)	22.459455793	12.226455409982009	515.452928	cloud-23933
longjmp/68-longjmp_18-simple-else_unknown_2_pos.yml	false	ERROR (server error, after parsing finished)	21.109707009	11.787267895000014	550.256640	cloud-23933	ERROR (generic error, after parsing finished)	22.54936057	12.321376220992533	521.302016	cloud-23979
longjmp/68-longjmp_19-simpler_true.yml	true	ERROR (server error, after parsing finished)	23.928702334	12.844461026000317	572.887040	cloud-23933	ERROR (generic error, after parsing finished)	19.527379631	10.689168899989454	545.742848	cloud-23933
longjmp/68-longjmp_20-simpler-multifun_true.yml	true	ERROR (server error, after parsing finished)	23.122210458	12.449623652999435	584.916992	cloud-23979	ERROR (generic error, after parsing finished)	18.980057996	10.75758056298946	515.166208	cloud-23980
longjmp/68-longjmp_21-multifun_true.yml	true	ERROR (server error, after parsing finished)	23.452954409	12.545869137997215	546.852864	cloud-23933	ERROR (generic error, after parsing finished)	21.344612406	11.624702928995248	525.893632	cloud-23979
longjmp/68-longjmp_22-multifun-arg_true.yml	true	ERROR (server error, after parsing finished)	27.047933189	14.652256231000138	597.901312	cloud-23933	ERROR (generic error, after parsing finished)	20.302539431	10.977497601008508	496.881664	cloud-23979
longjmp/68-longjmp_44-simple-else-path_true.yml	true	ERROR (server error, after parsing finished)	24.440464139	13.19709523200072	594.964480	cloud-23933	ERROR (generic error, after parsing finished)	21.866927725	12.25265759701142	518.017024	cloud-23980
longjmp/68-longjmp_51-worries_true.yml	true	ERROR (server error, after parsing finished)	19.830817255	10.69929907599726	570.593280	cloud-23979	ERROR (generic error, after parsing finished)	26.141579609	14.198551150009735	501.792768	cloud-23982
loops/array-1.yml	true	true	23.215853158	12.882748875003017	528.912384	cloud-23933	ERROR (server error, after parsing finished)	21.651055598	12.104688010003883	463.364096	cloud-23982
loops/array-2.yml	false	false(unreach-call)	21.457496544	11.51061430900154	566.231040	cloud-23979	ERROR (server error, after parsing finished)	19.786502512	10.965432592987781	464.183296	cloud-23938
loops/compact.yml	false	false(unreach-call)	23.102862955	13.056661712999812	575.000576	cloud-23979	ERROR (server error, after parsing finished)	19.98514824	10.899656647990923	462.213120	cloud-23938
loops/count_up_down-1.yml	true	ERROR (server error, after parsing finished)	37.217078692	26.946491403000437	712.056832	cloud-23979	TIMEOUT	990.178926392	978.0531257019902	630.231040	cloud-23982
loops/eureka_01-2.yml	true	ERROR (solver error, after parsing finished)	748.734593858	716.5352265170004	2423.250944	cloud-23933	ERROR (server error, after parsing finished)	19.562133911	10.664523198007373	524.029952	cloud-23933
loops/eureka_05.yml	true	TIMEOUT	991.050006474	526.5661593429977	2111.086592	cloud-24259	ERROR (server error, after parsing finished)	17.481392455	9.74430153297726	536.891392	cloud-23933
loops/heavy-1.yml	false	ERROR (solver error, after parsing finished)	727.568857221	711.4512438140009	753.561600	cloud-23933	ERROR (server error, after parsing finished)	19.684287005	10.853611081984127	484.122624	cloud-23979
loops/heavy-2.yml	true	true	19.062320844	10.43851860599898	510.279680	cloud-23979	ERROR (server error, after parsing finished)	15.787396908	8.83686892100377	473.845760	cloud-23980
loops/insertion_sort-1-2.yml	false	ERROR (solver error, after parsing finished)	736.790024651	720.0051237450025	673.148928	cloud-24259	ERROR (server error, after parsing finished)	17.074636293	9.485650101996725	539.201536	cloud-23980
loops/insertion_sort-2-2.yml	true	ERROR (verification stuck, after parsing finished)	102.370272599	85.4179588679981	726.376448	cloud-24259	ERROR (server error, after parsing finished)	19.26502788	10.616016209009103	532.328448	cloud-23982
loops/invert_string-1.yml	false	false(unreach-call)	26.256245501	14.963303868000366	607.641600	cloud-23979	ERROR (server error, after parsing finished)	18.938971922	10.334121986990795	516.304896	cloud-23933
loops/invert_string-3.yml	true	TIMEOUT	991.661512694	617.9034552679996	2081.005568	cloud-23933	ERROR (server error, after parsing finished)	18.380600713	10.095328602998052	469.200896	cloud-23979
loops/linear_sea.ch.yml	true	ERROR (server error, after parsing finished)	20.000758117	11.300204464001581	652.697600	cloud-23979	ERROR (generic error, after parsing finished)	17.919785562	9.932747949991608	525.443072	cloud-23940
loops/linear_search.yml	false	ERROR (server error, after parsing finished)	20.76946593	11.454117532000055	528.363520	cloud-23979	ERROR (generic error, after parsing finished)	17.646084018	9.79683633899549	509.005824	cloud-23979
loops/n.c11.yml	true	true	23.532452153	12.989891600998817	553.316352	cloud-23933	ERROR (server error, after parsing finished)	20.52247417	11.366770456981612	468.676608	cloud-23933
loops/n.c40.yml	true	true	29.064534216	16.33962026500012	971.001856	cloud-23933	ERROR (server error, after parsing finished)	17.946959906	10.056368406978436	468.602880	cloud-23979
loops/nec11.yml	false	false(unreach-call)	25.016555699	13.786982689001889	561.700864	cloud-24259	ERROR (server error, after parsing finished)	14.151451528	7.939741204987513	511.242240	cloud-23944
loops/nec20.yml	false	false(unreach-call)	26.088543491	14.222642726999766	570.019840	cloud-23933	ERROR (server error, after parsing finished)	21.18908827	11.552471784991212	459.816960	cloud-23980
loops/nec40.yml	true	true	28.646369388	15.922345849001431	862.150656	cloud-23933	ERROR (server error, after parsing finished)	20.910888508	11.426803428010317	523.517952	cloud-23933
loops/string-1.yml	true	true	24.337669331	13.309440872002597	576.524288	cloud-23933	ERROR (server error, after parsing finished)	23.524145802	12.897927334997803	504.700928	cloud-23982
loops/sum01-2.yml	true	true	20.431187644	11.328408612003841	588.455936	cloud-23979	TIMEOUT	990.458372255	974.860354991979	1966.989312	cloud-23982
loops/sum03-1.yml	false	ERROR (solver error, after parsing finished)	724.621725756	711.6241882389995	616.861696	cloud-23979	TIMEOUT	990.24673368	976.6626916399982	565.084160	cloud-23982
loops/sum03-2.yml	true	ERROR (server error, after parsing finished)	34.688703318	22.784092511996278	591.265792	cloud-24259	true	214.629023389	203.88369550200878	591.945728	cloud-23979
loops/sum_array-2-2.yml	true	ERROR (solver error, after parsing finished)	730.312893485	711.5008906970002	719.159296	cloud-23933	ERROR (server error, after parsing finished)	20.418073611	11.081474555976456	544.010240	cloud-23980
loops/terminator_01.yml	false	false(unreach-call)	24.347398321	13.38724266400095	551.903232	cloud-24259	ERROR (server error, after parsing finished)	17.343816411	9.50526287901448	467.845120	cloud-23933
loops/terminator_02-2_abstracted.yml	true	true	20.793151437	11.327562446000229	547.692544	cloud-24259	ERROR (server error, after parsing finished)	21.590262657	11.876533365022624	520.724480	cloud-23938
loops/trex03-2_abstracted.yml	true	true	22.728787014	12.541634198998509	591.032320	cloud-23933	ERROR (server error, after parsing finished)	23.184180335	13.110786895005731	516.661248	cloud-23982
loops/veris.c_sendmail_tTflag_arr_one_loop.yml	true	true	20.166496531	11.480131668000467	551.854080	cloud-23933	ERROR (server error, after parsing finished)	27.03056528	14.90568795701256	512.159744	cloud-23933
loop-acceleration/array_1-1.yml	false	ERROR (solver error, after parsing finished)	739.158033812	711.3093164599995	966.352896	cloud-23979	ERROR (server error, after parsing finished)	20.629593491	11.343564983981196	471.220224	cloud-23982
loop-acceleration/array_2-1-simple.yml	false	ERROR (solver error, after parsing finished)	742.924550637	713.4687329029985	1199.452160	cloud-23979	ERROR (server error, after parsing finished)	18.831440456	10.464431385014905	554.622976	cloud-23933
loop-acceleration/array_2-1.yml	false	ERROR (solver error, after parsing finished)	742.24918216	712.2072391340007	1715.269632	cloud-24259	ERROR (server error, after parsing finished)	22.314960315	12.20501513898489	551.309312	cloud-23982
loop-acceleration/array_2-2.yml	true	ERROR (solver error, after parsing finished)	759.265644894	730.9531608199977	1853.456384	cloud-24259	ERROR (server error, after parsing finished)	17.765911704	9.932012286008103	530.735104	cloud-23980
loop-acceleration/array_3-1.yml	true	true	21.687718176	11.770149979001872	549.752832	cloud-24259	ERROR (server error, after parsing finished)	20.087161593	11.269854609010508	512.061440	cloud-23938
loop-acceleration/array_3-2.yml	false	ERROR (solver error, after parsing finished)	737.355133737	711.1511172549999	1045.606400	cloud-23979	ERROR (server error, after parsing finished)	22.870736987	12.680836776999058	531.218432	cloud-23982
loop-acceleration/array_4.yml	true	ERROR (solver error, after parsing finished)	730.16341523	709.0916433210004	1006.174208	cloud-23979	ERROR (server error, after parsing finished)	20.849734771	11.426326351007447	549.724160	cloud-23933
loop-acceleration/const_1-2.yml	false	ERROR (verification stuck, after parsing finished)	758.278804389	729.3986517070007	1021.775872	cloud-23933	TIMEOUT	990.258542005	976.5373719980125	609.652736	cloud-23933
loop-acceleration/diamond_1-1.yml	true	true	36.870736899	22.959028098004637	630.829056	cloud-23979	TIMEOUT	990.227958144	976.2339655940013	608.264192	cloud-23982
loop-acceleration/diamond_1-2.yml	false	false(unreach-call)	721.302523293	694.7145985449997	1129.803776	cloud-23933	TIMEOUT	990.288942614	974.9563971800089	668.139520	cloud-23979
loop-acceleration/diamond_2-2.yml	true	true	759.754528653	557.5294392610012	2292.002816	cloud-24259	TIMEOUT	990.330090888	971.8521502249932	704.839680	cloud-23938
loop-acceleration/functions_1-1.yml	true	ERROR (server error, after parsing finished)	28.682218408	18.26413632200274	564.674560	cloud-23979	TIMEOUT	990.204595803	980.178307419992	543.113216	cloud-23980
loop-acceleration/functions_1-2.yml	false	ERROR (server error, after parsing finished)	29.447318326	18.13182850299927	541.708288	cloud-24259	TIMEOUT	990.238662558	976.4564965159807	646.598656	cloud-23982
loop-acceleration/multivar_1-1.yml	true	true	20.061525854	11.366502956996555	583.782400	cloud-23979	TIMEOUT	990.218032154	977.0185081789969	581.644288	cloud-23982
loop-acceleration/nested_1-1.yml	true	ERROR (solver error, after parsing finished)	726.398025047	710.747636994	620.347392	cloud-23933	true	37.826115505	30.00803107599495	558.800896	cloud-23980
loop-acceleration/nested_1-2.yml	false	ERROR (solver error, after parsing finished)	729.879163129	712.8405893589952	701.247488	cloud-24259	TIMEOUT	990.246552975	977.4480221609992	557.682688	cloud-23979
loop-acceleration/overflow_1-1.yml	true	true	25.108098031	14.13238174900016	587.816960	cloud-23933	TIMEOUT	990.282906539	976.8447198900103	555.462656	cloud-23938
loop-acceleration/phases_1-1.yml	true	true	41.808349132	30.92148319000262	578.240512	cloud-23933	TIMEOUT	990.266671589	977.7747237089789	536.469504	cloud-23980
loop-acceleration/phases_1-2.yml	false	ERROR (solver error, after parsing finished)	726.583910447	712.7484571709974	546.467840	cloud-23933	TIMEOUT	990.291136455	976.2788447779894	570.261504	cloud-23938
loop-acceleration/phases_2-2.yml	true	ERROR (solver error, after parsing finished)	722.533817426	710.7915297060026	546.672640	cloud-23933	true	115.174361472	106.04011483601062	508.768256	cloud-23938
loop-acceleration/simple_1-1.yml	false	ERROR (verification stuck, after parsing finished)	745.210558952	718.8273981079983	1060.556800	cloud-23933	TIMEOUT	990.279961567	975.5016807350039	618.754048	cloud-23979
loop-acceleration/simple_1-2.yml	true	ERROR (solver error, after parsing finished)	738.771875625	712.3526672619992	862.928896	cloud-23933	TIMEOUT	990.275324744	976.8693974360067	586.768384	cloud-23979
loop-acceleration/simple_3-2.yml	true	true	18.361411437	10.363506302997848	587.657216	cloud-23979	TIMEOUT	990.226341743	978.7920156269975	579.575808	cloud-23942
loop-acceleration/simple_4-1.yml	false	ERROR (solver error, after parsing finished)	721.26877404	710.3079995129992	604.581888	cloud-23979	TIMEOUT	990.256064718	976.5258800749725	594.317312	cloud-23979
loop-acceleration/underapprox_1-1.yml	false	ERROR (server error, after parsing finished)	23.909116541	14.57093518200054	585.273344	cloud-23933	false(unreach-call)	227.349360773	218.1685864579922	550.993920	cloud-23979
loop-acceleration/underapprox_1-2.yml	true	ERROR (server error, after parsing finished)	36.276583786	28.092472051997902	549.126144	cloud-23942	true	534.626596	522.3114378330065	582.877184	cloud-23938
loop-acceleration/underapprox_2-1.yml	false	ERROR (solver error, after parsing finished)	725.109391386	711.9034388739965	591.396864	cloud-23933	false(unreach-call)	35.847866955	24.89918773699901	535.031808	cloud-23982
loop-crafted/simple_array_index_value_1-1.yml	true	ERROR (solver error, after parsing finished)	731.730311378	711.2799356899995	866.566144	cloud-23933	ERROR (server error, after parsing finished)	19.514073969	11.102745520009194	511.320064	cloud-23933
loop-crafted/simple_array_index_value_1-2.yml	false	false(unreach-call)	22.593115105	12.30662198200298	557.633536	cloud-23979	ERROR (server error, after parsing finished)	15.770711213	8.58551061101025	528.207872	cloud-23980
loop-crafted/simple_array_index_value_2.yml	true	ERROR (solver error, after parsing finished)	730.172923843	711.2274714980013	765.485056	cloud-23979	ERROR (server error, after parsing finished)	30.414862737	16.38470828399295	514.658304	cloud-23933
loop-crafted/simple_array_index_value_4.i.v+lhb-reducer.yml	true	ERROR (solver error, after parsing finished)	738.452579598	710.436899266002	1571.610624	cloud-23979	ERROR (server error, after parsing finished)	17.891854971	10.070332008006517	500.965376	cloud-23933
loop-crafted/simple_array_index_value_4.i.v+nlh-reducer.yml	true	ERROR (solver error, after parsing finished)	745.13601493	713.3648943499938	1518.895104	cloud-23979	ERROR (server error, after parsing finished)	22.792867182	12.363630350999301	499.884032	cloud-23938
loop-crafted/simple_vardep_1.yml	true	ERROR (server error, after parsing finished)	99.016215557	54.68074943199463	1748.754432	cloud-24259	true	442.542212042	431.0570246549905	526.655488	cloud-23938
loop-invgen/MADWiFi-encode_ie_ok.yml	true	true	24.354191208	13.144557505002012	604.491776	cloud-23933	TIMEOUT	990.353246225	970.2807782379969	1067.581440	cloud-23979
loop-invgen/NetBSD_loop.yml	true	true	22.592125225	12.565825440004119	574.169088	cloud-23979	TIMEOUT	990.34777979	972.3442161249986	963.567616	cloud-23938
loop-invgen/SpamAssassin-loop.i.v+cfa-reducer.yml	true	true	28.183131997	16.168715345000237	585.969664	cloud-23979	TIMEOUT	990.289753884	974.0970458039956	828.559360	cloud-23933
loop-invgen/SpamAssassin-loop.yml	true	true	27.476624524	14.79304691100333	603.095040	cloud-23979	TIMEOUT	990.219366108	976.9655416660244	688.193536	cloud-23980
loop-invgen/apache-escape-absolute.i.v+cfa-reducer.yml	true	true	39.3648577	22.851756254000065	641.163264	cloud-23933	TIMEOUT	990.270755793	976.8165266439901	785.027072	cloud-23980
loop-invgen/apache-escape-absolute.yml	true	true	27.8227009	15.287791399001435	605.827072	cloud-23979	TIMEOUT	990.254355875	976.5882730029989	686.043136	cloud-23980
loop-invgen/apache-get-tag.i.p+nlh-reducer.yml	true	ERROR (solver error, after parsing finished)	757.137870113	720.3734547569984	1338.400768	cloud-23979	TIMEOUT	990.462916071	964.5292703449959	1557.037056	cloud-23933
loop-invgen/apache-get-tag.i.p+sep-reducer.yml	true	true	593.727578534	558.7645233840012	1878.429696	cloud-23979	TIMEOUT	990.714100876	940.2400757480063	3042.086912	cloud-23942
loop-invgen/down.yml	true	ERROR (solver error, after parsing finished)	734.237188894	710.8453744180006	724.172800	cloud-23933	TIMEOUT	990.318150063	973.1220975159958	872.095744	cloud-23933
loop-invgen/fragtest_simple.yml	true	ERROR (solver error, after parsing finished)	734.466764887	712.0522395010012	816.959488	cloud-23933	TIMEOUT	990.291374615	973.5709662720037	658.587648	cloud-23938
loop-invgen/half_2.yml	true	ERROR (solver error, after parsing finished)	741.871361188	711.701543124007	963.022848	cloud-23933	TIMEOUT	990.339955846	973.3844680739858	843.505664	cloud-23933
loop-invgen/heapsort.yml	true	true	27.544536873	14.982518891996733	574.562304	cloud-23933	TIMEOUT	990.333386096	975.0852003699983	706.449408	cloud-23933
loop-invgen/large_const.yml	true	ERROR (solver error, after parsing finished)	738.936625743	710.2694524450053	839.417856	cloud-23979	true	21.826739192	11.953163894009776	583.204864	cloud-23979
loop-invgen/nest-if3.yml	true	true	19.403215339	10.57795009199981	579.141632	cloud-23933	TIMEOUT	990.298458122	973.0512319139962	954.433536	cloud-23938
loop-invgen/nested6.yml	true	true	23.883751818	13.196233814000152	599.265280	cloud-24259	TIMEOUT	990.30368869	974.0117429170059	742.744064	cloud-23938
loop-invgen/nested9.yml	true	true	23.964789374	13.073733787001402	553.869312	cloud-23933	TIMEOUT	990.283755267	973.1219738799846	1000.091648	cloud-23982
loop-invgen/sendmail-close-angle.yml	true	true	26.11867225	14.451005495000572	576.135168	cloud-23933	TIMEOUT	990.391211425	972.8701065319765	1134.497792	cloud-23938
loop-invgen/seq-3.yml	true	TIMEOUT (ERROR (inner timeout, after parsing finished))	935.209388254	909.7098024570005	829.657088	cloud-23933	TIMEOUT	990.289124043	975.4246750930033	794.660864	cloud-23933
loop-invgen/string_concat-noarr.yml	true	TIMEOUT (ERROR (inner timeout, after parsing finished))	933.841627722	907.2541323650003	662.212608	cloud-23942	TIMEOUT	990.340136574	974.1247738659731	884.727808	cloud-23933
loop-invgen/up.yml	true	ERROR (verification stuck, after parsing finished)	765.919248088	741.4580528540027	1009.889280	cloud-23979	TIMEOUT	990.354224473	974.3084633449907	912.404480	cloud-23933
loop-lit/afnp2014.yml	true	true	20.329661714	11.112066652000067	575.938560	cloud-23979	TIMEOUT	990.354063644	973.9463030339975	1064.173568	cloud-23933
loop-lit/bhmr2007.yml	true	true	27.565871534	14.917477063005208	547.586048	cloud-24259	TIMEOUT	990.363482508	976.0502454609959	567.853056	cloud-23982
loop-lit/cggmp2005_variant.yml	true	true	22.010474872	12.240030451000166	596.930560	cloud-23933	TIMEOUT	990.527230924	971.091970309004	2324.017152	cloud-23979
loop-lit/ddlm2013.yml	true	ERROR (solver error, after parsing finished)	727.644358246	713.7918291559981	585.719808	cloud-23933	TIMEOUT	990.250910857	980.4216961619968	598.011904	cloud-23980
loop-lit/gj2007b.yml	true	true	22.211633719	12.36031617199842	540.868608	cloud-23933	TIMEOUT	990.388991903	974.941873157979	1138.208768	cloud-23933
loop-lit/hh2012-ex1b.yml	true	true	19.608245537	10.789681467999799	600.219648	cloud-23979	TIMEOUT	990.294856842	977.2021421479876	817.188864	cloud-23980
loop-lit/hhk2008.yml	true	true	18.431997351	10.04467674099942	580.202496	cloud-23979	TIMEOUT	990.464084387	973.1553961739992	2073.313280	cloud-23979
loop-lit/jm2006.c.i.v+cfa-reducer.yml	true	true	23.757992481	13.039180713996757	559.366144	cloud-23933	TIMEOUT	990.28870631	976.7126250780129	1324.281856	cloud-23980
loop-lit/jm2006.yml	true	true	20.955202002	11.58392902399919	589.819904	cloud-23979	TIMEOUT	990.346627899	977.4435222799948	1865.342976	cloud-23980
loop-lit/jm2006_variant.yml	true	true	24.05819746	13.4606102559992	574.377984	cloud-23979	TIMEOUT	990.489103169	972.0530448380159	1938.194432	cloud-23933
loop-lit/mcmillan2006.yml	true	ERROR (solver error, after parsing finished)	736.400951365	711.9374167669957	948.850688	cloud-23933	ERROR (server error, after parsing finished)	26.864785329	14.73356952299946	467.054592	cloud-23938
loop-new/count_by_1.yml	true	ERROR (solver error, after parsing finished)	735.018575833	713.3373040320002	713.560064	cloud-24259	true	19.118517302	10.456062013021437	554.921984	cloud-23979
loop-new/count_by_2.yml	true	ERROR (solver error, after parsing finished)	732.641648342	710.2246961840028	779.087872	cloud-23979	TIMEOUT	990.712831466	968.0130524559936	2067.365888	cloud-23982
loop-new/count_by_k.yml	true	ERROR (verification stuck, after parsing finished)	760.959562433	731.7300737519981	897.531904	cloud-23933	TIMEOUT	990.306775421	973.7341875170241	672.141312	cloud-23933
loop-new/count_by_nondet.yml	true	ERROR (solver error, after parsing finished)	733.195806245	709.5823610610005	743.800832	cloud-23979	TIMEOUT	990.339010031	974.370973261015	993.361920	cloud-23938
loop-new/gauss_sum.i.p+cfa-reducer.yml	true	ERROR (server error, after parsing finished)	24.387173044	13.256974754999646	512.614400	cloud-23933	ERROR (solver error, after parsing finished)	19.840856733	10.823376681015361	530.497536	cloud-23933
loop-new/gauss_sum.i.v+cfa-reducer.yml	true	ERROR (server error, after parsing finished)	19.849349273	10.930302626000412	515.231744	cloud-23933	ERROR (solver error, after parsing finished)	16.260364995	8.95140370997251	467.124224	cloud-23980
loop-new/half.yml	true	true	19.020284722	10.29909573400073	609.124352	cloud-23979	TIMEOUT	990.277789788	977.8484716730018	902.877184	cloud-23980
loop-new/nested-1.yml	true	ERROR (solver error, after parsing finished)	729.125533542	711.2810193580008	770.568192	cloud-23933	TIMEOUT	990.274307362	976.5813893729937	786.120704	cloud-23982
loops-crafted-1/Mono1_1-1.yml	false	ERROR (solver error, after parsing finished)	729.015851019	710.7581546609999	619.819008	cloud-23933	TIMEOUT	990.262859076	975.0576705800195	548.900864	cloud-23938
loops-crafted-1/Mono1_1-2.yml	true	ERROR (solver error, after parsing finished)	729.970426725	709.7603581649964	735.019008	cloud-23979	TIMEOUT	990.274348107	976.529441111983	555.048960	cloud-23938
loops-crafted-1/Mono3_1.yml	false	ERROR (server error, after parsing finished)	52.110163362	41.863507473994105	591.749120	cloud-23979	TIMEOUT	990.207234502	980.5103993609955	594.735104	cloud-23980
loops-crafted-1/Mono4_1.yml	false	ERROR (solver error, after parsing finished)	735.722085326	710.7818435160007	793.300992	cloud-23979	TIMEOUT	990.281292542	973.7636762740149	711.565312	cloud-23933
loops-crafted-1/Mono5_1.yml	false	ERROR (verification stuck, after parsing finished)	740.954451095	722.4609556400028	775.610368	cloud-24259	TIMEOUT	990.236244141	976.5513164300064	597.422080	cloud-23980
loops-crafted-1/Mono6_1.yml	false	ERROR (solver error, after parsing finished)	736.297426507	725.278787318	574.611456	cloud-23979	TIMEOUT	990.256476648	976.606099786004	582.459392	cloud-23938
loops-crafted-1/iftelse.yml	true	true	322.416493735	306.44414577600037	687.054848	cloud-24259	TIMEOUT	990.271332327	977.4131360509782	555.753472	cloud-23933
loops-crafted-1/in-de20.yml	true	ERROR (solver error, after parsing finished)	721.375819933	710.2361366719999	620.122112	cloud-23942	TIMEOUT	990.251019505	977.4705701149942	585.379840	cloud-23938
loops-crafted-1/in-de31.yml	true	ERROR (server error, after parsing finished)	691.424800775	625.7996773	2100.482048	cloud-23933	TIMEOUT	990.246421392	979.0426096079755	605.372416	cloud-23982
loops-crafted-1/in-de32.yml	true	ERROR (solver error, after parsing finished)	725.115327767	711.8011522429952	553.590784	cloud-23933	TIMEOUT	990.251465498	976.7222261889838	612.126720	cloud-23979
loops-crafted-1/in-de41.yml	true	ERROR (solver error, after parsing finished)	730.584760925	711.0484599980045	869.720064	cloud-23933	TIMEOUT	990.210980723	979.9286280089873	647.667712	cloud-23980
loops-crafted-1/in-de42.yml	true	ERROR (solver error, after parsing finished)	720.519587533	709.8888621969963	553.476096	cloud-23979	TIMEOUT	990.283532917	975.1249023109849	601.128960	cloud-23933
loops-crafted-1/in-de52.yml	true	ERROR (solver error, after parsing finished)	722.091343834	709.5102414329999	645.443584	cloud-23979	TIMEOUT	990.277361906	974.7727063450147	583.843840	cloud-23938
loops-crafted-1/in-de61.yml	true	ERROR (solver error, after parsing finished)	741.323013275	712.4061280219976	1410.752512	cloud-24259	TIMEOUT	990.319199546	977.2572104720166	639.537152	cloud-23979
loops-crafted-1/in-de62.yml	true	ERROR (solver error, after parsing finished)	726.613362882	711.1409592709997	629.129216	cloud-23933	TIMEOUT	990.293450724	975.3466180480027	592.928768	cloud-23938
loops-crafted-1/loopv1.yml	true	true	19.733865186	10.733098103002703	596.398080	cloud-23979	TIMEOUT	990.26440787	973.7293120480026	573.829120	cloud-23979
loops-crafted-1/loopv2.yml	true	true	25.62072595	14.008988573004899	561.631232	cloud-23933	TIMEOUT	990.292367964	974.3161227260134	701.370368	cloud-23938
loops-crafted-1/loopv3.yml	true	ERROR (verification stuck, after parsing finished)	756.415865827	731.1774280059981	746.590208	cloud-23941	TIMEOUT	990.270478359	974.4490062900004	621.977600	cloud-23938
loops-crafted-1/mono-crafted_1.yml	true	ERROR (verification stuck, after parsing finished)	856.444645277	829.9890525090013	753.774592	cloud-23933	TIMEOUT	990.2767539	976.8434522550087	1002.311680	cloud-23980
loops-crafted-1/mono-crafted_10.yml	true	ERROR (solver error, after parsing finished)	728.58846916	713.4460856279984	606.724096	cloud-23933	TIMEOUT	990.279238402	975.9227504059963	596.201472	cloud-23979
loops-crafted-1/mono-crafted_11.yml	true	true	24.477076754	14.049423895001382	578.179072	cloud-23933	TIMEOUT	990.306880224	975.4558404739946	584.552448	cloud-23933
loops-crafted-1/mono-crafted_12.yml	true	true	19.944115652	11.215243914994062	601.100288	cloud-23979	TIMEOUT	990.245072026	976.4531085230119	587.894784	cloud-23933
loops-crafted-1/mono-crafted_13.yml	true	ERROR (solver error, after parsing finished)	735.373744257	710.409898647	736.391168	cloud-23933	TIMEOUT	990.262646973	974.4261626560183	857.321472	cloud-23982
loops-crafted-1/mono-crafted_14.yml	true	ERROR (solver error, after parsing finished)	739.754548954	712.8432564110008	669.298688	cloud-23933	TIMEOUT	990.273157592	974.5803006269853	586.006528	cloud-23979
loops-crafted-1/mono-crafted_3.yml	true	ERROR (solver error, after parsing finished)	733.905839249	711.1985702160018	864.665600	cloud-24259	TIMEOUT	990.295119089	977.313751180016	954.208256	cloud-23982
loops-crafted-1/mono-crafted_6.yml	true	ERROR (solver error, after parsing finished)	733.16772561	711.4282269089999	710.385664	cloud-24259	TIMEOUT	990.342985719	973.6810872119968	1119.735808	cloud-23933
loops-crafted-1/mono-crafted_7.yml	true	ERROR (solver error, after parsing finished)	731.073045558	709.2946045799981	777.981952	cloud-23979	TIMEOUT	990.368093759	972.3711972839956	985.309184	cloud-23938
loops-crafted-1/mono-crafted_8.yml	true	ERROR (solver error, after parsing finished)	734.898425526	711.8378132090002	849.076224	cloud-24259	TIMEOUT	990.289758479	977.0472923039924	558.551040	cloud-23933
loops-crafted-1/mono-crafted_9.yml	true	ERROR (solver error, after parsing finished)	734.282427824	710.6179784630003	733.634560	cloud-23933	TIMEOUT	990.264231706	972.0513626320171	721.653760	cloud-23933
loops-crafted-1/nested3-1.yml	true	ERROR (solver error, after parsing finished)	739.065054318	725.3167904509974	635.875328	cloud-23933	TIMEOUT	990.247752092	978.432416523021	662.351872	cloud-23942
loops-crafted-1/nested3-1_abstracted.yml	true	ERROR (server error, after parsing finished)	20.611382866	11.295650387000933	584.957952	cloud-23942	TIMEOUT	990.26109894	976.1821514549956	599.470080	cloud-23938
loops-crafted-1/nested3-2.yml	false	ERROR (verification stuck, after parsing finished)	744.584605079	717.4738849010027	1074.696192	cloud-23979	TIMEOUT	990.214251876	977.2089111449895	573.730816	cloud-23982
loops-crafted-1/nested5-1.yml	true	ERROR (solver error, after parsing finished)	29.791560343	17.995043265997083	555.999232	cloud-24259	true	24.239264131	13.305606617999729	542.273536	cloud-23982
loops-crafted-1/nested5-2.yml	false	ERROR (verification stuck, after parsing finished)	750.635720243	720.6822873419951	957.460480	cloud-23979	TIMEOUT	990.234890532	976.6561007720011	611.561472	cloud-23982
loops-crafted-1/nested_delay_nd.yml	true	ERROR (solver error, after parsing finished)	734.272434962	711.1878781499981	767.696896	cloud-23979	TIMEOUT	990.326814747	975.1049479549984	956.162048	cloud-23933
loops-crafted-1/nested_delay_notd2.yml	false	ERROR (solver error, after parsing finished)	722.623784127	707.675654566	690.155520	cloud-23943	TIMEOUT	990.249886914	974.0270392149978	947.830784	cloud-23982
loops-crafted-1/sum_by_3.yml	true	ERROR (solver error, after parsing finished)	730.551446647	718.5740766720046	593.272832	cloud-23979	TIMEOUT	990.233794876	976.7617895879957	562.679808	cloud-23933
loops-crafted-1/sum_by_3_abstracted.yml	true	true	489.322652852	477.17010664199915	584.167424	cloud-23979	TIMEOUT	990.212123595	976.6075348030136	556.343296	cloud-23980
loops-crafted-1/sumt2.yml	true	true	24.159630462	13.504544711999188	520.368128	cloud-24259	TIMEOUT	990.219260176	978.665128550987	533.544960	cloud-23980
loops-crafted-1/sumt3.yml	true	true	24.009066045	13.768869010003982	518.463488	cloud-24259	TIMEOUT	990.214077027	980.1034003890236	596.119552	cloud-23980
loops-crafted-1/sumt4.yml	true	true	24.035375989	14.468104837999817	507.568128	cloud-23979	TIMEOUT	990.291151508	976.3748316550045	587.030528	cloud-23933
loops-crafted-1/sumt5.yml	true	true	34.673456088	25.1348954770001	549.482496	cloud-23933	TIMEOUT	990.25743155	978.6239643169974	559.394816	cloud-23941
loops-crafted-1/sumt6.yml	true	true	18.197386923	11.687415289998171	571.650048	cloud-23939	TIMEOUT	990.276624316	979.6357035659894	615.911424	cloud-23980
loops-crafted-1/sumt7.yml	true	TIMEOUT (ERROR (inner timeout, after parsing finished))	924.653650702	907.8914775350004	696.107008	cloud-23933	TIMEOUT	990.281763989	977.8754151340108	605.999104	cloud-23980
loops-crafted-1/sumt8.yml	true	ERROR (server error, after parsing finished)	22.93602247	13.531148377000136	584.601600	cloud-23979	TIMEOUT	990.283905373	975.5315631400154	685.203456	cloud-23982
loops-crafted-1/sumt9.yml	true	ERROR (solver error, after parsing finished)	731.39249744	710.3278844320012	1238.855680	cloud-23979	TIMEOUT	990.256043894	978.6522094930115	691.900416	cloud-23980
loops-crafted-1/theatreSquare.yml	true	ERROR (solver error, after parsing finished)	737.696545121	713.1043867239932	788.328448	cloud-24259	TIMEOUT	990.248780693	976.5708883019979	734.171136	cloud-23980
loops-crafted-1/vnew2.yml	true	ERROR (solver error, after parsing finished)	724.03301298	710.8030894459998	716.242944	cloud-23979	TIMEOUT	990.246994221	977.7348759190063	681.172992	cloud-23980
loops-crafted-1/watermelon.yml	true	ERROR (verification stuck, after parsing finished)	798.157306492	770.2619074030008	1016.229888	cloud-23933	TIMEOUT	990.282189797	972.7659926339984	731.541504	cloud-23938
loop-invariants/bin-suffix-5.yml	true	true	21.384238022	11.713589687999047	547.663872	cloud-23979	TIMEOUT	990.327289547	972.9427549169923	1032.462336	cloud-23979
loop-invariants/const.yml	true	true	20.99275181	11.665948836998723	586.743808	cloud-23979	TIMEOUT	990.266174014	976.045313295006	590.770176	cloud-23938
loop-invariants/eq1.yml	true	true	19.493166596	10.768123807999928	532.750336	cloud-23933	TIMEOUT	990.268434743	977.4222347369941	606.371840	cloud-23979
loop-invariants/eq2.yml	true	true	21.781928269	12.18206745399948	580.595712	cloud-23979	TIMEOUT	990.253595448	978.2921118919912	557.821952	cloud-23933
loop-invariants/even.yml	true	true	21.529234178	11.735922890999063	546.381824	cloud-23933	TIMEOUT	990.246683274	975.5356852310069	533.028864	cloud-23938
loop-invariants/linear-inequality-inv-a.yml	true	TIMEOUT (ERROR (solver error, after parsing finished))	972.251912816	712.4837155519999	2070.986752	cloud-24259	TIMEOUT	990.276863767	976.7329713740037	533.536768	cloud-23938
loop-invariants/linear-inequality-inv-c.yml	true	ERROR (solver error, after parsing finished)	726.859270798	712.7475938439998	604.463104	cloud-23933	TIMEOUT	990.301572771	977.1787567179999	581.951488	cloud-23982
loop-invariants/mod4.yml	true	true	20.63495842	11.178196691999801	600.596480	cloud-23933	TIMEOUT	990.27596059	976.6282738079899	559.022080	cloud-23979
loop-invariants/odd.yml	true	true	22.847501767	12.693174714000634	560.304128	cloud-24259	TIMEOUT	990.294232434	975.9567167969944	621.801472	cloud-23979
loop-invariants64/linear-inequality-inv-d.yml	true	ERROR (solver error, after parsing finished)	722.786992279	710.6622623790026	616.697856	cloud-23979	TIMEOUT	990.208590433	980.3562574449752	583.086080	cloud-23980
loop-simple/deep-nested.yml	false	ERROR (solver error, after parsing finished)	731.63259714	714.0981105530009	600.973312	cloud-23933	TIMEOUT	990.258053575	979.9206067310006	665.030656	cloud-23980
loop-simple/nested_3.yml	true	true	65.36017576	50.82942129799994	664.391680	cloud-23933	TIMEOUT	990.268360116	976.9415346480091	800.002048	cloud-23982
loop-simple/nested_4.yml	true	ERROR (solver error, after parsing finished)	732.941523165	710.4718161870042	736.763904	cloud-23933	TIMEOUT	990.339401916	971.7341096139862	763.355136	cloud-23933
loop-simple/nested_5.yml	true	ERROR (solver error, after parsing finished)	728.301746767	709.2373142250008	787.144704	cloud-23979	TIMEOUT	990.42072005	972.752207181009	757.751808	cloud-23979
loop-simple/nested_6.yml	true	ERROR (solver error, after parsing finished)	729.303907388	709.881295924999	694.210560	cloud-24259	TIMEOUT	990.275546127	973.5274448209966	710.529024	cloud-23933
loop-zilu/benchmark02_linear.yml	true	true	22.19577504	12.382871727000747	568.455168	cloud-24259	TIMEOUT	990.347857893	975.7959016310051	1643.261952	cloud-23982
loop-zilu/benchmark04_conjunctive.yml	true	true	23.377211624	12.927824616999715	583.503872	cloud-23933	TIMEOUT	990.579267594	972.7454173790175	2222.444544	cloud-23938
loop-zilu/benchmark05_conjunctive.yml	true	true	18.137545257	9.998748570999851	604.528640	cloud-23979	TIMEOUT	990.299161684	973.8407686929859	1049.128960	cloud-23933
loop-zilu/benchmark09_conjunctive.yml	true	true	22.79347694	12.455707503000212	604.680192	cloud-23933	TIMEOUT	990.387712955	974.2186552599887	1636.532224	cloud-23979
loop-zilu/benchmark17_conjunctive.yml	true	true	20.326736387	11.3901906569954	573.620224	cloud-23979	TIMEOUT	990.506859556	973.3010112060001	2614.173696	cloud-23979
loop-zilu/benchmark18_conjunctive.yml	true	true	24.297558202	13.467050332001236	575.045632	cloud-24259	TIMEOUT	990.40922917	974.7286380729929	1718.251520	cloud-23982
loop-zilu/benchmark19_conjunctive.yml	true	true	19.153114153	10.70789734099526	586.412032	cloud-23979	TIMEOUT	990.483240924	975.2161233369843	2087.129088	cloud-23982
loop-zilu/benchmark34_conjunctive.yml	true	true	22.193483688	12.048946688999422	588.984320	cloud-23979	TIMEOUT	990.472511462	971.8942438200174	2239.385600	cloud-23938
loop-zilu/benchmark37_conjunctive.yml	true	true	19.920947036	11.078734813003393	592.044032	cloud-23979	TIMEOUT	990.404750302	973.5120674299833	1781.293056	cloud-23933
nla-digbench/cohencu-ll.yml	true	ERROR (solver error, after parsing finished)	132.388019231	121.88247292999995	675.008512	cloud-23933	TIMEOUT	990.286883395	974.9354278719984	644.509696	cloud-23979
nla-digbench/cohendiv-ll.yml	true	true	36.026389764	19.802423073000682	668.999680	cloud-24259	ERROR (solver error, after parsing finished)	23.265890196	14.206110207975144	562.057216	cloud-23933
nla-digbench/dijkstra-u.yml	true	ERROR (solver error, after parsing finished)	732.492614202	715.9111685720018	783.855616	cloud-23933	TIMEOUT	990.332056596	973.1198424590111	744.140800	cloud-23933
nla-digbench/divbin.yml	false	ERROR (solver error, after parsing finished)	725.707212128	712.3059027140002	599.461888	cloud-23933	TIMEOUT	990.265035494	977.3550570450025	647.475200	cloud-23980
nla-digbench/divbin2.yml	true	ERROR (solver error, after parsing finished)	31.815911645	19.939315406001697	579.940352	cloud-23933	TIMEOUT	990.237391395	978.9644146359933	628.080640	cloud-23939
nla-digbench/egcd2-ll.yml	true	ERROR (server error, after parsing finished)	27.734607584	15.027700408998498	639.389696	cloud-24259	ERROR (solver error, after parsing finished)	24.077916511	13.905515582009684	653.844480	cloud-23979
nla-digbench/egcd3-ll.yml	true	ERROR (solver error, after parsing finished)	30.041263548	17.791298898002424	655.298560	cloud-23933	TIMEOUT	990.300865414	975.4923985009955	597.364736	cloud-23979
nla-digbench/fermat1-ll.yml	true	ERROR (server error, after parsing finished)	21.509666095	11.661793133000174	672.120832	cloud-23979	ERROR (solver error, after parsing finished)	38.308358958	23.637656596984016	617.148416	cloud-23982
nla-digbench/fermat2-ll.yml	true	ERROR (server error, after parsing finished)	25.936087629	13.905012798000826	636.825600	cloud-23933	ERROR (solver error, after parsing finished)	26.436550994	15.669336033024592	617.820160	cloud-23979
nla-digbench/hard-ll.yml	true	ERROR (verification stuck, after parsing finished)	21.130511184	11.43471419999969	633.610240	cloud-23979	TIMEOUT	990.226540411	977.1024736450054	630.976512	cloud-23982
nla-digbench/hard-u.yml	false	ERROR (solver error, after parsing finished)	115.150084786	105.04844047199731	593.809408	cloud-23979	TIMEOUT	990.325827691	975.9234263009857	830.005248	cloud-23933
nla-digbench/hard2.yml	true	true	27.980470531	15.643219335994218	587.296768	cloud-24259	TIMEOUT	990.357213956	974.0884122449788	631.484416	cloud-23938
nla-digbench/knuth.yml	true	ERROR (solver error, after parsing finished)	716.235475973	708.8761524139991	1151.787008	cloud-23939	TIMEOUT	990.304101081	978.1519360620005	1073.192960	cloud-23933
nla-digbench/lcm1.yml	true	ERROR (server error, after parsing finished)	19.560749023	10.985417185998813	585.342976	cloud-23979	TIMEOUT	990.323914288	975.3724160559941	551.927808	cloud-23938
nla-digbench/prod4br-ll.yml	true	ERROR (server error, after parsing finished)	27.448687353	14.789686967997113	653.430784	cloud-23933	true	100.769986225	86.3193057239987	650.395648	cloud-23938
nla-digbench/prodbin-ll.yml	true	ERROR (server error, after parsing finished)	19.596867666	10.670908242999758	611.446784	cloud-23933	TIMEOUT	990.229820628	974.2362109399983	625.897472	cloud-23982
nla-digbench/ps3-ll.yml	true	ERROR (solver error, after parsing finished)	21.572994136	11.739179240999874	587.132928	cloud-23979	true	28.472092293	15.802591644984204	574.402560	cloud-23982
nla-digbench/ps5-ll.yml	true	ERROR (solver error, after parsing finished)	24.391196028	13.177565171001334	742.203392	cloud-23979	TIMEOUT	990.280251473	972.3284182539792	773.902336	cloud-23938
nla-digbench/ps6-ll.yml	true	ERROR (solver error, after parsing finished)	731.800483349	715.7335800120018	852.807680	cloud-24259	TIMEOUT	990.355374012	972.5669150130125	757.161984	cloud-23933
nla-digbench-scaling/bresenham-ll_unwindbound1.yml	false	false(unreach-call)	25.835433218	13.870396320999134	610.783232	cloud-24259	ERROR (solver error, after parsing finished)	45.872872714	30.804471932002343	595.693568	cloud-23982
nla-digbench-scaling/bresenham-ll_valuebound1.yml	true	ERROR (verification stuck, after parsing finished)	27.716568604	17.449574301999746	631.263232	cloud-23979	ERROR (solver error, after parsing finished)	158.18601064	142.0878648319922	558.465024	cloud-23933
nla-digbench-scaling/bresenham-ll_valuebound10.yml	true	ERROR (verification stuck, after parsing finished)	22.677543809	12.435361941999872	570.011648	cloud-23941	ERROR (solver error, after parsing finished)	98.992636795	87.79058398699271	536.662016	cloud-23933
nla-digbench-scaling/bresenham-ll_valuebound100.yml	true	ERROR (verification stuck, after parsing finished)	29.1083533	16.061129699999583	610.217984	cloud-24259	ERROR (solver error, after parsing finished)	103.251299138	93.4950863700069	557.568000	cloud-23979
nla-digbench-scaling/bresenham-ll_valuebound20.yml	true	ERROR (verification stuck, after parsing finished)	26.157650851	14.181374687999778	579.493888	cloud-23979	ERROR (solver error, after parsing finished)	312.331587816	302.654040444002	613.744640	cloud-23980
nla-digbench-scaling/bresenham-ll_valuebound5.yml	true	ERROR (verification stuck, after parsing finished)	29.621079112	16.411970875000407	641.732608	cloud-23933	ERROR (solver error, after parsing finished)	546.105652487	533.3080813720007	607.113216	cloud-23933
nla-digbench-scaling/bresenham-ll_valuebound50.yml	true	ERROR (verification stuck, after parsing finished)	30.865470256	17.128333574000862	631.320576	cloud-23933	TIMEOUT	990.240319321	975.3207124129985	563.085312	cloud-23938
nla-digbench-scaling/cohencu-ll_unwindbound1.yml	false	ERROR (solver error, after parsing finished)	732.299313917	715.4974947979999	697.942016	cloud-23933	TIMEOUT	990.283763963	971.9663280570239	632.020992	cloud-23938
nla-digbench-scaling/cohencu-ll_unwindbound10.yml	false	ERROR (solver error, after parsing finished)	733.308912109	716.0265858069979	667.389952	cloud-23933	TIMEOUT (ERROR (solver error, after parsing finished))	960.13543752	942.9517823609931	649.478144	cloud-23979
nla-digbench-scaling/cohencu-ll_unwindbound100.yml	false	ERROR (solver error, after parsing finished)	651.746976399	638.1360300840024	698.142720	cloud-23979	TIMEOUT	990.313767785	976.3735603999812	670.498816	cloud-23933
nla-digbench-scaling/cohencu-ll_unwindbound2.yml	false	ERROR (solver error, after parsing finished)	727.825306186	713.3093873990001	718.041088	cloud-23979	TIMEOUT	990.29230535	973.5086892570253	642.969600	cloud-23938
nla-digbench-scaling/cohencu-ll_unwindbound20.yml	false	ERROR (solver error, after parsing finished)	724.355350648	711.4147521350023	688.902144	cloud-23979	TIMEOUT	990.242655889	973.3754153419868	630.800384	cloud-23982
nla-digbench-scaling/cohencu-ll_unwindbound50.yml	false	ERROR (solver error, after parsing finished)	727.11135213	713.0196401599969	669.839360	cloud-23979	TIMEOUT	990.313198226	975.9629873580125	695.017472	cloud-23933
nla-digbench-scaling/cohencu-ll_valuebound10.yml	true	ERROR (solver error, after parsing finished)	62.578220585	53.857434962003026	715.182080	cloud-23943	TIMEOUT	990.292325922	968.3547279250051	657.788928	cloud-23933
nla-digbench-scaling/cohencu-ll_valuebound2.yml	true	ERROR (solver error, after parsing finished)	78.204695643	66.06349211899942	688.685056	cloud-23979	TIMEOUT	990.258778667	973.8301581149863	664.461312	cloud-23938
nla-digbench-scaling/cohencu-ll_valuebound20.yml	true	ERROR (solver error, after parsing finished)	87.051761402	73.08544404099666	688.005120	cloud-23979	TIMEOUT	990.275235801	974.5132876429998	633.135104	cloud-23982
nla-digbench-scaling/cohencu-ll_valuebound5.yml	true	ERROR (solver error, after parsing finished)	75.604603415	63.60370097600389	690.667520	cloud-23979	TIMEOUT	990.260332425	975.108435992006	650.444800	cloud-23933
nla-digbench-scaling/cohencu-ll_valuebound50.yml	true	ERROR (solver error, after parsing finished)	92.844348395	79.13319995900383	714.027008	cloud-24259	TIMEOUT	990.274114165	975.1799151450105	673.591296	cloud-23938
nla-digbench-scaling/cohendiv-ll_valuebound2.yml	true	ERROR (server error, after parsing finished)	22.007064416	11.901971172999765	602.300416	cloud-23933	ERROR (solver error, after parsing finished)	28.335052083	16.316014711017488	570.335232	cloud-23982
nla-digbench-scaling/dijkstra-u_unwindbound1.yml	true	ERROR (solver error, after parsing finished)	723.927121154	711.8112733399998	633.823232	cloud-23979	TIMEOUT	990.293183678	973.6278781860019	728.850432	cloud-23938
nla-digbench-scaling/dijkstra-u_unwindbound10.yml	false	ERROR (solver error, after parsing finished)	728.681311448	714.6174230799998	966.856704	cloud-23933	TIMEOUT	990.356974575	974.1377969119931	1044.086784	cloud-23979
nla-digbench-scaling/dijkstra-u_unwindbound100.yml	false	ERROR (solver error, after parsing finished)	726.020544455	713.1236892050001	792.309760	cloud-24259	TIMEOUT	990.253155091	977.3306182519882	754.135040	cloud-23980
nla-digbench-scaling/dijkstra-u_unwindbound2.yml	true	ERROR (solver error, after parsing finished)	725.13582295	712.4773675959996	800.215040	cloud-23979	TIMEOUT	990.308687439	973.7563555169909	738.623488	cloud-23979
nla-digbench-scaling/dijkstra-u_unwindbound20.yml	false	ERROR (solver error, after parsing finished)	728.953005035	717.8057255210006	2504.626176	cloud-23940	TIMEOUT	990.295676793	977.1196745839843	980.283392	cloud-23982
nla-digbench-scaling/dijkstra-u_unwindbound5.yml	false	ERROR (solver error, after parsing finished)	760.268469144	745.1490594969982	1547.870208	cloud-24259	TIMEOUT	990.3077852	973.1359456930077	966.037504	cloud-23979
nla-digbench-scaling/dijkstra-u_unwindbound50.yml	false	ERROR (solver error, after parsing finished)	726.75129398	712.965627030997	687.624192	cloud-23979	TIMEOUT	990.317699722	975.1944622499868	764.907520	cloud-23979
nla-digbench-scaling/dijkstra-u_valuebound1.yml	true	ERROR (solver error, after parsing finished)	727.811909025	713.3008917159968	754.233344	cloud-23933	TIMEOUT	990.269896174	978.1497760209895	714.915840	cloud-23980
nla-digbench-scaling/dijkstra-u_valuebound10.yml	true	ERROR (solver error, after parsing finished)	732.176807057	715.5365662750046	976.228352	cloud-23933	TIMEOUT	990.297215611	974.5351535690133	720.502784	cloud-23933
nla-digbench-scaling/dijkstra-u_valuebound100.yml	true	ERROR (solver error, after parsing finished)	727.705943928	713.3127324919988	693.223424	cloud-23979	TIMEOUT	990.276146287	978.349215905997	699.613184	cloud-23980
nla-digbench-scaling/dijkstra-u_valuebound2.yml	true	ERROR (solver error, after parsing finished)	729.907381404	714.3899170520003	691.388416	cloud-23933	TIMEOUT	990.29968106	973.2787710310076	773.689344	cloud-23933
nla-digbench-scaling/dijkstra-u_valuebound20.yml	true	ERROR (solver error, after parsing finished)	727.775189757	714.0407938509998	759.500800	cloud-23979	TIMEOUT	990.28320338	973.4289075649867	696.160256	cloud-23933
nla-digbench-scaling/dijkstra-u_valuebound5.yml	true	ERROR (solver error, after parsing finished)	727.921517919	713.8129492970002	1058.426880	cloud-23979	TIMEOUT	990.234043732	975.5471017480013	747.634688	cloud-23982
nla-digbench-scaling/dijkstra-u_valuebound50.yml	true	ERROR (solver error, after parsing finished)	723.036090195	711.4674271679996	673.685504	cloud-23979	TIMEOUT	990.294427484	974.746000034007	710.955008	cloud-23979
nla-digbench-scaling/divbin2_unwindbound1.yml	true	ERROR (solver error, after parsing finished)	96.342000322	85.0641603759941	569.016320	cloud-23933	TIMEOUT	990.238897718	979.8781324189913	611.475456	cloud-23980
nla-digbench-scaling/divbin2_unwindbound10.yml	true	ERROR (solver error, after parsing finished)	51.102975815	40.73743163399922	576.270336	cloud-23933	TIMEOUT	990.289226846	977.211220415018	598.097920	cloud-23933
nla-digbench-scaling/divbin2_unwindbound100.yml	true	ERROR (solver error, after parsing finished)	64.821352107	55.62138013100048	567.996416	cloud-23979	TIMEOUT	990.238437455	977.2824084850145	610.172928	cloud-23982
nla-digbench-scaling/divbin2_unwindbound2.yml	true	ERROR (solver error, after parsing finished)	29.351363446	19.16177021099429	574.648320	cloud-24259	TIMEOUT	990.261638909	976.8377905529924	698.818560	cloud-23982
nla-digbench-scaling/divbin2_unwindbound20.yml	true	ERROR (solver error, after parsing finished)	723.24271317	712.1520035020003	579.248128	cloud-23979	TIMEOUT	990.317252077	975.9992844089866	833.912832	cloud-23938
nla-digbench-scaling/divbin2_unwindbound5.yml	true	ERROR (solver error, after parsing finished)	27.954380035	17.445633750001434	580.067328	cloud-23933	TIMEOUT	990.22690964	977.6859199690225	549.617664	cloud-23980
nla-digbench-scaling/divbin2_unwindbound50.yml	true	ERROR (solver error, after parsing finished)	129.29651481	117.83528620099969	575.696896	cloud-23933	TIMEOUT	990.233801847	979.0980670790013	558.866432	cloud-23933
nla-digbench-scaling/divbin2_valuebound1.yml	true	ERROR (solver error, after parsing finished)	727.713151272	713.7694123050005	595.087360	cloud-23933	TIMEOUT	990.224884105	977.7806642199866	737.382400	cloud-23982
nla-digbench-scaling/divbin2_valuebound10.yml	true	ERROR (solver error, after parsing finished)	725.161046792	712.1472388040002	605.409280	cloud-23933	TIMEOUT	990.277620808	975.7736248039873	619.347968	cloud-23933
nla-digbench-scaling/divbin2_valuebound100.yml	true	ERROR (solver error, after parsing finished)	33.345073384	24.3028991459978	575.741952	cloud-23979	TIMEOUT	990.281954284	976.4708389580192	609.800192	cloud-23979
nla-digbench-scaling/divbin2_valuebound2.yml	true	ERROR (solver error, after parsing finished)	67.284938099	56.56238219399529	588.111872	cloud-23933	TIMEOUT	990.246405519	975.942397413979	638.058496	cloud-23933
nla-digbench-scaling/divbin2_valuebound20.yml	true	ERROR (solver error, after parsing finished)	45.129683428	35.25441304599735	531.857408	cloud-23933	TIMEOUT	990.326889773	976.5566536060069	739.307520	cloud-23979
nla-digbench-scaling/divbin2_valuebound5.yml	true	ERROR (solver error, after parsing finished)	26.482588641	16.54979437399743	591.187968	cloud-23979	TIMEOUT	990.289648402	976.3310270770162	627.941376	cloud-23979
nla-digbench-scaling/divbin2_valuebound50.yml	true	ERROR (solver error, after parsing finished)	728.480279397	713.8700128280034	583.213056	cloud-23933	TIMEOUT	990.251352692	976.0021535159904	601.931776	cloud-23982
nla-digbench-scaling/divbin_unwindbound1.yml	true	ERROR (solver error, after parsing finished)	56.920524759	44.76897487699989	607.027200	cloud-23933	TIMEOUT	990.287124755	974.1594054779853	637.554688	cloud-23938
nla-digbench-scaling/divbin_valuebound1.yml	true	ERROR (solver error, after parsing finished)	26.256500761	14.428191725994111	640.208896	cloud-23933	TIMEOUT	990.266762978	974.1973396459944	546.095104	cloud-23933
nla-digbench-scaling/divbin_valuebound10.yml	true	ERROR (solver error, after parsing finished)	40.056875805	29.559455534000335	590.573568	cloud-23933	TIMEOUT	990.328905703	969.4357365809847	675.467264	cloud-23938
nla-digbench-scaling/divbin_valuebound2.yml	true	ERROR (solver error, after parsing finished)	122.468539553	112.31008338399988	599.343104	cloud-23979	TIMEOUT (ERROR (solver error, after parsing finished))	922.768351474	908.4446529580164	644.542464	cloud-23982
nla-digbench-scaling/divbin_valuebound20.yml	true	ERROR (solver error, after parsing finished)	234.491963765	225.4112401149996	590.942208	cloud-23979	TIMEOUT	990.24848211	977.9020883189805	638.812160	cloud-23980
nla-digbench-scaling/divbin_valuebound5.yml	true	ERROR (solver error, after parsing finished)	202.489794797	190.8885948510001	593.776640	cloud-23979	TIMEOUT	990.268774964	976.3908434440091	652.505088	cloud-23979
nla-digbench-scaling/egcd-ll_unwindbound1.yml	false	ERROR (solver error, after parsing finished)	486.287800212	471.86161854700003	631.599104	cloud-23933	false(unreach-call)	35.703743235	24.41100860698498	621.600768	cloud-23980
nla-digbench-scaling/egcd-ll_unwindbound10.yml	false	ERROR (solver error, after parsing finished)	725.402075256	711.8057480580028	630.956032	cloud-23979	TIMEOUT	990.29589313	974.3469372230174	625.729536	cloud-23979
nla-digbench-scaling/egcd-ll_unwindbound100.yml	false	ERROR (solver error, after parsing finished)	425.899011149	410.3930200320028	605.925376	cloud-24259	TIMEOUT	990.296147598	973.7358078869875	611.635200	cloud-23933
nla-digbench-scaling/egcd-ll_unwindbound20.yml	false	ERROR (solver error, after parsing finished)	226.153955795	211.52533878300164	631.775232	cloud-23933	TIMEOUT	990.278700172	974.3778925200168	718.630912	cloud-23938
nla-digbench-scaling/egcd-ll_unwindbound50.yml	false	ERROR (solver error, after parsing finished)	87.403849227	74.41832125999645	647.143424	cloud-23933	TIMEOUT	990.291366391	973.8570044549997	574.021632	cloud-23982
nla-digbench-scaling/egcd-ll_valuebound1.yml	true	true	24.922218504	13.687003648999962	634.433536	cloud-23979	ERROR (solver error, after parsing finished)	282.764903687	269.1463583660079	587.862016	cloud-23982
nla-digbench-scaling/egcd-ll_valuebound10.yml	true	ERROR (solver error, after parsing finished)	35.306809611	19.322290326000257	627.122176	cloud-23933	true	34.310601238	22.700995502003934	601.415680	cloud-23979
nla-digbench-scaling/egcd-ll_valuebound100.yml	true	ERROR (solver error, after parsing finished)	57.585794445	44.93595258500045	628.568064	cloud-23933	true	37.094697338	24.039748434996	599.076864	cloud-23938
nla-digbench-scaling/egcd-ll_valuebound20.yml	true	ERROR (solver error, after parsing finished)	34.6192237	19.298508873999708	618.098688	cloud-23933	true	34.950677211	23.030101759999525	578.473984	cloud-23979
nla-digbench-scaling/egcd-ll_valuebound5.yml	true	ERROR (solver error, after parsing finished)	34.681315965	18.83994356799667	634.802176	cloud-23933	true	35.92185865	25.23380652401829	638.750720	cloud-23980
nla-digbench-scaling/egcd-ll_valuebound50.yml	true	ERROR (solver error, after parsing finished)	44.354335387	29.59535982599482	623.419392	cloud-23933	true	42.9544275	29.018025390978437	620.425216	cloud-23933
nla-digbench-scaling/egcd2-ll_unwindbound10.yml	false	ERROR (server error, after parsing finished)	25.099813452	13.49966243200015	648.577024	cloud-23979	TIMEOUT	990.296495597	974.182265890995	625.651712	cloud-23979
nla-digbench-scaling/egcd2-ll_unwindbound100.yml	false	ERROR (server error, after parsing finished)	29.775188367	16.115220273000887	638.832640	cloud-24259	TIMEOUT	990.262953421	976.5973332349968	594.202624	cloud-23933
nla-digbench-scaling/egcd2-ll_unwindbound20.yml	false	ERROR (server error, after parsing finished)	28.959693676	15.64576644400222	632.856576	cloud-23933	TIMEOUT	990.263290389	974.8966860980145	599.216128	cloud-23933
nla-digbench-scaling/egcd2-ll_unwindbound5.yml	false	ERROR (server error, after parsing finished)	26.630089491	14.455628505998902	606.912512	cloud-24259	TIMEOUT	990.229040722	978.3262169969967	622.120960	cloud-23980
nla-digbench-scaling/egcd2-ll_unwindbound50.yml	false	ERROR (server error, after parsing finished)	28.828356847	15.402990063999823	614.658048	cloud-23933	TIMEOUT	990.279094868	974.7822494139837	630.874112	cloud-23980
nla-digbench-scaling/egcd2-ll_valuebound1.yml	true	ERROR (server error, after parsing finished)	28.903256552	15.845145715000399	609.357824	cloud-24259	TIMEOUT	990.336912913	974.2778630559915	746.496000	cloud-23933
nla-digbench-scaling/egcd2-ll_valuebound10.yml	true	ERROR (server error, after parsing finished)	27.316678452	14.668280988000333	618.299392	cloud-23933	TIMEOUT	990.269048029	975.4948805150052	678.031360	cloud-23982
nla-digbench-scaling/egcd2-ll_valuebound100.yml	true	ERROR (server error, after parsing finished)	24.764726109	13.353227081999648	648.331264	cloud-23933	TIMEOUT	990.317919759	973.5298936439794	714.629120	cloud-23938
nla-digbench-scaling/egcd2-ll_valuebound2.yml	true	ERROR (server error, after parsing finished)	27.603908481	15.242502944001899	635.797504	cloud-24259	TIMEOUT	990.376731016	973.3899980439746	902.598656	cloud-23938
nla-digbench-scaling/egcd2-ll_valuebound20.yml	true	ERROR (solver error, after parsing finished)	22.321578503	12.181585613998323	651.964416	cloud-23979	TIMEOUT	990.306910456	973.8588598950009	723.501056	cloud-23938
nla-digbench-scaling/egcd2-ll_valuebound5.yml	true	ERROR (server error, after parsing finished)	25.837241247	13.970373623997148	582.017024	cloud-23933	TIMEOUT	990.293590193	972.8652138149773	729.583616	cloud-23938
nla-digbench-scaling/egcd2-ll_valuebound50.yml	true	ERROR (server error, after parsing finished)	20.642262559	11.286563980999745	631.398400	cloud-23979	TIMEOUT	990.286541707	973.8913746240141	697.008128	cloud-23933
nla-digbench-scaling/egcd3-ll_unwindbound100.yml	false	ERROR (solver error, after parsing finished)	49.862355717	37.71080247300415	637.829120	cloud-24259	TIMEOUT	990.234013114	975.6654643410002	608.260096	cloud-23982
nla-digbench-scaling/egcd3-ll_valuebound1.yml	true	ERROR (solver error, after parsing finished)	26.15549632	15.454588284002966	646.361088	cloud-23979	TIMEOUT	990.225252245	976.9989165709994	551.014400	cloud-23982
nla-digbench-scaling/egcd3-ll_valuebound10.yml	true	ERROR (solver error, after parsing finished)	31.688175793	18.697959814002388	616.624128	cloud-24259	TIMEOUT	990.311117446	973.7462888010195	699.396096	cloud-23938
nla-digbench-scaling/egcd3-ll_valuebound100.yml	true	ERROR (solver error, after parsing finished)	27.937593816	16.640742054999464	653.217792	cloud-23979	TIMEOUT	990.235794204	975.6760679710133	701.468672	cloud-23982
nla-digbench-scaling/egcd3-ll_valuebound20.yml	true	ERROR (solver error, after parsing finished)	26.542433857	15.56005053699846	646.189056	cloud-23979	TIMEOUT	990.278195119	975.3137499620207	682.672128	cloud-23938
nla-digbench-scaling/egcd3-ll_valuebound5.yml	true	ERROR (solver error, after parsing finished)	29.092078122	17.20211710600006	653.565952	cloud-23933	TIMEOUT	990.296824901	974.9138879469829	709.292032	cloud-23979
nla-digbench-scaling/egcd3-ll_valuebound50.yml	true	ERROR (solver error, after parsing finished)	30.089036832	17.772430518001784	593.022976	cloud-23933	TIMEOUT	990.308256354	974.2306812549941	716.337152	cloud-23933
nla-digbench-scaling/fermat1-ll_valuebound1.yml	true	ERROR (server error, after parsing finished)	29.134154237	15.423496714996872	653.152256	cloud-23933	true	25.528807588	14.09274141601054	630.910976	cloud-23982
nla-digbench-scaling/fermat1-ll_valuebound10.yml	true	ERROR (server error, after parsing finished)	27.685675653	14.874659314002201	661.004288	cloud-23979	true	27.042813181	14.542251765000401	624.349184	cloud-23980
nla-digbench-scaling/fermat1-ll_valuebound100.yml	true	ERROR (server error, after parsing finished)	27.454433113	14.665920010003902	647.446528	cloud-24259	true	25.771795201	14.037534189992584	651.526144	cloud-23979
nla-digbench-scaling/fermat1-ll_valuebound2.yml	true	ERROR (server error, after parsing finished)	26.98531127	14.420017300999461	641.359872	cloud-23933	true	25.975518674	14.222319296997739	680.669184	cloud-23933
nla-digbench-scaling/fermat1-ll_valuebound20.yml	true	ERROR (server error, after parsing finished)	31.070499896	16.763497640000423	681.635840	cloud-24259	true	28.353413291	15.52919868499157	612.827136	cloud-23938
nla-digbench-scaling/fermat1-ll_valuebound5.yml	true	ERROR (server error, after parsing finished)	27.123425791	14.530756148999899	686.985216	cloud-23979	true	27.0411877	14.849869647005107	650.743808	cloud-23979
nla-digbench-scaling/fermat1-ll_valuebound50.yml	true	ERROR (server error, after parsing finished)	22.073012699	11.978857152003911	730.177536	cloud-23979	true	24.810509521	13.665466125996318	607.145984	cloud-23980
nla-digbench-scaling/fermat2-ll_valuebound1.yml	true	ERROR (server error, after parsing finished)	28.480821181	15.144892405001883	659.410944	cloud-23933	true	28.906543803	15.620761692000087	593.076224	cloud-23938
nla-digbench-scaling/fermat2-ll_valuebound10.yml	true	ERROR (server error, after parsing finished)	30.261505504	16.503478089995042	657.522688	cloud-24259	true	29.728720934	16.191205415001605	628.625408	cloud-23982
nla-digbench-scaling/fermat2-ll_valuebound100.yml	true	ERROR (server error, after parsing finished)	23.035129578	12.549605548996624	649.596928	cloud-23933	true	30.60433711	16.634960336989025	587.960320	cloud-23938
nla-digbench-scaling/fermat2-ll_valuebound2.yml	true	ERROR (server error, after parsing finished)	24.601849917	13.183627553000406	684.867584	cloud-23979	true	27.918576342	15.004801506991498	633.815040	cloud-23933
nla-digbench-scaling/fermat2-ll_valuebound20.yml	true	ERROR (server error, after parsing finished)	21.448677542	11.812337997000213	633.552896	cloud-23979	true	23.836077178	13.163923646992771	672.071680	cloud-23980
nla-digbench-scaling/fermat2-ll_valuebound5.yml	true	ERROR (server error, after parsing finished)	24.88643002	13.515029477999633	650.153984	cloud-23933	true	27.177351052	14.774726296018343	753.180672	cloud-23933
nla-digbench-scaling/fermat2-ll_valuebound50.yml	true	ERROR (server error, after parsing finished)	28.080280808	15.208833300996048	652.673024	cloud-23933	true	28.795774284	15.424394959991332	645.201920	cloud-23933
nla-digbench-scaling/freire1_valuebound1.yml	true	ERROR (server error, after parsing finished)	215.731092363	205.46731676799936	854.798336	cloud-23933	TIMEOUT	990.363638968	977.5752906470152	1157.550080	cloud-23979
nla-digbench-scaling/freire1_valuebound10.yml	true	ERROR (server error, after parsing finished)	167.898821975	159.70195322899963	847.777792	cloud-23979	TIMEOUT	990.420792331	977.2712310439965	1151.299584	cloud-23933
nla-digbench-scaling/freire1_valuebound100.yml	true	ERROR (server error, after parsing finished)	203.054574521	192.89786640899547	831.610880	cloud-24259	TIMEOUT	990.328041712	977.457272086991	1182.822400	cloud-23979
nla-digbench-scaling/freire1_valuebound2.yml	true	ERROR (server error, after parsing finished)	205.321442878	194.24523399700047	882.827264	cloud-23933	TIMEOUT	990.337571578	974.5835434950131	1117.896704	cloud-23933
nla-digbench-scaling/freire1_valuebound20.yml	true	ERROR (server error, after parsing finished)	237.944491964	227.08714327000052	864.075776	cloud-24259	TIMEOUT	990.351244195	976.7298264970013	1123.524608	cloud-23982
nla-digbench-scaling/freire1_valuebound5.yml	true	ERROR (server error, after parsing finished)	204.446041544	194.36968207999598	848.236544	cloud-23979	TIMEOUT	990.252167498	980.0815368029871	1168.023552	cloud-23982
nla-digbench-scaling/freire1_valuebound50.yml	true	ERROR (server error, after parsing finished)	282.228261656	272.1047817260005	839.127040	cloud-23933	TIMEOUT	990.325724976	978.1526195259939	1182.322688	cloud-23982
nla-digbench-scaling/freire2_valuebound1.yml	false	ERROR (server error, after parsing finished)	685.817612809	672.1886650910019	923.652096	cloud-24259	TIMEOUT	990.302169432	976.432530436985	1061.416960	cloud-23938
nla-digbench-scaling/freire2_valuebound10.yml	false	ERROR (server error, after parsing finished)	595.362436112	585.0119593819982	914.219008	cloud-23979	TIMEOUT	990.34034404	977.8247283119999	1001.541632	cloud-23982
nla-digbench-scaling/freire2_valuebound100.yml	false	ERROR (server error, after parsing finished)	605.799493467	594.9734623120021	949.694464	cloud-24259	TIMEOUT	990.318187365	976.8650207930186	1203.519488	cloud-23979
nla-digbench-scaling/freire2_valuebound2.yml	false	ERROR (server error, after parsing finished)	710.543453106	698.870920677	948.690944	cloud-23933	TIMEOUT	990.29825283	978.6910282780009	1071.136768	cloud-23980
nla-digbench-scaling/freire2_valuebound20.yml	false	ERROR (server error, after parsing finished)	596.847232149	585.3276142379982	862.818304	cloud-23979	TIMEOUT	990.406105123	975.3742752970138	1054.756864	cloud-23933
nla-digbench-scaling/freire2_valuebound5.yml	false	ERROR (solver error, after parsing finished)	723.064233327	712.5363624140009	774.160384	cloud-24259	TIMEOUT	990.358348701	976.8037118240027	1106.472960	cloud-23938
nla-digbench-scaling/freire2_valuebound50.yml	false	ERROR (server error, after parsing finished)	478.71115397	468.4446837249998	899.416064	cloud-23979	TIMEOUT	990.345607959	977.0993922439811	1158.311936	cloud-23933
nla-digbench-scaling/geo1-ll2_unwindbound1.yml	true	ERROR (server error, after parsing finished)	18.671674471	10.175663864999933	595.443712	cloud-23979	true	21.516629141	12.000326342007611	514.338816	cloud-23982
nla-digbench-scaling/geo1-ll_unwindbound1.yml	true	ERROR (solver error, after parsing finished)	18.697094175	10.114738183001464	586.489856	cloud-23979	TIMEOUT	990.274377929	977.5884037860087	562.536448	cloud-23982
nla-digbench-scaling/geo1-ll_unwindbound10.yml	true	ERROR (solver error, after parsing finished)	720.979270653	709.9568221120026	536.887296	cloud-23979	TIMEOUT	990.22882745	979.1071411579906	669.405184	cloud-23980
nla-digbench-scaling/geo1-ll_unwindbound100.yml	true	ERROR (solver error, after parsing finished)	723.736827209	711.4092620010051	599.646208	cloud-23933	TIMEOUT	990.264051589	977.3579002569895	586.371072	cloud-23982
nla-digbench-scaling/geo1-ll_unwindbound2.yml	true	ERROR (solver error, after parsing finished)	23.492635009	13.000520976995176	559.185920	cloud-24259	TIMEOUT	990.311526641	974.5912379790097	532.705280	cloud-23938
nla-digbench-scaling/geo1-ll_unwindbound20.yml	true	ERROR (solver error, after parsing finished)	727.141289319	713.2523890239995	598.528000	cloud-23933	TIMEOUT	990.286697475	974.4087966280058	595.132416	cloud-23938
nla-digbench-scaling/geo1-ll_unwindbound5.yml	true	ERROR (solver error, after parsing finished)	726.865749128	712.8341040180003	569.933824	cloud-23933	TIMEOUT	990.220062375	978.8480749389855	531.427328	cloud-23980
nla-digbench-scaling/geo1-ll_valuebound1.yml	true	ERROR (server error, after parsing finished)	19.379473646	10.444228389998898	582.078464	cloud-23979	true	21.243911939	11.478356301988242	518.004736	cloud-23982
nla-digbench-scaling/geo1-ll_valuebound10.yml	true	ERROR (server error, after parsing finished)	24.115255336	13.050810979002563	595.525632	cloud-23933	true	19.453429493	10.656303903990192	569.683968	cloud-23980
nla-digbench-scaling/geo1-ll_valuebound100.yml	true	ERROR (solver error, after parsing finished)	131.646341774	119.8973430449987	591.036416	cloud-24259	TIMEOUT	990.259034779	974.5212031640112	623.558656	cloud-23938
nla-digbench-scaling/geo1-ll_valuebound2.yml	true	ERROR (server error, after parsing finished)	26.115554393	14.340698594001879	570.220544	cloud-23933	true	19.70734082	10.788596633006819	565.960704	cloud-23939
nla-digbench-scaling/geo1-ll_valuebound20.yml	true	ERROR (solver error, after parsing finished)	128.936058973	117.1702132169994	586.305536	cloud-24259	TIMEOUT	990.22584931	976.5886155109911	734.687232	cloud-23982
nla-digbench-scaling/geo1-ll_valuebound5.yml	true	ERROR (server error, after parsing finished)	21.323150333	11.759481219996815	589.754368	cloud-23933	true	22.976502901	12.549116532987682	518.160384	cloud-23980
nla-digbench-scaling/geo1-ll_valuebound50.yml	true	ERROR (solver error, after parsing finished)	115.036075195	104.55888652800058	574.484480	cloud-23979	TIMEOUT	990.227795462	976.034826017014	570.699776	cloud-23938
nla-digbench-scaling/geo1-u_unwindbound1.yml	false	ERROR (solver error, after parsing finished)	721.304642799	710.6691464540017	549.289984	cloud-23979	TIMEOUT	990.244223142	980.2710656159907	624.881664	cloud-23980
nla-digbench-scaling/geo1-u_unwindbound10.yml	false	ERROR (solver error, after parsing finished)	720.3093575	710.26978211	527.749120	cloud-23979	TIMEOUT	990.270398253	977.136354590999	562.376704	cloud-23982
nla-digbench-scaling/geo1-u_unwindbound100.yml	false	ERROR (solver error, after parsing finished)	721.706023047	710.1934943390006	560.504832	cloud-23979	TIMEOUT	990.393442133	975.535777557001	1160.347648	cloud-23938
nla-digbench-scaling/geo1-u_unwindbound2.yml	false	ERROR (solver error, after parsing finished)	400.408782185	388.3908695549999	529.903616	cloud-23933	TIMEOUT	990.2262268	978.3191036520002	698.015744	cloud-23982
nla-digbench-scaling/geo1-u_unwindbound20.yml	false	ERROR (solver error, after parsing finished)	723.512083921	711.5137849379971	543.576064	cloud-23979	TIMEOUT	990.208561528	978.1006251500221	591.499264	cloud-23982
nla-digbench-scaling/geo1-u_unwindbound5.yml	false	ERROR (solver error, after parsing finished)	722.406311028	711.6279486740004	578.338816	cloud-23979	TIMEOUT	990.299927996	977.4638509269862	550.428672	cloud-23982
nla-digbench-scaling/geo1-u_unwindbound50.yml	false	ERROR (solver error, after parsing finished)	721.707386348	710.4686818990012	577.167360	cloud-23979	TIMEOUT	990.242604094	978.3711584400153	556.134400	cloud-23980
nla-digbench-scaling/geo1-u_valuebound100.yml	false	ERROR (solver error, after parsing finished)	724.793311625	711.855003120003	548.831232	cloud-23933	false(unreach-call)	57.002143871	43.08989086301881	538.980352	cloud-23982
nla-digbench-scaling/geo1-u_valuebound20.yml	false	ERROR (solver error, after parsing finished)	27.789796875	16.301785626998026	605.904896	cloud-23933	false(unreach-call)	27.521914515	16.673671671014745	516.034560	cloud-23933
nla-digbench-scaling/geo1-u_valuebound50.yml	false	ERROR (solver error, after parsing finished)	513.878381792	502.9849182329999	585.138176	cloud-24259	false(unreach-call)	24.386307299	14.008677020989126	567.971840	cloud-23980
nla-digbench-scaling/geo2-ll_unwindbound1.yml	true	ERROR (solver error, after parsing finished)	723.79180814	712.1188041159985	578.228224	cloud-23933	TIMEOUT	990.269597047	975.7978243739926	550.539264	cloud-23982
nla-digbench-scaling/geo2-ll_unwindbound10.yml	true	ERROR (solver error, after parsing finished)	175.767033836	164.64781492700013	536.936448	cloud-23933	TIMEOUT	990.214206624	978.9286233670136	590.118912	cloud-23982
nla-digbench-scaling/geo2-ll_unwindbound100.yml	true	ERROR (solver error, after parsing finished)	724.043247593	711.8373911970011	570.425344	cloud-23979	TIMEOUT	990.249513988	978.0375075429911	590.184448	cloud-23979
nla-digbench-scaling/geo2-ll_unwindbound20.yml	true	ERROR (solver error, after parsing finished)	719.477065491	710.2433842689934	538.906624	cloud-24259	TIMEOUT	990.316870899	976.2832888519915	604.426240	cloud-23933
nla-digbench-scaling/geo2-ll_unwindbound5.yml	true	ERROR (solver error, after parsing finished)	725.104826417	713.0328851509985	537.665536	cloud-24259	TIMEOUT	990.28721188	977.0056002150232	541.532160	cloud-23982
nla-digbench-scaling/geo2-ll_unwindbound50.yml	true	ERROR (solver error, after parsing finished)	721.802192114	710.4416352359985	571.899904	cloud-23979	TIMEOUT	990.278319492	976.229333936004	508.780544	cloud-23938
nla-digbench-scaling/geo2-ll_valuebound100.yml	true	ERROR (solver error, after parsing finished)	23.843770461	14.671636261002277	551.948288	cloud-23933	TIMEOUT	990.251360138	975.3268322889926	570.707968	cloud-23933
nla-digbench-scaling/geo2-ll_valuebound50.yml	true	ERROR (solver error, after parsing finished)	29.674422395	17.18863378199967	564.731904	cloud-24259	TIMEOUT	990.251145253	976.2384161390073	630.456320	cloud-23933
nla-digbench-scaling/geo3-ll_unwindbound1.yml	true	ERROR (solver error, after parsing finished)	723.751830913	712.0759251510026	540.569600	cloud-24259	TIMEOUT	990.26998363	975.1794405379915	556.924928	cloud-23933
nla-digbench-scaling/geo3-ll_unwindbound10.yml	true	ERROR (solver error, after parsing finished)	601.180199109	590.1948898219998	537.489408	cloud-23979	TIMEOUT	990.286512962	975.9195695770031	509.149184	cloud-23979
nla-digbench-scaling/geo3-ll_unwindbound20.yml	true	ERROR (solver error, after parsing finished)	725.462829479	712.3357106459989	568.434688	cloud-23933	TIMEOUT	990.262663721	977.9402142019826	534.183936	cloud-23979
nla-digbench-scaling/geo3-ll_unwindbound5.yml	true	ERROR (solver error, after parsing finished)	723.218391063	711.1312873159986	541.351936	cloud-23933	TIMEOUT	990.222845174	978.9020800720027	509.317120	cloud-23943
nla-digbench-scaling/geo3-ll_valuebound1.yml	true	ERROR (server error, after parsing finished)	20.474919223	11.058203282998875	586.256384	cloud-23933	true	24.96190587	13.910939930996392	556.027904	cloud-23938
nla-digbench-scaling/geo3-ll_valuebound10.yml	true	ERROR (server error, after parsing finished)	20.620958783	11.418734847999986	543.420416	cloud-23979	true	23.169352178	12.954792175994953	557.027328	cloud-23982
nla-digbench-scaling/geo3-ll_valuebound100.yml	true	ERROR (server error, after parsing finished)	42.237023559	31.798394108001958	591.273984	cloud-23933	TIMEOUT	990.301868072	975.5673296210007	625.315840	cloud-23982
nla-digbench-scaling/geo3-ll_valuebound2.yml	true	ERROR (server error, after parsing finished)	18.195165149	10.044628818000092	588.668928	cloud-23979	true	21.659577691	11.90441699398798	560.443392	cloud-23933
nla-digbench-scaling/geo3-ll_valuebound20.yml	true	ERROR (solver error, after parsing finished)	21.665062503	11.911731200999839	590.950400	cloud-23933	TIMEOUT	990.591901155	976.7161242929869	3567.882240	cloud-23979
nla-digbench-scaling/geo3-ll_valuebound5.yml	true	ERROR (server error, after parsing finished)	18.997821872	10.391428818998975	587.214848	cloud-23979	true	20.972742747	11.667998378019547	562.593792	cloud-23982
nla-digbench-scaling/geo3-ll_valuebound50.yml	true	ERROR (server error, after parsing finished)	107.646868882	98.1800327979945	595.664896	cloud-23979	TIMEOUT	990.267920497	974.803342159983	612.257792	cloud-23938
nla-digbench-scaling/hard-ll_unwindbound10.yml	false	ERROR (verification stuck, after parsing finished)	29.718088013	16.152589814002567	650.035200	cloud-23933	TIMEOUT	990.291327684	974.5018596659938	690.638848	cloud-23933
nla-digbench-scaling/hard-ll_unwindbound100.yml	false	ERROR (verification stuck, after parsing finished)	27.119663843	14.927389488999324	614.866944	cloud-23933	ERROR (solver error, after parsing finished)	141.485565306	129.37907387400628	605.687808	cloud-23938
nla-digbench-scaling/hard-ll_unwindbound20.yml	false	ERROR (verification stuck, after parsing finished)	28.841806185	15.663445845999377	643.432448	cloud-24259	ERROR (solver error, after parsing finished)	148.059116911	136.52861768202274	590.741504	cloud-23980
nla-digbench-scaling/hard-ll_unwindbound5.yml	false	ERROR (verification stuck, after parsing finished)	29.107811211	15.910395424994931	582.815744	cloud-23933	ERROR (solver error, after parsing finished)	65.440157776	55.536105679988395	643.014656	cloud-23933
nla-digbench-scaling/hard-ll_unwindbound50.yml	false	ERROR (verification stuck, after parsing finished)	25.630656359	13.764991282005212	650.641408	cloud-23979	TIMEOUT	990.274076072	974.9064364910009	693.030912	cloud-23938
nla-digbench-scaling/hard-ll_valuebound1.yml	true	ERROR (server error, after parsing finished)	21.380592754	11.589773798999886	633.348096	cloud-23933	TIMEOUT	990.287129413	975.0347667270107	670.396416	cloud-23979
nla-digbench-scaling/hard-ll_valuebound10.yml	true	ERROR (server error, after parsing finished)	26.056679005	13.960750543999893	565.002240	cloud-23933	TIMEOUT	990.245104875	975.8817765759886	680.005632	cloud-23982
nla-digbench-scaling/hard-ll_valuebound100.yml	true	ERROR (server error, after parsing finished)	25.608687744	13.8482061560062	593.113088	cloud-24259	TIMEOUT	990.29455961	975.3423708319897	654.123008	cloud-23933
nla-digbench-scaling/hard-ll_valuebound2.yml	true	ERROR (server error, after parsing finished)	20.607472219	11.229964113000278	593.727488	cloud-23933	TIMEOUT	990.298616679	975.5116084010224	693.301248	cloud-23938
nla-digbench-scaling/hard-ll_valuebound20.yml	true	ERROR (server error, after parsing finished)	24.354801503	13.216367667999293	591.884288	cloud-24259	TIMEOUT	990.23495405	975.6439206060022	630.394880	cloud-23982
nla-digbench-scaling/hard-ll_valuebound5.yml	true	ERROR (server error, after parsing finished)	25.042511763	13.439633836998837	578.228224	cloud-23933	TIMEOUT	990.242074278	974.9490418659989	657.616896	cloud-23982
nla-digbench-scaling/hard-ll_valuebound50.yml	true	ERROR (server error, after parsing finished)	22.049097594	11.994127685000421	589.017088	cloud-23979	TIMEOUT	990.247537478	977.5672599629906	619.716608	cloud-23980
nla-digbench-scaling/hard-u_unwindbound1.yml	false	ERROR (solver error, after parsing finished)	73.262966482	63.52624456700141	582.406144	cloud-23979	TIMEOUT	990.293057883	975.5069515380019	700.162048	cloud-23933
nla-digbench-scaling/hard-u_unwindbound10.yml	false	ERROR (solver error, after parsing finished)	41.945901282	30.957563953000317	599.019520	cloud-23979	TIMEOUT	990.313715401	977.4557906059781	850.505728	cloud-23982
nla-digbench-scaling/hard-u_unwindbound100.yml	false	ERROR (solver error, after parsing finished)	722.148404139	710.8519616080011	584.216576	cloud-23979	TIMEOUT	990.198344046	979.5999889179948	719.405056	cloud-23982
nla-digbench-scaling/hard-u_unwindbound2.yml	false	ERROR (solver error, after parsing finished)	150.443811563	138.19499918100337	578.764800	cloud-23933	TIMEOUT	990.238253573	978.9357586510014	972.263424	cloud-23980
nla-digbench-scaling/hard-u_unwindbound20.yml	false	ERROR (solver error, after parsing finished)	724.246305481	712.4868426659959	588.251136	cloud-24259	TIMEOUT	990.300202009	976.5484016769915	794.181632	cloud-23979
nla-digbench-scaling/hard-u_unwindbound5.yml	false	ERROR (solver error, after parsing finished)	64.78484213	53.1459606080025	592.035840	cloud-24259	TIMEOUT	990.273894149	975.5899834759766	759.173120	cloud-23933
nla-digbench-scaling/hard-u_unwindbound50.yml	false	ERROR (solver error, after parsing finished)	128.279257093	118.71609189100127	600.842240	cloud-23979	TIMEOUT	990.301801114	977.2749391770049	735.588352	cloud-23933
nla-digbench-scaling/hard-u_valuebound1.yml	true	true	33.702526576	20.843295026003034	619.565056	cloud-24259	TIMEOUT	990.268647988	976.6488137619745	681.721856	cloud-23979
nla-digbench-scaling/hard-u_valuebound10.yml	true	ERROR (solver error, after parsing finished)	26.356026437	14.574126122999587	603.152384	cloud-23933	TIMEOUT (ERROR (solver error, after parsing finished))	937.534369142	926.5527857329871	570.216448	cloud-23980
nla-digbench-scaling/hard-u_valuebound100.yml	true	ERROR (solver error, after parsing finished)	723.81247402	711.9744477029999	582.918144	cloud-23933	TIMEOUT	990.304991341	977.4421667509887	734.875648	cloud-23980
nla-digbench-scaling/hard-u_valuebound2.yml	true	ERROR (solver error, after parsing finished)	176.601250948	167.92602299900318	599.093248	cloud-23979	TIMEOUT	990.304481168	976.8855559770018	1022.922752	cloud-23933
nla-digbench-scaling/hard-u_valuebound20.yml	true	ERROR (server error, after parsing finished)	27.786607446	15.309164448000956	587.771904	cloud-24259	TIMEOUT	990.294062059	976.6094995070016	747.745280	cloud-23933
nla-digbench-scaling/hard-u_valuebound5.yml	true	ERROR (solver error, after parsing finished)	50.726144965	41.683469469000556	599.625728	cloud-23979	TIMEOUT	990.271582534	976.1570127170125	934.948864	cloud-23982
nla-digbench-scaling/hard-u_valuebound50.yml	true	ERROR (server error, after parsing finished)	20.775648741	11.549988499999927	585.441280	cloud-23979	TIMEOUT	990.398897722	976.6659415079921	1570.525184	cloud-23979
nla-digbench-scaling/hard2_unwindbound10.yml	false	ERROR (solver error, after parsing finished)	49.241830788	33.752373344999796	668.782592	cloud-23979	TIMEOUT	990.246795668	974.9823930889834	593.227776	cloud-23982
nla-digbench-scaling/hard2_valuebound1.yml	true	true	25.927314808	14.032377045999965	634.630144	cloud-23933	TIMEOUT	990.287151453	975.5722432449984	620.101632	cloud-23979
nla-digbench-scaling/hard2_valuebound10.yml	true	true	28.83175613	15.840275058995758	618.725376	cloud-23979	TIMEOUT	990.295080643	975.1404661300185	644.812800	cloud-23979
nla-digbench-scaling/hard2_valuebound100.yml	true	true	25.092546097	14.069164690001344	608.251904	cloud-23933	TIMEOUT (ERROR (solver error, after parsing finished))	928.808272885	914.3103455329838	813.416448	cloud-23933
nla-digbench-scaling/hard2_valuebound2.yml	true	true	33.239625283	17.85315206499945	623.149056	cloud-24259	TIMEOUT	990.221406353	977.9913310219999	919.478272	cloud-23980
nla-digbench-scaling/hard2_valuebound20.yml	true	true	25.339655606	13.670263012998475	623.153152	cloud-23979	TIMEOUT	990.211662824	976.7259894750023	628.539392	cloud-23982
nla-digbench-scaling/hard2_valuebound5.yml	true	true	29.672375567	16.360767786005454	604.200960	cloud-24259	TIMEOUT	990.350414303	975.0084421260108	885.837824	cloud-23979
nla-digbench-scaling/hard2_valuebound50.yml	true	true	26.546035295	14.539217297002324	597.778432	cloud-23979	TIMEOUT	990.259168252	974.804487839021	611.336192	cloud-23938
nla-digbench-scaling/knuth_unwindbound1.yml	true	ERROR (solver error, after parsing finished)	726.157722394	714.3210221000045	1150.480384	cloud-24259	TIMEOUT	990.338074803	977.0804841269855	1015.984128	cloud-23938
nla-digbench-scaling/knuth_unwindbound10.yml	true	ERROR (solver error, after parsing finished)	727.393880915	713.6700401400012	1158.574080	cloud-23933	TIMEOUT	990.317418341	978.0960095490154	1023.111168	cloud-23980
nla-digbench-scaling/knuth_unwindbound100.yml	true	ERROR (solver error, after parsing finished)	723.228650287	711.871535582	1143.496704	cloud-23933	TIMEOUT	990.296951741	980.1145560160221	1023.578112	cloud-23982
nla-digbench-scaling/knuth_unwindbound2.yml	true	ERROR (solver error, after parsing finished)	726.243439806	713.3744723749987	1169.928192	cloud-23933	TIMEOUT	990.309463943	977.1755997549917	1045.934080	cloud-23933
nla-digbench-scaling/knuth_unwindbound20.yml	true	ERROR (solver error, after parsing finished)	721.307872205	710.7617495669983	1149.763584	cloud-23979	TIMEOUT	990.226033442	980.0636488019954	983.015424	cloud-23982
nla-digbench-scaling/knuth_unwindbound5.yml	true	ERROR (solver error, after parsing finished)	723.508284803	711.9348739690031	1156.784128	cloud-23979	TIMEOUT	990.32829354	975.7247462959785	1020.387328	cloud-23938
nla-digbench-scaling/knuth_unwindbound50.yml	true	ERROR (solver error, after parsing finished)	722.509179774	711.3940385199967	1103.884288	cloud-23979	TIMEOUT	990.349684798	976.4779960430169	1012.875264	cloud-23938
nla-digbench-scaling/knuth_valuebound1.yml	true	true	27.712699669	17.033999239999503	1108.750336	cloud-23933	ERROR (server error, after parsing finished)	23.843749642	14.589641903003212	943.034368	cloud-23938
nla-digbench-scaling/knuth_valuebound10.yml	true	ERROR (solver error, after parsing finished)	716.536150658	708.7966340159983	1129.046016	cloud-23943	TIMEOUT	990.346110661	977.2066720830044	1050.316800	cloud-23933
nla-digbench-scaling/knuth_valuebound100.yml	true	ERROR (solver error, after parsing finished)	727.133570166	713.9563095269987	1140.109312	cloud-23933	TIMEOUT	990.246266125	977.9579778650077	1035.751424	cloud-23982
nla-digbench-scaling/knuth_valuebound2.yml	true	true	25.944819765	15.972249737998936	1059.209216	cloud-23979	ERROR (server error, after parsing finished)	21.947570303	13.29380992098595	965.570560	cloud-23979
nla-digbench-scaling/knuth_valuebound20.yml	true	ERROR (solver error, after parsing finished)	721.760977201	710.7692374750004	1117.069312	cloud-23979	TIMEOUT	990.31879866	977.1131766499893	1024.405504	cloud-23938
nla-digbench-scaling/knuth_valuebound5.yml	true	ERROR (solver error, after parsing finished)	727.122648112	713.9748741460062	1087.139840	cloud-23933	TIMEOUT	990.365207234	976.7345017620246	1066.614784	cloud-23938
nla-digbench-scaling/knuth_valuebound50.yml	true	ERROR (solver error, after parsing finished)	721.866206852	711.9428459420014	1353.494528	cloud-24259	TIMEOUT	990.374063663	977.1572784300079	1109.700608	cloud-23982
nla-digbench-scaling/lcm1_unwindbound1.yml	false	ERROR (server error, after parsing finished)	27.979453721	15.496357624004304	586.035200	cloud-24259	TIMEOUT	990.217063212	978.0772767179878	725.528576	cloud-23982
nla-digbench-scaling/lcm1_unwindbound10.yml	false	ERROR (server error, after parsing finished)	22.32074946	12.38848004299507	563.470336	cloud-23933	TIMEOUT	990.19970472	980.1428724690049	533.209088	cloud-23980
nla-digbench-scaling/lcm1_unwindbound100.yml	false	ERROR (server error, after parsing finished)	19.56664275	10.819368984997709	572.542976	cloud-23979	TIMEOUT	990.282840045	975.937872718001	616.587264	cloud-23938
nla-digbench-scaling/lcm1_unwindbound2.yml	false	ERROR (server error, after parsing finished)	22.028477397	12.111904482997488	587.194368	cloud-23979	TIMEOUT	990.282703732	976.100054487004	567.767040	cloud-23938
nla-digbench-scaling/lcm1_unwindbound20.yml	false	ERROR (server error, after parsing finished)	25.889507568	14.059329029005312	567.287808	cloud-24259	TIMEOUT	990.257341366	976.8978440270002	650.186752	cloud-23979
nla-digbench-scaling/lcm1_unwindbound5.yml	false	ERROR (server error, after parsing finished)	27.954075779	15.089804937000736	561.364992	cloud-24259	TIMEOUT	990.237664111	978.8761804320093	637.911040	cloud-23980
nla-digbench-scaling/lcm1_unwindbound50.yml	false	ERROR (server error, after parsing finished)	23.90267522	13.106524778006133	581.705728	cloud-24259	TIMEOUT	990.302851331	976.3834769930108	914.989056	cloud-23938
nla-digbench-scaling/lcm1_valuebound1.yml	true	ERROR (server error, after parsing finished)	18.764162435	10.261929815998883	602.714112	cloud-23979	TIMEOUT	990.26767033	975.4691131330037	590.487552	cloud-23980
nla-digbench-scaling/lcm1_valuebound10.yml	true	ERROR (solver error, after parsing finished)	506.406769311	494.5892369259964	579.215360	cloud-23979	TIMEOUT	990.234084828	976.9147801779909	644.468736	cloud-23980
nla-digbench-scaling/lcm1_valuebound100.yml	true	ERROR (solver error, after parsing finished)	726.562762322	712.7142446020007	588.169216	cloud-23979	TIMEOUT	990.274031698	975.9564632900001	808.787968	cloud-23938
nla-digbench-scaling/lcm1_valuebound2.yml	true	ERROR (server error, after parsing finished)	24.018442939	13.288137136998557	593.039360	cloud-24259	TIMEOUT	990.304836872	973.9820836420113	772.816896	cloud-23938
nla-digbench-scaling/lcm1_valuebound20.yml	true	ERROR (solver error, after parsing finished)	22.978880955	13.676141386000381	593.088512	cloud-23979	TIMEOUT	990.290535884	976.9822105889907	603.635712	cloud-23938
nla-digbench-scaling/lcm1_valuebound5.yml	true	ERROR (solver error, after parsing finished)	26.681503763	15.503405358002055	610.246656	cloud-24259	TIMEOUT	990.328053625	976.8229045789922	925.696000	cloud-23982
nla-digbench-scaling/lcm1_valuebound50.yml	true	ERROR (solver error, after parsing finished)	729.328349589	716.3854946839999	615.178240	cloud-23933	TIMEOUT	990.234191578	978.5956836869882	674.840576	cloud-23980
nla-digbench-scaling/lcm2_unwindbound1.yml	true	ERROR (solver error, after parsing finished)	364.651491418	353.371251175995	595.615744	cloud-23979	TIMEOUT	990.228691447	977.2789714509854	543.752192	cloud-23979
nla-digbench-scaling/lcm2_unwindbound10.yml	true	ERROR (solver error, after parsing finished)	433.430025256	421.51236893100213	549.994496	cloud-24259	TIMEOUT	990.215023991	979.3023542109877	560.361472	cloud-23980
nla-digbench-scaling/lcm2_unwindbound100.yml	true	ERROR (solver error, after parsing finished)	295.205925448	287.1802992009998	580.681728	cloud-23939	TIMEOUT	990.264715197	975.5720715349889	574.922752	cloud-23979
nla-digbench-scaling/lcm2_unwindbound2.yml	true	ERROR (solver error, after parsing finished)	299.098960391	291.03230609399907	579.969024	cloud-23944	TIMEOUT	990.225641947	977.2754303959955	543.313920	cloud-23980
nla-digbench-scaling/lcm2_unwindbound20.yml	true	ERROR (solver error, after parsing finished)	432.758348912	421.20031014000415	591.867904	cloud-24259	TIMEOUT	990.265664291	975.5347622939735	507.908096	cloud-23933
nla-digbench-scaling/lcm2_unwindbound5.yml	true	ERROR (solver error, after parsing finished)	434.259425154	423.37363470299897	585.101312	cloud-24259	TIMEOUT	990.239747587	975.0982065339922	531.189760	cloud-23938
nla-digbench-scaling/lcm2_unwindbound50.yml	true	ERROR (solver error, after parsing finished)	424.956195377	416.2559151910027	571.985920	cloud-24259	TIMEOUT	990.257782574	979.448060611001	561.127424	cloud-23980
nla-digbench-scaling/lcm2_valuebound1.yml	true	ERROR (solver error, after parsing finished)	726.067446595	712.2095581889998	688.168960	cloud-23933	TIMEOUT	990.225966829	977.4350704030076	595.353600	cloud-23980
nla-digbench-scaling/lcm2_valuebound10.yml	true	ERROR (server error, after parsing finished)	32.641322124	22.903883258004498	610.942976	cloud-23933	TIMEOUT	990.240813013	976.1772498180217	629.489664	cloud-23982
nla-digbench-scaling/lcm2_valuebound100.yml	true	ERROR (server error, after parsing finished)	699.91835456	686.0898048180024	613.056512	cloud-23933	TIMEOUT	990.255443207	976.5967476800142	794.357760	cloud-23933
nla-digbench-scaling/lcm2_valuebound2.yml	true	ERROR (server error, after parsing finished)	22.417172222	12.810682217001158	609.652736	cloud-23979	TIMEOUT	990.276377613	975.9393711730081	639.164416	cloud-23938
nla-digbench-scaling/lcm2_valuebound20.yml	true	ERROR (server error, after parsing finished)	104.542144713	93.78282070999921	567.398400	cloud-24259	TIMEOUT	990.278457375	978.0372930080048	628.289536	cloud-23979
nla-digbench-scaling/lcm2_valuebound5.yml	true	ERROR (server error, after parsing finished)	41.921028054	30.814679434000027	598.650880	cloud-23933	TIMEOUT	990.28520391	976.6192964260117	748.699648	cloud-23933
nla-digbench-scaling/lcm2_valuebound50.yml	true	ERROR (server error, after parsing finished)	125.86964952	118.74489720699785	598.704128	cloud-23943	TIMEOUT	990.248716924	976.148645592999	638.058496	cloud-23933
nla-digbench-scaling/mannadiv_unwindbound10.yml	false	false(unreach-call)	45.11932995	29.355606085002364	670.928896	cloud-23933	ERROR (solver error, after parsing finished)	29.141396914	17.894996438990347	552.464384	cloud-23980
nla-digbench-scaling/mannadiv_unwindbound20.yml	false	false(unreach-call)	246.514563376	224.97349580100126	729.747456	cloud-24259	ERROR (solver error, after parsing finished)	23.19334994	14.06072479300201	547.061760	cloud-23938
nla-digbench-scaling/mannadiv_unwindbound5.yml	false	false(unreach-call)	27.285992084	15.193023663000531	582.373376	cloud-23979	ERROR (solver error, after parsing finished)	38.638877595	26.680398744996637	554.856448	cloud-23938
nla-digbench-scaling/prod4br-ll_unwindbound1.yml	false	ERROR (server error, after parsing finished)	22.601520384	12.193168295998476	585.048064	cloud-23933	ERROR (solver error, after parsing finished)	24.869947056	13.499636883003404	552.513536	cloud-23938
nla-digbench-scaling/prod4br-ll_unwindbound10.yml	false	ERROR (server error, after parsing finished)	20.940497224	11.470304698996188	591.388672	cloud-23979	TIMEOUT	990.268056362	978.8907271979842	547.631104	cloud-23980
nla-digbench-scaling/prod4br-ll_unwindbound100.yml	false	ERROR (server error, after parsing finished)	25.274149525	13.71839935600292	657.760256	cloud-24259	TIMEOUT	990.264556213	974.342466689006	545.443840	cloud-23938
nla-digbench-scaling/prod4br-ll_unwindbound2.yml	false	ERROR (server error, after parsing finished)	22.060154398	12.090530538000166	583.090176	cloud-24259	TIMEOUT	990.277347251	973.89866604298	563.994624	cloud-23938
nla-digbench-scaling/prod4br-ll_unwindbound20.yml	false	ERROR (server error, after parsing finished)	20.661399686	11.266969599997537	586.301440	cloud-23979	TIMEOUT	990.266879368	977.1722192789894	573.771776	cloud-23982
nla-digbench-scaling/prod4br-ll_unwindbound5.yml	false	ERROR (server error, after parsing finished)	25.915553869	14.031943132002198	580.882432	cloud-24259	TIMEOUT	990.238431289	978.6814384690078	551.063552	cloud-23980
nla-digbench-scaling/prod4br-ll_unwindbound50.yml	false	ERROR (server error, after parsing finished)	21.14766238	11.586007341997174	594.427904	cloud-23979	TIMEOUT	990.245979406	976.0095808930055	556.244992	cloud-23979
nla-digbench-scaling/prod4br-ll_valuebound1.yml	true	true	28.206721089	15.071744783999748	641.409024	cloud-23933	ERROR (solver error, after parsing finished)	26.406965388	15.1249382099777	606.347264	cloud-23980
nla-digbench-scaling/prod4br-ll_valuebound10.yml	true	ERROR (server error, after parsing finished)	24.238423409	13.072071199996572	604.106752	cloud-23979	ERROR (solver error, after parsing finished)	35.274586982	25.22555356597877	605.892608	cloud-23980
nla-digbench-scaling/prod4br-ll_valuebound100.yml	true	ERROR (server error, after parsing finished)	22.916235118	12.405733597000108	640.421888	cloud-23979	ERROR (solver error, after parsing finished)	36.301182323	26.062909102009144	639.918080	cloud-23980
nla-digbench-scaling/prod4br-ll_valuebound2.yml	true	ERROR (server error, after parsing finished)	24.16391875	13.071592973006773	642.650112	cloud-24259	ERROR (solver error, after parsing finished)	30.701642646	18.642979512020247	605.589504	cloud-23938
nla-digbench-scaling/prod4br-ll_valuebound20.yml	true	ERROR (server error, after parsing finished)	24.496157592	13.310694535000948	656.453632	cloud-24259	ERROR (solver error, after parsing finished)	34.256899242	24.738106086006155	620.040192	cloud-23980
nla-digbench-scaling/prod4br-ll_valuebound5.yml	true	ERROR (server error, after parsing finished)	23.824167648	12.920948191000207	631.193600	cloud-24259	true	38.67836719	28.244678165996447	582.574080	cloud-23979
nla-digbench-scaling/prod4br-ll_valuebound50.yml	true	ERROR (server error, after parsing finished)	27.992100548	15.274857053002052	580.485120	cloud-24259	ERROR (solver error, after parsing finished)	41.878699659	29.38321108999662	558.104576	cloud-23933
nla-digbench-scaling/prodbin-ll_unwindbound1.yml	false	ERROR (server error, after parsing finished)	17.681960967	9.800404584999342	568.561664	cloud-23979	false(unreach-call)	23.96623087	14.147779354010709	554.733568	cloud-23979
nla-digbench-scaling/prodbin-ll_unwindbound10.yml	false	ERROR (server error, after parsing finished)	21.647591034	11.65091109199966	582.615040	cloud-23979	ERROR (solver error, after parsing finished)	756.559805224	744.685611569992	525.000704	cloud-23979
nla-digbench-scaling/prodbin-ll_unwindbound100.yml	true	ERROR (server error, after parsing finished)	17.767613322	10.017683548001514	587.227136	cloud-23979	TIMEOUT	990.220838642	978.2982594199711	555.954176	cloud-23980
nla-digbench-scaling/prodbin-ll_unwindbound2.yml	false	ERROR (server error, after parsing finished)	17.987802299	9.850704053998925	573.665280	cloud-23979	ERROR (solver error, after parsing finished)	27.605995505	17.184196032991167	559.202304	cloud-23933
nla-digbench-scaling/prodbin-ll_unwindbound20.yml	false	ERROR (server error, after parsing finished)	18.820491565	10.274359752998862	569.290752	cloud-23979	TIMEOUT	990.280962914	973.1089927089924	619.769856	cloud-23938
nla-digbench-scaling/prodbin-ll_unwindbound5.yml	false	ERROR (server error, after parsing finished)	18.734332543	10.253654899002868	549.486592	cloud-23979	TIMEOUT	990.269874907	975.4833947000152	798.015488	cloud-23933
nla-digbench-scaling/prodbin-ll_unwindbound50.yml	true	ERROR (server error, after parsing finished)	23.737046746	13.03158279100171	574.873600	cloud-24259	TIMEOUT	990.250999872	975.1132137529785	564.400128	cloud-23938
nla-digbench-scaling/prodbin-ll_valuebound10.yml	true	ERROR (server error, after parsing finished)	24.989011149	13.614273991006485	590.213120	cloud-24259	ERROR (solver error, after parsing finished)	27.111757172	16.749842714023544	567.681024	cloud-23980
nla-digbench-scaling/prodbin-ll_valuebound100.yml	true	ERROR (server error, after parsing finished)	20.197382765	11.088304148999669	596.623360	cloud-23979	TIMEOUT	990.246425809	976.2441168900114	703.750144	cloud-23980
nla-digbench-scaling/prodbin-ll_valuebound2.yml	true	ERROR (server error, after parsing finished)	24.784094216	13.489778871000453	549.707776	cloud-23933	true	35.112026026	24.508622213994386	555.409408	cloud-23979
nla-digbench-scaling/prodbin-ll_valuebound20.yml	true	ERROR (server error, after parsing finished)	27.580839858	14.83444311600033	603.136000	cloud-24259	ERROR (solver error, after parsing finished)	29.042138876	17.24022907699691	586.371072	cloud-23982
nla-digbench-scaling/prodbin-ll_valuebound5.yml	true	ERROR (server error, after parsing finished)	25.820918077	14.098921566997888	611.680256	cloud-24259	ERROR (solver error, after parsing finished)	524.700946633	512.889821972989	579.207168	cloud-23933
nla-digbench-scaling/prodbin-ll_valuebound50.yml	true	ERROR (server error, after parsing finished)	24.129039904	13.059736421004345	593.395712	cloud-24259	ERROR (solver error, after parsing finished)	618.103767821	604.9517770830134	616.161280	cloud-23982
nla-digbench-scaling/ps3-ll_valuebound1.yml	true	ERROR (solver error, after parsing finished)	24.587183178	13.491231463000076	605.806592	cloud-23933	true	26.921541238	14.801172070001485	621.445120	cloud-23982
nla-digbench-scaling/ps3-ll_valuebound10.yml	true	ERROR (solver error, after parsing finished)	22.631178018	12.253654243999335	603.795456	cloud-24259	true	17.016312117	9.329465107002761	615.260160	cloud-23944
nla-digbench-scaling/ps3-ll_valuebound100.yml	true	ERROR (solver error, after parsing finished)	21.455498737	11.803250212004059	646.242304	cloud-23979	true	25.517381041	14.143422302993713	588.365824	cloud-23980
nla-digbench-scaling/ps3-ll_valuebound2.yml	true	ERROR (solver error, after parsing finished)	25.4757239	13.666966571000103	674.488320	cloud-23933	true	26.124016637	14.455735266994452	597.254144	cloud-23938
nla-digbench-scaling/ps3-ll_valuebound20.yml	true	ERROR (solver error, after parsing finished)	23.553869446	12.878331952000735	631.136256	cloud-23979	true	25.642360786	14.231727767997654	600.715264	cloud-23982
nla-digbench-scaling/ps3-ll_valuebound5.yml	true	ERROR (solver error, after parsing finished)	24.814922933	13.769420059001277	636.198912	cloud-23933	true	23.998176048	12.932151048007654	633.405440	cloud-23933
nla-digbench-scaling/ps3-ll_valuebound50.yml	true	ERROR (solver error, after parsing finished)	25.790516719	13.920736884996586	645.918720	cloud-24259	true	21.940889822	12.005879250005819	637.239296	cloud-23979
nla-digbench-scaling/ps4-ll_unwindbound10.yml	false	ERROR (server error, after parsing finished)	22.258252583	12.131257046003157	630.026240	cloud-23979	ERROR (solver error, after parsing finished)	129.563810564	114.86268755199853	598.650880	cloud-23982
nla-digbench-scaling/ps4-ll_unwindbound100.yml	false	TIMEOUT (ERROR (solver error, after parsing finished))	919.574250726	902.8511498480002	615.301120	cloud-24259	ERROR (solver error, after parsing finished)	120.638524751	110.36393581400625	633.085952	cloud-23980
nla-digbench-scaling/ps4-ll_unwindbound20.yml	false	TIMEOUT (ERROR (solver error, after parsing finished))	920.401162465	906.0604300050036	644.075520	cloud-24259	ERROR (solver error, after parsing finished)	101.151819364	90.58127500998671	616.968192	cloud-23979
nla-digbench-scaling/ps4-ll_unwindbound50.yml	false	TIMEOUT (ERROR (solver error, after parsing finished))	905.570663514	890.8697139389988	650.559488	cloud-24259	ERROR (solver error, after parsing finished)	118.232642479	107.13679055598914	532.799488	cloud-23980
nla-digbench-scaling/ps4-ll_valuebound10.yml	true	ERROR (solver error, after parsing finished)	142.193065578	130.4011619580051	652.075008	cloud-23979	TIMEOUT	990.254723417	974.3172740289883	595.316736	cloud-23982
nla-digbench-scaling/ps4-ll_valuebound100.yml	true	ERROR (solver error, after parsing finished)	173.786877657	159.26373543099908	616.026112	cloud-24259	TIMEOUT	990.325903803	973.2385140260158	683.401216	cloud-23933
nla-digbench-scaling/ps4-ll_valuebound2.yml	true	true	29.5001884	15.869340958000976	604.151808	cloud-23979	TIMEOUT	990.25698771	976.028473096987	644.390912	cloud-23979
nla-digbench-scaling/ps4-ll_valuebound20.yml	true	ERROR (solver error, after parsing finished)	156.288122403	142.02744278400496	653.316096	cloud-24259	TIMEOUT	990.274044546	973.9070592530188	672.874496	cloud-23933
nla-digbench-scaling/ps4-ll_valuebound5.yml	true	ERROR (solver error, after parsing finished)	172.649503658	158.4344656060057	646.127616	cloud-24259	true	391.026495854	379.410994150996	614.690816	cloud-23933
nla-digbench-scaling/ps4-ll_valuebound50.yml	true	ERROR (solver error, after parsing finished)	148.757878539	137.57603047299972	589.369344	cloud-23979	TIMEOUT	990.331151524	972.4953996080148	676.343808	cloud-23938
nla-digbench-scaling/ps5-ll_unwindbound1.yml	false	false(unreach-call)	32.985214972	18.107867484999588	688.226304	cloud-24259	TIMEOUT	990.262959438	975.368420475017	720.912384	cloud-23979
nla-digbench-scaling/ps5-ll_unwindbound10.yml	false	ERROR (solver error, after parsing finished)	731.203259282	714.4980322569972	836.820992	cloud-23933	TIMEOUT	990.306921412	974.9018447179988	827.801600	cloud-23980
nla-digbench-scaling/ps5-ll_unwindbound100.yml	false	ERROR (solver error, after parsing finished)	732.975093103	715.6469100030008	756.338688	cloud-24259	TIMEOUT	990.249523493	973.6406029709906	778.870784	cloud-23980
nla-digbench-scaling/ps5-ll_unwindbound2.yml	false	false(unreach-call)	29.420926323	17.01713961600035	796.753920	cloud-23979	TIMEOUT	990.251324871	976.4372369699995	768.598016	cloud-23980
nla-digbench-scaling/ps5-ll_unwindbound20.yml	false	ERROR (solver error, after parsing finished)	733.915747789	715.4911362800049	722.776064	cloud-23933	TIMEOUT	990.295654324	972.3855090200086	736.825344	cloud-23938
nla-digbench-scaling/ps5-ll_unwindbound5.yml	false	ERROR (solver error, after parsing finished)	734.686684444	715.8677210509995	747.433984	cloud-23933	TIMEOUT	990.317845189	974.1998831120145	745.881600	cloud-23938
nla-digbench-scaling/ps5-ll_unwindbound50.yml	false	ERROR (solver error, after parsing finished)	734.890835041	716.7902049870027	738.287616	cloud-24259	TIMEOUT	990.265774276	976.8019816050073	685.481984	cloud-23940
nla-digbench-scaling/ps5-ll_valuebound1.yml	true	ERROR (solver error, after parsing finished)	24.575163862	13.20016810800007	730.456064	cloud-23979	TIMEOUT	990.289176135	973.0758445959946	717.516800	cloud-23979
nla-digbench-scaling/ps5-ll_valuebound10.yml	true	ERROR (solver error, after parsing finished)	22.69477278	12.420684168006119	721.195008	cloud-23979	TIMEOUT	990.302116888	973.7676581270061	741.494784	cloud-23933
nla-digbench-scaling/ps5-ll_valuebound100.yml	true	ERROR (solver error, after parsing finished)	24.317105289	13.163618462000159	743.485440	cloud-23933	TIMEOUT	990.215311941	978.286287105002	712.798208	cloud-23980
nla-digbench-scaling/ps5-ll_valuebound2.yml	true	ERROR (solver error, after parsing finished)	28.88815687	15.490245543995115	721.858560	cloud-24259	TIMEOUT	990.271499626	974.6135168799956	720.621568	cloud-23979
nla-digbench-scaling/ps5-ll_valuebound20.yml	true	ERROR (solver error, after parsing finished)	25.991792359	13.98178157700022	761.417728	cloud-23933	TIMEOUT	990.318547292	974.2735536810069	774.098944	cloud-23979
nla-digbench-scaling/ps5-ll_valuebound5.yml	true	ERROR (solver error, after parsing finished)	25.154317361	13.609683426002448	761.499648	cloud-23933	TIMEOUT	990.339054525	972.5554472960066	702.386176	cloud-23938
nla-digbench-scaling/ps5-ll_valuebound50.yml	true	ERROR (solver error, after parsing finished)	27.312266187	14.803402965000714	806.936576	cloud-23933	TIMEOUT	990.294547155	973.344544713007	730.619904	cloud-23979
nla-digbench-scaling/ps6-ll_unwindbound1.yml	false	false(unreach-call)	32.361540133	17.220985801999632	768.077824	cloud-23979	TIMEOUT	990.377120702	973.1806086819852	756.137984	cloud-23982
nla-digbench-scaling/ps6-ll_unwindbound10.yml	false	ERROR (solver error, after parsing finished)	54.589528836	39.128182233005646	800.858112	cloud-23933	TIMEOUT	990.347821168	974.795064564998	757.567488	cloud-23982
nla-digbench-scaling/ps6-ll_unwindbound100.yml	false	ERROR (solver error, after parsing finished)	33.836377471	19.174604760002694	805.146624	cloud-23933	TIMEOUT	990.285413218	974.791899606993	791.556096	cloud-23979
nla-digbench-scaling/ps6-ll_unwindbound2.yml	false	false(unreach-call)	37.99050844	21.577478978004365	756.514816	cloud-23933	TIMEOUT	990.265248326	977.1580810199957	780.275712	cloud-23980
nla-digbench-scaling/ps6-ll_unwindbound20.yml	false	TIMEOUT (ERROR (solver error, after parsing finished))	915.260625243	896.2232720230022	778.178560	cloud-23933	TIMEOUT	990.260997176	973.639549162006	778.133504	cloud-23982
nla-digbench-scaling/ps6-ll_unwindbound5.yml	false	ERROR (solver error, after parsing finished)	61.630809909	45.306147125997086	829.566976	cloud-23933	TIMEOUT	990.327654869	973.4750612460193	751.874048	cloud-23933
nla-digbench-scaling/ps6-ll_unwindbound50.yml	false	TIMEOUT (ERROR (solver error, after parsing finished))	908.536091246	892.6746641119971	816.824320	cloud-24259	TIMEOUT	990.323960986	973.0086063040071	775.016448	cloud-23933
nla-digbench-scaling/ps6-ll_valuebound1.yml	true	true	25.688866731	13.85511587200017	746.782720	cloud-23979	TIMEOUT	990.252342203	977.3752299050102	876.077056	cloud-23980
nla-digbench-scaling/ps6-ll_valuebound10.yml	true	ERROR (solver error, after parsing finished)	38.78769818	24.367421087001276	735.731712	cloud-23933	TIMEOUT	990.363528024	972.3236619649979	837.754880	cloud-23933
nla-digbench-scaling/ps6-ll_valuebound100.yml	true	ERROR (solver error, after parsing finished)	34.135189218	21.600712091996684	791.756800	cloud-23979	TIMEOUT	990.335296099	973.740748273005	767.148032	cloud-23979
nla-digbench-scaling/ps6-ll_valuebound2.yml	true	true	35.40382989	20.26491510499909	836.628480	cloud-24259	TIMEOUT	990.321912437	973.2288729650027	820.740096	cloud-23979
nla-digbench-scaling/ps6-ll_valuebound20.yml	true	ERROR (solver error, after parsing finished)	42.463710133	27.084883059003914	867.622912	cloud-23933	TIMEOUT	990.295695033	978.0296570489882	756.953088	cloud-23980
nla-digbench-scaling/ps6-ll_valuebound5.yml	true	ERROR (solver error, after parsing finished)	33.729596302	21.449568495998392	923.488256	cloud-23979	TIMEOUT	990.262013161	972.7372798300057	769.826816	cloud-23982
nla-digbench-scaling/ps6-ll_valuebound50.yml	true	ERROR (solver error, after parsing finished)	42.573431164	26.468429366002965	737.984512	cloud-24259	TIMEOUT	990.260957167	973.2528249399911	792.186880	cloud-23982
nla-digbench-scaling/sqrt1-ll_unwindbound1.yml	true	true	25.177256353	13.591590650001308	670.511104	cloud-23933	ERROR (solver error, after parsing finished)	20.969057813	11.71026363899	589.733888	cloud-23980
nla-digbench-scaling/sqrt1-ll_unwindbound10.yml	true	true	21.324553315	11.704914659996575	656.228352	cloud-23979	ERROR (solver error, after parsing finished)	62.669642536	53.775536770001054	616.726528	cloud-23980
nla-digbench-scaling/sqrt1-ll_unwindbound100.yml	true	true	25.917062744	14.240329250000286	622.981120	cloud-23933	ERROR (solver error, after parsing finished)	62.154842344	51.860110060020816	551.563264	cloud-23933
nla-digbench-scaling/sqrt1-ll_unwindbound2.yml	true	true	21.537245606	11.691138412003056	647.823360	cloud-23979	ERROR (solver error, after parsing finished)	75.480262706	63.0345521630079	603.238400	cloud-23938
nla-digbench-scaling/sqrt1-ll_unwindbound20.yml	true	true	17.844875372	9.836615378997521	651.517952	cloud-23943	ERROR (solver error, after parsing finished)	68.89730786	56.25551345900749	611.028992	cloud-23933
nla-digbench-scaling/sqrt1-ll_unwindbound5.yml	true	true	25.704268762	13.861964449999505	602.058752	cloud-23933	ERROR (solver error, after parsing finished)	62.370109175	51.64466420299141	564.568064	cloud-23979
nla-digbench-scaling/sqrt1-ll_unwindbound50.yml	true	true	28.251571688	15.426843911001924	589.709312	cloud-23933	ERROR (solver error, after parsing finished)	65.992765762	54.82534655800555	638.418944	cloud-23938
nla-digbench-scaling/sqrt1-ll_valuebound1.yml	true	true	23.727360695	13.650935524998204	663.777280	cloud-23979	ERROR (solver error, after parsing finished)	50.878754259	37.999490529007744	602.492928	cloud-23982
nla-digbench-scaling/sqrt1-ll_valuebound10.yml	true	true	31.827559772	18.312834866999765	653.156352	cloud-24259	ERROR (solver error, after parsing finished)	124.802432745	112.18175896100001	594.173952	cloud-23982
nla-digbench-scaling/sqrt1-ll_valuebound100.yml	true	true	31.612091371	18.271826318996318	597.692416	cloud-24259	ERROR (solver error, after parsing finished)	94.179054383	82.7916176370054	589.135872	cloud-23979
nla-digbench-scaling/sqrt1-ll_valuebound2.yml	true	true	32.050456499	18.200648140998965	640.966656	cloud-24259	ERROR (solver error, after parsing finished)	124.994195951	112.62056861899327	597.110784	cloud-23938
nla-digbench-scaling/sqrt1-ll_valuebound20.yml	true	true	30.414189756	17.92259532299795	624.480256	cloud-24259	ERROR (solver error, after parsing finished)	130.29769978	120.97714859899133	616.927232	cloud-23980
nla-digbench-scaling/sqrt1-ll_valuebound5.yml	true	true	25.402428205	14.895349926002382	610.562048	cloud-23979	ERROR (solver error, after parsing finished)	113.613757537	103.91422671999317	549.654528	cloud-23980
nla-digbench-scaling/sqrt1-ll_valuebound50.yml	true	true	24.292834416	14.340291100998002	678.338560	cloud-23979	ERROR (solver error, after parsing finished)	109.763365073	99.5546161950042	630.489088	cloud-23980
verifythis/duplets.yml	true	ERROR (server error, after parsing finished)	20.593721864	11.219923641000605	557.903872	cloud-23933	ERROR (generic error, after parsing finished)	21.027966167	11.496329754998442	501.362688	cloud-23940
verifythis/elimination_max.yml	true	ERROR (server error, after parsing finished)	26.971750342	14.65124779100006	539.365376	cloud-24259	ERROR (generic error, after parsing finished)	23.322924696	12.875380571989808	524.193792	cloud-23982
verifythis/lcp.yml	true	ERROR (server error, after parsing finished)	17.545968497	9.574301050999566	549.212160	cloud-23979	ERROR (generic error, after parsing finished)	14.71085958	8.365823916974477	499.109888	cloud-23980
verifythis/prefixsum_iter.yml	true	ERROR (server error, after parsing finished)	17.285943345	9.459551035000004	566.792192	cloud-23979	ERROR (generic error, after parsing finished)	17.805162994	10.002384423016338	509.927424	cloud-23980
combinations/gcd_1+newton_1_1.yml	true	ERROR (solver error, after parsing finished)	733.894267141	720.4157630390037	2847.580160	cloud-23933	TIMEOUT	990.874023702	980.4800479620171	5047.590912	cloud-23980
combinations/gcd_1+newton_1_2.yml	true	ERROR (solver error, after parsing finished)	728.411449553	717.0514078219985	2810.044416	cloud-23979	TIMEOUT	991.076615154	975.4038458949944	4913.840128	cloud-23982
combinations/gcd_1+newton_1_3.yml	true	ERROR (solver error, after parsing finished)	731.840698673	719.7347385900066	2839.339008	cloud-23933	TIMEOUT	990.826538527	973.0884970379993	4822.441984	cloud-23933
combinations/gcd_1+newton_1_4.yml	false	ERROR (solver error, after parsing finished)	733.635917343	721.3935855040036	2847.649792	cloud-24259	TIMEOUT	990.75081754	978.330115231016	4578.975744	cloud-23980
combinations/gcd_1+newton_1_5.yml	false	ERROR (solver error, after parsing finished)	728.518394888	717.5718170339997	2873.180160	cloud-23979	TIMEOUT	990.821075121	976.9462983229896	5142.859776	cloud-23933
combinations/gcd_1+newton_1_6.yml	false	ERROR (solver error, after parsing finished)	733.045838612	720.666612735	2870.521856	cloud-24259	TIMEOUT	990.647174519	978.3725884729938	4493.357056	cloud-23980
combinations/gcd_1+newton_1_7.yml	false	ERROR (solver error, after parsing finished)	731.752882732	719.0925847419994	2860.183552	cloud-23933	TIMEOUT	990.538187809	980.4584036500019	3963.424768	cloud-23980
combinations/gcd_1+newton_1_8.yml	false	ERROR (server error, after parsing finished)	735.837149395	721.9452856709977	2853.199872	cloud-23933	TIMEOUT	990.900845302	975.6464010050113	4471.005184	cloud-23938
combinations/gcd_1+newton_2_1.yml	true	ERROR (solver error, after parsing finished)	728.517210381	716.0068710599999	1701.421056	cloud-23933	TIMEOUT	990.506851053	976.8533214750059	2198.958080	cloud-23982
combinations/gcd_1+newton_2_2.yml	true	ERROR (solver error, after parsing finished)	731.401059195	718.0981110639987	1678.962688	cloud-23933	TIMEOUT	990.859755329	977.81726969601	5501.861888	cloud-23933
combinations/gcd_1+newton_2_3.yml	true	ERROR (solver error, after parsing finished)	729.188304947	716.8468202219956	1674.424320	cloud-24259	TIMEOUT	990.484489223	979.2275850730075	2443.988992	cloud-23980
combinations/gcd_1+newton_2_4.yml	true	ERROR (solver error, after parsing finished)	727.192257538	715.2322680350003	1624.481792	cloud-23933	TIMEOUT	990.500214625	979.5959020190057	2243.244032	cloud-23980
combinations/gcd_1+newton_2_5.yml	true	ERROR (solver error, after parsing finished)	726.515816147	715.2768025200012	1649.192960	cloud-23933	TIMEOUT	990.452157662	977.494814930018	2366.636032	cloud-23982
combinations/gcd_1+newton_2_6.yml	false	ERROR (server error, after parsing finished)	733.666695221	719.4873836080005	2371.629056	cloud-23933	TIMEOUT	990.569266424	976.4702305179962	2536.493056	cloud-23933
combinations/gcd_1+newton_2_7.yml	false	ERROR (solver error, after parsing finished)	729.297399797	716.7663066970017	1665.277952	cloud-23933	TIMEOUT	990.858664563	975.9921113169985	6037.786624	cloud-23933
combinations/gcd_1+newton_2_8.yml	false	ERROR (solver error, after parsing finished)	728.053296869	716.2275839389986	1636.368384	cloud-23933	TIMEOUT	990.497598903	978.7112755799899	2293.080064	cloud-23980
combinations/gcd_1+newton_3_1.yml	true	ERROR (solver error, after parsing finished)	727.375223532	715.6646606869981	2116.558848	cloud-23979	TIMEOUT	991.145869604	975.1746791279875	5930.405888	cloud-23938
combinations/gcd_1+newton_3_2.yml	true	ERROR (solver error, after parsing finished)	724.147675781	713.7876242350003	2101.395456	cloud-23939	TIMEOUT	991.007250052	976.6732063720119	6824.767488	cloud-23938
combinations/gcd_1+newton_3_3.yml	true	ERROR (solver error, after parsing finished)	731.927949461	719.9307458559997	2082.848768	cloud-24259	TIMEOUT	991.120492866	979.9168057859933	7009.251328	cloud-23980
combinations/gcd_1+newton_3_4.yml	true	ERROR (solver error, after parsing finished)	732.237161816	718.9805915009993	2051.608576	cloud-23933	TIMEOUT	990.641202336	980.0110261219961	3269.447680	cloud-23980
combinations/gcd_1+newton_3_5.yml	true	ERROR (server error, after parsing finished)	734.352901974	721.0337421079967	2063.761408	cloud-24259	TIMEOUT	990.530826672	978.7605348530051	3275.403264	cloud-23980
combinations/gcd_1+newton_3_6.yml	false	ERROR (solver error, after parsing finished)	734.977565014	722.6098280579972	2078.654464	cloud-24259	TIMEOUT	990.636926204	976.7517376730102	3312.889856	cloud-23979
combinations/gcd_1+newton_3_7.yml	false	ERROR (solver error, after parsing finished)	725.11021063	715.5423978660001	2048.860160	cloud-23979	TIMEOUT	990.547868646	975.8156270559994	3130.900480	cloud-23938
combinations/gcd_1+newton_3_8.yml	false	ERROR (solver error, after parsing finished)	728.939722239	717.747302188	2104.889344	cloud-23979	TIMEOUT	990.665419091	975.5122547229985	3231.805440	cloud-23979
combinations/gcd_2+newton_1_1.yml	true	ERROR (solver error, after parsing finished)	729.68930071	718.5579611339999	2862.948352	cloud-23979	TIMEOUT	990.688954603	976.3340382929891	4989.579264	cloud-23979
combinations/gcd_2+newton_1_2.yml	true	ERROR (solver error, after parsing finished)	729.663703201	717.659887601003	2825.285632	cloud-23979	TIMEOUT	990.747288519	978.2582333880127	3871.854592	cloud-23980
combinations/gcd_2+newton_1_3.yml	true	ERROR (solver error, after parsing finished)	729.544355414	718.5634207149997	2830.757888	cloud-23979	TIMEOUT	990.686174515	977.3194843459933	4540.522496	cloud-23979
combinations/gcd_2+newton_1_4.yml	false	ERROR (solver error, after parsing finished)	734.970825557	722.2544838890026	2841.993216	cloud-24259	TIMEOUT	990.706281668	978.0777415619814	4290.265088	cloud-23980
combinations/gcd_2+newton_1_5.yml	false	ERROR (solver error, after parsing finished)	734.674198232	721.5493904860014	2807.730176	cloud-24259	TIMEOUT	990.5983961	974.4027949970041	3849.588736	cloud-23979
combinations/gcd_2+newton_1_6.yml	false	ERROR (solver error, after parsing finished)	727.682938589	716.6052975430002	2879.488000	cloud-23979	TIMEOUT	990.626356762	980.5129169840075	4701.081600	cloud-23982
combinations/gcd_2+newton_1_7.yml	false	ERROR (solver error, after parsing finished)	727.281874873	715.9200594239956	2894.917632	cloud-23979	TIMEOUT	990.838285238	977.2774169359764	4784.623616	cloud-23980
combinations/gcd_2+newton_1_8.yml	false	ERROR (solver error, after parsing finished)	731.271765739	719.9358646870023	2831.081472	cloud-24259	TIMEOUT	990.687542821	975.3580959990213	3368.116224	cloud-23938
combinations/gcd_2+newton_2_1.yml	true	ERROR (solver error, after parsing finished)	725.318671864	714.8837005160003	1693.601792	cloud-23979	TIMEOUT	991.033110937	979.2197117309843	5453.623296	cloud-23980
combinations/gcd_2+newton_2_2.yml	true	ERROR (solver error, after parsing finished)	726.33618954	715.0036999180011	1640.353792	cloud-23979	TIMEOUT	990.443861146	976.6081157129956	2579.787776	cloud-23982
combinations/gcd_2+newton_2_3.yml	true	ERROR (solver error, after parsing finished)	730.569700944	717.2364743759972	1617.649664	cloud-23933	TIMEOUT	990.509402875	977.097715351003	2228.260864	cloud-23980
combinations/gcd_2+newton_2_4.yml	true	ERROR (solver error, after parsing finished)	723.71024549	713.4820685759998	1679.097856	cloud-23979	TIMEOUT	990.748386399	976.5158265799982	6223.360000	cloud-23982
combinations/gcd_2+newton_2_5.yml	true	ERROR (solver error, after parsing finished)	729.750570186	717.6443532049998	1608.814592	cloud-23933	TIMEOUT	990.89988031	976.0846570649883	5611.470848	cloud-23979
combinations/gcd_2+newton_2_6.yml	false	ERROR (solver error, after parsing finished)	730.269482534	718.1010812629975	1679.822848	cloud-24259	TIMEOUT	990.958611279	974.9065533129906	6000.406528	cloud-23933
combinations/gcd_2+newton_2_7.yml	false	ERROR (server error, after parsing finished)	726.168150374	715.0471442509988	2068.328448	cloud-23979	TIMEOUT	990.90912856	976.821042334981	6114.017280	cloud-23979
combinations/gcd_2+newton_2_8.yml	false	ERROR (solver error, after parsing finished)	726.827205796	715.0073711560035	1637.744640	cloud-23979	TIMEOUT	990.431782776	976.0243181400001	2150.699008	cloud-23980
combinations/gcd_2+newton_3_1.yml	true	ERROR (solver error, after parsing finished)	731.668224086	719.1410724400002	2111.619072	cloud-23979	TIMEOUT	990.599946502	976.3883283479954	3755.417600	cloud-23938
combinations/gcd_2+newton_3_2.yml	true	ERROR (solver error, after parsing finished)	730.534651372	719.4523031499994	2083.667968	cloud-24259	TIMEOUT	990.670988658	976.2801314749813	3531.952128	cloud-23933
combinations/gcd_2+newton_3_3.yml	true	ERROR (solver error, after parsing finished)	730.972161889	719.0839904640015	2070.306816	cloud-23933	TIMEOUT	990.697595042	977.4150694090058	3604.303872	cloud-23979
combinations/gcd_2+newton_3_4.yml	true	ERROR (solver error, after parsing finished)	727.112454266	715.5640181810013	2131.185664	cloud-23979	TIMEOUT	990.518097058	978.2474835120083	3163.398144	cloud-23980
combinations/gcd_2+newton_3_5.yml	true	ERROR (solver error, after parsing finished)	730.545276192	719.6834919050016	2124.754944	cloud-24259	TIMEOUT	990.692429159	980.7767565420072	3288.096768	cloud-23982
combinations/gcd_2+newton_3_6.yml	false	ERROR (solver error, after parsing finished)	730.557267431	718.4628432949994	2053.259264	cloud-23933	TIMEOUT	990.710737524	976.7500809399935	3341.107200	cloud-23933
combinations/gcd_2+newton_3_7.yml	false	ERROR (solver error, after parsing finished)	733.972850804	719.8985449009997	2066.456576	cloud-23933	TIMEOUT	990.634624138	975.9949368280068	3089.190912	cloud-23982
combinations/gcd_2+newton_3_8.yml	false	ERROR (solver error, after parsing finished)	731.717194862	720.0230484929998	2094.657536	cloud-24259	TIMEOUT	990.634035829	976.5676968870102	3793.043456	cloud-23982
combinations/gcd_3+newton_1_1.yml	true	ERROR (solver error, after parsing finished)	729.238469875	716.8455845809999	2800.734208	cloud-23933	TIMEOUT	990.924992885	976.8392123000231	4504.313856	cloud-23933
combinations/gcd_3+newton_1_2.yml	true	ERROR (solver error, after parsing finished)	729.497856825	717.9065139360027	2775.793664	cloud-23979	TIMEOUT	990.904648039	975.6913061990053	3756.376064	cloud-23938
combinations/gcd_3+newton_1_3.yml	true	ERROR (solver error, after parsing finished)	731.897312977	720.715679175999	2851.258368	cloud-24259	TIMEOUT	990.572266549	978.2305448770057	3619.254272	cloud-23980
combinations/gcd_3+newton_1_4.yml	false	ERROR (solver error, after parsing finished)	731.786083736	719.8845970720004	2807.156736	cloud-23933	TIMEOUT	990.527199545	977.7198523829866	3187.044352	cloud-23982
combinations/gcd_3+newton_1_5.yml	false	ERROR (solver error, after parsing finished)	728.204312588	717.4652077479986	2844.758016	cloud-23979	TIMEOUT	990.680663666	977.1317637650063	4393.492480	cloud-23979
combinations/gcd_3+newton_1_6.yml	false	ERROR (solver error, after parsing finished)	730.055962165	717.4882655609981	2858.512384	cloud-23979	TIMEOUT	990.782431503	975.716742515011	4583.227392	cloud-23979
combinations/gcd_3+newton_1_7.yml	false	ERROR (solver error, after parsing finished)	731.74925209	719.9131990299998	2844.336128	cloud-23933	TIMEOUT	990.724371903	976.761068324995	3999.830016	cloud-23938
combinations/gcd_3+newton_1_8.yml	false	ERROR (solver error, after parsing finished)	732.168598881	719.5944341459999	2827.575296	cloud-23933	TIMEOUT	990.925331494	974.8745344819908	4865.318912	cloud-23938
combinations/gcd_3+newton_2_1.yml	true	ERROR (solver error, after parsing finished)	731.11754675	717.3936549249993	1665.028096	cloud-23933	TIMEOUT	990.496253964	978.5303311900061	2375.553024	cloud-23980
combinations/gcd_3+newton_2_2.yml	true	ERROR (solver error, after parsing finished)	726.436512212	714.6841234259991	1641.447424	cloud-23979	TIMEOUT	991.206633372	975.6953963350097	6385.336320	cloud-23938
combinations/gcd_3+newton_2_3.yml	true	ERROR (solver error, after parsing finished)	725.757590443	713.9687765409981	1684.684800	cloud-23979	TIMEOUT	990.392275729	977.1017703099933	2563.465216	cloud-23982
combinations/gcd_3+newton_2_4.yml	true	ERROR (solver error, after parsing finished)	730.432202401	717.1272541909998	1592.635392	cloud-23933	TIMEOUT	990.874959869	975.8790784020093	6456.000512	cloud-23933
combinations/gcd_3+newton_2_5.yml	true	ERROR (solver error, after parsing finished)	727.441005358	716.3765780940012	1588.826112	cloud-24259	TIMEOUT	990.565588846	975.7821200119797	2507.182080	cloud-23938
combinations/gcd_3+newton_2_6.yml	false	ERROR (solver error, after parsing finished)	736.696785814	725.4076724250008	4898.439168	cloud-23979	TIMEOUT	990.674160301	974.9163084359898	2863.636480	cloud-23933
combinations/gcd_3+newton_2_7.yml	false	ERROR (solver error, after parsing finished)	728.413549809	715.1942322809991	1676.791808	cloud-23979	TIMEOUT	991.036037167	975.2741514079971	6245.523456	cloud-23933
combinations/gcd_3+newton_2_8.yml	false	ERROR (solver error, after parsing finished)	725.728210384	714.3217802910003	1634.189312	cloud-23979	TIMEOUT	990.494142246	977.405214147002	2585.620480	cloud-23979
combinations/gcd_3+newton_3_1.yml	true	ERROR (solver error, after parsing finished)	727.339875997	716.1480469369999	2095.276032	cloud-23979	TIMEOUT	990.617611866	975.3920386479876	3099.959296	cloud-23938
combinations/gcd_3+newton_3_2.yml	true	ERROR (solver error, after parsing finished)	731.456921173	719.2772745230004	2091.937792	cloud-23933	TIMEOUT	990.519485958	975.9273447330052	3054.436352	cloud-23938
combinations/gcd_3+newton_3_3.yml	true	ERROR (solver error, after parsing finished)	730.777142826	717.529403706998	2124.849152	cloud-23979	TIMEOUT	990.506540498	976.3648794189794	3224.129536	cloud-23979
combinations/gcd_3+newton_3_4.yml	true	ERROR (solver error, after parsing finished)	732.125253666	719.7624385250019	2047.037440	cloud-24259	TIMEOUT	990.721010349	976.5378256569966	3304.001536	cloud-23933
combinations/gcd_3+newton_3_5.yml	true	ERROR (solver error, after parsing finished)	729.381228648	717.2784113320001	2117.087232	cloud-23933	TIMEOUT	990.498638648	976.4117128080106	3238.338560	cloud-23982
combinations/gcd_3+newton_3_6.yml	false	ERROR (solver error, after parsing finished)	732.433968942	718.943417884002	2116.415488	cloud-23979	TIMEOUT	990.753992088	974.8378408530261	3496.357888	cloud-23938
combinations/gcd_3+newton_3_7.yml	false	ERROR (solver error, after parsing finished)	728.423225459	717.1483474670022	2096.824320	cloud-23979	TIMEOUT	990.671545306	976.4806269279798	3325.943808	cloud-23979
combinations/gcd_3+newton_3_8.yml	false	ERROR (solver error, after parsing finished)	727.221964154	715.9971399860005	2139.676672	cloud-23979	TIMEOUT	991.149204278	976.1019450199965	7467.966464	cloud-23938
combinations/gcd_4+newton_1_1.yml	true	ERROR (solver error, after parsing finished)	728.755838938	717.6610896250058	2833.702912	cloud-23979	TIMEOUT	990.941212532	975.681331795	4841.050112	cloud-23938
combinations/gcd_4+newton_1_2.yml	true	ERROR (solver error, after parsing finished)	726.447276557	715.8323767119946	2856.513536	cloud-23979	TIMEOUT	990.825936861	976.7048966650036	4506.783744	cloud-23982
combinations/gcd_4+newton_1_3.yml	true	ERROR (solver error, after parsing finished)	729.985569249	718.6704839639997	2854.707200	cloud-23979	TIMEOUT	990.579959701	976.9022757700004	3965.448192	cloud-23982
combinations/gcd_4+newton_1_4.yml	false	ERROR (solver error, after parsing finished)	730.614400124	718.1387107499977	2835.636224	cloud-23933	TIMEOUT	990.725067525	977.893333584012	4763.115520	cloud-23980
combinations/gcd_4+newton_1_5.yml	false	ERROR (solver error, after parsing finished)	732.837879882	720.3365011429996	2834.976768	cloud-24259	TIMEOUT	990.341683158	978.5042071949865	1486.442496	cloud-23980
combinations/gcd_4+newton_1_6.yml	false	ERROR (solver error, after parsing finished)	728.027185032	716.7062931350001	2847.588352	cloud-23933	TIMEOUT	990.73321112	977.7771366790112	5061.050368	cloud-23979
combinations/gcd_4+newton_1_7.yml	false	ERROR (solver error, after parsing finished)	731.456247081	718.3559101919964	2904.563712	cloud-23979	TIMEOUT	990.892345357	976.4837536129926	5428.379648	cloud-23979
combinations/gcd_4+newton_1_8.yml	false	ERROR (solver error, after parsing finished)	727.146737193	716.178910829	2899.443712	cloud-23979	TIMEOUT	990.963352403	978.2411118260061	5463.240704	cloud-23933
combinations/gcd_4+newton_2_1.yml	true	ERROR (solver error, after parsing finished)	724.124305859	713.7472773020002	1611.767808	cloud-23933	TIMEOUT	990.842173101	977.4759958520008	5918.068736	cloud-23933
combinations/gcd_4+newton_2_2.yml	true	ERROR (solver error, after parsing finished)	728.780450844	716.6501103200003	1650.237440	cloud-23933	TIMEOUT	990.567502143	976.1049082669779	2192.809984	cloud-23938
combinations/gcd_4+newton_2_3.yml	true	ERROR (solver error, after parsing finished)	727.440704397	715.4848373050045	1647.099904	cloud-23933	TIMEOUT	990.878834451	975.5460236369981	4118.188032	cloud-23938
combinations/gcd_4+newton_2_4.yml	true	ERROR (solver error, after parsing finished)	737.780733308	725.9562021519996	4869.591040	cloud-23979	TIMEOUT	990.644236791	979.1190978669911	2337.923072	cloud-23980
combinations/gcd_4+newton_2_5.yml	true	ERROR (server error, after parsing finished)	729.327056855	716.5425277019995	1598.754816	cloud-23933	TIMEOUT	990.555007315	979.3950534500182	3735.302144	cloud-23980
combinations/gcd_4+newton_2_6.yml	false	ERROR (solver error, after parsing finished)	726.965922484	715.6746307900003	1588.559872	cloud-23933	TIMEOUT	990.46190773	976.2490115700057	2736.680960	cloud-23982
combinations/gcd_4+newton_2_7.yml	false	ERROR (solver error, after parsing finished)	725.941884705	714.2999318120055	1636.179968	cloud-23979	TIMEOUT	990.728884435	976.0535361499933	5390.528512	cloud-23979
combinations/gcd_4+newton_2_8.yml	false	ERROR (solver error, after parsing finished)	725.396924603	714.1091082580024	1643.700224	cloud-23979	TIMEOUT	990.572336265	977.1780845680041	2413.998080	cloud-23938
combinations/gcd_4+newton_3_1.yml	true	ERROR (solver error, after parsing finished)	729.771209753	718.3803541840007	2086.084608	cloud-23979	TIMEOUT	990.499376357	979.789385651995	3415.691264	cloud-23980
combinations/gcd_4+newton_3_2.yml	true	ERROR (solver error, after parsing finished)	728.060606111	717.1242083070001	2149.281792	cloud-23979	TIMEOUT	990.629165287	976.3568723589997	3183.857664	cloud-23982
combinations/gcd_4+newton_3_3.yml	true	ERROR (solver error, after parsing finished)	732.154744175	720.1746618440011	2097.737728	cloud-24259	TIMEOUT	990.655671976	976.8496803599992	3205.693440	cloud-23979
combinations/gcd_4+newton_3_4.yml	true	ERROR (solver error, after parsing finished)	729.1147928	717.9765556069997	2042.331136	cloud-23979	TIMEOUT	990.522185399	976.9009512750199	3040.763904	cloud-23979
combinations/gcd_4+newton_3_5.yml	true	ERROR (solver error, after parsing finished)	729.833113543	717.6655211640027	2102.620160	cloud-23979	TIMEOUT	990.759763687	977.663159024989	3567.071232	cloud-23933
combinations/gcd_4+newton_3_6.yml	false	ERROR (solver error, after parsing finished)	726.501172199	715.597330312994	2061.176832	cloud-23979	TIMEOUT	990.699844589	978.1540195249836	3170.926592	cloud-23979
combinations/gcd_4+newton_3_7.yml	false	ERROR (solver error, after parsing finished)	726.00370342	715.0045934480004	2086.916096	cloud-23979	TIMEOUT	990.535738409	976.6371370590059	2985.025536	cloud-23933
combinations/gcd_4+newton_3_8.yml	false	ERROR (solver error, after parsing finished)	734.278989547	721.9453104749991	2088.337408	cloud-24259	TIMEOUT	990.545696201	976.2937876000069	3347.365888	cloud-23933
combinations/pals_lcr.3.1.ufo.BOUNDED-6.pals+Problem12_label02.yml	false	TIMEOUT (ERROR (solver error, after parsing finished))	918.721981683	852.955103663	7673.888768	cloud-23942	TIMEOUT	991.410668834	904.2390775209933	7489.957888	cloud-23938
combinations/pals_lcr.3.1.ufo.UNBOUNDED.pals+Problem12_label02.yml	false	ERROR (solver error, after parsing finished)	888.998824355	819.6900340749999	7697.608704	cloud-23943	TIMEOUT	990.817819456	929.8154638389824	7873.818624	cloud-23940
combinations/pals_lcr.3.1.ufo.UNBOUNDED.pals+Problem12_label05.yml	false	TIMEOUT (ERROR (solver error, after parsing finished))	931.878350049	855.6973114380016	10212.954112	cloud-24261	TIMEOUT	990.848513384	936.0981186139979	7875.633152	cloud-23944
combinations/pals_lcr.3.ufo.BOUNDED-6.pals+Problem12_label02.yml	true	ERROR (solver error, after parsing finished)	882.423986839	823.8991300070011	9613.901824	cloud-23939	TIMEOUT	990.917577399	926.4335959060118	7878.877184	cloud-23941
combinations/pals_lcr.3.ufo.BOUNDED-6.pals+Problem12_label05.yml	true	TIMEOUT (ERROR (solver error, after parsing finished))	904.098735298	840.7200755360027	7698.313216	cloud-23979	TIMEOUT	990.82279033	930.3628344809986	7845.634048	cloud-23940
combinations/pals_lcr.3.ufo.BOUNDED-6.pals+Problem12_label08.yml	false	TIMEOUT (ERROR (solver error, after parsing finished))	933.277251249	858.7286841000023	7685.574656	cloud-24261	TIMEOUT	990.858160465	930.7714032449876	7840.473088	cloud-23939
combinations/pals_lcr.3.ufo.UNBOUNDED.pals+Problem12_label02.yml	true	TIMEOUT (ERROR (solver error, after parsing finished))	937.127940136	846.9258087300004	8970.891264	cloud-24261	TIMEOUT	990.851478397	929.5014263539924	7874.199552	cloud-23941
combinations/pals_lcr.3.ufo.UNBOUNDED.pals+Problem12_label05.yml	true	TIMEOUT (ERROR (solver error, after parsing finished))	935.895485594	856.3152117900026	8033.320960	cloud-24261	TIMEOUT	991.404305249	917.6022527820023	9699.663872	cloud-23979
combinations/pals_lcr.3.ufo.UNBOUNDED.pals+Problem12_label08.yml	false	ERROR (solver error, after parsing finished)	895.353550456	821.4558318650088	7703.519232	cloud-23942	TIMEOUT	990.888182997	927.7250850130222	7563.079680	cloud-23939
combinations/pals_lcr.3_overflow.ufo.UNBOUNDED.pals+Problem12_label02.yml	false	TIMEOUT (ERROR (solver error, after parsing finished))	951.068645665	872.2020033730005	7861.448704	cloud-23979	TIMEOUT	990.880215469	930.6709742629901	7883.227136	cloud-23942
combinations/pals_lcr.3_overflow.ufo.UNBOUNDED.pals+Problem12_label05.yml	false	TIMEOUT (ERROR (solver error, after parsing finished))	917.806195968	839.2648875570012	9550.290944	cloud-23979	TIMEOUT	991.399332222	909.3893362090166	7834.210304	cloud-23980
combinations/pals_lcr.4.1.ufo.BOUNDED-8.pals+Problem12_label02.yml	false	TIMEOUT (ERROR (solver error, after parsing finished))	967.920465043	893.405174217005	7404.945408	cloud-23933	TIMEOUT	990.837659488	933.9634432969906	7860.199424	cloud-23942
combinations/pals_lcr.4.1.ufo.BOUNDED-8.pals+Problem12_label05.yml	false	ERROR (solver error, after parsing finished)	881.569448515	825.9316557189886	7685.840896	cloud-23941	TIMEOUT	991.660185295	907.9319655389991	7812.210688	cloud-23933
combinations/pals_lcr.4.1.ufo.UNBOUNDED.pals+Problem12_label05.yml	false	TIMEOUT (ERROR (solver error, after parsing finished))	972.027112456	875.262013724001	10388.971520	cloud-24261	TIMEOUT	990.837495322	927.6733185050252	7870.201856	cloud-23940
combinations/pals_lcr.4.ufo.BOUNDED-8.pals+Problem12_label02.yml	true	ERROR (solver error, after parsing finished)	882.044793085	826.1295994480024	8103.542784	cloud-23944	TIMEOUT	991.093524511	926.9330831420084	7866.802176	cloud-23941
combinations/pals_lcr.4.ufo.BOUNDED-8.pals+Problem12_label05.yml	true	TIMEOUT (ERROR (solver error, after parsing finished))	955.34994593	880.8664403069997	10374.029312	cloud-23933	TIMEOUT	991.731695223	909.5973889680172	10900.336640	cloud-23982
combinations/pals_lcr.4.ufo.BOUNDED-8.pals+Problem12_label08.yml	false	TIMEOUT (ERROR (solver error, after parsing finished))	923.725151002	847.8560267100038	7701.929984	cloud-23979	TIMEOUT	991.098513808	917.8087312849821	7825.698816	cloud-23933
combinations/pals_lcr.4.ufo.UNBOUNDED.pals+Problem12_label05.yml	true	TIMEOUT (ERROR (solver error, after parsing finished))	940.57743539	851.3243577079993	7721.922560	cloud-24261	TIMEOUT	991.261226589	909.2787916670204	7845.396480	cloud-23933
combinations/pals_lcr.4_overflow.ufo.UNBOUNDED.pals+Problem12_label02.yml	false	ERROR (solver error, after parsing finished)	894.600282531	823.7330893269973	7881.318400	cloud-23939	TIMEOUT	991.423100872	923.4547113169974	7869.431808	cloud-23933
combinations/pals_lcr.5.1.ufo.BOUNDED-10.pals+Problem12_label02.yml	false	TIMEOUT (ERROR (solver error, after parsing finished))	924.201135925	857.3069301819996	8358.744064	cloud-24261	TIMEOUT	991.436712276	889.250865671027	7890.272256	cloud-23938
combinations/pals_lcr.5.1.ufo.BOUNDED-10.pals+Problem12_label05.yml	false	TIMEOUT (ERROR (solver error, after parsing finished))	931.791894606	861.9105108180011	7666.950144	cloud-23941	TIMEOUT	991.508905496	919.1663972990063	7943.925760	cloud-23979
combinations/pals_lcr.5.1.ufo.UNBOUNDED.pals+Problem12_label02.yml	false	TIMEOUT (ERROR (solver error, after parsing finished))	971.003394932	887.2757536299978	9148.862464	cloud-24261	TIMEOUT	990.898314193	931.313799037016	7957.676032	cloud-23942
combinations/pals_lcr.5.1.ufo.UNBOUNDED.pals+Problem12_label05.yml	false	TIMEOUT (ERROR (solver error, after parsing finished))	919.399694199	854.329877670003	10310.328320	cloud-23942	TIMEOUT	991.349368773	916.8930571530072	7863.787520	cloud-23980
combinations/pals_lcr.5.ufo.BOUNDED-10.pals+Problem12_label02.yml	true	ERROR (solver error, after parsing finished)	898.195965157	837.1165102219998	7728.013312	cloud-23939	TIMEOUT	991.299052546	913.359252779017	7883.743232	cloud-23980
combinations/pals_lcr.5.ufo.BOUNDED-10.pals+Problem12_label05.yml	true	ERROR (solver error, after parsing finished)	893.444615196	836.680803479001	10726.363136	cloud-23940	TIMEOUT	991.409422619	899.8177389550256	7863.267328	cloud-23982
combinations/pals_lcr.5.ufo.BOUNDED-10.pals+Problem12_label08.yml	false	TIMEOUT (ERROR (solver error, after parsing finished))	930.143918178	851.1990048449952	7946.297344	cloud-24261	TIMEOUT	990.884355884	930.8136508250027	8949.272576	cloud-23942
combinations/pals_lcr.5.ufo.UNBOUNDED.pals+Problem12_label02.yml	true	ERROR (solver error, after parsing finished)	899.000066446	833.6330175699986	7785.385984	cloud-23939	TIMEOUT	990.880636283	931.4908614589949	7963.443200	cloud-23940
combinations/pals_lcr.5.ufo.UNBOUNDED.pals+Problem12_label05.yml	true	TIMEOUT (ERROR (solver error, after parsing finished))	950.458696086	869.763980609001	8103.145472	cloud-23979	TIMEOUT	990.752246696	938.5934554940031	7923.834880	cloud-23940
combinations/pals_lcr.5.ufo.UNBOUNDED.pals+Problem12_label08.yml	false	TIMEOUT (ERROR (solver error, after parsing finished))	903.941059589	838.4970807670034	8008.564736	cloud-23942	TIMEOUT	991.229569685	915.4682463209901	10186.768384	cloud-23979
combinations/pals_lcr.5_overflow.ufo.UNBOUNDED.pals+Problem12_label02.yml	false	TIMEOUT (ERROR (solver error, after parsing finished))	969.701546887	877.308643936	9616.596992	cloud-23933	TIMEOUT	991.405999273	915.7313862050069	10384.420864	cloud-23979
combinations/pals_lcr.5_overflow.ufo.UNBOUNDED.pals+Problem12_label05.yml	false	ERROR (solver error, after parsing finished)	892.295018236	830.2461764119944	7908.368384	cloud-23939	TIMEOUT	991.402655214	910.9138891689945	7872.020480	cloud-23938
combinations/pals_lcr.6.1.ufo.BOUNDED-12.pals+Problem12_label02.yml	false	TIMEOUT (ERROR (solver error, after parsing finished))	907.881805026	846.6284425330014	10458.210304	cloud-23940	TIMEOUT	991.334888948	900.286022684013	8220.934144	cloud-23938
combinations/pals_lcr.6.1.ufo.BOUNDED-12.pals+Problem12_label05.yml	false	ERROR (solver error, after parsing finished)	889.33298235	826.5463141879991	7774.613504	cloud-23944	TIMEOUT	990.852483044	935.0957383969799	9380.876288	cloud-23944
combinations/pals_lcr.6.1.ufo.UNBOUNDED.pals+Problem12_label02.yml	false	TIMEOUT (ERROR (solver error, after parsing finished))	971.032742844	890.4311160080033	7775.662080	cloud-23933	TIMEOUT	990.90154416	928.6375839870016	7951.896576	cloud-23939
combinations/pals_lcr.6.1.ufo.UNBOUNDED.pals+Problem12_label05.yml	false	TIMEOUT (ERROR (solver error, after parsing finished))	912.513938916	838.1099017349989	7827.062784	cloud-23939	TIMEOUT	990.86193554	929.931370167993	7923.716096	cloud-23939
combinations/pals_lcr.6.ufo.BOUNDED-12.pals+Problem12_label02.yml	true	TIMEOUT (ERROR (solver error, after parsing finished))	929.976923794	857.8267487379999	7766.487040	cloud-24261	TIMEOUT	990.794184471	931.4478130220086	7989.243904	cloud-23944
combinations/pals_lcr.6.ufo.BOUNDED-12.pals+Problem12_label05.yml	true	TIMEOUT (ERROR (solver error, after parsing finished))	952.010189014	871.6253470489974	7742.742528	cloud-23933	TIMEOUT	991.223547252	920.1974132510077	7929.933824	cloud-23979
combinations/pals_lcr.6.ufo.UNBOUNDED.pals+Problem12_label05.yml	true	TIMEOUT (ERROR (solver error, after parsing finished))	911.867874266	839.7727708729999	7769.292800	cloud-23939	TIMEOUT	991.323409915	904.393006792001	8200.921088	cloud-23982
combinations/pals_lcr.6_overflow.ufo.UNBOUNDED.pals+Problem12_label02.yml	false	TIMEOUT (ERROR (solver error, after parsing finished))	924.433065643	847.346718752	7961.952256	cloud-23979	TIMEOUT	991.228713377	906.4592360919924	7896.481792	cloud-23982
combinations/pals_lcr.6_overflow.ufo.UNBOUNDED.pals+Problem12_label05.yml	false	TIMEOUT (ERROR (solver error, after parsing finished))	955.823768999	868.4029904069976	7787.732992	cloud-24261	TIMEOUT	991.363668299	906.7496429140156	7895.629824	cloud-23982
combinations/pals_lcr.7.1.ufo.BOUNDED-14.pals+Problem12_label02.yml	false	ERROR (solver error, after parsing finished)	893.808095807	836.631108816	7906.242560	cloud-23941	TIMEOUT	990.818853157	938.9005258209945	8715.055104	cloud-23939
combinations/pals_lcr.7.1.ufo.BOUNDED-14.pals+Problem12_label05.yml	false	ERROR (solver error, after parsing finished)	897.114387409	838.6539729969954	7768.096768	cloud-23940	TIMEOUT	990.949877803	927.3819872650201	8550.494208	cloud-23941
combinations/pals_lcr.7.1.ufo.UNBOUNDED.pals+Problem12_label02.yml	false	TIMEOUT (ERROR (solver error, after parsing finished))	945.512428311	867.0517074789968	10175.778816	cloud-23979	TIMEOUT	991.317136482	915.5995353939943	8165.699584	cloud-23979
combinations/pals_lcr.7.1.ufo.UNBOUNDED.pals+Problem12_label05.yml	false	TIMEOUT (ERROR (solver error, after parsing finished))	952.130766764	854.4095532319989	7776.468992	cloud-23979	TIMEOUT	990.881976129	932.6698536940094	7978.446848	cloud-23940
combinations/pals_lcr.7.ufo.BOUNDED-14.pals+Problem12_label02.yml	true	TIMEOUT (ERROR (solver error, after parsing finished))	921.964909314	856.1480958009997	7745.699840	cloud-23979	TIMEOUT	991.247720915	922.0569842490077	7937.896448	cloud-23979
combinations/pals_lcr.7.ufo.BOUNDED-14.pals+Problem12_label05.yml	true	TIMEOUT (ERROR (solver error, after parsing finished))	948.509537617	876.4106311690048	7757.844480	cloud-24261	TIMEOUT	990.750280717	937.3047564429871	7987.179520	cloud-23944
combinations/pals_lcr.7.ufo.BOUNDED-14.pals+Problem12_label08.yml	false	ERROR (solver error, after parsing finished)	899.294174667	834.3041053499983	7320.035328	cloud-23944	TIMEOUT	990.79226042	940.7511838049977	8900.255744	cloud-23944
combinations/pals_lcr.7.ufo.UNBOUNDED.pals+Problem12_label02.yml	true	TIMEOUT (ERROR (solver error, after parsing finished))	969.373321195	887.349049935	7481.524224	cloud-23979	TIMEOUT	990.968146351	926.1147326589853	8455.864320	cloud-23941
combinations/pals_lcr.7.ufo.UNBOUNDED.pals+Problem12_label05.yml	true	TIMEOUT (ERROR (solver error, after parsing finished))	908.735723073	837.7380384150019	7944.151040	cloud-23941	TIMEOUT	991.573458337	903.5970664920169	10349.633536	cloud-23938
combinations/pals_lcr.7_overflow.ufo.UNBOUNDED.pals+Problem12_label05.yml	false	TIMEOUT (ERROR (solver error, after parsing finished))	969.127505758	882.5261371250017	7914.700800	cloud-23933	TIMEOUT	990.761287499	933.2886734420026	8008.400896	cloud-23944
combinations/pals_lcr.8.1.ufo.BOUNDED-16.pals+Problem12_label02.yml	false	ERROR (solver error, after parsing finished)	892.133364395	834.8395708930038	10511.863808	cloud-23939	TIMEOUT	991.609880964	897.9449280199769	7961.985024	cloud-23938
combinations/pals_lcr.8.1.ufo.BOUNDED-16.pals+Problem12_label05.yml	false	TIMEOUT (ERROR (solver error, after parsing finished))	972.456526856	893.962831236	7830.380544	cloud-23933	TIMEOUT	991.417063374	924.2606511100021	10037.866496	cloud-23979
combinations/pals_lcr.8.1.ufo.UNBOUNDED.pals+Problem12_label02.yml	false	TIMEOUT (ERROR (solver error, after parsing finished))	936.277786376	865.2897792170043	7993.094144	cloud-23941	TIMEOUT	990.925081254	931.8105882820091	7994.523648	cloud-23941
combinations/pals_lcr.8.ufo.BOUNDED-16.pals+Problem12_label02.yml	true	TIMEOUT (ERROR (solver error, after parsing finished))	934.124707048	864.8003659239985	7838.617600	cloud-24261	TIMEOUT	991.403251972	899.2502351820003	7996.608512	cloud-23982
combinations/pals_lcr.8.ufo.BOUNDED-16.pals+Problem12_label05.yml	true	TIMEOUT (ERROR (solver error, after parsing finished))	910.178162844	849.0791190050004	7631.536128	cloud-23944	TIMEOUT	991.074241388	927.2597880960093	10506.133504	cloud-23941
combinations/pals_lcr.8.ufo.BOUNDED-16.pals+Problem12_label08.yml	false	TIMEOUT (ERROR (solver error, after parsing finished))	925.474987751	858.1393250799956	7833.038848	cloud-23942	TIMEOUT	990.80672618	933.726994992001	8022.446080	cloud-23943
combinations/pals_lcr.8.ufo.UNBOUNDED.pals+Problem12_label02.yml	true	TIMEOUT (ERROR (solver error, after parsing finished))	910.737243161	844.8522910769971	7865.208832	cloud-23941	TIMEOUT	991.52201428	918.0729549610114	9820.925952	cloud-23979
combinations/pals_lcr.8.ufo.UNBOUNDED.pals+Problem12_label05.yml	true	TIMEOUT (ERROR (solver error, after parsing finished))	942.196303403	862.5076133609982	7811.919872	cloud-24261	TIMEOUT	991.54920026	914.8851143009961	9734.365184	cloud-23980
combinations/pals_lcr.8.ufo.UNBOUNDED.pals+Problem12_label08.yml	false	TIMEOUT (ERROR (solver error, after parsing finished))	946.683377201	873.5228725009947	7801.843712	cloud-24261	TIMEOUT	990.892603523	926.401065662998	8063.557632	cloud-23939
combinations/pc_sfifo_1.cil-1+token_ring.08.cil-1.yml	false	false(unreach-call)	88.616841373	57.89281682600085	1085.865984	cloud-23979	TIMEOUT	990.353263055	956.9555607110087	1332.068352	cloud-23980
combinations/pc_sfifo_1.cil-1+token_ring.11.cil-2.yml	false	false(unreach-call)	109.938333105	79.17034510899975	1596.694528	cloud-23979	TIMEOUT	990.525851051	948.6734585009981	1593.421824	cloud-23982
combinations/pc_sfifo_1.cil-1+token_ring.12.cil-2.yml	false	false(unreach-call)	139.169634882	101.26917161399979	1515.204608	cloud-23933	TIMEOUT	990.461676396	954.3740086999896	1793.355776	cloud-23941
combinations/pc_sfifo_1.cil-1+token_ring.13.cil-2.yml	false	false(unreach-call)	165.914600781	122.64261652200366	1953.239040	cloud-24259	TIMEOUT	990.568398122	945.292259357986	2401.161216	cloud-23980
combinations/pc_sfifo_1.cil-2+token_ring.01.cil-1.yml	true	true	113.055852154	80.6370134079989	844.554240	cloud-23933	TIMEOUT	990.360846195	964.3977628879948	858.710016	cloud-23933
combinations/pc_sfifo_1.cil-2+token_ring.01.cil-2.yml	false	false(unreach-call)	92.386127386	65.07244188799996	836.517888	cloud-23979	TIMEOUT	990.327706573	965.0261707990139	850.206720	cloud-23980
combinations/pc_sfifo_1.cil-2+token_ring.02.cil-1.yml	true	true	205.277503218	168.829793926001	1156.694016	cloud-23933	TIMEOUT	990.393067392	958.2527881209971	856.203264	cloud-23933
combinations/pc_sfifo_1.cil-2+token_ring.02.cil-2.yml	false	false(unreach-call)	152.822815097	124.1285314759989	858.316800	cloud-23979	TIMEOUT	990.379980958	964.2718850310193	966.713344	cloud-23979
combinations/pc_sfifo_1.cil-2+token_ring.03.cil-1.yml	false	false(unreach-call)	349.142953024	309.8474219580021	955.523072	cloud-24259	TIMEOUT	990.388012417	959.914081468014	940.609536	cloud-23979
combinations/pc_sfifo_1.cil-2+token_ring.03.cil-2.yml	true	true	486.270524744	450.6518456509948	1003.728896	cloud-24259	TIMEOUT	990.339680834	960.2612163909944	998.699008	cloud-23982
combinations/pc_sfifo_1.cil-2+token_ring.04.cil-1.yml	true	TIMEOUT (ERROR (inner timeout, after parsing finished))	964.218625971	921.1194761670013	956.260352	cloud-24259	TIMEOUT	990.309172843	967.8717242279963	903.524352	cloud-23943
combinations/pc_sfifo_1.cil-2+token_ring.04.cil-2.yml	false	TIMEOUT (ERROR (inner timeout, after parsing finished))	955.517967588	917.3968903420027	1018.662912	cloud-23933	TIMEOUT	990.316930406	956.1140521149791	907.235328	cloud-23982
combinations/pc_sfifo_1.cil-2+token_ring.05.cil-1.yml	true	TIMEOUT (ERROR (inner timeout, after parsing finished))	966.730908269	920.7728048320059	955.314176	cloud-23933	TIMEOUT	990.320633776	956.9994260270032	1066.983424	cloud-23982
combinations/pc_sfifo_1.cil-2+token_ring.05.cil-2.yml	false	ERROR (solver error, after parsing finished)	765.577007442	725.1592295230002	1073.618944	cloud-23933	TIMEOUT	990.432454894	960.4899035769922	998.707200	cloud-23933
combinations/pc_sfifo_1.cil-2+token_ring.06.cil-1.yml	false	TIMEOUT (ERROR (inner timeout, after parsing finished))	954.257551525	914.957619879	1401.286656	cloud-23941	TIMEOUT	990.450298484	958.0921517420211	1212.325888	cloud-23979
combinations/pc_sfifo_1.cil-2+token_ring.06.cil-2.yml	true	ERROR (solver error, after parsing finished)	771.61655908	728.2361556719998	1168.015360	cloud-23933	TIMEOUT	990.360427491	959.0994497580105	1188.495360	cloud-23980
combinations/pc_sfifo_1.cil-2+token_ring.07.cil-1.yml	true	ERROR (solver error, after parsing finished)	762.463728653	723.1255014430001	1436.848128	cloud-23979	TIMEOUT	990.403308795	956.2271016480227	1212.518400	cloud-23979
combinations/pc_sfifo_1.cil-2+token_ring.07.cil-2.yml	false	ERROR (solver error, after parsing finished)	790.34769605	735.4928358239995	1170.079744	cloud-24259	TIMEOUT	990.47105669	946.1962503069954	1039.003648	cloud-23933
combinations/pc_sfifo_1.cil-2+token_ring.08.cil-1.yml	true	ERROR (solver error, after parsing finished)	782.61590068	731.869810571	1356.632064	cloud-23979	TIMEOUT	990.372899821	951.229628229019	1417.711616	cloud-23938
combinations/pc_sfifo_1.cil-2+token_ring.08.cil-2.yml	false	ERROR (solver error, after parsing finished)	794.664327376	735.6274000470003	1171.087360	cloud-24259	TIMEOUT	990.471521143	953.5968880259898	1344.040960	cloud-23979
combinations/pc_sfifo_1.cil-2+token_ring.09.cil-1.yml	true	ERROR (solver error, after parsing finished)	796.386872434	738.2085197209963	1586.343936	cloud-23979	TIMEOUT	990.387717799	946.2718810490042	1244.631040	cloud-23982
combinations/pc_sfifo_1.cil-2+token_ring.09.cil-2.yml	false	ERROR (solver error, after parsing finished)	782.330631145	733.1509157149994	1272.320000	cloud-23979	TIMEOUT	990.488539458	953.615511631011	1541.844992	cloud-23933
combinations/pc_sfifo_1.cil-2+token_ring.10.cil-1.yml	false	ERROR (solver error, after parsing finished)	782.800071871	733.9010813490004	1084.108800	cloud-23979	TIMEOUT	990.500513873	949.3948501610139	1541.005312	cloud-23933
combinations/pc_sfifo_1.cil-2+token_ring.10.cil-2.yml	true	ERROR (solver error, after parsing finished)	790.846805445	738.2856895270015	1181.331456	cloud-23933	TIMEOUT	990.487874366	953.5865841860068	1336.487936	cloud-23979
combinations/pc_sfifo_1.cil-2+token_ring.11.cil-1.yml	false	ERROR (solver error, after parsing finished)	802.617228047	737.7641088310011	1499.557888	cloud-23979	TIMEOUT	990.594121739	945.3572101840109	1808.801792	cloud-23938
combinations/pc_sfifo_1.cil-2+token_ring.11.cil-2.yml	true	ERROR (solver error, after parsing finished)	786.74747431	735.5231131999999	1305.522176	cloud-23979	TIMEOUT	990.51584514	945.981875100988	1726.746624	cloud-23982
combinations/pc_sfifo_1.cil-2+token_ring.12.cil-1.yml	false	ERROR (solver error, after parsing finished)	834.074559561	752.059410392998	1557.094400	cloud-24259	TIMEOUT	990.476208196	946.1678821110108	1954.148352	cloud-23982
combinations/pc_sfifo_1.cil-2+token_ring.12.cil-2.yml	true	ERROR (solver error, after parsing finished)	788.586825858	739.264002226002	1533.399040	cloud-23979	TIMEOUT	990.600792912	941.7599681899883	2132.598784	cloud-23982
combinations/pc_sfifo_1.cil-2+token_ring.13.cil-1.yml	false	ERROR (solver error, after parsing finished)	815.426818477	754.7875375990043	2258.878464	cloud-23933	TIMEOUT	990.541869721	940.1608070939837	2150.981632	cloud-23982
combinations/pc_sfifo_1.cil-2+token_ring.13.cil-2.yml	true	ERROR (solver error, after parsing finished)	823.380674328	761.062705632	1727.340544	cloud-23933	TIMEOUT	990.480868212	939.328552003979	2132.066304	cloud-23982
combinations/pc_sfifo_1.cil-2+token_ring.14.cil.yml	false	ERROR (solver error, after parsing finished)	812.38312843	751.6813698990009	1520.271360	cloud-23933	TIMEOUT	990.579273461	941.9599714450014	1927.114752	cloud-23938
combinations/pc_sfifo_2.cil-1+token_ring.01.cil-1.yml	true	true	126.033404802	96.81520595500115	1010.204672	cloud-23979	TIMEOUT	990.329167097	965.9543681289942	878.067712	cloud-23979
combinations/pc_sfifo_2.cil-1+token_ring.01.cil-2.yml	false	false(unreach-call)	127.546460603	89.97155194000516	809.050112	cloud-23933	TIMEOUT	990.310091716	964.5340348979807	797.462528	cloud-23980
combinations/pc_sfifo_2.cil-1+token_ring.02.cil-1.yml	true	true	206.465069187	175.6048779690027	1043.927040	cloud-23979	TIMEOUT	990.36663536	966.3925027489895	923.025408	cloud-23979
combinations/pc_sfifo_2.cil-1+token_ring.02.cil-2.yml	false	false(unreach-call)	208.331885797	174.42467393500556	938.250240	cloud-23979	TIMEOUT	990.368505997	960.0920699120034	884.006912	cloud-23933
combinations/pc_sfifo_2.cil-1+token_ring.03.cil-1.yml	false	false(unreach-call)	395.327341602	360.72274712499984	999.677952	cloud-23979	TIMEOUT	990.326728051	965.18655356401	892.129280	cloud-23933
combinations/pc_sfifo_2.cil-1+token_ring.03.cil-2.yml	true	true	507.709927928	468.71242812499986	1077.723136	cloud-23979	TIMEOUT	990.243982165	971.5583556700149	950.546432	cloud-23944
combinations/pc_sfifo_2.cil-1+token_ring.04.cil-1.yml	true	ERROR (solver error, after parsing finished)	771.776423667	727.9992951029999	1145.004032	cloud-24259	TIMEOUT	990.329796015	962.3032543620211	918.261760	cloud-23980
combinations/pc_sfifo_2.cil-1+token_ring.04.cil-2.yml	false	ERROR (solver error, after parsing finished)	765.81106365	724.9261300449944	953.602048	cloud-23933	TIMEOUT	990.382711471	954.3076117000019	995.360768	cloud-23938
combinations/pc_sfifo_2.cil-1+token_ring.05.cil-1.yml	true	ERROR (solver error, after parsing finished)	762.653924655	722.938519538	1024.888832	cloud-23979	TIMEOUT	990.355353976	954.9717575709801	919.945216	cloud-23982
combinations/pc_sfifo_2.cil-1+token_ring.05.cil-2.yml	false	ERROR (solver error, after parsing finished)	772.979719345	727.9278248539995	1324.523520	cloud-23933	TIMEOUT	990.366403247	957.0295958610077	1113.006080	cloud-23982
combinations/pc_sfifo_2.cil-1+token_ring.06.cil-1.yml	false	TIMEOUT (ERROR (inner timeout, after parsing finished))	988.297005595	925.304604626006	972.681216	cloud-24259	TIMEOUT	990.392626175	958.5430616509984	1128.419328	cloud-23979
combinations/pc_sfifo_2.cil-1+token_ring.06.cil-2.yml	true	TIMEOUT (ERROR (inner timeout, after parsing finished))	974.263202225	926.1426158460017	1137.524736	cloud-24259	TIMEOUT	990.445802997	958.988361479016	1155.985408	cloud-23979
combinations/pc_sfifo_2.cil-1+token_ring.07.cil-1.yml	true	ERROR (solver error, after parsing finished)	798.100584131	735.2654353940015	1273.978880	cloud-24259	TIMEOUT	990.412104228	950.7583559310006	1273.565184	cloud-23982
combinations/pc_sfifo_2.cil-1+token_ring.07.cil-2.yml	false	ERROR (solver error, after parsing finished)	780.410340596	726.1483397560005	1275.686912	cloud-23979	TIMEOUT	990.400997592	952.3889670549834	1272.389632	cloud-23980
combinations/pc_sfifo_2.cil-1+token_ring.08.cil-1.yml	true	ERROR (solver error, after parsing finished)	776.034047671	729.4376112900027	1447.284736	cloud-23979	TIMEOUT	990.498928637	945.1777298290108	1383.829504	cloud-23982
combinations/pc_sfifo_2.cil-1+token_ring.08.cil-2.yml	false	ERROR (solver error, after parsing finished)	768.326635276	722.7018517300003	1251.454976	cloud-23942	TIMEOUT	990.410839185	952.1045735869848	1356.386304	cloud-23980
combinations/pc_sfifo_2.cil-1+token_ring.09.cil-1.yml	true	ERROR (solver error, after parsing finished)	799.572670612	727.4581478989999	1529.311232	cloud-23939	TIMEOUT	990.451588528	953.750719225005	1416.622080	cloud-23980
combinations/pc_sfifo_2.cil-1+token_ring.09.cil-2.yml	false	ERROR (solver error, after parsing finished)	795.56283497	736.2766427220049	1267.494912	cloud-23979	TIMEOUT	990.403077325	952.0745279840194	1213.677568	cloud-23980
combinations/pc_sfifo_2.cil-1+token_ring.10.cil-1.yml	false	ERROR (solver error, after parsing finished)	838.259799034	747.1444136249993	1261.289472	cloud-24259	TIMEOUT	990.608945785	946.4669524180063	1963.397120	cloud-23938
combinations/pc_sfifo_2.cil-1+token_ring.10.cil-2.yml	true	ERROR (solver error, after parsing finished)	808.118988858	744.1238228869988	1595.060224	cloud-23933	TIMEOUT	990.484390359	945.3973813909979	1350.631424	cloud-23982
combinations/pc_sfifo_2.cil-1+token_ring.11.cil-1.yml	false	ERROR (solver error, after parsing finished)	788.381461322	738.9092983029986	1249.648640	cloud-23979	TIMEOUT	990.605259675	941.4819235519972	1664.630784	cloud-23938
combinations/pc_sfifo_2.cil-1+token_ring.11.cil-2.yml	true	TIMEOUT (ERROR (verification stuck, after parsing finished))	951.550629876	873.9965540560006	1705.615360	cloud-23933	TIMEOUT	990.546305498	944.1061597759835	1818.550272	cloud-23938
combinations/pc_sfifo_2.cil-1+token_ring.12.cil-1.yml	false	ERROR (solver error, after parsing finished)	837.008320556	754.1703904620008	1768.771584	cloud-24259	TIMEOUT	990.47984392	953.0511340420053	1940.660224	cloud-23980
combinations/pc_sfifo_2.cil-1+token_ring.12.cil-2.yml	true	TIMEOUT (ERROR (verification stuck, after parsing finished))	977.110317667	896.7792686860003	2106.290176	cloud-23979	TIMEOUT	990.558570078	950.7586608619895	2031.005696	cloud-23933
combinations/pc_sfifo_2.cil-1+token_ring.13.cil-1.yml	false	ERROR (solver error, after parsing finished)	821.019227295	761.2617788159987	1865.895936	cloud-24259	TIMEOUT	990.480299968	945.0334673420002	2885.730304	cloud-23980
combinations/pc_sfifo_2.cil-1+token_ring.13.cil-2.yml	true	ERROR (solver error, after parsing finished)	803.755559918	748.8495651530002	1746.960384	cloud-23979	TIMEOUT	990.520812245	940.2875931570015	2627.940352	cloud-23982
combinations/pc_sfifo_2.cil-1+token_ring.14.cil.yml	false	ERROR (solver error, after parsing finished)	804.529231871	748.4989693550015	1925.111808	cloud-23979	TIMEOUT	990.558433375	945.9027648949996	1915.297792	cloud-23933
combinations/pc_sfifo_2.cil-1+token_ring.15.cil.yml	false	ERROR (solver error, after parsing finished)	828.003961965	761.819165072	2434.088960	cloud-23933	TIMEOUT	990.529432188	940.4389800039935	1831.227392	cloud-23980
combinations/pc_sfifo_2.cil-2+token_ring.02.cil-1.yml	false	false(unreach-call)	50.480215346	29.07341445100019	857.468928	cloud-23979	TIMEOUT	990.297737942	959.2347566800017	803.700736	cloud-23982
combinations/pc_sfifo_2.cil-2+token_ring.03.cil-2.yml	false	false(unreach-call)	54.576359823	32.526498815001105	810.332160	cloud-23979	TIMEOUT	990.358084205	964.7284703199985	852.553728	cloud-23979
combinations/pc_sfifo_2.cil-2+token_ring.04.cil-1.yml	false	false(unreach-call)	77.127360389	46.65904271000181	795.906048	cloud-24259	TIMEOUT	990.372338159	960.877616910002	985.444352	cloud-23979
combinations/pc_sfifo_2.cil-2+token_ring.05.cil-1.yml	false	false(unreach-call)	76.252262235	48.667605429000105	968.871936	cloud-23933	TIMEOUT	990.369772968	959.9499871739827	996.282368	cloud-23933
combinations/pc_sfifo_2.cil-2+token_ring.06.cil-2.yml	false	false(unreach-call)	89.788074321	56.53792836900175	1119.821824	cloud-24259	TIMEOUT	990.415598818	956.010955367994	1007.800320	cloud-23933
combinations/pc_sfifo_2.cil-2+token_ring.07.cil-1.yml	false	false(unreach-call)	99.930390347	64.76465943999938	1096.744960	cloud-24259	TIMEOUT	990.482772141	943.6787529580179	1098.133504	cloud-23933
combinations/pc_sfifo_2.cil-2+token_ring.08.cil-1.yml	false	false(unreach-call)	100.638487586	67.01294730199879	1214.132224	cloud-23979	TIMEOUT	990.481975529	956.2514069119934	1330.511872	cloud-23933
combinations/pc_sfifo_2.cil-2+token_ring.09.cil-1.yml	false	false(unreach-call)	109.895252294	73.59302740799467	1284.960256	cloud-23979	TIMEOUT	990.448157593	954.6875973760034	1486.024704	cloud-23980
combinations/pc_sfifo_2.cil-2+token_ring.10.cil-2.yml	false	false(unreach-call)	129.163377007	88.56363406600212	1152.929792	cloud-23933	TIMEOUT	990.497403601	949.1820945259824	1425.870848	cloud-23979
combinations/pc_sfifo_2.cil-2+token_ring.11.cil-2.yml	false	false(unreach-call)	131.648467234	96.1208383889998	1341.820928	cloud-23933	TIMEOUT	990.468202452	944.5081506050192	1445.208064	cloud-23982
combinations/pc_sfifo_2.cil-2+token_ring.12.cil-2.yml	false	false(unreach-call)	133.486649813	95.05095901599998	1475.612672	cloud-23979	TIMEOUT	990.506845553	947.9844823149906	2003.378176	cloud-23979
combinations/pc_sfifo_2.cil-2+token_ring.13.cil-2.yml	false	false(unreach-call)	138.572237795	102.69295577600133	2035.027968	cloud-23979	TIMEOUT	990.630559001	939.5685779929918	2469.756928	cloud-23938
combinations/pc_sfifo_3.cil+token_ring.01.cil-1.yml	true	true	73.60774673	47.993708043999504	1013.780480	cloud-23979	TIMEOUT	990.342718398	966.1855860819924	911.245312	cloud-23979
combinations/pc_sfifo_3.cil+token_ring.01.cil-2.yml	false	false(unreach-call)	54.529267832	32.40091552800004	837.545984	cloud-23979	TIMEOUT	990.344813154	964.3594481619948	878.968832	cloud-23980
combinations/pc_sfifo_3.cil+token_ring.02.cil-1.yml	true	true	223.280896064	190.22845587200027	1221.500928	cloud-23940	TIMEOUT	990.418366632	959.4805076329794	835.104768	cloud-23938
combinations/pc_sfifo_3.cil+token_ring.02.cil-2.yml	false	false(unreach-call)	267.241524271	227.84070249600063	913.399808	cloud-23933	TIMEOUT	990.328843723	958.4900448179978	959.045632	cloud-23980
combinations/pc_sfifo_3.cil+token_ring.03.cil-1.yml	false	false(unreach-call)	331.594080725	298.9924390929955	1061.720064	cloud-23944	TIMEOUT	990.376898847	959.7878817049786	974.757888	cloud-23938
combinations/pc_sfifo_3.cil+token_ring.03.cil-2.yml	true	true	505.174153529	462.8237569119956	979.849216	cloud-23979	TIMEOUT	990.357699494	959.0644176589849	907.939840	cloud-23979
combinations/pc_sfifo_3.cil+token_ring.04.cil-1.yml	true	ERROR (solver error, after parsing finished)	766.034425722	724.9485464600002	1236.652032	cloud-23979	TIMEOUT	990.414377867	954.7386622900085	969.482240	cloud-23982
combinations/pc_sfifo_3.cil+token_ring.04.cil-2.yml	false	ERROR (solver error, after parsing finished)	772.254321729	729.519461584001	1159.204864	cloud-24259	TIMEOUT	990.425558402	955.9795699249953	942.030848	cloud-23938
combinations/pc_sfifo_3.cil+token_ring.05.cil-1.yml	true	TIMEOUT (ERROR (inner timeout, after parsing finished))	971.225680593	924.0248459900031	1305.956352	cloud-24259	TIMEOUT	990.389559443	959.0108934600139	1162.788864	cloud-23980
combinations/pc_sfifo_3.cil+token_ring.05.cil-2.yml	false	ERROR (solver error, after parsing finished)	763.788976382	725.3546205529992	973.684736	cloud-23979	TIMEOUT	990.446247781	944.8458895990043	1032.445952	cloud-23938
combinations/pc_sfifo_3.cil+token_ring.06.cil-1.yml	false	ERROR (solver error, after parsing finished)	783.947153052	734.5402526959952	1397.116928	cloud-23933	TIMEOUT	990.371456973	962.9432560589921	1078.386688	cloud-23941
combinations/pc_sfifo_3.cil+token_ring.06.cil-2.yml	true	ERROR (solver error, after parsing finished)	765.868429153	725.6484462669978	1234.128896	cloud-23979	TIMEOUT	990.439425519	954.4265117160103	1229.287424	cloud-23938
combinations/pc_sfifo_3.cil+token_ring.07.cil-1.yml	true	TIMEOUT (ERROR (server error, after parsing finished))	972.419560683	923.7495882920011	1441.714176	cloud-23979	TIMEOUT	990.435629354	957.9527538770053	1345.691648	cloud-23979
combinations/pc_sfifo_3.cil+token_ring.07.cil-2.yml	false	ERROR (solver error, after parsing finished)	775.804369874	731.6687620869998	1269.612544	cloud-23979	TIMEOUT	990.460315165	952.0423088220123	1368.449024	cloud-23979
combinations/pc_sfifo_3.cil+token_ring.08.cil-1.yml	true	ERROR (verification stuck, after parsing finished)	881.709766431	826.4473133790016	1196.613632	cloud-24259	TIMEOUT	990.467281893	956.7096877089934	1452.216320	cloud-23980
combinations/pc_sfifo_3.cil+token_ring.08.cil-2.yml	false	ERROR (verification stuck, after parsing finished)	861.623207575	802.8601652200014	1534.009344	cloud-23933	TIMEOUT	990.454599267	953.047471302998	1349.959680	cloud-23980
combinations/pc_sfifo_3.cil+token_ring.09.cil-1.yml	true	ERROR (solver error, after parsing finished)	786.166974702	737.392742837	1101.295616	cloud-23933	TIMEOUT	990.435007075	956.7781851699983	1632.690176	cloud-23933
combinations/pc_sfifo_3.cil+token_ring.09.cil-2.yml	false	ERROR (solver error, after parsing finished)	792.929172336	740.4637269329978	1437.569024	cloud-23933	TIMEOUT	990.438916535	957.7388071809837	1575.378944	cloud-23980
combinations/pc_sfifo_3.cil+token_ring.10.cil-1.yml	false	ERROR (solver error, after parsing finished)	795.999530905	741.3387904309993	1296.330752	cloud-23979	TIMEOUT	990.47228995	950.7956170789839	1663.381504	cloud-23979
combinations/pc_sfifo_3.cil+token_ring.10.cil-2.yml	true	ERROR (solver error, after parsing finished)	800.218307365	745.1026383860008	1296.105472	cloud-23933	TIMEOUT	990.47128613	953.1276647240156	1461.858304	cloud-23980
combinations/pc_sfifo_3.cil+token_ring.11.cil-1.yml	false	TIMEOUT (ERROR (verification stuck, after parsing finished))	905.580992207	846.8091495429999	1536.057344	cloud-23933	TIMEOUT	990.521327339	939.970625218004	1928.056832	cloud-23982
combinations/pc_sfifo_3.cil+token_ring.11.cil-2.yml	true	ERROR (solver error, after parsing finished)	800.07980227	745.4138748360001	1554.571264	cloud-23933	TIMEOUT	990.501450022	952.9498714009824	1907.716096	cloud-23980
combinations/pc_sfifo_3.cil+token_ring.12.cil-1.yml	false	ERROR (solver error, after parsing finished)	807.33922886	751.635633736998	2149.335040	cloud-23933	TIMEOUT	990.602619731	941.9731665540021	1967.489024	cloud-23938
combinations/pc_sfifo_3.cil+token_ring.12.cil-2.yml	true	ERROR (solver error, after parsing finished)	807.493728262	750.8976019740003	1789.526016	cloud-23933	TIMEOUT	990.592994783	949.8519417429925	2379.141120	cloud-23933
combinations/pc_sfifo_3.cil+token_ring.13.cil-1.yml	false	TIMEOUT (ERROR (verification stuck, after parsing finished))	955.047028687	892.2081052069989	2332.286976	cloud-24259	TIMEOUT	990.673943271	943.1561532600026	2356.944896	cloud-23979
combinations/pc_sfifo_3.cil+token_ring.13.cil-2.yml	true	TIMEOUT (ERROR (verification stuck, after parsing finished))	936.59878083	869.5788823090043	1856.221184	cloud-24259	TIMEOUT	990.624803014	946.9591308029776	2407.124992	cloud-23979
combinations/pc_sfifo_3.cil+token_ring.14.cil.yml	false	ERROR (solver error, after parsing finished)	801.984808775	748.1281956829989	1764.036608	cloud-23933	TIMEOUT	990.598879379	940.897674265987	2139.496448	cloud-23938
combinations/pc_sfifo_3.cil+token_ring.15.cil.yml	false	ERROR (solver error, after parsing finished)	818.234661713	759.1335774799954	2253.078528	cloud-23933	TIMEOUT	990.608688804	946.1636798820109	2310.782976	cloud-23980
combinations/square_1+soft_float_1-2a.c.cil.yml	false	ERROR (solver error, after parsing finished)	727.418930301	714.4203861089991	1060.966400	cloud-24259	TIMEOUT	990.381534934	973.5915605799819	1177.645056	cloud-23979
combinations/square_1+soft_float_2a.c.cil.yml	false	ERROR (solver error, after parsing finished)	730.46243442	715.8420734329993	1078.878208	cloud-23933	TIMEOUT	990.342008148	971.9585966729792	1110.310912	cloud-23938
combinations/square_1+soft_float_3a.c.cil.yml	false	ERROR (solver error, after parsing finished)	728.648682063	714.6174535169994	1078.915072	cloud-23933	TIMEOUT	990.395427837	975.1284330369963	1134.366720	cloud-23938
combinations/square_1+soft_float_4-2a.c.cil.yml	false	ERROR (solver error, after parsing finished)	728.977208479	715.7637549270003	1073.352704	cloud-24259	TIMEOUT	990.219333261	980.0028699490067	1080.832000	cloud-23944
combinations/square_1+soft_float_5a.c.cil.yml	false	ERROR (solver error, after parsing finished)	726.124176559	712.9404826819955	1099.022336	cloud-23979	TIMEOUT	990.290111302	976.1773797960195	1139.912704	cloud-23982
combinations/square_2+soft_float_1-2a.c.cil.yml	false	ERROR (solver error, after parsing finished)	724.957146524	712.7995467600012	1107.374080	cloud-23979	TIMEOUT	990.368858488	978.8904786039784	1037.643776	cloud-23980
combinations/square_2+soft_float_2a.c.cil.yml	false	ERROR (solver error, after parsing finished)	727.687425142	714.9192376969986	1129.783296	cloud-24259	TIMEOUT	990.336285319	976.287322551012	1050.824704	cloud-23980
combinations/square_2+soft_float_3a.c.cil.yml	false	ERROR (solver error, after parsing finished)	724.477449608	712.531885078999	1173.352448	cloud-23979	TIMEOUT	990.361552134	973.9920405730081	1024.520192	cloud-23933
combinations/square_2+soft_float_4-2a.c.cil.yml	false	ERROR (solver error, after parsing finished)	723.935126967	712.0433484950045	1192.185856	cloud-23979	TIMEOUT	990.337287785	974.4942876530113	1144.389632	cloud-23933
combinations/square_2+soft_float_5a.c.cil.yml	false	ERROR (solver error, after parsing finished)	728.457402236	714.4515456640002	1121.447936	cloud-23933	TIMEOUT	990.338386014	974.2942055329913	1089.560576	cloud-23938
combinations/square_3+soft_float_1-2a.c.cil.yml	false	ERROR (solver error, after parsing finished)	729.293957863	715.7454854030002	1039.486976	cloud-24259	TIMEOUT	990.327466348	976.0480469320028	1022.451712	cloud-23938
combinations/square_3+soft_float_2a.c.cil.yml	false	ERROR (solver error, after parsing finished)	723.204811891	711.9051196519999	1104.982016	cloud-23979	TIMEOUT	990.291959016	975.8878768970026	1090.490368	cloud-23980
combinations/square_3+soft_float_3a.c.cil.yml	false	ERROR (solver error, after parsing finished)	731.097412258	716.1051632770032	1081.339904	cloud-23933	TIMEOUT	990.247876424	978.9614465940103	1136.615424	cloud-23982
combinations/square_3+soft_float_4-2a.c.cil.yml	false	ERROR (solver error, after parsing finished)	721.819178958	711.5147805639999	1130.893312	cloud-23979	TIMEOUT	990.298282152	974.445483538002	1059.368960	cloud-23938
combinations/square_3+soft_float_5a.c.cil.yml	false	ERROR (solver error, after parsing finished)	725.893521752	714.3304267429994	1096.740864	cloud-24259	TIMEOUT	990.316478401	975.4414972890227	1043.816448	cloud-23982
combinations/square_4+soft_float_1-2a.c.cil.yml	true	ERROR (server error, after parsing finished)	731.746500193	716.9370586139994	1087.918080	cloud-24259	TIMEOUT	990.280706186	976.8266350000049	1207.271424	cloud-23980
combinations/square_4+soft_float_1-3a.c.cil.yml	false	ERROR (solver error, after parsing finished)	730.469939207	715.9552034340013	1085.796352	cloud-24259	TIMEOUT	990.40668012	974.0022330659849	1119.481856	cloud-23933
combinations/square_4+soft_float_2a.c.cil.yml	true	ERROR (solver error, after parsing finished)	726.288564068	713.4548367430034	1126.199296	cloud-23979	TIMEOUT	990.32756743	978.4001245420077	1120.514048	cloud-23980
combinations/square_4+soft_float_3a.c.cil.yml	true	ERROR (solver error, after parsing finished)	730.938953208	715.4178317590013	1086.070784	cloud-23933	TIMEOUT	990.255452704	974.8227402739867	1103.790080	cloud-23982
combinations/square_4+soft_float_4-2a.c.cil.yml	true	ERROR (solver error, after parsing finished)	727.05358677	714.0610545749951	1088.978944	cloud-24259	TIMEOUT	990.327895169	977.3934337339888	1042.993152	cloud-23980
combinations/square_4+soft_float_4-3a.c.cil.yml	false	ERROR (solver error, after parsing finished)	728.480735192	715.2590068099962	1083.170816	cloud-24259	TIMEOUT	990.371301491	973.8074321679887	1155.272704	cloud-23938
combinations/square_4+soft_float_5a.c.cil.yml	true	ERROR (solver error, after parsing finished)	721.295563807	710.922737013	1155.817472	cloud-23979	TIMEOUT	990.364527778	974.1589620639861	1215.832064	cloud-23979
combinations/square_5+soft_float_1-2a.c.cil.yml	true	ERROR (solver error, after parsing finished)	730.551474147	715.9325642349941	1043.468288	cloud-24259	TIMEOUT	990.327043497	975.6438399470062	1117.814784	cloud-23982
combinations/square_5+soft_float_1-3a.c.cil.yml	false	ERROR (server error, after parsing finished)	725.152445212	712.479062716	1175.896064	cloud-23979	TIMEOUT	990.354261108	972.886669480009	1129.005056	cloud-23933
combinations/square_5+soft_float_2a.c.cil.yml	true	ERROR (solver error, after parsing finished)	726.60648496	713.5932105249994	1088.315392	cloud-23979	TIMEOUT	990.340397621	975.2430867090006	992.124928	cloud-23979
combinations/square_5+soft_float_3a.c.cil.yml	true	ERROR (solver error, after parsing finished)	725.853537331	712.6942777820004	1125.056512	cloud-23979	TIMEOUT	990.307723032	977.3805231309962	1109.315584	cloud-23980
combinations/square_5+soft_float_4-2a.c.cil.yml	true	ERROR (solver error, after parsing finished)	727.106010971	713.7746957059999	1078.153216	cloud-23933	TIMEOUT	990.340113068	974.5558436209976	1096.163328	cloud-23979
combinations/square_5+soft_float_4-3a.c.cil.yml	false	ERROR (solver error, after parsing finished)	729.494668956	714.8056950590035	1038.807040	cloud-23933	TIMEOUT	990.3141995	973.7996671580186	1005.477888	cloud-23933
combinations/square_5+soft_float_5a.c.cil.yml	true	ERROR (solver error, after parsing finished)	729.288596259	715.6673654799997	1033.240576	cloud-24259	TIMEOUT	990.336978461	976.7572004880058	1111.126016	cloud-23933
combinations/square_6+soft_float_1-2a.c.cil.yml	true	ERROR (solver error, after parsing finished)	726.167309767	713.9500808779994	1152.155648	cloud-23979	TIMEOUT	990.339903079	975.0156282160024	1093.959680	cloud-23933
combinations/square_6+soft_float_1-3a.c.cil.yml	false	ERROR (solver error, after parsing finished)	726.443110275	713.6936946899996	1123.799040	cloud-23979	TIMEOUT	990.370562087	974.8075155650149	1155.969024	cloud-23979
combinations/square_6+soft_float_2a.c.cil.yml	true	ERROR (solver error, after parsing finished)	718.206850877	709.9968582259971	1385.308160	cloud-23939	TIMEOUT	990.321906037	975.2363283709856	1087.758336	cloud-23982
combinations/square_6+soft_float_3a.c.cil.yml	true	ERROR (solver error, after parsing finished)	726.114093626	713.0162509150005	1080.279040	cloud-23933	TIMEOUT	990.339763087	975.6864265720069	1091.645440	cloud-23979
combinations/square_6+soft_float_4-2a.c.cil.yml	true	ERROR (solver error, after parsing finished)	727.462301775	713.8954857540011	1104.240640	cloud-23979	TIMEOUT	990.317526748	976.0874653740029	1001.996288	cloud-23933
combinations/square_6+soft_float_4-3a.c.cil.yml	false	ERROR (solver error, after parsing finished)	724.15403129	712.3983532580023	1125.638144	cloud-23979	TIMEOUT	990.348459647	976.2540701650141	1075.429376	cloud-23979
combinations/square_6+soft_float_5a.c.cil.yml	true	ERROR (solver error, after parsing finished)	730.256047657	716.1433083029988	1084.698624	cloud-24259	TIMEOUT	990.368757318	972.8111676049884	1049.489408	cloud-23938
combinations/square_7+soft_float_1-2a.c.cil.yml	true	ERROR (solver error, after parsing finished)	724.890531457	712.4382772550016	1318.014976	cloud-23979	TIMEOUT	990.391746487	972.8595017140033	972.210176	cloud-23933
combinations/square_7+soft_float_1-3a.c.cil.yml	false	ERROR (solver error, after parsing finished)	725.060680717	713.6234702049996	1311.768576	cloud-23979	TIMEOUT	990.368759636	973.4675425759924	1148.354560	cloud-23938
combinations/square_7+soft_float_2a.c.cil.yml	true	ERROR (solver error, after parsing finished)	728.977096753	714.4948116579981	1317.482496	cloud-23979	TIMEOUT	990.354373658	974.5545093289984	1080.283136	cloud-23933
combinations/square_7+soft_float_3a.c.cil.yml	true	ERROR (solver error, after parsing finished)	717.903617889	709.8052367359996	1349.066752	cloud-23939	TIMEOUT	990.268911374	975.3967934050015	1136.345088	cloud-23982
combinations/square_7+soft_float_4-2a.c.cil.yml	true	ERROR (solver error, after parsing finished)	728.669595994	714.5149471719997	1300.856832	cloud-23933	TIMEOUT	990.406910622	975.7395394270134	1171.111936	cloud-23979
combinations/square_7+soft_float_4-3a.c.cil.yml	false	ERROR (solver error, after parsing finished)	726.915722594	713.3111924549958	1301.561344	cloud-23979	TIMEOUT	990.359935888	973.5830833819928	1088.937984	cloud-23938
combinations/square_7+soft_float_5a.c.cil.yml	true	ERROR (solver error, after parsing finished)	725.771625314	712.9009097540038	1330.642944	cloud-23979	TIMEOUT	990.340747461	974.2430866009963	1073.549312	cloud-23933
combinations/square_8+soft_float_1-2a.c.cil.yml	true	ERROR (solver error, after parsing finished)	724.979965283	712.6643697700019	1298.690048	cloud-23979	TIMEOUT	990.338600913	975.880113311985	1049.849856	cloud-23933
combinations/square_8+soft_float_1-3a.c.cil.yml	false	ERROR (solver error, after parsing finished)	722.784110255	712.0129006420001	1311.330304	cloud-23979	TIMEOUT	990.32873467	977.1603437839949	1121.685504	cloud-23980
combinations/square_8+soft_float_2a.c.cil.yml	true	ERROR (solver error, after parsing finished)	727.506327723	714.0075840340069	1113.759744	cloud-23933	TIMEOUT	990.312484188	974.4693838309904	1117.487104	cloud-23982
combinations/square_8+soft_float_3a.c.cil.yml	true	ERROR (server error, after parsing finished)	727.760237239	714.4894757119982	1054.617600	cloud-24259	TIMEOUT	990.282019379	976.3977106060192	1088.233472	cloud-23982
combinations/square_8+soft_float_4-2a.c.cil.yml	true	ERROR (solver error, after parsing finished)	728.596557009	714.5167356810052	1052.078080	cloud-23933	TIMEOUT	990.352261353	976.2415583689872	1162.633216	cloud-23980
combinations/square_8+soft_float_4-3a.c.cil.yml	false	ERROR (solver error, after parsing finished)	726.884547873	713.7718178529976	1307.869184	cloud-23979	TIMEOUT	990.362694901	974.0153329400055	1028.567040	cloud-23938
combinations/square_8+soft_float_5a.c.cil.yml	true	ERROR (solver error, after parsing finished)	728.851910444	715.0761800089967	1156.775936	cloud-24259	TIMEOUT	990.365297465	975.4722733850067	1216.008192	cloud-23979
eca-rers2012/Problem01_label00.yml	true	true	103.167581587	76.13591394000105	1084.735488	cloud-24259	TIMEOUT	990.351578451	962.7883971300034	1017.454592	cloud-23938
eca-rers2012/Problem01_label01.yml	true	true	111.180188386	79.12547315599659	1009.565696	cloud-23933	TIMEOUT	990.395428998	960.9326995839947	888.348672	cloud-23982
eca-rers2012/Problem01_label02.yml	true	true	104.360607004	72.31300286999976	1007.017984	cloud-23933	TIMEOUT	990.353738575	965.7977054069925	935.624704	cloud-23979
eca-rers2012/Problem01_label03.yml	true	true	117.457579693	86.60795033999602	1186.852864	cloud-23933	TIMEOUT	990.367559627	960.4678261110093	974.409728	cloud-23938
eca-rers2012/Problem01_label04.yml	true	true	129.914905099	95.7385410259958	1205.985280	cloud-23933	TIMEOUT	990.316362587	968.5465912419895	1027.010560	cloud-23939
eca-rers2012/Problem01_label05.yml	true	true	106.245226401	75.11469232599848	1070.309376	cloud-24259	TIMEOUT	990.377107336	960.0268999119871	1081.806848	cloud-23982
eca-rers2012/Problem01_label06.yml	true	true	89.12004516	62.16060236199701	1168.060416	cloud-23979	TIMEOUT	990.337421059	964.1161645629909	898.965504	cloud-23979
eca-rers2012/Problem01_label07.yml	true	true	97.054128964	68.664296216004	1019.916288	cloud-23979	TIMEOUT	990.323566422	971.2694629770122	1049.882624	cloud-23980
eca-rers2012/Problem01_label08.yml	true	true	133.346770862	98.7544528599974	1119.391744	cloud-24259	TIMEOUT	990.390079048	961.5337832710065	1013.350400	cloud-23982
eca-rers2012/Problem01_label09.yml	true	true	119.522042716	85.59932950100483	1385.455616	cloud-23933	TIMEOUT	990.3638853	962.066708555998	1063.530496	cloud-23982
eca-rers2012/Problem01_label10.yml	true	true	119.311674636	86.46635299999616	1070.039040	cloud-24259	TIMEOUT	990.392463165	965.790766243008	1023.578112	cloud-23980
eca-rers2012/Problem01_label11.yml	true	true	108.577983944	79.58376879299612	1135.095808	cloud-23979	TIMEOUT	990.382578095	961.6145530600043	1077.092352	cloud-23982
eca-rers2012/Problem01_label12.yml	true	true	104.253421148	75.62792507999984	1051.402240	cloud-24259	TIMEOUT	990.391140334	964.7700222819985	911.642624	cloud-23933
eca-rers2012/Problem01_label13.yml	true	true	90.834234083	64.44928500699916	997.744640	cloud-23979	TIMEOUT	990.397065485	960.553535287996	874.717184	cloud-23938
eca-rers2012/Problem01_label14.yml	true	true	85.640113449	57.76641232800466	1048.428544	cloud-23979	TIMEOUT	990.397609853	965.8652825110184	1185.431552	cloud-23979
eca-rers2012/Problem01_label15.yml	false	false(unreach-call)	101.234032227	65.28657250100514	1040.052224	cloud-23933	TIMEOUT	990.3867442	962.9055399869976	1057.243136	cloud-23938
eca-rers2012/Problem01_label16.yml	true	true	102.839191013	74.61828322100337	1122.766848	cloud-23979	TIMEOUT	990.40173123	961.0225057350181	1161.953280	cloud-23933
eca-rers2012/Problem01_label17.yml	true	true	112.832536906	78.3607442499997	1047.277568	cloud-24259	TIMEOUT	990.318828981	969.5723153720028	925.630464	cloud-23980
eca-rers2012/Problem01_label18.yml	true	true	85.4409368	60.52880362099677	1123.676160	cloud-23979	TIMEOUT	990.420757109	961.3557029250078	1173.819392	cloud-23938
eca-rers2012/Problem01_label19.yml	true	true	86.479965131	60.7008862770017	1002.881024	cloud-23979	TIMEOUT	990.378040337	964.133677232021	1037.156352	cloud-23982
eca-rers2012/Problem01_label20.yml	false	false(unreach-call)	105.380421598	71.59383436100325	1049.010176	cloud-23933	TIMEOUT	990.34173397	964.05850245498	1038.475264	cloud-23982
eca-rers2012/Problem01_label21.yml	false	false(unreach-call)	84.504128128	55.73682968199864	1226.899456	cloud-23979	TIMEOUT	990.388300829	962.0212970119901	1024.495616	cloud-23933
eca-rers2012/Problem01_label22.yml	true	true	120.410909399	86.86711893699976	1028.104192	cloud-23933	TIMEOUT	990.396243692	961.5419379090017	1009.934336	cloud-23938
eca-rers2012/Problem01_label23.yml	true	true	103.448073905	74.59769861999939	1044.332544	cloud-23933	TIMEOUT	990.30274367	969.1050476550008	1026.232320	cloud-23940
eca-rers2012/Problem01_label24.yml	true	true	115.727130268	82.51195586800168	1007.030272	cloud-24259	TIMEOUT	990.427644106	963.4092023389821	1049.829376	cloud-23933
eca-rers2012/Problem01_label25.yml	true	true	109.54281898	77.31696445900161	1073.512448	cloud-24259	TIMEOUT	990.326853545	967.8288979250065	1058.222080	cloud-23980
eca-rers2012/Problem01_label26.yml	true	true	79.151892845	54.87348500399821	1073.405952	cloud-23979	TIMEOUT	990.344907548	961.2615447599965	965.926912	cloud-23982
eca-rers2012/Problem01_label27.yml	true	true	91.648728991	62.64944952899896	1006.460928	cloud-23933	TIMEOUT	990.348722172	966.1925862109929	981.909504	cloud-23980
eca-rers2012/Problem01_label28.yml	true	true	81.84944465	56.648275952000404	1077.645312	cloud-23979	TIMEOUT	990.359774127	961.5187043740007	1061.605376	cloud-23938
eca-rers2012/Problem01_label29.yml	true	true	102.009428105	72.62768677299982	1210.773504	cloud-23933	TIMEOUT	990.35799383	960.6619821319764	942.534656	cloud-23938
eca-rers2012/Problem01_label30.yml	true	true	109.10413667	78.09475057999953	959.197184	cloud-24259	TIMEOUT	990.35221497	968.7197209050064	943.804416	cloud-23980
eca-rers2012/Problem01_label31.yml	true	true	107.91650648	77.4586729290022	1116.143616	cloud-24259	TIMEOUT	990.307492283	963.1226792219968	1040.117760	cloud-23982
eca-rers2012/Problem01_label32.yml	false	false(unreach-call)	140.661467077	107.00019357100246	1115.828224	cloud-24259	TIMEOUT	990.313498355	962.1413887600065	1161.543680	cloud-23982
eca-rers2012/Problem01_label33.yml	false	false(unreach-call)	106.769288681	77.86670956499984	1335.623680	cloud-23979	TIMEOUT	990.318267834	966.5643819569959	1102.553088	cloud-23979
eca-rers2012/Problem01_label34.yml	true	true	124.927720433	95.49553913599811	1071.386624	cloud-23933	TIMEOUT	990.385058588	963.008201737015	960.954368	cloud-23938
eca-rers2012/Problem01_label35.yml	false	false(unreach-call)	90.687344287	59.692531052998675	1116.315648	cloud-23933	TIMEOUT	990.32642526	964.4539817009936	914.554880	cloud-23979
eca-rers2012/Problem01_label36.yml	true	true	110.656966569	80.19782681100332	1069.891584	cloud-24259	TIMEOUT	990.376481872	962.3459950209945	1009.451008	cloud-23938
eca-rers2012/Problem01_label37.yml	false	false(unreach-call)	99.226774026	67.47499992499979	1036.087296	cloud-23933	TIMEOUT	990.403082618	963.923116837017	1026.805760	cloud-23979
eca-rers2012/Problem01_label38.yml	false	false(unreach-call)	89.803068828	61.76115442700029	1166.151680	cloud-23979	TIMEOUT	990.3909821	960.4135280109767	938.217472	cloud-23938
eca-rers2012/Problem01_label39.yml	true	true	83.652467744	57.36672006899971	1230.069760	cloud-23979	TIMEOUT	990.34487812	962.6701660889958	928.030720	cloud-23933
eca-rers2012/Problem01_label40.yml	true	true	85.736405257	57.61846013199829	1099.386880	cloud-23979	TIMEOUT	990.340092294	964.6644820480142	1029.672960	cloud-23982
eca-rers2012/Problem01_label41.yml	true	true	92.033873067	64.32268054100132	1038.667776	cloud-23933	TIMEOUT	990.323986302	964.6956834290177	1077.055488	cloud-23979
eca-rers2012/Problem01_label42.yml	true	true	95.900234888	68.68356091600072	1030.221824	cloud-24259	TIMEOUT	990.348115872	966.0299999810231	1019.850752	cloud-23980
eca-rers2012/Problem01_label43.yml	true	true	86.885181582	58.39974875799817	949.776384	cloud-23979	TIMEOUT	990.439040296	962.7374124210037	1017.049088	cloud-23938
eca-rers2012/Problem01_label44.yml	false	false(unreach-call)	80.048702608	51.50051097100004	895.807488	cloud-23933	TIMEOUT	990.318333008	966.6406263219833	1095.700480	cloud-23980
eca-rers2012/Problem01_label45.yml	true	true	104.466961227	77.5902886690019	1131.110400	cloud-23979	TIMEOUT	990.371389652	964.1103477900033	970.858496	cloud-23933
eca-rers2012/Problem01_label46.yml	true	true	114.972235922	86.24984107	1031.962624	cloud-23933	TIMEOUT	990.322394377	965.0654487309803	998.395904	cloud-23979
eca-rers2012/Problem01_label47.yml	false	false(unreach-call)	133.327361466	98.55076376799843	1309.560832	cloud-23933	TIMEOUT	990.301629536	968.6988614329894	992.026624	cloud-23942
eca-rers2012/Problem01_label48.yml	true	true	96.180340549	66.17949811200378	965.484544	cloud-23979	TIMEOUT	990.369252138	961.2574160379882	1040.441344	cloud-23982
eca-rers2012/Problem01_label49.yml	true	true	107.610780048	74.64464224299445	931.987456	cloud-24259	TIMEOUT	990.38422397	965.8722248080012	1019.637760	cloud-23979
eca-rers2012/Problem01_label50.yml	false	false(unreach-call)	127.047626795	96.06029926100018	1234.321408	cloud-23933	TIMEOUT	990.313593405	967.8646228449943	1050.636288	cloud-23980
eca-rers2012/Problem01_label51.yml	true	true	82.730361215	57.675086156999896	1021.476864	cloud-23979	TIMEOUT	990.416419263	959.1010144810134	976.601088	cloud-23938
eca-rers2012/Problem01_label52.yml	true	true	91.977058512	63.470181443999536	1068.584960	cloud-23933	TIMEOUT	990.394967415	962.984381747985	1018.298368	cloud-23938
eca-rers2012/Problem01_label53.yml	true	true	74.958651302	52.78615995900327	1216.081920	cloud-23979	TIMEOUT	990.358733915	966.0782446039957	1006.882816	cloud-23980
eca-rers2012/Problem01_label54.yml	true	true	82.17553484	57.95928707099665	1034.317824	cloud-23979	TIMEOUT	990.39671221	963.4112944820081	1008.160768	cloud-23979
eca-rers2012/Problem01_label55.yml	true	true	93.084739164	66.02640189100202	912.125952	cloud-24259	TIMEOUT	990.418452367	961.8186134630232	1016.074240	cloud-23938
eca-rers2012/Problem01_label56.yml	false	false(unreach-call)	112.038488544	78.13956847000009	1316.642816	cloud-23933	TIMEOUT	990.37678311	963.206562042993	1096.744960	cloud-23979
eca-rers2012/Problem01_label57.yml	false	false(unreach-call)	113.363392772	78.58453564500087	1190.342656	cloud-24259	TIMEOUT	990.316022884	968.3199101859936	939.765760	cloud-23941
eca-rers2012/Problem01_label58.yml	true	true	98.269273458	73.1873635669981	1223.426048	cloud-23979	TIMEOUT	990.310010267	963.8515706410108	1005.203456	cloud-23980
eca-rers2012/Problem01_label59.yml	true	true	93.4439696	64.81568107500061	1005.113344	cloud-23979	TIMEOUT	990.371564709	968.7137273850094	1029.623808	cloud-23980
eca-rers2012/Problem02_label00.yml	true	true	98.338574147	67.9791306799998	955.576320	cloud-23933	TIMEOUT	990.297289397	962.9290332660021	874.536960	cloud-23982
eca-rers2012/Problem02_label01.yml	true	true	100.297769064	66.8116823349992	978.243584	cloud-24259	TIMEOUT	990.345852189	965.607579367992	971.001856	cloud-23980
eca-rers2012/Problem02_label02.yml	true	true	134.565503505	102.65768380899681	1271.894016	cloud-23933	TIMEOUT	990.34293987	965.1722268029989	980.320256	cloud-23979
eca-rers2012/Problem02_label03.yml	true	true	92.986222206	64.78568965399609	1067.716608	cloud-24259	TIMEOUT	990.39743184	965.6896162870107	1010.610176	cloud-23980
eca-rers2012/Problem02_label04.yml	true	true	88.729159472	60.51896570499957	1176.182784	cloud-23979	TIMEOUT	990.357409506	961.2734012129949	988.442624	cloud-23938
eca-rers2012/Problem02_label05.yml	true	true	89.123884341	60.73570726300022	951.648256	cloud-23933	TIMEOUT	990.358964894	961.9242765870003	931.905536	cloud-23938
eca-rers2012/Problem02_label06.yml	true	true	112.609625961	83.36667403400497	1131.683840	cloud-23979	TIMEOUT	990.383058997	963.992831429001	887.205888	cloud-23979
eca-rers2012/Problem02_label07.yml	true	true	94.147836027	64.04842151499997	1289.818112	cloud-23933	TIMEOUT	990.37433804	963.6876329369843	1115.394048	cloud-23933
eca-rers2012/Problem02_label08.yml	true	true	116.517017566	84.24901505200023	1266.503680	cloud-23933	TIMEOUT	990.302180102	964.4055208729987	879.468544	cloud-23982
eca-rers2012/Problem02_label09.yml	true	true	86.298037379	58.25402972500069	1107.144704	cloud-23979	TIMEOUT	990.350222118	967.6515222890012	1075.396608	cloud-23933
eca-rers2012/Problem02_label10.yml	true	true	98.914492949	69.10707759499928	1055.768576	cloud-24259	TIMEOUT	990.456420275	961.9854620229744	1101.615104	cloud-23938
eca-rers2012/Problem02_label11.yml	true	true	96.794116444	68.69864362799854	1016.066048	cloud-23979	TIMEOUT	990.269595699	971.3578956789861	902.852608	cloud-23980
eca-rers2012/Problem02_label12.yml	true	true	85.976173392	61.78758437799843	1040.670720	cloud-23979	TIMEOUT	990.372108158	963.8372726310045	983.625728	cloud-23982
eca-rers2012/Problem02_label13.yml	false	false(unreach-call)	100.744697963	68.38378676800494	1201.590272	cloud-23933	TIMEOUT	990.387721253	961.5921772309812	906.436608	cloud-23938
eca-rers2012/Problem02_label14.yml	true	true	91.44722872	64.41509595699972	1042.407424	cloud-23933	TIMEOUT	990.436077134	961.6178695549897	902.295552	cloud-23938
eca-rers2012/Problem02_label15.yml	true	true	98.665659373	68.04661683699669	949.911552	cloud-23933	TIMEOUT	990.388372903	969.0439755179978	1018.236928	cloud-23980
eca-rers2012/Problem02_label16.yml	false	false(unreach-call)	97.186826248	65.36018646899993	968.626176	cloud-23933	TIMEOUT	990.375455872	962.6401203870191	1024.995328	cloud-23938
eca-rers2012/Problem02_label17.yml	true	true	118.809773815	86.12729673799913	1190.469632	cloud-24259	TIMEOUT	990.34185327	962.630513983022	1095.569408	cloud-23982
eca-rers2012/Problem02_label18.yml	true	true	104.431201403	75.64402365199976	1073.446912	cloud-23933	TIMEOUT	990.401064954	964.0570095650037	994.746368	cloud-23933
eca-rers2012/Problem02_label19.yml	true	true	94.053499078	65.0905821769993	945.184768	cloud-23933	TIMEOUT	990.359635263	961.6038669219997	899.788800	cloud-23982
eca-rers2012/Problem02_label20.yml	true	true	82.266515392	57.14900076399863	1073.864704	cloud-23933	TIMEOUT	990.375718456	963.2998254169943	1178.828800	cloud-23938
eca-rers2012/Problem02_label21.yml	true	true	87.551300901	61.710718535999604	908.984320	cloud-23979	TIMEOUT	990.329037985	963.908831696026	885.460992	cloud-23979
eca-rers2012/Problem02_label22.yml	true	true	94.700775132	66.73578788200393	981.938176	cloud-23933	TIMEOUT	990.373109295	962.8991174530238	1006.723072	cloud-23938
eca-rers2012/Problem02_label23.yml	true	true	87.690859205	61.1787971119993	1103.339520	cloud-23979	TIMEOUT	990.410815542	960.6579809669929	876.810240	cloud-23938
eca-rers2012/Problem02_label24.yml	true	true	97.475744313	66.21123043099942	1128.275968	cloud-23933	TIMEOUT	990.360808756	966.842352674983	872.566784	cloud-23933
eca-rers2012/Problem02_label25.yml	true	true	95.6766979	66.41317703100003	955.154432	cloud-23933	TIMEOUT	990.338999776	966.0089523660135	1070.878720	cloud-23982
eca-rers2012/Problem02_label26.yml	true	true	74.403738743	51.07651452499704	946.774016	cloud-23979	TIMEOUT	990.362526426	961.5182776169968	1061.310464	cloud-23933
eca-rers2012/Problem02_label27.yml	true	true	90.415224108	64.14062682700023	1159.053312	cloud-23933	TIMEOUT	990.38486721	962.8451263440074	1000.718336	cloud-23933
eca-rers2012/Problem02_label28.yml	true	true	100.640309292	70.67266145999747	875.839488	cloud-24259	TIMEOUT	990.385355324	965.3763276950049	1125.539840	cloud-23979
eca-rers2012/Problem02_label29.yml	true	true	87.160968738	60.21178499300004	905.187328	cloud-23933	TIMEOUT	990.299385345	963.405157280009	1112.367104	cloud-23980
eca-rers2012/Problem02_label30.yml	true	true	95.531321419	64.53852698700211	922.365952	cloud-24259	TIMEOUT	990.394557433	966.5667537469999	1028.919296	cloud-23979
eca-rers2012/Problem02_label31.yml	true	true	81.448059289	54.58190333099992	1187.389440	cloud-23979	TIMEOUT	990.370499271	962.0668301880069	1034.444800	cloud-23938
eca-rers2012/Problem02_label32.yml	true	true	91.577959727	64.15251926100018	978.423808	cloud-23933	TIMEOUT	990.287547892	968.639871271007	1003.196416	cloud-23940
eca-rers2012/Problem02_label33.yml	true	true	93.428882023	63.20837275600206	1465.724928	cloud-23933	TIMEOUT	990.372682873	963.4656906849996	1019.207680	cloud-23933
eca-rers2012/Problem02_label34.yml	true	true	145.257029716	110.39997374600352	1209.806848	cloud-23933	TIMEOUT	990.355909219	962.2579466380121	875.327488	cloud-23938
eca-rers2012/Problem02_label35.yml	true	true	92.098412613	63.016945021998254	1056.997376	cloud-23933	TIMEOUT	990.392282779	960.2301218539942	1023.676416	cloud-23938
eca-rers2012/Problem02_label36.yml	true	true	88.720542027	61.51053931200295	1291.448320	cloud-23933	TIMEOUT	990.424116011	964.9029954779835	980.631552	cloud-23979
eca-rers2012/Problem02_label37.yml	true	true	81.132768674	54.34504596699844	1081.647104	cloud-23979	TIMEOUT	990.387190221	960.4845978689846	1059.618816	cloud-23933
eca-rers2012/Problem02_label38.yml	true	true	93.507136917	65.77840762100095	900.337664	cloud-23933	TIMEOUT	990.384710938	963.8750036570127	867.512320	cloud-23938
eca-rers2012/Problem02_label39.yml	true	true	94.48394135	65.43807299099717	1109.786624	cloud-23933	TIMEOUT	990.314024956	965.4018511220056	993.574912	cloud-23980
eca-rers2012/Problem02_label40.yml	true	true	87.448950949	61.69224893799992	938.393600	cloud-23933	TIMEOUT	990.33849924	966.180120953999	995.287040	cloud-23980
eca-rers2012/Problem02_label41.yml	true	true	129.410525614	95.97996260900254	1229.295616	cloud-24259	TIMEOUT	990.384876323	965.3656746370252	952.422400	cloud-23979
eca-rers2012/Problem02_label42.yml	true	true	99.221453792	69.83409858099913	914.948096	cloud-24259	TIMEOUT	990.341624644	961.2842597480048	961.089536	cloud-23982
eca-rers2012/Problem02_label43.yml	false	false(unreach-call)	92.452143211	61.174575836994336	1210.871808	cloud-24259	TIMEOUT	990.361843397	961.9438703519991	921.571328	cloud-23938
eca-rers2012/Problem02_label44.yml	false	false(unreach-call)	90.182080026	63.142978520001634	1120.477184	cloud-24259	TIMEOUT	990.375920258	961.2527827690064	908.881920	cloud-23982
eca-rers2012/Problem02_label45.yml	false	false(unreach-call)	113.120051728	79.41831606900087	1107.976192	cloud-24259	TIMEOUT	990.336904625	968.228443199012	1171.202048	cloud-23980
eca-rers2012/Problem02_label46.yml	true	true	96.643892458	68.17920672100445	1065.631744	cloud-24259	TIMEOUT	990.313501074	964.8326474860078	1108.729856	cloud-23982
eca-rers2012/Problem02_label47.yml	true	true	98.516854397	68.70383979999951	1189.642240	cloud-23933	TIMEOUT	990.427601076	960.7347013360122	1129.140224	cloud-23938
eca-rers2012/Problem02_label48.yml	true	true	84.10766153	59.959523096999874	964.259840	cloud-23979	TIMEOUT	990.336404273	964.3739593610226	996.003840	cloud-23982
eca-rers2012/Problem02_label49.yml	true	true	98.339787749	66.18321836900577	1023.197184	cloud-23933	TIMEOUT	990.307004339	964.4306020789954	956.325888	cloud-23982
eca-rers2012/Problem02_label50.yml	false	false(unreach-call)	101.628655663	66.88217360399722	983.076864	cloud-23933	TIMEOUT	990.389600192	965.0949538509885	1082.433536	cloud-23979
eca-rers2012/Problem02_label51.yml	true	true	124.248256994	92.99577188300009	1146.777600	cloud-23933	TIMEOUT	990.388860986	965.1440731910116	1001.619456	cloud-23933
eca-rers2012/Problem02_label52.yml	true	true	84.983292697	58.12059002600017	998.051840	cloud-23979	TIMEOUT	990.359271693	963.0082454600197	1021.558784	cloud-23979
eca-rers2012/Problem02_label53.yml	true	true	129.788795151	98.32140047700159	1113.415680	cloud-23933	TIMEOUT	990.32587388	963.6287864859914	939.220992	cloud-23982
eca-rers2012/Problem02_label54.yml	true	true	86.553018671	59.554949682998995	1150.885888	cloud-23979	TIMEOUT	990.392205009	961.6683987519937	992.247808	cloud-23938
eca-rers2012/Problem02_label55.yml	true	true	125.597144134	94.36642933400003	1070.624768	cloud-23933	TIMEOUT	990.382588319	966.4076324999915	1215.565824	cloud-23979
eca-rers2012/Problem02_label56.yml	true	true	108.215145097	74.99487384099484	1077.510144	cloud-24259	TIMEOUT	990.417009927	963.005424012983	1012.568064	cloud-23938
eca-rers2012/Problem02_label57.yml	true	true	111.389693891	78.54819771699977	1174.925312	cloud-23933	TIMEOUT	990.444373209	961.9609655039967	1175.007232	cloud-23938
eca-rers2012/Problem02_label58.yml	true	true	103.461551119	72.51521606899769	945.827840	cloud-24259	TIMEOUT	990.28686655	969.874924497999	985.546752	cloud-23940
eca-rers2012/Problem02_label59.yml	false	false(unreach-call)	90.580862826	58.896407051004644	949.682176	cloud-23979	TIMEOUT	990.362729541	964.3931690909958	876.699648	cloud-23979
eca-rers2012/Problem03_label00.yml	true	true	822.139468952	775.3147732939999	2730.213376	cloud-23933	TIMEOUT	990.6483606	952.8161232790153	3091.640320	cloud-23979
eca-rers2012/Problem03_label04.yml	true	ERROR (solver error, after parsing finished)	848.1229637	799.3811576260014	3393.757184	cloud-23933	TIMEOUT	990.71514484	942.8931513769785	2659.123200	cloud-23938
eca-rers2012/Problem03_label06.yml	true	ERROR (solver error, after parsing finished)	852.310895406	801.2445325580047	3377.065984	cloud-23933	TIMEOUT	990.643047854	949.4372984049842	2681.741312	cloud-23980
eca-rers2012/Problem03_label08.yml	true	ERROR (solver error, after parsing finished)	851.868159739	804.0325198589999	2976.882688	cloud-23933	TIMEOUT	990.507667617	949.3035515560186	3112.132608	cloud-23933
eca-rers2012/Problem03_label09.yml	false	false(unreach-call)	754.780500772	701.9249234749986	3280.351232	cloud-23979	TIMEOUT	990.458938535	957.2697852190176	2767.364096	cloud-23943
eca-rers2012/Problem03_label10.yml	true	ERROR (solver error, after parsing finished)	832.683361965	783.5601065709998	3562.090496	cloud-23933	TIMEOUT	990.551766618	946.6904362959904	2660.605952	cloud-23933
eca-rers2012/Problem03_label11.yml	true	ERROR (solver error, after parsing finished)	829.07856717	778.2825406480006	3108.085760	cloud-23933	TIMEOUT	990.69480385	948.0770442019857	3441.934336	cloud-23979
eca-rers2012/Problem03_label13.yml	false	false(unreach-call)	372.1712218	322.89722898000036	3159.113728	cloud-24259	TIMEOUT	990.625303357	945.9352708509832	2949.169152	cloud-23982
eca-rers2012/Problem03_label14.yml	true	ERROR (solver error, after parsing finished)	864.058708608	814.6227752350023	2825.031680	cloud-23933	TIMEOUT	990.575520054	950.941374506976	2471.723008	cloud-23979
eca-rers2012/Problem03_label16.yml	true	TIMEOUT (ERROR (inner timeout, after parsing finished))	976.673991091	940.4776867089968	3066.548224	cloud-23939	TIMEOUT	990.69721019	949.0287612400134	2641.788928	cloud-23979
eca-rers2012/Problem03_label17.yml	true	TIMEOUT (true)	952.207325399	899.6831002259996	3010.322432	cloud-23979	TIMEOUT	990.53748137	954.7961457619967	2806.079488	cloud-23979
eca-rers2012/Problem03_label22.yml	true	ERROR (solver error, after parsing finished)	863.271108593	807.7257403600015	2725.949440	cloud-24259	TIMEOUT	990.59322254	948.7480984859867	2537.902080	cloud-23979
eca-rers2012/Problem03_label23.yml	true	ERROR (solver error, after parsing finished)	883.340105157	816.4623595470002	2923.696128	cloud-24259	TIMEOUT	990.479595559	943.7597658559971	2533.806080	cloud-23938
eca-rers2012/Problem03_label24.yml	true	ERROR (solver error, after parsing finished)	815.274608572	769.7108959000034	2727.669760	cloud-23979	TIMEOUT	990.51982378	951.4241815469868	2577.256448	cloud-23980
eca-rers2012/Problem03_label26.yml	false	false(unreach-call)	341.605114868	289.7306147479976	2965.094400	cloud-23933	TIMEOUT	990.65592997	945.2885797199851	2832.429056	cloud-23980
eca-rers2012/Problem03_label27.yml	false	false(unreach-call)	435.708747804	388.69378039000003	3285.655552	cloud-23979	TIMEOUT	990.653008391	950.6608588170202	2537.390080	cloud-23933
eca-rers2012/Problem03_label28.yml	false	false(unreach-call)	591.602078887	541.5391518329989	3263.721472	cloud-23933	TIMEOUT	990.600296617	949.4756725479965	2599.063552	cloud-23938
eca-rers2012/Problem03_label30.yml	true	ERROR (solver error, after parsing finished)	813.169466445	771.4566523929971	3251.019776	cloud-23979	TIMEOUT	990.587984517	946.9554227810004	2594.660352	cloud-23938
eca-rers2012/Problem03_label31.yml	false	false(unreach-call)	570.979800278	515.7995869840015	3329.409024	cloud-23933	TIMEOUT	990.646748392	956.1673500940087	2665.816064	cloud-23980
eca-rers2012/Problem03_label33.yml	true	ERROR (solver error, after parsing finished)	863.78681806	808.2092184800058	2794.102784	cloud-23933	TIMEOUT	990.484712828	951.5185832279967	2589.966336	cloud-23980
eca-rers2012/Problem03_label34.yml	true	ERROR (solver error, after parsing finished)	815.877161023	771.6203638750012	2754.392064	cloud-23979	TIMEOUT	990.503142902	953.9521155380062	2728.624128	cloud-23980
eca-rers2012/Problem03_label35.yml	false	TIMEOUT (false(unreach-call))	914.452076825	850.0189106360049	3653.562368	cloud-23933	TIMEOUT	990.788844178	946.5647922970238	3687.370752	cloud-23979
eca-rers2012/Problem03_label37.yml	false	false(unreach-call)	809.312200288	770.9642166039994	2990.075904	cloud-23943	TIMEOUT	990.596708324	949.9765782400209	2824.847360	cloud-23979
eca-rers2012/Problem03_label39.yml	false	ERROR (solver error, after parsing finished)	858.988764457	804.0080136059987	2836.955136	cloud-23933	TIMEOUT	990.501345223	954.9645843649923	2657.853440	cloud-23980
eca-rers2012/Problem03_label44.yml	true	TIMEOUT (true)	959.676613329	906.6975568560001	3146.584064	cloud-23979	TIMEOUT	990.478393618	956.7496255709848	2506.002432	cloud-23942
eca-rers2012/Problem03_label45.yml	false	ERROR (solver error, after parsing finished)	875.339459964	822.1654008920013	2744.643584	cloud-24259	TIMEOUT	990.519538593	953.1955648290168	2720.333824	cloud-23979
eca-rers2012/Problem03_label46.yml	true	ERROR (solver error, after parsing finished)	807.11478525	762.6596681680021	2879.913984	cloud-23979	TIMEOUT	990.543262955	949.4444070770114	3383.431168	cloud-23979
eca-rers2012/Problem03_label47.yml	true	ERROR (solver error, after parsing finished)	840.988292768	793.7832321609999	2651.484160	cloud-23933	TIMEOUT	990.656997573	953.4683068820159	3394.199552	cloud-23933
eca-rers2012/Problem03_label48.yml	true	ERROR (solver error, after parsing finished)	850.177506641	802.5965835949974	2697.539584	cloud-24259	TIMEOUT	990.539134281	944.6298645990028	2765.594624	cloud-23982
eca-rers2012/Problem03_label49.yml	true	ERROR (solver error, after parsing finished)	815.501722598	768.4583538129991	3310.694400	cloud-23979	TIMEOUT	990.563987403	942.9849755209871	2545.442816	cloud-23938
eca-rers2012/Problem03_label50.yml	false	false(unreach-call)	328.108840693	275.18908064100106	2866.671616	cloud-24259	TIMEOUT	990.529879894	951.1907717669965	3081.093120	cloud-23980
eca-rers2012/Problem03_label51.yml	true	TIMEOUT (ERROR (verification stuck, after parsing finished))	974.287826008	918.0243965350005	3653.259264	cloud-23979	TIMEOUT	990.490281287	954.7123203020019	2692.562944	cloud-23980
eca-rers2012/Problem03_label52.yml	false	ERROR (solver error, after parsing finished)	861.628789078	809.3006175010014	2804.269056	cloud-23933	TIMEOUT	990.544158434	952.9420940139971	2800.947200	cloud-23979
eca-rers2012/Problem03_label53.yml	true	true	739.49518047	703.9364603799986	3407.015936	cloud-23939	TIMEOUT	990.614054822	948.8507155569969	2657.890304	cloud-23979
eca-rers2012/Problem03_label56.yml	true	ERROR (solver error, after parsing finished)	851.088441642	803.9198644639982	2490.875904	cloud-23979	TIMEOUT	990.59747608	946.4778760639892	2510.594048	cloud-23982
eca-rers2012/Problem03_label59.yml	true	ERROR (solver error, after parsing finished)	866.50798578	817.0920028730034	2761.670656	cloud-24259	TIMEOUT	990.716889774	947.1438554539927	3358.162944	cloud-23938
eca-rers2012/Problem04_label00.yml	true	TIMEOUT (ERROR (solver error, after parsing finished))	954.504017369	876.3063812749997	6876.102656	cloud-23979	TIMEOUT	991.177311974	908.0792305349896	7450.103808	cloud-23938
eca-rers2012/Problem04_label01.yml	true	TIMEOUT (ERROR (solver error, after parsing finished))	975.117722305	888.7576639690014	7837.270016	cloud-24259	TIMEOUT	991.399940012	922.6986897560128	7010.734080	cloud-23933
eca-rers2012/Problem04_label03.yml	true	TIMEOUT (ERROR (solver error, after parsing finished))	979.617751501	895.976288672	6945.300480	cloud-23933	TIMEOUT	991.467898416	918.0835536629893	7478.927360	cloud-23982
eca-rers2012/Problem04_label06.yml	false	ERROR (solver error, after parsing finished)	872.323513806	808.9789665870048	6971.142144	cloud-23944	TIMEOUT	990.893645883	918.0282373689988	6836.514816	cloud-23938
eca-rers2012/Problem04_label07.yml	true	TIMEOUT (ERROR (solver error, after parsing finished))	907.750674307	837.5213284249985	6868.213760	cloud-24261	TIMEOUT	990.882684955	934.0496216060128	7276.548096	cloud-23979
eca-rers2012/Problem04_label09.yml	false	TIMEOUT (ERROR (solver error, after parsing finished))	922.841939093	847.4241197439987	7246.155776	cloud-23979	TIMEOUT	991.125248418	927.5118595199892	7025.577984	cloud-23979
eca-rers2012/Problem04_label10.yml	true	TIMEOUT (ERROR (solver error, after parsing finished))	910.700927682	842.0392153529974	6831.009792	cloud-23979	TIMEOUT	991.114675266	925.8365117629874	8281.247744	cloud-23980
eca-rers2012/Problem04_label12.yml	false	TIMEOUT (ERROR (solver error, after parsing finished))	900.147870387	830.1513425249941	6868.905984	cloud-23979	TIMEOUT	991.396142689	919.8295074820053	7786.463232	cloud-23938
eca-rers2012/Problem04_label14.yml	false	ERROR (solver error, after parsing finished)	871.828720472	812.0553946860018	6763.827200	cloud-23943	TIMEOUT	991.097365125	927.1550390789926	6865.801216	cloud-23938
eca-rers2012/Problem04_label19.yml	false	TIMEOUT (ERROR (solver error, after parsing finished))	932.453074676	859.6329182890004	6657.101824	cloud-23979	TIMEOUT	990.997163862	932.6986426050134	7695.253504	cloud-23982
eca-rers2012/Problem04_label21.yml	true	TIMEOUT (ERROR (solver error, after parsing finished))	908.061922431	839.6318276149977	6824.292352	cloud-24261	TIMEOUT	990.901042757	930.634620234021	7475.503104	cloud-23980
eca-rers2012/Problem04_label22.yml	true	TIMEOUT (ERROR (solver error, after parsing finished))	974.950126592	900.311773458001	6617.784320	cloud-23979	TIMEOUT	990.916887729	934.7495236560062	6994.743296	cloud-23933
eca-rers2012/Problem04_label23.yml	true	ERROR (solver error, after parsing finished)	883.941630542	820.3564504949973	7836.827648	cloud-23939	TIMEOUT	990.921902786	920.3347893290047	6617.997312	cloud-23982
eca-rers2012/Problem04_label24.yml	true	TIMEOUT (ERROR (solver error, after parsing finished))	983.739981273	904.460826802002	7446.585344	cloud-23933	TIMEOUT	990.932075149	926.0889057889872	7457.718272	cloud-23982
eca-rers2012/Problem04_label26.yml	false	TIMEOUT (ERROR (solver error, after parsing finished))	956.150139249	882.7813758560005	6775.259136	cloud-23979	TIMEOUT	990.907819176	927.550934252009	6644.822016	cloud-23933
eca-rers2012/Problem04_label28.yml	true	TIMEOUT (ERROR (solver error, after parsing finished))	943.928347096	872.2556627020003	6614.171648	cloud-23979	TIMEOUT	991.173122333	926.9603748779919	7549.775872	cloud-23933
eca-rers2012/Problem04_label29.yml	true	TIMEOUT (ERROR (solver error, after parsing finished))	970.550180256	881.4981018370001	6973.370368	cloud-23933	TIMEOUT	991.305514456	928.4633232449996	7463.915520	cloud-23979
eca-rers2012/Problem04_label30.yml	true	TIMEOUT (ERROR (solver error, after parsing finished))	952.78196438	874.6872586059981	7383.879680	cloud-23979	TIMEOUT	990.901728656	928.9787918000075	6923.866112	cloud-23980
eca-rers2012/Problem04_label32.yml	false	TIMEOUT (ERROR (solver error, after parsing finished))	930.629196921	855.2727802500012	7278.575616	cloud-23979	TIMEOUT	991.412300822	915.0940023549774	7437.004800	cloud-23938
eca-rers2012/Problem04_label35.yml	false	TIMEOUT (ERROR (solver error, after parsing finished))	908.105137832	838.3842652050007	7723.126784	cloud-24261	TIMEOUT	991.186371848	920.8567248820036	7055.912960	cloud-23933
eca-rers2012/Problem04_label36.yml	false	TIMEOUT (ERROR (solver error, after parsing finished))	939.167842047	866.1387658789972	6661.345280	cloud-23979	TIMEOUT	991.132724761	929.9147663570184	6769.799168	cloud-23979
eca-rers2012/Problem04_label37.yml	true	ERROR (solver error, after parsing finished)	876.942144374	813.2707244389967	6888.263680	cloud-23939	TIMEOUT	991.176454997	916.693467317993	7304.110080	cloud-23938
eca-rers2012/Problem04_label40.yml	false	TIMEOUT (ERROR (solver error, after parsing finished))	916.499155766	844.345253517	6599.372800	cloud-24261	TIMEOUT	990.869220837	920.2461643790011	6946.013184	cloud-23982
eca-rers2012/Problem04_label42.yml	true	ERROR (solver error, after parsing finished)	899.773151059	830.671959572006	7089.053696	cloud-23942	TIMEOUT	991.031085512	930.0111894609872	6902.370304	cloud-23979
eca-rers2012/Problem04_label44.yml	true	ERROR (solver error, after parsing finished)	898.662071865	826.3085240600049	7180.865536	cloud-23979	TIMEOUT	991.092337528	924.3513542109868	7174.184960	cloud-23933
eca-rers2012/Problem04_label45.yml	false	TIMEOUT (ERROR (solver error, after parsing finished))	922.655115221	845.6180747850012	7077.711872	cloud-24261	TIMEOUT	990.667940101	945.9365528940107	6904.913920	cloud-23943
eca-rers2012/Problem04_label46.yml	true	TIMEOUT (ERROR (solver error, after parsing finished))	925.982274857	850.8987837789973	6907.375616	cloud-23933	TIMEOUT	990.732980197	941.7023490720021	7254.523904	cloud-23944
eca-rers2012/Problem04_label48.yml	true	TIMEOUT (ERROR (solver error, after parsing finished))	916.126898773	842.9675302859978	7156.097024	cloud-24261	TIMEOUT	991.117165332	929.0031970609853	6758.649856	cloud-23979
eca-rers2012/Problem04_label52.yml	false	TIMEOUT (ERROR (solver error, after parsing finished))	944.164883139	864.4288651589995	6978.506752	cloud-23979	TIMEOUT	991.326223467	916.669366468006	6803.275776	cloud-23938
eca-rers2012/Problem04_label54.yml	true	TIMEOUT (ERROR (solver error, after parsing finished))	919.762909175	837.5578665770008	7055.024128	cloud-23979	TIMEOUT	990.649610836	945.04381568401	6909.329408	cloud-23944
eca-rers2012/Problem06_label07.yml	true	TIMEOUT	991.590440401	899.2213729119976	14812.147712	cloud-24261	OUT OF MEMORY	288.563222682	244.77022175100865	15000.162304	cloud-23939
eca-rers2012/Problem06_label09.yml	false	TIMEOUT	991.714206748	898.8083634769973	14948.560896	cloud-24261	OUT OF MEMORY	512.796869895	426.93468848400516	15000.051712	cloud-23982
eca-rers2012/Problem06_label10.yml	false	OUT OF MEMORY	325.942285876	270.391281350996	15000.162304	cloud-23939	TIMEOUT	991.734294717	905.1369714429893	14985.277440	cloud-23982
eca-rers2012/Problem06_label13.yml	true	TIMEOUT	992.466358952	889.688827017002	14733.430784	cloud-24259	OUT OF MEMORY	329.840039553	271.34405802498804	15000.166400	cloud-23944
eca-rers2012/Problem06_label14.yml	true	TIMEOUT	991.367940143	911.1396566059993	14931.603456	cloud-23942	OUT OF MEMORY	609.569434495	518.8038766519749	15000.051712	cloud-23982
eca-rers2012/Problem06_label22.yml	true	TIMEOUT	991.317104605	905.4775034659999	14680.211456	cloud-23979	OUT OF MEMORY	285.848586599	232.22748123900965	15000.174592	cloud-23942
eca-rers2012/Problem06_label23.yml	true	OUT OF MEMORY	613.294357158	543.7423018119999	15000.047616	cloud-23979	TIMEOUT	992.031365369	896.255289794004	14945.439744	cloud-23982
eca-rers2012/Problem06_label29.yml	false	TIMEOUT	991.409495039	909.0196344599972	14928.912384	cloud-23941	OUT OF MEMORY	435.307497985	353.2998952899943	15000.051712	cloud-23979
eca-rers2012/Problem06_label30.yml	true	TIMEOUT	991.90263357	899.090319996998	14817.824768	cloud-23933	OUT OF MEMORY	327.119770122	281.7541890660068	15000.170496	cloud-23942
eca-rers2012/Problem06_label38.yml	false	OUT OF MEMORY	289.630187349	244.18100842100102	15000.178688	cloud-23942	TIMEOUT	991.609440177	910.1538535569853	14617.858048	cloud-23980
eca-rers2012/Problem06_label40.yml	true	TIMEOUT	991.424995302	910.9033167870002	14795.415552	cloud-23979	OUT OF MEMORY	466.38268736	397.45890378800686	15000.055808	cloud-23933
eca-rers2012/Problem06_label45.yml	true	TIMEOUT	991.256420243	916.7428186930047	14908.276736	cloud-23940	OUT OF MEMORY	590.921754613	498.6299639819772	15000.055808	cloud-23982
eca-rers2012/Problem06_label52.yml	true	TIMEOUT	992.000963132	890.0507244889959	14982.815744	cloud-23979	OUT OF MEMORY	309.296103643	265.4339574780024	15000.174592	cloud-23942
eca-rers2012/Problem06_label55.yml	true	TIMEOUT	991.651398135	909.6275080940031	14999.502848	cloud-24261	OUT OF MEMORY	617.267285059	537.3549740059825	15000.043520	cloud-23933
eca-rers2012/Problem06_label57.yml	true	TIMEOUT	991.191709262	919.8948463990018	14129.496064	cloud-23941	OUT OF MEMORY	405.59407736	339.50356219298556	15000.174592	cloud-23939
eca-rers2012/Problem06_label58.yml	false	OUT OF MEMORY	339.200070385	290.49228649200006	15000.055808	cloud-23933	TIMEOUT	991.780361194	922.5251681309892	14027.014144	cloud-23979
eca-rers2012/Problem10_label00.yml	true	true	67.934497316	45.65195346600376	1442.951168	cloud-23979	TIMEOUT	990.402744565	962.8092573609902	1359.818752	cloud-23980
eca-rers2012/Problem10_label01.yml	true	true	158.032125584	123.99707297600253	1666.723840	cloud-24259	TIMEOUT	990.488081939	962.0445530879952	1604.648960	cloud-23933
eca-rers2012/Problem10_label02.yml	true	true	132.646748582	103.99275874900013	1563.947008	cloud-23933	TIMEOUT	990.420660894	964.6564435699838	1494.528000	cloud-23980
eca-rers2012/Problem10_label03.yml	true	true	82.443216014	52.624687405997975	1653.272576	cloud-24259	TIMEOUT	990.410012351	967.4701020909997	1478.033408	cloud-23980
eca-rers2012/Problem10_label04.yml	true	true	75.53554991	49.254783313999724	1515.593728	cloud-23933	TIMEOUT	990.393304718	962.730865310994	1401.143296	cloud-23979
eca-rers2012/Problem10_label05.yml	true	true	75.190220483	49.90878309499931	1311.789056	cloud-23933	TIMEOUT	990.442424543	960.5337046690111	1465.282560	cloud-23938
eca-rers2012/Problem10_label06.yml	true	true	87.2279075	56.37756133500079	1479.602176	cloud-24259	TIMEOUT	990.495665618	962.0371652400063	1551.929344	cloud-23938
eca-rers2012/Problem10_label07.yml	true	true	80.031999584	52.989467298997624	1285.255168	cloud-23933	TIMEOUT	990.443647697	960.3593385760032	1569.984512	cloud-23938
eca-rers2012/Problem10_label08.yml	true	true	76.845338633	51.12908269599575	1374.158848	cloud-23933	TIMEOUT	990.447521495	957.4073340949835	1592.766464	cloud-23979
eca-rers2012/Problem10_label09.yml	true	true	65.230821139	43.321557834002306	1224.622080	cloud-23979	TIMEOUT	990.503385949	957.7867455589876	1749.233664	cloud-23938
eca-rers2012/Problem10_label10.yml	true	true	69.768158294	45.383470778004266	1231.241216	cloud-23933	TIMEOUT	990.476419493	964.3674497850006	1499.324416	cloud-23933
eca-rers2012/Problem10_label11.yml	true	true	94.558177259	64.37422567699832	1272.168448	cloud-23979	TIMEOUT	990.40830313	963.7771523039846	1404.182528	cloud-23979
eca-rers2012/Problem10_label12.yml	false	TIMEOUT (false(unreach-call))	953.773231856	918.1701760180003	1611.927552	cloud-23933	TIMEOUT	990.516361515	961.2510859830072	1624.498176	cloud-23982
eca-rers2012/Problem10_label13.yml	true	true	122.38231461	91.59633377199498	1620.484096	cloud-23979	TIMEOUT	990.540112805	958.9059733180038	1608.708096	cloud-23938
eca-rers2012/Problem10_label14.yml	true	true	88.570862826	60.04573959100526	1357.930496	cloud-23979	TIMEOUT	990.430627667	964.4810803470027	1348.308992	cloud-23933
eca-rers2012/Problem10_label15.yml	false	false(unreach-call)	342.571227448	304.54867353699956	1353.125888	cloud-24259	TIMEOUT	990.394833907	959.1330505270162	1527.312384	cloud-23982
eca-rers2012/Problem10_label16.yml	true	true	147.035427612	114.12353952600097	1395.511296	cloud-24259	TIMEOUT	990.417873648	958.2897251859831	1506.623488	cloud-23982
eca-rers2012/Problem10_label17.yml	true	true	127.677797433	95.69905106900023	1641.947136	cloud-23933	TIMEOUT	990.438381818	957.5406539730029	1530.109952	cloud-23979
eca-rers2012/Problem10_label18.yml	true	true	145.69814987	111.3898850550031	1520.185344	cloud-23933	TIMEOUT	990.356993521	965.9850924079947	1592.602624	cloud-23980
eca-rers2012/Problem10_label19.yml	true	true	79.650647504	53.14461391799978	1527.939072	cloud-23933	TIMEOUT	990.447424391	964.5295378600131	1491.230720	cloud-23980
eca-rers2012/Problem10_label20.yml	true	true	99.159476293	65.99633182399702	1474.023424	cloud-24259	TIMEOUT	990.383017167	961.498746591009	1397.264384	cloud-23938
eca-rers2012/Problem10_label21.yml	true	true	158.168122898	122.29456677399867	1583.763456	cloud-24259	TIMEOUT	990.46054487	960.1617835130019	1541.500928	cloud-23938
eca-rers2012/Problem10_label22.yml	true	true	134.916549817	104.43273140000383	1284.804608	cloud-23979	TIMEOUT	990.375351844	967.9263973869965	1582.780416	cloud-23980
eca-rers2012/Problem10_label23.yml	true	true	89.14082839	58.09267843700218	1336.754176	cloud-23933	TIMEOUT	990.402825032	959.8565855399938	1338.593280	cloud-23982
eca-rers2012/Problem10_label24.yml	false	false(unreach-call)	110.699266182	73.2894086209999	1431.703552	cloud-23933	TIMEOUT	990.406338894	959.0424541080138	1570.725888	cloud-23982
eca-rers2012/Problem10_label25.yml	true	true	193.437881709	153.04762343100447	1644.425216	cloud-23933	TIMEOUT	990.464029337	959.5489897520165	1533.628416	cloud-23938
eca-rers2012/Problem10_label26.yml	false	false(unreach-call)	115.50961122	77.2491576020002	1727.606784	cloud-23933	TIMEOUT	990.468547439	960.0039095219981	1380.401152	cloud-23938
eca-rers2012/Problem10_label27.yml	true	true	94.176876739	65.08788395500233	1344.741376	cloud-23933	TIMEOUT	990.561761498	958.3024182329827	1545.199616	cloud-23933
eca-rers2012/Problem10_label28.yml	false	false(unreach-call)	463.317100069	427.60676863499975	1579.933696	cloud-23979	TIMEOUT	990.45628762	954.9652967840084	1373.286400	cloud-23933
eca-rers2012/Problem10_label29.yml	false	ERROR (solver error, after parsing finished)	753.613395557	723.4479559760002	1590.820864	cloud-23979	TIMEOUT	990.404641874	964.8984373270068	1478.418432	cloud-23979
eca-rers2012/Problem10_label30.yml	true	true	78.285909402	53.19188024799996	1372.336128	cloud-23979	TIMEOUT	990.381178132	960.7917207560095	1394.442240	cloud-23982
eca-rers2012/Problem10_label31.yml	true	true	85.660006174	61.001378981000016	1389.805568	cloud-23979	TIMEOUT	990.406945555	962.6940118359926	1385.721856	cloud-23979
eca-rers2012/Problem10_label32.yml	true	true	147.384975025	112.2452308320062	1445.953536	cloud-23933	TIMEOUT	990.397694369	959.8240149570047	1462.263808	cloud-23982
eca-rers2012/Problem10_label33.yml	true	true	106.051065035	79.51715768699978	1420.472320	cloud-23940	TIMEOUT	990.456530912	960.3787609800056	1482.551296	cloud-23938
eca-rers2012/Problem10_label34.yml	true	true	85.303059722	58.67443400999764	1452.040192	cloud-23979	TIMEOUT	990.415228876	966.5834347709897	1539.297280	cloud-23980
eca-rers2012/Problem10_label35.yml	true	true	133.212495769	101.14895436299958	1478.090752	cloud-23979	TIMEOUT	990.353799501	967.3395508060057	1510.776832	cloud-23980
eca-rers2012/Problem10_label36.yml	true	true	143.635284398	110.49471126700155	1426.571264	cloud-23933	TIMEOUT	990.395120779	966.3432566190022	1511.411712	cloud-23979
eca-rers2012/Problem10_label37.yml	true	true	132.105039063	99.55183293099981	1385.508864	cloud-23979	TIMEOUT	990.414456763	963.4969116340217	1361.399808	cloud-23979
eca-rers2012/Problem10_label38.yml	true	true	135.757927512	103.07834261300013	1719.226368	cloud-23979	TIMEOUT	990.423219483	962.7717574140115	1603.522560	cloud-23979
eca-rers2012/Problem10_label39.yml	true	true	86.346501718	57.42191535600432	1357.869056	cloud-23933	TIMEOUT	990.466343284	964.2513691560016	1503.432704	cloud-23980
eca-rers2012/Problem10_label40.yml	true	ERROR (solver error, after parsing finished)	754.855897531	725.032458447	1573.011456	cloud-23933	TIMEOUT	990.470072304	953.381191781984	1521.434624	cloud-23933
eca-rers2012/Problem10_label41.yml	false	false(unreach-call)	301.424644605	266.35748446900107	1483.739136	cloud-23933	TIMEOUT	990.396726877	961.6962499740184	1330.679808	cloud-23979
eca-rers2012/Problem10_label42.yml	false	false(unreach-call)	70.360160126	45.83156099400003	1414.397952	cloud-23940	TIMEOUT	990.432814596	963.1711419420026	1408.864256	cloud-23933
eca-rers2012/Problem10_label43.yml	true	ERROR (solver error, after parsing finished)	746.211827385	722.8373781480004	1412.870144	cloud-23933	TIMEOUT	990.402420773	960.514830560016	1720.852480	cloud-23982
eca-rers2012/Problem10_label44.yml	true	true	154.304256575	121.05520789699949	1611.366400	cloud-23933	TIMEOUT	990.478452713	960.862459069991	1362.243584	cloud-23938
eca-rers2012/Problem10_label45.yml	true	ERROR (solver error, after parsing finished)	742.218077011	721.528374689	1766.715392	cloud-23979	TIMEOUT	990.423674096	963.3203709679947	1521.041408	cloud-23933
eca-rers2012/Problem10_label47.yml	false	false(unreach-call)	107.991890872	73.0089011500022	1406.955520	cloud-23933	TIMEOUT	990.448522251	961.0774184000038	1548.689408	cloud-23938
eca-rers2012/Problem10_label48.yml	false	false(unreach-call)	95.566619456	62.245590745999834	1585.647616	cloud-23933	TIMEOUT	990.356300142	963.9821580919961	1277.112320	cloud-23980
eca-rers2012/Problem10_label49.yml	true	ERROR (solver error, after parsing finished)	757.426898507	725.4832610869998	1414.311936	cloud-23933	TIMEOUT	990.364522291	959.4867935259826	1508.667392	cloud-23982
eca-rers2012/Problem10_label50.yml	false	ERROR (solver error, after parsing finished)	753.896435473	722.8482876690032	1494.761472	cloud-23979	TIMEOUT	990.432818492	962.5532206390053	1434.869760	cloud-23980
eca-rers2012/Problem10_label51.yml	true	true	108.966858594	73.80703468099819	1526.312960	cloud-24259	TIMEOUT	990.436963609	964.6487783979974	1516.183552	cloud-23933
eca-rers2012/Problem10_label52.yml	true	true	134.33421412	101.71717116699801	1553.182720	cloud-24259	TIMEOUT	990.312549674	965.441232607991	1525.018624	cloud-23980
eca-rers2012/Problem10_label53.yml	true	true	110.772570351	82.53744140900017	1368.350720	cloud-23979	TIMEOUT	990.464312745	959.3951086349844	1372.745728	cloud-23938
eca-rers2012/Problem10_label54.yml	true	true	97.325378716	66.59050801400008	1419.026432	cloud-23933	TIMEOUT	990.419921925	960.5792255100096	1458.618368	cloud-23933
eca-rers2012/Problem10_label55.yml	false	false(unreach-call)	154.184409646	119.17254781299562	1489.608704	cloud-24259	TIMEOUT	990.455084681	959.0739596229978	1582.358528	cloud-23938
eca-rers2012/Problem10_label56.yml	true	ERROR (solver error, after parsing finished)	746.975459506	720.105166369	1344.983040	cloud-23933	TIMEOUT	990.406051872	964.4529776489944	1416.585216	cloud-23979
eca-rers2012/Problem10_label57.yml	false	false(unreach-call)	89.449639873	58.17650915000013	1577.746432	cloud-23933	TIMEOUT	990.464684724	961.8337838820007	1413.820416	cloud-23979
eca-rers2012/Problem10_label58.yml	false	false(unreach-call)	76.829703846	50.435945180001	1316.392960	cloud-23979	TIMEOUT	990.668610146	960.1089610290073	1538.088960	cloud-23938
eca-rers2012/Problem10_label59.yml	true	ERROR (solver error, after parsing finished)	759.894308771	727.8380049779989	1390.256128	cloud-23979	TIMEOUT	990.489878536	958.9021308739902	1496.993792	cloud-23938
eca-rers2012/Problem11_label00.yml	false	ERROR (solver error, after parsing finished)	774.7253157	737.0705172739999	2454.151168	cloud-23979	TIMEOUT	990.503393823	955.6487291570229	2288.082944	cloud-23979
eca-rers2012/Problem11_label01.yml	true	true	340.256268076	291.68962686099985	2452.951040	cloud-23933	TIMEOUT	990.677722348	946.3959115720063	2361.421824	cloud-23938
eca-rers2012/Problem11_label02.yml	true	ERROR (solver error, after parsing finished)	793.657532925	748.7278698350019	2825.592832	cloud-24259	TIMEOUT	990.495482877	949.0681019569747	2430.296064	cloud-23982
eca-rers2012/Problem11_label03.yml	true	ERROR (solver error, after parsing finished)	793.940012056	750.0366324100032	2422.919168	cloud-24259	TIMEOUT	990.552037792	950.1749886450125	2118.778880	cloud-23938
eca-rers2012/Problem11_label04.yml	true	true	291.273278584	242.70787911099615	2397.720576	cloud-23933	TIMEOUT	990.531563745	955.802476546989	2330.378240	cloud-23933
eca-rers2012/Problem11_label05.yml	true	ERROR (solver error, after parsing finished)	783.009789217	741.5858693280006	2838.712320	cloud-23933	TIMEOUT	990.532879231	951.9759980419767	2224.562176	cloud-23979
eca-rers2012/Problem11_label06.yml	true	ERROR (solver error, after parsing finished)	794.818471037	747.292384665001	2387.214336	cloud-23933	TIMEOUT	990.579974061	952.5525835209992	2321.231872	cloud-23979
eca-rers2012/Problem11_label07.yml	true	true	233.550208073	186.00196206499822	2242.691072	cloud-23933	TIMEOUT	990.55897113	954.1493945269904	2389.991424	cloud-23979
eca-rers2012/Problem11_label08.yml	false	ERROR (solver error, after parsing finished)	791.383877401	746.0311168099979	2645.827584	cloud-23933	TIMEOUT	990.583805312	946.4396965549968	2252.509184	cloud-23938
eca-rers2012/Problem11_label09.yml	true	ERROR (solver error, after parsing finished)	783.058213041	742.1666680559997	2258.989056	cloud-23933	TIMEOUT	990.61591724	949.3728720899962	2335.473664	cloud-23933
eca-rers2012/Problem11_label10.yml	true	true	360.345276969	313.7372132879973	2434.265088	cloud-23933	TIMEOUT	990.505061564	952.5435826310131	2658.304000	cloud-23982
eca-rers2012/Problem11_label11.yml	true	ERROR (solver error, after parsing finished)	785.95084176	743.8846490000005	2152.628224	cloud-23933	TIMEOUT	990.675580764	950.6043756379804	2320.842752	cloud-23933
eca-rers2012/Problem11_label12.yml	true	true	194.989254979	157.35203208500002	2361.151488	cloud-23979	TIMEOUT	990.555144658	956.7418304460007	2482.364416	cloud-23933
eca-rers2012/Problem11_label13.yml	true	ERROR (solver error, after parsing finished)	793.878699758	747.7502762650038	2446.327808	cloud-24259	TIMEOUT	990.495126797	955.7854070320027	2267.226112	cloud-23980
eca-rers2012/Problem11_label14.yml	false	false(unreach-call)	229.329703228	180.70718406799915	2474.684416	cloud-23933	TIMEOUT	990.48961634	954.2063571410254	2537.914368	cloud-23933
eca-rers2012/Problem11_label15.yml	false	ERROR (solver error, after parsing finished)	779.132507663	741.3187011529953	2527.035392	cloud-23933	TIMEOUT	990.418966713	948.0071368829813	2255.597568	cloud-23982
eca-rers2012/Problem11_label16.yml	true	true	345.992897704	296.6845417559962	2401.042432	cloud-24259	TIMEOUT	990.63010015	949.1807253309817	2369.789952	cloud-23982
eca-rers2012/Problem11_label17.yml	true	true	368.545708845	315.21334940700035	2554.212352	cloud-24259	TIMEOUT	990.524841439	951.965978474007	2513.760256	cloud-23982
eca-rers2012/Problem11_label18.yml	true	ERROR (solver error, after parsing finished)	776.156387317	739.12151171	2600.189952	cloud-23979	TIMEOUT	990.662404472	947.9138620659942	2248.171520	cloud-23938
eca-rers2012/Problem11_label19.yml	true	ERROR (solver error, after parsing finished)	802.047667625	751.836892845	2294.480896	cloud-24259	TIMEOUT	990.532421361	956.4302351869992	2532.986880	cloud-23980
eca-rers2012/Problem11_label20.yml	false	ERROR (solver error, after parsing finished)	796.753447033	751.6690975279998	2539.237376	cloud-23933	TIMEOUT	990.576239536	954.261337821983	2316.619776	cloud-23979
eca-rers2012/Problem11_label21.yml	true	ERROR (solver error, after parsing finished)	813.331650247	754.8350496300045	2371.747840	cloud-23933	TIMEOUT	990.61288902	953.3737236140005	2269.986816	cloud-23980
eca-rers2012/Problem11_label22.yml	true	ERROR (solver error, after parsing finished)	782.006076729	739.7506637120023	2465.533952	cloud-23933	TIMEOUT	990.498010802	948.5545895340038	2425.524224	cloud-23982
eca-rers2012/Problem11_label23.yml	true	ERROR (solver error, after parsing finished)	799.196631639	758.3462778570029	2460.286976	cloud-23979	TIMEOUT	990.643174756	949.9085818440071	2319.990784	cloud-23938
eca-rers2012/Problem11_label24.yml	true	ERROR (solver error, after parsing finished)	763.671471764	728.5178525189986	2287.448064	cloud-23940	TIMEOUT	990.542538398	953.3834378779866	2330.140672	cloud-23979
eca-rers2012/Problem11_label25.yml	true	ERROR (solver error, after parsing finished)	786.076981572	737.8135752710004	2717.155328	cloud-23933	TIMEOUT	990.5937376	947.2371192570135	2326.687744	cloud-23938
eca-rers2012/Problem11_label26.yml	true	ERROR (solver error, after parsing finished)	792.390987444	745.777339813998	2439.495680	cloud-24259	TIMEOUT	990.558351628	957.881740997982	2362.703872	cloud-23979
eca-rers2012/Problem11_label27.yml	true	true	198.94110445	155.19142272599993	2296.225792	cloud-23933	TIMEOUT	990.624294995	950.1208800299792	2514.788352	cloud-23982
eca-rers2012/Problem11_label28.yml	true	ERROR (solver error, after parsing finished)	803.864416385	753.0198732429999	2528.247808	cloud-24259	TIMEOUT	990.518673369	950.9739085199835	2359.939072	cloud-23979
eca-rers2012/Problem11_label29.yml	false	ERROR (solver error, after parsing finished)	775.998156662	737.5555033159981	2679.341056	cloud-23979	TIMEOUT	990.563300441	950.0034309969924	2283.544576	cloud-23938
eca-rers2012/Problem11_label30.yml	true	ERROR (solver error, after parsing finished)	759.136939668	726.446098286	2354.954240	cloud-23942	TIMEOUT	990.539812012	953.0191729240178	2339.438592	cloud-23980
eca-rers2012/Problem11_label31.yml	false	ERROR (solver error, after parsing finished)	768.503726849	735.1516298910028	2195.996672	cloud-23979	TIMEOUT	990.598007686	944.1804385819996	2332.557312	cloud-23933
eca-rers2012/Problem11_label32.yml	true	true	215.407334487	171.6696587999977	2678.534144	cloud-23979	TIMEOUT	990.734813256	953.6703815590008	2953.191424	cloud-23979
eca-rers2012/Problem11_label33.yml	true	ERROR (solver error, after parsing finished)	786.477529853	744.0027927819974	2340.945920	cloud-24259	TIMEOUT	990.536640066	946.9589245079842	2765.082624	cloud-23980
eca-rers2012/Problem11_label34.yml	false	ERROR (solver error, after parsing finished)	801.127250373	747.5668418269997	2415.403008	cloud-23933	TIMEOUT	990.536458359	949.3207099710125	2560.315392	cloud-23980
eca-rers2012/Problem11_label35.yml	true	true	285.088532178	238.20647236700006	2262.945792	cloud-23933	TIMEOUT	990.664987616	950.9575633569912	2677.030912	cloud-23938
eca-rers2012/Problem11_label36.yml	false	false(unreach-call)	138.385775321	99.94558033099747	2294.628352	cloud-23979	TIMEOUT	990.540751659	953.4576073930075	2227.404800	cloud-23979
eca-rers2012/Problem11_label37.yml	true	true	330.007126033	283.37667081900145	2247.221248	cloud-23933	TIMEOUT	990.488046692	949.7050935119914	2197.020672	cloud-23980
eca-rers2012/Problem11_label38.yml	true	ERROR (solver error, after parsing finished)	782.815844413	741.0418182389994	2343.288832	cloud-23933	TIMEOUT	990.536158731	949.641245603998	2318.389248	cloud-23938
eca-rers2012/Problem11_label39.yml	false	ERROR (solver error, after parsing finished)	759.060900015	727.813560569004	2421.030912	cloud-23940	TIMEOUT	990.524273084	947.7716934790078	2388.111360	cloud-23938
eca-rers2012/Problem11_label40.yml	true	ERROR (solver error, after parsing finished)	794.564122899	748.4393900159994	3154.903040	cloud-23933	TIMEOUT	990.542057116	951.8439981490083	2756.845568	cloud-23982
eca-rers2012/Problem11_label41.yml	true	ERROR (solver error, after parsing finished)	783.753798691	736.1837337590005	2514.804736	cloud-23979	TIMEOUT	990.590001083	945.1901235900004	2343.223296	cloud-23982
eca-rers2012/Problem11_label42.yml	false	ERROR (solver error, after parsing finished)	779.562512381	739.4751694400038	2408.636416	cloud-23979	TIMEOUT	990.639804735	952.4015442559903	2792.599552	cloud-23933
eca-rers2012/Problem11_label43.yml	false	ERROR (solver error, after parsing finished)	830.907024493	790.1688088260053	2470.064128	cloud-23933	TIMEOUT	990.59896401	953.3917028649885	2247.217152	cloud-23933
eca-rers2012/Problem11_label44.yml	true	true	339.188852561	296.0014726590016	2427.154432	cloud-23933	TIMEOUT	990.638849009	954.6448160010041	2534.895616	cloud-23933
eca-rers2012/Problem11_label45.yml	true	TIMEOUT (ERROR (inner timeout, after parsing finished))	973.210459831	923.9029151659997	2652.872704	cloud-23979	TIMEOUT	990.631530059	949.2650899150176	2237.784064	cloud-23979
eca-rers2012/Problem11_label46.yml	true	ERROR (solver error, after parsing finished)	793.459788146	749.1919911880004	2306.940928	cloud-23979	TIMEOUT	990.575110657	955.6701482169738	2201.182208	cloud-23933
eca-rers2012/Problem11_label47.yml	true	ERROR (solver error, after parsing finished)	781.882050791	736.3134940890013	2313.715712	cloud-23979	TIMEOUT	990.441227097	950.1255692919949	2558.287872	cloud-23982
eca-rers2012/Problem11_label48.yml	true	ERROR (solver error, after parsing finished)	782.806989606	741.161935098	2356.383744	cloud-23933	TIMEOUT	990.613330312	954.5296559559938	2609.803264	cloud-23980
eca-rers2012/Problem11_label49.yml	false	ERROR (solver error, after parsing finished)	777.775664792	740.4725990610004	2292.006912	cloud-23979	TIMEOUT	990.591639388	951.9458748660109	2443.415552	cloud-23980
eca-rers2012/Problem11_label50.yml	true	ERROR (solver error, after parsing finished)	790.388769234	745.5606305790006	2403.573760	cloud-23979	TIMEOUT	990.552943256	945.4677658799919	2295.681024	cloud-23933
eca-rers2012/Problem11_label51.yml	false	ERROR (solver error, after parsing finished)	785.203609472	740.6715573129995	2816.552960	cloud-23979	TIMEOUT	990.556543485	950.6619365739753	2350.792704	cloud-23938
eca-rers2012/Problem11_label52.yml	true	TIMEOUT (ERROR (inner timeout, after parsing finished))	962.431699969	923.5080307030003	2335.506432	cloud-23979	TIMEOUT	990.46210749	956.0431715510204	2712.248320	cloud-23980
eca-rers2012/Problem11_label53.yml	true	ERROR (solver error, after parsing finished)	776.234341613	738.9505926590009	2187.599872	cloud-23979	TIMEOUT	990.544283943	953.8496584399836	2452.361216	cloud-23979
eca-rers2012/Problem11_label54.yml	true	ERROR (solver error, after parsing finished)	804.293541722	753.1621015979981	2326.970368	cloud-24259	TIMEOUT	990.64992947	952.4764460790029	2406.383616	cloud-23933
eca-rers2012/Problem11_label55.yml	true	true	740.805933712	688.2058684080039	2317.234176	cloud-23933	TIMEOUT	990.471980929	957.0651353590074	2170.179584	cloud-23980
eca-rers2012/Problem11_label56.yml	true	ERROR (solver error, after parsing finished)	792.793395463	743.3445950530004	2779.398144	cloud-23933	TIMEOUT	990.515297967	953.7184774940251	2515.398656	cloud-23979
eca-rers2012/Problem11_label57.yml	true	ERROR (solver error, after parsing finished)	796.221860045	748.6596725089985	2180.472832	cloud-23933	TIMEOUT	990.531643719	951.9999702280038	2339.352576	cloud-23933
eca-rers2012/Problem11_label58.yml	false	false(unreach-call)	164.227146285	122.75414819399975	2627.907584	cloud-23979	TIMEOUT	990.68886833	953.726029368001	2928.627712	cloud-23979
eca-rers2012/Problem11_label59.yml	true	ERROR (solver error, after parsing finished)	777.46659475	738.2137463830004	2707.353600	cloud-23979	TIMEOUT	990.527041963	951.9490007889981	2510.729216	cloud-23980
eca-rers2012/Problem12_label02.yml	true	TIMEOUT (ERROR (solver error, after parsing finished))	967.109653099	889.2855393760037	6933.184512	cloud-24259	TIMEOUT	990.927588645	937.0258635909995	8351.285248	cloud-23941
eca-rers2012/Problem12_label03.yml	false	TIMEOUT (ERROR (solver error, after parsing finished))	966.706247164	877.8675338189996	6976.253952	cloud-23933	TIMEOUT	991.048475437	925.5313942370121	7064.100864	cloud-23979
eca-rers2012/Problem12_label05.yml	true	TIMEOUT (ERROR (solver error, after parsing finished))	936.63037862	858.225779458	7160.745984	cloud-23933	TIMEOUT	991.010444114	924.075438291009	7064.375296	cloud-23979
eca-rers2012/Problem12_label08.yml	false	ERROR (solver error, after parsing finished)	898.136793764	828.64389295	7028.932608	cloud-23979	TIMEOUT	991.150402801	927.0192423220142	7052.308480	cloud-23933
eca-rers2012/Problem12_label16.yml	true	TIMEOUT (ERROR (solver error, after parsing finished))	941.769474172	818.145636084002	8500.203520	cloud-24261	TIMEOUT	991.142569866	922.620067116979	7092.801536	cloud-23980
eca-rers2012/Problem12_label19.yml	false	TIMEOUT (ERROR (solver error, after parsing finished))	932.001507816	846.5913657259999	8235.319296	cloud-23933	TIMEOUT	990.855953401	936.6186461100006	7399.407616	cloud-23940
eca-rers2012/Problem12_label22.yml	true	TIMEOUT (ERROR (solver error, after parsing finished))	981.369751846	862.7915002019945	10651.123712	cloud-23979	TIMEOUT	991.520612547	916.9876894770132	7793.823744	cloud-23938
eca-rers2012/Problem12_label30.yml	false	TIMEOUT (ERROR (solver error, after parsing finished))	987.627827022	797.7823128960008	6937.276416	cloud-23941	TIMEOUT	990.796992436	935.5945219109999	7056.392192	cloud-23940
eca-rers2012/Problem12_label34.yml	false	ERROR (solver error, after parsing finished)	879.913805835	788.5340506240027	8926.531584	cloud-23943	TIMEOUT	991.278147312	926.1159244239971	7044.419584	cloud-23980
eca-rers2012/Problem12_label39.yml	false	ERROR (solver error, after parsing finished)	862.474780629	793.2034534640043	7409.156096	cloud-23944	TIMEOUT	990.993157372	918.4838854690024	7220.404224	cloud-23980
eca-rers2012/Problem12_label47.yml	true	TIMEOUT (ERROR (solver error, after parsing finished))	988.998421885	835.4127151249995	7845.527552	cloud-23933	TIMEOUT	990.83267615	938.1652783050085	8060.264448	cloud-23942
eca-rers2012/Problem12_label48.yml	false	ERROR (solver error, after parsing finished)	891.323831004	825.4186909190003	7049.289728	cloud-23979	TIMEOUT	990.98266678	936.9404769450193	8243.077120	cloud-23943
eca-rers2012/Problem12_label50.yml	false	TIMEOUT (ERROR (solver error, after parsing finished))	905.992595551	823.4175554940011	7075.995648	cloud-23979	TIMEOUT	990.961495217	927.2398587430071	7212.298240	cloud-23979
eca-rers2012/Problem12_label52.yml	false	TIMEOUT (ERROR (solver error, after parsing finished))	968.255697932	792.8825388269979	7949.180928	cloud-23940	TIMEOUT	991.402310751	912.7828708419984	7989.460992	cloud-23982
eca-rers2012/Problem12_label56.yml	true	ERROR (solver error, after parsing finished)	889.697656731	819.7359873669999	8330.420224	cloud-24261	TIMEOUT	991.105983637	919.9380078350077	7224.180736	cloud-23980
eca-rers2012/Problem14_label00.yml	true	true	171.579695633	142.32888474399988	1578.979328	cloud-23979	TIMEOUT	990.405049075	964.3312057729927	1782.247424	cloud-23980
eca-rers2012/Problem14_label01.yml	true	true	218.68190031	182.48772300100245	1623.252992	cloud-23979	TIMEOUT	990.441186209	962.6842031419801	1691.234304	cloud-23980
eca-rers2012/Problem14_label02.yml	false	ERROR (solver error, after parsing finished)	763.39783555	725.4889962219968	1645.535232	cloud-23979	TIMEOUT	990.3940843	960.6384639699827	1574.666240	cloud-23980
eca-rers2012/Problem14_label03.yml	true	true	165.577540296	141.84815671599972	1778.028544	cloud-23943	TIMEOUT	990.479827638	964.6064269950148	1740.259328	cloud-23980
eca-rers2012/Problem14_label04.yml	true	ERROR (solver error, after parsing finished)	758.740607796	725.7628638989991	1754.169344	cloud-23979	TIMEOUT	990.389078275	962.9940533699992	1722.646528	cloud-23980
eca-rers2012/Problem14_label05.yml	true	true	291.135436926	253.37812245499936	1785.778176	cloud-23933	TIMEOUT	990.393816176	953.6880486650043	1552.777216	cloud-23982
eca-rers2012/Problem14_label06.yml	true	true	215.542633034	174.20701621899934	1507.913728	cloud-23933	TIMEOUT	990.472758034	961.4422857119935	1730.097152	cloud-23979
eca-rers2012/Problem14_label07.yml	true	true	186.423613511	153.50184413399984	1752.363008	cloud-23979	TIMEOUT	990.527547167	958.7890592839976	1667.751936	cloud-23933
eca-rers2012/Problem14_label08.yml	false	ERROR (solver error, after parsing finished)	767.120948359	729.9875026050004	1450.373120	cloud-23933	TIMEOUT	990.387620517	957.5570509450044	1459.458048	cloud-23982
eca-rers2012/Problem14_label09.yml	true	ERROR (solver error, after parsing finished)	752.726426015	723.7944368349997	1470.902272	cloud-23979	TIMEOUT	990.442473358	963.978804554994	1618.857984	cloud-23979
eca-rers2012/Problem14_label10.yml	false	false(unreach-call)	515.603708893	472.59396183100034	1989.509120	cloud-23979	TIMEOUT	990.344317692	967.6876895769965	1611.915264	cloud-23980
eca-rers2012/Problem14_label11.yml	false	false(unreach-call)	205.734677118	172.03220367399626	2157.273088	cloud-23944	TIMEOUT	990.478467551	959.103998770006	1664.618496	cloud-23982
eca-rers2012/Problem14_label12.yml	false	ERROR (solver error, after parsing finished)	760.882182619	726.550017965	1438.904320	cloud-23979	TIMEOUT	990.300807141	969.6953920980159	1558.085632	cloud-23944
eca-rers2012/Problem14_label13.yml	false	false(unreach-call)	239.142974547	198.98931125100034	2052.165632	cloud-23979	TIMEOUT	990.521773106	960.8370562980126	1741.516800	cloud-23933
eca-rers2012/Problem14_label14.yml	false	ERROR (solver error, after parsing finished)	778.679992499	737.273022115005	1509.466112	cloud-23933	TIMEOUT	990.475452853	961.1369483130111	1600.991232	cloud-23933
eca-rers2012/Problem14_label15.yml	true	true	221.78757091	184.79600417599795	1492.074496	cloud-23933	TIMEOUT	990.409013179	959.3221928800049	1578.528768	cloud-23982
eca-rers2012/Problem14_label16.yml	true	true	223.89023949	186.2296588340032	1715.929088	cloud-24259	TIMEOUT	990.501627328	961.9176059380115	1691.750400	cloud-23979
eca-rers2012/Problem14_label17.yml	true	true	227.549227926	188.34274578400073	1601.122304	cloud-24259	TIMEOUT	990.430663268	960.9946875380119	1643.556864	cloud-23979
eca-rers2012/Problem14_label18.yml	false	false(unreach-call)	327.25291126	285.11139860200274	2052.120576	cloud-23979	TIMEOUT	990.437190975	961.2789239289996	1755.619328	cloud-23982
eca-rers2012/Problem14_label19.yml	true	true	101.892069722	77.65465378599765	1456.300032	cloud-23944	TIMEOUT	990.455630082	960.5800439729937	1650.446336	cloud-23979
eca-rers2012/Problem14_label20.yml	true	true	144.125575421	110.13429023000208	1426.845696	cloud-23933	TIMEOUT	990.455163964	963.5348896079813	1892.675584	cloud-23933
eca-rers2012/Problem14_label21.yml	true	true	149.712446823	112.89660584300145	1687.650304	cloud-24259	TIMEOUT	990.470016835	961.896931012976	1645.408256	cloud-23933
eca-rers2012/Problem14_label22.yml	false	false(unreach-call)	361.770919636	318.45458507999865	2193.764352	cloud-24259	TIMEOUT	990.294766064	970.1106065670028	1643.786240	cloud-23944
eca-rers2012/Problem14_label23.yml	true	true	127.094491193	97.58854629300004	1501.106176	cloud-23979	TIMEOUT	990.601415666	958.1427006380109	1670.193152	cloud-23982
eca-rers2012/Problem14_label24.yml	true	true	170.473126228	138.06711606499812	1512.017920	cloud-23979	TIMEOUT	990.381715873	966.6803640740109	1478.643712	cloud-23980
eca-rers2012/Problem14_label25.yml	true	true	153.801230745	116.03890704100195	1921.671168	cloud-24259	TIMEOUT	990.437360503	960.0746404659876	1538.142208	cloud-23933
eca-rers2012/Problem14_label26.yml	true	true	219.21760907	179.85786758699396	1502.986240	cloud-24259	TIMEOUT	990.455247295	958.0652313579922	1724.518400	cloud-23938
eca-rers2012/Problem14_label27.yml	false	ERROR (solver error, after parsing finished)	766.121835715	729.2287020310032	1747.865600	cloud-24259	TIMEOUT	990.453869697	956.6226181240054	1528.573952	cloud-23938
eca-rers2012/Problem14_label28.yml	false	false(unreach-call)	466.402166478	422.39980758399906	2110.406656	cloud-24259	TIMEOUT	990.440671538	955.6438967279973	1684.131840	cloud-23982
eca-rers2012/Problem14_label29.yml	false	false(unreach-call)	309.221497831	264.64117605200227	2082.500608	cloud-23933	TIMEOUT	990.468809624	961.8817555290007	1597.607936	cloud-23979
eca-rers2012/Problem14_label30.yml	true	true	156.974418466	119.28666233900003	1705.566208	cloud-23933	TIMEOUT	990.479002074	959.5825670640043	1714.847744	cloud-23938
eca-rers2012/Problem14_label31.yml	false	false(unreach-call)	228.970451887	190.16383602399947	2065.809408	cloud-23979	TIMEOUT	990.378340918	961.7833887909946	1606.438912	cloud-23980
eca-rers2012/Problem14_label32.yml	true	true	192.370384908	156.87238821699793	1697.558528	cloud-24259	TIMEOUT	990.399900445	962.7068383040023	1606.619136	cloud-23979
eca-rers2012/Problem14_label33.yml	true	true	183.334119977	149.90049669099972	1515.352064	cloud-23933	TIMEOUT	990.441700344	959.5326019760105	1665.650688	cloud-23933
eca-rers2012/Problem14_label34.yml	false	false(unreach-call)	272.921396968	232.05825401999937	2061.250560	cloud-23979	TIMEOUT	990.445019687	958.0081206590112	1647.386624	cloud-23933
eca-rers2012/Problem14_label35.yml	true	true	229.873510878	190.97017881200009	1696.051200	cloud-23933	TIMEOUT	990.494130892	962.5549912439892	1771.053056	cloud-23933
eca-rers2012/Problem14_label36.yml	true	true	171.10837941	140.61713835800037	1503.416320	cloud-23979	TIMEOUT	990.483013096	961.6520036770089	1573.777408	cloud-23933
eca-rers2012/Problem14_label37.yml	false	false(unreach-call)	570.777744647	524.1938873920008	2206.605312	cloud-23933	TIMEOUT	990.47395509	962.1069897930138	1688.072192	cloud-23979
eca-rers2012/Problem14_label38.yml	true	true	228.848810837	186.3154019270005	1749.819392	cloud-24259	TIMEOUT	990.472758033	956.4332409199851	1749.094400	cloud-23938
eca-rers2012/Problem14_label39.yml	false	false(unreach-call)	246.887557358	204.15238497399696	2081.935360	cloud-23979	TIMEOUT	990.524529578	963.9074294680031	1897.893888	cloud-23933
eca-rers2012/Problem14_label40.yml	false	false(unreach-call)	296.466949685	249.17274470599932	2232.672256	cloud-23933	TIMEOUT	990.565853552	957.2176594469929	1670.225920	cloud-23938
eca-rers2012/Problem14_label41.yml	false	false(unreach-call)	455.617791588	407.8904197459997	2146.336768	cloud-24259	TIMEOUT	990.512969445	964.6157621929888	1594.355712	cloud-23933
eca-rers2012/Problem14_label42.yml	true	true	162.544713529	129.27060173300197	1472.233472	cloud-24259	TIMEOUT	990.471775609	957.7036839460197	1519.980544	cloud-23938
eca-rers2012/Problem14_label43.yml	false	false(unreach-call)	405.972486809	363.58404935	2160.177152	cloud-23979	TIMEOUT	990.369150768	961.4538849809906	1596.432384	cloud-23982
eca-rers2012/Problem14_label44.yml	false	false(unreach-call)	473.595574783	425.5043295180003	2088.939520	cloud-23933	TIMEOUT	990.356562459	958.9730515999836	1561.739264	cloud-23982
eca-rers2012/Problem14_label45.yml	true	ERROR (solver error, after parsing finished)	770.287377663	729.2493855089997	1730.031616	cloud-23933	TIMEOUT	990.423264921	959.7138094640104	1730.674688	cloud-23982
eca-rers2012/Problem14_label46.yml	true	ERROR (solver error, after parsing finished)	763.39476435	728.5903578110001	1661.628416	cloud-23933	TIMEOUT	990.419263395	959.4992806999944	1698.381824	cloud-23982
eca-rers2012/Problem14_label47.yml	true	true	209.306612779	174.8356181529998	1559.080960	cloud-23979	TIMEOUT	990.435145803	958.4030377409945	1389.150208	cloud-23982
eca-rers2012/Problem14_label48.yml	true	ERROR (solver error, after parsing finished)	753.087054884	721.8234641399977	1489.969152	cloud-23944	TIMEOUT	990.425411902	960.8349814419926	1665.622016	cloud-23979
eca-rers2012/Problem14_label49.yml	true	true	245.807050151	207.8290266719996	1733.300224	cloud-24259	TIMEOUT	990.432873448	962.4143072029983	1589.293056	cloud-23980
eca-rers2012/Problem14_label50.yml	true	true	648.487691351	604.1373469869941	1803.354112	cloud-23933	TIMEOUT	990.413760094	960.0599929959862	1482.092544	cloud-23982
eca-rers2012/Problem14_label51.yml	true	ERROR (solver error, after parsing finished)	776.182800234	736.9019585459973	1541.382144	cloud-23933	TIMEOUT	990.486914555	956.3500496229972	1754.914816	cloud-23938
eca-rers2012/Problem14_label52.yml	false	false(unreach-call)	348.445638283	305.3442383540005	2010.152960	cloud-23979	TIMEOUT	990.432321174	954.6242948079889	1659.662336	cloud-23982
eca-rers2012/Problem14_label53.yml	true	ERROR (solver error, after parsing finished)	780.189117457	736.7003667889949	1725.591552	cloud-24259	TIMEOUT	990.468034036	955.7979843389767	1587.892224	cloud-23982
eca-rers2012/Problem14_label54.yml	false	false(unreach-call)	416.314625536	371.9121756930035	2449.215488	cloud-24259	TIMEOUT	990.434586074	962.1891201699909	1470.164992	cloud-23980
eca-rers2012/Problem14_label55.yml	true	true	484.683262491	449.98450848400034	1630.441472	cloud-23979	TIMEOUT	990.442489921	963.0632316349947	1613.344768	cloud-23979
eca-rers2012/Problem14_label56.yml	false	false(unreach-call)	299.079342314	250.00013964299978	1926.692864	cloud-23933	TIMEOUT	990.503897669	961.2151256600046	1528.307712	cloud-23933
eca-rers2012/Problem14_label57.yml	false	false(unreach-call)	282.269443206	235.11247844199534	1938.755584	cloud-24259	TIMEOUT	990.500909132	964.413083210995	1882.513408	cloud-23933
eca-rers2012/Problem14_label58.yml	false	ERROR (solver error, after parsing finished)	769.623033855	730.0079943200035	1484.910592	cloud-23933	TIMEOUT	990.452828021	962.7178364139982	1866.563584	cloud-23933
eca-rers2012/Problem14_label59.yml	true	true	158.762144643	125.96492811100325	1665.339392	cloud-23979	TIMEOUT	990.364494829	966.2609315750015	1526.685696	cloud-23941
eca-rers2012/Problem15_label00.yml	false	ERROR (solver error, after parsing finished)	861.5111302	799.1324106100001	4367.532032	cloud-23933	TIMEOUT	990.780066645	947.9924985080143	4496.175104	cloud-23979
eca-rers2012/Problem15_label01.yml	true	ERROR (solver error, after parsing finished)	839.966521942	785.3209992400007	4109.000704	cloud-23933	TIMEOUT	990.661150849	944.4874566539947	3618.004992	cloud-23980
eca-rers2012/Problem15_label02.yml	false	ERROR (solver error, after parsing finished)	801.273854968	756.8468478930008	3527.634944	cloud-23979	TIMEOUT	990.853785638	932.9322603759938	4438.921216	cloud-23938
eca-rers2012/Problem15_label03.yml	false	false(unreach-call)	407.358257334	350.71361267799875	4191.956992	cloud-23979	TIMEOUT	990.942866964	939.3697602839966	4942.901248	cloud-23933
eca-rers2012/Problem15_label04.yml	true	ERROR (solver error, after parsing finished)	846.296886959	787.8612549629979	4039.237632	cloud-24259	TIMEOUT	990.736250082	939.6226503920043	3425.349632	cloud-23982
eca-rers2012/Problem15_label06.yml	true	ERROR (solver error, after parsing finished)	788.867155445	746.2931619749988	3471.556608	cloud-23941	TIMEOUT	990.737013709	938.7344859119912	3811.590144	cloud-23982
eca-rers2012/Problem15_label07.yml	false	ERROR (solver error, after parsing finished)	817.936326534	769.4044698570005	4495.532032	cloud-23979	TIMEOUT	990.578183092	942.111995077983	3359.199232	cloud-23980
eca-rers2012/Problem15_label09.yml	false	ERROR (solver error, after parsing finished)	830.820060137	772.6598038280008	4432.920576	cloud-23933	TIMEOUT	990.791972918	949.5855697939987	4590.329856	cloud-23933
eca-rers2012/Problem15_label11.yml	true	ERROR (solver error, after parsing finished)	830.519999214	765.2386603359992	3644.121088	cloud-23933	TIMEOUT	990.805532392	936.8060603839986	4575.969280	cloud-23980
eca-rers2012/Problem15_label12.yml	true	ERROR (solver error, after parsing finished)	836.636570999	776.8304148080006	4527.521792	cloud-23933	TIMEOUT	990.814877073	937.4705951640208	3432.181760	cloud-23982
eca-rers2012/Problem15_label13.yml	true	ERROR (solver error, after parsing finished)	821.541902749	768.5700158750005	5113.528320	cloud-23979	TIMEOUT	990.903366291	938.9164244900167	4953.288704	cloud-23938
eca-rers2012/Problem15_label14.yml	false	false(unreach-call)	796.189323217	728.6569571219989	4603.588608	cloud-23933	TIMEOUT	990.7083888	944.9959799340286	3678.441472	cloud-23979
eca-rers2012/Problem15_label15.yml	false	ERROR (solver error, after parsing finished)	849.827902659	785.9790629080017	3639.177216	cloud-24259	TIMEOUT	990.717017581	946.0304933830048	4102.905856	cloud-23980
eca-rers2012/Problem15_label16.yml	true	ERROR (solver error, after parsing finished)	812.595721682	764.8373526609976	4464.701440	cloud-23979	TIMEOUT	990.860543087	940.3957709649985	4367.917056	cloud-23938
eca-rers2012/Problem15_label17.yml	true	ERROR (solver error, after parsing finished)	818.468682127	762.2361725510018	3851.526144	cloud-23979	TIMEOUT	990.751770143	946.9328758380143	3845.074944	cloud-23980
eca-rers2012/Problem15_label18.yml	false	false(unreach-call)	369.780144859	313.6371729890002	4353.409024	cloud-23933	TIMEOUT	990.847834347	944.1606996050104	4496.535552	cloud-23980
eca-rers2012/Problem15_label19.yml	true	ERROR (solver error, after parsing finished)	818.137155086	761.7902731680006	4406.603776	cloud-23979	TIMEOUT	990.698032314	944.4484825359832	3835.781120	cloud-23933
eca-rers2012/Problem15_label20.yml	true	ERROR (solver error, after parsing finished)	807.969756104	760.6684139549998	4316.778496	cloud-23979	TIMEOUT	990.816676441	939.432443623984	4718.395392	cloud-23938
eca-rers2012/Problem15_label21.yml	true	ERROR (solver error, after parsing finished)	844.510215228	780.7316835419988	3968.823296	cloud-23933	TIMEOUT	990.967602688	934.9764015830006	4210.417664	cloud-23982
eca-rers2012/Problem15_label23.yml	false	ERROR (solver error, after parsing finished)	820.680743565	764.6439542519984	4572.151808	cloud-23979	TIMEOUT	990.870762242	936.447766369005	4408.922112	cloud-23982
eca-rers2012/Problem15_label24.yml	true	ERROR (solver error, after parsing finished)	808.720652938	757.6570923420004	4486.615040	cloud-23979	TIMEOUT	990.739058873	940.242197168991	3767.201792	cloud-23982
eca-rers2012/Problem15_label25.yml	false	false(unreach-call)	769.143413236	706.0411770480001	3813.101568	cloud-23979	TIMEOUT	990.779456397	939.6270919700037	4449.878016	cloud-23979
eca-rers2012/Problem15_label26.yml	true	ERROR (solver error, after parsing finished)	827.831070348	769.8219873350026	4703.711232	cloud-23979	TIMEOUT	990.715162403	936.7930275399995	3489.374208	cloud-23982
eca-rers2012/Problem15_label27.yml	true	ERROR (solver error, after parsing finished)	784.64464964	744.6285122580011	4629.184512	cloud-23943	TIMEOUT	990.751441357	945.3874041719828	3477.123072	cloud-23979
eca-rers2012/Problem15_label28.yml	true	true	819.692221094	758.681558849	4620.349440	cloud-23933	TIMEOUT	990.64718589	946.3309949099785	3693.629440	cloud-23933
eca-rers2012/Problem15_label29.yml	false	ERROR (solver error, after parsing finished)	841.569131204	773.3703264939995	4319.137792	cloud-23933	TIMEOUT	990.655282111	944.9575861289923	3288.440832	cloud-23980
eca-rers2012/Problem15_label30.yml	false	false(unreach-call)	436.048602636	381.17140978799944	3355.275264	cloud-23979	TIMEOUT	990.763492645	938.4744751809922	4525.391872	cloud-23980
eca-rers2012/Problem15_label31.yml	true	TIMEOUT (true)	951.936360756	887.1719717300002	3869.216768	cloud-23979	TIMEOUT	990.691259486	943.7143752569973	3758.379008	cloud-23979
eca-rers2012/Problem15_label33.yml	false	false(unreach-call)	533.466415549	471.6227065389976	4003.520512	cloud-23979	TIMEOUT	990.746969519	946.6043275039992	4525.723648	cloud-23980
eca-rers2012/Problem15_label34.yml	false	false(unreach-call)	368.613559646	312.89935234800214	3385.364480	cloud-23979	TIMEOUT	990.826957005	948.7685951149906	4569.313280	cloud-23979
eca-rers2012/Problem15_label35.yml	true	ERROR (solver error, after parsing finished)	821.102093891	766.2876809720037	3971.387392	cloud-23979	TIMEOUT	990.633745732	941.892379197001	3582.234624	cloud-23982
eca-rers2012/Problem15_label36.yml	true	ERROR (solver error, after parsing finished)	835.468470926	774.5662995590028	4351.303680	cloud-24259	TIMEOUT	990.911677534	937.5710538580024	4835.180544	cloud-23938
eca-rers2012/Problem15_label37.yml	false	ERROR (solver error, after parsing finished)	822.633532833	765.2706161509996	3387.637760	cloud-23979	TIMEOUT	990.984995507	944.0986481609871	4189.016064	cloud-23982
eca-rers2012/Problem15_label38.yml	false	false(unreach-call)	864.166228647	797.4869273020013	4732.096512	cloud-23933	TIMEOUT	990.674934564	940.0409061679966	4478.160896	cloud-23982
eca-rers2012/Problem15_label39.yml	false	ERROR (solver error, after parsing finished)	836.036570311	783.5177033479995	4115.808256	cloud-23933	TIMEOUT	990.739719798	939.1276073940098	3924.471808	cloud-23938
eca-rers2012/Problem15_label40.yml	false	ERROR (solver error, after parsing finished)	807.037841235	761.3891150229974	4081.606656	cloud-23979	TIMEOUT	990.7271292	945.5110509929946	3536.707584	cloud-23980
eca-rers2012/Problem15_label41.yml	false	ERROR (solver error, after parsing finished)	840.112788595	775.1843616400001	4549.165056	cloud-23933	TIMEOUT	990.727418693	945.3211617269844	3817.730048	cloud-23933
eca-rers2012/Problem15_label42.yml	true	ERROR (solver error, after parsing finished)	848.129684051	783.074356117002	3584.929792	cloud-24259	TIMEOUT	990.78079121	936.2151609089924	3750.780928	cloud-23982
eca-rers2012/Problem15_label45.yml	false	false(unreach-call)	484.122293999	416.87730026999634	3554.906112	cloud-23933	TIMEOUT	990.688342135	945.2955718690064	3944.153088	cloud-23933
eca-rers2012/Problem15_label46.yml	true	ERROR (solver error, after parsing finished)	844.167751434	776.8748036790003	3903.684608	cloud-23933	TIMEOUT	990.800607215	936.946614741988	4073.340928	cloud-23938
eca-rers2012/Problem15_label47.yml	false	false(unreach-call)	519.191699893	459.38561956800095	5017.509888	cloud-23979	TIMEOUT	990.794756752	938.697951367998	3493.134336	cloud-23982
eca-rers2012/Problem15_label48.yml	false	ERROR (solver error, after parsing finished)	834.278809719	776.6223008810002	3628.494848	cloud-23933	TIMEOUT	990.815403357	942.3584621300106	3731.243008	cloud-23933
eca-rers2012/Problem15_label49.yml	true	ERROR (solver error, after parsing finished)	808.024116003	755.463994616	3758.166016	cloud-23979	TIMEOUT	990.577551621	950.2158123730042	3773.505536	cloud-23979
eca-rers2012/Problem15_label50.yml	false	false(unreach-call)	448.316215439	383.94909162399927	4382.531584	cloud-23933	TIMEOUT	990.726206704	936.4868402040156	4174.692352	cloud-23982
eca-rers2012/Problem15_label51.yml	false	false(unreach-call)	545.994782461	486.0248044129985	3617.849344	cloud-23979	TIMEOUT	990.686741022	940.5068764470052	3746.942976	cloud-23982
eca-rers2012/Problem15_label52.yml	true	ERROR (solver error, after parsing finished)	821.389188639	766.0292151029998	4001.673216	cloud-23933	TIMEOUT	990.791295115	938.1389593820204	4604.764160	cloud-23982
eca-rers2012/Problem15_label53.yml	true	ERROR (solver error, after parsing finished)	873.093819225	809.5983343330008	4442.910720	cloud-23933	TIMEOUT	990.7678656	943.9326240189839	3932.737536	cloud-23979
eca-rers2012/Problem15_label54.yml	true	ERROR (solver error, after parsing finished)	856.541136074	791.4319127119961	3906.347008	cloud-24259	TIMEOUT	990.758329889	947.4834032229846	4910.080000	cloud-23979
eca-rers2012/Problem15_label56.yml	true	ERROR (solver error, after parsing finished)	831.904919246	772.8253670659979	4450.754560	cloud-23933	TIMEOUT	990.913831655	941.749150099	3553.378304	cloud-23933
eca-rers2012/Problem15_label57.yml	true	ERROR (solver error, after parsing finished)	838.740756812	779.814109975996	3435.442176	cloud-24259	TIMEOUT	990.640507225	947.3086030039995	4505.186304	cloud-23980
eca-rers2012/Problem15_label59.yml	true	ERROR (solver error, after parsing finished)	813.662276603	763.8371737249981	3499.728896	cloud-23979	TIMEOUT	990.772421848	948.4819397440006	4185.239552	cloud-23980
eca-rers2012/Problem16_label00.yml	false	ERROR (solver error, after parsing finished)	793.715791732	747.7198486999987	2853.470208	cloud-23979	TIMEOUT	990.704354415	948.1252224889759	2922.123264	cloud-23933
eca-rers2012/Problem16_label01.yml	false	ERROR (solver error, after parsing finished)	822.448151851	768.0733477429994	2934.882304	cloud-23933	TIMEOUT	990.621662225	950.2201451440051	3564.118016	cloud-23980
eca-rers2012/Problem16_label02.yml	true	ERROR (solver error, after parsing finished)	830.15995404	771.1585565920032	2784.366592	cloud-24259	TIMEOUT	990.621409639	948.1162410530087	3309.039616	cloud-23933
eca-rers2012/Problem16_label05.yml	false	ERROR (solver error, after parsing finished)	823.036279247	762.3523742589987	3444.375552	cloud-23933	TIMEOUT	990.768911777	940.0391286569939	3441.942528	cloud-23982
eca-rers2012/Problem16_label06.yml	false	ERROR (solver error, after parsing finished)	832.473471164	770.2031692249984	3727.540224	cloud-23933	TIMEOUT	990.706178688	950.077147576987	3275.505664	cloud-23980
eca-rers2012/Problem16_label09.yml	true	true	352.652393676	310.85580659100015	3315.924992	cloud-23941	TIMEOUT	990.653487472	949.9690327749995	2867.605504	cloud-23979
eca-rers2012/Problem16_label10.yml	true	true	464.827746874	413.10782770600053	3769.311232	cloud-24259	TIMEOUT	990.71866289	945.1011159180198	3739.168768	cloud-23933
eca-rers2012/Problem16_label11.yml	true	true	407.427092842	362.858292678	3024.269312	cloud-23979	TIMEOUT	990.759256616	942.6377383580257	2908.127232	cloud-23938
eca-rers2012/Problem16_label12.yml	true	true	479.410315738	423.3194882310054	3205.320704	cloud-23933	TIMEOUT	990.695464634	945.995704083005	3810.029568	cloud-23979
eca-rers2012/Problem16_label13.yml	true	ERROR (solver error, after parsing finished)	816.325441493	757.2092918510025	3718.459392	cloud-23933	TIMEOUT	990.72645024	952.0645452900208	3352.035328	cloud-23979
eca-rers2012/Problem16_label14.yml	false	ERROR (solver error, after parsing finished)	781.142639951	734.9920788690001	2832.101376	cloud-23939	TIMEOUT	990.561214598	944.4023372789961	2935.504896	cloud-23938
eca-rers2012/Problem16_label15.yml	false	TIMEOUT (ERROR (inner timeout, after parsing finished))	981.37161453	926.9595892889997	2902.597632	cloud-23979	TIMEOUT	990.578528972	941.9146415760042	3381.338112	cloud-23982
eca-rers2012/Problem16_label18.yml	false	ERROR (solver error, after parsing finished)	830.757323036	770.6753799150028	3532.890112	cloud-24259	TIMEOUT	990.615766609	948.4955388320086	3536.547840	cloud-23933
eca-rers2012/Problem16_label20.yml	false	ERROR (solver error, after parsing finished)	803.538394229	753.7881046220002	3000.156160	cloud-23979	TIMEOUT	990.660471254	943.7150060250133	3047.526400	cloud-23933
eca-rers2012/Problem16_label21.yml	true	ERROR (solver error, after parsing finished)	821.611746064	759.1086540890028	3920.420864	cloud-23933	TIMEOUT	990.580390714	947.2511484860152	3408.068608	cloud-23938
eca-rers2012/Problem16_label22.yml	false	TIMEOUT (ERROR (inner timeout, after parsing finished))	989.359548039	932.3262416290017	3655.811072	cloud-23979	TIMEOUT	990.753870405	943.329966076999	3553.648640	cloud-23938
eca-rers2012/Problem16_label26.yml	true	ERROR (solver error, after parsing finished)	817.917755183	757.684089907998	2973.503488	cloud-23933	TIMEOUT	990.662494174	953.3528426309931	3770.748928	cloud-23979
eca-rers2012/Problem16_label29.yml	true	ERROR (solver error, after parsing finished)	819.318625224	758.419904164999	4064.161792	cloud-23933	TIMEOUT	990.637995698	949.1994248479896	3422.978048	cloud-23980
eca-rers2012/Problem16_label30.yml	false	ERROR (solver error, after parsing finished)	812.241899113	757.3872474469972	3743.186944	cloud-23979	TIMEOUT	990.762733686	941.5928747120197	3462.946816	cloud-23933
eca-rers2012/Problem16_label31.yml	false	ERROR (solver error, after parsing finished)	832.579513905	772.0620341629983	3118.022656	cloud-24259	TIMEOUT	990.706796452	946.7514898660011	2858.373120	cloud-23938
eca-rers2012/Problem16_label32.yml	true	ERROR (solver error, after parsing finished)	824.189808629	759.0264586160001	3938.254848	cloud-23933	TIMEOUT	990.806497689	947.1497802750091	3268.816896	cloud-23938
eca-rers2012/Problem16_label33.yml	false	ERROR (solver error, after parsing finished)	833.150632752	768.4346406090044	3262.705664	cloud-23933	TIMEOUT	990.834044084	942.1344666329969	3390.459904	cloud-23938
eca-rers2012/Problem16_label34.yml	true	ERROR (solver error, after parsing finished)	841.000123093	772.4040115639996	3085.131776	cloud-23933	TIMEOUT	990.62218623	951.31660542998	3647.475712	cloud-23979
eca-rers2012/Problem16_label35.yml	true	true	848.837547338	797.6204373809996	3753.279488	cloud-23979	TIMEOUT	990.545697504	949.5697919179802	3269.459968	cloud-23979
eca-rers2012/Problem16_label37.yml	false	ERROR (solver error, after parsing finished)	802.707305551	750.5103416510001	3682.435072	cloud-23979	TIMEOUT	990.753076855	942.8111487579881	2926.735360	cloud-23938
eca-rers2012/Problem16_label42.yml	true	ERROR (solver error, after parsing finished)	797.35076559	749.4493918999942	3893.772288	cloud-23979	TIMEOUT	990.751209334	949.7736252759933	3188.875264	cloud-23979
eca-rers2012/Problem16_label43.yml	false	ERROR (solver error, after parsing finished)	821.940021398	763.7232989919994	3825.004544	cloud-23933	TIMEOUT	990.549306745	943.5578910729964	3139.555328	cloud-23982
eca-rers2012/Problem16_label44.yml	false	ERROR (solver error, after parsing finished)	832.518017854	774.5402951329961	3207.499776	cloud-24259	TIMEOUT	990.536972573	948.4021919190127	3105.484800	cloud-23933
eca-rers2012/Problem16_label45.yml	true	ERROR (solver error, after parsing finished)	831.672743135	770.7127742619996	3181.019136	cloud-24259	TIMEOUT	990.696561521	952.9388566609996	3768.213504	cloud-23933
eca-rers2012/Problem16_label46.yml	false	ERROR (solver error, after parsing finished)	827.754874306	765.9629048410061	3799.121920	cloud-23933	TIMEOUT	990.636469286	949.4064856109908	2979.086336	cloud-23933
eca-rers2012/Problem16_label47.yml	true	true	368.408447294	313.68930519699643	2801.074176	cloud-23933	TIMEOUT	990.546829767	940.4806171610253	3005.067264	cloud-23982
eca-rers2012/Problem16_label48.yml	true	true	310.880574677	261.0648890839948	2729.684992	cloud-23979	TIMEOUT	990.724571171	951.3848728669982	3878.395904	cloud-23979
eca-rers2012/Problem16_label49.yml	true	true	384.428798735	324.8671779329961	3077.328896	cloud-24259	TIMEOUT	990.70576757	947.552307653008	3057.565696	cloud-23933
eca-rers2012/Problem16_label50.yml	true	true	357.292061533	304.5961424749985	3727.917056	cloud-24259	TIMEOUT	990.612052919	947.2171770999848	2979.516416	cloud-23979
eca-rers2012/Problem16_label52.yml	false	ERROR (solver error, after parsing finished)	802.944669113	754.6782129980002	3408.429056	cloud-23933	TIMEOUT	990.619081691	951.9843873249774	2801.524736	cloud-23941
eca-rers2012/Problem16_label53.yml	true	ERROR (solver error, after parsing finished)	835.87831228	774.1504026330003	3854.991360	cloud-24259	TIMEOUT	990.805745267	942.9836223519815	3934.257152	cloud-23938
eca-rers2012/Problem16_label54.yml	false	ERROR (solver error, after parsing finished)	818.483009798	761.8999313379973	3239.981056	cloud-24259	TIMEOUT	990.813836053	937.0865369890234	3791.224832	cloud-23938
eca-rers2012/Problem16_label55.yml	true	true	433.171672136	386.8966795849999	3353.096192	cloud-23979	TIMEOUT	990.698269658	942.3465862620214	3633.397760	cloud-23982
eca-rers2012/Problem16_label56.yml	true	true	565.621575406	505.3754413159986	3510.657024	cloud-24259	TIMEOUT	990.846932386	941.1361512290023	3940.188160	cloud-23938
eca-rers2012/Problem16_label57.yml	true	true	537.645546923	482.7176752919986	3356.508160	cloud-23933	TIMEOUT	990.651254711	953.1140086590021	2755.502080	cloud-23933
eca-rers2012/Problem16_label58.yml	true	true	476.696380899	422.9138686209999	3801.899008	cloud-23979	TIMEOUT	990.870073389	941.5949402090046	3073.855488	cloud-23982
eca-rers2012/Problem16_label59.yml	true	true	537.070432154	487.25047097900097	3709.071360	cloud-23979	TIMEOUT	990.644737311	945.2115635360242	3742.236672	cloud-23938
eca-rers2012/Problem17_label00.yml	true	ERROR (solver error, after parsing finished)	879.727069126	821.9017679800018	4218.630144	cloud-23933	TIMEOUT	990.825618911	927.2017828030221	4583.129088	cloud-23982
eca-rers2012/Problem17_label01.yml	true	ERROR (solver error, after parsing finished)	860.383511612	800.8645333750028	4567.588864	cloud-23933	TIMEOUT	990.736911044	948.8353594930086	4456.349696	cloud-23941
eca-rers2012/Problem17_label02.yml	true	ERROR (solver error, after parsing finished)	841.544164579	786.2258683279997	4370.325504	cloud-23979	TIMEOUT	990.777291934	930.215016792994	4523.749376	cloud-23982
eca-rers2012/Problem17_label03.yml	true	ERROR (solver error, after parsing finished)	867.65880359	813.1638761110007	4846.559232	cloud-23979	TIMEOUT	990.612578799	937.1596423849987	4154.753024	cloud-23980
eca-rers2012/Problem17_label04.yml	false	ERROR (solver error, after parsing finished)	825.124963831	776.0615183720001	4482.060288	cloud-23979	TIMEOUT	990.879976336	932.3855945520045	4644.306944	cloud-23933
eca-rers2012/Problem17_label05.yml	true	ERROR (solver error, after parsing finished)	824.022386641	775.400999022997	4774.715392	cloud-23979	TIMEOUT	990.802016694	928.5854850809847	4558.307328	cloud-23938
eca-rers2012/Problem17_label06.yml	true	ERROR (solver error, after parsing finished)	854.332696601	796.3480766710002	4449.329152	cloud-23933	TIMEOUT	990.856078105	938.151073607005	4612.440064	cloud-23979
eca-rers2012/Problem17_label07.yml	false	ERROR (solver error, after parsing finished)	853.396696991	790.4161403160033	6373.576704	cloud-23933	TIMEOUT	990.729697908	939.2732478560065	4454.699008	cloud-23979
eca-rers2012/Problem17_label08.yml	true	ERROR (solver error, after parsing finished)	840.966094527	788.9473394220004	5026.574336	cloud-23979	TIMEOUT	990.932813101	936.3010314610146	5021.216768	cloud-23979
eca-rers2012/Problem17_label09.yml	false	ERROR (solver error, after parsing finished)	867.076737536	806.2758592050013	4686.929920	cloud-24259	TIMEOUT	990.891492047	931.6675532310037	5402.210304	cloud-23982
eca-rers2012/Problem17_label10.yml	true	ERROR (solver error, after parsing finished)	874.27998011	805.881413449999	4482.527232	cloud-24259	TIMEOUT	990.7896742	937.1457807590195	4565.688320	cloud-23979
eca-rers2012/Problem17_label11.yml	true	ERROR (solver error, after parsing finished)	843.971751528	788.7657462279967	4476.321792	cloud-23979	TIMEOUT	990.824853893	931.705092772987	4529.143808	cloud-23938
eca-rers2012/Problem17_label12.yml	true	ERROR (solver error, after parsing finished)	843.599426171	786.921965152	4416.679936	cloud-23933	TIMEOUT	990.725249014	931.4799745769997	4572.020736	cloud-23982
eca-rers2012/Problem17_label13.yml	false	ERROR (solver error, after parsing finished)	844.354060271	789.0613072380002	4488.380416	cloud-23933	TIMEOUT	990.944154235	920.2281194070238	4851.994624	cloud-23938
eca-rers2012/Problem17_label14.yml	true	ERROR (solver error, after parsing finished)	843.956900692	787.7978529259999	4409.335808	cloud-23933	TIMEOUT	990.815304008	938.6083553520148	4617.842688	cloud-23979
eca-rers2012/Problem17_label15.yml	true	ERROR (solver error, after parsing finished)	862.504950654	801.5861649149992	4531.752960	cloud-24259	TIMEOUT	990.94076526	924.2746007290261	4564.148224	cloud-23938
eca-rers2012/Problem17_label16.yml	false	ERROR (solver error, after parsing finished)	853.87029062	797.2463336619985	5499.355136	cloud-23933	TIMEOUT	990.892526793	933.3339434069931	4873.887744	cloud-23980
eca-rers2012/Problem17_label17.yml	true	ERROR (solver error, after parsing finished)	784.856954022	752.2757184500006	4848.545792	cloud-23939	TIMEOUT	990.821167505	931.2230054189858	4742.025216	cloud-23933
eca-rers2012/Problem17_label18.yml	true	ERROR (solver error, after parsing finished)	821.138458713	775.2527610799989	5031.276544	cloud-23979	TIMEOUT	990.758401264	935.3605528360058	4863.578112	cloud-23938
eca-rers2012/Problem17_label19.yml	true	ERROR (solver error, after parsing finished)	883.527540138	811.0065543429955	4749.430784	cloud-24259	TIMEOUT	990.764518231	943.6906858120055	4570.263552	cloud-23980
eca-rers2012/Problem17_label20.yml	false	ERROR (solver error, after parsing finished)	854.861747625	800.0891230739944	4603.944960	cloud-23979	TIMEOUT	991.080707846	927.2675536560128	5656.174592	cloud-23938
eca-rers2012/Problem17_label21.yml	true	ERROR (solver error, after parsing finished)	871.857747276	813.750364032996	4306.849792	cloud-24259	TIMEOUT	991.197682112	936.444475241995	5706.465280	cloud-23933
eca-rers2012/Problem17_label22.yml	true	ERROR (solver error, after parsing finished)	858.177588262	804.4866440849983	4522.864640	cloud-23933	TIMEOUT	990.998425581	936.8479206589982	5538.430976	cloud-23938
eca-rers2012/Problem17_label23.yml	false	ERROR (solver error, after parsing finished)	872.915427037	803.925028286998	4449.198080	cloud-23933	TIMEOUT	990.965591888	933.6659500160022	5843.365888	cloud-23938
eca-rers2012/Problem17_label24.yml	true	ERROR (solver error, after parsing finished)	849.856797575	790.0879281489979	4669.702144	cloud-24259	TIMEOUT	990.850091951	933.1590447000053	4991.528960	cloud-23982
eca-rers2012/Problem17_label25.yml	false	ERROR (solver error, after parsing finished)	844.643779622	794.5816242149958	4514.271232	cloud-23979	TIMEOUT	991.039479664	932.3623800839996	5205.315584	cloud-23982
eca-rers2012/Problem17_label26.yml	false	ERROR (solver error, after parsing finished)	845.528477678	787.5184341900022	5592.469504	cloud-24259	TIMEOUT	991.126614844	942.394833747996	5349.330944	cloud-23980
eca-rers2012/Problem17_label27.yml	true	ERROR (solver error, after parsing finished)	874.105335378	815.631587975	4815.523840	cloud-24259	TIMEOUT	990.841929509	932.1602411520144	5447.413760	cloud-23933
eca-rers2012/Problem17_label28.yml	true	ERROR (solver error, after parsing finished)	830.252819955	780.8636726890036	5530.808320	cloud-23979	TIMEOUT	990.661329507	943.4449940279883	4405.624832	cloud-23980
eca-rers2012/Problem17_label29.yml	true	ERROR (solver error, after parsing finished)	864.305536849	804.7754829220066	4704.145408	cloud-24259	TIMEOUT	990.830211776	938.1095063420071	4612.521984	cloud-23979
eca-rers2012/Problem17_label30.yml	false	ERROR (solver error, after parsing finished)	856.458232064	801.791688913996	4863.819776	cloud-24259	TIMEOUT	991.198266012	932.2387561080104	6925.008896	cloud-23980
eca-rers2012/Problem17_label31.yml	false	ERROR (solver error, after parsing finished)	863.87911259	803.6285986450021	4676.734976	cloud-24259	TIMEOUT	991.112255243	933.4949799199821	5375.373312	cloud-23982
eca-rers2012/Problem17_label32.yml	true	ERROR (solver error, after parsing finished)	819.623486725	770.5007092300002	4551.438336	cloud-23979	TIMEOUT	990.781360101	937.0490057519928	4783.509504	cloud-23938
eca-rers2012/Problem17_label33.yml	false	ERROR (solver error, after parsing finished)	868.250096374	805.6667217770009	4409.487360	cloud-23933	TIMEOUT	990.968974765	940.4140017130121	5341.335552	cloud-23979
eca-rers2012/Problem17_label34.yml	false	ERROR (solver error, after parsing finished)	848.891737371	793.9431628379989	4679.733248	cloud-23933	TIMEOUT	990.719100384	942.3421561910072	5342.101504	cloud-23933
eca-rers2012/Problem17_label35.yml	false	ERROR (solver error, after parsing finished)	821.63753237	766.9466407939981	4558.721024	cloud-23979	TIMEOUT	991.141591552	929.9640592130017	5660.807168	cloud-23982
eca-rers2012/Problem17_label36.yml	true	ERROR (solver error, after parsing finished)	861.590126983	796.2899460810004	4933.099520	cloud-23933	TIMEOUT	990.905494721	921.501406595984	4817.530880	cloud-23938
eca-rers2012/Problem17_label37.yml	false	ERROR (solver error, after parsing finished)	833.251016571	783.3065006659963	5388.324864	cloud-23979	TIMEOUT	990.810213193	937.3440631109988	4468.985856	cloud-23933
eca-rers2012/Problem17_label38.yml	true	ERROR (solver error, after parsing finished)	822.43816956	769.6660262290025	5531.500544	cloud-23979	TIMEOUT	991.056200211	927.5827849250054	5131.816960	cloud-23938
eca-rers2012/Problem17_label39.yml	true	ERROR (solver error, after parsing finished)	869.666866341	803.2909372869981	4436.590592	cloud-23933	TIMEOUT	991.009124868	937.8877955219941	4437.770240	cloud-23933
eca-rers2012/Problem17_label40.yml	false	ERROR (solver error, after parsing finished)	860.408185831	802.0776012770002	4634.054656	cloud-23933	TIMEOUT	990.783501903	937.0212985860126	4589.899776	cloud-23980
eca-rers2012/Problem17_label41.yml	true	ERROR (solver error, after parsing finished)	846.62280609	789.5076678570003	4472.655872	cloud-23933	TIMEOUT	991.040163131	930.073590140004	5738.954752	cloud-23982
eca-rers2012/Problem17_label42.yml	true	ERROR (solver error, after parsing finished)	864.461170178	805.737705915999	5271.773184	cloud-23933	TIMEOUT	990.948815245	930.7245668940013	5790.351360	cloud-23938
eca-rers2012/Problem17_label43.yml	true	ERROR (solver error, after parsing finished)	839.866615567	779.4546201230005	6239.510528	cloud-23933	TIMEOUT	990.863021516	929.458652227011	4610.048000	cloud-23938
eca-rers2012/Problem17_label44.yml	true	ERROR (solver error, after parsing finished)	823.477335511	774.3764989639967	4402.229248	cloud-23979	TIMEOUT	990.876463448	928.5151007119857	4915.138560	cloud-23982
eca-rers2012/Problem17_label45.yml	true	ERROR (solver error, after parsing finished)	837.490638225	784.0930734870008	4614.733824	cloud-23979	TIMEOUT	990.940011091	939.6952139270143	4619.272192	cloud-23979
eca-rers2012/Problem17_label46.yml	false	ERROR (solver error, after parsing finished)	863.756835115	811.124370497997	4890.005504	cloud-24259	TIMEOUT	990.82369475	941.3719617000024	4698.083328	cloud-23980
eca-rers2012/Problem17_label47.yml	true	ERROR (solver error, after parsing finished)	831.831466212	773.0599110879994	4533.219328	cloud-23979	TIMEOUT	990.747632999	939.487103669002	4730.437632	cloud-23980
eca-rers2012/Problem17_label48.yml	true	ERROR (solver error, after parsing finished)	866.090819655	806.4991740459991	4579.725312	cloud-24259	TIMEOUT	990.755947066	937.9467093939893	4752.371712	cloud-23980
eca-rers2012/Problem17_label49.yml	false	ERROR (solver error, after parsing finished)	891.592469673	829.867492784997	4390.772736	cloud-23933	TIMEOUT	991.004394947	933.4790340930049	6582.726656	cloud-23980
eca-rers2012/Problem17_label50.yml	false	ERROR (solver error, after parsing finished)	825.3677193	775.8906224190005	4227.301376	cloud-23933	TIMEOUT	990.931063937	926.5943154669949	4686.901248	cloud-23982
eca-rers2012/Problem17_label51.yml	true	ERROR (solver error, after parsing finished)	860.488053067	800.7896450920016	5111.304192	cloud-23933	TIMEOUT	990.892593519	928.3080968279974	5058.256896	cloud-23982
eca-rers2012/Problem17_label52.yml	false	ERROR (solver error, after parsing finished)	825.540287452	774.9978569329978	4750.520320	cloud-23979	TIMEOUT	990.922868865	930.3082263839897	4872.806400	cloud-23938
eca-rers2012/Problem17_label53.yml	false	ERROR (solver error, after parsing finished)	843.580093164	786.1319273459958	4476.624896	cloud-24259	TIMEOUT	990.897072208	929.4221139939909	5038.178304	cloud-23982
eca-rers2012/Problem17_label54.yml	false	ERROR (solver error, after parsing finished)	855.815901419	800.3828017120031	4459.253760	cloud-23933	TIMEOUT	991.256336678	936.3076592949801	6406.529024	cloud-23938
eca-rers2012/Problem17_label55.yml	false	ERROR (solver error, after parsing finished)	866.078247619	806.162161193999	4510.871552	cloud-24259	TIMEOUT	991.130778519	926.1496557790088	5853.310976	cloud-23938
eca-rers2012/Problem17_label56.yml	true	ERROR (solver error, after parsing finished)	845.076956884	786.6910361990012	4407.795712	cloud-23979	TIMEOUT	990.743161155	928.1049341640028	4553.580544	cloud-23982
eca-rers2012/Problem17_label57.yml	false	ERROR (solver error, after parsing finished)	836.831082369	785.4278736029955	4586.049536	cloud-23979	TIMEOUT	990.952788679	936.4582815890026	5908.320256	cloud-23980
eca-rers2012/Problem17_label58.yml	true	ERROR (solver error, after parsing finished)	828.8965258	781.1910699250002	4510.973952	cloud-23979	TIMEOUT	990.841577671	934.2050727010064	4824.625152	cloud-23979
eca-rers2012/Problem17_label59.yml	true	ERROR (solver error, after parsing finished)	835.390862218	778.298269547995	4377.968640	cloud-23979	TIMEOUT	990.895397638	937.6614305739931	4405.227520	cloud-23938
eca-rers2012/Problem18_label01.yml	false	ERROR (solver error, after parsing finished)	881.843658495	801.3846004340012	5626.884096	cloud-23979	TIMEOUT	990.897653163	935.5629807639925	6965.350400	cloud-23933
eca-rers2012/Problem18_label02.yml	true	ERROR (solver error, after parsing finished)	841.178159924	779.6953536350002	5600.608256	cloud-23979	TIMEOUT	990.914660642	938.0351126529858	4963.721216	cloud-23979
eca-rers2012/Problem18_label03.yml	false	ERROR (solver error, after parsing finished)	851.502425954	787.1902341780001	4737.892352	cloud-23979	TIMEOUT	991.047335392	932.8661583799985	4965.371904	cloud-23938
eca-rers2012/Problem18_label04.yml	true	TIMEOUT (ERROR (solver error, after parsing finished))	903.82303381	830.2447863519992	5452.996608	cloud-23933	TIMEOUT	990.903784703	929.1478923399991	6347.976704	cloud-23982
eca-rers2012/Problem18_label05.yml	true	ERROR (solver error, after parsing finished)	865.270988118	795.7063722970015	4646.174720	cloud-23979	TIMEOUT	990.889331265	927.0693355080148	5512.605696	cloud-23982
eca-rers2012/Problem18_label07.yml	true	ERROR (solver error, after parsing finished)	890.366735834	813.1907639870005	5870.116864	cloud-24259	TIMEOUT	990.773986543	936.6061375789868	4880.330752	cloud-23933
eca-rers2012/Problem18_label08.yml	false	ERROR (solver error, after parsing finished)	895.933281561	811.6998603859975	5198.422016	cloud-23933	TIMEOUT	990.837046888	930.5903078949777	4862.537728	cloud-23982
eca-rers2012/Problem18_label09.yml	false	ERROR (solver error, after parsing finished)	854.008142511	796.8860845920008	5043.044352	cloud-23979	TIMEOUT	990.932005434	934.1658252929919	4907.442176	cloud-23938
eca-rers2012/Problem18_label13.yml	true	ERROR (solver error, after parsing finished)	891.497791914	784.1918937090013	4868.694016	cloud-23979	TIMEOUT	990.79565569	939.471284528001	5321.658368	cloud-23980
eca-rers2012/Problem18_label14.yml	true	ERROR (solver error, after parsing finished)	827.126693091	773.9033689149946	5220.503552	cloud-23942	TIMEOUT	990.818190693	925.2115752199898	4885.274624	cloud-23933
eca-rers2012/Problem18_label16.yml	true	ERROR (solver error, after parsing finished)	842.518397337	777.1877277659951	4858.179584	cloud-23979	TIMEOUT	990.811530318	936.8761025239946	5127.098368	cloud-23933
eca-rers2012/Problem18_label21.yml	true	ERROR (solver error, after parsing finished)	861.730135803	789.9831854670047	4737.486848	cloud-23979	TIMEOUT	990.79327353	938.8956817759899	4791.828480	cloud-23979
eca-rers2012/Problem18_label24.yml	true	ERROR (solver error, after parsing finished)	884.307329971	805.7387664109992	4744.585216	cloud-24259	TIMEOUT	991.011015443	930.1588738209975	5134.127104	cloud-23933
eca-rers2012/Problem18_label31.yml	false	TIMEOUT (ERROR (solver error, after parsing finished))	913.436668425	832.0266412959973	5395.161088	cloud-24259	TIMEOUT	990.809469934	937.3613789720112	5021.122560	cloud-23979
eca-rers2012/Problem18_label32.yml	false	ERROR (solver error, after parsing finished)	899.275987361	815.3258719950027	5778.612224	cloud-24259	TIMEOUT	990.923998227	937.158956246014	5130.240000	cloud-23933
eca-rers2012/Problem18_label33.yml	false	ERROR (solver error, after parsing finished)	867.308855666	791.6728690439995	4822.441984	cloud-23979	TIMEOUT	990.67807167	925.9708295919991	4707.155968	cloud-23982
eca-rers2012/Problem18_label34.yml	false	ERROR (solver error, after parsing finished)	879.589352669	796.1338217009979	5072.928768	cloud-23933	TIMEOUT	990.987484533	940.2051108859887	6610.141184	cloud-23979
eca-rers2012/Problem18_label35.yml	false	TIMEOUT (ERROR (solver error, after parsing finished))	915.248108511	813.6149654889996	5470.191616	cloud-23933	TIMEOUT	991.005476699	937.1302414429956	6625.988608	cloud-23980
eca-rers2012/Problem18_label39.yml	false	ERROR (solver error, after parsing finished)	855.345008076	786.3761907450025	4995.985408	cloud-23979	TIMEOUT	990.840587215	930.4401908979926	4980.338688	cloud-23982
eca-rers2012/Problem18_label40.yml	true	ERROR (solver error, after parsing finished)	882.803824092	802.6148012100002	4705.370112	cloud-23933	TIMEOUT	990.921064877	933.7668359829986	4957.249536	cloud-23933
eca-rers2012/Problem18_label42.yml	true	ERROR (solver error, after parsing finished)	893.241933848	809.032856201	4729.909248	cloud-23933	TIMEOUT	991.087406856	938.7546251970052	5148.758016	cloud-23933
eca-rers2012/Problem18_label43.yml	true	TIMEOUT (ERROR (solver error, after parsing finished))	907.21839449	831.3753065860001	5025.955840	cloud-23933	TIMEOUT	990.77888049	934.7503819540143	4927.799296	cloud-23979
eca-rers2012/Problem18_label44.yml	true	ERROR (solver error, after parsing finished)	891.792912713	816.2398299180059	4689.911808	cloud-24259	TIMEOUT	990.834731772	936.0182831879938	4917.956608	cloud-23979
eca-rers2012/Problem18_label45.yml	false	ERROR (solver error, after parsing finished)	865.711345816	795.7547235029997	5986.385920	cloud-23933	TIMEOUT	990.727305347	937.7913438069809	5011.947520	cloud-23979
eca-rers2012/Problem18_label46.yml	true	ERROR (solver error, after parsing finished)	851.499861809	784.243046086005	6236.008448	cloud-23979	TIMEOUT	990.943741272	934.0808137129934	5015.121920	cloud-23980
eca-rers2012/Problem18_label47.yml	true	ERROR (solver error, after parsing finished)	872.832243856	805.9462137830005	6298.435584	cloud-23933	TIMEOUT	990.887826279	940.6779855109926	5535.137792	cloud-23933
eca-rers2012/Problem18_label49.yml	false	ERROR (solver error, after parsing finished)	845.475750416	777.5446729489995	5222.862848	cloud-23979	TIMEOUT	990.937801126	941.6569106759853	4850.421760	cloud-23980
eca-rers2012/Problem18_label50.yml	true	ERROR (solver error, after parsing finished)	845.286812976	778.2991492410001	5852.893184	cloud-23979	TIMEOUT	990.998727995	936.1470963649917	5389.873152	cloud-23933
eca-rers2012/Problem18_label51.yml	true	ERROR (solver error, after parsing finished)	896.546178937	813.7073402329988	6497.792000	cloud-23933	TIMEOUT	990.756911334	932.101865958015	4749.672448	cloud-23982
eca-rers2012/Problem18_label52.yml	false	ERROR (solver error, after parsing finished)	852.337499107	791.1402291180002	4828.573696	cloud-23979	TIMEOUT	991.031856082	939.2271225809818	5404.131328	cloud-23933
eca-rers2012/Problem18_label54.yml	true	ERROR (solver error, after parsing finished)	819.323880679	777.7326943540002	5736.996864	cloud-23940	TIMEOUT	990.932653311	932.9722187529842	5097.885696	cloud-23933
eca-rers2012/Problem18_label55.yml	false	ERROR (solver error, after parsing finished)	852.544093845	780.5549854079982	4781.682688	cloud-23979	TIMEOUT	990.847957133	934.4389711100084	4989.440000	cloud-23933
eca-rers2012/Problem18_label56.yml	true	TIMEOUT (ERROR (solver error, after parsing finished))	903.306451776	787.0053808859993	6331.801600	cloud-23979	TIMEOUT	991.036845262	942.4950331859873	6920.515584	cloud-23980
eca-rers2012/Problem18_label57.yml	false	ERROR (solver error, after parsing finished)	883.93270316	809.5555408180007	4990.914560	cloud-23933	TIMEOUT	991.041302477	932.3292930949829	6387.105792	cloud-23982
eca-rers2012/Problem18_label58.yml	true	ERROR (solver error, after parsing finished)	855.822826854	784.5663727020001	5317.623808	cloud-23979	TIMEOUT	990.93297814	936.663674268988	5087.760384	cloud-23979
eca-rers2012/Problem19_label06.yml	true	TIMEOUT	992.139898695	806.3514990020003	13727.395840	cloud-23933	OUT OF MEMORY	485.572421324	351.2246363120212	15000.051712	cloud-23982
eca-rers2012/Problem19_label07.yml	true	TIMEOUT	992.645093087	611.2952249930022	13693.526016	cloud-23979	OUT OF MEMORY	290.990804187	204.23206443697563	15000.182784	cloud-23942
eca-rers2012/Problem19_label08.yml	true	TIMEOUT	991.882411892	627.8738252290059	12729.503744	cloud-23940	OUT OF MEMORY	292.017512797	211.63898292201338	15000.178688	cloud-23944
eca-rers2012/Problem19_label10.yml	false	TIMEOUT	992.826332146	617.5935785710026	14091.390976	cloud-24261	OUT OF MEMORY	283.617383103	218.43460001601488	15000.047616	cloud-23979
eca-rers2012/Problem19_label13.yml	true	TIMEOUT	993.23743213	629.481118939002	13709.316096	cloud-24261	OUT OF MEMORY	380.839487961	275.8808000339777	15000.051712	cloud-23933
eca-rers2012/Problem19_label19.yml	false	TIMEOUT	991.004018523	612.3494975790018	13702.488064	cloud-24261	OUT OF MEMORY	489.672377511	366.3869060429861	15000.055808	cloud-23982
eca-rers2012/Problem19_label37.yml	true	TIMEOUT	992.488695955	626.1658366589982	13714.296832	cloud-23939	OUT OF MEMORY	353.149524733	263.2965824120038	15000.178688	cloud-23940
eca-rers2012/Problem19_label44.yml	true	TIMEOUT	992.970833569	620.8280203179966	13688.426496	cloud-23979	OUT OF MEMORY	283.625142453	202.29208398397896	15000.170496	cloud-23944
eca-rers2012/Problem19_label45.yml	true	TIMEOUT	992.848310045	627.6922778990047	12817.899520	cloud-24261	OUT OF MEMORY	271.505633346	195.8567844950012	15000.174592	cloud-23944
eca-rers2018/Problem10.yml	false	false(unreach-call)	167.551852684	118.30819189699832	915.664896	cloud-23933	TIMEOUT	990.386842123	957.646039705025	842.461184	cloud-23982
eca-rers2018/Problem11.yml	false	ERROR (solver error, after parsing finished)	593.057145539	537.4773786710002	2410.647552	cloud-23979	TIMEOUT	990.682180836	927.0644994369941	2565.619712	cloud-23933
psyco/psyco_abp_1-1.yml	false	false(unreach-call)	140.296861429	109.68951828699937	1189.138432	cloud-23933	TIMEOUT	990.263342239	969.9908229179855	818.630656	cloud-23980
psyco/psyco_abp_1-3.yml	true	true	92.70245555	73.60948065200137	769.855488	cloud-23979	TIMEOUT	990.328989898	966.9344828790054	829.100032	cloud-23982
psyco/psyco_io_1.yml	true	true	35.126702789	20.693526558003214	599.347200	cloud-23933	TIMEOUT	990.324862357	968.9723660099844	679.731200	cloud-23979
psyco/psyco_security.yml	true	true	30.609039296	18.40500442699704	612.212736	cloud-23933	TIMEOUT	990.302568828	972.2439805490139	658.370560	cloud-23979
