tools/baseline/theta-start.sh sv-benchmarks/c/loop-acceleration/simple_1-2.c --svcomp --portfolio 'PredCart(900, true, true) -> KInd()' --loglevel RESULT --output-directory ./output --property sv-benchmarks/c/properties/unreach-call.prp --architecture ILP32 --memlimit 15000000000


--------------------------------------------------------------------------------


LD_LIBRARY_PATH=/tmp/vcloud_worker_meres_on_bme-233008/run_dir_fdb9de72-ba5b-4fee-a566-6ac90b307f87/tools/baseline/lib /usr/lib/jvm/java-17-openjdk-amd64/bin/java -Xss120m -Xmx14210m -jar /tmp/vcloud_worker_meres_on_bme-233008/run_dir_fdb9de72-ba5b-4fee-a566-6ac90b307f87/tools/baseline/theta.jar --svcomp --portfolio PredCart(900, true, true) -> KInd() --loglevel RESULT --output-directory ./output --property sv-benchmarks/c/properties/unreach-call.prp --architecture ILP32 --memlimit 15000000000 --input sv-benchmarks/c/loop-acceleration/simple_1-2.c --smt-home /tmp/vcloud_worker_meres_on_bme-233008/run_dir_fdb9de72-ba5b-4fee-a566-6ac90b307f87/tools/baseline/solvers
Arithmetic: [NONLIN_INT]
ParsingResult Success
Alias graph size: 0 -> []
PARTS: [PredCart(900, true, true), KInd()]
Current configuration: XcfaConfig(inputConfig=InputConfig(inputFile=null, catFile=null, parseCtx=null, xcfaWCtx=present, propertyFile=null, property=ERROR_LOCATION, partialResult=null, frontendConfig=FrontendConfig(lbeLevel=LBE_SEQ, staticCoi=false, loopUnroll=1000, forceUnroll=-1, enableFew=false, inputType=C, specConfig=CFrontendConfig(arithmetic=efficient, architecture=ILP32)), backendConfig=BackendConfig(backend=CEGAR, solverHome=/home/benchexec/.theta, timeoutMs=900000, softTimeoutMs=900000, inProcess=true, parseInProcess=false, inPortfolio=true, memlimit=0, disablePartialResult=false, specConfig=CegarConfig(initPrec=EMPTY, porLevel=NOPOR, porRandomSeed=0, coi=NO_COI, cexMonitor=CHECK, iterationTimeHeuristic=true, abstractorConfig=CegarAbstractorConfig(abstractionSolver=Z3, validateAbstractionSolver=false, domain=PRED_CART, maxEnum=2, search=ERR, havocMemory=false), refinerConfig=CegarRefinerConfig(refinementSolver=Z3, validateRefinementSolver=false, refinement=SEQ_ITP, exprSplitter=CONJUNCTS, pruneStrategy=LAZY))), outputConfig=OutputConfig(versionInfo=false, enableOutput=true, resultFolder=./output/PredCart(900, true, true) -> KInd()/PredCart(900, true, true), acceptUnreliableSafe=false, cOutputConfig=COutputConfig(disable=true, useArr=false, useExArr=false, useRange=false), xcfaOutputConfig=XcfaOutputConfig(disable=true), chcOutputConfig=ChcOutputConfig(disable=true), witnessConfig=WitnessConfig(disable=false, svcomp=true, concretizerSolver=Z3, validateConcretizerSolver=false, inputFileForWitness=null), partialResultOutputConfig=PartialResultOutputConfig(enable=false, tempFileLocation=null), argConfig=ArgConfig(disable=true)), debugConfig=DebugConfig(debug=false, stacktrace=false, logLevel=INFO, argdebug=false, argToFile=false))
PartialResultJson: /dev/shm/partialResult13916946681848206219.json
server: Registered Legacy-Z3 SolverManager
server: Registered Z3 SolverManager
server: Registered JavaSMT SolverManager
server: Registered SMT-LIB SolverManager
server: Successfully loaded LocationInvariants from /dev/shm/partialResult13916946681848206219.json
server: [33m[WARN] LocationInvariants are empty map. Returning null!
server: [0mCEGARCHEKER: (CegarChecker (XcfaArgAbstractor (PriorityWaitlist XcfaDistToErrComparator)) (XcfaSingleExprTraceRefiner ExprTraceSeqItpChecker XcfaPrecRefiner))
server: Configuration: (CegarChecker (XcfaArgAbstractor (PriorityWaitlist XcfaDistToErrComparator)) (XcfaSingleExprTraceRefiner ExprTraceSeqItpChecker XcfaPrecRefiner))
server: TimeoutMs In Cegar:900000
server: Iteration 1
server: | Checking abstraction...
server: |  |  PrecisionSize: 0
server: |  |  (Re)initializing ARG...done
server: |  |  Starting ARG: 1 nodes, 1 incomplete, 0 unsafe
server: |  |  (StopCriterion FirstCex)...
server: |  |  Building ARG...
server: |  |  Finished ARG: 7 nodes, 3 incomplete, 1 unsafe
server: | Checking abstraction done, result: (AbstractorResult Unsafe)
server: | Refining abstraction...
server: |  |  Trace length: 4
server: |  |  Checking trace...done, result: (ExprTraceStatus Infeasible)
server: |  |  Pruning from index 2...done
server: Refining abstraction done, result: (RefinerResult Spurious)
server: ! Precision DID change in this iteration
server: Iteration took 0s to run! 
server: ExplPreictor: Predicted 0.200s, Real 0.112s 
server:               Weight 1.7 -> 0.8905932206283298 
server: Iteration 2
server: | Checking abstraction...
server: |  |  PrecisionSize: 1
server: |  |  Starting ARG: 2 nodes, 1 incomplete, 0 unsafe
server: |  |  (StopCriterion FirstCex)...
server: |  |  Building ARG...
server: |  |  Finished ARG: 9 nodes, 3 incomplete, 1 unsafe
server: | Checking abstraction done, result: (AbstractorResult Unsafe)
server: | Refining abstraction...
server: |  |  Trace length: 5
server: |  |  Checking trace...done, result: (ExprTraceStatus Infeasible)
server: |  |  Pruning from index 2...done
server: Refining abstraction done, result: (RefinerResult Spurious)
server: ! Precision DID change in this iteration
server: Iteration took 0s to run! 
server: ExplPreictor: Predicted 0.067s, Real 0.151s 
server:               Weight 0.8905932206283298 -> 1.0106789578997348 
server: Iteration 3
server: | Checking abstraction...
server: |  |  PrecisionSize: 4
server: |  |  Starting ARG: 2 nodes, 1 incomplete, 0 unsafe
server: |  |  (StopCriterion FirstCex)...
server: |  |  Building ARG...
server: |  |  Finished ARG: 11 nodes, 3 incomplete, 1 unsafe
server: | Checking abstraction done, result: (AbstractorResult Unsafe)
server: | Refining abstraction...
server: |  |  Trace length: 6
server: |  |  Checking trace...done, result: (ExprTraceStatus Infeasible)
server: |  |  Pruning from index 2...done
server: Refining abstraction done, result: (RefinerResult Spurious)
server: ! Precision DID change in this iteration
server: Iteration took 0s to run! 
server: ExplPreictor: Predicted 0.159s, Real 0.242s 
server:               Weight 1.0106789578997348 -> 1.0376043211004427 
server: Iteration 4
server: | Checking abstraction...
server: |  |  PrecisionSize: 12
server: |  |  Starting ARG: 2 nodes, 1 incomplete, 0 unsafe
server: |  |  (StopCriterion FirstCex)...
server: |  |  Building ARG...
server: |  |  Finished ARG: 13 nodes, 3 incomplete, 1 unsafe
server: | Checking abstraction done, result: (AbstractorResult Unsafe)
server: | Refining abstraction...
server: |  |  Trace length: 7
server: |  |  Checking trace...done, result: (ExprTraceStatus Infeasible)
server: |  |  Pruning from index 2...done
server: Refining abstraction done, result: (RefinerResult Spurious)
server: ! Precision DID change in this iteration
server: Iteration took 0s to run! 
server: ExplPreictor: Predicted 0.297s, Real 0.464s 
server:               Weight 1.0376043211004427 -> 1.0509605436384764 
server: Iteration 5
server: | Checking abstraction...
server: |  |  PrecisionSize: 17
server: |  |  Starting ARG: 2 nodes, 1 incomplete, 0 unsafe
server: |  |  (StopCriterion FirstCex)...
server: |  |  Building ARG...
server: |  |  Finished ARG: 17 nodes, 3 incomplete, 1 unsafe
server: | Checking abstraction done, result: (AbstractorResult Unsafe)
server: | Refining abstraction...
server: |  |  Trace length: 9
server: |  |  Checking trace...done, result: (ExprTraceStatus Infeasible)
server: |  |  Pruning from index 5...done
server: Refining abstraction done, result: (RefinerResult Spurious)
server: ! Precision DID change in this iteration
server: Iteration took 0s to run! 
server: ExplPreictor: Predicted 0.634s, Real 0.725s 
server:               Weight 1.0509605436384764 -> 1.0416835432175633 
server: Iteration 6
server: | Checking abstraction...
server: |  |  PrecisionSize: 21
server: |  |  Starting ARG: 8 nodes, 1 incomplete, 0 unsafe
server: |  |  (StopCriterion FirstCex)...
server: |  |  Building ARG...
server: |  |  Finished ARG: 21 nodes, 3 incomplete, 1 unsafe
server: | Checking abstraction done, result: (AbstractorResult Unsafe)
server: | Refining abstraction...
server: |  |  Trace length: 11
server: |  |  Checking trace...done, result: (ExprTraceStatus Infeasible)
server: |  |  Pruning from index 6...done
server: Refining abstraction done, result: (RefinerResult Spurious)
server: ! Precision DID change in this iteration
server: Iteration took 0s to run! 
server: ExplPreictor: Predicted 0.954s, Real 1.080s 
server:               Weight 1.0416835432175633 -> 1.0354257680285917 
server: Iteration 7
server: | Checking abstraction...
server: |  |  PrecisionSize: 27
server: |  |  Starting ARG: 10 nodes, 1 incomplete, 0 unsafe
server: |  |  (StopCriterion FirstCex)...
server: |  |  Building ARG...
server: |  |  Finished ARG: 25 nodes, 3 incomplete, 1 unsafe
server: | Checking abstraction done, result: (AbstractorResult Unsafe)
server: | Refining abstraction...
server: |  |  Trace length: 13
server: |  |  Checking trace...done, result: (ExprTraceStatus Infeasible)
server: |  |  Pruning from index 9...done
server: Refining abstraction done, result: (RefinerResult Spurious)
server: ! Precision DID change in this iteration
server: Iteration took 0s to run! 
server: ExplPreictor: Predicted 1.383s, Real 1.487s 
server:               Weight 1.0354257680285917 -> 1.0294574816814097 
server: Iteration 8
server: | Checking abstraction...
server: |  |  PrecisionSize: 30
server: |  |  Starting ARG: 16 nodes, 1 incomplete, 0 unsafe
server: |  |  (StopCriterion FirstCex)...
server: |  |  Building ARG...
server: |  |  Finished ARG: 29 nodes, 3 incomplete, 1 unsafe
server: | Checking abstraction done, result: (AbstractorResult Unsafe)
server: | Refining abstraction...
server: |  |  Trace length: 15
server: |  |  Checking trace...done, result: (ExprTraceStatus Infeasible)
server: |  |  Pruning from index 11...done
server: Refining abstraction done, result: (RefinerResult Spurious)
server: ! Precision DID change in this iteration
server: Iteration took 0s to run! 
server: ExplPreictor: Predicted 1.844s, Real 1.889s 
server:               Weight 1.0294574816814097 -> 1.0239681826528464 
server: Iteration 9
server: | Checking abstraction...
server: |  |  PrecisionSize: 35
server: |  |  Starting ARG: 20 nodes, 1 incomplete, 0 unsafe
server: |  |  (StopCriterion FirstCex)...
server: |  |  Building ARG...
server: |  |  Finished ARG: 33 nodes, 3 incomplete, 1 unsafe
server: | Checking abstraction done, result: (AbstractorResult Unsafe)
server: | Refining abstraction...
server: |  |  Trace length: 17
server: |  |  Checking trace...done, result: (ExprTraceStatus Infeasible)
server: |  |  Pruning from index 13...done
server: Refining abstraction done, result: (RefinerResult Spurious)
server: ! Precision DID change in this iteration
server: Iteration took 0s to run! 
server: ExplPreictor: Predicted 2.263s, Real 2.273s 
server:               Weight 1.0239681826528464 -> 1.019591209043408 
server: Iteration 10
server: | Checking abstraction...
server: |  |  PrecisionSize: 38
server: |  |  Starting ARG: 24 nodes, 1 incomplete, 0 unsafe
server: |  |  (StopCriterion FirstCex)...
server: |  |  Building ARG...
server: |  |  Finished ARG: 37 nodes, 3 incomplete, 1 unsafe
server: | Checking abstraction done, result: (AbstractorResult Unsafe)
server: | Refining abstraction...
server: |  |  Trace length: 19
server: |  |  Checking trace...done, result: (ExprTraceStatus Infeasible)
server: |  |  Pruning from index 15...done
server: Refining abstraction done, result: (RefinerResult Spurious)
server: ! Precision DID change in this iteration
server: Iteration took 0s to run! 
server: ExplPreictor: Predicted 2.645s, Real 2.738s 
server:               Weight 1.019591209043408 -> 1.0170326376411625 
server: Iteration 11
server: | Checking abstraction...
server: |  |  PrecisionSize: 40
server: |  |  Starting ARG: 28 nodes, 1 incomplete, 0 unsafe
server: |  |  (StopCriterion FirstCex)...
server: |  |  Building ARG...
server: |  |  Finished ARG: 41 nodes, 3 incomplete, 1 unsafe
server: | Checking abstraction done, result: (AbstractorResult Unsafe)
server: | Refining abstraction...
server: |  |  Trace length: 21
server: |  |  Checking trace...done, result: (ExprTraceStatus Infeasible)
server: |  |  Pruning from index 17...done
server: Refining abstraction done, result: (RefinerResult Spurious)
server: ! Precision DID change in this iteration
server: Iteration took 0s to run! 
server: ExplPreictor: Predicted 3.133s, Real 3.193s 
server:               Weight 1.0170326376411625 -> 1.0147600839564064 
server: Iteration 12
server: | Checking abstraction...
server: |  |  PrecisionSize: 43
server: |  |  Starting ARG: 32 nodes, 1 incomplete, 0 unsafe
server: |  |  (StopCriterion FirstCex)...
server: |  |  Building ARG...
server: |  |  Finished ARG: 45 nodes, 3 incomplete, 1 unsafe
server: | Checking abstraction done, result: (AbstractorResult Unsafe)
server: | Refining abstraction...
server: |  |  Trace length: 23
server: |  |  Checking trace...done, result: (ExprTraceStatus Infeasible)
server: |  |  Pruning from index 19...done
server: Refining abstraction done, result: (RefinerResult Spurious)
server: ! Precision DID change in this iteration
server: Iteration took 0s to run! 
server: ExplPreictor: Predicted 3.597s, Real 3.753s 
server:               Weight 1.0147600839564064 -> 1.0133920235145324 
server: Iteration 13
server: | Checking abstraction...
server: |  |  PrecisionSize: 45
server: |  |  Starting ARG: 36 nodes, 1 incomplete, 0 unsafe
server: |  |  (StopCriterion FirstCex)...
server: |  |  Building ARG...
server: |  |  Finished ARG: 49 nodes, 3 incomplete, 1 unsafe
server: | Checking abstraction done, result: (AbstractorResult Unsafe)
server: | Refining abstraction...
server: |  |  Trace length: 25
server: |  |  Checking trace...done, result: (ExprTraceStatus Infeasible)
server: |  |  Pruning from index 21...done
server: Refining abstraction done, result: (RefinerResult Spurious)
server: ! Precision DID change in this iteration
server: Iteration took 0s to run! 
server: ExplPreictor: Predicted 4.190s, Real 4.358s 
server:               Weight 1.0133920235145324 -> 1.0122292496300151 
server: Iteration 14
server: | Checking abstraction...
server: |  |  PrecisionSize: 48
server: |  |  Starting ARG: 40 nodes, 1 incomplete, 0 unsafe
server: |  |  (StopCriterion FirstCex)...
server: |  |  Building ARG...
server: |  |  Finished ARG: 53 nodes, 3 incomplete, 1 unsafe
server: | Checking abstraction done, result: (AbstractorResult Unsafe)
server: | Refining abstraction...
server: |  |  Trace length: 27
server: |  |  Checking trace...done, result: (ExprTraceStatus Infeasible)
server: |  |  Pruning from index 23...done
server: Refining abstraction done, result: (RefinerResult Spurious)
server: ! Precision DID change in this iteration
server: Iteration took 0s to run! 
server: ExplPreictor: Predicted 4.828s, Real 4.889s 
server:               Weight 1.0122292496300151 -> 1.010873722420451 
server: Iteration 15
server: | Checking abstraction...
server: |  |  PrecisionSize: 50
server: |  |  Starting ARG: 44 nodes, 1 incomplete, 0 unsafe
server: |  |  (StopCriterion FirstCex)...
server: |  |  Building ARG...
server: |  |  Finished ARG: 57 nodes, 3 incomplete, 1 unsafe
server: | Checking abstraction done, result: (AbstractorResult Unsafe)
server: | Refining abstraction...
server: |  |  Trace length: 29
server: |  |  Checking trace...done, result: (ExprTraceStatus Infeasible)
server: |  |  Pruning from index 25...done
server: Refining abstraction done, result: (RefinerResult Spurious)
server: ! Precision DID change in this iteration
server: Iteration took 0s to run! 
server: ExplPreictor: Predicted 5.362s, Real 5.534s 
server:               Weight 1.010873722420451 -> 1.010019991804847 
server: Iteration 16
server: | Checking abstraction...
server: |  |  PrecisionSize: 52
server: |  |  Starting ARG: 48 nodes, 1 incomplete, 0 unsafe
server: |  |  (StopCriterion FirstCex)...
server: |  |  Building ARG...
server: |  |  Finished ARG: 61 nodes, 3 incomplete, 1 unsafe
server: | Checking abstraction done, result: (AbstractorResult Unsafe)
server: | Refining abstraction...
server: |  |  Trace length: 31
server: |  |  Checking trace...done, result: (ExprTraceStatus Infeasible)
server: |  |  Pruning from index 27...done
server: Refining abstraction done, result: (RefinerResult Spurious)
server: ! Precision DID change in this iteration
server: Iteration took 0s to run! 
server: ExplPreictor: Predicted 6.033s, Real 6.137s 
server:               Weight 1.010019991804847 -> 1.0091121352506847 
server: Iteration 17
server: | Checking abstraction...
server: |  |  PrecisionSize: 54
server: |  |  Starting ARG: 52 nodes, 1 incomplete, 0 unsafe
server: |  |  (StopCriterion FirstCex)...
server: |  |  Building ARG...
server: |  |  Finished ARG: 65 nodes, 3 incomplete, 1 unsafe
server: | Checking abstraction done, result: (AbstractorResult Unsafe)
server: | Refining abstraction...
server: |  |  Trace length: 33
server: |  |  Checking trace...done, result: (ExprTraceStatus Infeasible)
server: |  |  Pruning from index 29...done
server: Refining abstraction done, result: (RefinerResult Spurious)
server: ! Precision DID change in this iteration
server: Iteration took 0s to run! 
server: ExplPreictor: Predicted 6.645s, Real 6.790s 
server:               Weight 1.0091121352506847 -> 1.008399477155504 
server: Iteration 18
server: | Checking abstraction...
server: |  |  PrecisionSize: 56
server: |  |  Starting ARG: 56 nodes, 1 incomplete, 0 unsafe
server: |  |  (StopCriterion FirstCex)...
server: |  |  Building ARG...
server: |  |  Finished ARG: 69 nodes, 3 incomplete, 1 unsafe
server: | Checking abstraction done, result: (AbstractorResult Unsafe)
server: | Refining abstraction...
server: |  |  Trace length: 35
server: |  |  Checking trace...done, result: (ExprTraceStatus Infeasible)
server: |  |  Pruning from index 31...done
server: Refining abstraction done, result: (RefinerResult Spurious)
server: ! Precision DID change in this iteration
server: Iteration took 0s to run! 
server: ExplPreictor: Predicted 7.312s, Real 7.501s 
server:               Weight 1.008399477155504 -> 1.0078328851122123 
server: Iteration 19
server: | Checking abstraction...
server: |  |  PrecisionSize: 58
server: |  |  Starting ARG: 60 nodes, 1 incomplete, 0 unsafe
server: |  |  (StopCriterion FirstCex)...
server: |  |  Building ARG...
server: |  |  Finished ARG: 73 nodes, 3 incomplete, 1 unsafe
server: | Checking abstraction done, result: (AbstractorResult Unsafe)
server: | Refining abstraction...
server: |  |  Trace length: 37
server: |  |  Checking trace...done, result: (ExprTraceStatus Infeasible)
server: |  |  Pruning from index 33...done
server: Refining abstraction done, result: (RefinerResult Spurious)
server: ! Precision DID change in this iteration
server: Iteration took 0s to run! 
server: ExplPreictor: Predicted 8.044s, Real 8.234s 
server:               Weight 1.0078328851122123 -> 1.0073185700438396 
server: Iteration 20
server: | Checking abstraction...
server: |  |  PrecisionSize: 60
server: |  |  Starting ARG: 64 nodes, 1 incomplete, 0 unsafe
server: |  |  (StopCriterion FirstCex)...
server: |  |  Building ARG...
server: |  |  Finished ARG: 77 nodes, 3 incomplete, 1 unsafe
server: | Checking abstraction done, result: (AbstractorResult Unsafe)
server: | Refining abstraction...
server: |  |  Trace length: 39
server: |  |  Checking trace...done, result: (ExprTraceStatus Infeasible)
server: |  |  Pruning from index 35...done
server: Refining abstraction done, result: (RefinerResult Spurious)
server: ! Precision DID change in this iteration
server: Iteration took 0s to run! 
server: ExplPreictor: Predicted 8.796s, Real 9.073s 
server:               Weight 1.0073185700438396 -> 1.006950071374389 
server: Iteration 21
server: | Checking abstraction...
server: |  |  PrecisionSize: 62
server: |  |  Starting ARG: 68 nodes, 1 incomplete, 0 unsafe
server: |  |  (StopCriterion FirstCex)...
server: |  |  Building ARG...
server: |  |  Finished ARG: 81 nodes, 3 incomplete, 1 unsafe
server: | Checking abstraction done, result: (AbstractorResult Unsafe)
server: | Refining abstraction...
server: |  |  Trace length: 41
server: |  |  Checking trace...done, result: (ExprTraceStatus Infeasible)
server: |  |  Pruning from index 37...done
server: Refining abstraction done, result: (RefinerResult Spurious)
server: ! Precision DID change in this iteration
server: Iteration took 0s to run! 
server: ExplPreictor: Predicted 9.666s, Real 10.028s 
server:               Weight 1.006950071374389 -> 1.0066810794858847 
server: Iteration 22
server: | Checking abstraction...
server: |  |  PrecisionSize: 64
server: |  |  Starting ARG: 72 nodes, 1 incomplete, 0 unsafe
server: |  |  (StopCriterion FirstCex)...
server: |  |  Building ARG...
server: |  |  Finished ARG: 85 nodes, 3 incomplete, 1 unsafe
server: | Checking abstraction done, result: (AbstractorResult Unsafe)
server: | Refining abstraction...
server: |  |  Trace length: 43
server: |  |  Checking trace...done, result: (ExprTraceStatus Infeasible)
server: |  |  Pruning from index 39...done
server: Refining abstraction done, result: (RefinerResult Spurious)
server: ! Precision DID change in this iteration
server: Iteration took 1s to run! 
server: ExplPreictor: Predicted 10.665s, Real 11.035s 
server:               Weight 1.0066810794858847 -> 1.0064153851931066 
server: Iteration 23
server: | Checking abstraction...
server: |  |  PrecisionSize: 66
server: |  |  Starting ARG: 76 nodes, 1 incomplete, 0 unsafe
server: |  |  (StopCriterion FirstCex)...
server: |  |  Building ARG...
server: |  |  Finished ARG: 89 nodes, 3 incomplete, 1 unsafe
server: | Checking abstraction done, result: (AbstractorResult Unsafe)
server: | Refining abstraction...
server: |  |  Trace length: 45
server: |  |  Checking trace...done, result: (ExprTraceStatus Infeasible)
server: |  |  Pruning from index 41...done
server: Refining abstraction done, result: (RefinerResult Spurious)
server: ! Precision DID change in this iteration
server: Iteration took 1s to run! 
server: ExplPreictor: Predicted 11.714s, Real 12.090s 
server:               Weight 1.0064153851931066 -> 1.0061535499105605 
server: Iteration 24
server: | Checking abstraction...
server: |  |  PrecisionSize: 68
server: |  |  Starting ARG: 80 nodes, 1 incomplete, 0 unsafe
server: |  |  (StopCriterion FirstCex)...
server: |  |  Building ARG...
server: |  |  Finished ARG: 93 nodes, 3 incomplete, 1 unsafe
server: | Checking abstraction done, result: (AbstractorResult Unsafe)
server: | Refining abstraction...
server: |  |  Trace length: 47
server: |  |  Checking trace...done, result: (ExprTraceStatus Infeasible)
server: |  |  Pruning from index 43...done
server: Refining abstraction done, result: (RefinerResult Spurious)
server: ! Precision DID change in this iteration
server: Iteration took 0s to run! 
server: ExplPreictor: Predicted 12.810s, Real 13.071s 
server:               Weight 1.0061535499105605 -> 1.0058170904772907 
server: Iteration 25
server: | Checking abstraction...
server: |  |  PrecisionSize: 70
server: |  |  Starting ARG: 84 nodes, 1 incomplete, 0 unsafe
server: |  |  (StopCriterion FirstCex)...
server: |  |  Building ARG...
server: |  |  Finished ARG: 97 nodes, 3 incomplete, 1 unsafe
server: | Checking abstraction done, result: (AbstractorResult Unsafe)
server: | Refining abstraction...
server: |  |  Trace length: 49
server: |  |  Checking trace...done, result: (ExprTraceStatus Infeasible)
server: |  |  Pruning from index 45...done
server: Refining abstraction done, result: (RefinerResult Spurious)
server: ! Precision DID change in this iteration
server: Iteration took 1s to run! 
server: ExplPreictor: Predicted 13.812s, Real 14.150s 
server:               Weight 1.0058170904772907 -> 1.0055502048714293 
server: Iteration 26
server: | Checking abstraction...
server: |  |  PrecisionSize: 72
server: |  |  Starting ARG: 88 nodes, 1 incomplete, 0 unsafe
server: |  |  (StopCriterion FirstCex)...
server: |  |  Building ARG...
server: |  |  Finished ARG: 101 nodes, 3 incomplete, 1 unsafe
server: | Checking abstraction done, result: (AbstractorResult Unsafe)
server: | Refining abstraction...
server: |  |  Trace length: 51
server: |  |  Checking trace...done, result: (ExprTraceStatus Infeasible)
server: |  |  Pruning from index 47...done
server: Refining abstraction done, result: (RefinerResult Spurious)
server: ! Precision DID change in this iteration
server: Iteration took 1s to run! 
server: ExplPreictor: Predicted 14.921s, Real 15.235s 
server:               Weight 1.0055502048714293 -> 1.0052819987264379 
server: Iteration 27
server: | Checking abstraction...
server: |  |  PrecisionSize: 74
server: |  |  Starting ARG: 92 nodes, 1 incomplete, 0 unsafe
server: |  |  (StopCriterion FirstCex)...
server: |  |  Building ARG...
server: |  |  Finished ARG: 105 nodes, 3 incomplete, 1 unsafe
server: | Checking abstraction done, result: (AbstractorResult Unsafe)
server: | Refining abstraction...
server: |  |  Trace length: 53
server: |  |  Checking trace...done, result: (ExprTraceStatus Infeasible)
server: |  |  Pruning from index 49...done
server: Refining abstraction done, result: (RefinerResult Spurious)
server: ! Precision DID change in this iteration
server: Iteration took 1s to run! 
server: ExplPreictor: Predicted 16.030s, Real 16.334s 
server:               Weight 1.0052819987264379 -> 1.0050234603614845 
server: Iteration 28
server: | Checking abstraction...
server: |  |  PrecisionSize: 76
server: |  |  Starting ARG: 96 nodes, 1 incomplete, 0 unsafe
server: |  |  (StopCriterion FirstCex)...
server: |  |  Building ARG...
server: |  |  Finished ARG: 109 nodes, 3 incomplete, 1 unsafe
server: | Checking abstraction done, result: (AbstractorResult Unsafe)
server: | Refining abstraction...
server: |  |  Trace length: 55
server: |  |  Checking trace...done, result: (ExprTraceStatus Infeasible)
server: |  |  Pruning from index 51...done
server: Refining abstraction done, result: (RefinerResult Spurious)
server: ! Precision DID change in this iteration
server: Iteration took 1s to run! 
server: ExplPreictor: Predicted 17.150s, Real 17.461s 
server:               Weight 1.0050234603614845 -> 1.0047833831642243 
server: Iteration 29
server: | Checking abstraction...
server: |  |  PrecisionSize: 78
server: |  |  Starting ARG: 100 nodes, 1 incomplete, 0 unsafe
server: |  |  (StopCriterion FirstCex)...
server: |  |  Building ARG...
server: |  |  Finished ARG: 113 nodes, 3 incomplete, 1 unsafe
server: | Checking abstraction done, result: (AbstractorResult Unsafe)
server: | Refining abstraction...
server: |  |  Trace length: 57
server: |  |  Checking trace...done, result: (ExprTraceStatus Infeasible)
server: |  |  Pruning from index 53...done
server: Refining abstraction done, result: (RefinerResult Spurious)
server: ! Precision DID change in this iteration
server: Iteration took 1s to run! 
server: ExplPreictor: Predicted 18.296s, Real 18.651s 
server:               Weight 1.0047833831642243 -> 1.004574683063771 
server: Iteration 30
server: | Checking abstraction...
server: |  |  PrecisionSize: 80
server: |  |  Starting ARG: 104 nodes, 1 incomplete, 0 unsafe
server: |  |  (StopCriterion FirstCex)...
server: |  |  Building ARG...
server: |  |  Finished ARG: 117 nodes, 3 incomplete, 1 unsafe
server: | Checking abstraction done, result: (AbstractorResult Unsafe)
server: | Refining abstraction...
server: |  |  Trace length: 59
server: |  |  Checking trace...done, result: (ExprTraceStatus Infeasible)
server: |  |  Pruning from index 55...done
server: Refining abstraction done, result: (RefinerResult Spurious)
server: ! Precision DID change in this iteration
server: Iteration took 1s to run! 
server: ExplPreictor: Predicted 19.509s, Real 19.874s 
server:               Weight 1.004574683063771 -> 1.004379545217396 
server: Iteration 31
server: | Checking abstraction...
server: |  |  PrecisionSize: 82
server: |  |  Starting ARG: 108 nodes, 1 incomplete, 0 unsafe
server: |  |  (StopCriterion FirstCex)...
server: |  |  Building ARG...
server: |  |  Finished ARG: 121 nodes, 3 incomplete, 1 unsafe
server: | Checking abstraction done, result: (AbstractorResult Unsafe)
server: | Refining abstraction...
server: |  |  Trace length: 61
server: |  |  Checking trace...done, result: (ExprTraceStatus Infeasible)
server: |  |  Pruning from index 57...done
server: Refining abstraction done, result: (RefinerResult Spurious)
server: ! Precision DID change in this iteration
server: Iteration took 1s to run! 
server: ExplPreictor: Predicted 20.754s, Real 21.171s 
server:               Weight 1.004379545217396 -> 1.004210912011021 
server: Iteration 32
server: | Checking abstraction...
server: |  |  PrecisionSize: 84
server: |  |  Starting ARG: 112 nodes, 1 incomplete, 0 unsafe
server: |  |  (StopCriterion FirstCex)...
server: |  |  Building ARG...
server: |  |  Finished ARG: 125 nodes, 3 incomplete, 1 unsafe
server: | Checking abstraction done, result: (AbstractorResult Unsafe)
server: | Refining abstraction...
server: |  |  Trace length: 63
server: |  |  Checking trace...done, result: (ExprTraceStatus Infeasible)
server: |  |  Pruning from index 59...done
server: Refining abstraction done, result: (RefinerResult Spurious)
server: ! Precision DID change in this iteration
server: Iteration took 1s to run! 
server: ExplPreictor: Predicted 22.078s, Real 22.556s 
server:               Weight 1.004210912011021 -> 1.0040670769832232 
server: Iteration 33
server: | Checking abstraction...
server: |  |  PrecisionSize: 86
server: |  |  Starting ARG: 116 nodes, 1 incomplete, 0 unsafe
server: |  |  (StopCriterion FirstCex)...
server: |  |  Building ARG...
server: |  |  Finished ARG: 129 nodes, 3 incomplete, 1 unsafe
server: | Checking abstraction done, result: (AbstractorResult Unsafe)
server: | Refining abstraction...
server: |  |  Trace length: 65
server: |  |  Checking trace...done, result: (ExprTraceStatus Infeasible)
server: |  |  Pruning from index 61...done
server: Refining abstraction done, result: (RefinerResult Spurious)
server: ! Precision DID change in this iteration
server: Iteration took 1s to run! 
server: ExplPreictor: Predicted 23.495s, Real 23.946s 
server:               Weight 1.0040670769832232 -> 1.0039184173737117 
server: Iteration 34
server: | Checking abstraction...
server: |  |  PrecisionSize: 88
server: |  |  Starting ARG: 120 nodes, 1 incomplete, 0 unsafe
server: |  |  (StopCriterion FirstCex)...
server: |  |  Building ARG...
server: |  |  Finished ARG: 133 nodes, 3 incomplete, 1 unsafe
server: | Checking abstraction done, result: (AbstractorResult Unsafe)
server: | Refining abstraction...
server: |  |  Trace length: 67
server: |  |  Checking trace...done, result: (ExprTraceStatus Infeasible)
server: |  |  Pruning from index 63...done
server: Refining abstraction done, result: (RefinerResult Spurious)
server: ! Precision DID change in this iteration
server: Iteration took 1s to run! 
server: ExplPreictor: Predicted 24.911s, Real 25.377s 
server:               Weight 1.0039184173737117 -> 1.0037781942644193 
server: Iteration 35
server: | Checking abstraction...
server: |  |  PrecisionSize: 90
server: |  |  Starting ARG: 124 nodes, 1 incomplete, 0 unsafe
server: |  |  (StopCriterion FirstCex)...
server: |  |  Building ARG...
server: |  |  Finished ARG: 137 nodes, 3 incomplete, 1 unsafe
server: | Checking abstraction done, result: (AbstractorResult Unsafe)
server: | Refining abstraction...
server: |  |  Trace length: 69
server: |  |  Checking trace...done, result: (ExprTraceStatus Infeasible)
server: |  |  Pruning from index 65...done
server: Refining abstraction done, result: (RefinerResult Spurious)
server: ! Precision DID change in this iteration
server: Iteration took 1s to run! 
server: ExplPreictor: Predicted 26.368s, Real 26.931s 
server:               Weight 1.0037781942644193 -> 1.003665626056135 
server: Iteration 36
server: | Checking abstraction...
server: |  |  PrecisionSize: 92
server: |  |  Starting ARG: 128 nodes, 1 incomplete, 0 unsafe
server: |  |  (StopCriterion FirstCex)...
server: |  |  Building ARG...
server: |  |  Finished ARG: 141 nodes, 3 incomplete, 1 unsafe
server: | Checking abstraction done, result: (AbstractorResult Unsafe)
server: | Refining abstraction...
server: |  |  Trace length: 71
server: |  |  Checking trace...done, result: (ExprTraceStatus Infeasible)
server: |  |  Pruning from index 67...done
server: Refining abstraction done, result: (RefinerResult Spurious)
server: ! Precision DID change in this iteration
server: Iteration took 1s to run! 
server: ExplPreictor: Predicted 27.957s, Real 28.555s 
server:               Weight 1.003665626056135 -> 1.0035615639854263 
server: Iteration 37
server: | Checking abstraction...
server: |  |  PrecisionSize: 94
server: |  |  Starting ARG: 132 nodes, 1 incomplete, 0 unsafe
server: |  |  (StopCriterion FirstCex)...
server: |  |  Building ARG...
server: |  |  Finished ARG: 145 nodes, 3 incomplete, 1 unsafe
server: | Checking abstraction done, result: (AbstractorResult Unsafe)
server: | Refining abstraction...
server: |  |  Trace length: 73
server: |  |  Checking trace...done, result: (ExprTraceStatus Infeasible)
server: |  |  Pruning from index 69...done
server: Refining abstraction done, result: (RefinerResult Spurious)
server: ! Precision DID change in this iteration
server: Iteration took 1s to run! 
server: ExplPreictor: Predicted 29.618s, Real 30.076s 
server:               Weight 1.0035615639854263 -> 1.003428728495172 
server: Iteration 38
server: | Checking abstraction...
server: |  |  PrecisionSize: 96
server: |  |  Starting ARG: 136 nodes, 1 incomplete, 0 unsafe
server: |  |  (StopCriterion FirstCex)...
server: |  |  Building ARG...
server: |  |  Finished ARG: 149 nodes, 3 incomplete, 1 unsafe
server: | Checking abstraction done, result: (AbstractorResult Unsafe)
server: | Refining abstraction...
server: |  |  Trace length: 75
server: |  |  Checking trace...done, result: (ExprTraceStatus Infeasible)
server: |  |  Pruning from index 71...done
server: Refining abstraction done, result: (RefinerResult Spurious)
server: ! Precision DID change in this iteration
server: Iteration took 1s to run! 
server: ExplPreictor: Predicted 31.158s, Real 31.896s 
server:               Weight 1.003428728495172 -> 1.003354913881738 
server: Iteration 39
server: | Checking abstraction...
server: |  |  PrecisionSize: 98
server: |  |  Starting ARG: 140 nodes, 1 incomplete, 0 unsafe
server: |  |  (StopCriterion FirstCex)...
server: |  |  Building ARG...
server: |  |  Finished ARG: 153 nodes, 3 incomplete, 1 unsafe
server: | Checking abstraction done, result: (AbstractorResult Unsafe)
server: | Refining abstraction...
server: |  |  Trace length: 77
server: |  |  Checking trace...done, result: (ExprTraceStatus Infeasible)
server: |  |  Pruning from index 73...done
server: Refining abstraction done, result: (RefinerResult Spurious)
server: ! Precision DID change in this iteration
server: Iteration took 2s to run! 
server: ExplPreictor: Predicted 33.025s, Real 33.941s 
server:               Weight 1.003354913881738 -> 1.0033095635683806 
server: Iteration 40
server: | Checking abstraction...
server: |  |  PrecisionSize: 100
server: |  |  Starting ARG: 144 nodes, 1 incomplete, 0 unsafe
server: |  |  (StopCriterion FirstCex)...
server: |  |  Building ARG...
server: |  |  Finished ARG: 157 nodes, 3 incomplete, 1 unsafe
server: | Checking abstraction done, result: (AbstractorResult Unsafe)
server: | Refining abstraction...
server: |  |  Trace length: 79
server: |  |  Checking trace...done, result: (ExprTraceStatus Infeasible)
server: |  |  Pruning from index 75...done
server: Refining abstraction done, result: (RefinerResult Spurious)
server: ! Precision DID change in this iteration
server: Iteration took 2s to run! 
server: ExplPreictor: Predicted 35.133s, Real 35.982s 
server:               Weight 1.0033095635683806 -> 1.0032459993494607 
server: Iteration 41
server: | Checking abstraction...
server: |  |  PrecisionSize: 102
server: |  |  Starting ARG: 148 nodes, 1 incomplete, 0 unsafe
server: |  |  (StopCriterion FirstCex)...
server: |  |  Building ARG...
server: |  |  Finished ARG: 161 nodes, 3 incomplete, 1 unsafe
server: | Checking abstraction done, result: (AbstractorResult Unsafe)
server: | Refining abstraction...
server: |  |  Trace length: 81
server: |  |  Checking trace...done, result: (ExprTraceStatus Infeasible)
server: |  |  Pruning from index 77...done
server: Refining abstraction done, result: (RefinerResult Spurious)
server: ! Precision DID change in this iteration
server: Iteration took 2s to run! 
server: ExplPreictor: Predicted 37.228s, Real 38.077s 
server:               Weight 1.0032459993494607 -> 1.003178538957578 
server: Iteration 42
server: | Checking abstraction...
server: |  |  PrecisionSize: 104
server: |  |  Starting ARG: 152 nodes, 1 incomplete, 0 unsafe
server: |  |  (StopCriterion FirstCex)...
server: |  |  Building ARG...
server: |  |  Finished ARG: 165 nodes, 3 incomplete, 1 unsafe
server: | Checking abstraction done, result: (AbstractorResult Unsafe)
server: | Refining abstraction...
server: |  |  Trace length: 83
server: |  |  Checking trace...done, result: (ExprTraceStatus Infeasible)
server: |  |  Pruning from index 79...done
server: Refining abstraction done, result: (RefinerResult Spurious)
server: ! Precision DID change in this iteration
server: Iteration took 1s to run! 
server: ExplPreictor: Predicted 39.375s, Real 40.047s 
server:               Weight 1.003178538957578 -> 1.0030831060056946 
server: Iteration 43
server: | Checking abstraction...
server: |  |  PrecisionSize: 106
server: |  |  Starting ARG: 156 nodes, 1 incomplete, 0 unsafe
server: |  |  (StopCriterion FirstCex)...
server: |  |  Building ARG...
server: |  |  Finished ARG: 169 nodes, 3 incomplete, 1 unsafe
server: | Checking abstraction done, result: (AbstractorResult Unsafe)
server: | Refining abstraction...
server: |  |  Trace length: 85
server: |  |  Checking trace...done, result: (ExprTraceStatus Infeasible)
server: |  |  Pruning from index 81...done
server: Refining abstraction done, result: (RefinerResult Spurious)
server: ! Precision DID change in this iteration
server: Iteration took 2s to run! 
server: ExplPreictor: Predicted 41.377s, Real 42.241s 
server:               Weight 1.0030831060056946 -> 1.0030150544398548 
server: Iteration 44
server: | Checking abstraction...
server: |  |  PrecisionSize: 108
server: |  |  Starting ARG: 160 nodes, 1 incomplete, 0 unsafe
server: |  |  (StopCriterion FirstCex)...
server: |  |  Building ARG...
server: |  |  Finished ARG: 173 nodes, 3 incomplete, 1 unsafe
server: | Checking abstraction done, result: (AbstractorResult Unsafe)
server: | Refining abstraction...
server: |  |  Trace length: 87
server: |  |  Checking trace...done, result: (ExprTraceStatus Infeasible)
server: |  |  Pruning from index 83...done
server: Refining abstraction done, result: (RefinerResult Spurious)
server: ! Precision DID change in this iteration
server: Iteration took 2s to run! 
server: ExplPreictor: Predicted 43.620s, Real 44.535s 
server:               Weight 1.0030150544398548 -> 1.0029517419038374 
server: Iteration 45
server: | Checking abstraction...
server: |  |  PrecisionSize: 110
server: |  |  Starting ARG: 164 nodes, 1 incomplete, 0 unsafe
server: |  |  (StopCriterion FirstCex)...
server: |  |  Building ARG...
server: |  |  Finished ARG: 177 nodes, 3 incomplete, 1 unsafe
server: | Checking abstraction done, result: (AbstractorResult Unsafe)
server: | Refining abstraction...
server: |  |  Trace length: 89
server: |  |  Checking trace...done, result: (ExprTraceStatus Infeasible)
server: |  |  Pruning from index 85...done
server: Refining abstraction done, result: (RefinerResult Spurious)
server: ! Precision DID change in this iteration
server: Iteration took 2s to run! 
server: ExplPreictor: Predicted 45.965s, Real 46.900s 
server:               Weight 1.0029517419038374 -> 1.0028887935523427 
server: Iteration 46
server: | Checking abstraction...
server: |  |  PrecisionSize: 112
server: |  |  Starting ARG: 168 nodes, 1 incomplete, 0 unsafe
server: |  |  (StopCriterion FirstCex)...
server: |  |  Building ARG...
server: |  |  Finished ARG: 181 nodes, 3 incomplete, 1 unsafe
server: | Checking abstraction done, result: (AbstractorResult Unsafe)
server: | Refining abstraction...
server: |  |  Trace length: 91
server: |  |  Checking trace...done, result: (ExprTraceStatus Infeasible)
server: |  |  Pruning from index 87...done
server: Refining abstraction done, result: (RefinerResult Spurious)
server: ! Precision DID change in this iteration
server: Iteration took 2s to run! 
server: ExplPreictor: Predicted 48.380s, Real 49.249s 
server:               Weight 1.0028887935523427 -> 1.0028169514405825 
server: Iteration 47
server: | Checking abstraction...
server: |  |  PrecisionSize: 114
server: |  |  Starting ARG: 172 nodes, 1 incomplete, 0 unsafe
server: |  |  (StopCriterion FirstCex)...
server: |  |  Building ARG...
server: |  |  Finished ARG: 185 nodes, 3 incomplete, 1 unsafe
server: | Checking abstraction done, result: (AbstractorResult Unsafe)
server: | Refining abstraction...
server: |  |  Trace length: 93
server: |  |  Checking trace...done, result: (ExprTraceStatus Infeasible)
server: |  |  Pruning from index 89...done
server: Refining abstraction done, result: (RefinerResult Spurious)
server: ! Precision DID change in this iteration
server: Iteration took 2s to run! 
server: ExplPreictor: Predicted 50.771s, Real 51.582s 
server:               Weight 1.0028169514405825 -> 1.0027391346739187 
server: Iteration 48
server: | Checking abstraction...
server: |  |  PrecisionSize: 116
server: |  |  Starting ARG: 176 nodes, 1 incomplete, 0 unsafe
server: |  |  (StopCriterion FirstCex)...
server: |  |  Building ARG...
server: |  |  Finished ARG: 189 nodes, 3 incomplete, 1 unsafe
server: | Checking abstraction done, result: (AbstractorResult Unsafe)
server: | Refining abstraction...
server: |  |  Trace length: 95
server: |  |  Checking trace...done, result: (ExprTraceStatus Infeasible)
server: |  |  Pruning from index 91...done
server: Refining abstraction done, result: (RefinerResult Spurious)
server: ! Precision DID change in this iteration
server: Iteration took 2s to run! 
server: ExplPreictor: Predicted 53.138s, Real 54.100s 
server:               Weight 1.0027391346739187 -> 1.0026770682534731 
server: Iteration 49
server: | Checking abstraction...
server: |  |  PrecisionSize: 118
server: |  |  Starting ARG: 180 nodes, 1 incomplete, 0 unsafe
server: |  |  (StopCriterion FirstCex)...
server: |  |  Building ARG...
server: |  |  Finished ARG: 193 nodes, 3 incomplete, 1 unsafe
server: | Checking abstraction done, result: (AbstractorResult Unsafe)
server: | Refining abstraction...
server: |  |  Trace length: 97
server: |  |  Checking trace...done, result: (ExprTraceStatus Infeasible)
server: |  |  Pruning from index 93...done
server: Refining abstraction done, result: (RefinerResult Spurious)
server: ! Precision DID change in this iteration
server: Iteration took 2s to run! 
server: ExplPreictor: Predicted 55.702s, Real 56.705s 
server:               Weight 1.0026770682534731 -> 1.0026181851651867 
server: Iteration 50
server: | Checking abstraction...
server: |  |  PrecisionSize: 120
server: |  |  Starting ARG: 184 nodes, 1 incomplete, 0 unsafe
server: |  |  (StopCriterion FirstCex)...
server: |  |  Building ARG...
server: |  |  Finished ARG: 197 nodes, 3 incomplete, 1 unsafe
server: | Checking abstraction done, result: (AbstractorResult Unsafe)
server: | Refining abstraction...
server: |  |  Trace length: 99
server: |  |  Checking trace...done, result: (ExprTraceStatus Infeasible)
server: |  |  Pruning from index 95...done
server: Refining abstraction done, result: (RefinerResult Spurious)
server: ! Precision DID change in this iteration
server: Iteration took 2s to run! 
server: ExplPreictor: Predicted 58.354s, Real 59.422s 
server:               Weight 1.0026181851651867 -> 1.0025641874229347 
server: Iteration 51
server: | Checking abstraction...
server: |  |  PrecisionSize: 122
server: |  |  Starting ARG: 188 nodes, 1 incomplete, 0 unsafe
server: |  |  (StopCriterion FirstCex)...
server: |  |  Building ARG...
server: |  |  Finished ARG: 201 nodes, 3 incomplete, 1 unsafe
server: | Checking abstraction done, result: (AbstractorResult Unsafe)
server: | Refining abstraction...
server: |  |  Trace length: 101
server: |  |  Checking trace...done, result: (ExprTraceStatus Infeasible)
server: |  |  Pruning from index 97...done
server: Refining abstraction done, result: (RefinerResult Spurious)
server: ! Precision DID change in this iteration
server: Iteration took 2s to run! 
server: ExplPreictor: Predicted 61.121s, Real 62.216s 
server:               Weight 1.0025641874229347 -> 1.0025112939992271 
server: Iteration 52
server: | Checking abstraction...
server: |  |  PrecisionSize: 124
server: |  |  Starting ARG: 192 nodes, 1 incomplete, 0 unsafe
server: |  |  (StopCriterion FirstCex)...
server: |  |  Building ARG...
server: |  |  Finished ARG: 205 nodes, 3 incomplete, 1 unsafe
server: | Checking abstraction done, result: (AbstractorResult Unsafe)
server: | Refining abstraction...
server: |  |  Trace length: 103
server: |  |  Checking trace...done, result: (ExprTraceStatus Infeasible)
server: |  |  Pruning from index 99...done
server: Refining abstraction done, result: (RefinerResult Spurious)
server: ! Precision DID change in this iteration
server: Iteration took 2s to run! 
server: ExplPreictor: Predicted 63.965s, Real 65.023s 
server:               Weight 1.0025112939992271 -> 1.0024546155474763 
server: Iteration 53
server: | Checking abstraction...
server: |  |  PrecisionSize: 126
server: |  |  Starting ARG: 196 nodes, 1 incomplete, 0 unsafe
server: |  |  (StopCriterion FirstCex)...
server: |  |  Building ARG...
server: |  |  Finished ARG: 209 nodes, 3 incomplete, 1 unsafe
server: | Checking abstraction done, result: (AbstractorResult Unsafe)
server: | Refining abstraction...
server: |  |  Trace length: 105
server: |  |  Checking trace...done, result: (ExprTraceStatus Infeasible)
server: |  |  Pruning from index 101...done
server: Refining abstraction done, result: (RefinerResult Spurious)
server: ! Precision DID change in this iteration
server: Iteration took 2s to run! 
server: ExplPreictor: Predicted 66.816s, Real 67.910s 
server:               Weight 1.0024546155474763 -> 1.0024003117646567 
server: Iteration 54
server: | Checking abstraction...
server: |  |  PrecisionSize: 128
server: |  |  Starting ARG: 200 nodes, 1 incomplete, 0 unsafe
server: |  |  (StopCriterion FirstCex)...
server: |  |  Building ARG...
server: |  |  Finished ARG: 213 nodes, 3 incomplete, 1 unsafe
server: | Checking abstraction done, result: (AbstractorResult Unsafe)
server: | Refining abstraction...
server: |  |  Trace length: 107
server: |  |  Checking trace...done, result: (ExprTraceStatus Infeasible)
server: |  |  Pruning from index 103...done
server: Refining abstraction done, result: (RefinerResult Spurious)
server: ! Precision DID change in this iteration
server: Iteration took 2s to run! 
server: ExplPreictor: Predicted 69.748s, Real 70.806s 
server:               Weight 1.0024003117646567 -> 1.0023432796831762 
server: Iteration 55
server: | Checking abstraction...
server: |  |  PrecisionSize: 130
server: |  |  Starting ARG: 204 nodes, 1 incomplete, 0 unsafe
server: |  |  (StopCriterion FirstCex)...
server: |  |  Building ARG...
server: |  |  Finished ARG: 217 nodes, 3 incomplete, 1 unsafe
server: | Checking abstraction done, result: (AbstractorResult Unsafe)
server: | Refining abstraction...
server: |  |  Trace length: 109
server: |  |  Checking trace...done, result: (ExprTraceStatus Infeasible)
server: |  |  Pruning from index 105...done
server: Refining abstraction done, result: (RefinerResult Spurious)
server: ! Precision DID change in this iteration
server: Iteration took 3s to run! 
server: ExplPreictor: Predicted 72.683s, Real 73.819s 
server:               Weight 1.0023432796831762 -> 1.0022916240423225 
server: Iteration 56
server: | Checking abstraction...
server: |  |  PrecisionSize: 132
server: |  |  Starting ARG: 208 nodes, 1 incomplete, 0 unsafe
server: |  |  (StopCriterion FirstCex)...
server: |  |  Building ARG...
server: |  |  Finished ARG: 221 nodes, 3 incomplete, 1 unsafe
server: | Checking abstraction done, result: (AbstractorResult Unsafe)
server: | Refining abstraction...
server: |  |  Trace length: 111
server: |  |  Checking trace...done, result: (ExprTraceStatus Infeasible)
server: |  |  Pruning from index 107...done
server: Refining abstraction done, result: (RefinerResult Spurious)
server: ! Precision DID change in this iteration
server: Iteration took 3s to run! 
server: ExplPreictor: Predicted 75.740s, Real 76.855s 
server:               Weight 1.0022916240423225 -> 1.0022385898656279 
server: Iteration 57
server: | Checking abstraction...
server: |  |  PrecisionSize: 134
server: |  |  Starting ARG: 212 nodes, 1 incomplete, 0 unsafe
server: |  |  (StopCriterion FirstCex)...
server: |  |  Building ARG...
server: |  |  Finished ARG: 225 nodes, 3 incomplete, 1 unsafe
server: | Checking abstraction done, result: (AbstractorResult Unsafe)
server: | Refining abstraction...
server: |  |  Trace length: 113
server: |  |  Checking trace...done, result: (ExprTraceStatus Infeasible)
server: |  |  Pruning from index 109...done
server: Refining abstraction done, result: (RefinerResult Spurious)
server: ! Precision DID change in this iteration
server: Iteration took 3s to run! 
server: ExplPreictor: Predicted 78.815s, Real 80.002s 
server:               Weight 1.0022385898656279 -> 1.0021900492429137 
server: Iteration 58
server: | Checking abstraction...
server: |  |  PrecisionSize: 136
server: |  |  Starting ARG: 216 nodes, 1 incomplete, 0 unsafe
server: |  |  (StopCriterion FirstCex)...
server: |  |  Building ARG...
server: |  |  Finished ARG: 229 nodes, 3 incomplete, 1 unsafe
server: | Checking abstraction done, result: (AbstractorResult Unsafe)
server: | Refining abstraction...
server: |  |  Trace length: 115
server: |  |  Checking trace...done, result: (ExprTraceStatus Infeasible)
server: |  |  Pruning from index 111...done
server: Refining abstraction done, result: (RefinerResult Spurious)
server: ! Precision DID change in this iteration
server: Iteration took 3s to run! 
server: ExplPreictor: Predicted 82.005s, Real 83.283s 
server:               Weight 1.0021900492429137 -> 1.0021465666354172 
server: Iteration 59
server: | Checking abstraction...
server: |  |  PrecisionSize: 138
server: |  |  Starting ARG: 220 nodes, 1 incomplete, 0 unsafe
server: |  |  (StopCriterion FirstCex)...
server: |  |  Building ARG...
server: |  |  Finished ARG: 233 nodes, 3 incomplete, 1 unsafe
server: | Checking abstraction done, result: (AbstractorResult Unsafe)
server: | Refining abstraction...
server: |  |  Trace length: 117
server: |  |  Checking trace...done, result: (ExprTraceStatus Infeasible)
server: |  |  Pruning from index 113...done
server: Refining abstraction done, result: (RefinerResult Spurious)
server: ! Precision DID change in this iteration
server: Iteration took 3s to run! 
server: ExplPreictor: Predicted 85.333s, Real 86.734s 
server:               Weight 1.0021465666354172 -> 1.0021091419592567 
server: Iteration 60
server: | Checking abstraction...
server: |  |  PrecisionSize: 140
server: |  |  Starting ARG: 224 nodes, 1 incomplete, 0 unsafe
server: |  |  (StopCriterion FirstCex)...
server: |  |  Building ARG...
server: |  |  Finished ARG: 237 nodes, 3 incomplete, 1 unsafe
server: | Checking abstraction done, result: (AbstractorResult Unsafe)
server: | Refining abstraction...
server: |  |  Trace length: 119
server: |  |  Checking trace...done, result: (ExprTraceStatus Infeasible)
server: |  |  Pruning from index 115...done
server: Refining abstraction done, result: (RefinerResult Spurious)
server: ! Precision DID change in this iteration
server: Iteration took 3s to run! 
server: ExplPreictor: Predicted 88.839s, Real 90.013s 
server:               Weight 1.0021091419592567 -> 1.0020591632826286 
server: Iteration 61
server: | Checking abstraction...
server: |  |  PrecisionSize: 142
server: |  |  Starting ARG: 228 nodes, 1 incomplete, 0 unsafe
server: |  |  (StopCriterion FirstCex)...
server: |  |  Building ARG...
server: |  |  Finished ARG: 241 nodes, 3 incomplete, 1 unsafe
server: | Checking abstraction done, result: (AbstractorResult Unsafe)
server: | Refining abstraction...
server: |  |  Trace length: 121
server: |  |  Checking trace...done, result: (ExprTraceStatus Infeasible)
server: |  |  Pruning from index 117...done
server: Refining abstraction done, result: (RefinerResult Spurious)
server: ! Precision DID change in this iteration
server: Iteration took 3s to run! 
server: ExplPreictor: Predicted 92.152s, Real 93.428s 
server:               Weight 1.0020591632826286 -> 1.0020147067147773 
server: Iteration 62
server: | Checking abstraction...
server: |  |  PrecisionSize: 144
server: |  |  Starting ARG: 232 nodes, 1 incomplete, 0 unsafe
server: |  |  (StopCriterion FirstCex)...
server: |  |  Building ARG...
server: |  |  Finished ARG: 245 nodes, 3 incomplete, 1 unsafe
server: | Checking abstraction done, result: (AbstractorResult Unsafe)
server: | Refining abstraction...
server: |  |  Trace length: 123
server: |  |  Checking trace...done, result: (ExprTraceStatus Infeasible)
server: |  |  Pruning from index 119...done
server: Refining abstraction done, result: (RefinerResult Spurious)
server: ! Precision DID change in this iteration
server: Iteration took 3s to run! 
server: ExplPreictor: Predicted 95.607s, Real 96.794s 
server:               Weight 1.0020147067147773 -> 1.0019662503506535 
server: Iteration 63
server: | Checking abstraction...
server: |  |  PrecisionSize: 146
server: |  |  Starting ARG: 236 nodes, 1 incomplete, 0 unsafe
server: |  |  (StopCriterion FirstCex)...
server: |  |  Building ARG...
server: |  |  Finished ARG: 249 nodes, 3 incomplete, 1 unsafe
server: | Checking abstraction done, result: (AbstractorResult Unsafe)
server: | Refining abstraction...
server: |  |  Trace length: 125
server: |  |  Checking trace...done, result: (ExprTraceStatus Infeasible)
server: |  |  Pruning from index 121...done
server: Refining abstraction done, result: (RefinerResult Spurious)
server: ! Precision DID change in this iteration
server: Iteration took 3s to run! 
server: ExplPreictor: Predicted 99.004s, Real 100.350s 
server:               Weight 1.0019662503506535 -> 1.0019256102154896 
server: Iteration 64
server: | Checking abstraction...
server: |  |  PrecisionSize: 148
server: |  |  Starting ARG: 240 nodes, 1 incomplete, 0 unsafe
server: |  |  (StopCriterion FirstCex)...
server: |  |  Building ARG...
server: |  |  Finished ARG: 253 nodes, 3 incomplete, 1 unsafe
server: | Checking abstraction done, result: (AbstractorResult Unsafe)
server: | Refining abstraction...
server: |  |  Trace length: 127
server: |  |  Checking trace...done, result: (ExprTraceStatus Infeasible)
server: |  |  Pruning from index 123...done
server: Refining abstraction done, result: (RefinerResult Spurious)
server: ! Precision DID change in this iteration
server: Iteration took 3s to run! 
server: ExplPreictor: Predicted 102.600s, Real 103.732s 
server:               Weight 1.0019256102154896 -> 1.0018758629375502 
server: Iteration 65
server: | Checking abstraction...
server: |  |  PrecisionSize: 150
server: |  |  Starting ARG: 244 nodes, 1 incomplete, 0 unsafe
server: |  |  (StopCriterion FirstCex)...
server: |  |  Building ARG...
server: |  |  Finished ARG: 257 nodes, 3 incomplete, 1 unsafe
server: | Checking abstraction done, result: (AbstractorResult Unsafe)
server: | Refining abstraction...
server: |  |  Trace length: 129
server: |  |  Checking trace...done, result: (ExprTraceStatus Infeasible)
server: |  |  Pruning from index 125...done
server: Refining abstraction done, result: (RefinerResult Spurious)
server: ! Precision DID change in this iteration
server: Iteration took 3s to run! 
server: ExplPreictor: Predicted 106.004s, Real 107.366s 
server:               Weight 1.0018758629375502 -> 1.001836663186812 
server: Iteration 66
server: | Checking abstraction...
server: |  |  PrecisionSize: 152
server: |  |  Starting ARG: 248 nodes, 1 incomplete, 0 unsafe
server: |  |  (StopCriterion FirstCex)...
server: |  |  Building ARG...
server: |  |  Finished ARG: 261 nodes, 3 incomplete, 1 unsafe
server: | Checking abstraction done, result: (AbstractorResult Unsafe)
server: | Refining abstraction...
server: |  |  Trace length: 131
server: |  |  Checking trace...done, result: (ExprTraceStatus Infeasible)
server: |  |  Pruning from index 127...done
server: Refining abstraction done, result: (RefinerResult Spurious)
server: ! Precision DID change in this iteration
server: Iteration took 3s to run! 
server: ExplPreictor: Predicted 109.675s, Real 111.240s 
server:               Weight 1.001836663186812 -> 1.0018055826119565 
server: Iteration 67
server: | Checking abstraction...
server: |  |  PrecisionSize: 154
server: |  |  Starting ARG: 252 nodes, 1 incomplete, 0 unsafe
server: |  |  (StopCriterion FirstCex)...
server: |  |  Building ARG...
server: |  |  Finished ARG: 265 nodes, 3 incomplete, 1 unsafe
server: | Checking abstraction done, result: (AbstractorResult Unsafe)
server: | Refining abstraction...
server: |  |  Trace length: 133
server: |  |  Checking trace...done, result: (ExprTraceStatus Infeasible)
server: |  |  Pruning from index 129...done
server: Refining abstraction done, result: (RefinerResult Spurious)
server: ! Precision DID change in this iteration
server: Iteration took 3s to run! 
server: ExplPreictor: Predicted 113.598s, Real 114.911s 
server:               Weight 1.0018055826119565 -> 1.0017644435646047 
server: Iteration 68
server: | Checking abstraction...
server: |  |  PrecisionSize: 156
server: |  |  Starting ARG: 256 nodes, 1 incomplete, 0 unsafe
server: |  |  (StopCriterion FirstCex)...
server: |  |  Building ARG...
server: |  |  Finished ARG: 269 nodes, 3 incomplete, 1 unsafe
server: | Checking abstraction done, result: (AbstractorResult Unsafe)
server: | Refining abstraction...
server: |  |  Trace length: 135
server: |  |  Checking trace...done, result: (ExprTraceStatus Infeasible)
server: |  |  Pruning from index 131...done
server: Refining abstraction done, result: (RefinerResult Spurious)
server: ! Precision DID change in this iteration
server: Iteration took 3s to run! 
server: ExplPreictor: Predicted 117.298s, Real 118.725s 
server:               Weight 1.0017644435646047 -> 1.0017280210266564 
server: Iteration 69
server: | Checking abstraction...
server: |  |  PrecisionSize: 158
server: |  |  Starting ARG: 260 nodes, 1 incomplete, 0 unsafe
server: |  |  (StopCriterion FirstCex)...
server: |  |  Building ARG...
server: |  |  Finished ARG: 273 nodes, 3 incomplete, 1 unsafe
server: | Checking abstraction done, result: (AbstractorResult Unsafe)
server: | Refining abstraction...
server: |  |  Trace length: 137
server: |  |  Checking trace...done, result: (ExprTraceStatus Infeasible)
server: |  |  Pruning from index 133...done
server: Refining abstraction done, result: (RefinerResult Spurious)
server: ! Precision DID change in this iteration
server: Iteration took 3s to run! 
server: ExplPreictor: Predicted 121.147s, Real 122.598s 
server:               Weight 1.0017280210266564 -> 1.0016926608531476 
server: Iteration 70
server: | Checking abstraction...
server: |  |  PrecisionSize: 160
server: |  |  Starting ARG: 264 nodes, 1 incomplete, 0 unsafe
server: |  |  (StopCriterion FirstCex)...
server: |  |  Building ARG...
server: |  |  Finished ARG: 277 nodes, 3 incomplete, 1 unsafe
server: | Checking abstraction done, result: (AbstractorResult Unsafe)
server: | Refining abstraction...
server: |  |  Trace length: 139
server: |  |  Checking trace...done, result: (ExprTraceStatus Infeasible)
server: |  |  Pruning from index 135...done
server: Refining abstraction done, result: (RefinerResult Spurious)
server: ! Precision DID change in this iteration
server: Iteration took 3s to run! 
server: ExplPreictor: Predicted 125.054s, Real 126.597s 
server:               Weight 1.0016926608531476 -> 1.0016605805254497 
server: Iteration 71
server: | Checking abstraction...
server: |  |  PrecisionSize: 162
server: |  |  Starting ARG: 268 nodes, 1 incomplete, 0 unsafe
server: |  |  (StopCriterion FirstCex)...
server: |  |  Building ARG...
server: |  |  Finished ARG: 281 nodes, 3 incomplete, 1 unsafe
server: | Checking abstraction done, result: (AbstractorResult Unsafe)
server: | Refining abstraction...
server: |  |  Trace length: 141
server: |  |  Checking trace...done, result: (ExprTraceStatus Infeasible)
server: |  |  Pruning from index 137...done
server: Refining abstraction done, result: (RefinerResult Spurious)
server: ! Precision DID change in this iteration
server: Iteration took 4s to run! 
server: ExplPreictor: Predicted 129.091s, Real 130.680s 
server:               Weight 1.0016605805254497 -> 1.0016299454226902 
server: Iteration 72
server: | Checking abstraction...
server: |  |  PrecisionSize: 164
server: |  |  Starting ARG: 272 nodes, 1 incomplete, 0 unsafe
server: |  |  (StopCriterion FirstCex)...
server: |  |  Building ARG...
server: |  |  Finished ARG: 285 nodes, 3 incomplete, 1 unsafe
server: | Checking abstraction done, result: (AbstractorResult Unsafe)
server: | Refining abstraction...
server: |  |  Trace length: 143
server: |  |  Checking trace...done, result: (ExprTraceStatus Infeasible)
server: |  |  Pruning from index 139...done
server: Refining abstraction done, result: (RefinerResult Spurious)
server: ! Precision DID change in this iteration
server: Iteration took 4s to run! 
server: ExplPreictor: Predicted 133.214s, Real 134.803s 
server:               Weight 1.0016299454226902 -> 1.0015992603266224 
server: Iteration 73
server: | Checking abstraction...
server: |  |  PrecisionSize: 166
server: |  |  Starting ARG: 276 nodes, 1 incomplete, 0 unsafe
server: |  |  (StopCriterion FirstCex)...
server: |  |  Building ARG...
server: |  |  Finished ARG: 289 nodes, 3 incomplete, 1 unsafe
server: | Checking abstraction done, result: (AbstractorResult Unsafe)
server: | Refining abstraction...
server: |  |  Trace length: 145
server: |  |  Checking trace...done, result: (ExprTraceStatus Infeasible)
server: |  |  Pruning from index 141...done
server: Refining abstraction done, result: (RefinerResult Spurious)
server: ! Precision DID change in this iteration
server: Iteration took 4s to run! 
server: ExplPreictor: Predicted 137.374s, Real 139.079s 
server:               Weight 1.0015992603266224 -> 1.0015720453271626 
server: Iteration 74
server: | Checking abstraction...
server: |  |  PrecisionSize: 168
server: |  |  Starting ARG: 280 nodes, 1 incomplete, 0 unsafe
server: |  |  (StopCriterion FirstCex)...
server: |  |  Building ARG...
server: |  |  Finished ARG: 293 nodes, 3 incomplete, 1 unsafe
server: | Checking abstraction done, result: (AbstractorResult Unsafe)
server: | Refining abstraction...
server: |  |  Trace length: 147
server: |  |  Checking trace...done, result: (ExprTraceStatus Infeasible)
server: |  |  Pruning from index 143...done
server: Refining abstraction done, result: (RefinerResult Spurious)
server: ! Precision DID change in this iteration
server: Iteration took 4s to run! 
server: ExplPreictor: Predicted 141.693s, Real 143.338s 
server:               Weight 1.0015720453271626 -> 1.0015428766144068 
server: Iteration 75
server: | Checking abstraction...
server: |  |  PrecisionSize: 170
server: |  |  Starting ARG: 284 nodes, 1 incomplete, 0 unsafe
server: |  |  (StopCriterion FirstCex)...
server: |  |  Building ARG...
server: |  |  Finished ARG: 297 nodes, 3 incomplete, 1 unsafe
server: | Checking abstraction done, result: (AbstractorResult Unsafe)
server: | Refining abstraction...
server: |  |  Trace length: 149
server: |  |  Checking trace...done, result: (ExprTraceStatus Infeasible)
server: |  |  Pruning from index 145...done
server: Refining abstraction done, result: (RefinerResult Spurious)
server: ! Precision DID change in this iteration
server: Iteration took 4s to run! 
server: ExplPreictor: Predicted 145.988s, Real 147.711s 
server:               Weight 1.0015428766144068 -> 1.0015158847417822 
server: Iteration 76
server: | Checking abstraction...
server: |  |  PrecisionSize: 172
server: |  |  Starting ARG: 288 nodes, 1 incomplete, 0 unsafe
server: |  |  (StopCriterion FirstCex)...
server: |  |  Building ARG...
server: |  |  Finished ARG: 301 nodes, 3 incomplete, 1 unsafe
server: | Checking abstraction done, result: (AbstractorResult Unsafe)
server: | Refining abstraction...
server: |  |  Trace length: 151
server: |  |  Checking trace...done, result: (ExprTraceStatus Infeasible)
server: |  |  Pruning from index 147...done
server: Refining abstraction done, result: (RefinerResult Spurious)
server: ! Precision DID change in this iteration
server: Iteration took 4s to run! 
server: ExplPreictor: Predicted 150.400s, Real 152.042s 
server:               Weight 1.0015158847417822 -> 1.0014866177065807 
server: Iteration 77
server: | Checking abstraction...
server: |  |  PrecisionSize: 174
server: |  |  Starting ARG: 292 nodes, 1 incomplete, 0 unsafe
server: |  |  (StopCriterion FirstCex)...
server: |  |  Building ARG...
server: |  |  Finished ARG: 305 nodes, 3 incomplete, 1 unsafe
server: | Checking abstraction done, result: (AbstractorResult Unsafe)
server: | Refining abstraction...
server: |  |  Trace length: 153
server: |  |  Checking trace...done, result: (ExprTraceStatus Infeasible)
server: |  |  Pruning from index 149...done
server: Refining abstraction done, result: (RefinerResult Spurious)
server: ! Precision DID change in this iteration
server: Iteration took 4s to run! 
server: ExplPreictor: Predicted 154.763s, Real 156.733s 
server:               Weight 1.0014866177065807 -> 1.0014659942478297 
server: Iteration 78
server: | Checking abstraction...
server: |  |  PrecisionSize: 176
server: |  |  Starting ARG: 296 nodes, 1 incomplete, 0 unsafe
server: |  |  (StopCriterion FirstCex)...
server: |  |  Building ARG...
server: |  |  Finished ARG: 309 nodes, 3 incomplete, 1 unsafe
server: | Checking abstraction done, result: (AbstractorResult Unsafe)
server: | Refining abstraction...
server: |  |  Trace length: 155
server: |  |  Checking trace...done, result: (ExprTraceStatus Infeasible)
server: |  |  Pruning from index 151...done
server: Refining abstraction done, result: (RefinerResult Spurious)
server: ! Precision DID change in this iteration
server: Iteration took 4s to run! 
server: ExplPreictor: Predicted 159.506s, Real 161.219s 
server:               Weight 1.0014659942478297 -> 1.001438424652376 
server: Iteration 79
server: | Checking abstraction...
server: |  |  PrecisionSize: 178
server: |  |  Starting ARG: 300 nodes, 1 incomplete, 0 unsafe
server: |  |  (StopCriterion FirstCex)...
server: |  |  Building ARG...
server: |  |  Finished ARG: 313 nodes, 3 incomplete, 1 unsafe
server: | Checking abstraction done, result: (AbstractorResult Unsafe)
server: | Refining abstraction...
server: |  |  Trace length: 157
server: |  |  Checking trace...done, result: (ExprTraceStatus Infeasible)
server: |  |  Pruning from index 153...done
server: Refining abstraction done, result: (RefinerResult Spurious)
server: ! Precision DID change in this iteration
server: Iteration took 4s to run! 
server: ExplPreictor: Predicted 164.024s, Real 165.970s 
server:               Weight 1.001438424652376 -> 1.0014166052670959 
server: Iteration 80
server: | Checking abstraction...
server: |  |  PrecisionSize: 180
server: |  |  Starting ARG: 304 nodes, 1 incomplete, 0 unsafe
server: |  |  (StopCriterion FirstCex)...
server: |  |  Building ARG...
server: |  |  Finished ARG: 317 nodes, 3 incomplete, 1 unsafe
server: | Checking abstraction done, result: (AbstractorResult Unsafe)
server: | Refining abstraction...
server: |  |  Trace length: 159
server: |  |  Checking trace...done, result: (ExprTraceStatus Infeasible)
server: |  |  Pruning from index 155...done
server: Refining abstraction done, result: (RefinerResult Spurious)
server: ! Precision DID change in this iteration
server: Iteration took 4s to run! 
server: ExplPreictor: Predicted 168.820s, Real 170.649s 
server:               Weight 1.0014166052670959 -> 1.0013917393967036 
server: Iteration 81
server: | Checking abstraction...
server: |  |  PrecisionSize: 182
server: |  |  Starting ARG: 308 nodes, 1 incomplete, 0 unsafe
server: |  |  (StopCriterion FirstCex)...
server: |  |  Building ARG...
server: |  |  Finished ARG: 321 nodes, 3 incomplete, 1 unsafe
server: | Checking abstraction done, result: (AbstractorResult Unsafe)
server: | Refining abstraction...
server: |  |  Trace length: 161
server: |  |  Checking trace...done, result: (ExprTraceStatus Infeasible)
server: |  |  Pruning from index 157...done
server: Refining abstraction done, result: (RefinerResult Spurious)
server: ! Precision DID change in this iteration
server: Iteration took 4s to run! 
server: ExplPreictor: Predicted 173.534s, Real 175.581s 
server:               Weight 1.0013917393967036 -> 1.0013717833804119 
server: Iteration 82
server: | Checking abstraction...
server: |  |  PrecisionSize: 184
server: |  |  Starting ARG: 312 nodes, 1 incomplete, 0 unsafe
server: |  |  (StopCriterion FirstCex)...
server: |  |  Building ARG...
server: |  |  Finished ARG: 325 nodes, 3 incomplete, 1 unsafe
server: | Checking abstraction done, result: (AbstractorResult Unsafe)
server: | Refining abstraction...
server: |  |  Trace length: 163
server: |  |  Checking trace...done, result: (ExprTraceStatus Infeasible)
server: |  |  Pruning from index 159...done
server: Refining abstraction done, result: (RefinerResult Spurious)
server: ! Precision DID change in this iteration
server: Iteration took 4s to run! 
server: ExplPreictor: Predicted 178.514s, Real 180.260s 
server:               Weight 1.0013717833804119 -> 1.0013449255646194 
server: Iteration 83
server: | Checking abstraction...
server: |  |  PrecisionSize: 186
server: |  |  Starting ARG: 316 nodes, 1 incomplete, 0 unsafe
server: |  |  (StopCriterion FirstCex)...
server: |  |  Building ARG...
server: |  |  Finished ARG: 329 nodes, 3 incomplete, 1 unsafe
server: | Checking abstraction done, result: (AbstractorResult Unsafe)
server: | Refining abstraction...
server: |  |  Trace length: 165
server: |  |  Checking trace...done, result: (ExprTraceStatus Infeasible)
server: |  |  Pruning from index 161...done
server: Refining abstraction done, result: (RefinerResult Spurious)
server: ! Precision DID change in this iteration
server: Iteration took 5s to run! 
server: ExplPreictor: Predicted 183.218s, Real 185.270s 
server:               Weight 1.0013449255646194 -> 1.0013248109467745 
server: Iteration 84
server: | Checking abstraction...
server: |  |  PrecisionSize: 188
server: |  |  Starting ARG: 320 nodes, 1 incomplete, 0 unsafe
server: |  |  (StopCriterion FirstCex)...
server: |  |  Building ARG...
server: |  |  Finished ARG: 333 nodes, 3 incomplete, 1 unsafe
server: | Checking abstraction done, result: (AbstractorResult Unsafe)
server: | Refining abstraction...
server: |  |  Trace length: 167
server: |  |  Checking trace...done, result: (ExprTraceStatus Infeasible)
server: |  |  Pruning from index 163...done
server: Refining abstraction done, result: (RefinerResult Spurious)
server: ! Precision DID change in this iteration
server: Iteration took 5s to run! 
server: ExplPreictor: Predicted 188.271s, Real 190.507s 
server:               Weight 1.0013248109467745 -> 1.001308195065301 
server: Iteration 85
server: | Checking abstraction...
server: |  |  PrecisionSize: 190
server: |  |  Starting ARG: 324 nodes, 1 incomplete, 0 unsafe
server: |  |  (StopCriterion FirstCex)...
server: |  |  Building ARG...
server: |  |  Finished ARG: 337 nodes, 3 incomplete, 1 unsafe
server: | Checking abstraction done, result: (AbstractorResult Unsafe)
server: | Refining abstraction...
server: |  |  Trace length: 169
server: |  |  Checking trace...done, result: (ExprTraceStatus Infeasible)
server: |  |  Pruning from index 165...done
server: Refining abstraction done, result: (RefinerResult Spurious)
server: ! Precision DID change in this iteration
server: Iteration took 5s to run! 
server: ExplPreictor: Predicted 193.561s, Real 195.888s 
server:               Weight 1.001308195065301 -> 1.001292858277128 
server: Iteration 86
server: | Checking abstraction...
server: |  |  PrecisionSize: 192
server: |  |  Starting ARG: 328 nodes, 1 incomplete, 0 unsafe
server: |  |  (StopCriterion FirstCex)...
server: |  |  Building ARG...
server: |  |  Finished ARG: 341 nodes, 3 incomplete, 1 unsafe
server: | Checking abstraction done, result: (AbstractorResult Unsafe)
server: | Refining abstraction...
server: |  |  Trace length: 171
server: |  |  Checking trace...done, result: (ExprTraceStatus Infeasible)
server: |  |  Pruning from index 167...done
server: Refining abstraction done, result: (RefinerResult Spurious)
server: ! Precision DID change in this iteration
server: Iteration took 5s to run! 
server: ExplPreictor: Predicted 198.998s, Real 201.349s 
server:               Weight 1.001292858277128 -> 1.0012773805933186 
server: Iteration 87
server: | Checking abstraction...
server: |  |  PrecisionSize: 194
server: |  |  Starting ARG: 332 nodes, 1 incomplete, 0 unsafe
server: |  |  (StopCriterion FirstCex)...
server: |  |  Building ARG...
server: |  |  Finished ARG: 345 nodes, 3 incomplete, 1 unsafe
server: | Checking abstraction done, result: (AbstractorResult Unsafe)
server: | Refining abstraction...
server: |  |  Trace length: 173
server: |  |  Checking trace...done, result: (ExprTraceStatus Infeasible)
server: |  |  Pruning from index 169...done
server: Refining abstraction done, result: (RefinerResult Spurious)
server: ! Precision DID change in this iteration
server: Iteration took 5s to run! 
server: ExplPreictor: Predicted 204.515s, Real 206.843s 
server:               Weight 1.0012773805933186 -> 1.001260949311452 
server: Iteration 88
server: | Checking abstraction...
server: |  |  PrecisionSize: 196
server: |  |  Starting ARG: 336 nodes, 1 incomplete, 0 unsafe
server: |  |  (StopCriterion FirstCex)...
server: |  |  Building ARG...
server: |  |  Finished ARG: 349 nodes, 3 incomplete, 1 unsafe
server: | Checking abstraction done, result: (AbstractorResult Unsafe)
server: | Refining abstraction...
server: |  |  Trace length: 175
server: |  |  Checking trace...done, result: (ExprTraceStatus Infeasible)
server: |  |  Pruning from index 171...done
server: Refining abstraction done, result: (RefinerResult Spurious)
server: ! Precision DID change in this iteration
server: Iteration took 5s to run! 
server: ExplPreictor: Predicted 210.060s, Real 212.559s 
server:               Weight 1.001260949311452 -> 1.001247155254567 
server: Iteration 89
server: | Checking abstraction...
server: |  |  PrecisionSize: 198
server: |  |  Starting ARG: 340 nodes, 1 incomplete, 0 unsafe
server: |  |  (StopCriterion FirstCex)...
server: |  |  Building ARG...
server: |  |  Finished ARG: 353 nodes, 3 incomplete, 1 unsafe
server: | Checking abstraction done, result: (AbstractorResult Unsafe)
server: | Refining abstraction...
server: |  |  Trace length: 177
server: |  |  Checking trace...done, result: (ExprTraceStatus Infeasible)
server: |  |  Pruning from index 173...done
server: Refining abstraction done, result: (RefinerResult Spurious)
server: ! Precision DID change in this iteration
server: Iteration took 5s to run! 
server: ExplPreictor: Predicted 215.836s, Real 218.427s 
server:               Weight 1.001247155254567 -> 1.001234343246409 
server: Iteration 90
server: | Checking abstraction...
server: |  |  PrecisionSize: 200
server: |  |  Starting ARG: 344 nodes, 1 incomplete, 0 unsafe
server: |  |  (StopCriterion FirstCex)...
server: |  |  Building ARG...
server: |  |  Finished ARG: 357 nodes, 3 incomplete, 1 unsafe
server: | Checking abstraction done, result: (AbstractorResult Unsafe)
server: | Refining abstraction...
server: |  |  Trace length: 179
server: |  |  Checking trace...done, result: (ExprTraceStatus Infeasible)
server: |  |  Pruning from index 175...done
server: Refining abstraction done, result: (RefinerResult Spurious)
server: ! Precision DID change in this iteration
server: Iteration took 5s to run! 
server: ExplPreictor: Predicted 221.767s, Real 224.168s 
server:               Weight 1.001234343246409 -> 1.0012176656125809 
server: Iteration 91
server: | Checking abstraction...
server: |  |  PrecisionSize: 202
server: |  |  Starting ARG: 348 nodes, 1 incomplete, 0 unsafe
server: |  |  (StopCriterion FirstCex)...
server: |  |  Building ARG...
server: |  |  Finished ARG: 361 nodes, 3 incomplete, 1 unsafe
server: | Checking abstraction done, result: (AbstractorResult Unsafe)
server: | Refining abstraction...
server: |  |  Trace length: 181
server: |  |  Checking trace...done, result: (ExprTraceStatus Infeasible)
server: |  |  Pruning from index 177...done
server: Refining abstraction done, result: (RefinerResult Spurious)
server: ! Precision DID change in this iteration
server: Iteration took 5s to run! 
server: ExplPreictor: Predicted 227.556s, Real 230.146s 
server:               Weight 1.0012176656125809 -> 1.0012037695907698 
server: Iteration 92
server: | Checking abstraction...
server: |  |  PrecisionSize: 204
server: |  |  Starting ARG: 352 nodes, 1 incomplete, 0 unsafe
server: |  |  (StopCriterion FirstCex)...
server: |  |  Building ARG...
server: |  |  Finished ARG: 365 nodes, 3 incomplete, 1 unsafe
server: | Checking abstraction done, result: (AbstractorResult Unsafe)
server: | Refining abstraction...
server: |  |  Trace length: 183
server: |  |  Checking trace...done, result: (ExprTraceStatus Infeasible)
server: |  |  Pruning from index 179...done
server: Refining abstraction done, result: (RefinerResult Spurious)
server: ! Precision DID change in this iteration
server: Iteration took 5s to run! 
server: ExplPreictor: Predicted 233.592s, Real 236.095s 
server:               Weight 1.0012037695907698 -> 1.0011879974184665 
server: Iteration 93
server: | Checking abstraction...
server: |  |  PrecisionSize: 206
server: |  |  Starting ARG: 356 nodes, 1 incomplete, 0 unsafe
server: |  |  (StopCriterion FirstCex)...
server: |  |  Building ARG...
server: |  |  Finished ARG: 369 nodes, 3 incomplete, 1 unsafe
server: | Checking abstraction done, result: (AbstractorResult Unsafe)
server: | Refining abstraction...
server: |  |  Trace length: 185
server: |  |  Checking trace...done, result: (ExprTraceStatus Infeasible)
server: |  |  Pruning from index 181...done
server: Refining abstraction done, result: (RefinerResult Spurious)
server: ! Precision DID change in this iteration
server: Iteration took 6s to run! 
server: ExplPreictor: Predicted 239.591s, Real 242.388s 
server:               Weight 1.0011879974184665 -> 1.0011764378348045 
server: Iteration 94
server: | Checking abstraction...
server: |  |  PrecisionSize: 208
server: |  |  Starting ARG: 360 nodes, 1 incomplete, 0 unsafe
server: |  |  (StopCriterion FirstCex)...
server: |  |  Building ARG...
server: |  |  Finished ARG: 373 nodes, 3 incomplete, 1 unsafe
server: | Checking abstraction done, result: (AbstractorResult Unsafe)
server: | Refining abstraction...
server: |  |  Trace length: 187
server: |  |  Checking trace...done, result: (ExprTraceStatus Infeasible)
server: |  |  Pruning from index 183...done
server: Refining abstraction done, result: (RefinerResult Spurious)
server: ! Precision DID change in this iteration
server: Iteration took 6s to run! 
server: ExplPreictor: Predicted 245.949s, Real 248.753s 
server:               Weight 1.0011764378348045 -> 1.0011643319755785 
server: Iteration 95
server: | Checking abstraction...
server: |  |  PrecisionSize: 210
server: |  |  Starting ARG: 364 nodes, 1 incomplete, 0 unsafe
server: |  |  (StopCriterion FirstCex)...
server: |  |  Building ARG...
server: |  |  Finished ARG: 377 nodes, 3 incomplete, 1 unsafe
server: | Checking abstraction done, result: (AbstractorResult Unsafe)
server: | Refining abstraction...
server: |  |  Trace length: 189
server: |  |  Checking trace...done, result: (ExprTraceStatus Infeasible)
server: |  |  Pruning from index 185...done
server: Refining abstraction done, result: (RefinerResult Spurious)
server: ! Precision DID change in this iteration
server: Iteration took 6s to run! 
server: ExplPreictor: Predicted 252.378s, Real 254.830s 
server:               Weight 1.0011643319755785 -> 1.0011465780831819 
server: Iteration 96
server: | Checking abstraction...
server: |  |  PrecisionSize: 212
server: |  |  Starting ARG: 368 nodes, 1 incomplete, 0 unsafe
server: |  |  (StopCriterion FirstCex)...
server: |  |  Building ARG...
server: |  |  Finished ARG: 381 nodes, 3 incomplete, 1 unsafe
server: | Checking abstraction done, result: (AbstractorResult Unsafe)
server: | Refining abstraction...
server: |  |  Trace length: 191
server: |  |  Checking trace...done, result: (ExprTraceStatus Infeasible)
server: |  |  Pruning from index 187...done
server: Refining abstraction done, result: (RefinerResult Spurious)
server: ! Precision DID change in this iteration
server: Iteration took 6s to run! 
server: ExplPreictor: Predicted 258.493s, Real 260.876s 
server:               Weight 1.0011465780831819 -> 1.0011277899478277 
server: Iteration 97
server: | Checking abstraction...
server: |  |  PrecisionSize: 214
server: |  |  Starting ARG: 372 nodes, 1 incomplete, 0 unsafe
server: |  |  (StopCriterion FirstCex)...
server: |  |  Building ARG...
server: |  |  Finished ARG: 385 nodes, 3 incomplete, 1 unsafe
server: | Checking abstraction done, result: (AbstractorResult Unsafe)
server: | Refining abstraction...
server: |  |  Trace length: 193
server: |  |  Checking trace...done, result: (ExprTraceStatus Infeasible)
server: |  |  Pruning from index 189...done
server: Refining abstraction done, result: (RefinerResult Spurious)
server: ! Precision DID change in this iteration
server: Iteration took 6s to run! 
server: ExplPreictor: Predicted 264.571s, Real 267.077s 
server:               Weight 1.0011277899478277 -> 1.0011107564430188 
server: Iteration 98
server: | Checking abstraction...
server: |  |  PrecisionSize: 216
server: |  |  Starting ARG: 376 nodes, 1 incomplete, 0 unsafe
server: |  |  (StopCriterion FirstCex)...
server: |  |  Building ARG...
server: |  |  Finished ARG: 389 nodes, 3 incomplete, 1 unsafe
server: | Checking abstraction done, result: (AbstractorResult Unsafe)
server: | Refining abstraction...
server: |  |  Trace length: 195
server: |  |  Checking trace...done, result: (ExprTraceStatus Infeasible)
server: |  |  Pruning from index 191...done
server: Refining abstraction done, result: (RefinerResult Spurious)
server: ! Precision DID change in this iteration
server: Iteration took 6s to run! 
server: ExplPreictor: Predicted 270.810s, Real 273.787s 
server:               Weight 1.0011107564430188 -> 1.0010999670652905 
server: Iteration 99
server: | Checking abstraction...
server: |  |  PrecisionSize: 218
server: |  |  Starting ARG: 380 nodes, 1 incomplete, 0 unsafe
server: |  |  (StopCriterion FirstCex)...
server: |  |  Building ARG...
server: |  |  Finished ARG: 393 nodes, 3 incomplete, 1 unsafe
server: | Checking abstraction done, result: (AbstractorResult Unsafe)
server: | Refining abstraction...
server: |  |  Trace length: 197
server: |  |  Checking trace...done, result: (ExprTraceStatus Infeasible)
server: |  |  Pruning from index 193...done
server: Refining abstraction done, result: (RefinerResult Spurious)
server: ! Precision DID change in this iteration
server: Iteration took 6s to run! 
server: ExplPreictor: Predicted 277.584s, Real 280.340s 
server:               Weight 1.0010999670652905 -> 1.0010857859058229 
server: Iteration 100
server: | Checking abstraction...
server: |  |  PrecisionSize: 220
server: |  |  Starting ARG: 384 nodes, 1 incomplete, 0 unsafe
server: |  |  (StopCriterion FirstCex)...
server: |  |  Building ARG...
server: |  |  Finished ARG: 397 nodes, 3 incomplete, 1 unsafe
server: | Checking abstraction done, result: (AbstractorResult Unsafe)
server: | Refining abstraction...
server: |  |  Trace length: 199
server: |  |  Checking trace...done, result: (ExprTraceStatus Infeasible)
server: |  |  Pruning from index 195...done
server: Refining abstraction done, result: (RefinerResult Spurious)
server: ! Precision DID change in this iteration
server: Iteration took 6s to run! 
server: ExplPreictor: Predicted 284.184s, Real 287.248s 
server:               Weight 1.0010857859058229 -> 1.0010752543475494 
server: Iteration 101
server: | Checking abstraction...
server: |  |  PrecisionSize: 222
server: |  |  Starting ARG: 388 nodes, 1 incomplete, 0 unsafe
server: |  |  (StopCriterion FirstCex)...
server: |  |  Building ARG...
server: |  |  Finished ARG: 401 nodes, 3 incomplete, 1 unsafe
server: | Checking abstraction done, result: (AbstractorResult Unsafe)
server: | Refining abstraction...
server: |  |  Trace length: 201
server: |  |  Checking trace...done, result: (ExprTraceStatus Infeasible)
server: |  |  Pruning from index 197...done
server: Refining abstraction done, result: (RefinerResult Spurious)
server: ! Precision DID change in this iteration
server: Iteration took 6s to run! 
server: ExplPreictor: Predicted 291.156s, Real 294.204s 
server:               Weight 1.0010752543475494 -> 1.0010640287604984 
server: Iteration 102
server: | Checking abstraction...
server: |  |  PrecisionSize: 224
server: |  |  Starting ARG: 392 nodes, 1 incomplete, 0 unsafe
server: |  |  (StopCriterion FirstCex)...
server: |  |  Building ARG...
server: |  |  Finished ARG: 405 nodes, 3 incomplete, 1 unsafe
server: | Checking abstraction done, result: (AbstractorResult Unsafe)
server: | Refining abstraction...
server: |  |  Trace length: 203
server: |  |  Checking trace...done, result: (ExprTraceStatus Infeasible)
server: |  |  Pruning from index 199...done
server: Refining abstraction done, result: (RefinerResult Spurious)
server: ! Precision DID change in this iteration
server: Iteration took 7s to run! 
server: ExplPreictor: Predicted 298.172s, Real 301.243s 
server:               Weight 1.0010640287604984 -> 1.0010526565832492 
server: Iteration 103
server: | Checking abstraction...
server: |  |  PrecisionSize: 226
server: |  |  Starting ARG: 396 nodes, 1 incomplete, 0 unsafe
server: |  |  (StopCriterion FirstCex)...
server: |  |  Building ARG...
server: |  |  Finished ARG: 409 nodes, 3 incomplete, 1 unsafe
server: | Checking abstraction done, result: (AbstractorResult Unsafe)
server: | Refining abstraction...
server: |  |  Trace length: 205
server: |  |  Checking trace...done, result: (ExprTraceStatus Infeasible)
server: |  |  Pruning from index 201...done
server: Refining abstraction done, result: (RefinerResult Spurious)
server: ! Precision DID change in this iteration
server: Iteration took 7s to run! 
server: ExplPreictor: Predicted 305.270s, Real 308.453s 
server:               Weight 1.0010526565832492 -> 1.0010422024201144 
server: Iteration 104
server: | Checking abstraction...
server: |  |  PrecisionSize: 228
server: |  |  Starting ARG: 400 nodes, 1 incomplete, 0 unsafe
server: |  |  (StopCriterion FirstCex)...
server: |  |  Building ARG...
server: |  |  Finished ARG: 413 nodes, 3 incomplete, 1 unsafe
server: | Checking abstraction done, result: (AbstractorResult Unsafe)
server: | Refining abstraction...
server: |  |  Trace length: 207
server: |  |  Checking trace...done, result: (ExprTraceStatus Infeasible)
server: |  |  Pruning from index 203...done
server: Refining abstraction done, result: (RefinerResult Spurious)
server: ! Precision DID change in this iteration
server: Iteration took 6s to run! 
server: ExplPreictor: Predicted 312.543s, Real 315.383s 
server:               Weight 1.0010422024201144 -> 1.0010274372040038 
server: Iteration 105
server: | Checking abstraction...
server: |  |  PrecisionSize: 230
server: |  |  Starting ARG: 404 nodes, 1 incomplete, 0 unsafe
server: |  |  (StopCriterion FirstCex)...
server: |  |  Building ARG...
server: |  |  Finished ARG: 417 nodes, 3 incomplete, 1 unsafe
server: | Checking abstraction done, result: (AbstractorResult Unsafe)
server: | Refining abstraction...
server: |  |  Trace length: 209
server: |  |  Checking trace...done, result: (ExprTraceStatus Infeasible)
server: |  |  Pruning from index 205...done
server: Refining abstraction done, result: (RefinerResult Spurious)
server: ! Precision DID change in this iteration
server: Iteration took 7s to run! 
server: ExplPreictor: Predicted 319.513s, Real 322.628s 
server:               Weight 1.0010274372040038 -> 1.0010156439816833 
server: Iteration 106
server: | Checking abstraction...
server: |  |  PrecisionSize: 232
server: |  |  Starting ARG: 408 nodes, 1 incomplete, 0 unsafe
server: |  |  (StopCriterion FirstCex)...
server: |  |  Building ARG...
server: |  |  Finished ARG: 421 nodes, 3 incomplete, 1 unsafe
server: | Checking abstraction done, result: (AbstractorResult Unsafe)
server: | Refining abstraction...
server: |  |  Trace length: 211
server: |  |  Checking trace...done, result: (ExprTraceStatus Infeasible)
server: |  |  Pruning from index 207...done
server: Refining abstraction done, result: (RefinerResult Spurious)
server: ! Precision DID change in this iteration
server: Iteration took 7s to run! 
server: ExplPreictor: Predicted 326.811s, Real 329.754s 
server:               Weight 1.0010156439816833 -> 1.001001722122792 
server: Iteration 107
server: | Checking abstraction...
server: |  |  PrecisionSize: 234
server: |  |  Starting ARG: 412 nodes, 1 incomplete, 0 unsafe
server: |  |  (StopCriterion FirstCex)...
server: |  |  Building ARG...
server: |  |  Finished ARG: 425 nodes, 3 incomplete, 1 unsafe
server: | Checking abstraction done, result: (AbstractorResult Unsafe)
server: | Refining abstraction...
server: |  |  Trace length: 213
server: |  |  Checking trace...done, result: (ExprTraceStatus Infeasible)
server: |  |  Pruning from index 209...done
server: Refining abstraction done, result: (RefinerResult Spurious)
server: ! Precision DID change in this iteration
server: Iteration took 7s to run! 
server: ExplPreictor: Predicted 333.978s, Real 336.874s 
server:               Weight 1.001001722122792 -> 1.000987229257816 
server: Iteration 108
server: | Checking abstraction...
server: |  |  PrecisionSize: 236
server: |  |  Starting ARG: 416 nodes, 1 incomplete, 0 unsafe
server: |  |  (StopCriterion FirstCex)...
server: |  |  Building ARG...
server: |  |  Finished ARG: 429 nodes, 3 incomplete, 1 unsafe
server: | Checking abstraction done, result: (AbstractorResult Unsafe)
server: | Refining abstraction...
server: |  |  Trace length: 215
server: |  |  Checking trace...done, result: (ExprTraceStatus Infeasible)
server: |  |  Pruning from index 211...done
server: Refining abstraction done, result: (RefinerResult Spurious)
server: ! Precision DID change in this iteration
server: Iteration took 7s to run! 
server: ExplPreictor: Predicted 341.134s, Real 344.765s 
server:               Weight 1.000987229257816 -> 1.000980236199738 
server: Iteration 109
server: | Checking abstraction...
server: |  |  PrecisionSize: 238
server: |  |  Starting ARG: 420 nodes, 1 incomplete, 0 unsafe
server: |  |  (StopCriterion FirstCex)...
server: |  |  Building ARG...
server: |  |  Finished ARG: 433 nodes, 3 incomplete, 1 unsafe
server: | Checking abstraction done, result: (AbstractorResult Unsafe)
server: | Refining abstraction...
server: |  |  Trace length: 217
server: |  |  Checking trace...done, result: (ExprTraceStatus Infeasible)
server: |  |  Pruning from index 213...done
server: Refining abstraction done, result: (RefinerResult Spurious)
server: ! Precision DID change in this iteration
server: Iteration took 8s to run! 
server: ExplPreictor: Predicted 349.101s, Real 352.838s 
server:               Weight 1.000980236199738 -> 1.0009737024224559 
server: Iteration 110
server: | Checking abstraction...
server: |  |  PrecisionSize: 240
server: |  |  Starting ARG: 424 nodes, 1 incomplete, 0 unsafe
server: |  |  (StopCriterion FirstCex)...
server: |  |  Building ARG...
server: |  |  Finished ARG: 437 nodes, 3 incomplete, 1 unsafe
server: | Checking abstraction done, result: (AbstractorResult Unsafe)
server: | Refining abstraction...
server: |  |  Trace length: 219
server: |  |  Checking trace...done, result: (ExprTraceStatus Infeasible)
server: |  |  Pruning from index 215...done
server: Refining abstraction done, result: (RefinerResult Spurious)
server: ! Precision DID change in this iteration
server: Iteration took 8s to run! 
server: ExplPreictor: Predicted 357.254s, Real 361.105s 
server:               Weight 1.0009737024224559 -> 1.000967662203039 
server: Iteration 111
server: | Checking abstraction...
server: |  |  PrecisionSize: 242
server: |  |  Starting ARG: 428 nodes, 1 incomplete, 0 unsafe
server: |  |  (StopCriterion FirstCex)...
server: |  |  Building ARG...
server: |  |  Finished ARG: 441 nodes, 3 incomplete, 1 unsafe
server: | Checking abstraction done, result: (AbstractorResult Unsafe)
server: | Refining abstraction...
server: |  |  Trace length: 221
server: |  |  Checking trace...done, result: (ExprTraceStatus Infeasible)
server: |  |  Pruning from index 217...done
server: Refining abstraction done, result: (RefinerResult Spurious)
server: ! Precision DID change in this iteration
server: Iteration took 7s to run! 
server: ExplPreictor: Predicted 365.604s, Real 369.104s 
server:               Weight 1.000967662203039 -> 1.0009576660585489 
server: Iteration 112
server: | Checking abstraction...
server: |  |  PrecisionSize: 244
server: |  |  Starting ARG: 432 nodes, 1 incomplete, 0 unsafe
server: |  |  (StopCriterion FirstCex)...
server: |  |  Building ARG...
server: |  |  Finished ARG: 445 nodes, 3 incomplete, 1 unsafe
server: | Checking abstraction done, result: (AbstractorResult Unsafe)
server: | Refining abstraction...
server: |  |  Trace length: 223
server: |  |  Checking trace...done, result: (ExprTraceStatus Infeasible)
server: |  |  Pruning from index 219...done
server: Refining abstraction done, result: (RefinerResult Spurious)
server: ! Precision DID change in this iteration
server: Iteration took 7s to run! 
server: ExplPreictor: Predicted 373.663s, Real 377.100s 
server:               Weight 1.0009576660585489 -> 1.000946784817786 
server: Iteration 113
server: | Checking abstraction...
server: |  |  PrecisionSize: 246
server: |  |  Starting ARG: 436 nodes, 1 incomplete, 0 unsafe
server: |  |  (StopCriterion FirstCex)...
server: |  |  Building ARG...
server: |  |  Finished ARG: 449 nodes, 3 incomplete, 1 unsafe
server: | Checking abstraction done, result: (AbstractorResult Unsafe)
server: | Refining abstraction...
server: |  |  Trace length: 225
server: |  |  Checking trace...done, result: (ExprTraceStatus Infeasible)
server: |  |  Pruning from index 221...done
server: Refining abstraction done, result: (RefinerResult Spurious)
server: ! Precision DID change in this iteration
server: Iteration took 8s to run! 
server: ExplPreictor: Predicted 381.712s, Real 385.230s 
server:               Weight 1.000946784817786 -> 1.0009364106642564 
server: Iteration 114
server: | Checking abstraction...
server: |  |  PrecisionSize: 248
server: |  |  Starting ARG: 440 nodes, 1 incomplete, 0 unsafe
server: |  |  (StopCriterion FirstCex)...
server: |  |  Building ARG...
server: |  |  Finished ARG: 453 nodes, 3 incomplete, 1 unsafe
server: | Checking abstraction done, result: (AbstractorResult Unsafe)
server: | Refining abstraction...
server: |  |  Trace length: 227
server: |  |  Checking trace...done, result: (ExprTraceStatus Infeasible)
server: |  |  Pruning from index 223...done
server: Refining abstraction done, result: (RefinerResult Spurious)
server: ! Precision DID change in this iteration
server: Iteration took 7s to run! 
server: ExplPreictor: Predicted 389.898s, Real 393.211s 
server:               Weight 1.0009364106642564 -> 1.0009240038440976 
server: Iteration 115
server: | Checking abstraction...
server: |  |  PrecisionSize: 250
server: |  |  Starting ARG: 444 nodes, 1 incomplete, 0 unsafe
server: |  |  (StopCriterion FirstCex)...
server: |  |  Building ARG...
server: |  |  Finished ARG: 457 nodes, 3 incomplete, 1 unsafe
server: | Checking abstraction done, result: (AbstractorResult Unsafe)
server: | Refining abstraction...
server: |  |  Trace length: 229
server: |  |  Checking trace...done, result: (ExprTraceStatus Infeasible)
server: |  |  Pruning from index 225...done
server: Refining abstraction done, result: (RefinerResult Spurious)
server: ! Precision DID change in this iteration
server: Iteration took 8s to run! 
server: ExplPreictor: Predicted 397.919s, Real 401.464s 
server:               Weight 1.0009240038440976 -> 1.0009135181915045 
server: Iteration 116
server: | Checking abstraction...
server: |  |  PrecisionSize: 252
server: |  |  Starting ARG: 448 nodes, 1 incomplete, 0 unsafe
server: |  |  (StopCriterion FirstCex)...
server: |  |  Building ARG...
server: |  |  Finished ARG: 461 nodes, 3 incomplete, 1 unsafe
server: | Checking abstraction done, result: (AbstractorResult Unsafe)
server: | Refining abstraction...
server: |  |  Trace length: 231
server: |  |  Checking trace...done, result: (ExprTraceStatus Infeasible)
server: |  |  Pruning from index 227...done
server: Refining abstraction done, result: (RefinerResult Spurious)
server: ! Precision DID change in this iteration
server: Iteration took 8s to run! 
server: ExplPreictor: Predicted 406.224s, Real 409.970s 
server:               Weight 1.0009135181915045 -> 1.0009045290852283 
server: Iteration 117
server: | Checking abstraction...
server: |  |  PrecisionSize: 254
server: |  |  Starting ARG: 452 nodes, 1 incomplete, 0 unsafe
server: |  |  (StopCriterion FirstCex)...
server: |  |  Building ARG...
server: |  |  Finished ARG: 465 nodes, 3 incomplete, 1 unsafe
server: | Checking abstraction done, result: (AbstractorResult Unsafe)
server: | Refining abstraction...
server: |  |  Trace length: 233
server: |  |  Checking trace...done, result: (ExprTraceStatus Infeasible)
server: |  |  Pruning from index 229...done
server: Refining abstraction done, result: (RefinerResult Spurious)
server: ! Precision DID change in this iteration
server: Iteration took 8s to run! 
server: ExplPreictor: Predicted 414.791s, Real 418.821s 
server:               Weight 1.0009045290852283 -> 1.000897577396765 
server: Iteration 118
server: | Checking abstraction...
server: |  |  PrecisionSize: 256
server: |  |  Starting ARG: 456 nodes, 1 incomplete, 0 unsafe
server: |  |  (StopCriterion FirstCex)...
server: |  |  Building ARG...
server: |  |  Finished ARG: 469 nodes, 3 incomplete, 1 unsafe
server: | Checking abstraction done, result: (AbstractorResult Unsafe)
server: | Refining abstraction...
server: |  |  Trace length: 235
server: |  |  Checking trace...done, result: (ExprTraceStatus Infeasible)
server: |  |  Pruning from index 231...done
server: Refining abstraction done, result: (RefinerResult Spurious)
server: ! Precision DID change in this iteration
server: Iteration took 9s to run! 
server: ExplPreictor: Predicted 423.716s, Real 427.833s 
server:               Weight 1.000897577396765 -> 1.0008908878431249 
server: Iteration 119
server: | Checking abstraction...
server: |  |  PrecisionSize: 258
server: |  |  Starting ARG: 460 nodes, 1 incomplete, 0 unsafe
server: |  |  (StopCriterion FirstCex)...
server: |  |  Building ARG...
server: |  |  Finished ARG: 473 nodes, 3 incomplete, 1 unsafe
server: | Checking abstraction done, result: (AbstractorResult Unsafe)
server: | Refining abstraction...
server: |  |  Trace length: 237
server: |  |  Checking trace...done, result: (ExprTraceStatus Infeasible)
server: |  |  Pruning from index 233...done
server: Refining abstraction done, result: (RefinerResult Spurious)
server: ! Precision DID change in this iteration
server: Iteration took 8s to run! 
server: ExplPreictor: Predicted 432.804s, Real 436.746s 
server:               Weight 1.0008908878431249 -> 1.0008823950910215 
server: Iteration 120
server: | Checking abstraction...
server: |  |  PrecisionSize: 260
server: |  |  Starting ARG: 464 nodes, 1 incomplete, 0 unsafe
server: |  |  (StopCriterion FirstCex)...
server: |  |  Building ARG...
server: |  |  Finished ARG: 477 nodes, 3 incomplete, 1 unsafe
server: | Checking abstraction done, result: (AbstractorResult Unsafe)
server: | Refining abstraction...
server: |  |  Trace length: 239
server: |  |  Checking trace...done, result: (ExprTraceStatus Infeasible)
server: |  |  Pruning from index 235...done
server: Refining abstraction done, result: (RefinerResult Spurious)
server: ! Precision DID change in this iteration
server: Iteration took 9s to run! 
server: ExplPreictor: Predicted 441.780s, Real 446.284s 
server:               Weight 1.0008823950910215 -> 1.0008778937998282 
server: Iteration 121
server: | Checking abstraction...
server: |  |  PrecisionSize: 262
server: |  |  Starting ARG: 468 nodes, 1 incomplete, 0 unsafe
server: |  |  (StopCriterion FirstCex)...
server: |  |  Building ARG...
server: |  |  Finished ARG: 481 nodes, 3 incomplete, 1 unsafe
server: | Checking abstraction done, result: (AbstractorResult Unsafe)
server: | Refining abstraction...
server: |  |  Trace length: 241
server: |  |  Checking trace...done, result: (ExprTraceStatus Infeasible)
server: |  |  Pruning from index 237...done
server: Refining abstraction done, result: (RefinerResult Spurious)
server: ! Precision DID change in this iteration
server: Iteration took 9s to run! 
server: ExplPreictor: Predicted 451.410s, Real 455.697s 
server:               Weight 1.0008778937998282 -> 1.000871196315742 
server: Iteration 122
server: | Checking abstraction...
server: |  |  PrecisionSize: 264
server: |  |  Starting ARG: 472 nodes, 1 incomplete, 0 unsafe
server: |  |  (StopCriterion FirstCex)...
server: |  |  Building ARG...
server: |  |  Finished ARG: 485 nodes, 3 incomplete, 1 unsafe
server: | Checking abstraction done, result: (AbstractorResult Unsafe)
server: | Refining abstraction...
server: |  |  Trace length: 243
server: |  |  Checking trace...done, result: (ExprTraceStatus Infeasible)
server: |  |  Pruning from index 239...done
server: Refining abstraction done, result: (RefinerResult Spurious)
server: ! Precision DID change in this iteration
server: Iteration took 9s to run! 
server: ExplPreictor: Predicted 460.899s, Real 465.353s 
server:               Weight 1.000871196315742 -> 1.0008653051719991 
server: Iteration 123
server: | Checking abstraction...
server: |  |  PrecisionSize: 266
server: |  |  Starting ARG: 476 nodes, 1 incomplete, 0 unsafe
server: |  |  (StopCriterion FirstCex)...
server: |  |  Building ARG...
server: |  |  Finished ARG: 489 nodes, 3 incomplete, 1 unsafe
server: | Checking abstraction done, result: (AbstractorResult Unsafe)
server: | Refining abstraction...
server: |  |  Trace length: 245
server: |  |  Checking trace...done, result: (ExprTraceStatus Infeasible)
server: |  |  Pruning from index 241...done
server: Refining abstraction done, result: (RefinerResult Spurious)
server: ! Precision DID change in this iteration
server: Iteration took 9s to run! 
server: ExplPreictor: Predicted 470.638s, Real 475.027s 
server:               Weight 1.0008653051719991 -> 1.000858501451407 
server: Iteration 124
server: | Checking abstraction...
server: |  |  PrecisionSize: 268
server: |  |  Starting ARG: 480 nodes, 1 incomplete, 0 unsafe
server: |  |  (StopCriterion FirstCex)...
server: |  |  Building ARG...
server: |  |  Finished ARG: 493 nodes, 3 incomplete, 1 unsafe
server: | Checking abstraction done, result: (AbstractorResult Unsafe)
server: | Refining abstraction...
server: |  |  Trace length: 247
server: |  |  Checking trace...done, result: (ExprTraceStatus Infeasible)
server: |  |  Pruning from index 243...done
server: Refining abstraction done, result: (RefinerResult Spurious)
server: ! Precision DID change in this iteration
server: Iteration took 9s to run! 
server: ExplPreictor: Predicted 480.388s, Real 484.632s 
server:               Weight 1.000858501451407 -> 1.0008503214525157 
server: Iteration 125
server: | Checking abstraction...
server: |  |  PrecisionSize: 270
server: |  |  Starting ARG: 484 nodes, 1 incomplete, 0 unsafe
server: |  |  (StopCriterion FirstCex)...
server: |  |  Building ARG...
server: |  |  Finished ARG: 497 nodes, 3 incomplete, 1 unsafe
server: | Checking abstraction done, result: (AbstractorResult Unsafe)
server: | Refining abstraction...
server: |  |  Trace length: 249
server: |  |  Checking trace...done, result: (ExprTraceStatus Infeasible)
server: |  |  Pruning from index 245...done
server: Refining abstraction done, result: (RefinerResult Spurious)
server: ! Precision DID change in this iteration
server: Iteration took 10s to run! 
server: ExplPreictor: Predicted 490.057s, Real 494.777s 
server:               Weight 1.0008503214525157 -> 1.0008451084530343 
server: Iteration 126
server: | Checking abstraction...
server: |  |  PrecisionSize: 272
server: |  |  Starting ARG: 488 nodes, 1 incomplete, 0 unsafe
server: |  |  (StopCriterion FirstCex)...
server: |  |  Building ARG...
server: |  |  Finished ARG: 501 nodes, 3 incomplete, 1 unsafe
server: | Checking abstraction done, result: (AbstractorResult Unsafe)
server: | Refining abstraction...
server: |  |  Trace length: 251
server: |  |  Checking trace...done, result: (ExprTraceStatus Infeasible)
server: |  |  Pruning from index 247...done
server: Refining abstraction done, result: (RefinerResult Spurious)
server: ! Precision DID change in this iteration
server: Iteration took 9s to run! 
server: ExplPreictor: Predicted 500.290s, Real 504.585s 
server:               Weight 1.0008451084530343 -> 1.0008366100539179 
server: Iteration 127
server: | Checking abstraction...
server: |  |  PrecisionSize: 274
server: |  |  Starting ARG: 492 nodes, 1 incomplete, 0 unsafe
server: |  |  (StopCriterion FirstCex)...
server: |  |  Building ARG...
server: |  |  Finished ARG: 505 nodes, 3 incomplete, 1 unsafe
server: | Checking abstraction done, result: (AbstractorResult Unsafe)
server: | Refining abstraction...
server: |  |  Trace length: 253
server: |  |  Checking trace...done, result: (ExprTraceStatus Infeasible)
server: |  |  Pruning from index 249...done
server: Refining abstraction done, result: (RefinerResult Spurious)
server: ! Precision DID change in this iteration
server: Iteration took 9s to run! 
server: ExplPreictor: Predicted 510.159s, Real 514.410s 
server:               Weight 1.0008366100539179 -> 1.0008276171815493 
server: Iteration 128
server: | Checking abstraction...
server: |  |  PrecisionSize: 276
server: |  |  Starting ARG: 496 nodes, 1 incomplete, 0 unsafe
server: |  |  (StopCriterion FirstCex)...
server: |  |  Building ARG...
server: |  |  Finished ARG: 509 nodes, 3 incomplete, 1 unsafe
server: | Checking abstraction done, result: (AbstractorResult Unsafe)
server: | Refining abstraction...
server: |  |  Trace length: 255
server: |  |  Checking trace...done, result: (ExprTraceStatus Infeasible)
server: |  |  Pruning from index 251...done
server: Refining abstraction done, result: (RefinerResult Spurious)
server: ! Precision DID change in this iteration
server: Iteration took 9s to run! 
server: ExplPreictor: Predicted 520.039s, Real 523.790s 
server:               Weight 1.0008276171815493 -> 1.0008152882059163 
server: Iteration 129
server: | Checking abstraction...
server: |  |  PrecisionSize: 278
server: |  |  Starting ARG: 500 nodes, 1 incomplete, 0 unsafe
server: |  |  (StopCriterion FirstCex)...
server: |  |  Building ARG...
server: |  |  Finished ARG: 513 nodes, 3 incomplete, 1 unsafe
server: | Checking abstraction done, result: (AbstractorResult Unsafe)
server: | Refining abstraction...
server: |  |  Trace length: 257
server: |  |  Checking trace...done, result: (ExprTraceStatus Infeasible)
server: |  |  Pruning from index 253...done
server: Refining abstraction done, result: (RefinerResult Spurious)
server: ! Precision DID change in this iteration
server: Iteration took 9s to run! 
server: ExplPreictor: Predicted 529.444s, Real 533.508s 
server:               Weight 1.0008152882059163 -> 1.0008050079402262 
server: Iteration 130
server: | Checking abstraction...
server: |  |  PrecisionSize: 280
server: |  |  Starting ARG: 504 nodes, 1 incomplete, 0 unsafe
server: |  |  (StopCriterion FirstCex)...
server: |  |  Building ARG...
server: |  |  Finished ARG: 517 nodes, 3 incomplete, 1 unsafe
server: | Checking abstraction done, result: (AbstractorResult Unsafe)
server: | Refining abstraction...
server: |  |  Trace length: 259
server: |  |  Checking trace...done, result: (ExprTraceStatus Infeasible)
server: |  |  Pruning from index 255...done
server: Refining abstraction done, result: (RefinerResult Spurious)
server: ! Precision DID change in this iteration
server: Iteration took 10s to run! 
server: ExplPreictor: Predicted 539.202s, Real 543.571s 
server:               Weight 1.0008050079402262 -> 1.0007965548353575 
server: Iteration 131
server: | Checking abstraction...
server: |  |  PrecisionSize: 282
server: |  |  Starting ARG: 508 nodes, 1 incomplete, 0 unsafe
server: |  |  (StopCriterion FirstCex)...
server: |  |  Building ARG...
server: |  |  Finished ARG: 521 nodes, 3 incomplete, 1 unsafe
server: | Checking abstraction done, result: (AbstractorResult Unsafe)
server: | Refining abstraction...
server: |  |  Trace length: 261
server: |  |  Checking trace...done, result: (ExprTraceStatus Infeasible)
server: |  |  Pruning from index 257...done
server: Refining abstraction done, result: (RefinerResult Spurious)
server: ! Precision DID change in this iteration
server: Iteration took 10s to run! 
server: ExplPreictor: Predicted 549.319s, Real 553.600s 
server:               Weight 1.0007965548353575 -> 1.0007874256990508 
server: Iteration 132
server: | Checking abstraction...
server: |  |  PrecisionSize: 284
server: |  |  Starting ARG: 512 nodes, 1 incomplete, 0 unsafe
server: |  |  (StopCriterion FirstCex)...
server: |  |  Building ARG...
server: |  |  Finished ARG: 525 nodes, 3 incomplete, 1 unsafe
server: | Checking abstraction done, result: (AbstractorResult Unsafe)
server: | Refining abstraction...
server: |  |  Trace length: 263
server: |  |  Checking trace...done, result: (ExprTraceStatus Infeasible)
server: |  |  Pruning from index 259...done
server: Refining abstraction done, result: (RefinerResult Spurious)
server: ! Precision DID change in this iteration
server: Iteration took 11s to run! 
server: ExplPreictor: Predicted 559.395s, Real 564.817s 
server:               Weight 1.0007874256990508 -> 1.000784872889957 
server: Iteration 133
server: | Checking abstraction...
server: |  |  PrecisionSize: 286
server: |  |  Starting ARG: 516 nodes, 1 incomplete, 0 unsafe
server: |  |  (StopCriterion FirstCex)...
server: |  |  Building ARG...
server: |  |  Finished ARG: 529 nodes, 3 incomplete, 1 unsafe
server: | Checking abstraction done, result: (AbstractorResult Unsafe)
server: | Refining abstraction...
server: |  |  Trace length: 265
server: |  |  Checking trace...done, result: (ExprTraceStatus Infeasible)
server: |  |  Pruning from index 261...done
server: Refining abstraction done, result: (RefinerResult Spurious)
server: ! Precision DID change in this iteration
server: Iteration took 12s to run! 
server: ExplPreictor: Predicted 570.719s, Real 577.191s 
server:               Weight 1.000784872889957 -> 1.000787742863976 
server: Iteration 134
server: | Checking abstraction...
server: |  |  PrecisionSize: 288
server: |  |  Starting ARG: 520 nodes, 1 incomplete, 0 unsafe
server: |  |  (StopCriterion FirstCex)...
server: |  |  Building ARG...
server: |  |  Finished ARG: 533 nodes, 3 incomplete, 1 unsafe
server: | Checking abstraction done, result: (AbstractorResult Unsafe)
server: | Refining abstraction...
server: |  |  Trace length: 267
server: |  |  Checking trace...done, result: (ExprTraceStatus Infeasible)
server: |  |  Pruning from index 263...done
server: Refining abstraction done, result: (RefinerResult Spurious)
server: ! Precision DID change in this iteration
server: Iteration took 12s to run! 
server: ExplPreictor: Predicted 583.254s, Real 589.669s 
server:               Weight 1.000787742863976 -> 1.000789316026981 
server: Iteration 135
server: | Checking abstraction...
server: |  |  PrecisionSize: 290
server: |  |  Starting ARG: 524 nodes, 1 incomplete, 0 unsafe
server: |  |  (StopCriterion FirstCex)...
server: |  |  Building ARG...
server: |  |  Finished ARG: 537 nodes, 3 incomplete, 1 unsafe
server: | Checking abstraction done, result: (AbstractorResult Unsafe)
server: | Refining abstraction...
server: |  |  Trace length: 269
server: |  |  Checking trace...done, result: (ExprTraceStatus Infeasible)
server: |  |  Pruning from index 265...done
server: Refining abstraction done, result: (RefinerResult Spurious)
server: ! Precision DID change in this iteration
server: Iteration took 11s to run! 
server: ExplPreictor: Predicted 595.886s, Real 601.521s 
server:               Weight 1.000789316026981 -> 1.0007857678720253 
server: Iteration 136
server: | Checking abstraction...
server: |  |  PrecisionSize: 292
server: |  |  Starting ARG: 528 nodes, 1 incomplete, 0 unsafe
server: |  |  (StopCriterion FirstCex)...
server: |  |  Building ARG...
server: |  |  Finished ARG: 541 nodes, 3 incomplete, 1 unsafe
server: | Checking abstraction done, result: (AbstractorResult Unsafe)
server: | Refining abstraction...
server: |  |  Trace length: 271
server: |  |  Checking trace...done, result: (ExprTraceStatus Infeasible)
server: |  |  Pruning from index 267...done
server: Refining abstraction done, result: (RefinerResult Spurious)
server: ! Precision DID change in this iteration
server: Iteration took 11s to run! 
server: ExplPreictor: Predicted 607.844s, Real 612.955s 
server:               Weight 1.0007857678720253 -> 1.0007789385129224 
server: Iteration 137
server: | Checking abstraction...
server: |  |  PrecisionSize: 294
server: |  |  Starting ARG: 532 nodes, 1 incomplete, 0 unsafe
server: |  |  (StopCriterion FirstCex)...
server: |  |  Building ARG...
server: |  |  Finished ARG: 545 nodes, 3 incomplete, 1 unsafe
server: | Checking abstraction done, result: (AbstractorResult Unsafe)
server: | Refining abstraction...
server: |  |  Trace length: 273
server: |  |  Checking trace...done, result: (ExprTraceStatus Infeasible)
server: |  |  Pruning from index 269...done
server: Refining abstraction done, result: (RefinerResult Spurious)
server: ! Precision DID change in this iteration
server: Iteration took 11s to run! 
server: ExplPreictor: Predicted 619.351s, Real 624.746s 
server:               Weight 1.0007789385129224 -> 1.0007733500011304 
server: Iteration 138
server: | Checking abstraction...
server: |  |  PrecisionSize: 296
server: |  |  Starting ARG: 536 nodes, 1 incomplete, 0 unsafe
server: |  |  (StopCriterion FirstCex)...
server: |  |  Building ARG...
server: |  |  Finished ARG: 549 nodes, 3 incomplete, 1 unsafe
server: | Checking abstraction done, result: (AbstractorResult Unsafe)
server: | Refining abstraction...
server: |  |  Trace length: 275
server: |  |  Checking trace...done, result: (ExprTraceStatus Infeasible)
server: |  |  Pruning from index 271...done
server: Refining abstraction done, result: (RefinerResult Spurious)
server: ! Precision DID change in this iteration
server: Iteration took 10s to run! 
server: ExplPreictor: Predicted 631.227s, Real 634.809s 
server:               Weight 1.0007733500011304 -> 1.000758163688313 
server: Iteration 139
server: | Checking abstraction...
server: |  |  PrecisionSize: 298
server: |  |  Starting ARG: 540 nodes, 1 incomplete, 0 unsafe
server: |  |  (StopCriterion FirstCex)...
server: |  |  Building ARG...
server: |  |  Finished ARG: 553 nodes, 3 incomplete, 1 unsafe
server: | Checking abstraction done, result: (AbstractorResult Unsafe)
server: | Refining abstraction...
server: |  |  Trace length: 277
server: |  |  Checking trace...done, result: (ExprTraceStatus Infeasible)
server: |  |  Pruning from index 273...done
server: Refining abstraction done, result: (RefinerResult Spurious)
server: ! Precision DID change in this iteration
server: Iteration took 10s to run! 
server: ExplPreictor: Predicted 641.272s, Real 644.954s 
server:               Weight 1.000758163688313 -> 1.0007438475170543 
server: Iteration 140
server: | Checking abstraction...
server: |  |  PrecisionSize: 300
server: |  |  Starting ARG: 544 nodes, 1 incomplete, 0 unsafe
server: |  |  (StopCriterion FirstCex)...
server: |  |  Building ARG...
server: |  |  Finished ARG: 557 nodes, 3 incomplete, 1 unsafe
server: | Checking abstraction done, result: (AbstractorResult Unsafe)
server: | Refining abstraction...
server: |  |  Trace length: 279
server: |  |  Checking trace...done, result: (ExprTraceStatus Infeasible)
server: |  |  Pruning from index 275...done
server: Refining abstraction done, result: (RefinerResult Spurious)
server: ! Precision DID change in this iteration
server: Iteration took 10s to run! 
server: ExplPreictor: Predicted 651.404s, Real 655.157s 
server:               Weight 1.0007438475170543 -> 1.0007302127428164 
server: Iteration 141
server: | Checking abstraction...
server: |  |  PrecisionSize: 302
server: |  |  Starting ARG: 548 nodes, 1 incomplete, 0 unsafe
server: |  |  (StopCriterion FirstCex)...
server: |  |  Building ARG...
server: |  |  Finished ARG: 561 nodes, 3 incomplete, 1 unsafe
server: | Checking abstraction done, result: (AbstractorResult Unsafe)
server: | Refining abstraction...
server: |  |  Trace length: 281
server: |  |  Checking trace...done, result: (ExprTraceStatus Infeasible)
server: |  |  Pruning from index 277...done
server: Refining abstraction done, result: (RefinerResult Spurious)
server: ! Precision DID change in this iteration
server: Iteration took 10s to run! 
server: ExplPreictor: Predicted 661.596s, Real 666.026s 
server:               Weight 1.0007302127428164 -> 1.0007201614500716 
server: Iteration 142
server: | Checking abstraction...
server: |  |  PrecisionSize: 304
server: |  |  Starting ARG: 552 nodes, 1 incomplete, 0 unsafe
server: |  |  (StopCriterion FirstCex)...
server: |  |  Building ARG...
server: |  |  Finished ARG: 565 nodes, 3 incomplete, 1 unsafe
server: | Checking abstraction done, result: (AbstractorResult Unsafe)
server: | Refining abstraction...
server: |  |  Trace length: 283
server: |  |  Checking trace...done, result: (ExprTraceStatus Infeasible)
server: |  |  Pruning from index 279...done
server: Refining abstraction done, result: (RefinerResult Spurious)
server: ! Precision DID change in this iteration
server: Iteration took 11s to run! 
server: ExplPreictor: Predicted 672.489s, Real 678.010s 
server:               Weight 1.0007201614500716 -> 1.0007153693555706 
server: Iteration 143
server: | Checking abstraction...
server: |  |  PrecisionSize: 306
server: |  |  Starting ARG: 556 nodes, 1 incomplete, 0 unsafe
server: |  |  (StopCriterion FirstCex)...
server: |  |  Building ARG...
server: |  |  Finished ARG: 569 nodes, 3 incomplete, 1 unsafe
server: | Checking abstraction done, result: (AbstractorResult Unsafe)
server: | Refining abstraction...
server: |  |  Trace length: 285
server: |  |  Checking trace...done, result: (ExprTraceStatus Infeasible)
server: |  |  Pruning from index 281...done
server: Refining abstraction done, result: (RefinerResult Spurious)
server: ! Precision DID change in this iteration
server: Iteration took 12s to run! 
server: ExplPreictor: Predicted 684.554s, Real 690.119s 
server:               Weight 1.0007153693555706 -> 1.000710496161865 
server: Iteration 144
server: | Checking abstraction...
server: |  |  PrecisionSize: 308
server: |  |  Starting ARG: 560 nodes, 1 incomplete, 0 unsafe
server: |  |  (StopCriterion FirstCex)...
server: |  |  Building ARG...
server: |  |  Finished ARG: 573 nodes, 3 incomplete, 1 unsafe
server: | Checking abstraction done, result: (AbstractorResult Unsafe)
server: | Refining abstraction...
server: |  |  Trace length: 287
server: |  |  Checking trace...done, result: (ExprTraceStatus Infeasible)
server: |  |  Pruning from index 283...done
server: Refining abstraction done, result: (RefinerResult Spurious)
server: ! Precision DID change in this iteration
server: Iteration took 12s to run! 
server: ExplPreictor: Predicted 696.743s, Real 702.243s 
server:               Weight 1.000710496161865 -> 1.000705052563261 
server: Iteration 145
server: | Checking abstraction...
server: |  |  PrecisionSize: 310
server: |  |  Starting ARG: 564 nodes, 1 incomplete, 0 unsafe
server: |  |  (StopCriterion FirstCex)...
server: |  |  Building ARG...
server: |  |  Finished ARG: 577 nodes, 3 incomplete, 1 unsafe
server: | Checking abstraction done, result: (AbstractorResult Unsafe)
server: | Refining abstraction...
server: |  |  Trace length: 289
server: |  |  Checking trace...done, result: (ExprTraceStatus Infeasible)
server: |  |  Pruning from index 285...done
server: Refining abstraction done, result: (RefinerResult Spurious)
server: ! Precision DID change in this iteration
server: Iteration took 12s to run! 
server: ExplPreictor: Predicted 708.940s, Real 714.524s 
server:               Weight 1.000705052563261 -> 1.0006997593333822 
server: Iteration 146
server: | Checking abstraction...
server: |  |  PrecisionSize: 312
server: |  |  Starting ARG: 568 nodes, 1 incomplete, 0 unsafe
server: |  |  (StopCriterion FirstCex)...
server: |  |  Building ARG...
server: |  |  Finished ARG: 581 nodes, 3 incomplete, 1 unsafe
server: | Checking abstraction done, result: (AbstractorResult Unsafe)
server: | Refining abstraction...
server: |  |  Trace length: 291
server: |  |  Checking trace...done, result: (ExprTraceStatus Infeasible)
server: |  |  Pruning from index 287...done
server: Refining abstraction done, result: (RefinerResult Spurious)
server: ! Precision DID change in this iteration
server: Iteration took 13s to run! 
server: ExplPreictor: Predicted 721.296s, Real 727.833s 
server:               Weight 1.0006997593333822 -> 1.0006984288184972 
server: Iteration 147
server: | Checking abstraction...
server: |  |  PrecisionSize: 314
server: |  |  Starting ARG: 572 nodes, 1 incomplete, 0 unsafe
server: |  |  (StopCriterion FirstCex)...
server: |  |  Building ARG...
server: |  |  Finished ARG: 585 nodes, 3 incomplete, 1 unsafe
server: | Checking abstraction done, result: (AbstractorResult Unsafe)
server: | Refining abstraction...
server: |  |  Trace length: 293
server: |  |  Checking trace...done, result: (ExprTraceStatus Infeasible)
server: |  |  Pruning from index 289...done
server: Refining abstraction done, result: (RefinerResult Spurious)
server: ! Precision DID change in this iteration
server: Iteration took 12s to run! 
server: ExplPreictor: Predicted 734.727s, Real 740.638s 
server:               Weight 1.0006984288184972 -> 1.0006938952613949 
server: Iteration 148
server: | Checking abstraction...
server: |  |  PrecisionSize: 316
server: |  |  Starting ARG: 576 nodes, 1 incomplete, 0 unsafe
server: |  |  (StopCriterion FirstCex)...
server: |  |  Building ARG...
server: |  |  Finished ARG: 589 nodes, 3 incomplete, 1 unsafe
server: | Checking abstraction done, result: (AbstractorResult Unsafe)
server: | Refining abstraction...
server: |  |  Trace length: 295
server: |  |  Checking trace...done, result: (ExprTraceStatus Infeasible)
server: |  |  Pruning from index 291...done
server: Refining abstraction done, result: (RefinerResult Spurious)
server: ! Precision DID change in this iteration
server: Iteration took 12s to run! 
server: ExplPreictor: Predicted 747.617s, Real 753.572s 
server:               Weight 1.0006938952613949 -> 1.0006892764458748 
server: Iteration 149
server: | Checking abstraction...
server: |  |  PrecisionSize: 318
server: |  |  Starting ARG: 580 nodes, 1 incomplete, 0 unsafe
server: |  |  (StopCriterion FirstCex)...
server: |  |  Building ARG...
server: |  |  Finished ARG: 593 nodes, 3 incomplete, 1 unsafe
server: | Checking abstraction done, result: (AbstractorResult Unsafe)
server: | Refining abstraction...
server: |  |  Trace length: 297
server: |  |  Checking trace...done, result: (ExprTraceStatus Infeasible)
server: |  |  Pruning from index 293...done
server: Refining abstraction done, result: (RefinerResult Spurious)
server: ! Precision DID change in this iteration
server: Iteration took 13s to run! 
server: ExplPreictor: Predicted 760.634s, Real 767.324s 
server:               Weight 1.0006892764458748 -> 1.0006874415663556 
server: Iteration 150
server: | Checking abstraction...
server: |  |  PrecisionSize: 320
server: |  |  Starting ARG: 584 nodes, 1 incomplete, 0 unsafe
server: |  |  (StopCriterion FirstCex)...
server: |  |  Building ARG...
server: |  |  Finished ARG: 597 nodes, 3 incomplete, 1 unsafe
server: | Checking abstraction done, result: (AbstractorResult Unsafe)
server: | Refining abstraction...
server: |  |  Trace length: 299
server: |  |  Checking trace...done, result: (ExprTraceStatus Infeasible)
server: |  |  Pruning from index 295...done
server: Refining abstraction done, result: (RefinerResult Spurious)
server: ! Precision DID change in this iteration
server: Iteration took 13s to run! 
server: ExplPreictor: Predicted 774.505s, Real 780.942s 
server:               Weight 1.0006874415663556 -> 1.0006841250886882 
server: Iteration 151
server: | Checking abstraction...
server: |  |  PrecisionSize: 322
server: |  |  Starting ARG: 588 nodes, 1 incomplete, 0 unsafe
server: |  |  (StopCriterion FirstCex)...
server: |  |  Building ARG...
server: |  |  Finished ARG: 601 nodes, 3 incomplete, 1 unsafe
server: | Checking abstraction done, result: (AbstractorResult Unsafe)
server: | Refining abstraction...
server: |  |  Trace length: 301
server: |  |  Checking trace...done, result: (ExprTraceStatus Infeasible)
server: |  |  Pruning from index 297...done
server: Refining abstraction done, result: (RefinerResult Spurious)
server: ! Precision DID change in this iteration
server: Iteration took 13s to run! 
server: ExplPreictor: Predicted 788.225s, Real 794.659s 
server:               Weight 1.0006841250886882 -> 1.0006804546834616 
server: Iteration 152
server: | Checking abstraction...
server: |  |  PrecisionSize: 324
server: |  |  Starting ARG: 592 nodes, 1 incomplete, 0 unsafe
server: |  |  (StopCriterion FirstCex)...
server: |  |  Building ARG...
server: |  |  Finished ARG: 605 nodes, 3 incomplete, 1 unsafe
server: | Checking abstraction done, result: (AbstractorResult Unsafe)
server: | Refining abstraction...
server: |  |  Trace length: 303
server: |  |  Checking trace...done, result: (ExprTraceStatus Infeasible)
server: |  |  Pruning from index 299...done
server: Refining abstraction done, result: (RefinerResult Spurious)
server: ! Precision DID change in this iteration
server: Iteration took 13s to run! 
server: ExplPreictor: Predicted 802.039s, Real 808.201s 
server:               Weight 1.0006804546834616 -> 1.0006754045960573 
server: Iteration 153
server: | Checking abstraction...
server: |  |  PrecisionSize: 326
server: |  |  Starting ARG: 596 nodes, 1 incomplete, 0 unsafe
server: |  |  (StopCriterion FirstCex)...
server: |  |  Building ARG...
server: |  |  Finished ARG: 609 nodes, 3 incomplete, 1 unsafe
server: | Checking abstraction done, result: (AbstractorResult Unsafe)
server: | Refining abstraction...
server: |  |  Trace length: 305
server: |  |  Checking trace...done, result: (ExprTraceStatus Infeasible)
server: |  |  Pruning from index 301...done
server: Refining abstraction done, result: (RefinerResult Spurious)
server: ! Precision DID change in this iteration
server: Iteration took 13s to run! 
server: ExplPreictor: Predicted 815.660s, Real 821.966s 
server:               Weight 1.0006754045960573 -> 1.0006706951967468 
server: Iteration 154
server: | Checking abstraction...
server: |  |  PrecisionSize: 328
server: |  |  Starting ARG: 600 nodes, 1 incomplete, 0 unsafe
server: |  |  (StopCriterion FirstCex)...
server: |  |  Building ARG...
server: |  |  Finished ARG: 613 nodes, 3 incomplete, 1 unsafe
server: | Checking abstraction done, result: (AbstractorResult Unsafe)
server: | Refining abstraction...
server: |  |  Trace length: 307
server: |  |  Checking trace...done, result: (ExprTraceStatus Infeasible)
server: |  |  Pruning from index 303...done
server: Refining abstraction done, result: (RefinerResult Spurious)
server: ! Precision DID change in this iteration
server: Iteration took 15s to run! 
server: ExplPreictor: Predicted 829.509s, Real 837.523s 
server:               Weight 1.0006706951967468 -> 1.0006721899667717 
server: Iteration 155
server: | Checking abstraction...
server: |  |  PrecisionSize: 330
server: |  |  Starting ARG: 604 nodes, 1 incomplete, 0 unsafe
server: |  |  (StopCriterion FirstCex)...
server: |  |  Building ARG...
server: |  |  Finished ARG: 617 nodes, 3 incomplete, 1 unsafe
server: | Checking abstraction done, result: (AbstractorResult Unsafe)
server: | Refining abstraction...
server: |  |  Trace length: 309
server: |  |  Checking trace...done, result: (ExprTraceStatus Infeasible)
server: |  |  Pruning from index 305...done
server: Refining abstraction done, result: (RefinerResult Spurious)
server: ! Precision DID change in this iteration
server: Iteration took 15s to run! 
server: ExplPreictor: Predicted 845.236s, Real 853.332s 
server:               Weight 1.0006721899667717 -> 1.0006733184515217 
server: Iteration 156
server: | Checking abstraction...
server: |  |  PrecisionSize: 332
server: |  |  Starting ARG: 608 nodes, 1 incomplete, 0 unsafe
server: |  |  (StopCriterion FirstCex)...
server: |  |  Building ARG...
server: |  |  Finished ARG: 621 nodes, 3 incomplete, 1 unsafe
server: | Checking abstraction done, result: (AbstractorResult Unsafe)
server: | Refining abstraction...
server: |  |  Trace length: 311
server: |  |  Checking trace...done, result: (ExprTraceStatus Infeasible)
server: |  |  Pruning from index 307...done
server: Refining abstraction done, result: (RefinerResult Spurious)
server: ! Precision DID change in this iteration
server: Iteration took 16s to run! 
server: ExplPreictor: Predicted 861.215s, Real 869.515s 
server:               Weight 1.0006733184515217 -> 1.000674542218569 
server: Iteration 157
server: | Checking abstraction...
server: |  |  PrecisionSize: 334
server: |  |  Starting ARG: 612 nodes, 1 incomplete, 0 unsafe
server: |  |  (StopCriterion FirstCex)...
server: |  |  Building ARG...
server: |  |  Finished ARG: 625 nodes, 3 incomplete, 1 unsafe
server: | Checking abstraction done, result: (AbstractorResult Unsafe)
server: | Refining abstraction...
server: |  |  Trace length: 313
server: |  |  Checking trace...done, result: (ExprTraceStatus Infeasible)
server: |  |  Pruning from index 309...done
server: Refining abstraction done, result: (RefinerResult Spurious)
server: ! Precision DID change in this iteration
server: Iteration took 16s to run! 
server: ExplPreictor: Predicted 877.573s, Real 885.660s 
server:               Weight 1.000674542218569 -> 1.0006743593713294 
server: Iteration 158
server: | Checking abstraction...
server: |  |  PrecisionSize: 336
server: |  |  Starting ARG: 616 nodes, 1 incomplete, 0 unsafe
server: |  |  (StopCriterion FirstCex)...
server: |  |  Building ARG...
server: |  |  Finished ARG: 629 nodes, 3 incomplete, 1 unsafe
server: | Checking abstraction done, result: (AbstractorResult Unsafe)
server: | Refining abstraction...
server: |  |  Trace length: 315
The process run out of time so it got destroied!
Backend finished (in 900180 ms)
ErrorCodeException(code=201)
	at hu.bme.mit.theta.xcfa.cli.checkers.InProcessChecker.check(InProcessChecker.kt:168)
	at hu.bme.mit.theta.xcfa.cli.ExecuteConfigKt$backend$result$1.invoke(ExecuteConfig.kt:320)
	at hu.bme.mit.theta.xcfa.cli.ExecuteConfigKt$backend$result$1.invoke(ExecuteConfig.kt:318)
	at hu.bme.mit.theta.xcfa.cli.params.ExitCodesKt.exitOnError(ExitCodes.kt:58)
	at hu.bme.mit.theta.xcfa.cli.ExecuteConfigKt.backend(ExecuteConfig.kt:318)
	at hu.bme.mit.theta.xcfa.cli.ExecuteConfigKt.backend$default(ExecuteConfig.kt:275)
	at hu.bme.mit.theta.xcfa.cli.ExecuteConfigKt.runConfig(ExecuteConfig.kt:105)
	at hu.bme.mit.theta.xcfa.cli.portfolio.SpecFromNamePortfolioKt.specFromNamePortfolio$checker(specFromNamePortfolio.kt:82)
	at hu.bme.mit.theta.xcfa.cli.portfolio.SpecFromNamePortfolioKt.access$specFromNamePortfolio$checker(specFromNamePortfolio.kt:1)
	at hu.bme.mit.theta.xcfa.cli.portfolio.SpecFromNamePortfolioKt$specFromNamePortfolio$configNodes$1$1.invoke(specFromNamePortfolio.kt:122)
	at hu.bme.mit.theta.xcfa.cli.portfolio.SpecFromNamePortfolioKt$specFromNamePortfolio$configNodes$1$1.invoke(specFromNamePortfolio.kt:122)
	at hu.bme.mit.theta.xcfa.cli.portfolio.ConfigNode.execute(stm.kt:74)
	at hu.bme.mit.theta.xcfa.cli.portfolio.STM.execute(stm.kt:159)
	at hu.bme.mit.theta.xcfa.cli.portfolio.STM.execute$default(stm.kt:154)
	at hu.bme.mit.theta.xcfa.cli.checkers.ConfigToPortfolioKt.getPortfolioChecker$lambda$0(ConfigToPortfolio.kt:136)
	at hu.bme.mit.theta.analysis.algorithm.SafetyChecker.check(SafetyChecker.java:27)
	at hu.bme.mit.theta.xcfa.cli.ExecuteConfigKt$backend$result$1.invoke(ExecuteConfig.kt:320)
	at hu.bme.mit.theta.xcfa.cli.ExecuteConfigKt$backend$result$1.invoke(ExecuteConfig.kt:318)
	at hu.bme.mit.theta.xcfa.cli.params.ExitCodesKt.exitOnError(ExitCodes.kt:58)
	at hu.bme.mit.theta.xcfa.cli.ExecuteConfigKt.backend(ExecuteConfig.kt:318)
	at hu.bme.mit.theta.xcfa.cli.ExecuteConfigKt.backend$default(ExecuteConfig.kt:275)
	at hu.bme.mit.theta.xcfa.cli.ExecuteConfigKt.runConfig(ExecuteConfig.kt:105)
	at hu.bme.mit.theta.xcfa.cli.ExecuteConfigKt.runConfig$default(ExecuteConfig.kt:74)
	at hu.bme.mit.theta.xcfa.cli.XcfaCli.run(XcfaCli.kt:127)
	at hu.bme.mit.theta.xcfa.cli.XcfaCli.access$run(XcfaCli.kt:37)
	at hu.bme.mit.theta.xcfa.cli.XcfaCli$Companion.main(XcfaCli.kt:137)
	at hu.bme.mit.theta.xcfa.cli.XcfaCli.main(XcfaCli.kt)
Caught exception: ErrorCodeException(code=201)
Handling exception as Anything
Current configuration: XcfaConfig(inputConfig=InputConfig(inputFile=null, catFile=null, parseCtx=null, xcfaWCtx=present, propertyFile=null, property=ERROR_LOCATION, partialResult=null, frontendConfig=FrontendConfig(lbeLevel=LBE_SEQ, staticCoi=false, loopUnroll=1000, forceUnroll=-1, enableFew=false, inputType=C, specConfig=CFrontendConfig(arithmetic=efficient, architecture=ILP32)), backendConfig=BackendConfig(backend=BOUNDED, solverHome=/home/benchexec/.theta, timeoutMs=900000, softTimeoutMs=700000, inProcess=true, parseInProcess=false, inPortfolio=true, memlimit=0, disablePartialResult=true, specConfig=BoundedConfig(maxBound=0, reversed=false, cegar=false, initPrec=EMPTY, bmcConfig=BMCConfig(disable=false, nonLfPath=false, bmcSolver=Z3, validateBMCSolver=false), indConfig=InductionConfig(disable=false, indSolver=Z3, validateIndSolver=false, indMinBound=0, indFreq=1), itpConfig=InterpolationConfig(disable=true, itpSolver=Z3, validateItpSolver=false))), outputConfig=OutputConfig(versionInfo=false, enableOutput=true, resultFolder=./output/PredCart(900, true, true) -> KInd()/KInd(), acceptUnreliableSafe=false, cOutputConfig=COutputConfig(disable=true, useArr=false, useExArr=false, useRange=false), xcfaOutputConfig=XcfaOutputConfig(disable=true), chcOutputConfig=ChcOutputConfig(disable=true), witnessConfig=WitnessConfig(disable=false, svcomp=true, concretizerSolver=Z3, validateConcretizerSolver=false, inputFileForWitness=null), partialResultOutputConfig=PartialResultOutputConfig(enable=false, tempFileLocation=null), argConfig=ArgConfig(disable=true)), debugConfig=DebugConfig(debug=false, stacktrace=false, logLevel=INFO, argdebug=false, argToFile=false))
PartialResultJson: /dev/shm/partialResult13916946681848206219.json
server: Registered Legacy-Z3 SolverManager
server: Registered Z3 SolverManager
server: Registered JavaSMT SolverManager
server: Registered SMT-LIB SolverManager
server: Successfully loaded LocationInvariants from /dev/shm/partialResult13916946681848206219.json
server: [33m[WARN] LocationInvariants are empty map. Returning null!
server: [0mStarting iteration 1
server: 	Starting BMC
server: 	Starting k-induction
server: Starting iteration 2
server: 	Starting BMC
server: 	Starting k-induction
server: Starting iteration 3
server: 	Starting BMC
server: 	Starting k-induction
server: Starting iteration 4
server: 	Starting BMC
server: 	Starting k-induction
server: Starting iteration 5
server: 	Starting BMC
server: 	Starting k-induction
server: Starting iteration 6
server: 	Starting BMC
server: 	Starting k-induction
server: Starting iteration 7
server: 	Starting BMC
server: 	Starting k-induction
server: Starting iteration 8
server: 	Starting BMC
server: 	Starting k-induction
server: Starting iteration 9
server: 	Starting BMC
server: 	Starting k-induction
server: Starting iteration 10
server: 	Starting BMC
server: 	Starting k-induction
server: Starting iteration 11
server: 	Starting BMC
server: 	Starting k-induction
server: Starting iteration 12
server: 	Starting BMC
server: 	Starting k-induction
server: Starting iteration 13
server: 	Starting BMC
server: 	Starting k-induction
server: Starting iteration 14
server: 	Starting BMC
server: 	Starting k-induction
server: Starting iteration 15
server: 	Starting BMC
server: 	Starting k-induction
server: Starting iteration 16
server: 	Starting BMC
server: 	Starting k-induction
server: Starting iteration 17
server: 	Starting BMC
server: 	Starting k-induction
server: Starting iteration 18
server: 	Starting BMC
server: 	Starting k-induction
server: Starting iteration 19
server: 	Starting BMC
server: 	Starting k-induction
server: Starting iteration 20
server: 	Starting BMC
server: 	Starting k-induction
