tools/baseline/theta-start.sh sv-benchmarks/c/loop-invgen/large_const.i --svcomp --portfolio 'PredCart(900, true, true) -> KInd()' --loglevel RESULT --output-directory ./output --property sv-benchmarks/c/properties/unreach-call.prp --architecture ILP32 --memlimit 15000000000


--------------------------------------------------------------------------------


LD_LIBRARY_PATH=/tmp/vcloud_worker_meres_on_bme-233008/run_dir_fcb185c5-4b3f-4471-ba4a-a3150b57bdf8/tools/baseline/lib /usr/lib/jvm/java-17-openjdk-amd64/bin/java -Xss120m -Xmx14210m -jar /tmp/vcloud_worker_meres_on_bme-233008/run_dir_fcb185c5-4b3f-4471-ba4a-a3150b57bdf8/tools/baseline/theta.jar --svcomp --portfolio PredCart(900, true, true) -> KInd() --loglevel RESULT --output-directory ./output --property sv-benchmarks/c/properties/unreach-call.prp --architecture ILP32 --memlimit 15000000000 --input sv-benchmarks/c/loop-invgen/large_const.i --smt-home /tmp/vcloud_worker_meres_on_bme-233008/run_dir_fcb185c5-4b3f-4471-ba4a-a3150b57bdf8/tools/baseline/solvers
Arithmetic: [ARR]
ParsingResult Success
Alias graph size: 0 -> []
PARTS: [PredCart(900, true, true), KInd()]
Current configuration: XcfaConfig(inputConfig=InputConfig(inputFile=null, catFile=null, parseCtx=null, xcfaWCtx=present, propertyFile=null, property=ERROR_LOCATION, partialResult=null, frontendConfig=FrontendConfig(lbeLevel=LBE_SEQ, staticCoi=false, loopUnroll=1000, forceUnroll=-1, enableFew=false, inputType=C, specConfig=CFrontendConfig(arithmetic=efficient, architecture=ILP32)), backendConfig=BackendConfig(backend=CEGAR, solverHome=/home/benchexec/.theta, timeoutMs=900000, softTimeoutMs=900000, inProcess=true, parseInProcess=false, inPortfolio=true, memlimit=0, disablePartialResult=false, specConfig=CegarConfig(initPrec=EMPTY, porLevel=NOPOR, porRandomSeed=0, coi=NO_COI, cexMonitor=CHECK, iterationTimeHeuristic=true, abstractorConfig=CegarAbstractorConfig(abstractionSolver=Z3, validateAbstractionSolver=false, domain=PRED_CART, maxEnum=2, search=ERR, havocMemory=false), refinerConfig=CegarRefinerConfig(refinementSolver=Z3, validateRefinementSolver=false, refinement=SEQ_ITP, exprSplitter=CONJUNCTS, pruneStrategy=LAZY))), outputConfig=OutputConfig(versionInfo=false, enableOutput=true, resultFolder=./output/PredCart(900, true, true) -> KInd()/PredCart(900, true, true), acceptUnreliableSafe=false, cOutputConfig=COutputConfig(disable=true, useArr=false, useExArr=false, useRange=false), xcfaOutputConfig=XcfaOutputConfig(disable=true), chcOutputConfig=ChcOutputConfig(disable=true), witnessConfig=WitnessConfig(disable=false, svcomp=true, concretizerSolver=Z3, validateConcretizerSolver=false, inputFileForWitness=null), partialResultOutputConfig=PartialResultOutputConfig(enable=false, tempFileLocation=null), argConfig=ArgConfig(disable=true)), debugConfig=DebugConfig(debug=false, stacktrace=false, logLevel=INFO, argdebug=false, argToFile=false))
PartialResultJson: /dev/shm/partialResult4377988194636038063.json
server: Registered Legacy-Z3 SolverManager
server: Registered Z3 SolverManager
server: Registered JavaSMT SolverManager
server: Registered SMT-LIB SolverManager
server: Successfully loaded LocationInvariants from /dev/shm/partialResult4377988194636038063.json
server: [33m[WARN] LocationInvariants are empty map. Returning null!
server: [0mCEGARCHEKER: (CegarChecker (XcfaArgAbstractor (PriorityWaitlist XcfaDistToErrComparator)) (XcfaSingleExprTraceRefiner ExprTraceSeqItpChecker XcfaPrecRefiner))
server: Configuration: (CegarChecker (XcfaArgAbstractor (PriorityWaitlist XcfaDistToErrComparator)) (XcfaSingleExprTraceRefiner ExprTraceSeqItpChecker XcfaPrecRefiner))
server: TimeoutMs In Cegar:900000
server: Iteration 1
server: | Checking abstraction...
server: |  |  PrecisionSize: 0
server: |  |  (Re)initializing ARG...done
server: |  |  Starting ARG: 1 nodes, 1 incomplete, 0 unsafe
server: |  |  (StopCriterion FirstCex)...
server: |  |  Building ARG...
server: |  |  Finished ARG: 11 nodes, 5 incomplete, 1 unsafe
server: | Checking abstraction done, result: (AbstractorResult Unsafe)
server: | Refining abstraction...
server: |  |  Trace length: 6
server: |  |  Checking trace...done, result: (ExprTraceStatus Infeasible)
server: |  |  Pruning from index 3...done
server: Refining abstraction done, result: (RefinerResult Spurious)
server: ! Precision DID change in this iteration
server: Iteration took 0s to run! 
server: ExplPreictor: Predicted 0.200s, Real 0.144s 
server:               Weight 1.7 -> 0.9380244741462412 
server: Iteration 2
server: | Checking abstraction...
server: |  |  PrecisionSize: 3
server: |  |  Starting ARG: 4 nodes, 2 incomplete, 0 unsafe
server: |  |  (StopCriterion FirstCex)...
server: |  |  Building ARG...
server: |  |  Finished ARG: 19 nodes, 7 incomplete, 1 unsafe
server: | Checking abstraction done, result: (AbstractorResult Unsafe)
server: | Refining abstraction...
server: |  |  Trace length: 9
server: |  |  Checking trace...done, result: (ExprTraceStatus Infeasible)
server: |  |  Pruning from index 2...done
server: Refining abstraction done, result: (RefinerResult Spurious)
server: ! Precision DID change in this iteration
server: Iteration took 0s to run! 
server: ExplPreictor: Predicted 0.106s, Real 0.211s 
server:               Weight 0.9380244741462412 -> 1.0317697268733403 
server: Iteration 3
server: | Checking abstraction...
server: |  |  PrecisionSize: 7
server: |  |  Starting ARG: 2 nodes, 1 incomplete, 0 unsafe
server: |  |  (StopCriterion FirstCex)...
server: |  |  Building ARG...
server: |  |  Finished ARG: 23 nodes, 8 incomplete, 1 unsafe
server: | Checking abstraction done, result: (AbstractorResult Unsafe)
server: | Refining abstraction...
server: |  |  Trace length: 11
server: |  |  Checking trace...done, result: (ExprTraceStatus Infeasible)
server: |  |  Pruning from index 2...done
server: Refining abstraction done, result: (RefinerResult Spurious)
server: ! Precision DID change in this iteration
server: Iteration took 0s to run! 
server: ExplPreictor: Predicted 0.250s, Real 0.300s 
server:               Weight 1.0317697268733403 -> 1.0322322392070993 
server: Iteration 4
server: | Checking abstraction...
server: |  |  PrecisionSize: 10
server: |  |  Starting ARG: 2 nodes, 1 incomplete, 0 unsafe
server: |  |  (StopCriterion FirstCex)...
server: |  |  Building ARG...
server: |  |  Finished ARG: 31 nodes, 10 incomplete, 1 unsafe
server: | Checking abstraction done, result: (AbstractorResult Unsafe)
server: | Refining abstraction...
server: |  |  Trace length: 15
server: |  |  Checking trace...done, result: (ExprTraceStatus Infeasible)
server: |  |  Pruning from index 2...done
server: Refining abstraction done, result: (RefinerResult Spurious)
server: ! Precision DID change in this iteration
server: Iteration took 0s to run! 
server: ExplPreictor: Predicted 0.361s, Real 0.428s 
server:               Weight 1.0322322392070993 -> 1.0312432409939274 
server: Iteration 5
server: | Checking abstraction...
server: |  |  PrecisionSize: 14
server: |  |  Starting ARG: 2 nodes, 1 incomplete, 0 unsafe
server: |  |  (StopCriterion FirstCex)...
server: |  |  Building ARG...
server: |  |  Finished ARG: 39 nodes, 12 incomplete, 1 unsafe
server: | Checking abstraction done, result: (AbstractorResult Unsafe)
server: | Refining abstraction...
server: |  |  Trace length: 19
server: |  |  Checking trace...done, result: (ExprTraceStatus Infeasible)
server: |  |  Pruning from index 13...done
server: Refining abstraction done, result: (RefinerResult Spurious)
server: ! Precision DID change in this iteration
server: Iteration took 0s to run! 
server: ExplPreictor: Predicted 0.517s, Real 0.598s 
server:               Weight 1.0312432409939274 -> 1.02906334818157 
server: Iteration 6
server: | Checking abstraction...
server: |  |  PrecisionSize: 17
server: |  |  Starting ARG: 26 nodes, 8 incomplete, 0 unsafe
server: |  |  (StopCriterion FirstCex)...
server: |  |  Building ARG...
server: |  |  Finished ARG: 47 nodes, 14 incomplete, 1 unsafe
server: | Checking abstraction done, result: (AbstractorResult Unsafe)
server: | Refining abstraction...
server: |  |  Trace length: 23
server: |  |  Checking trace...done, result: (ExprTraceStatus Infeasible)
server: |  |  Pruning from index 17...done
server: Refining abstraction done, result: (RefinerResult Spurious)
server: ! Precision DID change in this iteration
server: Iteration took 0s to run! 
server: ExplPreictor: Predicted 0.720s, Real 0.739s 
server:               Weight 1.02906334818157 -> 1.0230548616673687 
server: Iteration 7
server: | Checking abstraction...
server: |  |  PrecisionSize: 20
server: |  |  Starting ARG: 34 nodes, 10 incomplete, 0 unsafe
server: |  |  (StopCriterion FirstCex)...
server: |  |  Building ARG...
server: |  |  Finished ARG: 55 nodes, 16 incomplete, 1 unsafe
server: | Checking abstraction done, result: (AbstractorResult Unsafe)
server: | Refining abstraction...
server: |  |  Trace length: 27
server: |  |  Checking trace...done, result: (ExprTraceStatus Infeasible)
server: |  |  Pruning from index 21...done
server: Refining abstraction done, result: (RefinerResult Spurious)
server: ! Precision DID change in this iteration
server: Iteration took 0s to run! 
server: ExplPreictor: Predicted 0.861s, Real 0.876s 
server:               Weight 1.0230548616673687 -> 1.0188053305991982 
server: Iteration 8
server: | Checking abstraction...
server: |  |  PrecisionSize: 23
server: |  |  Starting ARG: 42 nodes, 12 incomplete, 0 unsafe
server: |  |  (StopCriterion FirstCex)...
server: |  |  Building ARG...
server: |  |  Finished ARG: 63 nodes, 18 incomplete, 1 unsafe
server: | Checking abstraction done, result: (AbstractorResult Unsafe)
server: | Refining abstraction...
server: |  |  Trace length: 31
server: |  |  Checking trace...done, result: (ExprTraceStatus Infeasible)
server: |  |  Pruning from index 25...done
server: Refining abstraction done, result: (RefinerResult Spurious)
server: ! Precision DID change in this iteration
server: Iteration took 0s to run! 
server: ExplPreictor: Predicted 0.995s, Real 1.015s 
server:               Weight 1.0188053305991982 -> 1.015867585135913 
server: Iteration 9
server: | Checking abstraction...
server: |  |  PrecisionSize: 26
server: |  |  Starting ARG: 50 nodes, 14 incomplete, 0 unsafe
server: |  |  (StopCriterion FirstCex)...
server: |  |  Building ARG...
server: |  |  Finished ARG: 71 nodes, 20 incomplete, 1 unsafe
server: | Checking abstraction done, result: (AbstractorResult Unsafe)
server: | Refining abstraction...
server: |  |  Trace length: 35
server: |  |  Checking trace...done, result: (ExprTraceStatus Infeasible)
server: |  |  Pruning from index 29...done
server: Refining abstraction done, result: (RefinerResult Spurious)
server: ! Precision DID change in this iteration
server: Iteration took 0s to run! 
server: ExplPreictor: Predicted 1.133s, Real 1.182s 
server:               Weight 1.015867585135913 -> 1.0142335664470628 
server: Iteration 10
server: | Checking abstraction...
server: |  |  PrecisionSize: 29
server: |  |  Starting ARG: 58 nodes, 16 incomplete, 0 unsafe
server: |  |  (StopCriterion FirstCex)...
server: |  |  Building ARG...
server: |  |  Finished ARG: 79 nodes, 22 incomplete, 1 unsafe
server: | Checking abstraction done, result: (AbstractorResult Unsafe)
server: | Refining abstraction...
server: |  |  Trace length: 39
server: |  |  Checking trace...done, result: (ExprTraceStatus Infeasible)
server: |  |  Pruning from index 33...done
server: Refining abstraction done, result: (RefinerResult Spurious)
server: ! Precision DID change in this iteration
server: Iteration took 0s to run! 
server: ExplPreictor: Predicted 1.307s, Real 1.348s 
server:               Weight 1.0142335664470628 -> 1.0127129893680145 
server: Iteration 11
server: | Checking abstraction...
server: |  |  PrecisionSize: 32
server: |  |  Starting ARG: 66 nodes, 18 incomplete, 0 unsafe
server: |  |  (StopCriterion FirstCex)...
server: |  |  Building ARG...
server: |  |  Finished ARG: 87 nodes, 24 incomplete, 1 unsafe
server: | Checking abstraction done, result: (AbstractorResult Unsafe)
server: | Refining abstraction...
server: |  |  Trace length: 43
server: |  |  Checking trace...done, result: (ExprTraceStatus Infeasible)
server: |  |  Pruning from index 37...done
server: Refining abstraction done, result: (RefinerResult Spurious)
server: ! Precision DID change in this iteration
server: Iteration took 0s to run! 
server: ExplPreictor: Predicted 1.477s, Real 1.538s 
server:               Weight 1.0127129893680145 -> 1.011695586032722 
server: Iteration 12
server: | Checking abstraction...
server: |  |  PrecisionSize: 35
server: |  |  Starting ARG: 74 nodes, 20 incomplete, 0 unsafe
server: |  |  (StopCriterion FirstCex)...
server: |  |  Building ARG...
server: |  |  Finished ARG: 95 nodes, 26 incomplete, 1 unsafe
server: | Checking abstraction done, result: (AbstractorResult Unsafe)
server: | Refining abstraction...
server: |  |  Trace length: 47
server: |  |  Checking trace...done, result: (ExprTraceStatus Infeasible)
server: |  |  Pruning from index 41...done
server: Refining abstraction done, result: (RefinerResult Spurious)
server: ! Precision DID change in this iteration
server: Iteration took 0s to run! 
server: ExplPreictor: Predicted 1.676s, Real 1.733s 
server:               Weight 1.011695586032722 -> 1.010746675253989 
server: Iteration 13
server: | Checking abstraction...
server: |  |  PrecisionSize: 38
server: |  |  Starting ARG: 82 nodes, 22 incomplete, 0 unsafe
server: |  |  (StopCriterion FirstCex)...
server: |  |  Building ARG...
server: |  |  Finished ARG: 103 nodes, 28 incomplete, 1 unsafe
server: | Checking abstraction done, result: (AbstractorResult Unsafe)
server: | Refining abstraction...
server: |  |  Trace length: 51
server: |  |  Checking trace...done, result: (ExprTraceStatus Infeasible)
server: |  |  Pruning from index 45...done
server: Refining abstraction done, result: (RefinerResult Spurious)
server: ! Precision DID change in this iteration
server: Iteration took 0s to run! 
server: ExplPreictor: Predicted 1.878s, Real 1.949s 
server:               Weight 1.010746675253989 -> 1.0100261098434868 
server: Iteration 14
server: | Checking abstraction...
server: |  |  PrecisionSize: 41
server: |  |  Starting ARG: 90 nodes, 24 incomplete, 0 unsafe
server: |  |  (StopCriterion FirstCex)...
server: |  |  Building ARG...
server: |  |  Finished ARG: 111 nodes, 30 incomplete, 1 unsafe
server: | Checking abstraction done, result: (AbstractorResult Unsafe)
server: | Refining abstraction...
server: |  |  Trace length: 55
server: |  |  Checking trace...done, result: (ExprTraceStatus Infeasible)
server: |  |  Pruning from index 49...done
server: Refining abstraction done, result: (RefinerResult Spurious)
server: ! Precision DID change in this iteration
server: Iteration took 0s to run! 
server: ExplPreictor: Predicted 2.103s, Real 2.163s 
server:               Weight 1.0100261098434868 -> 1.0092802160042316 
server: Iteration 15
server: | Checking abstraction...
server: |  |  PrecisionSize: 44
server: |  |  Starting ARG: 98 nodes, 26 incomplete, 0 unsafe
server: |  |  (StopCriterion FirstCex)...
server: |  |  Building ARG...
server: |  |  Finished ARG: 119 nodes, 32 incomplete, 1 unsafe
server: | Checking abstraction done, result: (AbstractorResult Unsafe)
server: | Refining abstraction...
server: |  |  Trace length: 59
server: |  |  Checking trace...done, result: (ExprTraceStatus Infeasible)
server: |  |  Pruning from index 53...done
server: Refining abstraction done, result: (RefinerResult Spurious)
server: ! Precision DID change in this iteration
server: Iteration took 0s to run! 
server: ExplPreictor: Predicted 2.323s, Real 2.391s 
server:               Weight 1.0092802160042316 -> 1.0086604640161143 
server: Iteration 16
server: | Checking abstraction...
server: |  |  PrecisionSize: 47
server: |  |  Starting ARG: 106 nodes, 28 incomplete, 0 unsafe
server: |  |  (StopCriterion FirstCex)...
server: |  |  Building ARG...
server: |  |  Finished ARG: 127 nodes, 34 incomplete, 1 unsafe
server: | Checking abstraction done, result: (AbstractorResult Unsafe)
server: | Refining abstraction...
server: |  |  Trace length: 63
server: |  |  Checking trace...done, result: (ExprTraceStatus Infeasible)
server: |  |  Pruning from index 57...done
server: Refining abstraction done, result: (RefinerResult Spurious)
server: ! Precision DID change in this iteration
server: Iteration took 0s to run! 
server: ExplPreictor: Predicted 2.558s, Real 2.636s 
server:               Weight 1.0086604640161143 -> 1.0081471455934774 
server: Iteration 17
server: | Checking abstraction...
server: |  |  PrecisionSize: 50
server: |  |  Starting ARG: 114 nodes, 30 incomplete, 0 unsafe
server: |  |  (StopCriterion FirstCex)...
server: |  |  Building ARG...
server: |  |  Finished ARG: 135 nodes, 36 incomplete, 1 unsafe
server: | Checking abstraction done, result: (AbstractorResult Unsafe)
server: | Refining abstraction...
server: |  |  Trace length: 67
server: |  |  Checking trace...done, result: (ExprTraceStatus Infeasible)
server: |  |  Pruning from index 61...done
server: Refining abstraction done, result: (RefinerResult Spurious)
server: ! Precision DID change in this iteration
server: Iteration took 0s to run! 
server: ExplPreictor: Predicted 2.811s, Real 2.883s 
server:               Weight 1.0081471455934774 -> 1.0076416709279248 
server: Iteration 18
server: | Checking abstraction...
server: |  |  PrecisionSize: 53
server: |  |  Starting ARG: 122 nodes, 32 incomplete, 0 unsafe
server: |  |  (StopCriterion FirstCex)...
server: |  |  Building ARG...
server: |  |  Finished ARG: 143 nodes, 38 incomplete, 1 unsafe
server: | Checking abstraction done, result: (AbstractorResult Unsafe)
server: | Refining abstraction...
server: |  |  Trace length: 71
server: |  |  Checking trace...done, result: (ExprTraceStatus Infeasible)
server: |  |  Pruning from index 65...done
server: Refining abstraction done, result: (RefinerResult Spurious)
server: ! Precision DID change in this iteration
server: Iteration took 0s to run! 
server: ExplPreictor: Predicted 3.064s, Real 3.161s 
server:               Weight 1.0076416709279248 -> 1.007273241034115 
server: Iteration 19
server: | Checking abstraction...
server: |  |  PrecisionSize: 56
server: |  |  Starting ARG: 130 nodes, 34 incomplete, 0 unsafe
server: |  |  (StopCriterion FirstCex)...
server: |  |  Building ARG...
server: |  |  Finished ARG: 151 nodes, 40 incomplete, 1 unsafe
server: | Checking abstraction done, result: (AbstractorResult Unsafe)
server: | Refining abstraction...
server: |  |  Trace length: 75
server: |  |  Checking trace...done, result: (ExprTraceStatus Infeasible)
server: |  |  Pruning from index 69...done
server: Refining abstraction done, result: (RefinerResult Spurious)
server: ! Precision DID change in this iteration
server: Iteration took 0s to run! 
server: ExplPreictor: Predicted 3.352s, Real 3.423s 
server:               Weight 1.007273241034115 -> 1.006830325091173 
server: Iteration 20
server: | Checking abstraction...
server: |  |  PrecisionSize: 59
server: |  |  Starting ARG: 138 nodes, 36 incomplete, 0 unsafe
server: |  |  (StopCriterion FirstCex)...
server: |  |  Building ARG...
server: |  |  Finished ARG: 159 nodes, 42 incomplete, 1 unsafe
server: | Checking abstraction done, result: (AbstractorResult Unsafe)
server: | Refining abstraction...
server: |  |  Trace length: 79
server: |  |  Checking trace...done, result: (ExprTraceStatus Infeasible)
server: |  |  Pruning from index 73...done
server: Refining abstraction done, result: (RefinerResult Spurious)
server: ! Precision DID change in this iteration
server: Iteration took 0s to run! 
server: ExplPreictor: Predicted 3.619s, Real 3.698s 
server:               Weight 1.006830325091173 -> 1.0064487476656305 
server: Iteration 21
server: | Checking abstraction...
server: |  |  PrecisionSize: 62
server: |  |  Starting ARG: 146 nodes, 38 incomplete, 0 unsafe
server: |  |  (StopCriterion FirstCex)...
server: |  |  Building ARG...
server: |  |  Finished ARG: 167 nodes, 44 incomplete, 1 unsafe
server: | Checking abstraction done, result: (AbstractorResult Unsafe)
server: | Refining abstraction...
server: |  |  Trace length: 83
server: |  |  Checking trace...done, result: (ExprTraceStatus Infeasible)
server: |  |  Pruning from index 77...done
server: Refining abstraction done, result: (RefinerResult Spurious)
server: ! Precision DID change in this iteration
server: Iteration took 0s to run! 
server: ExplPreictor: Predicted 3.899s, Real 3.994s 
server:               Weight 1.0064487476656305 -> 1.0061361463006069 
server: Iteration 22
server: | Checking abstraction...
server: |  |  PrecisionSize: 65
server: |  |  Starting ARG: 154 nodes, 40 incomplete, 0 unsafe
server: |  |  (StopCriterion FirstCex)...
server: |  |  Building ARG...
server: |  |  Finished ARG: 175 nodes, 46 incomplete, 1 unsafe
server: | Checking abstraction done, result: (AbstractorResult Unsafe)
server: | Refining abstraction...
server: |  |  Trace length: 87
server: |  |  Checking trace...done, result: (ExprTraceStatus Infeasible)
server: |  |  Pruning from index 81...done
server: Refining abstraction done, result: (RefinerResult Spurious)
server: ! Precision DID change in this iteration
server: Iteration took 0s to run! 
server: ExplPreictor: Predicted 4.202s, Real 4.306s 
server:               Weight 1.0061361463006069 -> 1.0058606613053294 
server: Iteration 23
server: | Checking abstraction...
server: |  |  PrecisionSize: 68
server: |  |  Starting ARG: 162 nodes, 42 incomplete, 0 unsafe
server: |  |  (StopCriterion FirstCex)...
server: |  |  Building ARG...
server: |  |  Finished ARG: 183 nodes, 48 incomplete, 1 unsafe
server: | Checking abstraction done, result: (AbstractorResult Unsafe)
server: | Refining abstraction...
server: |  |  Trace length: 91
server: |  |  Checking trace...done, result: (ExprTraceStatus Infeasible)
server: |  |  Pruning from index 85...done
server: Refining abstraction done, result: (RefinerResult Spurious)
server: ! Precision DID change in this iteration
server: Iteration took 0s to run! 
server: ExplPreictor: Predicted 4.522s, Real 4.638s 
server:               Weight 1.0058606613053294 -> 1.005622611545354 
server: Iteration 24
server: | Checking abstraction...
server: |  |  PrecisionSize: 71
server: |  |  Starting ARG: 170 nodes, 44 incomplete, 0 unsafe
server: |  |  (StopCriterion FirstCex)...
server: |  |  Building ARG...
server: |  |  Finished ARG: 191 nodes, 50 incomplete, 1 unsafe
server: | Checking abstraction done, result: (AbstractorResult Unsafe)
server: | Refining abstraction...
server: |  |  Trace length: 95
server: |  |  Checking trace...done, result: (ExprTraceStatus Infeasible)
server: |  |  Pruning from index 89...done
server: Refining abstraction done, result: (RefinerResult Spurious)
server: ! Precision DID change in this iteration
server: Iteration took 0s to run! 
server: ExplPreictor: Predicted 4.863s, Real 4.976s 
server:               Weight 1.005622611545354 -> 1.0053854920360752 
server: Iteration 25
server: | Checking abstraction...
server: |  |  PrecisionSize: 74
server: |  |  Starting ARG: 178 nodes, 46 incomplete, 0 unsafe
server: |  |  (StopCriterion FirstCex)...
server: |  |  Building ARG...
server: |  |  Finished ARG: 199 nodes, 52 incomplete, 1 unsafe
server: | Checking abstraction done, result: (AbstractorResult Unsafe)
server: | Refining abstraction...
server: |  |  Trace length: 99
server: |  |  Checking trace...done, result: (ExprTraceStatus Infeasible)
server: |  |  Pruning from index 93...done
server: Refining abstraction done, result: (RefinerResult Spurious)
server: ! Precision DID change in this iteration
server: Iteration took 0s to run! 
server: ExplPreictor: Predicted 5.209s, Real 5.384s 
server:               Weight 1.0053854920360752 -> 1.0052643630568658 
server: Iteration 26
server: | Checking abstraction...
server: |  |  PrecisionSize: 77
server: |  |  Starting ARG: 186 nodes, 48 incomplete, 0 unsafe
server: |  |  (StopCriterion FirstCex)...
server: |  |  Building ARG...
server: |  |  Finished ARG: 207 nodes, 54 incomplete, 1 unsafe
server: | Checking abstraction done, result: (AbstractorResult Unsafe)
server: | Refining abstraction...
server: |  |  Trace length: 103
server: |  |  Checking trace...done, result: (ExprTraceStatus Infeasible)
server: |  |  Pruning from index 97...done
server: Refining abstraction done, result: (RefinerResult Spurious)
server: ! Precision DID change in this iteration
server: Iteration took 0s to run! 
server: ExplPreictor: Predicted 5.633s, Real 5.767s 
server:               Weight 1.0052643630568658 -> 1.0050677331945221 
server: Iteration 27
server: | Checking abstraction...
server: |  |  PrecisionSize: 80
server: |  |  Starting ARG: 194 nodes, 50 incomplete, 0 unsafe
server: |  |  (StopCriterion FirstCex)...
server: |  |  Building ARG...
server: |  |  Finished ARG: 215 nodes, 56 incomplete, 1 unsafe
server: | Checking abstraction done, result: (AbstractorResult Unsafe)
server: | Refining abstraction...
server: |  |  Trace length: 107
server: |  |  Checking trace...done, result: (ExprTraceStatus Infeasible)
server: |  |  Pruning from index 101...done
server: Refining abstraction done, result: (RefinerResult Spurious)
server: ! Precision DID change in this iteration
server: Iteration took 0s to run! 
server: ExplPreictor: Predicted 6.026s, Real 6.163s 
server:               Weight 1.0050677331945221 -> 1.0048802937148797 
server: Iteration 28
server: | Checking abstraction...
server: |  |  PrecisionSize: 83
server: |  |  Starting ARG: 202 nodes, 52 incomplete, 0 unsafe
server: |  |  (StopCriterion FirstCex)...
server: |  |  Building ARG...
server: |  |  Finished ARG: 223 nodes, 58 incomplete, 1 unsafe
server: | Checking abstraction done, result: (AbstractorResult Unsafe)
server: | Refining abstraction...
server: |  |  Trace length: 111
server: |  |  Checking trace...done, result: (ExprTraceStatus Infeasible)
server: |  |  Pruning from index 105...done
server: Refining abstraction done, result: (RefinerResult Spurious)
server: ! Precision DID change in this iteration
server: Iteration took 0s to run! 
server: ExplPreictor: Predicted 6.431s, Real 6.561s 
server:               Weight 1.0048802937148797 -> 1.0046878489991422 
server: Iteration 29
server: | Checking abstraction...
server: |  |  PrecisionSize: 86
server: |  |  Starting ARG: 210 nodes, 54 incomplete, 0 unsafe
server: |  |  (StopCriterion FirstCex)...
server: |  |  Building ARG...
server: |  |  Finished ARG: 231 nodes, 60 incomplete, 1 unsafe
server: | Checking abstraction done, result: (AbstractorResult Unsafe)
server: | Refining abstraction...
server: |  |  Trace length: 115
server: |  |  Checking trace...done, result: (ExprTraceStatus Infeasible)
server: |  |  Pruning from index 109...done
server: Refining abstraction done, result: (RefinerResult Spurious)
server: ! Precision DID change in this iteration
server: Iteration took 0s to run! 
server: ExplPreictor: Predicted 6.837s, Real 7.018s 
server:               Weight 1.0046878489991422 -> 1.004562552486274 
server: Iteration 30
server: | Checking abstraction...
server: |  |  PrecisionSize: 89
server: |  |  Starting ARG: 218 nodes, 56 incomplete, 0 unsafe
server: |  |  (StopCriterion FirstCex)...
server: |  |  Building ARG...
server: |  |  Finished ARG: 239 nodes, 62 incomplete, 1 unsafe
server: | Checking abstraction done, result: (AbstractorResult Unsafe)
server: | Refining abstraction...
server: |  |  Trace length: 119
server: |  |  Checking trace...done, result: (ExprTraceStatus Infeasible)
server: |  |  Pruning from index 113...done
server: Refining abstraction done, result: (RefinerResult Spurious)
server: ! Precision DID change in this iteration
server: Iteration took 0s to run! 
server: ExplPreictor: Predicted 7.307s, Real 7.504s 
server:               Weight 1.004562552486274 -> 1.0044501757938944 
server: Iteration 31
server: | Checking abstraction...
server: |  |  PrecisionSize: 92
server: |  |  Starting ARG: 226 nodes, 58 incomplete, 0 unsafe
server: |  |  (StopCriterion FirstCex)...
server: |  |  Building ARG...
server: |  |  Finished ARG: 247 nodes, 64 incomplete, 1 unsafe
server: | Checking abstraction done, result: (AbstractorResult Unsafe)
server: | Refining abstraction...
server: |  |  Trace length: 123
server: |  |  Checking trace...done, result: (ExprTraceStatus Infeasible)
server: |  |  Pruning from index 117...done
server: Refining abstraction done, result: (RefinerResult Spurious)
server: ! Precision DID change in this iteration
server: Iteration took 0s to run! 
server: ExplPreictor: Predicted 7.808s, Real 7.998s 
server:               Weight 1.0044501757938944 -> 1.0043264374432097 
server: Iteration 32
server: | Checking abstraction...
server: |  |  PrecisionSize: 95
server: |  |  Starting ARG: 234 nodes, 60 incomplete, 0 unsafe
server: |  |  (StopCriterion FirstCex)...
server: |  |  Building ARG...
server: |  |  Finished ARG: 255 nodes, 66 incomplete, 1 unsafe
server: | Checking abstraction done, result: (AbstractorResult Unsafe)
server: | Refining abstraction...
server: |  |  Trace length: 127
server: |  |  Checking trace...done, result: (ExprTraceStatus Infeasible)
server: |  |  Pruning from index 121...done
server: Refining abstraction done, result: (RefinerResult Spurious)
server: ! Precision DID change in this iteration
server: Iteration took 0s to run! 
server: ExplPreictor: Predicted 8.315s, Real 8.515s 
server:               Weight 1.0043264374432097 -> 1.004209754947388 
server: Iteration 33
server: | Checking abstraction...
server: |  |  PrecisionSize: 98
server: |  |  Starting ARG: 242 nodes, 62 incomplete, 0 unsafe
server: |  |  (StopCriterion FirstCex)...
server: |  |  Building ARG...
server: |  |  Finished ARG: 263 nodes, 68 incomplete, 1 unsafe
server: | Checking abstraction done, result: (AbstractorResult Unsafe)
server: | Refining abstraction...
server: |  |  Trace length: 131
server: |  |  Checking trace...done, result: (ExprTraceStatus Infeasible)
server: |  |  Pruning from index 125...done
server: Refining abstraction done, result: (RefinerResult Spurious)
server: ! Precision DID change in this iteration
server: Iteration took 0s to run! 
server: ExplPreictor: Predicted 8.846s, Real 9.052s 
server:               Weight 1.004209754947388 -> 1.00409639212141 
server: Iteration 34
server: | Checking abstraction...
server: |  |  PrecisionSize: 101
server: |  |  Starting ARG: 250 nodes, 64 incomplete, 0 unsafe
server: |  |  (StopCriterion FirstCex)...
server: |  |  Building ARG...
server: |  |  Finished ARG: 271 nodes, 70 incomplete, 1 unsafe
server: | Checking abstraction done, result: (AbstractorResult Unsafe)
server: | Refining abstraction...
server: |  |  Trace length: 135
server: |  |  Checking trace...done, result: (ExprTraceStatus Infeasible)
server: |  |  Pruning from index 129...done
server: Refining abstraction done, result: (RefinerResult Spurious)
server: ! Precision DID change in this iteration
server: Iteration took 0s to run! 
server: ExplPreictor: Predicted 9.396s, Real 9.592s 
server:               Weight 1.00409639212141 -> 1.0039733819164478 
server: Iteration 35
server: | Checking abstraction...
server: |  |  PrecisionSize: 104
server: |  |  Starting ARG: 258 nodes, 66 incomplete, 0 unsafe
server: |  |  (StopCriterion FirstCex)...
server: |  |  Building ARG...
server: |  |  Finished ARG: 279 nodes, 72 incomplete, 1 unsafe
server: | Checking abstraction done, result: (AbstractorResult Unsafe)
server: | Refining abstraction...
server: |  |  Trace length: 139
server: |  |  Checking trace...done, result: (ExprTraceStatus Infeasible)
server: |  |  Pruning from index 133...done
server: Refining abstraction done, result: (RefinerResult Spurious)
server: ! Precision DID change in this iteration
server: Iteration took 0s to run! 
server: ExplPreictor: Predicted 9.948s, Real 10.159s 
server:               Weight 1.0039733819164478 -> 1.0038620511524872 
server: Iteration 36
server: | Checking abstraction...
server: |  |  PrecisionSize: 107
server: |  |  Starting ARG: 266 nodes, 68 incomplete, 0 unsafe
server: |  |  (StopCriterion FirstCex)...
server: |  |  Building ARG...
server: |  |  Finished ARG: 287 nodes, 74 incomplete, 1 unsafe
server: | Checking abstraction done, result: (AbstractorResult Unsafe)
server: | Refining abstraction...
server: |  |  Trace length: 143
server: |  |  Checking trace...done, result: (ExprTraceStatus Infeasible)
server: |  |  Pruning from index 137...done
server: Refining abstraction done, result: (RefinerResult Spurious)
server: ! Precision DID change in this iteration
server: Iteration took 0s to run! 
server: ExplPreictor: Predicted 10.528s, Real 10.743s 
server:               Weight 1.0038620511524872 -> 1.0037534209324193 
server: Iteration 37
server: | Checking abstraction...
server: |  |  PrecisionSize: 110
server: |  |  Starting ARG: 274 nodes, 70 incomplete, 0 unsafe
server: |  |  (StopCriterion FirstCex)...
server: |  |  Building ARG...
server: |  |  Finished ARG: 295 nodes, 76 incomplete, 1 unsafe
server: | Checking abstraction done, result: (AbstractorResult Unsafe)
server: | Refining abstraction...
server: |  |  Trace length: 147
server: |  |  Checking trace...done, result: (ExprTraceStatus Infeasible)
server: |  |  Pruning from index 141...done
server: Refining abstraction done, result: (RefinerResult Spurious)
server: ! Precision DID change in this iteration
server: Iteration took 0s to run! 
server: ExplPreictor: Predicted 11.124s, Real 11.343s 
server:               Weight 1.0037534209324193 -> 1.003647178804262 
server: Iteration 38
server: | Checking abstraction...
server: |  |  PrecisionSize: 113
server: |  |  Starting ARG: 282 nodes, 72 incomplete, 0 unsafe
server: |  |  (StopCriterion FirstCex)...
server: |  |  Building ARG...
server: |  |  Finished ARG: 303 nodes, 78 incomplete, 1 unsafe
server: | Checking abstraction done, result: (AbstractorResult Unsafe)
server: | Refining abstraction...
server: |  |  Trace length: 151
server: |  |  Checking trace...done, result: (ExprTraceStatus Infeasible)
server: |  |  Pruning from index 145...done
server: Refining abstraction done, result: (RefinerResult Spurious)
server: ! Precision DID change in this iteration
server: Iteration took 0s to run! 
server: ExplPreictor: Predicted 11.736s, Real 11.951s 
server:               Weight 1.003647178804262 -> 1.0035391989973443 
server: Iteration 39
server: | Checking abstraction...
server: |  |  PrecisionSize: 116
server: |  |  Starting ARG: 290 nodes, 74 incomplete, 0 unsafe
server: |  |  (StopCriterion FirstCex)...
server: |  |  Building ARG...
server: |  |  Finished ARG: 311 nodes, 80 incomplete, 1 unsafe
server: | Checking abstraction done, result: (AbstractorResult Unsafe)
server: | Refining abstraction...
server: |  |  Trace length: 155
server: |  |  Checking trace...done, result: (ExprTraceStatus Infeasible)
server: |  |  Pruning from index 149...done
server: Refining abstraction done, result: (RefinerResult Spurious)
server: ! Precision DID change in this iteration
server: Iteration took 0s to run! 
server: ExplPreictor: Predicted 12.355s, Real 12.594s 
server:               Weight 1.0035391989973443 -> 1.003445375362897 
server: Iteration 40
server: | Checking abstraction...
server: |  |  PrecisionSize: 119
server: |  |  Starting ARG: 298 nodes, 76 incomplete, 0 unsafe
server: |  |  (StopCriterion FirstCex)...
server: |  |  Building ARG...
server: |  |  Finished ARG: 319 nodes, 82 incomplete, 1 unsafe
server: | Checking abstraction done, result: (AbstractorResult Unsafe)
server: | Refining abstraction...
server: |  |  Trace length: 159
server: |  |  Checking trace...done, result: (ExprTraceStatus Infeasible)
server: |  |  Pruning from index 153...done
server: Refining abstraction done, result: (RefinerResult Spurious)
server: ! Precision DID change in this iteration
server: Iteration took 0s to run! 
server: ExplPreictor: Predicted 13.010s, Real 13.248s 
server:               Weight 1.003445375362897 -> 1.003350735399298 
server: Iteration 41
server: | Checking abstraction...
server: |  |  PrecisionSize: 122
server: |  |  Starting ARG: 306 nodes, 78 incomplete, 0 unsafe
server: |  |  (StopCriterion FirstCex)...
server: |  |  Building ARG...
server: |  |  Finished ARG: 327 nodes, 84 incomplete, 1 unsafe
server: | Checking abstraction done, result: (AbstractorResult Unsafe)
server: | Refining abstraction...
server: |  |  Trace length: 163
server: |  |  Checking trace...done, result: (ExprTraceStatus Infeasible)
server: |  |  Pruning from index 157...done
server: Refining abstraction done, result: (RefinerResult Spurious)
server: ! Precision DID change in this iteration
server: Iteration took 0s to run! 
server: ExplPreictor: Predicted 13.676s, Real 13.922s 
server:               Weight 1.003350735399298 -> 1.0032605583580612 
server: Iteration 42
server: | Checking abstraction...
server: |  |  PrecisionSize: 125
server: |  |  Starting ARG: 314 nodes, 80 incomplete, 0 unsafe
server: |  |  (StopCriterion FirstCex)...
server: |  |  Building ARG...
server: |  |  Finished ARG: 335 nodes, 86 incomplete, 1 unsafe
server: | Checking abstraction done, result: (AbstractorResult Unsafe)
server: | Refining abstraction...
server: |  |  Trace length: 167
server: |  |  Checking trace...done, result: (ExprTraceStatus Infeasible)
server: |  |  Pruning from index 161...done
server: Refining abstraction done, result: (RefinerResult Spurious)
server: ! Precision DID change in this iteration
server: Iteration took 0s to run! 
server: ExplPreictor: Predicted 14.362s, Real 14.616s 
server:               Weight 1.0032605583580612 -> 1.0031744527935615 
server: Iteration 43
server: | Checking abstraction...
server: |  |  PrecisionSize: 128
server: |  |  Starting ARG: 322 nodes, 82 incomplete, 0 unsafe
server: |  |  (StopCriterion FirstCex)...
server: |  |  Building ARG...
server: |  |  Finished ARG: 343 nodes, 88 incomplete, 1 unsafe
server: | Checking abstraction done, result: (AbstractorResult Unsafe)
server: | Refining abstraction...
server: |  |  Trace length: 171
server: |  |  Checking trace...done, result: (ExprTraceStatus Infeasible)
server: |  |  Pruning from index 165...done
server: Refining abstraction done, result: (RefinerResult Spurious)
server: ! Precision DID change in this iteration
server: Iteration took 0s to run! 
server: ExplPreictor: Predicted 15.068s, Real 15.351s 
server:               Weight 1.0031744527935615 -> 1.0031005732703884 
server: Iteration 44
server: | Checking abstraction...
server: |  |  PrecisionSize: 131
server: |  |  Starting ARG: 330 nodes, 84 incomplete, 0 unsafe
server: |  |  (StopCriterion FirstCex)...
server: |  |  Building ARG...
server: |  |  Finished ARG: 351 nodes, 90 incomplete, 1 unsafe
server: | Checking abstraction done, result: (AbstractorResult Unsafe)
server: | Refining abstraction...
server: |  |  Trace length: 175
server: |  |  Checking trace...done, result: (ExprTraceStatus Infeasible)
server: |  |  Pruning from index 169...done
server: Refining abstraction done, result: (RefinerResult Spurious)
server: ! Precision DID change in this iteration
server: Iteration took 0s to run! 
server: ExplPreictor: Predicted 15.817s, Real 16.071s 
server:               Weight 1.0031005732703884 -> 1.0030149012692504 
server: Iteration 45
server: | Checking abstraction...
server: |  |  PrecisionSize: 134
server: |  |  Starting ARG: 338 nodes, 86 incomplete, 0 unsafe
server: |  |  (StopCriterion FirstCex)...
server: |  |  Building ARG...
server: |  |  Finished ARG: 359 nodes, 92 incomplete, 1 unsafe
server: | Checking abstraction done, result: (AbstractorResult Unsafe)
server: | Refining abstraction...
server: |  |  Trace length: 179
server: |  |  Checking trace...done, result: (ExprTraceStatus Infeasible)
server: |  |  Pruning from index 173...done
server: Refining abstraction done, result: (RefinerResult Spurious)
server: ! Precision DID change in this iteration
server: Iteration took 0s to run! 
server: ExplPreictor: Predicted 16.547s, Real 16.808s 
server:               Weight 1.0030149012692504 -> 1.0029327857091712 
server: Iteration 46
server: | Checking abstraction...
server: |  |  PrecisionSize: 137
server: |  |  Starting ARG: 346 nodes, 88 incomplete, 0 unsafe
server: |  |  (StopCriterion FirstCex)...
server: |  |  Building ARG...
server: |  |  Finished ARG: 367 nodes, 94 incomplete, 1 unsafe
server: | Checking abstraction done, result: (AbstractorResult Unsafe)
server: | Refining abstraction...
server: |  |  Trace length: 183
server: |  |  Checking trace...done, result: (ExprTraceStatus Infeasible)
server: |  |  Pruning from index 177...done
server: Refining abstraction done, result: (RefinerResult Spurious)
server: ! Precision DID change in this iteration
server: Iteration took 0s to run! 
server: ExplPreictor: Predicted 17.295s, Real 17.567s 
server:               Weight 1.0029327857091712 -> 1.0028557516099874 
server: Iteration 47
server: | Checking abstraction...
server: |  |  PrecisionSize: 140
server: |  |  Starting ARG: 354 nodes, 90 incomplete, 0 unsafe
server: |  |  (StopCriterion FirstCex)...
server: |  |  Building ARG...
server: |  |  Finished ARG: 375 nodes, 96 incomplete, 1 unsafe
server: | Checking abstraction done, result: (AbstractorResult Unsafe)
server: | Refining abstraction...
server: |  |  Trace length: 187
server: |  |  Checking trace...done, result: (ExprTraceStatus Infeasible)
server: |  |  Pruning from index 181...done
server: Refining abstraction done, result: (RefinerResult Spurious)
server: ! Precision DID change in this iteration
server: Iteration took 0s to run! 
server: ExplPreictor: Predicted 18.064s, Real 18.341s 
server:               Weight 1.0028557516099874 -> 1.0027809445694615 
server: Iteration 48
server: | Checking abstraction...
server: |  |  PrecisionSize: 143
server: |  |  Starting ARG: 362 nodes, 92 incomplete, 0 unsafe
server: |  |  (StopCriterion FirstCex)...
server: |  |  Building ARG...
server: |  |  Finished ARG: 383 nodes, 98 incomplete, 1 unsafe
server: | Checking abstraction done, result: (AbstractorResult Unsafe)
server: | Refining abstraction...
server: |  |  Trace length: 191
server: |  |  Checking trace...done, result: (ExprTraceStatus Infeasible)
server: |  |  Pruning from index 185...done
server: Refining abstraction done, result: (RefinerResult Spurious)
server: ! Precision DID change in this iteration
server: Iteration took 0s to run! 
server: ExplPreictor: Predicted 18.849s, Real 19.136s 
server:               Weight 1.0027809445694615 -> 1.0027102583445227 
server: Iteration 49
server: | Checking abstraction...
server: |  |  PrecisionSize: 146
server: |  |  Starting ARG: 370 nodes, 94 incomplete, 0 unsafe
server: |  |  (StopCriterion FirstCex)...
server: |  |  Building ARG...
server: |  |  Finished ARG: 391 nodes, 100 incomplete, 1 unsafe
server: | Checking abstraction done, result: (AbstractorResult Unsafe)
server: | Refining abstraction...
server: |  |  Trace length: 195
server: |  |  Checking trace...done, result: (ExprTraceStatus Infeasible)
server: |  |  Pruning from index 189...done
server: Refining abstraction done, result: (RefinerResult Spurious)
server: ! Precision DID change in this iteration
server: Iteration took 0s to run! 
server: ExplPreictor: Predicted 19.654s, Real 19.956s 
server:               Weight 1.0027102583445227 -> 1.0026443974602604 
server: Iteration 50
server: | Checking abstraction...
server: |  |  PrecisionSize: 149
server: |  |  Starting ARG: 378 nodes, 96 incomplete, 0 unsafe
server: |  |  (StopCriterion FirstCex)...
server: |  |  Building ARG...
server: |  |  Finished ARG: 399 nodes, 102 incomplete, 1 unsafe
server: | Checking abstraction done, result: (AbstractorResult Unsafe)
server: | Refining abstraction...
server: |  |  Trace length: 199
server: |  |  Checking trace...done, result: (ExprTraceStatus Infeasible)
server: |  |  Pruning from index 193...done
server: Refining abstraction done, result: (RefinerResult Spurious)
server: ! Precision DID change in this iteration
server: Iteration took 0s to run! 
server: ExplPreictor: Predicted 20.485s, Real 20.780s 
server:               Weight 1.0026443974602604 -> 1.0025770051602136 
server: Iteration 51
server: | Checking abstraction...
server: |  |  PrecisionSize: 152
server: |  |  Starting ARG: 386 nodes, 98 incomplete, 0 unsafe
server: |  |  (StopCriterion FirstCex)...
server: |  |  Building ARG...
server: |  |  Finished ARG: 407 nodes, 104 incomplete, 1 unsafe
server: | Checking abstraction done, result: (AbstractorResult Unsafe)
server: | Refining abstraction...
server: |  |  Trace length: 203
server: |  |  Checking trace...done, result: (ExprTraceStatus Infeasible)
server: |  |  Pruning from index 197...done
server: Refining abstraction done, result: (RefinerResult Spurious)
server: ! Precision DID change in this iteration
server: Iteration took 0s to run! 
server: ExplPreictor: Predicted 21.319s, Real 21.625s 
server:               Weight 1.0025770051602136 -> 1.0025133598181448 
server: Iteration 52
server: | Checking abstraction...
server: |  |  PrecisionSize: 155
server: |  |  Starting ARG: 394 nodes, 100 incomplete, 0 unsafe
server: |  |  (StopCriterion FirstCex)...
server: |  |  Building ARG...
server: |  |  Finished ARG: 415 nodes, 106 incomplete, 1 unsafe
server: | Checking abstraction done, result: (AbstractorResult Unsafe)
server: | Refining abstraction...
server: |  |  Trace length: 207
server: |  |  Checking trace...done, result: (ExprTraceStatus Infeasible)
server: |  |  Pruning from index 201...done
server: Refining abstraction done, result: (RefinerResult Spurious)
server: ! Precision DID change in this iteration
server: Iteration took 0s to run! 
server: ExplPreictor: Predicted 22.174s, Real 22.554s 
server:               Weight 1.0025133598181448 -> 1.0024684368585435 
server: Iteration 53
server: | Checking abstraction...
server: |  |  PrecisionSize: 158
server: |  |  Starting ARG: 402 nodes, 102 incomplete, 0 unsafe
server: |  |  (StopCriterion FirstCex)...
server: |  |  Building ARG...
server: |  |  Finished ARG: 423 nodes, 108 incomplete, 1 unsafe
server: | Checking abstraction done, result: (AbstractorResult Unsafe)
server: | Refining abstraction...
server: |  |  Trace length: 211
server: |  |  Checking trace...done, result: (ExprTraceStatus Infeasible)
server: |  |  Pruning from index 205...done
server: Refining abstraction done, result: (RefinerResult Spurious)
server: ! Precision DID change in this iteration
server: Iteration took 0s to run! 
server: ExplPreictor: Predicted 23.119s, Real 23.442s 
server:               Weight 1.0024684368585435 -> 1.0024090456799795 
server: Iteration 54
server: | Checking abstraction...
server: |  |  PrecisionSize: 161
server: |  |  Starting ARG: 410 nodes, 104 incomplete, 0 unsafe
server: |  |  (StopCriterion FirstCex)...
server: |  |  Building ARG...
server: |  |  Finished ARG: 431 nodes, 110 incomplete, 1 unsafe
server: | Checking abstraction done, result: (AbstractorResult Unsafe)
server: | Refining abstraction...
server: |  |  Trace length: 215
server: |  |  Checking trace...done, result: (ExprTraceStatus Infeasible)
server: |  |  Pruning from index 209...done
server: Refining abstraction done, result: (RefinerResult Spurious)
server: ! Precision DID change in this iteration
server: Iteration took 0s to run! 
server: ExplPreictor: Predicted 24.017s, Real 24.372s 
server:               Weight 1.0024090456799795 -> 1.0023572759275505 
server: Iteration 55
server: | Checking abstraction...
server: |  |  PrecisionSize: 164
server: |  |  Starting ARG: 418 nodes, 106 incomplete, 0 unsafe
server: |  |  (StopCriterion FirstCex)...
server: |  |  Building ARG...
server: |  |  Finished ARG: 439 nodes, 112 incomplete, 1 unsafe
server: | Checking abstraction done, result: (AbstractorResult Unsafe)
server: | Refining abstraction...
server: |  |  Trace length: 219
server: |  |  Checking trace...done, result: (ExprTraceStatus Infeasible)
server: |  |  Pruning from index 213...done
server: Refining abstraction done, result: (RefinerResult Spurious)
server: ! Precision DID change in this iteration
server: Iteration took 0s to run! 
server: ExplPreictor: Predicted 24.959s, Real 25.308s 
server:               Weight 1.0023572759275505 -> 1.0023041469034992 
server: Iteration 56
server: | Checking abstraction...
server: |  |  PrecisionSize: 167
server: |  |  Starting ARG: 426 nodes, 108 incomplete, 0 unsafe
server: |  |  (StopCriterion FirstCex)...
server: |  |  Building ARG...
server: |  |  Finished ARG: 447 nodes, 114 incomplete, 1 unsafe
server: | Checking abstraction done, result: (AbstractorResult Unsafe)
server: | Refining abstraction...
server: |  |  Trace length: 223
server: |  |  Checking trace...done, result: (ExprTraceStatus Infeasible)
server: |  |  Pruning from index 217...done
server: Refining abstraction done, result: (RefinerResult Spurious)
server: ! Precision DID change in this iteration
server: Iteration took 0s to run! 
server: ExplPreictor: Predicted 25.906s, Real 26.273s 
server:               Weight 1.0023041469034992 -> 1.0022549250489765 
server: Iteration 57
server: | Checking abstraction...
server: |  |  PrecisionSize: 170
server: |  |  Starting ARG: 434 nodes, 110 incomplete, 0 unsafe
server: |  |  (StopCriterion FirstCex)...
server: |  |  Building ARG...
server: |  |  Finished ARG: 455 nodes, 116 incomplete, 1 unsafe
server: | Checking abstraction done, result: (AbstractorResult Unsafe)
server: | Refining abstraction...
server: |  |  Trace length: 227
server: |  |  Checking trace...done, result: (ExprTraceStatus Infeasible)
server: |  |  Pruning from index 221...done
server: Refining abstraction done, result: (RefinerResult Spurious)
server: ! Precision DID change in this iteration
server: Iteration took 1s to run! 
server: ExplPreictor: Predicted 26.883s, Real 27.294s 
server:               Weight 1.0022549250489765 -> 1.0022141952954007 
server: Iteration 58
server: | Checking abstraction...
server: |  |  PrecisionSize: 173
server: |  |  Starting ARG: 442 nodes, 112 incomplete, 0 unsafe
server: |  |  (StopCriterion FirstCex)...
server: |  |  Building ARG...
server: |  |  Finished ARG: 463 nodes, 118 incomplete, 1 unsafe
server: | Checking abstraction done, result: (AbstractorResult Unsafe)
server: | Refining abstraction...
server: |  |  Trace length: 231
server: |  |  Checking trace...done, result: (ExprTraceStatus Infeasible)
server: |  |  Pruning from index 225...done
server: Refining abstraction done, result: (RefinerResult Spurious)
server: ! Precision DID change in this iteration
server: Iteration took 1s to run! 
server: ExplPreictor: Predicted 27.918s, Real 28.332s 
server:               Weight 1.0022141952954007 -> 1.0021731463893717 
server: Iteration 59
server: | Checking abstraction...
server: |  |  PrecisionSize: 176
server: |  |  Starting ARG: 450 nodes, 114 incomplete, 0 unsafe
server: |  |  (StopCriterion FirstCex)...
server: |  |  Building ARG...
server: |  |  Finished ARG: 471 nodes, 120 incomplete, 1 unsafe
server: | Checking abstraction done, result: (AbstractorResult Unsafe)
server: | Refining abstraction...
server: |  |  Trace length: 235
server: |  |  Checking trace...done, result: (ExprTraceStatus Infeasible)
server: |  |  Pruning from index 229...done
server: Refining abstraction done, result: (RefinerResult Spurious)
server: ! Precision DID change in this iteration
server: Iteration took 1s to run! 
server: ExplPreictor: Predicted 28.970s, Real 29.425s 
server:               Weight 1.0021731463893717 -> 1.0021386455917929 
server: Iteration 60
server: | Checking abstraction...
server: |  |  PrecisionSize: 179
server: |  |  Starting ARG: 458 nodes, 116 incomplete, 0 unsafe
server: |  |  (StopCriterion FirstCex)...
server: |  |  Building ARG...
server: |  |  Finished ARG: 479 nodes, 122 incomplete, 1 unsafe
server: | Checking abstraction done, result: (AbstractorResult Unsafe)
server: | Refining abstraction...
server: |  |  Trace length: 239
server: |  |  Checking trace...done, result: (ExprTraceStatus Infeasible)
server: |  |  Pruning from index 233...done
server: Refining abstraction done, result: (RefinerResult Spurious)
server: ! Precision DID change in this iteration
server: Iteration took 1s to run! 
server: ExplPreictor: Predicted 30.080s, Real 30.531s 
server:               Weight 1.0021386455917929 -> 1.0021023932051063 
server: Iteration 61
server: | Checking abstraction...
server: |  |  PrecisionSize: 182
server: |  |  Starting ARG: 466 nodes, 118 incomplete, 0 unsafe
server: |  |  (StopCriterion FirstCex)...
server: |  |  Building ARG...
server: |  |  Finished ARG: 487 nodes, 124 incomplete, 1 unsafe
server: | Checking abstraction done, result: (AbstractorResult Unsafe)
server: | Refining abstraction...
server: |  |  Trace length: 243
server: |  |  Checking trace...done, result: (ExprTraceStatus Infeasible)
server: |  |  Pruning from index 237...done
server: Refining abstraction done, result: (RefinerResult Spurious)
server: ! Precision DID change in this iteration
server: Iteration took 1s to run! 
server: ExplPreictor: Predicted 31.201s, Real 31.639s 
server:               Weight 1.0021023932051063 -> 1.0020631643586957 
server: Iteration 62
server: | Checking abstraction...
server: |  |  PrecisionSize: 185
server: |  |  Starting ARG: 474 nodes, 120 incomplete, 0 unsafe
server: |  |  (StopCriterion FirstCex)...
server: |  |  Building ARG...
server: |  |  Finished ARG: 495 nodes, 126 incomplete, 1 unsafe
server: | Checking abstraction done, result: (AbstractorResult Unsafe)
server: | Refining abstraction...
server: |  |  Trace length: 247
server: |  |  Checking trace...done, result: (ExprTraceStatus Infeasible)
server: |  |  Pruning from index 241...done
server: Refining abstraction done, result: (RefinerResult Spurious)
server: ! Precision DID change in this iteration
server: Iteration took 1s to run! 
server: ExplPreictor: Predicted 32.323s, Real 32.761s 
server:               Weight 1.0020631643586957 -> 1.0020236071293565 
server: Iteration 63
server: | Checking abstraction...
server: |  |  PrecisionSize: 188
server: |  |  Starting ARG: 482 nodes, 122 incomplete, 0 unsafe
server: |  |  (StopCriterion FirstCex)...
server: |  |  Building ARG...
server: |  |  Finished ARG: 503 nodes, 128 incomplete, 1 unsafe
server: | Checking abstraction done, result: (AbstractorResult Unsafe)
server: | Refining abstraction...
server: |  |  Trace length: 251
server: |  |  Checking trace...done, result: (ExprTraceStatus Infeasible)
server: |  |  Pruning from index 245...done
server: Refining abstraction done, result: (RefinerResult Spurious)
server: ! Precision DID change in this iteration
server: Iteration took 1s to run! 
server: ExplPreictor: Predicted 33.458s, Real 33.897s 
server:               Weight 1.0020236071293565 -> 1.0019839929577976 
server: Iteration 64
server: | Checking abstraction...
server: |  |  PrecisionSize: 191
server: |  |  Starting ARG: 490 nodes, 124 incomplete, 0 unsafe
server: |  |  (StopCriterion FirstCex)...
server: |  |  Building ARG...
server: |  |  Finished ARG: 511 nodes, 130 incomplete, 1 unsafe
server: | Checking abstraction done, result: (AbstractorResult Unsafe)
server: | Refining abstraction...
server: |  |  Trace length: 255
server: |  |  Checking trace...done, result: (ExprTraceStatus Infeasible)
server: |  |  Pruning from index 249...done
server: Refining abstraction done, result: (RefinerResult Spurious)
server: ! Precision DID change in this iteration
server: Iteration took 1s to run! 
server: ExplPreictor: Predicted 34.606s, Real 35.064s 
server:               Weight 1.0019839929577976 -> 1.001946914119319 
server: Iteration 65
server: | Checking abstraction...
server: |  |  PrecisionSize: 194
server: |  |  Starting ARG: 498 nodes, 126 incomplete, 0 unsafe
server: |  |  (StopCriterion FirstCex)...
server: |  |  Building ARG...
server: |  |  Finished ARG: 519 nodes, 132 incomplete, 1 unsafe
server: | Checking abstraction done, result: (AbstractorResult Unsafe)
server: | Refining abstraction...
server: |  |  Trace length: 259
server: |  |  Checking trace...done, result: (ExprTraceStatus Infeasible)
server: |  |  Pruning from index 253...done
server: Refining abstraction done, result: (RefinerResult Spurious)
server: ! Precision DID change in this iteration
server: Iteration took 1s to run! 
server: ExplPreictor: Predicted 35.786s, Real 36.224s 
server:               Weight 1.001946914119319 -> 1.0019069437037118 
server: Iteration 66
server: | Checking abstraction...
server: |  |  PrecisionSize: 197
server: |  |  Starting ARG: 506 nodes, 128 incomplete, 0 unsafe
server: |  |  (StopCriterion FirstCex)...
server: |  |  Building ARG...
server: |  |  Finished ARG: 527 nodes, 134 incomplete, 1 unsafe
server: | Checking abstraction done, result: (AbstractorResult Unsafe)
server: | Refining abstraction...
server: |  |  Trace length: 263
server: |  |  Checking trace...done, result: (ExprTraceStatus Infeasible)
server: |  |  Pruning from index 257...done
server: Refining abstraction done, result: (RefinerResult Spurious)
server: ! Precision DID change in this iteration
server: Iteration took 1s to run! 
server: ExplPreictor: Predicted 36.956s, Real 37.428s 
server:               Weight 1.0019069437037118 -> 1.0018714512077063 
server: Iteration 67
server: | Checking abstraction...
server: |  |  PrecisionSize: 200
server: |  |  Starting ARG: 514 nodes, 130 incomplete, 0 unsafe
server: |  |  (StopCriterion FirstCex)...
server: |  |  Building ARG...
server: |  |  Finished ARG: 535 nodes, 136 incomplete, 1 unsafe
server: | Checking abstraction done, result: (AbstractorResult Unsafe)
server: | Refining abstraction...
server: |  |  Trace length: 267
server: |  |  Checking trace...done, result: (ExprTraceStatus Infeasible)
server: |  |  Pruning from index 261...done
server: Refining abstraction done, result: (RefinerResult Spurious)
server: ! Precision DID change in this iteration
server: Iteration took 1s to run! 
server: ExplPreictor: Predicted 38.173s, Real 38.637s 
server:               Weight 1.0018714512077063 -> 1.0018348882389738 
server: Iteration 68
server: | Checking abstraction...
server: |  |  PrecisionSize: 203
server: |  |  Starting ARG: 522 nodes, 132 incomplete, 0 unsafe
server: |  |  (StopCriterion FirstCex)...
server: |  |  Building ARG...
server: |  |  Finished ARG: 543 nodes, 138 incomplete, 1 unsafe
server: | Checking abstraction done, result: (AbstractorResult Unsafe)
server: | Refining abstraction...
server: |  |  Trace length: 271
server: |  |  Checking trace...done, result: (ExprTraceStatus Infeasible)
server: |  |  Pruning from index 265...done
server: Refining abstraction done, result: (RefinerResult Spurious)
server: ! Precision DID change in this iteration
server: Iteration took 1s to run! 
server: ExplPreictor: Predicted 39.393s, Real 39.853s 
server:               Weight 1.0018348882389738 -> 1.0017978959613658 
server: Iteration 69
server: | Checking abstraction...
server: |  |  PrecisionSize: 206
server: |  |  Starting ARG: 530 nodes, 134 incomplete, 0 unsafe
server: |  |  (StopCriterion FirstCex)...
server: |  |  Building ARG...
server: |  |  Finished ARG: 551 nodes, 140 incomplete, 1 unsafe
server: | Checking abstraction done, result: (AbstractorResult Unsafe)
server: | Refining abstraction...
server: |  |  Trace length: 275
server: |  |  Checking trace...done, result: (ExprTraceStatus Infeasible)
server: |  |  Pruning from index 269...done
server: Refining abstraction done, result: (RefinerResult Spurious)
server: ! Precision DID change in this iteration
server: Iteration took 1s to run! 
server: ExplPreictor: Predicted 40.619s, Real 41.106s 
server:               Weight 1.0017978959613658 -> 1.0017641905307044 
server: Iteration 70
server: | Checking abstraction...
server: |  |  PrecisionSize: 209
server: |  |  Starting ARG: 538 nodes, 136 incomplete, 0 unsafe
server: |  |  (StopCriterion FirstCex)...
server: |  |  Building ARG...
server: |  |  Finished ARG: 559 nodes, 142 incomplete, 1 unsafe
server: | Checking abstraction done, result: (AbstractorResult Unsafe)
server: | Refining abstraction...
server: |  |  Trace length: 279
server: |  |  Checking trace...done, result: (ExprTraceStatus Infeasible)
server: |  |  Pruning from index 273...done
server: Refining abstraction done, result: (RefinerResult Spurious)
server: ! Precision DID change in this iteration
server: Iteration took 1s to run! 
server: ExplPreictor: Predicted 41.884s, Real 42.400s 
server:               Weight 1.0017641905307044 -> 1.0017337345360233 
server: Iteration 71
server: | Checking abstraction...
server: |  |  PrecisionSize: 212
server: |  |  Starting ARG: 546 nodes, 138 incomplete, 0 unsafe
server: |  |  (StopCriterion FirstCex)...
server: |  |  Building ARG...
server: |  |  Finished ARG: 567 nodes, 144 incomplete, 1 unsafe
server: | Checking abstraction done, result: (AbstractorResult Unsafe)
server: | Refining abstraction...
server: |  |  Trace length: 283
server: |  |  Checking trace...done, result: (ExprTraceStatus Infeasible)
server: |  |  Pruning from index 277...done
server: Refining abstraction done, result: (RefinerResult Spurious)
server: ! Precision DID change in this iteration
server: Iteration took 1s to run! 
server: ExplPreictor: Predicted 43.191s, Real 43.713s 
server:               Weight 1.0017337345360233 -> 1.0017036942692843 
server: Iteration 72
server: | Checking abstraction...
server: |  |  PrecisionSize: 215
server: |  |  Starting ARG: 554 nodes, 140 incomplete, 0 unsafe
server: |  |  (StopCriterion FirstCex)...
server: |  |  Building ARG...
server: |  |  Finished ARG: 575 nodes, 146 incomplete, 1 unsafe
server: | Checking abstraction done, result: (AbstractorResult Unsafe)
server: | Refining abstraction...
server: |  |  Trace length: 287
server: |  |  Checking trace...done, result: (ExprTraceStatus Infeasible)
server: |  |  Pruning from index 281...done
server: Refining abstraction done, result: (RefinerResult Spurious)
server: ! Precision DID change in this iteration
server: Iteration took 1s to run! 
server: ExplPreictor: Predicted 44.516s, Real 45.001s 
server:               Weight 1.0017036942692843 -> 1.001669621077369 
server: Iteration 73
server: | Checking abstraction...
server: |  |  PrecisionSize: 218
server: |  |  Starting ARG: 562 nodes, 142 incomplete, 0 unsafe
server: |  |  (StopCriterion FirstCex)...
server: |  |  Building ARG...
server: |  |  Finished ARG: 583 nodes, 148 incomplete, 1 unsafe
server: | Checking abstraction done, result: (AbstractorResult Unsafe)
server: | Refining abstraction...
server: |  |  Trace length: 291
server: |  |  Checking trace...done, result: (ExprTraceStatus Infeasible)
server: |  |  Pruning from index 285...done
server: Refining abstraction done, result: (RefinerResult Spurious)
server: ! Precision DID change in this iteration
server: Iteration took 1s to run! 
server: ExplPreictor: Predicted 45.813s, Real 46.301s 
server:               Weight 1.001669621077369 -> 1.0016361086959285 
server: Iteration 74
server: | Checking abstraction...
server: |  |  PrecisionSize: 221
server: |  |  Starting ARG: 570 nodes, 144 incomplete, 0 unsafe
server: |  |  (StopCriterion FirstCex)...
server: |  |  Building ARG...
server: |  |  Finished ARG: 591 nodes, 150 incomplete, 1 unsafe
server: | Checking abstraction done, result: (AbstractorResult Unsafe)
server: | Refining abstraction...
server: |  |  Trace length: 295
server: |  |  Checking trace...done, result: (ExprTraceStatus Infeasible)
server: |  |  Pruning from index 289...done
server: Refining abstraction done, result: (RefinerResult Spurious)
server: ! Precision DID change in this iteration
server: Iteration took 1s to run! 
server: ExplPreictor: Predicted 47.122s, Real 47.604s 
server:               Weight 1.0016361086959285 -> 1.001602366787454 
server: Iteration 75
server: | Checking abstraction...
server: |  |  PrecisionSize: 224
server: |  |  Starting ARG: 578 nodes, 146 incomplete, 0 unsafe
server: |  |  (StopCriterion FirstCex)...
server: |  |  Building ARG...
server: |  |  Finished ARG: 599 nodes, 152 incomplete, 1 unsafe
server: | Checking abstraction done, result: (AbstractorResult Unsafe)
server: | Refining abstraction...
server: |  |  Trace length: 299
server: |  |  Checking trace...done, result: (ExprTraceStatus Infeasible)
server: |  |  Pruning from index 293...done
server: Refining abstraction done, result: (RefinerResult Spurious)
server: ! Precision DID change in this iteration
server: Iteration took 1s to run! 
server: ExplPreictor: Predicted 48.433s, Real 48.936s 
server:               Weight 1.001602366787454 -> 1.0015710126913955 
server: Iteration 76
server: | Checking abstraction...
server: |  |  PrecisionSize: 227
server: |  |  Starting ARG: 586 nodes, 148 incomplete, 0 unsafe
server: |  |  (StopCriterion FirstCex)...
server: |  |  Building ARG...
server: |  |  Finished ARG: 607 nodes, 154 incomplete, 1 unsafe
server: | Checking abstraction done, result: (AbstractorResult Unsafe)
server: | Refining abstraction...
server: |  |  Trace length: 303
server: |  |  Checking trace...done, result: (ExprTraceStatus Infeasible)
server: |  |  Pruning from index 297...done
server: Refining abstraction done, result: (RefinerResult Spurious)
server: ! Precision DID change in this iteration
server: Iteration took 1s to run! 
server: ExplPreictor: Predicted 49.773s, Real 50.273s 
server:               Weight 1.0015710126913955 -> 1.0015396242389751 
server: Iteration 77
server: | Checking abstraction...
server: |  |  PrecisionSize: 230
server: |  |  Starting ARG: 594 nodes, 150 incomplete, 0 unsafe
server: |  |  (StopCriterion FirstCex)...
server: |  |  Building ARG...
server: |  |  Finished ARG: 615 nodes, 156 incomplete, 1 unsafe
server: | Checking abstraction done, result: (AbstractorResult Unsafe)
server: | Refining abstraction...
server: |  |  Trace length: 307
server: |  |  Checking trace...done, result: (ExprTraceStatus Infeasible)
server: |  |  Pruning from index 301...done
server: Refining abstraction done, result: (RefinerResult Spurious)
server: ! Precision DID change in this iteration
server: Iteration took 1s to run! 
server: ExplPreictor: Predicted 51.118s, Real 51.643s 
server:               Weight 1.0015396242389751 -> 1.0015107816170556 
server: Iteration 78
server: | Checking abstraction...
server: |  |  PrecisionSize: 233
server: |  |  Starting ARG: 602 nodes, 152 incomplete, 0 unsafe
server: |  |  (StopCriterion FirstCex)...
server: |  |  Building ARG...
server: |  |  Finished ARG: 623 nodes, 158 incomplete, 1 unsafe
server: | Checking abstraction done, result: (AbstractorResult Unsafe)
server: | Refining abstraction...
server: |  |  Trace length: 311
server: |  |  Checking trace...done, result: (ExprTraceStatus Infeasible)
server: |  |  Pruning from index 305...done
server: Refining abstraction done, result: (RefinerResult Spurious)
server: ! Precision DID change in this iteration
server: Iteration took 1s to run! 
server: ExplPreictor: Predicted 52.497s, Real 53.015s 
server:               Weight 1.0015107816170556 -> 1.001481572208816 
server: Iteration 79
server: | Checking abstraction...
server: |  |  PrecisionSize: 236
server: |  |  Starting ARG: 610 nodes, 154 incomplete, 0 unsafe
server: |  |  (StopCriterion FirstCex)...
server: |  |  Building ARG...
server: |  |  Finished ARG: 631 nodes, 160 incomplete, 1 unsafe
server: | Checking abstraction done, result: (AbstractorResult Unsafe)
server: | Refining abstraction...
server: |  |  Trace length: 315
server: |  |  Checking trace...done, result: (ExprTraceStatus Infeasible)
server: |  |  Pruning from index 309...done
server: Refining abstraction done, result: (RefinerResult Spurious)
server: ! Precision DID change in this iteration
server: Iteration took 1s to run! 
server: ExplPreictor: Predicted 53.876s, Real 54.421s 
server:               Weight 1.001481572208816 -> 1.0014547909511704 
server: Iteration 80
server: | Checking abstraction...
server: |  |  PrecisionSize: 239
server: |  |  Starting ARG: 618 nodes, 156 incomplete, 0 unsafe
server: |  |  (StopCriterion FirstCex)...
server: |  |  Building ARG...
server: |  |  Finished ARG: 639 nodes, 162 incomplete, 1 unsafe
server: | Checking abstraction done, result: (AbstractorResult Unsafe)
server: | Refining abstraction...
server: |  |  Trace length: 319
server: |  |  Checking trace...done, result: (ExprTraceStatus Infeasible)
server: |  |  Pruning from index 313...done
server: Refining abstraction done, result: (RefinerResult Spurious)
server: ! Precision DID change in this iteration
server: Iteration took 1s to run! 
server: ExplPreictor: Predicted 55.291s, Real 55.854s 
server:               Weight 1.0014547909511704 -> 1.001429578660657 
server: Iteration 81
server: | Checking abstraction...
server: |  |  PrecisionSize: 242
server: |  |  Starting ARG: 626 nodes, 158 incomplete, 0 unsafe
server: |  |  (StopCriterion FirstCex)...
server: |  |  Building ARG...
server: |  |  Finished ARG: 647 nodes, 164 incomplete, 1 unsafe
server: | Checking abstraction done, result: (AbstractorResult Unsafe)
server: | Refining abstraction...
server: |  |  Trace length: 323
server: |  |  Checking trace...done, result: (ExprTraceStatus Infeasible)
server: |  |  Pruning from index 317...done
server: Refining abstraction done, result: (RefinerResult Spurious)
server: ! Precision DID change in this iteration
server: Iteration took 1s to run! 
server: ExplPreictor: Predicted 56.734s, Real 57.318s 
server:               Weight 1.001429578660657 -> 1.0014060700594598 
server: Iteration 82
server: | Checking abstraction...
server: |  |  PrecisionSize: 245
server: |  |  Starting ARG: 634 nodes, 160 incomplete, 0 unsafe
server: |  |  (StopCriterion FirstCex)...
server: |  |  Building ARG...
server: |  |  Finished ARG: 655 nodes, 166 incomplete, 1 unsafe
server: | Checking abstraction done, result: (AbstractorResult Unsafe)
server: | Refining abstraction...
server: |  |  Trace length: 327
server: |  |  Checking trace...done, result: (ExprTraceStatus Infeasible)
server: |  |  Pruning from index 321...done
server: Refining abstraction done, result: (RefinerResult Spurious)
server: ! Precision DID change in this iteration
server: Iteration took 1s to run! 
server: ExplPreictor: Predicted 58.208s, Real 58.817s 
server:               Weight 1.0014060700594598 -> 1.001384354799927 
server: Iteration 83
server: | Checking abstraction...
server: |  |  PrecisionSize: 248
server: |  |  Starting ARG: 642 nodes, 162 incomplete, 0 unsafe
server: |  |  (StopCriterion FirstCex)...
server: |  |  Building ARG...
server: |  |  Finished ARG: 663 nodes, 168 incomplete, 1 unsafe
server: | Checking abstraction done, result: (AbstractorResult Unsafe)
server: | Refining abstraction...
server: |  |  Trace length: 331
server: |  |  Checking trace...done, result: (ExprTraceStatus Infeasible)
server: |  |  Pruning from index 325...done
server: Refining abstraction done, result: (RefinerResult Spurious)
server: ! Precision DID change in this iteration
server: Iteration took 1s to run! 
server: ExplPreictor: Predicted 59.718s, Real 60.347s 
server:               Weight 1.001384354799927 -> 1.0013639141078197 
server: Iteration 84
server: | Checking abstraction...
server: |  |  PrecisionSize: 251
server: |  |  Starting ARG: 650 nodes, 164 incomplete, 0 unsafe
server: |  |  (StopCriterion FirstCex)...
server: |  |  Building ARG...
server: |  |  Finished ARG: 671 nodes, 170 incomplete, 1 unsafe
server: | Checking abstraction done, result: (AbstractorResult Unsafe)
server: | Refining abstraction...
server: |  |  Trace length: 335
server: |  |  Checking trace...done, result: (ExprTraceStatus Infeasible)
server: |  |  Pruning from index 329...done
server: Refining abstraction done, result: (RefinerResult Spurious)
server: ! Precision DID change in this iteration
server: Iteration took 1s to run! 
server: ExplPreictor: Predicted 61.260s, Real 61.925s 
server:               Weight 1.0013639141078197 -> 1.0013457727413595 
server: Iteration 85
server: | Checking abstraction...
server: |  |  PrecisionSize: 254
server: |  |  Starting ARG: 658 nodes, 166 incomplete, 0 unsafe
server: |  |  (StopCriterion FirstCex)...
server: |  |  Building ARG...
server: |  |  Finished ARG: 679 nodes, 172 incomplete, 1 unsafe
server: | Checking abstraction done, result: (AbstractorResult Unsafe)
server: | Refining abstraction...
server: |  |  Trace length: 339
server: |  |  Checking trace...done, result: (ExprTraceStatus Infeasible)
server: |  |  Pruning from index 333...done
server: Refining abstraction done, result: (RefinerResult Spurious)
server: ! Precision DID change in this iteration
server: Iteration took 1s to run! 
server: ExplPreictor: Predicted 62.851s, Real 63.522s 
server:               Weight 1.0013457727413595 -> 1.001327638135774 
server: Iteration 86
server: | Checking abstraction...
server: |  |  PrecisionSize: 257
server: |  |  Starting ARG: 666 nodes, 168 incomplete, 0 unsafe
server: |  |  (StopCriterion FirstCex)...
server: |  |  Building ARG...
server: |  |  Finished ARG: 687 nodes, 174 incomplete, 1 unsafe
server: | Checking abstraction done, result: (AbstractorResult Unsafe)
server: | Refining abstraction...
server: |  |  Trace length: 343
server: |  |  Checking trace...done, result: (ExprTraceStatus Infeasible)
server: |  |  Pruning from index 337...done
server: Refining abstraction done, result: (RefinerResult Spurious)
server: ! Precision DID change in this iteration
server: Iteration took 1s to run! 
server: ExplPreictor: Predicted 64.462s, Real 65.164s 
server:               Weight 1.001327638135774 -> 1.001311254318097 
server: Iteration 87
server: | Checking abstraction...
server: |  |  PrecisionSize: 260
server: |  |  Starting ARG: 674 nodes, 170 incomplete, 0 unsafe
server: |  |  (StopCriterion FirstCex)...
server: |  |  Building ARG...
server: |  |  Finished ARG: 695 nodes, 176 incomplete, 1 unsafe
server: | Checking abstraction done, result: (AbstractorResult Unsafe)
server: | Refining abstraction...
server: |  |  Trace length: 347
server: |  |  Checking trace...done, result: (ExprTraceStatus Infeasible)
server: |  |  Pruning from index 341...done
server: Refining abstraction done, result: (RefinerResult Spurious)
server: ! Precision DID change in this iteration
server: Iteration took 1s to run! 
server: ExplPreictor: Predicted 66.118s, Real 66.807s 
server:               Weight 1.001311254318097 -> 1.0012935814802213 
server: Iteration 88
server: | Checking abstraction...
server: |  |  PrecisionSize: 263
server: |  |  Starting ARG: 682 nodes, 172 incomplete, 0 unsafe
server: |  |  (StopCriterion FirstCex)...
server: |  |  Building ARG...
server: |  |  Finished ARG: 703 nodes, 178 incomplete, 1 unsafe
server: | Checking abstraction done, result: (AbstractorResult Unsafe)
server: | Refining abstraction...
server: |  |  Trace length: 351
server: |  |  Checking trace...done, result: (ExprTraceStatus Infeasible)
server: |  |  Pruning from index 345...done
server: Refining abstraction done, result: (RefinerResult Spurious)
server: ! Precision DID change in this iteration
server: Iteration took 1s to run! 
server: ExplPreictor: Predicted 67.774s, Real 68.498s 
server:               Weight 1.0012935814802213 -> 1.0012777731372637 
server: Iteration 89
server: | Checking abstraction...
server: |  |  PrecisionSize: 266
server: |  |  Starting ARG: 690 nodes, 174 incomplete, 0 unsafe
server: |  |  (StopCriterion FirstCex)...
server: |  |  Building ARG...
server: |  |  Finished ARG: 711 nodes, 180 incomplete, 1 unsafe
server: | Checking abstraction done, result: (AbstractorResult Unsafe)
server: | Refining abstraction...
server: |  |  Trace length: 355
server: |  |  Checking trace...done, result: (ExprTraceStatus Infeasible)
server: |  |  Pruning from index 349...done
server: Refining abstraction done, result: (RefinerResult Spurious)
server: ! Precision DID change in this iteration
server: Iteration took 1s to run! 
server: ExplPreictor: Predicted 69.480s, Real 70.224s 
server:               Weight 1.0012777731372637 -> 1.001262777007149 
server: Iteration 90
server: | Checking abstraction...
server: |  |  PrecisionSize: 269
server: |  |  Starting ARG: 698 nodes, 176 incomplete, 0 unsafe
server: |  |  (StopCriterion FirstCex)...
server: |  |  Building ARG...
server: |  |  Finished ARG: 719 nodes, 182 incomplete, 1 unsafe
server: | Checking abstraction done, result: (AbstractorResult Unsafe)
server: | Refining abstraction...
server: |  |  Trace length: 359
server: |  |  Checking trace...done, result: (ExprTraceStatus Infeasible)
server: |  |  Pruning from index 353...done
server: Refining abstraction done, result: (RefinerResult Spurious)
server: ! Precision DID change in this iteration
server: Iteration took 1s to run! 
server: ExplPreictor: Predicted 71.221s, Real 71.973s 
server:               Weight 1.001262777007149 -> 1.0012477943919107 
server: Iteration 91
server: | Checking abstraction...
server: |  |  PrecisionSize: 272
server: |  |  Starting ARG: 706 nodes, 178 incomplete, 0 unsafe
server: |  |  (StopCriterion FirstCex)...
server: |  |  Building ARG...
server: |  |  Finished ARG: 727 nodes, 184 incomplete, 1 unsafe
server: | Checking abstraction done, result: (AbstractorResult Unsafe)
server: | Refining abstraction...
server: |  |  Trace length: 363
server: |  |  Checking trace...done, result: (ExprTraceStatus Infeasible)
server: |  |  Pruning from index 357...done
server: Refining abstraction done, result: (RefinerResult Spurious)
server: ! Precision DID change in this iteration
server: Iteration took 1s to run! 
server: ExplPreictor: Predicted 72.984s, Real 73.729s 
server:               Weight 1.0012477943919107 -> 1.0012319577079671 
server: Iteration 92
server: | Checking abstraction...
server: |  |  PrecisionSize: 275
server: |  |  Starting ARG: 714 nodes, 180 incomplete, 0 unsafe
server: |  |  (StopCriterion FirstCex)...
server: |  |  Building ARG...
server: |  |  Finished ARG: 735 nodes, 186 incomplete, 1 unsafe
server: | Checking abstraction done, result: (AbstractorResult Unsafe)
server: | Refining abstraction...
server: |  |  Trace length: 367
server: |  |  Checking trace...done, result: (ExprTraceStatus Infeasible)
server: |  |  Pruning from index 361...done
server: Refining abstraction done, result: (RefinerResult Spurious)
server: ! Precision DID change in this iteration
server: Iteration took 1s to run! 
server: ExplPreictor: Predicted 74.754s, Real 75.504s 
server:               Weight 1.0012319577079671 -> 1.0012161064813565 
server: Iteration 93
server: | Checking abstraction...
server: |  |  PrecisionSize: 278
server: |  |  Starting ARG: 722 nodes, 182 incomplete, 0 unsafe
server: |  |  (StopCriterion FirstCex)...
server: |  |  Building ARG...
server: |  |  Finished ARG: 743 nodes, 188 incomplete, 1 unsafe
server: | Checking abstraction done, result: (AbstractorResult Unsafe)
server: | Refining abstraction...
server: |  |  Trace length: 371
server: |  |  Checking trace...done, result: (ExprTraceStatus Infeasible)
server: |  |  Pruning from index 365...done
server: Refining abstraction done, result: (RefinerResult Spurious)
server: ! Precision DID change in this iteration
server: Iteration took 1s to run! 
server: ExplPreictor: Predicted 76.542s, Real 77.269s 
server:               Weight 1.0012161064813565 -> 1.0011987458137843 
server: Iteration 94
server: | Checking abstraction...
server: |  |  PrecisionSize: 281
server: |  |  Starting ARG: 730 nodes, 184 incomplete, 0 unsafe
server: |  |  (StopCriterion FirstCex)...
server: |  |  Building ARG...
server: |  |  Finished ARG: 751 nodes, 190 incomplete, 1 unsafe
server: | Checking abstraction done, result: (AbstractorResult Unsafe)
server: | Refining abstraction...
server: |  |  Trace length: 375
server: |  |  Checking trace...done, result: (ExprTraceStatus Infeasible)
server: |  |  Pruning from index 369...done
server: Refining abstraction done, result: (RefinerResult Spurious)
server: ! Precision DID change in this iteration
server: Iteration took 1s to run! 
server: ExplPreictor: Predicted 78.319s, Real 79.061s 
server:               Weight 1.0011987458137843 -> 1.001182092221815 
server: Iteration 95
server: | Checking abstraction...
server: |  |  PrecisionSize: 284
server: |  |  Starting ARG: 738 nodes, 186 incomplete, 0 unsafe
server: |  |  (StopCriterion FirstCex)...
server: |  |  Building ARG...
server: |  |  Finished ARG: 759 nodes, 192 incomplete, 1 unsafe
server: | Checking abstraction done, result: (AbstractorResult Unsafe)
server: | Refining abstraction...
server: |  |  Trace length: 379
server: |  |  Checking trace...done, result: (ExprTraceStatus Infeasible)
server: |  |  Pruning from index 373...done
server: Refining abstraction done, result: (RefinerResult Spurious)
server: ! Precision DID change in this iteration
server: Iteration took 1s to run! 
server: ExplPreictor: Predicted 80.122s, Real 80.930s 
server:               Weight 1.001182092221815 -> 1.0011685993310924 
server: Iteration 96
server: | Checking abstraction...
server: |  |  PrecisionSize: 287
server: |  |  Starting ARG: 746 nodes, 188 incomplete, 0 unsafe
server: |  |  (StopCriterion FirstCex)...
server: |  |  Building ARG...
server: |  |  Finished ARG: 767 nodes, 194 incomplete, 1 unsafe
server: | Checking abstraction done, result: (AbstractorResult Unsafe)
server: | Refining abstraction...
server: |  |  Trace length: 383
server: |  |  Checking trace...done, result: (ExprTraceStatus Infeasible)
server: |  |  Pruning from index 377...done
server: Refining abstraction done, result: (RefinerResult Spurious)
server: ! Precision DID change in this iteration
server: Iteration took 1s to run! 
server: ExplPreictor: Predicted 82.006s, Real 82.847s 
server:               Weight 1.0011685993310924 -> 1.0011563622105581 
server: Iteration 97
server: | Checking abstraction...
server: |  |  PrecisionSize: 290
server: |  |  Starting ARG: 754 nodes, 190 incomplete, 0 unsafe
server: |  |  (StopCriterion FirstCex)...
server: |  |  Building ARG...
server: |  |  Finished ARG: 775 nodes, 196 incomplete, 1 unsafe
server: | Checking abstraction done, result: (AbstractorResult Unsafe)
server: | Refining abstraction...
server: |  |  Trace length: 387
server: |  |  Checking trace...done, result: (ExprTraceStatus Infeasible)
server: |  |  Pruning from index 381...done
server: Refining abstraction done, result: (RefinerResult Spurious)
server: ! Precision DID change in this iteration
server: Iteration took 1s to run! 
server: ExplPreictor: Predicted 83.939s, Real 84.767s 
server:               Weight 1.0011563622105581 -> 1.0011430534130583 
server: Iteration 98
server: | Checking abstraction...
server: |  |  PrecisionSize: 293
server: |  |  Starting ARG: 762 nodes, 192 incomplete, 0 unsafe
server: |  |  (StopCriterion FirstCex)...
server: |  |  Building ARG...
server: |  |  Finished ARG: 783 nodes, 198 incomplete, 1 unsafe
server: | Checking abstraction done, result: (AbstractorResult Unsafe)
server: | Refining abstraction...
server: |  |  Trace length: 391
server: |  |  Checking trace...done, result: (ExprTraceStatus Infeasible)
server: |  |  Pruning from index 385...done
server: Refining abstraction done, result: (RefinerResult Spurious)
server: ! Precision DID change in this iteration
server: Iteration took 1s to run! 
server: ExplPreictor: Predicted 85.874s, Real 86.705s 
server:               Weight 1.0011430534130583 -> 1.0011295711027197 
server: Iteration 99
server: | Checking abstraction...
server: |  |  PrecisionSize: 296
server: |  |  Starting ARG: 770 nodes, 194 incomplete, 0 unsafe
server: |  |  (StopCriterion FirstCex)...
server: |  |  Building ARG...
server: |  |  Finished ARG: 791 nodes, 200 incomplete, 1 unsafe
server: | Checking abstraction done, result: (AbstractorResult Unsafe)
server: | Refining abstraction...
server: |  |  Trace length: 395
server: |  |  Checking trace...done, result: (ExprTraceStatus Infeasible)
server: |  |  Pruning from index 389...done
server: Refining abstraction done, result: (RefinerResult Spurious)
server: ! Precision DID change in this iteration
server: Iteration took 2s to run! 
server: ExplPreictor: Predicted 87.826s, Real 88.721s 
server:               Weight 1.0011295711027197 -> 1.0011186858557697 
server: Iteration 100
server: | Checking abstraction...
server: |  |  PrecisionSize: 299
server: |  |  Starting ARG: 778 nodes, 196 incomplete, 0 unsafe
server: |  |  (StopCriterion FirstCex)...
server: |  |  Building ARG...
server: |  |  Finished ARG: 799 nodes, 202 incomplete, 1 unsafe
server: | Checking abstraction done, result: (AbstractorResult Unsafe)
server: | Refining abstraction...
server: |  |  Trace length: 399
server: |  |  Checking trace...done, result: (ExprTraceStatus Infeasible)
server: |  |  Pruning from index 393...done
server: Refining abstraction done, result: (RefinerResult Spurious)
server: ! Precision DID change in this iteration
server: Iteration took 2s to run! 
server: ExplPreictor: Predicted 89.859s, Real 90.744s 
server:               Weight 1.0011186858557697 -> 1.0011068716800193 
server: Iteration 101
server: | Checking abstraction...
server: |  |  PrecisionSize: 302
server: |  |  Starting ARG: 786 nodes, 198 incomplete, 0 unsafe
server: |  |  (StopCriterion FirstCex)...
server: |  |  Building ARG...
server: |  |  Finished ARG: 807 nodes, 204 incomplete, 1 unsafe
server: | Checking abstraction done, result: (AbstractorResult Unsafe)
server: | Refining abstraction...
server: |  |  Trace length: 403
server: |  |  Checking trace...done, result: (ExprTraceStatus Infeasible)
server: |  |  Pruning from index 397...done
server: Refining abstraction done, result: (RefinerResult Spurious)
server: ! Precision DID change in this iteration
server: Iteration took 2s to run! 
server: ExplPreictor: Predicted 91.898s, Real 92.795s 
server:               Weight 1.0011068716800193 -> 1.001095197856935 
server: Iteration 102
server: | Checking abstraction...
server: |  |  PrecisionSize: 305
server: |  |  Starting ARG: 794 nodes, 200 incomplete, 0 unsafe
server: |  |  (StopCriterion FirstCex)...
server: |  |  Building ARG...
server: |  |  Finished ARG: 815 nodes, 206 incomplete, 1 unsafe
server: | Checking abstraction done, result: (AbstractorResult Unsafe)
server: | Refining abstraction...
server: |  |  Trace length: 407
server: |  |  Checking trace...done, result: (ExprTraceStatus Infeasible)
server: |  |  Pruning from index 401...done
server: Refining abstraction done, result: (RefinerResult Spurious)
server: ! Precision DID change in this iteration
server: Iteration took 2s to run! 
server: ExplPreictor: Predicted 93.965s, Real 94.815s 
server:               Weight 1.001095197856935 -> 1.0010811983784544 
server: Iteration 103
server: | Checking abstraction...
server: |  |  PrecisionSize: 308
server: |  |  Starting ARG: 802 nodes, 202 incomplete, 0 unsafe
server: |  |  (StopCriterion FirstCex)...
server: |  |  Building ARG...
server: |  |  Finished ARG: 823 nodes, 208 incomplete, 1 unsafe
server: | Checking abstraction done, result: (AbstractorResult Unsafe)
server: | Refining abstraction...
server: |  |  Trace length: 411
server: |  |  Checking trace...done, result: (ExprTraceStatus Infeasible)
server: |  |  Pruning from index 405...done
server: Refining abstraction done, result: (RefinerResult Spurious)
server: ! Precision DID change in this iteration
server: Iteration took 2s to run! 
server: ExplPreictor: Predicted 95.997s, Real 96.919s 
server:               Weight 1.0010811983784544 -> 1.0010699628034248 
server: Iteration 104
server: | Checking abstraction...
server: |  |  PrecisionSize: 311
server: |  |  Starting ARG: 810 nodes, 204 incomplete, 0 unsafe
server: |  |  (StopCriterion FirstCex)...
server: |  |  Building ARG...
server: |  |  Finished ARG: 831 nodes, 210 incomplete, 1 unsafe
server: | Checking abstraction done, result: (AbstractorResult Unsafe)
server: | Refining abstraction...
server: |  |  Trace length: 415
server: |  |  Checking trace...done, result: (ExprTraceStatus Infeasible)
server: |  |  Pruning from index 409...done
server: Refining abstraction done, result: (RefinerResult Spurious)
server: ! Precision DID change in this iteration
server: Iteration took 2s to run! 
server: ExplPreictor: Predicted 98.117s, Real 99.052s 
server:               Weight 1.0010699628034248 -> 1.0010588938231528 
server: Iteration 105
server: | Checking abstraction...
server: |  |  PrecisionSize: 314
server: |  |  Starting ARG: 818 nodes, 206 incomplete, 0 unsafe
server: |  |  (StopCriterion FirstCex)...
server: |  |  Building ARG...
server: |  |  Finished ARG: 839 nodes, 212 incomplete, 1 unsafe
server: | Checking abstraction done, result: (AbstractorResult Unsafe)
server: | Refining abstraction...
server: |  |  Trace length: 419
server: |  |  Checking trace...done, result: (ExprTraceStatus Infeasible)
server: |  |  Pruning from index 413...done
server: Refining abstraction done, result: (RefinerResult Spurious)
server: ! Precision DID change in this iteration
server: Iteration took 2s to run! 
server: ExplPreictor: Predicted 100.266s, Real 101.257s 
server:               Weight 1.0010588938231528 -> 1.001049650380741 
server: Iteration 106
server: | Checking abstraction...
server: |  |  PrecisionSize: 317
server: |  |  Starting ARG: 826 nodes, 208 incomplete, 0 unsafe
server: |  |  (StopCriterion FirstCex)...
server: |  |  Building ARG...
server: |  |  Finished ARG: 847 nodes, 214 incomplete, 1 unsafe
server: | Checking abstraction done, result: (AbstractorResult Unsafe)
server: | Refining abstraction...
server: |  |  Trace length: 423
server: |  |  Checking trace...done, result: (ExprTraceStatus Infeasible)
server: |  |  Pruning from index 417...done
server: Refining abstraction done, result: (RefinerResult Spurious)
server: ! Precision DID change in this iteration
server: Iteration took 2s to run! 
server: ExplPreictor: Predicted 102.489s, Real 103.463s 
server:               Weight 1.001049650380741 -> 1.0010392739644889 
server: Iteration 107
server: | Checking abstraction...
server: |  |  PrecisionSize: 320
server: |  |  Starting ARG: 834 nodes, 210 incomplete, 0 unsafe
server: |  |  (StopCriterion FirstCex)...
server: |  |  Building ARG...
server: |  |  Finished ARG: 855 nodes, 216 incomplete, 1 unsafe
server: | Checking abstraction done, result: (AbstractorResult Unsafe)
server: | Refining abstraction...
server: |  |  Trace length: 427
server: |  |  Checking trace...done, result: (ExprTraceStatus Infeasible)
server: |  |  Pruning from index 421...done
server: Refining abstraction done, result: (RefinerResult Spurious)
server: ! Precision DID change in this iteration
server: Iteration took 2s to run! 
server: ExplPreictor: Predicted 104.712s, Real 105.679s 
server:               Weight 1.0010392739644889 -> 1.001028288172966 
server: Iteration 108
server: | Checking abstraction...
server: |  |  PrecisionSize: 323
server: |  |  Starting ARG: 842 nodes, 212 incomplete, 0 unsafe
server: |  |  (StopCriterion FirstCex)...
server: |  |  Building ARG...
server: |  |  Finished ARG: 863 nodes, 218 incomplete, 1 unsafe
server: | Checking abstraction done, result: (AbstractorResult Unsafe)
server: | Refining abstraction...
server: |  |  Trace length: 431
server: |  |  Checking trace...done, result: (ExprTraceStatus Infeasible)
server: |  |  Pruning from index 425...done
server: Refining abstraction done, result: (RefinerResult Spurious)
server: ! Precision DID change in this iteration
server: Iteration took 2s to run! 
server: ExplPreictor: Predicted 106.944s, Real 107.911s 
server:               Weight 1.001028288172966 -> 1.0010170240175857 
server: Iteration 109
server: | Checking abstraction...
server: |  |  PrecisionSize: 326
server: |  |  Starting ARG: 850 nodes, 214 incomplete, 0 unsafe
server: |  |  (StopCriterion FirstCex)...
server: |  |  Building ARG...
server: |  |  Finished ARG: 871 nodes, 220 incomplete, 1 unsafe
server: | Checking abstraction done, result: (AbstractorResult Unsafe)
server: | Refining abstraction...
server: |  |  Trace length: 435
server: |  |  Checking trace...done, result: (ExprTraceStatus Infeasible)
server: |  |  Pruning from index 429...done
server: Refining abstraction done, result: (RefinerResult Spurious)
server: ! Precision DID change in this iteration
server: Iteration took 2s to run! 
server: ExplPreictor: Predicted 109.190s, Real 110.202s 
server:               Weight 1.0010170240175857 -> 1.0010070578002372 
server: Iteration 110
server: | Checking abstraction...
server: |  |  PrecisionSize: 329
server: |  |  Starting ARG: 858 nodes, 216 incomplete, 0 unsafe
server: |  |  (StopCriterion FirstCex)...
server: |  |  Building ARG...
server: |  |  Finished ARG: 879 nodes, 222 incomplete, 1 unsafe
server: | Checking abstraction done, result: (AbstractorResult Unsafe)
server: | Refining abstraction...
server: |  |  Trace length: 439
server: |  |  Checking trace...done, result: (ExprTraceStatus Infeasible)
server: |  |  Pruning from index 433...done
server: Refining abstraction done, result: (RefinerResult Spurious)
server: ! Precision DID change in this iteration
server: Iteration took 2s to run! 
server: ExplPreictor: Predicted 111.498s, Real 112.510s 
server:               Weight 1.0010070578002372 -> 1.0009967678644134 
server: Iteration 111
server: | Checking abstraction...
server: |  |  PrecisionSize: 332
server: |  |  Starting ARG: 866 nodes, 218 incomplete, 0 unsafe
server: |  |  (StopCriterion FirstCex)...
server: |  |  Building ARG...
server: |  |  Finished ARG: 887 nodes, 224 incomplete, 1 unsafe
server: | Checking abstraction done, result: (AbstractorResult Unsafe)
server: | Refining abstraction...
server: |  |  Trace length: 443
server: |  |  Checking trace...done, result: (ExprTraceStatus Infeasible)
server: |  |  Pruning from index 437...done
server: Refining abstraction done, result: (RefinerResult Spurious)
server: ! Precision DID change in this iteration
server: Iteration took 2s to run! 
server: ExplPreictor: Predicted 113.822s, Real 114.813s 
server:               Weight 1.0009967678644134 -> 1.0009854859010368 
server: Iteration 112
server: | Checking abstraction...
server: |  |  PrecisionSize: 335
server: |  |  Starting ARG: 874 nodes, 220 incomplete, 0 unsafe
server: |  |  (StopCriterion FirstCex)...
server: |  |  Building ARG...
server: |  |  Finished ARG: 895 nodes, 226 incomplete, 1 unsafe
server: | Checking abstraction done, result: (AbstractorResult Unsafe)
server: | Refining abstraction...
server: |  |  Trace length: 447
server: |  |  Checking trace...done, result: (ExprTraceStatus Infeasible)
server: |  |  Pruning from index 441...done
server: Refining abstraction done, result: (RefinerResult Spurious)
server: ! Precision DID change in this iteration
server: Iteration took 2s to run! 
server: ExplPreictor: Predicted 116.139s, Real 117.133s 
server:               Weight 1.0009854859010368 -> 1.0009741071775062 
server: Iteration 113
server: | Checking abstraction...
server: |  |  PrecisionSize: 338
server: |  |  Starting ARG: 882 nodes, 222 incomplete, 0 unsafe
server: |  |  (StopCriterion FirstCex)...
server: |  |  Building ARG...
server: |  |  Finished ARG: 903 nodes, 228 incomplete, 1 unsafe
server: | Checking abstraction done, result: (AbstractorResult Unsafe)
server: | Refining abstraction...
server: |  |  Trace length: 451
server: |  |  Checking trace...done, result: (ExprTraceStatus Infeasible)
server: |  |  Pruning from index 445...done
server: Refining abstraction done, result: (RefinerResult Spurious)
server: ! Precision DID change in this iteration
server: Iteration took 2s to run! 
server: ExplPreictor: Predicted 118.472s, Real 119.500s 
server:               Weight 1.0009741071775062 -> 1.000963632514327 
server: Iteration 114
server: | Checking abstraction...
server: |  |  PrecisionSize: 341
server: |  |  Starting ARG: 890 nodes, 224 incomplete, 0 unsafe
server: |  |  (StopCriterion FirstCex)...
server: |  |  Building ARG...
server: |  |  Finished ARG: 911 nodes, 230 incomplete, 1 unsafe
server: | Checking abstraction done, result: (AbstractorResult Unsafe)
server: | Refining abstraction...
server: |  |  Trace length: 455
server: |  |  Checking trace...done, result: (ExprTraceStatus Infeasible)
server: |  |  Pruning from index 449...done
server: Refining abstraction done, result: (RefinerResult Spurious)
server: ! Precision DID change in this iteration
server: Iteration took 2s to run! 
server: ExplPreictor: Predicted 120.854s, Real 121.935s 
server:               Weight 1.000963632514327 -> 1.0009546047078968 
server: Iteration 115
server: | Checking abstraction...
server: |  |  PrecisionSize: 344
server: |  |  Starting ARG: 898 nodes, 226 incomplete, 0 unsafe
server: |  |  (StopCriterion FirstCex)...
server: |  |  Building ARG...
server: |  |  Finished ARG: 919 nodes, 232 incomplete, 1 unsafe
server: | Checking abstraction done, result: (AbstractorResult Unsafe)
server: | Refining abstraction...
server: |  |  Trace length: 459
server: |  |  Checking trace...done, result: (ExprTraceStatus Infeasible)
server: |  |  Pruning from index 453...done
server: Refining abstraction done, result: (RefinerResult Spurious)
server: ! Precision DID change in this iteration
server: Iteration took 2s to run! 
server: ExplPreictor: Predicted 123.306s, Real 124.348s 
server:               Weight 1.0009546047078968 -> 1.0009440738315183 
server: Iteration 116
server: | Checking abstraction...
server: |  |  PrecisionSize: 347
server: |  |  Starting ARG: 906 nodes, 228 incomplete, 0 unsafe
server: |  |  (StopCriterion FirstCex)...
server: |  |  Building ARG...
server: |  |  Finished ARG: 927 nodes, 234 incomplete, 1 unsafe
server: | Checking abstraction done, result: (AbstractorResult Unsafe)
server: | Refining abstraction...
server: |  |  Trace length: 463
server: |  |  Checking trace...done, result: (ExprTraceStatus Infeasible)
server: |  |  Pruning from index 457...done
server: Refining abstraction done, result: (RefinerResult Spurious)
server: ! Precision DID change in this iteration
server: Iteration took 2s to run! 
server: ExplPreictor: Predicted 125.733s, Real 126.787s 
server:               Weight 1.0009440738315183 -> 1.0009337193688848 
server: Iteration 117
server: | Checking abstraction...
server: |  |  PrecisionSize: 350
server: |  |  Starting ARG: 914 nodes, 230 incomplete, 0 unsafe
server: |  |  (StopCriterion FirstCex)...
server: |  |  Building ARG...
server: |  |  Finished ARG: 935 nodes, 236 incomplete, 1 unsafe
server: | Checking abstraction done, result: (AbstractorResult Unsafe)
server: | Refining abstraction...
server: |  |  Trace length: 467
server: |  |  Checking trace...done, result: (ExprTraceStatus Infeasible)
server: |  |  Pruning from index 461...done
server: Refining abstraction done, result: (RefinerResult Spurious)
server: ! Precision DID change in this iteration
server: Iteration took 2s to run! 
server: ExplPreictor: Predicted 128.186s, Real 129.296s 
server:               Weight 1.0009337193688848 -> 1.0009248228928138 
server: Iteration 118
server: | Checking abstraction...
server: |  |  PrecisionSize: 353
server: |  |  Starting ARG: 922 nodes, 232 incomplete, 0 unsafe
server: |  |  (StopCriterion FirstCex)...
server: |  |  Building ARG...
server: |  |  Finished ARG: 943 nodes, 238 incomplete, 1 unsafe
server: | Checking abstraction done, result: (AbstractorResult Unsafe)
server: | Refining abstraction...
server: |  |  Trace length: 471
server: |  |  Checking trace...done, result: (ExprTraceStatus Infeasible)
server: |  |  Pruning from index 465...done
server: Refining abstraction done, result: (RefinerResult Spurious)
server: ! Precision DID change in this iteration
server: Iteration took 2s to run! 
server: ExplPreictor: Predicted 130.711s, Real 131.813s 
server:               Weight 1.0009248228928138 -> 1.0009154140079104 
server: Iteration 119
server: | Checking abstraction...
server: |  |  PrecisionSize: 356
server: |  |  Starting ARG: 930 nodes, 234 incomplete, 0 unsafe
server: |  |  (StopCriterion FirstCex)...
server: |  |  Building ARG...
server: |  |  Finished ARG: 951 nodes, 240 incomplete, 1 unsafe
server: | Checking abstraction done, result: (AbstractorResult Unsafe)
server: | Refining abstraction...
server: |  |  Trace length: 475
server: |  |  Checking trace...done, result: (ExprTraceStatus Infeasible)
server: |  |  Pruning from index 469...done
server: Refining abstraction done, result: (RefinerResult Spurious)
server: ! Precision DID change in this iteration
server: Iteration took 2s to run! 
server: ExplPreictor: Predicted 133.243s, Real 134.378s 
server:               Weight 1.0009154140079104 -> 1.0009067032975902 
server: Iteration 120
server: | Checking abstraction...
server: |  |  PrecisionSize: 359
server: |  |  Starting ARG: 938 nodes, 236 incomplete, 0 unsafe
server: |  |  (StopCriterion FirstCex)...
server: |  |  Building ARG...
server: |  |  Finished ARG: 959 nodes, 242 incomplete, 1 unsafe
server: | Checking abstraction done, result: (AbstractorResult Unsafe)
server: | Refining abstraction...
server: |  |  Trace length: 479
server: |  |  Checking trace...done, result: (ExprTraceStatus Infeasible)
server: |  |  Pruning from index 473...done
server: Refining abstraction done, result: (RefinerResult Spurious)
server: ! Precision DID change in this iteration
server: Iteration took 2s to run! 
server: ExplPreictor: Predicted 135.824s, Real 136.957s 
server:               Weight 1.0009067032975902 -> 1.000897674138885 
server: Iteration 121
server: | Checking abstraction...
server: |  |  PrecisionSize: 362
server: |  |  Starting ARG: 946 nodes, 238 incomplete, 0 unsafe
server: |  |  (StopCriterion FirstCex)...
server: |  |  Building ARG...
server: |  |  Finished ARG: 967 nodes, 244 incomplete, 1 unsafe
server: | Checking abstraction done, result: (AbstractorResult Unsafe)
server: | Refining abstraction...
server: |  |  Trace length: 483
server: |  |  Checking trace...done, result: (ExprTraceStatus Infeasible)
server: |  |  Pruning from index 477...done
server: Refining abstraction done, result: (RefinerResult Spurious)
server: ! Precision DID change in this iteration
server: Iteration took 2s to run! 
server: ExplPreictor: Predicted 138.419s, Real 139.656s 
server:               Weight 1.000897674138885 -> 1.0008912233314877 
server: Iteration 122
server: | Checking abstraction...
server: |  |  PrecisionSize: 365
server: |  |  Starting ARG: 954 nodes, 240 incomplete, 0 unsafe
server: |  |  (StopCriterion FirstCex)...
server: |  |  Building ARG...
server: |  |  Finished ARG: 975 nodes, 246 incomplete, 1 unsafe
server: | Checking abstraction done, result: (AbstractorResult Unsafe)
server: | Refining abstraction...
server: |  |  Trace length: 487
server: |  |  Checking trace...done, result: (ExprTraceStatus Infeasible)
server: |  |  Pruning from index 481...done
server: Refining abstraction done, result: (RefinerResult Spurious)
server: ! Precision DID change in this iteration
server: Iteration took 2s to run! 
server: ExplPreictor: Predicted 141.138s, Real 142.317s 
server:               Weight 1.0008912233314877 -> 1.0008828446711857 
server: Iteration 123
server: | Checking abstraction...
server: |  |  PrecisionSize: 368
server: |  |  Starting ARG: 962 nodes, 242 incomplete, 0 unsafe
server: |  |  (StopCriterion FirstCex)...
server: |  |  Building ARG...
server: |  |  Finished ARG: 983 nodes, 248 incomplete, 1 unsafe
server: | Checking abstraction done, result: (AbstractorResult Unsafe)
server: | Refining abstraction...
server: |  |  Trace length: 491
server: |  |  Checking trace...done, result: (ExprTraceStatus Infeasible)
server: |  |  Pruning from index 485...done
server: Refining abstraction done, result: (RefinerResult Spurious)
server: ! Precision DID change in this iteration
server: Iteration took 2s to run! 
server: ExplPreictor: Predicted 143.816s, Real 144.951s 
server:               Weight 1.0008828446711857 -> 1.000873112961363 
server: Iteration 124
server: | Checking abstraction...
server: |  |  PrecisionSize: 371
server: |  |  Starting ARG: 970 nodes, 244 incomplete, 0 unsafe
server: |  |  (StopCriterion FirstCex)...
server: |  |  Building ARG...
server: |  |  Finished ARG: 991 nodes, 250 incomplete, 1 unsafe
server: | Checking abstraction done, result: (AbstractorResult Unsafe)
server: | Refining abstraction...
server: |  |  Trace length: 495
server: |  |  Checking trace...done, result: (ExprTraceStatus Infeasible)
server: |  |  Pruning from index 489...done
server: Refining abstraction done, result: (RefinerResult Spurious)
server: ! Precision DID change in this iteration
server: Iteration took 2s to run! 
server: ExplPreictor: Predicted 146.463s, Real 147.649s 
server:               Weight 1.000873112961363 -> 1.0008645267325198 
server: Iteration 125
server: | Checking abstraction...
server: |  |  PrecisionSize: 374
server: |  |  Starting ARG: 978 nodes, 246 incomplete, 0 unsafe
server: |  |  (StopCriterion FirstCex)...
server: |  |  Building ARG...
server: |  |  Finished ARG: 999 nodes, 252 incomplete, 1 unsafe
server: | Checking abstraction done, result: (AbstractorResult Unsafe)
server: | Refining abstraction...
server: |  |  Trace length: 499
server: |  |  Checking trace...done, result: (ExprTraceStatus Infeasible)
server: |  |  Pruning from index 493...done
server: Refining abstraction done, result: (RefinerResult Spurious)
server: ! Precision DID change in this iteration
server: Iteration took 2s to run! 
server: ExplPreictor: Predicted 149.176s, Real 150.418s 
server:               Weight 1.0008645267325198 -> 1.0008571094901242 
server: Iteration 126
server: | Checking abstraction...
server: |  |  PrecisionSize: 377
server: |  |  Starting ARG: 986 nodes, 248 incomplete, 0 unsafe
server: |  |  (StopCriterion FirstCex)...
server: |  |  Building ARG...
server: |  |  Finished ARG: 1007 nodes, 254 incomplete, 1 unsafe
server: | Checking abstraction done, result: (AbstractorResult Unsafe)
server: | Refining abstraction...
server: |  |  Trace length: 503
server: |  |  Checking trace...done, result: (ExprTraceStatus Infeasible)
server: |  |  Pruning from index 497...done
server: Refining abstraction done, result: (RefinerResult Spurious)
server: ! Precision DID change in this iteration
server: Iteration took 2s to run! 
server: ExplPreictor: Predicted 151.963s, Real 153.182s 
server:               Weight 1.0008571094901242 -> 1.0008488762491963 
server: Iteration 127
server: | Checking abstraction...
server: |  |  PrecisionSize: 380
server: |  |  Starting ARG: 994 nodes, 250 incomplete, 0 unsafe
server: |  |  (StopCriterion FirstCex)...
server: |  |  Building ARG...
server: |  |  Finished ARG: 1015 nodes, 256 incomplete, 1 unsafe
server: | Checking abstraction done, result: (AbstractorResult Unsafe)
server: | Refining abstraction...
server: |  |  Trace length: 507
server: |  |  Checking trace...done, result: (ExprTraceStatus Infeasible)
server: |  |  Pruning from index 501...done
server: Refining abstraction done, result: (RefinerResult Spurious)
server: ! Precision DID change in this iteration
server: Iteration took 2s to run! 
server: ExplPreictor: Predicted 154.742s, Real 155.849s 
server:               Weight 1.0008488762491963 -> 1.0008377902392396 
server: Iteration 128
server: | Checking abstraction...
server: |  |  PrecisionSize: 383
server: |  |  Starting ARG: 1002 nodes, 252 incomplete, 0 unsafe
server: |  |  (StopCriterion FirstCex)...
server: |  |  Building ARG...
server: |  |  Finished ARG: 1023 nodes, 258 incomplete, 1 unsafe
server: | Checking abstraction done, result: (AbstractorResult Unsafe)
server: | Refining abstraction...
server: |  |  Trace length: 511
server: |  |  Checking trace...done, result: (ExprTraceStatus Infeasible)
server: |  |  Pruning from index 505...done
server: Refining abstraction done, result: (RefinerResult Spurious)
server: ! Precision DID change in this iteration
server: Iteration took 2s to run! 
server: ExplPreictor: Predicted 157.418s, Real 158.558s 
server:               Weight 1.0008377902392396 -> 1.0008274950623173 
server: Iteration 129
server: | Checking abstraction...
server: |  |  PrecisionSize: 386
server: |  |  Starting ARG: 1010 nodes, 254 incomplete, 0 unsafe
server: |  |  (StopCriterion FirstCex)...
server: |  |  Building ARG...
server: |  |  Finished ARG: 1031 nodes, 260 incomplete, 1 unsafe
server: | Checking abstraction done, result: (AbstractorResult Unsafe)
server: | Refining abstraction...
server: |  |  Trace length: 515
server: |  |  Checking trace...done, result: (ExprTraceStatus Infeasible)
server: |  |  Pruning from index 509...done
server: Refining abstraction done, result: (RefinerResult Spurious)
server: ! Precision DID change in this iteration
server: Iteration took 2s to run! 
server: ExplPreictor: Predicted 160.137s, Real 161.365s 
server:               Weight 1.0008274950623173 -> 1.0008191754224882 
server: Iteration 130
server: | Checking abstraction...
server: |  |  PrecisionSize: 389
server: |  |  Starting ARG: 1018 nodes, 256 incomplete, 0 unsafe
server: |  |  (StopCriterion FirstCex)...
server: |  |  Building ARG...
server: |  |  Finished ARG: 1039 nodes, 262 incomplete, 1 unsafe
server: | Checking abstraction done, result: (AbstractorResult Unsafe)
server: | Refining abstraction...
server: |  |  Trace length: 519
server: |  |  Checking trace...done, result: (ExprTraceStatus Infeasible)
server: |  |  Pruning from index 513...done
server: Refining abstraction done, result: (RefinerResult Spurious)
server: ! Precision DID change in this iteration
server: Iteration took 2s to run! 
server: ExplPreictor: Predicted 162.958s, Real 164.287s 
server:               Weight 1.0008191754224882 -> 1.000812947853057 
server: Iteration 131
server: | Checking abstraction...
server: |  |  PrecisionSize: 392
server: |  |  Starting ARG: 1026 nodes, 258 incomplete, 0 unsafe
server: |  |  (StopCriterion FirstCex)...
server: |  |  Building ARG...
server: |  |  Finished ARG: 1047 nodes, 264 incomplete, 1 unsafe
server: | Checking abstraction done, result: (AbstractorResult Unsafe)
server: | Refining abstraction...
server: |  |  Trace length: 523
server: |  |  Checking trace...done, result: (ExprTraceStatus Infeasible)
server: |  |  Pruning from index 517...done
server: Refining abstraction done, result: (RefinerResult Spurious)
server: ! Precision DID change in this iteration
server: Iteration took 2s to run! 
server: ExplPreictor: Predicted 165.899s, Real 167.237s 
server:               Weight 1.000812947853057 -> 1.0008066308847128 
server: Iteration 132
server: | Checking abstraction...
server: |  |  PrecisionSize: 395
server: |  |  Starting ARG: 1034 nodes, 260 incomplete, 0 unsafe
server: |  |  (StopCriterion FirstCex)...
server: |  |  Building ARG...
server: |  |  Finished ARG: 1055 nodes, 266 incomplete, 1 unsafe
server: | Checking abstraction done, result: (AbstractorResult Unsafe)
server: | Refining abstraction...
server: |  |  Trace length: 527
server: |  |  Checking trace...done, result: (ExprTraceStatus Infeasible)
server: |  |  Pruning from index 521...done
server: Refining abstraction done, result: (RefinerResult Spurious)
server: ! Precision DID change in this iteration
server: Iteration took 2s to run! 
server: ExplPreictor: Predicted 168.867s, Real 170.194s 
server:               Weight 1.0008066308847128 -> 1.0007997956160934 
server: Iteration 133
server: | Checking abstraction...
server: |  |  PrecisionSize: 398
server: |  |  Starting ARG: 1042 nodes, 262 incomplete, 0 unsafe
server: |  |  (StopCriterion FirstCex)...
server: |  |  Building ARG...
server: |  |  Finished ARG: 1063 nodes, 268 incomplete, 1 unsafe
server: | Checking abstraction done, result: (AbstractorResult Unsafe)
server: | Refining abstraction...
server: |  |  Trace length: 531
server: |  |  Checking trace...done, result: (ExprTraceStatus Infeasible)
server: |  |  Pruning from index 525...done
server: Refining abstraction done, result: (RefinerResult Spurious)
server: ! Precision DID change in this iteration
server: Iteration took 2s to run! 
server: ExplPreictor: Predicted 171.841s, Real 173.126s 
server:               Weight 1.0007997956160934 -> 1.0007918548928494 
server: Iteration 134
server: | Checking abstraction...
server: |  |  PrecisionSize: 401
server: |  |  Starting ARG: 1050 nodes, 264 incomplete, 0 unsafe
server: |  |  (StopCriterion FirstCex)...
server: |  |  Building ARG...
server: |  |  Finished ARG: 1071 nodes, 270 incomplete, 1 unsafe
server: | Checking abstraction done, result: (AbstractorResult Unsafe)
server: | Refining abstraction...
server: |  |  Trace length: 535
server: |  |  Checking trace...done, result: (ExprTraceStatus Infeasible)
server: |  |  Pruning from index 529...done
server: Refining abstraction done, result: (RefinerResult Spurious)
server: ! Precision DID change in this iteration
server: Iteration took 2s to run! 
server: ExplPreictor: Predicted 174.787s, Real 176.000s 
server:               Weight 1.0007918548928494 -> 1.000782300472241 
server: Iteration 135
server: | Checking abstraction...
server: |  |  PrecisionSize: 404
server: |  |  Starting ARG: 1058 nodes, 266 incomplete, 0 unsafe
server: |  |  (StopCriterion FirstCex)...
server: |  |  Building ARG...
server: |  |  Finished ARG: 1079 nodes, 272 incomplete, 1 unsafe
server: | Checking abstraction done, result: (AbstractorResult Unsafe)
server: | Refining abstraction...
server: |  |  Trace length: 539
server: |  |  Checking trace...done, result: (ExprTraceStatus Infeasible)
server: |  |  Pruning from index 533...done
server: Refining abstraction done, result: (RefinerResult Spurious)
server: ! Precision DID change in this iteration
server: Iteration took 2s to run! 
server: ExplPreictor: Predicted 177.671s, Real 178.921s 
server:               Weight 1.000782300472241 -> 1.0007734924421043 
server: Iteration 136
server: | Checking abstraction...
server: |  |  PrecisionSize: 407
server: |  |  Starting ARG: 1066 nodes, 268 incomplete, 0 unsafe
server: |  |  (StopCriterion FirstCex)...
server: |  |  Building ARG...
server: |  |  Finished ARG: 1087 nodes, 274 incomplete, 1 unsafe
server: | Checking abstraction done, result: (AbstractorResult Unsafe)
server: | Refining abstraction...
server: |  |  Trace length: 543
server: |  |  Checking trace...done, result: (ExprTraceStatus Infeasible)
server: |  |  Pruning from index 537...done
server: Refining abstraction done, result: (RefinerResult Spurious)
server: ! Precision DID change in this iteration
server: Iteration took 2s to run! 
server: ExplPreictor: Predicted 180.603s, Real 181.876s 
server:               Weight 1.0007734924421043 -> 1.000765092452619 
server: Iteration 137
server: | Checking abstraction...
server: |  |  PrecisionSize: 410
server: |  |  Starting ARG: 1074 nodes, 270 incomplete, 0 unsafe
server: |  |  (StopCriterion FirstCex)...
server: |  |  Building ARG...
server: |  |  Finished ARG: 1095 nodes, 276 incomplete, 1 unsafe
server: | Checking abstraction done, result: (AbstractorResult Unsafe)
server: | Refining abstraction...
server: |  |  Trace length: 547
server: |  |  Checking trace...done, result: (ExprTraceStatus Infeasible)
server: |  |  Pruning from index 541...done
server: Refining abstraction done, result: (RefinerResult Spurious)
server: ! Precision DID change in this iteration
server: Iteration took 2s to run! 
server: ExplPreictor: Predicted 183.569s, Real 184.859s 
server:               Weight 1.000765092452619 -> 1.00075694733247 
server: Iteration 138
server: | Checking abstraction...
server: |  |  PrecisionSize: 413
server: |  |  Starting ARG: 1082 nodes, 272 incomplete, 0 unsafe
server: |  |  (StopCriterion FirstCex)...
server: |  |  Building ARG...
server: |  |  Finished ARG: 1103 nodes, 278 incomplete, 1 unsafe
server: | Checking abstraction done, result: (AbstractorResult Unsafe)
server: | Refining abstraction...
server: |  |  Trace length: 551
server: |  |  Checking trace...done, result: (ExprTraceStatus Infeasible)
server: |  |  Pruning from index 545...done
server: Refining abstraction done, result: (RefinerResult Spurious)
server: ! Precision DID change in this iteration
server: Iteration took 2s to run! 
server: ExplPreictor: Predicted 186.564s, Real 187.775s 
server:               Weight 1.00075694733247 -> 1.000747230332004 
server: Iteration 139
server: | Checking abstraction...
server: |  |  PrecisionSize: 416
server: |  |  Starting ARG: 1090 nodes, 274 incomplete, 0 unsafe
server: |  |  (StopCriterion FirstCex)...
server: |  |  Building ARG...
server: |  |  Finished ARG: 1111 nodes, 280 incomplete, 1 unsafe
server: | Checking abstraction done, result: (AbstractorResult Unsafe)
server: | Refining abstraction...
server: |  |  Trace length: 555
server: |  |  Checking trace...done, result: (ExprTraceStatus Infeasible)
server: |  |  Pruning from index 549...done
server: Refining abstraction done, result: (RefinerResult Spurious)
server: ! Precision DID change in this iteration
server: Iteration took 2s to run! 
server: ExplPreictor: Predicted 189.487s, Real 190.615s 
server:               Weight 1.000747230332004 -> 1.0007360093935485 
server: Iteration 140
server: | Checking abstraction...
server: |  |  PrecisionSize: 419
server: |  |  Starting ARG: 1098 nodes, 276 incomplete, 0 unsafe
server: |  |  (StopCriterion FirstCex)...
server: |  |  Building ARG...
server: |  |  Finished ARG: 1119 nodes, 282 incomplete, 1 unsafe
server: | Checking abstraction done, result: (AbstractorResult Unsafe)
server: | Refining abstraction...
server: |  |  Trace length: 559
server: |  |  Checking trace...done, result: (ExprTraceStatus Infeasible)
server: |  |  Pruning from index 553...done
server: Refining abstraction done, result: (RefinerResult Spurious)
server: ! Precision DID change in this iteration
server: Iteration took 3s to run! 
server: ExplPreictor: Predicted 192.328s, Real 193.634s 
server:               Weight 1.0007360093935485 -> 1.000728210336796 
server: Iteration 141
server: | Checking abstraction...
server: |  |  PrecisionSize: 422
server: |  |  Starting ARG: 1106 nodes, 278 incomplete, 0 unsafe
server: |  |  (StopCriterion FirstCex)...
server: |  |  Building ARG...
server: |  |  Finished ARG: 1127 nodes, 284 incomplete, 1 unsafe
server: | Checking abstraction done, result: (AbstractorResult Unsafe)
server: | Refining abstraction...
server: |  |  Trace length: 563
server: |  |  Checking trace...done, result: (ExprTraceStatus Infeasible)
server: |  |  Pruning from index 557...done
server: Refining abstraction done, result: (RefinerResult Spurious)
server: ! Precision DID change in this iteration
server: Iteration took 3s to run! 
server: ExplPreictor: Predicted 195.358s, Real 196.680s 
server:               Weight 1.000728210336796 -> 1.0007206451770843 
server: Iteration 142
server: | Checking abstraction...
server: |  |  PrecisionSize: 425
server: |  |  Starting ARG: 1114 nodes, 280 incomplete, 0 unsafe
server: |  |  (StopCriterion FirstCex)...
server: |  |  Building ARG...
server: |  |  Finished ARG: 1135 nodes, 286 incomplete, 1 unsafe
server: | Checking abstraction done, result: (AbstractorResult Unsafe)
server: | Refining abstraction...
server: |  |  Trace length: 567
server: |  |  Checking trace...done, result: (ExprTraceStatus Infeasible)
server: |  |  Pruning from index 561...done
server: Refining abstraction done, result: (RefinerResult Spurious)
server: ! Precision DID change in this iteration
server: Iteration took 3s to run! 
server: ExplPreictor: Predicted 198.415s, Real 199.699s 
server:               Weight 1.0007206451770843 -> 1.0007123397434579 
server: Iteration 143
server: | Checking abstraction...
server: |  |  PrecisionSize: 428
server: |  |  Starting ARG: 1122 nodes, 282 incomplete, 0 unsafe
server: |  |  (StopCriterion FirstCex)...
server: |  |  Building ARG...
server: |  |  Finished ARG: 1143 nodes, 288 incomplete, 1 unsafe
server: | Checking abstraction done, result: (AbstractorResult Unsafe)
server: | Refining abstraction...
server: |  |  Trace length: 571
server: |  |  Checking trace...done, result: (ExprTraceStatus Infeasible)
server: |  |  Pruning from index 565...done
server: Refining abstraction done, result: (RefinerResult Spurious)
server: ! Precision DID change in this iteration
server: Iteration took 3s to run! 
server: ExplPreictor: Predicted 201.443s, Real 202.849s 
server:               Weight 1.0007123397434579 -> 1.0007061698191193 
server: Iteration 144
server: | Checking abstraction...
server: |  |  PrecisionSize: 431
server: |  |  Starting ARG: 1130 nodes, 284 incomplete, 0 unsafe
server: |  |  (StopCriterion FirstCex)...
server: |  |  Building ARG...
server: |  |  Finished ARG: 1151 nodes, 290 incomplete, 1 unsafe
server: | Checking abstraction done, result: (AbstractorResult Unsafe)
server: | Refining abstraction...
server: |  |  Trace length: 575
server: |  |  Checking trace...done, result: (ExprTraceStatus Infeasible)
server: |  |  Pruning from index 569...done
server: Refining abstraction done, result: (RefinerResult Spurious)
server: ! Precision DID change in this iteration
server: Iteration took 3s to run! 
server: ExplPreictor: Predicted 204.607s, Real 206.222s 
server:               Weight 1.0007061698191193 -> 1.0007034366105494 
server: Iteration 145
server: | Checking abstraction...
server: |  |  PrecisionSize: 434
server: |  |  Starting ARG: 1138 nodes, 286 incomplete, 0 unsafe
server: |  |  (StopCriterion FirstCex)...
server: |  |  Building ARG...
server: |  |  Finished ARG: 1159 nodes, 292 incomplete, 1 unsafe
server: | Checking abstraction done, result: (AbstractorResult Unsafe)
server: | Refining abstraction...
server: |  |  Trace length: 579
server: |  |  Checking trace...done, result: (ExprTraceStatus Infeasible)
server: |  |  Pruning from index 573...done
server: Refining abstraction done, result: (RefinerResult Spurious)
server: ! Precision DID change in this iteration
server: Iteration took 3s to run! 
server: ExplPreictor: Predicted 208.005s, Real 209.601s 
server:               Weight 1.0007034366105494 -> 1.0007000202787764 
server: Iteration 146
server: | Checking abstraction...
server: |  |  PrecisionSize: 437
server: |  |  Starting ARG: 1146 nodes, 288 incomplete, 0 unsafe
server: |  |  (StopCriterion FirstCex)...
server: |  |  Building ARG...
server: |  |  Finished ARG: 1167 nodes, 294 incomplete, 1 unsafe
server: | Checking abstraction done, result: (AbstractorResult Unsafe)
server: | Refining abstraction...
server: |  |  Trace length: 583
server: |  |  Checking trace...done, result: (ExprTraceStatus Infeasible)
server: |  |  Pruning from index 577...done
server: Refining abstraction done, result: (RefinerResult Spurious)
server: ! Precision DID change in this iteration
server: Iteration took 3s to run! 
server: ExplPreictor: Predicted 211.407s, Real 213.139s 
server:               Weight 1.0007000202787764 -> 1.000698536082961 
server: Iteration 147
server: | Checking abstraction...
server: |  |  PrecisionSize: 440
server: |  |  Starting ARG: 1154 nodes, 290 incomplete, 0 unsafe
server: |  |  (StopCriterion FirstCex)...
server: |  |  Building ARG...
server: |  |  Finished ARG: 1175 nodes, 296 incomplete, 1 unsafe
server: | Checking abstraction done, result: (AbstractorResult Unsafe)
server: | Refining abstraction...
server: |  |  Trace length: 587
server: |  |  Checking trace...done, result: (ExprTraceStatus Infeasible)
server: |  |  Pruning from index 581...done
server: Refining abstraction done, result: (RefinerResult Spurious)
server: ! Precision DID change in this iteration
server: Iteration took 3s to run! 
server: ExplPreictor: Predicted 214.974s, Real 216.448s 
server:               Weight 1.000698536082961 -> 1.0006924191039546 
server: Iteration 148
server: | Checking abstraction...
server: |  |  PrecisionSize: 443
server: |  |  Starting ARG: 1162 nodes, 292 incomplete, 0 unsafe
server: |  |  (StopCriterion FirstCex)...
server: |  |  Building ARG...
server: |  |  Finished ARG: 1183 nodes, 298 incomplete, 1 unsafe
server: | Checking abstraction done, result: (AbstractorResult Unsafe)
server: | Refining abstraction...
server: |  |  Trace length: 591
server: |  |  Checking trace...done, result: (ExprTraceStatus Infeasible)
server: |  |  Pruning from index 585...done
server: Refining abstraction done, result: (RefinerResult Spurious)
server: ! Precision DID change in this iteration
server: Iteration took 3s to run! 
server: ExplPreictor: Predicted 218.297s, Real 219.850s 
server:               Weight 1.0006924191039546 -> 1.00068742954007 
server: Iteration 149
server: | Checking abstraction...
server: |  |  PrecisionSize: 446
server: |  |  Starting ARG: 1170 nodes, 294 incomplete, 0 unsafe
server: |  |  (StopCriterion FirstCex)...
server: |  |  Building ARG...
server: |  |  Finished ARG: 1191 nodes, 300 incomplete, 1 unsafe
server: | Checking abstraction done, result: (AbstractorResult Unsafe)
server: | Refining abstraction...
server: |  |  Trace length: 595
server: |  |  Checking trace...done, result: (ExprTraceStatus Infeasible)
server: |  |  Pruning from index 589...done
server: Refining abstraction done, result: (RefinerResult Spurious)
server: ! Precision DID change in this iteration
server: Iteration took 3s to run! 
server: ExplPreictor: Predicted 221.717s, Real 223.168s 
server:               Weight 1.00068742954007 -> 1.0006806495417 
server: Iteration 150
server: | Checking abstraction...
server: |  |  PrecisionSize: 449
server: |  |  Starting ARG: 1178 nodes, 296 incomplete, 0 unsafe
server: |  |  (StopCriterion FirstCex)...
server: |  |  Building ARG...
server: |  |  Finished ARG: 1199 nodes, 302 incomplete, 1 unsafe
server: | Checking abstraction done, result: (AbstractorResult Unsafe)
server: | Refining abstraction...
server: |  |  Trace length: 599
server: |  |  Checking trace...done, result: (ExprTraceStatus Infeasible)
server: |  |  Pruning from index 593...done
server: Refining abstraction done, result: (RefinerResult Spurious)
server: ! Precision DID change in this iteration
server: Iteration took 3s to run! 
server: ExplPreictor: Predicted 225.047s, Real 226.409s 
server:               Weight 1.0006806495417 -> 1.0006724352595293 
server: Iteration 151
server: | Checking abstraction...
server: |  |  PrecisionSize: 452
server: |  |  Starting ARG: 1186 nodes, 298 incomplete, 0 unsafe
server: |  |  (StopCriterion FirstCex)...
server: |  |  Building ARG...
server: |  |  Finished ARG: 1207 nodes, 304 incomplete, 1 unsafe
server: | Checking abstraction done, result: (AbstractorResult Unsafe)
server: | Refining abstraction...
server: |  |  Trace length: 603
server: |  |  Checking trace...done, result: (ExprTraceStatus Infeasible)
server: |  |  Pruning from index 597...done
server: Refining abstraction done, result: (RefinerResult Spurious)
server: ! Precision DID change in this iteration
server: Iteration took 3s to run! 
server: ExplPreictor: Predicted 228.294s, Real 229.742s 
server:               Weight 1.0006724352595293 -> 1.000665556505846 
server: Iteration 152
server: | Checking abstraction...
server: |  |  PrecisionSize: 455
server: |  |  Starting ARG: 1194 nodes, 300 incomplete, 0 unsafe
server: |  |  (StopCriterion FirstCex)...
server: |  |  Building ARG...
server: |  |  Finished ARG: 1215 nodes, 306 incomplete, 1 unsafe
server: | Checking abstraction done, result: (AbstractorResult Unsafe)
server: | Refining abstraction...
server: |  |  Trace length: 607
server: |  |  Checking trace...done, result: (ExprTraceStatus Infeasible)
server: |  |  Pruning from index 601...done
server: Refining abstraction done, result: (RefinerResult Spurious)
server: ! Precision DID change in this iteration
server: Iteration took 3s to run! 
server: ExplPreictor: Predicted 231.637s, Real 233.505s 
server:               Weight 1.000665556505846 -> 1.0006648918076702 
server: Iteration 153
server: | Checking abstraction...
server: |  |  PrecisionSize: 458
server: |  |  Starting ARG: 1202 nodes, 302 incomplete, 0 unsafe
server: |  |  (StopCriterion FirstCex)...
server: |  |  Building ARG...
server: |  |  Finished ARG: 1223 nodes, 308 incomplete, 1 unsafe
server: | Checking abstraction done, result: (AbstractorResult Unsafe)
server: | Refining abstraction...
server: |  |  Trace length: 611
server: |  |  Checking trace...done, result: (ExprTraceStatus Infeasible)
server: |  |  Pruning from index 605...done
server: Refining abstraction done, result: (RefinerResult Spurious)
server: ! Precision DID change in this iteration
server: Iteration took 3s to run! 
server: ExplPreictor: Predicted 235.432s, Real 237.196s 
server:               Weight 1.0006648918076702 -> 1.0006622548615902 
server: Iteration 154
server: | Checking abstraction...
server: |  |  PrecisionSize: 461
server: |  |  Starting ARG: 1210 nodes, 304 incomplete, 0 unsafe
server: |  |  (StopCriterion FirstCex)...
server: |  |  Building ARG...
server: |  |  Finished ARG: 1231 nodes, 310 incomplete, 1 unsafe
server: | Checking abstraction done, result: (AbstractorResult Unsafe)
server: | Refining abstraction...
server: |  |  Trace length: 615
server: |  |  Checking trace...done, result: (ExprTraceStatus Infeasible)
server: |  |  Pruning from index 609...done
server: Refining abstraction done, result: (RefinerResult Spurious)
server: ! Precision DID change in this iteration
server: Iteration took 3s to run! 
server: ExplPreictor: Predicted 239.148s, Real 240.911s 
server:               Weight 1.0006622548615902 -> 1.0006592826655893 
server: Iteration 155
server: | Checking abstraction...
server: |  |  PrecisionSize: 464
server: |  |  Starting ARG: 1218 nodes, 306 incomplete, 0 unsafe
server: |  |  (StopCriterion FirstCex)...
server: |  |  Building ARG...
server: |  |  Finished ARG: 1239 nodes, 312 incomplete, 1 unsafe
server: | Checking abstraction done, result: (AbstractorResult Unsafe)
server: | Refining abstraction...
server: |  |  Trace length: 619
server: |  |  Checking trace...done, result: (ExprTraceStatus Infeasible)
server: |  |  Pruning from index 613...done
server: Refining abstraction done, result: (RefinerResult Spurious)
server: ! Precision DID change in this iteration
server: Iteration took 3s to run! 
server: ExplPreictor: Predicted 242.887s, Real 244.676s 
server:               Weight 1.0006592826655893 -> 1.000656383777696 
server: Iteration 156
server: | Checking abstraction...
server: |  |  PrecisionSize: 467
server: |  |  Starting ARG: 1226 nodes, 308 incomplete, 0 unsafe
server: |  |  (StopCriterion FirstCex)...
server: |  |  Building ARG...
server: |  |  Finished ARG: 1247 nodes, 314 incomplete, 1 unsafe
server: | Checking abstraction done, result: (AbstractorResult Unsafe)
server: | Refining abstraction...
server: |  |  Trace length: 623
server: |  |  Checking trace...done, result: (ExprTraceStatus Infeasible)
server: |  |  Pruning from index 617...done
server: Refining abstraction done, result: (RefinerResult Spurious)
server: ! Precision DID change in this iteration
server: Iteration took 3s to run! 
server: ExplPreictor: Predicted 246.677s, Real 248.317s 
server:               Weight 1.000656383777696 -> 1.000651126096014 
server: Iteration 157
server: | Checking abstraction...
server: |  |  PrecisionSize: 470
server: |  |  Starting ARG: 1234 nodes, 310 incomplete, 0 unsafe
server: |  |  (StopCriterion FirstCex)...
server: |  |  Building ARG...
server: |  |  Finished ARG: 1255 nodes, 316 incomplete, 1 unsafe
server: | Checking abstraction done, result: (AbstractorResult Unsafe)
server: | Refining abstraction...
server: |  |  Trace length: 627
server: |  |  Checking trace...done, result: (ExprTraceStatus Infeasible)
server: |  |  Pruning from index 621...done
server: Refining abstraction done, result: (RefinerResult Spurious)
server: ! Precision DID change in this iteration
server: Iteration took 3s to run! 
server: ExplPreictor: Predicted 250.334s, Real 251.828s 
server:               Weight 1.000651126096014 -> 1.0006437412678846 
server: Iteration 158
server: | Checking abstraction...
server: |  |  PrecisionSize: 473
server: |  |  Starting ARG: 1242 nodes, 312 incomplete, 0 unsafe
server: |  |  (StopCriterion FirstCex)...
server: |  |  Building ARG...
server: |  |  Finished ARG: 1263 nodes, 318 incomplete, 1 unsafe
server: | Checking abstraction done, result: (AbstractorResult Unsafe)
server: | Refining abstraction...
server: |  |  Trace length: 631
server: |  |  Checking trace...done, result: (ExprTraceStatus Infeasible)
server: |  |  Pruning from index 625...done
server: Refining abstraction done, result: (RefinerResult Spurious)
server: ! Precision DID change in this iteration
server: Iteration took 3s to run! 
server: ExplPreictor: Predicted 253.852s, Real 255.402s 
server:               Weight 1.0006437412678846 -> 1.0006371193402688 
server: Iteration 159
server: | Checking abstraction...
server: |  |  PrecisionSize: 476
server: |  |  Starting ARG: 1250 nodes, 314 incomplete, 0 unsafe
server: |  |  (StopCriterion FirstCex)...
server: |  |  Building ARG...
server: |  |  Finished ARG: 1271 nodes, 320 incomplete, 1 unsafe
server: | Checking abstraction done, result: (AbstractorResult Unsafe)
server: | Refining abstraction...
server: |  |  Trace length: 635
server: |  |  Checking trace...done, result: (ExprTraceStatus Infeasible)
server: |  |  Pruning from index 629...done
server: Refining abstraction done, result: (RefinerResult Spurious)
server: ! Precision DID change in this iteration
server: Iteration took 3s to run! 
server: ExplPreictor: Predicted 257.436s, Real 258.967s 
server:               Weight 1.0006371193402688 -> 1.0006302215939493 
server: Iteration 160
server: | Checking abstraction...
server: |  |  PrecisionSize: 479
server: |  |  Starting ARG: 1258 nodes, 316 incomplete, 0 unsafe
server: |  |  (StopCriterion FirstCex)...
server: |  |  Building ARG...
server: |  |  Finished ARG: 1279 nodes, 322 incomplete, 1 unsafe
server: | Checking abstraction done, result: (AbstractorResult Unsafe)
server: | Refining abstraction...
server: |  |  Trace length: 639
server: |  |  Checking trace...done, result: (ExprTraceStatus Infeasible)
server: |  |  Pruning from index 633...done
server: Refining abstraction done, result: (RefinerResult Spurious)
server: ! Precision DID change in this iteration
server: Iteration took 3s to run! 
server: ExplPreictor: Predicted 261.009s, Real 262.462s 
server:               Weight 1.0006302215939493 -> 1.0006223013097584 
server: Iteration 161
server: | Checking abstraction...
server: |  |  PrecisionSize: 482
server: |  |  Starting ARG: 1266 nodes, 318 incomplete, 0 unsafe
server: |  |  (StopCriterion FirstCex)...
server: |  |  Building ARG...
server: |  |  Finished ARG: 1287 nodes, 324 incomplete, 1 unsafe
server: | Checking abstraction done, result: (AbstractorResult Unsafe)
server: | Refining abstraction...
server: |  |  Trace length: 643
server: |  |  Checking trace...done, result: (ExprTraceStatus Infeasible)
server: |  |  Pruning from index 637...done
server: Refining abstraction done, result: (RefinerResult Spurious)
server: ! Precision DID change in this iteration
server: Iteration took 3s to run! 
server: ExplPreictor: Predicted 264.508s, Real 266.009s 
server:               Weight 1.0006223013097584 -> 1.0006150763712336 
server: Iteration 162
server: | Checking abstraction...
server: |  |  PrecisionSize: 485
server: |  |  Starting ARG: 1274 nodes, 320 incomplete, 0 unsafe
server: |  |  (StopCriterion FirstCex)...
server: |  |  Building ARG...
server: |  |  Finished ARG: 1295 nodes, 326 incomplete, 1 unsafe
server: | Checking abstraction done, result: (AbstractorResult Unsafe)
server: | Refining abstraction...
server: |  |  Trace length: 647
server: |  |  Checking trace...done, result: (ExprTraceStatus Infeasible)
server: |  |  Pruning from index 641...done
server: Refining abstraction done, result: (RefinerResult Spurious)
server: ! Precision DID change in this iteration
server: Iteration took 3s to run! 
server: ExplPreictor: Predicted 268.061s, Real 269.636s 
server:               Weight 1.0006150763712336 -> 1.0006088303598883 
server: Iteration 163
server: | Checking abstraction...
server: |  |  PrecisionSize: 488
server: |  |  Starting ARG: 1282 nodes, 322 incomplete, 0 unsafe
server: |  |  (StopCriterion FirstCex)...
server: |  |  Building ARG...
server: |  |  Finished ARG: 1303 nodes, 328 incomplete, 1 unsafe
server: | Checking abstraction done, result: (AbstractorResult Unsafe)
server: | Refining abstraction...
server: |  |  Trace length: 651
server: |  |  Checking trace...done, result: (ExprTraceStatus Infeasible)
server: |  |  Pruning from index 645...done
server: Refining abstraction done, result: (RefinerResult Spurious)
server: ! Precision DID change in this iteration
server: Iteration took 3s to run! 
server: ExplPreictor: Predicted 271.697s, Real 273.470s 
server:               Weight 1.0006088303598883 -> 1.0006050368036048 
server: Iteration 164
server: | Checking abstraction...
server: |  |  PrecisionSize: 491
server: |  |  Starting ARG: 1290 nodes, 324 incomplete, 0 unsafe
server: |  |  (StopCriterion FirstCex)...
server: |  |  Building ARG...
server: |  |  Finished ARG: 1311 nodes, 330 incomplete, 1 unsafe
server: | Checking abstraction done, result: (AbstractorResult Unsafe)
server: | Refining abstraction...
server: |  |  Trace length: 655
server: |  |  Checking trace...done, result: (ExprTraceStatus Infeasible)
server: |  |  Pruning from index 649...done
server: Refining abstraction done, result: (RefinerResult Spurious)
server: ! Precision DID change in this iteration
server: Iteration took 3s to run! 
server: ExplPreictor: Predicted 275.549s, Real 277.280s 
server:               Weight 1.0006050368036048 -> 1.0006005504672075 
server: Iteration 165
server: | Checking abstraction...
server: |  |  PrecisionSize: 494
server: |  |  Starting ARG: 1298 nodes, 326 incomplete, 0 unsafe
server: |  |  (StopCriterion FirstCex)...
server: |  |  Building ARG...
server: |  |  Finished ARG: 1319 nodes, 332 incomplete, 1 unsafe
server: | Checking abstraction done, result: (AbstractorResult Unsafe)
server: | Refining abstraction...
server: |  |  Trace length: 659
server: |  |  Checking trace...done, result: (ExprTraceStatus Infeasible)
server: |  |  Pruning from index 653...done
server: Refining abstraction done, result: (RefinerResult Spurious)
server: ! Precision DID change in this iteration
server: Iteration took 3s to run! 
server: ExplPreictor: Predicted 279.375s, Real 281.251s 
server:               Weight 1.0006005504672075 -> 1.0005977017609131 
server: Iteration 166
server: | Checking abstraction...
server: |  |  PrecisionSize: 497
server: |  |  Starting ARG: 1306 nodes, 328 incomplete, 0 unsafe
server: |  |  (StopCriterion FirstCex)...
server: |  |  Building ARG...
server: |  |  Finished ARG: 1327 nodes, 334 incomplete, 1 unsafe
server: | Checking abstraction done, result: (AbstractorResult Unsafe)
server: | Refining abstraction...
server: |  |  Trace length: 663
server: |  |  Checking trace...done, result: (ExprTraceStatus Infeasible)
server: |  |  Pruning from index 657...done
server: Refining abstraction done, result: (RefinerResult Spurious)
server: ! Precision DID change in this iteration
server: Iteration took 4s to run! 
server: ExplPreictor: Predicted 283.368s, Real 285.266s 
server:               Weight 1.0005977017609131 -> 1.000594889255198 
server: Iteration 167
server: | Checking abstraction...
server: |  |  PrecisionSize: 500
server: |  |  Starting ARG: 1314 nodes, 330 incomplete, 0 unsafe
server: |  |  (StopCriterion FirstCex)...
server: |  |  Building ARG...
server: |  |  Finished ARG: 1335 nodes, 336 incomplete, 1 unsafe
server: | Checking abstraction done, result: (AbstractorResult Unsafe)
server: | Refining abstraction...
server: |  |  Trace length: 667
server: |  |  Checking trace...done, result: (ExprTraceStatus Infeasible)
server: |  |  Pruning from index 661...done
server: Refining abstraction done, result: (RefinerResult Spurious)
server: ! Precision DID change in this iteration
server: Iteration took 4s to run! 
server: ExplPreictor: Predicted 287.406s, Real 289.358s 
server:               Weight 1.000594889255198 -> 1.0005924938574893 
server: Iteration 168
server: | Checking abstraction...
server: |  |  PrecisionSize: 503
server: |  |  Starting ARG: 1322 nodes, 332 incomplete, 0 unsafe
server: |  |  (StopCriterion FirstCex)...
server: |  |  Building ARG...
server: |  |  Finished ARG: 1343 nodes, 338 incomplete, 1 unsafe
server: | Checking abstraction done, result: (AbstractorResult Unsafe)
server: | Refining abstraction...
server: |  |  Trace length: 671
server: |  |  Checking trace...done, result: (ExprTraceStatus Infeasible)
server: |  |  Pruning from index 665...done
server: Refining abstraction done, result: (RefinerResult Spurious)
server: ! Precision DID change in this iteration
server: Iteration took 4s to run! 
server: ExplPreictor: Predicted 291.522s, Real 293.678s 
server:               Weight 1.0005924938574893 -> 1.0005921999012846 
server: Iteration 169
server: | Checking abstraction...
server: |  |  PrecisionSize: 506
server: |  |  Starting ARG: 1330 nodes, 334 incomplete, 0 unsafe
server: |  |  (StopCriterion FirstCex)...
server: |  |  Building ARG...
server: |  |  Finished ARG: 1351 nodes, 340 incomplete, 1 unsafe
server: | Checking abstraction done, result: (AbstractorResult Unsafe)
server: | Refining abstraction...
server: |  |  Trace length: 675
server: |  |  Checking trace...done, result: (ExprTraceStatus Infeasible)
server: |  |  Pruning from index 669...done
server: Refining abstraction done, result: (RefinerResult Spurious)
server: ! Precision DID change in this iteration
server: Iteration took 4s to run! 
server: ExplPreictor: Predicted 295.876s, Real 298.055s 
server:               Weight 1.0005921999012846 -> 1.0005917870959657 
server: Iteration 170
server: | Checking abstraction...
server: |  |  PrecisionSize: 509
server: |  |  Starting ARG: 1338 nodes, 336 incomplete, 0 unsafe
server: |  |  (StopCriterion FirstCex)...
server: |  |  Building ARG...
server: |  |  Finished ARG: 1359 nodes, 342 incomplete, 1 unsafe
server: | Checking abstraction done, result: (AbstractorResult Unsafe)
server: | Refining abstraction...
server: |  |  Trace length: 679
server: |  |  Checking trace...done, result: (ExprTraceStatus Infeasible)
server: |  |  Pruning from index 673...done
server: Refining abstraction done, result: (RefinerResult Spurious)
server: ! Precision DID change in this iteration
server: Iteration took 4s to run! 
server: ExplPreictor: Predicted 300.287s, Real 302.578s 
server:               Weight 1.0005917870959657 -> 1.0005922514686145 
server: Iteration 171
server: | Checking abstraction...
server: |  |  PrecisionSize: 512
server: |  |  Starting ARG: 1346 nodes, 338 incomplete, 0 unsafe
server: |  |  (StopCriterion FirstCex)...
server: |  |  Building ARG...
server: |  |  Finished ARG: 1367 nodes, 344 incomplete, 1 unsafe
server: | Checking abstraction done, result: (AbstractorResult Unsafe)
server: | Refining abstraction...
server: |  |  Trace length: 683
server: |  |  Checking trace...done, result: (ExprTraceStatus Infeasible)
server: |  |  Pruning from index 677...done
server: Refining abstraction done, result: (RefinerResult Spurious)
server: ! Precision DID change in this iteration
server: Iteration took 4s to run! 
server: ExplPreictor: Predicted 304.848s, Real 307.023s 
server:               Weight 1.0005922514686145 -> 1.0005910071363562 
server: Iteration 172
server: | Checking abstraction...
server: |  |  PrecisionSize: 515
server: |  |  Starting ARG: 1354 nodes, 340 incomplete, 0 unsafe
server: |  |  (StopCriterion FirstCex)...
server: |  |  Building ARG...
server: |  |  Finished ARG: 1375 nodes, 346 incomplete, 1 unsafe
server: | Checking abstraction done, result: (AbstractorResult Unsafe)
server: | Refining abstraction...
server: |  |  Trace length: 687
server: |  |  Checking trace...done, result: (ExprTraceStatus Infeasible)
server: |  |  Pruning from index 681...done
server: Refining abstraction done, result: (RefinerResult Spurious)
server: ! Precision DID change in this iteration
server: Iteration took 4s to run! 
server: ExplPreictor: Predicted 309.324s, Real 311.484s 
server:               Weight 1.0005910071363562 -> 1.0005892800316596 
server: Iteration 173
server: | Checking abstraction...
server: |  |  PrecisionSize: 518
server: |  |  Starting ARG: 1362 nodes, 342 incomplete, 0 unsafe
server: |  |  (StopCriterion FirstCex)...
server: |  |  Building ARG...
server: |  |  Finished ARG: 1383 nodes, 348 incomplete, 1 unsafe
server: | Checking abstraction done, result: (AbstractorResult Unsafe)
server: | Refining abstraction...
server: |  |  Trace length: 691
server: |  |  Checking trace...done, result: (ExprTraceStatus Infeasible)
server: |  |  Pruning from index 685...done
server: Refining abstraction done, result: (RefinerResult Spurious)
server: ! Precision DID change in this iteration
server: Iteration took 4s to run! 
server: ExplPreictor: Predicted 313.814s, Real 315.976s 
server:               Weight 1.0005892800316596 -> 1.000587285585357 
server: Iteration 174
server: | Checking abstraction...
server: |  |  PrecisionSize: 521
server: |  |  Starting ARG: 1370 nodes, 344 incomplete, 0 unsafe
server: |  |  (StopCriterion FirstCex)...
server: |  |  Building ARG...
server: |  |  Finished ARG: 1391 nodes, 350 incomplete, 1 unsafe
server: | Checking abstraction done, result: (AbstractorResult Unsafe)
server: | Refining abstraction...
server: |  |  Trace length: 695
server: |  |  Checking trace...done, result: (ExprTraceStatus Infeasible)
server: |  |  Pruning from index 689...done
server: Refining abstraction done, result: (RefinerResult Spurious)
server: ! Precision DID change in this iteration
server: Iteration took 4s to run! 
server: ExplPreictor: Predicted 318.335s, Real 320.570s 
server:               Weight 1.000587285585357 -> 1.000585796364145 
server: Iteration 175
server: | Checking abstraction...
server: |  |  PrecisionSize: 524
server: |  |  Starting ARG: 1378 nodes, 346 incomplete, 0 unsafe
server: |  |  (StopCriterion FirstCex)...
server: |  |  Building ARG...
server: |  |  Finished ARG: 1399 nodes, 352 incomplete, 1 unsafe
server: | Checking abstraction done, result: (AbstractorResult Unsafe)
server: | Refining abstraction...
server: |  |  Trace length: 699
server: |  |  Checking trace...done, result: (ExprTraceStatus Infeasible)
server: |  |  Pruning from index 693...done
server: Refining abstraction done, result: (RefinerResult Spurious)
server: ! Precision DID change in this iteration
server: Iteration took 4s to run! 
server: ExplPreictor: Predicted 322.960s, Real 325.313s 
server:               Weight 1.000585796364145 -> 1.0005852253929661 
server: Iteration 176
server: | Checking abstraction...
server: |  |  PrecisionSize: 527
server: |  |  Starting ARG: 1386 nodes, 348 incomplete, 0 unsafe
server: |  |  (StopCriterion FirstCex)...
server: |  |  Building ARG...
server: |  |  Finished ARG: 1407 nodes, 354 incomplete, 1 unsafe
server: | Checking abstraction done, result: (AbstractorResult Unsafe)
server: | Refining abstraction...
server: |  |  Trace length: 703
server: |  |  Checking trace...done, result: (ExprTraceStatus Infeasible)
server: |  |  Pruning from index 697...done
server: Refining abstraction done, result: (RefinerResult Spurious)
server: ! Precision DID change in this iteration
server: Iteration took 4s to run! 
server: ExplPreictor: Predicted 327.738s, Real 329.960s 
server:               Weight 1.0005852253929661 -> 1.0005829624499383 
server: Iteration 177
server: | Checking abstraction...
server: |  |  PrecisionSize: 530
server: |  |  Starting ARG: 1394 nodes, 350 incomplete, 0 unsafe
server: |  |  (StopCriterion FirstCex)...
server: |  |  Building ARG...
server: |  |  Finished ARG: 1415 nodes, 356 incomplete, 1 unsafe
server: | Checking abstraction done, result: (AbstractorResult Unsafe)
server: | Refining abstraction...
server: |  |  Trace length: 707
server: |  |  Checking trace...done, result: (ExprTraceStatus Infeasible)
server: |  |  Pruning from index 701...done
server: Refining abstraction done, result: (RefinerResult Spurious)
server: ! Precision DID change in this iteration
server: Iteration took 4s to run! 
server: ExplPreictor: Predicted 332.413s, Real 334.487s 
server:               Weight 1.0005829624499383 -> 1.0005789793260202 
server: Iteration 178
server: | Checking abstraction...
server: |  |  PrecisionSize: 533
server: |  |  Starting ARG: 1402 nodes, 352 incomplete, 0 unsafe
server: |  |  (StopCriterion FirstCex)...
server: |  |  Building ARG...
server: |  |  Finished ARG: 1423 nodes, 358 incomplete, 1 unsafe
server: | Checking abstraction done, result: (AbstractorResult Unsafe)
server: | Refining abstraction...
server: |  |  Trace length: 711
server: |  |  Checking trace...done, result: (ExprTraceStatus Infeasible)
server: |  |  Pruning from index 705...done
server: Refining abstraction done, result: (RefinerResult Spurious)
server: ! Precision DID change in this iteration
server: Iteration took 4s to run! 
server: ExplPreictor: Predicted 336.960s, Real 339.070s 
server:               Weight 1.0005789793260202 -> 1.000575227076335 
server: Iteration 179
server: | Checking abstraction...
server: |  |  PrecisionSize: 536
server: |  |  Starting ARG: 1410 nodes, 354 incomplete, 0 unsafe
server: |  |  (StopCriterion FirstCex)...
server: |  |  Building ARG...
server: |  |  Finished ARG: 1431 nodes, 360 incomplete, 1 unsafe
server: | Checking abstraction done, result: (AbstractorResult Unsafe)
server: | Refining abstraction...
server: |  |  Trace length: 715
server: |  |  Checking trace...done, result: (ExprTraceStatus Infeasible)
server: |  |  Pruning from index 709...done
server: Refining abstraction done, result: (RefinerResult Spurious)
server: ! Precision DID change in this iteration
server: Iteration took 4s to run! 
server: ExplPreictor: Predicted 341.563s, Real 343.725s 
server:               Weight 1.000575227076335 -> 1.0005718353420372 
server: Iteration 180
server: | Checking abstraction...
server: |  |  PrecisionSize: 539
server: |  |  Starting ARG: 1418 nodes, 356 incomplete, 0 unsafe
server: |  |  (StopCriterion FirstCex)...
server: |  |  Building ARG...
server: |  |  Finished ARG: 1439 nodes, 362 incomplete, 1 unsafe
server: | Checking abstraction done, result: (AbstractorResult Unsafe)
server: | Refining abstraction...
server: |  |  Trace length: 719
server: |  |  Checking trace...done, result: (ExprTraceStatus Infeasible)
server: |  |  Pruning from index 713...done
server: Refining abstraction done, result: (RefinerResult Spurious)
server: ! Precision DID change in this iteration
server: Iteration took 4s to run! 
server: ExplPreictor: Predicted 346.240s, Real 348.337s 
server:               Weight 1.0005718353420372 -> 1.0005676637818635 
server: Iteration 181
server: | Checking abstraction...
server: |  |  PrecisionSize: 542
server: |  |  Starting ARG: 1426 nodes, 358 incomplete, 0 unsafe
server: |  |  (StopCriterion FirstCex)...
server: |  |  Building ARG...
server: |  |  Finished ARG: 1447 nodes, 364 incomplete, 1 unsafe
server: | Checking abstraction done, result: (AbstractorResult Unsafe)
server: | Refining abstraction...
server: |  |  Trace length: 723
server: |  |  Checking trace...done, result: (ExprTraceStatus Infeasible)
server: |  |  Pruning from index 717...done
server: Refining abstraction done, result: (RefinerResult Spurious)
server: ! Precision DID change in this iteration
server: Iteration took 4s to run! 
server: ExplPreictor: Predicted 350.869s, Real 353.130s 
server:               Weight 1.0005676637818635 -> 1.00056492132637 
server: Iteration 182
server: | Checking abstraction...
server: |  |  PrecisionSize: 545
server: |  |  Starting ARG: 1434 nodes, 360 incomplete, 0 unsafe
server: |  |  (StopCriterion FirstCex)...
server: |  |  Building ARG...
server: |  |  Finished ARG: 1455 nodes, 366 incomplete, 1 unsafe
server: | Checking abstraction done, result: (AbstractorResult Unsafe)
server: | Refining abstraction...
server: |  |  Trace length: 727
server: |  |  Checking trace...done, result: (ExprTraceStatus Infeasible)
server: |  |  Pruning from index 721...done
server: Refining abstraction done, result: (RefinerResult Spurious)
server: ! Precision DID change in this iteration
server: Iteration took 4s to run! 
server: ExplPreictor: Predicted 355.688s, Real 358.027s 
server:               Weight 1.00056492132637 -> 1.0005627160386106 
server: Iteration 183
server: | Checking abstraction...
server: |  |  PrecisionSize: 548
server: |  |  Starting ARG: 1442 nodes, 362 incomplete, 0 unsafe
server: |  |  (StopCriterion FirstCex)...
server: |  |  Building ARG...
server: |  |  Finished ARG: 1463 nodes, 368 incomplete, 1 unsafe
server: | Checking abstraction done, result: (AbstractorResult Unsafe)
server: | Refining abstraction...
server: |  |  Trace length: 731
server: |  |  Checking trace...done, result: (ExprTraceStatus Infeasible)
server: |  |  Pruning from index 725...done
server: Refining abstraction done, result: (RefinerResult Spurious)
server: ! Precision DID change in this iteration
server: Iteration took 5s to run! 
server: ExplPreictor: Predicted 360.613s, Real 363.093s 
server:               Weight 1.0005627160386106 -> 1.0005615709583122 
server: Iteration 184
server: | Checking abstraction...
server: |  |  PrecisionSize: 551
server: |  |  Starting ARG: 1450 nodes, 364 incomplete, 0 unsafe
server: |  |  (StopCriterion FirstCex)...
server: |  |  Building ARG...
server: |  |  Finished ARG: 1471 nodes, 370 incomplete, 1 unsafe
server: | Checking abstraction done, result: (AbstractorResult Unsafe)
server: | Refining abstraction...
server: |  |  Trace length: 735
server: |  |  Checking trace...done, result: (ExprTraceStatus Infeasible)
server: |  |  Pruning from index 729...done
server: Refining abstraction done, result: (RefinerResult Spurious)
server: ! Precision DID change in this iteration
server: Iteration took 4s to run! 
server: ExplPreictor: Predicted 365.713s, Real 368.037s 
server:               Weight 1.0005615709583122 -> 1.0005587327217822 
server: Iteration 185
server: | Checking abstraction...
server: |  |  PrecisionSize: 554
server: |  |  Starting ARG: 1458 nodes, 366 incomplete, 0 unsafe
server: |  |  (StopCriterion FirstCex)...
server: |  |  Building ARG...
server: |  |  Finished ARG: 1479 nodes, 372 incomplete, 1 unsafe
server: | Checking abstraction done, result: (AbstractorResult Unsafe)
server: | Refining abstraction...
server: |  |  Trace length: 739
server: |  |  Checking trace...done, result: (ExprTraceStatus Infeasible)
server: |  |  Pruning from index 733...done
server: Refining abstraction done, result: (RefinerResult Spurious)
server: ! Precision DID change in this iteration
server: Iteration took 4s to run! 
server: ExplPreictor: Predicted 370.682s, Real 372.861s 
server:               Weight 1.0005587327217822 -> 1.0005544303508456 
server: Iteration 186
server: | Checking abstraction...
server: |  |  PrecisionSize: 557
server: |  |  Starting ARG: 1466 nodes, 368 incomplete, 0 unsafe
server: |  |  (StopCriterion FirstCex)...
server: |  |  Building ARG...
server: |  |  Finished ARG: 1487 nodes, 374 incomplete, 1 unsafe
server: | Checking abstraction done, result: (AbstractorResult Unsafe)
server: | Refining abstraction...
server: |  |  Trace length: 743
server: |  |  Checking trace...done, result: (ExprTraceStatus Infeasible)
server: |  |  Pruning from index 737...done
server: Refining abstraction done, result: (RefinerResult Spurious)
server: ! Precision DID change in this iteration
server: Iteration took 4s to run! 
server: ExplPreictor: Predicted 375.523s, Real 377.549s 
server:               Weight 1.0005544303508456 -> 1.0005487109064424 
server: Iteration 187
server: | Checking abstraction...
server: |  |  PrecisionSize: 560
server: |  |  Starting ARG: 1474 nodes, 370 incomplete, 0 unsafe
server: |  |  (StopCriterion FirstCex)...
server: |  |  Building ARG...
server: |  |  Finished ARG: 1495 nodes, 376 incomplete, 1 unsafe
server: | Checking abstraction done, result: (AbstractorResult Unsafe)
server: | Refining abstraction...
server: |  |  Trace length: 747
server: |  |  Checking trace...done, result: (ExprTraceStatus Infeasible)
server: |  |  Pruning from index 741...done
server: Refining abstraction done, result: (RefinerResult Spurious)
server: ! Precision DID change in this iteration
server: Iteration took 4s to run! 
server: ExplPreictor: Predicted 380.219s, Real 382.235s 
server:               Weight 1.0005487109064424 -> 1.000542913019371 
server: Iteration 188
server: | Checking abstraction...
server: |  |  PrecisionSize: 563
server: |  |  Starting ARG: 1482 nodes, 372 incomplete, 0 unsafe
server: |  |  (StopCriterion FirstCex)...
server: |  |  Building ARG...
server: |  |  Finished ARG: 1503 nodes, 378 incomplete, 1 unsafe
server: | Checking abstraction done, result: (AbstractorResult Unsafe)
server: | Refining abstraction...
server: |  |  Trace length: 751
server: |  |  Checking trace...done, result: (ExprTraceStatus Infeasible)
server: |  |  Pruning from index 745...done
server: Refining abstraction done, result: (RefinerResult Spurious)
server: ! Precision DID change in this iteration
server: Iteration took 4s to run! 
server: ExplPreictor: Predicted 384.912s, Real 387.132s 
server:               Weight 1.000542913019371 -> 1.0005388672753006 
server: Iteration 189
server: | Checking abstraction...
server: |  |  PrecisionSize: 566
server: |  |  Starting ARG: 1490 nodes, 374 incomplete, 0 unsafe
server: |  |  (StopCriterion FirstCex)...
server: |  |  Building ARG...
server: |  |  Finished ARG: 1511 nodes, 380 incomplete, 1 unsafe
server: | Checking abstraction done, result: (AbstractorResult Unsafe)
server: | Refining abstraction...
server: |  |  Trace length: 755
server: |  |  Checking trace...done, result: (ExprTraceStatus Infeasible)
server: |  |  Pruning from index 749...done
server: Refining abstraction done, result: (RefinerResult Spurious)
server: ! Precision DID change in this iteration
server: Iteration took 4s to run! 
server: ExplPreictor: Predicted 389.825s, Real 391.904s 
server:               Weight 1.0005388672753006 -> 1.000533551371514 
server: Iteration 190
server: | Checking abstraction...
server: |  |  PrecisionSize: 569
server: |  |  Starting ARG: 1498 nodes, 376 incomplete, 0 unsafe
server: |  |  (StopCriterion FirstCex)...
server: |  |  Building ARG...
server: |  |  Finished ARG: 1519 nodes, 382 incomplete, 1 unsafe
server: | Checking abstraction done, result: (AbstractorResult Unsafe)
server: | Refining abstraction...
server: |  |  Trace length: 759
server: |  |  Checking trace...done, result: (ExprTraceStatus Infeasible)
server: |  |  Pruning from index 753...done
server: Refining abstraction done, result: (RefinerResult Spurious)
server: ! Precision DID change in this iteration
server: Iteration took 4s to run! 
server: ExplPreictor: Predicted 394.606s, Real 396.757s 
server:               Weight 1.000533551371514 -> 1.0005288319673165 
server: Iteration 191
server: | Checking abstraction...
server: |  |  PrecisionSize: 572
server: |  |  Starting ARG: 1506 nodes, 378 incomplete, 0 unsafe
server: |  |  (StopCriterion FirstCex)...
server: |  |  Building ARG...
server: |  |  Finished ARG: 1527 nodes, 384 incomplete, 1 unsafe
server: | Checking abstraction done, result: (AbstractorResult Unsafe)
server: | Refining abstraction...
server: |  |  Trace length: 763
server: |  |  Checking trace...done, result: (ExprTraceStatus Infeasible)
server: |  |  Pruning from index 757...done
server: Refining abstraction done, result: (RefinerResult Spurious)
server: ! Precision DID change in this iteration
server: Iteration took 5s to run! 
server: ExplPreictor: Predicted 399.471s, Real 401.816s 
server:               Weight 1.0005288319673165 -> 1.0005256636028415 
server: Iteration 192
server: | Checking abstraction...
server: |  |  PrecisionSize: 575
server: |  |  Starting ARG: 1514 nodes, 380 incomplete, 0 unsafe
server: |  |  (StopCriterion FirstCex)...
server: |  |  Building ARG...
server: |  |  Finished ARG: 1535 nodes, 386 incomplete, 1 unsafe
server: | Checking abstraction done, result: (AbstractorResult Unsafe)
server: | Refining abstraction...
server: |  |  Trace length: 767
server: |  |  Checking trace...done, result: (ExprTraceStatus Infeasible)
server: |  |  Pruning from index 761...done
server: Refining abstraction done, result: (RefinerResult Spurious)
server: ! Precision DID change in this iteration
server: Iteration took 5s to run! 
server: ExplPreictor: Predicted 404.551s, Real 407.018s 
server:               Weight 1.0005256636028415 -> 1.0005233536927822 
server: Iteration 193
server: | Checking abstraction...
server: |  |  PrecisionSize: 578
server: |  |  Starting ARG: 1522 nodes, 382 incomplete, 0 unsafe
server: |  |  (StopCriterion FirstCex)...
server: |  |  Building ARG...
server: |  |  Finished ARG: 1543 nodes, 388 incomplete, 1 unsafe
server: | Checking abstraction done, result: (AbstractorResult Unsafe)
server: | Refining abstraction...
server: |  |  Trace length: 771
server: |  |  Checking trace...done, result: (ExprTraceStatus Infeasible)
server: |  |  Pruning from index 765...done
server: Refining abstraction done, result: (RefinerResult Spurious)
server: ! Precision DID change in this iteration
server: Iteration took 5s to run! 
server: ExplPreictor: Predicted 409.779s, Real 412.410s 
server:               Weight 1.0005233536927822 -> 1.0005221688349775 
server: Iteration 194
server: | Checking abstraction...
server: |  |  PrecisionSize: 581
server: |  |  Starting ARG: 1530 nodes, 384 incomplete, 0 unsafe
server: |  |  (StopCriterion FirstCex)...
server: |  |  Building ARG...
server: |  |  Finished ARG: 1551 nodes, 390 incomplete, 1 unsafe
server: | Checking abstraction done, result: (AbstractorResult Unsafe)
server: | Refining abstraction...
server: |  |  Trace length: 775
server: |  |  Checking trace...done, result: (ExprTraceStatus Infeasible)
server: |  |  Pruning from index 769...done
server: Refining abstraction done, result: (RefinerResult Spurious)
server: ! Precision DID change in this iteration
server: Iteration took 5s to run! 
server: ExplPreictor: Predicted 415.204s, Real 417.718s 
server:               Weight 1.0005221688349775 -> 1.0005198272687117 
server: Iteration 195
server: | Checking abstraction...
server: |  |  PrecisionSize: 584
server: |  |  Starting ARG: 1538 nodes, 386 incomplete, 0 unsafe
server: |  |  (StopCriterion FirstCex)...
server: |  |  Building ARG...
server: |  |  Finished ARG: 1559 nodes, 392 incomplete, 1 unsafe
server: | Checking abstraction done, result: (AbstractorResult Unsafe)
server: | Refining abstraction...
server: |  |  Trace length: 779
server: |  |  Checking trace...done, result: (ExprTraceStatus Infeasible)
server: |  |  Pruning from index 773...done
server: Refining abstraction done, result: (RefinerResult Spurious)
server: ! Precision DID change in this iteration
server: Iteration took 5s to run! 
server: ExplPreictor: Predicted 420.538s, Real 423.045s 
server:               Weight 1.0005198272687117 -> 1.0005172630376291 
server: Iteration 196
server: | Checking abstraction...
server: |  |  PrecisionSize: 587
server: |  |  Starting ARG: 1546 nodes, 388 incomplete, 0 unsafe
server: |  |  (StopCriterion FirstCex)...
server: |  |  Building ARG...
server: |  |  Finished ARG: 1567 nodes, 394 incomplete, 1 unsafe
server: | Checking abstraction done, result: (AbstractorResult Unsafe)
server: | Refining abstraction...
server: |  |  Trace length: 783
server: |  |  Checking trace...done, result: (ExprTraceStatus Infeasible)
server: |  |  Pruning from index 777...done
server: Refining abstraction done, result: (RefinerResult Spurious)
server: ! Precision DID change in this iteration
server: Iteration took 5s to run! 
server: ExplPreictor: Predicted 425.889s, Real 428.400s 
server:               Weight 1.0005172630376291 -> 1.000514572253742 
server: Iteration 197
server: | Checking abstraction...
server: |  |  PrecisionSize: 590
server: |  |  Starting ARG: 1554 nodes, 390 incomplete, 0 unsafe
server: |  |  (StopCriterion FirstCex)...
server: |  |  Building ARG...
server: |  |  Finished ARG: 1575 nodes, 396 incomplete, 1 unsafe
server: | Checking abstraction done, result: (AbstractorResult Unsafe)
server: | Refining abstraction...
server: |  |  Trace length: 787
server: |  |  Checking trace...done, result: (ExprTraceStatus Infeasible)
server: |  |  Pruning from index 781...done
server: Refining abstraction done, result: (RefinerResult Spurious)
server: ! Precision DID change in this iteration
server: Iteration took 5s to run! 
server: ExplPreictor: Predicted 431.268s, Real 433.897s 
server:               Weight 1.000514572253742 -> 1.0005126251596923 
server: Iteration 198
server: | Checking abstraction...
server: |  |  PrecisionSize: 593
server: |  |  Starting ARG: 1562 nodes, 392 incomplete, 0 unsafe
server: |  |  (StopCriterion FirstCex)...
server: |  |  Building ARG...
server: |  |  Finished ARG: 1583 nodes, 398 incomplete, 1 unsafe
server: | Checking abstraction done, result: (AbstractorResult Unsafe)
server: | Refining abstraction...
server: |  |  Trace length: 791
server: |  |  Checking trace...done, result: (ExprTraceStatus Infeasible)
server: |  |  Pruning from index 785...done
server: Refining abstraction done, result: (RefinerResult Spurious)
server: ! Precision DID change in this iteration
server: Iteration took 5s to run! 
server: ExplPreictor: Predicted 436.794s, Real 439.597s 
server:               Weight 1.0005126251596923 -> 1.0005117798748502 
server: Iteration 199
server: | Checking abstraction...
server: |  |  PrecisionSize: 596
server: |  |  Starting ARG: 1570 nodes, 394 incomplete, 0 unsafe
server: |  |  (StopCriterion FirstCex)...
server: |  |  Building ARG...
server: |  |  Finished ARG: 1591 nodes, 400 incomplete, 1 unsafe
server: | Checking abstraction done, result: (AbstractorResult Unsafe)
server: | Refining abstraction...
server: |  |  Trace length: 795
server: |  |  Checking trace...done, result: (ExprTraceStatus Infeasible)
server: |  |  Pruning from index 789...done
server: Refining abstraction done, result: (RefinerResult Spurious)
server: ! Precision DID change in this iteration
server: Iteration took 5s to run! 
server: ExplPreictor: Predicted 442.530s, Real 445.401s 
server:               Weight 1.0005117798748502 -> 1.000511175351939 
server: Iteration 200
server: | Checking abstraction...
server: |  |  PrecisionSize: 599
server: |  |  Starting ARG: 1578 nodes, 396 incomplete, 0 unsafe
server: |  |  (StopCriterion FirstCex)...
server: |  |  Building ARG...
server: |  |  Finished ARG: 1599 nodes, 402 incomplete, 1 unsafe
server: | Checking abstraction done, result: (AbstractorResult Unsafe)
server: | Refining abstraction...
server: |  |  Trace length: 799
server: |  |  Checking trace...done, result: (ExprTraceStatus Infeasible)
server: |  |  Pruning from index 793...done
server: Refining abstraction done, result: (RefinerResult Spurious)
server: ! Precision DID change in this iteration
server: Iteration took 5s to run! 
server: ExplPreictor: Predicted 448.372s, Real 451.376s 
server:               Weight 1.000511175351939 -> 1.000511255807361 
server: Iteration 201
server: | Checking abstraction...
server: |  |  PrecisionSize: 602
server: |  |  Starting ARG: 1586 nodes, 398 incomplete, 0 unsafe
server: |  |  (StopCriterion FirstCex)...
server: |  |  Building ARG...
server: |  |  Finished ARG: 1607 nodes, 404 incomplete, 1 unsafe
server: | Checking abstraction done, result: (AbstractorResult Unsafe)
server: | Refining abstraction...
server: |  |  Trace length: 803
server: |  |  Checking trace...done, result: (ExprTraceStatus Infeasible)
server: |  |  Pruning from index 797...done
server: Refining abstraction done, result: (RefinerResult Spurious)
server: ! Precision DID change in this iteration
server: Iteration took 6s to run! 
server: ExplPreictor: Predicted 454.391s, Real 457.398s 
server:               Weight 1.000511255807361 -> 1.0005110510062376 
server: Iteration 202
server: | Checking abstraction...
server: |  |  PrecisionSize: 605
server: |  |  Starting ARG: 1594 nodes, 400 incomplete, 0 unsafe
server: |  |  (StopCriterion FirstCex)...
server: |  |  Building ARG...
server: |  |  Finished ARG: 1615 nodes, 406 incomplete, 1 unsafe
server: | Checking abstraction done, result: (AbstractorResult Unsafe)
server: | Refining abstraction...
server: |  |  Trace length: 807
server: |  |  Checking trace...done, result: (ExprTraceStatus Infeasible)
server: |  |  Pruning from index 801...done
server: Refining abstraction done, result: (RefinerResult Spurious)
server: ! Precision DID change in this iteration
server: Iteration took 6s to run! 
server: ExplPreictor: Predicted 460.455s, Real 463.480s 
server:               Weight 1.0005110510062376 -> 1.0005106781991744 
server: Iteration 203
server: | Checking abstraction...
server: |  |  PrecisionSize: 608
server: |  |  Starting ARG: 1602 nodes, 402 incomplete, 0 unsafe
server: |  |  (StopCriterion FirstCex)...
server: |  |  Building ARG...
server: |  |  Finished ARG: 1623 nodes, 408 incomplete, 1 unsafe
server: | Checking abstraction done, result: (AbstractorResult Unsafe)
server: | Refining abstraction...
server: |  |  Trace length: 811
server: |  |  Checking trace...done, result: (ExprTraceStatus Infeasible)
server: |  |  Pruning from index 805...done
server: Refining abstraction done, result: (RefinerResult Spurious)
server: ! Precision DID change in this iteration
server: Iteration took 6s to run! 
server: ExplPreictor: Predicted 466.578s, Real 469.933s 
server:               Weight 1.0005106781991744 -> 1.0005122855512614 
server: Iteration 204
server: | Checking abstraction...
server: |  |  PrecisionSize: 611
server: |  |  Starting ARG: 1610 nodes, 404 incomplete, 0 unsafe
server: |  |  (StopCriterion FirstCex)...
server: |  |  Building ARG...
server: |  |  Finished ARG: 1631 nodes, 410 incomplete, 1 unsafe
server: | Checking abstraction done, result: (AbstractorResult Unsafe)
server: | Refining abstraction...
server: |  |  Trace length: 815
server: |  |  Checking trace...done, result: (ExprTraceStatus Infeasible)
server: |  |  Pruning from index 809...done
server: Refining abstraction done, result: (RefinerResult Spurious)
server: ! Precision DID change in this iteration
server: Iteration took 6s to run! 
server: ExplPreictor: Predicted 473.088s, Real 476.173s 
server:               Weight 1.0005122855512614 -> 1.0005116618985381 
server: Iteration 205
server: | Checking abstraction...
server: |  |  PrecisionSize: 614
server: |  |  Starting ARG: 1618 nodes, 406 incomplete, 0 unsafe
server: |  |  (StopCriterion FirstCex)...
server: |  |  Building ARG...
server: |  |  Finished ARG: 1639 nodes, 412 incomplete, 1 unsafe
server: | Checking abstraction done, result: (AbstractorResult Unsafe)
server: | Refining abstraction...
server: |  |  Trace length: 819
server: |  |  Checking trace...done, result: (ExprTraceStatus Infeasible)
server: |  |  Pruning from index 813...done
server: Refining abstraction done, result: (RefinerResult Spurious)
server: ! Precision DID change in this iteration
server: Iteration took 6s to run! 
server: ExplPreictor: Predicted 479.369s, Real 482.478s 
server:               Weight 1.0005116618985381 -> 1.000510928872616 
server: Iteration 206
server: | Checking abstraction...
server: |  |  PrecisionSize: 617
server: |  |  Starting ARG: 1626 nodes, 408 incomplete, 0 unsafe
server: |  |  (StopCriterion FirstCex)...
server: |  |  Building ARG...
server: |  |  Finished ARG: 1647 nodes, 414 incomplete, 1 unsafe
server: | Checking abstraction done, result: (AbstractorResult Unsafe)
server: | Refining abstraction...
server: |  |  Trace length: 823
server: |  |  Checking trace...done, result: (ExprTraceStatus Infeasible)
server: |  |  Pruning from index 817...done
server: Refining abstraction done, result: (RefinerResult Spurious)
server: ! Precision DID change in this iteration
server: Iteration took 6s to run! 
server: ExplPreictor: Predicted 485.715s, Real 488.594s 
server:               Weight 1.000510928872616 -> 1.0005084231029437 
server: Iteration 207
server: | Checking abstraction...
server: |  |  PrecisionSize: 620
server: |  |  Starting ARG: 1634 nodes, 410 incomplete, 0 unsafe
server: |  |  (StopCriterion FirstCex)...
server: |  |  Building ARG...
server: |  |  Finished ARG: 1655 nodes, 416 incomplete, 1 unsafe
server: | Checking abstraction done, result: (AbstractorResult Unsafe)
server: | Refining abstraction...
server: |  |  Trace length: 827
server: |  |  Checking trace...done, result: (ExprTraceStatus Infeasible)
server: |  |  Pruning from index 821...done
server: Refining abstraction done, result: (RefinerResult Spurious)
server: ! Precision DID change in this iteration
server: Iteration took 6s to run! 
server: ExplPreictor: Predicted 491.859s, Real 494.638s 
server:               Weight 1.0005084231029437 -> 1.000505119546455 
server: Iteration 208
server: | Checking abstraction...
server: |  |  PrecisionSize: 623
server: |  |  Starting ARG: 1642 nodes, 412 incomplete, 0 unsafe
server: |  |  (StopCriterion FirstCex)...
server: |  |  Building ARG...
server: |  |  Finished ARG: 1663 nodes, 418 incomplete, 1 unsafe
server: | Checking abstraction done, result: (AbstractorResult Unsafe)
server: | Refining abstraction...
server: |  |  Trace length: 831
server: |  |  Checking trace...done, result: (ExprTraceStatus Infeasible)
server: |  |  Pruning from index 825...done
server: Refining abstraction done, result: (RefinerResult Spurious)
server: ! Precision DID change in this iteration
server: Iteration took 5s to run! 
server: ExplPreictor: Predicted 497.925s, Real 500.465s 
server:               Weight 1.000505119546455 -> 1.0005001890609386 
server: Iteration 209
server: | Checking abstraction...
server: |  |  PrecisionSize: 626
server: |  |  Starting ARG: 1650 nodes, 414 incomplete, 0 unsafe
server: |  |  (StopCriterion FirstCex)...
server: |  |  Building ARG...
server: |  |  Finished ARG: 1671 nodes, 420 incomplete, 1 unsafe
server: | Checking abstraction done, result: (AbstractorResult Unsafe)
server: | Refining abstraction...
server: |  |  Trace length: 835
server: |  |  Checking trace...done, result: (ExprTraceStatus Infeasible)
server: |  |  Pruning from index 829...done
server: Refining abstraction done, result: (RefinerResult Spurious)
server: ! Precision DID change in this iteration
server: Iteration took 5s to run! 
server: ExplPreictor: Predicted 503.761s, Real 506.206s 
server:               Weight 1.0005001890609386 -> 1.0004946632718976 
server: Iteration 210
server: | Checking abstraction...
server: |  |  PrecisionSize: 629
server: |  |  Starting ARG: 1658 nodes, 416 incomplete, 0 unsafe
server: |  |  (StopCriterion FirstCex)...
server: |  |  Building ARG...
server: |  |  Finished ARG: 1679 nodes, 422 incomplete, 1 unsafe
server: | Checking abstraction done, result: (AbstractorResult Unsafe)
server: | Refining abstraction...
server: |  |  Trace length: 839
server: |  |  Checking trace...done, result: (ExprTraceStatus Infeasible)
server: |  |  Pruning from index 833...done
server: Refining abstraction done, result: (RefinerResult Spurious)
server: ! Precision DID change in this iteration
server: Iteration took 5s to run! 
server: ExplPreictor: Predicted 509.506s, Real 511.680s 
server:               Weight 1.0004946632718976 -> 1.0004874924719802 
server: Iteration 211
server: | Checking abstraction...
server: |  |  PrecisionSize: 632
server: |  |  Starting ARG: 1666 nodes, 418 incomplete, 0 unsafe
server: |  |  (StopCriterion FirstCex)...
server: |  |  Building ARG...
server: |  |  Finished ARG: 1687 nodes, 424 incomplete, 1 unsafe
server: | Checking abstraction done, result: (AbstractorResult Unsafe)
server: | Refining abstraction...
server: |  |  Trace length: 843
server: |  |  Checking trace...done, result: (ExprTraceStatus Infeasible)
server: |  |  Pruning from index 837...done
server: Refining abstraction done, result: (RefinerResult Spurious)
server: ! Precision DID change in this iteration
server: Iteration took 5s to run! 
server: ExplPreictor: Predicted 514.970s, Real 517.186s 
server:               Weight 1.0004874924719802 -> 1.0004807314346436 
server: Iteration 212
server: | Checking abstraction...
server: |  |  PrecisionSize: 635
server: |  |  Starting ARG: 1674 nodes, 420 incomplete, 0 unsafe
server: |  |  (StopCriterion FirstCex)...
server: |  |  Building ARG...
server: |  |  Finished ARG: 1695 nodes, 426 incomplete, 1 unsafe
server: | Checking abstraction done, result: (AbstractorResult Unsafe)
server: | Refining abstraction...
server: |  |  Trace length: 847
server: |  |  Checking trace...done, result: (ExprTraceStatus Infeasible)
server: |  |  Pruning from index 841...done
server: Refining abstraction done, result: (RefinerResult Spurious)
server: ! Precision DID change in this iteration
server: Iteration took 5s to run! 
server: ExplPreictor: Predicted 520.467s, Real 522.880s 
server:               Weight 1.0004807314346436 -> 1.0004752991404877 
server: Iteration 213
server: | Checking abstraction...
server: |  |  PrecisionSize: 638
server: |  |  Starting ARG: 1682 nodes, 422 incomplete, 0 unsafe
server: |  |  (StopCriterion FirstCex)...
server: |  |  Building ARG...
server: |  |  Finished ARG: 1703 nodes, 428 incomplete, 1 unsafe
server: | Checking abstraction done, result: (AbstractorResult Unsafe)
server: | Refining abstraction...
server: |  |  Trace length: 851
server: |  |  Checking trace...done, result: (ExprTraceStatus Infeasible)
server: |  |  Pruning from index 845...done
server: Refining abstraction done, result: (RefinerResult Spurious)
server: ! Precision DID change in this iteration
server: Iteration took 5s to run! 
server: ExplPreictor: Predicted 526.163s, Real 528.690s 
server:               Weight 1.0004752991404877 -> 1.0004706173362008 
server: Iteration 214
server: | Checking abstraction...
server: |  |  PrecisionSize: 641
server: |  |  Starting ARG: 1690 nodes, 424 incomplete, 0 unsafe
server: |  |  (StopCriterion FirstCex)...
server: |  |  Building ARG...
server: |  |  Finished ARG: 1711 nodes, 430 incomplete, 1 unsafe
server: | Checking abstraction done, result: (AbstractorResult Unsafe)
server: | Refining abstraction...
server: |  |  Trace length: 855
server: |  |  Checking trace...done, result: (ExprTraceStatus Infeasible)
server: |  |  Pruning from index 849...done
server: Refining abstraction done, result: (RefinerResult Spurious)
server: ! Precision DID change in this iteration
server: Iteration took 5s to run! 
server: ExplPreictor: Predicted 531.979s, Real 534.634s 
server:               Weight 1.0004706173362008 -> 1.000466714022208 
server: Iteration 215
server: | Checking abstraction...
server: |  |  PrecisionSize: 644
server: |  |  Starting ARG: 1698 nodes, 426 incomplete, 0 unsafe
server: |  |  (StopCriterion FirstCex)...
server: |  |  Building ARG...
server: |  |  Finished ARG: 1719 nodes, 432 incomplete, 1 unsafe
server: | Checking abstraction done, result: (AbstractorResult Unsafe)
server: | Refining abstraction...
server: |  |  Trace length: 859
server: |  |  Checking trace...done, result: (ExprTraceStatus Infeasible)
server: |  |  Pruning from index 853...done
server: Refining abstraction done, result: (RefinerResult Spurious)
server: ! Precision DID change in this iteration
server: Iteration took 5s to run! 
server: ExplPreictor: Predicted 537.935s, Real 540.436s 
server:               Weight 1.000466714022208 -> 1.0004618812808257 
server: Iteration 216
server: | Checking abstraction...
server: |  |  PrecisionSize: 647
server: |  |  Starting ARG: 1706 nodes, 428 incomplete, 0 unsafe
server: |  |  (StopCriterion FirstCex)...
server: |  |  Building ARG...
server: |  |  Finished ARG: 1727 nodes, 434 incomplete, 1 unsafe
server: | Checking abstraction done, result: (AbstractorResult Unsafe)
server: | Refining abstraction...
server: |  |  Trace length: 863
server: |  |  Checking trace...done, result: (ExprTraceStatus Infeasible)
server: |  |  Pruning from index 857...done
server: Refining abstraction done, result: (RefinerResult Spurious)
server: ! Precision DID change in this iteration
server: Iteration took 5s to run! 
server: ExplPreictor: Predicted 543.741s, Real 546.147s 
server:               Weight 1.0004618812808257 -> 1.0004565326745338 
server: Iteration 217
server: | Checking abstraction...
server: |  |  PrecisionSize: 650
server: |  |  Starting ARG: 1714 nodes, 430 incomplete, 0 unsafe
server: |  |  (StopCriterion FirstCex)...
server: |  |  Building ARG...
server: |  |  Finished ARG: 1735 nodes, 436 incomplete, 1 unsafe
server: | Checking abstraction done, result: (AbstractorResult Unsafe)
server: | Refining abstraction...
server: |  |  Trace length: 867
server: |  |  Checking trace...done, result: (ExprTraceStatus Infeasible)
server: |  |  Pruning from index 861...done
server: Refining abstraction done, result: (RefinerResult Spurious)
server: ! Precision DID change in this iteration
server: Iteration took 5s to run! 
server: ExplPreictor: Predicted 549.451s, Real 551.930s 
server:               Weight 1.0004565326745338 -> 1.0004516749609913 
server: Iteration 218
server: | Checking abstraction...
server: |  |  PrecisionSize: 653
server: |  |  Starting ARG: 1722 nodes, 432 incomplete, 0 unsafe
server: |  |  (StopCriterion FirstCex)...
server: |  |  Building ARG...
server: |  |  Finished ARG: 1743 nodes, 438 incomplete, 1 unsafe
server: | Checking abstraction done, result: (AbstractorResult Unsafe)
server: | Refining abstraction...
server: |  |  Trace length: 871
server: |  |  Checking trace...done, result: (ExprTraceStatus Infeasible)
server: |  |  Pruning from index 865...done
server: Refining abstraction done, result: (RefinerResult Spurious)
server: ! Precision DID change in this iteration
server: Iteration took 6s to run! 
server: ExplPreictor: Predicted 555.236s, Real 558.262s 
server:               Weight 1.0004516749609913 -> 1.0004499681280439 
server: Iteration 219
server: | Checking abstraction...
server: |  |  PrecisionSize: 656
server: |  |  Starting ARG: 1730 nodes, 434 incomplete, 0 unsafe
server: |  |  (StopCriterion FirstCex)...
server: |  |  Building ARG...
server: |  |  Finished ARG: 1751 nodes, 440 incomplete, 1 unsafe
server: | Checking abstraction done, result: (AbstractorResult Unsafe)
server: | Refining abstraction...
server: |  |  Trace length: 875
server: |  |  Checking trace...done, result: (ExprTraceStatus Infeasible)
server: |  |  Pruning from index 869...done
server: Refining abstraction done, result: (RefinerResult Spurious)
server: ! Precision DID change in this iteration
server: Iteration took 6s to run! 
server: ExplPreictor: Predicted 561.596s, Real 564.683s 
server:               Weight 1.0004499681280439 -> 1.0004484651928736 
server: Iteration 220
server: | Checking abstraction...
server: |  |  PrecisionSize: 659
server: |  |  Starting ARG: 1738 nodes, 436 incomplete, 0 unsafe
server: |  |  (StopCriterion FirstCex)...
server: |  |  Building ARG...
server: |  |  Finished ARG: 1759 nodes, 442 incomplete, 1 unsafe
server: | Checking abstraction done, result: (AbstractorResult Unsafe)
server: | Refining abstraction...
server: |  |  Trace length: 879
server: |  |  Checking trace...done, result: (ExprTraceStatus Infeasible)
server: |  |  Pruning from index 873...done
server: Refining abstraction done, result: (RefinerResult Spurious)
server: ! Precision DID change in this iteration
server: Iteration took 6s to run! 
server: ExplPreictor: Predicted 568.047s, Real 571.211s 
server:               Weight 1.0004484651928736 -> 1.0004472406374378 
server: Iteration 221
server: | Checking abstraction...
server: |  |  PrecisionSize: 662
server: |  |  Starting ARG: 1746 nodes, 438 incomplete, 0 unsafe
server: |  |  (StopCriterion FirstCex)...
server: |  |  Building ARG...
server: |  |  Finished ARG: 1767 nodes, 444 incomplete, 1 unsafe
server: | Checking abstraction done, result: (AbstractorResult Unsafe)
server: | Refining abstraction...
server: |  |  Trace length: 883
server: |  |  Checking trace...done, result: (ExprTraceStatus Infeasible)
server: |  |  Pruning from index 877...done
server: Refining abstraction done, result: (RefinerResult Spurious)
server: ! Precision DID change in this iteration
server: Iteration took 6s to run! 
server: ExplPreictor: Predicted 574.607s, Real 578.053s 
server:               Weight 1.0004472406374378 -> 1.0004473903757962 
server: Iteration 222
server: | Checking abstraction...
server: |  |  PrecisionSize: 665
server: |  |  Starting ARG: 1754 nodes, 440 incomplete, 0 unsafe
server: |  |  (StopCriterion FirstCex)...
server: |  |  Building ARG...
server: |  |  Finished ARG: 1775 nodes, 446 incomplete, 1 unsafe
server: | Checking abstraction done, result: (AbstractorResult Unsafe)
server: | Refining abstraction...
server: |  |  Trace length: 887
server: |  |  Checking trace...done, result: (ExprTraceStatus Infeasible)
server: |  |  Pruning from index 881...done
server: Refining abstraction done, result: (RefinerResult Spurious)
server: ! Precision DID change in this iteration
server: Iteration took 6s to run! 
server: ExplPreictor: Predicted 581.494s, Real 584.965s 
server:               Weight 1.0004473903757962 -> 1.0004474293807244 
server: Iteration 223
server: | Checking abstraction...
server: |  |  PrecisionSize: 668
server: |  |  Starting ARG: 1762 nodes, 442 incomplete, 0 unsafe
server: |  |  (StopCriterion FirstCex)...
server: |  |  Building ARG...
server: |  |  Finished ARG: 1783 nodes, 448 incomplete, 1 unsafe
server: | Checking abstraction done, result: (AbstractorResult Unsafe)
server: | Refining abstraction...
server: |  |  Trace length: 891
server: |  |  Checking trace...done, result: (ExprTraceStatus Infeasible)
server: |  |  Pruning from index 885...done
server: Refining abstraction done, result: (RefinerResult Spurious)
server: ! Precision DID change in this iteration
server: Iteration took 7s to run! 
server: ExplPreictor: Predicted 588.451s, Real 592.172s 
server:               Weight 1.0004474293807244 -> 1.0004485614953162 
server: Iteration 224
server: | Checking abstraction...
server: |  |  PrecisionSize: 671
server: |  |  Starting ARG: 1770 nodes, 444 incomplete, 0 unsafe
server: |  |  (StopCriterion FirstCex)...
server: |  |  Building ARG...
server: |  |  Finished ARG: 1791 nodes, 450 incomplete, 1 unsafe
server: | Checking abstraction done, result: (AbstractorResult Unsafe)
server: | Refining abstraction...
server: |  |  Trace length: 895
server: |  |  Checking trace...done, result: (ExprTraceStatus Infeasible)
server: |  |  Pruning from index 889...done
server: Refining abstraction done, result: (RefinerResult Spurious)
server: ! Precision DID change in this iteration
server: Iteration took 7s to run! 
server: ExplPreictor: Predicted 595.713s, Real 599.289s 
server:               Weight 1.0004485614953162 -> 1.00044862440158 
server: Iteration 225
server: | Checking abstraction...
server: |  |  PrecisionSize: 674
server: |  |  Starting ARG: 1778 nodes, 446 incomplete, 0 unsafe
server: |  |  (StopCriterion FirstCex)...
server: |  |  Building ARG...
server: |  |  Finished ARG: 1799 nodes, 452 incomplete, 1 unsafe
server: | Checking abstraction done, result: (AbstractorResult Unsafe)
server: | Refining abstraction...
server: |  |  Trace length: 899
server: |  |  Checking trace...done, result: (ExprTraceStatus Infeasible)
server: |  |  Pruning from index 893...done
server: Refining abstraction done, result: (RefinerResult Spurious)
server: ! Precision DID change in this iteration
server: Iteration took 7s to run! 
server: ExplPreictor: Predicted 602.876s, Real 606.485s 
server:               Weight 1.00044862440158 -> 1.0004486143947393 
server: Iteration 226
server: | Checking abstraction...
server: |  |  PrecisionSize: 677
server: |  |  Starting ARG: 1786 nodes, 448 incomplete, 0 unsafe
server: |  |  (StopCriterion FirstCex)...
server: |  |  Building ARG...
server: |  |  Finished ARG: 1807 nodes, 454 incomplete, 1 unsafe
server: | Checking abstraction done, result: (AbstractorResult Unsafe)
server: | Refining abstraction...
server: |  |  Trace length: 903
server: |  |  Checking trace...done, result: (ExprTraceStatus Infeasible)
server: |  |  Pruning from index 897...done
server: Refining abstraction done, result: (RefinerResult Spurious)
server: ! Precision DID change in this iteration
server: Iteration took 7s to run! 
server: ExplPreictor: Predicted 610.119s, Real 613.498s 
server:               Weight 1.0004486143947393 -> 1.000447192664587 
server: Iteration 227
server: | Checking abstraction...
server: |  |  PrecisionSize: 680
server: |  |  Starting ARG: 1794 nodes, 450 incomplete, 0 unsafe
server: |  |  (StopCriterion FirstCex)...
server: |  |  Building ARG...
server: |  |  Finished ARG: 1815 nodes, 456 incomplete, 1 unsafe
server: | Checking abstraction done, result: (AbstractorResult Unsafe)
server: | Refining abstraction...
server: |  |  Trace length: 907
server: |  |  Checking trace...done, result: (ExprTraceStatus Infeasible)
server: |  |  Pruning from index 901...done
server: Refining abstraction done, result: (RefinerResult Spurious)
server: ! Precision DID change in this iteration
server: Iteration took 7s to run! 
server: ExplPreictor: Predicted 617.165s, Real 620.782s 
server:               Weight 1.000447192664587 -> 1.0004468189597944 
server: Iteration 228
server: | Checking abstraction...
server: |  |  PrecisionSize: 683
server: |  |  Starting ARG: 1802 nodes, 452 incomplete, 0 unsafe
server: |  |  (StopCriterion FirstCex)...
server: |  |  Building ARG...
server: |  |  Finished ARG: 1823 nodes, 458 incomplete, 1 unsafe
server: | Checking abstraction done, result: (AbstractorResult Unsafe)
server: | Refining abstraction...
server: |  |  Trace length: 911
server: |  |  Checking trace...done, result: (ExprTraceStatus Infeasible)
server: |  |  Pruning from index 905...done
server: Refining abstraction done, result: (RefinerResult Spurious)
server: ! Precision DID change in this iteration
server: Iteration took 7s to run! 
server: ExplPreictor: Predicted 624.493s, Real 628.031s 
server:               Weight 1.0004468189597944 -> 1.0004458375790457 
server: Iteration 229
server: | Checking abstraction...
server: |  |  PrecisionSize: 686
server: |  |  Starting ARG: 1810 nodes, 454 incomplete, 0 unsafe
server: |  |  (StopCriterion FirstCex)...
server: |  |  Building ARG...
server: |  |  Finished ARG: 1831 nodes, 460 incomplete, 1 unsafe
server: | Checking abstraction done, result: (AbstractorResult Unsafe)
server: | Refining abstraction...
server: |  |  Trace length: 915
server: |  |  Checking trace...done, result: (ExprTraceStatus Infeasible)
server: |  |  Pruning from index 909...done
server: Refining abstraction done, result: (RefinerResult Spurious)
server: ! Precision DID change in this iteration
server: Iteration took 7s to run! 
server: ExplPreictor: Predicted 631.780s, Real 635.512s 
server:               Weight 1.0004458375790457 -> 1.0004456328691722 
server: Iteration 230
server: | Checking abstraction...
server: |  |  PrecisionSize: 689
server: |  |  Starting ARG: 1818 nodes, 456 incomplete, 0 unsafe
server: |  |  (StopCriterion FirstCex)...
server: |  |  Building ARG...
server: |  |  Finished ARG: 1839 nodes, 462 incomplete, 1 unsafe
server: | Checking abstraction done, result: (AbstractorResult Unsafe)
server: | Refining abstraction...
server: |  |  Trace length: 919
server: |  |  Checking trace...done, result: (ExprTraceStatus Infeasible)
server: |  |  Pruning from index 913...done
server: Refining abstraction done, result: (RefinerResult Spurious)
server: ! Precision DID change in this iteration
server: Iteration took 7s to run! 
server: ExplPreictor: Predicted 639.308s, Real 643.122s 
server:               Weight 1.0004456328691722 -> 1.0004456064575677 
server: Iteration 231
server: | Checking abstraction...
server: |  |  PrecisionSize: 692
server: |  |  Starting ARG: 1826 nodes, 458 incomplete, 0 unsafe
server: |  |  (StopCriterion FirstCex)...
server: |  |  Building ARG...
server: |  |  Finished ARG: 1847 nodes, 464 incomplete, 1 unsafe
server: | Checking abstraction done, result: (AbstractorResult Unsafe)
server: | Refining abstraction...
server: |  |  Trace length: 923
server: |  |  Checking trace...done, result: (ExprTraceStatus Infeasible)
server: |  |  Pruning from index 917...done
server: Refining abstraction done, result: (RefinerResult Spurious)
server: ! Precision DID change in this iteration
server: Iteration took 7s to run! 
server: ExplPreictor: Predicted 646.966s, Real 650.664s 
server:               Weight 1.0004456064575677 -> 1.000444785004509 
server: Iteration 232
server: | Checking abstraction...
server: |  |  PrecisionSize: 695
server: |  |  Starting ARG: 1834 nodes, 460 incomplete, 0 unsafe
server: |  |  (StopCriterion FirstCex)...
server: |  |  Building ARG...
server: |  |  Finished ARG: 1855 nodes, 466 incomplete, 1 unsafe
server: | Checking abstraction done, result: (AbstractorResult Unsafe)
server: | Refining abstraction...
server: |  |  Trace length: 927
server: |  |  Checking trace...done, result: (ExprTraceStatus Infeasible)
server: |  |  Pruning from index 921...done
server: Refining abstraction done, result: (RefinerResult Spurious)
server: ! Precision DID change in this iteration
server: Iteration took 7s to run! 
server: ExplPreictor: Predicted 654.549s, Real 658.184s 
server:               Weight 1.000444785004509 -> 1.0004434768315997 
server: Iteration 233
server: | Checking abstraction...
server: |  |  PrecisionSize: 698
server: |  |  Starting ARG: 1842 nodes, 462 incomplete, 0 unsafe
server: |  |  (StopCriterion FirstCex)...
server: |  |  Building ARG...
server: |  |  Finished ARG: 1863 nodes, 468 incomplete, 1 unsafe
server: | Checking abstraction done, result: (AbstractorResult Unsafe)
server: | Refining abstraction...
server: |  |  Trace length: 931
server: |  |  Checking trace...done, result: (ExprTraceStatus Infeasible)
server: |  |  Pruning from index 925...done
server: Refining abstraction done, result: (RefinerResult Spurious)
server: ! Precision DID change in this iteration
server: Iteration took 7s to run! 
server: ExplPreictor: Predicted 662.106s, Real 665.924s 
server:               Weight 1.0004434768315997 -> 1.0004428707718063 
server: Iteration 234
server: | Checking abstraction...
server: |  |  PrecisionSize: 701
server: |  |  Starting ARG: 1850 nodes, 464 incomplete, 0 unsafe
server: |  |  (StopCriterion FirstCex)...
server: |  |  Building ARG...
server: |  |  Finished ARG: 1871 nodes, 470 incomplete, 1 unsafe
server: | Checking abstraction done, result: (AbstractorResult Unsafe)
server: | Refining abstraction...
server: |  |  Trace length: 935
server: |  |  Checking trace...done, result: (ExprTraceStatus Infeasible)
server: |  |  Pruning from index 929...done
server: Refining abstraction done, result: (RefinerResult Spurious)
server: ! Precision DID change in this iteration
server: Iteration took 6s to run! 
server: ExplPreictor: Predicted 669.890s, Real 672.886s 
server:               Weight 1.0004428707718063 -> 1.000438262788657 
server: Iteration 235
server: | Checking abstraction...
server: |  |  PrecisionSize: 704
server: |  |  Starting ARG: 1858 nodes, 466 incomplete, 0 unsafe
server: |  |  (StopCriterion FirstCex)...
server: |  |  Building ARG...
server: |  |  Finished ARG: 1879 nodes, 472 incomplete, 1 unsafe
server: | Checking abstraction done, result: (AbstractorResult Unsafe)
server: | Refining abstraction...
server: |  |  Trace length: 939
server: |  |  Checking trace...done, result: (ExprTraceStatus Infeasible)
server: |  |  Pruning from index 933...done
server: Refining abstraction done, result: (RefinerResult Spurious)
server: ! Precision DID change in this iteration
server: Iteration took 7s to run! 
server: ExplPreictor: Predicted 676.855s, Real 679.895s 
server:               Weight 1.000438262788657 -> 1.0004338981431893 
server: Iteration 236
server: | Checking abstraction...
server: |  |  PrecisionSize: 707
server: |  |  Starting ARG: 1866 nodes, 468 incomplete, 0 unsafe
server: |  |  (StopCriterion FirstCex)...
server: |  |  Building ARG...
server: |  |  Finished ARG: 1887 nodes, 474 incomplete, 1 unsafe
server: | Checking abstraction done, result: (AbstractorResult Unsafe)
server: | Refining abstraction...
server: |  |  Trace length: 943
server: |  |  Checking trace...done, result: (ExprTraceStatus Infeasible)
server: |  |  Pruning from index 937...done
server: Refining abstraction done, result: (RefinerResult Spurious)
server: ! Precision DID change in this iteration
server: Iteration took 7s to run! 
server: ExplPreictor: Predicted 683.868s, Real 686.957s 
server:               Weight 1.0004338981431893 -> 1.0004297839957526 
server: Iteration 237
server: | Checking abstraction...
server: |  |  PrecisionSize: 710
server: |  |  Starting ARG: 1874 nodes, 470 incomplete, 0 unsafe
server: |  |  (StopCriterion FirstCex)...
server: |  |  Building ARG...
server: |  |  Finished ARG: 1895 nodes, 476 incomplete, 1 unsafe
server: | Checking abstraction done, result: (AbstractorResult Unsafe)
server: | Refining abstraction...
server: |  |  Trace length: 947
server: |  |  Checking trace...done, result: (ExprTraceStatus Infeasible)
server: |  |  Pruning from index 941...done
server: Refining abstraction done, result: (RefinerResult Spurious)
server: ! Precision DID change in this iteration
server: Iteration took 7s to run! 
server: ExplPreictor: Predicted 690.937s, Real 694.106s 
server:               Weight 1.0004297839957526 -> 1.0004260509959124 
server: Iteration 238
server: | Checking abstraction...
server: |  |  PrecisionSize: 713
server: |  |  Starting ARG: 1882 nodes, 472 incomplete, 0 unsafe
server: |  |  (StopCriterion FirstCex)...
server: |  |  Building ARG...
server: |  |  Finished ARG: 1903 nodes, 478 incomplete, 1 unsafe
server: | Checking abstraction done, result: (AbstractorResult Unsafe)
server: | Refining abstraction...
server: |  |  Trace length: 951
server: |  |  Checking trace...done, result: (ExprTraceStatus Infeasible)
server: |  |  Pruning from index 945...done
server: Refining abstraction done, result: (RefinerResult Spurious)
server: ! Precision DID change in this iteration
server: Iteration took 7s to run! 
server: ExplPreictor: Predicted 698.095s, Real 701.182s 
server:               Weight 1.0004260509959124 -> 1.000421953914842 
server: Iteration 239
server: | Checking abstraction...
server: |  |  PrecisionSize: 716
server: |  |  Starting ARG: 1890 nodes, 474 incomplete, 0 unsafe
server: |  |  (StopCriterion FirstCex)...
server: |  |  Building ARG...
server: |  |  Finished ARG: 1911 nodes, 480 incomplete, 1 unsafe
server: | Checking abstraction done, result: (AbstractorResult Unsafe)
server: | Refining abstraction...
server: |  |  Trace length: 955
server: |  |  Checking trace...done, result: (ExprTraceStatus Infeasible)
server: |  |  Pruning from index 949...done
server: Refining abstraction done, result: (RefinerResult Spurious)
server: ! Precision DID change in this iteration
server: Iteration took 7s to run! 
server: ExplPreictor: Predicted 705.176s, Real 708.215s 
server:               Weight 1.000421953914842 -> 1.000417672557582 
server: Iteration 240
server: | Checking abstraction...
server: |  |  PrecisionSize: 719
server: |  |  Starting ARG: 1898 nodes, 476 incomplete, 0 unsafe
server: |  |  (StopCriterion FirstCex)...
server: |  |  Building ARG...
server: |  |  Finished ARG: 1919 nodes, 482 incomplete, 1 unsafe
server: | Checking abstraction done, result: (AbstractorResult Unsafe)
server: | Refining abstraction...
server: |  |  Trace length: 959
server: |  |  Checking trace...done, result: (ExprTraceStatus Infeasible)
server: |  |  Pruning from index 953...done
server: Refining abstraction done, result: (RefinerResult Spurious)
server: ! Precision DID change in this iteration
server: Iteration took 7s to run! 
server: ExplPreictor: Predicted 712.211s, Real 715.338s 
server:               Weight 1.000417672557582 -> 1.0004138110363439 
server: Iteration 241
server: | Checking abstraction...
server: |  |  PrecisionSize: 722
server: |  |  Starting ARG: 1906 nodes, 478 incomplete, 0 unsafe
server: |  |  (StopCriterion FirstCex)...
server: |  |  Building ARG...
server: |  |  Finished ARG: 1927 nodes, 484 incomplete, 1 unsafe
server: | Checking abstraction done, result: (AbstractorResult Unsafe)
server: | Refining abstraction...
server: |  |  Trace length: 963
server: |  |  Checking trace...done, result: (ExprTraceStatus Infeasible)
server: |  |  Pruning from index 957...done
server: Refining abstraction done, result: (RefinerResult Spurious)
server: ! Precision DID change in this iteration
server: Iteration took 7s to run! 
server: ExplPreictor: Predicted 719.340s, Real 722.805s 
server:               Weight 1.0004138110363439 -> 1.0004114151970158 
server: Iteration 242
server: | Checking abstraction...
server: |  |  PrecisionSize: 725
server: |  |  Starting ARG: 1914 nodes, 480 incomplete, 0 unsafe
server: |  |  (StopCriterion FirstCex)...
server: |  |  Building ARG...
server: |  |  Finished ARG: 1935 nodes, 486 incomplete, 1 unsafe
server: | Checking abstraction done, result: (AbstractorResult Unsafe)
server: | Refining abstraction...
server: |  |  Trace length: 967
server: |  |  Checking trace...done, result: (ExprTraceStatus Infeasible)
server: |  |  Pruning from index 961...done
server: Refining abstraction done, result: (RefinerResult Spurious)
server: ! Precision DID change in this iteration
server: Iteration took 7s to run! 
server: ExplPreictor: Predicted 726.828s, Real 730.143s 
server:               Weight 1.0004114151970158 -> 1.0004083195118592 
server: Iteration 243
server: | Checking abstraction...
server: |  |  PrecisionSize: 728
server: |  |  Starting ARG: 1922 nodes, 482 incomplete, 0 unsafe
server: |  |  (StopCriterion FirstCex)...
server: |  |  Building ARG...
server: |  |  Finished ARG: 1943 nodes, 488 incomplete, 1 unsafe
server: | Checking abstraction done, result: (AbstractorResult Unsafe)
server: | Refining abstraction...
server: |  |  Trace length: 971
server: |  |  Checking trace...done, result: (ExprTraceStatus Infeasible)
server: |  |  Pruning from index 965...done
server: Refining abstraction done, result: (RefinerResult Spurious)
server: ! Precision DID change in this iteration
server: Iteration took 7s to run! 
server: ExplPreictor: Predicted 734.179s, Real 737.956s 
server:               Weight 1.0004083195118592 -> 1.0004071347516335 
server: Iteration 244
server: | Checking abstraction...
server: |  |  PrecisionSize: 731
server: |  |  Starting ARG: 1930 nodes, 484 incomplete, 0 unsafe
server: |  |  (StopCriterion FirstCex)...
server: |  |  Building ARG...
server: |  |  Finished ARG: 1951 nodes, 490 incomplete, 1 unsafe
server: | Checking abstraction done, result: (AbstractorResult Unsafe)
server: | Refining abstraction...
server: |  |  Trace length: 975
server: |  |  Checking trace...done, result: (ExprTraceStatus Infeasible)
server: |  |  Pruning from index 969...done
server: Refining abstraction done, result: (RefinerResult Spurious)
server: ! Precision DID change in this iteration
server: Iteration took 7s to run! 
server: ExplPreictor: Predicted 742.027s, Real 745.341s 
server:               Weight 1.0004071347516335 -> 1.0004039074839226 
server: Iteration 245
server: | Checking abstraction...
server: |  |  PrecisionSize: 734
server: |  |  Starting ARG: 1938 nodes, 486 incomplete, 0 unsafe
server: |  |  (StopCriterion FirstCex)...
server: |  |  Building ARG...
server: |  |  Finished ARG: 1959 nodes, 492 incomplete, 1 unsafe
server: | Checking abstraction done, result: (AbstractorResult Unsafe)
server: | Refining abstraction...
server: |  |  Trace length: 979
server: |  |  Checking trace...done, result: (ExprTraceStatus Infeasible)
server: |  |  Pruning from index 973...done
server: Refining abstraction done, result: (RefinerResult Spurious)
server: ! Precision DID change in this iteration
server: Iteration took 7s to run! 
server: ExplPreictor: Predicted 749.423s, Real 752.965s 
server:               Weight 1.0004039074839226 -> 1.0004016028192804 
server: Iteration 246
server: | Checking abstraction...
server: |  |  PrecisionSize: 737
server: |  |  Starting ARG: 1946 nodes, 488 incomplete, 0 unsafe
server: |  |  (StopCriterion FirstCex)...
server: |  |  Building ARG...
server: |  |  Finished ARG: 1967 nodes, 494 incomplete, 1 unsafe
server: | Checking abstraction done, result: (AbstractorResult Unsafe)
server: | Refining abstraction...
server: |  |  Trace length: 983
server: |  |  Checking trace...done, result: (ExprTraceStatus Infeasible)
server: |  |  Pruning from index 977...done
server: Refining abstraction done, result: (RefinerResult Spurious)
server: ! Precision DID change in this iteration
server: Iteration took 7s to run! 
server: ExplPreictor: Predicted 757.068s, Real 760.963s 
server:               Weight 1.0004016028192804 -> 1.0004006643343477 
server: Iteration 247
server: | Checking abstraction...
server: |  |  PrecisionSize: 740
server: |  |  Starting ARG: 1954 nodes, 490 incomplete, 0 unsafe
server: |  |  (StopCriterion FirstCex)...
server: |  |  Building ARG...
server: |  |  Finished ARG: 1975 nodes, 496 incomplete, 1 unsafe
server: | Checking abstraction done, result: (AbstractorResult Unsafe)
server: | Refining abstraction...
server: |  |  Trace length: 987
server: |  |  Checking trace...done, result: (ExprTraceStatus Infeasible)
server: |  |  Pruning from index 981...done
server: Refining abstraction done, result: (RefinerResult Spurious)
server: ! Precision DID change in this iteration
server: Iteration took 8s to run! 
server: ExplPreictor: Predicted 765.103s, Real 769.447s 
server:               Weight 1.0004006643343477 -> 1.0004013815475905 
server: Iteration 248
server: | Checking abstraction...
server: |  |  PrecisionSize: 743
server: |  |  Starting ARG: 1962 nodes, 492 incomplete, 0 unsafe
server: |  |  (StopCriterion FirstCex)...
server: |  |  Building ARG...
server: |  |  Finished ARG: 1983 nodes, 498 incomplete, 1 unsafe
server: | Checking abstraction done, result: (AbstractorResult Unsafe)
server: | Refining abstraction...
server: |  |  Trace length: 991
server: |  |  Checking trace...done, result: (ExprTraceStatus Infeasible)
server: |  |  Pruning from index 985...done
server: Refining abstraction done, result: (RefinerResult Spurious)
server: ! Precision DID change in this iteration
server: Iteration took 8s to run! 
server: ExplPreictor: Predicted 773.644s, Real 778.195s 
server:               Weight 1.0004013815475905 -> 1.0004026798114098 
server: Iteration 249
server: | Checking abstraction...
server: |  |  PrecisionSize: 746
server: |  |  Starting ARG: 1970 nodes, 494 incomplete, 0 unsafe
server: |  |  (StopCriterion FirstCex)...
server: |  |  Building ARG...
server: |  |  Finished ARG: 1991 nodes, 500 incomplete, 1 unsafe
server: | Checking abstraction done, result: (AbstractorResult Unsafe)
server: | Refining abstraction...
server: |  |  Trace length: 995
server: |  |  Checking trace...done, result: (ExprTraceStatus Infeasible)
server: |  |  Pruning from index 989...done
server: Refining abstraction done, result: (RefinerResult Spurious)
server: ! Precision DID change in this iteration
server: Iteration took 8s to run! 
server: ExplPreictor: Predicted 782.457s, Real 787.096s 
server:               Weight 1.0004026798114098 -> 1.0004040497103153 
server: Iteration 250
server: | Checking abstraction...
server: |  |  PrecisionSize: 749
server: |  |  Starting ARG: 1978 nodes, 496 incomplete, 0 unsafe
server: |  |  (StopCriterion FirstCex)...
server: |  |  Building ARG...
server: |  |  Finished ARG: 1999 nodes, 502 incomplete, 1 unsafe
server: | Checking abstraction done, result: (AbstractorResult Unsafe)
server: | Refining abstraction...
server: |  |  Trace length: 999
server: |  |  Checking trace...done, result: (ExprTraceStatus Infeasible)
server: |  |  Pruning from index 993...done
server: Refining abstraction done, result: (RefinerResult Spurious)
server: ! Precision DID change in this iteration
server: Iteration took 8s to run! 
server: ExplPreictor: Predicted 791.425s, Real 795.921s 
server:               Weight 1.0004040497103153 -> 1.0004045913415751 
server: Iteration 251
server: | Checking abstraction...
server: |  |  PrecisionSize: 752
server: |  |  Starting ARG: 1986 nodes, 498 incomplete, 0 unsafe
server: |  |  (StopCriterion FirstCex)...
server: |  |  Building ARG...
server: |  |  Finished ARG: 2007 nodes, 504 incomplete, 1 unsafe
server: | Checking abstraction done, result: (AbstractorResult Unsafe)
server: | Refining abstraction...
server: |  |  Trace length: 1003
server: |  |  Checking trace...done, result: (ExprTraceStatus Infeasible)
server: |  |  Pruning from index 997...done
server: Refining abstraction done, result: (RefinerResult Spurious)
server: ! Precision DID change in this iteration
server: Iteration took 7s to run! 
server: ExplPreictor: Predicted 800.308s, Real 803.756s 
server:               Weight 1.0004045913415751 -> 1.0004009122668294 
server: Iteration 252
server: | Checking abstraction...
server: |  |  PrecisionSize: 755
server: |  |  Starting ARG: 1994 nodes, 500 incomplete, 0 unsafe
server: |  |  (StopCriterion FirstCex)...
server: |  |  Building ARG...
server: |  |  Finished ARG: 2015 nodes, 506 incomplete, 1 unsafe
server: | Checking abstraction done, result: (AbstractorResult Unsafe)
server: | Refining abstraction...
server: |  |  Trace length: 1007
server: |  |  Checking trace...done, result: (ExprTraceStatus Infeasible)
server: |  |  Pruning from index 1001...done
server: Refining abstraction done, result: (RefinerResult Spurious)
server: ! Precision DID change in this iteration
server: Iteration took 7s to run! 
server: ExplPreictor: Predicted 808.149s, Real 811.495s 
server:               Weight 1.0004009122668294 -> 1.000396866006403 
server: Iteration 253
server: | Checking abstraction...
server: |  |  PrecisionSize: 758
server: |  |  Starting ARG: 2002 nodes, 502 incomplete, 0 unsafe
server: |  |  (StopCriterion FirstCex)...
server: |  |  Building ARG...
server: |  |  Finished ARG: 2023 nodes, 508 incomplete, 1 unsafe
server: | Checking abstraction done, result: (AbstractorResult Unsafe)
server: | Refining abstraction...
server: |  |  Trace length: 1011
server: |  |  Checking trace...done, result: (ExprTraceStatus Infeasible)
server: |  |  Pruning from index 1005...done
server: Refining abstraction done, result: (RefinerResult Spurious)
server: ! Precision DID change in this iteration
server: Iteration took 7s to run! 
server: ExplPreictor: Predicted 815.889s, Real 819.411s 
server:               Weight 1.000396866006403 -> 1.000393519430028 
server: Iteration 254
server: | Checking abstraction...
server: |  |  PrecisionSize: 761
server: |  |  Starting ARG: 2010 nodes, 504 incomplete, 0 unsafe
server: |  |  (StopCriterion FirstCex)...
server: |  |  Building ARG...
server: |  |  Finished ARG: 2031 nodes, 510 incomplete, 1 unsafe
server: | Checking abstraction done, result: (AbstractorResult Unsafe)
server: | Refining abstraction...
server: |  |  Trace length: 1015
server: |  |  Checking trace...done, result: (ExprTraceStatus Infeasible)
server: |  |  Pruning from index 1009...done
server: Refining abstraction done, result: (RefinerResult Spurious)
server: ! Precision DID change in this iteration
server: Iteration took 8s to run! 
server: ExplPreictor: Predicted 823.813s, Real 827.471s 
server:               Weight 1.000393519430028 -> 1.0003906775322629 
server: Iteration 255
server: | Checking abstraction...
server: |  |  PrecisionSize: 764
server: |  |  Starting ARG: 2018 nodes, 506 incomplete, 0 unsafe
server: |  |  (StopCriterion FirstCex)...
server: |  |  Building ARG...
server: |  |  Finished ARG: 2039 nodes, 512 incomplete, 1 unsafe
server: | Checking abstraction done, result: (AbstractorResult Unsafe)
server: | Refining abstraction...
server: |  |  Trace length: 1019
server: |  |  Checking trace...done, result: (ExprTraceStatus Infeasible)
server: |  |  Pruning from index 1013...done
server: Refining abstraction done, result: (RefinerResult Spurious)
server: ! Precision DID change in this iteration
server: Iteration took 8s to run! 
server: ExplPreictor: Predicted 831.888s, Real 835.531s 
server:               Weight 1.0003906775322629 -> 1.0003877617086614 
server: Iteration 256
server: | Checking abstraction...
server: |  |  PrecisionSize: 767
server: |  |  Starting ARG: 2026 nodes, 508 incomplete, 0 unsafe
server: |  |  (StopCriterion FirstCex)...
server: |  |  Building ARG...
server: |  |  Finished ARG: 2047 nodes, 514 incomplete, 1 unsafe
server: | Checking abstraction done, result: (AbstractorResult Unsafe)
server: | Refining abstraction...
server: |  |  Trace length: 1023
server: |  |  Checking trace...done, result: (ExprTraceStatus Infeasible)
server: |  |  Pruning from index 1017...done
server: Refining abstraction done, result: (RefinerResult Spurious)
server: ! Precision DID change in this iteration
server: Iteration took 7s to run! 
server: ExplPreictor: Predicted 839.961s, Real 843.479s 
server:               Weight 1.0003877617086614 -> 1.0003843795799157 
server: Iteration 257
server: | Checking abstraction...
server: |  |  PrecisionSize: 770
server: |  |  Starting ARG: 2034 nodes, 510 incomplete, 0 unsafe
server: |  |  (StopCriterion FirstCex)...
server: |  |  Building ARG...
server: |  |  Finished ARG: 2055 nodes, 516 incomplete, 1 unsafe
server: | Checking abstraction done, result: (AbstractorResult Unsafe)
server: | Refining abstraction...
server: |  |  Trace length: 1027
server: |  |  Checking trace...done, result: (ExprTraceStatus Infeasible)
server: |  |  Pruning from index 1021...done
server: Refining abstraction done, result: (RefinerResult Spurious)
server: ! Precision DID change in this iteration
server: Iteration took 7s to run! 
server: ExplPreictor: Predicted 847.915s, Real 851.304s 
server:               Weight 1.0003843795799157 -> 1.000380549061482 
server: Iteration 258
server: | Checking abstraction...
server: |  |  PrecisionSize: 773
server: |  |  Starting ARG: 2042 nodes, 512 incomplete, 0 unsafe
server: |  |  (StopCriterion FirstCex)...
server: |  |  Building ARG...
server: |  |  Finished ARG: 2063 nodes, 518 incomplete, 1 unsafe
server: | Checking abstraction done, result: (AbstractorResult Unsafe)
server: | Refining abstraction...
server: |  |  Trace length: 1031
server: |  |  Checking trace...done, result: (ExprTraceStatus Infeasible)
server: |  |  Pruning from index 1025...done
server: Refining abstraction done, result: (RefinerResult Spurious)
server: ! Precision DID change in this iteration
server: Iteration took 8s to run! 
server: ExplPreictor: Predicted 855.739s, Real 859.616s 
server:               Weight 1.000380549061482 -> 1.0003784862696974 
server: Iteration 259
server: | Checking abstraction...
server: |  |  PrecisionSize: 776
server: |  |  Starting ARG: 2050 nodes, 514 incomplete, 0 unsafe
server: |  |  (StopCriterion FirstCex)...
server: |  |  Building ARG...
server: |  |  Finished ARG: 2071 nodes, 520 incomplete, 1 unsafe
server: | Checking abstraction done, result: (AbstractorResult Unsafe)
server: | Refining abstraction...
server: |  |  Trace length: 1035
server: |  |  Checking trace...done, result: (ExprTraceStatus Infeasible)
server: |  |  Pruning from index 1029...done
server: Refining abstraction done, result: (RefinerResult Spurious)
server: ! Precision DID change in this iteration
server: Iteration took 8s to run! 
server: ExplPreictor: Predicted 864.073s, Real 868.278s 
server:               Weight 1.0003784862696974 -> 1.0003775157374426 
server: Iteration 260
server: | Checking abstraction...
server: |  |  PrecisionSize: 779
server: |  |  Starting ARG: 2058 nodes, 516 incomplete, 0 unsafe
server: |  |  (StopCriterion FirstCex)...
server: |  |  Building ARG...
server: |  |  Finished ARG: 2079 nodes, 522 incomplete, 1 unsafe
server: | Checking abstraction done, result: (AbstractorResult Unsafe)
server: | Refining abstraction...
server: |  |  Trace length: 1039
server: |  |  Checking trace...done, result: (ExprTraceStatus Infeasible)
server: |  |  Pruning from index 1033...done
server: Refining abstraction done, result: (RefinerResult Spurious)
server: ! Precision DID change in this iteration
server: Iteration took 9s to run! 
server: ExplPreictor: Predicted 872.772s, Real 877.357s 
server:               Weight 1.0003775157374426 -> 1.0003777453253728 
server: Iteration 261
server: | Checking abstraction...
server: |  |  PrecisionSize: 782
server: |  |  Starting ARG: 2066 nodes, 518 incomplete, 0 unsafe
server: |  |  (StopCriterion FirstCex)...
server: |  |  Building ARG...
server: |  |  Finished ARG: 2087 nodes, 524 incomplete, 1 unsafe
server: | Checking abstraction done, result: (AbstractorResult Unsafe)
server: | Refining abstraction...
server: |  |  Trace length: 1043
server: |  |  Checking trace...done, result: (ExprTraceStatus Infeasible)
server: |  |  Pruning from index 1037...done
server: Refining abstraction done, result: (RefinerResult Spurious)
server: ! Precision DID change in this iteration
server: Iteration took 9s to run! 
server: ExplPreictor: Predicted 881.904s, Real 886.707s 
server:               Weight 1.0003777453253728 -> 1.0003785344539602 
server: Iteration 262
server: | Checking abstraction...
server: |  |  PrecisionSize: 785
server: |  |  Starting ARG: 2074 nodes, 520 incomplete, 0 unsafe
server: |  |  (StopCriterion FirstCex)...
server: |  |  Building ARG...
server: |  |  Finished ARG: 2095 nodes, 526 incomplete, 1 unsafe
server: | Checking abstraction done, result: (AbstractorResult Unsafe)
server: | Refining abstraction...
server: |  |  Trace length: 1047
server: |  |  Checking trace...done, result: (ExprTraceStatus Infeasible)
server: |  |  Pruning from index 1041...done
server: Refining abstraction done, result: (RefinerResult Spurious)
server: ! Precision DID change in this iteration
server: Iteration took 9s to run! 
server: ExplPreictor: Predicted 891.316s, Real 896.324s 
server:               Weight 1.0003785344539602 -> 1.0003797992875565 
server: --------Iteration time heuristic predicts timeout--------
server: |  |  PrecisionSize: 785
server: |  |  Starting ARG: 2082 nodes, 522 incomplete, 0 unsafe
server: |  |  (StopCriterion FullExploration)...
server: |  |  Building ARG...
The process run out of time so it got destroied!
Backend finished (in 900217 ms)
ErrorCodeException(code=201)
	at hu.bme.mit.theta.xcfa.cli.checkers.InProcessChecker.check(InProcessChecker.kt:168)
	at hu.bme.mit.theta.xcfa.cli.ExecuteConfigKt$backend$result$1.invoke(ExecuteConfig.kt:320)
	at hu.bme.mit.theta.xcfa.cli.ExecuteConfigKt$backend$result$1.invoke(ExecuteConfig.kt:318)
	at hu.bme.mit.theta.xcfa.cli.params.ExitCodesKt.exitOnError(ExitCodes.kt:58)
	at hu.bme.mit.theta.xcfa.cli.ExecuteConfigKt.backend(ExecuteConfig.kt:318)
	at hu.bme.mit.theta.xcfa.cli.ExecuteConfigKt.backend$default(ExecuteConfig.kt:275)
	at hu.bme.mit.theta.xcfa.cli.ExecuteConfigKt.runConfig(ExecuteConfig.kt:105)
	at hu.bme.mit.theta.xcfa.cli.portfolio.SpecFromNamePortfolioKt.specFromNamePortfolio$checker(specFromNamePortfolio.kt:82)
	at hu.bme.mit.theta.xcfa.cli.portfolio.SpecFromNamePortfolioKt.access$specFromNamePortfolio$checker(specFromNamePortfolio.kt:1)
	at hu.bme.mit.theta.xcfa.cli.portfolio.SpecFromNamePortfolioKt$specFromNamePortfolio$configNodes$1$1.invoke(specFromNamePortfolio.kt:122)
	at hu.bme.mit.theta.xcfa.cli.portfolio.SpecFromNamePortfolioKt$specFromNamePortfolio$configNodes$1$1.invoke(specFromNamePortfolio.kt:122)
	at hu.bme.mit.theta.xcfa.cli.portfolio.ConfigNode.execute(stm.kt:74)
	at hu.bme.mit.theta.xcfa.cli.portfolio.STM.execute(stm.kt:159)
	at hu.bme.mit.theta.xcfa.cli.portfolio.STM.execute$default(stm.kt:154)
	at hu.bme.mit.theta.xcfa.cli.checkers.ConfigToPortfolioKt.getPortfolioChecker$lambda$0(ConfigToPortfolio.kt:136)
	at hu.bme.mit.theta.analysis.algorithm.SafetyChecker.check(SafetyChecker.java:27)
	at hu.bme.mit.theta.xcfa.cli.ExecuteConfigKt$backend$result$1.invoke(ExecuteConfig.kt:320)
	at hu.bme.mit.theta.xcfa.cli.ExecuteConfigKt$backend$result$1.invoke(ExecuteConfig.kt:318)
	at hu.bme.mit.theta.xcfa.cli.params.ExitCodesKt.exitOnError(ExitCodes.kt:58)
	at hu.bme.mit.theta.xcfa.cli.ExecuteConfigKt.backend(ExecuteConfig.kt:318)
	at hu.bme.mit.theta.xcfa.cli.ExecuteConfigKt.backend$default(ExecuteConfig.kt:275)
	at hu.bme.mit.theta.xcfa.cli.ExecuteConfigKt.runConfig(ExecuteConfig.kt:105)
	at hu.bme.mit.theta.xcfa.cli.ExecuteConfigKt.runConfig$default(ExecuteConfig.kt:74)
	at hu.bme.mit.theta.xcfa.cli.XcfaCli.run(XcfaCli.kt:127)
	at hu.bme.mit.theta.xcfa.cli.XcfaCli.access$run(XcfaCli.kt:37)
	at hu.bme.mit.theta.xcfa.cli.XcfaCli$Companion.main(XcfaCli.kt:137)
	at hu.bme.mit.theta.xcfa.cli.XcfaCli.main(XcfaCli.kt)
Caught exception: ErrorCodeException(code=201)
Handling exception as Anything
Current configuration: XcfaConfig(inputConfig=InputConfig(inputFile=null, catFile=null, parseCtx=null, xcfaWCtx=present, propertyFile=null, property=ERROR_LOCATION, partialResult=null, frontendConfig=FrontendConfig(lbeLevel=LBE_SEQ, staticCoi=false, loopUnroll=1000, forceUnroll=-1, enableFew=false, inputType=C, specConfig=CFrontendConfig(arithmetic=efficient, architecture=ILP32)), backendConfig=BackendConfig(backend=BOUNDED, solverHome=/home/benchexec/.theta, timeoutMs=900000, softTimeoutMs=700000, inProcess=true, parseInProcess=false, inPortfolio=true, memlimit=0, disablePartialResult=true, specConfig=BoundedConfig(maxBound=0, reversed=false, cegar=false, initPrec=EMPTY, bmcConfig=BMCConfig(disable=false, nonLfPath=false, bmcSolver=Z3, validateBMCSolver=false), indConfig=InductionConfig(disable=false, indSolver=Z3, validateIndSolver=false, indMinBound=0, indFreq=1), itpConfig=InterpolationConfig(disable=true, itpSolver=Z3, validateItpSolver=false))), outputConfig=OutputConfig(versionInfo=false, enableOutput=true, resultFolder=./output/PredCart(900, true, true) -> KInd()/KInd(), acceptUnreliableSafe=false, cOutputConfig=COutputConfig(disable=true, useArr=false, useExArr=false, useRange=false), xcfaOutputConfig=XcfaOutputConfig(disable=true), chcOutputConfig=ChcOutputConfig(disable=true), witnessConfig=WitnessConfig(disable=false, svcomp=true, concretizerSolver=Z3, validateConcretizerSolver=false, inputFileForWitness=null), partialResultOutputConfig=PartialResultOutputConfig(enable=false, tempFileLocation=null), argConfig=ArgConfig(disable=true)), debugConfig=DebugConfig(debug=false, stacktrace=false, logLevel=INFO, argdebug=false, argToFile=false))
PartialResultJson: /dev/shm/partialResult4377988194636038063.json
server: Registered Legacy-Z3 SolverManager
server: Registered Z3 SolverManager
server: Registered JavaSMT SolverManager
server: Registered SMT-LIB SolverManager
server: Successfully loaded LocationInvariants from /dev/shm/partialResult4377988194636038063.json
server: [33m[WARN] LocationInvariants are empty map. Returning null!
server: [0mStarting iteration 1
server: 	Starting BMC
server: 	Starting k-induction
server: Starting iteration 2
server: 	Starting BMC
server: 	Starting k-induction
server: Starting iteration 3
server: 	Starting BMC
server: 	Starting k-induction
server: Starting iteration 4
server: 	Starting BMC
server: 	Starting k-induction
server: Starting iteration 5
server: 	Starting BMC
server: 	Starting k-induction
server: Starting iteration 6
server: 	Starting BMC
server: 	Starting k-induction
server: Starting iteration 7
server: 	Starting BMC
server: 	Starting k-induction
server: Starting iteration 8
server: 	Starting BMC
server: 	Starting k-induction
server: Starting iteration 9
server: 	Starting BMC
server: 	Starting k-induction
server: Starting iteration 10
server: 	Starting BMC
server: 	Starting k-induction
server: Starting iteration 11
server: 	Starting BMC
server: Safety proven in BMC step
server: Backend finished (in 822 ms)
server: (SafetyResult Safe)
server: Writing post-verification artifacts to directory /tmp/vcloud_worker_meres_on_bme-233008/run_dir_fcb185c5-4b3f-4471-ba4a-a3150b57bdf8/./output/PredCart(900, true, true) -> KInd()/KInd()/14089776915467124361
Backend finished (in 2659 ms)
(SafetyResult Safe)
success-result: KInd()
Backend finished (in 907137 ms)
(SafetyResult Safe)
