tools/baseline/theta-start.sh sv-benchmarks/c/loop-acceleration/simple_1-1.c --svcomp --portfolio 'PredCart(900, true, true) -> KInd()' --loglevel RESULT --output-directory ./output --property sv-benchmarks/c/properties/unreach-call.prp --architecture ILP32 --memlimit 15000000000


--------------------------------------------------------------------------------


LD_LIBRARY_PATH=/tmp/vcloud_worker_meres_on_bme-233008/run_dir_786ebcfa-1e1f-4890-be59-7ca4ff84b2ff/tools/baseline/lib /usr/lib/jvm/java-17-openjdk-amd64/bin/java -Xss120m -Xmx14210m -jar /tmp/vcloud_worker_meres_on_bme-233008/run_dir_786ebcfa-1e1f-4890-be59-7ca4ff84b2ff/tools/baseline/theta.jar --svcomp --portfolio PredCart(900, true, true) -> KInd() --loglevel RESULT --output-directory ./output --property sv-benchmarks/c/properties/unreach-call.prp --architecture ILP32 --memlimit 15000000000 --input sv-benchmarks/c/loop-acceleration/simple_1-1.c --smt-home /tmp/vcloud_worker_meres_on_bme-233008/run_dir_786ebcfa-1e1f-4890-be59-7ca4ff84b2ff/tools/baseline/solvers
Arithmetic: [NONLIN_INT]
ParsingResult Success
Alias graph size: 0 -> []
PARTS: [PredCart(900, true, true), KInd()]
Current configuration: XcfaConfig(inputConfig=InputConfig(inputFile=null, catFile=null, parseCtx=null, xcfaWCtx=present, propertyFile=null, property=ERROR_LOCATION, partialResult=null, frontendConfig=FrontendConfig(lbeLevel=LBE_SEQ, staticCoi=false, loopUnroll=1000, forceUnroll=-1, enableFew=false, inputType=C, specConfig=CFrontendConfig(arithmetic=efficient, architecture=ILP32)), backendConfig=BackendConfig(backend=CEGAR, solverHome=/home/benchexec/.theta, timeoutMs=900000, softTimeoutMs=900000, inProcess=true, parseInProcess=false, inPortfolio=true, memlimit=0, disablePartialResult=false, specConfig=CegarConfig(initPrec=EMPTY, porLevel=NOPOR, porRandomSeed=0, coi=NO_COI, cexMonitor=CHECK, iterationTimeHeuristic=true, abstractorConfig=CegarAbstractorConfig(abstractionSolver=Z3, validateAbstractionSolver=false, domain=PRED_CART, maxEnum=2, search=ERR, havocMemory=false), refinerConfig=CegarRefinerConfig(refinementSolver=Z3, validateRefinementSolver=false, refinement=SEQ_ITP, exprSplitter=CONJUNCTS, pruneStrategy=LAZY))), outputConfig=OutputConfig(versionInfo=false, enableOutput=true, resultFolder=./output/PredCart(900, true, true) -> KInd()/PredCart(900, true, true), acceptUnreliableSafe=false, cOutputConfig=COutputConfig(disable=true, useArr=false, useExArr=false, useRange=false), xcfaOutputConfig=XcfaOutputConfig(disable=true), chcOutputConfig=ChcOutputConfig(disable=true), witnessConfig=WitnessConfig(disable=false, svcomp=true, concretizerSolver=Z3, validateConcretizerSolver=false, inputFileForWitness=null), partialResultOutputConfig=PartialResultOutputConfig(enable=false, tempFileLocation=null), argConfig=ArgConfig(disable=true)), debugConfig=DebugConfig(debug=false, stacktrace=false, logLevel=INFO, argdebug=false, argToFile=false))
PartialResultJson: /dev/shm/partialResult12416721179664029463.json
server: Registered Legacy-Z3 SolverManager
server: Registered Z3 SolverManager
server: Registered JavaSMT SolverManager
server: Registered SMT-LIB SolverManager
server: Successfully loaded LocationInvariants from /dev/shm/partialResult12416721179664029463.json
server: [33m[WARN] LocationInvariants are empty map. Returning null!
server: [0mCEGARCHEKER: (CegarChecker (XcfaArgAbstractor (PriorityWaitlist XcfaDistToErrComparator)) (XcfaSingleExprTraceRefiner ExprTraceSeqItpChecker XcfaPrecRefiner))
server: Configuration: (CegarChecker (XcfaArgAbstractor (PriorityWaitlist XcfaDistToErrComparator)) (XcfaSingleExprTraceRefiner ExprTraceSeqItpChecker XcfaPrecRefiner))
server: TimeoutMs In Cegar:900000
server: Iteration 1
server: | Checking abstraction...
server: |  |  PrecisionSize: 0
server: |  |  (Re)initializing ARG...done
server: |  |  Starting ARG: 1 nodes, 1 incomplete, 0 unsafe
server: |  |  (StopCriterion FirstCex)...
server: |  |  Building ARG...
server: |  |  Finished ARG: 7 nodes, 3 incomplete, 1 unsafe
server: | Checking abstraction done, result: (AbstractorResult Unsafe)
server: | Refining abstraction...
server: |  |  Trace length: 4
server: |  |  Checking trace...done, result: (ExprTraceStatus Infeasible)
server: |  |  Pruning from index 2...done
server: Refining abstraction done, result: (RefinerResult Spurious)
server: ! Precision DID change in this iteration
server: Iteration took 0s to run! 
server: ExplPreictor: Predicted 0.200s, Real 0.129s 
server:               Weight 1.7 -> 0.9172637069121523 
server: Iteration 2
server: | Checking abstraction...
server: |  |  PrecisionSize: 1
server: |  |  Starting ARG: 2 nodes, 1 incomplete, 0 unsafe
server: |  |  (StopCriterion FirstCex)...
server: |  |  Building ARG...
server: |  |  Finished ARG: 9 nodes, 3 incomplete, 1 unsafe
server: | Checking abstraction done, result: (AbstractorResult Unsafe)
server: | Refining abstraction...
server: |  |  Trace length: 5
server: |  |  Checking trace...done, result: (ExprTraceStatus Infeasible)
server: |  |  Pruning from index 2...done
server: Refining abstraction done, result: (RefinerResult Spurious)
server: ! Precision DID change in this iteration
server: Iteration took 0s to run! 
server: ExplPreictor: Predicted 0.086s, Real 0.184s 
server:               Weight 0.9172637069121523 -> 1.0244686605285884 
server: Iteration 3
server: | Checking abstraction...
server: |  |  PrecisionSize: 4
server: |  |  Starting ARG: 2 nodes, 1 incomplete, 0 unsafe
server: |  |  (StopCriterion FirstCex)...
server: |  |  Building ARG...
server: |  |  Finished ARG: 11 nodes, 3 incomplete, 1 unsafe
server: | Checking abstraction done, result: (AbstractorResult Unsafe)
server: | Refining abstraction...
server: |  |  Trace length: 6
server: |  |  Checking trace...done, result: (ExprTraceStatus Infeasible)
server: |  |  Pruning from index 2...done
server: Refining abstraction done, result: (RefinerResult Spurious)
server: ! Precision DID change in this iteration
server: Iteration took 0s to run! 
server: ExplPreictor: Predicted 0.209s, Real 0.336s 
server:               Weight 1.0244686605285884 -> 1.0494650783070107 
server: Iteration 4
server: | Checking abstraction...
server: |  |  PrecisionSize: 8
server: |  |  Starting ARG: 2 nodes, 1 incomplete, 0 unsafe
server: |  |  (StopCriterion FirstCex)...
server: |  |  Building ARG...
server: |  |  Finished ARG: 13 nodes, 3 incomplete, 1 unsafe
server: | Checking abstraction done, result: (AbstractorResult Unsafe)
server: | Refining abstraction...
server: |  |  Trace length: 7
server: |  |  Checking trace...done, result: (ExprTraceStatus Infeasible)
server: |  |  Pruning from index 3...done
server: Refining abstraction done, result: (RefinerResult Spurious)
server: ! Precision DID change in this iteration
server: Iteration took 0s to run! 
server: ExplPreictor: Predicted 0.448s, Real 0.570s 
server:               Weight 1.0494650783070107 -> 1.0460001558508296 
server: Iteration 5
server: | Checking abstraction...
server: |  |  PrecisionSize: 10
server: |  |  Starting ARG: 4 nodes, 1 incomplete, 0 unsafe
server: |  |  (StopCriterion FirstCex)...
server: |  |  Building ARG...
server: |  |  Finished ARG: 15 nodes, 3 incomplete, 1 unsafe
server: | Checking abstraction done, result: (AbstractorResult Unsafe)
server: | Refining abstraction...
server: |  |  Trace length: 8
server: |  |  Checking trace...done, result: (ExprTraceStatus Infeasible)
server: |  |  Pruning from index 3...done
server: Refining abstraction done, result: (RefinerResult Spurious)
server: ! Precision DID change in this iteration
server: Iteration took 0s to run! 
server: ExplPreictor: Predicted 0.763s, Real 0.899s 
server:               Weight 1.0460001558508296 -> 1.0396317707917841 
server: Iteration 6
server: | Checking abstraction...
server: |  |  PrecisionSize: 20
server: |  |  Starting ARG: 4 nodes, 1 incomplete, 0 unsafe
server: |  |  (StopCriterion FirstCex)...
server: |  |  Building ARG...
server: |  |  Finished ARG: 21 nodes, 3 incomplete, 1 unsafe
server: | Checking abstraction done, result: (AbstractorResult Unsafe)
server: | Refining abstraction...
server: |  |  Trace length: 11
server: |  |  Checking trace...done, result: (ExprTraceStatus Infeasible)
server: |  |  Pruning from index 5...done
server: Refining abstraction done, result: (RefinerResult Spurious)
server: ! Precision DID change in this iteration
server: Iteration took 0s to run! 
server: ExplPreictor: Predicted 1.177s, Real 1.297s 
server:               Weight 1.0396317707917841 -> 1.0328711660585914 
server: Iteration 7
server: | Checking abstraction...
server: |  |  PrecisionSize: 25
server: |  |  Starting ARG: 8 nodes, 1 incomplete, 0 unsafe
server: |  |  (StopCriterion FirstCex)...
server: |  |  Building ARG...
server: |  |  Finished ARG: 27 nodes, 3 incomplete, 1 unsafe
server: | Checking abstraction done, result: (AbstractorResult Unsafe)
server: | Refining abstraction...
server: |  |  Trace length: 14
server: |  |  Checking trace...done, result: (ExprTraceStatus Infeasible)
server: |  |  Pruning from index 9...done
server: Refining abstraction done, result: (RefinerResult Spurious)
server: ! Precision DID change in this iteration
server: Iteration took 0s to run! 
server: ExplPreictor: Predicted 1.642s, Real 1.824s 
server:               Weight 1.0328711660585914 -> 1.0285930087818298 
server: Iteration 8
server: | Checking abstraction...
server: |  |  PrecisionSize: 28
server: |  |  Starting ARG: 16 nodes, 1 incomplete, 0 unsafe
server: |  |  (StopCriterion FirstCex)...
server: |  |  Building ARG...
server: |  |  Finished ARG: 33 nodes, 3 incomplete, 1 unsafe
server: | Checking abstraction done, result: (AbstractorResult Unsafe)
server: | Refining abstraction...
server: |  |  Trace length: 17
server: |  |  Checking trace...done, result: (ExprTraceStatus Infeasible)
server: |  |  Pruning from index 12...done
server: Refining abstraction done, result: (RefinerResult Spurious)
server: ! Precision DID change in this iteration
server: Iteration took 0s to run! 
server: ExplPreictor: Predicted 2.261s, Real 2.335s 
server:               Weight 1.0285930087818298 -> 1.023552178136794 
server: Iteration 9
server: | Checking abstraction...
server: |  |  PrecisionSize: 31
server: |  |  Starting ARG: 22 nodes, 1 incomplete, 0 unsafe
server: |  |  (StopCriterion FirstCex)...
server: |  |  Building ARG...
server: |  |  Finished ARG: 39 nodes, 3 incomplete, 1 unsafe
server: | Checking abstraction done, result: (AbstractorResult Unsafe)
server: | Refining abstraction...
server: |  |  Trace length: 20
server: |  |  Checking trace...done, result: (ExprTraceStatus Infeasible)
server: |  |  Pruning from index 15...done
server: Refining abstraction done, result: (RefinerResult Spurious)
server: ! Precision DID change in this iteration
server: Iteration took 0s to run! 
server: ExplPreictor: Predicted 2.803s, Real 2.933s 
server:               Weight 1.023552178136794 -> 1.0202491745863072 
server: Iteration 10
server: | Checking abstraction...
server: |  |  PrecisionSize: 34
server: |  |  Starting ARG: 28 nodes, 1 incomplete, 0 unsafe
server: |  |  (StopCriterion FirstCex)...
server: |  |  Building ARG...
server: |  |  Finished ARG: 45 nodes, 3 incomplete, 1 unsafe
server: | Checking abstraction done, result: (AbstractorResult Unsafe)
server: | Refining abstraction...
server: |  |  Trace length: 23
server: |  |  Checking trace...done, result: (ExprTraceStatus Infeasible)
server: |  |  Pruning from index 18...done
server: Refining abstraction done, result: (RefinerResult Spurious)
server: ! Precision DID change in this iteration
server: Iteration took 0s to run! 
server: ExplPreictor: Predicted 3.448s, Real 3.534s 
server:               Weight 1.0202491745863072 -> 1.017344102583942 
server: Iteration 11
server: | Checking abstraction...
server: |  |  PrecisionSize: 37
server: |  |  Starting ARG: 34 nodes, 1 incomplete, 0 unsafe
server: |  |  (StopCriterion FirstCex)...
server: |  |  Building ARG...
server: |  |  Finished ARG: 51 nodes, 3 incomplete, 1 unsafe
server: | Checking abstraction done, result: (AbstractorResult Unsafe)
server: | Refining abstraction...
server: |  |  Trace length: 26
server: |  |  Checking trace...done, result: (ExprTraceStatus Infeasible)
server: |  |  Pruning from index 21...done
server: Refining abstraction done, result: (RefinerResult Spurious)
server: ! Precision DID change in this iteration
server: Iteration took 0s to run! 
server: ExplPreictor: Predicted 4.072s, Real 4.195s 
server:               Weight 1.017344102583942 -> 1.0152142246623308 
server: Iteration 12
server: | Checking abstraction...
server: |  |  PrecisionSize: 40
server: |  |  Starting ARG: 40 nodes, 1 incomplete, 0 unsafe
server: |  |  (StopCriterion FirstCex)...
server: |  |  Building ARG...
server: |  |  Finished ARG: 57 nodes, 3 incomplete, 1 unsafe
server: | Checking abstraction done, result: (AbstractorResult Unsafe)
server: | Refining abstraction...
server: |  |  Trace length: 29
server: |  |  Checking trace...done, result: (ExprTraceStatus Infeasible)
server: |  |  Pruning from index 24...done
server: Refining abstraction done, result: (RefinerResult Spurious)
server: ! Precision DID change in this iteration
server: Iteration took 0s to run! 
server: ExplPreictor: Predicted 4.763s, Real 4.833s 
server:               Weight 1.0152142246623308 -> 1.0132815817836207 
server: Iteration 13
server: | Checking abstraction...
server: |  |  PrecisionSize: 43
server: |  |  Starting ARG: 46 nodes, 1 incomplete, 0 unsafe
server: |  |  (StopCriterion FirstCex)...
server: |  |  Building ARG...
server: |  |  Finished ARG: 63 nodes, 3 incomplete, 1 unsafe
server: | Checking abstraction done, result: (AbstractorResult Unsafe)
server: | Refining abstraction...
server: |  |  Trace length: 32
server: |  |  Checking trace...done, result: (ExprTraceStatus Infeasible)
server: |  |  Pruning from index 27...done
server: Refining abstraction done, result: (RefinerResult Spurious)
server: ! Precision DID change in this iteration
server: Iteration took 0s to run! 
server: ExplPreictor: Predicted 5.409s, Real 5.683s 
server:               Weight 1.0132815817836207 -> 1.0122761000906502 
server: Iteration 14
server: | Checking abstraction...
server: |  |  PrecisionSize: 46
server: |  |  Starting ARG: 52 nodes, 1 incomplete, 0 unsafe
server: |  |  (StopCriterion FirstCex)...
server: |  |  Building ARG...
server: |  |  Finished ARG: 69 nodes, 3 incomplete, 1 unsafe
server: | Checking abstraction done, result: (AbstractorResult Unsafe)
server: | Refining abstraction...
server: |  |  Trace length: 35
server: |  |  Checking trace...done, result: (ExprTraceStatus Infeasible)
server: |  |  Pruning from index 30...done
server: Refining abstraction done, result: (RefinerResult Spurious)
server: ! Precision DID change in this iteration
server: Iteration took 0s to run! 
server: ExplPreictor: Predicted 6.319s, Real 6.471s 
server:               Weight 1.0122761000906502 -> 1.0110724098649035 
server: Iteration 15
server: | Checking abstraction...
server: |  |  PrecisionSize: 49
server: |  |  Starting ARG: 58 nodes, 1 incomplete, 0 unsafe
server: |  |  (StopCriterion FirstCex)...
server: |  |  Building ARG...
server: |  |  Finished ARG: 75 nodes, 3 incomplete, 1 unsafe
server: | Checking abstraction done, result: (AbstractorResult Unsafe)
server: | Refining abstraction...
server: |  |  Trace length: 38
server: |  |  Checking trace...done, result: (ExprTraceStatus Infeasible)
server: |  |  Pruning from index 33...done
server: Refining abstraction done, result: (RefinerResult Spurious)
server: ! Precision DID change in this iteration
server: Iteration took 0s to run! 
server: ExplPreictor: Predicted 7.131s, Real 7.254s 
server:               Weight 1.0110724098649035 -> 1.009986094220364 
server: Iteration 16
server: | Checking abstraction...
server: |  |  PrecisionSize: 52
server: |  |  Starting ARG: 64 nodes, 1 incomplete, 0 unsafe
server: |  |  (StopCriterion FirstCex)...
server: |  |  Building ARG...
server: |  |  Finished ARG: 81 nodes, 3 incomplete, 1 unsafe
server: | Checking abstraction done, result: (AbstractorResult Unsafe)
server: | Refining abstraction...
server: |  |  Trace length: 41
server: |  |  Checking trace...done, result: (ExprTraceStatus Infeasible)
server: |  |  Pruning from index 36...done
server: Refining abstraction done, result: (RefinerResult Spurious)
server: ! Precision DID change in this iteration
server: Iteration took 1s to run! 
server: ExplPreictor: Predicted 7.927s, Real 8.265s 
server:               Weight 1.009986094220364 -> 1.0093857561344326 
server: Iteration 17
server: | Checking abstraction...
server: |  |  PrecisionSize: 55
server: |  |  Starting ARG: 70 nodes, 1 incomplete, 0 unsafe
server: |  |  (StopCriterion FirstCex)...
server: |  |  Building ARG...
server: |  |  Finished ARG: 87 nodes, 3 incomplete, 1 unsafe
server: | Checking abstraction done, result: (AbstractorResult Unsafe)
server: | Refining abstraction...
server: |  |  Trace length: 44
server: |  |  Checking trace...done, result: (ExprTraceStatus Infeasible)
server: |  |  Pruning from index 39...done
server: Refining abstraction done, result: (RefinerResult Spurious)
server: ! Precision DID change in this iteration
server: Iteration took 1s to run! 
server: ExplPreictor: Predicted 8.995s, Real 9.351s 
server:               Weight 1.0093857561344326 -> 1.0088350149775165 
server: Iteration 18
server: | Checking abstraction...
server: |  |  PrecisionSize: 58
server: |  |  Starting ARG: 76 nodes, 1 incomplete, 0 unsafe
server: |  |  (StopCriterion FirstCex)...
server: |  |  Building ARG...
server: |  |  Finished ARG: 93 nodes, 3 incomplete, 1 unsafe
server: | Checking abstraction done, result: (AbstractorResult Unsafe)
server: | Refining abstraction...
server: |  |  Trace length: 47
server: |  |  Checking trace...done, result: (ExprTraceStatus Infeasible)
server: |  |  Pruning from index 42...done
server: Refining abstraction done, result: (RefinerResult Spurious)
server: ! Precision DID change in this iteration
server: Iteration took 2s to run! 
server: ExplPreictor: Predicted 10.138s, Real 11.368s 
server:               Weight 1.0088350149775165 -> 1.009204238898029 
server: Iteration 19
server: | Checking abstraction...
server: |  |  PrecisionSize: 61
server: |  |  Starting ARG: 82 nodes, 1 incomplete, 0 unsafe
server: |  |  (StopCriterion FirstCex)...
server: |  |  Building ARG...
server: |  |  Finished ARG: 99 nodes, 3 incomplete, 1 unsafe
server: | Checking abstraction done, result: (AbstractorResult Unsafe)
server: | Refining abstraction...
server: |  |  Trace length: 50
server: |  |  Checking trace...done, result: (ExprTraceStatus Infeasible)
server: |  |  Pruning from index 45...done
server: Refining abstraction done, result: (RefinerResult Spurious)
server: ! Precision DID change in this iteration
server: Iteration took 1s to run! 
server: ExplPreictor: Predicted 12.388s, Real 12.480s 
server:               Weight 1.009204238898029 -> 1.008355428824769 
server: Iteration 20
server: | Checking abstraction...
server: |  |  PrecisionSize: 64
server: |  |  Starting ARG: 88 nodes, 1 incomplete, 0 unsafe
server: |  |  (StopCriterion FirstCex)...
server: |  |  Building ARG...
server: |  |  Finished ARG: 105 nodes, 3 incomplete, 1 unsafe
server: | Checking abstraction done, result: (AbstractorResult Unsafe)
server: | Refining abstraction...
server: |  |  Trace length: 53
server: |  |  Checking trace...done, result: (ExprTraceStatus Infeasible)
server: |  |  Pruning from index 48...done
server: Refining abstraction done, result: (RefinerResult Spurious)
server: ! Precision DID change in this iteration
server: Iteration took 1s to run! 
server: ExplPreictor: Predicted 13.503s, Real 13.843s 
server:               Weight 1.008355428824769 -> 1.0078007306754964 
server: Iteration 21
server: | Checking abstraction...
server: |  |  PrecisionSize: 67
server: |  |  Starting ARG: 94 nodes, 1 incomplete, 0 unsafe
server: |  |  (StopCriterion FirstCex)...
server: |  |  Building ARG...
server: |  |  Finished ARG: 111 nodes, 3 incomplete, 1 unsafe
server: | Checking abstraction done, result: (AbstractorResult Unsafe)
server: | Refining abstraction...
server: |  |  Trace length: 56
server: |  |  Checking trace...done, result: (ExprTraceStatus Infeasible)
server: |  |  Pruning from index 51...done
server: Refining abstraction done, result: (RefinerResult Spurious)
server: ! Precision DID change in this iteration
server: Iteration took 1s to run! 
server: ExplPreictor: Predicted 14.912s, Real 15.346s 
server:               Weight 1.0078007306754964 -> 1.0073521922920594 
server: Iteration 22
server: | Checking abstraction...
server: |  |  PrecisionSize: 70
server: |  |  Starting ARG: 100 nodes, 1 incomplete, 0 unsafe
server: |  |  (StopCriterion FirstCex)...
server: |  |  Building ARG...
server: |  |  Finished ARG: 117 nodes, 3 incomplete, 1 unsafe
server: | Checking abstraction done, result: (AbstractorResult Unsafe)
server: | Refining abstraction...
server: |  |  Trace length: 59
server: |  |  Checking trace...done, result: (ExprTraceStatus Infeasible)
server: |  |  Pruning from index 54...done
server: Refining abstraction done, result: (RefinerResult Spurious)
server: ! Precision DID change in this iteration
server: Iteration took 1s to run! 
server: ExplPreictor: Predicted 16.473s, Real 16.664s 
server:               Weight 1.0073521922920594 -> 1.0067966016583483 
server: Iteration 23
server: | Checking abstraction...
server: |  |  PrecisionSize: 73
server: |  |  Starting ARG: 106 nodes, 1 incomplete, 0 unsafe
server: |  |  (StopCriterion FirstCex)...
server: |  |  Building ARG...
server: |  |  Finished ARG: 123 nodes, 3 incomplete, 1 unsafe
server: | Checking abstraction done, result: (AbstractorResult Unsafe)
server: | Refining abstraction...
server: |  |  Trace length: 62
server: |  |  Checking trace...done, result: (ExprTraceStatus Infeasible)
server: |  |  Pruning from index 57...done
server: Refining abstraction done, result: (RefinerResult Spurious)
server: ! Precision DID change in this iteration
server: Iteration took 1s to run! 
server: ExplPreictor: Predicted 17.802s, Real 18.048s 
server:               Weight 1.0067966016583483 -> 1.0063267687873148 
server: Iteration 24
server: | Checking abstraction...
server: |  |  PrecisionSize: 76
server: |  |  Starting ARG: 112 nodes, 1 incomplete, 0 unsafe
server: |  |  (StopCriterion FirstCex)...
server: |  |  Building ARG...
server: |  |  Finished ARG: 129 nodes, 3 incomplete, 1 unsafe
server: | Checking abstraction done, result: (AbstractorResult Unsafe)
server: | Refining abstraction...
server: |  |  Trace length: 65
server: |  |  Checking trace...done, result: (ExprTraceStatus Infeasible)
server: |  |  Pruning from index 60...done
server: Refining abstraction done, result: (RefinerResult Spurious)
server: ! Precision DID change in this iteration
server: Iteration took 1s to run! 
server: ExplPreictor: Predicted 19.203s, Real 19.585s 
server:               Weight 1.0063267687873148 -> 1.0059617784093033 
server: Iteration 25
server: | Checking abstraction...
server: |  |  PrecisionSize: 79
server: |  |  Starting ARG: 118 nodes, 1 incomplete, 0 unsafe
server: |  |  (StopCriterion FirstCex)...
server: |  |  Building ARG...
server: |  |  Finished ARG: 135 nodes, 3 incomplete, 1 unsafe
server: | Checking abstraction done, result: (AbstractorResult Unsafe)
server: | Refining abstraction...
server: |  |  Trace length: 68
server: |  |  Checking trace...done, result: (ExprTraceStatus Infeasible)
server: |  |  Pruning from index 63...done
server: Refining abstraction done, result: (RefinerResult Spurious)
server: ! Precision DID change in this iteration
server: Iteration took 1s to run! 
server: ExplPreictor: Predicted 20.774s, Real 21.298s 
server:               Weight 1.0059617784093033 -> 1.0056787167828967 
server: Iteration 26
server: | Checking abstraction...
server: |  |  PrecisionSize: 82
server: |  |  Starting ARG: 124 nodes, 1 incomplete, 0 unsafe
server: |  |  (StopCriterion FirstCex)...
server: |  |  Building ARG...
server: |  |  Finished ARG: 141 nodes, 3 incomplete, 1 unsafe
server: | Checking abstraction done, result: (AbstractorResult Unsafe)
server: | Refining abstraction...
server: |  |  Trace length: 71
server: |  |  Checking trace...done, result: (ExprTraceStatus Infeasible)
server: |  |  Pruning from index 66...done
server: Refining abstraction done, result: (RefinerResult Spurious)
server: ! Precision DID change in this iteration
server: Iteration took 1s to run! 
server: ExplPreictor: Predicted 22.538s, Real 23.018s 
server:               Weight 1.0056787167828967 -> 1.0053931213050318 
server: Iteration 27
server: | Checking abstraction...
server: |  |  PrecisionSize: 85
server: |  |  Starting ARG: 130 nodes, 1 incomplete, 0 unsafe
server: |  |  (StopCriterion FirstCex)...
server: |  |  Building ARG...
server: |  |  Finished ARG: 147 nodes, 3 incomplete, 1 unsafe
server: | Checking abstraction done, result: (AbstractorResult Unsafe)
server: | Refining abstraction...
server: |  |  Trace length: 74
server: |  |  Checking trace...done, result: (ExprTraceStatus Infeasible)
server: |  |  Pruning from index 69...done
server: Refining abstraction done, result: (RefinerResult Spurious)
server: ! Precision DID change in this iteration
server: Iteration took 1s to run! 
server: ExplPreictor: Predicted 24.299s, Real 24.716s 
server:               Weight 1.0053931213050318 -> 1.005104355380486 
server: Iteration 28
server: | Checking abstraction...
server: |  |  PrecisionSize: 88
server: |  |  Starting ARG: 136 nodes, 1 incomplete, 0 unsafe
server: |  |  (StopCriterion FirstCex)...
server: |  |  Building ARG...
server: |  |  Finished ARG: 153 nodes, 3 incomplete, 1 unsafe
server: | Checking abstraction done, result: (AbstractorResult Unsafe)
server: | Refining abstraction...
server: |  |  Trace length: 77
server: |  |  Checking trace...done, result: (ExprTraceStatus Infeasible)
server: |  |  Pruning from index 72...done
server: Refining abstraction done, result: (RefinerResult Spurious)
server: ! Precision DID change in this iteration
server: Iteration took 2s to run! 
server: ExplPreictor: Predicted 26.026s, Real 26.891s 
server:               Weight 1.005104355380486 -> 1.004961011956324 
server: Iteration 29
server: | Checking abstraction...
server: |  |  PrecisionSize: 91
server: |  |  Starting ARG: 142 nodes, 1 incomplete, 0 unsafe
server: |  |  (StopCriterion FirstCex)...
server: |  |  Building ARG...
server: |  |  Finished ARG: 159 nodes, 3 incomplete, 1 unsafe
server: | Checking abstraction done, result: (AbstractorResult Unsafe)
server: | Refining abstraction...
server: |  |  Trace length: 80
server: |  |  Checking trace...done, result: (ExprTraceStatus Infeasible)
server: |  |  Pruning from index 75...done
server: Refining abstraction done, result: (RefinerResult Spurious)
server: ! Precision DID change in this iteration
server: Iteration took 2s to run! 
server: ExplPreictor: Predicted 28.287s, Real 29.054s 
server:               Weight 1.004961011956324 -> 1.0047860877508563 
server: Iteration 30
server: | Checking abstraction...
server: |  |  PrecisionSize: 94
server: |  |  Starting ARG: 148 nodes, 1 incomplete, 0 unsafe
server: |  |  (StopCriterion FirstCex)...
server: |  |  Building ARG...
server: |  |  Finished ARG: 165 nodes, 3 incomplete, 1 unsafe
server: | Checking abstraction done, result: (AbstractorResult Unsafe)
server: | Refining abstraction...
server: |  |  Trace length: 83
server: |  |  Checking trace...done, result: (ExprTraceStatus Infeasible)
server: |  |  Pruning from index 78...done
server: Refining abstraction done, result: (RefinerResult Spurious)
server: ! Precision DID change in this iteration
server: Iteration took 2s to run! 
server: ExplPreictor: Predicted 30.519s, Real 31.480s 
server:               Weight 1.0047860877508563 -> 1.0046560108820752 
server: Iteration 31
server: | Checking abstraction...
server: |  |  PrecisionSize: 97
server: |  |  Starting ARG: 154 nodes, 1 incomplete, 0 unsafe
server: |  |  (StopCriterion FirstCex)...
server: |  |  Building ARG...
server: |  |  Finished ARG: 171 nodes, 3 incomplete, 1 unsafe
server: | Checking abstraction done, result: (AbstractorResult Unsafe)
server: | Refining abstraction...
server: |  |  Trace length: 86
server: |  |  Checking trace...done, result: (ExprTraceStatus Infeasible)
server: |  |  Pruning from index 81...done
server: Refining abstraction done, result: (RefinerResult Spurious)
server: ! Precision DID change in this iteration
server: Iteration took 2s to run! 
server: ExplPreictor: Predicted 33.035s, Real 33.998s 
server:               Weight 1.0046560108820752 -> 1.0045202413903371 
server: Iteration 32
server: | Checking abstraction...
server: |  |  PrecisionSize: 100
server: |  |  Starting ARG: 160 nodes, 1 incomplete, 0 unsafe
server: |  |  (StopCriterion FirstCex)...
server: |  |  Building ARG...
server: |  |  Finished ARG: 177 nodes, 3 incomplete, 1 unsafe
server: | Checking abstraction done, result: (AbstractorResult Unsafe)
server: | Refining abstraction...
server: |  |  Trace length: 89
server: |  |  Checking trace...done, result: (ExprTraceStatus Infeasible)
server: |  |  Pruning from index 84...done
server: Refining abstraction done, result: (RefinerResult Spurious)
server: ! Precision DID change in this iteration
server: Iteration took 2s to run! 
server: ExplPreictor: Predicted 35.640s, Real 36.652s 
server:               Weight 1.0045202413903371 -> 1.0043901272992075 
server: Iteration 33
server: | Checking abstraction...
server: |  |  PrecisionSize: 103
server: |  |  Starting ARG: 166 nodes, 1 incomplete, 0 unsafe
server: |  |  (StopCriterion FirstCex)...
server: |  |  Building ARG...
server: |  |  Finished ARG: 183 nodes, 3 incomplete, 1 unsafe
server: | Checking abstraction done, result: (AbstractorResult Unsafe)
server: | Refining abstraction...
server: |  |  Trace length: 92
server: |  |  Checking trace...done, result: (ExprTraceStatus Infeasible)
server: |  |  Pruning from index 87...done
server: Refining abstraction done, result: (RefinerResult Spurious)
server: ! Precision DID change in this iteration
server: Iteration took 2s to run! 
server: ExplPreictor: Predicted 38.383s, Real 39.143s 
server:               Weight 1.0043901272992075 -> 1.0042149071725928 
server: Iteration 34
server: | Checking abstraction...
server: |  |  PrecisionSize: 106
server: |  |  Starting ARG: 172 nodes, 1 incomplete, 0 unsafe
server: |  |  (StopCriterion FirstCex)...
server: |  |  Building ARG...
server: |  |  Finished ARG: 189 nodes, 3 incomplete, 1 unsafe
server: | Checking abstraction done, result: (AbstractorResult Unsafe)
server: | Refining abstraction...
server: |  |  Trace length: 95
server: |  |  Checking trace...done, result: (ExprTraceStatus Infeasible)
server: |  |  Pruning from index 90...done
server: Refining abstraction done, result: (RefinerResult Spurious)
server: ! Precision DID change in this iteration
server: Iteration took 2s to run! 
server: ExplPreictor: Predicted 40.927s, Real 41.719s 
server:               Weight 1.0042149071725928 -> 1.0040509682345113 
server: Iteration 35
server: | Checking abstraction...
server: |  |  PrecisionSize: 109
server: |  |  Starting ARG: 178 nodes, 1 incomplete, 0 unsafe
server: |  |  (StopCriterion FirstCex)...
server: |  |  Building ARG...
server: |  |  Finished ARG: 195 nodes, 3 incomplete, 1 unsafe
server: | Checking abstraction done, result: (AbstractorResult Unsafe)
server: | Refining abstraction...
server: |  |  Trace length: 98
server: |  |  Checking trace...done, result: (ExprTraceStatus Infeasible)
server: |  |  Pruning from index 93...done
server: Refining abstraction done, result: (RefinerResult Spurious)
server: ! Precision DID change in this iteration
server: Iteration took 2s to run! 
server: ExplPreictor: Predicted 43.556s, Real 44.498s 
server:               Weight 1.0040509682345113 -> 1.003913958609246 
server: Iteration 36
server: | Checking abstraction...
server: |  |  PrecisionSize: 112
server: |  |  Starting ARG: 184 nodes, 1 incomplete, 0 unsafe
server: |  |  (StopCriterion FirstCex)...
server: |  |  Building ARG...
server: |  |  Finished ARG: 201 nodes, 3 incomplete, 1 unsafe
server: | Checking abstraction done, result: (AbstractorResult Unsafe)
server: | Refining abstraction...
server: |  |  Trace length: 101
server: |  |  Checking trace...done, result: (ExprTraceStatus Infeasible)
server: |  |  Pruning from index 96...done
server: Refining abstraction done, result: (RefinerResult Spurious)
server: ! Precision DID change in this iteration
server: Iteration took 2s to run! 
server: ExplPreictor: Predicted 46.402s, Real 47.312s 
server:               Weight 1.003913958609246 -> 1.0037752720128954 
server: Iteration 37
server: | Checking abstraction...
server: |  |  PrecisionSize: 115
server: |  |  Starting ARG: 190 nodes, 1 incomplete, 0 unsafe
server: |  |  (StopCriterion FirstCex)...
server: |  |  Building ARG...
server: |  |  Finished ARG: 207 nodes, 3 incomplete, 1 unsafe
server: | Checking abstraction done, result: (AbstractorResult Unsafe)
server: | Refining abstraction...
server: |  |  Trace length: 104
server: |  |  Checking trace...done, result: (ExprTraceStatus Infeasible)
server: |  |  Pruning from index 99...done
server: Refining abstraction done, result: (RefinerResult Spurious)
server: ! Precision DID change in this iteration
server: Iteration took 2s to run! 
server: ExplPreictor: Predicted 49.274s, Real 50.277s 
server:               Weight 1.0037752720128954 -> 1.0036513122453141 
server: Iteration 38
server: | Checking abstraction...
server: |  |  PrecisionSize: 118
server: |  |  Starting ARG: 196 nodes, 1 incomplete, 0 unsafe
server: |  |  (StopCriterion FirstCex)...
server: |  |  Building ARG...
server: |  |  Finished ARG: 213 nodes, 3 incomplete, 1 unsafe
server: | Checking abstraction done, result: (AbstractorResult Unsafe)
server: | Refining abstraction...
server: |  |  Trace length: 107
server: |  |  Checking trace...done, result: (ExprTraceStatus Infeasible)
server: |  |  Pruning from index 102...done
server: Refining abstraction done, result: (RefinerResult Spurious)
server: ! Precision DID change in this iteration
server: Iteration took 2s to run! 
server: ExplPreictor: Predicted 52.304s, Real 53.072s 
server:               Weight 1.0036513122453141 -> 1.0035035960913816 
server: Iteration 39
server: | Checking abstraction...
server: |  |  PrecisionSize: 121
server: |  |  Starting ARG: 202 nodes, 1 incomplete, 0 unsafe
server: |  |  (StopCriterion FirstCex)...
server: |  |  Building ARG...
server: |  |  Finished ARG: 219 nodes, 3 incomplete, 1 unsafe
server: | Checking abstraction done, result: (AbstractorResult Unsafe)
server: | Refining abstraction...
server: |  |  Trace length: 110
server: |  |  Checking trace...done, result: (ExprTraceStatus Infeasible)
server: |  |  Pruning from index 105...done
server: Refining abstraction done, result: (RefinerResult Spurious)
server: ! Precision DID change in this iteration
server: Iteration took 3s to run! 
server: ExplPreictor: Predicted 55.134s, Real 56.189s 
server:               Weight 1.0035035960913816 -> 1.0033922034223883 
server: Iteration 40
server: | Checking abstraction...
server: |  |  PrecisionSize: 124
server: |  |  Starting ARG: 208 nodes, 1 incomplete, 0 unsafe
server: |  |  (StopCriterion FirstCex)...
server: |  |  Building ARG...
server: |  |  Finished ARG: 225 nodes, 3 incomplete, 1 unsafe
server: | Checking abstraction done, result: (AbstractorResult Unsafe)
server: | Refining abstraction...
server: |  |  Trace length: 113
server: |  |  Checking trace...done, result: (ExprTraceStatus Infeasible)
server: |  |  Pruning from index 108...done
server: Refining abstraction done, result: (RefinerResult Spurious)
server: ! Precision DID change in this iteration
server: Iteration took 3s to run! 
server: ExplPreictor: Predicted 58.313s, Real 59.348s 
server:               Weight 1.0033922034223883 -> 1.003280958541955 
server: Iteration 41
server: | Checking abstraction...
server: |  |  PrecisionSize: 127
server: |  |  Starting ARG: 214 nodes, 1 incomplete, 0 unsafe
server: |  |  (StopCriterion FirstCex)...
server: |  |  Building ARG...
server: |  |  Finished ARG: 231 nodes, 3 incomplete, 1 unsafe
server: | Checking abstraction done, result: (AbstractorResult Unsafe)
server: | Refining abstraction...
server: |  |  Trace length: 116
server: |  |  Checking trace...done, result: (ExprTraceStatus Infeasible)
server: |  |  Pruning from index 111...done
server: Refining abstraction done, result: (RefinerResult Spurious)
server: ! Precision DID change in this iteration
server: Iteration took 3s to run! 
server: ExplPreictor: Predicted 61.527s, Real 63.000s 
server:               Weight 1.003280958541955 -> 1.0032112065089431 
server: Iteration 42
server: | Checking abstraction...
server: |  |  PrecisionSize: 130
server: |  |  Starting ARG: 220 nodes, 1 incomplete, 0 unsafe
server: |  |  (StopCriterion FirstCex)...
server: |  |  Building ARG...
server: |  |  Finished ARG: 237 nodes, 3 incomplete, 1 unsafe
server: | Checking abstraction done, result: (AbstractorResult Unsafe)
server: | Refining abstraction...
server: |  |  Trace length: 119
server: |  |  Checking trace...done, result: (ExprTraceStatus Infeasible)
server: |  |  Pruning from index 114...done
server: Refining abstraction done, result: (RefinerResult Spurious)
server: ! Precision DID change in this iteration
server: Iteration took 3s to run! 
server: ExplPreictor: Predicted 65.276s, Real 66.559s 
server:               Weight 1.0032112065089431 -> 1.0031228297975077 
server: Iteration 43
server: | Checking abstraction...
server: |  |  PrecisionSize: 133
server: |  |  Starting ARG: 226 nodes, 1 incomplete, 0 unsafe
server: |  |  (StopCriterion FirstCex)...
server: |  |  Building ARG...
server: |  |  Finished ARG: 243 nodes, 3 incomplete, 1 unsafe
server: | Checking abstraction done, result: (AbstractorResult Unsafe)
server: | Refining abstraction...
server: |  |  Trace length: 122
server: |  |  Checking trace...done, result: (ExprTraceStatus Infeasible)
server: |  |  Pruning from index 117...done
server: Refining abstraction done, result: (RefinerResult Spurious)
server: ! Precision DID change in this iteration
server: Iteration took 3s to run! 
server: ExplPreictor: Predicted 68.908s, Real 70.077s 
server:               Weight 1.0031228297975077 -> 1.003025999181632 
server: Iteration 44
server: | Checking abstraction...
server: |  |  PrecisionSize: 136
server: |  |  Starting ARG: 232 nodes, 1 incomplete, 0 unsafe
server: |  |  (StopCriterion FirstCex)...
server: |  |  Building ARG...
server: |  |  Finished ARG: 249 nodes, 3 incomplete, 1 unsafe
server: | Checking abstraction done, result: (AbstractorResult Unsafe)
server: | Refining abstraction...
server: |  |  Trace length: 125
server: |  |  Checking trace...done, result: (ExprTraceStatus Infeasible)
server: |  |  Pruning from index 120...done
server: Refining abstraction done, result: (RefinerResult Spurious)
server: ! Precision DID change in this iteration
server: Iteration took 4s to run! 
server: ExplPreictor: Predicted 72.483s, Real 74.201s 
server:               Weight 1.003025999181632 -> 1.0029705970596148 
server: Iteration 45
server: | Checking abstraction...
server: |  |  PrecisionSize: 139
server: |  |  Starting ARG: 238 nodes, 1 incomplete, 0 unsafe
server: |  |  (StopCriterion FirstCex)...
server: |  |  Building ARG...
server: |  |  Finished ARG: 255 nodes, 3 incomplete, 1 unsafe
server: | Checking abstraction done, result: (AbstractorResult Unsafe)
server: | Refining abstraction...
server: |  |  Trace length: 128
server: |  |  Checking trace...done, result: (ExprTraceStatus Infeasible)
server: |  |  Pruning from index 123...done
server: Refining abstraction done, result: (RefinerResult Spurious)
server: ! Precision DID change in this iteration
server: Iteration took 4s to run! 
server: ExplPreictor: Predicted 76.715s, Real 78.344s 
server:               Weight 1.0029705970596148 -> 1.002905803098486 
server: Iteration 46
server: | Checking abstraction...
server: |  |  PrecisionSize: 142
server: |  |  Starting ARG: 244 nodes, 1 incomplete, 0 unsafe
server: |  |  (StopCriterion FirstCex)...
server: |  |  Building ARG...
server: |  |  Finished ARG: 261 nodes, 3 incomplete, 1 unsafe
server: | Checking abstraction done, result: (AbstractorResult Unsafe)
server: | Refining abstraction...
server: |  |  Trace length: 131
server: |  |  Checking trace...done, result: (ExprTraceStatus Infeasible)
server: |  |  Pruning from index 126...done
server: Refining abstraction done, result: (RefinerResult Spurious)
server: ! Precision DID change in this iteration
server: Iteration took 4s to run! 
server: ExplPreictor: Predicted 80.952s, Real 82.647s 
server:               Weight 1.002905803098486 -> 1.002843372048817 
server: Iteration 47
server: | Checking abstraction...
server: |  |  PrecisionSize: 145
server: |  |  Starting ARG: 250 nodes, 1 incomplete, 0 unsafe
server: |  |  (StopCriterion FirstCex)...
server: |  |  Building ARG...
server: |  |  Finished ARG: 267 nodes, 3 incomplete, 1 unsafe
server: | Checking abstraction done, result: (AbstractorResult Unsafe)
server: | Refining abstraction...
server: |  |  Trace length: 134
server: |  |  Checking trace...done, result: (ExprTraceStatus Infeasible)
server: |  |  Pruning from index 129...done
server: Refining abstraction done, result: (RefinerResult Spurious)
server: ! Precision DID change in this iteration
server: Iteration took 4s to run! 
server: ExplPreictor: Predicted 85.351s, Real 86.927s 
server:               Weight 1.002843372048817 -> 1.0027722906531913 
server: Iteration 48
server: | Checking abstraction...
server: |  |  PrecisionSize: 148
server: |  |  Starting ARG: 256 nodes, 1 incomplete, 0 unsafe
server: |  |  (StopCriterion FirstCex)...
server: |  |  Building ARG...
server: |  |  Finished ARG: 273 nodes, 3 incomplete, 1 unsafe
server: | Checking abstraction done, result: (AbstractorResult Unsafe)
server: | Refining abstraction...
server: |  |  Trace length: 137
server: |  |  Checking trace...done, result: (ExprTraceStatus Infeasible)
server: |  |  Pruning from index 132...done
server: Refining abstraction done, result: (RefinerResult Spurious)
server: ! Precision DID change in this iteration
server: Iteration took 4s to run! 
server: ExplPreictor: Predicted 89.711s, Real 91.438s 
server:               Weight 1.0027722906531913 -> 1.002709372118834 
server: Iteration 49
server: | Checking abstraction...
server: |  |  PrecisionSize: 151
server: |  |  Starting ARG: 262 nodes, 1 incomplete, 0 unsafe
server: |  |  (StopCriterion FirstCex)...
server: |  |  Building ARG...
server: |  |  Finished ARG: 279 nodes, 3 incomplete, 1 unsafe
server: | Checking abstraction done, result: (AbstractorResult Unsafe)
server: | Refining abstraction...
server: |  |  Trace length: 140
server: |  |  Checking trace...done, result: (ExprTraceStatus Infeasible)
server: |  |  Pruning from index 135...done
server: Refining abstraction done, result: (RefinerResult Spurious)
server: ! Precision DID change in this iteration
server: Iteration took 4s to run! 
server: ExplPreictor: Predicted 94.312s, Real 95.860s 
server:               Weight 1.002709372118834 -> 1.0026363700111467 
server: Iteration 50
server: | Checking abstraction...
server: |  |  PrecisionSize: 154
server: |  |  Starting ARG: 268 nodes, 1 incomplete, 0 unsafe
server: |  |  (StopCriterion FirstCex)...
server: |  |  Building ARG...
server: |  |  Finished ARG: 285 nodes, 3 incomplete, 1 unsafe
server: | Checking abstraction done, result: (AbstractorResult Unsafe)
server: | Refining abstraction...
server: |  |  Trace length: 143
server: |  |  Checking trace...done, result: (ExprTraceStatus Infeasible)
server: |  |  Pruning from index 138...done
server: Refining abstraction done, result: (RefinerResult Spurious)
server: ! Precision DID change in this iteration
server: Iteration took 4s to run! 
server: ExplPreictor: Predicted 98.803s, Real 100.609s 
server:               Weight 1.0026363700111467 -> 1.002576749955494 
server: Iteration 51
server: | Checking abstraction...
server: |  |  PrecisionSize: 157
server: |  |  Starting ARG: 274 nodes, 1 incomplete, 0 unsafe
server: |  |  (StopCriterion FirstCex)...
server: |  |  Building ARG...
server: |  |  Finished ARG: 291 nodes, 3 incomplete, 1 unsafe
server: | Checking abstraction done, result: (AbstractorResult Unsafe)
server: | Refining abstraction...
server: |  |  Trace length: 146
server: |  |  Checking trace...done, result: (ExprTraceStatus Infeasible)
server: |  |  Pruning from index 141...done
server: Refining abstraction done, result: (RefinerResult Spurious)
server: ! Precision DID change in this iteration
server: Iteration took 5s to run! 
server: ExplPreictor: Predicted 103.640s, Real 105.615s 
server:               Weight 1.002576749955494 -> 1.0025242652405695 
server: Iteration 52
server: | Checking abstraction...
server: |  |  PrecisionSize: 160
server: |  |  Starting ARG: 280 nodes, 1 incomplete, 0 unsafe
server: |  |  (StopCriterion FirstCex)...
server: |  |  Building ARG...
server: |  |  Finished ARG: 297 nodes, 3 incomplete, 1 unsafe
server: | Checking abstraction done, result: (AbstractorResult Unsafe)
server: | Refining abstraction...
server: |  |  Trace length: 149
server: |  |  Checking trace...done, result: (ExprTraceStatus Infeasible)
server: |  |  Pruning from index 144...done
server: Refining abstraction done, result: (RefinerResult Spurious)
server: ! Precision DID change in this iteration
server: Iteration took 5s to run! 
server: ExplPreictor: Predicted 108.744s, Real 110.627s 
server:               Weight 1.0025242652405695 -> 1.0024665466781373 
server: Iteration 53
server: | Checking abstraction...
server: |  |  PrecisionSize: 163
server: |  |  Starting ARG: 286 nodes, 1 incomplete, 0 unsafe
server: |  |  (StopCriterion FirstCex)...
server: |  |  Building ARG...
server: |  |  Finished ARG: 303 nodes, 3 incomplete, 1 unsafe
server: | Checking abstraction done, result: (AbstractorResult Unsafe)
server: | Refining abstraction...
server: |  |  Trace length: 152
server: |  |  Checking trace...done, result: (ExprTraceStatus Infeasible)
server: |  |  Pruning from index 147...done
server: Refining abstraction done, result: (RefinerResult Spurious)
server: ! Precision DID change in this iteration
server: Iteration took 4s to run! 
server: ExplPreictor: Predicted 113.842s, Real 115.541s 
server:               Weight 1.0024665466781373 -> 1.002401049849842 
server: Iteration 54
server: | Checking abstraction...
server: |  |  PrecisionSize: 166
server: |  |  Starting ARG: 292 nodes, 1 incomplete, 0 unsafe
server: |  |  (StopCriterion FirstCex)...
server: |  |  Building ARG...
server: |  |  Finished ARG: 309 nodes, 3 incomplete, 1 unsafe
server: | Checking abstraction done, result: (AbstractorResult Unsafe)
server: | Refining abstraction...
server: |  |  Trace length: 155
server: |  |  Checking trace...done, result: (ExprTraceStatus Infeasible)
server: |  |  Pruning from index 150...done
server: Refining abstraction done, result: (RefinerResult Spurious)
server: ! Precision DID change in this iteration
server: Iteration took 5s to run! 
server: ExplPreictor: Predicted 118.821s, Real 121.285s 
server:               Weight 1.002401049849842 -> 1.0023659808256755 
server: Iteration 55
server: | Checking abstraction...
server: |  |  PrecisionSize: 169
server: |  |  Starting ARG: 298 nodes, 1 incomplete, 0 unsafe
server: |  |  (StopCriterion FirstCex)...
server: |  |  Building ARG...
server: |  |  Finished ARG: 315 nodes, 3 incomplete, 1 unsafe
server: | Checking abstraction done, result: (AbstractorResult Unsafe)
server: | Refining abstraction...
server: |  |  Trace length: 158
server: |  |  Checking trace...done, result: (ExprTraceStatus Infeasible)
server: |  |  Pruning from index 153...done
server: Refining abstraction done, result: (RefinerResult Spurious)
server: ! Precision DID change in this iteration
server: Iteration took 5s to run! 
server: ExplPreictor: Predicted 124.691s, Real 127.197s 
server:               Weight 1.0023659808256755 -> 1.002329743772347 
server: Iteration 56
server: | Checking abstraction...
server: |  |  PrecisionSize: 172
server: |  |  Starting ARG: 304 nodes, 1 incomplete, 0 unsafe
server: |  |  (StopCriterion FirstCex)...
server: |  |  Building ARG...
server: |  |  Finished ARG: 321 nodes, 3 incomplete, 1 unsafe
server: | Checking abstraction done, result: (AbstractorResult Unsafe)
server: | Refining abstraction...
server: |  |  Trace length: 161
server: |  |  Checking trace...done, result: (ExprTraceStatus Infeasible)
server: |  |  Pruning from index 156...done
server: Refining abstraction done, result: (RefinerResult Spurious)
server: ! Precision DID change in this iteration
server: Iteration took 5s to run! 
server: ExplPreictor: Predicted 130.728s, Real 132.659s 
server:               Weight 1.002329743772347 -> 1.0022714392247778 
server: Iteration 57
server: | Checking abstraction...
server: |  |  PrecisionSize: 175
server: |  |  Starting ARG: 310 nodes, 1 incomplete, 0 unsafe
server: |  |  (StopCriterion FirstCex)...
server: |  |  Building ARG...
server: |  |  Finished ARG: 327 nodes, 3 incomplete, 1 unsafe
server: | Checking abstraction done, result: (AbstractorResult Unsafe)
server: | Refining abstraction...
server: |  |  Trace length: 164
server: |  |  Checking trace...done, result: (ExprTraceStatus Infeasible)
server: |  |  Pruning from index 159...done
server: Refining abstraction done, result: (RefinerResult Spurious)
server: ! Precision DID change in this iteration
server: Iteration took 6s to run! 
server: ExplPreictor: Predicted 136.261s, Real 138.699s 
server:               Weight 1.0022714392247778 -> 1.0022302694946337 
server: Iteration 58
server: | Checking abstraction...
server: |  |  PrecisionSize: 178
server: |  |  Starting ARG: 316 nodes, 1 incomplete, 0 unsafe
server: |  |  (StopCriterion FirstCex)...
server: |  |  Building ARG...
server: |  |  Finished ARG: 333 nodes, 3 incomplete, 1 unsafe
server: | Checking abstraction done, result: (AbstractorResult Unsafe)
server: | Refining abstraction...
server: |  |  Trace length: 167
server: |  |  Checking trace...done, result: (ExprTraceStatus Infeasible)
server: |  |  Pruning from index 162...done
server: Refining abstraction done, result: (RefinerResult Spurious)
server: ! Precision DID change in this iteration
server: Iteration took 6s to run! 
server: ExplPreictor: Predicted 142.410s, Real 144.813s 
server:               Weight 1.0022302694946337 -> 1.0021867699963136 
server: Iteration 59
server: | Checking abstraction...
server: |  |  PrecisionSize: 181
server: |  |  Starting ARG: 322 nodes, 1 incomplete, 0 unsafe
server: |  |  (StopCriterion FirstCex)...
server: |  |  Building ARG...
server: |  |  Finished ARG: 339 nodes, 3 incomplete, 1 unsafe
server: | Checking abstraction done, result: (AbstractorResult Unsafe)
server: | Refining abstraction...
server: |  |  Trace length: 170
server: |  |  Checking trace...done, result: (ExprTraceStatus Infeasible)
server: |  |  Pruning from index 165...done
server: Refining abstraction done, result: (RefinerResult Spurious)
server: ! Precision DID change in this iteration
server: Iteration took 6s to run! 
server: ExplPreictor: Predicted 148.625s, Real 151.367s 
server:               Weight 1.0021867699963136 -> 1.0021524110655975 
server: Iteration 60
server: | Checking abstraction...
server: |  |  PrecisionSize: 184
server: |  |  Starting ARG: 328 nodes, 1 incomplete, 0 unsafe
server: |  |  (StopCriterion FirstCex)...
server: |  |  Building ARG...
server: |  |  Finished ARG: 345 nodes, 3 incomplete, 1 unsafe
server: | Checking abstraction done, result: (AbstractorResult Unsafe)
server: | Refining abstraction...
server: |  |  Trace length: 173
server: |  |  Checking trace...done, result: (ExprTraceStatus Infeasible)
server: |  |  Pruning from index 168...done
server: Refining abstraction done, result: (RefinerResult Spurious)
server: ! Precision DID change in this iteration
server: Iteration took 6s to run! 
server: ExplPreictor: Predicted 155.303s, Real 157.373s 
server:               Weight 1.0021524110655975 -> 1.0020976555812033 
server: Iteration 61
server: | Checking abstraction...
server: |  |  PrecisionSize: 187
server: |  |  Starting ARG: 334 nodes, 1 incomplete, 0 unsafe
server: |  |  (StopCriterion FirstCex)...
server: |  |  Building ARG...
server: |  |  Finished ARG: 351 nodes, 3 incomplete, 1 unsafe
server: | Checking abstraction done, result: (AbstractorResult Unsafe)
server: | Refining abstraction...
server: |  |  Trace length: 176
server: |  |  Checking trace...done, result: (ExprTraceStatus Infeasible)
server: |  |  Pruning from index 171...done
server: Refining abstraction done, result: (RefinerResult Spurious)
server: ! Precision DID change in this iteration
server: Iteration took 6s to run! 
server: ExplPreictor: Predicted 161.373s, Real 164.317s 
server:               Weight 1.0020976555812033 -> 1.0020669227408525 
server: Iteration 62
server: | Checking abstraction...
server: |  |  PrecisionSize: 190
server: |  |  Starting ARG: 340 nodes, 1 incomplete, 0 unsafe
server: |  |  (StopCriterion FirstCex)...
server: |  |  Building ARG...
server: |  |  Finished ARG: 357 nodes, 3 incomplete, 1 unsafe
server: | Checking abstraction done, result: (AbstractorResult Unsafe)
server: | Refining abstraction...
server: |  |  Trace length: 179
server: |  |  Checking trace...done, result: (ExprTraceStatus Infeasible)
server: |  |  Pruning from index 174...done
server: Refining abstraction done, result: (RefinerResult Spurious)
server: ! Precision DID change in this iteration
server: Iteration took 6s to run! 
server: ExplPreictor: Predicted 168.447s, Real 171.261s 
server:               Weight 1.0020669227408525 -> 1.0020311681512855 
server: Iteration 63
server: | Checking abstraction...
server: |  |  PrecisionSize: 193
server: |  |  Starting ARG: 346 nodes, 1 incomplete, 0 unsafe
server: |  |  (StopCriterion FirstCex)...
server: |  |  Building ARG...
server: |  |  Finished ARG: 363 nodes, 3 incomplete, 1 unsafe
server: | Checking abstraction done, result: (AbstractorResult Unsafe)
server: | Refining abstraction...
server: |  |  Trace length: 182
server: |  |  Checking trace...done, result: (ExprTraceStatus Infeasible)
server: |  |  Pruning from index 177...done
server: Refining abstraction done, result: (RefinerResult Spurious)
server: ! Precision DID change in this iteration
server: Iteration took 7s to run! 
server: ExplPreictor: Predicted 175.505s, Real 178.789s 
server:               Weight 1.0020311681512855 -> 1.0020056176929495 
server: Iteration 64
server: | Checking abstraction...
server: |  |  PrecisionSize: 196
server: |  |  Starting ARG: 352 nodes, 1 incomplete, 0 unsafe
server: |  |  (StopCriterion FirstCex)...
server: |  |  Building ARG...
server: |  |  Finished ARG: 369 nodes, 3 incomplete, 1 unsafe
server: | Checking abstraction done, result: (AbstractorResult Unsafe)
server: | Refining abstraction...
server: |  |  Trace length: 185
server: |  |  Checking trace...done, result: (ExprTraceStatus Infeasible)
server: |  |  Pruning from index 180...done
server: Refining abstraction done, result: (RefinerResult Spurious)
server: ! Precision DID change in this iteration
server: Iteration took 7s to run! 
server: ExplPreictor: Predicted 183.179s, Real 186.285s 
server:               Weight 1.0020056176929495 -> 1.0019739216856896 
server: Iteration 65
server: | Checking abstraction...
server: |  |  PrecisionSize: 199
server: |  |  Starting ARG: 358 nodes, 1 incomplete, 0 unsafe
server: |  |  (StopCriterion FirstCex)...
server: |  |  Building ARG...
server: |  |  Finished ARG: 375 nodes, 3 incomplete, 1 unsafe
server: | Checking abstraction done, result: (AbstractorResult Unsafe)
server: | Refining abstraction...
server: |  |  Trace length: 188
server: |  |  Checking trace...done, result: (ExprTraceStatus Infeasible)
server: |  |  Pruning from index 183...done
server: Refining abstraction done, result: (RefinerResult Spurious)
server: ! Precision DID change in this iteration
server: Iteration took 8s to run! 
server: ExplPreictor: Predicted 190.801s, Real 194.552s 
server:               Weight 1.0019739216856896 -> 1.0019548941643777 
server: Iteration 66
server: | Checking abstraction...
server: |  |  PrecisionSize: 202
server: |  |  Starting ARG: 364 nodes, 1 incomplete, 0 unsafe
server: |  |  (StopCriterion FirstCex)...
server: |  |  Building ARG...
server: |  |  Finished ARG: 381 nodes, 3 incomplete, 1 unsafe
server: | Checking abstraction done, result: (AbstractorResult Unsafe)
server: | Refining abstraction...
server: |  |  Trace length: 191
server: |  |  Checking trace...done, result: (ExprTraceStatus Infeasible)
server: |  |  Pruning from index 186...done
server: Refining abstraction done, result: (RefinerResult Spurious)
server: ! Precision DID change in this iteration
server: Iteration took 8s to run! 
server: ExplPreictor: Predicted 199.239s, Real 202.822s 
server:               Weight 1.0019548941643777 -> 1.001929767754215 
server: Iteration 67
server: | Checking abstraction...
server: |  |  PrecisionSize: 205
server: |  |  Starting ARG: 370 nodes, 1 incomplete, 0 unsafe
server: |  |  (StopCriterion FirstCex)...
server: |  |  Building ARG...
server: |  |  Finished ARG: 387 nodes, 3 incomplete, 1 unsafe
server: | Checking abstraction done, result: (AbstractorResult Unsafe)
server: | Refining abstraction...
server: |  |  Trace length: 194
server: |  |  Checking trace...done, result: (ExprTraceStatus Infeasible)
server: |  |  Pruning from index 189...done
server: Refining abstraction done, result: (RefinerResult Spurious)
server: ! Precision DID change in this iteration
server: Iteration took 8s to run! 
server: ExplPreictor: Predicted 207.662s, Real 210.933s 
server:               Weight 1.001929767754215 -> 1.0018967125046514 
server: Iteration 68
server: | Checking abstraction...
server: |  |  PrecisionSize: 208
server: |  |  Starting ARG: 376 nodes, 1 incomplete, 0 unsafe
server: |  |  (StopCriterion FirstCex)...
server: |  |  Building ARG...
server: |  |  Finished ARG: 393 nodes, 3 incomplete, 1 unsafe
server: | Checking abstraction done, result: (AbstractorResult Unsafe)
server: | Refining abstraction...
server: |  |  Trace length: 197
server: |  |  Checking trace...done, result: (ExprTraceStatus Infeasible)
server: |  |  Pruning from index 192...done
server: Refining abstraction done, result: (RefinerResult Spurious)
server: ! Precision DID change in this iteration
server: Iteration took 8s to run! 
server: ExplPreictor: Predicted 215.895s, Real 218.958s 
server:               Weight 1.0018967125046514 -> 1.0018589401940536 
server: Iteration 69
server: | Checking abstraction...
server: |  |  PrecisionSize: 211
server: |  |  Starting ARG: 382 nodes, 1 incomplete, 0 unsafe
server: |  |  (StopCriterion FirstCex)...
server: |  |  Building ARG...
server: |  |  Finished ARG: 399 nodes, 3 incomplete, 1 unsafe
server: | Checking abstraction done, result: (AbstractorResult Unsafe)
server: | Refining abstraction...
server: |  |  Trace length: 200
server: |  |  Checking trace...done, result: (ExprTraceStatus Infeasible)
server: |  |  Pruning from index 195...done
server: Refining abstraction done, result: (RefinerResult Spurious)
server: ! Precision DID change in this iteration
server: Iteration took 7s to run! 
server: ExplPreictor: Predicted 224.021s, Real 226.751s 
server:               Weight 1.0018589401940536 -> 1.0018150320044572 
server: Iteration 70
server: | Checking abstraction...
server: |  |  PrecisionSize: 214
server: |  |  Starting ARG: 388 nodes, 1 incomplete, 0 unsafe
server: |  |  (StopCriterion FirstCex)...
server: |  |  Building ARG...
server: |  |  Finished ARG: 405 nodes, 3 incomplete, 1 unsafe
server: | Checking abstraction done, result: (AbstractorResult Unsafe)
server: | Refining abstraction...
server: |  |  Trace length: 203
server: |  |  Checking trace...done, result: (ExprTraceStatus Infeasible)
server: |  |  Pruning from index 198...done
server: Refining abstraction done, result: (RefinerResult Spurious)
server: ! Precision DID change in this iteration
server: Iteration took 7s to run! 
server: ExplPreictor: Predicted 231.883s, Real 234.539s 
server:               Weight 1.0018150320044572 -> 1.0017704516632622 
server: Iteration 71
server: | Checking abstraction...
server: |  |  PrecisionSize: 217
server: |  |  Starting ARG: 394 nodes, 1 incomplete, 0 unsafe
server: |  |  (StopCriterion FirstCex)...
server: |  |  Building ARG...
server: |  |  Finished ARG: 411 nodes, 3 incomplete, 1 unsafe
server: | Checking abstraction done, result: (AbstractorResult Unsafe)
server: | Refining abstraction...
server: |  |  Trace length: 206
server: |  |  Checking trace...done, result: (ExprTraceStatus Infeasible)
server: |  |  Pruning from index 201...done
server: Refining abstraction done, result: (RefinerResult Spurious)
server: ! Precision DID change in this iteration
server: Iteration took 8s to run! 
server: ExplPreictor: Predicted 239.730s, Real 242.766s 
server:               Weight 1.0017704516632622 -> 1.0017329719795494 
server: Iteration 72
server: | Checking abstraction...
server: |  |  PrecisionSize: 220
server: |  |  Starting ARG: 400 nodes, 1 incomplete, 0 unsafe
server: |  |  (StopCriterion FirstCex)...
server: |  |  Building ARG...
server: |  |  Finished ARG: 417 nodes, 3 incomplete, 1 unsafe
server: | Checking abstraction done, result: (AbstractorResult Unsafe)
server: | Refining abstraction...
server: |  |  Trace length: 209
server: |  |  Checking trace...done, result: (ExprTraceStatus Infeasible)
server: |  |  Pruning from index 204...done
server: Refining abstraction done, result: (RefinerResult Spurious)
server: ! Precision DID change in this iteration
server: Iteration took 8s to run! 
server: ExplPreictor: Predicted 248.039s, Real 251.264s 
server:               Weight 1.0017329719795494 -> 1.001698701123842 
server: Iteration 73
server: | Checking abstraction...
server: |  |  PrecisionSize: 223
server: |  |  Starting ARG: 406 nodes, 1 incomplete, 0 unsafe
server: |  |  (StopCriterion FirstCex)...
server: |  |  Building ARG...
server: |  |  Finished ARG: 423 nodes, 3 incomplete, 1 unsafe
server: | Checking abstraction done, result: (AbstractorResult Unsafe)
server: | Refining abstraction...
server: |  |  Trace length: 212
server: |  |  Checking trace...done, result: (ExprTraceStatus Infeasible)
server: |  |  Pruning from index 207...done
server: Refining abstraction done, result: (RefinerResult Spurious)
server: ! Precision DID change in this iteration
server: Iteration took 9s to run! 
server: ExplPreictor: Predicted 256.628s, Real 260.749s 
server:               Weight 1.001698701123842 -> 1.0016780395593001 
server: Iteration 74
server: | Checking abstraction...
server: |  |  PrecisionSize: 226
server: |  |  Starting ARG: 412 nodes, 1 incomplete, 0 unsafe
server: |  |  (StopCriterion FirstCex)...
server: |  |  Building ARG...
server: |  |  Finished ARG: 429 nodes, 3 incomplete, 1 unsafe
server: | Checking abstraction done, result: (AbstractorResult Unsafe)
server: | Refining abstraction...
server: |  |  Trace length: 215
server: |  |  Checking trace...done, result: (ExprTraceStatus Infeasible)
server: |  |  Pruning from index 210...done
server: Refining abstraction done, result: (RefinerResult Spurious)
server: ! Precision DID change in this iteration
server: Iteration took 8s to run! 
server: ExplPreictor: Predicted 266.263s, Real 269.438s 
server:               Weight 1.0016780395593001 -> 1.0016422575327344 
server: Iteration 75
server: | Checking abstraction...
server: |  |  PrecisionSize: 229
server: |  |  Starting ARG: 418 nodes, 1 incomplete, 0 unsafe
server: |  |  (StopCriterion FirstCex)...
server: |  |  Building ARG...
server: |  |  Finished ARG: 435 nodes, 3 incomplete, 1 unsafe
server: | Checking abstraction done, result: (AbstractorResult Unsafe)
server: | Refining abstraction...
server: |  |  Trace length: 218
server: |  |  Checking trace...done, result: (ExprTraceStatus Infeasible)
server: |  |  Pruning from index 213...done
server: Refining abstraction done, result: (RefinerResult Spurious)
server: ! Precision DID change in this iteration
server: Iteration took 9s to run! 
server: ExplPreictor: Predicted 275.028s, Real 278.899s 
server:               Weight 1.0016422575327344 -> 1.0016165368658738 
server: Iteration 76
server: | Checking abstraction...
server: |  |  PrecisionSize: 232
server: |  |  Starting ARG: 424 nodes, 1 incomplete, 0 unsafe
server: |  |  (StopCriterion FirstCex)...
server: |  |  Building ARG...
server: |  |  Finished ARG: 441 nodes, 3 incomplete, 1 unsafe
server: | Checking abstraction done, result: (AbstractorResult Unsafe)
server: | Refining abstraction...
server: |  |  Trace length: 221
server: |  |  Checking trace...done, result: (ExprTraceStatus Infeasible)
server: |  |  Pruning from index 216...done
server: Refining abstraction done, result: (RefinerResult Spurious)
server: ! Precision DID change in this iteration
server: Iteration took 10s to run! 
server: ExplPreictor: Predicted 284.610s, Real 289.641s 
server:               Weight 1.0016165368658738 -> 1.0016057648723422 
server: Iteration 77
server: | Checking abstraction...
server: |  |  PrecisionSize: 235
server: |  |  Starting ARG: 430 nodes, 1 incomplete, 0 unsafe
server: |  |  (StopCriterion FirstCex)...
server: |  |  Building ARG...
server: |  |  Finished ARG: 447 nodes, 3 incomplete, 1 unsafe
server: | Checking abstraction done, result: (AbstractorResult Unsafe)
server: | Refining abstraction...
server: |  |  Trace length: 224
server: |  |  Checking trace...done, result: (ExprTraceStatus Infeasible)
server: |  |  Pruning from index 219...done
server: Refining abstraction done, result: (RefinerResult Spurious)
server: ! Precision DID change in this iteration
server: Iteration took 11s to run! 
server: ExplPreictor: Predicted 295.550s, Real 300.774s 
server:               Weight 1.0016057648723422 -> 1.0015953400155535 
server: Iteration 78
server: | Checking abstraction...
server: |  |  PrecisionSize: 238
server: |  |  Starting ARG: 436 nodes, 1 incomplete, 0 unsafe
server: |  |  (StopCriterion FirstCex)...
server: |  |  Building ARG...
server: |  |  Finished ARG: 453 nodes, 3 incomplete, 1 unsafe
server: | Checking abstraction done, result: (AbstractorResult Unsafe)
server: | Refining abstraction...
server: |  |  Trace length: 227
server: |  |  Checking trace...done, result: (ExprTraceStatus Infeasible)
server: |  |  Pruning from index 222...done
server: Refining abstraction done, result: (RefinerResult Spurious)
server: ! Precision DID change in this iteration
server: Iteration took 10s to run! 
server: ExplPreictor: Predicted 306.888s, Real 310.847s 
server:               Weight 1.0015953400155535 -> 1.001567223527559 
server: Iteration 79
server: | Checking abstraction...
server: |  |  PrecisionSize: 241
server: |  |  Starting ARG: 442 nodes, 1 incomplete, 0 unsafe
server: |  |  (StopCriterion FirstCex)...
server: |  |  Building ARG...
server: |  |  Finished ARG: 459 nodes, 3 incomplete, 1 unsafe
server: | Checking abstraction done, result: (AbstractorResult Unsafe)
server: | Refining abstraction...
server: |  |  Trace length: 230
server: |  |  Checking trace...done, result: (ExprTraceStatus Infeasible)
server: |  |  Pruning from index 225...done
server: Refining abstraction done, result: (RefinerResult Spurious)
server: ! Precision DID change in this iteration
server: Iteration took 10s to run! 
server: ExplPreictor: Predicted 317.070s, Real 321.200s 
server:               Weight 1.001567223527559 -> 1.001540908726015 
server: Iteration 80
server: | Checking abstraction...
server: |  |  PrecisionSize: 244
server: |  |  Starting ARG: 448 nodes, 1 incomplete, 0 unsafe
server: |  |  (StopCriterion FirstCex)...
server: |  |  Building ARG...
server: |  |  Finished ARG: 465 nodes, 3 incomplete, 1 unsafe
server: | Checking abstraction done, result: (AbstractorResult Unsafe)
server: | Refining abstraction...
server: |  |  Trace length: 233
server: |  |  Checking trace...done, result: (ExprTraceStatus Infeasible)
server: |  |  Pruning from index 228...done
server: Refining abstraction done, result: (RefinerResult Spurious)
server: ! Precision DID change in this iteration
server: Iteration took 10s to run! 
server: ExplPreictor: Predicted 327.537s, Real 331.547s 
server:               Weight 1.001540908726015 -> 1.0015128859133484 
server: Iteration 81
server: | Checking abstraction...
server: |  |  PrecisionSize: 247
server: |  |  Starting ARG: 454 nodes, 1 incomplete, 0 unsafe
server: |  |  (StopCriterion FirstCex)...
server: |  |  Building ARG...
server: |  |  Finished ARG: 471 nodes, 3 incomplete, 1 unsafe
server: | Checking abstraction done, result: (AbstractorResult Unsafe)
server: | Refining abstraction...
server: |  |  Trace length: 236
server: |  |  Checking trace...done, result: (ExprTraceStatus Infeasible)
server: |  |  Pruning from index 231...done
server: Refining abstraction done, result: (RefinerResult Spurious)
server: ! Precision DID change in this iteration
server: Iteration took 10s to run! 
server: ExplPreictor: Predicted 337.985s, Real 341.742s 
server:               Weight 1.0015128859133484 -> 1.0014820015155357 
server: Iteration 82
server: | Checking abstraction...
server: |  |  PrecisionSize: 250
server: |  |  Starting ARG: 460 nodes, 1 incomplete, 0 unsafe
server: |  |  (StopCriterion FirstCex)...
server: |  |  Building ARG...
server: |  |  Finished ARG: 477 nodes, 3 incomplete, 1 unsafe
server: | Checking abstraction done, result: (AbstractorResult Unsafe)
server: | Refining abstraction...
server: |  |  Trace length: 239
server: |  |  Checking trace...done, result: (ExprTraceStatus Infeasible)
server: |  |  Pruning from index 234...done
server: Refining abstraction done, result: (RefinerResult Spurious)
server: ! Precision DID change in this iteration
server: Iteration took 11s to run! 
server: ExplPreictor: Predicted 348.257s, Real 353.101s 
server:               Weight 1.0014820015155357 -> 1.0014629268804172 
server: Iteration 83
server: | Checking abstraction...
server: |  |  PrecisionSize: 253
server: |  |  Starting ARG: 466 nodes, 1 incomplete, 0 unsafe
server: |  |  (StopCriterion FirstCex)...
server: |  |  Building ARG...
server: |  |  Finished ARG: 483 nodes, 3 incomplete, 1 unsafe
server: | Checking abstraction done, result: (AbstractorResult Unsafe)
server: | Refining abstraction...
server: |  |  Trace length: 242
server: |  |  Checking trace...done, result: (ExprTraceStatus Infeasible)
server: |  |  Pruning from index 237...done
server: Refining abstraction done, result: (RefinerResult Spurious)
server: ! Precision DID change in this iteration
server: Iteration took 10s to run! 
server: ExplPreictor: Predicted 359.762s, Real 363.961s 
server:               Weight 1.0014629268804172 -> 1.0014364571727803 
server: Iteration 84
server: | Checking abstraction...
server: |  |  PrecisionSize: 256
server: |  |  Starting ARG: 472 nodes, 1 incomplete, 0 unsafe
server: |  |  (StopCriterion FirstCex)...
server: |  |  Building ARG...
server: |  |  Finished ARG: 489 nodes, 3 incomplete, 1 unsafe
server: | Checking abstraction done, result: (AbstractorResult Unsafe)
server: | Refining abstraction...
server: |  |  Trace length: 245
server: |  |  Checking trace...done, result: (ExprTraceStatus Infeasible)
server: |  |  Pruning from index 240...done
server: Refining abstraction done, result: (RefinerResult Spurious)
server: ! Precision DID change in this iteration
server: Iteration took 11s to run! 
server: ExplPreictor: Predicted 370.717s, Real 375.336s 
server:               Weight 1.0014364571727803 -> 1.0014141022317216 
server: Iteration 85
server: | Checking abstraction...
server: |  |  PrecisionSize: 259
server: |  |  Starting ARG: 478 nodes, 1 incomplete, 0 unsafe
server: |  |  (StopCriterion FirstCex)...
server: |  |  Building ARG...
server: |  |  Finished ARG: 495 nodes, 3 incomplete, 1 unsafe
server: | Checking abstraction done, result: (AbstractorResult Unsafe)
server: | Refining abstraction...
server: |  |  Trace length: 248
server: |  |  Checking trace...done, result: (ExprTraceStatus Infeasible)
server: |  |  Pruning from index 243...done
server: Refining abstraction done, result: (RefinerResult Spurious)
server: ! Precision DID change in this iteration
server: Iteration took 11s to run! 
server: ExplPreictor: Predicted 382.211s, Real 386.797s 
server:               Weight 1.0014141022317216 -> 1.0013910907974362 
server: Iteration 86
server: | Checking abstraction...
server: |  |  PrecisionSize: 262
server: |  |  Starting ARG: 484 nodes, 1 incomplete, 0 unsafe
server: |  |  (StopCriterion FirstCex)...
server: |  |  Building ARG...
server: |  |  Finished ARG: 501 nodes, 3 incomplete, 1 unsafe
server: | Checking abstraction done, result: (AbstractorResult Unsafe)
server: | Refining abstraction...
server: |  |  Trace length: 251
server: |  |  Checking trace...done, result: (ExprTraceStatus Infeasible)
server: |  |  Pruning from index 246...done
server: Refining abstraction done, result: (RefinerResult Spurious)
server: ! Precision DID change in this iteration
server: Iteration took 11s to run! 
server: ExplPreictor: Predicted 393.782s, Real 398.502s 
server:               Weight 1.0013910907974362 -> 1.0013690852005392 
server: Iteration 87
server: | Checking abstraction...
server: |  |  PrecisionSize: 265
server: |  |  Starting ARG: 490 nodes, 1 incomplete, 0 unsafe
server: |  |  (StopCriterion FirstCex)...
server: |  |  Building ARG...
server: |  |  Finished ARG: 507 nodes, 3 incomplete, 1 unsafe
server: | Checking abstraction done, result: (AbstractorResult Unsafe)
server: | Refining abstraction...
server: |  |  Trace length: 254
server: |  |  Checking trace...done, result: (ExprTraceStatus Infeasible)
server: |  |  Pruning from index 249...done
server: Refining abstraction done, result: (RefinerResult Spurious)
server: ! Precision DID change in this iteration
server: Iteration took 11s to run! 
server: ExplPreictor: Predicted 405.600s, Real 410.288s 
server:               Weight 1.0013690852005392 -> 1.001346534093322 
server: Iteration 88
server: | Checking abstraction...
server: |  |  PrecisionSize: 268
server: |  |  Starting ARG: 496 nodes, 1 incomplete, 0 unsafe
server: |  |  (StopCriterion FirstCex)...
server: |  |  Building ARG...
server: |  |  Finished ARG: 513 nodes, 3 incomplete, 1 unsafe
server: | Checking abstraction done, result: (AbstractorResult Unsafe)
server: | Refining abstraction...
server: |  |  Trace length: 257
server: |  |  Checking trace...done, result: (ExprTraceStatus Infeasible)
server: |  |  Pruning from index 252...done
server: Refining abstraction done, result: (RefinerResult Spurious)
server: ! Precision DID change in this iteration
server: Iteration took 11s to run! 
server: ExplPreictor: Predicted 417.491s, Real 421.673s 
server:               Weight 1.001346534093322 -> 1.0013194821537015 
server: Iteration 89
server: | Checking abstraction...
server: |  |  PrecisionSize: 271
server: |  |  Starting ARG: 502 nodes, 1 incomplete, 0 unsafe
server: |  |  (StopCriterion FirstCex)...
server: |  |  Building ARG...
server: |  |  Finished ARG: 519 nodes, 3 incomplete, 1 unsafe
server: | Checking abstraction done, result: (AbstractorResult Unsafe)
server: | Refining abstraction...
server: |  |  Trace length: 260
server: |  |  Checking trace...done, result: (ExprTraceStatus Infeasible)
server: |  |  Pruning from index 255...done
server: Refining abstraction done, result: (RefinerResult Spurious)
server: ! Precision DID change in this iteration
server: Iteration took 12s to run! 
server: ExplPreictor: Predicted 428.941s, Real 434.371s 
server:               Weight 1.0013194821537015 -> 1.0013031236968681 
server: Iteration 90
server: | Checking abstraction...
server: |  |  PrecisionSize: 274
server: |  |  Starting ARG: 508 nodes, 1 incomplete, 0 unsafe
server: |  |  (StopCriterion FirstCex)...
server: |  |  Building ARG...
server: |  |  Finished ARG: 525 nodes, 3 incomplete, 1 unsafe
server: | Checking abstraction done, result: (AbstractorResult Unsafe)
server: | Refining abstraction...
server: |  |  Trace length: 263
server: |  |  Checking trace...done, result: (ExprTraceStatus Infeasible)
server: |  |  Pruning from index 258...done
server: Refining abstraction done, result: (RefinerResult Spurious)
server: ! Precision DID change in this iteration
server: Iteration took 13s to run! 
server: ExplPreictor: Predicted 441.782s, Real 447.859s 
server:               Weight 1.0013031236968681 -> 1.00129135832136 
server: Iteration 91
server: | Checking abstraction...
server: |  |  PrecisionSize: 277
server: |  |  Starting ARG: 514 nodes, 1 incomplete, 0 unsafe
server: |  |  (StopCriterion FirstCex)...
server: |  |  Building ARG...
server: |  |  Finished ARG: 531 nodes, 3 incomplete, 1 unsafe
server: | Checking abstraction done, result: (AbstractorResult Unsafe)
server: | Refining abstraction...
server: |  |  Trace length: 266
server: |  |  Checking trace...done, result: (ExprTraceStatus Infeasible)
server: |  |  Pruning from index 261...done
server: Refining abstraction done, result: (RefinerResult Spurious)
server: ! Precision DID change in this iteration
server: Iteration took 12s to run! 
server: ExplPreictor: Predicted 455.448s, Real 459.914s 
server:               Weight 1.00129135832136 -> 1.0012660909755873 
server: Iteration 92
server: | Checking abstraction...
server: |  |  PrecisionSize: 280
server: |  |  Starting ARG: 520 nodes, 1 incomplete, 0 unsafe
server: |  |  (StopCriterion FirstCex)...
server: |  |  Building ARG...
server: |  |  Finished ARG: 537 nodes, 3 incomplete, 1 unsafe
server: | Checking abstraction done, result: (AbstractorResult Unsafe)
server: | Refining abstraction...
server: |  |  Trace length: 269
server: |  |  Checking trace...done, result: (ExprTraceStatus Infeasible)
server: |  |  Pruning from index 264...done
server: Refining abstraction done, result: (RefinerResult Spurious)
server: ! Precision DID change in this iteration
server: Iteration took 12s to run! 
server: ExplPreictor: Predicted 467.569s, Real 472.861s 
server:               Weight 1.0012660909755873 -> 1.0012473193031077 
server: Iteration 93
server: | Checking abstraction...
server: |  |  PrecisionSize: 283
server: |  |  Starting ARG: 526 nodes, 1 incomplete, 0 unsafe
server: |  |  (StopCriterion FirstCex)...
server: |  |  Building ARG...
server: |  |  Finished ARG: 543 nodes, 3 incomplete, 1 unsafe
server: | Checking abstraction done, result: (AbstractorResult Unsafe)
server: | Refining abstraction...
server: |  |  Trace length: 272
server: |  |  Checking trace...done, result: (ExprTraceStatus Infeasible)
server: |  |  Pruning from index 267...done
server: Refining abstraction done, result: (RefinerResult Spurious)
server: ! Precision DID change in this iteration
server: Iteration took 12s to run! 
server: ExplPreictor: Predicted 480.631s, Real 485.838s 
server:               Weight 1.0012473193031077 -> 1.001227685223639 
server: Iteration 94
server: | Checking abstraction...
server: |  |  PrecisionSize: 286
server: |  |  Starting ARG: 532 nodes, 1 incomplete, 0 unsafe
server: |  |  (StopCriterion FirstCex)...
server: |  |  Building ARG...
server: |  |  Finished ARG: 549 nodes, 3 incomplete, 1 unsafe
server: | Checking abstraction done, result: (AbstractorResult Unsafe)
server: | Refining abstraction...
server: |  |  Trace length: 275
server: |  |  Checking trace...done, result: (ExprTraceStatus Infeasible)
server: |  |  Pruning from index 270...done
server: Refining abstraction done, result: (RefinerResult Spurious)
server: ! Precision DID change in this iteration
server: Iteration took 12s to run! 
server: ExplPreictor: Predicted 493.711s, Real 498.803s 
server:               Weight 1.001227685223639 -> 1.0012071139400498 
server: Iteration 95
server: | Checking abstraction...
server: |  |  PrecisionSize: 289
server: |  |  Starting ARG: 538 nodes, 1 incomplete, 0 unsafe
server: |  |  (StopCriterion FirstCex)...
server: |  |  Building ARG...
server: |  |  Finished ARG: 555 nodes, 3 incomplete, 1 unsafe
server: | Checking abstraction done, result: (AbstractorResult Unsafe)
server: | Refining abstraction...
server: |  |  Trace length: 278
server: |  |  Checking trace...done, result: (ExprTraceStatus Infeasible)
server: |  |  Pruning from index 273...done
server: Refining abstraction done, result: (RefinerResult Spurious)
server: ! Precision DID change in this iteration
server: Iteration took 13s to run! 
server: ExplPreictor: Predicted 506.766s, Real 512.211s 
server:               Weight 1.0012071139400498 -> 1.0011889684489275 
server: Iteration 96
server: | Checking abstraction...
server: |  |  PrecisionSize: 292
server: |  |  Starting ARG: 544 nodes, 1 incomplete, 0 unsafe
server: |  |  (StopCriterion FirstCex)...
server: |  |  Building ARG...
server: |  |  Finished ARG: 561 nodes, 3 incomplete, 1 unsafe
server: | Checking abstraction done, result: (AbstractorResult Unsafe)
server: | Refining abstraction...
server: |  |  Trace length: 281
server: |  |  Checking trace...done, result: (ExprTraceStatus Infeasible)
server: |  |  Pruning from index 276...done
server: Refining abstraction done, result: (RefinerResult Spurious)
server: ! Precision DID change in this iteration
server: Iteration took 13s to run! 
server: ExplPreictor: Predicted 520.280s, Real 525.693s 
server:               Weight 1.0011889684489275 -> 1.0011704422361276 
server: Iteration 97
server: | Checking abstraction...
server: |  |  PrecisionSize: 295
server: |  |  Starting ARG: 550 nodes, 1 incomplete, 0 unsafe
server: |  |  (StopCriterion FirstCex)...
server: |  |  Building ARG...
server: |  |  Finished ARG: 567 nodes, 3 incomplete, 1 unsafe
server: | Checking abstraction done, result: (AbstractorResult Unsafe)
server: | Refining abstraction...
server: |  |  Trace length: 284
server: |  |  Checking trace...done, result: (ExprTraceStatus Infeasible)
server: |  |  Pruning from index 279...done
server: Refining abstraction done, result: (RefinerResult Spurious)
server: ! Precision DID change in this iteration
server: Iteration took 13s to run! 
server: ExplPreictor: Predicted 533.861s, Real 539.592s 
server:               Weight 1.0011704422361276 -> 1.0011538808202378 
server: Iteration 98
server: | Checking abstraction...
server: |  |  PrecisionSize: 298
server: |  |  Starting ARG: 556 nodes, 1 incomplete, 0 unsafe
server: |  |  (StopCriterion FirstCex)...
server: |  |  Building ARG...
server: |  |  Finished ARG: 573 nodes, 3 incomplete, 1 unsafe
server: | Checking abstraction done, result: (AbstractorResult Unsafe)
server: | Refining abstraction...
server: |  |  Trace length: 287
server: |  |  Checking trace...done, result: (ExprTraceStatus Infeasible)
server: |  |  Pruning from index 282...done
server: Refining abstraction done, result: (RefinerResult Spurious)
server: ! Precision DID change in this iteration
server: Iteration took 13s to run! 
server: ExplPreictor: Predicted 547.873s, Real 553.198s 
server:               Weight 1.0011538808202378 -> 1.0011345560103695 
server: Iteration 99
server: | Checking abstraction...
server: |  |  PrecisionSize: 301
server: |  |  Starting ARG: 562 nodes, 1 incomplete, 0 unsafe
server: |  |  (StopCriterion FirstCex)...
server: |  |  Building ARG...
server: |  |  Finished ARG: 579 nodes, 3 incomplete, 1 unsafe
server: | Checking abstraction done, result: (AbstractorResult Unsafe)
server: | Refining abstraction...
server: |  |  Trace length: 290
server: |  |  Checking trace...done, result: (ExprTraceStatus Infeasible)
server: |  |  Pruning from index 285...done
server: Refining abstraction done, result: (RefinerResult Spurious)
server: ! Precision DID change in this iteration
server: Iteration took 14s to run! 
server: ExplPreictor: Predicted 561.560s, Real 567.965s 
server:               Weight 1.0011345560103695 -> 1.0011218542183267 
server: Iteration 100
server: | Checking abstraction...
server: |  |  PrecisionSize: 304
server: |  |  Starting ARG: 568 nodes, 1 incomplete, 0 unsafe
server: |  |  (StopCriterion FirstCex)...
server: |  |  Building ARG...
server: |  |  Finished ARG: 585 nodes, 3 incomplete, 1 unsafe
server: | Checking abstraction done, result: (AbstractorResult Unsafe)
server: | Refining abstraction...
server: |  |  Trace length: 293
server: |  |  Checking trace...done, result: (ExprTraceStatus Infeasible)
server: |  |  Pruning from index 288...done
server: Refining abstraction done, result: (RefinerResult Spurious)
server: ! Precision DID change in this iteration
server: Iteration took 16s to run! 
server: ExplPreictor: Predicted 576.470s, Real 584.119s 
server:               Weight 1.0011218542183267 -> 1.0011160057631068 
server: Iteration 101
server: | Checking abstraction...
server: |  |  PrecisionSize: 307
server: |  |  Starting ARG: 574 nodes, 1 incomplete, 0 unsafe
server: |  |  (StopCriterion FirstCex)...
server: |  |  Building ARG...
server: |  |  Finished ARG: 591 nodes, 3 incomplete, 1 unsafe
server: | Checking abstraction done, result: (AbstractorResult Unsafe)
server: | Refining abstraction...
server: |  |  Trace length: 296
server: |  |  Checking trace...done, result: (ExprTraceStatus Infeasible)
server: |  |  Pruning from index 291...done
server: Refining abstraction done, result: (RefinerResult Spurious)
server: ! Precision DID change in this iteration
server: Iteration took 15s to run! 
server: ExplPreictor: Predicted 592.839s, Real 599.352s 
server:               Weight 1.0011160057631068 -> 1.0011026125474252 
server: Iteration 102
server: | Checking abstraction...
server: |  |  PrecisionSize: 310
server: |  |  Starting ARG: 580 nodes, 1 incomplete, 0 unsafe
server: |  |  (StopCriterion FirstCex)...
server: |  |  Building ARG...
server: |  |  Finished ARG: 597 nodes, 3 incomplete, 1 unsafe
server: | Checking abstraction done, result: (AbstractorResult Unsafe)
server: | Refining abstraction...
server: |  |  Trace length: 299
server: |  |  Checking trace...done, result: (ExprTraceStatus Infeasible)
server: |  |  Pruning from index 294...done
server: Refining abstraction done, result: (RefinerResult Spurious)
server: ! Precision DID change in this iteration
server: Iteration took 14s to run! 
server: ExplPreictor: Predicted 608.209s, Real 613.718s 
server:               Weight 1.0011026125474252 -> 1.0010832665115235 
server: Iteration 103
server: | Checking abstraction...
server: |  |  PrecisionSize: 313
server: |  |  Starting ARG: 586 nodes, 1 incomplete, 0 unsafe
server: |  |  (StopCriterion FirstCex)...
server: |  |  Building ARG...
server: |  |  Finished ARG: 603 nodes, 3 incomplete, 1 unsafe
server: | Checking abstraction done, result: (AbstractorResult Unsafe)
server: | Refining abstraction...
server: |  |  Trace length: 302
server: |  |  Checking trace...done, result: (ExprTraceStatus Infeasible)
server: |  |  Pruning from index 297...done
server: Refining abstraction done, result: (RefinerResult Spurious)
server: ! Precision DID change in this iteration
server: Iteration took 16s to run! 
server: ExplPreictor: Predicted 622.643s, Real 629.827s 
server:               Weight 1.0010832665115235 -> 1.0010731326725746 
server: Iteration 104
server: | Checking abstraction...
server: |  |  PrecisionSize: 316
server: |  |  Starting ARG: 592 nodes, 1 incomplete, 0 unsafe
server: |  |  (StopCriterion FirstCex)...
server: |  |  Building ARG...
server: |  |  Finished ARG: 609 nodes, 3 incomplete, 1 unsafe
server: | Checking abstraction done, result: (AbstractorResult Unsafe)
server: | Refining abstraction...
server: |  |  Trace length: 305
server: |  |  Checking trace...done, result: (ExprTraceStatus Infeasible)
server: |  |  Pruning from index 300...done
server: Refining abstraction done, result: (RefinerResult Spurious)
server: ! Precision DID change in this iteration
server: Iteration took 15s to run! 
server: ExplPreictor: Predicted 638.917s, Real 645.067s 
server:               Weight 1.0010731326725746 -> 1.0010569840325934 
server: Iteration 105
server: | Checking abstraction...
server: |  |  PrecisionSize: 319
server: |  |  Starting ARG: 598 nodes, 1 incomplete, 0 unsafe
server: |  |  (StopCriterion FirstCex)...
server: |  |  Building ARG...
server: |  |  Finished ARG: 615 nodes, 3 incomplete, 1 unsafe
server: | Checking abstraction done, result: (AbstractorResult Unsafe)
server: | Refining abstraction...
server: |  |  Trace length: 308
server: |  |  Checking trace...done, result: (ExprTraceStatus Infeasible)
server: |  |  Pruning from index 303...done
server: Refining abstraction done, result: (RefinerResult Spurious)
server: ! Precision DID change in this iteration
server: Iteration took 13s to run! 
server: ExplPreictor: Predicted 654.253s, Real 659.002s 
server:               Weight 1.0010569840325934 -> 1.001033617702154 
server: Iteration 106
server: | Checking abstraction...
server: |  |  PrecisionSize: 322
server: |  |  Starting ARG: 604 nodes, 1 incomplete, 0 unsafe
server: |  |  (StopCriterion FirstCex)...
server: |  |  Building ARG...
server: |  |  Finished ARG: 621 nodes, 3 incomplete, 1 unsafe
server: | Checking abstraction done, result: (AbstractorResult Unsafe)
server: | Refining abstraction...
server: |  |  Trace length: 311
server: |  |  Checking trace...done, result: (ExprTraceStatus Infeasible)
server: |  |  Pruning from index 306...done
server: Refining abstraction done, result: (RefinerResult Spurious)
server: ! Precision DID change in this iteration
server: Iteration took 15s to run! 
server: ExplPreictor: Predicted 668.192s, Real 674.571s 
server:               Weight 1.001033617702154 -> 1.0010189477782858 
server: Iteration 107
server: | Checking abstraction...
server: |  |  PrecisionSize: 325
server: |  |  Starting ARG: 610 nodes, 1 incomplete, 0 unsafe
server: |  |  (StopCriterion FirstCex)...
server: |  |  Building ARG...
server: |  |  Finished ARG: 627 nodes, 3 incomplete, 1 unsafe
server: | Checking abstraction done, result: (AbstractorResult Unsafe)
server: | Refining abstraction...
server: |  |  Trace length: 314
server: |  |  Checking trace...done, result: (ExprTraceStatus Infeasible)
server: |  |  Pruning from index 309...done
server: Refining abstraction done, result: (RefinerResult Spurious)
server: ! Precision DID change in this iteration
server: Iteration took 17s to run! 
server: ExplPreictor: Predicted 683.860s, Real 691.744s 
server:               Weight 1.0010189477782858 -> 1.0010114833472847 
server: Iteration 108
server: | Checking abstraction...
server: |  |  PrecisionSize: 328
server: |  |  Starting ARG: 616 nodes, 1 incomplete, 0 unsafe
server: |  |  (StopCriterion FirstCex)...
server: |  |  Building ARG...
server: |  |  Finished ARG: 633 nodes, 3 incomplete, 1 unsafe
server: | Checking abstraction done, result: (AbstractorResult Unsafe)
server: | Refining abstraction...
server: |  |  Trace length: 317
server: |  |  Checking trace...done, result: (ExprTraceStatus Infeasible)
server: |  |  Pruning from index 312...done
server: Refining abstraction done, result: (RefinerResult Spurious)
server: ! Precision DID change in this iteration
server: Iteration took 17s to run! 
server: ExplPreictor: Predicted 701.217s, Real 708.789s 
server:               Weight 1.0010114833472847 -> 1.001001881168199 
server: Iteration 109
server: | Checking abstraction...
server: |  |  PrecisionSize: 331
server: |  |  Starting ARG: 622 nodes, 1 incomplete, 0 unsafe
server: |  |  (StopCriterion FirstCex)...
server: |  |  Building ARG...
server: |  |  Finished ARG: 639 nodes, 3 incomplete, 1 unsafe
server: | Checking abstraction done, result: (AbstractorResult Unsafe)
server: | Refining abstraction...
server: |  |  Trace length: 320
server: |  |  Checking trace...done, result: (ExprTraceStatus Infeasible)
server: |  |  Pruning from index 315...done
server: Refining abstraction done, result: (RefinerResult Spurious)
server: ! Precision DID change in this iteration
server: Iteration took 17s to run! 
server: ExplPreictor: Predicted 718.420s, Real 726.697s 
server:               Weight 1.001001881168199 -> 1.000995039099876 
server: Iteration 110
server: | Checking abstraction...
server: |  |  PrecisionSize: 334
server: |  |  Starting ARG: 628 nodes, 1 incomplete, 0 unsafe
server: |  |  (StopCriterion FirstCex)...
server: |  |  Building ARG...
server: |  |  Finished ARG: 645 nodes, 3 incomplete, 1 unsafe
server: | Checking abstraction done, result: (AbstractorResult Unsafe)
server: | Refining abstraction...
server: |  |  Trace length: 323
server: |  |  Checking trace...done, result: (ExprTraceStatus Infeasible)
server: |  |  Pruning from index 318...done
server: Refining abstraction done, result: (RefinerResult Spurious)
server: ! Precision DID change in this iteration
server: Iteration took 16s to run! 
server: ExplPreictor: Predicted 736.522s, Real 743.375s 
server:               Weight 1.000995039099876 -> 1.0009811639112174 
server: Iteration 111
server: | Checking abstraction...
server: |  |  PrecisionSize: 337
server: |  |  Starting ARG: 634 nodes, 1 incomplete, 0 unsafe
server: |  |  (StopCriterion FirstCex)...
server: |  |  Building ARG...
server: |  |  Finished ARG: 651 nodes, 3 incomplete, 1 unsafe
server: | Checking abstraction done, result: (AbstractorResult Unsafe)
server: | Refining abstraction...
server: |  |  Trace length: 326
server: |  |  Checking trace...done, result: (ExprTraceStatus Infeasible)
server: |  |  Pruning from index 321...done
server: Refining abstraction done, result: (RefinerResult Spurious)
server: ! Precision DID change in this iteration
server: Iteration took 17s to run! 
server: ExplPreictor: Predicted 753.301s, Real 761.136s 
server:               Weight 1.0009811639112174 -> 1.0009714716360485 
server: Iteration 112
server: | Checking abstraction...
server: |  |  PrecisionSize: 340
server: |  |  Starting ARG: 640 nodes, 1 incomplete, 0 unsafe
server: |  |  (StopCriterion FirstCex)...
server: |  |  Building ARG...
server: |  |  Finished ARG: 657 nodes, 3 incomplete, 1 unsafe
server: | Checking abstraction done, result: (AbstractorResult Unsafe)
server: | Refining abstraction...
server: |  |  Trace length: 329
server: |  |  Checking trace...done, result: (ExprTraceStatus Infeasible)
server: |  |  Pruning from index 324...done
server: Refining abstraction done, result: (RefinerResult Spurious)
server: ! Precision DID change in this iteration
server: Iteration took 19s to run! 
server: ExplPreictor: Predicted 771.216s, Real 780.351s 
server:               Weight 1.0009714716360485 -> 1.0009668770753557 
server: Iteration 113
server: | Checking abstraction...
server: |  |  PrecisionSize: 343
server: |  |  Starting ARG: 646 nodes, 1 incomplete, 0 unsafe
server: |  |  (StopCriterion FirstCex)...
server: |  |  Building ARG...
server: |  |  Finished ARG: 663 nodes, 3 incomplete, 1 unsafe
server: | Checking abstraction done, result: (AbstractorResult Unsafe)
server: | Refining abstraction...
server: |  |  Trace length: 332
server: |  |  Checking trace...done, result: (ExprTraceStatus Infeasible)
server: |  |  Pruning from index 327...done
server: Refining abstraction done, result: (RefinerResult Spurious)
server: ! Precision DID change in this iteration
server: Iteration took 18s to run! 
server: ExplPreictor: Predicted 790.655s, Real 798.912s 
server:               Weight 1.0009668770753557 -> 1.0009578635584457 
server: Iteration 114
server: | Checking abstraction...
server: |  |  PrecisionSize: 346
server: |  |  Starting ARG: 652 nodes, 1 incomplete, 0 unsafe
server: |  |  (StopCriterion FirstCex)...
server: |  |  Building ARG...
server: |  |  Finished ARG: 669 nodes, 3 incomplete, 1 unsafe
server: | Checking abstraction done, result: (AbstractorResult Unsafe)
server: | Refining abstraction...
server: |  |  Trace length: 335
server: |  |  Checking trace...done, result: (ExprTraceStatus Infeasible)
server: |  |  Pruning from index 330...done
server: Refining abstraction done, result: (RefinerResult Spurious)
server: ! Precision DID change in this iteration
server: Iteration took 18s to run! 
server: ExplPreictor: Predicted 809.380s, Real 817.449s 
server:               Weight 1.0009578635584457 -> 1.0009476666474377 
server: Iteration 115
server: | Checking abstraction...
server: |  |  PrecisionSize: 349
server: |  |  Starting ARG: 658 nodes, 1 incomplete, 0 unsafe
server: |  |  (StopCriterion FirstCex)...
server: |  |  Building ARG...
server: |  |  Finished ARG: 675 nodes, 3 incomplete, 1 unsafe
server: | Checking abstraction done, result: (AbstractorResult Unsafe)
server: | Refining abstraction...
server: |  |  Trace length: 338
server: |  |  Checking trace...done, result: (ExprTraceStatus Infeasible)
server: |  |  Pruning from index 333...done
server: Refining abstraction done, result: (RefinerResult Spurious)
server: ! Precision DID change in this iteration
server: Iteration took 18s to run! 
server: ExplPreictor: Predicted 828.064s, Real 836.310s 
server:               Weight 1.0009476666474377 -> 1.0009378505817201 
server: Iteration 116
server: | Checking abstraction...
server: |  |  PrecisionSize: 352
server: |  |  Starting ARG: 664 nodes, 1 incomplete, 0 unsafe
server: |  |  (StopCriterion FirstCex)...
server: |  |  Building ARG...
server: |  |  Finished ARG: 681 nodes, 3 incomplete, 1 unsafe
server: | Checking abstraction done, result: (AbstractorResult Unsafe)
server: | Refining abstraction...
server: |  |  Trace length: 341
server: |  |  Checking trace...done, result: (ExprTraceStatus Infeasible)
server: |  |  Pruning from index 336...done
server: Refining abstraction done, result: (RefinerResult Spurious)
server: ! Precision DID change in this iteration
server: Iteration took 19s to run! 
server: ExplPreictor: Predicted 847.074s, Real 855.725s 
server:               Weight 1.0009378505817201 -> 1.0009292482464793 
server: Iteration 117
server: | Checking abstraction...
server: |  |  PrecisionSize: 355
server: |  |  Starting ARG: 670 nodes, 1 incomplete, 0 unsafe
server: |  |  (StopCriterion FirstCex)...
server: |  |  Building ARG...
server: |  |  Finished ARG: 687 nodes, 3 incomplete, 1 unsafe
server: | Checking abstraction done, result: (AbstractorResult Unsafe)
server: | Refining abstraction...
server: |  |  Trace length: 344
server: |  |  Checking trace...done, result: (ExprTraceStatus Infeasible)
server: |  |  Pruning from index 339...done
server: Refining abstraction done, result: (RefinerResult Spurious)
server: ! Precision DID change in this iteration
server: Iteration took 20s to run! 
server: ExplPreictor: Predicted 866.656s, Real 875.980s 
server:               Weight 1.0009292482464793 -> 1.0009227389184303 
server: Iteration 118
server: | Checking abstraction...
server: |  |  PrecisionSize: 358
server: |  |  Starting ARG: 676 nodes, 1 incomplete, 0 unsafe
server: |  |  (StopCriterion FirstCex)...
server: |  |  Building ARG...
server: |  |  Finished ARG: 693 nodes, 3 incomplete, 1 unsafe
server: | Checking abstraction done, result: (AbstractorResult Unsafe)
server: | Refining abstraction...
server: |  |  Trace length: 347
server: |  |  Checking trace...done, result: (ExprTraceStatus Infeasible)
server: |  |  Pruning from index 342...done
server: Refining abstraction done, result: (RefinerResult Spurious)
server: ! Precision DID change in this iteration
server: Iteration took 19s to run! 
server: ExplPreictor: Predicted 887.110s, Real 895.774s 
server:               Weight 1.0009227389184303 -> 1.0009132862145258 
server: --------Iteration time heuristic predicts timeout--------
server: |  |  PrecisionSize: 358
server: |  |  Starting ARG: 682 nodes, 1 incomplete, 0 unsafe
server: |  |  (StopCriterion FullExploration)...
server: |  |  Building ARG...
The process run out of time so it got destroied!
Backend finished (in 900202 ms)
ErrorCodeException(code=201)
	at hu.bme.mit.theta.xcfa.cli.checkers.InProcessChecker.check(InProcessChecker.kt:168)
	at hu.bme.mit.theta.xcfa.cli.ExecuteConfigKt$backend$result$1.invoke(ExecuteConfig.kt:320)
	at hu.bme.mit.theta.xcfa.cli.ExecuteConfigKt$backend$result$1.invoke(ExecuteConfig.kt:318)
	at hu.bme.mit.theta.xcfa.cli.params.ExitCodesKt.exitOnError(ExitCodes.kt:58)
	at hu.bme.mit.theta.xcfa.cli.ExecuteConfigKt.backend(ExecuteConfig.kt:318)
	at hu.bme.mit.theta.xcfa.cli.ExecuteConfigKt.backend$default(ExecuteConfig.kt:275)
	at hu.bme.mit.theta.xcfa.cli.ExecuteConfigKt.runConfig(ExecuteConfig.kt:105)
	at hu.bme.mit.theta.xcfa.cli.portfolio.SpecFromNamePortfolioKt.specFromNamePortfolio$checker(specFromNamePortfolio.kt:82)
	at hu.bme.mit.theta.xcfa.cli.portfolio.SpecFromNamePortfolioKt.access$specFromNamePortfolio$checker(specFromNamePortfolio.kt:1)
	at hu.bme.mit.theta.xcfa.cli.portfolio.SpecFromNamePortfolioKt$specFromNamePortfolio$configNodes$1$1.invoke(specFromNamePortfolio.kt:122)
	at hu.bme.mit.theta.xcfa.cli.portfolio.SpecFromNamePortfolioKt$specFromNamePortfolio$configNodes$1$1.invoke(specFromNamePortfolio.kt:122)
	at hu.bme.mit.theta.xcfa.cli.portfolio.ConfigNode.execute(stm.kt:74)
	at hu.bme.mit.theta.xcfa.cli.portfolio.STM.execute(stm.kt:159)
	at hu.bme.mit.theta.xcfa.cli.portfolio.STM.execute$default(stm.kt:154)
	at hu.bme.mit.theta.xcfa.cli.checkers.ConfigToPortfolioKt.getPortfolioChecker$lambda$0(ConfigToPortfolio.kt:136)
	at hu.bme.mit.theta.analysis.algorithm.SafetyChecker.check(SafetyChecker.java:27)
	at hu.bme.mit.theta.xcfa.cli.ExecuteConfigKt$backend$result$1.invoke(ExecuteConfig.kt:320)
	at hu.bme.mit.theta.xcfa.cli.ExecuteConfigKt$backend$result$1.invoke(ExecuteConfig.kt:318)
	at hu.bme.mit.theta.xcfa.cli.params.ExitCodesKt.exitOnError(ExitCodes.kt:58)
	at hu.bme.mit.theta.xcfa.cli.ExecuteConfigKt.backend(ExecuteConfig.kt:318)
	at hu.bme.mit.theta.xcfa.cli.ExecuteConfigKt.backend$default(ExecuteConfig.kt:275)
	at hu.bme.mit.theta.xcfa.cli.ExecuteConfigKt.runConfig(ExecuteConfig.kt:105)
	at hu.bme.mit.theta.xcfa.cli.ExecuteConfigKt.runConfig$default(ExecuteConfig.kt:74)
	at hu.bme.mit.theta.xcfa.cli.XcfaCli.run(XcfaCli.kt:127)
	at hu.bme.mit.theta.xcfa.cli.XcfaCli.access$run(XcfaCli.kt:37)
	at hu.bme.mit.theta.xcfa.cli.XcfaCli$Companion.main(XcfaCli.kt:137)
	at hu.bme.mit.theta.xcfa.cli.XcfaCli.main(XcfaCli.kt)
Caught exception: ErrorCodeException(code=201)
Handling exception as Anything
Current configuration: XcfaConfig(inputConfig=InputConfig(inputFile=null, catFile=null, parseCtx=null, xcfaWCtx=present, propertyFile=null, property=ERROR_LOCATION, partialResult=null, frontendConfig=FrontendConfig(lbeLevel=LBE_SEQ, staticCoi=false, loopUnroll=1000, forceUnroll=-1, enableFew=false, inputType=C, specConfig=CFrontendConfig(arithmetic=efficient, architecture=ILP32)), backendConfig=BackendConfig(backend=BOUNDED, solverHome=/home/benchexec/.theta, timeoutMs=900000, softTimeoutMs=700000, inProcess=true, parseInProcess=false, inPortfolio=true, memlimit=0, disablePartialResult=true, specConfig=BoundedConfig(maxBound=0, reversed=false, cegar=false, initPrec=EMPTY, bmcConfig=BMCConfig(disable=false, nonLfPath=false, bmcSolver=Z3, validateBMCSolver=false), indConfig=InductionConfig(disable=false, indSolver=Z3, validateIndSolver=false, indMinBound=0, indFreq=1), itpConfig=InterpolationConfig(disable=true, itpSolver=Z3, validateItpSolver=false))), outputConfig=OutputConfig(versionInfo=false, enableOutput=true, resultFolder=./output/PredCart(900, true, true) -> KInd()/KInd(), acceptUnreliableSafe=false, cOutputConfig=COutputConfig(disable=true, useArr=false, useExArr=false, useRange=false), xcfaOutputConfig=XcfaOutputConfig(disable=true), chcOutputConfig=ChcOutputConfig(disable=true), witnessConfig=WitnessConfig(disable=false, svcomp=true, concretizerSolver=Z3, validateConcretizerSolver=false, inputFileForWitness=null), partialResultOutputConfig=PartialResultOutputConfig(enable=false, tempFileLocation=null), argConfig=ArgConfig(disable=true)), debugConfig=DebugConfig(debug=false, stacktrace=false, logLevel=INFO, argdebug=false, argToFile=false))
PartialResultJson: /dev/shm/partialResult12416721179664029463.json
server: Registered Legacy-Z3 SolverManager
server: Registered Z3 SolverManager
server: Registered JavaSMT SolverManager
server: Registered SMT-LIB SolverManager
server: Successfully loaded LocationInvariants from /dev/shm/partialResult12416721179664029463.json
server: [33m[WARN] LocationInvariants are empty map. Returning null!
server: [0mStarting iteration 1
server: 	Starting BMC
server: 	Starting k-induction
server: Starting iteration 2
server: 	Starting BMC
server: 	Starting k-induction
server: Starting iteration 3
server: 	Starting BMC
server: 	Starting k-induction
server: Starting iteration 4
server: 	Starting BMC
server: 	Starting k-induction
server: Starting iteration 5
server: 	Starting BMC
server: 	Starting k-induction
server: Starting iteration 6
server: 	Starting BMC
server: 	Starting k-induction
server: Starting iteration 7
server: 	Starting BMC
server: 	Starting k-induction
server: Starting iteration 8
server: 	Starting BMC
server: 	Starting k-induction
server: Starting iteration 9
server: 	Starting BMC
server: 	Starting k-induction
server: Starting iteration 10
server: 	Starting BMC
server: 	Starting k-induction
server: Starting iteration 11
server: 	Starting BMC
server: 	Starting k-induction
server: Starting iteration 12
server: 	Starting BMC
server: 	Starting k-induction
server: Starting iteration 13
server: 	Starting BMC
server: 	Starting k-induction
server: Starting iteration 14
server: 	Starting BMC
server: 	Starting k-induction
server: Starting iteration 15
server: 	Starting BMC
server: 	Starting k-induction
server: Starting iteration 16
server: 	Starting BMC
server: 	Starting k-induction
server: Starting iteration 17
server: 	Starting BMC
server: 	Starting k-induction
server: Starting iteration 18
server: 	Starting BMC
server: 	Starting k-induction
server: Starting iteration 19
server: 	Starting BMC
server: 	Starting k-induction
server: Starting iteration 20
server: 	Starting BMC
server: 	Starting k-induction
server: Starting iteration 21
server: 	Starting BMC
server: 	Starting k-induction
server: Starting iteration 22
server: 	Starting BMC
server: 	Starting k-induction
server: Starting iteration 23
server: 	Starting BMC
server: 	Starting k-induction
server: Starting iteration 24
server: 	Starting BMC
server: 	Starting k-induction
server: Starting iteration 25
server: 	Starting BMC
server: 	Starting k-induction
server: Starting iteration 26
server: 	Starting BMC
server: 	Starting k-induction
