tools/baseline/theta-start.sh sv-benchmarks/c/loop-new/count_by_2.i --svcomp --portfolio 'PredCart(900, true, true) -> KInd()' --loglevel RESULT --output-directory ./output --property sv-benchmarks/c/properties/unreach-call.prp --architecture ILP32 --memlimit 15000000000


--------------------------------------------------------------------------------


LD_LIBRARY_PATH=/tmp/vcloud_worker_meres_on_bme-233008/run_dir_0f4fd18d-cff7-4cf5-bf86-6d5b6c6e3618/tools/baseline/lib /usr/lib/jvm/java-17-openjdk-amd64/bin/java -Xss120m -Xmx14210m -jar /tmp/vcloud_worker_meres_on_bme-233008/run_dir_0f4fd18d-cff7-4cf5-bf86-6d5b6c6e3618/tools/baseline/theta.jar --svcomp --portfolio PredCart(900, true, true) -> KInd() --loglevel RESULT --output-directory ./output --property sv-benchmarks/c/properties/unreach-call.prp --architecture ILP32 --memlimit 15000000000 --input sv-benchmarks/c/loop-new/count_by_2.i --smt-home /tmp/vcloud_worker_meres_on_bme-233008/run_dir_0f4fd18d-cff7-4cf5-bf86-6d5b6c6e3618/tools/baseline/solvers
Arithmetic: []
ParsingResult Success
Alias graph size: 0 -> []
PARTS: [PredCart(900, true, true), KInd()]
Current configuration: XcfaConfig(inputConfig=InputConfig(inputFile=null, catFile=null, parseCtx=null, xcfaWCtx=present, propertyFile=null, property=ERROR_LOCATION, partialResult=null, frontendConfig=FrontendConfig(lbeLevel=LBE_SEQ, staticCoi=false, loopUnroll=1000, forceUnroll=-1, enableFew=false, inputType=C, specConfig=CFrontendConfig(arithmetic=efficient, architecture=ILP32)), backendConfig=BackendConfig(backend=CEGAR, solverHome=/home/benchexec/.theta, timeoutMs=900000, softTimeoutMs=900000, inProcess=true, parseInProcess=false, inPortfolio=true, memlimit=0, disablePartialResult=false, specConfig=CegarConfig(initPrec=EMPTY, porLevel=NOPOR, porRandomSeed=0, coi=NO_COI, cexMonitor=CHECK, iterationTimeHeuristic=true, abstractorConfig=CegarAbstractorConfig(abstractionSolver=Z3, validateAbstractionSolver=false, domain=PRED_CART, maxEnum=2, search=ERR, havocMemory=false), refinerConfig=CegarRefinerConfig(refinementSolver=Z3, validateRefinementSolver=false, refinement=SEQ_ITP, exprSplitter=CONJUNCTS, pruneStrategy=LAZY))), outputConfig=OutputConfig(versionInfo=false, enableOutput=true, resultFolder=./output/PredCart(900, true, true) -> KInd()/PredCart(900, true, true), acceptUnreliableSafe=false, cOutputConfig=COutputConfig(disable=true, useArr=false, useExArr=false, useRange=false), xcfaOutputConfig=XcfaOutputConfig(disable=true), chcOutputConfig=ChcOutputConfig(disable=true), witnessConfig=WitnessConfig(disable=false, svcomp=true, concretizerSolver=Z3, validateConcretizerSolver=false, inputFileForWitness=null), partialResultOutputConfig=PartialResultOutputConfig(enable=false, tempFileLocation=null), argConfig=ArgConfig(disable=true)), debugConfig=DebugConfig(debug=false, stacktrace=false, logLevel=INFO, argdebug=false, argToFile=false))
PartialResultJson: /dev/shm/partialResult2052250702280262571.json
server: Registered Legacy-Z3 SolverManager
server: Registered Z3 SolverManager
server: Registered JavaSMT SolverManager
server: Registered SMT-LIB SolverManager
server: Successfully loaded LocationInvariants from /dev/shm/partialResult2052250702280262571.json
server: [33m[WARN] LocationInvariants are empty map. Returning null!
server: [0mCEGARCHEKER: (CegarChecker (XcfaArgAbstractor (PriorityWaitlist XcfaDistToErrComparator)) (XcfaSingleExprTraceRefiner ExprTraceSeqItpChecker XcfaPrecRefiner))
server: Configuration: (CegarChecker (XcfaArgAbstractor (PriorityWaitlist XcfaDistToErrComparator)) (XcfaSingleExprTraceRefiner ExprTraceSeqItpChecker XcfaPrecRefiner))
server: TimeoutMs In Cegar:900000
server: Iteration 1
server: | Checking abstraction...
server: |  |  PrecisionSize: 0
server: |  |  (Re)initializing ARG...done
server: |  |  Starting ARG: 1 nodes, 1 incomplete, 0 unsafe
server: |  |  (StopCriterion FirstCex)...
server: |  |  Building ARG...
server: |  |  Finished ARG: 7 nodes, 3 incomplete, 1 unsafe
server: | Checking abstraction done, result: (AbstractorResult Unsafe)
server: | Refining abstraction...
server: |  |  Trace length: 4
server: |  |  Checking trace...done, result: (ExprTraceStatus Infeasible)
server: |  |  Pruning from index 2...done
server: Refining abstraction done, result: (RefinerResult Spurious)
server: ! Precision DID change in this iteration
server: Iteration took 0s to run! 
server: ExplPreictor: Predicted 0.200s, Real 0.150s 
server:               Weight 1.7 -> 0.94572891986566 
server: Iteration 2
server: | Checking abstraction...
server: |  |  PrecisionSize: 1
server: |  |  Starting ARG: 2 nodes, 1 incomplete, 0 unsafe
server: |  |  (StopCriterion FirstCex)...
server: |  |  Building ARG...
server: |  |  Finished ARG: 9 nodes, 3 incomplete, 1 unsafe
server: | Checking abstraction done, result: (AbstractorResult Unsafe)
server: | Refining abstraction...
server: |  |  Trace length: 5
server: |  |  Checking trace...done, result: (ExprTraceStatus Infeasible)
server: |  |  Pruning from index 2...done
server: Refining abstraction done, result: (RefinerResult Spurious)
server: ! Precision DID change in this iteration
server: Iteration took 0s to run! 
server: ExplPreictor: Predicted 0.114s, Real 0.177s 
server:               Weight 0.94572891986566 -> 1.0123531749994163 
server: Iteration 3
server: | Checking abstraction...
server: |  |  PrecisionSize: 3
server: |  |  Starting ARG: 2 nodes, 1 incomplete, 0 unsafe
server: |  |  (StopCriterion FirstCex)...
server: |  |  Building ARG...
server: |  |  Finished ARG: 13 nodes, 3 incomplete, 1 unsafe
server: | Checking abstraction done, result: (AbstractorResult Unsafe)
server: | Refining abstraction...
server: |  |  Trace length: 7
server: |  |  Checking trace...done, result: (ExprTraceStatus Infeasible)
server: |  |  Pruning from index 3...done
server: Refining abstraction done, result: (RefinerResult Spurious)
server: ! Precision DID change in this iteration
server: Iteration took 0s to run! 
server: ExplPreictor: Predicted 0.189s, Real 0.224s 
server:               Weight 1.0123531749994163 -> 1.0198278267449257 
server: Iteration 4
server: | Checking abstraction...
server: |  |  PrecisionSize: 5
server: |  |  Starting ARG: 4 nodes, 1 incomplete, 0 unsafe
server: |  |  (StopCriterion FirstCex)...
server: |  |  Building ARG...
server: |  |  Finished ARG: 17 nodes, 3 incomplete, 1 unsafe
server: | Checking abstraction done, result: (AbstractorResult Unsafe)
server: | Refining abstraction...
server: |  |  Trace length: 9
server: |  |  Checking trace...done, result: (ExprTraceStatus Infeasible)
server: |  |  Pruning from index 3...done
server: Refining abstraction done, result: (RefinerResult Spurious)
server: ! Precision DID change in this iteration
server: Iteration took 0s to run! 
server: ExplPreictor: Predicted 0.249s, Real 0.276s 
server:               Weight 1.0198278267449257 -> 1.0193977959028373 
server: Iteration 5
server: | Checking abstraction...
server: |  |  PrecisionSize: 7
server: |  |  Starting ARG: 4 nodes, 1 incomplete, 0 unsafe
server: |  |  (StopCriterion FirstCex)...
server: |  |  Building ARG...
server: |  |  Finished ARG: 21 nodes, 3 incomplete, 1 unsafe
server: | Checking abstraction done, result: (AbstractorResult Unsafe)
server: | Refining abstraction...
server: |  |  Trace length: 11
server: |  |  Checking trace...done, result: (ExprTraceStatus Infeasible)
server: |  |  Pruning from index 3...done
server: Refining abstraction done, result: (RefinerResult Spurious)
server: ! Precision DID change in this iteration
server: Iteration took 0s to run! 
server: ExplPreictor: Predicted 0.308s, Real 0.336s 
server:               Weight 1.0193977959028373 -> 1.0183727808152634 
server: Iteration 6
server: | Checking abstraction...
server: |  |  PrecisionSize: 9
server: |  |  Starting ARG: 4 nodes, 1 incomplete, 0 unsafe
server: |  |  (StopCriterion FirstCex)...
server: |  |  Building ARG...
server: |  |  Finished ARG: 25 nodes, 3 incomplete, 1 unsafe
server: | Checking abstraction done, result: (AbstractorResult Unsafe)
server: | Refining abstraction...
server: |  |  Trace length: 13
server: |  |  Checking trace...done, result: (ExprTraceStatus Infeasible)
server: |  |  Pruning from index 3...done
server: Refining abstraction done, result: (RefinerResult Spurious)
server: ! Precision DID change in this iteration
server: Iteration took 0s to run! 
server: ExplPreictor: Predicted 0.374s, Real 0.412s 
server:               Weight 1.0183727808152634 -> 1.0179382577281613 
server: Iteration 7
server: | Checking abstraction...
server: |  |  PrecisionSize: 11
server: |  |  Starting ARG: 4 nodes, 1 incomplete, 0 unsafe
server: |  |  (StopCriterion FirstCex)...
server: |  |  Building ARG...
server: |  |  Finished ARG: 29 nodes, 3 incomplete, 1 unsafe
server: | Checking abstraction done, result: (AbstractorResult Unsafe)
server: | Refining abstraction...
server: |  |  Trace length: 15
server: |  |  Checking trace...done, result: (ExprTraceStatus Infeasible)
server: |  |  Pruning from index 3...done
server: Refining abstraction done, result: (RefinerResult Spurious)
server: ! Precision DID change in this iteration
server: Iteration took 0s to run! 
server: ExplPreictor: Predicted 0.459s, Real 0.491s 
server:               Weight 1.0179382577281613 -> 1.0165810469044836 
server: Iteration 8
server: | Checking abstraction...
server: |  |  PrecisionSize: 13
server: |  |  Starting ARG: 4 nodes, 1 incomplete, 0 unsafe
server: |  |  (StopCriterion FirstCex)...
server: |  |  Building ARG...
server: |  |  Finished ARG: 33 nodes, 3 incomplete, 1 unsafe
server: | Checking abstraction done, result: (AbstractorResult Unsafe)
server: | Refining abstraction...
server: |  |  Trace length: 17
server: |  |  Checking trace...done, result: (ExprTraceStatus Infeasible)
server: |  |  Pruning from index 3...done
server: Refining abstraction done, result: (RefinerResult Spurious)
server: ! Precision DID change in this iteration
server: Iteration took 0s to run! 
server: ExplPreictor: Predicted 0.544s, Real 0.581s 
server:               Weight 1.0165810469044836 -> 1.0154878608078757 
server: Iteration 9
server: | Checking abstraction...
server: |  |  PrecisionSize: 15
server: |  |  Starting ARG: 4 nodes, 1 incomplete, 0 unsafe
server: |  |  (StopCriterion FirstCex)...
server: |  |  Building ARG...
server: |  |  Finished ARG: 37 nodes, 3 incomplete, 1 unsafe
server: | Checking abstraction done, result: (AbstractorResult Unsafe)
server: | Refining abstraction...
server: |  |  Trace length: 19
server: |  |  Checking trace...done, result: (ExprTraceStatus Infeasible)
server: |  |  Pruning from index 3...done
server: Refining abstraction done, result: (RefinerResult Spurious)
server: ! Precision DID change in this iteration
server: Iteration took 0s to run! 
server: ExplPreictor: Predicted 0.641s, Real 0.690s 
server:               Weight 1.0154878608078757 -> 1.0148150691047766 
server: Iteration 10
server: | Checking abstraction...
server: |  |  PrecisionSize: 17
server: |  |  Starting ARG: 4 nodes, 1 incomplete, 0 unsafe
server: |  |  (StopCriterion FirstCex)...
server: |  |  Building ARG...
server: |  |  Finished ARG: 41 nodes, 3 incomplete, 1 unsafe
server: | Checking abstraction done, result: (AbstractorResult Unsafe)
server: | Refining abstraction...
server: |  |  Trace length: 21
server: |  |  Checking trace...done, result: (ExprTraceStatus Infeasible)
server: |  |  Pruning from index 3...done
server: Refining abstraction done, result: (RefinerResult Spurious)
server: ! Precision DID change in this iteration
server: Iteration took 0s to run! 
server: ExplPreictor: Predicted 0.760s, Real 0.814s 
server:               Weight 1.0148150691047766 -> 1.0141337043553311 
server: Iteration 11
server: | Checking abstraction...
server: |  |  PrecisionSize: 19
server: |  |  Starting ARG: 4 nodes, 1 incomplete, 0 unsafe
server: |  |  (StopCriterion FirstCex)...
server: |  |  Building ARG...
server: |  |  Finished ARG: 45 nodes, 3 incomplete, 1 unsafe
server: | Checking abstraction done, result: (AbstractorResult Unsafe)
server: | Refining abstraction...
server: |  |  Trace length: 23
server: |  |  Checking trace...done, result: (ExprTraceStatus Infeasible)
server: |  |  Pruning from index 3...done
server: Refining abstraction done, result: (RefinerResult Spurious)
server: ! Precision DID change in this iteration
server: Iteration took 0s to run! 
server: ExplPreictor: Predicted 0.895s, Real 0.964s 
server:               Weight 1.0141337043553311 -> 1.0136810755665246 
server: Iteration 12
server: | Checking abstraction...
server: |  |  PrecisionSize: 21
server: |  |  Starting ARG: 4 nodes, 1 incomplete, 0 unsafe
server: |  |  (StopCriterion FirstCex)...
server: |  |  Building ARG...
server: |  |  Finished ARG: 49 nodes, 3 incomplete, 1 unsafe
server: | Checking abstraction done, result: (AbstractorResult Unsafe)
server: | Refining abstraction...
server: |  |  Trace length: 25
server: |  |  Checking trace...done, result: (ExprTraceStatus Infeasible)
server: |  |  Pruning from index 3...done
server: Refining abstraction done, result: (RefinerResult Spurious)
server: ! Precision DID change in this iteration
server: Iteration took 0s to run! 
server: ExplPreictor: Predicted 1.059s, Real 1.173s 
server:               Weight 1.0136810755665246 -> 1.0138149918035544 
server: Iteration 13
server: | Checking abstraction...
server: |  |  PrecisionSize: 23
server: |  |  Starting ARG: 4 nodes, 1 incomplete, 0 unsafe
server: |  |  (StopCriterion FirstCex)...
server: |  |  Building ARG...
server: |  |  Finished ARG: 53 nodes, 3 incomplete, 1 unsafe
server: | Checking abstraction done, result: (AbstractorResult Unsafe)
server: | Refining abstraction...
server: |  |  Trace length: 27
server: |  |  Checking trace...done, result: (ExprTraceStatus Infeasible)
server: |  |  Pruning from index 3...done
server: Refining abstraction done, result: (RefinerResult Spurious)
server: ! Precision DID change in this iteration
server: Iteration took 0s to run! 
server: ExplPreictor: Predicted 1.293s, Real 1.415s 
server:               Weight 1.0138149918035544 -> 1.0136518320194676 
server: Iteration 14
server: | Checking abstraction...
server: |  |  PrecisionSize: 25
server: |  |  Starting ARG: 4 nodes, 1 incomplete, 0 unsafe
server: |  |  (StopCriterion FirstCex)...
server: |  |  Building ARG...
server: |  |  Finished ARG: 57 nodes, 3 incomplete, 1 unsafe
server: | Checking abstraction done, result: (AbstractorResult Unsafe)
server: | Refining abstraction...
server: |  |  Trace length: 29
server: |  |  Checking trace...done, result: (ExprTraceStatus Infeasible)
server: |  |  Pruning from index 3...done
server: Refining abstraction done, result: (RefinerResult Spurious)
server: ! Precision DID change in this iteration
server: Iteration took 0s to run! 
server: ExplPreictor: Predicted 1.562s, Real 1.647s 
server:               Weight 1.0136518320194676 -> 1.012848347210621 
server: Iteration 15
server: | Checking abstraction...
server: |  |  PrecisionSize: 27
server: |  |  Starting ARG: 4 nodes, 1 incomplete, 0 unsafe
server: |  |  (StopCriterion FirstCex)...
server: |  |  Building ARG...
server: |  |  Finished ARG: 61 nodes, 3 incomplete, 1 unsafe
server: | Checking abstraction done, result: (AbstractorResult Unsafe)
server: | Refining abstraction...
server: |  |  Trace length: 31
server: |  |  Checking trace...done, result: (ExprTraceStatus Infeasible)
server: |  |  Pruning from index 3...done
server: Refining abstraction done, result: (RefinerResult Spurious)
server: ! Precision DID change in this iteration
server: Iteration took 0s to run! 
server: ExplPreictor: Predicted 1.811s, Real 1.905s 
server:               Weight 1.012848347210621 -> 1.0121208721664516 
server: Iteration 16
server: | Checking abstraction...
server: |  |  PrecisionSize: 29
server: |  |  Starting ARG: 4 nodes, 1 incomplete, 0 unsafe
server: |  |  (StopCriterion FirstCex)...
server: |  |  Building ARG...
server: |  |  Finished ARG: 65 nodes, 3 incomplete, 1 unsafe
server: | Checking abstraction done, result: (AbstractorResult Unsafe)
server: | Refining abstraction...
server: |  |  Trace length: 33
server: |  |  Checking trace...done, result: (ExprTraceStatus Infeasible)
server: |  |  Pruning from index 3...done
server: Refining abstraction done, result: (RefinerResult Spurious)
server: ! Precision DID change in this iteration
server: Iteration took 0s to run! 
server: ExplPreictor: Predicted 2.088s, Real 2.209s 
server:               Weight 1.0121208721664516 -> 1.0115836174953208 
server: Iteration 17
server: | Checking abstraction...
server: |  |  PrecisionSize: 31
server: |  |  Starting ARG: 4 nodes, 1 incomplete, 0 unsafe
server: |  |  (StopCriterion FirstCex)...
server: |  |  Building ARG...
server: |  |  Finished ARG: 69 nodes, 3 incomplete, 1 unsafe
server: | Checking abstraction done, result: (AbstractorResult Unsafe)
server: | Refining abstraction...
server: |  |  Trace length: 35
server: |  |  Checking trace...done, result: (ExprTraceStatus Infeasible)
server: |  |  Pruning from index 3...done
server: Refining abstraction done, result: (RefinerResult Spurious)
server: ! Precision DID change in this iteration
server: Iteration took 0s to run! 
server: ExplPreictor: Predicted 2.415s, Real 2.543s 
server:               Weight 1.0115836174953208 -> 1.0110407215240358 
server: Iteration 18
server: | Checking abstraction...
server: |  |  PrecisionSize: 33
server: |  |  Starting ARG: 4 nodes, 1 incomplete, 0 unsafe
server: |  |  (StopCriterion FirstCex)...
server: |  |  Building ARG...
server: |  |  Finished ARG: 73 nodes, 3 incomplete, 1 unsafe
server: | Checking abstraction done, result: (AbstractorResult Unsafe)
server: | Refining abstraction...
server: |  |  Trace length: 37
server: |  |  Checking trace...done, result: (ExprTraceStatus Infeasible)
server: |  |  Pruning from index 3...done
server: Refining abstraction done, result: (RefinerResult Spurious)
server: ! Precision DID change in this iteration
server: Iteration took 0s to run! 
server: ExplPreictor: Predicted 2.773s, Real 2.882s 
server:               Weight 1.0110407215240358 -> 1.010388240148109 
server: Iteration 19
server: | Checking abstraction...
server: |  |  PrecisionSize: 35
server: |  |  Starting ARG: 4 nodes, 1 incomplete, 0 unsafe
server: |  |  (StopCriterion FirstCex)...
server: |  |  Building ARG...
server: |  |  Finished ARG: 77 nodes, 3 incomplete, 1 unsafe
server: | Checking abstraction done, result: (AbstractorResult Unsafe)
server: | Refining abstraction...
server: |  |  Trace length: 39
server: |  |  Checking trace...done, result: (ExprTraceStatus Infeasible)
server: |  |  Pruning from index 3...done
server: Refining abstraction done, result: (RefinerResult Spurious)
server: ! Precision DID change in this iteration
server: Iteration took 0s to run! 
server: ExplPreictor: Predicted 3.131s, Real 3.271s 
server:               Weight 1.010388240148109 -> 1.0098849401002459 
server: Iteration 20
server: | Checking abstraction...
server: |  |  PrecisionSize: 37
server: |  |  Starting ARG: 4 nodes, 1 incomplete, 0 unsafe
server: |  |  (StopCriterion FirstCex)...
server: |  |  Building ARG...
server: |  |  Finished ARG: 81 nodes, 3 incomplete, 1 unsafe
server: | Checking abstraction done, result: (AbstractorResult Unsafe)
server: | Refining abstraction...
server: |  |  Trace length: 41
server: |  |  Checking trace...done, result: (ExprTraceStatus Infeasible)
server: |  |  Pruning from index 3...done
server: Refining abstraction done, result: (RefinerResult Spurious)
server: ! Precision DID change in this iteration
server: Iteration took 0s to run! 
server: ExplPreictor: Predicted 3.543s, Real 3.691s 
server:               Weight 1.0098849401002459 -> 1.0094023942074244 
server: Iteration 21
server: | Checking abstraction...
server: |  |  PrecisionSize: 39
server: |  |  Starting ARG: 4 nodes, 1 incomplete, 0 unsafe
server: |  |  (StopCriterion FirstCex)...
server: |  |  Building ARG...
server: |  |  Finished ARG: 85 nodes, 3 incomplete, 1 unsafe
server: | Checking abstraction done, result: (AbstractorResult Unsafe)
server: | Refining abstraction...
server: |  |  Trace length: 43
server: |  |  Checking trace...done, result: (ExprTraceStatus Infeasible)
server: |  |  Pruning from index 3...done
server: Refining abstraction done, result: (RefinerResult Spurious)
server: ! Precision DID change in this iteration
server: Iteration took 0s to run! 
server: ExplPreictor: Predicted 3.987s, Real 4.167s 
server:               Weight 1.0094023942074244 -> 1.0090116030257472 
server: Iteration 22
server: | Checking abstraction...
server: |  |  PrecisionSize: 41
server: |  |  Starting ARG: 4 nodes, 1 incomplete, 0 unsafe
server: |  |  (StopCriterion FirstCex)...
server: |  |  Building ARG...
server: |  |  Finished ARG: 89 nodes, 3 incomplete, 1 unsafe
server: | Checking abstraction done, result: (AbstractorResult Unsafe)
server: | Refining abstraction...
server: |  |  Trace length: 45
server: |  |  Checking trace...done, result: (ExprTraceStatus Infeasible)
server: |  |  Pruning from index 3...done
server: Refining abstraction done, result: (RefinerResult Spurious)
server: ! Precision DID change in this iteration
server: Iteration took 0s to run! 
server: ExplPreictor: Predicted 4.492s, Real 4.686s 
server:               Weight 1.0090116030257472 -> 1.008641118273926 
server: Iteration 23
server: | Checking abstraction...
server: |  |  PrecisionSize: 43
server: |  |  Starting ARG: 4 nodes, 1 incomplete, 0 unsafe
server: |  |  (StopCriterion FirstCex)...
server: |  |  Building ARG...
server: |  |  Finished ARG: 93 nodes, 3 incomplete, 1 unsafe
server: | Checking abstraction done, result: (AbstractorResult Unsafe)
server: | Refining abstraction...
server: |  |  Trace length: 47
server: |  |  Checking trace...done, result: (ExprTraceStatus Infeasible)
server: |  |  Pruning from index 3...done
server: Refining abstraction done, result: (RefinerResult Spurious)
server: ! Precision DID change in this iteration
server: Iteration took 0s to run! 
server: ExplPreictor: Predicted 5.041s, Real 5.298s 
server:               Weight 1.008641118273926 -> 1.0083868008234882 
server: Iteration 24
server: | Checking abstraction...
server: |  |  PrecisionSize: 45
server: |  |  Starting ARG: 4 nodes, 1 incomplete, 0 unsafe
server: |  |  (StopCriterion FirstCex)...
server: |  |  Building ARG...
server: |  |  Finished ARG: 97 nodes, 3 incomplete, 1 unsafe
server: | Checking abstraction done, result: (AbstractorResult Unsafe)
server: | Refining abstraction...
server: |  |  Trace length: 49
server: |  |  Checking trace...done, result: (ExprTraceStatus Infeasible)
server: |  |  Pruning from index 3...done
server: Refining abstraction done, result: (RefinerResult Spurious)
server: ! Precision DID change in this iteration
server: Iteration took 0s to run! 
server: ExplPreictor: Predicted 5.693s, Real 5.977s 
server:               Weight 1.0083868008234882 -> 1.008142961566364 
server: Iteration 25
server: | Checking abstraction...
server: |  |  PrecisionSize: 47
server: |  |  Starting ARG: 4 nodes, 1 incomplete, 0 unsafe
server: |  |  (StopCriterion FirstCex)...
server: |  |  Building ARG...
server: |  |  Finished ARG: 101 nodes, 3 incomplete, 1 unsafe
server: | Checking abstraction done, result: (AbstractorResult Unsafe)
server: | Refining abstraction...
server: |  |  Trace length: 51
server: |  |  Checking trace...done, result: (ExprTraceStatus Infeasible)
server: |  |  Pruning from index 3...done
server: Refining abstraction done, result: (RefinerResult Spurious)
server: ! Precision DID change in this iteration
server: Iteration took 0s to run! 
server: ExplPreictor: Predicted 6.416s, Real 6.687s 
server:               Weight 1.008142961566364 -> 1.0078475673879874 
server: Iteration 26
server: | Checking abstraction...
server: |  |  PrecisionSize: 49
server: |  |  Starting ARG: 4 nodes, 1 incomplete, 0 unsafe
server: |  |  (StopCriterion FirstCex)...
server: |  |  Building ARG...
server: |  |  Finished ARG: 105 nodes, 3 incomplete, 1 unsafe
server: | Checking abstraction done, result: (AbstractorResult Unsafe)
server: | Refining abstraction...
server: |  |  Trace length: 53
server: |  |  Checking trace...done, result: (ExprTraceStatus Infeasible)
server: |  |  Pruning from index 3...done
server: Refining abstraction done, result: (RefinerResult Spurious)
server: ! Precision DID change in this iteration
server: Iteration took 0s to run! 
server: ExplPreictor: Predicted 7.166s, Real 7.454s 
server:               Weight 1.0078475673879874 -> 1.0075599350145237 
server: Iteration 27
server: | Checking abstraction...
server: |  |  PrecisionSize: 51
server: |  |  Starting ARG: 4 nodes, 1 incomplete, 0 unsafe
server: |  |  (StopCriterion FirstCex)...
server: |  |  Building ARG...
server: |  |  Finished ARG: 109 nodes, 3 incomplete, 1 unsafe
server: | Checking abstraction done, result: (AbstractorResult Unsafe)
server: | Refining abstraction...
server: |  |  Trace length: 55
server: |  |  Checking trace...done, result: (ExprTraceStatus Infeasible)
server: |  |  Pruning from index 3...done
server: Refining abstraction done, result: (RefinerResult Spurious)
server: ! Precision DID change in this iteration
server: Iteration took 0s to run! 
server: ExplPreictor: Predicted 7.974s, Real 8.334s 
server:               Weight 1.0075599350145237 -> 1.0073413464698404 
server: Iteration 28
server: | Checking abstraction...
server: |  |  PrecisionSize: 53
server: |  |  Starting ARG: 4 nodes, 1 incomplete, 0 unsafe
server: |  |  (StopCriterion FirstCex)...
server: |  |  Building ARG...
server: |  |  Finished ARG: 113 nodes, 3 incomplete, 1 unsafe
server: | Checking abstraction done, result: (AbstractorResult Unsafe)
server: | Refining abstraction...
server: |  |  Trace length: 57
server: |  |  Checking trace...done, result: (ExprTraceStatus Infeasible)
server: |  |  Pruning from index 3...done
server: Refining abstraction done, result: (RefinerResult Spurious)
server: ! Precision DID change in this iteration
server: Iteration took 0s to run! 
server: ExplPreictor: Predicted 8.905s, Real 9.269s 
server:               Weight 1.0073413464698404 -> 1.0071029804641858 
server: Iteration 29
server: | Checking abstraction...
server: |  |  PrecisionSize: 55
server: |  |  Starting ARG: 4 nodes, 1 incomplete, 0 unsafe
server: |  |  (StopCriterion FirstCex)...
server: |  |  Building ARG...
server: |  |  Finished ARG: 117 nodes, 3 incomplete, 1 unsafe
server: | Checking abstraction done, result: (AbstractorResult Unsafe)
server: | Refining abstraction...
server: |  |  Trace length: 59
server: |  |  Checking trace...done, result: (ExprTraceStatus Infeasible)
server: |  |  Pruning from index 3...done
server: Refining abstraction done, result: (RefinerResult Spurious)
server: ! Precision DID change in this iteration
server: Iteration took 0s to run! 
server: ExplPreictor: Predicted 9.890s, Real 10.252s 
server:               Weight 1.0071029804641858 -> 1.0068483128103332 
server: Iteration 30
server: | Checking abstraction...
server: |  |  PrecisionSize: 57
server: |  |  Starting ARG: 4 nodes, 1 incomplete, 0 unsafe
server: |  |  (StopCriterion FirstCex)...
server: |  |  Building ARG...
server: |  |  Finished ARG: 121 nodes, 3 incomplete, 1 unsafe
server: | Checking abstraction done, result: (AbstractorResult Unsafe)
server: | Refining abstraction...
server: |  |  Trace length: 61
server: |  |  Checking trace...done, result: (ExprTraceStatus Infeasible)
server: |  |  Pruning from index 3...done
server: Refining abstraction done, result: (RefinerResult Spurious)
server: ! Precision DID change in this iteration
server: Iteration took 1s to run! 
server: ExplPreictor: Predicted 10.921s, Real 11.326s 
server:               Weight 1.0068483128103332 -> 1.0066190153425882 
server: Iteration 31
server: | Checking abstraction...
server: |  |  PrecisionSize: 59
server: |  |  Starting ARG: 4 nodes, 1 incomplete, 0 unsafe
server: |  |  (StopCriterion FirstCex)...
server: |  |  Building ARG...
server: |  |  Finished ARG: 125 nodes, 3 incomplete, 1 unsafe
server: | Checking abstraction done, result: (AbstractorResult Unsafe)
server: | Refining abstraction...
server: |  |  Trace length: 63
server: |  |  Checking trace...done, result: (ExprTraceStatus Infeasible)
server: |  |  Pruning from index 3...done
server: Refining abstraction done, result: (RefinerResult Spurious)
server: ! Precision DID change in this iteration
server: Iteration took 1s to run! 
server: ExplPreictor: Predicted 12.048s, Real 12.523s 
server:               Weight 1.0066190153425882 -> 1.0064270068597307 
server: Iteration 32
server: | Checking abstraction...
server: |  |  PrecisionSize: 61
server: |  |  Starting ARG: 4 nodes, 1 incomplete, 0 unsafe
server: |  |  (StopCriterion FirstCex)...
server: |  |  Building ARG...
server: |  |  Finished ARG: 129 nodes, 3 incomplete, 1 unsafe
server: | Checking abstraction done, result: (AbstractorResult Unsafe)
server: | Refining abstraction...
server: |  |  Trace length: 65
server: |  |  Checking trace...done, result: (ExprTraceStatus Infeasible)
server: |  |  Pruning from index 3...done
server: Refining abstraction done, result: (RefinerResult Spurious)
server: ! Precision DID change in this iteration
server: Iteration took 1s to run! 
server: ExplPreictor: Predicted 13.306s, Real 13.767s 
server:               Weight 1.0064270068597307 -> 1.0062127539917467 
server: Iteration 33
server: | Checking abstraction...
server: |  |  PrecisionSize: 63
server: |  |  Starting ARG: 4 nodes, 1 incomplete, 0 unsafe
server: |  |  (StopCriterion FirstCex)...
server: |  |  Building ARG...
server: |  |  Finished ARG: 133 nodes, 3 incomplete, 1 unsafe
server: | Checking abstraction done, result: (AbstractorResult Unsafe)
server: | Refining abstraction...
server: |  |  Trace length: 67
server: |  |  Checking trace...done, result: (ExprTraceStatus Infeasible)
server: |  |  Pruning from index 3...done
server: Refining abstraction done, result: (RefinerResult Spurious)
server: ! Precision DID change in this iteration
server: Iteration took 1s to run! 
server: ExplPreictor: Predicted 14.607s, Real 15.158s 
server:               Weight 1.0062127539917467 -> 1.0060384211461484 
server: Iteration 34
server: | Checking abstraction...
server: |  |  PrecisionSize: 65
server: |  |  Starting ARG: 4 nodes, 1 incomplete, 0 unsafe
server: |  |  (StopCriterion FirstCex)...
server: |  |  Building ARG...
server: |  |  Finished ARG: 137 nodes, 3 incomplete, 1 unsafe
server: | Checking abstraction done, result: (AbstractorResult Unsafe)
server: | Refining abstraction...
server: |  |  Trace length: 69
server: |  |  Checking trace...done, result: (ExprTraceStatus Infeasible)
server: |  |  Pruning from index 3...done
server: Refining abstraction done, result: (RefinerResult Spurious)
server: ! Precision DID change in this iteration
server: Iteration took 1s to run! 
server: ExplPreictor: Predicted 16.065s, Real 16.643s 
server:               Weight 1.0060384211461484 -> 1.00586377911043 
server: Iteration 35
server: | Checking abstraction...
server: |  |  PrecisionSize: 67
server: |  |  Starting ARG: 4 nodes, 1 incomplete, 0 unsafe
server: |  |  (StopCriterion FirstCex)...
server: |  |  Building ARG...
server: |  |  Finished ARG: 141 nodes, 3 incomplete, 1 unsafe
server: | Checking abstraction done, result: (AbstractorResult Unsafe)
server: | Refining abstraction...
server: |  |  Trace length: 71
server: |  |  Checking trace...done, result: (ExprTraceStatus Infeasible)
server: |  |  Pruning from index 3...done
server: Refining abstraction done, result: (RefinerResult Spurious)
server: ! Precision DID change in this iteration
server: Iteration took 1s to run! 
server: ExplPreictor: Predicted 17.619s, Real 18.253s 
server:               Weight 1.00586377911043 -> 1.0057019006879664 
server: Iteration 36
server: | Checking abstraction...
server: |  |  PrecisionSize: 69
server: |  |  Starting ARG: 4 nodes, 1 incomplete, 0 unsafe
server: |  |  (StopCriterion FirstCex)...
server: |  |  Building ARG...
server: |  |  Finished ARG: 145 nodes, 3 incomplete, 1 unsafe
server: | Checking abstraction done, result: (AbstractorResult Unsafe)
server: | Refining abstraction...
server: |  |  Trace length: 73
server: |  |  Checking trace...done, result: (ExprTraceStatus Infeasible)
server: |  |  Pruning from index 3...done
server: Refining abstraction done, result: (RefinerResult Spurious)
server: ! Precision DID change in this iteration
server: Iteration took 1s to run! 
server: ExplPreictor: Predicted 19.303s, Real 19.947s 
server:               Weight 1.0057019006879664 -> 1.0055331275351842 
server: Iteration 37
server: | Checking abstraction...
server: |  |  PrecisionSize: 71
server: |  |  Starting ARG: 4 nodes, 1 incomplete, 0 unsafe
server: |  |  (StopCriterion FirstCex)...
server: |  |  Building ARG...
server: |  |  Finished ARG: 149 nodes, 3 incomplete, 1 unsafe
server: | Checking abstraction done, result: (AbstractorResult Unsafe)
server: | Refining abstraction...
server: |  |  Trace length: 75
server: |  |  Checking trace...done, result: (ExprTraceStatus Infeasible)
server: |  |  Pruning from index 3...done
server: Refining abstraction done, result: (RefinerResult Spurious)
server: ! Precision DID change in this iteration
server: Iteration took 1s to run! 
server: ExplPreictor: Predicted 21.070s, Real 21.775s 
server:               Weight 1.0055331275351842 -> 1.0053771748817861 
server: Iteration 38
server: | Checking abstraction...
server: |  |  PrecisionSize: 73
server: |  |  Starting ARG: 4 nodes, 1 incomplete, 0 unsafe
server: |  |  (StopCriterion FirstCex)...
server: |  |  Building ARG...
server: |  |  Finished ARG: 153 nodes, 3 incomplete, 1 unsafe
server: | Checking abstraction done, result: (AbstractorResult Unsafe)
server: | Refining abstraction...
server: |  |  Trace length: 77
server: |  |  Checking trace...done, result: (ExprTraceStatus Infeasible)
server: |  |  Pruning from index 3...done
server: Refining abstraction done, result: (RefinerResult Spurious)
server: ! Precision DID change in this iteration
server: Iteration took 2s to run! 
server: ExplPreictor: Predicted 22.977s, Real 23.802s 
server:               Weight 1.0053771748817861 -> 1.005248575148606 
server: Iteration 39
server: | Checking abstraction...
server: |  |  PrecisionSize: 75
server: |  |  Starting ARG: 4 nodes, 1 incomplete, 0 unsafe
server: |  |  (StopCriterion FirstCex)...
server: |  |  Building ARG...
server: |  |  Finished ARG: 157 nodes, 3 incomplete, 1 unsafe
server: | Checking abstraction done, result: (AbstractorResult Unsafe)
server: | Refining abstraction...
server: |  |  Trace length: 79
server: |  |  Checking trace...done, result: (ExprTraceStatus Infeasible)
server: |  |  Pruning from index 3...done
server: Refining abstraction done, result: (RefinerResult Spurious)
server: ! Precision DID change in this iteration
server: Iteration took 2s to run! 
server: ExplPreictor: Predicted 25.095s, Real 25.905s 
server:               Weight 1.005248575148606 -> 1.005104514098854 
server: Iteration 40
server: | Checking abstraction...
server: |  |  PrecisionSize: 77
server: |  |  Starting ARG: 4 nodes, 1 incomplete, 0 unsafe
server: |  |  (StopCriterion FirstCex)...
server: |  |  Building ARG...
server: |  |  Finished ARG: 161 nodes, 3 incomplete, 1 unsafe
server: | Checking abstraction done, result: (AbstractorResult Unsafe)
server: | Refining abstraction...
server: |  |  Trace length: 81
server: |  |  Checking trace...done, result: (ExprTraceStatus Infeasible)
server: |  |  Pruning from index 3...done
server: Refining abstraction done, result: (RefinerResult Spurious)
server: ! Precision DID change in this iteration
server: Iteration took 2s to run! 
server: ExplPreictor: Predicted 27.284s, Real 28.127s 
server:               Weight 1.005104514098854 -> 1.0049612904386684 
server: Iteration 41
server: | Checking abstraction...
server: |  |  PrecisionSize: 79
server: |  |  Starting ARG: 4 nodes, 1 incomplete, 0 unsafe
server: |  |  (StopCriterion FirstCex)...
server: |  |  Building ARG...
server: |  |  Finished ARG: 165 nodes, 3 incomplete, 1 unsafe
server: | Checking abstraction done, result: (AbstractorResult Unsafe)
server: | Refining abstraction...
server: |  |  Trace length: 83
server: |  |  Checking trace...done, result: (ExprTraceStatus Infeasible)
server: |  |  Pruning from index 3...done
server: Refining abstraction done, result: (RefinerResult Spurious)
server: ! Precision DID change in this iteration
server: Iteration took 2s to run! 
server: ExplPreictor: Predicted 29.594s, Real 30.504s 
server:               Weight 1.0049612904386684 -> 1.0048270008829951 
server: Iteration 42
server: | Checking abstraction...
server: |  |  PrecisionSize: 81
server: |  |  Starting ARG: 4 nodes, 1 incomplete, 0 unsafe
server: |  |  (StopCriterion FirstCex)...
server: |  |  Building ARG...
server: |  |  Finished ARG: 169 nodes, 3 incomplete, 1 unsafe
server: | Checking abstraction done, result: (AbstractorResult Unsafe)
server: | Refining abstraction...
server: |  |  Trace length: 85
server: |  |  Checking trace...done, result: (ExprTraceStatus Infeasible)
server: |  |  Pruning from index 3...done
server: Refining abstraction done, result: (RefinerResult Spurious)
server: ! Precision DID change in this iteration
server: Iteration took 2s to run! 
server: ExplPreictor: Predicted 32.063s, Real 33.038s 
server:               Weight 1.0048270008829951 -> 1.0046994356861843 
server: Iteration 43
server: | Checking abstraction...
server: |  |  PrecisionSize: 83
server: |  |  Starting ARG: 4 nodes, 1 incomplete, 0 unsafe
server: |  |  (StopCriterion FirstCex)...
server: |  |  Building ARG...
server: |  |  Finished ARG: 173 nodes, 3 incomplete, 1 unsafe
server: | Checking abstraction done, result: (AbstractorResult Unsafe)
server: | Refining abstraction...
server: |  |  Trace length: 87
server: |  |  Checking trace...done, result: (ExprTraceStatus Infeasible)
server: |  |  Pruning from index 3...done
server: Refining abstraction done, result: (RefinerResult Spurious)
server: ! Precision DID change in this iteration
server: Iteration took 2s to run! 
server: ExplPreictor: Predicted 34.694s, Real 35.723s 
server:               Weight 1.0046994356861843 -> 1.0045756888182642 
server: Iteration 44
server: | Checking abstraction...
server: |  |  PrecisionSize: 85
server: |  |  Starting ARG: 4 nodes, 1 incomplete, 0 unsafe
server: |  |  (StopCriterion FirstCex)...
server: |  |  Building ARG...
server: |  |  Finished ARG: 177 nodes, 3 incomplete, 1 unsafe
server: | Checking abstraction done, result: (AbstractorResult Unsafe)
server: | Refining abstraction...
server: |  |  Trace length: 89
server: |  |  Checking trace...done, result: (ExprTraceStatus Infeasible)
server: |  |  Pruning from index 3...done
server: Refining abstraction done, result: (RefinerResult Spurious)
server: ! Precision DID change in this iteration
server: Iteration took 2s to run! 
server: ExplPreictor: Predicted 37.478s, Real 38.710s 
server:               Weight 1.0045756888182642 -> 1.0044788470093557 
server: Iteration 45
server: | Checking abstraction...
server: |  |  PrecisionSize: 87
server: |  |  Starting ARG: 4 nodes, 1 incomplete, 0 unsafe
server: |  |  (StopCriterion FirstCex)...
server: |  |  Building ARG...
server: |  |  Finished ARG: 181 nodes, 3 incomplete, 1 unsafe
server: | Checking abstraction done, result: (AbstractorResult Unsafe)
server: | Refining abstraction...
server: |  |  Trace length: 91
server: |  |  Checking trace...done, result: (ExprTraceStatus Infeasible)
server: |  |  Pruning from index 3...done
server: Refining abstraction done, result: (RefinerResult Spurious)
server: ! Precision DID change in this iteration
server: Iteration took 3s to run! 
server: ExplPreictor: Predicted 40.586s, Real 41.801s 
server:               Weight 1.0044788470093557 -> 1.0043707028001299 
server: Iteration 46
server: | Checking abstraction...
server: |  |  PrecisionSize: 89
server: |  |  Starting ARG: 4 nodes, 1 incomplete, 0 unsafe
server: |  |  (StopCriterion FirstCex)...
server: |  |  Building ARG...
server: |  |  Finished ARG: 185 nodes, 3 incomplete, 1 unsafe
server: | Checking abstraction done, result: (AbstractorResult Unsafe)
server: | Refining abstraction...
server: |  |  Trace length: 93
server: |  |  Checking trace...done, result: (ExprTraceStatus Infeasible)
server: |  |  Pruning from index 3...done
server: Refining abstraction done, result: (RefinerResult Spurious)
server: ! Precision DID change in this iteration
server: Iteration took 3s to run! 
server: ExplPreictor: Predicted 43.791s, Real 45.081s 
server:               Weight 1.0043707028001299 -> 1.004266407135935 
server: Iteration 47
server: | Checking abstraction...
server: |  |  PrecisionSize: 91
server: |  |  Starting ARG: 4 nodes, 1 incomplete, 0 unsafe
server: |  |  (StopCriterion FirstCex)...
server: |  |  Building ARG...
server: |  |  Finished ARG: 189 nodes, 3 incomplete, 1 unsafe
server: | Checking abstraction done, result: (AbstractorResult Unsafe)
server: | Refining abstraction...
server: |  |  Trace length: 95
server: |  |  Checking trace...done, result: (ExprTraceStatus Infeasible)
server: |  |  Pruning from index 3...done
server: Refining abstraction done, result: (RefinerResult Spurious)
server: ! Precision DID change in this iteration
server: Iteration took 3s to run! 
server: ExplPreictor: Predicted 47.190s, Real 48.536s 
server:               Weight 1.004266407135935 -> 1.004163184695937 
server: Iteration 48
server: | Checking abstraction...
server: |  |  PrecisionSize: 93
server: |  |  Starting ARG: 4 nodes, 1 incomplete, 0 unsafe
server: |  |  (StopCriterion FirstCex)...
server: |  |  Building ARG...
server: |  |  Finished ARG: 193 nodes, 3 incomplete, 1 unsafe
server: | Checking abstraction done, result: (AbstractorResult Unsafe)
server: | Refining abstraction...
server: |  |  Trace length: 97
server: |  |  Checking trace...done, result: (ExprTraceStatus Infeasible)
server: |  |  Pruning from index 3...done
server: Refining abstraction done, result: (RefinerResult Spurious)
server: ! Precision DID change in this iteration
server: Iteration took 3s to run! 
server: ExplPreictor: Predicted 50.766s, Real 52.312s 
server:               Weight 1.004163184695937 -> 1.0040769303023234 
server: Iteration 49
server: | Checking abstraction...
server: |  |  PrecisionSize: 95
server: |  |  Starting ARG: 4 nodes, 1 incomplete, 0 unsafe
server: |  |  (StopCriterion FirstCex)...
server: |  |  Building ARG...
server: |  |  Finished ARG: 197 nodes, 3 incomplete, 1 unsafe
server: | Checking abstraction done, result: (AbstractorResult Unsafe)
server: | Refining abstraction...
server: |  |  Trace length: 99
server: |  |  Checking trace...done, result: (ExprTraceStatus Infeasible)
server: |  |  Pruning from index 3...done
server: Refining abstraction done, result: (RefinerResult Spurious)
server: ! Precision DID change in this iteration
server: Iteration took 3s to run! 
server: ExplPreictor: Predicted 54.681s, Real 56.250s 
server:               Weight 1.0040769303023234 -> 1.0039859267305364 
server: Iteration 50
server: | Checking abstraction...
server: |  |  PrecisionSize: 97
server: |  |  Starting ARG: 4 nodes, 1 incomplete, 0 unsafe
server: |  |  (StopCriterion FirstCex)...
server: |  |  Building ARG...
server: |  |  Finished ARG: 201 nodes, 3 incomplete, 1 unsafe
server: | Checking abstraction done, result: (AbstractorResult Unsafe)
server: | Refining abstraction...
server: |  |  Trace length: 101
server: |  |  Checking trace...done, result: (ExprTraceStatus Infeasible)
server: |  |  Pruning from index 3...done
server: Refining abstraction done, result: (RefinerResult Spurious)
server: ! Precision DID change in this iteration
server: Iteration took 4s to run! 
server: ExplPreictor: Predicted 58.757s, Real 60.342s 
server:               Weight 1.0039859267305364 -> 1.0038910360580346 
server: Iteration 51
server: | Checking abstraction...
server: |  |  PrecisionSize: 99
server: |  |  Starting ARG: 4 nodes, 1 incomplete, 0 unsafe
server: |  |  (StopCriterion FirstCex)...
server: |  |  Building ARG...
server: |  |  Finished ARG: 205 nodes, 3 incomplete, 1 unsafe
server: | Checking abstraction done, result: (AbstractorResult Unsafe)
server: | Refining abstraction...
server: |  |  Trace length: 103
server: |  |  Checking trace...done, result: (ExprTraceStatus Infeasible)
server: |  |  Pruning from index 3...done
server: Refining abstraction done, result: (RefinerResult Spurious)
server: ! Precision DID change in this iteration
server: Iteration took 4s to run! 
server: ExplPreictor: Predicted 62.983s, Real 64.567s 
server:               Weight 1.0038910360580346 -> 1.0037920479060245 
server: Iteration 52
server: | Checking abstraction...
server: |  |  PrecisionSize: 101
server: |  |  Starting ARG: 4 nodes, 1 incomplete, 0 unsafe
server: |  |  (StopCriterion FirstCex)...
server: |  |  Building ARG...
server: |  |  Finished ARG: 209 nodes, 3 incomplete, 1 unsafe
server: | Checking abstraction done, result: (AbstractorResult Unsafe)
server: | Refining abstraction...
server: |  |  Trace length: 105
server: |  |  Checking trace...done, result: (ExprTraceStatus Infeasible)
server: |  |  Pruning from index 3...done
server: Refining abstraction done, result: (RefinerResult Spurious)
server: ! Precision DID change in this iteration
server: Iteration took 4s to run! 
server: ExplPreictor: Predicted 67.336s, Real 69.245s 
server:               Weight 1.0037920479060245 -> 1.0037157074186953 
server: Iteration 53
server: | Checking abstraction...
server: |  |  PrecisionSize: 103
server: |  |  Starting ARG: 4 nodes, 1 incomplete, 0 unsafe
server: |  |  (StopCriterion FirstCex)...
server: |  |  Building ARG...
server: |  |  Finished ARG: 213 nodes, 3 incomplete, 1 unsafe
server: | Checking abstraction done, result: (AbstractorResult Unsafe)
server: | Refining abstraction...
server: |  |  Trace length: 107
server: |  |  Checking trace...done, result: (ExprTraceStatus Infeasible)
server: |  |  Pruning from index 3...done
server: Refining abstraction done, result: (RefinerResult Spurious)
server: ! Precision DID change in this iteration
server: Iteration took 4s to run! 
server: ExplPreictor: Predicted 72.173s, Real 74.058s 
server:               Weight 1.0037157074186953 -> 1.0036320973736526 
server: Iteration 54
server: | Checking abstraction...
server: |  |  PrecisionSize: 105
server: |  |  Starting ARG: 4 nodes, 1 incomplete, 0 unsafe
server: |  |  (StopCriterion FirstCex)...
server: |  |  Building ARG...
server: |  |  Finished ARG: 217 nodes, 3 incomplete, 1 unsafe
server: | Checking abstraction done, result: (AbstractorResult Unsafe)
server: | Refining abstraction...
server: |  |  Trace length: 109
server: |  |  Checking trace...done, result: (ExprTraceStatus Infeasible)
server: |  |  Pruning from index 3...done
server: Refining abstraction done, result: (RefinerResult Spurious)
server: ! Precision DID change in this iteration
server: Iteration took 5s to run! 
server: ExplPreictor: Predicted 77.136s, Real 79.215s 
server:               Weight 1.0036320973736526 -> 1.0035574797061613 
server: Iteration 55
server: | Checking abstraction...
server: |  |  PrecisionSize: 107
server: |  |  Starting ARG: 4 nodes, 1 incomplete, 0 unsafe
server: |  |  (StopCriterion FirstCex)...
server: |  |  Building ARG...
server: |  |  Finished ARG: 221 nodes, 3 incomplete, 1 unsafe
server: | Checking abstraction done, result: (AbstractorResult Unsafe)
server: | Refining abstraction...
server: |  |  Trace length: 111
server: |  |  Checking trace...done, result: (ExprTraceStatus Infeasible)
server: |  |  Pruning from index 3...done
server: Refining abstraction done, result: (RefinerResult Spurious)
server: ! Precision DID change in this iteration
server: Iteration took 5s to run! 
server: ExplPreictor: Predicted 82.458s, Real 84.741s 
server:               Weight 1.0035574797061613 -> 1.0034906408873414 
server: Iteration 56
server: | Checking abstraction...
server: |  |  PrecisionSize: 109
server: |  |  Starting ARG: 4 nodes, 1 incomplete, 0 unsafe
server: |  |  (StopCriterion FirstCex)...
server: |  |  Building ARG...
server: |  |  Finished ARG: 225 nodes, 3 incomplete, 1 unsafe
server: | Checking abstraction done, result: (AbstractorResult Unsafe)
server: | Refining abstraction...
server: |  |  Trace length: 113
server: |  |  Checking trace...done, result: (ExprTraceStatus Infeasible)
server: |  |  Pruning from index 3...done
server: Refining abstraction done, result: (RefinerResult Spurious)
server: ! Precision DID change in this iteration
server: Iteration took 5s to run! 
server: ExplPreictor: Predicted 88.165s, Real 90.547s 
server:               Weight 1.0034906408873414 -> 1.0034240390740918 
server: Iteration 57
server: | Checking abstraction...
server: |  |  PrecisionSize: 111
server: |  |  Starting ARG: 4 nodes, 1 incomplete, 0 unsafe
server: |  |  (StopCriterion FirstCex)...
server: |  |  Building ARG...
server: |  |  Finished ARG: 229 nodes, 3 incomplete, 1 unsafe
server: | Checking abstraction done, result: (AbstractorResult Unsafe)
server: | Refining abstraction...
server: |  |  Trace length: 115
server: |  |  Checking trace...done, result: (ExprTraceStatus Infeasible)
server: |  |  Pruning from index 3...done
server: Refining abstraction done, result: (RefinerResult Spurious)
server: ! Precision DID change in this iteration
server: Iteration took 6s to run! 
server: ExplPreictor: Predicted 94.156s, Real 96.610s 
server:               Weight 1.0034240390740918 -> 1.0033562965129823 
server: Iteration 58
server: | Checking abstraction...
server: |  |  PrecisionSize: 113
server: |  |  Starting ARG: 4 nodes, 1 incomplete, 0 unsafe
server: |  |  (StopCriterion FirstCex)...
server: |  |  Building ARG...
server: |  |  Finished ARG: 233 nodes, 3 incomplete, 1 unsafe
server: | Checking abstraction done, result: (AbstractorResult Unsafe)
server: | Refining abstraction...
server: |  |  Trace length: 117
server: |  |  Checking trace...done, result: (ExprTraceStatus Infeasible)
server: |  |  Pruning from index 3...done
server: Refining abstraction done, result: (RefinerResult Spurious)
server: ! Precision DID change in this iteration
server: Iteration took 6s to run! 
server: ExplPreictor: Predicted 100.405s, Real 103.112s 
server:               Weight 1.0033562965129823 -> 1.0032965180743652 
server: Iteration 59
server: | Checking abstraction...
server: |  |  PrecisionSize: 115
server: |  |  Starting ARG: 4 nodes, 1 incomplete, 0 unsafe
server: |  |  (StopCriterion FirstCex)...
server: |  |  Building ARG...
server: |  |  Finished ARG: 237 nodes, 3 incomplete, 1 unsafe
server: | Checking abstraction done, result: (AbstractorResult Unsafe)
server: | Refining abstraction...
server: |  |  Trace length: 119
server: |  |  Checking trace...done, result: (ExprTraceStatus Infeasible)
server: |  |  Pruning from index 3...done
server: Refining abstraction done, result: (RefinerResult Spurious)
server: ! Precision DID change in this iteration
server: Iteration took 6s to run! 
server: ExplPreictor: Predicted 107.111s, Real 109.635s 
server:               Weight 1.0032965180743652 -> 1.003223501364467 
server: Iteration 60
server: | Checking abstraction...
server: |  |  PrecisionSize: 117
server: |  |  Starting ARG: 4 nodes, 1 incomplete, 0 unsafe
server: |  |  (StopCriterion FirstCex)...
server: |  |  Building ARG...
server: |  |  Finished ARG: 241 nodes, 3 incomplete, 1 unsafe
server: | Checking abstraction done, result: (AbstractorResult Unsafe)
server: | Refining abstraction...
server: |  |  Trace length: 121
server: |  |  Checking trace...done, result: (ExprTraceStatus Infeasible)
server: |  |  Pruning from index 3...done
server: Refining abstraction done, result: (RefinerResult Spurious)
server: ! Precision DID change in this iteration
server: Iteration took 6s to run! 
server: ExplPreictor: Predicted 113.814s, Real 116.399s 
server:               Weight 1.003223501364467 -> 1.00315049149203 
server: Iteration 61
server: | Checking abstraction...
server: |  |  PrecisionSize: 119
server: |  |  Starting ARG: 4 nodes, 1 incomplete, 0 unsafe
server: |  |  (StopCriterion FirstCex)...
server: |  |  Building ARG...
server: |  |  Finished ARG: 245 nodes, 3 incomplete, 1 unsafe
server: | Checking abstraction done, result: (AbstractorResult Unsafe)
server: | Refining abstraction...
server: |  |  Trace length: 123
server: |  |  Checking trace...done, result: (ExprTraceStatus Infeasible)
server: |  |  Pruning from index 3...done
server: Refining abstraction done, result: (RefinerResult Spurious)
server: ! Precision DID change in this iteration
server: Iteration took 6s to run! 
server: ExplPreictor: Predicted 120.756s, Real 123.063s 
server:               Weight 1.00315049149203 -> 1.0030645810461842 
server: Iteration 62
server: | Checking abstraction...
server: |  |  PrecisionSize: 121
server: |  |  Starting ARG: 4 nodes, 1 incomplete, 0 unsafe
server: |  |  (StopCriterion FirstCex)...
server: |  |  Building ARG...
server: |  |  Finished ARG: 249 nodes, 3 incomplete, 1 unsafe
server: | Checking abstraction done, result: (AbstractorResult Unsafe)
server: | Refining abstraction...
server: |  |  Trace length: 125
server: |  |  Checking trace...done, result: (ExprTraceStatus Infeasible)
server: |  |  Pruning from index 3...done
server: Refining abstraction done, result: (RefinerResult Spurious)
server: ! Precision DID change in this iteration
server: Iteration took 7s to run! 
server: ExplPreictor: Predicted 127.564s, Real 130.133s 
server:               Weight 1.0030645810461842 -> 1.00298846023804 
server: Iteration 63
server: | Checking abstraction...
server: |  |  PrecisionSize: 123
server: |  |  Starting ARG: 4 nodes, 1 incomplete, 0 unsafe
server: |  |  (StopCriterion FirstCex)...
server: |  |  Building ARG...
server: |  |  Finished ARG: 253 nodes, 3 incomplete, 1 unsafe
server: | Checking abstraction done, result: (AbstractorResult Unsafe)
server: | Refining abstraction...
server: |  |  Trace length: 127
server: |  |  Checking trace...done, result: (ExprTraceStatus Infeasible)
server: |  |  Pruning from index 3...done
server: Refining abstraction done, result: (RefinerResult Spurious)
server: ! Precision DID change in this iteration
server: Iteration took 7s to run! 
server: ExplPreictor: Predicted 134.794s, Real 137.191s 
server:               Weight 1.00298846023804 -> 1.0029057680335878 
server: Iteration 64
server: | Checking abstraction...
server: |  |  PrecisionSize: 125
server: |  |  Starting ARG: 4 nodes, 1 incomplete, 0 unsafe
server: |  |  (StopCriterion FirstCex)...
server: |  |  Building ARG...
server: |  |  Finished ARG: 257 nodes, 3 incomplete, 1 unsafe
server: | Checking abstraction done, result: (AbstractorResult Unsafe)
server: | Refining abstraction...
server: |  |  Trace length: 129
server: |  |  Checking trace...done, result: (ExprTraceStatus Infeasible)
server: |  |  Pruning from index 3...done
server: Refining abstraction done, result: (RefinerResult Spurious)
server: ! Precision DID change in this iteration
server: Iteration took 7s to run! 
server: ExplPreictor: Predicted 141.989s, Real 144.793s 
server:               Weight 1.0029057680335878 -> 1.002836768060142 
server: Iteration 65
server: | Checking abstraction...
server: |  |  PrecisionSize: 127
server: |  |  Starting ARG: 4 nodes, 1 incomplete, 0 unsafe
server: |  |  (StopCriterion FirstCex)...
server: |  |  Building ARG...
server: |  |  Finished ARG: 261 nodes, 3 incomplete, 1 unsafe
server: | Checking abstraction done, result: (AbstractorResult Unsafe)
server: | Refining abstraction...
server: |  |  Trace length: 131
server: |  |  Checking trace...done, result: (ExprTraceStatus Infeasible)
server: |  |  Pruning from index 3...done
server: Refining abstraction done, result: (RefinerResult Spurious)
server: ! Precision DID change in this iteration
server: Iteration took 7s to run! 
server: ExplPreictor: Predicted 149.757s, Real 152.593s 
server:               Weight 1.002836768060142 -> 1.0027679075335094 
server: Iteration 66
server: | Checking abstraction...
server: |  |  PrecisionSize: 129
server: |  |  Starting ARG: 4 nodes, 1 incomplete, 0 unsafe
server: |  |  (StopCriterion FirstCex)...
server: |  |  Building ARG...
server: |  |  Finished ARG: 265 nodes, 3 incomplete, 1 unsafe
server: | Checking abstraction done, result: (AbstractorResult Unsafe)
server: | Refining abstraction...
server: |  |  Trace length: 133
server: |  |  Checking trace...done, result: (ExprTraceStatus Infeasible)
server: |  |  Pruning from index 3...done
server: Refining abstraction done, result: (RefinerResult Spurious)
server: ! Precision DID change in this iteration
server: Iteration took 7s to run! 
server: ExplPreictor: Predicted 157.718s, Real 160.469s 
server:               Weight 1.0027679075335094 -> 1.0026961827255216 
server: Iteration 67
server: | Checking abstraction...
server: |  |  PrecisionSize: 131
server: |  |  Starting ARG: 4 nodes, 1 incomplete, 0 unsafe
server: |  |  (StopCriterion FirstCex)...
server: |  |  Building ARG...
server: |  |  Finished ARG: 269 nodes, 3 incomplete, 1 unsafe
server: | Checking abstraction done, result: (AbstractorResult Unsafe)
server: | Refining abstraction...
server: |  |  Trace length: 135
server: |  |  Checking trace...done, result: (ExprTraceStatus Infeasible)
server: |  |  Pruning from index 3...done
server: Refining abstraction done, result: (RefinerResult Spurious)
server: ! Precision DID change in this iteration
server: Iteration took 7s to run! 
server: ExplPreictor: Predicted 165.739s, Real 168.318s 
server:               Weight 1.0026961827255216 -> 1.002620148881831 
server: Iteration 68
server: | Checking abstraction...
server: |  |  PrecisionSize: 133
server: |  |  Starting ARG: 4 nodes, 1 incomplete, 0 unsafe
server: |  |  (StopCriterion FirstCex)...
server: |  |  Building ARG...
server: |  |  Finished ARG: 273 nodes, 3 incomplete, 1 unsafe
server: | Checking abstraction done, result: (AbstractorResult Unsafe)
server: | Refining abstraction...
server: |  |  Trace length: 137
server: |  |  Checking trace...done, result: (ExprTraceStatus Infeasible)
server: |  |  Pruning from index 3...done
server: Refining abstraction done, result: (RefinerResult Spurious)
server: ! Precision DID change in this iteration
server: Iteration took 8s to run! 
server: ExplPreictor: Predicted 173.710s, Real 176.387s 
server:               Weight 1.002620148881831 -> 1.0025477676899774 
server: Iteration 69
server: | Checking abstraction...
server: |  |  PrecisionSize: 135
server: |  |  Starting ARG: 4 nodes, 1 incomplete, 0 unsafe
server: |  |  (StopCriterion FirstCex)...
server: |  |  Building ARG...
server: |  |  Finished ARG: 277 nodes, 3 incomplete, 1 unsafe
server: | Checking abstraction done, result: (AbstractorResult Unsafe)
server: | Refining abstraction...
server: |  |  Trace length: 139
server: |  |  Checking trace...done, result: (ExprTraceStatus Infeasible)
server: |  |  Pruning from index 3...done
server: Refining abstraction done, result: (RefinerResult Spurious)
server: ! Precision DID change in this iteration
server: Iteration took 9s to run! 
server: ExplPreictor: Predicted 181.900s, Real 185.506s 
server:               Weight 1.0025477676899774 -> 1.0024984577684644 
server: Iteration 70
server: | Checking abstraction...
server: |  |  PrecisionSize: 137
server: |  |  Starting ARG: 4 nodes, 1 incomplete, 0 unsafe
server: |  |  (StopCriterion FirstCex)...
server: |  |  Building ARG...
server: |  |  Finished ARG: 281 nodes, 3 incomplete, 1 unsafe
server: | Checking abstraction done, result: (AbstractorResult Unsafe)
server: | Refining abstraction...
server: |  |  Trace length: 141
server: |  |  Checking trace...done, result: (ExprTraceStatus Infeasible)
server: |  |  Pruning from index 3...done
server: Refining abstraction done, result: (RefinerResult Spurious)
server: ! Precision DID change in this iteration
server: Iteration took 9s to run! 
server: ExplPreictor: Predicted 191.214s, Real 195.334s 
server:               Weight 1.0024984577684644 -> 1.0024590034578342 
server: Iteration 71
server: | Checking abstraction...
server: |  |  PrecisionSize: 139
server: |  |  Starting ARG: 4 nodes, 1 incomplete, 0 unsafe
server: |  |  (StopCriterion FirstCex)...
server: |  |  Building ARG...
server: |  |  Finished ARG: 285 nodes, 3 incomplete, 1 unsafe
server: | Checking abstraction done, result: (AbstractorResult Unsafe)
server: | Refining abstraction...
server: |  |  Trace length: 143
server: |  |  Checking trace...done, result: (ExprTraceStatus Infeasible)
server: |  |  Pruning from index 3...done
server: Refining abstraction done, result: (RefinerResult Spurious)
server: ! Precision DID change in this iteration
server: Iteration took 9s to run! 
server: ExplPreictor: Predicted 201.274s, Real 205.075s 
server:               Weight 1.0024590034578342 -> 1.0024101897166444 
server: Iteration 72
server: | Checking abstraction...
server: |  |  PrecisionSize: 141
server: |  |  Starting ARG: 4 nodes, 1 incomplete, 0 unsafe
server: |  |  (StopCriterion FirstCex)...
server: |  |  Building ARG...
server: |  |  Finished ARG: 289 nodes, 3 incomplete, 1 unsafe
server: | Checking abstraction done, result: (AbstractorResult Unsafe)
server: | Refining abstraction...
server: |  |  Trace length: 145
server: |  |  Checking trace...done, result: (ExprTraceStatus Infeasible)
server: |  |  Pruning from index 3...done
server: Refining abstraction done, result: (RefinerResult Spurious)
server: ! Precision DID change in this iteration
server: Iteration took 9s to run! 
server: ExplPreictor: Predicted 211.210s, Real 214.859s 
server:               Weight 1.0024101897166444 -> 1.0023571104572637 
server: Iteration 73
server: | Checking abstraction...
server: |  |  PrecisionSize: 143
server: |  |  Starting ARG: 4 nodes, 1 incomplete, 0 unsafe
server: |  |  (StopCriterion FirstCex)...
server: |  |  Building ARG...
server: |  |  Finished ARG: 293 nodes, 3 incomplete, 1 unsafe
server: | Checking abstraction done, result: (AbstractorResult Unsafe)
server: | Refining abstraction...
server: |  |  Trace length: 147
server: |  |  Checking trace...done, result: (ExprTraceStatus Infeasible)
server: |  |  Pruning from index 3...done
server: Refining abstraction done, result: (RefinerResult Spurious)
server: ! Precision DID change in this iteration
server: Iteration took 10s to run! 
server: ExplPreictor: Predicted 221.168s, Real 225.145s 
server:               Weight 1.0023571104572637 -> 1.0023097460485824 
server: Iteration 74
server: | Checking abstraction...
server: |  |  PrecisionSize: 145
server: |  |  Starting ARG: 4 nodes, 1 incomplete, 0 unsafe
server: |  |  (StopCriterion FirstCex)...
server: |  |  Building ARG...
server: |  |  Finished ARG: 297 nodes, 3 incomplete, 1 unsafe
server: | Checking abstraction done, result: (AbstractorResult Unsafe)
server: | Refining abstraction...
server: |  |  Trace length: 149
server: |  |  Checking trace...done, result: (ExprTraceStatus Infeasible)
server: |  |  Pruning from index 3...done
server: Refining abstraction done, result: (RefinerResult Spurious)
server: ! Precision DID change in this iteration
server: Iteration took 11s to run! 
server: ExplPreictor: Predicted 231.646s, Real 236.322s 
server:               Weight 1.0023097460485824 -> 1.002273862529137 
server: Iteration 75
server: | Checking abstraction...
server: |  |  PrecisionSize: 147
server: |  |  Starting ARG: 4 nodes, 1 incomplete, 0 unsafe
server: |  |  (StopCriterion FirstCex)...
server: |  |  Building ARG...
server: |  |  Finished ARG: 301 nodes, 3 incomplete, 1 unsafe
server: | Checking abstraction done, result: (AbstractorResult Unsafe)
server: | Refining abstraction...
server: |  |  Trace length: 151
server: |  |  Checking trace...done, result: (ExprTraceStatus Infeasible)
server: |  |  Pruning from index 3...done
server: Refining abstraction done, result: (RefinerResult Spurious)
server: ! Precision DID change in this iteration
server: Iteration took 12s to run! 
server: ExplPreictor: Predicted 243.065s, Real 248.484s 
server:               Weight 1.002273862529137 -> 1.0022482607741354 
server: Iteration 76
server: | Checking abstraction...
server: |  |  PrecisionSize: 149
server: |  |  Starting ARG: 4 nodes, 1 incomplete, 0 unsafe
server: |  |  (StopCriterion FirstCex)...
server: |  |  Building ARG...
server: |  |  Finished ARG: 305 nodes, 3 incomplete, 1 unsafe
server: | Checking abstraction done, result: (AbstractorResult Unsafe)
server: | Refining abstraction...
server: |  |  Trace length: 153
server: |  |  Checking trace...done, result: (ExprTraceStatus Infeasible)
server: |  |  Pruning from index 3...done
server: Refining abstraction done, result: (RefinerResult Spurious)
server: ! Precision DID change in this iteration
server: Iteration took 12s to run! 
server: ExplPreictor: Predicted 255.522s, Real 260.633s 
server:               Weight 1.0022482607741354 -> 1.002214439132196 
server: Iteration 77
server: | Checking abstraction...
server: |  |  PrecisionSize: 151
server: |  |  Starting ARG: 4 nodes, 1 incomplete, 0 unsafe
server: |  |  (StopCriterion FirstCex)...
server: |  |  Building ARG...
server: |  |  Finished ARG: 309 nodes, 3 incomplete, 1 unsafe
server: | Checking abstraction done, result: (AbstractorResult Unsafe)
server: | Refining abstraction...
server: |  |  Trace length: 155
server: |  |  Checking trace...done, result: (ExprTraceStatus Infeasible)
server: |  |  Pruning from index 3...done
server: Refining abstraction done, result: (RefinerResult Spurious)
server: ! Precision DID change in this iteration
server: Iteration took 13s to run! 
server: ExplPreictor: Predicted 267.931s, Real 274.026s 
server:               Weight 1.002214439132196 -> 1.002193200061602 
server: Iteration 78
server: | Checking abstraction...
server: |  |  PrecisionSize: 153
server: |  |  Starting ARG: 4 nodes, 1 incomplete, 0 unsafe
server: |  |  (StopCriterion FirstCex)...
server: |  |  Building ARG...
server: |  |  Finished ARG: 313 nodes, 3 incomplete, 1 unsafe
server: | Checking abstraction done, result: (AbstractorResult Unsafe)
server: | Refining abstraction...
server: |  |  Trace length: 157
server: |  |  Checking trace...done, result: (ExprTraceStatus Infeasible)
server: |  |  Pruning from index 3...done
server: Refining abstraction done, result: (RefinerResult Spurious)
server: ! Precision DID change in this iteration
server: Iteration took 12s to run! 
server: ExplPreictor: Predicted 281.655s, Real 286.809s 
server:               Weight 1.002193200061602 -> 1.0021550195544033 
server: Iteration 79
server: | Checking abstraction...
server: |  |  PrecisionSize: 155
server: |  |  Starting ARG: 4 nodes, 1 incomplete, 0 unsafe
server: |  |  (StopCriterion FirstCex)...
server: |  |  Building ARG...
server: |  |  Finished ARG: 317 nodes, 3 incomplete, 1 unsafe
server: | Checking abstraction done, result: (AbstractorResult Unsafe)
server: | Refining abstraction...
server: |  |  Trace length: 159
server: |  |  Checking trace...done, result: (ExprTraceStatus Infeasible)
server: |  |  Pruning from index 3...done
server: Refining abstraction done, result: (RefinerResult Spurious)
server: ! Precision DID change in this iteration
server: Iteration took 13s to run! 
server: ExplPreictor: Predicted 294.682s, Real 300.098s 
server:               Weight 1.0021550195544033 -> 1.0021189918572377 
server: Iteration 80
server: | Checking abstraction...
server: |  |  PrecisionSize: 157
server: |  |  Starting ARG: 4 nodes, 1 incomplete, 0 unsafe
server: |  |  (StopCriterion FirstCex)...
server: |  |  Building ARG...
server: |  |  Finished ARG: 321 nodes, 3 incomplete, 1 unsafe
server: | Checking abstraction done, result: (AbstractorResult Unsafe)
server: | Refining abstraction...
server: |  |  Trace length: 161
server: |  |  Checking trace...done, result: (ExprTraceStatus Infeasible)
server: |  |  Pruning from index 3...done
server: Refining abstraction done, result: (RefinerResult Spurious)
server: ! Precision DID change in this iteration
server: Iteration took 14s to run! 
server: ExplPreictor: Predicted 308.226s, Real 314.243s 
server:               Weight 1.0021189918572377 -> 1.0020891633165594 
server: Iteration 81
server: | Checking abstraction...
server: |  |  PrecisionSize: 159
server: |  |  Starting ARG: 4 nodes, 1 incomplete, 0 unsafe
server: |  |  (StopCriterion FirstCex)...
server: |  |  Building ARG...
server: |  |  Finished ARG: 325 nodes, 3 incomplete, 1 unsafe
server: | Checking abstraction done, result: (AbstractorResult Unsafe)
server: | Refining abstraction...
server: |  |  Trace length: 163
server: |  |  Checking trace...done, result: (ExprTraceStatus Infeasible)
server: |  |  Pruning from index 3...done
server: Refining abstraction done, result: (RefinerResult Spurious)
server: ! Precision DID change in this iteration
server: Iteration took 14s to run! 
server: ExplPreictor: Predicted 322.664s, Real 328.749s 
server:               Weight 1.0020891633165594 -> 1.0020580881544527 
server: Iteration 82
server: | Checking abstraction...
server: |  |  PrecisionSize: 161
server: |  |  Starting ARG: 4 nodes, 1 incomplete, 0 unsafe
server: |  |  (StopCriterion FirstCex)...
server: |  |  Building ARG...
server: |  |  Finished ARG: 329 nodes, 3 incomplete, 1 unsafe
server: | Checking abstraction done, result: (AbstractorResult Unsafe)
server: | Refining abstraction...
server: |  |  Trace length: 165
server: |  |  Checking trace...done, result: (ExprTraceStatus Infeasible)
server: |  |  Pruning from index 3...done
server: Refining abstraction done, result: (RefinerResult Spurious)
server: ! Precision DID change in this iteration
server: Iteration took 15s to run! 
server: ExplPreictor: Predicted 337.457s, Real 343.905s 
server:               Weight 1.0020580881544527 -> 1.002029388472992 
server: Iteration 83
server: | Checking abstraction...
server: |  |  PrecisionSize: 163
server: |  |  Starting ARG: 4 nodes, 1 incomplete, 0 unsafe
server: |  |  (StopCriterion FirstCex)...
server: |  |  Building ARG...
server: |  |  Finished ARG: 333 nodes, 3 incomplete, 1 unsafe
server: | Checking abstraction done, result: (AbstractorResult Unsafe)
server: | Refining abstraction...
server: |  |  Trace length: 167
server: |  |  Checking trace...done, result: (ExprTraceStatus Infeasible)
server: |  |  Pruning from index 3...done
server: Refining abstraction done, result: (RefinerResult Spurious)
server: ! Precision DID change in this iteration
server: Iteration took 16s to run! 
server: ExplPreictor: Predicted 352.918s, Real 360.092s 
server:               Weight 1.002029388472992 -> 1.0020066543423451 
server: Iteration 84
server: | Checking abstraction...
server: |  |  PrecisionSize: 165
server: |  |  Starting ARG: 4 nodes, 1 incomplete, 0 unsafe
server: |  |  (StopCriterion FirstCex)...
server: |  |  Building ARG...
server: |  |  Finished ARG: 337 nodes, 3 incomplete, 1 unsafe
server: | Checking abstraction done, result: (AbstractorResult Unsafe)
server: | Refining abstraction...
server: |  |  Trace length: 169
server: |  |  Checking trace...done, result: (ExprTraceStatus Infeasible)
server: |  |  Pruning from index 3...done
server: Refining abstraction done, result: (RefinerResult Spurious)
server: ! Precision DID change in this iteration
server: Iteration took 17s to run! 
server: ExplPreictor: Predicted 369.456s, Real 377.174s 
server:               Weight 1.0020066543423451 -> 1.0019869900295733 
server: Iteration 85
server: | Checking abstraction...
server: |  |  PrecisionSize: 167
server: |  |  Starting ARG: 4 nodes, 1 incomplete, 0 unsafe
server: |  |  (StopCriterion FirstCex)...
server: |  |  Building ARG...
server: |  |  Finished ARG: 341 nodes, 3 incomplete, 1 unsafe
server: | Checking abstraction done, result: (AbstractorResult Unsafe)
server: | Refining abstraction...
server: |  |  Trace length: 171
server: |  |  Checking trace...done, result: (ExprTraceStatus Infeasible)
server: |  |  Pruning from index 3...done
server: Refining abstraction done, result: (RefinerResult Spurious)
server: ! Precision DID change in this iteration
server: Iteration took 17s to run! 
server: ExplPreictor: Predicted 386.921s, Real 394.694s 
server:               Weight 1.0019869900295733 -> 1.0019650457585871 
server: Iteration 86
server: | Checking abstraction...
server: |  |  PrecisionSize: 169
server: |  |  Starting ARG: 4 nodes, 1 incomplete, 0 unsafe
server: |  |  (StopCriterion FirstCex)...
server: |  |  Building ARG...
server: |  |  Finished ARG: 345 nodes, 3 incomplete, 1 unsafe
server: | Checking abstraction done, result: (AbstractorResult Unsafe)
server: | Refining abstraction...
server: |  |  Trace length: 173
server: |  |  Checking trace...done, result: (ExprTraceStatus Infeasible)
server: |  |  Pruning from index 3...done
server: Refining abstraction done, result: (RefinerResult Spurious)
server: ! Precision DID change in this iteration
server: Iteration took 18s to run! 
server: ExplPreictor: Predicted 404.816s, Real 413.257s 
server:               Weight 1.0019650457585871 -> 1.0019468592690823 
server: Iteration 87
server: | Checking abstraction...
server: |  |  PrecisionSize: 171
server: |  |  Starting ARG: 4 nodes, 1 incomplete, 0 unsafe
server: |  |  (StopCriterion FirstCex)...
server: |  |  Building ARG...
server: |  |  Finished ARG: 349 nodes, 3 incomplete, 1 unsafe
server: | Checking abstraction done, result: (AbstractorResult Unsafe)
server: | Refining abstraction...
server: |  |  Trace length: 175
server: |  |  Checking trace...done, result: (ExprTraceStatus Infeasible)
server: |  |  Pruning from index 3...done
server: Refining abstraction done, result: (RefinerResult Spurious)
server: ! Precision DID change in this iteration
server: Iteration took 19s to run! 
server: ExplPreictor: Predicted 423.793s, Real 432.283s 
server:               Weight 1.0019468592690823 -> 1.0019262776339264 
server: Iteration 88
server: | Checking abstraction...
server: |  |  PrecisionSize: 173
server: |  |  Starting ARG: 4 nodes, 1 incomplete, 0 unsafe
server: |  |  (StopCriterion FirstCex)...
server: |  |  Building ARG...
server: |  |  Finished ARG: 353 nodes, 3 incomplete, 1 unsafe
server: | Checking abstraction done, result: (AbstractorResult Unsafe)
server: | Refining abstraction...
server: |  |  Trace length: 177
server: |  |  Checking trace...done, result: (ExprTraceStatus Infeasible)
server: |  |  Pruning from index 3...done
server: Refining abstraction done, result: (RefinerResult Spurious)
server: ! Precision DID change in this iteration
server: Iteration took 18s to run! 
server: ExplPreictor: Predicted 443.225s, Real 450.994s 
server:               Weight 1.0019262776339264 -> 1.0018971854524497 
server: Iteration 89
server: | Checking abstraction...
server: |  |  PrecisionSize: 175
server: |  |  Starting ARG: 4 nodes, 1 incomplete, 0 unsafe
server: |  |  (StopCriterion FirstCex)...
server: |  |  Building ARG...
server: |  |  Finished ARG: 357 nodes, 3 incomplete, 1 unsafe
server: | Checking abstraction done, result: (AbstractorResult Unsafe)
server: | Refining abstraction...
server: |  |  Trace length: 179
server: |  |  Checking trace...done, result: (ExprTraceStatus Infeasible)
server: |  |  Pruning from index 3...done
server: Refining abstraction done, result: (RefinerResult Spurious)
server: ! Precision DID change in this iteration
server: Iteration took 18s to run! 
server: ExplPreictor: Predicted 462.272s, Real 469.624s 
server:               Weight 1.0018971854524497 -> 1.0018633786664666 
server: Iteration 90
server: | Checking abstraction...
server: |  |  PrecisionSize: 177
server: |  |  Starting ARG: 4 nodes, 1 incomplete, 0 unsafe
server: |  |  (StopCriterion FirstCex)...
server: |  |  Building ARG...
server: |  |  Finished ARG: 361 nodes, 3 incomplete, 1 unsafe
server: | Checking abstraction done, result: (AbstractorResult Unsafe)
server: | Refining abstraction...
server: |  |  Trace length: 181
server: |  |  Checking trace...done, result: (ExprTraceStatus Infeasible)
server: |  |  Pruning from index 3...done
server: Refining abstraction done, result: (RefinerResult Spurious)
server: ! Precision DID change in this iteration
server: Iteration took 19s to run! 
server: ExplPreictor: Predicted 481.193s, Real 489.324s 
server:               Weight 1.0018633786664666 -> 1.0018348244131732 
server: Iteration 91
server: | Checking abstraction...
server: |  |  PrecisionSize: 179
server: |  |  Starting ARG: 4 nodes, 1 incomplete, 0 unsafe
server: |  |  (StopCriterion FirstCex)...
server: |  |  Building ARG...
server: |  |  Finished ARG: 365 nodes, 3 incomplete, 1 unsafe
server: | Checking abstraction done, result: (AbstractorResult Unsafe)
server: | Refining abstraction...
server: |  |  Trace length: 183
server: |  |  Checking trace...done, result: (ExprTraceStatus Infeasible)
server: |  |  Pruning from index 3...done
server: Refining abstraction done, result: (RefinerResult Spurious)
server: ! Precision DID change in this iteration
server: Iteration took 21s to run! 
server: ExplPreictor: Predicted 501.229s, Real 510.528s 
server:               Weight 1.0018348244131732 -> 1.0018136096107984 
server: Iteration 92
server: | Checking abstraction...
server: |  |  PrecisionSize: 181
server: |  |  Starting ARG: 4 nodes, 1 incomplete, 0 unsafe
server: |  |  (StopCriterion FirstCex)...
server: |  |  Building ARG...
server: |  |  Finished ARG: 369 nodes, 3 incomplete, 1 unsafe
server: | Checking abstraction done, result: (AbstractorResult Unsafe)
server: | Refining abstraction...
server: |  |  Trace length: 185
server: |  |  Checking trace...done, result: (ExprTraceStatus Infeasible)
server: |  |  Pruning from index 3...done
server: Refining abstraction done, result: (RefinerResult Spurious)
server: ! Precision DID change in this iteration
server: Iteration took 22s to run! 
server: ExplPreictor: Predicted 522.843s, Real 533.204s 
server:               Weight 1.0018136096107984 -> 1.0017978522237025 
server: Iteration 93
server: | Checking abstraction...
server: |  |  PrecisionSize: 183
server: |  |  Starting ARG: 4 nodes, 1 incomplete, 0 unsafe
server: |  |  (StopCriterion FirstCex)...
server: |  |  Building ARG...
server: |  |  Finished ARG: 373 nodes, 3 incomplete, 1 unsafe
server: | Checking abstraction done, result: (AbstractorResult Unsafe)
server: | Refining abstraction...
server: |  |  Trace length: 187
server: |  |  Checking trace...done, result: (ExprTraceStatus Infeasible)
server: |  |  Pruning from index 3...done
server: Refining abstraction done, result: (RefinerResult Spurious)
server: ! Precision DID change in this iteration
server: Iteration took 21s to run! 
server: ExplPreictor: Predicted 545.996s, Real 555.094s 
server:               Weight 1.0017978522237025 -> 1.001771268487001 
server: Iteration 94
server: | Checking abstraction...
server: |  |  PrecisionSize: 185
server: |  |  Starting ARG: 4 nodes, 1 incomplete, 0 unsafe
server: |  |  (StopCriterion FirstCex)...
server: |  |  Building ARG...
server: |  |  Finished ARG: 377 nodes, 3 incomplete, 1 unsafe
server: | Checking abstraction done, result: (AbstractorResult Unsafe)
server: | Refining abstraction...
server: |  |  Trace length: 189
server: |  |  Checking trace...done, result: (ExprTraceStatus Infeasible)
server: |  |  Pruning from index 3...done
server: Refining abstraction done, result: (RefinerResult Spurious)
server: ! Precision DID change in this iteration
server: Iteration took 22s to run! 
server: ExplPreictor: Predicted 568.252s, Real 577.696s 
server:               Weight 1.001771268487001 -> 1.0017457052974352 
server: Iteration 95
server: | Checking abstraction...
server: |  |  PrecisionSize: 187
server: |  |  Starting ARG: 4 nodes, 1 incomplete, 0 unsafe
server: |  |  (StopCriterion FirstCex)...
server: |  |  Building ARG...
server: |  |  Finished ARG: 381 nodes, 3 incomplete, 1 unsafe
server: | Checking abstraction done, result: (AbstractorResult Unsafe)
server: | Refining abstraction...
server: |  |  Trace length: 191
server: |  |  Checking trace...done, result: (ExprTraceStatus Infeasible)
server: |  |  Pruning from index 3...done
server: Refining abstraction done, result: (RefinerResult Spurious)
server: ! Precision DID change in this iteration
server: Iteration took 21s to run! 
server: ExplPreictor: Predicted 591.232s, Real 599.595s 
server:               Weight 1.0017457052974352 -> 1.0017124111611584 
server: Iteration 96
server: | Checking abstraction...
server: |  |  PrecisionSize: 189
server: |  |  Starting ARG: 4 nodes, 1 incomplete, 0 unsafe
server: |  |  (StopCriterion FirstCex)...
server: |  |  Building ARG...
server: |  |  Finished ARG: 385 nodes, 3 incomplete, 1 unsafe
server: | Checking abstraction done, result: (AbstractorResult Unsafe)
server: | Refining abstraction...
server: |  |  Trace length: 193
server: |  |  Checking trace...done, result: (ExprTraceStatus Infeasible)
server: |  |  Pruning from index 3...done
server: Refining abstraction done, result: (RefinerResult Spurious)
server: ! Precision DID change in this iteration
server: Iteration took 23s to run! 
server: ExplPreictor: Predicted 613.412s, Real 623.567s 
server:               Weight 1.0017124111611584 -> 1.0016892634657752 
server: Iteration 97
server: | Checking abstraction...
server: |  |  PrecisionSize: 191
server: |  |  Starting ARG: 4 nodes, 1 incomplete, 0 unsafe
server: |  |  (StopCriterion FirstCex)...
server: |  |  Building ARG...
server: |  |  Finished ARG: 389 nodes, 3 incomplete, 1 unsafe
server: | Checking abstraction done, result: (AbstractorResult Unsafe)
server: | Refining abstraction...
server: |  |  Trace length: 195
server: |  |  Checking trace...done, result: (ExprTraceStatus Infeasible)
server: |  |  Pruning from index 3...done
server: Refining abstraction done, result: (RefinerResult Spurious)
server: ! Precision DID change in this iteration
server: Iteration took 25s to run! 
server: ExplPreictor: Predicted 637.782s, Real 649.178s 
server:               Weight 1.0016892634657752 -> 1.0016717575676988 
server: Iteration 98
server: | Checking abstraction...
server: |  |  PrecisionSize: 193
server: |  |  Starting ARG: 4 nodes, 1 incomplete, 0 unsafe
server: |  |  (StopCriterion FirstCex)...
server: |  |  Building ARG...
server: |  |  Finished ARG: 393 nodes, 3 incomplete, 1 unsafe
server: | Checking abstraction done, result: (AbstractorResult Unsafe)
server: | Refining abstraction...
server: |  |  Trace length: 197
server: |  |  Checking trace...done, result: (ExprTraceStatus Infeasible)
server: |  |  Pruning from index 3...done
server: Refining abstraction done, result: (RefinerResult Spurious)
server: ! Precision DID change in this iteration
server: Iteration took 26s to run! 
server: ExplPreictor: Predicted 663.866s, Real 675.542s 
server:               Weight 1.0016717575676988 -> 1.0016539544637175 
server: Iteration 99
server: | Checking abstraction...
server: |  |  PrecisionSize: 195
server: |  |  Starting ARG: 4 nodes, 1 incomplete, 0 unsafe
server: |  |  (StopCriterion FirstCex)...
server: |  |  Building ARG...
server: |  |  Finished ARG: 397 nodes, 3 incomplete, 1 unsafe
server: | Checking abstraction done, result: (AbstractorResult Unsafe)
server: | Refining abstraction...
server: |  |  Trace length: 199
server: |  |  Checking trace...done, result: (ExprTraceStatus Infeasible)
server: |  |  Pruning from index 3...done
server: Refining abstraction done, result: (RefinerResult Spurious)
server: ! Precision DID change in this iteration
server: Iteration took 26s to run! 
server: ExplPreictor: Predicted 690.708s, Real 702.426s 
server:               Weight 1.0016539544637175 -> 1.0016346855978993 
server: Iteration 100
server: | Checking abstraction...
server: |  |  PrecisionSize: 197
server: |  |  Starting ARG: 4 nodes, 1 incomplete, 0 unsafe
server: |  |  (StopCriterion FirstCex)...
server: |  |  Building ARG...
server: |  |  Finished ARG: 401 nodes, 3 incomplete, 1 unsafe
server: | Checking abstraction done, result: (AbstractorResult Unsafe)
server: | Refining abstraction...
server: |  |  Trace length: 201
server: |  |  Checking trace...done, result: (ExprTraceStatus Infeasible)
server: |  |  Pruning from index 3...done
server: Refining abstraction done, result: (RefinerResult Spurious)
server: ! Precision DID change in this iteration
server: Iteration took 27s to run! 
server: ExplPreictor: Predicted 718.055s, Real 729.898s 
server:               Weight 1.0016346855978993 -> 1.0016145626656674 
server: Iteration 101
server: | Checking abstraction...
server: |  |  PrecisionSize: 199
server: |  |  Starting ARG: 4 nodes, 1 incomplete, 0 unsafe
server: |  |  (StopCriterion FirstCex)...
server: |  |  Building ARG...
server: |  |  Finished ARG: 405 nodes, 3 incomplete, 1 unsafe
server: | Checking abstraction done, result: (AbstractorResult Unsafe)
server: | Refining abstraction...
server: |  |  Trace length: 203
server: |  |  Checking trace...done, result: (ExprTraceStatus Infeasible)
server: |  |  Pruning from index 3...done
server: Refining abstraction done, result: (RefinerResult Spurious)
server: ! Precision DID change in this iteration
server: Iteration took 28s to run! 
server: ExplPreictor: Predicted 745.983s, Real 758.168s 
server:               Weight 1.0016145626656674 -> 1.0015947337680817 
server: Iteration 102
server: | Checking abstraction...
server: |  |  PrecisionSize: 201
server: |  |  Starting ARG: 4 nodes, 1 incomplete, 0 unsafe
server: |  |  (StopCriterion FirstCex)...
server: |  |  Building ARG...
server: |  |  Finished ARG: 409 nodes, 3 incomplete, 1 unsafe
server: | Checking abstraction done, result: (AbstractorResult Unsafe)
server: | Refining abstraction...
server: |  |  Trace length: 205
server: |  |  Checking trace...done, result: (ExprTraceStatus Infeasible)
server: |  |  Pruning from index 3...done
server: Refining abstraction done, result: (RefinerResult Spurious)
server: ! Precision DID change in this iteration
server: Iteration took 28s to run! 
server: ExplPreictor: Predicted 774.715s, Real 786.701s 
server:               Weight 1.0015947337680817 -> 1.0015727556309997 
server: Iteration 103
server: | Checking abstraction...
server: |  |  PrecisionSize: 203
server: |  |  Starting ARG: 4 nodes, 1 incomplete, 0 unsafe
server: |  |  (StopCriterion FirstCex)...
server: |  |  Building ARG...
server: |  |  Finished ARG: 413 nodes, 3 incomplete, 1 unsafe
server: | Checking abstraction done, result: (AbstractorResult Unsafe)
server: | Refining abstraction...
server: |  |  Trace length: 207
server: |  |  Checking trace...done, result: (ExprTraceStatus Infeasible)
server: |  |  Pruning from index 3...done
server: Refining abstraction done, result: (RefinerResult Spurious)
server: ! Precision DID change in this iteration
server: Iteration took 30s to run! 
server: ExplPreictor: Predicted 803.679s, Real 816.867s 
server:               Weight 1.0015727556309997 -> 1.001554948008259 
server: Iteration 104
server: | Checking abstraction...
server: |  |  PrecisionSize: 205
server: |  |  Starting ARG: 4 nodes, 1 incomplete, 0 unsafe
server: |  |  (StopCriterion FirstCex)...
server: |  |  Building ARG...
server: |  |  Finished ARG: 417 nodes, 3 incomplete, 1 unsafe
server: | Checking abstraction done, result: (AbstractorResult Unsafe)
server: | Refining abstraction...
server: |  |  Trace length: 209
server: |  |  Checking trace...done, result: (ExprTraceStatus Infeasible)
server: |  |  Pruning from index 3...done
server: Refining abstraction done, result: (RefinerResult Spurious)
server: ! Precision DID change in this iteration
server: Iteration took 30s to run! 
server: ExplPreictor: Predicted 834.343s, Real 847.527s 
server:               Weight 1.001554948008259 -> 1.0015357891657408 
server: Iteration 105
server: | Checking abstraction...
server: |  |  PrecisionSize: 207
server: |  |  Starting ARG: 4 nodes, 1 incomplete, 0 unsafe
server: |  |  (StopCriterion FirstCex)...
server: |  |  Building ARG...
server: |  |  Finished ARG: 421 nodes, 3 incomplete, 1 unsafe
server: | Checking abstraction done, result: (AbstractorResult Unsafe)
server: | Refining abstraction...
server: |  |  Trace length: 211
server: |  |  Checking trace...done, result: (ExprTraceStatus Infeasible)
server: |  |  Pruning from index 3...done
server: Refining abstraction done, result: (RefinerResult Spurious)
server: ! Precision DID change in this iteration
server: Iteration took 29s to run! 
server: ExplPreictor: Predicted 865.482s, Real 877.490s 
server:               Weight 1.0015357891657408 -> 1.0015108728933664 
server: Iteration 106
server: | Checking abstraction...
server: |  |  PrecisionSize: 209
server: |  |  Starting ARG: 4 nodes, 1 incomplete, 0 unsafe
server: |  |  (StopCriterion FirstCex)...
server: |  |  Building ARG...
The process run out of time so it got destroied!
Backend finished (in 900180 ms)
ErrorCodeException(code=201)
	at hu.bme.mit.theta.xcfa.cli.checkers.InProcessChecker.check(InProcessChecker.kt:168)
	at hu.bme.mit.theta.xcfa.cli.ExecuteConfigKt$backend$result$1.invoke(ExecuteConfig.kt:320)
	at hu.bme.mit.theta.xcfa.cli.ExecuteConfigKt$backend$result$1.invoke(ExecuteConfig.kt:318)
	at hu.bme.mit.theta.xcfa.cli.params.ExitCodesKt.exitOnError(ExitCodes.kt:58)
	at hu.bme.mit.theta.xcfa.cli.ExecuteConfigKt.backend(ExecuteConfig.kt:318)
	at hu.bme.mit.theta.xcfa.cli.ExecuteConfigKt.backend$default(ExecuteConfig.kt:275)
	at hu.bme.mit.theta.xcfa.cli.ExecuteConfigKt.runConfig(ExecuteConfig.kt:105)
	at hu.bme.mit.theta.xcfa.cli.portfolio.SpecFromNamePortfolioKt.specFromNamePortfolio$checker(specFromNamePortfolio.kt:82)
	at hu.bme.mit.theta.xcfa.cli.portfolio.SpecFromNamePortfolioKt.access$specFromNamePortfolio$checker(specFromNamePortfolio.kt:1)
	at hu.bme.mit.theta.xcfa.cli.portfolio.SpecFromNamePortfolioKt$specFromNamePortfolio$configNodes$1$1.invoke(specFromNamePortfolio.kt:122)
	at hu.bme.mit.theta.xcfa.cli.portfolio.SpecFromNamePortfolioKt$specFromNamePortfolio$configNodes$1$1.invoke(specFromNamePortfolio.kt:122)
	at hu.bme.mit.theta.xcfa.cli.portfolio.ConfigNode.execute(stm.kt:74)
	at hu.bme.mit.theta.xcfa.cli.portfolio.STM.execute(stm.kt:159)
	at hu.bme.mit.theta.xcfa.cli.portfolio.STM.execute$default(stm.kt:154)
	at hu.bme.mit.theta.xcfa.cli.checkers.ConfigToPortfolioKt.getPortfolioChecker$lambda$0(ConfigToPortfolio.kt:136)
	at hu.bme.mit.theta.analysis.algorithm.SafetyChecker.check(SafetyChecker.java:27)
	at hu.bme.mit.theta.xcfa.cli.ExecuteConfigKt$backend$result$1.invoke(ExecuteConfig.kt:320)
	at hu.bme.mit.theta.xcfa.cli.ExecuteConfigKt$backend$result$1.invoke(ExecuteConfig.kt:318)
	at hu.bme.mit.theta.xcfa.cli.params.ExitCodesKt.exitOnError(ExitCodes.kt:58)
	at hu.bme.mit.theta.xcfa.cli.ExecuteConfigKt.backend(ExecuteConfig.kt:318)
	at hu.bme.mit.theta.xcfa.cli.ExecuteConfigKt.backend$default(ExecuteConfig.kt:275)
	at hu.bme.mit.theta.xcfa.cli.ExecuteConfigKt.runConfig(ExecuteConfig.kt:105)
	at hu.bme.mit.theta.xcfa.cli.ExecuteConfigKt.runConfig$default(ExecuteConfig.kt:74)
	at hu.bme.mit.theta.xcfa.cli.XcfaCli.run(XcfaCli.kt:127)
	at hu.bme.mit.theta.xcfa.cli.XcfaCli.access$run(XcfaCli.kt:37)
	at hu.bme.mit.theta.xcfa.cli.XcfaCli$Companion.main(XcfaCli.kt:137)
	at hu.bme.mit.theta.xcfa.cli.XcfaCli.main(XcfaCli.kt)
Caught exception: ErrorCodeException(code=201)
Handling exception as Anything
Current configuration: XcfaConfig(inputConfig=InputConfig(inputFile=null, catFile=null, parseCtx=null, xcfaWCtx=present, propertyFile=null, property=ERROR_LOCATION, partialResult=null, frontendConfig=FrontendConfig(lbeLevel=LBE_SEQ, staticCoi=false, loopUnroll=1000, forceUnroll=-1, enableFew=false, inputType=C, specConfig=CFrontendConfig(arithmetic=efficient, architecture=ILP32)), backendConfig=BackendConfig(backend=BOUNDED, solverHome=/home/benchexec/.theta, timeoutMs=900000, softTimeoutMs=700000, inProcess=true, parseInProcess=false, inPortfolio=true, memlimit=0, disablePartialResult=true, specConfig=BoundedConfig(maxBound=0, reversed=false, cegar=false, initPrec=EMPTY, bmcConfig=BMCConfig(disable=false, nonLfPath=false, bmcSolver=Z3, validateBMCSolver=false), indConfig=InductionConfig(disable=false, indSolver=Z3, validateIndSolver=false, indMinBound=0, indFreq=1), itpConfig=InterpolationConfig(disable=true, itpSolver=Z3, validateItpSolver=false))), outputConfig=OutputConfig(versionInfo=false, enableOutput=true, resultFolder=./output/PredCart(900, true, true) -> KInd()/KInd(), acceptUnreliableSafe=false, cOutputConfig=COutputConfig(disable=true, useArr=false, useExArr=false, useRange=false), xcfaOutputConfig=XcfaOutputConfig(disable=true), chcOutputConfig=ChcOutputConfig(disable=true), witnessConfig=WitnessConfig(disable=false, svcomp=true, concretizerSolver=Z3, validateConcretizerSolver=false, inputFileForWitness=null), partialResultOutputConfig=PartialResultOutputConfig(enable=false, tempFileLocation=null), argConfig=ArgConfig(disable=true)), debugConfig=DebugConfig(debug=false, stacktrace=false, logLevel=INFO, argdebug=false, argToFile=false))
PartialResultJson: /dev/shm/partialResult2052250702280262571.json
server: Registered Legacy-Z3 SolverManager
server: Registered Z3 SolverManager
server: Registered JavaSMT SolverManager
server: Registered SMT-LIB SolverManager
server: Successfully loaded LocationInvariants from /dev/shm/partialResult2052250702280262571.json
server: [33m[WARN] LocationInvariants are empty map. Returning null!
server: [0mStarting iteration 1
server: 	Starting BMC
server: 	Starting k-induction
server: Starting iteration 2
server: 	Starting BMC
server: 	Starting k-induction
server: Starting iteration 3
server: 	Starting BMC
server: 	Starting k-induction
server: Starting iteration 4
server: 	Starting BMC
server: 	Starting k-induction
server: Starting iteration 5
server: 	Starting BMC
server: 	Starting k-induction
server: Starting iteration 6
server: 	Starting BMC
server: 	Starting k-induction
server: Starting iteration 7
server: 	Starting BMC
server: 	Starting k-induction
server: Starting iteration 8
server: 	Starting BMC
server: 	Starting k-induction
server: Starting iteration 9
server: 	Starting BMC
server: 	Starting k-induction
server: Starting iteration 10
server: 	Starting BMC
server: 	Starting k-induction
server: Starting iteration 11
server: 	Starting BMC
server: 	Starting k-induction
server: Starting iteration 12
server: 	Starting BMC
server: 	Starting k-induction
server: Starting iteration 13
server: 	Starting BMC
server: 	Starting k-induction
server: Starting iteration 14
server: 	Starting BMC
server: 	Starting k-induction
server: Starting iteration 15
server: 	Starting BMC
server: 	Starting k-induction
server: Starting iteration 16
server: 	Starting BMC
server: 	Starting k-induction
server: Starting iteration 17
server: 	Starting BMC
server: 	Starting k-induction
server: Starting iteration 18
server: 	Starting BMC
server: 	Starting k-induction
server: Starting iteration 19
server: 	Starting BMC
server: 	Starting k-induction
server: Starting iteration 20
server: 	Starting BMC
server: 	Starting k-induction
server: Starting iteration 21
server: 	Starting BMC
server: 	Starting k-induction
server: Starting iteration 22
server: 	Starting BMC
server: 	Starting k-induction
server: Starting iteration 23
server: 	Starting BMC
server: 	Starting k-induction
server: Starting iteration 24
server: 	Starting BMC
server: 	Starting k-induction
server: Starting iteration 25
server: 	Starting BMC
server: 	Starting k-induction
server: Starting iteration 26
server: 	Starting BMC
server: 	Starting k-induction
server: Starting iteration 27
server: 	Starting BMC
server: 	Starting k-induction
server: Starting iteration 28
server: 	Starting BMC
server: 	Starting k-induction
server: Starting iteration 29
server: 	Starting BMC
server: 	Starting k-induction
server: Starting iteration 30
server: 	Starting BMC
server: 	Starting k-induction
server: Starting iteration 31
server: 	Starting BMC
server: 	Starting k-induction
server: Starting iteration 32
server: 	Starting BMC
server: 	Starting k-induction
server: Starting iteration 33
server: 	Starting BMC
server: 	Starting k-induction
server: Starting iteration 34
server: 	Starting BMC
server: 	Starting k-induction
server: Starting iteration 35
server: 	Starting BMC
server: 	Starting k-induction
server: Starting iteration 36
server: 	Starting BMC
server: 	Starting k-induction
server: Starting iteration 37
server: 	Starting BMC
server: 	Starting k-induction
server: Starting iteration 38
server: 	Starting BMC
server: 	Starting k-induction
server: Starting iteration 39
server: 	Starting BMC
server: 	Starting k-induction
server: Starting iteration 40
server: 	Starting BMC
server: 	Starting k-induction
server: Starting iteration 41
server: 	Starting BMC
server: 	Starting k-induction
server: Starting iteration 42
server: 	Starting BMC
server: 	Starting k-induction
server: Starting iteration 43
server: 	Starting BMC
server: 	Starting k-induction
server: Starting iteration 44
server: 	Starting BMC
server: 	Starting k-induction
server: Starting iteration 45
server: 	Starting BMC
server: 	Starting k-induction
server: Starting iteration 46
server: 	Starting BMC
server: 	Starting k-induction
server: Starting iteration 47
server: 	Starting BMC
server: 	Starting k-induction
server: Starting iteration 48
server: 	Starting BMC
server: 	Starting k-induction
server: Starting iteration 49
server: 	Starting BMC
server: 	Starting k-induction
server: Starting iteration 50
server: 	Starting BMC
server: 	Starting k-induction
server: Starting iteration 51
server: 	Starting BMC
server: 	Starting k-induction
server: Starting iteration 52
server: 	Starting BMC
server: 	Starting k-induction
server: Starting iteration 53
server: 	Starting BMC
server: 	Starting k-induction
server: Starting iteration 54
server: 	Starting BMC
server: 	Starting k-induction
server: Starting iteration 55
server: 	Starting BMC
server: 	Starting k-induction
server: Starting iteration 56
server: 	Starting BMC
server: 	Starting k-induction
server: Starting iteration 57
server: 	Starting BMC
server: 	Starting k-induction
server: Starting iteration 58
server: 	Starting BMC
server: 	Starting k-induction
server: Starting iteration 59
server: 	Starting BMC
server: 	Starting k-induction
server: Starting iteration 60
server: 	Starting BMC
server: 	Starting k-induction
server: Starting iteration 61
server: 	Starting BMC
server: 	Starting k-induction
server: Starting iteration 62
server: 	Starting BMC
server: 	Starting k-induction
server: Starting iteration 63
server: 	Starting BMC
server: 	Starting k-induction
server: Starting iteration 64
server: 	Starting BMC
server: 	Starting k-induction
server: Starting iteration 65
server: 	Starting BMC
server: 	Starting k-induction
server: Starting iteration 66
server: 	Starting BMC
server: 	Starting k-induction
server: Starting iteration 67
server: 	Starting BMC
server: 	Starting k-induction
server: Starting iteration 68
server: 	Starting BMC
server: 	Starting k-induction
server: Starting iteration 69
server: 	Starting BMC
server: 	Starting k-induction
server: Starting iteration 70
server: 	Starting BMC
server: 	Starting k-induction
server: Starting iteration 71
server: 	Starting BMC
server: 	Starting k-induction
server: Starting iteration 72
server: 	Starting BMC
server: 	Starting k-induction
server: Starting iteration 73
server: 	Starting BMC
server: 	Starting k-induction
server: Starting iteration 74
server: 	Starting BMC
server: 	Starting k-induction
server: Starting iteration 75
server: 	Starting BMC
server: 	Starting k-induction
server: Starting iteration 76
server: 	Starting BMC
server: 	Starting k-induction
server: Starting iteration 77
server: 	Starting BMC
server: 	Starting k-induction
server: Starting iteration 78
server: 	Starting BMC
server: 	Starting k-induction
server: Starting iteration 79
server: 	Starting BMC
server: 	Starting k-induction
server: Starting iteration 80
server: 	Starting BMC
server: 	Starting k-induction
server: Starting iteration 81
server: 	Starting BMC
server: 	Starting k-induction
server: Starting iteration 82
server: 	Starting BMC
server: 	Starting k-induction
server: Starting iteration 83
server: 	Starting BMC
server: 	Starting k-induction
server: Starting iteration 84
server: 	Starting BMC
server: 	Starting k-induction
server: Starting iteration 85
server: 	Starting BMC
server: 	Starting k-induction
server: Starting iteration 86
server: 	Starting BMC
server: 	Starting k-induction
server: Starting iteration 87
server: 	Starting BMC
server: 	Starting k-induction
server: Starting iteration 88
server: 	Starting BMC
server: 	Starting k-induction
server: Starting iteration 89
server: 	Starting BMC
server: 	Starting k-induction
server: Starting iteration 90
server: 	Starting BMC
server: 	Starting k-induction
server: Starting iteration 91
server: 	Starting BMC
server: 	Starting k-induction
server: Starting iteration 92
server: 	Starting BMC
server: 	Starting k-induction
server: Starting iteration 93
server: 	Starting BMC
server: 	Starting k-induction
server: Starting iteration 94
server: 	Starting BMC
server: 	Starting k-induction
server: Starting iteration 95
server: 	Starting BMC
server: 	Starting k-induction
server: Starting iteration 96
server: 	Starting BMC
server: 	Starting k-induction
server: Starting iteration 97
server: 	Starting BMC
server: 	Starting k-induction
server: Starting iteration 98
server: 	Starting BMC
server: 	Starting k-induction
server: Starting iteration 99
server: 	Starting BMC
server: 	Starting k-induction
server: Starting iteration 100
server: 	Starting BMC
server: 	Starting k-induction
server: Starting iteration 101
server: 	Starting BMC
server: 	Starting k-induction
server: Starting iteration 102
server: 	Starting BMC
server: 	Starting k-induction
server: Starting iteration 103
server: 	Starting BMC
server: 	Starting k-induction
server: Starting iteration 104
server: 	Starting BMC
server: 	Starting k-induction
server: Starting iteration 105
server: 	Starting BMC
server: 	Starting k-induction
server: Starting iteration 106
server: 	Starting BMC
server: 	Starting k-induction
server: Starting iteration 107
server: 	Starting BMC
server: 	Starting k-induction
server: Starting iteration 108
server: 	Starting BMC
server: 	Starting k-induction
server: Starting iteration 109
server: 	Starting BMC
server: 	Starting k-induction
server: Starting iteration 110
server: 	Starting BMC
server: 	Starting k-induction
server: Starting iteration 111
server: 	Starting BMC
server: 	Starting k-induction
server: Starting iteration 112
server: 	Starting BMC
server: 	Starting k-induction
server: Starting iteration 113
server: 	Starting BMC
server: 	Starting k-induction
server: Starting iteration 114
server: 	Starting BMC
server: 	Starting k-induction
server: Starting iteration 115
server: 	Starting BMC
server: 	Starting k-induction
server: Starting iteration 116
server: 	Starting BMC
server: 	Starting k-induction
server: Starting iteration 117
server: 	Starting BMC
server: 	Starting k-induction
server: Starting iteration 118
server: 	Starting BMC
server: 	Starting k-induction
server: Starting iteration 119
server: 	Starting BMC
server: 	Starting k-induction
server: Starting iteration 120
server: 	Starting BMC
server: 	Starting k-induction
server: Starting iteration 121
server: 	Starting BMC
server: 	Starting k-induction
server: Starting iteration 122
server: 	Starting BMC
server: 	Starting k-induction
server: Starting iteration 123
server: 	Starting BMC
server: 	Starting k-induction
server: Starting iteration 124
server: 	Starting BMC
server: 	Starting k-induction
server: Starting iteration 125
server: 	Starting BMC
server: 	Starting k-induction
server: Starting iteration 126
server: 	Starting BMC
server: 	Starting k-induction
server: Starting iteration 127
server: 	Starting BMC
server: 	Starting k-induction
server: Starting iteration 128
server: 	Starting BMC
server: 	Starting k-induction
server: Starting iteration 129
server: 	Starting BMC
server: 	Starting k-induction
server: Starting iteration 130
server: 	Starting BMC
server: 	Starting k-induction
server: Starting iteration 131
server: 	Starting BMC
server: 	Starting k-induction
server: Starting iteration 132
server: 	Starting BMC
server: 	Starting k-induction
server: Starting iteration 133
server: 	Starting BMC
server: 	Starting k-induction
server: Starting iteration 134
server: 	Starting BMC
server: 	Starting k-induction
server: Starting iteration 135
server: 	Starting BMC
server: 	Starting k-induction
server: Starting iteration 136
server: 	Starting BMC
server: 	Starting k-induction
server: Starting iteration 137
server: 	Starting BMC
server: 	Starting k-induction
server: Starting iteration 138
server: 	Starting BMC
server: 	Starting k-induction
server: Starting iteration 139
server: 	Starting BMC
server: 	Starting k-induction
server: Starting iteration 140
server: 	Starting BMC
server: 	Starting k-induction
server: Starting iteration 141
server: 	Starting BMC
server: 	Starting k-induction
server: Starting iteration 142
server: 	Starting BMC
server: 	Starting k-induction
server: Starting iteration 143
server: 	Starting BMC
server: 	Starting k-induction
server: Starting iteration 144
server: 	Starting BMC
server: 	Starting k-induction
server: Starting iteration 145
server: 	Starting BMC
server: 	Starting k-induction
server: Starting iteration 146
server: 	Starting BMC
server: 	Starting k-induction
server: Starting iteration 147
server: 	Starting BMC
server: 	Starting k-induction
server: Starting iteration 148
server: 	Starting BMC
server: 	Starting k-induction
server: Starting iteration 149
server: 	Starting BMC
server: 	Starting k-induction
server: Starting iteration 150
server: 	Starting BMC
server: 	Starting k-induction
server: Starting iteration 151
server: 	Starting BMC
server: 	Starting k-induction
server: Starting iteration 152
server: 	Starting BMC
server: 	Starting k-induction
server: Starting iteration 153
server: 	Starting BMC
server: 	Starting k-induction
server: Starting iteration 154
server: 	Starting BMC
server: 	Starting k-induction
server: Starting iteration 155
server: 	Starting BMC
server: 	Starting k-induction
server: Starting iteration 156
server: 	Starting BMC
server: 	Starting k-induction
server: Starting iteration 157
server: 	Starting BMC
server: 	Starting k-induction
server: Starting iteration 158
server: 	Starting BMC
server: 	Starting k-induction
server: Starting iteration 159
server: 	Starting BMC
server: 	Starting k-induction
server: Starting iteration 160
server: 	Starting BMC
server: 	Starting k-induction
server: Starting iteration 161
server: 	Starting BMC
server: 	Starting k-induction
server: Starting iteration 162
server: 	Starting BMC
server: 	Starting k-induction
server: Starting iteration 163
server: 	Starting BMC
server: 	Starting k-induction
server: Starting iteration 164
server: 	Starting BMC
server: 	Starting k-induction
server: Starting iteration 165
server: 	Starting BMC
server: 	Starting k-induction
server: Starting iteration 166
server: 	Starting BMC
server: 	Starting k-induction
server: Starting iteration 167
server: 	Starting BMC
server: 	Starting k-induction
server: Starting iteration 168
server: 	Starting BMC
server: 	Starting k-induction
server: Starting iteration 169
server: 	Starting BMC
server: 	Starting k-induction
server: Starting iteration 170
server: 	Starting BMC
server: 	Starting k-induction
server: Starting iteration 171
server: 	Starting BMC
server: 	Starting k-induction
server: Starting iteration 172
server: 	Starting BMC
server: 	Starting k-induction
server: Starting iteration 173
server: 	Starting BMC
server: 	Starting k-induction
server: Starting iteration 174
server: 	Starting BMC
server: 	Starting k-induction
server: Starting iteration 175
server: 	Starting BMC
server: 	Starting k-induction
server: Starting iteration 176
server: 	Starting BMC
server: 	Starting k-induction
server: Starting iteration 177
server: 	Starting BMC
server: 	Starting k-induction
server: Starting iteration 178
server: 	Starting BMC
server: 	Starting k-induction
server: Starting iteration 179
server: 	Starting BMC
server: 	Starting k-induction
server: Starting iteration 180
server: 	Starting BMC
server: 	Starting k-induction
server: Starting iteration 181
server: 	Starting BMC
server: 	Starting k-induction
server: Starting iteration 182
server: 	Starting BMC
server: 	Starting k-induction
server: Starting iteration 183
server: 	Starting BMC
server: 	Starting k-induction
server: Starting iteration 184
server: 	Starting BMC
server: 	Starting k-induction
server: Starting iteration 185
server: 	Starting BMC
server: 	Starting k-induction
server: Starting iteration 186
server: 	Starting BMC
server: 	Starting k-induction
server: Starting iteration 187
server: 	Starting BMC
server: 	Starting k-induction
server: Starting iteration 188
server: 	Starting BMC
server: 	Starting k-induction
server: Starting iteration 189
server: 	Starting BMC
server: 	Starting k-induction
server: Starting iteration 190
server: 	Starting BMC
server: 	Starting k-induction
server: Starting iteration 191
server: 	Starting BMC
server: 	Starting k-induction
server: Starting iteration 192
server: 	Starting BMC
server: 	Starting k-induction
server: Starting iteration 193
server: 	Starting BMC
server: 	Starting k-induction
server: Starting iteration 194
server: 	Starting BMC
server: 	Starting k-induction
server: Starting iteration 195
server: 	Starting BMC
server: 	Starting k-induction
server: Starting iteration 196
server: 	Starting BMC
server: 	Starting k-induction
server: Starting iteration 197
server: 	Starting BMC
server: 	Starting k-induction
server: Starting iteration 198
server: 	Starting BMC
server: 	Starting k-induction
server: Starting iteration 199
server: 	Starting BMC
server: 	Starting k-induction
server: Starting iteration 200
server: 	Starting BMC
server: 	Starting k-induction
server: Starting iteration 201
server: 	Starting BMC
server: 	Starting k-induction
server: Starting iteration 202
server: 	Starting BMC
server: 	Starting k-induction
server: Starting iteration 203
server: 	Starting BMC
server: 	Starting k-induction
server: Starting iteration 204
server: 	Starting BMC
server: 	Starting k-induction
server: Starting iteration 205
server: 	Starting BMC
server: 	Starting k-induction
server: Starting iteration 206
server: 	Starting BMC
server: 	Starting k-induction
server: Starting iteration 207
server: 	Starting BMC
server: 	Starting k-induction
server: Starting iteration 208
server: 	Starting BMC
server: 	Starting k-induction
server: Starting iteration 209
server: 	Starting BMC
server: 	Starting k-induction
server: Starting iteration 210
server: 	Starting BMC
server: 	Starting k-induction
server: Starting iteration 211
server: 	Starting BMC
server: 	Starting k-induction
server: Starting iteration 212
server: 	Starting BMC
server: 	Starting k-induction
server: Starting iteration 213
server: 	Starting BMC
server: 	Starting k-induction
server: Starting iteration 214
server: 	Starting BMC
server: 	Starting k-induction
server: Starting iteration 215
server: 	Starting BMC
server: 	Starting k-induction
server: Starting iteration 216
server: 	Starting BMC
server: 	Starting k-induction
server: Starting iteration 217
server: 	Starting BMC
server: 	Starting k-induction
server: Starting iteration 218
server: 	Starting BMC
server: 	Starting k-induction
server: Starting iteration 219
server: 	Starting BMC
server: 	Starting k-induction
server: Starting iteration 220
server: 	Starting BMC
server: 	Starting k-induction
server: Starting iteration 221
server: 	Starting BMC
server: 	Starting k-induction
server: Starting iteration 222
server: 	Starting BMC
server: 	Starting k-induction
server: Starting iteration 223
server: 	Starting BMC
server: 	Starting k-induction
server: Starting iteration 224
server: 	Starting BMC
server: 	Starting k-induction
server: Starting iteration 225
server: 	Starting BMC
server: 	Starting k-induction
server: Starting iteration 226
server: 	Starting BMC
server: 	Starting k-induction
server: Starting iteration 227
server: 	Starting BMC
server: 	Starting k-induction
server: Starting iteration 228
server: 	Starting BMC
server: 	Starting k-induction
server: Starting iteration 229
server: 	Starting BMC
server: 	Starting k-induction
server: Starting iteration 230
server: 	Starting BMC
server: 	Starting k-induction
server: Starting iteration 231
server: 	Starting BMC
server: 	Starting k-induction
server: Starting iteration 232
server: 	Starting BMC
server: 	Starting k-induction
server: Starting iteration 233
server: 	Starting BMC
server: 	Starting k-induction
server: Starting iteration 234
server: 	Starting BMC
server: 	Starting k-induction
server: Starting iteration 235
server: 	Starting BMC
server: 	Starting k-induction
server: Starting iteration 236
server: 	Starting BMC
server: 	Starting k-induction
server: Starting iteration 237
server: 	Starting BMC
server: 	Starting k-induction
server: Starting iteration 238
server: 	Starting BMC
server: 	Starting k-induction
server: Starting iteration 239
server: 	Starting BMC
server: 	Starting k-induction
server: Starting iteration 240
server: 	Starting BMC
server: 	Starting k-induction
server: Starting iteration 241
server: 	Starting BMC
server: 	Starting k-induction
server: Starting iteration 242
server: 	Starting BMC
server: 	Starting k-induction
server: Starting iteration 243
server: 	Starting BMC
server: 	Starting k-induction
server: Starting iteration 244
server: 	Starting BMC
server: 	Starting k-induction
server: Starting iteration 245
server: 	Starting BMC
server: 	Starting k-induction
server: Starting iteration 246
server: 	Starting BMC
server: 	Starting k-induction
server: Starting iteration 247
server: 	Starting BMC
server: 	Starting k-induction
server: Starting iteration 248
server: 	Starting BMC
server: 	Starting k-induction
server: Starting iteration 249
server: 	Starting BMC
server: 	Starting k-induction
server: Starting iteration 250
server: 	Starting BMC
server: 	Starting k-induction
server: Starting iteration 251
server: 	Starting BMC
server: 	Starting k-induction
server: Starting iteration 252
server: 	Starting BMC
server: 	Starting k-induction
server: Starting iteration 253
server: 	Starting BMC
server: 	Starting k-induction
server: Starting iteration 254
server: 	Starting BMC
server: 	Starting k-induction
server: Starting iteration 255
server: 	Starting BMC
server: 	Starting k-induction
server: Starting iteration 256
server: 	Starting BMC
server: 	Starting k-induction
server: Starting iteration 257
server: 	Starting BMC
server: 	Starting k-induction
server: Starting iteration 258
server: 	Starting BMC
server: 	Starting k-induction
server: Starting iteration 259
server: 	Starting BMC
server: 	Starting k-induction
server: Starting iteration 260
server: 	Starting BMC
server: 	Starting k-induction
server: Starting iteration 261
server: 	Starting BMC
server: 	Starting k-induction
server: Starting iteration 262
server: 	Starting BMC
server: 	Starting k-induction
server: Starting iteration 263
server: 	Starting BMC
server: 	Starting k-induction
server: Starting iteration 264
server: 	Starting BMC
server: 	Starting k-induction
server: Starting iteration 265
server: 	Starting BMC
server: 	Starting k-induction
server: Starting iteration 266
server: 	Starting BMC
server: 	Starting k-induction
server: Starting iteration 267
server: 	Starting BMC
server: 	Starting k-induction
server: Starting iteration 268
server: 	Starting BMC
server: 	Starting k-induction
server: Starting iteration 269
server: 	Starting BMC
server: 	Starting k-induction
server: Starting iteration 270
server: 	Starting BMC
server: 	Starting k-induction
server: Starting iteration 271
server: 	Starting BMC
server: 	Starting k-induction
server: Starting iteration 272
server: 	Starting BMC
server: 	Starting k-induction
server: Starting iteration 273
server: 	Starting BMC
server: 	Starting k-induction
server: Starting iteration 274
server: 	Starting BMC
server: 	Starting k-induction
server: Starting iteration 275
server: 	Starting BMC
server: 	Starting k-induction
server: Starting iteration 276
server: 	Starting BMC
server: 	Starting k-induction
server: Starting iteration 277
server: 	Starting BMC
server: 	Starting k-induction
server: Starting iteration 278
server: 	Starting BMC
server: 	Starting k-induction
server: Starting iteration 279
server: 	Starting BMC
server: 	Starting k-induction
server: Starting iteration 280
server: 	Starting BMC
server: 	Starting k-induction
server: Starting iteration 281
server: 	Starting BMC
server: 	Starting k-induction
server: Starting iteration 282
server: 	Starting BMC
server: 	Starting k-induction
server: Starting iteration 283
server: 	Starting BMC
server: 	Starting k-induction
server: Starting iteration 284
server: 	Starting BMC
server: 	Starting k-induction
server: Starting iteration 285
server: 	Starting BMC
server: 	Starting k-induction
server: Starting iteration 286
server: 	Starting BMC
server: 	Starting k-induction
server: Starting iteration 287
server: 	Starting BMC
server: 	Starting k-induction
server: Starting iteration 288
server: 	Starting BMC
server: 	Starting k-induction
server: Starting iteration 289
server: 	Starting BMC
server: 	Starting k-induction
server: Starting iteration 290
server: 	Starting BMC
server: 	Starting k-induction
server: Starting iteration 291
server: 	Starting BMC
server: 	Starting k-induction
server: Starting iteration 292
server: 	Starting BMC
server: 	Starting k-induction
server: Starting iteration 293
server: 	Starting BMC
server: 	Starting k-induction
server: Starting iteration 294
server: 	Starting BMC
server: 	Starting k-induction
server: Starting iteration 295
server: 	Starting BMC
server: 	Starting k-induction
server: Starting iteration 296
server: 	Starting BMC
server: 	Starting k-induction
server: Starting iteration 297
server: 	Starting BMC
server: 	Starting k-induction
server: Starting iteration 298
server: 	Starting BMC
server: 	Starting k-induction
server: Starting iteration 299
server: 	Starting BMC
server: 	Starting k-induction
server: Starting iteration 300
server: 	Starting BMC
server: 	Starting k-induction
server: Starting iteration 301
server: 	Starting BMC
server: 	Starting k-induction
server: Starting iteration 302
server: 	Starting BMC
server: 	Starting k-induction
server: Starting iteration 303
server: 	Starting BMC
server: 	Starting k-induction
server: Starting iteration 304
server: 	Starting BMC
server: 	Starting k-induction
server: Starting iteration 305
server: 	Starting BMC
server: 	Starting k-induction
server: Starting iteration 306
server: 	Starting BMC
server: 	Starting k-induction
server: Starting iteration 307
server: 	Starting BMC
server: 	Starting k-induction
server: Starting iteration 308
server: 	Starting BMC
server: 	Starting k-induction
server: Starting iteration 309
server: 	Starting BMC
server: 	Starting k-induction
server: Starting iteration 310
server: 	Starting BMC
server: 	Starting k-induction
server: Starting iteration 311
server: 	Starting BMC
server: 	Starting k-induction
server: Starting iteration 312
server: 	Starting BMC
server: 	Starting k-induction
server: Starting iteration 313
server: 	Starting BMC
server: 	Starting k-induction
server: Starting iteration 314
server: 	Starting BMC
server: 	Starting k-induction
server: Starting iteration 315
server: 	Starting BMC
server: 	Starting k-induction
server: Starting iteration 316
server: 	Starting BMC
server: 	Starting k-induction
server: Starting iteration 317
server: 	Starting BMC
server: 	Starting k-induction
server: Starting iteration 318
server: 	Starting BMC
server: 	Starting k-induction
server: Starting iteration 319
server: 	Starting BMC
server: 	Starting k-induction
server: Starting iteration 320
server: 	Starting BMC
server: 	Starting k-induction
server: Starting iteration 321
server: 	Starting BMC
server: 	Starting k-induction
server: Starting iteration 322
server: 	Starting BMC
server: 	Starting k-induction
server: Starting iteration 323
server: 	Starting BMC
server: 	Starting k-induction
server: Starting iteration 324
server: 	Starting BMC
server: 	Starting k-induction
server: Starting iteration 325
server: 	Starting BMC
server: 	Starting k-induction
server: Starting iteration 326
server: 	Starting BMC
server: 	Starting k-induction
server: Starting iteration 327
server: 	Starting BMC
server: 	Starting k-induction
server: Starting iteration 328
server: 	Starting BMC
server: 	Starting k-induction
server: Starting iteration 329
server: 	Starting BMC
server: 	Starting k-induction
server: Starting iteration 330
server: 	Starting BMC
server: 	Starting k-induction
server: Starting iteration 331
server: 	Starting BMC
server: 	Starting k-induction
server: Starting iteration 332
server: 	Starting BMC
server: 	Starting k-induction
server: Starting iteration 333
server: 	Starting BMC
server: 	Starting k-induction
server: Starting iteration 334
server: 	Starting BMC
server: 	Starting k-induction
server: Starting iteration 335
server: 	Starting BMC
server: 	Starting k-induction
server: Starting iteration 336
server: 	Starting BMC
server: 	Starting k-induction
server: Starting iteration 337
server: 	Starting BMC
server: 	Starting k-induction
server: Starting iteration 338
server: 	Starting BMC
server: 	Starting k-induction
server: Starting iteration 339
server: 	Starting BMC
server: 	Starting k-induction
server: Starting iteration 340
server: 	Starting BMC
server: 	Starting k-induction
server: Starting iteration 341
server: 	Starting BMC
server: 	Starting k-induction
server: Starting iteration 342
server: 	Starting BMC
server: 	Starting k-induction
server: Starting iteration 343
server: 	Starting BMC
server: 	Starting k-induction
server: Starting iteration 344
server: 	Starting BMC
server: 	Starting k-induction
server: Starting iteration 345
server: 	Starting BMC
server: 	Starting k-induction
server: Starting iteration 346
server: 	Starting BMC
server: 	Starting k-induction
server: Starting iteration 347
server: 	Starting BMC
server: 	Starting k-induction
server: Starting iteration 348
server: 	Starting BMC
server: 	Starting k-induction
server: Starting iteration 349
server: 	Starting BMC
server: 	Starting k-induction
server: Starting iteration 350
server: 	Starting BMC
server: 	Starting k-induction
server: Starting iteration 351
server: 	Starting BMC
server: 	Starting k-induction
server: Starting iteration 352
server: 	Starting BMC
server: 	Starting k-induction
server: Starting iteration 353
server: 	Starting BMC
server: 	Starting k-induction
server: Starting iteration 354
server: 	Starting BMC
server: 	Starting k-induction
server: Starting iteration 355
server: 	Starting BMC
server: 	Starting k-induction
server: Starting iteration 356
server: 	Starting BMC
server: 	Starting k-induction
server: Starting iteration 357
server: 	Starting BMC
server: 	Starting k-induction
server: Starting iteration 358
server: 	Starting BMC
server: 	Starting k-induction
server: Starting iteration 359
server: 	Starting BMC
