tools/baseline/theta-start.sh sv-benchmarks/c/loops/sum03-1.i --svcomp --portfolio 'PredCart(900, true, true) -> KInd()' --loglevel RESULT --output-directory ./output --property sv-benchmarks/c/properties/unreach-call.prp --architecture ILP32 --memlimit 15000000000


--------------------------------------------------------------------------------


LD_LIBRARY_PATH=/tmp/vcloud_worker_meres_on_bme-233008/run_dir_544e73b5-8ade-4d3e-a800-46d3e198f070/tools/baseline/lib /usr/lib/jvm/java-17-openjdk-amd64/bin/java -Xss120m -Xmx14210m -jar /tmp/vcloud_worker_meres_on_bme-233008/run_dir_544e73b5-8ade-4d3e-a800-46d3e198f070/tools/baseline/theta.jar --svcomp --portfolio PredCart(900, true, true) -> KInd() --loglevel RESULT --output-directory ./output --property sv-benchmarks/c/properties/unreach-call.prp --architecture ILP32 --memlimit 15000000000 --input sv-benchmarks/c/loops/sum03-1.i --smt-home /tmp/vcloud_worker_meres_on_bme-233008/run_dir_544e73b5-8ade-4d3e-a800-46d3e198f070/tools/baseline/solvers
Arithmetic: [NONLIN_INT]
ParsingResult Success
Alias graph size: 0 -> []
PARTS: [PredCart(900, true, true), KInd()]
Current configuration: XcfaConfig(inputConfig=InputConfig(inputFile=null, catFile=null, parseCtx=null, xcfaWCtx=present, propertyFile=null, property=ERROR_LOCATION, partialResult=null, frontendConfig=FrontendConfig(lbeLevel=LBE_SEQ, staticCoi=false, loopUnroll=1000, forceUnroll=-1, enableFew=false, inputType=C, specConfig=CFrontendConfig(arithmetic=efficient, architecture=ILP32)), backendConfig=BackendConfig(backend=CEGAR, solverHome=/home/benchexec/.theta, timeoutMs=900000, softTimeoutMs=900000, inProcess=true, parseInProcess=false, inPortfolio=true, memlimit=0, disablePartialResult=false, specConfig=CegarConfig(initPrec=EMPTY, porLevel=NOPOR, porRandomSeed=0, coi=NO_COI, cexMonitor=CHECK, iterationTimeHeuristic=true, abstractorConfig=CegarAbstractorConfig(abstractionSolver=Z3, validateAbstractionSolver=false, domain=PRED_CART, maxEnum=2, search=ERR, havocMemory=false), refinerConfig=CegarRefinerConfig(refinementSolver=Z3, validateRefinementSolver=false, refinement=SEQ_ITP, exprSplitter=CONJUNCTS, pruneStrategy=LAZY))), outputConfig=OutputConfig(versionInfo=false, enableOutput=true, resultFolder=./output/PredCart(900, true, true) -> KInd()/PredCart(900, true, true), acceptUnreliableSafe=false, cOutputConfig=COutputConfig(disable=true, useArr=false, useExArr=false, useRange=false), xcfaOutputConfig=XcfaOutputConfig(disable=true), chcOutputConfig=ChcOutputConfig(disable=true), witnessConfig=WitnessConfig(disable=false, svcomp=true, concretizerSolver=Z3, validateConcretizerSolver=false, inputFileForWitness=null), partialResultOutputConfig=PartialResultOutputConfig(enable=false, tempFileLocation=null), argConfig=ArgConfig(disable=true)), debugConfig=DebugConfig(debug=false, stacktrace=false, logLevel=INFO, argdebug=false, argToFile=false))
PartialResultJson: /dev/shm/partialResult9034709735613314687.json
server: Registered Legacy-Z3 SolverManager
server: Registered Z3 SolverManager
server: Registered JavaSMT SolverManager
server: Registered SMT-LIB SolverManager
server: Successfully loaded LocationInvariants from /dev/shm/partialResult9034709735613314687.json
server: [33m[WARN] LocationInvariants are empty map. Returning null!
server: [0mConfiguration: (CegarChecker (XcfaArgAbstractor (PriorityWaitlist XcfaDistToErrComparator)) (XcfaSingleExprTraceRefiner ExprTraceSeqItpChecker XcfaPrecRefiner))
server: TimeoutMs In Cegar:900000
server: Iteration 1
server: | Checking abstraction...
server: |  |  PrecisionSize: 0
server: |  |  (Re)initializing ARG...done
server: |  |  Starting ARG: 1 nodes, 1 incomplete, 0 unsafe
server: |  |  (StopCriterion FirstCex)...
server: |  |  Building ARG...
server: |  |  Finished ARG: 7 nodes, 2 incomplete, 1 unsafe
server: | Checking abstraction done, result: (AbstractorResult Unsafe)
server: | Refining abstraction...
server: |  |  Trace length: 4
server: |  |  Checking trace...done, result: (ExprTraceStatus Infeasible)
server: |  |  Pruning from index 2...done
server: Refining abstraction done, result: (RefinerResult Spurious)
server: ! Precision DID change in this iteration
server: Iteration took 0s to run! 
server: ExplPreictor: Predicted 0.200s, Real 0.165s 
server:               Weight 1.7 -> 0.9637170685448263 
server: Iteration 2
server: | Checking abstraction...
server: |  |  PrecisionSize: 8
server: |  |  Starting ARG: 2 nodes, 1 incomplete, 0 unsafe
server: |  |  (StopCriterion FirstCex)...
server: |  |  Building ARG...
server: |  |  Finished ARG: 11 nodes, 3 incomplete, 1 unsafe
server: | Checking abstraction done, result: (AbstractorResult Unsafe)
server: | Refining abstraction...
server: |  |  Trace length: 6
server: |  |  Checking trace...done, result: (ExprTraceStatus Infeasible)
server: |  |  Pruning from index 2...done
server: Refining abstraction done, result: (RefinerResult Spurious)
server: ! Precision DID change in this iteration
server: Iteration took 0s to run! 
server: ExplPreictor: Predicted 0.137s, Real 0.305s 
server:               Weight 0.9637170685448263 -> 1.057792758271263 
server: Iteration 3
server: | Checking abstraction...
server: |  |  PrecisionSize: 9
server: |  |  Starting ARG: 2 nodes, 1 incomplete, 0 unsafe
server: |  |  (StopCriterion FirstCex)...
server: |  |  Building ARG...
server: |  |  Finished ARG: 11 nodes, 2 incomplete, 1 unsafe
server: | Checking abstraction done, result: (AbstractorResult Unsafe)
server: | Refining abstraction...
server: |  |  Trace length: 6
server: |  |  Checking trace...done, result: (ExprTraceStatus Infeasible)
server: |  |  Pruning from index 2...done
server: Refining abstraction done, result: (RefinerResult Spurious)
server: ! Precision DID change in this iteration
server: Iteration took 0s to run! 
server: ExplPreictor: Predicted 0.424s, Real 0.524s 
server:               Weight 1.057792758271263 -> 1.0479741933925641 
server: Iteration 4
server: | Checking abstraction...
server: |  |  PrecisionSize: 30
server: |  |  Starting ARG: 2 nodes, 1 incomplete, 0 unsafe
server: |  |  (StopCriterion FirstCex)...
server: |  |  Building ARG...
server: |  |  Finished ARG: 19 nodes, 2 incomplete, 1 unsafe
server: | Checking abstraction done, result: (AbstractorResult Unsafe)
server: | Refining abstraction...
server: |  |  Trace length: 10
server: |  |  Checking trace...done, result: (ExprTraceStatus Infeasible)
server: |  |  Pruning from index 4...done
server: Refining abstraction done, result: (RefinerResult Spurious)
server: ! Precision DID change in this iteration
server: Iteration took 10s to run! 
server: ExplPreictor: Predicted 0.708s, Real 10.858s 
server:               Weight 1.0479741933925641 -> 1.1744373598770264 
server: Iteration 5
server: | Checking abstraction...
server: |  |  PrecisionSize: 35
server: |  |  Starting ARG: 6 nodes, 1 incomplete, 0 unsafe
server: |  |  (StopCriterion FirstCex)...
server: |  |  Building ARG...
server: |  |  Finished ARG: 27 nodes, 2 incomplete, 1 unsafe
server: | Checking abstraction done, result: (AbstractorResult Unsafe)
server: | Refining abstraction...
server: |  |  Trace length: 14
server: |  |  Checking trace...done, result: (ExprTraceStatus Infeasible)
server: |  |  Pruning from index 3...done
server: Refining abstraction done, result: (RefinerResult Spurious)
server: ! Precision DID change in this iteration
server: Iteration took 4s to run! 
server: ExplPreictor: Predicted 54.921s, Real 15.478s 
server:               Weight 1.1744373598770264 -> 1.0299469161203696 
server: Iteration 6
server: | Checking abstraction...
server: |  |  PrecisionSize: 41
server: |  |  Starting ARG: 4 nodes, 1 incomplete, 0 unsafe
server: |  |  (StopCriterion FirstCex)...
server: |  |  Building ARG...
server: |  |  Finished ARG: 39 nodes, 2 incomplete, 1 unsafe
server: | Checking abstraction done, result: (AbstractorResult Unsafe)
server: | Refining abstraction...
server: |  |  Trace length: 20
server: |  |  Checking trace...done, result: (ExprTraceStatus Infeasible)
server: |  |  Pruning from index 4...done
server: Refining abstraction done, result: (RefinerResult Spurious)
server: ! Precision DID change in this iteration
server: Iteration took 259s to run! 
server: ExplPreictor: Predicted 20.663s, Real 275.188s 
server:               Weight 1.0299469161203696 -> 1.0992386870455642 
server: --------Iteration time heuristic predicts timeout--------
server: |  |  PrecisionSize: 41
server: |  |  Starting ARG: 6 nodes, 1 incomplete, 0 unsafe
server: |  |  (StopCriterion FullExploration)...
server: |  |  Building ARG...
server: |  |  Finished ARG: 39 nodes, 1 incomplete, 1 unsafe
server: Backend finished (in 283162 ms)
server: (SafetyResult Partial)
server: Successfully loaded LocationInvariants from /dev/shm/partialResult9034709735613314687.json
server: [33m[WARN] LocationInvariants are empty map. Returning null!
server: [0mLocationInvariants(
server:   __loc_90[(PredState (or
server:              (and
server:                (>= (div (+ 1 main::x) 4294967296) 0)
server:                (>= main::sn 0)
server:                (not (>= (div (+ 1 main::x) 4294967296) 1))
server:                (<= main::sn 0)
server:                (>= main::x 0)
server:                (<= main::x 0)
server:                (= 0 main::x)
server:                (or
server:                  (not (<= (+ (* -1 main::x) (* 4294967296 (div main::x 4294967296))) -10))
server:                  (<= 4294967296 (+ main::x (* -4294967296 (div main::x 4294967296)))))
server:                (or
server:                  (>= (+ main::sn (* -2 (mod main::x 4294967296))) 0)
server:                  (and
server:                    (or
server:                      (<=
server:                        -4
server:                        (+ (* 8589934592 (div main::x 4294967296)) (* 2 main::x) (* -3 main::sn)))
server:                      (<=
server:                        4294967295
server:                        (+ (* -4294967296 (div main::x 4294967296)) (* -1 main::x))))
server:                    (or
server:                      (not (<= (+ main::sn (* -1 main::x)) 0))
server:                      (not (>= (+ main::sn (* -1 main::x)) 0)))
server:                    (or
server:                      (not (<= (+ (* -1 main::x) main::sn) -1))
server:                      (<= 4294967297 (+ main::x (* -1 main::sn))))
server:                    (or
server:                      (not (<= (+ (* -1 main::x) main::sn) -2))
server:                      (not (<= (+ main::x (* -1 main::sn)) 2)))
server:                    (<= 1 (+ (* -1 main::x) main::sn))
server:                    (<= 2 (+ (* -1 main::sn) (* 2 (mod main::x 4294967296))))))
server:                (<=
server:                  4
server:                  (+
server:                    (* 2 main::sn)
server:                    (* 4294967296 (div (+ 8589934590 (* -4294967295 main::sn)) 4294967296))))
server:                (or
server:                  (<=
server:                    -1
server:                    (+
server:                      (* -4294967296 (div main::x 4294967296))
server:                      (* -1 main::x)
server:                      (* 4294967296 (div (+ 2 (* -1 main::sn)) 4294967296))))
server:                  (and
server:                    (<=
server:                      4294967293
server:                      (+ (* -2 main::sn) (* 4294967296 (div main::x 4294967296)) main::x))
server:                    (or
server:                      (not (<= (+ (* -1 main::x) main::sn) -1))
server:                      (<= 4294967297 (+ main::x (* -1 main::sn))))
server:                    (or
server:                      (not (<= (+ (* -1 main::x) main::sn) -2))
server:                      (not (<= (+ main::x (* -1 main::sn)) 2)))
server:                    (<= 1 (+ (* -1 main::x) main::sn))))
server:                (or
server:                  (<=
server:                    0
server:                    (+ (* -2 main::x) (* -8589934592 (div main::x 4294967296)) main::sn))
server:                  (and
server:                    (<=
server:                      4294967293
server:                      (+ (* -2 main::sn) (* 4294967296 (div main::x 4294967296)) main::x))
server:                    (or
server:                      (not (<= (+ (* -1 main::x) main::sn) -1))
server:                      (<= 4294967297 (+ main::x (* -1 main::sn))))
server:                    (or
server:                      (not (<= (+ (* -1 main::x) main::sn) -2))
server:                      (not (<= (+ main::x (* -1 main::sn)) 2)))
server:                    (<= 1 (+ (* -1 main::x) main::sn))))
server:                (or
server:                  (<=
server:                    -4
server:                    (+
server:                      (* -1 main::sn)
server:                      (* -8589934592 (div main::x 4294967296))
server:                      (* -2 main::x)))
server:                  (and
server:                    (<=
server:                      4294967293
server:                      (+ (* -2 main::sn) (* 4294967296 (div main::x 4294967296)) main::x))
server:                    (or
server:                      (not (<= (+ (* -1 main::x) main::sn) -1))
server:                      (<= 4294967297 (+ main::x (* -1 main::sn))))
server:                    (or
server:                      (not (<= (+ (* -1 main::x) main::sn) -2))
server:                      (not (<= (+ main::x (* -1 main::sn)) 2)))
server:                    (<= 1 (+ (* -1 main::x) main::sn))))
server:                (or
server:                  (not (<= (+ (* -1 main::x) main::sn) -1))
server:                  (<= 4294967297 (+ main::x (* -1 main::sn))))
server:                (not (<= 1 (+ (* -1 main::x) main::sn)))
server:                (or
server:                  (<=
server:                    0
server:                    (+ (* 2 main::x) (* 8589934592 (div main::x 4294967296)) (* -1 main::sn)))
server:                  (<=
server:                    4294967295
server:                    (+ (* -4294967296 (div main::x 4294967296)) (* -1 main::x))))
server:                (not
server:                  (or
server:                    (not (<= (+ main::sn (* -1 main::x)) 0))
server:                    (not (>= (+ main::sn (* -1 main::x)) 0))))
server:                (or
server:                  (not (<= (+ (* -1 main::x) main::sn) -2))
server:                  (not (<= (+ main::x (* -1 main::sn)) 2)))
server:                (or
server:                  (and
server:                    (not (<= (+ (* -1 main::x) main::sn) -1))
server:                    (>= (div (+ 1 main::x) 4294967296) 0))
server:                  (and
server:                    (<= 4294967297 (+ main::x (* -1 main::sn)))
server:                    (not (>= (div (+ 1 main::x) 4294967296) 1))))
server:                (or
server:                  (<=
server:                    -4
server:                    (+
server:                      (* -1 main::sn)
server:                      (* -8589934592 (div main::x 4294967296))
server:                      (* -2 main::x)))
server:                  (and
server:                    (<=
server:                      4294967293
server:                      (+ (* -2 main::sn) (* 4294967296 (div main::x 4294967296)) main::x))
server:                    (or
server:                      (and
server:                        (not (<= (+ (* -1 main::x) main::sn) -1))
server:                        (>= (div (+ 1 main::x) 4294967296) 0))
server:                      (and
server:                        (<= 4294967297 (+ main::x (* -1 main::sn)))
server:                        (not (>= (div (+ 1 main::x) 4294967296) 1))))
server:                    (or
server:                      (not (<= (+ (* -1 main::x) main::sn) -2))
server:                      (not (<= (+ main::x (* -1 main::sn)) 2)))
server:                    (<= 1 (+ (* -1 main::x) main::sn))
server:                    (>= (div (+ 1 main::x) 4294967296) 0)
server:                    (not (>= (div (+ 1 main::x) 4294967296) 1))))
server:                (<=
server:                  0
server:                  (+ (* 2 main::x) (* 8589934592 (div main::x 4294967296)) (* -1 main::sn)))
server:                (or
server:                  (and
server:                    (<=
server:                      0
server:                      (+ (* -2 main::x) (* -8589934592 (div main::x 4294967296)) main::sn))
server:                    (not (>= (div (+ 1 main::x) 4294967296) 1))
server:                    (>= (div (+ 1 main::x) 4294967296) 0))
server:                  (and
server:                    (<=
server:                      4294967293
server:                      (+ (* -2 main::sn) (* 4294967296 (div main::x 4294967296)) main::x))
server:                    (or
server:                      (and
server:                        (not (<= (+ (* -1 main::x) main::sn) -1))
server:                        (>= (div (+ 1 main::x) 4294967296) 0))
server:                      (and
server:                        (<= 4294967297 (+ main::x (* -1 main::sn)))
server:                        (not (>= (div (+ 1 main::x) 4294967296) 1))))
server:                    (or
server:                      (not (<= (+ (* -1 main::x) main::sn) -2))
server:                      (not (<= (+ main::x (* -1 main::sn)) 2)))
server:                    (<= 1 (+ (* -1 main::x) main::sn))
server:                    (>= (div (+ 1 main::x) 4294967296) 0)
server:                    (not (>= (div (+ 1 main::x) 4294967296) 1))))
server:                (or
server:                  (>= (+ main::sn (* -2 (mod main::x 4294967296))) 0)
server:                  (and
server:                    (<=
server:                      -4
server:                      (+ (* 8589934592 (div main::x 4294967296)) (* 2 main::x) (* -3 main::sn)))
server:                    (not (>= (div (+ 1 main::x) 4294967296) 1))
server:                    (or
server:                      (not (<= (+ main::sn (* -1 main::x)) 0))
server:                      (not (>= (+ main::sn (* -1 main::x)) 0)))
server:                    (or
server:                      (and
server:                        (not (<= (+ (* -1 main::x) main::sn) -1))
server:                        (>= (div (+ 1 main::x) 4294967296) 0))
server:                      (and
server:                        (<= 4294967297 (+ main::x (* -1 main::sn)))
server:                        (not (>= (div (+ 1 main::x) 4294967296) 1))))
server:                    (or
server:                      (not (<= (+ (* -1 main::x) main::sn) -2))
server:                      (not (<= (+ main::x (* -1 main::sn)) 2)))
server:                    (<= 1 (+ (* -1 main::x) main::sn))
server:                    (>= (div (+ 1 main::x) 4294967296) 0)
server:                    (<= 2 (+ (* -1 main::sn) (* 2 (mod main::x 4294967296))))))
server:                (or
server:                  (=
server:                    (+
server:                      (mod main::sn 4294967296)
server:                      (* -1 (mod (* 2 (mod main::x 4294967296)) 4294967296)))
server:                    0)
server:                  (= main::sn 0))
server:                (or
server:                  (<=
server:                    -1
server:                    (+
server:                      (* -4294967296 (div main::x 4294967296))
server:                      (* -1 main::x)
server:                      (* 4294967296 (div (+ 2 (* -1 main::sn)) 4294967296))))
server:                  (and
server:                    (<=
server:                      4294967293
server:                      (+ (* -2 main::sn) (* 4294967296 (div main::x 4294967296)) main::x))
server:                    (or
server:                      (and
server:                        (not (<= (+ (* -1 main::x) main::sn) -1))
server:                        (>= (div (+ 1 main::x) 4294967296) 0))
server:                      (and
server:                        (<= 4294967297 (+ main::x (* -1 main::sn)))
server:                        (not (>= (div (+ 1 main::x) 4294967296) 1))))
server:                    (or
server:                      (not (<= (+ (* -1 main::x) main::sn) -2))
server:                      (not (<= (+ main::x (* -1 main::sn)) 2)))
server:                    (<= 1 (+ (* -1 main::x) main::sn))
server:                    (>= (div (+ 1 main::x) 4294967296) 0)
server:                    (not (>= (div (+ 1 main::x) 4294967296) 1))))
server:                (<=
server:                  (+
server:                    (mod main::sn 4294967296)
server:                    (* -1 (mod (* 2 (mod main::x 4294967296)) 4294967296)))
server:                  0)
server:                (>=
server:                  (+
server:                    (mod main::sn 4294967296)
server:                    (* -1 (mod (* 2 (mod main::x 4294967296)) 4294967296)))
server:                  0))
server:              (and
server:                (>= (div (+ 1 main::x) 4294967296) 0)
server:                (>= main::sn 0)
server:                (not (>= (div (+ 1 main::x) 4294967296) 1))
server:                (not (<= main::sn 0))
server:                (>= main::x 0)
server:                (not (<= main::x 0))
server:                (not (= 0 main::x))
server:                (not (= 0 __VERIFIER_assert::cond))
server:                (or
server:                  (not (<= (+ (* -1 main::x) (* 4294967296 (div main::x 4294967296))) -10))
server:                  (<= 4294967296 (+ main::x (* -4294967296 (div main::x 4294967296)))))
server:                (or
server:                  (>= (+ main::sn (* -2 (mod main::x 4294967296))) 0)
server:                  (and
server:                    (or
server:                      (<=
server:                        -4
server:                        (+ (* 8589934592 (div main::x 4294967296)) (* 2 main::x) (* -3 main::sn)))
server:                      (<=
server:                        4294967295
server:                        (+ (* -4294967296 (div main::x 4294967296)) (* -1 main::x))))
server:                    (or
server:                      (not (<= (+ main::sn (* -1 main::x)) 0))
server:                      (not (>= (+ main::sn (* -1 main::x)) 0)))
server:                    (or
server:                      (not (<= (+ (* -1 main::x) main::sn) -1))
server:                      (<= 4294967297 (+ main::x (* -1 main::sn))))
server:                    (or
server:                      (not (<= (+ (* -1 main::x) main::sn) -2))
server:                      (not (<= (+ main::x (* -1 main::sn)) 2)))
server:                    (<= 1 (+ (* -1 main::x) main::sn))
server:                    (<= 2 (+ (* -1 main::sn) (* 2 (mod main::x 4294967296))))))
server:                (iff
server:                  (not (= __VERIFIER_assert::cond 0))
server:                  (or
server:                    (=
server:                      (+
server:                        (mod main::sn 4294967296)
server:                        (* -1 (mod (* 2 (mod main::x 4294967296)) 4294967296)))
server:                      0)
server:                    (= main::sn 0)))
server:                (<=
server:                  4
server:                  (+
server:                    (* 2 main::sn)
server:                    (* 4294967296 (div (+ 8589934590 (* -4294967295 main::sn)) 4294967296))))
server:                (or
server:                  (<=
server:                    -1
server:                    (+
server:                      (* -4294967296 (div main::x 4294967296))
server:                      (* -1 main::x)
server:                      (* 4294967296 (div (+ 2 (* -1 main::sn)) 4294967296))))
server:                  (and
server:                    (<=
server:                      4294967293
server:                      (+ (* -2 main::sn) (* 4294967296 (div main::x 4294967296)) main::x))
server:                    (or
server:                      (not (<= (+ (* -1 main::x) main::sn) -1))
server:                      (<= 4294967297 (+ main::x (* -1 main::sn))))
server:                    (or
server:                      (not (<= (+ (* -1 main::x) main::sn) -2))
server:                      (not (<= (+ main::x (* -1 main::sn)) 2)))
server:                    (<= 1 (+ (* -1 main::x) main::sn))))
server:                (or
server:                  (<=
server:                    0
server:                    (+ (* -2 main::x) (* -8589934592 (div main::x 4294967296)) main::sn))
server:                  (and
server:                    (<=
server:                      4294967293
server:                      (+ (* -2 main::sn) (* 4294967296 (div main::x 4294967296)) main::x))
server:                    (or
server:                      (not (<= (+ (* -1 main::x) main::sn) -1))
server:                      (<= 4294967297 (+ main::x (* -1 main::sn))))
server:                    (or
server:                      (not (<= (+ (* -1 main::x) main::sn) -2))
server:                      (not (<= (+ main::x (* -1 main::sn)) 2)))
server:                    (<= 1 (+ (* -1 main::x) main::sn))))
server:                (or
server:                  (<=
server:                    -4
server:                    (+
server:                      (* -1 main::sn)
server:                      (* -8589934592 (div main::x 4294967296))
server:                      (* -2 main::x)))
server:                  (and
server:                    (<=
server:                      4294967293
server:                      (+ (* -2 main::sn) (* 4294967296 (div main::x 4294967296)) main::x))
server:                    (or
server:                      (not (<= (+ (* -1 main::x) main::sn) -1))
server:                      (<= 4294967297 (+ main::x (* -1 main::sn))))
server:                    (or
server:                      (not (<= (+ (* -1 main::x) main::sn) -2))
server:                      (not (<= (+ main::x (* -1 main::sn)) 2)))
server:                    (<= 1 (+ (* -1 main::x) main::sn))))
server:                (or
server:                  (not (<= (+ (* -1 main::x) main::sn) -1))
server:                  (<= 4294967297 (+ main::x (* -1 main::sn))))
server:                (<= 1 (+ (* -1 main::x) main::sn))
server:                (or
server:                  (<=
server:                    0
server:                    (+ (* 2 main::x) (* 8589934592 (div main::x 4294967296)) (* -1 main::sn)))
server:                  (<=
server:                    4294967295
server:                    (+ (* -4294967296 (div main::x 4294967296)) (* -1 main::x))))
server:                (or
server:                  (not (<= (+ main::sn (* -1 main::x)) 0))
server:                  (not (>= (+ main::sn (* -1 main::x)) 0)))
server:                (or
server:                  (not (<= (+ (* -1 main::x) main::sn) -2))
server:                  (not (<= (+ main::x (* -1 main::sn)) 2)))
server:                (or
server:                  (and
server:                    (not (<= (+ (* -1 main::x) main::sn) -1))
server:                    (>= (div (+ 1 main::x) 4294967296) 0))
server:                  (and
server:                    (<= 4294967297 (+ main::x (* -1 main::sn)))
server:                    (not (>= (div (+ 1 main::x) 4294967296) 1))))
server:                (or
server:                  (<=
server:                    -4
server:                    (+
server:                      (* -1 main::sn)
server:                      (* -8589934592 (div main::x 4294967296))
server:                      (* -2 main::x)))
server:                  (and
server:                    (<=
server:                      4294967293
server:                      (+ (* -2 main::sn) (* 4294967296 (div main::x 4294967296)) main::x))
server:                    (or
server:                      (and
server:                        (not (<= (+ (* -1 main::x) main::sn) -1))
server:                        (>= (div (+ 1 main::x) 4294967296) 0))
server:                      (and
server:                        (<= 4294967297 (+ main::x (* -1 main::sn)))
server:                        (not (>= (div (+ 1 main::x) 4294967296) 1))))
server:                    (or
server:                      (not (<= (+ (* -1 main::x) main::sn) -2))
server:                      (not (<= (+ main::x (* -1 main::sn)) 2)))
server:                    (<= 1 (+ (* -1 main::x) main::sn))
server:                    (>= (div (+ 1 main::x) 4294967296) 0)
server:                    (not (>= (div (+ 1 main::x) 4294967296) 1))))
server:                (<=
server:                  0
server:                  (+ (* 2 main::x) (* 8589934592 (div main::x 4294967296)) (* -1 main::sn)))
server:                (or
server:                  (and
server:                    (<=
server:                      0
server:                      (+ (* -2 main::x) (* -8589934592 (div main::x 4294967296)) main::sn))
server:                    (not (>= (div (+ 1 main::x) 4294967296) 1))
server:                    (>= (div (+ 1 main::x) 4294967296) 0))
server:                  (and
server:                    (<=
server:                      4294967293
server:                      (+ (* -2 main::sn) (* 4294967296 (div main::x 4294967296)) main::x))
server:                    (or
server:                      (and
server:                        (not (<= (+ (* -1 main::x) main::sn) -1))
server:                        (>= (div (+ 1 main::x) 4294967296) 0))
server:                      (and
server:                        (<= 4294967297 (+ main::x (* -1 main::sn)))
server:                        (not (>= (div (+ 1 main::x) 4294967296) 1))))
server:                    (or
server:                      (not (<= (+ (* -1 main::x) main::sn) -2))
server:                      (not (<= (+ main::x (* -1 main::sn)) 2)))
server:                    (<= 1 (+ (* -1 main::x) main::sn))
server:                    (>= (div (+ 1 main::x) 4294967296) 0)
server:                    (not (>= (div (+ 1 main::x) 4294967296) 1))))
server:                (or
server:                  (>= (+ main::sn (* -2 (mod main::x 4294967296))) 0)
server:                  (and
server:                    (<=
server:                      -4
server:                      (+ (* 8589934592 (div main::x 4294967296)) (* 2 main::x) (* -3 main::sn)))
server:                    (not (>= (div (+ 1 main::x) 4294967296) 1))
server:                    (or
server:                      (not (<= (+ main::sn (* -1 main::x)) 0))
server:                      (not (>= (+ main::sn (* -1 main::x)) 0)))
server:                    (or
server:                      (and
server:                        (not (<= (+ (* -1 main::x) main::sn) -1))
server:                        (>= (div (+ 1 main::x) 4294967296) 0))
server:                      (and
server:                        (<= 4294967297 (+ main::x (* -1 main::sn)))
server:                        (not (>= (div (+ 1 main::x) 4294967296) 1))))
server:                    (or
server:                      (not (<= (+ (* -1 main::x) main::sn) -2))
server:                      (not (<= (+ main::x (* -1 main::sn)) 2)))
server:                    (<= 1 (+ (* -1 main::x) main::sn))
server:                    (>= (div (+ 1 main::x) 4294967296) 0)
server:                    (<= 2 (+ (* -1 main::sn) (* 2 (mod main::x 4294967296))))))
server:                (or
server:                  (=
server:                    (+
server:                      (mod main::sn 4294967296)
server:                      (* -1 (mod (* 2 (mod main::x 4294967296)) 4294967296)))
server:                    0)
server:                  (= main::sn 0))
server:                (or
server:                  (<=
server:                    -1
server:                    (+
server:                      (* -4294967296 (div main::x 4294967296))
server:                      (* -1 main::x)
server:                      (* 4294967296 (div (+ 2 (* -1 main::sn)) 4294967296))))
server:                  (and
server:                    (<=
server:                      4294967293
server:                      (+ (* -2 main::sn) (* 4294967296 (div main::x 4294967296)) main::x))
server:                    (or
server:                      (and
server:                        (not (<= (+ (* -1 main::x) main::sn) -1))
server:                        (>= (div (+ 1 main::x) 4294967296) 0))
server:                      (and
server:                        (<= 4294967297 (+ main::x (* -1 main::sn)))
server:                        (not (>= (div (+ 1 main::x) 4294967296) 1))))
server:                    (or
server:                      (not (<= (+ (* -1 main::x) main::sn) -2))
server:                      (not (<= (+ main::x (* -1 main::sn)) 2)))
server:                    (<= 1 (+ (* -1 main::x) main::sn))
server:                    (>= (div (+ 1 main::x) 4294967296) 0)
server:                    (not (>= (div (+ 1 main::x) 4294967296) 1))))
server:                (or
server:                  (not
server:                    (or
server:                      (=
server:                        (+
server:                          (mod main::sn 4294967296)
server:                          (* -1 (mod (* 2 (mod main::x 4294967296)) 4294967296)))
server:                        0)
server:                      (= main::sn 0)))
server:                  (and
server:                    (or
server:                      (=
server:                        (+
server:                          (mod main::sn 4294967296)
server:                          (* -1 (mod (* 2 (mod main::x 4294967296)) 4294967296)))
server:                        0)
server:                      (= main::sn 0))
server:                    (=
server:                      __VERIFIER_assert::cond
server:                      (ite
server:                        (or
server:                          (=
server:                            (+
server:                              (mod main::sn 4294967296)
server:                              (* -1 (mod (* 2 (mod main::x 4294967296)) 4294967296)))
server:                            0)
server:                          (= main::sn 0))
server:                        1
server:                        0))))
server:                (<=
server:                  (+
server:                    (mod main::sn 4294967296)
server:                    (* -1 (mod (* 2 (mod main::x 4294967296)) 4294967296)))
server:                  0)
server:                (>=
server:                  (+
server:                    (mod main::sn 4294967296)
server:                    (* -1 (mod (* 2 (mod main::x 4294967296)) 4294967296)))
server:                  0)
server:                (>= (+ main::sn (* -1 main::x)) 0)
server:                (>=
server:                  (+
server:                    main::sn
server:                    (* 2147483648 (div (+ 8589934590 (* -4294967295 main::sn)) 4294967296)))
server:                  2)
server:                (<= -34359738344 (+ (* 4294967293 main::sn) (* -17179869172 main::x)))
server:                (<= -42949672930 (+ (* 4294967293 main::sn) (* -17179869172 main::x)))
server:                (>=
server:                  (+ (* 2 main::x) (* -1 main::sn) (* 8589934592 (div main::x 4294967296)))
server:                  0)
server:                (not (<= (+ main::sn (* -1 main::x)) -2))
server:                (<= -51539607516 (+ (* 4294967293 main::sn) (* -17179869172 main::x)))
server:                (<= -60129542102 (+ (* 4294967293 main::sn) (* -17179869172 main::x)))
server:                (<= -68719476688 (+ (* 4294967293 main::sn) (* -17179869172 main::x)))
server:                (<= -77309411274 (+ (* 4294967293 main::sn) (* -17179869172 main::x)))
server:                (>=
server:                  (+ (* 8589934592 (div main::x 4294967296)) (* -1 main::sn) (* 2 main::x))
server:                  0))
server:              (and
server:                (>= (div (+ 1 main::x) 4294967296) 0)
server:                (>= main::sn 0)
server:                (not (>= (div (+ 1 main::x) 4294967296) 1))
server:                (not (<= main::sn 0))
server:                (>= main::x 0)
server:                (not (<= main::x 0))
server:                (not (= 0 main::x))
server:                (not (= 0 __VERIFIER_assert::cond))
server:                (or
server:                  (not (<= (+ (* -1 main::x) (* 4294967296 (div main::x 4294967296))) -10))
server:                  (<= 4294967296 (+ main::x (* -4294967296 (div main::x 4294967296)))))
server:                (or
server:                  (>= (+ main::sn (* -2 (mod main::x 4294967296))) 0)
server:                  (and
server:                    (or
server:                      (<=
server:                        -4
server:                        (+ (* 8589934592 (div main::x 4294967296)) (* 2 main::x) (* -3 main::sn)))
server:                      (<=
server:                        4294967295
server:                        (+ (* -4294967296 (div main::x 4294967296)) (* -1 main::x))))
server:                    (or
server:                      (not (<= (+ main::sn (* -1 main::x)) 0))
server:                      (not (>= (+ main::sn (* -1 main::x)) 0)))
server:                    (or
server:                      (not (<= (+ (* -1 main::x) main::sn) -1))
server:                      (<= 4294967297 (+ main::x (* -1 main::sn))))
server:                    (or
server:                      (not (<= (+ (* -1 main::x) main::sn) -2))
server:                      (not (<= (+ main::x (* -1 main::sn)) 2)))
server:                    (<= 1 (+ (* -1 main::x) main::sn))
server:                    (<= 2 (+ (* -1 main::sn) (* 2 (mod main::x 4294967296))))))
server:                (iff
server:                  (not (= __VERIFIER_assert::cond 0))
server:                  (or
server:                    (=
server:                      (+
server:                        (mod main::sn 4294967296)
server:                        (* -1 (mod (* 2 (mod main::x 4294967296)) 4294967296)))
server:                      0)
server:                    (= main::sn 0)))
server:                (not
server:                  (<=
server:                    4
server:                    (+
server:                      (* 2 main::sn)
server:                      (* 4294967296 (div (+ 8589934590 (* -4294967295 main::sn)) 4294967296)))))
server:                (not
server:                  (or
server:                    (<=
server:                      -1
server:                      (+
server:                        (* -4294967296 (div main::x 4294967296))
server:                        (* -1 main::x)
server:                        (* 4294967296 (div (+ 2 (* -1 main::sn)) 4294967296))))
server:                    (and
server:                      (<=
server:                        4294967293
server:                        (+ (* -2 main::sn) (* 4294967296 (div main::x 4294967296)) main::x))
server:                      (or
server:                        (not (<= (+ (* -1 main::x) main::sn) -1))
server:                        (<= 4294967297 (+ main::x (* -1 main::sn))))
server:                      (or
server:                        (not (<= (+ (* -1 main::x) main::sn) -2))
server:                        (not (<= (+ main::x (* -1 main::sn)) 2)))
server:                      (<= 1 (+ (* -1 main::x) main::sn)))))
server:                (or
server:                  (<=
server:                    0
server:                    (+ (* -2 main::x) (* -8589934592 (div main::x 4294967296)) main::sn))
server:                  (and
server:                    (<=
server:                      4294967293
server:                      (+ (* -2 main::sn) (* 4294967296 (div main::x 4294967296)) main::x))
server:                    (or
server:                      (not (<= (+ (* -1 main::x) main::sn) -1))
server:                      (<= 4294967297 (+ main::x (* -1 main::sn))))
server:                    (or
server:                      (not (<= (+ (* -1 main::x) main::sn) -2))
server:                      (not (<= (+ main::x (* -1 main::sn)) 2)))
server:                    (<= 1 (+ (* -1 main::x) main::sn))))
server:                (not
server:                  (or
server:                    (<=
server:                      -4
server:                      (+
server:                        (* -1 main::sn)
server:                        (* -8589934592 (div main::x 4294967296))
server:                        (* -2 main::x)))
server:                    (and
server:                      (<=
server:                        4294967293
server:                        (+ (* -2 main::sn) (* 4294967296 (div main::x 4294967296)) main::x))
server:                      (or
server:                        (not (<= (+ (* -1 main::x) main::sn) -1))
server:                        (<= 4294967297 (+ main::x (* -1 main::sn))))
server:                      (or
server:                        (not (<= (+ (* -1 main::x) main::sn) -2))
server:                        (not (<= (+ main::x (* -1 main::sn)) 2)))
server:                      (<= 1 (+ (* -1 main::x) main::sn)))))
server:                (or
server:                  (not (<= (+ (* -1 main::x) main::sn) -1))
server:                  (<= 4294967297 (+ main::x (* -1 main::sn))))
server:                (<= 1 (+ (* -1 main::x) main::sn))
server:                (or
server:                  (<=
server:                    0
server:                    (+ (* 2 main::x) (* 8589934592 (div main::x 4294967296)) (* -1 main::sn)))
server:                  (<=
server:                    4294967295
server:                    (+ (* -4294967296 (div main::x 4294967296)) (* -1 main::x))))
server:                (or
server:                  (not (<= (+ main::sn (* -1 main::x)) 0))
server:                  (not (>= (+ main::sn (* -1 main::x)) 0)))
server:                (or
server:                  (not (<= (+ (* -1 main::x) main::sn) -2))
server:                  (not (<= (+ main::x (* -1 main::sn)) 2)))
server:                (or
server:                  (and
server:                    (not (<= (+ (* -1 main::x) main::sn) -1))
server:                    (>= (div (+ 1 main::x) 4294967296) 0))
server:                  (and
server:                    (<= 4294967297 (+ main::x (* -1 main::sn)))
server:                    (not (>= (div (+ 1 main::x) 4294967296) 1))))
server:                (not
server:                  (or
server:                    (<=
server:                      -4
server:                      (+
server:                        (* -1 main::sn)
server:                        (* -8589934592 (div main::x 4294967296))
server:                        (* -2 main::x)))
server:                    (and
server:                      (<=
server:                        4294967293
server:                        (+ (* -2 main::sn) (* 4294967296 (div main::x 4294967296)) main::x))
server:                      (or
server:                        (and
server:                          (not (<= (+ (* -1 main::x) main::sn) -1))
server:                          (>= (div (+ 1 main::x) 4294967296) 0))
server:                        (and
server:                          (<= 4294967297 (+ main::x (* -1 main::sn)))
server:                          (not (>= (div (+ 1 main::x) 4294967296) 1))))
server:                      (or
server:                        (not (<= (+ (* -1 main::x) main::sn) -2))
server:                        (not (<= (+ main::x (* -1 main::sn)) 2)))
server:                      (<= 1 (+ (* -1 main::x) main::sn))
server:                      (>= (div (+ 1 main::x) 4294967296) 0)
server:                      (not (>= (div (+ 1 main::x) 4294967296) 1)))))
server:                (<=
server:                  0
server:                  (+ (* 2 main::x) (* 8589934592 (div main::x 4294967296)) (* -1 main::sn)))
server:                (or
server:                  (and
server:                    (<=
server:                      0
server:                      (+ (* -2 main::x) (* -8589934592 (div main::x 4294967296)) main::sn))
server:                    (not (>= (div (+ 1 main::x) 4294967296) 1))
server:                    (>= (div (+ 1 main::x) 4294967296) 0))
server:                  (and
server:                    (<=
server:                      4294967293
server:                      (+ (* -2 main::sn) (* 4294967296 (div main::x 4294967296)) main::x))
server:                    (or
server:                      (and
server:                        (not (<= (+ (* -1 main::x) main::sn) -1))
server:                        (>= (div (+ 1 main::x) 4294967296) 0))
server:                      (and
server:                        (<= 4294967297 (+ main::x (* -1 main::sn)))
server:                        (not (>= (div (+ 1 main::x) 4294967296) 1))))
server:                    (or
server:                      (not (<= (+ (* -1 main::x) main::sn) -2))
server:                      (not (<= (+ main::x (* -1 main::sn)) 2)))
server:                    (<= 1 (+ (* -1 main::x) main::sn))
server:                    (>= (div (+ 1 main::x) 4294967296) 0)
server:                    (not (>= (div (+ 1 main::x) 4294967296) 1))))
server:                (or
server:                  (>= (+ main::sn (* -2 (mod main::x 4294967296))) 0)
server:                  (and
server:                    (<=
server:                      -4
server:                      (+ (* 8589934592 (div main::x 4294967296)) (* 2 main::x) (* -3 main::sn)))
server:                    (not (>= (div (+ 1 main::x) 4294967296) 1))
server:                    (or
server:                      (not (<= (+ main::sn (* -1 main::x)) 0))
server:                      (not (>= (+ main::sn (* -1 main::x)) 0)))
server:                    (or
server:                      (and
server:                        (not (<= (+ (* -1 main::x) main::sn) -1))
server:                        (>= (div (+ 1 main::x) 4294967296) 0))
server:                      (and
server:                        (<= 4294967297 (+ main::x (* -1 main::sn)))
server:                        (not (>= (div (+ 1 main::x) 4294967296) 1))))
server:                    (or
server:                      (not (<= (+ (* -1 main::x) main::sn) -2))
server:                      (not (<= (+ main::x (* -1 main::sn)) 2)))
server:                    (<= 1 (+ (* -1 main::x) main::sn))
server:                    (>= (div (+ 1 main::x) 4294967296) 0)
server:                    (<= 2 (+ (* -1 main::sn) (* 2 (mod main::x 4294967296))))))
server:                (or
server:                  (=
server:                    (+
server:                      (mod main::sn 4294967296)
server:                      (* -1 (mod (* 2 (mod main::x 4294967296)) 4294967296)))
server:                    0)
server:                  (= main::sn 0))
server:                (not
server:                  (or
server:                    (<=
server:                      -1
server:                      (+
server:                        (* -4294967296 (div main::x 4294967296))
server:                        (* -1 main::x)
server:                        (* 4294967296 (div (+ 2 (* -1 main::sn)) 4294967296))))
server:                    (and
server:                      (<=
server:                        4294967293
server:                        (+ (* -2 main::sn) (* 4294967296 (div main::x 4294967296)) main::x))
server:                      (or
server:                        (and
server:                          (not (<= (+ (* -1 main::x) main::sn) -1))
server:                          (>= (div (+ 1 main::x) 4294967296) 0))
server:                        (and
server:                          (<= 4294967297 (+ main::x (* -1 main::sn)))
server:                          (not (>= (div (+ 1 main::x) 4294967296) 1))))
server:                      (or
server:                        (not (<= (+ (* -1 main::x) main::sn) -2))
server:                        (not (<= (+ main::x (* -1 main::sn)) 2)))
server:                      (<= 1 (+ (* -1 main::x) main::sn))
server:                      (>= (div (+ 1 main::x) 4294967296) 0)
server:                      (not (>= (div (+ 1 main::x) 4294967296) 1)))))
server:                (or
server:                  (not
server:                    (or
server:                      (=
server:                        (+
server:                          (mod main::sn 4294967296)
server:                          (* -1 (mod (* 2 (mod main::x 4294967296)) 4294967296)))
server:                        0)
server:                      (= main::sn 0)))
server:                  (and
server:                    (or
server:                      (=
server:                        (+
server:                          (mod main::sn 4294967296)
server:                          (* -1 (mod (* 2 (mod main::x 4294967296)) 4294967296)))
server:                        0)
server:                      (= main::sn 0))
server:                    (=
server:                      __VERIFIER_assert::cond
server:                      (ite
server:                        (or
server:                          (=
server:                            (+
server:                              (mod main::sn 4294967296)
server:                              (* -1 (mod (* 2 (mod main::x 4294967296)) 4294967296)))
server:                            0)
server:                          (= main::sn 0))
server:                        1
server:                        0))))
server:                (<=
server:                  (+
server:                    (mod main::sn 4294967296)
server:                    (* -1 (mod (* 2 (mod main::x 4294967296)) 4294967296)))
server:                  0)
server:                (>=
server:                  (+
server:                    (mod main::sn 4294967296)
server:                    (* -1 (mod (* 2 (mod main::x 4294967296)) 4294967296)))
server:                  0)
server:                (>= (+ main::sn (* -1 main::x)) 0)
server:                (not
server:                  (>=
server:                    (+
server:                      main::sn
server:                      (* 2147483648 (div (+ 8589934590 (* -4294967295 main::sn)) 4294967296)))
server:                    2))
server:                (<= -34359738344 (+ (* 4294967293 main::sn) (* -17179869172 main::x)))
server:                (<= -42949672930 (+ (* 4294967293 main::sn) (* -17179869172 main::x)))
server:                (>=
server:                  (+ (* 2 main::x) (* -1 main::sn) (* 8589934592 (div main::x 4294967296)))
server:                  0)
server:                (not (<= (+ main::sn (* -1 main::x)) -2))
server:                (<= -51539607516 (+ (* 4294967293 main::sn) (* -17179869172 main::x)))
server:                (<= -60129542102 (+ (* 4294967293 main::sn) (* -17179869172 main::x)))
server:                (<= -68719476688 (+ (* 4294967293 main::sn) (* -17179869172 main::x)))
server:                (<= -77309411274 (+ (* 4294967293 main::sn) (* -17179869172 main::x)))
server:                (>=
server:                  (+ (* 8589934592 (div main::x 4294967296)) (* -1 main::sn) (* 2 main::x))
server:                  0))
server:              (and
server:                (>= (div (+ 1 main::x) 4294967296) 0)
server:                (>= main::sn 0)
server:                (not (>= (div (+ 1 main::x) 4294967296) 1))
server:                (not (<= main::sn 0))
server:                (>= main::x 0)
server:                (not (<= main::x 0))
server:                (not (= 0 main::x))
server:                (not (= 0 __VERIFIER_assert::cond))
server:                (or
server:                  (not (<= (+ (* -1 main::x) (* 4294967296 (div main::x 4294967296))) -10))
server:                  (<= 4294967296 (+ main::x (* -4294967296 (div main::x 4294967296)))))
server:                (or
server:                  (>= (+ main::sn (* -2 (mod main::x 4294967296))) 0)
server:                  (and
server:                    (or
server:                      (<=
server:                        -4
server:                        (+ (* 8589934592 (div main::x 4294967296)) (* 2 main::x) (* -3 main::sn)))
server:                      (<=
server:                        4294967295
server:                        (+ (* -4294967296 (div main::x 4294967296)) (* -1 main::x))))
server:                    (or
server:                      (not (<= (+ main::sn (* -1 main::x)) 0))
server:                      (not (>= (+ main::sn (* -1 main::x)) 0)))
server:                    (or
server:                      (not (<= (+ (* -1 main::x) main::sn) -1))
server:                      (<= 4294967297 (+ main::x (* -1 main::sn))))
server:                    (or
server:                      (not (<= (+ (* -1 main::x) main::sn) -2))
server:                      (not (<= (+ main::x (* -1 main::sn)) 2)))
server:                    (<= 1 (+ (* -1 main::x) main::sn))
server:                    (<= 2 (+ (* -1 main::sn) (* 2 (mod main::x 4294967296))))))
server:                (iff
server:                  (not (= __VERIFIER_assert::cond 0))
server:                  (or
server:                    (=
server:                      (+
server:                        (mod main::sn 4294967296)
server:                        (* -1 (mod (* 2 (mod main::x 4294967296)) 4294967296)))
server:                      0)
server:                    (= main::sn 0)))
server:                (not
server:                  (<=
server:                    4
server:                    (+
server:                      (* 2 main::sn)
server:                      (* 4294967296 (div (+ 8589934590 (* -4294967295 main::sn)) 4294967296)))))
server:                (not
server:                  (or
server:                    (<=
server:                      -1
server:                      (+
server:                        (* -4294967296 (div main::x 4294967296))
server:                        (* -1 main::x)
server:                        (* 4294967296 (div (+ 2 (* -1 main::sn)) 4294967296))))
server:                    (and
server:                      (<=
server:                        4294967293
server:                        (+ (* -2 main::sn) (* 4294967296 (div main::x 4294967296)) main::x))
server:                      (or
server:                        (not (<= (+ (* -1 main::x) main::sn) -1))
server:                        (<= 4294967297 (+ main::x (* -1 main::sn))))
server:                      (or
server:                        (not (<= (+ (* -1 main::x) main::sn) -2))
server:                        (not (<= (+ main::x (* -1 main::sn)) 2)))
server:                      (<= 1 (+ (* -1 main::x) main::sn)))))
server:                (or
server:                  (<=
server:                    0
server:                    (+ (* -2 main::x) (* -8589934592 (div main::x 4294967296)) main::sn))
server:                  (and
server:                    (<=
server:                      4294967293
server:                      (+ (* -2 main::sn) (* 4294967296 (div main::x 4294967296)) main::x))
server:                    (or
server:                      (not (<= (+ (* -1 main::x) main::sn) -1))
server:                      (<= 4294967297 (+ main::x (* -1 main::sn))))
server:                    (or
server:                      (not (<= (+ (* -1 main::x) main::sn) -2))
server:                      (not (<= (+ main::x (* -1 main::sn)) 2)))
server:                    (<= 1 (+ (* -1 main::x) main::sn))))
server:                (not
server:                  (or
server:                    (<=
server:                      -4
server:                      (+
server:                        (* -1 main::sn)
server:                        (* -8589934592 (div main::x 4294967296))
server:                        (* -2 main::x)))
server:                    (and
server:                      (<=
server:                        4294967293
server:                        (+ (* -2 main::sn) (* 4294967296 (div main::x 4294967296)) main::x))
server:                      (or
server:                        (not (<= (+ (* -1 main::x) main::sn) -1))
server:                        (<= 4294967297 (+ main::x (* -1 main::sn))))
server:                      (or
server:                        (not (<= (+ (* -1 main::x) main::sn) -2))
server:                        (not (<= (+ main::x (* -1 main::sn)) 2)))
server:                      (<= 1 (+ (* -1 main::x) main::sn)))))
server:                (or
server:                  (not (<= (+ (* -1 main::x) main::sn) -1))
server:                  (<= 4294967297 (+ main::x (* -1 main::sn))))
server:                (<= 1 (+ (* -1 main::x) main::sn))
server:                (or
server:                  (<=
server:                    0
server:                    (+ (* 2 main::x) (* 8589934592 (div main::x 4294967296)) (* -1 main::sn)))
server:                  (<=
server:                    4294967295
server:                    (+ (* -4294967296 (div main::x 4294967296)) (* -1 main::x))))
server:                (or
server:                  (not (<= (+ main::sn (* -1 main::x)) 0))
server:                  (not (>= (+ main::sn (* -1 main::x)) 0)))
server:                (or
server:                  (not (<= (+ (* -1 main::x) main::sn) -2))
server:                  (not (<= (+ main::x (* -1 main::sn)) 2)))
server:                (or
server:                  (and
server:                    (not (<= (+ (* -1 main::x) main::sn) -1))
server:                    (>= (div (+ 1 main::x) 4294967296) 0))
server:                  (and
server:                    (<= 4294967297 (+ main::x (* -1 main::sn)))
server:                    (not (>= (div (+ 1 main::x) 4294967296) 1))))
server:                (not
server:                  (or
server:                    (<=
server:                      -4
server:                      (+
server:                        (* -1 main::sn)
server:                        (* -8589934592 (div main::x 4294967296))
server:                        (* -2 main::x)))
server:                    (and
server:                      (<=
server:                        4294967293
server:                        (+ (* -2 main::sn) (* 4294967296 (div main::x 4294967296)) main::x))
server:                      (or
server:                        (and
server:                          (not (<= (+ (* -1 main::x) main::sn) -1))
server:                          (>= (div (+ 1 main::x) 4294967296) 0))
server:                        (and
server:                          (<= 4294967297 (+ main::x (* -1 main::sn)))
server:                          (not (>= (div (+ 1 main::x) 4294967296) 1))))
server:                      (or
server:                        (not (<= (+ (* -1 main::x) main::sn) -2))
server:                        (not (<= (+ main::x (* -1 main::sn)) 2)))
server:                      (<= 1 (+ (* -1 main::x) main::sn))
server:                      (>= (div (+ 1 main::x) 4294967296) 0)
server:                      (not (>= (div (+ 1 main::x) 4294967296) 1)))))
server:                (<=
server:                  0
server:                  (+ (* 2 main::x) (* 8589934592 (div main::x 4294967296)) (* -1 main::sn)))
server:                (or
server:                  (and
server:                    (<=
server:                      0
server:                      (+ (* -2 main::x) (* -8589934592 (div main::x 4294967296)) main::sn))
server:                    (not (>= (div (+ 1 main::x) 4294967296) 1))
server:                    (>= (div (+ 1 main::x) 4294967296) 0))
server:                  (and
server:                    (<=
server:                      4294967293
server:                      (+ (* -2 main::sn) (* 4294967296 (div main::x 4294967296)) main::x))
server:                    (or
server:                      (and
server:                        (not (<= (+ (* -1 main::x) main::sn) -1))
server:                        (>= (div (+ 1 main::x) 4294967296) 0))
server:                      (and
server:                        (<= 4294967297 (+ main::x (* -1 main::sn)))
server:                        (not (>= (div (+ 1 main::x) 4294967296) 1))))
server:                    (or
server:                      (not (<= (+ (* -1 main::x) main::sn) -2))
server:                      (not (<= (+ main::x (* -1 main::sn)) 2)))
server:                    (<= 1 (+ (* -1 main::x) main::sn))
server:                    (>= (div (+ 1 main::x) 4294967296) 0)
server:                    (not (>= (div (+ 1 main::x) 4294967296) 1))))
server:                (or
server:                  (>= (+ main::sn (* -2 (mod main::x 4294967296))) 0)
server:                  (and
server:                    (<=
server:                      -4
server:                      (+ (* 8589934592 (div main::x 4294967296)) (* 2 main::x) (* -3 main::sn)))
server:                    (not (>= (div (+ 1 main::x) 4294967296) 1))
server:                    (or
server:                      (not (<= (+ main::sn (* -1 main::x)) 0))
server:                      (not (>= (+ main::sn (* -1 main::x)) 0)))
server:                    (or
server:                      (and
server:                        (not (<= (+ (* -1 main::x) main::sn) -1))
server:                        (>= (div (+ 1 main::x) 4294967296) 0))
server:                      (and
server:                        (<= 4294967297 (+ main::x (* -1 main::sn)))
server:                        (not (>= (div (+ 1 main::x) 4294967296) 1))))
server:                    (or
server:                      (not (<= (+ (* -1 main::x) main::sn) -2))
server:                      (not (<= (+ main::x (* -1 main::sn)) 2)))
server:                    (<= 1 (+ (* -1 main::x) main::sn))
server:                    (>= (div (+ 1 main::x) 4294967296) 0)
server:                    (<= 2 (+ (* -1 main::sn) (* 2 (mod main::x 4294967296))))))
server:                (or
server:                  (=
server:                    (+
server:                      (mod main::sn 4294967296)
server:                      (* -1 (mod (* 2 (mod main::x 4294967296)) 4294967296)))
server:                    0)
server:                  (= main::sn 0))
server:                (not
server:                  (or
server:                    (<=
server:                      -1
server:                      (+
server:                        (* -4294967296 (div main::x 4294967296))
server:                        (* -1 main::x)
server:                        (* 4294967296 (div (+ 2 (* -1 main::sn)) 4294967296))))
server:                    (and
server:                      (<=
server:                        4294967293
server:                        (+ (* -2 main::sn) (* 4294967296 (div main::x 4294967296)) main::x))
server:                      (or
server:                        (and
server:                          (not (<= (+ (* -1 main::x) main::sn) -1))
server:                          (>= (div (+ 1 main::x) 4294967296) 0))
server:                        (and
server:                          (<= 4294967297 (+ main::x (* -1 main::sn)))
server:                          (not (>= (div (+ 1 main::x) 4294967296) 1))))
server:                      (or
server:                        (not (<= (+ (* -1 main::x) main::sn) -2))
server:                        (not (<= (+ main::x (* -1 main::sn)) 2)))
server:                      (<= 1 (+ (* -1 main::x) main::sn))
server:                      (>= (div (+ 1 main::x) 4294967296) 0)
server:                      (not (>= (div (+ 1 main::x) 4294967296) 1)))))
server:                (or
server:                  (not
server:                    (or
server:                      (=
server:                        (+
server:                          (mod main::sn 4294967296)
server:                          (* -1 (mod (* 2 (mod main::x 4294967296)) 4294967296)))
server:                        0)
server:                      (= main::sn 0)))
server:                  (and
server:                    (or
server:                      (=
server:                        (+
server:                          (mod main::sn 4294967296)
server:                          (* -1 (mod (* 2 (mod main::x 4294967296)) 4294967296)))
server:                        0)
server:                      (= main::sn 0))
server:                    (=
server:                      __VERIFIER_assert::cond
server:                      (ite
server:                        (or
server:                          (=
server:                            (+
server:                              (mod main::sn 4294967296)
server:                              (* -1 (mod (* 2 (mod main::x 4294967296)) 4294967296)))
server:                            0)
server:                          (= main::sn 0))
server:                        1
server:                        0))))
server:                (<=
server:                  (+
server:                    (mod main::sn 4294967296)
server:                    (* -1 (mod (* 2 (mod main::x 4294967296)) 4294967296)))
server:                  0)
server:                (>=
server:                  (+
server:                    (mod main::sn 4294967296)
server:                    (* -1 (mod (* 2 (mod main::x 4294967296)) 4294967296)))
server:                  0)
server:                (>= (+ main::sn (* -1 main::x)) 0)
server:                (not
server:                  (>=
server:                    (+
server:                      main::sn
server:                      (* 2147483648 (div (+ 8589934590 (* -4294967295 main::sn)) 4294967296)))
server:                    2))
server:                (<= -42949672930 (+ (* 4294967293 main::sn) (* -17179869172 main::x)))
server:                (>=
server:                  (+ (* 2 main::x) (* -1 main::sn) (* 8589934592 (div main::x 4294967296)))
server:                  0)
server:                (not (<= (+ main::sn (* -1 main::x)) -2))
server:                (<= -51539607516 (+ (* 4294967293 main::sn) (* -17179869172 main::x)))
server:                (<= -60129542102 (+ (* 4294967293 main::sn) (* -17179869172 main::x)))
server:                (<= -68719476688 (+ (* 4294967293 main::sn) (* -17179869172 main::x)))
server:                (<= -77309411274 (+ (* 4294967293 main::sn) (* -17179869172 main::x)))
server:                (>=
server:                  (+ (* 8589934592 (div main::x 4294967296)) (* -1 main::sn) (* 2 main::x))
server:                  0))
server:              (and
server:                (>= (div (+ 1 main::x) 4294967296) 0)
server:                (>= main::sn 0)
server:                (not (>= (div (+ 1 main::x) 4294967296) 1))
server:                (not (<= main::sn 0))
server:                (>= main::x 0)
server:                (not (<= main::x 0))
server:                (not (= 0 main::x))
server:                (not (= 0 __VERIFIER_assert::cond))
server:                (or
server:                  (not (<= (+ (* -1 main::x) (* 4294967296 (div main::x 4294967296))) -10))
server:                  (<= 4294967296 (+ main::x (* -4294967296 (div main::x 4294967296)))))
server:                (or
server:                  (>= (+ main::sn (* -2 (mod main::x 4294967296))) 0)
server:                  (and
server:                    (or
server:                      (<=
server:                        -4
server:                        (+ (* 8589934592 (div main::x 4294967296)) (* 2 main::x) (* -3 main::sn)))
server:                      (<=
server:                        4294967295
server:                        (+ (* -4294967296 (div main::x 4294967296)) (* -1 main::x))))
server:                    (or
server:                      (not (<= (+ main::sn (* -1 main::x)) 0))
server:                      (not (>= (+ main::sn (* -1 main::x)) 0)))
server:                    (or
server:                      (not (<= (+ (* -1 main::x) main::sn) -1))
server:                      (<= 4294967297 (+ main::x (* -1 main::sn))))
server:                    (or
server:                      (not (<= (+ (* -1 main::x) main::sn) -2))
server:                      (not (<= (+ main::x (* -1 main::sn)) 2)))
server:                    (<= 1 (+ (* -1 main::x) main::sn))
server:                    (<= 2 (+ (* -1 main::sn) (* 2 (mod main::x 4294967296))))))
server:                (iff
server:                  (not (= __VERIFIER_assert::cond 0))
server:                  (or
server:                    (=
server:                      (+
server:                        (mod main::sn 4294967296)
server:                        (* -1 (mod (* 2 (mod main::x 4294967296)) 4294967296)))
server:                      0)
server:                    (= main::sn 0)))
server:                (not
server:                  (<=
server:                    4
server:                    (+
server:                      (* 2 main::sn)
server:                      (* 4294967296 (div (+ 8589934590 (* -4294967295 main::sn)) 4294967296)))))
server:                (not
server:                  (or
server:                    (<=
server:                      -1
server:                      (+
server:                        (* -4294967296 (div main::x 4294967296))
server:                        (* -1 main::x)
server:                        (* 4294967296 (div (+ 2 (* -1 main::sn)) 4294967296))))
server:                    (and
server:                      (<=
server:                        4294967293
server:                        (+ (* -2 main::sn) (* 4294967296 (div main::x 4294967296)) main::x))
server:                      (or
server:                        (not (<= (+ (* -1 main::x) main::sn) -1))
server:                        (<= 4294967297 (+ main::x (* -1 main::sn))))
server:                      (or
server:                        (not (<= (+ (* -1 main::x) main::sn) -2))
server:                        (not (<= (+ main::x (* -1 main::sn)) 2)))
server:                      (<= 1 (+ (* -1 main::x) main::sn)))))
server:                (or
server:                  (<=
server:                    0
server:                    (+ (* -2 main::x) (* -8589934592 (div main::x 4294967296)) main::sn))
server:                  (and
server:                    (<=
server:                      4294967293
server:                      (+ (* -2 main::sn) (* 4294967296 (div main::x 4294967296)) main::x))
server:                    (or
server:                      (not (<= (+ (* -1 main::x) main::sn) -1))
server:                      (<= 4294967297 (+ main::x (* -1 main::sn))))
server:                    (or
server:                      (not (<= (+ (* -1 main::x) main::sn) -2))
server:                      (not (<= (+ main::x (* -1 main::sn)) 2)))
server:                    (<= 1 (+ (* -1 main::x) main::sn))))
server:                (not
server:                  (or
server:                    (<=
server:                      -4
server:                      (+
server:                        (* -1 main::sn)
server:                        (* -8589934592 (div main::x 4294967296))
server:                        (* -2 main::x)))
server:                    (and
server:                      (<=
server:                        4294967293
server:                        (+ (* -2 main::sn) (* 4294967296 (div main::x 4294967296)) main::x))
server:                      (or
server:                        (not (<= (+ (* -1 main::x) main::sn) -1))
server:                        (<= 4294967297 (+ main::x (* -1 main::sn))))
server:                      (or
server:                        (not (<= (+ (* -1 main::x) main::sn) -2))
server:                        (not (<= (+ main::x (* -1 main::sn)) 2)))
server:                      (<= 1 (+ (* -1 main::x) main::sn)))))
server:                (or
server:                  (not (<= (+ (* -1 main::x) main::sn) -1))
server:                  (<= 4294967297 (+ main::x (* -1 main::sn))))
server:                (<= 1 (+ (* -1 main::x) main::sn))
server:                (or
server:                  (<=
server:                    0
server:                    (+ (* 2 main::x) (* 8589934592 (div main::x 4294967296)) (* -1 main::sn)))
server:                  (<=
server:                    4294967295
server:                    (+ (* -4294967296 (div main::x 4294967296)) (* -1 main::x))))
server:                (or
server:                  (not (<= (+ main::sn (* -1 main::x)) 0))
server:                  (not (>= (+ main::sn (* -1 main::x)) 0)))
server:                (or
server:                  (not (<= (+ (* -1 main::x) main::sn) -2))
server:                  (not (<= (+ main::x (* -1 main::sn)) 2)))
server:                (or
server:                  (and
server:                    (not (<= (+ (* -1 main::x) main::sn) -1))
server:                    (>= (div (+ 1 main::x) 4294967296) 0))
server:                  (and
server:                    (<= 4294967297 (+ main::x (* -1 main::sn)))
server:                    (not (>= (div (+ 1 main::x) 4294967296) 1))))
server:                (not
server:                  (or
server:                    (<=
server:                      -4
server:                      (+
server:                        (* -1 main::sn)
server:                        (* -8589934592 (div main::x 4294967296))
server:                        (* -2 main::x)))
server:                    (and
server:                      (<=
server:                        4294967293
server:                        (+ (* -2 main::sn) (* 4294967296 (div main::x 4294967296)) main::x))
server:                      (or
server:                        (and
server:                          (not (<= (+ (* -1 main::x) main::sn) -1))
server:                          (>= (div (+ 1 main::x) 4294967296) 0))
server:                        (and
server:                          (<= 4294967297 (+ main::x (* -1 main::sn)))
server:                          (not (>= (div (+ 1 main::x) 4294967296) 1))))
server:                      (or
server:                        (not (<= (+ (* -1 main::x) main::sn) -2))
server:                        (not (<= (+ main::x (* -1 main::sn)) 2)))
server:                      (<= 1 (+ (* -1 main::x) main::sn))
server:                      (>= (div (+ 1 main::x) 4294967296) 0)
server:                      (not (>= (div (+ 1 main::x) 4294967296) 1)))))
server:                (<=
server:                  0
server:                  (+ (* 2 main::x) (* 8589934592 (div main::x 4294967296)) (* -1 main::sn)))
server:                (or
server:                  (and
server:                    (<=
server:                      0
server:                      (+ (* -2 main::x) (* -8589934592 (div main::x 4294967296)) main::sn))
server:                    (not (>= (div (+ 1 main::x) 4294967296) 1))
server:                    (>= (div (+ 1 main::x) 4294967296) 0))
server:                  (and
server:                    (<=
server:                      4294967293
server:                      (+ (* -2 main::sn) (* 4294967296 (div main::x 4294967296)) main::x))
server:                    (or
server:                      (and
server:                        (not (<= (+ (* -1 main::x) main::sn) -1))
server:                        (>= (div (+ 1 main::x) 4294967296) 0))
server:                      (and
server:                        (<= 4294967297 (+ main::x (* -1 main::sn)))
server:                        (not (>= (div (+ 1 main::x) 4294967296) 1))))
server:                    (or
server:                      (not (<= (+ (* -1 main::x) main::sn) -2))
server:                      (not (<= (+ main::x (* -1 main::sn)) 2)))
server:                    (<= 1 (+ (* -1 main::x) main::sn))
server:                    (>= (div (+ 1 main::x) 4294967296) 0)
server:                    (not (>= (div (+ 1 main::x) 4294967296) 1))))
server:                (or
server:                  (>= (+ main::sn (* -2 (mod main::x 4294967296))) 0)
server:                  (and
server:                    (<=
server:                      -4
server:                      (+ (* 8589934592 (div main::x 4294967296)) (* 2 main::x) (* -3 main::sn)))
server:                    (not (>= (div (+ 1 main::x) 4294967296) 1))
server:                    (or
server:                      (not (<= (+ main::sn (* -1 main::x)) 0))
server:                      (not (>= (+ main::sn (* -1 main::x)) 0)))
server:                    (or
server:                      (and
server:                        (not (<= (+ (* -1 main::x) main::sn) -1))
server:                        (>= (div (+ 1 main::x) 4294967296) 0))
server:                      (and
server:                        (<= 4294967297 (+ main::x (* -1 main::sn)))
server:                        (not (>= (div (+ 1 main::x) 4294967296) 1))))
server:                    (or
server:                      (not (<= (+ (* -1 main::x) main::sn) -2))
server:                      (not (<= (+ main::x (* -1 main::sn)) 2)))
server:                    (<= 1 (+ (* -1 main::x) main::sn))
server:                    (>= (div (+ 1 main::x) 4294967296) 0)
server:                    (<= 2 (+ (* -1 main::sn) (* 2 (mod main::x 4294967296))))))
server:                (or
server:                  (=
server:                    (+
server:                      (mod main::sn 4294967296)
server:                      (* -1 (mod (* 2 (mod main::x 4294967296)) 4294967296)))
server:                    0)
server:                  (= main::sn 0))
server:                (not
server:                  (or
server:                    (<=
server:                      -1
server:                      (+
server:                        (* -4294967296 (div main::x 4294967296))
server:                        (* -1 main::x)
server:                        (* 4294967296 (div (+ 2 (* -1 main::sn)) 4294967296))))
server:                    (and
server:                      (<=
server:                        4294967293
server:                        (+ (* -2 main::sn) (* 4294967296 (div main::x 4294967296)) main::x))
server:                      (or
server:                        (and
server:                          (not (<= (+ (* -1 main::x) main::sn) -1))
server:                          (>= (div (+ 1 main::x) 4294967296) 0))
server:                        (and
server:                          (<= 4294967297 (+ main::x (* -1 main::sn)))
server:                          (not (>= (div (+ 1 main::x) 4294967296) 1))))
server:                      (or
server:                        (not (<= (+ (* -1 main::x) main::sn) -2))
server:                        (not (<= (+ main::x (* -1 main::sn)) 2)))
server:                      (<= 1 (+ (* -1 main::x) main::sn))
server:                      (>= (div (+ 1 main::x) 4294967296) 0)
server:                      (not (>= (div (+ 1 main::x) 4294967296) 1)))))
server:                (or
server:                  (not
server:                    (or
server:                      (=
server:                        (+
server:                          (mod main::sn 4294967296)
server:                          (* -1 (mod (* 2 (mod main::x 4294967296)) 4294967296)))
server:                        0)
server:                      (= main::sn 0)))
server:                  (and
server:                    (or
server:                      (=
server:                        (+
server:                          (mod main::sn 4294967296)
server:                          (* -1 (mod (* 2 (mod main::x 4294967296)) 4294967296)))
server:                        0)
server:                      (= main::sn 0))
server:                    (=
server:                      __VERIFIER_assert::cond
server:                      (ite
server:                        (or
server:                          (=
server:                            (+
server:                              (mod main::sn 4294967296)
server:                              (* -1 (mod (* 2 (mod main::x 4294967296)) 4294967296)))
server:                            0)
server:                          (= main::sn 0))
server:                        1
server:                        0))))
server:                (<=
server:                  (+
server:                    (mod main::sn 4294967296)
server:                    (* -1 (mod (* 2 (mod main::x 4294967296)) 4294967296)))
server:                  0)
server:                (>=
server:                  (+
server:                    (mod main::sn 4294967296)
server:                    (* -1 (mod (* 2 (mod main::x 4294967296)) 4294967296)))
server:                  0)
server:                (>= (+ main::sn (* -1 main::x)) 0)
server:                (not
server:                  (>=
server:                    (+
server:                      main::sn
server:                      (* 2147483648 (div (+ 8589934590 (* -4294967295 main::sn)) 4294967296)))
server:                    2))
server:                (>=
server:                  (+ (* 2 main::x) (* -1 main::sn) (* 8589934592 (div main::x 4294967296)))
server:                  0)
server:                (not (<= (+ main::sn (* -1 main::x)) -2))
server:                (<= -51539607516 (+ (* 4294967293 main::sn) (* -17179869172 main::x)))
server:                (<= -60129542102 (+ (* 4294967293 main::sn) (* -17179869172 main::x)))
server:                (<= -68719476688 (+ (* 4294967293 main::sn) (* -17179869172 main::x)))
server:                (<= -77309411274 (+ (* 4294967293 main::sn) (* -17179869172 main::x)))
server:                (>=
server:                  (+ (* 8589934592 (div main::x 4294967296)) (* -1 main::sn) (* 2 main::x))
server:                  0))
server:              (and
server:                (>= (div (+ 1 main::x) 4294967296) 0)
server:                (>= main::sn 0)
server:                (not (>= (div (+ 1 main::x) 4294967296) 1))
server:                (not (<= main::sn 0))
server:                (>= main::x 0)
server:                (not (<= main::x 0))
server:                (not (= 0 main::x))
server:                (not (= 0 __VERIFIER_assert::cond))
server:                (or
server:                  (not (<= (+ (* -1 main::x) (* 4294967296 (div main::x 4294967296))) -10))
server:                  (<= 4294967296 (+ main::x (* -4294967296 (div main::x 4294967296)))))
server:                (or
server:                  (>= (+ main::sn (* -2 (mod main::x 4294967296))) 0)
server:                  (and
server:                    (or
server:                      (<=
server:                        -4
server:                        (+ (* 8589934592 (div main::x 4294967296)) (* 2 main::x) (* -3 main::sn)))
server:                      (<=
server:                        4294967295
server:                        (+ (* -4294967296 (div main::x 4294967296)) (* -1 main::x))))
server:                    (or
server:                      (not (<= (+ main::sn (* -1 main::x)) 0))
server:                      (not (>= (+ main::sn (* -1 main::x)) 0)))
server:                    (or
server:                      (not (<= (+ (* -1 main::x) main::sn) -1))
server:                      (<= 4294967297 (+ main::x (* -1 main::sn))))
server:                    (or
server:                      (not (<= (+ (* -1 main::x) main::sn) -2))
server:                      (not (<= (+ main::x (* -1 main::sn)) 2)))
server:                    (<= 1 (+ (* -1 main::x) main::sn))
server:                    (<= 2 (+ (* -1 main::sn) (* 2 (mod main::x 4294967296))))))
server:                (iff
server:                  (not (= __VERIFIER_assert::cond 0))
server:                  (or
server:                    (=
server:                      (+
server:                        (mod main::sn 4294967296)
server:                        (* -1 (mod (* 2 (mod main::x 4294967296)) 4294967296)))
server:                      0)
server:                    (= main::sn 0)))
server:                (not
server:                  (<=
server:                    4
server:                    (+
server:                      (* 2 main::sn)
server:                      (* 4294967296 (div (+ 8589934590 (* -4294967295 main::sn)) 4294967296)))))
server:                (not
server:                  (or
server:                    (<=
server:                      -1
server:                      (+
server:                        (* -4294967296 (div main::x 4294967296))
server:                        (* -1 main::x)
server:                        (* 4294967296 (div (+ 2 (* -1 main::sn)) 4294967296))))
server:                    (and
server:                      (<=
server:                        4294967293
server:                        (+ (* -2 main::sn) (* 4294967296 (div main::x 4294967296)) main::x))
server:                      (or
server:                        (not (<= (+ (* -1 main::x) main::sn) -1))
server:                        (<= 4294967297 (+ main::x (* -1 main::sn))))
server:                      (or
server:                        (not (<= (+ (* -1 main::x) main::sn) -2))
server:                        (not (<= (+ main::x (* -1 main::sn)) 2)))
server:                      (<= 1 (+ (* -1 main::x) main::sn)))))
server:                (or
server:                  (<=
server:                    0
server:                    (+ (* -2 main::x) (* -8589934592 (div main::x 4294967296)) main::sn))
server:                  (and
server:                    (<=
server:                      4294967293
server:                      (+ (* -2 main::sn) (* 4294967296 (div main::x 4294967296)) main::x))
server:                    (or
server:                      (not (<= (+ (* -1 main::x) main::sn) -1))
server:                      (<= 4294967297 (+ main::x (* -1 main::sn))))
server:                    (or
server:                      (not (<= (+ (* -1 main::x) main::sn) -2))
server:                      (not (<= (+ main::x (* -1 main::sn)) 2)))
server:                    (<= 1 (+ (* -1 main::x) main::sn))))
server:                (not
server:                  (or
server:                    (<=
server:                      -4
server:                      (+
server:                        (* -1 main::sn)
server:                        (* -8589934592 (div main::x 4294967296))
server:                        (* -2 main::x)))
server:                    (and
server:                      (<=
server:                        4294967293
server:                        (+ (* -2 main::sn) (* 4294967296 (div main::x 4294967296)) main::x))
server:                      (or
server:                        (not (<= (+ (* -1 main::x) main::sn) -1))
server:                        (<= 4294967297 (+ main::x (* -1 main::sn))))
server:                      (or
server:                        (not (<= (+ (* -1 main::x) main::sn) -2))
server:                        (not (<= (+ main::x (* -1 main::sn)) 2)))
server:                      (<= 1 (+ (* -1 main::x) main::sn)))))
server:                (or
server:                  (not (<= (+ (* -1 main::x) main::sn) -1))
server:                  (<= 4294967297 (+ main::x (* -1 main::sn))))
server:                (<= 1 (+ (* -1 main::x) main::sn))
server:                (or
server:                  (<=
server:                    0
server:                    (+ (* 2 main::x) (* 8589934592 (div main::x 4294967296)) (* -1 main::sn)))
server:                  (<=
server:                    4294967295
server:                    (+ (* -4294967296 (div main::x 4294967296)) (* -1 main::x))))
server:                (or
server:                  (not (<= (+ main::sn (* -1 main::x)) 0))
server:                  (not (>= (+ main::sn (* -1 main::x)) 0)))
server:                (or
server:                  (not (<= (+ (* -1 main::x) main::sn) -2))
server:                  (not (<= (+ main::x (* -1 main::sn)) 2)))
server:                (or
server:                  (and
server:                    (not (<= (+ (* -1 main::x) main::sn) -1))
server:                    (>= (div (+ 1 main::x) 4294967296) 0))
server:                  (and
server:                    (<= 4294967297 (+ main::x (* -1 main::sn)))
server:                    (not (>= (div (+ 1 main::x) 4294967296) 1))))
server:                (not
server:                  (or
server:                    (<=
server:                      -4
server:                      (+
server:                        (* -1 main::sn)
server:                        (* -8589934592 (div main::x 4294967296))
server:                        (* -2 main::x)))
server:                    (and
server:                      (<=
server:                        4294967293
server:                        (+ (* -2 main::sn) (* 4294967296 (div main::x 4294967296)) main::x))
server:                      (or
server:                        (and
server:                          (not (<= (+ (* -1 main::x) main::sn) -1))
server:                          (>= (div (+ 1 main::x) 4294967296) 0))
server:                        (and
server:                          (<= 4294967297 (+ main::x (* -1 main::sn)))
server:                          (not (>= (div (+ 1 main::x) 4294967296) 1))))
server:                      (or
server:                        (not (<= (+ (* -1 main::x) main::sn) -2))
server:                        (not (<= (+ main::x (* -1 main::sn)) 2)))
server:                      (<= 1 (+ (* -1 main::x) main::sn))
server:                      (>= (div (+ 1 main::x) 4294967296) 0)
server:                      (not (>= (div (+ 1 main::x) 4294967296) 1)))))
server:                (<=
server:                  0
server:                  (+ (* 2 main::x) (* 8589934592 (div main::x 4294967296)) (* -1 main::sn)))
server:                (or
server:                  (and
server:                    (<=
server:                      0
server:                      (+ (* -2 main::x) (* -8589934592 (div main::x 4294967296)) main::sn))
server:                    (not (>= (div (+ 1 main::x) 4294967296) 1))
server:                    (>= (div (+ 1 main::x) 4294967296) 0))
server:                  (and
server:                    (<=
server:                      4294967293
server:                      (+ (* -2 main::sn) (* 4294967296 (div main::x 4294967296)) main::x))
server:                    (or
server:                      (and
server:                        (not (<= (+ (* -1 main::x) main::sn) -1))
server:                        (>= (div (+ 1 main::x) 4294967296) 0))
server:                      (and
server:                        (<= 4294967297 (+ main::x (* -1 main::sn)))
server:                        (not (>= (div (+ 1 main::x) 4294967296) 1))))
server:                    (or
server:                      (not (<= (+ (* -1 main::x) main::sn) -2))
server:                      (not (<= (+ main::x (* -1 main::sn)) 2)))
server:                    (<= 1 (+ (* -1 main::x) main::sn))
server:                    (>= (div (+ 1 main::x) 4294967296) 0)
server:                    (not (>= (div (+ 1 main::x) 4294967296) 1))))
server:                (or
server:                  (>= (+ main::sn (* -2 (mod main::x 4294967296))) 0)
server:                  (and
server:                    (<=
server:                      -4
server:                      (+ (* 8589934592 (div main::x 4294967296)) (* 2 main::x) (* -3 main::sn)))
server:                    (not (>= (div (+ 1 main::x) 4294967296) 1))
server:                    (or
server:                      (not (<= (+ main::sn (* -1 main::x)) 0))
server:                      (not (>= (+ main::sn (* -1 main::x)) 0)))
server:                    (or
server:                      (and
server:                        (not (<= (+ (* -1 main::x) main::sn) -1))
server:                        (>= (div (+ 1 main::x) 4294967296) 0))
server:                      (and
server:                        (<= 4294967297 (+ main::x (* -1 main::sn)))
server:                        (not (>= (div (+ 1 main::x) 4294967296) 1))))
server:                    (or
server:                      (not (<= (+ (* -1 main::x) main::sn) -2))
server:                      (not (<= (+ main::x (* -1 main::sn)) 2)))
server:                    (<= 1 (+ (* -1 main::x) main::sn))
server:                    (>= (div (+ 1 main::x) 4294967296) 0)
server:                    (<= 2 (+ (* -1 main::sn) (* 2 (mod main::x 4294967296))))))
server:                (or
server:                  (=
server:                    (+
server:                      (mod main::sn 4294967296)
server:                      (* -1 (mod (* 2 (mod main::x 4294967296)) 4294967296)))
server:                    0)
server:                  (= main::sn 0))
server:                (not
server:                  (or
server:                    (<=
server:                      -1
server:                      (+
server:                        (* -4294967296 (div main::x 4294967296))
server:                        (* -1 main::x)
server:                        (* 4294967296 (div (+ 2 (* -1 main::sn)) 4294967296))))
server:                    (and
server:                      (<=
server:                        4294967293
server:                        (+ (* -2 main::sn) (* 4294967296 (div main::x 4294967296)) main::x))
server:                      (or
server:                        (and
server:                          (not (<= (+ (* -1 main::x) main::sn) -1))
server:                          (>= (div (+ 1 main::x) 4294967296) 0))
server:                        (and
server:                          (<= 4294967297 (+ main::x (* -1 main::sn)))
server:                          (not (>= (div (+ 1 main::x) 4294967296) 1))))
server:                      (or
server:                        (not (<= (+ (* -1 main::x) main::sn) -2))
server:                        (not (<= (+ main::x (* -1 main::sn)) 2)))
server:                      (<= 1 (+ (* -1 main::x) main::sn))
server:                      (>= (div (+ 1 main::x) 4294967296) 0)
server:                      (not (>= (div (+ 1 main::x) 4294967296) 1)))))
server:                (or
server:                  (not
server:                    (or
server:                      (=
server:                        (+
server:                          (mod main::sn 4294967296)
server:                          (* -1 (mod (* 2 (mod main::x 4294967296)) 4294967296)))
server:                        0)
server:                      (= main::sn 0)))
server:                  (and
server:                    (or
server:                      (=
server:                        (+
server:                          (mod main::sn 4294967296)
server:                          (* -1 (mod (* 2 (mod main::x 4294967296)) 4294967296)))
server:                        0)
server:                      (= main::sn 0))
server:                    (=
server:                      __VERIFIER_assert::cond
server:                      (ite
server:                        (or
server:                          (=
server:                            (+
server:                              (mod main::sn 4294967296)
server:                              (* -1 (mod (* 2 (mod main::x 4294967296)) 4294967296)))
server:                            0)
server:                          (= main::sn 0))
server:                        1
server:                        0))))
server:                (<=
server:                  (+
server:                    (mod main::sn 4294967296)
server:                    (* -1 (mod (* 2 (mod main::x 4294967296)) 4294967296)))
server:                  0)
server:                (>=
server:                  (+
server:                    (mod main::sn 4294967296)
server:                    (* -1 (mod (* 2 (mod main::x 4294967296)) 4294967296)))
server:                  0)
server:                (>= (+ main::sn (* -1 main::x)) 0)
server:                (not
server:                  (>=
server:                    (+
server:                      main::sn
server:                      (* 2147483648 (div (+ 8589934590 (* -4294967295 main::sn)) 4294967296)))
server:                    2))
server:                (>=
server:                  (+ (* 2 main::x) (* -1 main::sn) (* 8589934592 (div main::x 4294967296)))
server:                  0)
server:                (not (<= (+ main::sn (* -1 main::x)) -2))
server:                (<= -60129542102 (+ (* 4294967293 main::sn) (* -17179869172 main::x)))
server:                (<= -68719476688 (+ (* 4294967293 main::sn) (* -17179869172 main::x)))
server:                (<= -77309411274 (+ (* 4294967293 main::sn) (* -17179869172 main::x)))
server:                (>=
server:                  (+ (* 8589934592 (div main::x 4294967296)) (* -1 main::sn) (* 2 main::x))
server:                  0))
server:              (and
server:                (>= (div (+ 1 main::x) 4294967296) 0)
server:                (>= main::sn 0)
server:                (not (>= (div (+ 1 main::x) 4294967296) 1))
server:                (not (<= main::sn 0))
server:                (>= main::x 0)
server:                (not (<= main::x 0))
server:                (not (= 0 main::x))
server:                (not (= 0 __VERIFIER_assert::cond))
server:                (or
server:                  (not (<= (+ (* -1 main::x) (* 4294967296 (div main::x 4294967296))) -10))
server:                  (<= 4294967296 (+ main::x (* -4294967296 (div main::x 4294967296)))))
server:                (or
server:                  (>= (+ main::sn (* -2 (mod main::x 4294967296))) 0)
server:                  (and
server:                    (or
server:                      (<=
server:                        -4
server:                        (+ (* 8589934592 (div main::x 4294967296)) (* 2 main::x) (* -3 main::sn)))
server:                      (<=
server:                        4294967295
server:                        (+ (* -4294967296 (div main::x 4294967296)) (* -1 main::x))))
server:                    (or
server:                      (not (<= (+ main::sn (* -1 main::x)) 0))
server:                      (not (>= (+ main::sn (* -1 main::x)) 0)))
server:                    (or
server:                      (not (<= (+ (* -1 main::x) main::sn) -1))
server:                      (<= 4294967297 (+ main::x (* -1 main::sn))))
server:                    (or
server:                      (not (<= (+ (* -1 main::x) main::sn) -2))
server:                      (not (<= (+ main::x (* -1 main::sn)) 2)))
server:                    (<= 1 (+ (* -1 main::x) main::sn))
server:                    (<= 2 (+ (* -1 main::sn) (* 2 (mod main::x 4294967296))))))
server:                (iff
server:                  (not (= __VERIFIER_assert::cond 0))
server:                  (or
server:                    (=
server:                      (+
server:                        (mod main::sn 4294967296)
server:                        (* -1 (mod (* 2 (mod main::x 4294967296)) 4294967296)))
server:                      0)
server:                    (= main::sn 0)))
server:                (not
server:                  (<=
server:                    4
server:                    (+
server:                      (* 2 main::sn)
server:                      (* 4294967296 (div (+ 8589934590 (* -4294967295 main::sn)) 4294967296)))))
server:                (not
server:                  (or
server:                    (<=
server:                      -1
server:                      (+
server:                        (* -4294967296 (div main::x 4294967296))
server:                        (* -1 main::x)
server:                        (* 4294967296 (div (+ 2 (* -1 main::sn)) 4294967296))))
server:                    (and
server:                      (<=
server:                        4294967293
server:                        (+ (* -2 main::sn) (* 4294967296 (div main::x 4294967296)) main::x))
server:                      (or
server:                        (not (<= (+ (* -1 main::x) main::sn) -1))
server:                        (<= 4294967297 (+ main::x (* -1 main::sn))))
server:                      (or
server:                        (not (<= (+ (* -1 main::x) main::sn) -2))
server:                        (not (<= (+ main::x (* -1 main::sn)) 2)))
server:                      (<= 1 (+ (* -1 main::x) main::sn)))))
server:                (or
server:                  (<=
server:                    0
server:                    (+ (* -2 main::x) (* -8589934592 (div main::x 4294967296)) main::sn))
server:                  (and
server:                    (<=
server:                      4294967293
server:                      (+ (* -2 main::sn) (* 4294967296 (div main::x 4294967296)) main::x))
server:                    (or
server:                      (not (<= (+ (* -1 main::x) main::sn) -1))
server:                      (<= 4294967297 (+ main::x (* -1 main::sn))))
server:                    (or
server:                      (not (<= (+ (* -1 main::x) main::sn) -2))
server:                      (not (<= (+ main::x (* -1 main::sn)) 2)))
server:                    (<= 1 (+ (* -1 main::x) main::sn))))
server:                (not
server:                  (or
server:                    (<=
server:                      -4
server:                      (+
server:                        (* -1 main::sn)
server:                        (* -8589934592 (div main::x 4294967296))
server:                        (* -2 main::x)))
server:                    (and
server:                      (<=
server:                        4294967293
server:                        (+ (* -2 main::sn) (* 4294967296 (div main::x 4294967296)) main::x))
server:                      (or
server:                        (not (<= (+ (* -1 main::x) main::sn) -1))
server:                        (<= 4294967297 (+ main::x (* -1 main::sn))))
server:                      (or
server:                        (not (<= (+ (* -1 main::x) main::sn) -2))
server:                        (not (<= (+ main::x (* -1 main::sn)) 2)))
server:                      (<= 1 (+ (* -1 main::x) main::sn)))))
server:                (or
server:                  (not (<= (+ (* -1 main::x) main::sn) -1))
server:                  (<= 4294967297 (+ main::x (* -1 main::sn))))
server:                (<= 1 (+ (* -1 main::x) main::sn))
server:                (or
server:                  (<=
server:                    0
server:                    (+ (* 2 main::x) (* 8589934592 (div main::x 4294967296)) (* -1 main::sn)))
server:                  (<=
server:                    4294967295
server:                    (+ (* -4294967296 (div main::x 4294967296)) (* -1 main::x))))
server:                (or
server:                  (not (<= (+ main::sn (* -1 main::x)) 0))
server:                  (not (>= (+ main::sn (* -1 main::x)) 0)))
server:                (or
server:                  (not (<= (+ (* -1 main::x) main::sn) -2))
server:                  (not (<= (+ main::x (* -1 main::sn)) 2)))
server:                (or
server:                  (and
server:                    (not (<= (+ (* -1 main::x) main::sn) -1))
server:                    (>= (div (+ 1 main::x) 4294967296) 0))
server:                  (and
server:                    (<= 4294967297 (+ main::x (* -1 main::sn)))
server:                    (not (>= (div (+ 1 main::x) 4294967296) 1))))
server:                (not
server:                  (or
server:                    (<=
server:                      -4
server:                      (+
server:                        (* -1 main::sn)
server:                        (* -8589934592 (div main::x 4294967296))
server:                        (* -2 main::x)))
server:                    (and
server:                      (<=
server:                        4294967293
server:                        (+ (* -2 main::sn) (* 4294967296 (div main::x 4294967296)) main::x))
server:                      (or
server:                        (and
server:                          (not (<= (+ (* -1 main::x) main::sn) -1))
server:                          (>= (div (+ 1 main::x) 4294967296) 0))
server:                        (and
server:                          (<= 4294967297 (+ main::x (* -1 main::sn)))
server:                          (not (>= (div (+ 1 main::x) 4294967296) 1))))
server:                      (or
server:                        (not (<= (+ (* -1 main::x) main::sn) -2))
server:                        (not (<= (+ main::x (* -1 main::sn)) 2)))
server:                      (<= 1 (+ (* -1 main::x) main::sn))
server:                      (>= (div (+ 1 main::x) 4294967296) 0)
server:                      (not (>= (div (+ 1 main::x) 4294967296) 1)))))
server:                (<=
server:                  0
server:                  (+ (* 2 main::x) (* 8589934592 (div main::x 4294967296)) (* -1 main::sn)))
server:                (or
server:                  (and
server:                    (<=
server:                      0
server:                      (+ (* -2 main::x) (* -8589934592 (div main::x 4294967296)) main::sn))
server:                    (not (>= (div (+ 1 main::x) 4294967296) 1))
server:                    (>= (div (+ 1 main::x) 4294967296) 0))
server:                  (and
server:                    (<=
server:                      4294967293
server:                      (+ (* -2 main::sn) (* 4294967296 (div main::x 4294967296)) main::x))
server:                    (or
server:                      (and
server:                        (not (<= (+ (* -1 main::x) main::sn) -1))
server:                        (>= (div (+ 1 main::x) 4294967296) 0))
server:                      (and
server:                        (<= 4294967297 (+ main::x (* -1 main::sn)))
server:                        (not (>= (div (+ 1 main::x) 4294967296) 1))))
server:                    (or
server:                      (not (<= (+ (* -1 main::x) main::sn) -2))
server:                      (not (<= (+ main::x (* -1 main::sn)) 2)))
server:                    (<= 1 (+ (* -1 main::x) main::sn))
server:                    (>= (div (+ 1 main::x) 4294967296) 0)
server:                    (not (>= (div (+ 1 main::x) 4294967296) 1))))
server:                (or
server:                  (>= (+ main::sn (* -2 (mod main::x 4294967296))) 0)
server:                  (and
server:                    (<=
server:                      -4
server:                      (+ (* 8589934592 (div main::x 4294967296)) (* 2 main::x) (* -3 main::sn)))
server:                    (not (>= (div (+ 1 main::x) 4294967296) 1))
server:                    (or
server:                      (not (<= (+ main::sn (* -1 main::x)) 0))
server:                      (not (>= (+ main::sn (* -1 main::x)) 0)))
server:                    (or
server:                      (and
server:                        (not (<= (+ (* -1 main::x) main::sn) -1))
server:                        (>= (div (+ 1 main::x) 4294967296) 0))
server:                      (and
server:                        (<= 4294967297 (+ main::x (* -1 main::sn)))
server:                        (not (>= (div (+ 1 main::x) 4294967296) 1))))
server:                    (or
server:                      (not (<= (+ (* -1 main::x) main::sn) -2))
server:                      (not (<= (+ main::x (* -1 main::sn)) 2)))
server:                    (<= 1 (+ (* -1 main::x) main::sn))
server:                    (>= (div (+ 1 main::x) 4294967296) 0)
server:                    (<= 2 (+ (* -1 main::sn) (* 2 (mod main::x 4294967296))))))
server:                (or
server:                  (=
server:                    (+
server:                      (mod main::sn 4294967296)
server:                      (* -1 (mod (* 2 (mod main::x 4294967296)) 4294967296)))
server:                    0)
server:                  (= main::sn 0))
server:                (not
server:                  (or
server:                    (<=
server:                      -1
server:                      (+
server:                        (* -4294967296 (div main::x 4294967296))
server:                        (* -1 main::x)
server:                        (* 4294967296 (div (+ 2 (* -1 main::sn)) 4294967296))))
server:                    (and
server:                      (<=
server:                        4294967293
server:                        (+ (* -2 main::sn) (* 4294967296 (div main::x 4294967296)) main::x))
server:                      (or
server:                        (and
server:                          (not (<= (+ (* -1 main::x) main::sn) -1))
server:                          (>= (div (+ 1 main::x) 4294967296) 0))
server:                        (and
server:                          (<= 4294967297 (+ main::x (* -1 main::sn)))
server:                          (not (>= (div (+ 1 main::x) 4294967296) 1))))
server:                      (or
server:                        (not (<= (+ (* -1 main::x) main::sn) -2))
server:                        (not (<= (+ main::x (* -1 main::sn)) 2)))
server:                      (<= 1 (+ (* -1 main::x) main::sn))
server:                      (>= (div (+ 1 main::x) 4294967296) 0)
server:                      (not (>= (div (+ 1 main::x) 4294967296) 1)))))
server:                (or
server:                  (not
server:                    (or
server:                      (=
server:                        (+
server:                          (mod main::sn 4294967296)
server:                          (* -1 (mod (* 2 (mod main::x 4294967296)) 4294967296)))
server:                        0)
server:                      (= main::sn 0)))
server:                  (and
server:                    (or
server:                      (=
server:                        (+
server:                          (mod main::sn 4294967296)
server:                          (* -1 (mod (* 2 (mod main::x 4294967296)) 4294967296)))
server:                        0)
server:                      (= main::sn 0))
server:                    (=
server:                      __VERIFIER_assert::cond
server:                      (ite
server:                        (or
server:                          (=
server:                            (+
server:                              (mod main::sn 4294967296)
server:                              (* -1 (mod (* 2 (mod main::x 4294967296)) 4294967296)))
server:                            0)
server:                          (= main::sn 0))
server:                        1
server:                        0))))
server:                (<=
server:                  (+
server:                    (mod main::sn 4294967296)
server:                    (* -1 (mod (* 2 (mod main::x 4294967296)) 4294967296)))
server:                  0)
server:                (>=
server:                  (+
server:                    (mod main::sn 4294967296)
server:                    (* -1 (mod (* 2 (mod main::x 4294967296)) 4294967296)))
server:                  0)
server:                (>= (+ main::sn (* -1 main::x)) 0)
server:                (not
server:                  (>=
server:                    (+
server:                      main::sn
server:                      (* 2147483648 (div (+ 8589934590 (* -4294967295 main::sn)) 4294967296)))
server:                    2))
server:                (>=
server:                  (+ (* 2 main::x) (* -1 main::sn) (* 8589934592 (div main::x 4294967296)))
server:                  0)
server:                (not (<= (+ main::sn (* -1 main::x)) -2))
server:                (<= -68719476688 (+ (* 4294967293 main::sn) (* -17179869172 main::x)))
server:                (<= -77309411274 (+ (* 4294967293 main::sn) (* -17179869172 main::x)))
server:                (>=
server:                  (+ (* 8589934592 (div main::x 4294967296)) (* -1 main::sn) (* 2 main::x))
server:                  0))
server:              (and
server:                (>= (div (+ 1 main::x) 4294967296) 0)
server:                (>= main::sn 0)
server:                (not (>= (div (+ 1 main::x) 4294967296) 1))
server:                (not (<= main::sn 0))
server:                (>= main::x 0)
server:                (not (<= main::x 0))
server:                (not (= 0 main::x))
server:                (not (= 0 __VERIFIER_assert::cond))
server:                (or
server:                  (not (<= (+ (* -1 main::x) (* 4294967296 (div main::x 4294967296))) -10))
server:                  (<= 4294967296 (+ main::x (* -4294967296 (div main::x 4294967296)))))
server:                (or
server:                  (>= (+ main::sn (* -2 (mod main::x 4294967296))) 0)
server:                  (and
server:                    (or
server:                      (<=
server:                        -4
server:                        (+ (* 8589934592 (div main::x 4294967296)) (* 2 main::x) (* -3 main::sn)))
server:                      (<=
server:                        4294967295
server:                        (+ (* -4294967296 (div main::x 4294967296)) (* -1 main::x))))
server:                    (or
server:                      (not (<= (+ main::sn (* -1 main::x)) 0))
server:                      (not (>= (+ main::sn (* -1 main::x)) 0)))
server:                    (or
server:                      (not (<= (+ (* -1 main::x) main::sn) -1))
server:                      (<= 4294967297 (+ main::x (* -1 main::sn))))
server:                    (or
server:                      (not (<= (+ (* -1 main::x) main::sn) -2))
server:                      (not (<= (+ main::x (* -1 main::sn)) 2)))
server:                    (<= 1 (+ (* -1 main::x) main::sn))
server:                    (<= 2 (+ (* -1 main::sn) (* 2 (mod main::x 4294967296))))))
server:                (iff
server:                  (not (= __VERIFIER_assert::cond 0))
server:                  (or
server:                    (=
server:                      (+
server:                        (mod main::sn 4294967296)
server:                        (* -1 (mod (* 2 (mod main::x 4294967296)) 4294967296)))
server:                      0)
server:                    (= main::sn 0)))
server:                (not
server:                  (<=
server:                    4
server:                    (+
server:                      (* 2 main::sn)
server:                      (* 4294967296 (div (+ 8589934590 (* -4294967295 main::sn)) 4294967296)))))
server:                (not
server:                  (or
server:                    (<=
server:                      -1
server:                      (+
server:                        (* -4294967296 (div main::x 4294967296))
server:                        (* -1 main::x)
server:                        (* 4294967296 (div (+ 2 (* -1 main::sn)) 4294967296))))
server:                    (and
server:                      (<=
server:                        4294967293
server:                        (+ (* -2 main::sn) (* 4294967296 (div main::x 4294967296)) main::x))
server:                      (or
server:                        (not (<= (+ (* -1 main::x) main::sn) -1))
server:                        (<= 4294967297 (+ main::x (* -1 main::sn))))
server:                      (or
server:                        (not (<= (+ (* -1 main::x) main::sn) -2))
server:                        (not (<= (+ main::x (* -1 main::sn)) 2)))
server:                      (<= 1 (+ (* -1 main::x) main::sn)))))
server:                (or
server:                  (<=
server:                    0
server:                    (+ (* -2 main::x) (* -8589934592 (div main::x 4294967296)) main::sn))
server:                  (and
server:                    (<=
server:                      4294967293
server:                      (+ (* -2 main::sn) (* 4294967296 (div main::x 4294967296)) main::x))
server:                    (or
server:                      (not (<= (+ (* -1 main::x) main::sn) -1))
server:                      (<= 4294967297 (+ main::x (* -1 main::sn))))
server:                    (or
server:                      (not (<= (+ (* -1 main::x) main::sn) -2))
server:                      (not (<= (+ main::x (* -1 main::sn)) 2)))
server:                    (<= 1 (+ (* -1 main::x) main::sn))))
server:                (not
server:                  (or
server:                    (<=
server:                      -4
server:                      (+
server:                        (* -1 main::sn)
server:                        (* -8589934592 (div main::x 4294967296))
server:                        (* -2 main::x)))
server:                    (and
server:                      (<=
server:                        4294967293
server:                        (+ (* -2 main::sn) (* 4294967296 (div main::x 4294967296)) main::x))
server:                      (or
server:                        (not (<= (+ (* -1 main::x) main::sn) -1))
server:                        (<= 4294967297 (+ main::x (* -1 main::sn))))
server:                      (or
server:                        (not (<= (+ (* -1 main::x) main::sn) -2))
server:                        (not (<= (+ main::x (* -1 main::sn)) 2)))
server:                      (<= 1 (+ (* -1 main::x) main::sn)))))
server:                (or
server:                  (not (<= (+ (* -1 main::x) main::sn) -1))
server:                  (<= 4294967297 (+ main::x (* -1 main::sn))))
server:                (<= 1 (+ (* -1 main::x) main::sn))
server:                (or
server:                  (<=
server:                    0
server:                    (+ (* 2 main::x) (* 8589934592 (div main::x 4294967296)) (* -1 main::sn)))
server:                  (<=
server:                    4294967295
server:                    (+ (* -4294967296 (div main::x 4294967296)) (* -1 main::x))))
server:                (or
server:                  (not (<= (+ main::sn (* -1 main::x)) 0))
server:                  (not (>= (+ main::sn (* -1 main::x)) 0)))
server:                (or
server:                  (not (<= (+ (* -1 main::x) main::sn) -2))
server:                  (not (<= (+ main::x (* -1 main::sn)) 2)))
server:                (or
server:                  (and
server:                    (not (<= (+ (* -1 main::x) main::sn) -1))
server:                    (>= (div (+ 1 main::x) 4294967296) 0))
server:                  (and
server:                    (<= 4294967297 (+ main::x (* -1 main::sn)))
server:                    (not (>= (div (+ 1 main::x) 4294967296) 1))))
server:                (not
server:                  (or
server:                    (<=
server:                      -4
server:                      (+
server:                        (* -1 main::sn)
server:                        (* -8589934592 (div main::x 4294967296))
server:                        (* -2 main::x)))
server:                    (and
server:                      (<=
server:                        4294967293
server:                        (+ (* -2 main::sn) (* 4294967296 (div main::x 4294967296)) main::x))
server:                      (or
server:                        (and
server:                          (not (<= (+ (* -1 main::x) main::sn) -1))
server:                          (>= (div (+ 1 main::x) 4294967296) 0))
server:                        (and
server:                          (<= 4294967297 (+ main::x (* -1 main::sn)))
server:                          (not (>= (div (+ 1 main::x) 4294967296) 1))))
server:                      (or
server:                        (not (<= (+ (* -1 main::x) main::sn) -2))
server:                        (not (<= (+ main::x (* -1 main::sn)) 2)))
server:                      (<= 1 (+ (* -1 main::x) main::sn))
server:                      (>= (div (+ 1 main::x) 4294967296) 0)
server:                      (not (>= (div (+ 1 main::x) 4294967296) 1)))))
server:                (<=
server:                  0
server:                  (+ (* 2 main::x) (* 8589934592 (div main::x 4294967296)) (* -1 main::sn)))
server:                (or
server:                  (and
server:                    (<=
server:                      0
server:                      (+ (* -2 main::x) (* -8589934592 (div main::x 4294967296)) main::sn))
server:                    (not (>= (div (+ 1 main::x) 4294967296) 1))
server:                    (>= (div (+ 1 main::x) 4294967296) 0))
server:                  (and
server:                    (<=
server:                      4294967293
server:                      (+ (* -2 main::sn) (* 4294967296 (div main::x 4294967296)) main::x))
server:                    (or
server:                      (and
server:                        (not (<= (+ (* -1 main::x) main::sn) -1))
server:                        (>= (div (+ 1 main::x) 4294967296) 0))
server:                      (and
server:                        (<= 4294967297 (+ main::x (* -1 main::sn)))
server:                        (not (>= (div (+ 1 main::x) 4294967296) 1))))
server:                    (or
server:                      (not (<= (+ (* -1 main::x) main::sn) -2))
server:                      (not (<= (+ main::x (* -1 main::sn)) 2)))
server:                    (<= 1 (+ (* -1 main::x) main::sn))
server:                    (>= (div (+ 1 main::x) 4294967296) 0)
server:                    (not (>= (div (+ 1 main::x) 4294967296) 1))))
server:                (or
server:                  (>= (+ main::sn (* -2 (mod main::x 4294967296))) 0)
server:                  (and
server:                    (<=
server:                      -4
server:                      (+ (* 8589934592 (div main::x 4294967296)) (* 2 main::x) (* -3 main::sn)))
server:                    (not (>= (div (+ 1 main::x) 4294967296) 1))
server:                    (or
server:                      (not (<= (+ main::sn (* -1 main::x)) 0))
server:                      (not (>= (+ main::sn (* -1 main::x)) 0)))
server:                    (or
server:                      (and
server:                        (not (<= (+ (* -1 main::x) main::sn) -1))
server:                        (>= (div (+ 1 main::x) 4294967296) 0))
server:                      (and
server:                        (<= 4294967297 (+ main::x (* -1 main::sn)))
server:                        (not (>= (div (+ 1 main::x) 4294967296) 1))))
server:                    (or
server:                      (not (<= (+ (* -1 main::x) main::sn) -2))
server:                      (not (<= (+ main::x (* -1 main::sn)) 2)))
server:                    (<= 1 (+ (* -1 main::x) main::sn))
server:                    (>= (div (+ 1 main::x) 4294967296) 0)
server:                    (<= 2 (+ (* -1 main::sn) (* 2 (mod main::x 4294967296))))))
server:                (or
server:                  (=
server:                    (+
server:                      (mod main::sn 4294967296)
server:                      (* -1 (mod (* 2 (mod main::x 4294967296)) 4294967296)))
server:                    0)
server:                  (= main::sn 0))
server:                (not
server:                  (or
server:                    (<=
server:                      -1
server:                      (+
server:                        (* -4294967296 (div main::x 4294967296))
server:                        (* -1 main::x)
server:                        (* 4294967296 (div (+ 2 (* -1 main::sn)) 4294967296))))
server:                    (and
server:                      (<=
server:                        4294967293
server:                        (+ (* -2 main::sn) (* 4294967296 (div main::x 4294967296)) main::x))
server:                      (or
server:                        (and
server:                          (not (<= (+ (* -1 main::x) main::sn) -1))
server:                          (>= (div (+ 1 main::x) 4294967296) 0))
server:                        (and
server:                          (<= 4294967297 (+ main::x (* -1 main::sn)))
server:                          (not (>= (div (+ 1 main::x) 4294967296) 1))))
server:                      (or
server:                        (not (<= (+ (* -1 main::x) main::sn) -2))
server:                        (not (<= (+ main::x (* -1 main::sn)) 2)))
server:                      (<= 1 (+ (* -1 main::x) main::sn))
server:                      (>= (div (+ 1 main::x) 4294967296) 0)
server:                      (not (>= (div (+ 1 main::x) 4294967296) 1)))))
server:                (or
server:                  (not
server:                    (or
server:                      (=
server:                        (+
server:                          (mod main::sn 4294967296)
server:                          (* -1 (mod (* 2 (mod main::x 4294967296)) 4294967296)))
server:                        0)
server:                      (= main::sn 0)))
server:                  (and
server:                    (or
server:                      (=
server:                        (+
server:                          (mod main::sn 4294967296)
server:                          (* -1 (mod (* 2 (mod main::x 4294967296)) 4294967296)))
server:                        0)
server:                      (= main::sn 0))
server:                    (=
server:                      __VERIFIER_assert::cond
server:                      (ite
server:                        (or
server:                          (=
server:                            (+
server:                              (mod main::sn 4294967296)
server:                              (* -1 (mod (* 2 (mod main::x 4294967296)) 4294967296)))
server:                            0)
server:                          (= main::sn 0))
server:                        1
server:                        0))))
server:                (<=
server:                  (+
server:                    (mod main::sn 4294967296)
server:                    (* -1 (mod (* 2 (mod main::x 4294967296)) 4294967296)))
server:                  0)
server:                (>=
server:                  (+
server:                    (mod main::sn 4294967296)
server:                    (* -1 (mod (* 2 (mod main::x 4294967296)) 4294967296)))
server:                  0)
server:                (>= (+ main::sn (* -1 main::x)) 0)
server:                (not
server:                  (>=
server:                    (+
server:                      main::sn
server:                      (* 2147483648 (div (+ 8589934590 (* -4294967295 main::sn)) 4294967296)))
server:                    2))
server:                (>=
server:                  (+ (* 2 main::x) (* -1 main::sn) (* 8589934592 (div main::x 4294967296)))
server:                  0)
server:                (not (<= (+ main::sn (* -1 main::x)) -2))
server:                (<= -77309411274 (+ (* 4294967293 main::sn) (* -17179869172 main::x)))
server:                (>=
server:                  (+ (* 8589934592 (div main::x 4294967296)) (* -1 main::sn) (* 2 main::x))
server:                  0))
server:              (and
server:                (>= (div (+ 1 main::x) 4294967296) 0)
server:                (>= main::sn 0)
server:                (not (>= (div (+ 1 main::x) 4294967296) 1))
server:                (not (<= main::sn 0))
server:                (>= main::x 0)
server:                (not (<= main::x 0))
server:                (not (= 0 main::x))
server:                (not (= 0 __VERIFIER_assert::cond))
server:                (or
server:                  (>= (+ main::sn (* -2 (mod main::x 4294967296))) 0)
server:                  (and
server:                    (or
server:                      (<=
server:                        -4
server:                        (+ (* 8589934592 (div main::x 4294967296)) (* 2 main::x) (* -3 main::sn)))
server:                      (<=
server:                        4294967295
server:                        (+ (* -4294967296 (div main::x 4294967296)) (* -1 main::x))))
server:                    (or
server:                      (not (<= (+ main::sn (* -1 main::x)) 0))
server:                      (not (>= (+ main::sn (* -1 main::x)) 0)))
server:                    (or
server:                      (not (<= (+ (* -1 main::x) main::sn) -1))
server:                      (<= 4294967297 (+ main::x (* -1 main::sn))))
server:                    (or
server:                      (not (<= (+ (* -1 main::x) main::sn) -2))
server:                      (not (<= (+ main::x (* -1 main::sn)) 2)))
server:                    (<= 1 (+ (* -1 main::x) main::sn))
server:                    (<= 2 (+ (* -1 main::sn) (* 2 (mod main::x 4294967296))))))
server:                (iff
server:                  (not (= __VERIFIER_assert::cond 0))
server:                  (or
server:                    (=
server:                      (+
server:                        (mod main::sn 4294967296)
server:                        (* -1 (mod (* 2 (mod main::x 4294967296)) 4294967296)))
server:                      0)
server:                    (= main::sn 0)))
server:                (not
server:                  (<=
server:                    4
server:                    (+
server:                      (* 2 main::sn)
server:                      (* 4294967296 (div (+ 8589934590 (* -4294967295 main::sn)) 4294967296)))))
server:                (not
server:                  (or
server:                    (<=
server:                      -1
server:                      (+
server:                        (* -4294967296 (div main::x 4294967296))
server:                        (* -1 main::x)
server:                        (* 4294967296 (div (+ 2 (* -1 main::sn)) 4294967296))))
server:                    (and
server:                      (<=
server:                        4294967293
server:                        (+ (* -2 main::sn) (* 4294967296 (div main::x 4294967296)) main::x))
server:                      (or
server:                        (not (<= (+ (* -1 main::x) main::sn) -1))
server:                        (<= 4294967297 (+ main::x (* -1 main::sn))))
server:                      (or
server:                        (not (<= (+ (* -1 main::x) main::sn) -2))
server:                        (not (<= (+ main::x (* -1 main::sn)) 2)))
server:                      (<= 1 (+ (* -1 main::x) main::sn)))))
server:                (or
server:                  (<=
server:                    0
server:                    (+ (* -2 main::x) (* -8589934592 (div main::x 4294967296)) main::sn))
server:                  (and
server:                    (<=
server:                      4294967293
server:                      (+ (* -2 main::sn) (* 4294967296 (div main::x 4294967296)) main::x))
server:                    (or
server:                      (not (<= (+ (* -1 main::x) main::sn) -1))
server:                      (<= 4294967297 (+ main::x (* -1 main::sn))))
server:                    (or
server:                      (not (<= (+ (* -1 main::x) main::sn) -2))
server:                      (not (<= (+ main::x (* -1 main::sn)) 2)))
server:                    (<= 1 (+ (* -1 main::x) main::sn))))
server:                (not
server:                  (or
server:                    (<=
server:                      -4
server:                      (+
server:                        (* -1 main::sn)
server:                        (* -8589934592 (div main::x 4294967296))
server:                        (* -2 main::x)))
server:                    (and
server:                      (<=
server:                        4294967293
server:                        (+ (* -2 main::sn) (* 4294967296 (div main::x 4294967296)) main::x))
server:                      (or
server:                        (not (<= (+ (* -1 main::x) main::sn) -1))
server:                        (<= 4294967297 (+ main::x (* -1 main::sn))))
server:                      (or
server:                        (not (<= (+ (* -1 main::x) main::sn) -2))
server:                        (not (<= (+ main::x (* -1 main::sn)) 2)))
server:                      (<= 1 (+ (* -1 main::x) main::sn)))))
server:                (or
server:                  (not (<= (+ (* -1 main::x) main::sn) -1))
server:                  (<= 4294967297 (+ main::x (* -1 main::sn))))
server:                (<= 1 (+ (* -1 main::x) main::sn))
server:                (or
server:                  (<=
server:                    0
server:                    (+ (* 2 main::x) (* 8589934592 (div main::x 4294967296)) (* -1 main::sn)))
server:                  (<=
server:                    4294967295
server:                    (+ (* -4294967296 (div main::x 4294967296)) (* -1 main::x))))
server:                (or
server:                  (not (<= (+ main::sn (* -1 main::x)) 0))
server:                  (not (>= (+ main::sn (* -1 main::x)) 0)))
server:                (or
server:                  (not (<= (+ (* -1 main::x) main::sn) -2))
server:                  (not (<= (+ main::x (* -1 main::sn)) 2)))
server:                (or
server:                  (and
server:                    (not (<= (+ (* -1 main::x) main::sn) -1))
server:                    (>= (div (+ 1 main::x) 4294967296) 0))
server:                  (and
server:                    (<= 4294967297 (+ main::x (* -1 main::sn)))
server:                    (not (>= (div (+ 1 main::x) 4294967296) 1))))
server:                (not
server:                  (or
server:                    (<=
server:                      -4
server:                      (+
server:                        (* -1 main::sn)
server:                        (* -8589934592 (div main::x 4294967296))
server:                        (* -2 main::x)))
server:                    (and
server:                      (<=
server:                        4294967293
server:                        (+ (* -2 main::sn) (* 4294967296 (div main::x 4294967296)) main::x))
server:                      (or
server:                        (and
server:                          (not (<= (+ (* -1 main::x) main::sn) -1))
server:                          (>= (div (+ 1 main::x) 4294967296) 0))
server:                        (and
server:                          (<= 4294967297 (+ main::x (* -1 main::sn)))
server:                          (not (>= (div (+ 1 main::x) 4294967296) 1))))
server:                      (or
server:                        (not (<= (+ (* -1 main::x) main::sn) -2))
server:                        (not (<= (+ main::x (* -1 main::sn)) 2)))
server:                      (<= 1 (+ (* -1 main::x) main::sn))
server:                      (>= (div (+ 1 main::x) 4294967296) 0)
server:                      (not (>= (div (+ 1 main::x) 4294967296) 1)))))
server:                (<=
server:                  0
server:                  (+ (* 2 main::x) (* 8589934592 (div main::x 4294967296)) (* -1 main::sn)))
server:                (or
server:                  (and
server:                    (<=
server:                      0
server:                      (+ (* -2 main::x) (* -8589934592 (div main::x 4294967296)) main::sn))
server:                    (not (>= (div (+ 1 main::x) 4294967296) 1))
server:                    (>= (div (+ 1 main::x) 4294967296) 0))
server:                  (and
server:                    (<=
server:                      4294967293
server:                      (+ (* -2 main::sn) (* 4294967296 (div main::x 4294967296)) main::x))
server:                    (or
server:                      (and
server:                        (not (<= (+ (* -1 main::x) main::sn) -1))
server:                        (>= (div (+ 1 main::x) 4294967296) 0))
server:                      (and
server:                        (<= 4294967297 (+ main::x (* -1 main::sn)))
server:                        (not (>= (div (+ 1 main::x) 4294967296) 1))))
server:                    (or
server:                      (not (<= (+ (* -1 main::x) main::sn) -2))
server:                      (not (<= (+ main::x (* -1 main::sn)) 2)))
server:                    (<= 1 (+ (* -1 main::x) main::sn))
server:                    (>= (div (+ 1 main::x) 4294967296) 0)
server:                    (not (>= (div (+ 1 main::x) 4294967296) 1))))
server:                (or
server:                  (>= (+ main::sn (* -2 (mod main::x 4294967296))) 0)
server:                  (and
server:                    (<=
server:                      -4
server:                      (+ (* 8589934592 (div main::x 4294967296)) (* 2 main::x) (* -3 main::sn)))
server:                    (not (>= (div (+ 1 main::x) 4294967296) 1))
server:                    (or
server:                      (not (<= (+ main::sn (* -1 main::x)) 0))
server:                      (not (>= (+ main::sn (* -1 main::x)) 0)))
server:                    (or
server:                      (and
server:                        (not (<= (+ (* -1 main::x) main::sn) -1))
server:                        (>= (div (+ 1 main::x) 4294967296) 0))
server:                      (and
server:                        (<= 4294967297 (+ main::x (* -1 main::sn)))
server:                        (not (>= (div (+ 1 main::x) 4294967296) 1))))
server:                    (or
server:                      (not (<= (+ (* -1 main::x) main::sn) -2))
server:                      (not (<= (+ main::x (* -1 main::sn)) 2)))
server:                    (<= 1 (+ (* -1 main::x) main::sn))
server:                    (>= (div (+ 1 main::x) 4294967296) 0)
server:                    (<= 2 (+ (* -1 main::sn) (* 2 (mod main::x 4294967296))))))
server:                (or
server:                  (=
server:                    (+
server:                      (mod main::sn 4294967296)
server:                      (* -1 (mod (* 2 (mod main::x 4294967296)) 4294967296)))
server:                    0)
server:                  (= main::sn 0))
server:                (not
server:                  (or
server:                    (<=
server:                      -1
server:                      (+
server:                        (* -4294967296 (div main::x 4294967296))
server:                        (* -1 main::x)
server:                        (* 4294967296 (div (+ 2 (* -1 main::sn)) 4294967296))))
server:                    (and
server:                      (<=
server:                        4294967293
server:                        (+ (* -2 main::sn) (* 4294967296 (div main::x 4294967296)) main::x))
server:                      (or
server:                        (and
server:                          (not (<= (+ (* -1 main::x) main::sn) -1))
server:                          (>= (div (+ 1 main::x) 4294967296) 0))
server:                        (and
server:                          (<= 4294967297 (+ main::x (* -1 main::sn)))
server:                          (not (>= (div (+ 1 main::x) 4294967296) 1))))
server:                      (or
server:                        (not (<= (+ (* -1 main::x) main::sn) -2))
server:                        (not (<= (+ main::x (* -1 main::sn)) 2)))
server:                      (<= 1 (+ (* -1 main::x) main::sn))
server:                      (>= (div (+ 1 main::x) 4294967296) 0)
server:                      (not (>= (div (+ 1 main::x) 4294967296) 1)))))
server:                (or
server:                  (not
server:                    (or
server:                      (=
server:                        (+
server:                          (mod main::sn 4294967296)
server:                          (* -1 (mod (* 2 (mod main::x 4294967296)) 4294967296)))
server:                        0)
server:                      (= main::sn 0)))
server:                  (and
server:                    (or
server:                      (=
server:                        (+
server:                          (mod main::sn 4294967296)
server:                          (* -1 (mod (* 2 (mod main::x 4294967296)) 4294967296)))
server:                        0)
server:                      (= main::sn 0))
server:                    (=
server:                      __VERIFIER_assert::cond
server:                      (ite
server:                        (or
server:                          (=
server:                            (+
server:                              (mod main::sn 4294967296)
server:                              (* -1 (mod (* 2 (mod main::x 4294967296)) 4294967296)))
server:                            0)
server:                          (= main::sn 0))
server:                        1
server:                        0))))
server:                (<=
server:                  (+
server:                    (mod main::sn 4294967296)
server:                    (* -1 (mod (* 2 (mod main::x 4294967296)) 4294967296)))
server:                  0)
server:                (>=
server:                  (+
server:                    (mod main::sn 4294967296)
server:                    (* -1 (mod (* 2 (mod main::x 4294967296)) 4294967296)))
server:                  0)
server:                (>= (+ main::sn (* -1 main::x)) 0)
server:                (not
server:                  (>=
server:                    (+
server:                      main::sn
server:                      (* 2147483648 (div (+ 8589934590 (* -4294967295 main::sn)) 4294967296)))
server:                    2))
server:                (>=
server:                  (+ (* 2 main::x) (* -1 main::sn) (* 8589934592 (div main::x 4294967296)))
server:                  0)
server:                (not (<= (+ main::sn (* -1 main::x)) -2))
server:                (>=
server:                  (+ (* 8589934592 (div main::x 4294967296)) (* -1 main::sn) (* 2 main::x))
server:                  0))
server:              false))] 
server:   __loc_29126[(PredState (or
server:              false
server:              (and
server:                (>= (div (+ 1 main::x) 4294967296) 0)
server:                (>= main::sn 0)
server:                (not (>= (div (+ 1 main::x) 4294967296) 1))
server:                (not (<= main::sn 0))
server:                (>= main::x 0)
server:                (not (<= main::x 0))
server:                (not (= 0 main::x))
server:                (not (= 0 __VERIFIER_assert::cond))
server:                (or
server:                  (not (<= (+ (* -1 main::x) (* 4294967296 (div main::x 4294967296))) -10))
server:                  (<= 4294967296 (+ main::x (* -4294967296 (div main::x 4294967296)))))
server:                (or
server:                  (>= (+ main::sn (* -2 (mod main::x 4294967296))) 0)
server:                  (and
server:                    (or
server:                      (<=
server:                        -4
server:                        (+ (* 8589934592 (div main::x 4294967296)) (* 2 main::x) (* -3 main::sn)))
server:                      (<=
server:                        4294967295
server:                        (+ (* -4294967296 (div main::x 4294967296)) (* -1 main::x))))
server:                    (or
server:                      (not (<= (+ main::sn (* -1 main::x)) 0))
server:                      (not (>= (+ main::sn (* -1 main::x)) 0)))
server:                    (or
server:                      (not (<= (+ (* -1 main::x) main::sn) -1))
server:                      (<= 4294967297 (+ main::x (* -1 main::sn))))
server:                    (or
server:                      (not (<= (+ (* -1 main::x) main::sn) -2))
server:                      (not (<= (+ main::x (* -1 main::sn)) 2)))
server:                    (<= 1 (+ (* -1 main::x) main::sn))
server:                    (<= 2 (+ (* -1 main::sn) (* 2 (mod main::x 4294967296))))))
server:                (iff
server:                  (not (= __VERIFIER_assert::cond 0))
server:                  (or
server:                    (=
server:                      (+
server:                        (mod main::sn 4294967296)
server:                        (* -1 (mod (* 2 (mod main::x 4294967296)) 4294967296)))
server:                      0)
server:                    (= main::sn 0)))
server:                (<=
server:                  4
server:                  (+
server:                    (* 2 main::sn)
server:                    (* 4294967296 (div (+ 8589934590 (* -4294967295 main::sn)) 4294967296))))
server:                (or
server:                  (<=
server:                    -1
server:                    (+
server:                      (* -4294967296 (div main::x 4294967296))
server:                      (* -1 main::x)
server:                      (* 4294967296 (div (+ 2 (* -1 main::sn)) 4294967296))))
server:                  (and
server:                    (<=
server:                      4294967293
server:                      (+ (* -2 main::sn) (* 4294967296 (div main::x 4294967296)) main::x))
server:                    (or
server:                      (not (<= (+ (* -1 main::x) main::sn) -1))
server:                      (<= 4294967297 (+ main::x (* -1 main::sn))))
server:                    (or
server:                      (not (<= (+ (* -1 main::x) main::sn) -2))
server:                      (not (<= (+ main::x (* -1 main::sn)) 2)))
server:                    (<= 1 (+ (* -1 main::x) main::sn))))
server:                (or
server:                  (<=
server:                    0
server:                    (+ (* -2 main::x) (* -8589934592 (div main::x 4294967296)) main::sn))
server:                  (and
server:                    (<=
server:                      4294967293
server:                      (+ (* -2 main::sn) (* 4294967296 (div main::x 4294967296)) main::x))
server:                    (or
server:                      (not (<= (+ (* -1 main::x) main::sn) -1))
server:                      (<= 4294967297 (+ main::x (* -1 main::sn))))
server:                    (or
server:                      (not (<= (+ (* -1 main::x) main::sn) -2))
server:                      (not (<= (+ main::x (* -1 main::sn)) 2)))
server:                    (<= 1 (+ (* -1 main::x) main::sn))))
server:                (or
server:                  (<=
server:                    -4
server:                    (+
server:                      (* -1 main::sn)
server:                      (* -8589934592 (div main::x 4294967296))
server:                      (* -2 main::x)))
server:                  (and
server:                    (<=
server:                      4294967293
server:                      (+ (* -2 main::sn) (* 4294967296 (div main::x 4294967296)) main::x))
server:                    (or
server:                      (not (<= (+ (* -1 main::x) main::sn) -1))
server:                      (<= 4294967297 (+ main::x (* -1 main::sn))))
server:                    (or
server:                      (not (<= (+ (* -1 main::x) main::sn) -2))
server:                      (not (<= (+ main::x (* -1 main::sn)) 2)))
server:                    (<= 1 (+ (* -1 main::x) main::sn))))
server:                (or
server:                  (not (<= (+ (* -1 main::x) main::sn) -1))
server:                  (<= 4294967297 (+ main::x (* -1 main::sn))))
server:                (<= 1 (+ (* -1 main::x) main::sn))
server:                (or
server:                  (<=
server:                    0
server:                    (+ (* 2 main::x) (* 8589934592 (div main::x 4294967296)) (* -1 main::sn)))
server:                  (<=
server:                    4294967295
server:                    (+ (* -4294967296 (div main::x 4294967296)) (* -1 main::x))))
server:                (or
server:                  (not (<= (+ main::sn (* -1 main::x)) 0))
server:                  (not (>= (+ main::sn (* -1 main::x)) 0)))
server:                (or
server:                  (not (<= (+ (* -1 main::x) main::sn) -2))
server:                  (not (<= (+ main::x (* -1 main::sn)) 2)))
server:                (or
server:                  (and
server:                    (not (<= (+ (* -1 main::x) main::sn) -1))
server:                    (>= (div (+ 1 main::x) 4294967296) 0))
server:                  (and
server:                    (<= 4294967297 (+ main::x (* -1 main::sn)))
server:                    (not (>= (div (+ 1 main::x) 4294967296) 1))))
server:                (or
server:                  (<=
server:                    -4
server:                    (+
server:                      (* -1 main::sn)
server:                      (* -8589934592 (div main::x 4294967296))
server:                      (* -2 main::x)))
server:                  (and
server:                    (<=
server:                      4294967293
server:                      (+ (* -2 main::sn) (* 4294967296 (div main::x 4294967296)) main::x))
server:                    (or
server:                      (and
server:                        (not (<= (+ (* -1 main::x) main::sn) -1))
server:                        (>= (div (+ 1 main::x) 4294967296) 0))
server:                      (and
server:                        (<= 4294967297 (+ main::x (* -1 main::sn)))
server:                        (not (>= (div (+ 1 main::x) 4294967296) 1))))
server:                    (or
server:                      (not (<= (+ (* -1 main::x) main::sn) -2))
server:                      (not (<= (+ main::x (* -1 main::sn)) 2)))
server:                    (<= 1 (+ (* -1 main::x) main::sn))
server:                    (>= (div (+ 1 main::x) 4294967296) 0)
server:                    (not (>= (div (+ 1 main::x) 4294967296) 1))))
server:                (<=
server:                  0
server:                  (+ (* 2 main::x) (* 8589934592 (div main::x 4294967296)) (* -1 main::sn)))
server:                (or
server:                  (and
server:                    (<=
server:                      0
server:                      (+ (* -2 main::x) (* -8589934592 (div main::x 4294967296)) main::sn))
server:                    (not (>= (div (+ 1 main::x) 4294967296) 1))
server:                    (>= (div (+ 1 main::x) 4294967296) 0))
server:                  (and
server:                    (<=
server:                      4294967293
server:                      (+ (* -2 main::sn) (* 4294967296 (div main::x 4294967296)) main::x))
server:                    (or
server:                      (and
server:                        (not (<= (+ (* -1 main::x) main::sn) -1))
server:                        (>= (div (+ 1 main::x) 4294967296) 0))
server:                      (and
server:                        (<= 4294967297 (+ main::x (* -1 main::sn)))
server:                        (not (>= (div (+ 1 main::x) 4294967296) 1))))
server:                    (or
server:                      (not (<= (+ (* -1 main::x) main::sn) -2))
server:                      (not (<= (+ main::x (* -1 main::sn)) 2)))
server:                    (<= 1 (+ (* -1 main::x) main::sn))
server:                    (>= (div (+ 1 main::x) 4294967296) 0)
server:                    (not (>= (div (+ 1 main::x) 4294967296) 1))))
server:                (or
server:                  (>= (+ main::sn (* -2 (mod main::x 4294967296))) 0)
server:                  (and
server:                    (<=
server:                      -4
server:                      (+ (* 8589934592 (div main::x 4294967296)) (* 2 main::x) (* -3 main::sn)))
server:                    (not (>= (div (+ 1 main::x) 4294967296) 1))
server:                    (or
server:                      (not (<= (+ main::sn (* -1 main::x)) 0))
server:                      (not (>= (+ main::sn (* -1 main::x)) 0)))
server:                    (or
server:                      (and
server:                        (not (<= (+ (* -1 main::x) main::sn) -1))
server:                        (>= (div (+ 1 main::x) 4294967296) 0))
server:                      (and
server:                        (<= 4294967297 (+ main::x (* -1 main::sn)))
server:                        (not (>= (div (+ 1 main::x) 4294967296) 1))))
server:                    (or
server:                      (not (<= (+ (* -1 main::x) main::sn) -2))
server:                      (not (<= (+ main::x (* -1 main::sn)) 2)))
server:                    (<= 1 (+ (* -1 main::x) main::sn))
server:                    (>= (div (+ 1 main::x) 4294967296) 0)
server:                    (<= 2 (+ (* -1 main::sn) (* 2 (mod main::x 4294967296))))))
server:                (or
server:                  (=
server:                    (+
server:                      (mod main::sn 4294967296)
server:                      (* -1 (mod (* 2 (mod main::x 4294967296)) 4294967296)))
server:                    0)
server:                  (= main::sn 0))
server:                (or
server:                  (<=
server:                    -1
server:                    (+
server:                      (* -4294967296 (div main::x 4294967296))
server:                      (* -1 main::x)
server:                      (* 4294967296 (div (+ 2 (* -1 main::sn)) 4294967296))))
server:                  (and
server:                    (<=
server:                      4294967293
server:                      (+ (* -2 main::sn) (* 4294967296 (div main::x 4294967296)) main::x))
server:                    (or
server:                      (and
server:                        (not (<= (+ (* -1 main::x) main::sn) -1))
server:                        (>= (div (+ 1 main::x) 4294967296) 0))
server:                      (and
server:                        (<= 4294967297 (+ main::x (* -1 main::sn)))
server:                        (not (>= (div (+ 1 main::x) 4294967296) 1))))
server:                    (or
server:                      (not (<= (+ (* -1 main::x) main::sn) -2))
server:                      (not (<= (+ main::x (* -1 main::sn)) 2)))
server:                    (<= 1 (+ (* -1 main::x) main::sn))
server:                    (>= (div (+ 1 main::x) 4294967296) 0)
server:                    (not (>= (div (+ 1 main::x) 4294967296) 1))))
server:                (or
server:                  (not
server:                    (or
server:                      (=
server:                        (+
server:                          (mod main::sn 4294967296)
server:                          (* -1 (mod (* 2 (mod main::x 4294967296)) 4294967296)))
server:                        0)
server:                      (= main::sn 0)))
server:                  (and
server:                    (or
server:                      (=
server:                        (+
server:                          (mod main::sn 4294967296)
server:                          (* -1 (mod (* 2 (mod main::x 4294967296)) 4294967296)))
server:                        0)
server:                      (= main::sn 0))
server:                    (=
server:                      __VERIFIER_assert::cond
server:                      (ite
server:                        (or
server:                          (=
server:                            (+
server:                              (mod main::sn 4294967296)
server:                              (* -1 (mod (* 2 (mod main::x 4294967296)) 4294967296)))
server:                            0)
server:                          (= main::sn 0))
server:                        1
server:                        0))))
server:                (<=
server:                  (+
server:                    (mod main::sn 4294967296)
server:                    (* -1 (mod (* 2 (mod main::x 4294967296)) 4294967296)))
server:                  0)
server:                (>=
server:                  (+
server:                    (mod main::sn 4294967296)
server:                    (* -1 (mod (* 2 (mod main::x 4294967296)) 4294967296)))
server:                  0)
server:                (>= (+ main::sn (* -1 main::x)) 0)
server:                (>=
server:                  (+
server:                    main::sn
server:                    (* 2147483648 (div (+ 8589934590 (* -4294967295 main::sn)) 4294967296)))
server:                  2)
server:                (<= -34359738344 (+ (* 4294967293 main::sn) (* -17179869172 main::x)))
server:                (<= -42949672930 (+ (* 4294967293 main::sn) (* -17179869172 main::x)))
server:                (>=
server:                  (+ (* 2 main::x) (* -1 main::sn) (* 8589934592 (div main::x 4294967296)))
server:                  0)
server:                (not (<= (+ main::sn (* -1 main::x)) -2))
server:                (<= -51539607516 (+ (* 4294967293 main::sn) (* -17179869172 main::x)))
server:                (<= -60129542102 (+ (* 4294967293 main::sn) (* -17179869172 main::x)))
server:                (<= -68719476688 (+ (* 4294967293 main::sn) (* -17179869172 main::x)))
server:                (<= -77309411274 (+ (* 4294967293 main::sn) (* -17179869172 main::x)))
server:                (>=
server:                  (+ (* 8589934592 (div main::x 4294967296)) (* -1 main::sn) (* 2 main::x))
server:                  0))
server:              false
server:              (and
server:                (>= (div (+ 1 main::x) 4294967296) 0)
server:                (>= main::sn 0)
server:                (not (>= (div (+ 1 main::x) 4294967296) 1))
server:                (not (<= main::sn 0))
server:                (>= main::x 0)
server:                (not (<= main::x 0))
server:                (not (= 0 main::x))
server:                (not (= 0 __VERIFIER_assert::cond))
server:                (or
server:                  (not (<= (+ (* -1 main::x) (* 4294967296 (div main::x 4294967296))) -10))
server:                  (<= 4294967296 (+ main::x (* -4294967296 (div main::x 4294967296)))))
server:                (or
server:                  (>= (+ main::sn (* -2 (mod main::x 4294967296))) 0)
server:                  (and
server:                    (or
server:                      (<=
server:                        -4
server:                        (+ (* 8589934592 (div main::x 4294967296)) (* 2 main::x) (* -3 main::sn)))
server:                      (<=
server:                        4294967295
server:                        (+ (* -4294967296 (div main::x 4294967296)) (* -1 main::x))))
server:                    (or
server:                      (not (<= (+ main::sn (* -1 main::x)) 0))
server:                      (not (>= (+ main::sn (* -1 main::x)) 0)))
server:                    (or
server:                      (not (<= (+ (* -1 main::x) main::sn) -1))
server:                      (<= 4294967297 (+ main::x (* -1 main::sn))))
server:                    (or
server:                      (not (<= (+ (* -1 main::x) main::sn) -2))
server:                      (not (<= (+ main::x (* -1 main::sn)) 2)))
server:                    (<= 1 (+ (* -1 main::x) main::sn))
server:                    (<= 2 (+ (* -1 main::sn) (* 2 (mod main::x 4294967296))))))
server:                (iff
server:                  (not (= __VERIFIER_assert::cond 0))
server:                  (or
server:                    (=
server:                      (+
server:                        (mod main::sn 4294967296)
server:                        (* -1 (mod (* 2 (mod main::x 4294967296)) 4294967296)))
server:                      0)
server:                    (= main::sn 0)))
server:                (not
server:                  (<=
server:                    4
server:                    (+
server:                      (* 2 main::sn)
server:                      (* 4294967296 (div (+ 8589934590 (* -4294967295 main::sn)) 4294967296)))))
server:                (not
server:                  (or
server:                    (<=
server:                      -1
server:                      (+
server:                        (* -4294967296 (div main::x 4294967296))
server:                        (* -1 main::x)
server:                        (* 4294967296 (div (+ 2 (* -1 main::sn)) 4294967296))))
server:                    (and
server:                      (<=
server:                        4294967293
server:                        (+ (* -2 main::sn) (* 4294967296 (div main::x 4294967296)) main::x))
server:                      (or
server:                        (not (<= (+ (* -1 main::x) main::sn) -1))
server:                        (<= 4294967297 (+ main::x (* -1 main::sn))))
server:                      (or
server:                        (not (<= (+ (* -1 main::x) main::sn) -2))
server:                        (not (<= (+ main::x (* -1 main::sn)) 2)))
server:                      (<= 1 (+ (* -1 main::x) main::sn)))))
server:                (or
server:                  (<=
server:                    0
server:                    (+ (* -2 main::x) (* -8589934592 (div main::x 4294967296)) main::sn))
server:                  (and
server:                    (<=
server:                      4294967293
server:                      (+ (* -2 main::sn) (* 4294967296 (div main::x 4294967296)) main::x))
server:                    (or
server:                      (not (<= (+ (* -1 main::x) main::sn) -1))
server:                      (<= 4294967297 (+ main::x (* -1 main::sn))))
server:                    (or
server:                      (not (<= (+ (* -1 main::x) main::sn) -2))
server:                      (not (<= (+ main::x (* -1 main::sn)) 2)))
server:                    (<= 1 (+ (* -1 main::x) main::sn))))
server:                (not
server:                  (or
server:                    (<=
server:                      -4
server:                      (+
server:                        (* -1 main::sn)
server:                        (* -8589934592 (div main::x 4294967296))
server:                        (* -2 main::x)))
server:                    (and
server:                      (<=
server:                        4294967293
server:                        (+ (* -2 main::sn) (* 4294967296 (div main::x 4294967296)) main::x))
server:                      (or
server:                        (not (<= (+ (* -1 main::x) main::sn) -1))
server:                        (<= 4294967297 (+ main::x (* -1 main::sn))))
server:                      (or
server:                        (not (<= (+ (* -1 main::x) main::sn) -2))
server:                        (not (<= (+ main::x (* -1 main::sn)) 2)))
server:                      (<= 1 (+ (* -1 main::x) main::sn)))))
server:                (or
server:                  (not (<= (+ (* -1 main::x) main::sn) -1))
server:                  (<= 4294967297 (+ main::x (* -1 main::sn))))
server:                (<= 1 (+ (* -1 main::x) main::sn))
server:                (or
server:                  (<=
server:                    0
server:                    (+ (* 2 main::x) (* 8589934592 (div main::x 4294967296)) (* -1 main::sn)))
server:                  (<=
server:                    4294967295
server:                    (+ (* -4294967296 (div main::x 4294967296)) (* -1 main::x))))
server:                (or
server:                  (not (<= (+ main::sn (* -1 main::x)) 0))
server:                  (not (>= (+ main::sn (* -1 main::x)) 0)))
server:                (or
server:                  (not (<= (+ (* -1 main::x) main::sn) -2))
server:                  (not (<= (+ main::x (* -1 main::sn)) 2)))
server:                (or
server:                  (and
server:                    (not (<= (+ (* -1 main::x) main::sn) -1))
server:                    (>= (div (+ 1 main::x) 4294967296) 0))
server:                  (and
server:                    (<= 4294967297 (+ main::x (* -1 main::sn)))
server:                    (not (>= (div (+ 1 main::x) 4294967296) 1))))
server:                (not
server:                  (or
server:                    (<=
server:                      -4
server:                      (+
server:                        (* -1 main::sn)
server:                        (* -8589934592 (div main::x 4294967296))
server:                        (* -2 main::x)))
server:                    (and
server:                      (<=
server:                        4294967293
server:                        (+ (* -2 main::sn) (* 4294967296 (div main::x 4294967296)) main::x))
server:                      (or
server:                        (and
server:                          (not (<= (+ (* -1 main::x) main::sn) -1))
server:                          (>= (div (+ 1 main::x) 4294967296) 0))
server:                        (and
server:                          (<= 4294967297 (+ main::x (* -1 main::sn)))
server:                          (not (>= (div (+ 1 main::x) 4294967296) 1))))
server:                      (or
server:                        (not (<= (+ (* -1 main::x) main::sn) -2))
server:                        (not (<= (+ main::x (* -1 main::sn)) 2)))
server:                      (<= 1 (+ (* -1 main::x) main::sn))
server:                      (>= (div (+ 1 main::x) 4294967296) 0)
server:                      (not (>= (div (+ 1 main::x) 4294967296) 1)))))
server:                (<=
server:                  0
server:                  (+ (* 2 main::x) (* 8589934592 (div main::x 4294967296)) (* -1 main::sn)))
server:                (or
server:                  (and
server:                    (<=
server:                      0
server:                      (+ (* -2 main::x) (* -8589934592 (div main::x 4294967296)) main::sn))
server:                    (not (>= (div (+ 1 main::x) 4294967296) 1))
server:                    (>= (div (+ 1 main::x) 4294967296) 0))
server:                  (and
server:                    (<=
server:                      4294967293
server:                      (+ (* -2 main::sn) (* 4294967296 (div main::x 4294967296)) main::x))
server:                    (or
server:                      (and
server:                        (not (<= (+ (* -1 main::x) main::sn) -1))
server:                        (>= (div (+ 1 main::x) 4294967296) 0))
server:                      (and
server:                        (<= 4294967297 (+ main::x (* -1 main::sn)))
server:                        (not (>= (div (+ 1 main::x) 4294967296) 1))))
server:                    (or
server:                      (not (<= (+ (* -1 main::x) main::sn) -2))
server:                      (not (<= (+ main::x (* -1 main::sn)) 2)))
server:                    (<= 1 (+ (* -1 main::x) main::sn))
server:                    (>= (div (+ 1 main::x) 4294967296) 0)
server:                    (not (>= (div (+ 1 main::x) 4294967296) 1))))
server:                (or
server:                  (>= (+ main::sn (* -2 (mod main::x 4294967296))) 0)
server:                  (and
server:                    (<=
server:                      -4
server:                      (+ (* 8589934592 (div main::x 4294967296)) (* 2 main::x) (* -3 main::sn)))
server:                    (not (>= (div (+ 1 main::x) 4294967296) 1))
server:                    (or
server:                      (not (<= (+ main::sn (* -1 main::x)) 0))
server:                      (not (>= (+ main::sn (* -1 main::x)) 0)))
server:                    (or
server:                      (and
server:                        (not (<= (+ (* -1 main::x) main::sn) -1))
server:                        (>= (div (+ 1 main::x) 4294967296) 0))
server:                      (and
server:                        (<= 4294967297 (+ main::x (* -1 main::sn)))
server:                        (not (>= (div (+ 1 main::x) 4294967296) 1))))
server:                    (or
server:                      (not (<= (+ (* -1 main::x) main::sn) -2))
server:                      (not (<= (+ main::x (* -1 main::sn)) 2)))
server:                    (<= 1 (+ (* -1 main::x) main::sn))
server:                    (>= (div (+ 1 main::x) 4294967296) 0)
server:                    (<= 2 (+ (* -1 main::sn) (* 2 (mod main::x 4294967296))))))
server:                (or
server:                  (=
server:                    (+
server:                      (mod main::sn 4294967296)
server:                      (* -1 (mod (* 2 (mod main::x 4294967296)) 4294967296)))
server:                    0)
server:                  (= main::sn 0))
server:                (not
server:                  (or
server:                    (<=
server:                      -1
server:                      (+
server:                        (* -4294967296 (div main::x 4294967296))
server:                        (* -1 main::x)
server:                        (* 4294967296 (div (+ 2 (* -1 main::sn)) 4294967296))))
server:                    (and
server:                      (<=
server:                        4294967293
server:                        (+ (* -2 main::sn) (* 4294967296 (div main::x 4294967296)) main::x))
server:                      (or
server:                        (and
server:                          (not (<= (+ (* -1 main::x) main::sn) -1))
server:                          (>= (div (+ 1 main::x) 4294967296) 0))
server:                        (and
server:                          (<= 4294967297 (+ main::x (* -1 main::sn)))
server:                          (not (>= (div (+ 1 main::x) 4294967296) 1))))
server:                      (or
server:                        (not (<= (+ (* -1 main::x) main::sn) -2))
server:                        (not (<= (+ main::x (* -1 main::sn)) 2)))
server:                      (<= 1 (+ (* -1 main::x) main::sn))
server:                      (>= (div (+ 1 main::x) 4294967296) 0)
server:                      (not (>= (div (+ 1 main::x) 4294967296) 1)))))
server:                (or
server:                  (not
server:                    (or
server:                      (=
server:                        (+
server:                          (mod main::sn 4294967296)
server:                          (* -1 (mod (* 2 (mod main::x 4294967296)) 4294967296)))
server:                        0)
server:                      (= main::sn 0)))
server:                  (and
server:                    (or
server:                      (=
server:                        (+
server:                          (mod main::sn 4294967296)
server:                          (* -1 (mod (* 2 (mod main::x 4294967296)) 4294967296)))
server:                        0)
server:                      (= main::sn 0))
server:                    (=
server:                      __VERIFIER_assert::cond
server:                      (ite
server:                        (or
server:                          (=
server:                            (+
server:                              (mod main::sn 4294967296)
server:                              (* -1 (mod (* 2 (mod main::x 4294967296)) 4294967296)))
server:                            0)
server:                          (= main::sn 0))
server:                        1
server:                        0))))
server:                (<=
server:                  (+
server:                    (mod main::sn 4294967296)
server:                    (* -1 (mod (* 2 (mod main::x 4294967296)) 4294967296)))
server:                  0)
server:                (>=
server:                  (+
server:                    (mod main::sn 4294967296)
server:                    (* -1 (mod (* 2 (mod main::x 4294967296)) 4294967296)))
server:                  0)
server:                (>= (+ main::sn (* -1 main::x)) 0)
server:                (not
server:                  (>=
server:                    (+
server:                      main::sn
server:                      (* 2147483648 (div (+ 8589934590 (* -4294967295 main::sn)) 4294967296)))
server:                    2))
server:                (<= -34359738344 (+ (* 4294967293 main::sn) (* -17179869172 main::x)))
server:                (<= -42949672930 (+ (* 4294967293 main::sn) (* -17179869172 main::x)))
server:                (>=
server:                  (+ (* 2 main::x) (* -1 main::sn) (* 8589934592 (div main::x 4294967296)))
server:                  0)
server:                (not (<= (+ main::sn (* -1 main::x)) -2))
server:                (<= -51539607516 (+ (* 4294967293 main::sn) (* -17179869172 main::x)))
server:                (<= -60129542102 (+ (* 4294967293 main::sn) (* -17179869172 main::x)))
server:                (<= -68719476688 (+ (* 4294967293 main::sn) (* -17179869172 main::x)))
server:                (<= -77309411274 (+ (* 4294967293 main::sn) (* -17179869172 main::x)))
server:                (>=
server:                  (+ (* 8589934592 (div main::x 4294967296)) (* -1 main::sn) (* 2 main::x))
server:                  0))
server:              false
server:              (and
server:                (>= (div (+ 1 main::x) 4294967296) 0)
server:                (>= main::sn 0)
server:                (not (>= (div (+ 1 main::x) 4294967296) 1))
server:                (not (<= main::sn 0))
server:                (>= main::x 0)
server:                (not (<= main::x 0))
server:                (not (= 0 main::x))
server:                (not (= 0 __VERIFIER_assert::cond))
server:                (or
server:                  (not (<= (+ (* -1 main::x) (* 4294967296 (div main::x 4294967296))) -10))
server:                  (<= 4294967296 (+ main::x (* -4294967296 (div main::x 4294967296)))))
server:                (or
server:                  (>= (+ main::sn (* -2 (mod main::x 4294967296))) 0)
server:                  (and
server:                    (or
server:                      (<=
server:                        -4
server:                        (+ (* 8589934592 (div main::x 4294967296)) (* 2 main::x) (* -3 main::sn)))
server:                      (<=
server:                        4294967295
server:                        (+ (* -4294967296 (div main::x 4294967296)) (* -1 main::x))))
server:                    (or
server:                      (not (<= (+ main::sn (* -1 main::x)) 0))
server:                      (not (>= (+ main::sn (* -1 main::x)) 0)))
server:                    (or
server:                      (not (<= (+ (* -1 main::x) main::sn) -1))
server:                      (<= 4294967297 (+ main::x (* -1 main::sn))))
server:                    (or
server:                      (not (<= (+ (* -1 main::x) main::sn) -2))
server:                      (not (<= (+ main::x (* -1 main::sn)) 2)))
server:                    (<= 1 (+ (* -1 main::x) main::sn))
server:                    (<= 2 (+ (* -1 main::sn) (* 2 (mod main::x 4294967296))))))
server:                (iff
server:                  (not (= __VERIFIER_assert::cond 0))
server:                  (or
server:                    (=
server:                      (+
server:                        (mod main::sn 4294967296)
server:                        (* -1 (mod (* 2 (mod main::x 4294967296)) 4294967296)))
server:                      0)
server:                    (= main::sn 0)))
server:                (not
server:                  (<=
server:                    4
server:                    (+
server:                      (* 2 main::sn)
server:                      (* 4294967296 (div (+ 8589934590 (* -4294967295 main::sn)) 4294967296)))))
server:                (not
server:                  (or
server:                    (<=
server:                      -1
server:                      (+
server:                        (* -4294967296 (div main::x 4294967296))
server:                        (* -1 main::x)
server:                        (* 4294967296 (div (+ 2 (* -1 main::sn)) 4294967296))))
server:                    (and
server:                      (<=
server:                        4294967293
server:                        (+ (* -2 main::sn) (* 4294967296 (div main::x 4294967296)) main::x))
server:                      (or
server:                        (not (<= (+ (* -1 main::x) main::sn) -1))
server:                        (<= 4294967297 (+ main::x (* -1 main::sn))))
server:                      (or
server:                        (not (<= (+ (* -1 main::x) main::sn) -2))
server:                        (not (<= (+ main::x (* -1 main::sn)) 2)))
server:                      (<= 1 (+ (* -1 main::x) main::sn)))))
server:                (or
server:                  (<=
server:                    0
server:                    (+ (* -2 main::x) (* -8589934592 (div main::x 4294967296)) main::sn))
server:                  (and
server:                    (<=
server:                      4294967293
server:                      (+ (* -2 main::sn) (* 4294967296 (div main::x 4294967296)) main::x))
server:                    (or
server:                      (not (<= (+ (* -1 main::x) main::sn) -1))
server:                      (<= 4294967297 (+ main::x (* -1 main::sn))))
server:                    (or
server:                      (not (<= (+ (* -1 main::x) main::sn) -2))
server:                      (not (<= (+ main::x (* -1 main::sn)) 2)))
server:                    (<= 1 (+ (* -1 main::x) main::sn))))
server:                (not
server:                  (or
server:                    (<=
server:                      -4
server:                      (+
server:                        (* -1 main::sn)
server:                        (* -8589934592 (div main::x 4294967296))
server:                        (* -2 main::x)))
server:                    (and
server:                      (<=
server:                        4294967293
server:                        (+ (* -2 main::sn) (* 4294967296 (div main::x 4294967296)) main::x))
server:                      (or
server:                        (not (<= (+ (* -1 main::x) main::sn) -1))
server:                        (<= 4294967297 (+ main::x (* -1 main::sn))))
server:                      (or
server:                        (not (<= (+ (* -1 main::x) main::sn) -2))
server:                        (not (<= (+ main::x (* -1 main::sn)) 2)))
server:                      (<= 1 (+ (* -1 main::x) main::sn)))))
server:                (or
server:                  (not (<= (+ (* -1 main::x) main::sn) -1))
server:                  (<= 4294967297 (+ main::x (* -1 main::sn))))
server:                (<= 1 (+ (* -1 main::x) main::sn))
server:                (or
server:                  (<=
server:                    0
server:                    (+ (* 2 main::x) (* 8589934592 (div main::x 4294967296)) (* -1 main::sn)))
server:                  (<=
server:                    4294967295
server:                    (+ (* -4294967296 (div main::x 4294967296)) (* -1 main::x))))
server:                (or
server:                  (not (<= (+ main::sn (* -1 main::x)) 0))
server:                  (not (>= (+ main::sn (* -1 main::x)) 0)))
server:                (or
server:                  (not (<= (+ (* -1 main::x) main::sn) -2))
server:                  (not (<= (+ main::x (* -1 main::sn)) 2)))
server:                (or
server:                  (and
server:                    (not (<= (+ (* -1 main::x) main::sn) -1))
server:                    (>= (div (+ 1 main::x) 4294967296) 0))
server:                  (and
server:                    (<= 4294967297 (+ main::x (* -1 main::sn)))
server:                    (not (>= (div (+ 1 main::x) 4294967296) 1))))
server:                (not
server:                  (or
server:                    (<=
server:                      -4
server:                      (+
server:                        (* -1 main::sn)
server:                        (* -8589934592 (div main::x 4294967296))
server:                        (* -2 main::x)))
server:                    (and
server:                      (<=
server:                        4294967293
server:                        (+ (* -2 main::sn) (* 4294967296 (div main::x 4294967296)) main::x))
server:                      (or
server:                        (and
server:                          (not (<= (+ (* -1 main::x) main::sn) -1))
server:                          (>= (div (+ 1 main::x) 4294967296) 0))
server:                        (and
server:                          (<= 4294967297 (+ main::x (* -1 main::sn)))
server:                          (not (>= (div (+ 1 main::x) 4294967296) 1))))
server:                      (or
server:                        (not (<= (+ (* -1 main::x) main::sn) -2))
server:                        (not (<= (+ main::x (* -1 main::sn)) 2)))
server:                      (<= 1 (+ (* -1 main::x) main::sn))
server:                      (>= (div (+ 1 main::x) 4294967296) 0)
server:                      (not (>= (div (+ 1 main::x) 4294967296) 1)))))
server:                (<=
server:                  0
server:                  (+ (* 2 main::x) (* 8589934592 (div main::x 4294967296)) (* -1 main::sn)))
server:                (or
server:                  (and
server:                    (<=
server:                      0
server:                      (+ (* -2 main::x) (* -8589934592 (div main::x 4294967296)) main::sn))
server:                    (not (>= (div (+ 1 main::x) 4294967296) 1))
server:                    (>= (div (+ 1 main::x) 4294967296) 0))
server:                  (and
server:                    (<=
server:                      4294967293
server:                      (+ (* -2 main::sn) (* 4294967296 (div main::x 4294967296)) main::x))
server:                    (or
server:                      (and
server:                        (not (<= (+ (* -1 main::x) main::sn) -1))
server:                        (>= (div (+ 1 main::x) 4294967296) 0))
server:                      (and
server:                        (<= 4294967297 (+ main::x (* -1 main::sn)))
server:                        (not (>= (div (+ 1 main::x) 4294967296) 1))))
server:                    (or
server:                      (not (<= (+ (* -1 main::x) main::sn) -2))
server:                      (not (<= (+ main::x (* -1 main::sn)) 2)))
server:                    (<= 1 (+ (* -1 main::x) main::sn))
server:                    (>= (div (+ 1 main::x) 4294967296) 0)
server:                    (not (>= (div (+ 1 main::x) 4294967296) 1))))
server:                (or
server:                  (>= (+ main::sn (* -2 (mod main::x 4294967296))) 0)
server:                  (and
server:                    (<=
server:                      -4
server:                      (+ (* 8589934592 (div main::x 4294967296)) (* 2 main::x) (* -3 main::sn)))
server:                    (not (>= (div (+ 1 main::x) 4294967296) 1))
server:                    (or
server:                      (not (<= (+ main::sn (* -1 main::x)) 0))
server:                      (not (>= (+ main::sn (* -1 main::x)) 0)))
server:                    (or
server:                      (and
server:                        (not (<= (+ (* -1 main::x) main::sn) -1))
server:                        (>= (div (+ 1 main::x) 4294967296) 0))
server:                      (and
server:                        (<= 4294967297 (+ main::x (* -1 main::sn)))
server:                        (not (>= (div (+ 1 main::x) 4294967296) 1))))
server:                    (or
server:                      (not (<= (+ (* -1 main::x) main::sn) -2))
server:                      (not (<= (+ main::x (* -1 main::sn)) 2)))
server:                    (<= 1 (+ (* -1 main::x) main::sn))
server:                    (>= (div (+ 1 main::x) 4294967296) 0)
server:                    (<= 2 (+ (* -1 main::sn) (* 2 (mod main::x 4294967296))))))
server:                (or
server:                  (=
server:                    (+
server:                      (mod main::sn 4294967296)
server:                      (* -1 (mod (* 2 (mod main::x 4294967296)) 4294967296)))
server:                    0)
server:                  (= main::sn 0))
server:                (not
server:                  (or
server:                    (<=
server:                      -1
server:                      (+
server:                        (* -4294967296 (div main::x 4294967296))
server:                        (* -1 main::x)
server:                        (* 4294967296 (div (+ 2 (* -1 main::sn)) 4294967296))))
server:                    (and
server:                      (<=
server:                        4294967293
server:                        (+ (* -2 main::sn) (* 4294967296 (div main::x 4294967296)) main::x))
server:                      (or
server:                        (and
server:                          (not (<= (+ (* -1 main::x) main::sn) -1))
server:                          (>= (div (+ 1 main::x) 4294967296) 0))
server:                        (and
server:                          (<= 4294967297 (+ main::x (* -1 main::sn)))
server:                          (not (>= (div (+ 1 main::x) 4294967296) 1))))
server:                      (or
server:                        (not (<= (+ (* -1 main::x) main::sn) -2))
server:                        (not (<= (+ main::x (* -1 main::sn)) 2)))
server:                      (<= 1 (+ (* -1 main::x) main::sn))
server:                      (>= (div (+ 1 main::x) 4294967296) 0)
server:                      (not (>= (div (+ 1 main::x) 4294967296) 1)))))
server:                (or
server:                  (not
server:                    (or
server:                      (=
server:                        (+
server:                          (mod main::sn 4294967296)
server:                          (* -1 (mod (* 2 (mod main::x 4294967296)) 4294967296)))
server:                        0)
server:                      (= main::sn 0)))
server:                  (and
server:                    (or
server:                      (=
server:                        (+
server:                          (mod main::sn 4294967296)
server:                          (* -1 (mod (* 2 (mod main::x 4294967296)) 4294967296)))
server:                        0)
server:                      (= main::sn 0))
server:                    (=
server:                      __VERIFIER_assert::cond
server:                      (ite
server:                        (or
server:                          (=
server:                            (+
server:                              (mod main::sn 4294967296)
server:                              (* -1 (mod (* 2 (mod main::x 4294967296)) 4294967296)))
server:                            0)
server:                          (= main::sn 0))
server:                        1
server:                        0))))
server:                (<=
server:                  (+
server:                    (mod main::sn 4294967296)
server:                    (* -1 (mod (* 2 (mod main::x 4294967296)) 4294967296)))
server:                  0)
server:                (>=
server:                  (+
server:                    (mod main::sn 4294967296)
server:                    (* -1 (mod (* 2 (mod main::x 4294967296)) 4294967296)))
server:                  0)
server:                (>= (+ main::sn (* -1 main::x)) 0)
server:                (not
server:                  (>=
server:                    (+
server:                      main::sn
server:                      (* 2147483648 (div (+ 8589934590 (* -4294967295 main::sn)) 4294967296)))
server:                    2))
server:                (<= -42949672930 (+ (* 4294967293 main::sn) (* -17179869172 main::x)))
server:                (>=
server:                  (+ (* 2 main::x) (* -1 main::sn) (* 8589934592 (div main::x 4294967296)))
server:                  0)
server:                (not (<= (+ main::sn (* -1 main::x)) -2))
server:                (<= -51539607516 (+ (* 4294967293 main::sn) (* -17179869172 main::x)))
server:                (<= -60129542102 (+ (* 4294967293 main::sn) (* -17179869172 main::x)))
server:                (<= -68719476688 (+ (* 4294967293 main::sn) (* -17179869172 main::x)))
server:                (<= -77309411274 (+ (* 4294967293 main::sn) (* -17179869172 main::x)))
server:                (>=
server:                  (+ (* 8589934592 (div main::x 4294967296)) (* -1 main::sn) (* 2 main::x))
server:                  0))
server:              false
server:              (and
server:                (>= (div (+ 1 main::x) 4294967296) 0)
server:                (>= main::sn 0)
server:                (not (>= (div (+ 1 main::x) 4294967296) 1))
server:                (not (<= main::sn 0))
server:                (>= main::x 0)
server:                (not (<= main::x 0))
server:                (not (= 0 main::x))
server:                (not (= 0 __VERIFIER_assert::cond))
server:                (or
server:                  (not (<= (+ (* -1 main::x) (* 4294967296 (div main::x 4294967296))) -10))
server:                  (<= 4294967296 (+ main::x (* -4294967296 (div main::x 4294967296)))))
server:                (or
server:                  (>= (+ main::sn (* -2 (mod main::x 4294967296))) 0)
server:                  (and
server:                    (or
server:                      (<=
server:                        -4
server:                        (+ (* 8589934592 (div main::x 4294967296)) (* 2 main::x) (* -3 main::sn)))
server:                      (<=
server:                        4294967295
server:                        (+ (* -4294967296 (div main::x 4294967296)) (* -1 main::x))))
server:                    (or
server:                      (not (<= (+ main::sn (* -1 main::x)) 0))
server:                      (not (>= (+ main::sn (* -1 main::x)) 0)))
server:                    (or
server:                      (not (<= (+ (* -1 main::x) main::sn) -1))
server:                      (<= 4294967297 (+ main::x (* -1 main::sn))))
server:                    (or
server:                      (not (<= (+ (* -1 main::x) main::sn) -2))
server:                      (not (<= (+ main::x (* -1 main::sn)) 2)))
server:                    (<= 1 (+ (* -1 main::x) main::sn))
server:                    (<= 2 (+ (* -1 main::sn) (* 2 (mod main::x 4294967296))))))
server:                (iff
server:                  (not (= __VERIFIER_assert::cond 0))
server:                  (or
server:                    (=
server:                      (+
server:                        (mod main::sn 4294967296)
server:                        (* -1 (mod (* 2 (mod main::x 4294967296)) 4294967296)))
server:                      0)
server:                    (= main::sn 0)))
server:                (not
server:                  (<=
server:                    4
server:                    (+
server:                      (* 2 main::sn)
server:                      (* 4294967296 (div (+ 8589934590 (* -4294967295 main::sn)) 4294967296)))))
server:                (not
server:                  (or
server:                    (<=
server:                      -1
server:                      (+
server:                        (* -4294967296 (div main::x 4294967296))
server:                        (* -1 main::x)
server:                        (* 4294967296 (div (+ 2 (* -1 main::sn)) 4294967296))))
server:                    (and
server:                      (<=
server:                        4294967293
server:                        (+ (* -2 main::sn) (* 4294967296 (div main::x 4294967296)) main::x))
server:                      (or
server:                        (not (<= (+ (* -1 main::x) main::sn) -1))
server:                        (<= 4294967297 (+ main::x (* -1 main::sn))))
server:                      (or
server:                        (not (<= (+ (* -1 main::x) main::sn) -2))
server:                        (not (<= (+ main::x (* -1 main::sn)) 2)))
server:                      (<= 1 (+ (* -1 main::x) main::sn)))))
server:                (or
server:                  (<=
server:                    0
server:                    (+ (* -2 main::x) (* -8589934592 (div main::x 4294967296)) main::sn))
server:                  (and
server:                    (<=
server:                      4294967293
server:                      (+ (* -2 main::sn) (* 4294967296 (div main::x 4294967296)) main::x))
server:                    (or
server:                      (not (<= (+ (* -1 main::x) main::sn) -1))
server:                      (<= 4294967297 (+ main::x (* -1 main::sn))))
server:                    (or
server:                      (not (<= (+ (* -1 main::x) main::sn) -2))
server:                      (not (<= (+ main::x (* -1 main::sn)) 2)))
server:                    (<= 1 (+ (* -1 main::x) main::sn))))
server:                (not
server:                  (or
server:                    (<=
server:                      -4
server:                      (+
server:                        (* -1 main::sn)
server:                        (* -8589934592 (div main::x 4294967296))
server:                        (* -2 main::x)))
server:                    (and
server:                      (<=
server:                        4294967293
server:                        (+ (* -2 main::sn) (* 4294967296 (div main::x 4294967296)) main::x))
server:                      (or
server:                        (not (<= (+ (* -1 main::x) main::sn) -1))
server:                        (<= 4294967297 (+ main::x (* -1 main::sn))))
server:                      (or
server:                        (not (<= (+ (* -1 main::x) main::sn) -2))
server:                        (not (<= (+ main::x (* -1 main::sn)) 2)))
server:                      (<= 1 (+ (* -1 main::x) main::sn)))))
server:                (or
server:                  (not (<= (+ (* -1 main::x) main::sn) -1))
server:                  (<= 4294967297 (+ main::x (* -1 main::sn))))
server:                (<= 1 (+ (* -1 main::x) main::sn))
server:                (or
server:                  (<=
server:                    0
server:                    (+ (* 2 main::x) (* 8589934592 (div main::x 4294967296)) (* -1 main::sn)))
server:                  (<=
server:                    4294967295
server:                    (+ (* -4294967296 (div main::x 4294967296)) (* -1 main::x))))
server:                (or
server:                  (not (<= (+ main::sn (* -1 main::x)) 0))
server:                  (not (>= (+ main::sn (* -1 main::x)) 0)))
server:                (or
server:                  (not (<= (+ (* -1 main::x) main::sn) -2))
server:                  (not (<= (+ main::x (* -1 main::sn)) 2)))
server:                (or
server:                  (and
server:                    (not (<= (+ (* -1 main::x) main::sn) -1))
server:                    (>= (div (+ 1 main::x) 4294967296) 0))
server:                  (and
server:                    (<= 4294967297 (+ main::x (* -1 main::sn)))
server:                    (not (>= (div (+ 1 main::x) 4294967296) 1))))
server:                (not
server:                  (or
server:                    (<=
server:                      -4
server:                      (+
server:                        (* -1 main::sn)
server:                        (* -8589934592 (div main::x 4294967296))
server:                        (* -2 main::x)))
server:                    (and
server:                      (<=
server:                        4294967293
server:                        (+ (* -2 main::sn) (* 4294967296 (div main::x 4294967296)) main::x))
server:                      (or
server:                        (and
server:                          (not (<= (+ (* -1 main::x) main::sn) -1))
server:                          (>= (div (+ 1 main::x) 4294967296) 0))
server:                        (and
server:                          (<= 4294967297 (+ main::x (* -1 main::sn)))
server:                          (not (>= (div (+ 1 main::x) 4294967296) 1))))
server:                      (or
server:                        (not (<= (+ (* -1 main::x) main::sn) -2))
server:                        (not (<= (+ main::x (* -1 main::sn)) 2)))
server:                      (<= 1 (+ (* -1 main::x) main::sn))
server:                      (>= (div (+ 1 main::x) 4294967296) 0)
server:                      (not (>= (div (+ 1 main::x) 4294967296) 1)))))
server:                (<=
server:                  0
server:                  (+ (* 2 main::x) (* 8589934592 (div main::x 4294967296)) (* -1 main::sn)))
server:                (or
server:                  (and
server:                    (<=
server:                      0
server:                      (+ (* -2 main::x) (* -8589934592 (div main::x 4294967296)) main::sn))
server:                    (not (>= (div (+ 1 main::x) 4294967296) 1))
server:                    (>= (div (+ 1 main::x) 4294967296) 0))
server:                  (and
server:                    (<=
server:                      4294967293
server:                      (+ (* -2 main::sn) (* 4294967296 (div main::x 4294967296)) main::x))
server:                    (or
server:                      (and
server:                        (not (<= (+ (* -1 main::x) main::sn) -1))
server:                        (>= (div (+ 1 main::x) 4294967296) 0))
server:                      (and
server:                        (<= 4294967297 (+ main::x (* -1 main::sn)))
server:                        (not (>= (div (+ 1 main::x) 4294967296) 1))))
server:                    (or
server:                      (not (<= (+ (* -1 main::x) main::sn) -2))
server:                      (not (<= (+ main::x (* -1 main::sn)) 2)))
server:                    (<= 1 (+ (* -1 main::x) main::sn))
server:                    (>= (div (+ 1 main::x) 4294967296) 0)
server:                    (not (>= (div (+ 1 main::x) 4294967296) 1))))
server:                (or
server:                  (>= (+ main::sn (* -2 (mod main::x 4294967296))) 0)
server:                  (and
server:                    (<=
server:                      -4
server:                      (+ (* 8589934592 (div main::x 4294967296)) (* 2 main::x) (* -3 main::sn)))
server:                    (not (>= (div (+ 1 main::x) 4294967296) 1))
server:                    (or
server:                      (not (<= (+ main::sn (* -1 main::x)) 0))
server:                      (not (>= (+ main::sn (* -1 main::x)) 0)))
server:                    (or
server:                      (and
server:                        (not (<= (+ (* -1 main::x) main::sn) -1))
server:                        (>= (div (+ 1 main::x) 4294967296) 0))
server:                      (and
server:                        (<= 4294967297 (+ main::x (* -1 main::sn)))
server:                        (not (>= (div (+ 1 main::x) 4294967296) 1))))
server:                    (or
server:                      (not (<= (+ (* -1 main::x) main::sn) -2))
server:                      (not (<= (+ main::x (* -1 main::sn)) 2)))
server:                    (<= 1 (+ (* -1 main::x) main::sn))
server:                    (>= (div (+ 1 main::x) 4294967296) 0)
server:                    (<= 2 (+ (* -1 main::sn) (* 2 (mod main::x 4294967296))))))
server:                (or
server:                  (=
server:                    (+
server:                      (mod main::sn 4294967296)
server:                      (* -1 (mod (* 2 (mod main::x 4294967296)) 4294967296)))
server:                    0)
server:                  (= main::sn 0))
server:                (not
server:                  (or
server:                    (<=
server:                      -1
server:                      (+
server:                        (* -4294967296 (div main::x 4294967296))
server:                        (* -1 main::x)
server:                        (* 4294967296 (div (+ 2 (* -1 main::sn)) 4294967296))))
server:                    (and
server:                      (<=
server:                        4294967293
server:                        (+ (* -2 main::sn) (* 4294967296 (div main::x 4294967296)) main::x))
server:                      (or
server:                        (and
server:                          (not (<= (+ (* -1 main::x) main::sn) -1))
server:                          (>= (div (+ 1 main::x) 4294967296) 0))
server:                        (and
server:                          (<= 4294967297 (+ main::x (* -1 main::sn)))
server:                          (not (>= (div (+ 1 main::x) 4294967296) 1))))
server:                      (or
server:                        (not (<= (+ (* -1 main::x) main::sn) -2))
server:                        (not (<= (+ main::x (* -1 main::sn)) 2)))
server:                      (<= 1 (+ (* -1 main::x) main::sn))
server:                      (>= (div (+ 1 main::x) 4294967296) 0)
server:                      (not (>= (div (+ 1 main::x) 4294967296) 1)))))
server:                (or
server:                  (not
server:                    (or
server:                      (=
server:                        (+
server:                          (mod main::sn 4294967296)
server:                          (* -1 (mod (* 2 (mod main::x 4294967296)) 4294967296)))
server:                        0)
server:                      (= main::sn 0)))
server:                  (and
server:                    (or
server:                      (=
server:                        (+
server:                          (mod main::sn 4294967296)
server:                          (* -1 (mod (* 2 (mod main::x 4294967296)) 4294967296)))
server:                        0)
server:                      (= main::sn 0))
server:                    (=
server:                      __VERIFIER_assert::cond
server:                      (ite
server:                        (or
server:                          (=
server:                            (+
server:                              (mod main::sn 4294967296)
server:                              (* -1 (mod (* 2 (mod main::x 4294967296)) 4294967296)))
server:                            0)
server:                          (= main::sn 0))
server:                        1
server:                        0))))
server:                (<=
server:                  (+
server:                    (mod main::sn 4294967296)
server:                    (* -1 (mod (* 2 (mod main::x 4294967296)) 4294967296)))
server:                  0)
server:                (>=
server:                  (+
server:                    (mod main::sn 4294967296)
server:                    (* -1 (mod (* 2 (mod main::x 4294967296)) 4294967296)))
server:                  0)
server:                (>= (+ main::sn (* -1 main::x)) 0)
server:                (not
server:                  (>=
server:                    (+
server:                      main::sn
server:                      (* 2147483648 (div (+ 8589934590 (* -4294967295 main::sn)) 4294967296)))
server:                    2))
server:                (>=
server:                  (+ (* 2 main::x) (* -1 main::sn) (* 8589934592 (div main::x 4294967296)))
server:                  0)
server:                (not (<= (+ main::sn (* -1 main::x)) -2))
server:                (<= -51539607516 (+ (* 4294967293 main::sn) (* -17179869172 main::x)))
server:                (<= -60129542102 (+ (* 4294967293 main::sn) (* -17179869172 main::x)))
server:                (<= -68719476688 (+ (* 4294967293 main::sn) (* -17179869172 main::x)))
server:                (<= -77309411274 (+ (* 4294967293 main::sn) (* -17179869172 main::x)))
server:                (>=
server:                  (+ (* 8589934592 (div main::x 4294967296)) (* -1 main::sn) (* 2 main::x))
server:                  0))
server:              false
server:              (and
server:                (>= (div (+ 1 main::x) 4294967296) 0)
server:                (>= main::sn 0)
server:                (not (>= (div (+ 1 main::x) 4294967296) 1))
server:                (not (<= main::sn 0))
server:                (>= main::x 0)
server:                (not (<= main::x 0))
server:                (not (= 0 main::x))
server:                (not (= 0 __VERIFIER_assert::cond))
server:                (or
server:                  (not (<= (+ (* -1 main::x) (* 4294967296 (div main::x 4294967296))) -10))
server:                  (<= 4294967296 (+ main::x (* -4294967296 (div main::x 4294967296)))))
server:                (or
server:                  (>= (+ main::sn (* -2 (mod main::x 4294967296))) 0)
server:                  (and
server:                    (or
server:                      (<=
server:                        -4
server:                        (+ (* 8589934592 (div main::x 4294967296)) (* 2 main::x) (* -3 main::sn)))
server:                      (<=
server:                        4294967295
server:                        (+ (* -4294967296 (div main::x 4294967296)) (* -1 main::x))))
server:                    (or
server:                      (not (<= (+ main::sn (* -1 main::x)) 0))
server:                      (not (>= (+ main::sn (* -1 main::x)) 0)))
server:                    (or
server:                      (not (<= (+ (* -1 main::x) main::sn) -1))
server:                      (<= 4294967297 (+ main::x (* -1 main::sn))))
server:                    (or
server:                      (not (<= (+ (* -1 main::x) main::sn) -2))
server:                      (not (<= (+ main::x (* -1 main::sn)) 2)))
server:                    (<= 1 (+ (* -1 main::x) main::sn))
server:                    (<= 2 (+ (* -1 main::sn) (* 2 (mod main::x 4294967296))))))
server:                (iff
server:                  (not (= __VERIFIER_assert::cond 0))
server:                  (or
server:                    (=
server:                      (+
server:                        (mod main::sn 4294967296)
server:                        (* -1 (mod (* 2 (mod main::x 4294967296)) 4294967296)))
server:                      0)
server:                    (= main::sn 0)))
server:                (not
server:                  (<=
server:                    4
server:                    (+
server:                      (* 2 main::sn)
server:                      (* 4294967296 (div (+ 8589934590 (* -4294967295 main::sn)) 4294967296)))))
server:                (not
server:                  (or
server:                    (<=
server:                      -1
server:                      (+
server:                        (* -4294967296 (div main::x 4294967296))
server:                        (* -1 main::x)
server:                        (* 4294967296 (div (+ 2 (* -1 main::sn)) 4294967296))))
server:                    (and
server:                      (<=
server:                        4294967293
server:                        (+ (* -2 main::sn) (* 4294967296 (div main::x 4294967296)) main::x))
server:                      (or
server:                        (not (<= (+ (* -1 main::x) main::sn) -1))
server:                        (<= 4294967297 (+ main::x (* -1 main::sn))))
server:                      (or
server:                        (not (<= (+ (* -1 main::x) main::sn) -2))
server:                        (not (<= (+ main::x (* -1 main::sn)) 2)))
server:                      (<= 1 (+ (* -1 main::x) main::sn)))))
server:                (or
server:                  (<=
server:                    0
server:                    (+ (* -2 main::x) (* -8589934592 (div main::x 4294967296)) main::sn))
server:                  (and
server:                    (<=
server:                      4294967293
server:                      (+ (* -2 main::sn) (* 4294967296 (div main::x 4294967296)) main::x))
server:                    (or
server:                      (not (<= (+ (* -1 main::x) main::sn) -1))
server:                      (<= 4294967297 (+ main::x (* -1 main::sn))))
server:                    (or
server:                      (not (<= (+ (* -1 main::x) main::sn) -2))
server:                      (not (<= (+ main::x (* -1 main::sn)) 2)))
server:                    (<= 1 (+ (* -1 main::x) main::sn))))
server:                (not
server:                  (or
server:                    (<=
server:                      -4
server:                      (+
server:                        (* -1 main::sn)
server:                        (* -8589934592 (div main::x 4294967296))
server:                        (* -2 main::x)))
server:                    (and
server:                      (<=
server:                        4294967293
server:                        (+ (* -2 main::sn) (* 4294967296 (div main::x 4294967296)) main::x))
server:                      (or
server:                        (not (<= (+ (* -1 main::x) main::sn) -1))
server:                        (<= 4294967297 (+ main::x (* -1 main::sn))))
server:                      (or
server:                        (not (<= (+ (* -1 main::x) main::sn) -2))
server:                        (not (<= (+ main::x (* -1 main::sn)) 2)))
server:                      (<= 1 (+ (* -1 main::x) main::sn)))))
server:                (or
server:                  (not (<= (+ (* -1 main::x) main::sn) -1))
server:                  (<= 4294967297 (+ main::x (* -1 main::sn))))
server:                (<= 1 (+ (* -1 main::x) main::sn))
server:                (or
server:                  (<=
server:                    0
server:                    (+ (* 2 main::x) (* 8589934592 (div main::x 4294967296)) (* -1 main::sn)))
server:                  (<=
server:                    4294967295
server:                    (+ (* -4294967296 (div main::x 4294967296)) (* -1 main::x))))
server:                (or
server:                  (not (<= (+ main::sn (* -1 main::x)) 0))
server:                  (not (>= (+ main::sn (* -1 main::x)) 0)))
server:                (or
server:                  (not (<= (+ (* -1 main::x) main::sn) -2))
server:                  (not (<= (+ main::x (* -1 main::sn)) 2)))
server:                (or
server:                  (and
server:                    (not (<= (+ (* -1 main::x) main::sn) -1))
server:                    (>= (div (+ 1 main::x) 4294967296) 0))
server:                  (and
server:                    (<= 4294967297 (+ main::x (* -1 main::sn)))
server:                    (not (>= (div (+ 1 main::x) 4294967296) 1))))
server:                (not
server:                  (or
server:                    (<=
server:                      -4
server:                      (+
server:                        (* -1 main::sn)
server:                        (* -8589934592 (div main::x 4294967296))
server:                        (* -2 main::x)))
server:                    (and
server:                      (<=
server:                        4294967293
server:                        (+ (* -2 main::sn) (* 4294967296 (div main::x 4294967296)) main::x))
server:                      (or
server:                        (and
server:                          (not (<= (+ (* -1 main::x) main::sn) -1))
server:                          (>= (div (+ 1 main::x) 4294967296) 0))
server:                        (and
server:                          (<= 4294967297 (+ main::x (* -1 main::sn)))
server:                          (not (>= (div (+ 1 main::x) 4294967296) 1))))
server:                      (or
server:                        (not (<= (+ (* -1 main::x) main::sn) -2))
server:                        (not (<= (+ main::x (* -1 main::sn)) 2)))
server:                      (<= 1 (+ (* -1 main::x) main::sn))
server:                      (>= (div (+ 1 main::x) 4294967296) 0)
server:                      (not (>= (div (+ 1 main::x) 4294967296) 1)))))
server:                (<=
server:                  0
server:                  (+ (* 2 main::x) (* 8589934592 (div main::x 4294967296)) (* -1 main::sn)))
server:                (or
server:                  (and
server:                    (<=
server:                      0
server:                      (+ (* -2 main::x) (* -8589934592 (div main::x 4294967296)) main::sn))
server:                    (not (>= (div (+ 1 main::x) 4294967296) 1))
server:                    (>= (div (+ 1 main::x) 4294967296) 0))
server:                  (and
server:                    (<=
server:                      4294967293
server:                      (+ (* -2 main::sn) (* 4294967296 (div main::x 4294967296)) main::x))
server:                    (or
server:                      (and
server:                        (not (<= (+ (* -1 main::x) main::sn) -1))
server:                        (>= (div (+ 1 main::x) 4294967296) 0))
server:                      (and
server:                        (<= 4294967297 (+ main::x (* -1 main::sn)))
server:                        (not (>= (div (+ 1 main::x) 4294967296) 1))))
server:                    (or
server:                      (not (<= (+ (* -1 main::x) main::sn) -2))
server:                      (not (<= (+ main::x (* -1 main::sn)) 2)))
server:                    (<= 1 (+ (* -1 main::x) main::sn))
server:                    (>= (div (+ 1 main::x) 4294967296) 0)
server:                    (not (>= (div (+ 1 main::x) 4294967296) 1))))
server:                (or
server:                  (>= (+ main::sn (* -2 (mod main::x 4294967296))) 0)
server:                  (and
server:                    (<=
server:                      -4
server:                      (+ (* 8589934592 (div main::x 4294967296)) (* 2 main::x) (* -3 main::sn)))
server:                    (not (>= (div (+ 1 main::x) 4294967296) 1))
server:                    (or
server:                      (not (<= (+ main::sn (* -1 main::x)) 0))
server:                      (not (>= (+ main::sn (* -1 main::x)) 0)))
server:                    (or
server:                      (and
server:                        (not (<= (+ (* -1 main::x) main::sn) -1))
server:                        (>= (div (+ 1 main::x) 4294967296) 0))
server:                      (and
server:                        (<= 4294967297 (+ main::x (* -1 main::sn)))
server:                        (not (>= (div (+ 1 main::x) 4294967296) 1))))
server:                    (or
server:                      (not (<= (+ (* -1 main::x) main::sn) -2))
server:                      (not (<= (+ main::x (* -1 main::sn)) 2)))
server:                    (<= 1 (+ (* -1 main::x) main::sn))
server:                    (>= (div (+ 1 main::x) 4294967296) 0)
server:                    (<= 2 (+ (* -1 main::sn) (* 2 (mod main::x 4294967296))))))
server:                (or
server:                  (=
server:                    (+
server:                      (mod main::sn 4294967296)
server:                      (* -1 (mod (* 2 (mod main::x 4294967296)) 4294967296)))
server:                    0)
server:                  (= main::sn 0))
server:                (not
server:                  (or
server:                    (<=
server:                      -1
server:                      (+
server:                        (* -4294967296 (div main::x 4294967296))
server:                        (* -1 main::x)
server:                        (* 4294967296 (div (+ 2 (* -1 main::sn)) 4294967296))))
server:                    (and
server:                      (<=
server:                        4294967293
server:                        (+ (* -2 main::sn) (* 4294967296 (div main::x 4294967296)) main::x))
server:                      (or
server:                        (and
server:                          (not (<= (+ (* -1 main::x) main::sn) -1))
server:                          (>= (div (+ 1 main::x) 4294967296) 0))
server:                        (and
server:                          (<= 4294967297 (+ main::x (* -1 main::sn)))
server:                          (not (>= (div (+ 1 main::x) 4294967296) 1))))
server:                      (or
server:                        (not (<= (+ (* -1 main::x) main::sn) -2))
server:                        (not (<= (+ main::x (* -1 main::sn)) 2)))
server:                      (<= 1 (+ (* -1 main::x) main::sn))
server:                      (>= (div (+ 1 main::x) 4294967296) 0)
server:                      (not (>= (div (+ 1 main::x) 4294967296) 1)))))
server:                (or
server:                  (not
server:                    (or
server:                      (=
server:                        (+
server:                          (mod main::sn 4294967296)
server:                          (* -1 (mod (* 2 (mod main::x 4294967296)) 4294967296)))
server:                        0)
server:                      (= main::sn 0)))
server:                  (and
server:                    (or
server:                      (=
server:                        (+
server:                          (mod main::sn 4294967296)
server:                          (* -1 (mod (* 2 (mod main::x 4294967296)) 4294967296)))
server:                        0)
server:                      (= main::sn 0))
server:                    (=
server:                      __VERIFIER_assert::cond
server:                      (ite
server:                        (or
server:                          (=
server:                            (+
server:                              (mod main::sn 4294967296)
server:                              (* -1 (mod (* 2 (mod main::x 4294967296)) 4294967296)))
server:                            0)
server:                          (= main::sn 0))
server:                        1
server:                        0))))
server:                (<=
server:                  (+
server:                    (mod main::sn 4294967296)
server:                    (* -1 (mod (* 2 (mod main::x 4294967296)) 4294967296)))
server:                  0)
server:                (>=
server:                  (+
server:                    (mod main::sn 4294967296)
server:                    (* -1 (mod (* 2 (mod main::x 4294967296)) 4294967296)))
server:                  0)
server:                (>= (+ main::sn (* -1 main::x)) 0)
server:                (not
server:                  (>=
server:                    (+
server:                      main::sn
server:                      (* 2147483648 (div (+ 8589934590 (* -4294967295 main::sn)) 4294967296)))
server:                    2))
server:                (>=
server:                  (+ (* 2 main::x) (* -1 main::sn) (* 8589934592 (div main::x 4294967296)))
server:                  0)
server:                (not (<= (+ main::sn (* -1 main::x)) -2))
server:                (<= -60129542102 (+ (* 4294967293 main::sn) (* -17179869172 main::x)))
server:                (<= -68719476688 (+ (* 4294967293 main::sn) (* -17179869172 main::x)))
server:                (<= -77309411274 (+ (* 4294967293 main::sn) (* -17179869172 main::x)))
server:                (>=
server:                  (+ (* 8589934592 (div main::x 4294967296)) (* -1 main::sn) (* 2 main::x))
server:                  0))
server:              false
server:              (and
server:                (>= (div (+ 1 main::x) 4294967296) 0)
server:                (>= main::sn 0)
server:                (not (>= (div (+ 1 main::x) 4294967296) 1))
server:                (not (<= main::sn 0))
server:                (>= main::x 0)
server:                (not (<= main::x 0))
server:                (not (= 0 main::x))
server:                (not (= 0 __VERIFIER_assert::cond))
server:                (or
server:                  (not (<= (+ (* -1 main::x) (* 4294967296 (div main::x 4294967296))) -10))
server:                  (<= 4294967296 (+ main::x (* -4294967296 (div main::x 4294967296)))))
server:                (or
server:                  (>= (+ main::sn (* -2 (mod main::x 4294967296))) 0)
server:                  (and
server:                    (or
server:                      (<=
server:                        -4
server:                        (+ (* 8589934592 (div main::x 4294967296)) (* 2 main::x) (* -3 main::sn)))
server:                      (<=
server:                        4294967295
server:                        (+ (* -4294967296 (div main::x 4294967296)) (* -1 main::x))))
server:                    (or
server:                      (not (<= (+ main::sn (* -1 main::x)) 0))
server:                      (not (>= (+ main::sn (* -1 main::x)) 0)))
server:                    (or
server:                      (not (<= (+ (* -1 main::x) main::sn) -1))
server:                      (<= 4294967297 (+ main::x (* -1 main::sn))))
server:                    (or
server:                      (not (<= (+ (* -1 main::x) main::sn) -2))
server:                      (not (<= (+ main::x (* -1 main::sn)) 2)))
server:                    (<= 1 (+ (* -1 main::x) main::sn))
server:                    (<= 2 (+ (* -1 main::sn) (* 2 (mod main::x 4294967296))))))
server:                (iff
server:                  (not (= __VERIFIER_assert::cond 0))
server:                  (or
server:                    (=
server:                      (+
server:                        (mod main::sn 4294967296)
server:                        (* -1 (mod (* 2 (mod main::x 4294967296)) 4294967296)))
server:                      0)
server:                    (= main::sn 0)))
server:                (not
server:                  (<=
server:                    4
server:                    (+
server:                      (* 2 main::sn)
server:                      (* 4294967296 (div (+ 8589934590 (* -4294967295 main::sn)) 4294967296)))))
server:                (not
server:                  (or
server:                    (<=
server:                      -1
server:                      (+
server:                        (* -4294967296 (div main::x 4294967296))
server:                        (* -1 main::x)
server:                        (* 4294967296 (div (+ 2 (* -1 main::sn)) 4294967296))))
server:                    (and
server:                      (<=
server:                        4294967293
server:                        (+ (* -2 main::sn) (* 4294967296 (div main::x 4294967296)) main::x))
server:                      (or
server:                        (not (<= (+ (* -1 main::x) main::sn) -1))
server:                        (<= 4294967297 (+ main::x (* -1 main::sn))))
server:                      (or
server:                        (not (<= (+ (* -1 main::x) main::sn) -2))
server:                        (not (<= (+ main::x (* -1 main::sn)) 2)))
server:                      (<= 1 (+ (* -1 main::x) main::sn)))))
server:                (or
server:                  (<=
server:                    0
server:                    (+ (* -2 main::x) (* -8589934592 (div main::x 4294967296)) main::sn))
server:                  (and
server:                    (<=
server:                      4294967293
server:                      (+ (* -2 main::sn) (* 4294967296 (div main::x 4294967296)) main::x))
server:                    (or
server:                      (not (<= (+ (* -1 main::x) main::sn) -1))
server:                      (<= 4294967297 (+ main::x (* -1 main::sn))))
server:                    (or
server:                      (not (<= (+ (* -1 main::x) main::sn) -2))
server:                      (not (<= (+ main::x (* -1 main::sn)) 2)))
server:                    (<= 1 (+ (* -1 main::x) main::sn))))
server:                (not
server:                  (or
server:                    (<=
server:                      -4
server:                      (+
server:                        (* -1 main::sn)
server:                        (* -8589934592 (div main::x 4294967296))
server:                        (* -2 main::x)))
server:                    (and
server:                      (<=
server:                        4294967293
server:                        (+ (* -2 main::sn) (* 4294967296 (div main::x 4294967296)) main::x))
server:                      (or
server:                        (not (<= (+ (* -1 main::x) main::sn) -1))
server:                        (<= 4294967297 (+ main::x (* -1 main::sn))))
server:                      (or
server:                        (not (<= (+ (* -1 main::x) main::sn) -2))
server:                        (not (<= (+ main::x (* -1 main::sn)) 2)))
server:                      (<= 1 (+ (* -1 main::x) main::sn)))))
server:                (or
server:                  (not (<= (+ (* -1 main::x) main::sn) -1))
server:                  (<= 4294967297 (+ main::x (* -1 main::sn))))
server:                (<= 1 (+ (* -1 main::x) main::sn))
server:                (or
server:                  (<=
server:                    0
server:                    (+ (* 2 main::x) (* 8589934592 (div main::x 4294967296)) (* -1 main::sn)))
server:                  (<=
server:                    4294967295
server:                    (+ (* -4294967296 (div main::x 4294967296)) (* -1 main::x))))
server:                (or
server:                  (not (<= (+ main::sn (* -1 main::x)) 0))
server:                  (not (>= (+ main::sn (* -1 main::x)) 0)))
server:                (or
server:                  (not (<= (+ (* -1 main::x) main::sn) -2))
server:                  (not (<= (+ main::x (* -1 main::sn)) 2)))
server:                (or
server:                  (and
server:                    (not (<= (+ (* -1 main::x) main::sn) -1))
server:                    (>= (div (+ 1 main::x) 4294967296) 0))
server:                  (and
server:                    (<= 4294967297 (+ main::x (* -1 main::sn)))
server:                    (not (>= (div (+ 1 main::x) 4294967296) 1))))
server:                (not
server:                  (or
server:                    (<=
server:                      -4
server:                      (+
server:                        (* -1 main::sn)
server:                        (* -8589934592 (div main::x 4294967296))
server:                        (* -2 main::x)))
server:                    (and
server:                      (<=
server:                        4294967293
server:                        (+ (* -2 main::sn) (* 4294967296 (div main::x 4294967296)) main::x))
server:                      (or
server:                        (and
server:                          (not (<= (+ (* -1 main::x) main::sn) -1))
server:                          (>= (div (+ 1 main::x) 4294967296) 0))
server:                        (and
server:                          (<= 4294967297 (+ main::x (* -1 main::sn)))
server:                          (not (>= (div (+ 1 main::x) 4294967296) 1))))
server:                      (or
server:                        (not (<= (+ (* -1 main::x) main::sn) -2))
server:                        (not (<= (+ main::x (* -1 main::sn)) 2)))
server:                      (<= 1 (+ (* -1 main::x) main::sn))
server:                      (>= (div (+ 1 main::x) 4294967296) 0)
server:                      (not (>= (div (+ 1 main::x) 4294967296) 1)))))
server:                (<=
server:                  0
server:                  (+ (* 2 main::x) (* 8589934592 (div main::x 4294967296)) (* -1 main::sn)))
server:                (or
server:                  (and
server:                    (<=
server:                      0
server:                      (+ (* -2 main::x) (* -8589934592 (div main::x 4294967296)) main::sn))
server:                    (not (>= (div (+ 1 main::x) 4294967296) 1))
server:                    (>= (div (+ 1 main::x) 4294967296) 0))
server:                  (and
server:                    (<=
server:                      4294967293
server:                      (+ (* -2 main::sn) (* 4294967296 (div main::x 4294967296)) main::x))
server:                    (or
server:                      (and
server:                        (not (<= (+ (* -1 main::x) main::sn) -1))
server:                        (>= (div (+ 1 main::x) 4294967296) 0))
server:                      (and
server:                        (<= 4294967297 (+ main::x (* -1 main::sn)))
server:                        (not (>= (div (+ 1 main::x) 4294967296) 1))))
server:                    (or
server:                      (not (<= (+ (* -1 main::x) main::sn) -2))
server:                      (not (<= (+ main::x (* -1 main::sn)) 2)))
server:                    (<= 1 (+ (* -1 main::x) main::sn))
server:                    (>= (div (+ 1 main::x) 4294967296) 0)
server:                    (not (>= (div (+ 1 main::x) 4294967296) 1))))
server:                (or
server:                  (>= (+ main::sn (* -2 (mod main::x 4294967296))) 0)
server:                  (and
server:                    (<=
server:                      -4
server:                      (+ (* 8589934592 (div main::x 4294967296)) (* 2 main::x) (* -3 main::sn)))
server:                    (not (>= (div (+ 1 main::x) 4294967296) 1))
server:                    (or
server:                      (not (<= (+ main::sn (* -1 main::x)) 0))
server:                      (not (>= (+ main::sn (* -1 main::x)) 0)))
server:                    (or
server:                      (and
server:                        (not (<= (+ (* -1 main::x) main::sn) -1))
server:                        (>= (div (+ 1 main::x) 4294967296) 0))
server:                      (and
server:                        (<= 4294967297 (+ main::x (* -1 main::sn)))
server:                        (not (>= (div (+ 1 main::x) 4294967296) 1))))
server:                    (or
server:                      (not (<= (+ (* -1 main::x) main::sn) -2))
server:                      (not (<= (+ main::x (* -1 main::sn)) 2)))
server:                    (<= 1 (+ (* -1 main::x) main::sn))
server:                    (>= (div (+ 1 main::x) 4294967296) 0)
server:                    (<= 2 (+ (* -1 main::sn) (* 2 (mod main::x 4294967296))))))
server:                (or
server:                  (=
server:                    (+
server:                      (mod main::sn 4294967296)
server:                      (* -1 (mod (* 2 (mod main::x 4294967296)) 4294967296)))
server:                    0)
server:                  (= main::sn 0))
server:                (not
server:                  (or
server:                    (<=
server:                      -1
server:                      (+
server:                        (* -4294967296 (div main::x 4294967296))
server:                        (* -1 main::x)
server:                        (* 4294967296 (div (+ 2 (* -1 main::sn)) 4294967296))))
server:                    (and
server:                      (<=
server:                        4294967293
server:                        (+ (* -2 main::sn) (* 4294967296 (div main::x 4294967296)) main::x))
server:                      (or
server:                        (and
server:                          (not (<= (+ (* -1 main::x) main::sn) -1))
server:                          (>= (div (+ 1 main::x) 4294967296) 0))
server:                        (and
server:                          (<= 4294967297 (+ main::x (* -1 main::sn)))
server:                          (not (>= (div (+ 1 main::x) 4294967296) 1))))
server:                      (or
server:                        (not (<= (+ (* -1 main::x) main::sn) -2))
server:                        (not (<= (+ main::x (* -1 main::sn)) 2)))
server:                      (<= 1 (+ (* -1 main::x) main::sn))
server:                      (>= (div (+ 1 main::x) 4294967296) 0)
server:                      (not (>= (div (+ 1 main::x) 4294967296) 1)))))
server:                (or
server:                  (not
server:                    (or
server:                      (=
server:                        (+
server:                          (mod main::sn 4294967296)
server:                          (* -1 (mod (* 2 (mod main::x 4294967296)) 4294967296)))
server:                        0)
server:                      (= main::sn 0)))
server:                  (and
server:                    (or
server:                      (=
server:                        (+
server:                          (mod main::sn 4294967296)
server:                          (* -1 (mod (* 2 (mod main::x 4294967296)) 4294967296)))
server:                        0)
server:                      (= main::sn 0))
server:                    (=
server:                      __VERIFIER_assert::cond
server:                      (ite
server:                        (or
server:                          (=
server:                            (+
server:                              (mod main::sn 4294967296)
server:                              (* -1 (mod (* 2 (mod main::x 4294967296)) 4294967296)))
server:                            0)
server:                          (= main::sn 0))
server:                        1
server:                        0))))
server:                (<=
server:                  (+
server:                    (mod main::sn 4294967296)
server:                    (* -1 (mod (* 2 (mod main::x 4294967296)) 4294967296)))
server:                  0)
server:                (>=
server:                  (+
server:                    (mod main::sn 4294967296)
server:                    (* -1 (mod (* 2 (mod main::x 4294967296)) 4294967296)))
server:                  0)
server:                (>= (+ main::sn (* -1 main::x)) 0)
server:                (not
server:                  (>=
server:                    (+
server:                      main::sn
server:                      (* 2147483648 (div (+ 8589934590 (* -4294967295 main::sn)) 4294967296)))
server:                    2))
server:                (>=
server:                  (+ (* 2 main::x) (* -1 main::sn) (* 8589934592 (div main::x 4294967296)))
server:                  0)
server:                (not (<= (+ main::sn (* -1 main::x)) -2))
server:                (<= -68719476688 (+ (* 4294967293 main::sn) (* -17179869172 main::x)))
server:                (<= -77309411274 (+ (* 4294967293 main::sn) (* -17179869172 main::x)))
server:                (>=
server:                  (+ (* 8589934592 (div main::x 4294967296)) (* -1 main::sn) (* 2 main::x))
server:                  0))
server:              false
server:              (and
server:                (>= (div (+ 1 main::x) 4294967296) 0)
server:                (>= main::sn 0)
server:                (not (>= (div (+ 1 main::x) 4294967296) 1))
server:                (not (<= main::sn 0))
server:                (>= main::x 0)
server:                (not (<= main::x 0))
server:                (not (= 0 main::x))
server:                (not (= 0 __VERIFIER_assert::cond))
server:                (or
server:                  (not (<= (+ (* -1 main::x) (* 4294967296 (div main::x 4294967296))) -10))
server:                  (<= 4294967296 (+ main::x (* -4294967296 (div main::x 4294967296)))))
server:                (or
server:                  (>= (+ main::sn (* -2 (mod main::x 4294967296))) 0)
server:                  (and
server:                    (or
server:                      (<=
server:                        -4
server:                        (+ (* 8589934592 (div main::x 4294967296)) (* 2 main::x) (* -3 main::sn)))
server:                      (<=
server:                        4294967295
server:                        (+ (* -4294967296 (div main::x 4294967296)) (* -1 main::x))))
server:                    (or
server:                      (not (<= (+ main::sn (* -1 main::x)) 0))
server:                      (not (>= (+ main::sn (* -1 main::x)) 0)))
server:                    (or
server:                      (not (<= (+ (* -1 main::x) main::sn) -1))
server:                      (<= 4294967297 (+ main::x (* -1 main::sn))))
server:                    (or
server:                      (not (<= (+ (* -1 main::x) main::sn) -2))
server:                      (not (<= (+ main::x (* -1 main::sn)) 2)))
server:                    (<= 1 (+ (* -1 main::x) main::sn))
server:                    (<= 2 (+ (* -1 main::sn) (* 2 (mod main::x 4294967296))))))
server:                (iff
server:                  (not (= __VERIFIER_assert::cond 0))
server:                  (or
server:                    (=
server:                      (+
server:                        (mod main::sn 4294967296)
server:                        (* -1 (mod (* 2 (mod main::x 4294967296)) 4294967296)))
server:                      0)
server:                    (= main::sn 0)))
server:                (not
server:                  (<=
server:                    4
server:                    (+
server:                      (* 2 main::sn)
server:                      (* 4294967296 (div (+ 8589934590 (* -4294967295 main::sn)) 4294967296)))))
server:                (not
server:                  (or
server:                    (<=
server:                      -1
server:                      (+
server:                        (* -4294967296 (div main::x 4294967296))
server:                        (* -1 main::x)
server:                        (* 4294967296 (div (+ 2 (* -1 main::sn)) 4294967296))))
server:                    (and
server:                      (<=
server:                        4294967293
server:                        (+ (* -2 main::sn) (* 4294967296 (div main::x 4294967296)) main::x))
server:                      (or
server:                        (not (<= (+ (* -1 main::x) main::sn) -1))
server:                        (<= 4294967297 (+ main::x (* -1 main::sn))))
server:                      (or
server:                        (not (<= (+ (* -1 main::x) main::sn) -2))
server:                        (not (<= (+ main::x (* -1 main::sn)) 2)))
server:                      (<= 1 (+ (* -1 main::x) main::sn)))))
server:                (or
server:                  (<=
server:                    0
server:                    (+ (* -2 main::x) (* -8589934592 (div main::x 4294967296)) main::sn))
server:                  (and
server:                    (<=
server:                      4294967293
server:                      (+ (* -2 main::sn) (* 4294967296 (div main::x 4294967296)) main::x))
server:                    (or
server:                      (not (<= (+ (* -1 main::x) main::sn) -1))
server:                      (<= 4294967297 (+ main::x (* -1 main::sn))))
server:                    (or
server:                      (not (<= (+ (* -1 main::x) main::sn) -2))
server:                      (not (<= (+ main::x (* -1 main::sn)) 2)))
server:                    (<= 1 (+ (* -1 main::x) main::sn))))
server:                (not
server:                  (or
server:                    (<=
server:                      -4
server:                      (+
server:                        (* -1 main::sn)
server:                        (* -8589934592 (div main::x 4294967296))
server:                        (* -2 main::x)))
server:                    (and
server:                      (<=
server:                        4294967293
server:                        (+ (* -2 main::sn) (* 4294967296 (div main::x 4294967296)) main::x))
server:                      (or
server:                        (not (<= (+ (* -1 main::x) main::sn) -1))
server:                        (<= 4294967297 (+ main::x (* -1 main::sn))))
server:                      (or
server:                        (not (<= (+ (* -1 main::x) main::sn) -2))
server:                        (not (<= (+ main::x (* -1 main::sn)) 2)))
server:                      (<= 1 (+ (* -1 main::x) main::sn)))))
server:                (or
server:                  (not (<= (+ (* -1 main::x) main::sn) -1))
server:                  (<= 4294967297 (+ main::x (* -1 main::sn))))
server:                (<= 1 (+ (* -1 main::x) main::sn))
server:                (or
server:                  (<=
server:                    0
server:                    (+ (* 2 main::x) (* 8589934592 (div main::x 4294967296)) (* -1 main::sn)))
server:                  (<=
server:                    4294967295
server:                    (+ (* -4294967296 (div main::x 4294967296)) (* -1 main::x))))
server:                (or
server:                  (not (<= (+ main::sn (* -1 main::x)) 0))
server:                  (not (>= (+ main::sn (* -1 main::x)) 0)))
server:                (or
server:                  (not (<= (+ (* -1 main::x) main::sn) -2))
server:                  (not (<= (+ main::x (* -1 main::sn)) 2)))
server:                (or
server:                  (and
server:                    (not (<= (+ (* -1 main::x) main::sn) -1))
server:                    (>= (div (+ 1 main::x) 4294967296) 0))
server:                  (and
server:                    (<= 4294967297 (+ main::x (* -1 main::sn)))
server:                    (not (>= (div (+ 1 main::x) 4294967296) 1))))
server:                (not
server:                  (or
server:                    (<=
server:                      -4
server:                      (+
server:                        (* -1 main::sn)
server:                        (* -8589934592 (div main::x 4294967296))
server:                        (* -2 main::x)))
server:                    (and
server:                      (<=
server:                        4294967293
server:                        (+ (* -2 main::sn) (* 4294967296 (div main::x 4294967296)) main::x))
server:                      (or
server:                        (and
server:                          (not (<= (+ (* -1 main::x) main::sn) -1))
server:                          (>= (div (+ 1 main::x) 4294967296) 0))
server:                        (and
server:                          (<= 4294967297 (+ main::x (* -1 main::sn)))
server:                          (not (>= (div (+ 1 main::x) 4294967296) 1))))
server:                      (or
server:                        (not (<= (+ (* -1 main::x) main::sn) -2))
server:                        (not (<= (+ main::x (* -1 main::sn)) 2)))
server:                      (<= 1 (+ (* -1 main::x) main::sn))
server:                      (>= (div (+ 1 main::x) 4294967296) 0)
server:                      (not (>= (div (+ 1 main::x) 4294967296) 1)))))
server:                (<=
server:                  0
server:                  (+ (* 2 main::x) (* 8589934592 (div main::x 4294967296)) (* -1 main::sn)))
server:                (or
server:                  (and
server:                    (<=
server:                      0
server:                      (+ (* -2 main::x) (* -8589934592 (div main::x 4294967296)) main::sn))
server:                    (not (>= (div (+ 1 main::x) 4294967296) 1))
server:                    (>= (div (+ 1 main::x) 4294967296) 0))
server:                  (and
server:                    (<=
server:                      4294967293
server:                      (+ (* -2 main::sn) (* 4294967296 (div main::x 4294967296)) main::x))
server:                    (or
server:                      (and
server:                        (not (<= (+ (* -1 main::x) main::sn) -1))
server:                        (>= (div (+ 1 main::x) 4294967296) 0))
server:                      (and
server:                        (<= 4294967297 (+ main::x (* -1 main::sn)))
server:                        (not (>= (div (+ 1 main::x) 4294967296) 1))))
server:                    (or
server:                      (not (<= (+ (* -1 main::x) main::sn) -2))
server:                      (not (<= (+ main::x (* -1 main::sn)) 2)))
server:                    (<= 1 (+ (* -1 main::x) main::sn))
server:                    (>= (div (+ 1 main::x) 4294967296) 0)
server:                    (not (>= (div (+ 1 main::x) 4294967296) 1))))
server:                (or
server:                  (>= (+ main::sn (* -2 (mod main::x 4294967296))) 0)
server:                  (and
server:                    (<=
server:                      -4
server:                      (+ (* 8589934592 (div main::x 4294967296)) (* 2 main::x) (* -3 main::sn)))
server:                    (not (>= (div (+ 1 main::x) 4294967296) 1))
server:                    (or
server:                      (not (<= (+ main::sn (* -1 main::x)) 0))
server:                      (not (>= (+ main::sn (* -1 main::x)) 0)))
server:                    (or
server:                      (and
server:                        (not (<= (+ (* -1 main::x) main::sn) -1))
server:                        (>= (div (+ 1 main::x) 4294967296) 0))
server:                      (and
server:                        (<= 4294967297 (+ main::x (* -1 main::sn)))
server:                        (not (>= (div (+ 1 main::x) 4294967296) 1))))
server:                    (or
server:                      (not (<= (+ (* -1 main::x) main::sn) -2))
server:                      (not (<= (+ main::x (* -1 main::sn)) 2)))
server:                    (<= 1 (+ (* -1 main::x) main::sn))
server:                    (>= (div (+ 1 main::x) 4294967296) 0)
server:                    (<= 2 (+ (* -1 main::sn) (* 2 (mod main::x 4294967296))))))
server:                (or
server:                  (=
server:                    (+
server:                      (mod main::sn 4294967296)
server:                      (* -1 (mod (* 2 (mod main::x 4294967296)) 4294967296)))
server:                    0)
server:                  (= main::sn 0))
server:                (not
server:                  (or
server:                    (<=
server:                      -1
server:                      (+
server:                        (* -4294967296 (div main::x 4294967296))
server:                        (* -1 main::x)
server:                        (* 4294967296 (div (+ 2 (* -1 main::sn)) 4294967296))))
server:                    (and
server:                      (<=
server:                        4294967293
server:                        (+ (* -2 main::sn) (* 4294967296 (div main::x 4294967296)) main::x))
server:                      (or
server:                        (and
server:                          (not (<= (+ (* -1 main::x) main::sn) -1))
server:                          (>= (div (+ 1 main::x) 4294967296) 0))
server:                        (and
server:                          (<= 4294967297 (+ main::x (* -1 main::sn)))
server:                          (not (>= (div (+ 1 main::x) 4294967296) 1))))
server:                      (or
server:                        (not (<= (+ (* -1 main::x) main::sn) -2))
server:                        (not (<= (+ main::x (* -1 main::sn)) 2)))
server:                      (<= 1 (+ (* -1 main::x) main::sn))
server:                      (>= (div (+ 1 main::x) 4294967296) 0)
server:                      (not (>= (div (+ 1 main::x) 4294967296) 1)))))
server:                (or
server:                  (not
server:                    (or
server:                      (=
server:                        (+
server:                          (mod main::sn 4294967296)
server:                          (* -1 (mod (* 2 (mod main::x 4294967296)) 4294967296)))
server:                        0)
server:                      (= main::sn 0)))
server:                  (and
server:                    (or
server:                      (=
server:                        (+
server:                          (mod main::sn 4294967296)
server:                          (* -1 (mod (* 2 (mod main::x 4294967296)) 4294967296)))
server:                        0)
server:                      (= main::sn 0))
server:                    (=
server:                      __VERIFIER_assert::cond
server:                      (ite
server:                        (or
server:                          (=
server:                            (+
server:                              (mod main::sn 4294967296)
server:                              (* -1 (mod (* 2 (mod main::x 4294967296)) 4294967296)))
server:                            0)
server:                          (= main::sn 0))
server:                        1
server:                        0))))
server:                (<=
server:                  (+
server:                    (mod main::sn 4294967296)
server:                    (* -1 (mod (* 2 (mod main::x 4294967296)) 4294967296)))
server:                  0)
server:                (>=
server:                  (+
server:                    (mod main::sn 4294967296)
server:                    (* -1 (mod (* 2 (mod main::x 4294967296)) 4294967296)))
server:                  0)
server:                (>= (+ main::sn (* -1 main::x)) 0)
server:                (not
server:                  (>=
server:                    (+
server:                      main::sn
server:                      (* 2147483648 (div (+ 8589934590 (* -4294967295 main::sn)) 4294967296)))
server:                    2))
server:                (>=
server:                  (+ (* 2 main::x) (* -1 main::sn) (* 8589934592 (div main::x 4294967296)))
server:                  0)
server:                (not (<= (+ main::sn (* -1 main::x)) -2))
server:                (<= -77309411274 (+ (* 4294967293 main::sn) (* -17179869172 main::x)))
server:                (>=
server:                  (+ (* 8589934592 (div main::x 4294967296)) (* -1 main::sn) (* 2 main::x))
server:                  0))
server:              false
server:              (and
server:                (>= (div (+ 1 main::x) 4294967296) 0)
server:                (>= main::sn 0)
server:                (not (>= (div (+ 1 main::x) 4294967296) 1))
server:                (not (<= main::sn 0))
server:                (>= main::x 0)
server:                (not (<= main::x 0))
server:                (not (= 0 main::x))
server:                (not (= 0 __VERIFIER_assert::cond))
server:                (or
server:                  (>= (+ main::sn (* -2 (mod main::x 4294967296))) 0)
server:                  (and
server:                    (or
server:                      (<=
server:                        -4
server:                        (+ (* 8589934592 (div main::x 4294967296)) (* 2 main::x) (* -3 main::sn)))
server:                      (<=
server:                        4294967295
server:                        (+ (* -4294967296 (div main::x 4294967296)) (* -1 main::x))))
server:                    (or
server:                      (not (<= (+ main::sn (* -1 main::x)) 0))
server:                      (not (>= (+ main::sn (* -1 main::x)) 0)))
server:                    (or
server:                      (not (<= (+ (* -1 main::x) main::sn) -1))
server:                      (<= 4294967297 (+ main::x (* -1 main::sn))))
server:                    (or
server:                      (not (<= (+ (* -1 main::x) main::sn) -2))
server:                      (not (<= (+ main::x (* -1 main::sn)) 2)))
server:                    (<= 1 (+ (* -1 main::x) main::sn))
server:                    (<= 2 (+ (* -1 main::sn) (* 2 (mod main::x 4294967296))))))
server:                (iff
server:                  (not (= __VERIFIER_assert::cond 0))
server:                  (or
server:                    (=
server:                      (+
server:                        (mod main::sn 4294967296)
server:                        (* -1 (mod (* 2 (mod main::x 4294967296)) 4294967296)))
server:                      0)
server:                    (= main::sn 0)))
server:                (not
server:                  (<=
server:                    4
server:                    (+
server:                      (* 2 main::sn)
server:                      (* 4294967296 (div (+ 8589934590 (* -4294967295 main::sn)) 4294967296)))))
server:                (not
server:                  (or
server:                    (<=
server:                      -1
server:                      (+
server:                        (* -4294967296 (div main::x 4294967296))
server:                        (* -1 main::x)
server:                        (* 4294967296 (div (+ 2 (* -1 main::sn)) 4294967296))))
server:                    (and
server:                      (<=
server:                        4294967293
server:                        (+ (* -2 main::sn) (* 4294967296 (div main::x 4294967296)) main::x))
server:                      (or
server:                        (not (<= (+ (* -1 main::x) main::sn) -1))
server:                        (<= 4294967297 (+ main::x (* -1 main::sn))))
server:                      (or
server:                        (not (<= (+ (* -1 main::x) main::sn) -2))
server:                        (not (<= (+ main::x (* -1 main::sn)) 2)))
server:                      (<= 1 (+ (* -1 main::x) main::sn)))))
server:                (or
server:                  (<=
server:                    0
server:                    (+ (* -2 main::x) (* -8589934592 (div main::x 4294967296)) main::sn))
server:                  (and
server:                    (<=
server:                      4294967293
server:                      (+ (* -2 main::sn) (* 4294967296 (div main::x 4294967296)) main::x))
server:                    (or
server:                      (not (<= (+ (* -1 main::x) main::sn) -1))
server:                      (<= 4294967297 (+ main::x (* -1 main::sn))))
server:                    (or
server:                      (not (<= (+ (* -1 main::x) main::sn) -2))
server:                      (not (<= (+ main::x (* -1 main::sn)) 2)))
server:                    (<= 1 (+ (* -1 main::x) main::sn))))
server:                (not
server:                  (or
server:                    (<=
server:                      -4
server:                      (+
server:                        (* -1 main::sn)
server:                        (* -8589934592 (div main::x 4294967296))
server:                        (* -2 main::x)))
server:                    (and
server:                      (<=
server:                        4294967293
server:                        (+ (* -2 main::sn) (* 4294967296 (div main::x 4294967296)) main::x))
server:                      (or
server:                        (not (<= (+ (* -1 main::x) main::sn) -1))
server:                        (<= 4294967297 (+ main::x (* -1 main::sn))))
server:                      (or
server:                        (not (<= (+ (* -1 main::x) main::sn) -2))
server:                        (not (<= (+ main::x (* -1 main::sn)) 2)))
server:                      (<= 1 (+ (* -1 main::x) main::sn)))))
server:                (or
server:                  (not (<= (+ (* -1 main::x) main::sn) -1))
server:                  (<= 4294967297 (+ main::x (* -1 main::sn))))
server:                (<= 1 (+ (* -1 main::x) main::sn))
server:                (or
server:                  (<=
server:                    0
server:                    (+ (* 2 main::x) (* 8589934592 (div main::x 4294967296)) (* -1 main::sn)))
server:                  (<=
server:                    4294967295
server:                    (+ (* -4294967296 (div main::x 4294967296)) (* -1 main::x))))
server:                (or
server:                  (not (<= (+ main::sn (* -1 main::x)) 0))
server:                  (not (>= (+ main::sn (* -1 main::x)) 0)))
server:                (or
server:                  (not (<= (+ (* -1 main::x) main::sn) -2))
server:                  (not (<= (+ main::x (* -1 main::sn)) 2)))
server:                (or
server:                  (and
server:                    (not (<= (+ (* -1 main::x) main::sn) -1))
server:                    (>= (div (+ 1 main::x) 4294967296) 0))
server:                  (and
server:                    (<= 4294967297 (+ main::x (* -1 main::sn)))
server:                    (not (>= (div (+ 1 main::x) 4294967296) 1))))
server:                (not
server:                  (or
server:                    (<=
server:                      -4
server:                      (+
server:                        (* -1 main::sn)
server:                        (* -8589934592 (div main::x 4294967296))
server:                        (* -2 main::x)))
server:                    (and
server:                      (<=
server:                        4294967293
server:                        (+ (* -2 main::sn) (* 4294967296 (div main::x 4294967296)) main::x))
server:                      (or
server:                        (and
server:                          (not (<= (+ (* -1 main::x) main::sn) -1))
server:                          (>= (div (+ 1 main::x) 4294967296) 0))
server:                        (and
server:                          (<= 4294967297 (+ main::x (* -1 main::sn)))
server:                          (not (>= (div (+ 1 main::x) 4294967296) 1))))
server:                      (or
server:                        (not (<= (+ (* -1 main::x) main::sn) -2))
server:                        (not (<= (+ main::x (* -1 main::sn)) 2)))
server:                      (<= 1 (+ (* -1 main::x) main::sn))
server:                      (>= (div (+ 1 main::x) 4294967296) 0)
server:                      (not (>= (div (+ 1 main::x) 4294967296) 1)))))
server:                (<=
server:                  0
server:                  (+ (* 2 main::x) (* 8589934592 (div main::x 4294967296)) (* -1 main::sn)))
server:                (or
server:                  (and
server:                    (<=
server:                      0
server:                      (+ (* -2 main::x) (* -8589934592 (div main::x 4294967296)) main::sn))
server:                    (not (>= (div (+ 1 main::x) 4294967296) 1))
server:                    (>= (div (+ 1 main::x) 4294967296) 0))
server:                  (and
server:                    (<=
server:                      4294967293
server:                      (+ (* -2 main::sn) (* 4294967296 (div main::x 4294967296)) main::x))
server:                    (or
server:                      (and
server:                        (not (<= (+ (* -1 main::x) main::sn) -1))
server:                        (>= (div (+ 1 main::x) 4294967296) 0))
server:                      (and
server:                        (<= 4294967297 (+ main::x (* -1 main::sn)))
server:                        (not (>= (div (+ 1 main::x) 4294967296) 1))))
server:                    (or
server:                      (not (<= (+ (* -1 main::x) main::sn) -2))
server:                      (not (<= (+ main::x (* -1 main::sn)) 2)))
server:                    (<= 1 (+ (* -1 main::x) main::sn))
server:                    (>= (div (+ 1 main::x) 4294967296) 0)
server:                    (not (>= (div (+ 1 main::x) 4294967296) 1))))
server:                (or
server:                  (>= (+ main::sn (* -2 (mod main::x 4294967296))) 0)
server:                  (and
server:                    (<=
server:                      -4
server:                      (+ (* 8589934592 (div main::x 4294967296)) (* 2 main::x) (* -3 main::sn)))
server:                    (not (>= (div (+ 1 main::x) 4294967296) 1))
server:                    (or
server:                      (not (<= (+ main::sn (* -1 main::x)) 0))
server:                      (not (>= (+ main::sn (* -1 main::x)) 0)))
server:                    (or
server:                      (and
server:                        (not (<= (+ (* -1 main::x) main::sn) -1))
server:                        (>= (div (+ 1 main::x) 4294967296) 0))
server:                      (and
server:                        (<= 4294967297 (+ main::x (* -1 main::sn)))
server:                        (not (>= (div (+ 1 main::x) 4294967296) 1))))
server:                    (or
server:                      (not (<= (+ (* -1 main::x) main::sn) -2))
server:                      (not (<= (+ main::x (* -1 main::sn)) 2)))
server:                    (<= 1 (+ (* -1 main::x) main::sn))
server:                    (>= (div (+ 1 main::x) 4294967296) 0)
server:                    (<= 2 (+ (* -1 main::sn) (* 2 (mod main::x 4294967296))))))
server:                (or
server:                  (=
server:                    (+
server:                      (mod main::sn 4294967296)
server:                      (* -1 (mod (* 2 (mod main::x 4294967296)) 4294967296)))
server:                    0)
server:                  (= main::sn 0))
server:                (not
server:                  (or
server:                    (<=
server:                      -1
server:                      (+
server:                        (* -4294967296 (div main::x 4294967296))
server:                        (* -1 main::x)
server:                        (* 4294967296 (div (+ 2 (* -1 main::sn)) 4294967296))))
server:                    (and
server:                      (<=
server:                        4294967293
server:                        (+ (* -2 main::sn) (* 4294967296 (div main::x 4294967296)) main::x))
server:                      (or
server:                        (and
server:                          (not (<= (+ (* -1 main::x) main::sn) -1))
server:                          (>= (div (+ 1 main::x) 4294967296) 0))
server:                        (and
server:                          (<= 4294967297 (+ main::x (* -1 main::sn)))
server:                          (not (>= (div (+ 1 main::x) 4294967296) 1))))
server:                      (or
server:                        (not (<= (+ (* -1 main::x) main::sn) -2))
server:                        (not (<= (+ main::x (* -1 main::sn)) 2)))
server:                      (<= 1 (+ (* -1 main::x) main::sn))
server:                      (>= (div (+ 1 main::x) 4294967296) 0)
server:                      (not (>= (div (+ 1 main::x) 4294967296) 1)))))
server:                (or
server:                  (not
server:                    (or
server:                      (=
server:                        (+
server:                          (mod main::sn 4294967296)
server:                          (* -1 (mod (* 2 (mod main::x 4294967296)) 4294967296)))
server:                        0)
server:                      (= main::sn 0)))
server:                  (and
server:                    (or
server:                      (=
server:                        (+
server:                          (mod main::sn 4294967296)
server:                          (* -1 (mod (* 2 (mod main::x 4294967296)) 4294967296)))
server:                        0)
server:                      (= main::sn 0))
server:                    (=
server:                      __VERIFIER_assert::cond
server:                      (ite
server:                        (or
server:                          (=
server:                            (+
server:                              (mod main::sn 4294967296)
server:                              (* -1 (mod (* 2 (mod main::x 4294967296)) 4294967296)))
server:                            0)
server:                          (= main::sn 0))
server:                        1
server:                        0))))
server:                (<=
server:                  (+
server:                    (mod main::sn 4294967296)
server:                    (* -1 (mod (* 2 (mod main::x 4294967296)) 4294967296)))
server:                  0)
server:                (>=
server:                  (+
server:                    (mod main::sn 4294967296)
server:                    (* -1 (mod (* 2 (mod main::x 4294967296)) 4294967296)))
server:                  0)
server:                (>= (+ main::sn (* -1 main::x)) 0)
server:                (not
server:                  (>=
server:                    (+
server:                      main::sn
server:                      (* 2147483648 (div (+ 8589934590 (* -4294967295 main::sn)) 4294967296)))
server:                    2))
server:                (>=
server:                  (+ (* 2 main::x) (* -1 main::sn) (* 8589934592 (div main::x 4294967296)))
server:                  0)
server:                (not (<= (+ main::sn (* -1 main::x)) -2))
server:                (>=
server:                  (+ (* 8589934592 (div main::x 4294967296)) (* -1 main::sn) (* 2 main::x))
server:                  0))
server:              (and
server:                (>= (div (+ 1 main::x) 4294967296) 0)
server:                (>= main::sn 0)
server:                (not (<= main::sn 0))
server:                (>= main::x 0)
server:                (not (<= main::x 0))
server:                (not (= 0 main::x))
server:                (= 0 __VERIFIER_assert::cond)
server:                (not
server:                  (or
server:                    (not (<= (+ (* -1 main::x) (* 4294967296 (div main::x 4294967296))) -10))
server:                    (<= 4294967296 (+ main::x (* -4294967296 (div main::x 4294967296))))))
server:                (not
server:                  (or
server:                    (>= (+ main::sn (* -2 (mod main::x 4294967296))) 0)
server:                    (and
server:                      (or
server:                        (<=
server:                          -4
server:                          (+ (* 8589934592 (div main::x 4294967296)) (* 2 main::x) (* -3 main::sn)))
server:                        (<=
server:                          4294967295
server:                          (+ (* -4294967296 (div main::x 4294967296)) (* -1 main::x))))
server:                      (or
server:                        (not (<= (+ main::sn (* -1 main::x)) 0))
server:                        (not (>= (+ main::sn (* -1 main::x)) 0)))
server:                      (or
server:                        (not (<= (+ (* -1 main::x) main::sn) -1))
server:                        (<= 4294967297 (+ main::x (* -1 main::sn))))
server:                      (or
server:                        (not (<= (+ (* -1 main::x) main::sn) -2))
server:                        (not (<= (+ main::x (* -1 main::sn)) 2)))
server:                      (<= 1 (+ (* -1 main::x) main::sn))
server:                      (<= 2 (+ (* -1 main::sn) (* 2 (mod main::x 4294967296)))))))
server:                (iff
server:                  (not (= __VERIFIER_assert::cond 0))
server:                  (or
server:                    (=
server:                      (+
server:                        (mod main::sn 4294967296)
server:                        (* -1 (mod (* 2 (mod main::x 4294967296)) 4294967296)))
server:                      0)
server:                    (= main::sn 0)))
server:                (not
server:                  (<=
server:                    4
server:                    (+
server:                      (* 2 main::sn)
server:                      (* 4294967296 (div (+ 8589934590 (* -4294967295 main::sn)) 4294967296)))))
server:                (not
server:                  (or
server:                    (<=
server:                      -1
server:                      (+
server:                        (* -4294967296 (div main::x 4294967296))
server:                        (* -1 main::x)
server:                        (* 4294967296 (div (+ 2 (* -1 main::sn)) 4294967296))))
server:                    (and
server:                      (<=
server:                        4294967293
server:                        (+ (* -2 main::sn) (* 4294967296 (div main::x 4294967296)) main::x))
server:                      (or
server:                        (not (<= (+ (* -1 main::x) main::sn) -1))
server:                        (<= 4294967297 (+ main::x (* -1 main::sn))))
server:                      (or
server:                        (not (<= (+ (* -1 main::x) main::sn) -2))
server:                        (not (<= (+ main::x (* -1 main::sn)) 2)))
server:                      (<= 1 (+ (* -1 main::x) main::sn)))))
server:                (not
server:                  (or
server:                    (<=
server:                      0
server:                      (+ (* -2 main::x) (* -8589934592 (div main::x 4294967296)) main::sn))
server:                    (and
server:                      (<=
server:                        4294967293
server:                        (+ (* -2 main::sn) (* 4294967296 (div main::x 4294967296)) main::x))
server:                      (or
server:                        (not (<= (+ (* -1 main::x) main::sn) -1))
server:                        (<= 4294967297 (+ main::x (* -1 main::sn))))
server:                      (or
server:                        (not (<= (+ (* -1 main::x) main::sn) -2))
server:                        (not (<= (+ main::x (* -1 main::sn)) 2)))
server:                      (<= 1 (+ (* -1 main::x) main::sn)))))
server:                (not
server:                  (or
server:                    (<=
server:                      -4
server:                      (+
server:                        (* -1 main::sn)
server:                        (* -8589934592 (div main::x 4294967296))
server:                        (* -2 main::x)))
server:                    (and
server:                      (<=
server:                        4294967293
server:                        (+ (* -2 main::sn) (* 4294967296 (div main::x 4294967296)) main::x))
server:                      (or
server:                        (not (<= (+ (* -1 main::x) main::sn) -1))
server:                        (<= 4294967297 (+ main::x (* -1 main::sn))))
server:                      (or
server:                        (not (<= (+ (* -1 main::x) main::sn) -2))
server:                        (not (<= (+ main::x (* -1 main::sn)) 2)))
server:                      (<= 1 (+ (* -1 main::x) main::sn)))))
server:                (or
server:                  (not (<= (+ (* -1 main::x) main::sn) -1))
server:                  (<= 4294967297 (+ main::x (* -1 main::sn))))
server:                (<= 1 (+ (* -1 main::x) main::sn))
server:                (or
server:                  (<=
server:                    0
server:                    (+ (* 2 main::x) (* 8589934592 (div main::x 4294967296)) (* -1 main::sn)))
server:                  (<=
server:                    4294967295
server:                    (+ (* -4294967296 (div main::x 4294967296)) (* -1 main::x))))
server:                (or
server:                  (not (<= (+ main::sn (* -1 main::x)) 0))
server:                  (not (>= (+ main::sn (* -1 main::x)) 0)))
server:                (or
server:                  (not (<= (+ (* -1 main::x) main::sn) -2))
server:                  (not (<= (+ main::x (* -1 main::sn)) 2)))
server:                (or
server:                  (and
server:                    (not (<= (+ (* -1 main::x) main::sn) -1))
server:                    (>= (div (+ 1 main::x) 4294967296) 0))
server:                  (and
server:                    (<= 4294967297 (+ main::x (* -1 main::sn)))
server:                    (not (>= (div (+ 1 main::x) 4294967296) 1))))
server:                (not
server:                  (or
server:                    (<=
server:                      -4
server:                      (+
server:                        (* -1 main::sn)
server:                        (* -8589934592 (div main::x 4294967296))
server:                        (* -2 main::x)))
server:                    (and
server:                      (<=
server:                        4294967293
server:                        (+ (* -2 main::sn) (* 4294967296 (div main::x 4294967296)) main::x))
server:                      (or
server:                        (and
server:                          (not (<= (+ (* -1 main::x) main::sn) -1))
server:                          (>= (div (+ 1 main::x) 4294967296) 0))
server:                        (and
server:                          (<= 4294967297 (+ main::x (* -1 main::sn)))
server:                          (not (>= (div (+ 1 main::x) 4294967296) 1))))
server:                      (or
server:                        (not (<= (+ (* -1 main::x) main::sn) -2))
server:                        (not (<= (+ main::x (* -1 main::sn)) 2)))
server:                      (<= 1 (+ (* -1 main::x) main::sn))
server:                      (>= (div (+ 1 main::x) 4294967296) 0)
server:                      (not (>= (div (+ 1 main::x) 4294967296) 1)))))
server:                (<=
server:                  0
server:                  (+ (* 2 main::x) (* 8589934592 (div main::x 4294967296)) (* -1 main::sn)))
server:                (not
server:                  (or
server:                    (and
server:                      (<=
server:                        0
server:                        (+ (* -2 main::x) (* -8589934592 (div main::x 4294967296)) main::sn))
server:                      (not (>= (div (+ 1 main::x) 4294967296) 1))
server:                      (>= (div (+ 1 main::x) 4294967296) 0))
server:                    (and
server:                      (<=
server:                        4294967293
server:                        (+ (* -2 main::sn) (* 4294967296 (div main::x 4294967296)) main::x))
server:                      (or
server:                        (and
server:                          (not (<= (+ (* -1 main::x) main::sn) -1))
server:                          (>= (div (+ 1 main::x) 4294967296) 0))
server:                        (and
server:                          (<= 4294967297 (+ main::x (* -1 main::sn)))
server:                          (not (>= (div (+ 1 main::x) 4294967296) 1))))
server:                      (or
server:                        (not (<= (+ (* -1 main::x) main::sn) -2))
server:                        (not (<= (+ main::x (* -1 main::sn)) 2)))
server:                      (<= 1 (+ (* -1 main::x) main::sn))
server:                      (>= (div (+ 1 main::x) 4294967296) 0)
server:                      (not (>= (div (+ 1 main::x) 4294967296) 1)))))
server:                (not
server:                  (or
server:                    (>= (+ main::sn (* -2 (mod main::x 4294967296))) 0)
server:                    (and
server:                      (<=
server:                        -4
server:                        (+ (* 8589934592 (div main::x 4294967296)) (* 2 main::x) (* -3 main::sn)))
server:                      (not (>= (div (+ 1 main::x) 4294967296) 1))
server:                      (or
server:                        (not (<= (+ main::sn (* -1 main::x)) 0))
server:                        (not (>= (+ main::sn (* -1 main::x)) 0)))
server:                      (or
server:                        (and
server:                          (not (<= (+ (* -1 main::x) main::sn) -1))
server:                          (>= (div (+ 1 main::x) 4294967296) 0))
server:                        (and
server:                          (<= 4294967297 (+ main::x (* -1 main::sn)))
server:                          (not (>= (div (+ 1 main::x) 4294967296) 1))))
server:                      (or
server:                        (not (<= (+ (* -1 main::x) main::sn) -2))
server:                        (not (<= (+ main::x (* -1 main::sn)) 2)))
server:                      (<= 1 (+ (* -1 main::x) main::sn))
server:                      (>= (div (+ 1 main::x) 4294967296) 0)
server:                      (<= 2 (+ (* -1 main::sn) (* 2 (mod main::x 4294967296)))))))
server:                (not
server:                  (or
server:                    (=
server:                      (+
server:                        (mod main::sn 4294967296)
server:                        (* -1 (mod (* 2 (mod main::x 4294967296)) 4294967296)))
server:                      0)
server:                    (= main::sn 0)))
server:                (not
server:                  (or
server:                    (<=
server:                      -1
server:                      (+
server:                        (* -4294967296 (div main::x 4294967296))
server:                        (* -1 main::x)
server:                        (* 4294967296 (div (+ 2 (* -1 main::sn)) 4294967296))))
server:                    (and
server:                      (<=
server:                        4294967293
server:                        (+ (* -2 main::sn) (* 4294967296 (div main::x 4294967296)) main::x))
server:                      (or
server:                        (and
server:                          (not (<= (+ (* -1 main::x) main::sn) -1))
server:                          (>= (div (+ 1 main::x) 4294967296) 0))
server:                        (and
server:                          (<= 4294967297 (+ main::x (* -1 main::sn)))
server:                          (not (>= (div (+ 1 main::x) 4294967296) 1))))
server:                      (or
server:                        (not (<= (+ (* -1 main::x) main::sn) -2))
server:                        (not (<= (+ main::x (* -1 main::sn)) 2)))
server:                      (<= 1 (+ (* -1 main::x) main::sn))
server:                      (>= (div (+ 1 main::x) 4294967296) 0)
server:                      (not (>= (div (+ 1 main::x) 4294967296) 1)))))
server:                (or
server:                  (not
server:                    (or
server:                      (=
server:                        (+
server:                          (mod main::sn 4294967296)
server:                          (* -1 (mod (* 2 (mod main::x 4294967296)) 4294967296)))
server:                        0)
server:                      (= main::sn 0)))
server:                  (and
server:                    (or
server:                      (=
server:                        (+
server:                          (mod main::sn 4294967296)
server:                          (* -1 (mod (* 2 (mod main::x 4294967296)) 4294967296)))
server:                        0)
server:                      (= main::sn 0))
server:                    (=
server:                      __VERIFIER_assert::cond
server:                      (ite
server:                        (or
server:                          (=
server:                            (+
server:                              (mod main::sn 4294967296)
server:                              (* -1 (mod (* 2 (mod main::x 4294967296)) 4294967296)))
server:                            0)
server:                          (= main::sn 0))
server:                        1
server:                        0))))
server:                (>= (+ main::sn (* -1 main::x)) 0)
server:                (not
server:                  (>=
server:                    (+
server:                      main::sn
server:                      (* 2147483648 (div (+ 8589934590 (* -4294967295 main::sn)) 4294967296)))
server:                    2))
server:                (not
server:                  (<= -34359738344 (+ (* 4294967293 main::sn) (* -17179869172 main::x))))
server:                (not
server:                  (<= -42949672930 (+ (* 4294967293 main::sn) (* -17179869172 main::x))))
server:                (>=
server:                  (+ (* 2 main::x) (* -1 main::sn) (* 8589934592 (div main::x 4294967296)))
server:                  0)
server:                (not (<= (+ main::sn (* -1 main::x)) -2))
server:                (not
server:                  (<= -51539607516 (+ (* 4294967293 main::sn) (* -17179869172 main::x))))
server:                (not
server:                  (<= -60129542102 (+ (* 4294967293 main::sn) (* -17179869172 main::x))))
server:                (not
server:                  (<= -68719476688 (+ (* 4294967293 main::sn) (* -17179869172 main::x))))
server:                (not
server:                  (<= -77309411274 (+ (* 4294967293 main::sn) (* -17179869172 main::x))))
server:                (>=
server:                  (+ (* 8589934592 (div main::x 4294967296)) (* -1 main::sn) (* 2 main::x))
server:                  0))
server:              (and
server:                (>= (div (+ 1 main::x) 4294967296) 0)
server:                (>= main::sn 0)
server:                (not (>= (div (+ 1 main::x) 4294967296) 1))
server:                (not (<= main::sn 0))
server:                (>= main::x 0)
server:                (not (<= main::x 0))
server:                (not (= 0 main::x))
server:                (not (= 0 __VERIFIER_assert::cond))
server:                (or
server:                  (>= (+ main::sn (* -2 (mod main::x 4294967296))) 0)
server:                  (and
server:                    (or
server:                      (<=
server:                        -4
server:                        (+ (* 8589934592 (div main::x 4294967296)) (* 2 main::x) (* -3 main::sn)))
server:                      (<=
server:                        4294967295
server:                        (+ (* -4294967296 (div main::x 4294967296)) (* -1 main::x))))
server:                    (or
server:                      (not (<= (+ main::sn (* -1 main::x)) 0))
server:                      (not (>= (+ main::sn (* -1 main::x)) 0)))
server:                    (or
server:                      (not (<= (+ (* -1 main::x) main::sn) -1))
server:                      (<= 4294967297 (+ main::x (* -1 main::sn))))
server:                    (or
server:                      (not (<= (+ (* -1 main::x) main::sn) -2))
server:                      (not (<= (+ main::x (* -1 main::sn)) 2)))
server:                    (<= 1 (+ (* -1 main::x) main::sn))
server:                    (<= 2 (+ (* -1 main::sn) (* 2 (mod main::x 4294967296))))))
server:                (iff
server:                  (not (= __VERIFIER_assert::cond 0))
server:                  (or
server:                    (=
server:                      (+
server:                        (mod main::sn 4294967296)
server:                        (* -1 (mod (* 2 (mod main::x 4294967296)) 4294967296)))
server:                      0)
server:                    (= main::sn 0)))
server:                (not
server:                  (<=
server:                    4
server:                    (+
server:                      (* 2 main::sn)
server:                      (* 4294967296 (div (+ 8589934590 (* -4294967295 main::sn)) 4294967296)))))
server:                (not
server:                  (or
server:                    (<=
server:                      -1
server:                      (+
server:                        (* -4294967296 (div main::x 4294967296))
server:                        (* -1 main::x)
server:                        (* 4294967296 (div (+ 2 (* -1 main::sn)) 4294967296))))
server:                    (and
server:                      (<=
server:                        4294967293
server:                        (+ (* -2 main::sn) (* 4294967296 (div main::x 4294967296)) main::x))
server:                      (or
server:                        (not (<= (+ (* -1 main::x) main::sn) -1))
server:                        (<= 4294967297 (+ main::x (* -1 main::sn))))
server:                      (or
server:                        (not (<= (+ (* -1 main::x) main::sn) -2))
server:                        (not (<= (+ main::x (* -1 main::sn)) 2)))
server:                      (<= 1 (+ (* -1 main::x) main::sn)))))
server:                (or
server:                  (<=
server:                    0
server:                    (+ (* -2 main::x) (* -8589934592 (div main::x 4294967296)) main::sn))
server:                  (and
server:                    (<=
server:                      4294967293
server:                      (+ (* -2 main::sn) (* 4294967296 (div main::x 4294967296)) main::x))
server:                    (or
server:                      (not (<= (+ (* -1 main::x) main::sn) -1))
server:                      (<= 4294967297 (+ main::x (* -1 main::sn))))
server:                    (or
server:                      (not (<= (+ (* -1 main::x) main::sn) -2))
server:                      (not (<= (+ main::x (* -1 main::sn)) 2)))
server:                    (<= 1 (+ (* -1 main::x) main::sn))))
server:                (not
server:                  (or
server:                    (<=
server:                      -4
server:                      (+
server:                        (* -1 main::sn)
server:                        (* -8589934592 (div main::x 4294967296))
server:                        (* -2 main::x)))
server:                    (and
server:                      (<=
server:                        4294967293
server:                        (+ (* -2 main::sn) (* 4294967296 (div main::x 4294967296)) main::x))
server:                      (or
server:                        (not (<= (+ (* -1 main::x) main::sn) -1))
server:                        (<= 4294967297 (+ main::x (* -1 main::sn))))
server:                      (or
server:                        (not (<= (+ (* -1 main::x) main::sn) -2))
server:                        (not (<= (+ main::x (* -1 main::sn)) 2)))
server:                      (<= 1 (+ (* -1 main::x) main::sn)))))
server:                (or
server:                  (not (<= (+ (* -1 main::x) main::sn) -1))
server:                  (<= 4294967297 (+ main::x (* -1 main::sn))))
server:                (<= 1 (+ (* -1 main::x) main::sn))
server:                (or
server:                  (<=
server:                    0
server:                    (+ (* 2 main::x) (* 8589934592 (div main::x 4294967296)) (* -1 main::sn)))
server:                  (<=
server:                    4294967295
server:                    (+ (* -4294967296 (div main::x 4294967296)) (* -1 main::x))))
server:                (or
server:                  (not (<= (+ main::sn (* -1 main::x)) 0))
server:                  (not (>= (+ main::sn (* -1 main::x)) 0)))
server:                (or
server:                  (not (<= (+ (* -1 main::x) main::sn) -2))
server:                  (not (<= (+ main::x (* -1 main::sn)) 2)))
server:                (or
server:                  (and
server:                    (not (<= (+ (* -1 main::x) main::sn) -1))
server:                    (>= (div (+ 1 main::x) 4294967296) 0))
server:                  (and
server:                    (<= 4294967297 (+ main::x (* -1 main::sn)))
server:                    (not (>= (div (+ 1 main::x) 4294967296) 1))))
server:                (not
server:                  (or
server:                    (<=
server:                      -4
server:                      (+
server:                        (* -1 main::sn)
server:                        (* -8589934592 (div main::x 4294967296))
server:                        (* -2 main::x)))
server:                    (and
server:                      (<=
server:                        4294967293
server:                        (+ (* -2 main::sn) (* 4294967296 (div main::x 4294967296)) main::x))
server:                      (or
server:                        (and
server:                          (not (<= (+ (* -1 main::x) main::sn) -1))
server:                          (>= (div (+ 1 main::x) 4294967296) 0))
server:                        (and
server:                          (<= 4294967297 (+ main::x (* -1 main::sn)))
server:                          (not (>= (div (+ 1 main::x) 4294967296) 1))))
server:                      (or
server:                        (not (<= (+ (* -1 main::x) main::sn) -2))
server:                        (not (<= (+ main::x (* -1 main::sn)) 2)))
server:                      (<= 1 (+ (* -1 main::x) main::sn))
server:                      (>= (div (+ 1 main::x) 4294967296) 0)
server:                      (not (>= (div (+ 1 main::x) 4294967296) 1)))))
server:                (<=
server:                  0
server:                  (+ (* 2 main::x) (* 8589934592 (div main::x 4294967296)) (* -1 main::sn)))
server:                (or
server:                  (and
server:                    (<=
server:                      0
server:                      (+ (* -2 main::x) (* -8589934592 (div main::x 4294967296)) main::sn))
server:                    (not (>= (div (+ 1 main::x) 4294967296) 1))
server:                    (>= (div (+ 1 main::x) 4294967296) 0))
server:                  (and
server:                    (<=
server:                      4294967293
server:                      (+ (* -2 main::sn) (* 4294967296 (div main::x 4294967296)) main::x))
server:                    (or
server:                      (and
server:                        (not (<= (+ (* -1 main::x) main::sn) -1))
server:                        (>= (div (+ 1 main::x) 4294967296) 0))
server:                      (and
server:                        (<= 4294967297 (+ main::x (* -1 main::sn)))
server:                        (not (>= (div (+ 1 main::x) 4294967296) 1))))
server:                    (or
server:                      (not (<= (+ (* -1 main::x) main::sn) -2))
server:                      (not (<= (+ main::x (* -1 main::sn)) 2)))
server:                    (<= 1 (+ (* -1 main::x) main::sn))
server:                    (>= (div (+ 1 main::x) 4294967296) 0)
server:                    (not (>= (div (+ 1 main::x) 4294967296) 1))))
server:                (or
server:                  (>= (+ main::sn (* -2 (mod main::x 4294967296))) 0)
server:                  (and
server:                    (<=
server:                      -4
server:                      (+ (* 8589934592 (div main::x 4294967296)) (* 2 main::x) (* -3 main::sn)))
server:                    (not (>= (div (+ 1 main::x) 4294967296) 1))
server:                    (or
server:                      (not (<= (+ main::sn (* -1 main::x)) 0))
server:                      (not (>= (+ main::sn (* -1 main::x)) 0)))
server:                    (or
server:                      (and
server:                        (not (<= (+ (* -1 main::x) main::sn) -1))
server:                        (>= (div (+ 1 main::x) 4294967296) 0))
server:                      (and
server:                        (<= 4294967297 (+ main::x (* -1 main::sn)))
server:                        (not (>= (div (+ 1 main::x) 4294967296) 1))))
server:                    (or
server:                      (not (<= (+ (* -1 main::x) main::sn) -2))
server:                      (not (<= (+ main::x (* -1 main::sn)) 2)))
server:                    (<= 1 (+ (* -1 main::x) main::sn))
server:                    (>= (div (+ 1 main::x) 4294967296) 0)
server:                    (<= 2 (+ (* -1 main::sn) (* 2 (mod main::x 4294967296))))))
server:                (or
server:                  (=
server:                    (+
server:                      (mod main::sn 4294967296)
server:                      (* -1 (mod (* 2 (mod main::x 4294967296)) 4294967296)))
server:                    0)
server:                  (= main::sn 0))
server:                (not
server:                  (or
server:                    (<=
server:                      -1
server:                      (+
server:                        (* -4294967296 (div main::x 4294967296))
server:                        (* -1 main::x)
server:                        (* 4294967296 (div (+ 2 (* -1 main::sn)) 4294967296))))
server:                    (and
server:                      (<=
server:                        4294967293
server:                        (+ (* -2 main::sn) (* 4294967296 (div main::x 4294967296)) main::x))
server:                      (or
server:                        (and
server:                          (not (<= (+ (* -1 main::x) main::sn) -1))
server:                          (>= (div (+ 1 main::x) 4294967296) 0))
server:                        (and
server:                          (<= 4294967297 (+ main::x (* -1 main::sn)))
server:                          (not (>= (div (+ 1 main::x) 4294967296) 1))))
server:                      (or
server:                        (not (<= (+ (* -1 main::x) main::sn) -2))
server:                        (not (<= (+ main::x (* -1 main::sn)) 2)))
server:                      (<= 1 (+ (* -1 main::x) main::sn))
server:                      (>= (div (+ 1 main::x) 4294967296) 0)
server:                      (not (>= (div (+ 1 main::x) 4294967296) 1)))))
server:                (or
server:                  (not
server:                    (or
server:                      (=
server:                        (+
server:                          (mod main::sn 4294967296)
server:                          (* -1 (mod (* 2 (mod main::x 4294967296)) 4294967296)))
server:                        0)
server:                      (= main::sn 0)))
server:                  (and
server:                    (or
server:                      (=
server:                        (+
server:                          (mod main::sn 4294967296)
server:                          (* -1 (mod (* 2 (mod main::x 4294967296)) 4294967296)))
server:                        0)
server:                      (= main::sn 0))
server:                    (=
server:                      __VERIFIER_assert::cond
server:                      (ite
server:                        (or
server:                          (=
server:                            (+
server:                              (mod main::sn 4294967296)
server:                              (* -1 (mod (* 2 (mod main::x 4294967296)) 4294967296)))
server:                            0)
server:                          (= main::sn 0))
server:                        1
server:                        0))))
server:                (<=
server:                  (+
server:                    (mod main::sn 4294967296)
server:                    (* -1 (mod (* 2 (mod main::x 4294967296)) 4294967296)))
server:                  0)
server:                (>=
server:                  (+
server:                    (mod main::sn 4294967296)
server:                    (* -1 (mod (* 2 (mod main::x 4294967296)) 4294967296)))
server:                  0)
server:                (>= (+ main::sn (* -1 main::x)) 0)
server:                (not
server:                  (>=
server:                    (+
server:                      main::sn
server:                      (* 2147483648 (div (+ 8589934590 (* -4294967295 main::sn)) 4294967296)))
server:                    2))
server:                (>=
server:                  (+ (* 2 main::x) (* -1 main::sn) (* 8589934592 (div main::x 4294967296)))
server:                  0)
server:                (not (<= (+ main::sn (* -1 main::x)) -2))
server:                (>=
server:                  (+ (* 8589934592 (div main::x 4294967296)) (* -1 main::sn) (* 2 main::x))
server:                  0))))] 
server:   main_error[(PredState (or
server:              false
server:              false
server:              false
server:              false
server:              false
server:              false
server:              false
server:              false
server:              (and
server:                (>= (div (+ 1 main::x) 4294967296) 0)
server:                (>= main::sn 0)
server:                (not (<= main::sn 0))
server:                (>= main::x 0)
server:                (not (<= main::x 0))
server:                (not (= 0 main::x))
server:                (= 0 __VERIFIER_assert::cond)
server:                (not
server:                  (or
server:                    (not (<= (+ (* -1 main::x) (* 4294967296 (div main::x 4294967296))) -10))
server:                    (<= 4294967296 (+ main::x (* -4294967296 (div main::x 4294967296))))))
server:                (not
server:                  (or
server:                    (>= (+ main::sn (* -2 (mod main::x 4294967296))) 0)
server:                    (and
server:                      (or
server:                        (<=
server:                          -4
server:                          (+ (* 8589934592 (div main::x 4294967296)) (* 2 main::x) (* -3 main::sn)))
server:                        (<=
server:                          4294967295
server:                          (+ (* -4294967296 (div main::x 4294967296)) (* -1 main::x))))
server:                      (or
server:                        (not (<= (+ main::sn (* -1 main::x)) 0))
server:                        (not (>= (+ main::sn (* -1 main::x)) 0)))
server:                      (or
server:                        (not (<= (+ (* -1 main::x) main::sn) -1))
server:                        (<= 4294967297 (+ main::x (* -1 main::sn))))
server:                      (or
server:                        (not (<= (+ (* -1 main::x) main::sn) -2))
server:                        (not (<= (+ main::x (* -1 main::sn)) 2)))
server:                      (<= 1 (+ (* -1 main::x) main::sn))
server:                      (<= 2 (+ (* -1 main::sn) (* 2 (mod main::x 4294967296)))))))
server:                (iff
server:                  (not (= __VERIFIER_assert::cond 0))
server:                  (or
server:                    (=
server:                      (+
server:                        (mod main::sn 4294967296)
server:                        (* -1 (mod (* 2 (mod main::x 4294967296)) 4294967296)))
server:                      0)
server:                    (= main::sn 0)))
server:                (not
server:                  (<=
server:                    4
server:                    (+
server:                      (* 2 main::sn)
server:                      (* 4294967296 (div (+ 8589934590 (* -4294967295 main::sn)) 4294967296)))))
server:                (not
server:                  (or
server:                    (<=
server:                      -1
server:                      (+
server:                        (* -4294967296 (div main::x 4294967296))
server:                        (* -1 main::x)
server:                        (* 4294967296 (div (+ 2 (* -1 main::sn)) 4294967296))))
server:                    (and
server:                      (<=
server:                        4294967293
server:                        (+ (* -2 main::sn) (* 4294967296 (div main::x 4294967296)) main::x))
server:                      (or
server:                        (not (<= (+ (* -1 main::x) main::sn) -1))
server:                        (<= 4294967297 (+ main::x (* -1 main::sn))))
server:                      (or
server:                        (not (<= (+ (* -1 main::x) main::sn) -2))
server:                        (not (<= (+ main::x (* -1 main::sn)) 2)))
server:                      (<= 1 (+ (* -1 main::x) main::sn)))))
server:                (not
server:                  (or
server:                    (<=
server:                      0
server:                      (+ (* -2 main::x) (* -8589934592 (div main::x 4294967296)) main::sn))
server:                    (and
server:                      (<=
server:                        4294967293
server:                        (+ (* -2 main::sn) (* 4294967296 (div main::x 4294967296)) main::x))
server:                      (or
server:                        (not (<= (+ (* -1 main::x) main::sn) -1))
server:                        (<= 4294967297 (+ main::x (* -1 main::sn))))
server:                      (or
server:                        (not (<= (+ (* -1 main::x) main::sn) -2))
server:                        (not (<= (+ main::x (* -1 main::sn)) 2)))
server:                      (<= 1 (+ (* -1 main::x) main::sn)))))
server:                (not
server:                  (or
server:                    (<=
server:                      -4
server:                      (+
server:                        (* -1 main::sn)
server:                        (* -8589934592 (div main::x 4294967296))
server:                        (* -2 main::x)))
server:                    (and
server:                      (<=
server:                        4294967293
server:                        (+ (* -2 main::sn) (* 4294967296 (div main::x 4294967296)) main::x))
server:                      (or
server:                        (not (<= (+ (* -1 main::x) main::sn) -1))
server:                        (<= 4294967297 (+ main::x (* -1 main::sn))))
server:                      (or
server:                        (not (<= (+ (* -1 main::x) main::sn) -2))
server:                        (not (<= (+ main::x (* -1 main::sn)) 2)))
server:                      (<= 1 (+ (* -1 main::x) main::sn)))))
server:                (or
server:                  (not (<= (+ (* -1 main::x) main::sn) -1))
server:                  (<= 4294967297 (+ main::x (* -1 main::sn))))
server:                (<= 1 (+ (* -1 main::x) main::sn))
server:                (or
server:                  (<=
server:                    0
server:                    (+ (* 2 main::x) (* 8589934592 (div main::x 4294967296)) (* -1 main::sn)))
server:                  (<=
server:                    4294967295
server:                    (+ (* -4294967296 (div main::x 4294967296)) (* -1 main::x))))
server:                (or
server:                  (not (<= (+ main::sn (* -1 main::x)) 0))
server:                  (not (>= (+ main::sn (* -1 main::x)) 0)))
server:                (or
server:                  (not (<= (+ (* -1 main::x) main::sn) -2))
server:                  (not (<= (+ main::x (* -1 main::sn)) 2)))
server:                (or
server:                  (and
server:                    (not (<= (+ (* -1 main::x) main::sn) -1))
server:                    (>= (div (+ 1 main::x) 4294967296) 0))
server:                  (and
server:                    (<= 4294967297 (+ main::x (* -1 main::sn)))
server:                    (not (>= (div (+ 1 main::x) 4294967296) 1))))
server:                (not
server:                  (or
server:                    (<=
server:                      -4
server:                      (+
server:                        (* -1 main::sn)
server:                        (* -8589934592 (div main::x 4294967296))
server:                        (* -2 main::x)))
server:                    (and
server:                      (<=
server:                        4294967293
server:                        (+ (* -2 main::sn) (* 4294967296 (div main::x 4294967296)) main::x))
server:                      (or
server:                        (and
server:                          (not (<= (+ (* -1 main::x) main::sn) -1))
server:                          (>= (div (+ 1 main::x) 4294967296) 0))
server:                        (and
server:                          (<= 4294967297 (+ main::x (* -1 main::sn)))
server:                          (not (>= (div (+ 1 main::x) 4294967296) 1))))
server:                      (or
server:                        (not (<= (+ (* -1 main::x) main::sn) -2))
server:                        (not (<= (+ main::x (* -1 main::sn)) 2)))
server:                      (<= 1 (+ (* -1 main::x) main::sn))
server:                      (>= (div (+ 1 main::x) 4294967296) 0)
server:                      (not (>= (div (+ 1 main::x) 4294967296) 1)))))
server:                (<=
server:                  0
server:                  (+ (* 2 main::x) (* 8589934592 (div main::x 4294967296)) (* -1 main::sn)))
server:                (not
server:                  (or
server:                    (and
server:                      (<=
server:                        0
server:                        (+ (* -2 main::x) (* -8589934592 (div main::x 4294967296)) main::sn))
server:                      (not (>= (div (+ 1 main::x) 4294967296) 1))
server:                      (>= (div (+ 1 main::x) 4294967296) 0))
server:                    (and
server:                      (<=
server:                        4294967293
server:                        (+ (* -2 main::sn) (* 4294967296 (div main::x 4294967296)) main::x))
server:                      (or
server:                        (and
server:                          (not (<= (+ (* -1 main::x) main::sn) -1))
server:                          (>= (div (+ 1 main::x) 4294967296) 0))
server:                        (and
server:                          (<= 4294967297 (+ main::x (* -1 main::sn)))
server:                          (not (>= (div (+ 1 main::x) 4294967296) 1))))
server:                      (or
server:                        (not (<= (+ (* -1 main::x) main::sn) -2))
server:                        (not (<= (+ main::x (* -1 main::sn)) 2)))
server:                      (<= 1 (+ (* -1 main::x) main::sn))
server:                      (>= (div (+ 1 main::x) 4294967296) 0)
server:                      (not (>= (div (+ 1 main::x) 4294967296) 1)))))
server:                (not
server:                  (or
server:                    (>= (+ main::sn (* -2 (mod main::x 4294967296))) 0)
server:                    (and
server:                      (<=
server:                        -4
server:                        (+ (* 8589934592 (div main::x 4294967296)) (* 2 main::x) (* -3 main::sn)))
server:                      (not (>= (div (+ 1 main::x) 4294967296) 1))
server:                      (or
server:                        (not (<= (+ main::sn (* -1 main::x)) 0))
server:                        (not (>= (+ main::sn (* -1 main::x)) 0)))
server:                      (or
server:                        (and
server:                          (not (<= (+ (* -1 main::x) main::sn) -1))
server:                          (>= (div (+ 1 main::x) 4294967296) 0))
server:                        (and
server:                          (<= 4294967297 (+ main::x (* -1 main::sn)))
server:                          (not (>= (div (+ 1 main::x) 4294967296) 1))))
server:                      (or
server:                        (not (<= (+ (* -1 main::x) main::sn) -2))
server:                        (not (<= (+ main::x (* -1 main::sn)) 2)))
server:                      (<= 1 (+ (* -1 main::x) main::sn))
server:                      (>= (div (+ 1 main::x) 4294967296) 0)
server:                      (<= 2 (+ (* -1 main::sn) (* 2 (mod main::x 4294967296)))))))
server:                (not
server:                  (or
server:                    (=
server:                      (+
server:                        (mod main::sn 4294967296)
server:                        (* -1 (mod (* 2 (mod main::x 4294967296)) 4294967296)))
server:                      0)
server:                    (= main::sn 0)))
server:                (not
server:                  (or
server:                    (<=
server:                      -1
server:                      (+
server:                        (* -4294967296 (div main::x 4294967296))
server:                        (* -1 main::x)
server:                        (* 4294967296 (div (+ 2 (* -1 main::sn)) 4294967296))))
server:                    (and
server:                      (<=
server:                        4294967293
server:                        (+ (* -2 main::sn) (* 4294967296 (div main::x 4294967296)) main::x))
server:                      (or
server:                        (and
server:                          (not (<= (+ (* -1 main::x) main::sn) -1))
server:                          (>= (div (+ 1 main::x) 4294967296) 0))
server:                        (and
server:                          (<= 4294967297 (+ main::x (* -1 main::sn)))
server:                          (not (>= (div (+ 1 main::x) 4294967296) 1))))
server:                      (or
server:                        (not (<= (+ (* -1 main::x) main::sn) -2))
server:                        (not (<= (+ main::x (* -1 main::sn)) 2)))
server:                      (<= 1 (+ (* -1 main::x) main::sn))
server:                      (>= (div (+ 1 main::x) 4294967296) 0)
server:                      (not (>= (div (+ 1 main::x) 4294967296) 1)))))
server:                (or
server:                  (not
server:                    (or
server:                      (=
server:                        (+
server:                          (mod main::sn 4294967296)
server:                          (* -1 (mod (* 2 (mod main::x 4294967296)) 4294967296)))
server:                        0)
server:                      (= main::sn 0)))
server:                  (and
server:                    (or
server:                      (=
server:                        (+
server:                          (mod main::sn 4294967296)
server:                          (* -1 (mod (* 2 (mod main::x 4294967296)) 4294967296)))
server:                        0)
server:                      (= main::sn 0))
server:                    (=
server:                      __VERIFIER_assert::cond
server:                      (ite
server:                        (or
server:                          (=
server:                            (+
server:                              (mod main::sn 4294967296)
server:                              (* -1 (mod (* 2 (mod main::x 4294967296)) 4294967296)))
server:                            0)
server:                          (= main::sn 0))
server:                        1
server:                        0))))
server:                (>= (+ main::sn (* -1 main::x)) 0)
server:                (not
server:                  (>=
server:                    (+
server:                      main::sn
server:                      (* 2147483648 (div (+ 8589934590 (* -4294967295 main::sn)) 4294967296)))
server:                    2))
server:                (not
server:                  (<= -34359738344 (+ (* 4294967293 main::sn) (* -17179869172 main::x))))
server:                (not
server:                  (<= -42949672930 (+ (* 4294967293 main::sn) (* -17179869172 main::x))))
server:                (>=
server:                  (+ (* 2 main::x) (* -1 main::sn) (* 8589934592 (div main::x 4294967296)))
server:                  0)
server:                (not (<= (+ main::sn (* -1 main::x)) -2))
server:                (not
server:                  (<= -51539607516 (+ (* 4294967293 main::sn) (* -17179869172 main::x))))
server:                (not
server:                  (<= -60129542102 (+ (* 4294967293 main::sn) (* -17179869172 main::x))))
server:                (not
server:                  (<= -68719476688 (+ (* 4294967293 main::sn) (* -17179869172 main::x))))
server:                (not
server:                  (<= -77309411274 (+ (* 4294967293 main::sn) (* -17179869172 main::x))))
server:                (>=
server:                  (+ (* 8589934592 (div main::x 4294967296)) (* -1 main::sn) (* 2 main::x))
server:                  0))))]
server: )
server: [INFO] Successfully wrote LocationInvariants to /dev/shm/partialResult9034709735613314687.json
server: Writing post-verification artifacts to directory /tmp/vcloud_worker_meres_on_bme-233008/run_dir_544e73b5-8ade-4d3e-a800-46d3e198f070/./output/PredCart(900, true, true) -> KInd()/PredCart(900, true, true)/12416655857519319426
Backend finished (in 285319 ms)
(SafetyResult Partial)
Caught exception: hu.bme.mit.theta.common.exception.NotSolvableException: Task is not solvable with this configuration!
Handling exception as Anything
Current configuration: XcfaConfig(inputConfig=InputConfig(inputFile=null, catFile=null, parseCtx=null, xcfaWCtx=present, propertyFile=null, property=ERROR_LOCATION, partialResult=null, frontendConfig=FrontendConfig(lbeLevel=LBE_SEQ, staticCoi=false, loopUnroll=1000, forceUnroll=-1, enableFew=false, inputType=C, specConfig=CFrontendConfig(arithmetic=efficient, architecture=ILP32)), backendConfig=BackendConfig(backend=BOUNDED, solverHome=/home/benchexec/.theta, timeoutMs=900000, softTimeoutMs=900000, inProcess=true, parseInProcess=false, inPortfolio=true, memlimit=0, disablePartialResult=true, specConfig=BoundedConfig(maxBound=0, reversed=false, cegar=false, initPrec=EMPTY, bmcConfig=BMCConfig(disable=false, nonLfPath=false, bmcSolver=Z3, validateBMCSolver=false), indConfig=InductionConfig(disable=false, indSolver=Z3, validateIndSolver=false, indMinBound=0, indFreq=1), itpConfig=InterpolationConfig(disable=true, itpSolver=Z3, validateItpSolver=false))), outputConfig=OutputConfig(versionInfo=false, enableOutput=true, resultFolder=./output/PredCart(900, true, true) -> KInd()/KInd(), acceptUnreliableSafe=false, cOutputConfig=COutputConfig(disable=true, useArr=false, useExArr=false, useRange=false), xcfaOutputConfig=XcfaOutputConfig(disable=true), chcOutputConfig=ChcOutputConfig(disable=true), witnessConfig=WitnessConfig(disable=false, svcomp=true, concretizerSolver=Z3, validateConcretizerSolver=false, inputFileForWitness=null), partialResultOutputConfig=PartialResultOutputConfig(enable=false, tempFileLocation=null), argConfig=ArgConfig(disable=true)), debugConfig=DebugConfig(debug=false, stacktrace=false, logLevel=INFO, argdebug=false, argToFile=false))
PartialResultJson: /dev/shm/partialResult9034709735613314687.json
server: Registered Legacy-Z3 SolverManager
server: Registered Z3 SolverManager
server: Registered JavaSMT SolverManager
server: Registered SMT-LIB SolverManager
server: Successfully loaded LocationInvariants from /dev/shm/partialResult9034709735613314687.json
server: Starting iteration 1
server: 	Starting BMC
server: 	Starting k-induction
server: Starting iteration 2
server: 	Starting BMC
server: 	Starting k-induction
server: Starting iteration 3
server: 	Starting BMC
server: 	Starting k-induction
server: Starting iteration 4
server: 	Starting BMC
server: 	Starting k-induction
server: Starting iteration 5
server: 	Starting BMC
server: 	Starting k-induction
server: Starting iteration 6
server: 	Starting BMC
server: 	Starting k-induction
server: Starting iteration 7
server: 	Starting BMC
server: 	Starting k-induction
server: Starting iteration 8
server: 	Starting BMC
server: 	Starting k-induction
server: Starting iteration 9
server: 	Starting BMC
server: 	Starting k-induction
server: Starting iteration 10
server: 	Starting BMC
server: 	Starting k-induction
server: Starting iteration 11
server: 	Starting BMC
server: 	Starting k-induction
server: Starting iteration 12
server: 	Starting BMC
server: 	Starting k-induction
server: Starting iteration 13
server: 	Starting BMC
server: 	Starting k-induction
server: Starting iteration 14
server: 	Starting BMC
server: 	Starting k-induction
server: Starting iteration 15
server: 	Starting BMC
server: 	Starting k-induction
server: Starting iteration 16
server: 	Starting BMC
server: 	Starting k-induction
server: Starting iteration 17
server: 	Starting BMC
server: 	Starting k-induction
server: Starting iteration 18
server: 	Starting BMC
server: 	Starting k-induction
server: Starting iteration 19
server: 	Starting BMC
server: 	Starting k-induction
server: Starting iteration 20
server: 	Starting BMC
server: 	Starting k-induction
server: Starting iteration 21
server: 	Starting BMC
server: 	Starting k-induction
server: Starting iteration 22
server: 	Starting BMC
server: 	Starting k-induction
server: Starting iteration 23
server: 	Starting BMC
server: 	Starting k-induction
server: Starting iteration 24
server: 	Starting BMC
server: 	Starting k-induction
server: Starting iteration 25
server: 	Starting BMC
server: 	Starting k-induction
server: Starting iteration 26
server: 	Starting BMC
server: 	Starting k-induction
server: Starting iteration 27
server: 	Starting BMC
server: 	Starting k-induction
server: Starting iteration 28
server: 	Starting BMC
server: 	Starting k-induction
server: Starting iteration 29
server: 	Starting BMC
server: 	Starting k-induction
server: Starting iteration 30
server: 	Starting BMC
server: 	Starting k-induction
server: Starting iteration 31
server: 	Starting BMC
server: 	Starting k-induction
server: Starting iteration 32
server: 	Starting BMC
server: 	Starting k-induction
server: Starting iteration 33
server: 	Starting BMC
server: 	Starting k-induction
server: Starting iteration 34
server: 	Starting BMC
server: 	Starting k-induction
server: Starting iteration 35
server: 	Starting BMC
server: 	Starting k-induction
server: Starting iteration 36
server: 	Starting BMC
server: 	Starting k-induction
server: Starting iteration 37
server: 	Starting BMC
server: 	Starting k-induction
server: Starting iteration 38
server: 	Starting BMC
server: 	Starting k-induction
server: Starting iteration 39
server: 	Starting BMC
server: 	Starting k-induction
server: Starting iteration 40
server: 	Starting BMC
server: 	Starting k-induction
server: Starting iteration 41
server: 	Starting BMC
server: 	Starting k-induction
server: Starting iteration 42
server: 	Starting BMC
server: 	Starting k-induction
server: Starting iteration 43
server: 	Starting BMC
server: 	Starting k-induction
server: Starting iteration 44
server: 	Starting BMC
server: 	Starting k-induction
server: Starting iteration 45
server: 	Starting BMC
server: 	Starting k-induction
server: Starting iteration 46
server: 	Starting BMC
server: CeX found in BMC step (length 46)
server: (Property unreach-call)
server: Backend finished (in 632491 ms)
server: (SafetyResult Unsafe Trace length: 46)
server: Writing post-verification artifacts to directory /tmp/vcloud_worker_meres_on_bme-233008/run_dir_544e73b5-8ade-4d3e-a800-46d3e198f070/./output/PredCart(900, true, true) -> KInd()/KInd()/9846042362407778411
(Property unreach-call)
Backend finished (in 638734 ms)
(SafetyResult Unsafe Trace length: 0)
success-result: KInd()
(Property unreach-call)
Backend finished (in 928128 ms)
(SafetyResult Unsafe Trace length: 0)
