tools/baseline/theta-start.sh sv-benchmarks/c/loop-acceleration/nested_1-2.c --svcomp --portfolio 'PredCart(900, true, true) -> KInd()' --loglevel RESULT --output-directory ./output --property sv-benchmarks/c/properties/unreach-call.prp --architecture ILP32 --memlimit 15000000000


--------------------------------------------------------------------------------


LD_LIBRARY_PATH=/tmp/vcloud_worker_meres_on_bme-233008/run_dir_e3bf4a03-35cd-4aea-9a4b-466f84e1fa75/tools/baseline/lib /usr/lib/jvm/java-17-openjdk-amd64/bin/java -Xss120m -Xmx14210m -jar /tmp/vcloud_worker_meres_on_bme-233008/run_dir_e3bf4a03-35cd-4aea-9a4b-466f84e1fa75/tools/baseline/theta.jar --svcomp --portfolio PredCart(900, true, true) -> KInd() --loglevel RESULT --output-directory ./output --property sv-benchmarks/c/properties/unreach-call.prp --architecture ILP32 --memlimit 15000000000 --input sv-benchmarks/c/loop-acceleration/nested_1-2.c --smt-home /tmp/vcloud_worker_meres_on_bme-233008/run_dir_e3bf4a03-35cd-4aea-9a4b-466f84e1fa75/tools/baseline/solvers
Arithmetic: [NONLIN_INT]
ParsingResult Success
Alias graph size: 0 -> []
PARTS: [PredCart(900, true, true), KInd()]
Current configuration: XcfaConfig(inputConfig=InputConfig(inputFile=null, catFile=null, parseCtx=null, xcfaWCtx=present, propertyFile=null, property=ERROR_LOCATION, partialResult=null, frontendConfig=FrontendConfig(lbeLevel=LBE_SEQ, staticCoi=false, loopUnroll=1000, forceUnroll=-1, enableFew=false, inputType=C, specConfig=CFrontendConfig(arithmetic=efficient, architecture=ILP32)), backendConfig=BackendConfig(backend=CEGAR, solverHome=/home/benchexec/.theta, timeoutMs=900000, softTimeoutMs=900000, inProcess=true, parseInProcess=false, inPortfolio=true, memlimit=0, disablePartialResult=false, specConfig=CegarConfig(initPrec=EMPTY, porLevel=NOPOR, porRandomSeed=0, coi=NO_COI, cexMonitor=CHECK, iterationTimeHeuristic=true, abstractorConfig=CegarAbstractorConfig(abstractionSolver=Z3, validateAbstractionSolver=false, domain=PRED_CART, maxEnum=2, search=ERR, havocMemory=false), refinerConfig=CegarRefinerConfig(refinementSolver=Z3, validateRefinementSolver=false, refinement=SEQ_ITP, exprSplitter=CONJUNCTS, pruneStrategy=LAZY))), outputConfig=OutputConfig(versionInfo=false, enableOutput=true, resultFolder=./output/PredCart(900, true, true) -> KInd()/PredCart(900, true, true), acceptUnreliableSafe=false, cOutputConfig=COutputConfig(disable=true, useArr=false, useExArr=false, useRange=false), xcfaOutputConfig=XcfaOutputConfig(disable=true), chcOutputConfig=ChcOutputConfig(disable=true), witnessConfig=WitnessConfig(disable=false, svcomp=true, concretizerSolver=Z3, validateConcretizerSolver=false, inputFileForWitness=null), partialResultOutputConfig=PartialResultOutputConfig(enable=false, tempFileLocation=null), argConfig=ArgConfig(disable=true)), debugConfig=DebugConfig(debug=false, stacktrace=false, logLevel=INFO, argdebug=false, argToFile=false))
PartialResultJson: /dev/shm/partialResult17092640163169846772.json
server: Registered Legacy-Z3 SolverManager
server: Registered Z3 SolverManager
server: Registered JavaSMT SolverManager
server: Registered SMT-LIB SolverManager
server: Successfully loaded LocationInvariants from /dev/shm/partialResult17092640163169846772.json
server: [33m[WARN] LocationInvariants are empty map. Returning null!
server: [0mConfiguration: (CegarChecker (XcfaArgAbstractor (PriorityWaitlist XcfaDistToErrComparator)) (XcfaSingleExprTraceRefiner ExprTraceSeqItpChecker XcfaPrecRefiner))
server: TimeoutMs In Cegar:900000
server: Iteration 1
server: | Checking abstraction...
server: |  |  PrecisionSize: 0
server: |  |  (Re)initializing ARG...done
server: |  |  Starting ARG: 1 nodes, 1 incomplete, 0 unsafe
server: |  |  (StopCriterion FirstCex)...
server: |  |  Building ARG...
server: |  |  Finished ARG: 7 nodes, 3 incomplete, 1 unsafe
server: | Checking abstraction done, result: (AbstractorResult Unsafe)
server: | Refining abstraction...
server: |  |  Trace length: 4
server: |  |  Checking trace...done, result: (ExprTraceStatus Infeasible)
server: |  |  Pruning from index 2...done
server: Refining abstraction done, result: (RefinerResult Spurious)
server: ! Precision DID change in this iteration
server: Iteration took 0s to run! 
server: ExplPreictor: Predicted 0.200s, Real 0.127s 
server:               Weight 1.7 -> 0.9143146982944275 
server: Iteration 2
server: | Checking abstraction...
server: |  |  PrecisionSize: 1
server: |  |  Starting ARG: 2 nodes, 1 incomplete, 0 unsafe
server: |  |  (StopCriterion FirstCex)...
server: |  |  Building ARG...
server: |  |  Finished ARG: 11 nodes, 4 incomplete, 1 unsafe
server: | Checking abstraction done, result: (AbstractorResult Unsafe)
server: | Refining abstraction...
server: |  |  Trace length: 6
server: |  |  Checking trace...done, result: (ExprTraceStatus Infeasible)
server: |  |  Pruning from index 3...done
server: Refining abstraction done, result: (RefinerResult Spurious)
server: ! Precision DID change in this iteration
server: Iteration took 0s to run! 
server: ExplPreictor: Predicted 0.084s, Real 0.166s 
server:               Weight 0.9143146982944275 -> 1.015360570406693 
server: Iteration 3
server: | Checking abstraction...
server: |  |  PrecisionSize: 2
server: |  |  Starting ARG: 4 nodes, 1 incomplete, 0 unsafe
server: |  |  (StopCriterion FirstCex)...
server: |  |  Building ARG...
server: |  |  Finished ARG: 13 nodes, 4 incomplete, 1 unsafe
server: | Checking abstraction done, result: (AbstractorResult Unsafe)
server: | Refining abstraction...
server: |  |  Trace length: 7
server: |  |  Checking trace...done, result: (ExprTraceStatus Infeasible)
server: |  |  Pruning from index 2...done
server: Refining abstraction done, result: (RefinerResult Spurious)
server: ! Precision DID change in this iteration
server: Iteration took 0s to run! 
server: ExplPreictor: Predicted 0.180s, Real 0.235s 
server:               Weight 1.015360570406693 -> 1.0290780213225106 
server: Iteration 4
server: | Checking abstraction...
server: |  |  PrecisionSize: 12
server: |  |  Starting ARG: 2 nodes, 1 incomplete, 0 unsafe
server: |  |  (StopCriterion FirstCex)...
server: |  |  Building ARG...
server: |  |  Finished ARG: 23 nodes, 5 incomplete, 1 unsafe
server: | Checking abstraction done, result: (AbstractorResult Unsafe)
server: | Refining abstraction...
server: |  |  Trace length: 12
server: |  |  Checking trace...done, result: (ExprTraceStatus Infeasible)
server: |  |  Pruning from index 2...done
server: Refining abstraction done, result: (RefinerResult Spurious)
server: ! Precision DID change in this iteration
server: Iteration took 5s to run! 
server: ExplPreictor: Predicted 0.275s, Real 5.302s 
server:               Weight 1.0290780213225106 -> 1.1855206669067615 
server: Iteration 5
server: | Checking abstraction...
server: |  |  PrecisionSize: 15
server: |  |  Starting ARG: 2 nodes, 1 incomplete, 0 unsafe
server: |  |  (StopCriterion FirstCex)...
server: |  |  Building ARG...
server: |  |  Finished ARG: 33 nodes, 5 incomplete, 1 unsafe
server: | Checking abstraction done, result: (AbstractorResult Unsafe)
server: | Refining abstraction...
server: |  |  Trace length: 17
server: |  |  Checking trace...done, result: (ExprTraceStatus Infeasible)
server: |  |  Pruning from index 4...done
server: Refining abstraction done, result: (RefinerResult Spurious)
server: ! Precision DID change in this iteration
server: Iteration took 36s to run! 
server: ExplPreictor: Predicted 26.026s, Real 42.180s 
server:               Weight 1.1855206669067615 -> 1.1140771088860186 
server: Iteration 6
server: | Checking abstraction...
server: |  |  PrecisionSize: 19
server: |  |  Starting ARG: 6 nodes, 1 incomplete, 0 unsafe
server: |  |  (StopCriterion FirstCex)...
server: |  |  Building ARG...
server: |  |  Finished ARG: 53 nodes, 7 incomplete, 1 unsafe
server: | Checking abstraction done, result: (AbstractorResult Unsafe)
server: | Refining abstraction...
server: |  |  Trace length: 27
server: |  |  Checking trace...done, result: (ExprTraceStatus Infeasible)
server: |  |  Pruning from index 2...done
server: Refining abstraction done, result: (RefinerResult Spurious)
server: ! Precision DID change in this iteration
server: Iteration took 14s to run! 
server: ExplPreictor: Predicted 142.143s, Real 56.612s 
server:               Weight 1.1140771088860186 -> 1.0329252260832225 
server: Iteration 7
server: | Checking abstraction...
server: |  |  PrecisionSize: 26
server: |  |  Starting ARG: 2 nodes, 1 incomplete, 0 unsafe
server: |  |  (StopCriterion FirstCex)...
server: |  |  Building ARG...
server: |  |  Finished ARG: 113 nodes, 9 incomplete, 1 unsafe
server: | Checking abstraction done, result: (AbstractorResult Unsafe)
server: | Refining abstraction...
server: |  |  Trace length: 57
server: |  |  Checking trace...done, result: (ExprTraceStatus Infeasible)
server: |  |  Pruning from index 4...done
server: Refining abstraction done, result: (RefinerResult Spurious)
server: ! Precision DID change in this iteration
server: Iteration took 347s to run! 
server: ExplPreictor: Predicted 81.171s, Real 404.512s 
server:               Weight 1.0329252260832225 -> 1.0641328565380124 
server: --------Iteration time heuristic predicts timeout--------
server: |  |  PrecisionSize: 26
server: |  |  Starting ARG: 6 nodes, 1 incomplete, 0 unsafe
server: |  |  (StopCriterion FullExploration)...
server: |  |  Building ARG...
server: |  |  Finished ARG: 129 nodes, 1 incomplete, 1 unsafe
server: Backend finished (in 568905 ms)
server: (SafetyResult Partial)
server: Successfully loaded LocationInvariants from /dev/shm/partialResult17092640163169846772.json
server: [33m[WARN] LocationInvariants are empty map. Returning null!
server: [0mLocationInvariants(
server:   main_final[(PredState false)] 
server:   __loc_71[(PredState (or
server:              (and
server:                (not (>= (mod main::x 4294967296) 268435455))
server:                (not (>= (mod main::y 4294967296) 10))
server:                (= 0 main::x)
server:                (<=
server:                  (+
server:                    (mod (+ 1 (mod main::x 4294967296)) 4294967296)
server:                    (* -1 (mod (+ 1 (mod main::y 4294967296)) 4294967296)))
server:                  0)
server:                (>=
server:                  (+
server:                    (mod (+ 1 (mod main::x 4294967296)) 4294967296)
server:                    (* -1 (mod (+ 1 (mod main::y 4294967296)) 4294967296)))
server:                  0)
server:                (=
server:                  (mod (+ 1 (mod main::y 4294967296)) 4294967296)
server:                  (mod (+ 1 (mod main::x 4294967296)) 4294967296))
server:                (not (= main::y (mod (+ 1 (mod main::x 4294967296)) 4294967296)))
server:                (not
server:                  (<= 0 (+ (* -1 (mod (+ 1 (mod main::x 4294967296)) 4294967296)) main::y)))
server:                (<= 0 (+ (mod (+ 1 (mod main::x 4294967296)) 4294967296) (* -1 main::y)))
server:                (or
server:                  (and
server:                    (<=
server:                      0
server:                      (+ main::y (* -1 (mod (mod (mod main::x 4294967296) 2) 4294967296))))
server:                    (>= (+ (mod main::x 4294967296) (* -1 (mod main::y 4294967296))) 0))
server:                  (<= (mod (mod main::x 4294967296) 2) 0))
server:                (or
server:                  (and
server:                    (<=
server:                      0
server:                      (+ (* -1 main::y) (mod (mod (mod main::x 4294967296) 2) 4294967296)))
server:                    (<= (+ (mod main::x 4294967296) (* -1 (mod main::y 4294967296))) 0))
server:                  (<= (mod (mod main::x 4294967296) 2) 0))
server:                (= 0 main::y)
server:                (<= (mod (mod main::x 4294967296) 2) 0)
server:                (not (>= (mod main::x 4294967296) 10))
server:                (not
server:                  (>= (+ main::y (* -1 (mod (+ 1 (mod main::x 4294967296)) 4294967296))) 0))
server:                (<= (+ main::y (* -1 (mod (+ 1 (mod main::x 4294967296)) 4294967296))) 0)
server:                (not
server:                  (>=
server:                    (mod (+ 1 (mod (+ 1 (mod main::x 4294967296)) 4294967296)) 4294967296)
server:                    10))
server:                (not (>= (mod (+ 1 (mod main::x 4294967296)) 4294967296) 10))
server:                (not (<= 1 main::y))
server:                (<= main::y 1)
server:                (not (= 1 (mod (mod main::x 4294967296) 2)))
server:                (=
server:                  (mod (+ 1 (mod main::x 4294967296)) 4294967296)
server:                  (mod (+ 1 (mod (mod (mod main::x 4294967296) 2) 4294967296)) 4294967296))
server:                (not (= 2 (mod main::x 4294967296)))
server:                (not
server:                  (>=
server:                    (mod (+ 1 (mod (+ 1 (mod main::y 4294967296)) 4294967296)) 4294967296)
server:                    10))
server:                (not (>= (mod (+ 1 (mod main::y 4294967296)) 4294967296) 10)))
server:              false
server:              false
server:              false
server:              false
server:              false
server:              (and
server:                (not (>= (mod main::x 4294967296) 268435455))
server:                (>= (mod main::y 4294967296) 10)
server:                (not (= 0 main::x))
server:                (<=
server:                  (+
server:                    (mod (+ 1 (mod main::x 4294967296)) 4294967296)
server:                    (* -1 (mod (+ 1 (mod main::y 4294967296)) 4294967296)))
server:                  0)
server:                (not
server:                  (>=
server:                    (+
server:                      (mod (+ 1 (mod main::x 4294967296)) 4294967296)
server:                      (* -1 (mod (+ 1 (mod main::y 4294967296)) 4294967296)))
server:                    0))
server:                (not
server:                  (=
server:                    (mod (+ 1 (mod main::y 4294967296)) 4294967296)
server:                    (mod (+ 1 (mod main::x 4294967296)) 4294967296)))
server:                (not (= main::y (mod (+ 1 (mod main::x 4294967296)) 4294967296)))
server:                (<= 0 (+ (* -1 (mod (+ 1 (mod main::x 4294967296)) 4294967296)) main::y))
server:                (not
server:                  (<= 0 (+ (mod (+ 1 (mod main::x 4294967296)) 4294967296) (* -1 main::y))))
server:                (not
server:                  (or
server:                    (and
server:                      (<=
server:                        0
server:                        (+ main::y (* -1 (mod (mod (mod main::x 4294967296) 2) 4294967296))))
server:                      (>= (+ (mod main::x 4294967296) (* -1 (mod main::y 4294967296))) 0))
server:                    (<= (mod (mod main::x 4294967296) 2) 0)))
server:                (not
server:                  (or
server:                    (and
server:                      (<=
server:                        0
server:                        (+ (* -1 main::y) (mod (mod (mod main::x 4294967296) 2) 4294967296)))
server:                      (<= (+ (mod main::x 4294967296) (* -1 (mod main::y 4294967296))) 0))
server:                    (<= (mod (mod main::x 4294967296) 2) 0)))
server:                (not (= 0 main::y))
server:                (not (<= (mod (mod main::x 4294967296) 2) 0))
server:                (not (>= (mod main::x 4294967296) 10))
server:                (>= (+ main::y (* -1 (mod (+ 1 (mod main::x 4294967296)) 4294967296))) 0)
server:                (not
server:                  (<= (+ main::y (* -1 (mod (+ 1 (mod main::x 4294967296)) 4294967296))) 0))
server:                (not
server:                  (>=
server:                    (mod (+ 1 (mod (+ 1 (mod main::x 4294967296)) 4294967296)) 4294967296)
server:                    10))
server:                (not (>= (mod (+ 1 (mod main::x 4294967296)) 4294967296) 10))
server:                (<= 1 main::y)
server:                (not (<= main::y 1))
server:                (= 1 (mod (mod main::x 4294967296) 2))
server:                (=
server:                  (mod (+ 1 (mod main::x 4294967296)) 4294967296)
server:                  (mod (+ 1 (mod (mod (mod main::x 4294967296) 2) 4294967296)) 4294967296))
server:                (not (= 2 (mod main::x 4294967296)))
server:                (>= (mod (+ 1 (mod main::y 4294967296)) 4294967296) 10))
server:              false
server:              false
server:              false
server:              false
server:              false
server:              false
server:              (and
server:                (not (>= (mod main::x 4294967296) 268435455))
server:                (>= (mod main::y 4294967296) 10)
server:                (not (= 0 main::x))
server:                (<=
server:                  (+
server:                    (mod (+ 1 (mod main::x 4294967296)) 4294967296)
server:                    (* -1 (mod (+ 1 (mod main::y 4294967296)) 4294967296)))
server:                  0)
server:                (not
server:                  (>=
server:                    (+
server:                      (mod (+ 1 (mod main::x 4294967296)) 4294967296)
server:                      (* -1 (mod (+ 1 (mod main::y 4294967296)) 4294967296)))
server:                    0))
server:                (not
server:                  (=
server:                    (mod (+ 1 (mod main::y 4294967296)) 4294967296)
server:                    (mod (+ 1 (mod main::x 4294967296)) 4294967296)))
server:                (not (= main::y (mod (+ 1 (mod main::x 4294967296)) 4294967296)))
server:                (<= 0 (+ (* -1 (mod (+ 1 (mod main::x 4294967296)) 4294967296)) main::y))
server:                (not
server:                  (<= 0 (+ (mod (+ 1 (mod main::x 4294967296)) 4294967296) (* -1 main::y))))
server:                (or
server:                  (and
server:                    (<=
server:                      0
server:                      (+ main::y (* -1 (mod (mod (mod main::x 4294967296) 2) 4294967296))))
server:                    (>= (+ (mod main::x 4294967296) (* -1 (mod main::y 4294967296))) 0))
server:                  (<= (mod (mod main::x 4294967296) 2) 0))
server:                (or
server:                  (and
server:                    (<=
server:                      0
server:                      (+ (* -1 main::y) (mod (mod (mod main::x 4294967296) 2) 4294967296)))
server:                    (<= (+ (mod main::x 4294967296) (* -1 (mod main::y 4294967296))) 0))
server:                  (<= (mod (mod main::x 4294967296) 2) 0))
server:                (not (= 0 main::y))
server:                (<= (mod (mod main::x 4294967296) 2) 0)
server:                (not (>= (mod main::x 4294967296) 10))
server:                (>= (+ main::y (* -1 (mod (+ 1 (mod main::x 4294967296)) 4294967296))) 0)
server:                (not
server:                  (<= (+ main::y (* -1 (mod (+ 1 (mod main::x 4294967296)) 4294967296))) 0))
server:                (not
server:                  (>=
server:                    (mod (+ 1 (mod (+ 1 (mod main::x 4294967296)) 4294967296)) 4294967296)
server:                    10))
server:                (not (>= (mod (+ 1 (mod main::x 4294967296)) 4294967296) 10))
server:                (<= 1 main::y)
server:                (not (<= main::y 1))
server:                (not (= 1 (mod (mod main::x 4294967296) 2)))
server:                (not
server:                  (=
server:                    (mod (+ 1 (mod main::x 4294967296)) 4294967296)
server:                    (mod (+ 1 (mod (mod (mod main::x 4294967296) 2) 4294967296)) 4294967296)))
server:                (= 2 (mod main::x 4294967296))
server:                (>= (mod (+ 1 (mod main::y 4294967296)) 4294967296) 10))
server:              false
server:              false
server:              false
server:              false
server:              false
server:              false
server:              false
server:              (and
server:                (not (>= (mod main::x 4294967296) 268435455))
server:                (>= (mod main::y 4294967296) 10)
server:                (not (= 0 main::x))
server:                (<=
server:                  (+
server:                    (mod (+ 1 (mod main::x 4294967296)) 4294967296)
server:                    (* -1 (mod (+ 1 (mod main::y 4294967296)) 4294967296)))
server:                  0)
server:                (not
server:                  (>=
server:                    (+
server:                      (mod (+ 1 (mod main::x 4294967296)) 4294967296)
server:                      (* -1 (mod (+ 1 (mod main::y 4294967296)) 4294967296)))
server:                    0))
server:                (not
server:                  (=
server:                    (mod (+ 1 (mod main::y 4294967296)) 4294967296)
server:                    (mod (+ 1 (mod main::x 4294967296)) 4294967296)))
server:                (not (= main::y (mod (+ 1 (mod main::x 4294967296)) 4294967296)))
server:                (<= 0 (+ (* -1 (mod (+ 1 (mod main::x 4294967296)) 4294967296)) main::y))
server:                (not
server:                  (<= 0 (+ (mod (+ 1 (mod main::x 4294967296)) 4294967296) (* -1 main::y))))
server:                (not
server:                  (or
server:                    (and
server:                      (<=
server:                        0
server:                        (+ main::y (* -1 (mod (mod (mod main::x 4294967296) 2) 4294967296))))
server:                      (>= (+ (mod main::x 4294967296) (* -1 (mod main::y 4294967296))) 0))
server:                    (<= (mod (mod main::x 4294967296) 2) 0)))
server:                (not
server:                  (or
server:                    (and
server:                      (<=
server:                        0
server:                        (+ (* -1 main::y) (mod (mod (mod main::x 4294967296) 2) 4294967296)))
server:                      (<= (+ (mod main::x 4294967296) (* -1 (mod main::y 4294967296))) 0))
server:                    (<= (mod (mod main::x 4294967296) 2) 0)))
server:                (not (= 0 main::y))
server:                (not (<= (mod (mod main::x 4294967296) 2) 0))
server:                (not (>= (mod main::x 4294967296) 10))
server:                (>= (+ main::y (* -1 (mod (+ 1 (mod main::x 4294967296)) 4294967296))) 0)
server:                (not
server:                  (<= (+ main::y (* -1 (mod (+ 1 (mod main::x 4294967296)) 4294967296))) 0))
server:                (not
server:                  (>=
server:                    (mod (+ 1 (mod (+ 1 (mod main::x 4294967296)) 4294967296)) 4294967296)
server:                    10))
server:                (not (>= (mod (+ 1 (mod main::x 4294967296)) 4294967296) 10))
server:                (<= 1 main::y)
server:                (not (<= main::y 1))
server:                (= 1 (mod (mod main::x 4294967296) 2))
server:                (not
server:                  (=
server:                    (mod (+ 1 (mod main::x 4294967296)) 4294967296)
server:                    (mod (+ 1 (mod (mod (mod main::x 4294967296) 2) 4294967296)) 4294967296)))
server:                (not (= 2 (mod main::x 4294967296)))
server:                (>= (mod (+ 1 (mod main::y 4294967296)) 4294967296) 10))
server:              false
server:              false
server:              false
server:              false
server:              false
server:              false
server:              (and
server:                (not (>= (mod main::x 4294967296) 268435455))
server:                (>= (mod main::y 4294967296) 10)
server:                (not (= 0 main::x))
server:                (not
server:                  (=
server:                    (mod (+ 1 (mod main::y 4294967296)) 4294967296)
server:                    (mod (+ 1 (mod main::x 4294967296)) 4294967296)))
server:                (not (= main::y (mod (+ 1 (mod main::x 4294967296)) 4294967296)))
server:                (<= 0 (+ (* -1 (mod (+ 1 (mod main::x 4294967296)) 4294967296)) main::y))
server:                (not
server:                  (<= 0 (+ (mod (+ 1 (mod main::x 4294967296)) 4294967296) (* -1 main::y))))
server:                (or
server:                  (and
server:                    (<=
server:                      0
server:                      (+ main::y (* -1 (mod (mod (mod main::x 4294967296) 2) 4294967296))))
server:                    (>= (+ (mod main::x 4294967296) (* -1 (mod main::y 4294967296))) 0))
server:                  (<= (mod (mod main::x 4294967296) 2) 0))
server:                (or
server:                  (and
server:                    (<=
server:                      0
server:                      (+ (* -1 main::y) (mod (mod (mod main::x 4294967296) 2) 4294967296)))
server:                    (<= (+ (mod main::x 4294967296) (* -1 (mod main::y 4294967296))) 0))
server:                  (<= (mod (mod main::x 4294967296) 2) 0))
server:                (not (= 0 main::y))
server:                (<= (mod (mod main::x 4294967296) 2) 0)
server:                (not (>= (mod main::x 4294967296) 10))
server:                (>= (+ main::y (* -1 (mod (+ 1 (mod main::x 4294967296)) 4294967296))) 0)
server:                (not
server:                  (<= (+ main::y (* -1 (mod (+ 1 (mod main::x 4294967296)) 4294967296))) 0))
server:                (not (>= (mod (+ 1 (mod main::x 4294967296)) 4294967296) 10))
server:                (<= 1 main::y)
server:                (not (<= main::y 1))
server:                (not (= 1 (mod (mod main::x 4294967296) 2)))
server:                (not
server:                  (=
server:                    (mod (+ 1 (mod main::x 4294967296)) 4294967296)
server:                    (mod (+ 1 (mod (mod (mod main::x 4294967296) 2) 4294967296)) 4294967296)))
server:                (not (= 2 (mod main::x 4294967296))))
server:              false
server:              false
server:              false
server:              false
server:              false
server:              (and
server:                (not (>= (mod main::x 4294967296) 268435455))
server:                (>= (mod main::y 4294967296) 10)
server:                (not (= 0 main::x))
server:                (not
server:                  (=
server:                    (mod (+ 1 (mod main::y 4294967296)) 4294967296)
server:                    (mod (+ 1 (mod main::x 4294967296)) 4294967296)))
server:                (<= 0 (+ (* -1 (mod (+ 1 (mod main::x 4294967296)) 4294967296)) main::y))
server:                (not
server:                  (or
server:                    (and
server:                      (<=
server:                        0
server:                        (+ main::y (* -1 (mod (mod (mod main::x 4294967296) 2) 4294967296))))
server:                      (>= (+ (mod main::x 4294967296) (* -1 (mod main::y 4294967296))) 0))
server:                    (<= (mod (mod main::x 4294967296) 2) 0)))
server:                (not
server:                  (or
server:                    (and
server:                      (<=
server:                        0
server:                        (+ (* -1 main::y) (mod (mod (mod main::x 4294967296) 2) 4294967296)))
server:                      (<= (+ (mod main::x 4294967296) (* -1 (mod main::y 4294967296))) 0))
server:                    (<= (mod (mod main::x 4294967296) 2) 0)))
server:                (not (= 0 main::y))
server:                (not (<= (mod (mod main::x 4294967296) 2) 0))
server:                (not (>= (mod main::x 4294967296) 10))
server:                (>= (+ main::y (* -1 (mod (+ 1 (mod main::x 4294967296)) 4294967296))) 0)
server:                (<= 1 main::y)
server:                (not (<= main::y 1))
server:                (= 1 (mod (mod main::x 4294967296) 2))
server:                (not
server:                  (=
server:                    (mod (+ 1 (mod main::x 4294967296)) 4294967296)
server:                    (mod (+ 1 (mod (mod (mod main::x 4294967296) 2) 4294967296)) 4294967296)))
server:                (not (= 2 (mod main::x 4294967296))))
server:              false
server:              false
server:              false
server:              false
server:              false
server:              (and
server:                (not (>= (mod main::x 4294967296) 268435455))
server:                (>= (mod main::y 4294967296) 10)
server:                (not (= 0 main::x))
server:                (or
server:                  (and
server:                    (<=
server:                      0
server:                      (+ main::y (* -1 (mod (mod (mod main::x 4294967296) 2) 4294967296))))
server:                    (>= (+ (mod main::x 4294967296) (* -1 (mod main::y 4294967296))) 0))
server:                  (<= (mod (mod main::x 4294967296) 2) 0))
server:                (or
server:                  (and
server:                    (<=
server:                      0
server:                      (+ (* -1 main::y) (mod (mod (mod main::x 4294967296) 2) 4294967296)))
server:                    (<= (+ (mod main::x 4294967296) (* -1 (mod main::y 4294967296))) 0))
server:                  (<= (mod (mod main::x 4294967296) 2) 0))
server:                (not (= 0 main::y))
server:                (<= (mod (mod main::x 4294967296) 2) 0)
server:                (<= 1 main::y)
server:                (not (<= main::y 1))
server:                (not (= 1 (mod (mod main::x 4294967296) 2)))
server:                (not
server:                  (=
server:                    (mod (+ 1 (mod main::x 4294967296)) 4294967296)
server:                    (mod (+ 1 (mod (mod (mod main::x 4294967296) 2) 4294967296)) 4294967296)))
server:                (not (= 2 (mod main::x 4294967296))))
server:              false
server:              false
server:              false
server:              false
server:              false
server:              (and
server:                (>= (mod main::y 4294967296) 10)
server:                (not (= 0 main::x))
server:                (not
server:                  (or
server:                    (and
server:                      (<=
server:                        0
server:                        (+ (* -1 main::y) (mod (mod (mod main::x 4294967296) 2) 4294967296)))
server:                      (<= (+ (mod main::x 4294967296) (* -1 (mod main::y 4294967296))) 0))
server:                    (<= (mod (mod main::x 4294967296) 2) 0)))
server:                (not (= 0 main::y))
server:                (not (<= (mod (mod main::x 4294967296) 2) 0))
server:                (<= 1 main::y)
server:                (not (<= main::y 1))
server:                (= 1 (mod (mod main::x 4294967296) 2))
server:                (not
server:                  (=
server:                    (mod (+ 1 (mod main::x 4294967296)) 4294967296)
server:                    (mod (+ 1 (mod (mod (mod main::x 4294967296) 2) 4294967296)) 4294967296)))
server:                (not (= 2 (mod main::x 4294967296))))
server:              false
server:              false
server:              false
server:              false
server:              false
server:              (and
server:                (not (>= (mod main::x 4294967296) 268435455))
server:                (>= (mod main::y 4294967296) 10)
server:                (not (= 0 main::x))
server:                (or
server:                  (and
server:                    (<=
server:                      0
server:                      (+ main::y (* -1 (mod (mod (mod main::x 4294967296) 2) 4294967296))))
server:                    (>= (+ (mod main::x 4294967296) (* -1 (mod main::y 4294967296))) 0))
server:                  (<= (mod (mod main::x 4294967296) 2) 0))
server:                (or
server:                  (and
server:                    (<=
server:                      0
server:                      (+ (* -1 main::y) (mod (mod (mod main::x 4294967296) 2) 4294967296)))
server:                    (<= (+ (mod main::x 4294967296) (* -1 (mod main::y 4294967296))) 0))
server:                  (<= (mod (mod main::x 4294967296) 2) 0))
server:                (not (= 0 main::y))
server:                (<= (mod (mod main::x 4294967296) 2) 0)
server:                (<= 1 main::y)
server:                (not (<= main::y 1))
server:                (not (= 1 (mod (mod main::x 4294967296) 2)))
server:                (not
server:                  (=
server:                    (mod (+ 1 (mod main::x 4294967296)) 4294967296)
server:                    (mod (+ 1 (mod (mod (mod main::x 4294967296) 2) 4294967296)) 4294967296)))
server:                (not (= 2 (mod main::x 4294967296))))
server:              (and
server:                (not (>= (mod main::x 4294967296) 268435455))
server:                (>= (mod main::y 4294967296) 10)
server:                (not (= 0 main::x))
server:                (or
server:                  (and
server:                    (<=
server:                      0
server:                      (+ main::y (* -1 (mod (mod (mod main::x 4294967296) 2) 4294967296))))
server:                    (>= (+ (mod main::x 4294967296) (* -1 (mod main::y 4294967296))) 0))
server:                  (<= (mod (mod main::x 4294967296) 2) 0))
server:                (or
server:                  (and
server:                    (<=
server:                      0
server:                      (+ (* -1 main::y) (mod (mod (mod main::x 4294967296) 2) 4294967296)))
server:                    (<= (+ (mod main::x 4294967296) (* -1 (mod main::y 4294967296))) 0))
server:                  (<= (mod (mod main::x 4294967296) 2) 0))
server:                (not (= 0 main::y))
server:                (<= (mod (mod main::x 4294967296) 2) 0)
server:                (<= 1 main::y)
server:                (not (<= main::y 1))
server:                (not (= 1 (mod (mod main::x 4294967296) 2)))
server:                (not
server:                  (=
server:                    (mod (+ 1 (mod main::x 4294967296)) 4294967296)
server:                    (mod (+ 1 (mod (mod (mod main::x 4294967296) 2) 4294967296)) 4294967296)))
server:                (not (= 2 (mod main::x 4294967296))))
server:              (and
server:                (>= (mod main::y 4294967296) 10)
server:                (not (= 0 main::x))
server:                (not
server:                  (or
server:                    (and
server:                      (<=
server:                        0
server:                        (+ (* -1 main::y) (mod (mod (mod main::x 4294967296) 2) 4294967296)))
server:                      (<= (+ (mod main::x 4294967296) (* -1 (mod main::y 4294967296))) 0))
server:                    (<= (mod (mod main::x 4294967296) 2) 0)))
server:                (not (= 0 main::y))
server:                (not (<= (mod (mod main::x 4294967296) 2) 0))
server:                (<= 1 main::y)
server:                (not (<= main::y 1))
server:                (= 1 (mod (mod main::x 4294967296) 2))
server:                (not
server:                  (=
server:                    (mod (+ 1 (mod main::x 4294967296)) 4294967296)
server:                    (mod (+ 1 (mod (mod (mod main::x 4294967296) 2) 4294967296)) 4294967296)))
server:                (not (= 2 (mod main::x 4294967296))))))] 
server:   __loc_87[(PredState (or
server:              (and
server:                (not (>= (mod main::x 4294967296) 268435455))
server:                (not (>= (mod main::y 4294967296) 10))
server:                (= 0 main::x)
server:                (<=
server:                  (+
server:                    (mod (+ 1 (mod main::x 4294967296)) 4294967296)
server:                    (* -1 (mod (+ 1 (mod main::y 4294967296)) 4294967296)))
server:                  0)
server:                (>=
server:                  (+
server:                    (mod (+ 1 (mod main::x 4294967296)) 4294967296)
server:                    (* -1 (mod (+ 1 (mod main::y 4294967296)) 4294967296)))
server:                  0)
server:                (=
server:                  (mod (+ 1 (mod main::y 4294967296)) 4294967296)
server:                  (mod (+ 1 (mod main::x 4294967296)) 4294967296))
server:                (not (= main::y (mod (+ 1 (mod main::x 4294967296)) 4294967296)))
server:                (not
server:                  (<= 0 (+ (* -1 (mod (+ 1 (mod main::x 4294967296)) 4294967296)) main::y)))
server:                (<= 0 (+ (mod (+ 1 (mod main::x 4294967296)) 4294967296) (* -1 main::y)))
server:                (or
server:                  (and
server:                    (<=
server:                      0
server:                      (+ main::y (* -1 (mod (mod (mod main::x 4294967296) 2) 4294967296))))
server:                    (>= (+ (mod main::x 4294967296) (* -1 (mod main::y 4294967296))) 0))
server:                  (<= (mod (mod main::x 4294967296) 2) 0))
server:                (or
server:                  (and
server:                    (<=
server:                      0
server:                      (+ (* -1 main::y) (mod (mod (mod main::x 4294967296) 2) 4294967296)))
server:                    (<= (+ (mod main::x 4294967296) (* -1 (mod main::y 4294967296))) 0))
server:                  (<= (mod (mod main::x 4294967296) 2) 0))
server:                (= 0 main::y)
server:                (<= (mod (mod main::x 4294967296) 2) 0)
server:                (not (>= (mod main::x 4294967296) 10))
server:                (not
server:                  (>= (+ main::y (* -1 (mod (+ 1 (mod main::x 4294967296)) 4294967296))) 0))
server:                (<= (+ main::y (* -1 (mod (+ 1 (mod main::x 4294967296)) 4294967296))) 0)
server:                (not
server:                  (>=
server:                    (mod (+ 1 (mod (+ 1 (mod main::x 4294967296)) 4294967296)) 4294967296)
server:                    10))
server:                (not (>= (mod (+ 1 (mod main::x 4294967296)) 4294967296) 10))
server:                (not (<= 1 main::y))
server:                (<= main::y 1)
server:                (not (= 1 (mod (mod main::x 4294967296) 2)))
server:                (=
server:                  (mod (+ 1 (mod main::x 4294967296)) 4294967296)
server:                  (mod (+ 1 (mod (mod (mod main::x 4294967296) 2) 4294967296)) 4294967296))
server:                (not (= 2 (mod main::x 4294967296)))
server:                (not
server:                  (>=
server:                    (mod (+ 1 (mod (+ 1 (mod main::y 4294967296)) 4294967296)) 4294967296)
server:                    10))
server:                (not (>= (mod (+ 1 (mod main::y 4294967296)) 4294967296) 10)))
server:              (and
server:                (not (>= (mod main::x 4294967296) 268435455))
server:                (not (>= (mod main::y 4294967296) 10))
server:                (= 0 main::x)
server:                (<=
server:                  (+
server:                    (mod (+ 1 (mod main::x 4294967296)) 4294967296)
server:                    (* -1 (mod (+ 1 (mod main::y 4294967296)) 4294967296)))
server:                  0)
server:                (not
server:                  (>=
server:                    (+
server:                      (mod (+ 1 (mod main::x 4294967296)) 4294967296)
server:                      (* -1 (mod (+ 1 (mod main::y 4294967296)) 4294967296)))
server:                    0))
server:                (not
server:                  (=
server:                    (mod (+ 1 (mod main::y 4294967296)) 4294967296)
server:                    (mod (+ 1 (mod main::x 4294967296)) 4294967296)))
server:                (= main::y (mod (+ 1 (mod main::x 4294967296)) 4294967296))
server:                (<= 0 (+ (* -1 (mod (+ 1 (mod main::x 4294967296)) 4294967296)) main::y))
server:                (<= 0 (+ (mod (+ 1 (mod main::x 4294967296)) 4294967296) (* -1 main::y)))
server:                (or
server:                  (and
server:                    (<=
server:                      0
server:                      (+ main::y (* -1 (mod (mod (mod main::x 4294967296) 2) 4294967296))))
server:                    (>= (+ (mod main::x 4294967296) (* -1 (mod main::y 4294967296))) 0))
server:                  (<= (mod (mod main::x 4294967296) 2) 0))
server:                (or
server:                  (and
server:                    (<=
server:                      0
server:                      (+ (* -1 main::y) (mod (mod (mod main::x 4294967296) 2) 4294967296)))
server:                    (<= (+ (mod main::x 4294967296) (* -1 (mod main::y 4294967296))) 0))
server:                  (<= (mod (mod main::x 4294967296) 2) 0))
server:                (not (= 0 main::y))
server:                (<= (mod (mod main::x 4294967296) 2) 0)
server:                (not (>= (mod main::x 4294967296) 10))
server:                (>= (+ main::y (* -1 (mod (+ 1 (mod main::x 4294967296)) 4294967296))) 0)
server:                (<= (+ main::y (* -1 (mod (+ 1 (mod main::x 4294967296)) 4294967296))) 0)
server:                (not
server:                  (>=
server:                    (mod (+ 1 (mod (+ 1 (mod main::x 4294967296)) 4294967296)) 4294967296)
server:                    10))
server:                (not (>= (mod (+ 1 (mod main::x 4294967296)) 4294967296) 10))
server:                (<= 1 main::y)
server:                (<= main::y 1)
server:                (not (= 1 (mod (mod main::x 4294967296) 2)))
server:                (=
server:                  (mod (+ 1 (mod main::x 4294967296)) 4294967296)
server:                  (mod (+ 1 (mod (mod (mod main::x 4294967296) 2) 4294967296)) 4294967296))
server:                (not (= 2 (mod main::x 4294967296)))
server:                (not
server:                  (>=
server:                    (mod (+ 1 (mod (+ 1 (mod main::y 4294967296)) 4294967296)) 4294967296)
server:                    10))
server:                (not (>= (mod (+ 1 (mod main::y 4294967296)) 4294967296) 10)))
server:              (and
server:                (not (>= (mod main::x 4294967296) 268435455))
server:                (not (>= (mod main::y 4294967296) 10))
server:                (= 0 main::x)
server:                (<=
server:                  (+
server:                    (mod (+ 1 (mod main::x 4294967296)) 4294967296)
server:                    (* -1 (mod (+ 1 (mod main::y 4294967296)) 4294967296)))
server:                  0)
server:                (not
server:                  (>=
server:                    (+
server:                      (mod (+ 1 (mod main::x 4294967296)) 4294967296)
server:                      (* -1 (mod (+ 1 (mod main::y 4294967296)) 4294967296)))
server:                    0))
server:                (not
server:                  (=
server:                    (mod (+ 1 (mod main::y 4294967296)) 4294967296)
server:                    (mod (+ 1 (mod main::x 4294967296)) 4294967296)))
server:                (not (= main::y (mod (+ 1 (mod main::x 4294967296)) 4294967296)))
server:                (<= 0 (+ (* -1 (mod (+ 1 (mod main::x 4294967296)) 4294967296)) main::y))
server:                (not
server:                  (<= 0 (+ (mod (+ 1 (mod main::x 4294967296)) 4294967296) (* -1 main::y))))
server:                (or
server:                  (and
server:                    (<=
server:                      0
server:                      (+ main::y (* -1 (mod (mod (mod main::x 4294967296) 2) 4294967296))))
server:                    (>= (+ (mod main::x 4294967296) (* -1 (mod main::y 4294967296))) 0))
server:                  (<= (mod (mod main::x 4294967296) 2) 0))
server:                (or
server:                  (and
server:                    (<=
server:                      0
server:                      (+ (* -1 main::y) (mod (mod (mod main::x 4294967296) 2) 4294967296)))
server:                    (<= (+ (mod main::x 4294967296) (* -1 (mod main::y 4294967296))) 0))
server:                  (<= (mod (mod main::x 4294967296) 2) 0))
server:                (not (= 0 main::y))
server:                (<= (mod (mod main::x 4294967296) 2) 0)
server:                (not (>= (mod main::x 4294967296) 10))
server:                (>= (+ main::y (* -1 (mod (+ 1 (mod main::x 4294967296)) 4294967296))) 0)
server:                (not
server:                  (<= (+ main::y (* -1 (mod (+ 1 (mod main::x 4294967296)) 4294967296))) 0))
server:                (not
server:                  (>=
server:                    (mod (+ 1 (mod (+ 1 (mod main::x 4294967296)) 4294967296)) 4294967296)
server:                    10))
server:                (not (>= (mod (+ 1 (mod main::x 4294967296)) 4294967296) 10))
server:                (<= 1 main::y)
server:                (not (<= main::y 1))
server:                (not (= 1 (mod (mod main::x 4294967296) 2)))
server:                (=
server:                  (mod (+ 1 (mod main::x 4294967296)) 4294967296)
server:                  (mod (+ 1 (mod (mod (mod main::x 4294967296) 2) 4294967296)) 4294967296))
server:                (not (= 2 (mod main::x 4294967296)))
server:                (not
server:                  (>=
server:                    (mod (+ 1 (mod (+ 1 (mod main::y 4294967296)) 4294967296)) 4294967296)
server:                    10))
server:                (not (>= (mod (+ 1 (mod main::y 4294967296)) 4294967296) 10)))
server:              (and
server:                (not (>= (mod main::x 4294967296) 268435455))
server:                (not (>= (mod main::y 4294967296) 10))
server:                (= 0 main::x)
server:                (<=
server:                  (+
server:                    (mod (+ 1 (mod main::x 4294967296)) 4294967296)
server:                    (* -1 (mod (+ 1 (mod main::y 4294967296)) 4294967296)))
server:                  0)
server:                (not
server:                  (>=
server:                    (+
server:                      (mod (+ 1 (mod main::x 4294967296)) 4294967296)
server:                      (* -1 (mod (+ 1 (mod main::y 4294967296)) 4294967296)))
server:                    0))
server:                (not
server:                  (=
server:                    (mod (+ 1 (mod main::y 4294967296)) 4294967296)
server:                    (mod (+ 1 (mod main::x 4294967296)) 4294967296)))
server:                (not (= main::y (mod (+ 1 (mod main::x 4294967296)) 4294967296)))
server:                (<= 0 (+ (* -1 (mod (+ 1 (mod main::x 4294967296)) 4294967296)) main::y))
server:                (not
server:                  (<= 0 (+ (mod (+ 1 (mod main::x 4294967296)) 4294967296) (* -1 main::y))))
server:                (or
server:                  (and
server:                    (<=
server:                      0
server:                      (+ main::y (* -1 (mod (mod (mod main::x 4294967296) 2) 4294967296))))
server:                    (>= (+ (mod main::x 4294967296) (* -1 (mod main::y 4294967296))) 0))
server:                  (<= (mod (mod main::x 4294967296) 2) 0))
server:                (or
server:                  (and
server:                    (<=
server:                      0
server:                      (+ (* -1 main::y) (mod (mod (mod main::x 4294967296) 2) 4294967296)))
server:                    (<= (+ (mod main::x 4294967296) (* -1 (mod main::y 4294967296))) 0))
server:                  (<= (mod (mod main::x 4294967296) 2) 0))
server:                (not (= 0 main::y))
server:                (<= (mod (mod main::x 4294967296) 2) 0)
server:                (not (>= (mod main::x 4294967296) 10))
server:                (>= (+ main::y (* -1 (mod (+ 1 (mod main::x 4294967296)) 4294967296))) 0)
server:                (not
server:                  (<= (+ main::y (* -1 (mod (+ 1 (mod main::x 4294967296)) 4294967296))) 0))
server:                (not
server:                  (>=
server:                    (mod (+ 1 (mod (+ 1 (mod main::x 4294967296)) 4294967296)) 4294967296)
server:                    10))
server:                (not (>= (mod (+ 1 (mod main::x 4294967296)) 4294967296) 10))
server:                (<= 1 main::y)
server:                (not (<= main::y 1))
server:                (not (= 1 (mod (mod main::x 4294967296) 2)))
server:                (=
server:                  (mod (+ 1 (mod main::x 4294967296)) 4294967296)
server:                  (mod (+ 1 (mod (mod (mod main::x 4294967296) 2) 4294967296)) 4294967296))
server:                (not (= 2 (mod main::x 4294967296)))
server:                (not (>= (mod (+ 1 (mod main::y 4294967296)) 4294967296) 10)))
server:              (and
server:                (not (>= (mod main::x 4294967296) 268435455))
server:                (not (>= (mod main::y 4294967296) 10))
server:                (= 0 main::x)
server:                (<=
server:                  (+
server:                    (mod (+ 1 (mod main::x 4294967296)) 4294967296)
server:                    (* -1 (mod (+ 1 (mod main::y 4294967296)) 4294967296)))
server:                  0)
server:                (not
server:                  (>=
server:                    (+
server:                      (mod (+ 1 (mod main::x 4294967296)) 4294967296)
server:                      (* -1 (mod (+ 1 (mod main::y 4294967296)) 4294967296)))
server:                    0))
server:                (not
server:                  (=
server:                    (mod (+ 1 (mod main::y 4294967296)) 4294967296)
server:                    (mod (+ 1 (mod main::x 4294967296)) 4294967296)))
server:                (not (= main::y (mod (+ 1 (mod main::x 4294967296)) 4294967296)))
server:                (<= 0 (+ (* -1 (mod (+ 1 (mod main::x 4294967296)) 4294967296)) main::y))
server:                (not
server:                  (<= 0 (+ (mod (+ 1 (mod main::x 4294967296)) 4294967296) (* -1 main::y))))
server:                (or
server:                  (and
server:                    (<=
server:                      0
server:                      (+ main::y (* -1 (mod (mod (mod main::x 4294967296) 2) 4294967296))))
server:                    (>= (+ (mod main::x 4294967296) (* -1 (mod main::y 4294967296))) 0))
server:                  (<= (mod (mod main::x 4294967296) 2) 0))
server:                (or
server:                  (and
server:                    (<=
server:                      0
server:                      (+ (* -1 main::y) (mod (mod (mod main::x 4294967296) 2) 4294967296)))
server:                    (<= (+ (mod main::x 4294967296) (* -1 (mod main::y 4294967296))) 0))
server:                  (<= (mod (mod main::x 4294967296) 2) 0))
server:                (not (= 0 main::y))
server:                (<= (mod (mod main::x 4294967296) 2) 0)
server:                (not (>= (mod main::x 4294967296) 10))
server:                (>= (+ main::y (* -1 (mod (+ 1 (mod main::x 4294967296)) 4294967296))) 0)
server:                (not
server:                  (<= (+ main::y (* -1 (mod (+ 1 (mod main::x 4294967296)) 4294967296))) 0))
server:                (not
server:                  (>=
server:                    (mod (+ 1 (mod (+ 1 (mod main::x 4294967296)) 4294967296)) 4294967296)
server:                    10))
server:                (not (>= (mod (+ 1 (mod main::x 4294967296)) 4294967296) 10))
server:                (<= 1 main::y)
server:                (not (<= main::y 1))
server:                (not (= 1 (mod (mod main::x 4294967296) 2)))
server:                (=
server:                  (mod (+ 1 (mod main::x 4294967296)) 4294967296)
server:                  (mod (+ 1 (mod (mod (mod main::x 4294967296) 2) 4294967296)) 4294967296))
server:                (not (= 2 (mod main::x 4294967296))))
server:              (and
server:                (not (>= (mod main::x 4294967296) 268435455))
server:                (= 0 main::x)
server:                (<=
server:                  (+
server:                    (mod (+ 1 (mod main::x 4294967296)) 4294967296)
server:                    (* -1 (mod (+ 1 (mod main::y 4294967296)) 4294967296)))
server:                  0)
server:                (not
server:                  (>=
server:                    (+
server:                      (mod (+ 1 (mod main::x 4294967296)) 4294967296)
server:                      (* -1 (mod (+ 1 (mod main::y 4294967296)) 4294967296)))
server:                    0))
server:                (not
server:                  (=
server:                    (mod (+ 1 (mod main::y 4294967296)) 4294967296)
server:                    (mod (+ 1 (mod main::x 4294967296)) 4294967296)))
server:                (not (= main::y (mod (+ 1 (mod main::x 4294967296)) 4294967296)))
server:                (<= 0 (+ (* -1 (mod (+ 1 (mod main::x 4294967296)) 4294967296)) main::y))
server:                (not
server:                  (<= 0 (+ (mod (+ 1 (mod main::x 4294967296)) 4294967296) (* -1 main::y))))
server:                (or
server:                  (and
server:                    (<=
server:                      0
server:                      (+ main::y (* -1 (mod (mod (mod main::x 4294967296) 2) 4294967296))))
server:                    (>= (+ (mod main::x 4294967296) (* -1 (mod main::y 4294967296))) 0))
server:                  (<= (mod (mod main::x 4294967296) 2) 0))
server:                (or
server:                  (and
server:                    (<=
server:                      0
server:                      (+ (* -1 main::y) (mod (mod (mod main::x 4294967296) 2) 4294967296)))
server:                    (<= (+ (mod main::x 4294967296) (* -1 (mod main::y 4294967296))) 0))
server:                  (<= (mod (mod main::x 4294967296) 2) 0))
server:                (not (= 0 main::y))
server:                (<= (mod (mod main::x 4294967296) 2) 0)
server:                (not (>= (mod main::x 4294967296) 10))
server:                (>= (+ main::y (* -1 (mod (+ 1 (mod main::x 4294967296)) 4294967296))) 0)
server:                (not
server:                  (<= (+ main::y (* -1 (mod (+ 1 (mod main::x 4294967296)) 4294967296))) 0))
server:                (not
server:                  (>=
server:                    (mod (+ 1 (mod (+ 1 (mod main::x 4294967296)) 4294967296)) 4294967296)
server:                    10))
server:                (not (>= (mod (+ 1 (mod main::x 4294967296)) 4294967296) 10))
server:                (<= 1 main::y)
server:                (not (<= main::y 1))
server:                (not (= 1 (mod (mod main::x 4294967296) 2)))
server:                (=
server:                  (mod (+ 1 (mod main::x 4294967296)) 4294967296)
server:                  (mod (+ 1 (mod (mod (mod main::x 4294967296) 2) 4294967296)) 4294967296))
server:                (not (= 2 (mod main::x 4294967296))))
server:              (and
server:                (not (>= (mod main::x 4294967296) 268435455))
server:                (= 0 main::x)
server:                (<=
server:                  (+
server:                    (mod (+ 1 (mod main::x 4294967296)) 4294967296)
server:                    (* -1 (mod (+ 1 (mod main::y 4294967296)) 4294967296)))
server:                  0)
server:                (not
server:                  (>=
server:                    (+
server:                      (mod (+ 1 (mod main::x 4294967296)) 4294967296)
server:                      (* -1 (mod (+ 1 (mod main::y 4294967296)) 4294967296)))
server:                    0))
server:                (not
server:                  (=
server:                    (mod (+ 1 (mod main::y 4294967296)) 4294967296)
server:                    (mod (+ 1 (mod main::x 4294967296)) 4294967296)))
server:                (not (= main::y (mod (+ 1 (mod main::x 4294967296)) 4294967296)))
server:                (<= 0 (+ (* -1 (mod (+ 1 (mod main::x 4294967296)) 4294967296)) main::y))
server:                (not
server:                  (<= 0 (+ (mod (+ 1 (mod main::x 4294967296)) 4294967296) (* -1 main::y))))
server:                (or
server:                  (and
server:                    (<=
server:                      0
server:                      (+ main::y (* -1 (mod (mod (mod main::x 4294967296) 2) 4294967296))))
server:                    (>= (+ (mod main::x 4294967296) (* -1 (mod main::y 4294967296))) 0))
server:                  (<= (mod (mod main::x 4294967296) 2) 0))
server:                (or
server:                  (and
server:                    (<=
server:                      0
server:                      (+ (* -1 main::y) (mod (mod (mod main::x 4294967296) 2) 4294967296)))
server:                    (<= (+ (mod main::x 4294967296) (* -1 (mod main::y 4294967296))) 0))
server:                  (<= (mod (mod main::x 4294967296) 2) 0))
server:                (not (= 0 main::y))
server:                (<= (mod (mod main::x 4294967296) 2) 0)
server:                (not (>= (mod main::x 4294967296) 10))
server:                (>= (+ main::y (* -1 (mod (+ 1 (mod main::x 4294967296)) 4294967296))) 0)
server:                (not
server:                  (<= (+ main::y (* -1 (mod (+ 1 (mod main::x 4294967296)) 4294967296))) 0))
server:                (not
server:                  (>=
server:                    (mod (+ 1 (mod (+ 1 (mod main::x 4294967296)) 4294967296)) 4294967296)
server:                    10))
server:                (not (>= (mod (+ 1 (mod main::x 4294967296)) 4294967296) 10))
server:                (<= 1 main::y)
server:                (not (<= main::y 1))
server:                (not (= 1 (mod (mod main::x 4294967296) 2)))
server:                (=
server:                  (mod (+ 1 (mod main::x 4294967296)) 4294967296)
server:                  (mod (+ 1 (mod (mod (mod main::x 4294967296) 2) 4294967296)) 4294967296))
server:                (not (= 2 (mod main::x 4294967296))))
server:              (and
server:                (not (>= (mod main::x 4294967296) 268435455))
server:                (not (>= (mod main::y 4294967296) 10))
server:                (not (= 0 main::x))
server:                (not
server:                  (<=
server:                    (+
server:                      (mod (+ 1 (mod main::x 4294967296)) 4294967296)
server:                      (* -1 (mod (+ 1 (mod main::y 4294967296)) 4294967296)))
server:                    0))
server:                (>=
server:                  (+
server:                    (mod (+ 1 (mod main::x 4294967296)) 4294967296)
server:                    (* -1 (mod (+ 1 (mod main::y 4294967296)) 4294967296)))
server:                  0)
server:                (not
server:                  (=
server:                    (mod (+ 1 (mod main::y 4294967296)) 4294967296)
server:                    (mod (+ 1 (mod main::x 4294967296)) 4294967296)))
server:                (not (= main::y (mod (+ 1 (mod main::x 4294967296)) 4294967296)))
server:                (not
server:                  (<= 0 (+ (* -1 (mod (+ 1 (mod main::x 4294967296)) 4294967296)) main::y)))
server:                (<= 0 (+ (mod (+ 1 (mod main::x 4294967296)) 4294967296) (* -1 main::y)))
server:                (not
server:                  (or
server:                    (and
server:                      (<=
server:                        0
server:                        (+ main::y (* -1 (mod (mod (mod main::x 4294967296) 2) 4294967296))))
server:                      (>= (+ (mod main::x 4294967296) (* -1 (mod main::y 4294967296))) 0))
server:                    (<= (mod (mod main::x 4294967296) 2) 0)))
server:                (not
server:                  (or
server:                    (and
server:                      (<=
server:                        0
server:                        (+ (* -1 main::y) (mod (mod (mod main::x 4294967296) 2) 4294967296)))
server:                      (<= (+ (mod main::x 4294967296) (* -1 (mod main::y 4294967296))) 0))
server:                    (<= (mod (mod main::x 4294967296) 2) 0)))
server:                (= 0 main::y)
server:                (not (<= (mod (mod main::x 4294967296) 2) 0))
server:                (not (>= (mod main::x 4294967296) 10))
server:                (not
server:                  (>= (+ main::y (* -1 (mod (+ 1 (mod main::x 4294967296)) 4294967296))) 0))
server:                (<= (+ main::y (* -1 (mod (+ 1 (mod main::x 4294967296)) 4294967296))) 0)
server:                (not
server:                  (>=
server:                    (mod (+ 1 (mod (+ 1 (mod main::x 4294967296)) 4294967296)) 4294967296)
server:                    10))
server:                (not (>= (mod (+ 1 (mod main::x 4294967296)) 4294967296) 10))
server:                (not (<= 1 main::y))
server:                (<= main::y 1)
server:                (= 1 (mod (mod main::x 4294967296) 2))
server:                (=
server:                  (mod (+ 1 (mod main::x 4294967296)) 4294967296)
server:                  (mod (+ 1 (mod (mod (mod main::x 4294967296) 2) 4294967296)) 4294967296))
server:                (not (= 2 (mod main::x 4294967296)))
server:                (not
server:                  (>=
server:                    (mod (+ 1 (mod (+ 1 (mod main::y 4294967296)) 4294967296)) 4294967296)
server:                    10))
server:                (not (>= (mod (+ 1 (mod main::y 4294967296)) 4294967296) 10)))
server:              (and
server:                (not (>= (mod main::x 4294967296) 268435455))
server:                (not (>= (mod main::y 4294967296) 10))
server:                (not (= 0 main::x))
server:                (<=
server:                  (+
server:                    (mod (+ 1 (mod main::x 4294967296)) 4294967296)
server:                    (* -1 (mod (+ 1 (mod main::y 4294967296)) 4294967296)))
server:                  0)
server:                (>=
server:                  (+
server:                    (mod (+ 1 (mod main::x 4294967296)) 4294967296)
server:                    (* -1 (mod (+ 1 (mod main::y 4294967296)) 4294967296)))
server:                  0)
server:                (=
server:                  (mod (+ 1 (mod main::y 4294967296)) 4294967296)
server:                  (mod (+ 1 (mod main::x 4294967296)) 4294967296))
server:                (not (= main::y (mod (+ 1 (mod main::x 4294967296)) 4294967296)))
server:                (not
server:                  (<= 0 (+ (* -1 (mod (+ 1 (mod main::x 4294967296)) 4294967296)) main::y)))
server:                (<= 0 (+ (mod (+ 1 (mod main::x 4294967296)) 4294967296) (* -1 main::y)))
server:                (or
server:                  (and
server:                    (<=
server:                      0
server:                      (+ main::y (* -1 (mod (mod (mod main::x 4294967296) 2) 4294967296))))
server:                    (>= (+ (mod main::x 4294967296) (* -1 (mod main::y 4294967296))) 0))
server:                  (<= (mod (mod main::x 4294967296) 2) 0))
server:                (or
server:                  (and
server:                    (<=
server:                      0
server:                      (+ (* -1 main::y) (mod (mod (mod main::x 4294967296) 2) 4294967296)))
server:                    (<= (+ (mod main::x 4294967296) (* -1 (mod main::y 4294967296))) 0))
server:                  (<= (mod (mod main::x 4294967296) 2) 0))
server:                (not (= 0 main::y))
server:                (not (<= (mod (mod main::x 4294967296) 2) 0))
server:                (not (>= (mod main::x 4294967296) 10))
server:                (not
server:                  (>= (+ main::y (* -1 (mod (+ 1 (mod main::x 4294967296)) 4294967296))) 0))
server:                (<= (+ main::y (* -1 (mod (+ 1 (mod main::x 4294967296)) 4294967296))) 0)
server:                (not
server:                  (>=
server:                    (mod (+ 1 (mod (+ 1 (mod main::x 4294967296)) 4294967296)) 4294967296)
server:                    10))
server:                (not (>= (mod (+ 1 (mod main::x 4294967296)) 4294967296) 10))
server:                (<= 1 main::y)
server:                (<= main::y 1)
server:                (= 1 (mod (mod main::x 4294967296) 2))
server:                (=
server:                  (mod (+ 1 (mod main::x 4294967296)) 4294967296)
server:                  (mod (+ 1 (mod (mod (mod main::x 4294967296) 2) 4294967296)) 4294967296))
server:                (not (= 2 (mod main::x 4294967296)))
server:                (not
server:                  (>=
server:                    (mod (+ 1 (mod (+ 1 (mod main::y 4294967296)) 4294967296)) 4294967296)
server:                    10))
server:                (not (>= (mod (+ 1 (mod main::y 4294967296)) 4294967296) 10)))
server:              (and
server:                (not (>= (mod main::x 4294967296) 268435455))
server:                (not (>= (mod main::y 4294967296) 10))
server:                (not (= 0 main::x))
server:                (<=
server:                  (+
server:                    (mod (+ 1 (mod main::x 4294967296)) 4294967296)
server:                    (* -1 (mod (+ 1 (mod main::y 4294967296)) 4294967296)))
server:                  0)
server:                (not
server:                  (>=
server:                    (+
server:                      (mod (+ 1 (mod main::x 4294967296)) 4294967296)
server:                      (* -1 (mod (+ 1 (mod main::y 4294967296)) 4294967296)))
server:                    0))
server:                (not
server:                  (=
server:                    (mod (+ 1 (mod main::y 4294967296)) 4294967296)
server:                    (mod (+ 1 (mod main::x 4294967296)) 4294967296)))
server:                (= main::y (mod (+ 1 (mod main::x 4294967296)) 4294967296))
server:                (<= 0 (+ (* -1 (mod (+ 1 (mod main::x 4294967296)) 4294967296)) main::y))
server:                (<= 0 (+ (mod (+ 1 (mod main::x 4294967296)) 4294967296) (* -1 main::y)))
server:                (not
server:                  (or
server:                    (and
server:                      (<=
server:                        0
server:                        (+ main::y (* -1 (mod (mod (mod main::x 4294967296) 2) 4294967296))))
server:                      (>= (+ (mod main::x 4294967296) (* -1 (mod main::y 4294967296))) 0))
server:                    (<= (mod (mod main::x 4294967296) 2) 0)))
server:                (not
server:                  (or
server:                    (and
server:                      (<=
server:                        0
server:                        (+ (* -1 main::y) (mod (mod (mod main::x 4294967296) 2) 4294967296)))
server:                      (<= (+ (mod main::x 4294967296) (* -1 (mod main::y 4294967296))) 0))
server:                    (<= (mod (mod main::x 4294967296) 2) 0)))
server:                (not (= 0 main::y))
server:                (not (<= (mod (mod main::x 4294967296) 2) 0))
server:                (not (>= (mod main::x 4294967296) 10))
server:                (>= (+ main::y (* -1 (mod (+ 1 (mod main::x 4294967296)) 4294967296))) 0)
server:                (<= (+ main::y (* -1 (mod (+ 1 (mod main::x 4294967296)) 4294967296))) 0)
server:                (not
server:                  (>=
server:                    (mod (+ 1 (mod (+ 1 (mod main::x 4294967296)) 4294967296)) 4294967296)
server:                    10))
server:                (not (>= (mod (+ 1 (mod main::x 4294967296)) 4294967296) 10))
server:                (<= 1 main::y)
server:                (not (<= main::y 1))
server:                (= 1 (mod (mod main::x 4294967296) 2))
server:                (=
server:                  (mod (+ 1 (mod main::x 4294967296)) 4294967296)
server:                  (mod (+ 1 (mod (mod (mod main::x 4294967296) 2) 4294967296)) 4294967296))
server:                (not (= 2 (mod main::x 4294967296)))
server:                (not
server:                  (>=
server:                    (mod (+ 1 (mod (+ 1 (mod main::y 4294967296)) 4294967296)) 4294967296)
server:                    10))
server:                (not (>= (mod (+ 1 (mod main::y 4294967296)) 4294967296) 10)))
server:              (and
server:                (not (>= (mod main::x 4294967296) 268435455))
server:                (not (>= (mod main::y 4294967296) 10))
server:                (not (= 0 main::x))
server:                (<=
server:                  (+
server:                    (mod (+ 1 (mod main::x 4294967296)) 4294967296)
server:                    (* -1 (mod (+ 1 (mod main::y 4294967296)) 4294967296)))
server:                  0)
server:                (not
server:                  (>=
server:                    (+
server:                      (mod (+ 1 (mod main::x 4294967296)) 4294967296)
server:                      (* -1 (mod (+ 1 (mod main::y 4294967296)) 4294967296)))
server:                    0))
server:                (not
server:                  (=
server:                    (mod (+ 1 (mod main::y 4294967296)) 4294967296)
server:                    (mod (+ 1 (mod main::x 4294967296)) 4294967296)))
server:                (not (= main::y (mod (+ 1 (mod main::x 4294967296)) 4294967296)))
server:                (<= 0 (+ (* -1 (mod (+ 1 (mod main::x 4294967296)) 4294967296)) main::y))
server:                (not
server:                  (<= 0 (+ (mod (+ 1 (mod main::x 4294967296)) 4294967296) (* -1 main::y))))
server:                (not
server:                  (or
server:                    (and
server:                      (<=
server:                        0
server:                        (+ main::y (* -1 (mod (mod (mod main::x 4294967296) 2) 4294967296))))
server:                      (>= (+ (mod main::x 4294967296) (* -1 (mod main::y 4294967296))) 0))
server:                    (<= (mod (mod main::x 4294967296) 2) 0)))
server:                (not
server:                  (or
server:                    (and
server:                      (<=
server:                        0
server:                        (+ (* -1 main::y) (mod (mod (mod main::x 4294967296) 2) 4294967296)))
server:                      (<= (+ (mod main::x 4294967296) (* -1 (mod main::y 4294967296))) 0))
server:                    (<= (mod (mod main::x 4294967296) 2) 0)))
server:                (not (= 0 main::y))
server:                (not (<= (mod (mod main::x 4294967296) 2) 0))
server:                (not (>= (mod main::x 4294967296) 10))
server:                (>= (+ main::y (* -1 (mod (+ 1 (mod main::x 4294967296)) 4294967296))) 0)
server:                (not
server:                  (<= (+ main::y (* -1 (mod (+ 1 (mod main::x 4294967296)) 4294967296))) 0))
server:                (not
server:                  (>=
server:                    (mod (+ 1 (mod (+ 1 (mod main::x 4294967296)) 4294967296)) 4294967296)
server:                    10))
server:                (not (>= (mod (+ 1 (mod main::x 4294967296)) 4294967296) 10))
server:                (<= 1 main::y)
server:                (not (<= main::y 1))
server:                (= 1 (mod (mod main::x 4294967296) 2))
server:                (=
server:                  (mod (+ 1 (mod main::x 4294967296)) 4294967296)
server:                  (mod (+ 1 (mod (mod (mod main::x 4294967296) 2) 4294967296)) 4294967296))
server:                (not (= 2 (mod main::x 4294967296)))
server:                (not
server:                  (>=
server:                    (mod (+ 1 (mod (+ 1 (mod main::y 4294967296)) 4294967296)) 4294967296)
server:                    10))
server:                (not (>= (mod (+ 1 (mod main::y 4294967296)) 4294967296) 10)))
server:              (and
server:                (not (>= (mod main::x 4294967296) 268435455))
server:                (not (>= (mod main::y 4294967296) 10))
server:                (not (= 0 main::x))
server:                (<=
server:                  (+
server:                    (mod (+ 1 (mod main::x 4294967296)) 4294967296)
server:                    (* -1 (mod (+ 1 (mod main::y 4294967296)) 4294967296)))
server:                  0)
server:                (not
server:                  (>=
server:                    (+
server:                      (mod (+ 1 (mod main::x 4294967296)) 4294967296)
server:                      (* -1 (mod (+ 1 (mod main::y 4294967296)) 4294967296)))
server:                    0))
server:                (not
server:                  (=
server:                    (mod (+ 1 (mod main::y 4294967296)) 4294967296)
server:                    (mod (+ 1 (mod main::x 4294967296)) 4294967296)))
server:                (not (= main::y (mod (+ 1 (mod main::x 4294967296)) 4294967296)))
server:                (<= 0 (+ (* -1 (mod (+ 1 (mod main::x 4294967296)) 4294967296)) main::y))
server:                (not
server:                  (<= 0 (+ (mod (+ 1 (mod main::x 4294967296)) 4294967296) (* -1 main::y))))
server:                (not
server:                  (or
server:                    (and
server:                      (<=
server:                        0
server:                        (+ main::y (* -1 (mod (mod (mod main::x 4294967296) 2) 4294967296))))
server:                      (>= (+ (mod main::x 4294967296) (* -1 (mod main::y 4294967296))) 0))
server:                    (<= (mod (mod main::x 4294967296) 2) 0)))
server:                (not
server:                  (or
server:                    (and
server:                      (<=
server:                        0
server:                        (+ (* -1 main::y) (mod (mod (mod main::x 4294967296) 2) 4294967296)))
server:                      (<= (+ (mod main::x 4294967296) (* -1 (mod main::y 4294967296))) 0))
server:                    (<= (mod (mod main::x 4294967296) 2) 0)))
server:                (not (= 0 main::y))
server:                (not (<= (mod (mod main::x 4294967296) 2) 0))
server:                (not (>= (mod main::x 4294967296) 10))
server:                (>= (+ main::y (* -1 (mod (+ 1 (mod main::x 4294967296)) 4294967296))) 0)
server:                (not
server:                  (<= (+ main::y (* -1 (mod (+ 1 (mod main::x 4294967296)) 4294967296))) 0))
server:                (not
server:                  (>=
server:                    (mod (+ 1 (mod (+ 1 (mod main::x 4294967296)) 4294967296)) 4294967296)
server:                    10))
server:                (not (>= (mod (+ 1 (mod main::x 4294967296)) 4294967296) 10))
server:                (<= 1 main::y)
server:                (not (<= main::y 1))
server:                (= 1 (mod (mod main::x 4294967296) 2))
server:                (=
server:                  (mod (+ 1 (mod main::x 4294967296)) 4294967296)
server:                  (mod (+ 1 (mod (mod (mod main::x 4294967296) 2) 4294967296)) 4294967296))
server:                (not (= 2 (mod main::x 4294967296)))
server:                (not (>= (mod (+ 1 (mod main::y 4294967296)) 4294967296) 10)))
server:              (and
server:                (not (>= (mod main::x 4294967296) 268435455))
server:                (not (>= (mod main::y 4294967296) 10))
server:                (not (= 0 main::x))
server:                (<=
server:                  (+
server:                    (mod (+ 1 (mod main::x 4294967296)) 4294967296)
server:                    (* -1 (mod (+ 1 (mod main::y 4294967296)) 4294967296)))
server:                  0)
server:                (not
server:                  (>=
server:                    (+
server:                      (mod (+ 1 (mod main::x 4294967296)) 4294967296)
server:                      (* -1 (mod (+ 1 (mod main::y 4294967296)) 4294967296)))
server:                    0))
server:                (not
server:                  (=
server:                    (mod (+ 1 (mod main::y 4294967296)) 4294967296)
server:                    (mod (+ 1 (mod main::x 4294967296)) 4294967296)))
server:                (not (= main::y (mod (+ 1 (mod main::x 4294967296)) 4294967296)))
server:                (<= 0 (+ (* -1 (mod (+ 1 (mod main::x 4294967296)) 4294967296)) main::y))
server:                (not
server:                  (<= 0 (+ (mod (+ 1 (mod main::x 4294967296)) 4294967296) (* -1 main::y))))
server:                (not
server:                  (or
server:                    (and
server:                      (<=
server:                        0
server:                        (+ main::y (* -1 (mod (mod (mod main::x 4294967296) 2) 4294967296))))
server:                      (>= (+ (mod main::x 4294967296) (* -1 (mod main::y 4294967296))) 0))
server:                    (<= (mod (mod main::x 4294967296) 2) 0)))
server:                (not
server:                  (or
server:                    (and
server:                      (<=
server:                        0
server:                        (+ (* -1 main::y) (mod (mod (mod main::x 4294967296) 2) 4294967296)))
server:                      (<= (+ (mod main::x 4294967296) (* -1 (mod main::y 4294967296))) 0))
server:                    (<= (mod (mod main::x 4294967296) 2) 0)))
server:                (not (= 0 main::y))
server:                (not (<= (mod (mod main::x 4294967296) 2) 0))
server:                (not (>= (mod main::x 4294967296) 10))
server:                (>= (+ main::y (* -1 (mod (+ 1 (mod main::x 4294967296)) 4294967296))) 0)
server:                (not
server:                  (<= (+ main::y (* -1 (mod (+ 1 (mod main::x 4294967296)) 4294967296))) 0))
server:                (not
server:                  (>=
server:                    (mod (+ 1 (mod (+ 1 (mod main::x 4294967296)) 4294967296)) 4294967296)
server:                    10))
server:                (not (>= (mod (+ 1 (mod main::x 4294967296)) 4294967296) 10))
server:                (<= 1 main::y)
server:                (not (<= main::y 1))
server:                (= 1 (mod (mod main::x 4294967296) 2))
server:                (=
server:                  (mod (+ 1 (mod main::x 4294967296)) 4294967296)
server:                  (mod (+ 1 (mod (mod (mod main::x 4294967296) 2) 4294967296)) 4294967296))
server:                (not (= 2 (mod main::x 4294967296))))
server:              (and
server:                (not (>= (mod main::x 4294967296) 268435455))
server:                (not (= 0 main::x))
server:                (<=
server:                  (+
server:                    (mod (+ 1 (mod main::x 4294967296)) 4294967296)
server:                    (* -1 (mod (+ 1 (mod main::y 4294967296)) 4294967296)))
server:                  0)
server:                (not
server:                  (>=
server:                    (+
server:                      (mod (+ 1 (mod main::x 4294967296)) 4294967296)
server:                      (* -1 (mod (+ 1 (mod main::y 4294967296)) 4294967296)))
server:                    0))
server:                (not
server:                  (=
server:                    (mod (+ 1 (mod main::y 4294967296)) 4294967296)
server:                    (mod (+ 1 (mod main::x 4294967296)) 4294967296)))
server:                (not (= main::y (mod (+ 1 (mod main::x 4294967296)) 4294967296)))
server:                (<= 0 (+ (* -1 (mod (+ 1 (mod main::x 4294967296)) 4294967296)) main::y))
server:                (not
server:                  (<= 0 (+ (mod (+ 1 (mod main::x 4294967296)) 4294967296) (* -1 main::y))))
server:                (not
server:                  (or
server:                    (and
server:                      (<=
server:                        0
server:                        (+ main::y (* -1 (mod (mod (mod main::x 4294967296) 2) 4294967296))))
server:                      (>= (+ (mod main::x 4294967296) (* -1 (mod main::y 4294967296))) 0))
server:                    (<= (mod (mod main::x 4294967296) 2) 0)))
server:                (not
server:                  (or
server:                    (and
server:                      (<=
server:                        0
server:                        (+ (* -1 main::y) (mod (mod (mod main::x 4294967296) 2) 4294967296)))
server:                      (<= (+ (mod main::x 4294967296) (* -1 (mod main::y 4294967296))) 0))
server:                    (<= (mod (mod main::x 4294967296) 2) 0)))
server:                (not (= 0 main::y))
server:                (not (<= (mod (mod main::x 4294967296) 2) 0))
server:                (not (>= (mod main::x 4294967296) 10))
server:                (>= (+ main::y (* -1 (mod (+ 1 (mod main::x 4294967296)) 4294967296))) 0)
server:                (not
server:                  (<= (+ main::y (* -1 (mod (+ 1 (mod main::x 4294967296)) 4294967296))) 0))
server:                (not
server:                  (>=
server:                    (mod (+ 1 (mod (+ 1 (mod main::x 4294967296)) 4294967296)) 4294967296)
server:                    10))
server:                (not (>= (mod (+ 1 (mod main::x 4294967296)) 4294967296) 10))
server:                (<= 1 main::y)
server:                (not (<= main::y 1))
server:                (= 1 (mod (mod main::x 4294967296) 2))
server:                (=
server:                  (mod (+ 1 (mod main::x 4294967296)) 4294967296)
server:                  (mod (+ 1 (mod (mod (mod main::x 4294967296) 2) 4294967296)) 4294967296))
server:                (not (= 2 (mod main::x 4294967296))))
server:              (and
server:                (not (>= (mod main::x 4294967296) 268435455))
server:                (not (= 0 main::x))
server:                (<=
server:                  (+
server:                    (mod (+ 1 (mod main::x 4294967296)) 4294967296)
server:                    (* -1 (mod (+ 1 (mod main::y 4294967296)) 4294967296)))
server:                  0)
server:                (not
server:                  (>=
server:                    (+
server:                      (mod (+ 1 (mod main::x 4294967296)) 4294967296)
server:                      (* -1 (mod (+ 1 (mod main::y 4294967296)) 4294967296)))
server:                    0))
server:                (not
server:                  (=
server:                    (mod (+ 1 (mod main::y 4294967296)) 4294967296)
server:                    (mod (+ 1 (mod main::x 4294967296)) 4294967296)))
server:                (not (= main::y (mod (+ 1 (mod main::x 4294967296)) 4294967296)))
server:                (<= 0 (+ (* -1 (mod (+ 1 (mod main::x 4294967296)) 4294967296)) main::y))
server:                (not
server:                  (<= 0 (+ (mod (+ 1 (mod main::x 4294967296)) 4294967296) (* -1 main::y))))
server:                (not
server:                  (or
server:                    (and
server:                      (<=
server:                        0
server:                        (+ main::y (* -1 (mod (mod (mod main::x 4294967296) 2) 4294967296))))
server:                      (>= (+ (mod main::x 4294967296) (* -1 (mod main::y 4294967296))) 0))
server:                    (<= (mod (mod main::x 4294967296) 2) 0)))
server:                (not
server:                  (or
server:                    (and
server:                      (<=
server:                        0
server:                        (+ (* -1 main::y) (mod (mod (mod main::x 4294967296) 2) 4294967296)))
server:                      (<= (+ (mod main::x 4294967296) (* -1 (mod main::y 4294967296))) 0))
server:                    (<= (mod (mod main::x 4294967296) 2) 0)))
server:                (not (= 0 main::y))
server:                (not (<= (mod (mod main::x 4294967296) 2) 0))
server:                (not (>= (mod main::x 4294967296) 10))
server:                (>= (+ main::y (* -1 (mod (+ 1 (mod main::x 4294967296)) 4294967296))) 0)
server:                (not
server:                  (<= (+ main::y (* -1 (mod (+ 1 (mod main::x 4294967296)) 4294967296))) 0))
server:                (not
server:                  (>=
server:                    (mod (+ 1 (mod (+ 1 (mod main::x 4294967296)) 4294967296)) 4294967296)
server:                    10))
server:                (not (>= (mod (+ 1 (mod main::x 4294967296)) 4294967296) 10))
server:                (<= 1 main::y)
server:                (not (<= main::y 1))
server:                (= 1 (mod (mod main::x 4294967296) 2))
server:                (=
server:                  (mod (+ 1 (mod main::x 4294967296)) 4294967296)
server:                  (mod (+ 1 (mod (mod (mod main::x 4294967296) 2) 4294967296)) 4294967296))
server:                (not (= 2 (mod main::x 4294967296))))
server:              (and
server:                (not (>= (mod main::x 4294967296) 268435455))
server:                (not (>= (mod main::y 4294967296) 10))
server:                (not (= 0 main::x))
server:                (not
server:                  (<=
server:                    (+
server:                      (mod (+ 1 (mod main::x 4294967296)) 4294967296)
server:                      (* -1 (mod (+ 1 (mod main::y 4294967296)) 4294967296)))
server:                    0))
server:                (>=
server:                  (+
server:                    (mod (+ 1 (mod main::x 4294967296)) 4294967296)
server:                    (* -1 (mod (+ 1 (mod main::y 4294967296)) 4294967296)))
server:                  0)
server:                (not
server:                  (=
server:                    (mod (+ 1 (mod main::y 4294967296)) 4294967296)
server:                    (mod (+ 1 (mod main::x 4294967296)) 4294967296)))
server:                (not (= main::y (mod (+ 1 (mod main::x 4294967296)) 4294967296)))
server:                (not
server:                  (<= 0 (+ (* -1 (mod (+ 1 (mod main::x 4294967296)) 4294967296)) main::y)))
server:                (<= 0 (+ (mod (+ 1 (mod main::x 4294967296)) 4294967296) (* -1 main::y)))
server:                (or
server:                  (and
server:                    (<=
server:                      0
server:                      (+ main::y (* -1 (mod (mod (mod main::x 4294967296) 2) 4294967296))))
server:                    (>= (+ (mod main::x 4294967296) (* -1 (mod main::y 4294967296))) 0))
server:                  (<= (mod (mod main::x 4294967296) 2) 0))
server:                (or
server:                  (and
server:                    (<=
server:                      0
server:                      (+ (* -1 main::y) (mod (mod (mod main::x 4294967296) 2) 4294967296)))
server:                    (<= (+ (mod main::x 4294967296) (* -1 (mod main::y 4294967296))) 0))
server:                  (<= (mod (mod main::x 4294967296) 2) 0))
server:                (= 0 main::y)
server:                (<= (mod (mod main::x 4294967296) 2) 0)
server:                (not (>= (mod main::x 4294967296) 10))
server:                (not
server:                  (>= (+ main::y (* -1 (mod (+ 1 (mod main::x 4294967296)) 4294967296))) 0))
server:                (<= (+ main::y (* -1 (mod (+ 1 (mod main::x 4294967296)) 4294967296))) 0)
server:                (not
server:                  (>=
server:                    (mod (+ 1 (mod (+ 1 (mod main::x 4294967296)) 4294967296)) 4294967296)
server:                    10))
server:                (not (>= (mod (+ 1 (mod main::x 4294967296)) 4294967296) 10))
server:                (not (<= 1 main::y))
server:                (<= main::y 1)
server:                (not (= 1 (mod (mod main::x 4294967296) 2)))
server:                (not
server:                  (=
server:                    (mod (+ 1 (mod main::x 4294967296)) 4294967296)
server:                    (mod (+ 1 (mod (mod (mod main::x 4294967296) 2) 4294967296)) 4294967296)))
server:                (= 2 (mod main::x 4294967296))
server:                (not
server:                  (>=
server:                    (mod (+ 1 (mod (+ 1 (mod main::y 4294967296)) 4294967296)) 4294967296)
server:                    10))
server:                (not (>= (mod (+ 1 (mod main::y 4294967296)) 4294967296) 10)))
server:              (and
server:                (not (>= (mod main::x 4294967296) 268435455))
server:                (not (>= (mod main::y 4294967296) 10))
server:                (not (= 0 main::x))
server:                (not
server:                  (<=
server:                    (+
server:                      (mod (+ 1 (mod main::x 4294967296)) 4294967296)
server:                      (* -1 (mod (+ 1 (mod main::y 4294967296)) 4294967296)))
server:                    0))
server:                (>=
server:                  (+
server:                    (mod (+ 1 (mod main::x 4294967296)) 4294967296)
server:                    (* -1 (mod (+ 1 (mod main::y 4294967296)) 4294967296)))
server:                  0)
server:                (not
server:                  (=
server:                    (mod (+ 1 (mod main::y 4294967296)) 4294967296)
server:                    (mod (+ 1 (mod main::x 4294967296)) 4294967296)))
server:                (not (= main::y (mod (+ 1 (mod main::x 4294967296)) 4294967296)))
server:                (not
server:                  (<= 0 (+ (* -1 (mod (+ 1 (mod main::x 4294967296)) 4294967296)) main::y)))
server:                (<= 0 (+ (mod (+ 1 (mod main::x 4294967296)) 4294967296) (* -1 main::y)))
server:                (or
server:                  (and
server:                    (<=
server:                      0
server:                      (+ main::y (* -1 (mod (mod (mod main::x 4294967296) 2) 4294967296))))
server:                    (>= (+ (mod main::x 4294967296) (* -1 (mod main::y 4294967296))) 0))
server:                  (<= (mod (mod main::x 4294967296) 2) 0))
server:                (or
server:                  (and
server:                    (<=
server:                      0
server:                      (+ (* -1 main::y) (mod (mod (mod main::x 4294967296) 2) 4294967296)))
server:                    (<= (+ (mod main::x 4294967296) (* -1 (mod main::y 4294967296))) 0))
server:                  (<= (mod (mod main::x 4294967296) 2) 0))
server:                (not (= 0 main::y))
server:                (<= (mod (mod main::x 4294967296) 2) 0)
server:                (not (>= (mod main::x 4294967296) 10))
server:                (not
server:                  (>= (+ main::y (* -1 (mod (+ 1 (mod main::x 4294967296)) 4294967296))) 0))
server:                (<= (+ main::y (* -1 (mod (+ 1 (mod main::x 4294967296)) 4294967296))) 0)
server:                (not
server:                  (>=
server:                    (mod (+ 1 (mod (+ 1 (mod main::x 4294967296)) 4294967296)) 4294967296)
server:                    10))
server:                (not (>= (mod (+ 1 (mod main::x 4294967296)) 4294967296) 10))
server:                (<= 1 main::y)
server:                (<= main::y 1)
server:                (not (= 1 (mod (mod main::x 4294967296) 2)))
server:                (not
server:                  (=
server:                    (mod (+ 1 (mod main::x 4294967296)) 4294967296)
server:                    (mod (+ 1 (mod (mod (mod main::x 4294967296) 2) 4294967296)) 4294967296)))
server:                (= 2 (mod main::x 4294967296))
server:                (not
server:                  (>=
server:                    (mod (+ 1 (mod (+ 1 (mod main::y 4294967296)) 4294967296)) 4294967296)
server:                    10))
server:                (not (>= (mod (+ 1 (mod main::y 4294967296)) 4294967296) 10)))
server:              (and
server:                (not (>= (mod main::x 4294967296) 268435455))
server:                (not (>= (mod main::y 4294967296) 10))
server:                (not (= 0 main::x))
server:                (<=
server:                  (+
server:                    (mod (+ 1 (mod main::x 4294967296)) 4294967296)
server:                    (* -1 (mod (+ 1 (mod main::y 4294967296)) 4294967296)))
server:                  0)
server:                (>=
server:                  (+
server:                    (mod (+ 1 (mod main::x 4294967296)) 4294967296)
server:                    (* -1 (mod (+ 1 (mod main::y 4294967296)) 4294967296)))
server:                  0)
server:                (=
server:                  (mod (+ 1 (mod main::y 4294967296)) 4294967296)
server:                  (mod (+ 1 (mod main::x 4294967296)) 4294967296))
server:                (not (= main::y (mod (+ 1 (mod main::x 4294967296)) 4294967296)))
server:                (not
server:                  (<= 0 (+ (* -1 (mod (+ 1 (mod main::x 4294967296)) 4294967296)) main::y)))
server:                (<= 0 (+ (mod (+ 1 (mod main::x 4294967296)) 4294967296) (* -1 main::y)))
server:                (or
server:                  (and
server:                    (<=
server:                      0
server:                      (+ main::y (* -1 (mod (mod (mod main::x 4294967296) 2) 4294967296))))
server:                    (>= (+ (mod main::x 4294967296) (* -1 (mod main::y 4294967296))) 0))
server:                  (<= (mod (mod main::x 4294967296) 2) 0))
server:                (or
server:                  (and
server:                    (<=
server:                      0
server:                      (+ (* -1 main::y) (mod (mod (mod main::x 4294967296) 2) 4294967296)))
server:                    (<= (+ (mod main::x 4294967296) (* -1 (mod main::y 4294967296))) 0))
server:                  (<= (mod (mod main::x 4294967296) 2) 0))
server:                (not (= 0 main::y))
server:                (<= (mod (mod main::x 4294967296) 2) 0)
server:                (not (>= (mod main::x 4294967296) 10))
server:                (not
server:                  (>= (+ main::y (* -1 (mod (+ 1 (mod main::x 4294967296)) 4294967296))) 0))
server:                (<= (+ main::y (* -1 (mod (+ 1 (mod main::x 4294967296)) 4294967296))) 0)
server:                (not
server:                  (>=
server:                    (mod (+ 1 (mod (+ 1 (mod main::x 4294967296)) 4294967296)) 4294967296)
server:                    10))
server:                (not (>= (mod (+ 1 (mod main::x 4294967296)) 4294967296) 10))
server:                (<= 1 main::y)
server:                (not (<= main::y 1))
server:                (not (= 1 (mod (mod main::x 4294967296) 2)))
server:                (not
server:                  (=
server:                    (mod (+ 1 (mod main::x 4294967296)) 4294967296)
server:                    (mod (+ 1 (mod (mod (mod main::x 4294967296) 2) 4294967296)) 4294967296)))
server:                (= 2 (mod main::x 4294967296))
server:                (not
server:                  (>=
server:                    (mod (+ 1 (mod (+ 1 (mod main::y 4294967296)) 4294967296)) 4294967296)
server:                    10))
server:                (not (>= (mod (+ 1 (mod main::y 4294967296)) 4294967296) 10)))
server:              (and
server:                (not (>= (mod main::x 4294967296) 268435455))
server:                (not (>= (mod main::y 4294967296) 10))
server:                (not (= 0 main::x))
server:                (<=
server:                  (+
server:                    (mod (+ 1 (mod main::x 4294967296)) 4294967296)
server:                    (* -1 (mod (+ 1 (mod main::y 4294967296)) 4294967296)))
server:                  0)
server:                (not
server:                  (>=
server:                    (+
server:                      (mod (+ 1 (mod main::x 4294967296)) 4294967296)
server:                      (* -1 (mod (+ 1 (mod main::y 4294967296)) 4294967296)))
server:                    0))
server:                (not
server:                  (=
server:                    (mod (+ 1 (mod main::y 4294967296)) 4294967296)
server:                    (mod (+ 1 (mod main::x 4294967296)) 4294967296)))
server:                (= main::y (mod (+ 1 (mod main::x 4294967296)) 4294967296))
server:                (<= 0 (+ (* -1 (mod (+ 1 (mod main::x 4294967296)) 4294967296)) main::y))
server:                (<= 0 (+ (mod (+ 1 (mod main::x 4294967296)) 4294967296) (* -1 main::y)))
server:                (or
server:                  (and
server:                    (<=
server:                      0
server:                      (+ main::y (* -1 (mod (mod (mod main::x 4294967296) 2) 4294967296))))
server:                    (>= (+ (mod main::x 4294967296) (* -1 (mod main::y 4294967296))) 0))
server:                  (<= (mod (mod main::x 4294967296) 2) 0))
server:                (or
server:                  (and
server:                    (<=
server:                      0
server:                      (+ (* -1 main::y) (mod (mod (mod main::x 4294967296) 2) 4294967296)))
server:                    (<= (+ (mod main::x 4294967296) (* -1 (mod main::y 4294967296))) 0))
server:                  (<= (mod (mod main::x 4294967296) 2) 0))
server:                (not (= 0 main::y))
server:                (<= (mod (mod main::x 4294967296) 2) 0)
server:                (not (>= (mod main::x 4294967296) 10))
server:                (>= (+ main::y (* -1 (mod (+ 1 (mod main::x 4294967296)) 4294967296))) 0)
server:                (<= (+ main::y (* -1 (mod (+ 1 (mod main::x 4294967296)) 4294967296))) 0)
server:                (not
server:                  (>=
server:                    (mod (+ 1 (mod (+ 1 (mod main::x 4294967296)) 4294967296)) 4294967296)
server:                    10))
server:                (not (>= (mod (+ 1 (mod main::x 4294967296)) 4294967296) 10))
server:                (<= 1 main::y)
server:                (not (<= main::y 1))
server:                (not (= 1 (mod (mod main::x 4294967296) 2)))
server:                (not
server:                  (=
server:                    (mod (+ 1 (mod main::x 4294967296)) 4294967296)
server:                    (mod (+ 1 (mod (mod (mod main::x 4294967296) 2) 4294967296)) 4294967296)))
server:                (= 2 (mod main::x 4294967296))
server:                (not
server:                  (>=
server:                    (mod (+ 1 (mod (+ 1 (mod main::y 4294967296)) 4294967296)) 4294967296)
server:                    10))
server:                (not (>= (mod (+ 1 (mod main::y 4294967296)) 4294967296) 10)))
server:              (and
server:                (not (>= (mod main::x 4294967296) 268435455))
server:                (not (>= (mod main::y 4294967296) 10))
server:                (not (= 0 main::x))
server:                (<=
server:                  (+
server:                    (mod (+ 1 (mod main::x 4294967296)) 4294967296)
server:                    (* -1 (mod (+ 1 (mod main::y 4294967296)) 4294967296)))
server:                  0)
server:                (not
server:                  (>=
server:                    (+
server:                      (mod (+ 1 (mod main::x 4294967296)) 4294967296)
server:                      (* -1 (mod (+ 1 (mod main::y 4294967296)) 4294967296)))
server:                    0))
server:                (not
server:                  (=
server:                    (mod (+ 1 (mod main::y 4294967296)) 4294967296)
server:                    (mod (+ 1 (mod main::x 4294967296)) 4294967296)))
server:                (not (= main::y (mod (+ 1 (mod main::x 4294967296)) 4294967296)))
server:                (<= 0 (+ (* -1 (mod (+ 1 (mod main::x 4294967296)) 4294967296)) main::y))
server:                (not
server:                  (<= 0 (+ (mod (+ 1 (mod main::x 4294967296)) 4294967296) (* -1 main::y))))
server:                (or
server:                  (and
server:                    (<=
server:                      0
server:                      (+ main::y (* -1 (mod (mod (mod main::x 4294967296) 2) 4294967296))))
server:                    (>= (+ (mod main::x 4294967296) (* -1 (mod main::y 4294967296))) 0))
server:                  (<= (mod (mod main::x 4294967296) 2) 0))
server:                (or
server:                  (and
server:                    (<=
server:                      0
server:                      (+ (* -1 main::y) (mod (mod (mod main::x 4294967296) 2) 4294967296)))
server:                    (<= (+ (mod main::x 4294967296) (* -1 (mod main::y 4294967296))) 0))
server:                  (<= (mod (mod main::x 4294967296) 2) 0))
server:                (not (= 0 main::y))
server:                (<= (mod (mod main::x 4294967296) 2) 0)
server:                (not (>= (mod main::x 4294967296) 10))
server:                (>= (+ main::y (* -1 (mod (+ 1 (mod main::x 4294967296)) 4294967296))) 0)
server:                (not
server:                  (<= (+ main::y (* -1 (mod (+ 1 (mod main::x 4294967296)) 4294967296))) 0))
server:                (not
server:                  (>=
server:                    (mod (+ 1 (mod (+ 1 (mod main::x 4294967296)) 4294967296)) 4294967296)
server:                    10))
server:                (not (>= (mod (+ 1 (mod main::x 4294967296)) 4294967296) 10))
server:                (<= 1 main::y)
server:                (not (<= main::y 1))
server:                (not (= 1 (mod (mod main::x 4294967296) 2)))
server:                (not
server:                  (=
server:                    (mod (+ 1 (mod main::x 4294967296)) 4294967296)
server:                    (mod (+ 1 (mod (mod (mod main::x 4294967296) 2) 4294967296)) 4294967296)))
server:                (= 2 (mod main::x 4294967296))
server:                (not
server:                  (>=
server:                    (mod (+ 1 (mod (+ 1 (mod main::y 4294967296)) 4294967296)) 4294967296)
server:                    10))
server:                (not (>= (mod (+ 1 (mod main::y 4294967296)) 4294967296) 10)))
server:              (and
server:                (not (>= (mod main::x 4294967296) 268435455))
server:                (not (>= (mod main::y 4294967296) 10))
server:                (not (= 0 main::x))
server:                (<=
server:                  (+
server:                    (mod (+ 1 (mod main::x 4294967296)) 4294967296)
server:                    (* -1 (mod (+ 1 (mod main::y 4294967296)) 4294967296)))
server:                  0)
server:                (not
server:                  (>=
server:                    (+
server:                      (mod (+ 1 (mod main::x 4294967296)) 4294967296)
server:                      (* -1 (mod (+ 1 (mod main::y 4294967296)) 4294967296)))
server:                    0))
server:                (not
server:                  (=
server:                    (mod (+ 1 (mod main::y 4294967296)) 4294967296)
server:                    (mod (+ 1 (mod main::x 4294967296)) 4294967296)))
server:                (not (= main::y (mod (+ 1 (mod main::x 4294967296)) 4294967296)))
server:                (<= 0 (+ (* -1 (mod (+ 1 (mod main::x 4294967296)) 4294967296)) main::y))
server:                (not
server:                  (<= 0 (+ (mod (+ 1 (mod main::x 4294967296)) 4294967296) (* -1 main::y))))
server:                (or
server:                  (and
server:                    (<=
server:                      0
server:                      (+ main::y (* -1 (mod (mod (mod main::x 4294967296) 2) 4294967296))))
server:                    (>= (+ (mod main::x 4294967296) (* -1 (mod main::y 4294967296))) 0))
server:                  (<= (mod (mod main::x 4294967296) 2) 0))
server:                (or
server:                  (and
server:                    (<=
server:                      0
server:                      (+ (* -1 main::y) (mod (mod (mod main::x 4294967296) 2) 4294967296)))
server:                    (<= (+ (mod main::x 4294967296) (* -1 (mod main::y 4294967296))) 0))
server:                  (<= (mod (mod main::x 4294967296) 2) 0))
server:                (not (= 0 main::y))
server:                (<= (mod (mod main::x 4294967296) 2) 0)
server:                (not (>= (mod main::x 4294967296) 10))
server:                (>= (+ main::y (* -1 (mod (+ 1 (mod main::x 4294967296)) 4294967296))) 0)
server:                (not
server:                  (<= (+ main::y (* -1 (mod (+ 1 (mod main::x 4294967296)) 4294967296))) 0))
server:                (not
server:                  (>=
server:                    (mod (+ 1 (mod (+ 1 (mod main::x 4294967296)) 4294967296)) 4294967296)
server:                    10))
server:                (not (>= (mod (+ 1 (mod main::x 4294967296)) 4294967296) 10))
server:                (<= 1 main::y)
server:                (not (<= main::y 1))
server:                (not (= 1 (mod (mod main::x 4294967296) 2)))
server:                (not
server:                  (=
server:                    (mod (+ 1 (mod main::x 4294967296)) 4294967296)
server:                    (mod (+ 1 (mod (mod (mod main::x 4294967296) 2) 4294967296)) 4294967296)))
server:                (= 2 (mod main::x 4294967296))
server:                (not (>= (mod (+ 1 (mod main::y 4294967296)) 4294967296) 10)))
server:              (and
server:                (not (>= (mod main::x 4294967296) 268435455))
server:                (not (>= (mod main::y 4294967296) 10))
server:                (not (= 0 main::x))
server:                (<=
server:                  (+
server:                    (mod (+ 1 (mod main::x 4294967296)) 4294967296)
server:                    (* -1 (mod (+ 1 (mod main::y 4294967296)) 4294967296)))
server:                  0)
server:                (not
server:                  (>=
server:                    (+
server:                      (mod (+ 1 (mod main::x 4294967296)) 4294967296)
server:                      (* -1 (mod (+ 1 (mod main::y 4294967296)) 4294967296)))
server:                    0))
server:                (not
server:                  (=
server:                    (mod (+ 1 (mod main::y 4294967296)) 4294967296)
server:                    (mod (+ 1 (mod main::x 4294967296)) 4294967296)))
server:                (not (= main::y (mod (+ 1 (mod main::x 4294967296)) 4294967296)))
server:                (<= 0 (+ (* -1 (mod (+ 1 (mod main::x 4294967296)) 4294967296)) main::y))
server:                (not
server:                  (<= 0 (+ (mod (+ 1 (mod main::x 4294967296)) 4294967296) (* -1 main::y))))
server:                (or
server:                  (and
server:                    (<=
server:                      0
server:                      (+ main::y (* -1 (mod (mod (mod main::x 4294967296) 2) 4294967296))))
server:                    (>= (+ (mod main::x 4294967296) (* -1 (mod main::y 4294967296))) 0))
server:                  (<= (mod (mod main::x 4294967296) 2) 0))
server:                (or
server:                  (and
server:                    (<=
server:                      0
server:                      (+ (* -1 main::y) (mod (mod (mod main::x 4294967296) 2) 4294967296)))
server:                    (<= (+ (mod main::x 4294967296) (* -1 (mod main::y 4294967296))) 0))
server:                  (<= (mod (mod main::x 4294967296) 2) 0))
server:                (not (= 0 main::y))
server:                (<= (mod (mod main::x 4294967296) 2) 0)
server:                (not (>= (mod main::x 4294967296) 10))
server:                (>= (+ main::y (* -1 (mod (+ 1 (mod main::x 4294967296)) 4294967296))) 0)
server:                (not
server:                  (<= (+ main::y (* -1 (mod (+ 1 (mod main::x 4294967296)) 4294967296))) 0))
server:                (not
server:                  (>=
server:                    (mod (+ 1 (mod (+ 1 (mod main::x 4294967296)) 4294967296)) 4294967296)
server:                    10))
server:                (not (>= (mod (+ 1 (mod main::x 4294967296)) 4294967296) 10))
server:                (<= 1 main::y)
server:                (not (<= main::y 1))
server:                (not (= 1 (mod (mod main::x 4294967296) 2)))
server:                (not
server:                  (=
server:                    (mod (+ 1 (mod main::x 4294967296)) 4294967296)
server:                    (mod (+ 1 (mod (mod (mod main::x 4294967296) 2) 4294967296)) 4294967296)))
server:                (= 2 (mod main::x 4294967296)))
server:              (and
server:                (not (>= (mod main::x 4294967296) 268435455))
server:                (not (= 0 main::x))
server:                (<=
server:                  (+
server:                    (mod (+ 1 (mod main::x 4294967296)) 4294967296)
server:                    (* -1 (mod (+ 1 (mod main::y 4294967296)) 4294967296)))
server:                  0)
server:                (not
server:                  (>=
server:                    (+
server:                      (mod (+ 1 (mod main::x 4294967296)) 4294967296)
server:                      (* -1 (mod (+ 1 (mod main::y 4294967296)) 4294967296)))
server:                    0))
server:                (not
server:                  (=
server:                    (mod (+ 1 (mod main::y 4294967296)) 4294967296)
server:                    (mod (+ 1 (mod main::x 4294967296)) 4294967296)))
server:                (not (= main::y (mod (+ 1 (mod main::x 4294967296)) 4294967296)))
server:                (<= 0 (+ (* -1 (mod (+ 1 (mod main::x 4294967296)) 4294967296)) main::y))
server:                (not
server:                  (<= 0 (+ (mod (+ 1 (mod main::x 4294967296)) 4294967296) (* -1 main::y))))
server:                (or
server:                  (and
server:                    (<=
server:                      0
server:                      (+ main::y (* -1 (mod (mod (mod main::x 4294967296) 2) 4294967296))))
server:                    (>= (+ (mod main::x 4294967296) (* -1 (mod main::y 4294967296))) 0))
server:                  (<= (mod (mod main::x 4294967296) 2) 0))
server:                (or
server:                  (and
server:                    (<=
server:                      0
server:                      (+ (* -1 main::y) (mod (mod (mod main::x 4294967296) 2) 4294967296)))
server:                    (<= (+ (mod main::x 4294967296) (* -1 (mod main::y 4294967296))) 0))
server:                  (<= (mod (mod main::x 4294967296) 2) 0))
server:                (not (= 0 main::y))
server:                (<= (mod (mod main::x 4294967296) 2) 0)
server:                (not (>= (mod main::x 4294967296) 10))
server:                (>= (+ main::y (* -1 (mod (+ 1 (mod main::x 4294967296)) 4294967296))) 0)
server:                (not
server:                  (<= (+ main::y (* -1 (mod (+ 1 (mod main::x 4294967296)) 4294967296))) 0))
server:                (not
server:                  (>=
server:                    (mod (+ 1 (mod (+ 1 (mod main::x 4294967296)) 4294967296)) 4294967296)
server:                    10))
server:                (not (>= (mod (+ 1 (mod main::x 4294967296)) 4294967296) 10))
server:                (<= 1 main::y)
server:                (not (<= main::y 1))
server:                (not (= 1 (mod (mod main::x 4294967296) 2)))
server:                (not
server:                  (=
server:                    (mod (+ 1 (mod main::x 4294967296)) 4294967296)
server:                    (mod (+ 1 (mod (mod (mod main::x 4294967296) 2) 4294967296)) 4294967296)))
server:                (= 2 (mod main::x 4294967296)))
server:              (and
server:                (not (>= (mod main::x 4294967296) 268435455))
server:                (not (= 0 main::x))
server:                (<=
server:                  (+
server:                    (mod (+ 1 (mod main::x 4294967296)) 4294967296)
server:                    (* -1 (mod (+ 1 (mod main::y 4294967296)) 4294967296)))
server:                  0)
server:                (not
server:                  (>=
server:                    (+
server:                      (mod (+ 1 (mod main::x 4294967296)) 4294967296)
server:                      (* -1 (mod (+ 1 (mod main::y 4294967296)) 4294967296)))
server:                    0))
server:                (not
server:                  (=
server:                    (mod (+ 1 (mod main::y 4294967296)) 4294967296)
server:                    (mod (+ 1 (mod main::x 4294967296)) 4294967296)))
server:                (not (= main::y (mod (+ 1 (mod main::x 4294967296)) 4294967296)))
server:                (<= 0 (+ (* -1 (mod (+ 1 (mod main::x 4294967296)) 4294967296)) main::y))
server:                (not
server:                  (<= 0 (+ (mod (+ 1 (mod main::x 4294967296)) 4294967296) (* -1 main::y))))
server:                (or
server:                  (and
server:                    (<=
server:                      0
server:                      (+ main::y (* -1 (mod (mod (mod main::x 4294967296) 2) 4294967296))))
server:                    (>= (+ (mod main::x 4294967296) (* -1 (mod main::y 4294967296))) 0))
server:                  (<= (mod (mod main::x 4294967296) 2) 0))
server:                (or
server:                  (and
server:                    (<=
server:                      0
server:                      (+ (* -1 main::y) (mod (mod (mod main::x 4294967296) 2) 4294967296)))
server:                    (<= (+ (mod main::x 4294967296) (* -1 (mod main::y 4294967296))) 0))
server:                  (<= (mod (mod main::x 4294967296) 2) 0))
server:                (not (= 0 main::y))
server:                (<= (mod (mod main::x 4294967296) 2) 0)
server:                (not (>= (mod main::x 4294967296) 10))
server:                (>= (+ main::y (* -1 (mod (+ 1 (mod main::x 4294967296)) 4294967296))) 0)
server:                (not
server:                  (<= (+ main::y (* -1 (mod (+ 1 (mod main::x 4294967296)) 4294967296))) 0))
server:                (not
server:                  (>=
server:                    (mod (+ 1 (mod (+ 1 (mod main::x 4294967296)) 4294967296)) 4294967296)
server:                    10))
server:                (not (>= (mod (+ 1 (mod main::x 4294967296)) 4294967296) 10))
server:                (<= 1 main::y)
server:                (not (<= main::y 1))
server:                (not (= 1 (mod (mod main::x 4294967296) 2)))
server:                (not
server:                  (=
server:                    (mod (+ 1 (mod main::x 4294967296)) 4294967296)
server:                    (mod (+ 1 (mod (mod (mod main::x 4294967296) 2) 4294967296)) 4294967296)))
server:                (= 2 (mod main::x 4294967296)))
server:              (and
server:                (not (>= (mod main::x 4294967296) 268435455))
server:                (not (>= (mod main::y 4294967296) 10))
server:                (not (= 0 main::x))
server:                (not
server:                  (<=
server:                    (+
server:                      (mod (+ 1 (mod main::x 4294967296)) 4294967296)
server:                      (* -1 (mod (+ 1 (mod main::y 4294967296)) 4294967296)))
server:                    0))
server:                (>=
server:                  (+
server:                    (mod (+ 1 (mod main::x 4294967296)) 4294967296)
server:                    (* -1 (mod (+ 1 (mod main::y 4294967296)) 4294967296)))
server:                  0)
server:                (not
server:                  (=
server:                    (mod (+ 1 (mod main::y 4294967296)) 4294967296)
server:                    (mod (+ 1 (mod main::x 4294967296)) 4294967296)))
server:                (not (= main::y (mod (+ 1 (mod main::x 4294967296)) 4294967296)))
server:                (not
server:                  (<= 0 (+ (* -1 (mod (+ 1 (mod main::x 4294967296)) 4294967296)) main::y)))
server:                (<= 0 (+ (mod (+ 1 (mod main::x 4294967296)) 4294967296) (* -1 main::y)))
server:                (not
server:                  (or
server:                    (and
server:                      (<=
server:                        0
server:                        (+ main::y (* -1 (mod (mod (mod main::x 4294967296) 2) 4294967296))))
server:                      (>= (+ (mod main::x 4294967296) (* -1 (mod main::y 4294967296))) 0))
server:                    (<= (mod (mod main::x 4294967296) 2) 0)))
server:                (not
server:                  (or
server:                    (and
server:                      (<=
server:                        0
server:                        (+ (* -1 main::y) (mod (mod (mod main::x 4294967296) 2) 4294967296)))
server:                      (<= (+ (mod main::x 4294967296) (* -1 (mod main::y 4294967296))) 0))
server:                    (<= (mod (mod main::x 4294967296) 2) 0)))
server:                (= 0 main::y)
server:                (not (<= (mod (mod main::x 4294967296) 2) 0))
server:                (not (>= (mod main::x 4294967296) 10))
server:                (not
server:                  (>= (+ main::y (* -1 (mod (+ 1 (mod main::x 4294967296)) 4294967296))) 0))
server:                (<= (+ main::y (* -1 (mod (+ 1 (mod main::x 4294967296)) 4294967296))) 0)
server:                (not
server:                  (>=
server:                    (mod (+ 1 (mod (+ 1 (mod main::x 4294967296)) 4294967296)) 4294967296)
server:                    10))
server:                (not (>= (mod (+ 1 (mod main::x 4294967296)) 4294967296) 10))
server:                (not (<= 1 main::y))
server:                (<= main::y 1)
server:                (= 1 (mod (mod main::x 4294967296) 2))
server:                (not
server:                  (=
server:                    (mod (+ 1 (mod main::x 4294967296)) 4294967296)
server:                    (mod (+ 1 (mod (mod (mod main::x 4294967296) 2) 4294967296)) 4294967296)))
server:                (not (= 2 (mod main::x 4294967296)))
server:                (not
server:                  (>=
server:                    (mod (+ 1 (mod (+ 1 (mod main::y 4294967296)) 4294967296)) 4294967296)
server:                    10))
server:                (not (>= (mod (+ 1 (mod main::y 4294967296)) 4294967296) 10)))
server:              (and
server:                (not (>= (mod main::x 4294967296) 268435455))
server:                (not (>= (mod main::y 4294967296) 10))
server:                (not (= 0 main::x))
server:                (not
server:                  (<=
server:                    (+
server:                      (mod (+ 1 (mod main::x 4294967296)) 4294967296)
server:                      (* -1 (mod (+ 1 (mod main::y 4294967296)) 4294967296)))
server:                    0))
server:                (>=
server:                  (+
server:                    (mod (+ 1 (mod main::x 4294967296)) 4294967296)
server:                    (* -1 (mod (+ 1 (mod main::y 4294967296)) 4294967296)))
server:                  0)
server:                (not
server:                  (=
server:                    (mod (+ 1 (mod main::y 4294967296)) 4294967296)
server:                    (mod (+ 1 (mod main::x 4294967296)) 4294967296)))
server:                (not (= main::y (mod (+ 1 (mod main::x 4294967296)) 4294967296)))
server:                (not
server:                  (<= 0 (+ (* -1 (mod (+ 1 (mod main::x 4294967296)) 4294967296)) main::y)))
server:                (<= 0 (+ (mod (+ 1 (mod main::x 4294967296)) 4294967296) (* -1 main::y)))
server:                (or
server:                  (and
server:                    (<=
server:                      0
server:                      (+ main::y (* -1 (mod (mod (mod main::x 4294967296) 2) 4294967296))))
server:                    (>= (+ (mod main::x 4294967296) (* -1 (mod main::y 4294967296))) 0))
server:                  (<= (mod (mod main::x 4294967296) 2) 0))
server:                (not
server:                  (or
server:                    (and
server:                      (<=
server:                        0
server:                        (+ (* -1 main::y) (mod (mod (mod main::x 4294967296) 2) 4294967296)))
server:                      (<= (+ (mod main::x 4294967296) (* -1 (mod main::y 4294967296))) 0))
server:                    (<= (mod (mod main::x 4294967296) 2) 0)))
server:                (not (= 0 main::y))
server:                (not (<= (mod (mod main::x 4294967296) 2) 0))
server:                (not (>= (mod main::x 4294967296) 10))
server:                (not
server:                  (>= (+ main::y (* -1 (mod (+ 1 (mod main::x 4294967296)) 4294967296))) 0))
server:                (<= (+ main::y (* -1 (mod (+ 1 (mod main::x 4294967296)) 4294967296))) 0)
server:                (not
server:                  (>=
server:                    (mod (+ 1 (mod (+ 1 (mod main::x 4294967296)) 4294967296)) 4294967296)
server:                    10))
server:                (not (>= (mod (+ 1 (mod main::x 4294967296)) 4294967296) 10))
server:                (<= 1 main::y)
server:                (<= main::y 1)
server:                (= 1 (mod (mod main::x 4294967296) 2))
server:                (not
server:                  (=
server:                    (mod (+ 1 (mod main::x 4294967296)) 4294967296)
server:                    (mod (+ 1 (mod (mod (mod main::x 4294967296) 2) 4294967296)) 4294967296)))
server:                (not (= 2 (mod main::x 4294967296)))
server:                (not
server:                  (>=
server:                    (mod (+ 1 (mod (+ 1 (mod main::y 4294967296)) 4294967296)) 4294967296)
server:                    10))
server:                (not (>= (mod (+ 1 (mod main::y 4294967296)) 4294967296) 10)))
server:              (and
server:                (not (>= (mod main::x 4294967296) 268435455))
server:                (not (>= (mod main::y 4294967296) 10))
server:                (not (= 0 main::x))
server:                (not
server:                  (<=
server:                    (+
server:                      (mod (+ 1 (mod main::x 4294967296)) 4294967296)
server:                      (* -1 (mod (+ 1 (mod main::y 4294967296)) 4294967296)))
server:                    0))
server:                (>=
server:                  (+
server:                    (mod (+ 1 (mod main::x 4294967296)) 4294967296)
server:                    (* -1 (mod (+ 1 (mod main::y 4294967296)) 4294967296)))
server:                  0)
server:                (not
server:                  (=
server:                    (mod (+ 1 (mod main::y 4294967296)) 4294967296)
server:                    (mod (+ 1 (mod main::x 4294967296)) 4294967296)))
server:                (not (= main::y (mod (+ 1 (mod main::x 4294967296)) 4294967296)))
server:                (not
server:                  (<= 0 (+ (* -1 (mod (+ 1 (mod main::x 4294967296)) 4294967296)) main::y)))
server:                (<= 0 (+ (mod (+ 1 (mod main::x 4294967296)) 4294967296) (* -1 main::y)))
server:                (or
server:                  (and
server:                    (<=
server:                      0
server:                      (+ main::y (* -1 (mod (mod (mod main::x 4294967296) 2) 4294967296))))
server:                    (>= (+ (mod main::x 4294967296) (* -1 (mod main::y 4294967296))) 0))
server:                  (<= (mod (mod main::x 4294967296) 2) 0))
server:                (not
server:                  (or
server:                    (and
server:                      (<=
server:                        0
server:                        (+ (* -1 main::y) (mod (mod (mod main::x 4294967296) 2) 4294967296)))
server:                      (<= (+ (mod main::x 4294967296) (* -1 (mod main::y 4294967296))) 0))
server:                    (<= (mod (mod main::x 4294967296) 2) 0)))
server:                (not (= 0 main::y))
server:                (not (<= (mod (mod main::x 4294967296) 2) 0))
server:                (not (>= (mod main::x 4294967296) 10))
server:                (not
server:                  (>= (+ main::y (* -1 (mod (+ 1 (mod main::x 4294967296)) 4294967296))) 0))
server:                (<= (+ main::y (* -1 (mod (+ 1 (mod main::x 4294967296)) 4294967296))) 0)
server:                (not
server:                  (>=
server:                    (mod (+ 1 (mod (+ 1 (mod main::x 4294967296)) 4294967296)) 4294967296)
server:                    10))
server:                (not (>= (mod (+ 1 (mod main::x 4294967296)) 4294967296) 10))
server:                (<= 1 main::y)
server:                (not (<= main::y 1))
server:                (= 1 (mod (mod main::x 4294967296) 2))
server:                (not
server:                  (=
server:                    (mod (+ 1 (mod main::x 4294967296)) 4294967296)
server:                    (mod (+ 1 (mod (mod (mod main::x 4294967296) 2) 4294967296)) 4294967296)))
server:                (not (= 2 (mod main::x 4294967296)))
server:                (not
server:                  (>=
server:                    (mod (+ 1 (mod (+ 1 (mod main::y 4294967296)) 4294967296)) 4294967296)
server:                    10))
server:                (not (>= (mod (+ 1 (mod main::y 4294967296)) 4294967296) 10)))
server:              (and
server:                (not (>= (mod main::x 4294967296) 268435455))
server:                (not (>= (mod main::y 4294967296) 10))
server:                (not (= 0 main::x))
server:                (>=
server:                  (+
server:                    (mod (+ 1 (mod main::x 4294967296)) 4294967296)
server:                    (* -1 (mod (+ 1 (mod main::y 4294967296)) 4294967296)))
server:                  0)
server:                (not (= main::y (mod (+ 1 (mod main::x 4294967296)) 4294967296)))
server:                (not
server:                  (<= 0 (+ (* -1 (mod (+ 1 (mod main::x 4294967296)) 4294967296)) main::y)))
server:                (<= 0 (+ (mod (+ 1 (mod main::x 4294967296)) 4294967296) (* -1 main::y)))
server:                (or
server:                  (and
server:                    (<=
server:                      0
server:                      (+ main::y (* -1 (mod (mod (mod main::x 4294967296) 2) 4294967296))))
server:                    (>= (+ (mod main::x 4294967296) (* -1 (mod main::y 4294967296))) 0))
server:                  (<= (mod (mod main::x 4294967296) 2) 0))
server:                (not
server:                  (or
server:                    (and
server:                      (<=
server:                        0
server:                        (+ (* -1 main::y) (mod (mod (mod main::x 4294967296) 2) 4294967296)))
server:                      (<= (+ (mod main::x 4294967296) (* -1 (mod main::y 4294967296))) 0))
server:                    (<= (mod (mod main::x 4294967296) 2) 0)))
server:                (not (= 0 main::y))
server:                (not (<= (mod (mod main::x 4294967296) 2) 0))
server:                (not (>= (mod main::x 4294967296) 10))
server:                (not
server:                  (>= (+ main::y (* -1 (mod (+ 1 (mod main::x 4294967296)) 4294967296))) 0))
server:                (<= (+ main::y (* -1 (mod (+ 1 (mod main::x 4294967296)) 4294967296))) 0)
server:                (not
server:                  (>=
server:                    (mod (+ 1 (mod (+ 1 (mod main::x 4294967296)) 4294967296)) 4294967296)
server:                    10))
server:                (not (>= (mod (+ 1 (mod main::x 4294967296)) 4294967296) 10))
server:                (<= 1 main::y)
server:                (not (<= main::y 1))
server:                (= 1 (mod (mod main::x 4294967296) 2))
server:                (not
server:                  (=
server:                    (mod (+ 1 (mod main::x 4294967296)) 4294967296)
server:                    (mod (+ 1 (mod (mod (mod main::x 4294967296) 2) 4294967296)) 4294967296)))
server:                (not (= 2 (mod main::x 4294967296)))
server:                (not
server:                  (>=
server:                    (mod (+ 1 (mod (+ 1 (mod main::y 4294967296)) 4294967296)) 4294967296)
server:                    10))
server:                (not (>= (mod (+ 1 (mod main::y 4294967296)) 4294967296) 10)))
server:              (and
server:                (not (>= (mod main::x 4294967296) 268435455))
server:                (not (>= (mod main::y 4294967296) 10))
server:                (not (= 0 main::x))
server:                (<= 0 (+ (mod (+ 1 (mod main::x 4294967296)) 4294967296) (* -1 main::y)))
server:                (not
server:                  (or
server:                    (and
server:                      (<=
server:                        0
server:                        (+ (* -1 main::y) (mod (mod (mod main::x 4294967296) 2) 4294967296)))
server:                      (<= (+ (mod main::x 4294967296) (* -1 (mod main::y 4294967296))) 0))
server:                    (<= (mod (mod main::x 4294967296) 2) 0)))
server:                (not (= 0 main::y))
server:                (not (<= (mod (mod main::x 4294967296) 2) 0))
server:                (not (>= (mod main::x 4294967296) 10))
server:                (<= (+ main::y (* -1 (mod (+ 1 (mod main::x 4294967296)) 4294967296))) 0)
server:                (not
server:                  (>=
server:                    (mod (+ 1 (mod (+ 1 (mod main::x 4294967296)) 4294967296)) 4294967296)
server:                    10))
server:                (not (>= (mod (+ 1 (mod main::x 4294967296)) 4294967296) 10))
server:                (<= 1 main::y)
server:                (not (<= main::y 1))
server:                (= 1 (mod (mod main::x 4294967296) 2))
server:                (not
server:                  (=
server:                    (mod (+ 1 (mod main::x 4294967296)) 4294967296)
server:                    (mod (+ 1 (mod (mod (mod main::x 4294967296) 2) 4294967296)) 4294967296)))
server:                (not (= 2 (mod main::x 4294967296)))
server:                (not (>= (mod (+ 1 (mod main::y 4294967296)) 4294967296) 10)))
server:              (and
server:                (not (>= (mod main::x 4294967296) 268435455))
server:                (not (>= (mod main::y 4294967296) 10))
server:                (not (= 0 main::x))
server:                (not
server:                  (or
server:                    (and
server:                      (<=
server:                        0
server:                        (+ (* -1 main::y) (mod (mod (mod main::x 4294967296) 2) 4294967296)))
server:                      (<= (+ (mod main::x 4294967296) (* -1 (mod main::y 4294967296))) 0))
server:                    (<= (mod (mod main::x 4294967296) 2) 0)))
server:                (not (= 0 main::y))
server:                (not (<= (mod (mod main::x 4294967296) 2) 0))
server:                (not (>= (mod main::x 4294967296) 10))
server:                (not
server:                  (>=
server:                    (mod (+ 1 (mod (+ 1 (mod main::x 4294967296)) 4294967296)) 4294967296)
server:                    10))
server:                (not (>= (mod (+ 1 (mod main::x 4294967296)) 4294967296) 10))
server:                (<= 1 main::y)
server:                (not (<= main::y 1))
server:                (= 1 (mod (mod main::x 4294967296) 2))
server:                (not
server:                  (=
server:                    (mod (+ 1 (mod main::x 4294967296)) 4294967296)
server:                    (mod (+ 1 (mod (mod (mod main::x 4294967296) 2) 4294967296)) 4294967296)))
server:                (not (= 2 (mod main::x 4294967296))))
server:              (and
server:                (not (>= (mod main::x 4294967296) 268435455))
server:                (not (= 0 main::x))
server:                (not
server:                  (or
server:                    (and
server:                      (<=
server:                        0
server:                        (+ (* -1 main::y) (mod (mod (mod main::x 4294967296) 2) 4294967296)))
server:                      (<= (+ (mod main::x 4294967296) (* -1 (mod main::y 4294967296))) 0))
server:                    (<= (mod (mod main::x 4294967296) 2) 0)))
server:                (not (= 0 main::y))
server:                (not (<= (mod (mod main::x 4294967296) 2) 0))
server:                (not (>= (mod main::x 4294967296) 10))
server:                (not
server:                  (>=
server:                    (mod (+ 1 (mod (+ 1 (mod main::x 4294967296)) 4294967296)) 4294967296)
server:                    10))
server:                (not (>= (mod (+ 1 (mod main::x 4294967296)) 4294967296) 10))
server:                (<= 1 main::y)
server:                (= 1 (mod (mod main::x 4294967296) 2))
server:                (not
server:                  (=
server:                    (mod (+ 1 (mod main::x 4294967296)) 4294967296)
server:                    (mod (+ 1 (mod (mod (mod main::x 4294967296) 2) 4294967296)) 4294967296)))
server:                (not (= 2 (mod main::x 4294967296))))
server:              (and
server:                (not (>= (mod main::x 4294967296) 268435455))
server:                (not (= 0 main::x))
server:                (not
server:                  (or
server:                    (and
server:                      (<=
server:                        0
server:                        (+ (* -1 main::y) (mod (mod (mod main::x 4294967296) 2) 4294967296)))
server:                      (<= (+ (mod main::x 4294967296) (* -1 (mod main::y 4294967296))) 0))
server:                    (<= (mod (mod main::x 4294967296) 2) 0)))
server:                (not (= 0 main::y))
server:                (not (<= (mod (mod main::x 4294967296) 2) 0))
server:                (not (>= (mod main::x 4294967296) 10))
server:                (not
server:                  (>=
server:                    (mod (+ 1 (mod (+ 1 (mod main::x 4294967296)) 4294967296)) 4294967296)
server:                    10))
server:                (not (>= (mod (+ 1 (mod main::x 4294967296)) 4294967296) 10))
server:                (<= 1 main::y)
server:                (= 1 (mod (mod main::x 4294967296) 2))
server:                (not
server:                  (=
server:                    (mod (+ 1 (mod main::x 4294967296)) 4294967296)
server:                    (mod (+ 1 (mod (mod (mod main::x 4294967296) 2) 4294967296)) 4294967296)))
server:                (not (= 2 (mod main::x 4294967296))))
server:              (and
server:                (not (>= (mod main::x 4294967296) 268435455))
server:                (not (>= (mod main::y 4294967296) 10))
server:                (not (= 0 main::x))
server:                (not
server:                  (<=
server:                    (+
server:                      (mod (+ 1 (mod main::x 4294967296)) 4294967296)
server:                      (* -1 (mod (+ 1 (mod main::y 4294967296)) 4294967296)))
server:                    0))
server:                (>=
server:                  (+
server:                    (mod (+ 1 (mod main::x 4294967296)) 4294967296)
server:                    (* -1 (mod (+ 1 (mod main::y 4294967296)) 4294967296)))
server:                  0)
server:                (not
server:                  (=
server:                    (mod (+ 1 (mod main::y 4294967296)) 4294967296)
server:                    (mod (+ 1 (mod main::x 4294967296)) 4294967296)))
server:                (not (= main::y (mod (+ 1 (mod main::x 4294967296)) 4294967296)))
server:                (not
server:                  (<= 0 (+ (* -1 (mod (+ 1 (mod main::x 4294967296)) 4294967296)) main::y)))
server:                (<= 0 (+ (mod (+ 1 (mod main::x 4294967296)) 4294967296) (* -1 main::y)))
server:                (or
server:                  (and
server:                    (<=
server:                      0
server:                      (+ main::y (* -1 (mod (mod (mod main::x 4294967296) 2) 4294967296))))
server:                    (>= (+ (mod main::x 4294967296) (* -1 (mod main::y 4294967296))) 0))
server:                  (<= (mod (mod main::x 4294967296) 2) 0))
server:                (or
server:                  (and
server:                    (<=
server:                      0
server:                      (+ (* -1 main::y) (mod (mod (mod main::x 4294967296) 2) 4294967296)))
server:                    (<= (+ (mod main::x 4294967296) (* -1 (mod main::y 4294967296))) 0))
server:                  (<= (mod (mod main::x 4294967296) 2) 0))
server:                (= 0 main::y)
server:                (<= (mod (mod main::x 4294967296) 2) 0)
server:                (not (>= (mod main::x 4294967296) 10))
server:                (not
server:                  (>= (+ main::y (* -1 (mod (+ 1 (mod main::x 4294967296)) 4294967296))) 0))
server:                (<= (+ main::y (* -1 (mod (+ 1 (mod main::x 4294967296)) 4294967296))) 0)
server:                (not (>= (mod (+ 1 (mod main::x 4294967296)) 4294967296) 10))
server:                (not (<= 1 main::y))
server:                (<= main::y 1)
server:                (not (= 1 (mod (mod main::x 4294967296) 2)))
server:                (not
server:                  (=
server:                    (mod (+ 1 (mod main::x 4294967296)) 4294967296)
server:                    (mod (+ 1 (mod (mod (mod main::x 4294967296) 2) 4294967296)) 4294967296)))
server:                (not (= 2 (mod main::x 4294967296)))
server:                (not
server:                  (>=
server:                    (mod (+ 1 (mod (+ 1 (mod main::y 4294967296)) 4294967296)) 4294967296)
server:                    10))
server:                (not (>= (mod (+ 1 (mod main::y 4294967296)) 4294967296) 10)))
server:              (and
server:                (not (>= (mod main::x 4294967296) 268435455))
server:                (not (>= (mod main::y 4294967296) 10))
server:                (not (= 0 main::x))
server:                (not
server:                  (<=
server:                    (+
server:                      (mod (+ 1 (mod main::x 4294967296)) 4294967296)
server:                      (* -1 (mod (+ 1 (mod main::y 4294967296)) 4294967296)))
server:                    0))
server:                (>=
server:                  (+
server:                    (mod (+ 1 (mod main::x 4294967296)) 4294967296)
server:                    (* -1 (mod (+ 1 (mod main::y 4294967296)) 4294967296)))
server:                  0)
server:                (not
server:                  (=
server:                    (mod (+ 1 (mod main::y 4294967296)) 4294967296)
server:                    (mod (+ 1 (mod main::x 4294967296)) 4294967296)))
server:                (not (= main::y (mod (+ 1 (mod main::x 4294967296)) 4294967296)))
server:                (not
server:                  (<= 0 (+ (* -1 (mod (+ 1 (mod main::x 4294967296)) 4294967296)) main::y)))
server:                (<= 0 (+ (mod (+ 1 (mod main::x 4294967296)) 4294967296) (* -1 main::y)))
server:                (or
server:                  (and
server:                    (<=
server:                      0
server:                      (+ main::y (* -1 (mod (mod (mod main::x 4294967296) 2) 4294967296))))
server:                    (>= (+ (mod main::x 4294967296) (* -1 (mod main::y 4294967296))) 0))
server:                  (<= (mod (mod main::x 4294967296) 2) 0))
server:                (or
server:                  (and
server:                    (<=
server:                      0
server:                      (+ (* -1 main::y) (mod (mod (mod main::x 4294967296) 2) 4294967296)))
server:                    (<= (+ (mod main::x 4294967296) (* -1 (mod main::y 4294967296))) 0))
server:                  (<= (mod (mod main::x 4294967296) 2) 0))
server:                (not (= 0 main::y))
server:                (<= (mod (mod main::x 4294967296) 2) 0)
server:                (not (>= (mod main::x 4294967296) 10))
server:                (not
server:                  (>= (+ main::y (* -1 (mod (+ 1 (mod main::x 4294967296)) 4294967296))) 0))
server:                (<= (+ main::y (* -1 (mod (+ 1 (mod main::x 4294967296)) 4294967296))) 0)
server:                (not (>= (mod (+ 1 (mod main::x 4294967296)) 4294967296) 10))
server:                (<= 1 main::y)
server:                (<= main::y 1)
server:                (not (= 1 (mod (mod main::x 4294967296) 2)))
server:                (not
server:                  (=
server:                    (mod (+ 1 (mod main::x 4294967296)) 4294967296)
server:                    (mod (+ 1 (mod (mod (mod main::x 4294967296) 2) 4294967296)) 4294967296)))
server:                (not (= 2 (mod main::x 4294967296)))
server:                (not
server:                  (>=
server:                    (mod (+ 1 (mod (+ 1 (mod main::y 4294967296)) 4294967296)) 4294967296)
server:                    10))
server:                (not (>= (mod (+ 1 (mod main::y 4294967296)) 4294967296) 10)))
server:              (and
server:                (not (>= (mod main::x 4294967296) 268435455))
server:                (not (>= (mod main::y 4294967296) 10))
server:                (not (= 0 main::x))
server:                (not
server:                  (<=
server:                    (+
server:                      (mod (+ 1 (mod main::x 4294967296)) 4294967296)
server:                      (* -1 (mod (+ 1 (mod main::y 4294967296)) 4294967296)))
server:                    0))
server:                (>=
server:                  (+
server:                    (mod (+ 1 (mod main::x 4294967296)) 4294967296)
server:                    (* -1 (mod (+ 1 (mod main::y 4294967296)) 4294967296)))
server:                  0)
server:                (not
server:                  (=
server:                    (mod (+ 1 (mod main::y 4294967296)) 4294967296)
server:                    (mod (+ 1 (mod main::x 4294967296)) 4294967296)))
server:                (not (= main::y (mod (+ 1 (mod main::x 4294967296)) 4294967296)))
server:                (not
server:                  (<= 0 (+ (* -1 (mod (+ 1 (mod main::x 4294967296)) 4294967296)) main::y)))
server:                (<= 0 (+ (mod (+ 1 (mod main::x 4294967296)) 4294967296) (* -1 main::y)))
server:                (or
server:                  (and
server:                    (<=
server:                      0
server:                      (+ main::y (* -1 (mod (mod (mod main::x 4294967296) 2) 4294967296))))
server:                    (>= (+ (mod main::x 4294967296) (* -1 (mod main::y 4294967296))) 0))
server:                  (<= (mod (mod main::x 4294967296) 2) 0))
server:                (or
server:                  (and
server:                    (<=
server:                      0
server:                      (+ (* -1 main::y) (mod (mod (mod main::x 4294967296) 2) 4294967296)))
server:                    (<= (+ (mod main::x 4294967296) (* -1 (mod main::y 4294967296))) 0))
server:                  (<= (mod (mod main::x 4294967296) 2) 0))
server:                (not (= 0 main::y))
server:                (<= (mod (mod main::x 4294967296) 2) 0)
server:                (not (>= (mod main::x 4294967296) 10))
server:                (not
server:                  (>= (+ main::y (* -1 (mod (+ 1 (mod main::x 4294967296)) 4294967296))) 0))
server:                (<= (+ main::y (* -1 (mod (+ 1 (mod main::x 4294967296)) 4294967296))) 0)
server:                (not (>= (mod (+ 1 (mod main::x 4294967296)) 4294967296) 10))
server:                (<= 1 main::y)
server:                (not (<= main::y 1))
server:                (not (= 1 (mod (mod main::x 4294967296) 2)))
server:                (not
server:                  (=
server:                    (mod (+ 1 (mod main::x 4294967296)) 4294967296)
server:                    (mod (+ 1 (mod (mod (mod main::x 4294967296) 2) 4294967296)) 4294967296)))
server:                (not (= 2 (mod main::x 4294967296)))
server:                (not
server:                  (>=
server:                    (mod (+ 1 (mod (+ 1 (mod main::y 4294967296)) 4294967296)) 4294967296)
server:                    10))
server:                (not (>= (mod (+ 1 (mod main::y 4294967296)) 4294967296) 10)))
server:              (and
server:                (not (>= (mod main::x 4294967296) 268435455))
server:                (not (>= (mod main::y 4294967296) 10))
server:                (not (= 0 main::x))
server:                (>=
server:                  (+
server:                    (mod (+ 1 (mod main::x 4294967296)) 4294967296)
server:                    (* -1 (mod (+ 1 (mod main::y 4294967296)) 4294967296)))
server:                  0)
server:                (not (= main::y (mod (+ 1 (mod main::x 4294967296)) 4294967296)))
server:                (not
server:                  (<= 0 (+ (* -1 (mod (+ 1 (mod main::x 4294967296)) 4294967296)) main::y)))
server:                (<= 0 (+ (mod (+ 1 (mod main::x 4294967296)) 4294967296) (* -1 main::y)))
server:                (or
server:                  (and
server:                    (<=
server:                      0
server:                      (+ main::y (* -1 (mod (mod (mod main::x 4294967296) 2) 4294967296))))
server:                    (>= (+ (mod main::x 4294967296) (* -1 (mod main::y 4294967296))) 0))
server:                  (<= (mod (mod main::x 4294967296) 2) 0))
server:                (or
server:                  (and
server:                    (<=
server:                      0
server:                      (+ (* -1 main::y) (mod (mod (mod main::x 4294967296) 2) 4294967296)))
server:                    (<= (+ (mod main::x 4294967296) (* -1 (mod main::y 4294967296))) 0))
server:                  (<= (mod (mod main::x 4294967296) 2) 0))
server:                (not (= 0 main::y))
server:                (<= (mod (mod main::x 4294967296) 2) 0)
server:                (not (>= (mod main::x 4294967296) 10))
server:                (not
server:                  (>= (+ main::y (* -1 (mod (+ 1 (mod main::x 4294967296)) 4294967296))) 0))
server:                (<= (+ main::y (* -1 (mod (+ 1 (mod main::x 4294967296)) 4294967296))) 0)
server:                (not (>= (mod (+ 1 (mod main::x 4294967296)) 4294967296) 10))
server:                (<= 1 main::y)
server:                (not (<= main::y 1))
server:                (not (= 1 (mod (mod main::x 4294967296) 2)))
server:                (not
server:                  (=
server:                    (mod (+ 1 (mod main::x 4294967296)) 4294967296)
server:                    (mod (+ 1 (mod (mod (mod main::x 4294967296) 2) 4294967296)) 4294967296)))
server:                (not (= 2 (mod main::x 4294967296)))
server:                (not (>= (mod (+ 1 (mod main::y 4294967296)) 4294967296) 10)))
server:              (and
server:                (not (>= (mod main::x 4294967296) 268435455))
server:                (not (>= (mod main::y 4294967296) 10))
server:                (not (= 0 main::x))
server:                (<= 0 (+ (mod (+ 1 (mod main::x 4294967296)) 4294967296) (* -1 main::y)))
server:                (or
server:                  (and
server:                    (<=
server:                      0
server:                      (+ main::y (* -1 (mod (mod (mod main::x 4294967296) 2) 4294967296))))
server:                    (>= (+ (mod main::x 4294967296) (* -1 (mod main::y 4294967296))) 0))
server:                  (<= (mod (mod main::x 4294967296) 2) 0))
server:                (or
server:                  (and
server:                    (<=
server:                      0
server:                      (+ (* -1 main::y) (mod (mod (mod main::x 4294967296) 2) 4294967296)))
server:                    (<= (+ (mod main::x 4294967296) (* -1 (mod main::y 4294967296))) 0))
server:                  (<= (mod (mod main::x 4294967296) 2) 0))
server:                (not (= 0 main::y))
server:                (<= (mod (mod main::x 4294967296) 2) 0)
server:                (not (>= (mod main::x 4294967296) 10))
server:                (<= (+ main::y (* -1 (mod (+ 1 (mod main::x 4294967296)) 4294967296))) 0)
server:                (not (>= (mod (+ 1 (mod main::x 4294967296)) 4294967296) 10))
server:                (<= 1 main::y)
server:                (not (<= main::y 1))
server:                (not (= 1 (mod (mod main::x 4294967296) 2)))
server:                (not
server:                  (=
server:                    (mod (+ 1 (mod main::x 4294967296)) 4294967296)
server:                    (mod (+ 1 (mod (mod (mod main::x 4294967296) 2) 4294967296)) 4294967296)))
server:                (not (= 2 (mod main::x 4294967296))))
server:              (and
server:                (not (>= (mod main::x 4294967296) 268435455))
server:                (not (= 0 main::x))
server:                (or
server:                  (and
server:                    (<=
server:                      0
server:                      (+ main::y (* -1 (mod (mod (mod main::x 4294967296) 2) 4294967296))))
server:                    (>= (+ (mod main::x 4294967296) (* -1 (mod main::y 4294967296))) 0))
server:                  (<= (mod (mod main::x 4294967296) 2) 0))
server:                (or
server:                  (and
server:                    (<=
server:                      0
server:                      (+ (* -1 main::y) (mod (mod (mod main::x 4294967296) 2) 4294967296)))
server:                    (<= (+ (mod main::x 4294967296) (* -1 (mod main::y 4294967296))) 0))
server:                  (<= (mod (mod main::x 4294967296) 2) 0))
server:                (not (= 0 main::y))
server:                (<= (mod (mod main::x 4294967296) 2) 0)
server:                (not (>= (mod main::x 4294967296) 10))
server:                (not (>= (mod (+ 1 (mod main::x 4294967296)) 4294967296) 10))
server:                (<= 1 main::y)
server:                (not (<= main::y 1))
server:                (not (= 1 (mod (mod main::x 4294967296) 2)))
server:                (not
server:                  (=
server:                    (mod (+ 1 (mod main::x 4294967296)) 4294967296)
server:                    (mod (+ 1 (mod (mod (mod main::x 4294967296) 2) 4294967296)) 4294967296)))
server:                (not (= 2 (mod main::x 4294967296))))
server:              (and
server:                (not (>= (mod main::x 4294967296) 268435455))
server:                (not (= 0 main::x))
server:                (or
server:                  (and
server:                    (<=
server:                      0
server:                      (+ main::y (* -1 (mod (mod (mod main::x 4294967296) 2) 4294967296))))
server:                    (>= (+ (mod main::x 4294967296) (* -1 (mod main::y 4294967296))) 0))
server:                  (<= (mod (mod main::x 4294967296) 2) 0))
server:                (or
server:                  (and
server:                    (<=
server:                      0
server:                      (+ (* -1 main::y) (mod (mod (mod main::x 4294967296) 2) 4294967296)))
server:                    (<= (+ (mod main::x 4294967296) (* -1 (mod main::y 4294967296))) 0))
server:                  (<= (mod (mod main::x 4294967296) 2) 0))
server:                (not (= 0 main::y))
server:                (<= (mod (mod main::x 4294967296) 2) 0)
server:                (not (>= (mod main::x 4294967296) 10))
server:                (not (>= (mod (+ 1 (mod main::x 4294967296)) 4294967296) 10))
server:                (<= 1 main::y)
server:                (not (= 1 (mod (mod main::x 4294967296) 2)))
server:                (not
server:                  (=
server:                    (mod (+ 1 (mod main::x 4294967296)) 4294967296)
server:                    (mod (+ 1 (mod (mod (mod main::x 4294967296) 2) 4294967296)) 4294967296)))
server:                (not (= 2 (mod main::x 4294967296))))
server:              (and
server:                (not (>= (mod main::x 4294967296) 268435455))
server:                (not (>= (mod main::y 4294967296) 10))
server:                (not (= 0 main::x))
server:                (not
server:                  (<=
server:                    (+
server:                      (mod (+ 1 (mod main::x 4294967296)) 4294967296)
server:                      (* -1 (mod (+ 1 (mod main::y 4294967296)) 4294967296)))
server:                    0))
server:                (>=
server:                  (+
server:                    (mod (+ 1 (mod main::x 4294967296)) 4294967296)
server:                    (* -1 (mod (+ 1 (mod main::y 4294967296)) 4294967296)))
server:                  0)
server:                (not
server:                  (=
server:                    (mod (+ 1 (mod main::y 4294967296)) 4294967296)
server:                    (mod (+ 1 (mod main::x 4294967296)) 4294967296)))
server:                (not (= main::y (mod (+ 1 (mod main::x 4294967296)) 4294967296)))
server:                (not
server:                  (<= 0 (+ (* -1 (mod (+ 1 (mod main::x 4294967296)) 4294967296)) main::y)))
server:                (<= 0 (+ (mod (+ 1 (mod main::x 4294967296)) 4294967296) (* -1 main::y)))
server:                (not
server:                  (or
server:                    (and
server:                      (<=
server:                        0
server:                        (+ main::y (* -1 (mod (mod (mod main::x 4294967296) 2) 4294967296))))
server:                      (>= (+ (mod main::x 4294967296) (* -1 (mod main::y 4294967296))) 0))
server:                    (<= (mod (mod main::x 4294967296) 2) 0)))
server:                (not
server:                  (or
server:                    (and
server:                      (<=
server:                        0
server:                        (+ (* -1 main::y) (mod (mod (mod main::x 4294967296) 2) 4294967296)))
server:                      (<= (+ (mod main::x 4294967296) (* -1 (mod main::y 4294967296))) 0))
server:                    (<= (mod (mod main::x 4294967296) 2) 0)))
server:                (= 0 main::y)
server:                (not (<= (mod (mod main::x 4294967296) 2) 0))
server:                (not (>= (mod main::x 4294967296) 10))
server:                (not
server:                  (>= (+ main::y (* -1 (mod (+ 1 (mod main::x 4294967296)) 4294967296))) 0))
server:                (<= (+ main::y (* -1 (mod (+ 1 (mod main::x 4294967296)) 4294967296))) 0)
server:                (not (<= 1 main::y))
server:                (<= main::y 1)
server:                (= 1 (mod (mod main::x 4294967296) 2))
server:                (not
server:                  (=
server:                    (mod (+ 1 (mod main::x 4294967296)) 4294967296)
server:                    (mod (+ 1 (mod (mod (mod main::x 4294967296) 2) 4294967296)) 4294967296)))
server:                (not (= 2 (mod main::x 4294967296)))
server:                (not
server:                  (>=
server:                    (mod (+ 1 (mod (+ 1 (mod main::y 4294967296)) 4294967296)) 4294967296)
server:                    10))
server:                (not (>= (mod (+ 1 (mod main::y 4294967296)) 4294967296) 10)))
server:              (and
server:                (not (>= (mod main::x 4294967296) 268435455))
server:                (not (>= (mod main::y 4294967296) 10))
server:                (not (= 0 main::x))
server:                (not
server:                  (<=
server:                    (+
server:                      (mod (+ 1 (mod main::x 4294967296)) 4294967296)
server:                      (* -1 (mod (+ 1 (mod main::y 4294967296)) 4294967296)))
server:                    0))
server:                (>=
server:                  (+
server:                    (mod (+ 1 (mod main::x 4294967296)) 4294967296)
server:                    (* -1 (mod (+ 1 (mod main::y 4294967296)) 4294967296)))
server:                  0)
server:                (not
server:                  (=
server:                    (mod (+ 1 (mod main::y 4294967296)) 4294967296)
server:                    (mod (+ 1 (mod main::x 4294967296)) 4294967296)))
server:                (not (= main::y (mod (+ 1 (mod main::x 4294967296)) 4294967296)))
server:                (not
server:                  (<= 0 (+ (* -1 (mod (+ 1 (mod main::x 4294967296)) 4294967296)) main::y)))
server:                (<= 0 (+ (mod (+ 1 (mod main::x 4294967296)) 4294967296) (* -1 main::y)))
server:                (or
server:                  (and
server:                    (<=
server:                      0
server:                      (+ main::y (* -1 (mod (mod (mod main::x 4294967296) 2) 4294967296))))
server:                    (>= (+ (mod main::x 4294967296) (* -1 (mod main::y 4294967296))) 0))
server:                  (<= (mod (mod main::x 4294967296) 2) 0))
server:                (not
server:                  (or
server:                    (and
server:                      (<=
server:                        0
server:                        (+ (* -1 main::y) (mod (mod (mod main::x 4294967296) 2) 4294967296)))
server:                      (<= (+ (mod main::x 4294967296) (* -1 (mod main::y 4294967296))) 0))
server:                    (<= (mod (mod main::x 4294967296) 2) 0)))
server:                (not (= 0 main::y))
server:                (not (<= (mod (mod main::x 4294967296) 2) 0))
server:                (not (>= (mod main::x 4294967296) 10))
server:                (not
server:                  (>= (+ main::y (* -1 (mod (+ 1 (mod main::x 4294967296)) 4294967296))) 0))
server:                (<= (+ main::y (* -1 (mod (+ 1 (mod main::x 4294967296)) 4294967296))) 0)
server:                (<= 1 main::y)
server:                (<= main::y 1)
server:                (= 1 (mod (mod main::x 4294967296) 2))
server:                (not
server:                  (=
server:                    (mod (+ 1 (mod main::x 4294967296)) 4294967296)
server:                    (mod (+ 1 (mod (mod (mod main::x 4294967296) 2) 4294967296)) 4294967296)))
server:                (not (= 2 (mod main::x 4294967296)))
server:                (not
server:                  (>=
server:                    (mod (+ 1 (mod (+ 1 (mod main::y 4294967296)) 4294967296)) 4294967296)
server:                    10))
server:                (not (>= (mod (+ 1 (mod main::y 4294967296)) 4294967296) 10)))
server:              (and
server:                (not (>= (mod main::x 4294967296) 268435455))
server:                (not (>= (mod main::y 4294967296) 10))
server:                (not (= 0 main::x))
server:                (not
server:                  (<=
server:                    (+
server:                      (mod (+ 1 (mod main::x 4294967296)) 4294967296)
server:                      (* -1 (mod (+ 1 (mod main::y 4294967296)) 4294967296)))
server:                    0))
server:                (>=
server:                  (+
server:                    (mod (+ 1 (mod main::x 4294967296)) 4294967296)
server:                    (* -1 (mod (+ 1 (mod main::y 4294967296)) 4294967296)))
server:                  0)
server:                (not
server:                  (=
server:                    (mod (+ 1 (mod main::y 4294967296)) 4294967296)
server:                    (mod (+ 1 (mod main::x 4294967296)) 4294967296)))
server:                (not (= main::y (mod (+ 1 (mod main::x 4294967296)) 4294967296)))
server:                (not
server:                  (<= 0 (+ (* -1 (mod (+ 1 (mod main::x 4294967296)) 4294967296)) main::y)))
server:                (<= 0 (+ (mod (+ 1 (mod main::x 4294967296)) 4294967296) (* -1 main::y)))
server:                (or
server:                  (and
server:                    (<=
server:                      0
server:                      (+ main::y (* -1 (mod (mod (mod main::x 4294967296) 2) 4294967296))))
server:                    (>= (+ (mod main::x 4294967296) (* -1 (mod main::y 4294967296))) 0))
server:                  (<= (mod (mod main::x 4294967296) 2) 0))
server:                (not
server:                  (or
server:                    (and
server:                      (<=
server:                        0
server:                        (+ (* -1 main::y) (mod (mod (mod main::x 4294967296) 2) 4294967296)))
server:                      (<= (+ (mod main::x 4294967296) (* -1 (mod main::y 4294967296))) 0))
server:                    (<= (mod (mod main::x 4294967296) 2) 0)))
server:                (not (= 0 main::y))
server:                (not (<= (mod (mod main::x 4294967296) 2) 0))
server:                (not (>= (mod main::x 4294967296) 10))
server:                (not
server:                  (>= (+ main::y (* -1 (mod (+ 1 (mod main::x 4294967296)) 4294967296))) 0))
server:                (<= (+ main::y (* -1 (mod (+ 1 (mod main::x 4294967296)) 4294967296))) 0)
server:                (<= 1 main::y)
server:                (not (<= main::y 1))
server:                (= 1 (mod (mod main::x 4294967296) 2))
server:                (not
server:                  (=
server:                    (mod (+ 1 (mod main::x 4294967296)) 4294967296)
server:                    (mod (+ 1 (mod (mod (mod main::x 4294967296) 2) 4294967296)) 4294967296)))
server:                (not (= 2 (mod main::x 4294967296)))
server:                (not
server:                  (>=
server:                    (mod (+ 1 (mod (+ 1 (mod main::y 4294967296)) 4294967296)) 4294967296)
server:                    10))
server:                (not (>= (mod (+ 1 (mod main::y 4294967296)) 4294967296) 10)))
server:              (and
server:                (not (>= (mod main::x 4294967296) 268435455))
server:                (not (>= (mod main::y 4294967296) 10))
server:                (not (= 0 main::x))
server:                (>=
server:                  (+
server:                    (mod (+ 1 (mod main::x 4294967296)) 4294967296)
server:                    (* -1 (mod (+ 1 (mod main::y 4294967296)) 4294967296)))
server:                  0)
server:                (not (= main::y (mod (+ 1 (mod main::x 4294967296)) 4294967296)))
server:                (not
server:                  (<= 0 (+ (* -1 (mod (+ 1 (mod main::x 4294967296)) 4294967296)) main::y)))
server:                (<= 0 (+ (mod (+ 1 (mod main::x 4294967296)) 4294967296) (* -1 main::y)))
server:                (or
server:                  (and
server:                    (<=
server:                      0
server:                      (+ main::y (* -1 (mod (mod (mod main::x 4294967296) 2) 4294967296))))
server:                    (>= (+ (mod main::x 4294967296) (* -1 (mod main::y 4294967296))) 0))
server:                  (<= (mod (mod main::x 4294967296) 2) 0))
server:                (not
server:                  (or
server:                    (and
server:                      (<=
server:                        0
server:                        (+ (* -1 main::y) (mod (mod (mod main::x 4294967296) 2) 4294967296)))
server:                      (<= (+ (mod main::x 4294967296) (* -1 (mod main::y 4294967296))) 0))
server:                    (<= (mod (mod main::x 4294967296) 2) 0)))
server:                (not (= 0 main::y))
server:                (not (<= (mod (mod main::x 4294967296) 2) 0))
server:                (not (>= (mod main::x 4294967296) 10))
server:                (not
server:                  (>= (+ main::y (* -1 (mod (+ 1 (mod main::x 4294967296)) 4294967296))) 0))
server:                (<= (+ main::y (* -1 (mod (+ 1 (mod main::x 4294967296)) 4294967296))) 0)
server:                (<= 1 main::y)
server:                (not (<= main::y 1))
server:                (= 1 (mod (mod main::x 4294967296) 2))
server:                (not
server:                  (=
server:                    (mod (+ 1 (mod main::x 4294967296)) 4294967296)
server:                    (mod (+ 1 (mod (mod (mod main::x 4294967296) 2) 4294967296)) 4294967296)))
server:                (not (= 2 (mod main::x 4294967296)))
server:                (not (>= (mod (+ 1 (mod main::y 4294967296)) 4294967296) 10)))
server:              (and
server:                (not (>= (mod main::x 4294967296) 268435455))
server:                (not (>= (mod main::y 4294967296) 10))
server:                (not (= 0 main::x))
server:                (<= 0 (+ (mod (+ 1 (mod main::x 4294967296)) 4294967296) (* -1 main::y)))
server:                (not
server:                  (or
server:                    (and
server:                      (<=
server:                        0
server:                        (+ (* -1 main::y) (mod (mod (mod main::x 4294967296) 2) 4294967296)))
server:                      (<= (+ (mod main::x 4294967296) (* -1 (mod main::y 4294967296))) 0))
server:                    (<= (mod (mod main::x 4294967296) 2) 0)))
server:                (not (= 0 main::y))
server:                (not (<= (mod (mod main::x 4294967296) 2) 0))
server:                (not (>= (mod main::x 4294967296) 10))
server:                (<= (+ main::y (* -1 (mod (+ 1 (mod main::x 4294967296)) 4294967296))) 0)
server:                (<= 1 main::y)
server:                (not (<= main::y 1))
server:                (= 1 (mod (mod main::x 4294967296) 2))
server:                (not
server:                  (=
server:                    (mod (+ 1 (mod main::x 4294967296)) 4294967296)
server:                    (mod (+ 1 (mod (mod (mod main::x 4294967296) 2) 4294967296)) 4294967296)))
server:                (not (= 2 (mod main::x 4294967296))))
server:              (and
server:                (not (>= (mod main::x 4294967296) 268435455))
server:                (not (= 0 main::x))
server:                (not
server:                  (or
server:                    (and
server:                      (<=
server:                        0
server:                        (+ (* -1 main::y) (mod (mod (mod main::x 4294967296) 2) 4294967296)))
server:                      (<= (+ (mod main::x 4294967296) (* -1 (mod main::y 4294967296))) 0))
server:                    (<= (mod (mod main::x 4294967296) 2) 0)))
server:                (not (= 0 main::y))
server:                (not (<= (mod (mod main::x 4294967296) 2) 0))
server:                (not (>= (mod main::x 4294967296) 10))
server:                (<= 1 main::y)
server:                (not (<= main::y 1))
server:                (= 1 (mod (mod main::x 4294967296) 2))
server:                (not
server:                  (=
server:                    (mod (+ 1 (mod main::x 4294967296)) 4294967296)
server:                    (mod (+ 1 (mod (mod (mod main::x 4294967296) 2) 4294967296)) 4294967296)))
server:                (not (= 2 (mod main::x 4294967296))))
server:              (and
server:                (not (>= (mod main::x 4294967296) 268435455))
server:                (not (= 0 main::x))
server:                (not
server:                  (or
server:                    (and
server:                      (<=
server:                        0
server:                        (+ (* -1 main::y) (mod (mod (mod main::x 4294967296) 2) 4294967296)))
server:                      (<= (+ (mod main::x 4294967296) (* -1 (mod main::y 4294967296))) 0))
server:                    (<= (mod (mod main::x 4294967296) 2) 0)))
server:                (not (= 0 main::y))
server:                (not (<= (mod (mod main::x 4294967296) 2) 0))
server:                (not (>= (mod main::x 4294967296) 10))
server:                (<= 1 main::y)
server:                (= 1 (mod (mod main::x 4294967296) 2))
server:                (not
server:                  (=
server:                    (mod (+ 1 (mod main::x 4294967296)) 4294967296)
server:                    (mod (+ 1 (mod (mod (mod main::x 4294967296) 2) 4294967296)) 4294967296)))
server:                (not (= 2 (mod main::x 4294967296))))
server:              (and
server:                (not (>= (mod main::x 4294967296) 268435455))
server:                (not (>= (mod main::y 4294967296) 10))
server:                (not (= 0 main::x))
server:                (not
server:                  (<=
server:                    (+
server:                      (mod (+ 1 (mod main::x 4294967296)) 4294967296)
server:                      (* -1 (mod (+ 1 (mod main::y 4294967296)) 4294967296)))
server:                    0))
server:                (>=
server:                  (+
server:                    (mod (+ 1 (mod main::x 4294967296)) 4294967296)
server:                    (* -1 (mod (+ 1 (mod main::y 4294967296)) 4294967296)))
server:                  0)
server:                (not
server:                  (=
server:                    (mod (+ 1 (mod main::y 4294967296)) 4294967296)
server:                    (mod (+ 1 (mod main::x 4294967296)) 4294967296)))
server:                (not (= main::y (mod (+ 1 (mod main::x 4294967296)) 4294967296)))
server:                (not
server:                  (<= 0 (+ (* -1 (mod (+ 1 (mod main::x 4294967296)) 4294967296)) main::y)))
server:                (<= 0 (+ (mod (+ 1 (mod main::x 4294967296)) 4294967296) (* -1 main::y)))
server:                (or
server:                  (and
server:                    (<=
server:                      0
server:                      (+ main::y (* -1 (mod (mod (mod main::x 4294967296) 2) 4294967296))))
server:                    (>= (+ (mod main::x 4294967296) (* -1 (mod main::y 4294967296))) 0))
server:                  (<= (mod (mod main::x 4294967296) 2) 0))
server:                (or
server:                  (and
server:                    (<=
server:                      0
server:                      (+ (* -1 main::y) (mod (mod (mod main::x 4294967296) 2) 4294967296)))
server:                    (<= (+ (mod main::x 4294967296) (* -1 (mod main::y 4294967296))) 0))
server:                  (<= (mod (mod main::x 4294967296) 2) 0))
server:                (= 0 main::y)
server:                (<= (mod (mod main::x 4294967296) 2) 0)
server:                (not
server:                  (>= (+ main::y (* -1 (mod (+ 1 (mod main::x 4294967296)) 4294967296))) 0))
server:                (<= (+ main::y (* -1 (mod (+ 1 (mod main::x 4294967296)) 4294967296))) 0)
server:                (not (<= 1 main::y))
server:                (<= main::y 1)
server:                (not (= 1 (mod (mod main::x 4294967296) 2)))
server:                (not
server:                  (=
server:                    (mod (+ 1 (mod main::x 4294967296)) 4294967296)
server:                    (mod (+ 1 (mod (mod (mod main::x 4294967296) 2) 4294967296)) 4294967296)))
server:                (not (= 2 (mod main::x 4294967296)))
server:                (not
server:                  (>=
server:                    (mod (+ 1 (mod (+ 1 (mod main::y 4294967296)) 4294967296)) 4294967296)
server:                    10))
server:                (not (>= (mod (+ 1 (mod main::y 4294967296)) 4294967296) 10)))
server:              (and
server:                (not (>= (mod main::x 4294967296) 268435455))
server:                (not (>= (mod main::y 4294967296) 10))
server:                (not (= 0 main::x))
server:                (not
server:                  (<=
server:                    (+
server:                      (mod (+ 1 (mod main::x 4294967296)) 4294967296)
server:                      (* -1 (mod (+ 1 (mod main::y 4294967296)) 4294967296)))
server:                    0))
server:                (>=
server:                  (+
server:                    (mod (+ 1 (mod main::x 4294967296)) 4294967296)
server:                    (* -1 (mod (+ 1 (mod main::y 4294967296)) 4294967296)))
server:                  0)
server:                (not
server:                  (=
server:                    (mod (+ 1 (mod main::y 4294967296)) 4294967296)
server:                    (mod (+ 1 (mod main::x 4294967296)) 4294967296)))
server:                (not (= main::y (mod (+ 1 (mod main::x 4294967296)) 4294967296)))
server:                (not
server:                  (<= 0 (+ (* -1 (mod (+ 1 (mod main::x 4294967296)) 4294967296)) main::y)))
server:                (<= 0 (+ (mod (+ 1 (mod main::x 4294967296)) 4294967296) (* -1 main::y)))
server:                (or
server:                  (and
server:                    (<=
server:                      0
server:                      (+ main::y (* -1 (mod (mod (mod main::x 4294967296) 2) 4294967296))))
server:                    (>= (+ (mod main::x 4294967296) (* -1 (mod main::y 4294967296))) 0))
server:                  (<= (mod (mod main::x 4294967296) 2) 0))
server:                (or
server:                  (and
server:                    (<=
server:                      0
server:                      (+ (* -1 main::y) (mod (mod (mod main::x 4294967296) 2) 4294967296)))
server:                    (<= (+ (mod main::x 4294967296) (* -1 (mod main::y 4294967296))) 0))
server:                  (<= (mod (mod main::x 4294967296) 2) 0))
server:                (not (= 0 main::y))
server:                (<= (mod (mod main::x 4294967296) 2) 0)
server:                (not
server:                  (>= (+ main::y (* -1 (mod (+ 1 (mod main::x 4294967296)) 4294967296))) 0))
server:                (<= (+ main::y (* -1 (mod (+ 1 (mod main::x 4294967296)) 4294967296))) 0)
server:                (<= 1 main::y)
server:                (<= main::y 1)
server:                (not (= 1 (mod (mod main::x 4294967296) 2)))
server:                (not
server:                  (=
server:                    (mod (+ 1 (mod main::x 4294967296)) 4294967296)
server:                    (mod (+ 1 (mod (mod (mod main::x 4294967296) 2) 4294967296)) 4294967296)))
server:                (not (= 2 (mod main::x 4294967296)))
server:                (not
server:                  (>=
server:                    (mod (+ 1 (mod (+ 1 (mod main::y 4294967296)) 4294967296)) 4294967296)
server:                    10))
server:                (not (>= (mod (+ 1 (mod main::y 4294967296)) 4294967296) 10)))
server:              (and
server:                (not (>= (mod main::x 4294967296) 268435455))
server:                (not (>= (mod main::y 4294967296) 10))
server:                (not (= 0 main::x))
server:                (not
server:                  (<=
server:                    (+
server:                      (mod (+ 1 (mod main::x 4294967296)) 4294967296)
server:                      (* -1 (mod (+ 1 (mod main::y 4294967296)) 4294967296)))
server:                    0))
server:                (>=
server:                  (+
server:                    (mod (+ 1 (mod main::x 4294967296)) 4294967296)
server:                    (* -1 (mod (+ 1 (mod main::y 4294967296)) 4294967296)))
server:                  0)
server:                (not
server:                  (=
server:                    (mod (+ 1 (mod main::y 4294967296)) 4294967296)
server:                    (mod (+ 1 (mod main::x 4294967296)) 4294967296)))
server:                (not (= main::y (mod (+ 1 (mod main::x 4294967296)) 4294967296)))
server:                (not
server:                  (<= 0 (+ (* -1 (mod (+ 1 (mod main::x 4294967296)) 4294967296)) main::y)))
server:                (<= 0 (+ (mod (+ 1 (mod main::x 4294967296)) 4294967296) (* -1 main::y)))
server:                (or
server:                  (and
server:                    (<=
server:                      0
server:                      (+ main::y (* -1 (mod (mod (mod main::x 4294967296) 2) 4294967296))))
server:                    (>= (+ (mod main::x 4294967296) (* -1 (mod main::y 4294967296))) 0))
server:                  (<= (mod (mod main::x 4294967296) 2) 0))
server:                (or
server:                  (and
server:                    (<=
server:                      0
server:                      (+ (* -1 main::y) (mod (mod (mod main::x 4294967296) 2) 4294967296)))
server:                    (<= (+ (mod main::x 4294967296) (* -1 (mod main::y 4294967296))) 0))
server:                  (<= (mod (mod main::x 4294967296) 2) 0))
server:                (not (= 0 main::y))
server:                (<= (mod (mod main::x 4294967296) 2) 0)
server:                (not
server:                  (>= (+ main::y (* -1 (mod (+ 1 (mod main::x 4294967296)) 4294967296))) 0))
server:                (<= (+ main::y (* -1 (mod (+ 1 (mod main::x 4294967296)) 4294967296))) 0)
server:                (<= 1 main::y)
server:                (not (<= main::y 1))
server:                (not (= 1 (mod (mod main::x 4294967296) 2)))
server:                (not
server:                  (=
server:                    (mod (+ 1 (mod main::x 4294967296)) 4294967296)
server:                    (mod (+ 1 (mod (mod (mod main::x 4294967296) 2) 4294967296)) 4294967296)))
server:                (not (= 2 (mod main::x 4294967296)))
server:                (not
server:                  (>=
server:                    (mod (+ 1 (mod (+ 1 (mod main::y 4294967296)) 4294967296)) 4294967296)
server:                    10))
server:                (not (>= (mod (+ 1 (mod main::y 4294967296)) 4294967296) 10)))
server:              (and
server:                (not (>= (mod main::x 4294967296) 268435455))
server:                (not (>= (mod main::y 4294967296) 10))
server:                (not (= 0 main::x))
server:                (>=
server:                  (+
server:                    (mod (+ 1 (mod main::x 4294967296)) 4294967296)
server:                    (* -1 (mod (+ 1 (mod main::y 4294967296)) 4294967296)))
server:                  0)
server:                (not (= main::y (mod (+ 1 (mod main::x 4294967296)) 4294967296)))
server:                (not
server:                  (<= 0 (+ (* -1 (mod (+ 1 (mod main::x 4294967296)) 4294967296)) main::y)))
server:                (<= 0 (+ (mod (+ 1 (mod main::x 4294967296)) 4294967296) (* -1 main::y)))
server:                (or
server:                  (and
server:                    (<=
server:                      0
server:                      (+ main::y (* -1 (mod (mod (mod main::x 4294967296) 2) 4294967296))))
server:                    (>= (+ (mod main::x 4294967296) (* -1 (mod main::y 4294967296))) 0))
server:                  (<= (mod (mod main::x 4294967296) 2) 0))
server:                (or
server:                  (and
server:                    (<=
server:                      0
server:                      (+ (* -1 main::y) (mod (mod (mod main::x 4294967296) 2) 4294967296)))
server:                    (<= (+ (mod main::x 4294967296) (* -1 (mod main::y 4294967296))) 0))
server:                  (<= (mod (mod main::x 4294967296) 2) 0))
server:                (not (= 0 main::y))
server:                (<= (mod (mod main::x 4294967296) 2) 0)
server:                (not
server:                  (>= (+ main::y (* -1 (mod (+ 1 (mod main::x 4294967296)) 4294967296))) 0))
server:                (<= (+ main::y (* -1 (mod (+ 1 (mod main::x 4294967296)) 4294967296))) 0)
server:                (<= 1 main::y)
server:                (not (<= main::y 1))
server:                (not (= 1 (mod (mod main::x 4294967296) 2)))
server:                (not
server:                  (=
server:                    (mod (+ 1 (mod main::x 4294967296)) 4294967296)
server:                    (mod (+ 1 (mod (mod (mod main::x 4294967296) 2) 4294967296)) 4294967296)))
server:                (not (= 2 (mod main::x 4294967296)))
server:                (not (>= (mod (+ 1 (mod main::y 4294967296)) 4294967296) 10)))
server:              (and
server:                (not (>= (mod main::x 4294967296) 268435455))
server:                (not (>= (mod main::y 4294967296) 10))
server:                (not (= 0 main::x))
server:                (<= 0 (+ (mod (+ 1 (mod main::x 4294967296)) 4294967296) (* -1 main::y)))
server:                (or
server:                  (and
server:                    (<=
server:                      0
server:                      (+ main::y (* -1 (mod (mod (mod main::x 4294967296) 2) 4294967296))))
server:                    (>= (+ (mod main::x 4294967296) (* -1 (mod main::y 4294967296))) 0))
server:                  (<= (mod (mod main::x 4294967296) 2) 0))
server:                (or
server:                  (and
server:                    (<=
server:                      0
server:                      (+ (* -1 main::y) (mod (mod (mod main::x 4294967296) 2) 4294967296)))
server:                    (<= (+ (mod main::x 4294967296) (* -1 (mod main::y 4294967296))) 0))
server:                  (<= (mod (mod main::x 4294967296) 2) 0))
server:                (not (= 0 main::y))
server:                (<= (mod (mod main::x 4294967296) 2) 0)
server:                (<= (+ main::y (* -1 (mod (+ 1 (mod main::x 4294967296)) 4294967296))) 0)
server:                (<= 1 main::y)
server:                (not (<= main::y 1))
server:                (not (= 1 (mod (mod main::x 4294967296) 2)))
server:                (not
server:                  (=
server:                    (mod (+ 1 (mod main::x 4294967296)) 4294967296)
server:                    (mod (+ 1 (mod (mod (mod main::x 4294967296) 2) 4294967296)) 4294967296)))
server:                (not (= 2 (mod main::x 4294967296))))
server:              (and
server:                (not (>= (mod main::x 4294967296) 268435455))
server:                (not (= 0 main::x))
server:                (or
server:                  (and
server:                    (<=
server:                      0
server:                      (+ main::y (* -1 (mod (mod (mod main::x 4294967296) 2) 4294967296))))
server:                    (>= (+ (mod main::x 4294967296) (* -1 (mod main::y 4294967296))) 0))
server:                  (<= (mod (mod main::x 4294967296) 2) 0))
server:                (or
server:                  (and
server:                    (<=
server:                      0
server:                      (+ (* -1 main::y) (mod (mod (mod main::x 4294967296) 2) 4294967296)))
server:                    (<= (+ (mod main::x 4294967296) (* -1 (mod main::y 4294967296))) 0))
server:                  (<= (mod (mod main::x 4294967296) 2) 0))
server:                (not (= 0 main::y))
server:                (<= (mod (mod main::x 4294967296) 2) 0)
server:                (<= 1 main::y)
server:                (not (<= main::y 1))
server:                (not (= 1 (mod (mod main::x 4294967296) 2)))
server:                (not
server:                  (=
server:                    (mod (+ 1 (mod main::x 4294967296)) 4294967296)
server:                    (mod (+ 1 (mod (mod (mod main::x 4294967296) 2) 4294967296)) 4294967296)))
server:                (not (= 2 (mod main::x 4294967296))))
server:              (and
server:                (not (>= (mod main::x 4294967296) 268435455))
server:                (not (= 0 main::x))
server:                (or
server:                  (and
server:                    (<=
server:                      0
server:                      (+ main::y (* -1 (mod (mod (mod main::x 4294967296) 2) 4294967296))))
server:                    (>= (+ (mod main::x 4294967296) (* -1 (mod main::y 4294967296))) 0))
server:                  (<= (mod (mod main::x 4294967296) 2) 0))
server:                (or
server:                  (and
server:                    (<=
server:                      0
server:                      (+ (* -1 main::y) (mod (mod (mod main::x 4294967296) 2) 4294967296)))
server:                    (<= (+ (mod main::x 4294967296) (* -1 (mod main::y 4294967296))) 0))
server:                  (<= (mod (mod main::x 4294967296) 2) 0))
server:                (not (= 0 main::y))
server:                (<= (mod (mod main::x 4294967296) 2) 0)
server:                (<= 1 main::y)
server:                (not (= 1 (mod (mod main::x 4294967296) 2)))
server:                (not
server:                  (=
server:                    (mod (+ 1 (mod main::x 4294967296)) 4294967296)
server:                    (mod (+ 1 (mod (mod (mod main::x 4294967296) 2) 4294967296)) 4294967296)))
server:                (not (= 2 (mod main::x 4294967296))))
server:              (and
server:                (not (>= (mod main::x 4294967296) 268435455))
server:                (not (>= (mod main::y 4294967296) 10))
server:                (not (= 0 main::x))
server:                (not
server:                  (<=
server:                    (+
server:                      (mod (+ 1 (mod main::x 4294967296)) 4294967296)
server:                      (* -1 (mod (+ 1 (mod main::y 4294967296)) 4294967296)))
server:                    0))
server:                (>=
server:                  (+
server:                    (mod (+ 1 (mod main::x 4294967296)) 4294967296)
server:                    (* -1 (mod (+ 1 (mod main::y 4294967296)) 4294967296)))
server:                  0)
server:                (not
server:                  (=
server:                    (mod (+ 1 (mod main::y 4294967296)) 4294967296)
server:                    (mod (+ 1 (mod main::x 4294967296)) 4294967296)))
server:                (not (= main::y (mod (+ 1 (mod main::x 4294967296)) 4294967296)))
server:                (not
server:                  (<= 0 (+ (* -1 (mod (+ 1 (mod main::x 4294967296)) 4294967296)) main::y)))
server:                (<= 0 (+ (mod (+ 1 (mod main::x 4294967296)) 4294967296) (* -1 main::y)))
server:                (not
server:                  (or
server:                    (and
server:                      (<=
server:                        0
server:                        (+ main::y (* -1 (mod (mod (mod main::x 4294967296) 2) 4294967296))))
server:                      (>= (+ (mod main::x 4294967296) (* -1 (mod main::y 4294967296))) 0))
server:                    (<= (mod (mod main::x 4294967296) 2) 0)))
server:                (not
server:                  (or
server:                    (and
server:                      (<=
server:                        0
server:                        (+ (* -1 main::y) (mod (mod (mod main::x 4294967296) 2) 4294967296)))
server:                      (<= (+ (mod main::x 4294967296) (* -1 (mod main::y 4294967296))) 0))
server:                    (<= (mod (mod main::x 4294967296) 2) 0)))
server:                (= 0 main::y)
server:                (not (<= (mod (mod main::x 4294967296) 2) 0))
server:                (not
server:                  (>= (+ main::y (* -1 (mod (+ 1 (mod main::x 4294967296)) 4294967296))) 0))
server:                (<= (+ main::y (* -1 (mod (+ 1 (mod main::x 4294967296)) 4294967296))) 0)
server:                (not (<= 1 main::y))
server:                (<= main::y 1)
server:                (= 1 (mod (mod main::x 4294967296) 2))
server:                (not
server:                  (=
server:                    (mod (+ 1 (mod main::x 4294967296)) 4294967296)
server:                    (mod (+ 1 (mod (mod (mod main::x 4294967296) 2) 4294967296)) 4294967296)))
server:                (not (= 2 (mod main::x 4294967296)))
server:                (not
server:                  (>=
server:                    (mod (+ 1 (mod (+ 1 (mod main::y 4294967296)) 4294967296)) 4294967296)
server:                    10))
server:                (not (>= (mod (+ 1 (mod main::y 4294967296)) 4294967296) 10)))
server:              (and
server:                (not (>= (mod main::x 4294967296) 268435455))
server:                (not (>= (mod main::y 4294967296) 10))
server:                (not (= 0 main::x))
server:                (not
server:                  (<=
server:                    (+
server:                      (mod (+ 1 (mod main::x 4294967296)) 4294967296)
server:                      (* -1 (mod (+ 1 (mod main::y 4294967296)) 4294967296)))
server:                    0))
server:                (>=
server:                  (+
server:                    (mod (+ 1 (mod main::x 4294967296)) 4294967296)
server:                    (* -1 (mod (+ 1 (mod main::y 4294967296)) 4294967296)))
server:                  0)
server:                (not
server:                  (=
server:                    (mod (+ 1 (mod main::y 4294967296)) 4294967296)
server:                    (mod (+ 1 (mod main::x 4294967296)) 4294967296)))
server:                (not (= main::y (mod (+ 1 (mod main::x 4294967296)) 4294967296)))
server:                (not
server:                  (<= 0 (+ (* -1 (mod (+ 1 (mod main::x 4294967296)) 4294967296)) main::y)))
server:                (<= 0 (+ (mod (+ 1 (mod main::x 4294967296)) 4294967296) (* -1 main::y)))
server:                (or
server:                  (and
server:                    (<=
server:                      0
server:                      (+ main::y (* -1 (mod (mod (mod main::x 4294967296) 2) 4294967296))))
server:                    (>= (+ (mod main::x 4294967296) (* -1 (mod main::y 4294967296))) 0))
server:                  (<= (mod (mod main::x 4294967296) 2) 0))
server:                (not
server:                  (or
server:                    (and
server:                      (<=
server:                        0
server:                        (+ (* -1 main::y) (mod (mod (mod main::x 4294967296) 2) 4294967296)))
server:                      (<= (+ (mod main::x 4294967296) (* -1 (mod main::y 4294967296))) 0))
server:                    (<= (mod (mod main::x 4294967296) 2) 0)))
server:                (not (= 0 main::y))
server:                (not (<= (mod (mod main::x 4294967296) 2) 0))
server:                (not
server:                  (>= (+ main::y (* -1 (mod (+ 1 (mod main::x 4294967296)) 4294967296))) 0))
server:                (<= (+ main::y (* -1 (mod (+ 1 (mod main::x 4294967296)) 4294967296))) 0)
server:                (<= 1 main::y)
server:                (<= main::y 1)
server:                (= 1 (mod (mod main::x 4294967296) 2))
server:                (not
server:                  (=
server:                    (mod (+ 1 (mod main::x 4294967296)) 4294967296)
server:                    (mod (+ 1 (mod (mod (mod main::x 4294967296) 2) 4294967296)) 4294967296)))
server:                (not (= 2 (mod main::x 4294967296)))
server:                (not
server:                  (>=
server:                    (mod (+ 1 (mod (+ 1 (mod main::y 4294967296)) 4294967296)) 4294967296)
server:                    10))
server:                (not (>= (mod (+ 1 (mod main::y 4294967296)) 4294967296) 10)))
server:              (and
server:                (not (>= (mod main::x 4294967296) 268435455))
server:                (not (>= (mod main::y 4294967296) 10))
server:                (not (= 0 main::x))
server:                (not
server:                  (<=
server:                    (+
server:                      (mod (+ 1 (mod main::x 4294967296)) 4294967296)
server:                      (* -1 (mod (+ 1 (mod main::y 4294967296)) 4294967296)))
server:                    0))
server:                (>=
server:                  (+
server:                    (mod (+ 1 (mod main::x 4294967296)) 4294967296)
server:                    (* -1 (mod (+ 1 (mod main::y 4294967296)) 4294967296)))
server:                  0)
server:                (not
server:                  (=
server:                    (mod (+ 1 (mod main::y 4294967296)) 4294967296)
server:                    (mod (+ 1 (mod main::x 4294967296)) 4294967296)))
server:                (not (= main::y (mod (+ 1 (mod main::x 4294967296)) 4294967296)))
server:                (not
server:                  (<= 0 (+ (* -1 (mod (+ 1 (mod main::x 4294967296)) 4294967296)) main::y)))
server:                (<= 0 (+ (mod (+ 1 (mod main::x 4294967296)) 4294967296) (* -1 main::y)))
server:                (or
server:                  (and
server:                    (<=
server:                      0
server:                      (+ main::y (* -1 (mod (mod (mod main::x 4294967296) 2) 4294967296))))
server:                    (>= (+ (mod main::x 4294967296) (* -1 (mod main::y 4294967296))) 0))
server:                  (<= (mod (mod main::x 4294967296) 2) 0))
server:                (not
server:                  (or
server:                    (and
server:                      (<=
server:                        0
server:                        (+ (* -1 main::y) (mod (mod (mod main::x 4294967296) 2) 4294967296)))
server:                      (<= (+ (mod main::x 4294967296) (* -1 (mod main::y 4294967296))) 0))
server:                    (<= (mod (mod main::x 4294967296) 2) 0)))
server:                (not (= 0 main::y))
server:                (not (<= (mod (mod main::x 4294967296) 2) 0))
server:                (not
server:                  (>= (+ main::y (* -1 (mod (+ 1 (mod main::x 4294967296)) 4294967296))) 0))
server:                (<= (+ main::y (* -1 (mod (+ 1 (mod main::x 4294967296)) 4294967296))) 0)
server:                (<= 1 main::y)
server:                (not (<= main::y 1))
server:                (= 1 (mod (mod main::x 4294967296) 2))
server:                (not
server:                  (=
server:                    (mod (+ 1 (mod main::x 4294967296)) 4294967296)
server:                    (mod (+ 1 (mod (mod (mod main::x 4294967296) 2) 4294967296)) 4294967296)))
server:                (not (= 2 (mod main::x 4294967296)))
server:                (not
server:                  (>=
server:                    (mod (+ 1 (mod (+ 1 (mod main::y 4294967296)) 4294967296)) 4294967296)
server:                    10))
server:                (not (>= (mod (+ 1 (mod main::y 4294967296)) 4294967296) 10)))
server:              (and
server:                (not (>= (mod main::x 4294967296) 268435455))
server:                (not (>= (mod main::y 4294967296) 10))
server:                (not (= 0 main::x))
server:                (>=
server:                  (+
server:                    (mod (+ 1 (mod main::x 4294967296)) 4294967296)
server:                    (* -1 (mod (+ 1 (mod main::y 4294967296)) 4294967296)))
server:                  0)
server:                (not (= main::y (mod (+ 1 (mod main::x 4294967296)) 4294967296)))
server:                (not
server:                  (<= 0 (+ (* -1 (mod (+ 1 (mod main::x 4294967296)) 4294967296)) main::y)))
server:                (<= 0 (+ (mod (+ 1 (mod main::x 4294967296)) 4294967296) (* -1 main::y)))
server:                (or
server:                  (and
server:                    (<=
server:                      0
server:                      (+ main::y (* -1 (mod (mod (mod main::x 4294967296) 2) 4294967296))))
server:                    (>= (+ (mod main::x 4294967296) (* -1 (mod main::y 4294967296))) 0))
server:                  (<= (mod (mod main::x 4294967296) 2) 0))
server:                (not
server:                  (or
server:                    (and
server:                      (<=
server:                        0
server:                        (+ (* -1 main::y) (mod (mod (mod main::x 4294967296) 2) 4294967296)))
server:                      (<= (+ (mod main::x 4294967296) (* -1 (mod main::y 4294967296))) 0))
server:                    (<= (mod (mod main::x 4294967296) 2) 0)))
server:                (not (= 0 main::y))
server:                (not (<= (mod (mod main::x 4294967296) 2) 0))
server:                (not
server:                  (>= (+ main::y (* -1 (mod (+ 1 (mod main::x 4294967296)) 4294967296))) 0))
server:                (<= (+ main::y (* -1 (mod (+ 1 (mod main::x 4294967296)) 4294967296))) 0)
server:                (<= 1 main::y)
server:                (not (<= main::y 1))
server:                (= 1 (mod (mod main::x 4294967296) 2))
server:                (not
server:                  (=
server:                    (mod (+ 1 (mod main::x 4294967296)) 4294967296)
server:                    (mod (+ 1 (mod (mod (mod main::x 4294967296) 2) 4294967296)) 4294967296)))
server:                (not (= 2 (mod main::x 4294967296)))
server:                (not (>= (mod (+ 1 (mod main::y 4294967296)) 4294967296) 10)))
server:              (and
server:                (not (>= (mod main::x 4294967296) 268435455))
server:                (not (>= (mod main::y 4294967296) 10))
server:                (not (= 0 main::x))
server:                (<= 0 (+ (mod (+ 1 (mod main::x 4294967296)) 4294967296) (* -1 main::y)))
server:                (not
server:                  (or
server:                    (and
server:                      (<=
server:                        0
server:                        (+ (* -1 main::y) (mod (mod (mod main::x 4294967296) 2) 4294967296)))
server:                      (<= (+ (mod main::x 4294967296) (* -1 (mod main::y 4294967296))) 0))
server:                    (<= (mod (mod main::x 4294967296) 2) 0)))
server:                (not (= 0 main::y))
server:                (not (<= (mod (mod main::x 4294967296) 2) 0))
server:                (<= (+ main::y (* -1 (mod (+ 1 (mod main::x 4294967296)) 4294967296))) 0)
server:                (<= 1 main::y)
server:                (not (<= main::y 1))
server:                (= 1 (mod (mod main::x 4294967296) 2))
server:                (not
server:                  (=
server:                    (mod (+ 1 (mod main::x 4294967296)) 4294967296)
server:                    (mod (+ 1 (mod (mod (mod main::x 4294967296) 2) 4294967296)) 4294967296)))
server:                (not (= 2 (mod main::x 4294967296))))
server:              (and
server:                (not (>= (mod main::x 4294967296) 268435455))
server:                (not (= 0 main::x))
server:                (not
server:                  (or
server:                    (and
server:                      (<=
server:                        0
server:                        (+ (* -1 main::y) (mod (mod (mod main::x 4294967296) 2) 4294967296)))
server:                      (<= (+ (mod main::x 4294967296) (* -1 (mod main::y 4294967296))) 0))
server:                    (<= (mod (mod main::x 4294967296) 2) 0)))
server:                (not (= 0 main::y))
server:                (not (<= (mod (mod main::x 4294967296) 2) 0))
server:                (<= 1 main::y)
server:                (not (<= main::y 1))
server:                (= 1 (mod (mod main::x 4294967296) 2))
server:                (not
server:                  (=
server:                    (mod (+ 1 (mod main::x 4294967296)) 4294967296)
server:                    (mod (+ 1 (mod (mod (mod main::x 4294967296) 2) 4294967296)) 4294967296)))
server:                (not (= 2 (mod main::x 4294967296))))
server:              (and
server:                (not (>= (mod main::x 4294967296) 268435455))
server:                (not (= 0 main::x))
server:                (not
server:                  (or
server:                    (and
server:                      (<=
server:                        0
server:                        (+ (* -1 main::y) (mod (mod (mod main::x 4294967296) 2) 4294967296)))
server:                      (<= (+ (mod main::x 4294967296) (* -1 (mod main::y 4294967296))) 0))
server:                    (<= (mod (mod main::x 4294967296) 2) 0)))
server:                (not (= 0 main::y))
server:                (not (<= (mod (mod main::x 4294967296) 2) 0))
server:                (<= 1 main::y)
server:                (= 1 (mod (mod main::x 4294967296) 2))
server:                (not
server:                  (=
server:                    (mod (+ 1 (mod main::x 4294967296)) 4294967296)
server:                    (mod (+ 1 (mod (mod (mod main::x 4294967296) 2) 4294967296)) 4294967296)))
server:                (not (= 2 (mod main::x 4294967296))))
server:              (and
server:                (not (>= (mod main::x 4294967296) 268435455))
server:                (not (= 0 main::x))
server:                (not
server:                  (or
server:                    (and
server:                      (<=
server:                        0
server:                        (+ (* -1 main::y) (mod (mod (mod main::x 4294967296) 2) 4294967296)))
server:                      (<= (+ (mod main::x 4294967296) (* -1 (mod main::y 4294967296))) 0))
server:                    (<= (mod (mod main::x 4294967296) 2) 0)))
server:                (not (= 0 main::y))
server:                (not (<= (mod (mod main::x 4294967296) 2) 0))
server:                (<= 1 main::y)
server:                (= 1 (mod (mod main::x 4294967296) 2))
server:                (not
server:                  (=
server:                    (mod (+ 1 (mod main::x 4294967296)) 4294967296)
server:                    (mod (+ 1 (mod (mod (mod main::x 4294967296) 2) 4294967296)) 4294967296)))
server:                (not (= 2 (mod main::x 4294967296))))
server:              (and
server:                (not (>= (mod main::x 4294967296) 268435455))
server:                (not (= 0 main::x))
server:                (or
server:                  (and
server:                    (<=
server:                      0
server:                      (+ main::y (* -1 (mod (mod (mod main::x 4294967296) 2) 4294967296))))
server:                    (>= (+ (mod main::x 4294967296) (* -1 (mod main::y 4294967296))) 0))
server:                  (<= (mod (mod main::x 4294967296) 2) 0))
server:                (or
server:                  (and
server:                    (<=
server:                      0
server:                      (+ (* -1 main::y) (mod (mod (mod main::x 4294967296) 2) 4294967296)))
server:                    (<= (+ (mod main::x 4294967296) (* -1 (mod main::y 4294967296))) 0))
server:                  (<= (mod (mod main::x 4294967296) 2) 0))
server:                (not (= 0 main::y))
server:                (<= (mod (mod main::x 4294967296) 2) 0)
server:                (<= 1 main::y)
server:                (not (= 1 (mod (mod main::x 4294967296) 2)))
server:                (not
server:                  (=
server:                    (mod (+ 1 (mod main::x 4294967296)) 4294967296)
server:                    (mod (+ 1 (mod (mod (mod main::x 4294967296) 2) 4294967296)) 4294967296)))
server:                (not (= 2 (mod main::x 4294967296))))))] 
server:   __loc_32122[(PredState (or
server:              false
server:              false
server:              false
server:              false
server:              false
server:              false
server:              false
server:              (and
server:                (>= (mod main::x 4294967296) 268435455)
server:                (>= (mod main::y 4294967296) 10)
server:                (not (= 0 main::x))
server:                (not
server:                  (or
server:                    (and
server:                      (<=
server:                        0
server:                        (+ (* -1 main::y) (mod (mod (mod main::x 4294967296) 2) 4294967296)))
server:                      (<= (+ (mod main::x 4294967296) (* -1 (mod main::y 4294967296))) 0))
server:                    (<= (mod (mod main::x 4294967296) 2) 0)))
server:                (=
server:                  __VERIFIER_assert::cond
server:                  (ite (= (mod (mod (mod main::x 4294967296) 2) 4294967296) 0) 1 0))
server:                (not (= 0 main::y))
server:                (not (<= (mod (mod main::x 4294967296) 2) 0))
server:                (>= (mod main::x 4294967296) 10)
server:                (<= 1 main::y)
server:                (not (<= main::y 1))
server:                (= 1 (mod (mod main::x 4294967296) 2))
server:                (not
server:                  (=
server:                    (mod (+ 1 (mod main::x 4294967296)) 4294967296)
server:                    (mod (+ 1 (mod (mod (mod main::x 4294967296) 2) 4294967296)) 4294967296)))
server:                (not (= 2 (mod main::x 4294967296))))))] 
server:   main_error[(PredState (and
server:              (>= (mod main::x 4294967296) 268435455)
server:              (>= (mod main::y 4294967296) 10)
server:              (not (= 0 main::x))
server:              (not
server:                (or
server:                  (and
server:                    (<=
server:                      0
server:                      (+ (* -1 main::y) (mod (mod (mod main::x 4294967296) 2) 4294967296)))
server:                    (<= (+ (mod main::x 4294967296) (* -1 (mod main::y 4294967296))) 0))
server:                  (<= (mod (mod main::x 4294967296) 2) 0)))
server:              (=
server:                __VERIFIER_assert::cond
server:                (ite (= (mod (mod (mod main::x 4294967296) 2) 4294967296) 0) 1 0))
server:              (not (= 0 main::y))
server:              (not (<= (mod (mod main::x 4294967296) 2) 0))
server:              (>= (mod main::x 4294967296) 10)
server:              (<= 1 main::y)
server:              (not (<= main::y 1))
server:              (= 1 (mod (mod main::x 4294967296) 2))
server:              (not
server:                (=
server:                  (mod (+ 1 (mod main::x 4294967296)) 4294967296)
server:                  (mod (+ 1 (mod (mod (mod main::x 4294967296) 2) 4294967296)) 4294967296)))
server:              (not (= 2 (mod main::x 4294967296)))))]
server: )
server: [INFO] Successfully wrote LocationInvariants to /dev/shm/partialResult17092640163169846772.json
server: Writing post-verification artifacts to directory /tmp/vcloud_worker_meres_on_bme-233008/run_dir_e3bf4a03-35cd-4aea-9a4b-466f84e1fa75/./output/PredCart(900, true, true) -> KInd()/PredCart(900, true, true)/15291894878209935901
Backend finished (in 571027 ms)
(SafetyResult Partial)
Caught exception: hu.bme.mit.theta.common.exception.NotSolvableException: Task is not solvable with this configuration!
Handling exception as Anything
Current configuration: XcfaConfig(inputConfig=InputConfig(inputFile=null, catFile=null, parseCtx=null, xcfaWCtx=present, propertyFile=null, property=ERROR_LOCATION, partialResult=null, frontendConfig=FrontendConfig(lbeLevel=LBE_SEQ, staticCoi=false, loopUnroll=1000, forceUnroll=-1, enableFew=false, inputType=C, specConfig=CFrontendConfig(arithmetic=efficient, architecture=ILP32)), backendConfig=BackendConfig(backend=BOUNDED, solverHome=/home/benchexec/.theta, timeoutMs=900000, softTimeoutMs=900000, inProcess=true, parseInProcess=false, inPortfolio=true, memlimit=0, disablePartialResult=true, specConfig=BoundedConfig(maxBound=0, reversed=false, cegar=false, initPrec=EMPTY, bmcConfig=BMCConfig(disable=false, nonLfPath=false, bmcSolver=Z3, validateBMCSolver=false), indConfig=InductionConfig(disable=false, indSolver=Z3, validateIndSolver=false, indMinBound=0, indFreq=1), itpConfig=InterpolationConfig(disable=true, itpSolver=Z3, validateItpSolver=false))), outputConfig=OutputConfig(versionInfo=false, enableOutput=true, resultFolder=./output/PredCart(900, true, true) -> KInd()/KInd(), acceptUnreliableSafe=false, cOutputConfig=COutputConfig(disable=true, useArr=false, useExArr=false, useRange=false), xcfaOutputConfig=XcfaOutputConfig(disable=true), chcOutputConfig=ChcOutputConfig(disable=true), witnessConfig=WitnessConfig(disable=false, svcomp=true, concretizerSolver=Z3, validateConcretizerSolver=false, inputFileForWitness=null), partialResultOutputConfig=PartialResultOutputConfig(enable=false, tempFileLocation=null), argConfig=ArgConfig(disable=true)), debugConfig=DebugConfig(debug=false, stacktrace=false, logLevel=INFO, argdebug=false, argToFile=false))
PartialResultJson: /dev/shm/partialResult17092640163169846772.json
server: Registered Legacy-Z3 SolverManager
server: Registered Z3 SolverManager
server: Registered JavaSMT SolverManager
server: Registered SMT-LIB SolverManager
server: Successfully loaded LocationInvariants from /dev/shm/partialResult17092640163169846772.json
server: Starting iteration 1
server: 	Starting BMC
server: 	Starting k-induction
server: Starting iteration 2
server: 	Starting BMC
server: 	Starting k-induction
server: Starting iteration 3
server: 	Starting BMC
server: 	Starting k-induction
server: Starting iteration 4
server: 	Starting BMC
server: 	Starting k-induction
server: Starting iteration 5
server: 	Starting BMC
server: 	Starting k-induction
server: Starting iteration 6
server: 	Starting BMC
server: 	Starting k-induction
server: Starting iteration 7
server: 	Starting BMC
server: 	Starting k-induction
server: Starting iteration 8
server: 	Starting BMC
server: 	Starting k-induction
server: Starting iteration 9
server: 	Starting BMC
server: 	Starting k-induction
server: Starting iteration 10
server: 	Starting BMC
server: 	Starting k-induction
server: Starting iteration 11
server: 	Starting BMC
server: 	Starting k-induction
server: Starting iteration 12
server: 	Starting BMC
server: 	Starting k-induction
server: Starting iteration 13
server: 	Starting BMC
server: 	Starting k-induction
server: Starting iteration 14
server: 	Starting BMC
server: 	Starting k-induction
server: Starting iteration 15
server: 	Starting BMC
server: 	Starting k-induction
server: Starting iteration 16
server: 	Starting BMC
server: 	Starting k-induction
server: Starting iteration 17
server: 	Starting BMC
server: 	Starting k-induction
server: Starting iteration 18
server: 	Starting BMC
server: 	Starting k-induction
server: Starting iteration 19
server: 	Starting BMC
server: 	Starting k-induction
server: Starting iteration 20
server: 	Starting BMC
server: 	Starting k-induction
server: Starting iteration 21
server: 	Starting BMC
server: 	Starting k-induction
server: Starting iteration 22
server: 	Starting BMC
server: 	Starting k-induction
