tools/baseline/theta-start.sh sv-benchmarks/c/loops-crafted-1/nested3-1.c --svcomp --portfolio 'PredCart(900, true, true) -> KInd()' --loglevel RESULT --output-directory ./output --property sv-benchmarks/c/properties/unreach-call.prp --architecture ILP32 --memlimit 15000000000


--------------------------------------------------------------------------------


LD_LIBRARY_PATH=/tmp/vcloud_worker_meres_on_bme-233008/run_dir_e12750de-0fb1-4b7c-bdcd-baaa477d2c91/tools/baseline/lib /usr/lib/jvm/java-17-openjdk-amd64/bin/java -Xss120m -Xmx14210m -jar /tmp/vcloud_worker_meres_on_bme-233008/run_dir_e12750de-0fb1-4b7c-bdcd-baaa477d2c91/tools/baseline/theta.jar --svcomp --portfolio PredCart(900, true, true) -> KInd() --loglevel RESULT --output-directory ./output --property sv-benchmarks/c/properties/unreach-call.prp --architecture ILP32 --memlimit 15000000000 --input sv-benchmarks/c/loops-crafted-1/nested3-1.c --smt-home /tmp/vcloud_worker_meres_on_bme-233008/run_dir_e12750de-0fb1-4b7c-bdcd-baaa477d2c91/tools/baseline/solvers
Arithmetic: [NONLIN_INT]
ParsingResult Success
Alias graph size: 0 -> []
PARTS: [PredCart(900, true, true), KInd()]
Current configuration: XcfaConfig(inputConfig=InputConfig(inputFile=null, catFile=null, parseCtx=null, xcfaWCtx=present, propertyFile=null, property=ERROR_LOCATION, partialResult=null, frontendConfig=FrontendConfig(lbeLevel=LBE_SEQ, staticCoi=false, loopUnroll=1000, forceUnroll=-1, enableFew=false, inputType=C, specConfig=CFrontendConfig(arithmetic=efficient, architecture=ILP32)), backendConfig=BackendConfig(backend=CEGAR, solverHome=/home/benchexec/.theta, timeoutMs=900000, softTimeoutMs=900000, inProcess=true, parseInProcess=false, inPortfolio=true, memlimit=0, disablePartialResult=false, specConfig=CegarConfig(initPrec=EMPTY, porLevel=NOPOR, porRandomSeed=0, coi=NO_COI, cexMonitor=CHECK, iterationTimeHeuristic=true, abstractorConfig=CegarAbstractorConfig(abstractionSolver=Z3, validateAbstractionSolver=false, domain=PRED_CART, maxEnum=2, search=ERR, havocMemory=false), refinerConfig=CegarRefinerConfig(refinementSolver=Z3, validateRefinementSolver=false, refinement=SEQ_ITP, exprSplitter=CONJUNCTS, pruneStrategy=LAZY))), outputConfig=OutputConfig(versionInfo=false, enableOutput=true, resultFolder=./output/PredCart(900, true, true) -> KInd()/PredCart(900, true, true), acceptUnreliableSafe=false, cOutputConfig=COutputConfig(disable=true, useArr=false, useExArr=false, useRange=false), xcfaOutputConfig=XcfaOutputConfig(disable=true), chcOutputConfig=ChcOutputConfig(disable=true), witnessConfig=WitnessConfig(disable=false, svcomp=true, concretizerSolver=Z3, validateConcretizerSolver=false, inputFileForWitness=null), partialResultOutputConfig=PartialResultOutputConfig(enable=false, tempFileLocation=null), argConfig=ArgConfig(disable=true)), debugConfig=DebugConfig(debug=false, stacktrace=false, logLevel=INFO, argdebug=false, argToFile=false))
PartialResultJson: /dev/shm/partialResult15181740053513837679.json
server: Registered Legacy-Z3 SolverManager
server: Registered Z3 SolverManager
server: Registered JavaSMT SolverManager
server: Registered SMT-LIB SolverManager
server: Successfully loaded LocationInvariants from /dev/shm/partialResult15181740053513837679.json
server: [33m[WARN] LocationInvariants are empty map. Returning null!
server: [0mConfiguration: (CegarChecker (XcfaArgAbstractor (PriorityWaitlist XcfaDistToErrComparator)) (XcfaSingleExprTraceRefiner ExprTraceSeqItpChecker XcfaPrecRefiner))
server: TimeoutMs In Cegar:900000
server: Iteration 1
server: | Checking abstraction...
server: |  |  PrecisionSize: 0
server: |  |  (Re)initializing ARG...done
server: |  |  Starting ARG: 1 nodes, 1 incomplete, 0 unsafe
server: |  |  (StopCriterion FirstCex)...
server: |  |  Building ARG...
server: |  |  Finished ARG: 7 nodes, 3 incomplete, 1 unsafe
server: | Checking abstraction done, result: (AbstractorResult Unsafe)
server: | Refining abstraction...
server: |  |  Trace length: 4
server: |  |  Checking trace...done, result: (ExprTraceStatus Infeasible)
server: |  |  Pruning from index 2...done
server: Refining abstraction done, result: (RefinerResult Spurious)
server: ! Precision DID change in this iteration
server: Iteration took 0s to run! 
server: ExplPreictor: Predicted 0.200s, Real 0.231s 
server:               Weight 1.7 -> 1.0272203861461577 
server: Iteration 2
server: | Checking abstraction...
server: |  |  PrecisionSize: 1
server: |  |  Starting ARG: 2 nodes, 1 incomplete, 0 unsafe
server: |  |  (StopCriterion FirstCex)...
server: |  |  Building ARG...
server: |  |  Finished ARG: 9 nodes, 3 incomplete, 1 unsafe
server: | Checking abstraction done, result: (AbstractorResult Unsafe)
server: | Refining abstraction...
server: |  |  Trace length: 5
server: |  |  Checking trace...done, result: (ExprTraceStatus Infeasible)
server: |  |  Pruning from index 3...done
server: Refining abstraction done, result: (RefinerResult Spurious)
server: ! Precision DID change in this iteration
server: Iteration took 0s to run! 
server: ExplPreictor: Predicted 0.268s, Real 0.317s 
server:               Weight 1.0272203861461577 -> 1.0287727575021626 
server: Iteration 3
server: | Checking abstraction...
server: |  |  PrecisionSize: 2
server: |  |  Starting ARG: 4 nodes, 1 incomplete, 0 unsafe
server: |  |  (StopCriterion FirstCex)...
server: |  |  Building ARG...
server: |  |  Finished ARG: 11 nodes, 3 incomplete, 1 unsafe
server: | Checking abstraction done, result: (AbstractorResult Unsafe)
server: | Refining abstraction...
server: |  |  Trace length: 6
server: |  |  Checking trace...done, result: (ExprTraceStatus Infeasible)
server: |  |  Pruning from index 4...done
server: Refining abstraction done, result: (RefinerResult Spurious)
server: ! Precision DID change in this iteration
server: Iteration took 0s to run! 
server: ExplPreictor: Predicted 0.374s, Real 0.409s 
server:               Weight 1.0287727575021626 -> 1.0234748937558251 
server: Iteration 4
server: | Checking abstraction...
server: |  |  PrecisionSize: 3
server: |  |  Starting ARG: 6 nodes, 1 incomplete, 0 unsafe
server: |  |  (StopCriterion FirstCex)...
server: |  |  Building ARG...
server: |  |  Finished ARG: 13 nodes, 3 incomplete, 1 unsafe
server: | Checking abstraction done, result: (AbstractorResult Unsafe)
server: | Refining abstraction...
server: |  |  Trace length: 7
server: |  |  Checking trace...done, result: (ExprTraceStatus Infeasible)
server: |  |  Pruning from index 4...done
server: Refining abstraction done, result: (RefinerResult Spurious)
server: ! Precision DID change in this iteration
server: Iteration took 0s to run! 
server: ExplPreictor: Predicted 0.471s, Real 0.498s 
server:               Weight 1.0234748937558251 -> 1.0191115642395598 
server: Iteration 5
server: | Checking abstraction...
server: |  |  PrecisionSize: 6
server: |  |  Starting ARG: 6 nodes, 1 incomplete, 0 unsafe
server: |  |  (StopCriterion FirstCex)...
server: |  |  Building ARG...
server: |  |  Finished ARG: 15 nodes, 3 incomplete, 1 unsafe
server: | Checking abstraction done, result: (AbstractorResult Unsafe)
server: | Refining abstraction...
server: |  |  Trace length: 8
server: |  |  Checking trace...done, result: (ExprTraceStatus Infeasible)
server: |  |  Pruning from index 4...done
server: Refining abstraction done, result: (RefinerResult Spurious)
server: ! Precision DID change in this iteration
server: Iteration took 0s to run! 
server: ExplPreictor: Predicted 0.561s, Real 0.677s 
server:               Weight 1.0191115642395598 -> 1.0217738157110858 
server: Iteration 6
server: | Checking abstraction...
server: |  |  PrecisionSize: 12
server: |  |  Starting ARG: 6 nodes, 1 incomplete, 0 unsafe
server: |  |  (StopCriterion FirstCex)...
server: |  |  Building ARG...
server: |  |  Finished ARG: 17 nodes, 3 incomplete, 1 unsafe
server: | Checking abstraction done, result: (AbstractorResult Unsafe)
server: | Refining abstraction...
server: |  |  Trace length: 9
server: |  |  Checking trace...done, result: (ExprTraceStatus Infeasible)
server: |  |  Pruning from index 5...done
server: Refining abstraction done, result: (RefinerResult Spurious)
server: ! Precision DID change in this iteration
server: Iteration took 0s to run! 
server: ExplPreictor: Predicted 0.780s, Real 1.000s 
server:               Weight 1.0217738157110858 -> 1.0252399930239988 
server: Iteration 7
server: | Checking abstraction...
server: |  |  PrecisionSize: 17
server: |  |  Starting ARG: 8 nodes, 1 incomplete, 0 unsafe
server: |  |  (StopCriterion FirstCex)...
server: |  |  Building ARG...
server: |  |  Finished ARG: 19 nodes, 3 incomplete, 1 unsafe
server: | Checking abstraction done, result: (AbstractorResult Unsafe)
server: | Refining abstraction...
server: |  |  Trace length: 10
server: |  |  Checking trace...done, result: (ExprTraceStatus Infeasible)
server: |  |  Pruning from index 5...done
server: Refining abstraction done, result: (RefinerResult Spurious)
server: ! Precision DID change in this iteration
server: Iteration took 0s to run! 
server: ExplPreictor: Predicted 1.190s, Real 1.522s 
server:               Weight 1.0252399930239988 -> 1.027211151579041 
server: Iteration 8
server: | Checking abstraction...
server: |  |  PrecisionSize: 25
server: |  |  Starting ARG: 8 nodes, 1 incomplete, 0 unsafe
server: |  |  (StopCriterion FirstCex)...
server: |  |  Building ARG...
server: |  |  Finished ARG: 29 nodes, 4 incomplete, 1 unsafe
server: | Checking abstraction done, result: (AbstractorResult Unsafe)
server: | Refining abstraction...
server: |  |  Trace length: 15
server: |  |  Checking trace...done, result: (ExprTraceStatus Infeasible)
server: |  |  Pruning from index 7...done
server: Refining abstraction done, result: (RefinerResult Spurious)
server: ! Precision DID change in this iteration
server: Iteration took 7s to run! 
server: ExplPreictor: Predicted 1.858s, Real 8.951s 
server:               Weight 1.027211151579041 -> 1.0630173599544657 
server: Iteration 9
server: | Checking abstraction...
server: |  |  PrecisionSize: 29
server: |  |  Starting ARG: 12 nodes, 1 incomplete, 0 unsafe
server: |  |  (StopCriterion FirstCex)...
server: |  |  Building ARG...
server: |  |  Finished ARG: 37 nodes, 4 incomplete, 1 unsafe
server: | Checking abstraction done, result: (AbstractorResult Unsafe)
server: | Refining abstraction...
server: |  |  Trace length: 19
server: |  |  Checking trace...done, result: (ExprTraceStatus Infeasible)
server: |  |  Pruning from index 11...done
server: Refining abstraction done, result: (RefinerResult Spurious)
server: ! Precision DID change in this iteration
server: Iteration took 5s to run! 
server: ExplPreictor: Predicted 15.882s, Real 14.617s 
server:               Weight 1.0630173599544657 -> 1.0448891763471309 
server: Iteration 10
server: | Checking abstraction...
server: |  |  PrecisionSize: 33
server: |  |  Starting ARG: 20 nodes, 1 incomplete, 0 unsafe
server: |  |  (StopCriterion FirstCex)...
server: |  |  Building ARG...
server: |  |  Finished ARG: 45 nodes, 4 incomplete, 1 unsafe
server: | Checking abstraction done, result: (AbstractorResult Unsafe)
server: | Refining abstraction...
server: |  |  Trace length: 23
server: |  |  Checking trace...done, result: (ExprTraceStatus Infeasible)
server: |  |  Pruning from index 15...done
server: Refining abstraction done, result: (RefinerResult Spurious)
server: ! Precision DID change in this iteration
server: Iteration took 338s to run! 
server: ExplPreictor: Predicted 22.481s, Real 353.234s 
server:               Weight 1.0448891763471309 -> 1.0956249733552867 
server: --------Iteration time heuristic predicts timeout--------
server: |  |  PrecisionSize: 33
server: |  |  Starting ARG: 28 nodes, 1 incomplete, 0 unsafe
server: |  |  (StopCriterion FullExploration)...
server: |  |  Building ARG...
server: |  |  Finished ARG: 50 nodes, 2 incomplete, 2 unsafe
server: Backend finished (in 363294 ms)
server: (SafetyResult Partial)
server: Successfully loaded LocationInvariants from /dev/shm/partialResult15181740053513837679.json
server: [33m[WARN] LocationInvariants are empty map. Returning null!
server: [0mLocationInvariants(
server:   main_final[(PredState (and
server:              (>= (mod main::x 4294967296) 268435455)
server:              (>= (mod main::y 4294967296) 268435455)
server:              (>= (mod main::z 4294967296) 268435455)
server:              (>= main::z 0)
server:              (not (<= main::z 0))
server:              (not
server:                (or
server:                  (not
server:                    (<= (+ (* -1 main::z) (* 4294967296 (div main::z 4294967296))) -268435455))
server:                  (<= 4294967296 (+ main::z (* -4294967296 (div main::z 4294967296))))))
server:              (>= (div (+ 1 main::z) 4294967296) 0)
server:              (not (= 0 main::z))
server:              (or
server:                (<=
server:                  0
server:                  (+
server:                    (div (+ -3489660925 (* 3489660925 (mod main::z 4294967296))) 4)
server:                    (div (+ 3489660925 (* -3489660925 (mod main::z 4294967296))) 4)))
server:                (not (= main::z 1)))
server:              (not (= main::z 1))
server:              (or
server:                (not
server:                  (<=
server:                    (+
server:                      (* 3458764525900136445 main::z)
server:                      (* -3458764526705442816 (mod main::z 4294967296))
server:                      (* -14855280523306030993212702720 (div main::z 4294967296))
server:                      (* 3221225484 (div (mod main::z 4294967296) 4)))
server:                    0))
server:                (not
server:                  (<=
server:                    (+
server:                      (* -3458764525900136445 main::z)
server:                      (* 3458764526705442816 (mod main::z 4294967296))
server:                      (* 14855280523306030993212702720 (div main::z 4294967296))
server:                      (* -3221225484 (div (mod main::z 4294967296) 4)))
server:                    0)))
server:              (not (= 0 __VERIFIER_assert::cond))
server:              (>= main::z 1)
server:              (not (<= main::z 1))
server:              (not
server:                (or
server:                  (not
server:                    (<=
server:                      (+ (* -1 main::z) (* 4294967296 (div (+ 1 main::z) 4294967296)))
server:                      -268435454))
server:                  (<= 4294967295 (+ main::z (* -4294967296 (div (+ 1 main::z) 4294967296))))))
server:              (not (>= main::z 4294967296))
server:              (not
server:                (or (not (>= main::z 1)) (not (>= (mod main::z 4294967296) 268435455))))
server:              (not
server:                (or
server:                  (not
server:                    (>= (+ main::z (* -4294967296 (div (+ 1 main::z) 4294967296))) 268435454))
server:                  (>= (+ main::z (* -4294967296 (div (+ 1 main::z) 4294967296))) 4294967295)))
server:              (not
server:                (or
server:                  (and
server:                    (<=
server:                      -12348030986
server:                      (+
server:                        (* 268435451 main::z)
server:                        (* -4294967296 (mod (+ 1 (mod main::z 4294967296)) 4294967296))))
server:                    (not (>= main::z 4294967296)))
server:                  (and
server:                    (<=
server:                      1080863908152999926
server:                      (+
server:                        (* -268435451 main::z)
server:                        (* 4294967296 (mod (+ 1 (mod main::z 4294967296)) 4294967296))))
server:                    (or
server:                      (not
server:                        (>= (+ main::z (* -4294967296 (div (+ 1 main::z) 4294967296))) 268435454))
server:                      (>= (+ main::z (* -4294967296 (div (+ 1 main::z) 4294967296))) 4294967295))
server:                    (>= (div (+ 1 main::z) 4294967296) 0))))
server:              (not (<= main::z 3))
server:              (not (<= 0 (+ (* -4 main::z) (* 4 (div (+ 268435454 (* 3 main::z)) 4)))))
server:              (>= main::z 268435455)
server:              (or
server:                (<= (div (mod main::z 4294967296) 4) 67108863)
server:                (not (>= (mod main::z 4294967296) 268435455))
server:                (not
server:                  (<=
server:                    (+ (* -1 (mod main::z 4294967296)) (* 4 (div (mod main::z 4294967296) 4)))
server:                    0)))
server:              (<= (div (mod main::z 4294967296) 4) 67108863)
server:              (not
server:                (=
server:                  __VERIFIER_assert::cond
server:                  (ite
server:                    (>= (mod (mod (mod main::z 4294967296) 4) 4294967296) 2147483648)
server:                    (+ -4294967296 (mod (mod (mod main::z 4294967296) 4) 4294967296))
server:                    (mod (mod (mod main::z 4294967296) 4) 4294967296))))
server:              (not (<= main::z 4))
server:              (not (<= main::z 5))
server:              (not (<= main::z 6))
server:              (not (<= main::z 7))
server:              (not (<= main::z 8))
server:              (not (<= main::z 9))
server:              (not (<= main::z 10))
server:              (not (<= main::z 11))))] 
server:   __loc_83[(PredState (or
server:              (not (>= (mod main::x 4294967296) 268435455))
server:              (and
server:                (>= (mod main::y 4294967296) 268435455)
server:                (>= (mod main::z 4294967296) 268435455)
server:                (>= main::z 0)
server:                (not (<= main::z 0))
server:                (not
server:                  (or
server:                    (not
server:                      (<= (+ (* -1 main::z) (* 4294967296 (div main::z 4294967296))) -268435455))
server:                    (<= 4294967296 (+ main::z (* -4294967296 (div main::z 4294967296))))))
server:                (>= (div (+ 1 main::z) 4294967296) 0)
server:                (not (= 0 main::z))
server:                (or
server:                  (<=
server:                    0
server:                    (+
server:                      (div (+ -3489660925 (* 3489660925 (mod main::z 4294967296))) 4)
server:                      (div (+ 3489660925 (* -3489660925 (mod main::z 4294967296))) 4)))
server:                  (not (= main::z 1)))
server:                (not (= main::z 1))
server:                (or
server:                  (not
server:                    (<=
server:                      (+
server:                        (* 3458764525900136445 main::z)
server:                        (* -3458764526705442816 (mod main::z 4294967296))
server:                        (* -14855280523306030993212702720 (div main::z 4294967296))
server:                        (* 3221225484 (div (mod main::z 4294967296) 4)))
server:                      0))
server:                  (not
server:                    (<=
server:                      (+
server:                        (* -3458764525900136445 main::z)
server:                        (* 3458764526705442816 (mod main::z 4294967296))
server:                        (* 14855280523306030993212702720 (div main::z 4294967296))
server:                        (* -3221225484 (div (mod main::z 4294967296) 4)))
server:                      0)))
server:                (not (= 0 __VERIFIER_assert::cond))
server:                (>= main::z 1)
server:                (not (<= main::z 1))
server:                (not
server:                  (or
server:                    (not
server:                      (<=
server:                        (+ (* -1 main::z) (* 4294967296 (div (+ 1 main::z) 4294967296)))
server:                        -268435454))
server:                    (<= 4294967295 (+ main::z (* -4294967296 (div (+ 1 main::z) 4294967296))))))
server:                (not (>= main::z 4294967296))
server:                (not
server:                  (or (not (>= main::z 1)) (not (>= (mod main::z 4294967296) 268435455))))
server:                (not
server:                  (or
server:                    (not
server:                      (>= (+ main::z (* -4294967296 (div (+ 1 main::z) 4294967296))) 268435454))
server:                    (>= (+ main::z (* -4294967296 (div (+ 1 main::z) 4294967296))) 4294967295)))
server:                (not
server:                  (or
server:                    (and
server:                      (<=
server:                        -12348030986
server:                        (+
server:                          (* 268435451 main::z)
server:                          (* -4294967296 (mod (+ 1 (mod main::z 4294967296)) 4294967296))))
server:                      (not (>= main::z 4294967296)))
server:                    (and
server:                      (<=
server:                        1080863908152999926
server:                        (+
server:                          (* -268435451 main::z)
server:                          (* 4294967296 (mod (+ 1 (mod main::z 4294967296)) 4294967296))))
server:                      (or
server:                        (not
server:                          (>= (+ main::z (* -4294967296 (div (+ 1 main::z) 4294967296))) 268435454))
server:                        (>= (+ main::z (* -4294967296 (div (+ 1 main::z) 4294967296))) 4294967295))
server:                      (>= (div (+ 1 main::z) 4294967296) 0))))
server:                (not (<= main::z 3))
server:                (not (<= 0 (+ (* -4 main::z) (* 4 (div (+ 268435454 (* 3 main::z)) 4)))))
server:                (>= main::z 268435455)
server:                (or
server:                  (<= (div (mod main::z 4294967296) 4) 67108863)
server:                  (not (>= (mod main::z 4294967296) 268435455))
server:                  (not
server:                    (<=
server:                      (+ (* -1 (mod main::z 4294967296)) (* 4 (div (mod main::z 4294967296) 4)))
server:                      0)))
server:                (<= (div (mod main::z 4294967296) 4) 67108863)
server:                (not
server:                  (=
server:                    __VERIFIER_assert::cond
server:                    (ite
server:                      (>= (mod (mod (mod main::z 4294967296) 4) 4294967296) 2147483648)
server:                      (+ -4294967296 (mod (mod (mod main::z 4294967296) 4) 4294967296))
server:                      (mod (mod (mod main::z 4294967296) 4) 4294967296))))
server:                (not (<= main::z 4))
server:                (not (<= main::z 5))
server:                (not (<= main::z 6))
server:                (not (<= main::z 7))
server:                (not (<= main::z 8))
server:                (not (<= main::z 9))
server:                (not (<= main::z 10))
server:                (not (<= main::z 11)))))] 
server:   __loc_99[(PredState (or
server:              (and
server:                (not (>= (mod main::x 4294967296) 268435455))
server:                (not (>= (mod main::y 4294967296) 268435455)))
server:              (and
server:                (not (>= (mod main::x 4294967296) 268435455))
server:                (>= (mod main::z 4294967296) 268435455)
server:                (>= main::z 0)
server:                (not (<= main::z 0))
server:                (not
server:                  (or
server:                    (not
server:                      (<= (+ (* -1 main::z) (* 4294967296 (div main::z 4294967296))) -268435455))
server:                    (<= 4294967296 (+ main::z (* -4294967296 (div main::z 4294967296))))))
server:                (>= (div (+ 1 main::z) 4294967296) 0)
server:                (not (= 0 main::z))
server:                (or
server:                  (<=
server:                    0
server:                    (+
server:                      (div (+ -3489660925 (* 3489660925 (mod main::z 4294967296))) 4)
server:                      (div (+ 3489660925 (* -3489660925 (mod main::z 4294967296))) 4)))
server:                  (not (= main::z 1)))
server:                (not (= main::z 1))
server:                (or
server:                  (not
server:                    (<=
server:                      (+
server:                        (* 3458764525900136445 main::z)
server:                        (* -3458764526705442816 (mod main::z 4294967296))
server:                        (* -14855280523306030993212702720 (div main::z 4294967296))
server:                        (* 3221225484 (div (mod main::z 4294967296) 4)))
server:                      0))
server:                  (not
server:                    (<=
server:                      (+
server:                        (* -3458764525900136445 main::z)
server:                        (* 3458764526705442816 (mod main::z 4294967296))
server:                        (* 14855280523306030993212702720 (div main::z 4294967296))
server:                        (* -3221225484 (div (mod main::z 4294967296) 4)))
server:                      0)))
server:                (not (= 0 __VERIFIER_assert::cond))
server:                (>= main::z 1)
server:                (not (<= main::z 1))
server:                (not
server:                  (or
server:                    (not
server:                      (<=
server:                        (+ (* -1 main::z) (* 4294967296 (div (+ 1 main::z) 4294967296)))
server:                        -268435454))
server:                    (<= 4294967295 (+ main::z (* -4294967296 (div (+ 1 main::z) 4294967296))))))
server:                (not (>= main::z 4294967296))
server:                (not
server:                  (or (not (>= main::z 1)) (not (>= (mod main::z 4294967296) 268435455))))
server:                (not
server:                  (or
server:                    (not
server:                      (>= (+ main::z (* -4294967296 (div (+ 1 main::z) 4294967296))) 268435454))
server:                    (>= (+ main::z (* -4294967296 (div (+ 1 main::z) 4294967296))) 4294967295)))
server:                (not
server:                  (or
server:                    (and
server:                      (<=
server:                        -12348030986
server:                        (+
server:                          (* 268435451 main::z)
server:                          (* -4294967296 (mod (+ 1 (mod main::z 4294967296)) 4294967296))))
server:                      (not (>= main::z 4294967296)))
server:                    (and
server:                      (<=
server:                        1080863908152999926
server:                        (+
server:                          (* -268435451 main::z)
server:                          (* 4294967296 (mod (+ 1 (mod main::z 4294967296)) 4294967296))))
server:                      (or
server:                        (not
server:                          (>= (+ main::z (* -4294967296 (div (+ 1 main::z) 4294967296))) 268435454))
server:                        (>= (+ main::z (* -4294967296 (div (+ 1 main::z) 4294967296))) 4294967295))
server:                      (>= (div (+ 1 main::z) 4294967296) 0))))
server:                (not (<= main::z 3))
server:                (not (<= 0 (+ (* -4 main::z) (* 4 (div (+ 268435454 (* 3 main::z)) 4)))))
server:                (>= main::z 268435455)
server:                (or
server:                  (<= (div (mod main::z 4294967296) 4) 67108863)
server:                  (not (>= (mod main::z 4294967296) 268435455))
server:                  (not
server:                    (<=
server:                      (+ (* -1 (mod main::z 4294967296)) (* 4 (div (mod main::z 4294967296) 4)))
server:                      0)))
server:                (<= (div (mod main::z 4294967296) 4) 67108863)
server:                (=
server:                  __VERIFIER_assert::cond
server:                  (ite
server:                    (>= (mod (mod (mod main::z 4294967296) 4) 4294967296) 2147483648)
server:                    (+ -4294967296 (mod (mod (mod main::z 4294967296) 4) 4294967296))
server:                    (mod (mod (mod main::z 4294967296) 4) 4294967296)))
server:                (not (<= main::z 4))
server:                (not (<= main::z 5))
server:                (not (<= main::z 6))
server:                (not (<= main::z 7))
server:                (not (<= main::z 8))
server:                (not (<= main::z 9))
server:                (not (<= main::z 10))
server:                (not (<= main::z 11)))
server:              (and
server:                (not (>= (mod main::x 4294967296) 268435455))
server:                (not (>= (mod main::y 4294967296) 268435455))
server:                (>= (mod main::z 4294967296) 268435455)
server:                (>= main::z 0)
server:                (not (<= main::z 0))
server:                (not
server:                  (or
server:                    (not
server:                      (<= (+ (* -1 main::z) (* 4294967296 (div main::z 4294967296))) -268435455))
server:                    (<= 4294967296 (+ main::z (* -4294967296 (div main::z 4294967296))))))
server:                (>= (div (+ 1 main::z) 4294967296) 0)
server:                (not (= 0 main::z))
server:                (or
server:                  (<=
server:                    0
server:                    (+
server:                      (div (+ -3489660925 (* 3489660925 (mod main::z 4294967296))) 4)
server:                      (div (+ 3489660925 (* -3489660925 (mod main::z 4294967296))) 4)))
server:                  (not (= main::z 1)))
server:                (not (= main::z 1))
server:                (or
server:                  (not
server:                    (<=
server:                      (+
server:                        (* 3458764525900136445 main::z)
server:                        (* -3458764526705442816 (mod main::z 4294967296))
server:                        (* -14855280523306030993212702720 (div main::z 4294967296))
server:                        (* 3221225484 (div (mod main::z 4294967296) 4)))
server:                      0))
server:                  (not
server:                    (<=
server:                      (+
server:                        (* -3458764525900136445 main::z)
server:                        (* 3458764526705442816 (mod main::z 4294967296))
server:                        (* 14855280523306030993212702720 (div main::z 4294967296))
server:                        (* -3221225484 (div (mod main::z 4294967296) 4)))
server:                      0)))
server:                (not (= 0 __VERIFIER_assert::cond))
server:                (>= main::z 1)
server:                (not (<= main::z 1))
server:                (not
server:                  (or
server:                    (not
server:                      (<=
server:                        (+ (* -1 main::z) (* 4294967296 (div (+ 1 main::z) 4294967296)))
server:                        -268435454))
server:                    (<= 4294967295 (+ main::z (* -4294967296 (div (+ 1 main::z) 4294967296))))))
server:                (not (>= main::z 4294967296))
server:                (not
server:                  (or (not (>= main::z 1)) (not (>= (mod main::z 4294967296) 268435455))))
server:                (not
server:                  (or
server:                    (not
server:                      (>= (+ main::z (* -4294967296 (div (+ 1 main::z) 4294967296))) 268435454))
server:                    (>= (+ main::z (* -4294967296 (div (+ 1 main::z) 4294967296))) 4294967295)))
server:                (not
server:                  (or
server:                    (and
server:                      (<=
server:                        -12348030986
server:                        (+
server:                          (* 268435451 main::z)
server:                          (* -4294967296 (mod (+ 1 (mod main::z 4294967296)) 4294967296))))
server:                      (not (>= main::z 4294967296)))
server:                    (and
server:                      (<=
server:                        1080863908152999926
server:                        (+
server:                          (* -268435451 main::z)
server:                          (* 4294967296 (mod (+ 1 (mod main::z 4294967296)) 4294967296))))
server:                      (or
server:                        (not
server:                          (>= (+ main::z (* -4294967296 (div (+ 1 main::z) 4294967296))) 268435454))
server:                        (>= (+ main::z (* -4294967296 (div (+ 1 main::z) 4294967296))) 4294967295))
server:                      (>= (div (+ 1 main::z) 4294967296) 0))))
server:                (not (<= main::z 3))
server:                (not (<= 0 (+ (* -4 main::z) (* 4 (div (+ 268435454 (* 3 main::z)) 4)))))
server:                (>= main::z 268435455)
server:                (or
server:                  (<= (div (mod main::z 4294967296) 4) 67108863)
server:                  (not (>= (mod main::z 4294967296) 268435455))
server:                  (not
server:                    (<=
server:                      (+ (* -1 (mod main::z 4294967296)) (* 4 (div (mod main::z 4294967296) 4)))
server:                      0)))
server:                (<= (div (mod main::z 4294967296) 4) 67108863)
server:                (not
server:                  (=
server:                    __VERIFIER_assert::cond
server:                    (ite
server:                      (>= (mod (mod (mod main::z 4294967296) 4) 4294967296) 2147483648)
server:                      (+ -4294967296 (mod (mod (mod main::z 4294967296) 4) 4294967296))
server:                      (mod (mod (mod main::z 4294967296) 4) 4294967296))))
server:                (not (<= main::z 4))
server:                (not (<= main::z 5))
server:                (not (<= main::z 6))
server:                (not (<= main::z 7))
server:                (not (<= main::z 8))
server:                (not (<= main::z 9))
server:                (not (<= main::z 10))
server:                (not (<= main::z 11)))))] 
server:   __loc_115[(PredState (or
server:              (and
server:                (not (>= (mod main::x 4294967296) 268435455))
server:                (not (>= (mod main::y 4294967296) 268435455))
server:                (not (>= (mod main::z 4294967296) 268435455))
server:                (>= main::z 0)
server:                (<= main::z 0)
server:                (or
server:                  (not
server:                    (<= (+ (* -1 main::z) (* 4294967296 (div main::z 4294967296))) -268435455))
server:                  (<= 4294967296 (+ main::z (* -4294967296 (div main::z 4294967296)))))
server:                (>= (div (+ 1 main::z) 4294967296) 0)
server:                (= 0 main::z)
server:                (or
server:                  (<=
server:                    0
server:                    (+
server:                      (div (+ -3489660925 (* 3489660925 (mod main::z 4294967296))) 4)
server:                      (div (+ 3489660925 (* -3489660925 (mod main::z 4294967296))) 4)))
server:                  (not (= main::z 1)))
server:                (not (= main::z 1))
server:                (not
server:                  (or
server:                    (not
server:                      (<=
server:                        (+
server:                          (* 3458764525900136445 main::z)
server:                          (* -3458764526705442816 (mod main::z 4294967296))
server:                          (* -14855280523306030993212702720 (div main::z 4294967296))
server:                          (* 3221225484 (div (mod main::z 4294967296) 4)))
server:                        0))
server:                    (not
server:                      (<=
server:                        (+
server:                          (* -3458764525900136445 main::z)
server:                          (* 3458764526705442816 (mod main::z 4294967296))
server:                          (* 14855280523306030993212702720 (div main::z 4294967296))
server:                          (* -3221225484 (div (mod main::z 4294967296) 4)))
server:                        0)))))
server:              (and
server:                (not (>= (mod main::x 4294967296) 268435455))
server:                (not (>= (mod main::y 4294967296) 268435455))
server:                (not (>= (mod main::z 4294967296) 268435455))
server:                (>= main::z 0)
server:                (not (<= main::z 0))
server:                (or
server:                  (not
server:                    (<= (+ (* -1 main::z) (* 4294967296 (div main::z 4294967296))) -268435455))
server:                  (<= 4294967296 (+ main::z (* -4294967296 (div main::z 4294967296)))))
server:                (>= (div (+ 1 main::z) 4294967296) 0)
server:                (not (= 0 main::z))
server:                (or
server:                  (<=
server:                    0
server:                    (+
server:                      (div (+ -3489660925 (* 3489660925 (mod main::z 4294967296))) 4)
server:                      (div (+ 3489660925 (* -3489660925 (mod main::z 4294967296))) 4)))
server:                  (not (= main::z 1)))
server:                (= main::z 1)
server:                (or
server:                  (not
server:                    (<=
server:                      (+
server:                        (* 3458764525900136445 main::z)
server:                        (* -3458764526705442816 (mod main::z 4294967296))
server:                        (* -14855280523306030993212702720 (div main::z 4294967296))
server:                        (* 3221225484 (div (mod main::z 4294967296) 4)))
server:                      0))
server:                  (not
server:                    (<=
server:                      (+
server:                        (* -3458764525900136445 main::z)
server:                        (* 3458764526705442816 (mod main::z 4294967296))
server:                        (* 14855280523306030993212702720 (div main::z 4294967296))
server:                        (* -3221225484 (div (mod main::z 4294967296) 4)))
server:                      0)))
server:                (>= main::z 1)
server:                (<= main::z 1)
server:                (or
server:                  (not
server:                    (<=
server:                      (+ (* -1 main::z) (* 4294967296 (div (+ 1 main::z) 4294967296)))
server:                      -268435454))
server:                  (<= 4294967295 (+ main::z (* -4294967296 (div (+ 1 main::z) 4294967296)))))
server:                (not (>= main::z 4294967296))
server:                (or (not (>= main::z 1)) (not (>= (mod main::z 4294967296) 268435455)))
server:                (or
server:                  (not
server:                    (>= (+ main::z (* -4294967296 (div (+ 1 main::z) 4294967296))) 268435454))
server:                  (>= (+ main::z (* -4294967296 (div (+ 1 main::z) 4294967296))) 4294967295))
server:                (or
server:                  (and
server:                    (<=
server:                      -12348030986
server:                      (+
server:                        (* 268435451 main::z)
server:                        (* -4294967296 (mod (+ 1 (mod main::z 4294967296)) 4294967296))))
server:                    (not (>= main::z 4294967296)))
server:                  (and
server:                    (<=
server:                      1080863908152999926
server:                      (+
server:                        (* -268435451 main::z)
server:                        (* 4294967296 (mod (+ 1 (mod main::z 4294967296)) 4294967296))))
server:                    (or
server:                      (not
server:                        (>= (+ main::z (* -4294967296 (div (+ 1 main::z) 4294967296))) 268435454))
server:                      (>= (+ main::z (* -4294967296 (div (+ 1 main::z) 4294967296))) 4294967295))
server:                    (>= (div (+ 1 main::z) 4294967296) 0)))
server:                (<= main::z 3)
server:                (<= 0 (+ (* -4 main::z) (* 4 (div (+ 268435454 (* 3 main::z)) 4))))
server:                (not (>= main::z 268435455))
server:                (or
server:                  (<= (div (mod main::z 4294967296) 4) 67108863)
server:                  (not (>= (mod main::z 4294967296) 268435455))
server:                  (not
server:                    (<=
server:                      (+ (* -1 (mod main::z 4294967296)) (* 4 (div (mod main::z 4294967296) 4)))
server:                      0)))
server:                (<= (div (mod main::z 4294967296) 4) 67108863))
server:              (and
server:                (not (>= (mod main::x 4294967296) 268435455))
server:                (not (>= (mod main::y 4294967296) 268435455))
server:                (not (>= (mod main::z 4294967296) 268435455))
server:                (>= main::z 0)
server:                (not (<= main::z 0))
server:                (or
server:                  (not
server:                    (<= (+ (* -1 main::z) (* 4294967296 (div main::z 4294967296))) -268435455))
server:                  (<= 4294967296 (+ main::z (* -4294967296 (div main::z 4294967296)))))
server:                (>= (div (+ 1 main::z) 4294967296) 0)
server:                (not (= 0 main::z))
server:                (or
server:                  (<=
server:                    0
server:                    (+
server:                      (div (+ -3489660925 (* 3489660925 (mod main::z 4294967296))) 4)
server:                      (div (+ 3489660925 (* -3489660925 (mod main::z 4294967296))) 4)))
server:                  (not (= main::z 1)))
server:                (not (= main::z 1))
server:                (or
server:                  (not
server:                    (<=
server:                      (+
server:                        (* 3458764525900136445 main::z)
server:                        (* -3458764526705442816 (mod main::z 4294967296))
server:                        (* -14855280523306030993212702720 (div main::z 4294967296))
server:                        (* 3221225484 (div (mod main::z 4294967296) 4)))
server:                      0))
server:                  (not
server:                    (<=
server:                      (+
server:                        (* -3458764525900136445 main::z)
server:                        (* 3458764526705442816 (mod main::z 4294967296))
server:                        (* 14855280523306030993212702720 (div main::z 4294967296))
server:                        (* -3221225484 (div (mod main::z 4294967296) 4)))
server:                      0)))
server:                (>= main::z 1)
server:                (not (<= main::z 1))
server:                (or
server:                  (not
server:                    (<=
server:                      (+ (* -1 main::z) (* 4294967296 (div (+ 1 main::z) 4294967296)))
server:                      -268435454))
server:                  (<= 4294967295 (+ main::z (* -4294967296 (div (+ 1 main::z) 4294967296)))))
server:                (not (>= main::z 4294967296))
server:                (or (not (>= main::z 1)) (not (>= (mod main::z 4294967296) 268435455)))
server:                (or
server:                  (not
server:                    (>= (+ main::z (* -4294967296 (div (+ 1 main::z) 4294967296))) 268435454))
server:                  (>= (+ main::z (* -4294967296 (div (+ 1 main::z) 4294967296))) 4294967295))
server:                (or
server:                  (and
server:                    (<=
server:                      -12348030986
server:                      (+
server:                        (* 268435451 main::z)
server:                        (* -4294967296 (mod (+ 1 (mod main::z 4294967296)) 4294967296))))
server:                    (not (>= main::z 4294967296)))
server:                  (and
server:                    (<=
server:                      1080863908152999926
server:                      (+
server:                        (* -268435451 main::z)
server:                        (* 4294967296 (mod (+ 1 (mod main::z 4294967296)) 4294967296))))
server:                    (or
server:                      (not
server:                        (>= (+ main::z (* -4294967296 (div (+ 1 main::z) 4294967296))) 268435454))
server:                      (>= (+ main::z (* -4294967296 (div (+ 1 main::z) 4294967296))) 4294967295))
server:                    (>= (div (+ 1 main::z) 4294967296) 0)))
server:                (<= main::z 3)
server:                (<= 0 (+ (* -4 main::z) (* 4 (div (+ 268435454 (* 3 main::z)) 4))))
server:                (not (>= main::z 268435455))
server:                (or
server:                  (<= (div (mod main::z 4294967296) 4) 67108863)
server:                  (not (>= (mod main::z 4294967296) 268435455))
server:                  (not
server:                    (<=
server:                      (+ (* -1 (mod main::z 4294967296)) (* 4 (div (mod main::z 4294967296) 4)))
server:                      0)))
server:                (<= (div (mod main::z 4294967296) 4) 67108863))
server:              (and
server:                (not (>= (mod main::x 4294967296) 268435455))
server:                (not (>= (mod main::y 4294967296) 268435455))
server:                (not (>= (mod main::z 4294967296) 268435455))
server:                (>= main::z 0)
server:                (not (<= main::z 0))
server:                (or
server:                  (not
server:                    (<= (+ (* -1 main::z) (* 4294967296 (div main::z 4294967296))) -268435455))
server:                  (<= 4294967296 (+ main::z (* -4294967296 (div main::z 4294967296)))))
server:                (>= (div (+ 1 main::z) 4294967296) 0)
server:                (not (= 0 main::z))
server:                (or
server:                  (<=
server:                    0
server:                    (+
server:                      (div (+ -3489660925 (* 3489660925 (mod main::z 4294967296))) 4)
server:                      (div (+ 3489660925 (* -3489660925 (mod main::z 4294967296))) 4)))
server:                  (not (= main::z 1)))
server:                (not (= main::z 1))
server:                (or
server:                  (not
server:                    (<=
server:                      (+
server:                        (* 3458764525900136445 main::z)
server:                        (* -3458764526705442816 (mod main::z 4294967296))
server:                        (* -14855280523306030993212702720 (div main::z 4294967296))
server:                        (* 3221225484 (div (mod main::z 4294967296) 4)))
server:                      0))
server:                  (not
server:                    (<=
server:                      (+
server:                        (* -3458764525900136445 main::z)
server:                        (* 3458764526705442816 (mod main::z 4294967296))
server:                        (* 14855280523306030993212702720 (div main::z 4294967296))
server:                        (* -3221225484 (div (mod main::z 4294967296) 4)))
server:                      0)))
server:                (>= main::z 1)
server:                (not (<= main::z 1))
server:                (or
server:                  (not
server:                    (<=
server:                      (+ (* -1 main::z) (* 4294967296 (div (+ 1 main::z) 4294967296)))
server:                      -268435454))
server:                  (<= 4294967295 (+ main::z (* -4294967296 (div (+ 1 main::z) 4294967296)))))
server:                (not (>= main::z 4294967296))
server:                (or (not (>= main::z 1)) (not (>= (mod main::z 4294967296) 268435455)))
server:                (or
server:                  (not
server:                    (>= (+ main::z (* -4294967296 (div (+ 1 main::z) 4294967296))) 268435454))
server:                  (>= (+ main::z (* -4294967296 (div (+ 1 main::z) 4294967296))) 4294967295))
server:                (not
server:                  (or
server:                    (and
server:                      (<=
server:                        -12348030986
server:                        (+
server:                          (* 268435451 main::z)
server:                          (* -4294967296 (mod (+ 1 (mod main::z 4294967296)) 4294967296))))
server:                      (not (>= main::z 4294967296)))
server:                    (and
server:                      (<=
server:                        1080863908152999926
server:                        (+
server:                          (* -268435451 main::z)
server:                          (* 4294967296 (mod (+ 1 (mod main::z 4294967296)) 4294967296))))
server:                      (or
server:                        (not
server:                          (>= (+ main::z (* -4294967296 (div (+ 1 main::z) 4294967296))) 268435454))
server:                        (>= (+ main::z (* -4294967296 (div (+ 1 main::z) 4294967296))) 4294967295))
server:                      (>= (div (+ 1 main::z) 4294967296) 0))))
server:                (<= main::z 3)
server:                (<= 0 (+ (* -4 main::z) (* 4 (div (+ 268435454 (* 3 main::z)) 4))))
server:                (not (>= main::z 268435455))
server:                (or
server:                  (<= (div (mod main::z 4294967296) 4) 67108863)
server:                  (not (>= (mod main::z 4294967296) 268435455))
server:                  (not
server:                    (<=
server:                      (+ (* -1 (mod main::z 4294967296)) (* 4 (div (mod main::z 4294967296) 4)))
server:                      0)))
server:                (<= (div (mod main::z 4294967296) 4) 67108863)
server:                (<= main::z 4)
server:                (<= main::z 5)
server:                (<= main::z 6)
server:                (<= main::z 7))
server:              (and
server:                (not (>= (mod main::x 4294967296) 268435455))
server:                (not (>= (mod main::y 4294967296) 268435455))
server:                (not (>= (mod main::z 4294967296) 268435455))
server:                (>= main::z 0)
server:                (not (<= main::z 0))
server:                (or
server:                  (not
server:                    (<= (+ (* -1 main::z) (* 4294967296 (div main::z 4294967296))) -268435455))
server:                  (<= 4294967296 (+ main::z (* -4294967296 (div main::z 4294967296)))))
server:                (>= (div (+ 1 main::z) 4294967296) 0)
server:                (not (= 0 main::z))
server:                (or
server:                  (<=
server:                    0
server:                    (+
server:                      (div (+ -3489660925 (* 3489660925 (mod main::z 4294967296))) 4)
server:                      (div (+ 3489660925 (* -3489660925 (mod main::z 4294967296))) 4)))
server:                  (not (= main::z 1)))
server:                (not (= main::z 1))
server:                (not
server:                  (or
server:                    (not
server:                      (<=
server:                        (+
server:                          (* 3458764525900136445 main::z)
server:                          (* -3458764526705442816 (mod main::z 4294967296))
server:                          (* -14855280523306030993212702720 (div main::z 4294967296))
server:                          (* 3221225484 (div (mod main::z 4294967296) 4)))
server:                        0))
server:                    (not
server:                      (<=
server:                        (+
server:                          (* -3458764525900136445 main::z)
server:                          (* 3458764526705442816 (mod main::z 4294967296))
server:                          (* 14855280523306030993212702720 (div main::z 4294967296))
server:                          (* -3221225484 (div (mod main::z 4294967296) 4)))
server:                        0))))
server:                (>= main::z 1)
server:                (not (<= main::z 1))
server:                (or
server:                  (not
server:                    (<=
server:                      (+ (* -1 main::z) (* 4294967296 (div (+ 1 main::z) 4294967296)))
server:                      -268435454))
server:                  (<= 4294967295 (+ main::z (* -4294967296 (div (+ 1 main::z) 4294967296)))))
server:                (not (>= main::z 4294967296))
server:                (or (not (>= main::z 1)) (not (>= (mod main::z 4294967296) 268435455)))
server:                (or
server:                  (not
server:                    (>= (+ main::z (* -4294967296 (div (+ 1 main::z) 4294967296))) 268435454))
server:                  (>= (+ main::z (* -4294967296 (div (+ 1 main::z) 4294967296))) 4294967295))
server:                (not
server:                  (or
server:                    (and
server:                      (<=
server:                        -12348030986
server:                        (+
server:                          (* 268435451 main::z)
server:                          (* -4294967296 (mod (+ 1 (mod main::z 4294967296)) 4294967296))))
server:                      (not (>= main::z 4294967296)))
server:                    (and
server:                      (<=
server:                        1080863908152999926
server:                        (+
server:                          (* -268435451 main::z)
server:                          (* 4294967296 (mod (+ 1 (mod main::z 4294967296)) 4294967296))))
server:                      (or
server:                        (not
server:                          (>= (+ main::z (* -4294967296 (div (+ 1 main::z) 4294967296))) 268435454))
server:                        (>= (+ main::z (* -4294967296 (div (+ 1 main::z) 4294967296))) 4294967295))
server:                      (>= (div (+ 1 main::z) 4294967296) 0))))
server:                (not (<= main::z 3))
server:                (<= 0 (+ (* -4 main::z) (* 4 (div (+ 268435454 (* 3 main::z)) 4))))
server:                (not (>= main::z 268435455))
server:                (or
server:                  (<= (div (mod main::z 4294967296) 4) 67108863)
server:                  (not (>= (mod main::z 4294967296) 268435455))
server:                  (not
server:                    (<=
server:                      (+ (* -1 (mod main::z 4294967296)) (* 4 (div (mod main::z 4294967296) 4)))
server:                      0)))
server:                (<= (div (mod main::z 4294967296) 4) 67108863)
server:                (<= main::z 4)
server:                (<= main::z 5)
server:                (<= main::z 6)
server:                (<= main::z 7))
server:              (and
server:                (not (>= (mod main::x 4294967296) 268435455))
server:                (not (>= (mod main::y 4294967296) 268435455))
server:                (not (>= (mod main::z 4294967296) 268435455))
server:                (>= main::z 0)
server:                (not (<= main::z 0))
server:                (or
server:                  (not
server:                    (<= (+ (* -1 main::z) (* 4294967296 (div main::z 4294967296))) -268435455))
server:                  (<= 4294967296 (+ main::z (* -4294967296 (div main::z 4294967296)))))
server:                (>= (div (+ 1 main::z) 4294967296) 0)
server:                (not (= 0 main::z))
server:                (or
server:                  (<=
server:                    0
server:                    (+
server:                      (div (+ -3489660925 (* 3489660925 (mod main::z 4294967296))) 4)
server:                      (div (+ 3489660925 (* -3489660925 (mod main::z 4294967296))) 4)))
server:                  (not (= main::z 1)))
server:                (not (= main::z 1))
server:                (or
server:                  (not
server:                    (<=
server:                      (+
server:                        (* 3458764525900136445 main::z)
server:                        (* -3458764526705442816 (mod main::z 4294967296))
server:                        (* -14855280523306030993212702720 (div main::z 4294967296))
server:                        (* 3221225484 (div (mod main::z 4294967296) 4)))
server:                      0))
server:                  (not
server:                    (<=
server:                      (+
server:                        (* -3458764525900136445 main::z)
server:                        (* 3458764526705442816 (mod main::z 4294967296))
server:                        (* 14855280523306030993212702720 (div main::z 4294967296))
server:                        (* -3221225484 (div (mod main::z 4294967296) 4)))
server:                      0)))
server:                (>= main::z 1)
server:                (not (<= main::z 1))
server:                (or
server:                  (not
server:                    (<=
server:                      (+ (* -1 main::z) (* 4294967296 (div (+ 1 main::z) 4294967296)))
server:                      -268435454))
server:                  (<= 4294967295 (+ main::z (* -4294967296 (div (+ 1 main::z) 4294967296)))))
server:                (not (>= main::z 4294967296))
server:                (or (not (>= main::z 1)) (not (>= (mod main::z 4294967296) 268435455)))
server:                (or
server:                  (not
server:                    (>= (+ main::z (* -4294967296 (div (+ 1 main::z) 4294967296))) 268435454))
server:                  (>= (+ main::z (* -4294967296 (div (+ 1 main::z) 4294967296))) 4294967295))
server:                (not
server:                  (or
server:                    (and
server:                      (<=
server:                        -12348030986
server:                        (+
server:                          (* 268435451 main::z)
server:                          (* -4294967296 (mod (+ 1 (mod main::z 4294967296)) 4294967296))))
server:                      (not (>= main::z 4294967296)))
server:                    (and
server:                      (<=
server:                        1080863908152999926
server:                        (+
server:                          (* -268435451 main::z)
server:                          (* 4294967296 (mod (+ 1 (mod main::z 4294967296)) 4294967296))))
server:                      (or
server:                        (not
server:                          (>= (+ main::z (* -4294967296 (div (+ 1 main::z) 4294967296))) 268435454))
server:                        (>= (+ main::z (* -4294967296 (div (+ 1 main::z) 4294967296))) 4294967295))
server:                      (>= (div (+ 1 main::z) 4294967296) 0))))
server:                (not (<= main::z 3))
server:                (<= 0 (+ (* -4 main::z) (* 4 (div (+ 268435454 (* 3 main::z)) 4))))
server:                (not (>= main::z 268435455))
server:                (or
server:                  (<= (div (mod main::z 4294967296) 4) 67108863)
server:                  (not (>= (mod main::z 4294967296) 268435455))
server:                  (not
server:                    (<=
server:                      (+ (* -1 (mod main::z 4294967296)) (* 4 (div (mod main::z 4294967296) 4)))
server:                      0)))
server:                (<= (div (mod main::z 4294967296) 4) 67108863)
server:                (not (<= main::z 4))
server:                (<= main::z 5)
server:                (<= main::z 6)
server:                (<= main::z 7))
server:              (and
server:                (not (>= (mod main::x 4294967296) 268435455))
server:                (not (>= (mod main::y 4294967296) 268435455))
server:                (not (>= (mod main::z 4294967296) 268435455))
server:                (>= main::z 0)
server:                (not (<= main::z 0))
server:                (or
server:                  (not
server:                    (<= (+ (* -1 main::z) (* 4294967296 (div main::z 4294967296))) -268435455))
server:                  (<= 4294967296 (+ main::z (* -4294967296 (div main::z 4294967296)))))
server:                (>= (div (+ 1 main::z) 4294967296) 0)
server:                (not (= 0 main::z))
server:                (or
server:                  (<=
server:                    0
server:                    (+
server:                      (div (+ -3489660925 (* 3489660925 (mod main::z 4294967296))) 4)
server:                      (div (+ 3489660925 (* -3489660925 (mod main::z 4294967296))) 4)))
server:                  (not (= main::z 1)))
server:                (not (= main::z 1))
server:                (or
server:                  (not
server:                    (<=
server:                      (+
server:                        (* 3458764525900136445 main::z)
server:                        (* -3458764526705442816 (mod main::z 4294967296))
server:                        (* -14855280523306030993212702720 (div main::z 4294967296))
server:                        (* 3221225484 (div (mod main::z 4294967296) 4)))
server:                      0))
server:                  (not
server:                    (<=
server:                      (+
server:                        (* -3458764525900136445 main::z)
server:                        (* 3458764526705442816 (mod main::z 4294967296))
server:                        (* 14855280523306030993212702720 (div main::z 4294967296))
server:                        (* -3221225484 (div (mod main::z 4294967296) 4)))
server:                      0)))
server:                (>= main::z 1)
server:                (not (<= main::z 1))
server:                (or
server:                  (not
server:                    (<=
server:                      (+ (* -1 main::z) (* 4294967296 (div (+ 1 main::z) 4294967296)))
server:                      -268435454))
server:                  (<= 4294967295 (+ main::z (* -4294967296 (div (+ 1 main::z) 4294967296)))))
server:                (not (>= main::z 4294967296))
server:                (or (not (>= main::z 1)) (not (>= (mod main::z 4294967296) 268435455)))
server:                (or
server:                  (not
server:                    (>= (+ main::z (* -4294967296 (div (+ 1 main::z) 4294967296))) 268435454))
server:                  (>= (+ main::z (* -4294967296 (div (+ 1 main::z) 4294967296))) 4294967295))
server:                (not
server:                  (or
server:                    (and
server:                      (<=
server:                        -12348030986
server:                        (+
server:                          (* 268435451 main::z)
server:                          (* -4294967296 (mod (+ 1 (mod main::z 4294967296)) 4294967296))))
server:                      (not (>= main::z 4294967296)))
server:                    (and
server:                      (<=
server:                        1080863908152999926
server:                        (+
server:                          (* -268435451 main::z)
server:                          (* 4294967296 (mod (+ 1 (mod main::z 4294967296)) 4294967296))))
server:                      (or
server:                        (not
server:                          (>= (+ main::z (* -4294967296 (div (+ 1 main::z) 4294967296))) 268435454))
server:                        (>= (+ main::z (* -4294967296 (div (+ 1 main::z) 4294967296))) 4294967295))
server:                      (>= (div (+ 1 main::z) 4294967296) 0))))
server:                (not (<= main::z 3))
server:                (<= 0 (+ (* -4 main::z) (* 4 (div (+ 268435454 (* 3 main::z)) 4))))
server:                (not (>= main::z 268435455))
server:                (or
server:                  (<= (div (mod main::z 4294967296) 4) 67108863)
server:                  (not (>= (mod main::z 4294967296) 268435455))
server:                  (not
server:                    (<=
server:                      (+ (* -1 (mod main::z 4294967296)) (* 4 (div (mod main::z 4294967296) 4)))
server:                      0)))
server:                (<= (div (mod main::z 4294967296) 4) 67108863)
server:                (not (<= main::z 4))
server:                (not (<= main::z 5))
server:                (<= main::z 6)
server:                (<= main::z 7))
server:              (and
server:                (not (>= (mod main::x 4294967296) 268435455))
server:                (not (>= (mod main::y 4294967296) 268435455))
server:                (not (>= (mod main::z 4294967296) 268435455))
server:                (>= main::z 0)
server:                (not (<= main::z 0))
server:                (or
server:                  (not
server:                    (<= (+ (* -1 main::z) (* 4294967296 (div main::z 4294967296))) -268435455))
server:                  (<= 4294967296 (+ main::z (* -4294967296 (div main::z 4294967296)))))
server:                (>= (div (+ 1 main::z) 4294967296) 0)
server:                (not (= 0 main::z))
server:                (or
server:                  (<=
server:                    0
server:                    (+
server:                      (div (+ -3489660925 (* 3489660925 (mod main::z 4294967296))) 4)
server:                      (div (+ 3489660925 (* -3489660925 (mod main::z 4294967296))) 4)))
server:                  (not (= main::z 1)))
server:                (not (= main::z 1))
server:                (or
server:                  (not
server:                    (<=
server:                      (+
server:                        (* 3458764525900136445 main::z)
server:                        (* -3458764526705442816 (mod main::z 4294967296))
server:                        (* -14855280523306030993212702720 (div main::z 4294967296))
server:                        (* 3221225484 (div (mod main::z 4294967296) 4)))
server:                      0))
server:                  (not
server:                    (<=
server:                      (+
server:                        (* -3458764525900136445 main::z)
server:                        (* 3458764526705442816 (mod main::z 4294967296))
server:                        (* 14855280523306030993212702720 (div main::z 4294967296))
server:                        (* -3221225484 (div (mod main::z 4294967296) 4)))
server:                      0)))
server:                (>= main::z 1)
server:                (not (<= main::z 1))
server:                (or
server:                  (not
server:                    (<=
server:                      (+ (* -1 main::z) (* 4294967296 (div (+ 1 main::z) 4294967296)))
server:                      -268435454))
server:                  (<= 4294967295 (+ main::z (* -4294967296 (div (+ 1 main::z) 4294967296)))))
server:                (not (>= main::z 4294967296))
server:                (or (not (>= main::z 1)) (not (>= (mod main::z 4294967296) 268435455)))
server:                (or
server:                  (not
server:                    (>= (+ main::z (* -4294967296 (div (+ 1 main::z) 4294967296))) 268435454))
server:                  (>= (+ main::z (* -4294967296 (div (+ 1 main::z) 4294967296))) 4294967295))
server:                (not
server:                  (or
server:                    (and
server:                      (<=
server:                        -12348030986
server:                        (+
server:                          (* 268435451 main::z)
server:                          (* -4294967296 (mod (+ 1 (mod main::z 4294967296)) 4294967296))))
server:                      (not (>= main::z 4294967296)))
server:                    (and
server:                      (<=
server:                        1080863908152999926
server:                        (+
server:                          (* -268435451 main::z)
server:                          (* 4294967296 (mod (+ 1 (mod main::z 4294967296)) 4294967296))))
server:                      (or
server:                        (not
server:                          (>= (+ main::z (* -4294967296 (div (+ 1 main::z) 4294967296))) 268435454))
server:                        (>= (+ main::z (* -4294967296 (div (+ 1 main::z) 4294967296))) 4294967295))
server:                      (>= (div (+ 1 main::z) 4294967296) 0))))
server:                (not (<= main::z 3))
server:                (<= 0 (+ (* -4 main::z) (* 4 (div (+ 268435454 (* 3 main::z)) 4))))
server:                (not (>= main::z 268435455))
server:                (or
server:                  (<= (div (mod main::z 4294967296) 4) 67108863)
server:                  (not (>= (mod main::z 4294967296) 268435455))
server:                  (not
server:                    (<=
server:                      (+ (* -1 (mod main::z 4294967296)) (* 4 (div (mod main::z 4294967296) 4)))
server:                      0)))
server:                (<= (div (mod main::z 4294967296) 4) 67108863)
server:                (not (<= main::z 4))
server:                (not (<= main::z 5))
server:                (not (<= main::z 6))
server:                (<= main::z 7)
server:                (<= main::z 8)
server:                (<= main::z 9)
server:                (<= main::z 10)
server:                (<= main::z 11))
server:              (and
server:                (not (>= (mod main::x 4294967296) 268435455))
server:                (not (>= (mod main::y 4294967296) 268435455))
server:                (not (>= (mod main::z 4294967296) 268435455))
server:                (>= main::z 0)
server:                (not (<= main::z 0))
server:                (or
server:                  (not
server:                    (<= (+ (* -1 main::z) (* 4294967296 (div main::z 4294967296))) -268435455))
server:                  (<= 4294967296 (+ main::z (* -4294967296 (div main::z 4294967296)))))
server:                (>= (div (+ 1 main::z) 4294967296) 0)
server:                (not (= 0 main::z))
server:                (or
server:                  (<=
server:                    0
server:                    (+
server:                      (div (+ -3489660925 (* 3489660925 (mod main::z 4294967296))) 4)
server:                      (div (+ 3489660925 (* -3489660925 (mod main::z 4294967296))) 4)))
server:                  (not (= main::z 1)))
server:                (not (= main::z 1))
server:                (not
server:                  (or
server:                    (not
server:                      (<=
server:                        (+
server:                          (* 3458764525900136445 main::z)
server:                          (* -3458764526705442816 (mod main::z 4294967296))
server:                          (* -14855280523306030993212702720 (div main::z 4294967296))
server:                          (* 3221225484 (div (mod main::z 4294967296) 4)))
server:                        0))
server:                    (not
server:                      (<=
server:                        (+
server:                          (* -3458764525900136445 main::z)
server:                          (* 3458764526705442816 (mod main::z 4294967296))
server:                          (* 14855280523306030993212702720 (div main::z 4294967296))
server:                          (* -3221225484 (div (mod main::z 4294967296) 4)))
server:                        0))))
server:                (>= main::z 1)
server:                (not (<= main::z 1))
server:                (or
server:                  (not
server:                    (<=
server:                      (+ (* -1 main::z) (* 4294967296 (div (+ 1 main::z) 4294967296)))
server:                      -268435454))
server:                  (<= 4294967295 (+ main::z (* -4294967296 (div (+ 1 main::z) 4294967296)))))
server:                (not (>= main::z 4294967296))
server:                (or (not (>= main::z 1)) (not (>= (mod main::z 4294967296) 268435455)))
server:                (or
server:                  (not
server:                    (>= (+ main::z (* -4294967296 (div (+ 1 main::z) 4294967296))) 268435454))
server:                  (>= (+ main::z (* -4294967296 (div (+ 1 main::z) 4294967296))) 4294967295))
server:                (not
server:                  (or
server:                    (and
server:                      (<=
server:                        -12348030986
server:                        (+
server:                          (* 268435451 main::z)
server:                          (* -4294967296 (mod (+ 1 (mod main::z 4294967296)) 4294967296))))
server:                      (not (>= main::z 4294967296)))
server:                    (and
server:                      (<=
server:                        1080863908152999926
server:                        (+
server:                          (* -268435451 main::z)
server:                          (* 4294967296 (mod (+ 1 (mod main::z 4294967296)) 4294967296))))
server:                      (or
server:                        (not
server:                          (>= (+ main::z (* -4294967296 (div (+ 1 main::z) 4294967296))) 268435454))
server:                        (>= (+ main::z (* -4294967296 (div (+ 1 main::z) 4294967296))) 4294967295))
server:                      (>= (div (+ 1 main::z) 4294967296) 0))))
server:                (not (<= main::z 3))
server:                (<= 0 (+ (* -4 main::z) (* 4 (div (+ 268435454 (* 3 main::z)) 4))))
server:                (not (>= main::z 268435455))
server:                (or
server:                  (<= (div (mod main::z 4294967296) 4) 67108863)
server:                  (not (>= (mod main::z 4294967296) 268435455))
server:                  (not
server:                    (<=
server:                      (+ (* -1 (mod main::z 4294967296)) (* 4 (div (mod main::z 4294967296) 4)))
server:                      0)))
server:                (<= (div (mod main::z 4294967296) 4) 67108863)
server:                (not (<= main::z 4))
server:                (not (<= main::z 5))
server:                (not (<= main::z 6))
server:                (not (<= main::z 7))
server:                (<= main::z 8)
server:                (<= main::z 9)
server:                (<= main::z 10)
server:                (<= main::z 11))
server:              (and
server:                (not (>= (mod main::x 4294967296) 268435455))
server:                (not (>= (mod main::y 4294967296) 268435455))
server:                (not (>= (mod main::z 4294967296) 268435455))
server:                (>= main::z 0)
server:                (not (<= main::z 0))
server:                (or
server:                  (not
server:                    (<= (+ (* -1 main::z) (* 4294967296 (div main::z 4294967296))) -268435455))
server:                  (<= 4294967296 (+ main::z (* -4294967296 (div main::z 4294967296)))))
server:                (>= (div (+ 1 main::z) 4294967296) 0)
server:                (not (= 0 main::z))
server:                (or
server:                  (<=
server:                    0
server:                    (+
server:                      (div (+ -3489660925 (* 3489660925 (mod main::z 4294967296))) 4)
server:                      (div (+ 3489660925 (* -3489660925 (mod main::z 4294967296))) 4)))
server:                  (not (= main::z 1)))
server:                (not (= main::z 1))
server:                (or
server:                  (not
server:                    (<=
server:                      (+
server:                        (* 3458764525900136445 main::z)
server:                        (* -3458764526705442816 (mod main::z 4294967296))
server:                        (* -14855280523306030993212702720 (div main::z 4294967296))
server:                        (* 3221225484 (div (mod main::z 4294967296) 4)))
server:                      0))
server:                  (not
server:                    (<=
server:                      (+
server:                        (* -3458764525900136445 main::z)
server:                        (* 3458764526705442816 (mod main::z 4294967296))
server:                        (* 14855280523306030993212702720 (div main::z 4294967296))
server:                        (* -3221225484 (div (mod main::z 4294967296) 4)))
server:                      0)))
server:                (>= main::z 1)
server:                (not (<= main::z 1))
server:                (or
server:                  (not
server:                    (<=
server:                      (+ (* -1 main::z) (* 4294967296 (div (+ 1 main::z) 4294967296)))
server:                      -268435454))
server:                  (<= 4294967295 (+ main::z (* -4294967296 (div (+ 1 main::z) 4294967296)))))
server:                (not (>= main::z 4294967296))
server:                (or (not (>= main::z 1)) (not (>= (mod main::z 4294967296) 268435455)))
server:                (or
server:                  (not
server:                    (>= (+ main::z (* -4294967296 (div (+ 1 main::z) 4294967296))) 268435454))
server:                  (>= (+ main::z (* -4294967296 (div (+ 1 main::z) 4294967296))) 4294967295))
server:                (not
server:                  (or
server:                    (and
server:                      (<=
server:                        -12348030986
server:                        (+
server:                          (* 268435451 main::z)
server:                          (* -4294967296 (mod (+ 1 (mod main::z 4294967296)) 4294967296))))
server:                      (not (>= main::z 4294967296)))
server:                    (and
server:                      (<=
server:                        1080863908152999926
server:                        (+
server:                          (* -268435451 main::z)
server:                          (* 4294967296 (mod (+ 1 (mod main::z 4294967296)) 4294967296))))
server:                      (or
server:                        (not
server:                          (>= (+ main::z (* -4294967296 (div (+ 1 main::z) 4294967296))) 268435454))
server:                        (>= (+ main::z (* -4294967296 (div (+ 1 main::z) 4294967296))) 4294967295))
server:                      (>= (div (+ 1 main::z) 4294967296) 0))))
server:                (not (<= main::z 3))
server:                (<= 0 (+ (* -4 main::z) (* 4 (div (+ 268435454 (* 3 main::z)) 4))))
server:                (not (>= main::z 268435455))
server:                (or
server:                  (<= (div (mod main::z 4294967296) 4) 67108863)
server:                  (not (>= (mod main::z 4294967296) 268435455))
server:                  (not
server:                    (<=
server:                      (+ (* -1 (mod main::z 4294967296)) (* 4 (div (mod main::z 4294967296) 4)))
server:                      0)))
server:                (<= (div (mod main::z 4294967296) 4) 67108863)
server:                (not (<= main::z 4))
server:                (not (<= main::z 5))
server:                (not (<= main::z 6))
server:                (not (<= main::z 7))
server:                (not (<= main::z 8))
server:                (<= main::z 9)
server:                (<= main::z 10)
server:                (<= main::z 11))
server:              (and
server:                (not (>= (mod main::x 4294967296) 268435455))
server:                (not (>= (mod main::y 4294967296) 268435455))
server:                (not (>= (mod main::z 4294967296) 268435455))
server:                (>= main::z 0)
server:                (not (<= main::z 0))
server:                (or
server:                  (not
server:                    (<= (+ (* -1 main::z) (* 4294967296 (div main::z 4294967296))) -268435455))
server:                  (<= 4294967296 (+ main::z (* -4294967296 (div main::z 4294967296)))))
server:                (>= (div (+ 1 main::z) 4294967296) 0)
server:                (not (= 0 main::z))
server:                (or
server:                  (<=
server:                    0
server:                    (+
server:                      (div (+ -3489660925 (* 3489660925 (mod main::z 4294967296))) 4)
server:                      (div (+ 3489660925 (* -3489660925 (mod main::z 4294967296))) 4)))
server:                  (not (= main::z 1)))
server:                (not (= main::z 1))
server:                (or
server:                  (not
server:                    (<=
server:                      (+
server:                        (* 3458764525900136445 main::z)
server:                        (* -3458764526705442816 (mod main::z 4294967296))
server:                        (* -14855280523306030993212702720 (div main::z 4294967296))
server:                        (* 3221225484 (div (mod main::z 4294967296) 4)))
server:                      0))
server:                  (not
server:                    (<=
server:                      (+
server:                        (* -3458764525900136445 main::z)
server:                        (* 3458764526705442816 (mod main::z 4294967296))
server:                        (* 14855280523306030993212702720 (div main::z 4294967296))
server:                        (* -3221225484 (div (mod main::z 4294967296) 4)))
server:                      0)))
server:                (>= main::z 1)
server:                (not (<= main::z 1))
server:                (or
server:                  (not
server:                    (<=
server:                      (+ (* -1 main::z) (* 4294967296 (div (+ 1 main::z) 4294967296)))
server:                      -268435454))
server:                  (<= 4294967295 (+ main::z (* -4294967296 (div (+ 1 main::z) 4294967296)))))
server:                (not (>= main::z 4294967296))
server:                (or (not (>= main::z 1)) (not (>= (mod main::z 4294967296) 268435455)))
server:                (or
server:                  (not
server:                    (>= (+ main::z (* -4294967296 (div (+ 1 main::z) 4294967296))) 268435454))
server:                  (>= (+ main::z (* -4294967296 (div (+ 1 main::z) 4294967296))) 4294967295))
server:                (not
server:                  (or
server:                    (and
server:                      (<=
server:                        -12348030986
server:                        (+
server:                          (* 268435451 main::z)
server:                          (* -4294967296 (mod (+ 1 (mod main::z 4294967296)) 4294967296))))
server:                      (not (>= main::z 4294967296)))
server:                    (and
server:                      (<=
server:                        1080863908152999926
server:                        (+
server:                          (* -268435451 main::z)
server:                          (* 4294967296 (mod (+ 1 (mod main::z 4294967296)) 4294967296))))
server:                      (or
server:                        (not
server:                          (>= (+ main::z (* -4294967296 (div (+ 1 main::z) 4294967296))) 268435454))
server:                        (>= (+ main::z (* -4294967296 (div (+ 1 main::z) 4294967296))) 4294967295))
server:                      (>= (div (+ 1 main::z) 4294967296) 0))))
server:                (not (<= main::z 3))
server:                (<= 0 (+ (* -4 main::z) (* 4 (div (+ 268435454 (* 3 main::z)) 4))))
server:                (not (>= main::z 268435455))
server:                (or
server:                  (<= (div (mod main::z 4294967296) 4) 67108863)
server:                  (not (>= (mod main::z 4294967296) 268435455))
server:                  (not
server:                    (<=
server:                      (+ (* -1 (mod main::z 4294967296)) (* 4 (div (mod main::z 4294967296) 4)))
server:                      0)))
server:                (<= (div (mod main::z 4294967296) 4) 67108863)
server:                (not (<= main::z 4))
server:                (not (<= main::z 5))
server:                (not (<= main::z 6))
server:                (not (<= main::z 7))
server:                (not (<= main::z 8))
server:                (not (<= main::z 9))
server:                (<= main::z 10)
server:                (<= main::z 11))
server:              (and
server:                (not (>= (mod main::x 4294967296) 268435455))
server:                (not (>= (mod main::y 4294967296) 268435455))
server:                (not (>= (mod main::z 4294967296) 268435455))
server:                (>= main::z 0)
server:                (not (<= main::z 0))
server:                (or
server:                  (not
server:                    (<= (+ (* -1 main::z) (* 4294967296 (div main::z 4294967296))) -268435455))
server:                  (<= 4294967296 (+ main::z (* -4294967296 (div main::z 4294967296)))))
server:                (>= (div (+ 1 main::z) 4294967296) 0)
server:                (not (= 0 main::z))
server:                (or
server:                  (<=
server:                    0
server:                    (+
server:                      (div (+ -3489660925 (* 3489660925 (mod main::z 4294967296))) 4)
server:                      (div (+ 3489660925 (* -3489660925 (mod main::z 4294967296))) 4)))
server:                  (not (= main::z 1)))
server:                (not (= main::z 1))
server:                (or
server:                  (not
server:                    (<=
server:                      (+
server:                        (* 3458764525900136445 main::z)
server:                        (* -3458764526705442816 (mod main::z 4294967296))
server:                        (* -14855280523306030993212702720 (div main::z 4294967296))
server:                        (* 3221225484 (div (mod main::z 4294967296) 4)))
server:                      0))
server:                  (not
server:                    (<=
server:                      (+
server:                        (* -3458764525900136445 main::z)
server:                        (* 3458764526705442816 (mod main::z 4294967296))
server:                        (* 14855280523306030993212702720 (div main::z 4294967296))
server:                        (* -3221225484 (div (mod main::z 4294967296) 4)))
server:                      0)))
server:                (>= main::z 1)
server:                (not (<= main::z 1))
server:                (or
server:                  (not
server:                    (<=
server:                      (+ (* -1 main::z) (* 4294967296 (div (+ 1 main::z) 4294967296)))
server:                      -268435454))
server:                  (<= 4294967295 (+ main::z (* -4294967296 (div (+ 1 main::z) 4294967296)))))
server:                (not (>= main::z 4294967296))
server:                (or (not (>= main::z 1)) (not (>= (mod main::z 4294967296) 268435455)))
server:                (or
server:                  (not
server:                    (>= (+ main::z (* -4294967296 (div (+ 1 main::z) 4294967296))) 268435454))
server:                  (>= (+ main::z (* -4294967296 (div (+ 1 main::z) 4294967296))) 4294967295))
server:                (not
server:                  (or
server:                    (and
server:                      (<=
server:                        -12348030986
server:                        (+
server:                          (* 268435451 main::z)
server:                          (* -4294967296 (mod (+ 1 (mod main::z 4294967296)) 4294967296))))
server:                      (not (>= main::z 4294967296)))
server:                    (and
server:                      (<=
server:                        1080863908152999926
server:                        (+
server:                          (* -268435451 main::z)
server:                          (* 4294967296 (mod (+ 1 (mod main::z 4294967296)) 4294967296))))
server:                      (or
server:                        (not
server:                          (>= (+ main::z (* -4294967296 (div (+ 1 main::z) 4294967296))) 268435454))
server:                        (>= (+ main::z (* -4294967296 (div (+ 1 main::z) 4294967296))) 4294967295))
server:                      (>= (div (+ 1 main::z) 4294967296) 0))))
server:                (not (<= main::z 3))
server:                (<= 0 (+ (* -4 main::z) (* 4 (div (+ 268435454 (* 3 main::z)) 4))))
server:                (not (>= main::z 268435455))
server:                (or
server:                  (<= (div (mod main::z 4294967296) 4) 67108863)
server:                  (not (>= (mod main::z 4294967296) 268435455))
server:                  (not
server:                    (<=
server:                      (+ (* -1 (mod main::z 4294967296)) (* 4 (div (mod main::z 4294967296) 4)))
server:                      0)))
server:                (<= (div (mod main::z 4294967296) 4) 67108863)
server:                (not (<= main::z 4))
server:                (not (<= main::z 5))
server:                (not (<= main::z 6))
server:                (not (<= main::z 7))
server:                (not (<= main::z 8))
server:                (not (<= main::z 9))
server:                (not (<= main::z 10))
server:                (<= main::z 11))
server:              (and
server:                (not (>= (mod main::x 4294967296) 268435455))
server:                (not (>= (mod main::y 4294967296) 268435455))
server:                (not (>= (mod main::z 4294967296) 268435455))
server:                (>= main::z 0)
server:                (not (<= main::z 0))
server:                (or
server:                  (not
server:                    (<= (+ (* -1 main::z) (* 4294967296 (div main::z 4294967296))) -268435455))
server:                  (<= 4294967296 (+ main::z (* -4294967296 (div main::z 4294967296)))))
server:                (>= (div (+ 1 main::z) 4294967296) 0)
server:                (not (= 0 main::z))
server:                (or
server:                  (<=
server:                    0
server:                    (+
server:                      (div (+ -3489660925 (* 3489660925 (mod main::z 4294967296))) 4)
server:                      (div (+ 3489660925 (* -3489660925 (mod main::z 4294967296))) 4)))
server:                  (not (= main::z 1)))
server:                (not (= main::z 1))
server:                (not
server:                  (or
server:                    (not
server:                      (<=
server:                        (+
server:                          (* 3458764525900136445 main::z)
server:                          (* -3458764526705442816 (mod main::z 4294967296))
server:                          (* -14855280523306030993212702720 (div main::z 4294967296))
server:                          (* 3221225484 (div (mod main::z 4294967296) 4)))
server:                        0))
server:                    (not
server:                      (<=
server:                        (+
server:                          (* -3458764525900136445 main::z)
server:                          (* 3458764526705442816 (mod main::z 4294967296))
server:                          (* 14855280523306030993212702720 (div main::z 4294967296))
server:                          (* -3221225484 (div (mod main::z 4294967296) 4)))
server:                        0))))
server:                (>= main::z 1)
server:                (not (<= main::z 1))
server:                (or
server:                  (not
server:                    (<=
server:                      (+ (* -1 main::z) (* 4294967296 (div (+ 1 main::z) 4294967296)))
server:                      -268435454))
server:                  (<= 4294967295 (+ main::z (* -4294967296 (div (+ 1 main::z) 4294967296)))))
server:                (not (>= main::z 4294967296))
server:                (or (not (>= main::z 1)) (not (>= (mod main::z 4294967296) 268435455)))
server:                (or
server:                  (not
server:                    (>= (+ main::z (* -4294967296 (div (+ 1 main::z) 4294967296))) 268435454))
server:                  (>= (+ main::z (* -4294967296 (div (+ 1 main::z) 4294967296))) 4294967295))
server:                (not
server:                  (or
server:                    (and
server:                      (<=
server:                        -12348030986
server:                        (+
server:                          (* 268435451 main::z)
server:                          (* -4294967296 (mod (+ 1 (mod main::z 4294967296)) 4294967296))))
server:                      (not (>= main::z 4294967296)))
server:                    (and
server:                      (<=
server:                        1080863908152999926
server:                        (+
server:                          (* -268435451 main::z)
server:                          (* 4294967296 (mod (+ 1 (mod main::z 4294967296)) 4294967296))))
server:                      (or
server:                        (not
server:                          (>= (+ main::z (* -4294967296 (div (+ 1 main::z) 4294967296))) 268435454))
server:                        (>= (+ main::z (* -4294967296 (div (+ 1 main::z) 4294967296))) 4294967295))
server:                      (>= (div (+ 1 main::z) 4294967296) 0))))
server:                (not (<= main::z 3))
server:                (<= 0 (+ (* -4 main::z) (* 4 (div (+ 268435454 (* 3 main::z)) 4))))
server:                (not (>= main::z 268435455))
server:                (or
server:                  (<= (div (mod main::z 4294967296) 4) 67108863)
server:                  (not (>= (mod main::z 4294967296) 268435455))
server:                  (not
server:                    (<=
server:                      (+ (* -1 (mod main::z 4294967296)) (* 4 (div (mod main::z 4294967296) 4)))
server:                      0)))
server:                (<= (div (mod main::z 4294967296) 4) 67108863)
server:                (not (<= main::z 4))
server:                (not (<= main::z 5))
server:                (not (<= main::z 6))
server:                (not (<= main::z 7))
server:                (not (<= main::z 8))
server:                (not (<= main::z 9))
server:                (not (<= main::z 10))
server:                (not (<= main::z 11)))
server:              (and
server:                (not (>= (mod main::x 4294967296) 268435455))
server:                (not (>= (mod main::y 4294967296) 268435455))
server:                (not (>= (mod main::z 4294967296) 268435455))
server:                (>= main::z 0)
server:                (not (<= main::z 0))
server:                (or
server:                  (not
server:                    (<= (+ (* -1 main::z) (* 4294967296 (div main::z 4294967296))) -268435455))
server:                  (<= 4294967296 (+ main::z (* -4294967296 (div main::z 4294967296)))))
server:                (>= (div (+ 1 main::z) 4294967296) 0)
server:                (not (= 0 main::z))
server:                (or
server:                  (<=
server:                    0
server:                    (+
server:                      (div (+ -3489660925 (* 3489660925 (mod main::z 4294967296))) 4)
server:                      (div (+ 3489660925 (* -3489660925 (mod main::z 4294967296))) 4)))
server:                  (not (= main::z 1)))
server:                (not (= main::z 1))
server:                (or
server:                  (not
server:                    (<=
server:                      (+
server:                        (* 3458764525900136445 main::z)
server:                        (* -3458764526705442816 (mod main::z 4294967296))
server:                        (* -14855280523306030993212702720 (div main::z 4294967296))
server:                        (* 3221225484 (div (mod main::z 4294967296) 4)))
server:                      0))
server:                  (not
server:                    (<=
server:                      (+
server:                        (* -3458764525900136445 main::z)
server:                        (* 3458764526705442816 (mod main::z 4294967296))
server:                        (* 14855280523306030993212702720 (div main::z 4294967296))
server:                        (* -3221225484 (div (mod main::z 4294967296) 4)))
server:                      0)))
server:                (>= main::z 1)
server:                (not (<= main::z 1))
server:                (or
server:                  (not
server:                    (<=
server:                      (+ (* -1 main::z) (* 4294967296 (div (+ 1 main::z) 4294967296)))
server:                      -268435454))
server:                  (<= 4294967295 (+ main::z (* -4294967296 (div (+ 1 main::z) 4294967296)))))
server:                (not (>= main::z 4294967296))
server:                (or (not (>= main::z 1)) (not (>= (mod main::z 4294967296) 268435455)))
server:                (or
server:                  (not
server:                    (>= (+ main::z (* -4294967296 (div (+ 1 main::z) 4294967296))) 268435454))
server:                  (>= (+ main::z (* -4294967296 (div (+ 1 main::z) 4294967296))) 4294967295))
server:                (not
server:                  (or
server:                    (and
server:                      (<=
server:                        -12348030986
server:                        (+
server:                          (* 268435451 main::z)
server:                          (* -4294967296 (mod (+ 1 (mod main::z 4294967296)) 4294967296))))
server:                      (not (>= main::z 4294967296)))
server:                    (and
server:                      (<=
server:                        1080863908152999926
server:                        (+
server:                          (* -268435451 main::z)
server:                          (* 4294967296 (mod (+ 1 (mod main::z 4294967296)) 4294967296))))
server:                      (or
server:                        (not
server:                          (>= (+ main::z (* -4294967296 (div (+ 1 main::z) 4294967296))) 268435454))
server:                        (>= (+ main::z (* -4294967296 (div (+ 1 main::z) 4294967296))) 4294967295))
server:                      (>= (div (+ 1 main::z) 4294967296) 0))))
server:                (not (<= main::z 3))
server:                (<= 0 (+ (* -4 main::z) (* 4 (div (+ 268435454 (* 3 main::z)) 4))))
server:                (not (>= main::z 268435455))
server:                (or
server:                  (<= (div (mod main::z 4294967296) 4) 67108863)
server:                  (not (>= (mod main::z 4294967296) 268435455))
server:                  (not
server:                    (<=
server:                      (+ (* -1 (mod main::z 4294967296)) (* 4 (div (mod main::z 4294967296) 4)))
server:                      0)))
server:                (<= (div (mod main::z 4294967296) 4) 67108863)
server:                (not (<= main::z 4))
server:                (not (<= main::z 5))
server:                (not (<= main::z 6))
server:                (not (<= main::z 7))
server:                (not (<= main::z 8))
server:                (not (<= main::z 9))
server:                (not (<= main::z 10))
server:                (not (<= main::z 11)))
server:              (and
server:                (not (>= (mod main::x 4294967296) 268435455))
server:                (not (>= (mod main::y 4294967296) 268435455))
server:                (not (>= (mod main::z 4294967296) 268435455))
server:                (>= main::z 0)
server:                (not (<= main::z 0))
server:                (or
server:                  (not
server:                    (<= (+ (* -1 main::z) (* 4294967296 (div main::z 4294967296))) -268435455))
server:                  (<= 4294967296 (+ main::z (* -4294967296 (div main::z 4294967296)))))
server:                (>= (div (+ 1 main::z) 4294967296) 0)
server:                (not (= 0 main::z))
server:                (or
server:                  (<=
server:                    0
server:                    (+
server:                      (div (+ -3489660925 (* 3489660925 (mod main::z 4294967296))) 4)
server:                      (div (+ 3489660925 (* -3489660925 (mod main::z 4294967296))) 4)))
server:                  (not (= main::z 1)))
server:                (not (= main::z 1))
server:                (>= main::z 1)
server:                (not (<= main::z 1))
server:                (not (>= main::z 4294967296))
server:                (or (not (>= main::z 1)) (not (>= (mod main::z 4294967296) 268435455)))
server:                (not
server:                  (or
server:                    (and
server:                      (<=
server:                        -12348030986
server:                        (+
server:                          (* 268435451 main::z)
server:                          (* -4294967296 (mod (+ 1 (mod main::z 4294967296)) 4294967296))))
server:                      (not (>= main::z 4294967296)))
server:                    (and
server:                      (<=
server:                        1080863908152999926
server:                        (+
server:                          (* -268435451 main::z)
server:                          (* 4294967296 (mod (+ 1 (mod main::z 4294967296)) 4294967296))))
server:                      (or
server:                        (not
server:                          (>= (+ main::z (* -4294967296 (div (+ 1 main::z) 4294967296))) 268435454))
server:                        (>= (+ main::z (* -4294967296 (div (+ 1 main::z) 4294967296))) 4294967295))
server:                      (>= (div (+ 1 main::z) 4294967296) 0))))
server:                (not (<= main::z 3))
server:                (<= 0 (+ (* -4 main::z) (* 4 (div (+ 268435454 (* 3 main::z)) 4))))
server:                (not (>= main::z 268435455))
server:                (or
server:                  (<= (div (mod main::z 4294967296) 4) 67108863)
server:                  (not (>= (mod main::z 4294967296) 268435455))
server:                  (not
server:                    (<=
server:                      (+ (* -1 (mod main::z 4294967296)) (* 4 (div (mod main::z 4294967296) 4)))
server:                      0)))
server:                (<= (div (mod main::z 4294967296) 4) 67108863)
server:                (not (<= main::z 4))
server:                (not (<= main::z 5))
server:                (not (<= main::z 6))
server:                (not (<= main::z 7))
server:                (not (<= main::z 8))
server:                (not (<= main::z 9))
server:                (not (<= main::z 10))
server:                (not (<= main::z 11)))
server:              (and
server:                (not (>= (mod main::x 4294967296) 268435455))
server:                (not (>= (mod main::y 4294967296) 268435455))
server:                (>= main::z 0)
server:                (not (<= main::z 0))
server:                (>= (div (+ 1 main::z) 4294967296) 0)
server:                (not (= 0 main::z))
server:                (or
server:                  (<=
server:                    0
server:                    (+
server:                      (div (+ -3489660925 (* 3489660925 (mod main::z 4294967296))) 4)
server:                      (div (+ 3489660925 (* -3489660925 (mod main::z 4294967296))) 4)))
server:                  (not (= main::z 1)))
server:                (not (= main::z 1))
server:                (>= main::z 1)
server:                (not (<= main::z 1))
server:                (not (>= main::z 4294967296))
server:                (not
server:                  (or
server:                    (and
server:                      (<=
server:                        -12348030986
server:                        (+
server:                          (* 268435451 main::z)
server:                          (* -4294967296 (mod (+ 1 (mod main::z 4294967296)) 4294967296))))
server:                      (not (>= main::z 4294967296)))
server:                    (and
server:                      (<=
server:                        1080863908152999926
server:                        (+
server:                          (* -268435451 main::z)
server:                          (* 4294967296 (mod (+ 1 (mod main::z 4294967296)) 4294967296))))
server:                      (or
server:                        (not
server:                          (>= (+ main::z (* -4294967296 (div (+ 1 main::z) 4294967296))) 268435454))
server:                        (>= (+ main::z (* -4294967296 (div (+ 1 main::z) 4294967296))) 4294967295))
server:                      (>= (div (+ 1 main::z) 4294967296) 0))))
server:                (not (<= main::z 3))
server:                (or
server:                  (<= (div (mod main::z 4294967296) 4) 67108863)
server:                  (not (>= (mod main::z 4294967296) 268435455))
server:                  (not
server:                    (<=
server:                      (+ (* -1 (mod main::z 4294967296)) (* 4 (div (mod main::z 4294967296) 4)))
server:                      0)))
server:                (<= (div (mod main::z 4294967296) 4) 67108863)
server:                (not (<= main::z 4))
server:                (not (<= main::z 5))
server:                (not (<= main::z 6))
server:                (not (<= main::z 7))
server:                (not (<= main::z 8))
server:                (not (<= main::z 9))
server:                (not (<= main::z 10))
server:                (not (<= main::z 11)))
server:              (and
server:                (not (>= (mod main::x 4294967296) 268435455))
server:                (not (>= (mod main::y 4294967296) 268435455))
server:                (>= main::z 0)
server:                (not (<= main::z 0))
server:                (>= (div (+ 1 main::z) 4294967296) 0)
server:                (not (= 0 main::z))
server:                (or
server:                  (<=
server:                    0
server:                    (+
server:                      (div (+ -3489660925 (* 3489660925 (mod main::z 4294967296))) 4)
server:                      (div (+ 3489660925 (* -3489660925 (mod main::z 4294967296))) 4)))
server:                  (not (= main::z 1)))
server:                (not (= main::z 1))
server:                (>= main::z 1)
server:                (not (<= main::z 1))
server:                (not (>= main::z 4294967296))
server:                (not
server:                  (or
server:                    (and
server:                      (<=
server:                        -12348030986
server:                        (+
server:                          (* 268435451 main::z)
server:                          (* -4294967296 (mod (+ 1 (mod main::z 4294967296)) 4294967296))))
server:                      (not (>= main::z 4294967296)))
server:                    (and
server:                      (<=
server:                        1080863908152999926
server:                        (+
server:                          (* -268435451 main::z)
server:                          (* 4294967296 (mod (+ 1 (mod main::z 4294967296)) 4294967296))))
server:                      (or
server:                        (not
server:                          (>= (+ main::z (* -4294967296 (div (+ 1 main::z) 4294967296))) 268435454))
server:                        (>= (+ main::z (* -4294967296 (div (+ 1 main::z) 4294967296))) 4294967295))
server:                      (>= (div (+ 1 main::z) 4294967296) 0))))
server:                (not (<= main::z 3))
server:                (or
server:                  (<= (div (mod main::z 4294967296) 4) 67108863)
server:                  (not (>= (mod main::z 4294967296) 268435455))
server:                  (not
server:                    (<=
server:                      (+ (* -1 (mod main::z 4294967296)) (* 4 (div (mod main::z 4294967296) 4)))
server:                      0)))
server:                (<= (div (mod main::z 4294967296) 4) 67108863)
server:                (not (<= main::z 4))
server:                (not (<= main::z 5))
server:                (not (<= main::z 6))
server:                (not (<= main::z 7))
server:                (not (<= main::z 8))
server:                (not (<= main::z 9))
server:                (not (<= main::z 10))
server:                (not (<= main::z 11)))
server:              (and
server:                (not (>= (mod main::x 4294967296) 268435455))
server:                (not (>= (mod main::y 4294967296) 268435455))
server:                (not (>= (mod main::z 4294967296) 268435455))
server:                (>= main::z 0)
server:                (<= main::z 0)
server:                (or
server:                  (not
server:                    (<= (+ (* -1 main::z) (* 4294967296 (div main::z 4294967296))) -268435455))
server:                  (<= 4294967296 (+ main::z (* -4294967296 (div main::z 4294967296)))))
server:                (>= (div (+ 1 main::z) 4294967296) 0)
server:                (= 0 main::z)
server:                (or
server:                  (<=
server:                    0
server:                    (+
server:                      (div (+ -3489660925 (* 3489660925 (mod main::z 4294967296))) 4)
server:                      (div (+ 3489660925 (* -3489660925 (mod main::z 4294967296))) 4)))
server:                  (not (= main::z 1)))
server:                (not (= main::z 1))
server:                (not
server:                  (or
server:                    (not
server:                      (<=
server:                        (+
server:                          (* 3458764525900136445 main::z)
server:                          (* -3458764526705442816 (mod main::z 4294967296))
server:                          (* -14855280523306030993212702720 (div main::z 4294967296))
server:                          (* 3221225484 (div (mod main::z 4294967296) 4)))
server:                        0))
server:                    (not
server:                      (<=
server:                        (+
server:                          (* -3458764525900136445 main::z)
server:                          (* 3458764526705442816 (mod main::z 4294967296))
server:                          (* 14855280523306030993212702720 (div main::z 4294967296))
server:                          (* -3221225484 (div (mod main::z 4294967296) 4)))
server:                        0))))
server:                (not (= 0 __VERIFIER_assert::cond))
server:                (not (>= main::z 1))
server:                (<= main::z 1)
server:                (or
server:                  (not
server:                    (<=
server:                      (+ (* -1 main::z) (* 4294967296 (div (+ 1 main::z) 4294967296)))
server:                      -268435454))
server:                  (<= 4294967295 (+ main::z (* -4294967296 (div (+ 1 main::z) 4294967296)))))
server:                (not (>= main::z 4294967296))
server:                (or (not (>= main::z 1)) (not (>= (mod main::z 4294967296) 268435455)))
server:                (or
server:                  (not
server:                    (>= (+ main::z (* -4294967296 (div (+ 1 main::z) 4294967296))) 268435454))
server:                  (>= (+ main::z (* -4294967296 (div (+ 1 main::z) 4294967296))) 4294967295))
server:                (or
server:                  (and
server:                    (<=
server:                      -12348030986
server:                      (+
server:                        (* 268435451 main::z)
server:                        (* -4294967296 (mod (+ 1 (mod main::z 4294967296)) 4294967296))))
server:                    (not (>= main::z 4294967296)))
server:                  (and
server:                    (<=
server:                      1080863908152999926
server:                      (+
server:                        (* -268435451 main::z)
server:                        (* 4294967296 (mod (+ 1 (mod main::z 4294967296)) 4294967296))))
server:                    (or
server:                      (not
server:                        (>= (+ main::z (* -4294967296 (div (+ 1 main::z) 4294967296))) 268435454))
server:                      (>= (+ main::z (* -4294967296 (div (+ 1 main::z) 4294967296))) 4294967295))
server:                    (>= (div (+ 1 main::z) 4294967296) 0)))
server:                (<= main::z 3)
server:                (<= 0 (+ (* -4 main::z) (* 4 (div (+ 268435454 (* 3 main::z)) 4))))
server:                (not (>= main::z 268435455))
server:                (or
server:                  (<= (div (mod main::z 4294967296) 4) 67108863)
server:                  (not (>= (mod main::z 4294967296) 268435455))
server:                  (not
server:                    (<=
server:                      (+ (* -1 (mod main::z 4294967296)) (* 4 (div (mod main::z 4294967296) 4)))
server:                      0)))
server:                (<= (div (mod main::z 4294967296) 4) 67108863)
server:                (not
server:                  (=
server:                    __VERIFIER_assert::cond
server:                    (ite
server:                      (>= (mod (mod (mod main::z 4294967296) 4) 4294967296) 2147483648)
server:                      (+ -4294967296 (mod (mod (mod main::z 4294967296) 4) 4294967296))
server:                      (mod (mod (mod main::z 4294967296) 4) 4294967296))))
server:                (<= main::z 4)
server:                (<= main::z 5)
server:                (<= main::z 6)
server:                (<= main::z 7)
server:                (<= main::z 8)
server:                (<= main::z 9)
server:                (<= main::z 10)
server:                (<= main::z 11))))] 
server:   __loc_32177[(PredState (or
server:              false
server:              false
server:              false
server:              false
server:              false
server:              false
server:              false
server:              false
server:              false
server:              false
server:              false
server:              false
server:              false
server:              false
server:              false
server:              (and
server:                (not (>= (mod main::x 4294967296) 268435455))
server:                (not (>= (mod main::y 4294967296) 268435455))
server:                (>= (mod main::z 4294967296) 268435455)
server:                (>= main::z 0)
server:                (not (<= main::z 0))
server:                (not
server:                  (or
server:                    (not
server:                      (<= (+ (* -1 main::z) (* 4294967296 (div main::z 4294967296))) -268435455))
server:                    (<= 4294967296 (+ main::z (* -4294967296 (div main::z 4294967296))))))
server:                (>= (div (+ 1 main::z) 4294967296) 0)
server:                (not (= 0 main::z))
server:                (or
server:                  (<=
server:                    0
server:                    (+
server:                      (div (+ -3489660925 (* 3489660925 (mod main::z 4294967296))) 4)
server:                      (div (+ 3489660925 (* -3489660925 (mod main::z 4294967296))) 4)))
server:                  (not (= main::z 1)))
server:                (not (= main::z 1))
server:                (or
server:                  (not
server:                    (<=
server:                      (+
server:                        (* 3458764525900136445 main::z)
server:                        (* -3458764526705442816 (mod main::z 4294967296))
server:                        (* -14855280523306030993212702720 (div main::z 4294967296))
server:                        (* 3221225484 (div (mod main::z 4294967296) 4)))
server:                      0))
server:                  (not
server:                    (<=
server:                      (+
server:                        (* -3458764525900136445 main::z)
server:                        (* 3458764526705442816 (mod main::z 4294967296))
server:                        (* 14855280523306030993212702720 (div main::z 4294967296))
server:                        (* -3221225484 (div (mod main::z 4294967296) 4)))
server:                      0)))
server:                (not (= 0 __VERIFIER_assert::cond))
server:                (>= main::z 1)
server:                (not (<= main::z 1))
server:                (not
server:                  (or
server:                    (not
server:                      (<=
server:                        (+ (* -1 main::z) (* 4294967296 (div (+ 1 main::z) 4294967296)))
server:                        -268435454))
server:                    (<= 4294967295 (+ main::z (* -4294967296 (div (+ 1 main::z) 4294967296))))))
server:                (not (>= main::z 4294967296))
server:                (not
server:                  (or (not (>= main::z 1)) (not (>= (mod main::z 4294967296) 268435455))))
server:                (not
server:                  (or
server:                    (not
server:                      (>= (+ main::z (* -4294967296 (div (+ 1 main::z) 4294967296))) 268435454))
server:                    (>= (+ main::z (* -4294967296 (div (+ 1 main::z) 4294967296))) 4294967295)))
server:                (not
server:                  (or
server:                    (and
server:                      (<=
server:                        -12348030986
server:                        (+
server:                          (* 268435451 main::z)
server:                          (* -4294967296 (mod (+ 1 (mod main::z 4294967296)) 4294967296))))
server:                      (not (>= main::z 4294967296)))
server:                    (and
server:                      (<=
server:                        1080863908152999926
server:                        (+
server:                          (* -268435451 main::z)
server:                          (* 4294967296 (mod (+ 1 (mod main::z 4294967296)) 4294967296))))
server:                      (or
server:                        (not
server:                          (>= (+ main::z (* -4294967296 (div (+ 1 main::z) 4294967296))) 268435454))
server:                        (>= (+ main::z (* -4294967296 (div (+ 1 main::z) 4294967296))) 4294967295))
server:                      (>= (div (+ 1 main::z) 4294967296) 0))))
server:                (not (<= main::z 3))
server:                (not (<= 0 (+ (* -4 main::z) (* 4 (div (+ 268435454 (* 3 main::z)) 4)))))
server:                (>= main::z 268435455)
server:                (or
server:                  (<= (div (mod main::z 4294967296) 4) 67108863)
server:                  (not (>= (mod main::z 4294967296) 268435455))
server:                  (not
server:                    (<=
server:                      (+ (* -1 (mod main::z 4294967296)) (* 4 (div (mod main::z 4294967296) 4)))
server:                      0)))
server:                (<= (div (mod main::z 4294967296) 4) 67108863)
server:                (=
server:                  __VERIFIER_assert::cond
server:                  (ite
server:                    (>= (mod (mod (mod main::z 4294967296) 4) 4294967296) 2147483648)
server:                    (+ -4294967296 (mod (mod (mod main::z 4294967296) 4) 4294967296))
server:                    (mod (mod (mod main::z 4294967296) 4) 4294967296)))
server:                (not (<= main::z 4))
server:                (not (<= main::z 5))
server:                (not (<= main::z 6))
server:                (not (<= main::z 7))
server:                (not (<= main::z 8))
server:                (not (<= main::z 9))
server:                (not (<= main::z 10))
server:                (not (<= main::z 11)))))] 
server:   main_error[(PredState (or
server:              false
server:              (and
server:                (not (>= (mod main::x 4294967296) 268435455))
server:                (>= (mod main::y 4294967296) 268435455)
server:                (>= (mod main::z 4294967296) 268435455)
server:                (>= main::z 0)
server:                (not (<= main::z 0))
server:                (not
server:                  (or
server:                    (not
server:                      (<= (+ (* -1 main::z) (* 4294967296 (div main::z 4294967296))) -268435455))
server:                    (<= 4294967296 (+ main::z (* -4294967296 (div main::z 4294967296))))))
server:                (>= (div (+ 1 main::z) 4294967296) 0)
server:                (not (= 0 main::z))
server:                (or
server:                  (<=
server:                    0
server:                    (+
server:                      (div (+ -3489660925 (* 3489660925 (mod main::z 4294967296))) 4)
server:                      (div (+ 3489660925 (* -3489660925 (mod main::z 4294967296))) 4)))
server:                  (not (= main::z 1)))
server:                (not (= main::z 1))
server:                (or
server:                  (not
server:                    (<=
server:                      (+
server:                        (* 3458764525900136445 main::z)
server:                        (* -3458764526705442816 (mod main::z 4294967296))
server:                        (* -14855280523306030993212702720 (div main::z 4294967296))
server:                        (* 3221225484 (div (mod main::z 4294967296) 4)))
server:                      0))
server:                  (not
server:                    (<=
server:                      (+
server:                        (* -3458764525900136445 main::z)
server:                        (* 3458764526705442816 (mod main::z 4294967296))
server:                        (* 14855280523306030993212702720 (div main::z 4294967296))
server:                        (* -3221225484 (div (mod main::z 4294967296) 4)))
server:                      0)))
server:                (= 0 __VERIFIER_assert::cond)
server:                (>= main::z 1)
server:                (not (<= main::z 1))
server:                (not
server:                  (or
server:                    (not
server:                      (<=
server:                        (+ (* -1 main::z) (* 4294967296 (div (+ 1 main::z) 4294967296)))
server:                        -268435454))
server:                    (<= 4294967295 (+ main::z (* -4294967296 (div (+ 1 main::z) 4294967296))))))
server:                (not (>= main::z 4294967296))
server:                (not
server:                  (or (not (>= main::z 1)) (not (>= (mod main::z 4294967296) 268435455))))
server:                (not
server:                  (or
server:                    (not
server:                      (>= (+ main::z (* -4294967296 (div (+ 1 main::z) 4294967296))) 268435454))
server:                    (>= (+ main::z (* -4294967296 (div (+ 1 main::z) 4294967296))) 4294967295)))
server:                (not
server:                  (or
server:                    (and
server:                      (<=
server:                        -12348030986
server:                        (+
server:                          (* 268435451 main::z)
server:                          (* -4294967296 (mod (+ 1 (mod main::z 4294967296)) 4294967296))))
server:                      (not (>= main::z 4294967296)))
server:                    (and
server:                      (<=
server:                        1080863908152999926
server:                        (+
server:                          (* -268435451 main::z)
server:                          (* 4294967296 (mod (+ 1 (mod main::z 4294967296)) 4294967296))))
server:                      (or
server:                        (not
server:                          (>= (+ main::z (* -4294967296 (div (+ 1 main::z) 4294967296))) 268435454))
server:                        (>= (+ main::z (* -4294967296 (div (+ 1 main::z) 4294967296))) 4294967295))
server:                      (>= (div (+ 1 main::z) 4294967296) 0))))
server:                (not (<= main::z 3))
server:                (not (<= 0 (+ (* -4 main::z) (* 4 (div (+ 268435454 (* 3 main::z)) 4)))))
server:                (>= main::z 268435455)
server:                (or
server:                  (<= (div (mod main::z 4294967296) 4) 67108863)
server:                  (not (>= (mod main::z 4294967296) 268435455))
server:                  (not
server:                    (<=
server:                      (+ (* -1 (mod main::z 4294967296)) (* 4 (div (mod main::z 4294967296) 4)))
server:                      0)))
server:                (<= (div (mod main::z 4294967296) 4) 67108863)
server:                (not
server:                  (=
server:                    __VERIFIER_assert::cond
server:                    (ite
server:                      (>= (mod (mod (mod main::z 4294967296) 4) 4294967296) 2147483648)
server:                      (+ -4294967296 (mod (mod (mod main::z 4294967296) 4) 4294967296))
server:                      (mod (mod (mod main::z 4294967296) 4) 4294967296))))
server:                (not (<= main::z 4))
server:                (not (<= main::z 5))
server:                (not (<= main::z 6))
server:                (not (<= main::z 7))
server:                (not (<= main::z 8))
server:                (not (<= main::z 9))
server:                (not (<= main::z 10))
server:                (not (<= main::z 11)))
server:              (and
server:                (>= (mod main::x 4294967296) 268435455)
server:                (>= (mod main::y 4294967296) 268435455)
server:                (>= (mod main::z 4294967296) 268435455)
server:                (>= main::z 0)
server:                (not (<= main::z 0))
server:                (not
server:                  (or
server:                    (not
server:                      (<= (+ (* -1 main::z) (* 4294967296 (div main::z 4294967296))) -268435455))
server:                    (<= 4294967296 (+ main::z (* -4294967296 (div main::z 4294967296))))))
server:                (>= (div (+ 1 main::z) 4294967296) 0)
server:                (not (= 0 main::z))
server:                (or
server:                  (<=
server:                    0
server:                    (+
server:                      (div (+ -3489660925 (* 3489660925 (mod main::z 4294967296))) 4)
server:                      (div (+ 3489660925 (* -3489660925 (mod main::z 4294967296))) 4)))
server:                  (not (= main::z 1)))
server:                (not (= main::z 1))
server:                (or
server:                  (not
server:                    (<=
server:                      (+
server:                        (* 3458764525900136445 main::z)
server:                        (* -3458764526705442816 (mod main::z 4294967296))
server:                        (* -14855280523306030993212702720 (div main::z 4294967296))
server:                        (* 3221225484 (div (mod main::z 4294967296) 4)))
server:                      0))
server:                  (not
server:                    (<=
server:                      (+
server:                        (* -3458764525900136445 main::z)
server:                        (* 3458764526705442816 (mod main::z 4294967296))
server:                        (* 14855280523306030993212702720 (div main::z 4294967296))
server:                        (* -3221225484 (div (mod main::z 4294967296) 4)))
server:                      0)))
server:                (= 0 __VERIFIER_assert::cond)
server:                (>= main::z 1)
server:                (not (<= main::z 1))
server:                (not
server:                  (or
server:                    (not
server:                      (<=
server:                        (+ (* -1 main::z) (* 4294967296 (div (+ 1 main::z) 4294967296)))
server:                        -268435454))
server:                    (<= 4294967295 (+ main::z (* -4294967296 (div (+ 1 main::z) 4294967296))))))
server:                (not (>= main::z 4294967296))
server:                (not
server:                  (or (not (>= main::z 1)) (not (>= (mod main::z 4294967296) 268435455))))
server:                (not
server:                  (or
server:                    (not
server:                      (>= (+ main::z (* -4294967296 (div (+ 1 main::z) 4294967296))) 268435454))
server:                    (>= (+ main::z (* -4294967296 (div (+ 1 main::z) 4294967296))) 4294967295)))
server:                (not
server:                  (or
server:                    (and
server:                      (<=
server:                        -12348030986
server:                        (+
server:                          (* 268435451 main::z)
server:                          (* -4294967296 (mod (+ 1 (mod main::z 4294967296)) 4294967296))))
server:                      (not (>= main::z 4294967296)))
server:                    (and
server:                      (<=
server:                        1080863908152999926
server:                        (+
server:                          (* -268435451 main::z)
server:                          (* 4294967296 (mod (+ 1 (mod main::z 4294967296)) 4294967296))))
server:                      (or
server:                        (not
server:                          (>= (+ main::z (* -4294967296 (div (+ 1 main::z) 4294967296))) 268435454))
server:                        (>= (+ main::z (* -4294967296 (div (+ 1 main::z) 4294967296))) 4294967295))
server:                      (>= (div (+ 1 main::z) 4294967296) 0))))
server:                (not (<= main::z 3))
server:                (not (<= 0 (+ (* -4 main::z) (* 4 (div (+ 268435454 (* 3 main::z)) 4)))))
server:                (>= main::z 268435455)
server:                (or
server:                  (<= (div (mod main::z 4294967296) 4) 67108863)
server:                  (not (>= (mod main::z 4294967296) 268435455))
server:                  (not
server:                    (<=
server:                      (+ (* -1 (mod main::z 4294967296)) (* 4 (div (mod main::z 4294967296) 4)))
server:                      0)))
server:                (<= (div (mod main::z 4294967296) 4) 67108863)
server:                (not
server:                  (=
server:                    __VERIFIER_assert::cond
server:                    (ite
server:                      (>= (mod (mod (mod main::z 4294967296) 4) 4294967296) 2147483648)
server:                      (+ -4294967296 (mod (mod (mod main::z 4294967296) 4) 4294967296))
server:                      (mod (mod (mod main::z 4294967296) 4) 4294967296))))
server:                (not (<= main::z 4))
server:                (not (<= main::z 5))
server:                (not (<= main::z 6))
server:                (not (<= main::z 7))
server:                (not (<= main::z 8))
server:                (not (<= main::z 9))
server:                (not (<= main::z 10))
server:                (not (<= main::z 11)))))] 
server:   __loc_32186[(PredState (or
server:              false
server:              (and
server:                (not (>= (mod main::x 4294967296) 268435455))
server:                (>= (mod main::y 4294967296) 268435455)
server:                (>= (mod main::z 4294967296) 268435455)
server:                (>= main::z 0)
server:                (not (<= main::z 0))
server:                (not
server:                  (or
server:                    (not
server:                      (<= (+ (* -1 main::z) (* 4294967296 (div main::z 4294967296))) -268435455))
server:                    (<= 4294967296 (+ main::z (* -4294967296 (div main::z 4294967296))))))
server:                (>= (div (+ 1 main::z) 4294967296) 0)
server:                (not (= 0 main::z))
server:                (or
server:                  (<=
server:                    0
server:                    (+
server:                      (div (+ -3489660925 (* 3489660925 (mod main::z 4294967296))) 4)
server:                      (div (+ 3489660925 (* -3489660925 (mod main::z 4294967296))) 4)))
server:                  (not (= main::z 1)))
server:                (not (= main::z 1))
server:                (or
server:                  (not
server:                    (<=
server:                      (+
server:                        (* 3458764525900136445 main::z)
server:                        (* -3458764526705442816 (mod main::z 4294967296))
server:                        (* -14855280523306030993212702720 (div main::z 4294967296))
server:                        (* 3221225484 (div (mod main::z 4294967296) 4)))
server:                      0))
server:                  (not
server:                    (<=
server:                      (+
server:                        (* -3458764525900136445 main::z)
server:                        (* 3458764526705442816 (mod main::z 4294967296))
server:                        (* 14855280523306030993212702720 (div main::z 4294967296))
server:                        (* -3221225484 (div (mod main::z 4294967296) 4)))
server:                      0)))
server:                (>= main::z 1)
server:                (not (<= main::z 1))
server:                (not
server:                  (or
server:                    (not
server:                      (<=
server:                        (+ (* -1 main::z) (* 4294967296 (div (+ 1 main::z) 4294967296)))
server:                        -268435454))
server:                    (<= 4294967295 (+ main::z (* -4294967296 (div (+ 1 main::z) 4294967296))))))
server:                (not (>= main::z 4294967296))
server:                (not
server:                  (or (not (>= main::z 1)) (not (>= (mod main::z 4294967296) 268435455))))
server:                (not
server:                  (or
server:                    (not
server:                      (>= (+ main::z (* -4294967296 (div (+ 1 main::z) 4294967296))) 268435454))
server:                    (>= (+ main::z (* -4294967296 (div (+ 1 main::z) 4294967296))) 4294967295)))
server:                (not
server:                  (or
server:                    (and
server:                      (<=
server:                        -12348030986
server:                        (+
server:                          (* 268435451 main::z)
server:                          (* -4294967296 (mod (+ 1 (mod main::z 4294967296)) 4294967296))))
server:                      (not (>= main::z 4294967296)))
server:                    (and
server:                      (<=
server:                        1080863908152999926
server:                        (+
server:                          (* -268435451 main::z)
server:                          (* 4294967296 (mod (+ 1 (mod main::z 4294967296)) 4294967296))))
server:                      (or
server:                        (not
server:                          (>= (+ main::z (* -4294967296 (div (+ 1 main::z) 4294967296))) 268435454))
server:                        (>= (+ main::z (* -4294967296 (div (+ 1 main::z) 4294967296))) 4294967295))
server:                      (>= (div (+ 1 main::z) 4294967296) 0))))
server:                (not (<= main::z 3))
server:                (not (<= 0 (+ (* -4 main::z) (* 4 (div (+ 268435454 (* 3 main::z)) 4)))))
server:                (>= main::z 268435455)
server:                (or
server:                  (<= (div (mod main::z 4294967296) 4) 67108863)
server:                  (not (>= (mod main::z 4294967296) 268435455))
server:                  (not
server:                    (<=
server:                      (+ (* -1 (mod main::z 4294967296)) (* 4 (div (mod main::z 4294967296) 4)))
server:                      0)))
server:                (<= (div (mod main::z 4294967296) 4) 67108863)
server:                (not
server:                  (=
server:                    __VERIFIER_assert::cond
server:                    (ite
server:                      (>= (mod (mod (mod main::z 4294967296) 4) 4294967296) 2147483648)
server:                      (+ -4294967296 (mod (mod (mod main::z 4294967296) 4) 4294967296))
server:                      (mod (mod (mod main::z 4294967296) 4) 4294967296))))
server:                (not (<= main::z 4))
server:                (not (<= main::z 5))
server:                (not (<= main::z 6))
server:                (not (<= main::z 7))
server:                (not (<= main::z 8))
server:                (not (<= main::z 9))
server:                (not (<= main::z 10))
server:                (not (<= main::z 11)))))] 
server:   __loc_32195[(PredState (or
server:              false
server:              (and
server:                (>= (mod main::x 4294967296) 268435455)
server:                (>= (mod main::y 4294967296) 268435455)
server:                (>= (mod main::z 4294967296) 268435455)
server:                (>= main::z 0)
server:                (not (<= main::z 0))
server:                (not
server:                  (or
server:                    (not
server:                      (<= (+ (* -1 main::z) (* 4294967296 (div main::z 4294967296))) -268435455))
server:                    (<= 4294967296 (+ main::z (* -4294967296 (div main::z 4294967296))))))
server:                (>= (div (+ 1 main::z) 4294967296) 0)
server:                (not (= 0 main::z))
server:                (or
server:                  (<=
server:                    0
server:                    (+
server:                      (div (+ -3489660925 (* 3489660925 (mod main::z 4294967296))) 4)
server:                      (div (+ 3489660925 (* -3489660925 (mod main::z 4294967296))) 4)))
server:                  (not (= main::z 1)))
server:                (not (= main::z 1))
server:                (or
server:                  (not
server:                    (<=
server:                      (+
server:                        (* 3458764525900136445 main::z)
server:                        (* -3458764526705442816 (mod main::z 4294967296))
server:                        (* -14855280523306030993212702720 (div main::z 4294967296))
server:                        (* 3221225484 (div (mod main::z 4294967296) 4)))
server:                      0))
server:                  (not
server:                    (<=
server:                      (+
server:                        (* -3458764525900136445 main::z)
server:                        (* 3458764526705442816 (mod main::z 4294967296))
server:                        (* 14855280523306030993212702720 (div main::z 4294967296))
server:                        (* -3221225484 (div (mod main::z 4294967296) 4)))
server:                      0)))
server:                (>= main::z 1)
server:                (not (<= main::z 1))
server:                (not
server:                  (or
server:                    (not
server:                      (<=
server:                        (+ (* -1 main::z) (* 4294967296 (div (+ 1 main::z) 4294967296)))
server:                        -268435454))
server:                    (<= 4294967295 (+ main::z (* -4294967296 (div (+ 1 main::z) 4294967296))))))
server:                (not (>= main::z 4294967296))
server:                (not
server:                  (or (not (>= main::z 1)) (not (>= (mod main::z 4294967296) 268435455))))
server:                (not
server:                  (or
server:                    (not
server:                      (>= (+ main::z (* -4294967296 (div (+ 1 main::z) 4294967296))) 268435454))
server:                    (>= (+ main::z (* -4294967296 (div (+ 1 main::z) 4294967296))) 4294967295)))
server:                (not
server:                  (or
server:                    (and
server:                      (<=
server:                        -12348030986
server:                        (+
server:                          (* 268435451 main::z)
server:                          (* -4294967296 (mod (+ 1 (mod main::z 4294967296)) 4294967296))))
server:                      (not (>= main::z 4294967296)))
server:                    (and
server:                      (<=
server:                        1080863908152999926
server:                        (+
server:                          (* -268435451 main::z)
server:                          (* 4294967296 (mod (+ 1 (mod main::z 4294967296)) 4294967296))))
server:                      (or
server:                        (not
server:                          (>= (+ main::z (* -4294967296 (div (+ 1 main::z) 4294967296))) 268435454))
server:                        (>= (+ main::z (* -4294967296 (div (+ 1 main::z) 4294967296))) 4294967295))
server:                      (>= (div (+ 1 main::z) 4294967296) 0))))
server:                (not (<= main::z 3))
server:                (not (<= 0 (+ (* -4 main::z) (* 4 (div (+ 268435454 (* 3 main::z)) 4)))))
server:                (>= main::z 268435455)
server:                (or
server:                  (<= (div (mod main::z 4294967296) 4) 67108863)
server:                  (not (>= (mod main::z 4294967296) 268435455))
server:                  (not
server:                    (<=
server:                      (+ (* -1 (mod main::z 4294967296)) (* 4 (div (mod main::z 4294967296) 4)))
server:                      0)))
server:                (<= (div (mod main::z 4294967296) 4) 67108863)
server:                (not
server:                  (=
server:                    __VERIFIER_assert::cond
server:                    (ite
server:                      (>= (mod (mod (mod main::z 4294967296) 4) 4294967296) 2147483648)
server:                      (+ -4294967296 (mod (mod (mod main::z 4294967296) 4) 4294967296))
server:                      (mod (mod (mod main::z 4294967296) 4) 4294967296))))
server:                (not (<= main::z 4))
server:                (not (<= main::z 5))
server:                (not (<= main::z 6))
server:                (not (<= main::z 7))
server:                (not (<= main::z 8))
server:                (not (<= main::z 9))
server:                (not (<= main::z 10))
server:                (not (<= main::z 11)))))]
server: )
server: [INFO] Successfully wrote LocationInvariants to /dev/shm/partialResult15181740053513837679.json
server: Writing post-verification artifacts to directory /tmp/vcloud_worker_meres_on_bme-233008/run_dir_e12750de-0fb1-4b7c-bdcd-baaa477d2c91/./output/PredCart(900, true, true) -> KInd()/PredCart(900, true, true)/4454256734313122088
Backend finished (in 367406 ms)
(SafetyResult Partial)
Caught exception: hu.bme.mit.theta.common.exception.NotSolvableException: Task is not solvable with this configuration!
Handling exception as Anything
Current configuration: XcfaConfig(inputConfig=InputConfig(inputFile=null, catFile=null, parseCtx=null, xcfaWCtx=present, propertyFile=null, property=ERROR_LOCATION, partialResult=null, frontendConfig=FrontendConfig(lbeLevel=LBE_SEQ, staticCoi=false, loopUnroll=1000, forceUnroll=-1, enableFew=false, inputType=C, specConfig=CFrontendConfig(arithmetic=efficient, architecture=ILP32)), backendConfig=BackendConfig(backend=BOUNDED, solverHome=/home/benchexec/.theta, timeoutMs=900000, softTimeoutMs=900000, inProcess=true, parseInProcess=false, inPortfolio=true, memlimit=0, disablePartialResult=true, specConfig=BoundedConfig(maxBound=0, reversed=false, cegar=false, initPrec=EMPTY, bmcConfig=BMCConfig(disable=false, nonLfPath=false, bmcSolver=Z3, validateBMCSolver=false), indConfig=InductionConfig(disable=false, indSolver=Z3, validateIndSolver=false, indMinBound=0, indFreq=1), itpConfig=InterpolationConfig(disable=true, itpSolver=Z3, validateItpSolver=false))), outputConfig=OutputConfig(versionInfo=false, enableOutput=true, resultFolder=./output/PredCart(900, true, true) -> KInd()/KInd(), acceptUnreliableSafe=false, cOutputConfig=COutputConfig(disable=true, useArr=false, useExArr=false, useRange=false), xcfaOutputConfig=XcfaOutputConfig(disable=true), chcOutputConfig=ChcOutputConfig(disable=true), witnessConfig=WitnessConfig(disable=false, svcomp=true, concretizerSolver=Z3, validateConcretizerSolver=false, inputFileForWitness=null), partialResultOutputConfig=PartialResultOutputConfig(enable=false, tempFileLocation=null), argConfig=ArgConfig(disable=true)), debugConfig=DebugConfig(debug=false, stacktrace=false, logLevel=INFO, argdebug=false, argToFile=false))
PartialResultJson: /dev/shm/partialResult15181740053513837679.json
server: Registered Legacy-Z3 SolverManager
server: Registered Z3 SolverManager
server: Registered JavaSMT SolverManager
server: Registered SMT-LIB SolverManager
server: Successfully loaded LocationInvariants from /dev/shm/partialResult15181740053513837679.json
server: Starting iteration 1
server: 	Starting BMC
server: 	Starting k-induction
server: Starting iteration 2
server: 	Starting BMC
server: 	Starting k-induction
server: Starting iteration 3
server: 	Starting BMC
server: 	Starting k-induction
server: Starting iteration 4
server: 	Starting BMC
server: 	Starting k-induction
server: Starting iteration 5
server: 	Starting BMC
server: 	Starting k-induction
server: Starting iteration 6
server: 	Starting BMC
server: 	Starting k-induction
server: Starting iteration 7
server: 	Starting BMC
server: 	Starting k-induction
server: Safety proven in k-induction step
server: Backend finished (in 9568 ms)
server: (SafetyResult Safe)
server: Writing post-verification artifacts to directory /tmp/vcloud_worker_meres_on_bme-233008/run_dir_e12750de-0fb1-4b7c-bdcd-baaa477d2c91/./output/PredCart(900, true, true) -> KInd()/KInd()/6494499034944398117
Backend finished (in 14955 ms)
(SafetyResult Safe)
success-result: KInd()
Backend finished (in 390447 ms)
(SafetyResult Safe)
