tools/baseline/theta-start.sh sv-benchmarks/c/loop-simple/deep-nested.c --svcomp --portfolio 'PredCart(900, true, true) -> KInd()' --loglevel RESULT --output-directory ./output --property sv-benchmarks/c/properties/unreach-call.prp --architecture ILP32 --memlimit 15000000000


--------------------------------------------------------------------------------


LD_LIBRARY_PATH=/tmp/vcloud_worker_meres_on_bme-233008/run_dir_036e969a-b5fc-4dc1-9147-a4a20d3bb6d9/tools/baseline/lib /usr/lib/jvm/java-17-openjdk-amd64/bin/java -Xss120m -Xmx14210m -jar /tmp/vcloud_worker_meres_on_bme-233008/run_dir_036e969a-b5fc-4dc1-9147-a4a20d3bb6d9/tools/baseline/theta.jar --svcomp --portfolio PredCart(900, true, true) -> KInd() --loglevel RESULT --output-directory ./output --property sv-benchmarks/c/properties/unreach-call.prp --architecture ILP32 --memlimit 15000000000 --input sv-benchmarks/c/loop-simple/deep-nested.c --smt-home /tmp/vcloud_worker_meres_on_bme-233008/run_dir_036e969a-b5fc-4dc1-9147-a4a20d3bb6d9/tools/baseline/solvers
Arithmetic: []
ParsingResult Success
Alias graph size: 0 -> []
PARTS: [PredCart(900, true, true), KInd()]
Current configuration: XcfaConfig(inputConfig=InputConfig(inputFile=null, catFile=null, parseCtx=null, xcfaWCtx=present, propertyFile=null, property=ERROR_LOCATION, partialResult=null, frontendConfig=FrontendConfig(lbeLevel=LBE_SEQ, staticCoi=false, loopUnroll=1000, forceUnroll=-1, enableFew=false, inputType=C, specConfig=CFrontendConfig(arithmetic=efficient, architecture=ILP32)), backendConfig=BackendConfig(backend=CEGAR, solverHome=/home/benchexec/.theta, timeoutMs=900000, softTimeoutMs=900000, inProcess=true, parseInProcess=false, inPortfolio=true, memlimit=0, disablePartialResult=false, specConfig=CegarConfig(initPrec=EMPTY, porLevel=NOPOR, porRandomSeed=0, coi=NO_COI, cexMonitor=CHECK, iterationTimeHeuristic=true, abstractorConfig=CegarAbstractorConfig(abstractionSolver=Z3, validateAbstractionSolver=false, domain=PRED_CART, maxEnum=2, search=ERR, havocMemory=false), refinerConfig=CegarRefinerConfig(refinementSolver=Z3, validateRefinementSolver=false, refinement=SEQ_ITP, exprSplitter=CONJUNCTS, pruneStrategy=LAZY))), outputConfig=OutputConfig(versionInfo=false, enableOutput=true, resultFolder=./output/PredCart(900, true, true) -> KInd()/PredCart(900, true, true), acceptUnreliableSafe=false, cOutputConfig=COutputConfig(disable=true, useArr=false, useExArr=false, useRange=false), xcfaOutputConfig=XcfaOutputConfig(disable=true), chcOutputConfig=ChcOutputConfig(disable=true), witnessConfig=WitnessConfig(disable=false, svcomp=true, concretizerSolver=Z3, validateConcretizerSolver=false, inputFileForWitness=null), partialResultOutputConfig=PartialResultOutputConfig(enable=false, tempFileLocation=null), argConfig=ArgConfig(disable=true)), debugConfig=DebugConfig(debug=false, stacktrace=false, logLevel=INFO, argdebug=false, argToFile=false))
PartialResultJson: /dev/shm/partialResult3465587487950339340.json
server: Registered Legacy-Z3 SolverManager
server: Registered Z3 SolverManager
server: Registered JavaSMT SolverManager
server: Registered SMT-LIB SolverManager
server: Successfully loaded LocationInvariants from /dev/shm/partialResult3465587487950339340.json
server: [33m[WARN] LocationInvariants are empty map. Returning null!
server: [0mConfiguration: (CegarChecker (XcfaArgAbstractor (PriorityWaitlist XcfaDistToErrComparator)) (XcfaSingleExprTraceRefiner ExprTraceSeqItpChecker XcfaPrecRefiner))
server: TimeoutMs In Cegar:900000
server: Iteration 1
server: | Checking abstraction...
server: |  |  PrecisionSize: 0
server: |  |  (Re)initializing ARG...done
server: |  |  Starting ARG: 1 nodes, 1 incomplete, 0 unsafe
server: |  |  (StopCriterion FirstCex)...
server: |  |  Building ARG...
server: |  |  Finished ARG: 15 nodes, 7 incomplete, 1 unsafe
server: | Checking abstraction done, result: (AbstractorResult Unsafe)
server: | Refining abstraction...
server: |  |  Trace length: 8
server: |  |  Checking trace...done, result: (ExprTraceStatus Infeasible)
server: |  |  Pruning from index 2...done
server: Refining abstraction done, result: (RefinerResult Spurious)
server: ! Precision DID change in this iteration
server: Iteration took 0s to run! 
server: ExplPreictor: Predicted 0.200s, Real 0.165s 
server:               Weight 1.7 -> 0.9637170685448263 
server: Iteration 2
server: | Checking abstraction...
server: |  |  PrecisionSize: 4
server: |  |  Starting ARG: 2 nodes, 1 incomplete, 0 unsafe
server: |  |  (StopCriterion FirstCex)...
server: |  |  Building ARG...
server: |  |  Finished ARG: 19 nodes, 8 incomplete, 1 unsafe
server: | Checking abstraction done, result: (AbstractorResult Unsafe)
server: | Refining abstraction...
server: |  |  Trace length: 10
server: |  |  Checking trace...done, result: (ExprTraceStatus Infeasible)
server: |  |  Pruning from index 4...done
server: Refining abstraction done, result: (RefinerResult Spurious)
server: ! Precision DID change in this iteration
server: Iteration took 0s to run! 
server: ExplPreictor: Predicted 0.137s, Real 0.271s 
server:               Weight 0.9637170685448263 -> 1.0464254338361036 
server: Iteration 3
server: | Checking abstraction...
server: |  |  PrecisionSize: 7
server: |  |  Starting ARG: 6 nodes, 3 incomplete, 0 unsafe
server: |  |  (StopCriterion FirstCex)...
server: |  |  Building ARG...
server: |  |  Finished ARG: 35 nodes, 9 incomplete, 1 unsafe
server: | Checking abstraction done, result: (AbstractorResult Unsafe)
server: | Refining abstraction...
server: |  |  Trace length: 12
server: |  |  Checking trace...done, result: (ExprTraceStatus Infeasible)
server: |  |  Pruning from index 2...done
server: Refining abstraction done, result: (RefinerResult Spurious)
server: ! Precision DID change in this iteration
server: Iteration took 0s to run! 
server: ExplPreictor: Predicted 0.351s, Real 0.543s 
server:               Weight 1.0464254338361036 -> 1.0578542114015845 
server: Iteration 4
server: | Checking abstraction...
server: |  |  PrecisionSize: 9
server: |  |  Starting ARG: 2 nodes, 1 incomplete, 0 unsafe
server: |  |  (StopCriterion FirstCex)...
server: |  |  Building ARG...
server: |  |  Finished ARG: 37 nodes, 6 incomplete, 1 unsafe
server: | Checking abstraction done, result: (AbstractorResult Unsafe)
server: | Refining abstraction...
server: |  |  Trace length: 16
server: |  |  Checking trace...done, result: (ExprTraceStatus Infeasible)
server: |  |  Pruning from index 3...done
server: Refining abstraction done, result: (RefinerResult Spurious)
server: ! Precision DID change in this iteration
server: Iteration took 0s to run! 
server: ExplPreictor: Predicted 0.782s, Real 0.985s 
server:               Weight 1.0578542114015845 -> 1.0496062597309084 
server: Iteration 5
server: | Checking abstraction...
server: |  |  PrecisionSize: 15
server: |  |  Starting ARG: 4 nodes, 2 incomplete, 0 unsafe
server: |  |  (StopCriterion FirstCex)...
server: |  |  Building ARG...
server: |  |  Finished ARG: 65 nodes, 5 incomplete, 1 unsafe
server: | Checking abstraction done, result: (AbstractorResult Unsafe)
server: | Refining abstraction...
server: |  |  Trace length: 24
server: |  |  Checking trace...done, result: (ExprTraceStatus Infeasible)
server: |  |  Pruning from index 2...done
server: Refining abstraction done, result: (RefinerResult Spurious)
server: ! Precision DID change in this iteration
server: Iteration took 6s to run! 
server: ExplPreictor: Predicted 1.387s, Real 7.358s 
server:               Weight 1.0496062597309084 -> 1.104750937739093 
server: Iteration 6
server: | Checking abstraction...
server: |  |  PrecisionSize: 19
server: |  |  Starting ARG: 2 nodes, 1 incomplete, 0 unsafe
server: |  |  (StopCriterion FirstCex)...
server: |  |  Building ARG...
server: |  |  Finished ARG: 111 nodes, 5 incomplete, 1 unsafe
server: | Checking abstraction done, result: (AbstractorResult Unsafe)
server: | Refining abstraction...
server: |  |  Trace length: 44
server: |  |  Checking trace...done, result: (ExprTraceStatus Infeasible)
server: |  |  Pruning from index 3...done
server: Refining abstraction done, result: (RefinerResult Spurious)
server: ! Precision DID change in this iteration
server: Iteration took 73s to run! 
server: ExplPreictor: Predicted 18.698s, Real 80.596s 
server:               Weight 1.104750937739093 -> 1.1209342760040089 
server: Iteration 7
server: | Checking abstraction...
server: |  |  PrecisionSize: 26
server: |  |  Starting ARG: 4 nodes, 2 incomplete, 0 unsafe
server: |  |  (StopCriterion FirstCex)...
server: |  |  Building ARG...
server: |  |  Finished ARG: 115 nodes, 4 incomplete, 1 unsafe
server: | Checking abstraction done, result: (AbstractorResult Unsafe)
server: | Refining abstraction...
server: |  |  Trace length: 58
server: |  |  Checking trace...done, result: (ExprTraceStatus Infeasible)
server: |  |  Pruning from index 2...done
server: Refining abstraction done, result: (RefinerResult Spurious)
server: ! Precision DID change in this iteration
server: Iteration took 382s to run! 
server: ExplPreictor: Predicted 315.977s, Real 462.683s 
server:               Weight 1.1209342760040089 -> 1.0855546488595984 
server: --------Iteration time heuristic predicts timeout--------
server: |  |  PrecisionSize: 26
server: |  |  Starting ARG: 2 nodes, 1 incomplete, 0 unsafe
server: |  |  (StopCriterion FullExploration)...
server: |  |  Building ARG...
server: |  |  Finished ARG: 160 nodes, 1 incomplete, 1 unsafe
server: Backend finished (in 508293 ms)
server: (SafetyResult Partial)
server: Successfully loaded LocationInvariants from /dev/shm/partialResult3465587487950339340.json
server: [33m[WARN] LocationInvariants are empty map. Returning null!
server: [0mLocationInvariants(
server:   main_final[(PredState (and
server:              (or
server:                (not (>= (div main::uint32_max 4294967296) 1))
server:                (not (>= (mod main::uint32_max 4294967296) 2)))
server:              (>= main::e 0)
server:              (or
server:                (>= (div main::uint32_max 4294967296) 1)
server:                (not (<= (mod main::uint32_max 4294967296) 2)))
server:              (>= main::c 0)
server:              (=
server:                (mod (+ 4294967295 (mod main::uint32_max 4294967296)) 4294967296)
server:                4294967294)
server:              (iff
server:                (<=
server:                  (+
server:                    (mod (+ 4294967295 (mod main::uint32_max 4294967296)) 4294967296)
server:                    (* -1 (mod main::d 4294967296)))
server:                  0)
server:                (>= (mod main::d 4294967296) 4294967294))
server:              (iff
server:                (<=
server:                  (+
server:                    (mod (+ 4294967295 (mod main::uint32_max 4294967296)) 4294967296)
server:                    (* -1 (mod main::c 4294967296)))
server:                  0)
server:                (>= (mod main::c 4294967296) 4294967294))
server:              (iff
server:                (<=
server:                  (+
server:                    (mod (+ 4294967295 (mod main::uint32_max 4294967296)) 4294967296)
server:                    (* -1 (mod main::e 4294967296)))
server:                  0)
server:                (>= (mod main::e 4294967296) 4294967294))))] 
server:   __loc_61[(PredState (or
server:              (and
server:                (or
server:                  (not (>= (div main::uint32_max 4294967296) 1))
server:                  (not (>= (mod main::uint32_max 4294967296) 2)))
server:                (>= main::e 0)
server:                (or
server:                  (>= (div main::uint32_max 4294967296) 1)
server:                  (not (<= (mod main::uint32_max 4294967296) 2)))
server:                (>= main::c 0)
server:                (=
server:                  (mod (+ 4294967295 (mod main::uint32_max 4294967296)) 4294967296)
server:                  4294967294)
server:                (iff
server:                  (<=
server:                    (+
server:                      (mod (+ 4294967295 (mod main::uint32_max 4294967296)) 4294967296)
server:                      (* -1 (mod main::d 4294967296)))
server:                    0)
server:                  (>= (mod main::d 4294967296) 4294967294))
server:                (iff
server:                  (<=
server:                    (+
server:                      (mod (+ 4294967295 (mod main::uint32_max 4294967296)) 4294967296)
server:                      (* -1 (mod main::c 4294967296)))
server:                    0)
server:                  (>= (mod main::c 4294967296) 4294967294))
server:                (iff
server:                  (<=
server:                    (+
server:                      (mod (+ 4294967295 (mod main::uint32_max 4294967296)) 4294967296)
server:                      (* -1 (mod main::e 4294967296)))
server:                    0)
server:                  (>= (mod main::e 4294967296) 4294967294)))
server:              (and
server:                (or
server:                  (not (>= (div main::uint32_max 4294967296) 1))
server:                  (not (>= (mod main::uint32_max 4294967296) 2)))
server:                (>= main::e 0)
server:                (or
server:                  (>= (div main::uint32_max 4294967296) 1)
server:                  (not (<= (mod main::uint32_max 4294967296) 2)))
server:                (>= main::c 0)
server:                (=
server:                  (mod (+ 4294967295 (mod main::uint32_max 4294967296)) 4294967296)
server:                  4294967294)
server:                (iff
server:                  (<=
server:                    (+
server:                      (mod (+ 4294967295 (mod main::uint32_max 4294967296)) 4294967296)
server:                      (* -1 (mod main::d 4294967296)))
server:                    0)
server:                  (>= (mod main::d 4294967296) 4294967294))
server:                (iff
server:                  (<=
server:                    (+
server:                      (mod (+ 4294967295 (mod main::uint32_max 4294967296)) 4294967296)
server:                      (* -1 (mod main::c 4294967296)))
server:                    0)
server:                  (>= (mod main::c 4294967296) 4294967294))
server:                (iff
server:                  (<=
server:                    (+
server:                      (mod (+ 4294967295 (mod main::uint32_max 4294967296)) 4294967296)
server:                      (* -1 (mod main::e 4294967296)))
server:                    0)
server:                  (>= (mod main::e 4294967296) 4294967294)))))] 
server:   __loc_78[(PredState (or
server:              (and
server:                (or
server:                  (not (>= (div main::uint32_max 4294967296) 1))
server:                  (not (>= (mod main::uint32_max 4294967296) 2)))
server:                (>= main::e 0)
server:                (or
server:                  (>= (div main::uint32_max 4294967296) 1)
server:                  (not (<= (mod main::uint32_max 4294967296) 2)))
server:                (>= main::c 0)
server:                (=
server:                  (mod (+ 4294967295 (mod main::uint32_max 4294967296)) 4294967296)
server:                  4294967294)
server:                (iff
server:                  (<=
server:                    (+
server:                      (mod (+ 4294967295 (mod main::uint32_max 4294967296)) 4294967296)
server:                      (* -1 (mod main::d 4294967296)))
server:                    0)
server:                  (>= (mod main::d 4294967296) 4294967294))
server:                (iff
server:                  (<=
server:                    (+
server:                      (mod (+ 4294967295 (mod main::uint32_max 4294967296)) 4294967296)
server:                      (* -1 (mod main::c 4294967296)))
server:                    0)
server:                  (>= (mod main::c 4294967296) 4294967294))
server:                (iff
server:                  (<=
server:                    (+
server:                      (mod (+ 4294967295 (mod main::uint32_max 4294967296)) 4294967296)
server:                      (* -1 (mod main::e 4294967296)))
server:                    0)
server:                  (>= (mod main::e 4294967296) 4294967294)))
server:              false
server:              false
server:              (and
server:                (or
server:                  (not (>= (div main::uint32_max 4294967296) 1))
server:                  (not (>= (mod main::uint32_max 4294967296) 2)))
server:                (>= main::e 0)
server:                (not (<= main::e 0))
server:                (or
server:                  (>= (div main::uint32_max 4294967296) 1)
server:                  (not (<= (mod main::uint32_max 4294967296) 2)))
server:                (not (<= main::c 0))
server:                (>= main::c 0)
server:                (not
server:                  (or
server:                    (and
server:                      (not
server:                        (<=
server:                          (+
server:                            (* 2147483647 main::e)
server:                            (* 2147483648 main::c)
server:                            (* -2147483648 (mod main::e 4294967296))
server:                            (* -9223372032559808512 (div main::e 4294967296))
server:                            (* -4294967296 (div main::c 4294967296)))
server:                          0))
server:                      (<= main::c 0))
server:                    (and
server:                      (not
server:                        (<=
server:                          (+
server:                            (* -2147483647 main::e)
server:                            (* -2147483648 main::c)
server:                            (* 2147483648 (mod main::e 4294967296))
server:                            (* 9223372032559808512 (div main::e 4294967296))
server:                            (* 4294967296 (div main::c 4294967296)))
server:                          0))
server:                      (>= main::c 0))))
server:                (=
server:                  (mod (+ 4294967295 (mod main::uint32_max 4294967296)) 4294967296)
server:                  4294967294)
server:                (<=
server:                  (+
server:                    (mod (+ 4294967295 (mod main::uint32_max 4294967296)) 4294967296)
server:                    (* -1 (mod main::d 4294967296)))
server:                  0)
server:                (not (= 0 main::c))
server:                (iff
server:                  (<=
server:                    (+
server:                      (mod (+ 4294967295 (mod main::uint32_max 4294967296)) 4294967296)
server:                      (* -1 (mod main::d 4294967296)))
server:                    0)
server:                  (>= (mod main::d 4294967296) 4294967294))
server:                (iff
server:                  (<=
server:                    (+
server:                      (mod (+ 4294967295 (mod main::uint32_max 4294967296)) 4294967296)
server:                      (* -1 (mod main::c 4294967296)))
server:                    0)
server:                  (>= (mod main::c 4294967296) 4294967294))
server:                (<= 4294967294 (mod main::c 4294967296))
server:                (not (= 0 main::d))
server:                (iff
server:                  (<=
server:                    (+
server:                      (mod (+ 4294967295 (mod main::uint32_max 4294967296)) 4294967296)
server:                      (* -1 (mod main::e 4294967296)))
server:                    0)
server:                  (>= (mod main::e 4294967296) 4294967294))
server:                (<=
server:                  (+
server:                    (mod (+ 1 (mod main::d 4294967296)) 4294967296)
server:                    (* -1 (mod (+ 1 (mod main::c 4294967296)) 4294967296)))
server:                  0)
server:                (not (= 0 main::e))
server:                (not (= main::e 1))
server:                (<= 1 (mod (+ 1 (mod main::c 4294967296)) 4294967296))
server:                (>= (mod main::e 4294967296) 4294967294))))] 
server:   __loc_95[(PredState (or
server:              (and
server:                (or
server:                  (not (>= (div main::uint32_max 4294967296) 1))
server:                  (not (>= (mod main::uint32_max 4294967296) 2)))
server:                (>= main::e 0)
server:                (or
server:                  (>= (div main::uint32_max 4294967296) 1)
server:                  (not (<= (mod main::uint32_max 4294967296) 2)))
server:                (<= main::c 0)
server:                (>= main::c 0)
server:                (=
server:                  (mod (+ 4294967295 (mod main::uint32_max 4294967296)) 4294967296)
server:                  4294967294)
server:                (= 0 main::c)
server:                (iff
server:                  (<=
server:                    (+
server:                      (mod (+ 4294967295 (mod main::uint32_max 4294967296)) 4294967296)
server:                      (* -1 (mod main::d 4294967296)))
server:                    0)
server:                  (>= (mod main::d 4294967296) 4294967294))
server:                (iff
server:                  (<=
server:                    (+
server:                      (mod (+ 4294967295 (mod main::uint32_max 4294967296)) 4294967296)
server:                      (* -1 (mod main::c 4294967296)))
server:                    0)
server:                  (>= (mod main::c 4294967296) 4294967294))
server:                (not (<= 4294967294 (mod main::c 4294967296)))
server:                (iff
server:                  (<=
server:                    (+
server:                      (mod (+ 4294967295 (mod main::uint32_max 4294967296)) 4294967296)
server:                      (* -1 (mod main::e 4294967296)))
server:                    0)
server:                  (>= (mod main::e 4294967296) 4294967294))
server:                (<= 1 (mod (+ 1 (mod main::c 4294967296)) 4294967296)))
server:              false
server:              false
server:              false
server:              (and
server:                (or
server:                  (not (>= (div main::uint32_max 4294967296) 1))
server:                  (not (>= (mod main::uint32_max 4294967296) 2)))
server:                (>= main::e 0)
server:                (not (<= main::e 0))
server:                (or
server:                  (>= (div main::uint32_max 4294967296) 1)
server:                  (not (<= (mod main::uint32_max 4294967296) 2)))
server:                (not (<= main::c 0))
server:                (>= main::c 0)
server:                (or
server:                  (and
server:                    (not
server:                      (<=
server:                        (+
server:                          (* 2147483647 main::e)
server:                          (* 2147483648 main::c)
server:                          (* -2147483648 (mod main::e 4294967296))
server:                          (* -9223372032559808512 (div main::e 4294967296))
server:                          (* -4294967296 (div main::c 4294967296)))
server:                        0))
server:                    (<= main::c 0))
server:                  (and
server:                    (not
server:                      (<=
server:                        (+
server:                          (* -2147483647 main::e)
server:                          (* -2147483648 main::c)
server:                          (* 2147483648 (mod main::e 4294967296))
server:                          (* 9223372032559808512 (div main::e 4294967296))
server:                          (* 4294967296 (div main::c 4294967296)))
server:                        0))
server:                    (>= main::c 0)))
server:                (=
server:                  (mod (+ 4294967295 (mod main::uint32_max 4294967296)) 4294967296)
server:                  4294967294)
server:                (<=
server:                  (+
server:                    (mod (+ 4294967295 (mod main::uint32_max 4294967296)) 4294967296)
server:                    (* -1 (mod main::d 4294967296)))
server:                  0)
server:                (not (= 0 main::c))
server:                (not
server:                  (=
server:                    (mod (+ 1 (mod main::d 4294967296)) 4294967296)
server:                    (mod (+ 1 (mod main::c 4294967296)) 4294967296)))
server:                (iff
server:                  (<=
server:                    (+
server:                      (mod (+ 4294967295 (mod main::uint32_max 4294967296)) 4294967296)
server:                      (* -1 (mod main::d 4294967296)))
server:                    0)
server:                  (>= (mod main::d 4294967296) 4294967294))
server:                (not (= main::d (mod (+ 1 (mod main::c 4294967296)) 4294967296)))
server:                (iff
server:                  (<=
server:                    (+
server:                      (mod (+ 4294967295 (mod main::uint32_max 4294967296)) 4294967296)
server:                      (* -1 (mod main::c 4294967296)))
server:                    0)
server:                  (>= (mod main::c 4294967296) 4294967294))
server:                (not (<= 4294967294 (mod main::c 4294967296)))
server:                (not (= 0 main::d))
server:                (iff
server:                  (<=
server:                    (+
server:                      (mod (+ 4294967295 (mod main::uint32_max 4294967296)) 4294967296)
server:                      (* -1 (mod main::e 4294967296)))
server:                    0)
server:                  (>= (mod main::e 4294967296) 4294967294))
server:                (not
server:                  (<=
server:                    (+
server:                      (mod (+ 1 (mod main::d 4294967296)) 4294967296)
server:                      (* -1 (mod (+ 1 (mod main::c 4294967296)) 4294967296)))
server:                    0))
server:                (>=
server:                  (+
server:                    (mod (+ 1 (mod main::d 4294967296)) 4294967296)
server:                    (* -1 (mod (+ 1 (mod main::c 4294967296)) 4294967296)))
server:                  0)
server:                (not (= 0 main::e))
server:                (not (= main::e 1))
server:                (<= 1 (mod (+ 1 (mod main::c 4294967296)) 4294967296))
server:                (>= (mod main::e 4294967296) 4294967294))
server:              false
server:              false
server:              (and
server:                (or
server:                  (not (>= (div main::uint32_max 4294967296) 1))
server:                  (not (>= (mod main::uint32_max 4294967296) 2)))
server:                (>= main::e 0)
server:                (not (<= main::e 0))
server:                (or
server:                  (>= (div main::uint32_max 4294967296) 1)
server:                  (not (<= (mod main::uint32_max 4294967296) 2)))
server:                (not (<= main::c 0))
server:                (>= main::c 0)
server:                (=
server:                  (mod (+ 4294967295 (mod main::uint32_max 4294967296)) 4294967296)
server:                  4294967294)
server:                (<=
server:                  (+
server:                    (mod (+ 4294967295 (mod main::uint32_max 4294967296)) 4294967296)
server:                    (* -1 (mod main::d 4294967296)))
server:                  0)
server:                (not (= 0 main::c))
server:                (iff
server:                  (<=
server:                    (+
server:                      (mod (+ 4294967295 (mod main::uint32_max 4294967296)) 4294967296)
server:                      (* -1 (mod main::d 4294967296)))
server:                    0)
server:                  (>= (mod main::d 4294967296) 4294967294))
server:                (iff
server:                  (<=
server:                    (+
server:                      (mod (+ 4294967295 (mod main::uint32_max 4294967296)) 4294967296)
server:                      (* -1 (mod main::c 4294967296)))
server:                    0)
server:                  (>= (mod main::c 4294967296) 4294967294))
server:                (not (= 0 main::d))
server:                (iff
server:                  (<=
server:                    (+
server:                      (mod (+ 4294967295 (mod main::uint32_max 4294967296)) 4294967296)
server:                      (* -1 (mod main::e 4294967296)))
server:                    0)
server:                  (>= (mod main::e 4294967296) 4294967294))
server:                (not (= 0 main::e))
server:                (not (= main::e 1))
server:                (<= 1 (mod (+ 1 (mod main::c 4294967296)) 4294967296))
server:                (>= (mod main::e 4294967296) 4294967294))
server:              false))] 
server:   __loc_112[(PredState (or
server:              (and
server:                (or
server:                  (not (>= (div main::uint32_max 4294967296) 1))
server:                  (not (>= (mod main::uint32_max 4294967296) 2)))
server:                (>= main::e 0)
server:                (or
server:                  (>= (div main::uint32_max 4294967296) 1)
server:                  (not (<= (mod main::uint32_max 4294967296) 2)))
server:                (<= main::c 0)
server:                (>= main::c 0)
server:                (=
server:                  (mod (+ 4294967295 (mod main::uint32_max 4294967296)) 4294967296)
server:                  4294967294)
server:                (not
server:                  (<=
server:                    (+
server:                      (mod (+ 4294967295 (mod main::uint32_max 4294967296)) 4294967296)
server:                      (* -1 (mod main::d 4294967296)))
server:                    0))
server:                (= 0 main::c)
server:                (=
server:                  (mod (+ 1 (mod main::d 4294967296)) 4294967296)
server:                  (mod (+ 1 (mod main::c 4294967296)) 4294967296))
server:                (iff
server:                  (<=
server:                    (+
server:                      (mod (+ 4294967295 (mod main::uint32_max 4294967296)) 4294967296)
server:                      (* -1 (mod main::d 4294967296)))
server:                    0)
server:                  (>= (mod main::d 4294967296) 4294967294))
server:                (not (= main::d (mod (+ 1 (mod main::c 4294967296)) 4294967296)))
server:                (iff
server:                  (<=
server:                    (+
server:                      (mod (+ 4294967295 (mod main::uint32_max 4294967296)) 4294967296)
server:                      (* -1 (mod main::c 4294967296)))
server:                    0)
server:                  (>= (mod main::c 4294967296) 4294967294))
server:                (not (<= 4294967294 (mod main::c 4294967296)))
server:                (= 0 main::d)
server:                (iff
server:                  (<=
server:                    (+
server:                      (mod (+ 4294967295 (mod main::uint32_max 4294967296)) 4294967296)
server:                      (* -1 (mod main::e 4294967296)))
server:                    0)
server:                  (>= (mod main::e 4294967296) 4294967294))
server:                (<=
server:                  (+
server:                    (mod (+ 1 (mod main::d 4294967296)) 4294967296)
server:                    (* -1 (mod (+ 1 (mod main::c 4294967296)) 4294967296)))
server:                  0)
server:                (>=
server:                  (+
server:                    (mod (+ 1 (mod main::d 4294967296)) 4294967296)
server:                    (* -1 (mod (+ 1 (mod main::c 4294967296)) 4294967296)))
server:                  0)
server:                (<= 1 (mod (+ 1 (mod main::c 4294967296)) 4294967296)))
server:              false
server:              false
server:              false
server:              false
server:              (and
server:                (or
server:                  (not (>= (div main::uint32_max 4294967296) 1))
server:                  (not (>= (mod main::uint32_max 4294967296) 2)))
server:                (>= main::e 0)
server:                (not (<= main::e 0))
server:                (or
server:                  (>= (div main::uint32_max 4294967296) 1)
server:                  (not (<= (mod main::uint32_max 4294967296) 2)))
server:                (<= main::c 0)
server:                (>= main::c 0)
server:                (or
server:                  (and
server:                    (not
server:                      (<=
server:                        (+
server:                          (* 2147483647 main::e)
server:                          (* 2147483648 main::c)
server:                          (* -2147483648 (mod main::e 4294967296))
server:                          (* -9223372032559808512 (div main::e 4294967296))
server:                          (* -4294967296 (div main::c 4294967296)))
server:                        0))
server:                    (<= main::c 0))
server:                  (and
server:                    (not
server:                      (<=
server:                        (+
server:                          (* -2147483647 main::e)
server:                          (* -2147483648 main::c)
server:                          (* 2147483648 (mod main::e 4294967296))
server:                          (* 9223372032559808512 (div main::e 4294967296))
server:                          (* 4294967296 (div main::c 4294967296)))
server:                        0))
server:                    (>= main::c 0)))
server:                (=
server:                  (mod (+ 4294967295 (mod main::uint32_max 4294967296)) 4294967296)
server:                  4294967294)
server:                (not
server:                  (<=
server:                    (+
server:                      (mod (+ 4294967295 (mod main::uint32_max 4294967296)) 4294967296)
server:                      (* -1 (mod main::d 4294967296)))
server:                    0))
server:                (= 0 main::c)
server:                (not
server:                  (=
server:                    (mod (+ 1 (mod main::d 4294967296)) 4294967296)
server:                    (mod (+ 1 (mod main::c 4294967296)) 4294967296)))
server:                (iff
server:                  (<=
server:                    (+
server:                      (mod (+ 4294967295 (mod main::uint32_max 4294967296)) 4294967296)
server:                      (* -1 (mod main::d 4294967296)))
server:                    0)
server:                  (>= (mod main::d 4294967296) 4294967294))
server:                (= main::d (mod (+ 1 (mod main::c 4294967296)) 4294967296))
server:                (iff
server:                  (<=
server:                    (+
server:                      (mod (+ 4294967295 (mod main::uint32_max 4294967296)) 4294967296)
server:                      (* -1 (mod main::c 4294967296)))
server:                    0)
server:                  (>= (mod main::c 4294967296) 4294967294))
server:                (not (<= 4294967294 (mod main::c 4294967296)))
server:                (not (= 0 main::d))
server:                (not
server:                  (=
server:                    (mod (+ 1 (mod main::d 4294967296)) 4294967296)
server:                    (mod (+ 1 (mod main::e 4294967296)) 4294967296)))
server:                (iff
server:                  (<=
server:                    (+
server:                      (mod (+ 4294967295 (mod main::uint32_max 4294967296)) 4294967296)
server:                      (* -1 (mod main::e 4294967296)))
server:                    0)
server:                  (>= (mod main::e 4294967296) 4294967294))
server:                (not (= main::e (mod (+ 1 (mod main::d 4294967296)) 4294967296)))
server:                (not
server:                  (<=
server:                    (+
server:                      (mod (+ 1 (mod main::d 4294967296)) 4294967296)
server:                      (* -1 (mod (+ 1 (mod main::c 4294967296)) 4294967296)))
server:                    0))
server:                (>=
server:                  (+
server:                    (mod (+ 1 (mod main::d 4294967296)) 4294967296)
server:                    (* -1 (mod (+ 1 (mod main::c 4294967296)) 4294967296)))
server:                  0)
server:                (not (= 0 main::e))
server:                (not (= main::e 1))
server:                (<= 1 (mod (+ 1 (mod main::c 4294967296)) 4294967296))
server:                (>= (mod main::e 4294967296) 4294967294))
server:              false
server:              false
server:              false
server:              false
server:              false
server:              (and
server:                (or
server:                  (not (>= (div main::uint32_max 4294967296) 1))
server:                  (not (>= (mod main::uint32_max 4294967296) 2)))
server:                (>= main::e 0)
server:                (not (<= main::e 0))
server:                (or
server:                  (>= (div main::uint32_max 4294967296) 1)
server:                  (not (<= (mod main::uint32_max 4294967296) 2)))
server:                (<= main::c 0)
server:                (>= main::c 0)
server:                (or
server:                  (and
server:                    (not
server:                      (<=
server:                        (+
server:                          (* 2147483647 main::e)
server:                          (* 2147483648 main::c)
server:                          (* -2147483648 (mod main::e 4294967296))
server:                          (* -9223372032559808512 (div main::e 4294967296))
server:                          (* -4294967296 (div main::c 4294967296)))
server:                        0))
server:                    (<= main::c 0))
server:                  (and
server:                    (not
server:                      (<=
server:                        (+
server:                          (* -2147483647 main::e)
server:                          (* -2147483648 main::c)
server:                          (* 2147483648 (mod main::e 4294967296))
server:                          (* 9223372032559808512 (div main::e 4294967296))
server:                          (* 4294967296 (div main::c 4294967296)))
server:                        0))
server:                    (>= main::c 0)))
server:                (=
server:                  (mod (+ 4294967295 (mod main::uint32_max 4294967296)) 4294967296)
server:                  4294967294)
server:                (not
server:                  (<=
server:                    (+
server:                      (mod (+ 4294967295 (mod main::uint32_max 4294967296)) 4294967296)
server:                      (* -1 (mod main::d 4294967296)))
server:                    0))
server:                (= 0 main::c)
server:                (not
server:                  (=
server:                    (mod (+ 1 (mod main::d 4294967296)) 4294967296)
server:                    (mod (+ 1 (mod main::c 4294967296)) 4294967296)))
server:                (iff
server:                  (<=
server:                    (+
server:                      (mod (+ 4294967295 (mod main::uint32_max 4294967296)) 4294967296)
server:                      (* -1 (mod main::d 4294967296)))
server:                    0)
server:                  (>= (mod main::d 4294967296) 4294967294))
server:                (not (= main::d (mod (+ 1 (mod main::c 4294967296)) 4294967296)))
server:                (iff
server:                  (<=
server:                    (+
server:                      (mod (+ 4294967295 (mod main::uint32_max 4294967296)) 4294967296)
server:                      (* -1 (mod main::c 4294967296)))
server:                    0)
server:                  (>= (mod main::c 4294967296) 4294967294))
server:                (not (<= 4294967294 (mod main::c 4294967296)))
server:                (not (= 0 main::d))
server:                (not
server:                  (=
server:                    (mod (+ 1 (mod main::d 4294967296)) 4294967296)
server:                    (mod (+ 1 (mod main::e 4294967296)) 4294967296)))
server:                (iff
server:                  (<=
server:                    (+
server:                      (mod (+ 4294967295 (mod main::uint32_max 4294967296)) 4294967296)
server:                      (* -1 (mod main::e 4294967296)))
server:                    0)
server:                  (>= (mod main::e 4294967296) 4294967294))
server:                (not (= main::e (mod (+ 1 (mod main::d 4294967296)) 4294967296)))
server:                (not
server:                  (<=
server:                    (+
server:                      (mod (+ 1 (mod main::d 4294967296)) 4294967296)
server:                      (* -1 (mod (+ 1 (mod main::c 4294967296)) 4294967296)))
server:                    0))
server:                (>=
server:                  (+
server:                    (mod (+ 1 (mod main::d 4294967296)) 4294967296)
server:                    (* -1 (mod (+ 1 (mod main::c 4294967296)) 4294967296)))
server:                  0)
server:                (not (= 0 main::e))
server:                (not (= main::e 1))
server:                (<= 1 (mod (+ 1 (mod main::c 4294967296)) 4294967296))
server:                (>= (mod main::e 4294967296) 4294967294))
server:              false
server:              false
server:              false
server:              false
server:              (and
server:                (or
server:                  (not (>= (div main::uint32_max 4294967296) 1))
server:                  (not (>= (mod main::uint32_max 4294967296) 2)))
server:                (>= main::e 0)
server:                (not (<= main::e 0))
server:                (or
server:                  (>= (div main::uint32_max 4294967296) 1)
server:                  (not (<= (mod main::uint32_max 4294967296) 2)))
server:                (<= main::c 0)
server:                (>= main::c 0)
server:                (or
server:                  (and
server:                    (not
server:                      (<=
server:                        (+
server:                          (* 2147483647 main::e)
server:                          (* 2147483648 main::c)
server:                          (* -2147483648 (mod main::e 4294967296))
server:                          (* -9223372032559808512 (div main::e 4294967296))
server:                          (* -4294967296 (div main::c 4294967296)))
server:                        0))
server:                    (<= main::c 0))
server:                  (and
server:                    (not
server:                      (<=
server:                        (+
server:                          (* -2147483647 main::e)
server:                          (* -2147483648 main::c)
server:                          (* 2147483648 (mod main::e 4294967296))
server:                          (* 9223372032559808512 (div main::e 4294967296))
server:                          (* 4294967296 (div main::c 4294967296)))
server:                        0))
server:                    (>= main::c 0)))
server:                (=
server:                  (mod (+ 4294967295 (mod main::uint32_max 4294967296)) 4294967296)
server:                  4294967294)
server:                (= 0 main::c)
server:                (not
server:                  (=
server:                    (mod (+ 1 (mod main::d 4294967296)) 4294967296)
server:                    (mod (+ 1 (mod main::c 4294967296)) 4294967296)))
server:                (iff
server:                  (<=
server:                    (+
server:                      (mod (+ 4294967295 (mod main::uint32_max 4294967296)) 4294967296)
server:                      (* -1 (mod main::d 4294967296)))
server:                    0)
server:                  (>= (mod main::d 4294967296) 4294967294))
server:                (not (= main::d (mod (+ 1 (mod main::c 4294967296)) 4294967296)))
server:                (iff
server:                  (<=
server:                    (+
server:                      (mod (+ 4294967295 (mod main::uint32_max 4294967296)) 4294967296)
server:                      (* -1 (mod main::c 4294967296)))
server:                    0)
server:                  (>= (mod main::c 4294967296) 4294967294))
server:                (not (<= 4294967294 (mod main::c 4294967296)))
server:                (not (= 0 main::d))
server:                (iff
server:                  (<=
server:                    (+
server:                      (mod (+ 4294967295 (mod main::uint32_max 4294967296)) 4294967296)
server:                      (* -1 (mod main::e 4294967296)))
server:                    0)
server:                  (>= (mod main::e 4294967296) 4294967294))
server:                (not
server:                  (<=
server:                    (+
server:                      (mod (+ 1 (mod main::d 4294967296)) 4294967296)
server:                      (* -1 (mod (+ 1 (mod main::c 4294967296)) 4294967296)))
server:                    0))
server:                (>=
server:                  (+
server:                    (mod (+ 1 (mod main::d 4294967296)) 4294967296)
server:                    (* -1 (mod (+ 1 (mod main::c 4294967296)) 4294967296)))
server:                  0)
server:                (not (= 0 main::e))
server:                (not (= main::e 1))
server:                (<= 1 (mod (+ 1 (mod main::c 4294967296)) 4294967296))
server:                (>= (mod main::e 4294967296) 4294967294))
server:              (and
server:                (or
server:                  (not (>= (div main::uint32_max 4294967296) 1))
server:                  (not (>= (mod main::uint32_max 4294967296) 2)))
server:                (>= main::e 0)
server:                (not (<= main::e 0))
server:                (or
server:                  (>= (div main::uint32_max 4294967296) 1)
server:                  (not (<= (mod main::uint32_max 4294967296) 2)))
server:                (not (<= main::c 0))
server:                (>= main::c 0)
server:                (or
server:                  (and
server:                    (not
server:                      (<=
server:                        (+
server:                          (* 2147483647 main::e)
server:                          (* 2147483648 main::c)
server:                          (* -2147483648 (mod main::e 4294967296))
server:                          (* -9223372032559808512 (div main::e 4294967296))
server:                          (* -4294967296 (div main::c 4294967296)))
server:                        0))
server:                    (<= main::c 0))
server:                  (and
server:                    (not
server:                      (<=
server:                        (+
server:                          (* -2147483647 main::e)
server:                          (* -2147483648 main::c)
server:                          (* 2147483648 (mod main::e 4294967296))
server:                          (* 9223372032559808512 (div main::e 4294967296))
server:                          (* 4294967296 (div main::c 4294967296)))
server:                        0))
server:                    (>= main::c 0)))
server:                (=
server:                  (mod (+ 4294967295 (mod main::uint32_max 4294967296)) 4294967296)
server:                  4294967294)
server:                (not
server:                  (<=
server:                    (+
server:                      (mod (+ 4294967295 (mod main::uint32_max 4294967296)) 4294967296)
server:                      (* -1 (mod main::d 4294967296)))
server:                    0))
server:                (not (= 0 main::c))
server:                (not
server:                  (=
server:                    (mod (+ 1 (mod main::d 4294967296)) 4294967296)
server:                    (mod (+ 1 (mod main::c 4294967296)) 4294967296)))
server:                (iff
server:                  (<=
server:                    (+
server:                      (mod (+ 4294967295 (mod main::uint32_max 4294967296)) 4294967296)
server:                      (* -1 (mod main::d 4294967296)))
server:                    0)
server:                  (>= (mod main::d 4294967296) 4294967294))
server:                (not (= main::d (mod (+ 1 (mod main::c 4294967296)) 4294967296)))
server:                (iff
server:                  (<=
server:                    (+
server:                      (mod (+ 4294967295 (mod main::uint32_max 4294967296)) 4294967296)
server:                      (* -1 (mod main::c 4294967296)))
server:                    0)
server:                  (>= (mod main::c 4294967296) 4294967294))
server:                (not (<= 4294967294 (mod main::c 4294967296)))
server:                (= 0 main::d)
server:                (not
server:                  (=
server:                    (mod (+ 1 (mod main::d 4294967296)) 4294967296)
server:                    (mod (+ 1 (mod main::e 4294967296)) 4294967296)))
server:                (iff
server:                  (<=
server:                    (+
server:                      (mod (+ 4294967295 (mod main::uint32_max 4294967296)) 4294967296)
server:                      (* -1 (mod main::e 4294967296)))
server:                    0)
server:                  (>= (mod main::e 4294967296) 4294967294))
server:                (not (= main::e (mod (+ 1 (mod main::d 4294967296)) 4294967296)))
server:                (<=
server:                  (+
server:                    (mod (+ 1 (mod main::d 4294967296)) 4294967296)
server:                    (* -1 (mod (+ 1 (mod main::c 4294967296)) 4294967296)))
server:                  0)
server:                (not
server:                  (>=
server:                    (+
server:                      (mod (+ 1 (mod main::d 4294967296)) 4294967296)
server:                      (* -1 (mod (+ 1 (mod main::c 4294967296)) 4294967296)))
server:                    0))
server:                (not (= 0 main::e))
server:                (not (= main::e 1))
server:                (<= 1 (mod (+ 1 (mod main::c 4294967296)) 4294967296))
server:                (>= (mod main::e 4294967296) 4294967294))
server:              false
server:              false
server:              false
server:              false
server:              (and
server:                (or
server:                  (not (>= (div main::uint32_max 4294967296) 1))
server:                  (not (>= (mod main::uint32_max 4294967296) 2)))
server:                (>= main::e 0)
server:                (not (<= main::e 0))
server:                (or
server:                  (>= (div main::uint32_max 4294967296) 1)
server:                  (not (<= (mod main::uint32_max 4294967296) 2)))
server:                (not (<= main::c 0))
server:                (>= main::c 0)
server:                (=
server:                  (mod (+ 4294967295 (mod main::uint32_max 4294967296)) 4294967296)
server:                  4294967294)
server:                (not
server:                  (<=
server:                    (+
server:                      (mod (+ 4294967295 (mod main::uint32_max 4294967296)) 4294967296)
server:                      (* -1 (mod main::d 4294967296)))
server:                    0))
server:                (not (= 0 main::c))
server:                (iff
server:                  (<=
server:                    (+
server:                      (mod (+ 4294967295 (mod main::uint32_max 4294967296)) 4294967296)
server:                      (* -1 (mod main::d 4294967296)))
server:                    0)
server:                  (>= (mod main::d 4294967296) 4294967294))
server:                (not (= main::d (mod (+ 1 (mod main::c 4294967296)) 4294967296)))
server:                (iff
server:                  (<=
server:                    (+
server:                      (mod (+ 4294967295 (mod main::uint32_max 4294967296)) 4294967296)
server:                      (* -1 (mod main::c 4294967296)))
server:                    0)
server:                  (>= (mod main::c 4294967296) 4294967294))
server:                (not (<= 4294967294 (mod main::c 4294967296)))
server:                (not (= 0 main::d))
server:                (not
server:                  (=
server:                    (mod (+ 1 (mod main::d 4294967296)) 4294967296)
server:                    (mod (+ 1 (mod main::e 4294967296)) 4294967296)))
server:                (iff
server:                  (<=
server:                    (+
server:                      (mod (+ 4294967295 (mod main::uint32_max 4294967296)) 4294967296)
server:                      (* -1 (mod main::e 4294967296)))
server:                    0)
server:                  (>= (mod main::e 4294967296) 4294967294))
server:                (not (= main::e (mod (+ 1 (mod main::d 4294967296)) 4294967296)))
server:                (<=
server:                  (+
server:                    (mod (+ 1 (mod main::d 4294967296)) 4294967296)
server:                    (* -1 (mod (+ 1 (mod main::c 4294967296)) 4294967296)))
server:                  0)
server:                (not (= 0 main::e))
server:                (not (= main::e 1))
server:                (<= 1 (mod (+ 1 (mod main::c 4294967296)) 4294967296))
server:                (>= (mod main::e 4294967296) 4294967294))
server:              false
server:              false
server:              false
server:              false
server:              (and
server:                (or
server:                  (not (>= (div main::uint32_max 4294967296) 1))
server:                  (not (>= (mod main::uint32_max 4294967296) 2)))
server:                (>= main::e 0)
server:                (not (<= main::e 0))
server:                (or
server:                  (>= (div main::uint32_max 4294967296) 1)
server:                  (not (<= (mod main::uint32_max 4294967296) 2)))
server:                (not (<= main::c 0))
server:                (>= main::c 0)
server:                (=
server:                  (mod (+ 4294967295 (mod main::uint32_max 4294967296)) 4294967296)
server:                  4294967294)
server:                (not (= 0 main::c))
server:                (iff
server:                  (<=
server:                    (+
server:                      (mod (+ 4294967295 (mod main::uint32_max 4294967296)) 4294967296)
server:                      (* -1 (mod main::d 4294967296)))
server:                    0)
server:                  (>= (mod main::d 4294967296) 4294967294))
server:                (iff
server:                  (<=
server:                    (+
server:                      (mod (+ 4294967295 (mod main::uint32_max 4294967296)) 4294967296)
server:                      (* -1 (mod main::c 4294967296)))
server:                    0)
server:                  (>= (mod main::c 4294967296) 4294967294))
server:                (not (<= 4294967294 (mod main::c 4294967296)))
server:                (not (= 0 main::d))
server:                (iff
server:                  (<=
server:                    (+
server:                      (mod (+ 4294967295 (mod main::uint32_max 4294967296)) 4294967296)
server:                      (* -1 (mod main::e 4294967296)))
server:                    0)
server:                  (>= (mod main::e 4294967296) 4294967294))
server:                (not (= 0 main::e))
server:                (not (= main::e 1))
server:                (<= 1 (mod (+ 1 (mod main::c 4294967296)) 4294967296))
server:                (>= (mod main::e 4294967296) 4294967294))
server:              (and
server:                (or
server:                  (not (>= (div main::uint32_max 4294967296) 1))
server:                  (not (>= (mod main::uint32_max 4294967296) 2)))
server:                (>= main::e 0)
server:                (not (<= main::e 0))
server:                (or
server:                  (>= (div main::uint32_max 4294967296) 1)
server:                  (not (<= (mod main::uint32_max 4294967296) 2)))
server:                (not (<= main::c 0))
server:                (>= main::c 0)
server:                (=
server:                  (mod (+ 4294967295 (mod main::uint32_max 4294967296)) 4294967296)
server:                  4294967294)
server:                (not
server:                  (<=
server:                    (+
server:                      (mod (+ 4294967295 (mod main::uint32_max 4294967296)) 4294967296)
server:                      (* -1 (mod main::d 4294967296)))
server:                    0))
server:                (not (= 0 main::c))
server:                (iff
server:                  (<=
server:                    (+
server:                      (mod (+ 4294967295 (mod main::uint32_max 4294967296)) 4294967296)
server:                      (* -1 (mod main::d 4294967296)))
server:                    0)
server:                  (>= (mod main::d 4294967296) 4294967294))
server:                (not (= main::d (mod (+ 1 (mod main::c 4294967296)) 4294967296)))
server:                (iff
server:                  (<=
server:                    (+
server:                      (mod (+ 4294967295 (mod main::uint32_max 4294967296)) 4294967296)
server:                      (* -1 (mod main::c 4294967296)))
server:                    0)
server:                  (>= (mod main::c 4294967296) 4294967294))
server:                (not (<= 4294967294 (mod main::c 4294967296)))
server:                (= 0 main::d)
server:                (not
server:                  (=
server:                    (mod (+ 1 (mod main::d 4294967296)) 4294967296)
server:                    (mod (+ 1 (mod main::e 4294967296)) 4294967296)))
server:                (iff
server:                  (<=
server:                    (+
server:                      (mod (+ 4294967295 (mod main::uint32_max 4294967296)) 4294967296)
server:                      (* -1 (mod main::e 4294967296)))
server:                    0)
server:                  (>= (mod main::e 4294967296) 4294967294))
server:                (not (= main::e (mod (+ 1 (mod main::d 4294967296)) 4294967296)))
server:                (<=
server:                  (+
server:                    (mod (+ 1 (mod main::d 4294967296)) 4294967296)
server:                    (* -1 (mod (+ 1 (mod main::c 4294967296)) 4294967296)))
server:                  0)
server:                (not (= 0 main::e))
server:                (not (= main::e 1))
server:                (<= 1 (mod (+ 1 (mod main::c 4294967296)) 4294967296))
server:                (>= (mod main::e 4294967296) 4294967294))
server:              false
server:              false
server:              false
server:              false
server:              (and
server:                (or
server:                  (not (>= (div main::uint32_max 4294967296) 1))
server:                  (not (>= (mod main::uint32_max 4294967296) 2)))
server:                (>= main::e 0)
server:                (not (<= main::e 0))
server:                (or
server:                  (>= (div main::uint32_max 4294967296) 1)
server:                  (not (<= (mod main::uint32_max 4294967296) 2)))
server:                (not (<= main::c 0))
server:                (>= main::c 0)
server:                (=
server:                  (mod (+ 4294967295 (mod main::uint32_max 4294967296)) 4294967296)
server:                  4294967294)
server:                (not
server:                  (<=
server:                    (+
server:                      (mod (+ 4294967295 (mod main::uint32_max 4294967296)) 4294967296)
server:                      (* -1 (mod main::d 4294967296)))
server:                    0))
server:                (not (= 0 main::c))
server:                (iff
server:                  (<=
server:                    (+
server:                      (mod (+ 4294967295 (mod main::uint32_max 4294967296)) 4294967296)
server:                      (* -1 (mod main::d 4294967296)))
server:                    0)
server:                  (>= (mod main::d 4294967296) 4294967294))
server:                (iff
server:                  (<=
server:                    (+
server:                      (mod (+ 4294967295 (mod main::uint32_max 4294967296)) 4294967296)
server:                      (* -1 (mod main::c 4294967296)))
server:                    0)
server:                  (>= (mod main::c 4294967296) 4294967294))
server:                (not (<= 4294967294 (mod main::c 4294967296)))
server:                (not (= 0 main::d))
server:                (not
server:                  (=
server:                    (mod (+ 1 (mod main::d 4294967296)) 4294967296)
server:                    (mod (+ 1 (mod main::e 4294967296)) 4294967296)))
server:                (iff
server:                  (<=
server:                    (+
server:                      (mod (+ 4294967295 (mod main::uint32_max 4294967296)) 4294967296)
server:                      (* -1 (mod main::e 4294967296)))
server:                    0)
server:                  (>= (mod main::e 4294967296) 4294967294))
server:                (not (= main::e (mod (+ 1 (mod main::d 4294967296)) 4294967296)))
server:                (not (= 0 main::e))
server:                (not (= main::e 1))
server:                (<= 1 (mod (+ 1 (mod main::c 4294967296)) 4294967296))
server:                (>= (mod main::e 4294967296) 4294967294))
server:              false
server:              false
server:              false
server:              false
server:              (and
server:                (or
server:                  (not (>= (div main::uint32_max 4294967296) 1))
server:                  (not (>= (mod main::uint32_max 4294967296) 2)))
server:                (>= main::e 0)
server:                (not (<= main::e 0))
server:                (or
server:                  (>= (div main::uint32_max 4294967296) 1)
server:                  (not (<= (mod main::uint32_max 4294967296) 2)))
server:                (not (<= main::c 0))
server:                (>= main::c 0)
server:                (=
server:                  (mod (+ 4294967295 (mod main::uint32_max 4294967296)) 4294967296)
server:                  4294967294)
server:                (not (= 0 main::c))
server:                (iff
server:                  (<=
server:                    (+
server:                      (mod (+ 4294967295 (mod main::uint32_max 4294967296)) 4294967296)
server:                      (* -1 (mod main::d 4294967296)))
server:                    0)
server:                  (>= (mod main::d 4294967296) 4294967294))
server:                (iff
server:                  (<=
server:                    (+
server:                      (mod (+ 4294967295 (mod main::uint32_max 4294967296)) 4294967296)
server:                      (* -1 (mod main::c 4294967296)))
server:                    0)
server:                  (>= (mod main::c 4294967296) 4294967294))
server:                (not (<= 4294967294 (mod main::c 4294967296)))
server:                (not (= 0 main::d))
server:                (iff
server:                  (<=
server:                    (+
server:                      (mod (+ 4294967295 (mod main::uint32_max 4294967296)) 4294967296)
server:                      (* -1 (mod main::e 4294967296)))
server:                    0)
server:                  (>= (mod main::e 4294967296) 4294967294))
server:                (not (= 0 main::e))
server:                (not (= main::e 1))
server:                (<= 1 (mod (+ 1 (mod main::c 4294967296)) 4294967296))
server:                (>= (mod main::e 4294967296) 4294967294))))] 
server:   __loc_129[(PredState (or
server:              (and
server:                (or
server:                  (not (>= (div main::uint32_max 4294967296) 1))
server:                  (not (>= (mod main::uint32_max 4294967296) 2)))
server:                (>= main::e 0)
server:                (<= main::e 0)
server:                (or
server:                  (>= (div main::uint32_max 4294967296) 1)
server:                  (not (<= (mod main::uint32_max 4294967296) 2)))
server:                (<= main::c 0)
server:                (>= main::c 0)
server:                (not
server:                  (or
server:                    (and
server:                      (not
server:                        (<=
server:                          (+
server:                            (* 2147483647 main::e)
server:                            (* 2147483648 main::c)
server:                            (* -2147483648 (mod main::e 4294967296))
server:                            (* -9223372032559808512 (div main::e 4294967296))
server:                            (* -4294967296 (div main::c 4294967296)))
server:                          0))
server:                      (<= main::c 0))
server:                    (and
server:                      (not
server:                        (<=
server:                          (+
server:                            (* -2147483647 main::e)
server:                            (* -2147483648 main::c)
server:                            (* 2147483648 (mod main::e 4294967296))
server:                            (* 9223372032559808512 (div main::e 4294967296))
server:                            (* 4294967296 (div main::c 4294967296)))
server:                          0))
server:                      (>= main::c 0))))
server:                (=
server:                  (mod (+ 4294967295 (mod main::uint32_max 4294967296)) 4294967296)
server:                  4294967294)
server:                (not
server:                  (<=
server:                    (+
server:                      (mod (+ 4294967295 (mod main::uint32_max 4294967296)) 4294967296)
server:                      (* -1 (mod main::d 4294967296)))
server:                    0))
server:                (= 0 main::c)
server:                (=
server:                  (mod (+ 1 (mod main::d 4294967296)) 4294967296)
server:                  (mod (+ 1 (mod main::c 4294967296)) 4294967296))
server:                (iff
server:                  (<=
server:                    (+
server:                      (mod (+ 4294967295 (mod main::uint32_max 4294967296)) 4294967296)
server:                      (* -1 (mod main::d 4294967296)))
server:                    0)
server:                  (>= (mod main::d 4294967296) 4294967294))
server:                (not (= main::d (mod (+ 1 (mod main::c 4294967296)) 4294967296)))
server:                (iff
server:                  (<=
server:                    (+
server:                      (mod (+ 4294967295 (mod main::uint32_max 4294967296)) 4294967296)
server:                      (* -1 (mod main::c 4294967296)))
server:                    0)
server:                  (>= (mod main::c 4294967296) 4294967294))
server:                (not (<= 4294967294 (mod main::c 4294967296)))
server:                (= 0 main::d)
server:                (=
server:                  (mod (+ 1 (mod main::d 4294967296)) 4294967296)
server:                  (mod (+ 1 (mod main::e 4294967296)) 4294967296))
server:                (iff
server:                  (<=
server:                    (+
server:                      (mod (+ 4294967295 (mod main::uint32_max 4294967296)) 4294967296)
server:                      (* -1 (mod main::e 4294967296)))
server:                    0)
server:                  (>= (mod main::e 4294967296) 4294967294))
server:                (not (= main::e (mod (+ 1 (mod main::d 4294967296)) 4294967296)))
server:                (<=
server:                  (+
server:                    (mod (+ 1 (mod main::d 4294967296)) 4294967296)
server:                    (* -1 (mod (+ 1 (mod main::c 4294967296)) 4294967296)))
server:                  0)
server:                (>=
server:                  (+
server:                    (mod (+ 1 (mod main::d 4294967296)) 4294967296)
server:                    (* -1 (mod (+ 1 (mod main::c 4294967296)) 4294967296)))
server:                  0)
server:                (= 0 main::e)
server:                (not (= main::e 1))
server:                (<= 1 (mod (+ 1 (mod main::c 4294967296)) 4294967296))
server:                (not (>= (mod (+ 1 (mod main::e 4294967296)) 4294967296) 4294967294))
server:                (not (>= (mod main::e 4294967296) 4294967294)))
server:              (and
server:                (or
server:                  (not (>= (div main::uint32_max 4294967296) 1))
server:                  (not (>= (mod main::uint32_max 4294967296) 2)))
server:                (>= main::e 0)
server:                (not (<= main::e 0))
server:                (or
server:                  (>= (div main::uint32_max 4294967296) 1)
server:                  (not (<= (mod main::uint32_max 4294967296) 2)))
server:                (<= main::c 0)
server:                (>= main::c 0)
server:                (or
server:                  (and
server:                    (not
server:                      (<=
server:                        (+
server:                          (* 2147483647 main::e)
server:                          (* 2147483648 main::c)
server:                          (* -2147483648 (mod main::e 4294967296))
server:                          (* -9223372032559808512 (div main::e 4294967296))
server:                          (* -4294967296 (div main::c 4294967296)))
server:                        0))
server:                    (<= main::c 0))
server:                  (and
server:                    (not
server:                      (<=
server:                        (+
server:                          (* -2147483647 main::e)
server:                          (* -2147483648 main::c)
server:                          (* 2147483648 (mod main::e 4294967296))
server:                          (* 9223372032559808512 (div main::e 4294967296))
server:                          (* 4294967296 (div main::c 4294967296)))
server:                        0))
server:                    (>= main::c 0)))
server:                (=
server:                  (mod (+ 4294967295 (mod main::uint32_max 4294967296)) 4294967296)
server:                  4294967294)
server:                (not
server:                  (<=
server:                    (+
server:                      (mod (+ 4294967295 (mod main::uint32_max 4294967296)) 4294967296)
server:                      (* -1 (mod main::d 4294967296)))
server:                    0))
server:                (= 0 main::c)
server:                (=
server:                  (mod (+ 1 (mod main::d 4294967296)) 4294967296)
server:                  (mod (+ 1 (mod main::c 4294967296)) 4294967296))
server:                (iff
server:                  (<=
server:                    (+
server:                      (mod (+ 4294967295 (mod main::uint32_max 4294967296)) 4294967296)
server:                      (* -1 (mod main::d 4294967296)))
server:                    0)
server:                  (>= (mod main::d 4294967296) 4294967294))
server:                (not (= main::d (mod (+ 1 (mod main::c 4294967296)) 4294967296)))
server:                (iff
server:                  (<=
server:                    (+
server:                      (mod (+ 4294967295 (mod main::uint32_max 4294967296)) 4294967296)
server:                      (* -1 (mod main::c 4294967296)))
server:                    0)
server:                  (>= (mod main::c 4294967296) 4294967294))
server:                (not (<= 4294967294 (mod main::c 4294967296)))
server:                (= 0 main::d)
server:                (not
server:                  (=
server:                    (mod (+ 1 (mod main::d 4294967296)) 4294967296)
server:                    (mod (+ 1 (mod main::e 4294967296)) 4294967296)))
server:                (iff
server:                  (<=
server:                    (+
server:                      (mod (+ 4294967295 (mod main::uint32_max 4294967296)) 4294967296)
server:                      (* -1 (mod main::e 4294967296)))
server:                    0)
server:                  (>= (mod main::e 4294967296) 4294967294))
server:                (= main::e (mod (+ 1 (mod main::d 4294967296)) 4294967296))
server:                (<=
server:                  (+
server:                    (mod (+ 1 (mod main::d 4294967296)) 4294967296)
server:                    (* -1 (mod (+ 1 (mod main::c 4294967296)) 4294967296)))
server:                  0)
server:                (>=
server:                  (+
server:                    (mod (+ 1 (mod main::d 4294967296)) 4294967296)
server:                    (* -1 (mod (+ 1 (mod main::c 4294967296)) 4294967296)))
server:                  0)
server:                (not (= 0 main::e))
server:                (= main::e 1)
server:                (<= 1 (mod (+ 1 (mod main::c 4294967296)) 4294967296))
server:                (not (>= (mod (+ 1 (mod main::e 4294967296)) 4294967296) 4294967294))
server:                (not (>= (mod main::e 4294967296) 4294967294)))
server:              (and
server:                (or
server:                  (not (>= (div main::uint32_max 4294967296) 1))
server:                  (not (>= (mod main::uint32_max 4294967296) 2)))
server:                (>= main::e 0)
server:                (not (<= main::e 0))
server:                (or
server:                  (>= (div main::uint32_max 4294967296) 1)
server:                  (not (<= (mod main::uint32_max 4294967296) 2)))
server:                (<= main::c 0)
server:                (>= main::c 0)
server:                (or
server:                  (and
server:                    (not
server:                      (<=
server:                        (+
server:                          (* 2147483647 main::e)
server:                          (* 2147483648 main::c)
server:                          (* -2147483648 (mod main::e 4294967296))
server:                          (* -9223372032559808512 (div main::e 4294967296))
server:                          (* -4294967296 (div main::c 4294967296)))
server:                        0))
server:                    (<= main::c 0))
server:                  (and
server:                    (not
server:                      (<=
server:                        (+
server:                          (* -2147483647 main::e)
server:                          (* -2147483648 main::c)
server:                          (* 2147483648 (mod main::e 4294967296))
server:                          (* 9223372032559808512 (div main::e 4294967296))
server:                          (* 4294967296 (div main::c 4294967296)))
server:                        0))
server:                    (>= main::c 0)))
server:                (=
server:                  (mod (+ 4294967295 (mod main::uint32_max 4294967296)) 4294967296)
server:                  4294967294)
server:                (not
server:                  (<=
server:                    (+
server:                      (mod (+ 4294967295 (mod main::uint32_max 4294967296)) 4294967296)
server:                      (* -1 (mod main::d 4294967296)))
server:                    0))
server:                (= 0 main::c)
server:                (=
server:                  (mod (+ 1 (mod main::d 4294967296)) 4294967296)
server:                  (mod (+ 1 (mod main::c 4294967296)) 4294967296))
server:                (iff
server:                  (<=
server:                    (+
server:                      (mod (+ 4294967295 (mod main::uint32_max 4294967296)) 4294967296)
server:                      (* -1 (mod main::d 4294967296)))
server:                    0)
server:                  (>= (mod main::d 4294967296) 4294967294))
server:                (not (= main::d (mod (+ 1 (mod main::c 4294967296)) 4294967296)))
server:                (iff
server:                  (<=
server:                    (+
server:                      (mod (+ 4294967295 (mod main::uint32_max 4294967296)) 4294967296)
server:                      (* -1 (mod main::c 4294967296)))
server:                    0)
server:                  (>= (mod main::c 4294967296) 4294967294))
server:                (not (<= 4294967294 (mod main::c 4294967296)))
server:                (= 0 main::d)
server:                (not
server:                  (=
server:                    (mod (+ 1 (mod main::d 4294967296)) 4294967296)
server:                    (mod (+ 1 (mod main::e 4294967296)) 4294967296)))
server:                (iff
server:                  (<=
server:                    (+
server:                      (mod (+ 4294967295 (mod main::uint32_max 4294967296)) 4294967296)
server:                      (* -1 (mod main::e 4294967296)))
server:                    0)
server:                  (>= (mod main::e 4294967296) 4294967294))
server:                (not (= main::e (mod (+ 1 (mod main::d 4294967296)) 4294967296)))
server:                (<=
server:                  (+
server:                    (mod (+ 1 (mod main::d 4294967296)) 4294967296)
server:                    (* -1 (mod (+ 1 (mod main::c 4294967296)) 4294967296)))
server:                  0)
server:                (>=
server:                  (+
server:                    (mod (+ 1 (mod main::d 4294967296)) 4294967296)
server:                    (* -1 (mod (+ 1 (mod main::c 4294967296)) 4294967296)))
server:                  0)
server:                (not (= 0 main::e))
server:                (not (= main::e 1))
server:                (<= 1 (mod (+ 1 (mod main::c 4294967296)) 4294967296))
server:                (not (>= (mod (+ 1 (mod main::e 4294967296)) 4294967296) 4294967294))
server:                (not (>= (mod main::e 4294967296) 4294967294)))
server:              (and
server:                (or
server:                  (not (>= (div main::uint32_max 4294967296) 1))
server:                  (not (>= (mod main::uint32_max 4294967296) 2)))
server:                (>= main::e 0)
server:                (not (<= main::e 0))
server:                (or
server:                  (>= (div main::uint32_max 4294967296) 1)
server:                  (not (<= (mod main::uint32_max 4294967296) 2)))
server:                (<= main::c 0)
server:                (>= main::c 0)
server:                (or
server:                  (and
server:                    (not
server:                      (<=
server:                        (+
server:                          (* 2147483647 main::e)
server:                          (* 2147483648 main::c)
server:                          (* -2147483648 (mod main::e 4294967296))
server:                          (* -9223372032559808512 (div main::e 4294967296))
server:                          (* -4294967296 (div main::c 4294967296)))
server:                        0))
server:                    (<= main::c 0))
server:                  (and
server:                    (not
server:                      (<=
server:                        (+
server:                          (* -2147483647 main::e)
server:                          (* -2147483648 main::c)
server:                          (* 2147483648 (mod main::e 4294967296))
server:                          (* 9223372032559808512 (div main::e 4294967296))
server:                          (* 4294967296 (div main::c 4294967296)))
server:                        0))
server:                    (>= main::c 0)))
server:                (=
server:                  (mod (+ 4294967295 (mod main::uint32_max 4294967296)) 4294967296)
server:                  4294967294)
server:                (not
server:                  (<=
server:                    (+
server:                      (mod (+ 4294967295 (mod main::uint32_max 4294967296)) 4294967296)
server:                      (* -1 (mod main::d 4294967296)))
server:                    0))
server:                (= 0 main::c)
server:                (=
server:                  (mod (+ 1 (mod main::d 4294967296)) 4294967296)
server:                  (mod (+ 1 (mod main::c 4294967296)) 4294967296))
server:                (iff
server:                  (<=
server:                    (+
server:                      (mod (+ 4294967295 (mod main::uint32_max 4294967296)) 4294967296)
server:                      (* -1 (mod main::d 4294967296)))
server:                    0)
server:                  (>= (mod main::d 4294967296) 4294967294))
server:                (not (= main::d (mod (+ 1 (mod main::c 4294967296)) 4294967296)))
server:                (iff
server:                  (<=
server:                    (+
server:                      (mod (+ 4294967295 (mod main::uint32_max 4294967296)) 4294967296)
server:                      (* -1 (mod main::c 4294967296)))
server:                    0)
server:                  (>= (mod main::c 4294967296) 4294967294))
server:                (not (<= 4294967294 (mod main::c 4294967296)))
server:                (= 0 main::d)
server:                (not
server:                  (=
server:                    (mod (+ 1 (mod main::d 4294967296)) 4294967296)
server:                    (mod (+ 1 (mod main::e 4294967296)) 4294967296)))
server:                (iff
server:                  (<=
server:                    (+
server:                      (mod (+ 4294967295 (mod main::uint32_max 4294967296)) 4294967296)
server:                      (* -1 (mod main::e 4294967296)))
server:                    0)
server:                  (>= (mod main::e 4294967296) 4294967294))
server:                (not (= main::e (mod (+ 1 (mod main::d 4294967296)) 4294967296)))
server:                (<=
server:                  (+
server:                    (mod (+ 1 (mod main::d 4294967296)) 4294967296)
server:                    (* -1 (mod (+ 1 (mod main::c 4294967296)) 4294967296)))
server:                  0)
server:                (>=
server:                  (+
server:                    (mod (+ 1 (mod main::d 4294967296)) 4294967296)
server:                    (* -1 (mod (+ 1 (mod main::c 4294967296)) 4294967296)))
server:                  0)
server:                (not (= 0 main::e))
server:                (not (= main::e 1))
server:                (<= 1 (mod (+ 1 (mod main::c 4294967296)) 4294967296))
server:                (not (>= (mod main::e 4294967296) 4294967294)))
server:              (and
server:                (or
server:                  (not (>= (div main::uint32_max 4294967296) 1))
server:                  (not (>= (mod main::uint32_max 4294967296) 2)))
server:                (>= main::e 0)
server:                (not (<= main::e 0))
server:                (or
server:                  (>= (div main::uint32_max 4294967296) 1)
server:                  (not (<= (mod main::uint32_max 4294967296) 2)))
server:                (<= main::c 0)
server:                (>= main::c 0)
server:                (or
server:                  (and
server:                    (not
server:                      (<=
server:                        (+
server:                          (* 2147483647 main::e)
server:                          (* 2147483648 main::c)
server:                          (* -2147483648 (mod main::e 4294967296))
server:                          (* -9223372032559808512 (div main::e 4294967296))
server:                          (* -4294967296 (div main::c 4294967296)))
server:                        0))
server:                    (<= main::c 0))
server:                  (and
server:                    (not
server:                      (<=
server:                        (+
server:                          (* -2147483647 main::e)
server:                          (* -2147483648 main::c)
server:                          (* 2147483648 (mod main::e 4294967296))
server:                          (* 9223372032559808512 (div main::e 4294967296))
server:                          (* 4294967296 (div main::c 4294967296)))
server:                        0))
server:                    (>= main::c 0)))
server:                (=
server:                  (mod (+ 4294967295 (mod main::uint32_max 4294967296)) 4294967296)
server:                  4294967294)
server:                (not
server:                  (<=
server:                    (+
server:                      (mod (+ 4294967295 (mod main::uint32_max 4294967296)) 4294967296)
server:                      (* -1 (mod main::d 4294967296)))
server:                    0))
server:                (= 0 main::c)
server:                (=
server:                  (mod (+ 1 (mod main::d 4294967296)) 4294967296)
server:                  (mod (+ 1 (mod main::c 4294967296)) 4294967296))
server:                (iff
server:                  (<=
server:                    (+
server:                      (mod (+ 4294967295 (mod main::uint32_max 4294967296)) 4294967296)
server:                      (* -1 (mod main::d 4294967296)))
server:                    0)
server:                  (>= (mod main::d 4294967296) 4294967294))
server:                (not (= main::d (mod (+ 1 (mod main::c 4294967296)) 4294967296)))
server:                (iff
server:                  (<=
server:                    (+
server:                      (mod (+ 4294967295 (mod main::uint32_max 4294967296)) 4294967296)
server:                      (* -1 (mod main::c 4294967296)))
server:                    0)
server:                  (>= (mod main::c 4294967296) 4294967294))
server:                (not (<= 4294967294 (mod main::c 4294967296)))
server:                (= 0 main::d)
server:                (not
server:                  (=
server:                    (mod (+ 1 (mod main::d 4294967296)) 4294967296)
server:                    (mod (+ 1 (mod main::e 4294967296)) 4294967296)))
server:                (iff
server:                  (<=
server:                    (+
server:                      (mod (+ 4294967295 (mod main::uint32_max 4294967296)) 4294967296)
server:                      (* -1 (mod main::e 4294967296)))
server:                    0)
server:                  (>= (mod main::e 4294967296) 4294967294))
server:                (not (= main::e (mod (+ 1 (mod main::d 4294967296)) 4294967296)))
server:                (<=
server:                  (+
server:                    (mod (+ 1 (mod main::d 4294967296)) 4294967296)
server:                    (* -1 (mod (+ 1 (mod main::c 4294967296)) 4294967296)))
server:                  0)
server:                (>=
server:                  (+
server:                    (mod (+ 1 (mod main::d 4294967296)) 4294967296)
server:                    (* -1 (mod (+ 1 (mod main::c 4294967296)) 4294967296)))
server:                  0)
server:                (not (= 0 main::e))
server:                (not (= main::e 1))
server:                (<= 1 (mod (+ 1 (mod main::c 4294967296)) 4294967296)))
server:              (and
server:                (or
server:                  (not (>= (div main::uint32_max 4294967296) 1))
server:                  (not (>= (mod main::uint32_max 4294967296) 2)))
server:                (>= main::e 0)
server:                (<= main::e 0)
server:                (or
server:                  (>= (div main::uint32_max 4294967296) 1)
server:                  (not (<= (mod main::uint32_max 4294967296) 2)))
server:                (<= main::c 0)
server:                (>= main::c 0)
server:                (not
server:                  (or
server:                    (and
server:                      (not
server:                        (<=
server:                          (+
server:                            (* 2147483647 main::e)
server:                            (* 2147483648 main::c)
server:                            (* -2147483648 (mod main::e 4294967296))
server:                            (* -9223372032559808512 (div main::e 4294967296))
server:                            (* -4294967296 (div main::c 4294967296)))
server:                          0))
server:                      (<= main::c 0))
server:                    (and
server:                      (not
server:                        (<=
server:                          (+
server:                            (* -2147483647 main::e)
server:                            (* -2147483648 main::c)
server:                            (* 2147483648 (mod main::e 4294967296))
server:                            (* 9223372032559808512 (div main::e 4294967296))
server:                            (* 4294967296 (div main::c 4294967296)))
server:                          0))
server:                      (>= main::c 0))))
server:                (=
server:                  (mod (+ 4294967295 (mod main::uint32_max 4294967296)) 4294967296)
server:                  4294967294)
server:                (not
server:                  (<=
server:                    (+
server:                      (mod (+ 4294967295 (mod main::uint32_max 4294967296)) 4294967296)
server:                      (* -1 (mod main::d 4294967296)))
server:                    0))
server:                (= 0 main::c)
server:                (not
server:                  (=
server:                    (mod (+ 1 (mod main::d 4294967296)) 4294967296)
server:                    (mod (+ 1 (mod main::c 4294967296)) 4294967296)))
server:                (iff
server:                  (<=
server:                    (+
server:                      (mod (+ 4294967295 (mod main::uint32_max 4294967296)) 4294967296)
server:                      (* -1 (mod main::d 4294967296)))
server:                    0)
server:                  (>= (mod main::d 4294967296) 4294967294))
server:                (= main::d (mod (+ 1 (mod main::c 4294967296)) 4294967296))
server:                (iff
server:                  (<=
server:                    (+
server:                      (mod (+ 4294967295 (mod main::uint32_max 4294967296)) 4294967296)
server:                      (* -1 (mod main::c 4294967296)))
server:                    0)
server:                  (>= (mod main::c 4294967296) 4294967294))
server:                (not (<= 4294967294 (mod main::c 4294967296)))
server:                (not (= 0 main::d))
server:                (not
server:                  (=
server:                    (mod (+ 1 (mod main::d 4294967296)) 4294967296)
server:                    (mod (+ 1 (mod main::e 4294967296)) 4294967296)))
server:                (iff
server:                  (<=
server:                    (+
server:                      (mod (+ 4294967295 (mod main::uint32_max 4294967296)) 4294967296)
server:                      (* -1 (mod main::e 4294967296)))
server:                    0)
server:                  (>= (mod main::e 4294967296) 4294967294))
server:                (not (= main::e (mod (+ 1 (mod main::d 4294967296)) 4294967296)))
server:                (not
server:                  (<=
server:                    (+
server:                      (mod (+ 1 (mod main::d 4294967296)) 4294967296)
server:                      (* -1 (mod (+ 1 (mod main::c 4294967296)) 4294967296)))
server:                    0))
server:                (>=
server:                  (+
server:                    (mod (+ 1 (mod main::d 4294967296)) 4294967296)
server:                    (* -1 (mod (+ 1 (mod main::c 4294967296)) 4294967296)))
server:                  0)
server:                (= 0 main::e)
server:                (not (= main::e 1))
server:                (<= 1 (mod (+ 1 (mod main::c 4294967296)) 4294967296))
server:                (not (>= (mod (+ 1 (mod main::e 4294967296)) 4294967296) 4294967294))
server:                (not (>= (mod main::e 4294967296) 4294967294)))
server:              (and
server:                (or
server:                  (not (>= (div main::uint32_max 4294967296) 1))
server:                  (not (>= (mod main::uint32_max 4294967296) 2)))
server:                (>= main::e 0)
server:                (not (<= main::e 0))
server:                (or
server:                  (>= (div main::uint32_max 4294967296) 1)
server:                  (not (<= (mod main::uint32_max 4294967296) 2)))
server:                (<= main::c 0)
server:                (>= main::c 0)
server:                (or
server:                  (and
server:                    (not
server:                      (<=
server:                        (+
server:                          (* 2147483647 main::e)
server:                          (* 2147483648 main::c)
server:                          (* -2147483648 (mod main::e 4294967296))
server:                          (* -9223372032559808512 (div main::e 4294967296))
server:                          (* -4294967296 (div main::c 4294967296)))
server:                        0))
server:                    (<= main::c 0))
server:                  (and
server:                    (not
server:                      (<=
server:                        (+
server:                          (* -2147483647 main::e)
server:                          (* -2147483648 main::c)
server:                          (* 2147483648 (mod main::e 4294967296))
server:                          (* 9223372032559808512 (div main::e 4294967296))
server:                          (* 4294967296 (div main::c 4294967296)))
server:                        0))
server:                    (>= main::c 0)))
server:                (=
server:                  (mod (+ 4294967295 (mod main::uint32_max 4294967296)) 4294967296)
server:                  4294967294)
server:                (not
server:                  (<=
server:                    (+
server:                      (mod (+ 4294967295 (mod main::uint32_max 4294967296)) 4294967296)
server:                      (* -1 (mod main::d 4294967296)))
server:                    0))
server:                (= 0 main::c)
server:                (not
server:                  (=
server:                    (mod (+ 1 (mod main::d 4294967296)) 4294967296)
server:                    (mod (+ 1 (mod main::c 4294967296)) 4294967296)))
server:                (iff
server:                  (<=
server:                    (+
server:                      (mod (+ 4294967295 (mod main::uint32_max 4294967296)) 4294967296)
server:                      (* -1 (mod main::d 4294967296)))
server:                    0)
server:                  (>= (mod main::d 4294967296) 4294967294))
server:                (= main::d (mod (+ 1 (mod main::c 4294967296)) 4294967296))
server:                (iff
server:                  (<=
server:                    (+
server:                      (mod (+ 4294967295 (mod main::uint32_max 4294967296)) 4294967296)
server:                      (* -1 (mod main::c 4294967296)))
server:                    0)
server:                  (>= (mod main::c 4294967296) 4294967294))
server:                (not (<= 4294967294 (mod main::c 4294967296)))
server:                (not (= 0 main::d))
server:                (=
server:                  (mod (+ 1 (mod main::d 4294967296)) 4294967296)
server:                  (mod (+ 1 (mod main::e 4294967296)) 4294967296))
server:                (iff
server:                  (<=
server:                    (+
server:                      (mod (+ 4294967295 (mod main::uint32_max 4294967296)) 4294967296)
server:                      (* -1 (mod main::e 4294967296)))
server:                    0)
server:                  (>= (mod main::e 4294967296) 4294967294))
server:                (not (= main::e (mod (+ 1 (mod main::d 4294967296)) 4294967296)))
server:                (not
server:                  (<=
server:                    (+
server:                      (mod (+ 1 (mod main::d 4294967296)) 4294967296)
server:                      (* -1 (mod (+ 1 (mod main::c 4294967296)) 4294967296)))
server:                    0))
server:                (>=
server:                  (+
server:                    (mod (+ 1 (mod main::d 4294967296)) 4294967296)
server:                    (* -1 (mod (+ 1 (mod main::c 4294967296)) 4294967296)))
server:                  0)
server:                (not (= 0 main::e))
server:                (= main::e 1)
server:                (<= 1 (mod (+ 1 (mod main::c 4294967296)) 4294967296))
server:                (not (>= (mod (+ 1 (mod main::e 4294967296)) 4294967296) 4294967294))
server:                (not (>= (mod main::e 4294967296) 4294967294)))
server:              (and
server:                (or
server:                  (not (>= (div main::uint32_max 4294967296) 1))
server:                  (not (>= (mod main::uint32_max 4294967296) 2)))
server:                (>= main::e 0)
server:                (not (<= main::e 0))
server:                (or
server:                  (>= (div main::uint32_max 4294967296) 1)
server:                  (not (<= (mod main::uint32_max 4294967296) 2)))
server:                (<= main::c 0)
server:                (>= main::c 0)
server:                (or
server:                  (and
server:                    (not
server:                      (<=
server:                        (+
server:                          (* 2147483647 main::e)
server:                          (* 2147483648 main::c)
server:                          (* -2147483648 (mod main::e 4294967296))
server:                          (* -9223372032559808512 (div main::e 4294967296))
server:                          (* -4294967296 (div main::c 4294967296)))
server:                        0))
server:                    (<= main::c 0))
server:                  (and
server:                    (not
server:                      (<=
server:                        (+
server:                          (* -2147483647 main::e)
server:                          (* -2147483648 main::c)
server:                          (* 2147483648 (mod main::e 4294967296))
server:                          (* 9223372032559808512 (div main::e 4294967296))
server:                          (* 4294967296 (div main::c 4294967296)))
server:                        0))
server:                    (>= main::c 0)))
server:                (=
server:                  (mod (+ 4294967295 (mod main::uint32_max 4294967296)) 4294967296)
server:                  4294967294)
server:                (not
server:                  (<=
server:                    (+
server:                      (mod (+ 4294967295 (mod main::uint32_max 4294967296)) 4294967296)
server:                      (* -1 (mod main::d 4294967296)))
server:                    0))
server:                (= 0 main::c)
server:                (not
server:                  (=
server:                    (mod (+ 1 (mod main::d 4294967296)) 4294967296)
server:                    (mod (+ 1 (mod main::c 4294967296)) 4294967296)))
server:                (iff
server:                  (<=
server:                    (+
server:                      (mod (+ 4294967295 (mod main::uint32_max 4294967296)) 4294967296)
server:                      (* -1 (mod main::d 4294967296)))
server:                    0)
server:                  (>= (mod main::d 4294967296) 4294967294))
server:                (= main::d (mod (+ 1 (mod main::c 4294967296)) 4294967296))
server:                (iff
server:                  (<=
server:                    (+
server:                      (mod (+ 4294967295 (mod main::uint32_max 4294967296)) 4294967296)
server:                      (* -1 (mod main::c 4294967296)))
server:                    0)
server:                  (>= (mod main::c 4294967296) 4294967294))
server:                (not (<= 4294967294 (mod main::c 4294967296)))
server:                (not (= 0 main::d))
server:                (not
server:                  (=
server:                    (mod (+ 1 (mod main::d 4294967296)) 4294967296)
server:                    (mod (+ 1 (mod main::e 4294967296)) 4294967296)))
server:                (iff
server:                  (<=
server:                    (+
server:                      (mod (+ 4294967295 (mod main::uint32_max 4294967296)) 4294967296)
server:                      (* -1 (mod main::e 4294967296)))
server:                    0)
server:                  (>= (mod main::e 4294967296) 4294967294))
server:                (= main::e (mod (+ 1 (mod main::d 4294967296)) 4294967296))
server:                (not
server:                  (<=
server:                    (+
server:                      (mod (+ 1 (mod main::d 4294967296)) 4294967296)
server:                      (* -1 (mod (+ 1 (mod main::c 4294967296)) 4294967296)))
server:                    0))
server:                (>=
server:                  (+
server:                    (mod (+ 1 (mod main::d 4294967296)) 4294967296)
server:                    (* -1 (mod (+ 1 (mod main::c 4294967296)) 4294967296)))
server:                  0)
server:                (not (= 0 main::e))
server:                (not (= main::e 1))
server:                (<= 1 (mod (+ 1 (mod main::c 4294967296)) 4294967296))
server:                (not (>= (mod (+ 1 (mod main::e 4294967296)) 4294967296) 4294967294))
server:                (not (>= (mod main::e 4294967296) 4294967294)))
server:              (and
server:                (or
server:                  (not (>= (div main::uint32_max 4294967296) 1))
server:                  (not (>= (mod main::uint32_max 4294967296) 2)))
server:                (>= main::e 0)
server:                (not (<= main::e 0))
server:                (or
server:                  (>= (div main::uint32_max 4294967296) 1)
server:                  (not (<= (mod main::uint32_max 4294967296) 2)))
server:                (<= main::c 0)
server:                (>= main::c 0)
server:                (or
server:                  (and
server:                    (not
server:                      (<=
server:                        (+
server:                          (* 2147483647 main::e)
server:                          (* 2147483648 main::c)
server:                          (* -2147483648 (mod main::e 4294967296))
server:                          (* -9223372032559808512 (div main::e 4294967296))
server:                          (* -4294967296 (div main::c 4294967296)))
server:                        0))
server:                    (<= main::c 0))
server:                  (and
server:                    (not
server:                      (<=
server:                        (+
server:                          (* -2147483647 main::e)
server:                          (* -2147483648 main::c)
server:                          (* 2147483648 (mod main::e 4294967296))
server:                          (* 9223372032559808512 (div main::e 4294967296))
server:                          (* 4294967296 (div main::c 4294967296)))
server:                        0))
server:                    (>= main::c 0)))
server:                (=
server:                  (mod (+ 4294967295 (mod main::uint32_max 4294967296)) 4294967296)
server:                  4294967294)
server:                (not
server:                  (<=
server:                    (+
server:                      (mod (+ 4294967295 (mod main::uint32_max 4294967296)) 4294967296)
server:                      (* -1 (mod main::d 4294967296)))
server:                    0))
server:                (= 0 main::c)
server:                (not
server:                  (=
server:                    (mod (+ 1 (mod main::d 4294967296)) 4294967296)
server:                    (mod (+ 1 (mod main::c 4294967296)) 4294967296)))
server:                (iff
server:                  (<=
server:                    (+
server:                      (mod (+ 4294967295 (mod main::uint32_max 4294967296)) 4294967296)
server:                      (* -1 (mod main::d 4294967296)))
server:                    0)
server:                  (>= (mod main::d 4294967296) 4294967294))
server:                (= main::d (mod (+ 1 (mod main::c 4294967296)) 4294967296))
server:                (iff
server:                  (<=
server:                    (+
server:                      (mod (+ 4294967295 (mod main::uint32_max 4294967296)) 4294967296)
server:                      (* -1 (mod main::c 4294967296)))
server:                    0)
server:                  (>= (mod main::c 4294967296) 4294967294))
server:                (not (<= 4294967294 (mod main::c 4294967296)))
server:                (not (= 0 main::d))
server:                (not
server:                  (=
server:                    (mod (+ 1 (mod main::d 4294967296)) 4294967296)
server:                    (mod (+ 1 (mod main::e 4294967296)) 4294967296)))
server:                (iff
server:                  (<=
server:                    (+
server:                      (mod (+ 4294967295 (mod main::uint32_max 4294967296)) 4294967296)
server:                      (* -1 (mod main::e 4294967296)))
server:                    0)
server:                  (>= (mod main::e 4294967296) 4294967294))
server:                (not (= main::e (mod (+ 1 (mod main::d 4294967296)) 4294967296)))
server:                (not
server:                  (<=
server:                    (+
server:                      (mod (+ 1 (mod main::d 4294967296)) 4294967296)
server:                      (* -1 (mod (+ 1 (mod main::c 4294967296)) 4294967296)))
server:                    0))
server:                (>=
server:                  (+
server:                    (mod (+ 1 (mod main::d 4294967296)) 4294967296)
server:                    (* -1 (mod (+ 1 (mod main::c 4294967296)) 4294967296)))
server:                  0)
server:                (not (= 0 main::e))
server:                (not (= main::e 1))
server:                (<= 1 (mod (+ 1 (mod main::c 4294967296)) 4294967296))
server:                (not (>= (mod (+ 1 (mod main::e 4294967296)) 4294967296) 4294967294))
server:                (not (>= (mod main::e 4294967296) 4294967294)))
server:              (and
server:                (or
server:                  (not (>= (div main::uint32_max 4294967296) 1))
server:                  (not (>= (mod main::uint32_max 4294967296) 2)))
server:                (>= main::e 0)
server:                (not (<= main::e 0))
server:                (or
server:                  (>= (div main::uint32_max 4294967296) 1)
server:                  (not (<= (mod main::uint32_max 4294967296) 2)))
server:                (<= main::c 0)
server:                (>= main::c 0)
server:                (or
server:                  (and
server:                    (not
server:                      (<=
server:                        (+
server:                          (* 2147483647 main::e)
server:                          (* 2147483648 main::c)
server:                          (* -2147483648 (mod main::e 4294967296))
server:                          (* -9223372032559808512 (div main::e 4294967296))
server:                          (* -4294967296 (div main::c 4294967296)))
server:                        0))
server:                    (<= main::c 0))
server:                  (and
server:                    (not
server:                      (<=
server:                        (+
server:                          (* -2147483647 main::e)
server:                          (* -2147483648 main::c)
server:                          (* 2147483648 (mod main::e 4294967296))
server:                          (* 9223372032559808512 (div main::e 4294967296))
server:                          (* 4294967296 (div main::c 4294967296)))
server:                        0))
server:                    (>= main::c 0)))
server:                (=
server:                  (mod (+ 4294967295 (mod main::uint32_max 4294967296)) 4294967296)
server:                  4294967294)
server:                (not
server:                  (<=
server:                    (+
server:                      (mod (+ 4294967295 (mod main::uint32_max 4294967296)) 4294967296)
server:                      (* -1 (mod main::d 4294967296)))
server:                    0))
server:                (= 0 main::c)
server:                (not
server:                  (=
server:                    (mod (+ 1 (mod main::d 4294967296)) 4294967296)
server:                    (mod (+ 1 (mod main::c 4294967296)) 4294967296)))
server:                (iff
server:                  (<=
server:                    (+
server:                      (mod (+ 4294967295 (mod main::uint32_max 4294967296)) 4294967296)
server:                      (* -1 (mod main::d 4294967296)))
server:                    0)
server:                  (>= (mod main::d 4294967296) 4294967294))
server:                (= main::d (mod (+ 1 (mod main::c 4294967296)) 4294967296))
server:                (iff
server:                  (<=
server:                    (+
server:                      (mod (+ 4294967295 (mod main::uint32_max 4294967296)) 4294967296)
server:                      (* -1 (mod main::c 4294967296)))
server:                    0)
server:                  (>= (mod main::c 4294967296) 4294967294))
server:                (not (<= 4294967294 (mod main::c 4294967296)))
server:                (not (= 0 main::d))
server:                (not
server:                  (=
server:                    (mod (+ 1 (mod main::d 4294967296)) 4294967296)
server:                    (mod (+ 1 (mod main::e 4294967296)) 4294967296)))
server:                (iff
server:                  (<=
server:                    (+
server:                      (mod (+ 4294967295 (mod main::uint32_max 4294967296)) 4294967296)
server:                      (* -1 (mod main::e 4294967296)))
server:                    0)
server:                  (>= (mod main::e 4294967296) 4294967294))
server:                (not (= main::e (mod (+ 1 (mod main::d 4294967296)) 4294967296)))
server:                (not
server:                  (<=
server:                    (+
server:                      (mod (+ 1 (mod main::d 4294967296)) 4294967296)
server:                      (* -1 (mod (+ 1 (mod main::c 4294967296)) 4294967296)))
server:                    0))
server:                (>=
server:                  (+
server:                    (mod (+ 1 (mod main::d 4294967296)) 4294967296)
server:                    (* -1 (mod (+ 1 (mod main::c 4294967296)) 4294967296)))
server:                  0)
server:                (not (= 0 main::e))
server:                (not (= main::e 1))
server:                (<= 1 (mod (+ 1 (mod main::c 4294967296)) 4294967296))
server:                (not (>= (mod main::e 4294967296) 4294967294)))
server:              (and
server:                (or
server:                  (not (>= (div main::uint32_max 4294967296) 1))
server:                  (not (>= (mod main::uint32_max 4294967296) 2)))
server:                (>= main::e 0)
server:                (not (<= main::e 0))
server:                (or
server:                  (>= (div main::uint32_max 4294967296) 1)
server:                  (not (<= (mod main::uint32_max 4294967296) 2)))
server:                (<= main::c 0)
server:                (>= main::c 0)
server:                (or
server:                  (and
server:                    (not
server:                      (<=
server:                        (+
server:                          (* 2147483647 main::e)
server:                          (* 2147483648 main::c)
server:                          (* -2147483648 (mod main::e 4294967296))
server:                          (* -9223372032559808512 (div main::e 4294967296))
server:                          (* -4294967296 (div main::c 4294967296)))
server:                        0))
server:                    (<= main::c 0))
server:                  (and
server:                    (not
server:                      (<=
server:                        (+
server:                          (* -2147483647 main::e)
server:                          (* -2147483648 main::c)
server:                          (* 2147483648 (mod main::e 4294967296))
server:                          (* 9223372032559808512 (div main::e 4294967296))
server:                          (* 4294967296 (div main::c 4294967296)))
server:                        0))
server:                    (>= main::c 0)))
server:                (=
server:                  (mod (+ 4294967295 (mod main::uint32_max 4294967296)) 4294967296)
server:                  4294967294)
server:                (not
server:                  (<=
server:                    (+
server:                      (mod (+ 4294967295 (mod main::uint32_max 4294967296)) 4294967296)
server:                      (* -1 (mod main::d 4294967296)))
server:                    0))
server:                (= 0 main::c)
server:                (not
server:                  (=
server:                    (mod (+ 1 (mod main::d 4294967296)) 4294967296)
server:                    (mod (+ 1 (mod main::c 4294967296)) 4294967296)))
server:                (iff
server:                  (<=
server:                    (+
server:                      (mod (+ 4294967295 (mod main::uint32_max 4294967296)) 4294967296)
server:                      (* -1 (mod main::d 4294967296)))
server:                    0)
server:                  (>= (mod main::d 4294967296) 4294967294))
server:                (= main::d (mod (+ 1 (mod main::c 4294967296)) 4294967296))
server:                (iff
server:                  (<=
server:                    (+
server:                      (mod (+ 4294967295 (mod main::uint32_max 4294967296)) 4294967296)
server:                      (* -1 (mod main::c 4294967296)))
server:                    0)
server:                  (>= (mod main::c 4294967296) 4294967294))
server:                (not (<= 4294967294 (mod main::c 4294967296)))
server:                (not (= 0 main::d))
server:                (not
server:                  (=
server:                    (mod (+ 1 (mod main::d 4294967296)) 4294967296)
server:                    (mod (+ 1 (mod main::e 4294967296)) 4294967296)))
server:                (iff
server:                  (<=
server:                    (+
server:                      (mod (+ 4294967295 (mod main::uint32_max 4294967296)) 4294967296)
server:                      (* -1 (mod main::e 4294967296)))
server:                    0)
server:                  (>= (mod main::e 4294967296) 4294967294))
server:                (not (= main::e (mod (+ 1 (mod main::d 4294967296)) 4294967296)))
server:                (not
server:                  (<=
server:                    (+
server:                      (mod (+ 1 (mod main::d 4294967296)) 4294967296)
server:                      (* -1 (mod (+ 1 (mod main::c 4294967296)) 4294967296)))
server:                    0))
server:                (>=
server:                  (+
server:                    (mod (+ 1 (mod main::d 4294967296)) 4294967296)
server:                    (* -1 (mod (+ 1 (mod main::c 4294967296)) 4294967296)))
server:                  0)
server:                (not (= 0 main::e))
server:                (not (= main::e 1))
server:                (<= 1 (mod (+ 1 (mod main::c 4294967296)) 4294967296)))
server:              (and
server:                (or
server:                  (not (>= (div main::uint32_max 4294967296) 1))
server:                  (not (>= (mod main::uint32_max 4294967296) 2)))
server:                (>= main::e 0)
server:                (<= main::e 0)
server:                (or
server:                  (>= (div main::uint32_max 4294967296) 1)
server:                  (not (<= (mod main::uint32_max 4294967296) 2)))
server:                (<= main::c 0)
server:                (>= main::c 0)
server:                (not
server:                  (or
server:                    (and
server:                      (not
server:                        (<=
server:                          (+
server:                            (* 2147483647 main::e)
server:                            (* 2147483648 main::c)
server:                            (* -2147483648 (mod main::e 4294967296))
server:                            (* -9223372032559808512 (div main::e 4294967296))
server:                            (* -4294967296 (div main::c 4294967296)))
server:                          0))
server:                      (<= main::c 0))
server:                    (and
server:                      (not
server:                        (<=
server:                          (+
server:                            (* -2147483647 main::e)
server:                            (* -2147483648 main::c)
server:                            (* 2147483648 (mod main::e 4294967296))
server:                            (* 9223372032559808512 (div main::e 4294967296))
server:                            (* 4294967296 (div main::c 4294967296)))
server:                          0))
server:                      (>= main::c 0))))
server:                (=
server:                  (mod (+ 4294967295 (mod main::uint32_max 4294967296)) 4294967296)
server:                  4294967294)
server:                (not
server:                  (<=
server:                    (+
server:                      (mod (+ 4294967295 (mod main::uint32_max 4294967296)) 4294967296)
server:                      (* -1 (mod main::d 4294967296)))
server:                    0))
server:                (= 0 main::c)
server:                (not
server:                  (=
server:                    (mod (+ 1 (mod main::d 4294967296)) 4294967296)
server:                    (mod (+ 1 (mod main::c 4294967296)) 4294967296)))
server:                (iff
server:                  (<=
server:                    (+
server:                      (mod (+ 4294967295 (mod main::uint32_max 4294967296)) 4294967296)
server:                      (* -1 (mod main::d 4294967296)))
server:                    0)
server:                  (>= (mod main::d 4294967296) 4294967294))
server:                (not (= main::d (mod (+ 1 (mod main::c 4294967296)) 4294967296)))
server:                (iff
server:                  (<=
server:                    (+
server:                      (mod (+ 4294967295 (mod main::uint32_max 4294967296)) 4294967296)
server:                      (* -1 (mod main::c 4294967296)))
server:                    0)
server:                  (>= (mod main::c 4294967296) 4294967294))
server:                (not (<= 4294967294 (mod main::c 4294967296)))
server:                (not (= 0 main::d))
server:                (not
server:                  (=
server:                    (mod (+ 1 (mod main::d 4294967296)) 4294967296)
server:                    (mod (+ 1 (mod main::e 4294967296)) 4294967296)))
server:                (iff
server:                  (<=
server:                    (+
server:                      (mod (+ 4294967295 (mod main::uint32_max 4294967296)) 4294967296)
server:                      (* -1 (mod main::e 4294967296)))
server:                    0)
server:                  (>= (mod main::e 4294967296) 4294967294))
server:                (not (= main::e (mod (+ 1 (mod main::d 4294967296)) 4294967296)))
server:                (not
server:                  (<=
server:                    (+
server:                      (mod (+ 1 (mod main::d 4294967296)) 4294967296)
server:                      (* -1 (mod (+ 1 (mod main::c 4294967296)) 4294967296)))
server:                    0))
server:                (>=
server:                  (+
server:                    (mod (+ 1 (mod main::d 4294967296)) 4294967296)
server:                    (* -1 (mod (+ 1 (mod main::c 4294967296)) 4294967296)))
server:                  0)
server:                (= 0 main::e)
server:                (not (= main::e 1))
server:                (<= 1 (mod (+ 1 (mod main::c 4294967296)) 4294967296))
server:                (not (>= (mod (+ 1 (mod main::e 4294967296)) 4294967296) 4294967294))
server:                (not (>= (mod main::e 4294967296) 4294967294)))
server:              (and
server:                (or
server:                  (not (>= (div main::uint32_max 4294967296) 1))
server:                  (not (>= (mod main::uint32_max 4294967296) 2)))
server:                (>= main::e 0)
server:                (not (<= main::e 0))
server:                (or
server:                  (>= (div main::uint32_max 4294967296) 1)
server:                  (not (<= (mod main::uint32_max 4294967296) 2)))
server:                (<= main::c 0)
server:                (>= main::c 0)
server:                (or
server:                  (and
server:                    (not
server:                      (<=
server:                        (+
server:                          (* 2147483647 main::e)
server:                          (* 2147483648 main::c)
server:                          (* -2147483648 (mod main::e 4294967296))
server:                          (* -9223372032559808512 (div main::e 4294967296))
server:                          (* -4294967296 (div main::c 4294967296)))
server:                        0))
server:                    (<= main::c 0))
server:                  (and
server:                    (not
server:                      (<=
server:                        (+
server:                          (* -2147483647 main::e)
server:                          (* -2147483648 main::c)
server:                          (* 2147483648 (mod main::e 4294967296))
server:                          (* 9223372032559808512 (div main::e 4294967296))
server:                          (* 4294967296 (div main::c 4294967296)))
server:                        0))
server:                    (>= main::c 0)))
server:                (=
server:                  (mod (+ 4294967295 (mod main::uint32_max 4294967296)) 4294967296)
server:                  4294967294)
server:                (not
server:                  (<=
server:                    (+
server:                      (mod (+ 4294967295 (mod main::uint32_max 4294967296)) 4294967296)
server:                      (* -1 (mod main::d 4294967296)))
server:                    0))
server:                (= 0 main::c)
server:                (not
server:                  (=
server:                    (mod (+ 1 (mod main::d 4294967296)) 4294967296)
server:                    (mod (+ 1 (mod main::c 4294967296)) 4294967296)))
server:                (iff
server:                  (<=
server:                    (+
server:                      (mod (+ 4294967295 (mod main::uint32_max 4294967296)) 4294967296)
server:                      (* -1 (mod main::d 4294967296)))
server:                    0)
server:                  (>= (mod main::d 4294967296) 4294967294))
server:                (not (= main::d (mod (+ 1 (mod main::c 4294967296)) 4294967296)))
server:                (iff
server:                  (<=
server:                    (+
server:                      (mod (+ 4294967295 (mod main::uint32_max 4294967296)) 4294967296)
server:                      (* -1 (mod main::c 4294967296)))
server:                    0)
server:                  (>= (mod main::c 4294967296) 4294967294))
server:                (not (<= 4294967294 (mod main::c 4294967296)))
server:                (not (= 0 main::d))
server:                (iff
server:                  (<=
server:                    (+
server:                      (mod (+ 4294967295 (mod main::uint32_max 4294967296)) 4294967296)
server:                      (* -1 (mod main::e 4294967296)))
server:                    0)
server:                  (>= (mod main::e 4294967296) 4294967294))
server:                (not (= main::e (mod (+ 1 (mod main::d 4294967296)) 4294967296)))
server:                (not
server:                  (<=
server:                    (+
server:                      (mod (+ 1 (mod main::d 4294967296)) 4294967296)
server:                      (* -1 (mod (+ 1 (mod main::c 4294967296)) 4294967296)))
server:                    0))
server:                (>=
server:                  (+
server:                    (mod (+ 1 (mod main::d 4294967296)) 4294967296)
server:                    (* -1 (mod (+ 1 (mod main::c 4294967296)) 4294967296)))
server:                  0)
server:                (not (= 0 main::e))
server:                (= main::e 1)
server:                (<= 1 (mod (+ 1 (mod main::c 4294967296)) 4294967296))
server:                (not (>= (mod (+ 1 (mod main::e 4294967296)) 4294967296) 4294967294))
server:                (not (>= (mod main::e 4294967296) 4294967294)))
server:              (and
server:                (or
server:                  (not (>= (div main::uint32_max 4294967296) 1))
server:                  (not (>= (mod main::uint32_max 4294967296) 2)))
server:                (>= main::e 0)
server:                (not (<= main::e 0))
server:                (or
server:                  (>= (div main::uint32_max 4294967296) 1)
server:                  (not (<= (mod main::uint32_max 4294967296) 2)))
server:                (<= main::c 0)
server:                (>= main::c 0)
server:                (or
server:                  (and
server:                    (not
server:                      (<=
server:                        (+
server:                          (* 2147483647 main::e)
server:                          (* 2147483648 main::c)
server:                          (* -2147483648 (mod main::e 4294967296))
server:                          (* -9223372032559808512 (div main::e 4294967296))
server:                          (* -4294967296 (div main::c 4294967296)))
server:                        0))
server:                    (<= main::c 0))
server:                  (and
server:                    (not
server:                      (<=
server:                        (+
server:                          (* -2147483647 main::e)
server:                          (* -2147483648 main::c)
server:                          (* 2147483648 (mod main::e 4294967296))
server:                          (* 9223372032559808512 (div main::e 4294967296))
server:                          (* 4294967296 (div main::c 4294967296)))
server:                        0))
server:                    (>= main::c 0)))
server:                (=
server:                  (mod (+ 4294967295 (mod main::uint32_max 4294967296)) 4294967296)
server:                  4294967294)
server:                (not
server:                  (<=
server:                    (+
server:                      (mod (+ 4294967295 (mod main::uint32_max 4294967296)) 4294967296)
server:                      (* -1 (mod main::d 4294967296)))
server:                    0))
server:                (= 0 main::c)
server:                (not
server:                  (=
server:                    (mod (+ 1 (mod main::d 4294967296)) 4294967296)
server:                    (mod (+ 1 (mod main::c 4294967296)) 4294967296)))
server:                (iff
server:                  (<=
server:                    (+
server:                      (mod (+ 4294967295 (mod main::uint32_max 4294967296)) 4294967296)
server:                      (* -1 (mod main::d 4294967296)))
server:                    0)
server:                  (>= (mod main::d 4294967296) 4294967294))
server:                (not (= main::d (mod (+ 1 (mod main::c 4294967296)) 4294967296)))
server:                (iff
server:                  (<=
server:                    (+
server:                      (mod (+ 4294967295 (mod main::uint32_max 4294967296)) 4294967296)
server:                      (* -1 (mod main::c 4294967296)))
server:                    0)
server:                  (>= (mod main::c 4294967296) 4294967294))
server:                (not (<= 4294967294 (mod main::c 4294967296)))
server:                (not (= 0 main::d))
server:                (iff
server:                  (<=
server:                    (+
server:                      (mod (+ 4294967295 (mod main::uint32_max 4294967296)) 4294967296)
server:                      (* -1 (mod main::e 4294967296)))
server:                    0)
server:                  (>= (mod main::e 4294967296) 4294967294))
server:                (not
server:                  (<=
server:                    (+
server:                      (mod (+ 1 (mod main::d 4294967296)) 4294967296)
server:                      (* -1 (mod (+ 1 (mod main::c 4294967296)) 4294967296)))
server:                    0))
server:                (>=
server:                  (+
server:                    (mod (+ 1 (mod main::d 4294967296)) 4294967296)
server:                    (* -1 (mod (+ 1 (mod main::c 4294967296)) 4294967296)))
server:                  0)
server:                (not (= 0 main::e))
server:                (not (= main::e 1))
server:                (<= 1 (mod (+ 1 (mod main::c 4294967296)) 4294967296))
server:                (not (>= (mod (+ 1 (mod main::e 4294967296)) 4294967296) 4294967294))
server:                (not (>= (mod main::e 4294967296) 4294967294)))
server:              (and
server:                (or
server:                  (not (>= (div main::uint32_max 4294967296) 1))
server:                  (not (>= (mod main::uint32_max 4294967296) 2)))
server:                (>= main::e 0)
server:                (not (<= main::e 0))
server:                (or
server:                  (>= (div main::uint32_max 4294967296) 1)
server:                  (not (<= (mod main::uint32_max 4294967296) 2)))
server:                (<= main::c 0)
server:                (>= main::c 0)
server:                (or
server:                  (and
server:                    (not
server:                      (<=
server:                        (+
server:                          (* 2147483647 main::e)
server:                          (* 2147483648 main::c)
server:                          (* -2147483648 (mod main::e 4294967296))
server:                          (* -9223372032559808512 (div main::e 4294967296))
server:                          (* -4294967296 (div main::c 4294967296)))
server:                        0))
server:                    (<= main::c 0))
server:                  (and
server:                    (not
server:                      (<=
server:                        (+
server:                          (* -2147483647 main::e)
server:                          (* -2147483648 main::c)
server:                          (* 2147483648 (mod main::e 4294967296))
server:                          (* 9223372032559808512 (div main::e 4294967296))
server:                          (* 4294967296 (div main::c 4294967296)))
server:                        0))
server:                    (>= main::c 0)))
server:                (=
server:                  (mod (+ 4294967295 (mod main::uint32_max 4294967296)) 4294967296)
server:                  4294967294)
server:                (not
server:                  (<=
server:                    (+
server:                      (mod (+ 4294967295 (mod main::uint32_max 4294967296)) 4294967296)
server:                      (* -1 (mod main::d 4294967296)))
server:                    0))
server:                (= 0 main::c)
server:                (not
server:                  (=
server:                    (mod (+ 1 (mod main::d 4294967296)) 4294967296)
server:                    (mod (+ 1 (mod main::c 4294967296)) 4294967296)))
server:                (iff
server:                  (<=
server:                    (+
server:                      (mod (+ 4294967295 (mod main::uint32_max 4294967296)) 4294967296)
server:                      (* -1 (mod main::d 4294967296)))
server:                    0)
server:                  (>= (mod main::d 4294967296) 4294967294))
server:                (not (= main::d (mod (+ 1 (mod main::c 4294967296)) 4294967296)))
server:                (iff
server:                  (<=
server:                    (+
server:                      (mod (+ 4294967295 (mod main::uint32_max 4294967296)) 4294967296)
server:                      (* -1 (mod main::c 4294967296)))
server:                    0)
server:                  (>= (mod main::c 4294967296) 4294967294))
server:                (not (<= 4294967294 (mod main::c 4294967296)))
server:                (not (= 0 main::d))
server:                (iff
server:                  (<=
server:                    (+
server:                      (mod (+ 4294967295 (mod main::uint32_max 4294967296)) 4294967296)
server:                      (* -1 (mod main::e 4294967296)))
server:                    0)
server:                  (>= (mod main::e 4294967296) 4294967294))
server:                (not
server:                  (<=
server:                    (+
server:                      (mod (+ 1 (mod main::d 4294967296)) 4294967296)
server:                      (* -1 (mod (+ 1 (mod main::c 4294967296)) 4294967296)))
server:                    0))
server:                (>=
server:                  (+
server:                    (mod (+ 1 (mod main::d 4294967296)) 4294967296)
server:                    (* -1 (mod (+ 1 (mod main::c 4294967296)) 4294967296)))
server:                  0)
server:                (not (= 0 main::e))
server:                (not (= main::e 1))
server:                (<= 1 (mod (+ 1 (mod main::c 4294967296)) 4294967296))
server:                (not (>= (mod main::e 4294967296) 4294967294)))
server:              (and
server:                (or
server:                  (not (>= (div main::uint32_max 4294967296) 1))
server:                  (not (>= (mod main::uint32_max 4294967296) 2)))
server:                (>= main::e 0)
server:                (not (<= main::e 0))
server:                (or
server:                  (>= (div main::uint32_max 4294967296) 1)
server:                  (not (<= (mod main::uint32_max 4294967296) 2)))
server:                (<= main::c 0)
server:                (>= main::c 0)
server:                (or
server:                  (and
server:                    (not
server:                      (<=
server:                        (+
server:                          (* 2147483647 main::e)
server:                          (* 2147483648 main::c)
server:                          (* -2147483648 (mod main::e 4294967296))
server:                          (* -9223372032559808512 (div main::e 4294967296))
server:                          (* -4294967296 (div main::c 4294967296)))
server:                        0))
server:                    (<= main::c 0))
server:                  (and
server:                    (not
server:                      (<=
server:                        (+
server:                          (* -2147483647 main::e)
server:                          (* -2147483648 main::c)
server:                          (* 2147483648 (mod main::e 4294967296))
server:                          (* 9223372032559808512 (div main::e 4294967296))
server:                          (* 4294967296 (div main::c 4294967296)))
server:                        0))
server:                    (>= main::c 0)))
server:                (=
server:                  (mod (+ 4294967295 (mod main::uint32_max 4294967296)) 4294967296)
server:                  4294967294)
server:                (not
server:                  (<=
server:                    (+
server:                      (mod (+ 4294967295 (mod main::uint32_max 4294967296)) 4294967296)
server:                      (* -1 (mod main::d 4294967296)))
server:                    0))
server:                (= 0 main::c)
server:                (not
server:                  (=
server:                    (mod (+ 1 (mod main::d 4294967296)) 4294967296)
server:                    (mod (+ 1 (mod main::c 4294967296)) 4294967296)))
server:                (iff
server:                  (<=
server:                    (+
server:                      (mod (+ 4294967295 (mod main::uint32_max 4294967296)) 4294967296)
server:                      (* -1 (mod main::d 4294967296)))
server:                    0)
server:                  (>= (mod main::d 4294967296) 4294967294))
server:                (not (= main::d (mod (+ 1 (mod main::c 4294967296)) 4294967296)))
server:                (iff
server:                  (<=
server:                    (+
server:                      (mod (+ 4294967295 (mod main::uint32_max 4294967296)) 4294967296)
server:                      (* -1 (mod main::c 4294967296)))
server:                    0)
server:                  (>= (mod main::c 4294967296) 4294967294))
server:                (not (<= 4294967294 (mod main::c 4294967296)))
server:                (not (= 0 main::d))
server:                (iff
server:                  (<=
server:                    (+
server:                      (mod (+ 4294967295 (mod main::uint32_max 4294967296)) 4294967296)
server:                      (* -1 (mod main::e 4294967296)))
server:                    0)
server:                  (>= (mod main::e 4294967296) 4294967294))
server:                (not
server:                  (<=
server:                    (+
server:                      (mod (+ 1 (mod main::d 4294967296)) 4294967296)
server:                      (* -1 (mod (+ 1 (mod main::c 4294967296)) 4294967296)))
server:                    0))
server:                (>=
server:                  (+
server:                    (mod (+ 1 (mod main::d 4294967296)) 4294967296)
server:                    (* -1 (mod (+ 1 (mod main::c 4294967296)) 4294967296)))
server:                  0)
server:                (not (= 0 main::e))
server:                (not (= main::e 1))
server:                (<= 1 (mod (+ 1 (mod main::c 4294967296)) 4294967296)))
server:              (and
server:                (or
server:                  (not (>= (div main::uint32_max 4294967296) 1))
server:                  (not (>= (mod main::uint32_max 4294967296) 2)))
server:                (>= main::e 0)
server:                (<= main::e 0)
server:                (or
server:                  (>= (div main::uint32_max 4294967296) 1)
server:                  (not (<= (mod main::uint32_max 4294967296) 2)))
server:                (<= main::c 0)
server:                (>= main::c 0)
server:                (not
server:                  (or
server:                    (and
server:                      (not
server:                        (<=
server:                          (+
server:                            (* 2147483647 main::e)
server:                            (* 2147483648 main::c)
server:                            (* -2147483648 (mod main::e 4294967296))
server:                            (* -9223372032559808512 (div main::e 4294967296))
server:                            (* -4294967296 (div main::c 4294967296)))
server:                          0))
server:                      (<= main::c 0))
server:                    (and
server:                      (not
server:                        (<=
server:                          (+
server:                            (* -2147483647 main::e)
server:                            (* -2147483648 main::c)
server:                            (* 2147483648 (mod main::e 4294967296))
server:                            (* 9223372032559808512 (div main::e 4294967296))
server:                            (* 4294967296 (div main::c 4294967296)))
server:                          0))
server:                      (>= main::c 0))))
server:                (=
server:                  (mod (+ 4294967295 (mod main::uint32_max 4294967296)) 4294967296)
server:                  4294967294)
server:                (not
server:                  (<=
server:                    (+
server:                      (mod (+ 4294967295 (mod main::uint32_max 4294967296)) 4294967296)
server:                      (* -1 (mod main::d 4294967296)))
server:                    0))
server:                (= 0 main::c)
server:                (not
server:                  (=
server:                    (mod (+ 1 (mod main::d 4294967296)) 4294967296)
server:                    (mod (+ 1 (mod main::c 4294967296)) 4294967296)))
server:                (iff
server:                  (<=
server:                    (+
server:                      (mod (+ 4294967295 (mod main::uint32_max 4294967296)) 4294967296)
server:                      (* -1 (mod main::d 4294967296)))
server:                    0)
server:                  (>= (mod main::d 4294967296) 4294967294))
server:                (not (= main::d (mod (+ 1 (mod main::c 4294967296)) 4294967296)))
server:                (iff
server:                  (<=
server:                    (+
server:                      (mod (+ 4294967295 (mod main::uint32_max 4294967296)) 4294967296)
server:                      (* -1 (mod main::c 4294967296)))
server:                    0)
server:                  (>= (mod main::c 4294967296) 4294967294))
server:                (not (<= 4294967294 (mod main::c 4294967296)))
server:                (not (= 0 main::d))
server:                (not
server:                  (=
server:                    (mod (+ 1 (mod main::d 4294967296)) 4294967296)
server:                    (mod (+ 1 (mod main::e 4294967296)) 4294967296)))
server:                (iff
server:                  (<=
server:                    (+
server:                      (mod (+ 4294967295 (mod main::uint32_max 4294967296)) 4294967296)
server:                      (* -1 (mod main::e 4294967296)))
server:                    0)
server:                  (>= (mod main::e 4294967296) 4294967294))
server:                (not (= main::e (mod (+ 1 (mod main::d 4294967296)) 4294967296)))
server:                (not
server:                  (<=
server:                    (+
server:                      (mod (+ 1 (mod main::d 4294967296)) 4294967296)
server:                      (* -1 (mod (+ 1 (mod main::c 4294967296)) 4294967296)))
server:                    0))
server:                (>=
server:                  (+
server:                    (mod (+ 1 (mod main::d 4294967296)) 4294967296)
server:                    (* -1 (mod (+ 1 (mod main::c 4294967296)) 4294967296)))
server:                  0)
server:                (= 0 main::e)
server:                (not (= main::e 1))
server:                (<= 1 (mod (+ 1 (mod main::c 4294967296)) 4294967296))
server:                (not (>= (mod (+ 1 (mod main::e 4294967296)) 4294967296) 4294967294))
server:                (not (>= (mod main::e 4294967296) 4294967294)))
server:              (and
server:                (or
server:                  (not (>= (div main::uint32_max 4294967296) 1))
server:                  (not (>= (mod main::uint32_max 4294967296) 2)))
server:                (>= main::e 0)
server:                (<= main::e 0)
server:                (or
server:                  (>= (div main::uint32_max 4294967296) 1)
server:                  (not (<= (mod main::uint32_max 4294967296) 2)))
server:                (not (<= main::c 0))
server:                (>= main::c 0)
server:                (not
server:                  (or
server:                    (and
server:                      (not
server:                        (<=
server:                          (+
server:                            (* 2147483647 main::e)
server:                            (* 2147483648 main::c)
server:                            (* -2147483648 (mod main::e 4294967296))
server:                            (* -9223372032559808512 (div main::e 4294967296))
server:                            (* -4294967296 (div main::c 4294967296)))
server:                          0))
server:                      (<= main::c 0))
server:                    (and
server:                      (not
server:                        (<=
server:                          (+
server:                            (* -2147483647 main::e)
server:                            (* -2147483648 main::c)
server:                            (* 2147483648 (mod main::e 4294967296))
server:                            (* 9223372032559808512 (div main::e 4294967296))
server:                            (* 4294967296 (div main::c 4294967296)))
server:                          0))
server:                      (>= main::c 0))))
server:                (=
server:                  (mod (+ 4294967295 (mod main::uint32_max 4294967296)) 4294967296)
server:                  4294967294)
server:                (not
server:                  (<=
server:                    (+
server:                      (mod (+ 4294967295 (mod main::uint32_max 4294967296)) 4294967296)
server:                      (* -1 (mod main::d 4294967296)))
server:                    0))
server:                (not (= 0 main::c))
server:                (not
server:                  (=
server:                    (mod (+ 1 (mod main::d 4294967296)) 4294967296)
server:                    (mod (+ 1 (mod main::c 4294967296)) 4294967296)))
server:                (iff
server:                  (<=
server:                    (+
server:                      (mod (+ 4294967295 (mod main::uint32_max 4294967296)) 4294967296)
server:                      (* -1 (mod main::d 4294967296)))
server:                    0)
server:                  (>= (mod main::d 4294967296) 4294967294))
server:                (not (= main::d (mod (+ 1 (mod main::c 4294967296)) 4294967296)))
server:                (iff
server:                  (<=
server:                    (+
server:                      (mod (+ 4294967295 (mod main::uint32_max 4294967296)) 4294967296)
server:                      (* -1 (mod main::c 4294967296)))
server:                    0)
server:                  (>= (mod main::c 4294967296) 4294967294))
server:                (not (<= 4294967294 (mod main::c 4294967296)))
server:                (= 0 main::d)
server:                (=
server:                  (mod (+ 1 (mod main::d 4294967296)) 4294967296)
server:                  (mod (+ 1 (mod main::e 4294967296)) 4294967296))
server:                (iff
server:                  (<=
server:                    (+
server:                      (mod (+ 4294967295 (mod main::uint32_max 4294967296)) 4294967296)
server:                      (* -1 (mod main::e 4294967296)))
server:                    0)
server:                  (>= (mod main::e 4294967296) 4294967294))
server:                (not (= main::e (mod (+ 1 (mod main::d 4294967296)) 4294967296)))
server:                (<=
server:                  (+
server:                    (mod (+ 1 (mod main::d 4294967296)) 4294967296)
server:                    (* -1 (mod (+ 1 (mod main::c 4294967296)) 4294967296)))
server:                  0)
server:                (not
server:                  (>=
server:                    (+
server:                      (mod (+ 1 (mod main::d 4294967296)) 4294967296)
server:                      (* -1 (mod (+ 1 (mod main::c 4294967296)) 4294967296)))
server:                    0))
server:                (= 0 main::e)
server:                (not (= main::e 1))
server:                (<= 1 (mod (+ 1 (mod main::c 4294967296)) 4294967296))
server:                (not (>= (mod (+ 1 (mod main::e 4294967296)) 4294967296) 4294967294))
server:                (not (>= (mod main::e 4294967296) 4294967294)))
server:              (and
server:                (or
server:                  (not (>= (div main::uint32_max 4294967296) 1))
server:                  (not (>= (mod main::uint32_max 4294967296) 2)))
server:                (>= main::e 0)
server:                (not (<= main::e 0))
server:                (or
server:                  (>= (div main::uint32_max 4294967296) 1)
server:                  (not (<= (mod main::uint32_max 4294967296) 2)))
server:                (not (<= main::c 0))
server:                (>= main::c 0)
server:                (not
server:                  (or
server:                    (and
server:                      (not
server:                        (<=
server:                          (+
server:                            (* 2147483647 main::e)
server:                            (* 2147483648 main::c)
server:                            (* -2147483648 (mod main::e 4294967296))
server:                            (* -9223372032559808512 (div main::e 4294967296))
server:                            (* -4294967296 (div main::c 4294967296)))
server:                          0))
server:                      (<= main::c 0))
server:                    (and
server:                      (not
server:                        (<=
server:                          (+
server:                            (* -2147483647 main::e)
server:                            (* -2147483648 main::c)
server:                            (* 2147483648 (mod main::e 4294967296))
server:                            (* 9223372032559808512 (div main::e 4294967296))
server:                            (* 4294967296 (div main::c 4294967296)))
server:                          0))
server:                      (>= main::c 0))))
server:                (=
server:                  (mod (+ 4294967295 (mod main::uint32_max 4294967296)) 4294967296)
server:                  4294967294)
server:                (not
server:                  (<=
server:                    (+
server:                      (mod (+ 4294967295 (mod main::uint32_max 4294967296)) 4294967296)
server:                      (* -1 (mod main::d 4294967296)))
server:                    0))
server:                (not (= 0 main::c))
server:                (not
server:                  (=
server:                    (mod (+ 1 (mod main::d 4294967296)) 4294967296)
server:                    (mod (+ 1 (mod main::c 4294967296)) 4294967296)))
server:                (iff
server:                  (<=
server:                    (+
server:                      (mod (+ 4294967295 (mod main::uint32_max 4294967296)) 4294967296)
server:                      (* -1 (mod main::d 4294967296)))
server:                    0)
server:                  (>= (mod main::d 4294967296) 4294967294))
server:                (not (= main::d (mod (+ 1 (mod main::c 4294967296)) 4294967296)))
server:                (iff
server:                  (<=
server:                    (+
server:                      (mod (+ 4294967295 (mod main::uint32_max 4294967296)) 4294967296)
server:                      (* -1 (mod main::c 4294967296)))
server:                    0)
server:                  (>= (mod main::c 4294967296) 4294967294))
server:                (not (<= 4294967294 (mod main::c 4294967296)))
server:                (= 0 main::d)
server:                (not
server:                  (=
server:                    (mod (+ 1 (mod main::d 4294967296)) 4294967296)
server:                    (mod (+ 1 (mod main::e 4294967296)) 4294967296)))
server:                (iff
server:                  (<=
server:                    (+
server:                      (mod (+ 4294967295 (mod main::uint32_max 4294967296)) 4294967296)
server:                      (* -1 (mod main::e 4294967296)))
server:                    0)
server:                  (>= (mod main::e 4294967296) 4294967294))
server:                (= main::e (mod (+ 1 (mod main::d 4294967296)) 4294967296))
server:                (<=
server:                  (+
server:                    (mod (+ 1 (mod main::d 4294967296)) 4294967296)
server:                    (* -1 (mod (+ 1 (mod main::c 4294967296)) 4294967296)))
server:                  0)
server:                (not
server:                  (>=
server:                    (+
server:                      (mod (+ 1 (mod main::d 4294967296)) 4294967296)
server:                      (* -1 (mod (+ 1 (mod main::c 4294967296)) 4294967296)))
server:                    0))
server:                (not (= 0 main::e))
server:                (= main::e 1)
server:                (<= 1 (mod (+ 1 (mod main::c 4294967296)) 4294967296))
server:                (not (>= (mod (+ 1 (mod main::e 4294967296)) 4294967296) 4294967294))
server:                (not (>= (mod main::e 4294967296) 4294967294)))
server:              (and
server:                (or
server:                  (not (>= (div main::uint32_max 4294967296) 1))
server:                  (not (>= (mod main::uint32_max 4294967296) 2)))
server:                (>= main::e 0)
server:                (not (<= main::e 0))
server:                (or
server:                  (>= (div main::uint32_max 4294967296) 1)
server:                  (not (<= (mod main::uint32_max 4294967296) 2)))
server:                (not (<= main::c 0))
server:                (>= main::c 0)
server:                (not
server:                  (or
server:                    (and
server:                      (not
server:                        (<=
server:                          (+
server:                            (* 2147483647 main::e)
server:                            (* 2147483648 main::c)
server:                            (* -2147483648 (mod main::e 4294967296))
server:                            (* -9223372032559808512 (div main::e 4294967296))
server:                            (* -4294967296 (div main::c 4294967296)))
server:                          0))
server:                      (<= main::c 0))
server:                    (and
server:                      (not
server:                        (<=
server:                          (+
server:                            (* -2147483647 main::e)
server:                            (* -2147483648 main::c)
server:                            (* 2147483648 (mod main::e 4294967296))
server:                            (* 9223372032559808512 (div main::e 4294967296))
server:                            (* 4294967296 (div main::c 4294967296)))
server:                          0))
server:                      (>= main::c 0))))
server:                (=
server:                  (mod (+ 4294967295 (mod main::uint32_max 4294967296)) 4294967296)
server:                  4294967294)
server:                (not
server:                  (<=
server:                    (+
server:                      (mod (+ 4294967295 (mod main::uint32_max 4294967296)) 4294967296)
server:                      (* -1 (mod main::d 4294967296)))
server:                    0))
server:                (not (= 0 main::c))
server:                (not
server:                  (=
server:                    (mod (+ 1 (mod main::d 4294967296)) 4294967296)
server:                    (mod (+ 1 (mod main::c 4294967296)) 4294967296)))
server:                (iff
server:                  (<=
server:                    (+
server:                      (mod (+ 4294967295 (mod main::uint32_max 4294967296)) 4294967296)
server:                      (* -1 (mod main::d 4294967296)))
server:                    0)
server:                  (>= (mod main::d 4294967296) 4294967294))
server:                (not (= main::d (mod (+ 1 (mod main::c 4294967296)) 4294967296)))
server:                (iff
server:                  (<=
server:                    (+
server:                      (mod (+ 4294967295 (mod main::uint32_max 4294967296)) 4294967296)
server:                      (* -1 (mod main::c 4294967296)))
server:                    0)
server:                  (>= (mod main::c 4294967296) 4294967294))
server:                (not (<= 4294967294 (mod main::c 4294967296)))
server:                (= 0 main::d)
server:                (not
server:                  (=
server:                    (mod (+ 1 (mod main::d 4294967296)) 4294967296)
server:                    (mod (+ 1 (mod main::e 4294967296)) 4294967296)))
server:                (iff
server:                  (<=
server:                    (+
server:                      (mod (+ 4294967295 (mod main::uint32_max 4294967296)) 4294967296)
server:                      (* -1 (mod main::e 4294967296)))
server:                    0)
server:                  (>= (mod main::e 4294967296) 4294967294))
server:                (not (= main::e (mod (+ 1 (mod main::d 4294967296)) 4294967296)))
server:                (<=
server:                  (+
server:                    (mod (+ 1 (mod main::d 4294967296)) 4294967296)
server:                    (* -1 (mod (+ 1 (mod main::c 4294967296)) 4294967296)))
server:                  0)
server:                (not
server:                  (>=
server:                    (+
server:                      (mod (+ 1 (mod main::d 4294967296)) 4294967296)
server:                      (* -1 (mod (+ 1 (mod main::c 4294967296)) 4294967296)))
server:                    0))
server:                (not (= 0 main::e))
server:                (not (= main::e 1))
server:                (<= 1 (mod (+ 1 (mod main::c 4294967296)) 4294967296))
server:                (not (>= (mod (+ 1 (mod main::e 4294967296)) 4294967296) 4294967294))
server:                (not (>= (mod main::e 4294967296) 4294967294)))
server:              (and
server:                (or
server:                  (not (>= (div main::uint32_max 4294967296) 1))
server:                  (not (>= (mod main::uint32_max 4294967296) 2)))
server:                (>= main::e 0)
server:                (not (<= main::e 0))
server:                (or
server:                  (>= (div main::uint32_max 4294967296) 1)
server:                  (not (<= (mod main::uint32_max 4294967296) 2)))
server:                (not (<= main::c 0))
server:                (>= main::c 0)
server:                (=
server:                  (mod (+ 4294967295 (mod main::uint32_max 4294967296)) 4294967296)
server:                  4294967294)
server:                (not
server:                  (<=
server:                    (+
server:                      (mod (+ 4294967295 (mod main::uint32_max 4294967296)) 4294967296)
server:                      (* -1 (mod main::d 4294967296)))
server:                    0))
server:                (not (= 0 main::c))
server:                (not
server:                  (=
server:                    (mod (+ 1 (mod main::d 4294967296)) 4294967296)
server:                    (mod (+ 1 (mod main::c 4294967296)) 4294967296)))
server:                (iff
server:                  (<=
server:                    (+
server:                      (mod (+ 4294967295 (mod main::uint32_max 4294967296)) 4294967296)
server:                      (* -1 (mod main::d 4294967296)))
server:                    0)
server:                  (>= (mod main::d 4294967296) 4294967294))
server:                (not (= main::d (mod (+ 1 (mod main::c 4294967296)) 4294967296)))
server:                (iff
server:                  (<=
server:                    (+
server:                      (mod (+ 4294967295 (mod main::uint32_max 4294967296)) 4294967296)
server:                      (* -1 (mod main::c 4294967296)))
server:                    0)
server:                  (>= (mod main::c 4294967296) 4294967294))
server:                (not (<= 4294967294 (mod main::c 4294967296)))
server:                (= 0 main::d)
server:                (not
server:                  (=
server:                    (mod (+ 1 (mod main::d 4294967296)) 4294967296)
server:                    (mod (+ 1 (mod main::e 4294967296)) 4294967296)))
server:                (iff
server:                  (<=
server:                    (+
server:                      (mod (+ 4294967295 (mod main::uint32_max 4294967296)) 4294967296)
server:                      (* -1 (mod main::e 4294967296)))
server:                    0)
server:                  (>= (mod main::e 4294967296) 4294967294))
server:                (not (= main::e (mod (+ 1 (mod main::d 4294967296)) 4294967296)))
server:                (<=
server:                  (+
server:                    (mod (+ 1 (mod main::d 4294967296)) 4294967296)
server:                    (* -1 (mod (+ 1 (mod main::c 4294967296)) 4294967296)))
server:                  0)
server:                (not
server:                  (>=
server:                    (+
server:                      (mod (+ 1 (mod main::d 4294967296)) 4294967296)
server:                      (* -1 (mod (+ 1 (mod main::c 4294967296)) 4294967296)))
server:                    0))
server:                (not (= 0 main::e))
server:                (not (= main::e 1))
server:                (<= 1 (mod (+ 1 (mod main::c 4294967296)) 4294967296))
server:                (not (>= (mod main::e 4294967296) 4294967294)))
server:              (and
server:                (or
server:                  (not (>= (div main::uint32_max 4294967296) 1))
server:                  (not (>= (mod main::uint32_max 4294967296) 2)))
server:                (>= main::e 0)
server:                (not (<= main::e 0))
server:                (or
server:                  (>= (div main::uint32_max 4294967296) 1)
server:                  (not (<= (mod main::uint32_max 4294967296) 2)))
server:                (not (<= main::c 0))
server:                (>= main::c 0)
server:                (=
server:                  (mod (+ 4294967295 (mod main::uint32_max 4294967296)) 4294967296)
server:                  4294967294)
server:                (not
server:                  (<=
server:                    (+
server:                      (mod (+ 4294967295 (mod main::uint32_max 4294967296)) 4294967296)
server:                      (* -1 (mod main::d 4294967296)))
server:                    0))
server:                (not (= 0 main::c))
server:                (not
server:                  (=
server:                    (mod (+ 1 (mod main::d 4294967296)) 4294967296)
server:                    (mod (+ 1 (mod main::c 4294967296)) 4294967296)))
server:                (iff
server:                  (<=
server:                    (+
server:                      (mod (+ 4294967295 (mod main::uint32_max 4294967296)) 4294967296)
server:                      (* -1 (mod main::d 4294967296)))
server:                    0)
server:                  (>= (mod main::d 4294967296) 4294967294))
server:                (not (= main::d (mod (+ 1 (mod main::c 4294967296)) 4294967296)))
server:                (iff
server:                  (<=
server:                    (+
server:                      (mod (+ 4294967295 (mod main::uint32_max 4294967296)) 4294967296)
server:                      (* -1 (mod main::c 4294967296)))
server:                    0)
server:                  (>= (mod main::c 4294967296) 4294967294))
server:                (not (<= 4294967294 (mod main::c 4294967296)))
server:                (= 0 main::d)
server:                (not
server:                  (=
server:                    (mod (+ 1 (mod main::d 4294967296)) 4294967296)
server:                    (mod (+ 1 (mod main::e 4294967296)) 4294967296)))
server:                (iff
server:                  (<=
server:                    (+
server:                      (mod (+ 4294967295 (mod main::uint32_max 4294967296)) 4294967296)
server:                      (* -1 (mod main::e 4294967296)))
server:                    0)
server:                  (>= (mod main::e 4294967296) 4294967294))
server:                (not (= main::e (mod (+ 1 (mod main::d 4294967296)) 4294967296)))
server:                (<=
server:                  (+
server:                    (mod (+ 1 (mod main::d 4294967296)) 4294967296)
server:                    (* -1 (mod (+ 1 (mod main::c 4294967296)) 4294967296)))
server:                  0)
server:                (not
server:                  (>=
server:                    (+
server:                      (mod (+ 1 (mod main::d 4294967296)) 4294967296)
server:                      (* -1 (mod (+ 1 (mod main::c 4294967296)) 4294967296)))
server:                    0))
server:                (not (= 0 main::e))
server:                (not (= main::e 1))
server:                (<= 1 (mod (+ 1 (mod main::c 4294967296)) 4294967296)))
server:              (and
server:                (or
server:                  (not (>= (div main::uint32_max 4294967296) 1))
server:                  (not (>= (mod main::uint32_max 4294967296) 2)))
server:                (>= main::e 0)
server:                (<= main::e 0)
server:                (or
server:                  (>= (div main::uint32_max 4294967296) 1)
server:                  (not (<= (mod main::uint32_max 4294967296) 2)))
server:                (not (<= main::c 0))
server:                (>= main::c 0)
server:                (not
server:                  (or
server:                    (and
server:                      (not
server:                        (<=
server:                          (+
server:                            (* 2147483647 main::e)
server:                            (* 2147483648 main::c)
server:                            (* -2147483648 (mod main::e 4294967296))
server:                            (* -9223372032559808512 (div main::e 4294967296))
server:                            (* -4294967296 (div main::c 4294967296)))
server:                          0))
server:                      (<= main::c 0))
server:                    (and
server:                      (not
server:                        (<=
server:                          (+
server:                            (* -2147483647 main::e)
server:                            (* -2147483648 main::c)
server:                            (* 2147483648 (mod main::e 4294967296))
server:                            (* 9223372032559808512 (div main::e 4294967296))
server:                            (* 4294967296 (div main::c 4294967296)))
server:                          0))
server:                      (>= main::c 0))))
server:                (=
server:                  (mod (+ 4294967295 (mod main::uint32_max 4294967296)) 4294967296)
server:                  4294967294)
server:                (not
server:                  (<=
server:                    (+
server:                      (mod (+ 4294967295 (mod main::uint32_max 4294967296)) 4294967296)
server:                      (* -1 (mod main::d 4294967296)))
server:                    0))
server:                (not (= 0 main::c))
server:                (iff
server:                  (<=
server:                    (+
server:                      (mod (+ 4294967295 (mod main::uint32_max 4294967296)) 4294967296)
server:                      (* -1 (mod main::d 4294967296)))
server:                    0)
server:                  (>= (mod main::d 4294967296) 4294967294))
server:                (not (= main::d (mod (+ 1 (mod main::c 4294967296)) 4294967296)))
server:                (iff
server:                  (<=
server:                    (+
server:                      (mod (+ 4294967295 (mod main::uint32_max 4294967296)) 4294967296)
server:                      (* -1 (mod main::c 4294967296)))
server:                    0)
server:                  (>= (mod main::c 4294967296) 4294967294))
server:                (not (<= 4294967294 (mod main::c 4294967296)))
server:                (not (= 0 main::d))
server:                (iff
server:                  (<=
server:                    (+
server:                      (mod (+ 4294967295 (mod main::uint32_max 4294967296)) 4294967296)
server:                      (* -1 (mod main::e 4294967296)))
server:                    0)
server:                  (>= (mod main::e 4294967296) 4294967294))
server:                (not (= main::e (mod (+ 1 (mod main::d 4294967296)) 4294967296)))
server:                (<=
server:                  (+
server:                    (mod (+ 1 (mod main::d 4294967296)) 4294967296)
server:                    (* -1 (mod (+ 1 (mod main::c 4294967296)) 4294967296)))
server:                  0)
server:                (= 0 main::e)
server:                (not (= main::e 1))
server:                (<= 1 (mod (+ 1 (mod main::c 4294967296)) 4294967296))
server:                (not (>= (mod (+ 1 (mod main::e 4294967296)) 4294967296) 4294967294))
server:                (not (>= (mod main::e 4294967296) 4294967294)))
server:              (and
server:                (or
server:                  (not (>= (div main::uint32_max 4294967296) 1))
server:                  (not (>= (mod main::uint32_max 4294967296) 2)))
server:                (>= main::e 0)
server:                (not (<= main::e 0))
server:                (or
server:                  (>= (div main::uint32_max 4294967296) 1)
server:                  (not (<= (mod main::uint32_max 4294967296) 2)))
server:                (not (<= main::c 0))
server:                (>= main::c 0)
server:                (not
server:                  (or
server:                    (and
server:                      (not
server:                        (<=
server:                          (+
server:                            (* 2147483647 main::e)
server:                            (* 2147483648 main::c)
server:                            (* -2147483648 (mod main::e 4294967296))
server:                            (* -9223372032559808512 (div main::e 4294967296))
server:                            (* -4294967296 (div main::c 4294967296)))
server:                          0))
server:                      (<= main::c 0))
server:                    (and
server:                      (not
server:                        (<=
server:                          (+
server:                            (* -2147483647 main::e)
server:                            (* -2147483648 main::c)
server:                            (* 2147483648 (mod main::e 4294967296))
server:                            (* 9223372032559808512 (div main::e 4294967296))
server:                            (* 4294967296 (div main::c 4294967296)))
server:                          0))
server:                      (>= main::c 0))))
server:                (=
server:                  (mod (+ 4294967295 (mod main::uint32_max 4294967296)) 4294967296)
server:                  4294967294)
server:                (not
server:                  (<=
server:                    (+
server:                      (mod (+ 4294967295 (mod main::uint32_max 4294967296)) 4294967296)
server:                      (* -1 (mod main::d 4294967296)))
server:                    0))
server:                (not (= 0 main::c))
server:                (iff
server:                  (<=
server:                    (+
server:                      (mod (+ 4294967295 (mod main::uint32_max 4294967296)) 4294967296)
server:                      (* -1 (mod main::d 4294967296)))
server:                    0)
server:                  (>= (mod main::d 4294967296) 4294967294))
server:                (not (= main::d (mod (+ 1 (mod main::c 4294967296)) 4294967296)))
server:                (iff
server:                  (<=
server:                    (+
server:                      (mod (+ 4294967295 (mod main::uint32_max 4294967296)) 4294967296)
server:                      (* -1 (mod main::c 4294967296)))
server:                    0)
server:                  (>= (mod main::c 4294967296) 4294967294))
server:                (not (<= 4294967294 (mod main::c 4294967296)))
server:                (not (= 0 main::d))
server:                (iff
server:                  (<=
server:                    (+
server:                      (mod (+ 4294967295 (mod main::uint32_max 4294967296)) 4294967296)
server:                      (* -1 (mod main::e 4294967296)))
server:                    0)
server:                  (>= (mod main::e 4294967296) 4294967294))
server:                (<=
server:                  (+
server:                    (mod (+ 1 (mod main::d 4294967296)) 4294967296)
server:                    (* -1 (mod (+ 1 (mod main::c 4294967296)) 4294967296)))
server:                  0)
server:                (not (= 0 main::e))
server:                (= main::e 1)
server:                (<= 1 (mod (+ 1 (mod main::c 4294967296)) 4294967296))
server:                (not (>= (mod (+ 1 (mod main::e 4294967296)) 4294967296) 4294967294))
server:                (not (>= (mod main::e 4294967296) 4294967294)))
server:              (and
server:                (or
server:                  (not (>= (div main::uint32_max 4294967296) 1))
server:                  (not (>= (mod main::uint32_max 4294967296) 2)))
server:                (>= main::e 0)
server:                (not (<= main::e 0))
server:                (or
server:                  (>= (div main::uint32_max 4294967296) 1)
server:                  (not (<= (mod main::uint32_max 4294967296) 2)))
server:                (not (<= main::c 0))
server:                (>= main::c 0)
server:                (not
server:                  (or
server:                    (and
server:                      (not
server:                        (<=
server:                          (+
server:                            (* 2147483647 main::e)
server:                            (* 2147483648 main::c)
server:                            (* -2147483648 (mod main::e 4294967296))
server:                            (* -9223372032559808512 (div main::e 4294967296))
server:                            (* -4294967296 (div main::c 4294967296)))
server:                          0))
server:                      (<= main::c 0))
server:                    (and
server:                      (not
server:                        (<=
server:                          (+
server:                            (* -2147483647 main::e)
server:                            (* -2147483648 main::c)
server:                            (* 2147483648 (mod main::e 4294967296))
server:                            (* 9223372032559808512 (div main::e 4294967296))
server:                            (* 4294967296 (div main::c 4294967296)))
server:                          0))
server:                      (>= main::c 0))))
server:                (=
server:                  (mod (+ 4294967295 (mod main::uint32_max 4294967296)) 4294967296)
server:                  4294967294)
server:                (not
server:                  (<=
server:                    (+
server:                      (mod (+ 4294967295 (mod main::uint32_max 4294967296)) 4294967296)
server:                      (* -1 (mod main::d 4294967296)))
server:                    0))
server:                (not (= 0 main::c))
server:                (iff
server:                  (<=
server:                    (+
server:                      (mod (+ 4294967295 (mod main::uint32_max 4294967296)) 4294967296)
server:                      (* -1 (mod main::d 4294967296)))
server:                    0)
server:                  (>= (mod main::d 4294967296) 4294967294))
server:                (not (= main::d (mod (+ 1 (mod main::c 4294967296)) 4294967296)))
server:                (iff
server:                  (<=
server:                    (+
server:                      (mod (+ 4294967295 (mod main::uint32_max 4294967296)) 4294967296)
server:                      (* -1 (mod main::c 4294967296)))
server:                    0)
server:                  (>= (mod main::c 4294967296) 4294967294))
server:                (not (<= 4294967294 (mod main::c 4294967296)))
server:                (not (= 0 main::d))
server:                (iff
server:                  (<=
server:                    (+
server:                      (mod (+ 4294967295 (mod main::uint32_max 4294967296)) 4294967296)
server:                      (* -1 (mod main::e 4294967296)))
server:                    0)
server:                  (>= (mod main::e 4294967296) 4294967294))
server:                (<=
server:                  (+
server:                    (mod (+ 1 (mod main::d 4294967296)) 4294967296)
server:                    (* -1 (mod (+ 1 (mod main::c 4294967296)) 4294967296)))
server:                  0)
server:                (not (= 0 main::e))
server:                (not (= main::e 1))
server:                (<= 1 (mod (+ 1 (mod main::c 4294967296)) 4294967296))
server:                (not (>= (mod (+ 1 (mod main::e 4294967296)) 4294967296) 4294967294))
server:                (not (>= (mod main::e 4294967296) 4294967294)))
server:              (and
server:                (or
server:                  (not (>= (div main::uint32_max 4294967296) 1))
server:                  (not (>= (mod main::uint32_max 4294967296) 2)))
server:                (>= main::e 0)
server:                (not (<= main::e 0))
server:                (or
server:                  (>= (div main::uint32_max 4294967296) 1)
server:                  (not (<= (mod main::uint32_max 4294967296) 2)))
server:                (not (<= main::c 0))
server:                (>= main::c 0)
server:                (=
server:                  (mod (+ 4294967295 (mod main::uint32_max 4294967296)) 4294967296)
server:                  4294967294)
server:                (not
server:                  (<=
server:                    (+
server:                      (mod (+ 4294967295 (mod main::uint32_max 4294967296)) 4294967296)
server:                      (* -1 (mod main::d 4294967296)))
server:                    0))
server:                (not (= 0 main::c))
server:                (iff
server:                  (<=
server:                    (+
server:                      (mod (+ 4294967295 (mod main::uint32_max 4294967296)) 4294967296)
server:                      (* -1 (mod main::d 4294967296)))
server:                    0)
server:                  (>= (mod main::d 4294967296) 4294967294))
server:                (not (= main::d (mod (+ 1 (mod main::c 4294967296)) 4294967296)))
server:                (iff
server:                  (<=
server:                    (+
server:                      (mod (+ 4294967295 (mod main::uint32_max 4294967296)) 4294967296)
server:                      (* -1 (mod main::c 4294967296)))
server:                    0)
server:                  (>= (mod main::c 4294967296) 4294967294))
server:                (not (<= 4294967294 (mod main::c 4294967296)))
server:                (not (= 0 main::d))
server:                (iff
server:                  (<=
server:                    (+
server:                      (mod (+ 4294967295 (mod main::uint32_max 4294967296)) 4294967296)
server:                      (* -1 (mod main::e 4294967296)))
server:                    0)
server:                  (>= (mod main::e 4294967296) 4294967294))
server:                (<=
server:                  (+
server:                    (mod (+ 1 (mod main::d 4294967296)) 4294967296)
server:                    (* -1 (mod (+ 1 (mod main::c 4294967296)) 4294967296)))
server:                  0)
server:                (not (= 0 main::e))
server:                (<= 1 (mod (+ 1 (mod main::c 4294967296)) 4294967296))
server:                (not (>= (mod main::e 4294967296) 4294967294)))
server:              (and
server:                (or
server:                  (not (>= (div main::uint32_max 4294967296) 1))
server:                  (not (>= (mod main::uint32_max 4294967296) 2)))
server:                (>= main::e 0)
server:                (not (<= main::e 0))
server:                (or
server:                  (>= (div main::uint32_max 4294967296) 1)
server:                  (not (<= (mod main::uint32_max 4294967296) 2)))
server:                (not (<= main::c 0))
server:                (>= main::c 0)
server:                (=
server:                  (mod (+ 4294967295 (mod main::uint32_max 4294967296)) 4294967296)
server:                  4294967294)
server:                (not
server:                  (<=
server:                    (+
server:                      (mod (+ 4294967295 (mod main::uint32_max 4294967296)) 4294967296)
server:                      (* -1 (mod main::d 4294967296)))
server:                    0))
server:                (not (= 0 main::c))
server:                (iff
server:                  (<=
server:                    (+
server:                      (mod (+ 4294967295 (mod main::uint32_max 4294967296)) 4294967296)
server:                      (* -1 (mod main::d 4294967296)))
server:                    0)
server:                  (>= (mod main::d 4294967296) 4294967294))
server:                (not (= main::d (mod (+ 1 (mod main::c 4294967296)) 4294967296)))
server:                (iff
server:                  (<=
server:                    (+
server:                      (mod (+ 4294967295 (mod main::uint32_max 4294967296)) 4294967296)
server:                      (* -1 (mod main::c 4294967296)))
server:                    0)
server:                  (>= (mod main::c 4294967296) 4294967294))
server:                (not (<= 4294967294 (mod main::c 4294967296)))
server:                (not (= 0 main::d))
server:                (iff
server:                  (<=
server:                    (+
server:                      (mod (+ 4294967295 (mod main::uint32_max 4294967296)) 4294967296)
server:                      (* -1 (mod main::e 4294967296)))
server:                    0)
server:                  (>= (mod main::e 4294967296) 4294967294))
server:                (<=
server:                  (+
server:                    (mod (+ 1 (mod main::d 4294967296)) 4294967296)
server:                    (* -1 (mod (+ 1 (mod main::c 4294967296)) 4294967296)))
server:                  0)
server:                (not (= 0 main::e))
server:                (<= 1 (mod (+ 1 (mod main::c 4294967296)) 4294967296)))
server:              (and
server:                (or
server:                  (not (>= (div main::uint32_max 4294967296) 1))
server:                  (not (>= (mod main::uint32_max 4294967296) 2)))
server:                (>= main::e 0)
server:                (<= main::e 0)
server:                (or
server:                  (>= (div main::uint32_max 4294967296) 1)
server:                  (not (<= (mod main::uint32_max 4294967296) 2)))
server:                (not (<= main::c 0))
server:                (>= main::c 0)
server:                (not
server:                  (or
server:                    (and
server:                      (not
server:                        (<=
server:                          (+
server:                            (* 2147483647 main::e)
server:                            (* 2147483648 main::c)
server:                            (* -2147483648 (mod main::e 4294967296))
server:                            (* -9223372032559808512 (div main::e 4294967296))
server:                            (* -4294967296 (div main::c 4294967296)))
server:                          0))
server:                      (<= main::c 0))
server:                    (and
server:                      (not
server:                        (<=
server:                          (+
server:                            (* -2147483647 main::e)
server:                            (* -2147483648 main::c)
server:                            (* 2147483648 (mod main::e 4294967296))
server:                            (* 9223372032559808512 (div main::e 4294967296))
server:                            (* 4294967296 (div main::c 4294967296)))
server:                          0))
server:                      (>= main::c 0))))
server:                (=
server:                  (mod (+ 4294967295 (mod main::uint32_max 4294967296)) 4294967296)
server:                  4294967294)
server:                (not
server:                  (<=
server:                    (+
server:                      (mod (+ 4294967295 (mod main::uint32_max 4294967296)) 4294967296)
server:                      (* -1 (mod main::d 4294967296)))
server:                    0))
server:                (not (= 0 main::c))
server:                (iff
server:                  (<=
server:                    (+
server:                      (mod (+ 4294967295 (mod main::uint32_max 4294967296)) 4294967296)
server:                      (* -1 (mod main::d 4294967296)))
server:                    0)
server:                  (>= (mod main::d 4294967296) 4294967294))
server:                (iff
server:                  (<=
server:                    (+
server:                      (mod (+ 4294967295 (mod main::uint32_max 4294967296)) 4294967296)
server:                      (* -1 (mod main::c 4294967296)))
server:                    0)
server:                  (>= (mod main::c 4294967296) 4294967294))
server:                (not (<= 4294967294 (mod main::c 4294967296)))
server:                (not (= 0 main::d))
server:                (iff
server:                  (<=
server:                    (+
server:                      (mod (+ 4294967295 (mod main::uint32_max 4294967296)) 4294967296)
server:                      (* -1 (mod main::e 4294967296)))
server:                    0)
server:                  (>= (mod main::e 4294967296) 4294967294))
server:                (not (= main::e (mod (+ 1 (mod main::d 4294967296)) 4294967296)))
server:                (= 0 main::e)
server:                (not (= main::e 1))
server:                (<= 1 (mod (+ 1 (mod main::c 4294967296)) 4294967296))
server:                (not (>= (mod (+ 1 (mod main::e 4294967296)) 4294967296) 4294967294))
server:                (not (>= (mod main::e 4294967296) 4294967294)))
server:              (and
server:                (or
server:                  (not (>= (div main::uint32_max 4294967296) 1))
server:                  (not (>= (mod main::uint32_max 4294967296) 2)))
server:                (>= main::e 0)
server:                (<= main::e 0)
server:                (or
server:                  (>= (div main::uint32_max 4294967296) 1)
server:                  (not (<= (mod main::uint32_max 4294967296) 2)))
server:                (not (<= main::c 0))
server:                (>= main::c 0)
server:                (not
server:                  (or
server:                    (and
server:                      (not
server:                        (<=
server:                          (+
server:                            (* 2147483647 main::e)
server:                            (* 2147483648 main::c)
server:                            (* -2147483648 (mod main::e 4294967296))
server:                            (* -9223372032559808512 (div main::e 4294967296))
server:                            (* -4294967296 (div main::c 4294967296)))
server:                          0))
server:                      (<= main::c 0))
server:                    (and
server:                      (not
server:                        (<=
server:                          (+
server:                            (* -2147483647 main::e)
server:                            (* -2147483648 main::c)
server:                            (* 2147483648 (mod main::e 4294967296))
server:                            (* 9223372032559808512 (div main::e 4294967296))
server:                            (* 4294967296 (div main::c 4294967296)))
server:                          0))
server:                      (>= main::c 0))))
server:                (=
server:                  (mod (+ 4294967295 (mod main::uint32_max 4294967296)) 4294967296)
server:                  4294967294)
server:                (not
server:                  (<=
server:                    (+
server:                      (mod (+ 4294967295 (mod main::uint32_max 4294967296)) 4294967296)
server:                      (* -1 (mod main::d 4294967296)))
server:                    0))
server:                (not (= 0 main::c))
server:                (iff
server:                  (<=
server:                    (+
server:                      (mod (+ 4294967295 (mod main::uint32_max 4294967296)) 4294967296)
server:                      (* -1 (mod main::d 4294967296)))
server:                    0)
server:                  (>= (mod main::d 4294967296) 4294967294))
server:                (not (= main::d (mod (+ 1 (mod main::c 4294967296)) 4294967296)))
server:                (iff
server:                  (<=
server:                    (+
server:                      (mod (+ 4294967295 (mod main::uint32_max 4294967296)) 4294967296)
server:                      (* -1 (mod main::c 4294967296)))
server:                    0)
server:                  (>= (mod main::c 4294967296) 4294967294))
server:                (not (<= 4294967294 (mod main::c 4294967296)))
server:                (= 0 main::d)
server:                (=
server:                  (mod (+ 1 (mod main::d 4294967296)) 4294967296)
server:                  (mod (+ 1 (mod main::e 4294967296)) 4294967296))
server:                (iff
server:                  (<=
server:                    (+
server:                      (mod (+ 4294967295 (mod main::uint32_max 4294967296)) 4294967296)
server:                      (* -1 (mod main::e 4294967296)))
server:                    0)
server:                  (>= (mod main::e 4294967296) 4294967294))
server:                (not (= main::e (mod (+ 1 (mod main::d 4294967296)) 4294967296)))
server:                (<=
server:                  (+
server:                    (mod (+ 1 (mod main::d 4294967296)) 4294967296)
server:                    (* -1 (mod (+ 1 (mod main::c 4294967296)) 4294967296)))
server:                  0)
server:                (= 0 main::e)
server:                (not (= main::e 1))
server:                (<= 1 (mod (+ 1 (mod main::c 4294967296)) 4294967296))
server:                (not (>= (mod (+ 1 (mod main::e 4294967296)) 4294967296) 4294967294))
server:                (not (>= (mod main::e 4294967296) 4294967294)))
server:              (and
server:                (or
server:                  (not (>= (div main::uint32_max 4294967296) 1))
server:                  (not (>= (mod main::uint32_max 4294967296) 2)))
server:                (>= main::e 0)
server:                (not (<= main::e 0))
server:                (or
server:                  (>= (div main::uint32_max 4294967296) 1)
server:                  (not (<= (mod main::uint32_max 4294967296) 2)))
server:                (not (<= main::c 0))
server:                (>= main::c 0)
server:                (not
server:                  (or
server:                    (and
server:                      (not
server:                        (<=
server:                          (+
server:                            (* 2147483647 main::e)
server:                            (* 2147483648 main::c)
server:                            (* -2147483648 (mod main::e 4294967296))
server:                            (* -9223372032559808512 (div main::e 4294967296))
server:                            (* -4294967296 (div main::c 4294967296)))
server:                          0))
server:                      (<= main::c 0))
server:                    (and
server:                      (not
server:                        (<=
server:                          (+
server:                            (* -2147483647 main::e)
server:                            (* -2147483648 main::c)
server:                            (* 2147483648 (mod main::e 4294967296))
server:                            (* 9223372032559808512 (div main::e 4294967296))
server:                            (* 4294967296 (div main::c 4294967296)))
server:                          0))
server:                      (>= main::c 0))))
server:                (=
server:                  (mod (+ 4294967295 (mod main::uint32_max 4294967296)) 4294967296)
server:                  4294967294)
server:                (not
server:                  (<=
server:                    (+
server:                      (mod (+ 4294967295 (mod main::uint32_max 4294967296)) 4294967296)
server:                      (* -1 (mod main::d 4294967296)))
server:                    0))
server:                (not (= 0 main::c))
server:                (iff
server:                  (<=
server:                    (+
server:                      (mod (+ 4294967295 (mod main::uint32_max 4294967296)) 4294967296)
server:                      (* -1 (mod main::d 4294967296)))
server:                    0)
server:                  (>= (mod main::d 4294967296) 4294967294))
server:                (not (= main::d (mod (+ 1 (mod main::c 4294967296)) 4294967296)))
server:                (iff
server:                  (<=
server:                    (+
server:                      (mod (+ 4294967295 (mod main::uint32_max 4294967296)) 4294967296)
server:                      (* -1 (mod main::c 4294967296)))
server:                    0)
server:                  (>= (mod main::c 4294967296) 4294967294))
server:                (not (<= 4294967294 (mod main::c 4294967296)))
server:                (= 0 main::d)
server:                (not
server:                  (=
server:                    (mod (+ 1 (mod main::d 4294967296)) 4294967296)
server:                    (mod (+ 1 (mod main::e 4294967296)) 4294967296)))
server:                (iff
server:                  (<=
server:                    (+
server:                      (mod (+ 4294967295 (mod main::uint32_max 4294967296)) 4294967296)
server:                      (* -1 (mod main::e 4294967296)))
server:                    0)
server:                  (>= (mod main::e 4294967296) 4294967294))
server:                (= main::e (mod (+ 1 (mod main::d 4294967296)) 4294967296))
server:                (<=
server:                  (+
server:                    (mod (+ 1 (mod main::d 4294967296)) 4294967296)
server:                    (* -1 (mod (+ 1 (mod main::c 4294967296)) 4294967296)))
server:                  0)
server:                (not (= 0 main::e))
server:                (= main::e 1)
server:                (<= 1 (mod (+ 1 (mod main::c 4294967296)) 4294967296))
server:                (not (>= (mod (+ 1 (mod main::e 4294967296)) 4294967296) 4294967294))
server:                (not (>= (mod main::e 4294967296) 4294967294)))
server:              (and
server:                (or
server:                  (not (>= (div main::uint32_max 4294967296) 1))
server:                  (not (>= (mod main::uint32_max 4294967296) 2)))
server:                (>= main::e 0)
server:                (not (<= main::e 0))
server:                (or
server:                  (>= (div main::uint32_max 4294967296) 1)
server:                  (not (<= (mod main::uint32_max 4294967296) 2)))
server:                (not (<= main::c 0))
server:                (>= main::c 0)
server:                (not
server:                  (or
server:                    (and
server:                      (not
server:                        (<=
server:                          (+
server:                            (* 2147483647 main::e)
server:                            (* 2147483648 main::c)
server:                            (* -2147483648 (mod main::e 4294967296))
server:                            (* -9223372032559808512 (div main::e 4294967296))
server:                            (* -4294967296 (div main::c 4294967296)))
server:                          0))
server:                      (<= main::c 0))
server:                    (and
server:                      (not
server:                        (<=
server:                          (+
server:                            (* -2147483647 main::e)
server:                            (* -2147483648 main::c)
server:                            (* 2147483648 (mod main::e 4294967296))
server:                            (* 9223372032559808512 (div main::e 4294967296))
server:                            (* 4294967296 (div main::c 4294967296)))
server:                          0))
server:                      (>= main::c 0))))
server:                (=
server:                  (mod (+ 4294967295 (mod main::uint32_max 4294967296)) 4294967296)
server:                  4294967294)
server:                (not
server:                  (<=
server:                    (+
server:                      (mod (+ 4294967295 (mod main::uint32_max 4294967296)) 4294967296)
server:                      (* -1 (mod main::d 4294967296)))
server:                    0))
server:                (not (= 0 main::c))
server:                (iff
server:                  (<=
server:                    (+
server:                      (mod (+ 4294967295 (mod main::uint32_max 4294967296)) 4294967296)
server:                      (* -1 (mod main::d 4294967296)))
server:                    0)
server:                  (>= (mod main::d 4294967296) 4294967294))
server:                (not (= main::d (mod (+ 1 (mod main::c 4294967296)) 4294967296)))
server:                (iff
server:                  (<=
server:                    (+
server:                      (mod (+ 4294967295 (mod main::uint32_max 4294967296)) 4294967296)
server:                      (* -1 (mod main::c 4294967296)))
server:                    0)
server:                  (>= (mod main::c 4294967296) 4294967294))
server:                (not (<= 4294967294 (mod main::c 4294967296)))
server:                (= 0 main::d)
server:                (not
server:                  (=
server:                    (mod (+ 1 (mod main::d 4294967296)) 4294967296)
server:                    (mod (+ 1 (mod main::e 4294967296)) 4294967296)))
server:                (iff
server:                  (<=
server:                    (+
server:                      (mod (+ 4294967295 (mod main::uint32_max 4294967296)) 4294967296)
server:                      (* -1 (mod main::e 4294967296)))
server:                    0)
server:                  (>= (mod main::e 4294967296) 4294967294))
server:                (not (= main::e (mod (+ 1 (mod main::d 4294967296)) 4294967296)))
server:                (<=
server:                  (+
server:                    (mod (+ 1 (mod main::d 4294967296)) 4294967296)
server:                    (* -1 (mod (+ 1 (mod main::c 4294967296)) 4294967296)))
server:                  0)
server:                (not (= 0 main::e))
server:                (not (= main::e 1))
server:                (<= 1 (mod (+ 1 (mod main::c 4294967296)) 4294967296))
server:                (not (>= (mod (+ 1 (mod main::e 4294967296)) 4294967296) 4294967294))
server:                (not (>= (mod main::e 4294967296) 4294967294)))
server:              (and
server:                (or
server:                  (not (>= (div main::uint32_max 4294967296) 1))
server:                  (not (>= (mod main::uint32_max 4294967296) 2)))
server:                (>= main::e 0)
server:                (not (<= main::e 0))
server:                (or
server:                  (>= (div main::uint32_max 4294967296) 1)
server:                  (not (<= (mod main::uint32_max 4294967296) 2)))
server:                (not (<= main::c 0))
server:                (>= main::c 0)
server:                (=
server:                  (mod (+ 4294967295 (mod main::uint32_max 4294967296)) 4294967296)
server:                  4294967294)
server:                (not
server:                  (<=
server:                    (+
server:                      (mod (+ 4294967295 (mod main::uint32_max 4294967296)) 4294967296)
server:                      (* -1 (mod main::d 4294967296)))
server:                    0))
server:                (not (= 0 main::c))
server:                (iff
server:                  (<=
server:                    (+
server:                      (mod (+ 4294967295 (mod main::uint32_max 4294967296)) 4294967296)
server:                      (* -1 (mod main::d 4294967296)))
server:                    0)
server:                  (>= (mod main::d 4294967296) 4294967294))
server:                (not (= main::d (mod (+ 1 (mod main::c 4294967296)) 4294967296)))
server:                (iff
server:                  (<=
server:                    (+
server:                      (mod (+ 4294967295 (mod main::uint32_max 4294967296)) 4294967296)
server:                      (* -1 (mod main::c 4294967296)))
server:                    0)
server:                  (>= (mod main::c 4294967296) 4294967294))
server:                (not (<= 4294967294 (mod main::c 4294967296)))
server:                (= 0 main::d)
server:                (not
server:                  (=
server:                    (mod (+ 1 (mod main::d 4294967296)) 4294967296)
server:                    (mod (+ 1 (mod main::e 4294967296)) 4294967296)))
server:                (iff
server:                  (<=
server:                    (+
server:                      (mod (+ 4294967295 (mod main::uint32_max 4294967296)) 4294967296)
server:                      (* -1 (mod main::e 4294967296)))
server:                    0)
server:                  (>= (mod main::e 4294967296) 4294967294))
server:                (not (= main::e (mod (+ 1 (mod main::d 4294967296)) 4294967296)))
server:                (<=
server:                  (+
server:                    (mod (+ 1 (mod main::d 4294967296)) 4294967296)
server:                    (* -1 (mod (+ 1 (mod main::c 4294967296)) 4294967296)))
server:                  0)
server:                (not (= 0 main::e))
server:                (not (= main::e 1))
server:                (<= 1 (mod (+ 1 (mod main::c 4294967296)) 4294967296))
server:                (not (>= (mod main::e 4294967296) 4294967294)))
server:              (and
server:                (or
server:                  (not (>= (div main::uint32_max 4294967296) 1))
server:                  (not (>= (mod main::uint32_max 4294967296) 2)))
server:                (>= main::e 0)
server:                (not (<= main::e 0))
server:                (or
server:                  (>= (div main::uint32_max 4294967296) 1)
server:                  (not (<= (mod main::uint32_max 4294967296) 2)))
server:                (not (<= main::c 0))
server:                (>= main::c 0)
server:                (=
server:                  (mod (+ 4294967295 (mod main::uint32_max 4294967296)) 4294967296)
server:                  4294967294)
server:                (not
server:                  (<=
server:                    (+
server:                      (mod (+ 4294967295 (mod main::uint32_max 4294967296)) 4294967296)
server:                      (* -1 (mod main::d 4294967296)))
server:                    0))
server:                (not (= 0 main::c))
server:                (iff
server:                  (<=
server:                    (+
server:                      (mod (+ 4294967295 (mod main::uint32_max 4294967296)) 4294967296)
server:                      (* -1 (mod main::d 4294967296)))
server:                    0)
server:                  (>= (mod main::d 4294967296) 4294967294))
server:                (not (= main::d (mod (+ 1 (mod main::c 4294967296)) 4294967296)))
server:                (iff
server:                  (<=
server:                    (+
server:                      (mod (+ 4294967295 (mod main::uint32_max 4294967296)) 4294967296)
server:                      (* -1 (mod main::c 4294967296)))
server:                    0)
server:                  (>= (mod main::c 4294967296) 4294967294))
server:                (not (<= 4294967294 (mod main::c 4294967296)))
server:                (= 0 main::d)
server:                (not
server:                  (=
server:                    (mod (+ 1 (mod main::d 4294967296)) 4294967296)
server:                    (mod (+ 1 (mod main::e 4294967296)) 4294967296)))
server:                (iff
server:                  (<=
server:                    (+
server:                      (mod (+ 4294967295 (mod main::uint32_max 4294967296)) 4294967296)
server:                      (* -1 (mod main::e 4294967296)))
server:                    0)
server:                  (>= (mod main::e 4294967296) 4294967294))
server:                (not (= main::e (mod (+ 1 (mod main::d 4294967296)) 4294967296)))
server:                (<=
server:                  (+
server:                    (mod (+ 1 (mod main::d 4294967296)) 4294967296)
server:                    (* -1 (mod (+ 1 (mod main::c 4294967296)) 4294967296)))
server:                  0)
server:                (not (= 0 main::e))
server:                (not (= main::e 1))
server:                (<= 1 (mod (+ 1 (mod main::c 4294967296)) 4294967296)))
server:              (and
server:                (or
server:                  (not (>= (div main::uint32_max 4294967296) 1))
server:                  (not (>= (mod main::uint32_max 4294967296) 2)))
server:                (>= main::e 0)
server:                (not (<= main::e 0))
server:                (or
server:                  (>= (div main::uint32_max 4294967296) 1)
server:                  (not (<= (mod main::uint32_max 4294967296) 2)))
server:                (not (<= main::c 0))
server:                (>= main::c 0)
server:                (not
server:                  (or
server:                    (and
server:                      (not
server:                        (<=
server:                          (+
server:                            (* 2147483647 main::e)
server:                            (* 2147483648 main::c)
server:                            (* -2147483648 (mod main::e 4294967296))
server:                            (* -9223372032559808512 (div main::e 4294967296))
server:                            (* -4294967296 (div main::c 4294967296)))
server:                          0))
server:                      (<= main::c 0))
server:                    (and
server:                      (not
server:                        (<=
server:                          (+
server:                            (* -2147483647 main::e)
server:                            (* -2147483648 main::c)
server:                            (* 2147483648 (mod main::e 4294967296))
server:                            (* 9223372032559808512 (div main::e 4294967296))
server:                            (* 4294967296 (div main::c 4294967296)))
server:                          0))
server:                      (>= main::c 0))))
server:                (=
server:                  (mod (+ 4294967295 (mod main::uint32_max 4294967296)) 4294967296)
server:                  4294967294)
server:                (not
server:                  (<=
server:                    (+
server:                      (mod (+ 4294967295 (mod main::uint32_max 4294967296)) 4294967296)
server:                      (* -1 (mod main::d 4294967296)))
server:                    0))
server:                (not (= 0 main::c))
server:                (iff
server:                  (<=
server:                    (+
server:                      (mod (+ 4294967295 (mod main::uint32_max 4294967296)) 4294967296)
server:                      (* -1 (mod main::d 4294967296)))
server:                    0)
server:                  (>= (mod main::d 4294967296) 4294967294))
server:                (iff
server:                  (<=
server:                    (+
server:                      (mod (+ 4294967295 (mod main::uint32_max 4294967296)) 4294967296)
server:                      (* -1 (mod main::c 4294967296)))
server:                    0)
server:                  (>= (mod main::c 4294967296) 4294967294))
server:                (not (<= 4294967294 (mod main::c 4294967296)))
server:                (not (= 0 main::d))
server:                (iff
server:                  (<=
server:                    (+
server:                      (mod (+ 4294967295 (mod main::uint32_max 4294967296)) 4294967296)
server:                      (* -1 (mod main::e 4294967296)))
server:                    0)
server:                  (>= (mod main::e 4294967296) 4294967294))
server:                (not (= 0 main::e))
server:                (= main::e 1)
server:                (<= 1 (mod (+ 1 (mod main::c 4294967296)) 4294967296))
server:                (not (>= (mod (+ 1 (mod main::e 4294967296)) 4294967296) 4294967294))
server:                (not (>= (mod main::e 4294967296) 4294967294)))
server:              (and
server:                (or
server:                  (not (>= (div main::uint32_max 4294967296) 1))
server:                  (not (>= (mod main::uint32_max 4294967296) 2)))
server:                (>= main::e 0)
server:                (not (<= main::e 0))
server:                (or
server:                  (>= (div main::uint32_max 4294967296) 1)
server:                  (not (<= (mod main::uint32_max 4294967296) 2)))
server:                (not (<= main::c 0))
server:                (>= main::c 0)
server:                (not
server:                  (or
server:                    (and
server:                      (not
server:                        (<=
server:                          (+
server:                            (* 2147483647 main::e)
server:                            (* 2147483648 main::c)
server:                            (* -2147483648 (mod main::e 4294967296))
server:                            (* -9223372032559808512 (div main::e 4294967296))
server:                            (* -4294967296 (div main::c 4294967296)))
server:                          0))
server:                      (<= main::c 0))
server:                    (and
server:                      (not
server:                        (<=
server:                          (+
server:                            (* -2147483647 main::e)
server:                            (* -2147483648 main::c)
server:                            (* 2147483648 (mod main::e 4294967296))
server:                            (* 9223372032559808512 (div main::e 4294967296))
server:                            (* 4294967296 (div main::c 4294967296)))
server:                          0))
server:                      (>= main::c 0))))
server:                (=
server:                  (mod (+ 4294967295 (mod main::uint32_max 4294967296)) 4294967296)
server:                  4294967294)
server:                (not
server:                  (<=
server:                    (+
server:                      (mod (+ 4294967295 (mod main::uint32_max 4294967296)) 4294967296)
server:                      (* -1 (mod main::d 4294967296)))
server:                    0))
server:                (not (= 0 main::c))
server:                (iff
server:                  (<=
server:                    (+
server:                      (mod (+ 4294967295 (mod main::uint32_max 4294967296)) 4294967296)
server:                      (* -1 (mod main::d 4294967296)))
server:                    0)
server:                  (>= (mod main::d 4294967296) 4294967294))
server:                (iff
server:                  (<=
server:                    (+
server:                      (mod (+ 4294967295 (mod main::uint32_max 4294967296)) 4294967296)
server:                      (* -1 (mod main::c 4294967296)))
server:                    0)
server:                  (>= (mod main::c 4294967296) 4294967294))
server:                (not (<= 4294967294 (mod main::c 4294967296)))
server:                (not (= 0 main::d))
server:                (iff
server:                  (<=
server:                    (+
server:                      (mod (+ 4294967295 (mod main::uint32_max 4294967296)) 4294967296)
server:                      (* -1 (mod main::e 4294967296)))
server:                    0)
server:                  (>= (mod main::e 4294967296) 4294967294))
server:                (not (= 0 main::e))
server:                (not (= main::e 1))
server:                (<= 1 (mod (+ 1 (mod main::c 4294967296)) 4294967296))
server:                (not (>= (mod (+ 1 (mod main::e 4294967296)) 4294967296) 4294967294))
server:                (not (>= (mod main::e 4294967296) 4294967294)))
server:              (and
server:                (or
server:                  (not (>= (div main::uint32_max 4294967296) 1))
server:                  (not (>= (mod main::uint32_max 4294967296) 2)))
server:                (>= main::e 0)
server:                (not (<= main::e 0))
server:                (or
server:                  (>= (div main::uint32_max 4294967296) 1)
server:                  (not (<= (mod main::uint32_max 4294967296) 2)))
server:                (not (<= main::c 0))
server:                (>= main::c 0)
server:                (=
server:                  (mod (+ 4294967295 (mod main::uint32_max 4294967296)) 4294967296)
server:                  4294967294)
server:                (not
server:                  (<=
server:                    (+
server:                      (mod (+ 4294967295 (mod main::uint32_max 4294967296)) 4294967296)
server:                      (* -1 (mod main::d 4294967296)))
server:                    0))
server:                (not (= 0 main::c))
server:                (iff
server:                  (<=
server:                    (+
server:                      (mod (+ 4294967295 (mod main::uint32_max 4294967296)) 4294967296)
server:                      (* -1 (mod main::d 4294967296)))
server:                    0)
server:                  (>= (mod main::d 4294967296) 4294967294))
server:                (iff
server:                  (<=
server:                    (+
server:                      (mod (+ 4294967295 (mod main::uint32_max 4294967296)) 4294967296)
server:                      (* -1 (mod main::c 4294967296)))
server:                    0)
server:                  (>= (mod main::c 4294967296) 4294967294))
server:                (not (<= 4294967294 (mod main::c 4294967296)))
server:                (not (= 0 main::d))
server:                (iff
server:                  (<=
server:                    (+
server:                      (mod (+ 4294967295 (mod main::uint32_max 4294967296)) 4294967296)
server:                      (* -1 (mod main::e 4294967296)))
server:                    0)
server:                  (>= (mod main::e 4294967296) 4294967294))
server:                (not (= 0 main::e))
server:                (<= 1 (mod (+ 1 (mod main::c 4294967296)) 4294967296))
server:                (not (>= (mod main::e 4294967296) 4294967294)))
server:              (and
server:                (or
server:                  (not (>= (div main::uint32_max 4294967296) 1))
server:                  (not (>= (mod main::uint32_max 4294967296) 2)))
server:                (>= main::e 0)
server:                (not (<= main::e 0))
server:                (or
server:                  (>= (div main::uint32_max 4294967296) 1)
server:                  (not (<= (mod main::uint32_max 4294967296) 2)))
server:                (not (<= main::c 0))
server:                (>= main::c 0)
server:                (=
server:                  (mod (+ 4294967295 (mod main::uint32_max 4294967296)) 4294967296)
server:                  4294967294)
server:                (not
server:                  (<=
server:                    (+
server:                      (mod (+ 4294967295 (mod main::uint32_max 4294967296)) 4294967296)
server:                      (* -1 (mod main::d 4294967296)))
server:                    0))
server:                (not (= 0 main::c))
server:                (iff
server:                  (<=
server:                    (+
server:                      (mod (+ 4294967295 (mod main::uint32_max 4294967296)) 4294967296)
server:                      (* -1 (mod main::d 4294967296)))
server:                    0)
server:                  (>= (mod main::d 4294967296) 4294967294))
server:                (iff
server:                  (<=
server:                    (+
server:                      (mod (+ 4294967295 (mod main::uint32_max 4294967296)) 4294967296)
server:                      (* -1 (mod main::c 4294967296)))
server:                    0)
server:                  (>= (mod main::c 4294967296) 4294967294))
server:                (not (<= 4294967294 (mod main::c 4294967296)))
server:                (not (= 0 main::d))
server:                (iff
server:                  (<=
server:                    (+
server:                      (mod (+ 4294967295 (mod main::uint32_max 4294967296)) 4294967296)
server:                      (* -1 (mod main::e 4294967296)))
server:                    0)
server:                  (>= (mod main::e 4294967296) 4294967294))
server:                (not (= 0 main::e))
server:                (<= 1 (mod (+ 1 (mod main::c 4294967296)) 4294967296)))))] 
server:   __loc_162[(PredState (or
server:              (and
server:                (or
server:                  (not (>= (div main::uint32_max 4294967296) 1))
server:                  (not (>= (mod main::uint32_max 4294967296) 2)))
server:                (>= main::e 0)
server:                (<= main::e 0)
server:                (or
server:                  (>= (div main::uint32_max 4294967296) 1)
server:                  (not (<= (mod main::uint32_max 4294967296) 2)))
server:                (<= main::c 0)
server:                (>= main::c 0)
server:                (not
server:                  (or
server:                    (and
server:                      (not
server:                        (<=
server:                          (+
server:                            (* 2147483647 main::e)
server:                            (* 2147483648 main::c)
server:                            (* -2147483648 (mod main::e 4294967296))
server:                            (* -9223372032559808512 (div main::e 4294967296))
server:                            (* -4294967296 (div main::c 4294967296)))
server:                          0))
server:                      (<= main::c 0))
server:                    (and
server:                      (not
server:                        (<=
server:                          (+
server:                            (* -2147483647 main::e)
server:                            (* -2147483648 main::c)
server:                            (* 2147483648 (mod main::e 4294967296))
server:                            (* 9223372032559808512 (div main::e 4294967296))
server:                            (* 4294967296 (div main::c 4294967296)))
server:                          0))
server:                      (>= main::c 0))))
server:                (=
server:                  (mod (+ 4294967295 (mod main::uint32_max 4294967296)) 4294967296)
server:                  4294967294)
server:                (not
server:                  (<=
server:                    (+
server:                      (mod (+ 4294967295 (mod main::uint32_max 4294967296)) 4294967296)
server:                      (* -1 (mod main::d 4294967296)))
server:                    0))
server:                (= 0 main::c)
server:                (=
server:                  (mod (+ 1 (mod main::d 4294967296)) 4294967296)
server:                  (mod (+ 1 (mod main::c 4294967296)) 4294967296))
server:                (iff
server:                  (<=
server:                    (+
server:                      (mod (+ 4294967295 (mod main::uint32_max 4294967296)) 4294967296)
server:                      (* -1 (mod main::d 4294967296)))
server:                    0)
server:                  (>= (mod main::d 4294967296) 4294967294))
server:                (not (= main::d (mod (+ 1 (mod main::c 4294967296)) 4294967296)))
server:                (iff
server:                  (<=
server:                    (+
server:                      (mod (+ 4294967295 (mod main::uint32_max 4294967296)) 4294967296)
server:                      (* -1 (mod main::c 4294967296)))
server:                    0)
server:                  (>= (mod main::c 4294967296) 4294967294))
server:                (not (<= 4294967294 (mod main::c 4294967296)))
server:                (= 0 main::d)
server:                (=
server:                  (mod (+ 1 (mod main::d 4294967296)) 4294967296)
server:                  (mod (+ 1 (mod main::e 4294967296)) 4294967296))
server:                (iff
server:                  (<=
server:                    (+
server:                      (mod (+ 4294967295 (mod main::uint32_max 4294967296)) 4294967296)
server:                      (* -1 (mod main::e 4294967296)))
server:                    0)
server:                  (>= (mod main::e 4294967296) 4294967294))
server:                (not (= main::e (mod (+ 1 (mod main::d 4294967296)) 4294967296)))
server:                (<=
server:                  (+
server:                    (mod (+ 1 (mod main::d 4294967296)) 4294967296)
server:                    (* -1 (mod (+ 1 (mod main::c 4294967296)) 4294967296)))
server:                  0)
server:                (>=
server:                  (+
server:                    (mod (+ 1 (mod main::d 4294967296)) 4294967296)
server:                    (* -1 (mod (+ 1 (mod main::c 4294967296)) 4294967296)))
server:                  0)
server:                (= 0 main::e)
server:                (not (= main::e 1))
server:                (<= 1 (mod (+ 1 (mod main::c 4294967296)) 4294967296))
server:                (not (>= (mod (+ 1 (mod main::e 4294967296)) 4294967296) 4294967294))
server:                (not (>= (mod main::e 4294967296) 4294967294)))
server:              (and
server:                (or
server:                  (not (>= (div main::uint32_max 4294967296) 1))
server:                  (not (>= (mod main::uint32_max 4294967296) 2)))
server:                (>= main::e 0)
server:                (not (<= main::e 0))
server:                (or
server:                  (>= (div main::uint32_max 4294967296) 1)
server:                  (not (<= (mod main::uint32_max 4294967296) 2)))
server:                (<= main::c 0)
server:                (>= main::c 0)
server:                (or
server:                  (and
server:                    (not
server:                      (<=
server:                        (+
server:                          (* 2147483647 main::e)
server:                          (* 2147483648 main::c)
server:                          (* -2147483648 (mod main::e 4294967296))
server:                          (* -9223372032559808512 (div main::e 4294967296))
server:                          (* -4294967296 (div main::c 4294967296)))
server:                        0))
server:                    (<= main::c 0))
server:                  (and
server:                    (not
server:                      (<=
server:                        (+
server:                          (* -2147483647 main::e)
server:                          (* -2147483648 main::c)
server:                          (* 2147483648 (mod main::e 4294967296))
server:                          (* 9223372032559808512 (div main::e 4294967296))
server:                          (* 4294967296 (div main::c 4294967296)))
server:                        0))
server:                    (>= main::c 0)))
server:                (=
server:                  (mod (+ 4294967295 (mod main::uint32_max 4294967296)) 4294967296)
server:                  4294967294)
server:                (not
server:                  (<=
server:                    (+
server:                      (mod (+ 4294967295 (mod main::uint32_max 4294967296)) 4294967296)
server:                      (* -1 (mod main::d 4294967296)))
server:                    0))
server:                (= 0 main::c)
server:                (=
server:                  (mod (+ 1 (mod main::d 4294967296)) 4294967296)
server:                  (mod (+ 1 (mod main::c 4294967296)) 4294967296))
server:                (iff
server:                  (<=
server:                    (+
server:                      (mod (+ 4294967295 (mod main::uint32_max 4294967296)) 4294967296)
server:                      (* -1 (mod main::d 4294967296)))
server:                    0)
server:                  (>= (mod main::d 4294967296) 4294967294))
server:                (not (= main::d (mod (+ 1 (mod main::c 4294967296)) 4294967296)))
server:                (iff
server:                  (<=
server:                    (+
server:                      (mod (+ 4294967295 (mod main::uint32_max 4294967296)) 4294967296)
server:                      (* -1 (mod main::c 4294967296)))
server:                    0)
server:                  (>= (mod main::c 4294967296) 4294967294))
server:                (not (<= 4294967294 (mod main::c 4294967296)))
server:                (= 0 main::d)
server:                (not
server:                  (=
server:                    (mod (+ 1 (mod main::d 4294967296)) 4294967296)
server:                    (mod (+ 1 (mod main::e 4294967296)) 4294967296)))
server:                (iff
server:                  (<=
server:                    (+
server:                      (mod (+ 4294967295 (mod main::uint32_max 4294967296)) 4294967296)
server:                      (* -1 (mod main::e 4294967296)))
server:                    0)
server:                  (>= (mod main::e 4294967296) 4294967294))
server:                (= main::e (mod (+ 1 (mod main::d 4294967296)) 4294967296))
server:                (<=
server:                  (+
server:                    (mod (+ 1 (mod main::d 4294967296)) 4294967296)
server:                    (* -1 (mod (+ 1 (mod main::c 4294967296)) 4294967296)))
server:                  0)
server:                (>=
server:                  (+
server:                    (mod (+ 1 (mod main::d 4294967296)) 4294967296)
server:                    (* -1 (mod (+ 1 (mod main::c 4294967296)) 4294967296)))
server:                  0)
server:                (not (= 0 main::e))
server:                (= main::e 1)
server:                (<= 1 (mod (+ 1 (mod main::c 4294967296)) 4294967296))
server:                (not (>= (mod (+ 1 (mod main::e 4294967296)) 4294967296) 4294967294))
server:                (not (>= (mod main::e 4294967296) 4294967294)))
server:              (and
server:                (or
server:                  (not (>= (div main::uint32_max 4294967296) 1))
server:                  (not (>= (mod main::uint32_max 4294967296) 2)))
server:                (>= main::e 0)
server:                (not (<= main::e 0))
server:                (or
server:                  (>= (div main::uint32_max 4294967296) 1)
server:                  (not (<= (mod main::uint32_max 4294967296) 2)))
server:                (<= main::c 0)
server:                (>= main::c 0)
server:                (or
server:                  (and
server:                    (not
server:                      (<=
server:                        (+
server:                          (* 2147483647 main::e)
server:                          (* 2147483648 main::c)
server:                          (* -2147483648 (mod main::e 4294967296))
server:                          (* -9223372032559808512 (div main::e 4294967296))
server:                          (* -4294967296 (div main::c 4294967296)))
server:                        0))
server:                    (<= main::c 0))
server:                  (and
server:                    (not
server:                      (<=
server:                        (+
server:                          (* -2147483647 main::e)
server:                          (* -2147483648 main::c)
server:                          (* 2147483648 (mod main::e 4294967296))
server:                          (* 9223372032559808512 (div main::e 4294967296))
server:                          (* 4294967296 (div main::c 4294967296)))
server:                        0))
server:                    (>= main::c 0)))
server:                (=
server:                  (mod (+ 4294967295 (mod main::uint32_max 4294967296)) 4294967296)
server:                  4294967294)
server:                (not
server:                  (<=
server:                    (+
server:                      (mod (+ 4294967295 (mod main::uint32_max 4294967296)) 4294967296)
server:                      (* -1 (mod main::d 4294967296)))
server:                    0))
server:                (= 0 main::c)
server:                (=
server:                  (mod (+ 1 (mod main::d 4294967296)) 4294967296)
server:                  (mod (+ 1 (mod main::c 4294967296)) 4294967296))
server:                (iff
server:                  (<=
server:                    (+
server:                      (mod (+ 4294967295 (mod main::uint32_max 4294967296)) 4294967296)
server:                      (* -1 (mod main::d 4294967296)))
server:                    0)
server:                  (>= (mod main::d 4294967296) 4294967294))
server:                (not (= main::d (mod (+ 1 (mod main::c 4294967296)) 4294967296)))
server:                (iff
server:                  (<=
server:                    (+
server:                      (mod (+ 4294967295 (mod main::uint32_max 4294967296)) 4294967296)
server:                      (* -1 (mod main::c 4294967296)))
server:                    0)
server:                  (>= (mod main::c 4294967296) 4294967294))
server:                (not (<= 4294967294 (mod main::c 4294967296)))
server:                (= 0 main::d)
server:                (not
server:                  (=
server:                    (mod (+ 1 (mod main::d 4294967296)) 4294967296)
server:                    (mod (+ 1 (mod main::e 4294967296)) 4294967296)))
server:                (iff
server:                  (<=
server:                    (+
server:                      (mod (+ 4294967295 (mod main::uint32_max 4294967296)) 4294967296)
server:                      (* -1 (mod main::e 4294967296)))
server:                    0)
server:                  (>= (mod main::e 4294967296) 4294967294))
server:                (not (= main::e (mod (+ 1 (mod main::d 4294967296)) 4294967296)))
server:                (<=
server:                  (+
server:                    (mod (+ 1 (mod main::d 4294967296)) 4294967296)
server:                    (* -1 (mod (+ 1 (mod main::c 4294967296)) 4294967296)))
server:                  0)
server:                (>=
server:                  (+
server:                    (mod (+ 1 (mod main::d 4294967296)) 4294967296)
server:                    (* -1 (mod (+ 1 (mod main::c 4294967296)) 4294967296)))
server:                  0)
server:                (not (= 0 main::e))
server:                (not (= main::e 1))
server:                (<= 1 (mod (+ 1 (mod main::c 4294967296)) 4294967296))
server:                (not (>= (mod (+ 1 (mod main::e 4294967296)) 4294967296) 4294967294))
server:                (not (>= (mod main::e 4294967296) 4294967294)))
server:              (and
server:                (or
server:                  (not (>= (div main::uint32_max 4294967296) 1))
server:                  (not (>= (mod main::uint32_max 4294967296) 2)))
server:                (>= main::e 0)
server:                (not (<= main::e 0))
server:                (or
server:                  (>= (div main::uint32_max 4294967296) 1)
server:                  (not (<= (mod main::uint32_max 4294967296) 2)))
server:                (<= main::c 0)
server:                (>= main::c 0)
server:                (or
server:                  (and
server:                    (not
server:                      (<=
server:                        (+
server:                          (* 2147483647 main::e)
server:                          (* 2147483648 main::c)
server:                          (* -2147483648 (mod main::e 4294967296))
server:                          (* -9223372032559808512 (div main::e 4294967296))
server:                          (* -4294967296 (div main::c 4294967296)))
server:                        0))
server:                    (<= main::c 0))
server:                  (and
server:                    (not
server:                      (<=
server:                        (+
server:                          (* -2147483647 main::e)
server:                          (* -2147483648 main::c)
server:                          (* 2147483648 (mod main::e 4294967296))
server:                          (* 9223372032559808512 (div main::e 4294967296))
server:                          (* 4294967296 (div main::c 4294967296)))
server:                        0))
server:                    (>= main::c 0)))
server:                (=
server:                  (mod (+ 4294967295 (mod main::uint32_max 4294967296)) 4294967296)
server:                  4294967294)
server:                (not
server:                  (<=
server:                    (+
server:                      (mod (+ 4294967295 (mod main::uint32_max 4294967296)) 4294967296)
server:                      (* -1 (mod main::d 4294967296)))
server:                    0))
server:                (= 0 main::c)
server:                (=
server:                  (mod (+ 1 (mod main::d 4294967296)) 4294967296)
server:                  (mod (+ 1 (mod main::c 4294967296)) 4294967296))
server:                (iff
server:                  (<=
server:                    (+
server:                      (mod (+ 4294967295 (mod main::uint32_max 4294967296)) 4294967296)
server:                      (* -1 (mod main::d 4294967296)))
server:                    0)
server:                  (>= (mod main::d 4294967296) 4294967294))
server:                (not (= main::d (mod (+ 1 (mod main::c 4294967296)) 4294967296)))
server:                (iff
server:                  (<=
server:                    (+
server:                      (mod (+ 4294967295 (mod main::uint32_max 4294967296)) 4294967296)
server:                      (* -1 (mod main::c 4294967296)))
server:                    0)
server:                  (>= (mod main::c 4294967296) 4294967294))
server:                (not (<= 4294967294 (mod main::c 4294967296)))
server:                (= 0 main::d)
server:                (not
server:                  (=
server:                    (mod (+ 1 (mod main::d 4294967296)) 4294967296)
server:                    (mod (+ 1 (mod main::e 4294967296)) 4294967296)))
server:                (iff
server:                  (<=
server:                    (+
server:                      (mod (+ 4294967295 (mod main::uint32_max 4294967296)) 4294967296)
server:                      (* -1 (mod main::e 4294967296)))
server:                    0)
server:                  (>= (mod main::e 4294967296) 4294967294))
server:                (not (= main::e (mod (+ 1 (mod main::d 4294967296)) 4294967296)))
server:                (<=
server:                  (+
server:                    (mod (+ 1 (mod main::d 4294967296)) 4294967296)
server:                    (* -1 (mod (+ 1 (mod main::c 4294967296)) 4294967296)))
server:                  0)
server:                (>=
server:                  (+
server:                    (mod (+ 1 (mod main::d 4294967296)) 4294967296)
server:                    (* -1 (mod (+ 1 (mod main::c 4294967296)) 4294967296)))
server:                  0)
server:                (not (= 0 main::e))
server:                (not (= main::e 1))
server:                (<= 1 (mod (+ 1 (mod main::c 4294967296)) 4294967296))
server:                (not (>= (mod main::e 4294967296) 4294967294)))
server:              (and
server:                (or
server:                  (not (>= (div main::uint32_max 4294967296) 1))
server:                  (not (>= (mod main::uint32_max 4294967296) 2)))
server:                (>= main::e 0)
server:                (not (<= main::e 0))
server:                (or
server:                  (>= (div main::uint32_max 4294967296) 1)
server:                  (not (<= (mod main::uint32_max 4294967296) 2)))
server:                (<= main::c 0)
server:                (>= main::c 0)
server:                (or
server:                  (and
server:                    (not
server:                      (<=
server:                        (+
server:                          (* 2147483647 main::e)
server:                          (* 2147483648 main::c)
server:                          (* -2147483648 (mod main::e 4294967296))
server:                          (* -9223372032559808512 (div main::e 4294967296))
server:                          (* -4294967296 (div main::c 4294967296)))
server:                        0))
server:                    (<= main::c 0))
server:                  (and
server:                    (not
server:                      (<=
server:                        (+
server:                          (* -2147483647 main::e)
server:                          (* -2147483648 main::c)
server:                          (* 2147483648 (mod main::e 4294967296))
server:                          (* 9223372032559808512 (div main::e 4294967296))
server:                          (* 4294967296 (div main::c 4294967296)))
server:                        0))
server:                    (>= main::c 0)))
server:                (=
server:                  (mod (+ 4294967295 (mod main::uint32_max 4294967296)) 4294967296)
server:                  4294967294)
server:                (not
server:                  (<=
server:                    (+
server:                      (mod (+ 4294967295 (mod main::uint32_max 4294967296)) 4294967296)
server:                      (* -1 (mod main::d 4294967296)))
server:                    0))
server:                (= 0 main::c)
server:                (=
server:                  (mod (+ 1 (mod main::d 4294967296)) 4294967296)
server:                  (mod (+ 1 (mod main::c 4294967296)) 4294967296))
server:                (iff
server:                  (<=
server:                    (+
server:                      (mod (+ 4294967295 (mod main::uint32_max 4294967296)) 4294967296)
server:                      (* -1 (mod main::d 4294967296)))
server:                    0)
server:                  (>= (mod main::d 4294967296) 4294967294))
server:                (not (= main::d (mod (+ 1 (mod main::c 4294967296)) 4294967296)))
server:                (iff
server:                  (<=
server:                    (+
server:                      (mod (+ 4294967295 (mod main::uint32_max 4294967296)) 4294967296)
server:                      (* -1 (mod main::c 4294967296)))
server:                    0)
server:                  (>= (mod main::c 4294967296) 4294967294))
server:                (not (<= 4294967294 (mod main::c 4294967296)))
server:                (= 0 main::d)
server:                (not
server:                  (=
server:                    (mod (+ 1 (mod main::d 4294967296)) 4294967296)
server:                    (mod (+ 1 (mod main::e 4294967296)) 4294967296)))
server:                (iff
server:                  (<=
server:                    (+
server:                      (mod (+ 4294967295 (mod main::uint32_max 4294967296)) 4294967296)
server:                      (* -1 (mod main::e 4294967296)))
server:                    0)
server:                  (>= (mod main::e 4294967296) 4294967294))
server:                (not (= main::e (mod (+ 1 (mod main::d 4294967296)) 4294967296)))
server:                (<=
server:                  (+
server:                    (mod (+ 1 (mod main::d 4294967296)) 4294967296)
server:                    (* -1 (mod (+ 1 (mod main::c 4294967296)) 4294967296)))
server:                  0)
server:                (>=
server:                  (+
server:                    (mod (+ 1 (mod main::d 4294967296)) 4294967296)
server:                    (* -1 (mod (+ 1 (mod main::c 4294967296)) 4294967296)))
server:                  0)
server:                (not (= 0 main::e))
server:                (not (= main::e 1))
server:                (<= 1 (mod (+ 1 (mod main::c 4294967296)) 4294967296))
server:                (not (>= (mod main::e 4294967296) 4294967294)))
server:              (and
server:                (or
server:                  (not (>= (div main::uint32_max 4294967296) 1))
server:                  (not (>= (mod main::uint32_max 4294967296) 2)))
server:                (>= main::e 0)
server:                (<= main::e 0)
server:                (or
server:                  (>= (div main::uint32_max 4294967296) 1)
server:                  (not (<= (mod main::uint32_max 4294967296) 2)))
server:                (<= main::c 0)
server:                (>= main::c 0)
server:                (not
server:                  (or
server:                    (and
server:                      (not
server:                        (<=
server:                          (+
server:                            (* 2147483647 main::e)
server:                            (* 2147483648 main::c)
server:                            (* -2147483648 (mod main::e 4294967296))
server:                            (* -9223372032559808512 (div main::e 4294967296))
server:                            (* -4294967296 (div main::c 4294967296)))
server:                          0))
server:                      (<= main::c 0))
server:                    (and
server:                      (not
server:                        (<=
server:                          (+
server:                            (* -2147483647 main::e)
server:                            (* -2147483648 main::c)
server:                            (* 2147483648 (mod main::e 4294967296))
server:                            (* 9223372032559808512 (div main::e 4294967296))
server:                            (* 4294967296 (div main::c 4294967296)))
server:                          0))
server:                      (>= main::c 0))))
server:                (=
server:                  (mod (+ 4294967295 (mod main::uint32_max 4294967296)) 4294967296)
server:                  4294967294)
server:                (not
server:                  (<=
server:                    (+
server:                      (mod (+ 4294967295 (mod main::uint32_max 4294967296)) 4294967296)
server:                      (* -1 (mod main::d 4294967296)))
server:                    0))
server:                (= 0 main::c)
server:                (not
server:                  (=
server:                    (mod (+ 1 (mod main::d 4294967296)) 4294967296)
server:                    (mod (+ 1 (mod main::c 4294967296)) 4294967296)))
server:                (iff
server:                  (<=
server:                    (+
server:                      (mod (+ 4294967295 (mod main::uint32_max 4294967296)) 4294967296)
server:                      (* -1 (mod main::d 4294967296)))
server:                    0)
server:                  (>= (mod main::d 4294967296) 4294967294))
server:                (= main::d (mod (+ 1 (mod main::c 4294967296)) 4294967296))
server:                (iff
server:                  (<=
server:                    (+
server:                      (mod (+ 4294967295 (mod main::uint32_max 4294967296)) 4294967296)
server:                      (* -1 (mod main::c 4294967296)))
server:                    0)
server:                  (>= (mod main::c 4294967296) 4294967294))
server:                (not (<= 4294967294 (mod main::c 4294967296)))
server:                (not (= 0 main::d))
server:                (not
server:                  (=
server:                    (mod (+ 1 (mod main::d 4294967296)) 4294967296)
server:                    (mod (+ 1 (mod main::e 4294967296)) 4294967296)))
server:                (iff
server:                  (<=
server:                    (+
server:                      (mod (+ 4294967295 (mod main::uint32_max 4294967296)) 4294967296)
server:                      (* -1 (mod main::e 4294967296)))
server:                    0)
server:                  (>= (mod main::e 4294967296) 4294967294))
server:                (not (= main::e (mod (+ 1 (mod main::d 4294967296)) 4294967296)))
server:                (not
server:                  (<=
server:                    (+
server:                      (mod (+ 1 (mod main::d 4294967296)) 4294967296)
server:                      (* -1 (mod (+ 1 (mod main::c 4294967296)) 4294967296)))
server:                    0))
server:                (>=
server:                  (+
server:                    (mod (+ 1 (mod main::d 4294967296)) 4294967296)
server:                    (* -1 (mod (+ 1 (mod main::c 4294967296)) 4294967296)))
server:                  0)
server:                (= 0 main::e)
server:                (not (= main::e 1))
server:                (<= 1 (mod (+ 1 (mod main::c 4294967296)) 4294967296))
server:                (not (>= (mod (+ 1 (mod main::e 4294967296)) 4294967296) 4294967294))
server:                (not (>= (mod main::e 4294967296) 4294967294)))
server:              (and
server:                (or
server:                  (not (>= (div main::uint32_max 4294967296) 1))
server:                  (not (>= (mod main::uint32_max 4294967296) 2)))
server:                (>= main::e 0)
server:                (not (<= main::e 0))
server:                (or
server:                  (>= (div main::uint32_max 4294967296) 1)
server:                  (not (<= (mod main::uint32_max 4294967296) 2)))
server:                (<= main::c 0)
server:                (>= main::c 0)
server:                (or
server:                  (and
server:                    (not
server:                      (<=
server:                        (+
server:                          (* 2147483647 main::e)
server:                          (* 2147483648 main::c)
server:                          (* -2147483648 (mod main::e 4294967296))
server:                          (* -9223372032559808512 (div main::e 4294967296))
server:                          (* -4294967296 (div main::c 4294967296)))
server:                        0))
server:                    (<= main::c 0))
server:                  (and
server:                    (not
server:                      (<=
server:                        (+
server:                          (* -2147483647 main::e)
server:                          (* -2147483648 main::c)
server:                          (* 2147483648 (mod main::e 4294967296))
server:                          (* 9223372032559808512 (div main::e 4294967296))
server:                          (* 4294967296 (div main::c 4294967296)))
server:                        0))
server:                    (>= main::c 0)))
server:                (=
server:                  (mod (+ 4294967295 (mod main::uint32_max 4294967296)) 4294967296)
server:                  4294967294)
server:                (not
server:                  (<=
server:                    (+
server:                      (mod (+ 4294967295 (mod main::uint32_max 4294967296)) 4294967296)
server:                      (* -1 (mod main::d 4294967296)))
server:                    0))
server:                (= 0 main::c)
server:                (not
server:                  (=
server:                    (mod (+ 1 (mod main::d 4294967296)) 4294967296)
server:                    (mod (+ 1 (mod main::c 4294967296)) 4294967296)))
server:                (iff
server:                  (<=
server:                    (+
server:                      (mod (+ 4294967295 (mod main::uint32_max 4294967296)) 4294967296)
server:                      (* -1 (mod main::d 4294967296)))
server:                    0)
server:                  (>= (mod main::d 4294967296) 4294967294))
server:                (= main::d (mod (+ 1 (mod main::c 4294967296)) 4294967296))
server:                (iff
server:                  (<=
server:                    (+
server:                      (mod (+ 4294967295 (mod main::uint32_max 4294967296)) 4294967296)
server:                      (* -1 (mod main::c 4294967296)))
server:                    0)
server:                  (>= (mod main::c 4294967296) 4294967294))
server:                (not (<= 4294967294 (mod main::c 4294967296)))
server:                (not (= 0 main::d))
server:                (=
server:                  (mod (+ 1 (mod main::d 4294967296)) 4294967296)
server:                  (mod (+ 1 (mod main::e 4294967296)) 4294967296))
server:                (iff
server:                  (<=
server:                    (+
server:                      (mod (+ 4294967295 (mod main::uint32_max 4294967296)) 4294967296)
server:                      (* -1 (mod main::e 4294967296)))
server:                    0)
server:                  (>= (mod main::e 4294967296) 4294967294))
server:                (not (= main::e (mod (+ 1 (mod main::d 4294967296)) 4294967296)))
server:                (not
server:                  (<=
server:                    (+
server:                      (mod (+ 1 (mod main::d 4294967296)) 4294967296)
server:                      (* -1 (mod (+ 1 (mod main::c 4294967296)) 4294967296)))
server:                    0))
server:                (>=
server:                  (+
server:                    (mod (+ 1 (mod main::d 4294967296)) 4294967296)
server:                    (* -1 (mod (+ 1 (mod main::c 4294967296)) 4294967296)))
server:                  0)
server:                (not (= 0 main::e))
server:                (= main::e 1)
server:                (<= 1 (mod (+ 1 (mod main::c 4294967296)) 4294967296))
server:                (not (>= (mod (+ 1 (mod main::e 4294967296)) 4294967296) 4294967294))
server:                (not (>= (mod main::e 4294967296) 4294967294)))
server:              (and
server:                (or
server:                  (not (>= (div main::uint32_max 4294967296) 1))
server:                  (not (>= (mod main::uint32_max 4294967296) 2)))
server:                (>= main::e 0)
server:                (not (<= main::e 0))
server:                (or
server:                  (>= (div main::uint32_max 4294967296) 1)
server:                  (not (<= (mod main::uint32_max 4294967296) 2)))
server:                (<= main::c 0)
server:                (>= main::c 0)
server:                (or
server:                  (and
server:                    (not
server:                      (<=
server:                        (+
server:                          (* 2147483647 main::e)
server:                          (* 2147483648 main::c)
server:                          (* -2147483648 (mod main::e 4294967296))
server:                          (* -9223372032559808512 (div main::e 4294967296))
server:                          (* -4294967296 (div main::c 4294967296)))
server:                        0))
server:                    (<= main::c 0))
server:                  (and
server:                    (not
server:                      (<=
server:                        (+
server:                          (* -2147483647 main::e)
server:                          (* -2147483648 main::c)
server:                          (* 2147483648 (mod main::e 4294967296))
server:                          (* 9223372032559808512 (div main::e 4294967296))
server:                          (* 4294967296 (div main::c 4294967296)))
server:                        0))
server:                    (>= main::c 0)))
server:                (=
server:                  (mod (+ 4294967295 (mod main::uint32_max 4294967296)) 4294967296)
server:                  4294967294)
server:                (not
server:                  (<=
server:                    (+
server:                      (mod (+ 4294967295 (mod main::uint32_max 4294967296)) 4294967296)
server:                      (* -1 (mod main::d 4294967296)))
server:                    0))
server:                (= 0 main::c)
server:                (not
server:                  (=
server:                    (mod (+ 1 (mod main::d 4294967296)) 4294967296)
server:                    (mod (+ 1 (mod main::c 4294967296)) 4294967296)))
server:                (iff
server:                  (<=
server:                    (+
server:                      (mod (+ 4294967295 (mod main::uint32_max 4294967296)) 4294967296)
server:                      (* -1 (mod main::d 4294967296)))
server:                    0)
server:                  (>= (mod main::d 4294967296) 4294967294))
server:                (= main::d (mod (+ 1 (mod main::c 4294967296)) 4294967296))
server:                (iff
server:                  (<=
server:                    (+
server:                      (mod (+ 4294967295 (mod main::uint32_max 4294967296)) 4294967296)
server:                      (* -1 (mod main::c 4294967296)))
server:                    0)
server:                  (>= (mod main::c 4294967296) 4294967294))
server:                (not (<= 4294967294 (mod main::c 4294967296)))
server:                (not (= 0 main::d))
server:                (not
server:                  (=
server:                    (mod (+ 1 (mod main::d 4294967296)) 4294967296)
server:                    (mod (+ 1 (mod main::e 4294967296)) 4294967296)))
server:                (iff
server:                  (<=
server:                    (+
server:                      (mod (+ 4294967295 (mod main::uint32_max 4294967296)) 4294967296)
server:                      (* -1 (mod main::e 4294967296)))
server:                    0)
server:                  (>= (mod main::e 4294967296) 4294967294))
server:                (= main::e (mod (+ 1 (mod main::d 4294967296)) 4294967296))
server:                (not
server:                  (<=
server:                    (+
server:                      (mod (+ 1 (mod main::d 4294967296)) 4294967296)
server:                      (* -1 (mod (+ 1 (mod main::c 4294967296)) 4294967296)))
server:                    0))
server:                (>=
server:                  (+
server:                    (mod (+ 1 (mod main::d 4294967296)) 4294967296)
server:                    (* -1 (mod (+ 1 (mod main::c 4294967296)) 4294967296)))
server:                  0)
server:                (not (= 0 main::e))
server:                (not (= main::e 1))
server:                (<= 1 (mod (+ 1 (mod main::c 4294967296)) 4294967296))
server:                (not (>= (mod (+ 1 (mod main::e 4294967296)) 4294967296) 4294967294))
server:                (not (>= (mod main::e 4294967296) 4294967294)))
server:              (and
server:                (or
server:                  (not (>= (div main::uint32_max 4294967296) 1))
server:                  (not (>= (mod main::uint32_max 4294967296) 2)))
server:                (>= main::e 0)
server:                (not (<= main::e 0))
server:                (or
server:                  (>= (div main::uint32_max 4294967296) 1)
server:                  (not (<= (mod main::uint32_max 4294967296) 2)))
server:                (<= main::c 0)
server:                (>= main::c 0)
server:                (or
server:                  (and
server:                    (not
server:                      (<=
server:                        (+
server:                          (* 2147483647 main::e)
server:                          (* 2147483648 main::c)
server:                          (* -2147483648 (mod main::e 4294967296))
server:                          (* -9223372032559808512 (div main::e 4294967296))
server:                          (* -4294967296 (div main::c 4294967296)))
server:                        0))
server:                    (<= main::c 0))
server:                  (and
server:                    (not
server:                      (<=
server:                        (+
server:                          (* -2147483647 main::e)
server:                          (* -2147483648 main::c)
server:                          (* 2147483648 (mod main::e 4294967296))
server:                          (* 9223372032559808512 (div main::e 4294967296))
server:                          (* 4294967296 (div main::c 4294967296)))
server:                        0))
server:                    (>= main::c 0)))
server:                (=
server:                  (mod (+ 4294967295 (mod main::uint32_max 4294967296)) 4294967296)
server:                  4294967294)
server:                (not
server:                  (<=
server:                    (+
server:                      (mod (+ 4294967295 (mod main::uint32_max 4294967296)) 4294967296)
server:                      (* -1 (mod main::d 4294967296)))
server:                    0))
server:                (= 0 main::c)
server:                (not
server:                  (=
server:                    (mod (+ 1 (mod main::d 4294967296)) 4294967296)
server:                    (mod (+ 1 (mod main::c 4294967296)) 4294967296)))
server:                (iff
server:                  (<=
server:                    (+
server:                      (mod (+ 4294967295 (mod main::uint32_max 4294967296)) 4294967296)
server:                      (* -1 (mod main::d 4294967296)))
server:                    0)
server:                  (>= (mod main::d 4294967296) 4294967294))
server:                (= main::d (mod (+ 1 (mod main::c 4294967296)) 4294967296))
server:                (iff
server:                  (<=
server:                    (+
server:                      (mod (+ 4294967295 (mod main::uint32_max 4294967296)) 4294967296)
server:                      (* -1 (mod main::c 4294967296)))
server:                    0)
server:                  (>= (mod main::c 4294967296) 4294967294))
server:                (not (<= 4294967294 (mod main::c 4294967296)))
server:                (not (= 0 main::d))
server:                (not
server:                  (=
server:                    (mod (+ 1 (mod main::d 4294967296)) 4294967296)
server:                    (mod (+ 1 (mod main::e 4294967296)) 4294967296)))
server:                (iff
server:                  (<=
server:                    (+
server:                      (mod (+ 4294967295 (mod main::uint32_max 4294967296)) 4294967296)
server:                      (* -1 (mod main::e 4294967296)))
server:                    0)
server:                  (>= (mod main::e 4294967296) 4294967294))
server:                (not (= main::e (mod (+ 1 (mod main::d 4294967296)) 4294967296)))
server:                (not
server:                  (<=
server:                    (+
server:                      (mod (+ 1 (mod main::d 4294967296)) 4294967296)
server:                      (* -1 (mod (+ 1 (mod main::c 4294967296)) 4294967296)))
server:                    0))
server:                (>=
server:                  (+
server:                    (mod (+ 1 (mod main::d 4294967296)) 4294967296)
server:                    (* -1 (mod (+ 1 (mod main::c 4294967296)) 4294967296)))
server:                  0)
server:                (not (= 0 main::e))
server:                (not (= main::e 1))
server:                (<= 1 (mod (+ 1 (mod main::c 4294967296)) 4294967296))
server:                (not (>= (mod (+ 1 (mod main::e 4294967296)) 4294967296) 4294967294))
server:                (not (>= (mod main::e 4294967296) 4294967294)))
server:              (and
server:                (or
server:                  (not (>= (div main::uint32_max 4294967296) 1))
server:                  (not (>= (mod main::uint32_max 4294967296) 2)))
server:                (>= main::e 0)
server:                (not (<= main::e 0))
server:                (or
server:                  (>= (div main::uint32_max 4294967296) 1)
server:                  (not (<= (mod main::uint32_max 4294967296) 2)))
server:                (<= main::c 0)
server:                (>= main::c 0)
server:                (or
server:                  (and
server:                    (not
server:                      (<=
server:                        (+
server:                          (* 2147483647 main::e)
server:                          (* 2147483648 main::c)
server:                          (* -2147483648 (mod main::e 4294967296))
server:                          (* -9223372032559808512 (div main::e 4294967296))
server:                          (* -4294967296 (div main::c 4294967296)))
server:                        0))
server:                    (<= main::c 0))
server:                  (and
server:                    (not
server:                      (<=
server:                        (+
server:                          (* -2147483647 main::e)
server:                          (* -2147483648 main::c)
server:                          (* 2147483648 (mod main::e 4294967296))
server:                          (* 9223372032559808512 (div main::e 4294967296))
server:                          (* 4294967296 (div main::c 4294967296)))
server:                        0))
server:                    (>= main::c 0)))
server:                (=
server:                  (mod (+ 4294967295 (mod main::uint32_max 4294967296)) 4294967296)
server:                  4294967294)
server:                (not
server:                  (<=
server:                    (+
server:                      (mod (+ 4294967295 (mod main::uint32_max 4294967296)) 4294967296)
server:                      (* -1 (mod main::d 4294967296)))
server:                    0))
server:                (= 0 main::c)
server:                (not
server:                  (=
server:                    (mod (+ 1 (mod main::d 4294967296)) 4294967296)
server:                    (mod (+ 1 (mod main::c 4294967296)) 4294967296)))
server:                (iff
server:                  (<=
server:                    (+
server:                      (mod (+ 4294967295 (mod main::uint32_max 4294967296)) 4294967296)
server:                      (* -1 (mod main::d 4294967296)))
server:                    0)
server:                  (>= (mod main::d 4294967296) 4294967294))
server:                (= main::d (mod (+ 1 (mod main::c 4294967296)) 4294967296))
server:                (iff
server:                  (<=
server:                    (+
server:                      (mod (+ 4294967295 (mod main::uint32_max 4294967296)) 4294967296)
server:                      (* -1 (mod main::c 4294967296)))
server:                    0)
server:                  (>= (mod main::c 4294967296) 4294967294))
server:                (not (<= 4294967294 (mod main::c 4294967296)))
server:                (not (= 0 main::d))
server:                (not
server:                  (=
server:                    (mod (+ 1 (mod main::d 4294967296)) 4294967296)
server:                    (mod (+ 1 (mod main::e 4294967296)) 4294967296)))
server:                (iff
server:                  (<=
server:                    (+
server:                      (mod (+ 4294967295 (mod main::uint32_max 4294967296)) 4294967296)
server:                      (* -1 (mod main::e 4294967296)))
server:                    0)
server:                  (>= (mod main::e 4294967296) 4294967294))
server:                (not (= main::e (mod (+ 1 (mod main::d 4294967296)) 4294967296)))
server:                (not
server:                  (<=
server:                    (+
server:                      (mod (+ 1 (mod main::d 4294967296)) 4294967296)
server:                      (* -1 (mod (+ 1 (mod main::c 4294967296)) 4294967296)))
server:                    0))
server:                (>=
server:                  (+
server:                    (mod (+ 1 (mod main::d 4294967296)) 4294967296)
server:                    (* -1 (mod (+ 1 (mod main::c 4294967296)) 4294967296)))
server:                  0)
server:                (not (= 0 main::e))
server:                (not (= main::e 1))
server:                (<= 1 (mod (+ 1 (mod main::c 4294967296)) 4294967296))
server:                (not (>= (mod main::e 4294967296) 4294967294)))
server:              (and
server:                (or
server:                  (not (>= (div main::uint32_max 4294967296) 1))
server:                  (not (>= (mod main::uint32_max 4294967296) 2)))
server:                (>= main::e 0)
server:                (not (<= main::e 0))
server:                (or
server:                  (>= (div main::uint32_max 4294967296) 1)
server:                  (not (<= (mod main::uint32_max 4294967296) 2)))
server:                (<= main::c 0)
server:                (>= main::c 0)
server:                (or
server:                  (and
server:                    (not
server:                      (<=
server:                        (+
server:                          (* 2147483647 main::e)
server:                          (* 2147483648 main::c)
server:                          (* -2147483648 (mod main::e 4294967296))
server:                          (* -9223372032559808512 (div main::e 4294967296))
server:                          (* -4294967296 (div main::c 4294967296)))
server:                        0))
server:                    (<= main::c 0))
server:                  (and
server:                    (not
server:                      (<=
server:                        (+
server:                          (* -2147483647 main::e)
server:                          (* -2147483648 main::c)
server:                          (* 2147483648 (mod main::e 4294967296))
server:                          (* 9223372032559808512 (div main::e 4294967296))
server:                          (* 4294967296 (div main::c 4294967296)))
server:                        0))
server:                    (>= main::c 0)))
server:                (=
server:                  (mod (+ 4294967295 (mod main::uint32_max 4294967296)) 4294967296)
server:                  4294967294)
server:                (not
server:                  (<=
server:                    (+
server:                      (mod (+ 4294967295 (mod main::uint32_max 4294967296)) 4294967296)
server:                      (* -1 (mod main::d 4294967296)))
server:                    0))
server:                (= 0 main::c)
server:                (not
server:                  (=
server:                    (mod (+ 1 (mod main::d 4294967296)) 4294967296)
server:                    (mod (+ 1 (mod main::c 4294967296)) 4294967296)))
server:                (iff
server:                  (<=
server:                    (+
server:                      (mod (+ 4294967295 (mod main::uint32_max 4294967296)) 4294967296)
server:                      (* -1 (mod main::d 4294967296)))
server:                    0)
server:                  (>= (mod main::d 4294967296) 4294967294))
server:                (= main::d (mod (+ 1 (mod main::c 4294967296)) 4294967296))
server:                (iff
server:                  (<=
server:                    (+
server:                      (mod (+ 4294967295 (mod main::uint32_max 4294967296)) 4294967296)
server:                      (* -1 (mod main::c 4294967296)))
server:                    0)
server:                  (>= (mod main::c 4294967296) 4294967294))
server:                (not (<= 4294967294 (mod main::c 4294967296)))
server:                (not (= 0 main::d))
server:                (not
server:                  (=
server:                    (mod (+ 1 (mod main::d 4294967296)) 4294967296)
server:                    (mod (+ 1 (mod main::e 4294967296)) 4294967296)))
server:                (iff
server:                  (<=
server:                    (+
server:                      (mod (+ 4294967295 (mod main::uint32_max 4294967296)) 4294967296)
server:                      (* -1 (mod main::e 4294967296)))
server:                    0)
server:                  (>= (mod main::e 4294967296) 4294967294))
server:                (not (= main::e (mod (+ 1 (mod main::d 4294967296)) 4294967296)))
server:                (not
server:                  (<=
server:                    (+
server:                      (mod (+ 1 (mod main::d 4294967296)) 4294967296)
server:                      (* -1 (mod (+ 1 (mod main::c 4294967296)) 4294967296)))
server:                    0))
server:                (>=
server:                  (+
server:                    (mod (+ 1 (mod main::d 4294967296)) 4294967296)
server:                    (* -1 (mod (+ 1 (mod main::c 4294967296)) 4294967296)))
server:                  0)
server:                (not (= 0 main::e))
server:                (not (= main::e 1))
server:                (<= 1 (mod (+ 1 (mod main::c 4294967296)) 4294967296))
server:                (not (>= (mod main::e 4294967296) 4294967294)))
server:              (and
server:                (or
server:                  (not (>= (div main::uint32_max 4294967296) 1))
server:                  (not (>= (mod main::uint32_max 4294967296) 2)))
server:                (>= main::e 0)
server:                (<= main::e 0)
server:                (or
server:                  (>= (div main::uint32_max 4294967296) 1)
server:                  (not (<= (mod main::uint32_max 4294967296) 2)))
server:                (<= main::c 0)
server:                (>= main::c 0)
server:                (not
server:                  (or
server:                    (and
server:                      (not
server:                        (<=
server:                          (+
server:                            (* 2147483647 main::e)
server:                            (* 2147483648 main::c)
server:                            (* -2147483648 (mod main::e 4294967296))
server:                            (* -9223372032559808512 (div main::e 4294967296))
server:                            (* -4294967296 (div main::c 4294967296)))
server:                          0))
server:                      (<= main::c 0))
server:                    (and
server:                      (not
server:                        (<=
server:                          (+
server:                            (* -2147483647 main::e)
server:                            (* -2147483648 main::c)
server:                            (* 2147483648 (mod main::e 4294967296))
server:                            (* 9223372032559808512 (div main::e 4294967296))
server:                            (* 4294967296 (div main::c 4294967296)))
server:                          0))
server:                      (>= main::c 0))))
server:                (=
server:                  (mod (+ 4294967295 (mod main::uint32_max 4294967296)) 4294967296)
server:                  4294967294)
server:                (not
server:                  (<=
server:                    (+
server:                      (mod (+ 4294967295 (mod main::uint32_max 4294967296)) 4294967296)
server:                      (* -1 (mod main::d 4294967296)))
server:                    0))
server:                (= 0 main::c)
server:                (not
server:                  (=
server:                    (mod (+ 1 (mod main::d 4294967296)) 4294967296)
server:                    (mod (+ 1 (mod main::c 4294967296)) 4294967296)))
server:                (iff
server:                  (<=
server:                    (+
server:                      (mod (+ 4294967295 (mod main::uint32_max 4294967296)) 4294967296)
server:                      (* -1 (mod main::d 4294967296)))
server:                    0)
server:                  (>= (mod main::d 4294967296) 4294967294))
server:                (not (= main::d (mod (+ 1 (mod main::c 4294967296)) 4294967296)))
server:                (iff
server:                  (<=
server:                    (+
server:                      (mod (+ 4294967295 (mod main::uint32_max 4294967296)) 4294967296)
server:                      (* -1 (mod main::c 4294967296)))
server:                    0)
server:                  (>= (mod main::c 4294967296) 4294967294))
server:                (not (<= 4294967294 (mod main::c 4294967296)))
server:                (not (= 0 main::d))
server:                (not
server:                  (=
server:                    (mod (+ 1 (mod main::d 4294967296)) 4294967296)
server:                    (mod (+ 1 (mod main::e 4294967296)) 4294967296)))
server:                (iff
server:                  (<=
server:                    (+
server:                      (mod (+ 4294967295 (mod main::uint32_max 4294967296)) 4294967296)
server:                      (* -1 (mod main::e 4294967296)))
server:                    0)
server:                  (>= (mod main::e 4294967296) 4294967294))
server:                (not (= main::e (mod (+ 1 (mod main::d 4294967296)) 4294967296)))
server:                (not
server:                  (<=
server:                    (+
server:                      (mod (+ 1 (mod main::d 4294967296)) 4294967296)
server:                      (* -1 (mod (+ 1 (mod main::c 4294967296)) 4294967296)))
server:                    0))
server:                (>=
server:                  (+
server:                    (mod (+ 1 (mod main::d 4294967296)) 4294967296)
server:                    (* -1 (mod (+ 1 (mod main::c 4294967296)) 4294967296)))
server:                  0)
server:                (= 0 main::e)
server:                (not (= main::e 1))
server:                (<= 1 (mod (+ 1 (mod main::c 4294967296)) 4294967296))
server:                (not (>= (mod (+ 1 (mod main::e 4294967296)) 4294967296) 4294967294))
server:                (not (>= (mod main::e 4294967296) 4294967294)))
server:              (and
server:                (or
server:                  (not (>= (div main::uint32_max 4294967296) 1))
server:                  (not (>= (mod main::uint32_max 4294967296) 2)))
server:                (>= main::e 0)
server:                (not (<= main::e 0))
server:                (or
server:                  (>= (div main::uint32_max 4294967296) 1)
server:                  (not (<= (mod main::uint32_max 4294967296) 2)))
server:                (<= main::c 0)
server:                (>= main::c 0)
server:                (or
server:                  (and
server:                    (not
server:                      (<=
server:                        (+
server:                          (* 2147483647 main::e)
server:                          (* 2147483648 main::c)
server:                          (* -2147483648 (mod main::e 4294967296))
server:                          (* -9223372032559808512 (div main::e 4294967296))
server:                          (* -4294967296 (div main::c 4294967296)))
server:                        0))
server:                    (<= main::c 0))
server:                  (and
server:                    (not
server:                      (<=
server:                        (+
server:                          (* -2147483647 main::e)
server:                          (* -2147483648 main::c)
server:                          (* 2147483648 (mod main::e 4294967296))
server:                          (* 9223372032559808512 (div main::e 4294967296))
server:                          (* 4294967296 (div main::c 4294967296)))
server:                        0))
server:                    (>= main::c 0)))
server:                (=
server:                  (mod (+ 4294967295 (mod main::uint32_max 4294967296)) 4294967296)
server:                  4294967294)
server:                (not
server:                  (<=
server:                    (+
server:                      (mod (+ 4294967295 (mod main::uint32_max 4294967296)) 4294967296)
server:                      (* -1 (mod main::d 4294967296)))
server:                    0))
server:                (= 0 main::c)
server:                (not
server:                  (=
server:                    (mod (+ 1 (mod main::d 4294967296)) 4294967296)
server:                    (mod (+ 1 (mod main::c 4294967296)) 4294967296)))
server:                (iff
server:                  (<=
server:                    (+
server:                      (mod (+ 4294967295 (mod main::uint32_max 4294967296)) 4294967296)
server:                      (* -1 (mod main::d 4294967296)))
server:                    0)
server:                  (>= (mod main::d 4294967296) 4294967294))
server:                (not (= main::d (mod (+ 1 (mod main::c 4294967296)) 4294967296)))
server:                (iff
server:                  (<=
server:                    (+
server:                      (mod (+ 4294967295 (mod main::uint32_max 4294967296)) 4294967296)
server:                      (* -1 (mod main::c 4294967296)))
server:                    0)
server:                  (>= (mod main::c 4294967296) 4294967294))
server:                (not (<= 4294967294 (mod main::c 4294967296)))
server:                (not (= 0 main::d))
server:                (iff
server:                  (<=
server:                    (+
server:                      (mod (+ 4294967295 (mod main::uint32_max 4294967296)) 4294967296)
server:                      (* -1 (mod main::e 4294967296)))
server:                    0)
server:                  (>= (mod main::e 4294967296) 4294967294))
server:                (not (= main::e (mod (+ 1 (mod main::d 4294967296)) 4294967296)))
server:                (not
server:                  (<=
server:                    (+
server:                      (mod (+ 1 (mod main::d 4294967296)) 4294967296)
server:                      (* -1 (mod (+ 1 (mod main::c 4294967296)) 4294967296)))
server:                    0))
server:                (>=
server:                  (+
server:                    (mod (+ 1 (mod main::d 4294967296)) 4294967296)
server:                    (* -1 (mod (+ 1 (mod main::c 4294967296)) 4294967296)))
server:                  0)
server:                (not (= 0 main::e))
server:                (= main::e 1)
server:                (<= 1 (mod (+ 1 (mod main::c 4294967296)) 4294967296))
server:                (not (>= (mod (+ 1 (mod main::e 4294967296)) 4294967296) 4294967294))
server:                (not (>= (mod main::e 4294967296) 4294967294)))
server:              (and
server:                (or
server:                  (not (>= (div main::uint32_max 4294967296) 1))
server:                  (not (>= (mod main::uint32_max 4294967296) 2)))
server:                (>= main::e 0)
server:                (not (<= main::e 0))
server:                (or
server:                  (>= (div main::uint32_max 4294967296) 1)
server:                  (not (<= (mod main::uint32_max 4294967296) 2)))
server:                (<= main::c 0)
server:                (>= main::c 0)
server:                (or
server:                  (and
server:                    (not
server:                      (<=
server:                        (+
server:                          (* 2147483647 main::e)
server:                          (* 2147483648 main::c)
server:                          (* -2147483648 (mod main::e 4294967296))
server:                          (* -9223372032559808512 (div main::e 4294967296))
server:                          (* -4294967296 (div main::c 4294967296)))
server:                        0))
server:                    (<= main::c 0))
server:                  (and
server:                    (not
server:                      (<=
server:                        (+
server:                          (* -2147483647 main::e)
server:                          (* -2147483648 main::c)
server:                          (* 2147483648 (mod main::e 4294967296))
server:                          (* 9223372032559808512 (div main::e 4294967296))
server:                          (* 4294967296 (div main::c 4294967296)))
server:                        0))
server:                    (>= main::c 0)))
server:                (=
server:                  (mod (+ 4294967295 (mod main::uint32_max 4294967296)) 4294967296)
server:                  4294967294)
server:                (not
server:                  (<=
server:                    (+
server:                      (mod (+ 4294967295 (mod main::uint32_max 4294967296)) 4294967296)
server:                      (* -1 (mod main::d 4294967296)))
server:                    0))
server:                (= 0 main::c)
server:                (not
server:                  (=
server:                    (mod (+ 1 (mod main::d 4294967296)) 4294967296)
server:                    (mod (+ 1 (mod main::c 4294967296)) 4294967296)))
server:                (iff
server:                  (<=
server:                    (+
server:                      (mod (+ 4294967295 (mod main::uint32_max 4294967296)) 4294967296)
server:                      (* -1 (mod main::d 4294967296)))
server:                    0)
server:                  (>= (mod main::d 4294967296) 4294967294))
server:                (not (= main::d (mod (+ 1 (mod main::c 4294967296)) 4294967296)))
server:                (iff
server:                  (<=
server:                    (+
server:                      (mod (+ 4294967295 (mod main::uint32_max 4294967296)) 4294967296)
server:                      (* -1 (mod main::c 4294967296)))
server:                    0)
server:                  (>= (mod main::c 4294967296) 4294967294))
server:                (not (<= 4294967294 (mod main::c 4294967296)))
server:                (not (= 0 main::d))
server:                (iff
server:                  (<=
server:                    (+
server:                      (mod (+ 4294967295 (mod main::uint32_max 4294967296)) 4294967296)
server:                      (* -1 (mod main::e 4294967296)))
server:                    0)
server:                  (>= (mod main::e 4294967296) 4294967294))
server:                (not
server:                  (<=
server:                    (+
server:                      (mod (+ 1 (mod main::d 4294967296)) 4294967296)
server:                      (* -1 (mod (+ 1 (mod main::c 4294967296)) 4294967296)))
server:                    0))
server:                (>=
server:                  (+
server:                    (mod (+ 1 (mod main::d 4294967296)) 4294967296)
server:                    (* -1 (mod (+ 1 (mod main::c 4294967296)) 4294967296)))
server:                  0)
server:                (not (= 0 main::e))
server:                (not (= main::e 1))
server:                (<= 1 (mod (+ 1 (mod main::c 4294967296)) 4294967296))
server:                (not (>= (mod (+ 1 (mod main::e 4294967296)) 4294967296) 4294967294))
server:                (not (>= (mod main::e 4294967296) 4294967294)))
server:              (and
server:                (or
server:                  (not (>= (div main::uint32_max 4294967296) 1))
server:                  (not (>= (mod main::uint32_max 4294967296) 2)))
server:                (>= main::e 0)
server:                (not (<= main::e 0))
server:                (or
server:                  (>= (div main::uint32_max 4294967296) 1)
server:                  (not (<= (mod main::uint32_max 4294967296) 2)))
server:                (<= main::c 0)
server:                (>= main::c 0)
server:                (or
server:                  (and
server:                    (not
server:                      (<=
server:                        (+
server:                          (* 2147483647 main::e)
server:                          (* 2147483648 main::c)
server:                          (* -2147483648 (mod main::e 4294967296))
server:                          (* -9223372032559808512 (div main::e 4294967296))
server:                          (* -4294967296 (div main::c 4294967296)))
server:                        0))
server:                    (<= main::c 0))
server:                  (and
server:                    (not
server:                      (<=
server:                        (+
server:                          (* -2147483647 main::e)
server:                          (* -2147483648 main::c)
server:                          (* 2147483648 (mod main::e 4294967296))
server:                          (* 9223372032559808512 (div main::e 4294967296))
server:                          (* 4294967296 (div main::c 4294967296)))
server:                        0))
server:                    (>= main::c 0)))
server:                (=
server:                  (mod (+ 4294967295 (mod main::uint32_max 4294967296)) 4294967296)
server:                  4294967294)
server:                (not
server:                  (<=
server:                    (+
server:                      (mod (+ 4294967295 (mod main::uint32_max 4294967296)) 4294967296)
server:                      (* -1 (mod main::d 4294967296)))
server:                    0))
server:                (= 0 main::c)
server:                (not
server:                  (=
server:                    (mod (+ 1 (mod main::d 4294967296)) 4294967296)
server:                    (mod (+ 1 (mod main::c 4294967296)) 4294967296)))
server:                (iff
server:                  (<=
server:                    (+
server:                      (mod (+ 4294967295 (mod main::uint32_max 4294967296)) 4294967296)
server:                      (* -1 (mod main::d 4294967296)))
server:                    0)
server:                  (>= (mod main::d 4294967296) 4294967294))
server:                (not (= main::d (mod (+ 1 (mod main::c 4294967296)) 4294967296)))
server:                (iff
server:                  (<=
server:                    (+
server:                      (mod (+ 4294967295 (mod main::uint32_max 4294967296)) 4294967296)
server:                      (* -1 (mod main::c 4294967296)))
server:                    0)
server:                  (>= (mod main::c 4294967296) 4294967294))
server:                (not (<= 4294967294 (mod main::c 4294967296)))
server:                (not (= 0 main::d))
server:                (iff
server:                  (<=
server:                    (+
server:                      (mod (+ 4294967295 (mod main::uint32_max 4294967296)) 4294967296)
server:                      (* -1 (mod main::e 4294967296)))
server:                    0)
server:                  (>= (mod main::e 4294967296) 4294967294))
server:                (not
server:                  (<=
server:                    (+
server:                      (mod (+ 1 (mod main::d 4294967296)) 4294967296)
server:                      (* -1 (mod (+ 1 (mod main::c 4294967296)) 4294967296)))
server:                    0))
server:                (>=
server:                  (+
server:                    (mod (+ 1 (mod main::d 4294967296)) 4294967296)
server:                    (* -1 (mod (+ 1 (mod main::c 4294967296)) 4294967296)))
server:                  0)
server:                (not (= 0 main::e))
server:                (not (= main::e 1))
server:                (<= 1 (mod (+ 1 (mod main::c 4294967296)) 4294967296))
server:                (not (>= (mod main::e 4294967296) 4294967294)))
server:              (and
server:                (or
server:                  (not (>= (div main::uint32_max 4294967296) 1))
server:                  (not (>= (mod main::uint32_max 4294967296) 2)))
server:                (>= main::e 0)
server:                (not (<= main::e 0))
server:                (or
server:                  (>= (div main::uint32_max 4294967296) 1)
server:                  (not (<= (mod main::uint32_max 4294967296) 2)))
server:                (<= main::c 0)
server:                (>= main::c 0)
server:                (or
server:                  (and
server:                    (not
server:                      (<=
server:                        (+
server:                          (* 2147483647 main::e)
server:                          (* 2147483648 main::c)
server:                          (* -2147483648 (mod main::e 4294967296))
server:                          (* -9223372032559808512 (div main::e 4294967296))
server:                          (* -4294967296 (div main::c 4294967296)))
server:                        0))
server:                    (<= main::c 0))
server:                  (and
server:                    (not
server:                      (<=
server:                        (+
server:                          (* -2147483647 main::e)
server:                          (* -2147483648 main::c)
server:                          (* 2147483648 (mod main::e 4294967296))
server:                          (* 9223372032559808512 (div main::e 4294967296))
server:                          (* 4294967296 (div main::c 4294967296)))
server:                        0))
server:                    (>= main::c 0)))
server:                (=
server:                  (mod (+ 4294967295 (mod main::uint32_max 4294967296)) 4294967296)
server:                  4294967294)
server:                (not
server:                  (<=
server:                    (+
server:                      (mod (+ 4294967295 (mod main::uint32_max 4294967296)) 4294967296)
server:                      (* -1 (mod main::d 4294967296)))
server:                    0))
server:                (= 0 main::c)
server:                (not
server:                  (=
server:                    (mod (+ 1 (mod main::d 4294967296)) 4294967296)
server:                    (mod (+ 1 (mod main::c 4294967296)) 4294967296)))
server:                (iff
server:                  (<=
server:                    (+
server:                      (mod (+ 4294967295 (mod main::uint32_max 4294967296)) 4294967296)
server:                      (* -1 (mod main::d 4294967296)))
server:                    0)
server:                  (>= (mod main::d 4294967296) 4294967294))
server:                (not (= main::d (mod (+ 1 (mod main::c 4294967296)) 4294967296)))
server:                (iff
server:                  (<=
server:                    (+
server:                      (mod (+ 4294967295 (mod main::uint32_max 4294967296)) 4294967296)
server:                      (* -1 (mod main::c 4294967296)))
server:                    0)
server:                  (>= (mod main::c 4294967296) 4294967294))
server:                (not (<= 4294967294 (mod main::c 4294967296)))
server:                (not (= 0 main::d))
server:                (iff
server:                  (<=
server:                    (+
server:                      (mod (+ 4294967295 (mod main::uint32_max 4294967296)) 4294967296)
server:                      (* -1 (mod main::e 4294967296)))
server:                    0)
server:                  (>= (mod main::e 4294967296) 4294967294))
server:                (not
server:                  (<=
server:                    (+
server:                      (mod (+ 1 (mod main::d 4294967296)) 4294967296)
server:                      (* -1 (mod (+ 1 (mod main::c 4294967296)) 4294967296)))
server:                    0))
server:                (>=
server:                  (+
server:                    (mod (+ 1 (mod main::d 4294967296)) 4294967296)
server:                    (* -1 (mod (+ 1 (mod main::c 4294967296)) 4294967296)))
server:                  0)
server:                (not (= 0 main::e))
server:                (not (= main::e 1))
server:                (<= 1 (mod (+ 1 (mod main::c 4294967296)) 4294967296))
server:                (not (>= (mod main::e 4294967296) 4294967294)))
server:              (and
server:                (or
server:                  (not (>= (div main::uint32_max 4294967296) 1))
server:                  (not (>= (mod main::uint32_max 4294967296) 2)))
server:                (>= main::e 0)
server:                (<= main::e 0)
server:                (or
server:                  (>= (div main::uint32_max 4294967296) 1)
server:                  (not (<= (mod main::uint32_max 4294967296) 2)))
server:                (not (<= main::c 0))
server:                (>= main::c 0)
server:                (not
server:                  (or
server:                    (and
server:                      (not
server:                        (<=
server:                          (+
server:                            (* 2147483647 main::e)
server:                            (* 2147483648 main::c)
server:                            (* -2147483648 (mod main::e 4294967296))
server:                            (* -9223372032559808512 (div main::e 4294967296))
server:                            (* -4294967296 (div main::c 4294967296)))
server:                          0))
server:                      (<= main::c 0))
server:                    (and
server:                      (not
server:                        (<=
server:                          (+
server:                            (* -2147483647 main::e)
server:                            (* -2147483648 main::c)
server:                            (* 2147483648 (mod main::e 4294967296))
server:                            (* 9223372032559808512 (div main::e 4294967296))
server:                            (* 4294967296 (div main::c 4294967296)))
server:                          0))
server:                      (>= main::c 0))))
server:                (=
server:                  (mod (+ 4294967295 (mod main::uint32_max 4294967296)) 4294967296)
server:                  4294967294)
server:                (not
server:                  (<=
server:                    (+
server:                      (mod (+ 4294967295 (mod main::uint32_max 4294967296)) 4294967296)
server:                      (* -1 (mod main::d 4294967296)))
server:                    0))
server:                (not (= 0 main::c))
server:                (not
server:                  (=
server:                    (mod (+ 1 (mod main::d 4294967296)) 4294967296)
server:                    (mod (+ 1 (mod main::c 4294967296)) 4294967296)))
server:                (iff
server:                  (<=
server:                    (+
server:                      (mod (+ 4294967295 (mod main::uint32_max 4294967296)) 4294967296)
server:                      (* -1 (mod main::d 4294967296)))
server:                    0)
server:                  (>= (mod main::d 4294967296) 4294967294))
server:                (not (= main::d (mod (+ 1 (mod main::c 4294967296)) 4294967296)))
server:                (iff
server:                  (<=
server:                    (+
server:                      (mod (+ 4294967295 (mod main::uint32_max 4294967296)) 4294967296)
server:                      (* -1 (mod main::c 4294967296)))
server:                    0)
server:                  (>= (mod main::c 4294967296) 4294967294))
server:                (not (<= 4294967294 (mod main::c 4294967296)))
server:                (= 0 main::d)
server:                (=
server:                  (mod (+ 1 (mod main::d 4294967296)) 4294967296)
server:                  (mod (+ 1 (mod main::e 4294967296)) 4294967296))
server:                (iff
server:                  (<=
server:                    (+
server:                      (mod (+ 4294967295 (mod main::uint32_max 4294967296)) 4294967296)
server:                      (* -1 (mod main::e 4294967296)))
server:                    0)
server:                  (>= (mod main::e 4294967296) 4294967294))
server:                (not (= main::e (mod (+ 1 (mod main::d 4294967296)) 4294967296)))
server:                (<=
server:                  (+
server:                    (mod (+ 1 (mod main::d 4294967296)) 4294967296)
server:                    (* -1 (mod (+ 1 (mod main::c 4294967296)) 4294967296)))
server:                  0)
server:                (not
server:                  (>=
server:                    (+
server:                      (mod (+ 1 (mod main::d 4294967296)) 4294967296)
server:                      (* -1 (mod (+ 1 (mod main::c 4294967296)) 4294967296)))
server:                    0))
server:                (= 0 main::e)
server:                (not (= main::e 1))
server:                (<= 1 (mod (+ 1 (mod main::c 4294967296)) 4294967296))
server:                (not (>= (mod (+ 1 (mod main::e 4294967296)) 4294967296) 4294967294))
server:                (not (>= (mod main::e 4294967296) 4294967294)))
server:              (and
server:                (or
server:                  (not (>= (div main::uint32_max 4294967296) 1))
server:                  (not (>= (mod main::uint32_max 4294967296) 2)))
server:                (>= main::e 0)
server:                (not (<= main::e 0))
server:                (or
server:                  (>= (div main::uint32_max 4294967296) 1)
server:                  (not (<= (mod main::uint32_max 4294967296) 2)))
server:                (not (<= main::c 0))
server:                (>= main::c 0)
server:                (not
server:                  (or
server:                    (and
server:                      (not
server:                        (<=
server:                          (+
server:                            (* 2147483647 main::e)
server:                            (* 2147483648 main::c)
server:                            (* -2147483648 (mod main::e 4294967296))
server:                            (* -9223372032559808512 (div main::e 4294967296))
server:                            (* -4294967296 (div main::c 4294967296)))
server:                          0))
server:                      (<= main::c 0))
server:                    (and
server:                      (not
server:                        (<=
server:                          (+
server:                            (* -2147483647 main::e)
server:                            (* -2147483648 main::c)
server:                            (* 2147483648 (mod main::e 4294967296))
server:                            (* 9223372032559808512 (div main::e 4294967296))
server:                            (* 4294967296 (div main::c 4294967296)))
server:                          0))
server:                      (>= main::c 0))))
server:                (=
server:                  (mod (+ 4294967295 (mod main::uint32_max 4294967296)) 4294967296)
server:                  4294967294)
server:                (not
server:                  (<=
server:                    (+
server:                      (mod (+ 4294967295 (mod main::uint32_max 4294967296)) 4294967296)
server:                      (* -1 (mod main::d 4294967296)))
server:                    0))
server:                (not (= 0 main::c))
server:                (not
server:                  (=
server:                    (mod (+ 1 (mod main::d 4294967296)) 4294967296)
server:                    (mod (+ 1 (mod main::c 4294967296)) 4294967296)))
server:                (iff
server:                  (<=
server:                    (+
server:                      (mod (+ 4294967295 (mod main::uint32_max 4294967296)) 4294967296)
server:                      (* -1 (mod main::d 4294967296)))
server:                    0)
server:                  (>= (mod main::d 4294967296) 4294967294))
server:                (not (= main::d (mod (+ 1 (mod main::c 4294967296)) 4294967296)))
server:                (iff
server:                  (<=
server:                    (+
server:                      (mod (+ 4294967295 (mod main::uint32_max 4294967296)) 4294967296)
server:                      (* -1 (mod main::c 4294967296)))
server:                    0)
server:                  (>= (mod main::c 4294967296) 4294967294))
server:                (not (<= 4294967294 (mod main::c 4294967296)))
server:                (= 0 main::d)
server:                (not
server:                  (=
server:                    (mod (+ 1 (mod main::d 4294967296)) 4294967296)
server:                    (mod (+ 1 (mod main::e 4294967296)) 4294967296)))
server:                (iff
server:                  (<=
server:                    (+
server:                      (mod (+ 4294967295 (mod main::uint32_max 4294967296)) 4294967296)
server:                      (* -1 (mod main::e 4294967296)))
server:                    0)
server:                  (>= (mod main::e 4294967296) 4294967294))
server:                (= main::e (mod (+ 1 (mod main::d 4294967296)) 4294967296))
server:                (<=
server:                  (+
server:                    (mod (+ 1 (mod main::d 4294967296)) 4294967296)
server:                    (* -1 (mod (+ 1 (mod main::c 4294967296)) 4294967296)))
server:                  0)
server:                (not
server:                  (>=
server:                    (+
server:                      (mod (+ 1 (mod main::d 4294967296)) 4294967296)
server:                      (* -1 (mod (+ 1 (mod main::c 4294967296)) 4294967296)))
server:                    0))
server:                (not (= 0 main::e))
server:                (= main::e 1)
server:                (<= 1 (mod (+ 1 (mod main::c 4294967296)) 4294967296))
server:                (not (>= (mod (+ 1 (mod main::e 4294967296)) 4294967296) 4294967294))
server:                (not (>= (mod main::e 4294967296) 4294967294)))
server:              (and
server:                (or
server:                  (not (>= (div main::uint32_max 4294967296) 1))
server:                  (not (>= (mod main::uint32_max 4294967296) 2)))
server:                (>= main::e 0)
server:                (not (<= main::e 0))
server:                (or
server:                  (>= (div main::uint32_max 4294967296) 1)
server:                  (not (<= (mod main::uint32_max 4294967296) 2)))
server:                (not (<= main::c 0))
server:                (>= main::c 0)
server:                (not
server:                  (or
server:                    (and
server:                      (not
server:                        (<=
server:                          (+
server:                            (* 2147483647 main::e)
server:                            (* 2147483648 main::c)
server:                            (* -2147483648 (mod main::e 4294967296))
server:                            (* -9223372032559808512 (div main::e 4294967296))
server:                            (* -4294967296 (div main::c 4294967296)))
server:                          0))
server:                      (<= main::c 0))
server:                    (and
server:                      (not
server:                        (<=
server:                          (+
server:                            (* -2147483647 main::e)
server:                            (* -2147483648 main::c)
server:                            (* 2147483648 (mod main::e 4294967296))
server:                            (* 9223372032559808512 (div main::e 4294967296))
server:                            (* 4294967296 (div main::c 4294967296)))
server:                          0))
server:                      (>= main::c 0))))
server:                (=
server:                  (mod (+ 4294967295 (mod main::uint32_max 4294967296)) 4294967296)
server:                  4294967294)
server:                (not
server:                  (<=
server:                    (+
server:                      (mod (+ 4294967295 (mod main::uint32_max 4294967296)) 4294967296)
server:                      (* -1 (mod main::d 4294967296)))
server:                    0))
server:                (not (= 0 main::c))
server:                (not
server:                  (=
server:                    (mod (+ 1 (mod main::d 4294967296)) 4294967296)
server:                    (mod (+ 1 (mod main::c 4294967296)) 4294967296)))
server:                (iff
server:                  (<=
server:                    (+
server:                      (mod (+ 4294967295 (mod main::uint32_max 4294967296)) 4294967296)
server:                      (* -1 (mod main::d 4294967296)))
server:                    0)
server:                  (>= (mod main::d 4294967296) 4294967294))
server:                (not (= main::d (mod (+ 1 (mod main::c 4294967296)) 4294967296)))
server:                (iff
server:                  (<=
server:                    (+
server:                      (mod (+ 4294967295 (mod main::uint32_max 4294967296)) 4294967296)
server:                      (* -1 (mod main::c 4294967296)))
server:                    0)
server:                  (>= (mod main::c 4294967296) 4294967294))
server:                (not (<= 4294967294 (mod main::c 4294967296)))
server:                (= 0 main::d)
server:                (not
server:                  (=
server:                    (mod (+ 1 (mod main::d 4294967296)) 4294967296)
server:                    (mod (+ 1 (mod main::e 4294967296)) 4294967296)))
server:                (iff
server:                  (<=
server:                    (+
server:                      (mod (+ 4294967295 (mod main::uint32_max 4294967296)) 4294967296)
server:                      (* -1 (mod main::e 4294967296)))
server:                    0)
server:                  (>= (mod main::e 4294967296) 4294967294))
server:                (not (= main::e (mod (+ 1 (mod main::d 4294967296)) 4294967296)))
server:                (<=
server:                  (+
server:                    (mod (+ 1 (mod main::d 4294967296)) 4294967296)
server:                    (* -1 (mod (+ 1 (mod main::c 4294967296)) 4294967296)))
server:                  0)
server:                (not
server:                  (>=
server:                    (+
server:                      (mod (+ 1 (mod main::d 4294967296)) 4294967296)
server:                      (* -1 (mod (+ 1 (mod main::c 4294967296)) 4294967296)))
server:                    0))
server:                (not (= 0 main::e))
server:                (not (= main::e 1))
server:                (<= 1 (mod (+ 1 (mod main::c 4294967296)) 4294967296))
server:                (not (>= (mod (+ 1 (mod main::e 4294967296)) 4294967296) 4294967294))
server:                (not (>= (mod main::e 4294967296) 4294967294)))
server:              (and
server:                (or
server:                  (not (>= (div main::uint32_max 4294967296) 1))
server:                  (not (>= (mod main::uint32_max 4294967296) 2)))
server:                (>= main::e 0)
server:                (not (<= main::e 0))
server:                (or
server:                  (>= (div main::uint32_max 4294967296) 1)
server:                  (not (<= (mod main::uint32_max 4294967296) 2)))
server:                (not (<= main::c 0))
server:                (>= main::c 0)
server:                (=
server:                  (mod (+ 4294967295 (mod main::uint32_max 4294967296)) 4294967296)
server:                  4294967294)
server:                (not
server:                  (<=
server:                    (+
server:                      (mod (+ 4294967295 (mod main::uint32_max 4294967296)) 4294967296)
server:                      (* -1 (mod main::d 4294967296)))
server:                    0))
server:                (not (= 0 main::c))
server:                (not
server:                  (=
server:                    (mod (+ 1 (mod main::d 4294967296)) 4294967296)
server:                    (mod (+ 1 (mod main::c 4294967296)) 4294967296)))
server:                (iff
server:                  (<=
server:                    (+
server:                      (mod (+ 4294967295 (mod main::uint32_max 4294967296)) 4294967296)
server:                      (* -1 (mod main::d 4294967296)))
server:                    0)
server:                  (>= (mod main::d 4294967296) 4294967294))
server:                (not (= main::d (mod (+ 1 (mod main::c 4294967296)) 4294967296)))
server:                (iff
server:                  (<=
server:                    (+
server:                      (mod (+ 4294967295 (mod main::uint32_max 4294967296)) 4294967296)
server:                      (* -1 (mod main::c 4294967296)))
server:                    0)
server:                  (>= (mod main::c 4294967296) 4294967294))
server:                (not (<= 4294967294 (mod main::c 4294967296)))
server:                (= 0 main::d)
server:                (not
server:                  (=
server:                    (mod (+ 1 (mod main::d 4294967296)) 4294967296)
server:                    (mod (+ 1 (mod main::e 4294967296)) 4294967296)))
server:                (iff
server:                  (<=
server:                    (+
server:                      (mod (+ 4294967295 (mod main::uint32_max 4294967296)) 4294967296)
server:                      (* -1 (mod main::e 4294967296)))
server:                    0)
server:                  (>= (mod main::e 4294967296) 4294967294))
server:                (not (= main::e (mod (+ 1 (mod main::d 4294967296)) 4294967296)))
server:                (<=
server:                  (+
server:                    (mod (+ 1 (mod main::d 4294967296)) 4294967296)
server:                    (* -1 (mod (+ 1 (mod main::c 4294967296)) 4294967296)))
server:                  0)
server:                (not
server:                  (>=
server:                    (+
server:                      (mod (+ 1 (mod main::d 4294967296)) 4294967296)
server:                      (* -1 (mod (+ 1 (mod main::c 4294967296)) 4294967296)))
server:                    0))
server:                (not (= 0 main::e))
server:                (not (= main::e 1))
server:                (<= 1 (mod (+ 1 (mod main::c 4294967296)) 4294967296))
server:                (not (>= (mod main::e 4294967296) 4294967294)))
server:              (and
server:                (or
server:                  (not (>= (div main::uint32_max 4294967296) 1))
server:                  (not (>= (mod main::uint32_max 4294967296) 2)))
server:                (>= main::e 0)
server:                (not (<= main::e 0))
server:                (or
server:                  (>= (div main::uint32_max 4294967296) 1)
server:                  (not (<= (mod main::uint32_max 4294967296) 2)))
server:                (not (<= main::c 0))
server:                (>= main::c 0)
server:                (=
server:                  (mod (+ 4294967295 (mod main::uint32_max 4294967296)) 4294967296)
server:                  4294967294)
server:                (not
server:                  (<=
server:                    (+
server:                      (mod (+ 4294967295 (mod main::uint32_max 4294967296)) 4294967296)
server:                      (* -1 (mod main::d 4294967296)))
server:                    0))
server:                (not (= 0 main::c))
server:                (not
server:                  (=
server:                    (mod (+ 1 (mod main::d 4294967296)) 4294967296)
server:                    (mod (+ 1 (mod main::c 4294967296)) 4294967296)))
server:                (iff
server:                  (<=
server:                    (+
server:                      (mod (+ 4294967295 (mod main::uint32_max 4294967296)) 4294967296)
server:                      (* -1 (mod main::d 4294967296)))
server:                    0)
server:                  (>= (mod main::d 4294967296) 4294967294))
server:                (not (= main::d (mod (+ 1 (mod main::c 4294967296)) 4294967296)))
server:                (iff
server:                  (<=
server:                    (+
server:                      (mod (+ 4294967295 (mod main::uint32_max 4294967296)) 4294967296)
server:                      (* -1 (mod main::c 4294967296)))
server:                    0)
server:                  (>= (mod main::c 4294967296) 4294967294))
server:                (not (<= 4294967294 (mod main::c 4294967296)))
server:                (= 0 main::d)
server:                (not
server:                  (=
server:                    (mod (+ 1 (mod main::d 4294967296)) 4294967296)
server:                    (mod (+ 1 (mod main::e 4294967296)) 4294967296)))
server:                (iff
server:                  (<=
server:                    (+
server:                      (mod (+ 4294967295 (mod main::uint32_max 4294967296)) 4294967296)
server:                      (* -1 (mod main::e 4294967296)))
server:                    0)
server:                  (>= (mod main::e 4294967296) 4294967294))
server:                (not (= main::e (mod (+ 1 (mod main::d 4294967296)) 4294967296)))
server:                (<=
server:                  (+
server:                    (mod (+ 1 (mod main::d 4294967296)) 4294967296)
server:                    (* -1 (mod (+ 1 (mod main::c 4294967296)) 4294967296)))
server:                  0)
server:                (not
server:                  (>=
server:                    (+
server:                      (mod (+ 1 (mod main::d 4294967296)) 4294967296)
server:                      (* -1 (mod (+ 1 (mod main::c 4294967296)) 4294967296)))
server:                    0))
server:                (not (= 0 main::e))
server:                (not (= main::e 1))
server:                (<= 1 (mod (+ 1 (mod main::c 4294967296)) 4294967296))
server:                (not (>= (mod main::e 4294967296) 4294967294)))
server:              (and
server:                (or
server:                  (not (>= (div main::uint32_max 4294967296) 1))
server:                  (not (>= (mod main::uint32_max 4294967296) 2)))
server:                (>= main::e 0)
server:                (<= main::e 0)
server:                (or
server:                  (>= (div main::uint32_max 4294967296) 1)
server:                  (not (<= (mod main::uint32_max 4294967296) 2)))
server:                (not (<= main::c 0))
server:                (>= main::c 0)
server:                (not
server:                  (or
server:                    (and
server:                      (not
server:                        (<=
server:                          (+
server:                            (* 2147483647 main::e)
server:                            (* 2147483648 main::c)
server:                            (* -2147483648 (mod main::e 4294967296))
server:                            (* -9223372032559808512 (div main::e 4294967296))
server:                            (* -4294967296 (div main::c 4294967296)))
server:                          0))
server:                      (<= main::c 0))
server:                    (and
server:                      (not
server:                        (<=
server:                          (+
server:                            (* -2147483647 main::e)
server:                            (* -2147483648 main::c)
server:                            (* 2147483648 (mod main::e 4294967296))
server:                            (* 9223372032559808512 (div main::e 4294967296))
server:                            (* 4294967296 (div main::c 4294967296)))
server:                          0))
server:                      (>= main::c 0))))
server:                (=
server:                  (mod (+ 4294967295 (mod main::uint32_max 4294967296)) 4294967296)
server:                  4294967294)
server:                (not
server:                  (<=
server:                    (+
server:                      (mod (+ 4294967295 (mod main::uint32_max 4294967296)) 4294967296)
server:                      (* -1 (mod main::d 4294967296)))
server:                    0))
server:                (not (= 0 main::c))
server:                (iff
server:                  (<=
server:                    (+
server:                      (mod (+ 4294967295 (mod main::uint32_max 4294967296)) 4294967296)
server:                      (* -1 (mod main::d 4294967296)))
server:                    0)
server:                  (>= (mod main::d 4294967296) 4294967294))
server:                (not (= main::d (mod (+ 1 (mod main::c 4294967296)) 4294967296)))
server:                (iff
server:                  (<=
server:                    (+
server:                      (mod (+ 4294967295 (mod main::uint32_max 4294967296)) 4294967296)
server:                      (* -1 (mod main::c 4294967296)))
server:                    0)
server:                  (>= (mod main::c 4294967296) 4294967294))
server:                (not (<= 4294967294 (mod main::c 4294967296)))
server:                (not (= 0 main::d))
server:                (iff
server:                  (<=
server:                    (+
server:                      (mod (+ 4294967295 (mod main::uint32_max 4294967296)) 4294967296)
server:                      (* -1 (mod main::e 4294967296)))
server:                    0)
server:                  (>= (mod main::e 4294967296) 4294967294))
server:                (not (= main::e (mod (+ 1 (mod main::d 4294967296)) 4294967296)))
server:                (<=
server:                  (+
server:                    (mod (+ 1 (mod main::d 4294967296)) 4294967296)
server:                    (* -1 (mod (+ 1 (mod main::c 4294967296)) 4294967296)))
server:                  0)
server:                (= 0 main::e)
server:                (not (= main::e 1))
server:                (<= 1 (mod (+ 1 (mod main::c 4294967296)) 4294967296))
server:                (not (>= (mod (+ 1 (mod main::e 4294967296)) 4294967296) 4294967294))
server:                (not (>= (mod main::e 4294967296) 4294967294)))
server:              (and
server:                (or
server:                  (not (>= (div main::uint32_max 4294967296) 1))
server:                  (not (>= (mod main::uint32_max 4294967296) 2)))
server:                (>= main::e 0)
server:                (not (<= main::e 0))
server:                (or
server:                  (>= (div main::uint32_max 4294967296) 1)
server:                  (not (<= (mod main::uint32_max 4294967296) 2)))
server:                (not (<= main::c 0))
server:                (>= main::c 0)
server:                (not
server:                  (or
server:                    (and
server:                      (not
server:                        (<=
server:                          (+
server:                            (* 2147483647 main::e)
server:                            (* 2147483648 main::c)
server:                            (* -2147483648 (mod main::e 4294967296))
server:                            (* -9223372032559808512 (div main::e 4294967296))
server:                            (* -4294967296 (div main::c 4294967296)))
server:                          0))
server:                      (<= main::c 0))
server:                    (and
server:                      (not
server:                        (<=
server:                          (+
server:                            (* -2147483647 main::e)
server:                            (* -2147483648 main::c)
server:                            (* 2147483648 (mod main::e 4294967296))
server:                            (* 9223372032559808512 (div main::e 4294967296))
server:                            (* 4294967296 (div main::c 4294967296)))
server:                          0))
server:                      (>= main::c 0))))
server:                (=
server:                  (mod (+ 4294967295 (mod main::uint32_max 4294967296)) 4294967296)
server:                  4294967294)
server:                (not
server:                  (<=
server:                    (+
server:                      (mod (+ 4294967295 (mod main::uint32_max 4294967296)) 4294967296)
server:                      (* -1 (mod main::d 4294967296)))
server:                    0))
server:                (not (= 0 main::c))
server:                (iff
server:                  (<=
server:                    (+
server:                      (mod (+ 4294967295 (mod main::uint32_max 4294967296)) 4294967296)
server:                      (* -1 (mod main::d 4294967296)))
server:                    0)
server:                  (>= (mod main::d 4294967296) 4294967294))
server:                (not (= main::d (mod (+ 1 (mod main::c 4294967296)) 4294967296)))
server:                (iff
server:                  (<=
server:                    (+
server:                      (mod (+ 4294967295 (mod main::uint32_max 4294967296)) 4294967296)
server:                      (* -1 (mod main::c 4294967296)))
server:                    0)
server:                  (>= (mod main::c 4294967296) 4294967294))
server:                (not (<= 4294967294 (mod main::c 4294967296)))
server:                (not (= 0 main::d))
server:                (iff
server:                  (<=
server:                    (+
server:                      (mod (+ 4294967295 (mod main::uint32_max 4294967296)) 4294967296)
server:                      (* -1 (mod main::e 4294967296)))
server:                    0)
server:                  (>= (mod main::e 4294967296) 4294967294))
server:                (<=
server:                  (+
server:                    (mod (+ 1 (mod main::d 4294967296)) 4294967296)
server:                    (* -1 (mod (+ 1 (mod main::c 4294967296)) 4294967296)))
server:                  0)
server:                (not (= 0 main::e))
server:                (= main::e 1)
server:                (<= 1 (mod (+ 1 (mod main::c 4294967296)) 4294967296))
server:                (not (>= (mod (+ 1 (mod main::e 4294967296)) 4294967296) 4294967294))
server:                (not (>= (mod main::e 4294967296) 4294967294)))
server:              (and
server:                (or
server:                  (not (>= (div main::uint32_max 4294967296) 1))
server:                  (not (>= (mod main::uint32_max 4294967296) 2)))
server:                (>= main::e 0)
server:                (not (<= main::e 0))
server:                (or
server:                  (>= (div main::uint32_max 4294967296) 1)
server:                  (not (<= (mod main::uint32_max 4294967296) 2)))
server:                (not (<= main::c 0))
server:                (>= main::c 0)
server:                (not
server:                  (or
server:                    (and
server:                      (not
server:                        (<=
server:                          (+
server:                            (* 2147483647 main::e)
server:                            (* 2147483648 main::c)
server:                            (* -2147483648 (mod main::e 4294967296))
server:                            (* -9223372032559808512 (div main::e 4294967296))
server:                            (* -4294967296 (div main::c 4294967296)))
server:                          0))
server:                      (<= main::c 0))
server:                    (and
server:                      (not
server:                        (<=
server:                          (+
server:                            (* -2147483647 main::e)
server:                            (* -2147483648 main::c)
server:                            (* 2147483648 (mod main::e 4294967296))
server:                            (* 9223372032559808512 (div main::e 4294967296))
server:                            (* 4294967296 (div main::c 4294967296)))
server:                          0))
server:                      (>= main::c 0))))
server:                (=
server:                  (mod (+ 4294967295 (mod main::uint32_max 4294967296)) 4294967296)
server:                  4294967294)
server:                (not
server:                  (<=
server:                    (+
server:                      (mod (+ 4294967295 (mod main::uint32_max 4294967296)) 4294967296)
server:                      (* -1 (mod main::d 4294967296)))
server:                    0))
server:                (not (= 0 main::c))
server:                (iff
server:                  (<=
server:                    (+
server:                      (mod (+ 4294967295 (mod main::uint32_max 4294967296)) 4294967296)
server:                      (* -1 (mod main::d 4294967296)))
server:                    0)
server:                  (>= (mod main::d 4294967296) 4294967294))
server:                (not (= main::d (mod (+ 1 (mod main::c 4294967296)) 4294967296)))
server:                (iff
server:                  (<=
server:                    (+
server:                      (mod (+ 4294967295 (mod main::uint32_max 4294967296)) 4294967296)
server:                      (* -1 (mod main::c 4294967296)))
server:                    0)
server:                  (>= (mod main::c 4294967296) 4294967294))
server:                (not (<= 4294967294 (mod main::c 4294967296)))
server:                (not (= 0 main::d))
server:                (iff
server:                  (<=
server:                    (+
server:                      (mod (+ 4294967295 (mod main::uint32_max 4294967296)) 4294967296)
server:                      (* -1 (mod main::e 4294967296)))
server:                    0)
server:                  (>= (mod main::e 4294967296) 4294967294))
server:                (<=
server:                  (+
server:                    (mod (+ 1 (mod main::d 4294967296)) 4294967296)
server:                    (* -1 (mod (+ 1 (mod main::c 4294967296)) 4294967296)))
server:                  0)
server:                (not (= 0 main::e))
server:                (not (= main::e 1))
server:                (<= 1 (mod (+ 1 (mod main::c 4294967296)) 4294967296))
server:                (not (>= (mod (+ 1 (mod main::e 4294967296)) 4294967296) 4294967294))
server:                (not (>= (mod main::e 4294967296) 4294967294)))
server:              (and
server:                (or
server:                  (not (>= (div main::uint32_max 4294967296) 1))
server:                  (not (>= (mod main::uint32_max 4294967296) 2)))
server:                (>= main::e 0)
server:                (not (<= main::e 0))
server:                (or
server:                  (>= (div main::uint32_max 4294967296) 1)
server:                  (not (<= (mod main::uint32_max 4294967296) 2)))
server:                (not (<= main::c 0))
server:                (>= main::c 0)
server:                (=
server:                  (mod (+ 4294967295 (mod main::uint32_max 4294967296)) 4294967296)
server:                  4294967294)
server:                (not
server:                  (<=
server:                    (+
server:                      (mod (+ 4294967295 (mod main::uint32_max 4294967296)) 4294967296)
server:                      (* -1 (mod main::d 4294967296)))
server:                    0))
server:                (not (= 0 main::c))
server:                (iff
server:                  (<=
server:                    (+
server:                      (mod (+ 4294967295 (mod main::uint32_max 4294967296)) 4294967296)
server:                      (* -1 (mod main::d 4294967296)))
server:                    0)
server:                  (>= (mod main::d 4294967296) 4294967294))
server:                (not (= main::d (mod (+ 1 (mod main::c 4294967296)) 4294967296)))
server:                (iff
server:                  (<=
server:                    (+
server:                      (mod (+ 4294967295 (mod main::uint32_max 4294967296)) 4294967296)
server:                      (* -1 (mod main::c 4294967296)))
server:                    0)
server:                  (>= (mod main::c 4294967296) 4294967294))
server:                (not (<= 4294967294 (mod main::c 4294967296)))
server:                (not (= 0 main::d))
server:                (iff
server:                  (<=
server:                    (+
server:                      (mod (+ 4294967295 (mod main::uint32_max 4294967296)) 4294967296)
server:                      (* -1 (mod main::e 4294967296)))
server:                    0)
server:                  (>= (mod main::e 4294967296) 4294967294))
server:                (<=
server:                  (+
server:                    (mod (+ 1 (mod main::d 4294967296)) 4294967296)
server:                    (* -1 (mod (+ 1 (mod main::c 4294967296)) 4294967296)))
server:                  0)
server:                (not (= 0 main::e))
server:                (<= 1 (mod (+ 1 (mod main::c 4294967296)) 4294967296))
server:                (not (>= (mod main::e 4294967296) 4294967294)))
server:              (and
server:                (or
server:                  (not (>= (div main::uint32_max 4294967296) 1))
server:                  (not (>= (mod main::uint32_max 4294967296) 2)))
server:                (>= main::e 0)
server:                (not (<= main::e 0))
server:                (or
server:                  (>= (div main::uint32_max 4294967296) 1)
server:                  (not (<= (mod main::uint32_max 4294967296) 2)))
server:                (not (<= main::c 0))
server:                (>= main::c 0)
server:                (=
server:                  (mod (+ 4294967295 (mod main::uint32_max 4294967296)) 4294967296)
server:                  4294967294)
server:                (not
server:                  (<=
server:                    (+
server:                      (mod (+ 4294967295 (mod main::uint32_max 4294967296)) 4294967296)
server:                      (* -1 (mod main::d 4294967296)))
server:                    0))
server:                (not (= 0 main::c))
server:                (iff
server:                  (<=
server:                    (+
server:                      (mod (+ 4294967295 (mod main::uint32_max 4294967296)) 4294967296)
server:                      (* -1 (mod main::d 4294967296)))
server:                    0)
server:                  (>= (mod main::d 4294967296) 4294967294))
server:                (not (= main::d (mod (+ 1 (mod main::c 4294967296)) 4294967296)))
server:                (iff
server:                  (<=
server:                    (+
server:                      (mod (+ 4294967295 (mod main::uint32_max 4294967296)) 4294967296)
server:                      (* -1 (mod main::c 4294967296)))
server:                    0)
server:                  (>= (mod main::c 4294967296) 4294967294))
server:                (not (<= 4294967294 (mod main::c 4294967296)))
server:                (not (= 0 main::d))
server:                (iff
server:                  (<=
server:                    (+
server:                      (mod (+ 4294967295 (mod main::uint32_max 4294967296)) 4294967296)
server:                      (* -1 (mod main::e 4294967296)))
server:                    0)
server:                  (>= (mod main::e 4294967296) 4294967294))
server:                (<=
server:                  (+
server:                    (mod (+ 1 (mod main::d 4294967296)) 4294967296)
server:                    (* -1 (mod (+ 1 (mod main::c 4294967296)) 4294967296)))
server:                  0)
server:                (not (= 0 main::e))
server:                (<= 1 (mod (+ 1 (mod main::c 4294967296)) 4294967296))
server:                (not (>= (mod main::e 4294967296) 4294967294)))
server:              (and
server:                (or
server:                  (not (>= (div main::uint32_max 4294967296) 1))
server:                  (not (>= (mod main::uint32_max 4294967296) 2)))
server:                (>= main::e 0)
server:                (<= main::e 0)
server:                (or
server:                  (>= (div main::uint32_max 4294967296) 1)
server:                  (not (<= (mod main::uint32_max 4294967296) 2)))
server:                (not (<= main::c 0))
server:                (>= main::c 0)
server:                (not
server:                  (or
server:                    (and
server:                      (not
server:                        (<=
server:                          (+
server:                            (* 2147483647 main::e)
server:                            (* 2147483648 main::c)
server:                            (* -2147483648 (mod main::e 4294967296))
server:                            (* -9223372032559808512 (div main::e 4294967296))
server:                            (* -4294967296 (div main::c 4294967296)))
server:                          0))
server:                      (<= main::c 0))
server:                    (and
server:                      (not
server:                        (<=
server:                          (+
server:                            (* -2147483647 main::e)
server:                            (* -2147483648 main::c)
server:                            (* 2147483648 (mod main::e 4294967296))
server:                            (* 9223372032559808512 (div main::e 4294967296))
server:                            (* 4294967296 (div main::c 4294967296)))
server:                          0))
server:                      (>= main::c 0))))
server:                (=
server:                  (mod (+ 4294967295 (mod main::uint32_max 4294967296)) 4294967296)
server:                  4294967294)
server:                (not
server:                  (<=
server:                    (+
server:                      (mod (+ 4294967295 (mod main::uint32_max 4294967296)) 4294967296)
server:                      (* -1 (mod main::d 4294967296)))
server:                    0))
server:                (not (= 0 main::c))
server:                (iff
server:                  (<=
server:                    (+
server:                      (mod (+ 4294967295 (mod main::uint32_max 4294967296)) 4294967296)
server:                      (* -1 (mod main::d 4294967296)))
server:                    0)
server:                  (>= (mod main::d 4294967296) 4294967294))
server:                (not (= main::d (mod (+ 1 (mod main::c 4294967296)) 4294967296)))
server:                (iff
server:                  (<=
server:                    (+
server:                      (mod (+ 4294967295 (mod main::uint32_max 4294967296)) 4294967296)
server:                      (* -1 (mod main::c 4294967296)))
server:                    0)
server:                  (>= (mod main::c 4294967296) 4294967294))
server:                (not (<= 4294967294 (mod main::c 4294967296)))
server:                (= 0 main::d)
server:                (=
server:                  (mod (+ 1 (mod main::d 4294967296)) 4294967296)
server:                  (mod (+ 1 (mod main::e 4294967296)) 4294967296))
server:                (iff
server:                  (<=
server:                    (+
server:                      (mod (+ 4294967295 (mod main::uint32_max 4294967296)) 4294967296)
server:                      (* -1 (mod main::e 4294967296)))
server:                    0)
server:                  (>= (mod main::e 4294967296) 4294967294))
server:                (not (= main::e (mod (+ 1 (mod main::d 4294967296)) 4294967296)))
server:                (<=
server:                  (+
server:                    (mod (+ 1 (mod main::d 4294967296)) 4294967296)
server:                    (* -1 (mod (+ 1 (mod main::c 4294967296)) 4294967296)))
server:                  0)
server:                (= 0 main::e)
server:                (not (= main::e 1))
server:                (<= 1 (mod (+ 1 (mod main::c 4294967296)) 4294967296))
server:                (not (>= (mod (+ 1 (mod main::e 4294967296)) 4294967296) 4294967294))
server:                (not (>= (mod main::e 4294967296) 4294967294)))
server:              (and
server:                (or
server:                  (not (>= (div main::uint32_max 4294967296) 1))
server:                  (not (>= (mod main::uint32_max 4294967296) 2)))
server:                (>= main::e 0)
server:                (not (<= main::e 0))
server:                (or
server:                  (>= (div main::uint32_max 4294967296) 1)
server:                  (not (<= (mod main::uint32_max 4294967296) 2)))
server:                (not (<= main::c 0))
server:                (>= main::c 0)
server:                (not
server:                  (or
server:                    (and
server:                      (not
server:                        (<=
server:                          (+
server:                            (* 2147483647 main::e)
server:                            (* 2147483648 main::c)
server:                            (* -2147483648 (mod main::e 4294967296))
server:                            (* -9223372032559808512 (div main::e 4294967296))
server:                            (* -4294967296 (div main::c 4294967296)))
server:                          0))
server:                      (<= main::c 0))
server:                    (and
server:                      (not
server:                        (<=
server:                          (+
server:                            (* -2147483647 main::e)
server:                            (* -2147483648 main::c)
server:                            (* 2147483648 (mod main::e 4294967296))
server:                            (* 9223372032559808512 (div main::e 4294967296))
server:                            (* 4294967296 (div main::c 4294967296)))
server:                          0))
server:                      (>= main::c 0))))
server:                (=
server:                  (mod (+ 4294967295 (mod main::uint32_max 4294967296)) 4294967296)
server:                  4294967294)
server:                (not
server:                  (<=
server:                    (+
server:                      (mod (+ 4294967295 (mod main::uint32_max 4294967296)) 4294967296)
server:                      (* -1 (mod main::d 4294967296)))
server:                    0))
server:                (not (= 0 main::c))
server:                (iff
server:                  (<=
server:                    (+
server:                      (mod (+ 4294967295 (mod main::uint32_max 4294967296)) 4294967296)
server:                      (* -1 (mod main::d 4294967296)))
server:                    0)
server:                  (>= (mod main::d 4294967296) 4294967294))
server:                (not (= main::d (mod (+ 1 (mod main::c 4294967296)) 4294967296)))
server:                (iff
server:                  (<=
server:                    (+
server:                      (mod (+ 4294967295 (mod main::uint32_max 4294967296)) 4294967296)
server:                      (* -1 (mod main::c 4294967296)))
server:                    0)
server:                  (>= (mod main::c 4294967296) 4294967294))
server:                (not (<= 4294967294 (mod main::c 4294967296)))
server:                (= 0 main::d)
server:                (not
server:                  (=
server:                    (mod (+ 1 (mod main::d 4294967296)) 4294967296)
server:                    (mod (+ 1 (mod main::e 4294967296)) 4294967296)))
server:                (iff
server:                  (<=
server:                    (+
server:                      (mod (+ 4294967295 (mod main::uint32_max 4294967296)) 4294967296)
server:                      (* -1 (mod main::e 4294967296)))
server:                    0)
server:                  (>= (mod main::e 4294967296) 4294967294))
server:                (= main::e (mod (+ 1 (mod main::d 4294967296)) 4294967296))
server:                (<=
server:                  (+
server:                    (mod (+ 1 (mod main::d 4294967296)) 4294967296)
server:                    (* -1 (mod (+ 1 (mod main::c 4294967296)) 4294967296)))
server:                  0)
server:                (not (= 0 main::e))
server:                (= main::e 1)
server:                (<= 1 (mod (+ 1 (mod main::c 4294967296)) 4294967296))
server:                (not (>= (mod (+ 1 (mod main::e 4294967296)) 4294967296) 4294967294))
server:                (not (>= (mod main::e 4294967296) 4294967294)))
server:              (and
server:                (or
server:                  (not (>= (div main::uint32_max 4294967296) 1))
server:                  (not (>= (mod main::uint32_max 4294967296) 2)))
server:                (>= main::e 0)
server:                (not (<= main::e 0))
server:                (or
server:                  (>= (div main::uint32_max 4294967296) 1)
server:                  (not (<= (mod main::uint32_max 4294967296) 2)))
server:                (not (<= main::c 0))
server:                (>= main::c 0)
server:                (not
server:                  (or
server:                    (and
server:                      (not
server:                        (<=
server:                          (+
server:                            (* 2147483647 main::e)
server:                            (* 2147483648 main::c)
server:                            (* -2147483648 (mod main::e 4294967296))
server:                            (* -9223372032559808512 (div main::e 4294967296))
server:                            (* -4294967296 (div main::c 4294967296)))
server:                          0))
server:                      (<= main::c 0))
server:                    (and
server:                      (not
server:                        (<=
server:                          (+
server:                            (* -2147483647 main::e)
server:                            (* -2147483648 main::c)
server:                            (* 2147483648 (mod main::e 4294967296))
server:                            (* 9223372032559808512 (div main::e 4294967296))
server:                            (* 4294967296 (div main::c 4294967296)))
server:                          0))
server:                      (>= main::c 0))))
server:                (=
server:                  (mod (+ 4294967295 (mod main::uint32_max 4294967296)) 4294967296)
server:                  4294967294)
server:                (not
server:                  (<=
server:                    (+
server:                      (mod (+ 4294967295 (mod main::uint32_max 4294967296)) 4294967296)
server:                      (* -1 (mod main::d 4294967296)))
server:                    0))
server:                (not (= 0 main::c))
server:                (iff
server:                  (<=
server:                    (+
server:                      (mod (+ 4294967295 (mod main::uint32_max 4294967296)) 4294967296)
server:                      (* -1 (mod main::d 4294967296)))
server:                    0)
server:                  (>= (mod main::d 4294967296) 4294967294))
server:                (not (= main::d (mod (+ 1 (mod main::c 4294967296)) 4294967296)))
server:                (iff
server:                  (<=
server:                    (+
server:                      (mod (+ 4294967295 (mod main::uint32_max 4294967296)) 4294967296)
server:                      (* -1 (mod main::c 4294967296)))
server:                    0)
server:                  (>= (mod main::c 4294967296) 4294967294))
server:                (not (<= 4294967294 (mod main::c 4294967296)))
server:                (= 0 main::d)
server:                (not
server:                  (=
server:                    (mod (+ 1 (mod main::d 4294967296)) 4294967296)
server:                    (mod (+ 1 (mod main::e 4294967296)) 4294967296)))
server:                (iff
server:                  (<=
server:                    (+
server:                      (mod (+ 4294967295 (mod main::uint32_max 4294967296)) 4294967296)
server:                      (* -1 (mod main::e 4294967296)))
server:                    0)
server:                  (>= (mod main::e 4294967296) 4294967294))
server:                (not (= main::e (mod (+ 1 (mod main::d 4294967296)) 4294967296)))
server:                (<=
server:                  (+
server:                    (mod (+ 1 (mod main::d 4294967296)) 4294967296)
server:                    (* -1 (mod (+ 1 (mod main::c 4294967296)) 4294967296)))
server:                  0)
server:                (not (= 0 main::e))
server:                (not (= main::e 1))
server:                (<= 1 (mod (+ 1 (mod main::c 4294967296)) 4294967296))
server:                (not (>= (mod (+ 1 (mod main::e 4294967296)) 4294967296) 4294967294))
server:                (not (>= (mod main::e 4294967296) 4294967294)))
server:              (and
server:                (or
server:                  (not (>= (div main::uint32_max 4294967296) 1))
server:                  (not (>= (mod main::uint32_max 4294967296) 2)))
server:                (>= main::e 0)
server:                (not (<= main::e 0))
server:                (or
server:                  (>= (div main::uint32_max 4294967296) 1)
server:                  (not (<= (mod main::uint32_max 4294967296) 2)))
server:                (not (<= main::c 0))
server:                (>= main::c 0)
server:                (=
server:                  (mod (+ 4294967295 (mod main::uint32_max 4294967296)) 4294967296)
server:                  4294967294)
server:                (not
server:                  (<=
server:                    (+
server:                      (mod (+ 4294967295 (mod main::uint32_max 4294967296)) 4294967296)
server:                      (* -1 (mod main::d 4294967296)))
server:                    0))
server:                (not (= 0 main::c))
server:                (iff
server:                  (<=
server:                    (+
server:                      (mod (+ 4294967295 (mod main::uint32_max 4294967296)) 4294967296)
server:                      (* -1 (mod main::d 4294967296)))
server:                    0)
server:                  (>= (mod main::d 4294967296) 4294967294))
server:                (not (= main::d (mod (+ 1 (mod main::c 4294967296)) 4294967296)))
server:                (iff
server:                  (<=
server:                    (+
server:                      (mod (+ 4294967295 (mod main::uint32_max 4294967296)) 4294967296)
server:                      (* -1 (mod main::c 4294967296)))
server:                    0)
server:                  (>= (mod main::c 4294967296) 4294967294))
server:                (not (<= 4294967294 (mod main::c 4294967296)))
server:                (= 0 main::d)
server:                (not
server:                  (=
server:                    (mod (+ 1 (mod main::d 4294967296)) 4294967296)
server:                    (mod (+ 1 (mod main::e 4294967296)) 4294967296)))
server:                (iff
server:                  (<=
server:                    (+
server:                      (mod (+ 4294967295 (mod main::uint32_max 4294967296)) 4294967296)
server:                      (* -1 (mod main::e 4294967296)))
server:                    0)
server:                  (>= (mod main::e 4294967296) 4294967294))
server:                (not (= main::e (mod (+ 1 (mod main::d 4294967296)) 4294967296)))
server:                (<=
server:                  (+
server:                    (mod (+ 1 (mod main::d 4294967296)) 4294967296)
server:                    (* -1 (mod (+ 1 (mod main::c 4294967296)) 4294967296)))
server:                  0)
server:                (not (= 0 main::e))
server:                (not (= main::e 1))
server:                (<= 1 (mod (+ 1 (mod main::c 4294967296)) 4294967296))
server:                (not (>= (mod main::e 4294967296) 4294967294)))
server:              (and
server:                (or
server:                  (not (>= (div main::uint32_max 4294967296) 1))
server:                  (not (>= (mod main::uint32_max 4294967296) 2)))
server:                (>= main::e 0)
server:                (not (<= main::e 0))
server:                (or
server:                  (>= (div main::uint32_max 4294967296) 1)
server:                  (not (<= (mod main::uint32_max 4294967296) 2)))
server:                (not (<= main::c 0))
server:                (>= main::c 0)
server:                (=
server:                  (mod (+ 4294967295 (mod main::uint32_max 4294967296)) 4294967296)
server:                  4294967294)
server:                (not
server:                  (<=
server:                    (+
server:                      (mod (+ 4294967295 (mod main::uint32_max 4294967296)) 4294967296)
server:                      (* -1 (mod main::d 4294967296)))
server:                    0))
server:                (not (= 0 main::c))
server:                (iff
server:                  (<=
server:                    (+
server:                      (mod (+ 4294967295 (mod main::uint32_max 4294967296)) 4294967296)
server:                      (* -1 (mod main::d 4294967296)))
server:                    0)
server:                  (>= (mod main::d 4294967296) 4294967294))
server:                (not (= main::d (mod (+ 1 (mod main::c 4294967296)) 4294967296)))
server:                (iff
server:                  (<=
server:                    (+
server:                      (mod (+ 4294967295 (mod main::uint32_max 4294967296)) 4294967296)
server:                      (* -1 (mod main::c 4294967296)))
server:                    0)
server:                  (>= (mod main::c 4294967296) 4294967294))
server:                (not (<= 4294967294 (mod main::c 4294967296)))
server:                (= 0 main::d)
server:                (not
server:                  (=
server:                    (mod (+ 1 (mod main::d 4294967296)) 4294967296)
server:                    (mod (+ 1 (mod main::e 4294967296)) 4294967296)))
server:                (iff
server:                  (<=
server:                    (+
server:                      (mod (+ 4294967295 (mod main::uint32_max 4294967296)) 4294967296)
server:                      (* -1 (mod main::e 4294967296)))
server:                    0)
server:                  (>= (mod main::e 4294967296) 4294967294))
server:                (not (= main::e (mod (+ 1 (mod main::d 4294967296)) 4294967296)))
server:                (<=
server:                  (+
server:                    (mod (+ 1 (mod main::d 4294967296)) 4294967296)
server:                    (* -1 (mod (+ 1 (mod main::c 4294967296)) 4294967296)))
server:                  0)
server:                (not (= 0 main::e))
server:                (not (= main::e 1))
server:                (<= 1 (mod (+ 1 (mod main::c 4294967296)) 4294967296))
server:                (not (>= (mod main::e 4294967296) 4294967294)))
server:              (and
server:                (or
server:                  (not (>= (div main::uint32_max 4294967296) 1))
server:                  (not (>= (mod main::uint32_max 4294967296) 2)))
server:                (>= main::e 0)
server:                (<= main::e 0)
server:                (or
server:                  (>= (div main::uint32_max 4294967296) 1)
server:                  (not (<= (mod main::uint32_max 4294967296) 2)))
server:                (not (<= main::c 0))
server:                (>= main::c 0)
server:                (not
server:                  (or
server:                    (and
server:                      (not
server:                        (<=
server:                          (+
server:                            (* 2147483647 main::e)
server:                            (* 2147483648 main::c)
server:                            (* -2147483648 (mod main::e 4294967296))
server:                            (* -9223372032559808512 (div main::e 4294967296))
server:                            (* -4294967296 (div main::c 4294967296)))
server:                          0))
server:                      (<= main::c 0))
server:                    (and
server:                      (not
server:                        (<=
server:                          (+
server:                            (* -2147483647 main::e)
server:                            (* -2147483648 main::c)
server:                            (* 2147483648 (mod main::e 4294967296))
server:                            (* 9223372032559808512 (div main::e 4294967296))
server:                            (* 4294967296 (div main::c 4294967296)))
server:                          0))
server:                      (>= main::c 0))))
server:                (=
server:                  (mod (+ 4294967295 (mod main::uint32_max 4294967296)) 4294967296)
server:                  4294967294)
server:                (not
server:                  (<=
server:                    (+
server:                      (mod (+ 4294967295 (mod main::uint32_max 4294967296)) 4294967296)
server:                      (* -1 (mod main::d 4294967296)))
server:                    0))
server:                (not (= 0 main::c))
server:                (iff
server:                  (<=
server:                    (+
server:                      (mod (+ 4294967295 (mod main::uint32_max 4294967296)) 4294967296)
server:                      (* -1 (mod main::d 4294967296)))
server:                    0)
server:                  (>= (mod main::d 4294967296) 4294967294))
server:                (iff
server:                  (<=
server:                    (+
server:                      (mod (+ 4294967295 (mod main::uint32_max 4294967296)) 4294967296)
server:                      (* -1 (mod main::c 4294967296)))
server:                    0)
server:                  (>= (mod main::c 4294967296) 4294967294))
server:                (not (<= 4294967294 (mod main::c 4294967296)))
server:                (not (= 0 main::d))
server:                (iff
server:                  (<=
server:                    (+
server:                      (mod (+ 4294967295 (mod main::uint32_max 4294967296)) 4294967296)
server:                      (* -1 (mod main::e 4294967296)))
server:                    0)
server:                  (>= (mod main::e 4294967296) 4294967294))
server:                (not (= main::e (mod (+ 1 (mod main::d 4294967296)) 4294967296)))
server:                (= 0 main::e)
server:                (not (= main::e 1))
server:                (<= 1 (mod (+ 1 (mod main::c 4294967296)) 4294967296))
server:                (not (>= (mod (+ 1 (mod main::e 4294967296)) 4294967296) 4294967294))
server:                (not (>= (mod main::e 4294967296) 4294967294)))
server:              (and
server:                (or
server:                  (not (>= (div main::uint32_max 4294967296) 1))
server:                  (not (>= (mod main::uint32_max 4294967296) 2)))
server:                (>= main::e 0)
server:                (not (<= main::e 0))
server:                (or
server:                  (>= (div main::uint32_max 4294967296) 1)
server:                  (not (<= (mod main::uint32_max 4294967296) 2)))
server:                (not (<= main::c 0))
server:                (>= main::c 0)
server:                (not
server:                  (or
server:                    (and
server:                      (not
server:                        (<=
server:                          (+
server:                            (* 2147483647 main::e)
server:                            (* 2147483648 main::c)
server:                            (* -2147483648 (mod main::e 4294967296))
server:                            (* -9223372032559808512 (div main::e 4294967296))
server:                            (* -4294967296 (div main::c 4294967296)))
server:                          0))
server:                      (<= main::c 0))
server:                    (and
server:                      (not
server:                        (<=
server:                          (+
server:                            (* -2147483647 main::e)
server:                            (* -2147483648 main::c)
server:                            (* 2147483648 (mod main::e 4294967296))
server:                            (* 9223372032559808512 (div main::e 4294967296))
server:                            (* 4294967296 (div main::c 4294967296)))
server:                          0))
server:                      (>= main::c 0))))
server:                (=
server:                  (mod (+ 4294967295 (mod main::uint32_max 4294967296)) 4294967296)
server:                  4294967294)
server:                (not
server:                  (<=
server:                    (+
server:                      (mod (+ 4294967295 (mod main::uint32_max 4294967296)) 4294967296)
server:                      (* -1 (mod main::d 4294967296)))
server:                    0))
server:                (not (= 0 main::c))
server:                (iff
server:                  (<=
server:                    (+
server:                      (mod (+ 4294967295 (mod main::uint32_max 4294967296)) 4294967296)
server:                      (* -1 (mod main::d 4294967296)))
server:                    0)
server:                  (>= (mod main::d 4294967296) 4294967294))
server:                (iff
server:                  (<=
server:                    (+
server:                      (mod (+ 4294967295 (mod main::uint32_max 4294967296)) 4294967296)
server:                      (* -1 (mod main::c 4294967296)))
server:                    0)
server:                  (>= (mod main::c 4294967296) 4294967294))
server:                (not (<= 4294967294 (mod main::c 4294967296)))
server:                (not (= 0 main::d))
server:                (iff
server:                  (<=
server:                    (+
server:                      (mod (+ 4294967295 (mod main::uint32_max 4294967296)) 4294967296)
server:                      (* -1 (mod main::e 4294967296)))
server:                    0)
server:                  (>= (mod main::e 4294967296) 4294967294))
server:                (not (= 0 main::e))
server:                (= main::e 1)
server:                (<= 1 (mod (+ 1 (mod main::c 4294967296)) 4294967296))
server:                (not (>= (mod (+ 1 (mod main::e 4294967296)) 4294967296) 4294967294))
server:                (not (>= (mod main::e 4294967296) 4294967294)))
server:              (and
server:                (or
server:                  (not (>= (div main::uint32_max 4294967296) 1))
server:                  (not (>= (mod main::uint32_max 4294967296) 2)))
server:                (>= main::e 0)
server:                (not (<= main::e 0))
server:                (or
server:                  (>= (div main::uint32_max 4294967296) 1)
server:                  (not (<= (mod main::uint32_max 4294967296) 2)))
server:                (not (<= main::c 0))
server:                (>= main::c 0)
server:                (not
server:                  (or
server:                    (and
server:                      (not
server:                        (<=
server:                          (+
server:                            (* 2147483647 main::e)
server:                            (* 2147483648 main::c)
server:                            (* -2147483648 (mod main::e 4294967296))
server:                            (* -9223372032559808512 (div main::e 4294967296))
server:                            (* -4294967296 (div main::c 4294967296)))
server:                          0))
server:                      (<= main::c 0))
server:                    (and
server:                      (not
server:                        (<=
server:                          (+
server:                            (* -2147483647 main::e)
server:                            (* -2147483648 main::c)
server:                            (* 2147483648 (mod main::e 4294967296))
server:                            (* 9223372032559808512 (div main::e 4294967296))
server:                            (* 4294967296 (div main::c 4294967296)))
server:                          0))
server:                      (>= main::c 0))))
server:                (=
server:                  (mod (+ 4294967295 (mod main::uint32_max 4294967296)) 4294967296)
server:                  4294967294)
server:                (not
server:                  (<=
server:                    (+
server:                      (mod (+ 4294967295 (mod main::uint32_max 4294967296)) 4294967296)
server:                      (* -1 (mod main::d 4294967296)))
server:                    0))
server:                (not (= 0 main::c))
server:                (iff
server:                  (<=
server:                    (+
server:                      (mod (+ 4294967295 (mod main::uint32_max 4294967296)) 4294967296)
server:                      (* -1 (mod main::d 4294967296)))
server:                    0)
server:                  (>= (mod main::d 4294967296) 4294967294))
server:                (iff
server:                  (<=
server:                    (+
server:                      (mod (+ 4294967295 (mod main::uint32_max 4294967296)) 4294967296)
server:                      (* -1 (mod main::c 4294967296)))
server:                    0)
server:                  (>= (mod main::c 4294967296) 4294967294))
server:                (not (<= 4294967294 (mod main::c 4294967296)))
server:                (not (= 0 main::d))
server:                (iff
server:                  (<=
server:                    (+
server:                      (mod (+ 4294967295 (mod main::uint32_max 4294967296)) 4294967296)
server:                      (* -1 (mod main::e 4294967296)))
server:                    0)
server:                  (>= (mod main::e 4294967296) 4294967294))
server:                (not (= 0 main::e))
server:                (not (= main::e 1))
server:                (<= 1 (mod (+ 1 (mod main::c 4294967296)) 4294967296))
server:                (not (>= (mod (+ 1 (mod main::e 4294967296)) 4294967296) 4294967294))
server:                (not (>= (mod main::e 4294967296) 4294967294)))
server:              (and
server:                (or
server:                  (not (>= (div main::uint32_max 4294967296) 1))
server:                  (not (>= (mod main::uint32_max 4294967296) 2)))
server:                (>= main::e 0)
server:                (not (<= main::e 0))
server:                (or
server:                  (>= (div main::uint32_max 4294967296) 1)
server:                  (not (<= (mod main::uint32_max 4294967296) 2)))
server:                (not (<= main::c 0))
server:                (>= main::c 0)
server:                (=
server:                  (mod (+ 4294967295 (mod main::uint32_max 4294967296)) 4294967296)
server:                  4294967294)
server:                (not
server:                  (<=
server:                    (+
server:                      (mod (+ 4294967295 (mod main::uint32_max 4294967296)) 4294967296)
server:                      (* -1 (mod main::d 4294967296)))
server:                    0))
server:                (not (= 0 main::c))
server:                (iff
server:                  (<=
server:                    (+
server:                      (mod (+ 4294967295 (mod main::uint32_max 4294967296)) 4294967296)
server:                      (* -1 (mod main::d 4294967296)))
server:                    0)
server:                  (>= (mod main::d 4294967296) 4294967294))
server:                (iff
server:                  (<=
server:                    (+
server:                      (mod (+ 4294967295 (mod main::uint32_max 4294967296)) 4294967296)
server:                      (* -1 (mod main::c 4294967296)))
server:                    0)
server:                  (>= (mod main::c 4294967296) 4294967294))
server:                (not (<= 4294967294 (mod main::c 4294967296)))
server:                (not (= 0 main::d))
server:                (iff
server:                  (<=
server:                    (+
server:                      (mod (+ 4294967295 (mod main::uint32_max 4294967296)) 4294967296)
server:                      (* -1 (mod main::e 4294967296)))
server:                    0)
server:                  (>= (mod main::e 4294967296) 4294967294))
server:                (not (= 0 main::e))
server:                (<= 1 (mod (+ 1 (mod main::c 4294967296)) 4294967296))
server:                (not (>= (mod main::e 4294967296) 4294967294)))
server:              (and
server:                (or
server:                  (not (>= (div main::uint32_max 4294967296) 1))
server:                  (not (>= (mod main::uint32_max 4294967296) 2)))
server:                (>= main::e 0)
server:                (not (<= main::e 0))
server:                (or
server:                  (>= (div main::uint32_max 4294967296) 1)
server:                  (not (<= (mod main::uint32_max 4294967296) 2)))
server:                (not (<= main::c 0))
server:                (>= main::c 0)
server:                (=
server:                  (mod (+ 4294967295 (mod main::uint32_max 4294967296)) 4294967296)
server:                  4294967294)
server:                (not
server:                  (<=
server:                    (+
server:                      (mod (+ 4294967295 (mod main::uint32_max 4294967296)) 4294967296)
server:                      (* -1 (mod main::d 4294967296)))
server:                    0))
server:                (not (= 0 main::c))
server:                (iff
server:                  (<=
server:                    (+
server:                      (mod (+ 4294967295 (mod main::uint32_max 4294967296)) 4294967296)
server:                      (* -1 (mod main::d 4294967296)))
server:                    0)
server:                  (>= (mod main::d 4294967296) 4294967294))
server:                (iff
server:                  (<=
server:                    (+
server:                      (mod (+ 4294967295 (mod main::uint32_max 4294967296)) 4294967296)
server:                      (* -1 (mod main::c 4294967296)))
server:                    0)
server:                  (>= (mod main::c 4294967296) 4294967294))
server:                (not (<= 4294967294 (mod main::c 4294967296)))
server:                (not (= 0 main::d))
server:                (iff
server:                  (<=
server:                    (+
server:                      (mod (+ 4294967295 (mod main::uint32_max 4294967296)) 4294967296)
server:                      (* -1 (mod main::e 4294967296)))
server:                    0)
server:                  (>= (mod main::e 4294967296) 4294967294))
server:                (not (= 0 main::e))
server:                (<= 1 (mod (+ 1 (mod main::c 4294967296)) 4294967296))
server:                (not (>= (mod main::e 4294967296) 4294967294)))))] 
server:   main_error[(PredState (or
server:              false
server:              false
server:              false
server:              false
server:              false
server:              false
server:              false
server:              false
server:              false
server:              false
server:              false
server:              false
server:              false
server:              false
server:              false
server:              false
server:              false
server:              false
server:              false
server:              false
server:              (and
server:                (or
server:                  (not (>= (div main::uint32_max 4294967296) 1))
server:                  (not (>= (mod main::uint32_max 4294967296) 2)))
server:                (>= main::e 0)
server:                (not (<= main::e 0))
server:                (or
server:                  (>= (div main::uint32_max 4294967296) 1)
server:                  (not (<= (mod main::uint32_max 4294967296) 2)))
server:                (not (<= main::c 0))
server:                (>= main::c 0)
server:                (not
server:                  (or
server:                    (and
server:                      (not
server:                        (<=
server:                          (+
server:                            (* 2147483647 main::e)
server:                            (* 2147483648 main::c)
server:                            (* -2147483648 (mod main::e 4294967296))
server:                            (* -9223372032559808512 (div main::e 4294967296))
server:                            (* -4294967296 (div main::c 4294967296)))
server:                          0))
server:                      (<= main::c 0))
server:                    (and
server:                      (not
server:                        (<=
server:                          (+
server:                            (* -2147483647 main::e)
server:                            (* -2147483648 main::c)
server:                            (* 2147483648 (mod main::e 4294967296))
server:                            (* 9223372032559808512 (div main::e 4294967296))
server:                            (* 4294967296 (div main::c 4294967296)))
server:                          0))
server:                      (>= main::c 0))))
server:                (=
server:                  (mod (+ 4294967295 (mod main::uint32_max 4294967296)) 4294967296)
server:                  4294967294)
server:                (not
server:                  (<=
server:                    (+
server:                      (mod (+ 4294967295 (mod main::uint32_max 4294967296)) 4294967296)
server:                      (* -1 (mod main::d 4294967296)))
server:                    0))
server:                (not (= 0 main::c))
server:                (=
server:                  (mod (+ 1 (mod main::d 4294967296)) 4294967296)
server:                  (mod (+ 1 (mod main::c 4294967296)) 4294967296))
server:                (iff
server:                  (<=
server:                    (+
server:                      (mod (+ 4294967295 (mod main::uint32_max 4294967296)) 4294967296)
server:                      (* -1 (mod main::d 4294967296)))
server:                    0)
server:                  (>= (mod main::d 4294967296) 4294967294))
server:                (not (= main::d (mod (+ 1 (mod main::c 4294967296)) 4294967296)))
server:                (iff
server:                  (<=
server:                    (+
server:                      (mod (+ 4294967295 (mod main::uint32_max 4294967296)) 4294967296)
server:                      (* -1 (mod main::c 4294967296)))
server:                    0)
server:                  (>= (mod main::c 4294967296) 4294967294))
server:                (not (<= 4294967294 (mod main::c 4294967296)))
server:                (not (= 0 main::d))
server:                (=
server:                  (mod (+ 1 (mod main::d 4294967296)) 4294967296)
server:                  (mod (+ 1 (mod main::e 4294967296)) 4294967296))
server:                (iff
server:                  (<=
server:                    (+
server:                      (mod (+ 4294967295 (mod main::uint32_max 4294967296)) 4294967296)
server:                      (* -1 (mod main::e 4294967296)))
server:                    0)
server:                  (>= (mod main::e 4294967296) 4294967294))
server:                (not (= main::e (mod (+ 1 (mod main::d 4294967296)) 4294967296)))
server:                (<=
server:                  (+
server:                    (mod (+ 1 (mod main::d 4294967296)) 4294967296)
server:                    (* -1 (mod (+ 1 (mod main::c 4294967296)) 4294967296)))
server:                  0)
server:                (>=
server:                  (+
server:                    (mod (+ 1 (mod main::d 4294967296)) 4294967296)
server:                    (* -1 (mod (+ 1 (mod main::c 4294967296)) 4294967296)))
server:                  0)
server:                (not (= 0 main::e))
server:                (not (= main::e 1))
server:                (<= 1 (mod (+ 1 (mod main::c 4294967296)) 4294967296))
server:                (>= (mod (+ 1 (mod main::e 4294967296)) 4294967296) 4294967294)
server:                (not (>= (mod main::e 4294967296) 4294967294)))
server:              false
server:              false
server:              false
server:              false
server:              false
server:              false
server:              false
server:              (and
server:                (or
server:                  (not (>= (div main::uint32_max 4294967296) 1))
server:                  (not (>= (mod main::uint32_max 4294967296) 2)))
server:                (>= main::e 0)
server:                (not (<= main::e 0))
server:                (or
server:                  (>= (div main::uint32_max 4294967296) 1)
server:                  (not (<= (mod main::uint32_max 4294967296) 2)))
server:                (not (<= main::c 0))
server:                (>= main::c 0)
server:                (not
server:                  (or
server:                    (and
server:                      (not
server:                        (<=
server:                          (+
server:                            (* 2147483647 main::e)
server:                            (* 2147483648 main::c)
server:                            (* -2147483648 (mod main::e 4294967296))
server:                            (* -9223372032559808512 (div main::e 4294967296))
server:                            (* -4294967296 (div main::c 4294967296)))
server:                          0))
server:                      (<= main::c 0))
server:                    (and
server:                      (not
server:                        (<=
server:                          (+
server:                            (* -2147483647 main::e)
server:                            (* -2147483648 main::c)
server:                            (* 2147483648 (mod main::e 4294967296))
server:                            (* 9223372032559808512 (div main::e 4294967296))
server:                            (* 4294967296 (div main::c 4294967296)))
server:                          0))
server:                      (>= main::c 0))))
server:                (=
server:                  (mod (+ 4294967295 (mod main::uint32_max 4294967296)) 4294967296)
server:                  4294967294)
server:                (not
server:                  (<=
server:                    (+
server:                      (mod (+ 4294967295 (mod main::uint32_max 4294967296)) 4294967296)
server:                      (* -1 (mod main::d 4294967296)))
server:                    0))
server:                (not (= 0 main::c))
server:                (=
server:                  (mod (+ 1 (mod main::d 4294967296)) 4294967296)
server:                  (mod (+ 1 (mod main::c 4294967296)) 4294967296))
server:                (iff
server:                  (<=
server:                    (+
server:                      (mod (+ 4294967295 (mod main::uint32_max 4294967296)) 4294967296)
server:                      (* -1 (mod main::d 4294967296)))
server:                    0)
server:                  (>= (mod main::d 4294967296) 4294967294))
server:                (not (= main::d (mod (+ 1 (mod main::c 4294967296)) 4294967296)))
server:                (iff
server:                  (<=
server:                    (+
server:                      (mod (+ 4294967295 (mod main::uint32_max 4294967296)) 4294967296)
server:                      (* -1 (mod main::c 4294967296)))
server:                    0)
server:                  (>= (mod main::c 4294967296) 4294967294))
server:                (not (<= 4294967294 (mod main::c 4294967296)))
server:                (not (= 0 main::d))
server:                (=
server:                  (mod (+ 1 (mod main::d 4294967296)) 4294967296)
server:                  (mod (+ 1 (mod main::e 4294967296)) 4294967296))
server:                (iff
server:                  (<=
server:                    (+
server:                      (mod (+ 4294967295 (mod main::uint32_max 4294967296)) 4294967296)
server:                      (* -1 (mod main::e 4294967296)))
server:                    0)
server:                  (>= (mod main::e 4294967296) 4294967294))
server:                (not (= main::e (mod (+ 1 (mod main::d 4294967296)) 4294967296)))
server:                (<=
server:                  (+
server:                    (mod (+ 1 (mod main::d 4294967296)) 4294967296)
server:                    (* -1 (mod (+ 1 (mod main::c 4294967296)) 4294967296)))
server:                  0)
server:                (>=
server:                  (+
server:                    (mod (+ 1 (mod main::d 4294967296)) 4294967296)
server:                    (* -1 (mod (+ 1 (mod main::c 4294967296)) 4294967296)))
server:                  0)
server:                (not (= 0 main::e))
server:                (not (= main::e 1))
server:                (<= 1 (mod (+ 1 (mod main::c 4294967296)) 4294967296))
server:                (>= (mod (+ 1 (mod main::e 4294967296)) 4294967296) 4294967294)
server:                (not (>= (mod main::e 4294967296) 4294967294)))))]
server: )
server: [INFO] Successfully wrote LocationInvariants to /dev/shm/partialResult3465587487950339340.json
server: Writing post-verification artifacts to directory /tmp/vcloud_worker_meres_on_bme-233008/run_dir_036e969a-b5fc-4dc1-9147-a4a20d3bb6d9/./output/PredCart(900, true, true) -> KInd()/PredCart(900, true, true)/602594464466478058
Backend finished (in 510628 ms)
(SafetyResult Partial)
Caught exception: hu.bme.mit.theta.common.exception.NotSolvableException: Task is not solvable with this configuration!
Handling exception as Anything
Current configuration: XcfaConfig(inputConfig=InputConfig(inputFile=null, catFile=null, parseCtx=null, xcfaWCtx=present, propertyFile=null, property=ERROR_LOCATION, partialResult=null, frontendConfig=FrontendConfig(lbeLevel=LBE_SEQ, staticCoi=false, loopUnroll=1000, forceUnroll=-1, enableFew=false, inputType=C, specConfig=CFrontendConfig(arithmetic=efficient, architecture=ILP32)), backendConfig=BackendConfig(backend=BOUNDED, solverHome=/home/benchexec/.theta, timeoutMs=900000, softTimeoutMs=900000, inProcess=true, parseInProcess=false, inPortfolio=true, memlimit=0, disablePartialResult=true, specConfig=BoundedConfig(maxBound=0, reversed=false, cegar=false, initPrec=EMPTY, bmcConfig=BMCConfig(disable=false, nonLfPath=false, bmcSolver=Z3, validateBMCSolver=false), indConfig=InductionConfig(disable=false, indSolver=Z3, validateIndSolver=false, indMinBound=0, indFreq=1), itpConfig=InterpolationConfig(disable=true, itpSolver=Z3, validateItpSolver=false))), outputConfig=OutputConfig(versionInfo=false, enableOutput=true, resultFolder=./output/PredCart(900, true, true) -> KInd()/KInd(), acceptUnreliableSafe=false, cOutputConfig=COutputConfig(disable=true, useArr=false, useExArr=false, useRange=false), xcfaOutputConfig=XcfaOutputConfig(disable=true), chcOutputConfig=ChcOutputConfig(disable=true), witnessConfig=WitnessConfig(disable=false, svcomp=true, concretizerSolver=Z3, validateConcretizerSolver=false, inputFileForWitness=null), partialResultOutputConfig=PartialResultOutputConfig(enable=false, tempFileLocation=null), argConfig=ArgConfig(disable=true)), debugConfig=DebugConfig(debug=false, stacktrace=false, logLevel=INFO, argdebug=false, argToFile=false))
PartialResultJson: /dev/shm/partialResult3465587487950339340.json
server: Registered Legacy-Z3 SolverManager
server: Registered Z3 SolverManager
server: Registered JavaSMT SolverManager
server: Registered SMT-LIB SolverManager
server: Successfully loaded LocationInvariants from /dev/shm/partialResult3465587487950339340.json
server: Starting iteration 1
server: 	Starting BMC
server: 	Starting k-induction
server: Starting iteration 2
server: 	Starting BMC
server: 	Starting k-induction
server: Starting iteration 3
server: 	Starting BMC
server: 	Starting k-induction
server: Starting iteration 4
server: 	Starting BMC
server: 	Starting k-induction
server: Starting iteration 5
server: 	Starting BMC
server: 	Starting k-induction
server: Starting iteration 6
server: 	Starting BMC
server: 	Starting k-induction
server: Starting iteration 7
server: 	Starting BMC
server: 	Starting k-induction
server: Starting iteration 8
server: 	Starting BMC
server: 	Starting k-induction
server: Starting iteration 9
server: 	Starting BMC
server: 	Starting k-induction
server: Starting iteration 10
server: 	Starting BMC
server: 	Starting k-induction
server: Starting iteration 11
server: 	Starting BMC
server: 	Starting k-induction
server: Starting iteration 12
server: 	Starting BMC
server: 	Starting k-induction
server: Starting iteration 13
server: 	Starting BMC
server: 	Starting k-induction
server: Starting iteration 14
server: 	Starting BMC
server: 	Starting k-induction
server: Starting iteration 15
server: 	Starting BMC
server: 	Starting k-induction
server: Starting iteration 16
server: 	Starting BMC
server: 	Starting k-induction
server: Starting iteration 17
server: 	Starting BMC
server: 	Starting k-induction
server: Starting iteration 18
server: 	Starting BMC
server: 	Starting k-induction
server: Starting iteration 19
server: 	Starting BMC
server: 	Starting k-induction
server: Starting iteration 20
server: 	Starting BMC
server: 	Starting k-induction
server: Starting iteration 21
server: 	Starting BMC
server: 	Starting k-induction
