tools/baseline/theta-start.sh sv-benchmarks/c/loop-invariants/linear-inequality-inv-c.c --svcomp --portfolio 'PredCart(900, true, true) -> KInd()' --loglevel RESULT --output-directory ./output --property sv-benchmarks/c/properties/unreach-call.prp --architecture ILP32 --memlimit 15000000000


--------------------------------------------------------------------------------


LD_LIBRARY_PATH=/tmp/vcloud_worker_meres_on_bme-233008/run_dir_08075a68-73f8-445f-8c0f-d84c51bd69e8/tools/baseline/lib /usr/lib/jvm/java-17-openjdk-amd64/bin/java -Xss120m -Xmx14210m -jar /tmp/vcloud_worker_meres_on_bme-233008/run_dir_08075a68-73f8-445f-8c0f-d84c51bd69e8/tools/baseline/theta.jar --svcomp --portfolio PredCart(900, true, true) -> KInd() --loglevel RESULT --output-directory ./output --property sv-benchmarks/c/properties/unreach-call.prp --architecture ILP32 --memlimit 15000000000 --input sv-benchmarks/c/loop-invariants/linear-inequality-inv-c.c --smt-home /tmp/vcloud_worker_meres_on_bme-233008/run_dir_08075a68-73f8-445f-8c0f-d84c51bd69e8/tools/baseline/solvers
Arithmetic: []
ParsingResult Success
Alias graph size: 0 -> []
PARTS: [PredCart(900, true, true), KInd()]
Current configuration: XcfaConfig(inputConfig=InputConfig(inputFile=null, catFile=null, parseCtx=null, xcfaWCtx=present, propertyFile=null, property=ERROR_LOCATION, partialResult=null, frontendConfig=FrontendConfig(lbeLevel=LBE_SEQ, staticCoi=false, loopUnroll=1000, forceUnroll=-1, enableFew=false, inputType=C, specConfig=CFrontendConfig(arithmetic=efficient, architecture=ILP32)), backendConfig=BackendConfig(backend=CEGAR, solverHome=/home/benchexec/.theta, timeoutMs=900000, softTimeoutMs=900000, inProcess=true, parseInProcess=false, inPortfolio=true, memlimit=0, disablePartialResult=false, specConfig=CegarConfig(initPrec=EMPTY, porLevel=NOPOR, porRandomSeed=0, coi=NO_COI, cexMonitor=CHECK, iterationTimeHeuristic=true, abstractorConfig=CegarAbstractorConfig(abstractionSolver=Z3, validateAbstractionSolver=false, domain=PRED_CART, maxEnum=2, search=ERR, havocMemory=false), refinerConfig=CegarRefinerConfig(refinementSolver=Z3, validateRefinementSolver=false, refinement=SEQ_ITP, exprSplitter=CONJUNCTS, pruneStrategy=LAZY))), outputConfig=OutputConfig(versionInfo=false, enableOutput=true, resultFolder=./output/PredCart(900, true, true) -> KInd()/PredCart(900, true, true), acceptUnreliableSafe=false, cOutputConfig=COutputConfig(disable=true, useArr=false, useExArr=false, useRange=false), xcfaOutputConfig=XcfaOutputConfig(disable=true), chcOutputConfig=ChcOutputConfig(disable=true), witnessConfig=WitnessConfig(disable=false, svcomp=true, concretizerSolver=Z3, validateConcretizerSolver=false, inputFileForWitness=null), partialResultOutputConfig=PartialResultOutputConfig(enable=false, tempFileLocation=null), argConfig=ArgConfig(disable=true)), debugConfig=DebugConfig(debug=false, stacktrace=false, logLevel=INFO, argdebug=false, argToFile=false))
PartialResultJson: /dev/shm/partialResult15264469296277046320.json
server: Registered Legacy-Z3 SolverManager
server: Registered Z3 SolverManager
server: Registered JavaSMT SolverManager
server: Registered SMT-LIB SolverManager
server: Successfully loaded LocationInvariants from /dev/shm/partialResult15264469296277046320.json
server: [33m[WARN] LocationInvariants are empty map. Returning null!
server: [0mConfiguration: (CegarChecker (XcfaArgAbstractor (PriorityWaitlist XcfaDistToErrComparator)) (XcfaSingleExprTraceRefiner ExprTraceSeqItpChecker XcfaPrecRefiner))
server: TimeoutMs In Cegar:900000
server: Iteration 1
server: | Checking abstraction...
server: |  |  PrecisionSize: 0
server: |  |  (Re)initializing ARG...done
server: |  |  Starting ARG: 1 nodes, 1 incomplete, 0 unsafe
server: |  |  (StopCriterion FirstCex)...
server: |  |  Building ARG...
server: |  |  Finished ARG: 9 nodes, 4 incomplete, 1 unsafe
server: | Checking abstraction done, result: (AbstractorResult Unsafe)
server: | Refining abstraction...
server: |  |  Trace length: 5
server: |  |  Checking trace...done, result: (ExprTraceStatus Infeasible)
server: |  |  Pruning from index 3...done
server: Refining abstraction done, result: (RefinerResult Spurious)
server: ! Precision DID change in this iteration
server: Iteration took 0s to run! 
server: ExplPreictor: Predicted 0.200s, Real 0.135s 
server:               Weight 1.7 -> 0.9258439440482015 
server: Iteration 2
server: | Checking abstraction...
server: |  |  PrecisionSize: 1
server: |  |  Starting ARG: 4 nodes, 2 incomplete, 0 unsafe
server: |  |  (StopCriterion FirstCex)...
server: |  |  Building ARG...
server: |  |  Finished ARG: 11 nodes, 4 incomplete, 1 unsafe
server: | Checking abstraction done, result: (AbstractorResult Unsafe)
server: | Refining abstraction...
server: |  |  Trace length: 6
server: |  |  Checking trace...done, result: (ExprTraceStatus Infeasible)
server: |  |  Pruning from index 3...done
server: Refining abstraction done, result: (RefinerResult Spurious)
server: ! Precision DID change in this iteration
server: Iteration took 0s to run! 
server: ExplPreictor: Predicted 0.094s, Real 0.186s 
server:               Weight 0.9258439440482015 -> 1.0233084311326828 
server: Iteration 3
server: | Checking abstraction...
server: |  |  PrecisionSize: 2
server: |  |  Starting ARG: 4 nodes, 2 incomplete, 0 unsafe
server: |  |  (StopCriterion FirstCex)...
server: |  |  Building ARG...
server: |  |  Finished ARG: 17 nodes, 5 incomplete, 1 unsafe
server: | Checking abstraction done, result: (AbstractorResult Unsafe)
server: | Refining abstraction...
server: |  |  Trace length: 7
server: |  |  Checking trace...done, result: (ExprTraceStatus Infeasible)
server: |  |  Pruning from index 2...done
server: Refining abstraction done, result: (RefinerResult Spurious)
server: ! Precision DID change in this iteration
server: Iteration took 0s to run! 
server: ExplPreictor: Predicted 0.210s, Real 0.343s 
server:               Weight 1.0233084311326828 -> 1.0496280257412045 
server: Iteration 4
server: | Checking abstraction...
server: |  |  PrecisionSize: 15
server: |  |  Starting ARG: 2 nodes, 1 incomplete, 0 unsafe
server: |  |  (StopCriterion FirstCex)...
server: |  |  Building ARG...
server: |  |  Finished ARG: 23 nodes, 6 incomplete, 1 unsafe
server: | Checking abstraction done, result: (AbstractorResult Unsafe)
server: | Refining abstraction...
server: |  |  Trace length: 8
server: |  |  Checking trace...done, result: (ExprTraceStatus Infeasible)
server: |  |  Pruning from index 2...done
server: Refining abstraction done, result: (RefinerResult Spurious)
server: ! Precision DID change in this iteration
server: Iteration took 288s to run! 
server: ExplPreictor: Predicted 0.458s, Real 288.927s 
server:               Weight 1.0496280257412045 -> 1.3954189514945452 
server: --------Iteration time heuristic predicts timeout--------
server: |  |  PrecisionSize: 15
server: |  |  Starting ARG: 2 nodes, 1 incomplete, 0 unsafe
server: |  |  (StopCriterion FullExploration)...
server: |  |  Building ARG...
server: |  |  Finished ARG: 29 nodes, 2 incomplete, 2 unsafe
server: Backend finished (in 707195 ms)
server: (SafetyResult Partial)
server: Successfully loaded LocationInvariants from /dev/shm/partialResult15264469296277046320.json
server: [33m[WARN] LocationInvariants are empty map. Returning null!
server: [0mLocationInvariants(
server:   main_final[(PredState (or
server:              (and
server:                (<= main::n 65535)
server:                (>= main::n 0)
server:                (iff
server:                  (>= (+ (mod main::i 4294967296) (* -1 (mod main::n 4294967296))) 0)
server:                  (<= (mod main::n 4294967296) 0)))
server:              (and
server:                (>= (+ (mod main::s 4294967296) (* -1 (mod main::v 4294967296))) 0)
server:                (<= (mod main::s 4294967296) 4294836225)
server:                (<= main::n 65535)
server:                (>= main::n 0)
server:                (>= (div main::s 4294967296) 0)
server:                (iff
server:                  (>= (+ (mod main::i 4294967296) (* -1 (mod main::n 4294967296))) 0)
server:                  (<= (mod main::n 4294967296) 0))
server:                (= 0 main::s)
server:                (<= main::s 0)
server:                (>= main::s 0)
server:                (<= main::i 0)
server:                (>= (div (+ 1 main::i) 4294967296) 0)
server:                (= 0 main::i)
server:                (>=
server:                  (+
server:                    main::i
server:                    (* -1 (mod (+ 1 (mod main::i 4294967296)) 4294967296))
server:                    (* -4294967294 (div (+ 1 main::i) 4294967296)))
server:                  -1)
server:                (or
server:                  (not
server:                    (<=
server:                      (+
server:                        (* 4294967296 (mod main::v 4294967296))
server:                        (* 18446744069414584320 (div main::v 4294967296))
server:                        (* -4294967295 main::v))
server:                      4294967297))
server:                  (<=
server:                    -131070
server:                    (+
server:                      (* -8589934590 (mod main::v 4294967296))
server:                      (* -1 (mod main::s 4294967296))
server:                      (* 8589934590 main::v)
server:                      (* -36893488138829168640 (div main::v 4294967296))))
server:                  (and
server:                    (<=
server:                      -131070
server:                      (+
server:                        (* -2 main::n)
server:                        (* 2 (mod main::v 4294967296))
server:                        (* -1 (mod main::s 4294967296))))
server:                    (or
server:                      (<= 0 (+ (mod main::v 4294967296) (* -1 (mod main::n 4294967296))))
server:                      (not
server:                        (<=
server:                          (+
server:                            (* -1 (mod main::v 4294967296))
server:                            main::v
server:                            (* -4294967296 (div main::v 4294967296)))
server:                          0))
server:                      (<=
server:                        -4294836223
server:                        (+
server:                          (* 2 (mod main::v 4294967296))
server:                          (* -2 main::v)
server:                          (* -1 (mod main::s 4294967296))
server:                          (* 8589934592 (div main::v 4294967296))))
server:                      (<=
server:                        4294967296
server:                        (+
server:                          (* -2 (mod main::v 4294967296))
server:                          (* 2 main::v)
server:                          (mod main::s 4294967296)
server:                          (* -8589934592 (div main::v 4294967296))))
server:                      (not
server:                        (<=
server:                          (+
server:                            (* -2147483648 (mod main::s 4294967296))
server:                            (* -9223372032559808512 (div main::s 4294967296))
server:                            (* 2147483647 main::s))
server:                          -2147483648))
server:                      (not
server:                        (<=
server:                          (+
server:                            (mod main::v 4294967296)
server:                            (* -1 main::v)
server:                            (* 4294967296 (div main::v 4294967296)))
server:                          0))
server:                      (and
server:                        (not (<= (+ (mod main::n 4294967296) (* -1 main::i)) 0))
server:                        (>= (div main::i 4294967296) 0)))
server:                    (>= main::n 0)
server:                    (>= (+ (mod main::n 4294967296) (* -1 (mod main::v 4294967296))) 0))
server:                  (<=
server:                    -4294836225
server:                    (+
server:                      (* 2 (mod main::v 4294967296))
server:                      (* -1 (mod main::s 4294967296))
server:                      (* -2 main::v)
server:                      (* 8589934592 (div main::v 4294967296))))
server:                  (<=
server:                    4294967296
server:                    (+
server:                      (* -2 (mod main::v 4294967296))
server:                      (mod main::s 4294967296)
server:                      (* 2 main::v)
server:                      (* -8589934592 (div main::v 4294967296))))
server:                  (not
server:                    (<=
server:                      (+
server:                        (* -2147483648 (mod main::s 4294967296))
server:                        (* -9223372032559808512 (div main::s 4294967296))
server:                        (* 2147483647 main::s))
server:                      -2147483648))
server:                  (<=
server:                    -4294836223
server:                    (+
server:                      (* 2 (mod main::v 4294967296))
server:                      (* -2 main::v)
server:                      (* -1 (mod main::s 4294967296))
server:                      (* 8589934592 (div main::v 4294967296))))
server:                  (<=
server:                    4294967296
server:                    (+
server:                      (* -2 (mod main::v 4294967296))
server:                      (* 2 main::v)
server:                      (mod main::s 4294967296)
server:                      (* -8589934592 (div main::v 4294967296)))))
server:                (or
server:                  (not
server:                    (<=
server:                      (+
server:                        (* 4294967296 (mod main::v 4294967296))
server:                        (* 18446744069414584320 (div main::v 4294967296))
server:                        (* -4294967295 main::v))
server:                      4294967297))
server:                  (<=
server:                    -131070
server:                    (+
server:                      (* -8589934590 (mod main::v 4294967296))
server:                      (* -1 (mod main::s 4294967296))
server:                      (* 8589934590 main::v)
server:                      (* -36893488138829168640 (div main::v 4294967296))))
server:                  (<= (mod main::s 4294967296) 131070)
server:                  (not
server:                    (<=
server:                      (+
server:                        (* -1 (mod main::v 4294967296))
server:                        main::v
server:                        (* -4294967296 (div main::v 4294967296)))
server:                      0))
server:                  (<=
server:                    -4294836223
server:                    (+
server:                      (* 2 (mod main::v 4294967296))
server:                      (* -2 main::v)
server:                      (* -1 (mod main::s 4294967296))
server:                      (* 8589934592 (div main::v 4294967296))))
server:                  (<=
server:                    4294967296
server:                    (+
server:                      (* -2 (mod main::v 4294967296))
server:                      (* 2 main::v)
server:                      (mod main::s 4294967296)
server:                      (* -8589934592 (div main::v 4294967296))))
server:                  (not
server:                    (<=
server:                      (+
server:                        (* -2147483648 (mod main::s 4294967296))
server:                        (* -9223372032559808512 (div main::s 4294967296))
server:                        (* 2147483647 main::s))
server:                      -2147483648))
server:                  (not
server:                    (<=
server:                      (+
server:                        (mod main::v 4294967296)
server:                        (* -1 main::v)
server:                        (* 4294967296 (div main::v 4294967296)))
server:                      0))
server:                  (<=
server:                    -4294836225
server:                    (+
server:                      (* 2 (mod main::v 4294967296))
server:                      (* -1 (mod main::s 4294967296))
server:                      (* -2 main::v)
server:                      (* 8589934592 (div main::v 4294967296))))
server:                  (<=
server:                    4294967296
server:                    (+
server:                      (* -2 (mod main::v 4294967296))
server:                      (mod main::s 4294967296)
server:                      (* 2 main::v)
server:                      (* -8589934592 (div main::v 4294967296))))))
server:              (and
server:                (>= (+ (mod main::s 4294967296) (* -1 (mod main::v 4294967296))) 0)
server:                (<= (mod main::s 4294967296) 4294836225)
server:                (<= main::n 65535)
server:                (>= main::n 0)
server:                (>= (div main::s 4294967296) 0)
server:                (>= main::s 0)
server:                (not (<= main::i 0))
server:                (>= (div (+ 1 main::i) 4294967296) 0)
server:                (not (= 0 main::i))
server:                (>=
server:                  (+
server:                    main::i
server:                    (* -1 (mod (+ 1 (mod main::i 4294967296)) 4294967296))
server:                    (* -4294967294 (div (+ 1 main::i) 4294967296)))
server:                  -1)
server:                (or
server:                  (not
server:                    (<=
server:                      (+
server:                        (* 4294967296 (mod main::v 4294967296))
server:                        (* 18446744069414584320 (div main::v 4294967296))
server:                        (* -4294967295 main::v))
server:                      4294967297))
server:                  (<=
server:                    -131070
server:                    (+
server:                      (* -8589934590 (mod main::v 4294967296))
server:                      (* -1 (mod main::s 4294967296))
server:                      (* 8589934590 main::v)
server:                      (* -36893488138829168640 (div main::v 4294967296))))
server:                  (and
server:                    (<=
server:                      -131070
server:                      (+
server:                        (* -2 main::n)
server:                        (* 2 (mod main::v 4294967296))
server:                        (* -1 (mod main::s 4294967296))))
server:                    (or
server:                      (<= 0 (+ (mod main::v 4294967296) (* -1 (mod main::n 4294967296))))
server:                      (not
server:                        (<=
server:                          (+
server:                            (* -1 (mod main::v 4294967296))
server:                            main::v
server:                            (* -4294967296 (div main::v 4294967296)))
server:                          0))
server:                      (<=
server:                        -4294836223
server:                        (+
server:                          (* 2 (mod main::v 4294967296))
server:                          (* -2 main::v)
server:                          (* -1 (mod main::s 4294967296))
server:                          (* 8589934592 (div main::v 4294967296))))
server:                      (<=
server:                        4294967296
server:                        (+
server:                          (* -2 (mod main::v 4294967296))
server:                          (* 2 main::v)
server:                          (mod main::s 4294967296)
server:                          (* -8589934592 (div main::v 4294967296))))
server:                      (not
server:                        (<=
server:                          (+
server:                            (* -2147483648 (mod main::s 4294967296))
server:                            (* -9223372032559808512 (div main::s 4294967296))
server:                            (* 2147483647 main::s))
server:                          -2147483648))
server:                      (not
server:                        (<=
server:                          (+
server:                            (mod main::v 4294967296)
server:                            (* -1 main::v)
server:                            (* 4294967296 (div main::v 4294967296)))
server:                          0))
server:                      (and
server:                        (not (<= (+ (mod main::n 4294967296) (* -1 main::i)) 0))
server:                        (>= (div main::i 4294967296) 0)))
server:                    (>= main::n 0)
server:                    (>= (+ (mod main::n 4294967296) (* -1 (mod main::v 4294967296))) 0))
server:                  (<=
server:                    -4294836225
server:                    (+
server:                      (* 2 (mod main::v 4294967296))
server:                      (* -1 (mod main::s 4294967296))
server:                      (* -2 main::v)
server:                      (* 8589934592 (div main::v 4294967296))))
server:                  (<=
server:                    4294967296
server:                    (+
server:                      (* -2 (mod main::v 4294967296))
server:                      (mod main::s 4294967296)
server:                      (* 2 main::v)
server:                      (* -8589934592 (div main::v 4294967296))))
server:                  (not
server:                    (<=
server:                      (+
server:                        (* -2147483648 (mod main::s 4294967296))
server:                        (* -9223372032559808512 (div main::s 4294967296))
server:                        (* 2147483647 main::s))
server:                      -2147483648))
server:                  (<=
server:                    -4294836223
server:                    (+
server:                      (* 2 (mod main::v 4294967296))
server:                      (* -2 main::v)
server:                      (* -1 (mod main::s 4294967296))
server:                      (* 8589934592 (div main::v 4294967296))))
server:                  (<=
server:                    4294967296
server:                    (+
server:                      (* -2 (mod main::v 4294967296))
server:                      (* 2 main::v)
server:                      (mod main::s 4294967296)
server:                      (* -8589934592 (div main::v 4294967296)))))
server:                (or
server:                  (not
server:                    (<=
server:                      (+
server:                        (* 4294967296 (mod main::v 4294967296))
server:                        (* 18446744069414584320 (div main::v 4294967296))
server:                        (* -4294967295 main::v))
server:                      4294967297))
server:                  (<=
server:                    -131070
server:                    (+
server:                      (* -8589934590 (mod main::v 4294967296))
server:                      (* -1 (mod main::s 4294967296))
server:                      (* 8589934590 main::v)
server:                      (* -36893488138829168640 (div main::v 4294967296))))
server:                  (<= (mod main::s 4294967296) 131070)
server:                  (not
server:                    (<=
server:                      (+
server:                        (* -1 (mod main::v 4294967296))
server:                        main::v
server:                        (* -4294967296 (div main::v 4294967296)))
server:                      0))
server:                  (<=
server:                    -4294836223
server:                    (+
server:                      (* 2 (mod main::v 4294967296))
server:                      (* -2 main::v)
server:                      (* -1 (mod main::s 4294967296))
server:                      (* 8589934592 (div main::v 4294967296))))
server:                  (<=
server:                    4294967296
server:                    (+
server:                      (* -2 (mod main::v 4294967296))
server:                      (* 2 main::v)
server:                      (mod main::s 4294967296)
server:                      (* -8589934592 (div main::v 4294967296))))
server:                  (not
server:                    (<=
server:                      (+
server:                        (* -2147483648 (mod main::s 4294967296))
server:                        (* -9223372032559808512 (div main::s 4294967296))
server:                        (* 2147483647 main::s))
server:                      -2147483648))
server:                  (not
server:                    (<=
server:                      (+
server:                        (mod main::v 4294967296)
server:                        (* -1 main::v)
server:                        (* 4294967296 (div main::v 4294967296)))
server:                      0))
server:                  (<=
server:                    -4294836225
server:                    (+
server:                      (* 2 (mod main::v 4294967296))
server:                      (* -1 (mod main::s 4294967296))
server:                      (* -2 main::v)
server:                      (* 8589934592 (div main::v 4294967296))))
server:                  (<=
server:                    4294967296
server:                    (+
server:                      (* -2 (mod main::v 4294967296))
server:                      (mod main::s 4294967296)
server:                      (* 2 main::v)
server:                      (* -8589934592 (div main::v 4294967296))))))
server:              (and
server:                (>= (+ (mod main::s 4294967296) (* -1 (mod main::v 4294967296))) 0)
server:                (<= (mod main::s 4294967296) 4294836225)
server:                (<= main::n 65535)
server:                (>= main::n 0)
server:                (>= (div main::s 4294967296) 0)
server:                (>= main::s 0)
server:                (not (<= main::i 0))
server:                (>= (div (+ 1 main::i) 4294967296) 0)
server:                (not (= 0 main::i))
server:                (>=
server:                  (+
server:                    main::i
server:                    (* -1 (mod (+ 1 (mod main::i 4294967296)) 4294967296))
server:                    (* -4294967294 (div (+ 1 main::i) 4294967296)))
server:                  -1)
server:                (or
server:                  (not
server:                    (<=
server:                      (+
server:                        (* 4294967296 (mod main::v 4294967296))
server:                        (* 18446744069414584320 (div main::v 4294967296))
server:                        (* -4294967295 main::v))
server:                      4294967297))
server:                  (<=
server:                    -131070
server:                    (+
server:                      (* -8589934590 (mod main::v 4294967296))
server:                      (* -1 (mod main::s 4294967296))
server:                      (* 8589934590 main::v)
server:                      (* -36893488138829168640 (div main::v 4294967296))))
server:                  (and
server:                    (<=
server:                      -131070
server:                      (+
server:                        (* -2 main::n)
server:                        (* 2 (mod main::v 4294967296))
server:                        (* -1 (mod main::s 4294967296))))
server:                    (or
server:                      (<= 0 (+ (mod main::v 4294967296) (* -1 (mod main::n 4294967296))))
server:                      (not
server:                        (<=
server:                          (+
server:                            (* -1 (mod main::v 4294967296))
server:                            main::v
server:                            (* -4294967296 (div main::v 4294967296)))
server:                          0))
server:                      (<=
server:                        -4294836223
server:                        (+
server:                          (* 2 (mod main::v 4294967296))
server:                          (* -2 main::v)
server:                          (* -1 (mod main::s 4294967296))
server:                          (* 8589934592 (div main::v 4294967296))))
server:                      (<=
server:                        4294967296
server:                        (+
server:                          (* -2 (mod main::v 4294967296))
server:                          (* 2 main::v)
server:                          (mod main::s 4294967296)
server:                          (* -8589934592 (div main::v 4294967296))))
server:                      (not
server:                        (<=
server:                          (+
server:                            (* -2147483648 (mod main::s 4294967296))
server:                            (* -9223372032559808512 (div main::s 4294967296))
server:                            (* 2147483647 main::s))
server:                          -2147483648))
server:                      (not
server:                        (<=
server:                          (+
server:                            (mod main::v 4294967296)
server:                            (* -1 main::v)
server:                            (* 4294967296 (div main::v 4294967296)))
server:                          0))
server:                      (and
server:                        (not (<= (+ (mod main::n 4294967296) (* -1 main::i)) 0))
server:                        (>= (div main::i 4294967296) 0)))
server:                    (>= main::n 0)
server:                    (>= (+ (mod main::n 4294967296) (* -1 (mod main::v 4294967296))) 0))
server:                  (<=
server:                    -4294836225
server:                    (+
server:                      (* 2 (mod main::v 4294967296))
server:                      (* -1 (mod main::s 4294967296))
server:                      (* -2 main::v)
server:                      (* 8589934592 (div main::v 4294967296))))
server:                  (<=
server:                    4294967296
server:                    (+
server:                      (* -2 (mod main::v 4294967296))
server:                      (mod main::s 4294967296)
server:                      (* 2 main::v)
server:                      (* -8589934592 (div main::v 4294967296))))
server:                  (not
server:                    (<=
server:                      (+
server:                        (* -2147483648 (mod main::s 4294967296))
server:                        (* -9223372032559808512 (div main::s 4294967296))
server:                        (* 2147483647 main::s))
server:                      -2147483648))
server:                  (<=
server:                    -4294836223
server:                    (+
server:                      (* 2 (mod main::v 4294967296))
server:                      (* -2 main::v)
server:                      (* -1 (mod main::s 4294967296))
server:                      (* 8589934592 (div main::v 4294967296))))
server:                  (<=
server:                    4294967296
server:                    (+
server:                      (* -2 (mod main::v 4294967296))
server:                      (* 2 main::v)
server:                      (mod main::s 4294967296)
server:                      (* -8589934592 (div main::v 4294967296)))))
server:                (or
server:                  (not
server:                    (<=
server:                      (+
server:                        (* 4294967296 (mod main::v 4294967296))
server:                        (* 18446744069414584320 (div main::v 4294967296))
server:                        (* -4294967295 main::v))
server:                      4294967297))
server:                  (<=
server:                    -131070
server:                    (+
server:                      (* -8589934590 (mod main::v 4294967296))
server:                      (* -1 (mod main::s 4294967296))
server:                      (* 8589934590 main::v)
server:                      (* -36893488138829168640 (div main::v 4294967296))))
server:                  (<= (mod main::s 4294967296) 131070)
server:                  (not
server:                    (<=
server:                      (+
server:                        (* -1 (mod main::v 4294967296))
server:                        main::v
server:                        (* -4294967296 (div main::v 4294967296)))
server:                      0))
server:                  (<=
server:                    -4294836223
server:                    (+
server:                      (* 2 (mod main::v 4294967296))
server:                      (* -2 main::v)
server:                      (* -1 (mod main::s 4294967296))
server:                      (* 8589934592 (div main::v 4294967296))))
server:                  (<=
server:                    4294967296
server:                    (+
server:                      (* -2 (mod main::v 4294967296))
server:                      (* 2 main::v)
server:                      (mod main::s 4294967296)
server:                      (* -8589934592 (div main::v 4294967296))))
server:                  (not
server:                    (<=
server:                      (+
server:                        (* -2147483648 (mod main::s 4294967296))
server:                        (* -9223372032559808512 (div main::s 4294967296))
server:                        (* 2147483647 main::s))
server:                      -2147483648))
server:                  (not
server:                    (<=
server:                      (+
server:                        (mod main::v 4294967296)
server:                        (* -1 main::v)
server:                        (* 4294967296 (div main::v 4294967296)))
server:                      0))
server:                  (<=
server:                    -4294836225
server:                    (+
server:                      (* 2 (mod main::v 4294967296))
server:                      (* -1 (mod main::s 4294967296))
server:                      (* -2 main::v)
server:                      (* 8589934592 (div main::v 4294967296))))
server:                  (<=
server:                    4294967296
server:                    (+
server:                      (* -2 (mod main::v 4294967296))
server:                      (mod main::s 4294967296)
server:                      (* 2 main::v)
server:                      (* -8589934592 (div main::v 4294967296))))))))] 
server:   __loc_36[(PredState (and (<= main::n 65535) (>= main::n 0)))] 
server:   __loc_70[(PredState (or
server:              (and
server:                (>= (+ (mod main::s 4294967296) (* -1 (mod main::v 4294967296))) 0)
server:                (<= (mod main::s 4294967296) 4294836225)
server:                (<= main::n 65535)
server:                (>= main::n 0)
server:                (>= (div main::s 4294967296) 0)
server:                (iff
server:                  (>= (+ (mod main::i 4294967296) (* -1 (mod main::n 4294967296))) 0)
server:                  (<= (mod main::n 4294967296) 0))
server:                (= 0 main::s)
server:                (<= main::s 0)
server:                (>= main::s 0)
server:                (<= main::i 0)
server:                (>= (div (+ 1 main::i) 4294967296) 0)
server:                (= 0 main::i)
server:                (>=
server:                  (+
server:                    main::i
server:                    (* -1 (mod (+ 1 (mod main::i 4294967296)) 4294967296))
server:                    (* -4294967294 (div (+ 1 main::i) 4294967296)))
server:                  -1)
server:                (or
server:                  (not
server:                    (<=
server:                      (+
server:                        (* 4294967296 (mod main::v 4294967296))
server:                        (* 18446744069414584320 (div main::v 4294967296))
server:                        (* -4294967295 main::v))
server:                      4294967297))
server:                  (<=
server:                    -131070
server:                    (+
server:                      (* -8589934590 (mod main::v 4294967296))
server:                      (* -1 (mod main::s 4294967296))
server:                      (* 8589934590 main::v)
server:                      (* -36893488138829168640 (div main::v 4294967296))))
server:                  (and
server:                    (<=
server:                      -131070
server:                      (+
server:                        (* -2 main::n)
server:                        (* 2 (mod main::v 4294967296))
server:                        (* -1 (mod main::s 4294967296))))
server:                    (or
server:                      (<= 0 (+ (mod main::v 4294967296) (* -1 (mod main::n 4294967296))))
server:                      (not
server:                        (<=
server:                          (+
server:                            (* -1 (mod main::v 4294967296))
server:                            main::v
server:                            (* -4294967296 (div main::v 4294967296)))
server:                          0))
server:                      (<=
server:                        -4294836223
server:                        (+
server:                          (* 2 (mod main::v 4294967296))
server:                          (* -2 main::v)
server:                          (* -1 (mod main::s 4294967296))
server:                          (* 8589934592 (div main::v 4294967296))))
server:                      (<=
server:                        4294967296
server:                        (+
server:                          (* -2 (mod main::v 4294967296))
server:                          (* 2 main::v)
server:                          (mod main::s 4294967296)
server:                          (* -8589934592 (div main::v 4294967296))))
server:                      (not
server:                        (<=
server:                          (+
server:                            (* -2147483648 (mod main::s 4294967296))
server:                            (* -9223372032559808512 (div main::s 4294967296))
server:                            (* 2147483647 main::s))
server:                          -2147483648))
server:                      (not
server:                        (<=
server:                          (+
server:                            (mod main::v 4294967296)
server:                            (* -1 main::v)
server:                            (* 4294967296 (div main::v 4294967296)))
server:                          0))
server:                      (and
server:                        (not (<= (+ (mod main::n 4294967296) (* -1 main::i)) 0))
server:                        (>= (div main::i 4294967296) 0)))
server:                    (>= main::n 0)
server:                    (>= (+ (mod main::n 4294967296) (* -1 (mod main::v 4294967296))) 0))
server:                  (<=
server:                    -4294836225
server:                    (+
server:                      (* 2 (mod main::v 4294967296))
server:                      (* -1 (mod main::s 4294967296))
server:                      (* -2 main::v)
server:                      (* 8589934592 (div main::v 4294967296))))
server:                  (<=
server:                    4294967296
server:                    (+
server:                      (* -2 (mod main::v 4294967296))
server:                      (mod main::s 4294967296)
server:                      (* 2 main::v)
server:                      (* -8589934592 (div main::v 4294967296))))
server:                  (not
server:                    (<=
server:                      (+
server:                        (* -2147483648 (mod main::s 4294967296))
server:                        (* -9223372032559808512 (div main::s 4294967296))
server:                        (* 2147483647 main::s))
server:                      -2147483648))
server:                  (<=
server:                    -4294836223
server:                    (+
server:                      (* 2 (mod main::v 4294967296))
server:                      (* -2 main::v)
server:                      (* -1 (mod main::s 4294967296))
server:                      (* 8589934592 (div main::v 4294967296))))
server:                  (<=
server:                    4294967296
server:                    (+
server:                      (* -2 (mod main::v 4294967296))
server:                      (* 2 main::v)
server:                      (mod main::s 4294967296)
server:                      (* -8589934592 (div main::v 4294967296)))))
server:                (or
server:                  (not
server:                    (<=
server:                      (+
server:                        (* 4294967296 (mod main::v 4294967296))
server:                        (* 18446744069414584320 (div main::v 4294967296))
server:                        (* -4294967295 main::v))
server:                      4294967297))
server:                  (<=
server:                    -131070
server:                    (+
server:                      (* -8589934590 (mod main::v 4294967296))
server:                      (* -1 (mod main::s 4294967296))
server:                      (* 8589934590 main::v)
server:                      (* -36893488138829168640 (div main::v 4294967296))))
server:                  (<= (mod main::s 4294967296) 131070)
server:                  (not
server:                    (<=
server:                      (+
server:                        (* -1 (mod main::v 4294967296))
server:                        main::v
server:                        (* -4294967296 (div main::v 4294967296)))
server:                      0))
server:                  (<=
server:                    -4294836223
server:                    (+
server:                      (* 2 (mod main::v 4294967296))
server:                      (* -2 main::v)
server:                      (* -1 (mod main::s 4294967296))
server:                      (* 8589934592 (div main::v 4294967296))))
server:                  (<=
server:                    4294967296
server:                    (+
server:                      (* -2 (mod main::v 4294967296))
server:                      (* 2 main::v)
server:                      (mod main::s 4294967296)
server:                      (* -8589934592 (div main::v 4294967296))))
server:                  (not
server:                    (<=
server:                      (+
server:                        (* -2147483648 (mod main::s 4294967296))
server:                        (* -9223372032559808512 (div main::s 4294967296))
server:                        (* 2147483647 main::s))
server:                      -2147483648))
server:                  (not
server:                    (<=
server:                      (+
server:                        (mod main::v 4294967296)
server:                        (* -1 main::v)
server:                        (* 4294967296 (div main::v 4294967296)))
server:                      0))
server:                  (<=
server:                    -4294836225
server:                    (+
server:                      (* 2 (mod main::v 4294967296))
server:                      (* -1 (mod main::s 4294967296))
server:                      (* -2 main::v)
server:                      (* 8589934592 (div main::v 4294967296))))
server:                  (<=
server:                    4294967296
server:                    (+
server:                      (* -2 (mod main::v 4294967296))
server:                      (mod main::s 4294967296)
server:                      (* 2 main::v)
server:                      (* -8589934592 (div main::v 4294967296))))))
server:              (and
server:                (>= (+ (mod main::s 4294967296) (* -1 (mod main::v 4294967296))) 0)
server:                (<= (mod main::s 4294967296) 4294836225)
server:                (<= main::n 65535)
server:                (>= main::n 0)
server:                (>= (div main::s 4294967296) 0)
server:                (>= main::s 0)
server:                (not (<= main::i 0))
server:                (>= (div (+ 1 main::i) 4294967296) 0)
server:                (not (= 0 main::i))
server:                (>=
server:                  (+
server:                    main::i
server:                    (* -1 (mod (+ 1 (mod main::i 4294967296)) 4294967296))
server:                    (* -4294967294 (div (+ 1 main::i) 4294967296)))
server:                  -1)
server:                (or
server:                  (not
server:                    (<=
server:                      (+
server:                        (* 4294967296 (mod main::v 4294967296))
server:                        (* 18446744069414584320 (div main::v 4294967296))
server:                        (* -4294967295 main::v))
server:                      4294967297))
server:                  (<=
server:                    -131070
server:                    (+
server:                      (* -8589934590 (mod main::v 4294967296))
server:                      (* -1 (mod main::s 4294967296))
server:                      (* 8589934590 main::v)
server:                      (* -36893488138829168640 (div main::v 4294967296))))
server:                  (and
server:                    (<=
server:                      -131070
server:                      (+
server:                        (* -2 main::n)
server:                        (* 2 (mod main::v 4294967296))
server:                        (* -1 (mod main::s 4294967296))))
server:                    (or
server:                      (<= 0 (+ (mod main::v 4294967296) (* -1 (mod main::n 4294967296))))
server:                      (not
server:                        (<=
server:                          (+
server:                            (* -1 (mod main::v 4294967296))
server:                            main::v
server:                            (* -4294967296 (div main::v 4294967296)))
server:                          0))
server:                      (<=
server:                        -4294836223
server:                        (+
server:                          (* 2 (mod main::v 4294967296))
server:                          (* -2 main::v)
server:                          (* -1 (mod main::s 4294967296))
server:                          (* 8589934592 (div main::v 4294967296))))
server:                      (<=
server:                        4294967296
server:                        (+
server:                          (* -2 (mod main::v 4294967296))
server:                          (* 2 main::v)
server:                          (mod main::s 4294967296)
server:                          (* -8589934592 (div main::v 4294967296))))
server:                      (not
server:                        (<=
server:                          (+
server:                            (* -2147483648 (mod main::s 4294967296))
server:                            (* -9223372032559808512 (div main::s 4294967296))
server:                            (* 2147483647 main::s))
server:                          -2147483648))
server:                      (not
server:                        (<=
server:                          (+
server:                            (mod main::v 4294967296)
server:                            (* -1 main::v)
server:                            (* 4294967296 (div main::v 4294967296)))
server:                          0))
server:                      (and
server:                        (not (<= (+ (mod main::n 4294967296) (* -1 main::i)) 0))
server:                        (>= (div main::i 4294967296) 0)))
server:                    (>= main::n 0)
server:                    (>= (+ (mod main::n 4294967296) (* -1 (mod main::v 4294967296))) 0))
server:                  (<=
server:                    -4294836225
server:                    (+
server:                      (* 2 (mod main::v 4294967296))
server:                      (* -1 (mod main::s 4294967296))
server:                      (* -2 main::v)
server:                      (* 8589934592 (div main::v 4294967296))))
server:                  (<=
server:                    4294967296
server:                    (+
server:                      (* -2 (mod main::v 4294967296))
server:                      (mod main::s 4294967296)
server:                      (* 2 main::v)
server:                      (* -8589934592 (div main::v 4294967296))))
server:                  (not
server:                    (<=
server:                      (+
server:                        (* -2147483648 (mod main::s 4294967296))
server:                        (* -9223372032559808512 (div main::s 4294967296))
server:                        (* 2147483647 main::s))
server:                      -2147483648))
server:                  (<=
server:                    -4294836223
server:                    (+
server:                      (* 2 (mod main::v 4294967296))
server:                      (* -2 main::v)
server:                      (* -1 (mod main::s 4294967296))
server:                      (* 8589934592 (div main::v 4294967296))))
server:                  (<=
server:                    4294967296
server:                    (+
server:                      (* -2 (mod main::v 4294967296))
server:                      (* 2 main::v)
server:                      (mod main::s 4294967296)
server:                      (* -8589934592 (div main::v 4294967296)))))
server:                (or
server:                  (not
server:                    (<=
server:                      (+
server:                        (* 4294967296 (mod main::v 4294967296))
server:                        (* 18446744069414584320 (div main::v 4294967296))
server:                        (* -4294967295 main::v))
server:                      4294967297))
server:                  (<=
server:                    -131070
server:                    (+
server:                      (* -8589934590 (mod main::v 4294967296))
server:                      (* -1 (mod main::s 4294967296))
server:                      (* 8589934590 main::v)
server:                      (* -36893488138829168640 (div main::v 4294967296))))
server:                  (<= (mod main::s 4294967296) 131070)
server:                  (not
server:                    (<=
server:                      (+
server:                        (* -1 (mod main::v 4294967296))
server:                        main::v
server:                        (* -4294967296 (div main::v 4294967296)))
server:                      0))
server:                  (<=
server:                    -4294836223
server:                    (+
server:                      (* 2 (mod main::v 4294967296))
server:                      (* -2 main::v)
server:                      (* -1 (mod main::s 4294967296))
server:                      (* 8589934592 (div main::v 4294967296))))
server:                  (<=
server:                    4294967296
server:                    (+
server:                      (* -2 (mod main::v 4294967296))
server:                      (* 2 main::v)
server:                      (mod main::s 4294967296)
server:                      (* -8589934592 (div main::v 4294967296))))
server:                  (not
server:                    (<=
server:                      (+
server:                        (* -2147483648 (mod main::s 4294967296))
server:                        (* -9223372032559808512 (div main::s 4294967296))
server:                        (* 2147483647 main::s))
server:                      -2147483648))
server:                  (not
server:                    (<=
server:                      (+
server:                        (mod main::v 4294967296)
server:                        (* -1 main::v)
server:                        (* 4294967296 (div main::v 4294967296)))
server:                      0))
server:                  (<=
server:                    -4294836225
server:                    (+
server:                      (* 2 (mod main::v 4294967296))
server:                      (* -1 (mod main::s 4294967296))
server:                      (* -2 main::v)
server:                      (* 8589934592 (div main::v 4294967296))))
server:                  (<=
server:                    4294967296
server:                    (+
server:                      (* -2 (mod main::v 4294967296))
server:                      (mod main::s 4294967296)
server:                      (* 2 main::v)
server:                      (* -8589934592 (div main::v 4294967296))))))
server:              (and
server:                (>= (+ (mod main::s 4294967296) (* -1 (mod main::v 4294967296))) 0)
server:                (<= main::n 65535)
server:                (>= main::n 0)
server:                (>= (div main::s 4294967296) 0)
server:                (>= main::s 0)
server:                (not (<= main::i 0))
server:                (>= (div (+ 1 main::i) 4294967296) 0)
server:                (not (= 0 main::i))
server:                (>=
server:                  (+
server:                    main::i
server:                    (* -1 (mod (+ 1 (mod main::i 4294967296)) 4294967296))
server:                    (* -4294967294 (div (+ 1 main::i) 4294967296)))
server:                  -1))
server:              (and
server:                (<= main::n 65535)
server:                (>= main::n 0)
server:                (>= (div main::s 4294967296) 0)
server:                (>= main::s 0)
server:                (not (<= main::i 0))
server:                (>= (div (+ 1 main::i) 4294967296) 0)
server:                (not (= 0 main::i))
server:                (>=
server:                  (+
server:                    main::i
server:                    (* -1 (mod (+ 1 (mod main::i 4294967296)) 4294967296))
server:                    (* -4294967294 (div (+ 1 main::i) 4294967296)))
server:                  -1))
server:              (and
server:                (<= main::n 65535)
server:                (>= main::n 0)
server:                (>= (div main::s 4294967296) 0)
server:                (>= main::s 0)
server:                (not (<= main::i 0))
server:                (>= (div (+ 1 main::i) 4294967296) 0)
server:                (not (= 0 main::i))
server:                (>=
server:                  (+
server:                    main::i
server:                    (* -1 (mod (+ 1 (mod main::i 4294967296)) 4294967296))
server:                    (* -4294967294 (div (+ 1 main::i) 4294967296)))
server:                  -1))))] 
server:   __loc_102[(PredState (or
server:              (and
server:                (>= (+ (mod main::s 4294967296) (* -1 (mod main::v 4294967296))) 0)
server:                (<= (mod main::s 4294967296) 4294836225)
server:                (<= main::n 65535)
server:                (>= main::n 0)
server:                (>= (div main::s 4294967296) 0)
server:                (iff
server:                  (>= (+ (mod main::i 4294967296) (* -1 (mod main::n 4294967296))) 0)
server:                  (<= (mod main::n 4294967296) 0))
server:                (= 0 main::s)
server:                (<= main::s 0)
server:                (>= main::s 0)
server:                (<= main::i 0)
server:                (>= (div (+ 1 main::i) 4294967296) 0)
server:                (= 0 main::i)
server:                (>=
server:                  (+
server:                    main::i
server:                    (* -1 (mod (+ 1 (mod main::i 4294967296)) 4294967296))
server:                    (* -4294967294 (div (+ 1 main::i) 4294967296)))
server:                  -1)
server:                (or
server:                  (not
server:                    (<=
server:                      (+
server:                        (* 4294967296 (mod main::v 4294967296))
server:                        (* 18446744069414584320 (div main::v 4294967296))
server:                        (* -4294967295 main::v))
server:                      4294967297))
server:                  (<=
server:                    -131070
server:                    (+
server:                      (* -8589934590 (mod main::v 4294967296))
server:                      (* -1 (mod main::s 4294967296))
server:                      (* 8589934590 main::v)
server:                      (* -36893488138829168640 (div main::v 4294967296))))
server:                  (and
server:                    (<=
server:                      -131070
server:                      (+
server:                        (* -2 main::n)
server:                        (* 2 (mod main::v 4294967296))
server:                        (* -1 (mod main::s 4294967296))))
server:                    (or
server:                      (<= 0 (+ (mod main::v 4294967296) (* -1 (mod main::n 4294967296))))
server:                      (not
server:                        (<=
server:                          (+
server:                            (* -1 (mod main::v 4294967296))
server:                            main::v
server:                            (* -4294967296 (div main::v 4294967296)))
server:                          0))
server:                      (<=
server:                        -4294836223
server:                        (+
server:                          (* 2 (mod main::v 4294967296))
server:                          (* -2 main::v)
server:                          (* -1 (mod main::s 4294967296))
server:                          (* 8589934592 (div main::v 4294967296))))
server:                      (<=
server:                        4294967296
server:                        (+
server:                          (* -2 (mod main::v 4294967296))
server:                          (* 2 main::v)
server:                          (mod main::s 4294967296)
server:                          (* -8589934592 (div main::v 4294967296))))
server:                      (not
server:                        (<=
server:                          (+
server:                            (* -2147483648 (mod main::s 4294967296))
server:                            (* -9223372032559808512 (div main::s 4294967296))
server:                            (* 2147483647 main::s))
server:                          -2147483648))
server:                      (not
server:                        (<=
server:                          (+
server:                            (mod main::v 4294967296)
server:                            (* -1 main::v)
server:                            (* 4294967296 (div main::v 4294967296)))
server:                          0))
server:                      (and
server:                        (not (<= (+ (mod main::n 4294967296) (* -1 main::i)) 0))
server:                        (>= (div main::i 4294967296) 0)))
server:                    (>= main::n 0)
server:                    (>= (+ (mod main::n 4294967296) (* -1 (mod main::v 4294967296))) 0))
server:                  (<=
server:                    -4294836225
server:                    (+
server:                      (* 2 (mod main::v 4294967296))
server:                      (* -1 (mod main::s 4294967296))
server:                      (* -2 main::v)
server:                      (* 8589934592 (div main::v 4294967296))))
server:                  (<=
server:                    4294967296
server:                    (+
server:                      (* -2 (mod main::v 4294967296))
server:                      (mod main::s 4294967296)
server:                      (* 2 main::v)
server:                      (* -8589934592 (div main::v 4294967296))))
server:                  (not
server:                    (<=
server:                      (+
server:                        (* -2147483648 (mod main::s 4294967296))
server:                        (* -9223372032559808512 (div main::s 4294967296))
server:                        (* 2147483647 main::s))
server:                      -2147483648))
server:                  (<=
server:                    -4294836223
server:                    (+
server:                      (* 2 (mod main::v 4294967296))
server:                      (* -2 main::v)
server:                      (* -1 (mod main::s 4294967296))
server:                      (* 8589934592 (div main::v 4294967296))))
server:                  (<=
server:                    4294967296
server:                    (+
server:                      (* -2 (mod main::v 4294967296))
server:                      (* 2 main::v)
server:                      (mod main::s 4294967296)
server:                      (* -8589934592 (div main::v 4294967296)))))
server:                (or
server:                  (not
server:                    (<=
server:                      (+
server:                        (* 4294967296 (mod main::v 4294967296))
server:                        (* 18446744069414584320 (div main::v 4294967296))
server:                        (* -4294967295 main::v))
server:                      4294967297))
server:                  (<=
server:                    -131070
server:                    (+
server:                      (* -8589934590 (mod main::v 4294967296))
server:                      (* -1 (mod main::s 4294967296))
server:                      (* 8589934590 main::v)
server:                      (* -36893488138829168640 (div main::v 4294967296))))
server:                  (<= (mod main::s 4294967296) 131070)
server:                  (not
server:                    (<=
server:                      (+
server:                        (* -1 (mod main::v 4294967296))
server:                        main::v
server:                        (* -4294967296 (div main::v 4294967296)))
server:                      0))
server:                  (<=
server:                    -4294836223
server:                    (+
server:                      (* 2 (mod main::v 4294967296))
server:                      (* -2 main::v)
server:                      (* -1 (mod main::s 4294967296))
server:                      (* 8589934592 (div main::v 4294967296))))
server:                  (<=
server:                    4294967296
server:                    (+
server:                      (* -2 (mod main::v 4294967296))
server:                      (* 2 main::v)
server:                      (mod main::s 4294967296)
server:                      (* -8589934592 (div main::v 4294967296))))
server:                  (not
server:                    (<=
server:                      (+
server:                        (* -2147483648 (mod main::s 4294967296))
server:                        (* -9223372032559808512 (div main::s 4294967296))
server:                        (* 2147483647 main::s))
server:                      -2147483648))
server:                  (not
server:                    (<=
server:                      (+
server:                        (mod main::v 4294967296)
server:                        (* -1 main::v)
server:                        (* 4294967296 (div main::v 4294967296)))
server:                      0))
server:                  (<=
server:                    -4294836225
server:                    (+
server:                      (* 2 (mod main::v 4294967296))
server:                      (* -1 (mod main::s 4294967296))
server:                      (* -2 main::v)
server:                      (* 8589934592 (div main::v 4294967296))))
server:                  (<=
server:                    4294967296
server:                    (+
server:                      (* -2 (mod main::v 4294967296))
server:                      (mod main::s 4294967296)
server:                      (* 2 main::v)
server:                      (* -8589934592 (div main::v 4294967296))))))
server:              (and
server:                (>= (+ (mod main::s 4294967296) (* -1 (mod main::v 4294967296))) 0)
server:                (<= (mod main::s 4294967296) 4294836225)
server:                (<= main::n 65535)
server:                (>= main::n 0)
server:                (>= (div main::s 4294967296) 0)
server:                (>= main::s 0)
server:                (not (<= main::i 0))
server:                (>= (div (+ 1 main::i) 4294967296) 0)
server:                (not (= 0 main::i))
server:                (>=
server:                  (+
server:                    main::i
server:                    (* -1 (mod (+ 1 (mod main::i 4294967296)) 4294967296))
server:                    (* -4294967294 (div (+ 1 main::i) 4294967296)))
server:                  -1)
server:                (or
server:                  (not
server:                    (<=
server:                      (+
server:                        (* 4294967296 (mod main::v 4294967296))
server:                        (* 18446744069414584320 (div main::v 4294967296))
server:                        (* -4294967295 main::v))
server:                      4294967297))
server:                  (<=
server:                    -131070
server:                    (+
server:                      (* -8589934590 (mod main::v 4294967296))
server:                      (* -1 (mod main::s 4294967296))
server:                      (* 8589934590 main::v)
server:                      (* -36893488138829168640 (div main::v 4294967296))))
server:                  (and
server:                    (<=
server:                      -131070
server:                      (+
server:                        (* -2 main::n)
server:                        (* 2 (mod main::v 4294967296))
server:                        (* -1 (mod main::s 4294967296))))
server:                    (or
server:                      (<= 0 (+ (mod main::v 4294967296) (* -1 (mod main::n 4294967296))))
server:                      (not
server:                        (<=
server:                          (+
server:                            (* -1 (mod main::v 4294967296))
server:                            main::v
server:                            (* -4294967296 (div main::v 4294967296)))
server:                          0))
server:                      (<=
server:                        -4294836223
server:                        (+
server:                          (* 2 (mod main::v 4294967296))
server:                          (* -2 main::v)
server:                          (* -1 (mod main::s 4294967296))
server:                          (* 8589934592 (div main::v 4294967296))))
server:                      (<=
server:                        4294967296
server:                        (+
server:                          (* -2 (mod main::v 4294967296))
server:                          (* 2 main::v)
server:                          (mod main::s 4294967296)
server:                          (* -8589934592 (div main::v 4294967296))))
server:                      (not
server:                        (<=
server:                          (+
server:                            (* -2147483648 (mod main::s 4294967296))
server:                            (* -9223372032559808512 (div main::s 4294967296))
server:                            (* 2147483647 main::s))
server:                          -2147483648))
server:                      (not
server:                        (<=
server:                          (+
server:                            (mod main::v 4294967296)
server:                            (* -1 main::v)
server:                            (* 4294967296 (div main::v 4294967296)))
server:                          0))
server:                      (and
server:                        (not (<= (+ (mod main::n 4294967296) (* -1 main::i)) 0))
server:                        (>= (div main::i 4294967296) 0)))
server:                    (>= main::n 0)
server:                    (>= (+ (mod main::n 4294967296) (* -1 (mod main::v 4294967296))) 0))
server:                  (<=
server:                    -4294836225
server:                    (+
server:                      (* 2 (mod main::v 4294967296))
server:                      (* -1 (mod main::s 4294967296))
server:                      (* -2 main::v)
server:                      (* 8589934592 (div main::v 4294967296))))
server:                  (<=
server:                    4294967296
server:                    (+
server:                      (* -2 (mod main::v 4294967296))
server:                      (mod main::s 4294967296)
server:                      (* 2 main::v)
server:                      (* -8589934592 (div main::v 4294967296))))
server:                  (not
server:                    (<=
server:                      (+
server:                        (* -2147483648 (mod main::s 4294967296))
server:                        (* -9223372032559808512 (div main::s 4294967296))
server:                        (* 2147483647 main::s))
server:                      -2147483648))
server:                  (<=
server:                    -4294836223
server:                    (+
server:                      (* 2 (mod main::v 4294967296))
server:                      (* -2 main::v)
server:                      (* -1 (mod main::s 4294967296))
server:                      (* 8589934592 (div main::v 4294967296))))
server:                  (<=
server:                    4294967296
server:                    (+
server:                      (* -2 (mod main::v 4294967296))
server:                      (* 2 main::v)
server:                      (mod main::s 4294967296)
server:                      (* -8589934592 (div main::v 4294967296)))))
server:                (or
server:                  (not
server:                    (<=
server:                      (+
server:                        (* 4294967296 (mod main::v 4294967296))
server:                        (* 18446744069414584320 (div main::v 4294967296))
server:                        (* -4294967295 main::v))
server:                      4294967297))
server:                  (<=
server:                    -131070
server:                    (+
server:                      (* -8589934590 (mod main::v 4294967296))
server:                      (* -1 (mod main::s 4294967296))
server:                      (* 8589934590 main::v)
server:                      (* -36893488138829168640 (div main::v 4294967296))))
server:                  (<= (mod main::s 4294967296) 131070)
server:                  (not
server:                    (<=
server:                      (+
server:                        (* -1 (mod main::v 4294967296))
server:                        main::v
server:                        (* -4294967296 (div main::v 4294967296)))
server:                      0))
server:                  (<=
server:                    -4294836223
server:                    (+
server:                      (* 2 (mod main::v 4294967296))
server:                      (* -2 main::v)
server:                      (* -1 (mod main::s 4294967296))
server:                      (* 8589934592 (div main::v 4294967296))))
server:                  (<=
server:                    4294967296
server:                    (+
server:                      (* -2 (mod main::v 4294967296))
server:                      (* 2 main::v)
server:                      (mod main::s 4294967296)
server:                      (* -8589934592 (div main::v 4294967296))))
server:                  (not
server:                    (<=
server:                      (+
server:                        (* -2147483648 (mod main::s 4294967296))
server:                        (* -9223372032559808512 (div main::s 4294967296))
server:                        (* 2147483647 main::s))
server:                      -2147483648))
server:                  (not
server:                    (<=
server:                      (+
server:                        (mod main::v 4294967296)
server:                        (* -1 main::v)
server:                        (* 4294967296 (div main::v 4294967296)))
server:                      0))
server:                  (<=
server:                    -4294836225
server:                    (+
server:                      (* 2 (mod main::v 4294967296))
server:                      (* -1 (mod main::s 4294967296))
server:                      (* -2 main::v)
server:                      (* 8589934592 (div main::v 4294967296))))
server:                  (<=
server:                    4294967296
server:                    (+
server:                      (* -2 (mod main::v 4294967296))
server:                      (mod main::s 4294967296)
server:                      (* 2 main::v)
server:                      (* -8589934592 (div main::v 4294967296))))))
server:              (and
server:                (>= (+ (mod main::s 4294967296) (* -1 (mod main::v 4294967296))) 0)
server:                (<= main::n 65535)
server:                (>= main::n 0)
server:                (>= (div main::s 4294967296) 0)
server:                (>= main::s 0)
server:                (not (<= main::i 0))
server:                (>= (div (+ 1 main::i) 4294967296) 0)
server:                (not (= 0 main::i))
server:                (>=
server:                  (+
server:                    main::i
server:                    (* -1 (mod (+ 1 (mod main::i 4294967296)) 4294967296))
server:                    (* -4294967294 (div (+ 1 main::i) 4294967296)))
server:                  -1))
server:              (and
server:                (<= main::n 65535)
server:                (>= main::n 0)
server:                (>= (div main::s 4294967296) 0)
server:                (>= main::s 0)
server:                (not (<= main::i 0))
server:                (>= (div (+ 1 main::i) 4294967296) 0)
server:                (not (= 0 main::i))
server:                (>=
server:                  (+
server:                    main::i
server:                    (* -1 (mod (+ 1 (mod main::i 4294967296)) 4294967296))
server:                    (* -4294967294 (div (+ 1 main::i) 4294967296)))
server:                  -1))))] 
server:   __loc_124[(PredState (or
server:              (and
server:                (>= (+ (mod main::s 4294967296) (* -1 (mod main::v 4294967296))) 0)
server:                (<= (mod main::s 4294967296) 4294836225)
server:                (<= main::n 65535)
server:                (>= main::n 0)
server:                (>= (div main::s 4294967296) 0)
server:                (iff
server:                  (>= (+ (mod main::i 4294967296) (* -1 (mod main::n 4294967296))) 0)
server:                  (<= (mod main::n 4294967296) 0))
server:                (= 0 main::s)
server:                (<= main::s 0)
server:                (>= main::s 0)
server:                (<= main::i 0)
server:                (>= (div (+ 1 main::i) 4294967296) 0)
server:                (= 0 main::i)
server:                (>=
server:                  (+
server:                    main::i
server:                    (* -1 (mod (+ 1 (mod main::i 4294967296)) 4294967296))
server:                    (* -4294967294 (div (+ 1 main::i) 4294967296)))
server:                  -1)
server:                (or
server:                  (not
server:                    (<=
server:                      (+
server:                        (* 4294967296 (mod main::v 4294967296))
server:                        (* 18446744069414584320 (div main::v 4294967296))
server:                        (* -4294967295 main::v))
server:                      4294967297))
server:                  (<=
server:                    -131070
server:                    (+
server:                      (* -8589934590 (mod main::v 4294967296))
server:                      (* -1 (mod main::s 4294967296))
server:                      (* 8589934590 main::v)
server:                      (* -36893488138829168640 (div main::v 4294967296))))
server:                  (and
server:                    (<=
server:                      -131070
server:                      (+
server:                        (* -2 main::n)
server:                        (* 2 (mod main::v 4294967296))
server:                        (* -1 (mod main::s 4294967296))))
server:                    (or
server:                      (<= 0 (+ (mod main::v 4294967296) (* -1 (mod main::n 4294967296))))
server:                      (not
server:                        (<=
server:                          (+
server:                            (* -1 (mod main::v 4294967296))
server:                            main::v
server:                            (* -4294967296 (div main::v 4294967296)))
server:                          0))
server:                      (<=
server:                        -4294836223
server:                        (+
server:                          (* 2 (mod main::v 4294967296))
server:                          (* -2 main::v)
server:                          (* -1 (mod main::s 4294967296))
server:                          (* 8589934592 (div main::v 4294967296))))
server:                      (<=
server:                        4294967296
server:                        (+
server:                          (* -2 (mod main::v 4294967296))
server:                          (* 2 main::v)
server:                          (mod main::s 4294967296)
server:                          (* -8589934592 (div main::v 4294967296))))
server:                      (not
server:                        (<=
server:                          (+
server:                            (* -2147483648 (mod main::s 4294967296))
server:                            (* -9223372032559808512 (div main::s 4294967296))
server:                            (* 2147483647 main::s))
server:                          -2147483648))
server:                      (not
server:                        (<=
server:                          (+
server:                            (mod main::v 4294967296)
server:                            (* -1 main::v)
server:                            (* 4294967296 (div main::v 4294967296)))
server:                          0))
server:                      (and
server:                        (not (<= (+ (mod main::n 4294967296) (* -1 main::i)) 0))
server:                        (>= (div main::i 4294967296) 0)))
server:                    (>= main::n 0)
server:                    (>= (+ (mod main::n 4294967296) (* -1 (mod main::v 4294967296))) 0))
server:                  (<=
server:                    -4294836225
server:                    (+
server:                      (* 2 (mod main::v 4294967296))
server:                      (* -1 (mod main::s 4294967296))
server:                      (* -2 main::v)
server:                      (* 8589934592 (div main::v 4294967296))))
server:                  (<=
server:                    4294967296
server:                    (+
server:                      (* -2 (mod main::v 4294967296))
server:                      (mod main::s 4294967296)
server:                      (* 2 main::v)
server:                      (* -8589934592 (div main::v 4294967296))))
server:                  (not
server:                    (<=
server:                      (+
server:                        (* -2147483648 (mod main::s 4294967296))
server:                        (* -9223372032559808512 (div main::s 4294967296))
server:                        (* 2147483647 main::s))
server:                      -2147483648))
server:                  (<=
server:                    -4294836223
server:                    (+
server:                      (* 2 (mod main::v 4294967296))
server:                      (* -2 main::v)
server:                      (* -1 (mod main::s 4294967296))
server:                      (* 8589934592 (div main::v 4294967296))))
server:                  (<=
server:                    4294967296
server:                    (+
server:                      (* -2 (mod main::v 4294967296))
server:                      (* 2 main::v)
server:                      (mod main::s 4294967296)
server:                      (* -8589934592 (div main::v 4294967296)))))
server:                (or
server:                  (not
server:                    (<=
server:                      (+
server:                        (* 4294967296 (mod main::v 4294967296))
server:                        (* 18446744069414584320 (div main::v 4294967296))
server:                        (* -4294967295 main::v))
server:                      4294967297))
server:                  (<=
server:                    -131070
server:                    (+
server:                      (* -8589934590 (mod main::v 4294967296))
server:                      (* -1 (mod main::s 4294967296))
server:                      (* 8589934590 main::v)
server:                      (* -36893488138829168640 (div main::v 4294967296))))
server:                  (<= (mod main::s 4294967296) 131070)
server:                  (not
server:                    (<=
server:                      (+
server:                        (* -1 (mod main::v 4294967296))
server:                        main::v
server:                        (* -4294967296 (div main::v 4294967296)))
server:                      0))
server:                  (<=
server:                    -4294836223
server:                    (+
server:                      (* 2 (mod main::v 4294967296))
server:                      (* -2 main::v)
server:                      (* -1 (mod main::s 4294967296))
server:                      (* 8589934592 (div main::v 4294967296))))
server:                  (<=
server:                    4294967296
server:                    (+
server:                      (* -2 (mod main::v 4294967296))
server:                      (* 2 main::v)
server:                      (mod main::s 4294967296)
server:                      (* -8589934592 (div main::v 4294967296))))
server:                  (not
server:                    (<=
server:                      (+
server:                        (* -2147483648 (mod main::s 4294967296))
server:                        (* -9223372032559808512 (div main::s 4294967296))
server:                        (* 2147483647 main::s))
server:                      -2147483648))
server:                  (not
server:                    (<=
server:                      (+
server:                        (mod main::v 4294967296)
server:                        (* -1 main::v)
server:                        (* 4294967296 (div main::v 4294967296)))
server:                      0))
server:                  (<=
server:                    -4294836225
server:                    (+
server:                      (* 2 (mod main::v 4294967296))
server:                      (* -1 (mod main::s 4294967296))
server:                      (* -2 main::v)
server:                      (* 8589934592 (div main::v 4294967296))))
server:                  (<=
server:                    4294967296
server:                    (+
server:                      (* -2 (mod main::v 4294967296))
server:                      (mod main::s 4294967296)
server:                      (* 2 main::v)
server:                      (* -8589934592 (div main::v 4294967296))))))
server:              (and
server:                (>= (+ (mod main::s 4294967296) (* -1 (mod main::v 4294967296))) 0)
server:                (<= (mod main::s 4294967296) 4294836225)
server:                (<= main::n 65535)
server:                (>= main::n 0)
server:                (>= (div main::s 4294967296) 0)
server:                (>= main::s 0)
server:                (not (<= main::i 0))
server:                (>= (div (+ 1 main::i) 4294967296) 0)
server:                (not (= 0 main::i))
server:                (>=
server:                  (+
server:                    main::i
server:                    (* -1 (mod (+ 1 (mod main::i 4294967296)) 4294967296))
server:                    (* -4294967294 (div (+ 1 main::i) 4294967296)))
server:                  -1)
server:                (or
server:                  (not
server:                    (<=
server:                      (+
server:                        (* 4294967296 (mod main::v 4294967296))
server:                        (* 18446744069414584320 (div main::v 4294967296))
server:                        (* -4294967295 main::v))
server:                      4294967297))
server:                  (<=
server:                    -131070
server:                    (+
server:                      (* -8589934590 (mod main::v 4294967296))
server:                      (* -1 (mod main::s 4294967296))
server:                      (* 8589934590 main::v)
server:                      (* -36893488138829168640 (div main::v 4294967296))))
server:                  (and
server:                    (<=
server:                      -131070
server:                      (+
server:                        (* -2 main::n)
server:                        (* 2 (mod main::v 4294967296))
server:                        (* -1 (mod main::s 4294967296))))
server:                    (or
server:                      (<= 0 (+ (mod main::v 4294967296) (* -1 (mod main::n 4294967296))))
server:                      (not
server:                        (<=
server:                          (+
server:                            (* -1 (mod main::v 4294967296))
server:                            main::v
server:                            (* -4294967296 (div main::v 4294967296)))
server:                          0))
server:                      (<=
server:                        -4294836223
server:                        (+
server:                          (* 2 (mod main::v 4294967296))
server:                          (* -2 main::v)
server:                          (* -1 (mod main::s 4294967296))
server:                          (* 8589934592 (div main::v 4294967296))))
server:                      (<=
server:                        4294967296
server:                        (+
server:                          (* -2 (mod main::v 4294967296))
server:                          (* 2 main::v)
server:                          (mod main::s 4294967296)
server:                          (* -8589934592 (div main::v 4294967296))))
server:                      (not
server:                        (<=
server:                          (+
server:                            (* -2147483648 (mod main::s 4294967296))
server:                            (* -9223372032559808512 (div main::s 4294967296))
server:                            (* 2147483647 main::s))
server:                          -2147483648))
server:                      (not
server:                        (<=
server:                          (+
server:                            (mod main::v 4294967296)
server:                            (* -1 main::v)
server:                            (* 4294967296 (div main::v 4294967296)))
server:                          0))
server:                      (and
server:                        (not (<= (+ (mod main::n 4294967296) (* -1 main::i)) 0))
server:                        (>= (div main::i 4294967296) 0)))
server:                    (>= main::n 0)
server:                    (>= (+ (mod main::n 4294967296) (* -1 (mod main::v 4294967296))) 0))
server:                  (<=
server:                    -4294836225
server:                    (+
server:                      (* 2 (mod main::v 4294967296))
server:                      (* -1 (mod main::s 4294967296))
server:                      (* -2 main::v)
server:                      (* 8589934592 (div main::v 4294967296))))
server:                  (<=
server:                    4294967296
server:                    (+
server:                      (* -2 (mod main::v 4294967296))
server:                      (mod main::s 4294967296)
server:                      (* 2 main::v)
server:                      (* -8589934592 (div main::v 4294967296))))
server:                  (not
server:                    (<=
server:                      (+
server:                        (* -2147483648 (mod main::s 4294967296))
server:                        (* -9223372032559808512 (div main::s 4294967296))
server:                        (* 2147483647 main::s))
server:                      -2147483648))
server:                  (<=
server:                    -4294836223
server:                    (+
server:                      (* 2 (mod main::v 4294967296))
server:                      (* -2 main::v)
server:                      (* -1 (mod main::s 4294967296))
server:                      (* 8589934592 (div main::v 4294967296))))
server:                  (<=
server:                    4294967296
server:                    (+
server:                      (* -2 (mod main::v 4294967296))
server:                      (* 2 main::v)
server:                      (mod main::s 4294967296)
server:                      (* -8589934592 (div main::v 4294967296)))))
server:                (or
server:                  (not
server:                    (<=
server:                      (+
server:                        (* 4294967296 (mod main::v 4294967296))
server:                        (* 18446744069414584320 (div main::v 4294967296))
server:                        (* -4294967295 main::v))
server:                      4294967297))
server:                  (<=
server:                    -131070
server:                    (+
server:                      (* -8589934590 (mod main::v 4294967296))
server:                      (* -1 (mod main::s 4294967296))
server:                      (* 8589934590 main::v)
server:                      (* -36893488138829168640 (div main::v 4294967296))))
server:                  (<= (mod main::s 4294967296) 131070)
server:                  (not
server:                    (<=
server:                      (+
server:                        (* -1 (mod main::v 4294967296))
server:                        main::v
server:                        (* -4294967296 (div main::v 4294967296)))
server:                      0))
server:                  (<=
server:                    -4294836223
server:                    (+
server:                      (* 2 (mod main::v 4294967296))
server:                      (* -2 main::v)
server:                      (* -1 (mod main::s 4294967296))
server:                      (* 8589934592 (div main::v 4294967296))))
server:                  (<=
server:                    4294967296
server:                    (+
server:                      (* -2 (mod main::v 4294967296))
server:                      (* 2 main::v)
server:                      (mod main::s 4294967296)
server:                      (* -8589934592 (div main::v 4294967296))))
server:                  (not
server:                    (<=
server:                      (+
server:                        (* -2147483648 (mod main::s 4294967296))
server:                        (* -9223372032559808512 (div main::s 4294967296))
server:                        (* 2147483647 main::s))
server:                      -2147483648))
server:                  (not
server:                    (<=
server:                      (+
server:                        (mod main::v 4294967296)
server:                        (* -1 main::v)
server:                        (* 4294967296 (div main::v 4294967296)))
server:                      0))
server:                  (<=
server:                    -4294836225
server:                    (+
server:                      (* 2 (mod main::v 4294967296))
server:                      (* -1 (mod main::s 4294967296))
server:                      (* -2 main::v)
server:                      (* 8589934592 (div main::v 4294967296))))
server:                  (<=
server:                    4294967296
server:                    (+
server:                      (* -2 (mod main::v 4294967296))
server:                      (mod main::s 4294967296)
server:                      (* 2 main::v)
server:                      (* -8589934592 (div main::v 4294967296))))))
server:              (and
server:                (>= (+ (mod main::s 4294967296) (* -1 (mod main::v 4294967296))) 0)
server:                (<= main::n 65535)
server:                (>= main::n 0)
server:                (>= (div main::s 4294967296) 0)
server:                (>= main::s 0)
server:                (not (<= main::i 0))
server:                (>= (div (+ 1 main::i) 4294967296) 0)
server:                (not (= 0 main::i))
server:                (>=
server:                  (+
server:                    main::i
server:                    (* -1 (mod (+ 1 (mod main::i 4294967296)) 4294967296))
server:                    (* -4294967294 (div (+ 1 main::i) 4294967296)))
server:                  -1))
server:              (and
server:                (>= (+ (mod main::s 4294967296) (* -1 (mod main::v 4294967296))) 0)
server:                (<= main::n 65535)
server:                (>= main::n 0)
server:                (>= (div main::s 4294967296) 0)
server:                (>= main::s 0)
server:                (not (<= main::i 0))
server:                (>= (div (+ 1 main::i) 4294967296) 0)
server:                (not (= 0 main::i))
server:                (>=
server:                  (+
server:                    main::i
server:                    (* -1 (mod (+ 1 (mod main::i 4294967296)) 4294967296))
server:                    (* -4294967294 (div (+ 1 main::i) 4294967296)))
server:                  -1))))] 
server:   main_error[(PredState (or
server:              false
server:              false
server:              false
server:              false
server:              false
server:              (and
server:                (>= (+ (mod main::s 4294967296) (* -1 (mod main::v 4294967296))) 0)
server:                (not (<= (mod main::s 4294967296) 4294836225))
server:                (<= main::n 65535)
server:                (>= main::n 0)
server:                (>= (div main::s 4294967296) 0)
server:                (not (= 0 main::s))
server:                (not (<= main::s 0))
server:                (>= main::s 0)
server:                (not (<= main::i 0))
server:                (>= (div (+ 1 main::i) 4294967296) 0)
server:                (not (= 0 main::i))
server:                (>=
server:                  (+
server:                    main::i
server:                    (* -1 (mod (+ 1 (mod main::i 4294967296)) 4294967296))
server:                    (* -4294967294 (div (+ 1 main::i) 4294967296)))
server:                  -1)
server:                (not
server:                  (or
server:                    (not
server:                      (<=
server:                        (+
server:                          (* 4294967296 (mod main::v 4294967296))
server:                          (* 18446744069414584320 (div main::v 4294967296))
server:                          (* -4294967295 main::v))
server:                        4294967297))
server:                    (<=
server:                      -131070
server:                      (+
server:                        (* -8589934590 (mod main::v 4294967296))
server:                        (* -1 (mod main::s 4294967296))
server:                        (* 8589934590 main::v)
server:                        (* -36893488138829168640 (div main::v 4294967296))))
server:                    (and
server:                      (<=
server:                        -131070
server:                        (+
server:                          (* -2 main::n)
server:                          (* 2 (mod main::v 4294967296))
server:                          (* -1 (mod main::s 4294967296))))
server:                      (or
server:                        (<= 0 (+ (mod main::v 4294967296) (* -1 (mod main::n 4294967296))))
server:                        (not
server:                          (<=
server:                            (+
server:                              (* -1 (mod main::v 4294967296))
server:                              main::v
server:                              (* -4294967296 (div main::v 4294967296)))
server:                            0))
server:                        (<=
server:                          -4294836223
server:                          (+
server:                            (* 2 (mod main::v 4294967296))
server:                            (* -2 main::v)
server:                            (* -1 (mod main::s 4294967296))
server:                            (* 8589934592 (div main::v 4294967296))))
server:                        (<=
server:                          4294967296
server:                          (+
server:                            (* -2 (mod main::v 4294967296))
server:                            (* 2 main::v)
server:                            (mod main::s 4294967296)
server:                            (* -8589934592 (div main::v 4294967296))))
server:                        (not
server:                          (<=
server:                            (+
server:                              (* -2147483648 (mod main::s 4294967296))
server:                              (* -9223372032559808512 (div main::s 4294967296))
server:                              (* 2147483647 main::s))
server:                            -2147483648))
server:                        (not
server:                          (<=
server:                            (+
server:                              (mod main::v 4294967296)
server:                              (* -1 main::v)
server:                              (* 4294967296 (div main::v 4294967296)))
server:                            0))
server:                        (and
server:                          (not (<= (+ (mod main::n 4294967296) (* -1 main::i)) 0))
server:                          (>= (div main::i 4294967296) 0)))
server:                      (>= main::n 0)
server:                      (>= (+ (mod main::n 4294967296) (* -1 (mod main::v 4294967296))) 0))
server:                    (<=
server:                      -4294836225
server:                      (+
server:                        (* 2 (mod main::v 4294967296))
server:                        (* -1 (mod main::s 4294967296))
server:                        (* -2 main::v)
server:                        (* 8589934592 (div main::v 4294967296))))
server:                    (<=
server:                      4294967296
server:                      (+
server:                        (* -2 (mod main::v 4294967296))
server:                        (mod main::s 4294967296)
server:                        (* 2 main::v)
server:                        (* -8589934592 (div main::v 4294967296))))
server:                    (not
server:                      (<=
server:                        (+
server:                          (* -2147483648 (mod main::s 4294967296))
server:                          (* -9223372032559808512 (div main::s 4294967296))
server:                          (* 2147483647 main::s))
server:                        -2147483648))
server:                    (<=
server:                      -4294836223
server:                      (+
server:                        (* 2 (mod main::v 4294967296))
server:                        (* -2 main::v)
server:                        (* -1 (mod main::s 4294967296))
server:                        (* 8589934592 (div main::v 4294967296))))
server:                    (<=
server:                      4294967296
server:                      (+
server:                        (* -2 (mod main::v 4294967296))
server:                        (* 2 main::v)
server:                        (mod main::s 4294967296)
server:                        (* -8589934592 (div main::v 4294967296))))))
server:                (not
server:                  (or
server:                    (not
server:                      (<=
server:                        (+
server:                          (* 4294967296 (mod main::v 4294967296))
server:                          (* 18446744069414584320 (div main::v 4294967296))
server:                          (* -4294967295 main::v))
server:                        4294967297))
server:                    (<=
server:                      -131070
server:                      (+
server:                        (* -8589934590 (mod main::v 4294967296))
server:                        (* -1 (mod main::s 4294967296))
server:                        (* 8589934590 main::v)
server:                        (* -36893488138829168640 (div main::v 4294967296))))
server:                    (<= (mod main::s 4294967296) 131070)
server:                    (not
server:                      (<=
server:                        (+
server:                          (* -1 (mod main::v 4294967296))
server:                          main::v
server:                          (* -4294967296 (div main::v 4294967296)))
server:                        0))
server:                    (<=
server:                      -4294836223
server:                      (+
server:                        (* 2 (mod main::v 4294967296))
server:                        (* -2 main::v)
server:                        (* -1 (mod main::s 4294967296))
server:                        (* 8589934592 (div main::v 4294967296))))
server:                    (<=
server:                      4294967296
server:                      (+
server:                        (* -2 (mod main::v 4294967296))
server:                        (* 2 main::v)
server:                        (mod main::s 4294967296)
server:                        (* -8589934592 (div main::v 4294967296))))
server:                    (not
server:                      (<=
server:                        (+
server:                          (* -2147483648 (mod main::s 4294967296))
server:                          (* -9223372032559808512 (div main::s 4294967296))
server:                          (* 2147483647 main::s))
server:                        -2147483648))
server:                    (not
server:                      (<=
server:                        (+
server:                          (mod main::v 4294967296)
server:                          (* -1 main::v)
server:                          (* 4294967296 (div main::v 4294967296)))
server:                        0))
server:                    (<=
server:                      -4294836225
server:                      (+
server:                        (* 2 (mod main::v 4294967296))
server:                        (* -1 (mod main::s 4294967296))
server:                        (* -2 main::v)
server:                        (* 8589934592 (div main::v 4294967296))))
server:                    (<=
server:                      4294967296
server:                      (+
server:                        (* -2 (mod main::v 4294967296))
server:                        (mod main::s 4294967296)
server:                        (* 2 main::v)
server:                        (* -8589934592 (div main::v 4294967296)))))))
server:              (and
server:                (not (>= (+ (mod main::s 4294967296) (* -1 (mod main::v 4294967296))) 0))
server:                (<= main::n 65535)
server:                (>= main::n 0)
server:                (>= (div main::s 4294967296) 0)
server:                (>= main::s 0)
server:                (not (<= main::i 0))
server:                (>= (div (+ 1 main::i) 4294967296) 0)
server:                (not (= 0 main::i))
server:                (>=
server:                  (+
server:                    main::i
server:                    (* -1 (mod (+ 1 (mod main::i 4294967296)) 4294967296))
server:                    (* -4294967294 (div (+ 1 main::i) 4294967296)))
server:                  -1))))]
server: )
server: [INFO] Successfully wrote LocationInvariants to /dev/shm/partialResult15264469296277046320.json
server: Writing post-verification artifacts to directory /tmp/vcloud_worker_meres_on_bme-233008/run_dir_08075a68-73f8-445f-8c0f-d84c51bd69e8/./output/PredCart(900, true, true) -> KInd()/PredCart(900, true, true)/1448700680713704949
Backend finished (in 709265 ms)
(SafetyResult Partial)
Caught exception: hu.bme.mit.theta.common.exception.NotSolvableException: Task is not solvable with this configuration!
Handling exception as Anything
Current configuration: XcfaConfig(inputConfig=InputConfig(inputFile=null, catFile=null, parseCtx=null, xcfaWCtx=present, propertyFile=null, property=ERROR_LOCATION, partialResult=null, frontendConfig=FrontendConfig(lbeLevel=LBE_SEQ, staticCoi=false, loopUnroll=1000, forceUnroll=-1, enableFew=false, inputType=C, specConfig=CFrontendConfig(arithmetic=efficient, architecture=ILP32)), backendConfig=BackendConfig(backend=BOUNDED, solverHome=/home/benchexec/.theta, timeoutMs=900000, softTimeoutMs=900000, inProcess=true, parseInProcess=false, inPortfolio=true, memlimit=0, disablePartialResult=true, specConfig=BoundedConfig(maxBound=0, reversed=false, cegar=false, initPrec=EMPTY, bmcConfig=BMCConfig(disable=false, nonLfPath=false, bmcSolver=Z3, validateBMCSolver=false), indConfig=InductionConfig(disable=false, indSolver=Z3, validateIndSolver=false, indMinBound=0, indFreq=1), itpConfig=InterpolationConfig(disable=true, itpSolver=Z3, validateItpSolver=false))), outputConfig=OutputConfig(versionInfo=false, enableOutput=true, resultFolder=./output/PredCart(900, true, true) -> KInd()/KInd(), acceptUnreliableSafe=false, cOutputConfig=COutputConfig(disable=true, useArr=false, useExArr=false, useRange=false), xcfaOutputConfig=XcfaOutputConfig(disable=true), chcOutputConfig=ChcOutputConfig(disable=true), witnessConfig=WitnessConfig(disable=false, svcomp=true, concretizerSolver=Z3, validateConcretizerSolver=false, inputFileForWitness=null), partialResultOutputConfig=PartialResultOutputConfig(enable=false, tempFileLocation=null), argConfig=ArgConfig(disable=true)), debugConfig=DebugConfig(debug=false, stacktrace=false, logLevel=INFO, argdebug=false, argToFile=false))
PartialResultJson: /dev/shm/partialResult15264469296277046320.json
server: Registered Legacy-Z3 SolverManager
server: Registered Z3 SolverManager
server: Registered JavaSMT SolverManager
server: Registered SMT-LIB SolverManager
server: Successfully loaded LocationInvariants from /dev/shm/partialResult15264469296277046320.json
server: Starting iteration 1
server: 	Starting BMC
server: 	Starting k-induction
server: Starting iteration 2
server: 	Starting BMC
server: 	Starting k-induction
server: Starting iteration 3
server: 	Starting BMC
server: 	Starting k-induction
server: Starting iteration 4
server: 	Starting BMC
server: 	Starting k-induction
server: Starting iteration 5
server: 	Starting BMC
server: 	Starting k-induction
server: Starting iteration 6
server: 	Starting BMC
server: 	Starting k-induction
server: Starting iteration 7
server: 	Starting BMC
server: 	Starting k-induction
server: Starting iteration 8
server: 	Starting BMC
server: 	Starting k-induction
server: Starting iteration 9
server: 	Starting BMC
server: 	Starting k-induction
server: Starting iteration 10
server: 	Starting BMC
server: 	Starting k-induction
server: Starting iteration 11
server: 	Starting BMC
server: 	Starting k-induction
server: Starting iteration 12
server: 	Starting BMC
server: 	Starting k-induction
server: Starting iteration 13
server: 	Starting BMC
server: 	Starting k-induction
server: Starting iteration 14
server: 	Starting BMC
server: 	Starting k-induction
server: Starting iteration 15
server: 	Starting BMC
server: 	Starting k-induction
server: Starting iteration 16
server: 	Starting BMC
