tools/baseline/theta-start.sh sv-benchmarks/c/loop-acceleration/const_1-2.c --svcomp --portfolio 'PredCart(900, true, true) -> KInd()' --loglevel RESULT --output-directory ./output --property sv-benchmarks/c/properties/unreach-call.prp --architecture ILP32 --memlimit 15000000000


--------------------------------------------------------------------------------


LD_LIBRARY_PATH=/tmp/vcloud_worker_meres_on_bme-233008/run_dir_114c3a55-14ee-4f69-ae86-7726451aad0b/tools/baseline/lib /usr/lib/jvm/java-17-openjdk-amd64/bin/java -Xss120m -Xmx14210m -jar /tmp/vcloud_worker_meres_on_bme-233008/run_dir_114c3a55-14ee-4f69-ae86-7726451aad0b/tools/baseline/theta.jar --svcomp --portfolio PredCart(900, true, true) -> KInd() --loglevel RESULT --output-directory ./output --property sv-benchmarks/c/properties/unreach-call.prp --architecture ILP32 --memlimit 15000000000 --input sv-benchmarks/c/loop-acceleration/const_1-2.c --smt-home /tmp/vcloud_worker_meres_on_bme-233008/run_dir_114c3a55-14ee-4f69-ae86-7726451aad0b/tools/baseline/solvers
Arithmetic: []
ParsingResult Success
Alias graph size: 0 -> []
PARTS: [PredCart(900, true, true), KInd()]
Current configuration: XcfaConfig(inputConfig=InputConfig(inputFile=null, catFile=null, parseCtx=null, xcfaWCtx=present, propertyFile=null, property=ERROR_LOCATION, partialResult=null, frontendConfig=FrontendConfig(lbeLevel=LBE_SEQ, staticCoi=false, loopUnroll=1000, forceUnroll=-1, enableFew=false, inputType=C, specConfig=CFrontendConfig(arithmetic=efficient, architecture=ILP32)), backendConfig=BackendConfig(backend=CEGAR, solverHome=/home/benchexec/.theta, timeoutMs=900000, softTimeoutMs=900000, inProcess=true, parseInProcess=false, inPortfolio=true, memlimit=0, disablePartialResult=false, specConfig=CegarConfig(initPrec=EMPTY, porLevel=NOPOR, porRandomSeed=0, coi=NO_COI, cexMonitor=CHECK, iterationTimeHeuristic=true, abstractorConfig=CegarAbstractorConfig(abstractionSolver=Z3, validateAbstractionSolver=false, domain=PRED_CART, maxEnum=2, search=ERR, havocMemory=false), refinerConfig=CegarRefinerConfig(refinementSolver=Z3, validateRefinementSolver=false, refinement=SEQ_ITP, exprSplitter=CONJUNCTS, pruneStrategy=LAZY))), outputConfig=OutputConfig(versionInfo=false, enableOutput=true, resultFolder=./output/PredCart(900, true, true) -> KInd()/PredCart(900, true, true), acceptUnreliableSafe=false, cOutputConfig=COutputConfig(disable=true, useArr=false, useExArr=false, useRange=false), xcfaOutputConfig=XcfaOutputConfig(disable=true), chcOutputConfig=ChcOutputConfig(disable=true), witnessConfig=WitnessConfig(disable=false, svcomp=true, concretizerSolver=Z3, validateConcretizerSolver=false, inputFileForWitness=null), partialResultOutputConfig=PartialResultOutputConfig(enable=false, tempFileLocation=null), argConfig=ArgConfig(disable=true)), debugConfig=DebugConfig(debug=false, stacktrace=false, logLevel=INFO, argdebug=false, argToFile=false))
PartialResultJson: /dev/shm/partialResult17412973642213132411.json
server: Registered Legacy-Z3 SolverManager
server: Registered Z3 SolverManager
server: Registered JavaSMT SolverManager
server: Registered SMT-LIB SolverManager
server: Successfully loaded LocationInvariants from /dev/shm/partialResult17412973642213132411.json
server: [33m[WARN] LocationInvariants are empty map. Returning null!
server: [0mConfiguration: (CegarChecker (XcfaArgAbstractor (PriorityWaitlist XcfaDistToErrComparator)) (XcfaSingleExprTraceRefiner ExprTraceSeqItpChecker XcfaPrecRefiner))
server: TimeoutMs In Cegar:900000
server: Iteration 1
server: | Checking abstraction...
server: |  |  PrecisionSize: 0
server: |  |  (Re)initializing ARG...done
server: |  |  Starting ARG: 1 nodes, 1 incomplete, 0 unsafe
server: |  |  (StopCriterion FirstCex)...
server: |  |  Building ARG...
server: |  |  Finished ARG: 7 nodes, 3 incomplete, 1 unsafe
server: | Checking abstraction done, result: (AbstractorResult Unsafe)
server: | Refining abstraction...
server: |  |  Trace length: 4
server: |  |  Checking trace...done, result: (ExprTraceStatus Infeasible)
server: |  |  Pruning from index 2...done
server: Refining abstraction done, result: (RefinerResult Spurious)
server: ! Precision DID change in this iteration
server: Iteration took 0s to run! 
server: ExplPreictor: Predicted 0.200s, Real 0.209s 
server:               Weight 1.7 -> 1.0083313636246989 
server: Iteration 2
server: | Checking abstraction...
server: |  |  PrecisionSize: 1
server: |  |  Starting ARG: 2 nodes, 1 incomplete, 0 unsafe
server: |  |  (StopCriterion FirstCex)...
server: |  |  Building ARG...
server: |  |  Finished ARG: 9 nodes, 3 incomplete, 1 unsafe
server: | Checking abstraction done, result: (AbstractorResult Unsafe)
server: | Refining abstraction...
server: |  |  Trace length: 5
server: |  |  Checking trace...done, result: (ExprTraceStatus Infeasible)
server: |  |  Pruning from index 2...done
server: Refining abstraction done, result: (RefinerResult Spurious)
server: ! Precision DID change in this iteration
server: Iteration took 0s to run! 
server: ExplPreictor: Predicted 0.219s, Real 0.330s 
server:               Weight 1.0083313636246989 -> 1.0436900176029156 
server: Iteration 3
server: | Checking abstraction...
server: |  |  PrecisionSize: 4
server: |  |  Starting ARG: 2 nodes, 1 incomplete, 0 unsafe
server: |  |  (StopCriterion FirstCex)...
server: |  |  Building ARG...
server: |  |  Finished ARG: 11 nodes, 3 incomplete, 1 unsafe
server: | Checking abstraction done, result: (AbstractorResult Unsafe)
server: | Refining abstraction...
server: |  |  Trace length: 6
server: |  |  Checking trace...done, result: (ExprTraceStatus Infeasible)
server: |  |  Pruning from index 2...done
server: Refining abstraction done, result: (RefinerResult Spurious)
server: ! Precision DID change in this iteration
server: Iteration took 0s to run! 
server: ExplPreictor: Predicted 0.425s, Real 0.459s 
server:               Weight 1.0436900176029156 -> 1.0311086600394959 
server: Iteration 4
server: | Checking abstraction...
server: |  |  PrecisionSize: 6
server: |  |  Starting ARG: 2 nodes, 1 incomplete, 0 unsafe
server: |  |  (StopCriterion FirstCex)...
server: |  |  Building ARG...
server: |  |  Finished ARG: 13 nodes, 3 incomplete, 1 unsafe
server: | Checking abstraction done, result: (AbstractorResult Unsafe)
server: | Refining abstraction...
server: |  |  Trace length: 7
server: |  |  Checking trace...done, result: (ExprTraceStatus Infeasible)
server: |  |  Pruning from index 2...done
server: Refining abstraction done, result: (RefinerResult Spurious)
server: ! Precision DID change in this iteration
server: Iteration took 0s to run! 
server: ExplPreictor: Predicted 0.555s, Real 0.692s 
server:               Weight 1.0311086600394959 -> 1.0322695444903671 
server: Iteration 5
server: | Checking abstraction...
server: |  |  PrecisionSize: 11
server: |  |  Starting ARG: 2 nodes, 1 incomplete, 0 unsafe
server: |  |  (StopCriterion FirstCex)...
server: |  |  Building ARG...
server: |  |  Finished ARG: 15 nodes, 3 incomplete, 1 unsafe
server: | Checking abstraction done, result: (AbstractorResult Unsafe)
server: | Refining abstraction...
server: |  |  Trace length: 8
server: |  |  Checking trace...done, result: (ExprTraceStatus Infeasible)
server: |  |  Pruning from index 3...done
server: Refining abstraction done, result: (RefinerResult Spurious)
server: ! Precision DID change in this iteration
server: Iteration took 0s to run! 
server: ExplPreictor: Predicted 0.855s, Real 0.979s 
server:               Weight 1.0322695444903671 -> 1.0289617342893913 
server: Iteration 6
server: | Checking abstraction...
server: |  |  PrecisionSize: 15
server: |  |  Starting ARG: 4 nodes, 1 incomplete, 0 unsafe
server: |  |  (StopCriterion FirstCex)...
server: |  |  Building ARG...
server: |  |  Finished ARG: 21 nodes, 3 incomplete, 1 unsafe
server: | Checking abstraction done, result: (AbstractorResult Unsafe)
server: | Refining abstraction...
server: |  |  Trace length: 11
server: |  |  Checking trace...done, result: (ExprTraceStatus Infeasible)
server: |  |  Pruning from index 6...done
server: Refining abstraction done, result: (RefinerResult Spurious)
server: ! Precision DID change in this iteration
server: Iteration took 0s to run! 
server: ExplPreictor: Predicted 1.195s, Real 1.434s 
server:               Weight 1.0289617342893913 -> 1.0281890598962296 
server: Iteration 7
server: | Checking abstraction...
server: |  |  PrecisionSize: 18
server: |  |  Starting ARG: 10 nodes, 1 incomplete, 0 unsafe
server: |  |  (StopCriterion FirstCex)...
server: |  |  Building ARG...
server: |  |  Finished ARG: 27 nodes, 3 incomplete, 1 unsafe
server: | Checking abstraction done, result: (AbstractorResult Unsafe)
server: | Refining abstraction...
server: |  |  Trace length: 14
server: |  |  Checking trace...done, result: (ExprTraceStatus Infeasible)
server: |  |  Pruning from index 9...done
server: Refining abstraction done, result: (RefinerResult Spurious)
server: ! Precision DID change in this iteration
server: Iteration took 0s to run! 
server: ExplPreictor: Predicted 1.760s, Real 1.974s 
server:               Weight 1.0281890598962296 -> 1.025411234633698 
server: Iteration 8
server: | Checking abstraction...
server: |  |  PrecisionSize: 21
server: |  |  Starting ARG: 16 nodes, 1 incomplete, 0 unsafe
server: |  |  (StopCriterion FirstCex)...
server: |  |  Building ARG...
server: |  |  Finished ARG: 33 nodes, 3 incomplete, 1 unsafe
server: | Checking abstraction done, result: (AbstractorResult Unsafe)
server: | Refining abstraction...
server: |  |  Trace length: 17
server: |  |  Checking trace...done, result: (ExprTraceStatus Infeasible)
server: |  |  Pruning from index 12...done
server: Refining abstraction done, result: (RefinerResult Spurious)
server: ! Precision DID change in this iteration
server: Iteration took 0s to run! 
server: ExplPreictor: Predicted 2.394s, Real 2.627s 
server:               Weight 1.025411234633698 -> 1.0227680020055387 
server: Iteration 9
server: | Checking abstraction...
server: |  |  PrecisionSize: 24
server: |  |  Starting ARG: 22 nodes, 1 incomplete, 0 unsafe
server: |  |  (StopCriterion FirstCex)...
server: |  |  Building ARG...
server: |  |  Finished ARG: 39 nodes, 3 incomplete, 1 unsafe
server: | Checking abstraction done, result: (AbstractorResult Unsafe)
server: | Refining abstraction...
server: |  |  Trace length: 20
server: |  |  Checking trace...done, result: (ExprTraceStatus Infeasible)
server: |  |  Pruning from index 15...done
server: Refining abstraction done, result: (RefinerResult Spurious)
server: ! Precision DID change in this iteration
server: Iteration took 0s to run! 
server: ExplPreictor: Predicted 3.143s, Real 3.276s 
server:               Weight 1.0227680020055387 -> 1.0196028865139857 
server: Iteration 10
server: | Checking abstraction...
server: |  |  PrecisionSize: 27
server: |  |  Starting ARG: 28 nodes, 1 incomplete, 0 unsafe
server: |  |  (StopCriterion FirstCex)...
server: |  |  Building ARG...
server: |  |  Finished ARG: 45 nodes, 3 incomplete, 1 unsafe
server: | Checking abstraction done, result: (AbstractorResult Unsafe)
server: | Refining abstraction...
server: |  |  Trace length: 23
server: |  |  Checking trace...done, result: (ExprTraceStatus Infeasible)
server: |  |  Pruning from index 18...done
server: Refining abstraction done, result: (RefinerResult Spurious)
server: ! Precision DID change in this iteration
server: Iteration took 0s to run! 
server: ExplPreictor: Predicted 3.839s, Real 4.043s 
server:               Weight 1.0196028865139857 -> 1.0174110416468636 
server: Iteration 11
server: | Checking abstraction...
server: |  |  PrecisionSize: 30
server: |  |  Starting ARG: 34 nodes, 1 incomplete, 0 unsafe
server: |  |  (StopCriterion FirstCex)...
server: |  |  Building ARG...
server: |  |  Finished ARG: 51 nodes, 3 incomplete, 1 unsafe
server: | Checking abstraction done, result: (AbstractorResult Unsafe)
server: | Refining abstraction...
server: |  |  Trace length: 26
server: |  |  Checking trace...done, result: (ExprTraceStatus Infeasible)
server: |  |  Pruning from index 21...done
server: Refining abstraction done, result: (RefinerResult Spurious)
server: ! Precision DID change in this iteration
server: Iteration took 0s to run! 
server: ExplPreictor: Predicted 4.672s, Real 4.952s 
server:               Weight 1.0174110416468636 -> 1.015810612416441 
server: Iteration 12
server: | Checking abstraction...
server: |  |  PrecisionSize: 33
server: |  |  Starting ARG: 40 nodes, 1 incomplete, 0 unsafe
server: |  |  (StopCriterion FirstCex)...
server: |  |  Building ARG...
server: |  |  Finished ARG: 57 nodes, 3 incomplete, 1 unsafe
server: | Checking abstraction done, result: (AbstractorResult Unsafe)
server: | Refining abstraction...
server: |  |  Trace length: 29
server: |  |  Checking trace...done, result: (ExprTraceStatus Infeasible)
server: |  |  Pruning from index 24...done
server: Refining abstraction done, result: (RefinerResult Spurious)
server: ! Precision DID change in this iteration
server: Iteration took 0s to run! 
server: ExplPreictor: Predicted 5.665s, Real 5.901s 
server:               Weight 1.015810612416441 -> 1.01423416670166 
server: Iteration 13
server: | Checking abstraction...
server: |  |  PrecisionSize: 36
server: |  |  Starting ARG: 46 nodes, 1 incomplete, 0 unsafe
server: |  |  (StopCriterion FirstCex)...
server: |  |  Building ARG...
server: |  |  Finished ARG: 63 nodes, 3 incomplete, 1 unsafe
server: | Checking abstraction done, result: (AbstractorResult Unsafe)
server: | Refining abstraction...
server: |  |  Trace length: 32
server: |  |  Checking trace...done, result: (ExprTraceStatus Infeasible)
server: |  |  Pruning from index 27...done
server: Refining abstraction done, result: (RefinerResult Spurious)
server: ! Precision DID change in this iteration
server: Iteration took 1s to run! 
server: ExplPreictor: Predicted 6.677s, Real 6.947s 
server:               Weight 1.01423416670166 -> 1.0129360853493916 
server: Iteration 14
server: | Checking abstraction...
server: |  |  PrecisionSize: 39
server: |  |  Starting ARG: 52 nodes, 1 incomplete, 0 unsafe
server: |  |  (StopCriterion FirstCex)...
server: |  |  Building ARG...
server: |  |  Finished ARG: 69 nodes, 3 incomplete, 1 unsafe
server: | Checking abstraction done, result: (AbstractorResult Unsafe)
server: | Refining abstraction...
server: |  |  Trace length: 35
server: |  |  Checking trace...done, result: (ExprTraceStatus Infeasible)
server: |  |  Pruning from index 30...done
server: Refining abstraction done, result: (RefinerResult Spurious)
server: ! Precision DID change in this iteration
server: Iteration took 1s to run! 
server: ExplPreictor: Predicted 7.789s, Real 8.219s 
server:               Weight 1.0129360853493916 -> 1.012063509187924 
server: Iteration 15
server: | Checking abstraction...
server: |  |  PrecisionSize: 42
server: |  |  Starting ARG: 58 nodes, 1 incomplete, 0 unsafe
server: |  |  (StopCriterion FirstCex)...
server: |  |  Building ARG...
server: |  |  Finished ARG: 75 nodes, 3 incomplete, 1 unsafe
server: | Checking abstraction done, result: (AbstractorResult Unsafe)
server: | Refining abstraction...
server: |  |  Trace length: 38
server: |  |  Checking trace...done, result: (ExprTraceStatus Infeasible)
server: |  |  Pruning from index 33...done
server: Refining abstraction done, result: (RefinerResult Spurious)
server: ! Precision DID change in this iteration
server: Iteration took 1s to run! 
server: ExplPreictor: Predicted 9.163s, Real 9.575s 
server:               Weight 1.012063509187924 -> 1.0111978307489502 
server: Iteration 16
server: | Checking abstraction...
server: |  |  PrecisionSize: 45
server: |  |  Starting ARG: 64 nodes, 1 incomplete, 0 unsafe
server: |  |  (StopCriterion FirstCex)...
server: |  |  Building ARG...
server: |  |  Finished ARG: 81 nodes, 3 incomplete, 1 unsafe
server: | Checking abstraction done, result: (AbstractorResult Unsafe)
server: | Refining abstraction...
server: |  |  Trace length: 41
server: |  |  Checking trace...done, result: (ExprTraceStatus Infeasible)
server: |  |  Pruning from index 36...done
server: Refining abstraction done, result: (RefinerResult Spurious)
server: ! Precision DID change in this iteration
server: Iteration took 1s to run! 
server: ExplPreictor: Predicted 10.610s, Real 11.069s 
server:               Weight 1.0111978307489502 -> 1.0104428668864909 
server: Iteration 17
server: | Checking abstraction...
server: |  |  PrecisionSize: 48
server: |  |  Starting ARG: 70 nodes, 1 incomplete, 0 unsafe
server: |  |  (StopCriterion FirstCex)...
server: |  |  Building ARG...
server: |  |  Finished ARG: 87 nodes, 3 incomplete, 1 unsafe
server: | Checking abstraction done, result: (AbstractorResult Unsafe)
server: | Refining abstraction...
server: |  |  Trace length: 44
server: |  |  Checking trace...done, result: (ExprTraceStatus Infeasible)
server: |  |  Pruning from index 39...done
server: Refining abstraction done, result: (RefinerResult Spurious)
server: ! Precision DID change in this iteration
server: Iteration took 1s to run! 
server: ExplPreictor: Predicted 12.199s, Real 12.726s 
server:               Weight 1.0104428668864909 -> 1.0097946560546676 
server: Iteration 18
server: | Checking abstraction...
server: |  |  PrecisionSize: 51
server: |  |  Starting ARG: 76 nodes, 1 incomplete, 0 unsafe
server: |  |  (StopCriterion FirstCex)...
server: |  |  Building ARG...
server: |  |  Finished ARG: 93 nodes, 3 incomplete, 1 unsafe
server: | Checking abstraction done, result: (AbstractorResult Unsafe)
server: | Refining abstraction...
server: |  |  Trace length: 47
server: |  |  Checking trace...done, result: (ExprTraceStatus Infeasible)
server: |  |  Pruning from index 42...done
server: Refining abstraction done, result: (RefinerResult Spurious)
server: ! Precision DID change in this iteration
server: Iteration took 1s to run! 
server: ExplPreictor: Predicted 13.960s, Real 14.527s 
server:               Weight 1.0097946560546676 -> 1.0092066587934794 
server: Iteration 19
server: | Checking abstraction...
server: |  |  PrecisionSize: 54
server: |  |  Starting ARG: 82 nodes, 1 incomplete, 0 unsafe
server: |  |  (StopCriterion FirstCex)...
server: |  |  Building ARG...
server: |  |  Finished ARG: 99 nodes, 3 incomplete, 1 unsafe
server: | Checking abstraction done, result: (AbstractorResult Unsafe)
server: | Refining abstraction...
server: |  |  Trace length: 50
server: |  |  Checking trace...done, result: (ExprTraceStatus Infeasible)
server: |  |  Pruning from index 45...done
server: Refining abstraction done, result: (RefinerResult Spurious)
server: ! Precision DID change in this iteration
server: Iteration took 1s to run! 
server: ExplPreictor: Predicted 15.867s, Real 16.354s 
server:               Weight 1.0092066587934794 -> 1.0085950665945367 
server: Iteration 20
server: | Checking abstraction...
server: |  |  PrecisionSize: 57
server: |  |  Starting ARG: 88 nodes, 1 incomplete, 0 unsafe
server: |  |  (StopCriterion FirstCex)...
server: |  |  Building ARG...
server: |  |  Finished ARG: 105 nodes, 3 incomplete, 1 unsafe
server: | Checking abstraction done, result: (AbstractorResult Unsafe)
server: | Refining abstraction...
server: |  |  Trace length: 53
server: |  |  Checking trace...done, result: (ExprTraceStatus Infeasible)
server: |  |  Pruning from index 48...done
server: Refining abstraction done, result: (RefinerResult Spurious)
server: ! Precision DID change in this iteration
server: Iteration took 1s to run! 
server: ExplPreictor: Predicted 17.776s, Real 18.213s 
server:               Weight 1.0085950665945367 -> 1.008002852854611 
server: Iteration 21
server: | Checking abstraction...
server: |  |  PrecisionSize: 60
server: |  |  Starting ARG: 94 nodes, 1 incomplete, 0 unsafe
server: |  |  (StopCriterion FirstCex)...
server: |  |  Building ARG...
server: |  |  Finished ARG: 111 nodes, 3 incomplete, 1 unsafe
server: | Checking abstraction done, result: (AbstractorResult Unsafe)
server: | Refining abstraction...
server: |  |  Trace length: 56
server: |  |  Checking trace...done, result: (ExprTraceStatus Infeasible)
server: |  |  Pruning from index 51...done
server: Refining abstraction done, result: (RefinerResult Spurious)
server: ! Precision DID change in this iteration
server: Iteration took 1s to run! 
server: ExplPreictor: Predicted 19.700s, Real 20.161s 
server:               Weight 1.008002852854611 -> 1.0074736716085009 
server: Iteration 22
server: | Checking abstraction...
server: |  |  PrecisionSize: 63
server: |  |  Starting ARG: 100 nodes, 1 incomplete, 0 unsafe
server: |  |  (StopCriterion FirstCex)...
server: |  |  Building ARG...
server: |  |  Finished ARG: 117 nodes, 3 incomplete, 1 unsafe
server: | Checking abstraction done, result: (AbstractorResult Unsafe)
server: | Refining abstraction...
server: |  |  Trace length: 59
server: |  |  Checking trace...done, result: (ExprTraceStatus Infeasible)
server: |  |  Pruning from index 54...done
server: Refining abstraction done, result: (RefinerResult Spurious)
server: ! Precision DID change in this iteration
server: Iteration took 2s to run! 
server: ExplPreictor: Predicted 21.711s, Real 22.233s 
server:               Weight 1.0074736716085009 -> 1.00701382458089 
server: Iteration 23
server: | Checking abstraction...
server: |  |  PrecisionSize: 66
server: |  |  Starting ARG: 106 nodes, 1 incomplete, 0 unsafe
server: |  |  (StopCriterion FirstCex)...
server: |  |  Building ARG...
server: |  |  Finished ARG: 123 nodes, 3 incomplete, 1 unsafe
server: | Checking abstraction done, result: (AbstractorResult Unsafe)
server: | Refining abstraction...
server: |  |  Trace length: 62
server: |  |  Checking trace...done, result: (ExprTraceStatus Infeasible)
server: |  |  Pruning from index 57...done
server: Refining abstraction done, result: (RefinerResult Spurious)
server: ! Precision DID change in this iteration
server: Iteration took 2s to run! 
server: ExplPreictor: Predicted 23.850s, Real 24.539s 
server:               Weight 1.00701382458089 -> 1.0066477101566909 
server: Iteration 24
server: | Checking abstraction...
server: |  |  PrecisionSize: 69
server: |  |  Starting ARG: 112 nodes, 1 incomplete, 0 unsafe
server: |  |  (StopCriterion FirstCex)...
server: |  |  Building ARG...
server: |  |  Finished ARG: 129 nodes, 3 incomplete, 1 unsafe
server: | Checking abstraction done, result: (AbstractorResult Unsafe)
server: | Refining abstraction...
server: |  |  Trace length: 65
server: |  |  Checking trace...done, result: (ExprTraceStatus Infeasible)
server: |  |  Pruning from index 60...done
server: Refining abstraction done, result: (RefinerResult Spurious)
server: ! Precision DID change in this iteration
server: Iteration took 2s to run! 
server: ExplPreictor: Predicted 26.245s, Real 27.006s 
server:               Weight 1.0066477101566909 -> 1.0063218862697778 
server: Iteration 25
server: | Checking abstraction...
server: |  |  PrecisionSize: 72
server: |  |  Starting ARG: 118 nodes, 1 incomplete, 0 unsafe
server: |  |  (StopCriterion FirstCex)...
server: |  |  Building ARG...
server: |  |  Finished ARG: 135 nodes, 3 incomplete, 1 unsafe
server: | Checking abstraction done, result: (AbstractorResult Unsafe)
server: | Refining abstraction...
server: |  |  Trace length: 68
server: |  |  Checking trace...done, result: (ExprTraceStatus Infeasible)
server: |  |  Pruning from index 63...done
server: Refining abstraction done, result: (RefinerResult Spurious)
server: ! Precision DID change in this iteration
server: Iteration took 2s to run! 
server: ExplPreictor: Predicted 28.806s, Real 29.608s 
server:               Weight 1.0063218862697778 -> 1.006020599028116 
server: Iteration 26
server: | Checking abstraction...
server: |  |  PrecisionSize: 75
server: |  |  Starting ARG: 124 nodes, 1 incomplete, 0 unsafe
server: |  |  (StopCriterion FirstCex)...
server: |  |  Building ARG...
server: |  |  Finished ARG: 141 nodes, 3 incomplete, 1 unsafe
server: | Checking abstraction done, result: (AbstractorResult Unsafe)
server: | Refining abstraction...
server: |  |  Trace length: 71
server: |  |  Checking trace...done, result: (ExprTraceStatus Infeasible)
server: |  |  Pruning from index 66...done
server: Refining abstraction done, result: (RefinerResult Spurious)
server: ! Precision DID change in this iteration
server: Iteration took 2s to run! 
server: ExplPreictor: Predicted 31.501s, Real 32.478s 
server:               Weight 1.006020599028116 -> 1.0057731249606798 
server: Iteration 27
server: | Checking abstraction...
server: |  |  PrecisionSize: 78
server: |  |  Starting ARG: 130 nodes, 1 incomplete, 0 unsafe
server: |  |  (StopCriterion FirstCex)...
server: |  |  Building ARG...
server: |  |  Finished ARG: 147 nodes, 3 incomplete, 1 unsafe
server: | Checking abstraction done, result: (AbstractorResult Unsafe)
server: | Refining abstraction...
server: |  |  Trace length: 74
server: |  |  Checking trace...done, result: (ExprTraceStatus Infeasible)
server: |  |  Pruning from index 69...done
server: Refining abstraction done, result: (RefinerResult Spurious)
server: ! Precision DID change in this iteration
server: Iteration took 2s to run! 
server: ExplPreictor: Predicted 34.485s, Real 35.334s 
server:               Weight 1.0057731249606798 -> 1.0055020665903378 
server: Iteration 28
server: | Checking abstraction...
server: |  |  PrecisionSize: 81
server: |  |  Starting ARG: 136 nodes, 1 incomplete, 0 unsafe
server: |  |  (StopCriterion FirstCex)...
server: |  |  Building ARG...
server: |  |  Finished ARG: 153 nodes, 3 incomplete, 1 unsafe
server: | Checking abstraction done, result: (AbstractorResult Unsafe)
server: | Refining abstraction...
server: |  |  Trace length: 77
server: |  |  Checking trace...done, result: (ExprTraceStatus Infeasible)
server: |  |  Pruning from index 72...done
server: Refining abstraction done, result: (RefinerResult Spurious)
server: ! Precision DID change in this iteration
server: Iteration took 2s to run! 
server: ExplPreictor: Predicted 37.430s, Real 38.315s 
server:               Weight 1.0055020665903378 -> 1.0052499137970285 
server: Iteration 29
server: | Checking abstraction...
server: |  |  PrecisionSize: 84
server: |  |  Starting ARG: 142 nodes, 1 incomplete, 0 unsafe
server: |  |  (StopCriterion FirstCex)...
server: |  |  Building ARG...
server: |  |  Finished ARG: 159 nodes, 3 incomplete, 1 unsafe
server: | Checking abstraction done, result: (AbstractorResult Unsafe)
server: | Refining abstraction...
server: |  |  Trace length: 80
server: |  |  Checking trace...done, result: (ExprTraceStatus Infeasible)
server: |  |  Pruning from index 75...done
server: Refining abstraction done, result: (RefinerResult Spurious)
server: ! Precision DID change in this iteration
server: Iteration took 3s to run! 
server: ExplPreictor: Predicted 40.498s, Real 41.328s 
server:               Weight 1.0052499137970285 -> 1.004999221562403 
server: Iteration 30
server: | Checking abstraction...
server: |  |  PrecisionSize: 87
server: |  |  Starting ARG: 148 nodes, 1 incomplete, 0 unsafe
server: |  |  (StopCriterion FirstCex)...
server: |  |  Building ARG...
server: |  |  Finished ARG: 165 nodes, 3 incomplete, 1 unsafe
server: | Checking abstraction done, result: (AbstractorResult Unsafe)
server: | Refining abstraction...
server: |  |  Trace length: 83
server: |  |  Checking trace...done, result: (ExprTraceStatus Infeasible)
server: |  |  Pruning from index 78...done
server: Refining abstraction done, result: (RefinerResult Spurious)
server: ! Precision DID change in this iteration
server: Iteration took 3s to run! 
server: ExplPreictor: Predicted 43.583s, Real 44.461s 
server:               Weight 1.004999221562403 -> 1.0047689074747352 
server: Iteration 31
server: | Checking abstraction...
server: |  |  PrecisionSize: 90
server: |  |  Starting ARG: 154 nodes, 1 incomplete, 0 unsafe
server: |  |  (StopCriterion FirstCex)...
server: |  |  Building ARG...
server: |  |  Finished ARG: 171 nodes, 3 incomplete, 1 unsafe
server: | Checking abstraction done, result: (AbstractorResult Unsafe)
server: | Refining abstraction...
server: |  |  Trace length: 86
server: |  |  Checking trace...done, result: (ExprTraceStatus Infeasible)
server: |  |  Pruning from index 81...done
server: Refining abstraction done, result: (RefinerResult Spurious)
server: ! Precision DID change in this iteration
server: Iteration took 3s to run! 
server: ExplPreictor: Predicted 46.789s, Real 47.889s 
server:               Weight 1.0047689074747352 -> 1.004581103200774 
server: Iteration 32
server: | Checking abstraction...
server: |  |  PrecisionSize: 93
server: |  |  Starting ARG: 160 nodes, 1 incomplete, 0 unsafe
server: |  |  (StopCriterion FirstCex)...
server: |  |  Building ARG...
server: |  |  Finished ARG: 177 nodes, 3 incomplete, 1 unsafe
server: | Checking abstraction done, result: (AbstractorResult Unsafe)
server: | Refining abstraction...
server: |  |  Trace length: 89
server: |  |  Checking trace...done, result: (ExprTraceStatus Infeasible)
server: |  |  Pruning from index 84...done
server: Refining abstraction done, result: (RefinerResult Spurious)
server: ! Precision DID change in this iteration
server: Iteration took 3s to run! 
server: ExplPreictor: Predicted 50.313s, Real 51.453s 
server:               Weight 1.004581103200774 -> 1.0044037199131086 
server: Iteration 33
server: | Checking abstraction...
server: |  |  PrecisionSize: 96
server: |  |  Starting ARG: 166 nodes, 1 incomplete, 0 unsafe
server: |  |  (StopCriterion FirstCex)...
server: |  |  Building ARG...
server: |  |  Finished ARG: 183 nodes, 3 incomplete, 1 unsafe
server: | Checking abstraction done, result: (AbstractorResult Unsafe)
server: | Refining abstraction...
server: |  |  Trace length: 92
server: |  |  Checking trace...done, result: (ExprTraceStatus Infeasible)
server: |  |  Pruning from index 87...done
server: Refining abstraction done, result: (RefinerResult Spurious)
server: ! Precision DID change in this iteration
server: Iteration took 3s to run! 
server: ExplPreictor: Predicted 53.971s, Real 55.105s 
server:               Weight 1.0044037199131086 -> 1.0042306216908057 
server: Iteration 34
server: | Checking abstraction...
server: |  |  PrecisionSize: 99
server: |  |  Starting ARG: 172 nodes, 1 incomplete, 0 unsafe
server: |  |  (StopCriterion FirstCex)...
server: |  |  Building ARG...
server: |  |  Finished ARG: 189 nodes, 3 incomplete, 1 unsafe
server: | Checking abstraction done, result: (AbstractorResult Unsafe)
server: | Refining abstraction...
server: |  |  Trace length: 95
server: |  |  Checking trace...done, result: (ExprTraceStatus Infeasible)
server: |  |  Pruning from index 90...done
server: Refining abstraction done, result: (RefinerResult Spurious)
server: ! Precision DID change in this iteration
server: Iteration took 3s to run! 
server: ExplPreictor: Predicted 57.710s, Real 58.929s 
server:               Weight 1.0042306216908057 -> 1.004072214402087 
server: Iteration 35
server: | Checking abstraction...
server: |  |  PrecisionSize: 102
server: |  |  Starting ARG: 178 nodes, 1 incomplete, 0 unsafe
server: |  |  (StopCriterion FirstCex)...
server: |  |  Building ARG...
server: |  |  Finished ARG: 195 nodes, 3 incomplete, 1 unsafe
server: | Checking abstraction done, result: (AbstractorResult Unsafe)
server: | Refining abstraction...
server: |  |  Trace length: 98
server: |  |  Checking trace...done, result: (ExprTraceStatus Infeasible)
server: |  |  Pruning from index 93...done
server: Refining abstraction done, result: (RefinerResult Spurious)
server: ! Precision DID change in this iteration
server: Iteration took 4s to run! 
server: ExplPreictor: Predicted 61.625s, Real 63.075s 
server:               Weight 1.004072214402087 -> 1.0039405948509672 
server: Iteration 36
server: | Checking abstraction...
server: |  |  PrecisionSize: 105
server: |  |  Starting ARG: 184 nodes, 1 incomplete, 0 unsafe
server: |  |  (StopCriterion FirstCex)...
server: |  |  Building ARG...
server: |  |  Finished ARG: 201 nodes, 3 incomplete, 1 unsafe
server: | Checking abstraction done, result: (AbstractorResult Unsafe)
server: | Refining abstraction...
server: |  |  Trace length: 101
server: |  |  Checking trace...done, result: (ExprTraceStatus Infeasible)
server: |  |  Pruning from index 96...done
server: Refining abstraction done, result: (RefinerResult Spurious)
server: ! Precision DID change in this iteration
server: Iteration took 4s to run! 
server: ExplPreictor: Predicted 65.883s, Real 67.449s 
server:               Weight 1.0039405948509672 -> 1.003820230290575 
server: Iteration 37
server: | Checking abstraction...
server: |  |  PrecisionSize: 108
server: |  |  Starting ARG: 190 nodes, 1 incomplete, 0 unsafe
server: |  |  (StopCriterion FirstCex)...
server: |  |  Building ARG...
server: |  |  Finished ARG: 207 nodes, 3 incomplete, 1 unsafe
server: | Checking abstraction done, result: (AbstractorResult Unsafe)
server: | Refining abstraction...
server: |  |  Trace length: 104
server: |  |  Checking trace...done, result: (ExprTraceStatus Infeasible)
server: |  |  Pruning from index 99...done
server: Refining abstraction done, result: (RefinerResult Spurious)
server: ! Precision DID change in this iteration
server: Iteration took 4s to run! 
server: ExplPreictor: Predicted 70.376s, Real 71.956s 
server:               Weight 1.003820230290575 -> 1.0037011074158666 
server: Iteration 38
server: | Checking abstraction...
server: |  |  PrecisionSize: 111
server: |  |  Starting ARG: 196 nodes, 1 incomplete, 0 unsafe
server: |  |  (StopCriterion FirstCex)...
server: |  |  Building ARG...
server: |  |  Finished ARG: 213 nodes, 3 incomplete, 1 unsafe
server: | Checking abstraction done, result: (AbstractorResult Unsafe)
server: | Refining abstraction...
server: |  |  Trace length: 107
server: |  |  Checking trace...done, result: (ExprTraceStatus Infeasible)
server: |  |  Pruning from index 102...done
server: Refining abstraction done, result: (RefinerResult Spurious)
server: ! Precision DID change in this iteration
server: Iteration took 4s to run! 
server: ExplPreictor: Predicted 74.997s, Real 76.044s 
server:               Weight 1.0037011074158666 -> 1.0035429053644909 
server: Iteration 39
server: | Checking abstraction...
server: |  |  PrecisionSize: 114
server: |  |  Starting ARG: 202 nodes, 1 incomplete, 0 unsafe
server: |  |  (StopCriterion FirstCex)...
server: |  |  Building ARG...
server: |  |  Finished ARG: 219 nodes, 3 incomplete, 1 unsafe
server: | Checking abstraction done, result: (AbstractorResult Unsafe)
server: | Refining abstraction...
server: |  |  Trace length: 110
server: |  |  Checking trace...done, result: (ExprTraceStatus Infeasible)
server: |  |  Pruning from index 105...done
server: Refining abstraction done, result: (RefinerResult Spurious)
server: ! Precision DID change in this iteration
server: Iteration took 3s to run! 
server: ExplPreictor: Predicted 79.133s, Real 79.234s 
server:               Weight 1.0035429053644909 -> 1.0033261211611426 
server: Iteration 40
server: | Checking abstraction...
server: |  |  PrecisionSize: 117
server: |  |  Starting ARG: 208 nodes, 1 incomplete, 0 unsafe
server: |  |  (StopCriterion FirstCex)...
server: |  |  Building ARG...
server: |  |  Finished ARG: 225 nodes, 3 incomplete, 1 unsafe
server: | Checking abstraction done, result: (AbstractorResult Unsafe)
server: | Refining abstraction...
server: |  |  Trace length: 113
server: |  |  Checking trace...done, result: (ExprTraceStatus Infeasible)
server: |  |  Pruning from index 108...done
server: Refining abstraction done, result: (RefinerResult Spurious)
server: ! Precision DID change in this iteration
server: Iteration took 3s to run! 
server: ExplPreictor: Predicted 82.263s, Real 82.510s 
server:               Weight 1.0033261211611426 -> 1.0031357877082792 
server: Iteration 41
server: | Checking abstraction...
server: |  |  PrecisionSize: 120
server: |  |  Starting ARG: 214 nodes, 1 incomplete, 0 unsafe
server: |  |  (StopCriterion FirstCex)...
server: |  |  Building ARG...
server: |  |  Finished ARG: 231 nodes, 3 incomplete, 1 unsafe
server: | Checking abstraction done, result: (AbstractorResult Unsafe)
server: | Refining abstraction...
server: |  |  Trace length: 116
server: |  |  Checking trace...done, result: (ExprTraceStatus Infeasible)
server: |  |  Pruning from index 111...done
server: Refining abstraction done, result: (RefinerResult Spurious)
server: ! Precision DID change in this iteration
server: Iteration took 4s to run! 
server: ExplPreictor: Predicted 85.492s, Real 87.051s 
server:               Weight 1.0031357877082792 -> 1.0030412722175506 
server: Iteration 42
server: | Checking abstraction...
server: |  |  PrecisionSize: 123
server: |  |  Starting ARG: 220 nodes, 1 incomplete, 0 unsafe
server: |  |  (StopCriterion FirstCex)...
server: |  |  Building ARG...
server: |  |  Finished ARG: 237 nodes, 3 incomplete, 1 unsafe
server: | Checking abstraction done, result: (AbstractorResult Unsafe)
server: | Refining abstraction...
server: |  |  Trace length: 119
server: |  |  Checking trace...done, result: (ExprTraceStatus Infeasible)
server: |  |  Pruning from index 114...done
server: Refining abstraction done, result: (RefinerResult Spurious)
server: ! Precision DID change in this iteration
server: Iteration took 3s to run! 
server: ExplPreictor: Predicted 90.115s, Real 90.713s 
server:               Weight 1.0030412722175506 -> 1.0028924421252465 
server: Iteration 43
server: | Checking abstraction...
server: |  |  PrecisionSize: 126
server: |  |  Starting ARG: 226 nodes, 1 incomplete, 0 unsafe
server: |  |  (StopCriterion FirstCex)...
server: |  |  Building ARG...
server: |  |  Finished ARG: 243 nodes, 3 incomplete, 1 unsafe
server: | Checking abstraction done, result: (AbstractorResult Unsafe)
server: | Refining abstraction...
server: |  |  Trace length: 122
server: |  |  Checking trace...done, result: (ExprTraceStatus Infeasible)
server: |  |  Pruning from index 117...done
server: Refining abstraction done, result: (RefinerResult Spurious)
server: ! Precision DID change in this iteration
server: Iteration took 3s to run! 
server: ExplPreictor: Predicted 93.758s, Real 94.443s 
server:               Weight 1.0028924421252465 -> 1.002757851496238 
server: Iteration 44
server: | Checking abstraction...
server: |  |  PrecisionSize: 129
server: |  |  Starting ARG: 232 nodes, 1 incomplete, 0 unsafe
server: |  |  (StopCriterion FirstCex)...
server: |  |  Building ARG...
server: |  |  Finished ARG: 249 nodes, 3 incomplete, 1 unsafe
server: | Checking abstraction done, result: (AbstractorResult Unsafe)
server: | Refining abstraction...
server: |  |  Trace length: 125
server: |  |  Checking trace...done, result: (ExprTraceStatus Infeasible)
server: |  |  Pruning from index 120...done
server: Refining abstraction done, result: (RefinerResult Spurious)
server: ! Precision DID change in this iteration
server: Iteration took 5s to run! 
server: ExplPreictor: Predicted 97.474s, Real 100.406s 
server:               Weight 1.002757851496238 -> 1.0027473562065359 
server: Iteration 45
server: | Checking abstraction...
server: |  |  PrecisionSize: 132
server: |  |  Starting ARG: 238 nodes, 1 incomplete, 0 unsafe
server: |  |  (StopCriterion FirstCex)...
server: |  |  Building ARG...
server: |  |  Finished ARG: 255 nodes, 3 incomplete, 1 unsafe
server: | Checking abstraction done, result: (AbstractorResult Unsafe)
server: | Refining abstraction...
server: |  |  Trace length: 128
server: |  |  Checking trace...done, result: (ExprTraceStatus Infeasible)
server: |  |  Pruning from index 123...done
server: Refining abstraction done, result: (RefinerResult Spurious)
server: ! Precision DID change in this iteration
server: Iteration took 6s to run! 
server: ExplPreictor: Predicted 103.634s, Real 106.520s 
server:               Weight 1.0027473562065359 -> 1.0027258371360661 
server: Iteration 46
server: | Checking abstraction...
server: |  |  PrecisionSize: 135
server: |  |  Starting ARG: 244 nodes, 1 incomplete, 0 unsafe
server: |  |  (StopCriterion FirstCex)...
server: |  |  Building ARG...
server: |  |  Finished ARG: 261 nodes, 3 incomplete, 1 unsafe
server: | Checking abstraction done, result: (AbstractorResult Unsafe)
server: | Refining abstraction...
server: |  |  Trace length: 131
server: |  |  Checking trace...done, result: (ExprTraceStatus Infeasible)
server: |  |  Pruning from index 126...done
server: Refining abstraction done, result: (RefinerResult Spurious)
server: ! Precision DID change in this iteration
server: Iteration took 6s to run! 
server: ExplPreictor: Predicted 109.935s, Real 112.986s 
server:               Weight 1.0027258371360661 -> 1.002704583974931 
server: Iteration 47
server: | Checking abstraction...
server: |  |  PrecisionSize: 138
server: |  |  Starting ARG: 250 nodes, 1 incomplete, 0 unsafe
server: |  |  (StopCriterion FirstCex)...
server: |  |  Building ARG...
server: |  |  Finished ARG: 267 nodes, 3 incomplete, 1 unsafe
server: | Checking abstraction done, result: (AbstractorResult Unsafe)
server: | Refining abstraction...
server: |  |  Trace length: 134
server: |  |  Checking trace...done, result: (ExprTraceStatus Infeasible)
server: |  |  Pruning from index 129...done
server: Refining abstraction done, result: (RefinerResult Spurious)
server: ! Precision DID change in this iteration
server: Iteration took 6s to run! 
server: ExplPreictor: Predicted 116.598s, Real 119.915s 
server:               Weight 1.002704583974931 -> 1.0026873595619619 
server: Iteration 48
server: | Checking abstraction...
server: |  |  PrecisionSize: 141
server: |  |  Starting ARG: 256 nodes, 1 incomplete, 0 unsafe
server: |  |  (StopCriterion FirstCex)...
server: |  |  Building ARG...
server: |  |  Finished ARG: 273 nodes, 3 incomplete, 1 unsafe
server: | Checking abstraction done, result: (AbstractorResult Unsafe)
server: | Refining abstraction...
server: |  |  Trace length: 137
server: |  |  Checking trace...done, result: (ExprTraceStatus Infeasible)
server: |  |  Pruning from index 132...done
server: Refining abstraction done, result: (RefinerResult Spurious)
server: ! Precision DID change in this iteration
server: Iteration took 6s to run! 
server: ExplPreictor: Predicted 123.743s, Real 126.766s 
server:               Weight 1.0026873595619619 -> 1.0026515187121972 
server: Iteration 49
server: | Checking abstraction...
server: |  |  PrecisionSize: 144
server: |  |  Starting ARG: 262 nodes, 1 incomplete, 0 unsafe
server: |  |  (StopCriterion FirstCex)...
server: |  |  Building ARG...
server: |  |  Finished ARG: 279 nodes, 3 incomplete, 1 unsafe
server: | Checking abstraction done, result: (AbstractorResult Unsafe)
server: | Refining abstraction...
server: |  |  Trace length: 140
server: |  |  Checking trace...done, result: (ExprTraceStatus Infeasible)
server: |  |  Pruning from index 135...done
server: Refining abstraction done, result: (RefinerResult Spurious)
server: ! Precision DID change in this iteration
server: Iteration took 6s to run! 
server: ExplPreictor: Predicted 130.778s, Real 133.698s 
server:               Weight 1.0026515187121972 -> 1.0026076222367744 
server: Iteration 50
server: | Checking abstraction...
server: |  |  PrecisionSize: 147
server: |  |  Starting ARG: 268 nodes, 1 incomplete, 0 unsafe
server: |  |  (StopCriterion FirstCex)...
server: |  |  Building ARG...
server: |  |  Finished ARG: 285 nodes, 3 incomplete, 1 unsafe
server: | Checking abstraction done, result: (AbstractorResult Unsafe)
server: | Refining abstraction...
server: |  |  Trace length: 143
server: |  |  Checking trace...done, result: (ExprTraceStatus Infeasible)
server: |  |  Pruning from index 138...done
server: Refining abstraction done, result: (RefinerResult Spurious)
server: ! Precision DID change in this iteration
server: Iteration took 6s to run! 
server: ExplPreictor: Predicted 137.877s, Real 140.102s 
server:               Weight 1.0026076222367744 -> 1.0025372801725632 
server: Iteration 51
server: | Checking abstraction...
server: |  |  PrecisionSize: 150
server: |  |  Starting ARG: 274 nodes, 1 incomplete, 0 unsafe
server: |  |  (StopCriterion FirstCex)...
server: |  |  Building ARG...
server: |  |  Finished ARG: 291 nodes, 3 incomplete, 1 unsafe
server: | Checking abstraction done, result: (AbstractorResult Unsafe)
server: | Refining abstraction...
server: |  |  Trace length: 146
server: |  |  Checking trace...done, result: (ExprTraceStatus Infeasible)
server: |  |  Pruning from index 141...done
server: Refining abstraction done, result: (RefinerResult Spurious)
server: ! Precision DID change in this iteration
server: Iteration took 4s to run! 
server: ExplPreictor: Predicted 144.378s, Real 144.890s 
server:               Weight 1.0025372801725632 -> 1.0024128151371987 
server: Iteration 52
server: | Checking abstraction...
server: |  |  PrecisionSize: 153
server: |  |  Starting ARG: 280 nodes, 1 incomplete, 0 unsafe
server: |  |  (StopCriterion FirstCex)...
server: |  |  Building ARG...
server: |  |  Finished ARG: 297 nodes, 3 incomplete, 1 unsafe
server: | Checking abstraction done, result: (AbstractorResult Unsafe)
server: | Refining abstraction...
server: |  |  Trace length: 149
server: |  |  Checking trace...done, result: (ExprTraceStatus Infeasible)
server: |  |  Pruning from index 144...done
server: Refining abstraction done, result: (RefinerResult Spurious)
server: ! Precision DID change in this iteration
server: Iteration took 4s to run! 
server: ExplPreictor: Predicted 149.105s, Real 149.669s 
server:               Weight 1.0024128151371987 -> 1.0022975451991074 
server: Iteration 53
server: | Checking abstraction...
server: |  |  PrecisionSize: 156
server: |  |  Starting ARG: 286 nodes, 1 incomplete, 0 unsafe
server: |  |  (StopCriterion FirstCex)...
server: |  |  Building ARG...
server: |  |  Finished ARG: 303 nodes, 3 incomplete, 1 unsafe
server: | Checking abstraction done, result: (AbstractorResult Unsafe)
server: | Refining abstraction...
server: |  |  Trace length: 152
server: |  |  Checking trace...done, result: (ExprTraceStatus Infeasible)
server: |  |  Pruning from index 147...done
server: Refining abstraction done, result: (RefinerResult Spurious)
server: ! Precision DID change in this iteration
server: Iteration took 5s to run! 
server: ExplPreictor: Predicted 153.823s, Real 154.846s 
server:               Weight 1.0022975451991074 -> 1.0022026390941674 
server: Iteration 54
server: | Checking abstraction...
server: |  |  PrecisionSize: 159
server: |  |  Starting ARG: 292 nodes, 1 incomplete, 0 unsafe
server: |  |  (StopCriterion FirstCex)...
server: |  |  Building ARG...
server: |  |  Finished ARG: 309 nodes, 3 incomplete, 1 unsafe
server: | Checking abstraction done, result: (AbstractorResult Unsafe)
server: | Refining abstraction...
server: |  |  Trace length: 155
server: |  |  Checking trace...done, result: (ExprTraceStatus Infeasible)
server: |  |  Pruning from index 150...done
server: Refining abstraction done, result: (RefinerResult Spurious)
server: ! Precision DID change in this iteration
server: Iteration took 5s to run! 
server: ExplPreictor: Predicted 158.976s, Real 160.198s 
server:               Weight 1.0022026390941674 -> 1.0021182795739856 
server: Iteration 55
server: | Checking abstraction...
server: |  |  PrecisionSize: 162
server: |  |  Starting ARG: 298 nodes, 1 incomplete, 0 unsafe
server: |  |  (StopCriterion FirstCex)...
server: |  |  Building ARG...
server: |  |  Finished ARG: 315 nodes, 3 incomplete, 1 unsafe
server: | Checking abstraction done, result: (AbstractorResult Unsafe)
server: | Refining abstraction...
server: |  |  Trace length: 158
server: |  |  Checking trace...done, result: (ExprTraceStatus Infeasible)
server: |  |  Pruning from index 153...done
server: Refining abstraction done, result: (RefinerResult Spurious)
server: ! Precision DID change in this iteration
server: Iteration took 5s to run! 
server: ExplPreictor: Predicted 164.317s, Real 165.567s 
server:               Weight 1.0021182795739856 -> 1.0020387185022488 
server: Iteration 56
server: | Checking abstraction...
server: |  |  PrecisionSize: 165
server: |  |  Starting ARG: 304 nodes, 1 incomplete, 0 unsafe
server: |  |  (StopCriterion FirstCex)...
server: |  |  Building ARG...
server: |  |  Finished ARG: 321 nodes, 3 incomplete, 1 unsafe
server: | Checking abstraction done, result: (AbstractorResult Unsafe)
server: | Refining abstraction...
server: |  |  Trace length: 161
server: |  |  Checking trace...done, result: (ExprTraceStatus Infeasible)
server: |  |  Pruning from index 156...done
server: Refining abstraction done, result: (RefinerResult Spurious)
server: ! Precision DID change in this iteration
server: Iteration took 5s to run! 
server: ExplPreictor: Predicted 169.673s, Real 170.872s 
server:               Weight 1.0020387185022488 -> 1.0019615706217282 
server: Iteration 57
server: | Checking abstraction...
server: |  |  PrecisionSize: 168
server: |  |  Starting ARG: 310 nodes, 1 incomplete, 0 unsafe
server: |  |  (StopCriterion FirstCex)...
server: |  |  Building ARG...
server: |  |  Finished ARG: 327 nodes, 3 incomplete, 1 unsafe
server: | Checking abstraction done, result: (AbstractorResult Unsafe)
server: | Refining abstraction...
server: |  |  Trace length: 164
server: |  |  Checking trace...done, result: (ExprTraceStatus Infeasible)
server: |  |  Pruning from index 159...done
server: Refining abstraction done, result: (RefinerResult Spurious)
server: ! Precision DID change in this iteration
server: Iteration took 5s to run! 
server: ExplPreictor: Predicted 174.959s, Real 176.391s 
server:               Weight 1.0019615706217282 -> 1.0018938899572645 
server: Iteration 58
server: | Checking abstraction...
server: |  |  PrecisionSize: 171
server: |  |  Starting ARG: 316 nodes, 1 incomplete, 0 unsafe
server: |  |  (StopCriterion FirstCex)...
server: |  |  Building ARG...
server: |  |  Finished ARG: 333 nodes, 3 incomplete, 1 unsafe
server: | Checking abstraction done, result: (AbstractorResult Unsafe)
server: | Refining abstraction...
server: |  |  Trace length: 167
server: |  |  Checking trace...done, result: (ExprTraceStatus Infeasible)
server: |  |  Pruning from index 162...done
server: Refining abstraction done, result: (RefinerResult Spurious)
server: ! Precision DID change in this iteration
server: Iteration took 6s to run! 
server: ExplPreictor: Predicted 180.473s, Real 182.540s 
server:               Weight 1.0018938899572645 -> 1.0018441201948094 
server: Iteration 59
server: | Checking abstraction...
server: |  |  PrecisionSize: 174
server: |  |  Starting ARG: 322 nodes, 1 incomplete, 0 unsafe
server: |  |  (StopCriterion FirstCex)...
server: |  |  Building ARG...
server: |  |  Finished ARG: 339 nodes, 3 incomplete, 1 unsafe
server: | Checking abstraction done, result: (AbstractorResult Unsafe)
server: | Refining abstraction...
server: |  |  Trace length: 170
server: |  |  Checking trace...done, result: (ExprTraceStatus Infeasible)
server: |  |  Pruning from index 165...done
server: Refining abstraction done, result: (RefinerResult Spurious)
server: ! Precision DID change in this iteration
server: Iteration took 5s to run! 
server: ExplPreictor: Predicted 186.664s, Real 188.197s 
server:               Weight 1.0018441201948094 -> 1.0017834276975692 
server: Iteration 60
server: | Checking abstraction...
server: |  |  PrecisionSize: 177
server: |  |  Starting ARG: 328 nodes, 1 incomplete, 0 unsafe
server: |  |  (StopCriterion FirstCex)...
server: |  |  Building ARG...
server: |  |  Finished ARG: 345 nodes, 3 incomplete, 1 unsafe
server: | Checking abstraction done, result: (AbstractorResult Unsafe)
server: | Refining abstraction...
server: |  |  Trace length: 173
server: |  |  Checking trace...done, result: (ExprTraceStatus Infeasible)
server: |  |  Pruning from index 168...done
server: Refining abstraction done, result: (RefinerResult Spurious)
server: ! Precision DID change in this iteration
server: Iteration took 8s to run! 
server: ExplPreictor: Predicted 192.318s, Real 196.604s 
server:               Weight 1.0017834276975692 -> 1.0017848806919667 
server: Iteration 61
server: | Checking abstraction...
server: |  |  PrecisionSize: 180
server: |  |  Starting ARG: 334 nodes, 1 incomplete, 0 unsafe
server: |  |  (StopCriterion FirstCex)...
server: |  |  Building ARG...
server: |  |  Finished ARG: 351 nodes, 3 incomplete, 1 unsafe
server: | Checking abstraction done, result: (AbstractorResult Unsafe)
server: | Refining abstraction...
server: |  |  Trace length: 176
server: |  |  Checking trace...done, result: (ExprTraceStatus Infeasible)
server: |  |  Pruning from index 171...done
server: Refining abstraction done, result: (RefinerResult Spurious)
server: ! Precision DID change in this iteration
server: Iteration took 8s to run! 
server: ExplPreictor: Predicted 200.928s, Real 205.078s 
server:               Weight 1.0017848806919667 -> 1.0017792068815357 
server: Iteration 62
server: | Checking abstraction...
server: |  |  PrecisionSize: 183
server: |  |  Starting ARG: 340 nodes, 1 incomplete, 0 unsafe
server: |  |  (StopCriterion FirstCex)...
server: |  |  Building ARG...
server: |  |  Finished ARG: 357 nodes, 3 incomplete, 1 unsafe
server: | Checking abstraction done, result: (AbstractorResult Unsafe)
server: | Refining abstraction...
server: |  |  Trace length: 179
server: |  |  Checking trace...done, result: (ExprTraceStatus Infeasible)
server: |  |  Pruning from index 174...done
server: Refining abstraction done, result: (RefinerResult Spurious)
server: ! Precision DID change in this iteration
server: Iteration took 6s to run! 
server: ExplPreictor: Predicted 209.590s, Real 211.675s 
server:               Weight 1.0017792068815357 -> 1.0017296539508878 
server: Iteration 63
server: | Checking abstraction...
server: |  |  PrecisionSize: 186
server: |  |  Starting ARG: 346 nodes, 1 incomplete, 0 unsafe
server: |  |  (StopCriterion FirstCex)...
server: |  |  Building ARG...
server: |  |  Finished ARG: 363 nodes, 3 incomplete, 1 unsafe
server: | Checking abstraction done, result: (AbstractorResult Unsafe)
server: | Refining abstraction...
server: |  |  Trace length: 182
server: |  |  Checking trace...done, result: (ExprTraceStatus Infeasible)
server: |  |  Pruning from index 177...done
server: Refining abstraction done, result: (RefinerResult Spurious)
server: ! Precision DID change in this iteration
server: Iteration took 6s to run! 
server: ExplPreictor: Predicted 216.213s, Real 218.480s 
server:               Weight 1.0017296539508878 -> 1.0016850097661312 
server: Iteration 64
server: | Checking abstraction...
server: |  |  PrecisionSize: 189
server: |  |  Starting ARG: 352 nodes, 1 incomplete, 0 unsafe
server: |  |  (StopCriterion FirstCex)...
server: |  |  Building ARG...
server: |  |  Finished ARG: 369 nodes, 3 incomplete, 1 unsafe
server: | Checking abstraction done, result: (AbstractorResult Unsafe)
server: | Refining abstraction...
server: |  |  Trace length: 185
server: |  |  Checking trace...done, result: (ExprTraceStatus Infeasible)
server: |  |  Pruning from index 180...done
server: Refining abstraction done, result: (RefinerResult Spurious)
server: ! Precision DID change in this iteration
server: Iteration took 6s to run! 
server: ExplPreictor: Predicted 223.053s, Real 225.375s 
server:               Weight 1.0016850097661312 -> 1.001642452512088 
server: Iteration 65
server: | Checking abstraction...
server: |  |  PrecisionSize: 192
server: |  |  Starting ARG: 358 nodes, 1 incomplete, 0 unsafe
server: |  |  (StopCriterion FirstCex)...
server: |  |  Building ARG...
server: |  |  Finished ARG: 375 nodes, 3 incomplete, 1 unsafe
server: | Checking abstraction done, result: (AbstractorResult Unsafe)
server: | Refining abstraction...
server: |  |  Trace length: 188
server: |  |  Checking trace...done, result: (ExprTraceStatus Infeasible)
server: |  |  Pruning from index 183...done
server: Refining abstraction done, result: (RefinerResult Spurious)
server: ! Precision DID change in this iteration
server: Iteration took 7s to run! 
server: ExplPreictor: Predicted 229.984s, Real 232.750s 
server:               Weight 1.001642452512088 -> 1.0016086611436716 
server: Iteration 66
server: | Checking abstraction...
server: |  |  PrecisionSize: 195
server: |  |  Starting ARG: 364 nodes, 1 incomplete, 0 unsafe
server: |  |  (StopCriterion FirstCex)...
server: |  |  Building ARG...
server: |  |  Finished ARG: 381 nodes, 3 incomplete, 1 unsafe
server: | Checking abstraction done, result: (AbstractorResult Unsafe)
server: | Refining abstraction...
server: |  |  Trace length: 191
server: |  |  Checking trace...done, result: (ExprTraceStatus Infeasible)
server: |  |  Pruning from index 186...done
server: Refining abstraction done, result: (RefinerResult Spurious)
server: ! Precision DID change in this iteration
server: Iteration took 7s to run! 
server: ExplPreictor: Predicted 237.423s, Real 240.458s 
server:               Weight 1.0016086611436716 -> 1.0015796110249433 
server: Iteration 67
server: | Checking abstraction...
server: |  |  PrecisionSize: 198
server: |  |  Starting ARG: 370 nodes, 1 incomplete, 0 unsafe
server: |  |  (StopCriterion FirstCex)...
server: |  |  Building ARG...
server: |  |  Finished ARG: 387 nodes, 3 incomplete, 1 unsafe
server: | Checking abstraction done, result: (AbstractorResult Unsafe)
server: | Refining abstraction...
server: |  |  Trace length: 194
server: |  |  Checking trace...done, result: (ExprTraceStatus Infeasible)
server: |  |  Pruning from index 189...done
server: Refining abstraction done, result: (RefinerResult Spurious)
server: ! Precision DID change in this iteration
server: Iteration took 7s to run! 
server: ExplPreictor: Predicted 245.211s, Real 248.425s 
server:               Weight 1.0015796110249433 -> 1.0015533012215243 
server: Iteration 68
server: | Checking abstraction...
server: |  |  PrecisionSize: 201
server: |  |  Starting ARG: 376 nodes, 1 incomplete, 0 unsafe
server: |  |  (StopCriterion FirstCex)...
server: |  |  Building ARG...
server: |  |  Finished ARG: 393 nodes, 3 incomplete, 1 unsafe
server: | Checking abstraction done, result: (AbstractorResult Unsafe)
server: | Refining abstraction...
server: |  |  Trace length: 197
server: |  |  Checking trace...done, result: (ExprTraceStatus Infeasible)
server: |  |  Pruning from index 192...done
server: Refining abstraction done, result: (RefinerResult Spurious)
server: ! Precision DID change in this iteration
server: Iteration took 7s to run! 
server: ExplPreictor: Predicted 253.265s, Real 256.028s 
server:               Weight 1.0015533012215243 -> 1.0015196454367916 
server: Iteration 69
server: | Checking abstraction...
server: |  |  PrecisionSize: 204
server: |  |  Starting ARG: 382 nodes, 1 incomplete, 0 unsafe
server: |  |  (StopCriterion FirstCex)...
server: |  |  Building ARG...
server: |  |  Finished ARG: 399 nodes, 3 incomplete, 1 unsafe
server: | Checking abstraction done, result: (AbstractorResult Unsafe)
server: | Refining abstraction...
server: |  |  Trace length: 200
server: |  |  Checking trace...done, result: (ExprTraceStatus Infeasible)
server: |  |  Pruning from index 195...done
server: Refining abstraction done, result: (RefinerResult Spurious)
server: ! Precision DID change in this iteration
server: Iteration took 8s to run! 
server: ExplPreictor: Predicted 260.919s, Real 264.257s 
server:               Weight 1.0015196454367916 -> 1.0014950418290711 
server: Iteration 70
server: | Checking abstraction...
server: |  |  PrecisionSize: 207
server: |  |  Starting ARG: 388 nodes, 1 incomplete, 0 unsafe
server: |  |  (StopCriterion FirstCex)...
server: |  |  Building ARG...
server: |  |  Finished ARG: 405 nodes, 3 incomplete, 1 unsafe
server: | Checking abstraction done, result: (AbstractorResult Unsafe)
server: | Refining abstraction...
server: |  |  Trace length: 203
server: |  |  Checking trace...done, result: (ExprTraceStatus Infeasible)
server: |  |  Pruning from index 198...done
server: Refining abstraction done, result: (RefinerResult Spurious)
server: ! Precision DID change in this iteration
server: Iteration took 8s to run! 
server: ExplPreictor: Predicted 269.236s, Real 272.460s 
server:               Weight 1.0014950418290711 -> 1.0014684665572176 
server: Iteration 71
server: | Checking abstraction...
server: |  |  PrecisionSize: 210
server: |  |  Starting ARG: 394 nodes, 1 incomplete, 0 unsafe
server: |  |  (StopCriterion FirstCex)...
server: |  |  Building ARG...
server: |  |  Finished ARG: 411 nodes, 3 incomplete, 1 unsafe
server: | Checking abstraction done, result: (AbstractorResult Unsafe)
server: | Refining abstraction...
server: |  |  Trace length: 206
server: |  |  Checking trace...done, result: (ExprTraceStatus Infeasible)
server: |  |  Pruning from index 201...done
server: Refining abstraction done, result: (RefinerResult Spurious)
server: ! Precision DID change in this iteration
server: Iteration took 8s to run! 
server: ExplPreictor: Predicted 277.514s, Real 280.631s 
server:               Weight 1.0014684665572176 -> 1.0014403344261795 
server: Iteration 72
server: | Checking abstraction...
server: |  |  PrecisionSize: 213
server: |  |  Starting ARG: 400 nodes, 1 incomplete, 0 unsafe
server: |  |  (StopCriterion FirstCex)...
server: |  |  Building ARG...
server: |  |  Finished ARG: 417 nodes, 3 incomplete, 1 unsafe
server: | Checking abstraction done, result: (AbstractorResult Unsafe)
server: | Refining abstraction...
server: |  |  Trace length: 209
server: |  |  Checking trace...done, result: (ExprTraceStatus Infeasible)
server: |  |  Pruning from index 204...done
server: Refining abstraction done, result: (RefinerResult Spurious)
server: ! Precision DID change in this iteration
server: Iteration took 8s to run! 
server: ExplPreictor: Predicted 285.748s, Real 289.189s 
server:               Weight 1.0014403344261795 -> 1.0014166789761854 
server: Iteration 73
server: | Checking abstraction...
server: |  |  PrecisionSize: 216
server: |  |  Starting ARG: 406 nodes, 1 incomplete, 0 unsafe
server: |  |  (StopCriterion FirstCex)...
server: |  |  Building ARG...
server: |  |  Finished ARG: 423 nodes, 3 incomplete, 1 unsafe
server: | Checking abstraction done, result: (AbstractorResult Unsafe)
server: | Refining abstraction...
server: |  |  Trace length: 212
server: |  |  Checking trace...done, result: (ExprTraceStatus Infeasible)
server: |  |  Pruning from index 207...done
server: Refining abstraction done, result: (RefinerResult Spurious)
server: ! Precision DID change in this iteration
server: Iteration took 8s to run! 
server: ExplPreictor: Predicted 294.387s, Real 297.626s 
server:               Weight 1.0014166789761854 -> 1.0013902045615835 
server: Iteration 74
server: | Checking abstraction...
server: |  |  PrecisionSize: 219
server: |  |  Starting ARG: 412 nodes, 1 incomplete, 0 unsafe
server: |  |  (StopCriterion FirstCex)...
server: |  |  Building ARG...
server: |  |  Finished ARG: 429 nodes, 3 incomplete, 1 unsafe
server: | Checking abstraction done, result: (AbstractorResult Unsafe)
server: | Refining abstraction...
server: |  |  Trace length: 215
server: |  |  Checking trace...done, result: (ExprTraceStatus Infeasible)
server: |  |  Pruning from index 210...done
server: Refining abstraction done, result: (RefinerResult Spurious)
server: ! Precision DID change in this iteration
server: Iteration took 8s to run! 
server: ExplPreictor: Predicted 302.887s, Real 306.356s 
server:               Weight 1.0013902045615835 -> 1.0013667170078588 
server: Iteration 75
server: | Checking abstraction...
server: |  |  PrecisionSize: 222
server: |  |  Starting ARG: 418 nodes, 1 incomplete, 0 unsafe
server: |  |  (StopCriterion FirstCex)...
server: |  |  Building ARG...
server: |  |  Finished ARG: 435 nodes, 3 incomplete, 1 unsafe
server: | Checking abstraction done, result: (AbstractorResult Unsafe)
server: | Refining abstraction...
server: |  |  Trace length: 218
server: |  |  Checking trace...done, result: (ExprTraceStatus Infeasible)
server: |  |  Pruning from index 213...done
server: Refining abstraction done, result: (RefinerResult Spurious)
server: ! Precision DID change in this iteration
server: Iteration took 8s to run! 
server: ExplPreictor: Predicted 311.691s, Real 315.215s 
server:               Weight 1.0013667170078588 -> 1.0013437912945917 
server: Iteration 76
server: | Checking abstraction...
server: |  |  PrecisionSize: 225
server: |  |  Starting ARG: 424 nodes, 1 incomplete, 0 unsafe
server: |  |  (StopCriterion FirstCex)...
server: |  |  Building ARG...
server: |  |  Finished ARG: 441 nodes, 3 incomplete, 1 unsafe
server: | Checking abstraction done, result: (AbstractorResult Unsafe)
server: | Refining abstraction...
server: |  |  Trace length: 221
server: |  |  Checking trace...done, result: (ExprTraceStatus Infeasible)
server: |  |  Pruning from index 216...done
server: Refining abstraction done, result: (RefinerResult Spurious)
server: ! Precision DID change in this iteration
server: Iteration took 9s to run! 
server: ExplPreictor: Predicted 320.624s, Real 324.555s 
server:               Weight 1.0013437912945917 -> 1.001325509699274 
server: Iteration 77
server: | Checking abstraction...
server: |  |  PrecisionSize: 228
server: |  |  Starting ARG: 430 nodes, 1 incomplete, 0 unsafe
server: |  |  (StopCriterion FirstCex)...
server: |  |  Building ARG...
server: |  |  Finished ARG: 447 nodes, 3 incomplete, 1 unsafe
server: | Checking abstraction done, result: (AbstractorResult Unsafe)
server: | Refining abstraction...
server: |  |  Trace length: 224
server: |  |  Checking trace...done, result: (ExprTraceStatus Infeasible)
server: |  |  Pruning from index 219...done
server: Refining abstraction done, result: (RefinerResult Spurious)
server: ! Precision DID change in this iteration
server: Iteration took 9s to run! 
server: ExplPreictor: Predicted 330.061s, Real 333.911s 
server:               Weight 1.001325509699274 -> 1.0013058532514347 
server: Iteration 78
server: | Checking abstraction...
server: |  |  PrecisionSize: 231
server: |  |  Starting ARG: 436 nodes, 1 incomplete, 0 unsafe
server: |  |  (StopCriterion FirstCex)...
server: |  |  Building ARG...
server: |  |  Finished ARG: 453 nodes, 3 incomplete, 1 unsafe
server: | Checking abstraction done, result: (AbstractorResult Unsafe)
server: | Refining abstraction...
server: |  |  Trace length: 227
server: |  |  Checking trace...done, result: (ExprTraceStatus Infeasible)
server: |  |  Pruning from index 222...done
server: Refining abstraction done, result: (RefinerResult Spurious)
server: ! Precision DID change in this iteration
server: Iteration took 9s to run! 
server: ExplPreictor: Predicted 339.503s, Real 343.255s 
server:               Weight 1.0013058532514347 -> 1.0012848338817424 
server: Iteration 79
server: | Checking abstraction...
server: |  |  PrecisionSize: 234
server: |  |  Starting ARG: 442 nodes, 1 incomplete, 0 unsafe
server: |  |  (StopCriterion FirstCex)...
server: |  |  Building ARG...
server: |  |  Finished ARG: 459 nodes, 3 incomplete, 1 unsafe
server: | Checking abstraction done, result: (AbstractorResult Unsafe)
server: | Refining abstraction...
server: |  |  Trace length: 230
server: |  |  Checking trace...done, result: (ExprTraceStatus Infeasible)
server: |  |  Pruning from index 225...done
server: Refining abstraction done, result: (RefinerResult Spurious)
server: ! Precision DID change in this iteration
server: Iteration took 9s to run! 
server: ExplPreictor: Predicted 348.923s, Real 352.915s 
server:               Weight 1.0012848338817424 -> 1.0012662235888936 
server: Iteration 80
server: | Checking abstraction...
server: |  |  PrecisionSize: 237
server: |  |  Starting ARG: 448 nodes, 1 incomplete, 0 unsafe
server: |  |  (StopCriterion FirstCex)...
server: |  |  Building ARG...
server: |  |  Finished ARG: 465 nodes, 3 incomplete, 1 unsafe
server: | Checking abstraction done, result: (AbstractorResult Unsafe)
server: | Refining abstraction...
server: |  |  Trace length: 233
server: |  |  Checking trace...done, result: (ExprTraceStatus Infeasible)
server: |  |  Pruning from index 228...done
server: Refining abstraction done, result: (RefinerResult Spurious)
server: ! Precision DID change in this iteration
server: Iteration took 11s to run! 
server: ExplPreictor: Predicted 358.670s, Real 364.755s 
server:               Weight 1.0012662235888936 -> 1.0012685416508709 
server: Iteration 81
server: | Checking abstraction...
server: |  |  PrecisionSize: 240
server: |  |  Starting ARG: 454 nodes, 1 incomplete, 0 unsafe
server: |  |  (StopCriterion FirstCex)...
server: |  |  Building ARG...
server: |  |  Finished ARG: 471 nodes, 3 incomplete, 1 unsafe
server: | Checking abstraction done, result: (AbstractorResult Unsafe)
server: | Refining abstraction...
server: |  |  Trace length: 236
server: |  |  Checking trace...done, result: (ExprTraceStatus Infeasible)
server: |  |  Pruning from index 231...done
server: Refining abstraction done, result: (RefinerResult Spurious)
server: ! Precision DID change in this iteration
server: Iteration took 14s to run! 
server: ExplPreictor: Predicted 370.729s, Real 379.447s 
server:               Weight 1.0012685416508709 -> 1.0012941381535554 
server: Iteration 82
server: | Checking abstraction...
server: |  |  PrecisionSize: 243
server: |  |  Starting ARG: 460 nodes, 1 incomplete, 0 unsafe
server: |  |  (StopCriterion FirstCex)...
server: |  |  Building ARG...
server: |  |  Finished ARG: 477 nodes, 3 incomplete, 1 unsafe
server: | Checking abstraction done, result: (AbstractorResult Unsafe)
server: | Refining abstraction...
server: |  |  Trace length: 239
server: |  |  Checking trace...done, result: (ExprTraceStatus Infeasible)
server: |  |  Pruning from index 234...done
server: Refining abstraction done, result: (RefinerResult Spurious)
server: ! Precision DID change in this iteration
server: Iteration took 11s to run! 
server: ExplPreictor: Predicted 385.808s, Real 390.750s 
server:               Weight 1.0012941381535554 -> 1.0012798201498592 
server: Iteration 83
server: | Checking abstraction...
server: |  |  PrecisionSize: 246
server: |  |  Starting ARG: 466 nodes, 1 incomplete, 0 unsafe
server: |  |  (StopCriterion FirstCex)...
server: |  |  Building ARG...
server: |  |  Finished ARG: 483 nodes, 3 incomplete, 1 unsafe
server: | Checking abstraction done, result: (AbstractorResult Unsafe)
server: | Refining abstraction...
server: |  |  Trace length: 242
server: |  |  Checking trace...done, result: (ExprTraceStatus Infeasible)
server: |  |  Pruning from index 237...done
server: Refining abstraction done, result: (RefinerResult Spurious)
server: ! Precision DID change in this iteration
server: Iteration took 11s to run! 
server: ExplPreictor: Predicted 397.242s, Real 402.203s 
server:               Weight 1.0012798201498592 -> 1.00126495099949 
server: Iteration 84
server: | Checking abstraction...
server: |  |  PrecisionSize: 249
server: |  |  Starting ARG: 472 nodes, 1 incomplete, 0 unsafe
server: |  |  (StopCriterion FirstCex)...
server: |  |  Building ARG...
server: |  |  Finished ARG: 489 nodes, 3 incomplete, 1 unsafe
server: | Checking abstraction done, result: (AbstractorResult Unsafe)
server: | Refining abstraction...
server: |  |  Trace length: 245
server: |  |  Checking trace...done, result: (ExprTraceStatus Infeasible)
server: |  |  Pruning from index 240...done
server: Refining abstraction done, result: (RefinerResult Spurious)
server: ! Precision DID change in this iteration
server: Iteration took 11s to run! 
server: ExplPreictor: Predicted 408.822s, Real 413.718s 
server:               Weight 1.00126495099949 -> 1.0012488832774809 
server: Iteration 85
server: | Checking abstraction...
server: |  |  PrecisionSize: 252
server: |  |  Starting ARG: 478 nodes, 1 incomplete, 0 unsafe
server: |  |  (StopCriterion FirstCex)...
server: |  |  Building ARG...
server: |  |  Finished ARG: 495 nodes, 3 incomplete, 1 unsafe
server: | Checking abstraction done, result: (AbstractorResult Unsafe)
server: | Refining abstraction...
server: |  |  Trace length: 248
server: |  |  Checking trace...done, result: (ExprTraceStatus Infeasible)
server: |  |  Pruning from index 243...done
server: Refining abstraction done, result: (RefinerResult Spurious)
server: ! Precision DID change in this iteration
server: Iteration took 10s to run! 
server: ExplPreictor: Predicted 420.455s, Real 424.635s 
server:               Weight 1.0012488832774809 -> 1.0012262745322713 
server: Iteration 86
server: | Checking abstraction...
server: |  |  PrecisionSize: 255
server: |  |  Starting ARG: 484 nodes, 1 incomplete, 0 unsafe
server: |  |  (StopCriterion FirstCex)...
server: |  |  Building ARG...
server: |  |  Finished ARG: 501 nodes, 3 incomplete, 1 unsafe
server: | Checking abstraction done, result: (AbstractorResult Unsafe)
server: | Refining abstraction...
server: |  |  Trace length: 251
server: |  |  Checking trace...done, result: (ExprTraceStatus Infeasible)
server: |  |  Pruning from index 246...done
server: Refining abstraction done, result: (RefinerResult Spurious)
server: ! Precision DID change in this iteration
server: Iteration took 11s to run! 
server: ExplPreictor: Predicted 431.437s, Real 435.735s 
server:               Weight 1.0012262745322713 -> 1.001204779402601 
server: Iteration 87
server: | Checking abstraction...
server: |  |  PrecisionSize: 258
server: |  |  Starting ARG: 490 nodes, 1 incomplete, 0 unsafe
server: |  |  (StopCriterion FirstCex)...
server: |  |  Building ARG...
server: |  |  Finished ARG: 507 nodes, 3 incomplete, 1 unsafe
server: | Checking abstraction done, result: (AbstractorResult Unsafe)
server: | Refining abstraction...
server: |  |  Trace length: 254
server: |  |  Checking trace...done, result: (ExprTraceStatus Infeasible)
server: |  |  Pruning from index 249...done
server: Refining abstraction done, result: (RefinerResult Spurious)
server: ! Precision DID change in this iteration
server: Iteration took 11s to run! 
server: ExplPreictor: Predicted 442.605s, Real 446.872s 
server:               Weight 1.001204779402601 -> 1.0011831324779579 
server: Iteration 88
server: | Checking abstraction...
server: |  |  PrecisionSize: 261
server: |  |  Starting ARG: 496 nodes, 1 incomplete, 0 unsafe
server: |  |  (StopCriterion FirstCex)...
server: |  |  Building ARG...
server: |  |  Finished ARG: 513 nodes, 3 incomplete, 1 unsafe
server: | Checking abstraction done, result: (AbstractorResult Unsafe)
server: | Refining abstraction...
server: |  |  Trace length: 257
server: |  |  Checking trace...done, result: (ExprTraceStatus Infeasible)
server: |  |  Pruning from index 252...done
server: Refining abstraction done, result: (RefinerResult Spurious)
server: ! Precision DID change in this iteration
server: Iteration took 11s to run! 
server: ExplPreictor: Predicted 453.804s, Real 458.423s 
server:               Weight 1.0011831324779579 -> 1.0011643733897782 
server: Iteration 89
server: | Checking abstraction...
server: |  |  PrecisionSize: 264
server: |  |  Starting ARG: 502 nodes, 1 incomplete, 0 unsafe
server: |  |  (StopCriterion FirstCex)...
server: |  |  Building ARG...
server: |  |  Finished ARG: 519 nodes, 3 incomplete, 1 unsafe
server: | Checking abstraction done, result: (AbstractorResult Unsafe)
server: | Refining abstraction...
server: |  |  Trace length: 260
server: |  |  Checking trace...done, result: (ExprTraceStatus Infeasible)
server: |  |  Pruning from index 255...done
server: Refining abstraction done, result: (RefinerResult Spurious)
server: ! Precision DID change in this iteration
server: Iteration took 11s to run! 
server: ExplPreictor: Predicted 465.434s, Real 470.065s 
server:               Weight 1.0011643733897782 -> 1.0011456545353117 
server: Iteration 90
server: | Checking abstraction...
server: |  |  PrecisionSize: 267
server: |  |  Starting ARG: 508 nodes, 1 incomplete, 0 unsafe
server: |  |  (StopCriterion FirstCex)...
server: |  |  Building ARG...
server: |  |  Finished ARG: 525 nodes, 3 incomplete, 1 unsafe
server: | Checking abstraction done, result: (AbstractorResult Unsafe)
server: | Refining abstraction...
server: |  |  Trace length: 263
server: |  |  Checking trace...done, result: (ExprTraceStatus Infeasible)
server: |  |  Pruning from index 258...done
server: Refining abstraction done, result: (RefinerResult Spurious)
server: ! Precision DID change in this iteration
server: Iteration took 12s to run! 
server: ExplPreictor: Predicted 477.151s, Real 482.331s 
server:               Weight 1.0011456545353117 -> 1.001130931355992 
server: Iteration 91
server: | Checking abstraction...
server: |  |  PrecisionSize: 270
server: |  |  Starting ARG: 514 nodes, 1 incomplete, 0 unsafe
server: |  |  (StopCriterion FirstCex)...
server: |  |  Building ARG...
server: |  |  Finished ARG: 531 nodes, 3 incomplete, 1 unsafe
server: | Checking abstraction done, result: (AbstractorResult Unsafe)
server: | Refining abstraction...
server: |  |  Trace length: 266
server: |  |  Checking trace...done, result: (ExprTraceStatus Infeasible)
server: |  |  Pruning from index 261...done
server: Refining abstraction done, result: (RefinerResult Spurious)
server: ! Precision DID change in this iteration
server: Iteration took 12s to run! 
server: ExplPreictor: Predicted 489.522s, Real 495.273s 
server:               Weight 1.001130931355992 -> 1.0011199347115851 
server: Iteration 92
server: | Checking abstraction...
server: |  |  PrecisionSize: 273
server: |  |  Starting ARG: 520 nodes, 1 incomplete, 0 unsafe
server: |  |  (StopCriterion FirstCex)...
server: |  |  Building ARG...
server: |  |  Finished ARG: 537 nodes, 3 incomplete, 1 unsafe
server: | Checking abstraction done, result: (AbstractorResult Unsafe)
server: | Refining abstraction...
server: |  |  Trace length: 269
server: |  |  Checking trace...done, result: (ExprTraceStatus Infeasible)
server: |  |  Pruning from index 264...done
server: Refining abstraction done, result: (RefinerResult Spurious)
server: ! Precision DID change in this iteration
server: Iteration took 13s to run! 
server: ExplPreictor: Predicted 502.600s, Real 508.540s 
server:               Weight 1.0011199347115851 -> 1.0011096285056489 
server: Iteration 93
server: | Checking abstraction...
server: |  |  PrecisionSize: 276
server: |  |  Starting ARG: 526 nodes, 1 incomplete, 0 unsafe
server: |  |  (StopCriterion FirstCex)...
server: |  |  Building ARG...
server: |  |  Finished ARG: 543 nodes, 3 incomplete, 1 unsafe
server: | Checking abstraction done, result: (AbstractorResult Unsafe)
server: | Refining abstraction...
server: |  |  Trace length: 272
server: |  |  Checking trace...done, result: (ExprTraceStatus Infeasible)
server: |  |  Pruning from index 267...done
server: Refining abstraction done, result: (RefinerResult Spurious)
server: ! Precision DID change in this iteration
server: Iteration took 13s to run! 
server: ExplPreictor: Predicted 516.009s, Real 522.072s 
server:               Weight 1.0011096285056489 -> 1.0010994980564087 
server: Iteration 94
server: | Checking abstraction...
server: |  |  PrecisionSize: 279
server: |  |  Starting ARG: 532 nodes, 1 incomplete, 0 unsafe
server: |  |  (StopCriterion FirstCex)...
server: |  |  Building ARG...
server: |  |  Finished ARG: 549 nodes, 3 incomplete, 1 unsafe
server: | Checking abstraction done, result: (AbstractorResult Unsafe)
server: | Refining abstraction...
server: |  |  Trace length: 275
server: |  |  Checking trace...done, result: (ExprTraceStatus Infeasible)
server: |  |  Pruning from index 270...done
server: Refining abstraction done, result: (RefinerResult Spurious)
server: ! Precision DID change in this iteration
server: Iteration took 13s to run! 
server: ExplPreictor: Predicted 529.684s, Real 535.644s 
server:               Weight 1.0010994980564087 -> 1.0010880612370845 
server: Iteration 95
server: | Checking abstraction...
server: |  |  PrecisionSize: 282
server: |  |  Starting ARG: 538 nodes, 1 incomplete, 0 unsafe
server: |  |  (StopCriterion FirstCex)...
server: |  |  Building ARG...
server: |  |  Finished ARG: 555 nodes, 3 incomplete, 1 unsafe
server: | Checking abstraction done, result: (AbstractorResult Unsafe)
server: | Refining abstraction...
server: |  |  Trace length: 278
server: |  |  Checking trace...done, result: (ExprTraceStatus Infeasible)
server: |  |  Pruning from index 273...done
server: Refining abstraction done, result: (RefinerResult Spurious)
server: ! Precision DID change in this iteration
server: Iteration took 13s to run! 
server: ExplPreictor: Predicted 543.387s, Real 548.985s 
server:               Weight 1.0010880612370845 -> 1.0010738492374034 
server: Iteration 96
server: | Checking abstraction...
server: |  |  PrecisionSize: 285
server: |  |  Starting ARG: 544 nodes, 1 incomplete, 0 unsafe
server: |  |  (StopCriterion FirstCex)...
server: |  |  Building ARG...
server: |  |  Finished ARG: 561 nodes, 3 incomplete, 1 unsafe
server: | Checking abstraction done, result: (AbstractorResult Unsafe)
server: | Refining abstraction...
server: |  |  Trace length: 281
server: |  |  Checking trace...done, result: (ExprTraceStatus Infeasible)
server: |  |  Pruning from index 276...done
server: Refining abstraction done, result: (RefinerResult Spurious)
server: ! Precision DID change in this iteration
server: Iteration took 14s to run! 
server: ExplPreictor: Predicted 556.832s, Real 563.247s 
server:               Weight 1.0010738492374034 -> 1.0010643936451016 
server: Iteration 97
server: | Checking abstraction...
server: |  |  PrecisionSize: 288
server: |  |  Starting ARG: 550 nodes, 1 incomplete, 0 unsafe
server: |  |  (StopCriterion FirstCex)...
server: |  |  Building ARG...
server: |  |  Finished ARG: 567 nodes, 3 incomplete, 1 unsafe
server: | Checking abstraction done, result: (AbstractorResult Unsafe)
server: | Refining abstraction...
server: |  |  Trace length: 284
server: |  |  Checking trace...done, result: (ExprTraceStatus Infeasible)
server: |  |  Pruning from index 279...done
server: Refining abstraction done, result: (RefinerResult Spurious)
server: ! Precision DID change in this iteration
server: Iteration took 14s to run! 
server: ExplPreictor: Predicted 571.242s, Real 577.690s 
server:               Weight 1.0010643936451016 -> 1.0010545195257727 
server: Iteration 98
server: | Checking abstraction...
server: |  |  PrecisionSize: 291
server: |  |  Starting ARG: 556 nodes, 1 incomplete, 0 unsafe
server: |  |  (StopCriterion FirstCex)...
server: |  |  Building ARG...
server: |  |  Finished ARG: 573 nodes, 3 incomplete, 1 unsafe
server: | Checking abstraction done, result: (AbstractorResult Unsafe)
server: | Refining abstraction...
server: |  |  Trace length: 287
server: |  |  Checking trace...done, result: (ExprTraceStatus Infeasible)
server: |  |  Pruning from index 282...done
server: Refining abstraction done, result: (RefinerResult Spurious)
server: ! Precision DID change in this iteration
server: Iteration took 14s to run! 
server: ExplPreictor: Predicted 585.829s, Real 592.002s 
server:               Weight 1.0010545195257727 -> 1.0010425043619087 
server: Iteration 99
server: | Checking abstraction...
server: |  |  PrecisionSize: 294
server: |  |  Starting ARG: 562 nodes, 1 incomplete, 0 unsafe
server: |  |  (StopCriterion FirstCex)...
server: |  |  Building ARG...
server: |  |  Finished ARG: 579 nodes, 3 incomplete, 1 unsafe
server: | Checking abstraction done, result: (AbstractorResult Unsafe)
server: | Refining abstraction...
server: |  |  Trace length: 290
server: |  |  Checking trace...done, result: (ExprTraceStatus Infeasible)
server: |  |  Pruning from index 285...done
server: Refining abstraction done, result: (RefinerResult Spurious)
server: ! Precision DID change in this iteration
server: Iteration took 14s to run! 
server: ExplPreictor: Predicted 600.262s, Real 606.588s 
server:               Weight 1.0010425043619087 -> 1.0010309923971092 
server: Iteration 100
server: | Checking abstraction...
server: |  |  PrecisionSize: 297
server: |  |  Starting ARG: 568 nodes, 1 incomplete, 0 unsafe
server: |  |  (StopCriterion FirstCex)...
server: |  |  Building ARG...
server: |  |  Finished ARG: 585 nodes, 3 incomplete, 1 unsafe
server: | Checking abstraction done, result: (AbstractorResult Unsafe)
server: | Refining abstraction...
server: |  |  Trace length: 293
server: |  |  Checking trace...done, result: (ExprTraceStatus Infeasible)
server: |  |  Pruning from index 288...done
server: Refining abstraction done, result: (RefinerResult Spurious)
server: ! Precision DID change in this iteration
server: Iteration took 14s to run! 
server: ExplPreictor: Predicted 614.973s, Real 621.266s 
server:               Weight 1.0010309923971092 -> 1.0010189314328737 
server: Iteration 101
server: | Checking abstraction...
server: |  |  PrecisionSize: 300
server: |  |  Starting ARG: 574 nodes, 1 incomplete, 0 unsafe
server: |  |  (StopCriterion FirstCex)...
server: |  |  Building ARG...
server: |  |  Finished ARG: 591 nodes, 3 incomplete, 1 unsafe
server: | Checking abstraction done, result: (AbstractorResult Unsafe)
server: | Refining abstraction...
server: |  |  Trace length: 296
server: |  |  Checking trace...done, result: (ExprTraceStatus Infeasible)
server: |  |  Pruning from index 291...done
server: Refining abstraction done, result: (RefinerResult Spurious)
server: ! Precision DID change in this iteration
server: Iteration took 22s to run! 
server: ExplPreictor: Predicted 629.768s, Real 643.524s 
server:               Weight 1.0010189314328737 -> 1.0010459375064784 
server: Iteration 102
server: | Checking abstraction...
server: |  |  PrecisionSize: 303
server: |  |  Starting ARG: 580 nodes, 1 incomplete, 0 unsafe
server: |  |  (StopCriterion FirstCex)...
server: |  |  Building ARG...
server: |  |  Finished ARG: 597 nodes, 3 incomplete, 1 unsafe
server: | Checking abstraction done, result: (AbstractorResult Unsafe)
server: | Refining abstraction...
server: |  |  Trace length: 299
server: |  |  Checking trace...done, result: (ExprTraceStatus Infeasible)
server: |  |  Pruning from index 294...done
server: Refining abstraction done, result: (RefinerResult Spurious)
server: ! Precision DID change in this iteration
server: Iteration took 17s to run! 
server: ExplPreictor: Predicted 652.590s, Real 660.862s 
server:               Weight 1.0010459375064784 -> 1.0010412010169045 
server: Iteration 103
server: | Checking abstraction...
server: |  |  PrecisionSize: 306
server: |  |  Starting ARG: 586 nodes, 1 incomplete, 0 unsafe
server: |  |  (StopCriterion FirstCex)...
server: |  |  Building ARG...
server: |  |  Finished ARG: 603 nodes, 3 incomplete, 1 unsafe
server: | Checking abstraction done, result: (AbstractorResult Unsafe)
server: | Refining abstraction...
server: |  |  Trace length: 302
server: |  |  Checking trace...done, result: (ExprTraceStatus Infeasible)
server: |  |  Pruning from index 297...done
server: Refining abstraction done, result: (RefinerResult Spurious)
server: ! Precision DID change in this iteration
server: Iteration took 17s to run! 
server: ExplPreictor: Predicted 670.148s, Real 678.836s 
server:               Weight 1.0010412010169045 -> 1.0010375543471375 
server: Iteration 104
server: | Checking abstraction...
server: |  |  PrecisionSize: 309
server: |  |  Starting ARG: 592 nodes, 1 incomplete, 0 unsafe
server: |  |  (StopCriterion FirstCex)...
server: |  |  Building ARG...
server: |  |  Finished ARG: 609 nodes, 3 incomplete, 1 unsafe
server: | Checking abstraction done, result: (AbstractorResult Unsafe)
server: | Refining abstraction...
server: |  |  Trace length: 305
server: |  |  Checking trace...done, result: (ExprTraceStatus Infeasible)
server: |  |  Pruning from index 300...done
server: Refining abstraction done, result: (RefinerResult Spurious)
server: ! Precision DID change in this iteration
server: Iteration took 20s to run! 
server: ExplPreictor: Predicted 688.360s, Real 698.912s 
server:               Weight 1.0010375543471375 -> 1.0010417883604468 
server: Iteration 105
server: | Checking abstraction...
server: |  |  PrecisionSize: 312
server: |  |  Starting ARG: 598 nodes, 1 incomplete, 0 unsafe
server: |  |  (StopCriterion FirstCex)...
server: |  |  Building ARG...
server: |  |  Finished ARG: 615 nodes, 3 incomplete, 1 unsafe
server: | Checking abstraction done, result: (AbstractorResult Unsafe)
server: | Refining abstraction...
server: |  |  Trace length: 308
server: |  |  Checking trace...done, result: (ExprTraceStatus Infeasible)
server: |  |  Pruning from index 303...done
server: Refining abstraction done, result: (RefinerResult Spurious)
server: ! Precision DID change in this iteration
server: Iteration took 22s to run! 
server: ExplPreictor: Predicted 708.780s, Real 721.635s 
server:               Weight 1.0010417883604468 -> 1.001054928995812 
server: Iteration 106
server: | Checking abstraction...
server: |  |  PrecisionSize: 315
server: |  |  Starting ARG: 604 nodes, 1 incomplete, 0 unsafe
server: |  |  (StopCriterion FirstCex)...
server: |  |  Building ARG...
server: |  |  Finished ARG: 621 nodes, 3 incomplete, 1 unsafe
server: | Checking abstraction done, result: (AbstractorResult Unsafe)
server: | Refining abstraction...
server: |  |  Trace length: 311
server: |  |  Checking trace...done, result: (ExprTraceStatus Infeasible)
server: |  |  Pruning from index 306...done
server: Refining abstraction done, result: (RefinerResult Spurious)
server: ! Precision DID change in this iteration
server: Iteration took 24s to run! 
server: ExplPreictor: Predicted 731.977s, Real 746.332s 
server:               Weight 1.001054928995812 -> 1.0010721401848142 
server: Iteration 107
server: | Checking abstraction...
server: |  |  PrecisionSize: 318
server: |  |  Starting ARG: 610 nodes, 1 incomplete, 0 unsafe
server: |  |  (StopCriterion FirstCex)...
server: |  |  Building ARG...
server: |  |  Finished ARG: 627 nodes, 3 incomplete, 1 unsafe
server: | Checking abstraction done, result: (AbstractorResult Unsafe)
server: | Refining abstraction...
server: |  |  Trace length: 314
server: |  |  Checking trace...done, result: (ExprTraceStatus Infeasible)
server: |  |  Pruning from index 309...done
server: Refining abstraction done, result: (RefinerResult Spurious)
server: ! Precision DID change in this iteration
server: Iteration took 20s to run! 
server: ExplPreictor: Predicted 757.231s, Real 767.066s 
server:               Weight 1.0010721401848142 -> 1.0010667995624618 
server: Iteration 108
server: | Checking abstraction...
server: |  |  PrecisionSize: 321
server: |  |  Starting ARG: 616 nodes, 1 incomplete, 0 unsafe
server: |  |  (StopCriterion FirstCex)...
server: |  |  Building ARG...
server: |  |  Finished ARG: 633 nodes, 3 incomplete, 1 unsafe
server: | Checking abstraction done, result: (AbstractorResult Unsafe)
server: | Refining abstraction...
server: |  |  Trace length: 317
server: |  |  Checking trace...done, result: (ExprTraceStatus Infeasible)
server: |  |  Pruning from index 312...done
server: Refining abstraction done, result: (RefinerResult Spurious)
server: ! Precision DID change in this iteration
server: Iteration took 26s to run! 
server: ExplPreictor: Predicted 778.235s, Real 793.439s 
server:               Weight 1.0010667995624618 -> 1.0010829276364148 
server: Iteration 109
server: | Checking abstraction...
server: |  |  PrecisionSize: 324
server: |  |  Starting ARG: 622 nodes, 1 incomplete, 0 unsafe
server: |  |  (StopCriterion FirstCex)...
server: |  |  Building ARG...
server: |  |  Finished ARG: 639 nodes, 3 incomplete, 1 unsafe
server: | Checking abstraction done, result: (AbstractorResult Unsafe)
server: | Refining abstraction...
server: |  |  Trace length: 320
server: |  |  Checking trace...done, result: (ExprTraceStatus Infeasible)
server: |  |  Pruning from index 315...done
server: Refining abstraction done, result: (RefinerResult Spurious)
server: ! Precision DID change in this iteration
server: Iteration took 20s to run! 
server: ExplPreictor: Predicted 805.197s, Real 814.042s 
server:               Weight 1.0010829276364148 -> 1.0010703881299663 
server: Iteration 110
server: | Checking abstraction...
server: |  |  PrecisionSize: 327
server: |  |  Starting ARG: 628 nodes, 1 incomplete, 0 unsafe
server: |  |  (StopCriterion FirstCex)...
server: |  |  Building ARG...
server: |  |  Finished ARG: 645 nodes, 3 incomplete, 1 unsafe
server: | Checking abstraction done, result: (AbstractorResult Unsafe)
server: | Refining abstraction...
server: |  |  Trace length: 323
server: |  |  Checking trace...done, result: (ExprTraceStatus Infeasible)
server: |  |  Pruning from index 318...done
server: Refining abstraction done, result: (RefinerResult Spurious)
server: ! Precision DID change in this iteration
server: Iteration took 29s to run! 
server: ExplPreictor: Predicted 825.988s, Real 843.722s 
server:               Weight 1.0010703881299663 -> 1.0010922856704334 
server: Iteration 111
server: | Checking abstraction...
server: |  |  PrecisionSize: 330
server: |  |  Starting ARG: 634 nodes, 1 incomplete, 0 unsafe
server: |  |  (StopCriterion FirstCex)...
server: |  |  Building ARG...
server: |  |  Finished ARG: 651 nodes, 3 incomplete, 1 unsafe
server: | Checking abstraction done, result: (AbstractorResult Unsafe)
server: | Refining abstraction...
server: |  |  Trace length: 326
server: |  |  Checking trace...done, result: (ExprTraceStatus Infeasible)
server: |  |  Pruning from index 321...done
server: Refining abstraction done, result: (RefinerResult Spurious)
server: ! Precision DID change in this iteration
server: Iteration took 20s to run! 
server: ExplPreictor: Predicted 856.392s, Real 864.555s 
server:               Weight 1.0010922856704334 -> 1.0010744610265254 
server: Iteration 112
server: | Checking abstraction...
server: |  |  PrecisionSize: 333
server: |  |  Starting ARG: 640 nodes, 1 incomplete, 0 unsafe
server: |  |  (StopCriterion FirstCex)...
server: |  |  Building ARG...
server: |  |  Finished ARG: 657 nodes, 3 incomplete, 1 unsafe
server: | Checking abstraction done, result: (AbstractorResult Unsafe)
server: | Refining abstraction...
server: |  |  Trace length: 329
server: |  |  Checking trace...done, result: (ExprTraceStatus Infeasible)
server: |  |  Pruning from index 324...done
server: Refining abstraction done, result: (RefinerResult Spurious)
server: ! Precision DID change in this iteration
server: Iteration took 19s to run! 
server: ExplPreictor: Predicted 877.347s, Real 884.437s 
server:               Weight 1.0010744610265254 -> 1.0010527009089907 
server: Iteration 113
server: | Checking abstraction...
server: |  |  PrecisionSize: 336
server: |  |  Starting ARG: 646 nodes, 1 incomplete, 0 unsafe
server: |  |  (StopCriterion FirstCex)...
server: |  |  Building ARG...
The process run out of time so it got destroied!
Backend finished (in 900400 ms)
ErrorCodeException(code=201)
	at hu.bme.mit.theta.xcfa.cli.checkers.InProcessChecker.check(InProcessChecker.kt:168)
	at hu.bme.mit.theta.xcfa.cli.ExecuteConfigKt$backend$result$1.invoke(ExecuteConfig.kt:338)
	at hu.bme.mit.theta.xcfa.cli.ExecuteConfigKt$backend$result$1.invoke(ExecuteConfig.kt:336)
	at hu.bme.mit.theta.xcfa.cli.params.ExitCodesKt.exitOnError(ExitCodes.kt:58)
	at hu.bme.mit.theta.xcfa.cli.ExecuteConfigKt.backend(ExecuteConfig.kt:336)
	at hu.bme.mit.theta.xcfa.cli.ExecuteConfigKt.backend$default(ExecuteConfig.kt:293)
	at hu.bme.mit.theta.xcfa.cli.ExecuteConfigKt.runConfig(ExecuteConfig.kt:125)
	at hu.bme.mit.theta.xcfa.cli.portfolio.SpecFromNamePortfolioKt.specFromNamePortfolio$checker(specFromNamePortfolio.kt:81)
	at hu.bme.mit.theta.xcfa.cli.portfolio.SpecFromNamePortfolioKt.access$specFromNamePortfolio$checker(specFromNamePortfolio.kt:1)
	at hu.bme.mit.theta.xcfa.cli.portfolio.SpecFromNamePortfolioKt$specFromNamePortfolio$configNodes$1$1.invoke(specFromNamePortfolio.kt:121)
	at hu.bme.mit.theta.xcfa.cli.portfolio.SpecFromNamePortfolioKt$specFromNamePortfolio$configNodes$1$1.invoke(specFromNamePortfolio.kt:121)
	at hu.bme.mit.theta.xcfa.cli.portfolio.ConfigNode.execute(stm.kt:74)
	at hu.bme.mit.theta.xcfa.cli.portfolio.STM.execute(stm.kt:159)
	at hu.bme.mit.theta.xcfa.cli.portfolio.STM.execute$default(stm.kt:154)
	at hu.bme.mit.theta.xcfa.cli.checkers.ConfigToPortfolioKt.getPortfolioChecker$lambda$0(ConfigToPortfolio.kt:136)
	at hu.bme.mit.theta.analysis.algorithm.SafetyChecker.check(SafetyChecker.java:27)
	at hu.bme.mit.theta.xcfa.cli.ExecuteConfigKt$backend$result$1.invoke(ExecuteConfig.kt:338)
	at hu.bme.mit.theta.xcfa.cli.ExecuteConfigKt$backend$result$1.invoke(ExecuteConfig.kt:336)
	at hu.bme.mit.theta.xcfa.cli.params.ExitCodesKt.exitOnError(ExitCodes.kt:58)
	at hu.bme.mit.theta.xcfa.cli.ExecuteConfigKt.backend(ExecuteConfig.kt:336)
	at hu.bme.mit.theta.xcfa.cli.ExecuteConfigKt.backend$default(ExecuteConfig.kt:293)
	at hu.bme.mit.theta.xcfa.cli.ExecuteConfigKt.runConfig(ExecuteConfig.kt:125)
	at hu.bme.mit.theta.xcfa.cli.ExecuteConfigKt.runConfig$default(ExecuteConfig.kt:99)
	at hu.bme.mit.theta.xcfa.cli.XcfaCli.run(XcfaCli.kt:127)
	at hu.bme.mit.theta.xcfa.cli.XcfaCli.access$run(XcfaCli.kt:37)
	at hu.bme.mit.theta.xcfa.cli.XcfaCli$Companion.main(XcfaCli.kt:137)
	at hu.bme.mit.theta.xcfa.cli.XcfaCli.main(XcfaCli.kt)
Caught exception: ErrorCodeException(code=201)
Handling exception as Anything
Current configuration: XcfaConfig(inputConfig=InputConfig(inputFile=null, catFile=null, parseCtx=null, xcfaWCtx=present, propertyFile=null, property=ERROR_LOCATION, partialResult=null, frontendConfig=FrontendConfig(lbeLevel=LBE_SEQ, staticCoi=false, loopUnroll=1000, forceUnroll=-1, enableFew=false, inputType=C, specConfig=CFrontendConfig(arithmetic=efficient, architecture=ILP32)), backendConfig=BackendConfig(backend=BOUNDED, solverHome=/home/benchexec/.theta, timeoutMs=900000, softTimeoutMs=900000, inProcess=true, parseInProcess=false, inPortfolio=true, memlimit=0, disablePartialResult=true, specConfig=BoundedConfig(maxBound=0, reversed=false, cegar=false, initPrec=EMPTY, bmcConfig=BMCConfig(disable=false, nonLfPath=false, bmcSolver=Z3, validateBMCSolver=false), indConfig=InductionConfig(disable=false, indSolver=Z3, validateIndSolver=false, indMinBound=0, indFreq=1), itpConfig=InterpolationConfig(disable=true, itpSolver=Z3, validateItpSolver=false))), outputConfig=OutputConfig(versionInfo=false, enableOutput=true, resultFolder=./output/PredCart(900, true, true) -> KInd()/KInd(), acceptUnreliableSafe=false, cOutputConfig=COutputConfig(disable=true, useArr=false, useExArr=false, useRange=false), xcfaOutputConfig=XcfaOutputConfig(disable=true), chcOutputConfig=ChcOutputConfig(disable=true), witnessConfig=WitnessConfig(disable=false, svcomp=true, concretizerSolver=Z3, validateConcretizerSolver=false, inputFileForWitness=null), partialResultOutputConfig=PartialResultOutputConfig(enable=false, tempFileLocation=null), argConfig=ArgConfig(disable=true)), debugConfig=DebugConfig(debug=false, stacktrace=false, logLevel=INFO, argdebug=false, argToFile=false))
PartialResultJson: /dev/shm/partialResult17412973642213132411.json
server: Registered Legacy-Z3 SolverManager
server: Registered Z3 SolverManager
server: Registered JavaSMT SolverManager
server: Registered SMT-LIB SolverManager
server: Successfully loaded LocationInvariants from /dev/shm/partialResult17412973642213132411.json
server: [33m[WARN] LocationInvariants are empty map. Returning null!
server: [0mStarting iteration 1
server: 	Starting BMC
server: 	Starting k-induction
server: Starting iteration 2
server: 	Starting BMC
server: 	Starting k-induction
server: Starting iteration 3
server: 	Starting BMC
server: 	Starting k-induction
server: Starting iteration 4
server: 	Starting BMC
server: 	Starting k-induction
server: Starting iteration 5
server: 	Starting BMC
server: 	Starting k-induction
server: Starting iteration 6
server: 	Starting BMC
server: 	Starting k-induction
server: Starting iteration 7
server: 	Starting BMC
server: 	Starting k-induction
server: Starting iteration 8
server: 	Starting BMC
server: 	Starting k-induction
server: Starting iteration 9
server: 	Starting BMC
server: 	Starting k-induction
server: Starting iteration 10
server: 	Starting BMC
server: 	Starting k-induction
server: Starting iteration 11
server: 	Starting BMC
server: 	Starting k-induction
server: Starting iteration 12
server: 	Starting BMC
server: 	Starting k-induction
server: Starting iteration 13
server: 	Starting BMC
server: 	Starting k-induction
server: Starting iteration 14
server: 	Starting BMC
server: 	Starting k-induction
server: Starting iteration 15
server: 	Starting BMC
server: 	Starting k-induction
server: Starting iteration 16
server: 	Starting BMC
server: 	Starting k-induction
server: Starting iteration 17
server: 	Starting BMC
server: 	Starting k-induction
server: Starting iteration 18
server: 	Starting BMC
server: 	Starting k-induction
