tools/baseline/theta-start.sh sv-benchmarks/c/loop-invgen/large_const.i --svcomp --portfolio 'PredCart(900, true, true) -> KInd()' --loglevel RESULT --output-directory ./output --property sv-benchmarks/c/properties/unreach-call.prp --architecture ILP32 --memlimit 15000000000


--------------------------------------------------------------------------------


LD_LIBRARY_PATH=/tmp/vcloud_worker_meres_on_bme-233008/run_dir_e25329a2-f1c8-46f1-8e50-23c58df12b0d/tools/baseline/lib /usr/lib/jvm/java-17-openjdk-amd64/bin/java -Xss120m -Xmx14210m -jar /tmp/vcloud_worker_meres_on_bme-233008/run_dir_e25329a2-f1c8-46f1-8e50-23c58df12b0d/tools/baseline/theta.jar --svcomp --portfolio PredCart(900, true, true) -> KInd() --loglevel RESULT --output-directory ./output --property sv-benchmarks/c/properties/unreach-call.prp --architecture ILP32 --memlimit 15000000000 --input sv-benchmarks/c/loop-invgen/large_const.i --smt-home /tmp/vcloud_worker_meres_on_bme-233008/run_dir_e25329a2-f1c8-46f1-8e50-23c58df12b0d/tools/baseline/solvers
Arithmetic: [ARR]
ParsingResult Success
Alias graph size: 0 -> []
PARTS: [PredCart(900, true, true), KInd()]
Current configuration: XcfaConfig(inputConfig=InputConfig(inputFile=null, catFile=null, parseCtx=null, xcfaWCtx=present, propertyFile=null, property=ERROR_LOCATION, partialResult=null, frontendConfig=FrontendConfig(lbeLevel=LBE_SEQ, staticCoi=false, loopUnroll=1000, forceUnroll=-1, enableFew=false, inputType=C, specConfig=CFrontendConfig(arithmetic=efficient, architecture=ILP32)), backendConfig=BackendConfig(backend=CEGAR, solverHome=/home/benchexec/.theta, timeoutMs=900000, softTimeoutMs=900000, inProcess=true, parseInProcess=false, inPortfolio=true, memlimit=0, disablePartialResult=false, specConfig=CegarConfig(initPrec=EMPTY, porLevel=NOPOR, porRandomSeed=0, coi=NO_COI, cexMonitor=CHECK, iterationTimeHeuristic=true, abstractorConfig=CegarAbstractorConfig(abstractionSolver=Z3, validateAbstractionSolver=false, domain=PRED_CART, maxEnum=2, search=ERR, havocMemory=false), refinerConfig=CegarRefinerConfig(refinementSolver=Z3, validateRefinementSolver=false, refinement=SEQ_ITP, exprSplitter=CONJUNCTS, pruneStrategy=LAZY))), outputConfig=OutputConfig(versionInfo=false, enableOutput=true, resultFolder=./output/PredCart(900, true, true) -> KInd()/PredCart(900, true, true), acceptUnreliableSafe=false, cOutputConfig=COutputConfig(disable=true, useArr=false, useExArr=false, useRange=false), xcfaOutputConfig=XcfaOutputConfig(disable=true), chcOutputConfig=ChcOutputConfig(disable=true), witnessConfig=WitnessConfig(disable=false, svcomp=true, concretizerSolver=Z3, validateConcretizerSolver=false, inputFileForWitness=null), partialResultOutputConfig=PartialResultOutputConfig(enable=false, tempFileLocation=null), argConfig=ArgConfig(disable=true)), debugConfig=DebugConfig(debug=false, stacktrace=false, logLevel=INFO, argdebug=false, argToFile=false))
PartialResultJson: /dev/shm/partialResult17543913237149599448.json
server: Registered Legacy-Z3 SolverManager
server: Registered Z3 SolverManager
server: Registered JavaSMT SolverManager
server: Registered SMT-LIB SolverManager
server: Successfully loaded LocationInvariants from /dev/shm/partialResult17543913237149599448.json
server: [33m[WARN] LocationInvariants are empty map. Returning null!
server: [0mConfiguration: (CegarChecker (XcfaArgAbstractor (PriorityWaitlist XcfaDistToErrComparator)) (XcfaSingleExprTraceRefiner ExprTraceSeqItpChecker XcfaPrecRefiner))
server: TimeoutMs In Cegar:900000
server: Iteration 1
server: | Checking abstraction...
server: |  |  PrecisionSize: 0
server: |  |  (Re)initializing ARG...done
server: |  |  Starting ARG: 1 nodes, 1 incomplete, 0 unsafe
server: |  |  (StopCriterion FirstCex)...
server: |  |  Building ARG...
server: |  |  Finished ARG: 11 nodes, 5 incomplete, 1 unsafe
server: | Checking abstraction done, result: (AbstractorResult Unsafe)
server: | Refining abstraction...
server: |  |  Trace length: 6
server: |  |  Checking trace...done, result: (ExprTraceStatus Infeasible)
server: |  |  Pruning from index 3...done
server: Refining abstraction done, result: (RefinerResult Spurious)
server: ! Precision DID change in this iteration
server: Iteration took 0s to run! 
server: ExplPreictor: Predicted 0.200s, Real 0.318s 
server:               Weight 1.7 -> 1.0875457158355564 
server: Iteration 2
server: | Checking abstraction...
server: |  |  PrecisionSize: 3
server: |  |  Starting ARG: 4 nodes, 2 incomplete, 0 unsafe
server: |  |  (StopCriterion FirstCex)...
server: |  |  Building ARG...
server: |  |  Finished ARG: 19 nodes, 7 incomplete, 1 unsafe
server: | Checking abstraction done, result: (AbstractorResult Unsafe)
server: | Refining abstraction...
server: |  |  Trace length: 9
server: |  |  Checking trace...done, result: (ExprTraceStatus Infeasible)
server: |  |  Pruning from index 2...done
server: Refining abstraction done, result: (RefinerResult Spurious)
server: ! Precision DID change in this iteration
server: Iteration took 0s to run! 
server: ExplPreictor: Predicted 0.527s, Real 0.493s 
server:               Weight 1.0875457158355564 -> 1.0293854458526959 
server: Iteration 3
server: | Checking abstraction...
server: |  |  PrecisionSize: 7
server: |  |  Starting ARG: 2 nodes, 1 incomplete, 0 unsafe
server: |  |  (StopCriterion FirstCex)...
server: |  |  Building ARG...
server: |  |  Finished ARG: 23 nodes, 8 incomplete, 1 unsafe
server: | Checking abstraction done, result: (AbstractorResult Unsafe)
server: | Refining abstraction...
server: |  |  Trace length: 11
server: |  |  Checking trace...done, result: (ExprTraceStatus Infeasible)
server: |  |  Pruning from index 2...done
server: Refining abstraction done, result: (RefinerResult Spurious)
server: ! Precision DID change in this iteration
server: Iteration took 0s to run! 
server: ExplPreictor: Predicted 0.592s, Real 0.794s 
server:               Weight 1.0293854458526959 -> 1.0359212113394214 
server: Iteration 4
server: | Checking abstraction...
server: |  |  PrecisionSize: 10
server: |  |  Starting ARG: 2 nodes, 1 incomplete, 0 unsafe
server: |  |  (StopCriterion FirstCex)...
server: |  |  Building ARG...
server: |  |  Finished ARG: 31 nodes, 10 incomplete, 1 unsafe
server: | Checking abstraction done, result: (AbstractorResult Unsafe)
server: | Refining abstraction...
server: |  |  Trace length: 15
server: |  |  Checking trace...done, result: (ExprTraceStatus Infeasible)
server: |  |  Pruning from index 2...done
server: Refining abstraction done, result: (RefinerResult Spurious)
server: ! Precision DID change in this iteration
server: Iteration took 0s to run! 
server: ExplPreictor: Predicted 1.009s, Real 1.058s 
server:               Weight 1.0359212113394214 -> 1.0265138465096626 
server: Iteration 5
server: | Checking abstraction...
server: |  |  PrecisionSize: 14
server: |  |  Starting ARG: 2 nodes, 1 incomplete, 0 unsafe
server: |  |  (StopCriterion FirstCex)...
server: |  |  Building ARG...
server: |  |  Finished ARG: 39 nodes, 12 incomplete, 1 unsafe
server: | Checking abstraction done, result: (AbstractorResult Unsafe)
server: | Refining abstraction...
server: |  |  Trace length: 19
server: |  |  Checking trace...done, result: (ExprTraceStatus Infeasible)
server: |  |  Pruning from index 13...done
server: Refining abstraction done, result: (RefinerResult Spurious)
server: ! Precision DID change in this iteration
server: Iteration took 0s to run! 
server: ExplPreictor: Predicted 1.273s, Real 1.498s 
server:               Weight 1.0265138465096626 -> 1.0255354510621852 
server: Iteration 6
server: | Checking abstraction...
server: |  |  PrecisionSize: 17
server: |  |  Starting ARG: 26 nodes, 8 incomplete, 0 unsafe
server: |  |  (StopCriterion FirstCex)...
server: |  |  Building ARG...
server: |  |  Finished ARG: 47 nodes, 14 incomplete, 1 unsafe
server: | Checking abstraction done, result: (AbstractorResult Unsafe)
server: | Refining abstraction...
server: |  |  Trace length: 23
server: |  |  Checking trace...done, result: (ExprTraceStatus Infeasible)
server: |  |  Pruning from index 17...done
server: Refining abstraction done, result: (RefinerResult Spurious)
server: ! Precision DID change in this iteration
server: Iteration took 0s to run! 
server: ExplPreictor: Predicted 1.806s, Real 1.810s 
server:               Weight 1.0255354510621852 -> 1.0196712003235557 
server: Iteration 7
server: | Checking abstraction...
server: |  |  PrecisionSize: 20
server: |  |  Starting ARG: 34 nodes, 10 incomplete, 0 unsafe
server: |  |  (StopCriterion FirstCex)...
server: |  |  Building ARG...
server: |  |  Finished ARG: 55 nodes, 16 incomplete, 1 unsafe
server: | Checking abstraction done, result: (AbstractorResult Unsafe)
server: | Refining abstraction...
server: |  |  Trace length: 27
server: |  |  Checking trace...done, result: (ExprTraceStatus Infeasible)
server: |  |  Pruning from index 21...done
server: Refining abstraction done, result: (RefinerResult Spurious)
server: ! Precision DID change in this iteration
server: Iteration took 0s to run! 
server: ExplPreictor: Predicted 2.098s, Real 2.135s 
server:               Weight 1.0196712003235557 -> 1.0161727972481949 
server: Iteration 8
server: | Checking abstraction...
server: |  |  PrecisionSize: 23
server: |  |  Starting ARG: 42 nodes, 12 incomplete, 0 unsafe
server: |  |  (StopCriterion FirstCex)...
server: |  |  Building ARG...
server: |  |  Finished ARG: 63 nodes, 18 incomplete, 1 unsafe
server: | Checking abstraction done, result: (AbstractorResult Unsafe)
server: | Refining abstraction...
server: |  |  Trace length: 31
server: |  |  Checking trace...done, result: (ExprTraceStatus Infeasible)
server: |  |  Pruning from index 25...done
server: Refining abstraction done, result: (RefinerResult Spurious)
server: ! Precision DID change in this iteration
server: Iteration took 0s to run! 
server: ExplPreictor: Predicted 2.417s, Real 2.410s 
server:               Weight 1.0161727972481949 -> 1.0132176456575859 
server: Iteration 9
server: | Checking abstraction...
server: |  |  PrecisionSize: 26
server: |  |  Starting ARG: 50 nodes, 14 incomplete, 0 unsafe
server: |  |  (StopCriterion FirstCex)...
server: |  |  Building ARG...
server: |  |  Finished ARG: 71 nodes, 20 incomplete, 1 unsafe
server: | Checking abstraction done, result: (AbstractorResult Unsafe)
server: | Refining abstraction...
server: |  |  Trace length: 35
server: |  |  Checking trace...done, result: (ExprTraceStatus Infeasible)
server: |  |  Pruning from index 29...done
server: Refining abstraction done, result: (RefinerResult Spurious)
server: ! Precision DID change in this iteration
server: Iteration took 0s to run! 
server: ExplPreictor: Predicted 2.671s, Real 2.727s 
server:               Weight 1.0132176456575859 -> 1.0115176900653646 
server: Iteration 10
server: | Checking abstraction...
server: |  |  PrecisionSize: 29
server: |  |  Starting ARG: 58 nodes, 16 incomplete, 0 unsafe
server: |  |  (StopCriterion FirstCex)...
server: |  |  Building ARG...
server: |  |  Finished ARG: 79 nodes, 22 incomplete, 1 unsafe
server: | Checking abstraction done, result: (AbstractorResult Unsafe)
server: | Refining abstraction...
server: |  |  Trace length: 39
server: |  |  Checking trace...done, result: (ExprTraceStatus Infeasible)
server: |  |  Pruning from index 33...done
server: Refining abstraction done, result: (RefinerResult Spurious)
server: ! Precision DID change in this iteration
server: Iteration took 0s to run! 
server: ExplPreictor: Predicted 2.987s, Real 3.043s 
server:               Weight 1.0115176900653646 -> 1.0101684717604988 
server: Iteration 11
server: | Checking abstraction...
server: |  |  PrecisionSize: 32
server: |  |  Starting ARG: 66 nodes, 18 incomplete, 0 unsafe
server: |  |  (StopCriterion FirstCex)...
server: |  |  Building ARG...
server: |  |  Finished ARG: 87 nodes, 24 incomplete, 1 unsafe
server: | Checking abstraction done, result: (AbstractorResult Unsafe)
server: | Refining abstraction...
server: |  |  Trace length: 43
server: |  |  Checking trace...done, result: (ExprTraceStatus Infeasible)
server: |  |  Pruning from index 37...done
server: Refining abstraction done, result: (RefinerResult Spurious)
server: ! Precision DID change in this iteration
server: Iteration took 0s to run! 
server: ExplPreictor: Predicted 3.302s, Real 3.385s 
server:               Weight 1.0101684717604988 -> 1.0092088626688132 
server: Iteration 12
server: | Checking abstraction...
server: |  |  PrecisionSize: 35
server: |  |  Starting ARG: 74 nodes, 20 incomplete, 0 unsafe
server: |  |  (StopCriterion FirstCex)...
server: |  |  Building ARG...
server: |  |  Finished ARG: 95 nodes, 26 incomplete, 1 unsafe
server: | Checking abstraction done, result: (AbstractorResult Unsafe)
server: | Refining abstraction...
server: |  |  Trace length: 47
server: |  |  Checking trace...done, result: (ExprTraceStatus Infeasible)
server: |  |  Pruning from index 41...done
server: Refining abstraction done, result: (RefinerResult Spurious)
server: ! Precision DID change in this iteration
server: Iteration took 0s to run! 
server: ExplPreictor: Predicted 3.648s, Real 3.746s 
server:               Weight 1.0092088626688132 -> 1.0084539771048606 
server: Iteration 13
server: | Checking abstraction...
server: |  |  PrecisionSize: 38
server: |  |  Starting ARG: 82 nodes, 22 incomplete, 0 unsafe
server: |  |  (StopCriterion FirstCex)...
server: |  |  Building ARG...
server: |  |  Finished ARG: 103 nodes, 28 incomplete, 1 unsafe
server: | Checking abstraction done, result: (AbstractorResult Unsafe)
server: | Refining abstraction...
server: |  |  Trace length: 51
server: |  |  Checking trace...done, result: (ExprTraceStatus Infeasible)
server: |  |  Pruning from index 45...done
server: Refining abstraction done, result: (RefinerResult Spurious)
server: ! Precision DID change in this iteration
server: Iteration took 0s to run! 
server: ExplPreictor: Predicted 4.016s, Real 4.141s 
server:               Weight 1.0084539771048606 -> 1.0078896817147251 
server: Iteration 14
server: | Checking abstraction...
server: |  |  PrecisionSize: 41
server: |  |  Starting ARG: 90 nodes, 24 incomplete, 0 unsafe
server: |  |  (StopCriterion FirstCex)...
server: |  |  Building ARG...
server: |  |  Finished ARG: 111 nodes, 30 incomplete, 1 unsafe
server: | Checking abstraction done, result: (AbstractorResult Unsafe)
server: | Refining abstraction...
server: |  |  Trace length: 55
server: |  |  Checking trace...done, result: (ExprTraceStatus Infeasible)
server: |  |  Pruning from index 49...done
server: Refining abstraction done, result: (RefinerResult Spurious)
server: ! Precision DID change in this iteration
server: Iteration took 0s to run! 
server: ExplPreictor: Predicted 4.422s, Real 4.521s 
server:               Weight 1.0078896817147251 -> 1.0072992341277789 
server: Iteration 15
server: | Checking abstraction...
server: |  |  PrecisionSize: 44
server: |  |  Starting ARG: 98 nodes, 26 incomplete, 0 unsafe
server: |  |  (StopCriterion FirstCex)...
server: |  |  Building ARG...
server: |  |  Finished ARG: 119 nodes, 32 incomplete, 1 unsafe
server: | Checking abstraction done, result: (AbstractorResult Unsafe)
server: | Refining abstraction...
server: |  |  Trace length: 59
server: |  |  Checking trace...done, result: (ExprTraceStatus Infeasible)
server: |  |  Pruning from index 53...done
server: Refining abstraction done, result: (RefinerResult Spurious)
server: ! Precision DID change in this iteration
server: Iteration took 0s to run! 
server: ExplPreictor: Predicted 4.807s, Real 4.929s 
server:               Weight 1.0072992341277789 -> 1.0068351718421336 
server: Iteration 16
server: | Checking abstraction...
server: |  |  PrecisionSize: 47
server: |  |  Starting ARG: 106 nodes, 28 incomplete, 0 unsafe
server: |  |  (StopCriterion FirstCex)...
server: |  |  Building ARG...
server: |  |  Finished ARG: 127 nodes, 34 incomplete, 1 unsafe
server: | Checking abstraction done, result: (AbstractorResult Unsafe)
server: | Refining abstraction...
server: |  |  Trace length: 63
server: |  |  Checking trace...done, result: (ExprTraceStatus Infeasible)
server: |  |  Pruning from index 57...done
server: Refining abstraction done, result: (RefinerResult Spurious)
server: ! Precision DID change in this iteration
server: Iteration took 0s to run! 
server: ExplPreictor: Predicted 5.224s, Real 5.380s 
server:               Weight 1.0068351718421336 -> 1.0064897009601008 
server: Iteration 17
server: | Checking abstraction...
server: |  |  PrecisionSize: 50
server: |  |  Starting ARG: 114 nodes, 30 incomplete, 0 unsafe
server: |  |  (StopCriterion FirstCex)...
server: |  |  Building ARG...
server: |  |  Finished ARG: 135 nodes, 36 incomplete, 1 unsafe
server: | Checking abstraction done, result: (AbstractorResult Unsafe)
server: | Refining abstraction...
server: |  |  Trace length: 67
server: |  |  Checking trace...done, result: (ExprTraceStatus Infeasible)
server: |  |  Pruning from index 61...done
server: Refining abstraction done, result: (RefinerResult Spurious)
server: ! Precision DID change in this iteration
server: Iteration took 0s to run! 
server: ExplPreictor: Predicted 5.688s, Real 5.824s 
server:               Weight 1.0064897009601008 -> 1.0061224561568487 
server: Iteration 18
server: | Checking abstraction...
server: |  |  PrecisionSize: 53
server: |  |  Starting ARG: 122 nodes, 32 incomplete, 0 unsafe
server: |  |  (StopCriterion FirstCex)...
server: |  |  Building ARG...
server: |  |  Finished ARG: 143 nodes, 38 incomplete, 1 unsafe
server: | Checking abstraction done, result: (AbstractorResult Unsafe)
server: | Refining abstraction...
server: |  |  Trace length: 71
server: |  |  Checking trace...done, result: (ExprTraceStatus Infeasible)
server: |  |  Pruning from index 65...done
server: Refining abstraction done, result: (RefinerResult Spurious)
server: ! Precision DID change in this iteration
server: Iteration took 0s to run! 
server: ExplPreictor: Predicted 6.141s, Real 6.265s 
server:               Weight 1.0061224561568487 -> 1.00576266703034 
server: Iteration 19
server: | Checking abstraction...
server: |  |  PrecisionSize: 56
server: |  |  Starting ARG: 130 nodes, 34 incomplete, 0 unsafe
server: |  |  (StopCriterion FirstCex)...
server: |  |  Building ARG...
server: |  |  Finished ARG: 151 nodes, 40 incomplete, 1 unsafe
server: | Checking abstraction done, result: (AbstractorResult Unsafe)
server: | Refining abstraction...
server: |  |  Trace length: 75
server: |  |  Checking trace...done, result: (ExprTraceStatus Infeasible)
server: |  |  Pruning from index 69...done
server: Refining abstraction done, result: (RefinerResult Spurious)
server: ! Precision DID change in this iteration
server: Iteration took 0s to run! 
server: ExplPreictor: Predicted 6.589s, Real 6.591s 
server:               Weight 1.00576266703034 -> 1.0052462207736397 
server: Iteration 20
server: | Checking abstraction...
server: |  |  PrecisionSize: 59
server: |  |  Starting ARG: 138 nodes, 36 incomplete, 0 unsafe
server: |  |  (StopCriterion FirstCex)...
server: |  |  Building ARG...
server: |  |  Finished ARG: 159 nodes, 42 incomplete, 1 unsafe
server: | Checking abstraction done, result: (AbstractorResult Unsafe)
server: | Refining abstraction...
server: |  |  Trace length: 79
server: |  |  Checking trace...done, result: (ExprTraceStatus Infeasible)
server: |  |  Pruning from index 73...done
server: Refining abstraction done, result: (RefinerResult Spurious)
server: ! Precision DID change in this iteration
server: Iteration took 0s to run! 
server: ExplPreictor: Predicted 6.902s, Real 6.935s 
server:               Weight 1.0052462207736397 -> 1.0048376659808784 
server: Iteration 21
server: | Checking abstraction...
server: |  |  PrecisionSize: 62
server: |  |  Starting ARG: 146 nodes, 38 incomplete, 0 unsafe
server: |  |  (StopCriterion FirstCex)...
server: |  |  Building ARG...
server: |  |  Finished ARG: 167 nodes, 44 incomplete, 1 unsafe
server: | Checking abstraction done, result: (AbstractorResult Unsafe)
server: | Refining abstraction...
server: |  |  Trace length: 83
server: |  |  Checking trace...done, result: (ExprTraceStatus Infeasible)
server: |  |  Pruning from index 77...done
server: Refining abstraction done, result: (RefinerResult Spurious)
server: ! Precision DID change in this iteration
server: Iteration took 0s to run! 
server: ExplPreictor: Predicted 7.238s, Real 7.369s 
server:               Weight 1.0048376659808784 -> 1.0046014963696905 
server: Iteration 22
server: | Checking abstraction...
server: |  |  PrecisionSize: 65
server: |  |  Starting ARG: 154 nodes, 40 incomplete, 0 unsafe
server: |  |  (StopCriterion FirstCex)...
server: |  |  Building ARG...
server: |  |  Finished ARG: 175 nodes, 46 incomplete, 1 unsafe
server: | Checking abstraction done, result: (AbstractorResult Unsafe)
server: | Refining abstraction...
server: |  |  Trace length: 87
server: |  |  Checking trace...done, result: (ExprTraceStatus Infeasible)
server: |  |  Pruning from index 81...done
server: Refining abstraction done, result: (RefinerResult Spurious)
server: ! Precision DID change in this iteration
server: Iteration took 0s to run! 
server: ExplPreictor: Predicted 7.677s, Real 7.744s 
server:               Weight 1.0046014963696905 -> 1.0043065670463818 
server: Iteration 23
server: | Checking abstraction...
server: |  |  PrecisionSize: 68
server: |  |  Starting ARG: 162 nodes, 42 incomplete, 0 unsafe
server: |  |  (StopCriterion FirstCex)...
server: |  |  Building ARG...
server: |  |  Finished ARG: 183 nodes, 48 incomplete, 1 unsafe
server: | Checking abstraction done, result: (AbstractorResult Unsafe)
server: | Refining abstraction...
server: |  |  Trace length: 91
server: |  |  Checking trace...done, result: (ExprTraceStatus Infeasible)
server: |  |  Pruning from index 85...done
server: Refining abstraction done, result: (RefinerResult Spurious)
server: ! Precision DID change in this iteration
server: Iteration took 0s to run! 
server: ExplPreictor: Predicted 8.048s, Real 8.157s 
server:               Weight 1.0043065670463818 -> 1.0040847954444259 
server: Iteration 24
server: | Checking abstraction...
server: |  |  PrecisionSize: 71
server: |  |  Starting ARG: 170 nodes, 44 incomplete, 0 unsafe
server: |  |  (StopCriterion FirstCex)...
server: |  |  Building ARG...
server: |  |  Finished ARG: 191 nodes, 50 incomplete, 1 unsafe
server: | Checking abstraction done, result: (AbstractorResult Unsafe)
server: | Refining abstraction...
server: |  |  Trace length: 95
server: |  |  Checking trace...done, result: (ExprTraceStatus Infeasible)
server: |  |  Pruning from index 89...done
server: Refining abstraction done, result: (RefinerResult Spurious)
server: ! Precision DID change in this iteration
server: Iteration took 0s to run! 
server: ExplPreictor: Predicted 8.463s, Real 8.562s 
server:               Weight 1.0040847954444259 -> 1.0038708093269915 
server: Iteration 25
server: | Checking abstraction...
server: |  |  PrecisionSize: 74
server: |  |  Starting ARG: 178 nodes, 46 incomplete, 0 unsafe
server: |  |  (StopCriterion FirstCex)...
server: |  |  Building ARG...
server: |  |  Finished ARG: 199 nodes, 52 incomplete, 1 unsafe
server: | Checking abstraction done, result: (AbstractorResult Unsafe)
server: | Refining abstraction...
server: |  |  Trace length: 99
server: |  |  Checking trace...done, result: (ExprTraceStatus Infeasible)
server: |  |  Pruning from index 93...done
server: Refining abstraction done, result: (RefinerResult Spurious)
server: ! Precision DID change in this iteration
server: Iteration took 0s to run! 
server: ExplPreictor: Predicted 8.867s, Real 9.001s 
server:               Weight 1.0038708093269915 -> 1.0037048014545962 
server: Iteration 26
server: | Checking abstraction...
server: |  |  PrecisionSize: 77
server: |  |  Starting ARG: 186 nodes, 48 incomplete, 0 unsafe
server: |  |  (StopCriterion FirstCex)...
server: |  |  Building ARG...
server: |  |  Finished ARG: 207 nodes, 54 incomplete, 1 unsafe
server: | Checking abstraction done, result: (AbstractorResult Unsafe)
server: | Refining abstraction...
server: |  |  Trace length: 103
server: |  |  Checking trace...done, result: (ExprTraceStatus Infeasible)
server: |  |  Pruning from index 97...done
server: Refining abstraction done, result: (RefinerResult Spurious)
server: ! Precision DID change in this iteration
server: Iteration took 0s to run! 
server: ExplPreictor: Predicted 9.310s, Real 9.436s 
server:               Weight 1.0037048014545962 -> 1.0035423423932268 
server: Iteration 27
server: | Checking abstraction...
server: |  |  PrecisionSize: 80
server: |  |  Starting ARG: 194 nodes, 50 incomplete, 0 unsafe
server: |  |  (StopCriterion FirstCex)...
server: |  |  Building ARG...
server: |  |  Finished ARG: 215 nodes, 56 incomplete, 1 unsafe
server: | Checking abstraction done, result: (AbstractorResult Unsafe)
server: | Refining abstraction...
server: |  |  Trace length: 107
server: |  |  Checking trace...done, result: (ExprTraceStatus Infeasible)
server: |  |  Pruning from index 101...done
server: Refining abstraction done, result: (RefinerResult Spurious)
server: ! Precision DID change in this iteration
server: Iteration took 0s to run! 
server: ExplPreictor: Predicted 9.747s, Real 9.905s 
server:               Weight 1.0035423423932268 -> 1.0034149264599326 
server: Iteration 28
server: | Checking abstraction...
server: |  |  PrecisionSize: 83
server: |  |  Starting ARG: 202 nodes, 52 incomplete, 0 unsafe
server: |  |  (StopCriterion FirstCex)...
server: |  |  Building ARG...
server: |  |  Finished ARG: 223 nodes, 58 incomplete, 1 unsafe
server: | Checking abstraction done, result: (AbstractorResult Unsafe)
server: | Refining abstraction...
server: |  |  Trace length: 111
server: |  |  Checking trace...done, result: (ExprTraceStatus Infeasible)
server: |  |  Pruning from index 105...done
server: Refining abstraction done, result: (RefinerResult Spurious)
server: ! Precision DID change in this iteration
server: Iteration took 0s to run! 
server: ExplPreictor: Predicted 10.221s, Real 10.373s 
server:               Weight 1.0034149264599326 -> 1.0032883010424245 
server: Iteration 29
server: | Checking abstraction...
server: |  |  PrecisionSize: 86
server: |  |  Starting ARG: 210 nodes, 54 incomplete, 0 unsafe
server: |  |  (StopCriterion FirstCex)...
server: |  |  Building ARG...
server: |  |  Finished ARG: 231 nodes, 60 incomplete, 1 unsafe
server: | Checking abstraction done, result: (AbstractorResult Unsafe)
server: | Refining abstraction...
server: |  |  Trace length: 115
server: |  |  Checking trace...done, result: (ExprTraceStatus Infeasible)
server: |  |  Pruning from index 109...done
server: Refining abstraction done, result: (RefinerResult Spurious)
server: ! Precision DID change in this iteration
server: Iteration took 0s to run! 
server: ExplPreictor: Predicted 10.693s, Real 10.927s 
server:               Weight 1.0032883010424245 -> 1.0032229268580846 
server: Iteration 30
server: | Checking abstraction...
server: |  |  PrecisionSize: 89
server: |  |  Starting ARG: 218 nodes, 56 incomplete, 0 unsafe
server: |  |  (StopCriterion FirstCex)...
server: |  |  Building ARG...
server: |  |  Finished ARG: 239 nodes, 62 incomplete, 1 unsafe
server: | Checking abstraction done, result: (AbstractorResult Unsafe)
server: | Refining abstraction...
server: |  |  Trace length: 119
server: |  |  Checking trace...done, result: (ExprTraceStatus Infeasible)
server: |  |  Pruning from index 113...done
server: Refining abstraction done, result: (RefinerResult Spurious)
server: ! Precision DID change in this iteration
server: Iteration took 0s to run! 
server: ExplPreictor: Predicted 11.259s, Real 11.432s 
server:               Weight 1.0032229268580846 -> 1.0031160832030785 
server: Iteration 31
server: | Checking abstraction...
server: |  |  PrecisionSize: 92
server: |  |  Starting ARG: 226 nodes, 58 incomplete, 0 unsafe
server: |  |  (StopCriterion FirstCex)...
server: |  |  Building ARG...
server: |  |  Finished ARG: 247 nodes, 64 incomplete, 1 unsafe
server: | Checking abstraction done, result: (AbstractorResult Unsafe)
server: | Refining abstraction...
server: |  |  Trace length: 123
server: |  |  Checking trace...done, result: (ExprTraceStatus Infeasible)
server: |  |  Pruning from index 117...done
server: Refining abstraction done, result: (RefinerResult Spurious)
server: ! Precision DID change in this iteration
server: Iteration took 0s to run! 
server: ExplPreictor: Predicted 11.770s, Real 11.979s 
server:               Weight 1.0031160832030785 -> 1.003034621568789 
server: Iteration 32
server: | Checking abstraction...
server: |  |  PrecisionSize: 95
server: |  |  Starting ARG: 234 nodes, 60 incomplete, 0 unsafe
server: |  |  (StopCriterion FirstCex)...
server: |  |  Building ARG...
server: |  |  Finished ARG: 255 nodes, 66 incomplete, 1 unsafe
server: | Checking abstraction done, result: (AbstractorResult Unsafe)
server: | Refining abstraction...
server: |  |  Trace length: 127
server: |  |  Checking trace...done, result: (ExprTraceStatus Infeasible)
server: |  |  Pruning from index 121...done
server: Refining abstraction done, result: (RefinerResult Spurious)
server: ! Precision DID change in this iteration
server: Iteration took 0s to run! 
server: ExplPreictor: Predicted 12.325s, Real 12.522s 
server:               Weight 1.003034621568789 -> 1.0029468669763477 
server: Iteration 33
server: | Checking abstraction...
server: |  |  PrecisionSize: 98
server: |  |  Starting ARG: 242 nodes, 62 incomplete, 0 unsafe
server: |  |  (StopCriterion FirstCex)...
server: |  |  Building ARG...
server: |  |  Finished ARG: 263 nodes, 68 incomplete, 1 unsafe
server: | Checking abstraction done, result: (AbstractorResult Unsafe)
server: | Refining abstraction...
server: |  |  Trace length: 131
server: |  |  Checking trace...done, result: (ExprTraceStatus Infeasible)
server: |  |  Pruning from index 125...done
server: Refining abstraction done, result: (RefinerResult Spurious)
server: ! Precision DID change in this iteration
server: Iteration took 0s to run! 
server: ExplPreictor: Predicted 12.875s, Real 13.116s 
server:               Weight 1.0029468669763477 -> 1.0028838538235165 
server: Iteration 34
server: | Checking abstraction...
server: |  |  PrecisionSize: 101
server: |  |  Starting ARG: 250 nodes, 64 incomplete, 0 unsafe
server: |  |  (StopCriterion FirstCex)...
server: |  |  Building ARG...
server: |  |  Finished ARG: 271 nodes, 70 incomplete, 1 unsafe
server: | Checking abstraction done, result: (AbstractorResult Unsafe)
server: | Refining abstraction...
server: |  |  Trace length: 135
server: |  |  Checking trace...done, result: (ExprTraceStatus Infeasible)
server: |  |  Pruning from index 129...done
server: Refining abstraction done, result: (RefinerResult Spurious)
server: ! Precision DID change in this iteration
server: Iteration took 0s to run! 
server: ExplPreictor: Predicted 13.480s, Real 13.692s 
server:               Weight 1.0028838538235165 -> 1.0028058931785209 
server: Iteration 35
server: | Checking abstraction...
server: |  |  PrecisionSize: 104
server: |  |  Starting ARG: 258 nodes, 66 incomplete, 0 unsafe
server: |  |  (StopCriterion FirstCex)...
server: |  |  Building ARG...
server: |  |  Finished ARG: 279 nodes, 72 incomplete, 1 unsafe
server: | Checking abstraction done, result: (AbstractorResult Unsafe)
server: | Refining abstraction...
server: |  |  Trace length: 139
server: |  |  Checking trace...done, result: (ExprTraceStatus Infeasible)
server: |  |  Pruning from index 133...done
server: Refining abstraction done, result: (RefinerResult Spurious)
server: ! Precision DID change in this iteration
server: Iteration took 0s to run! 
server: ExplPreictor: Predicted 14.063s, Real 14.307s 
server:               Weight 1.0028058931785209 -> 1.0027436568871926 
server: Iteration 36
server: | Checking abstraction...
server: |  |  PrecisionSize: 107
server: |  |  Starting ARG: 266 nodes, 68 incomplete, 0 unsafe
server: |  |  (StopCriterion FirstCex)...
server: |  |  Building ARG...
server: |  |  Finished ARG: 287 nodes, 74 incomplete, 1 unsafe
server: | Checking abstraction done, result: (AbstractorResult Unsafe)
server: | Refining abstraction...
server: |  |  Trace length: 143
server: |  |  Checking trace...done, result: (ExprTraceStatus Infeasible)
server: |  |  Pruning from index 137...done
server: Refining abstraction done, result: (RefinerResult Spurious)
server: ! Precision DID change in this iteration
server: Iteration took 0s to run! 
server: ExplPreictor: Predicted 14.688s, Real 14.919s 
server:               Weight 1.0027436568871926 -> 1.0026754822723432 
server: Iteration 37
server: | Checking abstraction...
server: |  |  PrecisionSize: 110
server: |  |  Starting ARG: 274 nodes, 70 incomplete, 0 unsafe
server: |  |  (StopCriterion FirstCex)...
server: |  |  Building ARG...
server: |  |  Finished ARG: 295 nodes, 76 incomplete, 1 unsafe
server: | Checking abstraction done, result: (AbstractorResult Unsafe)
server: | Refining abstraction...
server: |  |  Trace length: 147
server: |  |  Checking trace...done, result: (ExprTraceStatus Infeasible)
server: |  |  Pruning from index 141...done
server: Refining abstraction done, result: (RefinerResult Spurious)
server: ! Precision DID change in this iteration
server: Iteration took 0s to run! 
server: ExplPreictor: Predicted 15.308s, Real 15.597s 
server:               Weight 1.0026754822723432 -> 1.0026312865772884 
server: Iteration 38
server: | Checking abstraction...
server: |  |  PrecisionSize: 113
server: |  |  Starting ARG: 282 nodes, 72 incomplete, 0 unsafe
server: |  |  (StopCriterion FirstCex)...
server: |  |  Building ARG...
server: |  |  Finished ARG: 303 nodes, 78 incomplete, 1 unsafe
server: | Checking abstraction done, result: (AbstractorResult Unsafe)
server: | Refining abstraction...
server: |  |  Trace length: 151
server: |  |  Checking trace...done, result: (ExprTraceStatus Infeasible)
server: |  |  Pruning from index 145...done
server: Refining abstraction done, result: (RefinerResult Spurious)
server: ! Precision DID change in this iteration
server: Iteration took 0s to run! 
server: ExplPreictor: Predicted 15.998s, Real 16.268s 
server:               Weight 1.0026312865772884 -> 1.0025772893949763 
server: Iteration 39
server: | Checking abstraction...
server: |  |  PrecisionSize: 116
server: |  |  Starting ARG: 290 nodes, 74 incomplete, 0 unsafe
server: |  |  (StopCriterion FirstCex)...
server: |  |  Building ARG...
server: |  |  Finished ARG: 311 nodes, 80 incomplete, 1 unsafe
server: | Checking abstraction done, result: (AbstractorResult Unsafe)
server: | Refining abstraction...
server: |  |  Trace length: 155
server: |  |  Checking trace...done, result: (ExprTraceStatus Infeasible)
server: |  |  Pruning from index 149...done
server: Refining abstraction done, result: (RefinerResult Spurious)
server: ! Precision DID change in this iteration
server: Iteration took 0s to run! 
server: ExplPreictor: Predicted 16.680s, Real 16.951s 
server:               Weight 1.0025772893949763 -> 1.002523123050539 
server: Iteration 40
server: | Checking abstraction...
server: |  |  PrecisionSize: 119
server: |  |  Starting ARG: 298 nodes, 76 incomplete, 0 unsafe
server: |  |  (StopCriterion FirstCex)...
server: |  |  Building ARG...
server: |  |  Finished ARG: 319 nodes, 82 incomplete, 1 unsafe
server: | Checking abstraction done, result: (AbstractorResult Unsafe)
server: | Refining abstraction...
server: |  |  Trace length: 159
server: |  |  Checking trace...done, result: (ExprTraceStatus Infeasible)
server: |  |  Pruning from index 153...done
server: Refining abstraction done, result: (RefinerResult Spurious)
server: ! Precision DID change in this iteration
server: Iteration took 0s to run! 
server: ExplPreictor: Predicted 17.373s, Real 17.673s 
server:               Weight 1.002523123050539 -> 1.0024783218121722 
server: Iteration 41
server: | Checking abstraction...
server: |  |  PrecisionSize: 122
server: |  |  Starting ARG: 306 nodes, 78 incomplete, 0 unsafe
server: |  |  (StopCriterion FirstCex)...
server: |  |  Building ARG...
server: |  |  Finished ARG: 327 nodes, 84 incomplete, 1 unsafe
server: | Checking abstraction done, result: (AbstractorResult Unsafe)
server: | Refining abstraction...
server: |  |  Trace length: 163
server: |  |  Checking trace...done, result: (ExprTraceStatus Infeasible)
server: |  |  Pruning from index 157...done
server: Refining abstraction done, result: (RefinerResult Spurious)
server: ! Precision DID change in this iteration
server: Iteration took 0s to run! 
server: ExplPreictor: Predicted 18.107s, Real 18.446s 
server:               Weight 1.0024783218121722 -> 1.0024445737416168 
server: Iteration 42
server: | Checking abstraction...
server: |  |  PrecisionSize: 125
server: |  |  Starting ARG: 314 nodes, 80 incomplete, 0 unsafe
server: |  |  (StopCriterion FirstCex)...
server: |  |  Building ARG...
server: |  |  Finished ARG: 335 nodes, 86 incomplete, 1 unsafe
server: | Checking abstraction done, result: (AbstractorResult Unsafe)
server: | Refining abstraction...
server: |  |  Trace length: 167
server: |  |  Checking trace...done, result: (ExprTraceStatus Infeasible)
server: |  |  Pruning from index 161...done
server: Refining abstraction done, result: (RefinerResult Spurious)
server: ! Precision DID change in this iteration
server: Iteration took 0s to run! 
server: ExplPreictor: Predicted 18.894s, Real 19.210s 
server:               Weight 1.0024445737416168 -> 1.0024009752275627 
server: Iteration 43
server: | Checking abstraction...
server: |  |  PrecisionSize: 128
server: |  |  Starting ARG: 322 nodes, 82 incomplete, 0 unsafe
server: |  |  (StopCriterion FirstCex)...
server: |  |  Building ARG...
server: |  |  Finished ARG: 343 nodes, 88 incomplete, 1 unsafe
server: | Checking abstraction done, result: (AbstractorResult Unsafe)
server: | Refining abstraction...
server: |  |  Trace length: 171
server: |  |  Checking trace...done, result: (ExprTraceStatus Infeasible)
server: |  |  Pruning from index 165...done
server: Refining abstraction done, result: (RefinerResult Spurious)
server: ! Precision DID change in this iteration
server: Iteration took 0s to run! 
server: ExplPreictor: Predicted 19.670s, Real 19.978s 
server:               Weight 1.0024009752275627 -> 1.0023538348140075 
server: Iteration 44
server: | Checking abstraction...
server: |  |  PrecisionSize: 131
server: |  |  Starting ARG: 330 nodes, 84 incomplete, 0 unsafe
server: |  |  (StopCriterion FirstCex)...
server: |  |  Building ARG...
server: |  |  Finished ARG: 351 nodes, 90 incomplete, 1 unsafe
server: | Checking abstraction done, result: (AbstractorResult Unsafe)
server: | Refining abstraction...
server: |  |  Trace length: 175
server: |  |  Checking trace...done, result: (ExprTraceStatus Infeasible)
server: |  |  Pruning from index 169...done
server: Refining abstraction done, result: (RefinerResult Spurious)
server: ! Precision DID change in this iteration
server: Iteration took 0s to run! 
server: ExplPreictor: Predicted 20.449s, Real 20.749s 
server:               Weight 1.0023538348140075 -> 1.002303984636944 
server: Iteration 45
server: | Checking abstraction...
server: |  |  PrecisionSize: 134
server: |  |  Starting ARG: 338 nodes, 86 incomplete, 0 unsafe
server: |  |  (StopCriterion FirstCex)...
server: |  |  Building ARG...
server: |  |  Finished ARG: 359 nodes, 92 incomplete, 1 unsafe
server: | Checking abstraction done, result: (AbstractorResult Unsafe)
server: | Refining abstraction...
server: |  |  Trace length: 179
server: |  |  Checking trace...done, result: (ExprTraceStatus Infeasible)
server: |  |  Pruning from index 173...done
server: Refining abstraction done, result: (RefinerResult Spurious)
server: ! Precision DID change in this iteration
server: Iteration took 0s to run! 
server: ExplPreictor: Predicted 21.230s, Real 21.551s 
server:               Weight 1.002303984636944 -> 1.002259642052986 
server: Iteration 46
server: | Checking abstraction...
server: |  |  PrecisionSize: 137
server: |  |  Starting ARG: 346 nodes, 88 incomplete, 0 unsafe
server: |  |  (StopCriterion FirstCex)...
server: |  |  Building ARG...
server: |  |  Finished ARG: 367 nodes, 94 incomplete, 1 unsafe
server: | Checking abstraction done, result: (AbstractorResult Unsafe)
server: | Refining abstraction...
server: |  |  Trace length: 183
server: |  |  Checking trace...done, result: (ExprTraceStatus Infeasible)
server: |  |  Pruning from index 177...done
server: Refining abstraction done, result: (RefinerResult Spurious)
server: ! Precision DID change in this iteration
server: Iteration took 0s to run! 
server: ExplPreictor: Predicted 22.042s, Real 22.378s 
server:               Weight 1.002259642052986 -> 1.0022182892722709 
server: Iteration 47
server: | Checking abstraction...
server: |  |  PrecisionSize: 140
server: |  |  Starting ARG: 354 nodes, 90 incomplete, 0 unsafe
server: |  |  (StopCriterion FirstCex)...
server: |  |  Building ARG...
server: |  |  Finished ARG: 375 nodes, 96 incomplete, 1 unsafe
server: | Checking abstraction done, result: (AbstractorResult Unsafe)
server: | Refining abstraction...
server: |  |  Trace length: 187
server: |  |  Checking trace...done, result: (ExprTraceStatus Infeasible)
server: |  |  Pruning from index 181...done
server: Refining abstraction done, result: (RefinerResult Spurious)
server: ! Precision DID change in this iteration
server: Iteration took 0s to run! 
server: ExplPreictor: Predicted 22.881s, Real 23.211s 
server:               Weight 1.0022182892722709 -> 1.0021749747365032 
server: Iteration 48
server: | Checking abstraction...
server: |  |  PrecisionSize: 143
server: |  |  Starting ARG: 362 nodes, 92 incomplete, 0 unsafe
server: |  |  (StopCriterion FirstCex)...
server: |  |  Building ARG...
server: |  |  Finished ARG: 383 nodes, 98 incomplete, 1 unsafe
server: | Checking abstraction done, result: (AbstractorResult Unsafe)
server: | Refining abstraction...
server: |  |  Trace length: 191
server: |  |  Checking trace...done, result: (ExprTraceStatus Infeasible)
server: |  |  Pruning from index 185...done
server: Refining abstraction done, result: (RefinerResult Spurious)
server: ! Precision DID change in this iteration
server: Iteration took 0s to run! 
server: ExplPreictor: Predicted 23.724s, Real 24.090s 
server:               Weight 1.0021749747365032 -> 1.0021393449041194 
server: Iteration 49
server: | Checking abstraction...
server: |  |  PrecisionSize: 146
server: |  |  Starting ARG: 370 nodes, 94 incomplete, 0 unsafe
server: |  |  (StopCriterion FirstCex)...
server: |  |  Building ARG...
server: |  |  Finished ARG: 391 nodes, 100 incomplete, 1 unsafe
server: | Checking abstraction done, result: (AbstractorResult Unsafe)
server: | Refining abstraction...
server: |  |  Trace length: 195
server: |  |  Checking trace...done, result: (ExprTraceStatus Infeasible)
server: |  |  Pruning from index 189...done
server: Refining abstraction done, result: (RefinerResult Spurious)
server: ! Precision DID change in this iteration
server: Iteration took 0s to run! 
server: ExplPreictor: Predicted 24.616s, Real 24.984s 
server:               Weight 1.0021393449041194 -> 1.0021031809642804 
server: Iteration 50
server: | Checking abstraction...
server: |  |  PrecisionSize: 149
server: |  |  Starting ARG: 378 nodes, 96 incomplete, 0 unsafe
server: |  |  (StopCriterion FirstCex)...
server: |  |  Building ARG...
server: |  |  Finished ARG: 399 nodes, 102 incomplete, 1 unsafe
server: | Checking abstraction done, result: (AbstractorResult Unsafe)
server: | Refining abstraction...
server: |  |  Trace length: 199
server: |  |  Checking trace...done, result: (ExprTraceStatus Infeasible)
server: |  |  Pruning from index 193...done
server: Refining abstraction done, result: (RefinerResult Spurious)
server: ! Precision DID change in this iteration
server: Iteration took 0s to run! 
server: ExplPreictor: Predicted 25.522s, Real 25.872s 
server:               Weight 1.0021031809642804 -> 1.0020624632845858 
server: Iteration 51
server: | Checking abstraction...
server: |  |  PrecisionSize: 152
server: |  |  Starting ARG: 386 nodes, 98 incomplete, 0 unsafe
server: |  |  (StopCriterion FirstCex)...
server: |  |  Building ARG...
server: |  |  Finished ARG: 407 nodes, 104 incomplete, 1 unsafe
server: | Checking abstraction done, result: (AbstractorResult Unsafe)
server: | Refining abstraction...
server: |  |  Trace length: 203
server: |  |  Checking trace...done, result: (ExprTraceStatus Infeasible)
server: |  |  Pruning from index 197...done
server: Refining abstraction done, result: (RefinerResult Spurious)
server: ! Precision DID change in this iteration
server: Iteration took 0s to run! 
server: ExplPreictor: Predicted 26.420s, Real 26.799s 
server:               Weight 1.0020624632845858 -> 1.0020271823619769 
server: Iteration 52
server: | Checking abstraction...
server: |  |  PrecisionSize: 155
server: |  |  Starting ARG: 394 nodes, 100 incomplete, 0 unsafe
server: |  |  (StopCriterion FirstCex)...
server: |  |  Building ARG...
server: |  |  Finished ARG: 415 nodes, 106 incomplete, 1 unsafe
server: | Checking abstraction done, result: (AbstractorResult Unsafe)
server: | Refining abstraction...
server: |  |  Trace length: 207
server: |  |  Checking trace...done, result: (ExprTraceStatus Infeasible)
server: |  |  Pruning from index 201...done
server: Refining abstraction done, result: (RefinerResult Spurious)
server: ! Precision DID change in this iteration
server: Iteration took 0s to run! 
server: ExplPreictor: Predicted 27.359s, Real 27.754s 
server:               Weight 1.0020271823619769 -> 1.0019942593758824 
server: Iteration 53
server: | Checking abstraction...
server: |  |  PrecisionSize: 158
server: |  |  Starting ARG: 402 nodes, 102 incomplete, 0 unsafe
server: |  |  (StopCriterion FirstCex)...
server: |  |  Building ARG...
server: |  |  Finished ARG: 423 nodes, 108 incomplete, 1 unsafe
server: | Checking abstraction done, result: (AbstractorResult Unsafe)
server: | Refining abstraction...
server: |  |  Trace length: 211
server: |  |  Checking trace...done, result: (ExprTraceStatus Infeasible)
server: |  |  Pruning from index 205...done
server: Refining abstraction done, result: (RefinerResult Spurious)
server: ! Precision DID change in this iteration
server: Iteration took 0s to run! 
server: ExplPreictor: Predicted 28.326s, Real 28.750s 
server:               Weight 1.0019942593758824 -> 1.001965626273661 
server: Iteration 54
server: | Checking abstraction...
server: |  |  PrecisionSize: 161
server: |  |  Starting ARG: 410 nodes, 104 incomplete, 0 unsafe
server: |  |  (StopCriterion FirstCex)...
server: |  |  Building ARG...
server: |  |  Finished ARG: 431 nodes, 110 incomplete, 1 unsafe
server: | Checking abstraction done, result: (AbstractorResult Unsafe)
server: | Refining abstraction...
server: |  |  Trace length: 215
server: |  |  Checking trace...done, result: (ExprTraceStatus Infeasible)
server: |  |  Pruning from index 209...done
server: Refining abstraction done, result: (RefinerResult Spurious)
server: ! Precision DID change in this iteration
server: Iteration took 1s to run! 
server: ExplPreictor: Predicted 29.336s, Real 30.278s 
server:               Weight 1.001965626273661 -> 1.0020233943108332 
server: Iteration 55
server: | Checking abstraction...
server: |  |  PrecisionSize: 164
server: |  |  Starting ARG: 418 nodes, 106 incomplete, 0 unsafe
server: |  |  (StopCriterion FirstCex)...
server: |  |  Building ARG...
server: |  |  Finished ARG: 439 nodes, 112 incomplete, 1 unsafe
server: | Checking abstraction done, result: (AbstractorResult Unsafe)
server: | Refining abstraction...
server: |  |  Trace length: 219
server: |  |  Checking trace...done, result: (ExprTraceStatus Infeasible)
server: |  |  Pruning from index 213...done
server: Refining abstraction done, result: (RefinerResult Spurious)
server: ! Precision DID change in this iteration
server: Iteration took 1s to run! 
server: ExplPreictor: Predicted 30.917s, Real 32.029s 
server:               Weight 1.0020233943108332 -> 1.0020960294709347 
server: Iteration 56
server: | Checking abstraction...
server: |  |  PrecisionSize: 167
server: |  |  Starting ARG: 426 nodes, 108 incomplete, 0 unsafe
server: |  |  (StopCriterion FirstCex)...
server: |  |  Building ARG...
server: |  |  Finished ARG: 447 nodes, 114 incomplete, 1 unsafe
server: | Checking abstraction done, result: (AbstractorResult Unsafe)
server: | Refining abstraction...
server: |  |  Trace length: 223
server: |  |  Checking trace...done, result: (ExprTraceStatus Infeasible)
server: |  |  Pruning from index 217...done
server: Refining abstraction done, result: (RefinerResult Spurious)
server: ! Precision DID change in this iteration
server: Iteration took 1s to run! 
server: ExplPreictor: Predicted 32.733s, Real 33.804s 
server:               Weight 1.0020960294709347 -> 1.002148046019752 
server: Iteration 57
server: | Checking abstraction...
server: |  |  PrecisionSize: 170
server: |  |  Starting ARG: 434 nodes, 110 incomplete, 0 unsafe
server: |  |  (StopCriterion FirstCex)...
server: |  |  Building ARG...
server: |  |  Finished ARG: 455 nodes, 116 incomplete, 1 unsafe
server: | Checking abstraction done, result: (AbstractorResult Unsafe)
server: | Refining abstraction...
server: |  |  Trace length: 227
server: |  |  Checking trace...done, result: (ExprTraceStatus Infeasible)
server: |  |  Pruning from index 221...done
server: Refining abstraction done, result: (RefinerResult Spurious)
server: ! Precision DID change in this iteration
server: Iteration took 1s to run! 
server: ExplPreictor: Predicted 34.570s, Real 35.597s 
server:               Weight 1.002148046019752 -> 1.0021819704744577 
server: Iteration 58
server: | Checking abstraction...
server: |  |  PrecisionSize: 173
server: |  |  Starting ARG: 442 nodes, 112 incomplete, 0 unsafe
server: |  |  (StopCriterion FirstCex)...
server: |  |  Building ARG...
server: |  |  Finished ARG: 463 nodes, 118 incomplete, 1 unsafe
server: | Checking abstraction done, result: (AbstractorResult Unsafe)
server: | Refining abstraction...
server: |  |  Trace length: 231
server: |  |  Checking trace...done, result: (ExprTraceStatus Infeasible)
server: |  |  Pruning from index 225...done
server: Refining abstraction done, result: (RefinerResult Spurious)
server: ! Precision DID change in this iteration
server: Iteration took 1s to run! 
server: ExplPreictor: Predicted 36.420s, Real 37.398s 
server:               Weight 1.0021819704744577 -> 1.0021995737634288 
server: Iteration 59
server: | Checking abstraction...
server: |  |  PrecisionSize: 176
server: |  |  Starting ARG: 450 nodes, 114 incomplete, 0 unsafe
server: |  |  (StopCriterion FirstCex)...
server: |  |  Building ARG...
server: |  |  Finished ARG: 471 nodes, 120 incomplete, 1 unsafe
server: | Checking abstraction done, result: (AbstractorResult Unsafe)
server: | Refining abstraction...
server: |  |  Trace length: 235
server: |  |  Checking trace...done, result: (ExprTraceStatus Infeasible)
server: |  |  Pruning from index 229...done
server: Refining abstraction done, result: (RefinerResult Spurious)
server: ! Precision DID change in this iteration
server: Iteration took 1s to run! 
server: ExplPreictor: Predicted 38.274s, Real 39.247s 
server:               Weight 1.0021995737634288 -> 1.002208802468091 
server: Iteration 60
server: | Checking abstraction...
server: |  |  PrecisionSize: 179
server: |  |  Starting ARG: 458 nodes, 116 incomplete, 0 unsafe
server: |  |  (StopCriterion FirstCex)...
server: |  |  Building ARG...
server: |  |  Finished ARG: 479 nodes, 122 incomplete, 1 unsafe
server: | Checking abstraction done, result: (AbstractorResult Unsafe)
server: | Refining abstraction...
server: |  |  Trace length: 239
server: |  |  Checking trace...done, result: (ExprTraceStatus Infeasible)
server: |  |  Pruning from index 233...done
server: Refining abstraction done, result: (RefinerResult Spurious)
server: ! Precision DID change in this iteration
server: Iteration took 1s to run! 
server: ExplPreictor: Predicted 40.175s, Real 41.149s 
server:               Weight 1.002208802468091 -> 1.0022114497853554 
server: Iteration 61
server: | Checking abstraction...
server: |  |  PrecisionSize: 182
server: |  |  Starting ARG: 466 nodes, 118 incomplete, 0 unsafe
server: |  |  (StopCriterion FirstCex)...
server: |  |  Building ARG...
server: |  |  Finished ARG: 487 nodes, 124 incomplete, 1 unsafe
server: | Checking abstraction done, result: (AbstractorResult Unsafe)
server: | Refining abstraction...
server: |  |  Trace length: 243
server: |  |  Checking trace...done, result: (ExprTraceStatus Infeasible)
server: |  |  Pruning from index 237...done
server: Refining abstraction done, result: (RefinerResult Spurious)
server: ! Precision DID change in this iteration
server: Iteration took 1s to run! 
server: ExplPreictor: Predicted 42.127s, Real 43.139s 
server:               Weight 1.0022114497853554 -> 1.002212330661416 
server: Iteration 62
server: | Checking abstraction...
server: |  |  PrecisionSize: 185
server: |  |  Starting ARG: 474 nodes, 120 incomplete, 0 unsafe
server: |  |  (StopCriterion FirstCex)...
server: |  |  Building ARG...
server: |  |  Finished ARG: 495 nodes, 126 incomplete, 1 unsafe
server: | Checking abstraction done, result: (AbstractorResult Unsafe)
server: | Refining abstraction...
server: |  |  Trace length: 247
server: |  |  Checking trace...done, result: (ExprTraceStatus Infeasible)
server: |  |  Pruning from index 241...done
server: Refining abstraction done, result: (RefinerResult Spurious)
server: ! Precision DID change in this iteration
server: Iteration took 2s to run! 
server: ExplPreictor: Predicted 44.170s, Real 45.183s 
server:               Weight 1.002212330661416 -> 1.0022076435880563 
server: Iteration 63
server: | Checking abstraction...
server: |  |  PrecisionSize: 188
server: |  |  Starting ARG: 482 nodes, 122 incomplete, 0 unsafe
server: |  |  (StopCriterion FirstCex)...
server: |  |  Building ARG...
server: |  |  Finished ARG: 503 nodes, 128 incomplete, 1 unsafe
server: | Checking abstraction done, result: (AbstractorResult Unsafe)
server: | Refining abstraction...
server: |  |  Trace length: 251
server: |  |  Checking trace...done, result: (ExprTraceStatus Infeasible)
server: |  |  Pruning from index 245...done
server: Refining abstraction done, result: (RefinerResult Spurious)
server: ! Precision DID change in this iteration
server: Iteration took 2s to run! 
server: ExplPreictor: Predicted 46.265s, Real 47.330s 
server:               Weight 1.0022076435880563 -> 1.0022031120043011 
server: Iteration 64
server: | Checking abstraction...
server: |  |  PrecisionSize: 191
server: |  |  Starting ARG: 490 nodes, 124 incomplete, 0 unsafe
server: |  |  (StopCriterion FirstCex)...
server: |  |  Building ARG...
server: |  |  Finished ARG: 511 nodes, 130 incomplete, 1 unsafe
server: | Checking abstraction done, result: (AbstractorResult Unsafe)
server: | Refining abstraction...
server: |  |  Trace length: 255
server: |  |  Checking trace...done, result: (ExprTraceStatus Infeasible)
server: |  |  Pruning from index 249...done
server: Refining abstraction done, result: (RefinerResult Spurious)
server: ! Precision DID change in this iteration
server: Iteration took 2s to run! 
server: ExplPreictor: Predicted 48.466s, Real 49.524s 
server:               Weight 1.0022031120043011 -> 1.0021928683734553 
server: Iteration 65
server: | Checking abstraction...
server: |  |  PrecisionSize: 194
server: |  |  Starting ARG: 498 nodes, 126 incomplete, 0 unsafe
server: |  |  (StopCriterion FirstCex)...
server: |  |  Building ARG...
server: |  |  Finished ARG: 519 nodes, 132 incomplete, 1 unsafe
server: | Checking abstraction done, result: (AbstractorResult Unsafe)
server: | Refining abstraction...
server: |  |  Trace length: 259
server: |  |  Checking trace...done, result: (ExprTraceStatus Infeasible)
server: |  |  Pruning from index 253...done
server: Refining abstraction done, result: (RefinerResult Spurious)
server: ! Precision DID change in this iteration
server: Iteration took 2s to run! 
server: ExplPreictor: Predicted 50.712s, Real 51.664s 
server:               Weight 1.0021928683734553 -> 1.002168706240544 
server: Iteration 66
server: | Checking abstraction...
server: |  |  PrecisionSize: 197
server: |  |  Starting ARG: 506 nodes, 128 incomplete, 0 unsafe
server: |  |  (StopCriterion FirstCex)...
server: |  |  Building ARG...
server: |  |  Finished ARG: 527 nodes, 134 incomplete, 1 unsafe
server: | Checking abstraction done, result: (AbstractorResult Unsafe)
server: | Refining abstraction...
server: |  |  Trace length: 263
server: |  |  Checking trace...done, result: (ExprTraceStatus Infeasible)
server: |  |  Pruning from index 257...done
server: Refining abstraction done, result: (RefinerResult Spurious)
server: ! Precision DID change in this iteration
server: Iteration took 2s to run! 
server: ExplPreictor: Predicted 52.894s, Real 53.876s 
server:               Weight 1.002168706240544 -> 1.002144530969281 
server: Iteration 67
server: | Checking abstraction...
server: |  |  PrecisionSize: 200
server: |  |  Starting ARG: 514 nodes, 130 incomplete, 0 unsafe
server: |  |  (StopCriterion FirstCex)...
server: |  |  Building ARG...
server: |  |  Finished ARG: 535 nodes, 136 incomplete, 1 unsafe
server: | Checking abstraction done, result: (AbstractorResult Unsafe)
server: | Refining abstraction...
server: |  |  Trace length: 267
server: |  |  Checking trace...done, result: (ExprTraceStatus Infeasible)
server: |  |  Pruning from index 261...done
server: Refining abstraction done, result: (RefinerResult Spurious)
server: ! Precision DID change in this iteration
server: Iteration took 2s to run! 
server: ExplPreictor: Predicted 55.150s, Real 56.168s 
server:               Weight 1.002144530969281 -> 1.0021209141004421 
server: Iteration 68
server: | Checking abstraction...
server: |  |  PrecisionSize: 203
server: |  |  Starting ARG: 522 nodes, 132 incomplete, 0 unsafe
server: |  |  (StopCriterion FirstCex)...
server: |  |  Building ARG...
server: |  |  Finished ARG: 543 nodes, 138 incomplete, 1 unsafe
server: | Checking abstraction done, result: (AbstractorResult Unsafe)
server: | Refining abstraction...
server: |  |  Trace length: 271
server: |  |  Checking trace...done, result: (ExprTraceStatus Infeasible)
server: |  |  Pruning from index 265...done
server: Refining abstraction done, result: (RefinerResult Spurious)
server: ! Precision DID change in this iteration
server: Iteration took 2s to run! 
server: ExplPreictor: Predicted 57.486s, Real 58.412s 
server:               Weight 1.0021209141004421 -> 1.0020876060753803 
server: Iteration 69
server: | Checking abstraction...
server: |  |  PrecisionSize: 206
server: |  |  Starting ARG: 530 nodes, 134 incomplete, 0 unsafe
server: |  |  (StopCriterion FirstCex)...
server: |  |  Building ARG...
server: |  |  Finished ARG: 551 nodes, 140 incomplete, 1 unsafe
server: | Checking abstraction done, result: (AbstractorResult Unsafe)
server: | Refining abstraction...
server: |  |  Trace length: 275
server: |  |  Checking trace...done, result: (ExprTraceStatus Infeasible)
server: |  |  Pruning from index 269...done
server: Refining abstraction done, result: (RefinerResult Spurious)
server: ! Precision DID change in this iteration
server: Iteration took 1s to run! 
server: ExplPreictor: Predicted 59.766s, Real 59.812s 
server:               Weight 1.0020876060753803 -> 1.0019865831727481 
server: Iteration 70
server: | Checking abstraction...
server: |  |  PrecisionSize: 209
server: |  |  Starting ARG: 538 nodes, 136 incomplete, 0 unsafe
server: |  |  (StopCriterion FirstCex)...
server: |  |  Building ARG...
server: |  |  Finished ARG: 559 nodes, 142 incomplete, 1 unsafe
server: | Checking abstraction done, result: (AbstractorResult Unsafe)
server: | Refining abstraction...
server: |  |  Trace length: 279
server: |  |  Checking trace...done, result: (ExprTraceStatus Infeasible)
server: |  |  Pruning from index 273...done
server: Refining abstraction done, result: (RefinerResult Spurious)
server: ! Precision DID change in this iteration
server: Iteration took 1s to run! 
server: ExplPreictor: Predicted 61.133s, Real 61.199s 
server:               Weight 1.0019865831727481 -> 1.0018925583473828 
server: Iteration 71
server: | Checking abstraction...
server: |  |  PrecisionSize: 212
server: |  |  Starting ARG: 546 nodes, 138 incomplete, 0 unsafe
server: |  |  (StopCriterion FirstCex)...
server: |  |  Building ARG...
server: |  |  Finished ARG: 567 nodes, 144 incomplete, 1 unsafe
server: | Checking abstraction done, result: (AbstractorResult Unsafe)
server: | Refining abstraction...
server: |  |  Trace length: 283
server: |  |  Checking trace...done, result: (ExprTraceStatus Infeasible)
server: |  |  Pruning from index 277...done
server: Refining abstraction done, result: (RefinerResult Spurious)
server: ! Precision DID change in this iteration
server: Iteration took 1s to run! 
server: ExplPreictor: Predicted 62.489s, Real 62.619s 
server:               Weight 1.0018925583473828 -> 1.0018082323342297 
server: Iteration 72
server: | Checking abstraction...
server: |  |  PrecisionSize: 215
server: |  |  Starting ARG: 554 nodes, 140 incomplete, 0 unsafe
server: |  |  (StopCriterion FirstCex)...
server: |  |  Building ARG...
server: |  |  Finished ARG: 575 nodes, 146 incomplete, 1 unsafe
server: | Checking abstraction done, result: (AbstractorResult Unsafe)
server: | Refining abstraction...
server: |  |  Trace length: 287
server: |  |  Checking trace...done, result: (ExprTraceStatus Infeasible)
server: |  |  Pruning from index 281...done
server: Refining abstraction done, result: (RefinerResult Spurious)
server: ! Precision DID change in this iteration
server: Iteration took 1s to run! 
server: ExplPreictor: Predicted 63.882s, Real 64.074s 
server:               Weight 1.0018082323342297 -> 1.0017326013499193 
server: Iteration 73
server: | Checking abstraction...
server: |  |  PrecisionSize: 218
server: |  |  Starting ARG: 562 nodes, 142 incomplete, 0 unsafe
server: |  |  (StopCriterion FirstCex)...
server: |  |  Building ARG...
server: |  |  Finished ARG: 583 nodes, 148 incomplete, 1 unsafe
server: | Checking abstraction done, result: (AbstractorResult Unsafe)
server: | Refining abstraction...
server: |  |  Trace length: 291
server: |  |  Checking trace...done, result: (ExprTraceStatus Infeasible)
server: |  |  Pruning from index 285...done
server: Refining abstraction done, result: (RefinerResult Spurious)
server: ! Precision DID change in this iteration
server: Iteration took 1s to run! 
server: ExplPreictor: Predicted 65.315s, Real 65.546s 
server:               Weight 1.0017326013499193 -> 1.0016634280178083 
server: Iteration 74
server: | Checking abstraction...
server: |  |  PrecisionSize: 221
server: |  |  Starting ARG: 570 nodes, 144 incomplete, 0 unsafe
server: |  |  (StopCriterion FirstCex)...
server: |  |  Building ARG...
server: |  |  Finished ARG: 591 nodes, 150 incomplete, 1 unsafe
server: | Checking abstraction done, result: (AbstractorResult Unsafe)
server: | Refining abstraction...
server: |  |  Trace length: 295
server: |  |  Checking trace...done, result: (ExprTraceStatus Infeasible)
server: |  |  Pruning from index 289...done
server: Refining abstraction done, result: (RefinerResult Spurious)
server: ! Precision DID change in this iteration
server: Iteration took 1s to run! 
server: ExplPreictor: Predicted 66.766s, Real 67.047s 
server:               Weight 1.0016634280178083 -> 1.0016008203289564 
server: Iteration 75
server: | Checking abstraction...
server: |  |  PrecisionSize: 224
server: |  |  Starting ARG: 578 nodes, 146 incomplete, 0 unsafe
server: |  |  (StopCriterion FirstCex)...
server: |  |  Building ARG...
server: |  |  Finished ARG: 599 nodes, 152 incomplete, 1 unsafe
server: | Checking abstraction done, result: (AbstractorResult Unsafe)
server: | Refining abstraction...
server: |  |  Trace length: 299
server: |  |  Checking trace...done, result: (ExprTraceStatus Infeasible)
server: |  |  Pruning from index 293...done
server: Refining abstraction done, result: (RefinerResult Spurious)
server: ! Precision DID change in this iteration
server: Iteration took 1s to run! 
server: ExplPreictor: Predicted 68.250s, Real 68.597s 
server:               Weight 1.0016008203289564 -> 1.00154530763962 
server: Iteration 76
server: | Checking abstraction...
server: |  |  PrecisionSize: 227
server: |  |  Starting ARG: 586 nodes, 148 incomplete, 0 unsafe
server: |  |  (StopCriterion FirstCex)...
server: |  |  Building ARG...
server: |  |  Finished ARG: 607 nodes, 154 incomplete, 1 unsafe
server: | Checking abstraction done, result: (AbstractorResult Unsafe)
server: | Refining abstraction...
server: |  |  Trace length: 303
server: |  |  Checking trace...done, result: (ExprTraceStatus Infeasible)
server: |  |  Pruning from index 297...done
server: Refining abstraction done, result: (RefinerResult Spurious)
server: ! Precision DID change in this iteration
server: Iteration took 1s to run! 
server: ExplPreictor: Predicted 69.788s, Real 70.183s 
server:               Weight 1.00154530763962 -> 1.0014952085917164 
server: Iteration 77
server: | Checking abstraction...
server: |  |  PrecisionSize: 230
server: |  |  Starting ARG: 594 nodes, 150 incomplete, 0 unsafe
server: |  |  (StopCriterion FirstCex)...
server: |  |  Building ARG...
server: |  |  Finished ARG: 615 nodes, 156 incomplete, 1 unsafe
server: | Checking abstraction done, result: (AbstractorResult Unsafe)
server: | Refining abstraction...
server: |  |  Trace length: 307
server: |  |  Checking trace...done, result: (ExprTraceStatus Infeasible)
server: |  |  Pruning from index 301...done
server: Refining abstraction done, result: (RefinerResult Spurious)
server: ! Precision DID change in this iteration
server: Iteration took 1s to run! 
server: ExplPreictor: Predicted 71.364s, Real 71.774s 
server:               Weight 1.0014952085917164 -> 1.0014480404139996 
server: Iteration 78
server: | Checking abstraction...
server: |  |  PrecisionSize: 233
server: |  |  Starting ARG: 602 nodes, 152 incomplete, 0 unsafe
server: |  |  (StopCriterion FirstCex)...
server: |  |  Building ARG...
server: |  |  Finished ARG: 623 nodes, 158 incomplete, 1 unsafe
server: | Checking abstraction done, result: (AbstractorResult Unsafe)
server: | Refining abstraction...
server: |  |  Trace length: 311
server: |  |  Checking trace...done, result: (ExprTraceStatus Infeasible)
server: |  |  Pruning from index 305...done
server: Refining abstraction done, result: (RefinerResult Spurious)
server: ! Precision DID change in this iteration
server: Iteration took 1s to run! 
server: ExplPreictor: Predicted 72.946s, Real 73.409s 
server:               Weight 1.0014480404139996 -> 1.0014058497492695 
server: Iteration 79
server: | Checking abstraction...
server: |  |  PrecisionSize: 236
server: |  |  Starting ARG: 610 nodes, 154 incomplete, 0 unsafe
server: |  |  (StopCriterion FirstCex)...
server: |  |  Building ARG...
server: |  |  Finished ARG: 631 nodes, 160 incomplete, 1 unsafe
server: | Checking abstraction done, result: (AbstractorResult Unsafe)
server: | Refining abstraction...
server: |  |  Trace length: 315
server: |  |  Checking trace...done, result: (ExprTraceStatus Infeasible)
server: |  |  Pruning from index 309...done
server: Refining abstraction done, result: (RefinerResult Spurious)
server: ! Precision DID change in this iteration
server: Iteration took 1s to run! 
server: ExplPreictor: Predicted 74.574s, Real 75.082s 
server:               Weight 1.0014058497492695 -> 1.001367695263655 
server: Iteration 80
server: | Checking abstraction...
server: |  |  PrecisionSize: 239
server: |  |  Starting ARG: 618 nodes, 156 incomplete, 0 unsafe
server: |  |  (StopCriterion FirstCex)...
server: |  |  Building ARG...
server: |  |  Finished ARG: 639 nodes, 162 incomplete, 1 unsafe
server: | Checking abstraction done, result: (AbstractorResult Unsafe)
server: | Refining abstraction...
server: |  |  Trace length: 319
server: |  |  Checking trace...done, result: (ExprTraceStatus Infeasible)
server: |  |  Pruning from index 313...done
server: Refining abstraction done, result: (RefinerResult Spurious)
server: ! Precision DID change in this iteration
server: Iteration took 1s to run! 
server: ExplPreictor: Predicted 76.244s, Real 76.726s 
server:               Weight 1.001367695263655 -> 1.001329423792053 
server: Iteration 81
server: | Checking abstraction...
server: |  |  PrecisionSize: 242
server: |  |  Starting ARG: 626 nodes, 158 incomplete, 0 unsafe
server: |  |  (StopCriterion FirstCex)...
server: |  |  Building ARG...
server: |  |  Finished ARG: 647 nodes, 164 incomplete, 1 unsafe
server: | Checking abstraction done, result: (AbstractorResult Unsafe)
server: | Refining abstraction...
server: |  |  Trace length: 323
server: |  |  Checking trace...done, result: (ExprTraceStatus Infeasible)
server: |  |  Pruning from index 317...done
server: Refining abstraction done, result: (RefinerResult Spurious)
server: ! Precision DID change in this iteration
server: Iteration took 1s to run! 
server: ExplPreictor: Predicted 77.882s, Real 78.398s 
server:               Weight 1.001329423792053 -> 1.001294310285774 
server: Iteration 82
server: | Checking abstraction...
server: |  |  PrecisionSize: 245
server: |  |  Starting ARG: 634 nodes, 160 incomplete, 0 unsafe
server: |  |  (StopCriterion FirstCex)...
server: |  |  Building ARG...
server: |  |  Finished ARG: 655 nodes, 166 incomplete, 1 unsafe
server: | Checking abstraction done, result: (AbstractorResult Unsafe)
server: | Refining abstraction...
server: |  |  Trace length: 327
server: |  |  Checking trace...done, result: (ExprTraceStatus Infeasible)
server: |  |  Pruning from index 321...done
server: Refining abstraction done, result: (RefinerResult Spurious)
server: ! Precision DID change in this iteration
server: Iteration took 1s to run! 
server: ExplPreictor: Predicted 79.550s, Real 80.123s 
server:               Weight 1.001294310285774 -> 1.0012633203805321 
server: Iteration 83
server: | Checking abstraction...
server: |  |  PrecisionSize: 248
server: |  |  Starting ARG: 642 nodes, 162 incomplete, 0 unsafe
server: |  |  (StopCriterion FirstCex)...
server: |  |  Building ARG...
server: |  |  Finished ARG: 663 nodes, 168 incomplete, 1 unsafe
server: | Checking abstraction done, result: (AbstractorResult Unsafe)
server: | Refining abstraction...
server: |  |  Trace length: 331
server: |  |  Checking trace...done, result: (ExprTraceStatus Infeasible)
server: |  |  Pruning from index 325...done
server: Refining abstraction done, result: (RefinerResult Spurious)
server: ! Precision DID change in this iteration
server: Iteration took 1s to run! 
server: ExplPreictor: Predicted 81.274s, Real 81.958s 
server:               Weight 1.0012633203805321 -> 1.0012388198181734 
server: Iteration 84
server: | Checking abstraction...
server: |  |  PrecisionSize: 251
server: |  |  Starting ARG: 650 nodes, 164 incomplete, 0 unsafe
server: |  |  (StopCriterion FirstCex)...
server: |  |  Building ARG...
server: |  |  Finished ARG: 671 nodes, 170 incomplete, 1 unsafe
server: | Checking abstraction done, result: (AbstractorResult Unsafe)
server: | Refining abstraction...
server: |  |  Trace length: 335
server: |  |  Checking trace...done, result: (ExprTraceStatus Infeasible)
server: |  |  Pruning from index 329...done
server: Refining abstraction done, result: (RefinerResult Spurious)
server: ! Precision DID change in this iteration
server: Iteration took 1s to run! 
server: ExplPreictor: Predicted 83.115s, Real 83.759s 
server:               Weight 1.0012388198181734 -> 1.0012127534015003 
server: Iteration 85
server: | Checking abstraction...
server: |  |  PrecisionSize: 254
server: |  |  Starting ARG: 658 nodes, 166 incomplete, 0 unsafe
server: |  |  (StopCriterion FirstCex)...
server: |  |  Building ARG...
server: |  |  Finished ARG: 679 nodes, 172 incomplete, 1 unsafe
server: | Checking abstraction done, result: (AbstractorResult Unsafe)
server: | Refining abstraction...
server: |  |  Trace length: 339
server: |  |  Checking trace...done, result: (ExprTraceStatus Infeasible)
server: |  |  Pruning from index 333...done
server: Refining abstraction done, result: (RefinerResult Spurious)
server: ! Precision DID change in this iteration
server: Iteration took 1s to run! 
server: ExplPreictor: Predicted 84.918s, Real 85.594s 
server:               Weight 1.0012127534015003 -> 1.0011887598392029 
server: Iteration 86
server: | Checking abstraction...
server: |  |  PrecisionSize: 257
server: |  |  Starting ARG: 666 nodes, 168 incomplete, 0 unsafe
server: |  |  (StopCriterion FirstCex)...
server: |  |  Building ARG...
server: |  |  Finished ARG: 687 nodes, 174 incomplete, 1 unsafe
server: | Checking abstraction done, result: (AbstractorResult Unsafe)
server: | Refining abstraction...
server: |  |  Trace length: 343
server: |  |  Checking trace...done, result: (ExprTraceStatus Infeasible)
server: |  |  Pruning from index 337...done
server: Refining abstraction done, result: (RefinerResult Spurious)
server: ! Precision DID change in this iteration
server: Iteration took 2s to run! 
server: ExplPreictor: Predicted 86.757s, Real 87.729s 
server:               Weight 1.0011887598392029 -> 1.0011790248232393 
server: Iteration 87
server: | Checking abstraction...
server: |  |  PrecisionSize: 260
server: |  |  Starting ARG: 674 nodes, 170 incomplete, 0 unsafe
server: |  |  (StopCriterion FirstCex)...
server: |  |  Building ARG...
server: |  |  Finished ARG: 695 nodes, 176 incomplete, 1 unsafe
server: | Checking abstraction done, result: (AbstractorResult Unsafe)
server: | Refining abstraction...
server: |  |  Trace length: 347
server: |  |  Checking trace...done, result: (ExprTraceStatus Infeasible)
server: |  |  Pruning from index 341...done
server: Refining abstraction done, result: (RefinerResult Spurious)
server: ! Precision DID change in this iteration
server: Iteration took 1s to run! 
server: ExplPreictor: Predicted 88.914s, Real 89.724s 
server:               Weight 1.0011790248232393 -> 1.0011612411248436 
server: Iteration 88
server: | Checking abstraction...
server: |  |  PrecisionSize: 263
server: |  |  Starting ARG: 682 nodes, 172 incomplete, 0 unsafe
server: |  |  (StopCriterion FirstCex)...
server: |  |  Building ARG...
server: |  |  Finished ARG: 703 nodes, 178 incomplete, 1 unsafe
server: | Checking abstraction done, result: (AbstractorResult Unsafe)
server: | Refining abstraction...
server: |  |  Trace length: 351
server: |  |  Checking trace...done, result: (ExprTraceStatus Infeasible)
server: |  |  Pruning from index 345...done
server: Refining abstraction done, result: (RefinerResult Spurious)
server: ! Precision DID change in this iteration
server: Iteration took 1s to run! 
server: ExplPreictor: Predicted 90.920s, Real 91.630s 
server:               Weight 1.0011612411248436 -> 1.0011390323921252 
server: Iteration 89
server: | Checking abstraction...
server: |  |  PrecisionSize: 266
server: |  |  Starting ARG: 690 nodes, 174 incomplete, 0 unsafe
server: |  |  (StopCriterion FirstCex)...
server: |  |  Building ARG...
server: |  |  Finished ARG: 711 nodes, 180 incomplete, 1 unsafe
server: | Checking abstraction done, result: (AbstractorResult Unsafe)
server: | Refining abstraction...
server: |  |  Trace length: 355
server: |  |  Checking trace...done, result: (ExprTraceStatus Infeasible)
server: |  |  Pruning from index 349...done
server: Refining abstraction done, result: (RefinerResult Spurious)
server: ! Precision DID change in this iteration
server: Iteration took 1s to run! 
server: ExplPreictor: Predicted 92.830s, Real 93.540s 
server:               Weight 1.0011390323921252 -> 1.001117204435711 
server: Iteration 90
server: | Checking abstraction...
server: |  |  PrecisionSize: 269
server: |  |  Starting ARG: 698 nodes, 176 incomplete, 0 unsafe
server: |  |  (StopCriterion FirstCex)...
server: |  |  Building ARG...
server: |  |  Finished ARG: 719 nodes, 182 incomplete, 1 unsafe
server: | Checking abstraction done, result: (AbstractorResult Unsafe)
server: | Refining abstraction...
server: |  |  Trace length: 359
server: |  |  Checking trace...done, result: (ExprTraceStatus Infeasible)
server: |  |  Pruning from index 353...done
server: Refining abstraction done, result: (RefinerResult Spurious)
server: ! Precision DID change in this iteration
server: Iteration took 2s to run! 
server: ExplPreictor: Predicted 94.744s, Real 95.567s 
server:               Weight 1.001117204435711 -> 1.0011005379513056 
server: Iteration 91
server: | Checking abstraction...
server: |  |  PrecisionSize: 272
server: |  |  Starting ARG: 706 nodes, 178 incomplete, 0 unsafe
server: |  |  (StopCriterion FirstCex)...
server: |  |  Building ARG...
server: |  |  Finished ARG: 727 nodes, 184 incomplete, 1 unsafe
server: | Checking abstraction done, result: (AbstractorResult Unsafe)
server: | Refining abstraction...
server: |  |  Trace length: 363
server: |  |  Checking trace...done, result: (ExprTraceStatus Infeasible)
server: |  |  Pruning from index 357...done
server: Refining abstraction done, result: (RefinerResult Spurious)
server: ! Precision DID change in this iteration
server: Iteration took 3s to run! 
server: ExplPreictor: Predicted 96.781s, Real 98.939s 
server:               Weight 1.0011005379513056 -> 1.0011381993000603 
server: Iteration 92
server: | Checking abstraction...
server: |  |  PrecisionSize: 275
server: |  |  Starting ARG: 714 nodes, 180 incomplete, 0 unsafe
server: |  |  (StopCriterion FirstCex)...
server: |  |  Building ARG...
server: |  |  Finished ARG: 735 nodes, 186 incomplete, 1 unsafe
server: | Checking abstraction done, result: (AbstractorResult Unsafe)
server: | Refining abstraction...
server: |  |  Trace length: 367
server: |  |  Checking trace...done, result: (ExprTraceStatus Infeasible)
server: |  |  Pruning from index 361...done
server: Refining abstraction done, result: (RefinerResult Spurious)
server: ! Precision DID change in this iteration
server: Iteration took 2s to run! 
server: ExplPreictor: Predicted 100.243s, Real 101.657s 
server:               Weight 1.0011381993000603 -> 1.0011417950683845 
server: Iteration 93
server: | Checking abstraction...
server: |  |  PrecisionSize: 278
server: |  |  Starting ARG: 722 nodes, 182 incomplete, 0 unsafe
server: |  |  (StopCriterion FirstCex)...
server: |  |  Building ARG...
server: |  |  Finished ARG: 743 nodes, 188 incomplete, 1 unsafe
server: | Checking abstraction done, result: (AbstractorResult Unsafe)
server: | Refining abstraction...
server: |  |  Trace length: 371
server: |  |  Checking trace...done, result: (ExprTraceStatus Infeasible)
server: |  |  Pruning from index 365...done
server: Refining abstraction done, result: (RefinerResult Spurious)
server: ! Precision DID change in this iteration
server: Iteration took 2s to run! 
server: ExplPreictor: Predicted 103.004s, Real 103.667s 
server:               Weight 1.0011417950683845 -> 1.0011149397604675 
server: Iteration 94
server: | Checking abstraction...
server: |  |  PrecisionSize: 281
server: |  |  Starting ARG: 730 nodes, 184 incomplete, 0 unsafe
server: |  |  (StopCriterion FirstCex)...
server: |  |  Building ARG...
server: |  |  Finished ARG: 751 nodes, 190 incomplete, 1 unsafe
server: | Checking abstraction done, result: (AbstractorResult Unsafe)
server: | Refining abstraction...
server: |  |  Trace length: 375
server: |  |  Checking trace...done, result: (ExprTraceStatus Infeasible)
server: |  |  Pruning from index 369...done
server: Refining abstraction done, result: (RefinerResult Spurious)
server: ! Precision DID change in this iteration
server: Iteration took 1s to run! 
server: ExplPreictor: Predicted 105.010s, Real 105.666s 
server:               Weight 1.0011149397604675 -> 1.0010885796812645 
server: Iteration 95
server: | Checking abstraction...
server: |  |  PrecisionSize: 284
server: |  |  Starting ARG: 738 nodes, 186 incomplete, 0 unsafe
server: |  |  (StopCriterion FirstCex)...
server: |  |  Building ARG...
server: |  |  Finished ARG: 759 nodes, 192 incomplete, 1 unsafe
server: | Checking abstraction done, result: (AbstractorResult Unsafe)
server: | Refining abstraction...
server: |  |  Trace length: 379
server: |  |  Checking trace...done, result: (ExprTraceStatus Infeasible)
server: |  |  Pruning from index 373...done
server: Refining abstraction done, result: (RefinerResult Spurious)
server: ! Precision DID change in this iteration
server: Iteration took 2s to run! 
server: ExplPreictor: Predicted 107.005s, Real 107.720s 
server:               Weight 1.0010885796812645 -> 1.0010651675828663 
server: Iteration 96
server: | Checking abstraction...
server: |  |  PrecisionSize: 287
server: |  |  Starting ARG: 746 nodes, 188 incomplete, 0 unsafe
server: |  |  (StopCriterion FirstCex)...
server: |  |  Building ARG...
server: |  |  Finished ARG: 767 nodes, 194 incomplete, 1 unsafe
server: | Checking abstraction done, result: (AbstractorResult Unsafe)
server: | Refining abstraction...
server: |  |  Trace length: 383
server: |  |  Checking trace...done, result: (ExprTraceStatus Infeasible)
server: |  |  Pruning from index 377...done
server: Refining abstraction done, result: (RefinerResult Spurious)
server: ! Precision DID change in this iteration
server: Iteration took 2s to run! 
server: ExplPreictor: Predicted 109.058s, Real 109.823s 
server:               Weight 1.0010651675828663 -> 1.0010441399230616 
server: Iteration 97
server: | Checking abstraction...
server: |  |  PrecisionSize: 290
server: |  |  Starting ARG: 754 nodes, 190 incomplete, 0 unsafe
server: |  |  (StopCriterion FirstCex)...
server: |  |  Building ARG...
server: |  |  Finished ARG: 775 nodes, 196 incomplete, 1 unsafe
server: | Checking abstraction done, result: (AbstractorResult Unsafe)
server: | Refining abstraction...
server: |  |  Trace length: 387
server: |  |  Checking trace...done, result: (ExprTraceStatus Infeasible)
server: |  |  Pruning from index 381...done
server: Refining abstraction done, result: (RefinerResult Spurious)
server: ! Precision DID change in this iteration
server: Iteration took 2s to run! 
server: ExplPreictor: Predicted 111.162s, Real 111.996s 
server:               Weight 1.0010441399230616 -> 1.0010259521306792 
server: Iteration 98
server: | Checking abstraction...
server: |  |  PrecisionSize: 293
server: |  |  Starting ARG: 762 nodes, 192 incomplete, 0 unsafe
server: |  |  (StopCriterion FirstCex)...
server: |  |  Building ARG...
server: |  |  Finished ARG: 783 nodes, 198 incomplete, 1 unsafe
server: | Checking abstraction done, result: (AbstractorResult Unsafe)
server: | Refining abstraction...
server: |  |  Trace length: 391
server: |  |  Checking trace...done, result: (ExprTraceStatus Infeasible)
server: |  |  Pruning from index 385...done
server: Refining abstraction done, result: (RefinerResult Spurious)
server: ! Precision DID change in this iteration
server: Iteration took 2s to run! 
server: ExplPreictor: Predicted 113.340s, Real 114.150s 
server:               Weight 1.0010259521306792 -> 1.0010072094944753 
server: Iteration 99
server: | Checking abstraction...
server: |  |  PrecisionSize: 296
server: |  |  Starting ARG: 770 nodes, 194 incomplete, 0 unsafe
server: |  |  (StopCriterion FirstCex)...
server: |  |  Building ARG...
server: |  |  Finished ARG: 791 nodes, 200 incomplete, 1 unsafe
server: | Checking abstraction done, result: (AbstractorResult Unsafe)
server: | Refining abstraction...
server: |  |  Trace length: 395
server: |  |  Checking trace...done, result: (ExprTraceStatus Infeasible)
server: |  |  Pruning from index 389...done
server: Refining abstraction done, result: (RefinerResult Spurious)
server: ! Precision DID change in this iteration
server: Iteration took 2s to run! 
server: ExplPreictor: Predicted 115.497s, Real 116.265s 
server:               Weight 1.0010072094944753 -> 1.0009873996490042 
server: Iteration 100
server: | Checking abstraction...
server: |  |  PrecisionSize: 299
server: |  |  Starting ARG: 778 nodes, 196 incomplete, 0 unsafe
server: |  |  (StopCriterion FirstCex)...
server: |  |  Building ARG...
server: |  |  Finished ARG: 799 nodes, 202 incomplete, 1 unsafe
server: | Checking abstraction done, result: (AbstractorResult Unsafe)
server: | Refining abstraction...
server: |  |  Trace length: 399
server: |  |  Checking trace...done, result: (ExprTraceStatus Infeasible)
server: |  |  Pruning from index 393...done
server: Refining abstraction done, result: (RefinerResult Spurious)
server: ! Precision DID change in this iteration
server: Iteration took 2s to run! 
server: ExplPreictor: Predicted 117.612s, Real 118.437s 
server:               Weight 1.0009873996490042 -> 1.0009698877612208 
server: Iteration 101
server: | Checking abstraction...
server: |  |  PrecisionSize: 302
server: |  |  Starting ARG: 786 nodes, 198 incomplete, 0 unsafe
server: |  |  (StopCriterion FirstCex)...
server: |  |  Building ARG...
server: |  |  Finished ARG: 807 nodes, 204 incomplete, 1 unsafe
server: | Checking abstraction done, result: (AbstractorResult Unsafe)
server: | Refining abstraction...
server: |  |  Trace length: 403
server: |  |  Checking trace...done, result: (ExprTraceStatus Infeasible)
server: |  |  Pruning from index 397...done
server: Refining abstraction done, result: (RefinerResult Spurious)
server: ! Precision DID change in this iteration
server: Iteration took 2s to run! 
server: ExplPreictor: Predicted 119.787s, Real 120.635s 
server:               Weight 1.0009698877612208 -> 1.000953409519262 
server: Iteration 102
server: | Checking abstraction...
server: |  |  PrecisionSize: 305
server: |  |  Starting ARG: 794 nodes, 200 incomplete, 0 unsafe
server: |  |  (StopCriterion FirstCex)...
server: |  |  Building ARG...
server: |  |  Finished ARG: 815 nodes, 206 incomplete, 1 unsafe
server: | Checking abstraction done, result: (AbstractorResult Unsafe)
server: | Refining abstraction...
server: |  |  Trace length: 407
server: |  |  Checking trace...done, result: (ExprTraceStatus Infeasible)
server: |  |  Pruning from index 401...done
server: Refining abstraction done, result: (RefinerResult Spurious)
server: ! Precision DID change in this iteration
server: Iteration took 2s to run! 
server: ExplPreictor: Predicted 121.988s, Real 122.863s 
server:               Weight 1.000953409519262 -> 1.0009379958678275 
server: Iteration 103
server: | Checking abstraction...
server: |  |  PrecisionSize: 308
server: |  |  Starting ARG: 802 nodes, 202 incomplete, 0 unsafe
server: |  |  (StopCriterion FirstCex)...
server: |  |  Building ARG...
server: |  |  Finished ARG: 823 nodes, 208 incomplete, 1 unsafe
server: | Checking abstraction done, result: (AbstractorResult Unsafe)
server: | Refining abstraction...
server: |  |  Trace length: 411
server: |  |  Checking trace...done, result: (ExprTraceStatus Infeasible)
server: |  |  Pruning from index 405...done
server: Refining abstraction done, result: (RefinerResult Spurious)
server: ! Precision DID change in this iteration
server: Iteration took 2s to run! 
server: ExplPreictor: Predicted 124.221s, Real 125.133s 
server:               Weight 1.0009379958678275 -> 1.0009239096144933 
server: Iteration 104
server: | Checking abstraction...
server: |  |  PrecisionSize: 311
server: |  |  Starting ARG: 810 nodes, 204 incomplete, 0 unsafe
server: |  |  (StopCriterion FirstCex)...
server: |  |  Building ARG...
server: |  |  Finished ARG: 831 nodes, 210 incomplete, 1 unsafe
server: | Checking abstraction done, result: (AbstractorResult Unsafe)
server: | Refining abstraction...
server: |  |  Trace length: 415
server: |  |  Checking trace...done, result: (ExprTraceStatus Infeasible)
server: |  |  Pruning from index 409...done
server: Refining abstraction done, result: (RefinerResult Spurious)
server: ! Precision DID change in this iteration
server: Iteration took 3s to run! 
server: ExplPreictor: Predicted 126.497s, Real 128.295s 
server:               Weight 1.0009239096144933 -> 1.000936309409938 
server: Iteration 105
server: | Checking abstraction...
server: |  |  PrecisionSize: 314
server: |  |  Starting ARG: 818 nodes, 206 incomplete, 0 unsafe
server: |  |  (StopCriterion FirstCex)...
server: |  |  Building ARG...
server: |  |  Finished ARG: 839 nodes, 212 incomplete, 1 unsafe
server: | Checking abstraction done, result: (AbstractorResult Unsafe)
server: | Refining abstraction...
server: |  |  Trace length: 419
server: |  |  Checking trace...done, result: (ExprTraceStatus Infeasible)
server: |  |  Pruning from index 413...done
server: Refining abstraction done, result: (RefinerResult Spurious)
server: ! Precision DID change in this iteration
server: Iteration took 3s to run! 
server: ExplPreictor: Predicted 129.716s, Real 132.016s 
server:               Weight 1.000936309409938 -> 1.0009611945269363 
server: Iteration 106
server: | Checking abstraction...
server: |  |  PrecisionSize: 317
server: |  |  Starting ARG: 826 nodes, 208 incomplete, 0 unsafe
server: |  |  (StopCriterion FirstCex)...
server: |  |  Building ARG...
server: |  |  Finished ARG: 847 nodes, 214 incomplete, 1 unsafe
server: | Checking abstraction done, result: (AbstractorResult Unsafe)
server: | Refining abstraction...
server: |  |  Trace length: 423
server: |  |  Checking trace...done, result: (ExprTraceStatus Infeasible)
server: |  |  Pruning from index 417...done
server: Refining abstraction done, result: (RefinerResult Spurious)
server: ! Precision DID change in this iteration
server: Iteration took 3s to run! 
server: ExplPreictor: Predicted 133.521s, Real 135.994s 
server:               Weight 1.0009611945269363 -> 1.0009877451772624 
server: Iteration 107
server: | Checking abstraction...
server: |  |  PrecisionSize: 320
server: |  |  Starting ARG: 834 nodes, 210 incomplete, 0 unsafe
server: |  |  (StopCriterion FirstCex)...
server: |  |  Building ARG...
server: |  |  Finished ARG: 855 nodes, 216 incomplete, 1 unsafe
server: | Checking abstraction done, result: (AbstractorResult Unsafe)
server: | Refining abstraction...
server: |  |  Trace length: 427
server: |  |  Checking trace...done, result: (ExprTraceStatus Infeasible)
server: |  |  Pruning from index 421...done
server: Refining abstraction done, result: (RefinerResult Spurious)
server: ! Precision DID change in this iteration
server: Iteration took 4s to run! 
server: ExplPreictor: Predicted 137.591s, Real 140.084s 
server:               Weight 1.0009877451772624 -> 1.0010114311145457 
server: Iteration 108
server: | Checking abstraction...
server: |  |  PrecisionSize: 323
server: |  |  Starting ARG: 842 nodes, 212 incomplete, 0 unsafe
server: |  |  (StopCriterion FirstCex)...
server: |  |  Building ARG...
server: |  |  Finished ARG: 863 nodes, 218 incomplete, 1 unsafe
server: | Checking abstraction done, result: (AbstractorResult Unsafe)
server: | Refining abstraction...
server: |  |  Trace length: 431
server: |  |  Checking trace...done, result: (ExprTraceStatus Infeasible)
server: |  |  Pruning from index 425...done
server: Refining abstraction done, result: (RefinerResult Spurious)
server: ! Precision DID change in this iteration
server: Iteration took 4s to run! 
server: ExplPreictor: Predicted 141.773s, Real 144.129s 
server:               Weight 1.0010114311145457 -> 1.0010283305190348 
server: Iteration 109
server: | Checking abstraction...
server: |  |  PrecisionSize: 326
server: |  |  Starting ARG: 850 nodes, 214 incomplete, 0 unsafe
server: |  |  (StopCriterion FirstCex)...
server: |  |  Building ARG...
server: |  |  Finished ARG: 871 nodes, 220 incomplete, 1 unsafe
server: | Checking abstraction done, result: (AbstractorResult Unsafe)
server: | Refining abstraction...
server: |  |  Trace length: 435
server: |  |  Checking trace...done, result: (ExprTraceStatus Infeasible)
server: |  |  Pruning from index 429...done
server: Refining abstraction done, result: (RefinerResult Spurious)
server: ! Precision DID change in this iteration
server: Iteration took 3s to run! 
server: ExplPreictor: Predicted 145.900s, Real 147.643s 
server:               Weight 1.0010283305190348 -> 1.001026999263057 
server: Iteration 110
server: | Checking abstraction...
server: |  |  PrecisionSize: 329
server: |  |  Starting ARG: 858 nodes, 216 incomplete, 0 unsafe
server: |  |  (StopCriterion FirstCex)...
server: |  |  Building ARG...
server: |  |  Finished ARG: 879 nodes, 222 incomplete, 1 unsafe
server: | Checking abstraction done, result: (AbstractorResult Unsafe)
server: | Refining abstraction...
server: |  |  Trace length: 439
server: |  |  Checking trace...done, result: (ExprTraceStatus Infeasible)
server: |  |  Pruning from index 433...done
server: Refining abstraction done, result: (RefinerResult Spurious)
server: ! Precision DID change in this iteration
server: Iteration took 2s to run! 
server: ExplPreictor: Predicted 149.459s, Real 150.086s 
server:               Weight 1.001026999263057 -> 1.0009968218190162 
server: Iteration 111
server: | Checking abstraction...
server: |  |  PrecisionSize: 332
server: |  |  Starting ARG: 866 nodes, 218 incomplete, 0 unsafe
server: |  |  (StopCriterion FirstCex)...
server: |  |  Building ARG...
server: |  |  Finished ARG: 887 nodes, 224 incomplete, 1 unsafe
server: | Checking abstraction done, result: (AbstractorResult Unsafe)
server: | Refining abstraction...
server: |  |  Trace length: 443
server: |  |  Checking trace...done, result: (ExprTraceStatus Infeasible)
server: |  |  Pruning from index 437...done
server: Refining abstraction done, result: (RefinerResult Spurious)
server: ! Precision DID change in this iteration
server: Iteration took 3s to run! 
server: ExplPreictor: Predicted 151.880s, Real 154.086s 
server:               Weight 1.0009968218190162 -> 1.00100626878556 
server: Iteration 112
server: | Checking abstraction...
server: |  |  PrecisionSize: 335
server: |  |  Starting ARG: 874 nodes, 220 incomplete, 0 unsafe
server: |  |  (StopCriterion FirstCex)...
server: |  |  Building ARG...
server: |  |  Finished ARG: 895 nodes, 226 incomplete, 1 unsafe
server: | Checking abstraction done, result: (AbstractorResult Unsafe)
server: | Refining abstraction...
server: |  |  Trace length: 447
server: |  |  Checking trace...done, result: (ExprTraceStatus Infeasible)
server: |  |  Pruning from index 441...done
server: Refining abstraction done, result: (RefinerResult Spurious)
server: ! Precision DID change in this iteration
server: Iteration took 2s to run! 
server: ExplPreictor: Predicted 155.949s, Real 156.952s 
server:               Weight 1.00100626878556 -> 1.0009853120232655 
server: Iteration 113
server: | Checking abstraction...
server: |  |  PrecisionSize: 338
server: |  |  Starting ARG: 882 nodes, 222 incomplete, 0 unsafe
server: |  |  (StopCriterion FirstCex)...
server: |  |  Building ARG...
server: |  |  Finished ARG: 903 nodes, 228 incomplete, 1 unsafe
server: | Checking abstraction done, result: (AbstractorResult Unsafe)
server: | Refining abstraction...
server: |  |  Trace length: 451
server: |  |  Checking trace...done, result: (ExprTraceStatus Infeasible)
server: |  |  Pruning from index 445...done
server: Refining abstraction done, result: (RefinerResult Spurious)
server: ! Precision DID change in this iteration
server: Iteration took 2s to run! 
server: ExplPreictor: Predicted 158.813s, Real 159.560s 
server:               Weight 1.0009853120232655 -> 1.000958907291411 
server: Iteration 114
server: | Checking abstraction...
server: |  |  PrecisionSize: 341
server: |  |  Starting ARG: 890 nodes, 224 incomplete, 0 unsafe
server: |  |  (StopCriterion FirstCex)...
server: |  |  Building ARG...
server: |  |  Finished ARG: 911 nodes, 230 incomplete, 1 unsafe
server: | Checking abstraction done, result: (AbstractorResult Unsafe)
server: | Refining abstraction...
server: |  |  Trace length: 455
server: |  |  Checking trace...done, result: (ExprTraceStatus Infeasible)
server: |  |  Pruning from index 449...done
server: Refining abstraction done, result: (RefinerResult Spurious)
server: ! Precision DID change in this iteration
server: Iteration took 2s to run! 
server: ExplPreictor: Predicted 161.404s, Real 162.264s 
server:               Weight 1.000958907291411 -> 1.0009360149322564 
server: Iteration 115
server: | Checking abstraction...
server: |  |  PrecisionSize: 344
server: |  |  Starting ARG: 898 nodes, 226 incomplete, 0 unsafe
server: |  |  (StopCriterion FirstCex)...
server: |  |  Building ARG...
server: |  |  Finished ARG: 919 nodes, 232 incomplete, 1 unsafe
server: | Checking abstraction done, result: (AbstractorResult Unsafe)
server: | Refining abstraction...
server: |  |  Trace length: 459
server: |  |  Checking trace...done, result: (ExprTraceStatus Infeasible)
server: |  |  Pruning from index 453...done
server: Refining abstraction done, result: (RefinerResult Spurious)
server: ! Precision DID change in this iteration
server: Iteration took 3s to run! 
server: ExplPreictor: Predicted 164.096s, Real 166.050s 
server:               Weight 1.0009360149322564 -> 1.000938211642855 
server: Iteration 116
server: | Checking abstraction...
server: |  |  PrecisionSize: 347
server: |  |  Starting ARG: 906 nodes, 228 incomplete, 0 unsafe
server: |  |  (StopCriterion FirstCex)...
server: |  |  Building ARG...
server: |  |  Finished ARG: 927 nodes, 234 incomplete, 1 unsafe
server: | Checking abstraction done, result: (AbstractorResult Unsafe)
server: | Refining abstraction...
server: |  |  Trace length: 463
server: |  |  Checking trace...done, result: (ExprTraceStatus Infeasible)
server: |  |  Pruning from index 457...done
server: Refining abstraction done, result: (RefinerResult Spurious)
server: ! Precision DID change in this iteration
server: Iteration took 4s to run! 
server: ExplPreictor: Predicted 167.933s, Real 170.763s 
server:               Weight 1.000938211642855 -> 1.0009581764925521 
server: Iteration 117
server: | Checking abstraction...
server: |  |  PrecisionSize: 350
server: |  |  Starting ARG: 914 nodes, 230 incomplete, 0 unsafe
server: |  |  (StopCriterion FirstCex)...
server: |  |  Building ARG...
server: |  |  Finished ARG: 935 nodes, 236 incomplete, 1 unsafe
server: | Checking abstraction done, result: (AbstractorResult Unsafe)
server: | Refining abstraction...
server: |  |  Trace length: 467
server: |  |  Checking trace...done, result: (ExprTraceStatus Infeasible)
server: |  |  Pruning from index 461...done
server: Refining abstraction done, result: (RefinerResult Spurious)
server: ! Precision DID change in this iteration
server: Iteration took 4s to run! 
server: ExplPreictor: Predicted 172.746s, Real 175.679s 
server:               Weight 1.0009581764925521 -> 1.0009775843872324 
server: Iteration 118
server: | Checking abstraction...
server: |  |  PrecisionSize: 353
server: |  |  Starting ARG: 922 nodes, 232 incomplete, 0 unsafe
server: |  |  (StopCriterion FirstCex)...
server: |  |  Building ARG...
server: |  |  Finished ARG: 943 nodes, 238 incomplete, 1 unsafe
server: | Checking abstraction done, result: (AbstractorResult Unsafe)
server: | Refining abstraction...
server: |  |  Trace length: 471
server: |  |  Checking trace...done, result: (ExprTraceStatus Infeasible)
server: |  |  Pruning from index 465...done
server: Refining abstraction done, result: (RefinerResult Spurious)
server: ! Precision DID change in this iteration
server: Iteration took 4s to run! 
server: ExplPreictor: Predicted 177.765s, Real 180.596s 
server:               Weight 1.0009775843872324 -> 1.000992179611206 
server: Iteration 119
server: | Checking abstraction...
server: |  |  PrecisionSize: 356
server: |  |  Starting ARG: 930 nodes, 234 incomplete, 0 unsafe
server: |  |  (StopCriterion FirstCex)...
server: |  |  Building ARG...
server: |  |  Finished ARG: 951 nodes, 240 incomplete, 1 unsafe
server: | Checking abstraction done, result: (AbstractorResult Unsafe)
server: | Refining abstraction...
server: |  |  Trace length: 475
server: |  |  Checking trace...done, result: (ExprTraceStatus Infeasible)
server: |  |  Pruning from index 469...done
server: Refining abstraction done, result: (RefinerResult Spurious)
server: ! Precision DID change in this iteration
server: Iteration took 4s to run! 
server: ExplPreictor: Predicted 182.778s, Real 185.576s 
server:               Weight 1.000992179611206 -> 1.0010037806914136 
server: Iteration 120
server: | Checking abstraction...
server: |  |  PrecisionSize: 359
server: |  |  Starting ARG: 938 nodes, 236 incomplete, 0 unsafe
server: |  |  (StopCriterion FirstCex)...
server: |  |  Building ARG...
server: |  |  Finished ARG: 959 nodes, 242 incomplete, 1 unsafe
server: | Checking abstraction done, result: (AbstractorResult Unsafe)
server: | Refining abstraction...
server: |  |  Trace length: 479
server: |  |  Checking trace...done, result: (ExprTraceStatus Infeasible)
server: |  |  Pruning from index 473...done
server: Refining abstraction done, result: (RefinerResult Spurious)
server: ! Precision DID change in this iteration
server: Iteration took 5s to run! 
server: ExplPreictor: Predicted 187.850s, Real 190.683s 
server:               Weight 1.0010037806914136 -> 1.00101393255959 
server: Iteration 121
server: | Checking abstraction...
server: |  |  PrecisionSize: 362
server: |  |  Starting ARG: 946 nodes, 238 incomplete, 0 unsafe
server: |  |  (StopCriterion FirstCex)...
server: |  |  Building ARG...
server: |  |  Finished ARG: 967 nodes, 244 incomplete, 1 unsafe
server: | Checking abstraction done, result: (AbstractorResult Unsafe)
server: | Refining abstraction...
server: |  |  Trace length: 483
server: |  |  Checking trace...done, result: (ExprTraceStatus Infeasible)
server: |  |  Pruning from index 477...done
server: Refining abstraction done, result: (RefinerResult Spurious)
server: ! Precision DID change in this iteration
server: Iteration took 5s to run! 
server: ExplPreictor: Predicted 193.048s, Real 195.779s 
server:               Weight 1.00101393255959 -> 1.0010201453559848 
server: Iteration 122
server: | Checking abstraction...
server: |  |  PrecisionSize: 365
server: |  |  Starting ARG: 954 nodes, 240 incomplete, 0 unsafe
server: |  |  (StopCriterion FirstCex)...
server: |  |  Building ARG...
server: |  |  Finished ARG: 975 nodes, 246 incomplete, 1 unsafe
server: | Checking abstraction done, result: (AbstractorResult Unsafe)
server: | Refining abstraction...
server: |  |  Trace length: 487
server: |  |  Checking trace...done, result: (ExprTraceStatus Infeasible)
server: |  |  Pruning from index 481...done
server: Refining abstraction done, result: (RefinerResult Spurious)
server: ! Precision DID change in this iteration
server: Iteration took 5s to run! 
server: ExplPreictor: Predicted 198.228s, Real 201.003s 
server:               Weight 1.0010201453559848 -> 1.001025450627579 
server: Iteration 123
server: | Checking abstraction...
server: |  |  PrecisionSize: 368
server: |  |  Starting ARG: 962 nodes, 242 incomplete, 0 unsafe
server: |  |  (StopCriterion FirstCex)...
server: |  |  Building ARG...
server: |  |  Finished ARG: 983 nodes, 248 incomplete, 1 unsafe
server: | Checking abstraction done, result: (AbstractorResult Unsafe)
server: | Refining abstraction...
server: |  |  Trace length: 491
server: |  |  Checking trace...done, result: (ExprTraceStatus Infeasible)
server: |  |  Pruning from index 485...done
server: Refining abstraction done, result: (RefinerResult Spurious)
server: ! Precision DID change in this iteration
server: Iteration took 5s to run! 
server: ExplPreictor: Predicted 203.536s, Real 206.201s 
server:               Weight 1.001025450627579 -> 1.0010271724637254 
server: Iteration 124
server: | Checking abstraction...
server: |  |  PrecisionSize: 371
server: |  |  Starting ARG: 970 nodes, 244 incomplete, 0 unsafe
server: |  |  (StopCriterion FirstCex)...
server: |  |  Building ARG...
server: |  |  Finished ARG: 991 nodes, 250 incomplete, 1 unsafe
server: | Checking abstraction done, result: (AbstractorResult Unsafe)
server: | Refining abstraction...
server: |  |  Trace length: 495
server: |  |  Checking trace...done, result: (ExprTraceStatus Infeasible)
server: |  |  Pruning from index 489...done
server: Refining abstraction done, result: (RefinerResult Spurious)
server: ! Precision DID change in this iteration
server: Iteration took 5s to run! 
server: ExplPreictor: Predicted 208.809s, Real 211.419s 
server:               Weight 1.0010271724637254 -> 1.0010265917519494 
server: Iteration 125
server: | Checking abstraction...
server: |  |  PrecisionSize: 374
server: |  |  Starting ARG: 978 nodes, 246 incomplete, 0 unsafe
server: |  |  (StopCriterion FirstCex)...
server: |  |  Building ARG...
server: |  |  Finished ARG: 999 nodes, 252 incomplete, 1 unsafe
server: | Checking abstraction done, result: (AbstractorResult Unsafe)
server: | Refining abstraction...
server: |  |  Trace length: 499
server: |  |  Checking trace...done, result: (ExprTraceStatus Infeasible)
server: |  |  Pruning from index 493...done
server: Refining abstraction done, result: (RefinerResult Spurious)
server: ! Precision DID change in this iteration
server: Iteration took 5s to run! 
server: ExplPreictor: Predicted 214.097s, Real 216.658s 
server:               Weight 1.0010265917519494 -> 1.00102403025163 
server: Iteration 126
server: | Checking abstraction...
server: |  |  PrecisionSize: 377
server: |  |  Starting ARG: 986 nodes, 248 incomplete, 0 unsafe
server: |  |  (StopCriterion FirstCex)...
server: |  |  Building ARG...
server: |  |  Finished ARG: 1007 nodes, 254 incomplete, 1 unsafe
server: | Checking abstraction done, result: (AbstractorResult Unsafe)
server: | Refining abstraction...
server: |  |  Trace length: 503
server: |  |  Checking trace...done, result: (ExprTraceStatus Infeasible)
server: |  |  Pruning from index 497...done
server: Refining abstraction done, result: (RefinerResult Spurious)
server: ! Precision DID change in this iteration
server: Iteration took 5s to run! 
server: ExplPreictor: Predicted 219.401s, Real 221.955s 
server:               Weight 1.00102403025163 -> 1.0010203565720843 
server: Iteration 127
server: | Checking abstraction...
server: |  |  PrecisionSize: 380
server: |  |  Starting ARG: 994 nodes, 250 incomplete, 0 unsafe
server: |  |  (StopCriterion FirstCex)...
server: |  |  Building ARG...
server: |  |  Finished ARG: 1015 nodes, 256 incomplete, 1 unsafe
server: | Checking abstraction done, result: (AbstractorResult Unsafe)
server: | Refining abstraction...
server: |  |  Trace length: 507
server: |  |  Checking trace...done, result: (ExprTraceStatus Infeasible)
server: |  |  Pruning from index 501...done
server: Refining abstraction done, result: (RefinerResult Spurious)
server: ! Precision DID change in this iteration
server: Iteration took 5s to run! 
server: ExplPreictor: Predicted 224.761s, Real 227.340s 
server:               Weight 1.0010203565720843 -> 1.0010161839765108 
server: Iteration 128
server: | Checking abstraction...
server: |  |  PrecisionSize: 383
server: |  |  Starting ARG: 1002 nodes, 252 incomplete, 0 unsafe
server: |  |  (StopCriterion FirstCex)...
server: |  |  Building ARG...
server: |  |  Finished ARG: 1023 nodes, 258 incomplete, 1 unsafe
server: | Checking abstraction done, result: (AbstractorResult Unsafe)
server: | Refining abstraction...
server: |  |  Trace length: 511
server: |  |  Checking trace...done, result: (ExprTraceStatus Infeasible)
server: |  |  Pruning from index 505...done
server: Refining abstraction done, result: (RefinerResult Spurious)
server: ! Precision DID change in this iteration
server: Iteration took 5s to run! 
server: ExplPreictor: Predicted 230.207s, Real 232.795s 
server:               Weight 1.0010161839765108 -> 1.0010112825397903 
server: Iteration 129
server: | Checking abstraction...
server: |  |  PrecisionSize: 386
server: |  |  Starting ARG: 1010 nodes, 254 incomplete, 0 unsafe
server: |  |  (StopCriterion FirstCex)...
server: |  |  Building ARG...
server: |  |  Finished ARG: 1031 nodes, 260 incomplete, 1 unsafe
server: | Checking abstraction done, result: (AbstractorResult Unsafe)
server: | Refining abstraction...
server: |  |  Trace length: 515
server: |  |  Checking trace...done, result: (ExprTraceStatus Infeasible)
server: |  |  Pruning from index 509...done
server: Refining abstraction done, result: (RefinerResult Spurious)
server: ! Precision DID change in this iteration
server: Iteration took 3s to run! 
server: ExplPreictor: Predicted 235.723s, Real 236.142s 
server:               Weight 1.0010112825397903 -> 1.000972947299454 
server: Iteration 130
server: | Checking abstraction...
server: |  |  PrecisionSize: 389
server: |  |  Starting ARG: 1018 nodes, 256 incomplete, 0 unsafe
server: |  |  (StopCriterion FirstCex)...
server: |  |  Building ARG...
server: |  |  Finished ARG: 1039 nodes, 262 incomplete, 1 unsafe
server: | Checking abstraction done, result: (AbstractorResult Unsafe)
server: | Refining abstraction...
server: |  |  Trace length: 519
server: |  |  Checking trace...done, result: (ExprTraceStatus Infeasible)
server: |  |  Pruning from index 513...done
server: Refining abstraction done, result: (RefinerResult Spurious)
server: ! Precision DID change in this iteration
server: Iteration took 3s to run! 
server: ExplPreictor: Predicted 239.002s, Real 239.417s 
server:               Weight 1.000972947299454 -> 1.000936225078957 
server: Iteration 131
server: | Checking abstraction...
server: |  |  PrecisionSize: 392
server: |  |  Starting ARG: 1026 nodes, 258 incomplete, 0 unsafe
server: |  |  (StopCriterion FirstCex)...
server: |  |  Building ARG...
server: |  |  Finished ARG: 1047 nodes, 264 incomplete, 1 unsafe
server: | Checking abstraction done, result: (AbstractorResult Unsafe)
server: | Refining abstraction...
server: |  |  Trace length: 523
server: |  |  Checking trace...done, result: (ExprTraceStatus Infeasible)
server: |  |  Pruning from index 517...done
server: Refining abstraction done, result: (RefinerResult Spurious)
server: ! Precision DID change in this iteration
server: Iteration took 3s to run! 
server: ExplPreictor: Predicted 242.209s, Real 242.658s 
server:               Weight 1.000936225078957 -> 1.0009015921318907 
server: Iteration 132
server: | Checking abstraction...
server: |  |  PrecisionSize: 395
server: |  |  Starting ARG: 1034 nodes, 260 incomplete, 0 unsafe
server: |  |  (StopCriterion FirstCex)...
server: |  |  Building ARG...
server: |  |  Finished ARG: 1055 nodes, 266 incomplete, 1 unsafe
server: | Checking abstraction done, result: (AbstractorResult Unsafe)
server: | Refining abstraction...
server: |  |  Trace length: 527
server: |  |  Checking trace...done, result: (ExprTraceStatus Infeasible)
server: |  |  Pruning from index 521...done
server: Refining abstraction done, result: (RefinerResult Spurious)
server: ! Precision DID change in this iteration
server: Iteration took 3s to run! 
server: ExplPreictor: Predicted 245.386s, Real 245.969s 
server:               Weight 1.0009015921318907 -> 1.000870393287708 
server: Iteration 133
server: | Checking abstraction...
server: |  |  PrecisionSize: 398
server: |  |  Starting ARG: 1042 nodes, 262 incomplete, 0 unsafe
server: |  |  (StopCriterion FirstCex)...
server: |  |  Building ARG...
server: |  |  Finished ARG: 1063 nodes, 268 incomplete, 1 unsafe
server: | Checking abstraction done, result: (AbstractorResult Unsafe)
server: | Refining abstraction...
server: |  |  Trace length: 531
server: |  |  Checking trace...done, result: (ExprTraceStatus Infeasible)
server: |  |  Pruning from index 525...done
server: Refining abstraction done, result: (RefinerResult Spurious)
server: ! Precision DID change in this iteration
server: Iteration took 4s to run! 
server: ExplPreictor: Predicted 248.641s, Real 250.159s 
server:               Weight 1.000870393287708 -> 1.000853715895716 
server: Iteration 134
server: | Checking abstraction...
server: |  |  PrecisionSize: 401
server: |  |  Starting ARG: 1050 nodes, 264 incomplete, 0 unsafe
server: |  |  (StopCriterion FirstCex)...
server: |  |  Building ARG...
server: |  |  Finished ARG: 1071 nodes, 270 incomplete, 1 unsafe
server: | Checking abstraction done, result: (AbstractorResult Unsafe)
server: | Refining abstraction...
server: |  |  Trace length: 535
server: |  |  Checking trace...done, result: (ExprTraceStatus Infeasible)
server: |  |  Pruning from index 529...done
server: Refining abstraction done, result: (RefinerResult Spurious)
server: ! Precision DID change in this iteration
server: Iteration took 5s to run! 
server: ExplPreictor: Predicted 252.828s, Real 255.993s 
server:               Weight 1.000853715895716 -> 1.000860125246964 
server: Iteration 135
server: | Checking abstraction...
server: |  |  PrecisionSize: 404
server: |  |  Starting ARG: 1058 nodes, 266 incomplete, 0 unsafe
server: |  |  (StopCriterion FirstCex)...
server: |  |  Building ARG...
server: |  |  Finished ARG: 1079 nodes, 272 incomplete, 1 unsafe
server: | Checking abstraction done, result: (AbstractorResult Unsafe)
server: | Refining abstraction...
server: |  |  Trace length: 539
server: |  |  Checking trace...done, result: (ExprTraceStatus Infeasible)
server: |  |  Pruning from index 533...done
server: Refining abstraction done, result: (RefinerResult Spurious)
server: ! Precision DID change in this iteration
server: Iteration took 5s to run! 
server: ExplPreictor: Predicted 258.750s, Real 261.826s 
server:               Weight 1.000860125246964 -> 1.0008639839851485 
server: Iteration 136
server: | Checking abstraction...
server: |  |  PrecisionSize: 407
server: |  |  Starting ARG: 1066 nodes, 268 incomplete, 0 unsafe
server: |  |  (StopCriterion FirstCex)...
server: |  |  Building ARG...
server: |  |  Finished ARG: 1087 nodes, 274 incomplete, 1 unsafe
server: | Checking abstraction done, result: (AbstractorResult Unsafe)
server: | Refining abstraction...
server: |  |  Trace length: 543
server: |  |  Checking trace...done, result: (ExprTraceStatus Infeasible)
server: |  |  Pruning from index 537...done
server: Refining abstraction done, result: (RefinerResult Spurious)
server: ! Precision DID change in this iteration
server: Iteration took 4s to run! 
server: ExplPreictor: Predicted 264.663s, Real 266.585s 
server:               Weight 1.0008639839851485 -> 1.0008515304946857 
server: Iteration 137
server: | Checking abstraction...
server: |  |  PrecisionSize: 410
server: |  |  Starting ARG: 1074 nodes, 270 incomplete, 0 unsafe
server: |  |  (StopCriterion FirstCex)...
server: |  |  Building ARG...
server: |  |  Finished ARG: 1095 nodes, 276 incomplete, 1 unsafe
server: | Checking abstraction done, result: (AbstractorResult Unsafe)
server: | Refining abstraction...
server: |  |  Trace length: 547
server: |  |  Checking trace...done, result: (ExprTraceStatus Infeasible)
server: |  |  Pruning from index 541...done
server: Refining abstraction done, result: (RefinerResult Spurious)
server: ! Precision DID change in this iteration
server: Iteration took 5s to run! 
server: ExplPreictor: Predicted 269.436s, Real 271.630s 
server:               Weight 1.0008515304946857 -> 1.0008426559828143 
server: Iteration 138
server: | Checking abstraction...
server: |  |  PrecisionSize: 413
server: |  |  Starting ARG: 1082 nodes, 272 incomplete, 0 unsafe
server: |  |  (StopCriterion FirstCex)...
server: |  |  Building ARG...
server: |  |  Finished ARG: 1103 nodes, 278 incomplete, 1 unsafe
server: | Checking abstraction done, result: (AbstractorResult Unsafe)
server: | Refining abstraction...
server: |  |  Trace length: 551
server: |  |  Checking trace...done, result: (ExprTraceStatus Infeasible)
server: |  |  Pruning from index 545...done
server: Refining abstraction done, result: (RefinerResult Spurious)
server: ! Precision DID change in this iteration
server: Iteration took 5s to run! 
server: ExplPreictor: Predicted 274.509s, Real 277.436s 
server:               Weight 1.0008426559828143 -> 1.0008428429004903 
server: Iteration 139
server: | Checking abstraction...
server: |  |  PrecisionSize: 416
server: |  |  Starting ARG: 1090 nodes, 274 incomplete, 0 unsafe
server: |  |  (StopCriterion FirstCex)...
server: |  |  Building ARG...
server: |  |  Finished ARG: 1111 nodes, 280 incomplete, 1 unsafe
server: | Checking abstraction done, result: (AbstractorResult Unsafe)
server: | Refining abstraction...
server: |  |  Trace length: 555
server: |  |  Checking trace...done, result: (ExprTraceStatus Infeasible)
server: |  |  Pruning from index 549...done
server: Refining abstraction done, result: (RefinerResult Spurious)
server: ! Precision DID change in this iteration
server: Iteration took 5s to run! 
server: ExplPreictor: Predicted 280.382s, Real 283.029s 
server:               Weight 1.0008428429004903 -> 1.0008387461227297 
server: Iteration 140
server: | Checking abstraction...
server: |  |  PrecisionSize: 419
server: |  |  Starting ARG: 1098 nodes, 276 incomplete, 0 unsafe
server: |  |  (StopCriterion FirstCex)...
server: |  |  Building ARG...
server: |  |  Finished ARG: 1119 nodes, 282 incomplete, 1 unsafe
server: | Checking abstraction done, result: (AbstractorResult Unsafe)
server: | Refining abstraction...
server: |  |  Trace length: 559
server: |  |  Checking trace...done, result: (ExprTraceStatus Infeasible)
server: |  |  Pruning from index 553...done
server: Refining abstraction done, result: (RefinerResult Spurious)
server: ! Precision DID change in this iteration
server: Iteration took 3s to run! 
server: ExplPreictor: Predicted 286.025s, Real 286.610s 
server:               Weight 1.0008387461227297 -> 1.0008092490361395 
server: Iteration 141
server: | Checking abstraction...
server: |  |  PrecisionSize: 422
server: |  |  Starting ARG: 1106 nodes, 278 incomplete, 0 unsafe
server: |  |  (StopCriterion FirstCex)...
server: |  |  Building ARG...
server: |  |  Finished ARG: 1127 nodes, 284 incomplete, 1 unsafe
server: | Checking abstraction done, result: (AbstractorResult Unsafe)
server: | Refining abstraction...
server: |  |  Trace length: 563
server: |  |  Checking trace...done, result: (ExprTraceStatus Infeasible)
server: |  |  Pruning from index 557...done
server: Refining abstraction done, result: (RefinerResult Spurious)
server: ! Precision DID change in this iteration
server: Iteration took 3s to run! 
server: ExplPreictor: Predicted 289.539s, Real 290.214s 
server:               Weight 1.0008092490361395 -> 1.0007820627837 
server: Iteration 142
server: | Checking abstraction...
server: |  |  PrecisionSize: 425
server: |  |  Starting ARG: 1114 nodes, 280 incomplete, 0 unsafe
server: |  |  (StopCriterion FirstCex)...
server: |  |  Building ARG...
server: |  |  Finished ARG: 1135 nodes, 286 incomplete, 1 unsafe
server: | Checking abstraction done, result: (AbstractorResult Unsafe)
server: | Refining abstraction...
server: |  |  Trace length: 567
server: |  |  Checking trace...done, result: (ExprTraceStatus Infeasible)
server: |  |  Pruning from index 561...done
server: Refining abstraction done, result: (RefinerResult Spurious)
server: ! Precision DID change in this iteration
server: Iteration took 5s to run! 
server: ExplPreictor: Predicted 293.083s, Real 296.156s 
server:               Weight 1.0007820627837 -> 1.0007840865461117 
server: Iteration 143
server: | Checking abstraction...
server: |  |  PrecisionSize: 428
server: |  |  Starting ARG: 1122 nodes, 282 incomplete, 0 unsafe
server: |  |  (StopCriterion FirstCex)...
server: |  |  Building ARG...
server: |  |  Finished ARG: 1143 nodes, 288 incomplete, 1 unsafe
server: | Checking abstraction done, result: (AbstractorResult Unsafe)
server: | Refining abstraction...
server: |  |  Trace length: 571
server: |  |  Checking trace...done, result: (ExprTraceStatus Infeasible)
server: |  |  Pruning from index 565...done
server: Refining abstraction done, result: (RefinerResult Spurious)
server: ! Precision DID change in this iteration
server: Iteration took 4s to run! 
server: ExplPreictor: Predicted 299.096s, Real 301.120s 
server:               Weight 1.0007840865461117 -> 1.0007732553662292 
server: Iteration 144
server: | Checking abstraction...
server: |  |  PrecisionSize: 431
server: |  |  Starting ARG: 1130 nodes, 284 incomplete, 0 unsafe
server: |  |  (StopCriterion FirstCex)...
server: |  |  Building ARG...
server: |  |  Finished ARG: 1151 nodes, 290 incomplete, 1 unsafe
server: | Checking abstraction done, result: (AbstractorResult Unsafe)
server: | Refining abstraction...
server: |  |  Trace length: 575
server: |  |  Checking trace...done, result: (ExprTraceStatus Infeasible)
server: |  |  Pruning from index 569...done
server: Refining abstraction done, result: (RefinerResult Spurious)
server: ! Precision DID change in this iteration
server: Iteration took 3s to run! 
server: ExplPreictor: Predicted 304.072s, Real 304.957s 
server:               Weight 1.0007732553662292 -> 1.0007496777895908 
server: Iteration 145
server: | Checking abstraction...
server: |  |  PrecisionSize: 434
server: |  |  Starting ARG: 1138 nodes, 286 incomplete, 0 unsafe
server: |  |  (StopCriterion FirstCex)...
server: |  |  Building ARG...
server: |  |  Finished ARG: 1159 nodes, 292 incomplete, 1 unsafe
server: | Checking abstraction done, result: (AbstractorResult Unsafe)
server: | Refining abstraction...
server: |  |  Trace length: 579
server: |  |  Checking trace...done, result: (ExprTraceStatus Infeasible)
server: |  |  Pruning from index 573...done
server: Refining abstraction done, result: (RefinerResult Spurious)
server: ! Precision DID change in this iteration
server: Iteration took 3s to run! 
server: ExplPreictor: Predicted 307.858s, Real 308.843s 
server:               Weight 1.0007496777895908 -> 1.0007281379975606 
server: Iteration 146
server: | Checking abstraction...
server: |  |  PrecisionSize: 437
server: |  |  Starting ARG: 1146 nodes, 288 incomplete, 0 unsafe
server: |  |  (StopCriterion FirstCex)...
server: |  |  Building ARG...
server: |  |  Finished ARG: 1167 nodes, 294 incomplete, 1 unsafe
server: | Checking abstraction done, result: (AbstractorResult Unsafe)
server: | Refining abstraction...
server: |  |  Trace length: 583
server: |  |  Checking trace...done, result: (ExprTraceStatus Infeasible)
server: |  |  Pruning from index 577...done
server: Refining abstraction done, result: (RefinerResult Spurious)
server: ! Precision DID change in this iteration
server: Iteration took 3s to run! 
server: ExplPreictor: Predicted 311.699s, Real 312.645s 
server:               Weight 1.0007281379975606 -> 1.0007069897629528 
server: Iteration 147
server: | Checking abstraction...
server: |  |  PrecisionSize: 440
server: |  |  Starting ARG: 1154 nodes, 290 incomplete, 0 unsafe
server: |  |  (StopCriterion FirstCex)...
server: |  |  Building ARG...
server: |  |  Finished ARG: 1175 nodes, 296 incomplete, 1 unsafe
server: | Checking abstraction done, result: (AbstractorResult Unsafe)
server: | Refining abstraction...
server: |  |  Trace length: 587
server: |  |  Checking trace...done, result: (ExprTraceStatus Infeasible)
server: |  |  Pruning from index 581...done
server: Refining abstraction done, result: (RefinerResult Spurious)
server: ! Precision DID change in this iteration
server: Iteration took 3s to run! 
server: ExplPreictor: Predicted 315.454s, Real 316.437s 
server:               Weight 1.0007069897629528 -> 1.0006870473952767 
server: Iteration 148
server: | Checking abstraction...
server: |  |  PrecisionSize: 443
server: |  |  Starting ARG: 1162 nodes, 292 incomplete, 0 unsafe
server: |  |  (StopCriterion FirstCex)...
server: |  |  Building ARG...
server: |  |  Finished ARG: 1183 nodes, 298 incomplete, 1 unsafe
server: | Checking abstraction done, result: (AbstractorResult Unsafe)
server: | Refining abstraction...
server: |  |  Trace length: 591
server: |  |  Checking trace...done, result: (ExprTraceStatus Infeasible)
server: |  |  Pruning from index 585...done
server: Refining abstraction done, result: (RefinerResult Spurious)
server: ! Precision DID change in this iteration
server: Iteration took 3s to run! 
server: ExplPreictor: Predicted 319.202s, Real 320.327s 
server:               Weight 1.0006870473952767 -> 1.000669368828701 
server: Iteration 149
server: | Checking abstraction...
server: |  |  PrecisionSize: 446
server: |  |  Starting ARG: 1170 nodes, 294 incomplete, 0 unsafe
server: |  |  (StopCriterion FirstCex)...
server: |  |  Building ARG...
server: |  |  Finished ARG: 1191 nodes, 300 incomplete, 1 unsafe
server: | Checking abstraction done, result: (AbstractorResult Unsafe)
server: | Refining abstraction...
server: |  |  Trace length: 595
server: |  |  Checking trace...done, result: (ExprTraceStatus Infeasible)
server: |  |  Pruning from index 589...done
server: Refining abstraction done, result: (RefinerResult Spurious)
server: ! Precision DID change in this iteration
server: Iteration took 3s to run! 
server: ExplPreictor: Predicted 323.057s, Real 324.195s 
server:               Weight 1.000669368828701 -> 1.0006524661181873 
server: Iteration 150
server: | Checking abstraction...
server: |  |  PrecisionSize: 449
server: |  |  Starting ARG: 1178 nodes, 296 incomplete, 0 unsafe
server: |  |  (StopCriterion FirstCex)...
server: |  |  Building ARG...
server: |  |  Finished ARG: 1199 nodes, 302 incomplete, 1 unsafe
server: | Checking abstraction done, result: (AbstractorResult Unsafe)
server: | Refining abstraction...
server: |  |  Trace length: 599
server: |  |  Checking trace...done, result: (ExprTraceStatus Infeasible)
server: |  |  Pruning from index 593...done
server: Refining abstraction done, result: (RefinerResult Spurious)
server: ! Precision DID change in this iteration
server: Iteration took 3s to run! 
server: ExplPreictor: Predicted 326.890s, Real 328.148s 
server:               Weight 1.0006524661181873 -> 1.0006373979523393 
server: Iteration 151
server: | Checking abstraction...
server: |  |  PrecisionSize: 452
server: |  |  Starting ARG: 1186 nodes, 298 incomplete, 0 unsafe
server: |  |  (StopCriterion FirstCex)...
server: |  |  Building ARG...
server: |  |  Finished ARG: 1207 nodes, 304 incomplete, 1 unsafe
server: | Checking abstraction done, result: (AbstractorResult Unsafe)
server: | Refining abstraction...
server: |  |  Trace length: 603
server: |  |  Checking trace...done, result: (ExprTraceStatus Infeasible)
server: |  |  Pruning from index 597...done
server: Refining abstraction done, result: (RefinerResult Spurious)
server: ! Precision DID change in this iteration
server: Iteration took 6s to run! 
server: ExplPreictor: Predicted 330.815s, Real 334.225s 
server:               Weight 1.0006373979523393 -> 1.00064468191212 
server: Iteration 152
server: | Checking abstraction...
server: |  |  PrecisionSize: 455
server: |  |  Starting ARG: 1194 nodes, 300 incomplete, 0 unsafe
server: |  |  (StopCriterion FirstCex)...
server: |  |  Building ARG...
server: |  |  Finished ARG: 1215 nodes, 306 incomplete, 1 unsafe
server: | Checking abstraction done, result: (AbstractorResult Unsafe)
server: | Refining abstraction...
server: |  |  Trace length: 607
server: |  |  Checking trace...done, result: (ExprTraceStatus Infeasible)
server: |  |  Pruning from index 601...done
server: Refining abstraction done, result: (RefinerResult Spurious)
server: ! Precision DID change in this iteration
server: Iteration took 6s to run! 
server: ExplPreictor: Predicted 336.977s, Real 340.912s 
server:               Weight 1.00064468191212 -> 1.000656180440177 
server: Iteration 153
server: | Checking abstraction...
server: |  |  PrecisionSize: 458
server: |  |  Starting ARG: 1202 nodes, 302 incomplete, 0 unsafe
server: |  |  (StopCriterion FirstCex)...
server: |  |  Building ARG...
server: |  |  Finished ARG: 1223 nodes, 308 incomplete, 1 unsafe
server: | Checking abstraction done, result: (AbstractorResult Unsafe)
server: | Refining abstraction...
server: |  |  Trace length: 611
server: |  |  Checking trace...done, result: (ExprTraceStatus Infeasible)
server: |  |  Pruning from index 605...done
server: Refining abstraction done, result: (RefinerResult Spurious)
server: ! Precision DID change in this iteration
server: Iteration took 5s to run! 
server: ExplPreictor: Predicted 343.774s, Real 346.430s 
server:               Weight 1.000656180440177 -> 1.0006539286533858 
server: Iteration 154
server: | Checking abstraction...
server: |  |  PrecisionSize: 461
server: |  |  Starting ARG: 1210 nodes, 304 incomplete, 0 unsafe
server: |  |  (StopCriterion FirstCex)...
server: |  |  Building ARG...
server: |  |  Finished ARG: 1231 nodes, 310 incomplete, 1 unsafe
server: | Checking abstraction done, result: (AbstractorResult Unsafe)
server: | Refining abstraction...
server: |  |  Trace length: 615
server: |  |  Checking trace...done, result: (ExprTraceStatus Infeasible)
server: |  |  Pruning from index 609...done
server: Refining abstraction done, result: (RefinerResult Spurious)
server: ! Precision DID change in this iteration
server: Iteration took 4s to run! 
server: ExplPreictor: Predicted 349.332s, Real 350.550s 
server:               Weight 1.0006539286533858 -> 1.0006375523814697 
server: Iteration 155
server: | Checking abstraction...
server: |  |  PrecisionSize: 464
server: |  |  Starting ARG: 1218 nodes, 306 incomplete, 0 unsafe
server: |  |  (StopCriterion FirstCex)...
server: |  |  Building ARG...
server: |  |  Finished ARG: 1239 nodes, 312 incomplete, 1 unsafe
server: | Checking abstraction done, result: (AbstractorResult Unsafe)
server: | Refining abstraction...
server: |  |  Trace length: 619
server: |  |  Checking trace...done, result: (ExprTraceStatus Infeasible)
server: |  |  Pruning from index 613...done
server: Refining abstraction done, result: (RefinerResult Spurious)
server: ! Precision DID change in this iteration
server: Iteration took 4s to run! 
server: ExplPreictor: Predicted 353.415s, Real 354.690s 
server:               Weight 1.0006375523814697 -> 1.0006222898033275 
server: Iteration 156
server: | Checking abstraction...
server: |  |  PrecisionSize: 467
server: |  |  Starting ARG: 1226 nodes, 308 incomplete, 0 unsafe
server: |  |  (StopCriterion FirstCex)...
server: |  |  Building ARG...
server: |  |  Finished ARG: 1247 nodes, 314 incomplete, 1 unsafe
server: | Checking abstraction done, result: (AbstractorResult Unsafe)
server: | Refining abstraction...
server: |  |  Trace length: 623
server: |  |  Checking trace...done, result: (ExprTraceStatus Infeasible)
server: |  |  Pruning from index 617...done
server: Refining abstraction done, result: (RefinerResult Spurious)
server: ! Precision DID change in this iteration
server: Iteration took 4s to run! 
server: ExplPreictor: Predicted 357.522s, Real 358.905s 
server:               Weight 1.0006222898033275 -> 1.0006085608997577 
server: Iteration 157
server: | Checking abstraction...
server: |  |  PrecisionSize: 470
server: |  |  Starting ARG: 1234 nodes, 310 incomplete, 0 unsafe
server: |  |  (StopCriterion FirstCex)...
server: |  |  Building ARG...
server: |  |  Finished ARG: 1255 nodes, 316 incomplete, 1 unsafe
server: | Checking abstraction done, result: (AbstractorResult Unsafe)
server: | Refining abstraction...
server: |  |  Trace length: 627
server: |  |  Checking trace...done, result: (ExprTraceStatus Infeasible)
server: |  |  Pruning from index 621...done
server: Refining abstraction done, result: (RefinerResult Spurious)
server: ! Precision DID change in this iteration
server: Iteration took 4s to run! 
server: ExplPreictor: Predicted 361.710s, Real 363.246s 
server:               Weight 1.0006085608997577 -> 1.0005966852378028 
server: Iteration 158
server: | Checking abstraction...
server: |  |  PrecisionSize: 473
server: |  |  Starting ARG: 1242 nodes, 312 incomplete, 0 unsafe
server: |  |  (StopCriterion FirstCex)...
server: |  |  Building ARG...
server: |  |  Finished ARG: 1263 nodes, 318 incomplete, 1 unsafe
server: | Checking abstraction done, result: (AbstractorResult Unsafe)
server: | Refining abstraction...
server: |  |  Trace length: 631
server: |  |  Checking trace...done, result: (ExprTraceStatus Infeasible)
server: |  |  Pruning from index 625...done
server: Refining abstraction done, result: (RefinerResult Spurious)
server: ! Precision DID change in this iteration
server: Iteration took 4s to run! 
server: ExplPreictor: Predicted 366.032s, Real 367.683s 
server:               Weight 1.0005966852378028 -> 1.0005861947412005 
server: Iteration 159
server: | Checking abstraction...
server: |  |  PrecisionSize: 476
server: |  |  Starting ARG: 1250 nodes, 314 incomplete, 0 unsafe
server: |  |  (StopCriterion FirstCex)...
server: |  |  Building ARG...
server: |  |  Finished ARG: 1271 nodes, 320 incomplete, 1 unsafe
server: | Checking abstraction done, result: (AbstractorResult Unsafe)
server: | Refining abstraction...
server: |  |  Trace length: 635
server: |  |  Checking trace...done, result: (ExprTraceStatus Infeasible)
server: |  |  Pruning from index 629...done
server: Refining abstraction done, result: (RefinerResult Spurious)
server: ! Precision DID change in this iteration
server: Iteration took 4s to run! 
server: ExplPreictor: Predicted 370.455s, Real 372.196s 
server:               Weight 1.0005861947412005 -> 1.0005767676039905 
server: Iteration 160
server: | Checking abstraction...
server: |  |  PrecisionSize: 479
server: |  |  Starting ARG: 1258 nodes, 316 incomplete, 0 unsafe
server: |  |  (StopCriterion FirstCex)...
server: |  |  Building ARG...
server: |  |  Finished ARG: 1279 nodes, 322 incomplete, 1 unsafe
server: | Checking abstraction done, result: (AbstractorResult Unsafe)
server: | Refining abstraction...
server: |  |  Trace length: 639
server: |  |  Checking trace...done, result: (ExprTraceStatus Infeasible)
server: |  |  Pruning from index 633...done
server: Refining abstraction done, result: (RefinerResult Spurious)
server: ! Precision DID change in this iteration
server: Iteration took 4s to run! 
server: ExplPreictor: Predicted 374.960s, Real 376.937s 
server:               Weight 1.0005767676039905 -> 1.0005696386568856 
server: Iteration 161
server: | Checking abstraction...
server: |  |  PrecisionSize: 482
server: |  |  Starting ARG: 1266 nodes, 318 incomplete, 0 unsafe
server: |  |  (StopCriterion FirstCex)...
server: |  |  Building ARG...
server: |  |  Finished ARG: 1287 nodes, 324 incomplete, 1 unsafe
server: | Checking abstraction done, result: (AbstractorResult Unsafe)
server: | Refining abstraction...
server: |  |  Trace length: 643
server: |  |  Checking trace...done, result: (ExprTraceStatus Infeasible)
server: |  |  Pruning from index 637...done
server: Refining abstraction done, result: (RefinerResult Spurious)
server: ! Precision DID change in this iteration
server: Iteration took 4s to run! 
server: ExplPreictor: Predicted 379.704s, Real 381.492s 
server:               Weight 1.0005696386568856 -> 1.0005609385061318 
server: Iteration 162
server: | Checking abstraction...
server: |  |  PrecisionSize: 485
server: |  |  Starting ARG: 1274 nodes, 320 incomplete, 0 unsafe
server: |  |  (StopCriterion FirstCex)...
server: |  |  Building ARG...
server: |  |  Finished ARG: 1295 nodes, 326 incomplete, 1 unsafe
server: | Checking abstraction done, result: (AbstractorResult Unsafe)
server: | Refining abstraction...
server: |  |  Trace length: 647
server: |  |  Checking trace...done, result: (ExprTraceStatus Infeasible)
server: |  |  Pruning from index 641...done
server: Refining abstraction done, result: (RefinerResult Spurious)
server: ! Precision DID change in this iteration
server: Iteration took 4s to run! 
server: ExplPreictor: Predicted 384.252s, Real 385.987s 
server:               Weight 1.0005609385061318 -> 1.0005519625720896 
server: Iteration 163
server: | Checking abstraction...
server: |  |  PrecisionSize: 488
server: |  |  Starting ARG: 1282 nodes, 322 incomplete, 0 unsafe
server: |  |  (StopCriterion FirstCex)...
server: |  |  Building ARG...
server: |  |  Finished ARG: 1303 nodes, 328 incomplete, 1 unsafe
server: | Checking abstraction done, result: (AbstractorResult Unsafe)
server: | Refining abstraction...
server: |  |  Trace length: 651
server: |  |  Checking trace...done, result: (ExprTraceStatus Infeasible)
server: |  |  Pruning from index 645...done
server: Refining abstraction done, result: (RefinerResult Spurious)
server: ! Precision DID change in this iteration
server: Iteration took 4s to run! 
server: ExplPreictor: Predicted 388.737s, Real 390.926s 
server:               Weight 1.0005519625720896 -> 1.0005470342979577 
server: Iteration 164
server: | Checking abstraction...
server: |  |  PrecisionSize: 491
server: |  |  Starting ARG: 1290 nodes, 324 incomplete, 0 unsafe
server: |  |  (StopCriterion FirstCex)...
server: |  |  Building ARG...
server: |  |  Finished ARG: 1311 nodes, 330 incomplete, 1 unsafe
server: | Checking abstraction done, result: (AbstractorResult Unsafe)
server: | Refining abstraction...
server: |  |  Trace length: 655
server: |  |  Checking trace...done, result: (ExprTraceStatus Infeasible)
server: |  |  Pruning from index 649...done
server: Refining abstraction done, result: (RefinerResult Spurious)
server: ! Precision DID change in this iteration
server: Iteration took 5s to run! 
server: ExplPreictor: Predicted 393.689s, Real 396.088s 
server:               Weight 1.0005470342979577 -> 1.0005438200033754 
server: Iteration 165
server: | Checking abstraction...
server: |  |  PrecisionSize: 494
server: |  |  Starting ARG: 1298 nodes, 326 incomplete, 0 unsafe
server: |  |  (StopCriterion FirstCex)...
server: |  |  Building ARG...
server: |  |  Finished ARG: 1319 nodes, 332 incomplete, 1 unsafe
server: | Checking abstraction done, result: (AbstractorResult Unsafe)
server: | Refining abstraction...
server: |  |  Trace length: 659
server: |  |  Checking trace...done, result: (ExprTraceStatus Infeasible)
server: |  |  Pruning from index 653...done
server: Refining abstraction done, result: (RefinerResult Spurious)
server: ! Precision DID change in this iteration
server: Iteration took 8s to run! 
server: ExplPreictor: Predicted 398.874s, Real 404.130s 
server:               Weight 1.0005438200033754 -> 1.0005638588487933 
server: Iteration 166
server: | Checking abstraction...
server: |  |  PrecisionSize: 497
server: |  |  Starting ARG: 1306 nodes, 328 incomplete, 0 unsafe
server: |  |  (StopCriterion FirstCex)...
server: |  |  Building ARG...
server: |  |  Finished ARG: 1327 nodes, 334 incomplete, 1 unsafe
server: | Checking abstraction done, result: (AbstractorResult Unsafe)
server: | Refining abstraction...
server: |  |  Trace length: 663
server: |  |  Checking trace...done, result: (ExprTraceStatus Infeasible)
server: |  |  Pruning from index 657...done
server: Refining abstraction done, result: (RefinerResult Spurious)
server: ! Precision DID change in this iteration
server: Iteration took 5s to run! 
server: ExplPreictor: Predicted 407.082s, Real 409.667s 
server:               Weight 1.0005638588487933 -> 1.0005607154950549 
server: Iteration 167
server: | Checking abstraction...
server: |  |  PrecisionSize: 500
server: |  |  Starting ARG: 1314 nodes, 330 incomplete, 0 unsafe
server: |  |  (StopCriterion FirstCex)...
server: |  |  Building ARG...
server: |  |  Finished ARG: 1335 nodes, 336 incomplete, 1 unsafe
server: | Checking abstraction done, result: (AbstractorResult Unsafe)
server: | Refining abstraction...
server: |  |  Trace length: 667
server: |  |  Checking trace...done, result: (ExprTraceStatus Infeasible)
server: |  |  Pruning from index 661...done
server: Refining abstraction done, result: (RefinerResult Spurious)
server: ! Precision DID change in this iteration
server: Iteration took 4s to run! 
server: ExplPreictor: Predicted 412.646s, Real 414.375s 
server:               Weight 1.0005607154950549 -> 1.0005506206487675 
server: Iteration 168
server: | Checking abstraction...
server: |  |  PrecisionSize: 503
server: |  |  Starting ARG: 1322 nodes, 332 incomplete, 0 unsafe
server: |  |  (StopCriterion FirstCex)...
server: |  |  Building ARG...
server: |  |  Finished ARG: 1343 nodes, 338 incomplete, 1 unsafe
server: | Checking abstraction done, result: (AbstractorResult Unsafe)
server: | Refining abstraction...
server: |  |  Trace length: 671
server: |  |  Checking trace...done, result: (ExprTraceStatus Infeasible)
server: |  |  Pruning from index 665...done
server: Refining abstraction done, result: (RefinerResult Spurious)
server: ! Precision DID change in this iteration
server: Iteration took 4s to run! 
server: ExplPreictor: Predicted 417.337s, Real 419.157s 
server:               Weight 1.0005506206487675 -> 1.000541514668234 
server: Iteration 169
server: | Checking abstraction...
server: |  |  PrecisionSize: 506
server: |  |  Starting ARG: 1330 nodes, 334 incomplete, 0 unsafe
server: |  |  (StopCriterion FirstCex)...
server: |  |  Building ARG...
server: |  |  Finished ARG: 1351 nodes, 340 incomplete, 1 unsafe
server: | Checking abstraction done, result: (AbstractorResult Unsafe)
server: | Refining abstraction...
server: |  |  Trace length: 675
server: |  |  Checking trace...done, result: (ExprTraceStatus Infeasible)
server: |  |  Pruning from index 669...done
server: Refining abstraction done, result: (RefinerResult Spurious)
server: ! Precision DID change in this iteration
server: Iteration took 4s to run! 
server: ExplPreictor: Predicted 422.106s, Real 423.939s 
server:               Weight 1.000541514668234 -> 1.0005327290845132 
server: Iteration 170
server: | Checking abstraction...
server: |  |  PrecisionSize: 509
server: |  |  Starting ARG: 1338 nodes, 336 incomplete, 0 unsafe
server: |  |  (StopCriterion FirstCex)...
server: |  |  Building ARG...
server: |  |  Finished ARG: 1359 nodes, 342 incomplete, 1 unsafe
server: | Checking abstraction done, result: (AbstractorResult Unsafe)
server: | Refining abstraction...
server: |  |  Trace length: 679
server: |  |  Checking trace...done, result: (ExprTraceStatus Infeasible)
server: |  |  Pruning from index 673...done
server: Refining abstraction done, result: (RefinerResult Spurious)
server: ! Precision DID change in this iteration
server: Iteration took 4s to run! 
server: ExplPreictor: Predicted 426.875s, Real 428.710s 
server:               Weight 1.0005327290845132 -> 1.0005241628766095 
server: Iteration 171
server: | Checking abstraction...
server: |  |  PrecisionSize: 512
server: |  |  Starting ARG: 1346 nodes, 338 incomplete, 0 unsafe
server: |  |  (StopCriterion FirstCex)...
server: |  |  Building ARG...
server: |  |  Finished ARG: 1367 nodes, 344 incomplete, 1 unsafe
server: | Checking abstraction done, result: (AbstractorResult Unsafe)
server: | Refining abstraction...
server: |  |  Trace length: 683
server: |  |  Checking trace...done, result: (ExprTraceStatus Infeasible)
server: |  |  Pruning from index 677...done
server: Refining abstraction done, result: (RefinerResult Spurious)
server: ! Precision DID change in this iteration
server: Iteration took 5s to run! 
server: ExplPreictor: Predicted 431.634s, Real 433.816s 
server:               Weight 1.0005241628766095 -> 1.0005184167812244 
server: Iteration 172
server: | Checking abstraction...
server: |  |  PrecisionSize: 515
server: |  |  Starting ARG: 1354 nodes, 340 incomplete, 0 unsafe
server: |  |  (StopCriterion FirstCex)...
server: |  |  Building ARG...
server: |  |  Finished ARG: 1375 nodes, 346 incomplete, 1 unsafe
server: | Checking abstraction done, result: (AbstractorResult Unsafe)
server: | Refining abstraction...
server: |  |  Trace length: 687
server: |  |  Checking trace...done, result: (ExprTraceStatus Infeasible)
server: |  |  Pruning from index 681...done
server: Refining abstraction done, result: (RefinerResult Spurious)
server: ! Precision DID change in this iteration
server: Iteration took 4s to run! 
server: ExplPreictor: Predicted 436.745s, Real 438.673s 
server:               Weight 1.0005184167812244 -> 1.000510823233411 
server: Iteration 173
server: | Checking abstraction...
server: |  |  PrecisionSize: 518
server: |  |  Starting ARG: 1362 nodes, 342 incomplete, 0 unsafe
server: |  |  (StopCriterion FirstCex)...
server: |  |  Building ARG...
server: |  |  Finished ARG: 1383 nodes, 348 incomplete, 1 unsafe
server: | Checking abstraction done, result: (AbstractorResult Unsafe)
server: | Refining abstraction...
server: |  |  Trace length: 691
server: |  |  Checking trace...done, result: (ExprTraceStatus Infeasible)
server: |  |  Pruning from index 685...done
server: Refining abstraction done, result: (RefinerResult Spurious)
server: ! Precision DID change in this iteration
server: Iteration took 4s to run! 
server: ExplPreictor: Predicted 441.594s, Real 443.612s 
server:               Weight 1.000510823233411 -> 1.0005040496493371 
server: Iteration 174
server: | Checking abstraction...
server: |  |  PrecisionSize: 521
server: |  |  Starting ARG: 1370 nodes, 344 incomplete, 0 unsafe
server: |  |  (StopCriterion FirstCex)...
server: |  |  Building ARG...
server: |  |  Finished ARG: 1391 nodes, 350 incomplete, 1 unsafe
server: | Checking abstraction done, result: (AbstractorResult Unsafe)
server: | Refining abstraction...
server: |  |  Trace length: 695
server: |  |  Checking trace...done, result: (ExprTraceStatus Infeasible)
server: |  |  Pruning from index 689...done
server: Refining abstraction done, result: (RefinerResult Spurious)
server: ! Precision DID change in this iteration
server: Iteration took 5s to run! 
server: ExplPreictor: Predicted 446.529s, Real 448.622s 
server:               Weight 1.0005040496493371 -> 1.0004979338828373 
server: Iteration 175
server: | Checking abstraction...
server: |  |  PrecisionSize: 524
server: |  |  Starting ARG: 1378 nodes, 346 incomplete, 0 unsafe
server: |  |  (StopCriterion FirstCex)...
server: |  |  Building ARG...
server: |  |  Finished ARG: 1399 nodes, 352 incomplete, 1 unsafe
server: | Checking abstraction done, result: (AbstractorResult Unsafe)
server: | Refining abstraction...
server: |  |  Trace length: 699
server: |  |  Checking trace...done, result: (ExprTraceStatus Infeasible)
server: |  |  Pruning from index 693...done
server: Refining abstraction done, result: (RefinerResult Spurious)
server: ! Precision DID change in this iteration
server: Iteration took 5s to run! 
server: ExplPreictor: Predicted 451.539s, Real 453.642s 
server:               Weight 1.0004979338828373 -> 1.0004919742804004 
server: Iteration 176
server: | Checking abstraction...
server: |  |  PrecisionSize: 527
server: |  |  Starting ARG: 1386 nodes, 348 incomplete, 0 unsafe
server: |  |  (StopCriterion FirstCex)...
server: |  |  Building ARG...
server: |  |  Finished ARG: 1407 nodes, 354 incomplete, 1 unsafe
server: | Checking abstraction done, result: (AbstractorResult Unsafe)
server: | Refining abstraction...
server: |  |  Trace length: 703
server: |  |  Checking trace...done, result: (ExprTraceStatus Infeasible)
server: |  |  Pruning from index 697...done
server: Refining abstraction done, result: (RefinerResult Spurious)
server: ! Precision DID change in this iteration
server: Iteration took 5s to run! 
server: ExplPreictor: Predicted 456.558s, Real 458.752s 
server:               Weight 1.0004919742804004 -> 1.0004867301743405 
server: Iteration 177
server: | Checking abstraction...
server: |  |  PrecisionSize: 530
server: |  |  Starting ARG: 1394 nodes, 350 incomplete, 0 unsafe
server: |  |  (StopCriterion FirstCex)...
server: |  |  Building ARG...
server: |  |  Finished ARG: 1415 nodes, 356 incomplete, 1 unsafe
server: | Checking abstraction done, result: (AbstractorResult Unsafe)
server: | Refining abstraction...
server: |  |  Trace length: 707
server: |  |  Checking trace...done, result: (ExprTraceStatus Infeasible)
server: |  |  Pruning from index 701...done
server: Refining abstraction done, result: (RefinerResult Spurious)
server: ! Precision DID change in this iteration
server: Iteration took 5s to run! 
server: ExplPreictor: Predicted 461.672s, Real 463.918s 
server:               Weight 1.0004867301743405 -> 1.000481889927483 
server: Iteration 178
server: | Checking abstraction...
server: |  |  PrecisionSize: 533
server: |  |  Starting ARG: 1402 nodes, 352 incomplete, 0 unsafe
server: |  |  (StopCriterion FirstCex)...
server: |  |  Building ARG...
server: |  |  Finished ARG: 1423 nodes, 358 incomplete, 1 unsafe
server: | Checking abstraction done, result: (AbstractorResult Unsafe)
server: | Refining abstraction...
server: |  |  Trace length: 711
server: |  |  Checking trace...done, result: (ExprTraceStatus Infeasible)
server: |  |  Pruning from index 705...done
server: Refining abstraction done, result: (RefinerResult Spurious)
server: ! Precision DID change in this iteration
server: Iteration took 5s to run! 
server: ExplPreictor: Predicted 466.844s, Real 469.365s 
server:               Weight 1.000481889927483 -> 1.0004789646835757 
server: Iteration 179
server: | Checking abstraction...
server: |  |  PrecisionSize: 536
server: |  |  Starting ARG: 1410 nodes, 354 incomplete, 0 unsafe
server: |  |  (StopCriterion FirstCex)...
server: |  |  Building ARG...
server: |  |  Finished ARG: 1431 nodes, 360 incomplete, 1 unsafe
server: | Checking abstraction done, result: (AbstractorResult Unsafe)
server: | Refining abstraction...
server: |  |  Trace length: 715
server: |  |  Checking trace...done, result: (ExprTraceStatus Infeasible)
server: |  |  Pruning from index 709...done
server: Refining abstraction done, result: (RefinerResult Spurious)
server: ! Precision DID change in this iteration
server: Iteration took 5s to run! 
server: ExplPreictor: Predicted 472.310s, Real 474.731s 
server:               Weight 1.0004789646835757 -> 1.0004752684259788 
server: Iteration 180
server: | Checking abstraction...
server: |  |  PrecisionSize: 539
server: |  |  Starting ARG: 1418 nodes, 356 incomplete, 0 unsafe
server: |  |  (StopCriterion FirstCex)...
server: |  |  Building ARG...
server: |  |  Finished ARG: 1439 nodes, 362 incomplete, 1 unsafe
server: | Checking abstraction done, result: (AbstractorResult Unsafe)
server: | Refining abstraction...
server: |  |  Trace length: 719
server: |  |  Checking trace...done, result: (ExprTraceStatus Infeasible)
server: |  |  Pruning from index 713...done
server: Refining abstraction done, result: (RefinerResult Spurious)
server: ! Precision DID change in this iteration
server: Iteration took 6s to run! 
server: ExplPreictor: Predicted 477.689s, Real 481.559s 
server:               Weight 1.0004752684259788 -> 1.0004812429487293 
server: Iteration 181
server: | Checking abstraction...
server: |  |  PrecisionSize: 542
server: |  |  Starting ARG: 1426 nodes, 358 incomplete, 0 unsafe
server: |  |  (StopCriterion FirstCex)...
server: |  |  Building ARG...
server: |  |  Finished ARG: 1447 nodes, 364 incomplete, 1 unsafe
server: | Checking abstraction done, result: (AbstractorResult Unsafe)
server: | Refining abstraction...
server: |  |  Trace length: 723
server: |  |  Checking trace...done, result: (ExprTraceStatus Infeasible)
server: |  |  Pruning from index 717...done
server: Refining abstraction done, result: (RefinerResult Spurious)
server: ! Precision DID change in this iteration
server: Iteration took 5s to run! 
server: ExplPreictor: Predicted 484.601s, Real 487.298s 
server:               Weight 1.0004812429487293 -> 1.0004788286017137 
server: Iteration 182
server: | Checking abstraction...
server: |  |  PrecisionSize: 545
server: |  |  Starting ARG: 1434 nodes, 360 incomplete, 0 unsafe
server: |  |  (StopCriterion FirstCex)...
server: |  |  Building ARG...
server: |  |  Finished ARG: 1455 nodes, 366 incomplete, 1 unsafe
server: | Checking abstraction done, result: (AbstractorResult Unsafe)
server: | Refining abstraction...
server: |  |  Trace length: 727
server: |  |  Checking trace...done, result: (ExprTraceStatus Infeasible)
server: |  |  Pruning from index 721...done
server: Refining abstraction done, result: (RefinerResult Spurious)
server: ! Precision DID change in this iteration
server: Iteration took 5s to run! 
server: ExplPreictor: Predicted 490.363s, Real 493.158s 
server:               Weight 1.0004788286017137 -> 1.0004769272232361 
server: Iteration 183
server: | Checking abstraction...
server: |  |  PrecisionSize: 548
server: |  |  Starting ARG: 1442 nodes, 362 incomplete, 0 unsafe
server: |  |  (StopCriterion FirstCex)...
server: |  |  Building ARG...
server: |  |  Finished ARG: 1463 nodes, 368 incomplete, 1 unsafe
server: | Checking abstraction done, result: (AbstractorResult Unsafe)
server: | Refining abstraction...
server: |  |  Trace length: 731
server: |  |  Checking trace...done, result: (ExprTraceStatus Infeasible)
server: |  |  Pruning from index 725...done
server: Refining abstraction done, result: (RefinerResult Spurious)
server: ! Precision DID change in this iteration
server: Iteration took 5s to run! 
server: ExplPreictor: Predicted 496.251s, Real 498.790s 
server:               Weight 1.0004769272232361 -> 1.0004732306637925 
server: Iteration 184
server: | Checking abstraction...
server: |  |  PrecisionSize: 551
server: |  |  Starting ARG: 1450 nodes, 364 incomplete, 0 unsafe
server: |  |  (StopCriterion FirstCex)...
server: |  |  Building ARG...
server: |  |  Finished ARG: 1471 nodes, 370 incomplete, 1 unsafe
server: | Checking abstraction done, result: (AbstractorResult Unsafe)
server: | Refining abstraction...
server: |  |  Trace length: 735
server: |  |  Checking trace...done, result: (ExprTraceStatus Infeasible)
server: |  |  Pruning from index 729...done
server: Refining abstraction done, result: (RefinerResult Spurious)
server: ! Precision DID change in this iteration
server: Iteration took 5s to run! 
server: ExplPreictor: Predicted 501.897s, Real 504.634s 
server:               Weight 1.0004732306637925 -> 1.0004707541548463 
server: Iteration 185
server: | Checking abstraction...
server: |  |  PrecisionSize: 554
server: |  |  Starting ARG: 1458 nodes, 366 incomplete, 0 unsafe
server: |  |  (StopCriterion FirstCex)...
server: |  |  Building ARG...
server: |  |  Finished ARG: 1479 nodes, 372 incomplete, 1 unsafe
server: | Checking abstraction done, result: (AbstractorResult Unsafe)
server: | Refining abstraction...
server: |  |  Trace length: 739
server: |  |  Checking trace...done, result: (ExprTraceStatus Infeasible)
server: |  |  Pruning from index 733...done
server: Refining abstraction done, result: (RefinerResult Spurious)
server: ! Precision DID change in this iteration
server: Iteration took 5s to run! 
server: ExplPreictor: Predicted 507.763s, Real 510.506s 
server:               Weight 1.0004707541548463 -> 1.000468200020698 
server: Iteration 186
server: | Checking abstraction...
server: |  |  PrecisionSize: 557
server: |  |  Starting ARG: 1466 nodes, 368 incomplete, 0 unsafe
server: |  |  (StopCriterion FirstCex)...
server: |  |  Building ARG...
server: |  |  Finished ARG: 1487 nodes, 374 incomplete, 1 unsafe
server: | Checking abstraction done, result: (AbstractorResult Unsafe)
server: | Refining abstraction...
server: |  |  Trace length: 743
server: |  |  Checking trace...done, result: (ExprTraceStatus Infeasible)
server: |  |  Pruning from index 737...done
server: Refining abstraction done, result: (RefinerResult Spurious)
server: ! Precision DID change in this iteration
server: Iteration took 5s to run! 
server: ExplPreictor: Predicted 513.657s, Real 516.352s 
server:               Weight 1.000468200020698 -> 1.0004652448359759 
server: Iteration 187
server: | Checking abstraction...
server: |  |  PrecisionSize: 560
server: |  |  Starting ARG: 1474 nodes, 370 incomplete, 0 unsafe
server: |  |  (StopCriterion FirstCex)...
server: |  |  Building ARG...
server: |  |  Finished ARG: 1495 nodes, 376 incomplete, 1 unsafe
server: | Checking abstraction done, result: (AbstractorResult Unsafe)
server: | Refining abstraction...
server: |  |  Trace length: 747
server: |  |  Checking trace...done, result: (ExprTraceStatus Infeasible)
server: |  |  Pruning from index 741...done
server: Refining abstraction done, result: (RefinerResult Spurious)
server: ! Precision DID change in this iteration
server: Iteration took 5s to run! 
server: ExplPreictor: Predicted 519.522s, Real 522.332s 
server:               Weight 1.0004652448359759 -> 1.0004629180028648 
server: Iteration 188
server: | Checking abstraction...
server: |  |  PrecisionSize: 563
server: |  |  Starting ARG: 1482 nodes, 372 incomplete, 0 unsafe
server: |  |  (StopCriterion FirstCex)...
server: |  |  Building ARG...
server: |  |  Finished ARG: 1503 nodes, 378 incomplete, 1 unsafe
server: | Checking abstraction done, result: (AbstractorResult Unsafe)
server: | Refining abstraction...
server: |  |  Trace length: 751
server: |  |  Checking trace...done, result: (ExprTraceStatus Infeasible)
server: |  |  Pruning from index 745...done
server: Refining abstraction done, result: (RefinerResult Spurious)
server: ! Precision DID change in this iteration
server: Iteration took 5s to run! 
server: ExplPreictor: Predicted 525.525s, Real 528.318s 
server:               Weight 1.0004629180028648 -> 1.0004603734445823 
server: Iteration 189
server: | Checking abstraction...
server: |  |  PrecisionSize: 566
server: |  |  Starting ARG: 1490 nodes, 374 incomplete, 0 unsafe
server: |  |  (StopCriterion FirstCex)...
server: |  |  Building ARG...
server: |  |  Finished ARG: 1511 nodes, 380 incomplete, 1 unsafe
server: | Checking abstraction done, result: (AbstractorResult Unsafe)
server: | Refining abstraction...
server: |  |  Trace length: 755
server: |  |  Checking trace...done, result: (ExprTraceStatus Infeasible)
server: |  |  Pruning from index 749...done
server: Refining abstraction done, result: (RefinerResult Spurious)
server: ! Precision DID change in this iteration
server: Iteration took 6s to run! 
server: ExplPreictor: Predicted 531.533s, Real 535.244s 
server:               Weight 1.0004603734445823 -> 1.0004632048351567 
server: Iteration 190
server: | Checking abstraction...
server: |  |  PrecisionSize: 569
server: |  |  Starting ARG: 1498 nodes, 376 incomplete, 0 unsafe
server: |  |  (StopCriterion FirstCex)...
server: |  |  Building ARG...
server: |  |  Finished ARG: 1519 nodes, 382 incomplete, 1 unsafe
server: | Checking abstraction done, result: (AbstractorResult Unsafe)
server: | Refining abstraction...
server: |  |  Trace length: 759
server: |  |  Checking trace...done, result: (ExprTraceStatus Infeasible)
server: |  |  Pruning from index 753...done
server: Refining abstraction done, result: (RefinerResult Spurious)
server: ! Precision DID change in this iteration
server: Iteration took 7s to run! 
server: ExplPreictor: Predicted 538.524s, Real 542.854s 
server:               Weight 1.0004632048351567 -> 1.0004692375502235 
server: Iteration 191
server: | Checking abstraction...
server: |  |  PrecisionSize: 572
server: |  |  Starting ARG: 1506 nodes, 378 incomplete, 0 unsafe
server: |  |  (StopCriterion FirstCex)...
server: |  |  Building ARG...
server: |  |  Finished ARG: 1527 nodes, 384 incomplete, 1 unsafe
server: | Checking abstraction done, result: (AbstractorResult Unsafe)
server: | Refining abstraction...
server: |  |  Trace length: 763
server: |  |  Checking trace...done, result: (ExprTraceStatus Infeasible)
server: |  |  Pruning from index 757...done
server: Refining abstraction done, result: (RefinerResult Spurious)
server: ! Precision DID change in this iteration
server: Iteration took 6s to run! 
server: ExplPreictor: Predicted 546.228s, Real 549.028s 
server:               Weight 1.0004692375502235 -> 1.000465783763408 
server: Iteration 192
server: | Checking abstraction...
server: |  |  PrecisionSize: 575
server: |  |  Starting ARG: 1514 nodes, 380 incomplete, 0 unsafe
server: |  |  (StopCriterion FirstCex)...
server: |  |  Building ARG...
server: |  |  Finished ARG: 1535 nodes, 386 incomplete, 1 unsafe
server: | Checking abstraction done, result: (AbstractorResult Unsafe)
server: | Refining abstraction...
server: |  |  Trace length: 767
server: |  |  Checking trace...done, result: (ExprTraceStatus Infeasible)
server: |  |  Pruning from index 761...done
server: Refining abstraction done, result: (RefinerResult Spurious)
server: ! Precision DID change in this iteration
server: Iteration took 6s to run! 
server: ExplPreictor: Predicted 552.418s, Real 555.344s 
server:               Weight 1.000465783763408 -> 1.0004630011631919 
server: Iteration 193
server: | Checking abstraction...
server: |  |  PrecisionSize: 578
server: |  |  Starting ARG: 1522 nodes, 382 incomplete, 0 unsafe
server: |  |  (StopCriterion FirstCex)...
server: |  |  Building ARG...
server: |  |  Finished ARG: 1543 nodes, 388 incomplete, 1 unsafe
server: | Checking abstraction done, result: (AbstractorResult Unsafe)
server: | Refining abstraction...
server: |  |  Trace length: 771
server: |  |  Checking trace...done, result: (ExprTraceStatus Infeasible)
server: |  |  Pruning from index 765...done
server: Refining abstraction done, result: (RefinerResult Spurious)
server: ! Precision DID change in this iteration
server: Iteration took 7s to run! 
server: ExplPreictor: Predicted 558.756s, Real 563.282s 
server:               Weight 1.0004630011631919 -> 1.0004691596052335 
server: Iteration 194
server: | Checking abstraction...
server: |  |  PrecisionSize: 581
server: |  |  Starting ARG: 1530 nodes, 384 incomplete, 0 unsafe
server: |  |  (StopCriterion FirstCex)...
server: |  |  Building ARG...
server: |  |  Finished ARG: 1551 nodes, 390 incomplete, 1 unsafe
server: | Checking abstraction done, result: (AbstractorResult Unsafe)
server: | Refining abstraction...
server: |  |  Trace length: 775
server: |  |  Checking trace...done, result: (ExprTraceStatus Infeasible)
server: |  |  Pruning from index 769...done
server: Refining abstraction done, result: (RefinerResult Spurious)
server: ! Precision DID change in this iteration
server: Iteration took 6s to run! 
server: ExplPreictor: Predicted 566.792s, Real 569.628s 
server:               Weight 1.0004691596052335 -> 1.0004652786228303 
server: Iteration 195
server: | Checking abstraction...
server: |  |  PrecisionSize: 584
server: |  |  Starting ARG: 1538 nodes, 386 incomplete, 0 unsafe
server: |  |  (StopCriterion FirstCex)...
server: |  |  Building ARG...
server: |  |  Finished ARG: 1559 nodes, 392 incomplete, 1 unsafe
server: | Checking abstraction done, result: (AbstractorResult Unsafe)
server: | Refining abstraction...
server: |  |  Trace length: 779
server: |  |  Checking trace...done, result: (ExprTraceStatus Infeasible)
server: |  |  Pruning from index 773...done
server: Refining abstraction done, result: (RefinerResult Spurious)
server: ! Precision DID change in this iteration
server: Iteration took 6s to run! 
server: ExplPreictor: Predicted 573.151s, Real 575.867s 
server:               Weight 1.0004652786228303 -> 1.0004607138362471 
server: Iteration 196
server: | Checking abstraction...
server: |  |  PrecisionSize: 587
server: |  |  Starting ARG: 1546 nodes, 388 incomplete, 0 unsafe
server: |  |  (StopCriterion FirstCex)...
server: |  |  Building ARG...
server: |  |  Finished ARG: 1567 nodes, 394 incomplete, 1 unsafe
server: | Checking abstraction done, result: (AbstractorResult Unsafe)
server: | Refining abstraction...
server: |  |  Trace length: 783
server: |  |  Checking trace...done, result: (ExprTraceStatus Infeasible)
server: |  |  Pruning from index 777...done
server: Refining abstraction done, result: (RefinerResult Spurious)
server: ! Precision DID change in this iteration
server: Iteration took 6s to run! 
server: ExplPreictor: Predicted 579.397s, Real 582.187s 
server:               Weight 1.0004607138362471 -> 1.0004565743515668 
server: Iteration 197
server: | Checking abstraction...
server: |  |  PrecisionSize: 590
server: |  |  Starting ARG: 1554 nodes, 390 incomplete, 0 unsafe
server: |  |  (StopCriterion FirstCex)...
server: |  |  Building ARG...
server: |  |  Finished ARG: 1575 nodes, 396 incomplete, 1 unsafe
server: | Checking abstraction done, result: (AbstractorResult Unsafe)
server: | Refining abstraction...
server: |  |  Trace length: 787
server: |  |  Checking trace...done, result: (ExprTraceStatus Infeasible)
server: |  |  Pruning from index 781...done
server: Refining abstraction done, result: (RefinerResult Spurious)
server: ! Precision DID change in this iteration
server: Iteration took 6s to run! 
server: ExplPreictor: Predicted 585.726s, Real 589.043s 
server:               Weight 1.0004565743515668 -> 1.0004552578262202 
server: Iteration 198
server: | Checking abstraction...
server: |  |  PrecisionSize: 593
server: |  |  Starting ARG: 1562 nodes, 392 incomplete, 0 unsafe
server: |  |  (StopCriterion FirstCex)...
server: |  |  Building ARG...
server: |  |  Finished ARG: 1583 nodes, 398 incomplete, 1 unsafe
server: | Checking abstraction done, result: (AbstractorResult Unsafe)
server: | Refining abstraction...
server: |  |  Trace length: 791
server: |  |  Checking trace...done, result: (ExprTraceStatus Infeasible)
server: |  |  Pruning from index 785...done
server: Refining abstraction done, result: (RefinerResult Spurious)
server: ! Precision DID change in this iteration
server: Iteration took 7s to run! 
server: ExplPreictor: Predicted 592.617s, Real 596.942s 
server:               Weight 1.0004552578262202 -> 1.0004591080646328 
server: Iteration 199
server: | Checking abstraction...
server: |  |  PrecisionSize: 596
server: |  |  Starting ARG: 1570 nodes, 394 incomplete, 0 unsafe
server: |  |  (StopCriterion FirstCex)...
server: |  |  Building ARG...
server: |  |  Finished ARG: 1591 nodes, 400 incomplete, 1 unsafe
server: | Checking abstraction done, result: (AbstractorResult Unsafe)
server: | Refining abstraction...
server: |  |  Trace length: 795
server: |  |  Checking trace...done, result: (ExprTraceStatus Infeasible)
server: |  |  Pruning from index 789...done
server: Refining abstraction done, result: (RefinerResult Spurious)
server: ! Precision DID change in this iteration
server: Iteration took 8s to run! 
server: ExplPreictor: Predicted 600.598s, Real 605.610s 
server:               Weight 1.0004591080646328 -> 1.0004660452775918 
server: Iteration 200
server: | Checking abstraction...
server: |  |  PrecisionSize: 599
server: |  |  Starting ARG: 1578 nodes, 396 incomplete, 0 unsafe
server: |  |  (StopCriterion FirstCex)...
server: |  |  Building ARG...
server: |  |  Finished ARG: 1599 nodes, 402 incomplete, 1 unsafe
server: | Checking abstraction done, result: (AbstractorResult Unsafe)
server: | Refining abstraction...
server: |  |  Trace length: 799
server: |  |  Checking trace...done, result: (ExprTraceStatus Infeasible)
server: |  |  Pruning from index 793...done
server: Refining abstraction done, result: (RefinerResult Spurious)
server: ! Precision DID change in this iteration
server: Iteration took 8s to run! 
server: ExplPreictor: Predicted 609.379s, Real 613.912s 
server:               Weight 1.0004660452775918 -> 1.0004698313353029 
server: Iteration 201
server: | Checking abstraction...
server: |  |  PrecisionSize: 602
server: |  |  Starting ARG: 1586 nodes, 398 incomplete, 0 unsafe
server: |  |  (StopCriterion FirstCex)...
server: |  |  Building ARG...
server: |  |  Finished ARG: 1607 nodes, 404 incomplete, 1 unsafe
server: | Checking abstraction done, result: (AbstractorResult Unsafe)
server: | Refining abstraction...
server: |  |  Trace length: 803
server: |  |  Checking trace...done, result: (ExprTraceStatus Infeasible)
server: |  |  Pruning from index 797...done
server: Refining abstraction done, result: (RefinerResult Spurious)
server: ! Precision DID change in this iteration
server: Iteration took 8s to run! 
server: ExplPreictor: Predicted 617.768s, Real 622.225s 
server:               Weight 1.0004698313353029 -> 1.0004727365906747 
server: Iteration 202
server: | Checking abstraction...
server: |  |  PrecisionSize: 605
server: |  |  Starting ARG: 1594 nodes, 400 incomplete, 0 unsafe
server: |  |  (StopCriterion FirstCex)...
server: |  |  Building ARG...
server: |  |  Finished ARG: 1615 nodes, 406 incomplete, 1 unsafe
server: | Checking abstraction done, result: (AbstractorResult Unsafe)
server: | Refining abstraction...
server: |  |  Trace length: 807
server: |  |  Checking trace...done, result: (ExprTraceStatus Infeasible)
server: |  |  Pruning from index 801...done
server: Refining abstraction done, result: (RefinerResult Spurious)
server: ! Precision DID change in this iteration
server: Iteration took 7s to run! 
server: ExplPreictor: Predicted 626.162s, Real 630.158s 
server:               Weight 1.0004727365906747 -> 1.000472900672208 
server: Iteration 203
server: | Checking abstraction...
server: |  |  PrecisionSize: 608
server: |  |  Starting ARG: 1602 nodes, 402 incomplete, 0 unsafe
server: |  |  (StopCriterion FirstCex)...
server: |  |  Building ARG...
server: |  |  Finished ARG: 1623 nodes, 408 incomplete, 1 unsafe
server: | Checking abstraction done, result: (AbstractorResult Unsafe)
server: | Refining abstraction...
server: |  |  Trace length: 811
server: |  |  Checking trace...done, result: (ExprTraceStatus Infeasible)
server: |  |  Pruning from index 805...done
server: Refining abstraction done, result: (RefinerResult Spurious)
server: ! Precision DID change in this iteration
server: Iteration took 9s to run! 
server: ExplPreictor: Predicted 634.150s, Real 640.106s 
server:               Weight 1.000472900672208 -> 1.0004824110762573 
server: Iteration 204
server: | Checking abstraction...
server: |  |  PrecisionSize: 611
server: |  |  Starting ARG: 1610 nodes, 404 incomplete, 0 unsafe
server: |  |  (StopCriterion FirstCex)...
server: |  |  Building ARG...
server: |  |  Finished ARG: 1631 nodes, 410 incomplete, 1 unsafe
server: | Checking abstraction done, result: (AbstractorResult Unsafe)
server: | Refining abstraction...
server: |  |  Trace length: 815
server: |  |  Checking trace...done, result: (ExprTraceStatus Infeasible)
server: |  |  Pruning from index 809...done
server: Refining abstraction done, result: (RefinerResult Spurious)
server: ! Precision DID change in this iteration
server: Iteration took 8s to run! 
server: ExplPreictor: Predicted 644.248s, Real 648.152s 
server:               Weight 1.0004824110762573 -> 1.0004811230469182 
server: Iteration 205
server: | Checking abstraction...
server: |  |  PrecisionSize: 614
server: |  |  Starting ARG: 1618 nodes, 406 incomplete, 0 unsafe
server: |  |  (StopCriterion FirstCex)...
server: |  |  Building ARG...
server: |  |  Finished ARG: 1639 nodes, 412 incomplete, 1 unsafe
server: | Checking abstraction done, result: (AbstractorResult Unsafe)
server: | Refining abstraction...
server: |  |  Trace length: 819
server: |  |  Checking trace...done, result: (ExprTraceStatus Infeasible)
server: |  |  Pruning from index 813...done
server: Refining abstraction done, result: (RefinerResult Spurious)
server: ! Precision DID change in this iteration
server: Iteration took 6s to run! 
server: ExplPreictor: Predicted 652.338s, Real 655.007s 
server:               Weight 1.0004811230469182 -> 1.0004737334198381 
server: Iteration 206
server: | Checking abstraction...
server: |  |  PrecisionSize: 617
server: |  |  Starting ARG: 1626 nodes, 408 incomplete, 0 unsafe
server: |  |  (StopCriterion FirstCex)...
server: |  |  Building ARG...
server: |  |  Finished ARG: 1647 nodes, 414 incomplete, 1 unsafe
server: | Checking abstraction done, result: (AbstractorResult Unsafe)
server: | Refining abstraction...
server: |  |  Trace length: 823
server: |  |  Checking trace...done, result: (ExprTraceStatus Infeasible)
server: |  |  Pruning from index 817...done
server: Refining abstraction done, result: (RefinerResult Spurious)
server: ! Precision DID change in this iteration
server: Iteration took 6s to run! 
server: ExplPreictor: Predicted 659.176s, Real 661.802s 
server:               Weight 1.0004737334198381 -> 1.000466314364397 
server: Iteration 207
server: | Checking abstraction...
server: |  |  PrecisionSize: 620
server: |  |  Starting ARG: 1634 nodes, 410 incomplete, 0 unsafe
server: |  |  (StopCriterion FirstCex)...
server: |  |  Building ARG...
server: |  |  Finished ARG: 1655 nodes, 416 incomplete, 1 unsafe
server: | Checking abstraction done, result: (AbstractorResult Unsafe)
server: | Refining abstraction...
server: |  |  Trace length: 827
server: |  |  Checking trace...done, result: (ExprTraceStatus Infeasible)
server: |  |  Pruning from index 821...done
server: Refining abstraction done, result: (RefinerResult Spurious)
server: ! Precision DID change in this iteration
server: Iteration took 7s to run! 
server: ExplPreictor: Predicted 665.951s, Real 669.689s 
server:               Weight 1.000466314364397 -> 1.000464265534594 
server: Iteration 208
server: | Checking abstraction...
server: |  |  PrecisionSize: 623
server: |  |  Starting ARG: 1642 nodes, 412 incomplete, 0 unsafe
server: |  |  (StopCriterion FirstCex)...
server: |  |  Building ARG...
server: |  |  Finished ARG: 1663 nodes, 418 incomplete, 1 unsafe
server: | Checking abstraction done, result: (AbstractorResult Unsafe)
server: | Refining abstraction...
server: |  |  Trace length: 831
server: |  |  Checking trace...done, result: (ExprTraceStatus Infeasible)
server: |  |  Pruning from index 825...done
server: Refining abstraction done, result: (RefinerResult Spurious)
server: ! Precision DID change in this iteration
server: Iteration took 7s to run! 
server: ExplPreictor: Predicted 673.873s, Real 677.210s 
server:               Weight 1.000464265534594 -> 1.0004602366285509 
server: Iteration 209
server: | Checking abstraction...
server: |  |  PrecisionSize: 626
server: |  |  Starting ARG: 1650 nodes, 414 incomplete, 0 unsafe
server: |  |  (StopCriterion FirstCex)...
server: |  |  Building ARG...
server: |  |  Finished ARG: 1671 nodes, 420 incomplete, 1 unsafe
server: | Checking abstraction done, result: (AbstractorResult Unsafe)
server: | Refining abstraction...
server: |  |  Trace length: 835
server: |  |  Checking trace...done, result: (ExprTraceStatus Infeasible)
server: |  |  Pruning from index 829...done
server: Refining abstraction done, result: (RefinerResult Spurious)
server: ! Precision DID change in this iteration
server: Iteration took 8s to run! 
server: ExplPreictor: Predicted 681.407s, Real 686.165s 
server:               Weight 1.0004602366285509 -> 1.0004626555584084 
server: Iteration 210
server: | Checking abstraction...
server: |  |  PrecisionSize: 629
server: |  |  Starting ARG: 1658 nodes, 416 incomplete, 0 unsafe
server: |  |  (StopCriterion FirstCex)...
server: |  |  Building ARG...
server: |  |  Finished ARG: 1679 nodes, 422 incomplete, 1 unsafe
server: | Checking abstraction done, result: (AbstractorResult Unsafe)
server: | Refining abstraction...
server: |  |  Trace length: 839
server: |  |  Checking trace...done, result: (ExprTraceStatus Infeasible)
server: |  |  Pruning from index 833...done
server: Refining abstraction done, result: (RefinerResult Spurious)
server: ! Precision DID change in this iteration
server: Iteration took 11s to run! 
server: ExplPreictor: Predicted 690.445s, Real 697.619s 
server:               Weight 1.0004626555584084 -> 1.0004754791170907 
server: Iteration 211
server: | Checking abstraction...
server: |  |  PrecisionSize: 632
server: |  |  Starting ARG: 1666 nodes, 418 incomplete, 0 unsafe
server: |  |  (StopCriterion FirstCex)...
server: |  |  Building ARG...
server: |  |  Finished ARG: 1687 nodes, 424 incomplete, 1 unsafe
server: | Checking abstraction done, result: (AbstractorResult Unsafe)
server: | Refining abstraction...
server: |  |  Trace length: 843
server: |  |  Checking trace...done, result: (ExprTraceStatus Infeasible)
server: |  |  Pruning from index 837...done
server: Refining abstraction done, result: (RefinerResult Spurious)
server: ! Precision DID change in this iteration
server: Iteration took 7s to run! 
server: ExplPreictor: Predicted 702.097s, Real 704.851s 
server:               Weight 1.0004754791170907 -> 1.000467743696039 
server: Iteration 212
server: | Checking abstraction...
server: |  |  PrecisionSize: 635
server: |  |  Starting ARG: 1674 nodes, 420 incomplete, 0 unsafe
server: |  |  (StopCriterion FirstCex)...
server: |  |  Building ARG...
server: |  |  Finished ARG: 1695 nodes, 426 incomplete, 1 unsafe
server: | Checking abstraction done, result: (AbstractorResult Unsafe)
server: | Refining abstraction...
server: |  |  Trace length: 847
server: |  |  Checking trace...done, result: (ExprTraceStatus Infeasible)
server: |  |  Pruning from index 841...done
server: Refining abstraction done, result: (RefinerResult Spurious)
server: ! Precision DID change in this iteration
server: Iteration took 7s to run! 
server: ExplPreictor: Predicted 709.305s, Real 712.156s 
server:               Weight 1.000467743696039 -> 1.0004606264163851 
server: Iteration 213
server: | Checking abstraction...
server: |  |  PrecisionSize: 638
server: |  |  Starting ARG: 1682 nodes, 422 incomplete, 0 unsafe
server: |  |  (StopCriterion FirstCex)...
server: |  |  Building ARG...
server: |  |  Finished ARG: 1703 nodes, 428 incomplete, 1 unsafe
server: | Checking abstraction done, result: (AbstractorResult Unsafe)
server: | Refining abstraction...
server: |  |  Trace length: 851
server: |  |  Checking trace...done, result: (ExprTraceStatus Infeasible)
server: |  |  Pruning from index 845...done
server: Refining abstraction done, result: (RefinerResult Spurious)
server: ! Precision DID change in this iteration
server: Iteration took 7s to run! 
server: ExplPreictor: Predicted 716.590s, Real 719.447s 
server:               Weight 1.0004606264163851 -> 1.0004536963686388 
server: Iteration 214
server: | Checking abstraction...
server: |  |  PrecisionSize: 641
server: |  |  Starting ARG: 1690 nodes, 424 incomplete, 0 unsafe
server: |  |  (StopCriterion FirstCex)...
server: |  |  Building ARG...
server: |  |  Finished ARG: 1711 nodes, 430 incomplete, 1 unsafe
server: | Checking abstraction done, result: (AbstractorResult Unsafe)
server: | Refining abstraction...
server: |  |  Trace length: 855
server: |  |  Checking trace...done, result: (ExprTraceStatus Infeasible)
server: |  |  Pruning from index 849...done
server: Refining abstraction done, result: (RefinerResult Spurious)
server: ! Precision DID change in this iteration
server: Iteration took 7s to run! 
server: ExplPreictor: Predicted 723.863s, Real 726.701s 
server:               Weight 1.0004536963686388 -> 1.0004468488978295 
server: Iteration 215
server: | Checking abstraction...
server: |  |  PrecisionSize: 644
server: |  |  Starting ARG: 1698 nodes, 426 incomplete, 0 unsafe
server: |  |  (StopCriterion FirstCex)...
server: |  |  Building ARG...
server: |  |  Finished ARG: 1719 nodes, 432 incomplete, 1 unsafe
server: | Checking abstraction done, result: (AbstractorResult Unsafe)
server: | Refining abstraction...
server: |  |  Trace length: 859
server: |  |  Checking trace...done, result: (ExprTraceStatus Infeasible)
server: |  |  Pruning from index 853...done
server: Refining abstraction done, result: (RefinerResult Spurious)
server: ! Precision DID change in this iteration
server: Iteration took 7s to run! 
server: ExplPreictor: Predicted 731.097s, Real 734.137s 
server:               Weight 1.0004468488978295 -> 1.0004410134342236 
server: Iteration 216
server: | Checking abstraction...
server: |  |  PrecisionSize: 647
server: |  |  Starting ARG: 1706 nodes, 428 incomplete, 0 unsafe
server: |  |  (StopCriterion FirstCex)...
server: |  |  Building ARG...
server: |  |  Finished ARG: 1727 nodes, 434 incomplete, 1 unsafe
server: | Checking abstraction done, result: (AbstractorResult Unsafe)
server: | Refining abstraction...
server: |  |  Trace length: 863
server: |  |  Checking trace...done, result: (ExprTraceStatus Infeasible)
server: |  |  Pruning from index 857...done
server: Refining abstraction done, result: (RefinerResult Spurious)
server: ! Precision DID change in this iteration
server: Iteration took 7s to run! 
server: ExplPreictor: Predicted 738.523s, Real 742.109s 
server:               Weight 1.0004410134342236 -> 1.0004375626686994 
server: Iteration 217
server: | Checking abstraction...
server: |  |  PrecisionSize: 650
server: |  |  Starting ARG: 1714 nodes, 430 incomplete, 0 unsafe
server: |  |  (StopCriterion FirstCex)...
server: |  |  Building ARG...
server: |  |  Finished ARG: 1735 nodes, 436 incomplete, 1 unsafe
server: | Checking abstraction done, result: (AbstractorResult Unsafe)
server: | Refining abstraction...
server: |  |  Trace length: 867
server: |  |  Checking trace...done, result: (ExprTraceStatus Infeasible)
server: |  |  Pruning from index 861...done
server: Refining abstraction done, result: (RefinerResult Spurious)
server: ! Precision DID change in this iteration
server: Iteration took 10s to run! 
server: ExplPreictor: Predicted 746.511s, Real 752.539s 
server:               Weight 1.0004375626686994 -> 1.0004441303436422 
server: Iteration 218
server: | Checking abstraction...
server: |  |  PrecisionSize: 653
server: |  |  Starting ARG: 1722 nodes, 432 incomplete, 0 unsafe
server: |  |  (StopCriterion FirstCex)...
server: |  |  Building ARG...
server: |  |  Finished ARG: 1743 nodes, 438 incomplete, 1 unsafe
server: | Checking abstraction done, result: (AbstractorResult Unsafe)
server: | Refining abstraction...
server: |  |  Trace length: 871
server: |  |  Checking trace...done, result: (ExprTraceStatus Infeasible)
server: |  |  Pruning from index 865...done
server: Refining abstraction done, result: (RefinerResult Spurious)
server: ! Precision DID change in this iteration
server: Iteration took 8s to run! 
server: ExplPreictor: Predicted 757.075s, Real 760.679s 
server:               Weight 1.0004441303436422 -> 1.0004402289301715 
server: Iteration 219
server: | Checking abstraction...
server: |  |  PrecisionSize: 656
server: |  |  Starting ARG: 1730 nodes, 434 incomplete, 0 unsafe
server: |  |  (StopCriterion FirstCex)...
server: |  |  Building ARG...
server: |  |  Finished ARG: 1751 nodes, 440 incomplete, 1 unsafe
server: | Checking abstraction done, result: (AbstractorResult Unsafe)
server: | Refining abstraction...
server: |  |  Trace length: 875
server: |  |  Checking trace...done, result: (ExprTraceStatus Infeasible)
server: |  |  Pruning from index 869...done
server: Refining abstraction done, result: (RefinerResult Spurious)
server: ! Precision DID change in this iteration
server: Iteration took 7s to run! 
server: ExplPreictor: Predicted 765.227s, Real 768.575s 
server:               Weight 1.0004402289301715 -> 1.0004352958411313 
server: Iteration 220
server: | Checking abstraction...
server: |  |  PrecisionSize: 659
server: |  |  Starting ARG: 1738 nodes, 436 incomplete, 0 unsafe
server: |  |  (StopCriterion FirstCex)...
server: |  |  Building ARG...
server: |  |  Finished ARG: 1759 nodes, 442 incomplete, 1 unsafe
server: | Checking abstraction done, result: (AbstractorResult Unsafe)
server: | Refining abstraction...
server: |  |  Trace length: 879
server: |  |  Checking trace...done, result: (ExprTraceStatus Infeasible)
server: |  |  Pruning from index 873...done
server: Refining abstraction done, result: (RefinerResult Spurious)
server: ! Precision DID change in this iteration
server: Iteration took 8s to run! 
server: ExplPreictor: Predicted 773.122s, Real 777.115s 
server:               Weight 1.0004352958411313 -> 1.0004329819019075 
server: Iteration 221
server: | Checking abstraction...
server: |  |  PrecisionSize: 662
server: |  |  Starting ARG: 1746 nodes, 438 incomplete, 0 unsafe
server: |  |  (StopCriterion FirstCex)...
server: |  |  Building ARG...
server: |  |  Finished ARG: 1767 nodes, 444 incomplete, 1 unsafe
server: | Checking abstraction done, result: (AbstractorResult Unsafe)
server: | Refining abstraction...
server: |  |  Trace length: 883
server: |  |  Checking trace...done, result: (ExprTraceStatus Infeasible)
server: |  |  Pruning from index 877...done
server: Refining abstraction done, result: (RefinerResult Spurious)
server: ! Precision DID change in this iteration
server: Iteration took 8s to run! 
server: ExplPreictor: Predicted 781.692s, Real 785.745s 
server:               Weight 1.0004329819019075 -> 1.000430814882454 
server: Iteration 222
server: | Checking abstraction...
server: |  |  PrecisionSize: 665
server: |  |  Starting ARG: 1754 nodes, 440 incomplete, 0 unsafe
server: |  |  (StopCriterion FirstCex)...
server: |  |  Building ARG...
server: |  |  Finished ARG: 1775 nodes, 446 incomplete, 1 unsafe
server: | Checking abstraction done, result: (AbstractorResult Unsafe)
server: | Refining abstraction...
server: |  |  Trace length: 887
server: |  |  Checking trace...done, result: (ExprTraceStatus Infeasible)
server: |  |  Pruning from index 881...done
server: Refining abstraction done, result: (RefinerResult Spurious)
server: ! Precision DID change in this iteration
server: Iteration took 7s to run! 
server: ExplPreictor: Predicted 790.354s, Real 793.649s 
server:               Weight 1.000430814882454 -> 1.000425618831786 
server: Iteration 223
server: | Checking abstraction...
server: |  |  PrecisionSize: 668
server: |  |  Starting ARG: 1762 nodes, 442 incomplete, 0 unsafe
server: |  |  (StopCriterion FirstCex)...
server: |  |  Building ARG...
server: |  |  Finished ARG: 1783 nodes, 448 incomplete, 1 unsafe
server: | Checking abstraction done, result: (AbstractorResult Unsafe)
server: | Refining abstraction...
server: |  |  Trace length: 891
server: |  |  Checking trace...done, result: (ExprTraceStatus Infeasible)
server: |  |  Pruning from index 885...done
server: Refining abstraction done, result: (RefinerResult Spurious)
server: ! Precision DID change in this iteration
server: Iteration took 8s to run! 
server: ExplPreictor: Predicted 798.251s, Real 802.390s 
server:               Weight 1.000425618831786 -> 1.0004237371810076 
server: Iteration 224
server: | Checking abstraction...
server: |  |  PrecisionSize: 671
server: |  |  Starting ARG: 1770 nodes, 444 incomplete, 0 unsafe
server: |  |  (StopCriterion FirstCex)...
server: |  |  Building ARG...
server: |  |  Finished ARG: 1791 nodes, 450 incomplete, 1 unsafe
server: | Checking abstraction done, result: (AbstractorResult Unsafe)
server: | Refining abstraction...
server: |  |  Trace length: 895
server: |  |  Checking trace...done, result: (ExprTraceStatus Infeasible)
server: |  |  Pruning from index 889...done
server: Refining abstraction done, result: (RefinerResult Spurious)
server: ! Precision DID change in this iteration
server: Iteration took 8s to run! 
server: ExplPreictor: Predicted 807.026s, Real 810.714s 
server:               Weight 1.0004237371810076 -> 1.000420043608841 
server: Iteration 225
server: | Checking abstraction...
server: |  |  PrecisionSize: 674
server: |  |  Starting ARG: 1778 nodes, 446 incomplete, 0 unsafe
server: |  |  (StopCriterion FirstCex)...
server: |  |  Building ARG...
server: |  |  Finished ARG: 1799 nodes, 452 incomplete, 1 unsafe
server: | Checking abstraction done, result: (AbstractorResult Unsafe)
server: | Refining abstraction...
server: |  |  Trace length: 899
server: |  |  Checking trace...done, result: (ExprTraceStatus Infeasible)
server: |  |  Pruning from index 893...done
server: Refining abstraction done, result: (RefinerResult Spurious)
server: ! Precision DID change in this iteration
server: Iteration took 8s to run! 
server: ExplPreictor: Predicted 815.360s, Real 819.111s 
server:               Weight 1.000420043608841 -> 1.000416585346964 
server: Iteration 226
server: | Checking abstraction...
server: |  |  PrecisionSize: 677
server: |  |  Starting ARG: 1786 nodes, 448 incomplete, 0 unsafe
server: |  |  (StopCriterion FirstCex)...
server: |  |  Building ARG...
server: |  |  Finished ARG: 1807 nodes, 454 incomplete, 1 unsafe
server: | Checking abstraction done, result: (AbstractorResult Unsafe)
server: | Refining abstraction...
server: |  |  Trace length: 903
server: |  |  Checking trace...done, result: (ExprTraceStatus Infeasible)
server: |  |  Pruning from index 897...done
server: Refining abstraction done, result: (RefinerResult Spurious)
server: ! Precision DID change in this iteration
server: Iteration took 8s to run! 
server: ExplPreictor: Predicted 823.770s, Real 827.425s 
server:               Weight 1.000416585346964 -> 1.0004127636425912 
server: Iteration 227
server: | Checking abstraction...
server: |  |  PrecisionSize: 680
server: |  |  Starting ARG: 1794 nodes, 450 incomplete, 0 unsafe
server: |  |  (StopCriterion FirstCex)...
server: |  |  Building ARG...
server: |  |  Finished ARG: 1815 nodes, 456 incomplete, 1 unsafe
server: | Checking abstraction done, result: (AbstractorResult Unsafe)
server: | Refining abstraction...
server: |  |  Trace length: 907
server: |  |  Checking trace...done, result: (ExprTraceStatus Infeasible)
server: |  |  Pruning from index 901...done
server: Refining abstraction done, result: (RefinerResult Spurious)
server: ! Precision DID change in this iteration
server: Iteration took 8s to run! 
server: ExplPreictor: Predicted 832.092s, Real 836.003s 
server:               Weight 1.0004127636425912 -> 1.000409896250696 
server: Iteration 228
server: | Checking abstraction...
server: |  |  PrecisionSize: 683
server: |  |  Starting ARG: 1802 nodes, 452 incomplete, 0 unsafe
server: |  |  (StopCriterion FirstCex)...
server: |  |  Building ARG...
server: |  |  Finished ARG: 1823 nodes, 458 incomplete, 1 unsafe
server: | Checking abstraction done, result: (AbstractorResult Unsafe)
server: | Refining abstraction...
server: |  |  Trace length: 911
server: |  |  Checking trace...done, result: (ExprTraceStatus Infeasible)
server: |  |  Pruning from index 905...done
server: Refining abstraction done, result: (RefinerResult Spurious)
server: ! Precision DID change in this iteration
server: Iteration took 8s to run! 
server: ExplPreictor: Predicted 840.689s, Real 844.621s 
server:               Weight 1.000409896250696 -> 1.000407067785091 
server: Iteration 229
server: | Checking abstraction...
server: |  |  PrecisionSize: 686
server: |  |  Starting ARG: 1810 nodes, 454 incomplete, 0 unsafe
server: |  |  (StopCriterion FirstCex)...
server: |  |  Building ARG...
server: |  |  Finished ARG: 1831 nodes, 460 incomplete, 1 unsafe
server: | Checking abstraction done, result: (AbstractorResult Unsafe)
server: | Refining abstraction...
server: |  |  Trace length: 915
server: |  |  Checking trace...done, result: (ExprTraceStatus Infeasible)
server: |  |  Pruning from index 909...done
server: Refining abstraction done, result: (RefinerResult Spurious)
server: ! Precision DID change in this iteration
server: Iteration took 10s to run! 
server: ExplPreictor: Predicted 849.326s, Real 854.862s 
server:               Weight 1.000407067785091 -> 1.0004099363766286 
server: Iteration 230
server: | Checking abstraction...
server: |  |  PrecisionSize: 689
server: |  |  Starting ARG: 1818 nodes, 456 incomplete, 0 unsafe
server: |  |  (StopCriterion FirstCex)...
server: |  |  Building ARG...
server: |  |  Finished ARG: 1839 nodes, 462 incomplete, 1 unsafe
server: | Checking abstraction done, result: (AbstractorResult Unsafe)
server: | Refining abstraction...
server: |  |  Trace length: 919
server: |  |  Checking trace...done, result: (ExprTraceStatus Infeasible)
server: |  |  Pruning from index 913...done
server: Refining abstraction done, result: (RefinerResult Spurious)
server: ! Precision DID change in this iteration
server: Iteration took 12s to run! 
server: ExplPreictor: Predicted 859.662s, Real 867.187s 
server:               Weight 1.0004099363766286 -> 1.0004194351686786 
server: Iteration 231
server: | Checking abstraction...
server: |  |  PrecisionSize: 692
server: |  |  Starting ARG: 1826 nodes, 458 incomplete, 0 unsafe
server: |  |  (StopCriterion FirstCex)...
server: |  |  Building ARG...
server: |  |  Finished ARG: 1847 nodes, 464 incomplete, 1 unsafe
server: | Checking abstraction done, result: (AbstractorResult Unsafe)
server: | Refining abstraction...
server: |  |  Trace length: 923
server: |  |  Checking trace...done, result: (ExprTraceStatus Infeasible)
server: |  |  Pruning from index 917...done
server: Refining abstraction done, result: (RefinerResult Spurious)
server: ! Precision DID change in this iteration
server: Iteration took 11s to run! 
server: ExplPreictor: Predicted 872.175s, Real 878.739s 
server:               Weight 1.0004194351686786 -> 1.0004248031786322 
server: Iteration 232
server: | Checking abstraction...
server: |  |  PrecisionSize: 695
server: |  |  Starting ARG: 1834 nodes, 460 incomplete, 0 unsafe
server: |  |  (StopCriterion FirstCex)...
server: |  |  Building ARG...
server: |  |  Finished ARG: 1855 nodes, 466 incomplete, 1 unsafe
server: | Checking abstraction done, result: (AbstractorResult Unsafe)
server: | Refining abstraction...
server: |  |  Trace length: 927
server: |  |  Checking trace...done, result: (ExprTraceStatus Infeasible)
server: |  |  Pruning from index 921...done
server: Refining abstraction done, result: (RefinerResult Spurious)
server: ! Precision DID change in this iteration
server: Iteration took 13s to run! 
server: ExplPreictor: Predicted 883.863s, Real 891.792s 
server:               Weight 1.0004248031786322 -> 1.0004342897414333 
server: Iteration 233
server: | Checking abstraction...
server: |  |  PrecisionSize: 698
server: |  |  Starting ARG: 1842 nodes, 462 incomplete, 0 unsafe
server: |  |  (StopCriterion FirstCex)...
server: |  |  Building ARG...
server: |  |  Finished ARG: 1863 nodes, 468 incomplete, 1 unsafe
server: | Checking abstraction done, result: (AbstractorResult Unsafe)
server: | Refining abstraction...
The process run out of time so it got destroied!
Backend finished (in 900317 ms)
ErrorCodeException(code=201)
	at hu.bme.mit.theta.xcfa.cli.checkers.InProcessChecker.check(InProcessChecker.kt:168)
	at hu.bme.mit.theta.xcfa.cli.ExecuteConfigKt$backend$result$1.invoke(ExecuteConfig.kt:338)
	at hu.bme.mit.theta.xcfa.cli.ExecuteConfigKt$backend$result$1.invoke(ExecuteConfig.kt:336)
	at hu.bme.mit.theta.xcfa.cli.params.ExitCodesKt.exitOnError(ExitCodes.kt:58)
	at hu.bme.mit.theta.xcfa.cli.ExecuteConfigKt.backend(ExecuteConfig.kt:336)
	at hu.bme.mit.theta.xcfa.cli.ExecuteConfigKt.backend$default(ExecuteConfig.kt:293)
	at hu.bme.mit.theta.xcfa.cli.ExecuteConfigKt.runConfig(ExecuteConfig.kt:125)
	at hu.bme.mit.theta.xcfa.cli.portfolio.SpecFromNamePortfolioKt.specFromNamePortfolio$checker(specFromNamePortfolio.kt:81)
	at hu.bme.mit.theta.xcfa.cli.portfolio.SpecFromNamePortfolioKt.access$specFromNamePortfolio$checker(specFromNamePortfolio.kt:1)
	at hu.bme.mit.theta.xcfa.cli.portfolio.SpecFromNamePortfolioKt$specFromNamePortfolio$configNodes$1$1.invoke(specFromNamePortfolio.kt:121)
	at hu.bme.mit.theta.xcfa.cli.portfolio.SpecFromNamePortfolioKt$specFromNamePortfolio$configNodes$1$1.invoke(specFromNamePortfolio.kt:121)
	at hu.bme.mit.theta.xcfa.cli.portfolio.ConfigNode.execute(stm.kt:74)
	at hu.bme.mit.theta.xcfa.cli.portfolio.STM.execute(stm.kt:159)
	at hu.bme.mit.theta.xcfa.cli.portfolio.STM.execute$default(stm.kt:154)
	at hu.bme.mit.theta.xcfa.cli.checkers.ConfigToPortfolioKt.getPortfolioChecker$lambda$0(ConfigToPortfolio.kt:136)
	at hu.bme.mit.theta.analysis.algorithm.SafetyChecker.check(SafetyChecker.java:27)
	at hu.bme.mit.theta.xcfa.cli.ExecuteConfigKt$backend$result$1.invoke(ExecuteConfig.kt:338)
	at hu.bme.mit.theta.xcfa.cli.ExecuteConfigKt$backend$result$1.invoke(ExecuteConfig.kt:336)
	at hu.bme.mit.theta.xcfa.cli.params.ExitCodesKt.exitOnError(ExitCodes.kt:58)
	at hu.bme.mit.theta.xcfa.cli.ExecuteConfigKt.backend(ExecuteConfig.kt:336)
	at hu.bme.mit.theta.xcfa.cli.ExecuteConfigKt.backend$default(ExecuteConfig.kt:293)
	at hu.bme.mit.theta.xcfa.cli.ExecuteConfigKt.runConfig(ExecuteConfig.kt:125)
	at hu.bme.mit.theta.xcfa.cli.ExecuteConfigKt.runConfig$default(ExecuteConfig.kt:99)
	at hu.bme.mit.theta.xcfa.cli.XcfaCli.run(XcfaCli.kt:127)
	at hu.bme.mit.theta.xcfa.cli.XcfaCli.access$run(XcfaCli.kt:37)
	at hu.bme.mit.theta.xcfa.cli.XcfaCli$Companion.main(XcfaCli.kt:137)
	at hu.bme.mit.theta.xcfa.cli.XcfaCli.main(XcfaCli.kt)
Caught exception: ErrorCodeException(code=201)
Handling exception as Anything
Current configuration: XcfaConfig(inputConfig=InputConfig(inputFile=null, catFile=null, parseCtx=null, xcfaWCtx=present, propertyFile=null, property=ERROR_LOCATION, partialResult=null, frontendConfig=FrontendConfig(lbeLevel=LBE_SEQ, staticCoi=false, loopUnroll=1000, forceUnroll=-1, enableFew=false, inputType=C, specConfig=CFrontendConfig(arithmetic=efficient, architecture=ILP32)), backendConfig=BackendConfig(backend=BOUNDED, solverHome=/home/benchexec/.theta, timeoutMs=900000, softTimeoutMs=900000, inProcess=true, parseInProcess=false, inPortfolio=true, memlimit=0, disablePartialResult=true, specConfig=BoundedConfig(maxBound=0, reversed=false, cegar=false, initPrec=EMPTY, bmcConfig=BMCConfig(disable=false, nonLfPath=false, bmcSolver=Z3, validateBMCSolver=false), indConfig=InductionConfig(disable=false, indSolver=Z3, validateIndSolver=false, indMinBound=0, indFreq=1), itpConfig=InterpolationConfig(disable=true, itpSolver=Z3, validateItpSolver=false))), outputConfig=OutputConfig(versionInfo=false, enableOutput=true, resultFolder=./output/PredCart(900, true, true) -> KInd()/KInd(), acceptUnreliableSafe=false, cOutputConfig=COutputConfig(disable=true, useArr=false, useExArr=false, useRange=false), xcfaOutputConfig=XcfaOutputConfig(disable=true), chcOutputConfig=ChcOutputConfig(disable=true), witnessConfig=WitnessConfig(disable=false, svcomp=true, concretizerSolver=Z3, validateConcretizerSolver=false, inputFileForWitness=null), partialResultOutputConfig=PartialResultOutputConfig(enable=false, tempFileLocation=null), argConfig=ArgConfig(disable=true)), debugConfig=DebugConfig(debug=false, stacktrace=false, logLevel=INFO, argdebug=false, argToFile=false))
PartialResultJson: /dev/shm/partialResult17543913237149599448.json
server: Registered Legacy-Z3 SolverManager
server: Registered Z3 SolverManager
server: Registered JavaSMT SolverManager
server: Registered SMT-LIB SolverManager
server: Successfully loaded LocationInvariants from /dev/shm/partialResult17543913237149599448.json
server: [33m[WARN] LocationInvariants are empty map. Returning null!
server: [0mStarting iteration 1
server: 	Starting BMC
server: 	Starting k-induction
server: Starting iteration 2
server: 	Starting BMC
server: 	Starting k-induction
server: Starting iteration 3
server: 	Starting BMC
server: 	Starting k-induction
server: Starting iteration 4
server: 	Starting BMC
server: 	Starting k-induction
server: Starting iteration 5
server: 	Starting BMC
server: 	Starting k-induction
server: Starting iteration 6
server: 	Starting BMC
server: 	Starting k-induction
server: Starting iteration 7
server: 	Starting BMC
server: 	Starting k-induction
server: Starting iteration 8
server: 	Starting BMC
server: 	Starting k-induction
server: Starting iteration 9
server: 	Starting BMC
server: 	Starting k-induction
server: Starting iteration 10
server: 	Starting BMC
server: 	Starting k-induction
server: Starting iteration 11
server: 	Starting BMC
server: Safety proven in BMC step
server: Backend finished (in 1428 ms)
server: (SafetyResult Safe)
server: Writing post-verification artifacts to directory /tmp/vcloud_worker_meres_on_bme-233008/run_dir_e25329a2-f1c8-46f1-8e50-23c58df12b0d/./output/PredCart(900, true, true) -> KInd()/KInd()/12445787226879592140
Backend finished (in 4597 ms)
(SafetyResult Safe)
success-result: KInd()
Backend finished (in 913170 ms)
(SafetyResult Safe)
