tools/baseline/theta-start.sh sv-benchmarks/c/loop-new/count_by_2.i --svcomp --portfolio 'PredCart(900, true, true) -> KInd()' --loglevel RESULT --output-directory ./output --property sv-benchmarks/c/properties/unreach-call.prp --architecture ILP32 --memlimit 15000000000


--------------------------------------------------------------------------------


LD_LIBRARY_PATH=/tmp/vcloud_worker_meres_on_bme-233008/run_dir_51d2ef7b-5580-4bc8-8d42-c858fe0d7c68/tools/baseline/lib /usr/lib/jvm/java-17-openjdk-amd64/bin/java -Xss120m -Xmx14210m -jar /tmp/vcloud_worker_meres_on_bme-233008/run_dir_51d2ef7b-5580-4bc8-8d42-c858fe0d7c68/tools/baseline/theta.jar --svcomp --portfolio PredCart(900, true, true) -> KInd() --loglevel RESULT --output-directory ./output --property sv-benchmarks/c/properties/unreach-call.prp --architecture ILP32 --memlimit 15000000000 --input sv-benchmarks/c/loop-new/count_by_2.i --smt-home /tmp/vcloud_worker_meres_on_bme-233008/run_dir_51d2ef7b-5580-4bc8-8d42-c858fe0d7c68/tools/baseline/solvers
Arithmetic: []
ParsingResult Success
Alias graph size: 0 -> []
PARTS: [PredCart(900, true, true), KInd()]
Current configuration: XcfaConfig(inputConfig=InputConfig(inputFile=null, catFile=null, parseCtx=null, xcfaWCtx=present, propertyFile=null, property=ERROR_LOCATION, partialResult=null, frontendConfig=FrontendConfig(lbeLevel=LBE_SEQ, staticCoi=false, loopUnroll=1000, forceUnroll=-1, enableFew=false, inputType=C, specConfig=CFrontendConfig(arithmetic=efficient, architecture=ILP32)), backendConfig=BackendConfig(backend=CEGAR, solverHome=/home/benchexec/.theta, timeoutMs=900000, softTimeoutMs=900000, inProcess=true, parseInProcess=false, inPortfolio=true, memlimit=0, disablePartialResult=false, specConfig=CegarConfig(initPrec=EMPTY, porLevel=NOPOR, porRandomSeed=0, coi=NO_COI, cexMonitor=CHECK, iterationTimeHeuristic=true, abstractorConfig=CegarAbstractorConfig(abstractionSolver=Z3, validateAbstractionSolver=false, domain=PRED_CART, maxEnum=2, search=ERR, havocMemory=false), refinerConfig=CegarRefinerConfig(refinementSolver=Z3, validateRefinementSolver=false, refinement=SEQ_ITP, exprSplitter=CONJUNCTS, pruneStrategy=LAZY))), outputConfig=OutputConfig(versionInfo=false, enableOutput=true, resultFolder=./output/PredCart(900, true, true) -> KInd()/PredCart(900, true, true), acceptUnreliableSafe=false, cOutputConfig=COutputConfig(disable=true, useArr=false, useExArr=false, useRange=false), xcfaOutputConfig=XcfaOutputConfig(disable=true), chcOutputConfig=ChcOutputConfig(disable=true), witnessConfig=WitnessConfig(disable=false, svcomp=true, concretizerSolver=Z3, validateConcretizerSolver=false, inputFileForWitness=null), partialResultOutputConfig=PartialResultOutputConfig(enable=false, tempFileLocation=null), argConfig=ArgConfig(disable=true)), debugConfig=DebugConfig(debug=false, stacktrace=false, logLevel=INFO, argdebug=false, argToFile=false))
PartialResultJson: /dev/shm/partialResult2159646405184910506.json
server: Registered Legacy-Z3 SolverManager
server: Registered Z3 SolverManager
server: Registered JavaSMT SolverManager
server: Registered SMT-LIB SolverManager
server: Successfully loaded LocationInvariants from /dev/shm/partialResult2159646405184910506.json
server: [33m[WARN] LocationInvariants are empty map. Returning null!
server: [0mConfiguration: (CegarChecker (XcfaArgAbstractor (PriorityWaitlist XcfaDistToErrComparator)) (XcfaSingleExprTraceRefiner ExprTraceSeqItpChecker XcfaPrecRefiner))
server: TimeoutMs In Cegar:900000
server: Iteration 1
server: | Checking abstraction...
server: |  |  PrecisionSize: 0
server: |  |  (Re)initializing ARG...done
server: |  |  Starting ARG: 1 nodes, 1 incomplete, 0 unsafe
server: |  |  (StopCriterion FirstCex)...
server: |  |  Building ARG...
server: |  |  Finished ARG: 7 nodes, 3 incomplete, 1 unsafe
server: | Checking abstraction done, result: (AbstractorResult Unsafe)
server: | Refining abstraction...
server: |  |  Trace length: 4
server: |  |  Checking trace...done, result: (ExprTraceStatus Infeasible)
server: |  |  Pruning from index 2...done
server: Refining abstraction done, result: (RefinerResult Spurious)
server: ! Precision DID change in this iteration
server: Iteration took 0s to run! 
server: ExplPreictor: Predicted 0.200s, Real 0.180s 
server:               Weight 1.7 -> 0.9801389616656013 
server: Iteration 2
server: | Checking abstraction...
server: |  |  PrecisionSize: 1
server: |  |  Starting ARG: 2 nodes, 1 incomplete, 0 unsafe
server: |  |  (StopCriterion FirstCex)...
server: |  |  Building ARG...
server: |  |  Finished ARG: 9 nodes, 3 incomplete, 1 unsafe
server: | Checking abstraction done, result: (AbstractorResult Unsafe)
server: | Refining abstraction...
server: |  |  Trace length: 5
server: |  |  Checking trace...done, result: (ExprTraceStatus Infeasible)
server: |  |  Pruning from index 2...done
server: Refining abstraction done, result: (RefinerResult Spurious)
server: ! Precision DID change in this iteration
server: Iteration took 0s to run! 
server: ExplPreictor: Predicted 0.162s, Real 0.217s 
server:               Weight 0.9801389616656013 -> 1.0178064452938738 
server: Iteration 3
server: | Checking abstraction...
server: |  |  PrecisionSize: 3
server: |  |  Starting ARG: 2 nodes, 1 incomplete, 0 unsafe
server: |  |  (StopCriterion FirstCex)...
server: |  |  Building ARG...
server: |  |  Finished ARG: 13 nodes, 3 incomplete, 1 unsafe
server: | Checking abstraction done, result: (AbstractorResult Unsafe)
server: | Refining abstraction...
server: |  |  Trace length: 7
server: |  |  Checking trace...done, result: (ExprTraceStatus Infeasible)
server: |  |  Pruning from index 3...done
server: Refining abstraction done, result: (RefinerResult Spurious)
server: ! Precision DID change in this iteration
server: Iteration took 0s to run! 
server: ExplPreictor: Predicted 0.239s, Real 0.273s 
server:               Weight 1.0178064452938738 -> 1.0202670144139252 
server: Iteration 4
server: | Checking abstraction...
server: |  |  PrecisionSize: 5
server: |  |  Starting ARG: 4 nodes, 1 incomplete, 0 unsafe
server: |  |  (StopCriterion FirstCex)...
server: |  |  Building ARG...
server: |  |  Finished ARG: 17 nodes, 3 incomplete, 1 unsafe
server: | Checking abstraction done, result: (AbstractorResult Unsafe)
server: | Refining abstraction...
server: |  |  Trace length: 9
server: |  |  Checking trace...done, result: (ExprTraceStatus Infeasible)
server: |  |  Pruning from index 3...done
server: Refining abstraction done, result: (RefinerResult Spurious)
server: ! Precision DID change in this iteration
server: Iteration took 0s to run! 
server: ExplPreictor: Predicted 0.306s, Real 0.339s 
server:               Weight 1.0202670144139252 -> 1.019584379601996 
server: Iteration 5
server: | Checking abstraction...
server: |  |  PrecisionSize: 7
server: |  |  Starting ARG: 4 nodes, 1 incomplete, 0 unsafe
server: |  |  (StopCriterion FirstCex)...
server: |  |  Building ARG...
server: |  |  Finished ARG: 21 nodes, 3 incomplete, 1 unsafe
server: | Checking abstraction done, result: (AbstractorResult Unsafe)
server: | Refining abstraction...
server: |  |  Trace length: 11
server: |  |  Checking trace...done, result: (ExprTraceStatus Infeasible)
server: |  |  Pruning from index 3...done
server: Refining abstraction done, result: (RefinerResult Spurious)
server: ! Precision DID change in this iteration
server: Iteration took 0s to run! 
server: ExplPreictor: Predicted 0.380s, Real 0.461s 
server:               Weight 1.019584379601996 -> 1.0228239509491686 
server: Iteration 6
server: | Checking abstraction...
server: |  |  PrecisionSize: 9
server: |  |  Starting ARG: 4 nodes, 1 incomplete, 0 unsafe
server: |  |  (StopCriterion FirstCex)...
server: |  |  Building ARG...
server: |  |  Finished ARG: 25 nodes, 3 incomplete, 1 unsafe
server: | Checking abstraction done, result: (AbstractorResult Unsafe)
server: | Refining abstraction...
server: |  |  Trace length: 13
server: |  |  Checking trace...done, result: (ExprTraceStatus Infeasible)
server: |  |  Pruning from index 3...done
server: Refining abstraction done, result: (RefinerResult Spurious)
server: ! Precision DID change in this iteration
server: Iteration took 0s to run! 
server: ExplPreictor: Predicted 0.530s, Real 0.555s 
server:               Weight 1.0228239509491686 -> 1.0193218492646523 
server: Iteration 7
server: | Checking abstraction...
server: |  |  PrecisionSize: 11
server: |  |  Starting ARG: 4 nodes, 1 incomplete, 0 unsafe
server: |  |  (StopCriterion FirstCex)...
server: |  |  Building ARG...
server: |  |  Finished ARG: 29 nodes, 3 incomplete, 1 unsafe
server: | Checking abstraction done, result: (AbstractorResult Unsafe)
server: | Refining abstraction...
server: |  |  Trace length: 15
server: |  |  Checking trace...done, result: (ExprTraceStatus Infeasible)
server: |  |  Pruning from index 3...done
server: Refining abstraction done, result: (RefinerResult Spurious)
server: ! Precision DID change in this iteration
server: Iteration took 0s to run! 
server: ExplPreictor: Predicted 0.627s, Real 0.674s 
server:               Weight 1.0193218492646523 -> 1.0177130325183452 
server: Iteration 8
server: | Checking abstraction...
server: |  |  PrecisionSize: 13
server: |  |  Starting ARG: 4 nodes, 1 incomplete, 0 unsafe
server: |  |  (StopCriterion FirstCex)...
server: |  |  Building ARG...
server: |  |  Finished ARG: 33 nodes, 3 incomplete, 1 unsafe
server: | Checking abstraction done, result: (AbstractorResult Unsafe)
server: | Refining abstraction...
server: |  |  Trace length: 17
server: |  |  Checking trace...done, result: (ExprTraceStatus Infeasible)
server: |  |  Pruning from index 3...done
server: Refining abstraction done, result: (RefinerResult Spurious)
server: ! Precision DID change in this iteration
server: Iteration took 0s to run! 
server: ExplPreictor: Predicted 0.756s, Real 0.820s 
server:               Weight 1.0177130325183452 -> 1.0167194689316497 
server: Iteration 9
server: | Checking abstraction...
server: |  |  PrecisionSize: 15
server: |  |  Starting ARG: 4 nodes, 1 incomplete, 0 unsafe
server: |  |  (StopCriterion FirstCex)...
server: |  |  Building ARG...
server: |  |  Finished ARG: 37 nodes, 3 incomplete, 1 unsafe
server: | Checking abstraction done, result: (AbstractorResult Unsafe)
server: | Refining abstraction...
server: |  |  Trace length: 19
server: |  |  Checking trace...done, result: (ExprTraceStatus Infeasible)
server: |  |  Pruning from index 3...done
server: Refining abstraction done, result: (RefinerResult Spurious)
server: ! Precision DID change in this iteration
server: Iteration took 0s to run! 
server: ExplPreictor: Predicted 0.917s, Real 0.978s 
server:               Weight 1.0167194689316497 -> 1.0155078675825226 
server: Iteration 10
server: | Checking abstraction...
server: |  |  PrecisionSize: 17
server: |  |  Starting ARG: 4 nodes, 1 incomplete, 0 unsafe
server: |  |  (StopCriterion FirstCex)...
server: |  |  Building ARG...
server: |  |  Finished ARG: 41 nodes, 3 incomplete, 1 unsafe
server: | Checking abstraction done, result: (AbstractorResult Unsafe)
server: | Refining abstraction...
server: |  |  Trace length: 21
server: |  |  Checking trace...done, result: (ExprTraceStatus Infeasible)
server: |  |  Pruning from index 3...done
server: Refining abstraction done, result: (RefinerResult Spurious)
server: ! Precision DID change in this iteration
server: Iteration took 0s to run! 
server: ExplPreictor: Predicted 1.088s, Real 1.151s 
server:               Weight 1.0155078675825226 -> 1.0143615721345012 
server: Iteration 11
server: | Checking abstraction...
server: |  |  PrecisionSize: 19
server: |  |  Starting ARG: 4 nodes, 1 incomplete, 0 unsafe
server: |  |  (StopCriterion FirstCex)...
server: |  |  Building ARG...
server: |  |  Finished ARG: 45 nodes, 3 incomplete, 1 unsafe
server: | Checking abstraction done, result: (AbstractorResult Unsafe)
server: | Refining abstraction...
server: |  |  Trace length: 23
server: |  |  Checking trace...done, result: (ExprTraceStatus Infeasible)
server: |  |  Pruning from index 3...done
server: Refining abstraction done, result: (RefinerResult Spurious)
server: ! Precision DID change in this iteration
server: Iteration took 0s to run! 
server: ExplPreictor: Predicted 1.274s, Real 1.353s 
server:               Weight 1.0143615721345012 -> 1.0135176191283641 
server: Iteration 12
server: | Checking abstraction...
server: |  |  PrecisionSize: 21
server: |  |  Starting ARG: 4 nodes, 1 incomplete, 0 unsafe
server: |  |  (StopCriterion FirstCex)...
server: |  |  Building ARG...
server: |  |  Finished ARG: 49 nodes, 3 incomplete, 1 unsafe
server: | Checking abstraction done, result: (AbstractorResult Unsafe)
server: | Refining abstraction...
server: |  |  Trace length: 25
server: |  |  Checking trace...done, result: (ExprTraceStatus Infeasible)
server: |  |  Pruning from index 3...done
server: Refining abstraction done, result: (RefinerResult Spurious)
server: ! Precision DID change in this iteration
server: Iteration took 0s to run! 
server: ExplPreictor: Predicted 1.492s, Real 1.586s 
server:               Weight 1.0135176191283641 -> 1.01282954959917 
server: Iteration 13
server: | Checking abstraction...
server: |  |  PrecisionSize: 23
server: |  |  Starting ARG: 4 nodes, 1 incomplete, 0 unsafe
server: |  |  (StopCriterion FirstCex)...
server: |  |  Building ARG...
server: |  |  Finished ARG: 53 nodes, 3 incomplete, 1 unsafe
server: | Checking abstraction done, result: (AbstractorResult Unsafe)
server: | Refining abstraction...
server: |  |  Trace length: 27
server: |  |  Checking trace...done, result: (ExprTraceStatus Infeasible)
server: |  |  Pruning from index 3...done
server: Refining abstraction done, result: (RefinerResult Spurious)
server: ! Precision DID change in this iteration
server: Iteration took 0s to run! 
server: ExplPreictor: Predicted 1.743s, Real 1.907s 
server:               Weight 1.01282954959917 -> 1.0127273457847095 
server: Iteration 14
server: | Checking abstraction...
server: |  |  PrecisionSize: 25
server: |  |  Starting ARG: 4 nodes, 1 incomplete, 0 unsafe
server: |  |  (StopCriterion FirstCex)...
server: |  |  Building ARG...
server: |  |  Finished ARG: 57 nodes, 3 incomplete, 1 unsafe
server: | Checking abstraction done, result: (AbstractorResult Unsafe)
server: | Refining abstraction...
server: |  |  Trace length: 29
server: |  |  Checking trace...done, result: (ExprTraceStatus Infeasible)
server: |  |  Pruning from index 3...done
server: Refining abstraction done, result: (RefinerResult Spurious)
server: ! Precision DID change in this iteration
server: Iteration took 0s to run! 
server: ExplPreictor: Predicted 2.099s, Real 2.241s 
server:               Weight 1.0127273457847095 -> 1.0122132209620234 
server: Iteration 15
server: | Checking abstraction...
server: |  |  PrecisionSize: 27
server: |  |  Starting ARG: 4 nodes, 1 incomplete, 0 unsafe
server: |  |  (StopCriterion FirstCex)...
server: |  |  Building ARG...
server: |  |  Finished ARG: 61 nodes, 3 incomplete, 1 unsafe
server: | Checking abstraction done, result: (AbstractorResult Unsafe)
server: | Refining abstraction...
server: |  |  Trace length: 31
server: |  |  Checking trace...done, result: (ExprTraceStatus Infeasible)
server: |  |  Pruning from index 3...done
server: Refining abstraction done, result: (RefinerResult Spurious)
server: ! Precision DID change in this iteration
server: Iteration took 0s to run! 
server: ExplPreictor: Predicted 2.462s, Real 2.571s 
server:               Weight 1.0122132209620234 -> 1.0114282171905147 
server: Iteration 16
server: | Checking abstraction...
server: |  |  PrecisionSize: 29
server: |  |  Starting ARG: 4 nodes, 1 incomplete, 0 unsafe
server: |  |  (StopCriterion FirstCex)...
server: |  |  Building ARG...
server: |  |  Finished ARG: 65 nodes, 3 incomplete, 1 unsafe
server: | Checking abstraction done, result: (AbstractorResult Unsafe)
server: | Refining abstraction...
server: |  |  Trace length: 33
server: |  |  Checking trace...done, result: (ExprTraceStatus Infeasible)
server: |  |  Pruning from index 3...done
server: Refining abstraction done, result: (RefinerResult Spurious)
server: ! Precision DID change in this iteration
server: Iteration took 0s to run! 
server: ExplPreictor: Predicted 2.812s, Real 2.945s 
server:               Weight 1.0114282171905147 -> 1.0107965380590989 
server: Iteration 17
server: | Checking abstraction...
server: |  |  PrecisionSize: 31
server: |  |  Starting ARG: 4 nodes, 1 incomplete, 0 unsafe
server: |  |  (StopCriterion FirstCex)...
server: |  |  Building ARG...
server: |  |  Finished ARG: 69 nodes, 3 incomplete, 1 unsafe
server: | Checking abstraction done, result: (AbstractorResult Unsafe)
server: | Refining abstraction...
server: |  |  Trace length: 35
server: |  |  Checking trace...done, result: (ExprTraceStatus Infeasible)
server: |  |  Pruning from index 3...done
server: Refining abstraction done, result: (RefinerResult Spurious)
server: ! Precision DID change in this iteration
server: Iteration took 0s to run! 
server: ExplPreictor: Predicted 3.210s, Real 3.358s 
server:               Weight 1.0107965380590989 -> 1.0102331752292992 
server: Iteration 18
server: | Checking abstraction...
server: |  |  PrecisionSize: 33
server: |  |  Starting ARG: 4 nodes, 1 incomplete, 0 unsafe
server: |  |  (StopCriterion FirstCex)...
server: |  |  Building ARG...
server: |  |  Finished ARG: 73 nodes, 3 incomplete, 1 unsafe
server: | Checking abstraction done, result: (AbstractorResult Unsafe)
server: | Refining abstraction...
server: |  |  Trace length: 37
server: |  |  Checking trace...done, result: (ExprTraceStatus Infeasible)
server: |  |  Pruning from index 3...done
server: Refining abstraction done, result: (RefinerResult Spurious)
server: ! Precision DID change in this iteration
server: Iteration took 0s to run! 
server: ExplPreictor: Predicted 3.649s, Real 3.764s 
server:               Weight 1.0102331752292992 -> 1.0095633734520109 
server: Iteration 19
server: | Checking abstraction...
server: |  |  PrecisionSize: 35
server: |  |  Starting ARG: 4 nodes, 1 incomplete, 0 unsafe
server: |  |  (StopCriterion FirstCex)...
server: |  |  Building ARG...
server: |  |  Finished ARG: 77 nodes, 3 incomplete, 1 unsafe
server: | Checking abstraction done, result: (AbstractorResult Unsafe)
server: | Refining abstraction...
server: |  |  Trace length: 39
server: |  |  Checking trace...done, result: (ExprTraceStatus Infeasible)
server: |  |  Pruning from index 3...done
server: Refining abstraction done, result: (RefinerResult Spurious)
server: ! Precision DID change in this iteration
server: Iteration took 0s to run! 
server: ExplPreictor: Predicted 4.072s, Real 4.255s 
server:               Weight 1.0095633734520109 -> 1.0091348098797928 
server: Iteration 20
server: | Checking abstraction...
server: |  |  PrecisionSize: 37
server: |  |  Starting ARG: 4 nodes, 1 incomplete, 0 unsafe
server: |  |  (StopCriterion FirstCex)...
server: |  |  Building ARG...
server: |  |  Finished ARG: 81 nodes, 3 incomplete, 1 unsafe
server: | Checking abstraction done, result: (AbstractorResult Unsafe)
server: | Refining abstraction...
server: |  |  Trace length: 41
server: |  |  Checking trace...done, result: (ExprTraceStatus Infeasible)
server: |  |  Pruning from index 3...done
server: Refining abstraction done, result: (RefinerResult Spurious)
server: ! Precision DID change in this iteration
server: Iteration took 0s to run! 
server: ExplPreictor: Predicted 4.592s, Real 4.804s 
server:               Weight 1.0091348098797928 -> 1.0087672958434475 
server: Iteration 21
server: | Checking abstraction...
server: |  |  PrecisionSize: 39
server: |  |  Starting ARG: 4 nodes, 1 incomplete, 0 unsafe
server: |  |  (StopCriterion FirstCex)...
server: |  |  Building ARG...
server: |  |  Finished ARG: 85 nodes, 3 incomplete, 1 unsafe
server: | Checking abstraction done, result: (AbstractorResult Unsafe)
server: | Refining abstraction...
server: |  |  Trace length: 43
server: |  |  Checking trace...done, result: (ExprTraceStatus Infeasible)
server: |  |  Pruning from index 3...done
server: Refining abstraction done, result: (RefinerResult Spurious)
server: ! Precision DID change in this iteration
server: Iteration took 0s to run! 
server: ExplPreictor: Predicted 5.175s, Real 5.383s 
server:               Weight 1.0087672958434475 -> 1.008377098370298 
server: Iteration 22
server: | Checking abstraction...
server: |  |  PrecisionSize: 41
server: |  |  Starting ARG: 4 nodes, 1 incomplete, 0 unsafe
server: |  |  (StopCriterion FirstCex)...
server: |  |  Building ARG...
server: |  |  Finished ARG: 89 nodes, 3 incomplete, 1 unsafe
server: | Checking abstraction done, result: (AbstractorResult Unsafe)
server: | Refining abstraction...
server: |  |  Trace length: 45
server: |  |  Checking trace...done, result: (ExprTraceStatus Infeasible)
server: |  |  Pruning from index 3...done
server: Refining abstraction done, result: (RefinerResult Spurious)
server: ! Precision DID change in this iteration
server: Iteration took 0s to run! 
server: ExplPreictor: Predicted 5.785s, Real 6.038s 
server:               Weight 1.008377098370298 -> 1.008063944389424 
server: Iteration 23
server: | Checking abstraction...
server: |  |  PrecisionSize: 43
server: |  |  Starting ARG: 4 nodes, 1 incomplete, 0 unsafe
server: |  |  (StopCriterion FirstCex)...
server: |  |  Building ARG...
server: |  |  Finished ARG: 93 nodes, 3 incomplete, 1 unsafe
server: | Checking abstraction done, result: (AbstractorResult Unsafe)
server: | Refining abstraction...
server: |  |  Trace length: 47
server: |  |  Checking trace...done, result: (ExprTraceStatus Infeasible)
server: |  |  Pruning from index 3...done
server: Refining abstraction done, result: (RefinerResult Spurious)
server: ! Precision DID change in this iteration
server: Iteration took 0s to run! 
server: ExplPreictor: Predicted 6.477s, Real 6.801s 
server:               Weight 1.008063944389424 -> 1.0078412565425927 
server: Iteration 24
server: | Checking abstraction...
server: |  |  PrecisionSize: 45
server: |  |  Starting ARG: 4 nodes, 1 incomplete, 0 unsafe
server: |  |  (StopCriterion FirstCex)...
server: |  |  Building ARG...
server: |  |  Finished ARG: 97 nodes, 3 incomplete, 1 unsafe
server: | Checking abstraction done, result: (AbstractorResult Unsafe)
server: | Refining abstraction...
server: |  |  Trace length: 49
server: |  |  Checking trace...done, result: (ExprTraceStatus Infeasible)
server: |  |  Pruning from index 3...done
server: Refining abstraction done, result: (RefinerResult Spurious)
server: ! Precision DID change in this iteration
server: Iteration took 0s to run! 
server: ExplPreictor: Predicted 7.288s, Real 7.616s 
server:               Weight 1.0078412565425927 -> 1.0075896669840672 
server: Iteration 25
server: | Checking abstraction...
server: |  |  PrecisionSize: 47
server: |  |  Starting ARG: 4 nodes, 1 incomplete, 0 unsafe
server: |  |  (StopCriterion FirstCex)...
server: |  |  Building ARG...
server: |  |  Finished ARG: 101 nodes, 3 incomplete, 1 unsafe
server: | Checking abstraction done, result: (AbstractorResult Unsafe)
server: | Refining abstraction...
server: |  |  Trace length: 51
server: |  |  Checking trace...done, result: (ExprTraceStatus Infeasible)
server: |  |  Pruning from index 3...done
server: Refining abstraction done, result: (RefinerResult Spurious)
server: ! Precision DID change in this iteration
server: Iteration took 0s to run! 
server: ExplPreictor: Predicted 8.151s, Real 8.503s 
server:               Weight 1.0075896669840672 -> 1.007344345305496 
server: Iteration 26
server: | Checking abstraction...
server: |  |  PrecisionSize: 49
server: |  |  Starting ARG: 4 nodes, 1 incomplete, 0 unsafe
server: |  |  (StopCriterion FirstCex)...
server: |  |  Building ARG...
server: |  |  Finished ARG: 105 nodes, 3 incomplete, 1 unsafe
server: | Checking abstraction done, result: (AbstractorResult Unsafe)
server: | Refining abstraction...
server: |  |  Trace length: 53
server: |  |  Checking trace...done, result: (ExprTraceStatus Infeasible)
server: |  |  Pruning from index 3...done
server: Refining abstraction done, result: (RefinerResult Spurious)
server: ! Precision DID change in this iteration
server: Iteration took 0s to run! 
server: ExplPreictor: Predicted 9.087s, Real 9.469s 
server:               Weight 1.007344345305496 -> 1.0071093001042706 
server: Iteration 27
server: | Checking abstraction...
server: |  |  PrecisionSize: 51
server: |  |  Starting ARG: 4 nodes, 1 incomplete, 0 unsafe
server: |  |  (StopCriterion FirstCex)...
server: |  |  Building ARG...
server: |  |  Finished ARG: 109 nodes, 3 incomplete, 1 unsafe
server: | Checking abstraction done, result: (AbstractorResult Unsafe)
server: | Refining abstraction...
server: |  |  Trace length: 55
server: |  |  Checking trace...done, result: (ExprTraceStatus Infeasible)
server: |  |  Pruning from index 3...done
server: Refining abstraction done, result: (RefinerResult Spurious)
server: ! Precision DID change in this iteration
server: Iteration took 1s to run! 
server: ExplPreictor: Predicted 10.106s, Real 10.543s 
server:               Weight 1.0071093001042706 -> 1.0069045514323323 
server: Iteration 28
server: | Checking abstraction...
server: |  |  PrecisionSize: 53
server: |  |  Starting ARG: 4 nodes, 1 incomplete, 0 unsafe
server: |  |  (StopCriterion FirstCex)...
server: |  |  Building ARG...
server: |  |  Finished ARG: 113 nodes, 3 incomplete, 1 unsafe
server: | Checking abstraction done, result: (AbstractorResult Unsafe)
server: | Refining abstraction...
server: |  |  Trace length: 57
server: |  |  Checking trace...done, result: (ExprTraceStatus Infeasible)
server: |  |  Pruning from index 3...done
server: Refining abstraction done, result: (RefinerResult Spurious)
server: ! Precision DID change in this iteration
server: Iteration took 1s to run! 
server: ExplPreictor: Predicted 11.239s, Real 11.728s 
server:               Weight 1.0069045514323323 -> 1.0067177038861166 
server: Iteration 29
server: | Checking abstraction...
server: |  |  PrecisionSize: 55
server: |  |  Starting ARG: 4 nodes, 1 incomplete, 0 unsafe
server: |  |  (StopCriterion FirstCex)...
server: |  |  Building ARG...
server: |  |  Finished ARG: 117 nodes, 3 incomplete, 1 unsafe
server: | Checking abstraction done, result: (AbstractorResult Unsafe)
server: | Refining abstraction...
server: |  |  Trace length: 59
server: |  |  Checking trace...done, result: (ExprTraceStatus Infeasible)
server: |  |  Pruning from index 3...done
server: Refining abstraction done, result: (RefinerResult Spurious)
server: ! Precision DID change in this iteration
server: Iteration took 1s to run! 
server: ExplPreictor: Predicted 12.490s, Real 13.064s 
server:               Weight 1.0067177038861166 -> 1.0065646432232012 
server: Iteration 30
server: | Checking abstraction...
server: |  |  PrecisionSize: 57
server: |  |  Starting ARG: 4 nodes, 1 incomplete, 0 unsafe
server: |  |  (StopCriterion FirstCex)...
server: |  |  Building ARG...
server: |  |  Finished ARG: 121 nodes, 3 incomplete, 1 unsafe
server: | Checking abstraction done, result: (AbstractorResult Unsafe)
server: | Refining abstraction...
server: |  |  Trace length: 61
server: |  |  Checking trace...done, result: (ExprTraceStatus Infeasible)
server: |  |  Pruning from index 3...done
server: Refining abstraction done, result: (RefinerResult Spurious)
server: ! Precision DID change in this iteration
server: Iteration took 1s to run! 
server: ExplPreictor: Predicted 13.903s, Real 14.431s 
server:               Weight 1.0065646432232012 -> 1.006360119112053 
server: Iteration 31
server: | Checking abstraction...
server: |  |  PrecisionSize: 59
server: |  |  Starting ARG: 4 nodes, 1 incomplete, 0 unsafe
server: |  |  (StopCriterion FirstCex)...
server: |  |  Building ARG...
server: |  |  Finished ARG: 125 nodes, 3 incomplete, 1 unsafe
server: | Checking abstraction done, result: (AbstractorResult Unsafe)
server: | Refining abstraction...
server: |  |  Trace length: 63
server: |  |  Checking trace...done, result: (ExprTraceStatus Infeasible)
server: |  |  Pruning from index 3...done
server: Refining abstraction done, result: (RefinerResult Spurious)
server: ! Precision DID change in this iteration
server: Iteration took 1s to run! 
server: ExplPreictor: Predicted 15.337s, Real 15.913s 
server:               Weight 1.006360119112053 -> 1.0061680214726532 
server: Iteration 32
server: | Checking abstraction...
server: |  |  PrecisionSize: 61
server: |  |  Starting ARG: 4 nodes, 1 incomplete, 0 unsafe
server: |  |  (StopCriterion FirstCex)...
server: |  |  Building ARG...
server: |  |  Finished ARG: 129 nodes, 3 incomplete, 1 unsafe
server: | Checking abstraction done, result: (AbstractorResult Unsafe)
server: | Refining abstraction...
server: |  |  Trace length: 65
server: |  |  Checking trace...done, result: (ExprTraceStatus Infeasible)
server: |  |  Pruning from index 3...done
server: Refining abstraction done, result: (RefinerResult Spurious)
server: ! Precision DID change in this iteration
server: Iteration took 1s to run! 
server: ExplPreictor: Predicted 16.892s, Real 17.533s 
server:               Weight 1.0061680214726532 -> 1.0059938444532 
server: Iteration 33
server: | Checking abstraction...
server: |  |  PrecisionSize: 63
server: |  |  Starting ARG: 4 nodes, 1 incomplete, 0 unsafe
server: |  |  (StopCriterion FirstCex)...
server: |  |  Building ARG...
server: |  |  Finished ARG: 133 nodes, 3 incomplete, 1 unsafe
server: | Checking abstraction done, result: (AbstractorResult Unsafe)
server: | Refining abstraction...
server: |  |  Trace length: 67
server: |  |  Checking trace...done, result: (ExprTraceStatus Infeasible)
server: |  |  Pruning from index 3...done
server: Refining abstraction done, result: (RefinerResult Spurious)
server: ! Precision DID change in this iteration
server: Iteration took 1s to run! 
server: ExplPreictor: Predicted 18.591s, Real 19.277s 
server:               Weight 1.0059938444532 -> 1.005824834060948 
server: Iteration 34
server: | Checking abstraction...
server: |  |  PrecisionSize: 65
server: |  |  Starting ARG: 4 nodes, 1 incomplete, 0 unsafe
server: |  |  (StopCriterion FirstCex)...
server: |  |  Building ARG...
server: |  |  Finished ARG: 137 nodes, 3 incomplete, 1 unsafe
server: | Checking abstraction done, result: (AbstractorResult Unsafe)
server: | Refining abstraction...
server: |  |  Trace length: 69
server: |  |  Checking trace...done, result: (ExprTraceStatus Infeasible)
server: |  |  Pruning from index 3...done
server: Refining abstraction done, result: (RefinerResult Spurious)
server: ! Precision DID change in this iteration
server: Iteration took 1s to run! 
server: ExplPreictor: Predicted 20.417s, Real 21.135s 
server:               Weight 1.005824834060948 -> 1.0056556036743298 
server: Iteration 35
server: | Checking abstraction...
server: |  |  PrecisionSize: 67
server: |  |  Starting ARG: 4 nodes, 1 incomplete, 0 unsafe
server: |  |  (StopCriterion FirstCex)...
server: |  |  Building ARG...
server: |  |  Finished ARG: 141 nodes, 3 incomplete, 1 unsafe
server: | Checking abstraction done, result: (AbstractorResult Unsafe)
server: | Refining abstraction...
server: |  |  Trace length: 71
server: |  |  Checking trace...done, result: (ExprTraceStatus Infeasible)
server: |  |  Pruning from index 3...done
server: Refining abstraction done, result: (RefinerResult Spurious)
server: ! Precision DID change in this iteration
server: Iteration took 1s to run! 
server: ExplPreictor: Predicted 22.360s, Real 23.095s 
server:               Weight 1.0056556036743298 -> 1.0054831385169467 
server: Iteration 36
server: | Checking abstraction...
server: |  |  PrecisionSize: 69
server: |  |  Starting ARG: 4 nodes, 1 incomplete, 0 unsafe
server: |  |  (StopCriterion FirstCex)...
server: |  |  Building ARG...
server: |  |  Finished ARG: 145 nodes, 3 incomplete, 1 unsafe
server: | Checking abstraction done, result: (AbstractorResult Unsafe)
server: | Refining abstraction...
server: |  |  Trace length: 73
server: |  |  Checking trace...done, result: (ExprTraceStatus Infeasible)
server: |  |  Pruning from index 3...done
server: Refining abstraction done, result: (RefinerResult Spurious)
server: ! Precision DID change in this iteration
server: Iteration took 2s to run! 
server: ExplPreictor: Predicted 24.403s, Real 25.231s 
server:               Weight 1.0054831385169467 -> 1.0053302469745242 
server: Iteration 37
server: | Checking abstraction...
server: |  |  PrecisionSize: 71
server: |  |  Starting ARG: 4 nodes, 1 incomplete, 0 unsafe
server: |  |  (StopCriterion FirstCex)...
server: |  |  Building ARG...
server: |  |  Finished ARG: 149 nodes, 3 incomplete, 1 unsafe
server: | Checking abstraction done, result: (AbstractorResult Unsafe)
server: | Refining abstraction...
server: |  |  Trace length: 75
server: |  |  Checking trace...done, result: (ExprTraceStatus Infeasible)
server: |  |  Pruning from index 3...done
server: Refining abstraction done, result: (RefinerResult Spurious)
server: ! Precision DID change in this iteration
server: Iteration took 2s to run! 
server: ExplPreictor: Predicted 26.632s, Real 27.492s 
server:               Weight 1.0053302469745242 -> 1.0051773779774722 
server: Iteration 38
server: | Checking abstraction...
server: |  |  PrecisionSize: 73
server: |  |  Starting ARG: 4 nodes, 1 incomplete, 0 unsafe
server: |  |  (StopCriterion FirstCex)...
server: |  |  Building ARG...
server: |  |  Finished ARG: 153 nodes, 3 incomplete, 1 unsafe
server: | Checking abstraction done, result: (AbstractorResult Unsafe)
server: | Refining abstraction...
server: |  |  Trace length: 77
server: |  |  Checking trace...done, result: (ExprTraceStatus Infeasible)
server: |  |  Pruning from index 3...done
server: Refining abstraction done, result: (RefinerResult Spurious)
server: ! Precision DID change in this iteration
server: Iteration took 2s to run! 
server: ExplPreictor: Predicted 28.986s, Real 30.047s 
server:               Weight 1.0051773779774722 -> 1.0050627877265095 
server: Iteration 39
server: | Checking abstraction...
server: |  |  PrecisionSize: 75
server: |  |  Starting ARG: 4 nodes, 1 incomplete, 0 unsafe
server: |  |  (StopCriterion FirstCex)...
server: |  |  Building ARG...
server: |  |  Finished ARG: 157 nodes, 3 incomplete, 1 unsafe
server: | Checking abstraction done, result: (AbstractorResult Unsafe)
server: | Refining abstraction...
server: |  |  Trace length: 79
server: |  |  Checking trace...done, result: (ExprTraceStatus Infeasible)
server: |  |  Pruning from index 3...done
server: Refining abstraction done, result: (RefinerResult Spurious)
server: ! Precision DID change in this iteration
server: Iteration took 2s to run! 
server: ExplPreictor: Predicted 31.657s, Real 32.600s 
server:               Weight 1.0050627877265095 -> 1.0049123397213708 
server: Iteration 40
server: | Checking abstraction...
server: |  |  PrecisionSize: 77
server: |  |  Starting ARG: 4 nodes, 1 incomplete, 0 unsafe
server: |  |  (StopCriterion FirstCex)...
server: |  |  Building ARG...
server: |  |  Finished ARG: 161 nodes, 3 incomplete, 1 unsafe
server: | Checking abstraction done, result: (AbstractorResult Unsafe)
server: | Refining abstraction...
server: |  |  Trace length: 81
server: |  |  Checking trace...done, result: (ExprTraceStatus Infeasible)
server: |  |  Pruning from index 3...done
server: Refining abstraction done, result: (RefinerResult Spurious)
server: ! Precision DID change in this iteration
server: Iteration took 2s to run! 
server: ExplPreictor: Predicted 34.307s, Real 35.339s 
server:               Weight 1.0049123397213708 -> 1.0047741099586063 
server: Iteration 41
server: | Checking abstraction...
server: |  |  PrecisionSize: 79
server: |  |  Starting ARG: 4 nodes, 1 incomplete, 0 unsafe
server: |  |  (StopCriterion FirstCex)...
server: |  |  Building ARG...
server: |  |  Finished ARG: 165 nodes, 3 incomplete, 1 unsafe
server: | Checking abstraction done, result: (AbstractorResult Unsafe)
server: | Refining abstraction...
server: |  |  Trace length: 83
server: |  |  Checking trace...done, result: (ExprTraceStatus Infeasible)
server: |  |  Pruning from index 3...done
server: Refining abstraction done, result: (RefinerResult Spurious)
server: ! Precision DID change in this iteration
server: Iteration took 2s to run! 
server: ExplPreictor: Predicted 37.151s, Real 38.297s 
server:               Weight 1.0047741099586063 -> 1.0046499778334306 
server: Iteration 42
server: | Checking abstraction...
server: |  |  PrecisionSize: 81
server: |  |  Starting ARG: 4 nodes, 1 incomplete, 0 unsafe
server: |  |  (StopCriterion FirstCex)...
server: |  |  Building ARG...
server: |  |  Finished ARG: 169 nodes, 3 incomplete, 1 unsafe
server: | Checking abstraction done, result: (AbstractorResult Unsafe)
server: | Refining abstraction...
server: |  |  Trace length: 85
server: |  |  Checking trace...done, result: (ExprTraceStatus Infeasible)
server: |  |  Pruning from index 3...done
server: Refining abstraction done, result: (RefinerResult Spurious)
server: ! Precision DID change in this iteration
server: Iteration took 3s to run! 
server: ExplPreictor: Predicted 40.223s, Real 41.441s 
server:               Weight 1.0046499778334306 -> 1.0045304905515857 
server: Iteration 43
server: | Checking abstraction...
server: |  |  PrecisionSize: 83
server: |  |  Starting ARG: 4 nodes, 1 incomplete, 0 unsafe
server: |  |  (StopCriterion FirstCex)...
server: |  |  Building ARG...
server: |  |  Finished ARG: 173 nodes, 3 incomplete, 1 unsafe
server: | Checking abstraction done, result: (AbstractorResult Unsafe)
server: | Refining abstraction...
server: |  |  Trace length: 87
server: |  |  Checking trace...done, result: (ExprTraceStatus Infeasible)
server: |  |  Pruning from index 3...done
server: Refining abstraction done, result: (RefinerResult Spurious)
server: ! Precision DID change in this iteration
server: Iteration took 3s to run! 
server: ExplPreictor: Predicted 43.486s, Real 44.823s 
server:               Weight 1.0045304905515857 -> 1.004421421025653 
server: Iteration 44
server: | Checking abstraction...
server: |  |  PrecisionSize: 85
server: |  |  Starting ARG: 4 nodes, 1 incomplete, 0 unsafe
server: |  |  (StopCriterion FirstCex)...
server: |  |  Building ARG...
server: |  |  Finished ARG: 177 nodes, 3 incomplete, 1 unsafe
server: | Checking abstraction done, result: (AbstractorResult Unsafe)
server: | Refining abstraction...
server: |  |  Trace length: 89
server: |  |  Checking trace...done, result: (ExprTraceStatus Infeasible)
server: |  |  Pruning from index 3...done
server: Refining abstraction done, result: (RefinerResult Spurious)
server: ! Precision DID change in this iteration
server: Iteration took 3s to run! 
server: ExplPreictor: Predicted 46.997s, Real 48.390s 
server:               Weight 1.004421421025653 -> 1.0043128205347744 
server: Iteration 45
server: | Checking abstraction...
server: |  |  PrecisionSize: 87
server: |  |  Starting ARG: 4 nodes, 1 incomplete, 0 unsafe
server: |  |  (StopCriterion FirstCex)...
server: |  |  Building ARG...
server: |  |  Finished ARG: 181 nodes, 3 incomplete, 1 unsafe
server: | Checking abstraction done, result: (AbstractorResult Unsafe)
server: | Refining abstraction...
server: |  |  Trace length: 91
server: |  |  Checking trace...done, result: (ExprTraceStatus Infeasible)
server: |  |  Pruning from index 3...done
server: Refining abstraction done, result: (RefinerResult Spurious)
server: ! Precision DID change in this iteration
server: Iteration took 3s to run! 
server: ExplPreictor: Predicted 50.694s, Real 52.245s 
server:               Weight 1.0043128205347744 -> 1.004216281052419 
server: Iteration 46
server: | Checking abstraction...
server: |  |  PrecisionSize: 89
server: |  |  Starting ARG: 4 nodes, 1 incomplete, 0 unsafe
server: |  |  (StopCriterion FirstCex)...
server: |  |  Building ARG...
server: |  |  Finished ARG: 185 nodes, 3 incomplete, 1 unsafe
server: | Checking abstraction done, result: (AbstractorResult Unsafe)
server: | Refining abstraction...
server: |  |  Trace length: 93
server: |  |  Checking trace...done, result: (ExprTraceStatus Infeasible)
server: |  |  Pruning from index 3...done
server: Refining abstraction done, result: (RefinerResult Spurious)
server: ! Precision DID change in this iteration
server: Iteration took 3s to run! 
server: ExplPreictor: Predicted 54.694s, Real 56.152s 
server:               Weight 1.004216281052419 -> 1.0041036616652392 
server: Iteration 47
server: | Checking abstraction...
server: |  |  PrecisionSize: 91
server: |  |  Starting ARG: 4 nodes, 1 incomplete, 0 unsafe
server: |  |  (StopCriterion FirstCex)...
server: |  |  Building ARG...
server: |  |  Finished ARG: 189 nodes, 3 incomplete, 1 unsafe
server: | Checking abstraction done, result: (AbstractorResult Unsafe)
server: | Refining abstraction...
server: |  |  Trace length: 95
server: |  |  Checking trace...done, result: (ExprTraceStatus Infeasible)
server: |  |  Pruning from index 3...done
server: Refining abstraction done, result: (RefinerResult Spurious)
server: ! Precision DID change in this iteration
server: Iteration took 4s to run! 
server: ExplPreictor: Predicted 58.729s, Real 60.252s 
server:               Weight 1.0041036616652392 -> 1.003994115887287 
server: Iteration 48
server: | Checking abstraction...
server: |  |  PrecisionSize: 93
server: |  |  Starting ARG: 4 nodes, 1 incomplete, 0 unsafe
server: |  |  (StopCriterion FirstCex)...
server: |  |  Building ARG...
server: |  |  Finished ARG: 193 nodes, 3 incomplete, 1 unsafe
server: | Checking abstraction done, result: (AbstractorResult Unsafe)
server: | Refining abstraction...
server: |  |  Trace length: 97
server: |  |  Checking trace...done, result: (ExprTraceStatus Infeasible)
server: |  |  Pruning from index 3...done
server: Refining abstraction done, result: (RefinerResult Spurious)
server: ! Precision DID change in this iteration
server: Iteration took 4s to run! 
server: ExplPreictor: Predicted 62.960s, Real 64.567s 
server:               Weight 1.003994115887287 -> 1.0038892783307736 
server: Iteration 49
server: | Checking abstraction...
server: |  |  PrecisionSize: 95
server: |  |  Starting ARG: 4 nodes, 1 incomplete, 0 unsafe
server: |  |  (StopCriterion FirstCex)...
server: |  |  Building ARG...
server: |  |  Finished ARG: 197 nodes, 3 incomplete, 1 unsafe
server: | Checking abstraction done, result: (AbstractorResult Unsafe)
server: | Refining abstraction...
server: |  |  Trace length: 99
server: |  |  Checking trace...done, result: (ExprTraceStatus Infeasible)
server: |  |  Pruning from index 3...done
server: Refining abstraction done, result: (RefinerResult Spurious)
server: ! Precision DID change in this iteration
server: Iteration took 4s to run! 
server: ExplPreictor: Predicted 67.409s, Real 69.135s 
server:               Weight 1.0038892783307736 -> 1.0037913369738256 
server: Iteration 50
server: | Checking abstraction...
server: |  |  PrecisionSize: 97
server: |  |  Starting ARG: 4 nodes, 1 incomplete, 0 unsafe
server: |  |  (StopCriterion FirstCex)...
server: |  |  Building ARG...
server: |  |  Finished ARG: 201 nodes, 3 incomplete, 1 unsafe
server: | Checking abstraction done, result: (AbstractorResult Unsafe)
server: | Refining abstraction...
server: |  |  Trace length: 101
server: |  |  Checking trace...done, result: (ExprTraceStatus Infeasible)
server: |  |  Pruning from index 3...done
server: Refining abstraction done, result: (RefinerResult Spurious)
server: ! Precision DID change in this iteration
server: Iteration took 4s to run! 
server: ExplPreictor: Predicted 72.119s, Real 74.055s 
server:               Weight 1.0037913369738256 -> 1.0037058616118628 
server: Iteration 51
server: | Checking abstraction...
server: |  |  PrecisionSize: 99
server: |  |  Starting ARG: 4 nodes, 1 incomplete, 0 unsafe
server: |  |  (StopCriterion FirstCex)...
server: |  |  Building ARG...
server: |  |  Finished ARG: 205 nodes, 3 incomplete, 1 unsafe
server: | Checking abstraction done, result: (AbstractorResult Unsafe)
server: | Refining abstraction...
server: |  |  Trace length: 103
server: |  |  Checking trace...done, result: (ExprTraceStatus Infeasible)
server: |  |  Pruning from index 3...done
server: Refining abstraction done, result: (RefinerResult Spurious)
server: ! Precision DID change in this iteration
server: Iteration took 5s to run! 
server: ExplPreictor: Predicted 77.197s, Real 79.222s 
server:               Weight 1.0037058616118628 -> 1.0036221532813907 
server: Iteration 52
server: | Checking abstraction...
server: |  |  PrecisionSize: 101
server: |  |  Starting ARG: 4 nodes, 1 incomplete, 0 unsafe
server: |  |  (StopCriterion FirstCex)...
server: |  |  Building ARG...
server: |  |  Finished ARG: 209 nodes, 3 incomplete, 1 unsafe
server: | Checking abstraction done, result: (AbstractorResult Unsafe)
server: | Refining abstraction...
server: |  |  Trace length: 105
server: |  |  Checking trace...done, result: (ExprTraceStatus Infeasible)
server: |  |  Pruning from index 3...done
server: Refining abstraction done, result: (RefinerResult Spurious)
server: ! Precision DID change in this iteration
server: Iteration took 5s to run! 
server: ExplPreictor: Predicted 82.526s, Real 84.868s 
server:               Weight 1.0036221532813907 -> 1.0035541933196277 
server: Iteration 53
server: | Checking abstraction...
server: |  |  PrecisionSize: 103
server: |  |  Starting ARG: 4 nodes, 1 incomplete, 0 unsafe
server: |  |  (StopCriterion FirstCex)...
server: |  |  Building ARG...
server: |  |  Finished ARG: 213 nodes, 3 incomplete, 1 unsafe
server: | Checking abstraction done, result: (AbstractorResult Unsafe)
server: | Refining abstraction...
server: |  |  Trace length: 107
server: |  |  Checking trace...done, result: (ExprTraceStatus Infeasible)
server: |  |  Pruning from index 3...done
server: Refining abstraction done, result: (RefinerResult Spurious)
server: ! Precision DID change in this iteration
server: Iteration took 5s to run! 
server: ExplPreictor: Predicted 88.361s, Real 90.530s 
server:               Weight 1.0035541933196277 -> 1.0034706206428035 
server: Iteration 54
server: | Checking abstraction...
server: |  |  PrecisionSize: 105
server: |  |  Starting ARG: 4 nodes, 1 incomplete, 0 unsafe
server: |  |  (StopCriterion FirstCex)...
server: |  |  Building ARG...
server: |  |  Finished ARG: 217 nodes, 3 incomplete, 1 unsafe
server: | Checking abstraction done, result: (AbstractorResult Unsafe)
server: | Refining abstraction...
server: |  |  Trace length: 109
server: |  |  Checking trace...done, result: (ExprTraceStatus Infeasible)
server: |  |  Pruning from index 3...done
server: Refining abstraction done, result: (RefinerResult Spurious)
server: ! Precision DID change in this iteration
server: Iteration took 6s to run! 
server: ExplPreictor: Predicted 94.188s, Real 96.776s 
server:               Weight 1.0034706206428035 -> 1.0034063970627989 
server: Iteration 55
server: | Checking abstraction...
server: |  |  PrecisionSize: 107
server: |  |  Starting ARG: 4 nodes, 1 incomplete, 0 unsafe
server: |  |  (StopCriterion FirstCex)...
server: |  |  Building ARG...
server: |  |  Finished ARG: 221 nodes, 3 incomplete, 1 unsafe
server: | Checking abstraction done, result: (AbstractorResult Unsafe)
server: | Refining abstraction...
server: |  |  Trace length: 111
server: |  |  Checking trace...done, result: (ExprTraceStatus Infeasible)
server: |  |  Pruning from index 3...done
server: Refining abstraction done, result: (RefinerResult Spurious)
server: ! Precision DID change in this iteration
server: Iteration took 6s to run! 
server: ExplPreictor: Predicted 100.635s, Real 103.350s 
server:               Weight 1.0034063970627989 -> 1.0033430991029744 
server: Iteration 56
server: | Checking abstraction...
server: |  |  PrecisionSize: 109
server: |  |  Starting ARG: 4 nodes, 1 incomplete, 0 unsafe
server: |  |  (StopCriterion FirstCex)...
server: |  |  Building ARG...
server: |  |  Finished ARG: 225 nodes, 3 incomplete, 1 unsafe
server: | Checking abstraction done, result: (AbstractorResult Unsafe)
server: | Refining abstraction...
server: |  |  Trace length: 113
server: |  |  Checking trace...done, result: (ExprTraceStatus Infeasible)
server: |  |  Pruning from index 3...done
server: Refining abstraction done, result: (RefinerResult Spurious)
server: ! Precision DID change in this iteration
server: Iteration took 6s to run! 
server: ExplPreictor: Predicted 107.417s, Real 109.806s 
server:               Weight 1.0033430991029744 -> 1.003260241093296 
server: Iteration 57
server: | Checking abstraction...
server: |  |  PrecisionSize: 111
server: |  |  Starting ARG: 4 nodes, 1 incomplete, 0 unsafe
server: |  |  (StopCriterion FirstCex)...
server: |  |  Building ARG...
server: |  |  Finished ARG: 229 nodes, 3 incomplete, 1 unsafe
server: | Checking abstraction done, result: (AbstractorResult Unsafe)
server: | Refining abstraction...
server: |  |  Trace length: 115
server: |  |  Checking trace...done, result: (ExprTraceStatus Infeasible)
server: |  |  Pruning from index 3...done
server: Refining abstraction done, result: (RefinerResult Spurious)
server: ! Precision DID change in this iteration
server: Iteration took 6s to run! 
server: ExplPreictor: Predicted 114.041s, Real 116.623s 
server:               Weight 1.003260241093296 -> 1.0031841027790975 
server: Iteration 58
server: | Checking abstraction...
server: |  |  PrecisionSize: 113
server: |  |  Starting ARG: 4 nodes, 1 incomplete, 0 unsafe
server: |  |  (StopCriterion FirstCex)...
server: |  |  Building ARG...
server: |  |  Finished ARG: 233 nodes, 3 incomplete, 1 unsafe
server: | Checking abstraction done, result: (AbstractorResult Unsafe)
server: | Refining abstraction...
server: |  |  Trace length: 117
server: |  |  Checking trace...done, result: (ExprTraceStatus Infeasible)
server: |  |  Pruning from index 3...done
server: Refining abstraction done, result: (RefinerResult Spurious)
server: ! Precision DID change in this iteration
server: Iteration took 7s to run! 
server: ExplPreictor: Predicted 121.037s, Real 123.841s 
server:               Weight 1.0031841027790975 -> 1.003114734711516 
server: Iteration 59
server: | Checking abstraction...
server: |  |  PrecisionSize: 115
server: |  |  Starting ARG: 4 nodes, 1 incomplete, 0 unsafe
server: |  |  (StopCriterion FirstCex)...
server: |  |  Building ARG...
server: |  |  Finished ARG: 237 nodes, 3 incomplete, 1 unsafe
server: | Checking abstraction done, result: (AbstractorResult Unsafe)
server: | Refining abstraction...
server: |  |  Trace length: 119
server: |  |  Checking trace...done, result: (ExprTraceStatus Infeasible)
server: |  |  Pruning from index 3...done
server: Refining abstraction done, result: (RefinerResult Spurious)
server: ! Precision DID change in this iteration
server: Iteration took 7s to run! 
server: ExplPreictor: Predicted 128.448s, Real 131.494s 
server:               Weight 1.003114734711516 -> 1.003051722205353 
server: Iteration 60
server: | Checking abstraction...
server: |  |  PrecisionSize: 117
server: |  |  Starting ARG: 4 nodes, 1 incomplete, 0 unsafe
server: |  |  (StopCriterion FirstCex)...
server: |  |  Building ARG...
server: |  |  Finished ARG: 241 nodes, 3 incomplete, 1 unsafe
server: | Checking abstraction done, result: (AbstractorResult Unsafe)
server: | Refining abstraction...
server: |  |  Trace length: 121
server: |  |  Checking trace...done, result: (ExprTraceStatus Infeasible)
server: |  |  Pruning from index 3...done
server: Refining abstraction done, result: (RefinerResult Spurious)
server: ! Precision DID change in this iteration
server: Iteration took 8s to run! 
server: ExplPreictor: Predicted 136.310s, Real 139.590s 
server:               Weight 1.003051722205353 -> 1.0029936856541606 
server: Iteration 61
server: | Checking abstraction...
server: |  |  PrecisionSize: 119
server: |  |  Starting ARG: 4 nodes, 1 incomplete, 0 unsafe
server: |  |  (StopCriterion FirstCex)...
server: |  |  Building ARG...
server: |  |  Finished ARG: 245 nodes, 3 incomplete, 1 unsafe
server: | Checking abstraction done, result: (AbstractorResult Unsafe)
server: | Refining abstraction...
server: |  |  Trace length: 123
server: |  |  Checking trace...done, result: (ExprTraceStatus Infeasible)
server: |  |  Pruning from index 3...done
server: Refining abstraction done, result: (RefinerResult Spurious)
server: ! Precision DID change in this iteration
server: Iteration took 8s to run! 
server: ExplPreictor: Predicted 144.629s, Real 148.270s 
server:               Weight 1.0029936856541606 -> 1.0029437189236596 
server: Iteration 62
server: | Checking abstraction...
server: |  |  PrecisionSize: 121
server: |  |  Starting ARG: 4 nodes, 1 incomplete, 0 unsafe
server: |  |  (StopCriterion FirstCex)...
server: |  |  Building ARG...
server: |  |  Finished ARG: 249 nodes, 3 incomplete, 1 unsafe
server: | Checking abstraction done, result: (AbstractorResult Unsafe)
server: | Refining abstraction...
server: |  |  Trace length: 125
server: |  |  Checking trace...done, result: (ExprTraceStatus Infeasible)
server: |  |  Pruning from index 3...done
server: Refining abstraction done, result: (RefinerResult Spurious)
server: ! Precision DID change in this iteration
server: Iteration took 10s to run! 
server: ExplPreictor: Predicted 153.559s, Real 158.851s 
server:               Weight 1.0029437189236596 -> 1.0029378487102705 
server: Iteration 63
server: | Checking abstraction...
server: |  |  PrecisionSize: 123
server: |  |  Starting ARG: 4 nodes, 1 incomplete, 0 unsafe
server: |  |  (StopCriterion FirstCex)...
server: |  |  Building ARG...
server: |  |  Finished ARG: 253 nodes, 3 incomplete, 1 unsafe
server: | Checking abstraction done, result: (AbstractorResult Unsafe)
server: | Refining abstraction...
server: |  |  Trace length: 127
server: |  |  Checking trace...done, result: (ExprTraceStatus Infeasible)
server: |  |  Pruning from index 3...done
server: Refining abstraction done, result: (RefinerResult Spurious)
server: ! Precision DID change in this iteration
server: Iteration took 12s to run! 
server: ExplPreictor: Predicted 164.539s, Real 170.856s 
server:               Weight 1.0029378487102705 -> 1.0029487494465292 
server: Iteration 64
server: | Checking abstraction...
server: |  |  PrecisionSize: 125
server: |  |  Starting ARG: 4 nodes, 1 incomplete, 0 unsafe
server: |  |  (StopCriterion FirstCex)...
server: |  |  Building ARG...
server: |  |  Finished ARG: 257 nodes, 3 incomplete, 1 unsafe
server: | Checking abstraction done, result: (AbstractorResult Unsafe)
server: | Refining abstraction...
server: |  |  Trace length: 129
server: |  |  Checking trace...done, result: (ExprTraceStatus Infeasible)
server: |  |  Pruning from index 3...done
server: Refining abstraction done, result: (RefinerResult Spurious)
server: ! Precision DID change in this iteration
server: Iteration took 11s to run! 
server: ExplPreictor: Predicted 177.035s, Real 182.455s 
server:               Weight 1.0029487494465292 -> 1.0029239456808536 
server: Iteration 65
server: | Checking abstraction...
server: |  |  PrecisionSize: 127
server: |  |  Starting ARG: 4 nodes, 1 incomplete, 0 unsafe
server: |  |  (StopCriterion FirstCex)...
server: |  |  Building ARG...
server: |  |  Finished ARG: 261 nodes, 3 incomplete, 1 unsafe
server: | Checking abstraction done, result: (AbstractorResult Unsafe)
server: | Refining abstraction...
server: |  |  Trace length: 131
server: |  |  Checking trace...done, result: (ExprTraceStatus Infeasible)
server: |  |  Pruning from index 3...done
server: Refining abstraction done, result: (RefinerResult Spurious)
server: ! Precision DID change in this iteration
server: Iteration took 10s to run! 
server: ExplPreictor: Predicted 189.034s, Real 192.622s 
server:               Weight 1.0029239456808536 -> 1.0028489849548303 
server: Iteration 66
server: | Checking abstraction...
server: |  |  PrecisionSize: 129
server: |  |  Starting ARG: 4 nodes, 1 incomplete, 0 unsafe
server: |  |  (StopCriterion FirstCex)...
server: |  |  Building ARG...
server: |  |  Finished ARG: 265 nodes, 3 incomplete, 1 unsafe
server: | Checking abstraction done, result: (AbstractorResult Unsafe)
server: | Refining abstraction...
server: |  |  Trace length: 133
server: |  |  Checking trace...done, result: (ExprTraceStatus Infeasible)
server: |  |  Pruning from index 3...done
server: Refining abstraction done, result: (RefinerResult Spurious)
server: ! Precision DID change in this iteration
server: Iteration took 15s to run! 
server: ExplPreictor: Predicted 199.417s, Real 208.421s 
server:               Weight 1.0028489849548303 -> 1.0028906711237373 
server: Iteration 67
server: | Checking abstraction...
server: |  |  PrecisionSize: 131
server: |  |  Starting ARG: 4 nodes, 1 incomplete, 0 unsafe
server: |  |  (StopCriterion FirstCex)...
server: |  |  Building ARG...
server: |  |  Finished ARG: 269 nodes, 3 incomplete, 1 unsafe
server: | Checking abstraction done, result: (AbstractorResult Unsafe)
server: | Refining abstraction...
server: |  |  Trace length: 135
server: |  |  Checking trace...done, result: (ExprTraceStatus Infeasible)
server: |  |  Pruning from index 3...done
server: Refining abstraction done, result: (RefinerResult Spurious)
server: ! Precision DID change in this iteration
server: Iteration took 13s to run! 
server: ExplPreictor: Predicted 215.932s, Real 222.190s 
server:               Weight 1.0028906711237373 -> 1.002860153634884 
server: Iteration 68
server: | Checking abstraction...
server: |  |  PrecisionSize: 133
server: |  |  Starting ARG: 4 nodes, 1 incomplete, 0 unsafe
server: |  |  (StopCriterion FirstCex)...
server: |  |  Building ARG...
server: |  |  Finished ARG: 273 nodes, 3 incomplete, 1 unsafe
server: | Checking abstraction done, result: (AbstractorResult Unsafe)
server: | Refining abstraction...
server: |  |  Trace length: 137
server: |  |  Checking trace...done, result: (ExprTraceStatus Infeasible)
server: |  |  Pruning from index 3...done
server: Refining abstraction done, result: (RefinerResult Spurious)
server: ! Precision DID change in this iteration
server: Iteration took 11s to run! 
server: ExplPreictor: Predicted 230.153s, Real 234.059s 
server:               Weight 1.002860153634884 -> 1.0027795718731545 
server: Iteration 69
server: | Checking abstraction...
server: |  |  PrecisionSize: 135
server: |  |  Starting ARG: 4 nodes, 1 incomplete, 0 unsafe
server: |  |  (StopCriterion FirstCex)...
server: |  |  Building ARG...
server: |  |  Finished ARG: 277 nodes, 3 incomplete, 1 unsafe
server: | Checking abstraction done, result: (AbstractorResult Unsafe)
server: | Refining abstraction...
server: |  |  Trace length: 139
server: |  |  Checking trace...done, result: (ExprTraceStatus Infeasible)
server: |  |  Pruning from index 3...done
server: Refining abstraction done, result: (RefinerResult Spurious)
server: ! Precision DID change in this iteration
server: Iteration took 15s to run! 
server: ExplPreictor: Predicted 242.242s, Real 249.266s 
server:               Weight 1.0027795718731545 -> 1.0027542047140101 
server: Iteration 70
server: | Checking abstraction...
server: |  |  PrecisionSize: 137
server: |  |  Starting ARG: 4 nodes, 1 incomplete, 0 unsafe
server: |  |  (StopCriterion FirstCex)...
server: |  |  Building ARG...
server: |  |  Finished ARG: 281 nodes, 3 incomplete, 1 unsafe
server: | Checking abstraction done, result: (AbstractorResult Unsafe)
server: | Refining abstraction...
server: |  |  Trace length: 141
server: |  |  Checking trace...done, result: (ExprTraceStatus Infeasible)
server: |  |  Pruning from index 3...done
server: Refining abstraction done, result: (RefinerResult Spurious)
server: ! Precision DID change in this iteration
server: Iteration took 17s to run! 
server: ExplPreictor: Predicted 257.945s, Real 267.143s 
server:               Weight 1.0027542047140101 -> 1.0027572855420228 
server: Iteration 71
server: | Checking abstraction...
server: |  |  PrecisionSize: 139
server: |  |  Starting ARG: 4 nodes, 1 incomplete, 0 unsafe
server: |  |  (StopCriterion FirstCex)...
server: |  |  Building ARG...
server: |  |  Finished ARG: 285 nodes, 3 incomplete, 1 unsafe
server: | Checking abstraction done, result: (AbstractorResult Unsafe)
server: | Refining abstraction...
server: |  |  Trace length: 143
server: |  |  Checking trace...done, result: (ExprTraceStatus Infeasible)
server: |  |  Pruning from index 3...done
server: Refining abstraction done, result: (RefinerResult Spurious)
server: ! Precision DID change in this iteration
server: Iteration took 13s to run! 
server: ExplPreictor: Predicted 276.507s, Real 280.825s 
server:               Weight 1.0027572855420228 -> 1.0026764446246175 
server: Iteration 72
server: | Checking abstraction...
server: |  |  PrecisionSize: 141
server: |  |  Starting ARG: 4 nodes, 1 incomplete, 0 unsafe
server: |  |  (StopCriterion FirstCex)...
server: |  |  Building ARG...
server: |  |  Finished ARG: 289 nodes, 3 incomplete, 1 unsafe
server: | Checking abstraction done, result: (AbstractorResult Unsafe)
server: | Refining abstraction...
server: |  |  Trace length: 145
server: |  |  Checking trace...done, result: (ExprTraceStatus Infeasible)
server: |  |  Pruning from index 3...done
server: Refining abstraction done, result: (RefinerResult Spurious)
server: ! Precision DID change in this iteration
server: Iteration took 13s to run! 
server: ExplPreictor: Predicted 290.414s, Real 293.917s 
server:               Weight 1.0026764446246175 -> 1.002585348621635 
server: Iteration 73
server: | Checking abstraction...
server: |  |  PrecisionSize: 143
server: |  |  Starting ARG: 4 nodes, 1 incomplete, 0 unsafe
server: |  |  (StopCriterion FirstCex)...
server: |  |  Building ARG...
server: |  |  Finished ARG: 293 nodes, 3 incomplete, 1 unsafe
server: | Checking abstraction done, result: (AbstractorResult Unsafe)
server: | Refining abstraction...
server: |  |  Trace length: 147
server: |  |  Checking trace...done, result: (ExprTraceStatus Infeasible)
server: |  |  Pruning from index 3...done
server: Refining abstraction done, result: (RefinerResult Spurious)
server: ! Precision DID change in this iteration
server: Iteration took 13s to run! 
server: ExplPreictor: Predicted 303.642s, Real 307.237s 
server:               Weight 1.002585348621635 -> 1.0024985038881904 
server: Iteration 74
server: | Checking abstraction...
server: |  |  PrecisionSize: 145
server: |  |  Starting ARG: 4 nodes, 1 incomplete, 0 unsafe
server: |  |  (StopCriterion FirstCex)...
server: |  |  Building ARG...
server: |  |  Finished ARG: 297 nodes, 3 incomplete, 1 unsafe
server: | Checking abstraction done, result: (AbstractorResult Unsafe)
server: | Refining abstraction...
server: |  |  Trace length: 149
server: |  |  Checking trace...done, result: (ExprTraceStatus Infeasible)
server: |  |  Pruning from index 3...done
server: Refining abstraction done, result: (RefinerResult Spurious)
server: ! Precision DID change in this iteration
server: Iteration took 13s to run! 
server: ExplPreictor: Predicted 317.091s, Real 320.983s 
server:               Weight 1.0024985038881904 -> 1.0024183148797747 
server: Iteration 75
server: | Checking abstraction...
server: |  |  PrecisionSize: 147
server: |  |  Starting ARG: 4 nodes, 1 incomplete, 0 unsafe
server: |  |  (StopCriterion FirstCex)...
server: |  |  Building ARG...
server: |  |  Finished ARG: 301 nodes, 3 incomplete, 1 unsafe
server: | Checking abstraction done, result: (AbstractorResult Unsafe)
server: | Refining abstraction...
server: |  |  Trace length: 151
server: |  |  Checking trace...done, result: (ExprTraceStatus Infeasible)
server: |  |  Pruning from index 3...done
server: Refining abstraction done, result: (RefinerResult Spurious)
server: ! Precision DID change in this iteration
server: Iteration took 13s to run! 
server: ExplPreictor: Predicted 330.977s, Real 334.902s 
server:               Weight 1.0024183148797747 -> 1.002340899085174 
server: Iteration 76
server: | Checking abstraction...
server: |  |  PrecisionSize: 149
server: |  |  Starting ARG: 4 nodes, 1 incomplete, 0 unsafe
server: |  |  (StopCriterion FirstCex)...
server: |  |  Building ARG...
server: |  |  Finished ARG: 305 nodes, 3 incomplete, 1 unsafe
server: | Checking abstraction done, result: (AbstractorResult Unsafe)
server: | Refining abstraction...
server: |  |  Trace length: 153
server: |  |  Checking trace...done, result: (ExprTraceStatus Infeasible)
server: |  |  Pruning from index 3...done
server: Refining abstraction done, result: (RefinerResult Spurious)
server: ! Precision DID change in this iteration
server: Iteration took 14s to run! 
server: ExplPreictor: Predicted 345.025s, Real 349.291s 
server:               Weight 1.002340899085174 -> 1.0022697854687252 
server: Iteration 77
server: | Checking abstraction...
server: |  |  PrecisionSize: 151
server: |  |  Starting ARG: 4 nodes, 1 incomplete, 0 unsafe
server: |  |  (StopCriterion FirstCex)...
server: |  |  Building ARG...
server: |  |  Finished ARG: 309 nodes, 3 incomplete, 1 unsafe
server: | Checking abstraction done, result: (AbstractorResult Unsafe)
server: | Refining abstraction...
server: |  |  Trace length: 155
server: |  |  Checking trace...done, result: (ExprTraceStatus Infeasible)
server: |  |  Pruning from index 3...done
server: Refining abstraction done, result: (RefinerResult Spurious)
server: ! Precision DID change in this iteration
server: Iteration took 15s to run! 
server: ExplPreictor: Predicted 359.558s, Real 364.637s 
server:               Weight 1.0022697854687252 -> 1.0022095294418547 
server: Iteration 78
server: | Checking abstraction...
server: |  |  PrecisionSize: 153
server: |  |  Starting ARG: 4 nodes, 1 incomplete, 0 unsafe
server: |  |  (StopCriterion FirstCex)...
server: |  |  Building ARG...
server: |  |  Finished ARG: 313 nodes, 3 incomplete, 1 unsafe
server: | Checking abstraction done, result: (AbstractorResult Unsafe)
server: | Refining abstraction...
server: |  |  Trace length: 157
server: |  |  Checking trace...done, result: (ExprTraceStatus Infeasible)
server: |  |  Pruning from index 3...done
server: Refining abstraction done, result: (RefinerResult Spurious)
server: ! Precision DID change in this iteration
server: Iteration took 18s to run! 
server: ExplPreictor: Predicted 375.102s, Real 383.417s 
server:               Weight 1.0022095294418547 -> 1.0021839112771895 
server: Iteration 79
server: | Checking abstraction...
server: |  |  PrecisionSize: 155
server: |  |  Starting ARG: 4 nodes, 1 incomplete, 0 unsafe
server: |  |  (StopCriterion FirstCex)...
server: |  |  Building ARG...
server: |  |  Finished ARG: 317 nodes, 3 incomplete, 1 unsafe
server: | Checking abstraction done, result: (AbstractorResult Unsafe)
server: | Refining abstraction...
server: |  |  Trace length: 159
server: |  |  Checking trace...done, result: (ExprTraceStatus Infeasible)
server: |  |  Pruning from index 3...done
server: Refining abstraction done, result: (RefinerResult Spurious)
server: ! Precision DID change in this iteration
server: Iteration took 16s to run! 
server: ExplPreictor: Predicted 394.335s, Real 399.721s 
server:               Weight 1.0021839112771895 -> 1.0021263267088931 
server: Iteration 80
server: | Checking abstraction...
server: |  |  PrecisionSize: 157
server: |  |  Starting ARG: 4 nodes, 1 incomplete, 0 unsafe
server: |  |  (StopCriterion FirstCex)...
server: |  |  Building ARG...
server: |  |  Finished ARG: 321 nodes, 3 incomplete, 1 unsafe
server: | Checking abstraction done, result: (AbstractorResult Unsafe)
server: | Refining abstraction...
server: |  |  Trace length: 161
server: |  |  Checking trace...done, result: (ExprTraceStatus Infeasible)
server: |  |  Pruning from index 3...done
server: Refining abstraction done, result: (RefinerResult Spurious)
server: ! Precision DID change in this iteration
server: Iteration took 18s to run! 
server: ExplPreictor: Predicted 410.836s, Real 417.835s 
server:               Weight 1.0021263267088931 -> 1.0020848119196595 
server: Iteration 81
server: | Checking abstraction...
server: |  |  PrecisionSize: 159
server: |  |  Starting ARG: 4 nodes, 1 incomplete, 0 unsafe
server: |  |  (StopCriterion FirstCex)...
server: |  |  Building ARG...
server: |  |  Finished ARG: 325 nodes, 3 incomplete, 1 unsafe
server: | Checking abstraction done, result: (AbstractorResult Unsafe)
server: | Refining abstraction...
server: |  |  Trace length: 163
server: |  |  Checking trace...done, result: (ExprTraceStatus Infeasible)
server: |  |  Pruning from index 3...done
server: Refining abstraction done, result: (RefinerResult Spurious)
server: ! Precision DID change in this iteration
server: Iteration took 22s to run! 
server: ExplPreictor: Predicted 429.263s, Real 439.858s 
server:               Weight 1.0020848119196595 -> 1.002074473097469 
server: Iteration 82
server: | Checking abstraction...
server: |  |  PrecisionSize: 161
server: |  |  Starting ARG: 4 nodes, 1 incomplete, 0 unsafe
server: |  |  (StopCriterion FirstCex)...
server: |  |  Building ARG...
server: |  |  Finished ARG: 329 nodes, 3 incomplete, 1 unsafe
server: | Checking abstraction done, result: (AbstractorResult Unsafe)
server: | Refining abstraction...
server: |  |  Trace length: 165
server: |  |  Checking trace...done, result: (ExprTraceStatus Infeasible)
server: |  |  Pruning from index 3...done
server: Refining abstraction done, result: (RefinerResult Spurious)
server: ! Precision DID change in this iteration
server: Iteration took 30s to run! 
server: ExplPreictor: Predicted 451.876s, Real 470.302s 
server:               Weight 1.002074473097469 -> 1.0021245255314055 
server: Iteration 83
server: | Checking abstraction...
server: |  |  PrecisionSize: 163
server: |  |  Starting ARG: 4 nodes, 1 incomplete, 0 unsafe
server: |  |  (StopCriterion FirstCex)...
server: |  |  Building ARG...
server: |  |  Finished ARG: 333 nodes, 3 incomplete, 1 unsafe
server: | Checking abstraction done, result: (AbstractorResult Unsafe)
server: | Refining abstraction...
server: |  |  Trace length: 167
server: |  |  Checking trace...done, result: (ExprTraceStatus Infeasible)
server: |  |  Pruning from index 3...done
server: Refining abstraction done, result: (RefinerResult Spurious)
server: ! Precision DID change in this iteration
server: Iteration took 19s to run! 
server: ExplPreictor: Predicted 483.535s, Real 489.781s 
server:               Weight 1.0021245255314055 -> 1.002066998171278 
server: Iteration 84
server: | Checking abstraction...
server: |  |  PrecisionSize: 165
server: |  |  Starting ARG: 4 nodes, 1 incomplete, 0 unsafe
server: |  |  (StopCriterion FirstCex)...
server: |  |  Building ARG...
server: |  |  Finished ARG: 337 nodes, 3 incomplete, 1 unsafe
server: | Checking abstraction done, result: (AbstractorResult Unsafe)
server: | Refining abstraction...
server: |  |  Trace length: 169
server: |  |  Checking trace...done, result: (ExprTraceStatus Infeasible)
server: |  |  Pruning from index 3...done
server: Refining abstraction done, result: (RefinerResult Spurious)
server: ! Precision DID change in this iteration
server: Iteration took 20s to run! 
server: ExplPreictor: Predicted 503.226s, Real 510.129s 
server:               Weight 1.002066998171278 -> 1.00201546757479 
server: Iteration 85
server: | Checking abstraction...
server: |  |  PrecisionSize: 167
server: |  |  Starting ARG: 4 nodes, 1 incomplete, 0 unsafe
server: |  |  (StopCriterion FirstCex)...
server: |  |  Building ARG...
server: |  |  Finished ARG: 341 nodes, 3 incomplete, 1 unsafe
server: | Checking abstraction done, result: (AbstractorResult Unsafe)
server: | Refining abstraction...
server: |  |  Trace length: 171
server: |  |  Checking trace...done, result: (ExprTraceStatus Infeasible)
server: |  |  Pruning from index 3...done
server: Refining abstraction done, result: (RefinerResult Spurious)
server: ! Precision DID change in this iteration
server: Iteration took 23s to run! 
server: ExplPreictor: Predicted 523.822s, Real 533.591s 
server:               Weight 1.00201546757479 -> 1.001984940605099 
server: Iteration 86
server: | Checking abstraction...
server: |  |  PrecisionSize: 169
server: |  |  Starting ARG: 4 nodes, 1 incomplete, 0 unsafe
server: |  |  (StopCriterion FirstCex)...
server: |  |  Building ARG...
server: |  |  Finished ARG: 345 nodes, 3 incomplete, 1 unsafe
server: | Checking abstraction done, result: (AbstractorResult Unsafe)
server: | Refining abstraction...
server: |  |  Trace length: 173
server: |  |  Checking trace...done, result: (ExprTraceStatus Infeasible)
server: |  |  Pruning from index 3...done
server: Refining abstraction done, result: (RefinerResult Spurious)
server: ! Precision DID change in this iteration
server: Iteration took 22s to run! 
server: ExplPreictor: Predicted 547.743s, Real 555.963s 
server:               Weight 1.001984940605099 -> 1.0019423285220779 
server: Iteration 87
server: | Checking abstraction...
server: |  |  PrecisionSize: 171
server: |  |  Starting ARG: 4 nodes, 1 incomplete, 0 unsafe
server: |  |  (StopCriterion FirstCex)...
server: |  |  Building ARG...
server: |  |  Finished ARG: 349 nodes, 3 incomplete, 1 unsafe
server: | Checking abstraction done, result: (AbstractorResult Unsafe)
server: | Refining abstraction...
server: |  |  Trace length: 175
server: |  |  Checking trace...done, result: (ExprTraceStatus Infeasible)
server: |  |  Pruning from index 3...done
server: Refining abstraction done, result: (RefinerResult Spurious)
server: ! Precision DID change in this iteration
server: Iteration took 21s to run! 
server: ExplPreictor: Predicted 570.433s, Real 577.675s 
server:               Weight 1.0019423285220779 -> 1.001893301056683 
server: Iteration 88
server: | Checking abstraction...
server: |  |  PrecisionSize: 173
server: |  |  Starting ARG: 4 nodes, 1 incomplete, 0 unsafe
server: |  |  (StopCriterion FirstCex)...
server: |  |  Building ARG...
server: |  |  Finished ARG: 353 nodes, 3 incomplete, 1 unsafe
server: | Checking abstraction done, result: (AbstractorResult Unsafe)
server: | Refining abstraction...
server: |  |  Trace length: 177
server: |  |  Checking trace...done, result: (ExprTraceStatus Infeasible)
server: |  |  Pruning from index 3...done
server: Refining abstraction done, result: (RefinerResult Spurious)
server: ! Precision DID change in this iteration
server: Iteration took 21s to run! 
server: ExplPreictor: Predicted 592.369s, Real 599.636s 
server:               Weight 1.001893301056683 -> 1.0018451891525746 
server: Iteration 89
server: | Checking abstraction...
server: |  |  PrecisionSize: 175
server: |  |  Starting ARG: 4 nodes, 1 incomplete, 0 unsafe
server: |  |  (StopCriterion FirstCex)...
server: |  |  Building ARG...
server: |  |  Finished ARG: 357 nodes, 3 incomplete, 1 unsafe
server: | Checking abstraction done, result: (AbstractorResult Unsafe)
server: | Refining abstraction...
server: |  |  Trace length: 179
server: |  |  Checking trace...done, result: (ExprTraceStatus Infeasible)
server: |  |  Pruning from index 3...done
server: Refining abstraction done, result: (RefinerResult Spurious)
server: ! Precision DID change in this iteration
server: Iteration took 35s to run! 
server: ExplPreictor: Predicted 614.538s, Real 635.403s 
server:               Weight 1.0018451891525746 -> 1.0018775859589015 
server: Iteration 90
server: | Checking abstraction...
server: |  |  PrecisionSize: 177
server: |  |  Starting ARG: 4 nodes, 1 incomplete, 0 unsafe
server: |  |  (StopCriterion FirstCex)...
server: |  |  Building ARG...
server: |  |  Finished ARG: 361 nodes, 3 incomplete, 1 unsafe
server: | Checking abstraction done, result: (AbstractorResult Unsafe)
server: | Refining abstraction...
server: |  |  Trace length: 181
server: |  |  Checking trace...done, result: (ExprTraceStatus Infeasible)
server: |  |  Pruning from index 3...done
server: Refining abstraction done, result: (RefinerResult Spurious)
server: ! Precision DID change in this iteration
server: Iteration took 30s to run! 
server: ExplPreictor: Predicted 651.546s, Real 666.137s 
server:               Weight 1.0018775859589015 -> 1.0018666352203789 
server: Iteration 91
server: | Checking abstraction...
server: |  |  PrecisionSize: 179
server: |  |  Starting ARG: 4 nodes, 1 incomplete, 0 unsafe
server: |  |  (StopCriterion FirstCex)...
server: |  |  Building ARG...
server: |  |  Finished ARG: 365 nodes, 3 incomplete, 1 unsafe
server: | Checking abstraction done, result: (AbstractorResult Unsafe)
server: | Refining abstraction...
server: |  |  Trace length: 183
server: |  |  Checking trace...done, result: (ExprTraceStatus Infeasible)
server: |  |  Pruning from index 3...done
server: Refining abstraction done, result: (RefinerResult Spurious)
server: ! Precision DID change in this iteration
server: Iteration took 29s to run! 
server: ExplPreictor: Predicted 683.021s, Real 695.462s 
server:               Weight 1.0018666352203789 -> 1.0018410343068274 
server: Iteration 92
server: | Checking abstraction...
server: |  |  PrecisionSize: 181
server: |  |  Starting ARG: 4 nodes, 1 incomplete, 0 unsafe
server: |  |  (StopCriterion FirstCex)...
server: |  |  Building ARG...
server: |  |  Finished ARG: 369 nodes, 3 incomplete, 1 unsafe
server: | Checking abstraction done, result: (AbstractorResult Unsafe)
server: | Refining abstraction...
server: |  |  Trace length: 185
server: |  |  Checking trace...done, result: (ExprTraceStatus Infeasible)
server: |  |  Pruning from index 3...done
server: Refining abstraction done, result: (RefinerResult Spurious)
server: ! Precision DID change in this iteration
server: Iteration took 25s to run! 
server: ExplPreictor: Predicted 712.901s, Real 720.629s 
server:               Weight 1.0018410343068274 -> 1.0017902210988414 
server: Iteration 93
server: | Checking abstraction...
server: |  |  PrecisionSize: 183
server: |  |  Starting ARG: 4 nodes, 1 incomplete, 0 unsafe
server: |  |  (StopCriterion FirstCex)...
server: |  |  Building ARG...
server: |  |  Finished ARG: 373 nodes, 3 incomplete, 1 unsafe
server: | Checking abstraction done, result: (AbstractorResult Unsafe)
server: | Refining abstraction...
server: |  |  Trace length: 187
server: |  |  Checking trace...done, result: (ExprTraceStatus Infeasible)
server: |  |  Pruning from index 3...done
server: Refining abstraction done, result: (RefinerResult Spurious)
server: ! Precision DID change in this iteration
server: Iteration took 26s to run! 
server: ExplPreictor: Predicted 738.241s, Real 747.614s 
server:               Weight 1.0017902210988414 -> 1.0017485736211158 
server: Iteration 94
server: | Checking abstraction...
server: |  |  PrecisionSize: 185
server: |  |  Starting ARG: 4 nodes, 1 incomplete, 0 unsafe
server: |  |  (StopCriterion FirstCex)...
server: |  |  Building ARG...
server: |  |  Finished ARG: 377 nodes, 3 incomplete, 1 unsafe
server: | Checking abstraction done, result: (AbstractorResult Unsafe)
server: | Refining abstraction...
server: |  |  Trace length: 189
server: |  |  Checking trace...done, result: (ExprTraceStatus Infeasible)
server: |  |  Pruning from index 3...done
server: Refining abstraction done, result: (RefinerResult Spurious)
server: ! Precision DID change in this iteration
server: Iteration took 26s to run! 
server: ExplPreictor: Predicted 765.505s, Real 773.974s 
server:               Weight 1.0017485736211158 -> 1.0017031976470605 
server: Iteration 95
server: | Checking abstraction...
server: |  |  PrecisionSize: 187
server: |  |  Starting ARG: 4 nodes, 1 incomplete, 0 unsafe
server: |  |  (StopCriterion FirstCex)...
server: |  |  Building ARG...
server: |  |  Finished ARG: 381 nodes, 3 incomplete, 1 unsafe
server: | Checking abstraction done, result: (AbstractorResult Unsafe)
server: | Refining abstraction...
server: |  |  Trace length: 191
server: |  |  Checking trace...done, result: (ExprTraceStatus Infeasible)
server: |  |  Pruning from index 3...done
server: Refining abstraction done, result: (RefinerResult Spurious)
server: ! Precision DID change in this iteration
server: Iteration took 45s to run! 
server: ExplPreictor: Predicted 792.056s, Real 819.786s 
server:               Weight 1.0017031976470605 -> 1.001743283199825 
server: Iteration 96
server: | Checking abstraction...
server: |  |  PrecisionSize: 189
server: |  |  Starting ARG: 4 nodes, 1 incomplete, 0 unsafe
server: |  |  (StopCriterion FirstCex)...
server: |  |  Building ARG...
server: |  |  Finished ARG: 385 nodes, 3 incomplete, 1 unsafe
server: | Checking abstraction done, result: (AbstractorResult Unsafe)
server: | Refining abstraction...
server: |  |  Trace length: 193
server: |  |  Checking trace...done, result: (ExprTraceStatus Infeasible)
server: |  |  Pruning from index 3...done
server: Refining abstraction done, result: (RefinerResult Spurious)
server: ! Precision DID change in this iteration
server: Iteration took 36s to run! 
server: ExplPreictor: Predicted 839.479s, Real 856.394s 
server:               Weight 1.001743283199825 -> 1.001729728875467 
server: Iteration 97
server: | Checking abstraction...
server: |  |  PrecisionSize: 191
server: |  |  Starting ARG: 4 nodes, 1 incomplete, 0 unsafe
server: |  |  (StopCriterion FirstCex)...
server: |  |  Building ARG...
server: |  |  Finished ARG: 389 nodes, 3 incomplete, 1 unsafe
server: | Checking abstraction done, result: (AbstractorResult Unsafe)
server: | Refining abstraction...
server: |  |  Trace length: 195
server: |  |  Checking trace...done, result: (ExprTraceStatus Infeasible)
server: |  |  Pruning from index 3...done
server: Refining abstraction done, result: (RefinerResult Spurious)
server: ! Precision DID change in this iteration
server: Iteration took 28s to run! 
server: ExplPreictor: Predicted 876.871s, Real 884.699s 
server:               Weight 1.001729728875467 -> 1.0016776960855296 
server: --------Iteration time heuristic predicts timeout--------
server: |  |  PrecisionSize: 191
server: |  |  Starting ARG: 4 nodes, 1 incomplete, 0 unsafe
server: |  |  (StopCriterion FullExploration)...
server: |  |  Building ARG...
The process run out of time so it got destroied!
Backend finished (in 900274 ms)
ErrorCodeException(code=201)
	at hu.bme.mit.theta.xcfa.cli.checkers.InProcessChecker.check(InProcessChecker.kt:168)
	at hu.bme.mit.theta.xcfa.cli.ExecuteConfigKt$backend$result$1.invoke(ExecuteConfig.kt:338)
	at hu.bme.mit.theta.xcfa.cli.ExecuteConfigKt$backend$result$1.invoke(ExecuteConfig.kt:336)
	at hu.bme.mit.theta.xcfa.cli.params.ExitCodesKt.exitOnError(ExitCodes.kt:58)
	at hu.bme.mit.theta.xcfa.cli.ExecuteConfigKt.backend(ExecuteConfig.kt:336)
	at hu.bme.mit.theta.xcfa.cli.ExecuteConfigKt.backend$default(ExecuteConfig.kt:293)
	at hu.bme.mit.theta.xcfa.cli.ExecuteConfigKt.runConfig(ExecuteConfig.kt:125)
	at hu.bme.mit.theta.xcfa.cli.portfolio.SpecFromNamePortfolioKt.specFromNamePortfolio$checker(specFromNamePortfolio.kt:81)
	at hu.bme.mit.theta.xcfa.cli.portfolio.SpecFromNamePortfolioKt.access$specFromNamePortfolio$checker(specFromNamePortfolio.kt:1)
	at hu.bme.mit.theta.xcfa.cli.portfolio.SpecFromNamePortfolioKt$specFromNamePortfolio$configNodes$1$1.invoke(specFromNamePortfolio.kt:121)
	at hu.bme.mit.theta.xcfa.cli.portfolio.SpecFromNamePortfolioKt$specFromNamePortfolio$configNodes$1$1.invoke(specFromNamePortfolio.kt:121)
	at hu.bme.mit.theta.xcfa.cli.portfolio.ConfigNode.execute(stm.kt:74)
	at hu.bme.mit.theta.xcfa.cli.portfolio.STM.execute(stm.kt:159)
	at hu.bme.mit.theta.xcfa.cli.portfolio.STM.execute$default(stm.kt:154)
	at hu.bme.mit.theta.xcfa.cli.checkers.ConfigToPortfolioKt.getPortfolioChecker$lambda$0(ConfigToPortfolio.kt:136)
	at hu.bme.mit.theta.analysis.algorithm.SafetyChecker.check(SafetyChecker.java:27)
	at hu.bme.mit.theta.xcfa.cli.ExecuteConfigKt$backend$result$1.invoke(ExecuteConfig.kt:338)
	at hu.bme.mit.theta.xcfa.cli.ExecuteConfigKt$backend$result$1.invoke(ExecuteConfig.kt:336)
	at hu.bme.mit.theta.xcfa.cli.params.ExitCodesKt.exitOnError(ExitCodes.kt:58)
	at hu.bme.mit.theta.xcfa.cli.ExecuteConfigKt.backend(ExecuteConfig.kt:336)
	at hu.bme.mit.theta.xcfa.cli.ExecuteConfigKt.backend$default(ExecuteConfig.kt:293)
	at hu.bme.mit.theta.xcfa.cli.ExecuteConfigKt.runConfig(ExecuteConfig.kt:125)
	at hu.bme.mit.theta.xcfa.cli.ExecuteConfigKt.runConfig$default(ExecuteConfig.kt:99)
	at hu.bme.mit.theta.xcfa.cli.XcfaCli.run(XcfaCli.kt:127)
	at hu.bme.mit.theta.xcfa.cli.XcfaCli.access$run(XcfaCli.kt:37)
	at hu.bme.mit.theta.xcfa.cli.XcfaCli$Companion.main(XcfaCli.kt:137)
	at hu.bme.mit.theta.xcfa.cli.XcfaCli.main(XcfaCli.kt)
Caught exception: ErrorCodeException(code=201)
Handling exception as Anything
Current configuration: XcfaConfig(inputConfig=InputConfig(inputFile=null, catFile=null, parseCtx=null, xcfaWCtx=present, propertyFile=null, property=ERROR_LOCATION, partialResult=null, frontendConfig=FrontendConfig(lbeLevel=LBE_SEQ, staticCoi=false, loopUnroll=1000, forceUnroll=-1, enableFew=false, inputType=C, specConfig=CFrontendConfig(arithmetic=efficient, architecture=ILP32)), backendConfig=BackendConfig(backend=BOUNDED, solverHome=/home/benchexec/.theta, timeoutMs=900000, softTimeoutMs=900000, inProcess=true, parseInProcess=false, inPortfolio=true, memlimit=0, disablePartialResult=true, specConfig=BoundedConfig(maxBound=0, reversed=false, cegar=false, initPrec=EMPTY, bmcConfig=BMCConfig(disable=false, nonLfPath=false, bmcSolver=Z3, validateBMCSolver=false), indConfig=InductionConfig(disable=false, indSolver=Z3, validateIndSolver=false, indMinBound=0, indFreq=1), itpConfig=InterpolationConfig(disable=true, itpSolver=Z3, validateItpSolver=false))), outputConfig=OutputConfig(versionInfo=false, enableOutput=true, resultFolder=./output/PredCart(900, true, true) -> KInd()/KInd(), acceptUnreliableSafe=false, cOutputConfig=COutputConfig(disable=true, useArr=false, useExArr=false, useRange=false), xcfaOutputConfig=XcfaOutputConfig(disable=true), chcOutputConfig=ChcOutputConfig(disable=true), witnessConfig=WitnessConfig(disable=false, svcomp=true, concretizerSolver=Z3, validateConcretizerSolver=false, inputFileForWitness=null), partialResultOutputConfig=PartialResultOutputConfig(enable=false, tempFileLocation=null), argConfig=ArgConfig(disable=true)), debugConfig=DebugConfig(debug=false, stacktrace=false, logLevel=INFO, argdebug=false, argToFile=false))
PartialResultJson: /dev/shm/partialResult2159646405184910506.json
server: Registered Legacy-Z3 SolverManager
server: Registered Z3 SolverManager
server: Registered JavaSMT SolverManager
server: Registered SMT-LIB SolverManager
server: Successfully loaded LocationInvariants from /dev/shm/partialResult2159646405184910506.json
server: [33m[WARN] LocationInvariants are empty map. Returning null!
server: [0mStarting iteration 1
server: 	Starting BMC
server: 	Starting k-induction
server: Starting iteration 2
server: 	Starting BMC
server: 	Starting k-induction
server: Starting iteration 3
server: 	Starting BMC
server: 	Starting k-induction
server: Starting iteration 4
server: 	Starting BMC
server: 	Starting k-induction
server: Starting iteration 5
server: 	Starting BMC
server: 	Starting k-induction
server: Starting iteration 6
server: 	Starting BMC
server: 	Starting k-induction
server: Starting iteration 7
server: 	Starting BMC
server: 	Starting k-induction
server: Starting iteration 8
server: 	Starting BMC
server: 	Starting k-induction
server: Starting iteration 9
server: 	Starting BMC
server: 	Starting k-induction
server: Starting iteration 10
server: 	Starting BMC
server: 	Starting k-induction
server: Starting iteration 11
server: 	Starting BMC
server: 	Starting k-induction
server: Starting iteration 12
server: 	Starting BMC
server: 	Starting k-induction
server: Starting iteration 13
server: 	Starting BMC
server: 	Starting k-induction
server: Starting iteration 14
server: 	Starting BMC
server: 	Starting k-induction
server: Starting iteration 15
server: 	Starting BMC
server: 	Starting k-induction
server: Starting iteration 16
server: 	Starting BMC
server: 	Starting k-induction
server: Starting iteration 17
server: 	Starting BMC
server: 	Starting k-induction
server: Starting iteration 18
server: 	Starting BMC
server: 	Starting k-induction
server: Starting iteration 19
server: 	Starting BMC
server: 	Starting k-induction
server: Starting iteration 20
server: 	Starting BMC
server: 	Starting k-induction
server: Starting iteration 21
server: 	Starting BMC
server: 	Starting k-induction
server: Starting iteration 22
server: 	Starting BMC
server: 	Starting k-induction
server: Starting iteration 23
server: 	Starting BMC
server: 	Starting k-induction
server: Starting iteration 24
server: 	Starting BMC
server: 	Starting k-induction
server: Starting iteration 25
server: 	Starting BMC
server: 	Starting k-induction
server: Starting iteration 26
server: 	Starting BMC
server: 	Starting k-induction
server: Starting iteration 27
server: 	Starting BMC
server: 	Starting k-induction
server: Starting iteration 28
server: 	Starting BMC
server: 	Starting k-induction
server: Starting iteration 29
server: 	Starting BMC
server: 	Starting k-induction
server: Starting iteration 30
server: 	Starting BMC
server: 	Starting k-induction
server: Starting iteration 31
server: 	Starting BMC
server: 	Starting k-induction
server: Starting iteration 32
server: 	Starting BMC
server: 	Starting k-induction
server: Starting iteration 33
server: 	Starting BMC
server: 	Starting k-induction
server: Starting iteration 34
server: 	Starting BMC
server: 	Starting k-induction
server: Starting iteration 35
server: 	Starting BMC
server: 	Starting k-induction
server: Starting iteration 36
server: 	Starting BMC
server: 	Starting k-induction
server: Starting iteration 37
server: 	Starting BMC
server: 	Starting k-induction
server: Starting iteration 38
server: 	Starting BMC
server: 	Starting k-induction
server: Starting iteration 39
server: 	Starting BMC
server: 	Starting k-induction
server: Starting iteration 40
server: 	Starting BMC
server: 	Starting k-induction
server: Starting iteration 41
server: 	Starting BMC
server: 	Starting k-induction
server: Starting iteration 42
server: 	Starting BMC
server: 	Starting k-induction
server: Starting iteration 43
server: 	Starting BMC
server: 	Starting k-induction
server: Starting iteration 44
server: 	Starting BMC
server: 	Starting k-induction
server: Starting iteration 45
server: 	Starting BMC
server: 	Starting k-induction
server: Starting iteration 46
server: 	Starting BMC
server: 	Starting k-induction
server: Starting iteration 47
server: 	Starting BMC
server: 	Starting k-induction
server: Starting iteration 48
server: 	Starting BMC
server: 	Starting k-induction
server: Starting iteration 49
server: 	Starting BMC
server: 	Starting k-induction
server: Starting iteration 50
server: 	Starting BMC
server: 	Starting k-induction
server: Starting iteration 51
server: 	Starting BMC
server: 	Starting k-induction
server: Starting iteration 52
server: 	Starting BMC
server: 	Starting k-induction
server: Starting iteration 53
server: 	Starting BMC
server: 	Starting k-induction
server: Starting iteration 54
server: 	Starting BMC
server: 	Starting k-induction
server: Starting iteration 55
server: 	Starting BMC
server: 	Starting k-induction
server: Starting iteration 56
server: 	Starting BMC
server: 	Starting k-induction
server: Starting iteration 57
server: 	Starting BMC
server: 	Starting k-induction
server: Starting iteration 58
server: 	Starting BMC
server: 	Starting k-induction
server: Starting iteration 59
server: 	Starting BMC
server: 	Starting k-induction
server: Starting iteration 60
server: 	Starting BMC
server: 	Starting k-induction
server: Starting iteration 61
server: 	Starting BMC
server: 	Starting k-induction
server: Starting iteration 62
server: 	Starting BMC
server: 	Starting k-induction
server: Starting iteration 63
server: 	Starting BMC
server: 	Starting k-induction
server: Starting iteration 64
server: 	Starting BMC
server: 	Starting k-induction
server: Starting iteration 65
server: 	Starting BMC
server: 	Starting k-induction
server: Starting iteration 66
server: 	Starting BMC
server: 	Starting k-induction
server: Starting iteration 67
server: 	Starting BMC
server: 	Starting k-induction
server: Starting iteration 68
server: 	Starting BMC
server: 	Starting k-induction
server: Starting iteration 69
server: 	Starting BMC
server: 	Starting k-induction
server: Starting iteration 70
server: 	Starting BMC
server: 	Starting k-induction
server: Starting iteration 71
server: 	Starting BMC
server: 	Starting k-induction
server: Starting iteration 72
server: 	Starting BMC
server: 	Starting k-induction
server: Starting iteration 73
server: 	Starting BMC
server: 	Starting k-induction
server: Starting iteration 74
server: 	Starting BMC
server: 	Starting k-induction
server: Starting iteration 75
server: 	Starting BMC
server: 	Starting k-induction
server: Starting iteration 76
server: 	Starting BMC
server: 	Starting k-induction
server: Starting iteration 77
server: 	Starting BMC
server: 	Starting k-induction
server: Starting iteration 78
server: 	Starting BMC
server: 	Starting k-induction
server: Starting iteration 79
server: 	Starting BMC
server: 	Starting k-induction
server: Starting iteration 80
server: 	Starting BMC
server: 	Starting k-induction
server: Starting iteration 81
server: 	Starting BMC
server: 	Starting k-induction
server: Starting iteration 82
server: 	Starting BMC
server: 	Starting k-induction
server: Starting iteration 83
server: 	Starting BMC
server: 	Starting k-induction
server: Starting iteration 84
server: 	Starting BMC
server: 	Starting k-induction
server: Starting iteration 85
server: 	Starting BMC
server: 	Starting k-induction
server: Starting iteration 86
server: 	Starting BMC
server: 	Starting k-induction
server: Starting iteration 87
server: 	Starting BMC
server: 	Starting k-induction
server: Starting iteration 88
server: 	Starting BMC
server: 	Starting k-induction
server: Starting iteration 89
server: 	Starting BMC
server: 	Starting k-induction
server: Starting iteration 90
server: 	Starting BMC
server: 	Starting k-induction
server: Starting iteration 91
server: 	Starting BMC
server: 	Starting k-induction
server: Starting iteration 92
server: 	Starting BMC
server: 	Starting k-induction
server: Starting iteration 93
server: 	Starting BMC
server: 	Starting k-induction
server: Starting iteration 94
server: 	Starting BMC
server: 	Starting k-induction
server: Starting iteration 95
server: 	Starting BMC
server: 	Starting k-induction
server: Starting iteration 96
server: 	Starting BMC
server: 	Starting k-induction
server: Starting iteration 97
server: 	Starting BMC
server: 	Starting k-induction
server: Starting iteration 98
server: 	Starting BMC
server: 	Starting k-induction
server: Starting iteration 99
server: 	Starting BMC
server: 	Starting k-induction
server: Starting iteration 100
server: 	Starting BMC
server: 	Starting k-induction
server: Starting iteration 101
server: 	Starting BMC
server: 	Starting k-induction
server: Starting iteration 102
server: 	Starting BMC
server: 	Starting k-induction
server: Starting iteration 103
server: 	Starting BMC
server: 	Starting k-induction
server: Starting iteration 104
server: 	Starting BMC
server: 	Starting k-induction
server: Starting iteration 105
server: 	Starting BMC
server: 	Starting k-induction
server: Starting iteration 106
server: 	Starting BMC
server: 	Starting k-induction
server: Starting iteration 107
server: 	Starting BMC
server: 	Starting k-induction
server: Starting iteration 108
server: 	Starting BMC
server: 	Starting k-induction
server: Starting iteration 109
server: 	Starting BMC
server: 	Starting k-induction
server: Starting iteration 110
server: 	Starting BMC
server: 	Starting k-induction
server: Starting iteration 111
server: 	Starting BMC
server: 	Starting k-induction
server: Starting iteration 112
server: 	Starting BMC
server: 	Starting k-induction
server: Starting iteration 113
server: 	Starting BMC
server: 	Starting k-induction
server: Starting iteration 114
server: 	Starting BMC
server: 	Starting k-induction
server: Starting iteration 115
server: 	Starting BMC
server: 	Starting k-induction
server: Starting iteration 116
server: 	Starting BMC
server: 	Starting k-induction
server: Starting iteration 117
server: 	Starting BMC
server: 	Starting k-induction
server: Starting iteration 118
server: 	Starting BMC
server: 	Starting k-induction
server: Starting iteration 119
server: 	Starting BMC
server: 	Starting k-induction
server: Starting iteration 120
server: 	Starting BMC
server: 	Starting k-induction
server: Starting iteration 121
server: 	Starting BMC
server: 	Starting k-induction
server: Starting iteration 122
server: 	Starting BMC
server: 	Starting k-induction
server: Starting iteration 123
server: 	Starting BMC
server: 	Starting k-induction
server: Starting iteration 124
server: 	Starting BMC
server: 	Starting k-induction
server: Starting iteration 125
server: 	Starting BMC
server: 	Starting k-induction
server: Starting iteration 126
server: 	Starting BMC
server: 	Starting k-induction
server: Starting iteration 127
server: 	Starting BMC
server: 	Starting k-induction
server: Starting iteration 128
server: 	Starting BMC
server: 	Starting k-induction
server: Starting iteration 129
server: 	Starting BMC
server: 	Starting k-induction
server: Starting iteration 130
server: 	Starting BMC
server: 	Starting k-induction
server: Starting iteration 131
server: 	Starting BMC
server: 	Starting k-induction
server: Starting iteration 132
server: 	Starting BMC
server: 	Starting k-induction
server: Starting iteration 133
server: 	Starting BMC
server: 	Starting k-induction
server: Starting iteration 134
server: 	Starting BMC
server: 	Starting k-induction
server: Starting iteration 135
server: 	Starting BMC
server: 	Starting k-induction
server: Starting iteration 136
server: 	Starting BMC
server: 	Starting k-induction
server: Starting iteration 137
server: 	Starting BMC
server: 	Starting k-induction
server: Starting iteration 138
server: 	Starting BMC
server: 	Starting k-induction
server: Starting iteration 139
server: 	Starting BMC
server: 	Starting k-induction
server: Starting iteration 140
server: 	Starting BMC
server: 	Starting k-induction
server: Starting iteration 141
server: 	Starting BMC
server: 	Starting k-induction
server: Starting iteration 142
server: 	Starting BMC
server: 	Starting k-induction
server: Starting iteration 143
server: 	Starting BMC
server: 	Starting k-induction
server: Starting iteration 144
server: 	Starting BMC
server: 	Starting k-induction
server: Starting iteration 145
server: 	Starting BMC
server: 	Starting k-induction
server: Starting iteration 146
server: 	Starting BMC
server: 	Starting k-induction
server: Starting iteration 147
server: 	Starting BMC
server: 	Starting k-induction
server: Starting iteration 148
server: 	Starting BMC
server: 	Starting k-induction
server: Starting iteration 149
server: 	Starting BMC
server: 	Starting k-induction
server: Starting iteration 150
server: 	Starting BMC
server: 	Starting k-induction
server: Starting iteration 151
server: 	Starting BMC
server: 	Starting k-induction
server: Starting iteration 152
server: 	Starting BMC
server: 	Starting k-induction
server: Starting iteration 153
server: 	Starting BMC
server: 	Starting k-induction
server: Starting iteration 154
server: 	Starting BMC
server: 	Starting k-induction
server: Starting iteration 155
server: 	Starting BMC
server: 	Starting k-induction
server: Starting iteration 156
server: 	Starting BMC
server: 	Starting k-induction
server: Starting iteration 157
server: 	Starting BMC
server: 	Starting k-induction
server: Starting iteration 158
server: 	Starting BMC
server: 	Starting k-induction
server: Starting iteration 159
server: 	Starting BMC
server: 	Starting k-induction
server: Starting iteration 160
server: 	Starting BMC
server: 	Starting k-induction
server: Starting iteration 161
server: 	Starting BMC
server: 	Starting k-induction
server: Starting iteration 162
server: 	Starting BMC
server: 	Starting k-induction
server: Starting iteration 163
server: 	Starting BMC
server: 	Starting k-induction
server: Starting iteration 164
server: 	Starting BMC
server: 	Starting k-induction
server: Starting iteration 165
server: 	Starting BMC
server: 	Starting k-induction
server: Starting iteration 166
server: 	Starting BMC
server: 	Starting k-induction
server: Starting iteration 167
server: 	Starting BMC
server: 	Starting k-induction
server: Starting iteration 168
server: 	Starting BMC
server: 	Starting k-induction
server: Starting iteration 169
server: 	Starting BMC
server: 	Starting k-induction
server: Starting iteration 170
server: 	Starting BMC
server: 	Starting k-induction
server: Starting iteration 171
server: 	Starting BMC
server: 	Starting k-induction
server: Starting iteration 172
server: 	Starting BMC
server: 	Starting k-induction
server: Starting iteration 173
server: 	Starting BMC
server: 	Starting k-induction
server: Starting iteration 174
server: 	Starting BMC
server: 	Starting k-induction
server: Starting iteration 175
server: 	Starting BMC
server: 	Starting k-induction
server: Starting iteration 176
server: 	Starting BMC
server: 	Starting k-induction
server: Starting iteration 177
server: 	Starting BMC
server: 	Starting k-induction
server: Starting iteration 178
server: 	Starting BMC
server: 	Starting k-induction
server: Starting iteration 179
server: 	Starting BMC
server: 	Starting k-induction
server: Starting iteration 180
server: 	Starting BMC
server: 	Starting k-induction
server: Starting iteration 181
server: 	Starting BMC
server: 	Starting k-induction
server: Starting iteration 182
server: 	Starting BMC
server: 	Starting k-induction
server: Starting iteration 183
server: 	Starting BMC
server: 	Starting k-induction
server: Starting iteration 184
server: 	Starting BMC
server: 	Starting k-induction
server: Starting iteration 185
server: 	Starting BMC
server: 	Starting k-induction
server: Starting iteration 186
server: 	Starting BMC
server: 	Starting k-induction
server: Starting iteration 187
server: 	Starting BMC
server: 	Starting k-induction
server: Starting iteration 188
server: 	Starting BMC
server: 	Starting k-induction
server: Starting iteration 189
server: 	Starting BMC
server: 	Starting k-induction
server: Starting iteration 190
server: 	Starting BMC
server: 	Starting k-induction
server: Starting iteration 191
server: 	Starting BMC
server: 	Starting k-induction
server: Starting iteration 192
server: 	Starting BMC
server: 	Starting k-induction
server: Starting iteration 193
server: 	Starting BMC
server: 	Starting k-induction
server: Starting iteration 194
server: 	Starting BMC
server: 	Starting k-induction
server: Starting iteration 195
server: 	Starting BMC
server: 	Starting k-induction
server: Starting iteration 196
server: 	Starting BMC
server: 	Starting k-induction
server: Starting iteration 197
server: 	Starting BMC
server: 	Starting k-induction
server: Starting iteration 198
server: 	Starting BMC
server: 	Starting k-induction
server: Starting iteration 199
server: 	Starting BMC
server: 	Starting k-induction
server: Starting iteration 200
server: 	Starting BMC
server: 	Starting k-induction
server: Starting iteration 201
server: 	Starting BMC
server: 	Starting k-induction
server: Starting iteration 202
server: 	Starting BMC
server: 	Starting k-induction
server: Starting iteration 203
server: 	Starting BMC
server: 	Starting k-induction
server: Starting iteration 204
server: 	Starting BMC
server: 	Starting k-induction
server: Starting iteration 205
server: 	Starting BMC
server: 	Starting k-induction
server: Starting iteration 206
server: 	Starting BMC
server: 	Starting k-induction
server: Starting iteration 207
server: 	Starting BMC
server: 	Starting k-induction
server: Starting iteration 208
server: 	Starting BMC
server: 	Starting k-induction
server: Starting iteration 209
server: 	Starting BMC
server: 	Starting k-induction
server: Starting iteration 210
server: 	Starting BMC
server: 	Starting k-induction
server: Starting iteration 211
server: 	Starting BMC
server: 	Starting k-induction
server: Starting iteration 212
server: 	Starting BMC
server: 	Starting k-induction
server: Starting iteration 213
server: 	Starting BMC
server: 	Starting k-induction
server: Starting iteration 214
server: 	Starting BMC
server: 	Starting k-induction
server: Starting iteration 215
server: 	Starting BMC
server: 	Starting k-induction
server: Starting iteration 216
server: 	Starting BMC
server: 	Starting k-induction
server: Starting iteration 217
server: 	Starting BMC
server: 	Starting k-induction
server: Starting iteration 218
server: 	Starting BMC
server: 	Starting k-induction
server: Starting iteration 219
server: 	Starting BMC
server: 	Starting k-induction
server: Starting iteration 220
server: 	Starting BMC
server: 	Starting k-induction
server: Starting iteration 221
server: 	Starting BMC
server: 	Starting k-induction
server: Starting iteration 222
server: 	Starting BMC
server: 	Starting k-induction
server: Starting iteration 223
server: 	Starting BMC
server: 	Starting k-induction
server: Starting iteration 224
server: 	Starting BMC
server: 	Starting k-induction
server: Starting iteration 225
server: 	Starting BMC
server: 	Starting k-induction
server: Starting iteration 226
server: 	Starting BMC
server: 	Starting k-induction
server: Starting iteration 227
server: 	Starting BMC
server: 	Starting k-induction
server: Starting iteration 228
server: 	Starting BMC
server: 	Starting k-induction
server: Starting iteration 229
server: 	Starting BMC
server: 	Starting k-induction
server: Starting iteration 230
server: 	Starting BMC
server: 	Starting k-induction
server: Starting iteration 231
server: 	Starting BMC
server: 	Starting k-induction
server: Starting iteration 232
server: 	Starting BMC
server: 	Starting k-induction
server: Starting iteration 233
server: 	Starting BMC
server: 	Starting k-induction
server: Starting iteration 234
server: 	Starting BMC
server: 	Starting k-induction
server: Starting iteration 235
server: 	Starting BMC
server: 	Starting k-induction
server: Starting iteration 236
server: 	Starting BMC
server: 	Starting k-induction
server: Starting iteration 237
server: 	Starting BMC
server: 	Starting k-induction
server: Starting iteration 238
server: 	Starting BMC
server: 	Starting k-induction
server: Starting iteration 239
server: 	Starting BMC
server: 	Starting k-induction
server: Starting iteration 240
server: 	Starting BMC
server: 	Starting k-induction
server: Starting iteration 241
server: 	Starting BMC
server: 	Starting k-induction
server: Starting iteration 242
server: 	Starting BMC
server: 	Starting k-induction
server: Starting iteration 243
server: 	Starting BMC
server: 	Starting k-induction
server: Starting iteration 244
server: 	Starting BMC
server: 	Starting k-induction
server: Starting iteration 245
server: 	Starting BMC
server: 	Starting k-induction
server: Starting iteration 246
server: 	Starting BMC
server: 	Starting k-induction
server: Starting iteration 247
server: 	Starting BMC
server: 	Starting k-induction
server: Starting iteration 248
server: 	Starting BMC
server: 	Starting k-induction
server: Starting iteration 249
server: 	Starting BMC
server: 	Starting k-induction
server: Starting iteration 250
server: 	Starting BMC
server: 	Starting k-induction
server: Starting iteration 251
server: 	Starting BMC
server: 	Starting k-induction
server: Starting iteration 252
server: 	Starting BMC
server: 	Starting k-induction
server: Starting iteration 253
server: 	Starting BMC
server: 	Starting k-induction
server: Starting iteration 254
server: 	Starting BMC
server: 	Starting k-induction
server: Starting iteration 255
server: 	Starting BMC
server: 	Starting k-induction
server: Starting iteration 256
server: 	Starting BMC
server: 	Starting k-induction
server: Starting iteration 257
server: 	Starting BMC
server: 	Starting k-induction
server: Starting iteration 258
server: 	Starting BMC
server: 	Starting k-induction
server: Starting iteration 259
server: 	Starting BMC
server: 	Starting k-induction
server: Starting iteration 260
server: 	Starting BMC
server: 	Starting k-induction
server: Starting iteration 261
server: 	Starting BMC
server: 	Starting k-induction
server: Starting iteration 262
server: 	Starting BMC
server: 	Starting k-induction
server: Starting iteration 263
server: 	Starting BMC
server: 	Starting k-induction
server: Starting iteration 264
server: 	Starting BMC
server: 	Starting k-induction
server: Starting iteration 265
server: 	Starting BMC
server: 	Starting k-induction
server: Starting iteration 266
server: 	Starting BMC
server: 	Starting k-induction
server: Starting iteration 267
server: 	Starting BMC
server: 	Starting k-induction
server: Starting iteration 268
server: 	Starting BMC
server: 	Starting k-induction
server: Starting iteration 269
server: 	Starting BMC
server: 	Starting k-induction
server: Starting iteration 270
server: 	Starting BMC
server: 	Starting k-induction
server: Starting iteration 271
server: 	Starting BMC
server: 	Starting k-induction
server: Starting iteration 272
server: 	Starting BMC
server: 	Starting k-induction
server: Starting iteration 273
server: 	Starting BMC
server: 	Starting k-induction
server: Starting iteration 274
server: 	Starting BMC
server: 	Starting k-induction
server: Starting iteration 275
server: 	Starting BMC
server: 	Starting k-induction
server: Starting iteration 276
server: 	Starting BMC
server: 	Starting k-induction
server: Starting iteration 277
server: 	Starting BMC
server: 	Starting k-induction
server: Starting iteration 278
server: 	Starting BMC
server: 	Starting k-induction
server: Starting iteration 279
server: 	Starting BMC
server: 	Starting k-induction
server: Starting iteration 280
server: 	Starting BMC
server: 	Starting k-induction
server: Starting iteration 281
server: 	Starting BMC
server: 	Starting k-induction
server: Starting iteration 282
server: 	Starting BMC
server: 	Starting k-induction
server: Starting iteration 283
server: 	Starting BMC
server: 	Starting k-induction
server: Starting iteration 284
server: 	Starting BMC
server: 	Starting k-induction
server: Starting iteration 285
server: 	Starting BMC
server: 	Starting k-induction
server: Starting iteration 286
server: 	Starting BMC
server: 	Starting k-induction
server: Starting iteration 287
server: 	Starting BMC
server: 	Starting k-induction
server: Starting iteration 288
server: 	Starting BMC
server: 	Starting k-induction
server: Starting iteration 289
server: 	Starting BMC
server: 	Starting k-induction
server: Starting iteration 290
server: 	Starting BMC
server: 	Starting k-induction
server: Starting iteration 291
server: 	Starting BMC
server: 	Starting k-induction
server: Starting iteration 292
server: 	Starting BMC
server: 	Starting k-induction
server: Starting iteration 293
server: 	Starting BMC
server: 	Starting k-induction
server: Starting iteration 294
server: 	Starting BMC
server: 	Starting k-induction
server: Starting iteration 295
server: 	Starting BMC
server: 	Starting k-induction
server: Starting iteration 296
server: 	Starting BMC
server: 	Starting k-induction
server: Starting iteration 297
server: 	Starting BMC
server: 	Starting k-induction
server: Starting iteration 298
server: 	Starting BMC
server: 	Starting k-induction
server: Starting iteration 299
server: 	Starting BMC
server: 	Starting k-induction
server: Starting iteration 300
server: 	Starting BMC
server: 	Starting k-induction
server: Starting iteration 301
server: 	Starting BMC
server: 	Starting k-induction
server: Starting iteration 302
server: 	Starting BMC
server: 	Starting k-induction
