tool		Theta 6.17.6	Theta 6.17.6	Theta 6.17.6	Theta 6.17.6	Theta 6.17.6	Theta 6.17.6	Theta 6.17.6	Theta 6.17.6	Theta 6.17.6	Theta 6.17.6
run set		PredCart().SV-COMP25_unreach-call	PredCart().SV-COMP25_unreach-call	PredCart().SV-COMP25_unreach-call	PredCart().SV-COMP25_unreach-call	PredCart().SV-COMP25_unreach-call	basePredCart.SV-COMP25_unreach-call	basePredCart.SV-COMP25_unreach-call	basePredCart.SV-COMP25_unreach-call	basePredCart.SV-COMP25_unreach-call	basePredCart.SV-COMP25_unreach-call
sv-benchmarks/c/		status	cputime (s)	walltime (s)	memory (MB)	host	status	cputime (s)	walltime (s)	memory (MB)	host
locks/test_locks_10.yml	true	ERROR (solver error, after parsing finished)	731.024537982	710.5341899510004	638.406656	cloud-23979	TIMEOUT	990.381647224	963.7932557429885	665.169920	cloud-23979
locks/test_locks_11.yml	true	ERROR (solver error, after parsing finished)	732.896588018	711.1021750149994	689.311744	cloud-23933	TIMEOUT	990.327724832	966.3669461579993	646.189056	cloud-23933
locks/test_locks_12.yml	true	ERROR (solver error, after parsing finished)	732.140509615	711.7173166680004	792.727552	cloud-23979	TIMEOUT	990.39366842	958.4461619009962	644.161536	cloud-23982
locks/test_locks_13.yml	true	ERROR (solver error, after parsing finished)	732.039113682	711.0830064520051	692.207616	cloud-23979	TIMEOUT	990.350699487	962.7707683740009	709.382144	cloud-23933
locks/test_locks_14-1.yml	true	TIMEOUT (ERROR (inner timeout, after parsing finished))	929.366749574	908.4458997199981	671.690752	cloud-23979	TIMEOUT	990.341794403	963.0473944590194	653.660160	cloud-23938
locks/test_locks_15-2.yml	true	TIMEOUT (ERROR (inner timeout, after parsing finished))	930.926905654	908.2610676629993	705.970176	cloud-23979	TIMEOUT	990.437265299	963.0784937189892	679.632896	cloud-23979
locks/test_locks_9.yml	true	true	672.305392969	652.6755503230015	779.325440	cloud-23979	TIMEOUT	990.325105831	969.0894738859788	694.935552	cloud-23980
unsignedintegeroverflow-sas23/bilinear_interpolation.yml	true	ERROR (solver error, after parsing finished)	734.755880655	717.4247574190013	1667.170304	cloud-23979	TIMEOUT	990.503024067	967.7923893420084	1652.506624	cloud-23933
unsignedintegeroverflow-sas23/cancel_var_through_overflow.yml	true	ERROR (solver error, after parsing finished)	764.558789716	752.8961620059999	612.855808	cloud-24259	TIMEOUT	990.249840458	977.3522058749804	581.959680	cloud-23979
unsignedintegeroverflow-sas23/linear_interpolation.yml	true	ERROR (solver error, after parsing finished)	730.59794139	715.7632449379998	649.371648	cloud-24259	TIMEOUT	990.254301212	976.5853944069822	592.527360	cloud-23979
unsignedintegeroverflow-sas23/linear_interpolation_2.yml	true	ERROR (solver error, after parsing finished)	722.555456979	710.8243424960019	593.502208	cloud-23979	TIMEOUT	990.237475507	978.3235173180001	578.002944	cloud-23979
loops/count_up_down-1.yml	true	ERROR (server error, after parsing finished)	37.217078692	26.946491403000437	712.056832	cloud-23979	ERROR (solver error, after parsing finished)	394.068207981	325.8499470749812	2083.819520	cloud-23933
loops/eureka_01-2.yml	true	ERROR (solver error, after parsing finished)	748.734593858	716.5352265170004	2423.250944	cloud-23933	TIMEOUT	990.644237916	961.4527332639846	2725.974016	cloud-23982
loops/heavy-1.yml	false	ERROR (solver error, after parsing finished)	727.568857221	711.4512438140009	753.561600	cloud-23933	TIMEOUT	990.275272719	974.4223934249894	776.228864	cloud-23980
loops/insertion_sort-1-2.yml	false	ERROR (solver error, after parsing finished)	736.790024651	720.0051237450025	673.148928	cloud-24259	ERROR (verification stuck, after parsing finished)	69.732121076	57.79438087402377	708.661248	cloud-23980
loops/insertion_sort-2-2.yml	true	ERROR (verification stuck, after parsing finished)	102.370272599	85.4179588679981	726.376448	cloud-24259	TIMEOUT	990.277991699	972.414662272	685.309952	cloud-23980
loops/sum03-1.yml	false	ERROR (solver error, after parsing finished)	724.621725756	711.6241882389995	616.861696	cloud-23979	TIMEOUT	990.225476379	977.2650204360252	582.828032	cloud-23980
loops/sum_array-2-2.yml	true	ERROR (solver error, after parsing finished)	730.312893485	711.5008906970002	719.159296	cloud-23933	TIMEOUT	990.566695664	962.1332876300148	933.482496	cloud-23933
loop-acceleration/array_1-1.yml	false	ERROR (solver error, after parsing finished)	739.158033812	711.3093164599995	966.352896	cloud-23979	TIMEOUT	990.309191164	967.7046626369993	827.523072	cloud-23980
loop-acceleration/array_1-2.yml	true	ERROR (server error, after parsing finished)	732.85751671	710.1152354080004	821.248000	cloud-23979	TIMEOUT	990.340948561	963.1247058099834	862.453760	cloud-23982
loop-acceleration/array_2-1-simple.yml	false	ERROR (solver error, after parsing finished)	742.924550637	713.4687329029985	1199.452160	cloud-23979	TIMEOUT	990.471117028	957.3897959709866	1175.298048	cloud-23938
loop-acceleration/array_2-1.yml	false	ERROR (solver error, after parsing finished)	742.24918216	712.2072391340007	1715.269632	cloud-24259	TIMEOUT	990.585718706	956.4961583940021	1970.954240	cloud-23938
loop-acceleration/array_2-2-simple.yml	true	ERROR (server error, after parsing finished)	739.566624781	711.9333117640017	1127.755776	cloud-23933	TIMEOUT	990.365567843	958.9601054430241	1212.461056	cloud-23938
loop-acceleration/array_2-2.yml	true	ERROR (solver error, after parsing finished)	759.265644894	730.9531608199977	1853.456384	cloud-24259	TIMEOUT	990.527761717	954.4465954889893	2205.921280	cloud-23933
loop-acceleration/array_3-2.yml	false	ERROR (solver error, after parsing finished)	737.355133737	711.1511172549999	1045.606400	cloud-23979	TIMEOUT	990.369852652	960.7990879099816	1059.909632	cloud-23982
loop-acceleration/array_4.yml	true	ERROR (solver error, after parsing finished)	730.16341523	709.0916433210004	1006.174208	cloud-23979	TIMEOUT	990.411415371	962.5878631480155	942.739456	cloud-23982
loop-acceleration/const_1-2.yml	false	ERROR (verification stuck, after parsing finished)	758.278804389	729.3986517070007	1021.775872	cloud-23933	TIMEOUT	990.406836573	961.1994684679958	995.958784	cloud-23933
loop-acceleration/functions_1-1.yml	true	ERROR (server error, after parsing finished)	28.682218408	18.26413632200274	564.674560	cloud-23979	ERROR (solver error, after parsing finished)	91.693820825	79.11663735599723	605.732864	cloud-23980
loop-acceleration/nested_1-1.yml	true	ERROR (solver error, after parsing finished)	726.398025047	710.747636994	620.347392	cloud-23933	TIMEOUT	990.274152759	976.4985379489954	633.561088	cloud-23980
loop-acceleration/nested_1-2.yml	false	ERROR (solver error, after parsing finished)	729.879163129	712.8405893589952	701.247488	cloud-24259	TIMEOUT	990.268672826	970.3247339400114	729.092096	cloud-23938
loop-acceleration/phases_1-2.yml	false	ERROR (solver error, after parsing finished)	726.583910447	712.7484571709974	546.467840	cloud-23933	TIMEOUT	990.268827537	976.4634487769799	544.444416	cloud-23979
loop-acceleration/phases_2-2.yml	true	ERROR (solver error, after parsing finished)	722.533817426	710.7915297060026	546.672640	cloud-23933	TIMEOUT	990.2542955	977.5230190019938	584.892416	cloud-23979
loop-acceleration/simple_1-1.yml	false	ERROR (verification stuck, after parsing finished)	745.210558952	718.8273981079983	1060.556800	cloud-23933	TIMEOUT	990.540141014	959.6379134599993	1008.238592	cloud-23933
loop-acceleration/simple_1-2.yml	true	ERROR (solver error, after parsing finished)	738.771875625	712.3526672619992	862.928896	cloud-23933	TIMEOUT	990.503525366	961.5322375039977	1071.206400	cloud-23979
loop-acceleration/simple_4-1.yml	false	ERROR (solver error, after parsing finished)	721.26877404	710.3079995129992	604.581888	cloud-23979	TIMEOUT	990.270826332	977.2449839320034	606.130176	cloud-23979
loop-acceleration/underapprox_2-1.yml	false	ERROR (solver error, after parsing finished)	725.109391386	711.9034388739965	591.396864	cloud-23933	TIMEOUT	990.298974636	977.2429136569845	616.300544	cloud-23933
loop-crafted/simple_array_index_value_1-1.yml	true	ERROR (solver error, after parsing finished)	731.730311378	711.2799356899995	866.566144	cloud-23933	TIMEOUT	990.355081438	967.0690239869873	981.487616	cloud-23938
loop-crafted/simple_array_index_value_2.yml	true	ERROR (solver error, after parsing finished)	730.172923843	711.2274714980013	765.485056	cloud-23979	TIMEOUT	990.242184685	970.3042738950171	648.667136	cloud-23982
loop-crafted/simple_array_index_value_4.i.v+lhb-reducer.yml	true	ERROR (solver error, after parsing finished)	738.452579598	710.436899266002	1571.610624	cloud-23979	TIMEOUT	990.644178694	959.0695098910073	1419.677696	cloud-23982
loop-crafted/simple_array_index_value_4.i.v+nlh-reducer.yml	true	ERROR (solver error, after parsing finished)	745.13601493	713.3648943499938	1518.895104	cloud-23979	TIMEOUT	990.497768014	959.1488132480008	1480.056832	cloud-23980
loop-invgen/apache-get-tag.i.p+nlh-reducer.yml	true	ERROR (solver error, after parsing finished)	757.137870113	720.3734547569984	1338.400768	cloud-23979	TIMEOUT	990.979793965	946.1183935109875	1424.650240	cloud-23938
loop-invgen/down.yml	true	ERROR (solver error, after parsing finished)	734.237188894	710.8453744180006	724.172800	cloud-23933	TIMEOUT	990.357626542	964.7020078600035	760.868864	cloud-23938
loop-invgen/fragtest_simple.yml	true	ERROR (solver error, after parsing finished)	734.466764887	712.0522395010012	816.959488	cloud-23933	TIMEOUT	990.331144242	967.0724303800089	838.250496	cloud-23979
loop-invgen/half_2.yml	true	ERROR (solver error, after parsing finished)	741.871361188	711.701543124007	963.022848	cloud-23933	TIMEOUT	990.469019664	956.4532838310115	1221.840896	cloud-23982
loop-invgen/large_const.yml	true	ERROR (solver error, after parsing finished)	738.936625743	710.2694524450053	839.417856	cloud-23979	TIMEOUT	990.457995529	956.5439066950057	936.960000	cloud-23979
loop-invgen/seq-3.yml	true	TIMEOUT (ERROR (inner timeout, after parsing finished))	935.209388254	909.7098024570005	829.657088	cloud-23933	TIMEOUT	990.413630387	963.7116237320006	1208.066048	cloud-23982
loop-invgen/string_concat-noarr.yml	true	TIMEOUT (ERROR (inner timeout, after parsing finished))	933.841627722	907.2541323650003	662.212608	cloud-23942	TIMEOUT	990.298812143	969.5967140260036	716.738560	cloud-23982
loop-invgen/up.yml	true	ERROR (verification stuck, after parsing finished)	765.919248088	741.4580528540027	1009.889280	cloud-23979	TIMEOUT	990.35677318	965.647478850995	832.098304	cloud-23982
loop-lit/ddlm2013.yml	true	ERROR (solver error, after parsing finished)	727.644358246	713.7918291559981	585.719808	cloud-23933	TIMEOUT	990.23426698	977.6877865040151	601.673728	cloud-23982
loop-lit/mcmillan2006.yml	true	ERROR (solver error, after parsing finished)	736.400951365	711.9374167669957	948.850688	cloud-23933	TIMEOUT	990.30200242	969.2706471970014	953.360384	cloud-23980
loop-new/count_by_1.yml	true	ERROR (solver error, after parsing finished)	735.018575833	713.3373040320002	713.560064	cloud-24259	TIMEOUT	990.356730529	966.8192639240006	776.028160	cloud-23982
loop-new/count_by_2.yml	true	ERROR (solver error, after parsing finished)	732.641648342	710.2246961840028	779.087872	cloud-23979	TIMEOUT	990.353553344	968.4185644009849	752.558080	cloud-23982
loop-new/count_by_k.yml	true	ERROR (verification stuck, after parsing finished)	760.959562433	731.7300737519981	897.531904	cloud-23933	TIMEOUT	990.494032975	956.9441191850055	1191.325696	cloud-23941
loop-new/count_by_nondet.yml	true	ERROR (solver error, after parsing finished)	733.195806245	709.5823610610005	743.800832	cloud-23979	TIMEOUT	990.297840111	968.7171174660034	779.403264	cloud-23980
loop-new/nested-1.yml	true	ERROR (solver error, after parsing finished)	729.125533542	711.2810193580008	770.568192	cloud-23933	TIMEOUT	990.327604501	968.9169385249843	750.465024	cloud-23933
loops-crafted-1/Mono1_1-1.yml	false	ERROR (solver error, after parsing finished)	729.015851019	710.7581546609999	619.819008	cloud-23933	TIMEOUT	990.419198924	971.2757986130018	922.980352	cloud-23980
loops-crafted-1/Mono1_1-2.yml	true	ERROR (solver error, after parsing finished)	729.970426725	709.7603581649964	735.019008	cloud-23979	TIMEOUT	990.396612138	965.4458130759886	804.114432	cloud-23938
loops-crafted-1/Mono4_1.yml	false	ERROR (solver error, after parsing finished)	735.722085326	710.7818435160007	793.300992	cloud-23979	TIMEOUT	990.378566165	964.1047670199769	752.193536	cloud-23980
loops-crafted-1/Mono5_1.yml	false	ERROR (verification stuck, after parsing finished)	740.954451095	722.4609556400028	775.610368	cloud-24259	TIMEOUT	990.392312722	968.4910387659911	752.852992	cloud-23938
loops-crafted-1/Mono6_1.yml	false	ERROR (solver error, after parsing finished)	736.297426507	725.278787318	574.611456	cloud-23979	TIMEOUT	990.255667522	976.5605177480029	602.116096	cloud-23979
loops-crafted-1/in-de20.yml	true	ERROR (solver error, after parsing finished)	721.375819933	710.2361366719999	620.122112	cloud-23942	TIMEOUT	990.232267951	976.3135782329773	610.172928	cloud-23982
loops-crafted-1/in-de31.yml	true	ERROR (server error, after parsing finished)	691.424800775	625.7996773	2100.482048	cloud-23933	TIMEOUT	990.631251625	900.414701976988	2084.102144	cloud-23979
loops-crafted-1/in-de32.yml	true	ERROR (solver error, after parsing finished)	725.115327767	711.8011522429952	553.590784	cloud-23933	TIMEOUT	990.227009161	977.4217977229855	570.089472	cloud-23982
loops-crafted-1/in-de41.yml	true	ERROR (solver error, after parsing finished)	730.584760925	711.0484599980045	869.720064	cloud-23933	TIMEOUT	990.307086085	974.2041044039943	687.099904	cloud-23979
loops-crafted-1/in-de42.yml	true	ERROR (solver error, after parsing finished)	720.519587533	709.8888621969963	553.476096	cloud-23979	TIMEOUT	990.219345309	979.9882352649875	590.508032	cloud-23980
loops-crafted-1/in-de51.yml	true	TIMEOUT	992.093973652	511.47664931000327	2130.608128	cloud-24259	TIMEOUT (ERROR (out of memory, after parsing finished))	918.502656861	474.7355059349793	2086.141952	cloud-23938
loops-crafted-1/in-de52.yml	true	ERROR (solver error, after parsing finished)	722.091343834	709.5102414329999	645.443584	cloud-23979	TIMEOUT	990.305457276	972.9918849340174	578.883584	cloud-23938
loops-crafted-1/in-de61.yml	true	ERROR (solver error, after parsing finished)	741.323013275	712.4061280219976	1410.752512	cloud-24259	TIMEOUT	990.62388388	955.405099591997	1438.109696	cloud-23982
loops-crafted-1/in-de62.yml	true	ERROR (solver error, after parsing finished)	726.613362882	711.1409592709997	629.129216	cloud-23933	TIMEOUT	990.235063753	976.6538972810085	704.307200	cloud-23980
loops-crafted-1/loopv3.yml	true	ERROR (verification stuck, after parsing finished)	756.415865827	731.1774280059981	746.590208	cloud-23941	TIMEOUT	990.361288862	965.9745383669797	735.506432	cloud-23979
loops-crafted-1/mono-crafted_1.yml	true	ERROR (verification stuck, after parsing finished)	856.444645277	829.9890525090013	753.774592	cloud-23933	TIMEOUT	990.381001908	965.1324642089894	904.294400	cloud-23982
loops-crafted-1/mono-crafted_10.yml	true	ERROR (solver error, after parsing finished)	728.58846916	713.4460856279984	606.724096	cloud-23933	TIMEOUT	990.194590553	979.6694192180003	577.368064	cloud-23980
loops-crafted-1/mono-crafted_13.yml	true	ERROR (solver error, after parsing finished)	735.373744257	710.409898647	736.391168	cloud-23933	TIMEOUT	990.372986005	963.2768944809795	805.744640	cloud-23933
loops-crafted-1/mono-crafted_14.yml	true	ERROR (solver error, after parsing finished)	739.754548954	712.8432564110008	669.298688	cloud-23933	TIMEOUT	990.369490659	962.0000593989971	732.516352	cloud-23938
loops-crafted-1/mono-crafted_3.yml	true	ERROR (solver error, after parsing finished)	733.905839249	711.1985702160018	864.665600	cloud-24259	TIMEOUT	990.519063685	965.790776518028	782.151680	cloud-23980
loops-crafted-1/mono-crafted_6.yml	true	ERROR (solver error, after parsing finished)	733.16772561	711.4282269089999	710.385664	cloud-24259	TIMEOUT	990.359659862	962.5069903809926	786.968576	cloud-23938
loops-crafted-1/mono-crafted_7.yml	true	ERROR (solver error, after parsing finished)	731.073045558	709.2946045799981	777.981952	cloud-23979	TIMEOUT	990.343275813	961.6994976729911	781.242368	cloud-23938
loops-crafted-1/mono-crafted_8.yml	true	ERROR (solver error, after parsing finished)	734.898425526	711.8378132090002	849.076224	cloud-24259	TIMEOUT	990.502799503	959.8770052169857	893.067264	cloud-23979
loops-crafted-1/mono-crafted_9.yml	true	ERROR (solver error, after parsing finished)	734.282427824	710.6179784630003	733.634560	cloud-23933	TIMEOUT	990.345936056	963.9860999129887	745.844736	cloud-23938
loops-crafted-1/nested3-1.yml	true	ERROR (solver error, after parsing finished)	739.065054318	725.3167904509974	635.875328	cloud-23933	TIMEOUT	990.215936993	977.0918061249831	611.291136	cloud-23982
loops-crafted-1/nested3-2.yml	false	ERROR (verification stuck, after parsing finished)	744.584605079	717.4738849010027	1074.696192	cloud-23979	TIMEOUT	990.476748402	960.9145978610031	832.843776	cloud-23933
loops-crafted-1/nested5-2.yml	false	ERROR (verification stuck, after parsing finished)	750.635720243	720.6822873419951	957.460480	cloud-23979	TIMEOUT	990.390411257	966.9408840099932	942.149632	cloud-23980
loops-crafted-1/nested_delay_nd.yml	true	ERROR (solver error, after parsing finished)	734.272434962	711.1878781499981	767.696896	cloud-23979	TIMEOUT	990.327483169	966.7090898729803	783.609856	cloud-23979
loops-crafted-1/nested_delay_notd2.yml	false	ERROR (solver error, after parsing finished)	722.623784127	707.675654566	690.155520	cloud-23943	TIMEOUT	990.370761432	964.2628162600158	739.393536	cloud-23938
loops-crafted-1/sum_by_3.yml	true	ERROR (solver error, after parsing finished)	730.551446647	718.5740766720046	593.272832	cloud-23979	TIMEOUT	990.282277512	976.8073315789807	595.603456	cloud-23979
loops-crafted-1/sum_by_3_abstracted.yml	true	true	489.322652852	477.17010664199915	584.167424	cloud-23979	TIMEOUT	990.24101856	977.0405189390003	649.744384	cloud-23939
loops-crafted-1/sumt7.yml	true	TIMEOUT (ERROR (inner timeout, after parsing finished))	924.653650702	907.8914775350004	696.107008	cloud-23933	TIMEOUT	990.26138636	975.7144437679963	663.572480	cloud-23980
loops-crafted-1/sumt9.yml	true	ERROR (solver error, after parsing finished)	731.39249744	710.3278844320012	1238.855680	cloud-23979	TIMEOUT	990.503410191	963.3363577250275	1523.163136	cloud-23979
loops-crafted-1/theatreSquare.yml	true	ERROR (solver error, after parsing finished)	737.696545121	713.1043867239932	788.328448	cloud-24259	TIMEOUT	990.309152008	969.5922895460099	868.384768	cloud-23980
loops-crafted-1/vnew2.yml	true	ERROR (solver error, after parsing finished)	724.03301298	710.8030894459998	716.242944	cloud-23979	TIMEOUT	990.290801463	974.0529602990136	602.521600	cloud-23938
loops-crafted-1/watermelon.yml	true	ERROR (verification stuck, after parsing finished)	798.157306492	770.2619074030008	1016.229888	cloud-23933	TIMEOUT	990.328286604	969.692215344985	933.982208	cloud-23980
loop-invariants/linear-inequality-inv-a.yml	true	TIMEOUT (ERROR (solver error, after parsing finished))	972.251912816	712.4837155519999	2070.986752	cloud-24259	TIMEOUT	990.250223388	785.1406350390171	2036.445184	cloud-23933
loop-invariants/linear-inequality-inv-c.yml	true	ERROR (solver error, after parsing finished)	726.859270798	712.7475938439998	604.463104	cloud-23933	TIMEOUT	990.275424562	974.852593920019	621.539328	cloud-23938
loop-invariants64/linear-inequality-inv-d.yml	true	ERROR (solver error, after parsing finished)	722.786992279	710.6622623790026	616.697856	cloud-23979	TIMEOUT	990.246455035	975.9167175139883	619.638784	cloud-23982
loop-simple/deep-nested.yml	false	ERROR (solver error, after parsing finished)	731.63259714	714.0981105530009	600.973312	cloud-23933	TIMEOUT	990.295603811	972.9687429810001	648.818688	cloud-23979
loop-simple/nested_4.yml	true	ERROR (solver error, after parsing finished)	732.941523165	710.4718161870042	736.763904	cloud-23933	TIMEOUT	990.428103785	964.2492134829808	790.712320	cloud-23979
loop-simple/nested_5.yml	true	ERROR (solver error, after parsing finished)	728.301746767	709.2373142250008	787.144704	cloud-23979	TIMEOUT	990.369457183	963.3757286960026	695.103488	cloud-23933
loop-simple/nested_6.yml	true	ERROR (solver error, after parsing finished)	729.303907388	709.881295924999	694.210560	cloud-24259	TIMEOUT	990.382781876	963.8493237530056	663.056384	cloud-23982
nla-digbench/dijkstra-u.yml	true	ERROR (solver error, after parsing finished)	732.492614202	715.9111685720018	783.855616	cloud-23933	TIMEOUT	990.304888187	974.3349094949954	794.480640	cloud-23979
nla-digbench/egcd-ll.yml	true	ERROR (solver error, after parsing finished)	725.235407915	711.9342104120001	643.571712	cloud-23933	TIMEOUT	990.248104075	975.1687612789974	641.736704	cloud-23980
nla-digbench/knuth.yml	true	ERROR (solver error, after parsing finished)	716.235475973	708.8761524139991	1151.787008	cloud-23939	TIMEOUT	990.419425553	977.6321762200096	1185.468416	cloud-23979
nla-digbench/ps6-ll.yml	true	ERROR (solver error, after parsing finished)	731.800483349	715.7335800120018	852.807680	cloud-24259	TIMEOUT	990.369122025	969.5822483309894	850.669568	cloud-23938
nla-digbench-scaling/cohencu-ll_unwindbound1.yml	false	ERROR (solver error, after parsing finished)	732.299313917	715.4974947979999	697.942016	cloud-23933	TIMEOUT	990.275075997	973.689225907001	731.176960	cloud-23980
nla-digbench-scaling/cohencu-ll_unwindbound10.yml	false	ERROR (solver error, after parsing finished)	733.308912109	716.0265858069979	667.389952	cloud-23933	TIMEOUT	990.218052728	977.5233762769785	704.638976	cloud-23980
nla-digbench-scaling/cohencu-ll_unwindbound2.yml	false	ERROR (solver error, after parsing finished)	727.825306186	713.3093873990001	718.041088	cloud-23979	TIMEOUT	990.28927188	975.5666128910088	713.936896	cloud-23933
nla-digbench-scaling/cohencu-ll_unwindbound20.yml	false	ERROR (solver error, after parsing finished)	724.355350648	711.4147521350023	688.902144	cloud-23979	TIMEOUT	990.262731976	976.3702630049956	681.058304	cloud-23933
nla-digbench-scaling/cohencu-ll_unwindbound5.yml	false	ERROR (solver error, after parsing finished)	728.074710418	713.1983083649975	710.397952	cloud-23979	TIMEOUT	990.326258923	972.8973366049759	729.956352	cloud-23979
nla-digbench-scaling/cohencu-ll_unwindbound50.yml	false	ERROR (solver error, after parsing finished)	727.11135213	713.0196401599969	669.839360	cloud-23979	TIMEOUT	990.269891763	973.4946333320113	703.557632	cloud-23938
nla-digbench-scaling/cohendiv-ll_unwindbound100.yml	true	ERROR (solver error, after parsing finished)	740.705874497	711.8665559450019	843.907072	cloud-23933	TIMEOUT	990.394265254	960.5022015699942	825.737216	cloud-23982
nla-digbench-scaling/cohendiv-ll_unwindbound20.yml	true	ERROR (solver error, after parsing finished)	736.228883416	713.2392474849985	705.970176	cloud-23933	true	878.360509519	856.4358064259868	784.625664	cloud-23982
nla-digbench-scaling/cohendiv-ll_unwindbound50.yml	true	ERROR (solver error, after parsing finished)	739.611144748	711.6548155409982	829.943808	cloud-23933	TIMEOUT	990.440414192	958.7831022600003	848.617472	cloud-23938
nla-digbench-scaling/dijkstra-u_unwindbound1.yml	true	ERROR (solver error, after parsing finished)	723.927121154	711.8112733399998	633.823232	cloud-23979	TIMEOUT	990.252206835	978.3163805360091	620.662784	cloud-23980
nla-digbench-scaling/dijkstra-u_unwindbound10.yml	false	ERROR (solver error, after parsing finished)	728.681311448	714.6174230799998	966.856704	cloud-23933	TIMEOUT	990.377005548	973.9738752650155	1611.874304	cloud-23933
nla-digbench-scaling/dijkstra-u_unwindbound100.yml	false	ERROR (solver error, after parsing finished)	726.020544455	713.1236892050001	792.309760	cloud-24259	TIMEOUT	990.252611072	976.3517418330011	735.576064	cloud-23980
nla-digbench-scaling/dijkstra-u_unwindbound2.yml	true	ERROR (solver error, after parsing finished)	725.13582295	712.4773675959996	800.215040	cloud-23979	TIMEOUT	990.27250877	977.124950138008	804.683776	cloud-23980
nla-digbench-scaling/dijkstra-u_unwindbound20.yml	false	ERROR (solver error, after parsing finished)	728.953005035	717.8057255210006	2504.626176	cloud-23940	TIMEOUT	990.52738571	976.1599442099978	2551.209984	cloud-23933
nla-digbench-scaling/dijkstra-u_unwindbound5.yml	false	ERROR (solver error, after parsing finished)	760.268469144	745.1490594969982	1547.870208	cloud-24259	TIMEOUT	990.40437668	975.9107758199971	1696.514048	cloud-23982
nla-digbench-scaling/dijkstra-u_unwindbound50.yml	false	ERROR (solver error, after parsing finished)	726.75129398	712.965627030997	687.624192	cloud-23979	TIMEOUT	990.328883177	973.9829481890192	692.736000	cloud-23979
nla-digbench-scaling/dijkstra-u_valuebound1.yml	true	ERROR (solver error, after parsing finished)	727.811909025	713.3008917159968	754.233344	cloud-23933	TIMEOUT	990.279989489	973.9934506150021	797.556736	cloud-23979
nla-digbench-scaling/dijkstra-u_valuebound10.yml	true	ERROR (solver error, after parsing finished)	732.176807057	715.5365662750046	976.228352	cloud-23933	TIMEOUT	990.350749472	972.9285432980105	1032.679424	cloud-23933
nla-digbench-scaling/dijkstra-u_valuebound100.yml	true	ERROR (solver error, after parsing finished)	727.705943928	713.3127324919988	693.223424	cloud-23979	TIMEOUT	990.272891253	974.5613579050114	666.832896	cloud-23982
nla-digbench-scaling/dijkstra-u_valuebound2.yml	true	ERROR (solver error, after parsing finished)	729.907381404	714.3899170520003	691.388416	cloud-23933	TIMEOUT	990.313917073	973.018896420981	664.403968	cloud-23938
nla-digbench-scaling/dijkstra-u_valuebound20.yml	true	ERROR (solver error, after parsing finished)	727.775189757	714.0407938509998	759.500800	cloud-23979	TIMEOUT	990.264282513	975.8308452869824	723.656704	cloud-23982
nla-digbench-scaling/dijkstra-u_valuebound5.yml	true	ERROR (solver error, after parsing finished)	727.921517919	713.8129492970002	1058.426880	cloud-23979	TIMEOUT	990.366444184	974.3095304250019	1061.380096	cloud-23979
nla-digbench-scaling/dijkstra-u_valuebound50.yml	true	ERROR (solver error, after parsing finished)	723.036090195	711.4674271679996	673.685504	cloud-23979	TIMEOUT	990.27139955	975.7428820829955	664.879104	cloud-23980
nla-digbench-scaling/divbin2_unwindbound20.yml	true	ERROR (solver error, after parsing finished)	723.24271317	712.1520035020003	579.248128	cloud-23979	TIMEOUT	990.240391114	978.2300764129905	568.881152	cloud-23933
nla-digbench-scaling/divbin2_valuebound1.yml	true	ERROR (solver error, after parsing finished)	727.713151272	713.7694123050005	595.087360	cloud-23933	TIMEOUT	990.18363495	980.2140132359928	589.103104	cloud-23944
nla-digbench-scaling/divbin2_valuebound10.yml	true	ERROR (solver error, after parsing finished)	725.161046792	712.1472388040002	605.409280	cloud-23933	TIMEOUT	990.221173143	980.4708417899965	585.170944	cloud-23982
nla-digbench-scaling/divbin2_valuebound50.yml	true	ERROR (solver error, after parsing finished)	728.480279397	713.8700128280034	583.213056	cloud-23933	TIMEOUT	990.274387531	977.5466709570028	594.534400	cloud-23979
nla-digbench-scaling/divbin_unwindbound100.yml	false	ERROR (solver error, after parsing finished)	728.420900835	716.1854184959957	603.176960	cloud-23933	TIMEOUT	990.300328702	974.4713783679763	617.844736	cloud-23933
nla-digbench-scaling/divbin_unwindbound2.yml	true	ERROR (solver error, after parsing finished)	727.052595588	712.8005913020024	655.036416	cloud-23933	TIMEOUT	990.201202122	979.3825962150004	601.030656	cloud-23980
nla-digbench-scaling/divbin_unwindbound20.yml	false	ERROR (solver error, after parsing finished)	723.049102644	710.973009592999	596.672512	cloud-23979	TIMEOUT (ERROR (solver error, after parsing finished))	967.343763128	954.5891746449925	590.921728	cloud-23982
nla-digbench-scaling/egcd-ll_unwindbound10.yml	false	ERROR (solver error, after parsing finished)	725.402075256	711.8057480580028	630.956032	cloud-23979	TIMEOUT	990.292235072	974.3067910659884	675.860480	cloud-23980
nla-digbench-scaling/egcd-ll_unwindbound5.yml	false	ERROR (solver error, after parsing finished)	723.138325806	710.898882124	634.826752	cloud-23979	TIMEOUT	990.275930214	975.298827104998	667.414528	cloud-23933
nla-digbench-scaling/freire2_valuebound5.yml	false	ERROR (solver error, after parsing finished)	723.064233327	712.5363624140009	774.160384	cloud-24259	ERROR (server error, after parsing finished)	652.236921554	641.9687202979985	875.757568	cloud-23933
nla-digbench-scaling/geo1-ll_unwindbound10.yml	true	ERROR (solver error, after parsing finished)	720.979270653	709.9568221120026	536.887296	cloud-23979	TIMEOUT	990.240397975	978.75063949998	541.511680	cloud-23982
nla-digbench-scaling/geo1-ll_unwindbound100.yml	true	ERROR (solver error, after parsing finished)	723.736827209	711.4092620010051	599.646208	cloud-23933	TIMEOUT	990.292074777	978.5154225860024	594.366464	cloud-23980
nla-digbench-scaling/geo1-ll_unwindbound20.yml	true	ERROR (solver error, after parsing finished)	727.141289319	713.2523890239995	598.528000	cloud-23933	TIMEOUT	990.219969536	977.823771994008	594.952192	cloud-23933
nla-digbench-scaling/geo1-ll_unwindbound5.yml	true	ERROR (solver error, after parsing finished)	726.865749128	712.8341040180003	569.933824	cloud-23933	TIMEOUT	990.276209506	977.6440038639994	585.117696	cloud-23980
nla-digbench-scaling/geo1-ll_unwindbound50.yml	true	ERROR (solver error, after parsing finished)	722.895603822	710.9513255850015	549.068800	cloud-23933	TIMEOUT	990.220833925	977.716120246012	596.221952	cloud-23940
nla-digbench-scaling/geo1-u_unwindbound1.yml	false	ERROR (solver error, after parsing finished)	721.304642799	710.6691464540017	549.289984	cloud-23979	TIMEOUT	990.225193323	978.3451975380012	599.375872	cloud-23980
nla-digbench-scaling/geo1-u_unwindbound10.yml	false	ERROR (solver error, after parsing finished)	720.3093575	710.26978211	527.749120	cloud-23979	TIMEOUT	990.275143542	978.3990778359876	568.430592	cloud-23982
nla-digbench-scaling/geo1-u_unwindbound100.yml	false	ERROR (solver error, after parsing finished)	721.706023047	710.1934943390006	560.504832	cloud-23979	TIMEOUT	990.282584583	976.9298884519958	557.608960	cloud-23938
nla-digbench-scaling/geo1-u_unwindbound20.yml	false	ERROR (solver error, after parsing finished)	723.512083921	711.5137849379971	543.576064	cloud-23979	TIMEOUT	990.221871173	977.7330646259943	539.901952	cloud-23980
nla-digbench-scaling/geo1-u_unwindbound5.yml	false	ERROR (solver error, after parsing finished)	722.406311028	711.6279486740004	578.338816	cloud-23979	TIMEOUT	990.22766478	979.7389344080002	541.986816	cloud-23980
nla-digbench-scaling/geo1-u_unwindbound50.yml	false	ERROR (solver error, after parsing finished)	721.707386348	710.4686818990012	577.167360	cloud-23979	TIMEOUT	990.261437398	976.3581366649887	542.224384	cloud-23938
nla-digbench-scaling/geo2-ll_unwindbound1.yml	true	ERROR (solver error, after parsing finished)	723.79180814	712.1188041159985	578.228224	cloud-23933	TIMEOUT	990.270307852	978.8585380739823	586.936320	cloud-23982
nla-digbench-scaling/geo2-ll_unwindbound100.yml	true	ERROR (solver error, after parsing finished)	724.043247593	711.8373911970011	570.425344	cloud-23979	TIMEOUT	990.269476209	976.6222730629961	537.108480	cloud-23938
nla-digbench-scaling/geo2-ll_unwindbound2.yml	true	ERROR (solver error, after parsing finished)	723.017751357	711.0074370710063	563.712000	cloud-23979	TIMEOUT	990.307505982	977.5867889740039	532.455424	cloud-23982
nla-digbench-scaling/geo2-ll_unwindbound20.yml	true	ERROR (solver error, after parsing finished)	719.477065491	710.2433842689934	538.906624	cloud-24259	TIMEOUT	990.27258869	975.2146211960062	580.214784	cloud-23938
nla-digbench-scaling/geo2-ll_unwindbound5.yml	true	ERROR (solver error, after parsing finished)	725.104826417	713.0328851509985	537.665536	cloud-24259	TIMEOUT	990.199728011	978.7614237329981	538.791936	cloud-23980
nla-digbench-scaling/geo2-ll_unwindbound50.yml	true	ERROR (solver error, after parsing finished)	721.802192114	710.4416352359985	571.899904	cloud-23979	TIMEOUT	990.250244297	978.4959628270008	578.125824	cloud-23979
nla-digbench-scaling/geo2-ll_valuebound20.yml	true	ERROR (solver error, after parsing finished)	725.631296336	712.9824866199997	724.029440	cloud-23933	TIMEOUT	990.30825983	976.2908378230059	875.945984	cloud-23979
nla-digbench-scaling/hard-u_unwindbound100.yml	false	ERROR (solver error, after parsing finished)	722.148404139	710.8519616080011	584.216576	cloud-23979	TIMEOUT	990.290262094	975.6574444900034	592.220160	cloud-23979
nla-digbench-scaling/hard-u_unwindbound20.yml	false	ERROR (solver error, after parsing finished)	724.246305481	712.4868426659959	588.251136	cloud-24259	TIMEOUT	990.249365217	976.0189727150137	599.023616	cloud-23938
nla-digbench-scaling/hard-u_valuebound100.yml	true	ERROR (solver error, after parsing finished)	723.81247402	711.9744477029999	582.918144	cloud-23933	TIMEOUT	990.251983313	976.6637636020023	593.539072	cloud-23933
nla-digbench-scaling/knuth_unwindbound1.yml	true	ERROR (solver error, after parsing finished)	726.157722394	714.3210221000045	1150.480384	cloud-24259	TIMEOUT	990.404878221	975.0997712220124	1137.844224	cloud-23938
nla-digbench-scaling/knuth_unwindbound10.yml	true	ERROR (solver error, after parsing finished)	727.393880915	713.6700401400012	1158.574080	cloud-23933	TIMEOUT	990.279959662	980.0482843699865	1146.736640	cloud-23980
nla-digbench-scaling/knuth_unwindbound100.yml	true	ERROR (solver error, after parsing finished)	723.228650287	711.871535582	1143.496704	cloud-23933	TIMEOUT	990.321541413	976.2132842639985	1132.998656	cloud-23938
nla-digbench-scaling/knuth_unwindbound2.yml	true	ERROR (solver error, after parsing finished)	726.243439806	713.3744723749987	1169.928192	cloud-23933	TIMEOUT	990.316729878	977.4751225759974	1115.250688	cloud-23979
nla-digbench-scaling/knuth_unwindbound20.yml	true	ERROR (solver error, after parsing finished)	721.307872205	710.7617495669983	1149.763584	cloud-23979	TIMEOUT	990.324095244	978.525736095995	1122.652160	cloud-23982
nla-digbench-scaling/knuth_unwindbound5.yml	true	ERROR (solver error, after parsing finished)	723.508284803	711.9348739690031	1156.784128	cloud-23979	TIMEOUT	990.3431867	976.9824877349893	1139.884032	cloud-23938
nla-digbench-scaling/knuth_unwindbound50.yml	true	ERROR (solver error, after parsing finished)	722.509179774	711.3940385199967	1103.884288	cloud-23979	TIMEOUT	990.310626176	979.0534970340086	1137.229824	cloud-23979
nla-digbench-scaling/knuth_valuebound10.yml	true	ERROR (solver error, after parsing finished)	716.536150658	708.7966340159983	1129.046016	cloud-23943	TIMEOUT	990.344367977	976.9569306510093	1169.985536	cloud-23979
nla-digbench-scaling/knuth_valuebound100.yml	true	ERROR (solver error, after parsing finished)	727.133570166	713.9563095269987	1140.109312	cloud-23933	TIMEOUT	990.292896195	978.9290186069848	1169.985536	cloud-23942
nla-digbench-scaling/knuth_valuebound20.yml	true	ERROR (solver error, after parsing finished)	721.760977201	710.7692374750004	1117.069312	cloud-23979	TIMEOUT	990.320061126	979.8998725829879	1157.849088	cloud-23980
nla-digbench-scaling/knuth_valuebound5.yml	true	ERROR (solver error, after parsing finished)	727.122648112	713.9748741460062	1087.139840	cloud-23933	TIMEOUT	990.309820661	976.3550474010117	1157.316608	cloud-23933
nla-digbench-scaling/knuth_valuebound50.yml	true	ERROR (solver error, after parsing finished)	721.866206852	711.9428459420014	1353.494528	cloud-24259	TIMEOUT	990.388111028	976.3950647649763	1323.847680	cloud-23979
nla-digbench-scaling/lcm1_valuebound100.yml	true	ERROR (solver error, after parsing finished)	726.562762322	712.7142446020007	588.169216	cloud-23979	TIMEOUT	990.242519306	977.6513360120007	607.895552	cloud-23980
nla-digbench-scaling/lcm1_valuebound50.yml	true	ERROR (solver error, after parsing finished)	729.328349589	716.3854946839999	615.178240	cloud-23933	TIMEOUT	990.216465293	976.7553643489955	638.083072	cloud-23982
nla-digbench-scaling/lcm2_valuebound1.yml	true	ERROR (solver error, after parsing finished)	726.067446595	712.2095581889998	688.168960	cloud-23933	TIMEOUT	990.274736893	976.6166151149955	685.867008	cloud-23933
nla-digbench-scaling/mannadiv_unwindbound100.yml	false	ERROR (solver error, after parsing finished)	737.255641867	711.1826238899994	731.774976	cloud-23979	TIMEOUT	990.442758874	962.1866825759935	1219.489792	cloud-23938
nla-digbench-scaling/mannadiv_unwindbound50.yml	false	ERROR (solver error, after parsing finished)	734.88970575	710.983865525006	850.681856	cloud-23933	TIMEOUT	990.396192874	961.7833163949836	804.343808	cloud-23938
nla-digbench-scaling/ps4-ll_unwindbound10.yml	false	ERROR (server error, after parsing finished)	22.258252583	12.131257046003157	630.026240	cloud-23979	ERROR (solver error, after parsing finished)	30.491548134	16.31769385098596	599.404544	cloud-23938
nla-digbench-scaling/ps4-ll_unwindbound100.yml	false	TIMEOUT (ERROR (solver error, after parsing finished))	919.574250726	902.8511498480002	615.301120	cloud-24259	TIMEOUT	990.22457422	977.7028951810207	673.153024	cloud-23980
nla-digbench-scaling/ps4-ll_unwindbound20.yml	false	TIMEOUT (ERROR (solver error, after parsing finished))	920.401162465	906.0604300050036	644.075520	cloud-24259	TIMEOUT	990.271592468	974.6715720330249	691.269632	cloud-23933
nla-digbench-scaling/ps4-ll_unwindbound50.yml	false	TIMEOUT (ERROR (solver error, after parsing finished))	905.570663514	890.8697139389988	650.559488	cloud-24259	TIMEOUT	990.266230014	975.1129875899933	653.492224	cloud-23979
nla-digbench-scaling/ps5-ll_unwindbound10.yml	false	ERROR (solver error, after parsing finished)	731.203259282	714.4980322569972	836.820992	cloud-23933	TIMEOUT	990.270599793	973.7701741349883	811.950080	cloud-23979
nla-digbench-scaling/ps5-ll_unwindbound100.yml	false	ERROR (solver error, after parsing finished)	732.975093103	715.6469100030008	756.338688	cloud-24259	TIMEOUT	990.262118032	972.8218613679928	772.251648	cloud-23982
nla-digbench-scaling/ps5-ll_unwindbound20.yml	false	ERROR (solver error, after parsing finished)	733.915747789	715.4911362800049	722.776064	cloud-23933	TIMEOUT	990.282690571	972.4456012989976	749.264896	cloud-23982
nla-digbench-scaling/ps5-ll_unwindbound5.yml	false	ERROR (solver error, after parsing finished)	734.686684444	715.8677210509995	747.433984	cloud-23933	TIMEOUT	990.342084145	973.2282811900077	807.030784	cloud-23979
nla-digbench-scaling/ps5-ll_unwindbound50.yml	false	ERROR (solver error, after parsing finished)	734.890835041	716.7902049870027	738.287616	cloud-24259	TIMEOUT	990.361890548	971.9097526879923	842.412032	cloud-23979
nla-digbench-scaling/ps6-ll_unwindbound20.yml	false	TIMEOUT (ERROR (solver error, after parsing finished))	915.260625243	896.2232720230022	778.178560	cloud-23933	TIMEOUT	990.327417445	973.5809508899983	898.949120	cloud-23933
nla-digbench-scaling/ps6-ll_unwindbound50.yml	false	TIMEOUT (ERROR (solver error, after parsing finished))	908.536091246	892.6746641119971	816.824320	cloud-24259	TIMEOUT	990.296789697	972.244067401014	849.358848	cloud-23933
combinations/gcd_1+newton_1_1.yml	true	ERROR (solver error, after parsing finished)	733.894267141	720.4157630390037	2847.580160	cloud-23933	TIMEOUT	990.51319802	977.731834080012	2844.323840	cloud-23933
combinations/gcd_1+newton_1_2.yml	true	ERROR (solver error, after parsing finished)	728.411449553	717.0514078219985	2810.044416	cloud-23979	TIMEOUT	990.590264001	977.3119757719978	2814.447616	cloud-23982
combinations/gcd_1+newton_1_3.yml	true	ERROR (solver error, after parsing finished)	731.840698673	719.7347385900066	2839.339008	cloud-23933	TIMEOUT	990.452484456	975.8509102060052	2835.652608	cloud-23933
combinations/gcd_1+newton_1_4.yml	false	ERROR (solver error, after parsing finished)	733.635917343	721.3935855040036	2847.649792	cloud-24259	TIMEOUT	990.677322358	978.2649877049844	2943.545344	cloud-23933
combinations/gcd_1+newton_1_5.yml	false	ERROR (solver error, after parsing finished)	728.518394888	717.5718170339997	2873.180160	cloud-23979	TIMEOUT	990.590703798	978.1206474510254	2854.567936	cloud-23938
combinations/gcd_1+newton_1_6.yml	false	ERROR (solver error, after parsing finished)	733.045838612	720.666612735	2870.521856	cloud-24259	TIMEOUT	990.607410344	976.3026038039825	2820.308992	cloud-23938
combinations/gcd_1+newton_1_7.yml	false	ERROR (solver error, after parsing finished)	731.752882732	719.0925847419994	2860.183552	cloud-23933	TIMEOUT	990.613109073	975.7433709469915	2821.840896	cloud-23938
combinations/gcd_1+newton_1_8.yml	false	ERROR (server error, after parsing finished)	735.837149395	721.9452856709977	2853.199872	cloud-23933	TIMEOUT	990.45475241	978.7716280440218	2873.843712	cloud-23980
combinations/gcd_1+newton_2_1.yml	true	ERROR (solver error, after parsing finished)	728.517210381	716.0068710599999	1701.421056	cloud-23933	TIMEOUT	990.746548917	976.4130018770229	4809.293824	cloud-23979
combinations/gcd_1+newton_2_2.yml	true	ERROR (solver error, after parsing finished)	731.401059195	718.0981110639987	1678.962688	cloud-23933	TIMEOUT	990.905660583	977.1305298719963	4794.114048	cloud-23938
combinations/gcd_1+newton_2_3.yml	true	ERROR (solver error, after parsing finished)	729.188304947	716.8468202219956	1674.424320	cloud-24259	TIMEOUT	990.430139345	975.4066840400046	1631.490048	cloud-23933
combinations/gcd_1+newton_2_4.yml	true	ERROR (solver error, after parsing finished)	727.192257538	715.2322680350003	1624.481792	cloud-23933	TIMEOUT	990.322908471	979.3924015309894	1662.832640	cloud-23980
combinations/gcd_1+newton_2_5.yml	true	ERROR (solver error, after parsing finished)	726.515816147	715.2768025200012	1649.192960	cloud-23933	TIMEOUT	990.48041054	975.6145666000084	1685.065728	cloud-23938
combinations/gcd_1+newton_2_6.yml	false	ERROR (server error, after parsing finished)	733.666695221	719.4873836080005	2371.629056	cloud-23933	TIMEOUT	990.668910481	977.1017587080132	4850.978816	cloud-23933
combinations/gcd_1+newton_2_7.yml	false	ERROR (solver error, after parsing finished)	729.297399797	716.7663066970017	1665.277952	cloud-23933	TIMEOUT	990.81328029	977.0080916070146	4840.476672	cloud-23979
combinations/gcd_1+newton_2_8.yml	false	ERROR (solver error, after parsing finished)	728.053296869	716.2275839389986	1636.368384	cloud-23933	TIMEOUT	990.789292727	976.1835893319803	4810.592256	cloud-23979
combinations/gcd_1+newton_3_1.yml	true	ERROR (solver error, after parsing finished)	727.375223532	715.6646606869981	2116.558848	cloud-23979	TIMEOUT	990.432509401	976.2929587520193	2117.111808	cloud-23982
combinations/gcd_1+newton_3_2.yml	true	ERROR (solver error, after parsing finished)	724.147675781	713.7876242350003	2101.395456	cloud-23939	TIMEOUT	990.523196258	976.3434280410002	2049.130496	cloud-23938
combinations/gcd_1+newton_3_3.yml	true	ERROR (solver error, after parsing finished)	731.927949461	719.9307458559997	2082.848768	cloud-24259	TIMEOUT	990.469834139	979.4732271930261	2127.904768	cloud-23980
combinations/gcd_1+newton_3_4.yml	true	ERROR (solver error, after parsing finished)	732.237161816	718.9805915009993	2051.608576	cloud-23933	TIMEOUT	990.41615657	979.757299674995	2111.590400	cloud-23980
combinations/gcd_1+newton_3_5.yml	true	ERROR (server error, after parsing finished)	734.352901974	721.0337421079967	2063.761408	cloud-24259	TIMEOUT	990.502602032	976.1039985860116	2055.139328	cloud-23979
combinations/gcd_1+newton_3_6.yml	false	ERROR (solver error, after parsing finished)	734.977565014	722.6098280579972	2078.654464	cloud-24259	TIMEOUT	990.434464587	976.9616610110097	2109.128704	cloud-23982
combinations/gcd_1+newton_3_7.yml	false	ERROR (solver error, after parsing finished)	725.11021063	715.5423978660001	2048.860160	cloud-23979	TIMEOUT	990.429923273	978.3032014750061	2093.817856	cloud-23980
combinations/gcd_1+newton_3_8.yml	false	ERROR (solver error, after parsing finished)	728.939722239	717.747302188	2104.889344	cloud-23979	TIMEOUT	990.553912363	980.4412590870052	2136.813568	cloud-23982
combinations/gcd_2+newton_1_1.yml	true	ERROR (solver error, after parsing finished)	729.68930071	718.5579611339999	2862.948352	cloud-23979	TIMEOUT	990.64869015	976.3089596700156	2833.133568	cloud-23933
combinations/gcd_2+newton_1_2.yml	true	ERROR (solver error, after parsing finished)	729.663703201	717.659887601003	2825.285632	cloud-23979	TIMEOUT	990.642636599	977.2578251190134	2795.175936	cloud-23982
combinations/gcd_2+newton_1_3.yml	true	ERROR (solver error, after parsing finished)	729.544355414	718.5634207149997	2830.757888	cloud-23979	TIMEOUT	990.51905602	977.6882053959998	2823.589888	cloud-23979
combinations/gcd_2+newton_1_4.yml	false	ERROR (solver error, after parsing finished)	734.970825557	722.2544838890026	2841.993216	cloud-24259	TIMEOUT	990.5153578	980.8935126029828	2851.639296	cloud-23982
combinations/gcd_2+newton_1_5.yml	false	ERROR (solver error, after parsing finished)	734.674198232	721.5493904860014	2807.730176	cloud-24259	TIMEOUT	990.551226317	977.3200529149908	2937.262080	cloud-23979
combinations/gcd_2+newton_1_6.yml	false	ERROR (solver error, after parsing finished)	727.682938589	716.6052975430002	2879.488000	cloud-23979	TIMEOUT	990.56548648	977.5599769859982	2834.120704	cloud-23982
combinations/gcd_2+newton_1_7.yml	false	ERROR (solver error, after parsing finished)	727.281874873	715.9200594239956	2894.917632	cloud-23979	TIMEOUT	990.476693702	980.2803302110115	2817.847296	cloud-23980
combinations/gcd_2+newton_1_8.yml	false	ERROR (solver error, after parsing finished)	731.271765739	719.9358646870023	2831.081472	cloud-24259	TIMEOUT	990.533484151	979.615044731996	2844.651520	cloud-23980
combinations/gcd_2+newton_2_1.yml	true	ERROR (solver error, after parsing finished)	725.318671864	714.8837005160003	1693.601792	cloud-23979	TIMEOUT	990.635224304	977.3761201350135	4782.170112	cloud-23982
combinations/gcd_2+newton_2_2.yml	true	ERROR (solver error, after parsing finished)	726.33618954	715.0036999180011	1640.353792	cloud-23979	TIMEOUT	990.65938642	979.9649850660062	4778.196992	cloud-23980
combinations/gcd_2+newton_2_3.yml	true	ERROR (solver error, after parsing finished)	730.569700944	717.2364743759972	1617.649664	cloud-23933	TIMEOUT	990.453969747	978.2700296659896	1621.164032	cloud-23982
combinations/gcd_2+newton_2_4.yml	true	ERROR (solver error, after parsing finished)	723.71024549	713.4820685759998	1679.097856	cloud-23979	TIMEOUT	990.406162998	977.3777132550022	1611.980800	cloud-23979
combinations/gcd_2+newton_2_5.yml	true	ERROR (solver error, after parsing finished)	729.750570186	717.6443532049998	1608.814592	cloud-23933	TIMEOUT	990.87182637	976.5498398519994	4686.659584	cloud-23979
combinations/gcd_2+newton_2_6.yml	false	ERROR (solver error, after parsing finished)	730.269482534	718.1010812629975	1679.822848	cloud-24259	TIMEOUT	990.745804072	977.0208744989941	4831.014912	cloud-23979
combinations/gcd_2+newton_2_7.yml	false	ERROR (server error, after parsing finished)	726.168150374	715.0471442509988	2068.328448	cloud-23979	TIMEOUT	990.677109339	980.6553169969993	4841.181184	cloud-23980
combinations/gcd_2+newton_2_8.yml	false	ERROR (solver error, after parsing finished)	726.827205796	715.0073711560035	1637.744640	cloud-23979	TIMEOUT	990.466031331	978.8830455410061	2955.591680	cloud-23982
combinations/gcd_2+newton_3_1.yml	true	ERROR (solver error, after parsing finished)	731.668224086	719.1410724400002	2111.619072	cloud-23979	TIMEOUT	990.576775412	975.5413781759853	2094.010368	cloud-23938
combinations/gcd_2+newton_3_2.yml	true	ERROR (solver error, after parsing finished)	730.534651372	719.4523031499994	2083.667968	cloud-24259	TIMEOUT	990.401093844	978.170963098004	2133.348352	cloud-23941
combinations/gcd_2+newton_3_3.yml	true	ERROR (solver error, after parsing finished)	730.972161889	719.0839904640015	2070.306816	cloud-23933	TIMEOUT	990.486320623	977.0449342229986	2114.494464	cloud-23982
combinations/gcd_2+newton_3_4.yml	true	ERROR (solver error, after parsing finished)	727.112454266	715.5640181810013	2131.185664	cloud-23979	TIMEOUT	990.583403974	976.1414642299933	2080.444416	cloud-23979
combinations/gcd_2+newton_3_5.yml	true	ERROR (solver error, after parsing finished)	730.545276192	719.6834919050016	2124.754944	cloud-24259	TIMEOUT	990.524911224	977.3795860740065	2060.177408	cloud-23938
combinations/gcd_2+newton_3_6.yml	false	ERROR (solver error, after parsing finished)	730.557267431	718.4628432949994	2053.259264	cloud-23933	TIMEOUT	990.524726405	977.2261424410099	2121.498624	cloud-23933
combinations/gcd_2+newton_3_7.yml	false	ERROR (solver error, after parsing finished)	733.972850804	719.8985449009997	2066.456576	cloud-23933	TIMEOUT	990.401132195	979.5471773979953	2090.582016	cloud-23980
combinations/gcd_2+newton_3_8.yml	false	ERROR (solver error, after parsing finished)	731.717194862	720.0230484929998	2094.657536	cloud-24259	TIMEOUT	990.380627879	979.0901911619876	2188.324864	cloud-23943
combinations/gcd_3+newton_1_1.yml	true	ERROR (solver error, after parsing finished)	729.238469875	716.8455845809999	2800.734208	cloud-23933	TIMEOUT	990.577174192	976.8300543430087	2831.482880	cloud-23938
combinations/gcd_3+newton_1_2.yml	true	ERROR (solver error, after parsing finished)	729.497856825	717.9065139360027	2775.793664	cloud-23979	TIMEOUT	990.375932601	978.3989356519887	2823.139328	cloud-23982
combinations/gcd_3+newton_1_3.yml	true	ERROR (solver error, after parsing finished)	731.897312977	720.715679175999	2851.258368	cloud-24259	TIMEOUT	990.57592875	977.2790323759837	2796.089344	cloud-23982
combinations/gcd_3+newton_1_4.yml	false	ERROR (solver error, after parsing finished)	731.786083736	719.8845970720004	2807.156736	cloud-23933	TIMEOUT	990.412042277	978.9907954990049	2875.789312	cloud-23980
combinations/gcd_3+newton_1_5.yml	false	ERROR (solver error, after parsing finished)	728.204312588	717.4652077479986	2844.758016	cloud-23979	TIMEOUT	990.570808487	977.1130629119871	2939.576320	cloud-23979
combinations/gcd_3+newton_1_6.yml	false	ERROR (solver error, after parsing finished)	730.055962165	717.4882655609981	2858.512384	cloud-23979	TIMEOUT	990.593801925	977.0196832040092	2845.483008	cloud-23938
combinations/gcd_3+newton_1_7.yml	false	ERROR (solver error, after parsing finished)	731.74925209	719.9131990299998	2844.336128	cloud-23933	TIMEOUT	990.647183502	978.5217314899783	2818.793472	cloud-23980
combinations/gcd_3+newton_1_8.yml	false	ERROR (solver error, after parsing finished)	732.168598881	719.5944341459999	2827.575296	cloud-23933	TIMEOUT	990.459639981	977.9104403059755	2895.413248	cloud-23933
combinations/gcd_3+newton_2_1.yml	true	ERROR (solver error, after parsing finished)	731.11754675	717.3936549249993	1665.028096	cloud-23933	TIMEOUT	990.962705257	975.9249878679984	4760.293376	cloud-23938
combinations/gcd_3+newton_2_2.yml	true	ERROR (solver error, after parsing finished)	726.436512212	714.6841234259991	1641.447424	cloud-23979	TIMEOUT	990.707032555	975.8416334810026	4833.959936	cloud-23933
combinations/gcd_3+newton_2_3.yml	true	ERROR (solver error, after parsing finished)	725.757590443	713.9687765409981	1684.684800	cloud-23979	TIMEOUT	990.396712484	975.6444212279748	1654.939648	cloud-23938
combinations/gcd_3+newton_2_4.yml	true	ERROR (solver error, after parsing finished)	730.432202401	717.1272541909998	1592.635392	cloud-23933	TIMEOUT	990.422581849	978.4643786960223	1626.943488	cloud-23980
combinations/gcd_3+newton_2_5.yml	true	ERROR (solver error, after parsing finished)	727.441005358	716.3765780940012	1588.826112	cloud-24259	TIMEOUT	990.48206367	976.3304966999858	1663.913984	cloud-23938
combinations/gcd_3+newton_2_6.yml	false	ERROR (solver error, after parsing finished)	736.696785814	725.4076724250008	4898.439168	cloud-23979	TIMEOUT	991.066975978	975.5303077459976	4803.649536	cloud-23938
combinations/gcd_3+newton_2_7.yml	false	ERROR (solver error, after parsing finished)	728.413549809	715.1942322809991	1676.791808	cloud-23979	TIMEOUT	990.660265413	978.1462057890021	4816.613376	cloud-23980
combinations/gcd_3+newton_2_8.yml	false	ERROR (solver error, after parsing finished)	725.728210384	714.3217802910003	1634.189312	cloud-23979	TIMEOUT	990.325542253	977.7622600350005	1699.917824	cloud-23982
combinations/gcd_3+newton_3_1.yml	true	ERROR (solver error, after parsing finished)	727.339875997	716.1480469369999	2095.276032	cloud-23979	TIMEOUT	990.465768383	980.612654616998	2078.150656	cloud-23980
combinations/gcd_3+newton_3_2.yml	true	ERROR (solver error, after parsing finished)	731.456921173	719.2772745230004	2091.937792	cloud-23933	TIMEOUT	990.435914777	978.2769475670066	2087.501824	cloud-23980
combinations/gcd_3+newton_3_3.yml	true	ERROR (solver error, after parsing finished)	730.777142826	717.529403706998	2124.849152	cloud-23979	TIMEOUT	990.405008213	977.0171339319786	2093.019136	cloud-23982
combinations/gcd_3+newton_3_4.yml	true	ERROR (solver error, after parsing finished)	732.125253666	719.7624385250019	2047.037440	cloud-24259	TIMEOUT	990.379667005	977.5991162769787	2123.984896	cloud-23979
combinations/gcd_3+newton_3_5.yml	true	ERROR (solver error, after parsing finished)	729.381228648	717.2784113320001	2117.087232	cloud-23933	TIMEOUT	990.475221741	978.179333231994	2093.916160	cloud-23933
combinations/gcd_3+newton_3_6.yml	false	ERROR (solver error, after parsing finished)	732.433968942	718.943417884002	2116.415488	cloud-23979	TIMEOUT	990.349396548	979.613055616006	2122.461184	cloud-23982
combinations/gcd_3+newton_3_7.yml	false	ERROR (solver error, after parsing finished)	728.423225459	717.1483474670022	2096.824320	cloud-23979	TIMEOUT	990.414284398	980.0128290290013	2090.217472	cloud-23980
combinations/gcd_3+newton_3_8.yml	false	ERROR (solver error, after parsing finished)	727.221964154	715.9971399860005	2139.676672	cloud-23979	TIMEOUT	990.523435992	977.528896991018	2128.064512	cloud-23933
combinations/gcd_4+newton_1_1.yml	true	ERROR (solver error, after parsing finished)	728.755838938	717.6610896250058	2833.702912	cloud-23979	TIMEOUT	990.549633389	979.2698474139906	2837.983232	cloud-23933
combinations/gcd_4+newton_1_2.yml	true	ERROR (solver error, after parsing finished)	726.447276557	715.8323767119946	2856.513536	cloud-23979	TIMEOUT	990.462473422	975.2832039399946	2742.374400	cloud-23933
combinations/gcd_4+newton_1_3.yml	true	ERROR (solver error, after parsing finished)	729.985569249	718.6704839639997	2854.707200	cloud-23979	TIMEOUT	990.509043292	976.7012453869975	2787.057664	cloud-23933
combinations/gcd_4+newton_1_4.yml	false	ERROR (solver error, after parsing finished)	730.614400124	718.1387107499977	2835.636224	cloud-23933	TIMEOUT	990.666948828	974.458504144015	2842.996736	cloud-23938
combinations/gcd_4+newton_1_5.yml	false	ERROR (solver error, after parsing finished)	732.837879882	720.3365011429996	2834.976768	cloud-24259	TIMEOUT	990.58226545	976.7028768150194	2927.017984	cloud-23979
combinations/gcd_4+newton_1_6.yml	false	ERROR (solver error, after parsing finished)	728.027185032	716.7062931350001	2847.588352	cloud-23933	TIMEOUT	990.486694384	977.413565882016	2857.996288	cloud-23933
combinations/gcd_4+newton_1_7.yml	false	ERROR (solver error, after parsing finished)	731.456247081	718.3559101919964	2904.563712	cloud-23979	TIMEOUT	990.525582858	977.1663382570259	2820.349952	cloud-23938
combinations/gcd_4+newton_1_8.yml	false	ERROR (solver error, after parsing finished)	727.146737193	716.178910829	2899.443712	cloud-23979	TIMEOUT	990.500576219	979.5733257170068	2896.363520	cloud-23980
combinations/gcd_4+newton_2_1.yml	true	ERROR (solver error, after parsing finished)	724.124305859	713.7472773020002	1611.767808	cloud-23933	TIMEOUT	990.413182993	977.6337330730166	1652.514816	cloud-23933
combinations/gcd_4+newton_2_2.yml	true	ERROR (solver error, after parsing finished)	728.780450844	716.6501103200003	1650.237440	cloud-23933	TIMEOUT	990.387212521	976.2540266370052	1644.457984	cloud-23982
combinations/gcd_4+newton_2_3.yml	true	ERROR (solver error, after parsing finished)	727.440704397	715.4848373050045	1647.099904	cloud-23933	TIMEOUT	990.450614358	977.4337351539871	1634.672640	cloud-23982
combinations/gcd_4+newton_2_4.yml	true	ERROR (solver error, after parsing finished)	737.780733308	725.9562021519996	4869.591040	cloud-23979	TIMEOUT	990.645782854	980.1790428390086	4807.372800	cloud-23980
combinations/gcd_4+newton_2_5.yml	true	ERROR (server error, after parsing finished)	729.327056855	716.5425277019995	1598.754816	cloud-23933	TIMEOUT	990.843873007	974.6684231559921	4823.019520	cloud-23938
combinations/gcd_4+newton_2_6.yml	false	ERROR (solver error, after parsing finished)	726.965922484	715.6746307900003	1588.559872	cloud-23933	TIMEOUT	990.648645567	978.7698856350034	4760.776704	cloud-23980
combinations/gcd_4+newton_2_7.yml	false	ERROR (solver error, after parsing finished)	725.941884705	714.2999318120055	1636.179968	cloud-23979	TIMEOUT	990.76255228	976.714403563994	4758.482944	cloud-23979
combinations/gcd_4+newton_2_8.yml	false	ERROR (solver error, after parsing finished)	725.396924603	714.1091082580024	1643.700224	cloud-23979	TIMEOUT	990.430824674	976.3710824330046	1673.994240	cloud-23938
combinations/gcd_4+newton_3_1.yml	true	ERROR (solver error, after parsing finished)	729.771209753	718.3803541840007	2086.084608	cloud-23979	TIMEOUT	990.493262236	975.6082559710194	2067.038208	cloud-23933
combinations/gcd_4+newton_3_2.yml	true	ERROR (solver error, after parsing finished)	728.060606111	717.1242083070001	2149.281792	cloud-23979	TIMEOUT	990.438449947	974.8533971960132	2154.663936	cloud-23938
combinations/gcd_4+newton_3_3.yml	true	ERROR (solver error, after parsing finished)	732.154744175	720.1746618440011	2097.737728	cloud-24259	TIMEOUT	990.466996293	976.1572298560059	2044.940288	cloud-23979
combinations/gcd_4+newton_3_4.yml	true	ERROR (solver error, after parsing finished)	729.1147928	717.9765556069997	2042.331136	cloud-23979	TIMEOUT	990.390988408	980.0712269110081	2065.256448	cloud-23980
combinations/gcd_4+newton_3_5.yml	true	ERROR (solver error, after parsing finished)	729.833113543	717.6655211640027	2102.620160	cloud-23979	TIMEOUT	990.389673796	978.809941621992	2093.764608	cloud-23980
combinations/gcd_4+newton_3_6.yml	false	ERROR (solver error, after parsing finished)	726.501172199	715.597330312994	2061.176832	cloud-23979	TIMEOUT	990.409020898	978.2205685220251	2084.155392	cloud-23980
combinations/gcd_4+newton_3_7.yml	false	ERROR (solver error, after parsing finished)	726.00370342	715.0045934480004	2086.916096	cloud-23979	TIMEOUT	990.441798318	976.0622772380011	2152.382464	cloud-23979
combinations/gcd_4+newton_3_8.yml	false	ERROR (solver error, after parsing finished)	734.278989547	721.9453104749991	2088.337408	cloud-24259	TIMEOUT	990.511131694	976.7773835000116	2115.158016	cloud-23933
combinations/pals_lcr.3.1.ufo.BOUNDED-6.pals+Problem12_label02.yml	false	TIMEOUT (ERROR (solver error, after parsing finished))	918.721981683	852.955103663	7673.888768	cloud-23942	TIMEOUT	991.324027284	914.9164539210033	7821.971456	cloud-23933
combinations/pals_lcr.3.1.ufo.UNBOUNDED.pals+Problem12_label02.yml	false	ERROR (solver error, after parsing finished)	888.998824355	819.6900340749999	7697.608704	cloud-23943	TIMEOUT	991.322048534	909.058521488012	7812.526080	cloud-23980
combinations/pals_lcr.3.1.ufo.UNBOUNDED.pals+Problem12_label05.yml	false	TIMEOUT (ERROR (solver error, after parsing finished))	931.878350049	855.6973114380016	10212.954112	cloud-24261	TIMEOUT	991.615688673	899.0429268649896	8866.283520	cloud-23979
combinations/pals_lcr.3.ufo.BOUNDED-6.pals+Problem12_label02.yml	true	ERROR (solver error, after parsing finished)	882.423986839	823.8991300070011	9613.901824	cloud-23939	TIMEOUT	990.866695971	928.394512756	7828.905984	cloud-23942
combinations/pals_lcr.3.ufo.BOUNDED-6.pals+Problem12_label05.yml	true	TIMEOUT (ERROR (solver error, after parsing finished))	904.098735298	840.7200755360027	7698.313216	cloud-23979	TIMEOUT	991.398113197	918.5124386009993	7707.344896	cloud-23938
combinations/pals_lcr.3.ufo.BOUNDED-6.pals+Problem12_label08.yml	false	TIMEOUT (ERROR (solver error, after parsing finished))	933.277251249	858.7286841000023	7685.574656	cloud-24261	TIMEOUT	990.855433751	920.319099943008	7666.012160	cloud-23939
combinations/pals_lcr.3.ufo.UNBOUNDED.pals+Problem12_label02.yml	true	TIMEOUT (ERROR (solver error, after parsing finished))	937.127940136	846.9258087300004	8970.891264	cloud-24261	TIMEOUT	991.051305458	902.0015098599833	7901.188096	cloud-23982
combinations/pals_lcr.3.ufo.UNBOUNDED.pals+Problem12_label05.yml	true	TIMEOUT (ERROR (solver error, after parsing finished))	935.895485594	856.3152117900026	8033.320960	cloud-24261	TIMEOUT	991.156885775	890.6415884360031	7662.219264	cloud-23938
combinations/pals_lcr.3.ufo.UNBOUNDED.pals+Problem12_label08.yml	false	ERROR (solver error, after parsing finished)	895.353550456	821.4558318650088	7703.519232	cloud-23942	TIMEOUT	991.065693513	919.1472945089918	7979.364352	cloud-23933
combinations/pals_lcr.3_overflow.ufo.UNBOUNDED.pals+Problem12_label02.yml	false	TIMEOUT (ERROR (solver error, after parsing finished))	951.068645665	872.2020033730005	7861.448704	cloud-23979	TIMEOUT	991.041795539	900.9074558229768	7681.490944	cloud-23933
combinations/pals_lcr.3_overflow.ufo.UNBOUNDED.pals+Problem12_label05.yml	false	TIMEOUT (ERROR (solver error, after parsing finished))	917.806195968	839.2648875570012	9550.290944	cloud-23979	TIMEOUT	991.643809171	908.5615554030228	9986.228224	cloud-23979
combinations/pals_lcr.4.1.ufo.BOUNDED-8.pals+Problem12_label02.yml	false	TIMEOUT (ERROR (solver error, after parsing finished))	967.920465043	893.405174217005	7404.945408	cloud-23933	TIMEOUT	990.928266079	931.0889847739891	9462.034432	cloud-23942
combinations/pals_lcr.4.1.ufo.BOUNDED-8.pals+Problem12_label05.yml	false	ERROR (solver error, after parsing finished)	881.569448515	825.9316557189886	7685.840896	cloud-23941	TIMEOUT	991.030792714	929.5767385030049	7373.180928	cloud-23933
combinations/pals_lcr.4.1.ufo.UNBOUNDED.pals+Problem12_label05.yml	false	TIMEOUT (ERROR (solver error, after parsing finished))	972.027112456	875.262013724001	10388.971520	cloud-24261	TIMEOUT	991.168557979	906.3922776559775	7711.035392	cloud-23979
combinations/pals_lcr.4.ufo.BOUNDED-8.pals+Problem12_label02.yml	true	ERROR (solver error, after parsing finished)	882.044793085	826.1295994480024	8103.542784	cloud-23944	TIMEOUT	991.091360331	914.0731381079822	7661.240320	cloud-23980
combinations/pals_lcr.4.ufo.BOUNDED-8.pals+Problem12_label05.yml	true	TIMEOUT (ERROR (solver error, after parsing finished))	955.34994593	880.8664403069997	10374.029312	cloud-23933	TIMEOUT	990.792901619	935.6807216450106	8423.915520	cloud-23944
combinations/pals_lcr.4.ufo.BOUNDED-8.pals+Problem12_label08.yml	false	TIMEOUT (ERROR (solver error, after parsing finished))	923.725151002	847.8560267100038	7701.929984	cloud-23979	TIMEOUT	990.832942608	918.4202691779938	7365.414912	cloud-23939
combinations/pals_lcr.4.ufo.UNBOUNDED.pals+Problem12_label05.yml	true	TIMEOUT (ERROR (solver error, after parsing finished))	940.57743539	851.3243577079993	7721.922560	cloud-24261	TIMEOUT	990.903257633	910.6052638830151	8023.830528	cloud-23940
combinations/pals_lcr.4_overflow.ufo.UNBOUNDED.pals+Problem12_label02.yml	false	ERROR (solver error, after parsing finished)	894.600282531	823.7330893269973	7881.318400	cloud-23939	TIMEOUT	991.339333318	914.1240646229999	10258.178048	cloud-23933
combinations/pals_lcr.5.1.ufo.BOUNDED-10.pals+Problem12_label02.yml	false	TIMEOUT (ERROR (solver error, after parsing finished))	924.201135925	857.3069301819996	8358.744064	cloud-24261	TIMEOUT	991.184037119	919.6640693779918	7852.838912	cloud-23933
combinations/pals_lcr.5.1.ufo.BOUNDED-10.pals+Problem12_label05.yml	false	TIMEOUT (ERROR (solver error, after parsing finished))	931.791894606	861.9105108180011	7666.950144	cloud-23941	TIMEOUT	991.092887016	918.2757348289888	7365.132288	cloud-23933
combinations/pals_lcr.5.1.ufo.UNBOUNDED.pals+Problem12_label02.yml	false	TIMEOUT (ERROR (solver error, after parsing finished))	971.003394932	887.2757536299978	9148.862464	cloud-24261	TIMEOUT	990.915628919	916.4157186489902	7779.196928	cloud-23933
combinations/pals_lcr.5.1.ufo.UNBOUNDED.pals+Problem12_label05.yml	false	TIMEOUT (ERROR (solver error, after parsing finished))	919.399694199	854.329877670003	10310.328320	cloud-23942	TIMEOUT	990.800650909	923.1670588130073	7379.427328	cloud-23940
combinations/pals_lcr.5.ufo.BOUNDED-10.pals+Problem12_label02.yml	true	ERROR (solver error, after parsing finished)	898.195965157	837.1165102219998	7728.013312	cloud-23939	TIMEOUT	991.152253668	925.0705030110257	10364.407808	cloud-23933
combinations/pals_lcr.5.ufo.BOUNDED-10.pals+Problem12_label05.yml	true	ERROR (solver error, after parsing finished)	893.444615196	836.680803479001	10726.363136	cloud-23940	TIMEOUT	991.120954209	920.9344415829983	7497.498624	cloud-23980
combinations/pals_lcr.5.ufo.BOUNDED-10.pals+Problem12_label08.yml	false	TIMEOUT (ERROR (solver error, after parsing finished))	930.143918178	851.1990048449952	7946.297344	cloud-24261	TIMEOUT	991.135743389	906.9072576470207	7258.132480	cloud-23979
combinations/pals_lcr.5.ufo.UNBOUNDED.pals+Problem12_label02.yml	true	ERROR (solver error, after parsing finished)	899.000066446	833.6330175699986	7785.385984	cloud-23939	TIMEOUT	991.012455454	908.8953147149878	7963.107328	cloud-23979
combinations/pals_lcr.5.ufo.UNBOUNDED.pals+Problem12_label05.yml	true	TIMEOUT (ERROR (solver error, after parsing finished))	950.458696086	869.763980609001	8103.145472	cloud-23979	TIMEOUT	991.177921963	895.0957587430021	7748.698112	cloud-23980
combinations/pals_lcr.5.ufo.UNBOUNDED.pals+Problem12_label08.yml	false	TIMEOUT (ERROR (solver error, after parsing finished))	903.941059589	838.4970807670034	8008.564736	cloud-23942	TIMEOUT	991.515173143	895.428893328004	7737.528320	cloud-23938
combinations/pals_lcr.5_overflow.ufo.UNBOUNDED.pals+Problem12_label02.yml	false	TIMEOUT (ERROR (solver error, after parsing finished))	969.701546887	877.308643936	9616.596992	cloud-23933	TIMEOUT	991.362546245	883.9032331960043	7994.195968	cloud-23982
combinations/pals_lcr.5_overflow.ufo.UNBOUNDED.pals+Problem12_label05.yml	false	ERROR (solver error, after parsing finished)	892.295018236	830.2461764119944	7908.368384	cloud-23939	TIMEOUT	990.79285244	924.1910042700183	8110.981120	cloud-23944
combinations/pals_lcr.6.1.ufo.BOUNDED-12.pals+Problem12_label02.yml	false	TIMEOUT (ERROR (solver error, after parsing finished))	907.881805026	846.6284425330014	10458.210304	cloud-23940	TIMEOUT	991.266544983	911.1417784070072	9614.499840	cloud-23980
combinations/pals_lcr.6.1.ufo.BOUNDED-12.pals+Problem12_label05.yml	false	ERROR (solver error, after parsing finished)	889.33298235	826.5463141879991	7774.613504	cloud-23944	TIMEOUT	990.879372653	928.7296974649944	7980.421120	cloud-23941
combinations/pals_lcr.6.1.ufo.UNBOUNDED.pals+Problem12_label02.yml	false	TIMEOUT (ERROR (solver error, after parsing finished))	971.032742844	890.4311160080033	7775.662080	cloud-23933	TIMEOUT	991.064966898	912.152107981994	7895.715840	cloud-23979
combinations/pals_lcr.6.1.ufo.UNBOUNDED.pals+Problem12_label05.yml	false	TIMEOUT (ERROR (solver error, after parsing finished))	912.513938916	838.1099017349989	7827.062784	cloud-23939	TIMEOUT	991.104353069	913.5392717389914	7739.527168	cloud-23980
combinations/pals_lcr.6.ufo.BOUNDED-12.pals+Problem12_label02.yml	true	TIMEOUT (ERROR (solver error, after parsing finished))	929.976923794	857.8267487379999	7766.487040	cloud-24261	TIMEOUT	990.825323721	932.9398684730113	7754.371072	cloud-23942
combinations/pals_lcr.6.ufo.BOUNDED-12.pals+Problem12_label05.yml	true	TIMEOUT (ERROR (solver error, after parsing finished))	952.010189014	871.6253470489974	7742.742528	cloud-23933	TIMEOUT	991.040330526	923.0226868010068	9831.014400	cloud-23938
combinations/pals_lcr.6.ufo.UNBOUNDED.pals+Problem12_label05.yml	true	TIMEOUT (ERROR (solver error, after parsing finished))	911.867874266	839.7727708729999	7769.292800	cloud-23939	TIMEOUT	990.924066978	913.1841288690048	7759.986688	cloud-23941
combinations/pals_lcr.6_overflow.ufo.UNBOUNDED.pals+Problem12_label02.yml	false	TIMEOUT (ERROR (solver error, after parsing finished))	924.433065643	847.346718752	7961.952256	cloud-23979	TIMEOUT	991.103201337	911.3841368840076	7919.624192	cloud-23933
combinations/pals_lcr.6_overflow.ufo.UNBOUNDED.pals+Problem12_label05.yml	false	TIMEOUT (ERROR (solver error, after parsing finished))	955.823768999	868.4029904069976	7787.732992	cloud-24261	TIMEOUT	991.07372067	920.8685087630001	10187.829248	cloud-23941
combinations/pals_lcr.7.1.ufo.BOUNDED-14.pals+Problem12_label02.yml	false	ERROR (solver error, after parsing finished)	893.808095807	836.631108816	7906.242560	cloud-23941	TIMEOUT	990.992054675	923.007030703011	7744.389120	cloud-23980
combinations/pals_lcr.7.1.ufo.BOUNDED-14.pals+Problem12_label05.yml	false	ERROR (solver error, after parsing finished)	897.114387409	838.6539729969954	7768.096768	cloud-23940	TIMEOUT	990.816981831	928.9597829540144	7777.492992	cloud-23941
combinations/pals_lcr.7.1.ufo.UNBOUNDED.pals+Problem12_label02.yml	false	TIMEOUT (ERROR (solver error, after parsing finished))	945.512428311	867.0517074789968	10175.778816	cloud-23979	TIMEOUT	990.885768325	921.6314507370116	7922.720768	cloud-23943
combinations/pals_lcr.7.1.ufo.UNBOUNDED.pals+Problem12_label05.yml	false	TIMEOUT (ERROR (solver error, after parsing finished))	952.130766764	854.4095532319989	7776.468992	cloud-23979	TIMEOUT	990.901471638	926.1648690429865	9705.992192	cloud-23944
combinations/pals_lcr.7.ufo.BOUNDED-14.pals+Problem12_label02.yml	true	TIMEOUT (ERROR (solver error, after parsing finished))	921.964909314	856.1480958009997	7745.699840	cloud-23979	TIMEOUT	991.005456328	923.6994866080058	8381.546496	cloud-23979
combinations/pals_lcr.7.ufo.BOUNDED-14.pals+Problem12_label05.yml	true	TIMEOUT (ERROR (solver error, after parsing finished))	948.509537617	876.4106311690048	7757.844480	cloud-24261	TIMEOUT	991.072844166	926.5319136939943	7560.876032	cloud-23979
combinations/pals_lcr.7.ufo.BOUNDED-14.pals+Problem12_label08.yml	false	ERROR (solver error, after parsing finished)	899.294174667	834.3041053499983	7320.035328	cloud-23944	TIMEOUT	991.254940529	895.1080596840184	7785.193472	cloud-23980
combinations/pals_lcr.7.ufo.UNBOUNDED.pals+Problem12_label02.yml	true	TIMEOUT (ERROR (solver error, after parsing finished))	969.373321195	887.349049935	7481.524224	cloud-23979	TIMEOUT	991.016021285	911.2403992129839	7820.951552	cloud-23938
combinations/pals_lcr.7.ufo.UNBOUNDED.pals+Problem12_label05.yml	true	TIMEOUT (ERROR (solver error, after parsing finished))	908.735723073	837.7380384150019	7944.151040	cloud-23941	TIMEOUT	991.038013493	912.1733326990216	7803.269120	cloud-23980
combinations/pals_lcr.7_overflow.ufo.UNBOUNDED.pals+Problem12_label05.yml	false	TIMEOUT (ERROR (solver error, after parsing finished))	969.127505758	882.5261371250017	7914.700800	cloud-23933	TIMEOUT	991.074934503	907.1565527369967	7463.538688	cloud-23933
combinations/pals_lcr.8.1.ufo.BOUNDED-16.pals+Problem12_label02.yml	false	ERROR (solver error, after parsing finished)	892.133364395	834.8395708930038	10511.863808	cloud-23939	TIMEOUT	990.843930672	924.4471175709914	7834.972160	cloud-23941
combinations/pals_lcr.8.1.ufo.BOUNDED-16.pals+Problem12_label05.yml	false	TIMEOUT (ERROR (solver error, after parsing finished))	972.456526856	893.962831236	7830.380544	cloud-23933	TIMEOUT	991.259156126	912.6390629269881	8278.536192	cloud-23938
combinations/pals_lcr.8.1.ufo.UNBOUNDED.pals+Problem12_label02.yml	false	TIMEOUT (ERROR (solver error, after parsing finished))	936.277786376	865.2897792170043	7993.094144	cloud-23941	TIMEOUT	991.00396737	905.6279578619869	8882.135040	cloud-23942
combinations/pals_lcr.8.ufo.BOUNDED-16.pals+Problem12_label02.yml	true	TIMEOUT (ERROR (solver error, after parsing finished))	934.124707048	864.8003659239985	7838.617600	cloud-24261	TIMEOUT	990.84369274	926.2791523159831	7812.259840	cloud-23939
combinations/pals_lcr.8.ufo.BOUNDED-16.pals+Problem12_label05.yml	true	TIMEOUT (ERROR (solver error, after parsing finished))	910.178162844	849.0791190050004	7631.536128	cloud-23944	TIMEOUT	991.33446225	915.248507302982	10520.035328	cloud-23980
combinations/pals_lcr.8.ufo.BOUNDED-16.pals+Problem12_label08.yml	false	TIMEOUT (ERROR (solver error, after parsing finished))	925.474987751	858.1393250799956	7833.038848	cloud-23942	TIMEOUT	991.154836912	905.8648209130042	7837.650944	cloud-23933
combinations/pals_lcr.8.ufo.UNBOUNDED.pals+Problem12_label02.yml	true	TIMEOUT (ERROR (solver error, after parsing finished))	910.737243161	844.8522910769971	7865.208832	cloud-23941	TIMEOUT	990.891636387	912.7473313630035	7819.874304	cloud-23942
combinations/pals_lcr.8.ufo.UNBOUNDED.pals+Problem12_label05.yml	true	TIMEOUT (ERROR (solver error, after parsing finished))	942.196303403	862.5076133609982	7811.919872	cloud-24261	TIMEOUT	991.471798544	867.4062217210012	7811.145728	cloud-23982
combinations/pals_lcr.8.ufo.UNBOUNDED.pals+Problem12_label08.yml	false	TIMEOUT (ERROR (solver error, after parsing finished))	946.683377201	873.5228725009947	7801.843712	cloud-24261	TIMEOUT	991.481200183	911.0668872559909	11023.613952	cloud-23982
combinations/pc_sfifo_1.cil-2+token_ring.04.cil-1.yml	true	TIMEOUT (ERROR (inner timeout, after parsing finished))	964.218625971	921.1194761670013	956.260352	cloud-24259	TIMEOUT	990.552778544	947.3640352860093	1005.076480	cloud-23979
combinations/pc_sfifo_1.cil-2+token_ring.04.cil-2.yml	false	TIMEOUT (ERROR (inner timeout, after parsing finished))	955.517967588	917.3968903420027	1018.662912	cloud-23933	TIMEOUT	990.446064177	947.808835638978	968.638464	cloud-23938
combinations/pc_sfifo_1.cil-2+token_ring.05.cil-1.yml	true	TIMEOUT (ERROR (inner timeout, after parsing finished))	966.730908269	920.7728048320059	955.314176	cloud-23933	TIMEOUT	990.491596862	944.4717227400106	1203.511296	cloud-23979
combinations/pc_sfifo_1.cil-2+token_ring.05.cil-2.yml	false	ERROR (solver error, after parsing finished)	765.577007442	725.1592295230002	1073.618944	cloud-23933	TIMEOUT	990.572631122	952.4832284459844	1137.369088	cloud-23979
combinations/pc_sfifo_1.cil-2+token_ring.06.cil-1.yml	false	TIMEOUT (ERROR (inner timeout, after parsing finished))	954.257551525	914.957619879	1401.286656	cloud-23941	TIMEOUT	990.482191124	940.3450556900061	954.425344	cloud-23982
combinations/pc_sfifo_1.cil-2+token_ring.06.cil-2.yml	true	ERROR (solver error, after parsing finished)	771.61655908	728.2361556719998	1168.015360	cloud-23933	TIMEOUT	990.457311275	946.0127148309839	1235.193856	cloud-23980
combinations/pc_sfifo_1.cil-2+token_ring.07.cil-1.yml	true	ERROR (solver error, after parsing finished)	762.463728653	723.1255014430001	1436.848128	cloud-23979	TIMEOUT	990.472442769	939.650053238991	1292.816384	cloud-23979
combinations/pc_sfifo_1.cil-2+token_ring.07.cil-2.yml	false	ERROR (solver error, after parsing finished)	790.34769605	735.4928358239995	1170.079744	cloud-24259	TIMEOUT	990.545165075	938.043868067005	1444.356096	cloud-23979
combinations/pc_sfifo_1.cil-2+token_ring.08.cil-1.yml	true	ERROR (solver error, after parsing finished)	782.61590068	731.869810571	1356.632064	cloud-23979	TIMEOUT	990.608714593	937.4693499520072	1263.476736	cloud-23982
combinations/pc_sfifo_1.cil-2+token_ring.08.cil-2.yml	false	ERROR (solver error, after parsing finished)	794.664327376	735.6274000470003	1171.087360	cloud-24259	TIMEOUT	990.553512417	928.4491398039972	1051.312128	cloud-23938
combinations/pc_sfifo_1.cil-2+token_ring.09.cil-1.yml	true	ERROR (solver error, after parsing finished)	796.386872434	738.2085197209963	1586.343936	cloud-23979	TIMEOUT	990.644338663	927.0568666330073	1052.561408	cloud-23979
combinations/pc_sfifo_1.cil-2+token_ring.09.cil-2.yml	false	ERROR (solver error, after parsing finished)	782.330631145	733.1509157149994	1272.320000	cloud-23979	TIMEOUT	990.541955219	920.1403417969996	1257.877504	cloud-23982
combinations/pc_sfifo_1.cil-2+token_ring.10.cil-1.yml	false	ERROR (solver error, after parsing finished)	782.800071871	733.9010813490004	1084.108800	cloud-23979	TIMEOUT	990.689396719	917.459133477998	1244.020736	cloud-23982
combinations/pc_sfifo_1.cil-2+token_ring.10.cil-2.yml	true	ERROR (solver error, after parsing finished)	790.846805445	738.2856895270015	1181.331456	cloud-23933	TIMEOUT	990.552711438	931.6185430469923	1301.868544	cloud-23979
combinations/pc_sfifo_1.cil-2+token_ring.11.cil-1.yml	false	ERROR (solver error, after parsing finished)	802.617228047	737.7641088310011	1499.557888	cloud-23979	TIMEOUT	990.599521849	922.9822780480026	1325.858816	cloud-23980
combinations/pc_sfifo_1.cil-2+token_ring.11.cil-2.yml	true	ERROR (solver error, after parsing finished)	786.74747431	735.5231131999999	1305.522176	cloud-23979	TIMEOUT	990.582647038	940.3171449559741	1556.500480	cloud-23933
combinations/pc_sfifo_1.cil-2+token_ring.12.cil-1.yml	false	ERROR (solver error, after parsing finished)	834.074559561	752.059410392998	1557.094400	cloud-24259	TIMEOUT	990.563769362	933.534512364975	1489.227776	cloud-23979
combinations/pc_sfifo_1.cil-2+token_ring.12.cil-2.yml	true	ERROR (solver error, after parsing finished)	788.586825858	739.264002226002	1533.399040	cloud-23979	TIMEOUT	990.627528023	924.9333676510141	1428.832256	cloud-23938
combinations/pc_sfifo_1.cil-2+token_ring.13.cil-1.yml	false	ERROR (solver error, after parsing finished)	815.426818477	754.7875375990043	2258.878464	cloud-23933	TIMEOUT	990.633225672	935.0977382000128	2145.693696	cloud-23980
combinations/pc_sfifo_1.cil-2+token_ring.13.cil-2.yml	true	ERROR (solver error, after parsing finished)	823.380674328	761.062705632	1727.340544	cloud-23933	TIMEOUT	990.539957343	929.3821278149844	2049.417216	cloud-23938
combinations/pc_sfifo_1.cil-2+token_ring.14.cil.yml	false	ERROR (solver error, after parsing finished)	812.38312843	751.6813698990009	1520.271360	cloud-23933	TIMEOUT	990.560814929	933.8215975239873	1536.405504	cloud-23979
combinations/pc_sfifo_2.cil-1+token_ring.04.cil-1.yml	true	ERROR (solver error, after parsing finished)	771.776423667	727.9992951029999	1145.004032	cloud-24259	TIMEOUT	990.469952158	942.10772786499	1206.857728	cloud-23933
combinations/pc_sfifo_2.cil-1+token_ring.04.cil-2.yml	false	ERROR (solver error, after parsing finished)	765.81106365	724.9261300449944	953.602048	cloud-23933	TIMEOUT	990.525515277	940.5073336180067	939.028480	cloud-23982
combinations/pc_sfifo_2.cil-1+token_ring.05.cil-1.yml	true	ERROR (solver error, after parsing finished)	762.653924655	722.938519538	1024.888832	cloud-23979	TIMEOUT	990.468679653	945.1886462039838	1118.158848	cloud-23938
combinations/pc_sfifo_2.cil-1+token_ring.05.cil-2.yml	false	ERROR (solver error, after parsing finished)	772.979719345	727.9278248539995	1324.523520	cloud-23933	TIMEOUT	990.434673783	947.7519728939806	1231.962112	cloud-23979
combinations/pc_sfifo_2.cil-1+token_ring.06.cil-1.yml	false	TIMEOUT (ERROR (inner timeout, after parsing finished))	988.297005595	925.304604626006	972.681216	cloud-24259	TIMEOUT	990.503063748	940.8002769570157	983.875584	cloud-23938
combinations/pc_sfifo_2.cil-1+token_ring.06.cil-2.yml	true	TIMEOUT (ERROR (inner timeout, after parsing finished))	974.263202225	926.1426158460017	1137.524736	cloud-24259	TIMEOUT	990.473841162	939.5376779179787	1171.939328	cloud-23933
combinations/pc_sfifo_2.cil-1+token_ring.07.cil-1.yml	true	ERROR (solver error, after parsing finished)	798.100584131	735.2654353940015	1273.978880	cloud-24259	TIMEOUT	990.526121994	933.5599404440145	1208.713216	cloud-23938
combinations/pc_sfifo_2.cil-1+token_ring.07.cil-2.yml	false	ERROR (solver error, after parsing finished)	780.410340596	726.1483397560005	1275.686912	cloud-23979	TIMEOUT	990.54545674	936.0125718299823	1090.543616	cloud-23933
combinations/pc_sfifo_2.cil-1+token_ring.08.cil-1.yml	true	ERROR (solver error, after parsing finished)	776.034047671	729.4376112900027	1447.284736	cloud-23979	TIMEOUT	990.645554756	937.0463718980027	1469.280256	cloud-23943
combinations/pc_sfifo_2.cil-1+token_ring.08.cil-2.yml	false	ERROR (solver error, after parsing finished)	768.326635276	722.7018517300003	1251.454976	cloud-23942	TIMEOUT	990.579370656	932.3091504699842	1033.334784	cloud-23944
combinations/pc_sfifo_2.cil-1+token_ring.09.cil-1.yml	true	ERROR (solver error, after parsing finished)	799.572670612	727.4581478989999	1529.311232	cloud-23939	TIMEOUT	990.514864761	933.1802507969842	1222.078464	cloud-23938
combinations/pc_sfifo_2.cil-1+token_ring.09.cil-2.yml	false	ERROR (solver error, after parsing finished)	795.56283497	736.2766427220049	1267.494912	cloud-23979	TIMEOUT	990.643682669	939.3178735739784	1439.485952	cloud-23933
combinations/pc_sfifo_2.cil-1+token_ring.10.cil-1.yml	false	ERROR (solver error, after parsing finished)	838.259799034	747.1444136249993	1261.289472	cloud-24259	TIMEOUT	990.774659409	900.0331481159956	1113.542656	cloud-23933
combinations/pc_sfifo_2.cil-1+token_ring.10.cil-2.yml	true	ERROR (solver error, after parsing finished)	808.118988858	744.1238228869988	1595.060224	cloud-23933	TIMEOUT	990.888766492	900.3993664350128	1260.339200	cloud-23982
combinations/pc_sfifo_2.cil-1+token_ring.11.cil-1.yml	false	ERROR (solver error, after parsing finished)	788.381461322	738.9092983029986	1249.648640	cloud-23979	TIMEOUT	990.567114439	928.1326090579969	1237.618688	cloud-23933
combinations/pc_sfifo_2.cil-1+token_ring.11.cil-2.yml	true	TIMEOUT (ERROR (verification stuck, after parsing finished))	951.550629876	873.9965540560006	1705.615360	cloud-23933	TIMEOUT	990.647336902	934.3124436499784	1378.529280	cloud-23979
combinations/pc_sfifo_2.cil-1+token_ring.12.cil-1.yml	false	ERROR (solver error, after parsing finished)	837.008320556	754.1703904620008	1768.771584	cloud-24259	TIMEOUT	990.564646518	931.6546917890082	1591.185408	cloud-23938
combinations/pc_sfifo_2.cil-1+token_ring.12.cil-2.yml	true	TIMEOUT (ERROR (verification stuck, after parsing finished))	977.110317667	896.7792686860003	2106.290176	cloud-23979	TIMEOUT	990.568885564	937.0156414849916	1663.266816	cloud-23980
combinations/pc_sfifo_2.cil-1+token_ring.13.cil-1.yml	false	ERROR (solver error, after parsing finished)	821.019227295	761.2617788159987	1865.895936	cloud-24259	TIMEOUT	990.472422132	933.1728530850087	1778.802688	cloud-23980
combinations/pc_sfifo_2.cil-1+token_ring.13.cil-2.yml	true	ERROR (solver error, after parsing finished)	803.755559918	748.8495651530002	1746.960384	cloud-23979	TIMEOUT	990.705220356	929.1056781689986	2278.461440	cloud-23979
combinations/pc_sfifo_2.cil-1+token_ring.14.cil.yml	false	ERROR (solver error, after parsing finished)	804.529231871	748.4989693550015	1925.111808	cloud-23979	TIMEOUT	990.58708647	933.2473751569923	1654.185984	cloud-23979
combinations/pc_sfifo_2.cil-1+token_ring.15.cil.yml	false	ERROR (solver error, after parsing finished)	828.003961965	761.819165072	2434.088960	cloud-23933	TIMEOUT	990.596896866	932.3887936469982	2137.788416	cloud-23980
combinations/pc_sfifo_3.cil+token_ring.04.cil-1.yml	true	ERROR (solver error, after parsing finished)	766.034425722	724.9485464600002	1236.652032	cloud-23979	TIMEOUT	990.40230096	954.446110097022	1127.071744	cloud-23980
combinations/pc_sfifo_3.cil+token_ring.04.cil-2.yml	false	ERROR (solver error, after parsing finished)	772.254321729	729.519461584001	1159.204864	cloud-24259	TIMEOUT	990.532222203	947.6365637000126	925.827072	cloud-23980
combinations/pc_sfifo_3.cil+token_ring.05.cil-1.yml	true	TIMEOUT (ERROR (inner timeout, after parsing finished))	971.225680593	924.0248459900031	1305.956352	cloud-24259	TIMEOUT	990.566563715	944.7342216320103	1194.983424	cloud-23979
combinations/pc_sfifo_3.cil+token_ring.05.cil-2.yml	false	ERROR (solver error, after parsing finished)	763.788976382	725.3546205529992	973.684736	cloud-23979	TIMEOUT	990.495338285	940.4585536439845	1114.701824	cloud-23982
combinations/pc_sfifo_3.cil+token_ring.06.cil-1.yml	false	ERROR (solver error, after parsing finished)	783.947153052	734.5402526959952	1397.116928	cloud-23933	TIMEOUT	990.536632306	943.4765531599987	1253.277696	cloud-23982
combinations/pc_sfifo_3.cil+token_ring.06.cil-2.yml	true	ERROR (solver error, after parsing finished)	765.868429153	725.6484462669978	1234.128896	cloud-23979	TIMEOUT	990.453116707	944.1281433219847	1184.923648	cloud-23979
combinations/pc_sfifo_3.cil+token_ring.07.cil-1.yml	true	TIMEOUT (ERROR (server error, after parsing finished))	972.419560683	923.7495882920011	1441.714176	cloud-23979	TIMEOUT	990.56034275	938.0009428299963	1380.024320	cloud-23938
combinations/pc_sfifo_3.cil+token_ring.07.cil-2.yml	false	ERROR (solver error, after parsing finished)	775.804369874	731.6687620869998	1269.612544	cloud-23979	TIMEOUT	990.676953589	936.4478358289925	1347.239936	cloud-23938
combinations/pc_sfifo_3.cil+token_ring.08.cil-1.yml	true	ERROR (verification stuck, after parsing finished)	881.709766431	826.4473133790016	1196.613632	cloud-24259	TIMEOUT	990.542205333	945.0401938810246	1434.161152	cloud-23980
combinations/pc_sfifo_3.cil+token_ring.08.cil-2.yml	false	ERROR (verification stuck, after parsing finished)	861.623207575	802.8601652200014	1534.009344	cloud-23933	TIMEOUT	990.518301857	936.7723841779807	1275.432960	cloud-23979
combinations/pc_sfifo_3.cil+token_ring.09.cil-1.yml	true	ERROR (solver error, after parsing finished)	786.166974702	737.392742837	1101.295616	cloud-23933	TIMEOUT	990.553163534	934.7941153860011	1164.644352	cloud-23982
combinations/pc_sfifo_3.cil+token_ring.09.cil-2.yml	false	ERROR (solver error, after parsing finished)	792.929172336	740.4637269329978	1437.569024	cloud-23933	TIMEOUT	990.542176739	934.1215483429842	1098.420224	cloud-23938
combinations/pc_sfifo_3.cil+token_ring.10.cil-1.yml	false	ERROR (solver error, after parsing finished)	795.999530905	741.3387904309993	1296.330752	cloud-23979	TIMEOUT	990.544911534	933.035437293991	1275.801600	cloud-23938
combinations/pc_sfifo_3.cil+token_ring.10.cil-2.yml	true	ERROR (solver error, after parsing finished)	800.218307365	745.1026383860008	1296.105472	cloud-23933	TIMEOUT	990.63308345	931.2783825939987	1371.521024	cloud-23933
combinations/pc_sfifo_3.cil+token_ring.11.cil-1.yml	false	TIMEOUT (ERROR (verification stuck, after parsing finished))	905.580992207	846.8091495429999	1536.057344	cloud-23933	TIMEOUT	990.555604603	932.983289722004	1344.339968	cloud-23938
combinations/pc_sfifo_3.cil+token_ring.11.cil-2.yml	true	ERROR (solver error, after parsing finished)	800.07980227	745.4138748360001	1554.571264	cloud-23933	TIMEOUT	990.569455868	936.70017236899	1634.091008	cloud-23979
combinations/pc_sfifo_3.cil+token_ring.12.cil-1.yml	false	ERROR (solver error, after parsing finished)	807.33922886	751.635633736998	2149.335040	cloud-23933	TIMEOUT	990.566331812	927.4489915439917	1823.531008	cloud-23982
combinations/pc_sfifo_3.cil+token_ring.12.cil-2.yml	true	ERROR (solver error, after parsing finished)	807.493728262	750.8976019740003	1789.526016	cloud-23933	TIMEOUT	990.565136352	926.8343450110115	1589.850112	cloud-23938
combinations/pc_sfifo_3.cil+token_ring.13.cil-1.yml	false	TIMEOUT (ERROR (verification stuck, after parsing finished))	955.047028687	892.2081052069989	2332.286976	cloud-24259	TIMEOUT	990.547260338	930.5364320779918	1662.955520	cloud-23980
combinations/pc_sfifo_3.cil+token_ring.13.cil-2.yml	true	TIMEOUT (ERROR (verification stuck, after parsing finished))	936.59878083	869.5788823090043	1856.221184	cloud-24259	TIMEOUT	990.673325102	929.8510615729901	1994.756096	cloud-23980
combinations/pc_sfifo_3.cil+token_ring.14.cil.yml	false	ERROR (solver error, after parsing finished)	801.984808775	748.1281956829989	1764.036608	cloud-23933	TIMEOUT	990.495285239	938.250291022996	1690.230784	cloud-23933
combinations/pc_sfifo_3.cil+token_ring.15.cil.yml	false	ERROR (solver error, after parsing finished)	818.234661713	759.1335774799954	2253.078528	cloud-23933	TIMEOUT	990.488177462	933.9073537740042	2265.493504	cloud-23979
combinations/square_1+soft_float_1-2a.c.cil.yml	false	ERROR (solver error, after parsing finished)	727.418930301	714.4203861089991	1060.966400	cloud-24259	TIMEOUT	990.362961125	975.9541709300247	1307.643904	cloud-23979
combinations/square_1+soft_float_2a.c.cil.yml	false	ERROR (solver error, after parsing finished)	730.46243442	715.8420734329993	1078.878208	cloud-23933	TIMEOUT	990.284334687	976.937254435994	1155.125248	cloud-23980
combinations/square_1+soft_float_3a.c.cil.yml	false	ERROR (solver error, after parsing finished)	728.648682063	714.6174535169994	1078.915072	cloud-23933	TIMEOUT	990.341297044	976.1987959010003	1339.695104	cloud-23979
combinations/square_1+soft_float_4-2a.c.cil.yml	false	ERROR (solver error, after parsing finished)	728.977208479	715.7637549270003	1073.352704	cloud-24259	TIMEOUT	990.377031188	975.5770102169772	1299.742720	cloud-23933
combinations/square_1+soft_float_5a.c.cil.yml	false	ERROR (solver error, after parsing finished)	726.124176559	712.9404826819955	1099.022336	cloud-23979	TIMEOUT	990.342212626	976.5594887409825	1317.163008	cloud-23979
combinations/square_2+soft_float_1-2a.c.cil.yml	false	ERROR (solver error, after parsing finished)	724.957146524	712.7995467600012	1107.374080	cloud-23979	TIMEOUT	990.360628289	974.2635874419939	1121.030144	cloud-23938
combinations/square_2+soft_float_2a.c.cil.yml	false	ERROR (solver error, after parsing finished)	727.687425142	714.9192376969986	1129.783296	cloud-24259	TIMEOUT	990.267262077	977.4596016450087	1140.285440	cloud-23980
combinations/square_2+soft_float_3a.c.cil.yml	false	ERROR (solver error, after parsing finished)	724.477449608	712.531885078999	1173.352448	cloud-23979	TIMEOUT	990.307657694	975.9860699000128	1108.635648	cloud-23980
combinations/square_2+soft_float_4-2a.c.cil.yml	false	ERROR (solver error, after parsing finished)	723.935126967	712.0433484950045	1192.185856	cloud-23979	TIMEOUT	990.299696399	978.0709987260052	1105.055744	cloud-23980
combinations/square_2+soft_float_5a.c.cil.yml	false	ERROR (solver error, after parsing finished)	728.457402236	714.4515456640002	1121.447936	cloud-23933	TIMEOUT	990.336555754	974.0714032649994	1124.823040	cloud-23938
combinations/square_3+soft_float_1-2a.c.cil.yml	false	ERROR (solver error, after parsing finished)	729.293957863	715.7454854030002	1039.486976	cloud-24259	TIMEOUT	990.329101612	975.8886539619998	1328.271360	cloud-23933
combinations/square_3+soft_float_2a.c.cil.yml	false	ERROR (solver error, after parsing finished)	723.204811891	711.9051196519999	1104.982016	cloud-23979	TIMEOUT	990.321768156	975.7274550310103	1118.949376	cloud-23980
combinations/square_3+soft_float_3a.c.cil.yml	false	ERROR (solver error, after parsing finished)	731.097412258	716.1051632770032	1081.339904	cloud-23933	TIMEOUT	990.354636812	974.8208516380109	1127.886848	cloud-23938
combinations/square_3+soft_float_4-2a.c.cil.yml	false	ERROR (solver error, after parsing finished)	721.819178958	711.5147805639999	1130.893312	cloud-23979	TIMEOUT	990.325908432	977.7907937470009	1336.811520	cloud-23979
combinations/square_3+soft_float_5a.c.cil.yml	false	ERROR (solver error, after parsing finished)	725.893521752	714.3304267429994	1096.740864	cloud-24259	TIMEOUT	990.404089034	975.5103589670034	1110.564864	cloud-23938
combinations/square_4+soft_float_1-2a.c.cil.yml	true	ERROR (server error, after parsing finished)	731.746500193	716.9370586139994	1087.918080	cloud-24259	TIMEOUT	990.341201241	976.0288927140064	1133.015040	cloud-23938
combinations/square_4+soft_float_1-3a.c.cil.yml	false	ERROR (solver error, after parsing finished)	730.469939207	715.9552034340013	1085.796352	cloud-24259	TIMEOUT	990.385246372	974.0514342899842	1299.677184	cloud-23933
combinations/square_4+soft_float_2a.c.cil.yml	true	ERROR (solver error, after parsing finished)	726.288564068	713.4548367430034	1126.199296	cloud-23979	TIMEOUT	990.38813233	974.8588816350093	1326.366720	cloud-23933
combinations/square_4+soft_float_3a.c.cil.yml	true	ERROR (solver error, after parsing finished)	730.938953208	715.4178317590013	1086.070784	cloud-23933	TIMEOUT	990.36859378	976.2443920359947	1314.308096	cloud-23979
combinations/square_4+soft_float_4-2a.c.cil.yml	true	ERROR (solver error, after parsing finished)	727.05358677	714.0610545749951	1088.978944	cloud-24259	TIMEOUT	990.340353186	976.417906607996	1122.869248	cloud-23982
combinations/square_4+soft_float_4-3a.c.cil.yml	false	ERROR (solver error, after parsing finished)	728.480735192	715.2590068099962	1083.170816	cloud-24259	TIMEOUT	990.285331889	978.1541092789848	1160.343552	cloud-23982
combinations/square_4+soft_float_5a.c.cil.yml	true	ERROR (solver error, after parsing finished)	721.295563807	710.922737013	1155.817472	cloud-23979	TIMEOUT	990.271805319	978.642868505005	1299.464192	cloud-23980
combinations/square_5+soft_float_1-2a.c.cil.yml	true	ERROR (solver error, after parsing finished)	730.551474147	715.9325642349941	1043.468288	cloud-24259	TIMEOUT	990.359762549	973.1522824419953	1116.704768	cloud-23938
combinations/square_5+soft_float_1-3a.c.cil.yml	false	ERROR (server error, after parsing finished)	725.152445212	712.479062716	1175.896064	cloud-23979	TIMEOUT	990.307325235	977.3435259610123	1297.661952	cloud-23980
combinations/square_5+soft_float_2a.c.cil.yml	true	ERROR (solver error, after parsing finished)	726.60648496	713.5932105249994	1088.315392	cloud-23979	TIMEOUT	990.388379219	976.4718661889783	1350.246400	cloud-23933
combinations/square_5+soft_float_3a.c.cil.yml	true	ERROR (solver error, after parsing finished)	725.853537331	712.6942777820004	1125.056512	cloud-23979	TIMEOUT	990.302151533	974.2087137930212	1149.931520	cloud-23982
combinations/square_5+soft_float_4-2a.c.cil.yml	true	ERROR (solver error, after parsing finished)	727.106010971	713.7746957059999	1078.153216	cloud-23933	TIMEOUT	990.312866215	974.9914923199976	1315.766272	cloud-23933
combinations/square_5+soft_float_4-3a.c.cil.yml	false	ERROR (solver error, after parsing finished)	729.494668956	714.8056950590035	1038.807040	cloud-23933	TIMEOUT	990.296726791	975.198651189974	1090.998272	cloud-23980
combinations/square_5+soft_float_5a.c.cil.yml	true	ERROR (solver error, after parsing finished)	729.288596259	715.6673654799997	1033.240576	cloud-24259	TIMEOUT	990.356233561	976.0995924029849	1121.300480	cloud-23982
combinations/square_6+soft_float_1-2a.c.cil.yml	true	ERROR (solver error, after parsing finished)	726.167309767	713.9500808779994	1152.155648	cloud-23979	TIMEOUT	990.248393753	977.728427286027	1171.623936	cloud-23980
combinations/square_6+soft_float_1-3a.c.cil.yml	false	ERROR (solver error, after parsing finished)	726.443110275	713.6936946899996	1123.799040	cloud-23979	TIMEOUT	990.36554283	975.6287718159729	1303.912448	cloud-23933
combinations/square_6+soft_float_2a.c.cil.yml	true	ERROR (solver error, after parsing finished)	718.206850877	709.9968582259971	1385.308160	cloud-23939	TIMEOUT	990.316703047	974.2385884959949	1124.028416	cloud-23938
combinations/square_6+soft_float_3a.c.cil.yml	true	ERROR (solver error, after parsing finished)	726.114093626	713.0162509150005	1080.279040	cloud-23933	TIMEOUT	990.353121357	976.7586347179895	1311.899648	cloud-23979
combinations/square_6+soft_float_4-2a.c.cil.yml	true	ERROR (solver error, after parsing finished)	727.462301775	713.8954857540011	1104.240640	cloud-23979	TIMEOUT	990.260049284	975.0989346620045	1108.520960	cloud-23982
combinations/square_6+soft_float_4-3a.c.cil.yml	false	ERROR (solver error, after parsing finished)	724.15403129	712.3983532580023	1125.638144	cloud-23979	TIMEOUT	990.379790918	976.25987793901	1344.536576	cloud-23979
combinations/square_6+soft_float_5a.c.cil.yml	true	ERROR (solver error, after parsing finished)	730.256047657	716.1433083029988	1084.698624	cloud-24259	TIMEOUT	990.383575177	976.021863927017	1316.552704	cloud-23933
combinations/square_7+soft_float_1-2a.c.cil.yml	true	ERROR (solver error, after parsing finished)	724.890531457	712.4382772550016	1318.014976	cloud-23979	TIMEOUT	990.344417432	977.5967372290033	1308.237824	cloud-23941
combinations/square_7+soft_float_1-3a.c.cil.yml	false	ERROR (solver error, after parsing finished)	725.060680717	713.6234702049996	1311.768576	cloud-23979	TIMEOUT	990.397960645	974.0090600459953	1298.587648	cloud-23979
combinations/square_7+soft_float_2a.c.cil.yml	true	ERROR (solver error, after parsing finished)	728.977096753	714.4948116579981	1317.482496	cloud-23979	TIMEOUT	990.350521589	976.7062645950064	1295.224832	cloud-23979
combinations/square_7+soft_float_3a.c.cil.yml	true	ERROR (solver error, after parsing finished)	717.903617889	709.8052367359996	1349.066752	cloud-23939	TIMEOUT	990.303300927	976.7111173360026	1308.217344	cloud-23980
combinations/square_7+soft_float_4-2a.c.cil.yml	true	ERROR (solver error, after parsing finished)	728.669595994	714.5149471719997	1300.856832	cloud-23933	TIMEOUT	990.351153698	976.7995144120068	1301.286912	cloud-23982
combinations/square_7+soft_float_4-3a.c.cil.yml	false	ERROR (solver error, after parsing finished)	726.915722594	713.3111924549958	1301.561344	cloud-23979	TIMEOUT	990.290615168	977.609268019005	1327.079424	cloud-23982
combinations/square_7+soft_float_5a.c.cil.yml	true	ERROR (solver error, after parsing finished)	725.771625314	712.9009097540038	1330.642944	cloud-23979	TIMEOUT	990.376574529	975.3673630169942	1290.133504	cloud-23979
combinations/square_8+soft_float_1-2a.c.cil.yml	true	ERROR (solver error, after parsing finished)	724.979965283	712.6643697700019	1298.690048	cloud-23979	TIMEOUT	990.33540795	974.8034119980002	1333.071872	cloud-23938
combinations/square_8+soft_float_1-3a.c.cil.yml	false	ERROR (solver error, after parsing finished)	722.784110255	712.0129006420001	1311.330304	cloud-23979	TIMEOUT	990.330282316	978.4805409190012	1306.570752	cloud-23980
combinations/square_8+soft_float_2a.c.cil.yml	true	ERROR (solver error, after parsing finished)	727.506327723	714.0075840340069	1113.759744	cloud-23933	TIMEOUT	990.399095289	973.8498583880137	1352.486912	cloud-23938
combinations/square_8+soft_float_3a.c.cil.yml	true	ERROR (server error, after parsing finished)	727.760237239	714.4894757119982	1054.617600	cloud-24259	TIMEOUT	990.39849762	975.6916709780053	1352.888320	cloud-23979
combinations/square_8+soft_float_4-2a.c.cil.yml	true	ERROR (solver error, after parsing finished)	728.596557009	714.5167356810052	1052.078080	cloud-23933	TIMEOUT	990.351626789	976.3862379839993	1307.127808	cloud-23933
combinations/square_8+soft_float_4-3a.c.cil.yml	false	ERROR (solver error, after parsing finished)	726.884547873	713.7718178529976	1307.869184	cloud-23979	TIMEOUT	990.300221114	974.6821362450137	1110.745088	cloud-23982
combinations/square_8+soft_float_5a.c.cil.yml	true	ERROR (solver error, after parsing finished)	728.851910444	715.0761800089967	1156.775936	cloud-24259	TIMEOUT	990.288987111	976.1293884199986	1323.503616	cloud-23933
eca-rers2012/Problem03_label00.yml	true	true	822.139468952	775.3147732939999	2730.213376	cloud-23933	TIMEOUT (true)	958.677222188	904.6497831940069	2683.465728	cloud-23938
eca-rers2012/Problem03_label04.yml	true	ERROR (solver error, after parsing finished)	848.1229637	799.3811576260014	3393.757184	cloud-23933	TIMEOUT	990.821642886	930.5542394220247	3215.327232	cloud-23982
eca-rers2012/Problem03_label06.yml	true	ERROR (solver error, after parsing finished)	852.310895406	801.2445325580047	3377.065984	cloud-23933	TIMEOUT	990.778778321	936.8971006259962	2814.234624	cloud-23982
eca-rers2012/Problem03_label08.yml	true	ERROR (solver error, after parsing finished)	851.868159739	804.0325198589999	2976.882688	cloud-23933	TIMEOUT	990.678516074	941.1704529330018	2870.726656	cloud-23980
eca-rers2012/Problem03_label10.yml	true	ERROR (solver error, after parsing finished)	832.683361965	783.5601065709998	3562.090496	cloud-23933	TIMEOUT	990.773201001	940.4497756630008	2847.899648	cloud-23979
eca-rers2012/Problem03_label11.yml	true	ERROR (solver error, after parsing finished)	829.07856717	778.2825406480006	3108.085760	cloud-23933	TIMEOUT	990.694773791	935.3617508950119	3094.384640	cloud-23933
eca-rers2012/Problem03_label14.yml	true	ERROR (solver error, after parsing finished)	864.058708608	814.6227752350023	2825.031680	cloud-23933	TIMEOUT	990.924144191	933.762815833994	3549.478912	cloud-23938
eca-rers2012/Problem03_label16.yml	true	TIMEOUT (ERROR (inner timeout, after parsing finished))	976.673991091	940.4776867089968	3066.548224	cloud-23939	TIMEOUT	990.643250934	936.7280225389986	2950.303744	cloud-23979
eca-rers2012/Problem03_label17.yml	true	TIMEOUT (true)	952.207325399	899.6831002259996	3010.322432	cloud-23979	TIMEOUT	990.79118575	935.456415032997	3110.821888	cloud-23933
eca-rers2012/Problem03_label22.yml	true	ERROR (solver error, after parsing finished)	863.271108593	807.7257403600015	2725.949440	cloud-24259	TIMEOUT	990.67172596	945.0342365170072	2819.407872	cloud-23980
eca-rers2012/Problem03_label23.yml	true	ERROR (solver error, after parsing finished)	883.340105157	816.4623595470002	2923.696128	cloud-24259	TIMEOUT	990.807894457	931.5279360649874	2991.026176	cloud-23982
eca-rers2012/Problem03_label24.yml	true	ERROR (solver error, after parsing finished)	815.274608572	769.7108959000034	2727.669760	cloud-23979	TIMEOUT	990.626169796	939.6452262439998	3061.579776	cloud-23980
eca-rers2012/Problem03_label30.yml	true	ERROR (solver error, after parsing finished)	813.169466445	771.4566523929971	3251.019776	cloud-23979	TIMEOUT	990.603898375	945.1987690139795	2733.662208	cloud-23979
eca-rers2012/Problem03_label33.yml	true	ERROR (solver error, after parsing finished)	863.78681806	808.2092184800058	2794.102784	cloud-23933	TIMEOUT	990.775522732	929.2868824519974	2850.119680	cloud-23982
eca-rers2012/Problem03_label34.yml	true	ERROR (solver error, after parsing finished)	815.877161023	771.6203638750012	2754.392064	cloud-23979	TIMEOUT	990.7742576	939.7496709150146	3044.331520	cloud-23982
eca-rers2012/Problem03_label35.yml	false	TIMEOUT (false(unreach-call))	914.452076825	850.0189106360049	3653.562368	cloud-23933	false(unreach-call)	755.84359041	698.2548685840156	3357.130752	cloud-23979
eca-rers2012/Problem03_label37.yml	false	false(unreach-call)	809.312200288	770.9642166039994	2990.075904	cloud-23943	TIMEOUT	990.799464017	942.4976733679941	3052.609536	cloud-23979
eca-rers2012/Problem03_label39.yml	false	ERROR (solver error, after parsing finished)	858.988764457	804.0080136059987	2836.955136	cloud-23933	TIMEOUT	990.720189932	943.096815094992	3013.013504	cloud-23933
eca-rers2012/Problem03_label44.yml	true	TIMEOUT (true)	959.676613329	906.6975568560001	3146.584064	cloud-23979	true	836.299941083	787.1195522900089	3163.635712	cloud-23941
eca-rers2012/Problem03_label45.yml	false	ERROR (solver error, after parsing finished)	875.339459964	822.1654008920013	2744.643584	cloud-24259	TIMEOUT	990.854397817	934.4593424570048	3999.326208	cloud-23938
eca-rers2012/Problem03_label46.yml	true	ERROR (solver error, after parsing finished)	807.11478525	762.6596681680021	2879.913984	cloud-23979	TIMEOUT	990.643547363	936.5833958010189	2836.492288	cloud-23938
eca-rers2012/Problem03_label47.yml	true	ERROR (solver error, after parsing finished)	840.988292768	793.7832321609999	2651.484160	cloud-23933	TIMEOUT	990.563791944	943.5321228360117	2828.640256	cloud-23933
eca-rers2012/Problem03_label48.yml	true	ERROR (solver error, after parsing finished)	850.177506641	802.5965835949974	2697.539584	cloud-24259	TIMEOUT	990.764536062	944.1084997770085	2865.356800	cloud-23933
eca-rers2012/Problem03_label49.yml	true	ERROR (solver error, after parsing finished)	815.501722598	768.4583538129991	3310.694400	cloud-23979	TIMEOUT	990.737359115	941.0246660849953	3066.380288	cloud-23979
eca-rers2012/Problem03_label51.yml	true	TIMEOUT (ERROR (verification stuck, after parsing finished))	974.287826008	918.0243965350005	3653.259264	cloud-23979	TIMEOUT	990.707492804	934.2292458759912	3300.425728	cloud-23933
eca-rers2012/Problem03_label52.yml	false	ERROR (solver error, after parsing finished)	861.628789078	809.3006175010014	2804.269056	cloud-23933	TIMEOUT	990.618232998	946.6357238119817	2754.392064	cloud-23980
eca-rers2012/Problem03_label53.yml	true	true	739.49518047	703.9364603799986	3407.015936	cloud-23939	TIMEOUT	990.643250479	936.3832353450125	2990.141440	cloud-23980
eca-rers2012/Problem03_label56.yml	true	ERROR (solver error, after parsing finished)	851.088441642	803.9198644639982	2490.875904	cloud-23979	TIMEOUT	990.749662564	930.9600350249966	3446.669312	cloud-23982
eca-rers2012/Problem03_label59.yml	true	ERROR (solver error, after parsing finished)	866.50798578	817.0920028730034	2761.670656	cloud-24259	TIMEOUT	990.704340878	939.0500834550185	3208.314880	cloud-23938
eca-rers2012/Problem04_label00.yml	true	TIMEOUT (ERROR (solver error, after parsing finished))	954.504017369	876.3063812749997	6876.102656	cloud-23979	TIMEOUT	991.320283964	915.914221664978	6755.401728	cloud-23933
eca-rers2012/Problem04_label01.yml	true	TIMEOUT (ERROR (solver error, after parsing finished))	975.117722305	888.7576639690014	7837.270016	cloud-24259	TIMEOUT	991.160589739	910.9983395829913	7498.166272	cloud-23933
eca-rers2012/Problem04_label03.yml	true	TIMEOUT (ERROR (solver error, after parsing finished))	979.617751501	895.976288672	6945.300480	cloud-23933	TIMEOUT	991.269820187	904.9710895640019	6643.159040	cloud-23982
eca-rers2012/Problem04_label06.yml	false	ERROR (solver error, after parsing finished)	872.323513806	808.9789665870048	6971.142144	cloud-23944	TIMEOUT	991.501039942	903.663386818982	7104.077824	cloud-23982
eca-rers2012/Problem04_label07.yml	true	TIMEOUT (ERROR (solver error, after parsing finished))	907.750674307	837.5213284249985	6868.213760	cloud-24261	TIMEOUT	990.989057158	901.4850693040062	6849.585152	cloud-23982
eca-rers2012/Problem04_label09.yml	false	TIMEOUT (ERROR (solver error, after parsing finished))	922.841939093	847.4241197439987	7246.155776	cloud-23979	TIMEOUT	991.46565882	897.7226435250195	6969.839616	cloud-23982
eca-rers2012/Problem04_label10.yml	true	TIMEOUT (ERROR (solver error, after parsing finished))	910.700927682	842.0392153529974	6831.009792	cloud-23979	TIMEOUT	991.396634513	907.5650234539935	6944.894976	cloud-23979
eca-rers2012/Problem04_label12.yml	false	TIMEOUT (ERROR (solver error, after parsing finished))	900.147870387	830.1513425249941	6868.905984	cloud-23979	TIMEOUT	991.283082956	916.5195543000009	7623.053312	cloud-23982
eca-rers2012/Problem04_label14.yml	false	ERROR (solver error, after parsing finished)	871.828720472	812.0553946860018	6763.827200	cloud-23943	TIMEOUT	991.114229968	905.3264559770178	7041.269760	cloud-23980
eca-rers2012/Problem04_label19.yml	false	TIMEOUT (ERROR (solver error, after parsing finished))	932.453074676	859.6329182890004	6657.101824	cloud-23979	TIMEOUT	991.381682542	899.184635364014	7449.669632	cloud-23938
eca-rers2012/Problem04_label21.yml	true	TIMEOUT (ERROR (solver error, after parsing finished))	908.061922431	839.6318276149977	6824.292352	cloud-24261	TIMEOUT	991.148046254	912.7660067389952	7442.419712	cloud-23979
eca-rers2012/Problem04_label22.yml	true	TIMEOUT (ERROR (solver error, after parsing finished))	974.950126592	900.311773458001	6617.784320	cloud-23979	TIMEOUT	991.155518376	909.4445862149878	7592.910848	cloud-23980
eca-rers2012/Problem04_label23.yml	true	ERROR (solver error, after parsing finished)	883.941630542	820.3564504949973	7836.827648	cloud-23939	TIMEOUT	991.314000997	897.0434971200011	6913.839104	cloud-23938
eca-rers2012/Problem04_label24.yml	true	TIMEOUT (ERROR (solver error, after parsing finished))	983.739981273	904.460826802002	7446.585344	cloud-23933	TIMEOUT	991.280503954	899.8241169340035	6747.807744	cloud-23938
eca-rers2012/Problem04_label26.yml	false	TIMEOUT (ERROR (solver error, after parsing finished))	956.150139249	882.7813758560005	6775.259136	cloud-23979	TIMEOUT	991.21505061	912.4792363930028	6731.730944	cloud-23980
eca-rers2012/Problem04_label28.yml	true	TIMEOUT (ERROR (solver error, after parsing finished))	943.928347096	872.2556627020003	6614.171648	cloud-23979	TIMEOUT	991.118504339	912.1700569299865	7533.506560	cloud-23980
eca-rers2012/Problem04_label29.yml	true	TIMEOUT (ERROR (solver error, after parsing finished))	970.550180256	881.4981018370001	6973.370368	cloud-23933	TIMEOUT	991.229598507	917.7774692819803	6889.811968	cloud-23933
eca-rers2012/Problem04_label30.yml	true	TIMEOUT (ERROR (solver error, after parsing finished))	952.78196438	874.6872586059981	7383.879680	cloud-23979	TIMEOUT	991.048238831	912.4321199489932	7341.391872	cloud-23938
eca-rers2012/Problem04_label32.yml	false	TIMEOUT (ERROR (solver error, after parsing finished))	930.629196921	855.2727802500012	7278.575616	cloud-23979	TIMEOUT	990.773422157	929.715905791003	6875.373568	cloud-23944
eca-rers2012/Problem04_label35.yml	false	TIMEOUT (ERROR (solver error, after parsing finished))	908.105137832	838.3842652050007	7723.126784	cloud-24261	TIMEOUT	991.200996222	898.0532958560216	6969.921536	cloud-23982
eca-rers2012/Problem04_label36.yml	false	TIMEOUT (ERROR (solver error, after parsing finished))	939.167842047	866.1387658789972	6661.345280	cloud-23979	TIMEOUT	991.184847853	913.0072498669906	6885.818368	cloud-23979
eca-rers2012/Problem04_label37.yml	true	ERROR (solver error, after parsing finished)	876.942144374	813.2707244389967	6888.263680	cloud-23939	TIMEOUT	991.206647247	918.2104989170039	6833.336320	cloud-23979
eca-rers2012/Problem04_label40.yml	false	TIMEOUT (ERROR (solver error, after parsing finished))	916.499155766	844.345253517	6599.372800	cloud-24261	TIMEOUT	991.212151449	902.1928819799796	6656.925696	cloud-23982
eca-rers2012/Problem04_label42.yml	true	ERROR (solver error, after parsing finished)	899.773151059	830.671959572006	7089.053696	cloud-23942	TIMEOUT	991.090777376	907.9205766179948	6938.898432	cloud-23938
eca-rers2012/Problem04_label44.yml	true	ERROR (solver error, after parsing finished)	898.662071865	826.3085240600049	7180.865536	cloud-23979	TIMEOUT	991.177149856	906.7688147079898	7627.173888	cloud-23980
eca-rers2012/Problem04_label45.yml	false	TIMEOUT (ERROR (solver error, after parsing finished))	922.655115221	845.6180747850012	7077.711872	cloud-24261	TIMEOUT	991.259291696	910.9756325749913	6957.985792	cloud-23979
eca-rers2012/Problem04_label46.yml	true	TIMEOUT (ERROR (solver error, after parsing finished))	925.982274857	850.8987837789973	6907.375616	cloud-23933	TIMEOUT	991.030013597	916.2325868909829	7116.349440	cloud-23939
eca-rers2012/Problem04_label48.yml	true	TIMEOUT (ERROR (solver error, after parsing finished))	916.126898773	842.9675302859978	7156.097024	cloud-24261	TIMEOUT	991.638388312	910.4714527220058	6636.232704	cloud-23982
eca-rers2012/Problem04_label52.yml	false	TIMEOUT (ERROR (solver error, after parsing finished))	944.164883139	864.4288651589995	6978.506752	cloud-23979	TIMEOUT	991.379214877	913.4977059520024	7312.515072	cloud-23980
eca-rers2012/Problem04_label54.yml	true	TIMEOUT (ERROR (solver error, after parsing finished))	919.762909175	837.5578665770008	7055.024128	cloud-23979	TIMEOUT	991.142730618	917.8444679579989	7087.345664	cloud-23941
eca-rers2012/Problem06_label07.yml	true	TIMEOUT	991.590440401	899.2213729119976	14812.147712	cloud-24261	OUT OF MEMORY	291.515071099	250.34684409201145	15000.166400	cloud-23942
eca-rers2012/Problem06_label08.yml	true	OUT OF MEMORY	456.36978432	385.0697175000023	15000.178688	cloud-23940	TIMEOUT	991.941550665	904.0955629500095	14975.000576	cloud-23980
eca-rers2012/Problem06_label09.yml	false	TIMEOUT	991.714206748	898.8083634769973	14948.560896	cloud-24261	OUT OF MEMORY	816.212151947	731.4532455269946	15000.043520	cloud-23980
eca-rers2012/Problem06_label13.yml	true	TIMEOUT	992.466358952	889.688827017002	14733.430784	cloud-24259	OUT OF MEMORY	416.264974347	348.68613235701923	15000.043520	cloud-23982
eca-rers2012/Problem06_label14.yml	true	TIMEOUT	991.367940143	911.1396566059993	14931.603456	cloud-23942	OUT OF MEMORY	364.739510452	306.91704997900524	15000.039424	cloud-23933
eca-rers2012/Problem06_label20.yml	false	TIMEOUT	991.314911087	922.6031151139978	14982.414336	cloud-23943	OUT OF MEMORY	365.673207119	312.62836779200006	15000.039424	cloud-23938
eca-rers2012/Problem06_label22.yml	true	TIMEOUT	991.317104605	905.4775034659999	14680.211456	cloud-23979	OUT OF MEMORY	350.036277123	294.6478254920221	15000.039424	cloud-23933
eca-rers2012/Problem06_label27.yml	false	OUT OF MEMORY	441.035424984	374.01547502500034	15000.051712	cloud-24261	TIMEOUT	911.783267873	818.8982834540075	15000.035328	cloud-23933
eca-rers2012/Problem06_label29.yml	false	TIMEOUT	991.409495039	909.0196344599972	14928.912384	cloud-23941	OUT OF MEMORY	306.597977988	265.3898514719913	15000.158208	cloud-23940
eca-rers2012/Problem06_label34.yml	true	OUT OF MEMORY	266.251379783	229.627442832003	15000.178688	cloud-23943	TIMEOUT	992.047767933	898.2720858810062	14704.037888	cloud-23982
eca-rers2012/Problem06_label40.yml	true	TIMEOUT	991.424995302	910.9033167870002	14795.415552	cloud-23979	OUT OF MEMORY	280.201365524	234.3666039609816	15000.158208	cloud-23942
eca-rers2012/Problem06_label44.yml	false	OUT OF MEMORY	278.27775665	239.88392416299757	15000.174592	cloud-23940	TIMEOUT	991.698299441	908.734625498997	14956.216320	cloud-23979
eca-rers2012/Problem06_label52.yml	true	TIMEOUT	992.000963132	890.0507244889959	14982.815744	cloud-23979	OUT OF MEMORY	441.243774012	382.88281450999784	15000.043520	cloud-23938
eca-rers2012/Problem06_label54.yml	true	OUT OF MEMORY	370.263805867	319.46620555899426	15000.055808	cloud-24261	TIMEOUT	983.276609478	892.5598399789887	15000.043520	cloud-23979
eca-rers2012/Problem06_label55.yml	true	TIMEOUT	991.651398135	909.6275080940031	14999.502848	cloud-24261	OUT OF MEMORY	413.73110592	361.1571082279843	15000.043520	cloud-23982
eca-rers2012/Problem06_label57.yml	true	TIMEOUT	991.191709262	919.8948463990018	14129.496064	cloud-23941	OUT OF MEMORY	311.127127113	265.55373225800577	15000.162304	cloud-23939
eca-rers2012/Problem10_label12.yml	false	TIMEOUT (false(unreach-call))	953.773231856	918.1701760180003	1611.927552	cloud-23933	TIMEOUT	990.451227617	958.3386610939924	1522.089984	cloud-23979
eca-rers2012/Problem10_label28.yml	false	false(unreach-call)	463.317100069	427.60676863499975	1579.933696	cloud-23979	TIMEOUT	990.386615148	962.7148251000035	1915.080704	cloud-23940
eca-rers2012/Problem10_label29.yml	false	ERROR (solver error, after parsing finished)	753.613395557	723.4479559760002	1590.820864	cloud-23979	TIMEOUT	990.47417022	958.6565543659963	1527.324672	cloud-23933
eca-rers2012/Problem10_label40.yml	true	ERROR (solver error, after parsing finished)	754.855897531	725.032458447	1573.011456	cloud-23933	TIMEOUT	990.470294043	957.613413212006	1780.097024	cloud-23933
eca-rers2012/Problem10_label43.yml	true	ERROR (solver error, after parsing finished)	746.211827385	722.8373781480004	1412.870144	cloud-23933	TIMEOUT	990.466896043	966.7382777199964	1598.218240	cloud-23979
eca-rers2012/Problem10_label45.yml	true	ERROR (solver error, after parsing finished)	742.218077011	721.528374689	1766.715392	cloud-23979	TIMEOUT	990.457563702	963.4945723749988	1409.556480	cloud-23938
eca-rers2012/Problem10_label49.yml	true	ERROR (solver error, after parsing finished)	757.426898507	725.4832610869998	1414.311936	cloud-23933	TIMEOUT	990.467023695	957.6717589990003	1575.276544	cloud-23980
eca-rers2012/Problem10_label50.yml	false	ERROR (solver error, after parsing finished)	753.896435473	722.8482876690032	1494.761472	cloud-23979	TIMEOUT	990.457731611	959.0046979490144	1871.687680	cloud-23980
eca-rers2012/Problem10_label56.yml	true	ERROR (solver error, after parsing finished)	746.975459506	720.105166369	1344.983040	cloud-23933	TIMEOUT	990.534406343	955.8319717620034	1443.827712	cloud-23982
eca-rers2012/Problem10_label59.yml	true	ERROR (solver error, after parsing finished)	759.894308771	727.8380049779989	1390.256128	cloud-23979	TIMEOUT	990.565317957	953.7956051720248	1816.285184	cloud-23938
eca-rers2012/Problem11_label00.yml	false	ERROR (solver error, after parsing finished)	774.7253157	737.0705172739999	2454.151168	cloud-23979	TIMEOUT	990.622378037	952.1808853399998	2343.870464	cloud-23982
eca-rers2012/Problem11_label02.yml	true	ERROR (solver error, after parsing finished)	793.657532925	748.7278698350019	2825.592832	cloud-24259	TIMEOUT	990.631880252	939.875649160007	2617.593856	cloud-23933
eca-rers2012/Problem11_label03.yml	true	ERROR (solver error, after parsing finished)	793.940012056	750.0366324100032	2422.919168	cloud-24259	TIMEOUT	990.728016318	946.8458257119928	2486.206464	cloud-23938
eca-rers2012/Problem11_label05.yml	true	ERROR (solver error, after parsing finished)	783.009789217	741.5858693280006	2838.712320	cloud-23933	TIMEOUT	990.55221386	946.4549384480051	2439.520256	cloud-23980
eca-rers2012/Problem11_label06.yml	true	ERROR (solver error, after parsing finished)	794.818471037	747.292384665001	2387.214336	cloud-23933	TIMEOUT	990.64664749	944.4998574680067	2348.052480	cloud-23938
eca-rers2012/Problem11_label08.yml	false	ERROR (solver error, after parsing finished)	791.383877401	746.0311168099979	2645.827584	cloud-23933	TIMEOUT	990.498485197	954.0598902329803	2524.975104	cloud-23982
eca-rers2012/Problem11_label09.yml	true	ERROR (solver error, after parsing finished)	783.058213041	742.1666680559997	2258.989056	cloud-23933	TIMEOUT	990.595020833	946.4074103739986	2453.983232	cloud-23938
eca-rers2012/Problem11_label11.yml	true	ERROR (solver error, after parsing finished)	785.95084176	743.8846490000005	2152.628224	cloud-23933	TIMEOUT	990.598380538	951.9524945740122	2293.252096	cloud-23980
eca-rers2012/Problem11_label13.yml	true	ERROR (solver error, after parsing finished)	793.878699758	747.7502762650038	2446.327808	cloud-24259	TIMEOUT	990.728929745	946.9966666160035	2444.296192	cloud-23980
eca-rers2012/Problem11_label15.yml	false	ERROR (solver error, after parsing finished)	779.132507663	741.3187011529953	2527.035392	cloud-23933	false(unreach-call)	191.102440288	152.3376953729894	2314.518528	cloud-23980
eca-rers2012/Problem11_label16.yml	true	true	345.992897704	296.6845417559962	2401.042432	cloud-24259	TIMEOUT	990.697013795	946.2722019409994	2502.643712	cloud-23938
eca-rers2012/Problem11_label18.yml	true	ERROR (solver error, after parsing finished)	776.156387317	739.12151171	2600.189952	cloud-23979	TIMEOUT	990.410729876	953.4111488380004	2289.025024	cloud-23982
eca-rers2012/Problem11_label19.yml	true	ERROR (solver error, after parsing finished)	802.047667625	751.836892845	2294.480896	cloud-24259	TIMEOUT	990.489301405	949.4758478760195	2384.527360	cloud-23980
eca-rers2012/Problem11_label20.yml	false	ERROR (solver error, after parsing finished)	796.753447033	751.6690975279998	2539.237376	cloud-23933	TIMEOUT	990.635378134	944.6319349400001	2580.107264	cloud-23982
eca-rers2012/Problem11_label21.yml	true	ERROR (solver error, after parsing finished)	813.331650247	754.8350496300045	2371.747840	cloud-23933	TIMEOUT	990.652122068	937.8989618280029	2372.485120	cloud-23980
eca-rers2012/Problem11_label22.yml	true	ERROR (solver error, after parsing finished)	782.006076729	739.7506637120023	2465.533952	cloud-23933	TIMEOUT	990.586073098	948.536683726008	2608.922624	cloud-23933
eca-rers2012/Problem11_label23.yml	true	ERROR (solver error, after parsing finished)	799.196631639	758.3462778570029	2460.286976	cloud-23979	TIMEOUT	990.605728009	948.0888309830043	2331.967488	cloud-23982
eca-rers2012/Problem11_label24.yml	true	ERROR (solver error, after parsing finished)	763.671471764	728.5178525189986	2287.448064	cloud-23940	TIMEOUT	990.573257019	948.8837603539869	2377.154560	cloud-23933
eca-rers2012/Problem11_label25.yml	true	ERROR (solver error, after parsing finished)	786.076981572	737.8135752710004	2717.155328	cloud-23933	TIMEOUT	990.669331289	943.3447805289761	2494.361600	cloud-23980
eca-rers2012/Problem11_label26.yml	true	ERROR (solver error, after parsing finished)	792.390987444	745.777339813998	2439.495680	cloud-24259	TIMEOUT	990.676837073	943.0925230730209	2393.632768	cloud-23979
eca-rers2012/Problem11_label28.yml	true	ERROR (solver error, after parsing finished)	803.864416385	753.0198732429999	2528.247808	cloud-24259	TIMEOUT	990.544444847	938.9526992359897	2421.948416	cloud-23982
eca-rers2012/Problem11_label29.yml	false	ERROR (solver error, after parsing finished)	775.998156662	737.5555033159981	2679.341056	cloud-23979	TIMEOUT	990.625653383	951.7276944380137	2329.690112	cloud-23979
eca-rers2012/Problem11_label30.yml	true	ERROR (solver error, after parsing finished)	759.136939668	726.446098286	2354.954240	cloud-23942	TIMEOUT	990.580786732	940.4693385610008	2538.487808	cloud-23982
eca-rers2012/Problem11_label31.yml	false	ERROR (solver error, after parsing finished)	768.503726849	735.1516298910028	2195.996672	cloud-23979	TIMEOUT	990.537251018	946.9353732899763	2441.486336	cloud-23980
eca-rers2012/Problem11_label33.yml	true	ERROR (solver error, after parsing finished)	786.477529853	744.0027927819974	2340.945920	cloud-24259	TIMEOUT	990.500457151	946.747599852999	2632.466432	cloud-23933
eca-rers2012/Problem11_label34.yml	false	ERROR (solver error, after parsing finished)	801.127250373	747.5668418269997	2415.403008	cloud-23933	TIMEOUT	990.488986977	946.7564444870222	2363.396096	cloud-23980
eca-rers2012/Problem11_label38.yml	true	ERROR (solver error, after parsing finished)	782.815844413	741.0418182389994	2343.288832	cloud-23933	TIMEOUT	990.574232387	951.5450225319946	2476.539904	cloud-23979
eca-rers2012/Problem11_label39.yml	false	ERROR (solver error, after parsing finished)	759.060900015	727.813560569004	2421.030912	cloud-23940	TIMEOUT	990.590102593	947.9231647569977	2863.280128	cloud-23933
eca-rers2012/Problem11_label40.yml	true	ERROR (solver error, after parsing finished)	794.564122899	748.4393900159994	3154.903040	cloud-23933	TIMEOUT	990.742682515	935.5523552219965	2410.508288	cloud-23938
eca-rers2012/Problem11_label41.yml	true	ERROR (solver error, after parsing finished)	783.753798691	736.1837337590005	2514.804736	cloud-23979	TIMEOUT	990.62843174	936.1053798770008	2432.868352	cloud-23982
eca-rers2012/Problem11_label42.yml	false	ERROR (solver error, after parsing finished)	779.562512381	739.4751694400038	2408.636416	cloud-23979	TIMEOUT	990.656810769	941.2255935349967	2531.819520	cloud-23982
eca-rers2012/Problem11_label43.yml	false	ERROR (solver error, after parsing finished)	830.907024493	790.1688088260053	2470.064128	cloud-23933	TIMEOUT	990.531166237	948.7128947080055	2304.557056	cloud-23979
eca-rers2012/Problem11_label45.yml	true	TIMEOUT (ERROR (inner timeout, after parsing finished))	973.210459831	923.9029151659997	2652.872704	cloud-23979	TIMEOUT	990.660980863	940.7429323370161	2246.148096	cloud-23938
eca-rers2012/Problem11_label46.yml	true	ERROR (solver error, after parsing finished)	793.459788146	749.1919911880004	2306.940928	cloud-23979	TIMEOUT	990.578106449	946.2710772669816	2380.705792	cloud-23979
eca-rers2012/Problem11_label47.yml	true	ERROR (solver error, after parsing finished)	781.882050791	736.3134940890013	2313.715712	cloud-23979	TIMEOUT	990.683285352	940.5179809519905	2498.588672	cloud-23979
eca-rers2012/Problem11_label48.yml	true	ERROR (solver error, after parsing finished)	782.806989606	741.161935098	2356.383744	cloud-23933	TIMEOUT	990.700217078	947.047627500986	2389.831680	cloud-23938
eca-rers2012/Problem11_label49.yml	false	ERROR (solver error, after parsing finished)	777.775664792	740.4725990610004	2292.006912	cloud-23979	TIMEOUT	990.678739328	945.1020140599867	2650.738688	cloud-23982
eca-rers2012/Problem11_label50.yml	true	ERROR (solver error, after parsing finished)	790.388769234	745.5606305790006	2403.573760	cloud-23979	TIMEOUT	990.584007793	945.1708879040089	2321.022976	cloud-23980
eca-rers2012/Problem11_label51.yml	false	ERROR (solver error, after parsing finished)	785.203609472	740.6715573129995	2816.552960	cloud-23979	TIMEOUT	990.551114108	949.4772454669874	2421.866496	cloud-23933
eca-rers2012/Problem11_label52.yml	true	TIMEOUT (ERROR (inner timeout, after parsing finished))	962.431699969	923.5080307030003	2335.506432	cloud-23979	TIMEOUT	990.653303788	943.4737544409872	2265.272320	cloud-23979
eca-rers2012/Problem11_label53.yml	true	ERROR (solver error, after parsing finished)	776.234341613	738.9505926590009	2187.599872	cloud-23979	TIMEOUT	990.562695246	946.5591307530121	2721.329152	cloud-23982
eca-rers2012/Problem11_label54.yml	true	ERROR (solver error, after parsing finished)	804.293541722	753.1621015979981	2326.970368	cloud-24259	TIMEOUT	990.566642984	942.3258340719913	2242.244608	cloud-23979
eca-rers2012/Problem11_label56.yml	true	ERROR (solver error, after parsing finished)	792.793395463	743.3445950530004	2779.398144	cloud-23933	TIMEOUT	990.679496297	946.9054847549996	2457.821184	cloud-23979
eca-rers2012/Problem11_label57.yml	true	ERROR (solver error, after parsing finished)	796.221860045	748.6596725089985	2180.472832	cloud-23933	TIMEOUT	990.48534516	950.5094608729996	2447.126528	cloud-23943
eca-rers2012/Problem11_label59.yml	true	ERROR (solver error, after parsing finished)	777.46659475	738.2137463830004	2707.353600	cloud-23979	TIMEOUT	990.548177114	948.2849740520178	2381.627392	cloud-23980
eca-rers2012/Problem12_label02.yml	true	TIMEOUT (ERROR (solver error, after parsing finished))	967.109653099	889.2855393760037	6933.184512	cloud-24259	TIMEOUT	991.130622724	908.3079498040024	6953.074688	cloud-23933
eca-rers2012/Problem12_label03.yml	false	TIMEOUT (ERROR (solver error, after parsing finished))	966.706247164	877.8675338189996	6976.253952	cloud-23933	TIMEOUT	991.193864334	904.5420700719988	6877.229056	cloud-23933
eca-rers2012/Problem12_label05.yml	true	TIMEOUT (ERROR (solver error, after parsing finished))	936.63037862	858.225779458	7160.745984	cloud-23933	TIMEOUT	991.041683444	911.0413975759875	7310.176256	cloud-23933
eca-rers2012/Problem12_label08.yml	false	ERROR (solver error, after parsing finished)	898.136793764	828.64389295	7028.932608	cloud-23979	TIMEOUT	991.055454087	907.0892682909907	7048.028160	cloud-23982
eca-rers2012/Problem12_label16.yml	true	TIMEOUT (ERROR (solver error, after parsing finished))	941.769474172	818.145636084002	8500.203520	cloud-24261	TIMEOUT	990.9927406	884.5755369029939	6975.545344	cloud-23944
eca-rers2012/Problem12_label19.yml	false	TIMEOUT (ERROR (solver error, after parsing finished))	932.001507816	846.5913657259999	8235.319296	cloud-23933	TIMEOUT	991.182920512	896.1690950359916	7006.179328	cloud-23933
eca-rers2012/Problem12_label22.yml	true	TIMEOUT (ERROR (solver error, after parsing finished))	981.369751846	862.7915002019945	10651.123712	cloud-23979	TIMEOUT	991.063631587	881.0182552830083	7017.091072	cloud-23933
eca-rers2012/Problem12_label30.yml	false	TIMEOUT (ERROR (solver error, after parsing finished))	987.627827022	797.7823128960008	6937.276416	cloud-23941	TIMEOUT	991.725309279	831.8601029349957	7935.074304	cloud-23979
eca-rers2012/Problem12_label34.yml	false	ERROR (solver error, after parsing finished)	879.913805835	788.5340506240027	8926.531584	cloud-23943	TIMEOUT	991.146689562	890.9270988889912	6977.200128	cloud-23979
eca-rers2012/Problem12_label39.yml	false	ERROR (solver error, after parsing finished)	862.474780629	793.2034534640043	7409.156096	cloud-23944	TIMEOUT	991.187671486	903.7124772359966	7066.206208	cloud-23938
eca-rers2012/Problem12_label47.yml	true	TIMEOUT (ERROR (solver error, after parsing finished))	988.998421885	835.4127151249995	7845.527552	cloud-23933	TIMEOUT	992.769516694	831.8287884699821	7865.974784	cloud-23979
eca-rers2012/Problem12_label48.yml	false	ERROR (solver error, after parsing finished)	891.323831004	825.4186909190003	7049.289728	cloud-23979	TIMEOUT	991.433262815	911.1869205769908	7136.894976	cloud-23938
eca-rers2012/Problem12_label50.yml	false	TIMEOUT (ERROR (solver error, after parsing finished))	905.992595551	823.4175554940011	7075.995648	cloud-23979	TIMEOUT	990.919480078	920.5213676849962	7715.635200	cloud-23944
eca-rers2012/Problem12_label52.yml	false	TIMEOUT (ERROR (solver error, after parsing finished))	968.255697932	792.8825388269979	7949.180928	cloud-23940	TIMEOUT	990.932548554	815.8955418720143	6943.019008	cloud-23938
eca-rers2012/Problem12_label56.yml	true	ERROR (solver error, after parsing finished)	889.697656731	819.7359873669999	8330.420224	cloud-24261	TIMEOUT	991.126053624	912.6419055449951	6990.376960	cloud-23933
eca-rers2012/Problem14_label02.yml	false	ERROR (solver error, after parsing finished)	763.39783555	725.4889962219968	1645.535232	cloud-23979	TIMEOUT	990.525035319	946.1841068450012	1650.339840	cloud-23938
eca-rers2012/Problem14_label04.yml	true	ERROR (solver error, after parsing finished)	758.740607796	725.7628638989991	1754.169344	cloud-23979	TIMEOUT	990.432314428	955.619620226993	1505.337344	cloud-23979
eca-rers2012/Problem14_label08.yml	false	ERROR (solver error, after parsing finished)	767.120948359	729.9875026050004	1450.373120	cloud-23933	false(unreach-call)	486.92214695	438.6509529769828	2054.340608	cloud-23982
eca-rers2012/Problem14_label09.yml	true	ERROR (solver error, after parsing finished)	752.726426015	723.7944368349997	1470.902272	cloud-23979	TIMEOUT	990.509331547	948.210632479022	1559.576576	cloud-23982
eca-rers2012/Problem14_label12.yml	false	ERROR (solver error, after parsing finished)	760.882182619	726.550017965	1438.904320	cloud-23979	TIMEOUT	990.483752672	951.6917392169998	1740.365824	cloud-23980
eca-rers2012/Problem14_label13.yml	false	false(unreach-call)	239.142974547	198.98931125100034	2052.165632	cloud-23979	TIMEOUT	990.472017612	952.8783031839994	1643.397120	cloud-23980
eca-rers2012/Problem14_label14.yml	false	ERROR (solver error, after parsing finished)	778.679992499	737.273022115005	1509.466112	cloud-23933	TIMEOUT	990.488849775	953.5342492359923	1581.166592	cloud-23982
eca-rers2012/Problem14_label27.yml	false	ERROR (solver error, after parsing finished)	766.121835715	729.2287020310032	1747.865600	cloud-24259	TIMEOUT	990.38834077	948.4449241469847	1536.106496	cloud-23982
eca-rers2012/Problem14_label45.yml	true	ERROR (solver error, after parsing finished)	770.287377663	729.2493855089997	1730.031616	cloud-23933	TIMEOUT	990.986587139	951.8386686340091	1647.665152	cloud-23982
eca-rers2012/Problem14_label46.yml	true	ERROR (solver error, after parsing finished)	763.39476435	728.5903578110001	1661.628416	cloud-23933	TIMEOUT	990.440592097	959.1678078419936	1766.281216	cloud-23980
eca-rers2012/Problem14_label48.yml	true	ERROR (solver error, after parsing finished)	753.087054884	721.8234641399977	1489.969152	cloud-23944	TIMEOUT	990.503847327	950.8626080169925	1755.914240	cloud-23979
eca-rers2012/Problem14_label51.yml	true	ERROR (solver error, after parsing finished)	776.182800234	736.9019585459973	1541.382144	cloud-23933	TIMEOUT	990.463788006	946.9053641599894	2036.690944	cloud-23982
eca-rers2012/Problem14_label53.yml	true	ERROR (solver error, after parsing finished)	780.189117457	736.7003667889949	1725.591552	cloud-24259	TIMEOUT	990.618051701	943.9228711769974	1802.944512	cloud-23938
eca-rers2012/Problem14_label58.yml	false	ERROR (solver error, after parsing finished)	769.623033855	730.0079943200035	1484.910592	cloud-23933	TIMEOUT	990.468646169	952.0427257660194	1508.458496	cloud-23979
eca-rers2012/Problem15_label00.yml	false	ERROR (solver error, after parsing finished)	861.5111302	799.1324106100001	4367.532032	cloud-23933	TIMEOUT	990.853229146	927.6567655800027	4622.065664	cloud-23938
eca-rers2012/Problem15_label01.yml	true	ERROR (solver error, after parsing finished)	839.966521942	785.3209992400007	4109.000704	cloud-23933	TIMEOUT	990.850561531	943.180830658006	4558.151680	cloud-23979
eca-rers2012/Problem15_label02.yml	false	ERROR (solver error, after parsing finished)	801.273854968	756.8468478930008	3527.634944	cloud-23979	TIMEOUT	990.892480851	934.9677083749848	4388.536320	cloud-23938
eca-rers2012/Problem15_label04.yml	true	ERROR (solver error, after parsing finished)	846.296886959	787.8612549629979	4039.237632	cloud-24259	TIMEOUT	990.976485655	927.4490787719842	3873.173504	cloud-23938
eca-rers2012/Problem15_label06.yml	true	ERROR (solver error, after parsing finished)	788.867155445	746.2931619749988	3471.556608	cloud-23941	TIMEOUT	990.819162644	935.4739575870044	4576.272384	cloud-23980
eca-rers2012/Problem15_label07.yml	false	ERROR (solver error, after parsing finished)	817.936326534	769.4044698570005	4495.532032	cloud-23979	TIMEOUT	990.814296662	920.574570908997	3907.801088	cloud-23982
eca-rers2012/Problem15_label09.yml	false	ERROR (solver error, after parsing finished)	830.820060137	772.6598038280008	4432.920576	cloud-23933	TIMEOUT	990.75594707	933.642629103997	4159.209472	cloud-23980
eca-rers2012/Problem15_label11.yml	true	ERROR (solver error, after parsing finished)	830.519999214	765.2386603359992	3644.121088	cloud-23933	TIMEOUT	990.839653886	921.7578226940241	3890.577408	cloud-23938
eca-rers2012/Problem15_label12.yml	true	ERROR (solver error, after parsing finished)	836.636570999	776.8304148080006	4527.521792	cloud-23933	TIMEOUT	990.809169562	936.8538309769938	4456.562688	cloud-23979
eca-rers2012/Problem15_label13.yml	true	ERROR (solver error, after parsing finished)	821.541902749	768.5700158750005	5113.528320	cloud-23979	TIMEOUT	990.888436415	931.4799821859924	4587.909120	cloud-23980
eca-rers2012/Problem15_label15.yml	false	ERROR (solver error, after parsing finished)	849.827902659	785.9790629080017	3639.177216	cloud-24259	TIMEOUT	990.830311756	930.6048326010059	4478.709760	cloud-23938
eca-rers2012/Problem15_label16.yml	true	ERROR (solver error, after parsing finished)	812.595721682	764.8373526609976	4464.701440	cloud-23979	TIMEOUT	990.782189289	938.5610970639973	4548.313088	cloud-23980
eca-rers2012/Problem15_label17.yml	true	ERROR (solver error, after parsing finished)	818.468682127	762.2361725510018	3851.526144	cloud-23979	TIMEOUT	990.864933868	934.0129623399989	4394.172416	cloud-23933
eca-rers2012/Problem15_label19.yml	true	ERROR (solver error, after parsing finished)	818.137155086	761.7902731680006	4406.603776	cloud-23979	TIMEOUT	990.5131183	917.8466917689948	3430.215680	cloud-23933
eca-rers2012/Problem15_label20.yml	true	ERROR (solver error, after parsing finished)	807.969756104	760.6684139549998	4316.778496	cloud-23979	TIMEOUT	990.692578588	937.4091915470199	3674.509312	cloud-23980
eca-rers2012/Problem15_label21.yml	true	ERROR (solver error, after parsing finished)	844.510215228	780.7316835419988	3968.823296	cloud-23933	TIMEOUT	990.684940659	937.1916582520062	3524.755456	cloud-23933
eca-rers2012/Problem15_label23.yml	false	ERROR (solver error, after parsing finished)	820.680743565	764.6439542519984	4572.151808	cloud-23979	TIMEOUT	990.821863298	931.2807293639926	3689.721856	cloud-23979
eca-rers2012/Problem15_label24.yml	true	ERROR (solver error, after parsing finished)	808.720652938	757.6570923420004	4486.615040	cloud-23979	TIMEOUT	990.822649611	927.7951301969879	3754.041344	cloud-23979
eca-rers2012/Problem15_label25.yml	false	false(unreach-call)	769.143413236	706.0411770480001	3813.101568	cloud-23979	TIMEOUT	991.525722378	911.4188140369952	3790.123008	cloud-23982
eca-rers2012/Problem15_label26.yml	true	ERROR (solver error, after parsing finished)	827.831070348	769.8219873350026	4703.711232	cloud-23979	TIMEOUT	990.806563298	928.812120129005	3974.987776	cloud-23980
eca-rers2012/Problem15_label27.yml	true	ERROR (solver error, after parsing finished)	784.64464964	744.6285122580011	4629.184512	cloud-23943	TIMEOUT	990.60410893	940.7958726089855	3786.870784	cloud-23941
eca-rers2012/Problem15_label29.yml	false	ERROR (solver error, after parsing finished)	841.569131204	773.3703264939995	4319.137792	cloud-23933	TIMEOUT	990.796317399	930.6353665479983	4018.774016	cloud-23980
eca-rers2012/Problem15_label31.yml	true	TIMEOUT (true)	951.936360756	887.1719717300002	3869.216768	cloud-23979	TIMEOUT	991.188043688	918.719161652989	4496.551936	cloud-23982
eca-rers2012/Problem15_label35.yml	true	ERROR (solver error, after parsing finished)	821.102093891	766.2876809720037	3971.387392	cloud-23979	TIMEOUT	990.716424724	931.5500604279805	3641.163776	cloud-23980
eca-rers2012/Problem15_label36.yml	true	ERROR (solver error, after parsing finished)	835.468470926	774.5662995590028	4351.303680	cloud-24259	TIMEOUT	990.871521391	932.3180620149942	4346.036224	cloud-23979
eca-rers2012/Problem15_label37.yml	false	ERROR (solver error, after parsing finished)	822.633532833	765.2706161509996	3387.637760	cloud-23979	TIMEOUT	990.694046631	933.0817011400068	3570.823168	cloud-23979
eca-rers2012/Problem15_label39.yml	false	ERROR (solver error, after parsing finished)	836.036570311	783.5177033479995	4115.808256	cloud-23933	TIMEOUT	990.729980935	951.4251770570118	4356.759552	cloud-23980
eca-rers2012/Problem15_label40.yml	false	ERROR (solver error, after parsing finished)	807.037841235	761.3891150229974	4081.606656	cloud-23979	TIMEOUT	991.229420466	930.3487041059998	4635.439104	cloud-23938
eca-rers2012/Problem15_label41.yml	false	ERROR (solver error, after parsing finished)	840.112788595	775.1843616400001	4549.165056	cloud-23933	TIMEOUT	990.769579995	934.1203655120044	3659.681792	cloud-23979
eca-rers2012/Problem15_label42.yml	true	ERROR (solver error, after parsing finished)	848.129684051	783.074356117002	3584.929792	cloud-24259	TIMEOUT	990.800301293	940.1146777150279	4585.463808	cloud-23980
eca-rers2012/Problem15_label46.yml	true	ERROR (solver error, after parsing finished)	844.167751434	776.8748036790003	3903.684608	cloud-23933	TIMEOUT	991.098587676	915.3971778969862	4566.945792	cloud-23933
eca-rers2012/Problem15_label48.yml	false	ERROR (solver error, after parsing finished)	834.278809719	776.6223008810002	3628.494848	cloud-23933	TIMEOUT	990.708262957	927.2565922029899	3546.083328	cloud-23933
eca-rers2012/Problem15_label49.yml	true	ERROR (solver error, after parsing finished)	808.024116003	755.463994616	3758.166016	cloud-23979	TIMEOUT	990.730419636	934.8703176369891	4086.693888	cloud-23980
eca-rers2012/Problem15_label52.yml	true	ERROR (solver error, after parsing finished)	821.389188639	766.0292151029998	4001.673216	cloud-23933	TIMEOUT	990.734514478	932.9442107239738	3797.483520	cloud-23979
eca-rers2012/Problem15_label53.yml	true	ERROR (solver error, after parsing finished)	873.093819225	809.5983343330008	4442.910720	cloud-23933	TIMEOUT	990.832909776	928.1711606669996	3481.399296	cloud-23938
eca-rers2012/Problem15_label54.yml	true	ERROR (solver error, after parsing finished)	856.541136074	791.4319127119961	3906.347008	cloud-24259	TIMEOUT	990.986958579	922.9538483950018	4542.107648	cloud-23938
eca-rers2012/Problem15_label56.yml	true	ERROR (solver error, after parsing finished)	831.904919246	772.8253670659979	4450.754560	cloud-23933	TIMEOUT	990.85617678	927.9949160279939	3554.181120	cloud-23938
eca-rers2012/Problem15_label57.yml	true	ERROR (solver error, after parsing finished)	838.740756812	779.814109975996	3435.442176	cloud-24259	TIMEOUT	990.842782894	925.9186624409922	3628.781568	cloud-23979
eca-rers2012/Problem15_label59.yml	true	ERROR (solver error, after parsing finished)	813.662276603	763.8371737249981	3499.728896	cloud-23979	TIMEOUT	990.725991087	939.1604182430019	4147.367936	cloud-23980
eca-rers2012/Problem16_label00.yml	false	ERROR (solver error, after parsing finished)	793.715791732	747.7198486999987	2853.470208	cloud-23979	TIMEOUT	990.817960095	938.6009187720192	3535.790080	cloud-23938
eca-rers2012/Problem16_label01.yml	false	ERROR (solver error, after parsing finished)	822.448151851	768.0733477429994	2934.882304	cloud-23933	TIMEOUT	990.727350919	936.0204102920252	2804.244480	cloud-23980
eca-rers2012/Problem16_label02.yml	true	ERROR (solver error, after parsing finished)	830.15995404	771.1585565920032	2784.366592	cloud-24259	TIMEOUT	990.825462872	934.872914868989	3379.691520	cloud-23938
eca-rers2012/Problem16_label05.yml	false	ERROR (solver error, after parsing finished)	823.036279247	762.3523742589987	3444.375552	cloud-23933	TIMEOUT	990.86579632	921.9789225250133	2968.326144	cloud-23938
eca-rers2012/Problem16_label06.yml	false	ERROR (solver error, after parsing finished)	832.473471164	770.2031692249984	3727.540224	cloud-23933	TIMEOUT	990.784551659	934.7333996670204	3623.002112	cloud-23938
eca-rers2012/Problem16_label13.yml	true	ERROR (solver error, after parsing finished)	816.325441493	757.2092918510025	3718.459392	cloud-23933	TIMEOUT	990.89661867	924.2455304390169	3592.359936	cloud-23938
eca-rers2012/Problem16_label14.yml	false	ERROR (solver error, after parsing finished)	781.142639951	734.9920788690001	2832.101376	cloud-23939	TIMEOUT	990.628579957	937.6602679920034	3025.895424	cloud-23943
eca-rers2012/Problem16_label15.yml	false	TIMEOUT (ERROR (inner timeout, after parsing finished))	981.37161453	926.9595892889997	2902.597632	cloud-23979	TIMEOUT	990.841643536	929.7840495429991	3872.894976	cloud-23980
eca-rers2012/Problem16_label18.yml	false	ERROR (solver error, after parsing finished)	830.757323036	770.6753799150028	3532.890112	cloud-24259	TIMEOUT	990.89369273	927.2036123759754	3624.022016	cloud-23938
eca-rers2012/Problem16_label20.yml	false	ERROR (solver error, after parsing finished)	803.538394229	753.7881046220002	3000.156160	cloud-23979	TIMEOUT	990.726302727	928.9388760599832	3733.348352	cloud-23982
eca-rers2012/Problem16_label21.yml	true	ERROR (solver error, after parsing finished)	821.611746064	759.1086540890028	3920.420864	cloud-23933	TIMEOUT	990.656646519	932.5199560349865	2988.441600	cloud-23933
eca-rers2012/Problem16_label22.yml	false	TIMEOUT (ERROR (inner timeout, after parsing finished))	989.359548039	932.3262416290017	3655.811072	cloud-23979	TIMEOUT	990.785560512	928.9039258729899	3480.518656	cloud-23933
eca-rers2012/Problem16_label26.yml	true	ERROR (solver error, after parsing finished)	817.917755183	757.684089907998	2973.503488	cloud-23933	TIMEOUT	990.908476327	936.4471682480071	3649.019904	cloud-23980
eca-rers2012/Problem16_label29.yml	true	ERROR (solver error, after parsing finished)	819.318625224	758.419904164999	4064.161792	cloud-23933	TIMEOUT	990.756940167	924.7061311729776	2957.438976	cloud-23933
eca-rers2012/Problem16_label30.yml	false	ERROR (solver error, after parsing finished)	812.241899113	757.3872474469972	3743.186944	cloud-23979	TIMEOUT	990.680430817	942.7631982729945	3238.965248	cloud-23979
eca-rers2012/Problem16_label31.yml	false	ERROR (solver error, after parsing finished)	832.579513905	772.0620341629983	3118.022656	cloud-24259	TIMEOUT	990.955996338	929.6524943360128	3611.766784	cloud-23979
eca-rers2012/Problem16_label32.yml	true	ERROR (solver error, after parsing finished)	824.189808629	759.0264586160001	3938.254848	cloud-23933	TIMEOUT	990.979573735	927.2734112349863	3452.006400	cloud-23938
eca-rers2012/Problem16_label33.yml	false	ERROR (solver error, after parsing finished)	833.150632752	768.4346406090044	3262.705664	cloud-23933	TIMEOUT	990.774553799	929.713860562013	2942.722048	cloud-23979
eca-rers2012/Problem16_label34.yml	true	ERROR (solver error, after parsing finished)	841.000123093	772.4040115639996	3085.131776	cloud-23933	TIMEOUT	991.051233373	928.999399762979	3195.961344	cloud-23980
eca-rers2012/Problem16_label35.yml	true	true	848.837547338	797.6204373809996	3753.279488	cloud-23979	TIMEOUT	990.884824743	924.913829846977	3851.485184	cloud-23938
eca-rers2012/Problem16_label36.yml	true	TIMEOUT	990.811934984	926.5978473369978	3514.503168	cloud-23933	TIMEOUT (true)	959.873255543	906.8143464890018	3239.378944	cloud-23933
eca-rers2012/Problem16_label37.yml	false	ERROR (solver error, after parsing finished)	802.707305551	750.5103416510001	3682.435072	cloud-23979	TIMEOUT	990.627157415	936.2802766330133	3798.163456	cloud-23933
eca-rers2012/Problem16_label42.yml	true	ERROR (solver error, after parsing finished)	797.35076559	749.4493918999942	3893.772288	cloud-23979	TIMEOUT	990.834710746	929.2742436769768	3660.513280	cloud-23933
eca-rers2012/Problem16_label43.yml	false	ERROR (solver error, after parsing finished)	821.940021398	763.7232989919994	3825.004544	cloud-23933	TIMEOUT	990.744056474	925.9871423129807	3129.446400	cloud-23938
eca-rers2012/Problem16_label44.yml	false	ERROR (solver error, after parsing finished)	832.518017854	774.5402951329961	3207.499776	cloud-24259	TIMEOUT	990.604645143	941.086158791004	3705.397248	cloud-23933
eca-rers2012/Problem16_label45.yml	true	ERROR (solver error, after parsing finished)	831.672743135	770.7127742619996	3181.019136	cloud-24259	TIMEOUT	990.789820884	931.1033398179861	3747.454976	cloud-23982
eca-rers2012/Problem16_label46.yml	false	ERROR (solver error, after parsing finished)	827.754874306	765.9629048410061	3799.121920	cloud-23933	TIMEOUT	990.711507778	933.9263483899995	3876.196352	cloud-23980
eca-rers2012/Problem16_label49.yml	true	true	384.428798735	324.8671779329961	3077.328896	cloud-24259	TIMEOUT	990.822857213	944.2539042069984	3515.826176	cloud-23979
eca-rers2012/Problem16_label52.yml	false	ERROR (solver error, after parsing finished)	802.944669113	754.6782129980002	3408.429056	cloud-23933	TIMEOUT	990.690141351	928.0736767089984	3179.765760	cloud-23982
eca-rers2012/Problem16_label53.yml	true	ERROR (solver error, after parsing finished)	835.87831228	774.1504026330003	3854.991360	cloud-24259	TIMEOUT	990.903792988	931.4289710870071	3731.628032	cloud-23933
eca-rers2012/Problem16_label54.yml	false	ERROR (solver error, after parsing finished)	818.483009798	761.8999313379973	3239.981056	cloud-24259	TIMEOUT	990.718689058	931.5641954239982	2674.462720	cloud-23979
eca-rers2012/Problem17_label00.yml	true	ERROR (solver error, after parsing finished)	879.727069126	821.9017679800018	4218.630144	cloud-23933	TIMEOUT	991.450808833	933.0209363400063	6291.361792	cloud-23982
eca-rers2012/Problem17_label01.yml	true	ERROR (solver error, after parsing finished)	860.383511612	800.8645333750028	4567.588864	cloud-23933	TIMEOUT	990.819756411	929.4650707220135	5584.994304	cloud-23982
eca-rers2012/Problem17_label02.yml	true	ERROR (solver error, after parsing finished)	841.544164579	786.2258683279997	4370.325504	cloud-23979	TIMEOUT	990.73960749	934.9711687689996	4612.087808	cloud-23933
eca-rers2012/Problem17_label03.yml	true	ERROR (solver error, after parsing finished)	867.65880359	813.1638761110007	4846.559232	cloud-23979	TIMEOUT	990.844344226	933.722268070007	4489.330688	cloud-23979
eca-rers2012/Problem17_label04.yml	false	ERROR (solver error, after parsing finished)	825.124963831	776.0615183720001	4482.060288	cloud-23979	TIMEOUT	990.690118329	946.0454814420082	5137.870848	cloud-23979
eca-rers2012/Problem17_label05.yml	true	ERROR (solver error, after parsing finished)	824.022386641	775.400999022997	4774.715392	cloud-23979	TIMEOUT	990.795117835	935.9150774459995	4460.306432	cloud-23933
eca-rers2012/Problem17_label06.yml	true	ERROR (solver error, after parsing finished)	854.332696601	796.3480766710002	4449.329152	cloud-23933	TIMEOUT	990.792977801	939.0264250779874	4487.528448	cloud-23980
eca-rers2012/Problem17_label07.yml	false	ERROR (solver error, after parsing finished)	853.396696991	790.4161403160033	6373.576704	cloud-23933	TIMEOUT	990.94625579	933.5334784849838	6360.231936	cloud-23979
eca-rers2012/Problem17_label08.yml	true	ERROR (solver error, after parsing finished)	840.966094527	788.9473394220004	5026.574336	cloud-23979	TIMEOUT	990.81099945	928.4002925710229	4483.821568	cloud-23933
eca-rers2012/Problem17_label09.yml	false	ERROR (solver error, after parsing finished)	867.076737536	806.2758592050013	4686.929920	cloud-24259	TIMEOUT	990.85073344	934.7254983620078	4442.136576	cloud-23938
eca-rers2012/Problem17_label10.yml	true	ERROR (solver error, after parsing finished)	874.27998011	805.881413449999	4482.527232	cloud-24259	TIMEOUT	990.778490113	929.2805818489869	4661.846016	cloud-23982
eca-rers2012/Problem17_label11.yml	true	ERROR (solver error, after parsing finished)	843.971751528	788.7657462279967	4476.321792	cloud-23979	TIMEOUT	990.876810311	930.6325468279829	4425.646080	cloud-23980
eca-rers2012/Problem17_label12.yml	true	ERROR (solver error, after parsing finished)	843.599426171	786.921965152	4416.679936	cloud-23933	TIMEOUT	991.085196221	928.944351787999	5585.244160	cloud-23938
eca-rers2012/Problem17_label13.yml	false	ERROR (solver error, after parsing finished)	844.354060271	789.0613072380002	4488.380416	cloud-23933	TIMEOUT	990.867457662	940.544821472984	5285.302272	cloud-23980
eca-rers2012/Problem17_label14.yml	true	ERROR (solver error, after parsing finished)	843.956900692	787.7978529259999	4409.335808	cloud-23933	TIMEOUT	990.870516255	937.7859675450018	4539.932672	cloud-23933
eca-rers2012/Problem17_label15.yml	true	ERROR (solver error, after parsing finished)	862.504950654	801.5861649149992	4531.752960	cloud-24259	TIMEOUT	990.781261657	934.3635808819963	4273.737728	cloud-23938
eca-rers2012/Problem17_label16.yml	false	ERROR (solver error, after parsing finished)	853.87029062	797.2463336619985	5499.355136	cloud-23933	TIMEOUT	991.091318747	929.2590561169782	5648.711680	cloud-23938
eca-rers2012/Problem17_label17.yml	true	ERROR (solver error, after parsing finished)	784.856954022	752.2757184500006	4848.545792	cloud-23939	TIMEOUT	990.820993251	939.0770796060096	4473.102336	cloud-23933
eca-rers2012/Problem17_label18.yml	true	ERROR (solver error, after parsing finished)	821.138458713	775.2527610799989	5031.276544	cloud-23979	TIMEOUT	990.816126519	937.144597542996	4559.351808	cloud-23933
eca-rers2012/Problem17_label19.yml	true	ERROR (solver error, after parsing finished)	883.527540138	811.0065543429955	4749.430784	cloud-24259	TIMEOUT	990.851085593	933.1651424570009	5626.380288	cloud-23982
eca-rers2012/Problem17_label20.yml	false	ERROR (solver error, after parsing finished)	854.861747625	800.0891230739944	4603.944960	cloud-23979	TIMEOUT	990.857790945	937.8587370979949	5284.368384	cloud-23980
eca-rers2012/Problem17_label21.yml	true	ERROR (solver error, after parsing finished)	871.857747276	813.750364032996	4306.849792	cloud-24259	TIMEOUT	990.877120966	932.2868040470057	4195.778560	cloud-23982
eca-rers2012/Problem17_label22.yml	true	ERROR (solver error, after parsing finished)	858.177588262	804.4866440849983	4522.864640	cloud-23933	TIMEOUT	990.822006785	941.3966344369983	4557.107200	cloud-23979
eca-rers2012/Problem17_label23.yml	false	ERROR (solver error, after parsing finished)	872.915427037	803.925028286998	4449.198080	cloud-23933	TIMEOUT	991.245539362	924.8287359029928	5475.692544	cloud-23979
eca-rers2012/Problem17_label24.yml	true	ERROR (solver error, after parsing finished)	849.856797575	790.0879281489979	4669.702144	cloud-24259	TIMEOUT	991.044010908	932.334471596987	4652.269568	cloud-23938
eca-rers2012/Problem17_label25.yml	false	ERROR (solver error, after parsing finished)	844.643779622	794.5816242149958	4514.271232	cloud-23979	TIMEOUT	990.847426186	938.463328044978	4450.598912	cloud-23938
eca-rers2012/Problem17_label26.yml	false	ERROR (solver error, after parsing finished)	845.528477678	787.5184341900022	5592.469504	cloud-24259	TIMEOUT	990.775977658	941.7453579769935	4445.405184	cloud-23979
eca-rers2012/Problem17_label27.yml	true	ERROR (solver error, after parsing finished)	874.105335378	815.631587975	4815.523840	cloud-24259	TIMEOUT	990.882054882	936.460355734016	4664.877056	cloud-23979
eca-rers2012/Problem17_label28.yml	true	ERROR (solver error, after parsing finished)	830.252819955	780.8636726890036	5530.808320	cloud-23979	TIMEOUT	990.81674262	938.3263404800091	4439.240704	cloud-23979
eca-rers2012/Problem17_label29.yml	true	ERROR (solver error, after parsing finished)	864.305536849	804.7754829220066	4704.145408	cloud-24259	TIMEOUT	990.943695274	939.9033837490133	5943.197696	cloud-23979
eca-rers2012/Problem17_label30.yml	false	ERROR (solver error, after parsing finished)	856.458232064	801.791688913996	4863.819776	cloud-24259	TIMEOUT	990.977107253	928.8004068640003	5107.728384	cloud-23938
eca-rers2012/Problem17_label31.yml	false	ERROR (solver error, after parsing finished)	863.87911259	803.6285986450021	4676.734976	cloud-24259	TIMEOUT	990.884320158	937.2719145790034	4519.297024	cloud-23980
eca-rers2012/Problem17_label32.yml	true	ERROR (solver error, after parsing finished)	819.623486725	770.5007092300002	4551.438336	cloud-23979	TIMEOUT	990.873272308	928.7983833960025	4537.905152	cloud-23938
eca-rers2012/Problem17_label33.yml	false	ERROR (solver error, after parsing finished)	868.250096374	805.6667217770009	4409.487360	cloud-23933	TIMEOUT	991.069951688	941.3195856609964	6006.947840	cloud-23980
eca-rers2012/Problem17_label34.yml	false	ERROR (solver error, after parsing finished)	848.891737371	793.9431628379989	4679.733248	cloud-23933	TIMEOUT	990.87162946	936.2569320850016	5489.295360	cloud-23982
eca-rers2012/Problem17_label35.yml	false	ERROR (solver error, after parsing finished)	821.63753237	766.9466407939981	4558.721024	cloud-23979	TIMEOUT	990.80623011	938.5908821339835	4597.092352	cloud-23933
eca-rers2012/Problem17_label36.yml	true	ERROR (solver error, after parsing finished)	861.590126983	796.2899460810004	4933.099520	cloud-23933	TIMEOUT	990.707051554	936.1043213519733	4386.271232	cloud-23980
eca-rers2012/Problem17_label37.yml	false	ERROR (solver error, after parsing finished)	833.251016571	783.3065006659963	5388.324864	cloud-23979	TIMEOUT	990.79677903	938.6049274649995	4351.815680	cloud-23933
eca-rers2012/Problem17_label38.yml	true	ERROR (solver error, after parsing finished)	822.43816956	769.6660262290025	5531.500544	cloud-23979	TIMEOUT	990.879138725	938.3416631660075	4651.884544	cloud-23933
eca-rers2012/Problem17_label39.yml	true	ERROR (solver error, after parsing finished)	869.666866341	803.2909372869981	4436.590592	cloud-23933	TIMEOUT	990.833329547	931.9516487820074	4555.563008	cloud-23938
eca-rers2012/Problem17_label40.yml	false	ERROR (solver error, after parsing finished)	860.408185831	802.0776012770002	4634.054656	cloud-23933	TIMEOUT	991.021873754	933.8993263999873	4332.687360	cloud-23982
eca-rers2012/Problem17_label41.yml	true	ERROR (solver error, after parsing finished)	846.62280609	789.5076678570003	4472.655872	cloud-23933	TIMEOUT	990.988940454	935.8527718279802	4683.726848	cloud-23979
eca-rers2012/Problem17_label42.yml	true	ERROR (solver error, after parsing finished)	864.461170178	805.737705915999	5271.773184	cloud-23933	TIMEOUT	990.804170296	943.3298545939906	4401.717248	cloud-23979
eca-rers2012/Problem17_label43.yml	true	ERROR (solver error, after parsing finished)	839.866615567	779.4546201230005	6239.510528	cloud-23933	TIMEOUT	990.745247306	937.3925121119828	4467.503104	cloud-23980
eca-rers2012/Problem17_label44.yml	true	ERROR (solver error, after parsing finished)	823.477335511	774.3764989639967	4402.229248	cloud-23979	TIMEOUT	990.777787546	940.628368531994	4661.682176	cloud-23933
eca-rers2012/Problem17_label45.yml	true	ERROR (solver error, after parsing finished)	837.490638225	784.0930734870008	4614.733824	cloud-23979	TIMEOUT	990.779575019	937.2550249360211	4672.073728	cloud-23979
eca-rers2012/Problem17_label46.yml	false	ERROR (solver error, after parsing finished)	863.756835115	811.124370497997	4890.005504	cloud-24259	TIMEOUT	990.920859629	937.1380201930006	4475.654144	cloud-23938
eca-rers2012/Problem17_label47.yml	true	ERROR (solver error, after parsing finished)	831.831466212	773.0599110879994	4533.219328	cloud-23979	TIMEOUT	990.7753212	936.735600089014	4384.829440	cloud-23980
eca-rers2012/Problem17_label48.yml	true	ERROR (solver error, after parsing finished)	866.090819655	806.4991740459991	4579.725312	cloud-24259	TIMEOUT	990.96333984	932.1472819269984	4396.150784	cloud-23982
eca-rers2012/Problem17_label49.yml	false	ERROR (solver error, after parsing finished)	891.592469673	829.867492784997	4390.772736	cloud-23933	TIMEOUT	990.802507648	933.4207467039814	4460.888064	cloud-23938
eca-rers2012/Problem17_label50.yml	false	ERROR (solver error, after parsing finished)	825.3677193	775.8906224190005	4227.301376	cloud-23933	TIMEOUT	990.820861934	939.9826628800074	4600.692736	cloud-23980
eca-rers2012/Problem17_label51.yml	true	ERROR (solver error, after parsing finished)	860.488053067	800.7896450920016	5111.304192	cloud-23933	TIMEOUT	991.104554015	926.0289380559989	4443.852800	cloud-23938
eca-rers2012/Problem17_label52.yml	false	ERROR (solver error, after parsing finished)	825.540287452	774.9978569329978	4750.520320	cloud-23979	TIMEOUT	990.828677217	936.5872367970005	4507.598848	cloud-23979
eca-rers2012/Problem17_label53.yml	false	ERROR (solver error, after parsing finished)	843.580093164	786.1319273459958	4476.624896	cloud-24259	TIMEOUT	990.80421146	940.1584400479915	4410.658816	cloud-23979
eca-rers2012/Problem17_label54.yml	false	ERROR (solver error, after parsing finished)	855.815901419	800.3828017120031	4459.253760	cloud-23933	TIMEOUT	990.786794484	934.415174631984	4435.914752	cloud-23938
eca-rers2012/Problem17_label55.yml	false	ERROR (solver error, after parsing finished)	866.078247619	806.162161193999	4510.871552	cloud-24259	TIMEOUT	990.799267298	925.2278104650031	4400.640000	cloud-23933
eca-rers2012/Problem17_label56.yml	true	ERROR (solver error, after parsing finished)	845.076956884	786.6910361990012	4407.795712	cloud-23979	TIMEOUT	990.724229818	938.9896457350114	4616.187904	cloud-23980
eca-rers2012/Problem17_label57.yml	false	ERROR (solver error, after parsing finished)	836.831082369	785.4278736029955	4586.049536	cloud-23979	TIMEOUT	990.762771054	941.7833257429884	4732.092416	cloud-23982
eca-rers2012/Problem17_label58.yml	true	ERROR (solver error, after parsing finished)	828.8965258	781.1910699250002	4510.973952	cloud-23979	TIMEOUT	991.005571456	939.426998838986	4113.481728	cloud-23980
eca-rers2012/Problem17_label59.yml	true	ERROR (solver error, after parsing finished)	835.390862218	778.298269547995	4377.968640	cloud-23979	TIMEOUT	991.044823306	928.3517449609935	4776.079360	cloud-23933
eca-rers2012/Problem18_label01.yml	false	ERROR (solver error, after parsing finished)	881.843658495	801.3846004340012	5626.884096	cloud-23979	TIMEOUT	991.021045149	915.1199112549948	4782.665728	cloud-23980
eca-rers2012/Problem18_label02.yml	true	ERROR (solver error, after parsing finished)	841.178159924	779.6953536350002	5600.608256	cloud-23979	TIMEOUT	992.321644062	867.3463446609967	4726.411264	cloud-23938
eca-rers2012/Problem18_label03.yml	false	ERROR (solver error, after parsing finished)	851.502425954	787.1902341780001	4737.892352	cloud-23979	TIMEOUT	991.141236188	909.5304572599998	4962.189312	cloud-23938
eca-rers2012/Problem18_label04.yml	true	TIMEOUT (ERROR (solver error, after parsing finished))	903.82303381	830.2447863519992	5452.996608	cloud-23933	TIMEOUT	990.946702092	934.514946811978	4802.293760	cloud-23979
eca-rers2012/Problem18_label05.yml	true	ERROR (solver error, after parsing finished)	865.270988118	795.7063722970015	4646.174720	cloud-23979	TIMEOUT	991.251131599	911.1258026089927	5339.713536	cloud-23982
eca-rers2012/Problem18_label07.yml	true	ERROR (solver error, after parsing finished)	890.366735834	813.1907639870005	5870.116864	cloud-24259	TIMEOUT	990.939457643	921.4382443839859	4731.842560	cloud-23980
eca-rers2012/Problem18_label08.yml	false	ERROR (solver error, after parsing finished)	895.933281561	811.6998603859975	5198.422016	cloud-23933	TIMEOUT	991.011616329	920.0147534620191	5957.525504	cloud-23979
eca-rers2012/Problem18_label09.yml	false	ERROR (solver error, after parsing finished)	854.008142511	796.8860845920008	5043.044352	cloud-23979	TIMEOUT	990.839334416	923.619777326996	4976.263168	cloud-23980
eca-rers2012/Problem18_label13.yml	true	ERROR (solver error, after parsing finished)	891.497791914	784.1918937090013	4868.694016	cloud-23979	TIMEOUT	991.367581255	916.5370441529958	5190.184960	cloud-23982
eca-rers2012/Problem18_label14.yml	true	ERROR (solver error, after parsing finished)	827.126693091	773.9033689149946	5220.503552	cloud-23942	TIMEOUT	990.753226694	931.7074914389814	4843.331584	cloud-23979
eca-rers2012/Problem18_label16.yml	true	ERROR (solver error, after parsing finished)	842.518397337	777.1877277659951	4858.179584	cloud-23979	TIMEOUT	991.054281412	919.5359056750021	6349.225984	cloud-23982
eca-rers2012/Problem18_label21.yml	true	ERROR (solver error, after parsing finished)	861.730135803	789.9831854670047	4737.486848	cloud-23979	TIMEOUT	991.174504624	917.9158249149914	6842.150912	cloud-23982
eca-rers2012/Problem18_label24.yml	true	ERROR (solver error, after parsing finished)	884.307329971	805.7387664109992	4744.585216	cloud-24259	TIMEOUT	991.120573394	911.6498261170054	4871.094272	cloud-23933
eca-rers2012/Problem18_label31.yml	false	TIMEOUT (ERROR (solver error, after parsing finished))	913.436668425	832.0266412959973	5395.161088	cloud-24259	TIMEOUT	991.381462428	907.1038240069756	4873.379840	cloud-23979
eca-rers2012/Problem18_label32.yml	false	ERROR (solver error, after parsing finished)	899.275987361	815.3258719950027	5778.612224	cloud-24259	TIMEOUT	991.030306815	914.7547092350142	4865.097728	cloud-23980
eca-rers2012/Problem18_label33.yml	false	ERROR (solver error, after parsing finished)	867.308855666	791.6728690439995	4822.441984	cloud-23979	TIMEOUT	991.028821196	912.8017875719815	4726.124544	cloud-23979
eca-rers2012/Problem18_label34.yml	false	ERROR (solver error, after parsing finished)	879.589352669	796.1338217009979	5072.928768	cloud-23933	TIMEOUT	990.901468318	897.0038027419941	5224.566784	cloud-23944
eca-rers2012/Problem18_label35.yml	false	TIMEOUT (ERROR (solver error, after parsing finished))	915.248108511	813.6149654889996	5470.191616	cloud-23933	TIMEOUT	991.011892164	908.9055833349994	4897.878016	cloud-23938
eca-rers2012/Problem18_label39.yml	false	ERROR (solver error, after parsing finished)	855.345008076	786.3761907450025	4995.985408	cloud-23979	TIMEOUT	991.091229213	906.8956433900166	5289.148416	cloud-23982
eca-rers2012/Problem18_label40.yml	true	ERROR (solver error, after parsing finished)	882.803824092	802.6148012100002	4705.370112	cloud-23933	TIMEOUT	991.03918526	909.9058388969861	4762.877952	cloud-23982
eca-rers2012/Problem18_label42.yml	true	ERROR (solver error, after parsing finished)	893.241933848	809.032856201	4729.909248	cloud-23933	TIMEOUT	990.939545734	908.8578794110217	4873.039872	cloud-23933
eca-rers2012/Problem18_label43.yml	true	TIMEOUT (ERROR (solver error, after parsing finished))	907.21839449	831.3753065860001	5025.955840	cloud-23933	TIMEOUT	990.916321197	919.3541354390036	5143.678976	cloud-23979
eca-rers2012/Problem18_label44.yml	true	ERROR (solver error, after parsing finished)	891.792912713	816.2398299180059	4689.911808	cloud-24259	TIMEOUT	990.928644838	916.1261462880066	4912.668672	cloud-23982
eca-rers2012/Problem18_label45.yml	false	ERROR (solver error, after parsing finished)	865.711345816	795.7547235029997	5986.385920	cloud-23933	TIMEOUT	993.185428562	907.629865016992	4920.180736	cloud-23982
eca-rers2012/Problem18_label46.yml	true	ERROR (solver error, after parsing finished)	851.499861809	784.243046086005	6236.008448	cloud-23979	TIMEOUT	991.191838231	904.5354039550002	4843.782144	cloud-23938
eca-rers2012/Problem18_label47.yml	true	ERROR (solver error, after parsing finished)	872.832243856	805.9462137830005	6298.435584	cloud-23933	TIMEOUT	991.008139631	910.8653641279961	4880.470016	cloud-23933
eca-rers2012/Problem18_label49.yml	false	ERROR (solver error, after parsing finished)	845.475750416	777.5446729489995	5222.862848	cloud-23979	TIMEOUT	991.05274282	910.3245949500124	4828.254208	cloud-23982
eca-rers2012/Problem18_label50.yml	true	ERROR (solver error, after parsing finished)	845.286812976	778.2991492410001	5852.893184	cloud-23979	TIMEOUT	991.069653708	910.5913994420262	5175.083008	cloud-23980
eca-rers2012/Problem18_label51.yml	true	ERROR (solver error, after parsing finished)	896.546178937	813.7073402329988	6497.792000	cloud-23933	TIMEOUT	991.121927911	915.1778791820107	4952.256512	cloud-23979
eca-rers2012/Problem18_label52.yml	false	ERROR (solver error, after parsing finished)	852.337499107	791.1402291180002	4828.573696	cloud-23979	TIMEOUT	991.188877618	917.2141354249907	6147.461120	cloud-23982
eca-rers2012/Problem18_label54.yml	true	ERROR (solver error, after parsing finished)	819.323880679	777.7326943540002	5736.996864	cloud-23940	TIMEOUT	990.828606405	941.5040911319957	5067.591680	cloud-23979
eca-rers2012/Problem18_label55.yml	false	ERROR (solver error, after parsing finished)	852.544093845	780.5549854079982	4781.682688	cloud-23979	TIMEOUT	991.284955373	904.1492427949852	5534.867456	cloud-23938
eca-rers2012/Problem18_label56.yml	true	TIMEOUT (ERROR (solver error, after parsing finished))	903.306451776	787.0053808859993	6331.801600	cloud-23979	TIMEOUT	991.125511069	896.937428884994	4996.341760	cloud-23982
eca-rers2012/Problem18_label57.yml	false	ERROR (solver error, after parsing finished)	883.93270316	809.5555408180007	4990.914560	cloud-23933	TIMEOUT	990.970866545	913.2242205289949	5098.233856	cloud-23938
eca-rers2012/Problem18_label58.yml	true	ERROR (solver error, after parsing finished)	855.822826854	784.5663727020001	5317.623808	cloud-23979	TIMEOUT	990.877798229	922.3651632419787	4893.376512	cloud-23980
eca-rers2012/Problem19_label07.yml	true	TIMEOUT	992.645093087	611.2952249930022	13693.526016	cloud-23979	OUT OF MEMORY	376.925406676	280.7752887979732	15000.047616	cloud-23980
eca-rers2012/Problem19_label11.yml	false	TIMEOUT	991.800336369	602.7926142489999	13800.374272	cloud-23942	OUT OF MEMORY	310.789116676	219.68229425599566	15000.166400	cloud-23942
eca-rers2012/Problem19_label26.yml	false	TIMEOUT	992.034873804	632.251264227	13699.686400	cloud-23979	OUT OF MEMORY	309.490134861	220.27796592001687	15000.043520	cloud-23933
eca-rers2012/Problem19_label28.yml	false	TIMEOUT	992.674378727	618.4211782569982	13749.719040	cloud-23943	OUT OF MEMORY	336.321035214	234.79035739801475	15000.039424	cloud-23938
eca-rers2012/Problem19_label39.yml	true	TIMEOUT	991.512219119	615.3774355810019	13694.500864	cloud-23940	OUT OF MEMORY	340.692417892	239.7951605709968	15000.170496	cloud-23939
eca-rers2012/Problem19_label40.yml	true	TIMEOUT	992.934971874	623.0253176879996	13716.414464	cloud-24261	OUT OF MEMORY	393.771448569	268.5603316670167	15000.047616	cloud-23982
eca-rers2012/Problem19_label47.yml	false	TIMEOUT	992.714133813	627.168565056	13779.165184	cloud-23933	OUT OF MEMORY	358.167436851	254.6960209660174	15000.043520	cloud-23938
eca-rers2018/Problem17.yml	false	OUT OF MEMORY	896.672478998	624.6513386219995	15000.047616	cloud-24261	TIMEOUT	992.432564532	696.4982855400012	12944.101376	cloud-23980
