tools/baseline/theta-start.sh sv-benchmarks/c/loop-new/count_by_2.i --svcomp --portfolio 'PredCart(100, true, true) -> KInd()' --loglevel RESULT --output-directory ./output --property sv-benchmarks/c/properties/unreach-call.prp --architecture ILP32 --memlimit 15000000000


--------------------------------------------------------------------------------


LD_LIBRARY_PATH=/tmp/vcloud_worker_meres_on_bme-233008/run_dir_03cfd6f8-d637-44d3-9931-d2322d183847/tools/baseline/lib /usr/lib/jvm/java-17-openjdk-amd64/bin/java -Xss120m -Xmx14210m -jar /tmp/vcloud_worker_meres_on_bme-233008/run_dir_03cfd6f8-d637-44d3-9931-d2322d183847/tools/baseline/theta.jar --svcomp --portfolio PredCart(100, true, true) -> KInd() --loglevel RESULT --output-directory ./output --property sv-benchmarks/c/properties/unreach-call.prp --architecture ILP32 --memlimit 15000000000 --input sv-benchmarks/c/loop-new/count_by_2.i --smt-home /tmp/vcloud_worker_meres_on_bme-233008/run_dir_03cfd6f8-d637-44d3-9931-d2322d183847/tools/baseline/solvers
Arithmetic: []
ParsingResult Success
Alias graph size: 0 -> []
PARTS: [PredCart(100, true, true), KInd()]
Current configuration: XcfaConfig(inputConfig=InputConfig(inputFile=null, catFile=null, parseCtx=null, xcfaWCtx=present, propertyFile=null, property=ERROR_LOCATION, partialResult=null, frontendConfig=FrontendConfig(lbeLevel=LBE_SEQ, staticCoi=false, loopUnroll=1000, forceUnroll=-1, enableFew=false, inputType=C, specConfig=CFrontendConfig(arithmetic=efficient, architecture=ILP32)), backendConfig=BackendConfig(backend=CEGAR, solverHome=/home/benchexec/.theta, timeoutMs=900000, softTimeoutMs=100000, inProcess=true, parseInProcess=false, inPortfolio=true, memlimit=0, disablePartialResult=false, specConfig=CegarConfig(initPrec=EMPTY, porLevel=NOPOR, porRandomSeed=0, coi=NO_COI, cexMonitor=CHECK, iterationTimeHeuristic=true, abstractorConfig=CegarAbstractorConfig(abstractionSolver=Z3, validateAbstractionSolver=false, domain=PRED_CART, maxEnum=2, search=ERR, havocMemory=false), refinerConfig=CegarRefinerConfig(refinementSolver=Z3, validateRefinementSolver=false, refinement=SEQ_ITP, exprSplitter=CONJUNCTS, pruneStrategy=LAZY))), outputConfig=OutputConfig(versionInfo=false, enableOutput=true, resultFolder=./output/PredCart(100, true, true) -> KInd()/PredCart(100, true, true), acceptUnreliableSafe=false, cOutputConfig=COutputConfig(disable=true, useArr=false, useExArr=false, useRange=false), xcfaOutputConfig=XcfaOutputConfig(disable=true), chcOutputConfig=ChcOutputConfig(disable=true), witnessConfig=WitnessConfig(disable=false, svcomp=true, concretizerSolver=Z3, validateConcretizerSolver=false, inputFileForWitness=null), partialResultOutputConfig=PartialResultOutputConfig(enable=false, tempFileLocation=null), argConfig=ArgConfig(disable=true)), debugConfig=DebugConfig(debug=false, stacktrace=false, logLevel=INFO, argdebug=false, argToFile=false))
PartialResultJson: /dev/shm/partialResult8936119437212378885.json
server: Registered Legacy-Z3 SolverManager
server: Registered Z3 SolverManager
server: Registered JavaSMT SolverManager
server: Registered SMT-LIB SolverManager
server: Successfully loaded LocationInvariants from /dev/shm/partialResult8936119437212378885.json
server: [33m[WARN] LocationInvariants are empty map. Returning null!
server: [0mCEGARCHEKER: (CegarChecker (XcfaArgAbstractor (PriorityWaitlist XcfaDistToErrComparator)) (XcfaSingleExprTraceRefiner ExprTraceSeqItpChecker XcfaPrecRefiner))
server: Configuration: (CegarChecker (XcfaArgAbstractor (PriorityWaitlist XcfaDistToErrComparator)) (XcfaSingleExprTraceRefiner ExprTraceSeqItpChecker XcfaPrecRefiner))
server: TimeoutMs In Cegar:100000
server: Iteration 1
server: | Checking abstraction...
server: |  |  PrecisionSize: 0
server: |  |  (Re)initializing ARG...done
server: |  |  Starting ARG: 1 nodes, 1 incomplete, 0 unsafe
server: |  |  (StopCriterion FirstCex)...
server: |  |  Building ARG...
server: |  |  Finished ARG: 7 nodes, 3 incomplete, 1 unsafe
server: | Checking abstraction done, result: (AbstractorResult Unsafe)
server: | Refining abstraction...
server: |  |  Trace length: 4
server: |  |  Checking trace...done, result: (ExprTraceStatus Infeasible)
server: |  |  Pruning from index 2...done
server: Refining abstraction done, result: (RefinerResult Spurious)
server: ! Precision DID change in this iteration
server: Iteration took 0s to run! 
server: ExplPreictor: Predicted 0.200s, Real 0.289s 
server:               Weight 1.7 -> 1.069498207913373 
server: Iteration 2
server: | Checking abstraction...
server: |  |  PrecisionSize: 1
server: |  |  Starting ARG: 2 nodes, 1 incomplete, 0 unsafe
server: |  |  (StopCriterion FirstCex)...
server: |  |  Building ARG...
server: |  |  Finished ARG: 9 nodes, 3 incomplete, 1 unsafe
server: | Checking abstraction done, result: (AbstractorResult Unsafe)
server: | Refining abstraction...
server: |  |  Trace length: 5
server: |  |  Checking trace...done, result: (ExprTraceStatus Infeasible)
server: |  |  Pruning from index 2...done
server: Refining abstraction done, result: (RefinerResult Spurious)
server: ! Precision DID change in this iteration
server: Iteration took 0s to run! 
server: ExplPreictor: Predicted 0.428s, Real 0.332s 
server:               Weight 1.069498207913373 -> 1.0051358880888088 
server: Iteration 3
server: | Checking abstraction...
server: |  |  PrecisionSize: 3
server: |  |  Starting ARG: 2 nodes, 1 incomplete, 0 unsafe
server: |  |  (StopCriterion FirstCex)...
server: |  |  Building ARG...
server: |  |  Finished ARG: 13 nodes, 3 incomplete, 1 unsafe
server: | Checking abstraction done, result: (AbstractorResult Unsafe)
server: | Refining abstraction...
server: |  |  Trace length: 7
server: |  |  Checking trace...done, result: (ExprTraceStatus Infeasible)
server: |  |  Pruning from index 3...done
server: Refining abstraction done, result: (RefinerResult Spurious)
server: ! Precision DID change in this iteration
server: Iteration took 0s to run! 
server: ExplPreictor: Predicted 0.342s, Real 0.399s 
server:               Weight 1.0051358880888088 -> 1.0127406474812752 
server: Iteration 4
server: | Checking abstraction...
server: |  |  PrecisionSize: 5
server: |  |  Starting ARG: 4 nodes, 1 incomplete, 0 unsafe
server: |  |  (StopCriterion FirstCex)...
server: |  |  Building ARG...
server: |  |  Finished ARG: 17 nodes, 3 incomplete, 1 unsafe
server: | Checking abstraction done, result: (AbstractorResult Unsafe)
server: | Refining abstraction...
server: |  |  Trace length: 9
server: |  |  Checking trace...done, result: (ExprTraceStatus Infeasible)
server: |  |  Pruning from index 3...done
server: Refining abstraction done, result: (RefinerResult Spurious)
server: ! Precision DID change in this iteration
server: Iteration took 0s to run! 
server: ExplPreictor: Predicted 0.431s, Real 0.504s 
server:               Weight 1.0127406474812752 -> 1.0165285197014606 
server: Iteration 5
server: | Checking abstraction...
server: |  |  PrecisionSize: 7
server: |  |  Starting ARG: 4 nodes, 1 incomplete, 0 unsafe
server: |  |  (StopCriterion FirstCex)...
server: |  |  Building ARG...
server: |  |  Finished ARG: 21 nodes, 3 incomplete, 1 unsafe
server: | Checking abstraction done, result: (AbstractorResult Unsafe)
server: | Refining abstraction...
server: |  |  Trace length: 11
server: |  |  Checking trace...done, result: (ExprTraceStatus Infeasible)
server: |  |  Pruning from index 3...done
server: Refining abstraction done, result: (RefinerResult Spurious)
server: ! Precision DID change in this iteration
server: Iteration took 0s to run! 
server: ExplPreictor: Predicted 0.559s, Real 0.591s 
server:               Weight 1.0165285197014606 -> 1.0146600762520461 
server: Iteration 6
server: | Checking abstraction...
server: |  |  PrecisionSize: 9
server: |  |  Starting ARG: 4 nodes, 1 incomplete, 0 unsafe
server: |  |  (StopCriterion FirstCex)...
server: |  |  Building ARG...
server: |  |  Finished ARG: 25 nodes, 3 incomplete, 1 unsafe
server: | Checking abstraction done, result: (AbstractorResult Unsafe)
server: | Refining abstraction...
server: |  |  Trace length: 13
server: |  |  Checking trace...done, result: (ExprTraceStatus Infeasible)
server: |  |  Pruning from index 3...done
server: Refining abstraction done, result: (RefinerResult Spurious)
server: ! Precision DID change in this iteration
server: Iteration took 0s to run! 
server: ExplPreictor: Predicted 0.649s, Real 0.733s 
server:               Weight 1.0146600762520461 -> 1.0155359331015352 
server: Iteration 7
server: | Checking abstraction...
server: |  |  PrecisionSize: 11
server: |  |  Starting ARG: 4 nodes, 1 incomplete, 0 unsafe
server: |  |  (StopCriterion FirstCex)...
server: |  |  Building ARG...
server: |  |  Finished ARG: 29 nodes, 3 incomplete, 1 unsafe
server: | Checking abstraction done, result: (AbstractorResult Unsafe)
server: | Refining abstraction...
server: |  |  Trace length: 15
server: |  |  Checking trace...done, result: (ExprTraceStatus Infeasible)
server: |  |  Pruning from index 3...done
server: Refining abstraction done, result: (RefinerResult Spurious)
server: ! Precision DID change in this iteration
server: Iteration took 0s to run! 
server: ExplPreictor: Predicted 0.812s, Real 0.870s 
server:               Weight 1.0155359331015352 -> 1.0145332401603604 
server: Iteration 8
server: | Checking abstraction...
server: |  |  PrecisionSize: 13
server: |  |  Starting ARG: 4 nodes, 1 incomplete, 0 unsafe
server: |  |  (StopCriterion FirstCex)...
server: |  |  Building ARG...
server: |  |  Finished ARG: 33 nodes, 3 incomplete, 1 unsafe
server: | Checking abstraction done, result: (AbstractorResult Unsafe)
server: | Refining abstraction...
server: |  |  Trace length: 17
server: |  |  Checking trace...done, result: (ExprTraceStatus Infeasible)
server: |  |  Pruning from index 3...done
server: Refining abstraction done, result: (RefinerResult Spurious)
server: ! Precision DID change in this iteration
server: Iteration took 0s to run! 
server: ExplPreictor: Predicted 0.960s, Real 1.019s 
server:               Weight 1.0145332401603604 -> 1.0135255415606215 
server: Iteration 9
server: | Checking abstraction...
server: |  |  PrecisionSize: 15
server: |  |  Starting ARG: 4 nodes, 1 incomplete, 0 unsafe
server: |  |  (StopCriterion FirstCex)...
server: |  |  Building ARG...
server: |  |  Finished ARG: 37 nodes, 3 incomplete, 1 unsafe
server: | Checking abstraction done, result: (AbstractorResult Unsafe)
server: | Refining abstraction...
server: |  |  Trace length: 19
server: |  |  Checking trace...done, result: (ExprTraceStatus Infeasible)
server: |  |  Pruning from index 3...done
server: Refining abstraction done, result: (RefinerResult Spurious)
server: ! Precision DID change in this iteration
server: Iteration took 0s to run! 
server: ExplPreictor: Predicted 1.119s, Real 1.189s 
server:               Weight 1.0135255415606215 -> 1.012751433693982 
server: Iteration 10
server: | Checking abstraction...
server: |  |  PrecisionSize: 17
server: |  |  Starting ARG: 4 nodes, 1 incomplete, 0 unsafe
server: |  |  (StopCriterion FirstCex)...
server: |  |  Building ARG...
server: |  |  Finished ARG: 41 nodes, 3 incomplete, 1 unsafe
server: | Checking abstraction done, result: (AbstractorResult Unsafe)
server: | Refining abstraction...
server: |  |  Trace length: 21
server: |  |  Checking trace...done, result: (ExprTraceStatus Infeasible)
server: |  |  Pruning from index 3...done
server: Refining abstraction done, result: (RefinerResult Spurious)
server: ! Precision DID change in this iteration
server: Iteration took 0s to run! 
server: ExplPreictor: Predicted 1.301s, Real 1.373s 
server:               Weight 1.012751433693982 -> 1.0119769766113398 
server: Iteration 11
server: | Checking abstraction...
server: |  |  PrecisionSize: 19
server: |  |  Starting ARG: 4 nodes, 1 incomplete, 0 unsafe
server: |  |  (StopCriterion FirstCex)...
server: |  |  Building ARG...
server: |  |  Finished ARG: 45 nodes, 3 incomplete, 1 unsafe
server: | Checking abstraction done, result: (AbstractorResult Unsafe)
server: | Refining abstraction...
server: |  |  Trace length: 23
server: |  |  Checking trace...done, result: (ExprTraceStatus Infeasible)
server: |  |  Pruning from index 3...done
server: Refining abstraction done, result: (RefinerResult Spurious)
server: ! Precision DID change in this iteration
server: Iteration took 0s to run! 
server: ExplPreictor: Predicted 1.497s, Real 1.575s 
server:               Weight 1.0119769766113398 -> 1.0112861455637763 
server: Iteration 12
server: | Checking abstraction...
server: |  |  PrecisionSize: 21
server: |  |  Starting ARG: 4 nodes, 1 incomplete, 0 unsafe
server: |  |  (StopCriterion FirstCex)...
server: |  |  Building ARG...
server: |  |  Finished ARG: 49 nodes, 3 incomplete, 1 unsafe
server: | Checking abstraction done, result: (AbstractorResult Unsafe)
server: | Refining abstraction...
server: |  |  Trace length: 25
server: |  |  Checking trace...done, result: (ExprTraceStatus Infeasible)
server: |  |  Pruning from index 3...done
server: Refining abstraction done, result: (RefinerResult Spurious)
server: ! Precision DID change in this iteration
server: Iteration took 0s to run! 
server: ExplPreictor: Predicted 1.711s, Real 1.815s 
server:               Weight 1.0112861455637763 -> 1.0108480811126823 
server: Iteration 13
server: | Checking abstraction...
server: |  |  PrecisionSize: 23
server: |  |  Starting ARG: 4 nodes, 1 incomplete, 0 unsafe
server: |  |  (StopCriterion FirstCex)...
server: |  |  Building ARG...
server: |  |  Finished ARG: 53 nodes, 3 incomplete, 1 unsafe
server: | Checking abstraction done, result: (AbstractorResult Unsafe)
server: | Refining abstraction...
server: |  |  Trace length: 27
server: |  |  Checking trace...done, result: (ExprTraceStatus Infeasible)
server: |  |  Pruning from index 3...done
server: Refining abstraction done, result: (RefinerResult Spurious)
server: ! Precision DID change in this iteration
server: Iteration took 0s to run! 
server: ExplPreictor: Predicted 1.969s, Real 2.096s 
server:               Weight 1.0108480811126823 -> 1.0105295155520242 
server: Iteration 14
server: | Checking abstraction...
server: |  |  PrecisionSize: 25
server: |  |  Starting ARG: 4 nodes, 1 incomplete, 0 unsafe
server: |  |  (StopCriterion FirstCex)...
server: |  |  Building ARG...
server: |  |  Finished ARG: 57 nodes, 3 incomplete, 1 unsafe
server: | Checking abstraction done, result: (AbstractorResult Unsafe)
server: | Refining abstraction...
server: |  |  Trace length: 29
server: |  |  Checking trace...done, result: (ExprTraceStatus Infeasible)
server: |  |  Pruning from index 3...done
server: Refining abstraction done, result: (RefinerResult Spurious)
server: ! Precision DID change in this iteration
server: Iteration took 0s to run! 
server: ExplPreictor: Predicted 2.272s, Real 2.391s 
server:               Weight 1.0105295155520242 -> 1.0100724419032612 
server: Iteration 15
server: | Checking abstraction...
server: |  |  PrecisionSize: 27
server: |  |  Starting ARG: 4 nodes, 1 incomplete, 0 unsafe
server: |  |  (StopCriterion FirstCex)...
server: |  |  Building ARG...
server: |  |  Finished ARG: 61 nodes, 3 incomplete, 1 unsafe
server: | Checking abstraction done, result: (AbstractorResult Unsafe)
server: | Refining abstraction...
server: |  |  Trace length: 31
server: |  |  Checking trace...done, result: (ExprTraceStatus Infeasible)
server: |  |  Pruning from index 3...done
server: Refining abstraction done, result: (RefinerResult Spurious)
server: ! Precision DID change in this iteration
server: Iteration took 0s to run! 
server: ExplPreictor: Predicted 2.586s, Real 2.698s 
server:               Weight 1.0100724419032612 -> 1.0095502049856955 
server: Iteration 16
server: | Checking abstraction...
server: |  |  PrecisionSize: 29
server: |  |  Starting ARG: 4 nodes, 1 incomplete, 0 unsafe
server: |  |  (StopCriterion FirstCex)...
server: |  |  Building ARG...
server: |  |  Finished ARG: 65 nodes, 3 incomplete, 1 unsafe
server: | Checking abstraction done, result: (AbstractorResult Unsafe)
server: | Refining abstraction...
server: |  |  Trace length: 33
server: |  |  Checking trace...done, result: (ExprTraceStatus Infeasible)
server: |  |  Pruning from index 3...done
server: Refining abstraction done, result: (RefinerResult Spurious)
server: ! Precision DID change in this iteration
server: Iteration took 0s to run! 
server: ExplPreictor: Predicted 2.909s, Real 3.053s 
server:               Weight 1.0095502049856955 -> 1.0091740687942445 
server: Iteration 17
server: | Checking abstraction...
server: |  |  PrecisionSize: 31
server: |  |  Starting ARG: 4 nodes, 1 incomplete, 0 unsafe
server: |  |  (StopCriterion FirstCex)...
server: |  |  Building ARG...
server: |  |  Finished ARG: 69 nodes, 3 incomplete, 1 unsafe
server: | Checking abstraction done, result: (AbstractorResult Unsafe)
server: | Refining abstraction...
server: |  |  Trace length: 35
server: |  |  Checking trace...done, result: (ExprTraceStatus Infeasible)
server: |  |  Pruning from index 3...done
server: Refining abstraction done, result: (RefinerResult Spurious)
server: ! Precision DID change in this iteration
server: Iteration took 0s to run! 
server: ExplPreictor: Predicted 3.286s, Real 3.532s 
server:               Weight 1.0091740687942445 -> 1.009146565081539 
server: Iteration 18
server: | Checking abstraction...
server: |  |  PrecisionSize: 33
server: |  |  Starting ARG: 4 nodes, 1 incomplete, 0 unsafe
server: |  |  (StopCriterion FirstCex)...
server: |  |  Building ARG...
server: |  |  Finished ARG: 73 nodes, 3 incomplete, 1 unsafe
server: | Checking abstraction done, result: (AbstractorResult Unsafe)
server: | Refining abstraction...
server: |  |  Trace length: 37
server: |  |  Checking trace...done, result: (ExprTraceStatus Infeasible)
server: |  |  Pruning from index 3...done
server: Refining abstraction done, result: (RefinerResult Spurious)
server: ! Precision DID change in this iteration
server: Iteration took 0s to run! 
server: ExplPreictor: Predicted 3.806s, Real 3.986s 
server:               Weight 1.009146565081539 -> 1.0087915055359336 
server: Iteration 19
server: | Checking abstraction...
server: |  |  PrecisionSize: 35
server: |  |  Starting ARG: 4 nodes, 1 incomplete, 0 unsafe
server: |  |  (StopCriterion FirstCex)...
server: |  |  Building ARG...
server: |  |  Finished ARG: 77 nodes, 3 incomplete, 1 unsafe
server: | Checking abstraction done, result: (AbstractorResult Unsafe)
server: | Refining abstraction...
server: |  |  Trace length: 39
server: |  |  Checking trace...done, result: (ExprTraceStatus Infeasible)
server: |  |  Pruning from index 3...done
server: Refining abstraction done, result: (RefinerResult Spurious)
server: ! Precision DID change in this iteration
server: Iteration took 0s to run! 
server: ExplPreictor: Predicted 4.287s, Real 4.527s 
server:               Weight 1.0087915055359336 -> 1.0085694614395067 
server: Iteration 20
server: | Checking abstraction...
server: |  |  PrecisionSize: 37
server: |  |  Starting ARG: 4 nodes, 1 incomplete, 0 unsafe
server: |  |  (StopCriterion FirstCex)...
server: |  |  Building ARG...
server: |  |  Finished ARG: 81 nodes, 3 incomplete, 1 unsafe
server: | Checking abstraction done, result: (AbstractorResult Unsafe)
server: | Refining abstraction...
server: |  |  Trace length: 41
server: |  |  Checking trace...done, result: (ExprTraceStatus Infeasible)
server: |  |  Pruning from index 3...done
server: Refining abstraction done, result: (RefinerResult Spurious)
server: ! Precision DID change in this iteration
server: Iteration took 0s to run! 
server: ExplPreictor: Predicted 4.866s, Real 5.068s 
server:               Weight 1.0085694614395067 -> 1.0082139343615306 
server: Iteration 21
server: | Checking abstraction...
server: |  |  PrecisionSize: 39
server: |  |  Starting ARG: 4 nodes, 1 incomplete, 0 unsafe
server: |  |  (StopCriterion FirstCex)...
server: |  |  Building ARG...
server: |  |  Finished ARG: 85 nodes, 3 incomplete, 1 unsafe
server: | Checking abstraction done, result: (AbstractorResult Unsafe)
server: | Refining abstraction...
server: |  |  Trace length: 43
server: |  |  Checking trace...done, result: (ExprTraceStatus Infeasible)
server: |  |  Pruning from index 3...done
server: Refining abstraction done, result: (RefinerResult Spurious)
server: ! Precision DID change in this iteration
server: Iteration took 0s to run! 
server: ExplPreictor: Predicted 5.436s, Real 5.675s 
server:               Weight 1.0082139343615306 -> 1.0079200972595332 
server: Iteration 22
server: | Checking abstraction...
server: |  |  PrecisionSize: 41
server: |  |  Starting ARG: 4 nodes, 1 incomplete, 0 unsafe
server: |  |  (StopCriterion FirstCex)...
server: |  |  Building ARG...
server: |  |  Finished ARG: 89 nodes, 3 incomplete, 1 unsafe
server: | Checking abstraction done, result: (AbstractorResult Unsafe)
server: | Refining abstraction...
server: |  |  Trace length: 45
server: |  |  Checking trace...done, result: (ExprTraceStatus Infeasible)
server: |  |  Pruning from index 3...done
server: Refining abstraction done, result: (RefinerResult Spurious)
server: ! Precision DID change in this iteration
server: Iteration took 0s to run! 
server: ExplPreictor: Predicted 6.077s, Real 6.334s 
server:               Weight 1.0079200972595332 -> 1.0076376109002882 
server: Iteration 23
server: | Checking abstraction...
server: |  |  PrecisionSize: 43
server: |  |  Starting ARG: 4 nodes, 1 incomplete, 0 unsafe
server: |  |  (StopCriterion FirstCex)...
server: |  |  Building ARG...
server: |  |  Finished ARG: 93 nodes, 3 incomplete, 1 unsafe
server: | Checking abstraction done, result: (AbstractorResult Unsafe)
server: | Refining abstraction...
server: |  |  Trace length: 47
server: |  |  Checking trace...done, result: (ExprTraceStatus Infeasible)
server: |  |  Pruning from index 3...done
server: Refining abstraction done, result: (RefinerResult Spurious)
server: ! Precision DID change in this iteration
server: Iteration took 0s to run! 
server: ExplPreictor: Predicted 6.772s, Real 7.092s 
server:               Weight 1.0076376109002882 -> 1.0074287782739355 
server: Iteration 24
server: | Checking abstraction...
server: |  |  PrecisionSize: 45
server: |  |  Starting ARG: 4 nodes, 1 incomplete, 0 unsafe
server: |  |  (StopCriterion FirstCex)...
server: |  |  Building ARG...
server: |  |  Finished ARG: 97 nodes, 3 incomplete, 1 unsafe
server: | Checking abstraction done, result: (AbstractorResult Unsafe)
server: | Refining abstraction...
server: |  |  Trace length: 49
server: |  |  Checking trace...done, result: (ExprTraceStatus Infeasible)
server: |  |  Pruning from index 3...done
server: Refining abstraction done, result: (RefinerResult Spurious)
server: ! Precision DID change in this iteration
server: Iteration took 0s to run! 
server: ExplPreictor: Predicted 7.575s, Real 8.040s 
server:               Weight 1.0074287782739355 -> 1.007364418492146 
server: Iteration 25
server: | Checking abstraction...
server: |  |  PrecisionSize: 47
server: |  |  Starting ARG: 4 nodes, 1 incomplete, 0 unsafe
server: |  |  (StopCriterion FirstCex)...
server: |  |  Building ARG...
server: |  |  Finished ARG: 101 nodes, 3 incomplete, 1 unsafe
server: | Checking abstraction done, result: (AbstractorResult Unsafe)
server: | Refining abstraction...
server: |  |  Trace length: 51
server: |  |  Checking trace...done, result: (ExprTraceStatus Infeasible)
server: |  |  Pruning from index 3...done
server: Refining abstraction done, result: (RefinerResult Spurious)
server: ! Precision DID change in this iteration
server: Iteration took 1s to run! 
server: ExplPreictor: Predicted 8.590s, Real 9.108s 
server:               Weight 1.007364418492146 -> 1.0072888181196495 
server: Iteration 26
server: | Checking abstraction...
server: |  |  PrecisionSize: 49
server: |  |  Starting ARG: 4 nodes, 1 incomplete, 0 unsafe
server: |  |  (StopCriterion FirstCex)...
server: |  |  Building ARG...
server: |  |  Finished ARG: 105 nodes, 3 incomplete, 1 unsafe
server: | Checking abstraction done, result: (AbstractorResult Unsafe)
server: | Refining abstraction...
server: |  |  Trace length: 53
server: |  |  Checking trace...done, result: (ExprTraceStatus Infeasible)
server: |  |  Pruning from index 3...done
server: Refining abstraction done, result: (RefinerResult Spurious)
server: ! Precision DID change in this iteration
server: Iteration took 1s to run! 
server: ExplPreictor: Predicted 9.734s, Real 10.223s 
server:               Weight 1.0072888181196495 -> 1.007128984270291 
server: Iteration 27
server: | Checking abstraction...
server: |  |  PrecisionSize: 51
server: |  |  Starting ARG: 4 nodes, 1 incomplete, 0 unsafe
server: |  |  (StopCriterion FirstCex)...
server: |  |  Building ARG...
server: |  |  Finished ARG: 109 nodes, 3 incomplete, 1 unsafe
server: | Checking abstraction done, result: (AbstractorResult Unsafe)
server: | Refining abstraction...
server: |  |  Trace length: 55
server: |  |  Checking trace...done, result: (ExprTraceStatus Infeasible)
server: |  |  Pruning from index 3...done
server: Refining abstraction done, result: (RefinerResult Spurious)
server: ! Precision DID change in this iteration
server: Iteration took 1s to run! 
server: ExplPreictor: Predicted 10.918s, Real 11.403s 
server:               Weight 1.007128984270291 -> 1.0069309656308416 
server: Iteration 28
server: | Checking abstraction...
server: |  |  PrecisionSize: 53
server: |  |  Starting ARG: 4 nodes, 1 incomplete, 0 unsafe
server: |  |  (StopCriterion FirstCex)...
server: |  |  Building ARG...
server: |  |  Finished ARG: 113 nodes, 3 incomplete, 1 unsafe
server: | Checking abstraction done, result: (AbstractorResult Unsafe)
server: | Refining abstraction...
server: |  |  Trace length: 57
server: |  |  Checking trace...done, result: (ExprTraceStatus Infeasible)
server: |  |  Pruning from index 3...done
server: Refining abstraction done, result: (RefinerResult Spurious)
server: ! Precision DID change in this iteration
server: Iteration took 1s to run! 
server: ExplPreictor: Predicted 12.166s, Real 12.845s 
server:               Weight 1.0069309656308416 -> 1.0068396715518502 
server: Iteration 29
server: | Checking abstraction...
server: |  |  PrecisionSize: 55
server: |  |  Starting ARG: 4 nodes, 1 incomplete, 0 unsafe
server: |  |  (StopCriterion FirstCex)...
server: |  |  Building ARG...
server: |  |  Finished ARG: 117 nodes, 3 incomplete, 1 unsafe
server: | Checking abstraction done, result: (AbstractorResult Unsafe)
server: | Refining abstraction...
server: |  |  Trace length: 59
server: |  |  Checking trace...done, result: (ExprTraceStatus Infeasible)
server: |  |  Pruning from index 3...done
server: Refining abstraction done, result: (RefinerResult Spurious)
server: ! Precision DID change in this iteration
server: Iteration took 1s to run! 
server: ExplPreictor: Predicted 13.704s, Real 14.236s 
server:               Weight 1.0068396715518502 -> 1.0066186415903644 
server: Iteration 30
server: | Checking abstraction...
server: |  |  PrecisionSize: 57
server: |  |  Starting ARG: 4 nodes, 1 incomplete, 0 unsafe
server: |  |  (StopCriterion FirstCex)...
server: |  |  Building ARG...
server: |  |  Finished ARG: 121 nodes, 3 incomplete, 1 unsafe
server: | Checking abstraction done, result: (AbstractorResult Unsafe)
server: | Refining abstraction...
server: |  |  Trace length: 61
server: |  |  Checking trace...done, result: (ExprTraceStatus Infeasible)
server: |  |  Pruning from index 3...done
server: Refining abstraction done, result: (RefinerResult Spurious)
server: ! Precision DID change in this iteration
server: Iteration took 1s to run! 
server: ExplPreictor: Predicted 15.166s, Real 15.634s 
server:               Weight 1.0066186415903644 -> 1.0063536820239467 
server: Iteration 31
server: | Checking abstraction...
server: |  |  PrecisionSize: 59
server: |  |  Starting ARG: 4 nodes, 1 incomplete, 0 unsafe
server: |  |  (StopCriterion FirstCex)...
server: |  |  Building ARG...
server: |  |  Finished ARG: 125 nodes, 3 incomplete, 1 unsafe
server: | Checking abstraction done, result: (AbstractorResult Unsafe)
server: | Refining abstraction...
server: |  |  Trace length: 63
server: |  |  Checking trace...done, result: (ExprTraceStatus Infeasible)
server: |  |  Pruning from index 3...done
server: Refining abstraction done, result: (RefinerResult Spurious)
server: ! Precision DID change in this iteration
server: Iteration took 1s to run! 
server: ExplPreictor: Predicted 16.623s, Real 17.155s 
server:               Weight 1.0063536820239467 -> 1.0061197447456791 
server: Iteration 32
server: | Checking abstraction...
server: |  |  PrecisionSize: 61
server: |  |  Starting ARG: 4 nodes, 1 incomplete, 0 unsafe
server: |  |  (StopCriterion FirstCex)...
server: |  |  Building ARG...
server: |  |  Finished ARG: 129 nodes, 3 incomplete, 1 unsafe
server: | Checking abstraction done, result: (AbstractorResult Unsafe)
server: | Refining abstraction...
server: |  |  Trace length: 65
server: |  |  Checking trace...done, result: (ExprTraceStatus Infeasible)
server: |  |  Pruning from index 3...done
server: Refining abstraction done, result: (RefinerResult Spurious)
server: ! Precision DID change in this iteration
server: Iteration took 1s to run! 
server: ExplPreictor: Predicted 18.210s, Real 18.945s 
server:               Weight 1.0061197447456791 -> 1.0059658164204615 
server: Iteration 33
server: | Checking abstraction...
server: |  |  PrecisionSize: 63
server: |  |  Starting ARG: 4 nodes, 1 incomplete, 0 unsafe
server: |  |  (StopCriterion FirstCex)...
server: |  |  Building ARG...
server: |  |  Finished ARG: 133 nodes, 3 incomplete, 1 unsafe
server: | Checking abstraction done, result: (AbstractorResult Unsafe)
server: | Refining abstraction...
server: |  |  Trace length: 67
server: |  |  Checking trace...done, result: (ExprTraceStatus Infeasible)
server: |  |  Pruning from index 3...done
server: Refining abstraction done, result: (RefinerResult Spurious)
server: ! Precision DID change in this iteration
server: Iteration took 1s to run! 
server: ExplPreictor: Predicted 20.092s, Real 20.639s 
server:               Weight 1.0059658164204615 -> 1.0057291790913943 
server: Iteration 34
server: | Checking abstraction...
server: |  |  PrecisionSize: 65
server: |  |  Starting ARG: 4 nodes, 1 incomplete, 0 unsafe
server: |  |  (StopCriterion FirstCex)...
server: |  |  Building ARG...
server: |  |  Finished ARG: 137 nodes, 3 incomplete, 1 unsafe
server: | Checking abstraction done, result: (AbstractorResult Unsafe)
server: | Refining abstraction...
server: |  |  Trace length: 69
server: |  |  Checking trace...done, result: (ExprTraceStatus Infeasible)
server: |  |  Pruning from index 3...done
server: Refining abstraction done, result: (RefinerResult Spurious)
server: ! Precision DID change in this iteration
server: Iteration took 1s to run! 
server: ExplPreictor: Predicted 21.848s, Real 22.479s 
server:               Weight 1.0057291790913943 -> 1.005523172756414 
server: Iteration 35
server: | Checking abstraction...
server: |  |  PrecisionSize: 67
server: |  |  Starting ARG: 4 nodes, 1 incomplete, 0 unsafe
server: |  |  (StopCriterion FirstCex)...
server: |  |  Building ARG...
server: |  |  Finished ARG: 141 nodes, 3 incomplete, 1 unsafe
server: | Checking abstraction done, result: (AbstractorResult Unsafe)
server: | Refining abstraction...
server: |  |  Trace length: 71
server: |  |  Checking trace...done, result: (ExprTraceStatus Infeasible)
server: |  |  Pruning from index 3...done
server: Refining abstraction done, result: (RefinerResult Spurious)
server: ! Precision DID change in this iteration
server: Iteration took 2s to run! 
server: ExplPreictor: Predicted 23.758s, Real 24.587s 
server:               Weight 1.005523172756414 -> 1.0053738275812567 
server: Iteration 36
server: | Checking abstraction...
server: |  |  PrecisionSize: 69
server: |  |  Starting ARG: 4 nodes, 1 incomplete, 0 unsafe
server: |  |  (StopCriterion FirstCex)...
server: |  |  Building ARG...
server: |  |  Finished ARG: 145 nodes, 3 incomplete, 1 unsafe
server: | Checking abstraction done, result: (AbstractorResult Unsafe)
server: | Refining abstraction...
server: |  |  Trace length: 73
server: |  |  Checking trace...done, result: (ExprTraceStatus Infeasible)
server: |  |  Pruning from index 3...done
server: Refining abstraction done, result: (RefinerResult Spurious)
server: ! Precision DID change in this iteration
server: Iteration took 1s to run! 
server: ExplPreictor: Predicted 25.960s, Real 26.549s 
server:               Weight 1.0053738275812567 -> 1.0051538258750463 
server: Iteration 37
server: | Checking abstraction...
server: |  |  PrecisionSize: 71
server: |  |  Starting ARG: 4 nodes, 1 incomplete, 0 unsafe
server: |  |  (StopCriterion FirstCex)...
server: |  |  Building ARG...
server: |  |  Finished ARG: 149 nodes, 3 incomplete, 1 unsafe
server: | Checking abstraction done, result: (AbstractorResult Unsafe)
server: | Refining abstraction...
server: |  |  Trace length: 75
server: |  |  Checking trace...done, result: (ExprTraceStatus Infeasible)
server: |  |  Pruning from index 3...done
server: Refining abstraction done, result: (RefinerResult Spurious)
server: ! Precision DID change in this iteration
server: Iteration took 2s to run! 
server: ExplPreictor: Predicted 27.980s, Real 28.678s 
server:               Weight 1.0051538258750463 -> 1.0049657854260363 
server: Iteration 38
server: | Checking abstraction...
server: |  |  PrecisionSize: 73
server: |  |  Starting ARG: 4 nodes, 1 incomplete, 0 unsafe
server: |  |  (StopCriterion FirstCex)...
server: |  |  Building ARG...
server: |  |  Finished ARG: 153 nodes, 3 incomplete, 1 unsafe
server: | Checking abstraction done, result: (AbstractorResult Unsafe)
server: | Refining abstraction...
server: |  |  Trace length: 77
server: |  |  Checking trace...done, result: (ExprTraceStatus Infeasible)
server: |  |  Pruning from index 3...done
server: Refining abstraction done, result: (RefinerResult Spurious)
server: ! Precision DID change in this iteration
server: Iteration took 2s to run! 
server: ExplPreictor: Predicted 30.178s, Real 31.052s 
server:               Weight 1.0049657854260363 -> 1.0048175992778028 
server: Iteration 39
server: | Checking abstraction...
server: |  |  PrecisionSize: 75
server: |  |  Starting ARG: 4 nodes, 1 incomplete, 0 unsafe
server: |  |  (StopCriterion FirstCex)...
server: |  |  Building ARG...
server: |  |  Finished ARG: 157 nodes, 3 incomplete, 1 unsafe
server: | Checking abstraction done, result: (AbstractorResult Unsafe)
server: | Refining abstraction...
server: |  |  Trace length: 79
server: |  |  Checking trace...done, result: (ExprTraceStatus Infeasible)
server: |  |  Pruning from index 3...done
server: Refining abstraction done, result: (RefinerResult Spurious)
server: ! Precision DID change in this iteration
server: Iteration took 2s to run! 
server: ExplPreictor: Predicted 32.639s, Real 33.472s 
server:               Weight 1.0048175992778028 -> 1.004658337954683 
server: Iteration 40
server: | Checking abstraction...
server: |  |  PrecisionSize: 77
server: |  |  Starting ARG: 4 nodes, 1 incomplete, 0 unsafe
server: |  |  (StopCriterion FirstCex)...
server: |  |  Building ARG...
server: |  |  Finished ARG: 161 nodes, 3 incomplete, 1 unsafe
server: | Checking abstraction done, result: (AbstractorResult Unsafe)
server: | Refining abstraction...
server: |  |  Trace length: 81
server: |  |  Checking trace...done, result: (ExprTraceStatus Infeasible)
server: |  |  Pruning from index 3...done
server: Refining abstraction done, result: (RefinerResult Spurious)
server: ! Precision DID change in this iteration
server: Iteration took 3s to run! 
server: ExplPreictor: Predicted 35.137s, Real 37.112s 
server:               Weight 1.004658337954683 -> 1.0046956391312865 
server: Iteration 41
server: | Checking abstraction...
server: |  |  PrecisionSize: 79
server: |  |  Starting ARG: 4 nodes, 1 incomplete, 0 unsafe
server: |  |  (StopCriterion FirstCex)...
server: |  |  Building ARG...
server: |  |  Finished ARG: 165 nodes, 3 incomplete, 1 unsafe
server: | Checking abstraction done, result: (AbstractorResult Unsafe)
server: | Refining abstraction...
server: |  |  Trace length: 83
server: |  |  Checking trace...done, result: (ExprTraceStatus Infeasible)
server: |  |  Pruning from index 3...done
server: Refining abstraction done, result: (RefinerResult Spurious)
server: ! Precision DID change in this iteration
server: Iteration took 3s to run! 
server: ExplPreictor: Predicted 38.992s, Real 41.110s 
server:               Weight 1.0046956391312865 -> 1.0047158138421006 
server: Iteration 42
server: | Checking abstraction...
server: |  |  PrecisionSize: 81
server: |  |  Starting ARG: 4 nodes, 1 incomplete, 0 unsafe
server: |  |  (StopCriterion FirstCex)...
server: |  |  Building ARG...
server: |  |  Finished ARG: 169 nodes, 3 incomplete, 1 unsafe
server: | Checking abstraction done, result: (AbstractorResult Unsafe)
server: | Refining abstraction...
server: |  |  Trace length: 85
server: |  |  Checking trace...done, result: (ExprTraceStatus Infeasible)
server: |  |  Pruning from index 3...done
server: Refining abstraction done, result: (RefinerResult Spurious)
server: ! Precision DID change in this iteration
server: Iteration took 3s to run! 
server: ExplPreictor: Predicted 43.222s, Real 44.833s 
server:               Weight 1.0047158138421006 -> 1.004632322232762 
server: Iteration 43
server: | Checking abstraction...
server: |  |  PrecisionSize: 83
server: |  |  Starting ARG: 4 nodes, 1 incomplete, 0 unsafe
server: |  |  (StopCriterion FirstCex)...
server: |  |  Building ARG...
server: |  |  Finished ARG: 173 nodes, 3 incomplete, 1 unsafe
server: | Checking abstraction done, result: (AbstractorResult Unsafe)
server: | Refining abstraction...
server: |  |  Trace length: 87
server: |  |  Checking trace...done, result: (ExprTraceStatus Infeasible)
server: |  |  Pruning from index 3...done
server: Refining abstraction done, result: (RefinerResult Spurious)
server: ! Precision DID change in this iteration
server: Iteration took 3s to run! 
server: ExplPreictor: Predicted 47.114s, Real 48.802s 
server:               Weight 1.004632322232762 -> 1.0045449742020802 
server: Iteration 44
server: | Checking abstraction...
server: |  |  PrecisionSize: 85
server: |  |  Starting ARG: 4 nodes, 1 incomplete, 0 unsafe
server: |  |  (StopCriterion FirstCex)...
server: |  |  Building ARG...
server: |  |  Finished ARG: 177 nodes, 3 incomplete, 1 unsafe
server: | Checking abstraction done, result: (AbstractorResult Unsafe)
server: | Refining abstraction...
server: |  |  Trace length: 89
server: |  |  Checking trace...done, result: (ExprTraceStatus Infeasible)
server: |  |  Pruning from index 3...done
server: Refining abstraction done, result: (RefinerResult Spurious)
server: ! Precision DID change in this iteration
server: Iteration took 4s to run! 
server: ExplPreictor: Predicted 51.256s, Real 53.619s 
server:               Weight 1.0045449742020802 -> 1.0045202036878877 
server: Iteration 45
server: | Checking abstraction...
server: |  |  PrecisionSize: 87
server: |  |  Starting ARG: 4 nodes, 1 incomplete, 0 unsafe
server: |  |  (StopCriterion FirstCex)...
server: |  |  Building ARG...
server: |  |  Finished ARG: 181 nodes, 3 incomplete, 1 unsafe
server: | Checking abstraction done, result: (AbstractorResult Unsafe)
server: | Refining abstraction...
server: |  |  Trace length: 91
server: |  |  Checking trace...done, result: (ExprTraceStatus Infeasible)
server: |  |  Pruning from index 3...done
server: Refining abstraction done, result: (RefinerResult Spurious)
server: ! Precision DID change in this iteration
server: Iteration took 4s to run! 
server: ExplPreictor: Predicted 56.324s, Real 58.100s 
server:               Weight 1.0045202036878877 -> 1.0044138890908463 
server: Iteration 46
server: | Checking abstraction...
server: |  |  PrecisionSize: 89
server: |  |  Starting ARG: 4 nodes, 1 incomplete, 0 unsafe
server: |  |  (StopCriterion FirstCex)...
server: |  |  Building ARG...
server: |  |  Finished ARG: 185 nodes, 3 incomplete, 1 unsafe
server: | Checking abstraction done, result: (AbstractorResult Unsafe)
server: | Refining abstraction...
server: |  |  Trace length: 93
server: |  |  Checking trace...done, result: (ExprTraceStatus Infeasible)
server: |  |  Pruning from index 3...done
server: Refining abstraction done, result: (RefinerResult Spurious)
server: ! Precision DID change in this iteration
server: Iteration took 4s to run! 
server: ExplPreictor: Predicted 60.982s, Real 62.824s 
server:               Weight 1.0044138890908463 -> 1.0043066241583314 
server: Iteration 47
server: | Checking abstraction...
server: |  |  PrecisionSize: 91
server: |  |  Starting ARG: 4 nodes, 1 incomplete, 0 unsafe
server: |  |  (StopCriterion FirstCex)...
server: |  |  Building ARG...
server: |  |  Finished ARG: 189 nodes, 3 incomplete, 1 unsafe
server: | Checking abstraction done, result: (AbstractorResult Unsafe)
server: | Refining abstraction...
server: |  |  Trace length: 95
server: |  |  Checking trace...done, result: (ExprTraceStatus Infeasible)
server: |  |  Pruning from index 3...done
server: Refining abstraction done, result: (RefinerResult Spurious)
server: ! Precision DID change in this iteration
server: Iteration took 5s to run! 
server: ExplPreictor: Predicted 65.885s, Real 68.481s 
server:               Weight 1.0043066241583314 -> 1.0042555052120765 
server: Iteration 48
server: | Checking abstraction...
server: |  |  PrecisionSize: 93
server: |  |  Starting ARG: 4 nodes, 1 incomplete, 0 unsafe
server: |  |  (StopCriterion FirstCex)...
server: |  |  Building ARG...
server: |  |  Finished ARG: 193 nodes, 3 incomplete, 1 unsafe
server: | Checking abstraction done, result: (AbstractorResult Unsafe)
server: | Refining abstraction...
server: |  |  Trace length: 97
server: |  |  Checking trace...done, result: (ExprTraceStatus Infeasible)
server: |  |  Pruning from index 3...done
server: Refining abstraction done, result: (RefinerResult Spurious)
server: ! Precision DID change in this iteration
server: Iteration took 5s to run! 
server: ExplPreictor: Predicted 71.804s, Real 73.486s 
server:               Weight 1.0042555052120765 -> 1.0041210041956956 
server: Iteration 49
server: | Checking abstraction...
server: |  |  PrecisionSize: 95
server: |  |  Starting ARG: 4 nodes, 1 incomplete, 0 unsafe
server: |  |  (StopCriterion FirstCex)...
server: |  |  Building ARG...
server: |  |  Finished ARG: 197 nodes, 3 incomplete, 1 unsafe
server: | Checking abstraction done, result: (AbstractorResult Unsafe)
server: | Refining abstraction...
server: |  |  Trace length: 99
server: |  |  Checking trace...done, result: (ExprTraceStatus Infeasible)
server: |  |  Pruning from index 3...done
server: Refining abstraction done, result: (RefinerResult Spurious)
server: ! Precision DID change in this iteration
server: Iteration took 5s to run! 
server: ExplPreictor: Predicted 76.959s, Real 79.288s 
server:               Weight 1.0041210041956956 -> 1.0040313211763343 
server: Iteration 50
server: | Checking abstraction...
server: |  |  PrecisionSize: 97
server: |  |  Starting ARG: 4 nodes, 1 incomplete, 0 unsafe
server: |  |  (StopCriterion FirstCex)...
server: |  |  Building ARG...
server: |  |  Finished ARG: 201 nodes, 3 incomplete, 1 unsafe
server: | Checking abstraction done, result: (AbstractorResult Unsafe)
server: | Refining abstraction...
server: |  |  Trace length: 101
server: |  |  Checking trace...done, result: (ExprTraceStatus Infeasible)
server: |  |  Pruning from index 3...done
server: Refining abstraction done, result: (RefinerResult Spurious)
server: ! Precision DID change in this iteration
server: Iteration took 6s to run! 
server: ExplPreictor: Predicted 82.977s, Real 85.613s 
server:               Weight 1.0040313211763343 -> 1.0039545094233462 
server: Iteration 51
server: | Checking abstraction...
server: |  |  PrecisionSize: 99
server: |  |  Starting ARG: 4 nodes, 1 incomplete, 0 unsafe
server: |  |  (StopCriterion FirstCex)...
server: |  |  Building ARG...
server: |  |  Finished ARG: 205 nodes, 3 incomplete, 1 unsafe
server: | Checking abstraction done, result: (AbstractorResult Unsafe)
server: | Refining abstraction...
server: |  |  Trace length: 103
server: |  |  Checking trace...done, result: (ExprTraceStatus Infeasible)
server: |  |  Pruning from index 3...done
server: Refining abstraction done, result: (RefinerResult Spurious)
server: ! Precision DID change in this iteration
server: Iteration took 5s to run! 
server: ExplPreictor: Predicted 89.546s, Real 91.168s 
server:               Weight 1.0039545094233462 -> 1.0038116792752136 
server: Iteration 52
server: | Checking abstraction...
server: |  |  PrecisionSize: 101
server: |  |  Starting ARG: 4 nodes, 1 incomplete, 0 unsafe
server: |  |  (StopCriterion FirstCex)...
server: |  |  Building ARG...
server: |  |  Finished ARG: 209 nodes, 3 incomplete, 1 unsafe
server: | Checking abstraction done, result: (AbstractorResult Unsafe)
server: | Refining abstraction...
server: |  |  Trace length: 105
server: |  |  Checking trace...done, result: (ExprTraceStatus Infeasible)
server: |  |  Pruning from index 3...done
server: Refining abstraction done, result: (RefinerResult Spurious)
server: ! Precision DID change in this iteration
server: Iteration took 6s to run! 
server: ExplPreictor: Predicted 95.224s, Real 97.744s 
server:               Weight 1.0038116792752136 -> 1.0037205370595628 
server: --------Iteration time heuristic predicts timeout--------
server: |  |  PrecisionSize: 101
server: |  |  Starting ARG: 4 nodes, 1 incomplete, 0 unsafe
server: |  |  (StopCriterion FullExploration)...
server: |  |  Building ARG...
server: Could not unroll abstractor because null !
server: 
server: ----------Timeout Exceeded & Solver Interrupted (100000 ms)----------
server: Backend finished (in 100277 ms)
server: Process failed! (hu.bme.mit.theta.analysis.algorithm.cegar.CegarChecker.check(CegarChecker.kt:269), hu.bme.mit.theta.analysis.algorithm.AlgorithmTimeoutException: Timeout Exceeded: Solver Interrupted after 100000 ms)
Backend finished (in 102712 ms)
ErrorCodeException(code=202)
	at hu.bme.mit.theta.xcfa.cli.checkers.InProcessChecker.check(InProcessChecker.kt:182)
	at hu.bme.mit.theta.xcfa.cli.ExecuteConfigKt$backend$result$1.invoke(ExecuteConfig.kt:320)
	at hu.bme.mit.theta.xcfa.cli.ExecuteConfigKt$backend$result$1.invoke(ExecuteConfig.kt:318)
	at hu.bme.mit.theta.xcfa.cli.params.ExitCodesKt.exitOnError(ExitCodes.kt:58)
	at hu.bme.mit.theta.xcfa.cli.ExecuteConfigKt.backend(ExecuteConfig.kt:318)
	at hu.bme.mit.theta.xcfa.cli.ExecuteConfigKt.backend$default(ExecuteConfig.kt:275)
	at hu.bme.mit.theta.xcfa.cli.ExecuteConfigKt.runConfig(ExecuteConfig.kt:105)
	at hu.bme.mit.theta.xcfa.cli.portfolio.SpecFromNamePortfolioKt.specFromNamePortfolio$checker(specFromNamePortfolio.kt:82)
	at hu.bme.mit.theta.xcfa.cli.portfolio.SpecFromNamePortfolioKt.access$specFromNamePortfolio$checker(specFromNamePortfolio.kt:1)
	at hu.bme.mit.theta.xcfa.cli.portfolio.SpecFromNamePortfolioKt$specFromNamePortfolio$configNodes$1$1.invoke(specFromNamePortfolio.kt:122)
	at hu.bme.mit.theta.xcfa.cli.portfolio.SpecFromNamePortfolioKt$specFromNamePortfolio$configNodes$1$1.invoke(specFromNamePortfolio.kt:122)
	at hu.bme.mit.theta.xcfa.cli.portfolio.ConfigNode.execute(stm.kt:74)
	at hu.bme.mit.theta.xcfa.cli.portfolio.STM.execute(stm.kt:159)
	at hu.bme.mit.theta.xcfa.cli.portfolio.STM.execute$default(stm.kt:154)
	at hu.bme.mit.theta.xcfa.cli.checkers.ConfigToPortfolioKt.getPortfolioChecker$lambda$0(ConfigToPortfolio.kt:136)
	at hu.bme.mit.theta.analysis.algorithm.SafetyChecker.check(SafetyChecker.java:27)
	at hu.bme.mit.theta.xcfa.cli.ExecuteConfigKt$backend$result$1.invoke(ExecuteConfig.kt:320)
	at hu.bme.mit.theta.xcfa.cli.ExecuteConfigKt$backend$result$1.invoke(ExecuteConfig.kt:318)
	at hu.bme.mit.theta.xcfa.cli.params.ExitCodesKt.exitOnError(ExitCodes.kt:58)
	at hu.bme.mit.theta.xcfa.cli.ExecuteConfigKt.backend(ExecuteConfig.kt:318)
	at hu.bme.mit.theta.xcfa.cli.ExecuteConfigKt.backend$default(ExecuteConfig.kt:275)
	at hu.bme.mit.theta.xcfa.cli.ExecuteConfigKt.runConfig(ExecuteConfig.kt:105)
	at hu.bme.mit.theta.xcfa.cli.ExecuteConfigKt.runConfig$default(ExecuteConfig.kt:74)
	at hu.bme.mit.theta.xcfa.cli.XcfaCli.run(XcfaCli.kt:127)
	at hu.bme.mit.theta.xcfa.cli.XcfaCli.access$run(XcfaCli.kt:37)
	at hu.bme.mit.theta.xcfa.cli.XcfaCli$Companion.main(XcfaCli.kt:137)
	at hu.bme.mit.theta.xcfa.cli.XcfaCli.main(XcfaCli.kt)
Caught exception: ErrorCodeException(code=202)
Handling exception as Anything
Current configuration: XcfaConfig(inputConfig=InputConfig(inputFile=null, catFile=null, parseCtx=null, xcfaWCtx=present, propertyFile=null, property=ERROR_LOCATION, partialResult=null, frontendConfig=FrontendConfig(lbeLevel=LBE_SEQ, staticCoi=false, loopUnroll=1000, forceUnroll=-1, enableFew=false, inputType=C, specConfig=CFrontendConfig(arithmetic=efficient, architecture=ILP32)), backendConfig=BackendConfig(backend=BOUNDED, solverHome=/home/benchexec/.theta, timeoutMs=900000, softTimeoutMs=700000, inProcess=true, parseInProcess=false, inPortfolio=true, memlimit=0, disablePartialResult=true, specConfig=BoundedConfig(maxBound=0, reversed=false, cegar=false, initPrec=EMPTY, bmcConfig=BMCConfig(disable=false, nonLfPath=false, bmcSolver=Z3, validateBMCSolver=false), indConfig=InductionConfig(disable=false, indSolver=Z3, validateIndSolver=false, indMinBound=0, indFreq=1), itpConfig=InterpolationConfig(disable=true, itpSolver=Z3, validateItpSolver=false))), outputConfig=OutputConfig(versionInfo=false, enableOutput=true, resultFolder=./output/PredCart(100, true, true) -> KInd()/KInd(), acceptUnreliableSafe=false, cOutputConfig=COutputConfig(disable=true, useArr=false, useExArr=false, useRange=false), xcfaOutputConfig=XcfaOutputConfig(disable=true), chcOutputConfig=ChcOutputConfig(disable=true), witnessConfig=WitnessConfig(disable=false, svcomp=true, concretizerSolver=Z3, validateConcretizerSolver=false, inputFileForWitness=null), partialResultOutputConfig=PartialResultOutputConfig(enable=false, tempFileLocation=null), argConfig=ArgConfig(disable=true)), debugConfig=DebugConfig(debug=false, stacktrace=false, logLevel=INFO, argdebug=false, argToFile=false))
PartialResultJson: /dev/shm/partialResult8936119437212378885.json
server: Registered Legacy-Z3 SolverManager
server: Registered Z3 SolverManager
server: Registered JavaSMT SolverManager
server: Registered SMT-LIB SolverManager
server: Successfully loaded LocationInvariants from /dev/shm/partialResult8936119437212378885.json
server: [33m[WARN] LocationInvariants are empty map. Returning null!
server: [0mStarting iteration 1
server: 	Starting BMC
server: 	Starting k-induction
server: Starting iteration 2
server: 	Starting BMC
server: 	Starting k-induction
server: Starting iteration 3
server: 	Starting BMC
server: 	Starting k-induction
server: Starting iteration 4
server: 	Starting BMC
server: 	Starting k-induction
server: Starting iteration 5
server: 	Starting BMC
server: 	Starting k-induction
server: Starting iteration 6
server: 	Starting BMC
server: 	Starting k-induction
server: Starting iteration 7
server: 	Starting BMC
server: 	Starting k-induction
server: Starting iteration 8
server: 	Starting BMC
server: 	Starting k-induction
server: Starting iteration 9
server: 	Starting BMC
server: 	Starting k-induction
server: Starting iteration 10
server: 	Starting BMC
server: 	Starting k-induction
server: Starting iteration 11
server: 	Starting BMC
server: 	Starting k-induction
server: Starting iteration 12
server: 	Starting BMC
server: 	Starting k-induction
server: Starting iteration 13
server: 	Starting BMC
server: 	Starting k-induction
server: Starting iteration 14
server: 	Starting BMC
server: 	Starting k-induction
server: Starting iteration 15
server: 	Starting BMC
server: 	Starting k-induction
server: Starting iteration 16
server: 	Starting BMC
server: 	Starting k-induction
server: Starting iteration 17
server: 	Starting BMC
server: 	Starting k-induction
server: Starting iteration 18
server: 	Starting BMC
server: 	Starting k-induction
server: Starting iteration 19
server: 	Starting BMC
server: 	Starting k-induction
server: Starting iteration 20
server: 	Starting BMC
server: 	Starting k-induction
server: Starting iteration 21
server: 	Starting BMC
server: 	Starting k-induction
server: Starting iteration 22
server: 	Starting BMC
server: 	Starting k-induction
server: Starting iteration 23
server: 	Starting BMC
server: 	Starting k-induction
server: Starting iteration 24
server: 	Starting BMC
server: 	Starting k-induction
server: Starting iteration 25
server: 	Starting BMC
server: 	Starting k-induction
server: Starting iteration 26
server: 	Starting BMC
server: 	Starting k-induction
server: Starting iteration 27
server: 	Starting BMC
server: 	Starting k-induction
server: Starting iteration 28
server: 	Starting BMC
server: 	Starting k-induction
server: Starting iteration 29
server: 	Starting BMC
server: 	Starting k-induction
server: Starting iteration 30
server: 	Starting BMC
server: 	Starting k-induction
server: Starting iteration 31
server: 	Starting BMC
server: 	Starting k-induction
server: Starting iteration 32
server: 	Starting BMC
server: 	Starting k-induction
server: Starting iteration 33
server: 	Starting BMC
server: 	Starting k-induction
server: Starting iteration 34
server: 	Starting BMC
server: 	Starting k-induction
server: Starting iteration 35
server: 	Starting BMC
server: 	Starting k-induction
server: Starting iteration 36
server: 	Starting BMC
server: 	Starting k-induction
server: Starting iteration 37
server: 	Starting BMC
server: 	Starting k-induction
server: Starting iteration 38
server: 	Starting BMC
server: 	Starting k-induction
server: Starting iteration 39
server: 	Starting BMC
server: 	Starting k-induction
server: Starting iteration 40
server: 	Starting BMC
server: 	Starting k-induction
server: Starting iteration 41
server: 	Starting BMC
server: 	Starting k-induction
server: Starting iteration 42
server: 	Starting BMC
server: 	Starting k-induction
server: Starting iteration 43
server: 	Starting BMC
server: 	Starting k-induction
server: Starting iteration 44
server: 	Starting BMC
server: 	Starting k-induction
server: Starting iteration 45
server: 	Starting BMC
server: 	Starting k-induction
server: Starting iteration 46
server: 	Starting BMC
server: 	Starting k-induction
server: Starting iteration 47
server: 	Starting BMC
server: 	Starting k-induction
server: Starting iteration 48
server: 	Starting BMC
server: 	Starting k-induction
server: Starting iteration 49
server: 	Starting BMC
server: 	Starting k-induction
server: Starting iteration 50
server: 	Starting BMC
server: 	Starting k-induction
server: Starting iteration 51
server: 	Starting BMC
server: 	Starting k-induction
server: Starting iteration 52
server: 	Starting BMC
server: 	Starting k-induction
server: Starting iteration 53
server: 	Starting BMC
server: 	Starting k-induction
server: Starting iteration 54
server: 	Starting BMC
server: 	Starting k-induction
server: Starting iteration 55
server: 	Starting BMC
server: 	Starting k-induction
server: Starting iteration 56
server: 	Starting BMC
server: 	Starting k-induction
server: Starting iteration 57
server: 	Starting BMC
server: 	Starting k-induction
server: Starting iteration 58
server: 	Starting BMC
server: 	Starting k-induction
server: Starting iteration 59
server: 	Starting BMC
server: 	Starting k-induction
server: Starting iteration 60
server: 	Starting BMC
server: 	Starting k-induction
server: Starting iteration 61
server: 	Starting BMC
server: 	Starting k-induction
server: Starting iteration 62
server: 	Starting BMC
server: 	Starting k-induction
server: Starting iteration 63
server: 	Starting BMC
server: 	Starting k-induction
server: Starting iteration 64
server: 	Starting BMC
server: 	Starting k-induction
server: Starting iteration 65
server: 	Starting BMC
server: 	Starting k-induction
server: Starting iteration 66
server: 	Starting BMC
server: 	Starting k-induction
server: Starting iteration 67
server: 	Starting BMC
server: 	Starting k-induction
server: Starting iteration 68
server: 	Starting BMC
server: 	Starting k-induction
server: Starting iteration 69
server: 	Starting BMC
server: 	Starting k-induction
server: Starting iteration 70
server: 	Starting BMC
server: 	Starting k-induction
server: Starting iteration 71
server: 	Starting BMC
server: 	Starting k-induction
server: Starting iteration 72
server: 	Starting BMC
server: 	Starting k-induction
server: Starting iteration 73
server: 	Starting BMC
server: 	Starting k-induction
server: Starting iteration 74
server: 	Starting BMC
server: 	Starting k-induction
server: Starting iteration 75
server: 	Starting BMC
server: 	Starting k-induction
server: Starting iteration 76
server: 	Starting BMC
server: 	Starting k-induction
server: Starting iteration 77
server: 	Starting BMC
server: 	Starting k-induction
server: Starting iteration 78
server: 	Starting BMC
server: 	Starting k-induction
server: Starting iteration 79
server: 	Starting BMC
server: 	Starting k-induction
server: Starting iteration 80
server: 	Starting BMC
server: 	Starting k-induction
server: Starting iteration 81
server: 	Starting BMC
server: 	Starting k-induction
server: Starting iteration 82
server: 	Starting BMC
server: 	Starting k-induction
server: Starting iteration 83
server: 	Starting BMC
server: 	Starting k-induction
server: Starting iteration 84
server: 	Starting BMC
server: 	Starting k-induction
server: Starting iteration 85
server: 	Starting BMC
server: 	Starting k-induction
server: Starting iteration 86
server: 	Starting BMC
server: 	Starting k-induction
server: Starting iteration 87
server: 	Starting BMC
server: 	Starting k-induction
server: Starting iteration 88
server: 	Starting BMC
server: 	Starting k-induction
server: Starting iteration 89
server: 	Starting BMC
server: 	Starting k-induction
server: Starting iteration 90
server: 	Starting BMC
server: 	Starting k-induction
server: Starting iteration 91
server: 	Starting BMC
server: 	Starting k-induction
server: Starting iteration 92
server: 	Starting BMC
server: 	Starting k-induction
server: Starting iteration 93
server: 	Starting BMC
server: 	Starting k-induction
server: Starting iteration 94
server: 	Starting BMC
server: 	Starting k-induction
server: Starting iteration 95
server: 	Starting BMC
server: 	Starting k-induction
server: Starting iteration 96
server: 	Starting BMC
server: 	Starting k-induction
server: Starting iteration 97
server: 	Starting BMC
server: 	Starting k-induction
server: Starting iteration 98
server: 	Starting BMC
server: 	Starting k-induction
server: Starting iteration 99
server: 	Starting BMC
server: 	Starting k-induction
server: Starting iteration 100
server: 	Starting BMC
server: 	Starting k-induction
server: Starting iteration 101
server: 	Starting BMC
server: 	Starting k-induction
server: Starting iteration 102
server: 	Starting BMC
server: 	Starting k-induction
server: Starting iteration 103
server: 	Starting BMC
server: 	Starting k-induction
server: Starting iteration 104
server: 	Starting BMC
server: 	Starting k-induction
server: Starting iteration 105
server: 	Starting BMC
server: 	Starting k-induction
server: Starting iteration 106
server: 	Starting BMC
server: 	Starting k-induction
server: Starting iteration 107
server: 	Starting BMC
server: 	Starting k-induction
server: Starting iteration 108
server: 	Starting BMC
server: 	Starting k-induction
server: Starting iteration 109
server: 	Starting BMC
server: 	Starting k-induction
server: Starting iteration 110
server: 	Starting BMC
server: 	Starting k-induction
server: Starting iteration 111
server: 	Starting BMC
server: 	Starting k-induction
server: Starting iteration 112
server: 	Starting BMC
server: 	Starting k-induction
server: Starting iteration 113
server: 	Starting BMC
server: 	Starting k-induction
server: Starting iteration 114
server: 	Starting BMC
server: 	Starting k-induction
server: Starting iteration 115
server: 	Starting BMC
server: 	Starting k-induction
server: Starting iteration 116
server: 	Starting BMC
server: 	Starting k-induction
server: Starting iteration 117
server: 	Starting BMC
server: 	Starting k-induction
server: Starting iteration 118
server: 	Starting BMC
server: 	Starting k-induction
server: Starting iteration 119
server: 	Starting BMC
server: 	Starting k-induction
server: Starting iteration 120
server: 	Starting BMC
server: 	Starting k-induction
server: Starting iteration 121
server: 	Starting BMC
server: 	Starting k-induction
server: Starting iteration 122
server: 	Starting BMC
server: 	Starting k-induction
server: Starting iteration 123
server: 	Starting BMC
server: 	Starting k-induction
server: Starting iteration 124
server: 	Starting BMC
server: 	Starting k-induction
server: Starting iteration 125
server: 	Starting BMC
server: 	Starting k-induction
server: Starting iteration 126
server: 	Starting BMC
server: 	Starting k-induction
server: Starting iteration 127
server: 	Starting BMC
server: 	Starting k-induction
server: Starting iteration 128
server: 	Starting BMC
server: 	Starting k-induction
server: Starting iteration 129
server: 	Starting BMC
server: 	Starting k-induction
server: Starting iteration 130
server: 	Starting BMC
server: 	Starting k-induction
server: Starting iteration 131
server: 	Starting BMC
server: 	Starting k-induction
server: Starting iteration 132
server: 	Starting BMC
server: 	Starting k-induction
server: Starting iteration 133
server: 	Starting BMC
server: 	Starting k-induction
server: Starting iteration 134
server: 	Starting BMC
server: 	Starting k-induction
server: Starting iteration 135
server: 	Starting BMC
server: 	Starting k-induction
server: Starting iteration 136
server: 	Starting BMC
server: 	Starting k-induction
server: Starting iteration 137
server: 	Starting BMC
server: 	Starting k-induction
server: Starting iteration 138
server: 	Starting BMC
server: 	Starting k-induction
server: Starting iteration 139
server: 	Starting BMC
server: 	Starting k-induction
server: Starting iteration 140
server: 	Starting BMC
server: 	Starting k-induction
server: Starting iteration 141
server: 	Starting BMC
server: 	Starting k-induction
server: Starting iteration 142
server: 	Starting BMC
server: 	Starting k-induction
server: Starting iteration 143
server: 	Starting BMC
server: 	Starting k-induction
server: Starting iteration 144
server: 	Starting BMC
server: 	Starting k-induction
server: Starting iteration 145
server: 	Starting BMC
server: 	Starting k-induction
server: Starting iteration 146
server: 	Starting BMC
server: 	Starting k-induction
server: Starting iteration 147
server: 	Starting BMC
server: 	Starting k-induction
server: Starting iteration 148
server: 	Starting BMC
server: 	Starting k-induction
server: Starting iteration 149
server: 	Starting BMC
server: 	Starting k-induction
server: Starting iteration 150
server: 	Starting BMC
server: 	Starting k-induction
server: Starting iteration 151
server: 	Starting BMC
server: 	Starting k-induction
server: Starting iteration 152
server: 	Starting BMC
server: 	Starting k-induction
server: Starting iteration 153
server: 	Starting BMC
server: 	Starting k-induction
server: Starting iteration 154
server: 	Starting BMC
server: 	Starting k-induction
server: Starting iteration 155
server: 	Starting BMC
server: 	Starting k-induction
server: Starting iteration 156
server: 	Starting BMC
server: 	Starting k-induction
server: Starting iteration 157
server: 	Starting BMC
server: 	Starting k-induction
server: Starting iteration 158
server: 	Starting BMC
server: 	Starting k-induction
server: Starting iteration 159
server: 	Starting BMC
server: 	Starting k-induction
server: Starting iteration 160
server: 	Starting BMC
server: 	Starting k-induction
server: Starting iteration 161
server: 	Starting BMC
server: 	Starting k-induction
server: Starting iteration 162
server: 	Starting BMC
server: 	Starting k-induction
server: Starting iteration 163
server: 	Starting BMC
server: 	Starting k-induction
server: Starting iteration 164
server: 	Starting BMC
server: 	Starting k-induction
server: Starting iteration 165
server: 	Starting BMC
server: 	Starting k-induction
server: Starting iteration 166
server: 	Starting BMC
server: 	Starting k-induction
server: Starting iteration 167
server: 	Starting BMC
server: 	Starting k-induction
server: Starting iteration 168
server: 	Starting BMC
server: 	Starting k-induction
server: Starting iteration 169
server: 	Starting BMC
server: 	Starting k-induction
server: Starting iteration 170
server: 	Starting BMC
server: 	Starting k-induction
server: Starting iteration 171
server: 	Starting BMC
server: 	Starting k-induction
server: Starting iteration 172
server: 	Starting BMC
server: 	Starting k-induction
server: Starting iteration 173
server: 	Starting BMC
server: 	Starting k-induction
server: Starting iteration 174
server: 	Starting BMC
server: 	Starting k-induction
server: Starting iteration 175
server: 	Starting BMC
server: 	Starting k-induction
server: Starting iteration 176
server: 	Starting BMC
server: 	Starting k-induction
server: Starting iteration 177
server: 	Starting BMC
server: 	Starting k-induction
server: Starting iteration 178
server: 	Starting BMC
server: 	Starting k-induction
server: Starting iteration 179
server: 	Starting BMC
server: 	Starting k-induction
server: Starting iteration 180
server: 	Starting BMC
server: 	Starting k-induction
server: Starting iteration 181
server: 	Starting BMC
server: 	Starting k-induction
server: Starting iteration 182
server: 	Starting BMC
server: 	Starting k-induction
server: Starting iteration 183
server: 	Starting BMC
server: 	Starting k-induction
server: Starting iteration 184
server: 	Starting BMC
server: 	Starting k-induction
server: Starting iteration 185
server: 	Starting BMC
server: 	Starting k-induction
server: Starting iteration 186
server: 	Starting BMC
server: 	Starting k-induction
server: Starting iteration 187
server: 	Starting BMC
server: 	Starting k-induction
server: Starting iteration 188
server: 	Starting BMC
server: 	Starting k-induction
server: Starting iteration 189
server: 	Starting BMC
server: 	Starting k-induction
server: Starting iteration 190
server: 	Starting BMC
server: 	Starting k-induction
server: Starting iteration 191
server: 	Starting BMC
server: 	Starting k-induction
server: Starting iteration 192
server: 	Starting BMC
server: 	Starting k-induction
server: Starting iteration 193
server: 	Starting BMC
server: 	Starting k-induction
server: Starting iteration 194
server: 	Starting BMC
server: 	Starting k-induction
server: Starting iteration 195
server: 	Starting BMC
server: 	Starting k-induction
server: Starting iteration 196
server: 	Starting BMC
server: 	Starting k-induction
server: Starting iteration 197
server: 	Starting BMC
server: 	Starting k-induction
server: Starting iteration 198
server: 	Starting BMC
server: 	Starting k-induction
server: Starting iteration 199
server: 	Starting BMC
server: 	Starting k-induction
server: Starting iteration 200
server: 	Starting BMC
server: 	Starting k-induction
server: Starting iteration 201
server: 	Starting BMC
server: 	Starting k-induction
server: Starting iteration 202
server: 	Starting BMC
server: 	Starting k-induction
server: Starting iteration 203
server: 	Starting BMC
server: 	Starting k-induction
server: Starting iteration 204
server: 	Starting BMC
server: 	Starting k-induction
server: Starting iteration 205
server: 	Starting BMC
server: 	Starting k-induction
server: Starting iteration 206
server: 	Starting BMC
server: 	Starting k-induction
server: Starting iteration 207
server: 	Starting BMC
server: 	Starting k-induction
server: Starting iteration 208
server: 	Starting BMC
server: 	Starting k-induction
server: Starting iteration 209
server: 	Starting BMC
server: 	Starting k-induction
server: Starting iteration 210
server: 	Starting BMC
server: 	Starting k-induction
server: Starting iteration 211
server: 	Starting BMC
server: 	Starting k-induction
server: Starting iteration 212
server: 	Starting BMC
server: 	Starting k-induction
server: Starting iteration 213
server: 	Starting BMC
server: 	Starting k-induction
server: Starting iteration 214
server: 	Starting BMC
server: 	Starting k-induction
server: Starting iteration 215
server: 	Starting BMC
server: 	Starting k-induction
server: Starting iteration 216
server: 	Starting BMC
server: 	Starting k-induction
server: Starting iteration 217
server: 	Starting BMC
server: 	Starting k-induction
server: Starting iteration 218
server: 	Starting BMC
server: 	Starting k-induction
server: Starting iteration 219
server: 	Starting BMC
server: 	Starting k-induction
server: Starting iteration 220
server: 	Starting BMC
server: 	Starting k-induction
server: Starting iteration 221
server: 	Starting BMC
server: 	Starting k-induction
server: Starting iteration 222
server: 	Starting BMC
server: 	Starting k-induction
server: Starting iteration 223
server: 	Starting BMC
server: 	Starting k-induction
server: Starting iteration 224
server: 	Starting BMC
server: 	Starting k-induction
server: Starting iteration 225
server: 	Starting BMC
server: 	Starting k-induction
server: Starting iteration 226
server: 	Starting BMC
server: 	Starting k-induction
server: Starting iteration 227
server: 	Starting BMC
server: 	Starting k-induction
server: Starting iteration 228
server: 	Starting BMC
server: 	Starting k-induction
server: Starting iteration 229
server: 	Starting BMC
server: 	Starting k-induction
server: Starting iteration 230
server: 	Starting BMC
server: 	Starting k-induction
server: Starting iteration 231
server: 	Starting BMC
server: 	Starting k-induction
server: Starting iteration 232
server: 	Starting BMC
server: 	Starting k-induction
server: Starting iteration 233
server: 	Starting BMC
server: 	Starting k-induction
server: Starting iteration 234
server: 	Starting BMC
server: 	Starting k-induction
server: Starting iteration 235
server: 	Starting BMC
server: 	Starting k-induction
server: Starting iteration 236
server: 	Starting BMC
server: 	Starting k-induction
server: Starting iteration 237
server: 	Starting BMC
server: 	Starting k-induction
server: Starting iteration 238
server: 	Starting BMC
server: 	Starting k-induction
server: Starting iteration 239
server: 	Starting BMC
server: 	Starting k-induction
server: Starting iteration 240
server: 	Starting BMC
server: 	Starting k-induction
server: Starting iteration 241
server: 	Starting BMC
server: 	Starting k-induction
server: Starting iteration 242
server: 	Starting BMC
server: 	Starting k-induction
server: Starting iteration 243
server: 	Starting BMC
server: 	Starting k-induction
server: Starting iteration 244
server: 	Starting BMC
server: 	Starting k-induction
server: Starting iteration 245
server: 	Starting BMC
server: 	Starting k-induction
server: Starting iteration 246
server: 	Starting BMC
server: 	Starting k-induction
server: Starting iteration 247
server: 	Starting BMC
server: 	Starting k-induction
server: Starting iteration 248
server: 	Starting BMC
server: 	Starting k-induction
server: Starting iteration 249
server: 	Starting BMC
server: 	Starting k-induction
server: Starting iteration 250
server: 	Starting BMC
server: 	Starting k-induction
server: Starting iteration 251
server: 	Starting BMC
server: 	Starting k-induction
server: Starting iteration 252
server: 	Starting BMC
server: 	Starting k-induction
server: Starting iteration 253
server: 	Starting BMC
server: 	Starting k-induction
server: Starting iteration 254
server: 	Starting BMC
server: 	Starting k-induction
server: Starting iteration 255
server: 	Starting BMC
server: 	Starting k-induction
server: Starting iteration 256
server: 	Starting BMC
server: 	Starting k-induction
server: Starting iteration 257
server: 	Starting BMC
server: 	Starting k-induction
server: Starting iteration 258
server: 	Starting BMC
server: 	Starting k-induction
server: Starting iteration 259
server: 	Starting BMC
server: 	Starting k-induction
server: Starting iteration 260
server: 	Starting BMC
server: 	Starting k-induction
server: Starting iteration 261
server: 	Starting BMC
server: 	Starting k-induction
server: Starting iteration 262
server: 	Starting BMC
server: 	Starting k-induction
server: Starting iteration 263
server: 	Starting BMC
server: 	Starting k-induction
server: Starting iteration 264
server: 	Starting BMC
server: 	Starting k-induction
server: Starting iteration 265
server: 	Starting BMC
server: 	Starting k-induction
server: Starting iteration 266
server: 	Starting BMC
server: 	Starting k-induction
server: Starting iteration 267
server: 	Starting BMC
server: 	Starting k-induction
server: Starting iteration 268
server: 	Starting BMC
server: 	Starting k-induction
server: Starting iteration 269
server: 	Starting BMC
server: 	Starting k-induction
server: Starting iteration 270
server: 	Starting BMC
server: 	Starting k-induction
server: Starting iteration 271
server: 	Starting BMC
server: 	Starting k-induction
server: Starting iteration 272
server: 	Starting BMC
server: 	Starting k-induction
server: Starting iteration 273
server: 	Starting BMC
server: 	Starting k-induction
server: Starting iteration 274
server: 	Starting BMC
server: 	Starting k-induction
server: Starting iteration 275
server: 	Starting BMC
server: 	Starting k-induction
server: Starting iteration 276
server: 	Starting BMC
server: 	Starting k-induction
server: Starting iteration 277
server: 	Starting BMC
server: 	Starting k-induction
server: Starting iteration 278
server: 	Starting BMC
server: 	Starting k-induction
server: Starting iteration 279
server: 	Starting BMC
server: 	Starting k-induction
server: Starting iteration 280
server: 	Starting BMC
server: 	Starting k-induction
server: Starting iteration 281
server: 	Starting BMC
server: 	Starting k-induction
server: Starting iteration 282
server: 	Starting BMC
server: 	Starting k-induction
server: Starting iteration 283
server: 	Starting BMC
server: 	Starting k-induction
server: Starting iteration 284
server: 	Starting BMC
server: 	Starting k-induction
server: Starting iteration 285
server: 	Starting BMC
server: 	Starting k-induction
server: Starting iteration 286
server: 	Starting BMC
server: 	Starting k-induction
server: Starting iteration 287
server: 	Starting BMC
server: 	Starting k-induction
server: Starting iteration 288
server: 	Starting BMC
server: 	Starting k-induction
server: Starting iteration 289
server: 	Starting BMC
server: 	Starting k-induction
server: Starting iteration 290
server: 	Starting BMC
server: 	Starting k-induction
server: Starting iteration 291
server: 	Starting BMC
server: 	Starting k-induction
server: Starting iteration 292
server: 	Starting BMC
server: 	Starting k-induction
server: Starting iteration 293
server: 	Starting BMC
server: 	Starting k-induction
server: Starting iteration 294
server: 	Starting BMC
server: 	Starting k-induction
server: Starting iteration 295
server: 	Starting BMC
server: 	Starting k-induction
server: Starting iteration 296
server: 	Starting BMC
server: 	Starting k-induction
server: Starting iteration 297
server: 	Starting BMC
server: 	Starting k-induction
server: Starting iteration 298
server: 	Starting BMC
server: 	Starting k-induction
server: Starting iteration 299
server: 	Starting BMC
server: 	Starting k-induction
server: Starting iteration 300
server: 	Starting BMC
server: 	Starting k-induction
server: Starting iteration 301
server: 	Starting BMC
server: 	Starting k-induction
server: Starting iteration 302
server: 	Starting BMC
server: 	Starting k-induction
server: Starting iteration 303
server: 	Starting BMC
server: 	Starting k-induction
server: Starting iteration 304
server: 	Starting BMC
server: 	Starting k-induction
server: Starting iteration 305
server: 	Starting BMC
server: 	Starting k-induction
server: Starting iteration 306
server: 	Starting BMC
server: 	Starting k-induction
server: Starting iteration 307
server: 	Starting BMC
server: 	Starting k-induction
server: Starting iteration 308
server: 	Starting BMC
server: 	Starting k-induction
server: Starting iteration 309
server: 	Starting BMC
server: 	Starting k-induction
server: Starting iteration 310
server: 	Starting BMC
server: 	Starting k-induction
server: Starting iteration 311
server: 	Starting BMC
server: 	Starting k-induction
server: Starting iteration 312
server: 	Starting BMC
server: 	Starting k-induction
server: Starting iteration 313
server: 	Starting BMC
server: 	Starting k-induction
server: Starting iteration 314
server: 	Starting BMC
server: 	Starting k-induction
server: Starting iteration 315
server: 	Starting BMC
server: 	Starting k-induction
server: Starting iteration 316
server: 	Starting BMC
server: 	Starting k-induction
server: Starting iteration 317
server: 	Starting BMC
server: 	Starting k-induction
server: Starting iteration 318
server: 	Starting BMC
server: 	Starting k-induction
server: Starting iteration 319
server: 	Starting BMC
server: 	Starting k-induction
server: Starting iteration 320
server: 	Starting BMC
server: 	Starting k-induction
server: Starting iteration 321
server: 	Starting BMC
server: 	Starting k-induction
server: Starting iteration 322
server: 	Starting BMC
server: 	Starting k-induction
server: Starting iteration 323
server: 	Starting BMC
server: 	Starting k-induction
server: Starting iteration 324
server: 	Starting BMC
server: 	Starting k-induction
server: Starting iteration 325
server: 	Starting BMC
server: 	Starting k-induction
server: Starting iteration 326
server: 	Starting BMC
server: 	Starting k-induction
server: Starting iteration 327
server: 	Starting BMC
server: 	Starting k-induction
server: Starting iteration 328
server: 	Starting BMC
server: 	Starting k-induction
server: Starting iteration 329
server: 	Starting BMC
server: 	Starting k-induction
server: Starting iteration 330
server: 	Starting BMC
server: 	Starting k-induction
server: Starting iteration 331
server: 	Starting BMC
server: 	Starting k-induction
server: Starting iteration 332
server: 	Starting BMC
server: 	Starting k-induction
server: Starting iteration 333
server: 	Starting BMC
server: 	Starting k-induction
server: Starting iteration 334
server: 	Starting BMC
server: 	Starting k-induction
server: Starting iteration 335
server: 	Starting BMC
server: 	Starting k-induction
server: Starting iteration 336
server: 	Starting BMC
server: 	Starting k-induction
server: Starting iteration 337
server: 	Starting BMC
server: 	Starting k-induction
server: Starting iteration 338
server: 	Starting BMC
server: 	Starting k-induction
server: Starting iteration 339
server: 	Starting BMC
server: 	Starting k-induction
server: Starting iteration 340
server: 	Starting BMC
server: 	Starting k-induction
server: Starting iteration 341
server: 	Starting BMC
server: 	Starting k-induction
server: Starting iteration 342
server: 	Starting BMC
server: 	Starting k-induction
server: Starting iteration 343
server: 	Starting BMC
server: 	Starting k-induction
server: Starting iteration 344
server: 	Starting BMC
server: 	Starting k-induction
server: Starting iteration 345
server: 	Starting BMC
server: 	Starting k-induction
server: Starting iteration 346
server: 	Starting BMC
server: 	Starting k-induction
server: Starting iteration 347
server: 	Starting BMC
server: 	Starting k-induction
server: Starting iteration 348
server: 	Starting BMC
server: 	Starting k-induction
server: Starting iteration 349
server: 	Starting BMC
server: 	Starting k-induction
server: Starting iteration 350
server: 	Starting BMC
server: 	Starting k-induction
server: Starting iteration 351
server: 	Starting BMC
server: 	Starting k-induction
server: Starting iteration 352
server: 	Starting BMC
server: 	Starting k-induction
server: Starting iteration 353
server: 	Starting BMC
server: 	Starting k-induction
server: Starting iteration 354
server: 	Starting BMC
server: 	Starting k-induction
server: Starting iteration 355
server: 	Starting BMC
server: 	Starting k-induction
server: Starting iteration 356
server: 	Starting BMC
server: 	Starting k-induction
server: Starting iteration 357
server: 	Starting BMC
server: 	Starting k-induction
server: Starting iteration 358
server: 	Starting BMC
server: 	Starting k-induction
server: Starting iteration 359
server: 	Starting BMC
server: 	Starting k-induction
server: Starting iteration 360
server: 	Starting BMC
server: 	Starting k-induction
server: Starting iteration 361
server: 	Starting BMC
server: 	Starting k-induction
server: Starting iteration 362
server: 	Starting BMC
server: 	Starting k-induction
server: Starting iteration 363
server: 	Starting BMC
server: 	Starting k-induction
server: Starting iteration 364
server: 	Starting BMC
server: 	Starting k-induction
server: Starting iteration 365
server: 	Starting BMC
server: 	Starting k-induction
server: Starting iteration 366
server: 	Starting BMC
server: 	Starting k-induction
server: Starting iteration 367
server: 	Starting BMC
server: 	Starting k-induction
server: Starting iteration 368
server: 	Starting BMC
server: 	Starting k-induction
server: Starting iteration 369
server: 	Starting BMC
server: 	Starting k-induction
server: Starting iteration 370
server: 	Starting BMC
server: 	Starting k-induction
server: Starting iteration 371
server: 	Starting BMC
server: 	Starting k-induction
server: Starting iteration 372
server: 	Starting BMC
server: 	Starting k-induction
server: Starting iteration 373
server: 	Starting BMC
server: 	Starting k-induction
server: Starting iteration 374
server: 	Starting BMC
server: 	Starting k-induction
server: Starting iteration 375
server: 	Starting BMC
server: 	Starting k-induction
server: Starting iteration 376
server: 	Starting BMC
server: 	Starting k-induction
server: Starting iteration 377
server: 	Starting BMC
server: 	Starting k-induction
server: Starting iteration 378
server: 	Starting BMC
server: 	Starting k-induction
server: Starting iteration 379
server: 	Starting BMC
server: 	Starting k-induction
server: Starting iteration 380
server: 	Starting BMC
server: 	Starting k-induction
server: Starting iteration 381
server: 	Starting BMC
server: 	Starting k-induction
server: Starting iteration 382
server: 	Starting BMC
server: 	Starting k-induction
server: Starting iteration 383
server: 	Starting BMC
server: 	Starting k-induction
server: Starting iteration 384
server: 	Starting BMC
server: 	Starting k-induction
server: Starting iteration 385
server: 	Starting BMC
server: 	Starting k-induction
server: Starting iteration 386
server: 	Starting BMC
server: 	Starting k-induction
server: Starting iteration 387
server: 	Starting BMC
server: 	Starting k-induction
server: Starting iteration 388
server: 	Starting BMC
server: 	Starting k-induction
server: Starting iteration 389
server: 	Starting BMC
server: 	Starting k-induction
server: Starting iteration 390
server: 	Starting BMC
server: 	Starting k-induction
server: Starting iteration 391
server: 	Starting BMC
server: 	Starting k-induction
server: Starting iteration 392
server: 	Starting BMC
server: 	Starting k-induction
server: Starting iteration 393
server: 	Starting BMC
server: 	Starting k-induction
server: Starting iteration 394
server: 	Starting BMC
server: 	Starting k-induction
server: Starting iteration 395
server: 	Starting BMC
server: 	Starting k-induction
server: Starting iteration 396
server: 	Starting BMC
server: 	Starting k-induction
server: Starting iteration 397
server: 	Starting BMC
server: 	Starting k-induction
server: Starting iteration 398
server: 	Starting BMC
server: 	Starting k-induction
server: Starting iteration 399
server: 	Starting BMC
server: 	Starting k-induction
server: Starting iteration 400
server: 	Starting BMC
server: 	Starting k-induction
server: Starting iteration 401
server: 	Starting BMC
server: 	Starting k-induction
server: Starting iteration 402
server: 	Starting BMC
server: 	Starting k-induction
server: Starting iteration 403
server: 	Starting BMC
server: 	Starting k-induction
server: Starting iteration 404
server: 	Starting BMC
server: 	Starting k-induction
server: Starting iteration 405
server: 	Starting BMC
server: 	Starting k-induction
server: Starting iteration 406
server: 	Starting BMC
server: 	Starting k-induction
server: Starting iteration 407
server: 	Starting BMC
server: 	Starting k-induction
server: Starting iteration 408
server: 	Starting BMC
server: 	Starting k-induction
server: Starting iteration 409
server: 	Starting BMC
server: 	Starting k-induction
server: Starting iteration 410
server: 	Starting BMC
server: 	Starting k-induction
server: Starting iteration 411
server: 	Starting BMC
server: 	Starting k-induction
server: Starting iteration 412
server: 	Starting BMC
server: 	Starting k-induction
server: Starting iteration 413
server: 	Starting BMC
server: 	Starting k-induction
server: Starting iteration 414
server: 	Starting BMC
server: 	Starting k-induction
server: Starting iteration 415
server: 	Starting BMC
server: 	Starting k-induction
server: Starting iteration 416
server: 	Starting BMC
server: 	Starting k-induction
server: Starting iteration 417
server: 	Starting BMC
server: 	Starting k-induction
server: Starting iteration 418
server: 	Starting BMC
server: 	Starting k-induction
server: Starting iteration 419
server: 	Starting BMC
server: 	Starting k-induction
server: Starting iteration 420
server: 	Starting BMC
server: 	Starting k-induction
server: Starting iteration 421
server: 	Starting BMC
server: 	Starting k-induction
server: Starting iteration 422
server: 	Starting BMC
server: 	Starting k-induction
server: Starting iteration 423
server: 	Starting BMC
server: 	Starting k-induction
server: Starting iteration 424
server: 	Starting BMC
server: 	Starting k-induction
server: Starting iteration 425
server: 	Starting BMC
server: 	Starting k-induction
server: Starting iteration 426
server: 	Starting BMC
server: 	Starting k-induction
server: Starting iteration 427
server: 	Starting BMC
server: 	Starting k-induction
server: Starting iteration 428
server: 	Starting BMC
server: 	Starting k-induction
server: Starting iteration 429
server: 	Starting BMC
server: 	Starting k-induction
server: Starting iteration 430
server: 	Starting BMC
server: 	Starting k-induction
server: Starting iteration 431
server: 	Starting BMC
server: 	Starting k-induction
server: Starting iteration 432
server: 	Starting BMC
server: 	Starting k-induction
server: Starting iteration 433
server: 	Starting BMC
server: 	Starting k-induction
server: Starting iteration 434
server: 	Starting BMC
server: 	Starting k-induction
server: Starting iteration 435
server: 	Starting BMC
server: 	Starting k-induction
server: Starting iteration 436
server: 	Starting BMC
server: 	Starting k-induction
server: Starting iteration 437
server: 	Starting BMC
server: 	Starting k-induction
server: Starting iteration 438
server: 	Starting BMC
server: 	Starting k-induction
server: Starting iteration 439
server: 	Starting BMC
server: 	Starting k-induction
server: Starting iteration 440
server: 	Starting BMC
server: 	Starting k-induction
server: Starting iteration 441
server: 	Starting BMC
server: 	Starting k-induction
server: Starting iteration 442
server: 	Starting BMC
server: 	Starting k-induction
server: Starting iteration 443
server: 	Starting BMC
server: 	Starting k-induction
server: Starting iteration 444
server: 	Starting BMC
server: 	Starting k-induction
server: Starting iteration 445
server: 	Starting BMC
server: 	Starting k-induction
server: Starting iteration 446
server: 	Starting BMC
server: 	Starting k-induction
server: Starting iteration 447
server: 	Starting BMC
server: 	Starting k-induction
server: Starting iteration 448
server: 	Starting BMC
server: 	Starting k-induction
server: Starting iteration 449
server: 	Starting BMC
server: 	Starting k-induction
server: Starting iteration 450
server: 	Starting BMC
server: 	Starting k-induction
server: Starting iteration 451
server: 	Starting BMC
server: 	Starting k-induction
server: Starting iteration 452
server: 	Starting BMC
server: 	Starting k-induction
server: Starting iteration 453
server: 	Starting BMC
server: 	Starting k-induction
server: Starting iteration 454
server: 	Starting BMC
server: 	Starting k-induction
server: Starting iteration 455
server: 	Starting BMC
server: 	Starting k-induction
server: Starting iteration 456
server: 	Starting BMC
server: 	Starting k-induction
server: Starting iteration 457
server: 	Starting BMC
server: 	Starting k-induction
server: Starting iteration 458
server: 	Starting BMC
server: 	Starting k-induction
server: Starting iteration 459
server: 	Starting BMC
server: 	Starting k-induction
server: Starting iteration 460
server: 	Starting BMC
server: 	Starting k-induction
server: Starting iteration 461
server: 	Starting BMC
server: 	Starting k-induction
server: Starting iteration 462
server: 	Starting BMC
server: 	Starting k-induction
server: Starting iteration 463
server: 	Starting BMC
server: 	Starting k-induction
server: Starting iteration 464
server: 	Starting BMC
server: 	Starting k-induction
server: Starting iteration 465
server: 	Starting BMC
server: 	Starting k-induction
server: Starting iteration 466
server: 	Starting BMC
server: 	Starting k-induction
server: Starting iteration 467
server: 	Starting BMC
server: 	Starting k-induction
server: Starting iteration 468
server: 	Starting BMC
server: 	Starting k-induction
server: Starting iteration 469
server: 	Starting BMC
server: 	Starting k-induction
server: Starting iteration 470
server: 	Starting BMC
server: 	Starting k-induction
server: Starting iteration 471
server: 	Starting BMC
server: 	Starting k-induction
server: Starting iteration 472
server: 	Starting BMC
server: 	Starting k-induction
server: Starting iteration 473
server: 	Starting BMC
server: 	Starting k-induction
server: Starting iteration 474
server: 	Starting BMC
server: 	Starting k-induction
server: Starting iteration 475
server: 	Starting BMC
server: 	Starting k-induction
server: Starting iteration 476
server: 	Starting BMC
server: 	Starting k-induction
server: Starting iteration 477
server: 	Starting BMC
server: 	Starting k-induction
server: Starting iteration 478
server: 	Starting BMC
server: 	Starting k-induction
server: Starting iteration 479
server: 	Starting BMC
server: 	Starting k-induction
server: Starting iteration 480
server: 	Starting BMC
server: 	Starting k-induction
server: Starting iteration 481
server: 	Starting BMC
server: 	Starting k-induction
server: Starting iteration 482
server: 	Starting BMC
server: 	Starting k-induction
server: Starting iteration 483
server: 	Starting BMC
server: 	Starting k-induction
server: Starting iteration 484
server: 	Starting BMC
server: 	Starting k-induction
server: Starting iteration 485
server: 	Starting BMC
server: 	Starting k-induction
server: Starting iteration 486
server: 	Starting BMC
server: 	Starting k-induction
server: Starting iteration 487
server: 	Starting BMC
server: 	Starting k-induction
server: Starting iteration 488
server: 	Starting BMC
server: 	Starting k-induction
server: Starting iteration 489
server: 	Starting BMC
server: 	Starting k-induction
server: Starting iteration 490
server: 	Starting BMC
server: 	Starting k-induction
server: Starting iteration 491
server: 	Starting BMC
server: 	Starting k-induction
server: Starting iteration 492
server: 	Starting BMC
server: 	Starting k-induction
server: Starting iteration 493
server: 	Starting BMC
server: 	Starting k-induction
server: Starting iteration 494
server: 	Starting BMC
server: 	Starting k-induction
server: Starting iteration 495
server: 	Starting BMC
server: 	Starting k-induction
server: Starting iteration 496
server: 	Starting BMC
server: 	Starting k-induction
server: Starting iteration 497
server: 	Starting BMC
server: 	Starting k-induction
server: Starting iteration 498
server: 	Starting BMC
server: 	Starting k-induction
server: Starting iteration 499
server: 	Starting BMC
server: 	Starting k-induction
server: Starting iteration 500
server: 	Starting BMC
server: 	Starting k-induction
server: Starting iteration 501
server: 	Starting BMC
server: 	Starting k-induction
server: Starting iteration 502
server: 	Starting BMC
server: 	Starting k-induction
server: Starting iteration 503
server: 	Starting BMC
server: 	Starting k-induction
server: Starting iteration 504
server: 	Starting BMC
server: 	Starting k-induction
server: Starting iteration 505
server: 	Starting BMC
server: 	Starting k-induction
server: Starting iteration 506
server: 	Starting BMC
server: 	Starting k-induction
server: Starting iteration 507
server: 	Starting BMC
server: 	Starting k-induction
server: Starting iteration 508
server: 	Starting BMC
server: 	Starting k-induction
server: Starting iteration 509
server: 	Starting BMC
server: 	Starting k-induction
server: Starting iteration 510
server: 	Starting BMC
server: 	Starting k-induction
server: Starting iteration 511
server: 	Starting BMC
server: 	Starting k-induction
server: Starting iteration 512
server: 	Starting BMC
server: 	Starting k-induction
server: Starting iteration 513
server: 	Starting BMC
server: 	Starting k-induction
server: Starting iteration 514
server: 	Starting BMC
server: 	Starting k-induction
server: Starting iteration 515
server: 	Starting BMC
server: 	Starting k-induction
server: Starting iteration 516
server: 	Starting BMC
server: 	Starting k-induction
server: Starting iteration 517
server: 	Starting BMC
server: 	Starting k-induction
server: Starting iteration 518
server: 	Starting BMC
server: 	Starting k-induction
server: Starting iteration 519
server: 	Starting BMC
server: 	Starting k-induction
server: Starting iteration 520
server: 	Starting BMC
server: 	Starting k-induction
server: Starting iteration 521
server: 	Starting BMC
server: 	Starting k-induction
server: Starting iteration 522
server: 	Starting BMC
server: 	Starting k-induction
server: Starting iteration 523
server: 	Starting BMC
server: 	Starting k-induction
server: Starting iteration 524
server: 	Starting BMC
server: 	Starting k-induction
server: Starting iteration 525
server: 	Starting BMC
server: 	Starting k-induction
server: Starting iteration 526
server: 	Starting BMC
server: 	Starting k-induction
server: Starting iteration 527
server: 	Starting BMC
server: 	Starting k-induction
server: Starting iteration 528
server: 	Starting BMC
server: 	Starting k-induction
server: Starting iteration 529
server: 	Starting BMC
server: 	Starting k-induction
server: Starting iteration 530
server: 	Starting BMC
server: 	Starting k-induction
server: Starting iteration 531
server: 	Starting BMC
server: 	Starting k-induction
server: Starting iteration 532
server: 	Starting BMC
server: 	Starting k-induction
server: Starting iteration 533
server: 	Starting BMC
server: 	Starting k-induction
server: Starting iteration 534
server: 	Starting BMC
server: 	Starting k-induction
server: Starting iteration 535
server: 	Starting BMC
server: 	Starting k-induction
server: Starting iteration 536
server: 	Starting BMC
server: 	Starting k-induction
server: Starting iteration 537
server: 	Starting BMC
server: 	Starting k-induction
server: Starting iteration 538
server: 	Starting BMC
server: 	Starting k-induction
server: Starting iteration 539
server: 	Starting BMC
server: 	Starting k-induction
server: Starting iteration 540
server: 	Starting BMC
server: 	Starting k-induction
server: Starting iteration 541
server: 	Starting BMC
server: 	Starting k-induction
server: Starting iteration 542
server: 	Starting BMC
server: 	Starting k-induction
server: Starting iteration 543
server: 	Starting BMC
server: 	Starting k-induction
server: Starting iteration 544
server: 	Starting BMC
server: 	Starting k-induction
server: Starting iteration 545
server: 	Starting BMC
server: 	Starting k-induction
server: Starting iteration 546
server: 	Starting BMC
server: 	Starting k-induction
server: Starting iteration 547
server: 	Starting BMC
server: 	Starting k-induction
server: Starting iteration 548
server: 	Starting BMC
server: 	Starting k-induction
server: Starting iteration 549
server: 	Starting BMC
server: 	Starting k-induction
server: Starting iteration 550
server: 	Starting BMC
server: 	Starting k-induction
server: Starting iteration 551
server: 	Starting BMC
server: 	Starting k-induction
server: Starting iteration 552
server: 	Starting BMC
server: 	Starting k-induction
server: Starting iteration 553
server: 	Starting BMC
server: 	Starting k-induction
server: Starting iteration 554
server: 	Starting BMC
server: 	Starting k-induction
server: Starting iteration 555
server: 	Starting BMC
server: 	Starting k-induction
server: Starting iteration 556
server: 	Starting BMC
server: 	Starting k-induction
server: Starting iteration 557
server: 	Starting BMC
server: 	Starting k-induction
server: Starting iteration 558
server: 	Starting BMC
server: 	Starting k-induction
server: Starting iteration 559
server: 	Starting BMC
server: 	Starting k-induction
server: Starting iteration 560
server: 	Starting BMC
server: 	Starting k-induction
server: Starting iteration 561
server: 	Starting BMC
server: 	Starting k-induction
server: Starting iteration 562
server: 	Starting BMC
server: 	Starting k-induction
server: Starting iteration 563
server: 	Starting BMC
server: 	Starting k-induction
server: Starting iteration 564
server: 	Starting BMC
server: 	Starting k-induction
server: Starting iteration 565
server: 	Starting BMC
server: 	Starting k-induction
server: Starting iteration 566
server: 	Starting BMC
server: 	Starting k-induction
server: Starting iteration 567
server: 	Starting BMC
server: 	Starting k-induction
server: Starting iteration 568
server: 	Starting BMC
server: 	Starting k-induction
server: Starting iteration 569
server: 	Starting BMC
server: 	Starting k-induction
server: Starting iteration 570
server: 	Starting BMC
server: 	Starting k-induction
server: Starting iteration 571
server: 	Starting BMC
server: 	Starting k-induction
server: Starting iteration 572
server: 	Starting BMC
server: 	Starting k-induction
server: Starting iteration 573
server: 	Starting BMC
server: 	Starting k-induction
server: Starting iteration 574
server: 	Starting BMC
server: 	Starting k-induction
server: Starting iteration 575
server: 	Starting BMC
server: 	Starting k-induction
server: Starting iteration 576
server: 	Starting BMC
server: 	Starting k-induction
server: Starting iteration 577
server: 	Starting BMC
server: 	Starting k-induction
server: Starting iteration 578
server: 	Starting BMC
server: 	Starting k-induction
server: Starting iteration 579
server: 	Starting BMC
server: 	Starting k-induction
server: Starting iteration 580
server: 	Starting BMC
server: 	Starting k-induction
server: Starting iteration 581
server: 	Starting BMC
server: 	Starting k-induction
server: Starting iteration 582
server: 	Starting BMC
server: 	Starting k-induction
server: Starting iteration 583
server: 	Starting BMC
server: 	Starting k-induction
server: Starting iteration 584
server: 	Starting BMC
server: 	Starting k-induction
server: Starting iteration 585
server: 	Starting BMC
server: 	Starting k-induction
server: Starting iteration 586
server: 	Starting BMC
server: 	Starting k-induction
server: Starting iteration 587
server: 	Starting BMC
server: 	Starting k-induction
server: Starting iteration 588
server: 	Starting BMC
server: 	Starting k-induction
server: Starting iteration 589
server: 	Starting BMC
server: 	Starting k-induction
server: Starting iteration 590
server: 	Starting BMC
server: 	Starting k-induction
server: Starting iteration 591
server: 	Starting BMC
server: 	Starting k-induction
server: Starting iteration 592
server: 	Starting BMC
server: 	Starting k-induction
server: Starting iteration 593
server: 	Starting BMC
server: 	Starting k-induction
server: Starting iteration 594
server: 	Starting BMC
server: 	Starting k-induction
server: Starting iteration 595
server: 	Starting BMC
server: 	Starting k-induction
server: Starting iteration 596
server: 	Starting BMC
server: 	Starting k-induction
server: Starting iteration 597
server: 	Starting BMC
server: 	Starting k-induction
server: Starting iteration 598
server: 	Starting BMC
server: 	Starting k-induction
server: Starting iteration 599
server: 	Starting BMC
server: 	Starting k-induction
server: Starting iteration 600
server: 	Starting BMC
server: 	Starting k-induction
server: Starting iteration 601
server: 	Starting BMC
server: 	Starting k-induction
server: Starting iteration 602
server: 	Starting BMC
server: 	Starting k-induction
server: Starting iteration 603
server: 	Starting BMC
server: 	Starting k-induction
server: Starting iteration 604
server: 	Starting BMC
server: 	Starting k-induction
server: Starting iteration 605
server: 	Starting BMC
server: 	Starting k-induction
server: Starting iteration 606
server: 	Starting BMC
server: 	Starting k-induction
server: Starting iteration 607
server: 	Starting BMC
server: 	Starting k-induction
server: Starting iteration 608
server: 	Starting BMC
server: 	Starting k-induction
server: Starting iteration 609
server: 	Starting BMC
server: 	Starting k-induction
server: Starting iteration 610
server: 	Starting BMC
server: 	Starting k-induction
server: Starting iteration 611
server: 	Starting BMC
server: 	Starting k-induction
server: Starting iteration 612
server: 	Starting BMC
server: 	Starting k-induction
server: Starting iteration 613
server: 	Starting BMC
server: 	Starting k-induction
server: Starting iteration 614
server: 	Starting BMC
server: 	Starting k-induction
server: Starting iteration 615
server: 	Starting BMC
server: 	Starting k-induction
server: Starting iteration 616
server: 	Starting BMC
server: 	Starting k-induction
server: Starting iteration 617
server: 	Starting BMC
server: 	Starting k-induction
server: Starting iteration 618
server: 	Starting BMC
server: 	Starting k-induction
server: Starting iteration 619
server: 	Starting BMC
server: 	Starting k-induction
server: Starting iteration 620
server: 	Starting BMC
server: 	Starting k-induction
server: Starting iteration 621
server: 	Starting BMC
server: 	Starting k-induction
server: Starting iteration 622
server: 	Starting BMC
server: 	Starting k-induction
server: Starting iteration 623
server: 	Starting BMC
server: 	Starting k-induction
server: Starting iteration 624
server: 	Starting BMC
server: 	Starting k-induction
server: Starting iteration 625
server: 	Starting BMC
server: 	Starting k-induction
server: Starting iteration 626
server: 	Starting BMC
server: 	Starting k-induction
server: Starting iteration 627
server: 	Starting BMC
server: 	Starting k-induction
server: Starting iteration 628
server: 	Starting BMC
server: 	Starting k-induction
server: Starting iteration 629
server: 	Starting BMC
server: 	Starting k-induction
server: Starting iteration 630
server: 	Starting BMC
server: 	Starting k-induction
server: Starting iteration 631
server: 	Starting BMC
server: 	Starting k-induction
server: Starting iteration 632
server: 	Starting BMC
server: 	Starting k-induction
server: Starting iteration 633
server: 	Starting BMC
server: 	Starting k-induction
server: Starting iteration 634
server: 	Starting BMC
server: 	Starting k-induction
server: Starting iteration 635
server: 	Starting BMC
server: 	Starting k-induction
server: Starting iteration 636
server: 	Starting BMC
server: 	Starting k-induction
server: Starting iteration 637
server: 	Starting BMC
server: 	Starting k-induction
server: Starting iteration 638
server: 	Starting BMC
server: 	Starting k-induction
server: Starting iteration 639
server: 	Starting BMC
server: 	Starting k-induction
server: Starting iteration 640
server: 	Starting BMC
server: 	Starting k-induction
server: Starting iteration 641
server: 	Starting BMC
server: 	Starting k-induction
server: Starting iteration 642
server: 	Starting BMC
server: 	Starting k-induction
server: Starting iteration 643
server: 	Starting BMC
server: 	Starting k-induction
server: Starting iteration 644
server: 	Starting BMC
server: 	Starting k-induction
server: Starting iteration 645
server: 	Starting BMC
server: 	Starting k-induction
server: Starting iteration 646
server: 	Starting BMC
server: 	Starting k-induction
server: Starting iteration 647
server: 	Starting BMC
server: 	Starting k-induction
server: Starting iteration 648
server: 	Starting BMC
server: 	Starting k-induction
server: Starting iteration 649
server: 	Starting BMC
server: 	Starting k-induction
server: Starting iteration 650
server: 	Starting BMC
server: 	Starting k-induction
server: Starting iteration 651
server: 	Starting BMC
server: 	Starting k-induction
server: Starting iteration 652
server: 	Starting BMC
server: 	Starting k-induction
server: Starting iteration 653
server: 	Starting BMC
server: 	Starting k-induction
server: Starting iteration 654
server: 	Starting BMC
server: 	Starting k-induction
server: Starting iteration 655
server: 	Starting BMC
server: 	Starting k-induction
server: Starting iteration 656
server: 	Starting BMC
server: 	Starting k-induction
server: Starting iteration 657
server: 	Starting BMC
server: 	Starting k-induction
server: Starting iteration 658
server: 	Starting BMC
server: 	Starting k-induction
server: Starting iteration 659
server: 	Starting BMC
server: 	Starting k-induction
server: Starting iteration 660
server: 	Starting BMC
server: 	Starting k-induction
server: Starting iteration 661
server: 	Starting BMC
server: 	Starting k-induction
server: Starting iteration 662
server: 	Starting BMC
server: 	Starting k-induction
server: Starting iteration 663
server: 	Starting BMC
server: 	Starting k-induction
server: Starting iteration 664
server: 	Starting BMC
server: 	Starting k-induction
server: Starting iteration 665
server: 	Starting BMC
server: 	Starting k-induction
server: Starting iteration 666
server: 	Starting BMC
server: 	Starting k-induction
server: Starting iteration 667
server: 	Starting BMC
server: 	Starting k-induction
server: Starting iteration 668
server: 	Starting BMC
server: 	Starting k-induction
server: Starting iteration 669
server: 	Starting BMC
server: 	Starting k-induction
server: Starting iteration 670
server: 	Starting BMC
server: 	Starting k-induction
server: Starting iteration 671
server: 	Starting BMC
server: 	Starting k-induction
server: Starting iteration 672
server: 	Starting BMC
server: 	Starting k-induction
server: Starting iteration 673
server: 	Starting BMC
server: 	Starting k-induction
server: Starting iteration 674
server: 	Starting BMC
server: 	Starting k-induction
server: Starting iteration 675
server: 	Starting BMC
server: 	Starting k-induction
server: Starting iteration 676
server: 	Starting BMC
server: 	Starting k-induction
server: Starting iteration 677
server: 	Starting BMC
server: 	Starting k-induction
server: Starting iteration 678
server: 	Starting BMC
server: 	Starting k-induction
server: Starting iteration 679
server: 	Starting BMC
server: 	Starting k-induction
server: Starting iteration 680
server: 	Starting BMC
server: 	Starting k-induction
server: Starting iteration 681
server: 	Starting BMC
server: 	Starting k-induction
server: Starting iteration 682
server: 	Starting BMC
server: 	Starting k-induction
server: Starting iteration 683
server: 	Starting BMC
server: 	Starting k-induction
server: Starting iteration 684
server: 	Starting BMC
server: 	Starting k-induction
server: Starting iteration 685
server: 	Starting BMC
server: 	Starting k-induction
server: Starting iteration 686
server: 	Starting BMC
server: 	Starting k-induction
server: Starting iteration 687
server: 	Starting BMC
server: 	Starting k-induction
server: Starting iteration 688
server: 	Starting BMC
server: 	Starting k-induction
server: Starting iteration 689
server: 	Starting BMC
server: 	Starting k-induction
server: Starting iteration 690
server: 	Starting BMC
server: 	Starting k-induction
server: Starting iteration 691
server: 	Starting BMC
server: 	Starting k-induction
server: Starting iteration 692
server: 	Starting BMC
server: 	Starting k-induction
server: Starting iteration 693
server: 	Starting BMC
server: 	Starting k-induction
server: Starting iteration 694
server: 	Starting BMC
server: 	Starting k-induction
server: Starting iteration 695
server: 	Starting BMC
server: 	Starting k-induction
server: Starting iteration 696
server: 	Starting BMC
server: 	Starting k-induction
server: Starting iteration 697
server: 	Starting BMC
server: 	Starting k-induction
server: Starting iteration 698
server: 	Starting BMC
server: 	Starting k-induction
server: Starting iteration 699
server: 	Starting BMC
server: 	Starting k-induction
server: Starting iteration 700
server: 	Starting BMC
server: 	Starting k-induction
server: Starting iteration 701
server: 	Starting BMC
server: 	Starting k-induction
server: Starting iteration 702
server: 	Starting BMC
server: 	Starting k-induction
server: Starting iteration 703
server: 	Starting BMC
server: 	Starting k-induction
server: Starting iteration 704
server: 	Starting BMC
server: 	Starting k-induction
server: Starting iteration 705
server: 	Starting BMC
server: 	Starting k-induction
server: Starting iteration 706
server: 	Starting BMC
server: 	Starting k-induction
server: Starting iteration 707
server: 	Starting BMC
server: 	Starting k-induction
server: Starting iteration 708
server: 	Starting BMC
server: 	Starting k-induction
server: Starting iteration 709
server: 	Starting BMC
server: 	Starting k-induction
server: Starting iteration 710
server: 	Starting BMC
server: 	Starting k-induction
server: Starting iteration 711
server: 	Starting BMC
server: 	Starting k-induction
server: Starting iteration 712
server: 	Starting BMC
server: 	Starting k-induction
server: Starting iteration 713
server: 	Starting BMC
server: 	Starting k-induction
server: Starting iteration 714
server: 	Starting BMC
server: 	Starting k-induction
server: Starting iteration 715
server: 	Starting BMC
server: 	Starting k-induction
server: Starting iteration 716
server: 	Starting BMC
server: 	Starting k-induction
server: Starting iteration 717
server: 	Starting BMC
server: 	Starting k-induction
server: Starting iteration 718
server: 	Starting BMC
server: 	Starting k-induction
server: Starting iteration 719
server: 	Starting BMC
server: 	Starting k-induction
server: Starting iteration 720
server: 	Starting BMC
server: 	Starting k-induction
server: Starting iteration 721
server: 	Starting BMC
server: 	Starting k-induction
server: Starting iteration 722
server: 	Starting BMC
server: 	Starting k-induction
server: Starting iteration 723
server: 	Starting BMC
server: 	Starting k-induction
server: Starting iteration 724
server: 	Starting BMC
server: 	Starting k-induction
server: Starting iteration 725
server: 	Starting BMC
server: 	Starting k-induction
server: Starting iteration 726
server: 	Starting BMC
server: 	Starting k-induction
server: Starting iteration 727
server: 	Starting BMC
server: 	Starting k-induction
server: Starting iteration 728
server: 	Starting BMC
server: 	Starting k-induction
server: Starting iteration 729
server: 	Starting BMC
server: 	Starting k-induction
server: Starting iteration 730
server: 	Starting BMC
server: 	Starting k-induction
server: Starting iteration 731
server: 	Starting BMC
server: 	Starting k-induction
server: Starting iteration 732
server: 	Starting BMC
server: 	Starting k-induction
server: Starting iteration 733
server: 	Starting BMC
server: 	Starting k-induction
server: Starting iteration 734
server: 	Starting BMC
server: 	Starting k-induction
server: Starting iteration 735
server: 	Starting BMC
server: 	Starting k-induction
server: Starting iteration 736
server: 	Starting BMC
server: 	Starting k-induction
server: Starting iteration 737
server: 	Starting BMC
server: 	Starting k-induction
server: Starting iteration 738
server: 	Starting BMC
server: 	Starting k-induction
server: Starting iteration 739
server: 	Starting BMC
server: 	Starting k-induction
server: Starting iteration 740
server: 	Starting BMC
server: 	Starting k-induction
server: Starting iteration 741
server: 	Starting BMC
server: 	Starting k-induction
server: Starting iteration 742
server: 	Starting BMC
server: 	Starting k-induction
server: Starting iteration 743
server: 	Starting BMC
server: 	Starting k-induction
server: Starting iteration 744
server: 	Starting BMC
server: 	Starting k-induction
server: Starting iteration 745
server: 	Starting BMC
server: 	Starting k-induction
server: Starting iteration 746
server: 	Starting BMC
server: 	Starting k-induction
server: Starting iteration 747
server: 	Starting BMC
server: 	Starting k-induction
server: Starting iteration 748
server: 	Starting BMC
server: 	Starting k-induction
server: Starting iteration 749
server: 	Starting BMC
server: 	Starting k-induction
server: Starting iteration 750
server: 	Starting BMC
server: 	Starting k-induction
server: Starting iteration 751
server: 	Starting BMC
server: 	Starting k-induction
server: Starting iteration 752
server: 	Starting BMC
server: 	Starting k-induction
server: Starting iteration 753
server: 	Starting BMC
server: 	Starting k-induction
server: Starting iteration 754
server: 	Starting BMC
server: 	Starting k-induction
server: Starting iteration 755
server: 	Starting BMC
server: 	Starting k-induction
server: Starting iteration 756
server: 	Starting BMC
server: 	Starting k-induction
server: Starting iteration 757
server: 	Starting BMC
server: 	Starting k-induction
server: Starting iteration 758
server: 	Starting BMC
server: 	Starting k-induction
server: Starting iteration 759
server: 	Starting BMC
server: 	Starting k-induction
server: Starting iteration 760
server: 	Starting BMC
server: 	Starting k-induction
server: Starting iteration 761
server: 	Starting BMC
server: 	Starting k-induction
server: Starting iteration 762
server: 	Starting BMC
server: 	Starting k-induction
server: Starting iteration 763
server: 	Starting BMC
server: 	Starting k-induction
server: Starting iteration 764
server: 	Starting BMC
server: 	Starting k-induction
server: Starting iteration 765
server: 	Starting BMC
server: 	Starting k-induction
server: Starting iteration 766
server: 	Starting BMC
server: 	Starting k-induction
server: Starting iteration 767
server: 	Starting BMC
server: 	Starting k-induction
server: Starting iteration 768
server: 	Starting BMC
server: 	Starting k-induction
server: Starting iteration 769
server: 	Starting BMC
server: 	Starting k-induction
server: Starting iteration 770
server: 	Starting BMC
server: 	Starting k-induction
server: Starting iteration 771
server: 	Starting BMC
server: 	Starting k-induction
server: Starting iteration 772
server: 	Starting BMC
server: 	Starting k-induction
server: Starting iteration 773
server: 	Starting BMC
server: 	Starting k-induction
server: Starting iteration 774
server: 	Starting BMC
server: 	Starting k-induction
server: Starting iteration 775
server: 	Starting BMC
server: 	Starting k-induction
server: Starting iteration 776
server: 	Starting BMC
server: 	Starting k-induction
server: Starting iteration 777
server: 	Starting BMC
server: 	Starting k-induction
server: Starting iteration 778
server: 	Starting BMC
server: 	Starting k-induction
server: Starting iteration 779
server: 	Starting BMC
server: 	Starting k-induction
server: Starting iteration 780
server: 	Starting BMC
server: 	Starting k-induction
server: Starting iteration 781
server: 	Starting BMC
server: 	Starting k-induction
server: Starting iteration 782
server: 	Starting BMC
server: 	Starting k-induction
server: Starting iteration 783
server: 	Starting BMC
server: 	Starting k-induction
server: Starting iteration 784
server: 	Starting BMC
server: 	Starting k-induction
