tool		Theta 6.17.6	Theta 6.17.6	Theta 6.17.6	Theta 6.17.6	Theta 6.17.6	Theta 6.17.6	Theta 6.17.6	Theta 6.17.6	Theta 6.17.6	Theta 6.17.6	Theta 6.17.6	Theta 6.17.6	Theta 6.17.6	Theta 6.17.6	Theta 6.17.6
run set		PredCart(100, true) -> KInd().SV-COMP25_unreach-call	PredCart(100, true) -> KInd().SV-COMP25_unreach-call	PredCart(100, true) -> KInd().SV-COMP25_unreach-call	PredCart(100, true) -> KInd().SV-COMP25_unreach-call	PredCart(100, true) -> KInd().SV-COMP25_unreach-call	basePredCart.SV-COMP25_unreach-call	basePredCart.SV-COMP25_unreach-call	basePredCart.SV-COMP25_unreach-call	basePredCart.SV-COMP25_unreach-call	basePredCart.SV-COMP25_unreach-call	KInd().SV-COMP25_unreach-call	KInd().SV-COMP25_unreach-call	KInd().SV-COMP25_unreach-call	KInd().SV-COMP25_unreach-call	KInd().SV-COMP25_unreach-call
sv-benchmarks/c/		status	cputime (s)	walltime (s)	memory (MB)	host	status	cputime (s)	walltime (s)	memory (MB)	host	status	cputime (s)	walltime (s)	memory (MB)	host
openssl-simplified/s3_srvr_1b.cil.yml	true	true	26.518622353	14.706440330999612	591.032320	cloud-23979	true	20.188306253	11.5442920710193	602.132480	cloud-23980	true	31.294984128	18.32252059801249	597.454848	cloud-23933
locks/test_locks_10.yml	true	TIMEOUT	990.33887748	966.9771709179986	706.785280	cloud-23933	TIMEOUT	990.381647224	963.7932557429885	665.169920	cloud-23979	true	134.421972142	123.65002636201098	970.219520	cloud-23980
locks/test_locks_11.yml	true	TIMEOUT	990.377629566	967.9498649080051	686.489600	cloud-24259	TIMEOUT	990.327724832	966.3669461579993	646.189056	cloud-23933	true	287.898587244	273.7923547659884	1119.707136	cloud-23982
locks/test_locks_12.yml	true	TIMEOUT	990.242548745	969.4573278919997	682.692608	cloud-23979	TIMEOUT	990.39366842	958.4461619009962	644.161536	cloud-23982	true	452.462712233	435.9306978380191	1163.907072	cloud-23980
locks/test_locks_13.yml	true	TIMEOUT	990.301476038	967.005258008001	755.650560	cloud-23933	TIMEOUT	990.350699487	962.7707683740009	709.382144	cloud-23933	true	656.444157682	638.4734433150152	1284.988928	cloud-23938
locks/test_locks_14-1.yml	true	TIMEOUT	990.326322778	966.802395802999	679.018496	cloud-23979	TIMEOUT	990.341794403	963.0473944590194	653.660160	cloud-23938	TIMEOUT	990.318830768	974.2238606640021	688.451584	cloud-23938
locks/test_locks_14-2.yml	false	false(unreach-call)	21.821028578	11.703613885998493	617.320448	cloud-24259	false(unreach-call)	26.671097408	14.629305865993956	589.524992	cloud-23938	false(unreach-call)	84.173625462	71.59157721401425	616.439808	cloud-23979
locks/test_locks_15-1.yml	false	false(unreach-call)	24.442901217	13.658588090002013	608.727040	cloud-24259	false(unreach-call)	32.733186863	17.6428922819905	682.045440	cloud-23982	false(unreach-call)	109.612099309	97.0029782380152	610.373632	cloud-23933
locks/test_locks_15-2.yml	true	TIMEOUT	990.298113275	968.1665087630026	681.476096	cloud-23933	TIMEOUT	990.437265299	963.0784937189892	679.632896	cloud-23979	TIMEOUT	990.274579436	974.2322329529852	654.864384	cloud-23933
locks/test_locks_5.yml	true	true	28.536645431	15.639527689000005	613.777408	cloud-23979	true	22.509704471	12.737121929007117	607.076352	cloud-23979	true	30.878841558	17.449582424014807	559.263744	cloud-23979
locks/test_locks_6.yml	true	true	29.546253982	17.848571238981094	600.596480	cloud-23939	true	29.512351719	18.916140585992252	638.881792	cloud-23982	true	26.984352971	16.62600849600858	661.786624	cloud-23979
locks/test_locks_7.yml	true	true	55.290619678	43.159309901995584	598.515712	cloud-23979	true	56.93511148	43.675664531998336	610.471936	cloud-23939	true	44.447400411	31.0902045010007	634.945536	cloud-23982
locks/test_locks_8.yml	true	true	204.650199265	176.7642865079979	1447.911424	cloud-24259	true	197.775477209	178.63127244799398	676.757504	cloud-23979	true	52.250718267	41.60581666600774	798.711808	cloud-23980
locks/test_locks_9.yml	true	true	864.290544184	830.6367110760002	1754.255360	cloud-23979	TIMEOUT	990.325105831	969.0894738859788	694.935552	cloud-23980	true	96.191328243	82.73895219000406	953.765888	cloud-23982
ntdrivers/cdaudio.i.cil-1.yml	false	ERROR (frontend failed, before parsing finished)	6.716874105	3.5742330260000017	250.978304	cloud-23933	ERROR (frontend failed, before parsing finished)	7.185820097	3.802562794997357	217.853952	cloud-23933	ERROR (frontend failed, before parsing finished)	7.785378369	4.124300367984688	233.410560	cloud-23933
ntdrivers/diskperf.i.cil-1.yml	true	ERROR (frontend failed, before parsing finished)	5.568619417	3.007778872997733	191.963136	cloud-23979	ERROR (frontend failed, before parsing finished)	8.593795228	4.5345909430179745	217.423872	cloud-23982	ERROR (frontend failed, before parsing finished)	5.701986697	3.075857514020754	206.913536	cloud-23939
ntdrivers/diskperf.i.cil-2.yml	false	ERROR (frontend failed, before parsing finished)	5.77053291	3.0952109019999625	197.066752	cloud-23933	ERROR (frontend failed, before parsing finished)	7.079631005	3.7804212780029047	214.364160	cloud-23938	ERROR (frontend failed, before parsing finished)	7.203110282	3.898226674005855	210.583552	cloud-23938
ntdrivers/floppy.i.cil-1.yml	false	ERROR (frontend failed, before parsing finished)	6.276352122	3.3898660539998673	210.952192	cloud-23933	ERROR (frontend failed, before parsing finished)	5.775977168	3.0827414600062184	222.650368	cloud-23980	ERROR (frontend failed, before parsing finished)	8.020133875	4.303504225012148	213.045248	cloud-23938
ntdrivers/floppy.i.cil-3.yml	true	ERROR (frontend failed, before parsing finished)	7.973993244	4.188113054999121	224.669696	cloud-23933	ERROR (frontend failed, before parsing finished)	5.655280719	3.0296699019963853	231.387136	cloud-23980	ERROR (frontend failed, before parsing finished)	8.444178663	4.497721324994927	214.384640	cloud-23938
ntdrivers/kbfiltr.i.cil-2.yml	false	ERROR (frontend failed, before parsing finished)	5.423368255	2.940913513997657	194.416640	cloud-24259	ERROR (frontend failed, before parsing finished)	6.193591632	3.3533540010103025	209.739776	cloud-23980	ERROR (frontend failed, before parsing finished)	4.672414326	2.5488611749897245	198.569984	cloud-23980
ntdrivers/parport.i.cil-1.yml	false	ERROR (frontend failed, before parsing finished)	9.808152351	5.182966956999735	278.347776	cloud-23933	ERROR (frontend failed, before parsing finished)	7.965397652	4.305876437982079	260.632576	cloud-23982	ERROR (frontend failed, before parsing finished)	9.057361622	4.752448811021168	260.378624	cloud-23980
ntdrivers/parport.i.cil-2.yml	true	ERROR (frontend failed, before parsing finished)	8.713101041	4.596156522995443	220.606464	cloud-23933	ERROR (frontend failed, before parsing finished)	6.87326655	3.6756057570164558	251.695104	cloud-23979	ERROR (frontend failed, before parsing finished)	7.445916406	3.9783390700176824	237.789184	cloud-23979
memory-model/2SB.yml	false	ERROR (frontend failed, before parsing finished)	3.04317276	1.726713905998622	129.433600	cloud-24259	ERROR (frontend failed, before parsing finished)	3.34101483	1.9326321389817167	115.085312	cloud-23980	ERROR (frontend failed, before parsing finished)	2.448147275	1.4243625230155885	132.300800	cloud-23980
memory-model/4SB.yml	false	ERROR (frontend failed, before parsing finished)	3.070823764	1.7320113989990205	132.366336	cloud-24259	ERROR (frontend failed, before parsing finished)	2.983768871	1.719678344001295	124.805120	cloud-23980	ERROR (frontend failed, before parsing finished)	3.447389274	1.9612463229859713	131.399680	cloud-23933
unsignedintegeroverflow-sas23/bilinear_interpolation.yml	true	TIMEOUT	990.37211264	969.4980672680031	1923.190784	cloud-24259	TIMEOUT	990.503024067	967.7923893420084	1652.506624	cloud-23933	TIMEOUT	990.768582874	967.2654638770036	4466.397184	cloud-23979
unsignedintegeroverflow-sas23/cancel_var_through_overflow.yml	true	TIMEOUT	990.200844909	977.6787125269984	602.034176	cloud-23979	TIMEOUT	990.249840458	977.3522058749804	581.959680	cloud-23979	TIMEOUT	990.232205403	977.7418494230078	560.054272	cloud-23982
unsignedintegeroverflow-sas23/distance_through_overflow.yml	true	true	22.714983971	12.491988460998982	593.666048	cloud-23933	true	21.614921186	11.635145431006094	660.054016	cloud-23980	TIMEOUT	990.23858182	978.2187469649944	523.288576	cloud-23980
unsignedintegeroverflow-sas23/linear_interpolation.yml	true	TIMEOUT	990.272804714	970.6304426219976	624.476160	cloud-23933	TIMEOUT	990.254301212	976.5853944069822	592.527360	cloud-23979	TIMEOUT	990.289992147	975.0161262789916	617.672704	cloud-23979
unsignedintegeroverflow-sas23/linear_interpolation_2.yml	true	TIMEOUT	990.254090793	973.695017348	577.159168	cloud-23933	TIMEOUT	990.237475507	978.3235173180001	578.002944	cloud-23979	TIMEOUT	990.271912956	974.8772314889939	577.560576	cloud-23938
longjmp/68-longjmp_04-counting-local_true.yml	true	ERROR (generic error, after parsing finished)	22.746474989	12.470041368000238	554.094592	cloud-23933	ERROR (server error, after parsing finished)	21.273129351	11.535242817015387	562.180096	cloud-23980	ERROR (generic error, after parsing finished)	15.277217801	8.53622830400127	499.306496	cloud-23980
longjmp/68-longjmp_04-counting-local_unknown_1_neg.yml	false	ERROR (generic error, after parsing finished)	25.142588306	13.644739908999327	544.731136	cloud-24259	ERROR (server error, after parsing finished)	16.833616022	9.383883842005162	545.259520	cloud-23933	ERROR (generic error, after parsing finished)	19.734686197	10.797397354996065	538.804224	cloud-23938
longjmp/68-longjmp_04-counting-local_unknown_1_pos.yml	false	ERROR (generic error, after parsing finished)	21.441586694	11.749439865991008	581.709824	cloud-23943	ERROR (server error, after parsing finished)	17.79382434	9.769249331002356	528.867328	cloud-23980	ERROR (generic error, after parsing finished)	21.495341297	11.628856722993078	506.486784	cloud-23938
longjmp/68-longjmp_05-heap-counting-return-one-method_true.yml	true	ERROR (frontend failed, before parsing finished)	3.168235313	1.7824500299975625	183.693312	cloud-23979	ERROR (frontend failed, before parsing finished)	3.692357883	2.104812091012718	191.729664	cloud-23980	ERROR (frontend failed, before parsing finished)	4.554721504	2.561477334005758	153.444352	cloud-23933
longjmp/68-longjmp_05-heap-counting-return-one-method_unknown_1_neg.yml	false	ERROR (frontend failed, before parsing finished)	4.355573274	2.4946187640016433	152.952832	cloud-23933	ERROR (frontend failed, before parsing finished)	3.727307507	2.051173060986912	187.363328	cloud-23933	ERROR (frontend failed, before parsing finished)	4.447160977	2.436731055000564	154.902528	cloud-23938
longjmp/68-longjmp_05-heap-counting-return-one-method_unknown_1_pos.yml	false	ERROR (frontend failed, before parsing finished)	5.152610998	2.808573118003551	186.449920	cloud-23933	ERROR (frontend failed, before parsing finished)	3.410796349	1.9211869679857045	187.465728	cloud-23933	ERROR (frontend failed, before parsing finished)	4.599365124	2.555549445009092	184.786944	cloud-23933
longjmp/68-longjmp_07-returns_true.yml	true	ERROR (generic error, after parsing finished)	22.316072501	12.209449343994493	584.294400	cloud-24259	ERROR (server error, after parsing finished)	19.155925426	10.466121772013139	548.339712	cloud-23980	ERROR (generic error, after parsing finished)	18.548792977	10.113273113995092	470.654976	cloud-23979
longjmp/68-longjmp_11-counting-return_true.yml	true	ERROR (generic error, after parsing finished)	25.549312243	14.011903252998309	565.047296	cloud-24259	ERROR (server error, after parsing finished)	17.906039846	9.792375595017802	545.390592	cloud-23980	ERROR (generic error, after parsing finished)	16.652231403	9.043214628007263	502.390784	cloud-23980
longjmp/68-longjmp_11-counting-return_unknown_1_neg.yml	false	ERROR (generic error, after parsing finished)	19.649401545	10.773141244004364	568.188928	cloud-23933	ERROR (server error, after parsing finished)	17.815388924	9.91462418701849	550.043648	cloud-23982	ERROR (generic error, after parsing finished)	15.679822008	8.840894449996995	516.169728	cloud-23980
longjmp/68-longjmp_11-counting-return_unknown_1_pos.yml	false	ERROR (generic error, after parsing finished)	21.557067071	12.14326867699856	614.854656	cloud-23979	ERROR (server error, after parsing finished)	18.412714759	10.20228968502488	548.737024	cloud-23933	ERROR (generic error, after parsing finished)	16.307400138	9.56494189798832	512.765952	cloud-23980
longjmp/68-longjmp_12-counting-global_true.yml	true	ERROR (generic error, after parsing finished)	22.254333327	12.195937043000015	545.378304	cloud-23933	ERROR (server error, after parsing finished)	19.247537525	10.43892083800165	585.977856	cloud-23979	ERROR (generic error, after parsing finished)	20.714394938	11.467407921998529	474.685440	cloud-23982
longjmp/68-longjmp_12-counting-global_unknown_1_neg.yml	false	ERROR (generic error, after parsing finished)	21.875378931	12.07290237199777	542.429184	cloud-24259	ERROR (server error, after parsing finished)	21.001491872	11.511801840999397	539.836416	cloud-23933	ERROR (generic error, after parsing finished)	21.469877488	12.05277865199605	500.559872	cloud-23938
longjmp/68-longjmp_12-counting-global_unknown_1_pos.yml	false	ERROR (generic error, after parsing finished)	22.942266814	12.83093863600152	502.120448	cloud-24259	ERROR (server error, after parsing finished)	22.322569934	12.150964961008867	547.749888	cloud-23938	ERROR (generic error, after parsing finished)	21.592088636	11.755281122983433	488.513536	cloud-23982
longjmp/68-longjmp_13-counting-local_true.yml	true	ERROR (generic error, after parsing finished)	23.416465248	12.85171698799968	554.405888	cloud-24259	ERROR (server error, after parsing finished)	21.791546899	11.728485627972987	524.922880	cloud-23938	ERROR (generic error, after parsing finished)	19.170027791	10.576560023997445	461.029376	cloud-23933
longjmp/68-longjmp_13-counting-local_unknown_1_neg.yml	false	ERROR (generic error, after parsing finished)	22.340364856	12.423620928999298	554.897408	cloud-24259	ERROR (server error, after parsing finished)	17.584879735	9.860530101985205	557.084672	cloud-23980	ERROR (generic error, after parsing finished)	23.955711638	12.870270849001827	495.071232	cloud-23982
longjmp/68-longjmp_13-counting-local_unknown_1_pos.yml	false	ERROR (generic error, after parsing finished)	23.682847631	12.91426289499941	572.051456	cloud-24259	ERROR (server error, after parsing finished)	16.204833111	8.97171476497897	550.932480	cloud-23982	ERROR (generic error, after parsing finished)	19.249240461	10.640699745999882	509.476864	cloud-23979
longjmp/68-longjmp_14-counting-return-one-method_true.yml	true	ERROR (generic error, after parsing finished)	26.948601672	14.740485628000897	567.365632	cloud-23979	ERROR (server error, after parsing finished)	19.034072039	10.386597610020544	538.083328	cloud-23938	ERROR (generic error, after parsing finished)	18.880865482	10.220635770005174	514.596864	cloud-23980
longjmp/68-longjmp_14-counting-return-one-method_unknown_1_neg.yml	false	ERROR (generic error, after parsing finished)	23.546206022	12.939306049999914	560.623616	cloud-24259	ERROR (server error, after parsing finished)	23.248374242	12.799698816001182	555.966464	cloud-23982	ERROR (generic error, after parsing finished)	18.049727047	9.85780772002181	507.858944	cloud-23979
longjmp/68-longjmp_14-counting-return-one-method_unknown_1_pos.yml	false	ERROR (generic error, after parsing finished)	17.933161154	9.873258371953852	544.292864	cloud-23941	ERROR (server error, after parsing finished)	16.272283733	8.891064825002104	545.161216	cloud-23980	ERROR (generic error, after parsing finished)	16.27084617	8.901452039019205	515.125248	cloud-23933
longjmp/68-longjmp_15-counting-global-one-method_true.yml	true	ERROR (generic error, after parsing finished)	27.405885426	15.061146691994509	553.877504	cloud-23933	ERROR (server error, after parsing finished)	22.616108533	12.315434479998657	560.910336	cloud-23982	ERROR (generic error, after parsing finished)	21.721952554	11.56560479599284	515.588096	cloud-23933
longjmp/68-longjmp_15-counting-global-one-method_unknown_1_neg.yml	false	ERROR (generic error, after parsing finished)	16.941807604	9.668645341997035	547.274752	cloud-23944	ERROR (server error, after parsing finished)	17.621136587	9.823270121007226	568.070144	cloud-23980	ERROR (generic error, after parsing finished)	21.183410824	11.406615671003237	492.158976	cloud-23980
longjmp/68-longjmp_15-counting-global-one-method_unknown_1_pos.yml	false	ERROR (generic error, after parsing finished)	25.316631363	13.808838853001362	524.947456	cloud-23979	ERROR (server error, after parsing finished)	20.341853306	11.052123496017884	562.040832	cloud-23933	ERROR (generic error, after parsing finished)	21.711635751	11.951039613981266	496.541696	cloud-23982
longjmp/68-longjmp_16-counting-local-one-method_true.yml	true	ERROR (generic error, after parsing finished)	23.934634403	13.240434333994926	553.136128	cloud-23933	ERROR (server error, after parsing finished)	17.001458529	9.409033793985145	656.617472	cloud-23980	ERROR (generic error, after parsing finished)	23.720266389	13.17299114499474	467.390464	cloud-23982
longjmp/68-longjmp_16-counting-local-one-method_unknown_1_neg.yml	false	ERROR (generic error, after parsing finished)	24.600982743	13.383240966002631	575.774720	cloud-24259	ERROR (server error, after parsing finished)	18.854968033	10.197040377999656	556.040192	cloud-23980	ERROR (generic error, after parsing finished)	27.078421923	14.710852310992777	509.595648	cloud-23938
longjmp/68-longjmp_16-counting-local-one-method_unknown_1_pos.yml	false	ERROR (generic error, after parsing finished)	24.161701218	13.41270420300134	556.314624	cloud-24259	ERROR (server error, after parsing finished)	23.944167825	13.109830385015812	505.692160	cloud-23982	ERROR (generic error, after parsing finished)	21.22684927	11.553698478994193	479.846400	cloud-23982
longjmp/68-longjmp_18-simple-else_true.yml	true	ERROR (generic error, after parsing finished)	25.37585934	13.68761348699627	623.382528	cloud-23979	ERROR (server error, after parsing finished)	18.253497414	10.098449706012616	547.422208	cloud-23933	ERROR (generic error, after parsing finished)	19.837906052	10.829397883993806	500.002816	cloud-23980
longjmp/68-longjmp_18-simple-else_unknown_1_neg.yml	false	ERROR (generic error, after parsing finished)	27.538825942	15.094493788001273	556.769280	cloud-24259	ERROR (server error, after parsing finished)	22.334843346	12.057922827021684	560.791552	cloud-23979	ERROR (generic error, after parsing finished)	16.094194846	8.772911220003152	510.779392	cloud-23944
longjmp/68-longjmp_18-simple-else_unknown_1_pos.yml	false	ERROR (generic error, after parsing finished)	29.529410777	15.875338004996593	581.087232	cloud-23979	ERROR (server error, after parsing finished)	21.78027228	11.84552170499228	537.202688	cloud-23979	ERROR (generic error, after parsing finished)	21.142806339	11.413479945011204	489.066496	cloud-23979
longjmp/68-longjmp_18-simple-else_unknown_2_neg.yml	false	ERROR (generic error, after parsing finished)	25.904841986	13.909619543002918	563.978240	cloud-24259	ERROR (server error, after parsing finished)	21.394541577	11.575018138973974	568.664064	cloud-23979	ERROR (generic error, after parsing finished)	22.459455793	12.226455409982009	515.452928	cloud-23933
longjmp/68-longjmp_18-simple-else_unknown_2_pos.yml	false	ERROR (generic error, after parsing finished)	20.782962623	11.470005812003365	576.712704	cloud-23979	ERROR (server error, after parsing finished)	19.798713252	10.717733871017117	572.608512	cloud-23933	ERROR (generic error, after parsing finished)	22.54936057	12.321376220992533	521.302016	cloud-23979
longjmp/68-longjmp_19-simpler_true.yml	true	ERROR (generic error, after parsing finished)	27.43840471	14.95804866799881	567.746560	cloud-24259	ERROR (server error, after parsing finished)	24.122123405	13.192528696003137	550.830080	cloud-23933	ERROR (generic error, after parsing finished)	19.527379631	10.689168899989454	545.742848	cloud-23933
longjmp/68-longjmp_20-simpler-multifun_true.yml	true	ERROR (generic error, after parsing finished)	21.573588208	11.702113068000472	598.032384	cloud-23979	ERROR (server error, after parsing finished)	24.644657841	13.336142059008125	582.774784	cloud-23938	ERROR (generic error, after parsing finished)	18.980057996	10.75758056298946	515.166208	cloud-23980
longjmp/68-longjmp_21-multifun_true.yml	true	ERROR (generic error, after parsing finished)	19.630302001	10.723657241032925	628.793344	cloud-23940	ERROR (server error, after parsing finished)	21.16409068	11.64726657999563	542.191616	cloud-23933	ERROR (generic error, after parsing finished)	21.344612406	11.624702928995248	525.893632	cloud-23979
longjmp/68-longjmp_22-multifun-arg_true.yml	true	ERROR (generic error, after parsing finished)	25.671993326	13.863408430002892	558.563328	cloud-23979	ERROR (server error, after parsing finished)	22.073759038	12.092850613989867	544.067584	cloud-23982	ERROR (generic error, after parsing finished)	20.302539431	10.977497601008508	496.881664	cloud-23979
longjmp/68-longjmp_42-poison-reduced_true.yml	true	ERROR (frontend failed, before parsing finished)	3.74273828	2.0841265700000804	154.230784	cloud-23979	ERROR (frontend failed, before parsing finished)	5.796115668	3.08052353002131	155.041792	cloud-23933	ERROR (frontend failed, before parsing finished)	4.142418787	2.252753679989837	156.463104	cloud-23980
longjmp/68-longjmp_44-simple-else-path_true.yml	true	ERROR (generic error, after parsing finished)	23.674358489	13.028869334004412	587.358208	cloud-24259	ERROR (server error, after parsing finished)	24.650695132	13.232974498008844	594.309120	cloud-23980	ERROR (generic error, after parsing finished)	21.866927725	12.25265759701142	518.017024	cloud-23980
longjmp/68-longjmp_51-worries_true.yml	true	ERROR (generic error, after parsing finished)	25.658402096	14.24056932899839	538.931200	cloud-23933	ERROR (server error, after parsing finished)	25.538240569	13.715073217987083	551.120896	cloud-23938	ERROR (generic error, after parsing finished)	26.141579609	14.198551150009735	501.792768	cloud-23982
loops/array-1.yml	true	true	20.231879264	10.978622215996438	533.938176	cloud-24259	true	19.122860204	10.57646417201613	518.873088	cloud-23980	ERROR (server error, after parsing finished)	21.651055598	12.104688010003883	463.364096	cloud-23982
loops/array-2.yml	false	false(unreach-call)	22.719821446	12.655140854003548	524.541952	cloud-23933	false(unreach-call)	18.511151464	10.395588546991348	531.132416	cloud-23979	ERROR (server error, after parsing finished)	19.786502512	10.965432592987781	464.183296	cloud-23938
loops/bubble_sort-2.yml	false	ERROR (frontend failed, before parsing finished)	2.788173353	1.5868456829994102	129.081344	cloud-24259	ERROR (frontend failed, before parsing finished)	2.750669177	1.6146999270131346	121.397248	cloud-23933	ERROR (frontend failed, before parsing finished)	2.596502761	1.4656632639816962	127.639552	cloud-23980
loops/compact.yml	false	false(unreach-call)	29.790841029	17.330646793001506	533.975040	cloud-23979	false(unreach-call)	19.349656502	11.054051429004176	532.279296	cloud-23944	ERROR (server error, after parsing finished)	19.98514824	10.899656647990923	462.213120	cloud-23938
loops/count_up_down-1.yml	true	TIMEOUT	990.424060284	960.0571175469995	1829.089280	cloud-23933	ERROR (solver error, after parsing finished)	394.068207981	325.8499470749812	2083.819520	cloud-23933	TIMEOUT	990.178926392	978.0531257019902	630.231040	cloud-23982
loops/count_up_down-2.yml	false	false(unreach-call)	21.016829685	11.789634992994252	627.740672	cloud-24259	false(unreach-call)	19.850235441	11.044443424005294	589.348864	cloud-23933	false(unreach-call)	16.291542098	9.228559827024583	555.630592	cloud-23980
loops/eureka_01-2.yml	true	ERROR (server error, after parsing finished)	159.993183271	132.1019795070024	1484.808192	cloud-24259	TIMEOUT	990.644237916	961.4527332639846	2725.974016	cloud-23982	ERROR (server error, after parsing finished)	19.562133911	10.664523198007373	524.029952	cloud-23933
loops/eureka_05.yml	true	TIMEOUT	991.956311416	518.2266722949571	2132.754432	cloud-23943	TIMEOUT	991.391394201	523.6989145590051	2113.228800	cloud-23982	ERROR (server error, after parsing finished)	17.481392455	9.74430153297726	536.891392	cloud-23933
loops/for_bounded_loop1.yml	false	false(unreach-call)	19.008787215	10.646809502999531	549.994496	cloud-23979	false(unreach-call)	22.936235404	12.465574853005819	583.819264	cloud-23933	false(unreach-call)	23.981621504	13.187745662988164	558.010368	cloud-23933
loops/for_infinite_loop_1.yml	true	true	16.819534247	9.642907507000928	554.668032	cloud-23979	true	19.941301061	10.822882890992332	591.884288	cloud-23938	true	19.413932993	10.984345047996612	539.848704	cloud-23933
loops/for_infinite_loop_2.yml	true	true	21.120868347	11.518117792002158	552.808448	cloud-24259	true	17.92502404	10.040927135007223	543.391744	cloud-23979	true	19.825864691	11.20046866600751	541.364224	cloud-23979
loops/heavy-1.yml	false	ERROR (server error, after parsing finished)	230.679782878	211.7054639859998	722.067456	cloud-23933	TIMEOUT	990.275272719	974.4223934249894	776.228864	cloud-23980	ERROR (server error, after parsing finished)	19.684287005	10.853611081984127	484.122624	cloud-23979
loops/heavy-2.yml	true	true	15.88219658	9.12346032098867	541.605888	cloud-23944	true	19.74366127	10.696992987999693	510.525440	cloud-23933	ERROR (server error, after parsing finished)	15.787396908	8.83686892100377	473.845760	cloud-23980
loops/insertion_sort-1-2.yml	false	ERROR (server error, after parsing finished)	130.691703092	113.88470261100156	730.882048	cloud-24259	ERROR (verification stuck, after parsing finished)	69.732121076	57.79438087402377	708.661248	cloud-23980	ERROR (server error, after parsing finished)	17.074636293	9.485650101996725	539.201536	cloud-23980
loops/insertion_sort-2-2.yml	true	ERROR (server error, after parsing finished)	155.16086431	136.15700018099596	874.639360	cloud-23933	TIMEOUT	990.277991699	972.414662272	685.309952	cloud-23980	ERROR (server error, after parsing finished)	19.26502788	10.616016209009103	532.328448	cloud-23982
loops/invert_string-1.yml	false	false(unreach-call)	24.999286541	14.087254482000048	570.769408	cloud-23979	false(unreach-call)	24.713773673	14.209110682975734	563.744768	cloud-23980	ERROR (server error, after parsing finished)	18.938971922	10.334121986990795	516.304896	cloud-23933
loops/invert_string-3.yml	true	ERROR (server error, after parsing finished)	830.937186513	472.14328066599774	2094.043136	cloud-23933	TIMEOUT	991.977416434	607.7758598969958	2093.719552	cloud-23979	ERROR (server error, after parsing finished)	18.380600713	10.095328602998052	469.200896	cloud-23979
loops/linear_sea.ch.yml	true	ERROR (generic error, after parsing finished)	26.802625787	14.93926827499672	554.127360	cloud-23979	ERROR (server error, after parsing finished)	22.823324191	12.447391695022816	559.370240	cloud-23979	ERROR (generic error, after parsing finished)	17.919785562	9.932747949991608	525.443072	cloud-23940
loops/linear_search.yml	false	ERROR (generic error, after parsing finished)	27.755021343	15.3032346780019	516.874240	cloud-23933	ERROR (server error, after parsing finished)	17.19528308	9.503535744996043	538.927104	cloud-23933	ERROR (generic error, after parsing finished)	17.646084018	9.79683633899549	509.005824	cloud-23979
loops/lu.cmp.yml	true	ERROR (frontend failed, before parsing finished)	2.262313863	1.2885851680039195	120.451072	cloud-23979	ERROR (frontend failed, before parsing finished)	2.319509585	1.3344605279853567	105.402368	cloud-23980	ERROR (frontend failed, before parsing finished)	3.078909395	1.7960211799945682	111.497216	cloud-23982
loops/ludcmp.yml	false	ERROR (frontend failed, before parsing finished)	3.218754265	1.820716063000873	122.990592	cloud-23933	ERROR (frontend failed, before parsing finished)	2.764114334	1.5928734129993245	116.629504	cloud-23979	ERROR (frontend failed, before parsing finished)	2.871698809	1.6562300119840074	118.845440	cloud-23982
loops/matrix-1.yml	true	ERROR (frontend failed, before parsing finished)	3.119180868	1.785223932001827	111.538176	cloud-23933	ERROR (frontend failed, before parsing finished)	3.082085327	1.7416631710075308	108.969984	cloud-23982	ERROR (frontend failed, before parsing finished)	2.616395719	1.5049059659941122	110.833664	cloud-23979
loops/matrix-2-2.yml	false	ERROR (frontend failed, before parsing finished)	2.757400689	1.5926284279994434	109.162496	cloud-24259	ERROR (frontend failed, before parsing finished)	2.096552691	1.196242586011067	106.323968	cloud-23980	ERROR (frontend failed, before parsing finished)	2.441598262	1.4098510279727634	112.525312	cloud-23933
loops/n.c11.yml	true	true	18.72642468	10.463361877998977	528.879616	cloud-23979	true	20.446041309	11.394098057993688	512.970752	cloud-23938	ERROR (server error, after parsing finished)	20.52247417	11.366770456981612	468.676608	cloud-23933
loops/n.c24.yml	false	ERROR (frontend failed, before parsing finished)	2.800736776	1.5812009450019104	141.189120	cloud-23933	ERROR (frontend failed, before parsing finished)	4.881303667	2.6624006630154327	140.804096	cloud-23982	ERROR (frontend failed, before parsing finished)	4.302429668	2.438278307992732	141.213696	cloud-23982
loops/n.c40.yml	true	true	26.766750423	14.799749516998418	964.505600	cloud-24259	true	24.254130188	13.619090173015138	967.852032	cloud-23980	ERROR (server error, after parsing finished)	17.946959906	10.056368406978436	468.602880	cloud-23979
loops/nec11.yml	false	false(unreach-call)	21.559693535	12.028486301998782	561.324032	cloud-23933	false(unreach-call)	21.720567728	11.695274177996907	513.548288	cloud-23938	ERROR (server error, after parsing finished)	14.151451528	7.939741204987513	511.242240	cloud-23944
loops/nec20.yml	false	false(unreach-call)	20.829809035	11.496573939999507	530.399232	cloud-23979	false(unreach-call)	23.824721661	12.782363890990382	556.998656	cloud-23982	ERROR (server error, after parsing finished)	21.18908827	11.552471784991212	459.816960	cloud-23980
loops/nec40.yml	true	true	22.982953788	12.922710973998619	944.279552	cloud-23979	true	27.285368824	15.504327639006078	895.557632	cloud-23982	ERROR (server error, after parsing finished)	20.910888508	11.426803428010317	523.517952	cloud-23933
loops/string-1.yml	true	true	26.041832031	14.229709981998894	554.143744	cloud-23933	true	23.118928261	12.852506787981838	588.500992	cloud-23982	ERROR (server error, after parsing finished)	23.524145802	12.897927334997803	504.700928	cloud-23982
loops/string-2.yml	false	ERROR (generic error, after parsing finished)	32.959922578	21.84639205699932	581.644288	cloud-23979	ERROR (server error, after parsing finished)	20.059339818	12.310886676015798	587.104256	cloud-23982	ERROR (server error, after parsing finished)	19.426872689	10.990094704990042	513.654784	cloud-23980
loops/sum01-2.yml	true	true	17.211917639	9.583139542999561	582.017024	cloud-23979	true	21.215755045	11.715946031006752	598.855680	cloud-23933	TIMEOUT	990.458372255	974.860354991979	1966.989312	cloud-23982
loops/sum01_bug02.yml	false	false(unreach-call)	23.154251669	12.56291807100206	602.173440	cloud-23933	false(unreach-call)	22.47096575	12.467465680994792	610.340864	cloud-23980	false(unreach-call)	21.372773444	11.669091760995798	552.947712	cloud-23933
loops/sum03-1.yml	false	false(unreach-call)	589.386119887	572.9399669330451	776.568832	cloud-23940	TIMEOUT	990.225476379	977.2650204360252	582.828032	cloud-23980	TIMEOUT	990.24673368	976.6626916399982	565.084160	cloud-23982
loops/sum03-2.yml	true	ERROR (generic error, after parsing finished)	29.911720711	19.21033140900181	603.582464	cloud-23933	ERROR (server error, after parsing finished)	29.231305031	19.795531527983258	582.422528	cloud-23979	true	214.629023389	203.88369550200878	591.945728	cloud-23979
loops/sum04-1.yml	false	false(unreach-call)	22.739263974	12.476836041001661	621.309952	cloud-23979	false(unreach-call)	21.235392196	11.868301854992751	569.794560	cloud-23979	false(unreach-call)	26.50834316	14.748708650993649	542.838784	cloud-23982
loops/sum04-2.yml	true	true	20.088715821	11.320707990998926	583.450624	cloud-23933	true	22.6052799	12.527322598005412	547.581952	cloud-23938	true	20.35485135	11.153943974000867	571.527168	cloud-23979
loops/sum_array-2-2.yml	true	ERROR (server error, after parsing finished)	132.956262798	117.9626042480013	654.532608	cloud-24259	TIMEOUT	990.566695664	962.1332876300148	933.482496	cloud-23933	ERROR (server error, after parsing finished)	20.418073611	11.081474555976456	544.010240	cloud-23980
loops/terminator_01.yml	false	false(unreach-call)	23.182705027	12.667499486000452	546.512896	cloud-23933	false(unreach-call)	25.235363904	13.818280971987406	544.284672	cloud-23982	ERROR (server error, after parsing finished)	17.343816411	9.50526287901448	467.845120	cloud-23933
loops/terminator_02-2.yml	true	true	24.152479232	13.464358213997912	588.275712	cloud-23933	true	21.314944822	11.937355220987229	542.580736	cloud-23982	true	18.221629025	9.986664646014106	561.553408	cloud-23980
loops/terminator_02-2_abstracted.yml	true	true	15.211693924	8.701805164979305	539.389952	cloud-23940	true	26.123715186	14.292102369014174	600.702976	cloud-23982	ERROR (server error, after parsing finished)	21.590262657	11.876533365022624	520.724480	cloud-23938
loops/terminator_03-2.yml	true	true	20.653379697	11.557521708000422	594.898944	cloud-24259	true	17.022393246	9.540724466991378	595.582976	cloud-23979	true	20.689876593	11.366108540998539	525.664256	cloud-23938
loops/terminator_03-2_abstracted.yml	true	true	16.873631122	9.58629715799907	665.686016	cloud-23979	true	19.212658166	10.661232910002582	576.122880	cloud-23979	true	26.791348468	14.672556024015648	547.377152	cloud-23982
loops/trex01-1.yml	false	false(unreach-call)	22.756187394	12.697845285001677	567.558144	cloud-24259	false(unreach-call)	21.071325024	11.725214223988587	581.033984	cloud-23979	false(unreach-call)	25.477139373	14.117404756019823	541.732864	cloud-23938
loops/trex01-2.yml	true	true	22.647177301	12.264629777000664	584.486912	cloud-23933	true	17.030691481	9.292939153005136	634.662912	cloud-23980	true	26.539754545	14.51667950101546	579.178496	cloud-23933
loops/trex02-1.yml	true	true	20.826031337	11.411936686003173	515.608576	cloud-23933	true	19.762135353	11.105914059997303	513.744896	cloud-23933	true	18.07260286	9.926261997024994	487.292928	cloud-23979
loops/trex02-2.yml	false	false(unreach-call)	19.146915036	10.507545168002252	548.495360	cloud-23979	false(unreach-call)	18.553141584	10.439033707982162	569.831424	cloud-23942	false(unreach-call)	23.561937006	12.837539704982191	497.180672	cloud-23933
loops/trex03-1.yml	false	false(unreach-call)	19.433610084	10.762032856000587	555.982848	cloud-24259	false(unreach-call)	20.911953141	11.343859891989268	551.624704	cloud-23980	false(unreach-call)	24.574921551	13.38868003198877	546.574336	cloud-23982
loops/trex03-2.yml	true	true	25.716205482	14.320225078998192	594.726912	cloud-23979	true	21.848210102	12.377826946991263	575.152128	cloud-23933	true	17.285092582	9.409170334984083	551.555072	cloud-23933
loops/trex03-2_abstracted.yml	true	true	19.213742555	10.511325808001857	569.520128	cloud-24259	true	19.857513655	11.032400409021648	576.372736	cloud-23938	ERROR (server error, after parsing finished)	23.184180335	13.110786895005731	516.661248	cloud-23982
loops/trex04.yml	true	true	23.054731192	12.825374095998995	565.661696	cloud-23979	true	17.146474928	9.721609425992938	598.671360	cloud-23979	true	19.150375554	10.456947044993285	509.915136	cloud-23979
loops/trex04_abstracted.yml	true	true	22.814083387	12.610774821998348	601.882624	cloud-24259	true	21.44042658	11.749011443986092	554.692608	cloud-23933	true	23.504047815	12.58463204401778	556.572672	cloud-23980
loops/veris.c_NetBSD-libc_loop.yml	true	ERROR (frontend failed, before parsing finished)	1.932368649	1.1493211740016704	106.061824	cloud-23979	ERROR (frontend failed, before parsing finished)	2.703268738	1.5819923249946442	105.275392	cloud-23980	ERROR (frontend failed, before parsing finished)	2.486798003	1.4406107930117287	115.638272	cloud-23979
loops/veris.c_OpenSER_cases1_stripFullBoth_arr.yml	true	ERROR (frontend failed, before parsing finished)	2.71184713	1.59369479099405	124.248064	cloud-23979	ERROR (frontend failed, before parsing finished)	3.508611495	1.9123482129944023	129.458176	cloud-23938	ERROR (frontend failed, before parsing finished)	2.594394831	1.510011870006565	130.187264	cloud-23933
loops/veris.c_sendmail_tTflag_arr_one_loop.yml	true	true	24.124445298	13.861340676001419	552.624128	cloud-23933	true	18.152541588	10.267708096012939	503.160832	cloud-23980	ERROR (server error, after parsing finished)	27.03056528	14.90568795701256	512.159744	cloud-23933
loops/verisec_NetBSD-libc_loop.yml	false	ERROR (frontend failed, before parsing finished)	2.974725267	1.7601794810034335	106.582016	cloud-23933	ERROR (frontend failed, before parsing finished)	2.657155852	1.538966296997387	116.498432	cloud-23979	ERROR (frontend failed, before parsing finished)	2.967224932	1.6943886719818693	116.371456	cloud-23938
loops/verisec_OpenSER_cases1_stripFullBoth_arr.yml	false	ERROR (frontend failed, before parsing finished)	2.310415291	1.31583845300338	129.806336	cloud-23979	ERROR (frontend failed, before parsing finished)	2.646386798	1.545560563012259	120.201216	cloud-23979	ERROR (frontend failed, before parsing finished)	2.606216185	1.4869470809935592	131.031040	cloud-23982
loops/vogal-1.yml	true	ERROR (frontend failed, before parsing finished)	2.408015939	1.4178367980020994	119.951360	cloud-24259	ERROR (frontend failed, before parsing finished)	3.508643981	1.995210451015737	120.582144	cloud-23938	ERROR (frontend failed, before parsing finished)	2.415123687	1.4073582629789598	117.862400	cloud-23979
loops/vogal-2.yml	false	ERROR (frontend failed, before parsing finished)	2.298492426	1.359516895001434	107.204608	cloud-24259	ERROR (frontend failed, before parsing finished)	2.637950287	1.5128196960140485	112.570368	cloud-23938	ERROR (frontend failed, before parsing finished)	3.112539161	1.7681563710211776	114.565120	cloud-23980
loops/while_infinite_loop_1.yml	true	true	21.046435426	11.80343258799985	582.311936	cloud-23979	true	17.738610791	9.878611982014263	530.280448	cloud-23980	true	17.473257896	10.044571073987754	551.165952	cloud-23980
loops/while_infinite_loop_2.yml	true	true	19.648686441	10.741861737998988	574.742528	cloud-24259	true	21.02162871	11.585626746003982	543.612928	cloud-23982	true	18.301646109	10.123601778992452	543.473664	cloud-23933
loops/while_infinite_loop_3.yml	true	true	19.781421563	10.778754327999195	557.662208	cloud-24259	true	20.81080416	11.44887279800605	579.600384	cloud-23979	true	24.654658477	13.68717327597551	530.083840	cloud-23933
loops/while_infinite_loop_4.yml	false	false(unreach-call)	22.864425417	12.674928417996853	512.724992	cloud-23979	false(unreach-call)	24.252775137	13.03637949199765	546.664448	cloud-23938	false(unreach-call)	21.319724488	11.668955824978184	486.236160	cloud-23938
loop-acceleration/array_1-1.yml	false	ERROR (generic error, after parsing finished)	143.376938872	118.86392161999902	703.590400	cloud-23933	TIMEOUT	990.309191164	967.7046626369993	827.523072	cloud-23980	ERROR (server error, after parsing finished)	20.629593491	11.343564983981196	471.220224	cloud-23982
loop-acceleration/array_1-2.yml	true	ERROR (generic error, after parsing finished)	133.184811142	113.28377705399907	656.855040	cloud-23979	TIMEOUT	990.340948561	963.1247058099834	862.453760	cloud-23982	ERROR (server error, after parsing finished)	16.249315241	9.176026819972321	498.802688	cloud-23979
loop-acceleration/array_2-1-simple.yml	false	ERROR (generic error, after parsing finished)	135.614394297	114.19505450199358	750.608384	cloud-23979	TIMEOUT	990.471117028	957.3897959709866	1175.298048	cloud-23938	ERROR (server error, after parsing finished)	18.831440456	10.464431385014905	554.622976	cloud-23933
loop-acceleration/array_2-1.yml	false	ERROR (generic error, after parsing finished)	142.943998965	118.53336418499998	1387.413504	cloud-24259	TIMEOUT	990.585718706	956.4961583940021	1970.954240	cloud-23938	ERROR (server error, after parsing finished)	22.314960315	12.20501513898489	551.309312	cloud-23982
loop-acceleration/array_2-2-simple.yml	true	ERROR (generic error, after parsing finished)	144.84114384	118.1239646920003	770.916352	cloud-23933	TIMEOUT	990.365567843	958.9601054430241	1212.461056	cloud-23938	ERROR (server error, after parsing finished)	24.091980135	13.248592596995877	544.751616	cloud-23982
loop-acceleration/array_2-2.yml	true	ERROR (generic error, after parsing finished)	148.221696714	119.98109610300162	1154.404352	cloud-23933	TIMEOUT	990.527761717	954.4465954889893	2205.921280	cloud-23933	ERROR (server error, after parsing finished)	17.765911704	9.932012286008103	530.735104	cloud-23980
loop-acceleration/array_3-1.yml	true	true	20.534278095	11.322527996002464	578.441216	cloud-23933	true	22.158342371	12.079386390018044	568.832000	cloud-23982	ERROR (server error, after parsing finished)	20.087161593	11.269854609010508	512.061440	cloud-23938
loop-acceleration/array_3-2.yml	false	ERROR (generic error, after parsing finished)	149.759341417	123.12403766100033	736.276480	cloud-23933	TIMEOUT	990.369852652	960.7990879099816	1059.909632	cloud-23982	ERROR (server error, after parsing finished)	22.870736987	12.680836776999058	531.218432	cloud-23982
loop-acceleration/array_4.yml	true	ERROR (generic error, after parsing finished)	130.940697226	114.16586271300912	726.454272	cloud-23942	TIMEOUT	990.411415371	962.5878631480155	942.739456	cloud-23982	ERROR (server error, after parsing finished)	20.849734771	11.426326351007447	549.724160	cloud-23933
loop-acceleration/const_1-1.yml	true	true	21.064622593	11.959479758999805	595.079168	cloud-23933	true	16.088145274	9.175707116984995	577.540096	cloud-23979	true	18.947049928	10.40013547099079	543.260672	cloud-23980
loop-acceleration/const_1-2.yml	false	TIMEOUT	990.403769124	959.7540748989995	1309.011968	cloud-24259	TIMEOUT	990.406836573	961.1994684679958	995.958784	cloud-23933	TIMEOUT	990.258542005	976.5373719980125	609.652736	cloud-23933
loop-acceleration/const_1-2_abstracted.yml	false	false(unreach-call)	23.262772505	12.57022687200515	546.451456	cloud-23979	false(unreach-call)	17.910660804	10.078128240973456	591.151104	cloud-23933	false(unreach-call)	21.171656002	11.79785305299447	540.061696	cloud-23933
loop-acceleration/diamond_1-1.yml	true	true	33.711382546	22.781413595000004	650.518528	cloud-23979	true	33.683715069	22.00824268301949	660.635648	cloud-23938	TIMEOUT	990.227958144	976.2339655940013	608.264192	cloud-23982
loop-acceleration/diamond_1-2.yml	false	TIMEOUT	990.503062864	945.1837776329994	1886.740480	cloud-23979	false(unreach-call)	777.111748868	747.4864500759868	1161.805824	cloud-23982	TIMEOUT	990.288942614	974.9563971800089	668.139520	cloud-23979
loop-acceleration/diamond_2-2.yml	true	ERROR (generic error, after parsing finished)	770.122565018	542.7746197390006	2333.962240	cloud-23979	true	751.543756076	539.748009130999	2311.417856	cloud-23938	TIMEOUT	990.330090888	971.8521502249932	704.839680	cloud-23938
loop-acceleration/functions_1-1.yml	true	true	32.064683678	19.99354559800122	594.587648	cloud-24259	ERROR (solver error, after parsing finished)	91.693820825	79.11663735599723	605.732864	cloud-23980	TIMEOUT	990.204595803	980.178307419992	543.113216	cloud-23980
loop-acceleration/functions_1-2.yml	false	TIMEOUT	990.307705507	970.6326037269973	657.240064	cloud-23933	ERROR (server error, after parsing finished)	27.066103084	16.47989615498227	586.600448	cloud-23979	TIMEOUT	990.238662558	976.4564965159807	646.598656	cloud-23982
loop-acceleration/multivar_1-1.yml	true	true	22.723383696	12.515980094998667	582.176768	cloud-23933	true	18.279373132	10.223994944011793	544.612352	cloud-23933	TIMEOUT	990.218032154	977.0185081789969	581.644288	cloud-23982
loop-acceleration/multivar_1-2.yml	false	false(unreach-call)	18.388833709	10.27383577799992	607.318016	cloud-24259	false(unreach-call)	18.803494529	10.555155668989755	544.628736	cloud-23979	false(unreach-call)	18.261790247	10.192794046015479	567.414784	cloud-23939
loop-acceleration/nested_1-1.yml	true	true	129.634705676	115.90893872599554	621.428736	cloud-24259	TIMEOUT	990.274152759	976.4985379489954	633.561088	cloud-23980	true	37.826115505	30.00803107599495	558.800896	cloud-23980
loop-acceleration/nested_1-2.yml	false	TIMEOUT	990.395229268	962.512288689999	1414.590464	cloud-23933	TIMEOUT	990.268672826	970.3247339400114	729.092096	cloud-23938	TIMEOUT	990.246552975	977.4480221609992	557.682688	cloud-23979
loop-acceleration/overflow_1-1.yml	true	true	20.250989868	11.299034609000955	587.862016	cloud-23933	true	24.017900171	13.400416354998015	586.579968	cloud-23938	TIMEOUT	990.282906539	976.8447198900103	555.462656	cloud-23938
loop-acceleration/phases_1-1.yml	true	true	27.863421809	20.48933081701398	602.492928	cloud-23940	true	35.614195422	27.210715042980155	583.942144	cloud-23980	TIMEOUT	990.266671589	977.7747237089789	536.469504	cloud-23980
loop-acceleration/phases_1-2.yml	false	TIMEOUT	990.26509299	978.383097912003	610.934784	cloud-23979	TIMEOUT	990.268827537	976.4634487769799	544.444416	cloud-23979	TIMEOUT	990.291136455	976.2788447779894	570.261504	cloud-23938
loop-acceleration/phases_2-1.yml	false	false(unreach-call)	20.36126639	11.154483033998986	598.138880	cloud-23979	false(unreach-call)	17.335702621	9.488242630992318	555.687936	cloud-23980	false(unreach-call)	73.066112314	60.7337835500075	511.758336	cloud-23982
loop-acceleration/phases_2-2.yml	true	TIMEOUT	990.265744322	978.2746675509989	561.344512	cloud-23979	TIMEOUT	990.2542955	977.5230190019938	584.892416	cloud-23979	true	115.174361472	106.04011483601062	508.768256	cloud-23938
loop-acceleration/simple_1-1.yml	false	TIMEOUT	990.444872004	961.4444087599986	1578.713088	cloud-23944	TIMEOUT	990.540141014	959.6379134599993	1008.238592	cloud-23933	TIMEOUT	990.279961567	975.5016807350039	618.754048	cloud-23979
loop-acceleration/simple_1-1_abstracted.yml	false	false(unreach-call)	21.377528827	12.094497357000364	543.494144	cloud-23979	false(unreach-call)	18.152900758	10.37398355602636	557.465600	cloud-23943	false(unreach-call)	20.723448734	11.548766852996778	513.499136	cloud-23938
loop-acceleration/simple_1-2.yml	true	TIMEOUT	990.387555282	961.6789138899985	1162.301440	cloud-24259	TIMEOUT	990.503525366	961.5322375039977	1071.206400	cloud-23979	TIMEOUT	990.275324744	976.8693974360067	586.768384	cloud-23979
loop-acceleration/simple_1-2_abstracted.yml	true	true	23.597865499	12.795887401996879	540.327936	cloud-23933	true	20.016390633	11.554309927014401	584.523776	cloud-23982	true	19.381632294	10.71096762898378	513.523712	cloud-23979
loop-acceleration/simple_2-1.yml	true	true	18.280469695	10.31702777999817	666.947584	cloud-23979	true	25.610105401	14.73687223700108	563.720192	cloud-23982	true	23.761006952	13.258971853996627	499.965952	cloud-23938
loop-acceleration/simple_2-1_abstracted.yml	true	true	17.806243659	10.037079814999743	533.995520	cloud-23979	true	17.416177881	9.563362832006533	579.039232	cloud-23980	true	19.892130625	10.886642664001556	532.213760	cloud-23980
loop-acceleration/simple_2-2.yml	false	false(unreach-call)	21.723157899	12.1364341160006	548.868096	cloud-23979	false(unreach-call)	27.010104741	14.969724734983174	567.259136	cloud-23982	false(unreach-call)	20.922074186	11.526940474985167	518.565888	cloud-23980
loop-acceleration/simple_3-1.yml	false	false(unreach-call)	19.900692987	10.82894939200196	579.702784	cloud-24259	false(unreach-call)	20.762040161	11.572681099001784	579.575808	cloud-23933	false(unreach-call)	23.414044836	12.911224483017577	519.696384	cloud-23933
loop-acceleration/simple_3-2.yml	true	true	23.87776858	12.981987590996141	601.321472	cloud-23933	true	17.193286296	9.42656548001105	592.470016	cloud-23980	TIMEOUT	990.226341743	978.7920156269975	579.575808	cloud-23942
loop-acceleration/simple_4-1.yml	false	TIMEOUT	990.207346853	976.7289401119997	619.900928	cloud-23979	TIMEOUT	990.270826332	977.2449839320034	606.130176	cloud-23979	TIMEOUT	990.256064718	976.5258800749725	594.317312	cloud-23979
loop-acceleration/simple_4-1_abstracted.yml	false	false(unreach-call)	17.056145706	9.752223330026027	601.366528	cloud-23941	false(unreach-call)	20.740559675	11.349871511018137	538.738688	cloud-23979	false(unreach-call)	21.959692845	12.157768015982583	504.098816	cloud-23938
loop-acceleration/simple_4-2.yml	true	true	19.747648126	11.250811297002656	610.029568	cloud-24259	true	17.957645956	9.93479627900524	550.916096	cloud-23980	true	24.852552868	13.848550536000403	542.068736	cloud-23982
loop-acceleration/simple_4-2_abstracted.yml	true	true	20.248412114	11.727946640981827	566.087680	cloud-23943	true	16.051123886	8.85007106300327	557.371392	cloud-23982	true	19.800814142	11.229132536012912	500.707328	cloud-23979
loop-acceleration/underapprox_1-1.yml	false	false(unreach-call)	64.792324003	50.93349816399859	589.856768	cloud-23933	ERROR (server error, after parsing finished)	20.638469684	12.690159774996573	537.403392	cloud-23979	false(unreach-call)	227.349360773	218.1685864579922	550.993920	cloud-23979
loop-acceleration/underapprox_1-2.yml	true	true	73.649866567	60.71804847000021	592.199680	cloud-24259	ERROR (server error, after parsing finished)	41.70143026	32.002715785987675	543.784960	cloud-23982	true	534.626596	522.3114378330065	582.877184	cloud-23938
loop-acceleration/underapprox_2-1.yml	false	TIMEOUT	990.235074011	977.7292566209981	609.316864	cloud-23933	TIMEOUT	990.298974636	977.2429136569845	616.300544	cloud-23933	false(unreach-call)	35.847866955	24.89918773699901	535.031808	cloud-23982
loop-acceleration/underapprox_2-2.yml	true	true	25.785918543	16.175780955003574	585.912320	cloud-24259	true	24.464022496	15.171165007981472	537.362432	cloud-23933	true	21.847712147	11.856986571016023	542.851072	cloud-23982
loop-crafted/simple_array_index_value_1-1.yml	true	ERROR (server error, after parsing finished)	182.505198114	163.02694250799686	948.322304	cloud-24259	TIMEOUT	990.355081438	967.0690239869873	981.487616	cloud-23938	ERROR (server error, after parsing finished)	19.514073969	11.102745520009194	511.320064	cloud-23933
loop-crafted/simple_array_index_value_1-2.yml	false	false(unreach-call)	23.135470844	12.531200308003463	557.793280	cloud-23933	false(unreach-call)	21.594393032	11.82218633699813	574.500864	cloud-23979	ERROR (server error, after parsing finished)	15.770711213	8.58551061101025	528.207872	cloud-23980
loop-crafted/simple_array_index_value_2.yml	true	ERROR (server error, after parsing finished)	225.022725286	205.06518976900043	675.860480	cloud-23933	TIMEOUT	990.242184685	970.3042738950171	648.667136	cloud-23982	ERROR (server error, after parsing finished)	30.414862737	16.38470828399295	514.658304	cloud-23933
loop-crafted/simple_array_index_value_3.yml	true	ERROR (server error, after parsing finished)	36.238608113	21.66220409500238	632.528896	cloud-23933	ERROR (server error, after parsing finished)	25.669698412	16.13053340400802	589.770752	cloud-23982	ERROR (server error, after parsing finished)	25.365886801	14.070142071985174	531.120128	cloud-23982
loop-crafted/simple_array_index_value_4.i.v+lhb-reducer.yml	true	ERROR (server error, after parsing finished)	141.700940719	119.76700035300018	946.810880	cloud-23979	TIMEOUT	990.644178694	959.0695098910073	1419.677696	cloud-23982	ERROR (server error, after parsing finished)	17.891854971	10.070332008006517	500.965376	cloud-23933
loop-crafted/simple_array_index_value_4.i.v+nlh-reducer.yml	true	ERROR (server error, after parsing finished)	139.72337865	116.0867222789675	901.234688	cloud-23943	TIMEOUT	990.497768014	959.1488132480008	1480.056832	cloud-23980	ERROR (server error, after parsing finished)	22.792867182	12.363630350999301	499.884032	cloud-23938
loop-crafted/simple_array_index_value_4.yml	true	ERROR (server error, after parsing finished)	30.560481788	17.82088795299933	612.827136	cloud-23933	ERROR (server error, after parsing finished)	24.63398172	14.293314258975442	585.404416	cloud-23933	ERROR (server error, after parsing finished)	22.283244145	12.264297963993158	475.930624	cloud-23933
loop-crafted/simple_vardep_1.yml	true	true	170.43511906	123.95945759199822	1657.335808	cloud-23933	ERROR (server error, after parsing finished)	82.222331982	44.30544474298949	1678.503936	cloud-23979	true	442.542212042	431.0570246549905	526.655488	cloud-23938
loop-crafted/simple_vardep_2.yml	true	true	137.461696349	119.86359617300332	825.733120	cloud-23933	true	204.885591999	192.7022919699957	593.408000	cloud-23938	true	157.882807818	148.599166333006	552.595456	cloud-23979
loop-invgen/MADWiFi-encode_ie_ok.yml	true	true	23.133742464	12.693127086000459	587.440128	cloud-23979	true	20.566532857	11.381050613999832	566.013952	cloud-23979	TIMEOUT	990.353246225	970.2807782379969	1067.581440	cloud-23979
loop-invgen/NetBSD_loop.yml	true	true	18.904625769	10.589356280001084	555.184128	cloud-23979	true	19.590225906	10.685876723000547	582.430720	cloud-23980	TIMEOUT	990.34777979	972.3442161249986	963.567616	cloud-23938
loop-invgen/SpamAssassin-loop.i.v+cfa-reducer.yml	true	true	30.154960462	17.154247940998175	632.369152	cloud-24259	true	31.801219946	17.885340262000682	648.323072	cloud-23933	TIMEOUT	990.289753884	974.0970458039956	828.559360	cloud-23933
loop-invgen/SpamAssassin-loop.yml	true	true	31.424353637	17.048221830998955	585.555968	cloud-23933	true	33.349151067	17.878701337001985	602.066944	cloud-23938	TIMEOUT	990.219366108	976.9655416660244	688.193536	cloud-23980
loop-invgen/apache-escape-absolute.i.v+cfa-reducer.yml	true	true	37.136690081	21.749631487000016	636.551168	cloud-23979	true	36.799593064	21.834579311980633	619.790336	cloud-23979	TIMEOUT	990.270755793	976.8165266439901	785.027072	cloud-23980
loop-invgen/apache-escape-absolute.yml	true	true	30.497383938	16.520753791999596	625.537024	cloud-24259	true	27.842875577	15.167269600002328	619.229184	cloud-23938	TIMEOUT	990.254355875	976.5882730029989	686.043136	cloud-23980
loop-invgen/apache-get-tag.i.p+lhb-reducer.yml	true	true	73.166985812	53.30886678999377	738.525184	cloud-24259	true	77.949955065	58.89606184398872	662.818816	cloud-23933	true	153.282433317	137.21426394299488	1419.800576	cloud-23979
loop-invgen/apache-get-tag.i.p+nlh-reducer.yml	true	TIMEOUT	990.642610659	928.9259344129969	2408.574976	cloud-23933	TIMEOUT	990.979793965	946.1183935109875	1424.650240	cloud-23938	TIMEOUT	990.462916071	964.5292703449959	1557.037056	cloud-23933
loop-invgen/apache-get-tag.i.p+sep-reducer.yml	true	TIMEOUT	990.941451821	772.8284316779973	2931.662848	cloud-24259	true	732.949665528	682.8044434910116	1934.753792	cloud-23938	TIMEOUT	990.714100876	940.2400757480063	3042.086912	cloud-23942
loop-invgen/apache-get-tag.i.v+lhb-reducer.yml	true	true	29.769182966	16.221806940000533	584.110080	cloud-23979	true	36.314643734	19.951690001995303	585.191424	cloud-23982	true	43.193343762	30.255655404995196	876.814336	cloud-23938
loop-invgen/apache-get-tag.i.v+nlh-reducer.yml	true	true	34.411982189	18.979219352000655	612.487168	cloud-23933	true	28.229085286	15.680105109990109	618.921984	cloud-23980	true	49.104497328	33.97483428599662	858.755072	cloud-23938
loop-invgen/apache-get-tag.yml	true	true	27.667347114	15.124442406999151	613.470208	cloud-23933	true	26.760321518	14.765274641977157	612.978688	cloud-23938	true	29.821239023	17.06051902900799	614.449152	cloud-23982
loop-invgen/down.yml	true	TIMEOUT	990.406708203	961.1595793439992	1745.448960	cloud-23979	TIMEOUT	990.357626542	964.7020078600035	760.868864	cloud-23938	TIMEOUT	990.318150063	973.1220975159958	872.095744	cloud-23933
loop-invgen/fragtest_simple.yml	true	TIMEOUT	990.405503564	961.1461621029885	1898.905600	cloud-23944	TIMEOUT	990.331144242	967.0724303800089	838.250496	cloud-23979	TIMEOUT	990.291374615	973.5709662720037	658.587648	cloud-23938
loop-invgen/half_2.yml	true	TIMEOUT	990.551466535	959.662239350997	1856.520192	cloud-23979	TIMEOUT	990.469019664	956.4532838310115	1221.840896	cloud-23982	TIMEOUT	990.339955846	973.3844680739858	843.505664	cloud-23933
loop-invgen/heapsort.yml	true	true	26.151352148	14.36399011300091	594.780160	cloud-23933	true	33.023057623	18.018373105995124	554.180608	cloud-23982	TIMEOUT	990.333386096	975.0852003699983	706.449408	cloud-23933
loop-invgen/id_build.i.p+nlh-reducer.yml	true	true	70.877032179	54.86120422800013	869.683200	cloud-23933	true	72.222910626	54.126170142000774	892.116992	cloud-23933	true	126.479096013	102.74628444801783	1530.859520	cloud-23938
loop-invgen/id_build.i.p+sep-reducer.yml	true	true	78.159743742	58.66329096299887	827.244544	cloud-23933	true	62.186552703	47.55979516700609	789.381120	cloud-23933	true	163.26066964	137.63011172099505	1382.797312	cloud-23938
loop-invgen/id_build.i.v+lhb-reducer.yml	true	true	23.091988768	12.653248292997887	562.319360	cloud-23933	true	17.796367911	10.100300667982083	517.570560	cloud-23940	true	21.017049729	11.416049930005101	557.109248	cloud-23979
loop-invgen/id_build.yml	true	true	22.662557156	12.696037358000467	580.583424	cloud-23933	true	22.772649481	12.538284606009256	601.489408	cloud-23938	true	20.254402141	11.488350400002673	557.584384	cloud-23933
loop-invgen/id_trans.yml	false	false(unreach-call)	21.634036685	11.708981317002326	630.411264	cloud-23979	false(unreach-call)	24.010774952	12.979306987981545	669.708288	cloud-23933	false(unreach-call)	26.410560403	14.208730415994069	518.197248	cloud-23933
loop-invgen/large_const.yml	true	true	176.28148017	143.6396751650027	1648.566272	cloud-24259	TIMEOUT	990.457995529	956.5439066950057	936.960000	cloud-23979	true	21.826739192	11.953163894009776	583.204864	cloud-23979
loop-invgen/nest-if3.yml	true	true	20.847418472	11.30887268600054	578.650112	cloud-23933	true	19.763221072	11.053506733995164	583.208960	cloud-23979	TIMEOUT	990.298458122	973.0512319139962	954.433536	cloud-23938
loop-invgen/nested6.yml	true	true	19.103173648	10.392956135998247	610.910208	cloud-24259	true	25.847376016	14.25845648298855	580.878336	cloud-23933	TIMEOUT	990.30368869	974.0117429170059	742.744064	cloud-23938
loop-invgen/nested9.yml	true	true	25.33840463	13.723719900001015	591.527936	cloud-23979	true	26.606164812	14.3202221620013	592.056320	cloud-23982	TIMEOUT	990.283755267	973.1219738799846	1000.091648	cloud-23982
loop-invgen/sendmail-close-angle.yml	true	true	27.083821966	15.123422235999897	641.609728	cloud-24259	true	27.743507965	15.602177683002083	641.495040	cloud-23980	TIMEOUT	990.391211425	972.8701065319765	1134.497792	cloud-23938
loop-invgen/seq-3.yml	true	TIMEOUT	990.474850096	957.3390589089977	2073.382912	cloud-23979	TIMEOUT	990.413630387	963.7116237320006	1208.066048	cloud-23982	TIMEOUT	990.289124043	975.4246750930033	794.660864	cloud-23933
loop-invgen/string_concat-noarr.yml	true	TIMEOUT	990.36438126	967.2207886229953	748.969984	cloud-23979	TIMEOUT	990.298812143	969.5967140260036	716.738560	cloud-23982	TIMEOUT	990.340136574	974.1247738659731	884.727808	cloud-23933
loop-invgen/up.yml	true	TIMEOUT	990.436850217	961.739519990002	1693.757440	cloud-23979	TIMEOUT	990.35677318	965.647478850995	832.098304	cloud-23982	TIMEOUT	990.354224473	974.3084633449907	912.404480	cloud-23933
loop-lit/afnp2014.yml	true	true	18.896060802	10.451547312000002	555.315200	cloud-24259	true	20.719290829	11.538403354003094	584.478720	cloud-23933	TIMEOUT	990.354063644	973.9463030339975	1064.173568	cloud-23933
loop-lit/as2013-hybrid.yml	true	true	27.170670561	14.495255308000196	586.858496	cloud-23979	true	18.713864196	10.321117014973424	553.070592	cloud-23979	true	16.807357369	9.298178616008954	510.779392	cloud-23980
loop-lit/bh2017-ex-add.yml	true	true	23.296746623	12.853088420000859	550.404096	cloud-23933	true	24.273481233	13.373248639021767	578.498560	cloud-23938	true	19.641207906	10.748160735005513	551.452672	cloud-23979
loop-lit/bh2017-ex1-poly.yml	true	true	22.204664272	12.06968350200259	607.424512	cloud-23933	true	22.335614371	12.578569041012088	624.082944	cloud-23933	true	23.75639158	13.173610489000566	571.682816	cloud-23938
loop-lit/bh2017-ex3.yml	true	true	22.327970206	12.464112706002197	593.780736	cloud-24259	true	22.537912134	12.26000179600669	551.202816	cloud-23933	true	26.118362471	14.121297550998861	560.070656	cloud-23982
loop-lit/bhmr2007.yml	true	true	24.005517101	13.270352968997031	608.137216	cloud-23979	true	24.555161617	13.604501671012258	566.067200	cloud-23933	TIMEOUT	990.363482508	976.0502454609959	567.853056	cloud-23982
loop-lit/cggmp2005.yml	true	true	18.676987859	10.43873085899395	593.821696	cloud-24259	true	19.747533338	10.874996283004293	588.197888	cloud-23979	true	20.448302063	11.220397254015552	508.108800	cloud-23933
loop-lit/cggmp2005_variant.yml	true	true	25.339007718	14.002435585003695	598.138880	cloud-23933	true	20.454287858	11.25249761500163	580.231168	cloud-23938	TIMEOUT	990.527230924	971.091970309004	2324.017152	cloud-23979
loop-lit/cggmp2005b.yml	true	true	20.804901433	11.669987923000008	566.075392	cloud-24259	true	23.665925726	13.366370732983341	605.798400	cloud-23982	true	23.371927505	13.033118546009064	553.189376	cloud-23938
loop-lit/css2003.yml	true	true	27.206103377	14.629956889002642	601.845760	cloud-23933	true	18.916569854	10.596089853002923	575.373312	cloud-23980	true	33.969775115	18.230902828014223	540.815360	cloud-23938
loop-lit/ddlm2013.yml	true	TIMEOUT	990.249280609	977.5289466109971	603.451392	cloud-24259	TIMEOUT	990.23426698	977.6877865040151	601.673728	cloud-23982	TIMEOUT	990.250910857	980.4216961619968	598.011904	cloud-23980
loop-lit/gj2007.c.i.p+lhb-reducer.yml	true	true	123.417408434	101.78013936799834	695.758848	cloud-23979	true	118.463672015	98.12509425901226	677.523456	cloud-23933	true	890.695750422	874.4671122089785	941.813760	cloud-23982
loop-lit/gj2007.c.i.p+nlh-reducer.yml	true	true	65.762314367	46.48055476599984	770.314240	cloud-24259	true	66.210871635	46.93157089399756	765.710336	cloud-23979	true	106.666714817	88.55476137800724	832.909312	cloud-23980
loop-lit/gj2007.yml	true	true	156.183352019	126.81747352800448	1574.490112	cloud-23933	true	127.267331036	108.53973661002237	753.524736	cloud-23933	true	348.944153061	332.6873129279993	661.733376	cloud-23982
loop-lit/gj2007b.yml	true	true	24.32493232	13.24498957799733	590.934016	cloud-23933	true	20.088730451	10.933429314987734	574.210048	cloud-23979	TIMEOUT	990.388991903	974.941873157979	1138.208768	cloud-23933
loop-lit/gr2006.yml	true	TIMEOUT	990.5951468	948.4442214890005	1586.257920	cloud-23933	true	392.231872377	368.429973855993	746.319872	cloud-23982	true	448.989584535	432.01720898700296	673.804288	cloud-23933
loop-lit/gsv2008.c.i.p+cfa-reducer.yml	true	true	24.126332047	13.147377219996997	554.819584	cloud-23933	true	20.545536734	11.56673451900133	504.397824	cloud-23933	true	19.742024774	11.139239518990507	516.612096	cloud-23980
loop-lit/gsv2008.c.i.v+cfa-reducer.yml	true	true	18.889653202	10.316860218998045	524.873728	cloud-24259	true	25.44345005	14.340222453989554	512.315392	cloud-23982	true	19.223540445	10.625203631992918	513.388544	cloud-23979
loop-lit/gsv2008.c.i.v+lhb-reducer.yml	true	true	23.327853159	12.858564367001236	568.410112	cloud-23933	true	24.932273432	14.150189578998834	553.598976	cloud-23938	true	19.436844686	10.838869364990387	474.685440	cloud-23979
loop-lit/gsv2008.yml	true	true	23.498638383	13.275784055003896	590.991360	cloud-23933	true	16.617155662	9.273975496995263	574.750720	cloud-23980	true	20.379136564	11.001810508983908	499.703808	cloud-23933
loop-lit/hh2012-ex1b.yml	true	true	23.190683031	12.418972637002298	578.973696	cloud-24259	true	20.653860894	11.400514853012282	582.995968	cloud-23938	TIMEOUT	990.294856842	977.2021421479876	817.188864	cloud-23980
loop-lit/hh2012-ex2b.yml	true	true	19.718891209	10.93502231399907	588.083200	cloud-23979	true	25.540611456	13.941298660007305	572.534784	cloud-23982	true	19.114047886	10.413579226995353	545.067008	cloud-23979
loop-lit/hh2012-ex3.yml	true	true	23.321532201	12.881106846998591	596.676608	cloud-23979	true	17.963498395	9.86187888000859	592.900096	cloud-23980	true	20.467410011	11.420460498018656	557.621248	cloud-23933
loop-lit/hhk2008.yml	true	true	21.819034682	12.248167718000332	581.779456	cloud-23979	true	18.280453666	10.104053741000826	597.184512	cloud-23980	TIMEOUT	990.464084387	973.1553961739992	2073.313280	cloud-23979
loop-lit/jm2006.c.i.v+cfa-reducer.yml	true	true	20.774677971	11.239686501998222	568.614912	cloud-23933	true	20.728386888	11.613928669015877	505.540608	cloud-23979	TIMEOUT	990.28870631	976.7126250780129	1324.281856	cloud-23980
loop-lit/jm2006.yml	true	true	18.29045944	10.021159012998396	612.106240	cloud-24259	true	26.57576902	14.884205471986206	583.393280	cloud-23982	TIMEOUT	990.346627899	977.4435222799948	1865.342976	cloud-23980
loop-lit/jm2006_variant.yml	true	true	20.456253071	11.461527676001424	619.978752	cloud-23979	true	20.201438783	10.97244340000907	597.540864	cloud-23979	TIMEOUT	990.489103169	972.0530448380159	1938.194432	cloud-23933
loop-lit/mcmillan2006.yml	true	ERROR (server error, after parsing finished)	286.106422352	262.2043181939989	1127.727104	cloud-23979	TIMEOUT	990.30200242	969.2706471970014	953.360384	cloud-23980	ERROR (server error, after parsing finished)	26.864785329	14.73356952299946	467.054592	cloud-23938
loop-lit/mine2017-ex4.10.yml	true	true	24.271530722	13.546506161997968	609.251328	cloud-23933	true	23.27271267	12.929606127989246	578.719744	cloud-23938	true	25.512581368	13.963841115008108	574.660608	cloud-23980
loop-lit/mine2017-ex4.6.yml	true	true	33.027599863	18.532732246996602	610.340864	cloud-23933	true	30.670539443	18.238993152976036	618.115072	cloud-23933	true	16.680525251	9.260120580001967	551.518208	cloud-23980
loop-lit/mine2017-ex4.7.yml	true	true	21.491962006	11.60346733500046	602.611712	cloud-23933	true	23.534935672	12.702692529011983	576.069632	cloud-23938	true	18.587578895	10.181370180012891	556.539904	cloud-23933
loop-lit/mine2017-ex4.8.yml	true	true	18.059558478	10.110130613000365	545.255424	cloud-23933	true	20.293045244	11.351903533999575	573.726720	cloud-23938	true	18.750366984	10.315491127985297	575.102976	cloud-23979
loop-new/count_by_1.yml	true	ERROR (generic error, after parsing finished)	135.662765359	116.42757869599882	629.047296	cloud-23979	TIMEOUT	990.356730529	966.8192639240006	776.028160	cloud-23982	true	19.118517302	10.456062013021437	554.921984	cloud-23979
loop-new/count_by_1_variant.yml	true	true	21.461952254	11.926715055997192	616.554496	cloud-23979	true	18.739077578	10.15575532199	589.119488	cloud-23979	true	21.868612577	11.849570291000418	557.080576	cloud-23938
loop-new/count_by_2.yml	true	ERROR (generic error, after parsing finished)	140.627764836	119.6974942429988	731.566080	cloud-24259	TIMEOUT	990.353553344	968.4185644009849	752.558080	cloud-23982	TIMEOUT	990.712831466	968.0130524559936	2067.365888	cloud-23982
loop-new/count_by_k.yml	true	TIMEOUT	990.415785482	959.0070095530027	1297.616896	cloud-24259	TIMEOUT	990.494032975	956.9441191850055	1191.325696	cloud-23941	TIMEOUT	990.306775421	973.7341875170241	672.141312	cloud-23933
loop-new/count_by_nondet.yml	true	TIMEOUT	990.496091985	958.9377582870002	2312.355840	cloud-23933	TIMEOUT	990.297840111	968.7171174660034	779.403264	cloud-23980	TIMEOUT	990.339010031	974.370973261015	993.361920	cloud-23938
loop-new/gauss_sum.i.p+cfa-reducer.yml	true	ERROR (solver error, after parsing finished)	20.928307795	11.623765358999663	519.139328	cloud-23979	ERROR (server error, after parsing finished)	19.064415863	10.659297025995329	520.925184	cloud-23933	ERROR (solver error, after parsing finished)	19.840856733	10.823376681015361	530.497536	cloud-23933
loop-new/gauss_sum.i.p+lhb-reducer.yml	true	ERROR (solver error, after parsing finished)	25.921853262	14.237927795998985	550.789120	cloud-24259	ERROR (solver error, after parsing finished)	21.973739574	11.955908424017252	549.777408	cloud-23982	ERROR (solver error, after parsing finished)	24.482815627	13.256078289006837	514.949120	cloud-23979
loop-new/gauss_sum.i.v+cfa-reducer.yml	true	ERROR (solver error, after parsing finished)	22.313403048	12.692325609998079	533.368832	cloud-23979	ERROR (server error, after parsing finished)	21.906620536	11.908971415017731	504.483840	cloud-23938	ERROR (solver error, after parsing finished)	16.260364995	8.95140370997251	467.124224	cloud-23980
loop-new/gauss_sum.yml	true	ERROR (solver error, after parsing finished)	22.183616196	12.195200570997258	587.784192	cloud-23979	ERROR (solver error, after parsing finished)	21.980557442	12.053928506997181	585.035776	cloud-23933	ERROR (solver error, after parsing finished)	21.968495099	12.164876144990558	532.733952	cloud-23980
loop-new/half.yml	true	true	22.270610315	12.398161154000263	604.504064	cloud-23979	true	19.954844845	11.109921055991435	552.652800	cloud-23980	TIMEOUT	990.277789788	977.8484716730018	902.877184	cloud-23980
loop-new/nested-1.yml	true	TIMEOUT	990.258661109	972.5393103710012	723.005440	cloud-23979	TIMEOUT	990.327604501	968.9169385249843	750.465024	cloud-23933	TIMEOUT	990.274307362	976.5813893729937	786.120704	cloud-23982
loop-industry-pattern/aiob_1.yml	true	ERROR (frontend failed, before parsing finished)	3.046126896	1.6736200070008636	121.503744	cloud-23979	ERROR (frontend failed, before parsing finished)	3.050844969	1.767058152006939	115.433472	cloud-23933	ERROR (frontend failed, before parsing finished)	2.7550434	1.6076073130243458	115.884032	cloud-23982
loop-industry-pattern/aiob_2.yml	true	ERROR (frontend failed, before parsing finished)	2.490034199	1.4735201189978397	119.058432	cloud-24259	ERROR (frontend failed, before parsing finished)	2.731551747	1.546158829005435	114.229248	cloud-23980	ERROR (frontend failed, before parsing finished)	3.072777324	1.785417064995272	130.232320	cloud-23933
loop-industry-pattern/aiob_3.yml	true	ERROR (frontend failed, before parsing finished)	3.332657315	1.8428695179973147	127.741952	cloud-23979	ERROR (frontend failed, before parsing finished)	3.173591707	1.8266553040011786	126.377984	cloud-23933	ERROR (frontend failed, before parsing finished)	2.776002662	1.583945723978104	126.246912	cloud-23982
loop-industry-pattern/aiob_4.c.v+cfa-reducer.yml	true	ERROR (frontend failed, before parsing finished)	2.192173799	1.2601584329968318	126.066688	cloud-23979	ERROR (frontend failed, before parsing finished)	3.162003139	1.8341068770096172	126.226432	cloud-23938	ERROR (frontend failed, before parsing finished)	2.321252479	1.3816395169997122	115.937280	cloud-23979
loop-industry-pattern/aiob_4.c.v+lh-reducer.yml	true	ERROR (frontend failed, before parsing finished)	2.640554553	1.513373745001445	122.568704	cloud-23933	ERROR (frontend failed, before parsing finished)	2.657324059	1.5673242189805023	118.013952	cloud-23933	ERROR (frontend failed, before parsing finished)	2.012918507	1.1830744729959406	115.949568	cloud-23982
loop-industry-pattern/aiob_4.c.v+lhb-reducer.yml	true	ERROR (frontend failed, before parsing finished)	2.6854162	1.5118496849972871	127.082496	cloud-23979	ERROR (frontend failed, before parsing finished)	2.910307946	1.625044902000809	125.300736	cloud-23982	ERROR (frontend failed, before parsing finished)	3.719472001	2.102489346987568	123.621376	cloud-23979
loop-industry-pattern/aiob_4.c.v+nlh-reducer.yml	true	ERROR (frontend failed, before parsing finished)	3.091728304	1.7740172109988634	138.981376	cloud-24259	ERROR (frontend failed, before parsing finished)	3.57804631	1.9955782240140252	129.695744	cloud-23938	ERROR (frontend failed, before parsing finished)	3.10172072	1.7688440129859373	136.945664	cloud-23979
loop-industry-pattern/aiob_4.yml	true	ERROR (frontend failed, before parsing finished)	2.857726526	1.630232181999986	127.320064	cloud-23933	ERROR (frontend failed, before parsing finished)	2.437762137	1.4124234780028928	124.960768	cloud-23982	ERROR (frontend failed, before parsing finished)	3.167004437	1.8374874159926549	116.486144	cloud-23938
loop-industry-pattern/mod3.c.v+cfa-reducer.yml	true	true	23.63110483	12.90070637500321	610.938880	cloud-23979	true	26.797828563	14.822659847006435	629.460992	cloud-23982	true	19.738678089	11.253703046008013	541.724672	cloud-23979
loop-industry-pattern/mod3.c.v+lhb-reducer.yml	true	true	18.512367883	10.32126038998831	536.002560	cloud-23941	true	23.895022403	13.123809040989727	557.883392	cloud-23933	true	20.992621019	11.89112683600979	567.713792	cloud-23979
loop-industry-pattern/mod3.c.v+sep-reducer.yml	true	true	26.224772782	14.870991901996604	568.561664	cloud-24259	true	23.831275431	13.677592883002944	566.796288	cloud-23933	true	32.640739747	18.016832082998008	503.484416	cloud-23938
loop-industry-pattern/mod3.yml	true	true	25.229715913	13.93310971900064	564.035584	cloud-23933	true	25.476913396	14.602686933008954	556.941312	cloud-23980	true	19.77083231	11.007695482985582	558.354432	cloud-23980
loop-industry-pattern/ofuf_1.yml	true	ERROR (frontend failed, before parsing finished)	2.955445071	1.6838989210009458	131.248128	cloud-24259	ERROR (frontend failed, before parsing finished)	3.045577831	1.7493231669941451	124.448768	cloud-23938	ERROR (frontend failed, before parsing finished)	2.805884986	1.570728517981479	129.826816	cloud-23980
loop-industry-pattern/ofuf_2.yml	true	ERROR (frontend failed, before parsing finished)	2.368308002	1.3423358369982452	129.114112	cloud-23979	ERROR (frontend failed, before parsing finished)	2.603921962	1.4397304450103547	132.280320	cloud-23944	ERROR (frontend failed, before parsing finished)	3.865889718	2.1916972910112236	122.712064	cloud-23982
loop-industry-pattern/ofuf_3.yml	true	ERROR (frontend failed, before parsing finished)	3.195675026	1.8303046020009788	129.048576	cloud-24259	ERROR (frontend failed, before parsing finished)	2.700642136	1.5933258589939214	121.040896	cloud-23979	ERROR (frontend failed, before parsing finished)	2.916630689	1.725710408994928	131.895296	cloud-23982
loop-industry-pattern/ofuf_4.yml	true	ERROR (frontend failed, before parsing finished)	2.941286069	1.6960136759989837	122.736640	cloud-24259	ERROR (frontend failed, before parsing finished)	3.533493801	1.9569039509806316	132.435968	cloud-23938	ERROR (frontend failed, before parsing finished)	2.562473392	1.443731792998733	129.052672	cloud-23980
loop-industry-pattern/ofuf_5.yml	true	ERROR (frontend failed, before parsing finished)	3.429348662	1.9337604100001045	121.081856	cloud-23933	ERROR (frontend failed, before parsing finished)	2.911882675	1.6888410540123004	129.294336	cloud-23979	ERROR (frontend failed, before parsing finished)	3.915268033	2.1911199349851813	130.244608	cloud-23982
loops-crafted-1/Mono1_1-1.yml	false	TIMEOUT	990.250417877	972.5598119969982	623.644672	cloud-23933	TIMEOUT	990.419198924	971.2757986130018	922.980352	cloud-23980	TIMEOUT	990.262859076	975.0576705800195	548.900864	cloud-23938
loops-crafted-1/Mono1_1-2.yml	true	TIMEOUT	990.318176595	965.3764516070005	843.681792	cloud-23933	TIMEOUT	990.396612138	965.4458130759886	804.114432	cloud-23938	TIMEOUT	990.274348107	976.529441111983	555.048960	cloud-23938
loops-crafted-1/Mono3_1.yml	false	TIMEOUT	990.185061809	978.9238207559683	668.258304	cloud-23942	ERROR (server error, after parsing finished)	53.84923111	45.369805099006044	590.204928	cloud-23980	TIMEOUT	990.207234502	980.5103993609955	594.735104	cloud-23980
loops-crafted-1/Mono4_1.yml	false	TIMEOUT	990.416866426	960.3546021980001	1157.754880	cloud-24259	TIMEOUT	990.378566165	964.1047670199769	752.193536	cloud-23980	TIMEOUT	990.281292542	973.7636762740149	711.565312	cloud-23933
loops-crafted-1/Mono5_1.yml	false	TIMEOUT	990.216682143	980.0281881620176	592.175104	cloud-23940	TIMEOUT	990.392312722	968.4910387659911	752.852992	cloud-23938	TIMEOUT	990.236244141	976.5513164300064	597.422080	cloud-23980
loops-crafted-1/Mono6_1.yml	false	TIMEOUT	990.286815009	971.0904562989963	596.766720	cloud-23979	TIMEOUT	990.255667522	976.5605177480029	602.116096	cloud-23979	TIMEOUT	990.256476648	976.606099786004	582.459392	cloud-23938
loops-crafted-1/discover_list.yml	true	ERROR (frontend failed, before parsing finished)	2.722248502	1.5432052460018895	144.293888	cloud-23979	ERROR (frontend failed, before parsing finished)	2.922849119	1.7015037840174045	133.971968	cloud-23979	ERROR (frontend failed, before parsing finished)	3.272265743	1.8719309890002478	153.300992	cloud-23938
loops-crafted-1/iftelse.yml	true	TIMEOUT	990.389027619	962.5587278490057	1137.225728	cloud-24259	true	309.524829478	293.6223630759923	739.745792	cloud-23982	TIMEOUT	990.271332327	977.4131360509782	555.753472	cloud-23933
loops-crafted-1/in-de20.yml	true	TIMEOUT	990.247969998	976.8099365169983	568.705024	cloud-24259	TIMEOUT	990.232267951	976.3135782329773	610.172928	cloud-23982	TIMEOUT	990.251019505	977.4705701149942	585.379840	cloud-23938
loops-crafted-1/in-de31.yml	true	TIMEOUT	990.283864041	931.6835862699991	2049.699840	cloud-23979	TIMEOUT	990.631251625	900.414701976988	2084.102144	cloud-23979	TIMEOUT	990.246421392	979.0426096079755	605.372416	cloud-23982
loops-crafted-1/in-de32.yml	true	TIMEOUT	990.262104236	975.9085021619976	614.096896	cloud-23933	TIMEOUT	990.227009161	977.4217977229855	570.089472	cloud-23982	TIMEOUT	990.251465498	976.7222261889838	612.126720	cloud-23979
loops-crafted-1/in-de41.yml	true	TIMEOUT	990.279559808	974.2343970989969	753.553408	cloud-23979	TIMEOUT	990.307086085	974.2041044039943	687.099904	cloud-23979	TIMEOUT	990.210980723	979.9286280089873	647.667712	cloud-23980
loops-crafted-1/in-de42.yml	true	ERROR (generic error, after parsing finished)	155.449076381	142.85292559400114	547.672064	cloud-24259	TIMEOUT	990.219345309	979.9882352649875	590.508032	cloud-23980	TIMEOUT	990.283532917	975.1249023109849	601.128960	cloud-23933
loops-crafted-1/in-de51.yml	true	TIMEOUT	990.483465779	521.490960875999	2108.243968	cloud-24259	TIMEOUT (ERROR (out of memory, after parsing finished))	918.502656861	474.7355059349793	2086.141952	cloud-23938	TIMEOUT	990.303758701	975.3199061769992	634.253312	cloud-23938
loops-crafted-1/in-de52.yml	true	TIMEOUT	990.277091108	974.1849608379998	586.469376	cloud-23933	TIMEOUT	990.305457276	972.9918849340174	578.883584	cloud-23938	TIMEOUT	990.277361906	974.7727063450147	583.843840	cloud-23938
loops-crafted-1/in-de61.yml	true	TIMEOUT	990.642148403	956.2018036739973	1532.874752	cloud-23979	TIMEOUT	990.62388388	955.405099591997	1438.109696	cloud-23982	TIMEOUT	990.319199546	977.2572104720166	639.537152	cloud-23979
loops-crafted-1/in-de62.yml	true	TIMEOUT	990.259824857	977.4127972120004	587.943936	cloud-23979	TIMEOUT	990.235063753	976.6538972810085	704.307200	cloud-23980	TIMEOUT	990.293450724	975.3466180480027	592.928768	cloud-23938
loops-crafted-1/loopv1.yml	true	true	24.443340265	13.288589893000008	603.426816	cloud-24259	true	18.096546171	9.915785863006022	595.664896	cloud-23979	TIMEOUT	990.26440787	973.7293120480026	573.829120	cloud-23979
loops-crafted-1/loopv2.yml	true	true	22.566570325	12.430591244003153	631.095296	cloud-23933	true	24.273953935	13.174085153004853	615.227392	cloud-23938	TIMEOUT	990.292367964	974.3161227260134	701.370368	cloud-23938
loops-crafted-1/loopv3.yml	true	TIMEOUT	990.329137045	963.774985545002	743.854080	cloud-24259	TIMEOUT	990.361288862	965.9745383669797	735.506432	cloud-23979	TIMEOUT	990.270478359	974.4490062900004	621.977600	cloud-23938
loops-crafted-1/mono-crafted_1.yml	true	ERROR (generic error, after parsing finished)	159.192328308	135.49363099900074	688.148480	cloud-23933	TIMEOUT	990.381001908	965.1324642089894	904.294400	cloud-23982	TIMEOUT	990.2767539	976.8434522550087	1002.311680	cloud-23980
loops-crafted-1/mono-crafted_10.yml	true	TIMEOUT	990.265987743	976.0684473520014	609.861632	cloud-24259	TIMEOUT	990.194590553	979.6694192180003	577.368064	cloud-23980	TIMEOUT	990.279238402	975.9227504059963	596.201472	cloud-23979
loops-crafted-1/mono-crafted_11.yml	true	true	22.282948335	12.868901264002488	552.497152	cloud-24259	true	25.868726868	14.488559474004433	565.600256	cloud-23938	TIMEOUT	990.306880224	975.4558404739946	584.552448	cloud-23933
loops-crafted-1/mono-crafted_12.yml	true	true	24.572360412	13.775018918000569	557.584384	cloud-23979	true	24.225323551	13.566803027992137	553.512960	cloud-23938	TIMEOUT	990.245072026	976.4531085230119	587.894784	cloud-23933
loops-crafted-1/mono-crafted_13.yml	true	ERROR (generic error, after parsing finished)	159.53473138	136.6142057209945	671.522816	cloud-23979	TIMEOUT	990.372986005	963.2768944809795	805.744640	cloud-23933	TIMEOUT	990.262646973	974.4261626560183	857.321472	cloud-23982
loops-crafted-1/mono-crafted_14.yml	true	TIMEOUT	990.421218523	956.1280752899984	1264.209920	cloud-24259	TIMEOUT	990.369490659	962.0000593989971	732.516352	cloud-23938	TIMEOUT	990.273157592	974.5803006269853	586.006528	cloud-23979
loops-crafted-1/mono-crafted_3.yml	true	ERROR (generic error, after parsing finished)	168.183878735	142.0399090840001	676.364288	cloud-24259	TIMEOUT	990.519063685	965.790776518028	782.151680	cloud-23980	TIMEOUT	990.295119089	977.313751180016	954.208256	cloud-23982
loops-crafted-1/mono-crafted_6.yml	true	TIMEOUT	990.482624949	957.8058938210015	1593.716736	cloud-24259	TIMEOUT	990.359659862	962.5069903809926	786.968576	cloud-23938	TIMEOUT	990.342985719	973.6810872119968	1119.735808	cloud-23933
loops-crafted-1/mono-crafted_7.yml	true	ERROR (generic error, after parsing finished)	141.317859048	123.43196145095862	648.339456	cloud-23940	TIMEOUT	990.343275813	961.6994976729911	781.242368	cloud-23938	TIMEOUT	990.368093759	972.3711972839956	985.309184	cloud-23938
loops-crafted-1/mono-crafted_8.yml	true	TIMEOUT	990.387683091	961.3892363509985	1356.873728	cloud-23979	TIMEOUT	990.502799503	959.8770052169857	893.067264	cloud-23979	TIMEOUT	990.289758479	977.0472923039924	558.551040	cloud-23933
loops-crafted-1/mono-crafted_9.yml	true	TIMEOUT	990.348061915	965.2162924020013	935.817216	cloud-23979	TIMEOUT	990.345936056	963.9860999129887	745.844736	cloud-23938	TIMEOUT	990.264231706	972.0513626320171	721.653760	cloud-23933
loops-crafted-1/nested3-1.yml	true	true	178.432427039	163.9289084109987	672.899072	cloud-24259	TIMEOUT	990.215936993	977.0918061249831	611.291136	cloud-23982	TIMEOUT	990.247752092	978.432416523021	662.351872	cloud-23942
loops-crafted-1/nested3-1_abstracted.yml	true	true	53.701991106	37.49746909199894	802.181120	cloud-23979	ERROR (server error, after parsing finished)	23.507528419	13.359910547995241	606.842880	cloud-23980	TIMEOUT	990.26109894	976.1821514549956	599.470080	cloud-23938
loops-crafted-1/nested3-2.yml	false	TIMEOUT	990.247295753	973.8559365190013	648.667136	cloud-23979	TIMEOUT	990.476748402	960.9145978610031	832.843776	cloud-23933	TIMEOUT	990.214251876	977.2089111449895	573.730816	cloud-23982
loops-crafted-1/nested3-2_abstracted.yml	false	false(unreach-call)	18.802329256	10.252878822997445	566.910976	cloud-23979	false(unreach-call)	22.540128361	12.25779525199323	593.596416	cloud-23933	false(unreach-call)	23.874000521	13.304781757004093	553.926656	cloud-23938
loops-crafted-1/nested5-1.yml	true	true	31.230252848	18.24064899699806	643.809280	cloud-24259	ERROR (solver error, after parsing finished)	26.062189008	16.3185878660006	594.952192	cloud-23938	true	24.239264131	13.305606617999729	542.273536	cloud-23982
loops-crafted-1/nested5-2.yml	false	TIMEOUT	990.288329441	964.3675975119986	1108.328448	cloud-23979	TIMEOUT	990.390411257	966.9408840099932	942.149632	cloud-23980	TIMEOUT	990.234890532	976.6561007720011	611.561472	cloud-23982
loops-crafted-1/nested_delay_nd.yml	true	TIMEOUT	990.436159031	961.2074657210032	1435.254784	cloud-23944	TIMEOUT	990.327483169	966.7090898729803	783.609856	cloud-23979	TIMEOUT	990.326814747	975.1049479549984	956.162048	cloud-23933
loops-crafted-1/nested_delay_notd2.yml	false	TIMEOUT	990.496727168	962.1099868489982	1875.378176	cloud-23979	TIMEOUT	990.370761432	964.2628162600158	739.393536	cloud-23938	TIMEOUT	990.249886914	974.0270392149978	947.830784	cloud-23982
loops-crafted-1/net_reset.yml	true	ERROR (frontend failed, before parsing finished)	2.762959702	1.640953524998622	116.219904	cloud-23979	ERROR (frontend failed, before parsing finished)	2.32169756	1.332814021006925	124.923904	cloud-23980	ERROR (frontend failed, before parsing finished)	3.614523091	2.094745107984636	126.943232	cloud-23982
loops-crafted-1/sum_by_3.yml	true	TIMEOUT	990.193768823	980.448725072958	592.363520	cloud-23941	TIMEOUT	990.282277512	976.8073315789807	595.603456	cloud-23979	TIMEOUT	990.233794876	976.7617895879957	562.679808	cloud-23933
loops-crafted-1/sum_by_3_abstracted.yml	true	true	328.838658133	310.3833061490004	868.691968	cloud-23933	TIMEOUT	990.24101856	977.0405189390003	649.744384	cloud-23939	TIMEOUT	990.212123595	976.6075348030136	556.343296	cloud-23980
loops-crafted-1/sum_natnum.yml	true	ERROR (solver error, after parsing finished)	155.291186037	138.96906331900027	652.046336	cloud-23979	ERROR (solver error, after parsing finished)	124.478930485	114.42838517099153	642.179072	cloud-23979	ERROR (solver error, after parsing finished)	34.22728954	22.14176253200276	582.930432	cloud-23982
loops-crafted-1/sumt2.yml	true	true	22.363443248	12.6872992230019	525.242368	cloud-24259	true	18.955010022	10.491690708004171	526.913536	cloud-23979	TIMEOUT	990.219260176	978.665128550987	533.544960	cloud-23980
loops-crafted-1/sumt3.yml	true	true	18.835138517	10.965730829000677	576.614400	cloud-23979	true	26.839993555	15.297420990013052	559.792128	cloud-23982	TIMEOUT	990.214077027	980.1034003890236	596.119552	cloud-23980
loops-crafted-1/sumt4.yml	true	true	26.699412808	16.004065508001077	566.702080	cloud-23933	true	29.306127836	17.853741797007388	518.463488	cloud-23938	TIMEOUT	990.291151508	976.3748316550045	587.030528	cloud-23933
loops-crafted-1/sumt5.yml	true	true	32.906439661	23.293153569000424	587.698176	cloud-24259	true	28.196503908	20.23221661700518	523.616256	cloud-23979	TIMEOUT	990.25743155	978.6239643169974	559.394816	cloud-23941
loops-crafted-1/sumt6.yml	true	true	17.862606142	11.150154474016745	577.474560	cloud-23940	true	29.458400618	17.83231534299557	517.959680	cloud-23938	TIMEOUT	990.276624316	979.6357035659894	615.911424	cloud-23980
loops-crafted-1/sumt7.yml	true	TIMEOUT	990.233648108	975.274339999	672.976896	cloud-23979	TIMEOUT	990.26138636	975.7144437679963	663.572480	cloud-23980	TIMEOUT	990.281763989	977.8754151340108	605.999104	cloud-23980
loops-crafted-1/sumt8.yml	true	TIMEOUT	990.304642668	967.8826246890021	725.725184	cloud-24259	ERROR (server error, after parsing finished)	25.083272304	14.654605384013848	587.993088	cloud-23933	TIMEOUT	990.283905373	975.5315631400154	685.203456	cloud-23982
loops-crafted-1/sumt9.yml	true	TIMEOUT	990.245334297	974.4097942750086	1177.460736	cloud-23942	TIMEOUT	990.503410191	963.3363577250275	1523.163136	cloud-23979	TIMEOUT	990.256043894	978.6522094930115	691.900416	cloud-23980
loops-crafted-1/theatreSquare.yml	true	TIMEOUT	990.642972461	937.5447948749934	2033.467392	cloud-23979	TIMEOUT	990.309152008	969.5922895460099	868.384768	cloud-23980	TIMEOUT	990.248780693	976.5708883019979	734.171136	cloud-23980
loops-crafted-1/vnew1.yml	true	ERROR (generic error, after parsing finished)	890.133455497	526.5826541130009	2360.733696	cloud-23979	TIMEOUT	992.240433031	579.6096903129946	2068.578304	cloud-23979	TIMEOUT	990.266459634	975.6851780430006	534.937600	cloud-23938
loops-crafted-1/vnew2.yml	true	TIMEOUT	990.373356317	962.5405964220008	1235.214336	cloud-24259	TIMEOUT	990.290801463	974.0529602990136	602.521600	cloud-23938	TIMEOUT	990.246994221	977.7348759190063	681.172992	cloud-23980
loops-crafted-1/watermelon.yml	true	TIMEOUT	990.370413534	960.1921905920026	1655.656448	cloud-23979	TIMEOUT	990.328286604	969.692215344985	933.982208	cloud-23980	TIMEOUT	990.282189797	972.7659926339984	731.541504	cloud-23938
loop-invariants/bin-suffix-5.yml	true	true	17.98165874	9.88138904600055	548.929536	cloud-23979	true	19.368674121	10.880525009008124	600.420352	cloud-23979	TIMEOUT	990.327289547	972.9427549169923	1032.462336	cloud-23979
loop-invariants/const.yml	true	true	23.348938414	13.066723664996971	587.665408	cloud-23933	true	23.452955916	13.005556022020755	584.613888	cloud-23938	TIMEOUT	990.266174014	976.045313295006	590.770176	cloud-23938
loop-invariants/eq1.yml	true	true	24.162322878	13.098010585003067	570.990592	cloud-23933	true	21.833558322	12.213861498021288	579.940352	cloud-23933	TIMEOUT	990.268434743	977.4222347369941	606.371840	cloud-23979
loop-invariants/eq2.yml	true	true	20.188753732	10.988491188996704	615.587840	cloud-23979	true	25.298109581	14.033646199997747	589.787136	cloud-23982	TIMEOUT	990.253595448	978.2921118919912	557.821952	cloud-23933
loop-invariants/even.yml	true	true	19.084914669	10.829660036004498	551.641088	cloud-23979	true	20.371486754	11.391569522995269	566.857728	cloud-23980	TIMEOUT	990.246683274	975.5356852310069	533.028864	cloud-23938
loop-invariants/linear-inequality-inv-a.yml	true	TIMEOUT	990.921989423	714.0421425460008	2130.436096	cloud-23933	TIMEOUT	990.250223388	785.1406350390171	2036.445184	cloud-23933	TIMEOUT	990.276863767	976.7329713740037	533.536768	cloud-23938
loop-invariants/linear-inequality-inv-b.yml	false	false(unreach-call)	20.112096467	11.123480278001807	606.392320	cloud-24259	false(unreach-call)	21.265142957	11.85567474400159	625.053696	cloud-23979	false(unreach-call)	22.311423501	13.59143812500406	559.034368	cloud-23933
loop-invariants/linear-inequality-inv-c.yml	true	TIMEOUT	990.286563228	974.7718354889985	639.164416	cloud-23979	TIMEOUT	990.275424562	974.852593920019	621.539328	cloud-23938	TIMEOUT	990.301572771	977.1787567179999	581.951488	cloud-23982
loop-invariants/mod4.yml	true	true	21.906879169	11.99933586500265	551.084032	cloud-23933	true	21.425851084	11.9935301229998	574.738432	cloud-23982	TIMEOUT	990.27596059	976.6282738079899	559.022080	cloud-23979
loop-invariants/odd.yml	true	true	18.110599646	9.99433495203266	588.034048	cloud-23939	true	23.606069504	13.205812224012334	603.770880	cloud-23938	TIMEOUT	990.294232434	975.9567167969944	621.801472	cloud-23979
loop-invariants64/linear-inequality-inv-d.yml	true	TIMEOUT	990.230910576	978.1623306610272	645.758976	cloud-23940	TIMEOUT	990.246455035	975.9167175139883	619.638784	cloud-23982	TIMEOUT	990.208590433	980.3562574449752	583.086080	cloud-23980
loop-simple/deep-nested.yml	false	TIMEOUT	990.344068017	968.7698030129977	769.998848	cloud-23933	TIMEOUT	990.295603811	972.9687429810001	648.818688	cloud-23979	TIMEOUT	990.258053575	979.9206067310006	665.030656	cloud-23980
loop-simple/nested_1.yml	true	true	18.352255263	10.326612842000031	564.502528	cloud-24259	true	17.599815544	9.810337950999383	567.324672	cloud-23980	true	24.030429883	12.958931527013192	558.485504	cloud-23938
loop-simple/nested_1b.yml	false	false(unreach-call)	17.286016631	9.733121874000062	590.512128	cloud-23979	false(unreach-call)	21.281769382	12.037154276011279	588.079104	cloud-23980	false(unreach-call)	24.273337764	13.261283970001386	553.078784	cloud-23982
loop-simple/nested_2.yml	true	true	26.536959905	14.572114651000447	560.885760	cloud-23979	true	27.181589948	15.196728041977622	591.499264	cloud-23938	true	25.170602603	13.727023148996523	536.367104	cloud-23938
loop-simple/nested_3.yml	true	true	63.549471871	48.354700568001135	588.771328	cloud-24259	true	77.081816289	60.875386121013435	616.366080	cloud-23982	TIMEOUT	990.268360116	976.9415346480091	800.002048	cloud-23982
loop-simple/nested_4.yml	true	true	393.498536658	367.6192799570272	1749.831680	cloud-23940	TIMEOUT	990.428103785	964.2492134829808	790.712320	cloud-23979	TIMEOUT	990.339401916	971.7341096139862	763.355136	cloud-23933
loop-simple/nested_5.yml	true	true	230.688534541	201.5296450859969	1507.442688	cloud-24259	TIMEOUT	990.369457183	963.3757286960026	695.103488	cloud-23933	TIMEOUT	990.42072005	972.752207181009	757.751808	cloud-23979
loop-simple/nested_6.yml	true	true	241.449530302	214.62245261700446	1680.523264	cloud-23933	TIMEOUT	990.382781876	963.8493237530056	663.056384	cloud-23982	TIMEOUT	990.275546127	973.5274448209966	710.529024	cloud-23933
loop-zilu/benchmark02_linear.yml	true	true	19.884858952	10.923748215998785	659.783680	cloud-23933	true	19.502048744	10.72422740899492	579.776512	cloud-23979	TIMEOUT	990.347857893	975.7959016310051	1643.261952	cloud-23982
loop-zilu/benchmark02_linear_abstracted.yml	true	true	23.38442704	12.846778293998796	592.453632	cloud-23933	true	20.176207127	11.042167300009169	599.539712	cloud-23979	true	16.491371813	9.200385668984381	540.557312	cloud-23980
loop-zilu/benchmark04_conjunctive.yml	true	true	25.481972606	14.238719497999995	601.128960	cloud-23979	true	22.641744513	12.388149186997907	579.309568	cloud-23980	TIMEOUT	990.579267594	972.7454173790175	2222.444544	cloud-23938
loop-zilu/benchmark05_conjunctive.yml	true	true	22.122874167	12.268995648999407	624.041984	cloud-23979	true	18.49802878	10.34108853599173	601.014272	cloud-23980	TIMEOUT	990.299161684	973.8407686929859	1049.128960	cloud-23933
loop-zilu/benchmark09_conjunctive.yml	true	true	16.868507352	9.5204779529995	604.540928	cloud-23979	true	20.218974372	11.179211405979004	589.160448	cloud-23979	TIMEOUT	990.387712955	974.2186552599887	1636.532224	cloud-23979
loop-zilu/benchmark10_conjunctive.yml	true	true	83.376792472	65.89383745100349	724.254720	cloud-24259	true	103.052317445	82.06528648300446	682.995712	cloud-23938	true	530.663713665	516.5015239949862	1406.676992	cloud-23980
loop-zilu/benchmark11_linear.yml	true	true	20.076742062	11.217738445997384	600.199168	cloud-23933	true	22.766676726	12.374020857998403	588.955648	cloud-23938	true	16.783523834	9.54424855299294	512.274432	cloud-23980
loop-zilu/benchmark11_linear_abstracted.yml	true	true	20.125277377	11.050570458999573	600.625152	cloud-23979	true	20.479204074	11.3771005620074	553.172992	cloud-23933	true	20.577928364	11.094526742002927	553.750528	cloud-23979
loop-zilu/benchmark14_linear.yml	true	true	17.382969691	9.763691550004296	563.761152	cloud-24259	true	19.282096951	10.5725337890035	585.506816	cloud-23933	true	21.025884508	11.611904549004976	506.843136	cloud-23982
loop-zilu/benchmark17_conjunctive.yml	true	true	16.203451657	8.968947753019165	600.981504	cloud-23943	true	21.97165421	12.31779102399014	531.787776	cloud-23938	TIMEOUT	990.506859556	973.3010112060001	2614.173696	cloud-23979
loop-zilu/benchmark18_conjunctive.yml	true	true	22.533958061	12.50143944500087	602.755072	cloud-23933	true	24.967686184	13.655932226974983	577.540096	cloud-23982	TIMEOUT	990.40922917	974.7286380729929	1718.251520	cloud-23982
loop-zilu/benchmark19_conjunctive.yml	true	true	23.436000488	12.788377971002774	597.757952	cloud-23933	true	27.113857749	14.844792663992848	592.199680	cloud-23982	TIMEOUT	990.483240924	975.2161233369843	2087.129088	cloud-23982
loop-zilu/benchmark20_conjunctive.yml	true	true	21.995346723	12.325100073998328	604.360704	cloud-24259	true	22.55118044	11.987373084994033	565.456896	cloud-23982	true	116.945154093	101.9899256300123	786.554880	cloud-23933
loop-zilu/benchmark23_conjunctive.yml	true	ERROR (generic error, after parsing finished)	134.110871922	112.99896753200301	680.787968	cloud-23933	true	206.740857957	186.12810221299878	713.154560	cloud-23979	true	40.182895156	27.324030942021636	673.398784	cloud-23982
loop-zilu/benchmark25_linear.yml	true	true	21.369591689	11.635379366001871	605.646848	cloud-24259	true	20.30177971	11.085364925005706	605.204480	cloud-23979	true	18.513500247	10.082739423989551	546.902016	cloud-23933
loop-zilu/benchmark25_linear_abstracted.yml	true	true	22.298949336	11.984088077999331	596.410368	cloud-23933	true	24.506924748	13.62407351800357	578.830336	cloud-23982	true	25.880500043	13.90890971099725	509.145088	cloud-23979
loop-zilu/benchmark26_linear.yml	true	true	18.011414475	10.104634660994634	576.786432	cloud-24259	true	22.930373967	12.84379214499495	571.736064	cloud-23980	true	18.455820749	10.181661802984308	549.617664	cloud-23979
loop-zilu/benchmark26_linear_abstracted.yml	true	true	21.005894249	11.634045048005646	582.430720	cloud-24259	true	22.652236326	12.437483601999702	687.046656	cloud-23982	true	23.794001513	13.434108716988703	554.455040	cloud-23982
loop-zilu/benchmark32_linear.yml	true	true	25.019923596	14.15396512000001	592.822272	cloud-23933	true	20.831808523	11.433794754004339	572.669952	cloud-23980	true	19.666405244	10.68152907199692	548.671488	cloud-23933
loop-zilu/benchmark33_linear.yml	true	true	22.020623416	12.301301121999131	582.512640	cloud-23933	true	17.788147109	9.9003627919883	585.105408	cloud-23980	true	17.716229234	9.81610678700963	539.824128	cloud-23979
loop-zilu/benchmark34_conjunctive.yml	true	true	16.073484507	8.884062922967132	596.426752	cloud-23941	true	18.938827469	10.481701617012732	594.399232	cloud-23980	TIMEOUT	990.472511462	971.8942438200174	2239.385600	cloud-23938
loop-zilu/benchmark35_linear.yml	true	true	21.399939427	11.640483226001379	590.499840	cloud-23933	true	19.751407288	10.826582823996432	546.398208	cloud-23979	true	19.256013759	10.542279826011509	563.294208	cloud-23979
loop-zilu/benchmark37_conjunctive.yml	true	true	25.176473832	13.888607160995889	583.376896	cloud-23933	true	22.100834876	12.178592910000589	565.231616	cloud-23938	TIMEOUT	990.404750302	973.5120674299833	1781.293056	cloud-23933
loop-zilu/benchmark43_conjunctive.yml	true	true	19.032054659	10.604186685995955	595.468288	cloud-23933	true	21.65342262	12.084800113982055	566.140928	cloud-23982	true	24.974632485	13.814389539998956	547.962880	cloud-23982
loop-zilu/benchmark43_conjunctive_abstracted.yml	true	ERROR (server error, after parsing finished)	24.600530161	13.871090339998773	576.323584	cloud-23933	ERROR (server error, after parsing finished)	15.496957503	8.567012687999522	591.667200	cloud-23944	ERROR (server error, after parsing finished)	21.116226797	11.525774633017136	507.846656	cloud-23933
loop-zilu/benchmark51_polynomial.yml	true	true	15.993786072	9.098983032046817	547.692544	cloud-23940	true	22.663580088	12.40144647899433	587.337728	cloud-23938	true	286.4531023	271.93841296597384	818.884608	cloud-23979
loop-zilu/benchmark52_polynomial.yml	true	true	18.13512501	9.816137991001597	595.988480	cloud-24259	true	22.966297183	12.762744115985697	575.959040	cloud-23938	true	22.425037249	12.20508158201119	535.314432	cloud-23933
nla-digbench/bresenham-ll.yml	true	ERROR (solver error, after parsing finished)	138.753301915	121.56573230499635	635.236352	cloud-24259	ERROR (solver error, after parsing finished)	23.550423009	12.78305077101686	638.427136	cloud-23979	ERROR (solver error, after parsing finished)	140.892021486	128.38398751799832	620.945408	cloud-23938
nla-digbench/cohencu-ll.yml	true	TIMEOUT	990.25916071	970.532082515	686.899200	cloud-23979	ERROR (solver error, after parsing finished)	135.913236787	124.42300124201574	693.149696	cloud-23980	TIMEOUT	990.286883395	974.9354278719984	644.509696	cloud-23979
nla-digbench/cohendiv-ll.yml	true	true	31.068191484	17.18512084300164	637.669376	cloud-23979	true	28.638614412	15.601623562979512	649.056256	cloud-23980	ERROR (solver error, after parsing finished)	23.265890196	14.206110207975144	562.057216	cloud-23933
nla-digbench/dijkstra-u.yml	true	TIMEOUT	990.289422889	975.0738349669991	822.870016	cloud-23933	TIMEOUT	990.304888187	974.3349094949954	794.480640	cloud-23979	TIMEOUT	990.332056596	973.1198424590111	744.140800	cloud-23933
nla-digbench/divbin.yml	false	TIMEOUT	990.247468792	976.0116282140007	604.254208	cloud-24259	ERROR (solver error, after parsing finished)	837.110549239	824.2927134339989	612.024320	cloud-23982	TIMEOUT	990.265035494	977.3550570450025	647.475200	cloud-23980
nla-digbench/divbin2.yml	true	TIMEOUT	990.265949286	975.2346907370011	608.321536	cloud-24259	ERROR (solver error, after parsing finished)	31.143845378	19.85719035801594	598.241280	cloud-23982	TIMEOUT	990.237391395	978.9644146359933	628.080640	cloud-23939
nla-digbench/egcd-ll.yml	true	ERROR (solver error, after parsing finished)	362.022247369	344.32444523899903	624.095232	cloud-23979	TIMEOUT	990.248104075	975.1687612789974	641.736704	cloud-23980	ERROR (solver error, after parsing finished)	129.232839914	117.19909916899633	608.755712	cloud-23980
nla-digbench/egcd2-ll.yml	true	ERROR (solver error, after parsing finished)	231.014133451	212.99807065300047	665.219072	cloud-23979	ERROR (server error, after parsing finished)	26.33776002	14.190385256020818	637.059072	cloud-23933	ERROR (solver error, after parsing finished)	24.077916511	13.905515582009684	653.844480	cloud-23979
nla-digbench/egcd3-ll.yml	true	TIMEOUT	990.351233468	969.8807568879965	650.256384	cloud-23979	ERROR (solver error, after parsing finished)	24.253887288	14.182536390988389	593.444864	cloud-23933	TIMEOUT	990.300865414	975.4923985009955	597.364736	cloud-23979
nla-digbench/fermat1-ll.yml	true	ERROR (solver error, after parsing finished)	46.854563235	28.32165556599648	617.316352	cloud-23933	ERROR (server error, after parsing finished)	27.628694786	14.885471271001734	762.769408	cloud-23938	ERROR (solver error, after parsing finished)	38.308358958	23.637656596984016	617.148416	cloud-23982
nla-digbench/fermat2-ll.yml	true	ERROR (solver error, after parsing finished)	38.125392226	22.256228202000784	616.968192	cloud-23979	ERROR (server error, after parsing finished)	24.373813885	13.286082990001887	665.092096	cloud-23982	ERROR (solver error, after parsing finished)	26.436550994	15.669336033024592	617.820160	cloud-23979
nla-digbench/geo1-ll.yml	true	ERROR (solver error, after parsing finished)	873.725291238	858.9001549789973	544.612352	cloud-24259	ERROR (solver error, after parsing finished)	26.693317161	14.747720836021472	596.779008	cloud-23982	ERROR (solver error, after parsing finished)	738.662101786	726.6891100220091	539.889664	cloud-23979
nla-digbench/geo1-u.yml	false	ERROR (solver error, after parsing finished)	547.549961912	531.7471912399997	594.157568	cloud-23933	ERROR (solver error, after parsing finished)	20.63279655	11.264781448000576	588.402688	cloud-23980	ERROR (solver error, after parsing finished)	358.547638061	348.95750467298785	548.237312	cloud-23979
nla-digbench/geo2-ll.yml	true	ERROR (solver error, after parsing finished)	318.134815239	304.1509087660015	582.762496	cloud-23933	ERROR (solver error, after parsing finished)	26.059541266	15.654712240007939	589.131776	cloud-23938	ERROR (solver error, after parsing finished)	207.042671912	199.06363133297418	525.377536	cloud-23980
nla-digbench/geo3-ll.yml	true	ERROR (solver error, after parsing finished)	64.240420744	53.103079325999715	599.343104	cloud-24259	ERROR (solver error, after parsing finished)	60.094259574	50.863452329998836	579.485696	cloud-23979	ERROR (solver error, after parsing finished)	22.61005858	14.175881278992165	556.556288	cloud-23933
nla-digbench/hard-ll.yml	true	TIMEOUT	990.266742287	971.2827262409992	672.542720	cloud-23979	ERROR (verification stuck, after parsing finished)	23.154630139	12.557239503017627	599.195648	cloud-23979	TIMEOUT	990.226540411	977.1024736450054	630.976512	cloud-23982
nla-digbench/hard-u.yml	false	TIMEOUT	990.307032206	974.1099649149983	802.410496	cloud-24259	ERROR (solver error, after parsing finished)	113.771569298	103.67047489900142	548.036608	cloud-23979	TIMEOUT	990.325827691	975.9234263009857	830.005248	cloud-23933
nla-digbench/hard2.yml	true	true	23.011527455	12.632900693999545	578.719744	cloud-23979	true	20.992052442	11.638049696019152	629.473280	cloud-23980	TIMEOUT	990.357213956	974.0884122449788	631.484416	cloud-23938
nla-digbench/knuth.yml	true	TIMEOUT	990.354727187	977.8231182570016	1432.248320	cloud-23933	TIMEOUT	990.419425553	977.6321762200096	1185.468416	cloud-23979	TIMEOUT	990.304101081	978.1519360620005	1073.192960	cloud-23933
nla-digbench/lcm1.yml	true	TIMEOUT	990.280460091	974.6774073360066	611.557376	cloud-24259	ERROR (server error, after parsing finished)	20.573340251	11.25493173598079	597.594112	cloud-23938	TIMEOUT	990.323914288	975.3724160559941	551.927808	cloud-23938
nla-digbench/lcm2.yml	true	ERROR (solver error, after parsing finished)	404.843335087	391.2658514190043	605.024256	cloud-23933	ERROR (solver error, after parsing finished)	111.045389559	101.02158173901262	582.430720	cloud-23980	ERROR (solver error, after parsing finished)	306.225451179	296.42023931001313	554.905600	cloud-23980
nla-digbench/mannadiv.yml	true	true	18.835436084	10.343375585998729	606.466048	cloud-23979	true	23.573323882	12.811831712024286	667.295744	cloud-23979	true	20.689486079	11.494437599001685	564.772864	cloud-23980
nla-digbench/prod4br-ll.yml	true	true	98.580099459	82.7170436660017	627.580928	cloud-23933	ERROR (server error, after parsing finished)	25.910712694	14.075549903005594	631.791616	cloud-23938	true	100.769986225	86.3193057239987	650.395648	cloud-23938
nla-digbench/prodbin-ll.yml	true	TIMEOUT	990.308239663	973.7643660499962	633.675776	cloud-24259	ERROR (server error, after parsing finished)	22.633697845	12.28660151301301	543.010816	cloud-23938	TIMEOUT	990.229820628	974.2362109399983	625.897472	cloud-23982
nla-digbench/ps2-ll.yml	true	true	23.125187778	12.77650596100284	586.346496	cloud-24259	true	25.077611003	13.395718368003145	547.950592	cloud-23982	true	22.391967709	12.215210052003385	511.168512	cloud-23979
nla-digbench/ps3-ll.yml	true	true	36.219194098	19.584816928996588	638.537728	cloud-23979	ERROR (solver error, after parsing finished)	27.8931677	15.065049226977862	611.749888	cloud-23982	true	28.472092293	15.802591644984204	574.402560	cloud-23982
nla-digbench/ps4-ll.yml	true	ERROR (solver error, after parsing finished)	258.203238807	239.24359676899985	665.317376	cloud-23933	ERROR (solver error, after parsing finished)	126.390422294	116.29097439098405	641.679360	cloud-23939	ERROR (solver error, after parsing finished)	78.674766974	66.41771478299052	556.625920	cloud-23933
nla-digbench/ps5-ll.yml	true	TIMEOUT	990.316708441	967.538487455	755.781632	cloud-23933	ERROR (solver error, after parsing finished)	23.04055783	12.582983261992922	800.825344	cloud-23979	TIMEOUT	990.280251473	972.3284182539792	773.902336	cloud-23938
nla-digbench/ps6-ll.yml	true	TIMEOUT	990.364941051	966.4710609940012	799.207424	cloud-23933	TIMEOUT	990.369122025	969.5822483309894	850.669568	cloud-23938	TIMEOUT	990.355374012	972.5669150130125	757.161984	cloud-23933
nla-digbench/sqrt1-ll.yml	true	true	27.83688753	15.884979890997784	592.809984	cloud-24259	true	31.784267627	18.222851486003492	645.140480	cloud-23938	true	27.603496702	15.041429085977143	619.495424	cloud-23938
nla-digbench-scaling/bresenham-ll_unwindbound1.yml	false	false(unreach-call)	25.545940215	14.064107937003428	640.462848	cloud-24259	false(unreach-call)	31.065308851	17.057572192017687	626.438144	cloud-23982	ERROR (solver error, after parsing finished)	45.872872714	30.804471932002343	595.693568	cloud-23982
nla-digbench-scaling/bresenham-ll_unwindbound10.yml	false	ERROR (solver error, after parsing finished)	100.632475269	85.84058554600051	637.345792	cloud-24259	ERROR (solver error, after parsing finished)	39.878940422	29.58315883000614	653.193216	cloud-23933	ERROR (solver error, after parsing finished)	54.974609532	41.64461924700299	579.690496	cloud-23982
nla-digbench-scaling/bresenham-ll_unwindbound100.yml	false	ERROR (solver error, after parsing finished)	111.253642887	95.92546301399852	583.319552	cloud-23933	ERROR (solver error, after parsing finished)	45.950333104	34.96925589701277	636.936192	cloud-23938	ERROR (solver error, after parsing finished)	54.901766505	41.402865595999174	605.687808	cloud-23982
nla-digbench-scaling/bresenham-ll_unwindbound2.yml	false	ERROR (solver error, after parsing finished)	144.410526333	130.27669033400161	603.230208	cloud-24259	ERROR (solver error, after parsing finished)	39.829351019	29.394618624006398	641.789952	cloud-23933	ERROR (solver error, after parsing finished)	84.185157123	73.40913705699495	581.427200	cloud-23933
nla-digbench-scaling/bresenham-ll_unwindbound20.yml	false	ERROR (solver error, after parsing finished)	78.917368863	68.71158103499329	651.096064	cloud-23940	ERROR (solver error, after parsing finished)	44.537706088	32.44959628098877	646.524928	cloud-23933	ERROR (solver error, after parsing finished)	47.483620393	36.30299491301412	607.203328	cloud-23933
nla-digbench-scaling/bresenham-ll_unwindbound5.yml	false	ERROR (solver error, after parsing finished)	110.21895333	97.54561739000201	628.568064	cloud-23979	ERROR (solver error, after parsing finished)	34.909299775	25.553483193012653	650.469376	cloud-23942	ERROR (solver error, after parsing finished)	43.519987008	33.59818458301015	608.948224	cloud-23979
nla-digbench-scaling/bresenham-ll_unwindbound50.yml	false	ERROR (solver error, after parsing finished)	64.654910558	48.641995355999825	649.093120	cloud-23979	ERROR (solver error, after parsing finished)	23.431853511	12.76569327901234	651.575296	cloud-23980	ERROR (solver error, after parsing finished)	39.581552041	31.33816446500714	608.772096	cloud-23980
nla-digbench-scaling/bresenham-ll_valuebound1.yml	true	ERROR (solver error, after parsing finished)	182.866112449	167.4095693950003	632.000512	cloud-24259	ERROR (verification stuck, after parsing finished)	26.901582144	17.63866632198915	635.187200	cloud-23982	ERROR (solver error, after parsing finished)	158.18601064	142.0878648319922	558.465024	cloud-23933
nla-digbench-scaling/bresenham-ll_valuebound10.yml	true	ERROR (solver error, after parsing finished)	134.205591219	117.40879313000005	609.214464	cloud-24259	ERROR (verification stuck, after parsing finished)	34.210774054	18.621581767016323	612.573184	cloud-23982	ERROR (solver error, after parsing finished)	98.992636795	87.79058398699271	536.662016	cloud-23933
nla-digbench-scaling/bresenham-ll_valuebound100.yml	true	ERROR (solver error, after parsing finished)	226.942810689	209.6802682359994	637.411328	cloud-24259	ERROR (verification stuck, after parsing finished)	21.457288732	12.319625638017897	740.446208	cloud-23980	ERROR (solver error, after parsing finished)	103.251299138	93.4950863700069	557.568000	cloud-23979
nla-digbench-scaling/bresenham-ll_valuebound2.yml	true	ERROR (solver error, after parsing finished)	318.658200715	301.1668659209972	671.088640	cloud-24259	ERROR (solver error, after parsing finished)	167.725680273	154.34822145101498	647.811072	cloud-23933	ERROR (solver error, after parsing finished)	79.25692865	69.07902414599084	613.933056	cloud-23980
nla-digbench-scaling/bresenham-ll_valuebound20.yml	true	ERROR (solver error, after parsing finished)	341.759533156	324.95965692699974	620.503040	cloud-23933	ERROR (verification stuck, after parsing finished)	26.62876359	14.692124452994904	577.196032	cloud-23933	ERROR (solver error, after parsing finished)	312.331587816	302.654040444002	613.744640	cloud-23980
nla-digbench-scaling/bresenham-ll_valuebound5.yml	true	ERROR (solver error, after parsing finished)	649.405671452	632.6536976690004	639.238144	cloud-23979	ERROR (verification stuck, after parsing finished)	24.751338488	13.815853235981194	662.773760	cloud-23933	ERROR (solver error, after parsing finished)	546.105652487	533.3080813720007	607.113216	cloud-23933
nla-digbench-scaling/bresenham-ll_valuebound50.yml	true	TIMEOUT	990.272268627	971.1667168830027	600.576000	cloud-24259	ERROR (verification stuck, after parsing finished)	26.305441165	14.92855246597901	638.246912	cloud-23982	TIMEOUT	990.240319321	975.3207124129985	563.085312	cloud-23938
nla-digbench-scaling/cohencu-ll_unwindbound1.yml	false	TIMEOUT	990.31688983	967.3098299580015	713.261056	cloud-24259	TIMEOUT	990.275075997	973.689225907001	731.176960	cloud-23980	TIMEOUT	990.283763963	971.9663280570239	632.020992	cloud-23938
nla-digbench-scaling/cohencu-ll_unwindbound10.yml	false	TIMEOUT	991.691634671	970.8779605740056	747.745280	cloud-24259	TIMEOUT	990.218052728	977.5233762769785	704.638976	cloud-23980	TIMEOUT (ERROR (solver error, after parsing finished))	960.13543752	942.9517823609931	649.478144	cloud-23979
nla-digbench-scaling/cohencu-ll_unwindbound100.yml	false	TIMEOUT	990.264292557	970.2455051420001	725.827584	cloud-24259	ERROR (solver error, after parsing finished)	665.736335144	651.0735480519943	708.505600	cloud-23979	TIMEOUT	990.313767785	976.3735603999812	670.498816	cloud-23933
nla-digbench-scaling/cohencu-ll_unwindbound2.yml	false	TIMEOUT	990.322009948	968.5331342860009	683.896832	cloud-24259	TIMEOUT	990.28927188	975.5666128910088	713.936896	cloud-23933	TIMEOUT	990.29230535	973.5086892570253	642.969600	cloud-23938
nla-digbench-scaling/cohencu-ll_unwindbound20.yml	false	TIMEOUT	990.238546966	973.7174821829976	692.744192	cloud-23979	TIMEOUT	990.262731976	976.3702630049956	681.058304	cloud-23933	TIMEOUT	990.242655889	973.3754153419868	630.800384	cloud-23982
nla-digbench-scaling/cohencu-ll_unwindbound5.yml	false	TIMEOUT	990.243226007	974.2741616510029	727.703552	cloud-23979	TIMEOUT	990.326258923	972.8973366049759	729.956352	cloud-23979	ERROR (solver error, after parsing finished)	99.458980216	87.57921989099123	661.184512	cloud-23979
nla-digbench-scaling/cohencu-ll_unwindbound50.yml	false	TIMEOUT	990.294146361	969.0678269539967	724.115456	cloud-24259	TIMEOUT	990.269891763	973.4946333320113	703.557632	cloud-23938	TIMEOUT	990.313198226	975.9629873580125	695.017472	cloud-23933
nla-digbench-scaling/cohencu-ll_valuebound1.yml	true	ERROR (solver error, after parsing finished)	521.236537767	502.77727887400033	678.432768	cloud-24259	ERROR (solver error, after parsing finished)	87.456712124	74.62425716701546	700.063744	cloud-23980	ERROR (solver error, after parsing finished)	481.938517276	466.85676411300665	658.759680	cloud-23938
nla-digbench-scaling/cohencu-ll_valuebound10.yml	true	TIMEOUT	990.318158322	969.1209454839991	695.705600	cloud-24259	ERROR (solver error, after parsing finished)	96.885138451	80.45230625299155	642.203648	cloud-23982	TIMEOUT	990.292325922	968.3547279250051	657.788928	cloud-23933
nla-digbench-scaling/cohencu-ll_valuebound100.yml	true	ERROR (solver error, after parsing finished)	421.615717755	404.15883996799676	769.871872	cloud-24259	ERROR (solver error, after parsing finished)	86.373404089	73.44352584099397	672.174080	cloud-23938	ERROR (solver error, after parsing finished)	317.209820533	304.264110219985	634.880000	cloud-23933
nla-digbench-scaling/cohencu-ll_valuebound2.yml	true	TIMEOUT	990.295990844	969.7806662860021	704.217088	cloud-24259	ERROR (solver error, after parsing finished)	69.960874859	58.80229916001554	667.172864	cloud-23933	TIMEOUT	990.258778667	973.8301581149863	664.461312	cloud-23938
nla-digbench-scaling/cohencu-ll_valuebound20.yml	true	TIMEOUT	990.245839839	973.6769755710266	656.482304	cloud-23940	ERROR (solver error, after parsing finished)	96.066972895	82.56431222398533	691.253248	cloud-23982	TIMEOUT	990.275235801	974.5132876429998	633.135104	cloud-23982
nla-digbench-scaling/cohencu-ll_valuebound5.yml	true	TIMEOUT	990.282360143	970.3258838000038	699.281408	cloud-24259	ERROR (solver error, after parsing finished)	77.798459949	64.58551020000596	692.056064	cloud-23938	TIMEOUT	990.260332425	975.108435992006	650.444800	cloud-23933
nla-digbench-scaling/cohencu-ll_valuebound50.yml	true	TIMEOUT	990.301375802	972.3842953759995	679.436288	cloud-24259	ERROR (solver error, after parsing finished)	84.67117712	72.7858218330075	690.614272	cloud-23980	TIMEOUT	990.274114165	975.1799151450105	673.591296	cloud-23938
nla-digbench-scaling/cohendiv-ll_unwindbound1.yml	true	true	25.722698903	14.181860456999857	579.112960	cloud-23933	true	21.833301087	12.163640827988274	629.841920	cloud-23980	true	28.57670207	15.754553247010335	601.866240	cloud-23938
nla-digbench-scaling/cohendiv-ll_unwindbound10.yml	true	true	102.168219378	85.46286394200433	675.921920	cloud-23979	true	98.341814937	82.46528876697994	663.445504	cloud-23980	true	33.40711137	21.778285199019592	639.520768	cloud-23933
nla-digbench-scaling/cohendiv-ll_unwindbound100.yml	true	true	186.676817473	154.69187680100003	1586.839552	cloud-23979	TIMEOUT	990.394265254	960.5022015699942	825.737216	cloud-23982	ERROR (solver error, after parsing finished)	31.401261415	20.9207410980016	576.049152	cloud-23982
nla-digbench-scaling/cohendiv-ll_unwindbound2.yml	true	true	35.434738441	19.562605741	660.742144	cloud-23979	true	29.266048844	16.344927672005724	651.665408	cloud-23980	true	43.7011015	30.64921014397987	618.479616	cloud-23982
nla-digbench-scaling/cohendiv-ll_unwindbound20.yml	true	true	871.916602872	815.7399150419988	2072.989696	cloud-23933	true	878.360509519	856.4358064259868	784.625664	cloud-23982	ERROR (solver error, after parsing finished)	30.74444614	20.045026156003587	582.590464	cloud-23979
nla-digbench-scaling/cohendiv-ll_unwindbound5.yml	true	true	35.42102279	22.07287948400335	681.078784	cloud-24259	true	35.499788167	23.483326376997866	652.894208	cloud-23980	true	39.671231525	26.294228911981918	638.267392	cloud-23982
nla-digbench-scaling/cohendiv-ll_unwindbound50.yml	true	true	168.925645956	140.6406121809996	1646.997504	cloud-23979	TIMEOUT	990.440414192	958.7831022600003	848.617472	cloud-23938	ERROR (solver error, after parsing finished)	28.099278971	18.770276488998206	530.432000	cloud-23980
nla-digbench-scaling/cohendiv-ll_valuebound1.yml	true	true	23.054822073	12.457748955999705	651.034624	cloud-23933	true	22.558672175	12.27443434498855	593.022976	cloud-23933	true	34.821143546	20.737601543980418	553.242624	cloud-23982
nla-digbench-scaling/cohendiv-ll_valuebound10.yml	true	true	26.820076589	14.87446418699983	645.529600	cloud-24259	true	22.105347773	12.351988667011028	642.543616	cloud-23980	true	29.552661344	17.478454368014354	629.469184	cloud-23933
nla-digbench-scaling/cohendiv-ll_valuebound100.yml	true	true	28.44903933	15.525059554005566	663.351296	cloud-23979	true	27.310913633	15.234658592002233	635.518976	cloud-23982	true	31.358677984	18.893767772009596	557.543424	cloud-23980
nla-digbench-scaling/cohendiv-ll_valuebound2.yml	true	ERROR (solver error, after parsing finished)	32.05642551	18.570669456999894	576.061440	cloud-24259	ERROR (server error, after parsing finished)	27.709639132	15.025294902996393	631.939072	cloud-23982	ERROR (solver error, after parsing finished)	28.335052083	16.316014711017488	570.335232	cloud-23982
nla-digbench-scaling/cohendiv-ll_valuebound20.yml	true	true	28.64030671	15.571353275001456	603.529216	cloud-23933	true	26.124590534	14.67711696002516	628.654080	cloud-23979	true	29.506079008	18.552677050000057	620.617728	cloud-23980
nla-digbench-scaling/cohendiv-ll_valuebound5.yml	true	true	31.218494286	16.82788130199333	686.477312	cloud-23979	true	25.243001051	13.865006170002744	641.187840	cloud-23979	true	30.081433034	18.463668759010034	554.733568	cloud-23979
nla-digbench-scaling/cohendiv-ll_valuebound50.yml	true	true	19.919569311	10.92686856398359	631.091200	cloud-23939	true	27.262891068	15.118793485016795	640.491520	cloud-23982	true	29.870016141	18.159877931000665	602.648576	cloud-23933
nla-digbench-scaling/dijkstra-u_unwindbound1.yml	true	TIMEOUT	990.331669568	968.6543247329973	727.089152	cloud-23933	TIMEOUT	990.252206835	978.3163805360091	620.662784	cloud-23980	TIMEOUT	990.293183678	973.6278781860019	728.850432	cloud-23938
nla-digbench-scaling/dijkstra-u_unwindbound10.yml	false	TIMEOUT	990.24689289	976.6470363290282	728.903680	cloud-23944	TIMEOUT	990.377005548	973.9738752650155	1611.874304	cloud-23933	TIMEOUT	990.356974575	974.1377969119931	1044.086784	cloud-23979
nla-digbench-scaling/dijkstra-u_unwindbound100.yml	false	TIMEOUT	990.230470881	976.456554098	780.337152	cloud-23979	TIMEOUT	990.252611072	976.3517418330011	735.576064	cloud-23980	TIMEOUT	990.253155091	977.3306182519882	754.135040	cloud-23980
nla-digbench-scaling/dijkstra-u_unwindbound2.yml	true	TIMEOUT	990.251775154	978.2859274120055	805.519360	cloud-23979	TIMEOUT	990.27250877	977.124950138008	804.683776	cloud-23980	TIMEOUT	990.308687439	973.7563555169909	738.623488	cloud-23979
nla-digbench-scaling/dijkstra-u_unwindbound20.yml	false	TIMEOUT	990.316971432	967.4747851909997	1018.580992	cloud-23933	TIMEOUT	990.52738571	976.1599442099978	2551.209984	cloud-23933	TIMEOUT	990.295676793	977.1196745839843	980.283392	cloud-23982
nla-digbench-scaling/dijkstra-u_unwindbound5.yml	false	TIMEOUT	990.334422286	969.9235779709998	989.233152	cloud-24259	TIMEOUT	990.40437668	975.9107758199971	1696.514048	cloud-23982	TIMEOUT	990.3077852	973.1359456930077	966.037504	cloud-23979
nla-digbench-scaling/dijkstra-u_unwindbound50.yml	false	TIMEOUT	990.29406353	971.630460949	752.222208	cloud-23933	TIMEOUT	990.328883177	973.9829481890192	692.736000	cloud-23979	TIMEOUT	990.317699722	975.1944622499868	764.907520	cloud-23979
nla-digbench-scaling/dijkstra-u_valuebound1.yml	true	TIMEOUT	990.31591158	973.6360413139992	1195.294720	cloud-23979	TIMEOUT	990.279989489	973.9934506150021	797.556736	cloud-23979	TIMEOUT	990.269896174	978.1497760209895	714.915840	cloud-23980
nla-digbench-scaling/dijkstra-u_valuebound10.yml	true	TIMEOUT	990.331106384	973.119766566997	884.736000	cloud-23933	TIMEOUT	990.350749472	972.9285432980105	1032.679424	cloud-23933	TIMEOUT	990.297215611	974.5351535690133	720.502784	cloud-23933
nla-digbench-scaling/dijkstra-u_valuebound100.yml	true	TIMEOUT	990.254765762	974.6668369759973	697.565184	cloud-23979	TIMEOUT	990.272891253	974.5613579050114	666.832896	cloud-23982	TIMEOUT	990.276146287	978.349215905997	699.613184	cloud-23980
nla-digbench-scaling/dijkstra-u_valuebound2.yml	true	TIMEOUT	990.275543619	975.091965630003	743.149568	cloud-24259	TIMEOUT	990.313917073	973.018896420981	664.403968	cloud-23938	TIMEOUT	990.29968106	973.2787710310076	773.689344	cloud-23933
nla-digbench-scaling/dijkstra-u_valuebound20.yml	true	TIMEOUT	990.338451233	973.0497972099984	1058.377728	cloud-24259	TIMEOUT	990.264282513	975.8308452869824	723.656704	cloud-23982	TIMEOUT	990.28320338	973.4289075649867	696.160256	cloud-23933
nla-digbench-scaling/dijkstra-u_valuebound5.yml	true	TIMEOUT	990.335837522	972.1321322259973	1136.537600	cloud-23933	TIMEOUT	990.366444184	974.3095304250019	1061.380096	cloud-23979	TIMEOUT	990.234043732	975.5471017480013	747.634688	cloud-23982
nla-digbench-scaling/dijkstra-u_valuebound50.yml	true	TIMEOUT	990.261399075	974.1584977910024	690.212864	cloud-23933	TIMEOUT	990.27139955	975.7428820829955	664.879104	cloud-23980	TIMEOUT	990.294427484	974.746000034007	710.955008	cloud-23979
nla-digbench-scaling/divbin2_unwindbound1.yml	true	TIMEOUT	990.236459623	974.972521771997	665.571328	cloud-23979	ERROR (solver error, after parsing finished)	79.247840612	69.11213078798028	518.144000	cloud-23933	TIMEOUT	990.238897718	979.8781324189913	611.475456	cloud-23980
nla-digbench-scaling/divbin2_unwindbound10.yml	true	TIMEOUT	990.265883055	973.676571070002	610.492416	cloud-23933	ERROR (solver error, after parsing finished)	51.789313205	42.33875410599285	566.038528	cloud-23982	TIMEOUT	990.289226846	977.211220415018	598.097920	cloud-23933
nla-digbench-scaling/divbin2_unwindbound100.yml	true	TIMEOUT	990.256726191	973.4205914099985	643.870720	cloud-23933	ERROR (solver error, after parsing finished)	75.632012492	64.22628326597624	558.206976	cloud-23933	TIMEOUT	990.238437455	977.2824084850145	610.172928	cloud-23982
nla-digbench-scaling/divbin2_unwindbound2.yml	true	TIMEOUT	990.293872868	974.178986166	717.586432	cloud-23979	ERROR (solver error, after parsing finished)	22.826424883	14.712893235002412	572.370944	cloud-23939	TIMEOUT	990.261638909	976.8377905529924	698.818560	cloud-23982
nla-digbench-scaling/divbin2_unwindbound20.yml	true	TIMEOUT	990.274903087	977.229434683999	648.867840	cloud-23979	TIMEOUT	990.240391114	978.2300764129905	568.881152	cloud-23933	TIMEOUT	990.317252077	975.9992844089866	833.912832	cloud-23938
nla-digbench-scaling/divbin2_unwindbound5.yml	true	TIMEOUT	990.237074442	977.5122242170037	660.873216	cloud-23940	ERROR (solver error, after parsing finished)	29.766912883	19.119808778981678	579.473408	cloud-23938	TIMEOUT	990.22690964	977.6859199690225	549.617664	cloud-23980
nla-digbench-scaling/divbin2_unwindbound50.yml	true	TIMEOUT	990.261043746	975.2584616819986	549.392384	cloud-23933	ERROR (solver error, after parsing finished)	113.713646342	105.93187605499406	575.860736	cloud-23980	TIMEOUT	990.233801847	979.0980670790013	558.866432	cloud-23933
nla-digbench-scaling/divbin2_valuebound1.yml	true	TIMEOUT	990.256848569	973.3950861760022	653.774848	cloud-23979	TIMEOUT	990.18363495	980.2140132359928	589.103104	cloud-23944	TIMEOUT	990.224884105	977.7806642199866	737.382400	cloud-23982
nla-digbench-scaling/divbin2_valuebound10.yml	true	TIMEOUT	990.250141567	976.5440906499971	606.617600	cloud-23933	TIMEOUT	990.221173143	980.4708417899965	585.170944	cloud-23982	TIMEOUT	990.277620808	975.7736248039873	619.347968	cloud-23933
nla-digbench-scaling/divbin2_valuebound100.yml	true	TIMEOUT	990.241204286	977.1628934469773	611.373056	cloud-23943	ERROR (solver error, after parsing finished)	33.991195109	24.344172422977863	573.231104	cloud-23933	TIMEOUT	990.281954284	976.4708389580192	609.800192	cloud-23979
nla-digbench-scaling/divbin2_valuebound2.yml	true	TIMEOUT	990.253849556	973.1536445290039	671.133696	cloud-23933	ERROR (solver error, after parsing finished)	62.717311024	53.46621673600748	581.312512	cloud-23982	TIMEOUT	990.246405519	975.942397413979	638.058496	cloud-23933
nla-digbench-scaling/divbin2_valuebound20.yml	true	TIMEOUT	990.287523719	974.7081314460011	660.185088	cloud-24259	ERROR (solver error, after parsing finished)	43.5552851	33.51580724201631	583.630848	cloud-23979	TIMEOUT	990.326889773	976.5566536060069	739.307520	cloud-23979
nla-digbench-scaling/divbin2_valuebound5.yml	true	TIMEOUT	990.231503183	974.6969476449995	653.402112	cloud-23979	ERROR (solver error, after parsing finished)	23.90234182	15.273252327984665	587.255808	cloud-23933	TIMEOUT	990.289648402	976.3310270770162	627.941376	cloud-23979
nla-digbench-scaling/divbin2_valuebound50.yml	true	TIMEOUT	990.237251885	977.1732332250031	592.044032	cloud-24259	TIMEOUT	990.274387531	977.5466709570028	594.534400	cloud-23979	TIMEOUT	990.251352692	976.0021535159904	601.931776	cloud-23982
nla-digbench-scaling/divbin_unwindbound1.yml	true	TIMEOUT	990.296678222	972.7346896739982	684.163072	cloud-24259	ERROR (solver error, after parsing finished)	57.907847241	45.05119257001206	578.236416	cloud-23938	TIMEOUT	990.287124755	974.1594054779853	637.554688	cloud-23938
nla-digbench-scaling/divbin_unwindbound10.yml	false	ERROR (solver error, after parsing finished)	152.648273386	139.30695298499995	606.629888	cloud-23979	ERROR (solver error, after parsing finished)	130.700030197	118.9436888069904	596.447232	cloud-23938	ERROR (solver error, after parsing finished)	43.436415695	31.38024153400329	562.761728	cloud-23938
nla-digbench-scaling/divbin_unwindbound100.yml	false	TIMEOUT	990.261132379	975.5273326190072	590.884864	cloud-23979	TIMEOUT	990.300328702	974.4713783679763	617.844736	cloud-23933	ERROR (solver error, after parsing finished)	36.79893239	27.048085974995047	565.866496	cloud-23979
nla-digbench-scaling/divbin_unwindbound2.yml	true	ERROR (solver error, after parsing finished)	181.528981522	167.4476061059977	610.324480	cloud-24259	TIMEOUT	990.201202122	979.3825962150004	601.030656	cloud-23980	ERROR (solver error, after parsing finished)	39.581594325	29.477240634994814	568.537088	cloud-23979
nla-digbench-scaling/divbin_unwindbound20.yml	false	ERROR (solver error, after parsing finished)	189.954065064	175.645688831999	596.701184	cloud-24259	TIMEOUT (ERROR (solver error, after parsing finished))	967.343763128	954.5891746449925	590.921728	cloud-23982	ERROR (solver error, after parsing finished)	35.964193085	27.448825903993566	610.156544	cloud-23980
nla-digbench-scaling/divbin_unwindbound5.yml	true	ERROR (solver error, after parsing finished)	142.892198867	131.82903186000112	606.785536	cloud-23979	ERROR (solver error, after parsing finished)	29.609682284	16.682856990024447	639.479808	cloud-23982	ERROR (solver error, after parsing finished)	47.596655028	35.776870481000515	557.936640	cloud-23982
nla-digbench-scaling/divbin_unwindbound50.yml	false	ERROR (solver error, after parsing finished)	140.809739863	127.90060435200576	595.955712	cloud-24259	ERROR (solver error, after parsing finished)	144.410851105	132.44955583297997	601.915392	cloud-23982	ERROR (solver error, after parsing finished)	39.560832962	29.380368746991735	538.742784	cloud-23979
nla-digbench-scaling/divbin_valuebound1.yml	true	TIMEOUT	990.303522821	971.7709424250024	597.622784	cloud-23979	ERROR (solver error, after parsing finished)	25.867541139	14.21516672099824	591.314944	cloud-23933	TIMEOUT	990.266762978	974.1973396459944	546.095104	cloud-23933
nla-digbench-scaling/divbin_valuebound10.yml	true	TIMEOUT	990.230922635	973.7968292620026	663.949312	cloud-23979	ERROR (solver error, after parsing finished)	36.080567338	25.784612952993484	619.429888	cloud-23933	TIMEOUT	990.328905703	969.4357365809847	675.467264	cloud-23938
nla-digbench-scaling/divbin_valuebound100.yml	true	ERROR (solver error, after parsing finished)	882.866596896	865.8834973580015	612.036608	cloud-23933	ERROR (solver error, after parsing finished)	132.633499412	121.99706044301274	588.197888	cloud-23933	ERROR (solver error, after parsing finished)	846.921590842	830.8326730949921	581.169152	cloud-23938
nla-digbench-scaling/divbin_valuebound2.yml	true	TIMEOUT (ERROR (solver error, after parsing finished))	976.459145423	958.2498570430034	655.368192	cloud-23933	ERROR (solver error, after parsing finished)	106.690657064	96.7649574620009	595.959808	cloud-23979	TIMEOUT (ERROR (solver error, after parsing finished))	922.768351474	908.4446529580164	644.542464	cloud-23982
nla-digbench-scaling/divbin_valuebound20.yml	true	TIMEOUT	990.233574233	973.6420373750007	629.837824	cloud-23979	ERROR (solver error, after parsing finished)	236.450478315	226.96079108898994	556.691456	cloud-23980	TIMEOUT	990.24848211	977.9020883189805	638.812160	cloud-23980
nla-digbench-scaling/divbin_valuebound5.yml	true	TIMEOUT	990.288477321	972.2665596410006	667.172864	cloud-23933	ERROR (solver error, after parsing finished)	182.43859784	173.2960548120027	596.320256	cloud-23933	TIMEOUT	990.268774964	976.3908434440091	652.505088	cloud-23979
nla-digbench-scaling/divbin_valuebound50.yml	true	ERROR (solver error, after parsing finished)	680.710529044	664.9535238220014	628.088832	cloud-23979	ERROR (solver error, after parsing finished)	27.993942748	17.577924098004587	619.581440	cloud-23980	ERROR (solver error, after parsing finished)	604.81049006	592.7896397659788	608.354304	cloud-23933
nla-digbench-scaling/egcd-ll_unwindbound1.yml	false	TIMEOUT	990.236057253	976.4903219889966	633.024512	cloud-23944	ERROR (solver error, after parsing finished)	482.354321725	469.6145846080035	616.857600	cloud-23980	false(unreach-call)	35.703743235	24.41100860698498	621.600768	cloud-23980
nla-digbench-scaling/egcd-ll_unwindbound10.yml	false	TIMEOUT	990.33168319	969.0661387190048	623.738880	cloud-23979	TIMEOUT	990.292235072	974.3067910659884	675.860480	cloud-23980	TIMEOUT	990.29589313	974.3469372230174	625.729536	cloud-23979
nla-digbench-scaling/egcd-ll_unwindbound100.yml	false	TIMEOUT	990.194827276	977.8686293170322	668.622848	cloud-23942	ERROR (solver error, after parsing finished)	317.368393852	306.94824079598766	663.633920	cloud-23933	TIMEOUT	990.296147598	973.7358078869875	611.635200	cloud-23933
nla-digbench-scaling/egcd-ll_unwindbound2.yml	false	TIMEOUT	990.309297754	973.1430296180006	664.526848	cloud-24259	ERROR (solver error, after parsing finished)	468.526089111	454.17830657499144	647.139328	cloud-23982	ERROR (solver error, after parsing finished)	474.135848706	462.49503576999996	607.141888	cloud-23980
nla-digbench-scaling/egcd-ll_unwindbound20.yml	false	TIMEOUT	990.376723093	969.0169822270036	667.873280	cloud-23933	ERROR (solver error, after parsing finished)	153.70643491	143.75448393198894	648.892416	cloud-23943	TIMEOUT	990.278700172	974.3778925200168	718.630912	cloud-23938
nla-digbench-scaling/egcd-ll_unwindbound5.yml	false	ERROR (solver error, after parsing finished)	586.467720183	569.0450224059969	636.624896	cloud-23979	TIMEOUT	990.275930214	975.298827104998	667.414528	cloud-23933	ERROR (solver error, after parsing finished)	401.565412344	387.34462839600747	603.254784	cloud-23938
nla-digbench-scaling/egcd-ll_unwindbound50.yml	false	TIMEOUT	990.305638996	967.0003364570002	632.598528	cloud-23933	ERROR (solver error, after parsing finished)	90.221019102	76.80164077199879	641.781760	cloud-23938	TIMEOUT	990.291366391	973.8570044549997	574.021632	cloud-23982
nla-digbench-scaling/egcd-ll_valuebound1.yml	true	true	27.088380085	14.780902927002899	679.215104	cloud-23933	true	22.699472311	12.467632870975649	609.615872	cloud-23979	ERROR (solver error, after parsing finished)	282.764903687	269.1463583660079	587.862016	cloud-23982
nla-digbench-scaling/egcd-ll_valuebound10.yml	true	true	49.166310284	31.904189205000876	668.827648	cloud-24259	ERROR (solver error, after parsing finished)	28.513968066	15.97589743300341	667.041792	cloud-23979	true	34.310601238	22.700995502003934	601.415680	cloud-23979
nla-digbench-scaling/egcd-ll_valuebound100.yml	true	true	86.811112206	67.29621234799924	627.789824	cloud-23933	ERROR (solver error, after parsing finished)	58.794872554	45.26119184799609	638.242816	cloud-23982	true	37.094697338	24.039748434996	599.076864	cloud-23938
nla-digbench-scaling/egcd-ll_valuebound2.yml	true	true	28.477932258	15.370744448999176	658.599936	cloud-23933	true	33.963775531	18.38066048998735	639.221760	cloud-23933	true	27.935409252	18.05710714898305	595.988480	cloud-23940
nla-digbench-scaling/egcd-ll_valuebound20.yml	true	true	55.796892034	36.56701524100208	664.801280	cloud-23933	ERROR (solver error, after parsing finished)	25.111584447	14.397667607991025	626.704384	cloud-23942	true	34.950677211	23.030101759999525	578.473984	cloud-23979
nla-digbench-scaling/egcd-ll_valuebound5.yml	true	true	53.369064194	35.51235941699997	624.857088	cloud-23933	ERROR (solver error, after parsing finished)	26.369472096	14.927251376007916	706.056192	cloud-23980	true	35.92185865	25.23380652401829	638.750720	cloud-23980
nla-digbench-scaling/egcd-ll_valuebound50.yml	true	true	62.942193337	43.4750733020046	635.334656	cloud-24259	ERROR (solver error, after parsing finished)	36.177516195	23.899857759010047	630.743040	cloud-23933	true	42.9544275	29.018025390978437	620.425216	cloud-23933
nla-digbench-scaling/egcd2-ll_unwindbound1.yml	false	false(unreach-call)	27.69711402	14.872945932998846	655.364096	cloud-23979	false(unreach-call)	27.44834153	14.944996634993004	651.624448	cloud-23933	false(unreach-call)	25.926956229	14.973712554987287	578.605056	cloud-23979
nla-digbench-scaling/egcd2-ll_unwindbound10.yml	false	TIMEOUT	990.290424984	970.6484424699956	677.339136	cloud-24259	ERROR (server error, after parsing finished)	24.351211971	13.17025310799363	651.436032	cloud-23979	TIMEOUT	990.296495597	974.182265890995	625.651712	cloud-23979
nla-digbench-scaling/egcd2-ll_unwindbound100.yml	false	TIMEOUT	990.269829643	971.7528652099936	631.537664	cloud-23979	ERROR (server error, after parsing finished)	21.24925402	11.814486891991692	660.631552	cloud-23982	TIMEOUT	990.262953421	976.5973332349968	594.202624	cloud-23933
nla-digbench-scaling/egcd2-ll_unwindbound2.yml	false	ERROR (solver error, after parsing finished)	268.505329382	250.7130075649984	659.484672	cloud-23979	ERROR (solver error, after parsing finished)	23.247450526	12.549889061017893	656.506880	cloud-23979	ERROR (solver error, after parsing finished)	117.832001405	107.1155652749876	581.898240	cloud-23980
nla-digbench-scaling/egcd2-ll_unwindbound20.yml	false	TIMEOUT	990.232026844	972.8655921950012	625.147904	cloud-23979	ERROR (server error, after parsing finished)	23.034942247	12.428940725978464	632.356864	cloud-23933	TIMEOUT	990.263290389	974.8966860980145	599.216128	cloud-23933
nla-digbench-scaling/egcd2-ll_unwindbound5.yml	false	TIMEOUT	990.279216287	966.6828549460042	623.779840	cloud-23933	ERROR (server error, after parsing finished)	31.288872344	17.226682597014587	632.496128	cloud-23982	TIMEOUT	990.229040722	978.3262169969967	622.120960	cloud-23980
nla-digbench-scaling/egcd2-ll_unwindbound50.yml	false	TIMEOUT	990.323517305	968.8643269489985	609.824768	cloud-24259	ERROR (server error, after parsing finished)	29.696256139	16.009198242012644	589.987840	cloud-23982	TIMEOUT	990.279094868	974.7822494139837	630.874112	cloud-23980
nla-digbench-scaling/egcd2-ll_valuebound1.yml	true	true	360.795527717	333.16551854399995	1463.734272	cloud-23933	ERROR (server error, after parsing finished)	27.613868517	14.876506410015281	641.929216	cloud-23933	TIMEOUT	990.336912913	974.2778630559915	746.496000	cloud-23933
nla-digbench-scaling/egcd2-ll_valuebound10.yml	true	ERROR (solver error, after parsing finished)	223.083593847	204.44915225899967	591.450112	cloud-23933	ERROR (server error, after parsing finished)	25.180647401	13.592248394008493	621.211648	cloud-23979	TIMEOUT	990.269048029	975.4948805150052	678.031360	cloud-23982
nla-digbench-scaling/egcd2-ll_valuebound100.yml	true	TIMEOUT	990.290678815	966.033105167	640.163840	cloud-23933	ERROR (server error, after parsing finished)	27.304792663	14.95772014601971	620.118016	cloud-23938	TIMEOUT	990.317919759	973.5298936439794	714.629120	cloud-23938
nla-digbench-scaling/egcd2-ll_valuebound2.yml	true	TIMEOUT	990.293220134	971.9452678529997	959.672320	cloud-24259	ERROR (server error, after parsing finished)	19.528892736	10.792122799000936	621.424640	cloud-23980	TIMEOUT	990.376731016	973.3899980439746	902.598656	cloud-23938
nla-digbench-scaling/egcd2-ll_valuebound20.yml	true	TIMEOUT	990.308301537	969.7803222160001	664.612864	cloud-24259	ERROR (solver error, after parsing finished)	21.769613924	11.766873621993	658.186240	cloud-23933	TIMEOUT	990.306910456	973.8588598950009	723.501056	cloud-23938
nla-digbench-scaling/egcd2-ll_valuebound5.yml	true	TIMEOUT	990.244247567	972.7715219890015	638.713856	cloud-23979	ERROR (server error, after parsing finished)	24.132910725	13.114819428999908	651.825152	cloud-23980	TIMEOUT	990.293590193	972.8652138149773	729.583616	cloud-23938
nla-digbench-scaling/egcd2-ll_valuebound50.yml	true	TIMEOUT	990.284701036	971.4419147039989	662.786048	cloud-24259	ERROR (server error, after parsing finished)	27.213732606	14.713855530979345	607.297536	cloud-23938	TIMEOUT	990.286541707	973.8913746240141	697.008128	cloud-23933
nla-digbench-scaling/egcd3-ll_unwindbound1.yml	false	false(unreach-call)	27.595809239	15.228931724999711	663.556096	cloud-23933	false(unreach-call)	26.205224965	14.126138237013947	637.665280	cloud-23938	false(unreach-call)	24.214370682	13.24695079898811	630.935552	cloud-23980
nla-digbench-scaling/egcd3-ll_unwindbound10.yml	false	ERROR (solver error, after parsing finished)	163.015415031	144.26816630299436	625.442816	cloud-23979	ERROR (solver error, after parsing finished)	38.457432249	22.321883564000018	605.216768	cloud-23982	ERROR (solver error, after parsing finished)	27.254025787	16.41392885299865	602.165248	cloud-23933
nla-digbench-scaling/egcd3-ll_unwindbound100.yml	false	ERROR (solver error, after parsing finished)	177.155050451	158.80305955800213	624.627712	cloud-23933	ERROR (solver error, after parsing finished)	42.431672108	31.943049287016038	637.124608	cloud-23980	TIMEOUT	990.234013114	975.6654643410002	608.260096	cloud-23982
nla-digbench-scaling/egcd3-ll_unwindbound2.yml	false	false(unreach-call)	29.474974576	16.58568563700001	672.309248	cloud-23979	false(unreach-call)	33.390457701	17.984966757998336	626.069504	cloud-23982	false(unreach-call)	29.347051153	16.344291674002307	590.962688	cloud-23980
nla-digbench-scaling/egcd3-ll_unwindbound20.yml	false	ERROR (solver error, after parsing finished)	149.411846746	133.49921612300022	672.817152	cloud-24259	ERROR (solver error, after parsing finished)	48.498912158	35.3864173089969	626.622464	cloud-23938	ERROR (solver error, after parsing finished)	137.210298186	125.4982880380121	629.456896	cloud-23982
nla-digbench-scaling/egcd3-ll_unwindbound5.yml	false	ERROR (solver error, after parsing finished)	132.638332264	115.71262069599834	642.465792	cloud-24259	ERROR (solver error, after parsing finished)	28.218195718	17.14069271000335	650.043392	cloud-23980	ERROR (solver error, after parsing finished)	119.726320198	109.34681033299421	616.112128	cloud-23933
nla-digbench-scaling/egcd3-ll_unwindbound50.yml	false	ERROR (solver error, after parsing finished)	125.412236521	113.09563446498942	642.600960	cloud-23941	ERROR (solver error, after parsing finished)	49.383145059	35.44330917400657	665.194496	cloud-23982	ERROR (solver error, after parsing finished)	113.797242154	102.59876924799755	615.952384	cloud-23979
nla-digbench-scaling/egcd3-ll_valuebound1.yml	true	TIMEOUT	990.301234609	968.3978858530027	618.737664	cloud-23933	ERROR (solver error, after parsing finished)	30.954541041	18.310144104994833	639.569920	cloud-23938	TIMEOUT	990.225252245	976.9989165709994	551.014400	cloud-23982
nla-digbench-scaling/egcd3-ll_valuebound10.yml	true	TIMEOUT	990.25249861	968.8228745240012	731.971584	cloud-23979	ERROR (solver error, after parsing finished)	25.09964494	14.938335466024	638.644224	cloud-23979	TIMEOUT	990.311117446	973.7462888010195	699.396096	cloud-23938
nla-digbench-scaling/egcd3-ll_valuebound100.yml	true	TIMEOUT	990.280107379	968.9647215929981	700.493824	cloud-23933	ERROR (solver error, after parsing finished)	25.285665433	14.92663292499492	632.586240	cloud-23979	TIMEOUT	990.235794204	975.6760679710133	701.468672	cloud-23982
nla-digbench-scaling/egcd3-ll_valuebound2.yml	true	ERROR (solver error, after parsing finished)	34.946563825	21.562020218996622	664.940544	cloud-23979	ERROR (solver error, after parsing finished)	28.63488498	17.340174438024405	609.021952	cloud-23982	ERROR (solver error, after parsing finished)	24.546546923	13.230710030999035	619.950080	cloud-23938
nla-digbench-scaling/egcd3-ll_valuebound20.yml	true	TIMEOUT	990.299188088	971.1266340470029	719.360000	cloud-23933	ERROR (solver error, after parsing finished)	22.63294731	13.386972824984696	675.491840	cloud-23933	TIMEOUT	990.278195119	975.3137499620207	682.672128	cloud-23938
nla-digbench-scaling/egcd3-ll_valuebound5.yml	true	TIMEOUT	990.240576896	975.2043048780179	724.873216	cloud-23940	ERROR (solver error, after parsing finished)	26.711259837	15.839179561007768	625.713152	cloud-23979	TIMEOUT	990.296824901	974.9138879469829	709.292032	cloud-23979
nla-digbench-scaling/egcd3-ll_valuebound50.yml	true	TIMEOUT	990.309280412	969.7160389210003	756.170752	cloud-23979	ERROR (solver error, after parsing finished)	32.50083917	18.960577277000993	632.664064	cloud-23933	TIMEOUT	990.308256354	974.2306812549941	716.337152	cloud-23933
nla-digbench-scaling/fermat1-ll_unwindbound1.yml	false	ERROR (solver error, after parsing finished)	40.084406248	23.136504466001497	686.661632	cloud-23979	ERROR (solver error, after parsing finished)	30.721699296	16.46477446699282	670.068736	cloud-23938	ERROR (solver error, after parsing finished)	28.944239972	15.865394094027579	640.548864	cloud-23938
nla-digbench-scaling/fermat1-ll_unwindbound10.yml	false	ERROR (solver error, after parsing finished)	39.286740198	21.865109313002904	681.054208	cloud-23979	ERROR (solver error, after parsing finished)	27.34955192	14.581241140986094	678.535168	cloud-23938	ERROR (solver error, after parsing finished)	29.344726253	16.27940216200659	734.093312	cloud-23982
nla-digbench-scaling/fermat1-ll_unwindbound100.yml	false	ERROR (solver error, after parsing finished)	38.519145891	21.656740850998176	692.453376	cloud-23979	ERROR (solver error, after parsing finished)	26.010776417	13.981210511003155	602.275840	cloud-23933	ERROR (solver error, after parsing finished)	22.920357552	12.62915563597926	610.578432	cloud-23933
nla-digbench-scaling/fermat1-ll_unwindbound2.yml	false	ERROR (solver error, after parsing finished)	40.861369409	22.683670345999417	689.061888	cloud-23979	ERROR (solver error, after parsing finished)	26.068311985	14.2759259090235	651.186176	cloud-23982	ERROR (solver error, after parsing finished)	28.55805848	15.619092748995172	597.991424	cloud-23938
nla-digbench-scaling/fermat1-ll_unwindbound20.yml	false	ERROR (solver error, after parsing finished)	32.718818464	18.30453180699999	700.764160	cloud-24259	ERROR (solver error, after parsing finished)	24.826287692	13.326301763998345	695.922688	cloud-23982	ERROR (solver error, after parsing finished)	28.642616745	15.57546050401288	606.515200	cloud-23933
nla-digbench-scaling/fermat1-ll_unwindbound5.yml	false	ERROR (solver error, after parsing finished)	36.285615669	20.437359862997255	675.262464	cloud-24259	ERROR (solver error, after parsing finished)	25.026437885	13.482988943986129	660.635648	cloud-23979	ERROR (solver error, after parsing finished)	23.856517975	13.05644937598845	642.682880	cloud-23979
nla-digbench-scaling/fermat1-ll_unwindbound50.yml	false	ERROR (solver error, after parsing finished)	40.310539529	22.832750118999684	718.426112	cloud-24259	ERROR (solver error, after parsing finished)	19.404649854	10.547749357006978	674.037760	cloud-23943	ERROR (solver error, after parsing finished)	26.285524623	14.837047709996114	613.244928	cloud-23980
nla-digbench-scaling/fermat1-ll_valuebound1.yml	true	true	40.690447915	22.044517002999783	678.297600	cloud-24259	ERROR (server error, after parsing finished)	27.078368492	14.552727633999893	725.262336	cloud-23979	true	25.528807588	14.09274141601054	630.910976	cloud-23982
nla-digbench-scaling/fermat1-ll_valuebound10.yml	true	true	35.033802994	19.188709305002703	673.431552	cloud-23979	ERROR (server error, after parsing finished)	23.872482447	12.925688285002252	697.507840	cloud-23979	true	27.042813181	14.542251765000401	624.349184	cloud-23980
nla-digbench-scaling/fermat1-ll_valuebound100.yml	true	true	42.631154023	22.795706424003583	689.917952	cloud-23979	ERROR (server error, after parsing finished)	26.842316549	14.593381373997545	663.179264	cloud-23933	true	25.771795201	14.037534189992584	651.526144	cloud-23979
nla-digbench-scaling/fermat1-ll_valuebound2.yml	true	true	44.831072807	24.084271339999987	699.695104	cloud-23933	ERROR (server error, after parsing finished)	32.019871414	17.23414290099754	693.075968	cloud-23982	true	25.975518674	14.222319296997739	680.669184	cloud-23933
nla-digbench-scaling/fermat1-ll_valuebound20.yml	true	true	36.067275439	19.497601578001195	758.542336	cloud-24259	ERROR (server error, after parsing finished)	29.420124108	15.596895865979604	678.703104	cloud-23938	true	28.353413291	15.52919868499157	612.827136	cloud-23938
nla-digbench-scaling/fermat1-ll_valuebound5.yml	true	true	38.286157266	20.590559730000678	729.300992	cloud-24259	ERROR (server error, after parsing finished)	28.434764856	15.394438399001956	669.548544	cloud-23933	true	27.0411877	14.849869647005107	650.743808	cloud-23979
nla-digbench-scaling/fermat1-ll_valuebound50.yml	true	true	38.177153816	20.42867157600267	672.526336	cloud-23933	ERROR (server error, after parsing finished)	24.693648055	13.251516666001407	664.510464	cloud-23979	true	24.810509521	13.665466125996318	607.145984	cloud-23980
nla-digbench-scaling/fermat2-ll_unwindbound1.yml	false	ERROR (solver error, after parsing finished)	34.037223773	19.048539491996053	664.145920	cloud-23933	ERROR (solver error, after parsing finished)	23.223872347	12.488993114006007	649.515008	cloud-23933	ERROR (solver error, after parsing finished)	23.568162724	12.86276694200933	618.950656	cloud-23933
nla-digbench-scaling/fermat2-ll_unwindbound10.yml	false	ERROR (solver error, after parsing finished)	39.375399337	21.560610226999415	645.091328	cloud-23933	ERROR (solver error, after parsing finished)	21.947816928	11.889520890981657	632.152064	cloud-23979	ERROR (solver error, after parsing finished)	26.190936881	14.414487624017056	584.708096	cloud-23938
nla-digbench-scaling/fermat2-ll_unwindbound100.yml	false	ERROR (solver error, after parsing finished)	35.617590199	20.25821380600246	661.356544	cloud-24259	ERROR (solver error, after parsing finished)	25.835644265	14.112192530999891	620.670976	cloud-23938	ERROR (solver error, after parsing finished)	27.195997047	14.648284796014195	604.397568	cloud-23938
nla-digbench-scaling/fermat2-ll_unwindbound2.yml	false	ERROR (solver error, after parsing finished)	30.645088471	17.398908741015475	634.277888	cloud-23939	ERROR (solver error, after parsing finished)	22.062801916	12.024878580996301	589.049856	cloud-23979	ERROR (solver error, after parsing finished)	24.960266065	13.731494621984893	629.899264	cloud-23938
nla-digbench-scaling/fermat2-ll_unwindbound20.yml	false	ERROR (solver error, after parsing finished)	40.672395008	22.46502652700292	666.202112	cloud-24259	ERROR (solver error, after parsing finished)	21.356176957	11.664045156998327	628.805632	cloud-23980	ERROR (solver error, after parsing finished)	23.609283008	13.166395312000532	551.620608	cloud-23980
nla-digbench-scaling/fermat2-ll_unwindbound5.yml	false	ERROR (solver error, after parsing finished)	34.602695765	19.23387769600231	653.295616	cloud-24259	ERROR (solver error, after parsing finished)	27.597584161	14.989056833990617	598.597632	cloud-23938	ERROR (solver error, after parsing finished)	18.355880314	10.51219739401131	600.621056	cloud-23944
nla-digbench-scaling/fermat2-ll_unwindbound50.yml	false	ERROR (solver error, after parsing finished)	32.945198498	18.59188958100276	621.797376	cloud-24259	ERROR (solver error, after parsing finished)	28.497899328	15.342876303999219	646.881280	cloud-23938	ERROR (solver error, after parsing finished)	20.296416507	11.37072212799103	590.987264	cloud-23939
nla-digbench-scaling/fermat2-ll_valuebound1.yml	true	true	35.118359084	18.8924396920047	672.718848	cloud-23933	ERROR (server error, after parsing finished)	20.967797398	11.305270578013733	641.200128	cloud-23979	true	28.906543803	15.620761692000087	593.076224	cloud-23938
nla-digbench-scaling/fermat2-ll_valuebound10.yml	true	true	40.02531368	21.428602387000865	688.857088	cloud-23979	ERROR (server error, after parsing finished)	23.950592765	12.863166060997173	668.594176	cloud-23979	true	29.728720934	16.191205415001605	628.625408	cloud-23982
nla-digbench-scaling/fermat2-ll_valuebound100.yml	true	true	36.253625669	19.729906463002408	712.314880	cloud-23979	ERROR (server error, after parsing finished)	24.858632118	13.434109258989338	641.896448	cloud-23938	true	30.60433711	16.634960336989025	587.960320	cloud-23938
nla-digbench-scaling/fermat2-ll_valuebound2.yml	true	true	38.588904129	20.436167049003416	639.160320	cloud-23933	ERROR (server error, after parsing finished)	19.912350432	10.723082263022661	658.829312	cloud-23980	true	27.918576342	15.004801506991498	633.815040	cloud-23933
nla-digbench-scaling/fermat2-ll_valuebound20.yml	true	true	32.586466015	17.943715442997927	697.315328	cloud-23979	ERROR (server error, after parsing finished)	26.465033167	14.33654918699176	642.691072	cloud-23980	true	23.836077178	13.163923646992771	672.071680	cloud-23980
nla-digbench-scaling/fermat2-ll_valuebound5.yml	true	true	41.492024	22.273333078002906	640.245760	cloud-24259	ERROR (server error, after parsing finished)	21.220854794	11.583044019993395	594.481152	cloud-23979	true	27.177351052	14.774726296018343	753.180672	cloud-23933
nla-digbench-scaling/fermat2-ll_valuebound50.yml	true	true	32.046810049	17.874910582002485	646.819840	cloud-23979	ERROR (server error, after parsing finished)	23.771803285	13.171855815016897	592.420864	cloud-23980	true	28.795774284	15.424394959991332	645.201920	cloud-23933
nla-digbench-scaling/freire1_valuebound1.yml	true	TIMEOUT	990.388113041	975.1975429660015	1119.838208	cloud-24259	ERROR (server error, after parsing finished)	162.871373497	153.80380855398835	857.931776	cloud-23933	TIMEOUT	990.363638968	977.5752906470152	1157.550080	cloud-23979
nla-digbench-scaling/freire1_valuebound10.yml	true	TIMEOUT	990.368976129	975.2281093450001	1198.161920	cloud-24259	ERROR (server error, after parsing finished)	164.93783738	157.21065057598753	857.042944	cloud-23980	TIMEOUT	990.420792331	977.2712310439965	1151.299584	cloud-23933
nla-digbench-scaling/freire1_valuebound100.yml	true	TIMEOUT	990.340041957	974.4437771719968	1174.654976	cloud-23933	ERROR (server error, after parsing finished)	215.549172077	205.78042317400104	884.121600	cloud-23982	TIMEOUT	990.328041712	977.457272086991	1182.822400	cloud-23979
nla-digbench-scaling/freire1_valuebound2.yml	true	TIMEOUT	990.25760752	978.379082407002	985.812992	cloud-23979	ERROR (server error, after parsing finished)	218.042495499	208.2975164130039	847.994880	cloud-23938	TIMEOUT	990.337571578	974.5835434950131	1117.896704	cloud-23933
nla-digbench-scaling/freire1_valuebound20.yml	true	TIMEOUT	990.284269629	978.1982070700033	1272.922112	cloud-23944	ERROR (server error, after parsing finished)	262.481647202	251.5021739359945	897.560576	cloud-23938	TIMEOUT	990.351244195	976.7298264970013	1123.524608	cloud-23982
nla-digbench-scaling/freire1_valuebound5.yml	true	TIMEOUT	990.322189111	975.2389160870007	1186.324480	cloud-24259	ERROR (server error, after parsing finished)	239.91854389	228.30067577798036	890.908672	cloud-23982	TIMEOUT	990.252167498	980.0815368029871	1168.023552	cloud-23982
nla-digbench-scaling/freire1_valuebound50.yml	true	TIMEOUT	990.339119239	973.6870932680031	1143.459840	cloud-23933	ERROR (server error, after parsing finished)	248.432391924	239.4453106049914	870.047744	cloud-23933	TIMEOUT	990.325724976	978.1526195259939	1182.322688	cloud-23982
nla-digbench-scaling/freire2_valuebound1.yml	false	TIMEOUT	990.259605619	976.2686315140018	799.969280	cloud-23933	ERROR (server error, after parsing finished)	583.537667084	571.6328774989815	910.852096	cloud-23933	TIMEOUT	990.302169432	976.432530436985	1061.416960	cloud-23938
nla-digbench-scaling/freire2_valuebound10.yml	false	TIMEOUT	990.24869748	977.9605879459999	802.054144	cloud-23979	ERROR (server error, after parsing finished)	573.490948482	563.2987228420097	932.466688	cloud-23979	TIMEOUT	990.34034404	977.8247283119999	1001.541632	cloud-23982
nla-digbench-scaling/freire2_valuebound100.yml	false	TIMEOUT	990.301336295	975.3129507170052	794.824704	cloud-23933	ERROR (server error, after parsing finished)	596.926738659	586.978892160987	942.673920	cloud-23980	TIMEOUT	990.318187365	976.8650207930186	1203.519488	cloud-23979
nla-digbench-scaling/freire2_valuebound2.yml	false	TIMEOUT	990.278581967	976.5770244599989	767.430656	cloud-23933	ERROR (server error, after parsing finished)	616.17668671	603.6881531290128	939.270144	cloud-23938	TIMEOUT	990.29825283	978.6910282780009	1071.136768	cloud-23980
nla-digbench-scaling/freire2_valuebound20.yml	false	TIMEOUT	990.337121231	975.7473860089995	864.870400	cloud-23933	ERROR (server error, after parsing finished)	718.40870325	705.1911076749966	907.796480	cloud-23938	TIMEOUT	990.406105123	975.3742752970138	1054.756864	cloud-23933
nla-digbench-scaling/freire2_valuebound5.yml	false	TIMEOUT	990.316374047	977.0032479889996	787.951616	cloud-24259	ERROR (server error, after parsing finished)	652.236921554	641.9687202979985	875.757568	cloud-23933	TIMEOUT	990.358348701	976.8037118240027	1106.472960	cloud-23938
nla-digbench-scaling/freire2_valuebound50.yml	false	TIMEOUT	990.222776531	978.5994857550031	815.149056	cloud-23933	ERROR (server error, after parsing finished)	503.204704125	492.76687630297965	915.845120	cloud-23979	TIMEOUT	990.345607959	977.0993922439811	1158.311936	cloud-23933
nla-digbench-scaling/geo1-ll2_unwindbound1.yml	true	ERROR (solver error, after parsing finished)	34.027743879	21.00767442700453	580.046848	cloud-23979	ERROR (server error, after parsing finished)	20.660312558	11.429667553980835	544.354304	cloud-23980	true	21.516629141	12.000326342007611	514.338816	cloud-23982
nla-digbench-scaling/geo1-ll_unwindbound1.yml	true	TIMEOUT	990.27911415	974.9138934720031	542.474240	cloud-24259	ERROR (solver error, after parsing finished)	23.015374174	12.501865722006187	614.203392	cloud-23982	TIMEOUT	990.274377929	977.5884037860087	562.536448	cloud-23982
nla-digbench-scaling/geo1-ll_unwindbound10.yml	true	TIMEOUT	990.261543949	977.3468306249997	580.448256	cloud-24259	TIMEOUT	990.240397975	978.75063949998	541.511680	cloud-23982	TIMEOUT	990.22882745	979.1071411579906	669.405184	cloud-23980
nla-digbench-scaling/geo1-ll_unwindbound100.yml	true	TIMEOUT	990.265042127	973.718453636	646.848512	cloud-24259	TIMEOUT	990.292074777	978.5154225860024	594.366464	cloud-23980	TIMEOUT	990.264051589	977.3579002569895	586.371072	cloud-23982
nla-digbench-scaling/geo1-ll_unwindbound2.yml	true	TIMEOUT	990.263268042	972.6471036170005	626.462720	cloud-23933	ERROR (solver error, after parsing finished)	18.36897668	10.148704819992417	587.407360	cloud-23979	TIMEOUT	990.311526641	974.5912379790097	532.705280	cloud-23938
nla-digbench-scaling/geo1-ll_unwindbound20.yml	true	TIMEOUT	990.196353096	980.5813189440014	563.605504	cloud-23979	TIMEOUT	990.219969536	977.823771994008	594.952192	cloud-23933	TIMEOUT	990.286697475	974.4087966280058	595.132416	cloud-23938
nla-digbench-scaling/geo1-ll_unwindbound5.yml	true	TIMEOUT	990.237962695	975.4516548290048	599.764992	cloud-23979	TIMEOUT	990.276209506	977.6440038639994	585.117696	cloud-23980	TIMEOUT	990.220062375	978.8480749389855	531.427328	cloud-23980
nla-digbench-scaling/geo1-ll_unwindbound50.yml	true	TIMEOUT	990.238745493	979.9935094790053	601.706496	cloud-23979	TIMEOUT	990.220833925	977.716120246012	596.221952	cloud-23940	ERROR (solver error, after parsing finished)	110.51358044	99.60797851500683	519.012352	cloud-23938
nla-digbench-scaling/geo1-ll_valuebound1.yml	true	true	30.952477311	16.92691817299783	576.475136	cloud-23979	ERROR (server error, after parsing finished)	21.564908163	11.758585286996095	591.216640	cloud-23980	true	21.243911939	11.478356301988242	518.004736	cloud-23982
nla-digbench-scaling/geo1-ll_valuebound10.yml	true	true	34.997055103	18.785326785997313	593.936384	cloud-23933	ERROR (server error, after parsing finished)	21.979258708	12.08029089999036	581.996544	cloud-23982	true	19.453429493	10.656303903990192	569.683968	cloud-23980
nla-digbench-scaling/geo1-ll_valuebound100.yml	true	TIMEOUT	990.23693203	976.3181748259994	559.554560	cloud-23979	ERROR (solver error, after parsing finished)	105.852993831	96.3451574910141	590.614528	cloud-23933	TIMEOUT	990.259034779	974.5212031640112	623.558656	cloud-23938
nla-digbench-scaling/geo1-ll_valuebound2.yml	true	true	31.573997196	16.99140268300107	590.139392	cloud-23933	ERROR (server error, after parsing finished)	26.685320511	14.778605150990188	579.883008	cloud-23982	true	19.70734082	10.788596633006819	565.960704	cloud-23939
nla-digbench-scaling/geo1-ll_valuebound20.yml	true	TIMEOUT	990.280461603	973.5335991629981	687.521792	cloud-23933	ERROR (solver error, after parsing finished)	127.450542366	115.85400649299845	556.937216	cloud-23982	TIMEOUT	990.22584931	976.5886155109911	734.687232	cloud-23982
nla-digbench-scaling/geo1-ll_valuebound5.yml	true	true	35.358490014	19.15499477499543	593.575936	cloud-23933	ERROR (server error, after parsing finished)	23.8554579	12.8806031679851	598.142976	cloud-23982	true	22.976502901	12.549116532987682	518.160384	cloud-23980
nla-digbench-scaling/geo1-ll_valuebound50.yml	true	TIMEOUT (ERROR (solver error, after parsing finished))	942.33296753	932.1787472349824	610.775040	cloud-23941	ERROR (solver error, after parsing finished)	113.046208083	105.70295650698245	599.408640	cloud-23982	TIMEOUT	990.227795462	976.034826017014	570.699776	cloud-23938
nla-digbench-scaling/geo1-u_unwindbound1.yml	false	TIMEOUT	990.217499391	978.4470947649679	681.033728	cloud-23939	TIMEOUT	990.225193323	978.3451975380012	599.375872	cloud-23980	TIMEOUT	990.244223142	980.2710656159907	624.881664	cloud-23980
nla-digbench-scaling/geo1-u_unwindbound10.yml	false	TIMEOUT	990.26501255	976.6664086840028	568.131584	cloud-23933	TIMEOUT	990.275143542	978.3990778359876	568.430592	cloud-23982	TIMEOUT	990.270398253	977.136354590999	562.376704	cloud-23982
nla-digbench-scaling/geo1-u_unwindbound100.yml	false	TIMEOUT	990.294117773	975.1380282190003	620.388352	cloud-23933	TIMEOUT	990.282584583	976.9298884519958	557.608960	cloud-23938	TIMEOUT	990.393442133	975.535777557001	1160.347648	cloud-23938
nla-digbench-scaling/geo1-u_unwindbound2.yml	false	TIMEOUT	990.197198159	979.6551432470005	589.967360	cloud-23979	ERROR (solver error, after parsing finished)	389.425473052	377.368225815997	584.474624	cloud-23933	TIMEOUT	990.2262268	978.3191036520002	698.015744	cloud-23982
nla-digbench-scaling/geo1-u_unwindbound20.yml	false	TIMEOUT	990.300893487	977.4559158920019	581.513216	cloud-23979	TIMEOUT	990.221871173	977.7330646259943	539.901952	cloud-23980	TIMEOUT	990.208561528	978.1006251500221	591.499264	cloud-23982
nla-digbench-scaling/geo1-u_unwindbound5.yml	false	TIMEOUT	990.23929338	976.2578772090055	553.308160	cloud-23979	TIMEOUT	990.22766478	979.7389344080002	541.986816	cloud-23980	TIMEOUT	990.299927996	977.4638509269862	550.428672	cloud-23982
nla-digbench-scaling/geo1-u_unwindbound50.yml	false	TIMEOUT	990.213147718	979.0281932729995	536.690688	cloud-23979	TIMEOUT	990.261437398	976.3581366649887	542.224384	cloud-23938	TIMEOUT	990.242604094	978.3711584400153	556.134400	cloud-23980
nla-digbench-scaling/geo1-u_valuebound1.yml	false	false(unreach-call)	23.551531024	12.985527761000412	624.979968	cloud-24259	false(unreach-call)	21.617960471	11.982615407003323	596.799488	cloud-23980	false(unreach-call)	24.852756517	13.713898916001199	528.691200	cloud-23938
nla-digbench-scaling/geo1-u_valuebound10.yml	false	false(unreach-call)	23.017614814	12.566353980997519	597.356544	cloud-23933	false(unreach-call)	21.273057471	11.599280851980438	598.638592	cloud-23979	false(unreach-call)	21.875712623	12.20499796202057	563.081216	cloud-23979
nla-digbench-scaling/geo1-u_valuebound100.yml	false	false(unreach-call)	568.277811207	553.4777595599953	564.072448	cloud-24259	ERROR (solver error, after parsing finished)	850.784534055	838.289136802021	564.690944	cloud-23938	false(unreach-call)	57.002143871	43.08989086301881	538.980352	cloud-23982
nla-digbench-scaling/geo1-u_valuebound2.yml	false	false(unreach-call)	19.965072235	10.888271989999339	571.473920	cloud-24259	false(unreach-call)	22.122907774	11.987570088997018	609.599488	cloud-23933	false(unreach-call)	24.014930433	13.333345043996815	563.748864	cloud-23933
nla-digbench-scaling/geo1-u_valuebound20.yml	false	false(unreach-call)	132.849465866	119.62293301300087	596.774912	cloud-24259	ERROR (solver error, after parsing finished)	24.914723084	14.48793133799336	587.374592	cloud-23938	false(unreach-call)	27.521914515	16.673671671014745	516.034560	cloud-23933
nla-digbench-scaling/geo1-u_valuebound5.yml	false	false(unreach-call)	26.434754196	14.489571752998017	614.539264	cloud-23933	false(unreach-call)	21.874066095	12.194833769986872	606.130176	cloud-23982	false(unreach-call)	28.297463338	15.499840489996132	529.510400	cloud-23938
nla-digbench-scaling/geo1-u_valuebound50.yml	false	false(unreach-call)	139.384782232	123.59413387899986	539.836416	cloud-23933	ERROR (solver error, after parsing finished)	469.703121405	456.11846841999795	589.803520	cloud-23938	false(unreach-call)	24.386307299	14.008677020989126	567.971840	cloud-23980
nla-digbench-scaling/geo2-ll2_unwindbound1.yml	true	true	20.519345003	11.226664362002339	590.790656	cloud-23979	true	20.942380229	11.456448857003124	551.448576	cloud-23980	true	25.001568638	13.463581700023497	576.032768	cloud-23933
nla-digbench-scaling/geo2-ll_unwindbound1.yml	true	TIMEOUT	990.272261152	977.0690942220026	537.387008	cloud-23933	TIMEOUT	990.270307852	978.8585380739823	586.936320	cloud-23982	TIMEOUT	990.269597047	975.7978243739926	550.539264	cloud-23982
nla-digbench-scaling/geo2-ll_unwindbound10.yml	true	TIMEOUT	990.26662025	977.6078258799971	551.952384	cloud-24259	ERROR (solver error, after parsing finished)	175.402166641	165.71726955199847	577.970176	cloud-23980	TIMEOUT	990.214206624	978.9286233670136	590.118912	cloud-23982
nla-digbench-scaling/geo2-ll_unwindbound100.yml	true	TIMEOUT	990.213692547	979.6330892789993	584.695808	cloud-23939	TIMEOUT	990.269476209	976.6222730629961	537.108480	cloud-23938	TIMEOUT	990.249513988	978.0375075429911	590.184448	cloud-23979
nla-digbench-scaling/geo2-ll_unwindbound2.yml	true	TIMEOUT	990.258115806	977.6916584109968	585.539584	cloud-24259	TIMEOUT	990.307505982	977.5867889740039	532.455424	cloud-23982	ERROR (solver error, after parsing finished)	391.142487984	380.723262968997	506.327040	cloud-23933
nla-digbench-scaling/geo2-ll_unwindbound20.yml	true	TIMEOUT	990.218301383	979.8683722540154	556.556288	cloud-23939	TIMEOUT	990.27258869	975.2146211960062	580.214784	cloud-23938	TIMEOUT	990.316870899	976.2832888519915	604.426240	cloud-23933
nla-digbench-scaling/geo2-ll_unwindbound5.yml	true	TIMEOUT	990.259260913	974.6294353140001	608.792576	cloud-23933	TIMEOUT	990.199728011	978.7614237329981	538.791936	cloud-23980	TIMEOUT	990.28721188	977.0056002150232	541.532160	cloud-23982
nla-digbench-scaling/geo2-ll_unwindbound50.yml	true	TIMEOUT	990.259763452	975.9981035519995	541.888512	cloud-23933	TIMEOUT	990.250244297	978.4959628270008	578.125824	cloud-23979	TIMEOUT	990.278319492	976.229333936004	508.780544	cloud-23938
nla-digbench-scaling/geo2-ll_valuebound1.yml	true	true	20.194713529	11.074747493003088	610.050048	cloud-24259	true	19.950681681	11.006443496997235	608.366592	cloud-23979	true	18.376861277	10.132325226993999	569.282560	cloud-23980
nla-digbench-scaling/geo2-ll_valuebound10.yml	true	true	22.2032477	12.16148423300183	560.328704	cloud-23933	true	24.088713484	13.10938874297426	578.277376	cloud-23938	true	18.667935871	10.197536865976872	596.484096	cloud-23933
nla-digbench-scaling/geo2-ll_valuebound100.yml	true	TIMEOUT	990.276754538	972.4843008959979	595.816448	cloud-23933	ERROR (solver error, after parsing finished)	21.03103601	12.663986254978226	568.516608	cloud-23942	TIMEOUT	990.251360138	975.3268322889926	570.707968	cloud-23933
nla-digbench-scaling/geo2-ll_valuebound2.yml	true	true	23.076489677	12.657871524999791	587.390976	cloud-24259	true	22.623099268	12.243040417000884	605.900800	cloud-23980	true	21.750689807	11.878539336001268	548.171776	cloud-23933
nla-digbench-scaling/geo2-ll_valuebound20.yml	true	ERROR (solver error, after parsing finished)	332.482287908	315.19353744600005	702.107648	cloud-23933	TIMEOUT	990.30825983	976.2908378230059	875.945984	cloud-23979	ERROR (solver error, after parsing finished)	217.606237304	206.09254425700055	524.562432	cloud-23982
nla-digbench-scaling/geo2-ll_valuebound5.yml	true	true	24.100021671	12.933556447	581.984256	cloud-23933	true	23.788897976	13.186425816005794	611.225600	cloud-23938	true	18.264644178	10.114218563016038	570.814464	cloud-23982
nla-digbench-scaling/geo2-ll_valuebound50.yml	true	TIMEOUT	990.26401348	976.929065037999	701.460480	cloud-23979	ERROR (solver error, after parsing finished)	24.660191549	14.411655029980466	577.744896	cloud-23933	TIMEOUT	990.251145253	976.2384161390073	630.456320	cloud-23933
nla-digbench-scaling/geo3-ll_unwindbound1.yml	true	TIMEOUT	990.26352705	975.7973558869999	586.440704	cloud-23979	ERROR (solver error, after parsing finished)	625.596929105	613.6553992599947	592.408576	cloud-23933	TIMEOUT	990.26998363	975.1794405379915	556.924928	cloud-23933
nla-digbench-scaling/geo3-ll_unwindbound10.yml	true	TIMEOUT	990.279564383	975.051743131	553.644032	cloud-23933	ERROR (solver error, after parsing finished)	588.403448796	577.3651810390002	574.382080	cloud-23979	TIMEOUT	990.286512962	975.9195695770031	509.149184	cloud-23979
nla-digbench-scaling/geo3-ll_unwindbound100.yml	true	TIMEOUT (ERROR (solver error, after parsing finished))	902.814515393	885.339784652002	554.737664	cloud-23933	ERROR (solver error, after parsing finished)	541.951282116	531.0028436619905	591.429632	cloud-23933	ERROR (solver error, after parsing finished)	777.615269658	766.005910568987	507.342848	cloud-23938
nla-digbench-scaling/geo3-ll_unwindbound2.yml	true	TIMEOUT (ERROR (solver error, after parsing finished))	900.125137105	884.6081409460021	597.590016	cloud-23979	ERROR (solver error, after parsing finished)	514.241473527	504.98472474198206	584.794112	cloud-23942	ERROR (solver error, after parsing finished)	819.541298073	808.1172748200188	542.142464	cloud-23982
nla-digbench-scaling/geo3-ll_unwindbound20.yml	true	TIMEOUT	990.232988665	976.1043229940115	567.701504	cloud-23939	ERROR (solver error, after parsing finished)	758.170583613	745.7765046900022	577.531904	cloud-23938	TIMEOUT	990.262663721	977.9402142019826	534.183936	cloud-23979
nla-digbench-scaling/geo3-ll_unwindbound5.yml	true	TIMEOUT	990.222133684	977.8148971069999	678.744064	cloud-23979	ERROR (solver error, after parsing finished)	564.437625455	554.3059238319984	548.204544	cloud-23979	TIMEOUT	990.222845174	978.9020800720027	509.317120	cloud-23943
nla-digbench-scaling/geo3-ll_unwindbound50.yml	true	TIMEOUT (ERROR (solver error, after parsing finished))	907.199884839	893.649631712	597.147648	cloud-23979	ERROR (solver error, after parsing finished)	685.424102092	674.5347469039843	563.118080	cloud-23982	ERROR (solver error, after parsing finished)	611.715346016	600.9134680040006	543.727616	cloud-23933
nla-digbench-scaling/geo3-ll_valuebound1.yml	true	true	29.113815942	15.930918215999554	615.329792	cloud-23933	ERROR (server error, after parsing finished)	24.056222056	13.02188820700394	602.906624	cloud-23982	true	24.96190587	13.910939930996392	556.027904	cloud-23938
nla-digbench-scaling/geo3-ll_valuebound10.yml	true	true	28.378437946	15.902511893000337	603.676672	cloud-24259	ERROR (server error, after parsing finished)	22.539809513	12.281232403998729	591.577088	cloud-23933	true	23.169352178	12.954792175994953	557.027328	cloud-23982
nla-digbench-scaling/geo3-ll_valuebound100.yml	true	TIMEOUT	990.200422659	978.9056106520002	662.151168	cloud-23941	ERROR (server error, after parsing finished)	39.711067719	30.478637897002045	596.668416	cloud-23979	TIMEOUT	990.301868072	975.5673296210007	625.315840	cloud-23982
nla-digbench-scaling/geo3-ll_valuebound2.yml	true	true	31.337824127	17.657157033001567	569.827328	cloud-23979	ERROR (server error, after parsing finished)	23.491602496	12.669839470996521	540.930048	cloud-23938	true	21.659577691	11.90441699398798	560.443392	cloud-23933
nla-digbench-scaling/geo3-ll_valuebound20.yml	true	TIMEOUT	990.680283597	973.1193606519992	3634.245632	cloud-23933	ERROR (solver error, after parsing finished)	20.108965882	11.302656790008768	582.529024	cloud-23938	TIMEOUT	990.591901155	976.7161242929869	3567.882240	cloud-23979
nla-digbench-scaling/geo3-ll_valuebound5.yml	true	true	29.389504478	15.921632468001917	606.457856	cloud-24259	ERROR (server error, after parsing finished)	21.922061456	12.105243819998577	554.729472	cloud-23982	true	20.972742747	11.667998378019547	562.593792	cloud-23982
nla-digbench-scaling/geo3-ll_valuebound50.yml	true	TIMEOUT	990.188561309	979.732557485986	696.373248	cloud-23941	ERROR (server error, after parsing finished)	129.627945431	120.78143851898494	598.859776	cloud-23980	TIMEOUT	990.267920497	974.803342159983	612.257792	cloud-23938
nla-digbench-scaling/hard-ll_unwindbound1.yml	false	false(unreach-call)	24.058854448	13.323094726998534	595.234816	cloud-24259	false(unreach-call)	30.408861488	16.324770954990527	599.773184	cloud-23982	false(unreach-call)	33.686782054	22.59289246602566	566.706176	cloud-23979
nla-digbench-scaling/hard-ll_unwindbound10.yml	false	TIMEOUT	990.259668357	970.2307807959987	679.489536	cloud-24259	ERROR (verification stuck, after parsing finished)	30.914940736	16.43590435999795	642.453504	cloud-23982	TIMEOUT	990.291327684	974.5018596659938	690.638848	cloud-23933
nla-digbench-scaling/hard-ll_unwindbound100.yml	false	ERROR (solver error, after parsing finished)	155.051170076	138.18129412899998	654.118912	cloud-23979	ERROR (verification stuck, after parsing finished)	24.345735827	13.2186654380057	621.875200	cloud-23979	ERROR (solver error, after parsing finished)	141.485565306	129.37907387400628	605.687808	cloud-23938
nla-digbench-scaling/hard-ll_unwindbound2.yml	false	false(unreach-call)	23.939743022	12.947257330000866	665.878528	cloud-23979	false(unreach-call)	25.819826065	14.193274705001386	591.446016	cloud-23938	false(unreach-call)	106.759859854	96.33917267399374	542.765056	cloud-23943
nla-digbench-scaling/hard-ll_unwindbound20.yml	false	ERROR (solver error, after parsing finished)	106.581963803	93.67774337198352	639.696896	cloud-23943	ERROR (verification stuck, after parsing finished)	31.421041246	17.200669621000998	598.384640	cloud-23982	ERROR (solver error, after parsing finished)	148.059116911	136.52861768202274	590.741504	cloud-23980
nla-digbench-scaling/hard-ll_unwindbound5.yml	false	ERROR (solver error, after parsing finished)	96.616045108	79.5648688509973	660.381696	cloud-23979	ERROR (verification stuck, after parsing finished)	20.042594382	11.043019359989557	592.617472	cloud-23980	ERROR (solver error, after parsing finished)	65.440157776	55.536105679988395	643.014656	cloud-23933
nla-digbench-scaling/hard-ll_unwindbound50.yml	false	TIMEOUT	990.309710522	970.3730846559993	714.604544	cloud-24259	ERROR (verification stuck, after parsing finished)	30.483603927	16.3395293589856	629.473280	cloud-23938	TIMEOUT	990.274076072	974.9064364910009	693.030912	cloud-23938
nla-digbench-scaling/hard-ll_valuebound1.yml	true	TIMEOUT	990.270903757	972.0359963709998	792.137728	cloud-23979	ERROR (server error, after parsing finished)	22.535723618	12.208201789995655	647.458816	cloud-23979	TIMEOUT	990.287129413	975.0347667270107	670.396416	cloud-23979
nla-digbench-scaling/hard-ll_valuebound10.yml	true	TIMEOUT	990.311026035	971.4353561629978	776.396800	cloud-24259	ERROR (server error, after parsing finished)	21.274030874	11.622720555984415	585.068544	cloud-23979	TIMEOUT	990.245104875	975.8817765759886	680.005632	cloud-23982
nla-digbench-scaling/hard-ll_valuebound100.yml	true	TIMEOUT	990.289367925	973.8450398540008	742.039552	cloud-23979	ERROR (server error, after parsing finished)	24.376179037	13.113356705987826	628.776960	cloud-23938	TIMEOUT	990.29455961	975.3423708319897	654.123008	cloud-23933
nla-digbench-scaling/hard-ll_valuebound2.yml	true	TIMEOUT	990.264111038	975.6326122040009	651.599872	cloud-23979	ERROR (server error, after parsing finished)	26.729810561	14.712445470009698	612.188160	cloud-23982	TIMEOUT	990.298616679	975.5116084010224	693.301248	cloud-23938
nla-digbench-scaling/hard-ll_valuebound20.yml	true	TIMEOUT	990.289892265	971.1448606710001	632.610816	cloud-24259	ERROR (server error, after parsing finished)	30.507435576	16.60421586901066	548.126720	cloud-23982	TIMEOUT	990.23495405	975.6439206060022	630.394880	cloud-23982
nla-digbench-scaling/hard-ll_valuebound5.yml	true	TIMEOUT	990.274679767	973.0159576639999	655.994880	cloud-24259	ERROR (server error, after parsing finished)	23.500356123	12.77995324897347	543.158272	cloud-23982	TIMEOUT	990.242074278	974.9490418659989	657.616896	cloud-23982
nla-digbench-scaling/hard-ll_valuebound50.yml	true	ERROR (solver error, after parsing finished)	266.042300205	255.09977538598469	613.310464	cloud-23942	ERROR (server error, after parsing finished)	21.075843237	11.49297548100003	595.546112	cloud-23979	TIMEOUT	990.247537478	977.5672599629906	619.716608	cloud-23980
nla-digbench-scaling/hard-u_unwindbound1.yml	false	TIMEOUT	990.276140406	974.8282624720014	713.904128	cloud-23933	ERROR (solver error, after parsing finished)	65.585829662	56.87098377500661	579.772416	cloud-23933	TIMEOUT	990.293057883	975.5069515380019	700.162048	cloud-23933
nla-digbench-scaling/hard-u_unwindbound10.yml	false	TIMEOUT	990.2979923	972.3187323579987	824.537088	cloud-23933	ERROR (solver error, after parsing finished)	43.844533384	33.38569327798905	539.054080	cloud-23982	TIMEOUT	990.313715401	977.4557906059781	850.505728	cloud-23982
nla-digbench-scaling/hard-u_unwindbound100.yml	false	TIMEOUT	990.336349724	971.0277580969996	655.519744	cloud-24259	TIMEOUT	990.290262094	975.6574444900034	592.220160	cloud-23979	TIMEOUT	990.198344046	979.5999889179948	719.405056	cloud-23982
nla-digbench-scaling/hard-u_unwindbound2.yml	false	TIMEOUT	990.327022619	974.1969785620022	1008.025600	cloud-24259	ERROR (solver error, after parsing finished)	121.648764139	111.64692600502167	581.013504	cloud-23933	TIMEOUT	990.238253573	978.9357586510014	972.263424	cloud-23980
nla-digbench-scaling/hard-u_unwindbound20.yml	false	TIMEOUT	990.294714349	973.6486529940012	739.176448	cloud-24259	TIMEOUT	990.249365217	976.0189727150137	599.023616	cloud-23938	TIMEOUT	990.300202009	976.5484016769915	794.181632	cloud-23979
nla-digbench-scaling/hard-u_unwindbound5.yml	false	TIMEOUT	990.215756785	977.4463759229984	787.451904	cloud-23941	ERROR (solver error, after parsing finished)	54.507206952	44.49677740401239	581.091328	cloud-23938	TIMEOUT	990.273894149	975.5899834759766	759.173120	cloud-23933
nla-digbench-scaling/hard-u_unwindbound50.yml	false	TIMEOUT	990.250493614	976.7112490569998	596.365312	cloud-23933	ERROR (solver error, after parsing finished)	130.541343307	119.93806555401534	595.255296	cloud-23933	TIMEOUT	990.301801114	977.2749391770049	735.588352	cloud-23933
nla-digbench-scaling/hard-u_valuebound1.yml	true	true	30.317876461	18.846805284003494	604.725248	cloud-23979	true	33.021537183	19.672031550988322	593.944576	cloud-23982	TIMEOUT	990.268647988	976.6488137619745	681.721856	cloud-23979
nla-digbench-scaling/hard-u_valuebound10.yml	true	ERROR (solver error, after parsing finished)	816.252011932	800.1726444350061	555.212800	cloud-24259	ERROR (solver error, after parsing finished)	19.295780075	10.766510590008693	605.757440	cloud-23980	TIMEOUT (ERROR (solver error, after parsing finished))	937.534369142	926.5527857329871	570.216448	cloud-23980
nla-digbench-scaling/hard-u_valuebound100.yml	true	TIMEOUT	990.267176309	974.8751556200004	565.067776	cloud-23933	TIMEOUT	990.251983313	976.6637636020023	593.539072	cloud-23933	TIMEOUT	990.304991341	977.4421667509887	734.875648	cloud-23980
nla-digbench-scaling/hard-u_valuebound2.yml	true	TIMEOUT	990.30012857	977.442123888999	1026.412544	cloud-23979	ERROR (solver error, after parsing finished)	175.176656668	165.10618276899913	604.852224	cloud-23933	TIMEOUT	990.304481168	976.8855559770018	1022.922752	cloud-23933
nla-digbench-scaling/hard-u_valuebound20.yml	true	TIMEOUT	990.337686338	973.9048157500001	830.959616	cloud-24259	ERROR (server error, after parsing finished)	25.72939281	14.522099686000729	555.352064	cloud-23980	TIMEOUT	990.294062059	976.6094995070016	747.745280	cloud-23933
nla-digbench-scaling/hard-u_valuebound5.yml	true	TIMEOUT	990.33865496	973.9872447240014	981.323776	cloud-23979	ERROR (solver error, after parsing finished)	57.334588677	46.89044561999617	577.499136	cloud-23980	TIMEOUT	990.271582534	976.1570127170125	934.948864	cloud-23982
nla-digbench-scaling/hard-u_valuebound50.yml	true	TIMEOUT	990.336332054	973.4233601220003	1579.937792	cloud-24259	ERROR (server error, after parsing finished)	21.26357394	11.951635796984192	594.931712	cloud-23933	TIMEOUT	990.398897722	976.6659415079921	1570.525184	cloud-23979
nla-digbench-scaling/hard2_unwindbound1.yml	false	false(unreach-call)	25.988696668	14.062382604999584	545.243136	cloud-23979	false(unreach-call)	25.435941262	13.943567512003938	576.245760	cloud-23938	false(unreach-call)	25.536082082	15.05816850301926	531.505152	cloud-23940
nla-digbench-scaling/hard2_unwindbound10.yml	false	TIMEOUT	990.340304017	964.5443419860021	675.934208	cloud-23933	ERROR (solver error, after parsing finished)	50.576643568	34.7145511090057	662.814720	cloud-23933	TIMEOUT	990.246795668	974.9823930889834	593.227776	cloud-23982
nla-digbench-scaling/hard2_unwindbound2.yml	false	false(unreach-call)	25.801293617	14.181676043001062	598.462464	cloud-23979	false(unreach-call)	27.254232666	14.632037552975817	607.498240	cloud-23933	false(unreach-call)	503.462429215	489.5981671170157	570.310656	cloud-23938
nla-digbench-scaling/hard2_unwindbound5.yml	false	false(unreach-call)	33.977727309	19.0008208109939	617.205760	cloud-24259	false(unreach-call)	34.626719005	18.93574536201777	642.158592	cloud-23980	false(unreach-call)	889.91275633	873.7167910790013	681.611264	cloud-23938
nla-digbench-scaling/hard2_valuebound1.yml	true	true	19.008378267	10.628771602991037	644.272128	cloud-23940	true	24.880051155	13.399819357000524	640.729088	cloud-23979	TIMEOUT	990.287151453	975.5722432449984	620.101632	cloud-23979
nla-digbench-scaling/hard2_valuebound10.yml	true	true	25.876329919	14.045058192001306	636.456960	cloud-24259	true	26.971669614	14.551136607973604	600.068096	cloud-23979	TIMEOUT	990.295080643	975.1404661300185	644.812800	cloud-23979
nla-digbench-scaling/hard2_valuebound100.yml	true	true	25.883020292	14.390005552002549	652.292096	cloud-24259	true	25.863720835	14.024898495990783	624.726016	cloud-23979	TIMEOUT (ERROR (solver error, after parsing finished))	928.808272885	914.3103455329838	813.416448	cloud-23933
nla-digbench-scaling/hard2_valuebound2.yml	true	true	29.246382802	15.551118316994689	627.421184	cloud-23933	true	33.062401875	18.291411390993744	588.976128	cloud-23982	TIMEOUT	990.221406353	977.9913310219999	919.478272	cloud-23980
nla-digbench-scaling/hard2_valuebound20.yml	true	true	20.810862664	11.667772553977557	575.852544	cloud-23941	true	26.136450196	14.266639740992105	645.619712	cloud-23982	TIMEOUT	990.211662824	976.7259894750023	628.539392	cloud-23982
nla-digbench-scaling/hard2_valuebound5.yml	true	true	26.784410191	14.579427108001255	594.264064	cloud-24259	true	31.345547101	17.261618257005466	591.900672	cloud-23982	TIMEOUT	990.350414303	975.0084421260108	885.837824	cloud-23979
nla-digbench-scaling/hard2_valuebound50.yml	true	true	23.987527747	13.151853693998419	630.931456	cloud-23933	true	22.62049496	12.356257175997598	661.172224	cloud-23980	TIMEOUT	990.259168252	974.804487839021	611.336192	cloud-23938
nla-digbench-scaling/knuth_unwindbound1.yml	true	TIMEOUT	990.36496082	978.0065138860009	1213.722624	cloud-24259	TIMEOUT	990.404878221	975.0997712220124	1137.844224	cloud-23938	TIMEOUT	990.338074803	977.0804841269855	1015.984128	cloud-23938
nla-digbench-scaling/knuth_unwindbound10.yml	true	TIMEOUT	990.259586133	979.4159410290304	1207.803904	cloud-23940	TIMEOUT	990.279959662	980.0482843699865	1146.736640	cloud-23980	TIMEOUT	990.317418341	978.0960095490154	1023.111168	cloud-23980
nla-digbench-scaling/knuth_unwindbound100.yml	true	TIMEOUT	990.309077408	977.060281471	1253.228544	cloud-24259	TIMEOUT	990.321541413	976.2132842639985	1132.998656	cloud-23938	TIMEOUT	990.296951741	980.1145560160221	1023.578112	cloud-23982
nla-digbench-scaling/knuth_unwindbound2.yml	true	TIMEOUT	990.240471544	981.5109569550259	1188.859904	cloud-23941	TIMEOUT	990.316729878	977.4751225759974	1115.250688	cloud-23979	TIMEOUT	990.309463943	977.1755997549917	1045.934080	cloud-23933
nla-digbench-scaling/knuth_unwindbound20.yml	true	TIMEOUT	990.271315272	977.5950901930009	1190.961152	cloud-24259	TIMEOUT	990.324095244	978.525736095995	1122.652160	cloud-23982	TIMEOUT	990.226033442	980.0636488019954	983.015424	cloud-23982
nla-digbench-scaling/knuth_unwindbound5.yml	true	TIMEOUT	990.368860649	977.5901888560002	1199.259648	cloud-23933	TIMEOUT	990.3431867	976.9824877349893	1139.884032	cloud-23938	TIMEOUT	990.32829354	975.7247462959785	1020.387328	cloud-23938
nla-digbench-scaling/knuth_unwindbound50.yml	true	TIMEOUT	990.319494821	978.1512475639975	1181.798400	cloud-23933	TIMEOUT	990.310626176	979.0534970340086	1137.229824	cloud-23979	TIMEOUT	990.349684798	976.4779960430169	1012.875264	cloud-23938
nla-digbench-scaling/knuth_valuebound1.yml	true	true	26.257415522	16.52038860399989	1099.796480	cloud-24259	true	25.255734097	15.43025081299129	1119.227904	cloud-23980	ERROR (server error, after parsing finished)	23.843749642	14.589641903003212	943.034368	cloud-23938
nla-digbench-scaling/knuth_valuebound10.yml	true	TIMEOUT	990.317245366	979.553254421	1244.631040	cloud-23979	TIMEOUT	990.344367977	976.9569306510093	1169.985536	cloud-23979	TIMEOUT	990.346110661	977.2066720830044	1050.316800	cloud-23933
nla-digbench-scaling/knuth_valuebound100.yml	true	TIMEOUT	990.230146289	979.1752379659993	1162.457088	cloud-23979	TIMEOUT	990.292896195	978.9290186069848	1169.985536	cloud-23942	TIMEOUT	990.246266125	977.9579778650077	1035.751424	cloud-23982
nla-digbench-scaling/knuth_valuebound2.yml	true	true	24.951628752	15.373213316001056	1130.872832	cloud-24259	true	31.343974058	19.892748976999428	1081.470976	cloud-23938	ERROR (server error, after parsing finished)	21.947570303	13.29380992098595	965.570560	cloud-23979
nla-digbench-scaling/knuth_valuebound20.yml	true	TIMEOUT	990.299866048	978.585552675002	1176.530944	cloud-23979	TIMEOUT	990.320061126	979.8998725829879	1157.849088	cloud-23980	TIMEOUT	990.31879866	977.1131766499893	1024.405504	cloud-23938
nla-digbench-scaling/knuth_valuebound5.yml	true	TIMEOUT	990.283437166	977.0220072720001	1159.344128	cloud-24259	TIMEOUT	990.309820661	976.3550474010117	1157.316608	cloud-23933	TIMEOUT	990.365207234	976.7345017620246	1066.614784	cloud-23938
nla-digbench-scaling/knuth_valuebound50.yml	true	TIMEOUT	990.369113584	978.0150822989999	1306.447872	cloud-24259	TIMEOUT	990.388111028	976.3950647649763	1323.847680	cloud-23979	TIMEOUT	990.374063663	977.1572784300079	1109.700608	cloud-23982
nla-digbench-scaling/lcm1_unwindbound1.yml	false	TIMEOUT	990.311321689	972.7484439250002	759.517184	cloud-24259	ERROR (server error, after parsing finished)	18.94682441	10.434100452024722	582.983680	cloud-23942	TIMEOUT	990.217063212	978.0772767179878	725.528576	cloud-23982
nla-digbench-scaling/lcm1_unwindbound10.yml	false	TIMEOUT	990.236106893	972.4875352700001	603.426816	cloud-23979	ERROR (server error, after parsing finished)	21.237924026	11.576217096997425	576.843776	cloud-23979	TIMEOUT	990.19970472	980.1428724690049	533.209088	cloud-23980
nla-digbench-scaling/lcm1_unwindbound100.yml	false	TIMEOUT	990.233130965	975.5412551560003	656.805888	cloud-23979	ERROR (server error, after parsing finished)	19.946513924	10.889788172993576	602.439680	cloud-23979	TIMEOUT	990.282840045	975.937872718001	616.587264	cloud-23938
nla-digbench-scaling/lcm1_unwindbound2.yml	false	TIMEOUT	990.287916073	973.081637436997	607.125504	cloud-23933	ERROR (server error, after parsing finished)	26.26894286	14.324700577999465	597.303296	cloud-23982	TIMEOUT	990.282703732	976.100054487004	567.767040	cloud-23938
nla-digbench-scaling/lcm1_unwindbound20.yml	false	TIMEOUT	990.27272592	971.9733295250007	698.445824	cloud-23979	ERROR (server error, after parsing finished)	23.432339934	13.389646819996415	650.117120	cloud-23982	TIMEOUT	990.257341366	976.8978440270002	650.186752	cloud-23979
nla-digbench-scaling/lcm1_unwindbound5.yml	false	TIMEOUT	990.285457629	974.746671732999	666.902528	cloud-23933	ERROR (server error, after parsing finished)	22.959089525	12.882333082001423	592.310272	cloud-23982	TIMEOUT	990.237664111	978.8761804320093	637.911040	cloud-23980
nla-digbench-scaling/lcm1_unwindbound50.yml	false	TIMEOUT	990.303465924	974.064275306002	959.406080	cloud-23933	ERROR (server error, after parsing finished)	25.443238033	13.759683474025223	599.769088	cloud-23933	TIMEOUT	990.302851331	976.3834769930108	914.989056	cloud-23938
nla-digbench-scaling/lcm1_valuebound1.yml	true	TIMEOUT	990.230081562	976.7139102109941	662.855680	cloud-23939	ERROR (server error, after parsing finished)	23.410802148	12.773653971991735	596.889600	cloud-23933	TIMEOUT	990.26767033	975.4691131330037	590.487552	cloud-23980
nla-digbench-scaling/lcm1_valuebound10.yml	true	TIMEOUT	990.237590486	977.9399543949985	634.589184	cloud-23979	ERROR (solver error, after parsing finished)	567.448355615	557.294168124994	563.470336	cloud-23980	TIMEOUT	990.234084828	976.9147801779909	644.468736	cloud-23980
nla-digbench-scaling/lcm1_valuebound100.yml	true	TIMEOUT	990.290541297	973.8200359660041	670.511104	cloud-23979	TIMEOUT	990.242519306	977.6513360120007	607.895552	cloud-23980	TIMEOUT	990.274031698	975.9564632900001	808.787968	cloud-23938
nla-digbench-scaling/lcm1_valuebound2.yml	true	TIMEOUT	990.260865009	975.3331426410004	800.247808	cloud-23979	ERROR (server error, after parsing finished)	17.029622736	9.40188243301236	599.834624	cloud-23943	TIMEOUT	990.304836872	973.9820836420113	772.816896	cloud-23938
nla-digbench-scaling/lcm1_valuebound20.yml	true	TIMEOUT	990.274631072	972.9444147219983	682.176512	cloud-23979	ERROR (solver error, after parsing finished)	22.740205427	13.109960181987844	599.818240	cloud-23979	TIMEOUT	990.290535884	976.9822105889907	603.635712	cloud-23938
nla-digbench-scaling/lcm1_valuebound5.yml	true	TIMEOUT	990.296915308	974.9751646029981	758.054912	cloud-23979	ERROR (solver error, after parsing finished)	25.618083828	14.289560509991134	595.611648	cloud-23938	TIMEOUT	990.328053625	976.8229045789922	925.696000	cloud-23982
nla-digbench-scaling/lcm1_valuebound50.yml	true	TIMEOUT	990.257372555	976.9274762780042	613.519360	cloud-24259	TIMEOUT	990.216465293	976.7553643489955	638.083072	cloud-23982	TIMEOUT	990.234191578	978.5956836869882	674.840576	cloud-23980
nla-digbench-scaling/lcm2_unwindbound1.yml	true	TIMEOUT	990.242150752	977.0001324680052	587.370496	cloud-23979	ERROR (solver error, after parsing finished)	409.572659074	398.487768535997	593.539072	cloud-23982	TIMEOUT	990.228691447	977.2789714509854	543.752192	cloud-23979
nla-digbench-scaling/lcm2_unwindbound10.yml	true	TIMEOUT	990.227888286	976.903532381999	585.621504	cloud-23979	ERROR (solver error, after parsing finished)	396.002620713	387.65595671898336	574.623744	cloud-23982	TIMEOUT	990.215023991	979.3023542109877	560.361472	cloud-23980
nla-digbench-scaling/lcm2_unwindbound100.yml	true	TIMEOUT	990.260320265	973.2681002410027	588.050432	cloud-23933	ERROR (solver error, after parsing finished)	413.152902015	400.572435938986	610.287616	cloud-23982	TIMEOUT	990.264715197	975.5720715349889	574.922752	cloud-23979
nla-digbench-scaling/lcm2_unwindbound2.yml	true	TIMEOUT	990.249081651	973.0333945599996	572.461056	cloud-23979	ERROR (solver error, after parsing finished)	378.270917007	369.5810150129837	591.142912	cloud-23980	TIMEOUT	990.225641947	977.2754303959955	543.313920	cloud-23980
nla-digbench-scaling/lcm2_unwindbound20.yml	true	TIMEOUT	990.245879231	975.2539151780002	591.314944	cloud-23933	ERROR (solver error, after parsing finished)	356.039909547	345.33890207399963	540.958720	cloud-23933	TIMEOUT	990.265664291	975.5347622939735	507.908096	cloud-23933
nla-digbench-scaling/lcm2_unwindbound5.yml	true	TIMEOUT	990.253493876	975.3292012560014	571.981824	cloud-24259	ERROR (solver error, after parsing finished)	406.206259001	397.80002162299934	579.698688	cloud-23980	TIMEOUT	990.239747587	975.0982065339922	531.189760	cloud-23938
nla-digbench-scaling/lcm2_unwindbound50.yml	true	TIMEOUT	990.301168003	970.4154923360002	604.573696	cloud-23933	ERROR (solver error, after parsing finished)	374.264312165	363.6515432309825	543.100928	cloud-23933	TIMEOUT	990.257782574	979.448060611001	561.127424	cloud-23980
nla-digbench-scaling/lcm2_valuebound1.yml	true	TIMEOUT	990.262077351	976.2023241330025	672.948224	cloud-23979	TIMEOUT	990.274736893	976.6166151149955	685.867008	cloud-23933	TIMEOUT	990.225966829	977.4350704030076	595.353600	cloud-23980
nla-digbench-scaling/lcm2_valuebound10.yml	true	TIMEOUT	990.2475965	976.4841344549786	704.167936	cloud-23944	ERROR (server error, after parsing finished)	37.50707927	26.502338063000934	599.547904	cloud-23982	TIMEOUT	990.240813013	976.1772498180217	629.489664	cloud-23982
nla-digbench-scaling/lcm2_valuebound100.yml	true	TIMEOUT	990.312232483	972.3396147349995	713.994240	cloud-24259	ERROR (server error, after parsing finished)	690.702859676	676.1906051879923	614.023168	cloud-23938	TIMEOUT	990.255443207	976.5967476800142	794.357760	cloud-23933
nla-digbench-scaling/lcm2_valuebound2.yml	true	TIMEOUT	990.286780335	975.4317570149942	651.493376	cloud-24259	ERROR (server error, after parsing finished)	22.347390561	12.90087504000985	594.919424	cloud-23980	TIMEOUT	990.276377613	975.9393711730081	639.164416	cloud-23938
nla-digbench-scaling/lcm2_valuebound20.yml	true	TIMEOUT	990.271675066	973.0009549899987	643.162112	cloud-24259	ERROR (server error, after parsing finished)	81.565476459	73.57990335198701	612.438016	cloud-23979	TIMEOUT	990.278457375	978.0372930080048	628.289536	cloud-23979
nla-digbench-scaling/lcm2_valuebound5.yml	true	TIMEOUT	990.303517186	972.6175716200014	625.295360	cloud-23933	ERROR (server error, after parsing finished)	40.232608858	29.27102770100464	565.592064	cloud-23982	TIMEOUT	990.28520391	976.6192964260117	748.699648	cloud-23933
nla-digbench-scaling/lcm2_valuebound50.yml	true	TIMEOUT	990.285559251	973.3115764339964	674.131968	cloud-24259	ERROR (server error, after parsing finished)	151.08657473	140.71405099300318	598.716416	cloud-23979	TIMEOUT	990.248716924	976.148645592999	638.058496	cloud-23933
nla-digbench-scaling/mannadiv_unwindbound1.yml	false	false(unreach-call)	20.938372401	11.338503025996033	586.760192	cloud-24259	false(unreach-call)	24.207485835	13.344336993992329	578.936832	cloud-23938	false(unreach-call)	21.992586166	11.935396743007004	554.000384	cloud-23933
nla-digbench-scaling/mannadiv_unwindbound10.yml	false	false(unreach-call)	42.263696087	26.878791135000938	698.785792	cloud-23979	false(unreach-call)	38.79356336	26.263030058005825	709.922816	cloud-23980	ERROR (solver error, after parsing finished)	29.141396914	17.894996438990347	552.464384	cloud-23980
nla-digbench-scaling/mannadiv_unwindbound100.yml	false	TIMEOUT	990.498402397	951.8511584630032	2039.640064	cloud-24259	TIMEOUT	990.442758874	962.1866825759935	1219.489792	cloud-23938	ERROR (solver error, after parsing finished)	23.559368487	14.335961595992558	544.567296	cloud-23979
nla-digbench-scaling/mannadiv_unwindbound2.yml	false	false(unreach-call)	18.066676392	9.819421474996489	614.014976	cloud-23942	false(unreach-call)	23.01652662	12.605933136015665	592.412672	cloud-23979	false(unreach-call)	26.240307276	14.110617308004294	556.953600	cloud-23980
nla-digbench-scaling/mannadiv_unwindbound20.yml	false	TIMEOUT	990.388907096	954.190702947999	1966.891008	cloud-23979	false(unreach-call)	203.04444122	183.3213841280085	775.888896	cloud-23979	ERROR (solver error, after parsing finished)	23.19334994	14.06072479300201	547.061760	cloud-23938
nla-digbench-scaling/mannadiv_unwindbound5.yml	false	false(unreach-call)	21.246366175	11.786324914020952	654.204928	cloud-23940	false(unreach-call)	29.349025755	15.82183966098819	636.022784	cloud-23933	ERROR (solver error, after parsing finished)	38.638877595	26.680398744996637	554.856448	cloud-23938
nla-digbench-scaling/mannadiv_unwindbound50.yml	false	TIMEOUT	990.528760972	950.6557811539969	1875.857408	cloud-23933	TIMEOUT	990.396192874	961.7833163949836	804.343808	cloud-23938	ERROR (solver error, after parsing finished)	27.568149673	17.51643604002311	553.656320	cloud-23982
nla-digbench-scaling/mannadiv_valuebound1.yml	true	true	27.803838388	14.980461140003172	614.277120	cloud-23933	true	26.61214759	14.630574788985541	582.025216	cloud-23938	true	20.935418335	11.667692649003584	556.507136	cloud-23979
nla-digbench-scaling/mannadiv_valuebound10.yml	true	true	19.050014776	10.338061742004356	574.205952	cloud-23979	true	17.940289047	10.006566547002876	595.013632	cloud-23982	true	21.184164671	11.782133341999725	575.918080	cloud-23980
nla-digbench-scaling/mannadiv_valuebound100.yml	true	true	22.186771302	12.428021231993625	606.720000	cloud-24259	true	22.907244761	12.358141852979315	608.747520	cloud-23980	true	25.944790236	14.143799399986165	589.070336	cloud-23982
nla-digbench-scaling/mannadiv_valuebound2.yml	true	true	23.258822199	12.79579959599505	605.138944	cloud-24259	true	21.203983682	11.579234466014896	556.945408	cloud-23933	true	20.044468865	10.903301621001447	565.448704	cloud-23933
nla-digbench-scaling/mannadiv_valuebound20.yml	true	true	24.523592965	13.544266984004935	601.460736	cloud-23933	true	22.787519948	12.697347908018855	577.060864	cloud-23933	true	19.913899664	10.769329417002155	566.427648	cloud-23940
nla-digbench-scaling/mannadiv_valuebound5.yml	true	true	23.606364507	12.82330442899547	608.092160	cloud-24259	true	20.848245336	11.271679097990273	633.970688	cloud-23933	true	27.282044454	14.674720966024324	530.006016	cloud-23980
nla-digbench-scaling/mannadiv_valuebound50.yml	true	true	17.35905146	9.505327760998625	609.816576	cloud-23941	true	23.96282831	13.307278691005195	560.132096	cloud-23979	true	23.466820146	12.800742624007398	579.772416	cloud-23979
nla-digbench-scaling/prod4br-ll_unwindbound1.yml	false	ERROR (solver error, after parsing finished)	31.826503809	17.388301974999194	614.547456	cloud-23933	ERROR (server error, after parsing finished)	23.11477546	12.781394186982652	622.694400	cloud-23982	ERROR (solver error, after parsing finished)	24.869947056	13.499636883003404	552.513536	cloud-23938
nla-digbench-scaling/prod4br-ll_unwindbound10.yml	false	TIMEOUT	990.293169315	972.9984447730021	646.017024	cloud-24259	ERROR (server error, after parsing finished)	19.625735317	10.72734416599269	589.053952	cloud-23979	TIMEOUT	990.268056362	978.8907271979842	547.631104	cloud-23980
nla-digbench-scaling/prod4br-ll_unwindbound100.yml	false	TIMEOUT	990.266387548	974.629490318	610.037760	cloud-24259	ERROR (server error, after parsing finished)	20.63999844	11.54984553399845	587.997184	cloud-23979	TIMEOUT	990.264556213	974.342466689006	545.443840	cloud-23938
nla-digbench-scaling/prod4br-ll_unwindbound2.yml	false	TIMEOUT	990.274488223	973.1945949569999	635.498496	cloud-24259	ERROR (server error, after parsing finished)	20.406823509	11.110393050010316	574.787584	cloud-23933	TIMEOUT	990.277347251	973.89866604298	563.994624	cloud-23938
nla-digbench-scaling/prod4br-ll_unwindbound20.yml	false	TIMEOUT	990.237468787	976.6670169209974	635.555840	cloud-23979	ERROR (server error, after parsing finished)	22.308191794	12.056973155995365	541.831168	cloud-23938	TIMEOUT	990.266879368	977.1722192789894	573.771776	cloud-23982
nla-digbench-scaling/prod4br-ll_unwindbound5.yml	false	TIMEOUT	990.257531661	972.720821582996	635.113472	cloud-24259	ERROR (server error, after parsing finished)	25.426184809	13.788989773980575	582.295552	cloud-23938	TIMEOUT	990.238431289	978.6814384690078	551.063552	cloud-23980
nla-digbench-scaling/prod4br-ll_unwindbound50.yml	false	TIMEOUT	990.258148389	970.8855104170034	597.753856	cloud-23979	ERROR (server error, after parsing finished)	20.181061328	10.992776144994423	598.196224	cloud-23980	TIMEOUT	990.245979406	976.0095808930055	556.244992	cloud-23979
nla-digbench-scaling/prod4br-ll_valuebound1.yml	true	true	25.619266874	13.77244058400538	617.361408	cloud-24259	true	23.122689274	12.423346730007324	640.643072	cloud-23979	ERROR (solver error, after parsing finished)	26.406965388	15.1249382099777	606.347264	cloud-23980
nla-digbench-scaling/prod4br-ll_valuebound10.yml	true	ERROR (solver error, after parsing finished)	44.18984127	29.044857982000394	645.980160	cloud-24259	ERROR (server error, after parsing finished)	22.984017695	12.433136796025792	650.911744	cloud-23980	ERROR (solver error, after parsing finished)	35.274586982	25.22555356597877	605.892608	cloud-23980
nla-digbench-scaling/prod4br-ll_valuebound100.yml	true	ERROR (solver error, after parsing finished)	47.383790751	31.110720331002085	649.506816	cloud-23933	ERROR (server error, after parsing finished)	22.021764067	11.841009580006357	614.580224	cloud-23979	ERROR (solver error, after parsing finished)	36.301182323	26.062909102009144	639.918080	cloud-23980
nla-digbench-scaling/prod4br-ll_valuebound2.yml	true	ERROR (solver error, after parsing finished)	34.515128933	20.71726357499574	687.779840	cloud-23979	ERROR (server error, after parsing finished)	20.814136567	11.507901266013505	648.466432	cloud-23979	ERROR (solver error, after parsing finished)	30.701642646	18.642979512020247	605.589504	cloud-23938
nla-digbench-scaling/prod4br-ll_valuebound20.yml	true	ERROR (solver error, after parsing finished)	43.693653066	28.33299421799893	654.528512	cloud-24259	ERROR (server error, after parsing finished)	19.530426114	10.842943293013377	690.925568	cloud-23980	ERROR (solver error, after parsing finished)	34.256899242	24.738106086006155	620.040192	cloud-23980
nla-digbench-scaling/prod4br-ll_valuebound5.yml	true	true	51.917635565	36.56650073399942	653.238272	cloud-24259	ERROR (server error, after parsing finished)	23.472746416	12.72826038300991	619.843584	cloud-23933	true	38.67836719	28.244678165996447	582.574080	cloud-23979
nla-digbench-scaling/prod4br-ll_valuebound50.yml	true	ERROR (solver error, after parsing finished)	52.299849832	35.166368295998836	616.583168	cloud-24259	ERROR (server error, after parsing finished)	21.749344349	11.921143814979587	645.193728	cloud-23979	ERROR (solver error, after parsing finished)	41.878699659	29.38321108999662	558.104576	cloud-23933
nla-digbench-scaling/prodbin-ll_unwindbound1.yml	false	false(unreach-call)	34.407305232	19.359248812994338	550.584320	cloud-24259	ERROR (server error, after parsing finished)	18.531386304	10.19410073698964	576.671744	cloud-23980	false(unreach-call)	23.96623087	14.147779354010709	554.733568	cloud-23979
nla-digbench-scaling/prodbin-ll_unwindbound10.yml	false	TIMEOUT (ERROR (solver error, after parsing finished))	934.808989398	921.3938224029989	559.693824	cloud-23979	ERROR (server error, after parsing finished)	20.140475146	10.82977690899861	547.282944	cloud-23933	ERROR (solver error, after parsing finished)	756.559805224	744.685611569992	525.000704	cloud-23979
nla-digbench-scaling/prodbin-ll_unwindbound100.yml	true	TIMEOUT	990.267760603	973.4146871400008	633.245696	cloud-23933	ERROR (server error, after parsing finished)	26.087194495	14.35252488500555	575.291392	cloud-23938	TIMEOUT	990.220838642	978.2982594199711	555.954176	cloud-23980
nla-digbench-scaling/prodbin-ll_unwindbound2.yml	false	ERROR (solver error, after parsing finished)	32.895407781	21.053178005000518	589.926400	cloud-24259	ERROR (server error, after parsing finished)	24.443937872	13.385622577014146	579.354624	cloud-23938	ERROR (solver error, after parsing finished)	27.605995505	17.184196032991167	559.202304	cloud-23933
nla-digbench-scaling/prodbin-ll_unwindbound20.yml	false	TIMEOUT	990.238270615	976.1228516289993	621.326336	cloud-24259	ERROR (server error, after parsing finished)	17.862462272	9.806475471996237	564.781056	cloud-23979	TIMEOUT	990.280962914	973.1089927089924	619.769856	cloud-23938
nla-digbench-scaling/prodbin-ll_unwindbound5.yml	false	TIMEOUT	990.282899219	972.4295148540004	790.011904	cloud-24259	ERROR (server error, after parsing finished)	17.773643183	9.707213742018212	540.037120	cloud-23979	TIMEOUT	990.269874907	975.4833947000152	798.015488	cloud-23933
nla-digbench-scaling/prodbin-ll_unwindbound50.yml	true	TIMEOUT	990.252638364	971.0914048669983	575.881216	cloud-23979	ERROR (server error, after parsing finished)	17.366356488	9.550378776009893	580.005888	cloud-23979	TIMEOUT	990.250999872	975.1132137529785	564.400128	cloud-23938
nla-digbench-scaling/prodbin-ll_valuebound1.yml	true	true	23.70260223	12.711321954997402	587.055104	cloud-23979	true	20.943078756	11.4344416189997	600.915968	cloud-23933	true	25.492489504	15.473175566992722	551.124992	cloud-23933
nla-digbench-scaling/prodbin-ll_valuebound10.yml	true	ERROR (solver error, after parsing finished)	34.882188667	20.554322716998286	587.673600	cloud-23933	ERROR (server error, after parsing finished)	23.663899715	12.849940912012244	594.735104	cloud-23938	ERROR (solver error, after parsing finished)	27.111757172	16.749842714023544	567.681024	cloud-23980
nla-digbench-scaling/prodbin-ll_valuebound100.yml	true	TIMEOUT	990.297392031	972.7168801750013	676.073472	cloud-23933	ERROR (server error, after parsing finished)	25.790156419	14.190817946015159	587.161600	cloud-23982	TIMEOUT	990.246425809	976.2441168900114	703.750144	cloud-23980
nla-digbench-scaling/prodbin-ll_valuebound2.yml	true	true	40.587201443	28.359400784000172	654.864384	cloud-23979	ERROR (server error, after parsing finished)	24.887844764	13.49781131601776	571.367424	cloud-23938	true	35.112026026	24.508622213994386	555.409408	cloud-23979
nla-digbench-scaling/prodbin-ll_valuebound20.yml	true	ERROR (solver error, after parsing finished)	33.127938001	19.790399133999017	611.467264	cloud-23979	ERROR (server error, after parsing finished)	22.605683348	12.427604807977332	553.209856	cloud-23982	ERROR (solver error, after parsing finished)	29.042138876	17.24022907699691	586.371072	cloud-23982
nla-digbench-scaling/prodbin-ll_valuebound5.yml	true	ERROR (solver error, after parsing finished)	551.034030682	535.8821165199988	590.581760	cloud-24259	ERROR (server error, after parsing finished)	22.272437182	12.30430097799399	627.036160	cloud-23938	ERROR (solver error, after parsing finished)	524.700946633	512.889821972989	579.207168	cloud-23933
nla-digbench-scaling/prodbin-ll_valuebound50.yml	true	ERROR (solver error, after parsing finished)	583.01707656	567.6110816750006	611.622912	cloud-23933	ERROR (server error, after parsing finished)	22.773385108	12.293099684990011	549.355520	cloud-23933	ERROR (solver error, after parsing finished)	618.103767821	604.9517770830134	616.161280	cloud-23982
nla-digbench-scaling/ps2-ll_unwindbound1.yml	true	true	19.078312638	10.6050925870004	599.416832	cloud-24259	true	19.489535174	10.971892658999423	589.520896	cloud-23980	true	21.692594908	11.90614554102649	538.734592	cloud-23933
nla-digbench-scaling/ps2-ll_unwindbound10.yml	true	true	18.926683548	10.555791585007682	589.922304	cloud-23941	true	23.633655598	12.84226024299278	599.687168	cloud-23938	true	19.724506019	10.94263578398386	561.799168	cloud-23979
nla-digbench-scaling/ps2-ll_unwindbound100.yml	true	true	19.835672392	10.95428571899538	631.017472	cloud-24259	true	17.251130619	9.471321903023636	593.408000	cloud-23982	true	25.098209196	13.576254109008005	598.462464	cloud-23938
nla-digbench-scaling/ps2-ll_unwindbound2.yml	true	true	18.317725124	10.23975764599163	567.537664	cloud-23944	true	19.755024367	10.943865688983351	607.924224	cloud-23980	true	22.410864872	12.147280849021627	512.139264	cloud-23979
nla-digbench-scaling/ps2-ll_unwindbound20.yml	true	true	24.538167396	13.400521604000005	609.542144	cloud-23933	true	27.691239207	14.944139423023444	628.965376	cloud-23938	true	20.644947056	11.644364548992598	513.081344	cloud-23980
nla-digbench-scaling/ps2-ll_unwindbound5.yml	true	true	28.333889643	15.393527300999267	597.315584	cloud-23979	true	25.196649278	13.61708232597448	587.214848	cloud-23982	true	21.17089919	11.833956860995386	557.842432	cloud-23979
nla-digbench-scaling/ps2-ll_unwindbound50.yml	true	true	23.911995658	12.912208588000794	584.028160	cloud-24259	true	27.270888122	15.037595330009935	583.077888	cloud-23933	true	21.889055049	12.179289769002935	522.862592	cloud-23980
nla-digbench-scaling/ps2-ll_valuebound1.yml	true	true	22.680772368	12.52149264900072	593.821696	cloud-23979	true	24.581164428	13.581638011994073	622.108672	cloud-23982	true	25.151564859	13.637150380993262	519.909376	cloud-23938
nla-digbench-scaling/ps2-ll_valuebound10.yml	true	true	19.002684837	10.495518045994686	562.388992	cloud-23979	true	21.893314027	11.908166928013088	617.136128	cloud-23933	true	22.989537113	12.423678284976631	571.879424	cloud-23982
nla-digbench-scaling/ps2-ll_valuebound100.yml	true	true	22.441688417	12.20525389300019	625.885184	cloud-24259	true	26.198170023	14.116565394011559	557.998080	cloud-23982	true	18.270517164	10.00529506499879	515.002368	cloud-23933
nla-digbench-scaling/ps2-ll_valuebound2.yml	true	true	19.090581004	10.65519633400254	565.235712	cloud-23979	true	21.425238067	11.722018088010373	632.029184	cloud-23979	true	21.47145502	11.709143292013323	594.812928	cloud-23979
nla-digbench-scaling/ps2-ll_valuebound20.yml	true	true	21.586102149	12.077379458001815	605.548544	cloud-24259	true	20.385030661	11.292773677007062	598.179840	cloud-23979	true	22.054072357	12.110572795994813	589.553664	cloud-23980
nla-digbench-scaling/ps2-ll_valuebound5.yml	true	true	25.723710836	14.086352949001594	619.905024	cloud-23933	true	26.256427794	14.581024326005718	640.135168	cloud-23982	true	20.635863263	11.399600960983662	569.352192	cloud-23982
nla-digbench-scaling/ps2-ll_valuebound50.yml	true	true	23.248983814	12.723825141998532	575.864832	cloud-23979	true	19.565670968	10.85097197201685	654.237696	cloud-23979	true	25.473947324	13.961985496018315	581.234688	cloud-23938
nla-digbench-scaling/ps3-ll_unwindbound1.yml	true	true	25.992228007	13.99624282700097	603.222016	cloud-23933	true	22.206814928	12.04986254501273	629.190656	cloud-23980	true	24.180939823	13.076143131009303	613.736448	cloud-23979
nla-digbench-scaling/ps3-ll_unwindbound10.yml	true	true	23.48792337	12.632676626002649	596.463616	cloud-23933	true	24.062177377	13.159298352024052	640.884736	cloud-23979	true	30.393746159	16.727738399989903	565.092352	cloud-23982
nla-digbench-scaling/ps3-ll_unwindbound100.yml	true	true	24.792245412	13.529364150999754	683.307008	cloud-23979	true	27.598994494	14.944538373994874	608.149504	cloud-23938	true	22.814172685	12.627745855977992	617.160704	cloud-23979
nla-digbench-scaling/ps3-ll_unwindbound2.yml	true	true	27.296503551	14.772559832999832	653.365248	cloud-23979	true	28.243650283	15.471871043991996	597.254144	cloud-23982	true	24.15833257	12.916997419990366	621.584384	cloud-23933
nla-digbench-scaling/ps3-ll_unwindbound20.yml	true	true	21.119784906	11.532093198999064	661.069824	cloud-23979	true	25.063475544	13.605902779992903	620.810240	cloud-23938	true	29.394439692	16.066478364984505	633.688064	cloud-23982
nla-digbench-scaling/ps3-ll_unwindbound5.yml	true	true	28.769785357	15.379793729000085	604.868608	cloud-23933	true	23.733172408	12.7623009539966	581.251072	cloud-23933	true	24.348339851	13.433598326024367	584.163328	cloud-23979
nla-digbench-scaling/ps3-ll_unwindbound50.yml	true	true	23.904244215	12.90039341100055	642.940928	cloud-23979	true	22.412401528	12.087645981984679	634.863616	cloud-23979	true	22.482475258	12.23158567401697	560.578560	cloud-23982
nla-digbench-scaling/ps3-ll_valuebound1.yml	true	ERROR (solver error, after parsing finished)	31.340065041	17.155002925996087	637.800448	cloud-23933	ERROR (solver error, after parsing finished)	24.553541258	13.349716327007627	683.380736	cloud-23982	true	26.921541238	14.801172070001485	621.445120	cloud-23982
nla-digbench-scaling/ps3-ll_valuebound10.yml	true	ERROR (solver error, after parsing finished)	30.822459324	16.690304051997373	624.840704	cloud-24259	ERROR (solver error, after parsing finished)	19.169641885	10.381733874004567	670.392320	cloud-23982	true	17.016312117	9.329465107002761	615.260160	cloud-23944
nla-digbench-scaling/ps3-ll_valuebound100.yml	true	ERROR (solver error, after parsing finished)	32.408458824	17.496058659999107	615.084032	cloud-23933	ERROR (solver error, after parsing finished)	18.189257897	9.866796404006891	637.112320	cloud-23942	true	25.517381041	14.143422302993713	588.365824	cloud-23980
nla-digbench-scaling/ps3-ll_valuebound2.yml	true	ERROR (solver error, after parsing finished)	38.15514277	20.698259570999653	659.783680	cloud-23933	ERROR (solver error, after parsing finished)	24.574568392	13.297850579983788	659.369984	cloud-23980	true	26.124016637	14.455735266994452	597.254144	cloud-23938
nla-digbench-scaling/ps3-ll_valuebound20.yml	true	ERROR (solver error, after parsing finished)	39.713464776	21.863602094999806	619.364352	cloud-23979	ERROR (solver error, after parsing finished)	22.71131672	12.324839688983047	656.859136	cloud-23980	true	25.642360786	14.231727767997654	600.715264	cloud-23982
nla-digbench-scaling/ps3-ll_valuebound5.yml	true	ERROR (solver error, after parsing finished)	30.709329345	16.690593983003055	626.032640	cloud-23933	ERROR (solver error, after parsing finished)	20.909119868	11.316701349016512	683.040768	cloud-23933	true	23.998176048	12.932151048007654	633.405440	cloud-23933
nla-digbench-scaling/ps3-ll_valuebound50.yml	true	ERROR (solver error, after parsing finished)	32.47587186	17.496320163001656	604.233728	cloud-24259	ERROR (solver error, after parsing finished)	18.871226672	10.320435647998238	633.765888	cloud-23933	true	21.940889822	12.005879250005819	637.239296	cloud-23979
nla-digbench-scaling/ps4-ll_unwindbound1.yml	false	false(unreach-call)	29.388836088	15.697744119999697	681.422848	cloud-24259	false(unreach-call)	21.089091893	11.48063481101417	620.199936	cloud-23980	false(unreach-call)	219.457106953	207.67796729601105	627.220480	cloud-23980
nla-digbench-scaling/ps4-ll_unwindbound10.yml	false	ERROR (solver error, after parsing finished)	134.15198456	117.05789381200157	679.317504	cloud-23979	ERROR (solver error, after parsing finished)	30.491548134	16.31769385098596	599.404544	cloud-23938	ERROR (solver error, after parsing finished)	129.563810564	114.86268755199853	598.650880	cloud-23982
nla-digbench-scaling/ps4-ll_unwindbound100.yml	false	TIMEOUT (ERROR (solver error, after parsing finished))	982.438019297	960.1674610510017	649.502720	cloud-23933	TIMEOUT	990.22457422	977.7028951810207	673.153024	cloud-23980	ERROR (solver error, after parsing finished)	120.638524751	110.36393581400625	633.085952	cloud-23980
nla-digbench-scaling/ps4-ll_unwindbound2.yml	false	false(unreach-call)	23.975525606	13.158278558003076	656.715776	cloud-23979	false(unreach-call)	25.488904841	13.727751810016343	648.683520	cloud-23980	false(unreach-call)	63.312317885	50.97686120099388	633.589760	cloud-23933
nla-digbench-scaling/ps4-ll_unwindbound20.yml	false	ERROR (solver error, after parsing finished)	792.587464292	771.0500726159989	650.690560	cloud-23933	TIMEOUT	990.271592468	974.6715720330249	691.269632	cloud-23933	ERROR (solver error, after parsing finished)	101.151819364	90.58127500998671	616.968192	cloud-23979
nla-digbench-scaling/ps4-ll_unwindbound5.yml	false	ERROR (solver error, after parsing finished)	135.109874259	115.45995683300134	641.523712	cloud-23933	ERROR (solver error, after parsing finished)	30.366499245	16.502889619994676	678.453248	cloud-23933	ERROR (solver error, after parsing finished)	102.900717554	91.72008823702345	592.056320	cloud-23933
nla-digbench-scaling/ps4-ll_unwindbound50.yml	false	ERROR (solver error, after parsing finished)	858.41825168	837.5517094550014	684.503040	cloud-24259	TIMEOUT	990.266230014	975.1129875899933	653.492224	cloud-23979	ERROR (solver error, after parsing finished)	118.232642479	107.13679055598914	532.799488	cloud-23980
nla-digbench-scaling/ps4-ll_valuebound1.yml	true	true	27.161330397	14.830896524999844	599.162880	cloud-23933	true	26.855946543	14.455594633996952	658.980864	cloud-23938	true	41.316403634	26.859812711016275	568.045568	cloud-23938
nla-digbench-scaling/ps4-ll_valuebound10.yml	true	TIMEOUT	990.282526376	969.506337626	643.661824	cloud-23933	ERROR (solver error, after parsing finished)	129.997113204	118.060510144016	638.869504	cloud-23979	TIMEOUT	990.254723417	974.3172740289883	595.316736	cloud-23982
nla-digbench-scaling/ps4-ll_valuebound100.yml	true	TIMEOUT	990.317951132	969.8138734919994	669.274112	cloud-24259	ERROR (solver error, after parsing finished)	163.39238528	149.51786671500304	614.739968	cloud-23982	TIMEOUT	990.325903803	973.2385140260158	683.401216	cloud-23933
nla-digbench-scaling/ps4-ll_valuebound2.yml	true	true	25.764788996	13.835632194000937	630.644736	cloud-23933	true	26.053699204	14.34610015101498	705.896448	cloud-23979	TIMEOUT	990.25698771	976.028473096987	644.390912	cloud-23979
nla-digbench-scaling/ps4-ll_valuebound20.yml	true	TIMEOUT	990.277236289	972.9282020390019	709.103616	cloud-23979	ERROR (solver error, after parsing finished)	107.41046779	98.24143627399462	665.899008	cloud-23944	TIMEOUT	990.274044546	973.9070592530188	672.874496	cloud-23933
nla-digbench-scaling/ps4-ll_valuebound5.yml	true	true	648.83167043	630.2793800770014	634.327040	cloud-23933	ERROR (solver error, after parsing finished)	140.917851943	127.30305329602561	609.914880	cloud-23933	true	391.026495854	379.410994150996	614.690816	cloud-23933
nla-digbench-scaling/ps4-ll_valuebound50.yml	true	TIMEOUT	990.24373038	973.3161414189963	668.463104	cloud-23939	ERROR (solver error, after parsing finished)	134.073377528	122.14423692697892	641.105920	cloud-23979	TIMEOUT	990.331151524	972.4953996080148	676.343808	cloud-23938
nla-digbench-scaling/ps5-ll_unwindbound1.yml	false	false(unreach-call)	32.461250065	17.772008740001183	706.510848	cloud-23933	false(unreach-call)	25.211134319	13.549543795001227	765.845504	cloud-23979	TIMEOUT	990.262959438	975.368420475017	720.912384	cloud-23979
nla-digbench-scaling/ps5-ll_unwindbound10.yml	false	TIMEOUT	990.277941773	974.0090735819977	836.079616	cloud-23979	TIMEOUT	990.270599793	973.7701741349883	811.950080	cloud-23979	TIMEOUT	990.306921412	974.9018447179988	827.801600	cloud-23980
nla-digbench-scaling/ps5-ll_unwindbound100.yml	false	TIMEOUT	990.296508189	975.7135547930011	802.017280	cloud-23979	TIMEOUT	990.262118032	972.8218613679928	772.251648	cloud-23982	TIMEOUT	990.249523493	973.6406029709906	778.870784	cloud-23980
nla-digbench-scaling/ps5-ll_unwindbound2.yml	false	false(unreach-call)	31.22306579	18.116103842003213	765.075456	cloud-24259	false(unreach-call)	29.850699275	17.554806913016364	791.654400	cloud-23979	TIMEOUT	990.251324871	976.4372369699995	768.598016	cloud-23980
nla-digbench-scaling/ps5-ll_unwindbound20.yml	false	TIMEOUT	990.336766872	973.1369991009997	844.910592	cloud-23979	TIMEOUT	990.282690571	972.4456012989976	749.264896	cloud-23982	TIMEOUT	990.295654324	972.3855090200086	736.825344	cloud-23938
nla-digbench-scaling/ps5-ll_unwindbound5.yml	false	TIMEOUT	990.292216367	972.1531912330029	757.391360	cloud-24259	TIMEOUT	990.342084145	973.2282811900077	807.030784	cloud-23979	TIMEOUT	990.317845189	974.1998831120145	745.881600	cloud-23938
nla-digbench-scaling/ps5-ll_unwindbound50.yml	false	TIMEOUT	990.297141498	972.7257938190014	805.208064	cloud-24259	TIMEOUT	990.361890548	971.9097526879923	842.412032	cloud-23979	TIMEOUT	990.265774276	976.8019816050073	685.481984	cloud-23940
nla-digbench-scaling/ps5-ll_valuebound1.yml	true	TIMEOUT	990.21072328	975.6841016800026	802.926592	cloud-23941	ERROR (solver error, after parsing finished)	24.130716263	13.034242009016452	786.030592	cloud-23979	TIMEOUT	990.289176135	973.0758445959946	717.516800	cloud-23979
nla-digbench-scaling/ps5-ll_valuebound10.yml	true	TIMEOUT	990.24798719	974.5527995300363	788.582400	cloud-23944	ERROR (solver error, after parsing finished)	24.267507646	12.99268736198428	768.278528	cloud-23933	TIMEOUT	990.302116888	973.7676581270061	741.494784	cloud-23933
nla-digbench-scaling/ps5-ll_valuebound100.yml	true	TIMEOUT	990.282341521	972.1180306419847	795.742208	cloud-23939	ERROR (solver error, after parsing finished)	28.274138075	15.434375938988524	799.895552	cloud-23980	TIMEOUT	990.215311941	978.286287105002	712.798208	cloud-23980
nla-digbench-scaling/ps5-ll_valuebound2.yml	true	TIMEOUT	990.345899401	968.8203350100011	708.849664	cloud-24259	ERROR (solver error, after parsing finished)	25.81206653	13.999964782007737	751.378432	cloud-23982	TIMEOUT	990.271499626	974.6135168799956	720.621568	cloud-23979
nla-digbench-scaling/ps5-ll_valuebound20.yml	true	TIMEOUT	990.289965157	967.9158026320001	750.731264	cloud-23933	ERROR (solver error, after parsing finished)	27.176770018	14.695750333979959	715.837440	cloud-23933	TIMEOUT	990.318547292	974.2735536810069	774.098944	cloud-23979
nla-digbench-scaling/ps5-ll_valuebound5.yml	true	TIMEOUT	990.260155588	970.8093643710017	786.669568	cloud-23979	ERROR (solver error, after parsing finished)	27.112588085	14.939577882993035	740.294656	cloud-23938	TIMEOUT	990.339054525	972.5554472960066	702.386176	cloud-23938
nla-digbench-scaling/ps5-ll_valuebound50.yml	true	TIMEOUT	990.270450191	971.307331693999	754.089984	cloud-23933	ERROR (solver error, after parsing finished)	22.079657312	12.161862410983304	798.900224	cloud-23980	TIMEOUT	990.294547155	973.344544713007	730.619904	cloud-23979
nla-digbench-scaling/ps6-ll_unwindbound1.yml	false	false(unreach-call)	31.733492378	17.012448763001885	830.812160	cloud-23979	false(unreach-call)	32.176917687	17.118527045007795	777.711616	cloud-23982	TIMEOUT	990.377120702	973.1806086819852	756.137984	cloud-23982
nla-digbench-scaling/ps6-ll_unwindbound10.yml	false	TIMEOUT	990.326555423	967.1920483249996	840.421376	cloud-24259	ERROR (solver error, after parsing finished)	42.83819786	30.52505151098012	804.986880	cloud-23933	TIMEOUT	990.347821168	974.795064564998	757.567488	cloud-23982
nla-digbench-scaling/ps6-ll_unwindbound100.yml	false	TIMEOUT	990.297052243	968.5431085279997	779.448320	cloud-23933	ERROR (solver error, after parsing finished)	36.815623521	20.741609465010697	780.759040	cloud-23982	TIMEOUT	990.285413218	974.791899606993	791.556096	cloud-23979
nla-digbench-scaling/ps6-ll_unwindbound2.yml	false	false(unreach-call)	27.625891158	15.83387475299969	830.066688	cloud-23979	false(unreach-call)	33.627768724	19.048515867005335	791.052288	cloud-23938	TIMEOUT	990.265248326	977.1580810199957	780.275712	cloud-23980
nla-digbench-scaling/ps6-ll_unwindbound20.yml	false	ERROR (solver error, after parsing finished)	154.461172542	134.64932421200137	816.619520	cloud-24259	TIMEOUT	990.327417445	973.5809508899983	898.949120	cloud-23933	TIMEOUT	990.260997176	973.639549162006	778.133504	cloud-23982
nla-digbench-scaling/ps6-ll_unwindbound5.yml	false	TIMEOUT	990.381291026	967.7902964399982	878.141440	cloud-24259	ERROR (solver error, after parsing finished)	48.649122498	34.77557996701216	810.287104	cloud-23979	TIMEOUT	990.327654869	973.4750612460193	751.874048	cloud-23933
nla-digbench-scaling/ps6-ll_unwindbound50.yml	false	ERROR (solver error, after parsing finished)	154.735464501	134.35919697200006	822.820864	cloud-24259	TIMEOUT	990.296789697	972.244067401014	849.358848	cloud-23933	TIMEOUT	990.323960986	973.0086063040071	775.016448	cloud-23933
nla-digbench-scaling/ps6-ll_valuebound1.yml	true	true	28.420127704	15.20477315700191	764.596224	cloud-24259	true	23.35267147	12.462525108014233	790.343680	cloud-23982	TIMEOUT	990.252342203	977.3752299050102	876.077056	cloud-23980
nla-digbench-scaling/ps6-ll_valuebound10.yml	true	TIMEOUT	990.271750145	967.601524482001	861.409280	cloud-23979	ERROR (solver error, after parsing finished)	36.219012631	22.477581027982524	737.603584	cloud-23979	TIMEOUT	990.363528024	972.3236619649979	837.754880	cloud-23933
nla-digbench-scaling/ps6-ll_valuebound100.yml	true	TIMEOUT	990.374403596	965.3262468660032	873.521152	cloud-23933	ERROR (solver error, after parsing finished)	40.010287221	25.23386517999461	750.419968	cloud-23982	TIMEOUT	990.335296099	973.740748273005	767.148032	cloud-23979
nla-digbench-scaling/ps6-ll_valuebound2.yml	true	true	22.960441045	13.477153652987909	781.922304	cloud-23944	true	34.035131676	19.50595799300936	839.548928	cloud-23933	TIMEOUT	990.321912437	973.2288729650027	820.740096	cloud-23979
nla-digbench-scaling/ps6-ll_valuebound20.yml	true	TIMEOUT	990.350048133	964.9107363750009	841.998336	cloud-23933	ERROR (solver error, after parsing finished)	32.905722122	21.0254230510036	777.494528	cloud-23980	TIMEOUT	990.295695033	978.0296570489882	756.953088	cloud-23980
nla-digbench-scaling/ps6-ll_valuebound5.yml	true	TIMEOUT	990.32501372	969.5561801490003	816.259072	cloud-23933	ERROR (solver error, after parsing finished)	31.587639293	19.93729039799655	875.794432	cloud-23979	TIMEOUT	990.262013161	972.7372798300057	769.826816	cloud-23982
nla-digbench-scaling/ps6-ll_valuebound50.yml	true	TIMEOUT	990.312310481	969.9022243580039	927.477760	cloud-23979	ERROR (solver error, after parsing finished)	33.85862308	22.148144129983848	901.988352	cloud-23980	TIMEOUT	990.260957167	973.2528249399911	792.186880	cloud-23982
nla-digbench-scaling/sqrt1-ll_unwindbound1.yml	true	true	26.316543832	14.301812949997839	601.665536	cloud-23933	true	25.036422584	13.532139504997758	655.224832	cloud-23938	ERROR (solver error, after parsing finished)	20.969057813	11.71026363899	589.733888	cloud-23980
nla-digbench-scaling/sqrt1-ll_unwindbound10.yml	true	true	24.982344603	13.552033759006008	628.133888	cloud-23933	true	23.616484909	13.16230694501428	681.197568	cloud-23980	ERROR (solver error, after parsing finished)	62.669642536	53.775536770001054	616.726528	cloud-23980
nla-digbench-scaling/sqrt1-ll_unwindbound100.yml	true	true	24.679398446	13.239583904000028	614.539264	cloud-23979	true	22.35840229	12.101497035007924	649.158656	cloud-23980	ERROR (solver error, after parsing finished)	62.154842344	51.860110060020816	551.563264	cloud-23933
nla-digbench-scaling/sqrt1-ll_unwindbound2.yml	true	true	25.286903717	13.992209282999966	618.864640	cloud-23933	true	25.428952298	13.849485688988352	610.263040	cloud-23980	ERROR (solver error, after parsing finished)	75.480262706	63.0345521630079	603.238400	cloud-23938
nla-digbench-scaling/sqrt1-ll_unwindbound20.yml	true	true	21.501956469	11.788888257000508	602.591232	cloud-24259	true	31.255304289	17.480674117978197	592.138240	cloud-23982	ERROR (solver error, after parsing finished)	68.89730786	56.25551345900749	611.028992	cloud-23933
nla-digbench-scaling/sqrt1-ll_unwindbound5.yml	true	true	25.160662658	13.698774549000518	664.555520	cloud-23933	true	25.013657901	13.764202478021616	600.535040	cloud-23938	ERROR (solver error, after parsing finished)	62.370109175	51.64466420299141	564.568064	cloud-23979
nla-digbench-scaling/sqrt1-ll_unwindbound50.yml	true	true	27.813675546	14.91157975099486	643.399680	cloud-23933	true	29.786786994	15.898827680997783	650.366976	cloud-23982	ERROR (solver error, after parsing finished)	65.992765762	54.82534655800555	638.418944	cloud-23938
nla-digbench-scaling/sqrt1-ll_valuebound1.yml	true	true	27.677533575	16.230618832996697	587.558912	cloud-23979	true	31.877287818	18.431599281000672	665.788416	cloud-23938	ERROR (solver error, after parsing finished)	50.878754259	37.999490529007744	602.492928	cloud-23982
nla-digbench-scaling/sqrt1-ll_valuebound10.yml	true	true	29.691681811	17.16512444199907	615.002112	cloud-23933	true	26.122254009	14.861525134008843	656.547840	cloud-23979	ERROR (solver error, after parsing finished)	124.802432745	112.18175896100001	594.173952	cloud-23982
nla-digbench-scaling/sqrt1-ll_valuebound100.yml	true	true	29.869004091	17.620688929004245	610.406400	cloud-23979	true	24.029552491	13.845584399008658	611.262464	cloud-23933	ERROR (solver error, after parsing finished)	94.179054383	82.7916176370054	589.135872	cloud-23979
nla-digbench-scaling/sqrt1-ll_valuebound2.yml	true	true	26.77634423	15.304620624003292	614.481920	cloud-24259	true	25.244594309	14.717268701002467	625.934336	cloud-23933	ERROR (solver error, after parsing finished)	124.994195951	112.62056861899327	597.110784	cloud-23938
nla-digbench-scaling/sqrt1-ll_valuebound20.yml	true	true	19.769275833	11.680986786959693	646.828032	cloud-23944	true	28.105569358	16.17080936601269	653.836288	cloud-23938	ERROR (solver error, after parsing finished)	130.29769978	120.97714859899133	616.927232	cloud-23980
nla-digbench-scaling/sqrt1-ll_valuebound5.yml	true	true	23.248347812	13.299444117001258	639.950848	cloud-24259	true	24.169396883	14.338398065010551	650.452992	cloud-23980	ERROR (solver error, after parsing finished)	113.613757537	103.91422671999317	549.654528	cloud-23980
nla-digbench-scaling/sqrt1-ll_valuebound50.yml	true	true	27.332055129	15.562285784002597	654.548992	cloud-24259	true	25.369915777	15.00938184800907	613.806080	cloud-23980	ERROR (solver error, after parsing finished)	109.763365073	99.5546161950042	630.489088	cloud-23980
verifythis/duplets.yml	true	ERROR (generic error, after parsing finished)	22.417832906	12.305565103000845	566.902784	cloud-23979	ERROR (server error, after parsing finished)	19.64896972	10.695288791001076	549.502976	cloud-23979	ERROR (generic error, after parsing finished)	21.027966167	11.496329754998442	501.362688	cloud-23940
verifythis/elimination_max.yml	true	ERROR (generic error, after parsing finished)	25.068884978	13.709548980994441	561.815552	cloud-23933	ERROR (server error, after parsing finished)	14.212382437	7.912867685983656	561.631232	cloud-23944	ERROR (generic error, after parsing finished)	23.322924696	12.875380571989808	524.193792	cloud-23982
verifythis/lcp.yml	true	ERROR (generic error, after parsing finished)	25.324153967	14.000956288000452	527.544320	cloud-23933	ERROR (server error, after parsing finished)	22.835257624	12.633254177984782	556.576768	cloud-23938	ERROR (generic error, after parsing finished)	14.71085958	8.365823916974477	499.109888	cloud-23980
verifythis/prefixsum_iter.yml	true	ERROR (generic error, after parsing finished)	23.535387868	13.234156644000905	587.386880	cloud-24259	ERROR (server error, after parsing finished)	18.375860336	10.214008241979172	607.875072	cloud-23979	ERROR (generic error, after parsing finished)	17.805162994	10.002384423016338	509.927424	cloud-23980
verifythis/tree_del_iter.yml	false	ERROR (frontend failed, before parsing finished)	2.655818322	1.565366479997465	104.026112	cloud-23979	ERROR (frontend failed, before parsing finished)	1.861535818	1.1162654910003766	109.391872	cloud-23982	ERROR (frontend failed, before parsing finished)	2.677603479	1.5573027410137001	117.694464	cloud-23933
verifythis/tree_del_iter_incorrect.yml	false	ERROR (frontend failed, before parsing finished)	2.63823232	1.5328223979959148	109.092864	cloud-23933	ERROR (frontend failed, before parsing finished)	3.248654607	2.070686833001673	109.137920	cloud-23982	ERROR (frontend failed, before parsing finished)	3.456350679	1.9520806949876714	117.972992	cloud-23980
combinations/Problem05_label40+token_ring.01.cil-1.yml	false	OUT OF MEMORY	275.791547035	231.24882207397604	15000.166400	cloud-23939	OUT OF MEMORY	464.354709093	403.24083452200284	15000.039424	cloud-23980	OUT OF MEMORY	351.218309763	299.8545105490193	15000.162304	cloud-23939
combinations/Problem05_label40+token_ring.02.cil-1.yml	false	OUT OF MEMORY	271.020994293	229.61157017602818	15000.166400	cloud-23941	OUT OF MEMORY	407.928043951	348.8366461470141	15000.031232	cloud-23980	OUT OF MEMORY	287.87520784	239.79688624100527	15000.162304	cloud-23942
combinations/Problem05_label40+token_ring.03.cil-2.yml	false	OUT OF MEMORY	323.317116798	268.9689549949835	15000.162304	cloud-23939	OUT OF MEMORY	403.572240867	342.9283531740075	15000.039424	cloud-23979	OUT OF MEMORY	517.040271372	455.78274175699335	15000.039424	cloud-23980
combinations/Problem05_label40+token_ring.04.cil-1.yml	false	OUT OF MEMORY	469.011455129	402.35283261500444	15000.035328	cloud-23933	OUT OF MEMORY	443.466300692	384.4810966490186	15000.035328	cloud-23979	OUT OF MEMORY	592.942394298	523.0300387500029	15000.043520	cloud-23980
combinations/Problem05_label40+token_ring.05.cil-1.yml	false	OUT OF MEMORY	561.80590362	493.88661804000003	15000.043520	cloud-23933	OUT OF MEMORY	390.482881094	332.36070642300183	15000.035328	cloud-23979	OUT OF MEMORY	562.376110607	491.30782020199695	15000.043520	cloud-23982
combinations/Problem05_label40+token_ring.06.cil-2.yml	false	OUT OF MEMORY	309.664683787	265.4430028650095	15000.166400	cloud-23942	OUT OF MEMORY	349.677957047	301.4387016730034	15000.162304	cloud-23940	OUT OF MEMORY	364.098192732	314.89125421401695	15000.158208	cloud-23939
combinations/Problem05_label40+token_ring.07.cil-1.yml	false	OUT OF MEMORY	608.280702651	540.2871291359988	15000.039424	cloud-23979	OUT OF MEMORY	361.183193495	308.7644436949922	15000.162304	cloud-23939	OUT OF MEMORY	390.292727323	336.1808995050087	15000.162304	cloud-23942
combinations/Problem05_label40+token_ring.08.cil-1.yml	false	OUT OF MEMORY	574.114851037	501.7000587739999	15000.043520	cloud-23933	OUT OF MEMORY	594.00717829	524.1971245490131	15000.027136	cloud-23982	OUT OF MEMORY	429.829968897	379.18285659799585	15000.166400	cloud-23940
combinations/Problem05_label40+token_ring.09.cil-1.yml	false	OUT OF MEMORY	384.340800136	337.1722519880277	15000.162304	cloud-23944	OUT OF MEMORY	405.10319002	355.25123353500385	15000.162304	cloud-23939	OUT OF MEMORY	347.729824904	304.43126367399236	15000.162304	cloud-23939
combinations/Problem05_label40+token_ring.10.cil-2.yml	false	OUT OF MEMORY	379.154938353	335.60724953905446	15000.162304	cloud-23942	OUT OF MEMORY	486.79123244	430.34174826100934	15000.039424	cloud-23933	OUT OF MEMORY	693.977537576	615.0617074019974	15000.035328	cloud-23938
combinations/Problem05_label40+token_ring.11.cil-2.yml	false	OUT OF MEMORY	760.118574493	684.596935209	15000.035328	cloud-23933	OUT OF MEMORY	504.159241443	445.29492663999554	15000.039424	cloud-23933	OUT OF MEMORY	447.418510663	395.16306593400077	15000.166400	cloud-23943
combinations/Problem05_label40+token_ring.12.cil-2.yml	false	OUT OF MEMORY	471.100550162	419.51250457100105	15000.145920	cloud-23943	OUT OF MEMORY	605.577331802	535.6168492370052	15000.023040	cloud-23979	OUT OF MEMORY	709.679824223	634.7502339290222	15000.039424	cloud-23938
combinations/Problem05_label40+token_ring.13.cil-2.yml	false	OUT OF MEMORY	464.623453582	413.3880387239624	15000.162304	cloud-23939	OUT OF MEMORY	649.700604676	586.8516506270098	15000.039424	cloud-23933	OUT OF MEMORY	873.066682253	789.7450338419876	15000.039424	cloud-23938
combinations/Problem05_label41+token_ring.01.cil-1.yml	false	OUT OF MEMORY	253.680852354	212.5307777269627	15000.170496	cloud-23940	OUT OF MEMORY	441.137077374	375.4109260439873	15000.039424	cloud-23982	OUT OF MEMORY	269.526677148	224.7426274699974	15000.166400	cloud-23944
combinations/Problem05_label41+token_ring.02.cil-1.yml	false	OUT OF MEMORY	316.896755034	265.067207598011	15000.166400	cloud-23943	OUT OF MEMORY	505.32871378	438.49939416599227	15000.039424	cloud-23980	OUT OF MEMORY	315.098812302	261.7491660640226	15000.166400	cloud-23941
combinations/Problem05_label41+token_ring.03.cil-2.yml	false	OUT OF MEMORY	475.82010938	410.07291898600033	15000.035328	cloud-23933	OUT OF MEMORY	397.827379463	335.99287564199767	15000.039424	cloud-23982	OUT OF MEMORY	447.52153176	384.47539074497763	15000.039424	cloud-23979
combinations/Problem05_label41+token_ring.04.cil-1.yml	false	OUT OF MEMORY	553.127462732	483.6276386899999	15000.039424	cloud-23933	OUT OF MEMORY	482.507310511	416.2283404500049	15000.039424	cloud-23982	OUT OF MEMORY	577.079054248	497.4146112399758	15000.039424	cloud-23938
combinations/Problem05_label41+token_ring.05.cil-1.yml	false	OUT OF MEMORY	294.779038625	250.67064073495567	15000.170496	cloud-23942	OUT OF MEMORY	599.025334917	519.0990006930078	15000.039424	cloud-23938	OUT OF MEMORY	398.064102079	344.7948375570122	15000.154112	cloud-23940
combinations/Problem05_label41+token_ring.06.cil-2.yml	false	OUT OF MEMORY	426.715263691	365.5137596049999	15000.289280	cloud-24259	OUT OF MEMORY	485.636870167	420.46569004500634	15000.039424	cloud-23979	OUT OF MEMORY	579.448746632	514.5322537280153	15000.035328	cloud-23980
combinations/Problem05_label41+token_ring.07.cil-1.yml	false	OUT OF MEMORY	340.742983178	293.1252301229979	15000.162304	cloud-23943	OUT OF MEMORY	353.296994142	305.27645557999494	15000.154112	cloud-23940	OUT OF MEMORY	503.217306953	432.35760417798883	15000.039424	cloud-23933
combinations/Problem05_label41+token_ring.08.cil-1.yml	false	OUT OF MEMORY	616.621237116	545.3126638780013	15000.035328	cloud-23933	OUT OF MEMORY	464.821137512	403.93438290199265	15000.039424	cloud-23982	OUT OF MEMORY	687.043360302	621.4698361720075	15000.035328	cloud-23980
combinations/Problem05_label41+token_ring.09.cil-1.yml	false	OUT OF MEMORY	349.014663823	304.0269256539759	15000.166400	cloud-23944	OUT OF MEMORY	685.5374581	605.3284069630026	15000.039424	cloud-23982	OUT OF MEMORY	417.342571522	366.745211424015	15000.154112	cloud-23940
combinations/Problem05_label41+token_ring.10.cil-2.yml	false	OUT OF MEMORY	375.731111513	330.5688227560022	15000.162304	cloud-23940	OUT OF MEMORY	437.524069938	385.2437765930081	15000.158208	cloud-23939	OUT OF MEMORY	679.940755608	613.4195039749902	15000.043520	cloud-23980
combinations/Problem05_label41+token_ring.11.cil-2.yml	false	OUT OF MEMORY	374.29360903	327.8046909229597	15000.166400	cloud-23939	OUT OF MEMORY	499.978355313	447.0868665140006	15000.039424	cloud-23933	OUT OF MEMORY	573.775179184	506.24186153302435	15000.039424	cloud-23979
combinations/Problem05_label41+token_ring.12.cil-2.yml	false	OUT OF MEMORY	813.266285698	738.6722145200001	15000.043520	cloud-23979	OUT OF MEMORY	496.191875427	446.34010162300547	15000.039424	cloud-23933	OUT OF MEMORY	774.003120377	704.695542764006	15000.039424	cloud-23980
combinations/Problem05_label41+token_ring.13.cil-2.yml	false	OUT OF MEMORY	469.222117793	421.00320403202204	15000.162304	cloud-23940	OUT OF MEMORY	683.207846548	614.6515377159812	15000.039424	cloud-23933	OUT OF MEMORY	776.774439279	705.500535174011	15000.035328	cloud-23982
combinations/Problem05_label42+token_ring.01.cil-1.yml	true	OUT OF MEMORY	506.161073729	445.49477936400217	15000.043520	cloud-23979	OUT OF MEMORY	266.761322248	224.0330122789892	15000.162304	cloud-23944	OUT OF MEMORY	531.575664732	456.09835276400554	15000.035328	cloud-23938
combinations/Problem05_label42+token_ring.01.cil-2.yml	false	OUT OF MEMORY	321.841738522	271.5550722890184	15000.162304	cloud-23943	OUT OF MEMORY	311.567704534	257.5887735020078	15000.039424	cloud-23982	OUT OF MEMORY	251.989454709	209.73339270899305	15000.162304	cloud-23944
combinations/Problem05_label42+token_ring.02.cil-1.yml	true	OUT OF MEMORY	303.259095475	255.33311308402335	15000.162304	cloud-23944	OUT OF MEMORY	343.251463072	290.04622933702194	15000.023040	cloud-23982	OUT OF MEMORY	323.220149164	271.7304875859991	15000.162304	cloud-23943
combinations/Problem05_label42+token_ring.02.cil-2.yml	false	OUT OF MEMORY	259.942722414	214.05999043799238	15000.162304	cloud-23944	OUT OF MEMORY	345.740642414	292.40888435501256	15000.035328	cloud-23933	OUT OF MEMORY	547.31065045	472.5843858520093	15000.018944	cloud-23938
combinations/Problem05_label42+token_ring.03.cil-1.yml	false	OUT OF MEMORY	278.935119226	235.00222497497452	15000.166400	cloud-23940	OUT OF MEMORY	355.589097335	300.67864918801934	15000.031232	cloud-23982	OUT OF MEMORY	356.169789918	302.9053285359987	15000.166400	cloud-23942
combinations/Problem05_label42+token_ring.03.cil-2.yml	true	OUT OF MEMORY	420.218038137	354.2022709650046	15000.047616	cloud-24259	OUT OF MEMORY	327.9515643	278.83206406299723	15000.162304	cloud-23942	OUT OF MEMORY	332.769912893	283.65180304201203	15000.162304	cloud-23939
combinations/Problem05_label42+token_ring.04.cil-1.yml	true	OUT OF MEMORY	273.372719721	230.04276899900287	15000.162304	cloud-23939	OUT OF MEMORY	394.251017858	334.5829978429829	15000.039424	cloud-23982	OUT OF MEMORY	545.939214378	484.3308080880088	15000.043520	cloud-23980
combinations/Problem05_label42+token_ring.04.cil-2.yml	false	OUT OF MEMORY	292.054616125	250.56447425298393	15000.166400	cloud-23942	OUT OF MEMORY	331.369796945	280.12333253299585	15000.039424	cloud-23933	OUT OF MEMORY	361.690851536	310.5322522119968	15000.158208	cloud-23940
combinations/Problem05_label42+token_ring.05.cil-1.yml	true	OUT OF MEMORY	584.111652706	511.63718334099394	15000.035328	cloud-23933	OUT OF MEMORY	331.264434793	282.48714942098013	15000.162304	cloud-23940	OUT OF MEMORY	433.154277053	368.54793945199344	15000.039424	cloud-23979
combinations/Problem05_label42+token_ring.05.cil-2.yml	false	OUT OF MEMORY	368.303745464	314.1526148249977	15000.166400	cloud-23943	OUT OF MEMORY	521.824543119	448.10738687598496	15000.035328	cloud-23982	OUT OF MEMORY	420.36336221	361.14370849597617	15000.039424	cloud-23979
combinations/Problem05_label42+token_ring.06.cil-1.yml	false	OUT OF MEMORY	448.890583184	387.0970509680001	15000.047616	cloud-24259	OUT OF MEMORY	518.118506124	442.18958755698986	15000.039424	cloud-23982	OUT OF MEMORY	331.85527898	283.25226811901666	15000.166400	cloud-23943
combinations/Problem05_label42+token_ring.06.cil-2.yml	true	OUT OF MEMORY	334.618424669	287.05812609603163	15000.162304	cloud-23940	OUT OF MEMORY	653.290894103	579.3488279450103	15000.035328	cloud-23982	OUT OF MEMORY	569.829533694	498.08926515700296	15000.043520	cloud-23938
combinations/Problem05_label42+token_ring.07.cil-1.yml	true	OUT OF MEMORY	554.173206818	484.7523769170002	15000.043520	cloud-23933	OUT OF MEMORY	454.156224175	396.0477062329883	15000.039424	cloud-23979	OUT OF MEMORY	611.769335207	545.0370829789899	15000.039424	cloud-23980
combinations/Problem05_label42+token_ring.07.cil-2.yml	false	OUT OF MEMORY	523.532870051	457.1644019180003	15000.031232	cloud-23933	OUT OF MEMORY	337.549059487	290.80021093500545	15000.162304	cloud-23942	OUT OF MEMORY	640.927608472	567.092712534999	15000.043520	cloud-23982
combinations/Problem05_label42+token_ring.08.cil-1.yml	true	OUT OF MEMORY	335.804804426	294.23436958994716	15000.166400	cloud-23942	OUT OF MEMORY	371.142045454	322.03065676800907	15000.162304	cloud-23940	OUT OF MEMORY	579.659609806	506.05534403101774	15000.039424	cloud-23933
combinations/Problem05_label42+token_ring.08.cil-2.yml	false	OUT OF MEMORY	328.212842624	284.28184917301405	15000.166400	cloud-23944	OUT OF MEMORY	378.586186442	329.1971066299884	15000.162304	cloud-23940	OUT OF MEMORY	690.959763498	607.0161234699772	15000.035328	cloud-23938
combinations/Problem05_label42+token_ring.09.cil-1.yml	true	OUT OF MEMORY	356.227948495	309.2352220630273	15000.162304	cloud-23944	OUT OF MEMORY	639.186462242	570.3380988579884	15000.039424	cloud-23982	OUT OF MEMORY	743.195878502	666.3116577570036	15000.035328	cloud-23938
combinations/Problem05_label42+token_ring.09.cil-2.yml	false	OUT OF MEMORY	394.109036088	347.31690453604097	15000.166400	cloud-23941	OUT OF MEMORY	393.361241872	340.62552915900596	15000.162304	cloud-23939	OUT OF MEMORY	417.446310445	366.13539726802264	15000.166400	cloud-23940
combinations/Problem05_label42+token_ring.10.cil-1.yml	false	OUT OF MEMORY	359.66555949	313.6439127509948	15000.166400	cloud-23939	OUT OF MEMORY	488.710785579	432.34357023000484	15000.035328	cloud-23980	OUT OF MEMORY	577.185443738	507.23566608599504	15000.039424	cloud-23933
combinations/Problem05_label42+token_ring.10.cil-2.yml	true	OUT OF MEMORY	420.492245264	370.61871641495964	15000.162304	cloud-23943	OUT OF MEMORY	435.799902175	379.968835940992	15000.039424	cloud-23933	OUT OF MEMORY	621.49223022	552.8201425469888	15000.039424	cloud-23982
combinations/Problem05_label42+token_ring.11.cil-1.yml	false	OUT OF MEMORY	446.666891439	390.1827452380094	15000.166400	cloud-23944	OUT OF MEMORY	476.690653319	422.84143261500867	15000.035328	cloud-23933	OUT OF MEMORY	660.423893599	592.3861591859895	15000.035328	cloud-23933
combinations/Problem05_label42+token_ring.11.cil-2.yml	true	OUT OF MEMORY	428.059505763	375.47876280202763	15000.154112	cloud-23941	OUT OF MEMORY	542.552240701	481.2119751959981	15000.039424	cloud-23933	OUT OF MEMORY	676.45176735	605.8320026010042	15000.031232	cloud-23933
combinations/Problem05_label42+token_ring.12.cil-1.yml	false	OUT OF MEMORY	866.086400201	792.5436537260002	15000.035328	cloud-23979	OUT OF MEMORY	552.926902072	491.9167221010139	15000.039424	cloud-23933	OUT OF MEMORY	658.334505191	591.4874456280086	15000.027136	cloud-23933
combinations/Problem05_label42+token_ring.12.cil-2.yml	true	OUT OF MEMORY	635.111402567	565.285381280999	15000.043520	cloud-23933	OUT OF MEMORY	486.515988294	431.12568893199204	15000.162304	cloud-23939	OUT OF MEMORY	439.308899669	388.65522555902135	15000.166400	cloud-23942
combinations/Problem05_label42+token_ring.13.cil-1.yml	false	OUT OF MEMORY	480.37921458	429.65294119203463	15000.166400	cloud-23941	OUT OF MEMORY	566.315170781	506.5690069490229	15000.039424	cloud-23979	OUT OF MEMORY	507.610502987	452.60965493298136	15000.166400	cloud-23939
combinations/Problem05_label42+token_ring.13.cil-2.yml	true	OUT OF MEMORY	422.122542842	378.2451094710268	15000.170496	cloud-23942	OUT OF MEMORY	589.547642359	529.3067199700163	15000.031232	cloud-23979	OUT OF MEMORY	750.356300904	674.6225632689893	15000.039424	cloud-23938
combinations/Problem05_label42+token_ring.14.cil.yml	false	OUT OF MEMORY	455.617452958	402.8467461330001	15000.162304	cloud-23940	OUT OF MEMORY	585.423439862	522.636361300014	15000.035328	cloud-23933	OUT OF MEMORY	583.960787717	525.004364619992	15000.035328	cloud-23979
combinations/Problem05_label42+token_ring.15.cil.yml	false	OUT OF MEMORY	475.322364215	425.35491619596723	15000.162304	cloud-23943	OUT OF MEMORY	655.057250773	589.6878739990061	15000.031232	cloud-23933	OUT OF MEMORY	510.41210117	457.5140634260024	15000.166400	cloud-23939
combinations/Problem05_label43+token_ring.01.cil-1.yml	true	OUT OF MEMORY	458.15724538	394.38113500900363	15000.027136	cloud-24259	OUT OF MEMORY	350.085149163	297.1801413749927	15000.039424	cloud-23933	OUT OF MEMORY	396.973838843	335.3751624999859	15000.031232	cloud-23933
combinations/Problem05_label43+token_ring.01.cil-2.yml	false	OUT OF MEMORY	255.534117719	213.80957801401382	15000.170496	cloud-23944	OUT OF MEMORY	309.207269853	255.2277861009934	15000.039424	cloud-23979	OUT OF MEMORY	476.881650185	402.85763700000825	15000.031232	cloud-23982
combinations/Problem05_label43+token_ring.02.cil-1.yml	true	OUT OF MEMORY	263.741115354	218.13629917695653	15000.166400	cloud-23942	OUT OF MEMORY	348.332300838	295.2616189660039	15000.035328	cloud-23980	OUT OF MEMORY	284.55310053	237.2559031629935	15000.162304	cloud-23942
combinations/Problem05_label43+token_ring.02.cil-2.yml	false	OUT OF MEMORY	515.015408313	446.219190928	15000.035328	cloud-23979	OUT OF MEMORY	327.380981946	275.72599689499475	15000.039424	cloud-23933	OUT OF MEMORY	325.639415335	270.3814368430176	15000.043520	cloud-23979
combinations/Problem05_label43+token_ring.03.cil-1.yml	false	OUT OF MEMORY	276.790616137	233.26291576900985	15000.162304	cloud-23943	OUT OF MEMORY	398.164604237	341.547914366005	15000.039424	cloud-23938	OUT OF MEMORY	336.021455512	285.61600060301134	15000.162304	cloud-23943
combinations/Problem05_label43+token_ring.03.cil-2.yml	true	OUT OF MEMORY	310.295371598	266.04368051997153	15000.166400	cloud-23942	OUT OF MEMORY	340.873037059	285.5348774380109	15000.031232	cloud-23980	OUT OF MEMORY	330.937601447	282.14346845902037	15000.145920	cloud-23939
combinations/Problem05_label43+token_ring.04.cil-1.yml	true	OUT OF MEMORY	495.654485624	431.7222768210004	15000.035328	cloud-23933	OUT OF MEMORY	528.079789431	453.1684157559939	15000.039424	cloud-23938	OUT OF MEMORY	324.13124361	275.64117057598196	15000.162304	cloud-23940
combinations/Problem05_label43+token_ring.04.cil-2.yml	false	OUT OF MEMORY	490.525386596	420.2322479079994	15000.035328	cloud-23933	OUT OF MEMORY	406.22693133	343.34809700600454	15000.031232	cloud-23979	OUT OF MEMORY	336.77801071	287.74238065900863	15000.154112	cloud-23942
combinations/Problem05_label43+token_ring.05.cil-1.yml	true	OUT OF MEMORY	330.189984419	285.3305887200404	15000.166400	cloud-23942	OUT OF MEMORY	482.481529295	421.1793380349991	15000.035328	cloud-23933	OUT OF MEMORY	509.076666651	447.3058041019831	15000.043520	cloud-23980
combinations/Problem05_label43+token_ring.05.cil-2.yml	false	OUT OF MEMORY	289.577701567	243.89573028404266	15000.166400	cloud-23940	OUT OF MEMORY	408.592531313	351.93045033700764	15000.039424	cloud-23979	OUT OF MEMORY	477.102459461	415.7761588729918	15000.035328	cloud-23979
combinations/Problem05_label43+token_ring.06.cil-1.yml	false	OUT OF MEMORY	559.296690662	485.30018407600437	15000.047616	cloud-23933	OUT OF MEMORY	403.146101029	347.75357839200296	15000.031232	cloud-23979	OUT OF MEMORY	410.7821215	357.35813604999566	15000.166400	cloud-23939
combinations/Problem05_label43+token_ring.06.cil-2.yml	true	OUT OF MEMORY	489.11398795	423.90110702900006	15000.031232	cloud-24259	OUT OF MEMORY	402.935871022	339.9178246950032	15000.260608	cloud-23982	OUT OF MEMORY	392.576201334	340.49405394800124	15000.162304	cloud-23941
combinations/Problem05_label43+token_ring.07.cil-1.yml	true	OUT OF MEMORY	478.476011051	414.06152601100075	15000.043520	cloud-24259	OUT OF MEMORY	660.274844453	586.835872013995	15000.039424	cloud-23982	OUT OF MEMORY	510.067407223	439.1824805479846	15000.043520	cloud-23933
combinations/Problem05_label43+token_ring.07.cil-2.yml	false	OUT OF MEMORY	321.094096287	278.5749497800134	15000.166400	cloud-23942	OUT OF MEMORY	414.064809076	360.83312745098374	15000.031232	cloud-23979	OUT OF MEMORY	561.649089813	492.6109656940098	15000.043520	cloud-23980
combinations/Problem05_label43+token_ring.08.cil-1.yml	true	OUT OF MEMORY	337.809878664	294.5471664830111	15000.166400	cloud-23942	OUT OF MEMORY	492.926428136	428.79617170701385	15000.039424	cloud-23933	OUT OF MEMORY	641.279038107	574.392475539993	15000.039424	cloud-23980
combinations/Problem05_label43+token_ring.08.cil-2.yml	false	OUT OF MEMORY	334.476804176	291.1986594859627	15000.166400	cloud-23942	OUT OF MEMORY	387.23716056	335.25869031299953	15000.162304	cloud-23943	OUT OF MEMORY	432.024875863	374.868574417982	15000.166400	cloud-23939
combinations/Problem05_label43+token_ring.09.cil-1.yml	true	OUT OF MEMORY	375.640984415	328.89915356301935	15000.162304	cloud-23943	OUT OF MEMORY	554.466130696	488.55415483901743	15000.031232	cloud-23933	OUT OF MEMORY	562.005108346	496.6011202940135	15000.031232	cloud-23933
combinations/Problem05_label43+token_ring.09.cil-2.yml	false	OUT OF MEMORY	505.323664903	445.2836973889998	15000.039424	cloud-24259	OUT OF MEMORY	465.53000671	405.74389099300606	15000.039424	cloud-23979	OUT OF MEMORY	513.807789208	453.5593577489781	15000.043520	cloud-23979
combinations/Problem05_label43+token_ring.10.cil-1.yml	false	OUT OF MEMORY	355.279133728	313.3114411130082	15000.170496	cloud-23942	OUT OF MEMORY	550.176910946	487.07012296200264	15000.035328	cloud-23982	OUT OF MEMORY	552.491967414	487.05677520800964	15000.039424	cloud-23979
combinations/Problem05_label43+token_ring.10.cil-2.yml	true	OUT OF MEMORY	365.56637772	320.80878237704746	15000.170496	cloud-23944	OUT OF MEMORY	423.935228235	372.4585726369987	15000.154112	cloud-23940	OUT OF MEMORY	421.752627084	367.2663841310132	15000.166400	cloud-23941
combinations/Problem05_label43+token_ring.11.cil-1.yml	false	OUT OF MEMORY	375.686281922	329.98412598500727	15000.166400	cloud-23939	OUT OF MEMORY	388.893731593	341.50874111201847	15000.162304	cloud-23944	OUT OF MEMORY	592.957345859	524.5775703179825	15000.035328	cloud-23979
combinations/Problem05_label43+token_ring.11.cil-2.yml	true	OUT OF MEMORY	413.400012494	363.1349960140069	15000.154112	cloud-23939	OUT OF MEMORY	501.449186385	441.2637242189958	15000.039424	cloud-23979	OUT OF MEMORY	769.297217325	704.2092718829808	15000.043520	cloud-23980
combinations/Problem05_label43+token_ring.12.cil-1.yml	false	OUT OF MEMORY	442.029994135	394.20514203002676	15000.166400	cloud-23941	OUT OF MEMORY	544.566034964	487.93169028600096	15000.035328	cloud-23982	OUT OF MEMORY	583.423863246	521.8825490599847	15000.043520	cloud-23933
combinations/Problem05_label43+token_ring.12.cil-2.yml	true	OUT OF MEMORY	418.626779741	372.0671212199959	15000.166400	cloud-23939	OUT OF MEMORY	570.449310454	509.74823861100595	15000.031232	cloud-23933	OUT OF MEMORY	737.096418234	668.0371742800053	15000.023040	cloud-23933
combinations/Problem05_label43+token_ring.13.cil-1.yml	false	OUT OF MEMORY	443.350384205	396.1777639130014	15000.166400	cloud-23942	OUT OF MEMORY	437.340884072	395.8424682119803	15000.162304	cloud-23944	OUT OF MEMORY	624.337060717	554.345002445014	15000.035328	cloud-23979
combinations/Problem05_label43+token_ring.13.cil-2.yml	true	OUT OF MEMORY	452.309978089	404.3019469350111	15000.166400	cloud-23940	OUT OF MEMORY	462.358419068	409.9291473859921	15000.154112	cloud-23940	OUT OF MEMORY	839.045918438	767.0994982740085	15000.035328	cloud-23980
combinations/Problem05_label43+token_ring.14.cil.yml	false	OUT OF MEMORY	593.363372466	530.9790873369998	15000.043520	cloud-24259	OUT OF MEMORY	524.248622958	465.03550629899837	15000.035328	cloud-23980	OUT OF MEMORY	481.471163612	429.3056052569882	15000.162304	cloud-23939
combinations/Problem05_label43+token_ring.15.cil.yml	false	OUT OF MEMORY	479.470787837	431.76849830301944	15000.166400	cloud-23943	OUT OF MEMORY	684.117536745	622.4019640839833	15000.039424	cloud-23933	OUT OF MEMORY	490.256943095	439.2533460769919	15000.166400	cloud-23942
combinations/Problem05_label44+token_ring.01.cil-1.yml	false	OUT OF MEMORY	360.980455763	302.58430498300004	15000.043520	cloud-24259	OUT OF MEMORY	323.052447656	262.20296550900093	15000.031232	cloud-23933	OUT OF MEMORY	272.101757161	225.4016779930098	15000.154112	cloud-23943
combinations/Problem05_label44+token_ring.02.cil-1.yml	false	OUT OF MEMORY	261.589093724	219.1129579509725	15000.162304	cloud-23940	OUT OF MEMORY	369.1883747	307.2929115630104	15000.039424	cloud-23938	OUT OF MEMORY	529.504981337	460.52163335698424	15000.043520	cloud-23980
combinations/Problem05_label44+token_ring.03.cil-2.yml	false	OUT OF MEMORY	413.646346415	351.182613982	15000.043520	cloud-24259	OUT OF MEMORY	329.845825176	280.09674771199934	15000.039424	cloud-23979	OUT OF MEMORY	401.448034798	340.1663531069935	15000.043520	cloud-23979
combinations/Problem05_label44+token_ring.04.cil-1.yml	false	OUT OF MEMORY	271.914358454	231.1248954840121	15000.170496	cloud-23942	OUT OF MEMORY	356.190382602	297.92745686598937	15000.039424	cloud-23979	OUT OF MEMORY	296.851714409	253.90351900699898	15000.154112	cloud-23944
combinations/Problem05_label44+token_ring.05.cil-1.yml	false	OUT OF MEMORY	306.784258076	265.8009214939666	15000.166400	cloud-23940	OUT OF MEMORY	562.774070908	490.8015046049841	15000.035328	cloud-23938	OUT OF MEMORY	458.717767287	391.44401967697195	15000.043520	cloud-23933
combinations/Problem05_label44+token_ring.06.cil-2.yml	false	OUT OF MEMORY	368.302576812	321.0221992720035	15000.170496	cloud-23941	OUT OF MEMORY	406.76671303	349.66565104201436	15000.031232	cloud-23980	OUT OF MEMORY	640.730330766	561.4908116160077	15000.043520	cloud-23938
combinations/Problem05_label44+token_ring.07.cil-1.yml	false	OUT OF MEMORY	355.737824455	311.0727984379628	15000.166400	cloud-23943	OUT OF MEMORY	457.572268843	398.31003324099584	15000.039424	cloud-23938	OUT OF MEMORY	477.815029778	414.3764208149805	15000.023040	cloud-23979
combinations/Problem05_label44+token_ring.08.cil-1.yml	false	OUT OF MEMORY	702.794352126	624.0310597019998	15000.043520	cloud-23979	OUT OF MEMORY	520.752568421	462.675717672013	15000.031232	cloud-23980	OUT OF MEMORY	385.019159275	333.8594085079967	15000.154112	cloud-23942
combinations/Problem05_label44+token_ring.09.cil-1.yml	false	OUT OF MEMORY	350.342221162	308.87097448902205	15000.166400	cloud-23942	OUT OF MEMORY	676.116847	603.1193453239975	15000.035328	cloud-23938	OUT OF MEMORY	428.233040109	373.0670654179994	15000.145920	cloud-23941
combinations/Problem05_label44+token_ring.10.cil-2.yml	false	OUT OF MEMORY	495.174062158	438.5787656540051	15000.162304	cloud-23943	OUT OF MEMORY	370.593397794	323.88297041799524	15000.158208	cloud-23943	OUT OF MEMORY	422.070072191	371.73628058997565	15000.162304	cloud-23943
combinations/Problem05_label44+token_ring.11.cil-2.yml	false	OUT OF MEMORY	386.312541614	340.2572838739725	15000.162304	cloud-23944	OUT OF MEMORY	574.694813041	511.96495334699284	15000.031232	cloud-23979	OUT OF MEMORY	678.818423888	613.8117498020001	15000.043520	cloud-23980
combinations/Problem05_label44+token_ring.12.cil-2.yml	false	OUT OF MEMORY	677.665019254	599.7605715499958	15000.035328	cloud-23933	OUT OF MEMORY	502.687529319	447.01019458298106	15000.039424	cloud-23979	OUT OF MEMORY	458.959727237	407.3201670109993	15000.162304	cloud-23942
combinations/Problem05_label44+token_ring.13.cil-2.yml	false	OUT OF MEMORY	427.753530472	381.1591892379802	15000.162304	cloud-23939	OUT OF MEMORY	540.697340815	476.23555601300905	15000.039424	cloud-23933	OUT OF MEMORY	439.452150909	392.9379020849883	15000.166400	cloud-23944
combinations/Problem05_label45+token_ring.01.cil-1.yml	true	OUT OF MEMORY	390.329550659	329.88071878899973	15000.035328	cloud-24259	OUT OF MEMORY	281.106222177	232.84966378100216	15000.154112	cloud-23939	OUT OF MEMORY	290.825377026	244.72488926301594	15000.154112	cloud-23944
combinations/Problem05_label45+token_ring.01.cil-2.yml	false	OUT OF MEMORY	276.867374588	234.36594084801618	15000.170496	cloud-23939	OUT OF MEMORY	315.7464068	266.1434665719862	15000.039424	cloud-23933	OUT OF MEMORY	527.946523645	455.4473619470082	15000.039424	cloud-23933
combinations/Problem05_label45+token_ring.02.cil-1.yml	true	OUT OF MEMORY	310.220443132	260.15807718300493	15000.170496	cloud-23943	OUT OF MEMORY	368.272840231	304.8557955189899	15000.039424	cloud-23933	OUT OF MEMORY	336.485454488	285.4854310840019	15000.166400	cloud-23943
combinations/Problem05_label45+token_ring.02.cil-2.yml	false	OUT OF MEMORY	398.641193532	339.6674780760004	15000.043520	cloud-24259	OUT OF MEMORY	372.311692834	314.0018929139769	15000.039424	cloud-23980	OUT OF MEMORY	412.775237742	350.1708743510244	15000.031232	cloud-23933
combinations/Problem05_label45+token_ring.03.cil-1.yml	false	OUT OF MEMORY	265.156663459	222.9262850600062	15000.162304	cloud-23939	OUT OF MEMORY	295.863881946	248.1027741660073	15000.162304	cloud-23940	OUT OF MEMORY	496.957880927	427.3237255150161	15000.031232	cloud-23982
combinations/Problem05_label45+token_ring.03.cil-2.yml	true	OUT OF MEMORY	314.855749917	269.1138123109704	15000.166400	cloud-23943	OUT OF MEMORY	643.557542351	567.791905445978	15000.031232	cloud-23982	OUT OF MEMORY	470.912391038	404.30410983099137	15000.035328	cloud-23938
combinations/Problem05_label45+token_ring.04.cil-1.yml	true	OUT OF MEMORY	317.887055073	272.52188219700474	15000.162304	cloud-23944	OUT OF MEMORY	387.406042569	330.60862206600723	15000.039424	cloud-23938	OUT OF MEMORY	349.996898292	299.7221663539822	15000.145920	cloud-23942
combinations/Problem05_label45+token_ring.04.cil-2.yml	false	OUT OF MEMORY	278.25494834	237.14472997700796	15000.166400	cloud-23944	OUT OF MEMORY	446.04768143	378.46206267998787	15000.039424	cloud-23933	OUT OF MEMORY	311.687441639	263.54328160799923	15000.154112	cloud-23942
combinations/Problem05_label45+token_ring.05.cil-1.yml	true	OUT OF MEMORY	318.541608458	273.74732590001076	15000.162304	cloud-23941	OUT OF MEMORY	528.090532598	464.1928611159965	15000.039424	cloud-23980	OUT OF MEMORY	571.591814725	507.2966794570093	15000.027136	cloud-23980
combinations/Problem05_label45+token_ring.05.cil-2.yml	false	OUT OF MEMORY	304.727275039	259.90239830099745	15000.166400	cloud-23940	OUT OF MEMORY	400.766166313	342.77662837700336	15000.039424	cloud-23979	OUT OF MEMORY	480.768102992	414.15915460701217	15000.043520	cloud-23979
combinations/Problem05_label45+token_ring.06.cil-1.yml	false	OUT OF MEMORY	333.640181728	281.70198502001585	15000.162304	cloud-23939	OUT OF MEMORY	378.83495771	323.9888201459835	15000.162304	cloud-23939	OUT OF MEMORY	534.587689651	462.43852210999466	15000.043520	cloud-23979
combinations/Problem05_label45+token_ring.06.cil-2.yml	true	OUT OF MEMORY	326.876174251	280.4283392630168	15000.166400	cloud-23943	OUT OF MEMORY	424.02082951	369.29176271898905	15000.035328	cloud-23933	OUT OF MEMORY	493.677347366	426.647037926974	15000.043520	cloud-23979
combinations/Problem05_label45+token_ring.07.cil-1.yml	true	OUT OF MEMORY	326.153770301	281.0760227669962	15000.166400	cloud-23944	OUT OF MEMORY	358.643859943	311.12461097099003	15000.162304	cloud-23942	OUT OF MEMORY	593.891915627	520.5409486310091	15000.039424	cloud-23982
combinations/Problem05_label45+token_ring.07.cil-2.yml	false	OUT OF MEMORY	328.127928489	285.756433742994	15000.166400	cloud-23942	OUT OF MEMORY	428.86414037	371.1822222189803	15000.039424	cloud-23933	OUT OF MEMORY	382.949465781	329.8623438339855	15000.158208	cloud-23942
combinations/Problem05_label45+token_ring.08.cil-1.yml	true	OUT OF MEMORY	333.547987808	288.73103566502687	15000.166400	cloud-23939	OUT OF MEMORY	419.229103037	367.667755055998	15000.031232	cloud-23933	OUT OF MEMORY	577.836903764	507.7500676859927	15000.039424	cloud-23933
combinations/Problem05_label45+token_ring.08.cil-2.yml	false	OUT OF MEMORY	371.976298195	325.0856670750072	15000.166400	cloud-23941	OUT OF MEMORY	481.902171033	423.81543235998834	15000.035328	cloud-23938	OUT OF MEMORY	369.486742107	319.444224345003	15000.162304	cloud-23943
combinations/Problem05_label45+token_ring.09.cil-1.yml	true	OUT OF MEMORY	386.555090316	339.7740510510048	15000.166400	cloud-23939	OUT OF MEMORY	460.300377794	400.6280072569789	15000.035328	cloud-23979	OUT OF MEMORY	662.716320341	585.0499702410016	15000.031232	cloud-23938
combinations/Problem05_label45+token_ring.09.cil-2.yml	false	OUT OF MEMORY	364.873435492	319.22421618102817	15000.162304	cloud-23944	OUT OF MEMORY	519.397499304	454.0936019469809	15000.027136	cloud-23982	OUT OF MEMORY	643.964112665	564.1655663580168	15000.195072	cloud-23938
combinations/Problem05_label45+token_ring.10.cil-1.yml	false	OUT OF MEMORY	436.488309858	388.1701490409905	15000.170496	cloud-23943	OUT OF MEMORY	639.106186896	562.8228206339991	15000.035328	cloud-23938	OUT OF MEMORY	685.76966378	609.5528411350097	15000.035328	cloud-23938
combinations/Problem05_label45+token_ring.10.cil-2.yml	true	OUT OF MEMORY	592.91486966	531.026450426998	15000.043520	cloud-23979	OUT OF MEMORY	713.178590677	648.9310806760041	15000.039424	cloud-23980	OUT OF MEMORY	530.366937774	470.8254746670136	15000.031232	cloud-23979
combinations/Problem05_label45+token_ring.11.cil-1.yml	false	OUT OF MEMORY	387.580406074	342.7518798739766	15000.162304	cloud-23942	OUT OF MEMORY	507.024825278	450.54697234599735	15000.035328	cloud-23979	OUT OF MEMORY	542.991342166	480.1366786819999	15000.035328	cloud-23933
combinations/Problem05_label45+token_ring.11.cil-2.yml	true	OUT OF MEMORY	388.788843118	342.68457998498343	15000.162304	cloud-23944	OUT OF MEMORY	544.281477559	482.7297590679955	15000.039424	cloud-23980	OUT OF MEMORY	460.586063881	404.4098345449893	15000.154112	cloud-23941
combinations/Problem05_label45+token_ring.12.cil-1.yml	false	OUT OF MEMORY	418.380786414	371.818306422967	15000.166400	cloud-23944	OUT OF MEMORY	580.594580558	523.0696438369923	15000.031232	cloud-23980	OUT OF MEMORY	739.160702361	668.8786299389903	15000.039424	cloud-23980
combinations/Problem05_label45+token_ring.12.cil-2.yml	true	OUT OF MEMORY	713.751084976	644.9730554439993	15000.043520	cloud-23979	OUT OF MEMORY	643.642812555	582.7435977519781	15000.031232	cloud-23933	OUT OF MEMORY	425.041391442	379.9809402259998	15000.158208	cloud-23944
combinations/Problem05_label45+token_ring.13.cil-1.yml	false	OUT OF MEMORY	688.136814077	619.4325598120004	15000.039424	cloud-24259	OUT OF MEMORY	628.979375116	567.7730535019946	15000.039424	cloud-23938	OUT OF MEMORY	816.143778275	727.1870389950054	15000.043520	cloud-23982
combinations/Problem05_label45+token_ring.13.cil-2.yml	true	OUT OF MEMORY	437.363532002	390.75305481400574	15000.166400	cloud-23941	OUT OF MEMORY	515.779335498	466.1257058059855	15000.039424	cloud-23979	OUT OF MEMORY	794.095205126	728.9325588459906	15000.039424	cloud-23980
combinations/Problem05_label45+token_ring.14.cil.yml	false	OUT OF MEMORY	403.104803912	353.46285918797366	15000.158208	cloud-23939	OUT OF MEMORY	576.650382704	514.0624802199891	15000.039424	cloud-23980	OUT OF MEMORY	406.188816904	363.4754300400091	15000.158208	cloud-23942
combinations/Problem05_label45+token_ring.15.cil.yml	false	OUT OF MEMORY	462.082337713	414.8761160580325	15000.170496	cloud-23941	OUT OF MEMORY	506.496959558	455.1120495419891	15000.039424	cloud-23933	OUT OF MEMORY	661.627513676	593.0827717719949	15000.035328	cloud-23979
combinations/Problem05_label46+token_ring.01.cil-1.yml	true	OUT OF MEMORY	526.369840425	456.18848839100247	15000.043520	cloud-23933	OUT OF MEMORY	352.678278131	295.36772041700897	15000.039424	cloud-23938	OUT OF MEMORY	333.286687133	283.86900450100075	15000.154112	cloud-23942
combinations/Problem05_label46+token_ring.01.cil-2.yml	false	OUT OF MEMORY	290.025893218	245.77698672597762	15000.166400	cloud-23942	OUT OF MEMORY	298.693864466	250.74439495999832	15000.162304	cloud-23940	OUT OF MEMORY	498.938709526	436.08955715299817	15000.043520	cloud-23980
combinations/Problem05_label46+token_ring.02.cil-1.yml	true	OUT OF MEMORY	255.39961558	215.46228331996826	15000.162304	cloud-23942	OUT OF MEMORY	322.549313904	274.84518769799615	15000.158208	cloud-23939	OUT OF MEMORY	458.932414699	387.9479518820008	15000.031232	cloud-23982
combinations/Problem05_label46+token_ring.02.cil-2.yml	false	OUT OF MEMORY	317.372757164	269.6148746419931	15000.170496	cloud-23941	OUT OF MEMORY	484.790604612	422.893763872009	15000.035328	cloud-23982	OUT OF MEMORY	278.282775663	229.01661671401234	15000.166400	cloud-23943
combinations/Problem05_label46+token_ring.03.cil-1.yml	false	OUT OF MEMORY	462.211542395	392.49734765500034	15000.035328	cloud-24259	OUT OF MEMORY	418.879659896	356.9372735180077	15000.039424	cloud-23979	OUT OF MEMORY	513.943065907	451.426242053014	15000.043520	cloud-23980
combinations/Problem05_label46+token_ring.03.cil-2.yml	true	OUT OF MEMORY	518.911700024	456.44431352799984	15000.039424	cloud-23979	OUT OF MEMORY	311.518685642	266.60114363298635	15000.162304	cloud-23944	OUT OF MEMORY	470.357614769	408.9649695660046	15000.031232	cloud-23980
combinations/Problem05_label46+token_ring.04.cil-1.yml	true	OUT OF MEMORY	389.599097792	327.0758177970001	15000.043520	cloud-24259	OUT OF MEMORY	373.826006701	318.1913928910217	15000.035328	cloud-23979	OUT OF MEMORY	342.730938129	292.9331175700063	15000.158208	cloud-23939
combinations/Problem05_label46+token_ring.04.cil-2.yml	false	OUT OF MEMORY	323.780656182	280.47984673804604	15000.166400	cloud-23942	OUT OF MEMORY	295.643756899	249.004481535987	15000.158208	cloud-23943	OUT OF MEMORY	503.602350278	434.63583644799655	15000.039424	cloud-23933
combinations/Problem05_label46+token_ring.05.cil-1.yml	true	OUT OF MEMORY	527.002065019	457.3085509010052	15000.047616	cloud-23933	OUT OF MEMORY	415.458515409	364.79543980699964	15000.039424	cloud-23980	OUT OF MEMORY	336.636829008	286.04703591400175	15000.166400	cloud-23943
combinations/Problem05_label46+token_ring.05.cil-2.yml	false	OUT OF MEMORY	564.944109508	491.1666255550008	15000.027136	cloud-23979	OUT OF MEMORY	426.675222013	366.2251332899905	15000.035328	cloud-23982	OUT OF MEMORY	364.180404648	310.2547931089939	15000.158208	cloud-23941
combinations/Problem05_label46+token_ring.06.cil-1.yml	false	OUT OF MEMORY	376.10367766	324.94516447995557	15000.166400	cloud-23940	OUT OF MEMORY	395.341242618	338.0030734500033	15000.039424	cloud-23933	OUT OF MEMORY	397.303401752	342.88985907897586	15000.154112	cloud-23941
combinations/Problem05_label46+token_ring.06.cil-2.yml	true	OUT OF MEMORY	298.738148436	255.31652366998605	15000.170496	cloud-23939	OUT OF MEMORY	486.165091518	422.69464652700117	15000.039424	cloud-23938	OUT OF MEMORY	595.952866538	516.8753589919943	15000.031232	cloud-23982
combinations/Problem05_label46+token_ring.07.cil-1.yml	true	OUT OF MEMORY	333.807977119	290.30086780001875	15000.162304	cloud-23942	OUT OF MEMORY	491.012348522	432.910916074994	15000.039424	cloud-23982	OUT OF MEMORY	516.82851025	449.850830106996	15000.031232	cloud-23980
combinations/Problem05_label46+token_ring.07.cil-2.yml	false	OUT OF MEMORY	610.89301421	544.2069873100045	15000.035328	cloud-23979	OUT OF MEMORY	423.097942943	367.59603119199164	15000.035328	cloud-23979	OUT OF MEMORY	517.334460061	449.9621081239893	15000.039424	cloud-23979
combinations/Problem05_label46+token_ring.08.cil-1.yml	true	OUT OF MEMORY	385.260733409	333.7700383050251	15000.166400	cloud-23943	OUT OF MEMORY	564.687985159	498.34660656700726	15000.035328	cloud-23938	OUT OF MEMORY	548.900931714	479.75004050999996	15000.035328	cloud-23982
combinations/Problem05_label46+token_ring.08.cil-2.yml	false	OUT OF MEMORY	364.932727147	317.90988043596735	15000.162304	cloud-23941	OUT OF MEMORY	387.774512816	338.64911942899926	15000.158208	cloud-23940	OUT OF MEMORY	380.655261648	327.9652771939873	15000.166400	cloud-23940
combinations/Problem05_label46+token_ring.09.cil-1.yml	true	OUT OF MEMORY	340.317656556	299.6488956430112	15000.154112	cloud-23942	OUT OF MEMORY	501.194430468	436.1136290229915	15000.031232	cloud-23982	OUT OF MEMORY	514.005395427	452.7181335990026	15000.043520	cloud-23979
combinations/Problem05_label46+token_ring.09.cil-2.yml	false	OUT OF MEMORY	356.697343064	312.43849005998345	15000.162304	cloud-23939	OUT OF MEMORY	458.564532326	405.12278286900255	15000.035328	cloud-23979	OUT OF MEMORY	422.152613183	370.7088244369952	15000.166400	cloud-23941
combinations/Problem05_label46+token_ring.10.cil-1.yml	false	OUT OF MEMORY	372.569265696	326.61979253502795	15000.170496	cloud-23944	OUT OF MEMORY	485.668703402	426.35596385601093	15000.031232	cloud-23938	OUT OF MEMORY	691.819346579	610.7460697700153	15000.043520	cloud-23938
combinations/Problem05_label46+token_ring.10.cil-2.yml	true	OUT OF MEMORY	369.873007222	325.9250058649923	15000.162304	cloud-23939	OUT OF MEMORY	469.491910683	411.36788927498856	15000.035328	cloud-23982	OUT OF MEMORY	411.327473457	357.26364045598893	15000.162304	cloud-23940
combinations/Problem05_label46+token_ring.11.cil-1.yml	false	OUT OF MEMORY	383.380705997	341.48111916403286	15000.166400	cloud-23942	OUT OF MEMORY	504.300793788	441.8649134770094	15000.039424	cloud-23982	OUT OF MEMORY	550.875322921	484.3493272929918	15000.031232	cloud-23979
combinations/Problem05_label46+token_ring.11.cil-2.yml	true	OUT OF MEMORY	377.343217437	331.0683514510165	15000.170496	cloud-23939	OUT OF MEMORY	500.537403351	442.2548225579958	15000.035328	cloud-23933	OUT OF MEMORY	446.476642304	393.026433246996	15000.158208	cloud-23941
combinations/Problem05_label46+token_ring.12.cil-1.yml	false	OUT OF MEMORY	392.701899887	346.9717901510303	15000.162304	cloud-23939	OUT OF MEMORY	537.953519725	482.96827037099865	15000.039424	cloud-23980	OUT OF MEMORY	718.758645106	651.6481184200093	15000.039424	cloud-23980
combinations/Problem05_label46+token_ring.12.cil-2.yml	true	OUT OF MEMORY	446.963088442	400.35710933001246	15000.170496	cloud-23941	OUT OF MEMORY	706.339123761	631.8291040390031	15000.039424	cloud-23982	OUT OF MEMORY	466.031333115	410.8985924370063	15000.158208	cloud-23941
combinations/Problem05_label46+token_ring.13.cil-1.yml	false	OUT OF MEMORY	710.945426868	641.6578933980054	15000.043520	cloud-23933	OUT OF MEMORY	595.815018854	534.6297884609958	15000.039424	cloud-23933	OUT OF MEMORY	470.526529628	418.58061709301546	15000.145920	cloud-23943
combinations/Problem05_label46+token_ring.13.cil-2.yml	true	OUT OF MEMORY	417.446763761	375.9895404459676	15000.166400	cloud-23942	OUT OF MEMORY	755.952565106	687.1458275279729	15000.039424	cloud-23982	OUT OF MEMORY	687.743161881	621.3120684270107	15000.031232	cloud-23979
combinations/Problem05_label46+token_ring.14.cil.yml	false	OUT OF MEMORY	425.216064315	376.6226568479906	15000.166400	cloud-23941	OUT OF MEMORY	454.948633002	401.04985875601415	15000.158208	cloud-23942	OUT OF MEMORY	442.321015691	390.9381252300227	15000.166400	cloud-23943
combinations/Problem05_label46+token_ring.15.cil.yml	false	OUT OF MEMORY	725.807724351	655.716164508005	15000.043520	cloud-23933	OUT OF MEMORY	815.160815209	738.0550575119851	15000.035328	cloud-23982	OUT OF MEMORY	896.688510813	813.5993627790012	15000.043520	cloud-23938
combinations/Problem05_label47+token_ring.01.cil-1.yml	false	OUT OF MEMORY	255.360131843	209.36575598997297	15000.166400	cloud-23943	OUT OF MEMORY	323.843581523	269.57659403499565	15000.039424	cloud-23980	OUT OF MEMORY	349.449530987	296.57588962098816	15000.150016	cloud-23941
combinations/Problem05_label47+token_ring.02.cil-1.yml	false	OUT OF MEMORY	257.50518539	216.42219490703428	15000.166400	cloud-23942	OUT OF MEMORY	326.558081299	272.93511254299665	15000.039424	cloud-23980	OUT OF MEMORY	294.559465978	248.50022721698042	15000.162304	cloud-23942
combinations/Problem05_label47+token_ring.03.cil-2.yml	false	OUT OF MEMORY	472.210940969	405.659204339001	15000.043520	cloud-23933	OUT OF MEMORY	317.934616653	267.5257278670033	15000.158208	cloud-23943	OUT OF MEMORY	449.535533576	386.56915427499916	15000.035328	cloud-23933
combinations/Problem05_label47+token_ring.04.cil-1.yml	false	OUT OF MEMORY	407.200194278	348.65245188799963	15000.035328	cloud-24259	OUT OF MEMORY	594.285840583	524.4200287739804	15000.035328	cloud-23982	OUT OF MEMORY	425.330058185	361.51809326800867	15000.027136	cloud-23979
combinations/Problem05_label47+token_ring.05.cil-1.yml	false	OUT OF MEMORY	349.531016101	302.52706361201126	15000.162304	cloud-23941	OUT OF MEMORY	349.682269314	302.0369731870014	15000.154112	cloud-23940	OUT OF MEMORY	665.841362112	593.6279714990233	15000.039424	cloud-23938
combinations/Problem05_label47+token_ring.06.cil-2.yml	false	OUT OF MEMORY	306.702152254	262.15161541698035	15000.158208	cloud-23944	OUT OF MEMORY	437.828054614	375.4498159440118	15000.039424	cloud-23979	OUT OF MEMORY	349.445296346	301.45360125400475	15000.158208	cloud-23943
combinations/Problem05_label47+token_ring.07.cil-1.yml	false	OUT OF MEMORY	346.655622694	299.0406530559994	15000.170496	cloud-23943	OUT OF MEMORY	390.763134717	339.4974680310115	15000.039424	cloud-23979	OUT OF MEMORY	335.837734785	292.36880201200256	15000.162304	cloud-23944
combinations/Problem05_label47+token_ring.08.cil-1.yml	false	OUT OF MEMORY	334.029928774	290.2202412679908	15000.166400	cloud-23942	OUT OF MEMORY	521.08108475	454.0607408199867	15000.035328	cloud-23933	OUT OF MEMORY	538.95798459	470.37341347601614	15000.031232	cloud-23933
combinations/Problem05_label47+token_ring.09.cil-1.yml	false	OUT OF MEMORY	372.261696569	328.2663542230148	15000.162304	cloud-23943	OUT OF MEMORY	489.332051671	430.3245193549956	15000.039424	cloud-23938	OUT OF MEMORY	661.808139829	592.5119587939989	15000.035328	cloud-23980
combinations/Problem05_label47+token_ring.10.cil-2.yml	false	OUT OF MEMORY	368.217306065	328.0228052929742	15000.166400	cloud-23942	OUT OF MEMORY	402.821202034	354.13051327099674	15000.162304	cloud-23942	OUT OF MEMORY	384.188349886	336.5389760929975	15000.166400	cloud-23944
combinations/Problem05_label47+token_ring.11.cil-2.yml	false	OUT OF MEMORY	399.04767737	352.3262059609988	15000.162304	cloud-23940	OUT OF MEMORY	701.850576198	628.5924277720042	15000.027136	cloud-23982	OUT OF MEMORY	457.567518077	402.8577210229996	15000.158208	cloud-23940
combinations/Problem05_label47+token_ring.12.cil-2.yml	false	OUT OF MEMORY	409.963878768	363.9023969510454	15000.170496	cloud-23940	OUT OF MEMORY	718.503314772	646.595904042013	15000.039424	cloud-23982	OUT OF MEMORY	720.458838651	658.212377866992	15000.035328	cloud-23980
combinations/Problem05_label47+token_ring.13.cil-2.yml	false	OUT OF MEMORY	604.55147957	542.9233372850001	15000.043520	cloud-24259	OUT OF MEMORY	596.567245825	531.3955442279985	15000.039424	cloud-23979	OUT OF MEMORY	453.008008733	403.2655866529967	15000.154112	cloud-23943
combinations/Problem05_label48+token_ring.01.cil-1.yml	false	OUT OF MEMORY	285.931490621	238.54569770698436	15000.162304	cloud-23940	OUT OF MEMORY	410.500373933	351.9991280910035	15000.031232	cloud-23933	OUT OF MEMORY	302.167684643	250.5011106870079	15000.154112	cloud-23939
combinations/Problem05_label48+token_ring.02.cil-1.yml	false	OUT OF MEMORY	271.590608448	228.37518007698236	15000.162304	cloud-23940	OUT OF MEMORY	371.976814876	313.3619184619747	15000.039424	cloud-23933	OUT OF MEMORY	324.941773425	273.75390118401265	15000.145920	cloud-23941
combinations/Problem05_label48+token_ring.03.cil-2.yml	false	OUT OF MEMORY	309.371398109	264.3895308840438	15000.166400	cloud-23941	OUT OF MEMORY	406.108238458	346.6540134839888	15000.035328	cloud-23938	OUT OF MEMORY	571.395839346	496.7260467329761	15000.035328	cloud-23982
combinations/Problem05_label48+token_ring.04.cil-1.yml	false	OUT OF MEMORY	280.441122841	237.8097226890386	15000.170496	cloud-23942	OUT OF MEMORY	447.007403278	391.9506907360046	15000.027136	cloud-23980	OUT OF MEMORY	454.071392573	385.66768692201003	15000.039424	cloud-23938
combinations/Problem05_label48+token_ring.05.cil-1.yml	false	OUT OF MEMORY	289.420999093	248.47336226701736	15000.166400	cloud-23942	OUT OF MEMORY	496.809084172	431.3333367750165	15000.039424	cloud-23980	OUT OF MEMORY	471.039337649	404.6474237579969	15000.039424	cloud-23933
combinations/Problem05_label48+token_ring.06.cil-2.yml	false	OUT OF MEMORY	345.786556787	299.7659919610014	15000.170496	cloud-23944	OUT OF MEMORY	542.481904755	487.29642597201746	15000.039424	cloud-23980	OUT OF MEMORY	380.587788357	328.6791105380107	15000.150016	cloud-23943
combinations/Problem05_label48+token_ring.07.cil-1.yml	false	OUT OF MEMORY	365.063468688	313.0967955539818	15000.166400	cloud-23940	OUT OF MEMORY	347.014510655	298.517419729993	15000.154112	cloud-23940	OUT OF MEMORY	348.974809343	305.4774281590071	15000.162304	cloud-23944
combinations/Problem05_label48+token_ring.08.cil-1.yml	false	OUT OF MEMORY	398.668584694	349.2430148610147	15000.166400	cloud-23940	OUT OF MEMORY	471.818856929	416.62996397100505	15000.039424	cloud-23980	OUT OF MEMORY	374.12480617	321.7078946850088	15000.166400	cloud-23941
combinations/Problem05_label48+token_ring.09.cil-1.yml	false	OUT OF MEMORY	341.527264428	296.12810668197926	15000.170496	cloud-23939	OUT OF MEMORY	429.190525409	372.020225026994	15000.039424	cloud-23933	OUT OF MEMORY	415.407058808	363.20585819598637	15000.162304	cloud-23942
combinations/Problem05_label48+token_ring.10.cil-2.yml	false	OUT OF MEMORY	727.321117149	659.3186961089996	15000.043520	cloud-23979	OUT OF MEMORY	540.015232155	485.88063226800296	15000.035328	cloud-23980	OUT OF MEMORY	554.228580901	489.42690608502016	15000.035328	cloud-23979
combinations/Problem05_label48+token_ring.11.cil-2.yml	false	OUT OF MEMORY	399.984334419	354.114329337026	15000.170496	cloud-23942	OUT OF MEMORY	512.494933693	452.4510631149751	15000.035328	cloud-23980	OUT OF MEMORY	551.211494256	488.8775538140035	15000.035328	cloud-23979
combinations/Problem05_label48+token_ring.12.cil-2.yml	false	OUT OF MEMORY	427.26237329	381.1026919640135	15000.166400	cloud-23939	OUT OF MEMORY	619.760467596	555.3979705650127	15000.039424	cloud-23933	OUT OF MEMORY	423.751909085	377.75016192000476	15000.162304	cloud-23944
combinations/Problem05_label48+token_ring.13.cil-2.yml	false	OUT OF MEMORY	690.645386951	619.175375623001	15000.043520	cloud-23933	OUT OF MEMORY	516.020109415	463.55508026998723	15000.031232	cloud-23933	OUT OF MEMORY	672.707189021	604.9594485110138	15000.043520	cloud-23933
combinations/Problem05_label49+token_ring.01.cil-1.yml	true	OUT OF MEMORY	262.815136481	215.41531202895567	15000.170496	cloud-23943	OUT OF MEMORY	494.685277317	431.56891352901584	15000.031232	cloud-23980	OUT OF MEMORY	489.048839015	420.5456303039973	15000.031232	cloud-23938
combinations/Problem05_label49+token_ring.01.cil-2.yml	false	OUT OF MEMORY	477.82738568	412.7214552239966	15000.039424	cloud-23979	OUT OF MEMORY	369.887690021	311.13351077600964	15000.035328	cloud-23979	OUT OF MEMORY	490.073240748	424.3445388560067	15000.039424	cloud-23980
combinations/Problem05_label49+token_ring.02.cil-1.yml	true	OUT OF MEMORY	421.93948631	363.63007556200046	15000.043520	cloud-23933	OUT OF MEMORY	328.954583715	275.6057305109862	15000.031232	cloud-23933	OUT OF MEMORY	339.50643029	286.45191218098626	15000.154112	cloud-23942
combinations/Problem05_label49+token_ring.02.cil-2.yml	false	OUT OF MEMORY	257.803912117	214.95173069898738	15000.166400	cloud-23939	OUT OF MEMORY	355.580352287	300.1138061500096	15000.035328	cloud-23982	OUT OF MEMORY	347.399739047	292.4621247180039	15000.035328	cloud-23933
combinations/Problem05_label49+token_ring.03.cil-1.yml	false	OUT OF MEMORY	307.01944528	257.52270568796666	15000.166400	cloud-23940	OUT OF MEMORY	406.588572785	340.62985146799474	15000.035328	cloud-23979	OUT OF MEMORY	556.247424599	478.5934813079948	15000.031232	cloud-23933
combinations/Problem05_label49+token_ring.03.cil-2.yml	true	OUT OF MEMORY	520.735713568	449.31237882599817	15000.035328	cloud-23979	OUT OF MEMORY	344.320114537	292.5963066609984	15000.035328	cloud-23979	OUT OF MEMORY	353.311841557	298.86741120999795	15000.162304	cloud-23943
combinations/Problem05_label49+token_ring.04.cil-1.yml	true	OUT OF MEMORY	284.301383892	239.6359655940323	15000.170496	cloud-23943	OUT OF MEMORY	365.63767819	313.26746014499804	15000.031232	cloud-23980	OUT OF MEMORY	444.2418136	378.62217444201815	15000.031232	cloud-23979
combinations/Problem05_label49+token_ring.04.cil-2.yml	false	OUT OF MEMORY	423.700082559	355.78446627800076	15000.039424	cloud-24259	OUT OF MEMORY	542.649269535	467.89216067901	15000.039424	cloud-23938	OUT OF MEMORY	507.392019433	436.5172670900065	15000.031232	cloud-23938
combinations/Problem05_label49+token_ring.05.cil-1.yml	true	OUT OF MEMORY	292.661838281	249.9001133699785	15000.170496	cloud-23942	OUT OF MEMORY	389.66626624	330.7003456680104	15000.039424	cloud-23979	OUT OF MEMORY	508.232865922	443.53879377100384	15000.043520	cloud-23979
combinations/Problem05_label49+token_ring.05.cil-2.yml	false	OUT OF MEMORY	306.784449965	260.39317987899994	15000.166400	cloud-23944	OUT OF MEMORY	532.946090566	463.9026809060015	15000.039424	cloud-23982	OUT OF MEMORY	339.208398449	286.69349366999813	15000.158208	cloud-23939
combinations/Problem05_label49+token_ring.06.cil-1.yml	false	OUT OF MEMORY	457.760126981	395.99897364899516	15000.035328	cloud-24259	OUT OF MEMORY	421.088121652	365.90132447401993	15000.039424	cloud-23933	OUT OF MEMORY	352.024211859	301.97424059399054	15000.150016	cloud-23940
combinations/Problem05_label49+token_ring.06.cil-2.yml	true	OUT OF MEMORY	560.111764571	497.322320387997	15000.035328	cloud-23979	OUT OF MEMORY	362.712065521	310.30243235701346	15000.162304	cloud-23941	OUT OF MEMORY	393.346639595	340.88374134901096	15000.154112	cloud-23942
combinations/Problem05_label49+token_ring.07.cil-1.yml	true	OUT OF MEMORY	487.049330872	424.3064714919997	15000.043520	cloud-24259	OUT OF MEMORY	346.509200623	297.99885361501947	15000.162304	cloud-23943	OUT OF MEMORY	373.761366261	323.5573485510249	15000.154112	cloud-23940
combinations/Problem05_label49+token_ring.07.cil-2.yml	false	OUT OF MEMORY	361.52975844	310.8107221859973	15000.162304	cloud-23944	OUT OF MEMORY	436.335483084	376.7924638100085	15000.039424	cloud-23938	OUT OF MEMORY	630.50092985	555.2791161459754	15000.043520	cloud-23938
combinations/Problem05_label49+token_ring.08.cil-1.yml	true	OUT OF MEMORY	329.31630595	287.08786692202557	15000.166400	cloud-23942	OUT OF MEMORY	399.822274601	348.18449515799875	15000.162304	cloud-23944	OUT OF MEMORY	366.940512897	319.0642644360196	15000.162304	cloud-23943
combinations/Problem05_label49+token_ring.08.cil-2.yml	false	OUT OF MEMORY	346.422186324	299.9035728449817	15000.166400	cloud-23940	OUT OF MEMORY	421.89498412	365.48063232397544	15000.039424	cloud-23982	OUT OF MEMORY	632.161454544	553.3799713419867	15000.043520	cloud-23938
combinations/Problem05_label49+token_ring.09.cil-1.yml	true	OUT OF MEMORY	347.163068682	302.2278340960038	15000.166400	cloud-23939	OUT OF MEMORY	491.589687313	437.2417798990209	15000.039424	cloud-23938	OUT OF MEMORY	371.898460235	325.597514270019	15000.154112	cloud-23944
combinations/Problem05_label49+token_ring.09.cil-2.yml	false	OUT OF MEMORY	421.298819661	371.04138661996694	15000.162304	cloud-23943	OUT OF MEMORY	408.37231215	353.1664349119819	15000.158208	cloud-23941	OUT OF MEMORY	359.455625369	316.6535407959891	15000.162304	cloud-23944
combinations/Problem05_label49+token_ring.10.cil-1.yml	false	OUT OF MEMORY	412.461306278	364.3093430059962	15000.166400	cloud-23941	OUT OF MEMORY	469.208393717	412.1984512739873	15000.035328	cloud-23980	OUT OF MEMORY	677.162157245	610.546281841991	15000.043520	cloud-23980
combinations/Problem05_label49+token_ring.10.cil-2.yml	true	OUT OF MEMORY	386.339369763	340.83526784501737	15000.162304	cloud-23942	OUT OF MEMORY	530.567214237	469.30334472298273	15000.035328	cloud-23979	OUT OF MEMORY	388.433899222	342.8962903940119	15000.162304	cloud-23944
combinations/Problem05_label49+token_ring.11.cil-1.yml	false	OUT OF MEMORY	660.000724092	586.6885214930007	15000.039424	cloud-23933	OUT OF MEMORY	414.945996212	366.38909259598586	15000.162304	cloud-23944	OUT OF MEMORY	653.880668502	578.7732379679801	15000.018944	cloud-23938
combinations/Problem05_label49+token_ring.11.cil-2.yml	true	OUT OF MEMORY	675.03304998	603.8436551949999	15000.256512	cloud-24259	OUT OF MEMORY	408.512133775	359.20228844400845	15000.158208	cloud-23944	OUT OF MEMORY	661.335967753	582.4669313620252	15000.031232	cloud-23938
combinations/Problem05_label49+token_ring.12.cil-1.yml	false	OUT OF MEMORY	414.579745235	367.66740334703354	15000.170496	cloud-23940	OUT OF MEMORY	552.840915995	496.4216559740016	15000.035328	cloud-23933	OUT OF MEMORY	498.478797462	443.6757477069914	15000.150016	cloud-23939
combinations/Problem05_label49+token_ring.12.cil-2.yml	true	OUT OF MEMORY	419.694372564	372.60858217900386	15000.166400	cloud-23940	OUT OF MEMORY	695.034538118	621.5363544440188	15000.039424	cloud-23933	OUT OF MEMORY	694.364713017	629.196850118984	15000.043520	cloud-23980
combinations/Problem05_label49+token_ring.13.cil-1.yml	false	OUT OF MEMORY	481.229427651	428.6465609470033	15000.166400	cloud-23939	OUT OF MEMORY	621.459240555	548.7263562729931	15000.035328	cloud-23933	OUT OF MEMORY	708.400524298	643.3176305759989	15000.043520	cloud-23979
combinations/Problem05_label49+token_ring.13.cil-2.yml	true	OUT OF MEMORY	422.664517457	380.09141514095245	15000.170496	cloud-23942	OUT OF MEMORY	523.293791405	467.08735703799175	15000.039424	cloud-23938	OUT OF MEMORY	473.297999687	421.37158856197493	15000.158208	cloud-23942
combinations/Problem05_label49+token_ring.14.cil.yml	false	OUT OF MEMORY	437.103046067	388.40329121402465	15000.170496	cloud-23941	OUT OF MEMORY	577.07148814	517.7899582109821	15000.031232	cloud-23938	OUT OF MEMORY	794.081615378	720.1057691470196	15000.031232	cloud-23982
combinations/Problem05_label49+token_ring.15.cil.yml	false	OUT OF MEMORY	714.587377183	646.689276709003	15000.031232	cloud-23933	OUT OF MEMORY	592.17679342	524.0898709580069	15000.039424	cloud-23933	OUT OF MEMORY	867.472914751	781.0355087210191	15000.031232	cloud-23933
combinations/gcd_1+newton_1_1.yml	true	TIMEOUT	990.645284508	976.7265413570021	5111.009280	cloud-23933	TIMEOUT	990.51319802	977.731834080012	2844.323840	cloud-23933	TIMEOUT	990.874023702	980.4800479620171	5047.590912	cloud-23980
combinations/gcd_1+newton_1_2.yml	true	TIMEOUT	990.733422583	974.4425643899995	4942.340096	cloud-24259	TIMEOUT	990.590264001	977.3119757719978	2814.447616	cloud-23982	TIMEOUT	991.076615154	975.4038458949944	4913.840128	cloud-23982
combinations/gcd_1+newton_1_3.yml	true	TIMEOUT	990.756730826	975.0513921620004	4628.381696	cloud-24259	TIMEOUT	990.452484456	975.8509102060052	2835.652608	cloud-23933	TIMEOUT	990.826538527	973.0884970379993	4822.441984	cloud-23933
combinations/gcd_1+newton_1_4.yml	false	TIMEOUT	990.497096483	977.1523344810121	4686.909440	cloud-23944	TIMEOUT	990.677322358	978.2649877049844	2943.545344	cloud-23933	TIMEOUT	990.75081754	978.330115231016	4578.975744	cloud-23980
combinations/gcd_1+newton_1_5.yml	false	TIMEOUT	990.82936219	975.1337221940012	4810.571776	cloud-24259	TIMEOUT	990.590703798	978.1206474510254	2854.567936	cloud-23938	TIMEOUT	990.821075121	976.9462983229896	5142.859776	cloud-23933
combinations/gcd_1+newton_1_6.yml	false	TIMEOUT	990.873102245	975.6877875940045	4201.869312	cloud-23933	TIMEOUT	990.607410344	976.3026038039825	2820.308992	cloud-23938	TIMEOUT	990.647174519	978.3725884729938	4493.357056	cloud-23980
combinations/gcd_1+newton_1_7.yml	false	TIMEOUT	990.392069451	974.5984296949973	1529.569280	cloud-23933	TIMEOUT	990.613109073	975.7433709469915	2821.840896	cloud-23938	TIMEOUT	990.538187809	980.4584036500019	3963.424768	cloud-23980
combinations/gcd_1+newton_1_8.yml	false	TIMEOUT	990.515562357	973.085528788004	2149.236736	cloud-24259	TIMEOUT	990.45475241	978.7716280440218	2873.843712	cloud-23980	TIMEOUT	990.900845302	975.6464010050113	4471.005184	cloud-23938
combinations/gcd_1+newton_2_1.yml	true	TIMEOUT	990.484589806	976.844650412997	1876.185088	cloud-23979	TIMEOUT	990.746548917	976.4130018770229	4809.293824	cloud-23979	TIMEOUT	990.506851053	976.8533214750059	2198.958080	cloud-23982
combinations/gcd_1+newton_2_2.yml	true	TIMEOUT	990.380616993	978.3533388649994	1797.971968	cloud-24259	TIMEOUT	990.905660583	977.1305298719963	4794.114048	cloud-23938	TIMEOUT	990.859755329	977.81726969601	5501.861888	cloud-23933
combinations/gcd_1+newton_2_3.yml	true	TIMEOUT	990.634847963	974.736154957005	1817.935872	cloud-23979	TIMEOUT	990.430139345	975.4066840400046	1631.490048	cloud-23933	TIMEOUT	990.484489223	979.2275850730075	2443.988992	cloud-23980
combinations/gcd_1+newton_2_4.yml	true	TIMEOUT	990.458406866	975.1945473390006	1751.310336	cloud-23933	TIMEOUT	990.322908471	979.3924015309894	1662.832640	cloud-23980	TIMEOUT	990.500214625	979.5959020190057	2243.244032	cloud-23980
combinations/gcd_1+newton_2_5.yml	true	TIMEOUT	990.493713011	978.4082817179988	2159.005696	cloud-23979	TIMEOUT	990.48041054	975.6145666000084	1685.065728	cloud-23938	TIMEOUT	990.452157662	977.494814930018	2366.636032	cloud-23982
combinations/gcd_1+newton_2_6.yml	false	TIMEOUT	990.677966977	977.6274579609999	1850.290176	cloud-23979	TIMEOUT	990.668910481	977.1017587080132	4850.978816	cloud-23933	TIMEOUT	990.569266424	976.4702305179962	2536.493056	cloud-23933
combinations/gcd_1+newton_2_7.yml	false	TIMEOUT	990.660504748	973.5442728350026	3482.390528	cloud-24259	TIMEOUT	990.81328029	977.0080916070146	4840.476672	cloud-23979	TIMEOUT	990.858664563	975.9921113169985	6037.786624	cloud-23933
combinations/gcd_1+newton_2_8.yml	false	TIMEOUT	990.480469053	978.2777288869984	1818.849280	cloud-24259	TIMEOUT	990.789292727	976.1835893319803	4810.592256	cloud-23979	TIMEOUT	990.497598903	978.7112755799899	2293.080064	cloud-23980
combinations/gcd_1+newton_3_1.yml	true	TIMEOUT	990.449033257	975.1110910839998	2298.847232	cloud-23933	TIMEOUT	990.432509401	976.2929587520193	2117.111808	cloud-23982	TIMEOUT	991.145869604	975.1746791279875	5930.405888	cloud-23938
combinations/gcd_1+newton_3_2.yml	true	TIMEOUT	990.508820765	976.3844326730032	2309.734400	cloud-23933	TIMEOUT	990.523196258	976.3434280410002	2049.130496	cloud-23938	TIMEOUT	991.007250052	976.6732063720119	6824.767488	cloud-23938
combinations/gcd_1+newton_3_3.yml	true	TIMEOUT	990.603722992	975.0895076840025	2308.587520	cloud-23933	TIMEOUT	990.469834139	979.4732271930261	2127.904768	cloud-23980	TIMEOUT	991.120492866	979.9168057859933	7009.251328	cloud-23980
combinations/gcd_1+newton_3_4.yml	true	TIMEOUT	990.512671311	978.981526454998	2268.745728	cloud-23979	TIMEOUT	990.41615657	979.757299674995	2111.590400	cloud-23980	TIMEOUT	990.641202336	980.0110261219961	3269.447680	cloud-23980
combinations/gcd_1+newton_3_5.yml	true	TIMEOUT	990.527601655	976.3675769379988	2236.252160	cloud-24259	TIMEOUT	990.502602032	976.1039985860116	2055.139328	cloud-23979	TIMEOUT	990.530826672	978.7605348530051	3275.403264	cloud-23980
combinations/gcd_1+newton_3_6.yml	false	TIMEOUT	990.516048392	975.3726074130027	2304.208896	cloud-23933	TIMEOUT	990.434464587	976.9616610110097	2109.128704	cloud-23982	TIMEOUT	990.636926204	976.7517376730102	3312.889856	cloud-23979
combinations/gcd_1+newton_3_7.yml	false	TIMEOUT	990.459434753	977.7179853230009	2308.935680	cloud-24259	TIMEOUT	990.429923273	978.3032014750061	2093.817856	cloud-23980	TIMEOUT	990.547868646	975.8156270559994	3130.900480	cloud-23938
combinations/gcd_1+newton_3_8.yml	false	TIMEOUT	990.51277588	976.8724569110018	2309.144576	cloud-23933	TIMEOUT	990.553912363	980.4412590870052	2136.813568	cloud-23982	TIMEOUT	990.665419091	975.5122547229985	3231.805440	cloud-23979
combinations/gcd_2+newton_1_1.yml	true	TIMEOUT	990.681825023	974.1781966100025	4488.298496	cloud-24259	TIMEOUT	990.64869015	976.3089596700156	2833.133568	cloud-23933	TIMEOUT	990.688954603	976.3340382929891	4989.579264	cloud-23979
combinations/gcd_2+newton_1_2.yml	true	TIMEOUT	990.655417241	972.6504738270014	3617.259520	cloud-23933	TIMEOUT	990.642636599	977.2578251190134	2795.175936	cloud-23982	TIMEOUT	990.747288519	978.2582333880127	3871.854592	cloud-23980
combinations/gcd_2+newton_1_3.yml	true	TIMEOUT	990.797939696	974.0156896299959	3842.609152	cloud-24259	TIMEOUT	990.51905602	977.6882053959998	2823.589888	cloud-23979	TIMEOUT	990.686174515	977.3194843459933	4540.522496	cloud-23979
combinations/gcd_2+newton_1_4.yml	false	TIMEOUT	990.456669035	979.0185618299874	4364.304384	cloud-23941	TIMEOUT	990.5153578	980.8935126029828	2851.639296	cloud-23982	TIMEOUT	990.706281668	978.0777415619814	4290.265088	cloud-23980
combinations/gcd_2+newton_1_5.yml	false	TIMEOUT	990.625182133	974.9526332210007	3510.038528	cloud-23933	TIMEOUT	990.551226317	977.3200529149908	2937.262080	cloud-23979	TIMEOUT	990.5983961	974.4027949970041	3849.588736	cloud-23979
combinations/gcd_2+newton_1_6.yml	false	TIMEOUT	990.721545293	976.6158608470032	4148.088832	cloud-23979	TIMEOUT	990.56548648	977.5599769859982	2834.120704	cloud-23982	TIMEOUT	990.626356762	980.5129169840075	4701.081600	cloud-23982
combinations/gcd_2+newton_1_7.yml	false	TIMEOUT	990.787706028	975.5537419219982	4119.937024	cloud-24259	TIMEOUT	990.476693702	980.2803302110115	2817.847296	cloud-23980	TIMEOUT	990.838285238	977.2774169359764	4784.623616	cloud-23980
combinations/gcd_2+newton_1_8.yml	false	TIMEOUT	990.526865015	972.7603261730001	3236.589568	cloud-23933	TIMEOUT	990.533484151	979.615044731996	2844.651520	cloud-23980	TIMEOUT	990.687542821	975.3580959990213	3368.116224	cloud-23938
combinations/gcd_2+newton_2_1.yml	true	TIMEOUT	990.530419372	972.4104488660014	2292.355072	cloud-23933	TIMEOUT	990.635224304	977.3761201350135	4782.170112	cloud-23982	TIMEOUT	991.033110937	979.2197117309843	5453.623296	cloud-23980
combinations/gcd_2+newton_2_2.yml	true	TIMEOUT	990.37809145	974.9698270689696	2500.984832	cloud-23939	TIMEOUT	990.65938642	979.9649850660062	4778.196992	cloud-23980	TIMEOUT	990.443861146	976.6081157129956	2579.787776	cloud-23982
combinations/gcd_2+newton_2_3.yml	true	TIMEOUT	990.484735494	977.8930336030026	1772.523520	cloud-23979	TIMEOUT	990.453969747	978.2700296659896	1621.164032	cloud-23982	TIMEOUT	990.509402875	977.097715351003	2228.260864	cloud-23980
combinations/gcd_2+newton_2_4.yml	true	TIMEOUT	990.404673634	975.2444018989991	1766.207488	cloud-23933	TIMEOUT	990.406162998	977.3777132550022	1611.980800	cloud-23979	TIMEOUT	990.748386399	976.5158265799982	6223.360000	cloud-23982
combinations/gcd_2+newton_2_5.yml	true	TIMEOUT	990.341484078	978.8028063769998	1722.089472	cloud-23979	TIMEOUT	990.87182637	976.5498398519994	4686.659584	cloud-23979	TIMEOUT	990.89988031	976.0846570649883	5611.470848	cloud-23979
combinations/gcd_2+newton_2_6.yml	false	TIMEOUT	990.479586636	977.1670295180011	1977.282560	cloud-23979	TIMEOUT	990.745804072	977.0208744989941	4831.014912	cloud-23979	TIMEOUT	990.958611279	974.9065533129906	6000.406528	cloud-23933
combinations/gcd_2+newton_2_7.yml	false	TIMEOUT	990.368554431	976.5893358440001	1780.736000	cloud-23933	TIMEOUT	990.677109339	980.6553169969993	4841.181184	cloud-23980	TIMEOUT	990.90912856	976.821042334981	6114.017280	cloud-23979
combinations/gcd_2+newton_2_8.yml	false	TIMEOUT	990.436958665	976.4140357390024	1820.422144	cloud-23933	TIMEOUT	990.466031331	978.8830455410061	2955.591680	cloud-23982	TIMEOUT	990.431782776	976.0243181400001	2150.699008	cloud-23980
combinations/gcd_2+newton_3_1.yml	true	TIMEOUT	990.46666351	976.8823679640045	2328.113152	cloud-23933	TIMEOUT	990.576775412	975.5413781759853	2094.010368	cloud-23938	TIMEOUT	990.599946502	976.3883283479954	3755.417600	cloud-23938
combinations/gcd_2+newton_3_2.yml	true	TIMEOUT	990.448765656	976.7623081900019	2249.924608	cloud-23933	TIMEOUT	990.401093844	978.170963098004	2133.348352	cloud-23941	TIMEOUT	990.670988658	976.2801314749813	3531.952128	cloud-23933
combinations/gcd_2+newton_3_3.yml	true	TIMEOUT	990.489819381	977.4605600409996	2262.339584	cloud-23933	TIMEOUT	990.486320623	977.0449342229986	2114.494464	cloud-23982	TIMEOUT	990.697595042	977.4150694090058	3604.303872	cloud-23979
combinations/gcd_2+newton_3_4.yml	true	TIMEOUT	990.610463855	979.1791726979973	2286.366720	cloud-23979	TIMEOUT	990.583403974	976.1414642299933	2080.444416	cloud-23979	TIMEOUT	990.518097058	978.2474835120083	3163.398144	cloud-23980
combinations/gcd_2+newton_3_5.yml	true	TIMEOUT	990.515337346	978.814570601	2168.340480	cloud-23979	TIMEOUT	990.524911224	977.3795860740065	2060.177408	cloud-23938	TIMEOUT	990.692429159	980.7767565420072	3288.096768	cloud-23982
combinations/gcd_2+newton_3_6.yml	false	TIMEOUT	990.446919046	977.3266754669967	2300.817408	cloud-24259	TIMEOUT	990.524726405	977.2261424410099	2121.498624	cloud-23933	TIMEOUT	990.710737524	976.7500809399935	3341.107200	cloud-23933
combinations/gcd_2+newton_3_7.yml	false	TIMEOUT	990.415237613	977.4909890109557	2707.177472	cloud-23939	TIMEOUT	990.401132195	979.5471773979953	2090.582016	cloud-23980	TIMEOUT	990.634624138	975.9949368280068	3089.190912	cloud-23982
combinations/gcd_2+newton_3_8.yml	false	TIMEOUT	990.499060808	976.2507656830057	2275.422208	cloud-23933	TIMEOUT	990.380627879	979.0901911619876	2188.324864	cloud-23943	TIMEOUT	990.634035829	976.5676968870102	3793.043456	cloud-23982
combinations/gcd_3+newton_1_1.yml	true	TIMEOUT	990.449235036	979.9197647389956	4580.499456	cloud-23942	TIMEOUT	990.577174192	976.8300543430087	2831.482880	cloud-23938	TIMEOUT	990.924992885	976.8392123000231	4504.313856	cloud-23933
combinations/gcd_3+newton_1_2.yml	true	TIMEOUT	990.473819709	973.8305185659999	3806.502912	cloud-24259	TIMEOUT	990.375932601	978.3989356519887	2823.139328	cloud-23982	TIMEOUT	990.904648039	975.6913061990053	3756.376064	cloud-23938
combinations/gcd_3+newton_1_3.yml	true	TIMEOUT	990.348484193	977.6142539040001	1452.093440	cloud-23979	TIMEOUT	990.57592875	977.2790323759837	2796.089344	cloud-23982	TIMEOUT	990.572266549	978.2305448770057	3619.254272	cloud-23980
combinations/gcd_3+newton_1_4.yml	false	TIMEOUT	990.383598249	974.1357060360024	1449.472000	cloud-23979	TIMEOUT	990.412042277	978.9907954990049	2875.789312	cloud-23980	TIMEOUT	990.527199545	977.7198523829866	3187.044352	cloud-23982
combinations/gcd_3+newton_1_5.yml	false	TIMEOUT	990.584957107	975.1881989330286	4363.661312	cloud-23943	TIMEOUT	990.570808487	977.1130629119871	2939.576320	cloud-23979	TIMEOUT	990.680663666	977.1317637650063	4393.492480	cloud-23979
combinations/gcd_3+newton_1_6.yml	false	TIMEOUT	990.507789465	977.1589335730532	4748.390400	cloud-23940	TIMEOUT	990.593801925	977.0196832040092	2845.483008	cloud-23938	TIMEOUT	990.782431503	975.716742515011	4583.227392	cloud-23979
combinations/gcd_3+newton_1_7.yml	false	TIMEOUT	990.722679507	974.9858019530002	3904.184320	cloud-24259	TIMEOUT	990.647183502	978.5217314899783	2818.793472	cloud-23980	TIMEOUT	990.724371903	976.761068324995	3999.830016	cloud-23938
combinations/gcd_3+newton_1_8.yml	false	TIMEOUT	990.670339618	974.9329103679993	3540.004864	cloud-23933	TIMEOUT	990.459639981	977.9104403059755	2895.413248	cloud-23933	TIMEOUT	990.925331494	974.8745344819908	4865.318912	cloud-23938
combinations/gcd_3+newton_2_1.yml	true	TIMEOUT	990.363614308	977.0222462320016	1799.081984	cloud-24259	TIMEOUT	990.962705257	975.9249878679984	4760.293376	cloud-23938	TIMEOUT	990.496253964	978.5303311900061	2375.553024	cloud-23980
combinations/gcd_3+newton_2_2.yml	true	TIMEOUT	990.595324256	972.8452832620023	2375.045120	cloud-23979	TIMEOUT	990.707032555	975.8416334810026	4833.959936	cloud-23933	TIMEOUT	991.206633372	975.6953963350097	6385.336320	cloud-23938
combinations/gcd_3+newton_2_3.yml	true	TIMEOUT	990.587339093	974.8358739189935	2382.934016	cloud-24259	TIMEOUT	990.396712484	975.6444212279748	1654.939648	cloud-23938	TIMEOUT	990.392275729	977.1017703099933	2563.465216	cloud-23982
combinations/gcd_3+newton_2_4.yml	true	TIMEOUT	990.784531366	974.6787751869997	4253.024256	cloud-24259	TIMEOUT	990.422581849	978.4643786960223	1626.943488	cloud-23980	TIMEOUT	990.874959869	975.8790784020093	6456.000512	cloud-23933
combinations/gcd_3+newton_2_5.yml	true	TIMEOUT	990.39762502	977.115716938999	1728.950272	cloud-23933	TIMEOUT	990.48206367	976.3304966999858	1663.913984	cloud-23938	TIMEOUT	990.565588846	975.7821200119797	2507.182080	cloud-23938
combinations/gcd_3+newton_2_6.yml	false	TIMEOUT	990.437404248	977.2334869180013	1753.423872	cloud-24259	TIMEOUT	991.066975978	975.5303077459976	4803.649536	cloud-23938	TIMEOUT	990.674160301	974.9163084359898	2863.636480	cloud-23933
combinations/gcd_3+newton_2_7.yml	false	TIMEOUT	990.848384019	974.0813329719967	5043.380224	cloud-24259	TIMEOUT	990.660265413	978.1462057890021	4816.613376	cloud-23980	TIMEOUT	991.036037167	975.2741514079971	6245.523456	cloud-23933
combinations/gcd_3+newton_2_8.yml	false	TIMEOUT	990.562214544	976.4071971789963	1839.017984	cloud-23979	TIMEOUT	990.325542253	977.7622600350005	1699.917824	cloud-23982	TIMEOUT	990.494142246	977.405214147002	2585.620480	cloud-23979
combinations/gcd_3+newton_3_1.yml	true	TIMEOUT	990.518134717	975.9431922440017	2349.518848	cloud-23933	TIMEOUT	990.465768383	980.612654616998	2078.150656	cloud-23980	TIMEOUT	990.617611866	975.3920386479876	3099.959296	cloud-23938
combinations/gcd_3+newton_3_2.yml	true	TIMEOUT	990.400812963	979.088601413001	2287.812608	cloud-23979	TIMEOUT	990.435914777	978.2769475670066	2087.501824	cloud-23980	TIMEOUT	990.519485958	975.9273447330052	3054.436352	cloud-23938
combinations/gcd_3+newton_3_3.yml	true	TIMEOUT	990.564133288	976.0577403039933	2305.425408	cloud-23933	TIMEOUT	990.405008213	977.0171339319786	2093.019136	cloud-23982	TIMEOUT	990.506540498	976.3648794189794	3224.129536	cloud-23979
combinations/gcd_3+newton_3_4.yml	true	TIMEOUT	990.488245866	978.5340492179967	2432.114688	cloud-23941	TIMEOUT	990.379667005	977.5991162769787	2123.984896	cloud-23979	TIMEOUT	990.721010349	976.5378256569966	3304.001536	cloud-23933
combinations/gcd_3+newton_3_5.yml	true	TIMEOUT	990.384639269	977.1651762969996	2242.588672	cloud-24259	TIMEOUT	990.475221741	978.179333231994	2093.916160	cloud-23933	TIMEOUT	990.498638648	976.4117128080106	3238.338560	cloud-23982
combinations/gcd_3+newton_3_6.yml	false	TIMEOUT	990.559275397	975.5044678330014	2308.874240	cloud-23933	TIMEOUT	990.349396548	979.613055616006	2122.461184	cloud-23982	TIMEOUT	990.753992088	974.8378408530261	3496.357888	cloud-23938
combinations/gcd_3+newton_3_7.yml	false	TIMEOUT	990.455038398	977.5901355559981	2258.624512	cloud-23933	TIMEOUT	990.414284398	980.0128290290013	2090.217472	cloud-23980	TIMEOUT	990.671545306	976.4806269279798	3325.943808	cloud-23979
combinations/gcd_3+newton_3_8.yml	false	TIMEOUT	990.488135053	975.8637689349998	2246.463488	cloud-23933	TIMEOUT	990.523435992	977.528896991018	2128.064512	cloud-23933	TIMEOUT	991.149204278	976.1019450199965	7467.966464	cloud-23938
combinations/gcd_4+newton_1_1.yml	true	TIMEOUT	990.812829595	974.248501394999	4529.405952	cloud-23933	TIMEOUT	990.549633389	979.2698474139906	2837.983232	cloud-23933	TIMEOUT	990.941212532	975.681331795	4841.050112	cloud-23938
combinations/gcd_4+newton_1_2.yml	true	TIMEOUT	990.947338429	976.4370298239955	3896.717312	cloud-23979	TIMEOUT	990.462473422	975.2832039399946	2742.374400	cloud-23933	TIMEOUT	990.825936861	976.7048966650036	4506.783744	cloud-23982
combinations/gcd_4+newton_1_3.yml	true	TIMEOUT	990.415496361	977.7859018559975	3798.667264	cloud-23979	TIMEOUT	990.509043292	976.7012453869975	2787.057664	cloud-23933	TIMEOUT	990.579959701	976.9022757700004	3965.448192	cloud-23982
combinations/gcd_4+newton_1_4.yml	false	TIMEOUT	990.740580736	974.8924010900009	4566.597632	cloud-24259	TIMEOUT	990.666948828	974.458504144015	2842.996736	cloud-23938	TIMEOUT	990.725067525	977.893333584012	4763.115520	cloud-23980
combinations/gcd_4+newton_1_5.yml	false	TIMEOUT	990.433089994	974.4197869369964	1524.379648	cloud-23933	TIMEOUT	990.58226545	976.7028768150194	2927.017984	cloud-23979	TIMEOUT	990.341683158	978.5042071949865	1486.442496	cloud-23980
combinations/gcd_4+newton_1_6.yml	false	TIMEOUT	990.807624718	972.8178439819967	4862.492672	cloud-24259	TIMEOUT	990.486694384	977.413565882016	2857.996288	cloud-23933	TIMEOUT	990.73321112	977.7771366790112	5061.050368	cloud-23979
combinations/gcd_4+newton_1_7.yml	false	TIMEOUT	990.680937249	974.4383545130004	5403.402240	cloud-24259	TIMEOUT	990.525582858	977.1663382570259	2820.349952	cloud-23938	TIMEOUT	990.892345357	976.4837536129926	5428.379648	cloud-23979
combinations/gcd_4+newton_1_8.yml	false	TIMEOUT	990.541072932	977.0614669629722	5538.897920	cloud-23939	TIMEOUT	990.500576219	979.5733257170068	2896.363520	cloud-23980	TIMEOUT	990.963352403	978.2411118260061	5463.240704	cloud-23933
combinations/gcd_4+newton_2_1.yml	true	TIMEOUT	990.544405052	973.3374335090011	2048.417792	cloud-24259	TIMEOUT	990.413182993	977.6337330730166	1652.514816	cloud-23933	TIMEOUT	990.842173101	977.4759958520008	5918.068736	cloud-23933
combinations/gcd_4+newton_2_2.yml	true	TIMEOUT	990.396244845	975.9846237070014	1730.310144	cloud-23979	TIMEOUT	990.387212521	976.2540266370052	1644.457984	cloud-23982	TIMEOUT	990.567502143	976.1049082669779	2192.809984	cloud-23938
combinations/gcd_4+newton_2_3.yml	true	TIMEOUT	990.437271483	976.7839599220024	1683.296256	cloud-23979	TIMEOUT	990.450614358	977.4337351539871	1634.672640	cloud-23982	TIMEOUT	990.878834451	975.5460236369981	4118.188032	cloud-23938
combinations/gcd_4+newton_2_4.yml	true	TIMEOUT	990.477675148	976.7127385970016	1802.915840	cloud-24259	TIMEOUT	990.645782854	980.1790428390086	4807.372800	cloud-23980	TIMEOUT	990.644236791	979.1190978669911	2337.923072	cloud-23980
combinations/gcd_4+newton_2_5.yml	true	TIMEOUT	990.363641584	977.3278536029975	2226.036736	cloud-23944	TIMEOUT	990.843873007	974.6684231559921	4823.019520	cloud-23938	TIMEOUT	990.555007315	979.3950534500182	3735.302144	cloud-23980
combinations/gcd_4+newton_2_6.yml	false	TIMEOUT	990.338896873	980.1293870299996	1832.329216	cloud-23979	TIMEOUT	990.648645567	978.7698856350034	4760.776704	cloud-23980	TIMEOUT	990.46190773	976.2490115700057	2736.680960	cloud-23982
combinations/gcd_4+newton_2_7.yml	false	TIMEOUT	990.55304273	977.6535891770036	5272.215552	cloud-23940	TIMEOUT	990.76255228	976.714403563994	4758.482944	cloud-23979	TIMEOUT	990.728884435	976.0535361499933	5390.528512	cloud-23979
combinations/gcd_4+newton_2_8.yml	false	TIMEOUT	990.435926581	978.693069449997	1793.630208	cloud-23979	TIMEOUT	990.430824674	976.3710824330046	1673.994240	cloud-23938	TIMEOUT	990.572336265	977.1780845680041	2413.998080	cloud-23938
combinations/gcd_4+newton_3_1.yml	true	TIMEOUT	990.535390537	977.8628542549995	2253.103104	cloud-24259	TIMEOUT	990.493262236	975.6082559710194	2067.038208	cloud-23933	TIMEOUT	990.499376357	979.789385651995	3415.691264	cloud-23980
combinations/gcd_4+newton_3_2.yml	true	TIMEOUT	990.478421364	976.6855713360019	2236.731392	cloud-24259	TIMEOUT	990.438449947	974.8533971960132	2154.663936	cloud-23938	TIMEOUT	990.629165287	976.3568723589997	3183.857664	cloud-23982
combinations/gcd_4+newton_3_3.yml	true	TIMEOUT	990.374863924	977.9355825240001	2257.854464	cloud-23979	TIMEOUT	990.466996293	976.1572298560059	2044.940288	cloud-23979	TIMEOUT	990.655671976	976.8496803599992	3205.693440	cloud-23979
combinations/gcd_4+newton_3_4.yml	true	TIMEOUT	990.510904339	977.3545403410026	2255.011840	cloud-23979	TIMEOUT	990.390988408	980.0712269110081	2065.256448	cloud-23980	TIMEOUT	990.522185399	976.9009512750199	3040.763904	cloud-23979
combinations/gcd_4+newton_3_5.yml	true	TIMEOUT	990.409150067	977.659089252993	2348.412928	cloud-23939	TIMEOUT	990.389673796	978.809941621992	2093.764608	cloud-23980	TIMEOUT	990.759763687	977.663159024989	3567.071232	cloud-23933
combinations/gcd_4+newton_3_6.yml	false	TIMEOUT	990.3735614	975.6661711250017	2189.451264	cloud-23933	TIMEOUT	990.409020898	978.2205685220251	2084.155392	cloud-23980	TIMEOUT	990.699844589	978.1540195249836	3170.926592	cloud-23979
combinations/gcd_4+newton_3_7.yml	false	TIMEOUT	990.440048107	974.787166533999	2230.251520	cloud-23933	TIMEOUT	990.441798318	976.0622772380011	2152.382464	cloud-23979	TIMEOUT	990.535738409	976.6371370590059	2985.025536	cloud-23933
combinations/gcd_4+newton_3_8.yml	false	TIMEOUT	990.483892799	976.9115383130011	2215.862272	cloud-23933	TIMEOUT	990.511131694	976.7773835000116	2115.158016	cloud-23933	TIMEOUT	990.545696201	976.2937876000069	3347.365888	cloud-23933
combinations/pals_lcr.3.1.ufo.BOUNDED-6.pals+Problem12_label01.yml	false	TIMEOUT	991.348726689	792.4520900750067	7682.347008	cloud-23943	TIMEOUT	991.073818125	790.7443594220094	7943.168000	cloud-23933	TIMEOUT	991.078838175	905.8989719919919	7701.426176	cloud-23982
combinations/pals_lcr.3.1.ufo.BOUNDED-6.pals+Problem12_label02.yml	false	TIMEOUT	990.897544144	932.952958488022	7652.724736	cloud-23944	TIMEOUT	991.324027284	914.9164539210033	7821.971456	cloud-23933	TIMEOUT	991.410668834	904.2390775209933	7489.957888	cloud-23938
combinations/pals_lcr.3.1.ufo.BOUNDED-6.pals+Problem12_label04.yml	false	TIMEOUT	991.513021096	805.7311813129927	7667.712000	cloud-23939	TIMEOUT	991.749121356	838.5457211920002	9718.476800	cloud-23982	TIMEOUT	991.153251751	904.7629421360034	7803.662336	cloud-23982
combinations/pals_lcr.3.1.ufo.BOUNDED-6.pals+Problem12_label05.yml	false	TIMEOUT	990.710691343	933.6991252800217	7303.327744	cloud-23941	TIMEOUT	990.801357473	929.0497289320047	7674.560512	cloud-23940	TIMEOUT	990.874890084	931.2937610380177	7874.101248	cloud-23939
combinations/pals_lcr.3.1.ufo.BOUNDED-6.pals+Problem12_label09.yml	false	TIMEOUT	992.672631718	806.5000998849991	9659.576320	cloud-23979	TIMEOUT	990.941942628	789.7571468019742	7902.478336	cloud-23979	TIMEOUT	991.679571125	903.9444715770078	7869.337600	cloud-23938
combinations/pals_lcr.3.1.ufo.UNBOUNDED.pals+Problem12_label01.yml	false	TIMEOUT	992.342998084	811.7459033820196	7666.470912	cloud-23944	TIMEOUT	991.585712528	825.3671292990039	10440.974336	cloud-23933	TIMEOUT	991.396753218	922.5015754179913	10067.902464	cloud-23979
combinations/pals_lcr.3.1.ufo.UNBOUNDED.pals+Problem12_label02.yml	false	TIMEOUT	991.088655076	901.1914453360005	7696.015360	cloud-23933	TIMEOUT	991.322048534	909.058521488012	7812.526080	cloud-23980	TIMEOUT	990.817819456	929.8154638389824	7873.818624	cloud-23940
combinations/pals_lcr.3.1.ufo.UNBOUNDED.pals+Problem12_label04.yml	false	TIMEOUT	991.85278026	796.684494998015	7719.469056	cloud-23942	TIMEOUT	991.946868449	801.9678003159934	7693.250560	cloud-23982	TIMEOUT	990.892791925	927.3142792849976	7836.459008	cloud-23939
combinations/pals_lcr.3.1.ufo.UNBOUNDED.pals+Problem12_label05.yml	false	TIMEOUT	991.216632065	869.0420318919932	7709.786112	cloud-23941	TIMEOUT	991.615688673	899.0429268649896	8866.283520	cloud-23979	TIMEOUT	990.848513384	936.0981186139979	7875.633152	cloud-23944
combinations/pals_lcr.3.1.ufo.UNBOUNDED.pals+Problem12_label09.yml	false	TIMEOUT	991.207594585	795.4512962039989	7715.979264	cloud-23979	TIMEOUT	991.450744937	797.5729623560037	10107.830272	cloud-23940	TIMEOUT	991.250619391	917.5032168960024	7801.401344	cloud-23979
combinations/pals_lcr.3.ufo.BOUNDED-6.pals+Problem12_label00.yml	false	TIMEOUT	991.444423063	833.0034592240117	7811.600384	cloud-23941	TIMEOUT	991.724169586	843.2524503449968	7688.351744	cloud-23982	TIMEOUT	991.200266447	917.7119954889931	8083.816448	cloud-23979
combinations/pals_lcr.3.ufo.BOUNDED-6.pals+Problem12_label01.yml	true	TIMEOUT	991.369099484	813.4410065390001	7621.025792	cloud-23979	TIMEOUT	992.010775344	833.1374222990125	7466.450944	cloud-23933	TIMEOUT	991.490471553	901.3908218359866	7012.212736	cloud-23982
combinations/pals_lcr.3.ufo.BOUNDED-6.pals+Problem12_label02.yml	true	TIMEOUT	990.744705675	935.8261599590187	7682.203648	cloud-23939	TIMEOUT	990.866695971	928.394512756	7828.905984	cloud-23942	TIMEOUT	990.917577399	926.4335959060118	7878.877184	cloud-23941
combinations/pals_lcr.3.ufo.BOUNDED-6.pals+Problem12_label03.yml	false	TIMEOUT	991.362717402	797.3501207929949	7667.904512	cloud-23933	TIMEOUT	992.557818527	829.300821656012	7479.734272	cloud-23980	TIMEOUT	991.237952168	920.2192671709927	7860.727808	cloud-23979
combinations/pals_lcr.3.ufo.BOUNDED-6.pals+Problem12_label04.yml	true	TIMEOUT	991.668359434	824.282463834	7687.966720	cloud-23933	TIMEOUT	991.270444588	840.3038481239928	7650.512896	cloud-23933	TIMEOUT	991.275292576	915.9114227500104	7892.316160	cloud-23979
combinations/pals_lcr.3.ufo.BOUNDED-6.pals+Problem12_label05.yml	true	TIMEOUT	990.723484998	939.5869301310158	7657.852928	cloud-23942	TIMEOUT	991.398113197	918.5124386009993	7707.344896	cloud-23938	TIMEOUT	990.82279033	930.3628344809986	7845.634048	cloud-23940
combinations/pals_lcr.3.ufo.BOUNDED-6.pals+Problem12_label06.yml	false	TIMEOUT	991.3398927	791.1955559180005	7641.628672	cloud-23979	TIMEOUT	991.411124616	799.6452492190001	7685.554176	cloud-23982	TIMEOUT	990.929122901	925.6387567069905	7895.769088	cloud-23941
combinations/pals_lcr.3.ufo.BOUNDED-6.pals+Problem12_label07.yml	false	TIMEOUT	991.324004181	767.6923563180026	7389.519872	cloud-23942	TIMEOUT	992.093722946	830.8079333870264	7662.284800	cloud-23938	TIMEOUT	991.296199958	897.0715762990003	7801.053184	cloud-23982
combinations/pals_lcr.3.ufo.BOUNDED-6.pals+Problem12_label08.yml	false	TIMEOUT	990.950113074	917.0333092869841	7675.871232	cloud-23943	TIMEOUT	990.855433751	920.319099943008	7666.012160	cloud-23939	TIMEOUT	990.858160465	930.7714032449876	7840.473088	cloud-23939
combinations/pals_lcr.3.ufo.BOUNDED-6.pals+Problem12_label09.yml	true	TIMEOUT	991.287810692	760.9824883539695	7651.631104	cloud-23944	TIMEOUT	992.322651537	795.7925913140061	7718.682624	cloud-23941	TIMEOUT	991.313135387	911.2456075579976	7868.125184	cloud-23980
combinations/pals_lcr.3.ufo.UNBOUNDED.pals+Problem12_label00.yml	false	TIMEOUT	991.175918656	847.1402998229605	10116.931584	cloud-23940	TIMEOUT	991.555012312	808.8827154410246	7708.332032	cloud-23941	TIMEOUT	990.868203617	929.318428441009	7824.293888	cloud-23941
combinations/pals_lcr.3.ufo.UNBOUNDED.pals+Problem12_label01.yml	true	TIMEOUT	992.199164767	837.1043323009944	7340.433408	cloud-24259	TIMEOUT	990.841980592	816.9697742720018	7854.915584	cloud-23980	TIMEOUT	991.329455008	915.8396022519737	9481.465856	cloud-23979
combinations/pals_lcr.3.ufo.UNBOUNDED.pals+Problem12_label02.yml	true	TIMEOUT	990.985217928	921.9784615889657	7877.152768	cloud-23941	TIMEOUT	991.051305458	902.0015098599833	7901.188096	cloud-23982	TIMEOUT	990.851478397	929.5014263539924	7874.199552	cloud-23941
combinations/pals_lcr.3.ufo.UNBOUNDED.pals+Problem12_label03.yml	false	TIMEOUT	991.585094978	769.9363809740171	8819.843072	cloud-23943	TIMEOUT	991.464731641	826.3454711280065	7687.929856	cloud-23982	TIMEOUT	991.804827221	900.4796213360096	9157.873664	cloud-23982
combinations/pals_lcr.3.ufo.UNBOUNDED.pals+Problem12_label04.yml	true	TIMEOUT	990.69063302	767.3474925280316	7708.274688	cloud-23942	TIMEOUT	992.788841213	808.2967658719863	6827.364352	cloud-23938	TIMEOUT	991.16018471	915.7220412569877	7796.162560	cloud-23979
combinations/pals_lcr.3.ufo.UNBOUNDED.pals+Problem12_label05.yml	true	TIMEOUT	991.242729529	893.7608779139991	7423.541248	cloud-23933	TIMEOUT	991.156885775	890.6415884360031	7662.219264	cloud-23938	TIMEOUT	991.404305249	917.6022527820023	9699.663872	cloud-23979
combinations/pals_lcr.3.ufo.UNBOUNDED.pals+Problem12_label06.yml	false	TIMEOUT	990.971542405	773.2332387319766	7666.069504	cloud-23944	TIMEOUT	991.086393773	776.8784933679854	7695.282176	cloud-23980	TIMEOUT	990.752726574	937.4595585760253	7876.898816	cloud-23944
combinations/pals_lcr.3.ufo.UNBOUNDED.pals+Problem12_label07.yml	false	TIMEOUT	991.116290478	821.2328473529778	10072.748032	cloud-23943	TIMEOUT	990.920524562	787.1270678960136	7644.901376	cloud-23933	TIMEOUT	991.156739422	900.2107183200133	7810.908160	cloud-23933
combinations/pals_lcr.3.ufo.UNBOUNDED.pals+Problem12_label08.yml	false	TIMEOUT	991.047496428	924.3240454590414	7716.552704	cloud-23940	TIMEOUT	991.065693513	919.1472945089918	7979.364352	cloud-23933	TIMEOUT	990.888182997	927.7250850130222	7563.079680	cloud-23939
combinations/pals_lcr.3.ufo.UNBOUNDED.pals+Problem12_label09.yml	true	TIMEOUT	991.687288979	753.9486891829874	7686.090752	cloud-23941	TIMEOUT	991.379600905	807.817825614009	7668.756480	cloud-23938	TIMEOUT	991.349875142	915.8767483909905	7873.695744	cloud-23979
combinations/pals_lcr.3_overflow.ufo.UNBOUNDED.pals+Problem12_label01.yml	false	TIMEOUT	991.493301364	851.4953234340064	7484.153856	cloud-23979	TIMEOUT	992.618768171	839.5426371749782	7237.951488	cloud-23938	TIMEOUT	991.200037156	915.8503767359944	7842.549760	cloud-23980
combinations/pals_lcr.3_overflow.ufo.UNBOUNDED.pals+Problem12_label02.yml	false	TIMEOUT	991.131759807	918.1634683239972	7708.033024	cloud-23940	TIMEOUT	991.041795539	900.9074558229768	7681.490944	cloud-23933	TIMEOUT	990.880215469	930.6709742629901	7883.227136	cloud-23942
combinations/pals_lcr.3_overflow.ufo.UNBOUNDED.pals+Problem12_label04.yml	false	TIMEOUT	991.184715268	844.8940079989989	7680.638976	cloud-23979	TIMEOUT	991.847739048	820.1331042889797	7682.392064	cloud-23938	TIMEOUT	991.102422659	903.6181245759944	7870.824448	cloud-23982
combinations/pals_lcr.3_overflow.ufo.UNBOUNDED.pals+Problem12_label05.yml	false	TIMEOUT	990.746042073	927.5928394960356	7426.367488	cloud-23942	TIMEOUT	991.643809171	908.5615554030228	9986.228224	cloud-23979	TIMEOUT	991.399332222	909.3893362090166	7834.210304	cloud-23980
combinations/pals_lcr.3_overflow.ufo.UNBOUNDED.pals+Problem12_label09.yml	false	TIMEOUT	992.923139774	796.185824500004	7660.630016	cloud-23979	TIMEOUT	991.283670687	771.58037955701	8009.199616	cloud-23980	TIMEOUT	991.227640055	913.6961522969941	7780.913152	cloud-23933
combinations/pals_lcr.4.1.ufo.BOUNDED-8.pals+Problem12_label01.yml	false	TIMEOUT	992.645624082	829.8825734780003	7352.741888	cloud-24259	TIMEOUT	991.086963019	803.6801656219759	7731.359744	cloud-23979	TIMEOUT	991.508969148	918.1995325990138	10044.375040	cloud-23980
combinations/pals_lcr.4.1.ufo.BOUNDED-8.pals+Problem12_label02.yml	false	TIMEOUT	990.783420731	931.5805208730162	7661.780992	cloud-23940	TIMEOUT	990.928266079	931.0889847739891	9462.034432	cloud-23942	TIMEOUT	990.837659488	933.9634432969906	7860.199424	cloud-23942
combinations/pals_lcr.4.1.ufo.BOUNDED-8.pals+Problem12_label04.yml	false	TIMEOUT	991.512355695	812.7030207360003	7391.834112	cloud-24259	TIMEOUT	991.062414624	820.0446252469847	7703.490560	cloud-23942	TIMEOUT	990.757720174	938.1024505309761	8170.295296	cloud-23940
combinations/pals_lcr.4.1.ufo.BOUNDED-8.pals+Problem12_label05.yml	false	TIMEOUT	990.748217919	933.1504017250263	7676.125184	cloud-23941	TIMEOUT	991.030792714	929.5767385030049	7373.180928	cloud-23933	TIMEOUT	991.660185295	907.9319655389991	7812.210688	cloud-23933
combinations/pals_lcr.4.1.ufo.BOUNDED-8.pals+Problem12_label09.yml	false	TIMEOUT	991.117591483	769.5756951530348	7284.912128	cloud-23942	TIMEOUT	990.827744485	806.0177570910018	10123.730944	cloud-23942	TIMEOUT	991.352138248	905.62678818102	7834.603520	cloud-23982
combinations/pals_lcr.4.1.ufo.UNBOUNDED.pals+Problem12_label01.yml	false	TIMEOUT	991.504148531	813.1933061060263	7670.284288	cloud-23943	TIMEOUT	992.294352692	817.810490739008	7725.715456	cloud-23982	TIMEOUT	990.862945432	929.0937113130058	7853.264896	cloud-23941
combinations/pals_lcr.4.1.ufo.UNBOUNDED.pals+Problem12_label02.yml	false	TIMEOUT	991.31366547	887.2179226730004	7653.609472	cloud-24259	TIMEOUT	991.088230641	900.4095251079998	7732.809728	cloud-23940	TIMEOUT	990.869336169	931.9993235699949	7833.522176	cloud-23941
combinations/pals_lcr.4.1.ufo.UNBOUNDED.pals+Problem12_label04.yml	false	TIMEOUT	991.127774838	785.7697367969668	7692.881920	cloud-23944	TIMEOUT	991.517091939	821.8360263420036	8460.926976	cloud-23982	TIMEOUT	991.135418832	912.7009678019967	7844.036608	cloud-23982
combinations/pals_lcr.4.1.ufo.UNBOUNDED.pals+Problem12_label05.yml	false	TIMEOUT	990.810429499	919.6914910729975	7316.803584	cloud-23940	TIMEOUT	991.168557979	906.3922776559775	7711.035392	cloud-23979	TIMEOUT	990.837495322	927.6733185050252	7870.201856	cloud-23940
combinations/pals_lcr.4.1.ufo.UNBOUNDED.pals+Problem12_label09.yml	false	TIMEOUT	991.545045906	768.8313304600306	6838.554624	cloud-23942	TIMEOUT	992.013370513	768.34930824599	7706.165248	cloud-23940	TIMEOUT	990.830027255	927.5964538260014	7080.574976	cloud-23942
combinations/pals_lcr.4.ufo.BOUNDED-8.pals+Problem12_label00.yml	false	TIMEOUT	990.724319583	851.6376246489963	7673.520128	cloud-23979	TIMEOUT	991.411470014	841.4798634449835	7524.569088	cloud-23933	TIMEOUT	991.371852708	922.0627255419968	10485.952512	cloud-23979
combinations/pals_lcr.4.ufo.BOUNDED-8.pals+Problem12_label01.yml	true	TIMEOUT	990.656129327	758.8588370570214	7702.106112	cloud-23943	TIMEOUT	991.064961055	825.212912293995	7891.050496	cloud-23933	TIMEOUT	990.814815222	932.7909892809985	7880.765440	cloud-23943
combinations/pals_lcr.4.ufo.BOUNDED-8.pals+Problem12_label02.yml	true	TIMEOUT	990.937382906	935.1518219359568	7737.532416	cloud-23941	TIMEOUT	991.091360331	914.0731381079822	7661.240320	cloud-23980	TIMEOUT	991.093524511	926.9330831420084	7866.802176	cloud-23941
combinations/pals_lcr.4.ufo.BOUNDED-8.pals+Problem12_label03.yml	false	TIMEOUT	991.243663679	793.2124776759993	7667.474432	cloud-23979	TIMEOUT	991.689499989	802.883788142004	10105.053184	cloud-23933	TIMEOUT	990.808620761	931.8744801490102	7592.140800	cloud-23940
combinations/pals_lcr.4.ufo.BOUNDED-8.pals+Problem12_label04.yml	true	TIMEOUT	990.952173068	838.0511777680003	7371.821056	cloud-23979	TIMEOUT	990.814186163	817.3573197060032	7923.752960	cloud-23943	TIMEOUT	990.817309156	933.1837087959866	7850.389504	cloud-23940
combinations/pals_lcr.4.ufo.BOUNDED-8.pals+Problem12_label05.yml	true	TIMEOUT	990.883845233	933.9393078989815	6774.239232	cloud-23940	TIMEOUT	990.792901619	935.6807216450106	8423.915520	cloud-23944	TIMEOUT	991.731695223	909.5973889680172	10900.336640	cloud-23982
combinations/pals_lcr.4.ufo.BOUNDED-8.pals+Problem12_label06.yml	false	TIMEOUT	990.924213499	801.4772896650002	7651.082240	cloud-23933	TIMEOUT	990.632156723	788.8063536919944	7424.135168	cloud-23939	TIMEOUT	991.014415964	933.7408511619724	7884.619776	cloud-23943
combinations/pals_lcr.4.ufo.BOUNDED-8.pals+Problem12_label07.yml	false	TIMEOUT	991.754559474	771.7214317229809	7745.716224	cloud-23944	TIMEOUT	990.947013179	815.6055613920034	7780.528128	cloud-23940	TIMEOUT	990.846483865	932.1453665049921	7507.238912	cloud-23940
combinations/pals_lcr.4.ufo.BOUNDED-8.pals+Problem12_label08.yml	false	TIMEOUT	990.828795511	926.4568062460166	7716.995072	cloud-23939	TIMEOUT	990.832942608	918.4202691779938	7365.414912	cloud-23939	TIMEOUT	991.098513808	917.8087312849821	7825.698816	cloud-23933
combinations/pals_lcr.4.ufo.BOUNDED-8.pals+Problem12_label09.yml	true	TIMEOUT	992.619744089	786.2831530849944	7255.388160	cloud-23933	TIMEOUT	990.88540762	791.6825205409841	7721.971712	cloud-23938	TIMEOUT	990.857079528	925.1299287169822	7885.967360	cloud-23942
combinations/pals_lcr.4.ufo.UNBOUNDED.pals+Problem12_label00.yml	false	TIMEOUT	990.864943945	829.1733658310259	7671.459840	cloud-23941	TIMEOUT	992.649535808	841.193109098007	7716.233216	cloud-23938	TIMEOUT	991.248714117	907.2479643730039	10284.388352	cloud-23979
combinations/pals_lcr.4.ufo.UNBOUNDED.pals+Problem12_label01.yml	true	TIMEOUT	991.834441435	794.9967283410369	7669.092352	cloud-23941	TIMEOUT	990.779933502	807.3158829919994	7681.961984	cloud-23933	TIMEOUT	991.778057606	891.5805438570096	7880.888320	cloud-23938
combinations/pals_lcr.4.ufo.UNBOUNDED.pals+Problem12_label02.yml	true	TIMEOUT	990.99173875	911.2757013269584	7700.197376	cloud-23940	TIMEOUT	990.934828562	909.8073969869874	7881.007104	cloud-23939	TIMEOUT	990.976608892	926.7542007290176	7891.300352	cloud-23939
combinations/pals_lcr.4.ufo.UNBOUNDED.pals+Problem12_label03.yml	false	TIMEOUT	991.063529127	781.079694326967	7687.168000	cloud-23941	TIMEOUT	992.727517665	801.7693218239874	7731.769344	cloud-23982	TIMEOUT	991.232139475	915.9573426959978	7809.785856	cloud-23980
combinations/pals_lcr.4.ufo.UNBOUNDED.pals+Problem12_label04.yml	true	TIMEOUT	991.417005402	811.0563367789728	7704.383488	cloud-23939	TIMEOUT	991.498552292	759.3558735949919	7648.468992	cloud-23944	TIMEOUT	990.871915975	934.8018951720151	7869.009920	cloud-23944
combinations/pals_lcr.4.ufo.UNBOUNDED.pals+Problem12_label05.yml	true	TIMEOUT	991.033066213	903.4291868949999	7879.327744	cloud-24259	TIMEOUT	990.903257633	910.6052638830151	8023.830528	cloud-23940	TIMEOUT	991.261226589	909.2787916670204	7845.396480	cloud-23933
combinations/pals_lcr.4.ufo.UNBOUNDED.pals+Problem12_label06.yml	false	TIMEOUT	991.322023262	761.5870265950216	7695.839232	cloud-23940	TIMEOUT	991.582367146	776.9792030109966	7919.849472	cloud-23982	TIMEOUT	990.716212645	935.2864276889886	7491.477504	cloud-23944
combinations/pals_lcr.4.ufo.UNBOUNDED.pals+Problem12_label07.yml	false	TIMEOUT	990.836231914	857.8702904900056	7357.140992	cloud-23979	TIMEOUT	992.810183342	805.1946531730064	7862.280192	cloud-23933	TIMEOUT	990.736596164	939.0525808889943	7876.141056	cloud-23944
combinations/pals_lcr.4.ufo.UNBOUNDED.pals+Problem12_label08.yml	false	TIMEOUT	990.98124039	921.6174922810169	7699.705856	cloud-23943	TIMEOUT	990.825864734	927.5821461279993	7847.460864	cloud-23942	TIMEOUT	990.84003841	930.4009976230154	7885.430784	cloud-23940
combinations/pals_lcr.4.ufo.UNBOUNDED.pals+Problem12_label09.yml	true	TIMEOUT	991.500225825	779.958405893005	7673.372672	cloud-23941	TIMEOUT	991.813856563	801.8037086449913	7697.539072	cloud-23938	TIMEOUT	990.852999258	929.2767514860025	7856.566272	cloud-23939
combinations/pals_lcr.4_overflow.ufo.UNBOUNDED.pals+Problem12_label01.yml	false	TIMEOUT	990.931362928	833.9643797069994	10451.554304	cloud-24259	TIMEOUT	991.297109364	787.0835532920028	7696.125952	cloud-23939	TIMEOUT	991.050505915	925.1914275730087	8151.650304	cloud-23933
combinations/pals_lcr.4_overflow.ufo.UNBOUNDED.pals+Problem12_label02.yml	false	TIMEOUT	990.787882009	924.9163235289743	7699.730432	cloud-23941	TIMEOUT	991.339333318	914.1240646229999	10258.178048	cloud-23933	TIMEOUT	991.423100872	923.4547113169974	7869.431808	cloud-23933
combinations/pals_lcr.4_overflow.ufo.UNBOUNDED.pals+Problem12_label04.yml	false	TIMEOUT	992.30384987	768.7668470540084	7674.216448	cloud-23944	TIMEOUT	991.501705585	813.5927764569933	10437.009408	cloud-23938	TIMEOUT	990.805385875	930.8089138760115	7851.073536	cloud-23943
combinations/pals_lcr.4_overflow.ufo.UNBOUNDED.pals+Problem12_label05.yml	false	TIMEOUT	991.260748287	899.3326116409999	7718.797312	cloud-24259	TIMEOUT	991.037552422	905.6004952749936	7752.036352	cloud-23939	TIMEOUT	991.715378894	907.7012946809991	9654.255616	cloud-23933
combinations/pals_lcr.4_overflow.ufo.UNBOUNDED.pals+Problem12_label09.yml	false	TIMEOUT	991.128845215	801.0711974690003	7654.256640	cloud-23979	TIMEOUT	990.951596434	788.1157128089981	8040.366080	cloud-23982	TIMEOUT	991.371739423	905.2630256480188	7835.336704	cloud-23938
combinations/pals_lcr.5.1.ufo.BOUNDED-10.pals+Problem12_label01.yml	false	TIMEOUT	992.18000515	829.6452224340028	10045.272064	cloud-23933	TIMEOUT	992.489354161	803.2916271840222	8413.319168	cloud-23944	TIMEOUT	990.724460032	940.9103245399892	7613.878272	cloud-23944
combinations/pals_lcr.5.1.ufo.BOUNDED-10.pals+Problem12_label02.yml	false	TIMEOUT	990.789617367	930.768693044025	7731.732480	cloud-23944	TIMEOUT	991.184037119	919.6640693779918	7852.838912	cloud-23933	TIMEOUT	991.436712276	889.250865671027	7890.272256	cloud-23938
combinations/pals_lcr.5.1.ufo.BOUNDED-10.pals+Problem12_label04.yml	false	TIMEOUT	991.080558984	793.1483730600448	7833.829376	cloud-23939	TIMEOUT	990.842483584	856.2597810809966	7705.075712	cloud-23980	TIMEOUT	991.133934395	908.820089218003	7954.661376	cloud-23979
combinations/pals_lcr.5.1.ufo.BOUNDED-10.pals+Problem12_label05.yml	false	TIMEOUT	991.152977533	917.061221936	7693.246464	cloud-24259	TIMEOUT	991.092887016	918.2757348289888	7365.132288	cloud-23933	TIMEOUT	991.508905496	919.1663972990063	7943.925760	cloud-23979
combinations/pals_lcr.5.1.ufo.BOUNDED-10.pals+Problem12_label09.yml	false	TIMEOUT	991.987442406	748.5581701420015	7696.306176	cloud-23939	TIMEOUT	991.476419497	799.8160068120051	7398.957056	cloud-23980	TIMEOUT	991.100093862	913.2537440539745	7860.158464	cloud-23982
combinations/pals_lcr.5.1.ufo.UNBOUNDED.pals+Problem12_label01.yml	false	TIMEOUT	990.47460393	804.8599354120088	8046.161920	cloud-23944	TIMEOUT	991.016200418	796.3157858949853	7777.746944	cloud-23940	TIMEOUT	991.455290758	897.3416969809914	7883.685888	cloud-23938
combinations/pals_lcr.5.1.ufo.UNBOUNDED.pals+Problem12_label02.yml	false	TIMEOUT	990.893510389	907.7172024130123	7966.130176	cloud-23944	TIMEOUT	990.915628919	916.4157186489902	7779.196928	cloud-23933	TIMEOUT	990.898314193	931.313799037016	7957.676032	cloud-23942
combinations/pals_lcr.5.1.ufo.UNBOUNDED.pals+Problem12_label04.yml	false	TIMEOUT	992.012463201	760.6408491079928	7729.750016	cloud-23944	TIMEOUT	991.476450452	756.6108857099898	7715.913728	cloud-23940	TIMEOUT	990.918657215	926.3294043999922	8116.129792	cloud-23939
combinations/pals_lcr.5.1.ufo.UNBOUNDED.pals+Problem12_label05.yml	false	TIMEOUT	990.925993572	921.2733706940198	7756.525568	cloud-23944	TIMEOUT	990.800650909	923.1670588130073	7379.427328	cloud-23940	TIMEOUT	991.349368773	916.8930571530072	7863.787520	cloud-23980
combinations/pals_lcr.5.1.ufo.UNBOUNDED.pals+Problem12_label09.yml	false	TIMEOUT	991.669504378	754.7394707560306	9083.686912	cloud-23941	TIMEOUT	991.197798461	801.5755957440124	7731.027968	cloud-23933	TIMEOUT	991.439896551	909.7744808419957	8581.902336	cloud-23938
combinations/pals_lcr.5.ufo.BOUNDED-10.pals+Problem12_label00.yml	false	TIMEOUT	990.94657602	856.1313509680003	10192.195584	cloud-23979	TIMEOUT	991.712135683	790.065647209005	7733.633024	cloud-23938	TIMEOUT	991.057681243	933.5186523470038	10744.606720	cloud-23942
combinations/pals_lcr.5.ufo.BOUNDED-10.pals+Problem12_label01.yml	true	TIMEOUT	991.472844439	791.814535897	8942.014464	cloud-24259	TIMEOUT	991.650841059	821.6711128489987	7988.318208	cloud-23982	TIMEOUT	990.761609386	934.0773589000164	7885.053952	cloud-23944
combinations/pals_lcr.5.ufo.BOUNDED-10.pals+Problem12_label02.yml	true	TIMEOUT	991.172452644	909.789611491	8057.454592	cloud-24259	TIMEOUT	991.152253668	925.0705030110257	10364.407808	cloud-23933	TIMEOUT	991.299052546	913.359252779017	7883.743232	cloud-23980
combinations/pals_lcr.5.ufo.BOUNDED-10.pals+Problem12_label03.yml	false	TIMEOUT	992.406258232	772.3049581390223	6867.054592	cloud-23941	TIMEOUT	992.626955613	818.844312486006	7262.101504	cloud-23933	TIMEOUT	991.222871436	912.4388477139873	7842.099200	cloud-23980
combinations/pals_lcr.5.ufo.BOUNDED-10.pals+Problem12_label04.yml	true	TIMEOUT	991.449111018	800.6934999560472	10051.391488	cloud-23941	TIMEOUT	991.495377143	828.062268773996	8429.146112	cloud-23980	TIMEOUT	991.424924261	906.4526952989982	7877.926912	cloud-23938
combinations/pals_lcr.5.ufo.BOUNDED-10.pals+Problem12_label05.yml	true	TIMEOUT	990.833163522	933.7977705719532	7675.592704	cloud-23943	TIMEOUT	991.120954209	920.9344415829983	7497.498624	cloud-23980	TIMEOUT	991.409422619	899.8177389550256	7863.267328	cloud-23982
combinations/pals_lcr.5.ufo.BOUNDED-10.pals+Problem12_label06.yml	false	TIMEOUT	991.36197183	800.862545099	10602.713088	cloud-23933	TIMEOUT	991.449521203	774.6680214929802	9616.642048	cloud-23933	TIMEOUT	991.23770877	914.8590599579911	7892.852736	cloud-23979
combinations/pals_lcr.5.ufo.BOUNDED-10.pals+Problem12_label07.yml	false	TIMEOUT	990.733003615	794.8454461129731	7745.667072	cloud-23941	TIMEOUT	991.474030148	800.3297587489942	7715.581952	cloud-23982	TIMEOUT	991.324109359	915.866286687	7882.313728	cloud-23979
combinations/pals_lcr.5.ufo.BOUNDED-10.pals+Problem12_label08.yml	false	TIMEOUT	990.994823413	912.421294505999	7732.232192	cloud-23939	TIMEOUT	991.135743389	906.9072576470207	7258.132480	cloud-23979	TIMEOUT	990.884355884	930.8136508250027	8949.272576	cloud-23942
combinations/pals_lcr.5.ufo.BOUNDED-10.pals+Problem12_label09.yml	true	TIMEOUT	991.263604617	779.3739774599999	7442.735104	cloud-24259	TIMEOUT	990.898872312	799.7830526040052	9987.260416	cloud-23980	TIMEOUT	990.759952088	934.636945893988	7904.796672	cloud-23944
combinations/pals_lcr.5.ufo.UNBOUNDED.pals+Problem12_label00.yml	false	TIMEOUT	991.032070659	845.5372741080355	7670.947840	cloud-23943	TIMEOUT	991.356433648	841.720216296002	9951.010816	cloud-23938	TIMEOUT	991.326390362	907.8749870379979	8175.284224	cloud-23938
combinations/pals_lcr.5.ufo.UNBOUNDED.pals+Problem12_label01.yml	true	TIMEOUT	991.528929761	809.6091251369999	10541.568000	cloud-24259	TIMEOUT	991.412224723	798.6502568860014	7300.059136	cloud-23979	TIMEOUT	990.966585687	929.2150943040033	9510.252544	cloud-23939
combinations/pals_lcr.5.ufo.UNBOUNDED.pals+Problem12_label02.yml	true	TIMEOUT	991.430154269	900.9166257339998	7745.277952	cloud-24259	TIMEOUT	991.012455454	908.8953147149878	7963.107328	cloud-23979	TIMEOUT	990.880636283	931.4908614589949	7963.443200	cloud-23940
combinations/pals_lcr.5.ufo.UNBOUNDED.pals+Problem12_label03.yml	false	TIMEOUT	991.254735982	781.158693186997	7704.379392	cloud-23943	TIMEOUT	991.909954745	777.0647049899853	7773.233152	cloud-23938	TIMEOUT	991.328523566	915.9924602230021	7871.582208	cloud-23979
combinations/pals_lcr.5.ufo.UNBOUNDED.pals+Problem12_label04.yml	true	TIMEOUT	991.332012194	753.6457164309686	7786.237952	cloud-23944	TIMEOUT	991.639758279	794.9770468039787	9416.368128	cloud-23933	TIMEOUT	990.967646687	925.1012550109881	7578.222592	cloud-23941
combinations/pals_lcr.5.ufo.UNBOUNDED.pals+Problem12_label05.yml	true	TIMEOUT	991.386594282	888.2630756699991	7709.339648	cloud-23933	TIMEOUT	991.177921963	895.0957587430021	7748.698112	cloud-23980	TIMEOUT	990.752246696	938.5934554940031	7923.834880	cloud-23940
combinations/pals_lcr.5.ufo.UNBOUNDED.pals+Problem12_label06.yml	false	TIMEOUT	991.230748925	790.5725078489995	7721.574400	cloud-23933	TIMEOUT	991.098378017	781.6329693080042	7764.922368	cloud-23980	TIMEOUT	990.838417711	930.5960404099897	7969.538048	cloud-23940
combinations/pals_lcr.5.ufo.UNBOUNDED.pals+Problem12_label07.yml	false	TIMEOUT	991.465552578	826.6729141569995	7706.800128	cloud-24259	TIMEOUT	990.961057848	783.4230971650104	7752.904704	cloud-23933	TIMEOUT	991.001779616	931.5000843279995	7939.452928	cloud-23942
combinations/pals_lcr.5.ufo.UNBOUNDED.pals+Problem12_label08.yml	false	TIMEOUT	990.829604195	928.4955332310055	7745.556480	cloud-23939	TIMEOUT	991.515173143	895.428893328004	7737.528320	cloud-23938	TIMEOUT	991.229569685	915.4682463209901	10186.768384	cloud-23979
combinations/pals_lcr.5.ufo.UNBOUNDED.pals+Problem12_label09.yml	true	TIMEOUT	991.238737473	754.9284167859587	7703.252992	cloud-23939	TIMEOUT	991.319235315	794.5477419650124	8329.269248	cloud-23933	TIMEOUT	991.064253202	932.2252892559918	10727.084032	cloud-23941
combinations/pals_lcr.5_overflow.ufo.UNBOUNDED.pals+Problem12_label01.yml	false	TIMEOUT	991.277911798	839.9072815950003	7732.322304	cloud-23979	TIMEOUT	991.011782609	816.9373254530074	7749.652480	cloud-23939	TIMEOUT	991.28631736	912.190001645009	7886.307328	cloud-23933
combinations/pals_lcr.5_overflow.ufo.UNBOUNDED.pals+Problem12_label02.yml	false	TIMEOUT	991.091783162	887.6946292020148	7305.560064	cloud-23939	TIMEOUT	991.362546245	883.9032331960043	7994.195968	cloud-23982	TIMEOUT	991.405999273	915.7313862050069	10384.420864	cloud-23979
combinations/pals_lcr.5_overflow.ufo.UNBOUNDED.pals+Problem12_label04.yml	false	TIMEOUT	991.412577096	823.0592427579995	7689.875456	cloud-24259	TIMEOUT	991.775724143	783.3607101359812	7756.800000	cloud-23943	TIMEOUT	991.873625715	912.1998225529969	11019.288576	cloud-23933
combinations/pals_lcr.5_overflow.ufo.UNBOUNDED.pals+Problem12_label05.yml	false	TIMEOUT	990.89048067	920.7123431420187	8378.056704	cloud-23944	TIMEOUT	990.79285244	924.1910042700183	8110.981120	cloud-23944	TIMEOUT	991.402655214	910.9138891689945	7872.020480	cloud-23938
combinations/pals_lcr.5_overflow.ufo.UNBOUNDED.pals+Problem12_label09.yml	false	TIMEOUT	992.056131793	781.696781122002	7732.510720	cloud-23933	TIMEOUT	991.473497166	814.7996808640019	7682.764800	cloud-23982	TIMEOUT	991.497644608	903.3290609850083	7857.541120	cloud-23933
combinations/pals_lcr.6.1.ufo.BOUNDED-12.pals+Problem12_label01.yml	false	TIMEOUT	991.00655825	828.8845534550019	7307.608064	cloud-24259	TIMEOUT	992.48452813	804.966731449007	7772.708864	cloud-23939	TIMEOUT	990.877145945	931.0765760819777	7955.247104	cloud-23942
combinations/pals_lcr.6.1.ufo.BOUNDED-12.pals+Problem12_label02.yml	false	TIMEOUT	990.742223023	932.7355170830269	7475.875840	cloud-23942	TIMEOUT	991.266544983	911.1417784070072	9614.499840	cloud-23980	TIMEOUT	991.334888948	900.286022684013	8220.934144	cloud-23938
combinations/pals_lcr.6.1.ufo.BOUNDED-12.pals+Problem12_label04.yml	false	TIMEOUT	991.508709333	825.6351972109987	10144.825344	cloud-23933	TIMEOUT	990.688391387	805.6438579800015	7717.285888	cloud-23939	TIMEOUT	991.128702722	917.9769459910167	7915.978752	cloud-23980
combinations/pals_lcr.6.1.ufo.BOUNDED-12.pals+Problem12_label05.yml	false	TIMEOUT	990.776167766	934.6456411380204	7754.084352	cloud-23944	TIMEOUT	990.879372653	928.7296974649944	7980.421120	cloud-23941	TIMEOUT	990.852483044	935.0957383969799	9380.876288	cloud-23944
combinations/pals_lcr.6.1.ufo.BOUNDED-12.pals+Problem12_label09.yml	false	TIMEOUT	992.153847196	772.7782694660127	7732.674560	cloud-23944	TIMEOUT	990.744550088	801.3706784209935	7735.259136	cloud-23980	TIMEOUT	990.939909914	927.8533176799829	7962.505216	cloud-23941
combinations/pals_lcr.6.1.ufo.UNBOUNDED.pals+Problem12_label01.yml	false	TIMEOUT	991.419536902	827.9180764449993	7742.623744	cloud-23941	TIMEOUT	991.432217674	813.3027216990013	7760.048128	cloud-23980	TIMEOUT	991.38217022	915.8741516610025	7888.297984	cloud-23933
combinations/pals_lcr.6.1.ufo.UNBOUNDED.pals+Problem12_label02.yml	false	TIMEOUT	990.82472251	927.156839731033	7965.941760	cloud-23944	TIMEOUT	991.064966898	912.152107981994	7895.715840	cloud-23979	TIMEOUT	990.90154416	928.6375839870016	7951.896576	cloud-23939
combinations/pals_lcr.6.1.ufo.UNBOUNDED.pals+Problem12_label04.yml	false	TIMEOUT	991.793105491	779.1264691600227	8611.225600	cloud-23940	TIMEOUT	990.73651988	758.3483998829906	7749.238784	cloud-23943	TIMEOUT	991.368872678	914.8613225220179	7930.802176	cloud-23979
combinations/pals_lcr.6.1.ufo.UNBOUNDED.pals+Problem12_label05.yml	false	TIMEOUT	990.936970305	915.383925750968	7792.025600	cloud-23942	TIMEOUT	991.104353069	913.5392717389914	7739.527168	cloud-23980	TIMEOUT	990.86193554	929.931370167993	7923.716096	cloud-23939
combinations/pals_lcr.6.1.ufo.UNBOUNDED.pals+Problem12_label09.yml	false	TIMEOUT	991.276028615	802.3798206630017	7753.240576	cloud-23979	TIMEOUT	991.0500199	787.8677191019815	7783.079936	cloud-23979	TIMEOUT	990.95607176	927.2949756969756	8411.246592	cloud-23939
combinations/pals_lcr.6.ufo.BOUNDED-12.pals+Problem12_label00.yml	false	TIMEOUT	992.570227245	828.0021150339962	7266.361344	cloud-24259	TIMEOUT	991.104703415	829.4014627000142	7774.609408	cloud-23938	TIMEOUT	991.436441976	907.4371789889992	7898.943488	cloud-23938
combinations/pals_lcr.6.ufo.BOUNDED-12.pals+Problem12_label01.yml	true	TIMEOUT	992.253231848	740.6352625419968	7761.735680	cloud-23940	TIMEOUT	991.53555335	821.5319838889991	7481.933824	cloud-23980	TIMEOUT	991.43155607	912.5002623609907	7924.600832	cloud-23933
combinations/pals_lcr.6.ufo.BOUNDED-12.pals+Problem12_label02.yml	true	TIMEOUT	990.743813615	935.5034159260103	7453.544448	cloud-23941	TIMEOUT	990.825323721	932.9398684730113	7754.371072	cloud-23942	TIMEOUT	990.794184471	931.4478130220086	7989.243904	cloud-23944
combinations/pals_lcr.6.ufo.BOUNDED-12.pals+Problem12_label03.yml	false	TIMEOUT	990.858030403	760.3108251240337	10201.620480	cloud-23943	TIMEOUT	991.356410323	796.872523441998	7756.529664	cloud-23979	TIMEOUT	991.133834131	930.1514051830163	7952.592896	cloud-23941
combinations/pals_lcr.6.ufo.BOUNDED-12.pals+Problem12_label04.yml	true	TIMEOUT	990.995199691	794.8289454940241	7702.667264	cloud-23942	TIMEOUT	991.77670671	814.0830349629978	9065.287680	cloud-23944	TIMEOUT	991.10350845	913.9433809350012	7887.937536	cloud-23980
combinations/pals_lcr.6.ufo.BOUNDED-12.pals+Problem12_label05.yml	true	TIMEOUT	990.748614296	934.4310656770249	7859.945472	cloud-23942	TIMEOUT	991.040330526	923.0226868010068	9831.014400	cloud-23938	TIMEOUT	991.223547252	920.1974132510077	7929.933824	cloud-23979
combinations/pals_lcr.6.ufo.BOUNDED-12.pals+Problem12_label06.yml	false	TIMEOUT	990.949960858	778.0312079539872	7703.932928	cloud-23943	TIMEOUT	991.616712991	762.7929353439831	8910.225408	cloud-23979	TIMEOUT	991.42467441	912.0953559199988	9503.285248	cloud-23933
combinations/pals_lcr.6.ufo.BOUNDED-12.pals+Problem12_label07.yml	false	TIMEOUT	991.641782304	766.0447733540204	7743.434752	cloud-23941	TIMEOUT	991.197868827	831.2523338600004	7746.334720	cloud-23938	TIMEOUT	991.694158131	906.2511011819879	9422.934016	cloud-23938
combinations/pals_lcr.6.ufo.BOUNDED-12.pals+Problem12_label08.yml	false	TIMEOUT	990.899746717	924.0255593580077	7790.460928	cloud-23942	TIMEOUT	991.138007858	913.7265226040035	7973.036032	cloud-23933	TIMEOUT	991.391700952	916.5716134529794	8234.872832	cloud-23933
combinations/pals_lcr.6.ufo.BOUNDED-12.pals+Problem12_label09.yml	true	TIMEOUT	991.336612664	768.6726634200022	7694.536704	cloud-23933	TIMEOUT	991.085655691	801.8436787830142	9978.142720	cloud-23938	TIMEOUT	990.878567809	926.2350598640041	7965.671424	cloud-23940
combinations/pals_lcr.6.ufo.UNBOUNDED.pals+Problem12_label00.yml	false	TIMEOUT	991.233934464	805.1273561439593	7743.787008	cloud-23940	TIMEOUT	990.586796629	804.9877266550029	9077.706752	cloud-23942	TIMEOUT	990.781520462	935.6308341579861	7945.891840	cloud-23944
combinations/pals_lcr.6.ufo.UNBOUNDED.pals+Problem12_label01.yml	true	TIMEOUT	991.469707899	816.3199971459981	7706.169344	cloud-23979	TIMEOUT	992.10941955	830.9637479369994	10810.060800	cloud-23933	TIMEOUT	990.826322284	929.2256884810049	7959.625728	cloud-23940
combinations/pals_lcr.6.ufo.UNBOUNDED.pals+Problem12_label02.yml	true	TIMEOUT	990.839923401	915.094843997038	7758.598144	cloud-23940	TIMEOUT	991.327344036	886.6972877139924	7922.745344	cloud-23938	TIMEOUT	990.875276692	926.2916117350105	7908.954112	cloud-23940
combinations/pals_lcr.6.ufo.UNBOUNDED.pals+Problem12_label03.yml	false	TIMEOUT	991.100259183	814.4924073769998	7714.476032	cloud-23933	TIMEOUT	991.755703484	808.2780478420027	7756.206080	cloud-23979	TIMEOUT	991.362240735	904.5704363870027	7883.841536	cloud-23982
combinations/pals_lcr.6.ufo.UNBOUNDED.pals+Problem12_label04.yml	true	TIMEOUT	990.615069141	842.4223135930006	7725.019136	cloud-23979	TIMEOUT	991.122741499	803.7734581609839	7771.734016	cloud-23982	TIMEOUT	990.831277029	928.3421763159859	7945.359360	cloud-23940
combinations/pals_lcr.6.ufo.UNBOUNDED.pals+Problem12_label05.yml	true	TIMEOUT	990.877992897	914.0914846119704	7751.745536	cloud-23939	TIMEOUT	990.924066978	913.1841288690048	7759.986688	cloud-23941	TIMEOUT	991.323409915	904.393006792001	8200.921088	cloud-23982
combinations/pals_lcr.6.ufo.UNBOUNDED.pals+Problem12_label06.yml	false	TIMEOUT	992.223067749	754.3040740850265	7747.518464	cloud-23944	TIMEOUT	992.221181487	780.7177534899965	7767.293952	cloud-23943	TIMEOUT	991.140500021	918.3208034819982	7935.037440	cloud-23979
combinations/pals_lcr.6.ufo.UNBOUNDED.pals+Problem12_label07.yml	false	TIMEOUT	991.275923409	811.5142714700196	7728.734208	cloud-23943	TIMEOUT	991.821917398	828.1221173029917	7421.153280	cloud-23933	TIMEOUT	990.831731336	933.1036836669955	7947.636736	cloud-23943
combinations/pals_lcr.6.ufo.UNBOUNDED.pals+Problem12_label08.yml	false	TIMEOUT	990.771598445	931.3094172850251	7860.166656	cloud-23940	TIMEOUT	991.046359823	911.3667175460141	7797.293056	cloud-23979	TIMEOUT	991.285604504	910.4564699040202	8118.632448	cloud-23980
combinations/pals_lcr.6.ufo.UNBOUNDED.pals+Problem12_label09.yml	true	TIMEOUT	991.639038337	771.401128167985	7325.073408	cloud-23941	TIMEOUT	992.073423191	795.5054621910094	7772.114944	cloud-23933	TIMEOUT	991.590694269	901.8068763740011	7915.036672	cloud-23938
combinations/pals_lcr.6_overflow.ufo.UNBOUNDED.pals+Problem12_label01.yml	false	TIMEOUT	990.997657532	844.212742888999	7739.068416	cloud-23979	TIMEOUT	991.358252965	832.2578951120086	7759.052800	cloud-23938	TIMEOUT	990.931632072	926.0307945310196	7981.723648	cloud-23942
combinations/pals_lcr.6_overflow.ufo.UNBOUNDED.pals+Problem12_label02.yml	false	TIMEOUT	990.924554397	912.3773716319702	7412.273152	cloud-23942	TIMEOUT	991.103201337	911.3841368840076	7919.624192	cloud-23933	TIMEOUT	991.228713377	906.4592360919924	7896.481792	cloud-23982
combinations/pals_lcr.6_overflow.ufo.UNBOUNDED.pals+Problem12_label04.yml	false	TIMEOUT	992.222336875	777.9120556139969	7758.110720	cloud-23943	TIMEOUT	992.588469886	813.9901694190048	7770.312704	cloud-23933	TIMEOUT	991.210558046	903.1263235379884	7921.618944	cloud-23933
combinations/pals_lcr.6_overflow.ufo.UNBOUNDED.pals+Problem12_label05.yml	false	TIMEOUT	990.77802944	929.1229227869771	7519.485952	cloud-23940	TIMEOUT	991.07372067	920.8685087630001	10187.829248	cloud-23941	TIMEOUT	991.363668299	906.7496429140156	7895.629824	cloud-23982
combinations/pals_lcr.6_overflow.ufo.UNBOUNDED.pals+Problem12_label09.yml	false	TIMEOUT	991.57069797	778.5527826289763	10630.103040	cloud-23943	TIMEOUT	992.125063697	806.0032139490067	7745.736704	cloud-23979	TIMEOUT	991.534518598	911.808607790008	8174.866432	cloud-23980
combinations/pals_lcr.7.1.ufo.BOUNDED-14.pals+Problem12_label01.yml	false	TIMEOUT	992.387920643	823.1651535049969	7434.211328	cloud-24259	TIMEOUT	990.729470644	819.784263567999	7804.887040	cloud-23933	TIMEOUT	991.269434716	907.816512135003	7936.012288	cloud-23979
combinations/pals_lcr.7.1.ufo.BOUNDED-14.pals+Problem12_label02.yml	false	TIMEOUT	990.932829457	936.0439632150228	10225.487872	cloud-23943	TIMEOUT	990.992054675	923.007030703011	7744.389120	cloud-23980	TIMEOUT	990.818853157	938.9005258209945	8715.055104	cloud-23939
combinations/pals_lcr.7.1.ufo.BOUNDED-14.pals+Problem12_label04.yml	false	TIMEOUT	991.471567214	781.1939910410438	9533.579264	cloud-23943	TIMEOUT	991.298064023	846.7317677179817	7356.968960	cloud-23979	TIMEOUT	991.237803551	917.9288896830112	8004.567040	cloud-23980
combinations/pals_lcr.7.1.ufo.BOUNDED-14.pals+Problem12_label05.yml	false	TIMEOUT	990.698955599	937.8359949900187	6836.654080	cloud-23942	TIMEOUT	990.816981831	928.9597829540144	7777.492992	cloud-23941	TIMEOUT	990.949877803	927.3819872650201	8550.494208	cloud-23941
combinations/pals_lcr.7.1.ufo.BOUNDED-14.pals+Problem12_label09.yml	false	TIMEOUT	992.02860493	803.6144984230014	7464.222720	cloud-23979	TIMEOUT	991.395154403	800.1122677800013	7772.479488	cloud-23933	TIMEOUT	991.232753336	914.6661228900193	7920.197632	cloud-23938
combinations/pals_lcr.7.1.ufo.UNBOUNDED.pals+Problem12_label01.yml	false	TIMEOUT	991.654825916	844.1574353079995	7759.446016	cloud-23979	TIMEOUT	991.409883434	830.8557108090026	7786.934272	cloud-23938	TIMEOUT	991.900510108	913.074561447982	10895.159296	cloud-23980
combinations/pals_lcr.7.1.ufo.UNBOUNDED.pals+Problem12_label02.yml	false	TIMEOUT	990.770345913	927.2266940469854	7822.589952	cloud-23942	TIMEOUT	990.885768325	921.6314507370116	7922.720768	cloud-23943	TIMEOUT	991.317136482	915.5995353939943	8165.699584	cloud-23979
combinations/pals_lcr.7.1.ufo.UNBOUNDED.pals+Problem12_label04.yml	false	TIMEOUT	992.467259663	790.8235314440099	7762.542592	cloud-23943	TIMEOUT	991.391870923	770.9665802919772	7784.861696	cloud-23944	TIMEOUT	991.287979889	917.2976366380171	7946.301440	cloud-23933
combinations/pals_lcr.7.1.ufo.UNBOUNDED.pals+Problem12_label05.yml	false	TIMEOUT	990.861736912	914.8087435979978	7413.649408	cloud-23939	TIMEOUT	990.901471638	926.1648690429865	9705.992192	cloud-23944	TIMEOUT	990.881976129	932.6698536940094	7978.446848	cloud-23940
combinations/pals_lcr.7.1.ufo.UNBOUNDED.pals+Problem12_label09.yml	false	TIMEOUT	990.691443282	773.1636029820074	7743.483904	cloud-23939	TIMEOUT	991.643774711	793.1614679720078	9943.543808	cloud-23982	TIMEOUT	990.7223844	933.6679465130146	7339.544576	cloud-23944
combinations/pals_lcr.7.ufo.BOUNDED-14.pals+Problem12_label00.yml	false	TIMEOUT	991.760366041	799.8299108039937	7726.923776	cloud-23940	TIMEOUT	991.674187125	843.7428213699895	7957.893120	cloud-23980	TIMEOUT	991.466367489	909.3800928400015	7891.595264	cloud-23982
combinations/pals_lcr.7.ufo.BOUNDED-14.pals+Problem12_label01.yml	true	TIMEOUT	992.03792734	880.9559644099791	7765.651456	cloud-23943	TIMEOUT	991.265868761	826.3979247650132	7788.433408	cloud-23933	TIMEOUT	991.0707768	907.0891074340034	7647.182848	cloud-23980
combinations/pals_lcr.7.ufo.BOUNDED-14.pals+Problem12_label02.yml	true	TIMEOUT	991.072356216	919.9721314389608	10315.411456	cloud-23943	TIMEOUT	991.005456328	923.6994866080058	8381.546496	cloud-23979	TIMEOUT	991.247720915	922.0569842490077	7937.896448	cloud-23979
combinations/pals_lcr.7.ufo.BOUNDED-14.pals+Problem12_label03.yml	false	TIMEOUT	991.985737977	781.1894004250062	9444.450304	cloud-23940	TIMEOUT	990.961766127	765.52820410399	7801.655296	cloud-23939	TIMEOUT	991.476927929	909.0178987200197	9928.069120	cloud-23982
combinations/pals_lcr.7.ufo.BOUNDED-14.pals+Problem12_label04.yml	true	TIMEOUT	990.857580729	823.3097417620011	7756.947456	cloud-23942	TIMEOUT	990.917815459	839.7427595700137	7765.991424	cloud-23938	TIMEOUT	990.908707523	925.7649750040146	8002.789376	cloud-23943
combinations/pals_lcr.7.ufo.BOUNDED-14.pals+Problem12_label05.yml	true	TIMEOUT	991.18105024	906.4200441409994	7495.749632	cloud-23979	TIMEOUT	991.072844166	926.5319136939943	7560.876032	cloud-23979	TIMEOUT	990.750280717	937.3047564429871	7987.179520	cloud-23944
combinations/pals_lcr.7.ufo.BOUNDED-14.pals+Problem12_label06.yml	false	TIMEOUT	992.346606415	785.7401516109821	7755.091968	cloud-23941	TIMEOUT	991.971823995	794.3162622200034	10163.527680	cloud-23979	TIMEOUT	990.858820597	928.784993276	7991.025664	cloud-23940
combinations/pals_lcr.7.ufo.BOUNDED-14.pals+Problem12_label07.yml	false	TIMEOUT	991.505018896	773.3132519929786	9560.776704	cloud-23940	TIMEOUT	991.565721526	838.8335350200068	8731.037696	cloud-23982	TIMEOUT	990.841146081	929.4169373950281	7989.936128	cloud-23942
combinations/pals_lcr.7.ufo.BOUNDED-14.pals+Problem12_label08.yml	false	TIMEOUT	990.868617658	933.741711670009	10045.276160	cloud-23942	TIMEOUT	991.254940529	895.1080596840184	7785.193472	cloud-23980	TIMEOUT	990.79226042	940.7511838049977	8900.255744	cloud-23944
combinations/pals_lcr.7.ufo.BOUNDED-14.pals+Problem12_label09.yml	true	TIMEOUT	992.065257473	769.7627888510001	7760.429056	cloud-24259	TIMEOUT	991.452633443	802.207049256016	7760.056320	cloud-23938	TIMEOUT	990.812493082	933.8540746160143	8012.894208	cloud-23944
combinations/pals_lcr.7.ufo.UNBOUNDED.pals+Problem12_label00.yml	false	TIMEOUT	990.902648532	848.596127234	7741.652992	cloud-23933	TIMEOUT	990.929308944	826.4233158670249	10329.378816	cloud-23933	TIMEOUT	991.259662962	911.528559266997	7963.484160	cloud-23982
combinations/pals_lcr.7.ufo.UNBOUNDED.pals+Problem12_label01.yml	true	TIMEOUT	992.842448899	798.3081640989994	8078.069760	cloud-23933	TIMEOUT	990.791412455	789.4315332279948	7790.006272	cloud-23979	TIMEOUT	990.965223739	925.5573507720255	7960.969216	cloud-23939
combinations/pals_lcr.7.ufo.UNBOUNDED.pals+Problem12_label02.yml	true	TIMEOUT	990.925776094	921.8011189880199	7791.947776	cloud-23943	TIMEOUT	991.016021285	911.2403992129839	7820.951552	cloud-23938	TIMEOUT	990.968146351	926.1147326589853	8455.864320	cloud-23941
combinations/pals_lcr.7.ufo.UNBOUNDED.pals+Problem12_label03.yml	false	TIMEOUT	991.349271287	769.5460064819781	7726.653440	cloud-23944	TIMEOUT	991.599349561	799.3046426019864	7752.585216	cloud-23979	TIMEOUT	991.675136282	908.0834315379907	10588.278784	cloud-23982
combinations/pals_lcr.7.ufo.UNBOUNDED.pals+Problem12_label04.yml	true	TIMEOUT	992.307692786	764.0280271820375	7746.834432	cloud-23939	TIMEOUT	991.506032257	797.2510191370093	7779.106816	cloud-23938	TIMEOUT	991.508755959	900.4793519710074	7911.931904	cloud-23938
combinations/pals_lcr.7.ufo.UNBOUNDED.pals+Problem12_label05.yml	true	TIMEOUT	991.208573279	899.7383035269959	7401.373696	cloud-24259	TIMEOUT	991.038013493	912.1733326990216	7803.269120	cloud-23980	TIMEOUT	991.573458337	903.5970664920169	10349.633536	cloud-23938
combinations/pals_lcr.7.ufo.UNBOUNDED.pals+Problem12_label06.yml	false	TIMEOUT	991.942387254	768.3442034529871	8413.310976	cloud-23943	TIMEOUT	991.154625726	785.8090211969975	10515.845120	cloud-23979	TIMEOUT	990.906647334	922.3158617059817	8060.276736	cloud-23939
combinations/pals_lcr.7.ufo.UNBOUNDED.pals+Problem12_label07.yml	false	TIMEOUT	992.41253015	813.6030525350361	7728.472064	cloud-23944	TIMEOUT	991.52889173	827.2539416959917	7789.019136	cloud-23980	TIMEOUT	990.875687835	927.553889754985	7977.578496	cloud-23939
combinations/pals_lcr.7.ufo.UNBOUNDED.pals+Problem12_label08.yml	false	TIMEOUT	990.755336342	932.816459655005	7794.941952	cloud-23939	TIMEOUT	991.126302875	915.0807771299733	7907.864576	cloud-23938	TIMEOUT	990.943626288	926.0811858510133	7978.090496	cloud-23940
combinations/pals_lcr.7.ufo.UNBOUNDED.pals+Problem12_label09.yml	true	TIMEOUT	992.45299548	760.5786917619989	7744.491520	cloud-23940	TIMEOUT	990.763881881	762.1296192729787	7763.128320	cloud-23942	TIMEOUT	991.271334707	898.1813922919973	7932.182528	cloud-23982
combinations/pals_lcr.7_overflow.ufo.UNBOUNDED.pals+Problem12_label01.yml	false	TIMEOUT	992.305334375	811.8831609259942	7744.958464	cloud-23939	TIMEOUT	991.812261104	806.6867847059912	7762.276352	cloud-23982	TIMEOUT	991.350556354	912.0961329419806	7926.599680	cloud-23979
combinations/pals_lcr.7_overflow.ufo.UNBOUNDED.pals+Problem12_label02.yml	false	TIMEOUT	991.03164499	897.0381537800001	7820.472320	cloud-24259	TIMEOUT	991.190023797	902.2770609009895	7745.691648	cloud-23982	TIMEOUT	991.510204905	899.9493179959827	7969.759232	cloud-23938
combinations/pals_lcr.7_overflow.ufo.UNBOUNDED.pals+Problem12_label04.yml	false	TIMEOUT	990.990412487	851.6888563869979	7410.409472	cloud-23979	TIMEOUT	991.621433043	761.8828636940161	7794.364416	cloud-23944	TIMEOUT	990.915115953	929.8935830520059	7996.329984	cloud-23939
combinations/pals_lcr.7_overflow.ufo.UNBOUNDED.pals+Problem12_label05.yml	false	TIMEOUT	991.694124603	849.6251276809999	7834.259456	cloud-24259	TIMEOUT	991.074934503	907.1565527369967	7463.538688	cloud-23933	TIMEOUT	990.761287499	933.2886734420026	8008.400896	cloud-23944
combinations/pals_lcr.7_overflow.ufo.UNBOUNDED.pals+Problem12_label09.yml	false	TIMEOUT	991.204475968	740.8206368770007	7696.744448	cloud-23933	TIMEOUT	991.333721264	788.8338753959979	7286.857728	cloud-23933	TIMEOUT	991.296415783	913.8965603360266	7923.503104	cloud-23980
combinations/pals_lcr.8.1.ufo.BOUNDED-16.pals+Problem12_label01.yml	false	TIMEOUT	991.078355285	754.3458824429545	7528.198144	cloud-23940	TIMEOUT	991.412478826	836.1796824969933	10559.262720	cloud-23938	TIMEOUT	990.860434191	929.8229384569859	7984.504832	cloud-23943
combinations/pals_lcr.8.1.ufo.BOUNDED-16.pals+Problem12_label02.yml	false	TIMEOUT	990.743228876	936.9768295420217	7999.754240	cloud-23942	TIMEOUT	990.843930672	924.4471175709914	7834.972160	cloud-23941	TIMEOUT	991.609880964	897.9449280199769	7961.985024	cloud-23938
combinations/pals_lcr.8.1.ufo.BOUNDED-16.pals+Problem12_label04.yml	false	TIMEOUT	990.723169678	808.6898880309891	7797.854208	cloud-23941	TIMEOUT	992.257838021	815.3874863010133	9989.578752	cloud-23943	TIMEOUT	991.531249592	922.5468808090081	10386.620416	cloud-23980
combinations/pals_lcr.8.1.ufo.BOUNDED-16.pals+Problem12_label05.yml	false	TIMEOUT	991.379148429	902.1156336660001	10026.004480	cloud-24259	TIMEOUT	991.259156126	912.6390629269881	8278.536192	cloud-23938	TIMEOUT	991.417063374	924.2606511100021	10037.866496	cloud-23979
combinations/pals_lcr.8.1.ufo.BOUNDED-16.pals+Problem12_label09.yml	false	TIMEOUT	991.155568622	735.6800200860016	7805.341696	cloud-23943	TIMEOUT	992.642606073	770.1779270679981	7451.697152	cloud-23933	TIMEOUT	990.758566035	937.7826576869993	7619.272704	cloud-23941
combinations/pals_lcr.8.1.ufo.UNBOUNDED.pals+Problem12_label01.yml	false	TIMEOUT	991.199062571	815.2118868010002	7808.905216	cloud-23943	TIMEOUT	991.509020292	799.9820770969964	7819.526144	cloud-23933	TIMEOUT	990.789395818	939.0696658080269	8032.169984	cloud-23944
combinations/pals_lcr.8.1.ufo.UNBOUNDED.pals+Problem12_label02.yml	false	TIMEOUT	990.919114301	923.3752004050184	8036.818944	cloud-23942	TIMEOUT	991.00396737	905.6279578619869	8882.135040	cloud-23942	TIMEOUT	990.925081254	931.8105882820091	7994.523648	cloud-23941
combinations/pals_lcr.8.1.ufo.UNBOUNDED.pals+Problem12_label04.yml	false	TIMEOUT	992.304300956	777.2369364069891	8018.071552	cloud-23943	TIMEOUT	991.856475547	825.5527629549906	8494.288896	cloud-23982	TIMEOUT	990.865829761	928.550056520995	8052.592640	cloud-23941
combinations/pals_lcr.8.1.ufo.UNBOUNDED.pals+Problem12_label05.yml	false	TIMEOUT	991.390795756	884.7764585909972	7915.753472	cloud-23933	TIMEOUT	991.104263103	899.4530815359903	7829.311488	cloud-23982	TIMEOUT	990.895203041	923.6387339539942	8059.641856	cloud-23939
combinations/pals_lcr.8.1.ufo.UNBOUNDED.pals+Problem12_label09.yml	false	TIMEOUT	992.916193519	777.5300447670015	10036.572160	cloud-24259	TIMEOUT	992.816302078	790.0071139879874	7794.704384	cloud-23982	TIMEOUT	990.838348846	929.3603843559977	8022.859776	cloud-23940
combinations/pals_lcr.8.ufo.BOUNDED-16.pals+Problem12_label00.yml	false	TIMEOUT	991.479069198	842.9348954669549	8551.436288	cloud-23942	TIMEOUT	992.019042883	838.0764196929813	7883.235328	cloud-23944	TIMEOUT	991.100743102	915.699767801998	8579.641344	cloud-23980
combinations/pals_lcr.8.ufo.BOUNDED-16.pals+Problem12_label01.yml	true	TIMEOUT	990.625802502	768.0737695950083	7853.457408	cloud-23942	TIMEOUT	991.707002229	789.9659899369872	7818.051584	cloud-23933	TIMEOUT	991.007125009	927.6469262129976	9962.332160	cloud-23939
combinations/pals_lcr.8.ufo.BOUNDED-16.pals+Problem12_label02.yml	true	TIMEOUT	990.749034175	933.5070567899966	7828.197376	cloud-23939	TIMEOUT	990.84369274	926.2791523159831	7812.259840	cloud-23939	TIMEOUT	991.403251972	899.2502351820003	7996.608512	cloud-23982
combinations/pals_lcr.8.ufo.BOUNDED-16.pals+Problem12_label03.yml	false	TIMEOUT	991.524227277	790.0979988269974	7807.782912	cloud-23933	TIMEOUT	991.609816614	800.6476733729942	7436.886016	cloud-23980	TIMEOUT	990.995015316	929.84808969	10556.518400	cloud-23940
combinations/pals_lcr.8.ufo.BOUNDED-16.pals+Problem12_label04.yml	true	TIMEOUT	990.996367022	792.8250182169722	7809.572864	cloud-23943	TIMEOUT	990.909660746	818.9666500780149	7798.554624	cloud-23979	TIMEOUT	990.978729131	928.4701782409975	9375.752192	cloud-23939
combinations/pals_lcr.8.ufo.BOUNDED-16.pals+Problem12_label05.yml	true	TIMEOUT	991.283019747	903.6914606890023	7857.778688	cloud-23933	TIMEOUT	991.33446225	915.248507302982	10520.035328	cloud-23980	TIMEOUT	991.074241388	927.2597880960093	10506.133504	cloud-23941
combinations/pals_lcr.8.ufo.BOUNDED-16.pals+Problem12_label06.yml	false	TIMEOUT	991.506278461	772.8342038360424	7439.196160	cloud-23942	TIMEOUT	991.627548993	769.0734249720117	7341.715456	cloud-23940	TIMEOUT	991.492104277	916.9835422970064	8018.903040	cloud-23980
combinations/pals_lcr.8.ufo.BOUNDED-16.pals+Problem12_label07.yml	false	TIMEOUT	992.861172188	819.8866407050009	7799.943168	cloud-23933	TIMEOUT	991.711792486	834.4079689649807	7564.369920	cloud-23938	TIMEOUT	990.859382015	932.0407650299894	7996.203008	cloud-23942
combinations/pals_lcr.8.ufo.BOUNDED-16.pals+Problem12_label08.yml	false	TIMEOUT	990.791745026	920.8981451159925	7402.303488	cloud-23941	TIMEOUT	991.154836912	905.8648209130042	7837.650944	cloud-23933	TIMEOUT	990.80672618	933.726994992001	8022.446080	cloud-23943
combinations/pals_lcr.8.ufo.BOUNDED-16.pals+Problem12_label09.yml	true	TIMEOUT	991.534727782	776.4514516830095	7800.467456	cloud-23939	TIMEOUT	990.949034522	789.3349649150041	7790.227456	cloud-23938	TIMEOUT	990.85975548	927.7377499910071	8051.654656	cloud-23943
combinations/pals_lcr.8.ufo.UNBOUNDED.pals+Problem12_label00.yml	false	TIMEOUT	990.496835379	819.8209452119772	7789.457408	cloud-23944	TIMEOUT	991.328013918	838.0213686429779	7856.402432	cloud-23980	TIMEOUT	990.90189414	924.8515152100008	7996.784640	cloud-23939
combinations/pals_lcr.8.ufo.UNBOUNDED.pals+Problem12_label01.yml	true	TIMEOUT	991.148242086	831.3049824890004	7355.781120	cloud-23933	TIMEOUT	992.066332622	820.76429568202	10619.473920	cloud-23938	TIMEOUT	991.324656247	912.0424868529954	7995.465728	cloud-23979
combinations/pals_lcr.8.ufo.UNBOUNDED.pals+Problem12_label02.yml	true	TIMEOUT	991.138479045	905.6925524000001	7834.296320	cloud-24259	TIMEOUT	990.891636387	912.7473313630035	7819.874304	cloud-23942	TIMEOUT	991.52201428	918.0729549610114	9820.925952	cloud-23979
combinations/pals_lcr.8.ufo.UNBOUNDED.pals+Problem12_label03.yml	false	TIMEOUT	990.564540401	811.6042511760024	7795.286016	cloud-23942	TIMEOUT	992.171387402	775.1158946150099	7835.508736	cloud-23941	TIMEOUT	991.26747378	912.7237749839842	7971.737600	cloud-23933
combinations/pals_lcr.8.ufo.UNBOUNDED.pals+Problem12_label04.yml	true	TIMEOUT	991.304533223	789.0247494850191	7822.233600	cloud-23943	TIMEOUT	992.322783409	812.9536099609977	7815.581696	cloud-23982	TIMEOUT	990.886050761	930.4995950640005	8832.151552	cloud-23943
combinations/pals_lcr.8.ufo.UNBOUNDED.pals+Problem12_label05.yml	true	TIMEOUT	991.061180147	893.9980695630002	7844.556800	cloud-24259	TIMEOUT	991.471798544	867.4062217210012	7811.145728	cloud-23982	TIMEOUT	991.54920026	914.8851143009961	9734.365184	cloud-23980
combinations/pals_lcr.8.ufo.UNBOUNDED.pals+Problem12_label06.yml	false	TIMEOUT	992.623671014	806.741468278	7782.584320	cloud-23979	TIMEOUT	992.011606187	804.4371281079948	7808.028672	cloud-23938	TIMEOUT	991.485843998	912.6777350449993	7966.437376	cloud-23979
combinations/pals_lcr.8.ufo.UNBOUNDED.pals+Problem12_label07.yml	false	TIMEOUT	992.795512319	831.755336466	9497.071616	cloud-23979	TIMEOUT	990.535892743	804.5131342879904	7804.297216	cloud-23941	TIMEOUT	990.80305489	935.9335885059845	8006.635520	cloud-23944
combinations/pals_lcr.8.ufo.UNBOUNDED.pals+Problem12_label08.yml	false	TIMEOUT	990.790460194	932.1270120430272	7524.831232	cloud-23940	TIMEOUT	991.481200183	911.0668872559909	11023.613952	cloud-23982	TIMEOUT	990.892603523	926.401065662998	8063.557632	cloud-23939
combinations/pals_lcr.8.ufo.UNBOUNDED.pals+Problem12_label09.yml	true	TIMEOUT	992.526761021	765.9923387989984	8430.809088	cloud-23943	TIMEOUT	991.119744397	792.6272030809778	7811.973120	cloud-23979	TIMEOUT	990.929368151	926.4464626699919	8621.146112	cloud-23939
combinations/pals_lcr.8_overflow.ufo.UNBOUNDED.pals+Problem12_label01.yml	false	TIMEOUT	990.810018316	794.5543191430042	7802.064896	cloud-23944	TIMEOUT	991.018913832	824.2540095130098	7814.602752	cloud-23980	TIMEOUT	991.466833916	904.2612604219757	9244.770304	cloud-23982
combinations/pals_lcr.8_overflow.ufo.UNBOUNDED.pals+Problem12_label02.yml	false	TIMEOUT	990.97584683	924.8495270090061	10652.790784	cloud-23944	TIMEOUT	991.177954918	906.7471787059912	7909.564416	cloud-23980	TIMEOUT	991.23331617	907.9851652440266	8010.207232	cloud-23938
combinations/pals_lcr.8_overflow.ufo.UNBOUNDED.pals+Problem12_label04.yml	false	TIMEOUT	991.322035937	808.5895406359996	10655.875072	cloud-23979	TIMEOUT	992.53482787	758.068151296	10771.824640	cloud-23979	TIMEOUT	990.811834941	928.9746357149852	7417.831424	cloud-23942
combinations/pals_lcr.8_overflow.ufo.UNBOUNDED.pals+Problem12_label05.yml	false	TIMEOUT	990.93710065	916.5165483530145	7819.354112	cloud-23944	TIMEOUT	991.398671727	909.9296434690186	9947.652096	cloud-23938	TIMEOUT	991.378706536	909.7769797949877	7928.086528	cloud-23980
combinations/pals_lcr.8_overflow.ufo.UNBOUNDED.pals+Problem12_label09.yml	false	TIMEOUT	992.209591499	766.003852118	7766.450176	cloud-24259	TIMEOUT	991.448999317	801.3953326110204	7784.378368	cloud-23938	TIMEOUT	991.072008486	909.445046236011	7740.944384	cloud-23980
combinations/pc_sfifo_1.cil-1+token_ring.01.cil-1.yml	false	false(unreach-call)	46.195208425	26.7297015380027	735.064064	cloud-23979	false(unreach-call)	46.060661105	26.436872023972683	777.617408	cloud-23933	false(unreach-call)	88.49097809	57.71995365302428	760.426496	cloud-23982
combinations/pc_sfifo_1.cil-1+token_ring.02.cil-1.yml	false	false(unreach-call)	48.667823902	28.038066482997237	693.301248	cloud-23979	false(unreach-call)	52.489917335	29.64131560601527	870.821888	cloud-23979	false(unreach-call)	121.045425533	95.88799847400514	796.803072	cloud-23982
combinations/pc_sfifo_1.cil-1+token_ring.03.cil-2.yml	false	false(unreach-call)	59.661792704	36.43036357600067	783.216640	cloud-23933	false(unreach-call)	57.892509986	34.136837397003546	790.409216	cloud-23979	false(unreach-call)	140.296665014	116.1814823759778	872.304640	cloud-23982
combinations/pc_sfifo_1.cil-1+token_ring.04.cil-1.yml	false	false(unreach-call)	65.654312336	39.40994300899911	861.147136	cloud-24259	false(unreach-call)	68.389923747	41.95994650400826	871.436288	cloud-23982	false(unreach-call)	117.405572527	92.23009397799615	910.241792	cloud-23979
combinations/pc_sfifo_1.cil-1+token_ring.05.cil-1.yml	false	false(unreach-call)	60.730130605	38.359663734001515	778.534912	cloud-24259	false(unreach-call)	56.566732761	36.501413632009644	772.059136	cloud-23939	false(unreach-call)	351.011240824	319.69692927302094	1064.005632	cloud-23938
combinations/pc_sfifo_1.cil-1+token_ring.06.cil-2.yml	false	false(unreach-call)	81.201192654	52.036810479999986	972.607488	cloud-23933	false(unreach-call)	82.495287177	53.39328237099107	901.849088	cloud-23938	false(unreach-call)	614.438435397	582.1692931219877	951.242752	cloud-23982
combinations/pc_sfifo_1.cil-1+token_ring.07.cil-1.yml	false	false(unreach-call)	83.1109144	53.689879135999945	978.640896	cloud-24259	false(unreach-call)	84.873894624	56.68984400999034	956.854272	cloud-23980	false(unreach-call)	747.193170144	711.7760726010019	1019.330560	cloud-23982
combinations/pc_sfifo_1.cil-1+token_ring.08.cil-1.yml	false	false(unreach-call)	88.223093099	60.40540693300005	1144.946688	cloud-23933	false(unreach-call)	81.370844096	55.153153251012554	1087.528960	cloud-23979	TIMEOUT	990.353263055	956.9555607110087	1332.068352	cloud-23980
combinations/pc_sfifo_1.cil-1+token_ring.09.cil-1.yml	false	false(unreach-call)	99.48754268	67.35473590200127	1188.098048	cloud-24259	false(unreach-call)	117.45872487	80.1424343380204	1139.224576	cloud-23982	false(unreach-call)	763.341788888	733.8768816049851	1425.674240	cloud-23940
combinations/pc_sfifo_1.cil-1+token_ring.10.cil-2.yml	false	false(unreach-call)	78.421551726	56.78531288600061	1053.700096	cloud-23940	false(unreach-call)	111.9068971	78.48880637899856	1175.158784	cloud-23980	false(unreach-call)	812.60081664	768.1383615609957	1455.075328	cloud-23938
combinations/pc_sfifo_1.cil-1+token_ring.11.cil-2.yml	false	false(unreach-call)	121.045543069	87.85284077800316	1246.052352	cloud-23979	false(unreach-call)	114.913226126	81.09131821000483	1545.687040	cloud-23980	TIMEOUT	990.525851051	948.6734585009981	1593.421824	cloud-23982
combinations/pc_sfifo_1.cil-1+token_ring.12.cil-2.yml	false	false(unreach-call)	133.04112629	93.84304750300362	1353.203712	cloud-24259	false(unreach-call)	141.959589127	102.89398938999511	1732.685824	cloud-23982	TIMEOUT	990.461676396	954.3740086999896	1793.355776	cloud-23941
combinations/pc_sfifo_1.cil-1+token_ring.13.cil-2.yml	false	false(unreach-call)	148.710730695	112.21931163200134	2183.512064	cloud-23933	false(unreach-call)	139.26581586	103.47147638199385	1853.177856	cloud-23933	TIMEOUT	990.568398122	945.292259357986	2401.161216	cloud-23980
combinations/pc_sfifo_1.cil-2+token_ring.01.cil-1.yml	true	true	107.05926677	75.21618888100056	873.037824	cloud-23979	true	104.311034575	76.1363661949872	942.596096	cloud-23933	TIMEOUT	990.360846195	964.3977628879948	858.710016	cloud-23933
combinations/pc_sfifo_1.cil-2+token_ring.01.cil-2.yml	false	false(unreach-call)	88.596975673	62.39957213299931	875.089920	cloud-24259	false(unreach-call)	100.536804678	72.10440691802069	827.260928	cloud-23933	TIMEOUT	990.327706573	965.0261707990139	850.206720	cloud-23980
combinations/pc_sfifo_1.cil-2+token_ring.02.cil-1.yml	true	true	393.962890542	278.7636291309973	2353.635328	cloud-24259	true	219.067254643	184.85064105602214	937.664512	cloud-23982	TIMEOUT	990.393067392	958.2527881209971	856.203264	cloud-23933
combinations/pc_sfifo_1.cil-2+token_ring.02.cil-2.yml	false	false(unreach-call)	160.333081694	126.4941278519982	891.027456	cloud-24259	false(unreach-call)	165.915620202	132.41359590599313	898.416640	cloud-23979	TIMEOUT	990.379980958	964.2718850310193	966.713344	cloud-23979
combinations/pc_sfifo_1.cil-2+token_ring.03.cil-1.yml	false	TIMEOUT	990.755360982	924.7371117469738	2170.073088	cloud-23943	false(unreach-call)	319.65065055	282.97136943400255	1041.133568	cloud-23979	TIMEOUT	990.388012417	959.914081468014	940.609536	cloud-23979
combinations/pc_sfifo_1.cil-2+token_ring.03.cil-2.yml	true	TIMEOUT	990.500551401	942.714782125	2107.998208	cloud-23979	true	563.781534343	523.222255945002	966.660096	cloud-23938	TIMEOUT	990.339680834	960.2612163909944	998.699008	cloud-23982
combinations/pc_sfifo_1.cil-2+token_ring.04.cil-1.yml	true	TIMEOUT	990.466765681	937.507941085998	1243.422720	cloud-24259	TIMEOUT	990.552778544	947.3640352860093	1005.076480	cloud-23979	TIMEOUT	990.309172843	967.8717242279963	903.524352	cloud-23943
combinations/pc_sfifo_1.cil-2+token_ring.04.cil-2.yml	false	TIMEOUT	990.595295952	934.1564285269997	1724.489728	cloud-24259	TIMEOUT	990.446064177	947.808835638978	968.638464	cloud-23938	TIMEOUT	990.316930406	956.1140521149791	907.235328	cloud-23982
combinations/pc_sfifo_1.cil-2+token_ring.05.cil-1.yml	true	TIMEOUT	990.505185102	935.4830907530013	1304.088576	cloud-23933	TIMEOUT	990.491596862	944.4717227400106	1203.511296	cloud-23979	TIMEOUT	990.320633776	956.9994260270032	1066.983424	cloud-23982
combinations/pc_sfifo_1.cil-2+token_ring.05.cil-2.yml	false	TIMEOUT	990.486887756	937.378090648	1408.880640	cloud-23979	TIMEOUT	990.572631122	952.4832284459844	1137.369088	cloud-23979	TIMEOUT	990.432454894	960.4899035769922	998.707200	cloud-23933
combinations/pc_sfifo_1.cil-2+token_ring.06.cil-1.yml	false	TIMEOUT	990.532791103	929.0206644310019	1513.803776	cloud-23979	TIMEOUT	990.482191124	940.3450556900061	954.425344	cloud-23982	TIMEOUT	990.450298484	958.0921517420211	1212.325888	cloud-23979
combinations/pc_sfifo_1.cil-2+token_ring.06.cil-2.yml	true	TIMEOUT	990.4098667	947.0086518579628	1473.036288	cloud-23940	TIMEOUT	990.457311275	946.0127148309839	1235.193856	cloud-23980	TIMEOUT	990.360427491	959.0994497580105	1188.495360	cloud-23980
combinations/pc_sfifo_1.cil-2+token_ring.07.cil-1.yml	true	TIMEOUT	990.566612226	928.8595730159999	1769.144320	cloud-23933	TIMEOUT	990.472442769	939.650053238991	1292.816384	cloud-23979	TIMEOUT	990.403308795	956.2271016480227	1212.518400	cloud-23979
combinations/pc_sfifo_1.cil-2+token_ring.07.cil-2.yml	false	TIMEOUT	990.543568818	929.4737741339995	1576.042496	cloud-24259	TIMEOUT	990.545165075	938.043868067005	1444.356096	cloud-23979	TIMEOUT	990.47105669	946.1962503069954	1039.003648	cloud-23933
combinations/pc_sfifo_1.cil-2+token_ring.08.cil-1.yml	true	TIMEOUT	990.569865906	921.4543819189967	1698.598912	cloud-23979	TIMEOUT	990.608714593	937.4693499520072	1263.476736	cloud-23982	TIMEOUT	990.372899821	951.229628229019	1417.711616	cloud-23938
combinations/pc_sfifo_1.cil-2+token_ring.08.cil-2.yml	false	TIMEOUT	990.645299518	923.6561842630035	2004.189184	cloud-23933	TIMEOUT	990.553512417	928.4491398039972	1051.312128	cloud-23938	TIMEOUT	990.471521143	953.5968880259898	1344.040960	cloud-23979
combinations/pc_sfifo_1.cil-2+token_ring.09.cil-1.yml	true	TIMEOUT	990.576233618	922.3091813039973	1927.761920	cloud-23933	TIMEOUT	990.644338663	927.0568666330073	1052.561408	cloud-23979	TIMEOUT	990.387717799	946.2718810490042	1244.631040	cloud-23982
combinations/pc_sfifo_1.cil-2+token_ring.09.cil-2.yml	false	TIMEOUT	990.515904135	927.3180973709968	1810.399232	cloud-23979	TIMEOUT	990.541955219	920.1403417969996	1257.877504	cloud-23982	TIMEOUT	990.488539458	953.615511631011	1541.844992	cloud-23933
combinations/pc_sfifo_1.cil-2+token_ring.10.cil-1.yml	false	TIMEOUT	990.557381243	917.3864397769976	1920.016384	cloud-23979	TIMEOUT	990.689396719	917.459133477998	1244.020736	cloud-23982	TIMEOUT	990.500513873	949.3948501610139	1541.005312	cloud-23933
combinations/pc_sfifo_1.cil-2+token_ring.10.cil-2.yml	true	TIMEOUT	990.563230047	922.2776359070012	2029.531136	cloud-24259	TIMEOUT	990.552711438	931.6185430469923	1301.868544	cloud-23979	TIMEOUT	990.487874366	953.5865841860068	1336.487936	cloud-23979
combinations/pc_sfifo_1.cil-2+token_ring.11.cil-1.yml	false	TIMEOUT	990.713154378	915.7559052159995	2044.891136	cloud-24259	TIMEOUT	990.599521849	922.9822780480026	1325.858816	cloud-23980	TIMEOUT	990.594121739	945.3572101840109	1808.801792	cloud-23938
combinations/pc_sfifo_1.cil-2+token_ring.11.cil-2.yml	true	TIMEOUT	990.580073265	920.9177627460012	2046.357504	cloud-23979	TIMEOUT	990.582647038	940.3171449559741	1556.500480	cloud-23933	TIMEOUT	990.51584514	945.981875100988	1726.746624	cloud-23982
combinations/pc_sfifo_1.cil-2+token_ring.12.cil-1.yml	false	TIMEOUT	990.772404616	912.3604377359989	2425.499648	cloud-23933	TIMEOUT	990.563769362	933.534512364975	1489.227776	cloud-23979	TIMEOUT	990.476208196	946.1678821110108	1954.148352	cloud-23982
combinations/pc_sfifo_1.cil-2+token_ring.12.cil-2.yml	true	TIMEOUT	990.666214353	915.2476802050005	2299.080704	cloud-23933	TIMEOUT	990.627528023	924.9333676510141	1428.832256	cloud-23938	TIMEOUT	990.600792912	941.7599681899883	2132.598784	cloud-23982
combinations/pc_sfifo_1.cil-2+token_ring.13.cil-1.yml	false	TIMEOUT	990.700802865	911.177378582	3422.208000	cloud-23933	TIMEOUT	990.633225672	935.0977382000128	2145.693696	cloud-23980	TIMEOUT	990.541869721	940.1608070939837	2150.981632	cloud-23982
combinations/pc_sfifo_1.cil-2+token_ring.13.cil-2.yml	true	TIMEOUT	990.746311601	910.961760881	2998.943744	cloud-23979	TIMEOUT	990.539957343	929.3821278149844	2049.417216	cloud-23938	TIMEOUT	990.480868212	939.328552003979	2132.066304	cloud-23982
combinations/pc_sfifo_1.cil-2+token_ring.14.cil.yml	false	TIMEOUT	990.672324155	914.7867110930019	2253.979648	cloud-23933	TIMEOUT	990.560814929	933.8215975239873	1536.405504	cloud-23979	TIMEOUT	990.579273461	941.9599714450014	1927.114752	cloud-23938
combinations/pc_sfifo_1.cil-2+token_ring.15.cil.yml	false	TIMEOUT	990.57671929	934.5981402560137	3009.970176	cloud-23940	TIMEOUT	990.689527745	933.9000168609782	2244.943872	cloud-23933	TIMEOUT	990.468578261	947.0647645370045	2099.732480	cloud-23980
combinations/pc_sfifo_2.cil-1+token_ring.01.cil-1.yml	true	true	149.331041939	114.81521031900047	978.612224	cloud-23933	true	166.963357297	135.03566432598745	920.195072	cloud-23938	TIMEOUT	990.329167097	965.9543681289942	878.067712	cloud-23979
combinations/pc_sfifo_2.cil-1+token_ring.01.cil-2.yml	false	false(unreach-call)	116.630951248	87.93684682399908	767.385600	cloud-23933	false(unreach-call)	128.468977174	96.50945890901494	770.764800	cloud-23938	TIMEOUT	990.310091716	964.5340348979807	797.462528	cloud-23980
combinations/pc_sfifo_2.cil-1+token_ring.02.cil-1.yml	true	TIMEOUT	990.605896921	934.4973246610025	1346.142208	cloud-24259	true	234.951167477	201.89702814799966	1040.531456	cloud-23933	TIMEOUT	990.36663536	966.3925027489895	923.025408	cloud-23979
combinations/pc_sfifo_2.cil-1+token_ring.02.cil-2.yml	false	TIMEOUT	990.476420546	940.3389590950028	1109.311488	cloud-23933	false(unreach-call)	263.768979951	228.18417366201174	992.649216	cloud-23938	TIMEOUT	990.368505997	960.0920699120034	884.006912	cloud-23933
combinations/pc_sfifo_2.cil-1+token_ring.03.cil-1.yml	false	TIMEOUT	990.39069625	939.7491732060007	1031.942144	cloud-23979	false(unreach-call)	348.179474835	317.3156613680185	985.141248	cloud-23943	TIMEOUT	990.326728051	965.18655356401	892.129280	cloud-23933
combinations/pc_sfifo_2.cil-1+token_ring.03.cil-2.yml	true	TIMEOUT	990.371948676	950.8292198840063	1320.898560	cloud-23940	true	665.014698019	622.8270836329903	1207.345152	cloud-23938	TIMEOUT	990.243982165	971.5583556700149	950.546432	cloud-23944
combinations/pc_sfifo_2.cil-1+token_ring.04.cil-1.yml	true	TIMEOUT	990.472081253	942.213953000999	1316.831232	cloud-23979	TIMEOUT	990.469952158	942.10772786499	1206.857728	cloud-23933	TIMEOUT	990.329796015	962.3032543620211	918.261760	cloud-23980
combinations/pc_sfifo_2.cil-1+token_ring.04.cil-2.yml	false	TIMEOUT	990.441185569	939.569360605994	1075.933184	cloud-23979	TIMEOUT	990.525515277	940.5073336180067	939.028480	cloud-23982	TIMEOUT	990.382711471	954.3076117000019	995.360768	cloud-23938
combinations/pc_sfifo_2.cil-1+token_ring.05.cil-1.yml	true	TIMEOUT	990.338103079	952.377455710026	1345.204224	cloud-23941	TIMEOUT	990.468679653	945.1886462039838	1118.158848	cloud-23938	TIMEOUT	990.355353976	954.9717575709801	919.945216	cloud-23982
combinations/pc_sfifo_2.cil-1+token_ring.05.cil-2.yml	false	TIMEOUT	990.440080446	938.5755429199999	1354.964992	cloud-23979	TIMEOUT	990.434673783	947.7519728939806	1231.962112	cloud-23979	TIMEOUT	990.366403247	957.0295958610077	1113.006080	cloud-23982
combinations/pc_sfifo_2.cil-1+token_ring.06.cil-1.yml	false	TIMEOUT	990.523691839	927.3490442290022	1303.433216	cloud-24259	TIMEOUT	990.503063748	940.8002769570157	983.875584	cloud-23938	TIMEOUT	990.392626175	958.5430616509984	1128.419328	cloud-23979
combinations/pc_sfifo_2.cil-1+token_ring.06.cil-2.yml	true	TIMEOUT	990.46149932	935.1281885139979	1363.189760	cloud-23979	TIMEOUT	990.473841162	939.5376779179787	1171.939328	cloud-23933	TIMEOUT	990.445802997	958.988361479016	1155.985408	cloud-23979
combinations/pc_sfifo_2.cil-1+token_ring.07.cil-1.yml	true	TIMEOUT	990.612479754	925.9170045549981	1631.604736	cloud-23933	TIMEOUT	990.526121994	933.5599404440145	1208.713216	cloud-23938	TIMEOUT	990.412104228	950.7583559310006	1273.565184	cloud-23982
combinations/pc_sfifo_2.cil-1+token_ring.07.cil-2.yml	false	TIMEOUT	990.586524907	927.5045874649986	1713.360896	cloud-23979	TIMEOUT	990.54545674	936.0125718299823	1090.543616	cloud-23933	TIMEOUT	990.400997592	952.3889670549834	1272.389632	cloud-23980
combinations/pc_sfifo_2.cil-1+token_ring.08.cil-1.yml	true	TIMEOUT	990.624046454	927.4090070539969	1981.685760	cloud-24259	TIMEOUT	990.645554756	937.0463718980027	1469.280256	cloud-23943	TIMEOUT	990.498928637	945.1777298290108	1383.829504	cloud-23982
combinations/pc_sfifo_2.cil-1+token_ring.08.cil-2.yml	false	TIMEOUT	990.654176814	919.7829001509999	2016.423936	cloud-24259	TIMEOUT	990.579370656	932.3091504699842	1033.334784	cloud-23944	TIMEOUT	990.410839185	952.1045735869848	1356.386304	cloud-23980
combinations/pc_sfifo_2.cil-1+token_ring.09.cil-1.yml	true	TIMEOUT	990.689997501	918.3258358150015	2203.164672	cloud-23933	TIMEOUT	990.514864761	933.1802507969842	1222.078464	cloud-23938	TIMEOUT	990.451588528	953.750719225005	1416.622080	cloud-23980
combinations/pc_sfifo_2.cil-1+token_ring.09.cil-2.yml	false	TIMEOUT	990.581090681	925.3312513029996	1888.722944	cloud-23979	TIMEOUT	990.643682669	939.3178735739784	1439.485952	cloud-23933	TIMEOUT	990.403077325	952.0745279840194	1213.677568	cloud-23980
combinations/pc_sfifo_2.cil-1+token_ring.10.cil-1.yml	false	TIMEOUT	990.696011305	916.8218338129991	2152.312832	cloud-23933	TIMEOUT	990.774659409	900.0331481159956	1113.542656	cloud-23933	TIMEOUT	990.608945785	946.4669524180063	1963.397120	cloud-23938
combinations/pc_sfifo_2.cil-1+token_ring.10.cil-2.yml	true	TIMEOUT	990.631044264	919.1007543169981	1703.686144	cloud-24259	TIMEOUT	990.888766492	900.3993664350128	1260.339200	cloud-23982	TIMEOUT	990.484390359	945.3973813909979	1350.631424	cloud-23982
combinations/pc_sfifo_2.cil-1+token_ring.11.cil-1.yml	false	TIMEOUT	990.603068664	919.8306527370005	2142.822400	cloud-24259	TIMEOUT	990.567114439	928.1326090579969	1237.618688	cloud-23933	TIMEOUT	990.605259675	941.4819235519972	1664.630784	cloud-23938
combinations/pc_sfifo_2.cil-1+token_ring.11.cil-2.yml	true	TIMEOUT	990.576920514	912.1396847420001	2107.228160	cloud-23979	TIMEOUT	990.647336902	934.3124436499784	1378.529280	cloud-23979	TIMEOUT	990.546305498	944.1061597759835	1818.550272	cloud-23938
combinations/pc_sfifo_2.cil-1+token_ring.12.cil-1.yml	false	TIMEOUT	990.789725592	917.1606088730005	2369.028096	cloud-23933	TIMEOUT	990.564646518	931.6546917890082	1591.185408	cloud-23938	TIMEOUT	990.47984392	953.0511340420053	1940.660224	cloud-23980
combinations/pc_sfifo_2.cil-1+token_ring.12.cil-2.yml	true	TIMEOUT	990.648501353	920.6737444419996	2234.466304	cloud-24259	TIMEOUT	990.568885564	937.0156414849916	1663.266816	cloud-23980	TIMEOUT	990.558570078	950.7586608619895	2031.005696	cloud-23933
combinations/pc_sfifo_2.cil-1+token_ring.13.cil-1.yml	false	TIMEOUT	990.606300763	933.4763130770298	2672.693248	cloud-23943	TIMEOUT	990.472422132	933.1728530850087	1778.802688	cloud-23980	TIMEOUT	990.480299968	945.0334673420002	2885.730304	cloud-23980
combinations/pc_sfifo_2.cil-1+token_ring.13.cil-2.yml	true	TIMEOUT	990.724080617	904.8409939949997	2779.136000	cloud-23933	TIMEOUT	990.705220356	929.1056781689986	2278.461440	cloud-23979	TIMEOUT	990.520812245	940.2875931570015	2627.940352	cloud-23982
combinations/pc_sfifo_2.cil-1+token_ring.14.cil.yml	false	TIMEOUT	990.802046343	914.0661859550019	2713.821184	cloud-23979	TIMEOUT	990.58708647	933.2473751569923	1654.185984	cloud-23979	TIMEOUT	990.558433375	945.9027648949996	1915.297792	cloud-23933
combinations/pc_sfifo_2.cil-1+token_ring.15.cil.yml	false	TIMEOUT	990.804431672	911.8191905780004	2846.494720	cloud-23933	TIMEOUT	990.596896866	932.3887936469982	2137.788416	cloud-23980	TIMEOUT	990.529432188	940.4389800039935	1831.227392	cloud-23980
combinations/pc_sfifo_2.cil-2+token_ring.01.cil-1.yml	false	false(unreach-call)	53.676372567	29.72409349100053	694.349824	cloud-23979	false(unreach-call)	56.106155034	30.369564989989158	784.441344	cloud-23938	false(unreach-call)	792.098994587	763.624639843998	769.118208	cloud-23938
combinations/pc_sfifo_2.cil-2+token_ring.02.cil-1.yml	false	false(unreach-call)	56.666781094	33.65183886899467	678.260736	cloud-23933	false(unreach-call)	46.225546637	27.21843224798795	777.355264	cloud-23933	TIMEOUT	990.297737942	959.2347566800017	803.700736	cloud-23982
combinations/pc_sfifo_2.cil-2+token_ring.03.cil-2.yml	false	false(unreach-call)	56.699813304	33.26661937600147	800.083968	cloud-24259	false(unreach-call)	60.376880311	35.21440806699684	789.782528	cloud-23979	TIMEOUT	990.358084205	964.7284703199985	852.553728	cloud-23979
combinations/pc_sfifo_2.cil-2+token_ring.04.cil-1.yml	false	false(unreach-call)	46.191917913	29.53932917700149	911.724544	cloud-23943	false(unreach-call)	71.33281548	43.66175272499095	938.680320	cloud-23938	TIMEOUT	990.372338159	960.877616910002	985.444352	cloud-23979
combinations/pc_sfifo_2.cil-2+token_ring.05.cil-1.yml	false	false(unreach-call)	75.461201654	47.243908892000036	820.666368	cloud-23933	false(unreach-call)	62.489457478	40.27161040599458	953.503744	cloud-23980	TIMEOUT	990.369772968	959.9499871739827	996.282368	cloud-23933
combinations/pc_sfifo_2.cil-2+token_ring.06.cil-2.yml	false	false(unreach-call)	73.346011922	46.768337421999604	974.528512	cloud-24259	false(unreach-call)	74.571049719	47.73458100500284	1056.501760	cloud-23979	TIMEOUT	990.415598818	956.010955367994	1007.800320	cloud-23933
combinations/pc_sfifo_2.cil-2+token_ring.07.cil-1.yml	false	false(unreach-call)	63.045087207	42.264246102946345	920.125440	cloud-23940	false(unreach-call)	92.383027836	60.169395523989806	1053.798400	cloud-23933	TIMEOUT	990.482772141	943.6787529580179	1098.133504	cloud-23933
combinations/pc_sfifo_2.cil-2+token_ring.08.cil-1.yml	false	false(unreach-call)	105.085074148	69.53020328899584	1089.413120	cloud-23933	false(unreach-call)	93.044512155	61.04499202800798	1082.519552	cloud-23979	TIMEOUT	990.481975529	956.2514069119934	1330.511872	cloud-23933
combinations/pc_sfifo_2.cil-2+token_ring.09.cil-1.yml	false	false(unreach-call)	111.556392901	75.86998541500361	947.957760	cloud-23979	false(unreach-call)	128.924035073	84.83246152999345	1192.218624	cloud-23982	TIMEOUT	990.448157593	954.6875973760034	1486.024704	cloud-23980
combinations/pc_sfifo_2.cil-2+token_ring.10.cil-2.yml	false	false(unreach-call)	113.559317329	77.57521547800206	1273.704448	cloud-24259	false(unreach-call)	117.647409695	81.47629793302622	1047.900160	cloud-23980	TIMEOUT	990.497403601	949.1820945259824	1425.870848	cloud-23979
combinations/pc_sfifo_2.cil-2+token_ring.11.cil-2.yml	false	false(unreach-call)	142.75471172	99.79065671999706	1325.666304	cloud-23933	false(unreach-call)	132.132997686	95.40235768601997	1206.435840	cloud-23982	TIMEOUT	990.468202452	944.5081506050192	1445.208064	cloud-23982
combinations/pc_sfifo_2.cil-2+token_ring.12.cil-2.yml	false	false(unreach-call)	131.310344661	94.88950101199589	1486.913536	cloud-24259	false(unreach-call)	140.24863469	100.38760105098481	1714.712576	cloud-23938	TIMEOUT	990.506845553	947.9844823149906	2003.378176	cloud-23979
combinations/pc_sfifo_2.cil-2+token_ring.13.cil-2.yml	false	false(unreach-call)	165.435902031	122.01267967500098	1898.360832	cloud-23979	false(unreach-call)	136.554718763	101.16385394000099	2207.277056	cloud-23933	TIMEOUT	990.630559001	939.5685779929918	2469.756928	cloud-23938
combinations/pc_sfifo_3.cil+token_ring.01.cil-1.yml	true	true	87.873084953	58.21573131100013	930.402304	cloud-23979	true	84.911747236	57.59157658700133	918.753280	cloud-23980	TIMEOUT	990.342718398	966.1855860819924	911.245312	cloud-23979
combinations/pc_sfifo_3.cil+token_ring.01.cil-2.yml	false	false(unreach-call)	70.800375172	40.1358762000018	737.398784	cloud-23933	false(unreach-call)	54.207243354	32.32185299898265	810.418176	cloud-23979	TIMEOUT	990.344813154	964.3594481619948	878.968832	cloud-23980
combinations/pc_sfifo_3.cil+token_ring.02.cil-1.yml	true	TIMEOUT	990.479121285	937.9048408419985	1241.559040	cloud-23933	true	340.340982638	302.0961617430148	1123.213312	cloud-23982	TIMEOUT	990.418366632	959.4805076329794	835.104768	cloud-23938
combinations/pc_sfifo_3.cil+token_ring.02.cil-2.yml	false	TIMEOUT	990.445133579	937.4867039630008	1206.407168	cloud-23933	false(unreach-call)	304.120657331	267.00680371699855	971.661312	cloud-23982	TIMEOUT	990.328843723	958.4900448179978	959.045632	cloud-23980
combinations/pc_sfifo_3.cil+token_ring.03.cil-1.yml	false	TIMEOUT	990.538825275	937.7184906320035	1168.756736	cloud-23933	false(unreach-call)	458.214538175	415.87375693398644	1046.671360	cloud-23979	TIMEOUT	990.376898847	959.7878817049786	974.757888	cloud-23938
combinations/pc_sfifo_3.cil+token_ring.03.cil-2.yml	true	TIMEOUT	990.449234921	943.3378715409999	1246.674944	cloud-24259	true	542.763707689	505.5044954229961	1029.816320	cloud-23979	TIMEOUT	990.357699494	959.0644176589849	907.939840	cloud-23979
combinations/pc_sfifo_3.cil+token_ring.04.cil-1.yml	true	TIMEOUT	990.56473986	930.583070075998	1349.033984	cloud-23933	TIMEOUT	990.40230096	954.446110097022	1127.071744	cloud-23980	TIMEOUT	990.414377867	954.7386622900085	969.482240	cloud-23982
combinations/pc_sfifo_3.cil+token_ring.04.cil-2.yml	false	TIMEOUT	990.47875382	939.9900731999987	1177.337856	cloud-24259	TIMEOUT	990.532222203	947.6365637000126	925.827072	cloud-23980	TIMEOUT	990.425558402	955.9795699249953	942.030848	cloud-23938
combinations/pc_sfifo_3.cil+token_ring.05.cil-1.yml	true	TIMEOUT	990.498332387	934.0095936170001	1257.082880	cloud-23933	TIMEOUT	990.566563715	944.7342216320103	1194.983424	cloud-23979	TIMEOUT	990.389559443	959.0108934600139	1162.788864	cloud-23980
combinations/pc_sfifo_3.cil+token_ring.05.cil-2.yml	false	TIMEOUT	990.53551176	937.8834466480002	1398.796288	cloud-23979	TIMEOUT	990.495338285	940.4585536439845	1114.701824	cloud-23982	TIMEOUT	990.446247781	944.8458895990043	1032.445952	cloud-23938
combinations/pc_sfifo_3.cil+token_ring.06.cil-1.yml	false	TIMEOUT	990.51465963	932.7797587419991	1468.854272	cloud-24259	TIMEOUT	990.536632306	943.4765531599987	1253.277696	cloud-23982	TIMEOUT	990.371456973	962.9432560589921	1078.386688	cloud-23941
combinations/pc_sfifo_3.cil+token_ring.06.cil-2.yml	true	TIMEOUT	990.4884458	936.1243990099974	1551.511552	cloud-24259	TIMEOUT	990.453116707	944.1281433219847	1184.923648	cloud-23979	TIMEOUT	990.439425519	954.4265117160103	1229.287424	cloud-23938
combinations/pc_sfifo_3.cil+token_ring.07.cil-1.yml	true	TIMEOUT	990.409565814	947.5093189210165	1594.380288	cloud-23939	TIMEOUT	990.56034275	938.0009428299963	1380.024320	cloud-23938	TIMEOUT	990.435629354	957.9527538770053	1345.691648	cloud-23979
combinations/pc_sfifo_3.cil+token_ring.07.cil-2.yml	false	TIMEOUT	990.577644948	930.5805926360008	1941.504000	cloud-24259	TIMEOUT	990.676953589	936.4478358289925	1347.239936	cloud-23938	TIMEOUT	990.460315165	952.0423088220123	1368.449024	cloud-23979
combinations/pc_sfifo_3.cil+token_ring.08.cil-1.yml	true	TIMEOUT	990.600962875	933.091710243003	2017.673216	cloud-23979	TIMEOUT	990.542205333	945.0401938810246	1434.161152	cloud-23980	TIMEOUT	990.467281893	956.7096877089934	1452.216320	cloud-23980
combinations/pc_sfifo_3.cil+token_ring.08.cil-2.yml	false	TIMEOUT	990.610678165	924.3305271529971	1707.286528	cloud-23933	TIMEOUT	990.518301857	936.7723841779807	1275.432960	cloud-23979	TIMEOUT	990.454599267	953.047471302998	1349.959680	cloud-23980
combinations/pc_sfifo_3.cil+token_ring.09.cil-1.yml	true	TIMEOUT	990.565626796	927.5185156209991	2181.558272	cloud-23979	TIMEOUT	990.553163534	934.7941153860011	1164.644352	cloud-23982	TIMEOUT	990.435007075	956.7781851699983	1632.690176	cloud-23933
combinations/pc_sfifo_3.cil+token_ring.09.cil-2.yml	false	TIMEOUT	990.647016139	920.7952845799955	2053.636096	cloud-23979	TIMEOUT	990.542176739	934.1215483429842	1098.420224	cloud-23938	TIMEOUT	990.438916535	957.7388071809837	1575.378944	cloud-23980
combinations/pc_sfifo_3.cil+token_ring.10.cil-1.yml	false	TIMEOUT	990.536730291	926.7636423449999	2216.579072	cloud-23979	TIMEOUT	990.544911534	933.035437293991	1275.801600	cloud-23938	TIMEOUT	990.47228995	950.7956170789839	1663.381504	cloud-23979
combinations/pc_sfifo_3.cil+token_ring.10.cil-2.yml	true	TIMEOUT	990.62760195	919.0011149779999	2329.935872	cloud-24259	TIMEOUT	990.63308345	931.2783825939987	1371.521024	cloud-23933	TIMEOUT	990.47128613	953.1276647240156	1461.858304	cloud-23980
combinations/pc_sfifo_3.cil+token_ring.11.cil-1.yml	false	TIMEOUT	990.666310739	919.5715512959941	2212.368384	cloud-23933	TIMEOUT	990.555604603	932.983289722004	1344.339968	cloud-23938	TIMEOUT	990.521327339	939.970625218004	1928.056832	cloud-23982
combinations/pc_sfifo_3.cil+token_ring.11.cil-2.yml	true	TIMEOUT	990.694693115	919.0928225649986	2143.236096	cloud-23933	TIMEOUT	990.569455868	936.70017236899	1634.091008	cloud-23979	TIMEOUT	990.501450022	952.9498714009824	1907.716096	cloud-23980
combinations/pc_sfifo_3.cil+token_ring.12.cil-1.yml	false	TIMEOUT	990.5615669	938.7654494820163	2688.696320	cloud-23943	TIMEOUT	990.566331812	927.4489915439917	1823.531008	cloud-23982	TIMEOUT	990.602619731	941.9731665540021	1967.489024	cloud-23938
combinations/pc_sfifo_3.cil+token_ring.12.cil-2.yml	true	TIMEOUT	990.613088359	919.2611785459994	2270.535680	cloud-23979	TIMEOUT	990.565136352	926.8343450110115	1589.850112	cloud-23938	TIMEOUT	990.592994783	949.8519417429925	2379.141120	cloud-23933
combinations/pc_sfifo_3.cil+token_ring.13.cil-1.yml	false	TIMEOUT	990.679236585	921.7476580850016	2693.050368	cloud-24259	TIMEOUT	990.547260338	930.5364320779918	1662.955520	cloud-23980	TIMEOUT	990.673943271	943.1561532600026	2356.944896	cloud-23979
combinations/pc_sfifo_3.cil+token_ring.13.cil-2.yml	true	TIMEOUT	990.710915764	912.518939360998	2756.337664	cloud-23979	TIMEOUT	990.673325102	929.8510615729901	1994.756096	cloud-23980	TIMEOUT	990.624803014	946.9591308029776	2407.124992	cloud-23979
combinations/pc_sfifo_3.cil+token_ring.14.cil.yml	false	TIMEOUT	990.624203025	921.5115025829982	2301.628416	cloud-24259	TIMEOUT	990.495285239	938.250291022996	1690.230784	cloud-23933	TIMEOUT	990.598879379	940.897674265987	2139.496448	cloud-23938
combinations/pc_sfifo_3.cil+token_ring.15.cil.yml	false	TIMEOUT	990.748431076	916.924505781004	2848.063488	cloud-23979	TIMEOUT	990.488177462	933.9073537740042	2265.493504	cloud-23979	TIMEOUT	990.608688804	946.1636798820109	2310.782976	cloud-23980
combinations/square_1+soft_float_1-2a.c.cil.yml	false	TIMEOUT	990.305088452	974.0585203730152	1226.309632	cloud-23940	TIMEOUT	990.362961125	975.9541709300247	1307.643904	cloud-23979	TIMEOUT	990.381534934	973.5915605799819	1177.645056	cloud-23979
combinations/square_1+soft_float_2a.c.cil.yml	false	TIMEOUT	990.356465296	971.1458633360016	1098.715136	cloud-24259	TIMEOUT	990.284334687	976.937254435994	1155.125248	cloud-23980	TIMEOUT	990.342008148	971.9585966729792	1110.310912	cloud-23938
combinations/square_1+soft_float_3a.c.cil.yml	false	TIMEOUT	990.362109234	971.0511643270002	1136.742400	cloud-24259	TIMEOUT	990.341297044	976.1987959010003	1339.695104	cloud-23979	TIMEOUT	990.395427837	975.1284330369963	1134.366720	cloud-23938
combinations/square_1+soft_float_4-2a.c.cil.yml	false	TIMEOUT	990.287976743	975.488139818015	1108.492288	cloud-23940	TIMEOUT	990.377031188	975.5770102169772	1299.742720	cloud-23933	TIMEOUT	990.219333261	980.0028699490067	1080.832000	cloud-23944
combinations/square_1+soft_float_5a.c.cil.yml	false	TIMEOUT	990.374023824	968.3391279690004	1157.738496	cloud-23933	TIMEOUT	990.342212626	976.5594887409825	1317.163008	cloud-23979	TIMEOUT	990.290111302	976.1773797960195	1139.912704	cloud-23982
combinations/square_2+soft_float_1-2a.c.cil.yml	false	TIMEOUT	990.317177185	973.186467984	969.928704	cloud-23979	TIMEOUT	990.360628289	974.2635874419939	1121.030144	cloud-23938	TIMEOUT	990.368858488	978.8904786039784	1037.643776	cloud-23980
combinations/square_2+soft_float_2a.c.cil.yml	false	TIMEOUT	990.312541557	971.1978078280008	1103.450112	cloud-24259	TIMEOUT	990.267262077	977.4596016450087	1140.285440	cloud-23980	TIMEOUT	990.336285319	976.287322551012	1050.824704	cloud-23980
combinations/square_2+soft_float_3a.c.cil.yml	false	TIMEOUT	990.274575837	972.1630563250001	1049.726976	cloud-23979	TIMEOUT	990.307657694	975.9860699000128	1108.635648	cloud-23980	TIMEOUT	990.361552134	973.9920405730081	1024.520192	cloud-23933
combinations/square_2+soft_float_4-2a.c.cil.yml	false	TIMEOUT	990.306767542	971.9790978480014	1127.759872	cloud-24259	TIMEOUT	990.299696399	978.0709987260052	1105.055744	cloud-23980	TIMEOUT	990.337287785	974.4942876530113	1144.389632	cloud-23933
combinations/square_2+soft_float_5a.c.cil.yml	false	TIMEOUT	990.330515412	971.9363666569989	1137.258496	cloud-23979	TIMEOUT	990.336555754	974.0714032649994	1124.823040	cloud-23938	TIMEOUT	990.338386014	974.2942055329913	1089.560576	cloud-23938
combinations/square_3+soft_float_1-2a.c.cil.yml	false	TIMEOUT	990.374374749	969.8013002969965	1088.475136	cloud-23933	TIMEOUT	990.329101612	975.8886539619998	1328.271360	cloud-23933	TIMEOUT	990.327466348	976.0480469320028	1022.451712	cloud-23938
combinations/square_3+soft_float_2a.c.cil.yml	false	TIMEOUT	990.397143848	970.3323129629935	1144.799232	cloud-24259	TIMEOUT	990.321768156	975.7274550310103	1118.949376	cloud-23980	TIMEOUT	990.291959016	975.8878768970026	1090.490368	cloud-23980
combinations/square_3+soft_float_3a.c.cil.yml	false	TIMEOUT	990.364712655	977.3742853219737	1225.142272	cloud-23941	TIMEOUT	990.354636812	974.8208516380109	1127.886848	cloud-23938	TIMEOUT	990.247876424	978.9614465940103	1136.615424	cloud-23982
combinations/square_3+soft_float_4-2a.c.cil.yml	false	TIMEOUT	990.274854144	975.7648109189468	1131.757568	cloud-23939	TIMEOUT	990.325908432	977.7907937470009	1336.811520	cloud-23979	TIMEOUT	990.298282152	974.445483538002	1059.368960	cloud-23938
combinations/square_3+soft_float_5a.c.cil.yml	false	TIMEOUT	990.279018796	970.9600136219997	1041.870848	cloud-23979	TIMEOUT	990.404089034	975.5103589670034	1110.564864	cloud-23938	TIMEOUT	990.316478401	975.4414972890227	1043.816448	cloud-23982
combinations/square_4+soft_float_1-2a.c.cil.yml	true	TIMEOUT	990.234123374	977.7859439900494	1204.576256	cloud-23942	TIMEOUT	990.341201241	976.0288927140064	1133.015040	cloud-23938	TIMEOUT	990.280706186	976.8266350000049	1207.271424	cloud-23980
combinations/square_4+soft_float_1-3a.c.cil.yml	false	TIMEOUT	990.375577404	974.2888890499962	1082.458112	cloud-23979	TIMEOUT	990.385246372	974.0514342899842	1299.677184	cloud-23933	TIMEOUT	990.40668012	974.0022330659849	1119.481856	cloud-23933
combinations/square_4+soft_float_2a.c.cil.yml	true	TIMEOUT	990.400298776	970.6833213080026	1215.246336	cloud-24259	TIMEOUT	990.38813233	974.8588816350093	1326.366720	cloud-23933	TIMEOUT	990.32756743	978.4001245420077	1120.514048	cloud-23980
combinations/square_4+soft_float_3a.c.cil.yml	true	TIMEOUT	990.396031974	968.4849629000018	1118.031872	cloud-23933	TIMEOUT	990.36859378	976.2443920359947	1314.308096	cloud-23979	TIMEOUT	990.255452704	974.8227402739867	1103.790080	cloud-23982
combinations/square_4+soft_float_4-2a.c.cil.yml	true	TIMEOUT	990.36341255	971.9241512289991	1076.842496	cloud-24259	TIMEOUT	990.340353186	976.417906607996	1122.869248	cloud-23982	TIMEOUT	990.327895169	977.3934337339888	1042.993152	cloud-23980
combinations/square_4+soft_float_4-3a.c.cil.yml	false	TIMEOUT	990.336653812	971.4932363039989	1256.280064	cloud-24259	TIMEOUT	990.285331889	978.1541092789848	1160.343552	cloud-23982	TIMEOUT	990.371301491	973.8074321679887	1155.272704	cloud-23938
combinations/square_4+soft_float_5a.c.cil.yml	true	TIMEOUT	990.240156145	977.9855801410158	1246.150656	cloud-23942	TIMEOUT	990.271805319	978.642868505005	1299.464192	cloud-23980	TIMEOUT	990.364527778	974.1589620639861	1215.832064	cloud-23979
combinations/square_5+soft_float_1-2a.c.cil.yml	true	TIMEOUT	990.372154217	969.5121562140048	1103.249408	cloud-23979	TIMEOUT	990.359762549	973.1522824419953	1116.704768	cloud-23938	TIMEOUT	990.327043497	975.6438399470062	1117.814784	cloud-23982
combinations/square_5+soft_float_1-3a.c.cil.yml	false	TIMEOUT	990.351653521	969.383300694004	1137.946624	cloud-23979	TIMEOUT	990.307325235	977.3435259610123	1297.661952	cloud-23980	TIMEOUT	990.354261108	972.886669480009	1129.005056	cloud-23933
combinations/square_5+soft_float_2a.c.cil.yml	true	TIMEOUT	990.376325623	969.6824662169965	993.206272	cloud-23933	TIMEOUT	990.388379219	976.4718661889783	1350.246400	cloud-23933	TIMEOUT	990.340397621	975.2430867090006	992.124928	cloud-23979
combinations/square_5+soft_float_3a.c.cil.yml	true	TIMEOUT	990.336784291	973.1162585510028	1129.529344	cloud-23979	TIMEOUT	990.302151533	974.2087137930212	1149.931520	cloud-23982	TIMEOUT	990.307723032	977.3805231309962	1109.315584	cloud-23980
combinations/square_5+soft_float_4-2a.c.cil.yml	true	TIMEOUT	990.343718077	971.0214628950052	1122.189312	cloud-23933	TIMEOUT	990.312866215	974.9914923199976	1315.766272	cloud-23933	TIMEOUT	990.340113068	974.5558436209976	1096.163328	cloud-23979
combinations/square_5+soft_float_4-3a.c.cil.yml	false	TIMEOUT	990.283274524	971.2020326500001	1044.062208	cloud-23933	TIMEOUT	990.296726791	975.198651189974	1090.998272	cloud-23980	TIMEOUT	990.3141995	973.7996671580186	1005.477888	cloud-23933
combinations/square_5+soft_float_5a.c.cil.yml	true	TIMEOUT	990.369245627	969.9518956209977	1198.743552	cloud-24259	TIMEOUT	990.356233561	976.0995924029849	1121.300480	cloud-23982	TIMEOUT	990.336978461	976.7572004880058	1111.126016	cloud-23933
combinations/square_6+soft_float_1-2a.c.cil.yml	true	TIMEOUT	990.322427168	970.501402386999	1114.701824	cloud-24259	TIMEOUT	990.248393753	977.728427286027	1171.623936	cloud-23980	TIMEOUT	990.339903079	975.0156282160024	1093.959680	cloud-23933
combinations/square_6+soft_float_1-3a.c.cil.yml	false	TIMEOUT	990.366272284	974.039788438	945.238016	cloud-23979	TIMEOUT	990.36554283	975.6287718159729	1303.912448	cloud-23933	TIMEOUT	990.370562087	974.8075155650149	1155.969024	cloud-23979
combinations/square_6+soft_float_2a.c.cil.yml	true	TIMEOUT	990.355737878	970.309418537996	1136.816128	cloud-24259	TIMEOUT	990.316703047	974.2385884959949	1124.028416	cloud-23938	TIMEOUT	990.321906037	975.2363283709856	1087.758336	cloud-23982
combinations/square_6+soft_float_3a.c.cil.yml	true	TIMEOUT	990.421900419	969.4989247289996	1118.396416	cloud-23933	TIMEOUT	990.353121357	976.7586347179895	1311.899648	cloud-23979	TIMEOUT	990.339763087	975.6864265720069	1091.645440	cloud-23979
combinations/square_6+soft_float_4-2a.c.cil.yml	true	TIMEOUT	990.26510443	976.2885139329592	1077.637120	cloud-23940	TIMEOUT	990.260049284	975.0989346620045	1108.520960	cloud-23982	TIMEOUT	990.317526748	976.0874653740029	1001.996288	cloud-23933
combinations/square_6+soft_float_4-3a.c.cil.yml	false	TIMEOUT	990.355238649	968.6690512019995	1108.414464	cloud-24259	TIMEOUT	990.379790918	976.25987793901	1344.536576	cloud-23979	TIMEOUT	990.348459647	976.2540701650141	1075.429376	cloud-23979
combinations/square_6+soft_float_5a.c.cil.yml	true	TIMEOUT	990.335602424	969.1947505629942	1095.897088	cloud-24259	TIMEOUT	990.383575177	976.021863927017	1316.552704	cloud-23933	TIMEOUT	990.368757318	972.8111676049884	1049.489408	cloud-23938
combinations/square_7+soft_float_1-2a.c.cil.yml	true	TIMEOUT	990.314965758	969.0121029920047	1003.286528	cloud-24259	TIMEOUT	990.344417432	977.5967372290033	1308.237824	cloud-23941	TIMEOUT	990.391746487	972.8595017140033	972.210176	cloud-23933
combinations/square_7+soft_float_1-3a.c.cil.yml	false	TIMEOUT	990.296891186	970.4150635389997	1091.375104	cloud-23979	TIMEOUT	990.397960645	974.0090600459953	1298.587648	cloud-23979	TIMEOUT	990.368759636	973.4675425759924	1148.354560	cloud-23938
combinations/square_7+soft_float_2a.c.cil.yml	true	TIMEOUT	990.345604364	976.1687607159838	1115.815936	cloud-23941	TIMEOUT	990.350521589	976.7062645950064	1295.224832	cloud-23979	TIMEOUT	990.354373658	974.5545093289984	1080.283136	cloud-23933
combinations/square_7+soft_float_3a.c.cil.yml	true	TIMEOUT	990.344486962	970.5971673029999	1129.689088	cloud-23979	TIMEOUT	990.303300927	976.7111173360026	1308.217344	cloud-23980	TIMEOUT	990.268911374	975.3967934050015	1136.345088	cloud-23982
combinations/square_7+soft_float_4-2a.c.cil.yml	true	TIMEOUT	990.302869099	975.4302416099999	912.777216	cloud-23979	TIMEOUT	990.351153698	976.7995144120068	1301.286912	cloud-23982	TIMEOUT	990.406910622	975.7395394270134	1171.111936	cloud-23979
combinations/square_7+soft_float_4-3a.c.cil.yml	false	TIMEOUT	990.36614639	970.6396868640004	1149.243392	cloud-24259	TIMEOUT	990.290615168	977.609268019005	1327.079424	cloud-23982	TIMEOUT	990.359935888	973.5830833819928	1088.937984	cloud-23938
combinations/square_7+soft_float_5a.c.cil.yml	true	TIMEOUT	990.287039935	974.3047547479946	1079.095296	cloud-23979	TIMEOUT	990.376574529	975.3673630169942	1290.133504	cloud-23979	TIMEOUT	990.340747461	974.2430866009963	1073.549312	cloud-23933
combinations/square_8+soft_float_1-2a.c.cil.yml	true	TIMEOUT	990.389849069	972.3553699969998	1115.643904	cloud-24259	TIMEOUT	990.33540795	974.8034119980002	1333.071872	cloud-23938	TIMEOUT	990.338600913	975.880113311985	1049.849856	cloud-23933
combinations/square_8+soft_float_1-3a.c.cil.yml	false	TIMEOUT	990.377177006	968.8508627789997	1227.857920	cloud-23933	TIMEOUT	990.330282316	978.4805409190012	1306.570752	cloud-23980	TIMEOUT	990.32873467	977.1603437839949	1121.685504	cloud-23980
combinations/square_8+soft_float_2a.c.cil.yml	true	TIMEOUT	990.430436525	972.2562205129652	1167.073280	cloud-23943	TIMEOUT	990.399095289	973.8498583880137	1352.486912	cloud-23938	TIMEOUT	990.312484188	974.4693838309904	1117.487104	cloud-23982
combinations/square_8+soft_float_3a.c.cil.yml	true	TIMEOUT	990.367229094	969.3692320320006	1136.390144	cloud-23933	TIMEOUT	990.39849762	975.6916709780053	1352.888320	cloud-23979	TIMEOUT	990.282019379	976.3977106060192	1088.233472	cloud-23982
combinations/square_8+soft_float_4-2a.c.cil.yml	true	TIMEOUT	990.414600619	972.4013292710006	1152.139264	cloud-23979	TIMEOUT	990.351626789	976.3862379839993	1307.127808	cloud-23933	TIMEOUT	990.352261353	976.2415583689872	1162.633216	cloud-23980
combinations/square_8+soft_float_4-3a.c.cil.yml	false	TIMEOUT	990.351866574	972.9150549189944	1034.608640	cloud-24259	TIMEOUT	990.300221114	974.6821362450137	1110.745088	cloud-23982	TIMEOUT	990.362694901	974.0153329400055	1028.567040	cloud-23938
combinations/square_8+soft_float_5a.c.cil.yml	true	TIMEOUT	990.307024976	974.2342740649983	1162.489856	cloud-23979	TIMEOUT	990.288987111	976.1293884199986	1323.503616	cloud-23933	TIMEOUT	990.365297465	975.4722733850067	1216.008192	cloud-23979
eca-rers2012/Problem01_label00.yml	true	true	97.256458032	67.04047962799814	990.232576	cloud-24259	true	99.001176003	72.76872084199567	1148.743680	cloud-23980	TIMEOUT	990.351578451	962.7883971300034	1017.454592	cloud-23938
eca-rers2012/Problem01_label01.yml	true	true	96.09349091	69.57506408399786	1169.608704	cloud-23979	true	114.884647839	83.79570723700454	1095.487488	cloud-23982	TIMEOUT	990.395428998	960.9326995839947	888.348672	cloud-23982
eca-rers2012/Problem01_label02.yml	true	true	90.099469623	62.49681751499884	1132.797952	cloud-23979	true	88.294883868	61.68378099001711	1002.352640	cloud-23938	TIMEOUT	990.353738575	965.7977054069925	935.624704	cloud-23979
eca-rers2012/Problem01_label03.yml	true	true	117.240742105	86.6866702979969	1301.549056	cloud-23933	true	116.448584474	86.09861573501257	1129.410560	cloud-23938	TIMEOUT	990.367559627	960.4678261110093	974.409728	cloud-23938
eca-rers2012/Problem01_label04.yml	true	true	81.711038203	60.50226833997294	1152.188416	cloud-23943	true	117.241559848	87.87012971198419	1156.124672	cloud-23938	TIMEOUT	990.316362587	968.5465912419895	1027.010560	cloud-23939
eca-rers2012/Problem01_label05.yml	true	true	95.209143999	66.59819394099759	1179.738112	cloud-23933	true	92.291755594	66.75362492198474	1073.250304	cloud-23980	TIMEOUT	990.377107336	960.0268999119871	1081.806848	cloud-23982
eca-rers2012/Problem01_label06.yml	true	true	96.291922167	68.12729221600239	1101.090816	cloud-23933	true	116.217966015	84.37949721098994	965.742592	cloud-23938	TIMEOUT	990.337421059	964.1161645629909	898.965504	cloud-23979
eca-rers2012/Problem01_label07.yml	true	true	96.002490549	68.58992817200487	1059.438592	cloud-24259	true	123.354317908	88.16151603599428	1113.722880	cloud-23982	TIMEOUT	990.323566422	971.2694629770122	1049.882624	cloud-23980
eca-rers2012/Problem01_label08.yml	true	true	105.121106163	78.44281565900019	1121.103872	cloud-24259	true	130.219128282	97.1957992449752	1069.936640	cloud-23938	TIMEOUT	990.390079048	961.5337832710065	1013.350400	cloud-23982
eca-rers2012/Problem01_label09.yml	true	true	110.595230625	82.6370662090012	1142.956032	cloud-23979	true	107.596362875	81.62617029898684	1099.272192	cloud-23982	TIMEOUT	990.3638853	962.066708555998	1063.530496	cloud-23982
eca-rers2012/Problem01_label10.yml	true	true	109.967818097	81.61705318299937	1073.016832	cloud-23933	true	107.229158481	82.25301284698071	987.484160	cloud-23980	TIMEOUT	990.392463165	965.790766243008	1023.578112	cloud-23980
eca-rers2012/Problem01_label11.yml	true	true	114.822289267	85.2080785750004	1198.194688	cloud-23933	true	116.372798439	87.35214514398831	1081.950208	cloud-23979	TIMEOUT	990.382578095	961.6145530600043	1077.092352	cloud-23982
eca-rers2012/Problem01_label12.yml	true	true	97.739574262	68.81401516700134	1075.793920	cloud-24259	true	93.318576281	65.59858012999757	1145.724928	cloud-23979	TIMEOUT	990.391140334	964.7700222819985	911.642624	cloud-23933
eca-rers2012/Problem01_label13.yml	true	true	90.128897302	64.53558898199844	1078.968320	cloud-23933	true	101.300214735	72.29508472999441	1033.900032	cloud-23938	TIMEOUT	990.397065485	960.553535287996	874.717184	cloud-23938
eca-rers2012/Problem01_label14.yml	true	true	91.367119048	62.445089472999825	1006.247936	cloud-24259	true	101.103865327	70.65426069902605	1059.573760	cloud-23938	TIMEOUT	990.397609853	965.8652825110184	1185.431552	cloud-23979
eca-rers2012/Problem01_label15.yml	false	false(unreach-call)	86.363390772	58.40045718100009	1054.937088	cloud-23933	false(unreach-call)	91.860448778	61.72334978199797	1040.486400	cloud-23982	TIMEOUT	990.3867442	962.9055399869976	1057.243136	cloud-23938
eca-rers2012/Problem01_label16.yml	true	true	120.623857176	88.71175189800124	1297.117184	cloud-23979	true	116.288317407	85.20763019297738	1039.671296	cloud-23933	TIMEOUT	990.40173123	961.0225057350181	1161.953280	cloud-23933
eca-rers2012/Problem01_label17.yml	true	true	94.092030459	67.76602605500375	1153.839104	cloud-23933	true	97.179732676	68.04924763701274	1060.507648	cloud-23979	TIMEOUT	990.318828981	969.5723153720028	925.630464	cloud-23980
eca-rers2012/Problem01_label18.yml	true	true	91.769342037	64.95824198700575	1064.689664	cloud-24259	true	93.720594257	70.25065227699815	953.442304	cloud-23980	TIMEOUT	990.420757109	961.3557029250078	1173.819392	cloud-23938
eca-rers2012/Problem01_label19.yml	true	true	85.592435967	60.75912977599364	1129.467904	cloud-24259	true	114.070139913	81.81618132800213	1044.324352	cloud-23982	TIMEOUT	990.378040337	964.133677232021	1037.156352	cloud-23982
eca-rers2012/Problem01_label20.yml	false	false(unreach-call)	82.972216748	56.77524220399937	1211.879424	cloud-24259	false(unreach-call)	112.166438848	77.32778448000317	1045.282816	cloud-23982	TIMEOUT	990.34173397	964.05850245498	1038.475264	cloud-23982
eca-rers2012/Problem01_label21.yml	false	false(unreach-call)	97.056940138	63.742874501003826	1099.108352	cloud-23933	false(unreach-call)	80.491310479	53.60391006601276	1191.944192	cloud-23979	TIMEOUT	990.388300829	962.0212970119901	1024.495616	cloud-23933
eca-rers2012/Problem01_label22.yml	true	true	95.118722349	68.68435341700024	1137.754112	cloud-24259	true	99.154590751	73.09899205798865	1041.915904	cloud-23980	TIMEOUT	990.396243692	961.5419379090017	1009.934336	cloud-23938
eca-rers2012/Problem01_label23.yml	true	true	82.079073526	58.608054982	1112.924160	cloud-23979	true	113.507566315	81.89005557302153	1039.810560	cloud-23982	TIMEOUT	990.30274367	969.1050476550008	1026.232320	cloud-23940
eca-rers2012/Problem01_label24.yml	true	true	90.139457272	63.703784504003124	1055.805440	cloud-23933	true	97.579463567	70.88662890999694	1026.265088	cloud-23980	TIMEOUT	990.427644106	963.4092023389821	1049.829376	cloud-23933
eca-rers2012/Problem01_label25.yml	true	true	88.714106773	63.21833317900018	1087.414272	cloud-24259	true	113.249400483	80.69607751999865	901.730304	cloud-23938	TIMEOUT	990.326853545	967.8288979250065	1058.222080	cloud-23980
eca-rers2012/Problem01_label26.yml	true	true	83.606511025	57.49024992800332	979.460096	cloud-24259	true	94.898266612	65.58855865700752	1071.788032	cloud-23938	TIMEOUT	990.344907548	961.2615447599965	965.926912	cloud-23982
eca-rers2012/Problem01_label27.yml	true	true	89.051166239	63.3885246189966	935.993344	cloud-23979	true	98.093229856	68.52456587000052	940.150784	cloud-23982	TIMEOUT	990.348722172	966.1925862109929	981.909504	cloud-23980
eca-rers2012/Problem01_label28.yml	true	true	79.954405914	54.015652050002245	1070.981120	cloud-24259	true	84.407130458	57.81282815799932	1326.837760	cloud-23979	TIMEOUT	990.359774127	961.5187043740007	1061.605376	cloud-23938
eca-rers2012/Problem01_label29.yml	true	true	86.496830307	62.54150133299845	1013.907456	cloud-23979	true	86.175180491	62.408098726999015	1106.452480	cloud-23979	TIMEOUT	990.35799383	960.6619821319764	942.534656	cloud-23938
eca-rers2012/Problem01_label30.yml	true	true	87.34813686	62.946591215004446	1064.808448	cloud-23933	true	92.93114551	67.96473733300809	1192.923136	cloud-23938	TIMEOUT	990.35221497	968.7197209050064	943.804416	cloud-23980
eca-rers2012/Problem01_label31.yml	true	true	86.836374722	61.24524431700411	1022.668800	cloud-24259	true	108.10812737	79.61045115598245	1116.643328	cloud-23982	TIMEOUT	990.307492283	963.1226792219968	1040.117760	cloud-23982
eca-rers2012/Problem01_label32.yml	false	false(unreach-call)	116.282906509	85.46496150700114	1199.910912	cloud-24259	false(unreach-call)	124.507581651	93.63169302800088	1154.699264	cloud-23980	TIMEOUT	990.313498355	962.1413887600065	1161.543680	cloud-23982
eca-rers2012/Problem01_label33.yml	false	false(unreach-call)	111.372606479	81.40723115899891	1063.018496	cloud-24259	false(unreach-call)	124.50046148	92.09489064998343	1097.900032	cloud-23982	TIMEOUT	990.318267834	966.5643819569959	1102.553088	cloud-23979
eca-rers2012/Problem01_label34.yml	true	true	107.650871797	82.38126233100047	1182.162944	cloud-23979	true	134.570031715	102.01995903401985	1100.419072	cloud-23982	TIMEOUT	990.385058588	963.008201737015	960.954368	cloud-23938
eca-rers2012/Problem01_label35.yml	false	false(unreach-call)	81.885529177	54.07147030699707	1161.973760	cloud-24259	false(unreach-call)	81.050557044	52.836037429980934	1094.361088	cloud-23979	TIMEOUT	990.32642526	964.4539817009936	914.554880	cloud-23979
eca-rers2012/Problem01_label36.yml	true	true	96.072592126	67.00778144800279	1098.473472	cloud-24259	true	83.868649353	61.73475844899076	1101.967360	cloud-23939	TIMEOUT	990.376481872	962.3459950209945	1009.451008	cloud-23938
eca-rers2012/Problem01_label37.yml	false	false(unreach-call)	67.992410499	47.64847503602505	991.977472	cloud-23944	false(unreach-call)	98.138301585	72.79537419098779	1130.352640	cloud-23982	TIMEOUT	990.403082618	963.923116837017	1026.805760	cloud-23979
eca-rers2012/Problem01_label38.yml	false	false(unreach-call)	94.617859108	65.17383375200006	1105.629184	cloud-24259	false(unreach-call)	102.669346025	74.56118330301251	1076.736000	cloud-23980	TIMEOUT	990.3909821	960.4135280109767	938.217472	cloud-23938
eca-rers2012/Problem01_label39.yml	true	true	99.086229277	67.69385946699913	1047.535616	cloud-23933	true	98.328223106	67.79224496500683	1002.934272	cloud-23933	TIMEOUT	990.34487812	962.6701660889958	928.030720	cloud-23933
eca-rers2012/Problem01_label40.yml	true	true	87.267019575	60.051115179998305	966.291456	cloud-23979	true	86.41953045	59.60129670597962	1055.682560	cloud-23933	TIMEOUT	990.340092294	964.6644820480142	1029.672960	cloud-23982
eca-rers2012/Problem01_label41.yml	true	true	85.237180525	57.295639738003956	1084.092416	cloud-24259	true	66.980419729	48.366607920994284	1047.056384	cloud-23944	TIMEOUT	990.323986302	964.6956834290177	1077.055488	cloud-23979
eca-rers2012/Problem01_label42.yml	true	true	86.515139532	59.75271540199901	940.773376	cloud-23933	true	93.407123654	66.6613399979833	1148.305408	cloud-23980	TIMEOUT	990.348115872	966.0299999810231	1019.850752	cloud-23980
eca-rers2012/Problem01_label43.yml	true	true	83.833682522	59.03811856000175	945.434624	cloud-23933	true	109.769161187	75.70865166501608	1056.473088	cloud-23982	TIMEOUT	990.439040296	962.7374124210037	1017.049088	cloud-23938
eca-rers2012/Problem01_label44.yml	false	false(unreach-call)	78.414359443	50.5203765030019	971.235328	cloud-23933	false(unreach-call)	81.836388219	52.93215391400736	1062.395904	cloud-23938	TIMEOUT	990.318333008	966.6406263219833	1095.700480	cloud-23980
eca-rers2012/Problem01_label45.yml	true	true	123.248527885	91.45734849200016	1437.200384	cloud-23933	true	110.282795166	83.12577661601244	1186.557952	cloud-23933	TIMEOUT	990.371389652	964.1103477900033	970.858496	cloud-23933
eca-rers2012/Problem01_label46.yml	true	true	114.210211674	84.4180256159998	1262.030848	cloud-23933	true	103.196891811	76.47227169398684	1163.694080	cloud-23979	TIMEOUT	990.322394377	965.0654487309803	998.395904	cloud-23979
eca-rers2012/Problem01_label47.yml	false	false(unreach-call)	126.04691053	92.50339971000358	1139.113984	cloud-23933	false(unreach-call)	116.594337768	86.11637373798294	1207.156736	cloud-23933	TIMEOUT	990.301629536	968.6988614329894	992.026624	cloud-23942
eca-rers2012/Problem01_label48.yml	true	true	99.725875109	69.48234646199853	1065.115648	cloud-23979	true	88.050208123	61.973484004003694	1050.300416	cloud-23933	TIMEOUT	990.369252138	961.2574160379882	1040.441344	cloud-23982
eca-rers2012/Problem01_label49.yml	true	true	86.007013749	60.67128716099978	1079.218176	cloud-24259	true	103.56963209	74.40953747200547	1038.024704	cloud-23938	TIMEOUT	990.38422397	965.8722248080012	1019.637760	cloud-23979
eca-rers2012/Problem01_label50.yml	false	false(unreach-call)	121.141309923	88.41009840699917	1193.201664	cloud-24259	false(unreach-call)	112.086672478	84.87615751998965	1168.109568	cloud-23933	TIMEOUT	990.313593405	967.8646228449943	1050.636288	cloud-23980
eca-rers2012/Problem01_label51.yml	true	true	87.69985472	59.542358945996966	1101.570048	cloud-23933	true	93.180105035	64.73114129598252	1104.138240	cloud-23933	TIMEOUT	990.416419263	959.1010144810134	976.601088	cloud-23938
eca-rers2012/Problem01_label52.yml	true	true	93.314187357	64.78099648900024	1003.806720	cloud-23979	true	94.920343232	65.67706630198518	1192.689664	cloud-23938	TIMEOUT	990.394967415	962.984381747985	1018.298368	cloud-23938
eca-rers2012/Problem01_label53.yml	true	true	97.955597175	67.5058189390038	1123.561472	cloud-23933	true	82.502095583	57.5910257359792	1081.237504	cloud-23979	TIMEOUT	990.358733915	966.0782446039957	1006.882816	cloud-23980
eca-rers2012/Problem01_label54.yml	true	true	89.709089041	63.5155632040005	999.784448	cloud-23979	true	91.825100407	64.69092905099387	1062.129664	cloud-23933	TIMEOUT	990.39671221	963.4112944820081	1008.160768	cloud-23979
eca-rers2012/Problem01_label55.yml	true	true	89.382179938	62.54246345499996	1097.887744	cloud-23933	true	88.459719057	62.76937972800806	1096.130560	cloud-23980	TIMEOUT	990.418452367	961.8186134630232	1016.074240	cloud-23938
eca-rers2012/Problem01_label56.yml	false	false(unreach-call)	114.991460921	83.12237904100039	1178.378240	cloud-23933	false(unreach-call)	109.770491899	78.15845102700405	1052.000256	cloud-23938	TIMEOUT	990.37678311	963.206562042993	1096.744960	cloud-23979
eca-rers2012/Problem01_label57.yml	false	false(unreach-call)	103.908758595	71.08094941899981	1056.755712	cloud-23979	false(unreach-call)	90.185858564	62.92061662799097	1178.193920	cloud-23933	TIMEOUT	990.316022884	968.3199101859936	939.765760	cloud-23941
eca-rers2012/Problem01_label58.yml	true	true	108.337680791	80.27518354399945	1254.346752	cloud-23933	true	118.736692843	90.28577045199927	1089.798144	cloud-23938	TIMEOUT	990.310010267	963.8515706410108	1005.203456	cloud-23980
eca-rers2012/Problem01_label59.yml	true	true	105.801281464	75.59080906199961	1140.391936	cloud-23933	true	88.409984347	64.17831213501631	1108.205568	cloud-23979	TIMEOUT	990.371564709	968.7137273850094	1029.623808	cloud-23980
eca-rers2012/Problem02_label00.yml	true	true	95.297693944	67.18047142999785	905.281536	cloud-23933	true	106.073099088	75.38865514402278	932.626432	cloud-23982	TIMEOUT	990.297289397	962.9290332660021	874.536960	cloud-23982
eca-rers2012/Problem02_label01.yml	true	true	83.493261872	57.76308998600143	1005.334528	cloud-23933	true	92.937001113	64.90536346498993	990.875648	cloud-23938	TIMEOUT	990.345852189	965.607579367992	971.001856	cloud-23980
eca-rers2012/Problem02_label02.yml	true	true	107.057814152	81.51362835900363	1020.493824	cloud-23979	true	141.601022989	109.186204749014	1184.960512	cloud-23938	TIMEOUT	990.34293987	965.1722268029989	980.320256	cloud-23979
eca-rers2012/Problem02_label03.yml	true	true	83.506061642	56.69272099699447	1005.023232	cloud-24259	true	89.793413989	63.22087658601231	910.610432	cloud-23982	TIMEOUT	990.39743184	965.6896162870107	1010.610176	cloud-23980
eca-rers2012/Problem02_label04.yml	true	true	101.527095427	73.15875444900303	1136.566272	cloud-23933	true	97.175613118	69.92597583201132	939.282432	cloud-23980	TIMEOUT	990.357409506	961.2734012129949	988.442624	cloud-23938
eca-rers2012/Problem02_label05.yml	true	true	96.985852685	65.42004397200071	1208.717312	cloud-23933	true	90.690507288	62.1209766480024	1046.847488	cloud-23938	TIMEOUT	990.358964894	961.9242765870003	931.905536	cloud-23938
eca-rers2012/Problem02_label06.yml	true	true	117.206288525	87.27609970600315	1289.277440	cloud-24259	true	153.050779475	116.79285330499988	985.960448	cloud-23982	TIMEOUT	990.383058997	963.992831429001	887.205888	cloud-23979
eca-rers2012/Problem02_label07.yml	true	true	85.239563186	57.751873427001556	1022.644224	cloud-24259	true	77.56280392	53.63429541300866	949.633024	cloud-23933	TIMEOUT	990.37433804	963.6876329369843	1115.394048	cloud-23933
eca-rers2012/Problem02_label08.yml	true	true	114.35121774	83.32443050899747	1102.209024	cloud-24259	true	132.095249681	98.43137982301414	1174.704128	cloud-23938	TIMEOUT	990.302180102	964.4055208729987	879.468544	cloud-23982
eca-rers2012/Problem02_label09.yml	true	true	85.711086797	58.65786006000417	1192.062976	cloud-23933	true	104.578437238	71.24286414901144	1091.006464	cloud-23982	TIMEOUT	990.350222118	967.6515222890012	1075.396608	cloud-23933
eca-rers2012/Problem02_label10.yml	true	true	95.842199765	65.45538865699928	1143.111680	cloud-23979	true	90.426474847	65.73002068599453	953.090048	cloud-23980	TIMEOUT	990.456420275	961.9854620229744	1101.615104	cloud-23938
eca-rers2012/Problem02_label11.yml	true	true	111.668487672	80.56679490799797	967.086080	cloud-23933	true	105.633239253	79.45400269600214	1187.377152	cloud-23980	TIMEOUT	990.269595699	971.3578956789861	902.852608	cloud-23980
eca-rers2012/Problem02_label12.yml	true	true	96.69359757	68.92145598900242	1140.412416	cloud-23979	true	89.35136938	64.01033517700853	1267.957760	cloud-23979	TIMEOUT	990.372108158	963.8372726310045	983.625728	cloud-23982
eca-rers2012/Problem02_label13.yml	false	false(unreach-call)	96.947578982	65.01906617300119	977.108992	cloud-23933	false(unreach-call)	84.926794205	57.54255645899684	1127.272448	cloud-23979	TIMEOUT	990.387721253	961.5921772309812	906.436608	cloud-23938
eca-rers2012/Problem02_label14.yml	true	true	95.298115458	67.97027593000001	934.400000	cloud-23979	true	107.250664565	76.53903061398887	1359.560704	cloud-23982	TIMEOUT	990.436077134	961.6178695549897	902.295552	cloud-23938
eca-rers2012/Problem02_label15.yml	true	true	95.368369614	64.36274555299315	991.293440	cloud-23933	true	107.441907923	72.95192042298731	972.795904	cloud-23982	TIMEOUT	990.388372903	969.0439755179978	1018.236928	cloud-23980
eca-rers2012/Problem02_label16.yml	false	false(unreach-call)	81.844847962	55.401862213999266	955.604992	cloud-24259	false(unreach-call)	89.547097202	62.98978943700786	1008.332800	cloud-23982	TIMEOUT	990.375455872	962.6401203870191	1024.995328	cloud-23938
eca-rers2012/Problem02_label17.yml	true	true	110.675427594	81.13902655200002	1119.084544	cloud-23933	true	110.388464874	80.93287222800427	1211.039744	cloud-23980	TIMEOUT	990.34185327	962.630513983022	1095.569408	cloud-23982
eca-rers2012/Problem02_label18.yml	true	true	105.462984344	75.5091403280021	1124.474880	cloud-24259	true	104.715844488	76.42555950998212	1098.108928	cloud-23979	TIMEOUT	990.401064954	964.0570095650037	994.746368	cloud-23933
eca-rers2012/Problem02_label19.yml	true	true	80.027069043	56.11205738400167	1069.445120	cloud-23979	true	63.282964682	44.75553930300521	1018.175488	cloud-23944	TIMEOUT	990.359635263	961.6038669219997	899.788800	cloud-23982
eca-rers2012/Problem02_label20.yml	true	true	79.229960079	54.45432189100029	971.362304	cloud-23933	true	85.015784607	55.84966466901824	1124.012032	cloud-23933	TIMEOUT	990.375718456	963.2998254169943	1178.828800	cloud-23938
eca-rers2012/Problem02_label21.yml	true	true	92.068074942	65.17191055199999	1088.819200	cloud-23979	true	101.275832481	71.9701814900036	1291.468800	cloud-23938	TIMEOUT	990.329037985	963.908831696026	885.460992	cloud-23979
eca-rers2012/Problem02_label22.yml	true	true	92.065493774	64.1067879550028	1132.797952	cloud-23933	true	93.098753688	65.12729832998593	955.195392	cloud-23933	TIMEOUT	990.373109295	962.8991174530238	1006.723072	cloud-23938
eca-rers2012/Problem02_label23.yml	true	true	86.16756142	59.28775636499631	999.354368	cloud-24259	true	96.144061427	68.97422274699784	1004.834816	cloud-23938	TIMEOUT	990.410815542	960.6579809669929	876.810240	cloud-23938
eca-rers2012/Problem02_label24.yml	true	true	87.270811768	60.36024334299873	1173.843968	cloud-23933	true	103.024489123	73.12568704900332	1150.509056	cloud-23980	TIMEOUT	990.360808756	966.842352674983	872.566784	cloud-23933
eca-rers2012/Problem02_label25.yml	true	true	93.44106029	64.5169071440032	1156.993024	cloud-23933	true	107.479081981	78.2886189359997	1279.180800	cloud-23982	TIMEOUT	990.338999776	966.0089523660135	1070.878720	cloud-23982
eca-rers2012/Problem02_label26.yml	true	true	87.446526278	58.24962935000076	957.120512	cloud-23979	true	67.073355145	47.01008859500871	909.856768	cloud-23943	TIMEOUT	990.362526426	961.5182776169968	1061.310464	cloud-23933
eca-rers2012/Problem02_label27.yml	true	true	86.122111676	59.53967603899946	1208.619008	cloud-24259	true	87.569036483	60.433217647019774	1015.418880	cloud-23979	TIMEOUT	990.38486721	962.8451263440074	1000.718336	cloud-23933
eca-rers2012/Problem02_label28.yml	true	true	91.725524342	62.90525516300113	919.494656	cloud-24259	true	88.846183891	62.93063073698431	989.978624	cloud-23979	TIMEOUT	990.385355324	965.3763276950049	1125.539840	cloud-23979
eca-rers2012/Problem02_label29.yml	true	true	82.358674603	55.130641973999445	1140.609024	cloud-24259	true	77.442138866	53.23312920299941	1027.391488	cloud-23979	TIMEOUT	990.299385345	963.405157280009	1112.367104	cloud-23980
eca-rers2012/Problem02_label30.yml	true	true	70.746238512	48.064239267027006	1104.572416	cloud-23943	true	81.147839435	56.103270704013994	1074.876416	cloud-23979	TIMEOUT	990.394557433	966.5667537469999	1028.919296	cloud-23979
eca-rers2012/Problem02_label31.yml	true	true	98.487926683	66.96104373499838	1018.241024	cloud-23933	true	86.99159579	61.57990482801688	1231.163392	cloud-23980	TIMEOUT	990.370499271	962.0668301880069	1034.444800	cloud-23938
eca-rers2012/Problem02_label32.yml	true	true	85.678193686	59.69897038300405	1197.297664	cloud-24259	true	101.205931199	69.1783442760061	930.357248	cloud-23982	TIMEOUT	990.287547892	968.639871271007	1003.196416	cloud-23940
eca-rers2012/Problem02_label33.yml	true	true	79.206281139	54.009159793000435	1033.973760	cloud-24259	true	97.568889129	66.72229871799937	949.809152	cloud-23938	TIMEOUT	990.372682873	963.4656906849996	1019.207680	cloud-23933
eca-rers2012/Problem02_label34.yml	true	true	133.038126781	99.85491143499894	1176.092672	cloud-24259	true	157.383357507	120.59677282199846	1120.436224	cloud-23938	TIMEOUT	990.355909219	962.2579466380121	875.327488	cloud-23938
eca-rers2012/Problem02_label35.yml	true	true	91.499895537	62.05826232099935	1035.726848	cloud-23933	true	79.17231316	53.58292433197494	1071.104000	cloud-23979	TIMEOUT	990.392282779	960.2301218539942	1023.676416	cloud-23938
eca-rers2012/Problem02_label36.yml	true	true	61.001957703	42.440260116010904	1153.036288	cloud-23944	true	75.12665273	51.14558718900662	1181.257728	cloud-23979	TIMEOUT	990.424116011	964.9029954779835	980.631552	cloud-23979
eca-rers2012/Problem02_label37.yml	true	true	90.356923304	61.679473755000004	999.739392	cloud-23979	true	91.916031759	62.139764230989385	960.598016	cloud-23938	TIMEOUT	990.387190221	960.4845978689846	1059.618816	cloud-23933
eca-rers2012/Problem02_label38.yml	true	true	83.697628101	61.83167608000076	941.780992	cloud-23979	true	112.617739658	79.5234142249974	1070.063616	cloud-23982	TIMEOUT	990.384710938	963.8750036570127	867.512320	cloud-23938
eca-rers2012/Problem02_label39.yml	true	true	91.2893426	63.88844569200228	986.497024	cloud-23933	true	92.389399126	65.20458503701957	1156.161536	cloud-23933	TIMEOUT	990.314024956	965.4018511220056	993.574912	cloud-23980
eca-rers2012/Problem02_label40.yml	true	true	73.975489834	52.47314560902305	1067.356160	cloud-23944	true	86.271291798	62.12044129302376	1020.149760	cloud-23980	TIMEOUT	990.33849924	966.180120953999	995.287040	cloud-23980
eca-rers2012/Problem02_label41.yml	true	true	83.628010162	61.47699477901915	1309.593600	cloud-23939	true	141.861708259	105.55000957599259	1242.165248	cloud-23982	TIMEOUT	990.384876323	965.3656746370252	952.422400	cloud-23979
eca-rers2012/Problem02_label42.yml	true	true	88.624782967	64.49472871600301	963.346432	cloud-23979	true	102.097210488	72.70588679399225	1028.136960	cloud-23982	TIMEOUT	990.341624644	961.2842597480048	961.089536	cloud-23982
eca-rers2012/Problem02_label43.yml	false	false(unreach-call)	85.655868281	56.5125571460012	1094.184960	cloud-23979	false(unreach-call)	102.577509503	67.59569608900347	958.222336	cloud-23982	TIMEOUT	990.361843397	961.9438703519991	921.571328	cloud-23938
eca-rers2012/Problem02_label44.yml	false	false(unreach-call)	89.057133194	59.54234052999527	1114.923008	cloud-24259	false(unreach-call)	102.30187167	69.35948462798842	1242.517504	cloud-23938	TIMEOUT	990.375920258	961.2527827690064	908.881920	cloud-23982
eca-rers2012/Problem02_label45.yml	false	false(unreach-call)	109.567541021	75.86259551399417	1230.000128	cloud-23933	false(unreach-call)	90.954395662	63.75206440797774	1042.264064	cloud-23979	TIMEOUT	990.336904625	968.228443199012	1171.202048	cloud-23980
eca-rers2012/Problem02_label46.yml	true	true	81.488394423	57.73604321700259	1197.707264	cloud-24259	true	103.323585217	73.05430636697565	1060.925440	cloud-23938	TIMEOUT	990.313501074	964.8326474860078	1108.729856	cloud-23982
eca-rers2012/Problem02_label47.yml	true	true	90.232023117	64.80991432700102	982.147072	cloud-23979	true	87.842301858	61.5418139580288	961.855488	cloud-23979	TIMEOUT	990.427601076	960.7347013360122	1129.140224	cloud-23938
eca-rers2012/Problem02_label48.yml	true	true	86.778761435	60.418884556999956	1066.762240	cloud-24259	true	98.533938419	71.1598822279775	1116.164096	cloud-23982	TIMEOUT	990.336404273	964.3739593610226	996.003840	cloud-23982
eca-rers2012/Problem02_label49.yml	true	true	78.163418619	53.34717925199948	1018.265600	cloud-24259	true	85.842054273	61.182431217021076	1090.535424	cloud-23933	TIMEOUT	990.307004339	964.4306020789954	956.325888	cloud-23982
eca-rers2012/Problem02_label50.yml	false	false(unreach-call)	65.320642506	44.73561063205125	1145.745408	cloud-23943	false(unreach-call)	78.956214769	53.07521994999843	1133.383680	cloud-23979	TIMEOUT	990.389600192	965.0949538509885	1082.433536	cloud-23979
eca-rers2012/Problem02_label51.yml	true	true	115.657813982	86.19766777600307	1132.752896	cloud-24259	true	118.030539038	87.62023358701845	1320.312832	cloud-23979	TIMEOUT	990.388860986	965.1440731910116	1001.619456	cloud-23933
eca-rers2012/Problem02_label52.yml	true	true	99.684472209	69.65576923099434	1077.989376	cloud-23933	true	110.034073075	76.78191580600105	927.145984	cloud-23982	TIMEOUT	990.359271693	963.0082454600197	1021.558784	cloud-23979
eca-rers2012/Problem02_label53.yml	true	true	124.166036941	95.9346647420025	1119.928320	cloud-23979	true	137.41855968	104.967091419996	970.080256	cloud-23938	TIMEOUT	990.32587388	963.6287864859914	939.220992	cloud-23982
eca-rers2012/Problem02_label54.yml	true	true	88.649748209	62.16700723899703	985.227264	cloud-23933	true	90.425016427	63.762888947996544	983.453696	cloud-23938	TIMEOUT	990.392205009	961.6683987519937	992.247808	cloud-23938
eca-rers2012/Problem02_label55.yml	true	true	97.891620951	73.16948186600348	1152.598016	cloud-23939	true	128.722607769	98.05383803800214	1063.628800	cloud-23980	TIMEOUT	990.382588319	966.4076324999915	1215.565824	cloud-23979
eca-rers2012/Problem02_label56.yml	true	true	79.00134949	55.901183808000496	1006.141440	cloud-23933	true	87.832979119	60.93749601600575	967.225344	cloud-23979	TIMEOUT	990.417009927	963.005424012983	1012.568064	cloud-23938
eca-rers2012/Problem02_label57.yml	true	true	100.13937874	71.23289049699815	1154.936832	cloud-23933	true	98.309739572	69.01081916599651	1104.240640	cloud-23933	TIMEOUT	990.444373209	961.9609655039967	1175.007232	cloud-23938
eca-rers2012/Problem02_label58.yml	true	true	72.54773969	50.509294853021856	1121.959936	cloud-23943	true	92.750330548	63.665490412007784	972.992512	cloud-23933	TIMEOUT	990.28686655	969.874924497999	985.546752	cloud-23940
eca-rers2012/Problem02_label59.yml	false	false(unreach-call)	82.156919488	55.480968923002365	1104.338944	cloud-23933	false(unreach-call)	81.826851674	54.556909063016064	972.197888	cloud-23979	TIMEOUT	990.362729541	964.3931690909958	876.699648	cloud-23979
eca-rers2012/Problem03_label00.yml	true	TIMEOUT	990.797034928	855.4932556229978	4723.929088	cloud-23933	TIMEOUT (true)	958.677222188	904.6497831940069	2683.465728	cloud-23938	TIMEOUT	990.6483606	952.8161232790153	3091.640320	cloud-23979
eca-rers2012/Problem03_label01.yml	true	TIMEOUT	990.662594213	946.2131518399983	2786.992128	cloud-23979	TIMEOUT	990.68961882	924.9477758259745	2739.527680	cloud-23982	TIMEOUT	990.627585573	945.0818071019894	3234.320384	cloud-23982
eca-rers2012/Problem03_label02.yml	true	TIMEOUT	990.811192006	935.4771206809964	2919.395328	cloud-23933	TIMEOUT	990.687641977	942.0961356630141	2849.107968	cloud-23941	TIMEOUT	990.672138478	943.0685029360175	2765.856768	cloud-23938
eca-rers2012/Problem03_label03.yml	true	TIMEOUT	990.619533067	940.7616367880037	3137.654784	cloud-23979	TIMEOUT	990.689897436	935.7235415329924	3060.592640	cloud-23979	TIMEOUT	990.536185459	948.3632186400064	2656.186368	cloud-23980
eca-rers2012/Problem03_label04.yml	true	TIMEOUT	990.636869557	939.2530007840032	2792.943616	cloud-23933	TIMEOUT	990.821642886	930.5542394220247	3215.327232	cloud-23982	TIMEOUT	990.71514484	942.8931513769785	2659.123200	cloud-23938
eca-rers2012/Problem03_label05.yml	true	TIMEOUT	990.652329738	941.2091053600016	3322.150912	cloud-23933	TIMEOUT	990.786990142	939.5106824029936	3562.164224	cloud-23933	TIMEOUT	990.564171704	953.7574142630037	2659.631104	cloud-23933
eca-rers2012/Problem03_label06.yml	true	TIMEOUT	990.597779626	942.4703036430001	2734.485504	cloud-24259	TIMEOUT	990.778778321	936.8971006259962	2814.234624	cloud-23982	TIMEOUT	990.643047854	949.4372984049842	2681.741312	cloud-23980
eca-rers2012/Problem03_label07.yml	true	TIMEOUT	992.255186207	914.1537990009965	4117.458944	cloud-23979	TIMEOUT	991.18772326	933.9808031140128	3936.448512	cloud-23933	TIMEOUT	990.556861898	952.2113615029957	2529.366016	cloud-23979
eca-rers2012/Problem03_label08.yml	true	TIMEOUT	990.543584671	941.3588249430031	2759.438336	cloud-23979	TIMEOUT	990.678516074	941.1704529330018	2870.726656	cloud-23980	TIMEOUT	990.507667617	949.3035515560186	3112.132608	cloud-23933
eca-rers2012/Problem03_label09.yml	false	TIMEOUT	992.257190658	928.3082490829984	3440.062464	cloud-24259	false(unreach-call)	719.110532158	666.4885987629823	3308.716032	cloud-23979	TIMEOUT	990.458938535	957.2697852190176	2767.364096	cloud-23943
eca-rers2012/Problem03_label10.yml	true	TIMEOUT	990.539136788	940.4366450530069	2862.325760	cloud-23979	TIMEOUT	990.773201001	940.4497756630008	2847.899648	cloud-23979	TIMEOUT	990.551766618	946.6904362959904	2660.605952	cloud-23933
eca-rers2012/Problem03_label11.yml	true	TIMEOUT	990.567224015	940.2471327769999	3068.309504	cloud-24259	TIMEOUT	990.694773791	935.3617508950119	3094.384640	cloud-23933	TIMEOUT	990.69480385	948.0770442019857	3441.934336	cloud-23979
eca-rers2012/Problem03_label12.yml	true	TIMEOUT	990.723360043	936.3491522180011	2894.356480	cloud-23933	TIMEOUT	990.79609664	938.5385216760042	3183.427584	cloud-23938	TIMEOUT	990.531902289	948.3243115149962	2543.050752	cloud-23980
eca-rers2012/Problem03_label13.yml	false	false(unreach-call)	338.685474925	285.42614971899457	3986.460672	cloud-23933	false(unreach-call)	266.640774146	221.6154689959949	3072.626688	cloud-23979	TIMEOUT	990.625303357	945.9352708509832	2949.169152	cloud-23982
eca-rers2012/Problem03_label14.yml	true	TIMEOUT	990.639709882	943.5602848790004	2672.963584	cloud-24259	TIMEOUT	990.924144191	933.762815833994	3549.478912	cloud-23938	TIMEOUT	990.575520054	950.941374506976	2471.723008	cloud-23979
eca-rers2012/Problem03_label15.yml	true	TIMEOUT	990.588179348	947.3698768420145	3057.057792	cloud-23944	TIMEOUT	990.755564268	936.1311116340221	2769.403904	cloud-23933	TIMEOUT	990.580139386	951.5911743059987	2558.918656	cloud-23980
eca-rers2012/Problem03_label16.yml	true	TIMEOUT	990.611212022	941.2901129069942	2929.520640	cloud-23979	TIMEOUT	990.643250934	936.7280225389986	2950.303744	cloud-23979	TIMEOUT	990.69721019	949.0287612400134	2641.788928	cloud-23979
eca-rers2012/Problem03_label17.yml	true	TIMEOUT	992.039279778	918.6541170310011	4004.663296	cloud-24259	TIMEOUT	990.79118575	935.456415032997	3110.821888	cloud-23933	TIMEOUT	990.53748137	954.7961457619967	2806.079488	cloud-23979
eca-rers2012/Problem03_label18.yml	true	TIMEOUT	990.550779377	947.1151200759923	3320.836096	cloud-23940	TIMEOUT	990.72228287	932.7600237760053	2816.245760	cloud-23982	TIMEOUT	990.503753086	944.0967719239998	2737.029120	cloud-23982
eca-rers2012/Problem03_label19.yml	true	TIMEOUT	990.535914649	940.3153755680032	2739.859456	cloud-23979	TIMEOUT	990.780490118	938.7630407449906	2701.774848	cloud-23938	TIMEOUT	990.681220872	940.2715993059974	2471.899136	cloud-23933
eca-rers2012/Problem03_label20.yml	true	TIMEOUT	990.664108213	942.2764918959983	2844.983296	cloud-24259	TIMEOUT	990.633057363	939.5605878339848	3098.365952	cloud-23982	TIMEOUT	990.689480996	951.9019187759841	3079.389184	cloud-23979
eca-rers2012/Problem03_label21.yml	true	TIMEOUT	990.52273535	943.6150927739982	3404.517376	cloud-23979	TIMEOUT	990.711087072	933.1463609380007	3171.766272	cloud-23980	TIMEOUT	990.675410473	942.0689858929836	2630.201344	cloud-23938
eca-rers2012/Problem03_label22.yml	true	TIMEOUT	990.574033258	930.8498201319999	2760.290304	cloud-23979	TIMEOUT	990.67172596	945.0342365170072	2819.407872	cloud-23980	TIMEOUT	990.59322254	948.7480984859867	2537.902080	cloud-23979
eca-rers2012/Problem03_label23.yml	true	TIMEOUT	990.730791077	940.1936708889989	3185.221632	cloud-24259	TIMEOUT	990.807894457	931.5279360649874	2991.026176	cloud-23982	TIMEOUT	990.479595559	943.7597658559971	2533.806080	cloud-23938
eca-rers2012/Problem03_label24.yml	true	TIMEOUT	990.588100556	934.227451546998	2790.469632	cloud-23933	TIMEOUT	990.626169796	939.6452262439998	3061.579776	cloud-23980	TIMEOUT	990.51982378	951.4241815469868	2577.256448	cloud-23980
eca-rers2012/Problem03_label25.yml	true	TIMEOUT	990.63421717	943.0336152980017	2994.507776	cloud-24259	TIMEOUT	990.74305516	935.802599549992	2624.761856	cloud-23980	TIMEOUT	990.743922996	944.7486453430029	2486.837248	cloud-23933
eca-rers2012/Problem03_label26.yml	false	false(unreach-call)	339.28932711	285.4891488840003	3073.921024	cloud-23979	false(unreach-call)	272.105348587	225.68434572700062	3608.793088	cloud-23979	TIMEOUT	990.65592997	945.2885797199851	2832.429056	cloud-23980
eca-rers2012/Problem03_label27.yml	false	TIMEOUT	990.642838224	937.0960344859996	2857.500672	cloud-23979	false(unreach-call)	458.722619486	409.0966148220177	2920.890368	cloud-23979	TIMEOUT	990.653008391	950.6608588170202	2537.390080	cloud-23933
eca-rers2012/Problem03_label28.yml	false	TIMEOUT	992.523526573	929.2249165600006	3159.441408	cloud-23979	false(unreach-call)	685.54097514	629.4418140420166	3281.911808	cloud-23982	TIMEOUT	990.600296617	949.4756725479965	2599.063552	cloud-23938
eca-rers2012/Problem03_label29.yml	true	TIMEOUT	990.660886644	939.6099674750003	2922.500096	cloud-24259	TIMEOUT	990.712804945	931.2191490609839	3497.029632	cloud-23982	TIMEOUT	990.631617156	948.3648472140194	2665.353216	cloud-23933
eca-rers2012/Problem03_label30.yml	true	TIMEOUT	990.675681225	924.0605199589991	2810.249216	cloud-23933	TIMEOUT	990.603898375	945.1987690139795	2733.662208	cloud-23979	TIMEOUT	990.587984517	946.9554227810004	2594.660352	cloud-23938
eca-rers2012/Problem03_label31.yml	false	TIMEOUT	990.644177086	932.2321076790031	2828.582912	cloud-24259	false(unreach-call)	635.257391481	574.7542024689901	3312.840704	cloud-23938	TIMEOUT	990.646748392	956.1673500940087	2665.816064	cloud-23980
eca-rers2012/Problem03_label32.yml	true	TIMEOUT	990.664988582	941.785659145	2778.415104	cloud-23933	TIMEOUT	990.742399163	934.5358859330008	2705.293312	cloud-23982	TIMEOUT	990.578748174	951.9314406250196	2724.433920	cloud-23933
eca-rers2012/Problem03_label33.yml	true	TIMEOUT	990.998267745	947.7533730579999	2952.167424	cloud-24259	TIMEOUT	990.775522732	929.2868824519974	2850.119680	cloud-23982	TIMEOUT	990.484712828	951.5185832279967	2589.966336	cloud-23980
eca-rers2012/Problem03_label34.yml	true	TIMEOUT	990.687309318	941.5901004789994	2759.569408	cloud-23933	TIMEOUT	990.7742576	939.7496709150146	3044.331520	cloud-23982	TIMEOUT	990.503142902	953.9521155380062	2728.624128	cloud-23980
eca-rers2012/Problem03_label35.yml	false	TIMEOUT	990.812631506	932.6781385590002	3534.622720	cloud-23933	false(unreach-call)	755.84359041	698.2548685840156	3357.130752	cloud-23979	TIMEOUT	990.788844178	946.5647922970238	3687.370752	cloud-23979
eca-rers2012/Problem03_label36.yml	true	TIMEOUT	990.763661619	943.254864589002	2732.294144	cloud-24259	TIMEOUT	990.607442997	936.6020130990073	2905.010176	cloud-23938	TIMEOUT	990.570716321	953.7894820620131	2632.982528	cloud-23979
eca-rers2012/Problem03_label37.yml	false	TIMEOUT	990.61040888	947.8021099420148	3191.050240	cloud-23940	TIMEOUT	990.799464017	942.4976733679941	3052.609536	cloud-23979	TIMEOUT	990.596708324	949.9765782400209	2824.847360	cloud-23979
eca-rers2012/Problem03_label38.yml	true	TIMEOUT	990.588973803	940.9492844310007	2812.231680	cloud-24259	TIMEOUT	990.707467395	940.7004982159997	3115.794432	cloud-23933	TIMEOUT	990.643932011	946.3424785139796	2717.741056	cloud-23938
eca-rers2012/Problem03_label39.yml	false	TIMEOUT	990.678538804	943.0713982820016	3162.857472	cloud-23979	TIMEOUT	990.720189932	943.096815094992	3013.013504	cloud-23933	TIMEOUT	990.501345223	954.9645843649923	2657.853440	cloud-23980
eca-rers2012/Problem03_label40.yml	true	TIMEOUT	991.111904588	896.7044761659927	4715.606016	cloud-23939	TIMEOUT	990.627571415	938.2906495020143	2883.944448	cloud-23938	TIMEOUT	990.505867999	954.7542580159788	2806.816768	cloud-23980
eca-rers2012/Problem03_label41.yml	true	TIMEOUT	990.614482141	948.4568511620164	3555.692544	cloud-23944	TIMEOUT	990.683367567	941.1781091440062	3187.355648	cloud-23979	TIMEOUT	990.523846566	945.7488824290049	2357.149696	cloud-23982
eca-rers2012/Problem03_label42.yml	true	TIMEOUT	990.566731415	951.8042149040266	2800.898048	cloud-23941	TIMEOUT	990.67311261	936.6145420870162	2764.046336	cloud-23982	TIMEOUT	990.543477775	950.9586743640248	3357.065216	cloud-23933
eca-rers2012/Problem03_label43.yml	false	TIMEOUT	990.855483619	937.6681649569946	2773.889024	cloud-23979	TIMEOUT	990.696484817	939.2943429010047	2927.984640	cloud-23938	TIMEOUT	990.630782324	949.0477258489991	2625.204224	cloud-23933
eca-rers2012/Problem03_label44.yml	true	TIMEOUT	990.474844021	951.7060829509865	3154.718720	cloud-23941	true	836.299941083	787.1195522900089	3163.635712	cloud-23941	TIMEOUT	990.478393618	956.7496255709848	2506.002432	cloud-23942
eca-rers2012/Problem03_label45.yml	false	TIMEOUT	990.612363309	941.920777733998	2858.393600	cloud-24259	TIMEOUT	990.854397817	934.4593424570048	3999.326208	cloud-23938	TIMEOUT	990.519538593	953.1955648290168	2720.333824	cloud-23979
eca-rers2012/Problem03_label46.yml	true	TIMEOUT	990.574079391	937.6480733470016	2836.430848	cloud-23979	TIMEOUT	990.643547363	936.5833958010189	2836.492288	cloud-23938	TIMEOUT	990.543262955	949.4444070770114	3383.431168	cloud-23979
eca-rers2012/Problem03_label47.yml	true	TIMEOUT	990.754811162	941.6855368479955	3316.256768	cloud-23979	TIMEOUT	990.563791944	943.5321228360117	2828.640256	cloud-23933	TIMEOUT	990.656997573	953.4683068820159	3394.199552	cloud-23933
eca-rers2012/Problem03_label48.yml	true	TIMEOUT	990.756700156	943.9667542169991	2835.566592	cloud-23979	TIMEOUT	990.764536062	944.1084997770085	2865.356800	cloud-23933	TIMEOUT	990.539134281	944.6298645990028	2765.594624	cloud-23982
eca-rers2012/Problem03_label49.yml	true	TIMEOUT	990.600960218	946.0733735089998	2815.311872	cloud-24259	TIMEOUT	990.737359115	941.0246660849953	3066.380288	cloud-23979	TIMEOUT	990.563987403	942.9849755209871	2545.442816	cloud-23938
eca-rers2012/Problem03_label50.yml	false	false(unreach-call)	306.809339725	266.20054168000206	2963.406848	cloud-23979	false(unreach-call)	357.9683737	306.11694942301256	3254.382592	cloud-23982	TIMEOUT	990.529879894	951.1907717669965	3081.093120	cloud-23980
eca-rers2012/Problem03_label51.yml	true	TIMEOUT	990.714401485	934.9189112840031	2709.561344	cloud-23979	TIMEOUT	990.707492804	934.2292458759912	3300.425728	cloud-23933	TIMEOUT	990.490281287	954.7123203020019	2692.562944	cloud-23980
eca-rers2012/Problem03_label52.yml	false	TIMEOUT	990.589309647	943.3960054199997	3295.236096	cloud-24259	TIMEOUT	990.618232998	946.6357238119817	2754.392064	cloud-23980	TIMEOUT	990.544158434	952.9420940139971	2800.947200	cloud-23979
eca-rers2012/Problem03_label53.yml	true	TIMEOUT	990.876782428	934.8471520230014	3796.647936	cloud-23933	TIMEOUT	990.643250479	936.3832353450125	2990.141440	cloud-23980	TIMEOUT	990.614054822	948.8507155569969	2657.890304	cloud-23979
eca-rers2012/Problem03_label54.yml	true	TIMEOUT	990.770636509	942.0706405729943	2772.553728	cloud-23933	TIMEOUT	990.611913645	938.5851867479796	2838.810624	cloud-23979	TIMEOUT	990.666247155	944.53195829998	2926.186496	cloud-23982
eca-rers2012/Problem03_label55.yml	true	TIMEOUT	990.603050927	947.0636646830026	2969.481216	cloud-23979	TIMEOUT	990.650350559	944.0260627900134	2853.199872	cloud-23979	TIMEOUT	990.423146992	958.6926467690209	2636.976128	cloud-23940
eca-rers2012/Problem03_label56.yml	true	TIMEOUT	990.701160268	937.9526185369978	3281.321984	cloud-23933	TIMEOUT	990.749662564	930.9600350249966	3446.669312	cloud-23982	TIMEOUT	990.59747608	946.4778760639892	2510.594048	cloud-23982
eca-rers2012/Problem03_label57.yml	true	TIMEOUT	990.552193096	942.1894892219971	3381.059584	cloud-23979	TIMEOUT	990.59951735	938.4703966099769	2826.170368	cloud-23938	TIMEOUT	990.658546025	946.0834539360076	3105.136640	cloud-23982
eca-rers2012/Problem03_label58.yml	true	TIMEOUT	990.776010536	938.1215526939995	3073.822720	cloud-23933	TIMEOUT	990.532759603	941.1399983110023	2810.155008	cloud-23982	TIMEOUT	990.528506053	946.8235960100137	2470.445056	cloud-23982
eca-rers2012/Problem03_label59.yml	true	TIMEOUT	990.75948319	936.4715248979992	2798.587904	cloud-23933	TIMEOUT	990.704340878	939.0500834550185	3208.314880	cloud-23938	TIMEOUT	990.716889774	947.1438554539927	3358.162944	cloud-23938
eca-rers2012/Problem04_label00.yml	true	TIMEOUT	990.768653602	936.6739956230158	7383.220224	cloud-23941	TIMEOUT	991.320283964	915.914221664978	6755.401728	cloud-23933	TIMEOUT	991.177311974	908.0792305349896	7450.103808	cloud-23938
eca-rers2012/Problem04_label01.yml	true	TIMEOUT	991.034656757	918.3099587670004	7201.460224	cloud-23933	TIMEOUT	991.160589739	910.9983395829913	7498.166272	cloud-23933	TIMEOUT	991.399940012	922.6986897560128	7010.734080	cloud-23933
eca-rers2012/Problem04_label02.yml	true	TIMEOUT	991.12877189	912.9193753690015	7665.799168	cloud-23933	TIMEOUT	991.032384169	916.6896353720222	6769.704960	cloud-23933	TIMEOUT	991.037655169	926.3525939389947	6777.806848	cloud-23979
eca-rers2012/Problem04_label03.yml	true	TIMEOUT	991.121765644	912.7012626200012	6834.159616	cloud-24259	TIMEOUT	991.269820187	904.9710895640019	6643.159040	cloud-23982	TIMEOUT	991.467898416	918.0835536629893	7478.927360	cloud-23982
eca-rers2012/Problem04_label04.yml	false	TIMEOUT	991.018248849	916.8328395459976	6734.397440	cloud-23933	TIMEOUT	991.402603623	909.1920533709927	6985.228288	cloud-23933	TIMEOUT	991.252412718	927.2125427970022	6969.212928	cloud-23933
eca-rers2012/Problem04_label05.yml	true	TIMEOUT	990.783262431	935.8299239879707	7823.720448	cloud-23941	TIMEOUT	991.252526014	911.4786182360258	7096.795136	cloud-23982	TIMEOUT	991.063267054	933.8124451550248	6888.882176	cloud-23933
eca-rers2012/Problem04_label06.yml	false	TIMEOUT	992.400512602	928.4805389799876	6782.971904	cloud-23943	TIMEOUT	991.501039942	903.663386818982	7104.077824	cloud-23982	TIMEOUT	990.893645883	918.0282373689988	6836.514816	cloud-23938
eca-rers2012/Problem04_label07.yml	true	TIMEOUT	990.78234917	936.6329381680116	6670.725120	cloud-23942	TIMEOUT	990.989057158	901.4850693040062	6849.585152	cloud-23982	TIMEOUT	990.882684955	934.0496216060128	7276.548096	cloud-23979
eca-rers2012/Problem04_label08.yml	true	TIMEOUT	990.974705521	922.2052478689984	6918.062080	cloud-24259	TIMEOUT	991.134470367	918.9033845409867	7805.247488	cloud-23980	TIMEOUT	990.888829966	929.7071715699858	6883.885056	cloud-23980
eca-rers2012/Problem04_label09.yml	false	TIMEOUT	990.813708698	927.4117337809876	6713.524224	cloud-23943	TIMEOUT	991.46565882	897.7226435250195	6969.839616	cloud-23982	TIMEOUT	991.125248418	927.5118595199892	7025.577984	cloud-23979
eca-rers2012/Problem04_label10.yml	true	TIMEOUT	991.009876409	908.8205189439977	6727.528448	cloud-24259	TIMEOUT	991.396634513	907.5650234539935	6944.894976	cloud-23979	TIMEOUT	991.114675266	925.8365117629874	8281.247744	cloud-23980
eca-rers2012/Problem04_label11.yml	false	TIMEOUT	990.918285902	908.6521458349998	6728.851456	cloud-23979	TIMEOUT	991.63293995	903.4693150940002	7020.638208	cloud-23938	TIMEOUT	990.746792524	945.7943511439953	8345.018368	cloud-23944
eca-rers2012/Problem04_label12.yml	false	TIMEOUT	991.432838828	905.1946283979996	6958.608384	cloud-23979	TIMEOUT	991.283082956	916.5195543000009	7623.053312	cloud-23982	TIMEOUT	991.396142689	919.8295074820053	7786.463232	cloud-23938
eca-rers2012/Problem04_label13.yml	false	TIMEOUT	990.879043122	912.4220032579979	6751.698944	cloud-23933	TIMEOUT	991.155414198	919.7189098210074	6948.986880	cloud-23979	TIMEOUT	990.860168704	914.3465634010208	6789.603328	cloud-23982
eca-rers2012/Problem04_label14.yml	false	TIMEOUT	990.664628454	939.7288414789946	6703.939584	cloud-23942	TIMEOUT	991.114229968	905.3264559770178	7041.269760	cloud-23980	TIMEOUT	991.097365125	927.1550390789926	6865.801216	cloud-23938
eca-rers2012/Problem04_label15.yml	false	TIMEOUT	991.132401224	922.9681179910003	6785.331200	cloud-24259	TIMEOUT	991.300823907	908.9921276679961	6738.718720	cloud-23979	TIMEOUT	991.016006999	916.0516731509997	6932.619264	cloud-23938
eca-rers2012/Problem04_label16.yml	true	TIMEOUT	991.296682426	910.8564344000042	7892.193280	cloud-23979	TIMEOUT	991.032781187	909.7945280440035	7355.293696	cloud-23982	TIMEOUT	991.320412226	920.8938425790111	6899.904512	cloud-23982
eca-rers2012/Problem04_label17.yml	false	TIMEOUT	990.951859096	917.9093421879988	7014.690816	cloud-24259	TIMEOUT	991.045616533	916.4248723380151	6909.706240	cloud-23933	TIMEOUT	991.188596661	924.783912703977	7206.809600	cloud-23933
eca-rers2012/Problem04_label18.yml	false	TIMEOUT	991.446181641	892.2058335480033	7171.276800	cloud-23933	TIMEOUT	991.143898723	909.1727687020029	7467.171840	cloud-23980	TIMEOUT	991.035653057	929.1120732699928	7355.334656	cloud-23933
eca-rers2012/Problem04_label19.yml	false	TIMEOUT	990.904355007	926.327135666972	7967.555584	cloud-23943	TIMEOUT	991.381682542	899.184635364014	7449.669632	cloud-23938	TIMEOUT	990.997163862	932.6986426050134	7695.253504	cloud-23982
eca-rers2012/Problem04_label20.yml	true	TIMEOUT	991.119293211	907.1049598219979	7431.057408	cloud-23979	TIMEOUT	991.435959067	912.2935446549964	7806.087168	cloud-23938	TIMEOUT	990.966939774	922.7030109530024	6864.527360	cloud-23980
eca-rers2012/Problem04_label21.yml	true	TIMEOUT	991.118866534	910.0623240100031	6915.567616	cloud-23979	TIMEOUT	991.148046254	912.7660067389952	7442.419712	cloud-23979	TIMEOUT	990.901042757	930.634620234021	7475.503104	cloud-23980
eca-rers2012/Problem04_label22.yml	true	TIMEOUT	991.10634553	916.7183026599996	6859.481088	cloud-24259	TIMEOUT	991.155518376	909.4445862149878	7592.910848	cloud-23980	TIMEOUT	990.916887729	934.7495236560062	6994.743296	cloud-23933
eca-rers2012/Problem04_label23.yml	true	TIMEOUT	990.729806446	937.0418663930031	6857.859072	cloud-23944	TIMEOUT	991.314000997	897.0434971200011	6913.839104	cloud-23938	TIMEOUT	990.921902786	920.3347893290047	6617.997312	cloud-23982
eca-rers2012/Problem04_label24.yml	true	TIMEOUT	992.330406412	930.3045451560174	7002.914816	cloud-23940	TIMEOUT	991.280503954	899.8241169340035	6747.807744	cloud-23938	TIMEOUT	990.932075149	926.0889057889872	7457.718272	cloud-23982
eca-rers2012/Problem04_label25.yml	true	TIMEOUT	990.997310394	915.1661436389986	6861.549568	cloud-23933	TIMEOUT	991.20074568	909.9112762929872	6931.496960	cloud-23980	TIMEOUT	990.974857095	931.8860445059836	6702.637056	cloud-23979
eca-rers2012/Problem04_label26.yml	false	TIMEOUT	990.748655012	933.7911615750054	6949.720064	cloud-23940	TIMEOUT	991.21505061	912.4792363930028	6731.730944	cloud-23980	TIMEOUT	990.907819176	927.550934252009	6644.822016	cloud-23933
eca-rers2012/Problem04_label27.yml	false	TIMEOUT	990.905565939	926.2888808539719	6840.963072	cloud-23944	TIMEOUT	990.862029074	921.599791132001	6630.305792	cloud-23980	TIMEOUT	991.037762246	925.2945319039864	6828.519424	cloud-23933
eca-rers2012/Problem04_label28.yml	true	TIMEOUT	990.806987648	926.576804523007	6923.563008	cloud-23939	TIMEOUT	991.118504339	912.1700569299865	7533.506560	cloud-23980	TIMEOUT	991.173122333	926.9603748779919	7549.775872	cloud-23933
eca-rers2012/Problem04_label29.yml	true	TIMEOUT	990.864764559	902.4944200200043	8706.428928	cloud-24259	TIMEOUT	991.229598507	917.7774692819803	6889.811968	cloud-23933	TIMEOUT	991.305514456	928.4633232449996	7463.915520	cloud-23979
eca-rers2012/Problem04_label30.yml	true	TIMEOUT	990.934719354	921.2874891679967	6791.868416	cloud-24259	TIMEOUT	991.048238831	912.4321199489932	7341.391872	cloud-23938	TIMEOUT	990.901728656	928.9787918000075	6923.866112	cloud-23980
eca-rers2012/Problem04_label31.yml	false	TIMEOUT	991.383951275	932.5255543289823	7765.352448	cloud-23943	TIMEOUT	991.363693531	894.5205158379977	6846.001152	cloud-23982	TIMEOUT	991.301391202	918.1402713970165	6767.112192	cloud-23982
eca-rers2012/Problem04_label32.yml	false	TIMEOUT	990.689802823	934.1940839079907	6845.411328	cloud-23942	TIMEOUT	990.773422157	929.715905791003	6875.373568	cloud-23944	TIMEOUT	991.412300822	915.0940023549774	7437.004800	cloud-23938
eca-rers2012/Problem04_label33.yml	true	TIMEOUT	990.839263219	914.492232032	6815.342592	cloud-23933	TIMEOUT	990.839873863	924.8800539740187	6883.442688	cloud-23943	TIMEOUT	990.765017363	938.2918602410064	7006.666752	cloud-23943
eca-rers2012/Problem04_label34.yml	true	TIMEOUT	991.229872195	919.3179019869931	7466.110976	cloud-24259	TIMEOUT	991.150352193	912.7288880300184	6743.093248	cloud-23979	TIMEOUT	990.883073786	927.8711992269964	6710.460416	cloud-23980
eca-rers2012/Problem04_label35.yml	false	TIMEOUT	990.671803412	938.398673608026	6659.227648	cloud-23942	TIMEOUT	991.200996222	898.0532958560216	6969.921536	cloud-23982	TIMEOUT	991.186371848	920.8567248820036	7055.912960	cloud-23933
eca-rers2012/Problem04_label36.yml	false	TIMEOUT	990.973922886	915.0251411419995	6896.934912	cloud-23979	TIMEOUT	991.184847853	913.0072498669906	6885.818368	cloud-23979	TIMEOUT	991.132724761	929.9147663570184	6769.799168	cloud-23979
eca-rers2012/Problem04_label37.yml	true	TIMEOUT	991.178845373	912.1466002819943	7078.907904	cloud-24259	TIMEOUT	991.206647247	918.2104989170039	6833.336320	cloud-23979	TIMEOUT	991.176454997	916.693467317993	7304.110080	cloud-23938
eca-rers2012/Problem04_label38.yml	false	TIMEOUT	990.783986585	932.5679515809752	6698.934272	cloud-23943	TIMEOUT	991.249119797	906.0377620310173	7029.088256	cloud-23938	TIMEOUT	990.895474414	918.0003502180043	6710.345728	cloud-23982
eca-rers2012/Problem04_label39.yml	false	TIMEOUT	991.051680386	920.4982449800009	7437.963264	cloud-23979	TIMEOUT	991.127249408	916.738376822992	6644.625408	cloud-23980	TIMEOUT	991.368390016	934.1557903259818	8181.641216	cloud-23980
eca-rers2012/Problem04_label40.yml	false	TIMEOUT	991.13707673	916.1184061530003	6981.160960	cloud-24259	TIMEOUT	991.212151449	902.1928819799796	6656.925696	cloud-23982	TIMEOUT	990.869220837	920.2461643790011	6946.013184	cloud-23982
eca-rers2012/Problem04_label41.yml	true	TIMEOUT	990.798011043	926.4191533969715	6690.840576	cloud-23943	TIMEOUT	991.126225045	911.6086409580021	6904.041472	cloud-23979	TIMEOUT	991.024171268	932.9241598480148	6979.874816	cloud-23979
eca-rers2012/Problem04_label42.yml	true	TIMEOUT	990.77352617	937.801926051965	6612.738048	cloud-23942	TIMEOUT	991.090777376	907.9205766179948	6938.898432	cloud-23938	TIMEOUT	991.031085512	930.0111894609872	6902.370304	cloud-23979
eca-rers2012/Problem04_label43.yml	true	TIMEOUT	990.907557477	921.158927943	7152.082944	cloud-23979	TIMEOUT	991.188017705	909.3354837470106	6995.501056	cloud-23980	TIMEOUT	990.797157564	936.766902487987	6905.106432	cloud-23939
eca-rers2012/Problem04_label44.yml	true	TIMEOUT	991.106922479	910.5841453499961	6694.113280	cloud-24259	TIMEOUT	991.177149856	906.7688147079898	7627.173888	cloud-23980	TIMEOUT	991.092337528	924.3513542109868	7174.184960	cloud-23933
eca-rers2012/Problem04_label45.yml	false	TIMEOUT	990.785831392	927.3644467460108	7435.227136	cloud-23941	TIMEOUT	991.259291696	910.9756325749913	6957.985792	cloud-23979	TIMEOUT	990.667940101	945.9365528940107	6904.913920	cloud-23943
eca-rers2012/Problem04_label46.yml	true	TIMEOUT	990.937158632	916.1256867640004	7297.048576	cloud-23933	TIMEOUT	991.030013597	916.2325868909829	7116.349440	cloud-23939	TIMEOUT	990.732980197	941.7023490720021	7254.523904	cloud-23944
eca-rers2012/Problem04_label47.yml	true	TIMEOUT	991.074820801	917.7385080060012	6950.543360	cloud-23933	TIMEOUT	991.203506367	902.2544499400246	7026.532352	cloud-23938	TIMEOUT	990.985215891	917.4332268049766	6842.519552	cloud-23982
eca-rers2012/Problem04_label48.yml	true	TIMEOUT	991.182397898	908.9607045459998	6845.980672	cloud-23933	TIMEOUT	991.638388312	910.4714527220058	6636.232704	cloud-23982	TIMEOUT	991.117165332	929.0031970609853	6758.649856	cloud-23979
eca-rers2012/Problem04_label49.yml	true	TIMEOUT	991.074556044	917.2417280219997	6700.630016	cloud-24259	TIMEOUT	991.443238665	910.5633538609836	7495.888896	cloud-23938	TIMEOUT	991.330316133	923.1261426760175	6908.407808	cloud-23982
eca-rers2012/Problem04_label50.yml	true	TIMEOUT	990.659044649	943.295963748009	6872.899584	cloud-23942	TIMEOUT	991.258498303	913.9196664810006	7034.208256	cloud-23933	TIMEOUT	991.510676967	918.2017031529977	8185.692160	cloud-23938
eca-rers2012/Problem04_label51.yml	true	TIMEOUT	991.201610084	913.5574618389946	7489.761280	cloud-23979	TIMEOUT	990.997298502	918.6727037650126	6891.798528	cloud-23933	TIMEOUT	991.213590995	930.9121203419927	8361.021440	cloud-23933
eca-rers2012/Problem04_label52.yml	false	TIMEOUT	990.852830444	926.5031173970201	7635.189760	cloud-23943	TIMEOUT	991.379214877	913.4977059520024	7312.515072	cloud-23980	TIMEOUT	991.326223467	916.669366468006	6803.275776	cloud-23938
eca-rers2012/Problem04_label53.yml	true	TIMEOUT	990.856271955	931.2620627399883	7765.848064	cloud-23944	TIMEOUT	991.390796123	916.920855962002	8835.297280	cloud-23979	TIMEOUT	990.926956165	926.4079388870159	7197.339648	cloud-23982
eca-rers2012/Problem04_label54.yml	true	TIMEOUT	990.723442663	936.1973356420058	6809.194496	cloud-23944	TIMEOUT	991.142730618	917.8444679579989	7087.345664	cloud-23941	TIMEOUT	990.649610836	945.04381568401	6909.329408	cloud-23944
eca-rers2012/Problem04_label55.yml	false	TIMEOUT	990.878941568	909.2685752669968	6823.063552	cloud-24259	TIMEOUT	991.139687707	912.3139602039882	6788.714496	cloud-23979	TIMEOUT	991.264979069	915.1936820050178	7284.482048	cloud-23938
eca-rers2012/Problem04_label56.yml	true	TIMEOUT	990.823738479	931.6587778340327	6724.890624	cloud-23940	TIMEOUT	991.257793267	913.3507898200187	7017.668608	cloud-23938	TIMEOUT	990.960709634	916.559055760008	6827.843584	cloud-23938
eca-rers2012/Problem04_label57.yml	true	TIMEOUT	990.830015079	925.8674031560076	6838.661120	cloud-23941	TIMEOUT	991.122553148	913.8134525750065	7915.659264	cloud-23938	TIMEOUT	991.201760521	923.3497605159937	6726.430720	cloud-23933
eca-rers2012/Problem04_label58.yml	false	TIMEOUT	991.131327257	919.9139316029996	7047.286784	cloud-24259	TIMEOUT	991.04475367	917.203318416985	6959.456256	cloud-23979	TIMEOUT	991.030952568	921.8658758969977	7441.752064	cloud-23933
eca-rers2012/Problem04_label59.yml	true	TIMEOUT	991.009294564	911.3629370469998	6846.681088	cloud-23933	TIMEOUT	992.112934437	913.818309869006	7014.113280	cloud-23979	TIMEOUT	990.871060528	931.0961572270025	6819.983360	cloud-23980
eca-rers2012/Problem05_label00.yml	false	OUT OF MEMORY	195.70442623	158.71327285200823	15000.166400	cloud-23942	OUT OF MEMORY	310.999005487	257.62618704600027	15000.043520	cloud-23933	OUT OF MEMORY	482.128256235	421.04615281900624	15000.047616	cloud-23938
eca-rers2012/Problem05_label01.yml	false	OUT OF MEMORY	378.761783696	320.61305112399987	15000.043520	cloud-23979	OUT OF MEMORY	283.44738465	235.3458778639906	15000.039424	cloud-23933	OUT OF MEMORY	352.763982942	295.0431235390133	15000.051712	cloud-23933
eca-rers2012/Problem05_label02.yml	true	OUT OF MEMORY	213.035985467	175.29655232699588	15000.166400	cloud-23941	OUT OF MEMORY	323.401711486	275.945143844001	15000.043520	cloud-23979	OUT OF MEMORY	455.845202481	389.40122807599255	15000.051712	cloud-23933
eca-rers2012/Problem05_label03.yml	true	OUT OF MEMORY	195.025222097	156.87164861499332	15000.166400	cloud-23944	OUT OF MEMORY	393.148473869	333.9188510700187	15000.031232	cloud-23980	OUT OF MEMORY	275.719881261	222.90849479299504	15000.051712	cloud-23933
eca-rers2012/Problem05_label04.yml	true	OUT OF MEMORY	193.193724922	157.62125115597155	15000.166400	cloud-23942	OUT OF MEMORY	307.844576896	262.9552481670107	15000.043520	cloud-23980	OUT OF MEMORY	337.027356158	285.1466692490212	15000.043520	cloud-23933
eca-rers2012/Problem05_label05.yml	true	OUT OF MEMORY	285.294286444	240.50840940803755	15000.166400	cloud-23943	OUT OF MEMORY	224.300253838	183.8149834710057	15000.162304	cloud-23943	OUT OF MEMORY	313.575511618	253.0696950859856	15000.039424	cloud-23938
eca-rers2012/Problem05_label06.yml	true	OUT OF MEMORY	330.649565082	273.67689284600056	15000.035328	cloud-23933	OUT OF MEMORY	259.950529197	215.16965508199064	15000.039424	cloud-23980	OUT OF MEMORY	345.007911367	293.5734332840075	15000.051712	cloud-23979
eca-rers2012/Problem05_label07.yml	true	OUT OF MEMORY	366.277664286	303.585029722999	15000.039424	cloud-24259	OUT OF MEMORY	278.767508225	232.93255506901187	15000.043520	cloud-23979	OUT OF MEMORY	239.733272475	197.30425979499705	15000.178688	cloud-23939
eca-rers2012/Problem05_label08.yml	true	OUT OF MEMORY	197.620457829	161.22543535596924	15000.166400	cloud-23944	OUT OF MEMORY	364.818766446	311.726928315009	15000.043520	cloud-23980	OUT OF MEMORY	257.142909154	216.04352645299514	15000.162304	cloud-23944
eca-rers2012/Problem05_label09.yml	true	OUT OF MEMORY	192.657506563	156.85523793497123	15000.166400	cloud-23942	OUT OF MEMORY	376.210306941	315.78891013999237	15000.043520	cloud-23938	OUT OF MEMORY	501.512973062	434.3675734530261	15000.055808	cloud-23938
eca-rers2012/Problem05_label10.yml	true	OUT OF MEMORY	195.48816118	157.76042465801584	15000.166400	cloud-23944	OUT OF MEMORY	223.844631638	181.84159917998477	15000.162304	cloud-23943	OUT OF MEMORY	287.358813263	231.30480791602167	15000.051712	cloud-23979
eca-rers2012/Problem05_label11.yml	false	OUT OF MEMORY	240.584268436	196.84323444601614	15000.162304	cloud-23943	OUT OF MEMORY	256.878953441	211.59842034900794	15000.162304	cloud-23942	OUT OF MEMORY	454.96169908	387.6716176090122	15000.047616	cloud-23982
eca-rers2012/Problem05_label12.yml	true	OUT OF MEMORY	479.407608563	426.6105699690015	15000.043520	cloud-23979	OUT OF MEMORY	219.879219902	179.5309496599948	15000.166400	cloud-23944	OUT OF MEMORY	213.867532141	174.19743529098923	15000.178688	cloud-23943
eca-rers2012/Problem05_label13.yml	false	OUT OF MEMORY	201.741556862	164.58530156995403	15000.166400	cloud-23942	OUT OF MEMORY	262.459634262	211.4570502889983	15000.043520	cloud-23938	OUT OF MEMORY	295.611751349	249.51493631998892	15000.170496	cloud-23940
eca-rers2012/Problem05_label14.yml	true	OUT OF MEMORY	213.054407874	174.6433616199647	15000.154112	cloud-23941	OUT OF MEMORY	297.473315292	246.81589248098317	15000.039424	cloud-23938	OUT OF MEMORY	243.437335738	198.5477658569871	15000.174592	cloud-23939
eca-rers2012/Problem05_label15.yml	false	OUT OF MEMORY	258.762121073	215.78551950101973	15000.162304	cloud-23941	OUT OF MEMORY	262.39750795	216.9909805470088	15000.031232	cloud-23979	OUT OF MEMORY	470.250045756	404.25791355699766	15000.051712	cloud-23938
eca-rers2012/Problem05_label16.yml	true	OUT OF MEMORY	432.899832828	365.1960431770003	15000.043520	cloud-23979	OUT OF MEMORY	296.592384485	249.79529577298672	15000.039424	cloud-23933	OUT OF MEMORY	230.031299678	189.31487614900107	15000.174592	cloud-23940
eca-rers2012/Problem05_label17.yml	true	OUT OF MEMORY	239.835588615	200.34359230101109	15000.166400	cloud-23944	OUT OF MEMORY	424.893576257	364.3740983729949	15000.039424	cloud-23938	OUT OF MEMORY	255.852047228	212.05573504799395	15000.162304	cloud-23943
eca-rers2012/Problem05_label18.yml	false	OUT OF MEMORY	198.54037128	159.9346000960213	15000.166400	cloud-23941	OUT OF MEMORY	239.770488715	196.6126494150085	15000.162304	cloud-23941	OUT OF MEMORY	478.609005094	411.86218361600186	15000.055808	cloud-23938
eca-rers2012/Problem05_label19.yml	true	OUT OF MEMORY	199.323540646	162.84854469099082	15000.166400	cloud-23942	OUT OF MEMORY	238.755089803	195.1463469080045	15000.158208	cloud-23939	OUT OF MEMORY	301.777082859	251.81280984400655	15000.051712	cloud-23979
eca-rers2012/Problem05_label20.yml	true	OUT OF MEMORY	210.662584417	172.63298697798746	15000.166400	cloud-23941	OUT OF MEMORY	226.26024977	186.87303175599664	15000.162304	cloud-23943	OUT OF MEMORY	295.988087169	246.0590333	15000.051712	cloud-23979
eca-rers2012/Problem05_label21.yml	true	OUT OF MEMORY	242.076329848	203.23195750801824	15000.166400	cloud-23940	OUT OF MEMORY	305.207887506	257.45532298999024	15000.039424	cloud-23933	OUT OF MEMORY	421.208992856	366.50475971301785	15000.055808	cloud-23980
eca-rers2012/Problem05_label22.yml	true	OUT OF MEMORY	186.356280571	151.3232502869796	15000.166400	cloud-23944	OUT OF MEMORY	197.350069252	159.95015986802173	15000.158208	cloud-23944	OUT OF MEMORY	437.91650462	377.79725113901077	15000.051712	cloud-23938
eca-rers2012/Problem05_label23.yml	true	OUT OF MEMORY	287.699033478	235.1692878699978	15000.035328	cloud-24259	OUT OF MEMORY	296.404019968	251.25211961299647	15000.035328	cloud-23980	OUT OF MEMORY	483.019737702	414.7081897929893	15000.051712	cloud-23933
eca-rers2012/Problem05_label24.yml	false	OUT OF MEMORY	338.767937326	281.680197113	15000.043520	cloud-24259	OUT OF MEMORY	321.876311142	271.9535267500032	15000.043520	cloud-23982	OUT OF MEMORY	392.217741216	328.8401009949739	15000.055808	cloud-23933
eca-rers2012/Problem05_label25.yml	true	OUT OF MEMORY	197.422924142	160.70678568497533	15000.170496	cloud-23944	OUT OF MEMORY	262.892980048	215.9216988600092	15000.039424	cloud-23979	OUT OF MEMORY	212.359200558	171.41231443700963	15000.174592	cloud-23942
eca-rers2012/Problem05_label26.yml	false	OUT OF MEMORY	521.0100167	455.4493273940002	15000.039424	cloud-23979	OUT OF MEMORY	294.509503853	244.64967343900935	15000.043520	cloud-23938	OUT OF MEMORY	226.236015331	184.24625640700106	15000.174592	cloud-23942
eca-rers2012/Problem05_label27.yml	true	OUT OF MEMORY	441.916832875	376.54023381100023	15000.043520	cloud-23933	OUT OF MEMORY	291.897395307	245.34066980399075	15000.043520	cloud-23980	OUT OF MEMORY	421.121394612	358.0813817739836	15000.051712	cloud-23933
eca-rers2012/Problem05_label28.yml	true	OUT OF MEMORY	199.887339049	162.78141522500664	15000.162304	cloud-23943	OUT OF MEMORY	192.824442608	156.9329353699868	15000.166400	cloud-23944	OUT OF MEMORY	241.809310665	197.2519212049956	15000.178688	cloud-23941
eca-rers2012/Problem05_label29.yml	true	OUT OF MEMORY	198.420591775	161.41117586003384	15000.170496	cloud-23939	OUT OF MEMORY	289.895964715	241.15218466098304	15000.043520	cloud-23933	OUT OF MEMORY	255.255914758	212.88286158200935	15000.174592	cloud-23943
eca-rers2012/Problem05_label30.yml	false	OUT OF MEMORY	222.35563755	182.6783102210029	15000.166400	cloud-23941	OUT OF MEMORY	296.522853487	247.61361377401045	15000.043520	cloud-23979	OUT OF MEMORY	259.952485542	215.36825439700624	15000.162304	cloud-23942
eca-rers2012/Problem05_label31.yml	true	OUT OF MEMORY	202.236733754	163.42342772701522	15000.166400	cloud-23940	OUT OF MEMORY	288.875830349	231.87301455598208	15000.039424	cloud-23982	OUT OF MEMORY	223.684664661	182.99212816299405	15000.174592	cloud-23943
eca-rers2012/Problem05_label32.yml	false	OUT OF MEMORY	203.84294235	166.21504669304704	15000.170496	cloud-23943	OUT OF MEMORY	299.741825064	251.64652264901088	15000.039424	cloud-23979	OUT OF MEMORY	403.358787797	340.9285844700062	15000.043520	cloud-23933
eca-rers2012/Problem05_label33.yml	false	OUT OF MEMORY	433.949486755	370.978488658	15000.035328	cloud-23933	OUT OF MEMORY	410.549762863	351.452391867002	15000.043520	cloud-23938	OUT OF MEMORY	340.240856369	284.78968516900204	15000.043520	cloud-23979
eca-rers2012/Problem05_label34.yml	true	OUT OF MEMORY	313.776440914	260.6400256220004	15000.035328	cloud-24259	OUT OF MEMORY	261.36811309	214.31188019399997	15000.043520	cloud-23933	OUT OF MEMORY	344.681410987	291.3966340199986	15000.051712	cloud-23979
eca-rers2012/Problem05_label35.yml	true	OUT OF MEMORY	228.336695494	188.94070790201658	15000.166400	cloud-23939	OUT OF MEMORY	304.118616496	256.776321420999	15000.031232	cloud-23938	OUT OF MEMORY	225.080472444	183.64600095598144	15000.170496	cloud-23940
eca-rers2012/Problem05_label36.yml	false	OUT OF MEMORY	360.513144182	303.2347837890002	15000.039424	cloud-23933	OUT OF MEMORY	217.087693643	176.50115694099804	15000.166400	cloud-23943	OUT OF MEMORY	241.297150958	201.53770709698438	15000.182784	cloud-23944
eca-rers2012/Problem05_label37.yml	false	OUT OF MEMORY	327.587638505	270.23292326899536	15000.039424	cloud-24259	OUT OF MEMORY	313.306481325	262.4135129239876	15000.043520	cloud-23980	OUT OF MEMORY	242.406718512	201.8135545999976	15000.162304	cloud-23944
eca-rers2012/Problem05_label38.yml	false	OUT OF MEMORY	191.116468752	156.2458784110495	15000.162304	cloud-23939	OUT OF MEMORY	326.734758608	272.90905585698783	15000.039424	cloud-23979	OUT OF MEMORY	260.772943506	217.666098798014	15000.178688	cloud-23939
eca-rers2012/Problem05_label39.yml	false	OUT OF MEMORY	365.900271463	310.60911937199853	15000.035328	cloud-23933	OUT OF MEMORY	276.554205267	227.71479619201273	15000.043520	cloud-23979	OUT OF MEMORY	257.224719911	215.70748444000492	15000.178688	cloud-23940
eca-rers2012/Problem05_label40.yml	false	OUT OF MEMORY	262.121623903	219.00028840696905	15000.166400	cloud-23941	OUT OF MEMORY	269.569226263	219.88885733298957	15000.039424	cloud-23979	OUT OF MEMORY	392.31372775	334.3861478869803	15000.051712	cloud-23980
eca-rers2012/Problem05_label41.yml	false	OUT OF MEMORY	292.713630154	240.41794771599962	15000.039424	cloud-24259	OUT OF MEMORY	350.968594126	292.8702317989955	15000.043520	cloud-23938	OUT OF MEMORY	429.145119178	369.2161555579805	15000.051712	cloud-23982
eca-rers2012/Problem05_label42.yml	true	OUT OF MEMORY	422.9861694	362.61961783800007	15000.035328	cloud-23933	OUT OF MEMORY	349.649412945	288.23101321200375	15000.039424	cloud-23938	OUT OF MEMORY	391.046243289	331.0438216920011	15000.047616	cloud-23980
eca-rers2012/Problem05_label43.yml	true	OUT OF MEMORY	207.594439104	170.19033392402343	15000.166400	cloud-23944	OUT OF MEMORY	210.14210882	169.87688231799984	15000.162304	cloud-23942	OUT OF MEMORY	238.260689602	195.49384677500348	15000.174592	cloud-23942
eca-rers2012/Problem05_label44.yml	false	OUT OF MEMORY	472.202844259	416.3240236900019	15000.035328	cloud-23979	OUT OF MEMORY	295.566451863	246.40664715200546	15000.043520	cloud-23982	OUT OF MEMORY	227.418694802	186.43586535198847	15000.170496	cloud-23942
eca-rers2012/Problem05_label45.yml	true	OUT OF MEMORY	202.175219325	165.7796487879823	15000.162304	cloud-23940	OUT OF MEMORY	265.188126671	220.27572215799592	15000.162304	cloud-23939	OUT OF MEMORY	457.475038524	392.03609010900254	15000.055808	cloud-23938
eca-rers2012/Problem05_label46.yml	true	OUT OF MEMORY	307.461393839	258.6354341489987	15000.035328	cloud-24259	OUT OF MEMORY	305.108324358	251.63257449801313	15000.043520	cloud-23982	OUT OF MEMORY	454.338176191	393.5881519950053	15000.047616	cloud-23933
eca-rers2012/Problem05_label47.yml	false	OUT OF MEMORY	249.890109103	208.0636530109914	15000.166400	cloud-23943	OUT OF MEMORY	255.898688888	211.84056942202733	15000.039424	cloud-23979	OUT OF MEMORY	228.235421189	189.91350908300956	15000.166400	cloud-23943
eca-rers2012/Problem05_label48.yml	false	OUT OF MEMORY	484.538664831	421.46522860899995	15000.039424	cloud-23979	OUT OF MEMORY	266.436828261	221.24655489399447	15000.043520	cloud-23933	OUT OF MEMORY	227.822602252	187.182249503996	15000.174592	cloud-23940
eca-rers2012/Problem05_label49.yml	true	OUT OF MEMORY	386.650494664	332.8624740939995	15000.043520	cloud-23979	OUT OF MEMORY	351.594775865	296.8673153919808	15000.043520	cloud-23938	OUT OF MEMORY	269.390504435	216.39376365899807	15000.055808	cloud-23933
eca-rers2012/Problem05_label50.yml	true	OUT OF MEMORY	209.188261758	169.97647330001928	15000.166400	cloud-23941	OUT OF MEMORY	376.594538483	319.4621668710024	15000.031232	cloud-23980	OUT OF MEMORY	359.499631769	302.3113208930008	15000.047616	cloud-23979
eca-rers2012/Problem05_label51.yml	false	OUT OF MEMORY	196.584298713	160.0960811219993	15000.158208	cloud-23940	OUT OF MEMORY	284.13696096	236.226928752003	15000.039424	cloud-23938	OUT OF MEMORY	259.857048377	215.76553215199965	15000.170496	cloud-23943
eca-rers2012/Problem05_label52.yml	true	OUT OF MEMORY	410.892602389	351.5609060030001	15000.043520	cloud-23979	OUT OF MEMORY	290.478097858	236.63622201399994	15000.039424	cloud-23938	OUT OF MEMORY	242.463944034	198.89354520099005	15000.162304	cloud-23941
eca-rers2012/Problem05_label53.yml	true	OUT OF MEMORY	319.297031647	270.84772625799997	15000.035328	cloud-24259	OUT OF MEMORY	313.09503332	260.1668048989959	15000.043520	cloud-23938	OUT OF MEMORY	406.352667488	348.6758596310101	15000.051712	cloud-23938
eca-rers2012/Problem05_label54.yml	true	OUT OF MEMORY	213.363508482	173.4987791859894	15000.162304	cloud-23941	OUT OF MEMORY	297.361842043	248.51894745099708	15000.043520	cloud-23980	OUT OF MEMORY	397.167926783	333.2347372669901	15000.047616	cloud-23938
eca-rers2012/Problem05_label55.yml	false	OUT OF MEMORY	230.786419594	190.2921245630132	15000.150016	cloud-23939	OUT OF MEMORY	306.4629014	253.8392537489999	15000.043520	cloud-23982	OUT OF MEMORY	455.602035699	399.8240598970151	15000.043520	cloud-23980
eca-rers2012/Problem05_label56.yml	true	OUT OF MEMORY	276.359393037	229.62486197496764	15000.166400	cloud-23943	OUT OF MEMORY	279.684269727	237.23099449501024	15000.162304	cloud-23939	OUT OF MEMORY	325.95524684	270.3609086210199	15000.039424	cloud-23979
eca-rers2012/Problem05_label57.yml	false	OUT OF MEMORY	229.662551039	187.180925519031	15000.170496	cloud-23939	OUT OF MEMORY	260.465404257	215.3849017159955	15000.043520	cloud-23979	OUT OF MEMORY	417.225204455	357.3253587759973	15000.047616	cloud-23982
eca-rers2012/Problem05_label58.yml	false	OUT OF MEMORY	196.201109213	158.03516126197064	15000.158208	cloud-23939	OUT OF MEMORY	277.564161974	231.34281499299686	15000.166400	cloud-23942	OUT OF MEMORY	206.905221639	166.3593303920061	15000.178688	cloud-23943
eca-rers2012/Problem05_label59.yml	true	OUT OF MEMORY	255.451960607	213.242050906003	15000.166400	cloud-23939	OUT OF MEMORY	407.358192105	349.508099003986	15000.043520	cloud-23980	OUT OF MEMORY	431.048746978	364.39503692800645	15000.047616	cloud-23982
eca-rers2012/Problem06_label00.yml	false	OUT OF MEMORY	240.068905807	201.76933767396258	15000.166400	cloud-23939	OUT OF MEMORY	568.229725611	495.580445450003	15000.166400	cloud-23943	OUT OF MEMORY	410.850032386	349.98860241798684	15000.051712	cloud-23979
eca-rers2012/Problem06_label01.yml	false	OUT OF MEMORY	250.609321249	214.04945705400314	15000.166400	cloud-23939	OUT OF MEMORY	271.090997454	228.01968871697318	15000.166400	cloud-23942	OUT OF MEMORY	261.702572103	222.959976017999	15000.174592	cloud-23944
eca-rers2012/Problem06_label02.yml	false	OUT OF MEMORY	351.987545944	288.24295823898865	15000.154112	cloud-23941	OUT OF MEMORY	395.266416064	325.71105889300816	15000.158208	cloud-23941	OUT OF MEMORY	258.653614934	216.42960938598844	15000.178688	cloud-23944
eca-rers2012/Problem06_label03.yml	true	OUT OF MEMORY	283.806453573	229.9170737619861	15000.170496	cloud-23942	OUT OF MEMORY	223.615189319	185.91537999498541	15000.166400	cloud-23944	OUT OF MEMORY	494.627819669	427.7531143889937	15000.174592	cloud-23940
eca-rers2012/Problem06_label04.yml	false	OUT OF MEMORY	257.12696685	218.31610503303818	15000.162304	cloud-23942	OUT OF MEMORY	309.315866366	253.22321648799698	15000.166400	cloud-23941	OUT OF MEMORY	493.454953013	427.1312780659937	15000.039424	cloud-23982
eca-rers2012/Problem06_label05.yml	false	OUT OF MEMORY	237.076740796	199.45381953701144	15000.166400	cloud-23939	OUT OF MEMORY	418.67429037	346.1226733670046	15000.166400	cloud-23939	OUT OF MEMORY	307.993475405	264.18258367900853	15000.174592	cloud-23940
eca-rers2012/Problem06_label06.yml	true	OUT OF MEMORY	366.226157649	302.9640797509928	15000.170496	cloud-23940	OUT OF MEMORY	396.934790501	329.5677051579987	15000.039424	cloud-23980	OUT OF MEMORY	626.801295291	554.5869383969984	15000.047616	cloud-23980
eca-rers2012/Problem06_label07.yml	true	OUT OF MEMORY	289.804679077	234.9029486060026	15000.158208	cloud-23940	OUT OF MEMORY	291.515071099	250.34684409201145	15000.166400	cloud-23942	OUT OF MEMORY	288.563222682	244.77022175100865	15000.162304	cloud-23939
eca-rers2012/Problem06_label08.yml	true	TIMEOUT	991.227323201	923.7452212310163	14928.781312	cloud-23939	TIMEOUT	991.941550665	904.0955629500095	14975.000576	cloud-23980	OUT OF MEMORY	476.177861414	414.07578984298743	15000.043520	cloud-23933
eca-rers2012/Problem06_label09.yml	false	OUT OF MEMORY	251.269850655	212.7099840239971	15000.162304	cloud-23939	OUT OF MEMORY	816.212151947	731.4532455269946	15000.043520	cloud-23980	OUT OF MEMORY	512.796869895	426.93468848400516	15000.051712	cloud-23982
eca-rers2012/Problem06_label10.yml	false	OUT OF MEMORY	264.976633615	224.20366892998572	15000.162304	cloud-23940	OUT OF MEMORY	388.37736932	330.44086675398285	15000.039424	cloud-23979	TIMEOUT	991.734294717	905.1369714429893	14985.277440	cloud-23982
eca-rers2012/Problem06_label11.yml	false	OUT OF MEMORY	264.167732268	226.64480362599716	15000.166400	cloud-23939	OUT OF MEMORY	786.95911227	689.7310157740139	15000.039424	cloud-23979	OUT OF MEMORY	577.063978498	497.70077628898434	15000.055808	cloud-23980
eca-rers2012/Problem06_label12.yml	false	OUT OF MEMORY	359.740398833	291.63032488699537	15000.170496	cloud-23939	OUT OF MEMORY	355.254802286	303.3039026049955	15000.043520	cloud-23938	OUT OF MEMORY	430.022462957	370.3230307310005	15000.039424	cloud-23979
eca-rers2012/Problem06_label13.yml	true	OUT OF MEMORY	419.642953635	347.3091187550017	15000.043520	cloud-24259	OUT OF MEMORY	416.264974347	348.68613235701923	15000.043520	cloud-23982	OUT OF MEMORY	329.840039553	271.34405802498804	15000.166400	cloud-23944
eca-rers2012/Problem06_label14.yml	true	OUT OF MEMORY	319.805361244	260.74960811896017	15000.162304	cloud-23939	OUT OF MEMORY	364.739510452	306.91704997900524	15000.039424	cloud-23933	OUT OF MEMORY	609.569434495	518.8038766519749	15000.051712	cloud-23982
eca-rers2012/Problem06_label15.yml	false	OUT OF MEMORY	267.270436564	223.59125171299092	15000.162304	cloud-23940	OUT OF MEMORY	377.482372973	329.6720154180075	15000.039424	cloud-23982	OUT OF MEMORY	362.237169254	313.8075391060265	15000.047616	cloud-23979
eca-rers2012/Problem06_label16.yml	true	OUT OF MEMORY	553.447241737	480.23013755000284	15000.043520	cloud-23979	OUT OF MEMORY	344.715552399	298.3151447249984	15000.039424	cloud-23980	OUT OF MEMORY	374.438277342	317.51641949499026	15000.174592	cloud-23942
eca-rers2012/Problem06_label17.yml	true	OUT OF MEMORY	248.409251297	209.33464582299348	15000.170496	cloud-23940	OUT OF MEMORY	397.283115408	349.14652608099277	15000.031232	cloud-23979	OUT OF MEMORY	404.984686207	349.8384123840078	15000.043520	cloud-23979
eca-rers2012/Problem06_label18.yml	true	OUT OF MEMORY	268.2437332	227.82875028497074	15000.170496	cloud-23940	OUT OF MEMORY	387.115779326	330.5721841939958	15000.039424	cloud-23979	OUT OF MEMORY	493.383824476	415.6061972230091	15000.047616	cloud-23979
eca-rers2012/Problem06_label19.yml	true	OUT OF MEMORY	311.752834538	268.3534703589976	15000.166400	cloud-23940	OUT OF MEMORY	319.069660931	275.3427304289944	15000.158208	cloud-23943	OUT OF MEMORY	432.344646375	367.69075295398943	15000.170496	cloud-23942
eca-rers2012/Problem06_label20.yml	false	OUT OF MEMORY	304.904474463	262.0778336939984	15000.166400	cloud-23943	OUT OF MEMORY	365.673207119	312.62836779200006	15000.039424	cloud-23938	TIMEOUT	992.267602968	894.3903878830024	14982.844416	cloud-23982
eca-rers2012/Problem06_label21.yml	false	OUT OF MEMORY	371.03183036	306.5799339140067	15000.170496	cloud-23940	OUT OF MEMORY	624.980202526	540.6991856920067	15000.039424	cloud-23982	OUT OF MEMORY	472.456775732	404.216994382994	15000.051712	cloud-23938
eca-rers2012/Problem06_label22.yml	true	OUT OF MEMORY	236.347266898	198.82287387596443	15000.162304	cloud-23939	OUT OF MEMORY	350.036277123	294.6478254920221	15000.039424	cloud-23933	OUT OF MEMORY	285.848586599	232.22748123900965	15000.174592	cloud-23942
eca-rers2012/Problem06_label23.yml	true	OUT OF MEMORY	417.9482462	350.29844298000535	15000.039424	cloud-24259	OUT OF MEMORY	389.990159465	342.6486472450197	15000.043520	cloud-23938	TIMEOUT	992.031365369	896.255289794004	14945.439744	cloud-23982
eca-rers2012/Problem06_label24.yml	false	OUT OF MEMORY	259.071362511	218.75061552599072	15000.154112	cloud-23940	OUT OF MEMORY	563.666946406	497.78203090498573	15000.043520	cloud-23982	OUT OF MEMORY	681.759382475	591.8998476470006	15000.051712	cloud-23982
eca-rers2012/Problem06_label25.yml	true	OUT OF MEMORY	325.257242961	265.45344601996476	15000.162304	cloud-23940	OUT OF MEMORY	340.397992808	289.8314708080143	15000.043520	cloud-23933	OUT OF MEMORY	299.746348743	254.3726086509996	15000.174592	cloud-23942
eca-rers2012/Problem06_label26.yml	true	OUT OF MEMORY	266.261165839	229.32415785902413	15000.170496	cloud-23944	OUT OF MEMORY	513.153999157	447.190550586005	15000.043520	cloud-23982	OUT OF MEMORY	425.223918113	370.83566871698713	15000.055808	cloud-23938
eca-rers2012/Problem06_label27.yml	false	OUT OF MEMORY	454.693865972	379.5021023519985	15000.043520	cloud-24259	TIMEOUT	911.783267873	818.8982834540075	15000.035328	cloud-23933	OUT OF MEMORY	403.599336977	338.38197214799584	15000.170496	cloud-23942
eca-rers2012/Problem06_label28.yml	true	OUT OF MEMORY	281.008737881	236.1539660030394	15000.170496	cloud-23943	OUT OF MEMORY	360.320865179	292.20887048798613	15000.043520	cloud-23982	OUT OF MEMORY	342.099186213	275.54411726098624	15000.170496	cloud-23942
eca-rers2012/Problem06_label29.yml	false	OUT OF MEMORY	357.076062916	299.67833508498734	15000.166400	cloud-23943	OUT OF MEMORY	306.597977988	265.3898514719913	15000.158208	cloud-23940	OUT OF MEMORY	435.307497985	353.2998952899943	15000.051712	cloud-23979
eca-rers2012/Problem06_label30.yml	true	OUT OF MEMORY	303.126450833	252.5899356890004	15000.162304	cloud-23943	TIMEOUT	991.76473222	905.6988240349747	14932.779008	cloud-23982	OUT OF MEMORY	327.119770122	281.7541890660068	15000.170496	cloud-23942
eca-rers2012/Problem06_label31.yml	true	OUT OF MEMORY	248.798734822	209.8182387050474	15000.158208	cloud-23940	OUT OF MEMORY	355.874069914	288.9089769909915	15000.039424	cloud-23980	OUT OF MEMORY	310.519767148	262.94672311499016	15000.170496	cloud-23941
eca-rers2012/Problem06_label32.yml	true	OUT OF MEMORY	321.266793859	257.95515892101685	15000.162304	cloud-23939	OUT OF MEMORY	416.207010609	362.22578252101084	15000.043520	cloud-23938	OUT OF MEMORY	523.142099978	439.92883684599656	15000.047616	cloud-23933
eca-rers2012/Problem06_label33.yml	false	TIMEOUT	991.532835129	897.9890016399986	14737.055744	cloud-23933	OUT OF MEMORY	313.934880607	266.7614880740002	15000.162304	cloud-23940	OUT OF MEMORY	458.042402948	387.8420992270112	15000.039424	cloud-23979
eca-rers2012/Problem06_label34.yml	true	OUT OF MEMORY	282.809470612	244.34305997600313	15000.158208	cloud-23941	TIMEOUT	992.047767933	898.2720858810062	14704.037888	cloud-23982	OUT OF MEMORY	321.405450944	269.0513320530008	15000.174592	cloud-23944
eca-rers2012/Problem06_label35.yml	true	OUT OF MEMORY	324.974458504	273.29201469704276	15000.170496	cloud-23943	OUT OF MEMORY	276.685245986	224.1244626379921	15000.043520	cloud-23982	OUT OF MEMORY	291.530028171	251.25553874799516	15000.166400	cloud-23944
eca-rers2012/Problem06_label36.yml	false	OUT OF MEMORY	313.286727785	257.82262735499535	15000.166400	cloud-23943	OUT OF MEMORY	545.655566992	454.08182044001296	15000.043520	cloud-23938	OUT OF MEMORY	349.489375594	287.20203476501047	15000.170496	cloud-23942
eca-rers2012/Problem06_label37.yml	false	OUT OF MEMORY	719.193128649	630.9459014550011	15000.035328	cloud-23979	OUT OF MEMORY	312.837771117	268.3050967649906	15000.166400	cloud-23939	OUT OF MEMORY	342.977987102	289.72258534899447	15000.051712	cloud-23933
eca-rers2012/Problem06_label38.yml	false	OUT OF MEMORY	223.442018688	188.70011398399947	15000.166400	cloud-23942	OUT OF MEMORY	265.384275597	220.4356299880019	15000.166400	cloud-23941	TIMEOUT	991.609440177	910.1538535569853	14617.858048	cloud-23980
eca-rers2012/Problem06_label39.yml	true	OUT OF MEMORY	522.52854535	454.25697476799996	15000.043520	cloud-23979	OUT OF MEMORY	355.295011926	299.9986013100133	15000.039424	cloud-23980	OUT OF MEMORY	627.011076474	538.2053908259841	15000.047616	cloud-23982
eca-rers2012/Problem06_label40.yml	true	OUT OF MEMORY	249.931278926	212.12756244803313	15000.166400	cloud-23940	OUT OF MEMORY	280.201365524	234.3666039609816	15000.158208	cloud-23942	OUT OF MEMORY	466.38268736	397.45890378800686	15000.055808	cloud-23933
eca-rers2012/Problem06_label41.yml	true	OUT OF MEMORY	308.022069774	259.1831839510123	15000.170496	cloud-23941	OUT OF MEMORY	283.326129144	239.5130053210014	15000.166400	cloud-23942	OUT OF MEMORY	270.164805839	227.60597998899175	15000.174592	cloud-23943
eca-rers2012/Problem06_label42.yml	true	OUT OF MEMORY	289.619582956	250.90878319198964	15000.162304	cloud-23940	OUT OF MEMORY	337.266457318	292.25998819601955	15000.043520	cloud-23933	OUT OF MEMORY	380.012664555	322.98490728001343	15000.166400	cloud-23942
eca-rers2012/Problem06_label43.yml	true	OUT OF MEMORY	305.500469658	261.4947624479537	15000.154112	cloud-23939	OUT OF MEMORY	309.321476148	265.6873393479909	15000.166400	cloud-23940	OUT OF MEMORY	708.983521712	618.1465654569911	15000.051712	cloud-23982
eca-rers2012/Problem06_label44.yml	false	OUT OF MEMORY	257.555655173	217.46650491998298	15000.170496	cloud-23939	TIMEOUT	991.698299441	908.734625498997	14956.216320	cloud-23979	OUT OF MEMORY	371.730025467	304.9397972880106	15000.178688	cloud-23942
eca-rers2012/Problem06_label45.yml	true	OUT OF MEMORY	284.667554081	238.9472070869524	15000.158208	cloud-23939	TIMEOUT	991.652333091	906.1281988830015	14928.117760	cloud-23980	OUT OF MEMORY	590.921754613	498.6299639819772	15000.055808	cloud-23982
eca-rers2012/Problem06_label46.yml	true	OUT OF MEMORY	319.760348626	277.64270728698466	15000.166400	cloud-23939	OUT OF MEMORY	312.508477747	266.1137798470154	15000.043520	cloud-23933	OUT OF MEMORY	588.677523048	503.2974348340067	15000.051712	cloud-23982
eca-rers2012/Problem06_label47.yml	false	OUT OF MEMORY	246.469404421	207.76526288397145	15000.166400	cloud-23944	OUT OF MEMORY	446.724053379	381.8543724679912	15000.043520	cloud-23979	OUT OF MEMORY	486.859128889	404.35778129601385	15000.055808	cloud-23938
eca-rers2012/Problem06_label48.yml	false	OUT OF MEMORY	253.180337162	214.82477968401508	15000.162304	cloud-23942	OUT OF MEMORY	306.830475178	258.6905601960025	15000.039424	cloud-23933	OUT OF MEMORY	327.794593457	271.0920352990215	15000.166400	cloud-23944
eca-rers2012/Problem06_label49.yml	true	OUT OF MEMORY	384.603895854	318.3689679100062	15000.170496	cloud-23942	OUT OF MEMORY	392.270716578	321.7492398679897	15000.166400	cloud-23939	OUT OF MEMORY	411.616894788	355.57984116699663	15000.047616	cloud-23933
eca-rers2012/Problem06_label50.yml	true	OUT OF MEMORY	493.648336094	426.654596673	15000.047616	cloud-23933	OUT OF MEMORY	372.736974269	314.3038716560113	15000.043520	cloud-23933	OUT OF MEMORY	335.168902827	270.28961239999626	15000.162304	cloud-23943
eca-rers2012/Problem06_label51.yml	true	TIMEOUT	991.281208723	914.3807681000326	15000.170496	cloud-23943	OUT OF MEMORY	438.394379462	370.79244927698164	15000.039424	cloud-23980	OUT OF MEMORY	594.162844706	514.4330041460053	15000.051712	cloud-23980
eca-rers2012/Problem06_label52.yml	true	OUT OF MEMORY	478.168834847	419.5191889799971	15000.039424	cloud-24259	OUT OF MEMORY	441.243774012	382.88281450999784	15000.043520	cloud-23938	OUT OF MEMORY	309.296103643	265.4339574780024	15000.174592	cloud-23942
eca-rers2012/Problem06_label53.yml	true	TIMEOUT	923.661155563	855.2703081140062	15000.170496	cloud-23939	OUT OF MEMORY	372.949512818	304.1703524629993	15000.039424	cloud-23933	OUT OF MEMORY	621.063261693	539.250196235982	15000.047616	cloud-23980
eca-rers2012/Problem06_label54.yml	true	OUT OF MEMORY	255.535926317	214.33661474299151	15000.166400	cloud-23940	TIMEOUT	983.276609478	892.5598399789887	15000.043520	cloud-23979	OUT OF MEMORY	502.925052685	448.1153668570041	15000.055808	cloud-23980
eca-rers2012/Problem06_label55.yml	true	OUT OF MEMORY	408.393110194	337.00419751601294	15000.174592	cloud-23943	OUT OF MEMORY	413.73110592	361.1571082279843	15000.043520	cloud-23982	OUT OF MEMORY	617.267285059	537.3549740059825	15000.043520	cloud-23933
eca-rers2012/Problem06_label56.yml	false	OUT OF MEMORY	237.595691201	200.48766680900007	15000.162304	cloud-23941	OUT OF MEMORY	344.997634635	282.29547916998854	15000.039424	cloud-23938	OUT OF MEMORY	471.779406948	419.3449714340095	15000.051712	cloud-23979
eca-rers2012/Problem06_label57.yml	true	OUT OF MEMORY	330.688225132	270.94011605903506	15000.162304	cloud-23940	OUT OF MEMORY	311.127127113	265.55373225800577	15000.162304	cloud-23939	OUT OF MEMORY	405.59407736	339.50356219298556	15000.174592	cloud-23939
eca-rers2012/Problem06_label58.yml	false	TIMEOUT	991.117728324	921.8314870670438	14948.290560	cloud-23939	OUT OF MEMORY	378.83305342	310.3260743319988	15000.043520	cloud-23979	TIMEOUT	991.780361194	922.5251681309892	14027.014144	cloud-23979
eca-rers2012/Problem06_label59.yml	false	TIMEOUT	991.683559917	901.8711506590043	14912.720896	cloud-24259	OUT OF MEMORY	411.36296538	345.0364995459968	15000.043520	cloud-23979	OUT OF MEMORY	406.244670077	350.5075766200025	15000.051712	cloud-23979
eca-rers2012/Problem07_label00.yml	true	OUT OF MEMORY	122.006434418	67.3498727619999	15000.039424	cloud-23979	OUT OF MEMORY	99.021989309	53.96587650699075	15000.043520	cloud-23980	OUT OF MEMORY	118.144513893	64.64004606602248	15000.055808	cloud-23938
eca-rers2012/Problem07_label01.yml	true	OUT OF MEMORY	85.069911684	46.63875076099066	15000.428544	cloud-23939	OUT OF MEMORY	82.256929968	44.78859322197968	15000.162304	cloud-23944	OUT OF MEMORY	121.170300051	65.6525929190102	15000.051712	cloud-23938
eca-rers2012/Problem07_label02.yml	true	OUT OF MEMORY	76.180078116	41.62034424999729	15000.166400	cloud-23939	OUT OF MEMORY	87.236103196	47.33423838298768	15000.158208	cloud-23940	OUT OF MEMORY	81.693758636	44.769131287990604	15000.174592	cloud-23943
eca-rers2012/Problem07_label03.yml	false	OUT OF MEMORY	95.882524404	51.851902735001204	15000.035328	cloud-24259	OUT OF MEMORY	116.911357062	62.81281736999517	15000.043520	cloud-23938	OUT OF MEMORY	125.513996438	68.46121546300128	15000.043520	cloud-23982
eca-rers2012/Problem07_label04.yml	true	OUT OF MEMORY	75.269214234	41.674173670005985	15000.420352	cloud-23942	OUT OF MEMORY	92.044944438	50.42323369299993	15000.043520	cloud-23933	OUT OF MEMORY	108.236860017	57.638341371988645	15000.055808	cloud-23933
eca-rers2012/Problem07_label05.yml	false	OUT OF MEMORY	77.228248839	42.148693947005086	15000.170496	cloud-23940	OUT OF MEMORY	92.639783425	50.09230107298936	15000.039424	cloud-23979	OUT OF MEMORY	101.968296091	55.035916777007515	15000.055808	cloud-23979
eca-rers2012/Problem07_label06.yml	false	OUT OF MEMORY	73.803715366	40.78489494801033	15000.162304	cloud-23942	OUT OF MEMORY	90.27870423	49.59741467301501	15000.416256	cloud-23940	OUT OF MEMORY	111.267940885	60.06808675697539	15000.223744	cloud-23938
eca-rers2012/Problem07_label07.yml	false	OUT OF MEMORY	87.046703317	47.117959114024416	15000.166400	cloud-23944	OUT OF MEMORY	97.569832528	53.37753526700544	15000.043520	cloud-23979	OUT OF MEMORY	84.171763341	45.76945340100792	15000.174592	cloud-23940
eca-rers2012/Problem07_label08.yml	true	OUT OF MEMORY	125.598654049	69.0913637399999	15000.039424	cloud-23979	OUT OF MEMORY	99.93082669	53.65226960397558	15000.039424	cloud-23979	OUT OF MEMORY	82.277325538	45.16669165401254	15000.162304	cloud-23943
eca-rers2012/Problem07_label09.yml	false	OUT OF MEMORY	71.390514705	39.19452671799809	15000.166400	cloud-23939	OUT OF MEMORY	110.128590811	60.52915207701153	15000.039424	cloud-23980	OUT OF MEMORY	121.183401929	66.52206583498628	15000.047616	cloud-23938
eca-rers2012/Problem07_label10.yml	true	OUT OF MEMORY	78.452732567	42.86153682903387	15000.317952	cloud-23939	OUT OF MEMORY	96.63875246	52.493904091010336	15000.039424	cloud-23980	OUT OF MEMORY	110.752184765	59.76196000899654	15000.051712	cloud-23933
eca-rers2012/Problem07_label11.yml	false	OUT OF MEMORY	78.380486156	43.16419572499581	15000.166400	cloud-23940	OUT OF MEMORY	82.983634348	45.37766936299158	15000.166400	cloud-23942	OUT OF MEMORY	120.54394621	65.08806578899384	15000.313856	cloud-23938
eca-rers2012/Problem07_label12.yml	true	OUT OF MEMORY	73.490283475	40.36483622400556	15000.162304	cloud-23940	OUT OF MEMORY	105.234021808	57.39677519799443	15000.129536	cloud-23982	OUT OF MEMORY	80.416587941	44.68428239799687	15000.363008	cloud-23944
eca-rers2012/Problem07_label13.yml	true	OUT OF MEMORY	106.946939416	59.12782093999704	15000.035328	cloud-23979	OUT OF MEMORY	126.521468484	70.55938198100193	15000.039424	cloud-23982	OUT OF MEMORY	90.389043312	48.958858291007346	15000.178688	cloud-23939
eca-rers2012/Problem07_label14.yml	true	OUT OF MEMORY	105.975850058	57.91784930599897	15000.272896	cloud-23933	OUT OF MEMORY	85.343671149	46.38099683899782	15000.158208	cloud-23941	OUT OF MEMORY	92.18301191	50.570982905017445	15000.174592	cloud-23941
eca-rers2012/Problem07_label15.yml	false	OUT OF MEMORY	116.579172843	63.63943411999935	15000.035328	cloud-23933	OUT OF MEMORY	82.492434308	44.8605799349898	15000.162304	cloud-23943	OUT OF MEMORY	87.42021637	47.66262184799416	15000.162304	cloud-23942
eca-rers2012/Problem07_label16.yml	true	OUT OF MEMORY	113.23820361	62.295157040996855	15000.047616	cloud-23979	OUT OF MEMORY	107.129561349	57.500477966008475	15000.301568	cloud-23933	OUT OF MEMORY	85.697952678	46.48105222498998	15000.174592	cloud-23943
eca-rers2012/Problem07_label17.yml	true	OUT OF MEMORY	111.832301498	60.65926422300254	15000.039424	cloud-23933	OUT OF MEMORY	81.078275497	44.1428064799984	15000.158208	cloud-23940	OUT OF MEMORY	85.205761036	46.36602308799047	15000.174592	cloud-23939
eca-rers2012/Problem07_label18.yml	false	OUT OF MEMORY	122.186413005	68.29370051499998	15000.256512	cloud-24259	OUT OF MEMORY	100.393389572	53.69683253497351	15000.035328	cloud-23980	OUT OF MEMORY	76.649816455	42.50524222198874	15000.174592	cloud-23944
eca-rers2012/Problem07_label19.yml	false	OUT OF MEMORY	83.373803137	46.44696879200637	15000.166400	cloud-23941	OUT OF MEMORY	83.816276748	45.858895198005484	15000.170496	cloud-23942	OUT OF MEMORY	84.214754516	45.9328505830199	15000.178688	cloud-23940
eca-rers2012/Problem07_label20.yml	false	OUT OF MEMORY	75.146241744	41.28959658899112	15000.166400	cloud-23940	OUT OF MEMORY	123.710036625	67.89067053000326	15000.043520	cloud-23982	OUT OF MEMORY	83.348427313	45.48341187700862	15000.178688	cloud-23943
eca-rers2012/Problem07_label21.yml	true	OUT OF MEMORY	81.159400813	44.31956207897747	15000.166400	cloud-23940	OUT OF MEMORY	95.811190642	51.72137981999549	15000.150016	cloud-23979	OUT OF MEMORY	106.310147251	56.418179797008634	15000.039424	cloud-23933
eca-rers2012/Problem07_label22.yml	true	OUT OF MEMORY	80.013524911	43.84221631800756	15000.162304	cloud-23944	OUT OF MEMORY	93.064178932	50.91913853198639	15000.039424	cloud-23979	OUT OF MEMORY	82.109189512	44.89327940499061	15000.178688	cloud-23943
eca-rers2012/Problem07_label23.yml	false	OUT OF MEMORY	82.837716428	46.07971256895689	15000.162304	cloud-23941	OUT OF MEMORY	97.501055912	52.561871111014625	15000.035328	cloud-23979	OUT OF MEMORY	119.067407585	65.37216738701682	15000.055808	cloud-23982
eca-rers2012/Problem07_label24.yml	true	OUT OF MEMORY	114.312796923	62.16931602399927	15000.047616	cloud-23979	OUT OF MEMORY	101.053619725	54.49866107199341	15000.039424	cloud-23980	OUT OF MEMORY	120.15876061	64.89228301899857	15000.051712	cloud-23980
eca-rers2012/Problem07_label25.yml	true	OUT OF MEMORY	101.629699991	55.69442964199993	15000.031232	cloud-24259	OUT OF MEMORY	80.004619535	43.55356672999915	15000.166400	cloud-23940	OUT OF MEMORY	113.89162398	63.70872930900077	15000.035328	cloud-23980
eca-rers2012/Problem07_label26.yml	true	OUT OF MEMORY	86.858645745	48.150130391994026	15000.166400	cloud-23941	OUT OF MEMORY	100.039114233	54.251037202979205	15000.043520	cloud-23938	OUT OF MEMORY	111.077919556	60.37210498499917	15000.055808	cloud-23933
eca-rers2012/Problem07_label27.yml	true	OUT OF MEMORY	86.632939961	47.117445187002886	15000.154112	cloud-23944	OUT OF MEMORY	79.850772569	43.52612212501117	15000.166400	cloud-23941	OUT OF MEMORY	103.402980029	56.02823939797236	15000.305664	cloud-23979
eca-rers2012/Problem07_label28.yml	true	OUT OF MEMORY	79.162333077	43.69868522498291	15000.166400	cloud-23944	OUT OF MEMORY	84.105421265	45.47251193999546	15000.166400	cloud-23940	OUT OF MEMORY	82.072954455	44.66639921098249	15000.170496	cloud-23942
eca-rers2012/Problem07_label29.yml	true	OUT OF MEMORY	80.307768305	43.80329992296174	15000.166400	cloud-23939	OUT OF MEMORY	97.191945324	52.51658899697941	15000.043520	cloud-23979	OUT OF MEMORY	114.141189341	61.4374589099898	15000.051712	cloud-23938
eca-rers2012/Problem07_label30.yml	false	OUT OF MEMORY	82.142020009	45.19787329697283	15000.162304	cloud-23943	OUT OF MEMORY	80.853462215	44.20693359701545	15000.162304	cloud-23941	OUT OF MEMORY	73.660405065	40.473757846979424	15000.174592	cloud-23942
eca-rers2012/Problem07_label31.yml	false	OUT OF MEMORY	71.332853872	39.1584865800105	15000.166400	cloud-23939	OUT OF MEMORY	99.043117383	53.74091367301298	15000.039424	cloud-23980	OUT OF MEMORY	115.777853653	64.07442343299044	15000.055808	cloud-23980
eca-rers2012/Problem07_label32.yml	true	OUT OF MEMORY	115.329402459	62.7306030259997	15000.039424	cloud-23979	OUT OF MEMORY	95.030094447	51.56795066600898	15000.039424	cloud-23933	OUT OF MEMORY	80.140828299	44.1985433610098	15000.166400	cloud-23943
eca-rers2012/Problem07_label33.yml	true	OUT OF MEMORY	88.693406057	49.41645255201729	15000.162304	cloud-23941	OUT OF MEMORY	104.559003675	56.1675869350147	15000.043520	cloud-23933	OUT OF MEMORY	83.967533115	45.75608248001663	15000.162304	cloud-23943
eca-rers2012/Problem07_label34.yml	true	OUT OF MEMORY	77.878664683	42.81422885804204	15000.158208	cloud-23942	OUT OF MEMORY	91.63480436	49.44108681299258	15000.043520	cloud-23933	OUT OF MEMORY	122.466204281	66.0446668130171	15000.043520	cloud-23933
eca-rers2012/Problem07_label35.yml	false	OUT OF MEMORY	74.929871442	41.16952917800518	15000.166400	cloud-23944	OUT OF MEMORY	107.638106707	57.76749445099267	15000.043520	cloud-23979	OUT OF MEMORY	105.309723626	56.30977371800691	15000.051712	cloud-23979
eca-rers2012/Problem07_label36.yml	false	OUT OF MEMORY	112.892812915	61.761705210999935	15000.256512	cloud-24259	OUT OF MEMORY	100.018797176	54.42477739401511	15000.297472	cloud-23979	OUT OF MEMORY	123.736553805	68.29677983699366	15000.043520	cloud-23982
eca-rers2012/Problem07_label37.yml	false	OUT OF MEMORY	108.479702271	58.52120746799994	15000.039424	cloud-24259	OUT OF MEMORY	98.499413985	52.90307834898704	15000.043520	cloud-23933	OUT OF MEMORY	102.622311171	55.47079003902036	15000.293376	cloud-23979
eca-rers2012/Problem07_label38.yml	true	OUT OF MEMORY	76.940120762	42.19819397199899	15000.170496	cloud-23940	OUT OF MEMORY	97.7635984	52.82149605199811	15000.043520	cloud-23933	OUT OF MEMORY	122.008012908	66.55748093800503	15000.039424	cloud-23982
eca-rers2012/Problem07_label39.yml	false	OUT OF MEMORY	95.779109439	52.89008691604249	15000.403968	cloud-23943	OUT OF MEMORY	96.559655613	52.71880134701496	15000.031232	cloud-23933	OUT OF MEMORY	111.16477062	61.10271920397645	15000.150016	cloud-23980
eca-rers2012/Problem07_label40.yml	false	OUT OF MEMORY	84.152266541	46.38620085903676	15000.170496	cloud-23941	OUT OF MEMORY	101.449865172	54.58837594900979	15000.252416	cloud-23938	OUT OF MEMORY	120.119770367	64.5266206249944	15000.051712	cloud-23938
eca-rers2012/Problem07_label41.yml	true	OUT OF MEMORY	112.500844362	63.540619890001835	15000.031232	cloud-23979	OUT OF MEMORY	89.615257221	48.992105557001196	15000.207360	cloud-23933	OUT OF MEMORY	112.32547634	60.556617833004566	15000.047616	cloud-23979
eca-rers2012/Problem07_label42.yml	false	OUT OF MEMORY	105.233285887	57.62817992199962	15000.301568	cloud-23933	OUT OF MEMORY	86.626272314	46.78733135998482	15000.420352	cloud-23940	OUT OF MEMORY	121.645065153	66.74975182401249	15000.047616	cloud-23982
eca-rers2012/Problem07_label43.yml	true	OUT OF MEMORY	78.907981544	42.987236624991056	15000.162304	cloud-23940	OUT OF MEMORY	117.609185281	63.793083299999125	15000.301568	cloud-23938	OUT OF MEMORY	82.002280226	44.77091454598121	15000.170496	cloud-23943
eca-rers2012/Problem07_label44.yml	false	OUT OF MEMORY	107.247449639	57.489162318000126	15000.297472	cloud-23933	OUT OF MEMORY	98.802875345	53.62710973501089	15000.043520	cloud-23982	OUT OF MEMORY	87.033859216	47.77737413000432	15000.174592	cloud-23939
eca-rers2012/Problem07_label45.yml	true	OUT OF MEMORY	79.847673301	43.53905638697324	15000.166400	cloud-23940	OUT OF MEMORY	88.863754415	48.313400051993085	15000.039424	cloud-23933	OUT OF MEMORY	109.261977059	59.81708052899921	15000.051712	cloud-23933
eca-rers2012/Problem07_label46.yml	false	OUT OF MEMORY	84.609380986	46.70211251801811	15000.166400	cloud-23941	OUT OF MEMORY	106.581147857	57.3148002679809	15000.035328	cloud-23979	OUT OF MEMORY	112.143220827	59.72792252601357	15000.039424	cloud-23933
eca-rers2012/Problem07_label47.yml	false	OUT OF MEMORY	88.751494707	48.52787518501282	15000.170496	cloud-23944	OUT OF MEMORY	99.897361278	53.93972514997586	15000.043520	cloud-23979	OUT OF MEMORY	77.6701114	42.306055666005705	15000.367104	cloud-23944
eca-rers2012/Problem07_label48.yml	false	OUT OF MEMORY	81.339288073	44.58406735298922	15000.166400	cloud-23941	OUT OF MEMORY	90.514244932	49.27733679700759	15000.043520	cloud-23980	OUT OF MEMORY	103.075685533	55.46796740198624	15000.039424	cloud-23979
eca-rers2012/Problem07_label49.yml	true	OUT OF MEMORY	75.656639911	41.807095952972304	15000.166400	cloud-23942	OUT OF MEMORY	94.154502333	51.12453070402262	15000.043520	cloud-23980	OUT OF MEMORY	104.852667467	56.47854956801166	15000.055808	cloud-23933
eca-rers2012/Problem07_label50.yml	true	OUT OF MEMORY	77.296228741	42.091409482003655	15000.166400	cloud-23944	OUT OF MEMORY	111.829814147	61.22467462599161	15000.043520	cloud-23980	OUT OF MEMORY	90.210149241	49.33839498998714	15000.178688	cloud-23939
eca-rers2012/Problem07_label51.yml	true	OUT OF MEMORY	74.474885367	40.6653098820243	15000.420352	cloud-23944	OUT OF MEMORY	106.652955973	57.61470972202369	15000.039424	cloud-23938	OUT OF MEMORY	90.256139278	49.29820568600553	15000.174592	cloud-23940
eca-rers2012/Problem07_label52.yml	true	OUT OF MEMORY	106.863148237	57.54591729399999	15000.264704	cloud-24259	OUT OF MEMORY	82.596792623	45.425626768002985	15000.154112	cloud-23941	OUT OF MEMORY	103.592093856	56.03292725101346	15000.051712	cloud-23979
eca-rers2012/Problem07_label53.yml	true	OUT OF MEMORY	80.706566621	44.59398619097192	15000.166400	cloud-23939	OUT OF MEMORY	119.411042328	64.82278557601967	15000.039424	cloud-23938	OUT OF MEMORY	90.645284408	49.57812542200554	15000.170496	cloud-23943
eca-rers2012/Problem07_label54.yml	true	OUT OF MEMORY	88.427285307	48.95937604602659	15000.166400	cloud-23940	OUT OF MEMORY	114.19982427	61.62428346698289	15000.043520	cloud-23933	OUT OF MEMORY	81.275813004	44.04040874997736	15000.174592	cloud-23943
eca-rers2012/Problem07_label55.yml	true	OUT OF MEMORY	102.396008628	55.621432883000125	15000.276992	cloud-24259	OUT OF MEMORY	115.762772421	62.85494000802282	15000.035328	cloud-23938	OUT OF MEMORY	111.325185793	60.561306473013246	15000.051712	cloud-23938
eca-rers2012/Problem07_label56.yml	true	OUT OF MEMORY	76.292481829	41.63185325899394	15000.420352	cloud-23942	OUT OF MEMORY	92.028269471	49.91593371098861	15000.043520	cloud-23979	OUT OF MEMORY	80.857617227	43.820382562000304	15000.174592	cloud-23940
eca-rers2012/Problem07_label57.yml	true	OUT OF MEMORY	85.246079566	46.518661190988496	15000.166400	cloud-23944	OUT OF MEMORY	93.686965684	50.91042159497738	15000.162304	cloud-23941	OUT OF MEMORY	111.249571577	60.14723952198983	15000.051712	cloud-23933
eca-rers2012/Problem07_label58.yml	false	OUT OF MEMORY	78.004652318	42.87007810000796	15000.154112	cloud-23939	OUT OF MEMORY	115.097078176	62.849277655011974	15000.043520	cloud-23938	OUT OF MEMORY	117.503682831	65.80757300299592	15000.039424	cloud-23982
eca-rers2012/Problem07_label59.yml	true	OUT OF MEMORY	74.995824133	41.105530504952185	15000.166400	cloud-23939	OUT OF MEMORY	106.570555597	57.84572243801085	15000.039424	cloud-23938	OUT OF MEMORY	84.100669248	45.97356249898439	15000.174592	cloud-23943
eca-rers2012/Problem08_label00.yml	true	OUT OF MEMORY	123.650497225	70.33816833095625	15000.170496	cloud-23941	OUT OF MEMORY	154.936529922	86.73055837201537	15000.039424	cloud-23982	OUT OF MEMORY	153.664009537	85.94056260798243	15000.043520	cloud-23979
eca-rers2012/Problem08_label01.yml	false	OUT OF MEMORY	174.149361205	100.90226780000376	15000.047616	cloud-23979	OUT OF MEMORY	168.728381621	95.06431804900058	15000.043520	cloud-23938	OUT OF MEMORY	110.433079847	63.00774842998362	15000.174592	cloud-23942
eca-rers2012/Problem08_label02.yml	false	OUT OF MEMORY	110.745374462	63.19953808997525	15000.170496	cloud-23939	OUT OF MEMORY	131.108881194	73.58952479201253	15000.166400	cloud-23943	OUT OF MEMORY	131.542377883	73.94143215802615	15000.166400	cloud-23939
eca-rers2012/Problem08_label03.yml	true	OUT OF MEMORY	117.613385232	67.76623151695821	15000.166400	cloud-23942	OUT OF MEMORY	173.543232358	97.36747335398104	15000.043520	cloud-23938	OUT OF MEMORY	131.663514446	73.89746675500646	15000.358912	cloud-23939
eca-rers2012/Problem08_label04.yml	false	OUT OF MEMORY	111.840442739	63.606144685007166	15000.412160	cloud-23939	OUT OF MEMORY	147.574864677	82.17000281298533	15000.293376	cloud-23979	OUT OF MEMORY	130.411926955	73.59123295900645	15000.170496	cloud-23942
eca-rers2012/Problem08_label05.yml	false	OUT OF MEMORY	173.923132796	101.83361276699725	15000.035328	cloud-23979	OUT OF MEMORY	152.99715183	84.53852561602253	15000.043520	cloud-23982	OUT OF MEMORY	157.206217814	87.50545768800657	15000.170496	cloud-23979
eca-rers2012/Problem08_label06.yml	false	OUT OF MEMORY	126.893502535	71.07448430598015	15000.166400	cloud-23944	OUT OF MEMORY	147.770932759	82.95007432199782	15000.305664	cloud-23980	OUT OF MEMORY	161.285314816	92.96597017798922	15000.047616	cloud-23980
eca-rers2012/Problem08_label07.yml	false	OUT OF MEMORY	175.38337101	99.58720966100009	15000.285184	cloud-23979	OUT OF MEMORY	115.592861222	65.96039881199249	15000.166400	cloud-23943	OUT OF MEMORY	123.668136517	69.77631300702342	15000.170496	cloud-23940
eca-rers2012/Problem08_label08.yml	true	OUT OF MEMORY	170.721835087	94.96839146999991	15000.043520	cloud-23933	OUT OF MEMORY	136.91259355	77.24496169801569	15000.162304	cloud-23941	OUT OF MEMORY	116.95159264	66.52816151600564	15000.178688	cloud-23944
eca-rers2012/Problem08_label09.yml	true	OUT OF MEMORY	135.177925487	76.03416972601553	15000.166400	cloud-23943	OUT OF MEMORY	139.633421526	79.10737262500334	15000.039424	cloud-23979	OUT OF MEMORY	138.63735686	77.77165054198122	15000.403968	cloud-23939
eca-rers2012/Problem08_label10.yml	false	OUT OF MEMORY	134.728056668	75.21815884899115	15000.170496	cloud-23944	OUT OF MEMORY	145.296253671	81.29666876801639	15000.039424	cloud-23979	OUT OF MEMORY	135.097307925	76.02874157699989	15000.178688	cloud-23939
eca-rers2012/Problem08_label11.yml	true	OUT OF MEMORY	113.466995432	64.69343773199944	15000.166400	cloud-23939	OUT OF MEMORY	127.017330761	71.75707562701427	15000.166400	cloud-23940	OUT OF MEMORY	146.142222032	81.06780452400562	15000.051712	cloud-23933
eca-rers2012/Problem08_label12.yml	true	OUT OF MEMORY	114.514993285	65.49289231101284	15000.154112	cloud-23942	OUT OF MEMORY	187.234617233	109.49071879300755	15000.043520	cloud-23982	OUT OF MEMORY	184.670957393	104.45784407900646	15000.043520	cloud-23938
eca-rers2012/Problem08_label13.yml	false	OUT OF MEMORY	172.887286105	97.972514908	15000.223744	cloud-24259	OUT OF MEMORY	171.996228951	95.62901536398567	15000.043520	cloud-23938	OUT OF MEMORY	163.764183735	92.13025163300335	15000.051712	cloud-23979
eca-rers2012/Problem08_label14.yml	true	OUT OF MEMORY	138.587866762	78.03642697405303	15000.166400	cloud-23939	OUT OF MEMORY	154.464247557	86.86198092901031	15000.039424	cloud-23982	OUT OF MEMORY	188.094647259	108.78787773798103	15000.051712	cloud-23982
eca-rers2012/Problem08_label15.yml	false	OUT OF MEMORY	115.13587311	64.82083239301573	15000.166400	cloud-23940	OUT OF MEMORY	176.552244251	99.72886047099018	15000.203264	cloud-23938	OUT OF MEMORY	170.748773383	93.97574276701198	15000.051712	cloud-23938
eca-rers2012/Problem08_label16.yml	true	OUT OF MEMORY	157.930873766	89.56499363400144	15000.039424	cloud-23933	OUT OF MEMORY	176.978116916	100.38054771500174	15000.043520	cloud-23982	OUT OF MEMORY	132.487667432	74.54742547299247	15000.174592	cloud-23942
eca-rers2012/Problem08_label17.yml	true	OUT OF MEMORY	187.4486492	108.00343997599998	15000.043520	cloud-23979	OUT OF MEMORY	135.942931619	76.12790512398351	15000.039424	cloud-23933	OUT OF MEMORY	122.872187471	69.56161928299116	15000.162304	cloud-23943
eca-rers2012/Problem08_label18.yml	true	OUT OF MEMORY	133.003380512	75.6904190320056	15000.166400	cloud-23941	OUT OF MEMORY	126.299691667	71.25995653000427	15000.162304	cloud-23940	OUT OF MEMORY	191.601705489	107.62756284099305	15000.051712	cloud-23938
eca-rers2012/Problem08_label19.yml	true	OUT OF MEMORY	114.494592944	65.21743327804143	15000.158208	cloud-23942	OUT OF MEMORY	117.775004587	66.86352228699252	15000.408064	cloud-23940	OUT OF MEMORY	120.697937243	69.04749123501824	15000.297472	cloud-23944
eca-rers2012/Problem08_label20.yml	true	OUT OF MEMORY	113.365864553	63.97966590302531	15000.170496	cloud-23944	OUT OF MEMORY	142.210016424	79.45208390598418	15000.182784	cloud-23938	OUT OF MEMORY	177.613770062	101.14951118500903	15000.051712	cloud-23980
eca-rers2012/Problem08_label21.yml	true	OUT OF MEMORY	118.129046426	67.4911435720278	15000.166400	cloud-23944	OUT OF MEMORY	146.274608932	82.04655216800165	15000.203264	cloud-23938	OUT OF MEMORY	141.844463882	79.72399506598595	15000.178688	cloud-23939
eca-rers2012/Problem08_label22.yml	true	OUT OF MEMORY	168.29803952	93.99458094199963	15000.043520	cloud-24259	OUT OF MEMORY	156.846346249	86.75066792199505	15000.043520	cloud-23933	OUT OF MEMORY	196.774449486	111.10204714600695	15000.047616	cloud-23938
eca-rers2012/Problem08_label23.yml	true	OUT OF MEMORY	109.089011589	61.82564034796087	15000.166400	cloud-23939	OUT OF MEMORY	158.526705986	88.36209544001031	15000.043520	cloud-23982	OUT OF MEMORY	138.865215741	79.1005619270145	15000.174592	cloud-23941
eca-rers2012/Problem08_label24.yml	false	OUT OF MEMORY	173.800830549	97.01776674499706	15000.039424	cloud-24259	OUT OF MEMORY	124.074709134	70.84631778800394	15000.166400	cloud-23941	OUT OF MEMORY	164.644183568	92.76022019700031	15000.051712	cloud-23933
eca-rers2012/Problem08_label25.yml	false	OUT OF MEMORY	130.396021336	73.19266837695614	15000.170496	cloud-23939	OUT OF MEMORY	148.740621114	83.29421739699319	15000.043520	cloud-23980	OUT OF MEMORY	142.05937156	79.77909788599936	15000.178688	cloud-23939
eca-rers2012/Problem08_label26.yml	false	OUT OF MEMORY	117.301749971	66.3004776550224	15000.158208	cloud-23940	OUT OF MEMORY	193.570879988	110.0357658060093	15000.035328	cloud-23982	OUT OF MEMORY	178.124162534	101.13673349400051	15000.047616	cloud-23938
eca-rers2012/Problem08_label27.yml	true	OUT OF MEMORY	118.555112869	67.24119919299847	15000.162304	cloud-23940	OUT OF MEMORY	144.160808512	80.62508719900507	15000.039424	cloud-23979	OUT OF MEMORY	158.687374373	89.00993262499105	15000.051712	cloud-23979
eca-rers2012/Problem08_label28.yml	false	OUT OF MEMORY	126.779270846	72.07650517998263	15000.158208	cloud-23941	OUT OF MEMORY	136.549477086	77.67807578999782	15000.162304	cloud-23939	OUT OF MEMORY	129.496218392	72.75314768200042	15000.416256	cloud-23940
eca-rers2012/Problem08_label29.yml	false	OUT OF MEMORY	110.028736488	63.186366122972686	15000.166400	cloud-23939	OUT OF MEMORY	138.690389259	78.07291701500071	15000.043520	cloud-23933	OUT OF MEMORY	133.322471383	75.10251466999762	15000.174592	cloud-23939
eca-rers2012/Problem08_label30.yml	true	OUT OF MEMORY	124.276891131	69.98720127897104	15000.162304	cloud-23939	OUT OF MEMORY	118.489538024	67.3772669309983	15000.166400	cloud-23944	OUT OF MEMORY	160.140988588	88.82766792399343	15000.039424	cloud-23979
eca-rers2012/Problem08_label31.yml	true	OUT OF MEMORY	177.245947932	101.97092049899948	15000.035328	cloud-23979	OUT OF MEMORY	137.468240878	77.2830614479899	15000.043520	cloud-23933	OUT OF MEMORY	178.747213005	99.47992178698769	15000.043520	cloud-23938
eca-rers2012/Problem08_label32.yml	true	OUT OF MEMORY	130.800978533	73.2804990609875	15000.408064	cloud-23940	OUT OF MEMORY	168.257005266	95.32639939599903	15000.043520	cloud-23933	OUT OF MEMORY	128.775039881	72.50064954601112	15000.178688	cloud-23943
eca-rers2012/Problem08_label33.yml	true	OUT OF MEMORY	120.411248922	68.03967849101173	15000.158208	cloud-23944	OUT OF MEMORY	145.762379056	82.01401815999998	15000.276992	cloud-23980	OUT OF MEMORY	173.163172095	98.38357559900032	15000.051712	cloud-23938
eca-rers2012/Problem08_label34.yml	false	OUT OF MEMORY	115.053305002	65.47287302999757	15000.166400	cloud-23942	OUT OF MEMORY	148.379888268	82.68553636901197	15000.043520	cloud-23979	OUT OF MEMORY	195.372303474	111.38697424900602	15000.051712	cloud-23938
eca-rers2012/Problem08_label35.yml	true	OUT OF MEMORY	112.856320661	64.00225864199456	15000.166400	cloud-23939	OUT OF MEMORY	175.267089799	98.67877010299708	15000.039424	cloud-23938	OUT OF MEMORY	168.376519352	97.30442274099914	15000.055808	cloud-23980
eca-rers2012/Problem08_label36.yml	true	OUT OF MEMORY	109.936933252	62.54997856897535	15000.158208	cloud-23939	OUT OF MEMORY	141.504993766	78.0814971740183	15000.043520	cloud-23933	OUT OF MEMORY	114.591918668	65.3287931990053	15000.174592	cloud-23944
eca-rers2012/Problem08_label37.yml	false	OUT OF MEMORY	117.707078529	67.09557349799434	15000.166400	cloud-23942	OUT OF MEMORY	140.479129973	79.46318899601465	15000.240128	cloud-23980	OUT OF MEMORY	116.513405849	67.01464272700832	15000.178688	cloud-23944
eca-rers2012/Problem08_label38.yml	true	OUT OF MEMORY	116.518300739	66.75582273100736	15000.162304	cloud-23939	OUT OF MEMORY	129.438319451	73.19382375199348	15000.371200	cloud-23942	OUT OF MEMORY	189.590343818	109.5890137880051	15000.051712	cloud-23982
eca-rers2012/Problem08_label39.yml	true	OUT OF MEMORY	113.280587015	64.5789734540158	15000.166400	cloud-23942	OUT OF MEMORY	162.216288884	93.0384503500245	15000.043520	cloud-23980	OUT OF MEMORY	126.930238627	71.88050942600239	15000.395776	cloud-23943
eca-rers2012/Problem08_label40.yml	true	OUT OF MEMORY	128.553471587	72.30687911895802	15000.162304	cloud-23943	OUT OF MEMORY	148.293257269	84.0636225619819	15000.039424	cloud-23938	OUT OF MEMORY	141.829767458	79.73558693099767	15000.174592	cloud-23941
eca-rers2012/Problem08_label41.yml	true	OUT OF MEMORY	124.824617598	70.32260632899124	15000.166400	cloud-23943	OUT OF MEMORY	129.967182725	73.58746535901446	15000.162304	cloud-23940	OUT OF MEMORY	157.823040158	88.37096709801699	15000.055808	cloud-23979
eca-rers2012/Problem08_label42.yml	true	OUT OF MEMORY	112.891175529	64.30669756198768	15000.166400	cloud-23939	OUT OF MEMORY	145.251521052	80.53948502699495	15000.039424	cloud-23938	OUT OF MEMORY	181.425615166	100.17621997799142	15000.231936	cloud-23938
eca-rers2012/Problem08_label43.yml	false	OUT OF MEMORY	115.044687268	65.22261708503356	15000.162304	cloud-23939	OUT OF MEMORY	146.40273165	81.80293637001887	15000.039424	cloud-23980	OUT OF MEMORY	123.512698135	70.14512695497251	15000.174592	cloud-23943
eca-rers2012/Problem08_label44.yml	true	OUT OF MEMORY	112.819044958	63.74749124300433	15000.166400	cloud-23944	OUT OF MEMORY	119.462279439	68.6177603029937	15000.158208	cloud-23944	OUT OF MEMORY	116.279773459	66.19495096197352	15000.158208	cloud-23944
eca-rers2012/Problem08_label45.yml	true	OUT OF MEMORY	201.750866412	116.83170864199998	15000.195072	cloud-23979	OUT OF MEMORY	150.321361108	84.47309653600678	15000.043520	cloud-23938	OUT OF MEMORY	174.784105097	98.16795486400952	15000.055808	cloud-23933
eca-rers2012/Problem08_label46.yml	false	OUT OF MEMORY	136.305626251	76.36465818696888	15000.166400	cloud-23940	OUT OF MEMORY	118.436606155	66.82020807499066	15000.162304	cloud-23942	OUT OF MEMORY	169.724338681	94.69286687299609	15000.047616	cloud-23933
eca-rers2012/Problem08_label47.yml	true	OUT OF MEMORY	123.917254863	70.0412946009892	15000.158208	cloud-23941	OUT OF MEMORY	146.811611448	82.54476440799772	15000.039424	cloud-23933	OUT OF MEMORY	150.21069126	84.34960923000472	15000.301568	cloud-23933
eca-rers2012/Problem08_label48.yml	false	OUT OF MEMORY	112.580488656	63.58601624198491	15000.170496	cloud-23944	OUT OF MEMORY	159.339171473	90.91913888402632	15000.043520	cloud-23980	OUT OF MEMORY	161.78754577	92.30076433101203	15000.051712	cloud-23938
eca-rers2012/Problem08_label49.yml	false	OUT OF MEMORY	130.321432175	74.61427760199877	15000.166400	cloud-23941	OUT OF MEMORY	129.249884345	73.2749275570095	15000.162304	cloud-23939	OUT OF MEMORY	134.345373109	75.82425574600347	15000.174592	cloud-23939
eca-rers2012/Problem08_label50.yml	false	OUT OF MEMORY	115.976426061	65.5036775850458	15000.166400	cloud-23940	OUT OF MEMORY	127.799882261	72.62495146199944	15000.166400	cloud-23941	OUT OF MEMORY	118.417450425	67.36472188902553	15000.174592	cloud-23944
eca-rers2012/Problem08_label51.yml	false	OUT OF MEMORY	156.78532861	87.55412979299945	15000.043520	cloud-23933	OUT OF MEMORY	144.512583413	81.4279079370026	15000.039424	cloud-23980	OUT OF MEMORY	173.493304029	101.77791323701967	15000.043520	cloud-23980
eca-rers2012/Problem08_label52.yml	true	OUT OF MEMORY	171.795816737	99.635374305	15000.281088	cloud-24259	OUT OF MEMORY	164.453259257	95.67186583598959	15000.035328	cloud-23980	OUT OF MEMORY	124.045571498	70.3379641190113	15000.174592	cloud-23942
eca-rers2012/Problem08_label53.yml	true	OUT OF MEMORY	114.770283305	65.55408892798005	15000.166400	cloud-23942	OUT OF MEMORY	149.67570815	85.24995714600664	15000.043520	cloud-23980	OUT OF MEMORY	163.034298723	90.62485283400747	15000.051712	cloud-23933
eca-rers2012/Problem08_label54.yml	true	OUT OF MEMORY	177.750678637	102.91374402600195	15000.027136	cloud-23979	OUT OF MEMORY	173.881751117	99.13378206800553	15000.043520	cloud-23982	OUT OF MEMORY	166.000329127	96.10815888398793	15000.186880	cloud-23980
eca-rers2012/Problem08_label55.yml	false	OUT OF MEMORY	154.318757905	86.53398484400168	15000.031232	cloud-24259	OUT OF MEMORY	137.940405709	78.71596796900849	15000.260608	cloud-23933	OUT OF MEMORY	168.901144041	98.70722292800201	15000.043520	cloud-23980
eca-rers2012/Problem08_label56.yml	true	OUT OF MEMORY	178.147886123	101.42536016299982	15000.035328	cloud-23979	OUT OF MEMORY	150.522969749	83.9947196719877	15000.240128	cloud-23938	OUT OF MEMORY	130.414377104	73.70361028998741	15000.383488	cloud-23939
eca-rers2012/Problem08_label57.yml	true	OUT OF MEMORY	127.91435925	72.85129023902118	15000.416256	cloud-23941	OUT OF MEMORY	155.256498298	87.04292947700014	15000.039424	cloud-23933	OUT OF MEMORY	181.193535483	103.85988911200548	15000.047616	cloud-23982
eca-rers2012/Problem08_label58.yml	true	OUT OF MEMORY	111.233151037	63.526768826995976	15000.166400	cloud-23939	OUT OF MEMORY	167.853223725	94.85230048201629	15000.039424	cloud-23980	OUT OF MEMORY	178.723994322	100.74685735601815	15000.297472	cloud-23938
eca-rers2012/Problem08_label59.yml	false	OUT OF MEMORY	175.373245592	98.46661346300243	15000.281088	cloud-24259	OUT OF MEMORY	121.081048948	68.14065798101365	15000.166400	cloud-23943	OUT OF MEMORY	125.568612203	71.05053910901188	15000.170496	cloud-23940
eca-rers2012/Problem09_label00.yml	true	OUT OF MEMORY	90.156806454	51.71787026897073	15000.166400	cloud-23942	OUT OF MEMORY	103.27044393	58.25969113499741	15000.162304	cloud-23940	OUT OF MEMORY	144.487440485	81.31741952401353	15000.293376	cloud-23980
eca-rers2012/Problem09_label01.yml	true	OUT OF MEMORY	91.765794024	51.62656579603208	15000.170496	cloud-23944	OUT OF MEMORY	128.931858942	73.16153139300877	15000.027136	cloud-23980	OUT OF MEMORY	133.720705119	74.3384540650004	15000.043520	cloud-23938
eca-rers2012/Problem09_label02.yml	false	OUT OF MEMORY	103.278734181	58.925547207007185	15000.166400	cloud-23943	OUT OF MEMORY	120.44893122	67.60908068699064	15000.043520	cloud-23982	OUT OF MEMORY	103.774981957	59.09362403000705	15000.174592	cloud-23940
eca-rers2012/Problem09_label03.yml	false	OUT OF MEMORY	104.347787962	59.554548654996324	15000.166400	cloud-23941	OUT OF MEMORY	135.33034586	76.22161894399324	15000.039424	cloud-23938	OUT OF MEMORY	120.846693947	68.52102952200221	15000.236032	cloud-23980
eca-rers2012/Problem09_label04.yml	true	OUT OF MEMORY	96.458052834	54.62989800499054	15000.166400	cloud-23944	OUT OF MEMORY	136.32142486	76.13421876600478	15000.039424	cloud-23982	OUT OF MEMORY	119.990482887	67.12374319700757	15000.047616	cloud-23979
eca-rers2012/Problem09_label05.yml	true	OUT OF MEMORY	105.154887882	59.87978458200814	15000.166400	cloud-23940	OUT OF MEMORY	91.070371696	52.41316309000831	15000.162304	cloud-23944	OUT OF MEMORY	100.231215513	56.38138727500336	15000.174592	cloud-23942
eca-rers2012/Problem09_label06.yml	false	OUT OF MEMORY	92.03296654	52.10155720700277	15000.166400	cloud-23939	OUT OF MEMORY	114.387612398	63.978459470003145	15000.035328	cloud-23979	OUT OF MEMORY	126.140844369	70.74103806301719	15000.055808	cloud-23979
eca-rers2012/Problem09_label07.yml	true	OUT OF MEMORY	95.751680459	54.604281190026086	15000.166400	cloud-23941	OUT OF MEMORY	137.598381205	77.9891459599894	15000.039424	cloud-23938	OUT OF MEMORY	91.328144938	52.41203400900122	15000.174592	cloud-23944
eca-rers2012/Problem09_label08.yml	false	OUT OF MEMORY	129.905244573	74.76576100800003	15000.195072	cloud-23979	OUT OF MEMORY	112.649101727	62.93411262499285	15000.039424	cloud-23979	OUT OF MEMORY	137.92476658	77.1711395230086	15000.051712	cloud-23938
eca-rers2012/Problem09_label09.yml	true	OUT OF MEMORY	100.061619803	56.806457666971255	15000.170496	cloud-23943	OUT OF MEMORY	109.984407569	62.27469960798044	15000.272896	cloud-23933	OUT OF MEMORY	136.117951279	79.33328300900757	15000.051712	cloud-23980
eca-rers2012/Problem09_label10.yml	false	OUT OF MEMORY	106.642618319	60.40284601500025	15000.166400	cloud-23943	OUT OF MEMORY	125.830680197	69.74445079397992	15000.039424	cloud-23979	OUT OF MEMORY	106.75867355	60.590790636983	15000.178688	cloud-23939
eca-rers2012/Problem09_label11.yml	false	OUT OF MEMORY	113.810275344	64.06373577902559	15000.158208	cloud-23943	OUT OF MEMORY	92.311468798	52.33908009598963	15000.166400	cloud-23940	OUT OF MEMORY	128.182445567	72.07759031798923	15000.047616	cloud-23933
eca-rers2012/Problem09_label12.yml	true	OUT OF MEMORY	108.074261942	61.234284850012045	15000.162304	cloud-23943	OUT OF MEMORY	108.767556678	60.73928585200338	15000.039424	cloud-23933	OUT OF MEMORY	126.419459861	70.87934402801329	15000.301568	cloud-23979
eca-rers2012/Problem09_label13.yml	true	OUT OF MEMORY	102.171791303	58.2220182850142	15000.395776	cloud-23941	OUT OF MEMORY	117.467964609	66.61321867100196	15000.043520	cloud-23980	OUT OF MEMORY	112.19604519	62.86080476202187	15000.174592	cloud-23939
eca-rers2012/Problem09_label14.yml	true	OUT OF MEMORY	90.436166619	51.125611530966125	15000.166400	cloud-23940	OUT OF MEMORY	108.961888902	61.55534904199885	15000.039424	cloud-23933	OUT OF MEMORY	142.275848226	79.34167767301551	15000.289280	cloud-23938
eca-rers2012/Problem09_label15.yml	false	OUT OF MEMORY	88.976834174	50.24129673204152	15000.158208	cloud-23939	OUT OF MEMORY	137.285340239	76.86985891498625	15000.043520	cloud-23933	OUT OF MEMORY	94.407510044	54.15130340401083	15000.174592	cloud-23944
eca-rers2012/Problem09_label16.yml	true	OUT OF MEMORY	90.712570541	51.12294774700422	15000.166400	cloud-23940	OUT OF MEMORY	110.522791919	61.62207410100382	15000.039424	cloud-23979	OUT OF MEMORY	136.177361597	77.65168689499842	15000.051712	cloud-23982
eca-rers2012/Problem09_label17.yml	true	OUT OF MEMORY	109.00581102	61.84102521301247	15000.166400	cloud-23943	OUT OF MEMORY	115.291860815	65.04274747500313	15000.043520	cloud-23933	OUT OF MEMORY	97.903957795	55.09234096601722	15000.174592	cloud-23940
eca-rers2012/Problem09_label18.yml	true	OUT OF MEMORY	94.437227629	53.7148363639717	15000.166400	cloud-23939	OUT OF MEMORY	111.573067486	61.67890004100627	15000.039424	cloud-23938	OUT OF MEMORY	98.088840096	55.74791769500007	15000.322048	cloud-23942
eca-rers2012/Problem09_label19.yml	false	OUT OF MEMORY	93.83052368	53.734785553009715	15000.162304	cloud-23941	OUT OF MEMORY	109.945639574	61.984367850993294	15000.039424	cloud-23980	OUT OF MEMORY	127.873936124	74.6624923160125	15000.051712	cloud-23980
eca-rers2012/Problem09_label20.yml	false	OUT OF MEMORY	104.467409686	59.486909038969316	15000.412160	cloud-23943	OUT OF MEMORY	135.765398491	76.53440981500898	15000.031232	cloud-23938	OUT OF MEMORY	100.157400963	56.45391188497888	15000.174592	cloud-23940
eca-rers2012/Problem09_label21.yml	true	OUT OF MEMORY	99.977211537	56.76982359203976	15000.158208	cloud-23943	OUT OF MEMORY	106.804113221	60.513930599991	15000.039424	cloud-23933	OUT OF MEMORY	100.365185257	56.6858628730115	15000.174592	cloud-23943
eca-rers2012/Problem09_label22.yml	true	OUT OF MEMORY	88.225456416	50.26907627703622	15000.166400	cloud-23944	OUT OF MEMORY	98.096355008	55.5824965449865	15000.166400	cloud-23940	OUT OF MEMORY	134.345645808	75.43331706302706	15000.035328	cloud-23933
eca-rers2012/Problem09_label23.yml	true	OUT OF MEMORY	120.993101306	66.62081515000318	15000.047616	cloud-24259	OUT OF MEMORY	101.106286901	57.16512855497422	15000.166400	cloud-23943	OUT OF MEMORY	121.410814406	68.4034047399764	15000.051712	cloud-23979
eca-rers2012/Problem09_label24.yml	true	OUT OF MEMORY	87.534478133	49.90557787503349	15000.166400	cloud-23944	OUT OF MEMORY	105.60811667	60.371539215993835	15000.162304	cloud-23942	OUT OF MEMORY	133.519267112	75.93176677598967	15000.043520	cloud-23980
eca-rers2012/Problem09_label25.yml	true	OUT OF MEMORY	116.740493664	66.62474880099762	15000.035328	cloud-24259	OUT OF MEMORY	133.69307084	74.51620201600599	15000.035328	cloud-23933	OUT OF MEMORY	100.015661782	56.71674749199883	15000.174592	cloud-23943
eca-rers2012/Problem09_label26.yml	true	OUT OF MEMORY	98.507892748	56.16580147796776	15000.162304	cloud-23943	OUT OF MEMORY	134.91093909	75.26443645497784	15000.039424	cloud-23933	OUT OF MEMORY	100.520846442	56.66442667800584	15000.174592	cloud-23943
eca-rers2012/Problem09_label27.yml	true	OUT OF MEMORY	104.462127827	59.416255282994825	15000.166400	cloud-23943	OUT OF MEMORY	98.527535597	55.42592357198009	15000.297472	cloud-23940	OUT OF MEMORY	144.011857227	82.46343327200157	15000.047616	cloud-23982
eca-rers2012/Problem09_label28.yml	true	OUT OF MEMORY	89.037311529	51.13924929901259	15000.158208	cloud-23942	OUT OF MEMORY	118.772499845	66.97361983600422	15000.297472	cloud-23982	OUT OF MEMORY	121.821802195	67.50445659298566	15000.051712	cloud-23979
eca-rers2012/Problem09_label29.yml	true	OUT OF MEMORY	97.773248892	56.134873583039735	15000.272896	cloud-23941	OUT OF MEMORY	105.601312703	59.57281702599721	15000.162304	cloud-23939	OUT OF MEMORY	101.480164359	57.542559374007396	15000.170496	cloud-23942
eca-rers2012/Problem09_label30.yml	true	OUT OF MEMORY	96.544870692	54.64102358400123	15000.166400	cloud-23943	OUT OF MEMORY	106.184871423	59.701650461007375	15000.166400	cloud-23942	OUT OF MEMORY	97.193827301	55.32930741700693	15000.162304	cloud-23944
eca-rers2012/Problem09_label31.yml	true	OUT OF MEMORY	117.092462462	66.4835699360001	15000.039424	cloud-24259	OUT OF MEMORY	119.146875987	66.48676472800435	15000.043520	cloud-23938	OUT OF MEMORY	122.657650785	70.32153082100558	15000.055808	cloud-23980
eca-rers2012/Problem09_label32.yml	false	OUT OF MEMORY	89.015921565	50.50417299097171	15000.166400	cloud-23944	OUT OF MEMORY	131.112626419	75.52804444398498	15000.043520	cloud-23980	OUT OF MEMORY	122.904342549	68.55523641800391	15000.055808	cloud-23979
eca-rers2012/Problem09_label33.yml	true	OUT OF MEMORY	95.531091884	54.09018764999928	15000.420352	cloud-23940	OUT OF MEMORY	119.65846999	67.48549898099736	15000.043520	cloud-23980	OUT OF MEMORY	143.402965046	82.00531741499435	15000.043520	cloud-23982
eca-rers2012/Problem09_label34.yml	false	OUT OF MEMORY	88.576460493	50.43393841403304	15000.158208	cloud-23939	OUT OF MEMORY	124.459701588	70.70093968999572	15000.035328	cloud-23980	OUT OF MEMORY	103.115263623	59.23892362701008	15000.178688	cloud-23939
eca-rers2012/Problem09_label35.yml	false	OUT OF MEMORY	103.535326879	58.76042893802514	15000.387584	cloud-23943	OUT OF MEMORY	132.793746651	75.46390654402785	15000.047616	cloud-23938	OUT OF MEMORY	98.729494158	56.318366969993804	15000.178688	cloud-23943
eca-rers2012/Problem09_label36.yml	false	OUT OF MEMORY	157.56306361	89.88181806600005	15000.043520	cloud-23979	OUT OF MEMORY	121.524696696	67.7255323700083	15000.035328	cloud-23979	OUT OF MEMORY	145.976457373	83.30794657897786	15000.051712	cloud-23982
eca-rers2012/Problem09_label37.yml	true	OUT OF MEMORY	101.46302442	57.63311035500374	15000.428544	cloud-23941	OUT OF MEMORY	140.889620139	79.48174688301515	15000.043520	cloud-23982	OUT OF MEMORY	120.692016166	68.37132676001056	15000.051712	cloud-23979
eca-rers2012/Problem09_label38.yml	false	OUT OF MEMORY	110.576752169	63.36530968704028	15000.166400	cloud-23943	OUT OF MEMORY	115.833202917	65.33528190400102	15000.043520	cloud-23982	OUT OF MEMORY	123.987215077	69.39246737898793	15000.055808	cloud-23933
eca-rers2012/Problem09_label39.yml	true	OUT OF MEMORY	95.94245038	54.93155031098286	15000.166400	cloud-23942	OUT OF MEMORY	138.00969014	78.47243382001761	15000.039424	cloud-23982	OUT OF MEMORY	120.271464704	67.41001816699281	15000.043520	cloud-23933
eca-rers2012/Problem09_label40.yml	true	OUT OF MEMORY	95.055987137	54.303590936993714	15000.162304	cloud-23940	OUT OF MEMORY	112.512483839	63.16962807401433	15000.248320	cloud-23980	OUT OF MEMORY	108.251920283	61.10503679301473	15000.174592	cloud-23941
eca-rers2012/Problem09_label41.yml	false	OUT OF MEMORY	91.902626333	52.11092941596871	15000.424448	cloud-23944	OUT OF MEMORY	98.408810337	55.229939626005944	15000.166400	cloud-23940	OUT OF MEMORY	127.528740723	71.77241602001595	15000.055808	cloud-23933
eca-rers2012/Problem09_label42.yml	true	OUT OF MEMORY	91.741052647	52.26443692599423	15000.170496	cloud-23940	OUT OF MEMORY	108.249002102	61.46980030101258	15000.289280	cloud-23938	OUT OF MEMORY	130.553697675	75.05092117001186	15000.051712	cloud-23980
eca-rers2012/Problem09_label43.yml	true	OUT OF MEMORY	124.599539901	71.01241650200245	15000.043520	cloud-24259	OUT OF MEMORY	96.96519323	54.77145541299251	15000.166400	cloud-23941	OUT OF MEMORY	151.422033233	84.8321480389859	15000.039424	cloud-23938
eca-rers2012/Problem09_label44.yml	false	OUT OF MEMORY	94.637556929	54.16134112299187	15000.166400	cloud-23941	OUT OF MEMORY	113.34559277	62.76287699397653	15000.043520	cloud-23979	OUT OF MEMORY	128.906446813	72.7347097589809	15000.043520	cloud-23933
eca-rers2012/Problem09_label45.yml	true	OUT OF MEMORY	89.115110878	50.85997132502962	15000.375296	cloud-23940	OUT OF MEMORY	146.052144609	85.47209909398225	15000.031232	cloud-23982	OUT OF MEMORY	107.017019504	59.9692211880174	15000.162304	cloud-23939
eca-rers2012/Problem09_label46.yml	false	OUT OF MEMORY	105.57222286	59.53937744098948	15000.154112	cloud-23939	OUT OF MEMORY	101.959680084	57.53367416901165	15000.162304	cloud-23940	OUT OF MEMORY	108.836438249	61.52485494100256	15000.166400	cloud-23941
eca-rers2012/Problem09_label47.yml	false	OUT OF MEMORY	98.803111477	56.24190361198271	15000.166400	cloud-23941	OUT OF MEMORY	115.343407248	64.32502065598965	15000.043520	cloud-23979	OUT OF MEMORY	130.326647958	73.0132949599938	15000.051712	cloud-23933
eca-rers2012/Problem09_label48.yml	true	OUT OF MEMORY	94.929806879	54.34155328699853	15000.162304	cloud-23941	OUT OF MEMORY	115.36095781	65.55990988897975	15000.035328	cloud-23982	OUT OF MEMORY	102.656812978	57.882826973014744	15000.170496	cloud-23942
eca-rers2012/Problem09_label49.yml	true	OUT OF MEMORY	109.655959111	61.86557887698291	15000.166400	cloud-23944	OUT OF MEMORY	115.348421435	64.32458201798727	15000.035328	cloud-23979	OUT OF MEMORY	99.686904247	56.67396606199327	15000.162304	cloud-23943
eca-rers2012/Problem09_label50.yml	true	OUT OF MEMORY	144.87609866	82.91054705899978	15000.236032	cloud-23979	OUT OF MEMORY	118.440042676	66.30347189001623	15000.039424	cloud-23982	OUT OF MEMORY	102.758219665	57.612444613012485	15000.416256	cloud-23939
eca-rers2012/Problem09_label51.yml	false	OUT OF MEMORY	138.322311988	80.74768652000057	15000.043520	cloud-23979	OUT OF MEMORY	138.002566777	75.84844189501018	15000.043520	cloud-23938	OUT OF MEMORY	102.593803364	58.11391120197368	15000.174592	cloud-23939
eca-rers2012/Problem09_label52.yml	true	OUT OF MEMORY	94.528959515	53.55845443700673	15000.162304	cloud-23940	OUT OF MEMORY	114.862337129	64.09695375699084	15000.043520	cloud-23979	OUT OF MEMORY	149.564687819	87.4700600420183	15000.047616	cloud-23982
eca-rers2012/Problem09_label53.yml	false	OUT OF MEMORY	106.173480275	59.403088057995774	15000.162304	cloud-23944	OUT OF MEMORY	140.795790337	80.76527268099017	15000.043520	cloud-23982	OUT OF MEMORY	129.066461116	71.86226757898112	15000.047616	cloud-23933
eca-rers2012/Problem09_label54.yml	false	OUT OF MEMORY	89.745567031	51.453848719014786	15000.170496	cloud-23942	OUT OF MEMORY	99.543422198	57.13148336400627	15000.166400	cloud-23941	OUT OF MEMORY	134.284785154	78.1243640750181	15000.051712	cloud-23980
eca-rers2012/Problem09_label55.yml	true	OUT OF MEMORY	91.111833457	52.05493663001107	15000.166400	cloud-23939	OUT OF MEMORY	106.146142541	59.6432029690186	15000.166400	cloud-23943	OUT OF MEMORY	106.832790144	59.94330115499906	15000.162304	cloud-23941
eca-rers2012/Problem09_label56.yml	false	OUT OF MEMORY	97.516415669	55.16622485901462	15000.162304	cloud-23940	OUT OF MEMORY	124.351337863	71.39137857500464	15000.043520	cloud-23980	OUT OF MEMORY	100.747918628	57.13954482800909	15000.178688	cloud-23942
eca-rers2012/Problem09_label57.yml	false	OUT OF MEMORY	92.545889307	52.409955630020704	15000.166400	cloud-23940	OUT OF MEMORY	122.215707176	70.0167861370137	15000.039424	cloud-23980	OUT OF MEMORY	99.649757391	56.40444178000325	15000.174592	cloud-23942
eca-rers2012/Problem09_label58.yml	true	OUT OF MEMORY	88.198936631	50.277658581966534	15000.166400	cloud-23939	OUT OF MEMORY	123.586621839	69.32973632900394	15000.043520	cloud-23979	OUT OF MEMORY	141.616311588	79.89137245199527	15000.051712	cloud-23933
eca-rers2012/Problem09_label59.yml	false	OUT OF MEMORY	91.248525584	51.6756783509627	15000.326144	cloud-23940	OUT OF MEMORY	107.76242372	59.96699821698712	15000.043520	cloud-23938	OUT OF MEMORY	140.432229659	79.09296692698263	15000.051712	cloud-23982
eca-rers2012/Problem10_label00.yml	true	true	84.617717217	57.53095953800221	1247.395840	cloud-23979	true	91.855420674	61.40141276299255	1372.807168	cloud-23982	TIMEOUT	990.402744565	962.8092573609902	1359.818752	cloud-23980
eca-rers2012/Problem10_label01.yml	true	true	152.467399642	118.02184659200066	1401.298944	cloud-23933	true	126.686372792	99.49675368299359	1467.437056	cloud-23979	TIMEOUT	990.488081939	962.0445530879952	1604.648960	cloud-23933
eca-rers2012/Problem10_label02.yml	true	true	151.806565711	120.6506187720006	1575.448576	cloud-23979	true	160.830615889	125.58089012699202	1322.754048	cloud-23982	TIMEOUT	990.420660894	964.6564435699838	1494.528000	cloud-23980
eca-rers2012/Problem10_label03.yml	true	true	73.380724835	48.1389988009978	1312.514048	cloud-23933	true	81.957458991	53.69093438301934	1523.859456	cloud-23938	TIMEOUT	990.410012351	967.4701020909997	1478.033408	cloud-23980
eca-rers2012/Problem10_label04.yml	true	true	74.604384595	49.01865582699975	1532.579840	cloud-23979	true	80.965002505	53.0236412009981	1506.361344	cloud-23938	TIMEOUT	990.393304718	962.730865310994	1401.143296	cloud-23979
eca-rers2012/Problem10_label05.yml	true	true	70.158929542	46.410332670999196	1276.436480	cloud-23979	true	77.89846121	50.31913288301439	1502.646272	cloud-23980	TIMEOUT	990.442424543	960.5337046690111	1465.282560	cloud-23938
eca-rers2012/Problem10_label06.yml	true	true	65.047921173	44.2145313919973	1299.472384	cloud-23979	true	76.524013098	49.44604259199696	1489.682432	cloud-23982	TIMEOUT	990.495665618	962.0371652400063	1551.929344	cloud-23938
eca-rers2012/Problem10_label07.yml	true	true	51.739783058	35.11908048100304	1415.262208	cloud-23942	true	73.982946305	48.46692265299498	1352.171520	cloud-23938	TIMEOUT	990.443647697	960.3593385760032	1569.984512	cloud-23938
eca-rers2012/Problem10_label08.yml	true	true	82.211671194	52.99413655199896	1345.867776	cloud-23979	true	79.645970259	52.218506154982606	1336.315904	cloud-23938	TIMEOUT	990.447521495	957.4073340949835	1592.766464	cloud-23979
eca-rers2012/Problem10_label09.yml	true	true	62.020927211	41.67961315099819	1284.239360	cloud-24259	true	64.37079354	42.23578251901199	1431.048192	cloud-23979	TIMEOUT	990.503385949	957.7867455589876	1749.233664	cloud-23938
eca-rers2012/Problem10_label10.yml	true	true	75.171975249	48.73826192100023	1298.382848	cloud-23933	true	64.834681947	42.882555693009635	1342.562304	cloud-23933	TIMEOUT	990.476419493	964.3674497850006	1499.324416	cloud-23933
eca-rers2012/Problem10_label11.yml	true	true	99.748024578	69.12900482699843	1436.860416	cloud-23979	true	110.610899899	77.82488082299824	1524.920320	cloud-23982	TIMEOUT	990.40830313	963.7771523039846	1404.182528	cloud-23979
eca-rers2012/Problem10_label12.yml	false	TIMEOUT	990.336659814	966.2165202809992	1514.283008	cloud-23979	TIMEOUT	990.451227617	958.3386610939924	1522.089984	cloud-23979	TIMEOUT	990.516361515	961.2510859830072	1624.498176	cloud-23982
eca-rers2012/Problem10_label13.yml	true	true	145.895637379	112.18207509000058	1359.400960	cloud-23979	true	120.384465382	92.71856844099239	1333.985280	cloud-23933	TIMEOUT	990.540112805	958.9059733180038	1608.708096	cloud-23938
eca-rers2012/Problem10_label14.yml	true	true	67.119408689	47.512466408952605	1492.942848	cloud-23940	true	96.429001305	65.58177099999739	1470.590976	cloud-23938	TIMEOUT	990.430627667	964.4810803470027	1348.308992	cloud-23933
eca-rers2012/Problem10_label15.yml	false	false(unreach-call)	171.39062642	136.7130568969951	1445.797888	cloud-24259	false(unreach-call)	148.096682577	121.77478263998637	1434.644480	cloud-23943	TIMEOUT	990.394833907	959.1330505270162	1527.312384	cloud-23982
eca-rers2012/Problem10_label16.yml	true	true	141.149972734	109.137777128999	1353.719808	cloud-23933	true	131.687698787	101.83453888900112	1309.319168	cloud-23979	TIMEOUT	990.417873648	958.2897251859831	1506.623488	cloud-23982
eca-rers2012/Problem10_label17.yml	true	true	127.740129126	99.6978028759986	1338.511360	cloud-23979	true	146.666422916	115.42620939199696	1454.198784	cloud-23982	TIMEOUT	990.438381818	957.5406539730029	1530.109952	cloud-23979
eca-rers2012/Problem10_label18.yml	true	true	144.890554514	110.71118532100081	1265.242112	cloud-23933	true	156.551448178	121.23001562198624	1638.793216	cloud-23938	TIMEOUT	990.356993521	965.9850924079947	1592.602624	cloud-23980
eca-rers2012/Problem10_label19.yml	true	true	82.492884127	54.01554270800261	1293.479936	cloud-23933	true	69.858382488	45.8680945019878	1554.567168	cloud-23979	TIMEOUT	990.447424391	964.5295378600131	1491.230720	cloud-23980
eca-rers2012/Problem10_label20.yml	true	true	87.63513667	59.59681889600324	1471.447040	cloud-23933	true	86.755994147	59.55071889801184	1578.586112	cloud-23982	TIMEOUT	990.383017167	961.498746591009	1397.264384	cloud-23938
eca-rers2012/Problem10_label21.yml	true	true	117.331304766	90.75722591101658	1462.632448	cloud-23943	true	161.80182372	125.12053757702233	1474.555904	cloud-23982	TIMEOUT	990.46054487	960.1617835130019	1541.500928	cloud-23938
eca-rers2012/Problem10_label22.yml	true	true	163.897026889	127.9739582139955	1381.879808	cloud-23933	true	147.935668931	117.69331826799316	1258.868736	cloud-23979	TIMEOUT	990.375351844	967.9263973869965	1582.780416	cloud-23980
eca-rers2012/Problem10_label23.yml	true	true	83.728001053	54.973756881001464	1409.937408	cloud-23979	true	97.719303905	63.90987865900388	1372.102656	cloud-23982	TIMEOUT	990.402825032	959.8565855399938	1338.593280	cloud-23982
eca-rers2012/Problem10_label24.yml	false	false(unreach-call)	94.836586039	64.0665169290005	1443.434496	cloud-23979	false(unreach-call)	91.801051246	62.35118616500404	1598.341120	cloud-23980	TIMEOUT	990.406338894	959.0424541080138	1570.725888	cloud-23982
eca-rers2012/Problem10_label25.yml	true	true	153.692967432	121.51092573600181	1522.204672	cloud-24259	true	172.535266122	137.13356081201346	1680.936960	cloud-23938	TIMEOUT	990.464029337	959.5489897520165	1533.628416	cloud-23938
eca-rers2012/Problem10_label26.yml	false	false(unreach-call)	82.846759583	56.34237736201612	1438.351360	cloud-23944	false(unreach-call)	77.280786133	54.160351610014914	1574.252544	cloud-23944	TIMEOUT	990.468547439	960.0039095219981	1380.401152	cloud-23938
eca-rers2012/Problem10_label27.yml	true	true	92.831867576	62.626297376002185	1439.301632	cloud-23933	true	92.332596639	65.35121837398037	1516.773376	cloud-23980	TIMEOUT	990.561761498	958.3024182329827	1545.199616	cloud-23933
eca-rers2012/Problem10_label28.yml	false	TIMEOUT	990.598216948	930.7542348700008	1977.442304	cloud-23933	TIMEOUT	990.386615148	962.7148251000035	1915.080704	cloud-23940	TIMEOUT	990.45628762	954.9652967840084	1373.286400	cloud-23933
eca-rers2012/Problem10_label29.yml	false	TIMEOUT	990.627346716	930.8658348120007	1883.840512	cloud-23933	TIMEOUT	990.47417022	958.6565543659963	1527.324672	cloud-23933	TIMEOUT	990.404641874	964.8984373270068	1478.418432	cloud-23979
eca-rers2012/Problem10_label30.yml	true	true	85.267608219	56.9624727579976	1546.489856	cloud-24259	true	96.943669925	65.66769333402044	1356.091392	cloud-23933	TIMEOUT	990.381178132	960.7917207560095	1394.442240	cloud-23982
eca-rers2012/Problem10_label31.yml	true	true	68.200509795	47.56394112796988	1616.928768	cloud-23940	true	110.436138	75.19656957298866	1331.990528	cloud-23938	TIMEOUT	990.406945555	962.6940118359926	1385.721856	cloud-23979
eca-rers2012/Problem10_label32.yml	true	true	128.546919695	95.36844708900026	1680.482304	cloud-23933	true	138.466437836	107.76150259599672	1407.766528	cloud-23980	TIMEOUT	990.397694369	959.8240149570047	1462.263808	cloud-23982
eca-rers2012/Problem10_label33.yml	true	true	138.735733488	104.78776632000518	1501.929472	cloud-23979	true	145.443395615	110.08619007599191	1415.872512	cloud-23938	TIMEOUT	990.456530912	960.3787609800056	1482.551296	cloud-23938
eca-rers2012/Problem10_label34.yml	true	true	88.004049745	59.453841068003385	1539.297280	cloud-24259	true	88.294842607	62.28640320300474	1397.575680	cloud-23933	TIMEOUT	990.415228876	966.5834347709897	1539.297280	cloud-23980
eca-rers2012/Problem10_label35.yml	true	true	151.735442894	114.52097048400174	1373.982720	cloud-23933	true	143.524571755	114.0462069149944	1421.348864	cloud-23980	TIMEOUT	990.353799501	967.3395508060057	1510.776832	cloud-23980
eca-rers2012/Problem10_label36.yml	true	true	139.404732306	106.625172432	1379.647488	cloud-23933	true	155.966472689	118.82431786300731	1461.018624	cloud-23938	TIMEOUT	990.395120779	966.3432566190022	1511.411712	cloud-23979
eca-rers2012/Problem10_label37.yml	true	true	144.131486602	109.45820472600462	1382.072320	cloud-23933	true	131.136770971	99.94163711401052	1546.489856	cloud-23979	TIMEOUT	990.414456763	963.4969116340217	1361.399808	cloud-23979
eca-rers2012/Problem10_label38.yml	true	true	127.866987903	95.48591147799743	1618.587648	cloud-24259	true	106.451858807	84.28800179599784	1310.810112	cloud-23944	TIMEOUT	990.423219483	962.7717574140115	1603.522560	cloud-23979
eca-rers2012/Problem10_label39.yml	true	true	77.813969144	51.0225923379985	1372.069888	cloud-23933	true	78.351142832	51.423209444008535	1536.958464	cloud-23938	TIMEOUT	990.466343284	964.2513691560016	1503.432704	cloud-23980
eca-rers2012/Problem10_label40.yml	true	TIMEOUT	991.423658722	633.4633137160017	2463.207424	cloud-23933	TIMEOUT	990.470294043	957.613413212006	1780.097024	cloud-23933	TIMEOUT	990.470072304	953.381191781984	1521.434624	cloud-23933
eca-rers2012/Problem10_label41.yml	false	TIMEOUT	990.472949144	948.8027985490044	1543.282688	cloud-23939	false(unreach-call)	276.39712118	242.6688663889945	1673.490432	cloud-23979	TIMEOUT	990.396726877	961.6962499740184	1330.679808	cloud-23979
eca-rers2012/Problem10_label42.yml	false	false(unreach-call)	86.914014047	56.472526149998885	1660.616704	cloud-23933	false(unreach-call)	79.698128553	51.6629690680129	1491.537920	cloud-23933	TIMEOUT	990.432814596	963.1711419420026	1408.864256	cloud-23933
eca-rers2012/Problem10_label43.yml	true	TIMEOUT	990.410951796	961.9086924200019	1645.498368	cloud-23933	TIMEOUT	990.466896043	966.7382777199964	1598.218240	cloud-23979	TIMEOUT	990.402420773	960.514830560016	1720.852480	cloud-23982
eca-rers2012/Problem10_label44.yml	true	true	145.490793446	116.26211155499914	1332.183040	cloud-24259	true	149.635400291	120.05548381898552	1491.996672	cloud-23982	TIMEOUT	990.478452713	960.862459069991	1362.243584	cloud-23938
eca-rers2012/Problem10_label45.yml	true	TIMEOUT	990.35305705	964.5904577139991	1571.340288	cloud-23979	TIMEOUT	990.457563702	963.4945723749988	1409.556480	cloud-23938	TIMEOUT	990.423674096	963.3203709679947	1521.041408	cloud-23933
eca-rers2012/Problem10_label46.yml	false	false(unreach-call)	75.33173712	49.55661785100165	1252.671488	cloud-23933	false(unreach-call)	72.466555933	47.98226327699376	1251.323904	cloud-23938	false(unreach-call)	207.232810797	183.40192711600685	1410.473984	cloud-23980
eca-rers2012/Problem10_label47.yml	false	false(unreach-call)	101.181080178	66.57113018399832	1431.302144	cloud-23933	false(unreach-call)	84.895040517	58.06074157799594	1363.480576	cloud-23979	TIMEOUT	990.448522251	961.0774184000038	1548.689408	cloud-23938
eca-rers2012/Problem10_label48.yml	false	false(unreach-call)	84.167919103	56.14508853500229	1472.782336	cloud-23933	false(unreach-call)	86.679475917	59.2981354460062	1485.803520	cloud-23980	TIMEOUT	990.356300142	963.9821580919961	1277.112320	cloud-23980
eca-rers2012/Problem10_label49.yml	true	true	504.440893943	436.70962965500075	2339.225600	cloud-23979	TIMEOUT	990.467023695	957.6717589990003	1575.276544	cloud-23980	TIMEOUT	990.364522291	959.4867935259826	1508.667392	cloud-23982
eca-rers2012/Problem10_label50.yml	false	TIMEOUT	990.386053579	955.5795645469989	1673.506816	cloud-23933	TIMEOUT	990.457731611	959.0046979490144	1871.687680	cloud-23980	TIMEOUT	990.432818492	962.5532206390053	1434.869760	cloud-23980
eca-rers2012/Problem10_label51.yml	true	true	92.660129888	64.83724689399969	1470.095360	cloud-23933	true	94.904808648	65.75380382701405	1470.971904	cloud-23980	TIMEOUT	990.436963609	964.6487783979974	1516.183552	cloud-23933
eca-rers2012/Problem10_label52.yml	true	true	118.572588119	88.4273514719971	1445.052416	cloud-23933	true	136.271297979	101.58064869602094	1448.742912	cloud-23938	TIMEOUT	990.312549674	965.441232607991	1525.018624	cloud-23980
eca-rers2012/Problem10_label53.yml	true	true	127.749611543	95.10984492699936	1562.267648	cloud-23933	true	130.539654734	101.05725434501073	1384.407040	cloud-23980	TIMEOUT	990.464312745	959.3951086349844	1372.745728	cloud-23938
eca-rers2012/Problem10_label54.yml	true	true	103.840755958	71.57838625600561	1459.023872	cloud-23979	true	95.419809206	65.74665537499823	1748.242432	cloud-23979	TIMEOUT	990.419921925	960.5792255100096	1458.618368	cloud-23933
eca-rers2012/Problem10_label55.yml	false	false(unreach-call)	143.643729126	115.15973633899921	1633.325056	cloud-23979	false(unreach-call)	146.310025845	112.44461569999112	1359.855616	cloud-23933	TIMEOUT	990.455084681	959.0739596229978	1582.358528	cloud-23938
eca-rers2012/Problem10_label56.yml	true	TIMEOUT	990.415025677	956.985566547999	1296.162816	cloud-24259	TIMEOUT	990.534406343	955.8319717620034	1443.827712	cloud-23982	TIMEOUT	990.406051872	964.4529776489944	1416.585216	cloud-23979
eca-rers2012/Problem10_label57.yml	false	false(unreach-call)	85.690166323	56.91203068800314	1491.660800	cloud-23979	false(unreach-call)	86.428675367	57.90822474300512	1504.735232	cloud-23980	TIMEOUT	990.464684724	961.8337838820007	1413.820416	cloud-23979
eca-rers2012/Problem10_label58.yml	false	false(unreach-call)	89.34916691	60.09577108999656	1499.877376	cloud-23933	false(unreach-call)	80.562515048	54.53850070599583	1660.829696	cloud-23980	TIMEOUT	990.668610146	960.1089610290073	1538.088960	cloud-23938
eca-rers2012/Problem10_label59.yml	true	TIMEOUT	990.6242317	927.902452424998	2502.262784	cloud-23933	TIMEOUT	990.565317957	953.7956051720248	1816.285184	cloud-23938	TIMEOUT	990.489878536	958.9021308739902	1496.993792	cloud-23938
eca-rers2012/Problem11_label00.yml	false	TIMEOUT	990.44970567	954.3529935109982	2325.340160	cloud-23979	TIMEOUT	990.622378037	952.1808853399998	2343.870464	cloud-23982	TIMEOUT	990.503393823	955.6487291570229	2288.082944	cloud-23979
eca-rers2012/Problem11_label01.yml	true	TIMEOUT	990.826588676	625.5746192709994	3289.501696	cloud-23979	true	345.874852568	297.18960001697997	2373.201920	cloud-23938	TIMEOUT	990.677722348	946.3959115720063	2361.421824	cloud-23938
eca-rers2012/Problem11_label02.yml	true	TIMEOUT	990.425899875	961.2025876829866	2989.568000	cloud-23942	TIMEOUT	990.631880252	939.875649160007	2617.593856	cloud-23933	TIMEOUT	990.495482877	949.0681019569747	2430.296064	cloud-23982
eca-rers2012/Problem11_label03.yml	true	TIMEOUT	990.523624054	952.9860939649989	2291.478528	cloud-24259	TIMEOUT	990.728016318	946.8458257119928	2486.206464	cloud-23938	TIMEOUT	990.552037792	950.1749886450125	2118.778880	cloud-23938
eca-rers2012/Problem11_label04.yml	true	TIMEOUT	991.175131187	597.9726528989995	2925.297664	cloud-23979	true	223.874959374	185.83963026700076	2388.267008	cloud-23939	TIMEOUT	990.531563745	955.802476546989	2330.378240	cloud-23933
eca-rers2012/Problem11_label05.yml	true	TIMEOUT	990.604047282	947.6919420929989	2438.520832	cloud-24259	TIMEOUT	990.55221386	946.4549384480051	2439.520256	cloud-23980	TIMEOUT	990.532879231	951.9759980419767	2224.562176	cloud-23979
eca-rers2012/Problem11_label06.yml	true	TIMEOUT	990.703867805	939.8591129019624	2704.740352	cloud-23944	TIMEOUT	990.64664749	944.4998574680067	2348.052480	cloud-23938	TIMEOUT	990.579974061	952.5525835209992	2321.231872	cloud-23979
eca-rers2012/Problem11_label07.yml	true	true	194.637268823	153.84596207999857	2387.345408	cloud-24259	true	194.959329346	155.8183672360028	2439.798784	cloud-23979	TIMEOUT	990.55897113	954.1493945269904	2389.991424	cloud-23979
eca-rers2012/Problem11_label08.yml	false	TIMEOUT	990.66444037	940.9453414189993	2647.740416	cloud-23933	TIMEOUT	990.498485197	954.0598902329803	2524.975104	cloud-23982	TIMEOUT	990.583805312	946.4396965549968	2252.509184	cloud-23938
eca-rers2012/Problem11_label09.yml	true	TIMEOUT	990.551236799	948.6989886580013	2330.542080	cloud-23933	TIMEOUT	990.595020833	946.4074103739986	2453.983232	cloud-23938	TIMEOUT	990.61591724	949.3728720899962	2335.473664	cloud-23933
eca-rers2012/Problem11_label10.yml	true	TIMEOUT	992.299118326	894.7887968620016	3200.221184	cloud-23933	true	328.257959832	285.50916771998163	2384.486400	cloud-23979	TIMEOUT	990.505061564	952.5435826310131	2658.304000	cloud-23982
eca-rers2012/Problem11_label11.yml	true	TIMEOUT	990.871698258	924.5955233170025	3196.149760	cloud-23979	TIMEOUT	990.598380538	951.9524945740122	2293.252096	cloud-23980	TIMEOUT	990.675580764	950.6043756379804	2320.842752	cloud-23933
eca-rers2012/Problem11_label12.yml	true	true	236.66056513	189.09771134699986	2768.519168	cloud-23979	true	241.531143562	195.2296607750177	2320.879616	cloud-23938	TIMEOUT	990.555144658	956.7418304460007	2482.364416	cloud-23933
eca-rers2012/Problem11_label13.yml	true	TIMEOUT	990.525570845	949.3861136179985	2406.019072	cloud-24259	TIMEOUT	990.728929745	946.9966666160035	2444.296192	cloud-23980	TIMEOUT	990.495126797	955.7854070320027	2267.226112	cloud-23980
eca-rers2012/Problem11_label14.yml	false	false(unreach-call)	223.653910179	180.1115970280007	2425.249792	cloud-23979	false(unreach-call)	243.056502558	194.61891357100103	2344.771584	cloud-23980	TIMEOUT	990.48961634	954.2063571410254	2537.914368	cloud-23933
eca-rers2012/Problem11_label15.yml	false	false(unreach-call)	224.955095441	180.08123862000502	2347.585536	cloud-23933	false(unreach-call)	191.102440288	152.3376953729894	2314.518528	cloud-23980	TIMEOUT	990.418966713	948.0071368829813	2255.597568	cloud-23982
eca-rers2012/Problem11_label16.yml	true	TIMEOUT	991.438078285	628.091553069	2797.219840	cloud-24259	TIMEOUT	990.697013795	946.2722019409994	2502.643712	cloud-23938	TIMEOUT	990.63010015	949.1807253309817	2369.789952	cloud-23982
eca-rers2012/Problem11_label17.yml	true	TIMEOUT	991.044745424	605.491810825999	3198.496768	cloud-24259	true	322.484668615	279.4858147900086	2327.822336	cloud-23933	TIMEOUT	990.524841439	951.965978474007	2513.760256	cloud-23982
eca-rers2012/Problem11_label18.yml	true	TIMEOUT	990.649377194	949.5336689469987	2513.178624	cloud-24259	TIMEOUT	990.410729876	953.4111488380004	2289.025024	cloud-23982	TIMEOUT	990.662404472	947.9138620659942	2248.171520	cloud-23938
eca-rers2012/Problem11_label19.yml	true	TIMEOUT	990.696564949	943.2726067949989	2439.233536	cloud-23933	TIMEOUT	990.489301405	949.4758478760195	2384.527360	cloud-23980	TIMEOUT	990.532421361	956.4302351869992	2532.986880	cloud-23980
eca-rers2012/Problem11_label20.yml	false	TIMEOUT	990.553734739	946.4980881610027	3082.813440	cloud-23979	TIMEOUT	990.635378134	944.6319349400001	2580.107264	cloud-23982	TIMEOUT	990.576239536	954.261337821983	2316.619776	cloud-23979
eca-rers2012/Problem11_label21.yml	true	TIMEOUT	990.666051087	924.3139967980023	2857.078784	cloud-23979	TIMEOUT	990.652122068	937.8989618280029	2372.485120	cloud-23980	TIMEOUT	990.61288902	953.3737236140005	2269.986816	cloud-23980
eca-rers2012/Problem11_label22.yml	true	TIMEOUT	990.565708758	937.3854158059694	2914.205696	cloud-23943	TIMEOUT	990.586073098	948.536683726008	2608.922624	cloud-23933	TIMEOUT	990.498010802	948.5545895340038	2425.524224	cloud-23982
eca-rers2012/Problem11_label23.yml	true	TIMEOUT	990.473507891	948.6161141799998	2174.820352	cloud-24259	TIMEOUT	990.605728009	948.0888309830043	2331.967488	cloud-23982	TIMEOUT	990.643174756	949.9085818440071	2319.990784	cloud-23938
eca-rers2012/Problem11_label24.yml	true	TIMEOUT	990.540434052	936.2460614259999	2495.639552	cloud-23933	TIMEOUT	990.573257019	948.8837603539869	2377.154560	cloud-23933	TIMEOUT	990.542538398	953.3834378779866	2330.140672	cloud-23979
eca-rers2012/Problem11_label25.yml	true	TIMEOUT	990.787082209	916.2332712069983	2654.711808	cloud-23979	TIMEOUT	990.669331289	943.3447805289761	2494.361600	cloud-23980	TIMEOUT	990.5937376	947.2371192570135	2326.687744	cloud-23938
eca-rers2012/Problem11_label26.yml	true	TIMEOUT	990.701268573	914.1799101480065	2755.264512	cloud-23933	TIMEOUT	990.676837073	943.0925230730209	2393.632768	cloud-23979	TIMEOUT	990.558351628	957.881740997982	2362.703872	cloud-23979
eca-rers2012/Problem11_label27.yml	true	true	170.640804456	130.58648121399892	2334.093312	cloud-24259	true	179.999761991	140.05133113701595	2326.712320	cloud-23979	TIMEOUT	990.624294995	950.1208800299792	2514.788352	cloud-23982
eca-rers2012/Problem11_label28.yml	true	TIMEOUT	990.70265649	942.0586018960021	2343.211008	cloud-24259	TIMEOUT	990.544444847	938.9526992359897	2421.948416	cloud-23982	TIMEOUT	990.518673369	950.9739085199835	2359.939072	cloud-23979
eca-rers2012/Problem11_label29.yml	false	TIMEOUT	990.609258584	948.8724979599938	2649.665536	cloud-24259	TIMEOUT	990.625653383	951.7276944380137	2329.690112	cloud-23979	TIMEOUT	990.563300441	950.0034309969924	2283.544576	cloud-23938
eca-rers2012/Problem11_label30.yml	true	TIMEOUT	990.697900807	925.231030641	2707.881984	cloud-24259	TIMEOUT	990.580786732	940.4693385610008	2538.487808	cloud-23982	TIMEOUT	990.539812012	953.0191729240178	2339.438592	cloud-23980
eca-rers2012/Problem11_label31.yml	false	TIMEOUT	990.526569224	948.2557212730026	2388.353024	cloud-23979	TIMEOUT	990.537251018	946.9353732899763	2441.486336	cloud-23980	TIMEOUT	990.598007686	944.1804385819996	2332.557312	cloud-23933
eca-rers2012/Problem11_label32.yml	true	true	165.453922155	137.63399263302563	2626.314240	cloud-23942	true	243.605119284	202.8880202069995	2210.123776	cloud-23980	TIMEOUT	990.734813256	953.6703815590008	2953.191424	cloud-23979
eca-rers2012/Problem11_label33.yml	true	TIMEOUT	990.516194232	947.8740586649983	2300.051456	cloud-24259	TIMEOUT	990.500457151	946.747599852999	2632.466432	cloud-23933	TIMEOUT	990.536640066	946.9589245079842	2765.082624	cloud-23980
eca-rers2012/Problem11_label34.yml	false	TIMEOUT	990.627125569	944.3729200230009	2624.417792	cloud-24259	TIMEOUT	990.488986977	946.7564444870222	2363.396096	cloud-23980	TIMEOUT	990.536458359	949.3207099710125	2560.315392	cloud-23980
eca-rers2012/Problem11_label35.yml	true	TIMEOUT	991.255657519	594.7151562569998	3355.840512	cloud-24259	true	272.737854389	231.2004500150215	2447.839232	cloud-23980	TIMEOUT	990.664987616	950.9575633569912	2677.030912	cloud-23938
eca-rers2012/Problem11_label36.yml	false	false(unreach-call)	135.832079332	101.06672689900006	2251.923456	cloud-24259	false(unreach-call)	172.940800898	126.78419398798724	2508.840960	cloud-23982	TIMEOUT	990.540751659	953.4576073930075	2227.404800	cloud-23979
eca-rers2012/Problem11_label37.yml	true	TIMEOUT	990.896122738	634.2179901339987	3678.568448	cloud-23979	true	307.11254793	261.05278129302314	2345.684992	cloud-23979	TIMEOUT	990.488046692	949.7050935119914	2197.020672	cloud-23980
eca-rers2012/Problem11_label38.yml	true	TIMEOUT	990.58220094	947.4767221840011	2372.239360	cloud-23933	TIMEOUT	990.574232387	951.5450225319946	2476.539904	cloud-23979	TIMEOUT	990.536158731	949.641245603998	2318.389248	cloud-23938
eca-rers2012/Problem11_label39.yml	false	TIMEOUT	990.512912355	948.3385520679985	2215.309312	cloud-24259	TIMEOUT	990.590102593	947.9231647569977	2863.280128	cloud-23933	TIMEOUT	990.524273084	947.7716934790078	2388.111360	cloud-23938
eca-rers2012/Problem11_label40.yml	true	TIMEOUT	990.569008765	946.1996212850026	2576.265216	cloud-23933	TIMEOUT	990.742682515	935.5523552219965	2410.508288	cloud-23938	TIMEOUT	990.542057116	951.8439981490083	2756.845568	cloud-23982
eca-rers2012/Problem11_label41.yml	true	TIMEOUT	990.758078212	908.158536541996	3093.401600	cloud-24259	TIMEOUT	990.62843174	936.1053798770008	2432.868352	cloud-23982	TIMEOUT	990.590001083	945.1901235900004	2343.223296	cloud-23982
eca-rers2012/Problem11_label42.yml	false	TIMEOUT	990.567939266	949.5908779090023	2734.878720	cloud-23979	TIMEOUT	990.656810769	941.2255935349967	2531.819520	cloud-23982	TIMEOUT	990.639804735	952.4015442559903	2792.599552	cloud-23933
eca-rers2012/Problem11_label43.yml	false	TIMEOUT	990.562514524	951.832652158002	2208.034816	cloud-24259	TIMEOUT	990.531166237	948.7128947080055	2304.557056	cloud-23979	TIMEOUT	990.59896401	953.3917028649885	2247.217152	cloud-23933
eca-rers2012/Problem11_label44.yml	true	TIMEOUT	990.955027608	612.164080524999	2982.825984	cloud-24259	true	266.747732839	234.40808822697727	2282.872832	cloud-23944	TIMEOUT	990.638849009	954.6448160010041	2534.895616	cloud-23933
eca-rers2012/Problem11_label45.yml	true	TIMEOUT	990.821515742	909.4633396119971	2716.545024	cloud-24259	TIMEOUT	990.660980863	940.7429323370161	2246.148096	cloud-23938	TIMEOUT	990.631530059	949.2650899150176	2237.784064	cloud-23979
eca-rers2012/Problem11_label46.yml	true	TIMEOUT	990.569443102	938.5812616780167	3048.488960	cloud-23941	TIMEOUT	990.578106449	946.2710772669816	2380.705792	cloud-23979	TIMEOUT	990.575110657	955.6701482169738	2201.182208	cloud-23933
eca-rers2012/Problem11_label47.yml	true	TIMEOUT	990.566348465	944.7767758130001	2384.519168	cloud-24259	TIMEOUT	990.683285352	940.5179809519905	2498.588672	cloud-23979	TIMEOUT	990.441227097	950.1255692919949	2558.287872	cloud-23982
eca-rers2012/Problem11_label48.yml	true	TIMEOUT	990.747177785	950.4534522609974	2554.896384	cloud-23979	TIMEOUT	990.700217078	947.047627500986	2389.831680	cloud-23938	TIMEOUT	990.613330312	954.5296559559938	2609.803264	cloud-23980
eca-rers2012/Problem11_label49.yml	false	TIMEOUT	990.64921384	942.7576931059994	2265.686016	cloud-23933	TIMEOUT	990.678739328	945.1020140599867	2650.738688	cloud-23982	TIMEOUT	990.591639388	951.9458748660109	2443.415552	cloud-23980
eca-rers2012/Problem11_label50.yml	true	TIMEOUT	990.965123012	919.4125425820021	3254.665216	cloud-23979	TIMEOUT	990.584007793	945.1708879040089	2321.022976	cloud-23980	TIMEOUT	990.552943256	945.4677658799919	2295.681024	cloud-23933
eca-rers2012/Problem11_label51.yml	false	TIMEOUT	990.736704818	940.3873161939991	2732.253184	cloud-23933	TIMEOUT	990.551114108	949.4772454669874	2421.866496	cloud-23933	TIMEOUT	990.556543485	950.6619365739753	2350.792704	cloud-23938
eca-rers2012/Problem11_label52.yml	true	TIMEOUT	990.56475414	947.859455531001	2953.244672	cloud-23933	TIMEOUT	990.653303788	943.4737544409872	2265.272320	cloud-23979	TIMEOUT	990.46210749	956.0431715510204	2712.248320	cloud-23980
eca-rers2012/Problem11_label53.yml	true	TIMEOUT	990.744362096	946.1273281859976	2781.360128	cloud-23933	TIMEOUT	990.562695246	946.5591307530121	2721.329152	cloud-23982	TIMEOUT	990.544283943	953.8496584399836	2452.361216	cloud-23979
eca-rers2012/Problem11_label54.yml	true	TIMEOUT	990.591933858	941.8279703139997	2389.073920	cloud-23933	TIMEOUT	990.566642984	942.3258340719913	2242.244608	cloud-23979	TIMEOUT	990.64992947	952.4764460790029	2406.383616	cloud-23933
eca-rers2012/Problem11_label55.yml	true	TIMEOUT	990.550106089	944.8698825779975	2907.762688	cloud-24259	true	645.766720804	600.3818671019981	2312.429568	cloud-23979	TIMEOUT	990.471980929	957.0651353590074	2170.179584	cloud-23980
eca-rers2012/Problem11_label56.yml	true	TIMEOUT	990.633156093	944.8784422629979	2732.429312	cloud-23933	TIMEOUT	990.679496297	946.9054847549996	2457.821184	cloud-23979	TIMEOUT	990.515297967	953.7184774940251	2515.398656	cloud-23979
eca-rers2012/Problem11_label57.yml	true	TIMEOUT	990.773592123	909.6167961550018	2867.671040	cloud-24259	TIMEOUT	990.48534516	950.5094608729996	2447.126528	cloud-23943	TIMEOUT	990.531643719	951.9999702280038	2339.352576	cloud-23933
eca-rers2012/Problem11_label58.yml	false	false(unreach-call)	173.178251749	130.9166804790002	2360.045568	cloud-23979	false(unreach-call)	187.14472666	139.85259563100408	2427.469824	cloud-23938	TIMEOUT	990.68886833	953.726029368001	2928.627712	cloud-23979
eca-rers2012/Problem11_label59.yml	true	TIMEOUT	990.51421329	945.698802001	2377.031680	cloud-23933	TIMEOUT	990.548177114	948.2849740520178	2381.627392	cloud-23980	TIMEOUT	990.527041963	951.9490007889981	2510.729216	cloud-23980
eca-rers2012/Problem12_label00.yml	false	TIMEOUT	992.02643973	854.0621539009735	7908.372480	cloud-23939	TIMEOUT	991.849575761	852.8177855880058	7940.648960	cloud-23938	TIMEOUT	991.685078813	914.4730411790079	8335.241216	cloud-23938
eca-rers2012/Problem12_label01.yml	true	TIMEOUT	991.128658421	852.8078383550019	7392.927744	cloud-23979	TIMEOUT	992.783716947	850.0214196669986	9837.350912	cloud-23933	TIMEOUT	991.128921662	922.2588076520187	7042.166784	cloud-23980
eca-rers2012/Problem12_label02.yml	true	TIMEOUT	990.677753932	940.4809954469674	6829.359104	cloud-23942	TIMEOUT	991.130622724	908.3079498040024	6953.074688	cloud-23933	TIMEOUT	990.927588645	937.0258635909995	8351.285248	cloud-23941
eca-rers2012/Problem12_label03.yml	false	TIMEOUT	990.689223666	832.0068316619981	7016.525824	cloud-23979	TIMEOUT	991.193864334	904.5420700719988	6877.229056	cloud-23933	TIMEOUT	991.048475437	925.5313942370121	7064.100864	cloud-23979
eca-rers2012/Problem12_label04.yml	true	TIMEOUT	991.381915477	833.1332060519999	7196.921856	cloud-24259	TIMEOUT	991.213229101	806.8250077789999	6865.022976	cloud-23939	TIMEOUT	991.093788735	923.5035722779867	8448.679936	cloud-23938
eca-rers2012/Problem12_label05.yml	true	TIMEOUT	991.101560582	917.2953278529967	7165.767680	cloud-23979	TIMEOUT	991.041683444	911.0413975759875	7310.176256	cloud-23933	TIMEOUT	991.010444114	924.075438291009	7064.375296	cloud-23979
eca-rers2012/Problem12_label06.yml	false	TIMEOUT	991.192380168	811.4562183920061	7011.143680	cloud-23933	TIMEOUT	991.455672032	834.9295113990083	6817.378304	cloud-23980	TIMEOUT	991.400932783	906.9119318510056	7039.217664	cloud-23982
eca-rers2012/Problem12_label07.yml	false	TIMEOUT	991.542764602	865.7253367290032	7049.248768	cloud-23979	TIMEOUT	990.629054974	816.3738144939998	7586.275328	cloud-23933	TIMEOUT	991.11909412	920.5594687229895	7123.419136	cloud-23933
eca-rers2012/Problem12_label08.yml	false	TIMEOUT	991.335800394	903.3018410790028	6927.323136	cloud-23933	TIMEOUT	991.055454087	907.0892682909907	7048.028160	cloud-23982	TIMEOUT	991.150402801	927.0192423220142	7052.308480	cloud-23933
eca-rers2012/Problem12_label09.yml	true	TIMEOUT	991.386741525	785.298619297042	7889.416192	cloud-23944	TIMEOUT	992.782981403	816.0868569879967	6955.184128	cloud-23933	TIMEOUT	990.798153692	938.9266440909996	7465.017344	cloud-23943
eca-rers2012/Problem12_label10.yml	false	TIMEOUT	991.004944038	792.6008653419558	7890.739200	cloud-23941	TIMEOUT	991.007261771	767.9626426829782	9405.370368	cloud-23933	TIMEOUT	991.0306069	923.4338434179954	7081.779200	cloud-23938
eca-rers2012/Problem12_label11.yml	true	TIMEOUT	991.105537484	826.379378231999	6967.980032	cloud-23940	TIMEOUT	991.057655984	820.3094450730132	8068.194304	cloud-23938	TIMEOUT	991.395985679	912.8309314630169	7231.655936	cloud-23938
eca-rers2012/Problem12_label12.yml	true	TIMEOUT	991.673845648	840.146269386998	6942.494720	cloud-23933	TIMEOUT	992.636227717	809.3929235549876	7896.780800	cloud-23933	TIMEOUT	990.701932444	941.7560415639891	7181.443072	cloud-23944
eca-rers2012/Problem12_label13.yml	false	TIMEOUT	991.640155816	827.5697959109675	6928.056320	cloud-23942	TIMEOUT	991.970666888	859.2824077219993	8460.042240	cloud-23980	TIMEOUT	991.038089794	923.4812565659813	7143.297024	cloud-23980
eca-rers2012/Problem12_label14.yml	true	TIMEOUT	992.641531441	850.0650395199991	7071.522816	cloud-24259	TIMEOUT	992.89089303	856.1900086670066	7621.902336	cloud-23980	TIMEOUT	991.359220103	917.81540485	8543.465472	cloud-23933
eca-rers2012/Problem12_label15.yml	true	TIMEOUT	991.301535776	835.8864301659996	7079.858176	cloud-23979	TIMEOUT	990.968906019	857.2557488900202	7150.174208	cloud-23980	TIMEOUT	991.044841644	923.5380232299794	7955.226624	cloud-23933
eca-rers2012/Problem12_label16.yml	true	TIMEOUT	991.905746288	811.8900558710011	8237.207552	cloud-23933	TIMEOUT	990.9927406	884.5755369029939	6975.545344	cloud-23944	TIMEOUT	991.142569866	922.620067116979	7092.801536	cloud-23980
eca-rers2012/Problem12_label17.yml	true	TIMEOUT	990.905774896	855.4778089300016	7023.902720	cloud-23933	TIMEOUT	990.914887729	851.6413721010031	7021.076480	cloud-23982	TIMEOUT	990.981415137	936.4219096559973	7111.856128	cloud-23941
eca-rers2012/Problem12_label18.yml	true	TIMEOUT	990.538170878	800.3491662159795	8387.051520	cloud-23940	TIMEOUT	992.105901745	854.5872362819791	7290.200064	cloud-23980	TIMEOUT	990.98113992	926.3468337949889	7002.812416	cloud-23979
eca-rers2012/Problem12_label19.yml	false	TIMEOUT	991.276396107	801.877993877999	6930.092032	cloud-24259	TIMEOUT	991.182920512	896.1690950359916	7006.179328	cloud-23933	TIMEOUT	990.855953401	936.6186461100006	7399.407616	cloud-23940
eca-rers2012/Problem12_label20.yml	false	TIMEOUT	991.277604991	857.7415145429986	7456.948224	cloud-24259	TIMEOUT	990.944642516	855.2523611290089	6967.726080	cloud-23933	TIMEOUT	991.155993477	919.5120014549757	7091.048448	cloud-23933
eca-rers2012/Problem12_label21.yml	false	TIMEOUT	992.034368637	802.9272592090056	6924.963840	cloud-24259	TIMEOUT	991.301175786	830.3696238709963	7244.677120	cloud-23938	TIMEOUT	991.031696089	928.106474433007	7419.305984	cloud-23980
eca-rers2012/Problem12_label22.yml	true	TIMEOUT	991.260150713	816.5653911549998	7035.748352	cloud-23979	TIMEOUT	991.063631587	881.0182552830083	7017.091072	cloud-23933	TIMEOUT	991.520612547	916.9876894770132	7793.823744	cloud-23938
eca-rers2012/Problem12_label23.yml	true	TIMEOUT	991.192501015	782.9906262209988	7013.343232	cloud-23942	TIMEOUT	991.411721974	835.6397495520068	7025.831936	cloud-23938	TIMEOUT	991.050308721	913.1666686490062	7242.231808	cloud-23982
eca-rers2012/Problem12_label24.yml	true	TIMEOUT	991.581108983	864.0308667589998	6883.348480	cloud-24259	TIMEOUT	991.459226506	826.8607451400021	7835.480064	cloud-23979	TIMEOUT	990.997218631	935.743463597988	9325.789184	cloud-23941
eca-rers2012/Problem12_label25.yml	false	TIMEOUT	992.082307763	842.9964634169955	7134.822400	cloud-23933	TIMEOUT	991.647230584	803.6898571859929	7584.747520	cloud-23938	TIMEOUT	990.809038503	938.6287943009811	7181.070336	cloud-23943
eca-rers2012/Problem12_label26.yml	true	TIMEOUT	991.2570918	849.2289470579999	7300.476928	cloud-24259	TIMEOUT	991.125627521	850.3060518389975	6984.400896	cloud-23933	TIMEOUT	990.754154755	942.4314096939925	7443.570688	cloud-23939
eca-rers2012/Problem12_label27.yml	true	TIMEOUT	991.805322261	827.8996501680231	7878.881280	cloud-23944	TIMEOUT	990.810332064	848.4485628569964	7355.924480	cloud-23938	TIMEOUT	990.98414769	931.1235859379813	7107.780608	cloud-23933
eca-rers2012/Problem12_label28.yml	false	TIMEOUT	992.550716194	799.1622648730008	7025.352704	cloud-24259	TIMEOUT	991.531863692	831.0556484150002	6988.877824	cloud-23979	TIMEOUT	990.741801133	936.9854833800055	7011.713024	cloud-23943
eca-rers2012/Problem12_label29.yml	true	TIMEOUT	992.604952803	854.5220294960018	7020.527616	cloud-23933	TIMEOUT	992.171183823	805.4328941389977	8177.897472	cloud-23979	TIMEOUT	991.073898573	919.8865601720172	7351.111680	cloud-23933
eca-rers2012/Problem12_label30.yml	false	TIMEOUT	990.854698213	816.5274678759997	6931.300352	cloud-23933	TIMEOUT	991.725309279	831.8601029349957	7935.074304	cloud-23979	TIMEOUT	990.796992436	935.5945219109999	7056.392192	cloud-23940
eca-rers2012/Problem12_label31.yml	true	TIMEOUT	992.409134733	766.5200135409832	6925.225984	cloud-23940	TIMEOUT	992.718706364	833.2149874850002	7033.876480	cloud-23938	TIMEOUT	990.982573195	922.5327481790155	7136.223232	cloud-23979
eca-rers2012/Problem12_label32.yml	true	TIMEOUT	991.660425461	853.4270148169999	7341.973504	cloud-23933	TIMEOUT	992.010338588	808.713730894	7012.032512	cloud-23944	TIMEOUT	990.963112624	917.4587763169839	7129.210880	cloud-23979
eca-rers2012/Problem12_label33.yml	true	TIMEOUT	990.933345528	797.2424285050365	6991.491072	cloud-23940	TIMEOUT	991.789864051	813.8444262320118	6957.846528	cloud-23933	TIMEOUT	990.960603375	930.816583805019	7053.459456	cloud-23933
eca-rers2012/Problem12_label34.yml	false	TIMEOUT	992.228915577	789.7844166709983	7014.461440	cloud-24259	TIMEOUT	991.146689562	890.9270988889912	6977.200128	cloud-23979	TIMEOUT	991.278147312	926.1159244239971	7044.419584	cloud-23980
eca-rers2012/Problem12_label35.yml	false	TIMEOUT	991.649002937	828.4779819530013	7066.468352	cloud-24259	TIMEOUT	991.073421713	853.4641842230048	7074.603008	cloud-23938	TIMEOUT	990.944533967	926.7529768359964	7090.483200	cloud-23980
eca-rers2012/Problem12_label36.yml	true	TIMEOUT	991.92266371	842.3624090760022	7084.388352	cloud-24259	TIMEOUT	991.352454487	843.7134521160042	7022.587904	cloud-23982	TIMEOUT	991.210954177	922.6261603639869	7920.594944	cloud-23982
eca-rers2012/Problem12_label37.yml	false	TIMEOUT	991.156337173	855.1397509210001	6922.539008	cloud-23933	TIMEOUT	991.032262583	859.2914306010061	7000.924160	cloud-23982	TIMEOUT	990.866957099	938.2652073120116	7952.515072	cloud-23942
eca-rers2012/Problem12_label38.yml	false	TIMEOUT	991.013993686	822.7354191070008	7028.285440	cloud-24259	TIMEOUT	991.049169746	854.3663640770246	7045.136384	cloud-23980	TIMEOUT	991.113977646	921.1597973610042	7123.324928	cloud-23980
eca-rers2012/Problem12_label39.yml	false	TIMEOUT	990.808288766	925.0142946909764	6959.132672	cloud-23944	TIMEOUT	991.187671486	903.7124772359966	7066.206208	cloud-23938	TIMEOUT	990.993157372	918.4838854690024	7220.404224	cloud-23980
eca-rers2012/Problem12_label40.yml	false	TIMEOUT	991.096263944	769.6205997949583	6936.461312	cloud-23943	TIMEOUT	991.39177424	887.3818658719829	7075.102720	cloud-23980	TIMEOUT	990.708664277	942.026467032003	7138.930688	cloud-23940
eca-rers2012/Problem12_label41.yml	true	TIMEOUT	991.401411151	845.5883282760042	7175.090176	cloud-23939	TIMEOUT	991.08281873	832.3311927030154	6956.929024	cloud-23980	TIMEOUT	991.158995762	912.091320912994	7126.859776	cloud-23938
eca-rers2012/Problem12_label42.yml	false	TIMEOUT	991.429899448	849.4409903839987	7201.644544	cloud-23933	TIMEOUT	991.185524046	848.4001973459963	7022.755840	cloud-23982	TIMEOUT	991.073381784	915.4722511410073	7163.392000	cloud-23982
eca-rers2012/Problem12_label43.yml	true	TIMEOUT	990.868654827	832.9196324010263	7377.743872	cloud-23941	TIMEOUT	990.754766123	859.9859880940057	6922.018816	cloud-23982	TIMEOUT	991.074892473	925.0703828879923	7115.890688	cloud-23979
eca-rers2012/Problem12_label44.yml	true	TIMEOUT	991.465409469	853.4532117140006	6921.191424	cloud-23979	TIMEOUT	991.526291592	827.4228150490089	8004.214784	cloud-23979	TIMEOUT	991.248318751	920.369652430003	7166.443520	cloud-23938
eca-rers2012/Problem12_label45.yml	true	TIMEOUT	991.884337416	816.182492766995	6936.514560	cloud-23939	TIMEOUT	991.991970089	844.5626406210067	6942.715904	cloud-23933	TIMEOUT	991.004025962	925.1810794440098	7099.867136	cloud-23933
eca-rers2012/Problem12_label46.yml	true	TIMEOUT	990.843385144	836.3021856769919	6971.670528	cloud-23940	TIMEOUT	991.508261277	855.4859165670059	6935.781376	cloud-23979	TIMEOUT	990.963604885	938.867285365006	7563.808768	cloud-23939
eca-rers2012/Problem12_label47.yml	true	TIMEOUT	991.334183545	826.9160735559999	6716.043264	cloud-23940	TIMEOUT	992.769516694	831.8287884699821	7865.974784	cloud-23979	TIMEOUT	990.83267615	938.1652783050085	8060.264448	cloud-23942
eca-rers2012/Problem12_label48.yml	false	TIMEOUT	991.314553395	912.5091929810005	7031.963648	cloud-24259	TIMEOUT	991.433262815	911.1869205769908	7136.894976	cloud-23938	TIMEOUT	990.98266678	936.9404769450193	8243.077120	cloud-23943
eca-rers2012/Problem12_label49.yml	true	TIMEOUT	991.422230417	846.2524342649995	7754.960896	cloud-23979	TIMEOUT	992.052856049	832.901976543013	7085.117440	cloud-23933	TIMEOUT	990.996722309	920.997146536014	7009.914880	cloud-23980
eca-rers2012/Problem12_label50.yml	false	TIMEOUT	992.797308577	831.1628228490008	7010.365440	cloud-24259	TIMEOUT	990.919480078	920.5213676849962	7715.635200	cloud-23944	TIMEOUT	990.961495217	927.2398587430071	7212.298240	cloud-23979
eca-rers2012/Problem12_label51.yml	false	TIMEOUT	992.475612135	790.1574145869818	8073.994240	cloud-23940	TIMEOUT	990.827211431	786.6262397700048	6946.095104	cloud-23933	TIMEOUT	991.085384285	926.5483409599983	7108.771840	cloud-23982
eca-rers2012/Problem12_label52.yml	false	TIMEOUT	992.46740749	821.794782914978	8141.934592	cloud-23944	TIMEOUT	990.932548554	815.8955418720143	6943.019008	cloud-23938	TIMEOUT	991.402310751	912.7828708419984	7989.460992	cloud-23982
eca-rers2012/Problem12_label53.yml	true	TIMEOUT	991.280640205	847.5824049889998	7866.658816	cloud-23979	TIMEOUT	991.201655563	843.4495327039913	7004.098560	cloud-23982	TIMEOUT	991.094797862	928.6513995929854	7164.919808	cloud-23979
eca-rers2012/Problem12_label54.yml	true	TIMEOUT	991.374127831	852.7077603780053	6922.334208	cloud-24259	TIMEOUT	990.938242827	819.1320106989879	8474.349568	cloud-23942	TIMEOUT	991.212305524	924.7782277080114	8156.168192	cloud-23979
eca-rers2012/Problem12_label55.yml	false	TIMEOUT	991.12012428	840.3083695859532	7032.578048	cloud-23939	TIMEOUT	992.776969081	850.7623395729752	6978.826240	cloud-23938	TIMEOUT	990.895262085	937.113930839987	8017.305600	cloud-23941
eca-rers2012/Problem12_label56.yml	true	TIMEOUT	990.897426225	916.4951642470041	7369.117696	cloud-23979	TIMEOUT	991.126053624	912.6419055449951	6990.376960	cloud-23933	TIMEOUT	991.105983637	919.9380078350077	7224.180736	cloud-23980
eca-rers2012/Problem12_label57.yml	true	TIMEOUT	991.178057226	790.6365795870079	7073.959936	cloud-23943	TIMEOUT	991.272589524	840.8518630350009	6934.835200	cloud-23938	TIMEOUT	990.983524421	912.4462833830039	7085.326336	cloud-23938
eca-rers2012/Problem12_label58.yml	true	TIMEOUT	991.365662213	839.7235236460001	7040.757760	cloud-23979	TIMEOUT	991.714618126	828.42755528001	7277.559808	cloud-23980	TIMEOUT	991.110694941	913.1971896540199	7149.092864	cloud-23938
eca-rers2012/Problem12_label59.yml	true	TIMEOUT	991.324985673	793.7164262000006	7019.839488	cloud-23940	TIMEOUT	991.057776966	852.3274780489737	7161.135104	cloud-23980	TIMEOUT	991.409293141	922.8668471210112	8334.737408	cloud-23933
eca-rers2012/Problem13_label00.yml	true	TIMEOUT	992.540748349	719.6679596700124	8335.429632	cloud-23944	TIMEOUT	991.385910026	756.4960242319794	8560.381952	cloud-23982	TIMEOUT	990.975955426	921.6688418599952	8999.206912	cloud-23942
eca-rers2012/Problem13_label01.yml	true	TIMEOUT	991.520241408	732.3854571300326	8820.170752	cloud-23942	TIMEOUT	992.552466334	789.2389097229752	8954.691584	cloud-23938	TIMEOUT	991.281915014	911.0937036610267	9069.371392	cloud-23933
eca-rers2012/Problem13_label02.yml	true	TIMEOUT	993.27908456	749.181825530999	8802.320384	cloud-23979	TIMEOUT	993.115094766	751.9582801109937	8358.912000	cloud-23938	TIMEOUT	991.406786237	911.3845519770111	9793.007616	cloud-23979
eca-rers2012/Problem13_label03.yml	true	TIMEOUT	992.189145713	700.1045707640005	8371.662848	cloud-23940	TIMEOUT	992.62648979	716.7935475269915	8430.432256	cloud-23979	TIMEOUT	990.941735045	926.9415319130057	9051.541504	cloud-23939
eca-rers2012/Problem13_label04.yml	false	TIMEOUT	992.78692152	736.593708370001	8856.969216	cloud-23979	TIMEOUT	990.619190657	703.6961788740009	8832.409600	cloud-23943	TIMEOUT	991.033228743	922.4258966709895	8937.562112	cloud-23942
eca-rers2012/Problem13_label05.yml	true	TIMEOUT	992.65496143	722.667537471978	8360.288256	cloud-23943	TIMEOUT	992.832319116	717.298644089984	8797.757440	cloud-23933	TIMEOUT	990.87627763	930.8508790250053	9110.192128	cloud-23942
eca-rers2012/Problem13_label06.yml	false	TIMEOUT	990.715368168	742.1185176270083	8325.402624	cloud-23939	TIMEOUT	990.70991159	729.4935610339744	10605.662208	cloud-23933	TIMEOUT	991.127241605	911.0892655749922	8582.594560	cloud-23979
eca-rers2012/Problem13_label07.yml	false	TIMEOUT	992.54793254	738.8991859600001	8798.203904	cloud-23933	TIMEOUT	992.804121225	730.9038342570129	8808.476672	cloud-23979	TIMEOUT	991.313801717	889.4083385450067	8968.417280	cloud-23938
eca-rers2012/Problem13_label08.yml	true	TIMEOUT	992.559742502	688.2919220129843	9235.726336	cloud-23939	TIMEOUT	991.181111352	719.6516643019859	8514.531328	cloud-23982	TIMEOUT	991.274693764	896.8651647119841	8602.931200	cloud-23982
eca-rers2012/Problem13_label09.yml	true	TIMEOUT	992.518577127	714.3529702189844	8474.984448	cloud-23944	TIMEOUT	991.568868721	742.6473091600055	8807.428096	cloud-23941	TIMEOUT	991.172520665	890.0671313439962	8847.384576	cloud-23982
eca-rers2012/Problem13_label10.yml	true	TIMEOUT	991.185976542	743.7065883579999	8841.723904	cloud-23933	TIMEOUT	992.599489223	745.179105941992	8700.895232	cloud-23933	TIMEOUT	991.476762531	899.4657939700119	8511.897600	cloud-23933
eca-rers2012/Problem13_label11.yml	false	TIMEOUT	990.637395278	728.9174548090086	8823.902208	cloud-23942	TIMEOUT	991.778442169	732.9756307360076	8879.718400	cloud-23982	TIMEOUT	990.928844774	926.6648872829974	8516.358144	cloud-23942
eca-rers2012/Problem13_label12.yml	false	TIMEOUT	991.183885434	847.7636018450139	9196.281856	cloud-23942	TIMEOUT	992.854684997	739.8179179019935	8326.590464	cloud-23979	TIMEOUT	990.897307664	926.4721990620019	9081.245696	cloud-23940
eca-rers2012/Problem13_label13.yml	true	TIMEOUT	991.485394064	860.1589636939971	9098.878976	cloud-24259	TIMEOUT	991.436892535	723.8322804199997	8706.048000	cloud-23938	TIMEOUT	990.812213777	931.0699760440039	8601.001984	cloud-23944
eca-rers2012/Problem13_label14.yml	true	TIMEOUT	990.696576257	735.5998567920178	8401.711104	cloud-23943	TIMEOUT	991.673136055	735.6174799530127	8812.769280	cloud-23933	TIMEOUT	991.573103503	916.254617544997	12195.606528	cloud-23933
eca-rers2012/Problem13_label15.yml	true	TIMEOUT	992.370417871	748.8333155789878	8866.443264	cloud-23939	TIMEOUT	991.101230688	732.9231224230025	8316.022784	cloud-23933	TIMEOUT	991.2613024	904.8155111569795	8299.913216	cloud-23938
eca-rers2012/Problem13_label16.yml	false	TIMEOUT	991.211649866	732.0567830340005	9088.450560	cloud-23940	TIMEOUT	992.893275526	743.7439539339975	8805.089280	cloud-23933	TIMEOUT	990.98620339	920.7126097650034	8630.685696	cloud-23941
eca-rers2012/Problem13_label17.yml	true	TIMEOUT	990.972366057	751.1043194069644	8834.654208	cloud-23942	TIMEOUT	991.595460269	742.5222471839807	8375.910400	cloud-23979	TIMEOUT	991.542685158	893.9758059899905	9119.547392	cloud-23933
eca-rers2012/Problem13_label18.yml	true	TIMEOUT	992.557050565	738.5553845579852	11210.539008	cloud-23939	TIMEOUT	992.995758892	739.4026092370041	8847.523840	cloud-23938	TIMEOUT	990.928092515	926.7700323509926	9087.897600	cloud-23943
eca-rers2012/Problem13_label19.yml	false	TIMEOUT	992.26381597	704.0991353230202	8394.006528	cloud-23939	TIMEOUT	990.893895036	763.5186347920098	8747.864064	cloud-23980	TIMEOUT	991.045569954	922.2305552299949	9914.073088	cloud-23939
eca-rers2012/Problem13_label20.yml	true	TIMEOUT	992.274752968	739.185588948	8791.408640	cloud-24259	TIMEOUT	991.177248755	761.2138315690099	8788.090880	cloud-23979	TIMEOUT	991.513458176	893.1224229299987	8871.387136	cloud-23938
eca-rers2012/Problem13_label21.yml	false	TIMEOUT	991.446941971	731.860930369	8374.042624	cloud-24259	TIMEOUT	991.53191997	724.4895938140107	8470.781952	cloud-23979	TIMEOUT	991.362361551	900.581896572985	8996.392960	cloud-23938
eca-rers2012/Problem13_label22.yml	true	TIMEOUT	991.869990114	810.5634972870002	9074.180096	cloud-23979	TIMEOUT	992.043395128	719.3036888119823	8820.232192	cloud-23944	TIMEOUT	991.039475228	935.7970195599773	9095.204864	cloud-23941
eca-rers2012/Problem13_label23.yml	false	TIMEOUT	992.858046328	734.1042419099995	9116.151808	cloud-24259	TIMEOUT	991.798947383	754.3437975339766	9041.989632	cloud-23982	TIMEOUT	991.346491012	912.6236907690181	8547.442688	cloud-23933
eca-rers2012/Problem13_label24.yml	false	TIMEOUT	992.010224419	689.8110372959636	8868.376576	cloud-23941	TIMEOUT	991.580814164	813.9029676640057	8950.325248	cloud-23982	TIMEOUT	990.849416028	929.7993591819832	9045.184512	cloud-23944
eca-rers2012/Problem13_label25.yml	false	TIMEOUT	991.431486122	724.8367426180048	9070.411776	cloud-23943	TIMEOUT	992.05416273	761.2447642539919	11672.494080	cloud-23980	TIMEOUT	991.306466202	903.4844296769879	9065.902080	cloud-23980
eca-rers2012/Problem13_label26.yml	true	TIMEOUT	991.340155336	728.6058090529987	8383.741952	cloud-23942	TIMEOUT	991.661130617	737.030580983992	10623.578112	cloud-23942	TIMEOUT	991.413123221	908.3655320440012	8493.752320	cloud-23980
eca-rers2012/Problem13_label27.yml	true	TIMEOUT	990.973256602	712.3062103559496	8892.162048	cloud-23944	TIMEOUT	991.390373572	754.6929119649867	9210.314752	cloud-23933	TIMEOUT	991.609099877	909.9153091279732	8989.958144	cloud-23979
eca-rers2012/Problem13_label28.yml	false	TIMEOUT	991.249649331	701.5816329399822	8695.934976	cloud-23939	TIMEOUT	992.736377777	711.2366360689921	8702.590976	cloud-23941	TIMEOUT	991.645142311	893.3410952619743	8906.051584	cloud-23938
eca-rers2012/Problem13_label29.yml	false	TIMEOUT	991.04375756	738.6874913219981	8734.461952	cloud-23933	TIMEOUT	991.659382826	723.481472362997	8434.110464	cloud-23939	TIMEOUT	991.286301139	912.9275428359979	9001.496576	cloud-23979
eca-rers2012/Problem13_label30.yml	false	TIMEOUT	991.293433298	736.762057112006	8782.700544	cloud-23944	TIMEOUT	992.718501517	733.3273032360012	9301.291008	cloud-23942	TIMEOUT	990.854028454	932.0191644290171	8998.825984	cloud-23942
eca-rers2012/Problem13_label31.yml	true	TIMEOUT	991.897308976	740.006197515002	8835.211264	cloud-23933	TIMEOUT	991.000939104	750.4668287829845	8284.708864	cloud-23944	TIMEOUT	991.54237287	903.5246787650103	8568.119296	cloud-23938
eca-rers2012/Problem13_label32.yml	false	TIMEOUT	992.587884849	717.1513542910106	8858.599424	cloud-23943	TIMEOUT	992.370862992	719.2800740160164	8709.206016	cloud-23982	TIMEOUT	991.502439565	901.7769167300139	8931.422208	cloud-23980
eca-rers2012/Problem13_label33.yml	true	TIMEOUT	992.849870378	729.7230276539995	8755.503104	cloud-24259	TIMEOUT	992.448579186	728.3153690150066	8309.063680	cloud-23980	TIMEOUT	991.332969176	905.2103631200152	8446.472192	cloud-23979
eca-rers2012/Problem13_label34.yml	true	TIMEOUT	991.522003891	736.3087140370044	8929.423360	cloud-23939	TIMEOUT	991.665736006	733.5453924759931	8806.748160	cloud-23933	TIMEOUT	991.785077824	892.1265102379839	8720.416768	cloud-23938
eca-rers2012/Problem13_label35.yml	false	TIMEOUT	992.497336204	735.0039625829668	8802.816000	cloud-23944	TIMEOUT	992.316078934	775.9244652579946	9175.793664	cloud-23980	TIMEOUT	991.001913716	922.9590155069891	9057.894400	cloud-23941
eca-rers2012/Problem13_label36.yml	false	TIMEOUT	991.584071953	763.8554816970027	9160.863744	cloud-23979	TIMEOUT	992.760424588	758.8322881289932	8626.462720	cloud-23938	TIMEOUT	990.91752823	925.8438375620171	8660.905984	cloud-23942
eca-rers2012/Problem13_label37.yml	true	TIMEOUT	991.741658904	722.85301070899	8845.217792	cloud-23944	TIMEOUT	991.998043608	738.8529633050202	8886.636544	cloud-23933	TIMEOUT	991.686683648	892.9986931919993	8660.254720	cloud-23982
eca-rers2012/Problem13_label38.yml	true	TIMEOUT	992.103179352	748.4406891330145	8865.607680	cloud-23944	TIMEOUT	992.036894801	708.752257537999	8430.166016	cloud-23933	TIMEOUT	991.388791746	912.8401104620134	8373.608448	cloud-23933
eca-rers2012/Problem13_label39.yml	true	TIMEOUT	991.097356348	774.7030126569989	8392.220672	cloud-24259	TIMEOUT	990.498157338	796.8474145249929	8828.043264	cloud-23943	TIMEOUT	991.413359685	903.1800538060197	8620.986368	cloud-23933
eca-rers2012/Problem13_label40.yml	false	TIMEOUT	991.737103657	752.5657190889997	8766.730240	cloud-23933	TIMEOUT	991.684273742	746.4903005189844	10689.482752	cloud-23938	TIMEOUT	991.225278738	905.4320188449929	8829.009920	cloud-23980
eca-rers2012/Problem13_label41.yml	true	TIMEOUT	990.767646937	777.2251795789925	8528.953344	cloud-23942	TIMEOUT	991.358186624	869.3898953629832	9110.167552	cloud-23980	TIMEOUT	990.963634134	923.4979858479928	9084.936192	cloud-23941
eca-rers2012/Problem13_label42.yml	true	TIMEOUT	991.352828603	738.3374796440476	8353.013760	cloud-23940	TIMEOUT	992.815820337	727.0889629079902	8777.838592	cloud-23938	TIMEOUT	990.82434974	931.044209515996	8548.507648	cloud-23944
eca-rers2012/Problem13_label43.yml	false	TIMEOUT	990.808081612	735.8065041959635	8735.764480	cloud-23939	TIMEOUT	991.476644245	777.972639130021	9370.857472	cloud-23941	TIMEOUT	990.966584579	924.2952853949973	8991.039488	cloud-23942
eca-rers2012/Problem13_label44.yml	false	TIMEOUT	991.006048546	698.5207699889434	8743.985152	cloud-23940	TIMEOUT	991.355956085	907.2810840809834	9001.267200	cloud-23980	TIMEOUT	991.531976319	913.1507800389954	8932.298752	cloud-23980
eca-rers2012/Problem13_label45.yml	false	TIMEOUT	991.670554795	735.2665992260008	8759.840768	cloud-23933	TIMEOUT	991.329970468	755.8850183659815	9125.879808	cloud-23933	TIMEOUT	990.921759218	927.6948423100112	9121.636352	cloud-23943
eca-rers2012/Problem13_label46.yml	true	TIMEOUT	991.449991758	716.2922765130061	8307.712000	cloud-23944	TIMEOUT	990.86533448	752.0692243540252	8332.013568	cloud-23980	TIMEOUT	991.584074435	892.4980587309983	8576.155648	cloud-23982
eca-rers2012/Problem13_label47.yml	true	TIMEOUT	992.528681383	720.7451196429902	8719.155200	cloud-23940	TIMEOUT	992.614768273	738.1489512510016	8320.716800	cloud-23979	TIMEOUT	991.403994781	910.354009267001	8935.092224	cloud-23979
eca-rers2012/Problem13_label48.yml	false	TIMEOUT	990.901326677	734.1089919710066	8568.532992	cloud-23940	TIMEOUT	991.598184841	739.7885762059886	8851.226624	cloud-23942	TIMEOUT	991.361504336	886.0152329620032	8502.435840	cloud-23982
eca-rers2012/Problem13_label49.yml	true	TIMEOUT	991.987501493	734.3634423389994	8517.705728	cloud-23933	TIMEOUT	991.417887205	764.0320326770016	8971.718656	cloud-23933	TIMEOUT	990.933635575	922.7210307030182	8674.504704	cloud-23943
eca-rers2012/Problem13_label50.yml	true	TIMEOUT	991.303964772	774.7865504689998	8746.393600	cloud-23933	TIMEOUT	991.433918567	814.8821540820063	8814.526464	cloud-23942	TIMEOUT	991.361064007	904.3976149069786	9338.179584	cloud-23980
eca-rers2012/Problem13_label51.yml	false	TIMEOUT	990.939518238	757.5556821530336	8882.356224	cloud-23941	TIMEOUT	992.58832029	771.3631937250029	8439.771136	cloud-23933	TIMEOUT	991.460539619	903.2627667679917	8965.926912	cloud-23933
eca-rers2012/Problem13_label52.yml	true	TIMEOUT	990.796705978	741.1712290599999	8857.796608	cloud-23933	TIMEOUT	991.912640988	722.3135284110031	8678.301696	cloud-23943	TIMEOUT	991.10993552	923.2186562019924	8926.105600	cloud-23942
eca-rers2012/Problem13_label53.yml	true	TIMEOUT	991.006581067	718.9460795729537	8801.972224	cloud-23941	TIMEOUT	991.37519186	749.4411359259975	8236.048384	cloud-23982	TIMEOUT	990.957733513	923.9033742710017	9099.276288	cloud-23943
eca-rers2012/Problem13_label54.yml	false	TIMEOUT	992.301979188	733.8758974609955	8868.175872	cloud-24259	TIMEOUT	992.523912501	734.0524377420079	8909.172736	cloud-23979	TIMEOUT	991.830904132	888.271375381999	8924.119040	cloud-23938
eca-rers2012/Problem13_label55.yml	true	TIMEOUT	991.416156054	730.9396535949782	8323.428352	cloud-23941	TIMEOUT	991.661379022	762.8253634300199	8786.628608	cloud-23938	TIMEOUT	991.436755219	903.8840323940094	9046.568960	cloud-23980
eca-rers2012/Problem13_label56.yml	true	TIMEOUT	991.158102763	733.8262290500006	8386.805760	cloud-24259	TIMEOUT	991.716926014	722.7538558539818	8838.950912	cloud-23982	TIMEOUT	990.94508397	925.9801776650129	8961.486848	cloud-23940
eca-rers2012/Problem13_label57.yml	true	TIMEOUT	991.312387531	712.5472088940442	8784.912384	cloud-23941	TIMEOUT	992.553316318	722.3207520290161	8886.099968	cloud-23943	TIMEOUT	991.665433585	893.6553035720135	8929.501184	cloud-23982
eca-rers2012/Problem13_label58.yml	false	TIMEOUT	990.656664217	757.8558883399819	8422.088704	cloud-23944	TIMEOUT	991.266201826	774.0905325360072	8847.261696	cloud-23979	TIMEOUT	990.99220808	924.6451547110046	8500.256768	cloud-23941
eca-rers2012/Problem13_label59.yml	true	TIMEOUT	991.056731184	750.8123964039996	8308.633600	cloud-23979	TIMEOUT	993.094390019	747.5610892929835	8515.407872	cloud-23938	TIMEOUT	990.939366541	926.077452269994	8636.026880	cloud-23943
eca-rers2012/Problem14_label00.yml	true	true	176.105492557	138.26037531399925	1910.099968	cloud-24259	true	178.737097795	143.2365802830027	1695.752192	cloud-23979	TIMEOUT	990.405049075	964.3312057729927	1782.247424	cloud-23980
eca-rers2012/Problem14_label01.yml	true	TIMEOUT	990.546069061	931.5214841650013	1904.279552	cloud-23933	true	265.97413034	227.0194283570163	1657.970688	cloud-23982	TIMEOUT	990.441186209	962.6842031419801	1691.234304	cloud-23980
eca-rers2012/Problem14_label02.yml	false	TIMEOUT	990.672469898	944.5375272299862	2060.435456	cloud-23944	TIMEOUT	990.525035319	946.1841068450012	1650.339840	cloud-23938	TIMEOUT	990.3940843	960.6384639699827	1574.666240	cloud-23980
eca-rers2012/Problem14_label03.yml	true	true	533.129732886	394.87628719700297	2839.306240	cloud-23933	true	251.127468014	216.8394448889885	1670.602752	cloud-23980	TIMEOUT	990.479827638	964.6064269950148	1740.259328	cloud-23980
eca-rers2012/Problem14_label04.yml	true	TIMEOUT	990.498497869	953.5566865330002	1711.157248	cloud-23979	TIMEOUT	990.432314428	955.619620226993	1505.337344	cloud-23979	TIMEOUT	990.389078275	962.9940533699992	1722.646528	cloud-23980
eca-rers2012/Problem14_label05.yml	true	TIMEOUT	991.742118275	608.4305868459996	2892.406784	cloud-24259	true	262.191420352	227.57650824799202	1574.440960	cloud-23979	TIMEOUT	990.393816176	953.6880486650043	1552.777216	cloud-23982
eca-rers2012/Problem14_label06.yml	true	true	191.433347737	156.00460724799996	1551.032320	cloud-23933	true	176.187347096	143.28271861499525	1545.764864	cloud-23979	TIMEOUT	990.472758034	961.4422857119935	1730.097152	cloud-23979
eca-rers2012/Problem14_label07.yml	true	true	179.430935318	148.84691271300107	1671.024640	cloud-24259	true	230.37507163	195.76365655800328	1574.608896	cloud-23980	TIMEOUT	990.527547167	958.7890592839976	1667.751936	cloud-23933
eca-rers2012/Problem14_label08.yml	false	TIMEOUT	990.776879295	922.7862509900006	2367.315968	cloud-23933	false(unreach-call)	486.92214695	438.6509529769828	2054.340608	cloud-23982	TIMEOUT	990.387620517	957.5570509450044	1459.458048	cloud-23982
eca-rers2012/Problem14_label09.yml	true	TIMEOUT	990.53674733	949.2504687039982	1618.010112	cloud-23933	TIMEOUT	990.509331547	948.210632479022	1559.576576	cloud-23982	TIMEOUT	990.442473358	963.978804554994	1618.857984	cloud-23979
eca-rers2012/Problem14_label10.yml	false	TIMEOUT	990.602672474	933.0513407409999	1969.270784	cloud-23933	false(unreach-call)	638.405851521	589.7120828599727	2173.022208	cloud-23982	TIMEOUT	990.344317692	967.6876895769965	1611.915264	cloud-23980
eca-rers2012/Problem14_label11.yml	false	TIMEOUT	990.290549982	964.5030945389881	1478.840320	cloud-23942	false(unreach-call)	275.854473222	236.09051110298606	2055.241728	cloud-23980	TIMEOUT	990.478467551	959.103998770006	1664.618496	cloud-23982
eca-rers2012/Problem14_label12.yml	false	TIMEOUT	990.607040221	927.068153229	1601.282048	cloud-23979	TIMEOUT	990.483752672	951.6917392169998	1740.365824	cloud-23980	TIMEOUT	990.300807141	969.6953920980159	1558.085632	cloud-23944
eca-rers2012/Problem14_label13.yml	false	TIMEOUT	990.830724257	923.0077918940005	2460.680192	cloud-23933	TIMEOUT	990.472017612	952.8783031839994	1643.397120	cloud-23980	TIMEOUT	990.521773106	960.8370562980126	1741.516800	cloud-23933
eca-rers2012/Problem14_label14.yml	false	TIMEOUT	990.398917436	956.9416167829986	1471.328256	cloud-24259	TIMEOUT	990.488849775	953.5342492359923	1581.166592	cloud-23982	TIMEOUT	990.475452853	961.1369483130111	1600.991232	cloud-23933
eca-rers2012/Problem14_label15.yml	true	true	186.230197527	151.8066881479972	1715.163136	cloud-24259	true	196.330498192	162.27766665199306	1424.687104	cloud-23933	TIMEOUT	990.409013179	959.3221928800049	1578.528768	cloud-23982
eca-rers2012/Problem14_label16.yml	true	true	216.120457247	177.61275083800138	1603.289088	cloud-23933	true	210.442578224	173.52461457601748	1474.101248	cloud-23933	TIMEOUT	990.501627328	961.9176059380115	1691.750400	cloud-23979
eca-rers2012/Problem14_label17.yml	true	true	181.877680981	149.12499948399636	1579.937792	cloud-24259	true	232.840828502	195.0599564560107	1446.031360	cloud-23982	TIMEOUT	990.430663268	960.9946875380119	1643.556864	cloud-23979
eca-rers2012/Problem14_label18.yml	false	TIMEOUT	990.660730847	933.6085366610023	2384.166912	cloud-23979	false(unreach-call)	410.736119544	364.4334132859949	2067.673088	cloud-23938	TIMEOUT	990.437190975	961.2789239289996	1755.619328	cloud-23982
eca-rers2012/Problem14_label19.yml	true	true	131.448210824	98.3534110110013	1892.306944	cloud-23933	true	121.700364643	95.58245788799832	1754.341376	cloud-23980	TIMEOUT	990.455630082	960.5800439729937	1650.446336	cloud-23979
eca-rers2012/Problem14_label20.yml	true	true	126.477435539	95.42244056199706	1451.868160	cloud-23933	true	118.74786907	89.43021700301324	1634.004992	cloud-23979	TIMEOUT	990.455163964	963.5348896079813	1892.675584	cloud-23933
eca-rers2012/Problem14_label21.yml	true	true	126.156440825	91.70861755299848	1524.502528	cloud-24259	true	143.858449182	108.9614076030266	1587.150848	cloud-23938	TIMEOUT	990.470016835	961.896931012976	1645.408256	cloud-23933
eca-rers2012/Problem14_label22.yml	false	TIMEOUT	990.461637889	948.4864512870045	1761.394688	cloud-23933	false(unreach-call)	420.572030983	376.5148301080044	2344.288256	cloud-23982	TIMEOUT	990.294766064	970.1106065670028	1643.786240	cloud-23944
eca-rers2012/Problem14_label23.yml	true	true	122.563918191	92.97075395600405	1572.401152	cloud-24259	true	138.943258684	106.27968546497868	1573.789696	cloud-23982	TIMEOUT	990.601415666	958.1427006380109	1670.193152	cloud-23982
eca-rers2012/Problem14_label24.yml	true	true	204.106882275	166.1170101280004	1636.913152	cloud-23933	true	202.389091438	170.54861620700103	1711.607808	cloud-23980	TIMEOUT	990.381715873	966.6803640740109	1478.643712	cloud-23980
eca-rers2012/Problem14_label25.yml	true	true	127.132146876	96.26283212300041	1593.303040	cloud-24259	true	152.668942077	116.59191794600338	1410.179072	cloud-23982	TIMEOUT	990.437360503	960.0746404659876	1538.142208	cloud-23933
eca-rers2012/Problem14_label26.yml	true	true	179.182002633	146.43455157499557	1884.524544	cloud-24259	true	183.337931264	148.58564298201236	1497.948160	cloud-23979	TIMEOUT	990.455247295	958.0652313579922	1724.518400	cloud-23938
eca-rers2012/Problem14_label27.yml	false	TIMEOUT	990.446982958	953.7803744240009	1479.561216	cloud-24259	TIMEOUT	990.38834077	948.4449241469847	1536.106496	cloud-23982	TIMEOUT	990.453869697	956.6226181240054	1528.573952	cloud-23938
eca-rers2012/Problem14_label28.yml	false	TIMEOUT	990.469694667	944.3580751359696	2456.743936	cloud-23941	false(unreach-call)	473.298544426	423.24295073200483	2017.800192	cloud-23982	TIMEOUT	990.440671538	955.6438967279973	1684.131840	cloud-23982
eca-rers2012/Problem14_label29.yml	false	TIMEOUT	990.672412018	930.8282374759983	2466.967552	cloud-24259	false(unreach-call)	278.302445834	236.2379253099789	1937.072128	cloud-23933	TIMEOUT	990.468809624	961.8817555290007	1597.607936	cloud-23979
eca-rers2012/Problem14_label30.yml	true	true	129.58067968	99.38074037399929	1587.154944	cloud-24259	true	155.539403199	123.4503858560056	1666.441216	cloud-23982	TIMEOUT	990.479002074	959.5825670640043	1714.847744	cloud-23938
eca-rers2012/Problem14_label31.yml	false	TIMEOUT	990.731001608	924.823663089	2403.323904	cloud-23933	false(unreach-call)	290.406543195	239.23263547199895	2026.983424	cloud-23982	TIMEOUT	990.378340918	961.7833887909946	1606.438912	cloud-23980
eca-rers2012/Problem14_label32.yml	true	true	171.792572897	137.26441236100072	1737.216000	cloud-24259	true	168.800985012	136.81539158997475	1578.397696	cloud-23979	TIMEOUT	990.399900445	962.7068383040023	1606.619136	cloud-23979
eca-rers2012/Problem14_label33.yml	true	true	146.264148234	118.03150350799842	1497.657344	cloud-24259	true	166.496461363	134.87706252300995	1515.458560	cloud-23933	TIMEOUT	990.441700344	959.5326019760105	1665.650688	cloud-23933
eca-rers2012/Problem14_label34.yml	false	TIMEOUT	990.511957572	950.6372568659972	1874.268160	cloud-24259	false(unreach-call)	216.191886868	188.13827785500325	1947.422720	cloud-23944	TIMEOUT	990.445019687	958.0081206590112	1647.386624	cloud-23933
eca-rers2012/Problem14_label35.yml	true	true	201.228684068	163.66218002800008	2047.987712	cloud-23933	true	166.450669621	138.32188823400065	1440.313344	cloud-23939	TIMEOUT	990.494130892	962.5549912439892	1771.053056	cloud-23933
eca-rers2012/Problem14_label36.yml	true	true	185.309268989	151.61193234899838	1710.637056	cloud-24259	true	226.521054518	188.25552732299548	1543.507968	cloud-23980	TIMEOUT	990.483013096	961.6520036770089	1573.777408	cloud-23933
eca-rers2012/Problem14_label37.yml	false	TIMEOUT	990.571595745	950.4786334339988	1699.704832	cloud-24259	false(unreach-call)	400.322678381	358.40157077100594	2143.113216	cloud-23980	TIMEOUT	990.47395509	962.1069897930138	1688.072192	cloud-23979
eca-rers2012/Problem14_label38.yml	true	true	185.194454844	153.37326528099948	1483.321344	cloud-23933	true	233.810959718	191.838363191986	1453.494272	cloud-23982	TIMEOUT	990.472758033	956.4332409199851	1749.094400	cloud-23938
eca-rers2012/Problem14_label39.yml	false	TIMEOUT	990.475020864	953.8034939789977	1679.024128	cloud-24259	false(unreach-call)	229.050865353	190.34977663698373	1928.994816	cloud-23933	TIMEOUT	990.524529578	963.9074294680031	1897.893888	cloud-23933
eca-rers2012/Problem14_label40.yml	false	TIMEOUT	990.477621093	949.3701074389974	1725.476864	cloud-23933	false(unreach-call)	300.518619394	253.73802321200492	2061.176832	cloud-23938	TIMEOUT	990.565853552	957.2176594469929	1670.225920	cloud-23938
eca-rers2012/Problem14_label41.yml	false	TIMEOUT	990.426961483	951.179409411001	1583.910912	cloud-23933	false(unreach-call)	456.266673693	412.99419771900284	2108.788736	cloud-23979	TIMEOUT	990.512969445	964.6157621929888	1594.355712	cloud-23933
eca-rers2012/Problem14_label42.yml	true	true	147.867178043	115.02258978000464	1731.895296	cloud-24259	true	151.205723817	120.261012870993	1517.469696	cloud-23980	TIMEOUT	990.471775609	957.7036839460197	1519.980544	cloud-23938
eca-rers2012/Problem14_label43.yml	false	TIMEOUT	990.673058314	929.4472007840013	2211.160064	cloud-23979	false(unreach-call)	314.951323586	274.47999791501206	2137.653248	cloud-23933	TIMEOUT	990.369150768	961.4538849809906	1596.432384	cloud-23982
eca-rers2012/Problem14_label44.yml	false	TIMEOUT	990.533727179	935.522256901997	1627.082752	cloud-23979	false(unreach-call)	488.621514739	433.9776929540094	2149.998592	cloud-23938	TIMEOUT	990.356562459	958.9730515999836	1561.739264	cloud-23982
eca-rers2012/Problem14_label45.yml	true	TIMEOUT	990.439061789	953.6163582179979	1692.631040	cloud-23933	TIMEOUT	990.986587139	951.8386686340091	1647.665152	cloud-23982	TIMEOUT	990.423264921	959.7138094640104	1730.674688	cloud-23982
eca-rers2012/Problem14_label46.yml	true	TIMEOUT	990.436991214	956.9976743239968	1757.704192	cloud-23979	TIMEOUT	990.440592097	959.1678078419936	1766.281216	cloud-23980	TIMEOUT	990.419263395	959.4992806999944	1698.381824	cloud-23982
eca-rers2012/Problem14_label47.yml	true	true	502.311677113	376.39895531399816	2495.369216	cloud-23933	true	193.645233796	162.02729816301144	1489.371136	cloud-23979	TIMEOUT	990.435145803	958.4030377409945	1389.150208	cloud-23982
eca-rers2012/Problem14_label48.yml	true	TIMEOUT	990.478857085	945.0297943179976	1562.140672	cloud-23933	TIMEOUT	990.503847327	950.8626080169925	1755.914240	cloud-23979	TIMEOUT	990.425411902	960.8349814419926	1665.622016	cloud-23979
eca-rers2012/Problem14_label49.yml	true	true	542.546987038	395.04786979700293	2615.685120	cloud-23933	true	223.197927562	187.52796328999102	1554.616320	cloud-23933	TIMEOUT	990.432873448	962.4143072029983	1589.293056	cloud-23980
eca-rers2012/Problem14_label50.yml	true	TIMEOUT	990.668172798	933.1819090209974	1799.729152	cloud-23933	true	673.712147924	628.5858708120068	1596.657664	cloud-23938	TIMEOUT	990.413760094	960.0599929959862	1482.092544	cloud-23982
eca-rers2012/Problem14_label51.yml	true	TIMEOUT	990.673891913	931.0691046050051	2012.332032	cloud-24259	TIMEOUT	990.463788006	946.9053641599894	2036.690944	cloud-23982	TIMEOUT	990.486914555	956.3500496229972	1754.914816	cloud-23938
eca-rers2012/Problem14_label52.yml	false	TIMEOUT	990.569002588	938.0153120869945	2370.007040	cloud-24259	false(unreach-call)	312.006384422	271.81609542897786	2102.960128	cloud-23979	TIMEOUT	990.432321174	954.6242948079889	1659.662336	cloud-23982
eca-rers2012/Problem14_label53.yml	true	TIMEOUT	990.620436261	922.8842929279999	2034.089984	cloud-23979	TIMEOUT	990.618051701	943.9228711769974	1802.944512	cloud-23938	TIMEOUT	990.468034036	955.7979843389767	1587.892224	cloud-23982
eca-rers2012/Problem14_label54.yml	false	TIMEOUT	990.445436168	948.681308836	1444.782080	cloud-24259	false(unreach-call)	752.593478546	711.388789841003	2000.801792	cloud-23933	TIMEOUT	990.434586074	962.1891201699909	1470.164992	cloud-23980
eca-rers2012/Problem14_label55.yml	true	TIMEOUT	990.527459904	685.8254236909997	2538.057728	cloud-24259	true	683.065276411	644.482850432978	1496.223744	cloud-23980	TIMEOUT	990.442489921	963.0632316349947	1613.344768	cloud-23979
eca-rers2012/Problem14_label56.yml	false	TIMEOUT	990.499555333	951.570281438002	1540.706304	cloud-23933	false(unreach-call)	255.300432361	212.79012318901368	2036.441088	cloud-23979	TIMEOUT	990.503897669	961.2151256600046	1528.307712	cloud-23933
eca-rers2012/Problem14_label57.yml	false	TIMEOUT	990.811908703	924.7706401549949	2388.406272	cloud-23979	false(unreach-call)	264.581777843	222.23480332599138	2182.803456	cloud-23933	TIMEOUT	990.500909132	964.413083210995	1882.513408	cloud-23933
eca-rers2012/Problem14_label58.yml	false	TIMEOUT	990.491053171	949.3695085079962	1545.326592	cloud-24259	TIMEOUT	990.468646169	952.0427257660194	1508.458496	cloud-23979	TIMEOUT	990.452828021	962.7178364139982	1866.563584	cloud-23933
eca-rers2012/Problem14_label59.yml	true	true	200.737338046	159.45266546800121	1527.947264	cloud-23979	true	177.67871114	143.53546322701732	1557.245952	cloud-23979	TIMEOUT	990.364494829	966.2609315750015	1526.685696	cloud-23941
eca-rers2012/Problem15_label00.yml	false	TIMEOUT	990.530816136	954.5574781160103	4552.540160	cloud-23942	TIMEOUT	990.853229146	927.6567655800027	4622.065664	cloud-23938	TIMEOUT	990.780066645	947.9924985080143	4496.175104	cloud-23979
eca-rers2012/Problem15_label01.yml	true	TIMEOUT	990.872726234	935.8755184819966	4461.494272	cloud-23979	TIMEOUT	990.850561531	943.180830658006	4558.151680	cloud-23979	TIMEOUT	990.661150849	944.4874566539947	3618.004992	cloud-23980
eca-rers2012/Problem15_label02.yml	false	TIMEOUT	990.754919535	940.4237368870017	3704.487936	cloud-24259	TIMEOUT	990.892480851	934.9677083749848	4388.536320	cloud-23938	TIMEOUT	990.853785638	932.9322603759938	4438.921216	cloud-23938
eca-rers2012/Problem15_label03.yml	false	false(unreach-call)	394.493663856	340.66058101100134	3519.123456	cloud-24259	false(unreach-call)	405.542143616	346.21783485999913	3499.679744	cloud-23979	TIMEOUT	990.942866964	939.3697602839966	4942.901248	cloud-23933
eca-rers2012/Problem15_label04.yml	true	TIMEOUT	990.835615273	903.4979162399977	4666.851328	cloud-24259	TIMEOUT	990.976485655	927.4490787719842	3873.173504	cloud-23938	TIMEOUT	990.736250082	939.6226503920043	3425.349632	cloud-23982
eca-rers2012/Problem15_label05.yml	true	TIMEOUT	991.046000946	896.6009509719952	3907.002368	cloud-23933	TIMEOUT	991.012843289	923.4034098070115	4247.031808	cloud-23979	TIMEOUT	990.775172826	947.1856944290048	3639.840768	cloud-23979
eca-rers2012/Problem15_label06.yml	true	TIMEOUT	991.085633851	892.4339912930009	4069.445632	cloud-23933	TIMEOUT	990.819162644	935.4739575870044	4576.272384	cloud-23980	TIMEOUT	990.737013709	938.7344859119912	3811.590144	cloud-23982
eca-rers2012/Problem15_label07.yml	false	TIMEOUT	990.847485725	920.2885445969878	5812.527104	cloud-23943	TIMEOUT	990.814296662	920.574570908997	3907.801088	cloud-23982	TIMEOUT	990.578183092	942.111995077983	3359.199232	cloud-23980
eca-rers2012/Problem15_label08.yml	true	TIMEOUT	991.159134957	902.1365108359969	5393.174528	cloud-23979	TIMEOUT	990.790739658	934.6617792049947	4257.579008	cloud-23980	TIMEOUT	990.764286697	944.9203694629832	4397.379584	cloud-23979
eca-rers2012/Problem15_label09.yml	false	TIMEOUT	991.096408998	903.8061025589996	5172.383744	cloud-23979	TIMEOUT	990.75594707	933.642629103997	4159.209472	cloud-23980	TIMEOUT	990.791972918	949.5855697939987	4590.329856	cloud-23933
eca-rers2012/Problem15_label10.yml	true	TIMEOUT	990.912503479	905.6953199060008	4057.260032	cloud-23979	TIMEOUT	990.973272363	922.4601202969789	3687.763968	cloud-23982	TIMEOUT	990.688845734	939.8026316369942	3480.608768	cloud-23933
eca-rers2012/Problem15_label11.yml	true	TIMEOUT	991.054676019	900.8414454069971	4900.098048	cloud-24259	TIMEOUT	990.839653886	921.7578226940241	3890.577408	cloud-23938	TIMEOUT	990.805532392	936.8060603839986	4575.969280	cloud-23980
eca-rers2012/Problem15_label12.yml	true	TIMEOUT	990.844337154	939.8716921800005	4543.889408	cloud-23979	TIMEOUT	990.809169562	936.8538309769938	4456.562688	cloud-23979	TIMEOUT	990.814877073	937.4705951640208	3432.181760	cloud-23982
eca-rers2012/Problem15_label13.yml	true	TIMEOUT	992.25002604	927.83503229497	4944.920576	cloud-23944	TIMEOUT	990.888436415	931.4799821859924	4587.909120	cloud-23980	TIMEOUT	990.903366291	938.9164244900167	4953.288704	cloud-23938
eca-rers2012/Problem15_label14.yml	false	TIMEOUT	992.539396157	914.0082844310018	4646.977536	cloud-24259	false(unreach-call)	837.208613873	762.8083182600094	4502.405120	cloud-23982	TIMEOUT	990.7083888	944.9959799340286	3678.441472	cloud-23979
eca-rers2012/Problem15_label15.yml	false	TIMEOUT	990.710837384	939.9008310520003	4658.692096	cloud-23933	TIMEOUT	990.830311756	930.6048326010059	4478.709760	cloud-23938	TIMEOUT	990.717017581	946.0304933830048	4102.905856	cloud-23980
eca-rers2012/Problem15_label16.yml	true	TIMEOUT	990.584905881	949.6023350880132	3965.378560	cloud-23943	TIMEOUT	990.782189289	938.5610970639973	4548.313088	cloud-23980	TIMEOUT	990.860543087	940.3957709649985	4367.917056	cloud-23938
eca-rers2012/Problem15_label17.yml	true	TIMEOUT	990.768789569	931.3407658630022	3836.993536	cloud-23933	TIMEOUT	990.864933868	934.0129623399989	4394.172416	cloud-23933	TIMEOUT	990.751770143	946.9328758380143	3845.074944	cloud-23980
eca-rers2012/Problem15_label18.yml	false	false(unreach-call)	370.312780713	313.05163192599866	3788.562432	cloud-23979	false(unreach-call)	374.488588563	313.8033421340224	4422.955008	cloud-23938	TIMEOUT	990.847834347	944.1606996050104	4496.535552	cloud-23980
eca-rers2012/Problem15_label19.yml	true	TIMEOUT	990.761397231	932.8051763500007	4359.081984	cloud-23933	TIMEOUT	990.5131183	917.8466917689948	3430.215680	cloud-23933	TIMEOUT	990.698032314	944.4484825359832	3835.781120	cloud-23933
eca-rers2012/Problem15_label20.yml	true	TIMEOUT	990.818313092	943.1667895589999	4906.360832	cloud-23979	TIMEOUT	990.692578588	937.4091915470199	3674.509312	cloud-23980	TIMEOUT	990.816676441	939.432443623984	4718.395392	cloud-23938
eca-rers2012/Problem15_label21.yml	true	TIMEOUT	990.820473409	930.7796796080002	3440.799744	cloud-23933	TIMEOUT	990.684940659	937.1916582520062	3524.755456	cloud-23933	TIMEOUT	990.967602688	934.9764015830006	4210.417664	cloud-23982
eca-rers2012/Problem15_label22.yml	false	TIMEOUT	990.814865727	937.9943862860018	4371.460096	cloud-24259	TIMEOUT	990.807558577	937.9634210510121	3621.904384	cloud-23980	TIMEOUT	990.714407841	935.2966406230116	3763.453952	cloud-23982
eca-rers2012/Problem15_label23.yml	false	TIMEOUT	990.765583648	933.4486809149967	3654.795264	cloud-23979	TIMEOUT	990.821863298	931.2807293639926	3689.721856	cloud-23979	TIMEOUT	990.870762242	936.447766369005	4408.922112	cloud-23982
eca-rers2012/Problem15_label24.yml	true	TIMEOUT	990.620259864	890.9678310969975	4061.097984	cloud-23933	TIMEOUT	990.822649611	927.7951301969879	3754.041344	cloud-23979	TIMEOUT	990.739058873	940.242197168991	3767.201792	cloud-23982
eca-rers2012/Problem15_label25.yml	false	TIMEOUT	991.008083211	907.6133839620015	5108.232192	cloud-24259	TIMEOUT	991.525722378	911.4188140369952	3790.123008	cloud-23982	TIMEOUT	990.779456397	939.6270919700037	4449.878016	cloud-23979
eca-rers2012/Problem15_label26.yml	true	TIMEOUT	990.855735765	932.436143515999	4421.054464	cloud-24259	TIMEOUT	990.806563298	928.812120129005	3974.987776	cloud-23980	TIMEOUT	990.715162403	936.7930275399995	3489.374208	cloud-23982
eca-rers2012/Problem15_label27.yml	true	TIMEOUT	990.916569733	906.6139221899975	4225.994752	cloud-23979	TIMEOUT	990.60410893	940.7958726089855	3786.870784	cloud-23941	TIMEOUT	990.751441357	945.3874041719828	3477.123072	cloud-23979
eca-rers2012/Problem15_label28.yml	true	TIMEOUT	991.134838056	897.7620059459987	4375.973888	cloud-24259	true	819.604902234	760.0327652929991	4202.438656	cloud-23979	TIMEOUT	990.64718589	946.3309949099785	3693.629440	cloud-23933
eca-rers2012/Problem15_label29.yml	false	TIMEOUT	991.082093933	892.0498726639998	4215.635968	cloud-24259	TIMEOUT	990.796317399	930.6353665479983	4018.774016	cloud-23980	TIMEOUT	990.655282111	944.9575861289923	3288.440832	cloud-23980
eca-rers2012/Problem15_label30.yml	false	TIMEOUT	991.141702529	902.7748423430021	5316.091904	cloud-24259	false(unreach-call)	535.371744428	467.58037815600983	3628.191744	cloud-23933	TIMEOUT	990.763492645	938.4744751809922	4525.391872	cloud-23980
eca-rers2012/Problem15_label31.yml	true	TIMEOUT	991.366210471	892.6250803099974	4175.966208	cloud-23933	TIMEOUT	991.188043688	918.719161652989	4496.551936	cloud-23982	TIMEOUT	990.691259486	943.7143752569973	3758.379008	cloud-23979
eca-rers2012/Problem15_label32.yml	true	TIMEOUT	990.770304764	931.785089981	4265.902080	cloud-23979	TIMEOUT	990.698731071	938.4288188320061	4337.537024	cloud-23982	TIMEOUT	990.845066645	942.6296601399954	4331.487232	cloud-23982
eca-rers2012/Problem15_label33.yml	false	TIMEOUT	991.026896489	898.3956466309974	4054.671360	cloud-23933	false(unreach-call)	577.887780494	516.7382820440107	3900.547072	cloud-23979	TIMEOUT	990.746969519	946.6043275039992	4525.723648	cloud-23980
eca-rers2012/Problem15_label34.yml	false	false(unreach-call)	452.298220311	384.54090018200077	4694.151168	cloud-23979	false(unreach-call)	456.085659528	389.66508849701495	4413.440000	cloud-23980	TIMEOUT	990.826957005	948.7685951149906	4569.313280	cloud-23979
eca-rers2012/Problem15_label35.yml	true	TIMEOUT	991.471766633	905.7874665760028	5028.065280	cloud-23979	TIMEOUT	990.716424724	931.5500604279805	3641.163776	cloud-23980	TIMEOUT	990.633745732	941.892379197001	3582.234624	cloud-23982
eca-rers2012/Problem15_label36.yml	true	TIMEOUT	991.09724201	899.7003066549987	4555.509760	cloud-23979	TIMEOUT	990.871521391	932.3180620149942	4346.036224	cloud-23979	TIMEOUT	990.911677534	937.5710538580024	4835.180544	cloud-23938
eca-rers2012/Problem15_label37.yml	false	TIMEOUT	991.289844148	900.4351524029989	4957.696000	cloud-23933	TIMEOUT	990.694046631	933.0817011400068	3570.823168	cloud-23979	TIMEOUT	990.984995507	944.0986481609871	4189.016064	cloud-23982
eca-rers2012/Problem15_label38.yml	false	TIMEOUT	991.538680244	891.4389369580022	4132.872192	cloud-23933	false(unreach-call)	874.935037412	805.3319258659903	3934.638080	cloud-23938	TIMEOUT	990.674934564	940.0409061679966	4478.160896	cloud-23982
eca-rers2012/Problem15_label39.yml	false	TIMEOUT	990.867379197	945.0525628830001	4532.404224	cloud-24259	TIMEOUT	990.729980935	951.4251770570118	4356.759552	cloud-23980	TIMEOUT	990.739719798	939.1276073940098	3924.471808	cloud-23938
eca-rers2012/Problem15_label40.yml	false	TIMEOUT	990.792962626	938.4543322089994	4343.816192	cloud-24259	TIMEOUT	991.229420466	930.3487041059998	4635.439104	cloud-23938	TIMEOUT	990.7271292	945.5110509929946	3536.707584	cloud-23980
eca-rers2012/Problem15_label41.yml	false	TIMEOUT	990.746109746	936.6937356589988	3872.714752	cloud-24259	TIMEOUT	990.769579995	934.1203655120044	3659.681792	cloud-23979	TIMEOUT	990.727418693	945.3211617269844	3817.730048	cloud-23933
eca-rers2012/Problem15_label42.yml	true	TIMEOUT	991.041416391	926.918439639001	4666.888192	cloud-23933	TIMEOUT	990.800301293	940.1146777150279	4585.463808	cloud-23980	TIMEOUT	990.78079121	936.2151609089924	3750.780928	cloud-23982
eca-rers2012/Problem15_label43.yml	true	TIMEOUT	991.236073176	900.500598205	4902.207488	cloud-24259	TIMEOUT	991.017193999	920.5687872279959	4431.077376	cloud-23982	TIMEOUT	990.77284903	944.665309050004	4553.990144	cloud-23979
eca-rers2012/Problem15_label44.yml	true	TIMEOUT	990.806332045	912.4289982280025	4644.233216	cloud-24259	TIMEOUT	990.745051803	930.5171105890186	3936.628736	cloud-23979	TIMEOUT	990.861945511	945.7620192659961	4399.415296	cloud-23979
eca-rers2012/Problem15_label45.yml	false	false(unreach-call)	461.644986652	397.79336506000254	3534.450688	cloud-23933	false(unreach-call)	451.154664709	389.5992894070223	3999.195136	cloud-23933	TIMEOUT	990.688342135	945.2955718690064	3944.153088	cloud-23933
eca-rers2012/Problem15_label46.yml	true	TIMEOUT	991.052039152	895.067572826003	4274.298880	cloud-23933	TIMEOUT	991.098587676	915.3971778969862	4566.945792	cloud-23933	TIMEOUT	990.800607215	936.946614741988	4073.340928	cloud-23938
eca-rers2012/Problem15_label47.yml	false	TIMEOUT	990.92973804	891.7239552090032	3746.537472	cloud-23933	false(unreach-call)	506.668957935	450.13256366099813	4434.497536	cloud-23933	TIMEOUT	990.794756752	938.697951367998	3493.134336	cloud-23982
eca-rers2012/Problem15_label48.yml	false	TIMEOUT	990.697749811	941.1984719110005	3575.304192	cloud-23979	TIMEOUT	990.708262957	927.2565922029899	3546.083328	cloud-23933	TIMEOUT	990.815403357	942.3584621300106	3731.243008	cloud-23933
eca-rers2012/Problem15_label49.yml	true	TIMEOUT	990.554385737	949.9897578799864	4203.266048	cloud-23941	TIMEOUT	990.730419636	934.8703176369891	4086.693888	cloud-23980	TIMEOUT	990.577551621	950.2158123730042	3773.505536	cloud-23979
eca-rers2012/Problem15_label50.yml	false	false(unreach-call)	361.721311068	307.2320228889985	4502.986752	cloud-24259	false(unreach-call)	396.960545555	334.6711840610078	3511.058432	cloud-23933	TIMEOUT	990.726206704	936.4868402040156	4174.692352	cloud-23982
eca-rers2012/Problem15_label51.yml	false	TIMEOUT	992.462622853	910.1227294899945	4647.211008	cloud-23933	false(unreach-call)	720.186999327	642.5857922629802	3710.488576	cloud-23938	TIMEOUT	990.686741022	940.5068764470052	3746.942976	cloud-23982
eca-rers2012/Problem15_label52.yml	true	TIMEOUT	991.324010697	901.2151674289998	4337.192960	cloud-23933	TIMEOUT	990.734514478	932.9442107239738	3797.483520	cloud-23979	TIMEOUT	990.791295115	938.1389593820204	4604.764160	cloud-23982
eca-rers2012/Problem15_label53.yml	true	TIMEOUT	990.745677409	931.718157012001	3632.676864	cloud-23979	TIMEOUT	990.832909776	928.1711606669996	3481.399296	cloud-23938	TIMEOUT	990.7678656	943.9326240189839	3932.737536	cloud-23979
eca-rers2012/Problem15_label54.yml	true	TIMEOUT	991.011373134	917.747813695998	3902.615552	cloud-23933	TIMEOUT	990.986958579	922.9538483950018	4542.107648	cloud-23938	TIMEOUT	990.758329889	947.4834032229846	4910.080000	cloud-23979
eca-rers2012/Problem15_label55.yml	true	TIMEOUT	990.815054608	931.3480043930031	4320.350208	cloud-24259	TIMEOUT	991.000779882	941.7788026219932	5156.610048	cloud-23933	TIMEOUT	990.709244187	942.1650474119815	3552.612352	cloud-23982
eca-rers2012/Problem15_label56.yml	true	TIMEOUT	991.037192364	930.4640426309998	4932.104192	cloud-23933	TIMEOUT	990.85617678	927.9949160279939	3554.181120	cloud-23938	TIMEOUT	990.913831655	941.749150099	3553.378304	cloud-23933
eca-rers2012/Problem15_label57.yml	true	TIMEOUT	990.772216709	932.7315637810025	3525.505024	cloud-23979	TIMEOUT	990.842782894	925.9186624409922	3628.781568	cloud-23979	TIMEOUT	990.640507225	947.3086030039995	4505.186304	cloud-23980
eca-rers2012/Problem15_label58.yml	true	TIMEOUT	990.890916519	926.0914440920023	3849.060352	cloud-23979	TIMEOUT	990.96281073	927.2096953069849	3769.917440	cloud-23933	TIMEOUT	990.645089962	946.814180034009	3473.547264	cloud-23979
eca-rers2012/Problem15_label59.yml	true	TIMEOUT	990.657655069	941.703045358001	4543.295488	cloud-23979	TIMEOUT	990.725991087	939.1604182430019	4147.367936	cloud-23980	TIMEOUT	990.772421848	948.4819397440006	4185.239552	cloud-23980
eca-rers2012/Problem16_label00.yml	false	TIMEOUT	990.614538887	946.4363651239983	3258.302464	cloud-24259	TIMEOUT	990.817960095	938.6009187720192	3535.790080	cloud-23938	TIMEOUT	990.704354415	948.1252224889759	2922.123264	cloud-23933
eca-rers2012/Problem16_label01.yml	false	TIMEOUT	990.763818606	936.4112403979998	2814.488576	cloud-24259	TIMEOUT	990.727350919	936.0204102920252	2804.244480	cloud-23980	TIMEOUT	990.621662225	950.2201451440051	3564.118016	cloud-23980
eca-rers2012/Problem16_label02.yml	true	TIMEOUT	990.779496959	934.9162256950003	3527.569408	cloud-23979	TIMEOUT	990.825462872	934.872914868989	3379.691520	cloud-23938	TIMEOUT	990.621409639	948.1162410530087	3309.039616	cloud-23933
eca-rers2012/Problem16_label03.yml	false	TIMEOUT	990.952703538	913.7322697669952	3835.334656	cloud-24259	TIMEOUT	991.099288654	921.0278456679953	3188.826112	cloud-23979	TIMEOUT	990.684601895	948.5104820349952	3652.702208	cloud-23980
eca-rers2012/Problem16_label04.yml	false	TIMEOUT	990.749799456	907.9782771220016	4005.593088	cloud-23979	TIMEOUT	990.970999781	931.9516051280079	3850.862592	cloud-23980	TIMEOUT	990.596924766	947.256844634976	2958.147584	cloud-23982
eca-rers2012/Problem16_label05.yml	false	TIMEOUT	991.06729026	910.4354362220001	4195.258368	cloud-23979	TIMEOUT	990.86579632	921.9789225250133	2968.326144	cloud-23938	TIMEOUT	990.768911777	940.0391286569939	3441.942528	cloud-23982
eca-rers2012/Problem16_label06.yml	false	TIMEOUT	991.186982413	900.5931279280012	4015.370240	cloud-23933	TIMEOUT	990.784551659	934.7333996670204	3623.002112	cloud-23938	TIMEOUT	990.706178688	950.077147576987	3275.505664	cloud-23980
eca-rers2012/Problem16_label07.yml	true	TIMEOUT	990.766117523	912.8194023320029	3188.637696	cloud-24259	TIMEOUT	990.932440921	924.9995200640114	3700.416512	cloud-23933	TIMEOUT	990.607271644	951.1417433879978	2816.507904	cloud-23980
eca-rers2012/Problem16_label08.yml	false	TIMEOUT	991.016869281	901.4528891410009	3184.205824	cloud-23933	TIMEOUT	990.694656391	944.8586479340156	4071.124992	cloud-23980	TIMEOUT	990.629408084	942.6299878169957	2934.575104	cloud-23982
eca-rers2012/Problem16_label09.yml	true	true	403.349052677	353.7268385749994	3438.170112	cloud-24259	true	458.344245694	404.3525117720128	3399.888896	cloud-23938	TIMEOUT	990.653487472	949.9690327749995	2867.605504	cloud-23979
eca-rers2012/Problem16_label10.yml	true	TIMEOUT	990.472948409	643.9229368579981	4334.481408	cloud-24259	true	480.235104348	423.74902384600136	3586.465792	cloud-23982	TIMEOUT	990.71866289	945.1011159180198	3739.168768	cloud-23933
eca-rers2012/Problem16_label11.yml	true	TIMEOUT	992.541803461	656.8397481930006	3408.539648	cloud-23933	true	429.103219726	379.5774811420124	2803.310592	cloud-23933	TIMEOUT	990.759256616	942.6377383580257	2908.127232	cloud-23938
eca-rers2012/Problem16_label12.yml	true	TIMEOUT	990.482917228	956.494563115004	3176.038400	cloud-23944	true	488.213341353	434.25772840701393	3676.413952	cloud-23938	TIMEOUT	990.695464634	945.995704083005	3810.029568	cloud-23979
eca-rers2012/Problem16_label13.yml	true	TIMEOUT	991.294859078	907.4375252850004	3835.760640	cloud-23979	TIMEOUT	990.89661867	924.2455304390169	3592.359936	cloud-23938	TIMEOUT	990.72645024	952.0645452900208	3352.035328	cloud-23979
eca-rers2012/Problem16_label14.yml	false	TIMEOUT	990.681280506	904.0641124979993	3623.174144	cloud-23933	TIMEOUT	990.628579957	937.6602679920034	3025.895424	cloud-23943	TIMEOUT	990.561214598	944.4023372789961	2935.504896	cloud-23938
eca-rers2012/Problem16_label15.yml	false	TIMEOUT	990.853140555	930.9616773850285	3764.035584	cloud-23941	TIMEOUT	990.841643536	929.7840495429991	3872.894976	cloud-23980	TIMEOUT	990.578528972	941.9146415760042	3381.338112	cloud-23982
eca-rers2012/Problem16_label16.yml	true	TIMEOUT	990.745344777	932.5020688110017	3334.066176	cloud-24259	TIMEOUT	990.718243538	934.6130852799979	3727.253504	cloud-23979	TIMEOUT	990.61392794	953.9592186250084	3581.493248	cloud-23980
eca-rers2012/Problem16_label17.yml	true	TIMEOUT	991.423827674	914.1226076500025	3557.191680	cloud-23979	TIMEOUT	990.759172977	928.5314854159951	3573.538816	cloud-23933	TIMEOUT	990.6331311	953.3348219890031	3369.926656	cloud-23980
eca-rers2012/Problem16_label18.yml	false	TIMEOUT	991.248198668	907.4471487439987	3343.773696	cloud-23979	TIMEOUT	990.89369273	927.2036123759754	3624.022016	cloud-23938	TIMEOUT	990.615766609	948.4955388320086	3536.547840	cloud-23933
eca-rers2012/Problem16_label19.yml	true	TIMEOUT	990.709646754	945.6225176070002	3582.259200	cloud-23943	TIMEOUT	990.764535686	927.5611094769847	3491.459072	cloud-23982	TIMEOUT	990.745155895	947.2248708569969	3682.914304	cloud-23938
eca-rers2012/Problem16_label20.yml	false	TIMEOUT	990.951458676	906.2673014600005	3583.717376	cloud-23933	TIMEOUT	990.726302727	928.9388760599832	3733.348352	cloud-23982	TIMEOUT	990.660471254	943.7150060250133	3047.526400	cloud-23933
eca-rers2012/Problem16_label21.yml	true	TIMEOUT	990.991734646	902.6931543880019	4039.335936	cloud-23979	TIMEOUT	990.656646519	932.5199560349865	2988.441600	cloud-23933	TIMEOUT	990.580390714	947.2511484860152	3408.068608	cloud-23938
eca-rers2012/Problem16_label22.yml	false	TIMEOUT	990.893781056	913.5053054869932	3216.297984	cloud-24259	TIMEOUT	990.785560512	928.9039258729899	3480.518656	cloud-23933	TIMEOUT	990.753870405	943.329966076999	3553.648640	cloud-23938
eca-rers2012/Problem16_label23.yml	true	TIMEOUT	991.013912929	904.4415105019943	3660.423168	cloud-24259	TIMEOUT	990.895643789	932.984176359023	3543.552000	cloud-23980	TIMEOUT	990.729579705	947.3215180679981	3186.442240	cloud-23938
eca-rers2012/Problem16_label24.yml	true	TIMEOUT	990.752115806	936.0900406629953	3410.706432	cloud-24259	TIMEOUT	990.630656769	938.0263317869976	3016.564736	cloud-23980	TIMEOUT	990.68165844	948.3614522090065	3261.947904	cloud-23979
eca-rers2012/Problem16_label25.yml	true	TIMEOUT	990.918967896	902.4687353089976	3755.560960	cloud-23979	TIMEOUT	990.838371288	935.6318469579855	3970.568192	cloud-23980	TIMEOUT	990.748667777	947.6049206030148	3366.551552	cloud-23938
eca-rers2012/Problem16_label26.yml	true	TIMEOUT	991.034564655	907.3197521190014	4008.480768	cloud-23933	TIMEOUT	990.908476327	936.4471682480071	3649.019904	cloud-23980	TIMEOUT	990.662494174	953.3528426309931	3770.748928	cloud-23979
eca-rers2012/Problem16_label27.yml	false	TIMEOUT	990.874671023	913.554428706997	3683.930112	cloud-24259	TIMEOUT	990.760986626	926.779402501008	3355.140096	cloud-23933	TIMEOUT	990.757241895	947.1682779889961	3760.336896	cloud-23938
eca-rers2012/Problem16_label28.yml	true	TIMEOUT	990.768611325	909.1939249049999	3379.871744	cloud-24259	TIMEOUT	990.890449704	931.5893355399894	3582.865408	cloud-23979	TIMEOUT	990.622594655	949.3338846900151	3678.224384	cloud-23979
eca-rers2012/Problem16_label29.yml	true	TIMEOUT	990.799657802	907.3574497449999	3242.491904	cloud-23933	TIMEOUT	990.756940167	924.7061311729776	2957.438976	cloud-23933	TIMEOUT	990.637995698	949.1994248479896	3422.978048	cloud-23980
eca-rers2012/Problem16_label30.yml	false	TIMEOUT	990.805811293	914.4409488009999	3958.857728	cloud-24259	TIMEOUT	990.680430817	942.7631982729945	3238.965248	cloud-23979	TIMEOUT	990.762733686	941.5928747120197	3462.946816	cloud-23933
eca-rers2012/Problem16_label31.yml	false	TIMEOUT	990.924220133	908.4607088140001	3074.404352	cloud-23933	TIMEOUT	990.955996338	929.6524943360128	3611.766784	cloud-23979	TIMEOUT	990.706796452	946.7514898660011	2858.373120	cloud-23938
eca-rers2012/Problem16_label32.yml	true	TIMEOUT	990.896913938	905.6869463350013	3558.260736	cloud-23933	TIMEOUT	990.979573735	927.2734112349863	3452.006400	cloud-23938	TIMEOUT	990.806497689	947.1497802750091	3268.816896	cloud-23938
eca-rers2012/Problem16_label33.yml	false	TIMEOUT	991.027161135	904.1993185469983	3091.140608	cloud-23933	TIMEOUT	990.774553799	929.713860562013	2942.722048	cloud-23979	TIMEOUT	990.834044084	942.1344666329969	3390.459904	cloud-23938
eca-rers2012/Problem16_label34.yml	true	TIMEOUT	991.072172055	907.9940830849991	4295.020544	cloud-23933	TIMEOUT	991.051233373	928.999399762979	3195.961344	cloud-23980	TIMEOUT	990.62218623	951.31660542998	3647.475712	cloud-23979
eca-rers2012/Problem16_label35.yml	true	TIMEOUT	991.341818392	905.6011726769975	3740.557312	cloud-23933	TIMEOUT	990.884824743	924.913829846977	3851.485184	cloud-23938	TIMEOUT	990.545697504	949.5697919179802	3269.459968	cloud-23979
eca-rers2012/Problem16_label36.yml	true	TIMEOUT	991.316613926	787.9131443140213	4453.781504	cloud-23939	TIMEOUT (true)	959.873255543	906.8143464890018	3239.378944	cloud-23933	TIMEOUT	990.617893106	943.539307397994	3065.757696	cloud-23982
eca-rers2012/Problem16_label37.yml	false	TIMEOUT	990.826781855	931.4189748060016	3073.974272	cloud-23933	TIMEOUT	990.627157415	936.2802766330133	3798.163456	cloud-23933	TIMEOUT	990.753076855	942.8111487579881	2926.735360	cloud-23938
eca-rers2012/Problem16_label38.yml	false	TIMEOUT	991.111671202	904.9996872170013	3502.845952	cloud-23933	TIMEOUT	990.853541835	925.6980770840019	3716.427776	cloud-23982	TIMEOUT	990.655415676	955.421870791004	3468.791808	cloud-23980
eca-rers2012/Problem16_label39.yml	true	TIMEOUT	990.93170099	928.9669935999991	2920.361984	cloud-23933	TIMEOUT	990.670412753	929.8977358860138	3622.752256	cloud-23982	TIMEOUT	990.632855429	948.3876862369943	3203.534848	cloud-23980
eca-rers2012/Problem16_label40.yml	true	TIMEOUT	990.584216053	941.058356645	3389.788160	cloud-23979	TIMEOUT	990.836118022	931.8651660910109	3816.964096	cloud-23980	TIMEOUT	990.777168977	946.2271098979982	2942.611456	cloud-23938
eca-rers2012/Problem16_label41.yml	false	TIMEOUT	990.543223762	904.9338777609992	3250.786304	cloud-24259	TIMEOUT	990.752903718	940.2092965550255	3896.254464	cloud-23980	TIMEOUT	990.620335477	941.0836981959874	2879.074304	cloud-23982
eca-rers2012/Problem16_label42.yml	true	TIMEOUT	991.296271511	904.1778607410015	3801.497600	cloud-24259	TIMEOUT	990.834710746	929.2742436769768	3660.513280	cloud-23933	TIMEOUT	990.751209334	949.7736252759933	3188.875264	cloud-23979
eca-rers2012/Problem16_label43.yml	false	TIMEOUT	990.687745363	932.639313674008	3114.192896	cloud-23941	TIMEOUT	990.744056474	925.9871423129807	3129.446400	cloud-23938	TIMEOUT	990.549306745	943.5578910729964	3139.555328	cloud-23982
eca-rers2012/Problem16_label44.yml	false	TIMEOUT	990.54449742	908.9939040279969	3411.058688	cloud-23933	TIMEOUT	990.604645143	941.086158791004	3705.397248	cloud-23933	TIMEOUT	990.536972573	948.4021919190127	3105.484800	cloud-23933
eca-rers2012/Problem16_label45.yml	true	TIMEOUT	991.0950942	910.0003071010069	3345.825792	cloud-24259	TIMEOUT	990.789820884	931.1033398179861	3747.454976	cloud-23982	TIMEOUT	990.696561521	952.9388566609996	3768.213504	cloud-23933
eca-rers2012/Problem16_label46.yml	false	TIMEOUT	990.746743469	926.175493910996	2917.277696	cloud-23933	TIMEOUT	990.711507778	933.9263483899995	3876.196352	cloud-23980	TIMEOUT	990.636469286	949.4064856109908	2979.086336	cloud-23933
eca-rers2012/Problem16_label47.yml	true	true	244.731772817	211.51595524098957	3479.699456	cloud-23941	true	295.936260514	248.08190771299996	3513.868288	cloud-23979	TIMEOUT	990.546829767	940.4806171610253	3005.067264	cloud-23982
eca-rers2012/Problem16_label48.yml	true	true	316.935145789	266.25980536000134	3859.435520	cloud-23979	true	376.152338497	323.8020620929892	3508.391936	cloud-23938	TIMEOUT	990.724571171	951.3848728669982	3878.395904	cloud-23979
eca-rers2012/Problem16_label49.yml	true	true	323.552036557	271.4110752500055	3965.300736	cloud-24259	TIMEOUT	990.822857213	944.2539042069984	3515.826176	cloud-23979	TIMEOUT	990.70576757	947.552307653008	3057.565696	cloud-23933
eca-rers2012/Problem16_label50.yml	true	true	329.635163836	282.6969979150017	3073.732608	cloud-23979	true	341.902453983	294.9086105360184	3410.792448	cloud-23933	TIMEOUT	990.612052919	947.2171770999848	2979.516416	cloud-23979
eca-rers2012/Problem16_label51.yml	false	TIMEOUT	990.849246262	926.571376437998	3782.311936	cloud-23979	TIMEOUT	990.780127909	928.0705892629921	3684.634624	cloud-23938	TIMEOUT	990.677642926	947.8349843219912	2839.445504	cloud-23980
eca-rers2012/Problem16_label52.yml	false	TIMEOUT	990.761157464	903.2700330449989	4721.070080	cloud-24259	TIMEOUT	990.690141351	928.0736767089984	3179.765760	cloud-23982	TIMEOUT	990.619081691	951.9843873249774	2801.524736	cloud-23941
eca-rers2012/Problem16_label53.yml	true	TIMEOUT	991.036187287	906.6315298370027	4004.601856	cloud-23933	TIMEOUT	990.903792988	931.4289710870071	3731.628032	cloud-23933	TIMEOUT	990.805745267	942.9836223519815	3934.257152	cloud-23938
eca-rers2012/Problem16_label54.yml	false	TIMEOUT	990.888235245	910.875878048002	3649.183744	cloud-23933	TIMEOUT	990.718689058	931.5641954239982	2674.462720	cloud-23979	TIMEOUT	990.813836053	937.0865369890234	3791.224832	cloud-23938
eca-rers2012/Problem16_label55.yml	true	TIMEOUT	992.476097448	665.4814471589998	4286.238720	cloud-24259	true	565.211809522	507.64999892699416	3034.443776	cloud-23982	TIMEOUT	990.698269658	942.3465862620214	3633.397760	cloud-23982
eca-rers2012/Problem16_label56.yml	true	TIMEOUT	992.482426829	672.4192646200027	4199.436288	cloud-24259	true	478.706520036	429.3967967039789	3198.513152	cloud-23979	TIMEOUT	990.846932386	941.1361512290023	3940.188160	cloud-23938
eca-rers2012/Problem16_label57.yml	true	TIMEOUT	990.25724872	644.533810672001	4051.939328	cloud-23939	true	493.070506924	442.07896934999735	3197.902848	cloud-23933	TIMEOUT	990.651254711	953.1140086590021	2755.502080	cloud-23933
eca-rers2012/Problem16_label58.yml	true	TIMEOUT	992.377968406	673.9432763250006	3712.462848	cloud-24259	true	561.828616006	504.8509913480084	3797.835776	cloud-23938	TIMEOUT	990.870073389	941.5949402090046	3073.855488	cloud-23982
eca-rers2012/Problem16_label59.yml	true	TIMEOUT	992.253467347	709.1041838070014	3487.674368	cloud-24259	true	657.278022055	595.3510115340177	3769.434112	cloud-23938	TIMEOUT	990.644737311	945.2115635360242	3742.236672	cloud-23938
eca-rers2012/Problem17_label00.yml	true	TIMEOUT	990.837756731	929.5160833310001	4347.355136	cloud-23933	TIMEOUT	991.450808833	933.0209363400063	6291.361792	cloud-23982	TIMEOUT	990.825618911	927.2017828030221	4583.129088	cloud-23982
eca-rers2012/Problem17_label01.yml	true	TIMEOUT	990.883220114	937.5802864249999	4485.218304	cloud-24259	TIMEOUT	990.819756411	929.4650707220135	5584.994304	cloud-23982	TIMEOUT	990.736911044	948.8353594930086	4456.349696	cloud-23941
eca-rers2012/Problem17_label02.yml	true	TIMEOUT	990.888753564	936.9880333850015	4519.325696	cloud-24259	TIMEOUT	990.73960749	934.9711687689996	4612.087808	cloud-23933	TIMEOUT	990.777291934	930.215016792994	4523.749376	cloud-23982
eca-rers2012/Problem17_label03.yml	true	TIMEOUT	990.965538582	929.758642570996	4672.655360	cloud-24259	TIMEOUT	990.844344226	933.722268070007	4489.330688	cloud-23979	TIMEOUT	990.612578799	937.1596423849987	4154.753024	cloud-23980
eca-rers2012/Problem17_label04.yml	false	TIMEOUT	990.92820548	937.990871410002	4370.231296	cloud-23933	TIMEOUT	990.690118329	946.0454814420082	5137.870848	cloud-23979	TIMEOUT	990.879976336	932.3855945520045	4644.306944	cloud-23933
eca-rers2012/Problem17_label05.yml	true	TIMEOUT	990.838375093	933.8243624230017	4480.741376	cloud-23979	TIMEOUT	990.795117835	935.9150774459995	4460.306432	cloud-23933	TIMEOUT	990.802016694	928.5854850809847	4558.307328	cloud-23938
eca-rers2012/Problem17_label06.yml	true	TIMEOUT	990.986804728	937.1345975170007	6034.128896	cloud-24259	TIMEOUT	990.792977801	939.0264250779874	4487.528448	cloud-23980	TIMEOUT	990.856078105	938.151073607005	4612.440064	cloud-23979
eca-rers2012/Problem17_label07.yml	false	TIMEOUT	990.717056457	932.5726330000034	4443.639808	cloud-23979	TIMEOUT	990.94625579	933.5334784849838	6360.231936	cloud-23979	TIMEOUT	990.729697908	939.2732478560065	4454.699008	cloud-23979
eca-rers2012/Problem17_label08.yml	true	TIMEOUT	991.009386298	931.8740246720045	4978.470912	cloud-23933	TIMEOUT	990.81099945	928.4002925710229	4483.821568	cloud-23933	TIMEOUT	990.932813101	936.3010314610146	5021.216768	cloud-23979
eca-rers2012/Problem17_label09.yml	false	TIMEOUT	991.184627642	937.6599855500026	6612.656128	cloud-24259	TIMEOUT	990.85073344	934.7254983620078	4442.136576	cloud-23938	TIMEOUT	990.891492047	931.6675532310037	5402.210304	cloud-23982
eca-rers2012/Problem17_label10.yml	true	TIMEOUT	990.640915673	950.6625373710413	4537.810944	cloud-23943	TIMEOUT	990.778490113	929.2805818489869	4661.846016	cloud-23982	TIMEOUT	990.7896742	937.1457807590195	4565.688320	cloud-23979
eca-rers2012/Problem17_label11.yml	true	TIMEOUT	990.95115841	930.9656002219999	5070.221312	cloud-24259	TIMEOUT	990.876810311	930.6325468279829	4425.646080	cloud-23980	TIMEOUT	990.824853893	931.705092772987	4529.143808	cloud-23938
eca-rers2012/Problem17_label12.yml	true	TIMEOUT	990.816014695	936.1457515229995	4426.895360	cloud-24259	TIMEOUT	991.085196221	928.944351787999	5585.244160	cloud-23938	TIMEOUT	990.725249014	931.4799745769997	4572.020736	cloud-23982
eca-rers2012/Problem17_label13.yml	false	TIMEOUT	991.007497184	908.1087469199992	4827.209728	cloud-24259	TIMEOUT	990.867457662	940.544821472984	5285.302272	cloud-23980	TIMEOUT	990.944154235	920.2281194070238	4851.994624	cloud-23938
eca-rers2012/Problem17_label14.yml	true	TIMEOUT	990.875271647	934.702531439998	4812.378112	cloud-23933	TIMEOUT	990.870516255	937.7859675450018	4539.932672	cloud-23933	TIMEOUT	990.815304008	938.6083553520148	4617.842688	cloud-23979
eca-rers2012/Problem17_label15.yml	true	TIMEOUT	990.83633041	930.1886886370048	4388.552704	cloud-23979	TIMEOUT	990.781261657	934.3635808819963	4273.737728	cloud-23938	TIMEOUT	990.94076526	924.2746007290261	4564.148224	cloud-23938
eca-rers2012/Problem17_label16.yml	false	TIMEOUT	990.858823545	930.5501275700008	4839.133184	cloud-24259	TIMEOUT	991.091318747	929.2590561169782	5648.711680	cloud-23938	TIMEOUT	990.892526793	933.3339434069931	4873.887744	cloud-23980
eca-rers2012/Problem17_label17.yml	true	TIMEOUT	990.808433985	942.0196839199998	4913.774592	cloud-23979	TIMEOUT	990.820993251	939.0770796060096	4473.102336	cloud-23933	TIMEOUT	990.821167505	931.2230054189858	4742.025216	cloud-23933
eca-rers2012/Problem17_label18.yml	true	TIMEOUT	990.819002504	936.4022786799978	4538.671104	cloud-24259	TIMEOUT	990.816126519	937.144597542996	4559.351808	cloud-23933	TIMEOUT	990.758401264	935.3605528360058	4863.578112	cloud-23938
eca-rers2012/Problem17_label19.yml	true	TIMEOUT	990.860747522	927.2617210880017	4587.560960	cloud-23933	TIMEOUT	990.851085593	933.1651424570009	5626.380288	cloud-23982	TIMEOUT	990.764518231	943.6906858120055	4570.263552	cloud-23980
eca-rers2012/Problem17_label20.yml	false	TIMEOUT	990.50759509	955.157888768008	4613.193728	cloud-23941	TIMEOUT	990.857790945	937.8587370979949	5284.368384	cloud-23980	TIMEOUT	991.080707846	927.2675536560128	5656.174592	cloud-23938
eca-rers2012/Problem17_label21.yml	true	TIMEOUT	990.513183521	951.5519748540246	4453.076992	cloud-23941	TIMEOUT	990.877120966	932.2868040470057	4195.778560	cloud-23982	TIMEOUT	991.197682112	936.444475241995	5706.465280	cloud-23933
eca-rers2012/Problem17_label22.yml	true	TIMEOUT	990.831803307	934.3930697809992	4499.697664	cloud-23979	TIMEOUT	990.822006785	941.3966344369983	4557.107200	cloud-23979	TIMEOUT	990.998425581	936.8479206589982	5538.430976	cloud-23938
eca-rers2012/Problem17_label23.yml	false	TIMEOUT	990.693383396	925.2650573339997	4476.182528	cloud-23979	TIMEOUT	991.245539362	924.8287359029928	5475.692544	cloud-23979	TIMEOUT	990.965591888	933.6659500160022	5843.365888	cloud-23938
eca-rers2012/Problem17_label24.yml	true	TIMEOUT	990.844640861	934.3112306109979	4345.958400	cloud-23979	TIMEOUT	991.044010908	932.334471596987	4652.269568	cloud-23938	TIMEOUT	990.850091951	933.1590447000053	4991.528960	cloud-23982
eca-rers2012/Problem17_label25.yml	false	TIMEOUT	990.875038181	938.5424414330009	5124.722688	cloud-23979	TIMEOUT	990.847426186	938.463328044978	4450.598912	cloud-23938	TIMEOUT	991.039479664	932.3623800839996	5205.315584	cloud-23982
eca-rers2012/Problem17_label26.yml	false	TIMEOUT	990.803099063	942.3113123790026	4530.401280	cloud-24259	TIMEOUT	990.775977658	941.7453579769935	4445.405184	cloud-23979	TIMEOUT	991.126614844	942.394833747996	5349.330944	cloud-23980
eca-rers2012/Problem17_label27.yml	true	TIMEOUT	990.857917848	937.5044470830035	4644.241408	cloud-23979	TIMEOUT	990.882054882	936.460355734016	4664.877056	cloud-23979	TIMEOUT	990.841929509	932.1602411520144	5447.413760	cloud-23933
eca-rers2012/Problem17_label28.yml	true	TIMEOUT	990.83893731	931.0317855829999	4441.239552	cloud-24259	TIMEOUT	990.81674262	938.3263404800091	4439.240704	cloud-23979	TIMEOUT	990.661329507	943.4449940279883	4405.624832	cloud-23980
eca-rers2012/Problem17_label29.yml	true	TIMEOUT	990.726426233	933.6217518779995	4548.296704	cloud-24259	TIMEOUT	990.943695274	939.9033837490133	5943.197696	cloud-23979	TIMEOUT	990.830211776	938.1095063420071	4612.521984	cloud-23979
eca-rers2012/Problem17_label30.yml	false	TIMEOUT	990.82249484	939.4813199700038	5808.058368	cloud-24259	TIMEOUT	990.977107253	928.8004068640003	5107.728384	cloud-23938	TIMEOUT	991.198266012	932.2387561080104	6925.008896	cloud-23980
eca-rers2012/Problem17_label31.yml	false	TIMEOUT	991.04551267	931.4643475439989	4502.654976	cloud-24259	TIMEOUT	990.884320158	937.2719145790034	4519.297024	cloud-23980	TIMEOUT	991.112255243	933.4949799199821	5375.373312	cloud-23982
eca-rers2012/Problem17_label32.yml	true	TIMEOUT	990.744314269	940.9878889880019	4350.623744	cloud-24259	TIMEOUT	990.873272308	928.7983833960025	4537.905152	cloud-23938	TIMEOUT	990.781360101	937.0490057519928	4783.509504	cloud-23938
eca-rers2012/Problem17_label33.yml	false	TIMEOUT	990.732255479	942.6778313529976	5866.938368	cloud-24259	TIMEOUT	991.069951688	941.3195856609964	6006.947840	cloud-23980	TIMEOUT	990.968974765	940.4140017130121	5341.335552	cloud-23979
eca-rers2012/Problem17_label34.yml	false	TIMEOUT	990.827803375	932.0221828219946	4663.975936	cloud-23979	TIMEOUT	990.87162946	936.2569320850016	5489.295360	cloud-23982	TIMEOUT	990.719100384	942.3421561910072	5342.101504	cloud-23933
eca-rers2012/Problem17_label35.yml	false	TIMEOUT	990.971135163	926.8650949989969	4606.779392	cloud-23979	TIMEOUT	990.80623011	938.5908821339835	4597.092352	cloud-23933	TIMEOUT	991.141591552	929.9640592130017	5660.807168	cloud-23982
eca-rers2012/Problem17_label36.yml	true	TIMEOUT	990.84810342	937.9268705200011	4503.388160	cloud-23979	TIMEOUT	990.707051554	936.1043213519733	4386.271232	cloud-23980	TIMEOUT	990.905494721	921.501406595984	4817.530880	cloud-23938
eca-rers2012/Problem17_label37.yml	false	TIMEOUT	990.788758884	929.6584852849992	4533.948416	cloud-23933	TIMEOUT	990.79677903	938.6049274649995	4351.815680	cloud-23933	TIMEOUT	990.810213193	937.3440631109988	4468.985856	cloud-23933
eca-rers2012/Problem17_label38.yml	true	TIMEOUT	990.660362649	943.4719177249935	4486.541312	cloud-23943	TIMEOUT	990.879138725	938.3416631660075	4651.884544	cloud-23933	TIMEOUT	991.056200211	927.5827849250054	5131.816960	cloud-23938
eca-rers2012/Problem17_label39.yml	true	TIMEOUT	990.956324172	937.9510160050049	5519.032320	cloud-24259	TIMEOUT	990.833329547	931.9516487820074	4555.563008	cloud-23938	TIMEOUT	991.009124868	937.8877955219941	4437.770240	cloud-23933
eca-rers2012/Problem17_label40.yml	false	TIMEOUT	990.950601834	930.800735290999	5789.577216	cloud-23933	TIMEOUT	991.021873754	933.8993263999873	4332.687360	cloud-23982	TIMEOUT	990.783501903	937.0212985860126	4589.899776	cloud-23980
eca-rers2012/Problem17_label41.yml	true	TIMEOUT	990.710003189	938.4523442760001	4213.788672	cloud-24259	TIMEOUT	990.988940454	935.8527718279802	4683.726848	cloud-23979	TIMEOUT	991.040163131	930.073590140004	5738.954752	cloud-23982
eca-rers2012/Problem17_label42.yml	true	TIMEOUT	990.835248299	938.3037740139989	5322.199040	cloud-24259	TIMEOUT	990.804170296	943.3298545939906	4401.717248	cloud-23979	TIMEOUT	990.948815245	930.7245668940013	5790.351360	cloud-23938
eca-rers2012/Problem17_label43.yml	true	TIMEOUT	990.771797704	932.8119438229987	4358.922240	cloud-24259	TIMEOUT	990.745247306	937.3925121119828	4467.503104	cloud-23980	TIMEOUT	990.863021516	929.458652227011	4610.048000	cloud-23938
eca-rers2012/Problem17_label44.yml	true	TIMEOUT	990.912707232	932.7289167100025	4520.669184	cloud-23933	TIMEOUT	990.777787546	940.628368531994	4661.682176	cloud-23933	TIMEOUT	990.876463448	928.5151007119857	4915.138560	cloud-23982
eca-rers2012/Problem17_label45.yml	true	TIMEOUT	990.914908115	929.8737685880042	4593.082368	cloud-23933	TIMEOUT	990.779575019	937.2550249360211	4672.073728	cloud-23979	TIMEOUT	990.940011091	939.6952139270143	4619.272192	cloud-23979
eca-rers2012/Problem17_label46.yml	false	TIMEOUT	990.778724838	935.826213995002	4544.708608	cloud-23933	TIMEOUT	990.920859629	937.1380201930006	4475.654144	cloud-23938	TIMEOUT	990.82369475	941.3719617000024	4698.083328	cloud-23980
eca-rers2012/Problem17_label47.yml	true	TIMEOUT	990.571037357	950.7047126190155	4453.715968	cloud-23940	TIMEOUT	990.7753212	936.735600089014	4384.829440	cloud-23980	TIMEOUT	990.747632999	939.487103669002	4730.437632	cloud-23980
eca-rers2012/Problem17_label48.yml	true	TIMEOUT	990.84287661	928.601043183	4337.426432	cloud-23933	TIMEOUT	990.96333984	932.1472819269984	4396.150784	cloud-23982	TIMEOUT	990.755947066	937.9467093939893	4752.371712	cloud-23980
eca-rers2012/Problem17_label49.yml	false	TIMEOUT	990.878234078	937.6558038820003	4473.090048	cloud-23979	TIMEOUT	990.802507648	933.4207467039814	4460.888064	cloud-23938	TIMEOUT	991.004394947	933.4790340930049	6582.726656	cloud-23980
eca-rers2012/Problem17_label50.yml	false	TIMEOUT	991.374998219	935.9541116879991	6261.211136	cloud-23933	TIMEOUT	990.820861934	939.9826628800074	4600.692736	cloud-23980	TIMEOUT	990.931063937	926.5943154669949	4686.901248	cloud-23982
eca-rers2012/Problem17_label51.yml	true	TIMEOUT	990.526008381	952.3555816320004	4234.051584	cloud-23942	TIMEOUT	991.104554015	926.0289380559989	4443.852800	cloud-23938	TIMEOUT	990.892593519	928.3080968279974	5058.256896	cloud-23982
eca-rers2012/Problem17_label52.yml	false	TIMEOUT	990.832646331	932.073225786	4312.055808	cloud-23933	TIMEOUT	990.828677217	936.5872367970005	4507.598848	cloud-23979	TIMEOUT	990.922868865	930.3082263839897	4872.806400	cloud-23938
eca-rers2012/Problem17_label53.yml	false	TIMEOUT	990.8750674	929.4613785350011	4779.212800	cloud-23933	TIMEOUT	990.80421146	940.1584400479915	4410.658816	cloud-23979	TIMEOUT	990.897072208	929.4221139939909	5038.178304	cloud-23982
eca-rers2012/Problem17_label54.yml	false	TIMEOUT	991.107388281	937.1715478569968	4630.597632	cloud-23979	TIMEOUT	990.786794484	934.415174631984	4435.914752	cloud-23938	TIMEOUT	991.256336678	936.3076592949801	6406.529024	cloud-23938
eca-rers2012/Problem17_label55.yml	false	TIMEOUT	990.734425158	935.3108608119983	5647.839232	cloud-23979	TIMEOUT	990.799267298	925.2278104650031	4400.640000	cloud-23933	TIMEOUT	991.130778519	926.1496557790088	5853.310976	cloud-23938
eca-rers2012/Problem17_label56.yml	true	TIMEOUT	990.862623585	935.1615308019973	4618.174464	cloud-24259	TIMEOUT	990.724229818	938.9896457350114	4616.187904	cloud-23980	TIMEOUT	990.743161155	928.1049341640028	4553.580544	cloud-23982
eca-rers2012/Problem17_label57.yml	false	TIMEOUT	990.798603853	928.243988245	4531.085312	cloud-23933	TIMEOUT	990.762771054	941.7833257429884	4732.092416	cloud-23982	TIMEOUT	990.952788679	936.4582815890026	5908.320256	cloud-23980
eca-rers2012/Problem17_label58.yml	true	TIMEOUT	990.728691923	929.9569888190017	4446.269440	cloud-23933	TIMEOUT	991.005571456	939.426998838986	4113.481728	cloud-23980	TIMEOUT	990.841577671	934.2050727010064	4824.625152	cloud-23979
eca-rers2012/Problem17_label59.yml	true	TIMEOUT	990.855701503	929.0931335690002	4659.888128	cloud-24259	TIMEOUT	991.044823306	928.3517449609935	4776.079360	cloud-23933	TIMEOUT	990.895397638	937.6614305739931	4405.227520	cloud-23938
eca-rers2012/Problem18_label00.yml	false	TIMEOUT	991.055992052	915.3662594460002	6949.326848	cloud-23979	TIMEOUT	991.44594139	917.7415949970018	5060.894720	cloud-23980	TIMEOUT	990.804758158	930.6486433899845	5228.122112	cloud-23982
eca-rers2012/Problem18_label01.yml	false	TIMEOUT	991.017319512	918.8852810710014	4739.489792	cloud-24259	TIMEOUT	991.021045149	915.1199112549948	4782.665728	cloud-23980	TIMEOUT	990.897653163	935.5629807639925	6965.350400	cloud-23933
eca-rers2012/Problem18_label02.yml	true	TIMEOUT	991.121251538	911.2986443379996	5760.700416	cloud-24259	TIMEOUT	992.321644062	867.3463446609967	4726.411264	cloud-23938	TIMEOUT	990.914660642	938.0351126529858	4963.721216	cloud-23979
eca-rers2012/Problem18_label03.yml	false	TIMEOUT	990.772072863	908.0841806250028	5513.994240	cloud-23979	TIMEOUT	991.141236188	909.5304572599998	4962.189312	cloud-23938	TIMEOUT	991.047335392	932.8661583799985	4965.371904	cloud-23938
eca-rers2012/Problem18_label04.yml	true	TIMEOUT	990.803926667	927.165958206002	5480.800256	cloud-23979	TIMEOUT	990.946702092	934.514946811978	4802.293760	cloud-23979	TIMEOUT	990.903784703	929.1478923399991	6347.976704	cloud-23982
eca-rers2012/Problem18_label05.yml	true	TIMEOUT	991.04613107	913.1391622289957	4956.270592	cloud-23933	TIMEOUT	991.251131599	911.1258026089927	5339.713536	cloud-23982	TIMEOUT	990.889331265	927.0693355080148	5512.605696	cloud-23982
eca-rers2012/Problem18_label06.yml	false	TIMEOUT	991.550062509	922.7061444370047	5008.347136	cloud-24259	TIMEOUT	991.087548585	924.0800950870034	6476.038144	cloud-23979	TIMEOUT	991.011441153	928.9058788109978	5521.920000	cloud-23982
eca-rers2012/Problem18_label07.yml	true	TIMEOUT	990.770376332	918.7779494630013	4650.762240	cloud-24259	TIMEOUT	990.939457643	921.4382443839859	4731.842560	cloud-23980	TIMEOUT	990.773986543	936.6061375789868	4880.330752	cloud-23933
eca-rers2012/Problem18_label08.yml	false	TIMEOUT	990.825477349	914.9428762499992	4941.565952	cloud-23933	TIMEOUT	991.011616329	920.0147534620191	5957.525504	cloud-23979	TIMEOUT	990.837046888	930.5903078949777	4862.537728	cloud-23982
eca-rers2012/Problem18_label09.yml	false	TIMEOUT	991.091029337	912.170308863002	4863.504384	cloud-23933	TIMEOUT	990.839334416	923.619777326996	4976.263168	cloud-23980	TIMEOUT	990.932005434	934.1658252929919	4907.442176	cloud-23938
eca-rers2012/Problem18_label10.yml	false	TIMEOUT	991.109872161	915.2676717489958	5434.707968	cloud-23979	TIMEOUT	990.867828633	928.7603754319716	5387.898880	cloud-23940	TIMEOUT	990.948578487	920.1215411620215	4954.861568	cloud-23938
eca-rers2012/Problem18_label11.yml	true	TIMEOUT	990.823029182	916.883010876998	5262.614528	cloud-24259	TIMEOUT	991.047210744	918.5742024869833	4943.650816	cloud-23933	TIMEOUT	990.817807336	939.0542401929852	4815.020032	cloud-23979
eca-rers2012/Problem18_label12.yml	false	TIMEOUT	990.918779521	914.3940157009965	4606.062592	cloud-23933	TIMEOUT	990.932866836	915.293803041015	4722.253824	cloud-23980	TIMEOUT	990.837062752	933.535609722021	5070.323712	cloud-23938
eca-rers2012/Problem18_label13.yml	true	TIMEOUT	991.067850715	914.458069555003	4915.392512	cloud-23933	TIMEOUT	991.367581255	916.5370441529958	5190.184960	cloud-23982	TIMEOUT	990.79565569	939.471284528001	5321.658368	cloud-23980
eca-rers2012/Problem18_label14.yml	true	TIMEOUT	990.956704228	926.1445518050023	4790.190080	cloud-24259	TIMEOUT	990.753226694	931.7074914389814	4843.331584	cloud-23979	TIMEOUT	990.818190693	925.2115752199898	4885.274624	cloud-23933
eca-rers2012/Problem18_label15.yml	true	TIMEOUT	991.210851696	913.2698937370005	4952.317952	cloud-23933	TIMEOUT	991.124650193	903.4439626979874	5131.341824	cloud-23982	TIMEOUT	990.747364588	941.5324924130109	4756.979712	cloud-23979
eca-rers2012/Problem18_label16.yml	true	TIMEOUT	990.942597978	920.124874137	5661.323264	cloud-23979	TIMEOUT	991.054281412	919.5359056750021	6349.225984	cloud-23982	TIMEOUT	990.811530318	936.8761025239946	5127.098368	cloud-23933
eca-rers2012/Problem18_label17.yml	true	TIMEOUT	990.997219695	918.6989997420023	5861.306368	cloud-24259	TIMEOUT	991.004735303	915.5806987469841	4776.316928	cloud-23979	TIMEOUT	990.932880033	938.5572483690048	5073.141760	cloud-23979
eca-rers2012/Problem18_label18.yml	true	TIMEOUT	990.717359382	928.0331455899868	4780.113920	cloud-23944	TIMEOUT	990.935769296	916.9836728830123	4748.742656	cloud-23979	TIMEOUT	990.870517297	927.392353112984	5124.669440	cloud-23933
eca-rers2012/Problem18_label19.yml	false	TIMEOUT	990.817761062	928.7379144610022	5024.792576	cloud-24259	TIMEOUT	991.135167344	904.9218563360046	5477.720064	cloud-23933	TIMEOUT	990.833614441	941.5486928099999	4958.785536	cloud-23980
eca-rers2012/Problem18_label20.yml	false	TIMEOUT	990.970185641	910.7135115340025	6189.973504	cloud-23933	TIMEOUT	990.936623765	918.7808956700028	6031.253504	cloud-23938	TIMEOUT	990.950866471	938.1233326570073	5908.754432	cloud-23933
eca-rers2012/Problem18_label21.yml	true	TIMEOUT	991.159338849	915.4937751529942	5534.343168	cloud-23933	TIMEOUT	991.174504624	917.9158249149914	6842.150912	cloud-23982	TIMEOUT	990.79327353	938.8956817759899	4791.828480	cloud-23979
eca-rers2012/Problem18_label22.yml	true	TIMEOUT	990.968770031	924.2186941850014	4547.334144	cloud-23979	TIMEOUT	991.214581222	909.6437769439945	5102.256128	cloud-23938	TIMEOUT	990.816188408	937.9350446830213	4805.656576	cloud-23979
eca-rers2012/Problem18_label23.yml	true	TIMEOUT	990.922581699	911.307475782	5153.427456	cloud-23979	TIMEOUT	991.137329759	915.8143383160059	6053.064704	cloud-23982	TIMEOUT	990.851817871	934.8090608530038	4828.020736	cloud-23982
eca-rers2012/Problem18_label24.yml	true	TIMEOUT	990.815204451	909.6844654980014	4814.147584	cloud-23933	TIMEOUT	991.120573394	911.6498261170054	4871.094272	cloud-23933	TIMEOUT	991.011015443	930.1588738209975	5134.127104	cloud-23933
eca-rers2012/Problem18_label25.yml	false	TIMEOUT	991.051160111	915.1523118289988	4707.749888	cloud-23933	TIMEOUT	991.580131047	914.278185956995	5992.460288	cloud-23982	TIMEOUT	991.029830186	927.8776399470225	4938.149888	cloud-23982
eca-rers2012/Problem18_label26.yml	true	TIMEOUT	990.918934678	868.369489071003	4666.871808	cloud-24259	TIMEOUT	991.52807927	906.3661843870068	6949.691392	cloud-23938	TIMEOUT	990.884802784	926.803933156014	4854.185984	cloud-23982
eca-rers2012/Problem18_label27.yml	false	TIMEOUT	990.883593487	913.626006609	4871.139328	cloud-23979	TIMEOUT	991.313986687	868.7026168589946	4967.034880	cloud-23933	TIMEOUT	990.862113008	939.6211001940246	4781.166592	cloud-23979
eca-rers2012/Problem18_label28.yml	true	TIMEOUT	990.902305996	918.2367074270005	4851.163136	cloud-24259	TIMEOUT	991.063321088	916.5866887379962	5101.735936	cloud-23933	TIMEOUT	990.814805592	938.9023608250136	6127.538176	cloud-23980
eca-rers2012/Problem18_label29.yml	true	TIMEOUT	990.902442551	922.7953571720063	4865.388544	cloud-24259	TIMEOUT	990.976104091	913.1891071819991	4857.987072	cloud-23982	TIMEOUT	990.782795002	938.8592270920053	5765.652480	cloud-23980
eca-rers2012/Problem18_label30.yml	true	TIMEOUT	990.840065141	919.2775975999975	5052.289024	cloud-24259	TIMEOUT	991.334563202	920.1876352419786	7214.690304	cloud-23933	TIMEOUT	991.157765525	924.797478263994	5647.585280	cloud-23982
eca-rers2012/Problem18_label31.yml	false	TIMEOUT	990.879115688	922.2824789719998	5424.574464	cloud-23933	TIMEOUT	991.381462428	907.1038240069756	4873.379840	cloud-23979	TIMEOUT	990.809469934	937.3613789720112	5021.122560	cloud-23979
eca-rers2012/Problem18_label32.yml	false	TIMEOUT	991.078500577	913.3662992889949	4800.770048	cloud-23933	TIMEOUT	991.030306815	914.7547092350142	4865.097728	cloud-23980	TIMEOUT	990.923998227	937.158956246014	5130.240000	cloud-23933
eca-rers2012/Problem18_label33.yml	false	TIMEOUT	990.965565844	917.6843165019964	4781.551616	cloud-23933	TIMEOUT	991.028821196	912.8017875719815	4726.124544	cloud-23979	TIMEOUT	990.67807167	925.9708295919991	4707.155968	cloud-23982
eca-rers2012/Problem18_label34.yml	false	TIMEOUT	990.84310685	920.7981642499981	5278.535680	cloud-23979	TIMEOUT	990.901468318	897.0038027419941	5224.566784	cloud-23944	TIMEOUT	990.987484533	940.2051108859887	6610.141184	cloud-23979
eca-rers2012/Problem18_label35.yml	false	TIMEOUT	990.896843805	917.468764631998	5096.837120	cloud-23933	TIMEOUT	991.011892164	908.9055833349994	4897.878016	cloud-23938	TIMEOUT	991.005476699	937.1302414429956	6625.988608	cloud-23980
eca-rers2012/Problem18_label36.yml	false	TIMEOUT	990.918937809	914.5161686270003	4710.731776	cloud-23979	TIMEOUT	991.161553571	911.584818732983	5091.598336	cloud-23938	TIMEOUT	991.00700867	928.473350373999	6005.280768	cloud-23938
eca-rers2012/Problem18_label37.yml	true	TIMEOUT	990.921342943	925.3235685990003	6069.264384	cloud-24259	TIMEOUT	991.381454736	901.271844294999	4883.836928	cloud-23979	TIMEOUT	990.995312061	939.9160139669839	6207.348736	cloud-23979
eca-rers2012/Problem18_label38.yml	false	TIMEOUT	990.899357918	920.5008968699985	4781.543424	cloud-24259	TIMEOUT	990.823883812	889.9196071200131	5343.457280	cloud-23979	TIMEOUT	990.976872423	940.3199710399786	5765.120000	cloud-23933
eca-rers2012/Problem18_label39.yml	false	TIMEOUT	990.827433256	915.6823784299995	4430.905344	cloud-24259	TIMEOUT	991.091229213	906.8956433900166	5289.148416	cloud-23982	TIMEOUT	990.840587215	930.4401908979926	4980.338688	cloud-23982
eca-rers2012/Problem18_label40.yml	true	TIMEOUT	990.913413768	915.5116969249939	4810.973184	cloud-23979	TIMEOUT	991.03918526	909.9058388969861	4762.877952	cloud-23982	TIMEOUT	990.921064877	933.7668359829986	4957.249536	cloud-23933
eca-rers2012/Problem18_label41.yml	true	TIMEOUT	990.661068381	936.8660667000222	4669.702144	cloud-23941	TIMEOUT	991.062237092	921.4180861290079	5897.084928	cloud-23933	TIMEOUT	990.838686041	934.6876170570031	4987.002880	cloud-23980
eca-rers2012/Problem18_label42.yml	true	TIMEOUT	990.816416516	923.3284596609992	5093.285888	cloud-24259	TIMEOUT	990.939545734	908.8578794110217	4873.039872	cloud-23933	TIMEOUT	991.087406856	938.7546251970052	5148.758016	cloud-23933
eca-rers2012/Problem18_label43.yml	true	TIMEOUT	991.114666101	926.2729870529947	4757.278720	cloud-23979	TIMEOUT	990.916321197	919.3541354390036	5143.678976	cloud-23979	TIMEOUT	990.77888049	934.7503819540143	4927.799296	cloud-23979
eca-rers2012/Problem18_label44.yml	true	TIMEOUT	991.115965066	916.7120060289963	5995.233280	cloud-23933	TIMEOUT	990.928644838	916.1261462880066	4912.668672	cloud-23982	TIMEOUT	990.834731772	936.0182831879938	4917.956608	cloud-23979
eca-rers2012/Problem18_label45.yml	false	TIMEOUT	990.946367929	911.7078632449993	5193.338880	cloud-23979	TIMEOUT	993.185428562	907.629865016992	4920.180736	cloud-23982	TIMEOUT	990.727305347	937.7913438069809	5011.947520	cloud-23979
eca-rers2012/Problem18_label46.yml	true	TIMEOUT	990.821896564	923.423386552	5439.295488	cloud-24259	TIMEOUT	991.191838231	904.5354039550002	4843.782144	cloud-23938	TIMEOUT	990.943741272	934.0808137129934	5015.121920	cloud-23980
eca-rers2012/Problem18_label47.yml	true	TIMEOUT	991.052203022	919.9318342410006	6294.765568	cloud-23979	TIMEOUT	991.008139631	910.8653641279961	4880.470016	cloud-23933	TIMEOUT	990.887826279	940.6779855109926	5535.137792	cloud-23933
eca-rers2012/Problem18_label48.yml	true	TIMEOUT	991.388675219	921.5559050169977	5777.764352	cloud-24259	TIMEOUT	991.001473743	921.7246520420013	5682.266112	cloud-23979	TIMEOUT	990.922578415	934.5183725839888	5182.668800	cloud-23933
eca-rers2012/Problem18_label49.yml	false	TIMEOUT	991.247269561	895.5236669320002	5089.992704	cloud-23933	TIMEOUT	991.05274282	910.3245949500124	4828.254208	cloud-23982	TIMEOUT	990.937801126	941.6569106759853	4850.421760	cloud-23980
eca-rers2012/Problem18_label50.yml	true	TIMEOUT	991.117462209	911.8829399930037	4703.002624	cloud-23933	TIMEOUT	991.069653708	910.5913994420262	5175.083008	cloud-23980	TIMEOUT	990.998727995	936.1470963649917	5389.873152	cloud-23933
eca-rers2012/Problem18_label51.yml	true	TIMEOUT	991.713161594	911.7767302749999	5332.029440	cloud-24259	TIMEOUT	991.121927911	915.1778791820107	4952.256512	cloud-23979	TIMEOUT	990.756911334	932.101865958015	4749.672448	cloud-23982
eca-rers2012/Problem18_label52.yml	false	TIMEOUT	990.612544813	898.5867592979994	7203.635200	cloud-23979	TIMEOUT	991.188877618	917.2141354249907	6147.461120	cloud-23982	TIMEOUT	991.031856082	939.2271225809818	5404.131328	cloud-23933
eca-rers2012/Problem18_label53.yml	true	TIMEOUT	991.449216285	895.6925924980023	5152.489472	cloud-23933	TIMEOUT	990.790580403	911.2113037209783	5149.974528	cloud-23982	TIMEOUT	990.785654892	938.6750772249943	5489.643520	cloud-23980
eca-rers2012/Problem18_label54.yml	true	TIMEOUT	991.182844915	910.8453538989997	5261.996032	cloud-23979	TIMEOUT	990.828606405	941.5040911319957	5067.591680	cloud-23979	TIMEOUT	990.932653311	932.9722187529842	5097.885696	cloud-23933
eca-rers2012/Problem18_label55.yml	false	TIMEOUT	991.183276777	913.9972322569956	4745.949184	cloud-24259	TIMEOUT	991.284955373	904.1492427949852	5534.867456	cloud-23938	TIMEOUT	990.847957133	934.4389711100084	4989.440000	cloud-23933
eca-rers2012/Problem18_label56.yml	true	TIMEOUT	990.936147119	924.4316259420011	5443.444736	cloud-24259	TIMEOUT	991.125511069	896.937428884994	4996.341760	cloud-23982	TIMEOUT	991.036845262	942.4950331859873	6920.515584	cloud-23980
eca-rers2012/Problem18_label57.yml	false	TIMEOUT	990.945704691	917.3289658309986	5164.777472	cloud-23979	TIMEOUT	990.970866545	913.2242205289949	5098.233856	cloud-23938	TIMEOUT	991.041302477	932.3292930949829	6387.105792	cloud-23982
eca-rers2012/Problem18_label58.yml	true	TIMEOUT	991.457386911	916.2979286609989	5004.185600	cloud-23979	TIMEOUT	990.877798229	922.3651632419787	4893.376512	cloud-23980	TIMEOUT	990.93297814	936.663674268988	5087.760384	cloud-23979
eca-rers2012/Problem18_label59.yml	true	TIMEOUT	991.184209042	911.4809395400007	5142.581248	cloud-23933	TIMEOUT	991.154518044	918.2049624120118	4844.576768	cloud-23979	TIMEOUT	990.866487414	933.5795862340019	4999.532544	cloud-23933
eca-rers2012/Problem19_label00.yml	true	TIMEOUT	991.987615316	606.8115903729922	13707.104256	cloud-23941	TIMEOUT	991.842263012	616.0124023480166	12875.964416	cloud-23939	TIMEOUT	991.368342749	898.8342763429973	14051.287040	cloud-23943
eca-rers2012/Problem19_label01.yml	true	TIMEOUT	991.787746314	620.5417288549943	13655.638016	cloud-23942	TIMEOUT	991.429645325	659.8042802209966	12718.292992	cloud-23933	TIMEOUT	991.985995111	868.5795128099853	14008.430592	cloud-23933
eca-rers2012/Problem19_label02.yml	true	TIMEOUT	992.881671322	669.1861865449999	12781.105152	cloud-23979	TIMEOUT	991.734515861	669.5048915070074	14980.866048	cloud-23982	TIMEOUT	991.208263381	898.3298081640096	14000.881664	cloud-23940
eca-rers2012/Problem19_label03.yml	true	TIMEOUT	993.119965107	649.2912215180004	12817.379328	cloud-23979	TIMEOUT	992.85137034	629.9287491939904	13697.675264	cloud-23938	TIMEOUT	991.695222873	858.9481552680081	13948.948480	cloud-23933
eca-rers2012/Problem19_label04.yml	true	TIMEOUT	992.067143803	602.7888415190391	14138.249216	cloud-23942	TIMEOUT	992.980291367	629.9526341580204	13687.578624	cloud-23933	TIMEOUT	991.411245696	896.4895620720054	14361.346048	cloud-23943
eca-rers2012/Problem19_label05.yml	true	TIMEOUT	991.315769064	608.7986069759936	14993.526784	cloud-23943	TIMEOUT	993.029903404	622.7070807699929	12999.299072	cloud-23980	TIMEOUT	991.980450421	872.9300179410202	13982.232576	cloud-23980
eca-rers2012/Problem19_label06.yml	true	TIMEOUT	992.409942993	785.7312109179984	14183.362560	cloud-23933	TIMEOUT	991.684291456	859.6884524089983	13693.792256	cloud-23941	OUT OF MEMORY	485.572421324	351.2246363120212	15000.051712	cloud-23982
eca-rers2012/Problem19_label07.yml	true	TIMEOUT	993.656758447	632.1549113219999	13682.888704	cloud-23933	OUT OF MEMORY	376.925406676	280.7752887979732	15000.047616	cloud-23980	OUT OF MEMORY	290.990804187	204.23206443697563	15000.182784	cloud-23942
eca-rers2012/Problem19_label08.yml	true	TIMEOUT	992.265981594	616.0715270029614	13686.304768	cloud-23939	TIMEOUT	992.354403256	639.8150514399749	13697.425408	cloud-23979	OUT OF MEMORY	292.017512797	211.63898292201338	15000.178688	cloud-23944
eca-rers2012/Problem19_label09.yml	true	TIMEOUT	991.670384087	595.7320201360271	13631.750144	cloud-23939	TIMEOUT	992.630683173	657.4189618060191	13693.235200	cloud-23982	TIMEOUT	992.086823337	875.2529306140204	13982.027776	cloud-23979
eca-rers2012/Problem19_label10.yml	false	TIMEOUT	991.501793702	647.2834402589942	13655.232512	cloud-23942	TIMEOUT	992.956861164	620.2483195950044	13724.839936	cloud-23982	OUT OF MEMORY	283.617383103	218.43460001601488	15000.047616	cloud-23979
eca-rers2012/Problem19_label11.yml	false	TIMEOUT	992.733531282	603.663772127009	13750.734848	cloud-23941	OUT OF MEMORY	310.789116676	219.68229425599566	15000.166400	cloud-23942	TIMEOUT	991.306886401	894.1198209949944	14034.915328	cloud-23943
eca-rers2012/Problem19_label12.yml	true	TIMEOUT	991.462747498	598.7491997009492	13667.401728	cloud-23941	TIMEOUT	991.267294444	607.4364660240244	13705.187328	cloud-23980	TIMEOUT	991.923288644	856.8420155629865	13977.235456	cloud-23982
eca-rers2012/Problem19_label13.yml	true	TIMEOUT	992.711938029	603.7361769779818	13714.526208	cloud-23942	TIMEOUT	992.734231294	613.0893723240006	13480.562688	cloud-23943	OUT OF MEMORY	380.839487961	275.8808000339777	15000.051712	cloud-23933
eca-rers2012/Problem19_label14.yml	false	TIMEOUT	992.385182268	611.2440501689562	13661.769728	cloud-23944	TIMEOUT	992.001471848	636.4834454520023	14064.852992	cloud-23980	TIMEOUT	991.149483957	904.1522090689978	13979.467776	cloud-23944
eca-rers2012/Problem19_label15.yml	true	TIMEOUT	992.656849966	603.5894953079987	13770.440704	cloud-23939	TIMEOUT	992.486244759	616.2109654539963	12866.797568	cloud-23980	TIMEOUT	991.87408009	872.9077502699802	14040.920064	cloud-23938
eca-rers2012/Problem19_label16.yml	true	TIMEOUT	992.724067863	619.7320186559809	13681.721344	cloud-23939	TIMEOUT	991.903239417	659.3107735300146	12769.841152	cloud-23980	TIMEOUT	991.878103369	877.0011046350119	14009.999360	cloud-23979
eca-rers2012/Problem19_label17.yml	false	TIMEOUT	992.639918532	609.3093356789905	12908.244992	cloud-23940	TIMEOUT	991.987549288	663.207766868989	14038.020096	cloud-23938	TIMEOUT	991.458573012	899.2033253959962	14330.511360	cloud-23943
eca-rers2012/Problem19_label18.yml	false	TIMEOUT	991.440412417	608.560083593009	13741.072384	cloud-23944	TIMEOUT	993.19711052	682.6782888759917	13755.011072	cloud-23980	TIMEOUT	991.795483932	882.3439052549948	14326.202368	cloud-23979
eca-rers2012/Problem19_label19.yml	false	TIMEOUT	992.724537289	616.2328263049712	13661.679616	cloud-23939	TIMEOUT	991.921769795	620.3124274139991	13699.473408	cloud-23940	OUT OF MEMORY	489.672377511	366.3869060429861	15000.055808	cloud-23982
eca-rers2012/Problem19_label20.yml	true	TIMEOUT	992.33910754	610.4771007699892	13689.298944	cloud-23939	TIMEOUT	992.742228388	623.4981104010076	13718.847488	cloud-23943	TIMEOUT	991.27049845	895.9980745250068	13964.079104	cloud-23939
eca-rers2012/Problem19_label21.yml	false	TIMEOUT	991.972381858	646.7543814599994	13698.097152	cloud-23933	TIMEOUT	992.742922562	633.6001680689806	13794.160640	cloud-23939	TIMEOUT	991.529443013	894.6079680389958	13095.395328	cloud-23941
eca-rers2012/Problem19_label22.yml	false	TIMEOUT	991.610569573	769.5456530210213	13904.175104	cloud-23939	TIMEOUT	991.578200421	628.8848423630116	13710.143488	cloud-23940	TIMEOUT	991.119719472	905.9555216330045	13133.258752	cloud-23944
eca-rers2012/Problem19_label23.yml	true	TIMEOUT	992.666768172	661.2642061399965	13698.633728	cloud-23979	TIMEOUT	992.016493595	632.5484043620236	14097.678336	cloud-23980	TIMEOUT	991.889746276	862.8263263280096	13908.885504	cloud-23933
eca-rers2012/Problem19_label24.yml	true	OUT OF MEMORY	293.802853999	209.4618368500378	15000.166400	cloud-23941	TIMEOUT	993.494918793	655.7730608370039	14911.762432	cloud-23938	TIMEOUT	992.219446475	859.2725599950063	13979.684864	cloud-23938
eca-rers2012/Problem19_label25.yml	true	TIMEOUT	990.840743833	601.8538564709597	12861.206528	cloud-23943	TIMEOUT	991.98233106	630.7179123870155	14058.541056	cloud-23982	TIMEOUT	991.851395816	873.9909952260205	13975.875584	cloud-23933
eca-rers2012/Problem19_label26.yml	false	TIMEOUT	992.468285784	628.2880657549831	13940.875264	cloud-23941	OUT OF MEMORY	309.490134861	220.27796592001687	15000.043520	cloud-23933	TIMEOUT	991.776675942	876.5447900189902	14233.849856	cloud-23938
eca-rers2012/Problem19_label27.yml	false	TIMEOUT	991.552073663	619.8401664479752	13683.826688	cloud-23942	TIMEOUT	993.27428304	633.089988688007	13163.110400	cloud-23938	TIMEOUT	991.220103804	897.6734614089946	13983.789056	cloud-23943
eca-rers2012/Problem19_label28.yml	false	TIMEOUT	992.245775791	652.885828512	13695.942656	cloud-23933	OUT OF MEMORY	336.321035214	234.79035739801475	15000.039424	cloud-23938	TIMEOUT	991.741792299	865.340406680014	14007.312384	cloud-23933
eca-rers2012/Problem19_label29.yml	false	TIMEOUT	991.978674996	617.714995592949	12791.894016	cloud-23939	TIMEOUT	992.435748378	646.0623271779914	13742.100480	cloud-23938	TIMEOUT	992.368911626	844.2297479390108	14017.826816	cloud-23938
eca-rers2012/Problem19_label30.yml	true	TIMEOUT	992.546086822	608.5318193820422	14073.065472	cloud-23940	TIMEOUT	991.977756879	621.0005635129928	12830.875648	cloud-23980	TIMEOUT	991.817328721	870.8098759300192	13065.199616	cloud-23979
eca-rers2012/Problem19_label31.yml	false	TIMEOUT	991.963143212	656.2199075329991	14917.533696	cloud-23979	TIMEOUT	991.930193981	624.9156912229955	14011.125760	cloud-23942	TIMEOUT	991.985921913	854.966120832978	13063.565312	cloud-23982
eca-rers2012/Problem19_label32.yml	false	TIMEOUT	991.064073952	720.3345805000281	14187.888640	cloud-23939	TIMEOUT	992.120282982	629.6730699999898	13741.662208	cloud-23940	TIMEOUT	992.194905681	870.9358124630235	13898.342400	cloud-23980
eca-rers2012/Problem19_label33.yml	true	TIMEOUT	992.392536812	633.2814422320225	13641.289728	cloud-23943	TIMEOUT	993.182832867	633.8243283540069	13692.141568	cloud-23979	TIMEOUT	992.192206034	866.319821240002	13085.364224	cloud-23980
eca-rers2012/Problem19_label34.yml	true	TIMEOUT	993.269203247	645.2664390600003	12753.031168	cloud-23979	TIMEOUT	991.46867602	670.812226915994	13707.489280	cloud-23980	TIMEOUT	991.210893689	904.3806237580138	14009.159680	cloud-23942
eca-rers2012/Problem19_label35.yml	true	OUT OF MEMORY	322.030051044	244.4627689529998	15000.047616	cloud-23933	TIMEOUT	992.077699088	618.5131184519851	13673.656320	cloud-23943	TIMEOUT	991.147185585	904.3662728750205	14130.626560	cloud-23944
eca-rers2012/Problem19_label36.yml	true	TIMEOUT	992.942962763	621.2758213989437	13677.858816	cloud-23941	TIMEOUT	993.568538816	652.3778624619881	13663.375360	cloud-23938	TIMEOUT	991.844393562	882.3865213009994	13973.409792	cloud-23979
eca-rers2012/Problem19_label37.yml	true	TIMEOUT	992.365188215	614.8053985770093	12864.196608	cloud-23944	TIMEOUT	992.593544145	670.5808196029975	13986.975744	cloud-23982	OUT OF MEMORY	353.149524733	263.2965824120038	15000.178688	cloud-23940
eca-rers2012/Problem19_label38.yml	true	TIMEOUT	992.96906073	634.412482351996	12671.496192	cloud-24259	TIMEOUT	992.131235777	637.3014962260204	14207.590400	cloud-23979	TIMEOUT	991.33566968	889.5455804039957	13997.264896	cloud-23941
eca-rers2012/Problem19_label39.yml	true	TIMEOUT	991.645333203	602.320373607974	13711.196160	cloud-23940	OUT OF MEMORY	340.692417892	239.7951605709968	15000.170496	cloud-23939	TIMEOUT	991.254833778	900.4226745229971	13964.320768	cloud-23942
eca-rers2012/Problem19_label40.yml	true	TIMEOUT	992.763160528	654.4836033009997	13622.861824	cloud-23933	OUT OF MEMORY	393.771448569	268.5603316670167	15000.047616	cloud-23982	TIMEOUT	991.256022214	895.3407961539924	14035.537920	cloud-23943
eca-rers2012/Problem19_label41.yml	false	TIMEOUT	992.703864316	608.90788337501	13678.559232	cloud-23939	TIMEOUT	992.790092	621.8601994960045	13708.140544	cloud-23979	TIMEOUT	991.300765882	894.4512070240162	13987.155968	cloud-23939
eca-rers2012/Problem19_label42.yml	false	TIMEOUT	992.265599063	636.5624886469996	13710.872576	cloud-23979	TIMEOUT	991.782352793	629.7511970459891	13720.166400	cloud-23980	TIMEOUT	991.521795847	879.4703936400183	14003.507200	cloud-23933
eca-rers2012/Problem19_label43.yml	false	TIMEOUT	990.835917153	617.2169984480133	13707.632640	cloud-23943	TIMEOUT	993.048655792	624.3333235999744	13685.432320	cloud-23982	TIMEOUT	991.387115187	892.6674320580205	14426.738688	cloud-23942
eca-rers2012/Problem19_label44.yml	true	TIMEOUT	992.858658689	665.959802145997	13702.868992	cloud-23979	TIMEOUT	990.806564073	619.840882635006	13679.460352	cloud-23940	OUT OF MEMORY	283.625142453	202.29208398397896	15000.170496	cloud-23944
eca-rers2012/Problem19_label45.yml	true	TIMEOUT	991.985839029	617.7129853669903	13701.038080	cloud-23942	TIMEOUT	992.430757383	625.2893958310015	13708.603392	cloud-23942	OUT OF MEMORY	271.505633346	195.8567844950012	15000.174592	cloud-23944
eca-rers2012/Problem19_label46.yml	true	TIMEOUT	992.195248391	605.5713716549799	14104.477696	cloud-23941	TIMEOUT	993.074664178	652.7768204199965	14139.019264	cloud-23938	TIMEOUT	991.055841101	905.7309421639948	12352.212992	cloud-23944
eca-rers2012/Problem19_label47.yml	false	TIMEOUT	991.835377567	598.4543196699815	13745.078272	cloud-23944	OUT OF MEMORY	358.167436851	254.6960209660174	15000.043520	cloud-23938	TIMEOUT	991.224841882	898.8597589860146	14016.069632	cloud-23940
eca-rers2012/Problem19_label48.yml	true	TIMEOUT	992.750436498	621.4783974810271	13673.058304	cloud-23940	TIMEOUT	992.025341899	621.9879874570179	12832.464896	cloud-23943	TIMEOUT	992.185187502	860.6435071279993	14013.521920	cloud-23933
eca-rers2012/Problem19_label49.yml	true	TIMEOUT	992.238044725	664.3115096400143	14063.644672	cloud-23940	TIMEOUT	991.164559791	647.7094303790072	13704.388608	cloud-23980	TIMEOUT	991.128614929	904.6382615549956	14047.076352	cloud-23943
eca-rers2012/Problem19_label50.yml	false	TIMEOUT	991.211334649	623.4332948559895	13709.598720	cloud-23940	TIMEOUT	992.981687359	632.0594207580143	13678.690304	cloud-23980	TIMEOUT	992.223788748	879.482136762992	14257.373184	cloud-23979
eca-rers2012/Problem19_label51.yml	false	TIMEOUT	991.688265705	600.5531266020262	14091.472896	cloud-23940	TIMEOUT	993.152398788	624.5446615729888	12873.601024	cloud-23933	TIMEOUT	991.237743711	901.419759226992	13181.681664	cloud-23943
eca-rers2012/Problem19_label52.yml	true	TIMEOUT	991.953883441	601.674398541043	13704.531968	cloud-23943	TIMEOUT	993.029836174	617.7325513040123	13316.694016	cloud-23979	TIMEOUT	991.277131222	896.4707480020006	14359.392256	cloud-23942
eca-rers2012/Problem19_label53.yml	false	TIMEOUT	992.360167299	612.0070766530116	13699.710976	cloud-23939	TIMEOUT	991.668440697	633.3541695360036	13672.259584	cloud-23933	TIMEOUT	991.435927495	899.6290232459723	14008.139776	cloud-23942
eca-rers2012/Problem19_label54.yml	true	TIMEOUT	992.648878787	624.8897628250052	13666.914304	cloud-24259	TIMEOUT	992.303896691	639.0315707389964	12053.643264	cloud-23933	TIMEOUT	991.619043142	875.7902095490135	13140.922368	cloud-23933
eca-rers2012/Problem19_label55.yml	false	TIMEOUT	991.524263225	672.3809612400364	13672.083456	cloud-23942	TIMEOUT	992.082833026	639.636555996025	12897.374208	cloud-23982	TIMEOUT	991.698574094	873.3036248599819	13216.485376	cloud-23980
eca-rers2012/Problem19_label56.yml	true	TIMEOUT	993.632713492	634.6599216300001	14147.461120	cloud-23933	TIMEOUT	991.80784941	639.4918892789865	13669.060608	cloud-23982	TIMEOUT	991.206685966	898.4438368730189	14069.202944	cloud-23944
eca-rers2012/Problem19_label57.yml	true	TIMEOUT	992.67947462	610.2656980719767	13708.169216	cloud-23941	TIMEOUT	991.159010263	620.2497931530233	13760.053248	cloud-23982	TIMEOUT	992.011835931	870.6979073540133	13079.281664	cloud-23979
eca-rers2012/Problem19_label58.yml	false	TIMEOUT	993.2374532	648.8440009119995	13689.176064	cloud-23979	TIMEOUT	992.927493314	624.671639466018	13707.288576	cloud-23982	TIMEOUT	991.302885357	895.7194934519939	13953.495040	cloud-23939
eca-rers2012/Problem19_label59.yml	false	TIMEOUT	992.947052942	627.8409171039821	13656.625152	cloud-23941	TIMEOUT	992.897223876	631.8255546109867	12718.202880	cloud-23933	TIMEOUT	992.437909898	851.7369612850016	14239.780864	cloud-23982
eca-rers2018/Problem10.yml	false	false(unreach-call)	149.58655633	106.68096183499438	874.123264	cloud-23979	false(unreach-call)	173.278854568	130.74718828199548	861.233152	cloud-23980	TIMEOUT	990.386842123	957.646039705025	842.461184	cloud-23982
eca-rers2018/Problem11.yml	false	TIMEOUT	990.853998548	924.7204831889976	3010.822144	cloud-23933	ERROR (solver error, after parsing finished)	685.714627669	620.5844401089998	2516.156416	cloud-23982	TIMEOUT	990.682180836	927.0644994369941	2565.619712	cloud-23933
eca-rers2018/Problem12.yml	false	ERROR (frontend failed, before parsing finished)	16.510542402	8.580874616003712	734.232576	cloud-24259	ERROR (frontend failed, before parsing finished)	16.609160172	8.617069668020122	750.723072	cloud-23938	ERROR (frontend failed, before parsing finished)	17.501960439	9.1139895330125	705.409024	cloud-23933
eca-rers2018/Problem13.yml	false	TIMEOUT	990.702861546	963.7661971530179	8928.833536	cloud-23942	TIMEOUT	991.059583028	957.253574006987	7952.019456	cloud-23933	TIMEOUT	991.243747009	948.2070456039801	9338.511360	cloud-23982
eca-rers2018/Problem14.yml	false	TIMEOUT	991.190421969	945.2907205649999	10767.613952	cloud-24259	TIMEOUT	991.170049857	944.438656495011	10228.334592	cloud-23938	TIMEOUT	991.579043106	933.5074881360051	10070.048768	cloud-23938
eca-rers2018/Problem15.yml	false	ERROR (frontend failed, before parsing finished)	37.445010886	19.366196280985605	3262.595072	cloud-23939	ERROR (frontend failed, before parsing finished)	51.478473135	26.340369537007064	3233.394688	cloud-23980	ERROR (frontend failed, before parsing finished)	56.967984295	29.159312051022425	3099.787264	cloud-23980
eca-rers2018/Problem16.yml	false	TIMEOUT	991.799121493	761.8029381819997	11988.381696	cloud-24259	TIMEOUT	991.589592214	762.6593419989804	14485.778432	cloud-23943	TIMEOUT	992.147849526	728.6192990590062	11665.690624	cloud-23979
eca-rers2018/Problem17.yml	false	OUT OF MEMORY	806.314831511	555.2630101020331	15000.174592	cloud-23939	TIMEOUT	992.432564532	696.4982855400012	12944.101376	cloud-23980	OUT OF MEMORY	813.845480523	568.6057724260027	15000.154112	cloud-23943
eca-rers2018/Problem18.yml	false	OUT OF MEMORY	111.331724382	57.029176542011555	15000.174592	cloud-23940	OUT OF MEMORY	121.947452304	62.386435440013884	15000.051712	cloud-23933	OUT OF MEMORY	187.104765154	94.91252537001856	15000.043520	cloud-23933
psyco/psyco_abp_1-1.yml	false	false(unreach-call)	119.261944021	91.7645638119975	1160.966144	cloud-23933	false(unreach-call)	151.934061215	115.94548480102094	1265.831936	cloud-23982	TIMEOUT	990.263342239	969.9908229179855	818.630656	cloud-23980
psyco/psyco_abp_1-3.yml	true	true	102.77967372	81.24163574299746	811.036672	cloud-23933	true	98.432620454	76.93522597799893	782.266368	cloud-23979	TIMEOUT	990.328989898	966.9344828790054	829.100032	cloud-23982
psyco/psyco_cev_1.yml	false	OUT OF MEMORY	142.150228818	72.6470108700014	15000.039424	cloud-23933	OUT OF MEMORY	129.230830315	66.01449182399665	15000.027136	cloud-23982	OUT OF MEMORY	106.35602341	54.31373663301929	15000.162304	cloud-23941
psyco/psyco_cev_2.yml	false	OUT OF MEMORY	119.243412624	60.87632142496295	15000.162304	cloud-23940	OUT OF MEMORY	150.032098505	75.7503076819994	15000.035328	cloud-23979	OUT OF MEMORY	152.993835498	77.30206357498537	15000.031232	cloud-23979
psyco/psyco_cev_3.yml	false	OUT OF MEMORY	104.493233913	53.74817382101901	15000.166400	cloud-23942	OUT OF MEMORY	119.844175292	60.811359693005215	15000.293376	cloud-23938	OUT OF MEMORY	100.414873336	51.46300072601298	15000.158208	cloud-23944
psyco/psyco_io_1.yml	true	true	29.768635512	17.435728247000952	600.883200	cloud-24259	true	33.808512766	19.737440233991947	604.180480	cloud-23980	TIMEOUT	990.324862357	968.9723660099844	679.731200	cloud-23979
psyco/psyco_net_1.yml	false	TIMEOUT	990.300826286	974.1504696970005	1639.796736	cloud-23933	TIMEOUT	990.364651956	972.825121479982	1418.334208	cloud-23938	TIMEOUT	990.362866042	972.4514745750057	1664.491520	cloud-23933
psyco/psyco_security.yml	true	true	28.331745027	16.929704510999727	602.411008	cloud-23933	true	27.596533933	16.415566999989096	605.016064	cloud-23980	TIMEOUT	990.302568828	972.2439805490139	658.370560	cloud-23979
eca-programs/Problem101_label00.yml	false	OUT OF MEMORY	83.723336137	46.522072462015785	15000.162304	cloud-23940	OUT OF MEMORY	118.929290066	64.61393326197867	15000.043520	cloud-23982	OUT OF MEMORY	87.748441071	47.55525657397811	15000.170496	cloud-23942
eca-programs/Problem101_label01.yml	false	OUT OF MEMORY	87.954103366	48.50487843697192	15000.162304	cloud-23941	OUT OF MEMORY	96.566061699	51.797845625987975	15000.035328	cloud-23938	OUT OF MEMORY	95.887311003	52.22599675299716	15000.055808	cloud-23979
eca-programs/Problem101_label02.yml	false	OUT OF MEMORY	74.779355267	41.04795290302718	15000.162304	cloud-23939	OUT OF MEMORY	82.543169696	45.40233050400275	15000.166400	cloud-23942	OUT OF MEMORY	112.701265355	61.34483421800542	15000.203264	cloud-23980
eca-programs/Problem101_label03.yml	false	OUT OF MEMORY	124.143278068	70.93225142200026	15000.039424	cloud-23979	OUT OF MEMORY	106.897333578	57.64358668998466	15000.043520	cloud-23933	OUT OF MEMORY	122.388654	66.45964695498697	15000.276992	cloud-23938
eca-programs/Problem101_label04.yml	false	OUT OF MEMORY	78.43703899	43.257203494024	15000.162304	cloud-23940	OUT OF MEMORY	77.432864443	42.2356300970132	15000.166400	cloud-23943	OUT OF MEMORY	122.500418356	66.89391114099999	15000.035328	cloud-23938
eca-programs/Problem101_label05.yml	false	OUT OF MEMORY	84.557770557	46.630584507016465	15000.170496	cloud-23941	OUT OF MEMORY	86.247429083	47.1157248490199	15000.162304	cloud-23941	OUT OF MEMORY	116.946417209	63.04920069000218	15000.260608	cloud-23933
eca-programs/Problem101_label06.yml	false	OUT OF MEMORY	100.361444566	54.47065243700126	15000.035328	cloud-23933	OUT OF MEMORY	112.873737801	60.36159478200716	15000.043520	cloud-23938	OUT OF MEMORY	114.771500861	62.382575110998005	15000.051712	cloud-23938
eca-programs/Problem101_label07.yml	false	OUT OF MEMORY	110.424448039	59.81246303800026	15000.227840	cloud-23933	OUT OF MEMORY	77.995648044	43.066755377018126	15000.166400	cloud-23944	OUT OF MEMORY	121.927121731	65.80821315498906	15000.051712	cloud-23938
eca-programs/Problem101_label08.yml	false	OUT OF MEMORY	74.272547336	40.82729359099176	15000.416256	cloud-23942	OUT OF MEMORY	94.236358159	50.83397800498642	15000.154112	cloud-23933	OUT OF MEMORY	84.236998888	45.67944633800653	15000.375296	cloud-23940
eca-programs/Problem101_label09.yml	false	OUT OF MEMORY	74.595331885	40.78186819597613	15000.162304	cloud-23944	OUT OF MEMORY	103.603979277	56.540487852995284	15000.039424	cloud-23933	OUT OF MEMORY	124.188138631	67.47537588499836	15000.043520	cloud-23938
eca-programs/Problem101_label10.yml	false	OUT OF MEMORY	84.183815637	46.6275655439822	15000.154112	cloud-23943	OUT OF MEMORY	78.389145836	42.904609914985485	15000.162304	cloud-23943	OUT OF MEMORY	100.501568456	54.29908518597949	15000.043520	cloud-23933
eca-programs/Problem101_label11.yml	false	OUT OF MEMORY	76.073209324	41.88251001300523	15000.162304	cloud-23942	OUT OF MEMORY	88.237501055	48.004515014006756	15000.043520	cloud-23933	OUT OF MEMORY	116.519622196	63.4556798870035	15000.043520	cloud-23938
eca-programs/Problem101_label12.yml	false	OUT OF MEMORY	75.838593541	41.553443796990905	15000.166400	cloud-23939	OUT OF MEMORY	84.871317974	46.2529727750225	15000.166400	cloud-23942	OUT OF MEMORY	83.537575003	45.763015350006754	15000.178688	cloud-23943
eca-programs/Problem101_label13.yml	false	OUT OF MEMORY	73.962647306	40.45008821703959	15000.154112	cloud-23939	OUT OF MEMORY	94.891843646	52.16285954698105	15000.166400	cloud-23943	OUT OF MEMORY	81.178680293	44.48969365999801	15000.170496	cloud-23943
eca-programs/Problem101_label14.yml	false	OUT OF MEMORY	76.170250495	41.982993061013985	15000.166400	cloud-23942	OUT OF MEMORY	79.253928064	43.25654436397599	15000.166400	cloud-23942	OUT OF MEMORY	79.85154494	43.615341952012386	15000.174592	cloud-23943
eca-programs/Problem101_label15.yml	false	OUT OF MEMORY	81.175957015	44.4996418110095	15000.158208	cloud-23940	OUT OF MEMORY	113.995607945	61.10689381501288	15000.031232	cloud-23938	OUT OF MEMORY	98.799917234	53.84057572900201	15000.051712	cloud-23933
eca-programs/Problem101_label16.yml	false	OUT OF MEMORY	81.619258355	44.641181083978154	15000.150016	cloud-23940	OUT OF MEMORY	117.296010981	63.07110892102355	15000.039424	cloud-23982	OUT OF MEMORY	85.415806033	46.13190258698887	15000.170496	cloud-23940
eca-programs/Problem101_label17.yml	false	OUT OF MEMORY	81.211352421	44.82420904003084	15000.162304	cloud-23944	OUT OF MEMORY	95.413625037	51.89641813299386	15000.035328	cloud-23933	OUT OF MEMORY	107.238779398	58.649884633981856	15000.047616	cloud-23982
eca-programs/Problem101_label18.yml	false	OUT OF MEMORY	113.68157913	61.84020009799997	15000.047616	cloud-23979	OUT OF MEMORY	92.628131895	50.675801258999854	15000.043520	cloud-23980	OUT OF MEMORY	120.717073889	66.05304582801182	15000.055808	cloud-23982
eca-programs/Problem101_label19.yml	false	OUT OF MEMORY	94.986062952	51.80222227697959	15000.170496	cloud-23943	OUT OF MEMORY	82.958569677	45.400911716977134	15000.166400	cloud-23943	OUT OF MEMORY	112.393120949	61.78506493999157	15000.051712	cloud-23938
eca-programs/Problem101_label20.yml	false	OUT OF MEMORY	75.465097778	41.34328715602169	15000.166400	cloud-23940	OUT OF MEMORY	107.223632199	58.247143587010214	15000.043520	cloud-23980	OUT OF MEMORY	86.361927766	47.036031217023265	15000.178688	cloud-23942
eca-programs/Problem101_label21.yml	false	OUT OF MEMORY	83.961851602	45.99047271598829	15000.346624	cloud-23943	OUT OF MEMORY	92.274538838	49.51144622199354	15000.043520	cloud-23979	OUT OF MEMORY	127.64495102	69.52293459500652	15000.051712	cloud-23938
eca-programs/Problem101_label22.yml	false	OUT OF MEMORY	86.424419279	48.007106327975634	15000.166400	cloud-23943	OUT OF MEMORY	93.128280534	50.37010863999603	15000.039424	cloud-23979	OUT OF MEMORY	107.408344457	57.80365721898852	15000.039424	cloud-23979
eca-programs/Problem101_label23.yml	false	OUT OF MEMORY	80.182642506	44.20641792798415	15000.420352	cloud-23941	OUT OF MEMORY	96.241524292	51.62860236898996	15000.035328	cloud-23979	OUT OF MEMORY	103.816660276	56.241523812001105	15000.051712	cloud-23979
eca-programs/Problem102_label00.yml	true	OUT OF MEMORY	182.92496769	106.97417510500236	15000.035328	cloud-23979	OUT OF MEMORY	144.777167059	81.02027890301542	15000.039424	cloud-23933	OUT OF MEMORY	133.497669932	75.58939060400007	15000.174592	cloud-23939
eca-programs/Problem102_label01.yml	false	OUT OF MEMORY	184.014915694	106.1015795860003	15000.039424	cloud-23979	OUT OF MEMORY	120.534077447	69.78729286399903	15000.162304	cloud-23944	OUT OF MEMORY	128.428826919	72.45672177599045	15000.170496	cloud-23941
eca-programs/Problem102_label02.yml	false	OUT OF MEMORY	131.476498777	74.24889678898035	15000.322048	cloud-23943	OUT OF MEMORY	139.565390498	78.26530366999214	15000.043520	cloud-23979	OUT OF MEMORY	164.293016924	93.41449338398525	15000.272896	cloud-23938
eca-programs/Problem102_label03.yml	true	OUT OF MEMORY	126.701997761	71.19482475699624	15000.166400	cloud-23940	OUT OF MEMORY	156.420504481	87.16846813599113	15000.039424	cloud-23982	OUT OF MEMORY	115.433803384	66.06383483301033	15000.166400	cloud-23944
eca-programs/Problem102_label04.yml	false	OUT OF MEMORY	124.549290643	70.98118729400449	15000.162304	cloud-23941	OUT OF MEMORY	140.071126429	78.27378870200482	15000.043520	cloud-23980	OUT OF MEMORY	168.152995253	94.27865161700174	15000.051712	cloud-23938
eca-programs/Problem102_label05.yml	false	OUT OF MEMORY	141.046952365	79.1970284919953	15000.166400	cloud-23943	OUT OF MEMORY	148.375455479	82.60802287299884	15000.043520	cloud-23982	OUT OF MEMORY	124.986467378	70.79551031900337	15000.170496	cloud-23940
eca-programs/Problem102_label06.yml	false	OUT OF MEMORY	129.85831061	73.50660264596809	15000.170496	cloud-23943	OUT OF MEMORY	160.542961971	90.94644393099588	15000.039424	cloud-23933	OUT OF MEMORY	133.062792898	74.6595130469941	15000.170496	cloud-23940
eca-programs/Problem102_label07.yml	false	OUT OF MEMORY	155.620338199	87.40047654700174	15000.039424	cloud-24259	OUT OF MEMORY	128.661667208	73.24110899897642	15000.043520	cloud-23933	OUT OF MEMORY	122.422927999	69.6165140850062	15000.178688	cloud-23944
eca-programs/Problem102_label08.yml	true	OUT OF MEMORY	161.573832602	91.39124433699908	15000.047616	cloud-23933	OUT OF MEMORY	144.956524687	81.87193743299576	15000.039424	cloud-23980	OUT OF MEMORY	124.654321136	71.44790813999134	15000.174592	cloud-23944
eca-programs/Problem102_label09.yml	true	OUT OF MEMORY	115.386416171	65.28159085300285	15000.166400	cloud-23940	OUT OF MEMORY	143.057028566	79.96376521399361	15000.043520	cloud-23979	OUT OF MEMORY	137.384398723	77.93591324900626	15000.383488	cloud-23941
eca-programs/Problem102_label10.yml	false	OUT OF MEMORY	173.402549803	96.53732444799971	15000.031232	cloud-24259	OUT OF MEMORY	151.418172752	83.48670621198835	15000.035328	cloud-23982	OUT OF MEMORY	131.710632108	74.50368033401901	15000.174592	cloud-23939
eca-programs/Problem102_label11.yml	true	OUT OF MEMORY	133.517747971	75.13602972897934	15000.190976	cloud-23943	OUT OF MEMORY	163.269540394	94.09270339499926	15000.043520	cloud-23980	OUT OF MEMORY	171.676255563	95.59732781301136	15000.195072	cloud-23933
eca-programs/Problem102_label12.yml	true	OUT OF MEMORY	114.620133047	65.20094711700222	15000.166400	cloud-23942	OUT OF MEMORY	131.668664274	73.24440259998664	15000.039424	cloud-23979	OUT OF MEMORY	157.971847158	87.7938585219963	15000.125440	cloud-23938
eca-programs/Problem102_label13.yml	false	OUT OF MEMORY	159.963969347	88.79895289900014	15000.039424	cloud-23933	OUT OF MEMORY	135.15561717	75.88041537199751	15000.043520	cloud-23933	OUT OF MEMORY	180.385088937	102.46705563299474	15000.047616	cloud-23933
eca-programs/Problem102_label14.yml	true	OUT OF MEMORY	126.130167109	71.06167113297852	15000.416256	cloud-23941	OUT OF MEMORY	141.213225769	78.34990316600306	15000.039424	cloud-23979	OUT OF MEMORY	167.032904828	93.3060022520076	15000.055808	cloud-23933
eca-programs/Problem102_label15.yml	false	OUT OF MEMORY	113.034986797	63.96250316599617	15000.170496	cloud-23940	OUT OF MEMORY	185.990114497	106.89393104499322	15000.039424	cloud-23982	OUT OF MEMORY	129.730683986	72.97080619601184	15000.178688	cloud-23940
eca-programs/Problem102_label16.yml	true	OUT OF MEMORY	129.321278681	73.40987490897533	15000.162304	cloud-23941	OUT OF MEMORY	162.139013926	90.73024530400289	15000.039424	cloud-23938	OUT OF MEMORY	178.502102596	100.31092049498693	15000.051712	cloud-23938
eca-programs/Problem102_label17.yml	true	OUT OF MEMORY	124.564193142	70.48732439801097	15000.166400	cloud-23943	OUT OF MEMORY	173.357553474	98.14788828400197	15000.039424	cloud-23982	OUT OF MEMORY	125.33179919	70.9637771169946	15000.166400	cloud-23942
eca-programs/Problem102_label18.yml	true	OUT OF MEMORY	139.515860768	79.1538580370252	15000.162304	cloud-23943	OUT OF MEMORY	169.883803961	95.0783222450118	15000.043520	cloud-23938	OUT OF MEMORY	154.071845831	86.61940433800919	15000.055808	cloud-23979
eca-programs/Problem102_label19.yml	true	OUT OF MEMORY	164.011017703	91.95267133099696	15000.039424	cloud-24259	OUT OF MEMORY	139.344178548	78.0997907279816	15000.043520	cloud-23979	OUT OF MEMORY	149.133504312	84.57769460001145	15000.055808	cloud-23979
eca-programs/Problem102_label20.yml	true	OUT OF MEMORY	110.178680607	62.492104696983006	15000.162304	cloud-23939	OUT OF MEMORY	155.720564934	86.61470532399835	15000.264704	cloud-23933	OUT OF MEMORY	115.858692259	66.21958326199092	15000.166400	cloud-23944
eca-programs/Problem102_label21.yml	true	OUT OF MEMORY	118.263611825	67.24969991401304	15000.170496	cloud-23940	OUT OF MEMORY	182.98173938	104.16649479197804	15000.043520	cloud-23938	OUT OF MEMORY	174.431411391	98.72835822199704	15000.055808	cloud-23933
eca-programs/Problem102_label22.yml	true	OUT OF MEMORY	135.970444056	76.8044746829546	15000.170496	cloud-23943	OUT OF MEMORY	163.716876636	91.52023466597893	15000.170496	cloud-23933	OUT OF MEMORY	118.780245349	68.41242565700668	15000.436736	cloud-23944
eca-programs/Problem102_label23.yml	true	OUT OF MEMORY	111.806659747	63.51823178795166	15000.162304	cloud-23944	OUT OF MEMORY	155.576870997	89.03251725400332	15000.039424	cloud-23980	OUT OF MEMORY	126.630871867	70.90569306901307	15000.420352	cloud-23940
eca-programs/Problem102_label24.yml	false	OUT OF MEMORY	110.403961119	62.65041417599423	15000.170496	cloud-23939	OUT OF MEMORY	143.911405982	80.3081948600011	15000.039424	cloud-23938	OUT OF MEMORY	154.2957266	86.08895245398162	15000.121344	cloud-23979
eca-programs/Problem102_label25.yml	false	OUT OF MEMORY	169.500122369	94.80483186900165	15000.043520	cloud-23979	OUT OF MEMORY	179.52084887	103.19553036399884	15000.043520	cloud-23982	OUT OF MEMORY	129.093621424	73.01253251300659	15000.178688	cloud-23943
eca-programs/Problem102_label26.yml	false	OUT OF MEMORY	134.88619771	75.88653663400328	15000.424448	cloud-23943	OUT OF MEMORY	173.369884112	98.45526204499765	15000.035328	cloud-23980	OUT OF MEMORY	170.189998265	95.71047241101041	15000.051712	cloud-23980
eca-programs/Problem102_label27.yml	true	OUT OF MEMORY	134.438829564	76.5665872550453	15000.395776	cloud-23943	OUT OF MEMORY	127.025192938	72.79350818501553	15000.166400	cloud-23941	OUT OF MEMORY	118.704347665	67.78848625600222	15000.174592	cloud-23944
eca-programs/Problem102_label28.yml	false	OUT OF MEMORY	115.295040571	65.64374049397884	15000.416256	cloud-23940	OUT OF MEMORY	182.784786953	102.82814151799539	15000.043520	cloud-23938	OUT OF MEMORY	130.919700394	73.76475433001178	15000.391680	cloud-23942
eca-programs/Problem102_label29.yml	false	OUT OF MEMORY	124.778519446	71.21854409005027	15000.166400	cloud-23943	OUT OF MEMORY	159.190269536	91.69444303802447	15000.043520	cloud-23980	OUT OF MEMORY	124.534334563	70.53811109400704	15000.174592	cloud-23944
eca-programs/Problem102_label30.yml	true	OUT OF MEMORY	198.997291119	115.36658268900001	15000.301568	cloud-23979	OUT OF MEMORY	148.678325894	83.89089235998108	15000.264704	cloud-23980	OUT OF MEMORY	171.389061586	96.37925718299812	15000.047616	cloud-23933
eca-programs/Problem102_label31.yml	true	OUT OF MEMORY	114.706222907	65.36476288398262	15000.166400	cloud-23942	OUT OF MEMORY	158.119608472	88.88836984400405	15000.043520	cloud-23933	OUT OF MEMORY	188.433868177	107.24107297800947	15000.039424	cloud-23938
eca-programs/Problem102_label32.yml	true	OUT OF MEMORY	174.031465492	98.00058350600011	15000.039424	cloud-23933	OUT OF MEMORY	169.206761243	95.56406897198758	15000.039424	cloud-23982	OUT OF MEMORY	161.878929797	92.02719940899988	15000.256512	cloud-23979
eca-programs/Problem102_label33.yml	true	OUT OF MEMORY	113.294218536	65.03797422198113	15000.166400	cloud-23942	OUT OF MEMORY	160.603204727	91.19073234000825	15000.039424	cloud-23979	OUT OF MEMORY	186.700389558	107.50565103799454	15000.039424	cloud-23982
eca-programs/Problem102_label34.yml	false	OUT OF MEMORY	164.780514105	92.0994917270009	15000.039424	cloud-24259	OUT OF MEMORY	125.202759069	71.16302907900536	15000.162304	cloud-23941	OUT OF MEMORY	154.925779613	86.08002647498506	15000.043520	cloud-23979
eca-programs/Problem102_label35.yml	true	OUT OF MEMORY	120.471953961	68.4060785699985	15000.166400	cloud-23940	OUT OF MEMORY	147.802645536	83.37197295500664	15000.272896	cloud-23979	OUT OF MEMORY	181.222637105	101.46425726698362	15000.035328	cloud-23938
eca-programs/Problem102_label36.yml	true	OUT OF MEMORY	111.721029904	64.00152689602692	15000.166400	cloud-23939	OUT OF MEMORY	143.864076016	81.0530431260122	15000.035328	cloud-23933	OUT OF MEMORY	158.695320336	89.44963795898366	15000.043520	cloud-23979
eca-programs/Problem102_label37.yml	false	OUT OF MEMORY	115.788120759	65.39910123700975	15000.166400	cloud-23940	OUT OF MEMORY	157.403911095	91.71060488600051	15000.039424	cloud-23980	OUT OF MEMORY	163.277287789	91.73010378199979	15000.182784	cloud-23979
eca-programs/Problem102_label38.yml	true	OUT OF MEMORY	159.032397412	89.94248084599894	15000.039424	cloud-24259	OUT OF MEMORY	180.485977811	102.52820439299103	15000.211456	cloud-23938	OUT OF MEMORY	132.637703338	74.94871503399918	15000.170496	cloud-23939
eca-programs/Problem102_label39.yml	true	OUT OF MEMORY	185.331068963	107.47577283500141	15000.031232	cloud-23979	OUT OF MEMORY	144.702733996	81.10629004001385	15000.039424	cloud-23933	OUT OF MEMORY	180.611948801	102.57173188400338	15000.039424	cloud-23938
eca-programs/Problem102_label40.yml	true	OUT OF MEMORY	112.360219869	64.12633372098207	15000.391680	cloud-23942	OUT OF MEMORY	151.765077004	83.88981412199792	15000.035328	cloud-23982	OUT OF MEMORY	121.241860343	69.2653041020094	15000.178688	cloud-23944
eca-programs/Problem102_label41.yml	true	OUT OF MEMORY	150.962160339	84.96423137502279	15000.166400	cloud-23943	OUT OF MEMORY	134.489996461	75.57829328099615	15000.236032	cloud-23939	OUT OF MEMORY	130.819849915	74.09498781300499	15000.170496	cloud-23942
eca-programs/Problem102_label42.yml	true	OUT OF MEMORY	114.106348138	64.46004366700072	15000.395776	cloud-23944	OUT OF MEMORY	133.007738631	74.49102984499768	15000.166400	cloud-23940	OUT OF MEMORY	160.315544606	90.5076666320092	15000.051712	cloud-23933
eca-programs/Problem102_label43.yml	false	OUT OF MEMORY	115.056742345	65.83007212204393	15000.371200	cloud-23942	OUT OF MEMORY	163.026238496	91.4589517780114	15000.039424	cloud-23980	OUT OF MEMORY	159.880736919	89.1116257100075	15000.055808	cloud-23979
eca-programs/Problem102_label44.yml	true	OUT OF MEMORY	128.330918588	73.40467123797862	15000.162304	cloud-23941	OUT OF MEMORY	155.264486804	87.09549841302214	15000.043520	cloud-23982	OUT OF MEMORY	138.779414951	78.24469285801752	15000.178688	cloud-23939
eca-programs/Problem102_label45.yml	true	OUT OF MEMORY	117.111566291	67.26007977203699	15000.350720	cloud-23940	OUT OF MEMORY	144.270150682	80.70671519899042	15000.043520	cloud-23979	OUT OF MEMORY	131.918309061	75.16451245499775	15000.174592	cloud-23941
eca-programs/Problem102_label46.yml	false	OUT OF MEMORY	177.71839344	99.77881794400037	15000.039424	cloud-23979	OUT OF MEMORY	123.343252349	69.38598757001455	15000.420352	cloud-23940	OUT OF MEMORY	135.057146979	76.15491660797852	15000.174592	cloud-23939
eca-programs/Problem102_label47.yml	true	OUT OF MEMORY	117.325324675	67.21412617899477	15000.166400	cloud-23940	OUT OF MEMORY	139.964665959	78.17657497298205	15000.039424	cloud-23979	OUT OF MEMORY	164.990461253	92.36255540102138	15000.309760	cloud-23979
eca-programs/Problem102_label48.yml	false	OUT OF MEMORY	183.323849415	105.19940029899954	15000.039424	cloud-23979	OUT OF MEMORY	141.83332255	79.38256374298362	15000.039424	cloud-23938	OUT OF MEMORY	128.827259301	72.90573786298046	15000.178688	cloud-23943
eca-programs/Problem102_label49.yml	false	OUT OF MEMORY	127.461419552	72.55861172900768	15000.162304	cloud-23941	OUT OF MEMORY	146.619901304	81.93626709500677	15000.035328	cloud-23979	OUT OF MEMORY	169.593112354	98.26873677698313	15000.055808	cloud-23980
eca-programs/Problem102_label50.yml	false	OUT OF MEMORY	135.210339841	75.53900917002466	15000.170496	cloud-23944	OUT OF MEMORY	147.89791861	82.83628466399387	15000.031232	cloud-23933	OUT OF MEMORY	157.426626039	87.56171206300496	15000.055808	cloud-23933
eca-programs/Problem102_label51.yml	false	OUT OF MEMORY	127.439906682	72.6149935980211	15000.166400	cloud-23941	OUT OF MEMORY	159.534754545	88.50109156200779	15000.039424	cloud-23979	OUT OF MEMORY	124.312518797	70.37149278100696	15000.170496	cloud-23940
eca-programs/Problem102_label52.yml	true	OUT OF MEMORY	115.931088322	65.82841794501292	15000.162304	cloud-23944	OUT OF MEMORY	140.311894295	78.79331323501538	15000.035328	cloud-23933	OUT OF MEMORY	152.302824754	83.51932233799016	15000.305664	cloud-23933
eca-programs/Problem102_label53.yml	true	OUT OF MEMORY	128.647078628	72.91212234599516	15000.170496	cloud-23943	OUT OF MEMORY	116.270499727	66.04524532199139	15000.166400	cloud-23944	OUT OF MEMORY	122.457906698	69.65503115099273	15000.412160	cloud-23944
eca-programs/Problem102_label54.yml	true	OUT OF MEMORY	117.902765543	67.21791375405155	15000.166400	cloud-23940	OUT OF MEMORY	119.03267162	67.4277355929953	15000.158208	cloud-23941	OUT OF MEMORY	189.703793645	110.46014285000274	15000.039424	cloud-23982
eca-programs/Problem102_label55.yml	false	OUT OF MEMORY	116.555697196	66.38266143301735	15000.170496	cloud-23940	OUT OF MEMORY	136.903134675	76.77637398801744	15000.039424	cloud-23979	OUT OF MEMORY	131.963350991	75.06718891698983	15000.166400	cloud-23942
eca-programs/Problem102_label56.yml	true	OUT OF MEMORY	185.356335047	105.48190695599988	15000.043520	cloud-23979	OUT OF MEMORY	140.636680239	79.94010212400462	15000.166400	cloud-23939	OUT OF MEMORY	167.657560506	94.69048655897495	15000.051712	cloud-23933
eca-programs/Problem102_label57.yml	true	OUT OF MEMORY	121.607672367	68.99429116398096	15000.158208	cloud-23940	OUT OF MEMORY	145.058192577	81.33696694599348	15000.043520	cloud-23933	OUT OF MEMORY	187.793582681	107.61106594500598	15000.190976	cloud-23982
eca-programs/Problem102_label58.yml	true	OUT OF MEMORY	178.948773791	102.34261192799931	15000.285184	cloud-23979	OUT OF MEMORY	142.125596426	79.81828360300278	15000.043520	cloud-23933	OUT OF MEMORY	165.18399169	91.83493371400982	15000.252416	cloud-23979
eca-programs/Problem102_label59.yml	false	OUT OF MEMORY	128.662401606	74.03819394501625	15000.166400	cloud-23941	OUT OF MEMORY	160.654390917	92.94561910399352	15000.043520	cloud-23980	OUT OF MEMORY	133.369623993	75.1191711089923	15000.174592	cloud-23939
eca-programs/Problem103_label32.yml	false	OUT OF MEMORY	133.99028335	78.13550767299967	15000.043520	cloud-23979	OUT OF MEMORY	93.575209002	53.30187413399108	15000.428544	cloud-23944	OUT OF MEMORY	117.070476726	66.81071712600533	15000.039424	cloud-23980
eca-programs/Problem103_label35.yml	false	OUT OF MEMORY	100.888882446	56.84963411296485	15000.162304	cloud-23939	OUT OF MEMORY	96.972473585	54.92045105298166	15000.350720	cloud-23939	OUT OF MEMORY	119.516528466	66.9744293979893	15000.244224	cloud-23979
eca-programs/Problem103_label40.yml	true	OUT OF MEMORY	124.174848643	69.56092466299742	15000.035328	cloud-24259	OUT OF MEMORY	141.410738986	79.69277437098208	15000.039424	cloud-23938	OUT OF MEMORY	135.383648299	77.52280708900071	15000.055808	cloud-23982
eca-programs/Problem103_label41.yml	false	OUT OF MEMORY	107.997793101	61.11688691296149	15000.170496	cloud-23943	OUT OF MEMORY	112.431853317	63.621342591010034	15000.039424	cloud-23933	OUT OF MEMORY	101.671143537	57.53238770601456	15000.178688	cloud-23940
eca-programs/Problem103_label42.yml	true	OUT OF MEMORY	140.806992977	81.53257501999997	15000.035328	cloud-23979	OUT OF MEMORY	126.082707318	71.93245938100154	15000.043520	cloud-23980	OUT OF MEMORY	146.86138799	83.65525832399726	15000.051712	cloud-23938
eca-programs/Problem103_label43.yml	true	OUT OF MEMORY	125.702233274	70.92370556600144	15000.035328	cloud-23933	OUT OF MEMORY	129.520364503	72.92762084200513	15000.043520	cloud-23979	OUT OF MEMORY	102.641440862	58.36375058698468	15000.170496	cloud-23940
eca-programs/Problem103_label44.yml	false	OUT OF MEMORY	132.51418341	75.50577688799967	15000.043520	cloud-23979	OUT OF MEMORY	100.412211753	57.035505298001226	15000.162304	cloud-23939	OUT OF MEMORY	101.590164022	57.73554400698049	15000.178688	cloud-23944
eca-programs/Problem103_label45.yml	true	OUT OF MEMORY	120.713014929	67.9662047289994	15000.305664	cloud-23933	OUT OF MEMORY	114.233900578	64.53195627301466	15000.297472	cloud-23980	OUT OF MEMORY	95.848182356	54.01570748601807	15000.166400	cloud-23943
eca-programs/Problem103_label46.yml	false	OUT OF MEMORY	140.21916463	78.19653646199731	15000.039424	cloud-23933	OUT OF MEMORY	119.891885108	66.8781456790166	15000.227840	cloud-23982	OUT OF MEMORY	131.440792293	72.74227721599163	15000.055808	cloud-23933
eca-programs/Problem103_label47.yml	false	OUT OF MEMORY	145.11473087	83.61688614500008	15000.035328	cloud-23979	OUT OF MEMORY	152.194378895	89.41731745301513	15000.260608	cloud-23982	OUT OF MEMORY	97.361640506	54.972125260013854	15000.174592	cloud-23940
eca-programs/Problem103_label48.yml	true	OUT OF MEMORY	88.303329461	50.64307519700378	15000.170496	cloud-23940	OUT OF MEMORY	131.178062116	73.99103528898559	15000.043520	cloud-23980	OUT OF MEMORY	108.622668983	61.26225447800243	15000.162304	cloud-23941
eca-programs/Problem103_label49.yml	true	OUT OF MEMORY	163.750645016	94.971848701	15000.297472	cloud-23933	OUT OF MEMORY	134.664854281	75.71582292599487	15000.043520	cloud-23938	OUT OF MEMORY	130.687036274	73.15737815300236	15000.051712	cloud-23979
eca-programs/Problem103_label50.yml	true	OUT OF MEMORY	112.061208754	63.17280074699738	15000.039424	cloud-23933	OUT OF MEMORY	121.940576673	68.77107958198758	15000.039424	cloud-23938	OUT OF MEMORY	146.279468013	83.39808544999687	15000.051712	cloud-23982
eca-programs/Problem103_label51.yml	false	OUT OF MEMORY	101.714011902	58.91958461899776	15000.170496	cloud-23941	OUT OF MEMORY	111.537781043	61.646710210014135	15000.039424	cloud-23933	OUT OF MEMORY	98.524975004	55.85145849001128	15000.162304	cloud-23940
eca-programs/Problem103_label52.yml	true	OUT OF MEMORY	103.409537936	58.94474880199414	15000.338432	cloud-23939	OUT OF MEMORY	100.693909687	57.09630407599616	15000.166400	cloud-23941	OUT OF MEMORY	148.319039156	85.74278847299865	15000.317952	cloud-23982
eca-programs/Problem103_label53.yml	false	OUT OF MEMORY	97.926867061	56.560569263994694	15000.158208	cloud-23940	OUT OF MEMORY	97.529634709	55.13444124898524	15000.166400	cloud-23943	OUT OF MEMORY	101.47296282	57.162154223013204	15000.178688	cloud-23943
eca-programs/Problem103_label54.yml	false	OUT OF MEMORY	114.489381949	64.74473688299986	15000.043520	cloud-24259	OUT OF MEMORY	140.196164082	78.98197482302203	15000.035328	cloud-23982	OUT OF MEMORY	96.341038859	55.379089030000614	15000.178688	cloud-23944
eca-programs/Problem103_label55.yml	true	OUT OF MEMORY	103.228350192	58.767156768008135	15000.350720	cloud-23943	OUT OF MEMORY	114.847275394	63.97020465999958	15000.043520	cloud-23982	OUT OF MEMORY	94.283723194	54.04647411798942	15000.170496	cloud-23944
eca-programs/Problem103_label56.yml	false	OUT OF MEMORY	124.70388634	70.37548239099851	15000.035328	cloud-24259	OUT OF MEMORY	93.073364133	52.725884697021684	15000.162304	cloud-23942	OUT OF MEMORY	99.89668298	56.928903945023194	15000.178688	cloud-23944
eca-programs/Problem103_label57.yml	false	OUT OF MEMORY	98.087800706	55.32589378004195	15000.166400	cloud-23939	OUT OF MEMORY	115.724416085	64.70565861399518	15000.031232	cloud-23979	OUT OF MEMORY	101.774042718	57.387213022011565	15000.178688	cloud-23939
eca-programs/Problem103_label58.yml	true	OUT OF MEMORY	89.377961682	51.11207093601115	15000.166400	cloud-23942	OUT OF MEMORY	107.322516236	60.42253398601315	15000.240128	cloud-23933	OUT OF MEMORY	94.297026741	54.44489309200435	15000.162304	cloud-23944
eca-programs/Problem103_label59.yml	false	OUT OF MEMORY	126.201753797	71.0594973609999	15000.043520	cloud-23933	OUT OF MEMORY	98.440390911	55.85690205701394	15000.166400	cloud-23940	OUT OF MEMORY	100.369484772	56.87517464000848	15000.174592	cloud-23943
