tool		Theta 6.17.6	Theta 6.17.6	Theta 6.17.6	Theta 6.17.6	Theta 6.17.6	Theta 6.17.6	Theta 6.17.6	Theta 6.17.6	Theta 6.17.6	Theta 6.17.6	Theta 6.17.6	Theta 6.17.6	Theta 6.17.6	Theta 6.17.6	Theta 6.17.6
run set		PredCart(100, true) -> KInd().SV-COMP25_unreach-call	PredCart(100, true) -> KInd().SV-COMP25_unreach-call	PredCart(100, true) -> KInd().SV-COMP25_unreach-call	PredCart(100, true) -> KInd().SV-COMP25_unreach-call	PredCart(100, true) -> KInd().SV-COMP25_unreach-call	basePredCart.SV-COMP25_unreach-call	basePredCart.SV-COMP25_unreach-call	basePredCart.SV-COMP25_unreach-call	basePredCart.SV-COMP25_unreach-call	basePredCart.SV-COMP25_unreach-call	KInd().SV-COMP25_unreach-call	KInd().SV-COMP25_unreach-call	KInd().SV-COMP25_unreach-call	KInd().SV-COMP25_unreach-call	KInd().SV-COMP25_unreach-call
sv-benchmarks/c/		status	cputime (s)	walltime (s)	memory (MB)	host	status	cputime (s)	walltime (s)	memory (MB)	host	status	cputime (s)	walltime (s)	memory (MB)	host
locks/test_locks_10.yml	true	TIMEOUT	990.33887748	966.9771709179986	706.785280	cloud-23933	TIMEOUT	990.381647224	963.7932557429885	665.169920	cloud-23979	true	134.421972142	123.65002636201098	970.219520	cloud-23980
locks/test_locks_11.yml	true	TIMEOUT	990.377629566	967.9498649080051	686.489600	cloud-24259	TIMEOUT	990.327724832	966.3669461579993	646.189056	cloud-23933	true	287.898587244	273.7923547659884	1119.707136	cloud-23982
locks/test_locks_12.yml	true	TIMEOUT	990.242548745	969.4573278919997	682.692608	cloud-23979	TIMEOUT	990.39366842	958.4461619009962	644.161536	cloud-23982	true	452.462712233	435.9306978380191	1163.907072	cloud-23980
locks/test_locks_13.yml	true	TIMEOUT	990.301476038	967.005258008001	755.650560	cloud-23933	TIMEOUT	990.350699487	962.7707683740009	709.382144	cloud-23933	true	656.444157682	638.4734433150152	1284.988928	cloud-23938
locks/test_locks_9.yml	true	true	864.290544184	830.6367110760002	1754.255360	cloud-23979	TIMEOUT	990.325105831	969.0894738859788	694.935552	cloud-23980	true	96.191328243	82.73895219000406	953.765888	cloud-23982
unsignedintegeroverflow-sas23/distance_through_overflow.yml	true	true	22.714983971	12.491988460998982	593.666048	cloud-23933	true	21.614921186	11.635145431006094	660.054016	cloud-23980	TIMEOUT	990.23858182	978.2187469649944	523.288576	cloud-23980
longjmp/68-longjmp_04-counting-local_true.yml	true	ERROR (generic error, after parsing finished)	22.746474989	12.470041368000238	554.094592	cloud-23933	ERROR (server error, after parsing finished)	21.273129351	11.535242817015387	562.180096	cloud-23980	ERROR (generic error, after parsing finished)	15.277217801	8.53622830400127	499.306496	cloud-23980
longjmp/68-longjmp_04-counting-local_unknown_1_neg.yml	false	ERROR (generic error, after parsing finished)	25.142588306	13.644739908999327	544.731136	cloud-24259	ERROR (server error, after parsing finished)	16.833616022	9.383883842005162	545.259520	cloud-23933	ERROR (generic error, after parsing finished)	19.734686197	10.797397354996065	538.804224	cloud-23938
longjmp/68-longjmp_04-counting-local_unknown_1_pos.yml	false	ERROR (generic error, after parsing finished)	21.441586694	11.749439865991008	581.709824	cloud-23943	ERROR (server error, after parsing finished)	17.79382434	9.769249331002356	528.867328	cloud-23980	ERROR (generic error, after parsing finished)	21.495341297	11.628856722993078	506.486784	cloud-23938
longjmp/68-longjmp_07-returns_true.yml	true	ERROR (generic error, after parsing finished)	22.316072501	12.209449343994493	584.294400	cloud-24259	ERROR (server error, after parsing finished)	19.155925426	10.466121772013139	548.339712	cloud-23980	ERROR (generic error, after parsing finished)	18.548792977	10.113273113995092	470.654976	cloud-23979
longjmp/68-longjmp_11-counting-return_true.yml	true	ERROR (generic error, after parsing finished)	25.549312243	14.011903252998309	565.047296	cloud-24259	ERROR (server error, after parsing finished)	17.906039846	9.792375595017802	545.390592	cloud-23980	ERROR (generic error, after parsing finished)	16.652231403	9.043214628007263	502.390784	cloud-23980
longjmp/68-longjmp_11-counting-return_unknown_1_neg.yml	false	ERROR (generic error, after parsing finished)	19.649401545	10.773141244004364	568.188928	cloud-23933	ERROR (server error, after parsing finished)	17.815388924	9.91462418701849	550.043648	cloud-23982	ERROR (generic error, after parsing finished)	15.679822008	8.840894449996995	516.169728	cloud-23980
longjmp/68-longjmp_11-counting-return_unknown_1_pos.yml	false	ERROR (generic error, after parsing finished)	21.557067071	12.14326867699856	614.854656	cloud-23979	ERROR (server error, after parsing finished)	18.412714759	10.20228968502488	548.737024	cloud-23933	ERROR (generic error, after parsing finished)	16.307400138	9.56494189798832	512.765952	cloud-23980
longjmp/68-longjmp_12-counting-global_true.yml	true	ERROR (generic error, after parsing finished)	22.254333327	12.195937043000015	545.378304	cloud-23933	ERROR (server error, after parsing finished)	19.247537525	10.43892083800165	585.977856	cloud-23979	ERROR (generic error, after parsing finished)	20.714394938	11.467407921998529	474.685440	cloud-23982
longjmp/68-longjmp_12-counting-global_unknown_1_neg.yml	false	ERROR (generic error, after parsing finished)	21.875378931	12.07290237199777	542.429184	cloud-24259	ERROR (server error, after parsing finished)	21.001491872	11.511801840999397	539.836416	cloud-23933	ERROR (generic error, after parsing finished)	21.469877488	12.05277865199605	500.559872	cloud-23938
longjmp/68-longjmp_12-counting-global_unknown_1_pos.yml	false	ERROR (generic error, after parsing finished)	22.942266814	12.83093863600152	502.120448	cloud-24259	ERROR (server error, after parsing finished)	22.322569934	12.150964961008867	547.749888	cloud-23938	ERROR (generic error, after parsing finished)	21.592088636	11.755281122983433	488.513536	cloud-23982
longjmp/68-longjmp_13-counting-local_true.yml	true	ERROR (generic error, after parsing finished)	23.416465248	12.85171698799968	554.405888	cloud-24259	ERROR (server error, after parsing finished)	21.791546899	11.728485627972987	524.922880	cloud-23938	ERROR (generic error, after parsing finished)	19.170027791	10.576560023997445	461.029376	cloud-23933
longjmp/68-longjmp_13-counting-local_unknown_1_neg.yml	false	ERROR (generic error, after parsing finished)	22.340364856	12.423620928999298	554.897408	cloud-24259	ERROR (server error, after parsing finished)	17.584879735	9.860530101985205	557.084672	cloud-23980	ERROR (generic error, after parsing finished)	23.955711638	12.870270849001827	495.071232	cloud-23982
longjmp/68-longjmp_13-counting-local_unknown_1_pos.yml	false	ERROR (generic error, after parsing finished)	23.682847631	12.91426289499941	572.051456	cloud-24259	ERROR (server error, after parsing finished)	16.204833111	8.97171476497897	550.932480	cloud-23982	ERROR (generic error, after parsing finished)	19.249240461	10.640699745999882	509.476864	cloud-23979
longjmp/68-longjmp_14-counting-return-one-method_true.yml	true	ERROR (generic error, after parsing finished)	26.948601672	14.740485628000897	567.365632	cloud-23979	ERROR (server error, after parsing finished)	19.034072039	10.386597610020544	538.083328	cloud-23938	ERROR (generic error, after parsing finished)	18.880865482	10.220635770005174	514.596864	cloud-23980
longjmp/68-longjmp_14-counting-return-one-method_unknown_1_neg.yml	false	ERROR (generic error, after parsing finished)	23.546206022	12.939306049999914	560.623616	cloud-24259	ERROR (server error, after parsing finished)	23.248374242	12.799698816001182	555.966464	cloud-23982	ERROR (generic error, after parsing finished)	18.049727047	9.85780772002181	507.858944	cloud-23979
longjmp/68-longjmp_14-counting-return-one-method_unknown_1_pos.yml	false	ERROR (generic error, after parsing finished)	17.933161154	9.873258371953852	544.292864	cloud-23941	ERROR (server error, after parsing finished)	16.272283733	8.891064825002104	545.161216	cloud-23980	ERROR (generic error, after parsing finished)	16.27084617	8.901452039019205	515.125248	cloud-23933
longjmp/68-longjmp_15-counting-global-one-method_true.yml	true	ERROR (generic error, after parsing finished)	27.405885426	15.061146691994509	553.877504	cloud-23933	ERROR (server error, after parsing finished)	22.616108533	12.315434479998657	560.910336	cloud-23982	ERROR (generic error, after parsing finished)	21.721952554	11.56560479599284	515.588096	cloud-23933
longjmp/68-longjmp_15-counting-global-one-method_unknown_1_neg.yml	false	ERROR (generic error, after parsing finished)	16.941807604	9.668645341997035	547.274752	cloud-23944	ERROR (server error, after parsing finished)	17.621136587	9.823270121007226	568.070144	cloud-23980	ERROR (generic error, after parsing finished)	21.183410824	11.406615671003237	492.158976	cloud-23980
longjmp/68-longjmp_15-counting-global-one-method_unknown_1_pos.yml	false	ERROR (generic error, after parsing finished)	25.316631363	13.808838853001362	524.947456	cloud-23979	ERROR (server error, after parsing finished)	20.341853306	11.052123496017884	562.040832	cloud-23933	ERROR (generic error, after parsing finished)	21.711635751	11.951039613981266	496.541696	cloud-23982
longjmp/68-longjmp_16-counting-local-one-method_true.yml	true	ERROR (generic error, after parsing finished)	23.934634403	13.240434333994926	553.136128	cloud-23933	ERROR (server error, after parsing finished)	17.001458529	9.409033793985145	656.617472	cloud-23980	ERROR (generic error, after parsing finished)	23.720266389	13.17299114499474	467.390464	cloud-23982
longjmp/68-longjmp_16-counting-local-one-method_unknown_1_neg.yml	false	ERROR (generic error, after parsing finished)	24.600982743	13.383240966002631	575.774720	cloud-24259	ERROR (server error, after parsing finished)	18.854968033	10.197040377999656	556.040192	cloud-23980	ERROR (generic error, after parsing finished)	27.078421923	14.710852310992777	509.595648	cloud-23938
longjmp/68-longjmp_16-counting-local-one-method_unknown_1_pos.yml	false	ERROR (generic error, after parsing finished)	24.161701218	13.41270420300134	556.314624	cloud-24259	ERROR (server error, after parsing finished)	23.944167825	13.109830385015812	505.692160	cloud-23982	ERROR (generic error, after parsing finished)	21.22684927	11.553698478994193	479.846400	cloud-23982
longjmp/68-longjmp_18-simple-else_true.yml	true	ERROR (generic error, after parsing finished)	25.37585934	13.68761348699627	623.382528	cloud-23979	ERROR (server error, after parsing finished)	18.253497414	10.098449706012616	547.422208	cloud-23933	ERROR (generic error, after parsing finished)	19.837906052	10.829397883993806	500.002816	cloud-23980
longjmp/68-longjmp_18-simple-else_unknown_1_neg.yml	false	ERROR (generic error, after parsing finished)	27.538825942	15.094493788001273	556.769280	cloud-24259	ERROR (server error, after parsing finished)	22.334843346	12.057922827021684	560.791552	cloud-23979	ERROR (generic error, after parsing finished)	16.094194846	8.772911220003152	510.779392	cloud-23944
longjmp/68-longjmp_18-simple-else_unknown_1_pos.yml	false	ERROR (generic error, after parsing finished)	29.529410777	15.875338004996593	581.087232	cloud-23979	ERROR (server error, after parsing finished)	21.78027228	11.84552170499228	537.202688	cloud-23979	ERROR (generic error, after parsing finished)	21.142806339	11.413479945011204	489.066496	cloud-23979
longjmp/68-longjmp_18-simple-else_unknown_2_neg.yml	false	ERROR (generic error, after parsing finished)	25.904841986	13.909619543002918	563.978240	cloud-24259	ERROR (server error, after parsing finished)	21.394541577	11.575018138973974	568.664064	cloud-23979	ERROR (generic error, after parsing finished)	22.459455793	12.226455409982009	515.452928	cloud-23933
longjmp/68-longjmp_18-simple-else_unknown_2_pos.yml	false	ERROR (generic error, after parsing finished)	20.782962623	11.470005812003365	576.712704	cloud-23979	ERROR (server error, after parsing finished)	19.798713252	10.717733871017117	572.608512	cloud-23933	ERROR (generic error, after parsing finished)	22.54936057	12.321376220992533	521.302016	cloud-23979
longjmp/68-longjmp_19-simpler_true.yml	true	ERROR (generic error, after parsing finished)	27.43840471	14.95804866799881	567.746560	cloud-24259	ERROR (server error, after parsing finished)	24.122123405	13.192528696003137	550.830080	cloud-23933	ERROR (generic error, after parsing finished)	19.527379631	10.689168899989454	545.742848	cloud-23933
longjmp/68-longjmp_20-simpler-multifun_true.yml	true	ERROR (generic error, after parsing finished)	21.573588208	11.702113068000472	598.032384	cloud-23979	ERROR (server error, after parsing finished)	24.644657841	13.336142059008125	582.774784	cloud-23938	ERROR (generic error, after parsing finished)	18.980057996	10.75758056298946	515.166208	cloud-23980
longjmp/68-longjmp_21-multifun_true.yml	true	ERROR (generic error, after parsing finished)	19.630302001	10.723657241032925	628.793344	cloud-23940	ERROR (server error, after parsing finished)	21.16409068	11.64726657999563	542.191616	cloud-23933	ERROR (generic error, after parsing finished)	21.344612406	11.624702928995248	525.893632	cloud-23979
longjmp/68-longjmp_22-multifun-arg_true.yml	true	ERROR (generic error, after parsing finished)	25.671993326	13.863408430002892	558.563328	cloud-23979	ERROR (server error, after parsing finished)	22.073759038	12.092850613989867	544.067584	cloud-23982	ERROR (generic error, after parsing finished)	20.302539431	10.977497601008508	496.881664	cloud-23979
longjmp/68-longjmp_44-simple-else-path_true.yml	true	ERROR (generic error, after parsing finished)	23.674358489	13.028869334004412	587.358208	cloud-24259	ERROR (server error, after parsing finished)	24.650695132	13.232974498008844	594.309120	cloud-23980	ERROR (generic error, after parsing finished)	21.866927725	12.25265759701142	518.017024	cloud-23980
longjmp/68-longjmp_51-worries_true.yml	true	ERROR (generic error, after parsing finished)	25.658402096	14.24056932899839	538.931200	cloud-23933	ERROR (server error, after parsing finished)	25.538240569	13.715073217987083	551.120896	cloud-23938	ERROR (generic error, after parsing finished)	26.141579609	14.198551150009735	501.792768	cloud-23982
loops/array-1.yml	true	true	20.231879264	10.978622215996438	533.938176	cloud-24259	true	19.122860204	10.57646417201613	518.873088	cloud-23980	ERROR (server error, after parsing finished)	21.651055598	12.104688010003883	463.364096	cloud-23982
loops/array-2.yml	false	false(unreach-call)	22.719821446	12.655140854003548	524.541952	cloud-23933	false(unreach-call)	18.511151464	10.395588546991348	531.132416	cloud-23979	ERROR (server error, after parsing finished)	19.786502512	10.965432592987781	464.183296	cloud-23938
loops/compact.yml	false	false(unreach-call)	29.790841029	17.330646793001506	533.975040	cloud-23979	false(unreach-call)	19.349656502	11.054051429004176	532.279296	cloud-23944	ERROR (server error, after parsing finished)	19.98514824	10.899656647990923	462.213120	cloud-23938
loops/count_up_down-1.yml	true	TIMEOUT	990.424060284	960.0571175469995	1829.089280	cloud-23933	ERROR (solver error, after parsing finished)	394.068207981	325.8499470749812	2083.819520	cloud-23933	TIMEOUT	990.178926392	978.0531257019902	630.231040	cloud-23982
loops/eureka_01-2.yml	true	ERROR (server error, after parsing finished)	159.993183271	132.1019795070024	1484.808192	cloud-24259	TIMEOUT	990.644237916	961.4527332639846	2725.974016	cloud-23982	ERROR (server error, after parsing finished)	19.562133911	10.664523198007373	524.029952	cloud-23933
loops/eureka_05.yml	true	TIMEOUT	991.956311416	518.2266722949571	2132.754432	cloud-23943	TIMEOUT	991.391394201	523.6989145590051	2113.228800	cloud-23982	ERROR (server error, after parsing finished)	17.481392455	9.74430153297726	536.891392	cloud-23933
loops/heavy-1.yml	false	ERROR (server error, after parsing finished)	230.679782878	211.7054639859998	722.067456	cloud-23933	TIMEOUT	990.275272719	974.4223934249894	776.228864	cloud-23980	ERROR (server error, after parsing finished)	19.684287005	10.853611081984127	484.122624	cloud-23979
loops/heavy-2.yml	true	true	15.88219658	9.12346032098867	541.605888	cloud-23944	true	19.74366127	10.696992987999693	510.525440	cloud-23933	ERROR (server error, after parsing finished)	15.787396908	8.83686892100377	473.845760	cloud-23980
loops/insertion_sort-1-2.yml	false	ERROR (server error, after parsing finished)	130.691703092	113.88470261100156	730.882048	cloud-24259	ERROR (verification stuck, after parsing finished)	69.732121076	57.79438087402377	708.661248	cloud-23980	ERROR (server error, after parsing finished)	17.074636293	9.485650101996725	539.201536	cloud-23980
loops/insertion_sort-2-2.yml	true	ERROR (server error, after parsing finished)	155.16086431	136.15700018099596	874.639360	cloud-23933	TIMEOUT	990.277991699	972.414662272	685.309952	cloud-23980	ERROR (server error, after parsing finished)	19.26502788	10.616016209009103	532.328448	cloud-23982
loops/invert_string-1.yml	false	false(unreach-call)	24.999286541	14.087254482000048	570.769408	cloud-23979	false(unreach-call)	24.713773673	14.209110682975734	563.744768	cloud-23980	ERROR (server error, after parsing finished)	18.938971922	10.334121986990795	516.304896	cloud-23933
loops/invert_string-3.yml	true	ERROR (server error, after parsing finished)	830.937186513	472.14328066599774	2094.043136	cloud-23933	TIMEOUT	991.977416434	607.7758598969958	2093.719552	cloud-23979	ERROR (server error, after parsing finished)	18.380600713	10.095328602998052	469.200896	cloud-23979
loops/linear_sea.ch.yml	true	ERROR (generic error, after parsing finished)	26.802625787	14.93926827499672	554.127360	cloud-23979	ERROR (server error, after parsing finished)	22.823324191	12.447391695022816	559.370240	cloud-23979	ERROR (generic error, after parsing finished)	17.919785562	9.932747949991608	525.443072	cloud-23940
loops/linear_search.yml	false	ERROR (generic error, after parsing finished)	27.755021343	15.3032346780019	516.874240	cloud-23933	ERROR (server error, after parsing finished)	17.19528308	9.503535744996043	538.927104	cloud-23933	ERROR (generic error, after parsing finished)	17.646084018	9.79683633899549	509.005824	cloud-23979
loops/n.c11.yml	true	true	18.72642468	10.463361877998977	528.879616	cloud-23979	true	20.446041309	11.394098057993688	512.970752	cloud-23938	ERROR (server error, after parsing finished)	20.52247417	11.366770456981612	468.676608	cloud-23933
loops/n.c40.yml	true	true	26.766750423	14.799749516998418	964.505600	cloud-24259	true	24.254130188	13.619090173015138	967.852032	cloud-23980	ERROR (server error, after parsing finished)	17.946959906	10.056368406978436	468.602880	cloud-23979
loops/nec11.yml	false	false(unreach-call)	21.559693535	12.028486301998782	561.324032	cloud-23933	false(unreach-call)	21.720567728	11.695274177996907	513.548288	cloud-23938	ERROR (server error, after parsing finished)	14.151451528	7.939741204987513	511.242240	cloud-23944
loops/nec20.yml	false	false(unreach-call)	20.829809035	11.496573939999507	530.399232	cloud-23979	false(unreach-call)	23.824721661	12.782363890990382	556.998656	cloud-23982	ERROR (server error, after parsing finished)	21.18908827	11.552471784991212	459.816960	cloud-23980
loops/nec40.yml	true	true	22.982953788	12.922710973998619	944.279552	cloud-23979	true	27.285368824	15.504327639006078	895.557632	cloud-23982	ERROR (server error, after parsing finished)	20.910888508	11.426803428010317	523.517952	cloud-23933
loops/string-1.yml	true	true	26.041832031	14.229709981998894	554.143744	cloud-23933	true	23.118928261	12.852506787981838	588.500992	cloud-23982	ERROR (server error, after parsing finished)	23.524145802	12.897927334997803	504.700928	cloud-23982
loops/string-2.yml	false	ERROR (generic error, after parsing finished)	32.959922578	21.84639205699932	581.644288	cloud-23979	ERROR (server error, after parsing finished)	20.059339818	12.310886676015798	587.104256	cloud-23982	ERROR (server error, after parsing finished)	19.426872689	10.990094704990042	513.654784	cloud-23980
loops/sum01-2.yml	true	true	17.211917639	9.583139542999561	582.017024	cloud-23979	true	21.215755045	11.715946031006752	598.855680	cloud-23933	TIMEOUT	990.458372255	974.860354991979	1966.989312	cloud-23982
loops/sum03-1.yml	false	false(unreach-call)	589.386119887	572.9399669330451	776.568832	cloud-23940	TIMEOUT	990.225476379	977.2650204360252	582.828032	cloud-23980	TIMEOUT	990.24673368	976.6626916399982	565.084160	cloud-23982
loops/sum03-2.yml	true	ERROR (generic error, after parsing finished)	29.911720711	19.21033140900181	603.582464	cloud-23933	ERROR (server error, after parsing finished)	29.231305031	19.795531527983258	582.422528	cloud-23979	true	214.629023389	203.88369550200878	591.945728	cloud-23979
loops/sum_array-2-2.yml	true	ERROR (server error, after parsing finished)	132.956262798	117.9626042480013	654.532608	cloud-24259	TIMEOUT	990.566695664	962.1332876300148	933.482496	cloud-23933	ERROR (server error, after parsing finished)	20.418073611	11.081474555976456	544.010240	cloud-23980
loops/terminator_01.yml	false	false(unreach-call)	23.182705027	12.667499486000452	546.512896	cloud-23933	false(unreach-call)	25.235363904	13.818280971987406	544.284672	cloud-23982	ERROR (server error, after parsing finished)	17.343816411	9.50526287901448	467.845120	cloud-23933
loops/terminator_02-2_abstracted.yml	true	true	15.211693924	8.701805164979305	539.389952	cloud-23940	true	26.123715186	14.292102369014174	600.702976	cloud-23982	ERROR (server error, after parsing finished)	21.590262657	11.876533365022624	520.724480	cloud-23938
loops/trex03-2_abstracted.yml	true	true	19.213742555	10.511325808001857	569.520128	cloud-24259	true	19.857513655	11.032400409021648	576.372736	cloud-23938	ERROR (server error, after parsing finished)	23.184180335	13.110786895005731	516.661248	cloud-23982
loops/veris.c_sendmail_tTflag_arr_one_loop.yml	true	true	24.124445298	13.861340676001419	552.624128	cloud-23933	true	18.152541588	10.267708096012939	503.160832	cloud-23980	ERROR (server error, after parsing finished)	27.03056528	14.90568795701256	512.159744	cloud-23933
loop-acceleration/array_1-1.yml	false	ERROR (generic error, after parsing finished)	143.376938872	118.86392161999902	703.590400	cloud-23933	TIMEOUT	990.309191164	967.7046626369993	827.523072	cloud-23980	ERROR (server error, after parsing finished)	20.629593491	11.343564983981196	471.220224	cloud-23982
loop-acceleration/array_1-2.yml	true	ERROR (generic error, after parsing finished)	133.184811142	113.28377705399907	656.855040	cloud-23979	TIMEOUT	990.340948561	963.1247058099834	862.453760	cloud-23982	ERROR (server error, after parsing finished)	16.249315241	9.176026819972321	498.802688	cloud-23979
loop-acceleration/array_2-1-simple.yml	false	ERROR (generic error, after parsing finished)	135.614394297	114.19505450199358	750.608384	cloud-23979	TIMEOUT	990.471117028	957.3897959709866	1175.298048	cloud-23938	ERROR (server error, after parsing finished)	18.831440456	10.464431385014905	554.622976	cloud-23933
loop-acceleration/array_2-1.yml	false	ERROR (generic error, after parsing finished)	142.943998965	118.53336418499998	1387.413504	cloud-24259	TIMEOUT	990.585718706	956.4961583940021	1970.954240	cloud-23938	ERROR (server error, after parsing finished)	22.314960315	12.20501513898489	551.309312	cloud-23982
loop-acceleration/array_2-2-simple.yml	true	ERROR (generic error, after parsing finished)	144.84114384	118.1239646920003	770.916352	cloud-23933	TIMEOUT	990.365567843	958.9601054430241	1212.461056	cloud-23938	ERROR (server error, after parsing finished)	24.091980135	13.248592596995877	544.751616	cloud-23982
loop-acceleration/array_2-2.yml	true	ERROR (generic error, after parsing finished)	148.221696714	119.98109610300162	1154.404352	cloud-23933	TIMEOUT	990.527761717	954.4465954889893	2205.921280	cloud-23933	ERROR (server error, after parsing finished)	17.765911704	9.932012286008103	530.735104	cloud-23980
loop-acceleration/array_3-1.yml	true	true	20.534278095	11.322527996002464	578.441216	cloud-23933	true	22.158342371	12.079386390018044	568.832000	cloud-23982	ERROR (server error, after parsing finished)	20.087161593	11.269854609010508	512.061440	cloud-23938
loop-acceleration/array_3-2.yml	false	ERROR (generic error, after parsing finished)	149.759341417	123.12403766100033	736.276480	cloud-23933	TIMEOUT	990.369852652	960.7990879099816	1059.909632	cloud-23982	ERROR (server error, after parsing finished)	22.870736987	12.680836776999058	531.218432	cloud-23982
loop-acceleration/array_4.yml	true	ERROR (generic error, after parsing finished)	130.940697226	114.16586271300912	726.454272	cloud-23942	TIMEOUT	990.411415371	962.5878631480155	942.739456	cloud-23982	ERROR (server error, after parsing finished)	20.849734771	11.426326351007447	549.724160	cloud-23933
loop-acceleration/diamond_1-1.yml	true	true	33.711382546	22.781413595000004	650.518528	cloud-23979	true	33.683715069	22.00824268301949	660.635648	cloud-23938	TIMEOUT	990.227958144	976.2339655940013	608.264192	cloud-23982
loop-acceleration/diamond_1-2.yml	false	TIMEOUT	990.503062864	945.1837776329994	1886.740480	cloud-23979	false(unreach-call)	777.111748868	747.4864500759868	1161.805824	cloud-23982	TIMEOUT	990.288942614	974.9563971800089	668.139520	cloud-23979
loop-acceleration/diamond_2-2.yml	true	ERROR (generic error, after parsing finished)	770.122565018	542.7746197390006	2333.962240	cloud-23979	true	751.543756076	539.748009130999	2311.417856	cloud-23938	TIMEOUT	990.330090888	971.8521502249932	704.839680	cloud-23938
loop-acceleration/functions_1-1.yml	true	true	32.064683678	19.99354559800122	594.587648	cloud-24259	ERROR (solver error, after parsing finished)	91.693820825	79.11663735599723	605.732864	cloud-23980	TIMEOUT	990.204595803	980.178307419992	543.113216	cloud-23980
loop-acceleration/functions_1-2.yml	false	TIMEOUT	990.307705507	970.6326037269973	657.240064	cloud-23933	ERROR (server error, after parsing finished)	27.066103084	16.47989615498227	586.600448	cloud-23979	TIMEOUT	990.238662558	976.4564965159807	646.598656	cloud-23982
loop-acceleration/multivar_1-1.yml	true	true	22.723383696	12.515980094998667	582.176768	cloud-23933	true	18.279373132	10.223994944011793	544.612352	cloud-23933	TIMEOUT	990.218032154	977.0185081789969	581.644288	cloud-23982
loop-acceleration/nested_1-1.yml	true	true	129.634705676	115.90893872599554	621.428736	cloud-24259	TIMEOUT	990.274152759	976.4985379489954	633.561088	cloud-23980	true	37.826115505	30.00803107599495	558.800896	cloud-23980
loop-acceleration/overflow_1-1.yml	true	true	20.250989868	11.299034609000955	587.862016	cloud-23933	true	24.017900171	13.400416354998015	586.579968	cloud-23938	TIMEOUT	990.282906539	976.8447198900103	555.462656	cloud-23938
loop-acceleration/phases_1-1.yml	true	true	27.863421809	20.48933081701398	602.492928	cloud-23940	true	35.614195422	27.210715042980155	583.942144	cloud-23980	TIMEOUT	990.266671589	977.7747237089789	536.469504	cloud-23980
loop-acceleration/phases_2-2.yml	true	TIMEOUT	990.265744322	978.2746675509989	561.344512	cloud-23979	TIMEOUT	990.2542955	977.5230190019938	584.892416	cloud-23979	true	115.174361472	106.04011483601062	508.768256	cloud-23938
loop-acceleration/simple_3-2.yml	true	true	23.87776858	12.981987590996141	601.321472	cloud-23933	true	17.193286296	9.42656548001105	592.470016	cloud-23980	TIMEOUT	990.226341743	978.7920156269975	579.575808	cloud-23942
loop-acceleration/underapprox_1-1.yml	false	false(unreach-call)	64.792324003	50.93349816399859	589.856768	cloud-23933	ERROR (server error, after parsing finished)	20.638469684	12.690159774996573	537.403392	cloud-23979	false(unreach-call)	227.349360773	218.1685864579922	550.993920	cloud-23979
loop-acceleration/underapprox_1-2.yml	true	true	73.649866567	60.71804847000021	592.199680	cloud-24259	ERROR (server error, after parsing finished)	41.70143026	32.002715785987675	543.784960	cloud-23982	true	534.626596	522.3114378330065	582.877184	cloud-23938
loop-acceleration/underapprox_2-1.yml	false	TIMEOUT	990.235074011	977.7292566209981	609.316864	cloud-23933	TIMEOUT	990.298974636	977.2429136569845	616.300544	cloud-23933	false(unreach-call)	35.847866955	24.89918773699901	535.031808	cloud-23982
loop-crafted/simple_array_index_value_1-1.yml	true	ERROR (server error, after parsing finished)	182.505198114	163.02694250799686	948.322304	cloud-24259	TIMEOUT	990.355081438	967.0690239869873	981.487616	cloud-23938	ERROR (server error, after parsing finished)	19.514073969	11.102745520009194	511.320064	cloud-23933
loop-crafted/simple_array_index_value_1-2.yml	false	false(unreach-call)	23.135470844	12.531200308003463	557.793280	cloud-23933	false(unreach-call)	21.594393032	11.82218633699813	574.500864	cloud-23979	ERROR (server error, after parsing finished)	15.770711213	8.58551061101025	528.207872	cloud-23980
loop-crafted/simple_array_index_value_2.yml	true	ERROR (server error, after parsing finished)	225.022725286	205.06518976900043	675.860480	cloud-23933	TIMEOUT	990.242184685	970.3042738950171	648.667136	cloud-23982	ERROR (server error, after parsing finished)	30.414862737	16.38470828399295	514.658304	cloud-23933
loop-crafted/simple_array_index_value_4.i.v+lhb-reducer.yml	true	ERROR (server error, after parsing finished)	141.700940719	119.76700035300018	946.810880	cloud-23979	TIMEOUT	990.644178694	959.0695098910073	1419.677696	cloud-23982	ERROR (server error, after parsing finished)	17.891854971	10.070332008006517	500.965376	cloud-23933
loop-crafted/simple_array_index_value_4.i.v+nlh-reducer.yml	true	ERROR (server error, after parsing finished)	139.72337865	116.0867222789675	901.234688	cloud-23943	TIMEOUT	990.497768014	959.1488132480008	1480.056832	cloud-23980	ERROR (server error, after parsing finished)	22.792867182	12.363630350999301	499.884032	cloud-23938
loop-crafted/simple_vardep_1.yml	true	true	170.43511906	123.95945759199822	1657.335808	cloud-23933	ERROR (server error, after parsing finished)	82.222331982	44.30544474298949	1678.503936	cloud-23979	true	442.542212042	431.0570246549905	526.655488	cloud-23938
loop-invgen/MADWiFi-encode_ie_ok.yml	true	true	23.133742464	12.693127086000459	587.440128	cloud-23979	true	20.566532857	11.381050613999832	566.013952	cloud-23979	TIMEOUT	990.353246225	970.2807782379969	1067.581440	cloud-23979
loop-invgen/NetBSD_loop.yml	true	true	18.904625769	10.589356280001084	555.184128	cloud-23979	true	19.590225906	10.685876723000547	582.430720	cloud-23980	TIMEOUT	990.34777979	972.3442161249986	963.567616	cloud-23938
loop-invgen/SpamAssassin-loop.i.v+cfa-reducer.yml	true	true	30.154960462	17.154247940998175	632.369152	cloud-24259	true	31.801219946	17.885340262000682	648.323072	cloud-23933	TIMEOUT	990.289753884	974.0970458039956	828.559360	cloud-23933
loop-invgen/SpamAssassin-loop.yml	true	true	31.424353637	17.048221830998955	585.555968	cloud-23933	true	33.349151067	17.878701337001985	602.066944	cloud-23938	TIMEOUT	990.219366108	976.9655416660244	688.193536	cloud-23980
loop-invgen/apache-escape-absolute.i.v+cfa-reducer.yml	true	true	37.136690081	21.749631487000016	636.551168	cloud-23979	true	36.799593064	21.834579311980633	619.790336	cloud-23979	TIMEOUT	990.270755793	976.8165266439901	785.027072	cloud-23980
loop-invgen/apache-escape-absolute.yml	true	true	30.497383938	16.520753791999596	625.537024	cloud-24259	true	27.842875577	15.167269600002328	619.229184	cloud-23938	TIMEOUT	990.254355875	976.5882730029989	686.043136	cloud-23980
loop-invgen/apache-get-tag.i.p+sep-reducer.yml	true	TIMEOUT	990.941451821	772.8284316779973	2931.662848	cloud-24259	true	732.949665528	682.8044434910116	1934.753792	cloud-23938	TIMEOUT	990.714100876	940.2400757480063	3042.086912	cloud-23942
loop-invgen/heapsort.yml	true	true	26.151352148	14.36399011300091	594.780160	cloud-23933	true	33.023057623	18.018373105995124	554.180608	cloud-23982	TIMEOUT	990.333386096	975.0852003699983	706.449408	cloud-23933
loop-invgen/large_const.yml	true	true	176.28148017	143.6396751650027	1648.566272	cloud-24259	TIMEOUT	990.457995529	956.5439066950057	936.960000	cloud-23979	true	21.826739192	11.953163894009776	583.204864	cloud-23979
loop-invgen/nest-if3.yml	true	true	20.847418472	11.30887268600054	578.650112	cloud-23933	true	19.763221072	11.053506733995164	583.208960	cloud-23979	TIMEOUT	990.298458122	973.0512319139962	954.433536	cloud-23938
loop-invgen/nested6.yml	true	true	19.103173648	10.392956135998247	610.910208	cloud-24259	true	25.847376016	14.25845648298855	580.878336	cloud-23933	TIMEOUT	990.30368869	974.0117429170059	742.744064	cloud-23938
loop-invgen/nested9.yml	true	true	25.33840463	13.723719900001015	591.527936	cloud-23979	true	26.606164812	14.3202221620013	592.056320	cloud-23982	TIMEOUT	990.283755267	973.1219738799846	1000.091648	cloud-23982
loop-invgen/sendmail-close-angle.yml	true	true	27.083821966	15.123422235999897	641.609728	cloud-24259	true	27.743507965	15.602177683002083	641.495040	cloud-23980	TIMEOUT	990.391211425	972.8701065319765	1134.497792	cloud-23938
loop-lit/afnp2014.yml	true	true	18.896060802	10.451547312000002	555.315200	cloud-24259	true	20.719290829	11.538403354003094	584.478720	cloud-23933	TIMEOUT	990.354063644	973.9463030339975	1064.173568	cloud-23933
loop-lit/bhmr2007.yml	true	true	24.005517101	13.270352968997031	608.137216	cloud-23979	true	24.555161617	13.604501671012258	566.067200	cloud-23933	TIMEOUT	990.363482508	976.0502454609959	567.853056	cloud-23982
loop-lit/cggmp2005_variant.yml	true	true	25.339007718	14.002435585003695	598.138880	cloud-23933	true	20.454287858	11.25249761500163	580.231168	cloud-23938	TIMEOUT	990.527230924	971.091970309004	2324.017152	cloud-23979
loop-lit/gj2007b.yml	true	true	24.32493232	13.24498957799733	590.934016	cloud-23933	true	20.088730451	10.933429314987734	574.210048	cloud-23979	TIMEOUT	990.388991903	974.941873157979	1138.208768	cloud-23933
loop-lit/gr2006.yml	true	TIMEOUT	990.5951468	948.4442214890005	1586.257920	cloud-23933	true	392.231872377	368.429973855993	746.319872	cloud-23982	true	448.989584535	432.01720898700296	673.804288	cloud-23933
loop-lit/hh2012-ex1b.yml	true	true	23.190683031	12.418972637002298	578.973696	cloud-24259	true	20.653860894	11.400514853012282	582.995968	cloud-23938	TIMEOUT	990.294856842	977.2021421479876	817.188864	cloud-23980
loop-lit/hhk2008.yml	true	true	21.819034682	12.248167718000332	581.779456	cloud-23979	true	18.280453666	10.104053741000826	597.184512	cloud-23980	TIMEOUT	990.464084387	973.1553961739992	2073.313280	cloud-23979
loop-lit/jm2006.c.i.v+cfa-reducer.yml	true	true	20.774677971	11.239686501998222	568.614912	cloud-23933	true	20.728386888	11.613928669015877	505.540608	cloud-23979	TIMEOUT	990.28870631	976.7126250780129	1324.281856	cloud-23980
loop-lit/jm2006.yml	true	true	18.29045944	10.021159012998396	612.106240	cloud-24259	true	26.57576902	14.884205471986206	583.393280	cloud-23982	TIMEOUT	990.346627899	977.4435222799948	1865.342976	cloud-23980
loop-lit/jm2006_variant.yml	true	true	20.456253071	11.461527676001424	619.978752	cloud-23979	true	20.201438783	10.97244340000907	597.540864	cloud-23979	TIMEOUT	990.489103169	972.0530448380159	1938.194432	cloud-23933
loop-lit/mcmillan2006.yml	true	ERROR (server error, after parsing finished)	286.106422352	262.2043181939989	1127.727104	cloud-23979	TIMEOUT	990.30200242	969.2706471970014	953.360384	cloud-23980	ERROR (server error, after parsing finished)	26.864785329	14.73356952299946	467.054592	cloud-23938
loop-new/count_by_1.yml	true	ERROR (generic error, after parsing finished)	135.662765359	116.42757869599882	629.047296	cloud-23979	TIMEOUT	990.356730529	966.8192639240006	776.028160	cloud-23982	true	19.118517302	10.456062013021437	554.921984	cloud-23979
loop-new/count_by_2.yml	true	ERROR (generic error, after parsing finished)	140.627764836	119.6974942429988	731.566080	cloud-24259	TIMEOUT	990.353553344	968.4185644009849	752.558080	cloud-23982	TIMEOUT	990.712831466	968.0130524559936	2067.365888	cloud-23982
loop-new/gauss_sum.i.p+cfa-reducer.yml	true	ERROR (solver error, after parsing finished)	20.928307795	11.623765358999663	519.139328	cloud-23979	ERROR (server error, after parsing finished)	19.064415863	10.659297025995329	520.925184	cloud-23933	ERROR (solver error, after parsing finished)	19.840856733	10.823376681015361	530.497536	cloud-23933
loop-new/gauss_sum.i.v+cfa-reducer.yml	true	ERROR (solver error, after parsing finished)	22.313403048	12.692325609998079	533.368832	cloud-23979	ERROR (server error, after parsing finished)	21.906620536	11.908971415017731	504.483840	cloud-23938	ERROR (solver error, after parsing finished)	16.260364995	8.95140370997251	467.124224	cloud-23980
loop-new/half.yml	true	true	22.270610315	12.398161154000263	604.504064	cloud-23979	true	19.954844845	11.109921055991435	552.652800	cloud-23980	TIMEOUT	990.277789788	977.8484716730018	902.877184	cloud-23980
loops-crafted-1/Mono3_1.yml	false	TIMEOUT	990.185061809	978.9238207559683	668.258304	cloud-23942	ERROR (server error, after parsing finished)	53.84923111	45.369805099006044	590.204928	cloud-23980	TIMEOUT	990.207234502	980.5103993609955	594.735104	cloud-23980
loops-crafted-1/iftelse.yml	true	TIMEOUT	990.389027619	962.5587278490057	1137.225728	cloud-24259	true	309.524829478	293.6223630759923	739.745792	cloud-23982	TIMEOUT	990.271332327	977.4131360509782	555.753472	cloud-23933
loops-crafted-1/in-de42.yml	true	ERROR (generic error, after parsing finished)	155.449076381	142.85292559400114	547.672064	cloud-24259	TIMEOUT	990.219345309	979.9882352649875	590.508032	cloud-23980	TIMEOUT	990.283532917	975.1249023109849	601.128960	cloud-23933
loops-crafted-1/in-de51.yml	true	TIMEOUT	990.483465779	521.490960875999	2108.243968	cloud-24259	TIMEOUT (ERROR (out of memory, after parsing finished))	918.502656861	474.7355059349793	2086.141952	cloud-23938	TIMEOUT	990.303758701	975.3199061769992	634.253312	cloud-23938
loops-crafted-1/loopv1.yml	true	true	24.443340265	13.288589893000008	603.426816	cloud-24259	true	18.096546171	9.915785863006022	595.664896	cloud-23979	TIMEOUT	990.26440787	973.7293120480026	573.829120	cloud-23979
loops-crafted-1/loopv2.yml	true	true	22.566570325	12.430591244003153	631.095296	cloud-23933	true	24.273953935	13.174085153004853	615.227392	cloud-23938	TIMEOUT	990.292367964	974.3161227260134	701.370368	cloud-23938
loops-crafted-1/mono-crafted_1.yml	true	ERROR (generic error, after parsing finished)	159.192328308	135.49363099900074	688.148480	cloud-23933	TIMEOUT	990.381001908	965.1324642089894	904.294400	cloud-23982	TIMEOUT	990.2767539	976.8434522550087	1002.311680	cloud-23980
loops-crafted-1/mono-crafted_11.yml	true	true	22.282948335	12.868901264002488	552.497152	cloud-24259	true	25.868726868	14.488559474004433	565.600256	cloud-23938	TIMEOUT	990.306880224	975.4558404739946	584.552448	cloud-23933
loops-crafted-1/mono-crafted_12.yml	true	true	24.572360412	13.775018918000569	557.584384	cloud-23979	true	24.225323551	13.566803027992137	553.512960	cloud-23938	TIMEOUT	990.245072026	976.4531085230119	587.894784	cloud-23933
loops-crafted-1/mono-crafted_13.yml	true	ERROR (generic error, after parsing finished)	159.53473138	136.6142057209945	671.522816	cloud-23979	TIMEOUT	990.372986005	963.2768944809795	805.744640	cloud-23933	TIMEOUT	990.262646973	974.4261626560183	857.321472	cloud-23982
loops-crafted-1/mono-crafted_3.yml	true	ERROR (generic error, after parsing finished)	168.183878735	142.0399090840001	676.364288	cloud-24259	TIMEOUT	990.519063685	965.790776518028	782.151680	cloud-23980	TIMEOUT	990.295119089	977.313751180016	954.208256	cloud-23982
loops-crafted-1/mono-crafted_7.yml	true	ERROR (generic error, after parsing finished)	141.317859048	123.43196145095862	648.339456	cloud-23940	TIMEOUT	990.343275813	961.6994976729911	781.242368	cloud-23938	TIMEOUT	990.368093759	972.3711972839956	985.309184	cloud-23938
loops-crafted-1/nested3-1.yml	true	true	178.432427039	163.9289084109987	672.899072	cloud-24259	TIMEOUT	990.215936993	977.0918061249831	611.291136	cloud-23982	TIMEOUT	990.247752092	978.432416523021	662.351872	cloud-23942
loops-crafted-1/nested3-1_abstracted.yml	true	true	53.701991106	37.49746909199894	802.181120	cloud-23979	ERROR (server error, after parsing finished)	23.507528419	13.359910547995241	606.842880	cloud-23980	TIMEOUT	990.26109894	976.1821514549956	599.470080	cloud-23938
loops-crafted-1/nested5-1.yml	true	true	31.230252848	18.24064899699806	643.809280	cloud-24259	ERROR (solver error, after parsing finished)	26.062189008	16.3185878660006	594.952192	cloud-23938	true	24.239264131	13.305606617999729	542.273536	cloud-23982
loops-crafted-1/sum_by_3_abstracted.yml	true	true	328.838658133	310.3833061490004	868.691968	cloud-23933	TIMEOUT	990.24101856	977.0405189390003	649.744384	cloud-23939	TIMEOUT	990.212123595	976.6075348030136	556.343296	cloud-23980
loops-crafted-1/sumt2.yml	true	true	22.363443248	12.6872992230019	525.242368	cloud-24259	true	18.955010022	10.491690708004171	526.913536	cloud-23979	TIMEOUT	990.219260176	978.665128550987	533.544960	cloud-23980
loops-crafted-1/sumt3.yml	true	true	18.835138517	10.965730829000677	576.614400	cloud-23979	true	26.839993555	15.297420990013052	559.792128	cloud-23982	TIMEOUT	990.214077027	980.1034003890236	596.119552	cloud-23980
loops-crafted-1/sumt4.yml	true	true	26.699412808	16.004065508001077	566.702080	cloud-23933	true	29.306127836	17.853741797007388	518.463488	cloud-23938	TIMEOUT	990.291151508	976.3748316550045	587.030528	cloud-23933
loops-crafted-1/sumt5.yml	true	true	32.906439661	23.293153569000424	587.698176	cloud-24259	true	28.196503908	20.23221661700518	523.616256	cloud-23979	TIMEOUT	990.25743155	978.6239643169974	559.394816	cloud-23941
loops-crafted-1/sumt6.yml	true	true	17.862606142	11.150154474016745	577.474560	cloud-23940	true	29.458400618	17.83231534299557	517.959680	cloud-23938	TIMEOUT	990.276624316	979.6357035659894	615.911424	cloud-23980
loops-crafted-1/sumt8.yml	true	TIMEOUT	990.304642668	967.8826246890021	725.725184	cloud-24259	ERROR (server error, after parsing finished)	25.083272304	14.654605384013848	587.993088	cloud-23933	TIMEOUT	990.283905373	975.5315631400154	685.203456	cloud-23982
loops-crafted-1/vnew1.yml	true	ERROR (generic error, after parsing finished)	890.133455497	526.5826541130009	2360.733696	cloud-23979	TIMEOUT	992.240433031	579.6096903129946	2068.578304	cloud-23979	TIMEOUT	990.266459634	975.6851780430006	534.937600	cloud-23938
loop-invariants/bin-suffix-5.yml	true	true	17.98165874	9.88138904600055	548.929536	cloud-23979	true	19.368674121	10.880525009008124	600.420352	cloud-23979	TIMEOUT	990.327289547	972.9427549169923	1032.462336	cloud-23979
loop-invariants/const.yml	true	true	23.348938414	13.066723664996971	587.665408	cloud-23933	true	23.452955916	13.005556022020755	584.613888	cloud-23938	TIMEOUT	990.266174014	976.045313295006	590.770176	cloud-23938
loop-invariants/eq1.yml	true	true	24.162322878	13.098010585003067	570.990592	cloud-23933	true	21.833558322	12.213861498021288	579.940352	cloud-23933	TIMEOUT	990.268434743	977.4222347369941	606.371840	cloud-23979
loop-invariants/eq2.yml	true	true	20.188753732	10.988491188996704	615.587840	cloud-23979	true	25.298109581	14.033646199997747	589.787136	cloud-23982	TIMEOUT	990.253595448	978.2921118919912	557.821952	cloud-23933
loop-invariants/even.yml	true	true	19.084914669	10.829660036004498	551.641088	cloud-23979	true	20.371486754	11.391569522995269	566.857728	cloud-23980	TIMEOUT	990.246683274	975.5356852310069	533.028864	cloud-23938
loop-invariants/mod4.yml	true	true	21.906879169	11.99933586500265	551.084032	cloud-23933	true	21.425851084	11.9935301229998	574.738432	cloud-23982	TIMEOUT	990.27596059	976.6282738079899	559.022080	cloud-23979
loop-invariants/odd.yml	true	true	18.110599646	9.99433495203266	588.034048	cloud-23939	true	23.606069504	13.205812224012334	603.770880	cloud-23938	TIMEOUT	990.294232434	975.9567167969944	621.801472	cloud-23979
loop-simple/nested_3.yml	true	true	63.549471871	48.354700568001135	588.771328	cloud-24259	true	77.081816289	60.875386121013435	616.366080	cloud-23982	TIMEOUT	990.268360116	976.9415346480091	800.002048	cloud-23982
loop-simple/nested_4.yml	true	true	393.498536658	367.6192799570272	1749.831680	cloud-23940	TIMEOUT	990.428103785	964.2492134829808	790.712320	cloud-23979	TIMEOUT	990.339401916	971.7341096139862	763.355136	cloud-23933
loop-simple/nested_5.yml	true	true	230.688534541	201.5296450859969	1507.442688	cloud-24259	TIMEOUT	990.369457183	963.3757286960026	695.103488	cloud-23933	TIMEOUT	990.42072005	972.752207181009	757.751808	cloud-23979
loop-simple/nested_6.yml	true	true	241.449530302	214.62245261700446	1680.523264	cloud-23933	TIMEOUT	990.382781876	963.8493237530056	663.056384	cloud-23982	TIMEOUT	990.275546127	973.5274448209966	710.529024	cloud-23933
loop-zilu/benchmark02_linear.yml	true	true	19.884858952	10.923748215998785	659.783680	cloud-23933	true	19.502048744	10.72422740899492	579.776512	cloud-23979	TIMEOUT	990.347857893	975.7959016310051	1643.261952	cloud-23982
loop-zilu/benchmark04_conjunctive.yml	true	true	25.481972606	14.238719497999995	601.128960	cloud-23979	true	22.641744513	12.388149186997907	579.309568	cloud-23980	TIMEOUT	990.579267594	972.7454173790175	2222.444544	cloud-23938
loop-zilu/benchmark05_conjunctive.yml	true	true	22.122874167	12.268995648999407	624.041984	cloud-23979	true	18.49802878	10.34108853599173	601.014272	cloud-23980	TIMEOUT	990.299161684	973.8407686929859	1049.128960	cloud-23933
loop-zilu/benchmark09_conjunctive.yml	true	true	16.868507352	9.5204779529995	604.540928	cloud-23979	true	20.218974372	11.179211405979004	589.160448	cloud-23979	TIMEOUT	990.387712955	974.2186552599887	1636.532224	cloud-23979
loop-zilu/benchmark17_conjunctive.yml	true	true	16.203451657	8.968947753019165	600.981504	cloud-23943	true	21.97165421	12.31779102399014	531.787776	cloud-23938	TIMEOUT	990.506859556	973.3010112060001	2614.173696	cloud-23979
loop-zilu/benchmark18_conjunctive.yml	true	true	22.533958061	12.50143944500087	602.755072	cloud-23933	true	24.967686184	13.655932226974983	577.540096	cloud-23982	TIMEOUT	990.40922917	974.7286380729929	1718.251520	cloud-23982
loop-zilu/benchmark19_conjunctive.yml	true	true	23.436000488	12.788377971002774	597.757952	cloud-23933	true	27.113857749	14.844792663992848	592.199680	cloud-23982	TIMEOUT	990.483240924	975.2161233369843	2087.129088	cloud-23982
loop-zilu/benchmark23_conjunctive.yml	true	ERROR (generic error, after parsing finished)	134.110871922	112.99896753200301	680.787968	cloud-23933	true	206.740857957	186.12810221299878	713.154560	cloud-23979	true	40.182895156	27.324030942021636	673.398784	cloud-23982
loop-zilu/benchmark34_conjunctive.yml	true	true	16.073484507	8.884062922967132	596.426752	cloud-23941	true	18.938827469	10.481701617012732	594.399232	cloud-23980	TIMEOUT	990.472511462	971.8942438200174	2239.385600	cloud-23938
loop-zilu/benchmark37_conjunctive.yml	true	true	25.176473832	13.888607160995889	583.376896	cloud-23933	true	22.100834876	12.178592910000589	565.231616	cloud-23938	TIMEOUT	990.404750302	973.5120674299833	1781.293056	cloud-23933
nla-digbench/cohencu-ll.yml	true	TIMEOUT	990.25916071	970.532082515	686.899200	cloud-23979	ERROR (solver error, after parsing finished)	135.913236787	124.42300124201574	693.149696	cloud-23980	TIMEOUT	990.286883395	974.9354278719984	644.509696	cloud-23979
nla-digbench/cohendiv-ll.yml	true	true	31.068191484	17.18512084300164	637.669376	cloud-23979	true	28.638614412	15.601623562979512	649.056256	cloud-23980	ERROR (solver error, after parsing finished)	23.265890196	14.206110207975144	562.057216	cloud-23933
nla-digbench/divbin.yml	false	TIMEOUT	990.247468792	976.0116282140007	604.254208	cloud-24259	ERROR (solver error, after parsing finished)	837.110549239	824.2927134339989	612.024320	cloud-23982	TIMEOUT	990.265035494	977.3550570450025	647.475200	cloud-23980
nla-digbench/divbin2.yml	true	TIMEOUT	990.265949286	975.2346907370011	608.321536	cloud-24259	ERROR (solver error, after parsing finished)	31.143845378	19.85719035801594	598.241280	cloud-23982	TIMEOUT	990.237391395	978.9644146359933	628.080640	cloud-23939
nla-digbench/egcd-ll.yml	true	ERROR (solver error, after parsing finished)	362.022247369	344.32444523899903	624.095232	cloud-23979	TIMEOUT	990.248104075	975.1687612789974	641.736704	cloud-23980	ERROR (solver error, after parsing finished)	129.232839914	117.19909916899633	608.755712	cloud-23980
nla-digbench/egcd2-ll.yml	true	ERROR (solver error, after parsing finished)	231.014133451	212.99807065300047	665.219072	cloud-23979	ERROR (server error, after parsing finished)	26.33776002	14.190385256020818	637.059072	cloud-23933	ERROR (solver error, after parsing finished)	24.077916511	13.905515582009684	653.844480	cloud-23979
nla-digbench/egcd3-ll.yml	true	TIMEOUT	990.351233468	969.8807568879965	650.256384	cloud-23979	ERROR (solver error, after parsing finished)	24.253887288	14.182536390988389	593.444864	cloud-23933	TIMEOUT	990.300865414	975.4923985009955	597.364736	cloud-23979
nla-digbench/fermat1-ll.yml	true	ERROR (solver error, after parsing finished)	46.854563235	28.32165556599648	617.316352	cloud-23933	ERROR (server error, after parsing finished)	27.628694786	14.885471271001734	762.769408	cloud-23938	ERROR (solver error, after parsing finished)	38.308358958	23.637656596984016	617.148416	cloud-23982
nla-digbench/fermat2-ll.yml	true	ERROR (solver error, after parsing finished)	38.125392226	22.256228202000784	616.968192	cloud-23979	ERROR (server error, after parsing finished)	24.373813885	13.286082990001887	665.092096	cloud-23982	ERROR (solver error, after parsing finished)	26.436550994	15.669336033024592	617.820160	cloud-23979
nla-digbench/hard-ll.yml	true	TIMEOUT	990.266742287	971.2827262409992	672.542720	cloud-23979	ERROR (verification stuck, after parsing finished)	23.154630139	12.557239503017627	599.195648	cloud-23979	TIMEOUT	990.226540411	977.1024736450054	630.976512	cloud-23982
nla-digbench/hard-u.yml	false	TIMEOUT	990.307032206	974.1099649149983	802.410496	cloud-24259	ERROR (solver error, after parsing finished)	113.771569298	103.67047489900142	548.036608	cloud-23979	TIMEOUT	990.325827691	975.9234263009857	830.005248	cloud-23933
nla-digbench/hard2.yml	true	true	23.011527455	12.632900693999545	578.719744	cloud-23979	true	20.992052442	11.638049696019152	629.473280	cloud-23980	TIMEOUT	990.357213956	974.0884122449788	631.484416	cloud-23938
nla-digbench/lcm1.yml	true	TIMEOUT	990.280460091	974.6774073360066	611.557376	cloud-24259	ERROR (server error, after parsing finished)	20.573340251	11.25493173598079	597.594112	cloud-23938	TIMEOUT	990.323914288	975.3724160559941	551.927808	cloud-23938
nla-digbench/prod4br-ll.yml	true	true	98.580099459	82.7170436660017	627.580928	cloud-23933	ERROR (server error, after parsing finished)	25.910712694	14.075549903005594	631.791616	cloud-23938	true	100.769986225	86.3193057239987	650.395648	cloud-23938
nla-digbench/prodbin-ll.yml	true	TIMEOUT	990.308239663	973.7643660499962	633.675776	cloud-24259	ERROR (server error, after parsing finished)	22.633697845	12.28660151301301	543.010816	cloud-23938	TIMEOUT	990.229820628	974.2362109399983	625.897472	cloud-23982
nla-digbench/ps3-ll.yml	true	true	36.219194098	19.584816928996588	638.537728	cloud-23979	ERROR (solver error, after parsing finished)	27.8931677	15.065049226977862	611.749888	cloud-23982	true	28.472092293	15.802591644984204	574.402560	cloud-23982
nla-digbench/ps5-ll.yml	true	TIMEOUT	990.316708441	967.538487455	755.781632	cloud-23933	ERROR (solver error, after parsing finished)	23.04055783	12.582983261992922	800.825344	cloud-23979	TIMEOUT	990.280251473	972.3284182539792	773.902336	cloud-23938
nla-digbench-scaling/bresenham-ll_unwindbound1.yml	false	false(unreach-call)	25.545940215	14.064107937003428	640.462848	cloud-24259	false(unreach-call)	31.065308851	17.057572192017687	626.438144	cloud-23982	ERROR (solver error, after parsing finished)	45.872872714	30.804471932002343	595.693568	cloud-23982
nla-digbench-scaling/bresenham-ll_valuebound1.yml	true	ERROR (solver error, after parsing finished)	182.866112449	167.4095693950003	632.000512	cloud-24259	ERROR (verification stuck, after parsing finished)	26.901582144	17.63866632198915	635.187200	cloud-23982	ERROR (solver error, after parsing finished)	158.18601064	142.0878648319922	558.465024	cloud-23933
nla-digbench-scaling/bresenham-ll_valuebound10.yml	true	ERROR (solver error, after parsing finished)	134.205591219	117.40879313000005	609.214464	cloud-24259	ERROR (verification stuck, after parsing finished)	34.210774054	18.621581767016323	612.573184	cloud-23982	ERROR (solver error, after parsing finished)	98.992636795	87.79058398699271	536.662016	cloud-23933
nla-digbench-scaling/bresenham-ll_valuebound100.yml	true	ERROR (solver error, after parsing finished)	226.942810689	209.6802682359994	637.411328	cloud-24259	ERROR (verification stuck, after parsing finished)	21.457288732	12.319625638017897	740.446208	cloud-23980	ERROR (solver error, after parsing finished)	103.251299138	93.4950863700069	557.568000	cloud-23979
nla-digbench-scaling/bresenham-ll_valuebound20.yml	true	ERROR (solver error, after parsing finished)	341.759533156	324.95965692699974	620.503040	cloud-23933	ERROR (verification stuck, after parsing finished)	26.62876359	14.692124452994904	577.196032	cloud-23933	ERROR (solver error, after parsing finished)	312.331587816	302.654040444002	613.744640	cloud-23980
nla-digbench-scaling/bresenham-ll_valuebound5.yml	true	ERROR (solver error, after parsing finished)	649.405671452	632.6536976690004	639.238144	cloud-23979	ERROR (verification stuck, after parsing finished)	24.751338488	13.815853235981194	662.773760	cloud-23933	ERROR (solver error, after parsing finished)	546.105652487	533.3080813720007	607.113216	cloud-23933
nla-digbench-scaling/bresenham-ll_valuebound50.yml	true	TIMEOUT	990.272268627	971.1667168830027	600.576000	cloud-24259	ERROR (verification stuck, after parsing finished)	26.305441165	14.92855246597901	638.246912	cloud-23982	TIMEOUT	990.240319321	975.3207124129985	563.085312	cloud-23938
nla-digbench-scaling/cohencu-ll_unwindbound10.yml	false	TIMEOUT	991.691634671	970.8779605740056	747.745280	cloud-24259	TIMEOUT	990.218052728	977.5233762769785	704.638976	cloud-23980	TIMEOUT (ERROR (solver error, after parsing finished))	960.13543752	942.9517823609931	649.478144	cloud-23979
nla-digbench-scaling/cohencu-ll_unwindbound100.yml	false	TIMEOUT	990.264292557	970.2455051420001	725.827584	cloud-24259	ERROR (solver error, after parsing finished)	665.736335144	651.0735480519943	708.505600	cloud-23979	TIMEOUT	990.313767785	976.3735603999812	670.498816	cloud-23933
nla-digbench-scaling/cohencu-ll_unwindbound5.yml	false	TIMEOUT	990.243226007	974.2741616510029	727.703552	cloud-23979	TIMEOUT	990.326258923	972.8973366049759	729.956352	cloud-23979	ERROR (solver error, after parsing finished)	99.458980216	87.57921989099123	661.184512	cloud-23979
nla-digbench-scaling/cohencu-ll_valuebound10.yml	true	TIMEOUT	990.318158322	969.1209454839991	695.705600	cloud-24259	ERROR (solver error, after parsing finished)	96.885138451	80.45230625299155	642.203648	cloud-23982	TIMEOUT	990.292325922	968.3547279250051	657.788928	cloud-23933
nla-digbench-scaling/cohencu-ll_valuebound2.yml	true	TIMEOUT	990.295990844	969.7806662860021	704.217088	cloud-24259	ERROR (solver error, after parsing finished)	69.960874859	58.80229916001554	667.172864	cloud-23933	TIMEOUT	990.258778667	973.8301581149863	664.461312	cloud-23938
nla-digbench-scaling/cohencu-ll_valuebound20.yml	true	TIMEOUT	990.245839839	973.6769755710266	656.482304	cloud-23940	ERROR (solver error, after parsing finished)	96.066972895	82.56431222398533	691.253248	cloud-23982	TIMEOUT	990.275235801	974.5132876429998	633.135104	cloud-23982
nla-digbench-scaling/cohencu-ll_valuebound5.yml	true	TIMEOUT	990.282360143	970.3258838000038	699.281408	cloud-24259	ERROR (solver error, after parsing finished)	77.798459949	64.58551020000596	692.056064	cloud-23938	TIMEOUT	990.260332425	975.108435992006	650.444800	cloud-23933
nla-digbench-scaling/cohencu-ll_valuebound50.yml	true	TIMEOUT	990.301375802	972.3842953759995	679.436288	cloud-24259	ERROR (solver error, after parsing finished)	84.67117712	72.7858218330075	690.614272	cloud-23980	TIMEOUT	990.274114165	975.1799151450105	673.591296	cloud-23938
nla-digbench-scaling/cohendiv-ll_unwindbound100.yml	true	true	186.676817473	154.69187680100003	1586.839552	cloud-23979	TIMEOUT	990.394265254	960.5022015699942	825.737216	cloud-23982	ERROR (solver error, after parsing finished)	31.401261415	20.9207410980016	576.049152	cloud-23982
nla-digbench-scaling/cohendiv-ll_unwindbound20.yml	true	true	871.916602872	815.7399150419988	2072.989696	cloud-23933	true	878.360509519	856.4358064259868	784.625664	cloud-23982	ERROR (solver error, after parsing finished)	30.74444614	20.045026156003587	582.590464	cloud-23979
nla-digbench-scaling/cohendiv-ll_unwindbound50.yml	true	true	168.925645956	140.6406121809996	1646.997504	cloud-23979	TIMEOUT	990.440414192	958.7831022600003	848.617472	cloud-23938	ERROR (solver error, after parsing finished)	28.099278971	18.770276488998206	530.432000	cloud-23980
nla-digbench-scaling/cohendiv-ll_valuebound2.yml	true	ERROR (solver error, after parsing finished)	32.05642551	18.570669456999894	576.061440	cloud-24259	ERROR (server error, after parsing finished)	27.709639132	15.025294902996393	631.939072	cloud-23982	ERROR (solver error, after parsing finished)	28.335052083	16.316014711017488	570.335232	cloud-23982
nla-digbench-scaling/divbin2_unwindbound1.yml	true	TIMEOUT	990.236459623	974.972521771997	665.571328	cloud-23979	ERROR (solver error, after parsing finished)	79.247840612	69.11213078798028	518.144000	cloud-23933	TIMEOUT	990.238897718	979.8781324189913	611.475456	cloud-23980
nla-digbench-scaling/divbin2_unwindbound10.yml	true	TIMEOUT	990.265883055	973.676571070002	610.492416	cloud-23933	ERROR (solver error, after parsing finished)	51.789313205	42.33875410599285	566.038528	cloud-23982	TIMEOUT	990.289226846	977.211220415018	598.097920	cloud-23933
nla-digbench-scaling/divbin2_unwindbound100.yml	true	TIMEOUT	990.256726191	973.4205914099985	643.870720	cloud-23933	ERROR (solver error, after parsing finished)	75.632012492	64.22628326597624	558.206976	cloud-23933	TIMEOUT	990.238437455	977.2824084850145	610.172928	cloud-23982
nla-digbench-scaling/divbin2_unwindbound2.yml	true	TIMEOUT	990.293872868	974.178986166	717.586432	cloud-23979	ERROR (solver error, after parsing finished)	22.826424883	14.712893235002412	572.370944	cloud-23939	TIMEOUT	990.261638909	976.8377905529924	698.818560	cloud-23982
nla-digbench-scaling/divbin2_unwindbound5.yml	true	TIMEOUT	990.237074442	977.5122242170037	660.873216	cloud-23940	ERROR (solver error, after parsing finished)	29.766912883	19.119808778981678	579.473408	cloud-23938	TIMEOUT	990.22690964	977.6859199690225	549.617664	cloud-23980
nla-digbench-scaling/divbin2_unwindbound50.yml	true	TIMEOUT	990.261043746	975.2584616819986	549.392384	cloud-23933	ERROR (solver error, after parsing finished)	113.713646342	105.93187605499406	575.860736	cloud-23980	TIMEOUT	990.233801847	979.0980670790013	558.866432	cloud-23933
nla-digbench-scaling/divbin2_valuebound100.yml	true	TIMEOUT	990.241204286	977.1628934469773	611.373056	cloud-23943	ERROR (solver error, after parsing finished)	33.991195109	24.344172422977863	573.231104	cloud-23933	TIMEOUT	990.281954284	976.4708389580192	609.800192	cloud-23979
nla-digbench-scaling/divbin2_valuebound2.yml	true	TIMEOUT	990.253849556	973.1536445290039	671.133696	cloud-23933	ERROR (solver error, after parsing finished)	62.717311024	53.46621673600748	581.312512	cloud-23982	TIMEOUT	990.246405519	975.942397413979	638.058496	cloud-23933
nla-digbench-scaling/divbin2_valuebound20.yml	true	TIMEOUT	990.287523719	974.7081314460011	660.185088	cloud-24259	ERROR (solver error, after parsing finished)	43.5552851	33.51580724201631	583.630848	cloud-23979	TIMEOUT	990.326889773	976.5566536060069	739.307520	cloud-23979
nla-digbench-scaling/divbin2_valuebound5.yml	true	TIMEOUT	990.231503183	974.6969476449995	653.402112	cloud-23979	ERROR (solver error, after parsing finished)	23.90234182	15.273252327984665	587.255808	cloud-23933	TIMEOUT	990.289648402	976.3310270770162	627.941376	cloud-23979
nla-digbench-scaling/divbin_unwindbound1.yml	true	TIMEOUT	990.296678222	972.7346896739982	684.163072	cloud-24259	ERROR (solver error, after parsing finished)	57.907847241	45.05119257001206	578.236416	cloud-23938	TIMEOUT	990.287124755	974.1594054779853	637.554688	cloud-23938
nla-digbench-scaling/divbin_unwindbound100.yml	false	TIMEOUT	990.261132379	975.5273326190072	590.884864	cloud-23979	TIMEOUT	990.300328702	974.4713783679763	617.844736	cloud-23933	ERROR (solver error, after parsing finished)	36.79893239	27.048085974995047	565.866496	cloud-23979
nla-digbench-scaling/divbin_unwindbound2.yml	true	ERROR (solver error, after parsing finished)	181.528981522	167.4476061059977	610.324480	cloud-24259	TIMEOUT	990.201202122	979.3825962150004	601.030656	cloud-23980	ERROR (solver error, after parsing finished)	39.581594325	29.477240634994814	568.537088	cloud-23979
nla-digbench-scaling/divbin_unwindbound20.yml	false	ERROR (solver error, after parsing finished)	189.954065064	175.645688831999	596.701184	cloud-24259	TIMEOUT (ERROR (solver error, after parsing finished))	967.343763128	954.5891746449925	590.921728	cloud-23982	ERROR (solver error, after parsing finished)	35.964193085	27.448825903993566	610.156544	cloud-23980
nla-digbench-scaling/divbin_valuebound1.yml	true	TIMEOUT	990.303522821	971.7709424250024	597.622784	cloud-23979	ERROR (solver error, after parsing finished)	25.867541139	14.21516672099824	591.314944	cloud-23933	TIMEOUT	990.266762978	974.1973396459944	546.095104	cloud-23933
nla-digbench-scaling/divbin_valuebound10.yml	true	TIMEOUT	990.230922635	973.7968292620026	663.949312	cloud-23979	ERROR (solver error, after parsing finished)	36.080567338	25.784612952993484	619.429888	cloud-23933	TIMEOUT	990.328905703	969.4357365809847	675.467264	cloud-23938
nla-digbench-scaling/divbin_valuebound2.yml	true	TIMEOUT (ERROR (solver error, after parsing finished))	976.459145423	958.2498570430034	655.368192	cloud-23933	ERROR (solver error, after parsing finished)	106.690657064	96.7649574620009	595.959808	cloud-23979	TIMEOUT (ERROR (solver error, after parsing finished))	922.768351474	908.4446529580164	644.542464	cloud-23982
nla-digbench-scaling/divbin_valuebound20.yml	true	TIMEOUT	990.233574233	973.6420373750007	629.837824	cloud-23979	ERROR (solver error, after parsing finished)	236.450478315	226.96079108898994	556.691456	cloud-23980	TIMEOUT	990.24848211	977.9020883189805	638.812160	cloud-23980
nla-digbench-scaling/divbin_valuebound5.yml	true	TIMEOUT	990.288477321	972.2665596410006	667.172864	cloud-23933	ERROR (solver error, after parsing finished)	182.43859784	173.2960548120027	596.320256	cloud-23933	TIMEOUT	990.268774964	976.3908434440091	652.505088	cloud-23979
nla-digbench-scaling/egcd-ll_unwindbound1.yml	false	TIMEOUT	990.236057253	976.4903219889966	633.024512	cloud-23944	ERROR (solver error, after parsing finished)	482.354321725	469.6145846080035	616.857600	cloud-23980	false(unreach-call)	35.703743235	24.41100860698498	621.600768	cloud-23980
nla-digbench-scaling/egcd-ll_unwindbound100.yml	false	TIMEOUT	990.194827276	977.8686293170322	668.622848	cloud-23942	ERROR (solver error, after parsing finished)	317.368393852	306.94824079598766	663.633920	cloud-23933	TIMEOUT	990.296147598	973.7358078869875	611.635200	cloud-23933
nla-digbench-scaling/egcd-ll_unwindbound2.yml	false	TIMEOUT	990.309297754	973.1430296180006	664.526848	cloud-24259	ERROR (solver error, after parsing finished)	468.526089111	454.17830657499144	647.139328	cloud-23982	ERROR (solver error, after parsing finished)	474.135848706	462.49503576999996	607.141888	cloud-23980
nla-digbench-scaling/egcd-ll_unwindbound20.yml	false	TIMEOUT	990.376723093	969.0169822270036	667.873280	cloud-23933	ERROR (solver error, after parsing finished)	153.70643491	143.75448393198894	648.892416	cloud-23943	TIMEOUT	990.278700172	974.3778925200168	718.630912	cloud-23938
nla-digbench-scaling/egcd-ll_unwindbound5.yml	false	ERROR (solver error, after parsing finished)	586.467720183	569.0450224059969	636.624896	cloud-23979	TIMEOUT	990.275930214	975.298827104998	667.414528	cloud-23933	ERROR (solver error, after parsing finished)	401.565412344	387.34462839600747	603.254784	cloud-23938
nla-digbench-scaling/egcd-ll_unwindbound50.yml	false	TIMEOUT	990.305638996	967.0003364570002	632.598528	cloud-23933	ERROR (solver error, after parsing finished)	90.221019102	76.80164077199879	641.781760	cloud-23938	TIMEOUT	990.291366391	973.8570044549997	574.021632	cloud-23982
nla-digbench-scaling/egcd-ll_valuebound1.yml	true	true	27.088380085	14.780902927002899	679.215104	cloud-23933	true	22.699472311	12.467632870975649	609.615872	cloud-23979	ERROR (solver error, after parsing finished)	282.764903687	269.1463583660079	587.862016	cloud-23982
nla-digbench-scaling/egcd-ll_valuebound10.yml	true	true	49.166310284	31.904189205000876	668.827648	cloud-24259	ERROR (solver error, after parsing finished)	28.513968066	15.97589743300341	667.041792	cloud-23979	true	34.310601238	22.700995502003934	601.415680	cloud-23979
nla-digbench-scaling/egcd-ll_valuebound100.yml	true	true	86.811112206	67.29621234799924	627.789824	cloud-23933	ERROR (solver error, after parsing finished)	58.794872554	45.26119184799609	638.242816	cloud-23982	true	37.094697338	24.039748434996	599.076864	cloud-23938
nla-digbench-scaling/egcd-ll_valuebound20.yml	true	true	55.796892034	36.56701524100208	664.801280	cloud-23933	ERROR (solver error, after parsing finished)	25.111584447	14.397667607991025	626.704384	cloud-23942	true	34.950677211	23.030101759999525	578.473984	cloud-23979
nla-digbench-scaling/egcd-ll_valuebound5.yml	true	true	53.369064194	35.51235941699997	624.857088	cloud-23933	ERROR (solver error, after parsing finished)	26.369472096	14.927251376007916	706.056192	cloud-23980	true	35.92185865	25.23380652401829	638.750720	cloud-23980
nla-digbench-scaling/egcd-ll_valuebound50.yml	true	true	62.942193337	43.4750733020046	635.334656	cloud-24259	ERROR (solver error, after parsing finished)	36.177516195	23.899857759010047	630.743040	cloud-23933	true	42.9544275	29.018025390978437	620.425216	cloud-23933
nla-digbench-scaling/egcd2-ll_unwindbound10.yml	false	TIMEOUT	990.290424984	970.6484424699956	677.339136	cloud-24259	ERROR (server error, after parsing finished)	24.351211971	13.17025310799363	651.436032	cloud-23979	TIMEOUT	990.296495597	974.182265890995	625.651712	cloud-23979
nla-digbench-scaling/egcd2-ll_unwindbound100.yml	false	TIMEOUT	990.269829643	971.7528652099936	631.537664	cloud-23979	ERROR (server error, after parsing finished)	21.24925402	11.814486891991692	660.631552	cloud-23982	TIMEOUT	990.262953421	976.5973332349968	594.202624	cloud-23933
nla-digbench-scaling/egcd2-ll_unwindbound20.yml	false	TIMEOUT	990.232026844	972.8655921950012	625.147904	cloud-23979	ERROR (server error, after parsing finished)	23.034942247	12.428940725978464	632.356864	cloud-23933	TIMEOUT	990.263290389	974.8966860980145	599.216128	cloud-23933
nla-digbench-scaling/egcd2-ll_unwindbound5.yml	false	TIMEOUT	990.279216287	966.6828549460042	623.779840	cloud-23933	ERROR (server error, after parsing finished)	31.288872344	17.226682597014587	632.496128	cloud-23982	TIMEOUT	990.229040722	978.3262169969967	622.120960	cloud-23980
nla-digbench-scaling/egcd2-ll_unwindbound50.yml	false	TIMEOUT	990.323517305	968.8643269489985	609.824768	cloud-24259	ERROR (server error, after parsing finished)	29.696256139	16.009198242012644	589.987840	cloud-23982	TIMEOUT	990.279094868	974.7822494139837	630.874112	cloud-23980
nla-digbench-scaling/egcd2-ll_valuebound1.yml	true	true	360.795527717	333.16551854399995	1463.734272	cloud-23933	ERROR (server error, after parsing finished)	27.613868517	14.876506410015281	641.929216	cloud-23933	TIMEOUT	990.336912913	974.2778630559915	746.496000	cloud-23933
nla-digbench-scaling/egcd2-ll_valuebound10.yml	true	ERROR (solver error, after parsing finished)	223.083593847	204.44915225899967	591.450112	cloud-23933	ERROR (server error, after parsing finished)	25.180647401	13.592248394008493	621.211648	cloud-23979	TIMEOUT	990.269048029	975.4948805150052	678.031360	cloud-23982
nla-digbench-scaling/egcd2-ll_valuebound100.yml	true	TIMEOUT	990.290678815	966.033105167	640.163840	cloud-23933	ERROR (server error, after parsing finished)	27.304792663	14.95772014601971	620.118016	cloud-23938	TIMEOUT	990.317919759	973.5298936439794	714.629120	cloud-23938
nla-digbench-scaling/egcd2-ll_valuebound2.yml	true	TIMEOUT	990.293220134	971.9452678529997	959.672320	cloud-24259	ERROR (server error, after parsing finished)	19.528892736	10.792122799000936	621.424640	cloud-23980	TIMEOUT	990.376731016	973.3899980439746	902.598656	cloud-23938
nla-digbench-scaling/egcd2-ll_valuebound20.yml	true	TIMEOUT	990.308301537	969.7803222160001	664.612864	cloud-24259	ERROR (solver error, after parsing finished)	21.769613924	11.766873621993	658.186240	cloud-23933	TIMEOUT	990.306910456	973.8588598950009	723.501056	cloud-23938
nla-digbench-scaling/egcd2-ll_valuebound5.yml	true	TIMEOUT	990.244247567	972.7715219890015	638.713856	cloud-23979	ERROR (server error, after parsing finished)	24.132910725	13.114819428999908	651.825152	cloud-23980	TIMEOUT	990.293590193	972.8652138149773	729.583616	cloud-23938
nla-digbench-scaling/egcd2-ll_valuebound50.yml	true	TIMEOUT	990.284701036	971.4419147039989	662.786048	cloud-24259	ERROR (server error, after parsing finished)	27.213732606	14.713855530979345	607.297536	cloud-23938	TIMEOUT	990.286541707	973.8913746240141	697.008128	cloud-23933
nla-digbench-scaling/egcd3-ll_unwindbound100.yml	false	ERROR (solver error, after parsing finished)	177.155050451	158.80305955800213	624.627712	cloud-23933	ERROR (solver error, after parsing finished)	42.431672108	31.943049287016038	637.124608	cloud-23980	TIMEOUT	990.234013114	975.6654643410002	608.260096	cloud-23982
nla-digbench-scaling/egcd3-ll_valuebound1.yml	true	TIMEOUT	990.301234609	968.3978858530027	618.737664	cloud-23933	ERROR (solver error, after parsing finished)	30.954541041	18.310144104994833	639.569920	cloud-23938	TIMEOUT	990.225252245	976.9989165709994	551.014400	cloud-23982
nla-digbench-scaling/egcd3-ll_valuebound10.yml	true	TIMEOUT	990.25249861	968.8228745240012	731.971584	cloud-23979	ERROR (solver error, after parsing finished)	25.09964494	14.938335466024	638.644224	cloud-23979	TIMEOUT	990.311117446	973.7462888010195	699.396096	cloud-23938
nla-digbench-scaling/egcd3-ll_valuebound100.yml	true	TIMEOUT	990.280107379	968.9647215929981	700.493824	cloud-23933	ERROR (solver error, after parsing finished)	25.285665433	14.92663292499492	632.586240	cloud-23979	TIMEOUT	990.235794204	975.6760679710133	701.468672	cloud-23982
nla-digbench-scaling/egcd3-ll_valuebound20.yml	true	TIMEOUT	990.299188088	971.1266340470029	719.360000	cloud-23933	ERROR (solver error, after parsing finished)	22.63294731	13.386972824984696	675.491840	cloud-23933	TIMEOUT	990.278195119	975.3137499620207	682.672128	cloud-23938
nla-digbench-scaling/egcd3-ll_valuebound5.yml	true	TIMEOUT	990.240576896	975.2043048780179	724.873216	cloud-23940	ERROR (solver error, after parsing finished)	26.711259837	15.839179561007768	625.713152	cloud-23979	TIMEOUT	990.296824901	974.9138879469829	709.292032	cloud-23979
nla-digbench-scaling/egcd3-ll_valuebound50.yml	true	TIMEOUT	990.309280412	969.7160389210003	756.170752	cloud-23979	ERROR (solver error, after parsing finished)	32.50083917	18.960577277000993	632.664064	cloud-23933	TIMEOUT	990.308256354	974.2306812549941	716.337152	cloud-23933
nla-digbench-scaling/fermat1-ll_valuebound1.yml	true	true	40.690447915	22.044517002999783	678.297600	cloud-24259	ERROR (server error, after parsing finished)	27.078368492	14.552727633999893	725.262336	cloud-23979	true	25.528807588	14.09274141601054	630.910976	cloud-23982
nla-digbench-scaling/fermat1-ll_valuebound10.yml	true	true	35.033802994	19.188709305002703	673.431552	cloud-23979	ERROR (server error, after parsing finished)	23.872482447	12.925688285002252	697.507840	cloud-23979	true	27.042813181	14.542251765000401	624.349184	cloud-23980
nla-digbench-scaling/fermat1-ll_valuebound100.yml	true	true	42.631154023	22.795706424003583	689.917952	cloud-23979	ERROR (server error, after parsing finished)	26.842316549	14.593381373997545	663.179264	cloud-23933	true	25.771795201	14.037534189992584	651.526144	cloud-23979
nla-digbench-scaling/fermat1-ll_valuebound2.yml	true	true	44.831072807	24.084271339999987	699.695104	cloud-23933	ERROR (server error, after parsing finished)	32.019871414	17.23414290099754	693.075968	cloud-23982	true	25.975518674	14.222319296997739	680.669184	cloud-23933
nla-digbench-scaling/fermat1-ll_valuebound20.yml	true	true	36.067275439	19.497601578001195	758.542336	cloud-24259	ERROR (server error, after parsing finished)	29.420124108	15.596895865979604	678.703104	cloud-23938	true	28.353413291	15.52919868499157	612.827136	cloud-23938
nla-digbench-scaling/fermat1-ll_valuebound5.yml	true	true	38.286157266	20.590559730000678	729.300992	cloud-24259	ERROR (server error, after parsing finished)	28.434764856	15.394438399001956	669.548544	cloud-23933	true	27.0411877	14.849869647005107	650.743808	cloud-23979
nla-digbench-scaling/fermat1-ll_valuebound50.yml	true	true	38.177153816	20.42867157600267	672.526336	cloud-23933	ERROR (server error, after parsing finished)	24.693648055	13.251516666001407	664.510464	cloud-23979	true	24.810509521	13.665466125996318	607.145984	cloud-23980
nla-digbench-scaling/fermat2-ll_valuebound1.yml	true	true	35.118359084	18.8924396920047	672.718848	cloud-23933	ERROR (server error, after parsing finished)	20.967797398	11.305270578013733	641.200128	cloud-23979	true	28.906543803	15.620761692000087	593.076224	cloud-23938
nla-digbench-scaling/fermat2-ll_valuebound10.yml	true	true	40.02531368	21.428602387000865	688.857088	cloud-23979	ERROR (server error, after parsing finished)	23.950592765	12.863166060997173	668.594176	cloud-23979	true	29.728720934	16.191205415001605	628.625408	cloud-23982
nla-digbench-scaling/fermat2-ll_valuebound100.yml	true	true	36.253625669	19.729906463002408	712.314880	cloud-23979	ERROR (server error, after parsing finished)	24.858632118	13.434109258989338	641.896448	cloud-23938	true	30.60433711	16.634960336989025	587.960320	cloud-23938
nla-digbench-scaling/fermat2-ll_valuebound2.yml	true	true	38.588904129	20.436167049003416	639.160320	cloud-23933	ERROR (server error, after parsing finished)	19.912350432	10.723082263022661	658.829312	cloud-23980	true	27.918576342	15.004801506991498	633.815040	cloud-23933
nla-digbench-scaling/fermat2-ll_valuebound20.yml	true	true	32.586466015	17.943715442997927	697.315328	cloud-23979	ERROR (server error, after parsing finished)	26.465033167	14.33654918699176	642.691072	cloud-23980	true	23.836077178	13.163923646992771	672.071680	cloud-23980
nla-digbench-scaling/fermat2-ll_valuebound5.yml	true	true	41.492024	22.273333078002906	640.245760	cloud-24259	ERROR (server error, after parsing finished)	21.220854794	11.583044019993395	594.481152	cloud-23979	true	27.177351052	14.774726296018343	753.180672	cloud-23933
nla-digbench-scaling/fermat2-ll_valuebound50.yml	true	true	32.046810049	17.874910582002485	646.819840	cloud-23979	ERROR (server error, after parsing finished)	23.771803285	13.171855815016897	592.420864	cloud-23980	true	28.795774284	15.424394959991332	645.201920	cloud-23933
nla-digbench-scaling/freire1_valuebound1.yml	true	TIMEOUT	990.388113041	975.1975429660015	1119.838208	cloud-24259	ERROR (server error, after parsing finished)	162.871373497	153.80380855398835	857.931776	cloud-23933	TIMEOUT	990.363638968	977.5752906470152	1157.550080	cloud-23979
nla-digbench-scaling/freire1_valuebound10.yml	true	TIMEOUT	990.368976129	975.2281093450001	1198.161920	cloud-24259	ERROR (server error, after parsing finished)	164.93783738	157.21065057598753	857.042944	cloud-23980	TIMEOUT	990.420792331	977.2712310439965	1151.299584	cloud-23933
nla-digbench-scaling/freire1_valuebound100.yml	true	TIMEOUT	990.340041957	974.4437771719968	1174.654976	cloud-23933	ERROR (server error, after parsing finished)	215.549172077	205.78042317400104	884.121600	cloud-23982	TIMEOUT	990.328041712	977.457272086991	1182.822400	cloud-23979
nla-digbench-scaling/freire1_valuebound2.yml	true	TIMEOUT	990.25760752	978.379082407002	985.812992	cloud-23979	ERROR (server error, after parsing finished)	218.042495499	208.2975164130039	847.994880	cloud-23938	TIMEOUT	990.337571578	974.5835434950131	1117.896704	cloud-23933
nla-digbench-scaling/freire1_valuebound20.yml	true	TIMEOUT	990.284269629	978.1982070700033	1272.922112	cloud-23944	ERROR (server error, after parsing finished)	262.481647202	251.5021739359945	897.560576	cloud-23938	TIMEOUT	990.351244195	976.7298264970013	1123.524608	cloud-23982
nla-digbench-scaling/freire1_valuebound5.yml	true	TIMEOUT	990.322189111	975.2389160870007	1186.324480	cloud-24259	ERROR (server error, after parsing finished)	239.91854389	228.30067577798036	890.908672	cloud-23982	TIMEOUT	990.252167498	980.0815368029871	1168.023552	cloud-23982
nla-digbench-scaling/freire1_valuebound50.yml	true	TIMEOUT	990.339119239	973.6870932680031	1143.459840	cloud-23933	ERROR (server error, after parsing finished)	248.432391924	239.4453106049914	870.047744	cloud-23933	TIMEOUT	990.325724976	978.1526195259939	1182.322688	cloud-23982
nla-digbench-scaling/freire2_valuebound1.yml	false	TIMEOUT	990.259605619	976.2686315140018	799.969280	cloud-23933	ERROR (server error, after parsing finished)	583.537667084	571.6328774989815	910.852096	cloud-23933	TIMEOUT	990.302169432	976.432530436985	1061.416960	cloud-23938
nla-digbench-scaling/freire2_valuebound10.yml	false	TIMEOUT	990.24869748	977.9605879459999	802.054144	cloud-23979	ERROR (server error, after parsing finished)	573.490948482	563.2987228420097	932.466688	cloud-23979	TIMEOUT	990.34034404	977.8247283119999	1001.541632	cloud-23982
nla-digbench-scaling/freire2_valuebound100.yml	false	TIMEOUT	990.301336295	975.3129507170052	794.824704	cloud-23933	ERROR (server error, after parsing finished)	596.926738659	586.978892160987	942.673920	cloud-23980	TIMEOUT	990.318187365	976.8650207930186	1203.519488	cloud-23979
nla-digbench-scaling/freire2_valuebound2.yml	false	TIMEOUT	990.278581967	976.5770244599989	767.430656	cloud-23933	ERROR (server error, after parsing finished)	616.17668671	603.6881531290128	939.270144	cloud-23938	TIMEOUT	990.29825283	978.6910282780009	1071.136768	cloud-23980
nla-digbench-scaling/freire2_valuebound20.yml	false	TIMEOUT	990.337121231	975.7473860089995	864.870400	cloud-23933	ERROR (server error, after parsing finished)	718.40870325	705.1911076749966	907.796480	cloud-23938	TIMEOUT	990.406105123	975.3742752970138	1054.756864	cloud-23933
nla-digbench-scaling/freire2_valuebound5.yml	false	TIMEOUT	990.316374047	977.0032479889996	787.951616	cloud-24259	ERROR (server error, after parsing finished)	652.236921554	641.9687202979985	875.757568	cloud-23933	TIMEOUT	990.358348701	976.8037118240027	1106.472960	cloud-23938
nla-digbench-scaling/freire2_valuebound50.yml	false	TIMEOUT	990.222776531	978.5994857550031	815.149056	cloud-23933	ERROR (server error, after parsing finished)	503.204704125	492.76687630297965	915.845120	cloud-23979	TIMEOUT	990.345607959	977.0993922439811	1158.311936	cloud-23933
nla-digbench-scaling/geo1-ll2_unwindbound1.yml	true	ERROR (solver error, after parsing finished)	34.027743879	21.00767442700453	580.046848	cloud-23979	ERROR (server error, after parsing finished)	20.660312558	11.429667553980835	544.354304	cloud-23980	true	21.516629141	12.000326342007611	514.338816	cloud-23982
nla-digbench-scaling/geo1-ll_unwindbound1.yml	true	TIMEOUT	990.27911415	974.9138934720031	542.474240	cloud-24259	ERROR (solver error, after parsing finished)	23.015374174	12.501865722006187	614.203392	cloud-23982	TIMEOUT	990.274377929	977.5884037860087	562.536448	cloud-23982
nla-digbench-scaling/geo1-ll_unwindbound2.yml	true	TIMEOUT	990.263268042	972.6471036170005	626.462720	cloud-23933	ERROR (solver error, after parsing finished)	18.36897668	10.148704819992417	587.407360	cloud-23979	TIMEOUT	990.311526641	974.5912379790097	532.705280	cloud-23938
nla-digbench-scaling/geo1-ll_unwindbound50.yml	true	TIMEOUT	990.238745493	979.9935094790053	601.706496	cloud-23979	TIMEOUT	990.220833925	977.716120246012	596.221952	cloud-23940	ERROR (solver error, after parsing finished)	110.51358044	99.60797851500683	519.012352	cloud-23938
nla-digbench-scaling/geo1-ll_valuebound1.yml	true	true	30.952477311	16.92691817299783	576.475136	cloud-23979	ERROR (server error, after parsing finished)	21.564908163	11.758585286996095	591.216640	cloud-23980	true	21.243911939	11.478356301988242	518.004736	cloud-23982
nla-digbench-scaling/geo1-ll_valuebound10.yml	true	true	34.997055103	18.785326785997313	593.936384	cloud-23933	ERROR (server error, after parsing finished)	21.979258708	12.08029089999036	581.996544	cloud-23982	true	19.453429493	10.656303903990192	569.683968	cloud-23980
nla-digbench-scaling/geo1-ll_valuebound100.yml	true	TIMEOUT	990.23693203	976.3181748259994	559.554560	cloud-23979	ERROR (solver error, after parsing finished)	105.852993831	96.3451574910141	590.614528	cloud-23933	TIMEOUT	990.259034779	974.5212031640112	623.558656	cloud-23938
nla-digbench-scaling/geo1-ll_valuebound2.yml	true	true	31.573997196	16.99140268300107	590.139392	cloud-23933	ERROR (server error, after parsing finished)	26.685320511	14.778605150990188	579.883008	cloud-23982	true	19.70734082	10.788596633006819	565.960704	cloud-23939
nla-digbench-scaling/geo1-ll_valuebound20.yml	true	TIMEOUT	990.280461603	973.5335991629981	687.521792	cloud-23933	ERROR (solver error, after parsing finished)	127.450542366	115.85400649299845	556.937216	cloud-23982	TIMEOUT	990.22584931	976.5886155109911	734.687232	cloud-23982
nla-digbench-scaling/geo1-ll_valuebound5.yml	true	true	35.358490014	19.15499477499543	593.575936	cloud-23933	ERROR (server error, after parsing finished)	23.8554579	12.8806031679851	598.142976	cloud-23982	true	22.976502901	12.549116532987682	518.160384	cloud-23980
nla-digbench-scaling/geo1-ll_valuebound50.yml	true	TIMEOUT (ERROR (solver error, after parsing finished))	942.33296753	932.1787472349824	610.775040	cloud-23941	ERROR (solver error, after parsing finished)	113.046208083	105.70295650698245	599.408640	cloud-23982	TIMEOUT	990.227795462	976.034826017014	570.699776	cloud-23938
nla-digbench-scaling/geo1-u_unwindbound2.yml	false	TIMEOUT	990.197198159	979.6551432470005	589.967360	cloud-23979	ERROR (solver error, after parsing finished)	389.425473052	377.368225815997	584.474624	cloud-23933	TIMEOUT	990.2262268	978.3191036520002	698.015744	cloud-23982
nla-digbench-scaling/geo1-u_valuebound100.yml	false	false(unreach-call)	568.277811207	553.4777595599953	564.072448	cloud-24259	ERROR (solver error, after parsing finished)	850.784534055	838.289136802021	564.690944	cloud-23938	false(unreach-call)	57.002143871	43.08989086301881	538.980352	cloud-23982
nla-digbench-scaling/geo1-u_valuebound20.yml	false	false(unreach-call)	132.849465866	119.62293301300087	596.774912	cloud-24259	ERROR (solver error, after parsing finished)	24.914723084	14.48793133799336	587.374592	cloud-23938	false(unreach-call)	27.521914515	16.673671671014745	516.034560	cloud-23933
nla-digbench-scaling/geo1-u_valuebound50.yml	false	false(unreach-call)	139.384782232	123.59413387899986	539.836416	cloud-23933	ERROR (solver error, after parsing finished)	469.703121405	456.11846841999795	589.803520	cloud-23938	false(unreach-call)	24.386307299	14.008677020989126	567.971840	cloud-23980
nla-digbench-scaling/geo2-ll_unwindbound10.yml	true	TIMEOUT	990.26662025	977.6078258799971	551.952384	cloud-24259	ERROR (solver error, after parsing finished)	175.402166641	165.71726955199847	577.970176	cloud-23980	TIMEOUT	990.214206624	978.9286233670136	590.118912	cloud-23982
nla-digbench-scaling/geo2-ll_unwindbound2.yml	true	TIMEOUT	990.258115806	977.6916584109968	585.539584	cloud-24259	TIMEOUT	990.307505982	977.5867889740039	532.455424	cloud-23982	ERROR (solver error, after parsing finished)	391.142487984	380.723262968997	506.327040	cloud-23933
nla-digbench-scaling/geo2-ll_valuebound100.yml	true	TIMEOUT	990.276754538	972.4843008959979	595.816448	cloud-23933	ERROR (solver error, after parsing finished)	21.03103601	12.663986254978226	568.516608	cloud-23942	TIMEOUT	990.251360138	975.3268322889926	570.707968	cloud-23933
nla-digbench-scaling/geo2-ll_valuebound20.yml	true	ERROR (solver error, after parsing finished)	332.482287908	315.19353744600005	702.107648	cloud-23933	TIMEOUT	990.30825983	976.2908378230059	875.945984	cloud-23979	ERROR (solver error, after parsing finished)	217.606237304	206.09254425700055	524.562432	cloud-23982
nla-digbench-scaling/geo2-ll_valuebound50.yml	true	TIMEOUT	990.26401348	976.929065037999	701.460480	cloud-23979	ERROR (solver error, after parsing finished)	24.660191549	14.411655029980466	577.744896	cloud-23933	TIMEOUT	990.251145253	976.2384161390073	630.456320	cloud-23933
nla-digbench-scaling/geo3-ll_unwindbound1.yml	true	TIMEOUT	990.26352705	975.7973558869999	586.440704	cloud-23979	ERROR (solver error, after parsing finished)	625.596929105	613.6553992599947	592.408576	cloud-23933	TIMEOUT	990.26998363	975.1794405379915	556.924928	cloud-23933
nla-digbench-scaling/geo3-ll_unwindbound10.yml	true	TIMEOUT	990.279564383	975.051743131	553.644032	cloud-23933	ERROR (solver error, after parsing finished)	588.403448796	577.3651810390002	574.382080	cloud-23979	TIMEOUT	990.286512962	975.9195695770031	509.149184	cloud-23979
nla-digbench-scaling/geo3-ll_unwindbound100.yml	true	TIMEOUT (ERROR (solver error, after parsing finished))	902.814515393	885.339784652002	554.737664	cloud-23933	ERROR (solver error, after parsing finished)	541.951282116	531.0028436619905	591.429632	cloud-23933	ERROR (solver error, after parsing finished)	777.615269658	766.005910568987	507.342848	cloud-23938
nla-digbench-scaling/geo3-ll_unwindbound2.yml	true	TIMEOUT (ERROR (solver error, after parsing finished))	900.125137105	884.6081409460021	597.590016	cloud-23979	ERROR (solver error, after parsing finished)	514.241473527	504.98472474198206	584.794112	cloud-23942	ERROR (solver error, after parsing finished)	819.541298073	808.1172748200188	542.142464	cloud-23982
nla-digbench-scaling/geo3-ll_unwindbound20.yml	true	TIMEOUT	990.232988665	976.1043229940115	567.701504	cloud-23939	ERROR (solver error, after parsing finished)	758.170583613	745.7765046900022	577.531904	cloud-23938	TIMEOUT	990.262663721	977.9402142019826	534.183936	cloud-23979
nla-digbench-scaling/geo3-ll_unwindbound5.yml	true	TIMEOUT	990.222133684	977.8148971069999	678.744064	cloud-23979	ERROR (solver error, after parsing finished)	564.437625455	554.3059238319984	548.204544	cloud-23979	TIMEOUT	990.222845174	978.9020800720027	509.317120	cloud-23943
nla-digbench-scaling/geo3-ll_unwindbound50.yml	true	TIMEOUT (ERROR (solver error, after parsing finished))	907.199884839	893.649631712	597.147648	cloud-23979	ERROR (solver error, after parsing finished)	685.424102092	674.5347469039843	563.118080	cloud-23982	ERROR (solver error, after parsing finished)	611.715346016	600.9134680040006	543.727616	cloud-23933
nla-digbench-scaling/geo3-ll_valuebound1.yml	true	true	29.113815942	15.930918215999554	615.329792	cloud-23933	ERROR (server error, after parsing finished)	24.056222056	13.02188820700394	602.906624	cloud-23982	true	24.96190587	13.910939930996392	556.027904	cloud-23938
nla-digbench-scaling/geo3-ll_valuebound10.yml	true	true	28.378437946	15.902511893000337	603.676672	cloud-24259	ERROR (server error, after parsing finished)	22.539809513	12.281232403998729	591.577088	cloud-23933	true	23.169352178	12.954792175994953	557.027328	cloud-23982
nla-digbench-scaling/geo3-ll_valuebound100.yml	true	TIMEOUT	990.200422659	978.9056106520002	662.151168	cloud-23941	ERROR (server error, after parsing finished)	39.711067719	30.478637897002045	596.668416	cloud-23979	TIMEOUT	990.301868072	975.5673296210007	625.315840	cloud-23982
nla-digbench-scaling/geo3-ll_valuebound2.yml	true	true	31.337824127	17.657157033001567	569.827328	cloud-23979	ERROR (server error, after parsing finished)	23.491602496	12.669839470996521	540.930048	cloud-23938	true	21.659577691	11.90441699398798	560.443392	cloud-23933
nla-digbench-scaling/geo3-ll_valuebound20.yml	true	TIMEOUT	990.680283597	973.1193606519992	3634.245632	cloud-23933	ERROR (solver error, after parsing finished)	20.108965882	11.302656790008768	582.529024	cloud-23938	TIMEOUT	990.591901155	976.7161242929869	3567.882240	cloud-23979
nla-digbench-scaling/geo3-ll_valuebound5.yml	true	true	29.389504478	15.921632468001917	606.457856	cloud-24259	ERROR (server error, after parsing finished)	21.922061456	12.105243819998577	554.729472	cloud-23982	true	20.972742747	11.667998378019547	562.593792	cloud-23982
nla-digbench-scaling/geo3-ll_valuebound50.yml	true	TIMEOUT	990.188561309	979.732557485986	696.373248	cloud-23941	ERROR (server error, after parsing finished)	129.627945431	120.78143851898494	598.859776	cloud-23980	TIMEOUT	990.267920497	974.803342159983	612.257792	cloud-23938
nla-digbench-scaling/hard-ll_unwindbound10.yml	false	TIMEOUT	990.259668357	970.2307807959987	679.489536	cloud-24259	ERROR (verification stuck, after parsing finished)	30.914940736	16.43590435999795	642.453504	cloud-23982	TIMEOUT	990.291327684	974.5018596659938	690.638848	cloud-23933
nla-digbench-scaling/hard-ll_unwindbound100.yml	false	ERROR (solver error, after parsing finished)	155.051170076	138.18129412899998	654.118912	cloud-23979	ERROR (verification stuck, after parsing finished)	24.345735827	13.2186654380057	621.875200	cloud-23979	ERROR (solver error, after parsing finished)	141.485565306	129.37907387400628	605.687808	cloud-23938
nla-digbench-scaling/hard-ll_unwindbound20.yml	false	ERROR (solver error, after parsing finished)	106.581963803	93.67774337198352	639.696896	cloud-23943	ERROR (verification stuck, after parsing finished)	31.421041246	17.200669621000998	598.384640	cloud-23982	ERROR (solver error, after parsing finished)	148.059116911	136.52861768202274	590.741504	cloud-23980
nla-digbench-scaling/hard-ll_unwindbound5.yml	false	ERROR (solver error, after parsing finished)	96.616045108	79.5648688509973	660.381696	cloud-23979	ERROR (verification stuck, after parsing finished)	20.042594382	11.043019359989557	592.617472	cloud-23980	ERROR (solver error, after parsing finished)	65.440157776	55.536105679988395	643.014656	cloud-23933
nla-digbench-scaling/hard-ll_unwindbound50.yml	false	TIMEOUT	990.309710522	970.3730846559993	714.604544	cloud-24259	ERROR (verification stuck, after parsing finished)	30.483603927	16.3395293589856	629.473280	cloud-23938	TIMEOUT	990.274076072	974.9064364910009	693.030912	cloud-23938
nla-digbench-scaling/hard-ll_valuebound1.yml	true	TIMEOUT	990.270903757	972.0359963709998	792.137728	cloud-23979	ERROR (server error, after parsing finished)	22.535723618	12.208201789995655	647.458816	cloud-23979	TIMEOUT	990.287129413	975.0347667270107	670.396416	cloud-23979
nla-digbench-scaling/hard-ll_valuebound10.yml	true	TIMEOUT	990.311026035	971.4353561629978	776.396800	cloud-24259	ERROR (server error, after parsing finished)	21.274030874	11.622720555984415	585.068544	cloud-23979	TIMEOUT	990.245104875	975.8817765759886	680.005632	cloud-23982
nla-digbench-scaling/hard-ll_valuebound100.yml	true	TIMEOUT	990.289367925	973.8450398540008	742.039552	cloud-23979	ERROR (server error, after parsing finished)	24.376179037	13.113356705987826	628.776960	cloud-23938	TIMEOUT	990.29455961	975.3423708319897	654.123008	cloud-23933
nla-digbench-scaling/hard-ll_valuebound2.yml	true	TIMEOUT	990.264111038	975.6326122040009	651.599872	cloud-23979	ERROR (server error, after parsing finished)	26.729810561	14.712445470009698	612.188160	cloud-23982	TIMEOUT	990.298616679	975.5116084010224	693.301248	cloud-23938
nla-digbench-scaling/hard-ll_valuebound20.yml	true	TIMEOUT	990.289892265	971.1448606710001	632.610816	cloud-24259	ERROR (server error, after parsing finished)	30.507435576	16.60421586901066	548.126720	cloud-23982	TIMEOUT	990.23495405	975.6439206060022	630.394880	cloud-23982
nla-digbench-scaling/hard-ll_valuebound5.yml	true	TIMEOUT	990.274679767	973.0159576639999	655.994880	cloud-24259	ERROR (server error, after parsing finished)	23.500356123	12.77995324897347	543.158272	cloud-23982	TIMEOUT	990.242074278	974.9490418659989	657.616896	cloud-23982
nla-digbench-scaling/hard-ll_valuebound50.yml	true	ERROR (solver error, after parsing finished)	266.042300205	255.09977538598469	613.310464	cloud-23942	ERROR (server error, after parsing finished)	21.075843237	11.49297548100003	595.546112	cloud-23979	TIMEOUT	990.247537478	977.5672599629906	619.716608	cloud-23980
nla-digbench-scaling/hard-u_unwindbound1.yml	false	TIMEOUT	990.276140406	974.8282624720014	713.904128	cloud-23933	ERROR (solver error, after parsing finished)	65.585829662	56.87098377500661	579.772416	cloud-23933	TIMEOUT	990.293057883	975.5069515380019	700.162048	cloud-23933
nla-digbench-scaling/hard-u_unwindbound10.yml	false	TIMEOUT	990.2979923	972.3187323579987	824.537088	cloud-23933	ERROR (solver error, after parsing finished)	43.844533384	33.38569327798905	539.054080	cloud-23982	TIMEOUT	990.313715401	977.4557906059781	850.505728	cloud-23982
nla-digbench-scaling/hard-u_unwindbound2.yml	false	TIMEOUT	990.327022619	974.1969785620022	1008.025600	cloud-24259	ERROR (solver error, after parsing finished)	121.648764139	111.64692600502167	581.013504	cloud-23933	TIMEOUT	990.238253573	978.9357586510014	972.263424	cloud-23980
nla-digbench-scaling/hard-u_unwindbound5.yml	false	TIMEOUT	990.215756785	977.4463759229984	787.451904	cloud-23941	ERROR (solver error, after parsing finished)	54.507206952	44.49677740401239	581.091328	cloud-23938	TIMEOUT	990.273894149	975.5899834759766	759.173120	cloud-23933
nla-digbench-scaling/hard-u_unwindbound50.yml	false	TIMEOUT	990.250493614	976.7112490569998	596.365312	cloud-23933	ERROR (solver error, after parsing finished)	130.541343307	119.93806555401534	595.255296	cloud-23933	TIMEOUT	990.301801114	977.2749391770049	735.588352	cloud-23933
nla-digbench-scaling/hard-u_valuebound1.yml	true	true	30.317876461	18.846805284003494	604.725248	cloud-23979	true	33.021537183	19.672031550988322	593.944576	cloud-23982	TIMEOUT	990.268647988	976.6488137619745	681.721856	cloud-23979
nla-digbench-scaling/hard-u_valuebound10.yml	true	ERROR (solver error, after parsing finished)	816.252011932	800.1726444350061	555.212800	cloud-24259	ERROR (solver error, after parsing finished)	19.295780075	10.766510590008693	605.757440	cloud-23980	TIMEOUT (ERROR (solver error, after parsing finished))	937.534369142	926.5527857329871	570.216448	cloud-23980
nla-digbench-scaling/hard-u_valuebound2.yml	true	TIMEOUT	990.30012857	977.442123888999	1026.412544	cloud-23979	ERROR (solver error, after parsing finished)	175.176656668	165.10618276899913	604.852224	cloud-23933	TIMEOUT	990.304481168	976.8855559770018	1022.922752	cloud-23933
nla-digbench-scaling/hard-u_valuebound20.yml	true	TIMEOUT	990.337686338	973.9048157500001	830.959616	cloud-24259	ERROR (server error, after parsing finished)	25.72939281	14.522099686000729	555.352064	cloud-23980	TIMEOUT	990.294062059	976.6094995070016	747.745280	cloud-23933
nla-digbench-scaling/hard-u_valuebound5.yml	true	TIMEOUT	990.33865496	973.9872447240014	981.323776	cloud-23979	ERROR (solver error, after parsing finished)	57.334588677	46.89044561999617	577.499136	cloud-23980	TIMEOUT	990.271582534	976.1570127170125	934.948864	cloud-23982
nla-digbench-scaling/hard-u_valuebound50.yml	true	TIMEOUT	990.336332054	973.4233601220003	1579.937792	cloud-24259	ERROR (server error, after parsing finished)	21.26357394	11.951635796984192	594.931712	cloud-23933	TIMEOUT	990.398897722	976.6659415079921	1570.525184	cloud-23979
nla-digbench-scaling/hard2_unwindbound10.yml	false	TIMEOUT	990.340304017	964.5443419860021	675.934208	cloud-23933	ERROR (solver error, after parsing finished)	50.576643568	34.7145511090057	662.814720	cloud-23933	TIMEOUT	990.246795668	974.9823930889834	593.227776	cloud-23982
nla-digbench-scaling/hard2_valuebound1.yml	true	true	19.008378267	10.628771602991037	644.272128	cloud-23940	true	24.880051155	13.399819357000524	640.729088	cloud-23979	TIMEOUT	990.287151453	975.5722432449984	620.101632	cloud-23979
nla-digbench-scaling/hard2_valuebound10.yml	true	true	25.876329919	14.045058192001306	636.456960	cloud-24259	true	26.971669614	14.551136607973604	600.068096	cloud-23979	TIMEOUT	990.295080643	975.1404661300185	644.812800	cloud-23979
nla-digbench-scaling/hard2_valuebound100.yml	true	true	25.883020292	14.390005552002549	652.292096	cloud-24259	true	25.863720835	14.024898495990783	624.726016	cloud-23979	TIMEOUT (ERROR (solver error, after parsing finished))	928.808272885	914.3103455329838	813.416448	cloud-23933
nla-digbench-scaling/hard2_valuebound2.yml	true	true	29.246382802	15.551118316994689	627.421184	cloud-23933	true	33.062401875	18.291411390993744	588.976128	cloud-23982	TIMEOUT	990.221406353	977.9913310219999	919.478272	cloud-23980
nla-digbench-scaling/hard2_valuebound20.yml	true	true	20.810862664	11.667772553977557	575.852544	cloud-23941	true	26.136450196	14.266639740992105	645.619712	cloud-23982	TIMEOUT	990.211662824	976.7259894750023	628.539392	cloud-23982
nla-digbench-scaling/hard2_valuebound5.yml	true	true	26.784410191	14.579427108001255	594.264064	cloud-24259	true	31.345547101	17.261618257005466	591.900672	cloud-23982	TIMEOUT	990.350414303	975.0084421260108	885.837824	cloud-23979
nla-digbench-scaling/hard2_valuebound50.yml	true	true	23.987527747	13.151853693998419	630.931456	cloud-23933	true	22.62049496	12.356257175997598	661.172224	cloud-23980	TIMEOUT	990.259168252	974.804487839021	611.336192	cloud-23938
nla-digbench-scaling/knuth_valuebound1.yml	true	true	26.257415522	16.52038860399989	1099.796480	cloud-24259	true	25.255734097	15.43025081299129	1119.227904	cloud-23980	ERROR (server error, after parsing finished)	23.843749642	14.589641903003212	943.034368	cloud-23938
nla-digbench-scaling/knuth_valuebound2.yml	true	true	24.951628752	15.373213316001056	1130.872832	cloud-24259	true	31.343974058	19.892748976999428	1081.470976	cloud-23938	ERROR (server error, after parsing finished)	21.947570303	13.29380992098595	965.570560	cloud-23979
nla-digbench-scaling/lcm1_unwindbound1.yml	false	TIMEOUT	990.311321689	972.7484439250002	759.517184	cloud-24259	ERROR (server error, after parsing finished)	18.94682441	10.434100452024722	582.983680	cloud-23942	TIMEOUT	990.217063212	978.0772767179878	725.528576	cloud-23982
nla-digbench-scaling/lcm1_unwindbound10.yml	false	TIMEOUT	990.236106893	972.4875352700001	603.426816	cloud-23979	ERROR (server error, after parsing finished)	21.237924026	11.576217096997425	576.843776	cloud-23979	TIMEOUT	990.19970472	980.1428724690049	533.209088	cloud-23980
nla-digbench-scaling/lcm1_unwindbound100.yml	false	TIMEOUT	990.233130965	975.5412551560003	656.805888	cloud-23979	ERROR (server error, after parsing finished)	19.946513924	10.889788172993576	602.439680	cloud-23979	TIMEOUT	990.282840045	975.937872718001	616.587264	cloud-23938
nla-digbench-scaling/lcm1_unwindbound2.yml	false	TIMEOUT	990.287916073	973.081637436997	607.125504	cloud-23933	ERROR (server error, after parsing finished)	26.26894286	14.324700577999465	597.303296	cloud-23982	TIMEOUT	990.282703732	976.100054487004	567.767040	cloud-23938
nla-digbench-scaling/lcm1_unwindbound20.yml	false	TIMEOUT	990.27272592	971.9733295250007	698.445824	cloud-23979	ERROR (server error, after parsing finished)	23.432339934	13.389646819996415	650.117120	cloud-23982	TIMEOUT	990.257341366	976.8978440270002	650.186752	cloud-23979
nla-digbench-scaling/lcm1_unwindbound5.yml	false	TIMEOUT	990.285457629	974.746671732999	666.902528	cloud-23933	ERROR (server error, after parsing finished)	22.959089525	12.882333082001423	592.310272	cloud-23982	TIMEOUT	990.237664111	978.8761804320093	637.911040	cloud-23980
nla-digbench-scaling/lcm1_unwindbound50.yml	false	TIMEOUT	990.303465924	974.064275306002	959.406080	cloud-23933	ERROR (server error, after parsing finished)	25.443238033	13.759683474025223	599.769088	cloud-23933	TIMEOUT	990.302851331	976.3834769930108	914.989056	cloud-23938
nla-digbench-scaling/lcm1_valuebound1.yml	true	TIMEOUT	990.230081562	976.7139102109941	662.855680	cloud-23939	ERROR (server error, after parsing finished)	23.410802148	12.773653971991735	596.889600	cloud-23933	TIMEOUT	990.26767033	975.4691131330037	590.487552	cloud-23980
nla-digbench-scaling/lcm1_valuebound10.yml	true	TIMEOUT	990.237590486	977.9399543949985	634.589184	cloud-23979	ERROR (solver error, after parsing finished)	567.448355615	557.294168124994	563.470336	cloud-23980	TIMEOUT	990.234084828	976.9147801779909	644.468736	cloud-23980
nla-digbench-scaling/lcm1_valuebound2.yml	true	TIMEOUT	990.260865009	975.3331426410004	800.247808	cloud-23979	ERROR (server error, after parsing finished)	17.029622736	9.40188243301236	599.834624	cloud-23943	TIMEOUT	990.304836872	973.9820836420113	772.816896	cloud-23938
nla-digbench-scaling/lcm1_valuebound20.yml	true	TIMEOUT	990.274631072	972.9444147219983	682.176512	cloud-23979	ERROR (solver error, after parsing finished)	22.740205427	13.109960181987844	599.818240	cloud-23979	TIMEOUT	990.290535884	976.9822105889907	603.635712	cloud-23938
nla-digbench-scaling/lcm1_valuebound5.yml	true	TIMEOUT	990.296915308	974.9751646029981	758.054912	cloud-23979	ERROR (solver error, after parsing finished)	25.618083828	14.289560509991134	595.611648	cloud-23938	TIMEOUT	990.328053625	976.8229045789922	925.696000	cloud-23982
nla-digbench-scaling/lcm2_unwindbound1.yml	true	TIMEOUT	990.242150752	977.0001324680052	587.370496	cloud-23979	ERROR (solver error, after parsing finished)	409.572659074	398.487768535997	593.539072	cloud-23982	TIMEOUT	990.228691447	977.2789714509854	543.752192	cloud-23979
nla-digbench-scaling/lcm2_unwindbound10.yml	true	TIMEOUT	990.227888286	976.903532381999	585.621504	cloud-23979	ERROR (solver error, after parsing finished)	396.002620713	387.65595671898336	574.623744	cloud-23982	TIMEOUT	990.215023991	979.3023542109877	560.361472	cloud-23980
nla-digbench-scaling/lcm2_unwindbound100.yml	true	TIMEOUT	990.260320265	973.2681002410027	588.050432	cloud-23933	ERROR (solver error, after parsing finished)	413.152902015	400.572435938986	610.287616	cloud-23982	TIMEOUT	990.264715197	975.5720715349889	574.922752	cloud-23979
nla-digbench-scaling/lcm2_unwindbound2.yml	true	TIMEOUT	990.249081651	973.0333945599996	572.461056	cloud-23979	ERROR (solver error, after parsing finished)	378.270917007	369.5810150129837	591.142912	cloud-23980	TIMEOUT	990.225641947	977.2754303959955	543.313920	cloud-23980
nla-digbench-scaling/lcm2_unwindbound20.yml	true	TIMEOUT	990.245879231	975.2539151780002	591.314944	cloud-23933	ERROR (solver error, after parsing finished)	356.039909547	345.33890207399963	540.958720	cloud-23933	TIMEOUT	990.265664291	975.5347622939735	507.908096	cloud-23933
nla-digbench-scaling/lcm2_unwindbound5.yml	true	TIMEOUT	990.253493876	975.3292012560014	571.981824	cloud-24259	ERROR (solver error, after parsing finished)	406.206259001	397.80002162299934	579.698688	cloud-23980	TIMEOUT	990.239747587	975.0982065339922	531.189760	cloud-23938
nla-digbench-scaling/lcm2_unwindbound50.yml	true	TIMEOUT	990.301168003	970.4154923360002	604.573696	cloud-23933	ERROR (solver error, after parsing finished)	374.264312165	363.6515432309825	543.100928	cloud-23933	TIMEOUT	990.257782574	979.448060611001	561.127424	cloud-23980
nla-digbench-scaling/lcm2_valuebound10.yml	true	TIMEOUT	990.2475965	976.4841344549786	704.167936	cloud-23944	ERROR (server error, after parsing finished)	37.50707927	26.502338063000934	599.547904	cloud-23982	TIMEOUT	990.240813013	976.1772498180217	629.489664	cloud-23982
nla-digbench-scaling/lcm2_valuebound100.yml	true	TIMEOUT	990.312232483	972.3396147349995	713.994240	cloud-24259	ERROR (server error, after parsing finished)	690.702859676	676.1906051879923	614.023168	cloud-23938	TIMEOUT	990.255443207	976.5967476800142	794.357760	cloud-23933
nla-digbench-scaling/lcm2_valuebound2.yml	true	TIMEOUT	990.286780335	975.4317570149942	651.493376	cloud-24259	ERROR (server error, after parsing finished)	22.347390561	12.90087504000985	594.919424	cloud-23980	TIMEOUT	990.276377613	975.9393711730081	639.164416	cloud-23938
nla-digbench-scaling/lcm2_valuebound20.yml	true	TIMEOUT	990.271675066	973.0009549899987	643.162112	cloud-24259	ERROR (server error, after parsing finished)	81.565476459	73.57990335198701	612.438016	cloud-23979	TIMEOUT	990.278457375	978.0372930080048	628.289536	cloud-23979
nla-digbench-scaling/lcm2_valuebound5.yml	true	TIMEOUT	990.303517186	972.6175716200014	625.295360	cloud-23933	ERROR (server error, after parsing finished)	40.232608858	29.27102770100464	565.592064	cloud-23982	TIMEOUT	990.28520391	976.6192964260117	748.699648	cloud-23933
nla-digbench-scaling/lcm2_valuebound50.yml	true	TIMEOUT	990.285559251	973.3115764339964	674.131968	cloud-24259	ERROR (server error, after parsing finished)	151.08657473	140.71405099300318	598.716416	cloud-23979	TIMEOUT	990.248716924	976.148645592999	638.058496	cloud-23933
nla-digbench-scaling/mannadiv_unwindbound10.yml	false	false(unreach-call)	42.263696087	26.878791135000938	698.785792	cloud-23979	false(unreach-call)	38.79356336	26.263030058005825	709.922816	cloud-23980	ERROR (solver error, after parsing finished)	29.141396914	17.894996438990347	552.464384	cloud-23980
nla-digbench-scaling/mannadiv_unwindbound100.yml	false	TIMEOUT	990.498402397	951.8511584630032	2039.640064	cloud-24259	TIMEOUT	990.442758874	962.1866825759935	1219.489792	cloud-23938	ERROR (solver error, after parsing finished)	23.559368487	14.335961595992558	544.567296	cloud-23979
nla-digbench-scaling/mannadiv_unwindbound20.yml	false	TIMEOUT	990.388907096	954.190702947999	1966.891008	cloud-23979	false(unreach-call)	203.04444122	183.3213841280085	775.888896	cloud-23979	ERROR (solver error, after parsing finished)	23.19334994	14.06072479300201	547.061760	cloud-23938
nla-digbench-scaling/mannadiv_unwindbound5.yml	false	false(unreach-call)	21.246366175	11.786324914020952	654.204928	cloud-23940	false(unreach-call)	29.349025755	15.82183966098819	636.022784	cloud-23933	ERROR (solver error, after parsing finished)	38.638877595	26.680398744996637	554.856448	cloud-23938
nla-digbench-scaling/mannadiv_unwindbound50.yml	false	TIMEOUT	990.528760972	950.6557811539969	1875.857408	cloud-23933	TIMEOUT	990.396192874	961.7833163949836	804.343808	cloud-23938	ERROR (solver error, after parsing finished)	27.568149673	17.51643604002311	553.656320	cloud-23982
nla-digbench-scaling/prod4br-ll_unwindbound1.yml	false	ERROR (solver error, after parsing finished)	31.826503809	17.388301974999194	614.547456	cloud-23933	ERROR (server error, after parsing finished)	23.11477546	12.781394186982652	622.694400	cloud-23982	ERROR (solver error, after parsing finished)	24.869947056	13.499636883003404	552.513536	cloud-23938
nla-digbench-scaling/prod4br-ll_unwindbound10.yml	false	TIMEOUT	990.293169315	972.9984447730021	646.017024	cloud-24259	ERROR (server error, after parsing finished)	19.625735317	10.72734416599269	589.053952	cloud-23979	TIMEOUT	990.268056362	978.8907271979842	547.631104	cloud-23980
nla-digbench-scaling/prod4br-ll_unwindbound100.yml	false	TIMEOUT	990.266387548	974.629490318	610.037760	cloud-24259	ERROR (server error, after parsing finished)	20.63999844	11.54984553399845	587.997184	cloud-23979	TIMEOUT	990.264556213	974.342466689006	545.443840	cloud-23938
nla-digbench-scaling/prod4br-ll_unwindbound2.yml	false	TIMEOUT	990.274488223	973.1945949569999	635.498496	cloud-24259	ERROR (server error, after parsing finished)	20.406823509	11.110393050010316	574.787584	cloud-23933	TIMEOUT	990.277347251	973.89866604298	563.994624	cloud-23938
nla-digbench-scaling/prod4br-ll_unwindbound20.yml	false	TIMEOUT	990.237468787	976.6670169209974	635.555840	cloud-23979	ERROR (server error, after parsing finished)	22.308191794	12.056973155995365	541.831168	cloud-23938	TIMEOUT	990.266879368	977.1722192789894	573.771776	cloud-23982
nla-digbench-scaling/prod4br-ll_unwindbound5.yml	false	TIMEOUT	990.257531661	972.720821582996	635.113472	cloud-24259	ERROR (server error, after parsing finished)	25.426184809	13.788989773980575	582.295552	cloud-23938	TIMEOUT	990.238431289	978.6814384690078	551.063552	cloud-23980
nla-digbench-scaling/prod4br-ll_unwindbound50.yml	false	TIMEOUT	990.258148389	970.8855104170034	597.753856	cloud-23979	ERROR (server error, after parsing finished)	20.181061328	10.992776144994423	598.196224	cloud-23980	TIMEOUT	990.245979406	976.0095808930055	556.244992	cloud-23979
nla-digbench-scaling/prod4br-ll_valuebound1.yml	true	true	25.619266874	13.77244058400538	617.361408	cloud-24259	true	23.122689274	12.423346730007324	640.643072	cloud-23979	ERROR (solver error, after parsing finished)	26.406965388	15.1249382099777	606.347264	cloud-23980
nla-digbench-scaling/prod4br-ll_valuebound10.yml	true	ERROR (solver error, after parsing finished)	44.18984127	29.044857982000394	645.980160	cloud-24259	ERROR (server error, after parsing finished)	22.984017695	12.433136796025792	650.911744	cloud-23980	ERROR (solver error, after parsing finished)	35.274586982	25.22555356597877	605.892608	cloud-23980
nla-digbench-scaling/prod4br-ll_valuebound100.yml	true	ERROR (solver error, after parsing finished)	47.383790751	31.110720331002085	649.506816	cloud-23933	ERROR (server error, after parsing finished)	22.021764067	11.841009580006357	614.580224	cloud-23979	ERROR (solver error, after parsing finished)	36.301182323	26.062909102009144	639.918080	cloud-23980
nla-digbench-scaling/prod4br-ll_valuebound2.yml	true	ERROR (solver error, after parsing finished)	34.515128933	20.71726357499574	687.779840	cloud-23979	ERROR (server error, after parsing finished)	20.814136567	11.507901266013505	648.466432	cloud-23979	ERROR (solver error, after parsing finished)	30.701642646	18.642979512020247	605.589504	cloud-23938
nla-digbench-scaling/prod4br-ll_valuebound20.yml	true	ERROR (solver error, after parsing finished)	43.693653066	28.33299421799893	654.528512	cloud-24259	ERROR (server error, after parsing finished)	19.530426114	10.842943293013377	690.925568	cloud-23980	ERROR (solver error, after parsing finished)	34.256899242	24.738106086006155	620.040192	cloud-23980
nla-digbench-scaling/prod4br-ll_valuebound5.yml	true	true	51.917635565	36.56650073399942	653.238272	cloud-24259	ERROR (server error, after parsing finished)	23.472746416	12.72826038300991	619.843584	cloud-23933	true	38.67836719	28.244678165996447	582.574080	cloud-23979
nla-digbench-scaling/prod4br-ll_valuebound50.yml	true	ERROR (solver error, after parsing finished)	52.299849832	35.166368295998836	616.583168	cloud-24259	ERROR (server error, after parsing finished)	21.749344349	11.921143814979587	645.193728	cloud-23979	ERROR (solver error, after parsing finished)	41.878699659	29.38321108999662	558.104576	cloud-23933
nla-digbench-scaling/prodbin-ll_unwindbound1.yml	false	false(unreach-call)	34.407305232	19.359248812994338	550.584320	cloud-24259	ERROR (server error, after parsing finished)	18.531386304	10.19410073698964	576.671744	cloud-23980	false(unreach-call)	23.96623087	14.147779354010709	554.733568	cloud-23979
nla-digbench-scaling/prodbin-ll_unwindbound10.yml	false	TIMEOUT (ERROR (solver error, after parsing finished))	934.808989398	921.3938224029989	559.693824	cloud-23979	ERROR (server error, after parsing finished)	20.140475146	10.82977690899861	547.282944	cloud-23933	ERROR (solver error, after parsing finished)	756.559805224	744.685611569992	525.000704	cloud-23979
nla-digbench-scaling/prodbin-ll_unwindbound100.yml	true	TIMEOUT	990.267760603	973.4146871400008	633.245696	cloud-23933	ERROR (server error, after parsing finished)	26.087194495	14.35252488500555	575.291392	cloud-23938	TIMEOUT	990.220838642	978.2982594199711	555.954176	cloud-23980
nla-digbench-scaling/prodbin-ll_unwindbound2.yml	false	ERROR (solver error, after parsing finished)	32.895407781	21.053178005000518	589.926400	cloud-24259	ERROR (server error, after parsing finished)	24.443937872	13.385622577014146	579.354624	cloud-23938	ERROR (solver error, after parsing finished)	27.605995505	17.184196032991167	559.202304	cloud-23933
nla-digbench-scaling/prodbin-ll_unwindbound20.yml	false	TIMEOUT	990.238270615	976.1228516289993	621.326336	cloud-24259	ERROR (server error, after parsing finished)	17.862462272	9.806475471996237	564.781056	cloud-23979	TIMEOUT	990.280962914	973.1089927089924	619.769856	cloud-23938
nla-digbench-scaling/prodbin-ll_unwindbound5.yml	false	TIMEOUT	990.282899219	972.4295148540004	790.011904	cloud-24259	ERROR (server error, after parsing finished)	17.773643183	9.707213742018212	540.037120	cloud-23979	TIMEOUT	990.269874907	975.4833947000152	798.015488	cloud-23933
nla-digbench-scaling/prodbin-ll_unwindbound50.yml	true	TIMEOUT	990.252638364	971.0914048669983	575.881216	cloud-23979	ERROR (server error, after parsing finished)	17.366356488	9.550378776009893	580.005888	cloud-23979	TIMEOUT	990.250999872	975.1132137529785	564.400128	cloud-23938
nla-digbench-scaling/prodbin-ll_valuebound10.yml	true	ERROR (solver error, after parsing finished)	34.882188667	20.554322716998286	587.673600	cloud-23933	ERROR (server error, after parsing finished)	23.663899715	12.849940912012244	594.735104	cloud-23938	ERROR (solver error, after parsing finished)	27.111757172	16.749842714023544	567.681024	cloud-23980
nla-digbench-scaling/prodbin-ll_valuebound100.yml	true	TIMEOUT	990.297392031	972.7168801750013	676.073472	cloud-23933	ERROR (server error, after parsing finished)	25.790156419	14.190817946015159	587.161600	cloud-23982	TIMEOUT	990.246425809	976.2441168900114	703.750144	cloud-23980
nla-digbench-scaling/prodbin-ll_valuebound2.yml	true	true	40.587201443	28.359400784000172	654.864384	cloud-23979	ERROR (server error, after parsing finished)	24.887844764	13.49781131601776	571.367424	cloud-23938	true	35.112026026	24.508622213994386	555.409408	cloud-23979
nla-digbench-scaling/prodbin-ll_valuebound20.yml	true	ERROR (solver error, after parsing finished)	33.127938001	19.790399133999017	611.467264	cloud-23979	ERROR (server error, after parsing finished)	22.605683348	12.427604807977332	553.209856	cloud-23982	ERROR (solver error, after parsing finished)	29.042138876	17.24022907699691	586.371072	cloud-23982
nla-digbench-scaling/prodbin-ll_valuebound5.yml	true	ERROR (solver error, after parsing finished)	551.034030682	535.8821165199988	590.581760	cloud-24259	ERROR (server error, after parsing finished)	22.272437182	12.30430097799399	627.036160	cloud-23938	ERROR (solver error, after parsing finished)	524.700946633	512.889821972989	579.207168	cloud-23933
nla-digbench-scaling/prodbin-ll_valuebound50.yml	true	ERROR (solver error, after parsing finished)	583.01707656	567.6110816750006	611.622912	cloud-23933	ERROR (server error, after parsing finished)	22.773385108	12.293099684990011	549.355520	cloud-23933	ERROR (solver error, after parsing finished)	618.103767821	604.9517770830134	616.161280	cloud-23982
nla-digbench-scaling/ps3-ll_valuebound1.yml	true	ERROR (solver error, after parsing finished)	31.340065041	17.155002925996087	637.800448	cloud-23933	ERROR (solver error, after parsing finished)	24.553541258	13.349716327007627	683.380736	cloud-23982	true	26.921541238	14.801172070001485	621.445120	cloud-23982
nla-digbench-scaling/ps3-ll_valuebound10.yml	true	ERROR (solver error, after parsing finished)	30.822459324	16.690304051997373	624.840704	cloud-24259	ERROR (solver error, after parsing finished)	19.169641885	10.381733874004567	670.392320	cloud-23982	true	17.016312117	9.329465107002761	615.260160	cloud-23944
nla-digbench-scaling/ps3-ll_valuebound100.yml	true	ERROR (solver error, after parsing finished)	32.408458824	17.496058659999107	615.084032	cloud-23933	ERROR (solver error, after parsing finished)	18.189257897	9.866796404006891	637.112320	cloud-23942	true	25.517381041	14.143422302993713	588.365824	cloud-23980
nla-digbench-scaling/ps3-ll_valuebound2.yml	true	ERROR (solver error, after parsing finished)	38.15514277	20.698259570999653	659.783680	cloud-23933	ERROR (solver error, after parsing finished)	24.574568392	13.297850579983788	659.369984	cloud-23980	true	26.124016637	14.455735266994452	597.254144	cloud-23938
nla-digbench-scaling/ps3-ll_valuebound20.yml	true	ERROR (solver error, after parsing finished)	39.713464776	21.863602094999806	619.364352	cloud-23979	ERROR (solver error, after parsing finished)	22.71131672	12.324839688983047	656.859136	cloud-23980	true	25.642360786	14.231727767997654	600.715264	cloud-23982
nla-digbench-scaling/ps3-ll_valuebound5.yml	true	ERROR (solver error, after parsing finished)	30.709329345	16.690593983003055	626.032640	cloud-23933	ERROR (solver error, after parsing finished)	20.909119868	11.316701349016512	683.040768	cloud-23933	true	23.998176048	12.932151048007654	633.405440	cloud-23933
nla-digbench-scaling/ps3-ll_valuebound50.yml	true	ERROR (solver error, after parsing finished)	32.47587186	17.496320163001656	604.233728	cloud-24259	ERROR (solver error, after parsing finished)	18.871226672	10.320435647998238	633.765888	cloud-23933	true	21.940889822	12.005879250005819	637.239296	cloud-23979
nla-digbench-scaling/ps4-ll_unwindbound100.yml	false	TIMEOUT (ERROR (solver error, after parsing finished))	982.438019297	960.1674610510017	649.502720	cloud-23933	TIMEOUT	990.22457422	977.7028951810207	673.153024	cloud-23980	ERROR (solver error, after parsing finished)	120.638524751	110.36393581400625	633.085952	cloud-23980
nla-digbench-scaling/ps4-ll_unwindbound20.yml	false	ERROR (solver error, after parsing finished)	792.587464292	771.0500726159989	650.690560	cloud-23933	TIMEOUT	990.271592468	974.6715720330249	691.269632	cloud-23933	ERROR (solver error, after parsing finished)	101.151819364	90.58127500998671	616.968192	cloud-23979
nla-digbench-scaling/ps4-ll_unwindbound50.yml	false	ERROR (solver error, after parsing finished)	858.41825168	837.5517094550014	684.503040	cloud-24259	TIMEOUT	990.266230014	975.1129875899933	653.492224	cloud-23979	ERROR (solver error, after parsing finished)	118.232642479	107.13679055598914	532.799488	cloud-23980
nla-digbench-scaling/ps4-ll_valuebound10.yml	true	TIMEOUT	990.282526376	969.506337626	643.661824	cloud-23933	ERROR (solver error, after parsing finished)	129.997113204	118.060510144016	638.869504	cloud-23979	TIMEOUT	990.254723417	974.3172740289883	595.316736	cloud-23982
nla-digbench-scaling/ps4-ll_valuebound100.yml	true	TIMEOUT	990.317951132	969.8138734919994	669.274112	cloud-24259	ERROR (solver error, after parsing finished)	163.39238528	149.51786671500304	614.739968	cloud-23982	TIMEOUT	990.325903803	973.2385140260158	683.401216	cloud-23933
nla-digbench-scaling/ps4-ll_valuebound2.yml	true	true	25.764788996	13.835632194000937	630.644736	cloud-23933	true	26.053699204	14.34610015101498	705.896448	cloud-23979	TIMEOUT	990.25698771	976.028473096987	644.390912	cloud-23979
nla-digbench-scaling/ps4-ll_valuebound20.yml	true	TIMEOUT	990.277236289	972.9282020390019	709.103616	cloud-23979	ERROR (solver error, after parsing finished)	107.41046779	98.24143627399462	665.899008	cloud-23944	TIMEOUT	990.274044546	973.9070592530188	672.874496	cloud-23933
nla-digbench-scaling/ps4-ll_valuebound5.yml	true	true	648.83167043	630.2793800770014	634.327040	cloud-23933	ERROR (solver error, after parsing finished)	140.917851943	127.30305329602561	609.914880	cloud-23933	true	391.026495854	379.410994150996	614.690816	cloud-23933
nla-digbench-scaling/ps4-ll_valuebound50.yml	true	TIMEOUT	990.24373038	973.3161414189963	668.463104	cloud-23939	ERROR (solver error, after parsing finished)	134.073377528	122.14423692697892	641.105920	cloud-23979	TIMEOUT	990.331151524	972.4953996080148	676.343808	cloud-23938
nla-digbench-scaling/ps5-ll_unwindbound1.yml	false	false(unreach-call)	32.461250065	17.772008740001183	706.510848	cloud-23933	false(unreach-call)	25.211134319	13.549543795001227	765.845504	cloud-23979	TIMEOUT	990.262959438	975.368420475017	720.912384	cloud-23979
nla-digbench-scaling/ps5-ll_unwindbound2.yml	false	false(unreach-call)	31.22306579	18.116103842003213	765.075456	cloud-24259	false(unreach-call)	29.850699275	17.554806913016364	791.654400	cloud-23979	TIMEOUT	990.251324871	976.4372369699995	768.598016	cloud-23980
nla-digbench-scaling/ps5-ll_valuebound1.yml	true	TIMEOUT	990.21072328	975.6841016800026	802.926592	cloud-23941	ERROR (solver error, after parsing finished)	24.130716263	13.034242009016452	786.030592	cloud-23979	TIMEOUT	990.289176135	973.0758445959946	717.516800	cloud-23979
nla-digbench-scaling/ps5-ll_valuebound10.yml	true	TIMEOUT	990.24798719	974.5527995300363	788.582400	cloud-23944	ERROR (solver error, after parsing finished)	24.267507646	12.99268736198428	768.278528	cloud-23933	TIMEOUT	990.302116888	973.7676581270061	741.494784	cloud-23933
nla-digbench-scaling/ps5-ll_valuebound100.yml	true	TIMEOUT	990.282341521	972.1180306419847	795.742208	cloud-23939	ERROR (solver error, after parsing finished)	28.274138075	15.434375938988524	799.895552	cloud-23980	TIMEOUT	990.215311941	978.286287105002	712.798208	cloud-23980
nla-digbench-scaling/ps5-ll_valuebound2.yml	true	TIMEOUT	990.345899401	968.8203350100011	708.849664	cloud-24259	ERROR (solver error, after parsing finished)	25.81206653	13.999964782007737	751.378432	cloud-23982	TIMEOUT	990.271499626	974.6135168799956	720.621568	cloud-23979
nla-digbench-scaling/ps5-ll_valuebound20.yml	true	TIMEOUT	990.289965157	967.9158026320001	750.731264	cloud-23933	ERROR (solver error, after parsing finished)	27.176770018	14.695750333979959	715.837440	cloud-23933	TIMEOUT	990.318547292	974.2735536810069	774.098944	cloud-23979
nla-digbench-scaling/ps5-ll_valuebound5.yml	true	TIMEOUT	990.260155588	970.8093643710017	786.669568	cloud-23979	ERROR (solver error, after parsing finished)	27.112588085	14.939577882993035	740.294656	cloud-23938	TIMEOUT	990.339054525	972.5554472960066	702.386176	cloud-23938
nla-digbench-scaling/ps5-ll_valuebound50.yml	true	TIMEOUT	990.270450191	971.307331693999	754.089984	cloud-23933	ERROR (solver error, after parsing finished)	22.079657312	12.161862410983304	798.900224	cloud-23980	TIMEOUT	990.294547155	973.344544713007	730.619904	cloud-23979
nla-digbench-scaling/ps6-ll_unwindbound1.yml	false	false(unreach-call)	31.733492378	17.012448763001885	830.812160	cloud-23979	false(unreach-call)	32.176917687	17.118527045007795	777.711616	cloud-23982	TIMEOUT	990.377120702	973.1806086819852	756.137984	cloud-23982
nla-digbench-scaling/ps6-ll_unwindbound10.yml	false	TIMEOUT	990.326555423	967.1920483249996	840.421376	cloud-24259	ERROR (solver error, after parsing finished)	42.83819786	30.52505151098012	804.986880	cloud-23933	TIMEOUT	990.347821168	974.795064564998	757.567488	cloud-23982
nla-digbench-scaling/ps6-ll_unwindbound100.yml	false	TIMEOUT	990.297052243	968.5431085279997	779.448320	cloud-23933	ERROR (solver error, after parsing finished)	36.815623521	20.741609465010697	780.759040	cloud-23982	TIMEOUT	990.285413218	974.791899606993	791.556096	cloud-23979
nla-digbench-scaling/ps6-ll_unwindbound2.yml	false	false(unreach-call)	27.625891158	15.83387475299969	830.066688	cloud-23979	false(unreach-call)	33.627768724	19.048515867005335	791.052288	cloud-23938	TIMEOUT	990.265248326	977.1580810199957	780.275712	cloud-23980
nla-digbench-scaling/ps6-ll_unwindbound20.yml	false	ERROR (solver error, after parsing finished)	154.461172542	134.64932421200137	816.619520	cloud-24259	TIMEOUT	990.327417445	973.5809508899983	898.949120	cloud-23933	TIMEOUT	990.260997176	973.639549162006	778.133504	cloud-23982
nla-digbench-scaling/ps6-ll_unwindbound5.yml	false	TIMEOUT	990.381291026	967.7902964399982	878.141440	cloud-24259	ERROR (solver error, after parsing finished)	48.649122498	34.77557996701216	810.287104	cloud-23979	TIMEOUT	990.327654869	973.4750612460193	751.874048	cloud-23933
nla-digbench-scaling/ps6-ll_unwindbound50.yml	false	ERROR (solver error, after parsing finished)	154.735464501	134.35919697200006	822.820864	cloud-24259	TIMEOUT	990.296789697	972.244067401014	849.358848	cloud-23933	TIMEOUT	990.323960986	973.0086063040071	775.016448	cloud-23933
nla-digbench-scaling/ps6-ll_valuebound1.yml	true	true	28.420127704	15.20477315700191	764.596224	cloud-24259	true	23.35267147	12.462525108014233	790.343680	cloud-23982	TIMEOUT	990.252342203	977.3752299050102	876.077056	cloud-23980
nla-digbench-scaling/ps6-ll_valuebound10.yml	true	TIMEOUT	990.271750145	967.601524482001	861.409280	cloud-23979	ERROR (solver error, after parsing finished)	36.219012631	22.477581027982524	737.603584	cloud-23979	TIMEOUT	990.363528024	972.3236619649979	837.754880	cloud-23933
nla-digbench-scaling/ps6-ll_valuebound100.yml	true	TIMEOUT	990.374403596	965.3262468660032	873.521152	cloud-23933	ERROR (solver error, after parsing finished)	40.010287221	25.23386517999461	750.419968	cloud-23982	TIMEOUT	990.335296099	973.740748273005	767.148032	cloud-23979
nla-digbench-scaling/ps6-ll_valuebound2.yml	true	true	22.960441045	13.477153652987909	781.922304	cloud-23944	true	34.035131676	19.50595799300936	839.548928	cloud-23933	TIMEOUT	990.321912437	973.2288729650027	820.740096	cloud-23979
nla-digbench-scaling/ps6-ll_valuebound20.yml	true	TIMEOUT	990.350048133	964.9107363750009	841.998336	cloud-23933	ERROR (solver error, after parsing finished)	32.905722122	21.0254230510036	777.494528	cloud-23980	TIMEOUT	990.295695033	978.0296570489882	756.953088	cloud-23980
nla-digbench-scaling/ps6-ll_valuebound5.yml	true	TIMEOUT	990.32501372	969.5561801490003	816.259072	cloud-23933	ERROR (solver error, after parsing finished)	31.587639293	19.93729039799655	875.794432	cloud-23979	TIMEOUT	990.262013161	972.7372798300057	769.826816	cloud-23982
nla-digbench-scaling/ps6-ll_valuebound50.yml	true	TIMEOUT	990.312310481	969.9022243580039	927.477760	cloud-23979	ERROR (solver error, after parsing finished)	33.85862308	22.148144129983848	901.988352	cloud-23980	TIMEOUT	990.260957167	973.2528249399911	792.186880	cloud-23982
nla-digbench-scaling/sqrt1-ll_unwindbound1.yml	true	true	26.316543832	14.301812949997839	601.665536	cloud-23933	true	25.036422584	13.532139504997758	655.224832	cloud-23938	ERROR (solver error, after parsing finished)	20.969057813	11.71026363899	589.733888	cloud-23980
nla-digbench-scaling/sqrt1-ll_unwindbound10.yml	true	true	24.982344603	13.552033759006008	628.133888	cloud-23933	true	23.616484909	13.16230694501428	681.197568	cloud-23980	ERROR (solver error, after parsing finished)	62.669642536	53.775536770001054	616.726528	cloud-23980
nla-digbench-scaling/sqrt1-ll_unwindbound100.yml	true	true	24.679398446	13.239583904000028	614.539264	cloud-23979	true	22.35840229	12.101497035007924	649.158656	cloud-23980	ERROR (solver error, after parsing finished)	62.154842344	51.860110060020816	551.563264	cloud-23933
nla-digbench-scaling/sqrt1-ll_unwindbound2.yml	true	true	25.286903717	13.992209282999966	618.864640	cloud-23933	true	25.428952298	13.849485688988352	610.263040	cloud-23980	ERROR (solver error, after parsing finished)	75.480262706	63.0345521630079	603.238400	cloud-23938
nla-digbench-scaling/sqrt1-ll_unwindbound20.yml	true	true	21.501956469	11.788888257000508	602.591232	cloud-24259	true	31.255304289	17.480674117978197	592.138240	cloud-23982	ERROR (solver error, after parsing finished)	68.89730786	56.25551345900749	611.028992	cloud-23933
nla-digbench-scaling/sqrt1-ll_unwindbound5.yml	true	true	25.160662658	13.698774549000518	664.555520	cloud-23933	true	25.013657901	13.764202478021616	600.535040	cloud-23938	ERROR (solver error, after parsing finished)	62.370109175	51.64466420299141	564.568064	cloud-23979
nla-digbench-scaling/sqrt1-ll_unwindbound50.yml	true	true	27.813675546	14.91157975099486	643.399680	cloud-23933	true	29.786786994	15.898827680997783	650.366976	cloud-23982	ERROR (solver error, after parsing finished)	65.992765762	54.82534655800555	638.418944	cloud-23938
nla-digbench-scaling/sqrt1-ll_valuebound1.yml	true	true	27.677533575	16.230618832996697	587.558912	cloud-23979	true	31.877287818	18.431599281000672	665.788416	cloud-23938	ERROR (solver error, after parsing finished)	50.878754259	37.999490529007744	602.492928	cloud-23982
nla-digbench-scaling/sqrt1-ll_valuebound10.yml	true	true	29.691681811	17.16512444199907	615.002112	cloud-23933	true	26.122254009	14.861525134008843	656.547840	cloud-23979	ERROR (solver error, after parsing finished)	124.802432745	112.18175896100001	594.173952	cloud-23982
nla-digbench-scaling/sqrt1-ll_valuebound100.yml	true	true	29.869004091	17.620688929004245	610.406400	cloud-23979	true	24.029552491	13.845584399008658	611.262464	cloud-23933	ERROR (solver error, after parsing finished)	94.179054383	82.7916176370054	589.135872	cloud-23979
nla-digbench-scaling/sqrt1-ll_valuebound2.yml	true	true	26.77634423	15.304620624003292	614.481920	cloud-24259	true	25.244594309	14.717268701002467	625.934336	cloud-23933	ERROR (solver error, after parsing finished)	124.994195951	112.62056861899327	597.110784	cloud-23938
nla-digbench-scaling/sqrt1-ll_valuebound20.yml	true	true	19.769275833	11.680986786959693	646.828032	cloud-23944	true	28.105569358	16.17080936601269	653.836288	cloud-23938	ERROR (solver error, after parsing finished)	130.29769978	120.97714859899133	616.927232	cloud-23980
nla-digbench-scaling/sqrt1-ll_valuebound5.yml	true	true	23.248347812	13.299444117001258	639.950848	cloud-24259	true	24.169396883	14.338398065010551	650.452992	cloud-23980	ERROR (solver error, after parsing finished)	113.613757537	103.91422671999317	549.654528	cloud-23980
nla-digbench-scaling/sqrt1-ll_valuebound50.yml	true	true	27.332055129	15.562285784002597	654.548992	cloud-24259	true	25.369915777	15.00938184800907	613.806080	cloud-23980	ERROR (solver error, after parsing finished)	109.763365073	99.5546161950042	630.489088	cloud-23980
verifythis/duplets.yml	true	ERROR (generic error, after parsing finished)	22.417832906	12.305565103000845	566.902784	cloud-23979	ERROR (server error, after parsing finished)	19.64896972	10.695288791001076	549.502976	cloud-23979	ERROR (generic error, after parsing finished)	21.027966167	11.496329754998442	501.362688	cloud-23940
verifythis/elimination_max.yml	true	ERROR (generic error, after parsing finished)	25.068884978	13.709548980994441	561.815552	cloud-23933	ERROR (server error, after parsing finished)	14.212382437	7.912867685983656	561.631232	cloud-23944	ERROR (generic error, after parsing finished)	23.322924696	12.875380571989808	524.193792	cloud-23982
verifythis/lcp.yml	true	ERROR (generic error, after parsing finished)	25.324153967	14.000956288000452	527.544320	cloud-23933	ERROR (server error, after parsing finished)	22.835257624	12.633254177984782	556.576768	cloud-23938	ERROR (generic error, after parsing finished)	14.71085958	8.365823916974477	499.109888	cloud-23980
verifythis/prefixsum_iter.yml	true	ERROR (generic error, after parsing finished)	23.535387868	13.234156644000905	587.386880	cloud-24259	ERROR (server error, after parsing finished)	18.375860336	10.214008241979172	607.875072	cloud-23979	ERROR (generic error, after parsing finished)	17.805162994	10.002384423016338	509.927424	cloud-23980
combinations/pc_sfifo_1.cil-1+token_ring.08.cil-1.yml	false	false(unreach-call)	88.223093099	60.40540693300005	1144.946688	cloud-23933	false(unreach-call)	81.370844096	55.153153251012554	1087.528960	cloud-23979	TIMEOUT	990.353263055	956.9555607110087	1332.068352	cloud-23980
combinations/pc_sfifo_1.cil-1+token_ring.11.cil-2.yml	false	false(unreach-call)	121.045543069	87.85284077800316	1246.052352	cloud-23979	false(unreach-call)	114.913226126	81.09131821000483	1545.687040	cloud-23980	TIMEOUT	990.525851051	948.6734585009981	1593.421824	cloud-23982
combinations/pc_sfifo_1.cil-1+token_ring.12.cil-2.yml	false	false(unreach-call)	133.04112629	93.84304750300362	1353.203712	cloud-24259	false(unreach-call)	141.959589127	102.89398938999511	1732.685824	cloud-23982	TIMEOUT	990.461676396	954.3740086999896	1793.355776	cloud-23941
combinations/pc_sfifo_1.cil-1+token_ring.13.cil-2.yml	false	false(unreach-call)	148.710730695	112.21931163200134	2183.512064	cloud-23933	false(unreach-call)	139.26581586	103.47147638199385	1853.177856	cloud-23933	TIMEOUT	990.568398122	945.292259357986	2401.161216	cloud-23980
combinations/pc_sfifo_1.cil-2+token_ring.01.cil-1.yml	true	true	107.05926677	75.21618888100056	873.037824	cloud-23979	true	104.311034575	76.1363661949872	942.596096	cloud-23933	TIMEOUT	990.360846195	964.3977628879948	858.710016	cloud-23933
combinations/pc_sfifo_1.cil-2+token_ring.01.cil-2.yml	false	false(unreach-call)	88.596975673	62.39957213299931	875.089920	cloud-24259	false(unreach-call)	100.536804678	72.10440691802069	827.260928	cloud-23933	TIMEOUT	990.327706573	965.0261707990139	850.206720	cloud-23980
combinations/pc_sfifo_1.cil-2+token_ring.02.cil-1.yml	true	true	393.962890542	278.7636291309973	2353.635328	cloud-24259	true	219.067254643	184.85064105602214	937.664512	cloud-23982	TIMEOUT	990.393067392	958.2527881209971	856.203264	cloud-23933
combinations/pc_sfifo_1.cil-2+token_ring.02.cil-2.yml	false	false(unreach-call)	160.333081694	126.4941278519982	891.027456	cloud-24259	false(unreach-call)	165.915620202	132.41359590599313	898.416640	cloud-23979	TIMEOUT	990.379980958	964.2718850310193	966.713344	cloud-23979
combinations/pc_sfifo_1.cil-2+token_ring.03.cil-1.yml	false	TIMEOUT	990.755360982	924.7371117469738	2170.073088	cloud-23943	false(unreach-call)	319.65065055	282.97136943400255	1041.133568	cloud-23979	TIMEOUT	990.388012417	959.914081468014	940.609536	cloud-23979
combinations/pc_sfifo_1.cil-2+token_ring.03.cil-2.yml	true	TIMEOUT	990.500551401	942.714782125	2107.998208	cloud-23979	true	563.781534343	523.222255945002	966.660096	cloud-23938	TIMEOUT	990.339680834	960.2612163909944	998.699008	cloud-23982
combinations/pc_sfifo_2.cil-1+token_ring.01.cil-1.yml	true	true	149.331041939	114.81521031900047	978.612224	cloud-23933	true	166.963357297	135.03566432598745	920.195072	cloud-23938	TIMEOUT	990.329167097	965.9543681289942	878.067712	cloud-23979
combinations/pc_sfifo_2.cil-1+token_ring.01.cil-2.yml	false	false(unreach-call)	116.630951248	87.93684682399908	767.385600	cloud-23933	false(unreach-call)	128.468977174	96.50945890901494	770.764800	cloud-23938	TIMEOUT	990.310091716	964.5340348979807	797.462528	cloud-23980
combinations/pc_sfifo_2.cil-1+token_ring.02.cil-1.yml	true	TIMEOUT	990.605896921	934.4973246610025	1346.142208	cloud-24259	true	234.951167477	201.89702814799966	1040.531456	cloud-23933	TIMEOUT	990.36663536	966.3925027489895	923.025408	cloud-23979
combinations/pc_sfifo_2.cil-1+token_ring.02.cil-2.yml	false	TIMEOUT	990.476420546	940.3389590950028	1109.311488	cloud-23933	false(unreach-call)	263.768979951	228.18417366201174	992.649216	cloud-23938	TIMEOUT	990.368505997	960.0920699120034	884.006912	cloud-23933
combinations/pc_sfifo_2.cil-1+token_ring.03.cil-1.yml	false	TIMEOUT	990.39069625	939.7491732060007	1031.942144	cloud-23979	false(unreach-call)	348.179474835	317.3156613680185	985.141248	cloud-23943	TIMEOUT	990.326728051	965.18655356401	892.129280	cloud-23933
combinations/pc_sfifo_2.cil-1+token_ring.03.cil-2.yml	true	TIMEOUT	990.371948676	950.8292198840063	1320.898560	cloud-23940	true	665.014698019	622.8270836329903	1207.345152	cloud-23938	TIMEOUT	990.243982165	971.5583556700149	950.546432	cloud-23944
combinations/pc_sfifo_2.cil-2+token_ring.02.cil-1.yml	false	false(unreach-call)	56.666781094	33.65183886899467	678.260736	cloud-23933	false(unreach-call)	46.225546637	27.21843224798795	777.355264	cloud-23933	TIMEOUT	990.297737942	959.2347566800017	803.700736	cloud-23982
combinations/pc_sfifo_2.cil-2+token_ring.03.cil-2.yml	false	false(unreach-call)	56.699813304	33.26661937600147	800.083968	cloud-24259	false(unreach-call)	60.376880311	35.21440806699684	789.782528	cloud-23979	TIMEOUT	990.358084205	964.7284703199985	852.553728	cloud-23979
combinations/pc_sfifo_2.cil-2+token_ring.04.cil-1.yml	false	false(unreach-call)	46.191917913	29.53932917700149	911.724544	cloud-23943	false(unreach-call)	71.33281548	43.66175272499095	938.680320	cloud-23938	TIMEOUT	990.372338159	960.877616910002	985.444352	cloud-23979
combinations/pc_sfifo_2.cil-2+token_ring.05.cil-1.yml	false	false(unreach-call)	75.461201654	47.243908892000036	820.666368	cloud-23933	false(unreach-call)	62.489457478	40.27161040599458	953.503744	cloud-23980	TIMEOUT	990.369772968	959.9499871739827	996.282368	cloud-23933
combinations/pc_sfifo_2.cil-2+token_ring.06.cil-2.yml	false	false(unreach-call)	73.346011922	46.768337421999604	974.528512	cloud-24259	false(unreach-call)	74.571049719	47.73458100500284	1056.501760	cloud-23979	TIMEOUT	990.415598818	956.010955367994	1007.800320	cloud-23933
combinations/pc_sfifo_2.cil-2+token_ring.07.cil-1.yml	false	false(unreach-call)	63.045087207	42.264246102946345	920.125440	cloud-23940	false(unreach-call)	92.383027836	60.169395523989806	1053.798400	cloud-23933	TIMEOUT	990.482772141	943.6787529580179	1098.133504	cloud-23933
combinations/pc_sfifo_2.cil-2+token_ring.08.cil-1.yml	false	false(unreach-call)	105.085074148	69.53020328899584	1089.413120	cloud-23933	false(unreach-call)	93.044512155	61.04499202800798	1082.519552	cloud-23979	TIMEOUT	990.481975529	956.2514069119934	1330.511872	cloud-23933
combinations/pc_sfifo_2.cil-2+token_ring.09.cil-1.yml	false	false(unreach-call)	111.556392901	75.86998541500361	947.957760	cloud-23979	false(unreach-call)	128.924035073	84.83246152999345	1192.218624	cloud-23982	TIMEOUT	990.448157593	954.6875973760034	1486.024704	cloud-23980
combinations/pc_sfifo_2.cil-2+token_ring.10.cil-2.yml	false	false(unreach-call)	113.559317329	77.57521547800206	1273.704448	cloud-24259	false(unreach-call)	117.647409695	81.47629793302622	1047.900160	cloud-23980	TIMEOUT	990.497403601	949.1820945259824	1425.870848	cloud-23979
combinations/pc_sfifo_2.cil-2+token_ring.11.cil-2.yml	false	false(unreach-call)	142.75471172	99.79065671999706	1325.666304	cloud-23933	false(unreach-call)	132.132997686	95.40235768601997	1206.435840	cloud-23982	TIMEOUT	990.468202452	944.5081506050192	1445.208064	cloud-23982
combinations/pc_sfifo_2.cil-2+token_ring.12.cil-2.yml	false	false(unreach-call)	131.310344661	94.88950101199589	1486.913536	cloud-24259	false(unreach-call)	140.24863469	100.38760105098481	1714.712576	cloud-23938	TIMEOUT	990.506845553	947.9844823149906	2003.378176	cloud-23979
combinations/pc_sfifo_2.cil-2+token_ring.13.cil-2.yml	false	false(unreach-call)	165.435902031	122.01267967500098	1898.360832	cloud-23979	false(unreach-call)	136.554718763	101.16385394000099	2207.277056	cloud-23933	TIMEOUT	990.630559001	939.5685779929918	2469.756928	cloud-23938
combinations/pc_sfifo_3.cil+token_ring.01.cil-1.yml	true	true	87.873084953	58.21573131100013	930.402304	cloud-23979	true	84.911747236	57.59157658700133	918.753280	cloud-23980	TIMEOUT	990.342718398	966.1855860819924	911.245312	cloud-23979
combinations/pc_sfifo_3.cil+token_ring.01.cil-2.yml	false	false(unreach-call)	70.800375172	40.1358762000018	737.398784	cloud-23933	false(unreach-call)	54.207243354	32.32185299898265	810.418176	cloud-23979	TIMEOUT	990.344813154	964.3594481619948	878.968832	cloud-23980
combinations/pc_sfifo_3.cil+token_ring.02.cil-1.yml	true	TIMEOUT	990.479121285	937.9048408419985	1241.559040	cloud-23933	true	340.340982638	302.0961617430148	1123.213312	cloud-23982	TIMEOUT	990.418366632	959.4805076329794	835.104768	cloud-23938
combinations/pc_sfifo_3.cil+token_ring.02.cil-2.yml	false	TIMEOUT	990.445133579	937.4867039630008	1206.407168	cloud-23933	false(unreach-call)	304.120657331	267.00680371699855	971.661312	cloud-23982	TIMEOUT	990.328843723	958.4900448179978	959.045632	cloud-23980
combinations/pc_sfifo_3.cil+token_ring.03.cil-1.yml	false	TIMEOUT	990.538825275	937.7184906320035	1168.756736	cloud-23933	false(unreach-call)	458.214538175	415.87375693398644	1046.671360	cloud-23979	TIMEOUT	990.376898847	959.7878817049786	974.757888	cloud-23938
combinations/pc_sfifo_3.cil+token_ring.03.cil-2.yml	true	TIMEOUT	990.449234921	943.3378715409999	1246.674944	cloud-24259	true	542.763707689	505.5044954229961	1029.816320	cloud-23979	TIMEOUT	990.357699494	959.0644176589849	907.939840	cloud-23979
eca-rers2012/Problem01_label00.yml	true	true	97.256458032	67.04047962799814	990.232576	cloud-24259	true	99.001176003	72.76872084199567	1148.743680	cloud-23980	TIMEOUT	990.351578451	962.7883971300034	1017.454592	cloud-23938
eca-rers2012/Problem01_label01.yml	true	true	96.09349091	69.57506408399786	1169.608704	cloud-23979	true	114.884647839	83.79570723700454	1095.487488	cloud-23982	TIMEOUT	990.395428998	960.9326995839947	888.348672	cloud-23982
eca-rers2012/Problem01_label02.yml	true	true	90.099469623	62.49681751499884	1132.797952	cloud-23979	true	88.294883868	61.68378099001711	1002.352640	cloud-23938	TIMEOUT	990.353738575	965.7977054069925	935.624704	cloud-23979
eca-rers2012/Problem01_label03.yml	true	true	117.240742105	86.6866702979969	1301.549056	cloud-23933	true	116.448584474	86.09861573501257	1129.410560	cloud-23938	TIMEOUT	990.367559627	960.4678261110093	974.409728	cloud-23938
eca-rers2012/Problem01_label04.yml	true	true	81.711038203	60.50226833997294	1152.188416	cloud-23943	true	117.241559848	87.87012971198419	1156.124672	cloud-23938	TIMEOUT	990.316362587	968.5465912419895	1027.010560	cloud-23939
eca-rers2012/Problem01_label05.yml	true	true	95.209143999	66.59819394099759	1179.738112	cloud-23933	true	92.291755594	66.75362492198474	1073.250304	cloud-23980	TIMEOUT	990.377107336	960.0268999119871	1081.806848	cloud-23982
eca-rers2012/Problem01_label06.yml	true	true	96.291922167	68.12729221600239	1101.090816	cloud-23933	true	116.217966015	84.37949721098994	965.742592	cloud-23938	TIMEOUT	990.337421059	964.1161645629909	898.965504	cloud-23979
eca-rers2012/Problem01_label07.yml	true	true	96.002490549	68.58992817200487	1059.438592	cloud-24259	true	123.354317908	88.16151603599428	1113.722880	cloud-23982	TIMEOUT	990.323566422	971.2694629770122	1049.882624	cloud-23980
eca-rers2012/Problem01_label08.yml	true	true	105.121106163	78.44281565900019	1121.103872	cloud-24259	true	130.219128282	97.1957992449752	1069.936640	cloud-23938	TIMEOUT	990.390079048	961.5337832710065	1013.350400	cloud-23982
eca-rers2012/Problem01_label09.yml	true	true	110.595230625	82.6370662090012	1142.956032	cloud-23979	true	107.596362875	81.62617029898684	1099.272192	cloud-23982	TIMEOUT	990.3638853	962.066708555998	1063.530496	cloud-23982
eca-rers2012/Problem01_label10.yml	true	true	109.967818097	81.61705318299937	1073.016832	cloud-23933	true	107.229158481	82.25301284698071	987.484160	cloud-23980	TIMEOUT	990.392463165	965.790766243008	1023.578112	cloud-23980
eca-rers2012/Problem01_label11.yml	true	true	114.822289267	85.2080785750004	1198.194688	cloud-23933	true	116.372798439	87.35214514398831	1081.950208	cloud-23979	TIMEOUT	990.382578095	961.6145530600043	1077.092352	cloud-23982
eca-rers2012/Problem01_label12.yml	true	true	97.739574262	68.81401516700134	1075.793920	cloud-24259	true	93.318576281	65.59858012999757	1145.724928	cloud-23979	TIMEOUT	990.391140334	964.7700222819985	911.642624	cloud-23933
eca-rers2012/Problem01_label13.yml	true	true	90.128897302	64.53558898199844	1078.968320	cloud-23933	true	101.300214735	72.29508472999441	1033.900032	cloud-23938	TIMEOUT	990.397065485	960.553535287996	874.717184	cloud-23938
eca-rers2012/Problem01_label14.yml	true	true	91.367119048	62.445089472999825	1006.247936	cloud-24259	true	101.103865327	70.65426069902605	1059.573760	cloud-23938	TIMEOUT	990.397609853	965.8652825110184	1185.431552	cloud-23979
eca-rers2012/Problem01_label15.yml	false	false(unreach-call)	86.363390772	58.40045718100009	1054.937088	cloud-23933	false(unreach-call)	91.860448778	61.72334978199797	1040.486400	cloud-23982	TIMEOUT	990.3867442	962.9055399869976	1057.243136	cloud-23938
eca-rers2012/Problem01_label16.yml	true	true	120.623857176	88.71175189800124	1297.117184	cloud-23979	true	116.288317407	85.20763019297738	1039.671296	cloud-23933	TIMEOUT	990.40173123	961.0225057350181	1161.953280	cloud-23933
eca-rers2012/Problem01_label17.yml	true	true	94.092030459	67.76602605500375	1153.839104	cloud-23933	true	97.179732676	68.04924763701274	1060.507648	cloud-23979	TIMEOUT	990.318828981	969.5723153720028	925.630464	cloud-23980
eca-rers2012/Problem01_label18.yml	true	true	91.769342037	64.95824198700575	1064.689664	cloud-24259	true	93.720594257	70.25065227699815	953.442304	cloud-23980	TIMEOUT	990.420757109	961.3557029250078	1173.819392	cloud-23938
eca-rers2012/Problem01_label19.yml	true	true	85.592435967	60.75912977599364	1129.467904	cloud-24259	true	114.070139913	81.81618132800213	1044.324352	cloud-23982	TIMEOUT	990.378040337	964.133677232021	1037.156352	cloud-23982
eca-rers2012/Problem01_label20.yml	false	false(unreach-call)	82.972216748	56.77524220399937	1211.879424	cloud-24259	false(unreach-call)	112.166438848	77.32778448000317	1045.282816	cloud-23982	TIMEOUT	990.34173397	964.05850245498	1038.475264	cloud-23982
eca-rers2012/Problem01_label21.yml	false	false(unreach-call)	97.056940138	63.742874501003826	1099.108352	cloud-23933	false(unreach-call)	80.491310479	53.60391006601276	1191.944192	cloud-23979	TIMEOUT	990.388300829	962.0212970119901	1024.495616	cloud-23933
eca-rers2012/Problem01_label22.yml	true	true	95.118722349	68.68435341700024	1137.754112	cloud-24259	true	99.154590751	73.09899205798865	1041.915904	cloud-23980	TIMEOUT	990.396243692	961.5419379090017	1009.934336	cloud-23938
eca-rers2012/Problem01_label23.yml	true	true	82.079073526	58.608054982	1112.924160	cloud-23979	true	113.507566315	81.89005557302153	1039.810560	cloud-23982	TIMEOUT	990.30274367	969.1050476550008	1026.232320	cloud-23940
eca-rers2012/Problem01_label24.yml	true	true	90.139457272	63.703784504003124	1055.805440	cloud-23933	true	97.579463567	70.88662890999694	1026.265088	cloud-23980	TIMEOUT	990.427644106	963.4092023389821	1049.829376	cloud-23933
eca-rers2012/Problem01_label25.yml	true	true	88.714106773	63.21833317900018	1087.414272	cloud-24259	true	113.249400483	80.69607751999865	901.730304	cloud-23938	TIMEOUT	990.326853545	967.8288979250065	1058.222080	cloud-23980
eca-rers2012/Problem01_label26.yml	true	true	83.606511025	57.49024992800332	979.460096	cloud-24259	true	94.898266612	65.58855865700752	1071.788032	cloud-23938	TIMEOUT	990.344907548	961.2615447599965	965.926912	cloud-23982
eca-rers2012/Problem01_label27.yml	true	true	89.051166239	63.3885246189966	935.993344	cloud-23979	true	98.093229856	68.52456587000052	940.150784	cloud-23982	TIMEOUT	990.348722172	966.1925862109929	981.909504	cloud-23980
eca-rers2012/Problem01_label28.yml	true	true	79.954405914	54.015652050002245	1070.981120	cloud-24259	true	84.407130458	57.81282815799932	1326.837760	cloud-23979	TIMEOUT	990.359774127	961.5187043740007	1061.605376	cloud-23938
eca-rers2012/Problem01_label29.yml	true	true	86.496830307	62.54150133299845	1013.907456	cloud-23979	true	86.175180491	62.408098726999015	1106.452480	cloud-23979	TIMEOUT	990.35799383	960.6619821319764	942.534656	cloud-23938
eca-rers2012/Problem01_label30.yml	true	true	87.34813686	62.946591215004446	1064.808448	cloud-23933	true	92.93114551	67.96473733300809	1192.923136	cloud-23938	TIMEOUT	990.35221497	968.7197209050064	943.804416	cloud-23980
eca-rers2012/Problem01_label31.yml	true	true	86.836374722	61.24524431700411	1022.668800	cloud-24259	true	108.10812737	79.61045115598245	1116.643328	cloud-23982	TIMEOUT	990.307492283	963.1226792219968	1040.117760	cloud-23982
eca-rers2012/Problem01_label32.yml	false	false(unreach-call)	116.282906509	85.46496150700114	1199.910912	cloud-24259	false(unreach-call)	124.507581651	93.63169302800088	1154.699264	cloud-23980	TIMEOUT	990.313498355	962.1413887600065	1161.543680	cloud-23982
eca-rers2012/Problem01_label33.yml	false	false(unreach-call)	111.372606479	81.40723115899891	1063.018496	cloud-24259	false(unreach-call)	124.50046148	92.09489064998343	1097.900032	cloud-23982	TIMEOUT	990.318267834	966.5643819569959	1102.553088	cloud-23979
eca-rers2012/Problem01_label34.yml	true	true	107.650871797	82.38126233100047	1182.162944	cloud-23979	true	134.570031715	102.01995903401985	1100.419072	cloud-23982	TIMEOUT	990.385058588	963.008201737015	960.954368	cloud-23938
eca-rers2012/Problem01_label35.yml	false	false(unreach-call)	81.885529177	54.07147030699707	1161.973760	cloud-24259	false(unreach-call)	81.050557044	52.836037429980934	1094.361088	cloud-23979	TIMEOUT	990.32642526	964.4539817009936	914.554880	cloud-23979
eca-rers2012/Problem01_label36.yml	true	true	96.072592126	67.00778144800279	1098.473472	cloud-24259	true	83.868649353	61.73475844899076	1101.967360	cloud-23939	TIMEOUT	990.376481872	962.3459950209945	1009.451008	cloud-23938
eca-rers2012/Problem01_label37.yml	false	false(unreach-call)	67.992410499	47.64847503602505	991.977472	cloud-23944	false(unreach-call)	98.138301585	72.79537419098779	1130.352640	cloud-23982	TIMEOUT	990.403082618	963.923116837017	1026.805760	cloud-23979
eca-rers2012/Problem01_label38.yml	false	false(unreach-call)	94.617859108	65.17383375200006	1105.629184	cloud-24259	false(unreach-call)	102.669346025	74.56118330301251	1076.736000	cloud-23980	TIMEOUT	990.3909821	960.4135280109767	938.217472	cloud-23938
eca-rers2012/Problem01_label39.yml	true	true	99.086229277	67.69385946699913	1047.535616	cloud-23933	true	98.328223106	67.79224496500683	1002.934272	cloud-23933	TIMEOUT	990.34487812	962.6701660889958	928.030720	cloud-23933
eca-rers2012/Problem01_label40.yml	true	true	87.267019575	60.051115179998305	966.291456	cloud-23979	true	86.41953045	59.60129670597962	1055.682560	cloud-23933	TIMEOUT	990.340092294	964.6644820480142	1029.672960	cloud-23982
eca-rers2012/Problem01_label41.yml	true	true	85.237180525	57.295639738003956	1084.092416	cloud-24259	true	66.980419729	48.366607920994284	1047.056384	cloud-23944	TIMEOUT	990.323986302	964.6956834290177	1077.055488	cloud-23979
eca-rers2012/Problem01_label42.yml	true	true	86.515139532	59.75271540199901	940.773376	cloud-23933	true	93.407123654	66.6613399979833	1148.305408	cloud-23980	TIMEOUT	990.348115872	966.0299999810231	1019.850752	cloud-23980
eca-rers2012/Problem01_label43.yml	true	true	83.833682522	59.03811856000175	945.434624	cloud-23933	true	109.769161187	75.70865166501608	1056.473088	cloud-23982	TIMEOUT	990.439040296	962.7374124210037	1017.049088	cloud-23938
eca-rers2012/Problem01_label44.yml	false	false(unreach-call)	78.414359443	50.5203765030019	971.235328	cloud-23933	false(unreach-call)	81.836388219	52.93215391400736	1062.395904	cloud-23938	TIMEOUT	990.318333008	966.6406263219833	1095.700480	cloud-23980
eca-rers2012/Problem01_label45.yml	true	true	123.248527885	91.45734849200016	1437.200384	cloud-23933	true	110.282795166	83.12577661601244	1186.557952	cloud-23933	TIMEOUT	990.371389652	964.1103477900033	970.858496	cloud-23933
eca-rers2012/Problem01_label46.yml	true	true	114.210211674	84.4180256159998	1262.030848	cloud-23933	true	103.196891811	76.47227169398684	1163.694080	cloud-23979	TIMEOUT	990.322394377	965.0654487309803	998.395904	cloud-23979
eca-rers2012/Problem01_label47.yml	false	false(unreach-call)	126.04691053	92.50339971000358	1139.113984	cloud-23933	false(unreach-call)	116.594337768	86.11637373798294	1207.156736	cloud-23933	TIMEOUT	990.301629536	968.6988614329894	992.026624	cloud-23942
eca-rers2012/Problem01_label48.yml	true	true	99.725875109	69.48234646199853	1065.115648	cloud-23979	true	88.050208123	61.973484004003694	1050.300416	cloud-23933	TIMEOUT	990.369252138	961.2574160379882	1040.441344	cloud-23982
eca-rers2012/Problem01_label49.yml	true	true	86.007013749	60.67128716099978	1079.218176	cloud-24259	true	103.56963209	74.40953747200547	1038.024704	cloud-23938	TIMEOUT	990.38422397	965.8722248080012	1019.637760	cloud-23979
eca-rers2012/Problem01_label50.yml	false	false(unreach-call)	121.141309923	88.41009840699917	1193.201664	cloud-24259	false(unreach-call)	112.086672478	84.87615751998965	1168.109568	cloud-23933	TIMEOUT	990.313593405	967.8646228449943	1050.636288	cloud-23980
eca-rers2012/Problem01_label51.yml	true	true	87.69985472	59.542358945996966	1101.570048	cloud-23933	true	93.180105035	64.73114129598252	1104.138240	cloud-23933	TIMEOUT	990.416419263	959.1010144810134	976.601088	cloud-23938
eca-rers2012/Problem01_label52.yml	true	true	93.314187357	64.78099648900024	1003.806720	cloud-23979	true	94.920343232	65.67706630198518	1192.689664	cloud-23938	TIMEOUT	990.394967415	962.984381747985	1018.298368	cloud-23938
eca-rers2012/Problem01_label53.yml	true	true	97.955597175	67.5058189390038	1123.561472	cloud-23933	true	82.502095583	57.5910257359792	1081.237504	cloud-23979	TIMEOUT	990.358733915	966.0782446039957	1006.882816	cloud-23980
eca-rers2012/Problem01_label54.yml	true	true	89.709089041	63.5155632040005	999.784448	cloud-23979	true	91.825100407	64.69092905099387	1062.129664	cloud-23933	TIMEOUT	990.39671221	963.4112944820081	1008.160768	cloud-23979
eca-rers2012/Problem01_label55.yml	true	true	89.382179938	62.54246345499996	1097.887744	cloud-23933	true	88.459719057	62.76937972800806	1096.130560	cloud-23980	TIMEOUT	990.418452367	961.8186134630232	1016.074240	cloud-23938
eca-rers2012/Problem01_label56.yml	false	false(unreach-call)	114.991460921	83.12237904100039	1178.378240	cloud-23933	false(unreach-call)	109.770491899	78.15845102700405	1052.000256	cloud-23938	TIMEOUT	990.37678311	963.206562042993	1096.744960	cloud-23979
eca-rers2012/Problem01_label57.yml	false	false(unreach-call)	103.908758595	71.08094941899981	1056.755712	cloud-23979	false(unreach-call)	90.185858564	62.92061662799097	1178.193920	cloud-23933	TIMEOUT	990.316022884	968.3199101859936	939.765760	cloud-23941
eca-rers2012/Problem01_label58.yml	true	true	108.337680791	80.27518354399945	1254.346752	cloud-23933	true	118.736692843	90.28577045199927	1089.798144	cloud-23938	TIMEOUT	990.310010267	963.8515706410108	1005.203456	cloud-23980
eca-rers2012/Problem01_label59.yml	true	true	105.801281464	75.59080906199961	1140.391936	cloud-23933	true	88.409984347	64.17831213501631	1108.205568	cloud-23979	TIMEOUT	990.371564709	968.7137273850094	1029.623808	cloud-23980
eca-rers2012/Problem02_label00.yml	true	true	95.297693944	67.18047142999785	905.281536	cloud-23933	true	106.073099088	75.38865514402278	932.626432	cloud-23982	TIMEOUT	990.297289397	962.9290332660021	874.536960	cloud-23982
eca-rers2012/Problem02_label01.yml	true	true	83.493261872	57.76308998600143	1005.334528	cloud-23933	true	92.937001113	64.90536346498993	990.875648	cloud-23938	TIMEOUT	990.345852189	965.607579367992	971.001856	cloud-23980
eca-rers2012/Problem02_label02.yml	true	true	107.057814152	81.51362835900363	1020.493824	cloud-23979	true	141.601022989	109.186204749014	1184.960512	cloud-23938	TIMEOUT	990.34293987	965.1722268029989	980.320256	cloud-23979
eca-rers2012/Problem02_label03.yml	true	true	83.506061642	56.69272099699447	1005.023232	cloud-24259	true	89.793413989	63.22087658601231	910.610432	cloud-23982	TIMEOUT	990.39743184	965.6896162870107	1010.610176	cloud-23980
eca-rers2012/Problem02_label04.yml	true	true	101.527095427	73.15875444900303	1136.566272	cloud-23933	true	97.175613118	69.92597583201132	939.282432	cloud-23980	TIMEOUT	990.357409506	961.2734012129949	988.442624	cloud-23938
eca-rers2012/Problem02_label05.yml	true	true	96.985852685	65.42004397200071	1208.717312	cloud-23933	true	90.690507288	62.1209766480024	1046.847488	cloud-23938	TIMEOUT	990.358964894	961.9242765870003	931.905536	cloud-23938
eca-rers2012/Problem02_label06.yml	true	true	117.206288525	87.27609970600315	1289.277440	cloud-24259	true	153.050779475	116.79285330499988	985.960448	cloud-23982	TIMEOUT	990.383058997	963.992831429001	887.205888	cloud-23979
eca-rers2012/Problem02_label07.yml	true	true	85.239563186	57.751873427001556	1022.644224	cloud-24259	true	77.56280392	53.63429541300866	949.633024	cloud-23933	TIMEOUT	990.37433804	963.6876329369843	1115.394048	cloud-23933
eca-rers2012/Problem02_label08.yml	true	true	114.35121774	83.32443050899747	1102.209024	cloud-24259	true	132.095249681	98.43137982301414	1174.704128	cloud-23938	TIMEOUT	990.302180102	964.4055208729987	879.468544	cloud-23982
eca-rers2012/Problem02_label09.yml	true	true	85.711086797	58.65786006000417	1192.062976	cloud-23933	true	104.578437238	71.24286414901144	1091.006464	cloud-23982	TIMEOUT	990.350222118	967.6515222890012	1075.396608	cloud-23933
eca-rers2012/Problem02_label10.yml	true	true	95.842199765	65.45538865699928	1143.111680	cloud-23979	true	90.426474847	65.73002068599453	953.090048	cloud-23980	TIMEOUT	990.456420275	961.9854620229744	1101.615104	cloud-23938
eca-rers2012/Problem02_label11.yml	true	true	111.668487672	80.56679490799797	967.086080	cloud-23933	true	105.633239253	79.45400269600214	1187.377152	cloud-23980	TIMEOUT	990.269595699	971.3578956789861	902.852608	cloud-23980
eca-rers2012/Problem02_label12.yml	true	true	96.69359757	68.92145598900242	1140.412416	cloud-23979	true	89.35136938	64.01033517700853	1267.957760	cloud-23979	TIMEOUT	990.372108158	963.8372726310045	983.625728	cloud-23982
eca-rers2012/Problem02_label13.yml	false	false(unreach-call)	96.947578982	65.01906617300119	977.108992	cloud-23933	false(unreach-call)	84.926794205	57.54255645899684	1127.272448	cloud-23979	TIMEOUT	990.387721253	961.5921772309812	906.436608	cloud-23938
eca-rers2012/Problem02_label14.yml	true	true	95.298115458	67.97027593000001	934.400000	cloud-23979	true	107.250664565	76.53903061398887	1359.560704	cloud-23982	TIMEOUT	990.436077134	961.6178695549897	902.295552	cloud-23938
eca-rers2012/Problem02_label15.yml	true	true	95.368369614	64.36274555299315	991.293440	cloud-23933	true	107.441907923	72.95192042298731	972.795904	cloud-23982	TIMEOUT	990.388372903	969.0439755179978	1018.236928	cloud-23980
eca-rers2012/Problem02_label16.yml	false	false(unreach-call)	81.844847962	55.401862213999266	955.604992	cloud-24259	false(unreach-call)	89.547097202	62.98978943700786	1008.332800	cloud-23982	TIMEOUT	990.375455872	962.6401203870191	1024.995328	cloud-23938
eca-rers2012/Problem02_label17.yml	true	true	110.675427594	81.13902655200002	1119.084544	cloud-23933	true	110.388464874	80.93287222800427	1211.039744	cloud-23980	TIMEOUT	990.34185327	962.630513983022	1095.569408	cloud-23982
eca-rers2012/Problem02_label18.yml	true	true	105.462984344	75.5091403280021	1124.474880	cloud-24259	true	104.715844488	76.42555950998212	1098.108928	cloud-23979	TIMEOUT	990.401064954	964.0570095650037	994.746368	cloud-23933
eca-rers2012/Problem02_label19.yml	true	true	80.027069043	56.11205738400167	1069.445120	cloud-23979	true	63.282964682	44.75553930300521	1018.175488	cloud-23944	TIMEOUT	990.359635263	961.6038669219997	899.788800	cloud-23982
eca-rers2012/Problem02_label20.yml	true	true	79.229960079	54.45432189100029	971.362304	cloud-23933	true	85.015784607	55.84966466901824	1124.012032	cloud-23933	TIMEOUT	990.375718456	963.2998254169943	1178.828800	cloud-23938
eca-rers2012/Problem02_label21.yml	true	true	92.068074942	65.17191055199999	1088.819200	cloud-23979	true	101.275832481	71.9701814900036	1291.468800	cloud-23938	TIMEOUT	990.329037985	963.908831696026	885.460992	cloud-23979
eca-rers2012/Problem02_label22.yml	true	true	92.065493774	64.1067879550028	1132.797952	cloud-23933	true	93.098753688	65.12729832998593	955.195392	cloud-23933	TIMEOUT	990.373109295	962.8991174530238	1006.723072	cloud-23938
eca-rers2012/Problem02_label23.yml	true	true	86.16756142	59.28775636499631	999.354368	cloud-24259	true	96.144061427	68.97422274699784	1004.834816	cloud-23938	TIMEOUT	990.410815542	960.6579809669929	876.810240	cloud-23938
eca-rers2012/Problem02_label24.yml	true	true	87.270811768	60.36024334299873	1173.843968	cloud-23933	true	103.024489123	73.12568704900332	1150.509056	cloud-23980	TIMEOUT	990.360808756	966.842352674983	872.566784	cloud-23933
eca-rers2012/Problem02_label25.yml	true	true	93.44106029	64.5169071440032	1156.993024	cloud-23933	true	107.479081981	78.2886189359997	1279.180800	cloud-23982	TIMEOUT	990.338999776	966.0089523660135	1070.878720	cloud-23982
eca-rers2012/Problem02_label26.yml	true	true	87.446526278	58.24962935000076	957.120512	cloud-23979	true	67.073355145	47.01008859500871	909.856768	cloud-23943	TIMEOUT	990.362526426	961.5182776169968	1061.310464	cloud-23933
eca-rers2012/Problem02_label27.yml	true	true	86.122111676	59.53967603899946	1208.619008	cloud-24259	true	87.569036483	60.433217647019774	1015.418880	cloud-23979	TIMEOUT	990.38486721	962.8451263440074	1000.718336	cloud-23933
eca-rers2012/Problem02_label28.yml	true	true	91.725524342	62.90525516300113	919.494656	cloud-24259	true	88.846183891	62.93063073698431	989.978624	cloud-23979	TIMEOUT	990.385355324	965.3763276950049	1125.539840	cloud-23979
eca-rers2012/Problem02_label29.yml	true	true	82.358674603	55.130641973999445	1140.609024	cloud-24259	true	77.442138866	53.23312920299941	1027.391488	cloud-23979	TIMEOUT	990.299385345	963.405157280009	1112.367104	cloud-23980
eca-rers2012/Problem02_label30.yml	true	true	70.746238512	48.064239267027006	1104.572416	cloud-23943	true	81.147839435	56.103270704013994	1074.876416	cloud-23979	TIMEOUT	990.394557433	966.5667537469999	1028.919296	cloud-23979
eca-rers2012/Problem02_label31.yml	true	true	98.487926683	66.96104373499838	1018.241024	cloud-23933	true	86.99159579	61.57990482801688	1231.163392	cloud-23980	TIMEOUT	990.370499271	962.0668301880069	1034.444800	cloud-23938
eca-rers2012/Problem02_label32.yml	true	true	85.678193686	59.69897038300405	1197.297664	cloud-24259	true	101.205931199	69.1783442760061	930.357248	cloud-23982	TIMEOUT	990.287547892	968.639871271007	1003.196416	cloud-23940
eca-rers2012/Problem02_label33.yml	true	true	79.206281139	54.009159793000435	1033.973760	cloud-24259	true	97.568889129	66.72229871799937	949.809152	cloud-23938	TIMEOUT	990.372682873	963.4656906849996	1019.207680	cloud-23933
eca-rers2012/Problem02_label34.yml	true	true	133.038126781	99.85491143499894	1176.092672	cloud-24259	true	157.383357507	120.59677282199846	1120.436224	cloud-23938	TIMEOUT	990.355909219	962.2579466380121	875.327488	cloud-23938
eca-rers2012/Problem02_label35.yml	true	true	91.499895537	62.05826232099935	1035.726848	cloud-23933	true	79.17231316	53.58292433197494	1071.104000	cloud-23979	TIMEOUT	990.392282779	960.2301218539942	1023.676416	cloud-23938
eca-rers2012/Problem02_label36.yml	true	true	61.001957703	42.440260116010904	1153.036288	cloud-23944	true	75.12665273	51.14558718900662	1181.257728	cloud-23979	TIMEOUT	990.424116011	964.9029954779835	980.631552	cloud-23979
eca-rers2012/Problem02_label37.yml	true	true	90.356923304	61.679473755000004	999.739392	cloud-23979	true	91.916031759	62.139764230989385	960.598016	cloud-23938	TIMEOUT	990.387190221	960.4845978689846	1059.618816	cloud-23933
eca-rers2012/Problem02_label38.yml	true	true	83.697628101	61.83167608000076	941.780992	cloud-23979	true	112.617739658	79.5234142249974	1070.063616	cloud-23982	TIMEOUT	990.384710938	963.8750036570127	867.512320	cloud-23938
eca-rers2012/Problem02_label39.yml	true	true	91.2893426	63.88844569200228	986.497024	cloud-23933	true	92.389399126	65.20458503701957	1156.161536	cloud-23933	TIMEOUT	990.314024956	965.4018511220056	993.574912	cloud-23980
eca-rers2012/Problem02_label40.yml	true	true	73.975489834	52.47314560902305	1067.356160	cloud-23944	true	86.271291798	62.12044129302376	1020.149760	cloud-23980	TIMEOUT	990.33849924	966.180120953999	995.287040	cloud-23980
eca-rers2012/Problem02_label41.yml	true	true	83.628010162	61.47699477901915	1309.593600	cloud-23939	true	141.861708259	105.55000957599259	1242.165248	cloud-23982	TIMEOUT	990.384876323	965.3656746370252	952.422400	cloud-23979
eca-rers2012/Problem02_label42.yml	true	true	88.624782967	64.49472871600301	963.346432	cloud-23979	true	102.097210488	72.70588679399225	1028.136960	cloud-23982	TIMEOUT	990.341624644	961.2842597480048	961.089536	cloud-23982
eca-rers2012/Problem02_label43.yml	false	false(unreach-call)	85.655868281	56.5125571460012	1094.184960	cloud-23979	false(unreach-call)	102.577509503	67.59569608900347	958.222336	cloud-23982	TIMEOUT	990.361843397	961.9438703519991	921.571328	cloud-23938
eca-rers2012/Problem02_label44.yml	false	false(unreach-call)	89.057133194	59.54234052999527	1114.923008	cloud-24259	false(unreach-call)	102.30187167	69.35948462798842	1242.517504	cloud-23938	TIMEOUT	990.375920258	961.2527827690064	908.881920	cloud-23982
eca-rers2012/Problem02_label45.yml	false	false(unreach-call)	109.567541021	75.86259551399417	1230.000128	cloud-23933	false(unreach-call)	90.954395662	63.75206440797774	1042.264064	cloud-23979	TIMEOUT	990.336904625	968.228443199012	1171.202048	cloud-23980
eca-rers2012/Problem02_label46.yml	true	true	81.488394423	57.73604321700259	1197.707264	cloud-24259	true	103.323585217	73.05430636697565	1060.925440	cloud-23938	TIMEOUT	990.313501074	964.8326474860078	1108.729856	cloud-23982
eca-rers2012/Problem02_label47.yml	true	true	90.232023117	64.80991432700102	982.147072	cloud-23979	true	87.842301858	61.5418139580288	961.855488	cloud-23979	TIMEOUT	990.427601076	960.7347013360122	1129.140224	cloud-23938
eca-rers2012/Problem02_label48.yml	true	true	86.778761435	60.418884556999956	1066.762240	cloud-24259	true	98.533938419	71.1598822279775	1116.164096	cloud-23982	TIMEOUT	990.336404273	964.3739593610226	996.003840	cloud-23982
eca-rers2012/Problem02_label49.yml	true	true	78.163418619	53.34717925199948	1018.265600	cloud-24259	true	85.842054273	61.182431217021076	1090.535424	cloud-23933	TIMEOUT	990.307004339	964.4306020789954	956.325888	cloud-23982
eca-rers2012/Problem02_label50.yml	false	false(unreach-call)	65.320642506	44.73561063205125	1145.745408	cloud-23943	false(unreach-call)	78.956214769	53.07521994999843	1133.383680	cloud-23979	TIMEOUT	990.389600192	965.0949538509885	1082.433536	cloud-23979
eca-rers2012/Problem02_label51.yml	true	true	115.657813982	86.19766777600307	1132.752896	cloud-24259	true	118.030539038	87.62023358701845	1320.312832	cloud-23979	TIMEOUT	990.388860986	965.1440731910116	1001.619456	cloud-23933
eca-rers2012/Problem02_label52.yml	true	true	99.684472209	69.65576923099434	1077.989376	cloud-23933	true	110.034073075	76.78191580600105	927.145984	cloud-23982	TIMEOUT	990.359271693	963.0082454600197	1021.558784	cloud-23979
eca-rers2012/Problem02_label53.yml	true	true	124.166036941	95.9346647420025	1119.928320	cloud-23979	true	137.41855968	104.967091419996	970.080256	cloud-23938	TIMEOUT	990.32587388	963.6287864859914	939.220992	cloud-23982
eca-rers2012/Problem02_label54.yml	true	true	88.649748209	62.16700723899703	985.227264	cloud-23933	true	90.425016427	63.762888947996544	983.453696	cloud-23938	TIMEOUT	990.392205009	961.6683987519937	992.247808	cloud-23938
eca-rers2012/Problem02_label55.yml	true	true	97.891620951	73.16948186600348	1152.598016	cloud-23939	true	128.722607769	98.05383803800214	1063.628800	cloud-23980	TIMEOUT	990.382588319	966.4076324999915	1215.565824	cloud-23979
eca-rers2012/Problem02_label56.yml	true	true	79.00134949	55.901183808000496	1006.141440	cloud-23933	true	87.832979119	60.93749601600575	967.225344	cloud-23979	TIMEOUT	990.417009927	963.005424012983	1012.568064	cloud-23938
eca-rers2012/Problem02_label57.yml	true	true	100.13937874	71.23289049699815	1154.936832	cloud-23933	true	98.309739572	69.01081916599651	1104.240640	cloud-23933	TIMEOUT	990.444373209	961.9609655039967	1175.007232	cloud-23938
eca-rers2012/Problem02_label58.yml	true	true	72.54773969	50.509294853021856	1121.959936	cloud-23943	true	92.750330548	63.665490412007784	972.992512	cloud-23933	TIMEOUT	990.28686655	969.874924497999	985.546752	cloud-23940
eca-rers2012/Problem02_label59.yml	false	false(unreach-call)	82.156919488	55.480968923002365	1104.338944	cloud-23933	false(unreach-call)	81.826851674	54.556909063016064	972.197888	cloud-23979	TIMEOUT	990.362729541	964.3931690909958	876.699648	cloud-23979
eca-rers2012/Problem03_label00.yml	true	TIMEOUT	990.797034928	855.4932556229978	4723.929088	cloud-23933	TIMEOUT (true)	958.677222188	904.6497831940069	2683.465728	cloud-23938	TIMEOUT	990.6483606	952.8161232790153	3091.640320	cloud-23979
eca-rers2012/Problem03_label09.yml	false	TIMEOUT	992.257190658	928.3082490829984	3440.062464	cloud-24259	false(unreach-call)	719.110532158	666.4885987629823	3308.716032	cloud-23979	TIMEOUT	990.458938535	957.2697852190176	2767.364096	cloud-23943
eca-rers2012/Problem03_label13.yml	false	false(unreach-call)	338.685474925	285.42614971899457	3986.460672	cloud-23933	false(unreach-call)	266.640774146	221.6154689959949	3072.626688	cloud-23979	TIMEOUT	990.625303357	945.9352708509832	2949.169152	cloud-23982
eca-rers2012/Problem03_label26.yml	false	false(unreach-call)	339.28932711	285.4891488840003	3073.921024	cloud-23979	false(unreach-call)	272.105348587	225.68434572700062	3608.793088	cloud-23979	TIMEOUT	990.65592997	945.2885797199851	2832.429056	cloud-23980
eca-rers2012/Problem03_label27.yml	false	TIMEOUT	990.642838224	937.0960344859996	2857.500672	cloud-23979	false(unreach-call)	458.722619486	409.0966148220177	2920.890368	cloud-23979	TIMEOUT	990.653008391	950.6608588170202	2537.390080	cloud-23933
eca-rers2012/Problem03_label28.yml	false	TIMEOUT	992.523526573	929.2249165600006	3159.441408	cloud-23979	false(unreach-call)	685.54097514	629.4418140420166	3281.911808	cloud-23982	TIMEOUT	990.600296617	949.4756725479965	2599.063552	cloud-23938
eca-rers2012/Problem03_label31.yml	false	TIMEOUT	990.644177086	932.2321076790031	2828.582912	cloud-24259	false(unreach-call)	635.257391481	574.7542024689901	3312.840704	cloud-23938	TIMEOUT	990.646748392	956.1673500940087	2665.816064	cloud-23980
eca-rers2012/Problem03_label35.yml	false	TIMEOUT	990.812631506	932.6781385590002	3534.622720	cloud-23933	false(unreach-call)	755.84359041	698.2548685840156	3357.130752	cloud-23979	TIMEOUT	990.788844178	946.5647922970238	3687.370752	cloud-23979
eca-rers2012/Problem03_label44.yml	true	TIMEOUT	990.474844021	951.7060829509865	3154.718720	cloud-23941	true	836.299941083	787.1195522900089	3163.635712	cloud-23941	TIMEOUT	990.478393618	956.7496255709848	2506.002432	cloud-23942
eca-rers2012/Problem03_label50.yml	false	false(unreach-call)	306.809339725	266.20054168000206	2963.406848	cloud-23979	false(unreach-call)	357.9683737	306.11694942301256	3254.382592	cloud-23982	TIMEOUT	990.529879894	951.1907717669965	3081.093120	cloud-23980
eca-rers2012/Problem06_label08.yml	true	TIMEOUT	991.227323201	923.7452212310163	14928.781312	cloud-23939	TIMEOUT	991.941550665	904.0955629500095	14975.000576	cloud-23980	OUT OF MEMORY	476.177861414	414.07578984298743	15000.043520	cloud-23933
eca-rers2012/Problem06_label10.yml	false	OUT OF MEMORY	264.976633615	224.20366892998572	15000.162304	cloud-23940	OUT OF MEMORY	388.37736932	330.44086675398285	15000.039424	cloud-23979	TIMEOUT	991.734294717	905.1369714429893	14985.277440	cloud-23982
eca-rers2012/Problem06_label20.yml	false	OUT OF MEMORY	304.904474463	262.0778336939984	15000.166400	cloud-23943	OUT OF MEMORY	365.673207119	312.62836779200006	15000.039424	cloud-23938	TIMEOUT	992.267602968	894.3903878830024	14982.844416	cloud-23982
eca-rers2012/Problem06_label23.yml	true	OUT OF MEMORY	417.9482462	350.29844298000535	15000.039424	cloud-24259	OUT OF MEMORY	389.990159465	342.6486472450197	15000.043520	cloud-23938	TIMEOUT	992.031365369	896.255289794004	14945.439744	cloud-23982
eca-rers2012/Problem06_label27.yml	false	OUT OF MEMORY	454.693865972	379.5021023519985	15000.043520	cloud-24259	TIMEOUT	911.783267873	818.8982834540075	15000.035328	cloud-23933	OUT OF MEMORY	403.599336977	338.38197214799584	15000.170496	cloud-23942
eca-rers2012/Problem06_label30.yml	true	OUT OF MEMORY	303.126450833	252.5899356890004	15000.162304	cloud-23943	TIMEOUT	991.76473222	905.6988240349747	14932.779008	cloud-23982	OUT OF MEMORY	327.119770122	281.7541890660068	15000.170496	cloud-23942
eca-rers2012/Problem06_label33.yml	false	TIMEOUT	991.532835129	897.9890016399986	14737.055744	cloud-23933	OUT OF MEMORY	313.934880607	266.7614880740002	15000.162304	cloud-23940	OUT OF MEMORY	458.042402948	387.8420992270112	15000.039424	cloud-23979
eca-rers2012/Problem06_label34.yml	true	OUT OF MEMORY	282.809470612	244.34305997600313	15000.158208	cloud-23941	TIMEOUT	992.047767933	898.2720858810062	14704.037888	cloud-23982	OUT OF MEMORY	321.405450944	269.0513320530008	15000.174592	cloud-23944
eca-rers2012/Problem06_label38.yml	false	OUT OF MEMORY	223.442018688	188.70011398399947	15000.166400	cloud-23942	OUT OF MEMORY	265.384275597	220.4356299880019	15000.166400	cloud-23941	TIMEOUT	991.609440177	910.1538535569853	14617.858048	cloud-23980
eca-rers2012/Problem06_label44.yml	false	OUT OF MEMORY	257.555655173	217.46650491998298	15000.170496	cloud-23939	TIMEOUT	991.698299441	908.734625498997	14956.216320	cloud-23979	OUT OF MEMORY	371.730025467	304.9397972880106	15000.178688	cloud-23942
eca-rers2012/Problem06_label45.yml	true	OUT OF MEMORY	284.667554081	238.9472070869524	15000.158208	cloud-23939	TIMEOUT	991.652333091	906.1281988830015	14928.117760	cloud-23980	OUT OF MEMORY	590.921754613	498.6299639819772	15000.055808	cloud-23982
eca-rers2012/Problem06_label51.yml	true	TIMEOUT	991.281208723	914.3807681000326	15000.170496	cloud-23943	OUT OF MEMORY	438.394379462	370.79244927698164	15000.039424	cloud-23980	OUT OF MEMORY	594.162844706	514.4330041460053	15000.051712	cloud-23980
eca-rers2012/Problem06_label53.yml	true	TIMEOUT	923.661155563	855.2703081140062	15000.170496	cloud-23939	OUT OF MEMORY	372.949512818	304.1703524629993	15000.039424	cloud-23933	OUT OF MEMORY	621.063261693	539.250196235982	15000.047616	cloud-23980
eca-rers2012/Problem06_label54.yml	true	OUT OF MEMORY	255.535926317	214.33661474299151	15000.166400	cloud-23940	TIMEOUT	983.276609478	892.5598399789887	15000.043520	cloud-23979	OUT OF MEMORY	502.925052685	448.1153668570041	15000.055808	cloud-23980
eca-rers2012/Problem06_label58.yml	false	TIMEOUT	991.117728324	921.8314870670438	14948.290560	cloud-23939	OUT OF MEMORY	378.83305342	310.3260743319988	15000.043520	cloud-23979	TIMEOUT	991.780361194	922.5251681309892	14027.014144	cloud-23979
eca-rers2012/Problem06_label59.yml	false	TIMEOUT	991.683559917	901.8711506590043	14912.720896	cloud-24259	OUT OF MEMORY	411.36296538	345.0364995459968	15000.043520	cloud-23979	OUT OF MEMORY	406.244670077	350.5075766200025	15000.051712	cloud-23979
eca-rers2012/Problem10_label00.yml	true	true	84.617717217	57.53095953800221	1247.395840	cloud-23979	true	91.855420674	61.40141276299255	1372.807168	cloud-23982	TIMEOUT	990.402744565	962.8092573609902	1359.818752	cloud-23980
eca-rers2012/Problem10_label01.yml	true	true	152.467399642	118.02184659200066	1401.298944	cloud-23933	true	126.686372792	99.49675368299359	1467.437056	cloud-23979	TIMEOUT	990.488081939	962.0445530879952	1604.648960	cloud-23933
eca-rers2012/Problem10_label02.yml	true	true	151.806565711	120.6506187720006	1575.448576	cloud-23979	true	160.830615889	125.58089012699202	1322.754048	cloud-23982	TIMEOUT	990.420660894	964.6564435699838	1494.528000	cloud-23980
eca-rers2012/Problem10_label03.yml	true	true	73.380724835	48.1389988009978	1312.514048	cloud-23933	true	81.957458991	53.69093438301934	1523.859456	cloud-23938	TIMEOUT	990.410012351	967.4701020909997	1478.033408	cloud-23980
eca-rers2012/Problem10_label04.yml	true	true	74.604384595	49.01865582699975	1532.579840	cloud-23979	true	80.965002505	53.0236412009981	1506.361344	cloud-23938	TIMEOUT	990.393304718	962.730865310994	1401.143296	cloud-23979
eca-rers2012/Problem10_label05.yml	true	true	70.158929542	46.410332670999196	1276.436480	cloud-23979	true	77.89846121	50.31913288301439	1502.646272	cloud-23980	TIMEOUT	990.442424543	960.5337046690111	1465.282560	cloud-23938
eca-rers2012/Problem10_label06.yml	true	true	65.047921173	44.2145313919973	1299.472384	cloud-23979	true	76.524013098	49.44604259199696	1489.682432	cloud-23982	TIMEOUT	990.495665618	962.0371652400063	1551.929344	cloud-23938
eca-rers2012/Problem10_label07.yml	true	true	51.739783058	35.11908048100304	1415.262208	cloud-23942	true	73.982946305	48.46692265299498	1352.171520	cloud-23938	TIMEOUT	990.443647697	960.3593385760032	1569.984512	cloud-23938
eca-rers2012/Problem10_label08.yml	true	true	82.211671194	52.99413655199896	1345.867776	cloud-23979	true	79.645970259	52.218506154982606	1336.315904	cloud-23938	TIMEOUT	990.447521495	957.4073340949835	1592.766464	cloud-23979
eca-rers2012/Problem10_label09.yml	true	true	62.020927211	41.67961315099819	1284.239360	cloud-24259	true	64.37079354	42.23578251901199	1431.048192	cloud-23979	TIMEOUT	990.503385949	957.7867455589876	1749.233664	cloud-23938
eca-rers2012/Problem10_label10.yml	true	true	75.171975249	48.73826192100023	1298.382848	cloud-23933	true	64.834681947	42.882555693009635	1342.562304	cloud-23933	TIMEOUT	990.476419493	964.3674497850006	1499.324416	cloud-23933
eca-rers2012/Problem10_label11.yml	true	true	99.748024578	69.12900482699843	1436.860416	cloud-23979	true	110.610899899	77.82488082299824	1524.920320	cloud-23982	TIMEOUT	990.40830313	963.7771523039846	1404.182528	cloud-23979
eca-rers2012/Problem10_label13.yml	true	true	145.895637379	112.18207509000058	1359.400960	cloud-23979	true	120.384465382	92.71856844099239	1333.985280	cloud-23933	TIMEOUT	990.540112805	958.9059733180038	1608.708096	cloud-23938
eca-rers2012/Problem10_label14.yml	true	true	67.119408689	47.512466408952605	1492.942848	cloud-23940	true	96.429001305	65.58177099999739	1470.590976	cloud-23938	TIMEOUT	990.430627667	964.4810803470027	1348.308992	cloud-23933
eca-rers2012/Problem10_label15.yml	false	false(unreach-call)	171.39062642	136.7130568969951	1445.797888	cloud-24259	false(unreach-call)	148.096682577	121.77478263998637	1434.644480	cloud-23943	TIMEOUT	990.394833907	959.1330505270162	1527.312384	cloud-23982
eca-rers2012/Problem10_label16.yml	true	true	141.149972734	109.137777128999	1353.719808	cloud-23933	true	131.687698787	101.83453888900112	1309.319168	cloud-23979	TIMEOUT	990.417873648	958.2897251859831	1506.623488	cloud-23982
eca-rers2012/Problem10_label17.yml	true	true	127.740129126	99.6978028759986	1338.511360	cloud-23979	true	146.666422916	115.42620939199696	1454.198784	cloud-23982	TIMEOUT	990.438381818	957.5406539730029	1530.109952	cloud-23979
eca-rers2012/Problem10_label18.yml	true	true	144.890554514	110.71118532100081	1265.242112	cloud-23933	true	156.551448178	121.23001562198624	1638.793216	cloud-23938	TIMEOUT	990.356993521	965.9850924079947	1592.602624	cloud-23980
eca-rers2012/Problem10_label19.yml	true	true	82.492884127	54.01554270800261	1293.479936	cloud-23933	true	69.858382488	45.8680945019878	1554.567168	cloud-23979	TIMEOUT	990.447424391	964.5295378600131	1491.230720	cloud-23980
eca-rers2012/Problem10_label20.yml	true	true	87.63513667	59.59681889600324	1471.447040	cloud-23933	true	86.755994147	59.55071889801184	1578.586112	cloud-23982	TIMEOUT	990.383017167	961.498746591009	1397.264384	cloud-23938
eca-rers2012/Problem10_label21.yml	true	true	117.331304766	90.75722591101658	1462.632448	cloud-23943	true	161.80182372	125.12053757702233	1474.555904	cloud-23982	TIMEOUT	990.46054487	960.1617835130019	1541.500928	cloud-23938
eca-rers2012/Problem10_label22.yml	true	true	163.897026889	127.9739582139955	1381.879808	cloud-23933	true	147.935668931	117.69331826799316	1258.868736	cloud-23979	TIMEOUT	990.375351844	967.9263973869965	1582.780416	cloud-23980
eca-rers2012/Problem10_label23.yml	true	true	83.728001053	54.973756881001464	1409.937408	cloud-23979	true	97.719303905	63.90987865900388	1372.102656	cloud-23982	TIMEOUT	990.402825032	959.8565855399938	1338.593280	cloud-23982
eca-rers2012/Problem10_label24.yml	false	false(unreach-call)	94.836586039	64.0665169290005	1443.434496	cloud-23979	false(unreach-call)	91.801051246	62.35118616500404	1598.341120	cloud-23980	TIMEOUT	990.406338894	959.0424541080138	1570.725888	cloud-23982
eca-rers2012/Problem10_label25.yml	true	true	153.692967432	121.51092573600181	1522.204672	cloud-24259	true	172.535266122	137.13356081201346	1680.936960	cloud-23938	TIMEOUT	990.464029337	959.5489897520165	1533.628416	cloud-23938
eca-rers2012/Problem10_label26.yml	false	false(unreach-call)	82.846759583	56.34237736201612	1438.351360	cloud-23944	false(unreach-call)	77.280786133	54.160351610014914	1574.252544	cloud-23944	TIMEOUT	990.468547439	960.0039095219981	1380.401152	cloud-23938
eca-rers2012/Problem10_label27.yml	true	true	92.831867576	62.626297376002185	1439.301632	cloud-23933	true	92.332596639	65.35121837398037	1516.773376	cloud-23980	TIMEOUT	990.561761498	958.3024182329827	1545.199616	cloud-23933
eca-rers2012/Problem10_label30.yml	true	true	85.267608219	56.9624727579976	1546.489856	cloud-24259	true	96.943669925	65.66769333402044	1356.091392	cloud-23933	TIMEOUT	990.381178132	960.7917207560095	1394.442240	cloud-23982
eca-rers2012/Problem10_label31.yml	true	true	68.200509795	47.56394112796988	1616.928768	cloud-23940	true	110.436138	75.19656957298866	1331.990528	cloud-23938	TIMEOUT	990.406945555	962.6940118359926	1385.721856	cloud-23979
eca-rers2012/Problem10_label32.yml	true	true	128.546919695	95.36844708900026	1680.482304	cloud-23933	true	138.466437836	107.76150259599672	1407.766528	cloud-23980	TIMEOUT	990.397694369	959.8240149570047	1462.263808	cloud-23982
eca-rers2012/Problem10_label33.yml	true	true	138.735733488	104.78776632000518	1501.929472	cloud-23979	true	145.443395615	110.08619007599191	1415.872512	cloud-23938	TIMEOUT	990.456530912	960.3787609800056	1482.551296	cloud-23938
eca-rers2012/Problem10_label34.yml	true	true	88.004049745	59.453841068003385	1539.297280	cloud-24259	true	88.294842607	62.28640320300474	1397.575680	cloud-23933	TIMEOUT	990.415228876	966.5834347709897	1539.297280	cloud-23980
eca-rers2012/Problem10_label35.yml	true	true	151.735442894	114.52097048400174	1373.982720	cloud-23933	true	143.524571755	114.0462069149944	1421.348864	cloud-23980	TIMEOUT	990.353799501	967.3395508060057	1510.776832	cloud-23980
eca-rers2012/Problem10_label36.yml	true	true	139.404732306	106.625172432	1379.647488	cloud-23933	true	155.966472689	118.82431786300731	1461.018624	cloud-23938	TIMEOUT	990.395120779	966.3432566190022	1511.411712	cloud-23979
eca-rers2012/Problem10_label37.yml	true	true	144.131486602	109.45820472600462	1382.072320	cloud-23933	true	131.136770971	99.94163711401052	1546.489856	cloud-23979	TIMEOUT	990.414456763	963.4969116340217	1361.399808	cloud-23979
eca-rers2012/Problem10_label38.yml	true	true	127.866987903	95.48591147799743	1618.587648	cloud-24259	true	106.451858807	84.28800179599784	1310.810112	cloud-23944	TIMEOUT	990.423219483	962.7717574140115	1603.522560	cloud-23979
eca-rers2012/Problem10_label39.yml	true	true	77.813969144	51.0225923379985	1372.069888	cloud-23933	true	78.351142832	51.423209444008535	1536.958464	cloud-23938	TIMEOUT	990.466343284	964.2513691560016	1503.432704	cloud-23980
eca-rers2012/Problem10_label41.yml	false	TIMEOUT	990.472949144	948.8027985490044	1543.282688	cloud-23939	false(unreach-call)	276.39712118	242.6688663889945	1673.490432	cloud-23979	TIMEOUT	990.396726877	961.6962499740184	1330.679808	cloud-23979
eca-rers2012/Problem10_label42.yml	false	false(unreach-call)	86.914014047	56.472526149998885	1660.616704	cloud-23933	false(unreach-call)	79.698128553	51.6629690680129	1491.537920	cloud-23933	TIMEOUT	990.432814596	963.1711419420026	1408.864256	cloud-23933
eca-rers2012/Problem10_label44.yml	true	true	145.490793446	116.26211155499914	1332.183040	cloud-24259	true	149.635400291	120.05548381898552	1491.996672	cloud-23982	TIMEOUT	990.478452713	960.862459069991	1362.243584	cloud-23938
eca-rers2012/Problem10_label47.yml	false	false(unreach-call)	101.181080178	66.57113018399832	1431.302144	cloud-23933	false(unreach-call)	84.895040517	58.06074157799594	1363.480576	cloud-23979	TIMEOUT	990.448522251	961.0774184000038	1548.689408	cloud-23938
eca-rers2012/Problem10_label48.yml	false	false(unreach-call)	84.167919103	56.14508853500229	1472.782336	cloud-23933	false(unreach-call)	86.679475917	59.2981354460062	1485.803520	cloud-23980	TIMEOUT	990.356300142	963.9821580919961	1277.112320	cloud-23980
eca-rers2012/Problem10_label49.yml	true	true	504.440893943	436.70962965500075	2339.225600	cloud-23979	TIMEOUT	990.467023695	957.6717589990003	1575.276544	cloud-23980	TIMEOUT	990.364522291	959.4867935259826	1508.667392	cloud-23982
eca-rers2012/Problem10_label51.yml	true	true	92.660129888	64.83724689399969	1470.095360	cloud-23933	true	94.904808648	65.75380382701405	1470.971904	cloud-23980	TIMEOUT	990.436963609	964.6487783979974	1516.183552	cloud-23933
eca-rers2012/Problem10_label52.yml	true	true	118.572588119	88.4273514719971	1445.052416	cloud-23933	true	136.271297979	101.58064869602094	1448.742912	cloud-23938	TIMEOUT	990.312549674	965.441232607991	1525.018624	cloud-23980
eca-rers2012/Problem10_label53.yml	true	true	127.749611543	95.10984492699936	1562.267648	cloud-23933	true	130.539654734	101.05725434501073	1384.407040	cloud-23980	TIMEOUT	990.464312745	959.3951086349844	1372.745728	cloud-23938
eca-rers2012/Problem10_label54.yml	true	true	103.840755958	71.57838625600561	1459.023872	cloud-23979	true	95.419809206	65.74665537499823	1748.242432	cloud-23979	TIMEOUT	990.419921925	960.5792255100096	1458.618368	cloud-23933
eca-rers2012/Problem10_label55.yml	false	false(unreach-call)	143.643729126	115.15973633899921	1633.325056	cloud-23979	false(unreach-call)	146.310025845	112.44461569999112	1359.855616	cloud-23933	TIMEOUT	990.455084681	959.0739596229978	1582.358528	cloud-23938
eca-rers2012/Problem10_label57.yml	false	false(unreach-call)	85.690166323	56.91203068800314	1491.660800	cloud-23979	false(unreach-call)	86.428675367	57.90822474300512	1504.735232	cloud-23980	TIMEOUT	990.464684724	961.8337838820007	1413.820416	cloud-23979
eca-rers2012/Problem10_label58.yml	false	false(unreach-call)	89.34916691	60.09577108999656	1499.877376	cloud-23933	false(unreach-call)	80.562515048	54.53850070599583	1660.829696	cloud-23980	TIMEOUT	990.668610146	960.1089610290073	1538.088960	cloud-23938
eca-rers2012/Problem11_label01.yml	true	TIMEOUT	990.826588676	625.5746192709994	3289.501696	cloud-23979	true	345.874852568	297.18960001697997	2373.201920	cloud-23938	TIMEOUT	990.677722348	946.3959115720063	2361.421824	cloud-23938
eca-rers2012/Problem11_label04.yml	true	TIMEOUT	991.175131187	597.9726528989995	2925.297664	cloud-23979	true	223.874959374	185.83963026700076	2388.267008	cloud-23939	TIMEOUT	990.531563745	955.802476546989	2330.378240	cloud-23933
eca-rers2012/Problem11_label07.yml	true	true	194.637268823	153.84596207999857	2387.345408	cloud-24259	true	194.959329346	155.8183672360028	2439.798784	cloud-23979	TIMEOUT	990.55897113	954.1493945269904	2389.991424	cloud-23979
eca-rers2012/Problem11_label10.yml	true	TIMEOUT	992.299118326	894.7887968620016	3200.221184	cloud-23933	true	328.257959832	285.50916771998163	2384.486400	cloud-23979	TIMEOUT	990.505061564	952.5435826310131	2658.304000	cloud-23982
eca-rers2012/Problem11_label12.yml	true	true	236.66056513	189.09771134699986	2768.519168	cloud-23979	true	241.531143562	195.2296607750177	2320.879616	cloud-23938	TIMEOUT	990.555144658	956.7418304460007	2482.364416	cloud-23933
eca-rers2012/Problem11_label14.yml	false	false(unreach-call)	223.653910179	180.1115970280007	2425.249792	cloud-23979	false(unreach-call)	243.056502558	194.61891357100103	2344.771584	cloud-23980	TIMEOUT	990.48961634	954.2063571410254	2537.914368	cloud-23933
eca-rers2012/Problem11_label15.yml	false	false(unreach-call)	224.955095441	180.08123862000502	2347.585536	cloud-23933	false(unreach-call)	191.102440288	152.3376953729894	2314.518528	cloud-23980	TIMEOUT	990.418966713	948.0071368829813	2255.597568	cloud-23982
eca-rers2012/Problem11_label17.yml	true	TIMEOUT	991.044745424	605.491810825999	3198.496768	cloud-24259	true	322.484668615	279.4858147900086	2327.822336	cloud-23933	TIMEOUT	990.524841439	951.965978474007	2513.760256	cloud-23982
eca-rers2012/Problem11_label27.yml	true	true	170.640804456	130.58648121399892	2334.093312	cloud-24259	true	179.999761991	140.05133113701595	2326.712320	cloud-23979	TIMEOUT	990.624294995	950.1208800299792	2514.788352	cloud-23982
eca-rers2012/Problem11_label32.yml	true	true	165.453922155	137.63399263302563	2626.314240	cloud-23942	true	243.605119284	202.8880202069995	2210.123776	cloud-23980	TIMEOUT	990.734813256	953.6703815590008	2953.191424	cloud-23979
eca-rers2012/Problem11_label35.yml	true	TIMEOUT	991.255657519	594.7151562569998	3355.840512	cloud-24259	true	272.737854389	231.2004500150215	2447.839232	cloud-23980	TIMEOUT	990.664987616	950.9575633569912	2677.030912	cloud-23938
eca-rers2012/Problem11_label36.yml	false	false(unreach-call)	135.832079332	101.06672689900006	2251.923456	cloud-24259	false(unreach-call)	172.940800898	126.78419398798724	2508.840960	cloud-23982	TIMEOUT	990.540751659	953.4576073930075	2227.404800	cloud-23979
eca-rers2012/Problem11_label37.yml	true	TIMEOUT	990.896122738	634.2179901339987	3678.568448	cloud-23979	true	307.11254793	261.05278129302314	2345.684992	cloud-23979	TIMEOUT	990.488046692	949.7050935119914	2197.020672	cloud-23980
eca-rers2012/Problem11_label44.yml	true	TIMEOUT	990.955027608	612.164080524999	2982.825984	cloud-24259	true	266.747732839	234.40808822697727	2282.872832	cloud-23944	TIMEOUT	990.638849009	954.6448160010041	2534.895616	cloud-23933
eca-rers2012/Problem11_label55.yml	true	TIMEOUT	990.550106089	944.8698825779975	2907.762688	cloud-24259	true	645.766720804	600.3818671019981	2312.429568	cloud-23979	TIMEOUT	990.471980929	957.0651353590074	2170.179584	cloud-23980
eca-rers2012/Problem11_label58.yml	false	false(unreach-call)	173.178251749	130.9166804790002	2360.045568	cloud-23979	false(unreach-call)	187.14472666	139.85259563100408	2427.469824	cloud-23938	TIMEOUT	990.68886833	953.726029368001	2928.627712	cloud-23979
eca-rers2012/Problem14_label00.yml	true	true	176.105492557	138.26037531399925	1910.099968	cloud-24259	true	178.737097795	143.2365802830027	1695.752192	cloud-23979	TIMEOUT	990.405049075	964.3312057729927	1782.247424	cloud-23980
eca-rers2012/Problem14_label01.yml	true	TIMEOUT	990.546069061	931.5214841650013	1904.279552	cloud-23933	true	265.97413034	227.0194283570163	1657.970688	cloud-23982	TIMEOUT	990.441186209	962.6842031419801	1691.234304	cloud-23980
eca-rers2012/Problem14_label03.yml	true	true	533.129732886	394.87628719700297	2839.306240	cloud-23933	true	251.127468014	216.8394448889885	1670.602752	cloud-23980	TIMEOUT	990.479827638	964.6064269950148	1740.259328	cloud-23980
eca-rers2012/Problem14_label05.yml	true	TIMEOUT	991.742118275	608.4305868459996	2892.406784	cloud-24259	true	262.191420352	227.57650824799202	1574.440960	cloud-23979	TIMEOUT	990.393816176	953.6880486650043	1552.777216	cloud-23982
eca-rers2012/Problem14_label06.yml	true	true	191.433347737	156.00460724799996	1551.032320	cloud-23933	true	176.187347096	143.28271861499525	1545.764864	cloud-23979	TIMEOUT	990.472758034	961.4422857119935	1730.097152	cloud-23979
eca-rers2012/Problem14_label07.yml	true	true	179.430935318	148.84691271300107	1671.024640	cloud-24259	true	230.37507163	195.76365655800328	1574.608896	cloud-23980	TIMEOUT	990.527547167	958.7890592839976	1667.751936	cloud-23933
eca-rers2012/Problem14_label08.yml	false	TIMEOUT	990.776879295	922.7862509900006	2367.315968	cloud-23933	false(unreach-call)	486.92214695	438.6509529769828	2054.340608	cloud-23982	TIMEOUT	990.387620517	957.5570509450044	1459.458048	cloud-23982
eca-rers2012/Problem14_label10.yml	false	TIMEOUT	990.602672474	933.0513407409999	1969.270784	cloud-23933	false(unreach-call)	638.405851521	589.7120828599727	2173.022208	cloud-23982	TIMEOUT	990.344317692	967.6876895769965	1611.915264	cloud-23980
eca-rers2012/Problem14_label11.yml	false	TIMEOUT	990.290549982	964.5030945389881	1478.840320	cloud-23942	false(unreach-call)	275.854473222	236.09051110298606	2055.241728	cloud-23980	TIMEOUT	990.478467551	959.103998770006	1664.618496	cloud-23982
eca-rers2012/Problem14_label15.yml	true	true	186.230197527	151.8066881479972	1715.163136	cloud-24259	true	196.330498192	162.27766665199306	1424.687104	cloud-23933	TIMEOUT	990.409013179	959.3221928800049	1578.528768	cloud-23982
eca-rers2012/Problem14_label16.yml	true	true	216.120457247	177.61275083800138	1603.289088	cloud-23933	true	210.442578224	173.52461457601748	1474.101248	cloud-23933	TIMEOUT	990.501627328	961.9176059380115	1691.750400	cloud-23979
eca-rers2012/Problem14_label17.yml	true	true	181.877680981	149.12499948399636	1579.937792	cloud-24259	true	232.840828502	195.0599564560107	1446.031360	cloud-23982	TIMEOUT	990.430663268	960.9946875380119	1643.556864	cloud-23979
eca-rers2012/Problem14_label18.yml	false	TIMEOUT	990.660730847	933.6085366610023	2384.166912	cloud-23979	false(unreach-call)	410.736119544	364.4334132859949	2067.673088	cloud-23938	TIMEOUT	990.437190975	961.2789239289996	1755.619328	cloud-23982
eca-rers2012/Problem14_label19.yml	true	true	131.448210824	98.3534110110013	1892.306944	cloud-23933	true	121.700364643	95.58245788799832	1754.341376	cloud-23980	TIMEOUT	990.455630082	960.5800439729937	1650.446336	cloud-23979
eca-rers2012/Problem14_label20.yml	true	true	126.477435539	95.42244056199706	1451.868160	cloud-23933	true	118.74786907	89.43021700301324	1634.004992	cloud-23979	TIMEOUT	990.455163964	963.5348896079813	1892.675584	cloud-23933
eca-rers2012/Problem14_label21.yml	true	true	126.156440825	91.70861755299848	1524.502528	cloud-24259	true	143.858449182	108.9614076030266	1587.150848	cloud-23938	TIMEOUT	990.470016835	961.896931012976	1645.408256	cloud-23933
eca-rers2012/Problem14_label22.yml	false	TIMEOUT	990.461637889	948.4864512870045	1761.394688	cloud-23933	false(unreach-call)	420.572030983	376.5148301080044	2344.288256	cloud-23982	TIMEOUT	990.294766064	970.1106065670028	1643.786240	cloud-23944
eca-rers2012/Problem14_label23.yml	true	true	122.563918191	92.97075395600405	1572.401152	cloud-24259	true	138.943258684	106.27968546497868	1573.789696	cloud-23982	TIMEOUT	990.601415666	958.1427006380109	1670.193152	cloud-23982
eca-rers2012/Problem14_label24.yml	true	true	204.106882275	166.1170101280004	1636.913152	cloud-23933	true	202.389091438	170.54861620700103	1711.607808	cloud-23980	TIMEOUT	990.381715873	966.6803640740109	1478.643712	cloud-23980
eca-rers2012/Problem14_label25.yml	true	true	127.132146876	96.26283212300041	1593.303040	cloud-24259	true	152.668942077	116.59191794600338	1410.179072	cloud-23982	TIMEOUT	990.437360503	960.0746404659876	1538.142208	cloud-23933
eca-rers2012/Problem14_label26.yml	true	true	179.182002633	146.43455157499557	1884.524544	cloud-24259	true	183.337931264	148.58564298201236	1497.948160	cloud-23979	TIMEOUT	990.455247295	958.0652313579922	1724.518400	cloud-23938
eca-rers2012/Problem14_label28.yml	false	TIMEOUT	990.469694667	944.3580751359696	2456.743936	cloud-23941	false(unreach-call)	473.298544426	423.24295073200483	2017.800192	cloud-23982	TIMEOUT	990.440671538	955.6438967279973	1684.131840	cloud-23982
eca-rers2012/Problem14_label29.yml	false	TIMEOUT	990.672412018	930.8282374759983	2466.967552	cloud-24259	false(unreach-call)	278.302445834	236.2379253099789	1937.072128	cloud-23933	TIMEOUT	990.468809624	961.8817555290007	1597.607936	cloud-23979
eca-rers2012/Problem14_label30.yml	true	true	129.58067968	99.38074037399929	1587.154944	cloud-24259	true	155.539403199	123.4503858560056	1666.441216	cloud-23982	TIMEOUT	990.479002074	959.5825670640043	1714.847744	cloud-23938
eca-rers2012/Problem14_label31.yml	false	TIMEOUT	990.731001608	924.823663089	2403.323904	cloud-23933	false(unreach-call)	290.406543195	239.23263547199895	2026.983424	cloud-23982	TIMEOUT	990.378340918	961.7833887909946	1606.438912	cloud-23980
eca-rers2012/Problem14_label32.yml	true	true	171.792572897	137.26441236100072	1737.216000	cloud-24259	true	168.800985012	136.81539158997475	1578.397696	cloud-23979	TIMEOUT	990.399900445	962.7068383040023	1606.619136	cloud-23979
eca-rers2012/Problem14_label33.yml	true	true	146.264148234	118.03150350799842	1497.657344	cloud-24259	true	166.496461363	134.87706252300995	1515.458560	cloud-23933	TIMEOUT	990.441700344	959.5326019760105	1665.650688	cloud-23933
eca-rers2012/Problem14_label34.yml	false	TIMEOUT	990.511957572	950.6372568659972	1874.268160	cloud-24259	false(unreach-call)	216.191886868	188.13827785500325	1947.422720	cloud-23944	TIMEOUT	990.445019687	958.0081206590112	1647.386624	cloud-23933
eca-rers2012/Problem14_label35.yml	true	true	201.228684068	163.66218002800008	2047.987712	cloud-23933	true	166.450669621	138.32188823400065	1440.313344	cloud-23939	TIMEOUT	990.494130892	962.5549912439892	1771.053056	cloud-23933
eca-rers2012/Problem14_label36.yml	true	true	185.309268989	151.61193234899838	1710.637056	cloud-24259	true	226.521054518	188.25552732299548	1543.507968	cloud-23980	TIMEOUT	990.483013096	961.6520036770089	1573.777408	cloud-23933
eca-rers2012/Problem14_label37.yml	false	TIMEOUT	990.571595745	950.4786334339988	1699.704832	cloud-24259	false(unreach-call)	400.322678381	358.40157077100594	2143.113216	cloud-23980	TIMEOUT	990.47395509	962.1069897930138	1688.072192	cloud-23979
eca-rers2012/Problem14_label38.yml	true	true	185.194454844	153.37326528099948	1483.321344	cloud-23933	true	233.810959718	191.838363191986	1453.494272	cloud-23982	TIMEOUT	990.472758033	956.4332409199851	1749.094400	cloud-23938
eca-rers2012/Problem14_label39.yml	false	TIMEOUT	990.475020864	953.8034939789977	1679.024128	cloud-24259	false(unreach-call)	229.050865353	190.34977663698373	1928.994816	cloud-23933	TIMEOUT	990.524529578	963.9074294680031	1897.893888	cloud-23933
eca-rers2012/Problem14_label40.yml	false	TIMEOUT	990.477621093	949.3701074389974	1725.476864	cloud-23933	false(unreach-call)	300.518619394	253.73802321200492	2061.176832	cloud-23938	TIMEOUT	990.565853552	957.2176594469929	1670.225920	cloud-23938
eca-rers2012/Problem14_label41.yml	false	TIMEOUT	990.426961483	951.179409411001	1583.910912	cloud-23933	false(unreach-call)	456.266673693	412.99419771900284	2108.788736	cloud-23979	TIMEOUT	990.512969445	964.6157621929888	1594.355712	cloud-23933
eca-rers2012/Problem14_label42.yml	true	true	147.867178043	115.02258978000464	1731.895296	cloud-24259	true	151.205723817	120.261012870993	1517.469696	cloud-23980	TIMEOUT	990.471775609	957.7036839460197	1519.980544	cloud-23938
eca-rers2012/Problem14_label43.yml	false	TIMEOUT	990.673058314	929.4472007840013	2211.160064	cloud-23979	false(unreach-call)	314.951323586	274.47999791501206	2137.653248	cloud-23933	TIMEOUT	990.369150768	961.4538849809906	1596.432384	cloud-23982
eca-rers2012/Problem14_label44.yml	false	TIMEOUT	990.533727179	935.522256901997	1627.082752	cloud-23979	false(unreach-call)	488.621514739	433.9776929540094	2149.998592	cloud-23938	TIMEOUT	990.356562459	958.9730515999836	1561.739264	cloud-23982
eca-rers2012/Problem14_label47.yml	true	true	502.311677113	376.39895531399816	2495.369216	cloud-23933	true	193.645233796	162.02729816301144	1489.371136	cloud-23979	TIMEOUT	990.435145803	958.4030377409945	1389.150208	cloud-23982
eca-rers2012/Problem14_label49.yml	true	true	542.546987038	395.04786979700293	2615.685120	cloud-23933	true	223.197927562	187.52796328999102	1554.616320	cloud-23933	TIMEOUT	990.432873448	962.4143072029983	1589.293056	cloud-23980
eca-rers2012/Problem14_label50.yml	true	TIMEOUT	990.668172798	933.1819090209974	1799.729152	cloud-23933	true	673.712147924	628.5858708120068	1596.657664	cloud-23938	TIMEOUT	990.413760094	960.0599929959862	1482.092544	cloud-23982
eca-rers2012/Problem14_label52.yml	false	TIMEOUT	990.569002588	938.0153120869945	2370.007040	cloud-24259	false(unreach-call)	312.006384422	271.81609542897786	2102.960128	cloud-23979	TIMEOUT	990.432321174	954.6242948079889	1659.662336	cloud-23982
eca-rers2012/Problem14_label54.yml	false	TIMEOUT	990.445436168	948.681308836	1444.782080	cloud-24259	false(unreach-call)	752.593478546	711.388789841003	2000.801792	cloud-23933	TIMEOUT	990.434586074	962.1891201699909	1470.164992	cloud-23980
eca-rers2012/Problem14_label55.yml	true	TIMEOUT	990.527459904	685.8254236909997	2538.057728	cloud-24259	true	683.065276411	644.482850432978	1496.223744	cloud-23980	TIMEOUT	990.442489921	963.0632316349947	1613.344768	cloud-23979
eca-rers2012/Problem14_label56.yml	false	TIMEOUT	990.499555333	951.570281438002	1540.706304	cloud-23933	false(unreach-call)	255.300432361	212.79012318901368	2036.441088	cloud-23979	TIMEOUT	990.503897669	961.2151256600046	1528.307712	cloud-23933
eca-rers2012/Problem14_label57.yml	false	TIMEOUT	990.811908703	924.7706401549949	2388.406272	cloud-23979	false(unreach-call)	264.581777843	222.23480332599138	2182.803456	cloud-23933	TIMEOUT	990.500909132	964.413083210995	1882.513408	cloud-23933
eca-rers2012/Problem14_label59.yml	true	true	200.737338046	159.45266546800121	1527.947264	cloud-23979	true	177.67871114	143.53546322701732	1557.245952	cloud-23979	TIMEOUT	990.364494829	966.2609315750015	1526.685696	cloud-23941
eca-rers2012/Problem15_label03.yml	false	false(unreach-call)	394.493663856	340.66058101100134	3519.123456	cloud-24259	false(unreach-call)	405.542143616	346.21783485999913	3499.679744	cloud-23979	TIMEOUT	990.942866964	939.3697602839966	4942.901248	cloud-23933
eca-rers2012/Problem15_label14.yml	false	TIMEOUT	992.539396157	914.0082844310018	4646.977536	cloud-24259	false(unreach-call)	837.208613873	762.8083182600094	4502.405120	cloud-23982	TIMEOUT	990.7083888	944.9959799340286	3678.441472	cloud-23979
eca-rers2012/Problem15_label18.yml	false	false(unreach-call)	370.312780713	313.05163192599866	3788.562432	cloud-23979	false(unreach-call)	374.488588563	313.8033421340224	4422.955008	cloud-23938	TIMEOUT	990.847834347	944.1606996050104	4496.535552	cloud-23980
eca-rers2012/Problem15_label28.yml	true	TIMEOUT	991.134838056	897.7620059459987	4375.973888	cloud-24259	true	819.604902234	760.0327652929991	4202.438656	cloud-23979	TIMEOUT	990.64718589	946.3309949099785	3693.629440	cloud-23933
eca-rers2012/Problem15_label30.yml	false	TIMEOUT	991.141702529	902.7748423430021	5316.091904	cloud-24259	false(unreach-call)	535.371744428	467.58037815600983	3628.191744	cloud-23933	TIMEOUT	990.763492645	938.4744751809922	4525.391872	cloud-23980
eca-rers2012/Problem15_label33.yml	false	TIMEOUT	991.026896489	898.3956466309974	4054.671360	cloud-23933	false(unreach-call)	577.887780494	516.7382820440107	3900.547072	cloud-23979	TIMEOUT	990.746969519	946.6043275039992	4525.723648	cloud-23980
eca-rers2012/Problem15_label34.yml	false	false(unreach-call)	452.298220311	384.54090018200077	4694.151168	cloud-23979	false(unreach-call)	456.085659528	389.66508849701495	4413.440000	cloud-23980	TIMEOUT	990.826957005	948.7685951149906	4569.313280	cloud-23979
eca-rers2012/Problem15_label38.yml	false	TIMEOUT	991.538680244	891.4389369580022	4132.872192	cloud-23933	false(unreach-call)	874.935037412	805.3319258659903	3934.638080	cloud-23938	TIMEOUT	990.674934564	940.0409061679966	4478.160896	cloud-23982
eca-rers2012/Problem15_label45.yml	false	false(unreach-call)	461.644986652	397.79336506000254	3534.450688	cloud-23933	false(unreach-call)	451.154664709	389.5992894070223	3999.195136	cloud-23933	TIMEOUT	990.688342135	945.2955718690064	3944.153088	cloud-23933
eca-rers2012/Problem15_label47.yml	false	TIMEOUT	990.92973804	891.7239552090032	3746.537472	cloud-23933	false(unreach-call)	506.668957935	450.13256366099813	4434.497536	cloud-23933	TIMEOUT	990.794756752	938.697951367998	3493.134336	cloud-23982
eca-rers2012/Problem15_label50.yml	false	false(unreach-call)	361.721311068	307.2320228889985	4502.986752	cloud-24259	false(unreach-call)	396.960545555	334.6711840610078	3511.058432	cloud-23933	TIMEOUT	990.726206704	936.4868402040156	4174.692352	cloud-23982
eca-rers2012/Problem15_label51.yml	false	TIMEOUT	992.462622853	910.1227294899945	4647.211008	cloud-23933	false(unreach-call)	720.186999327	642.5857922629802	3710.488576	cloud-23938	TIMEOUT	990.686741022	940.5068764470052	3746.942976	cloud-23982
eca-rers2012/Problem16_label09.yml	true	true	403.349052677	353.7268385749994	3438.170112	cloud-24259	true	458.344245694	404.3525117720128	3399.888896	cloud-23938	TIMEOUT	990.653487472	949.9690327749995	2867.605504	cloud-23979
eca-rers2012/Problem16_label10.yml	true	TIMEOUT	990.472948409	643.9229368579981	4334.481408	cloud-24259	true	480.235104348	423.74902384600136	3586.465792	cloud-23982	TIMEOUT	990.71866289	945.1011159180198	3739.168768	cloud-23933
eca-rers2012/Problem16_label11.yml	true	TIMEOUT	992.541803461	656.8397481930006	3408.539648	cloud-23933	true	429.103219726	379.5774811420124	2803.310592	cloud-23933	TIMEOUT	990.759256616	942.6377383580257	2908.127232	cloud-23938
eca-rers2012/Problem16_label12.yml	true	TIMEOUT	990.482917228	956.494563115004	3176.038400	cloud-23944	true	488.213341353	434.25772840701393	3676.413952	cloud-23938	TIMEOUT	990.695464634	945.995704083005	3810.029568	cloud-23979
eca-rers2012/Problem16_label36.yml	true	TIMEOUT	991.316613926	787.9131443140213	4453.781504	cloud-23939	TIMEOUT (true)	959.873255543	906.8143464890018	3239.378944	cloud-23933	TIMEOUT	990.617893106	943.539307397994	3065.757696	cloud-23982
eca-rers2012/Problem16_label47.yml	true	true	244.731772817	211.51595524098957	3479.699456	cloud-23941	true	295.936260514	248.08190771299996	3513.868288	cloud-23979	TIMEOUT	990.546829767	940.4806171610253	3005.067264	cloud-23982
eca-rers2012/Problem16_label48.yml	true	true	316.935145789	266.25980536000134	3859.435520	cloud-23979	true	376.152338497	323.8020620929892	3508.391936	cloud-23938	TIMEOUT	990.724571171	951.3848728669982	3878.395904	cloud-23979
eca-rers2012/Problem16_label49.yml	true	true	323.552036557	271.4110752500055	3965.300736	cloud-24259	TIMEOUT	990.822857213	944.2539042069984	3515.826176	cloud-23979	TIMEOUT	990.70576757	947.552307653008	3057.565696	cloud-23933
eca-rers2012/Problem16_label50.yml	true	true	329.635163836	282.6969979150017	3073.732608	cloud-23979	true	341.902453983	294.9086105360184	3410.792448	cloud-23933	TIMEOUT	990.612052919	947.2171770999848	2979.516416	cloud-23979
eca-rers2012/Problem16_label55.yml	true	TIMEOUT	992.476097448	665.4814471589998	4286.238720	cloud-24259	true	565.211809522	507.64999892699416	3034.443776	cloud-23982	TIMEOUT	990.698269658	942.3465862620214	3633.397760	cloud-23982
eca-rers2012/Problem16_label56.yml	true	TIMEOUT	992.482426829	672.4192646200027	4199.436288	cloud-24259	true	478.706520036	429.3967967039789	3198.513152	cloud-23979	TIMEOUT	990.846932386	941.1361512290023	3940.188160	cloud-23938
eca-rers2012/Problem16_label57.yml	true	TIMEOUT	990.25724872	644.533810672001	4051.939328	cloud-23939	true	493.070506924	442.07896934999735	3197.902848	cloud-23933	TIMEOUT	990.651254711	953.1140086590021	2755.502080	cloud-23933
eca-rers2012/Problem16_label58.yml	true	TIMEOUT	992.377968406	673.9432763250006	3712.462848	cloud-24259	true	561.828616006	504.8509913480084	3797.835776	cloud-23938	TIMEOUT	990.870073389	941.5949402090046	3073.855488	cloud-23982
eca-rers2012/Problem16_label59.yml	true	TIMEOUT	992.253467347	709.1041838070014	3487.674368	cloud-24259	true	657.278022055	595.3510115340177	3769.434112	cloud-23938	TIMEOUT	990.644737311	945.2115635360242	3742.236672	cloud-23938
eca-rers2012/Problem19_label06.yml	true	TIMEOUT	992.409942993	785.7312109179984	14183.362560	cloud-23933	TIMEOUT	991.684291456	859.6884524089983	13693.792256	cloud-23941	OUT OF MEMORY	485.572421324	351.2246363120212	15000.051712	cloud-23982
eca-rers2012/Problem19_label07.yml	true	TIMEOUT	993.656758447	632.1549113219999	13682.888704	cloud-23933	OUT OF MEMORY	376.925406676	280.7752887979732	15000.047616	cloud-23980	OUT OF MEMORY	290.990804187	204.23206443697563	15000.182784	cloud-23942
eca-rers2012/Problem19_label08.yml	true	TIMEOUT	992.265981594	616.0715270029614	13686.304768	cloud-23939	TIMEOUT	992.354403256	639.8150514399749	13697.425408	cloud-23979	OUT OF MEMORY	292.017512797	211.63898292201338	15000.178688	cloud-23944
eca-rers2012/Problem19_label10.yml	false	TIMEOUT	991.501793702	647.2834402589942	13655.232512	cloud-23942	TIMEOUT	992.956861164	620.2483195950044	13724.839936	cloud-23982	OUT OF MEMORY	283.617383103	218.43460001601488	15000.047616	cloud-23979
eca-rers2012/Problem19_label11.yml	false	TIMEOUT	992.733531282	603.663772127009	13750.734848	cloud-23941	OUT OF MEMORY	310.789116676	219.68229425599566	15000.166400	cloud-23942	TIMEOUT	991.306886401	894.1198209949944	14034.915328	cloud-23943
eca-rers2012/Problem19_label13.yml	true	TIMEOUT	992.711938029	603.7361769779818	13714.526208	cloud-23942	TIMEOUT	992.734231294	613.0893723240006	13480.562688	cloud-23943	OUT OF MEMORY	380.839487961	275.8808000339777	15000.051712	cloud-23933
eca-rers2012/Problem19_label19.yml	false	TIMEOUT	992.724537289	616.2328263049712	13661.679616	cloud-23939	TIMEOUT	991.921769795	620.3124274139991	13699.473408	cloud-23940	OUT OF MEMORY	489.672377511	366.3869060429861	15000.055808	cloud-23982
eca-rers2012/Problem19_label24.yml	true	OUT OF MEMORY	293.802853999	209.4618368500378	15000.166400	cloud-23941	TIMEOUT	993.494918793	655.7730608370039	14911.762432	cloud-23938	TIMEOUT	992.219446475	859.2725599950063	13979.684864	cloud-23938
eca-rers2012/Problem19_label26.yml	false	TIMEOUT	992.468285784	628.2880657549831	13940.875264	cloud-23941	OUT OF MEMORY	309.490134861	220.27796592001687	15000.043520	cloud-23933	TIMEOUT	991.776675942	876.5447900189902	14233.849856	cloud-23938
eca-rers2012/Problem19_label28.yml	false	TIMEOUT	992.245775791	652.885828512	13695.942656	cloud-23933	OUT OF MEMORY	336.321035214	234.79035739801475	15000.039424	cloud-23938	TIMEOUT	991.741792299	865.340406680014	14007.312384	cloud-23933
eca-rers2012/Problem19_label35.yml	true	OUT OF MEMORY	322.030051044	244.4627689529998	15000.047616	cloud-23933	TIMEOUT	992.077699088	618.5131184519851	13673.656320	cloud-23943	TIMEOUT	991.147185585	904.3662728750205	14130.626560	cloud-23944
eca-rers2012/Problem19_label37.yml	true	TIMEOUT	992.365188215	614.8053985770093	12864.196608	cloud-23944	TIMEOUT	992.593544145	670.5808196029975	13986.975744	cloud-23982	OUT OF MEMORY	353.149524733	263.2965824120038	15000.178688	cloud-23940
eca-rers2012/Problem19_label39.yml	true	TIMEOUT	991.645333203	602.320373607974	13711.196160	cloud-23940	OUT OF MEMORY	340.692417892	239.7951605709968	15000.170496	cloud-23939	TIMEOUT	991.254833778	900.4226745229971	13964.320768	cloud-23942
eca-rers2012/Problem19_label40.yml	true	TIMEOUT	992.763160528	654.4836033009997	13622.861824	cloud-23933	OUT OF MEMORY	393.771448569	268.5603316670167	15000.047616	cloud-23982	TIMEOUT	991.256022214	895.3407961539924	14035.537920	cloud-23943
eca-rers2012/Problem19_label44.yml	true	TIMEOUT	992.858658689	665.959802145997	13702.868992	cloud-23979	TIMEOUT	990.806564073	619.840882635006	13679.460352	cloud-23940	OUT OF MEMORY	283.625142453	202.29208398397896	15000.170496	cloud-23944
eca-rers2012/Problem19_label45.yml	true	TIMEOUT	991.985839029	617.7129853669903	13701.038080	cloud-23942	TIMEOUT	992.430757383	625.2893958310015	13708.603392	cloud-23942	OUT OF MEMORY	271.505633346	195.8567844950012	15000.174592	cloud-23944
eca-rers2012/Problem19_label47.yml	false	TIMEOUT	991.835377567	598.4543196699815	13745.078272	cloud-23944	OUT OF MEMORY	358.167436851	254.6960209660174	15000.043520	cloud-23938	TIMEOUT	991.224841882	898.8597589860146	14016.069632	cloud-23940
eca-rers2018/Problem10.yml	false	false(unreach-call)	149.58655633	106.68096183499438	874.123264	cloud-23979	false(unreach-call)	173.278854568	130.74718828199548	861.233152	cloud-23980	TIMEOUT	990.386842123	957.646039705025	842.461184	cloud-23982
eca-rers2018/Problem11.yml	false	TIMEOUT	990.853998548	924.7204831889976	3010.822144	cloud-23933	ERROR (solver error, after parsing finished)	685.714627669	620.5844401089998	2516.156416	cloud-23982	TIMEOUT	990.682180836	927.0644994369941	2565.619712	cloud-23933
eca-rers2018/Problem17.yml	false	OUT OF MEMORY	806.314831511	555.2630101020331	15000.174592	cloud-23939	TIMEOUT	992.432564532	696.4982855400012	12944.101376	cloud-23980	OUT OF MEMORY	813.845480523	568.6057724260027	15000.154112	cloud-23943
psyco/psyco_abp_1-1.yml	false	false(unreach-call)	119.261944021	91.7645638119975	1160.966144	cloud-23933	false(unreach-call)	151.934061215	115.94548480102094	1265.831936	cloud-23982	TIMEOUT	990.263342239	969.9908229179855	818.630656	cloud-23980
psyco/psyco_abp_1-3.yml	true	true	102.77967372	81.24163574299746	811.036672	cloud-23933	true	98.432620454	76.93522597799893	782.266368	cloud-23979	TIMEOUT	990.328989898	966.9344828790054	829.100032	cloud-23982
psyco/psyco_io_1.yml	true	true	29.768635512	17.435728247000952	600.883200	cloud-24259	true	33.808512766	19.737440233991947	604.180480	cloud-23980	TIMEOUT	990.324862357	968.9723660099844	679.731200	cloud-23979
psyco/psyco_security.yml	true	true	28.331745027	16.929704510999727	602.411008	cloud-23933	true	27.596533933	16.415566999989096	605.016064	cloud-23980	TIMEOUT	990.302568828	972.2439805490139	658.370560	cloud-23979
