tool		Theta 6.17.6	Theta 6.17.6	Theta 6.17.6	Theta 6.17.6	Theta 6.17.6	Theta 6.17.6	Theta 6.17.6	Theta 6.17.6	Theta 6.17.6	Theta 6.17.6	Theta 6.17.6	Theta 6.17.6	Theta 6.17.6	Theta 6.17.6	Theta 6.17.6	Theta 6.17.6	Theta 6.17.6	Theta 6.17.6	Theta 6.17.6	Theta 6.17.6
run set		PredCart(900, true, true) -> KInd().SV-COMP25_unreach-call	PredCart(900, true, true) -> KInd().SV-COMP25_unreach-call	PredCart(900, true, true) -> KInd().SV-COMP25_unreach-call	PredCart(900, true, true) -> KInd().SV-COMP25_unreach-call	PredCart(900, true, true) -> KInd().SV-COMP25_unreach-call	PredCart(900, true) -> KInd().SV-COMP25_unreach-call	PredCart(900, true) -> KInd().SV-COMP25_unreach-call	PredCart(900, true) -> KInd().SV-COMP25_unreach-call	PredCart(900, true) -> KInd().SV-COMP25_unreach-call	PredCart(900, true) -> KInd().SV-COMP25_unreach-call	PredCart().SV-COMP25_unreach-call	PredCart().SV-COMP25_unreach-call	PredCart().SV-COMP25_unreach-call	PredCart().SV-COMP25_unreach-call	PredCart().SV-COMP25_unreach-call	KInd().SV-COMP25_unreach-call	KInd().SV-COMP25_unreach-call	KInd().SV-COMP25_unreach-call	KInd().SV-COMP25_unreach-call	KInd().SV-COMP25_unreach-call
sv-benchmarks/c/		status	cputime (s)	walltime (s)	memory (MB)	host	status	cputime (s)	walltime (s)	memory (MB)	host	status	cputime (s)	walltime (s)	memory (MB)	host	status	cputime (s)	walltime (s)	memory (MB)	host
openssl-simplified/s3_srvr_1b.cil.yml	true	true	22.455979492	12.546388982998906	582.000640	cloud-23933	true	22.109156613	12.221213887001795	633.966592	cloud-24643	true	25.832127066	14.114970271002676	602.677248	cloud-23979	true	31.294984128	18.32252059801249	597.454848	cloud-23933
locks/test_locks_10.yml	true	true	173.39176721	150.99746780999885	1134.108672	cloud-23933	TIMEOUT	990.429459178	965.0013333900024	661.766144	cloud-24643	ERROR (solver error, after parsing finished)	731.024537982	710.5341899510004	638.406656	cloud-23979	true	134.421972142	123.65002636201098	970.219520	cloud-23980
locks/test_locks_11.yml	true	true	279.894706965	261.52524843300125	1221.156864	cloud-23979	TIMEOUT	990.685136157	960.064846755	664.920064	cloud-24441	ERROR (solver error, after parsing finished)	732.896588018	711.1021750149994	689.311744	cloud-23933	true	287.898587244	273.7923547659884	1119.707136	cloud-23982
locks/test_locks_12.yml	true	true	445.194406748	421.3061482569992	1285.050368	cloud-23933	TIMEOUT	990.533100509	963.7036559219996	633.483264	cloud-24441	ERROR (solver error, after parsing finished)	732.140509615	711.7173166680004	792.727552	cloud-23979	true	452.462712233	435.9306978380191	1163.907072	cloud-23980
locks/test_locks_13.yml	true	true	591.48449816	568.8794214139998	1391.370240	cloud-24261	TIMEOUT	990.600839861	960.0333554520039	694.640640	cloud-24441	ERROR (solver error, after parsing finished)	732.039113682	711.0830064520051	692.207616	cloud-23979	true	656.444157682	638.4734433150152	1284.988928	cloud-23938
locks/test_locks_14-1.yml	true	TIMEOUT (ERROR (inner timeout, after parsing finished))	961.371732472	939.9626841649988	674.439168	cloud-23979	TIMEOUT	990.601657003	962.3052894130014	696.754176	cloud-24444	TIMEOUT (ERROR (inner timeout, after parsing finished))	929.366749574	908.4458997199981	671.690752	cloud-23979	TIMEOUT	990.318830768	974.2238606640021	688.451584	cloud-23938
locks/test_locks_14-2.yml	false	false(unreach-call)	27.175269562	14.64417259900074	601.702400	cloud-23933	false(unreach-call)	26.240747715	14.335373284993693	631.603200	cloud-24441	false(unreach-call)	22.188074302	11.937976108994917	606.380032	cloud-23979	false(unreach-call)	84.173625462	71.59157721401425	616.439808	cloud-23979
locks/test_locks_15-1.yml	false	false(unreach-call)	28.867763761	15.896540587000345	628.420608	cloud-23933	false(unreach-call)	24.28069974	13.371873773998232	600.928256	cloud-24643	false(unreach-call)	23.315530041	12.725358714000322	627.212288	cloud-23979	false(unreach-call)	109.612099309	97.0029782380152	610.373632	cloud-23933
locks/test_locks_15-2.yml	true	TIMEOUT (ERROR (inner timeout, after parsing finished))	972.955469409	947.6664149820008	758.800384	cloud-24261	TIMEOUT	990.705599715	960.214687615	667.717632	cloud-24444	TIMEOUT (ERROR (inner timeout, after parsing finished))	930.926905654	908.2610676629993	705.970176	cloud-23979	TIMEOUT	990.274579436	974.2322329529852	654.864384	cloud-23933
locks/test_locks_5.yml	true	true	22.30185418	12.507296523999685	598.458368	cloud-23979	true	23.265351471	12.817497381000067	611.971072	cloud-24643	true	18.961281938	10.549770457000704	607.494144	cloud-23940	true	30.878841558	17.449582424014807	559.263744	cloud-23979
locks/test_locks_6.yml	true	true	47.612839687	30.489040036000006	658.075648	cloud-24261	true	40.831296244	24.50163321099899	613.253120	cloud-24444	true	40.22620413	24.48142764699878	632.602624	cloud-24259	true	26.984352971	16.62600849600858	661.786624	cloud-23979
locks/test_locks_7.yml	true	true	49.62045604	34.02425535299699	713.453568	cloud-23979	true	56.354183028	40.7612550010017	642.633728	cloud-24444	true	68.222510015	51.579548679001164	634.236928	cloud-23933	true	44.447400411	31.0902045010007	634.945536	cloud-23982
locks/test_locks_8.yml	true	true	84.577500393	66.22595438600001	841.424896	cloud-23933	true	197.372620074	177.7892659499994	639.062016	cloud-24441	true	198.066293982	178.4927011539985	638.328832	cloud-23933	true	52.250718267	41.60581666600774	798.711808	cloud-23980
locks/test_locks_9.yml	true	true	120.72440613	100.80930205899995	914.898944	cloud-24261	true	778.858387279	748.8608291929995	782.737408	cloud-24441	true	672.305392969	652.6755503230015	779.325440	cloud-23979	true	96.191328243	82.73895219000406	953.765888	cloud-23982
ntdrivers/cdaudio.i.cil-1.yml	false	ERROR (frontend failed, before parsing finished)	6.297318485	3.4173837779999303	212.799488	cloud-24261	ERROR (frontend failed, before parsing finished)	6.501569505	3.4699302009976236	226.238464	cloud-24643	ERROR (frontend failed, before parsing finished)	7.803826028	4.164805858999898	216.846336	cloud-23933	ERROR (frontend failed, before parsing finished)	7.785378369	4.124300367984688	233.410560	cloud-23933
ntdrivers/diskperf.i.cil-1.yml	true	ERROR (frontend failed, before parsing finished)	6.770746624	3.58388280500003	218.275840	cloud-24261	ERROR (frontend failed, before parsing finished)	7.064772423	3.789904329001729	207.855616	cloud-24444	ERROR (frontend failed, before parsing finished)	5.886694534	3.1398359230006463	193.761280	cloud-23979	ERROR (frontend failed, before parsing finished)	5.701986697	3.075857514020754	206.913536	cloud-23939
ntdrivers/diskperf.i.cil-2.yml	false	ERROR (frontend failed, before parsing finished)	7.604472202	4.0244806299997435	195.362816	cloud-23979	ERROR (frontend failed, before parsing finished)	6.439082289	3.4254434989998117	196.169728	cloud-24444	ERROR (frontend failed, before parsing finished)	4.852860121	2.6147471759977634	194.916352	cloud-23940	ERROR (frontend failed, before parsing finished)	7.203110282	3.898226674005855	210.583552	cloud-23938
ntdrivers/floppy.i.cil-1.yml	false	ERROR (frontend failed, before parsing finished)	6.611711934	3.5473493760000565	219.344896	cloud-23933	ERROR (frontend failed, before parsing finished)	8.074037428	4.2895643189986	224.849920	cloud-24441	ERROR (frontend failed, before parsing finished)	8.187574242	4.30225607200191	216.125440	cloud-23933	ERROR (frontend failed, before parsing finished)	8.020133875	4.303504225012148	213.045248	cloud-23938
ntdrivers/floppy.i.cil-3.yml	true	ERROR (frontend failed, before parsing finished)	7.943113309	4.251745362998918	214.609920	cloud-23933	ERROR (frontend failed, before parsing finished)	8.62059727	4.587808395997854	220.262400	cloud-24441	ERROR (frontend failed, before parsing finished)	6.325501951	3.378382752001926	217.038848	cloud-23979	ERROR (frontend failed, before parsing finished)	8.444178663	4.497721324994927	214.384640	cloud-23938
ntdrivers/kbfiltr.i.cil-2.yml	false	ERROR (frontend failed, before parsing finished)	6.378630666	3.4718708760010486	243.769344	cloud-23933	ERROR (frontend failed, before parsing finished)	6.399659619	3.399870193999959	197.894144	cloud-24643	ERROR (frontend failed, before parsing finished)	4.525491282	2.4375886009997885	202.854400	cloud-23979	ERROR (frontend failed, before parsing finished)	4.672414326	2.5488611749897245	198.569984	cloud-23980
ntdrivers/parport.i.cil-1.yml	false	ERROR (frontend failed, before parsing finished)	7.96926054	4.215410895998502	229.568512	cloud-23933	ERROR (frontend failed, before parsing finished)	8.507967956	4.494944544996542	226.668544	cloud-24441	ERROR (frontend failed, before parsing finished)	8.791615073	4.633233579999796	252.420096	cloud-23933	ERROR (frontend failed, before parsing finished)	9.057361622	4.752448811021168	260.378624	cloud-23980
ntdrivers/parport.i.cil-2.yml	true	ERROR (frontend failed, before parsing finished)	6.161601635	3.3391225219999683	236.404736	cloud-24261	ERROR (frontend failed, before parsing finished)	8.5071633	4.517271905002417	232.669184	cloud-24643	ERROR (frontend failed, before parsing finished)	9.084422387	4.7579617139999755	232.521728	cloud-24259	ERROR (frontend failed, before parsing finished)	7.445916406	3.9783390700176824	237.789184	cloud-23979
memory-model/2SB.yml	false	ERROR (frontend failed, before parsing finished)	2.871997405	1.6241436880009132	122.081280	cloud-23979	ERROR (frontend failed, before parsing finished)	3.31054245	1.8548753119976027	132.046848	cloud-24444	ERROR (frontend failed, before parsing finished)	3.438936607	1.9419454829999268	131.665920	cloud-23933	ERROR (frontend failed, before parsing finished)	2.448147275	1.4243625230155885	132.300800	cloud-23980
memory-model/4SB.yml	false	ERROR (frontend failed, before parsing finished)	3.028995031	1.7448735199996008	123.506688	cloud-24261	ERROR (frontend failed, before parsing finished)	3.058288261	1.7286652280017734	132.706304	cloud-24643	ERROR (frontend failed, before parsing finished)	3.463753066	1.9760330200006138	130.801664	cloud-23933	ERROR (frontend failed, before parsing finished)	3.447389274	1.9612463229859713	131.399680	cloud-23933
unsignedintegeroverflow-sas23/bilinear_interpolation.yml	true	TIMEOUT	990.967980547	958.9058935010007	1820.606464	cloud-24261	TIMEOUT	990.720689119	963.0257551049581	1838.592000	cloud-23944	ERROR (solver error, after parsing finished)	734.755880655	717.4247574190013	1667.170304	cloud-23979	TIMEOUT	990.768582874	967.2654638770036	4466.397184	cloud-23979
unsignedintegeroverflow-sas23/cancel_var_through_overflow.yml	true	TIMEOUT	990.311301092	977.2194532640024	550.072320	cloud-23979	TIMEOUT	990.343596323	973.3335123009965	557.846528	cloud-24441	ERROR (solver error, after parsing finished)	764.558789716	752.8961620059999	612.855808	cloud-24259	TIMEOUT	990.232205403	977.7418494230078	560.054272	cloud-23982
unsignedintegeroverflow-sas23/distance_through_overflow.yml	true	true	18.940116194	10.396894572997553	590.589952	cloud-23933	true	19.37682064	10.837646339001367	599.732224	cloud-24643	true	23.517211188	12.938637539999036	575.062016	cloud-23933	TIMEOUT	990.23858182	978.2187469649944	523.288576	cloud-23980
unsignedintegeroverflow-sas23/linear_interpolation.yml	true	TIMEOUT	990.421011511	971.4326838870002	666.443776	cloud-24261	TIMEOUT	990.396105231	970.9175763469975	660.443136	cloud-24444	ERROR (solver error, after parsing finished)	730.59794139	715.7632449379998	649.371648	cloud-24259	TIMEOUT	990.289992147	975.0161262789916	617.672704	cloud-23979
unsignedintegeroverflow-sas23/linear_interpolation_2.yml	true	TIMEOUT	990.304694901	977.1691414499983	593.539072	cloud-23979	TIMEOUT	990.289527547	976.9810064310004	586.874880	cloud-24643	ERROR (solver error, after parsing finished)	722.555456979	710.8243424960019	593.502208	cloud-23979	TIMEOUT	990.271912956	974.8772314889939	577.560576	cloud-23938
longjmp/68-longjmp_04-counting-local_true.yml	true	ERROR (generic error, after parsing finished)	24.152400471	13.345140338002238	516.448256	cloud-23933	ERROR (generic error, after parsing finished)	25.153804337	13.907570144998317	578.691072	cloud-24643	ERROR (server error, after parsing finished)	19.50780454	10.575244179999572	563.044352	cloud-23979	ERROR (generic error, after parsing finished)	15.277217801	8.53622830400127	499.306496	cloud-23980
longjmp/68-longjmp_04-counting-local_unknown_1_neg.yml	false	ERROR (generic error, after parsing finished)	25.052259527	13.571793912997236	542.433280	cloud-24261	ERROR (generic error, after parsing finished)	19.497133304	10.705302814996685	515.788800	cloud-24643	ERROR (server error, after parsing finished)	17.489943998	9.697088700006134	554.680320	cloud-23979	ERROR (generic error, after parsing finished)	19.734686197	10.797397354996065	538.804224	cloud-23938
longjmp/68-longjmp_04-counting-local_unknown_1_pos.yml	false	ERROR (generic error, after parsing finished)	25.654317511	13.982520298999589	565.817344	cloud-23933	ERROR (generic error, after parsing finished)	21.114939566	11.72814037399803	536.780800	cloud-24643	ERROR (server error, after parsing finished)	23.728389913	13.16173915899708	553.500672	cloud-24259	ERROR (generic error, after parsing finished)	21.495341297	11.628856722993078	506.486784	cloud-23938
longjmp/68-longjmp_05-heap-counting-return-one-method_true.yml	true	ERROR (frontend failed, before parsing finished)	3.475311142	1.9752563190013461	193.097728	cloud-23933	ERROR (frontend failed, before parsing finished)	4.521575087	2.5430124349986727	182.312960	cloud-24444	ERROR (frontend failed, before parsing finished)	4.869077811	2.680954315001145	195.211264	cloud-23933	ERROR (frontend failed, before parsing finished)	4.554721504	2.561477334005758	153.444352	cloud-23933
longjmp/68-longjmp_05-heap-counting-return-one-method_unknown_1_neg.yml	false	ERROR (frontend failed, before parsing finished)	3.835103727	2.1009798619998037	158.855168	cloud-23979	ERROR (frontend failed, before parsing finished)	3.870513238	2.1900671509938547	153.780224	cloud-24441	ERROR (frontend failed, before parsing finished)	4.415494851	2.4356029459995625	182.845440	cloud-23933	ERROR (frontend failed, before parsing finished)	4.447160977	2.436731055000564	154.902528	cloud-23938
longjmp/68-longjmp_05-heap-counting-return-one-method_unknown_1_pos.yml	false	ERROR (frontend failed, before parsing finished)	5.237771993	2.8969801380007993	155.586560	cloud-24261	ERROR (frontend failed, before parsing finished)	4.301683149	2.413241886002652	153.784320	cloud-24441	ERROR (frontend failed, before parsing finished)	3.417352203	1.9207426789998863	157.949952	cloud-23979	ERROR (frontend failed, before parsing finished)	4.599365124	2.555549445009092	184.786944	cloud-23933
longjmp/68-longjmp_07-returns_true.yml	true	ERROR (generic error, after parsing finished)	22.059385441	12.056367344001046	581.554176	cloud-23979	ERROR (generic error, after parsing finished)	23.545574998	13.061719066994556	599.814144	cloud-24444	ERROR (server error, after parsing finished)	22.544554984	12.616210280000814	523.231232	cloud-24259	ERROR (generic error, after parsing finished)	18.548792977	10.113273113995092	470.654976	cloud-23979
longjmp/68-longjmp_11-counting-return_true.yml	true	ERROR (generic error, after parsing finished)	27.429246742	14.966300284000681	576.659456	cloud-23933	ERROR (generic error, after parsing finished)	24.372706279	13.271609568997519	578.322432	cloud-24643	ERROR (server error, after parsing finished)	17.42658127	9.593538805002026	526.286848	cloud-23979	ERROR (generic error, after parsing finished)	16.652231403	9.043214628007263	502.390784	cloud-23980
longjmp/68-longjmp_11-counting-return_unknown_1_neg.yml	false	ERROR (generic error, after parsing finished)	20.319947909	11.32760463500017	561.209344	cloud-23979	ERROR (generic error, after parsing finished)	27.078948525	14.7911601779997	546.926592	cloud-24441	ERROR (server error, after parsing finished)	17.612598117	9.59696388500015	551.350272	cloud-23979	ERROR (generic error, after parsing finished)	15.679822008	8.840894449996995	516.169728	cloud-23980
longjmp/68-longjmp_11-counting-return_unknown_1_pos.yml	false	ERROR (generic error, after parsing finished)	20.829647436	11.429649603000144	549.494784	cloud-23979	ERROR (generic error, after parsing finished)	26.197162838	14.624389152995718	580.866048	cloud-24643	ERROR (server error, after parsing finished)	19.769698112	10.762186480998935	562.962432	cloud-23933	ERROR (generic error, after parsing finished)	16.307400138	9.56494189798832	512.765952	cloud-23980
longjmp/68-longjmp_12-counting-global_true.yml	true	ERROR (generic error, after parsing finished)	27.932377437	15.110544540999399	558.604288	cloud-23933	ERROR (generic error, after parsing finished)	21.823873093	11.898683745996095	583.880704	cloud-24643	ERROR (server error, after parsing finished)	24.821094168	13.517671057999905	536.838144	cloud-23933	ERROR (generic error, after parsing finished)	20.714394938	11.467407921998529	474.685440	cloud-23982
longjmp/68-longjmp_12-counting-global_unknown_1_neg.yml	false	ERROR (generic error, after parsing finished)	21.125315591	11.566195571998833	569.929728	cloud-24261	ERROR (generic error, after parsing finished)	25.744214879	14.168573207000009	584.327168	cloud-24444	ERROR (server error, after parsing finished)	17.864400039	9.754030181999951	513.122304	cloud-23933	ERROR (generic error, after parsing finished)	21.469877488	12.05277865199605	500.559872	cloud-23938
longjmp/68-longjmp_12-counting-global_unknown_1_pos.yml	false	ERROR (generic error, after parsing finished)	21.552576654	11.871838917999412	558.272512	cloud-23979	ERROR (generic error, after parsing finished)	21.82002857	11.988707718999649	567.562240	cloud-24643	ERROR (server error, after parsing finished)	18.545849241	10.188264393000281	539.451392	cloud-23979	ERROR (generic error, after parsing finished)	21.592088636	11.755281122983433	488.513536	cloud-23982
longjmp/68-longjmp_13-counting-local_true.yml	true	ERROR (generic error, after parsing finished)	26.101247403	14.217485845001647	543.162368	cloud-23933	ERROR (generic error, after parsing finished)	30.386472786	16.408849616000225	579.141632	cloud-24441	ERROR (server error, after parsing finished)	21.855591997	11.952775925004971	556.048384	cloud-23933	ERROR (generic error, after parsing finished)	19.170027791	10.576560023997445	461.029376	cloud-23933
longjmp/68-longjmp_13-counting-local_unknown_1_neg.yml	false	ERROR (generic error, after parsing finished)	19.464823671	10.819622623999749	556.113920	cloud-23979	ERROR (generic error, after parsing finished)	25.526451097	14.009622022000258	564.965376	cloud-24643	ERROR (server error, after parsing finished)	19.079715334	10.354396226000063	538.140672	cloud-23979	ERROR (generic error, after parsing finished)	23.955711638	12.870270849001827	495.071232	cloud-23982
longjmp/68-longjmp_13-counting-local_unknown_1_pos.yml	false	ERROR (generic error, after parsing finished)	21.720410701	12.15066759399997	581.091328	cloud-23933	ERROR (generic error, after parsing finished)	22.653066534	12.41528459699839	533.315584	cloud-24643	ERROR (server error, after parsing finished)	18.849730182	10.350115897999785	538.263552	cloud-23979	ERROR (generic error, after parsing finished)	19.249240461	10.640699745999882	509.476864	cloud-23979
longjmp/68-longjmp_14-counting-return-one-method_true.yml	true	ERROR (generic error, after parsing finished)	20.723356171	11.456168852000701	567.726080	cloud-23979	ERROR (generic error, after parsing finished)	21.738036762	11.771905214998696	534.261760	cloud-24643	ERROR (server error, after parsing finished)	20.246984479	10.94615084399993	511.844352	cloud-23933	ERROR (generic error, after parsing finished)	18.880865482	10.220635770005174	514.596864	cloud-23980
longjmp/68-longjmp_14-counting-return-one-method_unknown_1_neg.yml	false	ERROR (generic error, after parsing finished)	25.783400697	14.211813973999597	513.347584	cloud-23933	ERROR (generic error, after parsing finished)	28.276757042	15.295343142999627	537.251840	cloud-24441	ERROR (server error, after parsing finished)	20.896543048	11.441417319998436	537.751552	cloud-23979	ERROR (generic error, after parsing finished)	18.049727047	9.85780772002181	507.858944	cloud-23979
longjmp/68-longjmp_14-counting-return-one-method_unknown_1_pos.yml	false	ERROR (generic error, after parsing finished)	21.692969247	11.882607699999426	582.590464	cloud-23979	ERROR (generic error, after parsing finished)	21.501684584	12.162691441997595	573.607936	cloud-24643	ERROR (server error, after parsing finished)	17.045091375	14.24496661000012	564.338688	cloud-23944	ERROR (generic error, after parsing finished)	16.27084617	8.901452039019205	515.125248	cloud-23933
longjmp/68-longjmp_15-counting-global-one-method_true.yml	true	ERROR (generic error, after parsing finished)	27.191746606	14.725667557002453	528.338944	cloud-23933	ERROR (generic error, after parsing finished)	25.285470766	13.780920782002795	512.368640	cloud-24444	ERROR (server error, after parsing finished)	18.438266781	10.035813236005197	500.903936	cloud-23933	ERROR (generic error, after parsing finished)	21.721952554	11.56560479599284	515.588096	cloud-23933
longjmp/68-longjmp_15-counting-global-one-method_unknown_1_neg.yml	false	ERROR (generic error, after parsing finished)	23.308039009	13.142809554999985	504.328192	cloud-23979	ERROR (generic error, after parsing finished)	21.939313806	12.354511748999357	560.693248	cloud-24441	ERROR (server error, after parsing finished)	18.121461087	10.026115610999113	554.614784	cloud-23979	ERROR (generic error, after parsing finished)	21.183410824	11.406615671003237	492.158976	cloud-23980
longjmp/68-longjmp_15-counting-global-one-method_unknown_1_pos.yml	false	ERROR (generic error, after parsing finished)	22.099766391	12.206556455999817	572.284928	cloud-23979	ERROR (generic error, after parsing finished)	23.209077403	12.946051091006666	555.118592	cloud-24643	ERROR (server error, after parsing finished)	22.669890644	12.304284697005642	523.788288	cloud-24259	ERROR (generic error, after parsing finished)	21.711635751	11.951039613981266	496.541696	cloud-23982
longjmp/68-longjmp_16-counting-local-one-method_true.yml	true	ERROR (generic error, after parsing finished)	19.916211892	11.181151679998948	542.904320	cloud-23979	ERROR (generic error, after parsing finished)	25.075756868	13.756180007003422	565.641216	cloud-24441	ERROR (server error, after parsing finished)	21.650270698	11.792782140000782	555.487232	cloud-23933	ERROR (generic error, after parsing finished)	23.720266389	13.17299114499474	467.390464	cloud-23982
longjmp/68-longjmp_16-counting-local-one-method_unknown_1_neg.yml	false	ERROR (generic error, after parsing finished)	25.026564708	13.633269698000731	558.792704	cloud-24261	ERROR (generic error, after parsing finished)	20.789774646	11.616385097000602	544.219136	cloud-24643	ERROR (server error, after parsing finished)	16.079532729	8.889494799999738	539.557888	cloud-23979	ERROR (generic error, after parsing finished)	27.078421923	14.710852310992777	509.595648	cloud-23938
longjmp/68-longjmp_16-counting-local-one-method_unknown_1_pos.yml	false	ERROR (generic error, after parsing finished)	20.034622912	11.216044753997267	576.471040	cloud-23979	ERROR (generic error, after parsing finished)	26.622886705	14.302655534003861	567.595008	cloud-24444	ERROR (server error, after parsing finished)	22.628897727	12.34334440600287	539.631616	cloud-24259	ERROR (generic error, after parsing finished)	21.22684927	11.553698478994193	479.846400	cloud-23982
longjmp/68-longjmp_18-simple-else_true.yml	true	ERROR (generic error, after parsing finished)	30.878406996	16.46575379099886	603.021312	cloud-23933	ERROR (generic error, after parsing finished)	28.794051518	15.679805604999274	547.614720	cloud-24441	ERROR (server error, after parsing finished)	24.748070177	13.370963902999392	571.437056	cloud-23933	ERROR (generic error, after parsing finished)	19.837906052	10.829397883993806	500.002816	cloud-23980
longjmp/68-longjmp_18-simple-else_unknown_1_neg.yml	false	ERROR (generic error, after parsing finished)	31.735682919	17.162301100999684	562.503680	cloud-23933	ERROR (generic error, after parsing finished)	29.834566843	16.07914166699993	643.330048	cloud-24643	ERROR (server error, after parsing finished)	20.18123318	11.08668659900286	611.405824	cloud-23941	ERROR (generic error, after parsing finished)	16.094194846	8.772911220003152	510.779392	cloud-23944
longjmp/68-longjmp_18-simple-else_unknown_1_pos.yml	false	ERROR (generic error, after parsing finished)	24.301671128	13.311258941997949	557.838336	cloud-24261	ERROR (generic error, after parsing finished)	29.127317981	15.557364176002011	581.902336	cloud-24441	ERROR (server error, after parsing finished)	15.425103627	8.530336750998686	541.388800	cloud-23939	ERROR (generic error, after parsing finished)	21.142806339	11.413479945011204	489.066496	cloud-23979
longjmp/68-longjmp_18-simple-else_unknown_2_neg.yml	false	ERROR (generic error, after parsing finished)	29.980080649	16.225871280999854	559.398912	cloud-23933	ERROR (generic error, after parsing finished)	36.596499737	19.673837010996067	551.477248	cloud-24441	ERROR (server error, after parsing finished)	23.975695485	12.849813174999781	550.596608	cloud-23933	ERROR (generic error, after parsing finished)	22.459455793	12.226455409982009	515.452928	cloud-23933
longjmp/68-longjmp_18-simple-else_unknown_2_pos.yml	false	ERROR (generic error, after parsing finished)	23.261575627	12.6549112290013	559.665152	cloud-23979	ERROR (generic error, after parsing finished)	23.169094775	12.634555782999087	613.068800	cloud-24643	ERROR (server error, after parsing finished)	21.109707009	11.787267895000014	550.256640	cloud-23933	ERROR (generic error, after parsing finished)	22.54936057	12.321376220992533	521.302016	cloud-23979
longjmp/68-longjmp_19-simpler_true.yml	true	ERROR (generic error, after parsing finished)	26.211959813	14.530703603000802	552.816640	cloud-24261	ERROR (generic error, after parsing finished)	21.795692246	12.146809946003486	589.688832	cloud-24643	ERROR (server error, after parsing finished)	23.928702334	12.844461026000317	572.887040	cloud-23933	ERROR (generic error, after parsing finished)	19.527379631	10.689168899989454	545.742848	cloud-23933
longjmp/68-longjmp_20-simpler-multifun_true.yml	true	ERROR (generic error, after parsing finished)	21.679602999	12.069947750998836	562.298880	cloud-24261	ERROR (generic error, after parsing finished)	28.351012071	15.602418248003232	547.184640	cloud-24444	ERROR (server error, after parsing finished)	23.122210458	12.449623652999435	584.916992	cloud-23979	ERROR (generic error, after parsing finished)	18.980057996	10.75758056298946	515.166208	cloud-23980
longjmp/68-longjmp_21-multifun_true.yml	true	ERROR (generic error, after parsing finished)	26.496266859	14.188497417999315	552.321024	cloud-23933	ERROR (generic error, after parsing finished)	26.599309007	14.538629623995803	578.965504	cloud-24444	ERROR (server error, after parsing finished)	23.452954409	12.545869137997215	546.852864	cloud-23933	ERROR (generic error, after parsing finished)	21.344612406	11.624702928995248	525.893632	cloud-23979
longjmp/68-longjmp_22-multifun-arg_true.yml	true	ERROR (generic error, after parsing finished)	30.190513115	16.31755929800056	617.467904	cloud-23933	ERROR (generic error, after parsing finished)	30.146284841	16.699876840997604	591.646720	cloud-24643	ERROR (server error, after parsing finished)	27.047933189	14.652256231000138	597.901312	cloud-23933	ERROR (generic error, after parsing finished)	20.302539431	10.977497601008508	496.881664	cloud-23979
longjmp/68-longjmp_42-poison-reduced_true.yml	true	ERROR (frontend failed, before parsing finished)	4.09304776	2.251131496999733	184.037376	cloud-23979	ERROR (frontend failed, before parsing finished)	3.425708135	1.9428821110050194	195.956736	cloud-24643	ERROR (frontend failed, before parsing finished)	3.913182854	2.1642140679978183	157.646848	cloud-24259	ERROR (frontend failed, before parsing finished)	4.142418787	2.252753679989837	156.463104	cloud-23980
longjmp/68-longjmp_44-simple-else-path_true.yml	true	ERROR (generic error, after parsing finished)	24.169974485	13.248384383001394	566.681600	cloud-24261	ERROR (generic error, after parsing finished)	25.111081296	13.71748788900004	603.910144	cloud-24643	ERROR (server error, after parsing finished)	24.440464139	13.19709523200072	594.964480	cloud-23933	ERROR (generic error, after parsing finished)	21.866927725	12.25265759701142	518.017024	cloud-23980
longjmp/68-longjmp_51-worries_true.yml	true	ERROR (generic error, after parsing finished)	27.535584574	14.972354110999731	569.057280	cloud-24261	ERROR (generic error, after parsing finished)	26.505408554	14.340890810999554	544.411648	cloud-24441	ERROR (server error, after parsing finished)	19.830817255	10.69929907599726	570.593280	cloud-23979	ERROR (generic error, after parsing finished)	26.141579609	14.198551150009735	501.792768	cloud-23982
loops/array-1.yml	true	true	22.421761047	12.342070817001513	522.272768	cloud-23933	true	25.675050107	14.125161255999046	525.889536	cloud-24444	true	23.215853158	12.882748875003017	528.912384	cloud-23933	ERROR (server error, after parsing finished)	21.651055598	12.104688010003883	463.364096	cloud-23982
loops/array-2.yml	false	false(unreach-call)	22.093018057	12.405513817999235	533.917696	cloud-23933	false(unreach-call)	23.668634881	13.160192586998164	537.538560	cloud-24441	false(unreach-call)	21.457496544	11.51061430900154	566.231040	cloud-23979	ERROR (server error, after parsing finished)	19.786502512	10.965432592987781	464.183296	cloud-23938
loops/bubble_sort-2.yml	false	ERROR (frontend failed, before parsing finished)	3.039683487	1.7179965060022369	130.912256	cloud-23933	ERROR (frontend failed, before parsing finished)	3.141640403	1.8025446649990045	130.220032	cloud-24444	ERROR (frontend failed, before parsing finished)	2.995404338	1.7455048990013893	135.905280	cloud-23979	ERROR (frontend failed, before parsing finished)	2.596502761	1.4656632639816962	127.639552	cloud-23980
loops/compact.yml	false	false(unreach-call)	22.355372841	13.110365198997897	542.232576	cloud-23979	false(unreach-call)	27.124007998	15.21722079799656	535.568384	cloud-24441	false(unreach-call)	23.102862955	13.056661712999812	575.000576	cloud-23979	ERROR (server error, after parsing finished)	19.98514824	10.899656647990923	462.213120	cloud-23938
loops/count_up_down-1.yml	true	TIMEOUT (ERROR (inner timeout, after parsing finished))	958.560441298	939.7424411960019	703.025152	cloud-23933	TIMEOUT (ERROR (inner timeout, after parsing finished))	938.779143551	923.4502817129996	711.999488	cloud-24643	ERROR (server error, after parsing finished)	37.217078692	26.946491403000437	712.056832	cloud-23979	TIMEOUT	990.178926392	978.0531257019902	630.231040	cloud-23982
loops/count_up_down-2.yml	false	false(unreach-call)	22.719234373	12.346937170999809	600.625152	cloud-23933	false(unreach-call)	20.368440244	11.141300995004713	588.353536	cloud-24643	false(unreach-call)	19.352123499	10.8239680580009	589.967360	cloud-23979	false(unreach-call)	16.291542098	9.228559827024583	555.630592	cloud-23980
loops/eureka_01-2.yml	true	TIMEOUT (ERROR (server error, after parsing finished))	936.881172552	909.6796414640012	2836.418560	cloud-23942	TIMEOUT (ERROR (server error, after parsing finished))	949.267762981	913.7288785550008	2579.251200	cloud-24441	ERROR (solver error, after parsing finished)	748.734593858	716.5352265170004	2423.250944	cloud-23933	ERROR (server error, after parsing finished)	19.562133911	10.664523198007373	524.029952	cloud-23933
loops/eureka_05.yml	true	TIMEOUT	991.712064131	522.7916975560001	2129.817600	cloud-24261	TIMEOUT	991.109035401	525.7875880620013	2100.592640	cloud-24441	TIMEOUT	991.050006474	526.5661593429977	2111.086592	cloud-24259	ERROR (server error, after parsing finished)	17.481392455	9.74430153297726	536.891392	cloud-23933
loops/for_bounded_loop1.yml	false	false(unreach-call)	23.024119362	12.622825279999233	552.173568	cloud-23933	false(unreach-call)	16.299384294	9.297572060997481	557.002752	cloud-23943	false(unreach-call)	20.790182387	11.698739168998145	601.178112	cloud-23979	false(unreach-call)	23.981621504	13.187745662988164	558.010368	cloud-23933
loops/for_infinite_loop_1.yml	true	true	21.381750173	11.712071199001002	554.807296	cloud-23933	true	22.083489698	11.961500276996958	615.305216	cloud-24643	true	21.581915677	11.74054919199989	531.587072	cloud-23933	true	19.413932993	10.984345047996612	539.848704	cloud-23933
loops/for_infinite_loop_2.yml	true	true	17.239318986	9.53047048899316	598.622208	cloud-23979	true	19.978415654	11.134983889998693	555.716608	cloud-24444	true	17.615985051	9.675663523000367	536.592384	cloud-23979	true	19.825864691	11.20046866600751	541.364224	cloud-23979
loops/heavy-1.yml	false	TIMEOUT (ERROR (server error, after parsing finished))	934.169734247	911.3558513200005	909.344768	cloud-24261	TIMEOUT (ERROR (server error, after parsing finished))	927.647392397	909.2969814729986	820.973568	cloud-24643	ERROR (solver error, after parsing finished)	727.568857221	711.4512438140009	753.561600	cloud-23933	ERROR (server error, after parsing finished)	19.684287005	10.853611081984127	484.122624	cloud-23979
loops/heavy-2.yml	true	true	21.132860955	11.666801601997577	514.404352	cloud-23933	true	22.015609676	12.151262449995556	552.644608	cloud-24643	true	19.062320844	10.43851860599898	510.279680	cloud-23979	ERROR (server error, after parsing finished)	15.787396908	8.83686892100377	473.845760	cloud-23980
loops/insertion_sort-1-2.yml	false	TIMEOUT (ERROR (server error, after parsing finished))	929.439695617	910.972613512	664.199168	cloud-23933	TIMEOUT (ERROR (server error, after parsing finished))	934.742349477	912.4915182149998	725.966848	cloud-24441	ERROR (solver error, after parsing finished)	736.790024651	720.0051237450025	673.148928	cloud-24259	ERROR (server error, after parsing finished)	17.074636293	9.485650101996725	539.201536	cloud-23980
loops/insertion_sort-2-2.yml	true	TIMEOUT (ERROR (server error, after parsing finished))	929.722937061	910.2374738430008	739.704832	cloud-23979	TIMEOUT (ERROR (server error, after parsing finished))	937.553627689	911.7285406250012	971.689984	cloud-24444	ERROR (verification stuck, after parsing finished)	102.370272599	85.4179588679981	726.376448	cloud-24259	ERROR (server error, after parsing finished)	19.26502788	10.616016209009103	532.328448	cloud-23982
loops/invert_string-1.yml	false	false(unreach-call)	26.331709074	14.91320959099994	625.422336	cloud-24261	false(unreach-call)	25.072034001	14.092955307000011	637.014016	cloud-24643	false(unreach-call)	26.256245501	14.963303868000366	607.641600	cloud-23979	ERROR (server error, after parsing finished)	18.938971922	10.334121986990795	516.304896	cloud-23933
loops/invert_string-3.yml	true	TIMEOUT	992.002151518	609.3313763580009	2049.986560	cloud-24261	TIMEOUT	991.478080177	621.6091783220036	2085.519360	cloud-24643	TIMEOUT	991.661512694	617.9034552679996	2081.005568	cloud-23933	ERROR (server error, after parsing finished)	18.380600713	10.095328602998052	469.200896	cloud-23979
loops/linear_sea.ch.yml	true	ERROR (generic error, after parsing finished)	23.719810686	12.961648403001163	558.862336	cloud-23933	ERROR (generic error, after parsing finished)	25.830171639	14.132924038996862	516.976640	cloud-24643	ERROR (server error, after parsing finished)	20.000758117	11.300204464001581	652.697600	cloud-23979	ERROR (generic error, after parsing finished)	17.919785562	9.932747949991608	525.443072	cloud-23940
loops/linear_search.yml	false	ERROR (generic error, after parsing finished)	23.678153169	12.906788996002433	515.534848	cloud-23933	ERROR (generic error, after parsing finished)	24.066486512	13.431496227000025	580.481024	cloud-24444	ERROR (server error, after parsing finished)	20.76946593	11.454117532000055	528.363520	cloud-23979	ERROR (generic error, after parsing finished)	17.646084018	9.79683633899549	509.005824	cloud-23979
loops/lu.cmp.yml	true	ERROR (frontend failed, before parsing finished)	2.68972195	1.565849631002493	110.960640	cloud-23933	ERROR (frontend failed, before parsing finished)	2.859012416	1.5987057380043552	120.127488	cloud-24643	ERROR (frontend failed, before parsing finished)	3.215897761	1.8648812930041458	110.239744	cloud-23933	ERROR (frontend failed, before parsing finished)	3.078909395	1.7960211799945682	111.497216	cloud-23982
loops/ludcmp.yml	false	ERROR (frontend failed, before parsing finished)	2.428351929	1.3961028609992354	120.651776	cloud-23979	ERROR (frontend failed, before parsing finished)	2.210162319	1.2786346319990116	109.461504	cloud-24643	ERROR (frontend failed, before parsing finished)	3.045153188	1.7135629290060024	119.840768	cloud-23979	ERROR (frontend failed, before parsing finished)	2.871698809	1.6562300119840074	118.845440	cloud-23982
loops/matrix-1.yml	true	ERROR (frontend failed, before parsing finished)	2.325261049	1.3437853340001311	112.332800	cloud-24261	ERROR (frontend failed, before parsing finished)	2.894326079	1.640791165002156	111.038464	cloud-24444	ERROR (frontend failed, before parsing finished)	2.898142503	1.6384441350000998	111.915008	cloud-23933	ERROR (frontend failed, before parsing finished)	2.616395719	1.5049059659941122	110.833664	cloud-23979
loops/matrix-2-2.yml	false	ERROR (frontend failed, before parsing finished)	2.478057222	1.4461575299992546	101.376000	cloud-23979	ERROR (frontend failed, before parsing finished)	2.044970036	1.216562970999803	101.490688	cloud-24643	ERROR (frontend failed, before parsing finished)	2.910478195	1.700463500999831	112.041984	cloud-23933	ERROR (frontend failed, before parsing finished)	2.441598262	1.4098510279727634	112.525312	cloud-23933
loops/n.c11.yml	true	true	19.212538728	10.52343106400076	571.502592	cloud-23933	true	23.519430984	12.847198613999353	557.707264	cloud-24444	true	23.532452153	12.989891600998817	553.316352	cloud-23933	ERROR (server error, after parsing finished)	20.52247417	11.366770456981612	468.676608	cloud-23933
loops/n.c24.yml	false	ERROR (frontend failed, before parsing finished)	2.755400008	1.6055658510013018	130.363392	cloud-23979	ERROR (frontend failed, before parsing finished)	4.059436731	2.25785160900341	141.148160	cloud-24444	ERROR (frontend failed, before parsing finished)	3.131173399	1.8012771559951943	141.127680	cloud-23979	ERROR (frontend failed, before parsing finished)	4.302429668	2.438278307992732	141.213696	cloud-23982
loops/n.c40.yml	true	true	30.165032674	16.96368241499931	887.156736	cloud-24261	true	26.119123393	14.463302875003137	961.699840	cloud-24444	true	29.064534216	16.33962026500012	971.001856	cloud-23933	ERROR (server error, after parsing finished)	17.946959906	10.056368406978436	468.602880	cloud-23979
loops/nec11.yml	false	false(unreach-call)	22.993084409	12.661605358000088	518.418432	cloud-23979	false(unreach-call)	25.234859673	14.021683478997147	523.169792	cloud-24441	false(unreach-call)	25.016555699	13.786982689001889	561.700864	cloud-24259	ERROR (server error, after parsing finished)	14.151451528	7.939741204987513	511.242240	cloud-23944
loops/nec20.yml	false	false(unreach-call)	20.240156451	11.052576443002181	555.909120	cloud-23933	false(unreach-call)	22.204491349	12.376817094998842	548.007936	cloud-24444	false(unreach-call)	26.088543491	14.222642726999766	570.019840	cloud-23933	ERROR (server error, after parsing finished)	21.18908827	11.552471784991212	459.816960	cloud-23980
loops/nec40.yml	true	true	26.895578814	15.252688716999728	907.321344	cloud-24261	true	27.797174697	15.351000652999574	873.046016	cloud-24444	true	28.646369388	15.922345849001431	862.150656	cloud-23933	ERROR (server error, after parsing finished)	20.910888508	11.426803428010317	523.517952	cloud-23933
loops/string-1.yml	true	true	22.411849995	12.42663347100006	536.412160	cloud-24261	true	21.359210655	12.018645475996891	567.164928	cloud-24643	true	24.337669331	13.309440872002597	576.524288	cloud-23933	ERROR (server error, after parsing finished)	23.524145802	12.897927334997803	504.700928	cloud-23982
loops/string-2.yml	false	ERROR (server error, after parsing finished)	28.960691074	17.268399156997475	583.012352	cloud-23979	ERROR (server error, after parsing finished)	28.796652342	16.510714869000367	595.374080	cloud-24444	ERROR (server error, after parsing finished)	28.734381953	17.063253588006773	580.124672	cloud-23933	ERROR (server error, after parsing finished)	19.426872689	10.990094704990042	513.654784	cloud-23980
loops/sum01-2.yml	true	true	21.727254875	12.14808779499981	596.086784	cloud-23979	true	24.513485292	13.273827735996747	591.458304	cloud-24441	true	20.431187644	11.328408612003841	588.455936	cloud-23979	TIMEOUT	990.458372255	974.860354991979	1966.989312	cloud-23982
loops/sum01_bug02.yml	false	false(unreach-call)	24.38724758	13.262431586997991	581.713920	cloud-23933	false(unreach-call)	28.400821398	15.391559101000894	587.132928	cloud-24441	false(unreach-call)	29.284985532	15.79004947800422	560.140288	cloud-24259	false(unreach-call)	21.372773444	11.669091760995798	552.947712	cloud-23933
loops/sum03-1.yml	false	TIMEOUT	990.292875199	973.5709327270015	603.619328	cloud-23933	TIMEOUT	990.398509051	970.208095451002	620.728320	cloud-24441	ERROR (solver error, after parsing finished)	724.621725756	711.6241882389995	616.861696	cloud-23979	TIMEOUT	990.24673368	976.6626916399982	565.084160	cloud-23982
loops/sum03-2.yml	true	true	248.539578152	236.34814549400107	592.474112	cloud-23979	true	213.082850947	201.40162379400135	546.902016	cloud-24444	ERROR (server error, after parsing finished)	34.688703318	22.784092511996278	591.265792	cloud-24259	true	214.629023389	203.88369550200878	591.945728	cloud-23979
loops/sum04-1.yml	false	false(unreach-call)	27.326814744	14.693078395999692	589.959168	cloud-23933	false(unreach-call)	21.115039563	11.48240510100004	546.766848	cloud-24441	false(unreach-call)	21.386917106	12.112156417002552	587.669504	cloud-23942	false(unreach-call)	26.50834316	14.748708650993649	542.838784	cloud-23982
loops/sum04-2.yml	true	true	18.350787829	10.032547548000366	563.990528	cloud-23979	true	23.869667358	13.040190936000727	584.933376	cloud-24444	true	28.211297522	15.413167660000909	590.065664	cloud-24259	true	20.35485135	11.153943974000867	571.527168	cloud-23979
loops/sum_array-2-2.yml	true	TIMEOUT (ERROR (server error, after parsing finished))	910.653362665	893.4840148339972	645.165056	cloud-23933	TIMEOUT (ERROR (server error, after parsing finished))	941.369903074	913.3939742190014	908.300288	cloud-24643	ERROR (solver error, after parsing finished)	730.312893485	711.5008906970002	719.159296	cloud-23933	ERROR (server error, after parsing finished)	20.418073611	11.081474555976456	544.010240	cloud-23980
loops/terminator_01.yml	false	false(unreach-call)	22.387391515	12.472744558999693	512.135168	cloud-23933	false(unreach-call)	22.692710058	12.164111727004638	512.528384	cloud-24643	false(unreach-call)	24.347398321	13.38724266400095	551.903232	cloud-24259	ERROR (server error, after parsing finished)	17.343816411	9.50526287901448	467.845120	cloud-23933
loops/terminator_02-2.yml	true	true	18.489264593	10.573070346999884	572.313600	cloud-23979	true	27.514447246	14.724614442995517	623.235072	cloud-24643	true	22.528132172	12.643060358001094	597.741568	cloud-23933	true	18.221629025	9.986664646014106	561.553408	cloud-23980
loops/terminator_02-2_abstracted.yml	true	true	20.816874538	11.720363806001842	593.428480	cloud-24261	true	21.51968177	11.795558612000605	544.276480	cloud-24444	true	20.793151437	11.327562446000229	547.692544	cloud-24259	ERROR (server error, after parsing finished)	21.590262657	11.876533365022624	520.724480	cloud-23938
loops/terminator_03-2.yml	true	true	19.917527251	11.186114603999158	595.668992	cloud-23979	true	22.428276448	12.27012502800062	583.372800	cloud-24643	true	21.484860248	11.740655990004598	567.418880	cloud-23933	true	20.689876593	11.366108540998539	525.664256	cloud-23938
loops/terminator_03-2_abstracted.yml	true	true	19.327757442	10.704638339997473	605.306880	cloud-23933	true	19.812205477	11.073554709000746	613.130240	cloud-24444	true	23.337016426	12.782395096000982	587.542528	cloud-23933	true	26.791348468	14.672556024015648	547.377152	cloud-23982
loops/trex01-1.yml	false	false(unreach-call)	25.090294821	13.732391267996718	587.517952	cloud-23933	false(unreach-call)	21.28635548	11.643207406999863	589.856768	cloud-24441	false(unreach-call)	21.144201998	11.623959992000891	549.195776	cloud-23979	false(unreach-call)	25.477139373	14.117404756019823	541.732864	cloud-23938
loops/trex01-2.yml	true	true	24.46945875	13.311246350000147	565.116928	cloud-23933	true	24.41533572	13.211944006998237	576.081920	cloud-24444	true	18.73646162	10.45309135899879	581.353472	cloud-23979	true	26.539754545	14.51667950101546	579.178496	cloud-23933
loops/trex02-1.yml	true	true	19.031044472	10.477469718000066	528.601088	cloud-24261	true	21.412851008	11.57719589000044	531.271680	cloud-24643	true	25.311746652	13.689934829000777	524.259328	cloud-23933	true	18.07260286	9.926261997024994	487.292928	cloud-23979
loops/trex02-2.yml	false	false(unreach-call)	21.174156908	11.866365985999892	560.414720	cloud-24261	false(unreach-call)	21.052715741	11.593475857000158	555.376640	cloud-24441	false(unreach-call)	25.21763269	13.597867263000808	568.762368	cloud-24259	false(unreach-call)	23.561937006	12.837539704982191	497.180672	cloud-23933
loops/trex03-1.yml	false	false(unreach-call)	19.667940977	10.80600573799893	591.466496	cloud-23979	false(unreach-call)	22.143378791	12.222329166001145	590.929920	cloud-24441	false(unreach-call)	22.464976263	12.44124213699979	589.217792	cloud-23933	false(unreach-call)	24.574921551	13.38868003198877	546.574336	cloud-23982
loops/trex03-2.yml	true	true	19.154696956	10.665225897002529	553.218048	cloud-23979	true	21.414530097	11.566166128999612	572.207104	cloud-24444	true	20.670793882	11.469533012001193	585.953280	cloud-23979	true	17.285092582	9.409170334984083	551.555072	cloud-23933
loops/trex03-2_abstracted.yml	true	true	21.542995059	11.875520444000358	585.990144	cloud-24261	true	23.607745312	12.905376143993635	594.489344	cloud-24444	true	22.728787014	12.541634198998509	591.032320	cloud-23933	ERROR (server error, after parsing finished)	23.184180335	13.110786895005731	516.661248	cloud-23982
loops/trex04.yml	true	true	22.713632685	12.553029755999887	584.142848	cloud-24261	true	19.412992367	10.521542499001953	557.015040	cloud-24643	true	20.670654048	11.517400018994522	599.793664	cloud-23979	true	19.150375554	10.456947044993285	509.915136	cloud-23979
loops/trex04_abstracted.yml	true	true	21.554190587	11.761278728000434	603.766784	cloud-24261	true	20.336664625	11.09603298699949	587.534336	cloud-24643	true	19.627485272	11.012233904999448	579.022848	cloud-23979	true	23.504047815	12.58463204401778	556.572672	cloud-23980
loops/veris.c_NetBSD-libc_loop.yml	true	ERROR (frontend failed, before parsing finished)	2.513587111	1.509931886999766	106.332160	cloud-24261	ERROR (frontend failed, before parsing finished)	3.035929436	1.7516967129995464	119.898112	cloud-24441	ERROR (frontend failed, before parsing finished)	3.732536677	2.075167616996623	118.099968	cloud-23933	ERROR (frontend failed, before parsing finished)	2.486798003	1.4406107930117287	115.638272	cloud-23979
loops/veris.c_OpenSER_cases1_stripFullBoth_arr.yml	true	ERROR (frontend failed, before parsing finished)	3.228659153	1.8147021119984856	131.964928	cloud-23933	ERROR (frontend failed, before parsing finished)	2.452034835	1.4267151560015918	121.253888	cloud-24643	ERROR (frontend failed, before parsing finished)	2.189778456	1.2528309819999777	134.193152	cloud-23943	ERROR (frontend failed, before parsing finished)	2.594394831	1.510011870006565	130.187264	cloud-23933
loops/veris.c_sendmail_tTflag_arr_one_loop.yml	true	true	25.590798704	14.234714203999829	552.517632	cloud-23933	true	24.438907708	13.627998528001626	574.013440	cloud-24441	true	20.166496531	11.480131668000467	551.854080	cloud-23933	ERROR (server error, after parsing finished)	27.03056528	14.90568795701256	512.159744	cloud-23933
loops/verisec_NetBSD-libc_loop.yml	false	ERROR (frontend failed, before parsing finished)	2.004758056	1.204667859001347	105.136128	cloud-23979	ERROR (frontend failed, before parsing finished)	2.915728208	1.683935482004017	109.846528	cloud-24444	ERROR (frontend failed, before parsing finished)	3.544173901	1.9834265679965029	117.415936	cloud-23933	ERROR (frontend failed, before parsing finished)	2.967224932	1.6943886719818693	116.371456	cloud-23938
loops/verisec_OpenSER_cases1_stripFullBoth_arr.yml	false	ERROR (frontend failed, before parsing finished)	3.607937566	2.0251175920020614	131.440640	cloud-23979	ERROR (frontend failed, before parsing finished)	2.787763137	1.6035507619963028	122.466304	cloud-24444	ERROR (frontend failed, before parsing finished)	3.921572137	2.182134988999678	130.404352	cloud-23933	ERROR (frontend failed, before parsing finished)	2.606216185	1.4869470809935592	131.031040	cloud-23982
loops/vogal-1.yml	true	ERROR (frontend failed, before parsing finished)	2.317816176	1.3641110949974973	108.044288	cloud-23979	ERROR (frontend failed, before parsing finished)	2.819848601	1.64668152500235	118.132736	cloud-24441	ERROR (frontend failed, before parsing finished)	3.596462343	2.019937722994655	117.952512	cloud-23933	ERROR (frontend failed, before parsing finished)	2.415123687	1.4073582629789598	117.862400	cloud-23979
loops/vogal-2.yml	false	ERROR (frontend failed, before parsing finished)	2.187926365	1.3003028160001122	107.880448	cloud-23979	ERROR (frontend failed, before parsing finished)	2.177098336	1.2884939250000116	117.612544	cloud-24643	ERROR (frontend failed, before parsing finished)	2.309831993	1.3547230460026185	109.649920	cloud-23979	ERROR (frontend failed, before parsing finished)	3.112539161	1.7681563710211776	114.565120	cloud-23980
loops/while_infinite_loop_1.yml	true	true	20.019050705	11.17306732599991	579.158016	cloud-24261	true	21.529826177	11.925276635996852	588.365824	cloud-24643	true	20.55954595	11.265015690999462	589.873152	cloud-23979	true	17.473257896	10.044571073987754	551.165952	cloud-23980
loops/while_infinite_loop_2.yml	true	true	22.488150799	12.387247950999154	571.822080	cloud-23933	true	22.116456039	12.240456417999667	596.013056	cloud-24643	true	21.140934149	11.622039989999394	570.568704	cloud-23933	true	18.301646109	10.123601778992452	543.473664	cloud-23933
loops/while_infinite_loop_3.yml	true	true	17.926225071	9.829562998000256	566.177792	cloud-24261	true	22.039171388	12.101943076995667	509.263872	cloud-24441	true	24.321519019	13.53033943400078	542.838784	cloud-24259	true	24.654658477	13.68717327597551	530.083840	cloud-23933
loops/while_infinite_loop_4.yml	false	false(unreach-call)	14.762462055	8.182089943999017	551.952384	cloud-23943	false(unreach-call)	21.500357383	11.933595856000466	557.166592	cloud-24643	false(unreach-call)	19.178784617	10.841043779000756	557.625344	cloud-23979	false(unreach-call)	21.319724488	11.668955824978184	486.236160	cloud-23938
loop-acceleration/array_1-1.yml	false	TIMEOUT (ERROR (generic error, after parsing finished))	936.998750219	908.7864816309993	894.775296	cloud-24261	TIMEOUT (ERROR (server error, after parsing finished))	935.835537955	910.278787174997	878.051328	cloud-24643	ERROR (solver error, after parsing finished)	739.158033812	711.3093164599995	966.352896	cloud-23979	ERROR (server error, after parsing finished)	20.629593491	11.343564983981196	471.220224	cloud-23982
loop-acceleration/array_1-2.yml	true	TIMEOUT (ERROR (server error, after parsing finished))	941.495190453	911.3013144159995	972.763136	cloud-23933	TIMEOUT (ERROR (server error, after parsing finished))	939.084831683	912.0590212899997	976.748544	cloud-24643	ERROR (server error, after parsing finished)	732.85751671	710.1152354080004	821.248000	cloud-23979	ERROR (server error, after parsing finished)	16.249315241	9.176026819972321	498.802688	cloud-23979
loop-acceleration/array_2-1-simple.yml	false	TIMEOUT (ERROR (server error, after parsing finished))	936.077062078	909.4116562199997	1276.313600	cloud-23941	TIMEOUT (ERROR (server error, after parsing finished))	949.475247309	914.2796503439968	1219.059712	cloud-24444	ERROR (solver error, after parsing finished)	742.924550637	713.4687329029985	1199.452160	cloud-23979	ERROR (server error, after parsing finished)	18.831440456	10.464431385014905	554.622976	cloud-23933
loop-acceleration/array_2-1.yml	false	TIMEOUT (ERROR (generic error, after parsing finished))	924.827239975	890.5704723410017	1965.846528	cloud-23979	TIMEOUT (ERROR (server error, after parsing finished))	947.861552434	911.0499869839987	2023.542784	cloud-24444	ERROR (solver error, after parsing finished)	742.24918216	712.2072391340007	1715.269632	cloud-24259	ERROR (server error, after parsing finished)	22.314960315	12.20501513898489	551.309312	cloud-23982
loop-acceleration/array_2-2-simple.yml	true	TIMEOUT (ERROR (server error, after parsing finished))	937.620756042	910.8172677929979	1149.034496	cloud-23979	TIMEOUT (ERROR (server error, after parsing finished))	945.02195412	911.3107344880004	1212.923904	cloud-24441	ERROR (server error, after parsing finished)	739.566624781	711.9333117640017	1127.755776	cloud-23933	ERROR (server error, after parsing finished)	24.091980135	13.248592596995877	544.751616	cloud-23982
loop-acceleration/array_2-2.yml	true	TIMEOUT (ERROR (generic error, after parsing finished))	927.475937982	891.9342768370007	1966.280704	cloud-23979	TIMEOUT (ERROR (server error, after parsing finished))	946.36517085	911.4995167830057	1967.558656	cloud-24643	ERROR (solver error, after parsing finished)	759.265644894	730.9531608199977	1853.456384	cloud-24259	ERROR (server error, after parsing finished)	17.765911704	9.932012286008103	530.735104	cloud-23980
loop-acceleration/array_3-1.yml	true	true	20.787334527	11.360359950000202	532.410368	cloud-23979	true	24.034042264	13.324308499002655	565.415936	cloud-24441	true	21.687718176	11.770149979001872	549.752832	cloud-24259	ERROR (server error, after parsing finished)	20.087161593	11.269854609010508	512.061440	cloud-23938
loop-acceleration/array_3-2.yml	false	TIMEOUT (ERROR (server error, after parsing finished))	941.90866347	911.8434165260005	1082.621952	cloud-23933	TIMEOUT (ERROR (server error, after parsing finished))	945.307003217	913.2673671840021	1102.934016	cloud-24441	ERROR (solver error, after parsing finished)	737.355133737	711.1511172549999	1045.606400	cloud-23979	ERROR (server error, after parsing finished)	22.870736987	12.680836776999058	531.218432	cloud-23982
loop-acceleration/array_4.yml	true	TIMEOUT (ERROR (server error, after parsing finished))	939.202590666	910.7048465970001	1103.499264	cloud-23933	TIMEOUT (ERROR (server error, after parsing finished))	943.296118715	910.7649903900019	954.757120	cloud-24444	ERROR (solver error, after parsing finished)	730.16341523	709.0916433210004	1006.174208	cloud-23979	ERROR (server error, after parsing finished)	20.849734771	11.426326351007447	549.724160	cloud-23933
loop-acceleration/const_1-1.yml	true	true	17.972976964	9.817798243999277	585.609216	cloud-23979	true	18.38701779	10.14465668599587	590.553088	cloud-23941	true	20.889861053	11.333567993999168	544.509952	cloud-23933	true	18.947049928	10.40013547099079	543.260672	cloud-23980
loop-acceleration/const_1-2.yml	false	TIMEOUT	990.52432958	958.056564546001	953.896960	cloud-24261	TIMEOUT	990.537307364	959.512508890999	985.219072	cloud-24444	ERROR (verification stuck, after parsing finished)	758.278804389	729.3986517070007	1021.775872	cloud-23933	TIMEOUT	990.258542005	976.5373719980125	609.652736	cloud-23933
loop-acceleration/const_1-2_abstracted.yml	false	false(unreach-call)	24.037816782	13.055511802000183	598.712320	cloud-23933	false(unreach-call)	22.800645635	12.51309124600084	549.711872	cloud-24643	false(unreach-call)	20.844484246	11.37234395500127	540.434432	cloud-24259	false(unreach-call)	21.171656002	11.79785305299447	540.061696	cloud-23933
loop-acceleration/diamond_1-1.yml	true	true	35.606759366	23.43557321100161	689.819648	cloud-23933	true	36.560304421	23.6159263810041	610.295808	cloud-24444	true	36.870736899	22.959028098004637	630.829056	cloud-23979	TIMEOUT	990.227958144	976.2339655940013	608.264192	cloud-23982
loop-acceleration/diamond_1-2.yml	false	false(unreach-call)	488.903440333	467.06456106099995	1213.804544	cloud-23941	false(unreach-call)	651.249953824	621.3010716889985	1247.244288	cloud-24444	false(unreach-call)	721.302523293	694.7145985449997	1129.803776	cloud-23933	TIMEOUT	990.288942614	974.9563971800089	668.139520	cloud-23979
loop-acceleration/diamond_2-2.yml	true	true	611.400718255	455.6161179869996	2293.149696	cloud-23979	true	646.571441872	477.5203663120001	2294.169600	cloud-24643	true	759.754528653	557.5294392610012	2292.002816	cloud-24259	TIMEOUT	990.330090888	971.8521502249932	704.839680	cloud-23938
loop-acceleration/functions_1-1.yml	true	TIMEOUT (ERROR (inner timeout, after parsing finished))	983.203385222	966.1511969519997	573.640704	cloud-23979	TIMEOUT (ERROR (inner timeout, after parsing finished))	935.496489173	919.6892095020012	574.668800	cloud-24643	ERROR (server error, after parsing finished)	28.682218408	18.26413632200274	564.674560	cloud-23979	TIMEOUT	990.204595803	980.178307419992	543.113216	cloud-23980
loop-acceleration/functions_1-2.yml	false	TIMEOUT (ERROR (inner timeout, after parsing finished))	931.977227861	915.6544645989998	655.396864	cloud-23979	TIMEOUT (ERROR (inner timeout, after parsing finished))	933.384089913	915.525172185	674.652160	cloud-24444	ERROR (server error, after parsing finished)	29.447318326	18.13182850299927	541.708288	cloud-24259	TIMEOUT	990.238662558	976.4564965159807	646.598656	cloud-23982
loop-acceleration/multivar_1-1.yml	true	true	21.214138876	11.543094138000015	592.248832	cloud-23933	true	24.647360068	13.423454570998729	601.833472	cloud-24441	true	20.061525854	11.366502956996555	583.782400	cloud-23979	TIMEOUT	990.218032154	977.0185081789969	581.644288	cloud-23982
loop-acceleration/multivar_1-2.yml	false	false(unreach-call)	23.929684007	12.963315805000093	546.414592	cloud-23933	false(unreach-call)	21.007177326	11.781523839999863	567.795712	cloud-24444	false(unreach-call)	18.483645812	10.4505036139999	614.760448	cloud-23979	false(unreach-call)	18.261790247	10.192794046015479	567.414784	cloud-23939
loop-acceleration/nested_1-1.yml	true	true	159.007079336	143.12098502299978	566.325248	cloud-24261	TIMEOUT (true)	950.093169481	930.8687895070034	629.719040	cloud-24441	ERROR (solver error, after parsing finished)	726.398025047	710.747636994	620.347392	cloud-23933	true	37.826115505	30.00803107599495	558.800896	cloud-23980
loop-acceleration/nested_1-2.yml	false	TIMEOUT	990.397370562	970.043866516	719.507456	cloud-23933	TIMEOUT	990.406637438	969.8343285190058	794.013696	cloud-24444	ERROR (solver error, after parsing finished)	729.879163129	712.8405893589952	701.247488	cloud-24259	TIMEOUT	990.246552975	977.4480221609992	557.682688	cloud-23979
loop-acceleration/overflow_1-1.yml	true	true	22.119784566	12.54530813700012	556.986368	cloud-24261	true	20.489058378	11.592582793004112	558.563328	cloud-24444	true	25.108098031	14.13238174900016	587.816960	cloud-23933	TIMEOUT	990.282906539	976.8447198900103	555.462656	cloud-23938
loop-acceleration/phases_1-1.yml	true	true	34.880416981	24.99273929900005	592.187392	cloud-24261	true	41.488208742	29.393769630998577	547.643392	cloud-24441	true	41.808349132	30.92148319000262	578.240512	cloud-23933	TIMEOUT	990.266671589	977.7747237089789	536.469504	cloud-23980
loop-acceleration/phases_1-2.yml	false	TIMEOUT	990.315552028	974.8132885160012	607.137792	cloud-23933	TIMEOUT	990.362055805	974.5382359560026	596.971520	cloud-24643	ERROR (solver error, after parsing finished)	726.583910447	712.7484571709974	546.467840	cloud-23933	TIMEOUT	990.291136455	976.2788447779894	570.261504	cloud-23938
loop-acceleration/phases_2-1.yml	false	false(unreach-call)	18.742103372	10.194210367000778	554.659840	cloud-24261	false(unreach-call)	24.208234914	13.108165424000617	574.644224	cloud-24643	false(unreach-call)	19.690915356	11.108988665000652	556.732416	cloud-23979	false(unreach-call)	73.066112314	60.7337835500075	511.758336	cloud-23982
loop-acceleration/phases_2-2.yml	true	TIMEOUT	990.289344885	977.8583758310015	599.453696	cloud-23979	TIMEOUT	990.254938335	974.5431294639998	561.934336	cloud-24643	ERROR (solver error, after parsing finished)	722.533817426	710.7915297060026	546.672640	cloud-23933	true	115.174361472	106.04011483601062	508.768256	cloud-23938
loop-acceleration/simple_1-1.yml	false	TIMEOUT	990.392743206	965.6805308519997	1058.009088	cloud-23979	TIMEOUT	990.521369416	962.0732836550014	991.772672	cloud-24441	ERROR (verification stuck, after parsing finished)	745.210558952	718.8273981079983	1060.556800	cloud-23933	TIMEOUT	990.279961567	975.5016807350039	618.754048	cloud-23979
loop-acceleration/simple_1-1_abstracted.yml	false	false(unreach-call)	25.340548404	13.79033739499937	559.624192	cloud-23933	false(unreach-call)	23.742650587	12.983395368995843	551.325696	cloud-24441	false(unreach-call)	17.28097024	9.598664051000014	561.188864	cloud-23979	false(unreach-call)	20.723448734	11.548766852996778	513.499136	cloud-23938
loop-acceleration/simple_1-2.yml	true	TIMEOUT	990.394024912	963.4015786669988	1160.040448	cloud-23943	TIMEOUT	990.487478873	960.0334881829986	957.124608	cloud-24444	ERROR (solver error, after parsing finished)	738.771875625	712.3526672619992	862.928896	cloud-23933	TIMEOUT	990.275324744	976.8693974360067	586.768384	cloud-23979
loop-acceleration/simple_1-2_abstracted.yml	true	true	19.477567822	10.567162772000302	548.323328	cloud-23933	true	21.869072735	11.985578486001032	550.055936	cloud-24444	true	23.348777049	12.807881881002686	544.280576	cloud-24259	true	19.381632294	10.71096762898378	513.523712	cloud-23979
loop-acceleration/simple_2-1.yml	true	true	20.329282248	11.432310315001814	581.672960	cloud-23979	true	21.855390381	11.869628462000037	578.904064	cloud-24441	true	16.67130219	9.54361466399996	572.338176	cloud-23979	true	23.761006952	13.258971853996627	499.965952	cloud-23938
loop-acceleration/simple_2-1_abstracted.yml	true	true	18.147843048	10.053027052999823	609.665024	cloud-23933	true	19.104006012	10.848570011999982	592.969728	cloud-24441	true	24.361836222	13.429593029999523	573.526016	cloud-24259	true	19.892130625	10.886642664001556	532.213760	cloud-23980
loop-acceleration/simple_2-2.yml	false	false(unreach-call)	19.059694278	10.309030566999354	587.657216	cloud-23979	false(unreach-call)	19.010795805	10.626371173995722	576.290816	cloud-23940	false(unreach-call)	20.248859774	11.155246141002863	549.539840	cloud-24259	false(unreach-call)	20.922074186	11.526940474985167	518.565888	cloud-23980
loop-acceleration/simple_3-1.yml	false	false(unreach-call)	23.492951659	12.836736900000687	608.174080	cloud-24261	false(unreach-call)	23.879630595	13.375629689995549	595.521536	cloud-24441	false(unreach-call)	22.560766895	12.640411123997183	592.973824	cloud-23933	false(unreach-call)	23.414044836	12.911224483017577	519.696384	cloud-23933
loop-acceleration/simple_3-2.yml	true	true	18.659832187	10.534739599999739	595.533824	cloud-23979	true	24.275968518	13.33510715599914	569.384960	cloud-24444	true	18.361411437	10.363506302997848	587.657216	cloud-23979	TIMEOUT	990.226341743	978.7920156269975	579.575808	cloud-23942
loop-acceleration/simple_4-1.yml	false	TIMEOUT	990.337686717	974.4266465870005	602.681344	cloud-24261	TIMEOUT	990.312808778	977.7738231179974	616.464384	cloud-24643	ERROR (solver error, after parsing finished)	721.26877404	710.3079995129992	604.581888	cloud-23979	TIMEOUT	990.256064718	976.5258800749725	594.317312	cloud-23979
loop-acceleration/simple_4-1_abstracted.yml	false	false(unreach-call)	18.41588364	10.241446454001562	570.777600	cloud-23979	false(unreach-call)	21.867714882	12.175192282000353	600.641536	cloud-24643	false(unreach-call)	22.085943032	12.113687479999498	559.927296	cloud-23933	false(unreach-call)	21.959692845	12.157768015982583	504.098816	cloud-23938
loop-acceleration/simple_4-2.yml	true	true	19.080412294	10.469715687000644	602.804224	cloud-23979	true	25.070663242	13.649018269999942	561.541120	cloud-24441	true	21.194727461	11.543115086999023	539.754496	cloud-23933	true	24.852552868	13.848550536000403	542.068736	cloud-23982
loop-acceleration/simple_4-2_abstracted.yml	true	true	23.044298742	12.520326296002168	589.012992	cloud-24261	true	18.629689452	10.637479971002904	555.544576	cloud-24643	true	21.957217144	11.907350754001527	570.626048	cloud-24259	true	19.800814142	11.229132536012912	500.707328	cloud-23979
loop-acceleration/underapprox_1-1.yml	false	false(unreach-call)	289.473916504	278.4459120249994	596.353024	cloud-23979	false(unreach-call)	255.172579399	242.58868694400007	575.279104	cloud-24643	ERROR (server error, after parsing finished)	23.909116541	14.57093518200054	585.273344	cloud-23933	false(unreach-call)	227.349360773	218.1685864579922	550.993920	cloud-23979
loop-acceleration/underapprox_1-2.yml	true	true	619.083278373	604.8707081370012	612.573184	cloud-23933	true	646.049941081	631.672032126	627.703808	cloud-24643	ERROR (server error, after parsing finished)	36.276583786	28.092472051997902	549.126144	cloud-23942	true	534.626596	522.3114378330065	582.877184	cloud-23938
loop-acceleration/underapprox_2-1.yml	false	TIMEOUT (false(unreach-call))	938.606941952	922.7967060589999	609.169408	cloud-23933	TIMEOUT (false(unreach-call))	937.819893621	925.4681187989991	599.498752	cloud-24643	ERROR (solver error, after parsing finished)	725.109391386	711.9034388739965	591.396864	cloud-23933	false(unreach-call)	35.847866955	24.89918773699901	535.031808	cloud-23982
loop-acceleration/underapprox_2-2.yml	true	true	24.824847447	15.412723731002188	599.179264	cloud-24261	true	32.745494356	22.40085612799885	584.810496	cloud-24444	true	29.043885638	17.89074061500287	582.115328	cloud-23933	true	21.847712147	11.856986571016023	542.851072	cloud-23982
loop-crafted/simple_array_index_value_1-1.yml	true	TIMEOUT (ERROR (server error, after parsing finished))	932.10630923	910.2095699870006	1169.600512	cloud-23979	TIMEOUT (ERROR (server error, after parsing finished))	937.356627913	911.9827975160006	902.537216	cloud-24444	ERROR (solver error, after parsing finished)	731.730311378	711.2799356899995	866.566144	cloud-23933	ERROR (server error, after parsing finished)	19.514073969	11.102745520009194	511.320064	cloud-23933
loop-crafted/simple_array_index_value_1-2.yml	false	false(unreach-call)	20.447882294	11.466035484001623	567.144448	cloud-24261	false(unreach-call)	23.358593496	13.084659781001392	592.990208	cloud-24441	false(unreach-call)	22.593115105	12.30662198200298	557.633536	cloud-23979	ERROR (server error, after parsing finished)	15.770711213	8.58551061101025	528.207872	cloud-23980
loop-crafted/simple_array_index_value_2.yml	true	TIMEOUT (ERROR (server error, after parsing finished))	931.746468336	908.3090046409998	1079.685120	cloud-24261	TIMEOUT (ERROR (server error, after parsing finished))	931.178400363	912.3354506069954	613.208064	cloud-24444	ERROR (solver error, after parsing finished)	730.172923843	711.2274714980013	765.485056	cloud-23979	ERROR (server error, after parsing finished)	30.414862737	16.38470828399295	514.658304	cloud-23933
loop-crafted/simple_array_index_value_3.yml	true	ERROR (server error, after parsing finished)	32.538776975	20.318654186000458	628.551680	cloud-24261	ERROR (server error, after parsing finished)	29.32221515	17.095144900995365	640.794624	cloud-24444	ERROR (server error, after parsing finished)	29.087498661	17.317339777997404	610.385920	cloud-23979	ERROR (server error, after parsing finished)	25.365886801	14.070142071985174	531.120128	cloud-23982
loop-crafted/simple_array_index_value_4.i.v+lhb-reducer.yml	true	TIMEOUT (ERROR (server error, after parsing finished))	949.202431035	911.5430789419988	1649.065984	cloud-24261	TIMEOUT (ERROR (server error, after parsing finished))	949.48655515	912.0347277919991	1600.229376	cloud-24444	ERROR (solver error, after parsing finished)	738.452579598	710.436899266002	1571.610624	cloud-23979	ERROR (server error, after parsing finished)	17.891854971	10.070332008006517	500.965376	cloud-23933
loop-crafted/simple_array_index_value_4.i.v+nlh-reducer.yml	true	TIMEOUT (ERROR (server error, after parsing finished))	939.698035042	910.3066445320001	1537.437696	cloud-23979	TIMEOUT (ERROR (server error, after parsing finished))	952.997106822	912.5249221010017	1518.157824	cloud-24441	ERROR (solver error, after parsing finished)	745.13601493	713.3648943499938	1518.895104	cloud-23979	ERROR (server error, after parsing finished)	22.792867182	12.363630350999301	499.884032	cloud-23938
loop-crafted/simple_array_index_value_4.yml	true	ERROR (server error, after parsing finished)	32.140751007	18.884464807999393	592.281600	cloud-23933	ERROR (server error, after parsing finished)	31.210212168	18.20276338000258	587.063296	cloud-24444	ERROR (server error, after parsing finished)	23.726471707	13.599819984003261	588.472320	cloud-23979	ERROR (server error, after parsing finished)	22.283244145	12.264297963993158	475.930624	cloud-23933
loop-crafted/simple_vardep_1.yml	true	true	487.083575144	446.9937371520027	1729.323008	cloud-23979	true	482.61007837	435.736062062002	1628.659712	cloud-24441	ERROR (server error, after parsing finished)	99.016215557	54.68074943199463	1748.754432	cloud-24259	true	442.542212042	431.0570246549905	526.655488	cloud-23938
loop-crafted/simple_vardep_2.yml	true	true	183.1703978	165.5221638260009	924.946432	cloud-24261	true	183.319685843	170.78518800799975	607.830016	cloud-24444	true	216.458951441	203.9533802219994	553.656320	cloud-24259	true	157.882807818	148.599166333006	552.595456	cloud-23979
loop-invgen/MADWiFi-encode_ie_ok.yml	true	true	22.691724745	12.237252803002775	592.474112	cloud-23979	true	25.671279368	14.330856976999712	607.326208	cloud-24444	true	24.354191208	13.144557505002012	604.491776	cloud-23933	TIMEOUT	990.353246225	970.2807782379969	1067.581440	cloud-23979
loop-invgen/NetBSD_loop.yml	true	true	23.10070014	12.432587238996348	604.880896	cloud-23933	true	19.743086375	10.915662811999937	592.326656	cloud-24643	true	22.592125225	12.565825440004119	574.169088	cloud-23979	TIMEOUT	990.34777979	972.3442161249986	963.567616	cloud-23938
loop-invgen/SpamAssassin-loop.i.v+cfa-reducer.yml	true	true	27.869295456	15.891754098000092	590.950400	cloud-23933	true	40.387014591	22.689844309001273	621.813760	cloud-24444	true	28.183131997	16.168715345000237	585.969664	cloud-23979	TIMEOUT	990.289753884	974.0970458039956	828.559360	cloud-23933
loop-invgen/SpamAssassin-loop.yml	true	true	28.444243244	15.339824745999067	644.673536	cloud-24261	true	26.750780601	14.954097642003035	640.770048	cloud-24643	true	27.476624524	14.79304691100333	603.095040	cloud-23979	TIMEOUT	990.219366108	976.9655416660244	688.193536	cloud-23980
loop-invgen/apache-escape-absolute.i.v+cfa-reducer.yml	true	true	33.155628117	19.851724534000823	640.749568	cloud-23979	true	38.769841333	22.161532808999254	628.801536	cloud-24441	true	39.3648577	22.851756254000065	641.163264	cloud-23933	TIMEOUT	990.270755793	976.8165266439901	785.027072	cloud-23980
loop-invgen/apache-escape-absolute.yml	true	true	22.923971948	12.633912819001125	662.564864	cloud-24261	true	27.981441873	15.459102095999697	644.734976	cloud-24643	true	27.8227009	15.287791399001435	605.827072	cloud-23979	TIMEOUT	990.254355875	976.5882730029989	686.043136	cloud-23980
loop-invgen/apache-get-tag.i.p+lhb-reducer.yml	true	true	63.802321145	46.805262889000005	693.071872	cloud-23940	true	84.739922093	62.22991824500059	683.999232	cloud-24441	true	85.499397989	64.14966529999947	661.237760	cloud-24259	true	153.282433317	137.21426394299488	1419.800576	cloud-23979
loop-invgen/apache-get-tag.i.p+nlh-reducer.yml	true	TIMEOUT	991.030579041	940.2858956519995	1359.802368	cloud-23933	TIMEOUT	990.940266368	951.4662111450016	1599.545344	cloud-24643	ERROR (solver error, after parsing finished)	757.137870113	720.3734547569984	1338.400768	cloud-23979	TIMEOUT	990.462916071	964.5292703449959	1557.037056	cloud-23933
loop-invgen/apache-get-tag.i.p+sep-reducer.yml	true	true	690.784090987	646.7603126800004	2100.916224	cloud-23933	true	644.379044063	597.384811377	2012.545024	cloud-24441	true	593.727578534	558.7645233840012	1878.429696	cloud-23979	TIMEOUT	990.714100876	940.2400757480063	3042.086912	cloud-23942
loop-invgen/apache-get-tag.i.v+lhb-reducer.yml	true	true	31.849780263	17.298664129000827	619.880448	cloud-24261	true	33.549716222	18.26575722599955	598.433792	cloud-24643	true	30.445085959	16.52558353600034	594.214912	cloud-23933	true	43.193343762	30.255655404995196	876.814336	cloud-23938
loop-invgen/apache-get-tag.i.v+nlh-reducer.yml	true	true	28.948248477	16.080625655000404	596.774912	cloud-24261	true	29.955713976	16.86408931400001	600.166400	cloud-24643	true	28.228354168	15.77762473599978	623.099904	cloud-23979	true	49.104497328	33.97483428599662	858.755072	cloud-23938
loop-invgen/apache-get-tag.yml	true	true	20.986316649	11.425843557000917	581.857280	cloud-23979	true	21.15504525	11.650491799002339	560.128000	cloud-24444	true	23.398285304	12.788097298000139	594.796544	cloud-23933	true	29.821239023	17.06051902900799	614.449152	cloud-23982
loop-invgen/down.yml	true	TIMEOUT	990.520290925	963.0686250490035	772.050944	cloud-23933	TIMEOUT	990.542291762	962.6822724459998	758.558720	cloud-24444	ERROR (solver error, after parsing finished)	734.237188894	710.8453744180006	724.172800	cloud-23933	TIMEOUT	990.318150063	973.1220975159958	872.095744	cloud-23933
loop-invgen/fragtest_simple.yml	true	TIMEOUT	990.409492105	962.7410825980005	789.663744	cloud-23942	TIMEOUT	990.646018587	959.3417433559989	823.885824	cloud-24441	ERROR (solver error, after parsing finished)	734.466764887	712.0522395010012	816.959488	cloud-23933	TIMEOUT	990.291374615	973.5709662720037	658.587648	cloud-23938
loop-invgen/half_2.yml	true	TIMEOUT	990.591562937	957.3656139949999	1414.725632	cloud-24261	TIMEOUT	990.631598085	954.5653189989989	1005.522944	cloud-24444	ERROR (solver error, after parsing finished)	741.871361188	711.701543124007	963.022848	cloud-23933	TIMEOUT	990.339955846	973.3844680739858	843.505664	cloud-23933
loop-invgen/heapsort.yml	true	true	26.169301827	14.117979261998698	629.796864	cloud-24261	true	29.570881461	16.454085474004387	618.352640	cloud-24643	true	27.544536873	14.982518891996733	574.562304	cloud-23933	TIMEOUT	990.333386096	975.0852003699983	706.449408	cloud-23933
loop-invgen/id_build.i.p+nlh-reducer.yml	true	true	69.971740308	52.17971312999907	873.394176	cloud-23979	true	78.501513084	58.2286544109993	913.035264	cloud-24444	true	80.777862452	61.809987822998664	824.594432	cloud-23933	true	126.479096013	102.74628444801783	1530.859520	cloud-23938
loop-invgen/id_build.i.p+sep-reducer.yml	true	true	65.817826234	50.08794968100119	854.487040	cloud-24261	true	73.28686447	55.51391829500062	825.810944	cloud-24441	true	65.706398748	49.186242103999575	830.230528	cloud-23979	true	163.26066964	137.63011172099505	1382.797312	cloud-23938
loop-invgen/id_build.i.v+lhb-reducer.yml	true	true	21.766951429	12.070172398001887	571.777024	cloud-24261	true	21.590775288	11.795290716996533	508.182528	cloud-24444	true	20.463429451	11.28390603400112	557.539328	cloud-23979	true	21.017049729	11.416049930005101	557.109248	cloud-23979
loop-invgen/id_build.yml	true	true	24.131554315	13.00909922199935	595.255296	cloud-24261	true	20.290962868	11.28857919699658	598.372352	cloud-24444	true	18.039559661	10.359748151000531	580.886528	cloud-23979	true	20.254402141	11.488350400002673	557.584384	cloud-23933
loop-invgen/id_trans.yml	false	false(unreach-call)	20.45994183	11.141910062000534	606.855168	cloud-23979	false(unreach-call)	22.877510606	12.443260398000348	600.567808	cloud-24441	false(unreach-call)	22.683697534	12.484438650000811	600.674304	cloud-23979	false(unreach-call)	26.410560403	14.208730415994069	518.197248	cloud-23933
loop-invgen/large_const.yml	true	TIMEOUT (true)	947.464734736	912.395850126999	872.611840	cloud-23933	TIMEOUT (true)	947.654801563	913.4067771859991	858.341376	cloud-24441	ERROR (solver error, after parsing finished)	738.936625743	710.2694524450053	839.417856	cloud-23979	true	21.826739192	11.953163894009776	583.204864	cloud-23979
loop-invgen/nest-if3.yml	true	true	21.462721448	11.633978365000075	588.312576	cloud-23933	true	22.78347503	12.414345093999145	542.855168	cloud-24643	true	19.403215339	10.57795009199981	579.141632	cloud-23933	TIMEOUT	990.298458122	973.0512319139962	954.433536	cloud-23938
loop-invgen/nested6.yml	true	true	17.731695177	9.657697381000617	602.370048	cloud-23979	true	19.634968835	10.732903320000332	595.062784	cloud-24444	true	23.883751818	13.196233814000152	599.265280	cloud-24259	TIMEOUT	990.30368869	974.0117429170059	742.744064	cloud-23938
loop-invgen/nested9.yml	true	true	22.601123639	12.34577918099967	606.904320	cloud-24261	true	21.987093596	11.997047049000685	592.265216	cloud-24444	true	23.964789374	13.073733787001402	553.869312	cloud-23933	TIMEOUT	990.283755267	973.1219738799846	1000.091648	cloud-23982
loop-invgen/sendmail-close-angle.yml	true	true	26.278643876	14.489532060000784	619.520000	cloud-23979	true	26.341191649	14.300271889999749	642.494464	cloud-24643	true	26.11867225	14.451005495000572	576.135168	cloud-23933	TIMEOUT	990.391211425	972.8701065319765	1134.497792	cloud-23938
loop-invgen/seq-3.yml	true	TIMEOUT	990.419212522	964.1168961919975	882.720768	cloud-24261	TIMEOUT	990.529057247	962.3889919080029	827.555840	cloud-24441	TIMEOUT (ERROR (inner timeout, after parsing finished))	935.209388254	909.7098024570005	829.657088	cloud-23933	TIMEOUT	990.289124043	975.4246750930033	794.660864	cloud-23933
loop-invgen/string_concat-noarr.yml	true	TIMEOUT	990.413412994	962.8660433429977	743.452672	cloud-23933	TIMEOUT	990.539658236	963.8526833290016	775.479296	cloud-24444	TIMEOUT (ERROR (inner timeout, after parsing finished))	933.841627722	907.2541323650003	662.212608	cloud-23942	TIMEOUT	990.340136574	974.1247738659731	884.727808	cloud-23933
loop-invgen/up.yml	true	TIMEOUT	990.557280054	961.280956347	858.886144	cloud-23933	TIMEOUT	990.412656396	964.7427982459994	865.488896	cloud-24643	ERROR (verification stuck, after parsing finished)	765.919248088	741.4580528540027	1009.889280	cloud-23979	TIMEOUT	990.354224473	974.3084633449907	912.404480	cloud-23933
loop-lit/afnp2014.yml	true	true	24.716082546	13.749391646997537	585.437184	cloud-23933	true	21.696136014	11.986956181001005	588.566528	cloud-24643	true	20.329661714	11.112066652000067	575.938560	cloud-23979	TIMEOUT	990.354063644	973.9463030339975	1064.173568	cloud-23933
loop-lit/as2013-hybrid.yml	true	true	21.425760778	11.727823032999368	598.962176	cloud-23940	true	22.159653966	12.389157457997499	570.662912	cloud-24643	true	21.508024446	11.853068689997599	581.054464	cloud-23979	true	16.807357369	9.298178616008954	510.779392	cloud-23980
loop-lit/bh2017-ex-add.yml	true	true	23.138365792	12.766849818999617	574.582784	cloud-23933	true	22.489449182	12.198016743001062	596.791296	cloud-24444	true	29.053849709	15.923383250999905	598.310912	cloud-24259	true	19.641207906	10.748160735005513	551.452672	cloud-23979
loop-lit/bh2017-ex1-poly.yml	true	true	22.744844049	12.706164028000785	600.453120	cloud-23979	true	26.018598375	14.126465166998969	607.576064	cloud-24643	true	28.376433402	15.417538454999885	557.494272	cloud-24259	true	23.75639158	13.173610489000566	571.682816	cloud-23938
loop-lit/bh2017-ex3.yml	true	true	23.299957904	12.474179196000478	596.893696	cloud-23979	true	24.206410132	13.188122449002549	603.439104	cloud-24444	true	20.713281774	11.532272892000037	590.704640	cloud-23979	true	26.118362471	14.121297550998861	560.070656	cloud-23982
loop-lit/bhmr2007.yml	true	true	19.369262329	10.797126243000093	609.071104	cloud-24261	true	22.394581355	12.502077595003357	599.101440	cloud-24643	true	27.565871534	14.917477063005208	547.586048	cloud-24259	TIMEOUT	990.363482508	976.0502454609959	567.853056	cloud-23982
loop-lit/cggmp2005.yml	true	true	20.603122646	11.638337775000764	557.416448	cloud-24261	true	23.529755029	12.760088476999954	595.357696	cloud-24441	true	19.937531357	10.838495920004789	586.293248	cloud-23979	true	20.448302063	11.220397254015552	508.108800	cloud-23933
loop-lit/cggmp2005_variant.yml	true	true	17.375370699	9.611923962000219	614.395904	cloud-24261	true	21.62802877	11.818212317004509	550.440960	cloud-24441	true	22.010474872	12.240030451000166	596.930560	cloud-23933	TIMEOUT	990.527230924	971.091970309004	2324.017152	cloud-23979
loop-lit/cggmp2005b.yml	true	true	16.573516936	10.525351571999636	613.203968	cloud-23943	true	22.210988427	12.384325298000476	580.349952	cloud-24444	true	18.129193272	10.32662710500017	580.849664	cloud-23979	true	23.371927505	13.033118546009064	553.189376	cloud-23938
loop-lit/css2003.yml	true	true	18.28562249	10.04562899099983	609.345536	cloud-24261	true	19.01598199	10.50250488599977	604.327936	cloud-24643	true	17.978821039	9.828193443000146	593.145856	cloud-23979	true	33.969775115	18.230902828014223	540.815360	cloud-23938
loop-lit/ddlm2013.yml	true	TIMEOUT	990.307353958	975.824074027998	598.822912	cloud-24261	TIMEOUT	990.365202468	973.5816692029985	612.802560	cloud-24444	ERROR (solver error, after parsing finished)	727.644358246	713.7918291559981	585.719808	cloud-23933	TIMEOUT	990.250910857	980.4216961619968	598.011904	cloud-23980
loop-lit/gj2007.c.i.p+lhb-reducer.yml	true	true	103.760104508	84.12189071499961	691.142656	cloud-24261	true	118.523300118	96.0307886720002	693.993472	cloud-24444	true	100.169763131	82.88625166000202	765.865984	cloud-23979	true	890.695750422	874.4671122089785	941.813760	cloud-23982
loop-lit/gj2007.c.i.p+nlh-reducer.yml	true	true	63.336378647	44.82858548100194	815.050752	cloud-24261	true	68.163617035	48.51293271900067	798.707712	cloud-24643	true	71.031871782	51.780489513002976	848.900096	cloud-24259	true	106.666714817	88.55476137800724	832.909312	cloud-23980
loop-lit/gj2007.yml	true	true	127.786387669	109.63505397399967	646.356992	cloud-23979	true	125.301905006	105.72801093499947	685.891584	cloud-24441	true	131.433177934	110.90242447300261	682.577920	cloud-23979	true	348.944153061	332.6873129279993	661.733376	cloud-23982
loop-lit/gj2007b.yml	true	true	19.894964605	10.834084370999335	588.017664	cloud-24261	true	25.561680403	13.952097899000364	573.321216	cloud-24441	true	22.211633719	12.36031617199842	540.868608	cloud-23933	TIMEOUT	990.388991903	974.941873157979	1138.208768	cloud-23933
loop-lit/gr2006.yml	true	true	299.290244661	280.3852307399975	819.171328	cloud-24261	true	243.700007866	226.33228494199284	748.027904	cloud-23941	true	334.367927022	312.0503503180007	853.635072	cloud-23979	true	448.989584535	432.01720898700296	673.804288	cloud-23933
loop-lit/gsv2008.c.i.p+cfa-reducer.yml	true	true	18.350902738	10.488561373000266	528.777216	cloud-23979	true	21.375514754	11.761468912001874	569.626624	cloud-24643	true	22.955425326	12.760921580993454	505.065472	cloud-24259	true	19.742024774	11.139239518990507	516.612096	cloud-23980
loop-lit/gsv2008.c.i.v+cfa-reducer.yml	true	true	24.159117061	13.098412135004764	550.154240	cloud-23979	true	22.969348552	12.495143328000268	563.113984	cloud-24643	true	23.934497607	13.263406625999778	548.593664	cloud-24259	true	19.223540445	10.625203631992918	513.388544	cloud-23979
loop-lit/gsv2008.c.i.v+lhb-reducer.yml	true	true	16.996898891	9.368584933999955	535.236608	cloud-23979	true	24.003176765	13.327410770001734	565.952512	cloud-24441	true	24.152235021	13.268822256999556	517.976064	cloud-24259	true	19.436844686	10.838869364990387	474.685440	cloud-23979
loop-lit/gsv2008.yml	true	true	19.942484272	11.166782409000007	593.637376	cloud-23979	true	24.133334566	13.387469700999645	575.004672	cloud-24643	true	21.605755442	12.05943114299589	588.976128	cloud-23979	true	20.379136564	11.001810508983908	499.703808	cloud-23933
loop-lit/hh2012-ex1b.yml	true	true	20.32761321	11.092460962001496	592.220160	cloud-23979	true	20.62889732	11.136014422998414	597.401600	cloud-24444	true	19.608245537	10.789681467999799	600.219648	cloud-23979	TIMEOUT	990.294856842	977.2021421479876	817.188864	cloud-23980
loop-lit/hh2012-ex2b.yml	true	true	20.175670381	10.975200721000874	578.502656	cloud-23979	true	25.68224673	13.887541711999802	604.733440	cloud-24441	true	21.060319832	11.635537068999838	575.356928	cloud-23933	true	19.114047886	10.413579226995353	545.067008	cloud-23979
loop-lit/hh2012-ex3.yml	true	true	21.574330995	11.702685670999927	591.732736	cloud-24261	true	24.164549418	13.13560434399551	545.689600	cloud-24444	true	22.091450854	12.129738266999993	551.931904	cloud-23933	true	20.467410011	11.420460498018656	557.621248	cloud-23933
loop-lit/hhk2008.yml	true	true	19.737163865	10.813037398998858	619.065344	cloud-24261	true	25.26588583	13.696594851999635	578.588672	cloud-24444	true	18.431997351	10.04467674099942	580.202496	cloud-23979	TIMEOUT	990.464084387	973.1553961739992	2073.313280	cloud-23979
loop-lit/jm2006.c.i.v+cfa-reducer.yml	true	true	18.804446745	10.393076901000313	534.966272	cloud-23979	true	22.011820211	11.937630672000523	568.369152	cloud-24441	true	23.757992481	13.039180713996757	559.366144	cloud-23933	TIMEOUT	990.28870631	976.7126250780129	1324.281856	cloud-23980
loop-lit/jm2006.yml	true	true	23.499531906	12.643334981999942	599.769088	cloud-23933	true	18.685554474	10.635395291003078	586.104832	cloud-24643	true	20.955202002	11.58392902399919	589.819904	cloud-23979	TIMEOUT	990.346627899	977.4435222799948	1865.342976	cloud-23980
loop-lit/jm2006_variant.yml	true	true	21.269044067	11.713165856999694	602.251264	cloud-23979	true	21.708309756	12.054641726004775	585.433088	cloud-24441	true	24.05819746	13.4606102559992	574.377984	cloud-23979	TIMEOUT	990.489103169	972.0530448380159	1938.194432	cloud-23933
loop-lit/mcmillan2006.yml	true	TIMEOUT (ERROR (server error, after parsing finished))	931.524707926	909.8314399990013	993.030144	cloud-23979	TIMEOUT (ERROR (server error, after parsing finished))	947.044578446	913.0389167739995	1104.855040	cloud-24444	ERROR (solver error, after parsing finished)	736.400951365	711.9374167669957	948.850688	cloud-23933	ERROR (server error, after parsing finished)	26.864785329	14.73356952299946	467.054592	cloud-23938
loop-lit/mine2017-ex4.10.yml	true	true	20.289326716	11.287586596999972	598.585344	cloud-24261	true	18.87473233	10.307171139997081	590.569472	cloud-24441	true	23.387621588	12.997701371998119	593.793024	cloud-24259	true	25.512581368	13.963841115008108	574.660608	cloud-23980
loop-lit/mine2017-ex4.6.yml	true	true	30.172359828	18.116726380998443	623.206400	cloud-23979	true	31.22286241	18.215720184998645	636.534784	cloud-24444	true	33.977317878	20.16384906699932	615.362560	cloud-23933	true	16.680525251	9.260120580001967	551.518208	cloud-23980
loop-lit/mine2017-ex4.7.yml	true	true	19.204220868	10.476485101000435	604.835840	cloud-23933	true	20.696489167	11.145502357001533	595.263488	cloud-24444	true	25.542018625	13.70867307699882	598.065152	cloud-23933	true	18.587578895	10.181370180012891	556.539904	cloud-23933
loop-lit/mine2017-ex4.8.yml	true	true	18.851626629	10.354454363001423	611.295232	cloud-24261	true	21.542723745	11.868592617000104	611.172352	cloud-24441	true	19.491809398	10.597033683996415	572.280832	cloud-23979	true	18.750366984	10.315491127985297	575.102976	cloud-23979
loop-new/count_by_1.yml	true	TIMEOUT (true)	940.812696586	912.5378349439998	792.489984	cloud-23933	TIMEOUT (true)	940.512017453	912.5814396919995	752.431104	cloud-24444	ERROR (solver error, after parsing finished)	735.018575833	713.3373040320002	713.560064	cloud-24259	true	19.118517302	10.456062013021437	554.921984	cloud-23979
loop-new/count_by_1_variant.yml	true	true	18.908320284	10.390552184002445	588.288000	cloud-24261	true	22.343879783	12.272160107997479	593.072128	cloud-24643	true	22.59425854	12.60035244300525	571.506688	cloud-23979	true	21.868612577	11.849570291000418	557.080576	cloud-23938
loop-new/count_by_2.yml	true	TIMEOUT	990.815797918	958.357818788998	809.992192	cloud-23933	TIMEOUT	990.802630404	956.3029267739985	807.489536	cloud-24643	ERROR (solver error, after parsing finished)	732.641648342	710.2246961840028	779.087872	cloud-23979	TIMEOUT	990.712831466	968.0130524559936	2067.365888	cloud-23982
loop-new/count_by_k.yml	true	TIMEOUT	990.581882584	959.1012084659978	930.623488	cloud-23979	TIMEOUT	990.632998057	955.9988698489979	1413.279744	cloud-24441	ERROR (verification stuck, after parsing finished)	760.959562433	731.7300737519981	897.531904	cloud-23933	TIMEOUT	990.306775421	973.7341875170241	672.141312	cloud-23933
loop-new/count_by_nondet.yml	true	TIMEOUT	990.6157923	962.1317611779996	809.746432	cloud-23933	TIMEOUT	990.578275493	964.5708844910005	777.818112	cloud-24643	ERROR (solver error, after parsing finished)	733.195806245	709.5823610610005	743.800832	cloud-23979	TIMEOUT	990.339010031	974.370973261015	993.361920	cloud-23938
loop-new/gauss_sum.i.p+cfa-reducer.yml	true	ERROR (solver error, after parsing finished)	23.168871994	13.152544818999559	516.218880	cloud-24261	ERROR (solver error, after parsing finished)	29.64158773	16.157658691001416	530.612224	cloud-24441	ERROR (server error, after parsing finished)	24.387173044	13.256974754999646	512.614400	cloud-23933	ERROR (solver error, after parsing finished)	19.840856733	10.823376681015361	530.497536	cloud-23933
loop-new/gauss_sum.i.p+lhb-reducer.yml	true	ERROR (solver error, after parsing finished)	27.744922799	15.173080883001603	545.878016	cloud-23933	ERROR (solver error, after parsing finished)	26.904223531	14.931501596998714	563.228672	cloud-24441	ERROR (solver error, after parsing finished)	21.319032104	11.652996484997857	512.040960	cloud-24259	ERROR (solver error, after parsing finished)	24.482815627	13.256078289006837	514.949120	cloud-23979
loop-new/gauss_sum.i.v+cfa-reducer.yml	true	ERROR (solver error, after parsing finished)	21.255110542	11.646603838999908	520.478720	cloud-24261	ERROR (solver error, after parsing finished)	22.975805197	12.713632436003536	514.932736	cloud-24441	ERROR (server error, after parsing finished)	19.849349273	10.930302626000412	515.231744	cloud-23933	ERROR (solver error, after parsing finished)	16.260364995	8.95140370997251	467.124224	cloud-23980
loop-new/gauss_sum.yml	true	ERROR (solver error, after parsing finished)	22.785791998	12.877018995999606	586.559488	cloud-24261	ERROR (solver error, after parsing finished)	18.618354059	10.225979547998577	593.457152	cloud-23943	ERROR (solver error, after parsing finished)	21.065896611	11.50595637600054	567.562240	cloud-23933	ERROR (solver error, after parsing finished)	21.968495099	12.164876144990558	532.733952	cloud-23980
loop-new/half.yml	true	true	23.864391516	12.852967353999702	579.657728	cloud-24261	true	21.672656596	11.75467130299512	594.350080	cloud-24444	true	19.020284722	10.29909573400073	609.124352	cloud-23979	TIMEOUT	990.277789788	977.8484716730018	902.877184	cloud-23980
loop-new/nested-1.yml	true	TIMEOUT	990.333783716	966.5734734849975	809.791488	cloud-23933	TIMEOUT	990.396173999	969.9512775869989	754.454528	cloud-24643	ERROR (solver error, after parsing finished)	729.125533542	711.2810193580008	770.568192	cloud-23933	TIMEOUT	990.274307362	976.5813893729937	786.120704	cloud-23982
loop-industry-pattern/aiob_1.yml	true	ERROR (frontend failed, before parsing finished)	2.785651262	1.5863523929983785	127.504384	cloud-24261	ERROR (frontend failed, before parsing finished)	2.773417475	1.6369412509957328	117.637120	cloud-24444	ERROR (frontend failed, before parsing finished)	2.960697571	1.6937665810037288	126.517248	cloud-23979	ERROR (frontend failed, before parsing finished)	2.7550434	1.6076073130243458	115.884032	cloud-23982
loop-industry-pattern/aiob_2.yml	true	ERROR (frontend failed, before parsing finished)	2.979629521	1.7239508419988852	126.140416	cloud-23979	ERROR (frontend failed, before parsing finished)	2.370365645	1.3453682510007638	125.026304	cloud-23942	ERROR (frontend failed, before parsing finished)	2.198170615	1.3037345220000134	115.793920	cloud-24259	ERROR (frontend failed, before parsing finished)	3.072777324	1.785417064995272	130.232320	cloud-23933
loop-industry-pattern/aiob_3.yml	true	ERROR (frontend failed, before parsing finished)	2.851414971	1.610149731999627	127.672320	cloud-24261	ERROR (frontend failed, before parsing finished)	2.781591695	1.5996630659974471	118.054912	cloud-24643	ERROR (frontend failed, before parsing finished)	3.500203353	1.965750390998437	126.701568	cloud-23979	ERROR (frontend failed, before parsing finished)	2.776002662	1.583945723978104	126.246912	cloud-23982
loop-industry-pattern/aiob_4.c.v+cfa-reducer.yml	true	ERROR (frontend failed, before parsing finished)	2.23066555	1.343685692998406	117.690368	cloud-23944	ERROR (frontend failed, before parsing finished)	2.763677352	1.6230064069968648	114.429952	cloud-24643	ERROR (frontend failed, before parsing finished)	3.215451892	1.8425861590003478	126.062592	cloud-23933	ERROR (frontend failed, before parsing finished)	2.321252479	1.3816395169997122	115.937280	cloud-23979
loop-industry-pattern/aiob_4.c.v+lh-reducer.yml	true	ERROR (frontend failed, before parsing finished)	2.316897768	1.3273793230000592	126.488576	cloud-23979	ERROR (frontend failed, before parsing finished)	3.101533185	1.7710153270018054	124.207104	cloud-24444	ERROR (frontend failed, before parsing finished)	2.387975564	1.4218900949999806	114.749440	cloud-23979	ERROR (frontend failed, before parsing finished)	2.012918507	1.1830744729959406	115.949568	cloud-23982
loop-industry-pattern/aiob_4.c.v+lhb-reducer.yml	true	ERROR (frontend failed, before parsing finished)	4.07773626	2.2635384739987785	127.016960	cloud-23933	ERROR (frontend failed, before parsing finished)	2.893352413	1.6868575179996697	117.047296	cloud-24444	ERROR (frontend failed, before parsing finished)	3.385990343	1.9420427680015564	126.205952	cloud-23933	ERROR (frontend failed, before parsing finished)	3.719472001	2.102489346987568	123.621376	cloud-23979
loop-industry-pattern/aiob_4.c.v+nlh-reducer.yml	true	ERROR (frontend failed, before parsing finished)	2.91711761	1.6926299059996381	132.759552	cloud-23933	ERROR (frontend failed, before parsing finished)	3.80417076	2.151400488000945	139.792384	cloud-24441	ERROR (frontend failed, before parsing finished)	3.068603092	1.7430793230014388	130.469888	cloud-23979	ERROR (frontend failed, before parsing finished)	3.10172072	1.7688440129859373	136.945664	cloud-23979
loop-industry-pattern/aiob_4.yml	true	ERROR (frontend failed, before parsing finished)	3.645097521	2.0325303610006813	127.709184	cloud-23933	ERROR (frontend failed, before parsing finished)	2.353723549	1.361272337999253	128.901120	cloud-24643	ERROR (frontend failed, before parsing finished)	2.856144118	1.683278466000047	116.219904	cloud-23933	ERROR (frontend failed, before parsing finished)	3.167004437	1.8374874159926549	116.486144	cloud-23938
loop-industry-pattern/mod3.c.v+cfa-reducer.yml	true	true	23.346034925	13.003287268998974	621.658112	cloud-23933	true	24.518429107	13.694126086000324	625.307648	cloud-24444	true	22.041337825	12.097704347997933	619.687936	cloud-23979	true	19.738678089	11.253703046008013	541.724672	cloud-23979
loop-industry-pattern/mod3.c.v+lhb-reducer.yml	true	true	23.353774001	12.90808328500134	537.731072	cloud-23933	true	20.376557288	11.258022080000956	581.189632	cloud-24643	true	18.99729664	10.569957153995347	573.095936	cloud-23944	true	20.992621019	11.89112683600979	567.713792	cloud-23979
loop-industry-pattern/mod3.c.v+sep-reducer.yml	true	true	23.259928823	13.62518608100072	574.902272	cloud-23979	true	26.433627	14.897702906999257	596.799488	cloud-24444	true	25.872448046	14.848785575995862	575.774720	cloud-24259	true	32.640739747	18.016832082998008	503.484416	cloud-23938
loop-industry-pattern/mod3.yml	true	true	17.705844739	10.12543396000001	604.061696	cloud-23944	true	23.789875259	13.546285685995826	589.324288	cloud-24444	true	26.716695879	15.063377951999428	547.446784	cloud-23933	true	19.77083231	11.007695482985582	558.354432	cloud-23980
loop-industry-pattern/ofuf_1.yml	true	ERROR (frontend failed, before parsing finished)	2.870534919	1.6535264489994006	129.806336	cloud-24261	ERROR (frontend failed, before parsing finished)	3.405703459	1.9022324569996272	132.206592	cloud-24643	ERROR (frontend failed, before parsing finished)	3.102248634	1.8092941649956629	121.925632	cloud-23979	ERROR (frontend failed, before parsing finished)	2.805884986	1.570728517981479	129.826816	cloud-23980
loop-industry-pattern/ofuf_2.yml	true	ERROR (frontend failed, before parsing finished)	2.927817744	1.679045072000008	130.641920	cloud-24261	ERROR (frontend failed, before parsing finished)	3.30232117	1.874770365000586	133.513216	cloud-24441	ERROR (frontend failed, before parsing finished)	2.542352982	1.4665075080010865	130.928640	cloud-24259	ERROR (frontend failed, before parsing finished)	3.865889718	2.1916972910112236	122.712064	cloud-23982
loop-industry-pattern/ofuf_3.yml	true	ERROR (frontend failed, before parsing finished)	3.750592382	2.0759030199988047	131.375104	cloud-23933	ERROR (frontend failed, before parsing finished)	3.80739397	2.1636006949993316	131.510272	cloud-24441	ERROR (frontend failed, before parsing finished)	3.484870459	1.9674711270054104	131.014656	cloud-23979	ERROR (frontend failed, before parsing finished)	2.916630689	1.725710408994928	131.895296	cloud-23982
loop-industry-pattern/ofuf_4.yml	true	ERROR (frontend failed, before parsing finished)	2.645268628	1.5394980750006653	121.233408	cloud-24261	ERROR (frontend failed, before parsing finished)	3.301425434	1.9095288470016385	126.255104	cloud-24444	ERROR (frontend failed, before parsing finished)	3.103384466	1.7415357700010645	121.114624	cloud-24259	ERROR (frontend failed, before parsing finished)	2.562473392	1.443731792998733	129.052672	cloud-23980
loop-industry-pattern/ofuf_5.yml	true	ERROR (frontend failed, before parsing finished)	3.040074495	1.7498144339988357	120.770560	cloud-23933	ERROR (frontend failed, before parsing finished)	3.873915016	2.161314740005764	132.411392	cloud-24441	ERROR (frontend failed, before parsing finished)	3.156781965	1.7698107169999275	131.469312	cloud-23979	ERROR (frontend failed, before parsing finished)	3.915268033	2.1911199349851813	130.244608	cloud-23982
loops-crafted-1/Mono1_1-1.yml	false	TIMEOUT	990.329460711	971.3854525089992	572.628992	cloud-23933	TIMEOUT	990.415293758	967.1903707910024	711.901184	cloud-24643	ERROR (solver error, after parsing finished)	729.015851019	710.7581546609999	619.819008	cloud-23933	TIMEOUT	990.262859076	975.0576705800195	548.900864	cloud-23938
loops-crafted-1/Mono1_1-2.yml	true	TIMEOUT	990.520717034	962.6278548979972	790.433792	cloud-23933	TIMEOUT	990.513448626	962.6584090899996	797.446144	cloud-24444	ERROR (solver error, after parsing finished)	729.970426725	709.7603581649964	735.019008	cloud-23979	TIMEOUT	990.274348107	976.529441111983	555.048960	cloud-23938
loops-crafted-1/Mono3_1.yml	false	TIMEOUT (ERROR (inner timeout, after parsing finished))	958.956605178	945.3309208360006	635.944960	cloud-23979	TIMEOUT (ERROR (inner timeout, after parsing finished))	970.306523082	950.0298033580002	626.130944	cloud-24441	ERROR (server error, after parsing finished)	52.110163362	41.863507473994105	591.749120	cloud-23979	TIMEOUT	990.207234502	980.5103993609955	594.735104	cloud-23980
loops-crafted-1/Mono4_1.yml	false	TIMEOUT	990.633674527	960.4798928529999	783.032320	cloud-24261	TIMEOUT	990.696166832	958.489530122999	788.492288	cloud-24441	ERROR (solver error, after parsing finished)	735.722085326	710.7818435160007	793.300992	cloud-23979	TIMEOUT	990.281292542	973.7636762740149	711.565312	cloud-23933
loops-crafted-1/Mono5_1.yml	false	TIMEOUT	990.373661668	973.9532625690008	556.859392	cloud-23933	TIMEOUT	990.397489178	966.498132372999	995.123200	cloud-24444	ERROR (verification stuck, after parsing finished)	740.954451095	722.4609556400028	775.610368	cloud-24259	TIMEOUT	990.236244141	976.5513164300064	597.422080	cloud-23980
loops-crafted-1/Mono6_1.yml	false	TIMEOUT	990.322357734	975.4398287960012	594.763776	cloud-23979	TIMEOUT	990.338381117	975.1502696629977	593.252352	cloud-24643	ERROR (solver error, after parsing finished)	736.297426507	725.278787318	574.611456	cloud-23979	TIMEOUT	990.256476648	976.606099786004	582.459392	cloud-23938
loops-crafted-1/discover_list.yml	true	ERROR (frontend failed, before parsing finished)	2.607996	1.5025537819965393	135.462912	cloud-23979	ERROR (frontend failed, before parsing finished)	4.26709651	2.343816077998781	140.455936	cloud-24444	ERROR (frontend failed, before parsing finished)	2.462191667	1.4467990570010443	133.767168	cloud-23979	ERROR (frontend failed, before parsing finished)	3.272265743	1.8719309890002478	153.300992	cloud-23938
loops-crafted-1/iftelse.yml	true	TIMEOUT	990.325516986	972.3204530200001	644.239360	cloud-24261	TIMEOUT	990.430112864	968.2884418950016	626.728960	cloud-24444	true	322.416493735	306.44414577600037	687.054848	cloud-24259	TIMEOUT	990.271332327	977.4131360509782	555.753472	cloud-23933
loops-crafted-1/in-de20.yml	true	TIMEOUT	990.328288202	974.8847534009983	638.083072	cloud-23979	TIMEOUT	990.319621219	975.2255226920024	632.627200	cloud-24643	ERROR (solver error, after parsing finished)	721.375819933	710.2361366719999	620.122112	cloud-23942	TIMEOUT	990.251019505	977.4705701149942	585.379840	cloud-23938
loops-crafted-1/in-de31.yml	true	ERROR (generic error, after parsing finished)	879.732038785	823.8525064669993	2089.996288	cloud-24261	TIMEOUT	990.821024563	879.6015218389985	2044.764160	cloud-24441	ERROR (server error, after parsing finished)	691.424800775	625.7996773	2100.482048	cloud-23933	TIMEOUT	990.246421392	979.0426096079755	605.372416	cloud-23982
loops-crafted-1/in-de32.yml	true	TIMEOUT	990.304847159	976.2484404499992	565.805056	cloud-23979	TIMEOUT	990.354064713	972.9413135890027	572.338176	cloud-24441	ERROR (solver error, after parsing finished)	725.115327767	711.8011522429952	553.590784	cloud-23933	TIMEOUT	990.251465498	976.7222261889838	612.126720	cloud-23979
loops-crafted-1/in-de41.yml	true	TIMEOUT	990.318577606	973.3689692439984	630.337536	cloud-23979	TIMEOUT	990.439532824	967.5148963280008	799.641600	cloud-24441	ERROR (solver error, after parsing finished)	730.584760925	711.0484599980045	869.720064	cloud-23933	TIMEOUT	990.210980723	979.9286280089873	647.667712	cloud-23980
loops-crafted-1/in-de42.yml	true	TIMEOUT	990.36712441	974.2557261670008	554.545152	cloud-23933	TIMEOUT	990.284363992	977.752927870999	590.090240	cloud-24643	ERROR (solver error, after parsing finished)	720.519587533	709.8888621969963	553.476096	cloud-23979	TIMEOUT	990.283532917	975.1249023109849	601.128960	cloud-23933
loops-crafted-1/in-de51.yml	true	TIMEOUT	991.987521211	509.4991603540002	2134.556672	cloud-23933	TIMEOUT	992.104759409	509.29415698499906	2104.086528	cloud-24441	TIMEOUT	992.093973652	511.47664931000327	2130.608128	cloud-24259	TIMEOUT	990.303758701	975.3199061769992	634.253312	cloud-23938
loops-crafted-1/in-de52.yml	true	TIMEOUT	990.35862042	971.0226441400009	630.444032	cloud-23933	TIMEOUT	990.321653378	974.9619776999971	582.078464	cloud-24643	ERROR (solver error, after parsing finished)	722.091343834	709.5102414329999	645.443584	cloud-23979	TIMEOUT	990.277361906	974.7727063450147	583.843840	cloud-23938
loops-crafted-1/in-de61.yml	true	TIMEOUT	990.528492517	954.7902531299987	1474.101248	cloud-24261	TIMEOUT	990.659846726	942.5600060990037	1477.701632	cloud-24444	ERROR (solver error, after parsing finished)	741.323013275	712.4061280219976	1410.752512	cloud-24259	TIMEOUT	990.319199546	977.2572104720166	639.537152	cloud-23979
loops-crafted-1/in-de62.yml	true	TIMEOUT	990.337188686	971.600888936	658.841600	cloud-24261	TIMEOUT	990.385872462	971.1683410149999	581.660672	cloud-24441	ERROR (solver error, after parsing finished)	726.613362882	711.1409592709997	629.129216	cloud-23933	TIMEOUT	990.293450724	975.3466180480027	592.928768	cloud-23938
loops-crafted-1/loopv1.yml	true	true	18.755050728	10.374866166999709	565.256192	cloud-23979	true	21.022344848	11.727582290004648	607.313920	cloud-24444	true	19.733865186	10.733098103002703	596.398080	cloud-23979	TIMEOUT	990.26440787	973.7293120480026	573.829120	cloud-23979
loops-crafted-1/loopv2.yml	true	true	22.138740195	12.389774143997784	614.928384	cloud-24261	true	25.081303286	13.587452686995675	616.763392	cloud-24643	true	25.62072595	14.008988573004899	561.631232	cloud-23933	TIMEOUT	990.292367964	974.3161227260134	701.370368	cloud-23938
loops-crafted-1/loopv3.yml	true	TIMEOUT	990.54014345	962.7636561449999	774.541312	cloud-24261	TIMEOUT	990.737529132	961.1960174269989	851.730432	cloud-24643	ERROR (verification stuck, after parsing finished)	756.415865827	731.1774280059981	746.590208	cloud-23941	TIMEOUT	990.270478359	974.4490062900004	621.977600	cloud-23938
loops-crafted-1/mono-crafted_1.yml	true	TIMEOUT	990.540608835	961.6048363010004	754.950144	cloud-24261	TIMEOUT	990.679444421	959.4277761979974	794.222592	cloud-24441	ERROR (verification stuck, after parsing finished)	856.444645277	829.9890525090013	753.774592	cloud-23933	TIMEOUT	990.2767539	976.8434522550087	1002.311680	cloud-23980
loops-crafted-1/mono-crafted_10.yml	true	TIMEOUT	990.341726217	974.3908919979986	600.215552	cloud-24261	TIMEOUT	990.345331154	975.803417916999	615.129088	cloud-24643	ERROR (solver error, after parsing finished)	728.58846916	713.4460856279984	606.724096	cloud-23933	TIMEOUT	990.279238402	975.9227504059963	596.201472	cloud-23979
loops-crafted-1/mono-crafted_11.yml	true	true	19.62419497	11.25688426600027	548.077568	cloud-23979	true	24.744518673	14.418911986002058	563.023872	cloud-24441	true	24.477076754	14.049423895001382	578.179072	cloud-23933	TIMEOUT	990.306880224	975.4558404739946	584.552448	cloud-23933
loops-crafted-1/mono-crafted_12.yml	true	true	19.111205997	10.859756329999072	617.603072	cloud-23979	true	21.126957277	11.661280394000642	586.498048	cloud-24643	true	19.944115652	11.215243914994062	601.100288	cloud-23979	TIMEOUT	990.245072026	976.4531085230119	587.894784	cloud-23933
loops-crafted-1/mono-crafted_13.yml	true	TIMEOUT	990.543174229	963.9985909269963	945.618944	cloud-23979	TIMEOUT	990.611959907	957.2372764590036	773.861376	cloud-24441	ERROR (solver error, after parsing finished)	735.373744257	710.409898647	736.391168	cloud-23933	TIMEOUT	990.262646973	974.4261626560183	857.321472	cloud-23982
loops-crafted-1/mono-crafted_14.yml	true	TIMEOUT	990.608902219	959.6228634099989	743.116800	cloud-24261	TIMEOUT	990.622088664	958.0030132510001	755.122176	cloud-24441	ERROR (solver error, after parsing finished)	739.754548954	712.8432564110008	669.298688	cloud-23933	TIMEOUT	990.273157592	974.5803006269853	586.006528	cloud-23979
loops-crafted-1/mono-crafted_3.yml	true	TIMEOUT	990.664925587	959.812462893	742.612992	cloud-23933	TIMEOUT	990.397906096	966.4355297500006	756.330496	cloud-24643	ERROR (solver error, after parsing finished)	733.905839249	711.1985702160018	864.665600	cloud-24259	TIMEOUT	990.295119089	977.313751180016	954.208256	cloud-23982
loops-crafted-1/mono-crafted_6.yml	true	TIMEOUT	990.645510948	960.345978141002	808.284160	cloud-24261	TIMEOUT	990.667024208	960.3291692059938	816.656384	cloud-24444	ERROR (solver error, after parsing finished)	733.16772561	711.4282269089999	710.385664	cloud-24259	TIMEOUT	990.342985719	973.6810872119968	1119.735808	cloud-23933
loops-crafted-1/mono-crafted_7.yml	true	TIMEOUT	990.596863902	958.428244228	800.473088	cloud-24261	TIMEOUT	990.652628105	960.6673958079991	811.466752	cloud-24444	ERROR (solver error, after parsing finished)	731.073045558	709.2946045799981	777.981952	cloud-23979	TIMEOUT	990.368093759	972.3711972839956	985.309184	cloud-23938
loops-crafted-1/mono-crafted_8.yml	true	TIMEOUT	990.452207125	961.3908536980016	854.683648	cloud-23979	TIMEOUT	990.487173902	959.9401194210004	882.278400	cloud-24444	ERROR (solver error, after parsing finished)	734.898425526	711.8378132090002	849.076224	cloud-24259	TIMEOUT	990.289758479	977.0472923039924	558.551040	cloud-23933
loops-crafted-1/mono-crafted_9.yml	true	TIMEOUT	990.560365652	961.0341581589998	792.391680	cloud-24261	TIMEOUT	990.524686086	962.8644087450002	798.138368	cloud-24643	ERROR (solver error, after parsing finished)	734.282427824	710.6179784630003	733.634560	cloud-23933	TIMEOUT	990.264231706	972.0513626320171	721.653760	cloud-23933
loops-crafted-1/nested3-1.yml	true	TIMEOUT	990.354552077	974.4795108689977	564.088832	cloud-23933	TIMEOUT	990.357078448	975.6910408990007	610.377728	cloud-24444	ERROR (solver error, after parsing finished)	739.065054318	725.3167904509974	635.875328	cloud-23933	TIMEOUT	990.247752092	978.432416523021	662.351872	cloud-23942
loops-crafted-1/nested3-1_abstracted.yml	true	TIMEOUT (ERROR (inner timeout, after parsing finished))	930.88010078	913.9940436600009	687.833088	cloud-23933	TIMEOUT (ERROR (inner timeout, after parsing finished))	933.231382147	914.1632347949999	671.059968	cloud-24444	ERROR (server error, after parsing finished)	20.611382866	11.295650387000933	584.957952	cloud-23942	TIMEOUT	990.26109894	976.1821514549956	599.470080	cloud-23938
loops-crafted-1/nested3-2.yml	false	TIMEOUT	990.510426308	958.8869979469998	848.613376	cloud-24261	TIMEOUT	990.38791246	966.5150364270012	877.158400	cloud-24643	ERROR (verification stuck, after parsing finished)	744.584605079	717.4738849010027	1074.696192	cloud-23979	TIMEOUT	990.214251876	977.2089111449895	573.730816	cloud-23982
loops-crafted-1/nested3-2_abstracted.yml	false	false(unreach-call)	22.887247633	12.714996347000124	566.382592	cloud-23933	false(unreach-call)	27.666915696	15.270541320998746	595.296256	cloud-24643	false(unreach-call)	21.237877786	11.48073970599944	613.584896	cloud-23979	false(unreach-call)	23.874000521	13.304781757004093	553.926656	cloud-23938
loops-crafted-1/nested5-1.yml	true	true	29.168458636	17.533770666001146	601.632768	cloud-23940	true	33.482917806	19.671285809003166	539.766784	cloud-24441	ERROR (solver error, after parsing finished)	29.791560343	17.995043265997083	555.999232	cloud-24259	true	24.239264131	13.305606617999729	542.273536	cloud-23982
loops-crafted-1/nested5-2.yml	false	TIMEOUT	990.530999366	960.8527075450002	855.445504	cloud-23933	TIMEOUT	990.521800884	958.7786447440012	928.526336	cloud-24444	ERROR (verification stuck, after parsing finished)	750.635720243	720.6822873419951	957.460480	cloud-23979	TIMEOUT	990.234890532	976.6561007720011	611.561472	cloud-23982
loops-crafted-1/nested_delay_nd.yml	true	TIMEOUT	990.477457648	963.8731235689993	880.017408	cloud-23979	TIMEOUT	990.591476018	962.5322048679991	728.985600	cloud-24643	ERROR (solver error, after parsing finished)	734.272434962	711.1878781499981	767.696896	cloud-23979	TIMEOUT	990.326814747	975.1049479549984	956.162048	cloud-23933
loops-crafted-1/nested_delay_notd2.yml	false	TIMEOUT	990.517835643	962.5853466899989	744.558592	cloud-24261	TIMEOUT	990.664673475	959.4616271020022	700.555264	cloud-24444	ERROR (solver error, after parsing finished)	722.623784127	707.675654566	690.155520	cloud-23943	TIMEOUT	990.249886914	974.0270392149978	947.830784	cloud-23982
loops-crafted-1/net_reset.yml	true	ERROR (frontend failed, before parsing finished)	3.155367495	1.79094675700253	125.177856	cloud-24261	ERROR (frontend failed, before parsing finished)	3.53620267	1.9925167269975645	127.979520	cloud-24444	ERROR (frontend failed, before parsing finished)	3.136176102	1.7855363839989877	126.615552	cloud-23979	ERROR (frontend failed, before parsing finished)	3.614523091	2.094745107984636	126.943232	cloud-23982
loops-crafted-1/sum_by_3.yml	true	TIMEOUT	990.33474726	973.6144783309974	594.759680	cloud-23933	TIMEOUT	990.351201029	971.3236016620031	566.571008	cloud-24643	ERROR (solver error, after parsing finished)	730.551446647	718.5740766720046	593.272832	cloud-23979	TIMEOUT	990.233794876	976.7617895879957	562.679808	cloud-23933
loops-crafted-1/sum_by_3_abstracted.yml	true	TIMEOUT	990.29119769	975.2530898339974	613.031936	cloud-24261	TIMEOUT	990.328310467	974.8862261070026	645.177344	cloud-24643	true	489.322652852	477.17010664199915	584.167424	cloud-23979	TIMEOUT	990.212123595	976.6075348030136	556.343296	cloud-23980
loops-crafted-1/sum_natnum.yml	true	ERROR (solver error, after parsing finished)	137.673020441	124.81871475499793	673.136640	cloud-23979	ERROR (solver error, after parsing finished)	175.410468693	159.9879487809958	694.333440	cloud-24643	ERROR (solver error, after parsing finished)	121.443591719	111.22723020299964	634.335232	cloud-23979	ERROR (solver error, after parsing finished)	34.22728954	22.14176253200276	582.930432	cloud-23982
loops-crafted-1/sumt2.yml	true	true	21.69725126	12.01118434000091	566.071296	cloud-23933	true	20.618398633	11.38734088899946	577.966080	cloud-24444	true	24.159630462	13.504544711999188	520.368128	cloud-24259	TIMEOUT	990.219260176	978.665128550987	533.544960	cloud-23980
loops-crafted-1/sumt3.yml	true	true	19.653357918	11.122690717000296	582.733824	cloud-23979	true	22.475354301	12.906962839999323	512.905216	cloud-24441	true	24.009066045	13.768869010003982	518.463488	cloud-24259	TIMEOUT	990.214077027	980.1034003890236	596.119552	cloud-23980
loops-crafted-1/sumt4.yml	true	true	21.480953755	13.322496133998357	538.439680	cloud-23979	true	27.05622177	16.371827895003662	579.477504	cloud-24643	true	24.035375989	14.468104837999817	507.568128	cloud-23979	TIMEOUT	990.291151508	976.3748316550045	587.030528	cloud-23933
loops-crafted-1/sumt5.yml	true	true	29.857661951	21.144353887999387	568.754176	cloud-23979	true	33.849854205	24.990159861001302	531.869696	cloud-24643	true	34.673456088	25.1348954770001	549.482496	cloud-23933	TIMEOUT	990.25743155	978.6239643169974	559.394816	cloud-23941
loops-crafted-1/sumt6.yml	true	true	29.335197332	18.150696005999635	561.934336	cloud-23933	true	28.656037074	17.74964147999708	561.532928	cloud-24444	true	18.197386923	11.687415289998171	571.650048	cloud-23939	TIMEOUT	990.276624316	979.6357035659894	615.911424	cloud-23980
loops-crafted-1/sumt7.yml	true	TIMEOUT	990.282295084	969.9435998549998	693.215232	cloud-24261	TIMEOUT	990.384243565	967.964860373002	717.885440	cloud-24441	TIMEOUT (ERROR (inner timeout, after parsing finished))	924.653650702	907.8914775350004	696.107008	cloud-23933	TIMEOUT	990.281763989	977.8754151340108	605.999104	cloud-23980
loops-crafted-1/sumt8.yml	true	TIMEOUT (ERROR (inner timeout, after parsing finished))	930.45387877	914.5899358360002	642.449408	cloud-23979	TIMEOUT (ERROR (inner timeout, after parsing finished))	935.276931863	916.4467974880026	680.235008	cloud-24441	ERROR (server error, after parsing finished)	22.93602247	13.531148377000136	584.601600	cloud-23979	TIMEOUT	990.283905373	975.5315631400154	685.203456	cloud-23982
loops-crafted-1/sumt9.yml	true	TIMEOUT (ERROR (inner timeout, after parsing finished))	969.432351991	946.9953740719975	1041.604608	cloud-23933	TIMEOUT	990.544157958	961.7182050039992	1235.550208	cloud-24643	ERROR (solver error, after parsing finished)	731.39249744	710.3278844320012	1238.855680	cloud-23979	TIMEOUT	990.256043894	978.6522094930115	691.900416	cloud-23980
loops-crafted-1/theatreSquare.yml	true	TIMEOUT	990.528965089	962.0916829490016	899.018752	cloud-24261	TIMEOUT	990.574780667	960.3005858620018	884.928512	cloud-24444	ERROR (solver error, after parsing finished)	737.696545121	713.1043867239932	788.328448	cloud-24259	TIMEOUT	990.248780693	976.5708883019979	734.171136	cloud-23980
loops-crafted-1/vnew1.yml	true	TIMEOUT	992.142371743	593.170884608	2111.664128	cloud-24261	TIMEOUT	991.695521409	623.0192091610006	2105.044992	cloud-24441	TIMEOUT	992.181956661	610.315433453994	2093.674496	cloud-23979	TIMEOUT	990.266459634	975.6851780430006	534.937600	cloud-23938
loops-crafted-1/vnew2.yml	true	TIMEOUT	990.381077006	972.8481625539971	643.178496	cloud-23979	TIMEOUT	990.315244791	973.5399071229986	622.309376	cloud-24643	ERROR (solver error, after parsing finished)	724.03301298	710.8030894459998	716.242944	cloud-23979	TIMEOUT	990.246994221	977.7348759190063	681.172992	cloud-23980
loops-crafted-1/watermelon.yml	true	TIMEOUT	990.441366266	965.2221268139983	958.812160	cloud-23979	TIMEOUT	990.515862054	962.4895451169978	1105.428480	cloud-24643	ERROR (verification stuck, after parsing finished)	798.157306492	770.2619074030008	1016.229888	cloud-23933	TIMEOUT	990.282189797	972.7659926339984	731.541504	cloud-23938
loop-invariants/bin-suffix-5.yml	true	true	20.684472103	11.484087916000135	536.809472	cloud-24261	true	23.652616678	13.450481259998924	569.978880	cloud-24643	true	21.384238022	11.713589687999047	547.663872	cloud-23979	TIMEOUT	990.327289547	972.9427549169923	1032.462336	cloud-23979
loop-invariants/const.yml	true	true	21.805153056	12.037006753000242	609.918976	cloud-24261	true	22.270170276	12.268329370999709	539.889664	cloud-24444	true	20.99275181	11.665948836998723	586.743808	cloud-23979	TIMEOUT	990.266174014	976.045313295006	590.770176	cloud-23938
loop-invariants/eq1.yml	true	true	22.402074352	12.150047513001482	598.216704	cloud-23933	true	23.607245628	13.080552104001981	608.620544	cloud-24643	true	19.493166596	10.768123807999928	532.750336	cloud-23933	TIMEOUT	990.268434743	977.4222347369941	606.371840	cloud-23979
loop-invariants/eq2.yml	true	true	22.446056104	12.45499201200073	600.633344	cloud-23933	true	17.292638957	9.614384366002923	563.912704	cloud-24444	true	21.781928269	12.18206745399948	580.595712	cloud-23979	TIMEOUT	990.253595448	978.2921118919912	557.821952	cloud-23933
loop-invariants/even.yml	true	true	18.114390036	10.182597973001975	554.795008	cloud-23979	true	18.740526015	10.436222619006003	564.146176	cloud-24643	true	21.529234178	11.735922890999063	546.381824	cloud-23933	TIMEOUT	990.246683274	975.5356852310069	533.028864	cloud-23938
loop-invariants/linear-inequality-inv-a.yml	true	TIMEOUT	990.78268647	662.2694660359994	2084.663296	cloud-24261	TIMEOUT	991.02974174	760.1865612710026	2098.249728	cloud-24444	TIMEOUT (ERROR (solver error, after parsing finished))	972.251912816	712.4837155519999	2070.986752	cloud-24259	TIMEOUT	990.276863767	976.7329713740037	533.536768	cloud-23938
loop-invariants/linear-inequality-inv-b.yml	false	false(unreach-call)	24.162829781	13.143592533000628	600.039424	cloud-23933	false(unreach-call)	21.792687484	12.020715896003821	563.908608	cloud-24441	false(unreach-call)	21.805223964	12.19997222999973	597.815296	cloud-23933	false(unreach-call)	22.311423501	13.59143812500406	559.034368	cloud-23933
loop-invariants/linear-inequality-inv-c.yml	true	TIMEOUT	990.296609666	969.5793111319999	610.721792	cloud-23933	TIMEOUT	990.341644206	972.8249557389936	635.342848	cloud-24441	ERROR (solver error, after parsing finished)	726.859270798	712.7475938439998	604.463104	cloud-23933	TIMEOUT	990.301572771	977.1787567179999	581.951488	cloud-23982
loop-invariants/mod4.yml	true	true	22.939251187	12.706001222999475	553.877504	cloud-23933	true	20.166636891	11.314218061001156	585.068544	cloud-24444	true	20.63495842	11.178196691999801	600.596480	cloud-23933	TIMEOUT	990.27596059	976.6282738079899	559.022080	cloud-23979
loop-invariants/odd.yml	true	true	21.176414948	11.662934487998427	605.216768	cloud-23979	true	18.027292467	10.177704408999944	557.948928	cloud-24444	true	22.847501767	12.693174714000634	560.304128	cloud-24259	TIMEOUT	990.294232434	975.9567167969944	621.801472	cloud-23979
loop-invariants64/linear-inequality-inv-d.yml	true	TIMEOUT	990.288837409	974.8020553250026	642.691072	cloud-23979	TIMEOUT	990.386482671	971.4996510720011	667.369472	cloud-24444	ERROR (solver error, after parsing finished)	722.786992279	710.6622623790026	616.697856	cloud-23979	TIMEOUT	990.208590433	980.3562574449752	583.086080	cloud-23980
loop-simple/deep-nested.yml	false	TIMEOUT	990.345735944	968.7378463069999	633.864192	cloud-23933	TIMEOUT	990.401487503	969.4262578159978	593.285120	cloud-24441	ERROR (solver error, after parsing finished)	731.63259714	714.0981105530009	600.973312	cloud-23933	TIMEOUT	990.258053575	979.9206067310006	665.030656	cloud-23980
loop-simple/nested_1.yml	true	true	23.76862052	13.25769748699895	600.346624	cloud-23933	true	23.159752523	12.8137777630036	576.937984	cloud-24444	true	21.115829287	11.548058785999274	574.599168	cloud-23933	true	24.030429883	12.958931527013192	558.485504	cloud-23938
loop-simple/nested_1b.yml	false	false(unreach-call)	21.792347883	12.006886324001243	548.192256	cloud-23933	false(unreach-call)	20.391281689	11.414788072001102	596.627456	cloud-24444	false(unreach-call)	21.315260151	11.827504597997176	585.965568	cloud-23933	false(unreach-call)	24.273337764	13.261283970001386	553.078784	cloud-23982
loop-simple/nested_2.yml	true	true	27.57660026	15.160766901000898	606.420992	cloud-23933	true	19.21772867	10.569021926006826	606.765056	cloud-24643	true	26.778600869	14.693609438999374	586.350592	cloud-23933	true	25.170602603	13.727023148996523	536.367104	cloud-23938
loop-simple/nested_3.yml	true	true	68.112236967	52.58209870000064	645.517312	cloud-23933	true	65.887717152	49.96179805800057	627.150848	cloud-24444	true	65.36017576	50.82942129799994	664.391680	cloud-23933	TIMEOUT	990.268360116	976.9415346480091	800.002048	cloud-23982
loop-simple/nested_4.yml	true	TIMEOUT	990.633320248	960.6229420290001	670.470144	cloud-23979	TIMEOUT	990.671163875	958.5349841970019	714.772480	cloud-24643	ERROR (solver error, after parsing finished)	732.941523165	710.4718161870042	736.763904	cloud-23933	TIMEOUT	990.339401916	971.7341096139862	763.355136	cloud-23933
loop-simple/nested_5.yml	true	TIMEOUT (true)	970.456735192	932.3497704379988	1742.712832	cloud-23979	TIMEOUT	990.672782618	958.9185565310036	758.816768	cloud-24441	ERROR (solver error, after parsing finished)	728.301746767	709.2373142250008	787.144704	cloud-23979	TIMEOUT	990.42072005	972.752207181009	757.751808	cloud-23979
loop-simple/nested_6.yml	true	TIMEOUT (true)	980.020562891	939.0730416839997	1827.561472	cloud-23979	TIMEOUT	990.493589678	964.1936428640038	759.783424	cloud-24643	ERROR (solver error, after parsing finished)	729.303907388	709.881295924999	694.210560	cloud-24259	TIMEOUT	990.275546127	973.5274448209966	710.529024	cloud-23933
loop-zilu/benchmark02_linear.yml	true	true	17.93162133	9.873843146999207	582.324224	cloud-23979	true	19.386895543	10.550825767997594	576.000000	cloud-24444	true	22.19577504	12.382871727000747	568.455168	cloud-24259	TIMEOUT	990.347857893	975.7959016310051	1643.261952	cloud-23982
loop-zilu/benchmark02_linear_abstracted.yml	true	true	19.04557524	10.53735634700206	584.749056	cloud-24261	true	23.465956676	12.764247253000576	594.518016	cloud-24444	true	18.214854257	9.948288572995807	573.870080	cloud-23979	true	16.491371813	9.200385668984381	540.557312	cloud-23980
loop-zilu/benchmark04_conjunctive.yml	true	true	20.426911609	11.197292968998227	590.655488	cloud-23979	true	23.987298695	13.354376830000547	592.338944	cloud-24643	true	23.377211624	12.927824616999715	583.503872	cloud-23933	TIMEOUT	990.579267594	972.7454173790175	2222.444544	cloud-23938
loop-zilu/benchmark05_conjunctive.yml	true	true	21.447973921	11.819699446001323	600.272896	cloud-23933	true	19.716291109	11.10015148200182	594.755584	cloud-24643	true	18.137545257	9.998748570999851	604.528640	cloud-23979	TIMEOUT	990.299161684	973.8407686929859	1049.128960	cloud-23933
loop-zilu/benchmark09_conjunctive.yml	true	true	22.938757169	12.622869735001586	553.701376	cloud-23933	true	21.156297796	11.51531159300066	586.711040	cloud-24441	true	22.79347694	12.455707503000212	604.680192	cloud-23933	TIMEOUT	990.387712955	974.2186552599887	1636.532224	cloud-23979
loop-zilu/benchmark10_conjunctive.yml	true	true	90.954317425	73.47529541499898	732.561408	cloud-23979	true	90.418243976	70.18383169599838	700.239872	cloud-24441	true	83.722081251	66.92786537900247	718.446592	cloud-23979	true	530.663713665	516.5015239949862	1406.676992	cloud-23980
loop-zilu/benchmark11_linear.yml	true	true	18.189649153	9.949938301999282	554.512384	cloud-24261	true	22.421509934	12.397865932998684	592.965632	cloud-24444	true	20.366535093	11.08352295099985	587.935744	cloud-23979	true	16.783523834	9.54424855299294	512.274432	cloud-23980
loop-zilu/benchmark11_linear_abstracted.yml	true	true	14.519115318	8.053468453999812	596.537344	cloud-23943	true	23.84457477	13.323621374998766	579.870720	cloud-24444	true	21.252305649	11.845380501001273	582.336512	cloud-23933	true	20.577928364	11.094526742002927	553.750528	cloud-23979
loop-zilu/benchmark14_linear.yml	true	true	21.681335463	11.762777710999217	599.429120	cloud-23979	true	21.732209495	12.069363003000035	575.008768	cloud-24444	true	18.400110088	10.348890650000612	571.523072	cloud-23979	true	21.025884508	11.611904549004976	506.843136	cloud-23982
loop-zilu/benchmark17_conjunctive.yml	true	true	19.779582174	11.074076967997826	590.995456	cloud-23933	true	19.742716642	11.010589058998448	598.568960	cloud-24643	true	20.326736387	11.3901906569954	573.620224	cloud-23979	TIMEOUT	990.506859556	973.3010112060001	2614.173696	cloud-23979
loop-zilu/benchmark18_conjunctive.yml	true	true	23.460638485	13.004820635000215	592.453632	cloud-23933	true	20.404401232	11.324667764994956	597.561344	cloud-24444	true	24.297558202	13.467050332001236	575.045632	cloud-24259	TIMEOUT	990.40922917	974.7286380729929	1718.251520	cloud-23982
loop-zilu/benchmark19_conjunctive.yml	true	true	18.995293819	10.480557703998784	592.113664	cloud-23979	true	19.638229356	10.985112690999813	591.224832	cloud-24643	true	19.153114153	10.70789734099526	586.412032	cloud-23979	TIMEOUT	990.483240924	975.2161233369843	2087.129088	cloud-23982
loop-zilu/benchmark20_conjunctive.yml	true	true	21.308175421	11.806938449997688	603.189248	cloud-23933	true	20.304540393	11.278218306997587	586.387456	cloud-24441	true	23.470898191	12.668804204004118	596.275200	cloud-24259	true	116.945154093	101.9899256300123	786.554880	cloud-23933
loop-zilu/benchmark23_conjunctive.yml	true	true	213.080361936	194.7415794289991	772.816896	cloud-23979	true	173.609707665	154.23127889700118	743.804928	cloud-24441	true	221.539497515	199.2510426450026	790.056960	cloud-23933	true	40.182895156	27.324030942021636	673.398784	cloud-23982
loop-zilu/benchmark25_linear.yml	true	true	17.460101947	9.502465302000928	607.260672	cloud-23979	true	25.205608928	13.540809934998833	571.412480	cloud-24444	true	20.116426712	11.011979085000348	615.923712	cloud-23933	true	18.513500247	10.082739423989551	546.902016	cloud-23933
loop-zilu/benchmark25_linear_abstracted.yml	true	true	16.609712192	9.118172005000815	596.590592	cloud-23979	true	21.167503141	11.544715942000039	600.813568	cloud-24643	true	23.37354006	12.69589380600155	582.897664	cloud-23933	true	25.880500043	13.90890971099725	509.145088	cloud-23979
loop-zilu/benchmark26_linear.yml	true	true	17.995987281	10.201597540999956	598.712320	cloud-24261	true	20.105755937	10.95529988600174	600.432640	cloud-24643	true	25.654312133	13.894723601995793	587.649024	cloud-23933	true	18.455820749	10.181661802984308	549.617664	cloud-23979
loop-zilu/benchmark26_linear_abstracted.yml	true	true	18.642513132	10.299606115000643	596.221952	cloud-23979	true	20.779062589	11.24646924600529	583.356416	cloud-24643	true	24.981700757	13.769551598001271	598.544384	cloud-24259	true	23.794001513	13.434108716988703	554.455040	cloud-23982
loop-zilu/benchmark32_linear.yml	true	true	23.109698161	12.91954238299877	544.407552	cloud-23933	true	20.451055707	11.304391719000705	564.322304	cloud-24643	true	20.409634717	11.316590449001524	604.164096	cloud-23979	true	19.666405244	10.68152907199692	548.671488	cloud-23933
loop-zilu/benchmark33_linear.yml	true	true	19.211554298	10.507867771000747	589.873152	cloud-23979	true	21.741569687	12.066686537997157	534.794240	cloud-24441	true	21.774197404	12.105884402999436	584.916992	cloud-23933	true	17.716229234	9.81610678700963	539.824128	cloud-23979
loop-zilu/benchmark34_conjunctive.yml	true	true	18.927986064	10.53072302200053	582.156288	cloud-24261	true	23.733214443	12.767565141002706	594.444288	cloud-24444	true	22.193483688	12.048946688999422	588.984320	cloud-23979	TIMEOUT	990.472511462	971.8942438200174	2239.385600	cloud-23938
loop-zilu/benchmark35_linear.yml	true	true	20.708658051	11.50092227300047	592.396288	cloud-23979	true	15.492377838	8.57728451499861	552.566784	cloud-24643	true	19.969128057	10.848812602001999	540.794880	cloud-23979	true	19.256013759	10.542279826011509	563.294208	cloud-23979
loop-zilu/benchmark37_conjunctive.yml	true	true	22.434980623	12.133439248998911	575.516672	cloud-24261	true	17.672699923	9.784981034004886	680.271872	cloud-24643	true	19.920947036	11.078734813003393	592.044032	cloud-23979	TIMEOUT	990.404750302	973.5120674299833	1781.293056	cloud-23933
loop-zilu/benchmark43_conjunctive.yml	true	true	21.071126243	11.592506259999936	596.951040	cloud-23979	true	19.478019327	10.742640184000038	583.028736	cloud-24643	true	20.565902478	11.138706555997487	574.128128	cloud-23933	true	24.974632485	13.814389539998956	547.962880	cloud-23982
loop-zilu/benchmark43_conjunctive_abstracted.yml	true	ERROR (server error, after parsing finished)	23.932135353	13.064037146999908	565.288960	cloud-24261	ERROR (server error, after parsing finished)	22.940017412	12.585966490998544	574.107648	cloud-24643	ERROR (server error, after parsing finished)	19.812011466	10.712124407000374	566.824960	cloud-23979	ERROR (server error, after parsing finished)	21.116226797	11.525774633017136	507.846656	cloud-23933
loop-zilu/benchmark51_polynomial.yml	true	true	17.338921277	9.477298400001018	592.560128	cloud-23939	true	24.295765246	13.249861374999455	613.273600	cloud-24441	true	19.274413115	10.421005405998585	579.096576	cloud-23979	true	286.4531023	271.93841296597384	818.884608	cloud-23979
loop-zilu/benchmark52_polynomial.yml	true	true	21.271248112	11.561224352999943	580.673536	cloud-24261	true	21.286777447	11.441986497997277	590.868480	cloud-24441	true	17.943567171	9.757755407998047	589.615104	cloud-23979	true	22.425037249	12.20508158201119	535.314432	cloud-23933
nla-digbench/bresenham-ll.yml	true	ERROR (solver error, after parsing finished)	136.013159787	123.50151879300029	649.850880	cloud-23979	ERROR (solver error, after parsing finished)	144.312590016	126.37344875100098	627.990528	cloud-24444	ERROR (solver error, after parsing finished)	24.648475927	13.78022562499973	628.645888	cloud-23979	ERROR (solver error, after parsing finished)	140.892021486	128.38398751799832	620.945408	cloud-23938
nla-digbench/cohencu-ll.yml	true	TIMEOUT	990.275687464	972.3394579239975	695.742464	cloud-23979	TIMEOUT	990.319519093	969.8108796129964	730.259456	cloud-24444	ERROR (solver error, after parsing finished)	132.388019231	121.88247292999995	675.008512	cloud-23933	TIMEOUT	990.286883395	974.9354278719984	644.509696	cloud-23979
nla-digbench/cohendiv-ll.yml	true	true	25.06826781	14.000798476001364	640.004096	cloud-24261	true	29.915925323	16.275329367999802	639.483904	cloud-24444	true	36.026389764	19.802423073000682	668.999680	cloud-24259	ERROR (solver error, after parsing finished)	23.265890196	14.206110207975144	562.057216	cloud-23933
nla-digbench/dijkstra-u.yml	true	TIMEOUT	990.379678461	968.8986269279994	762.023936	cloud-23933	TIMEOUT	990.416826845	970.0768896949958	767.074304	cloud-24444	ERROR (solver error, after parsing finished)	732.492614202	715.9111685720018	783.855616	cloud-23933	TIMEOUT	990.332056596	973.1198424590111	744.140800	cloud-23933
nla-digbench/divbin.yml	false	TIMEOUT	990.292934817	973.7389072839978	665.600000	cloud-24261	TIMEOUT	990.34041459	972.8286317390011	596.107264	cloud-24441	ERROR (solver error, after parsing finished)	725.707212128	712.3059027140002	599.461888	cloud-23933	TIMEOUT	990.265035494	977.3550570450025	647.475200	cloud-23980
nla-digbench/divbin2.yml	true	TIMEOUT (ERROR (inner timeout, after parsing finished))	933.998020391	918.033246953999	646.889472	cloud-23933	TIMEOUT (ERROR (inner timeout, after parsing finished))	933.872821186	917.827082167998	596.598784	cloud-24441	ERROR (solver error, after parsing finished)	31.815911645	19.939315406001697	579.940352	cloud-23933	TIMEOUT	990.237391395	978.9644146359933	628.080640	cloud-23939
nla-digbench/egcd-ll.yml	true	TIMEOUT	990.369565712	972.0948897250018	642.023424	cloud-23942	TIMEOUT	990.380493721	970.2890444329969	625.004544	cloud-24643	ERROR (solver error, after parsing finished)	725.235407915	711.9342104120001	643.571712	cloud-23933	ERROR (solver error, after parsing finished)	129.232839914	117.19909916899633	608.755712	cloud-23980
nla-digbench/egcd2-ll.yml	true	ERROR (solver error, after parsing finished)	33.086249984	19.753289795000455	634.302464	cloud-23933	ERROR (solver error, after parsing finished)	41.549329663	23.45740687900252	649.064448	cloud-24441	ERROR (server error, after parsing finished)	27.734607584	15.027700408998498	639.389696	cloud-24259	ERROR (solver error, after parsing finished)	24.077916511	13.905515582009684	653.844480	cloud-23979
nla-digbench/egcd3-ll.yml	true	TIMEOUT (ERROR (inner timeout, after parsing finished))	934.141810715	915.8552232069997	611.131392	cloud-23979	TIMEOUT (ERROR (inner timeout, after parsing finished))	937.683205361	917.6013590010007	653.340672	cloud-24441	ERROR (solver error, after parsing finished)	30.041263548	17.791298898002424	655.298560	cloud-23933	TIMEOUT	990.300865414	975.4923985009955	597.364736	cloud-23979
nla-digbench/fermat1-ll.yml	true	ERROR (solver error, after parsing finished)	38.213600686	23.287455977999343	677.806080	cloud-23979	ERROR (solver error, after parsing finished)	38.723360533	23.28392236599757	694.018048	cloud-24444	ERROR (server error, after parsing finished)	21.509666095	11.661793133000174	672.120832	cloud-23979	ERROR (solver error, after parsing finished)	38.308358958	23.637656596984016	617.148416	cloud-23982
nla-digbench/fermat2-ll.yml	true	ERROR (solver error, after parsing finished)	39.150858442	22.952903536999656	640.417792	cloud-23933	ERROR (solver error, after parsing finished)	38.55499439	22.158928368997294	667.021312	cloud-24444	ERROR (server error, after parsing finished)	25.936087629	13.905012798000826	636.825600	cloud-23933	ERROR (solver error, after parsing finished)	26.436550994	15.669336033024592	617.820160	cloud-23979
nla-digbench/geo1-ll.yml	true	ERROR (solver error, after parsing finished)	829.594492109	817.5663307609975	605.294592	cloud-23979	ERROR (solver error, after parsing finished)	828.118333712	812.0760425449989	603.918336	cloud-24444	ERROR (solver error, after parsing finished)	25.447012228	13.922101477997785	585.437184	cloud-23933	ERROR (solver error, after parsing finished)	738.662101786	726.6891100220091	539.889664	cloud-23979
nla-digbench/geo1-u.yml	false	ERROR (solver error, after parsing finished)	433.391408072	422.52002119199824	560.287744	cloud-23979	ERROR (solver error, after parsing finished)	418.33692523	404.424951590001	594.202624	cloud-24444	ERROR (solver error, after parsing finished)	24.839038249	13.706969437000225	576.466944	cloud-23933	ERROR (solver error, after parsing finished)	358.547638061	348.95750467298785	548.237312	cloud-23979
nla-digbench/geo2-ll.yml	true	ERROR (solver error, after parsing finished)	209.631252155	196.6639963030002	585.113600	cloud-24261	ERROR (solver error, after parsing finished)	212.96588922	201.09258843899806	587.894784	cloud-24643	ERROR (solver error, after parsing finished)	21.876767929	13.577144710998255	589.688832	cloud-23979	ERROR (solver error, after parsing finished)	207.042671912	199.06363133297418	525.377536	cloud-23980
nla-digbench/geo3-ll.yml	true	ERROR (solver error, after parsing finished)	76.799668201	64.90829641000164	562.229248	cloud-23933	ERROR (solver error, after parsing finished)	75.069792424	62.3402924730035	536.850432	cloud-24444	ERROR (solver error, after parsing finished)	51.077882461	43.27046634199996	573.366272	cloud-23940	ERROR (solver error, after parsing finished)	22.61005858	14.175881278992165	556.556288	cloud-23933
nla-digbench/hard-ll.yml	true	TIMEOUT (ERROR (inner timeout, after parsing finished))	933.986378983	915.3381093349963	632.393728	cloud-23933	TIMEOUT (ERROR (inner timeout, after parsing finished))	934.882159839	916.3518710260032	651.165696	cloud-24643	ERROR (verification stuck, after parsing finished)	21.130511184	11.43471419999969	633.610240	cloud-23979	TIMEOUT	990.226540411	977.1024736450054	630.976512	cloud-23982
nla-digbench/hard-u.yml	false	TIMEOUT	990.282235294	974.9635163779967	774.361088	cloud-23979	TIMEOUT	990.318794019	969.2820066239983	755.712000	cloud-24444	ERROR (solver error, after parsing finished)	115.150084786	105.04844047199731	593.809408	cloud-23979	TIMEOUT	990.325827691	975.9234263009857	830.005248	cloud-23933
nla-digbench/hard2.yml	true	true	22.240917176	12.127145193000615	594.485248	cloud-23940	true	22.839947458	12.72656411799835	616.759296	cloud-24643	true	27.980470531	15.643219335994218	587.296768	cloud-24259	TIMEOUT	990.357213956	974.0884122449788	631.484416	cloud-23938
nla-digbench/knuth.yml	true	TIMEOUT	990.364658941	974.8772170260017	1211.826176	cloud-24261	TIMEOUT	990.399575465	975.8686377449994	1180.741632	cloud-24643	ERROR (solver error, after parsing finished)	716.235475973	708.8761524139991	1151.787008	cloud-23939	TIMEOUT	990.304101081	978.1519360620005	1073.192960	cloud-23933
nla-digbench/lcm1.yml	true	TIMEOUT (ERROR (inner timeout, after parsing finished))	926.069723462	911.5278678680006	546.910208	cloud-23979	TIMEOUT (ERROR (inner timeout, after parsing finished))	929.372546951	912.5854637510001	595.107840	cloud-24643	ERROR (server error, after parsing finished)	19.560749023	10.985417185998813	585.342976	cloud-23979	TIMEOUT	990.323914288	975.3724160559941	551.927808	cloud-23938
nla-digbench/lcm2.yml	true	ERROR (solver error, after parsing finished)	423.819777373	409.77603635800006	608.161792	cloud-23933	ERROR (solver error, after parsing finished)	360.555516461	346.9892881639971	552.144896	cloud-24441	ERROR (solver error, after parsing finished)	98.459777876	88.61474192099922	549.015552	cloud-23979	ERROR (solver error, after parsing finished)	306.225451179	296.42023931001313	554.905600	cloud-23980
nla-digbench/mannadiv.yml	true	true	20.980151203	11.422276302000682	629.395456	cloud-24261	true	27.843204037	15.213844156998675	602.017792	cloud-24444	true	26.792742191	15.023168804997113	580.616192	cloud-24259	true	20.689486079	11.494437599001685	564.772864	cloud-23980
nla-digbench/prod4br-ll.yml	true	true	98.184054683	83.04365633600173	656.732160	cloud-23979	true	111.34676634	91.59518394000042	620.748800	cloud-24444	ERROR (server error, after parsing finished)	27.448687353	14.789686967997113	653.430784	cloud-23933	true	100.769986225	86.3193057239987	650.395648	cloud-23938
nla-digbench/prodbin-ll.yml	true	TIMEOUT (ERROR (inner timeout, after parsing finished))	924.981054857	910.3669244969988	692.797440	cloud-23979	TIMEOUT (ERROR (inner timeout, after parsing finished))	928.436966586	912.0234917490016	640.995328	cloud-24643	ERROR (server error, after parsing finished)	19.596867666	10.670908242999758	611.446784	cloud-23933	TIMEOUT	990.229820628	974.2362109399983	625.897472	cloud-23982
nla-digbench/ps2-ll.yml	true	true	21.68900168	12.018881928001065	619.560960	cloud-23979	true	21.133740048	11.988343024000642	579.862528	cloud-24444	true	19.715485955	10.839722618999076	594.874368	cloud-23979	true	22.391967709	12.215210052003385	511.168512	cloud-23979
nla-digbench/ps3-ll.yml	true	true	32.594354133	17.503131796998787	633.225216	cloud-23933	true	30.451400252	16.298429960999783	653.668352	cloud-24643	ERROR (solver error, after parsing finished)	21.572994136	11.739179240999874	587.132928	cloud-23979	true	28.472092293	15.802591644984204	574.402560	cloud-23982
nla-digbench/ps4-ll.yml	true	ERROR (solver error, after parsing finished)	233.387948344	213.7603709110008	685.260800	cloud-23933	ERROR (solver error, after parsing finished)	234.406328893	217.17133675399964	596.111360	cloud-24444	ERROR (solver error, after parsing finished)	155.050684536	142.717129921999	645.963776	cloud-23979	ERROR (solver error, after parsing finished)	78.674766974	66.41771478299052	556.625920	cloud-23933
nla-digbench/ps5-ll.yml	true	TIMEOUT (ERROR (inner timeout, after parsing finished))	934.135543434	914.0083020009988	790.327296	cloud-23933	TIMEOUT (ERROR (inner timeout, after parsing finished))	930.503374799	912.9265904529966	792.678400	cloud-24643	ERROR (solver error, after parsing finished)	24.391196028	13.177565171001334	742.203392	cloud-23979	TIMEOUT	990.280251473	972.3284182539792	773.902336	cloud-23938
nla-digbench/ps6-ll.yml	true	TIMEOUT	990.456248377	969.6574163689984	891.289600	cloud-23979	TIMEOUT	990.45075359	967.4532579020015	845.672448	cloud-24643	ERROR (solver error, after parsing finished)	731.800483349	715.7335800120018	852.807680	cloud-24259	TIMEOUT	990.355374012	972.5669150130125	757.161984	cloud-23933
nla-digbench/sqrt1-ll.yml	true	true	24.28288241	13.813977949001128	668.114944	cloud-23979	true	30.275960222	17.64181407900469	637.808640	cloud-24441	true	28.939702404	16.603831692998938	675.753984	cloud-23933	true	27.603496702	15.041429085977143	619.495424	cloud-23938
nla-digbench-scaling/bresenham-ll_unwindbound1.yml	false	false(unreach-call)	23.368399811	12.879827454000406	694.894592	cloud-23979	false(unreach-call)	26.246606266	14.277569919000598	646.602752	cloud-24444	false(unreach-call)	25.835433218	13.870396320999134	610.783232	cloud-24259	ERROR (solver error, after parsing finished)	45.872872714	30.804471932002343	595.693568	cloud-23982
nla-digbench-scaling/bresenham-ll_unwindbound10.yml	false	ERROR (solver error, after parsing finished)	66.29471164	52.56544477599891	659.447808	cloud-24261	ERROR (solver error, after parsing finished)	78.949531974	63.029619433000335	688.619520	cloud-24441	ERROR (solver error, after parsing finished)	45.230993792	34.084071358000074	609.169408	cloud-23933	ERROR (solver error, after parsing finished)	54.974609532	41.64461924700299	579.690496	cloud-23982
nla-digbench-scaling/bresenham-ll_unwindbound100.yml	false	ERROR (solver error, after parsing finished)	68.197114313	54.47603978600091	634.363904	cloud-24261	ERROR (solver error, after parsing finished)	62.413659591	49.36725208902499	617.492480	cloud-23944	ERROR (solver error, after parsing finished)	50.148913636	37.75461624000309	631.144448	cloud-23933	ERROR (solver error, after parsing finished)	54.901766505	41.402865595999174	605.687808	cloud-23982
nla-digbench-scaling/bresenham-ll_unwindbound2.yml	false	ERROR (solver error, after parsing finished)	123.685416046	110.12516396399951	653.279232	cloud-23979	ERROR (solver error, after parsing finished)	119.820300743	103.90357214100004	637.046784	cloud-24643	ERROR (solver error, after parsing finished)	47.229409	34.75854633300332	625.008640	cloud-23933	ERROR (solver error, after parsing finished)	84.185157123	73.40913705699495	581.427200	cloud-23933
nla-digbench-scaling/bresenham-ll_unwindbound20.yml	false	ERROR (solver error, after parsing finished)	77.106014538	63.57191392599998	636.612608	cloud-23933	ERROR (solver error, after parsing finished)	85.779678475	66.44477975500195	670.285824	cloud-24441	ERROR (solver error, after parsing finished)	39.448527117	29.034622692000994	648.663040	cloud-23979	ERROR (solver error, after parsing finished)	47.483620393	36.30299491301412	607.203328	cloud-23933
nla-digbench-scaling/bresenham-ll_unwindbound5.yml	false	ERROR (solver error, after parsing finished)	86.676594683	69.02642181100236	612.519936	cloud-23933	ERROR (solver error, after parsing finished)	66.281517694	52.47367330599809	643.616768	cloud-24643	ERROR (solver error, after parsing finished)	46.508806193	35.278560521001054	624.742400	cloud-24259	ERROR (solver error, after parsing finished)	43.519987008	33.59818458301015	608.948224	cloud-23979
nla-digbench-scaling/bresenham-ll_unwindbound50.yml	false	ERROR (solver error, after parsing finished)	45.975454018	33.91652346699999	615.350272	cloud-24261	ERROR (solver error, after parsing finished)	57.908402322	42.74090742399858	621.670400	cloud-24441	ERROR (solver error, after parsing finished)	21.027295449	11.533170117000282	620.105728	cloud-23979	ERROR (solver error, after parsing finished)	39.581552041	31.33816446500714	608.772096	cloud-23980
nla-digbench-scaling/bresenham-ll_valuebound1.yml	true	ERROR (solver error, after parsing finished)	182.254006148	166.66276887499998	619.139072	cloud-24261	ERROR (solver error, after parsing finished)	208.971372263	190.3194681040004	645.365760	cloud-24441	ERROR (verification stuck, after parsing finished)	27.716568604	17.449574301999746	631.263232	cloud-23979	ERROR (solver error, after parsing finished)	158.18601064	142.0878648319922	558.465024	cloud-23933
nla-digbench-scaling/bresenham-ll_valuebound10.yml	true	ERROR (solver error, after parsing finished)	140.452658238	125.91545414800021	698.474496	cloud-24261	ERROR (solver error, after parsing finished)	143.361499238	126.3211053309933	632.000512	cloud-24444	ERROR (verification stuck, after parsing finished)	22.677543809	12.435361941999872	570.011648	cloud-23941	ERROR (solver error, after parsing finished)	98.992636795	87.79058398699271	536.662016	cloud-23933
nla-digbench-scaling/bresenham-ll_valuebound100.yml	true	ERROR (solver error, after parsing finished)	261.16091515	243.81047224699796	595.136512	cloud-23933	ERROR (solver error, after parsing finished)	265.061921743	245.06807195099827	617.574400	cloud-24444	ERROR (verification stuck, after parsing finished)	29.1083533	16.061129699999583	610.217984	cloud-24259	ERROR (solver error, after parsing finished)	103.251299138	93.4950863700069	557.568000	cloud-23979
nla-digbench-scaling/bresenham-ll_valuebound2.yml	true	ERROR (solver error, after parsing finished)	223.94265255	206.83127825400152	579.067904	cloud-23933	ERROR (solver error, after parsing finished)	214.986188023	198.5224764300001	668.160000	cloud-24444	ERROR (solver error, after parsing finished)	178.178988565	166.48096997899847	628.199424	cloud-23933	ERROR (solver error, after parsing finished)	79.25692865	69.07902414599084	613.933056	cloud-23980
nla-digbench-scaling/bresenham-ll_valuebound20.yml	true	ERROR (solver error, after parsing finished)	351.850628231	336.5695880229978	658.243584	cloud-23979	ERROR (solver error, after parsing finished)	304.663750571	287.426845338	614.526976	cloud-24441	ERROR (verification stuck, after parsing finished)	26.157650851	14.181374687999778	579.493888	cloud-23979	ERROR (solver error, after parsing finished)	312.331587816	302.654040444002	613.744640	cloud-23980
nla-digbench-scaling/bresenham-ll_valuebound5.yml	true	ERROR (solver error, after parsing finished)	641.607142814	623.071754456003	663.113728	cloud-23979	ERROR (solver error, after parsing finished)	634.127729102	615.5782629450005	619.606016	cloud-24441	ERROR (verification stuck, after parsing finished)	29.621079112	16.411970875000407	641.732608	cloud-23933	ERROR (solver error, after parsing finished)	546.105652487	533.3080813720007	607.113216	cloud-23933
nla-digbench-scaling/bresenham-ll_valuebound50.yml	true	TIMEOUT	990.292812845	970.3878937949994	604.852224	cloud-24261	TIMEOUT	990.314014295	968.8359173230001	647.221248	cloud-24444	ERROR (verification stuck, after parsing finished)	30.865470256	17.128333574000862	631.320576	cloud-23933	TIMEOUT	990.240319321	975.3207124129985	563.085312	cloud-23938
nla-digbench-scaling/cohencu-ll_unwindbound1.yml	false	TIMEOUT	990.436451946	967.4865715720007	725.127168	cloud-23933	TIMEOUT	990.454056245	968.0217221640014	697.102336	cloud-24441	ERROR (solver error, after parsing finished)	732.299313917	715.4974947979999	697.942016	cloud-23933	TIMEOUT	990.283763963	971.9663280570239	632.020992	cloud-23938
nla-digbench-scaling/cohencu-ll_unwindbound10.yml	false	TIMEOUT	990.43115125	972.2742564740001	745.664512	cloud-23979	TIMEOUT	990.493865108	967.4633333239981	732.778496	cloud-24444	ERROR (solver error, after parsing finished)	733.308912109	716.0265858069979	667.389952	cloud-23933	TIMEOUT (ERROR (solver error, after parsing finished))	960.13543752	942.9517823609931	649.478144	cloud-23979
nla-digbench-scaling/cohencu-ll_unwindbound100.yml	false	TIMEOUT	990.403484037	967.6193969409942	690.860032	cloud-23933	TIMEOUT	990.248837493	975.1500972580016	718.086144	cloud-23939	ERROR (solver error, after parsing finished)	651.746976399	638.1360300840024	698.142720	cloud-23979	TIMEOUT	990.313767785	976.3735603999812	670.498816	cloud-23933
nla-digbench-scaling/cohencu-ll_unwindbound2.yml	false	TIMEOUT	990.47520196	968.2925173879994	721.362944	cloud-24261	TIMEOUT	990.51369162	968.2792866689997	735.801344	cloud-24643	ERROR (solver error, after parsing finished)	727.825306186	713.3093873990001	718.041088	cloud-23979	TIMEOUT	990.29230535	973.5086892570253	642.969600	cloud-23938
nla-digbench-scaling/cohencu-ll_unwindbound20.yml	false	TIMEOUT	990.624656721	968.5184268430003	711.217152	cloud-23933	TIMEOUT	990.473108263	968.4862332690027	710.574080	cloud-24444	ERROR (solver error, after parsing finished)	724.355350648	711.4147521350023	688.902144	cloud-23979	TIMEOUT	990.242655889	973.3754153419868	630.800384	cloud-23982
nla-digbench-scaling/cohencu-ll_unwindbound5.yml	false	TIMEOUT	990.445156041	970.7967297499999	704.233472	cloud-23979	TIMEOUT	990.498947598	969.4142229339996	704.225280	cloud-24643	ERROR (solver error, after parsing finished)	728.074710418	713.1983083649975	710.397952	cloud-23979	ERROR (solver error, after parsing finished)	99.458980216	87.57921989099123	661.184512	cloud-23979
nla-digbench-scaling/cohencu-ll_unwindbound50.yml	false	TIMEOUT	990.490060259	968.3098033799979	727.384064	cloud-23933	TIMEOUT	990.558370855	967.1574093739982	687.489024	cloud-24441	ERROR (solver error, after parsing finished)	727.11135213	713.0196401599969	669.839360	cloud-23979	TIMEOUT	990.313198226	975.9629873580125	695.017472	cloud-23933
nla-digbench-scaling/cohencu-ll_valuebound1.yml	true	ERROR (solver error, after parsing finished)	454.229676497	437.47919682999964	681.062400	cloud-24261	ERROR (solver error, after parsing finished)	490.940388984	471.63087243200425	668.430336	cloud-24444	ERROR (solver error, after parsing finished)	87.546290504	74.65960266900038	649.682944	cloud-23933	ERROR (solver error, after parsing finished)	481.938517276	466.85676411300665	658.759680	cloud-23938
nla-digbench-scaling/cohencu-ll_valuebound10.yml	true	TIMEOUT (ERROR (inner timeout, after parsing finished))	986.715678492	967.8573038649993	692.678656	cloud-23979	TIMEOUT	990.29284099	968.6573723959955	689.324032	cloud-24643	ERROR (solver error, after parsing finished)	62.578220585	53.857434962003026	715.182080	cloud-23943	TIMEOUT	990.292325922	968.3547279250051	657.788928	cloud-23933
nla-digbench-scaling/cohencu-ll_valuebound100.yml	true	ERROR (solver error, after parsing finished)	449.264821592	430.4742126689998	682.332160	cloud-23933	ERROR (solver error, after parsing finished)	419.109856231	399.1502692879985	678.383616	cloud-24643	ERROR (solver error, after parsing finished)	88.097447712	76.59032931799447	667.889664	cloud-24259	ERROR (solver error, after parsing finished)	317.209820533	304.264110219985	634.880000	cloud-23933
nla-digbench-scaling/cohencu-ll_valuebound2.yml	true	TIMEOUT (ERROR (inner timeout, after parsing finished))	979.246987057	962.7160712860004	681.811968	cloud-23979	TIMEOUT	990.319252479	964.9687624340004	679.821312	cloud-24444	ERROR (solver error, after parsing finished)	78.204695643	66.06349211899942	688.685056	cloud-23979	TIMEOUT	990.258778667	973.8301581149863	664.461312	cloud-23938
nla-digbench-scaling/cohencu-ll_valuebound20.yml	true	TIMEOUT	990.288830119	968.4020241159997	642.932736	cloud-23933	TIMEOUT	990.302663079	968.4197692399975	677.957632	cloud-24444	ERROR (solver error, after parsing finished)	87.051761402	73.08544404099666	688.005120	cloud-23979	TIMEOUT	990.275235801	974.5132876429998	633.135104	cloud-23982
nla-digbench-scaling/cohencu-ll_valuebound5.yml	true	TIMEOUT (ERROR (inner timeout, after parsing finished))	984.033168415	966.6533560190001	708.902912	cloud-23979	TIMEOUT (ERROR (inner timeout, after parsing finished))	986.359384378	963.854714303001	690.298880	cloud-24441	ERROR (solver error, after parsing finished)	75.604603415	63.60370097600389	690.667520	cloud-23979	TIMEOUT	990.260332425	975.108435992006	650.444800	cloud-23933
nla-digbench-scaling/cohencu-ll_valuebound50.yml	true	TIMEOUT (ERROR (inner timeout, after parsing finished))	984.967749196	966.1449313880003	693.010432	cloud-24261	TIMEOUT	990.34445401	968.3108388250039	694.046720	cloud-24444	ERROR (solver error, after parsing finished)	92.844348395	79.13319995900383	714.027008	cloud-24259	TIMEOUT	990.274114165	975.1799151450105	673.591296	cloud-23938
nla-digbench-scaling/cohendiv-ll_unwindbound1.yml	true	true	22.506046456	12.185400865000702	586.985472	cloud-24261	true	22.707563901	12.417139817000134	624.640000	cloud-24444	true	20.844970911	11.61382259200036	614.883328	cloud-23979	true	28.57670207	15.754553247010335	601.866240	cloud-23938
nla-digbench-scaling/cohendiv-ll_unwindbound10.yml	true	true	86.555773532	70.23564059199998	663.339008	cloud-24261	true	87.304554121	72.73901361000026	712.830976	cloud-24643	true	79.378643161	64.81385282400015	676.417536	cloud-23979	true	33.40711137	21.778285199019592	639.520768	cloud-23933
nla-digbench-scaling/cohendiv-ll_unwindbound100.yml	true	TIMEOUT (ERROR (solver error, after parsing finished))	955.191800704	921.9438216540002	831.979520	cloud-23933	TIMEOUT (ERROR (solver error, after parsing finished))	955.387785238	920.915054223995	1142.779904	cloud-24441	ERROR (solver error, after parsing finished)	740.705874497	711.8665559450019	843.907072	cloud-23933	ERROR (solver error, after parsing finished)	31.401261415	20.9207410980016	576.049152	cloud-23982
nla-digbench-scaling/cohendiv-ll_unwindbound2.yml	true	true	29.989473865	16.248202761000357	616.005632	cloud-24261	true	29.632326128	16.187592313995992	641.097728	cloud-24444	true	26.582220662	14.724556465000205	672.395264	cloud-23979	true	43.7011015	30.64921014397987	618.479616	cloud-23982
nla-digbench-scaling/cohendiv-ll_unwindbound20.yml	true	ERROR (solver error, after parsing finished)	452.313468742	428.72959832299966	705.077248	cloud-23933	true	749.682422794	725.2635847080019	780.230656	cloud-24444	ERROR (solver error, after parsing finished)	736.228883416	713.2392474849985	705.970176	cloud-23933	ERROR (solver error, after parsing finished)	30.74444614	20.045026156003587	582.590464	cloud-23979
nla-digbench-scaling/cohendiv-ll_unwindbound5.yml	true	true	43.601929062	26.518559781005024	661.016576	cloud-23933	true	42.024018511	26.188019663000887	678.469632	cloud-24444	true	45.447741379	28.847764320998976	629.714944	cloud-24259	true	39.671231525	26.294228911981918	638.267392	cloud-23982
nla-digbench-scaling/cohendiv-ll_unwindbound50.yml	true	TIMEOUT (ERROR (solver error, after parsing finished))	952.910813497	920.7600017440018	839.925760	cloud-23979	TIMEOUT (ERROR (solver error, after parsing finished))	954.934383535	921.2661450289997	824.934400	cloud-24441	ERROR (solver error, after parsing finished)	739.611144748	711.6548155409982	829.943808	cloud-23933	ERROR (solver error, after parsing finished)	28.099278971	18.770276488998206	530.432000	cloud-23980
nla-digbench-scaling/cohendiv-ll_valuebound1.yml	true	true	25.617351018	13.995300255000984	614.170624	cloud-24261	true	24.594079572	13.561072243000126	625.479680	cloud-24441	true	26.824282812	14.630731962002756	604.913664	cloud-24259	true	34.821143546	20.737601543980418	553.242624	cloud-23982
nla-digbench-scaling/cohendiv-ll_valuebound10.yml	true	true	25.390358076	13.941573584001162	640.614400	cloud-23979	true	28.883679629	15.945320902996173	657.375232	cloud-24444	true	27.830293865	15.230503879000025	616.566784	cloud-23933	true	29.552661344	17.478454368014354	629.469184	cloud-23933
nla-digbench-scaling/cohendiv-ll_valuebound100.yml	true	true	28.976724503	15.642266415001359	652.894208	cloud-23933	true	26.432896323	14.320078949000163	640.634880	cloud-24643	true	23.452495255	13.346648902999732	589.094912	cloud-23979	true	31.358677984	18.893767772009596	557.543424	cloud-23980
nla-digbench-scaling/cohendiv-ll_valuebound2.yml	true	ERROR (solver error, after parsing finished)	30.130665924	17.167215869998472	603.914240	cloud-23979	ERROR (solver error, after parsing finished)	34.608411437	19.90368110899726	625.205248	cloud-24441	ERROR (server error, after parsing finished)	22.007064416	11.901971172999765	602.300416	cloud-23933	ERROR (solver error, after parsing finished)	28.335052083	16.316014711017488	570.335232	cloud-23982
nla-digbench-scaling/cohendiv-ll_valuebound20.yml	true	true	26.780803604	14.477258405000612	646.868992	cloud-23979	true	27.736525593	15.249834957998246	658.583552	cloud-24444	true	28.609621157	15.541216214995075	668.393472	cloud-23979	true	29.506079008	18.552677050000057	620.617728	cloud-23980
nla-digbench-scaling/cohendiv-ll_valuebound5.yml	true	true	28.810151199	15.815773294998507	602.042368	cloud-23933	true	26.738844064	14.358589499999653	670.273536	cloud-24441	true	30.413784519	16.425344137001957	650.461184	cloud-23933	true	30.081433034	18.463668759010034	554.733568	cloud-23979
nla-digbench-scaling/cohendiv-ll_valuebound50.yml	true	true	30.213077081	18.307808276999992	653.443072	cloud-23933	true	27.66080471	15.425541866999993	657.301504	cloud-24441	true	29.060956767	15.721451190998778	622.039040	cloud-24259	true	29.870016141	18.159877931000665	602.648576	cloud-23933
nla-digbench-scaling/dijkstra-u_unwindbound1.yml	true	TIMEOUT	990.378216522	972.6256822049982	706.838528	cloud-23979	TIMEOUT	990.434747599	968.2671152699986	689.319936	cloud-24441	ERROR (solver error, after parsing finished)	723.927121154	711.8112733399998	633.823232	cloud-23979	TIMEOUT	990.293183678	973.6278781860019	728.850432	cloud-23938
nla-digbench-scaling/dijkstra-u_unwindbound10.yml	false	TIMEOUT	990.453348958	970.6204964300014	1585.479680	cloud-24261	TIMEOUT	990.453006831	968.4659903720021	1584.005120	cloud-24444	ERROR (solver error, after parsing finished)	728.681311448	714.6174230799998	966.856704	cloud-23933	TIMEOUT	990.356974575	974.1377969119931	1044.086784	cloud-23979
nla-digbench-scaling/dijkstra-u_unwindbound100.yml	false	TIMEOUT	990.365949075	974.2949432589994	734.961664	cloud-23979	TIMEOUT	990.424149299	968.9421324490031	740.315136	cloud-24441	ERROR (solver error, after parsing finished)	726.020544455	713.1236892050001	792.309760	cloud-24259	TIMEOUT	990.253155091	977.3306182519882	754.135040	cloud-23980
nla-digbench-scaling/dijkstra-u_unwindbound2.yml	true	TIMEOUT	990.435497203	968.6665893930003	781.246464	cloud-23933	TIMEOUT	990.418299682	972.1340129219998	818.368512	cloud-24643	ERROR (solver error, after parsing finished)	725.13582295	712.4773675959996	800.215040	cloud-23979	TIMEOUT	990.308687439	973.7563555169909	738.623488	cloud-23979
nla-digbench-scaling/dijkstra-u_unwindbound20.yml	false	TIMEOUT	990.468935397	969.1358544599971	1544.572928	cloud-23933	TIMEOUT	990.418463333	973.4416446340001	1606.082560	cloud-24643	ERROR (solver error, after parsing finished)	728.953005035	717.8057255210006	2504.626176	cloud-23940	TIMEOUT	990.295676793	977.1196745839843	980.283392	cloud-23982
nla-digbench-scaling/dijkstra-u_unwindbound5.yml	false	TIMEOUT	990.556928882	967.5046127589994	1696.137216	cloud-23933	TIMEOUT	990.535124008	969.7847528590064	1655.111680	cloud-24643	ERROR (solver error, after parsing finished)	760.268469144	745.1490594969982	1547.870208	cloud-24259	TIMEOUT	990.3077852	973.1359456930077	966.037504	cloud-23979
nla-digbench-scaling/dijkstra-u_unwindbound50.yml	false	TIMEOUT	990.355039842	971.4007423800067	711.933952	cloud-23979	TIMEOUT	990.405406608	970.8073113330029	728.686592	cloud-24643	ERROR (solver error, after parsing finished)	726.75129398	712.965627030997	687.624192	cloud-23979	TIMEOUT	990.317699722	975.1944622499868	764.907520	cloud-23979
nla-digbench-scaling/dijkstra-u_valuebound1.yml	true	TIMEOUT	990.477842357	967.6731525080004	750.903296	cloud-24261	TIMEOUT	990.566198576	966.1362560919952	745.086976	cloud-24444	ERROR (solver error, after parsing finished)	727.811909025	713.3008917159968	754.233344	cloud-23933	TIMEOUT	990.269896174	978.1497760209895	714.915840	cloud-23980
nla-digbench-scaling/dijkstra-u_valuebound10.yml	true	TIMEOUT	990.404563872	972.5710685880003	991.600640	cloud-24261	TIMEOUT	990.460941973	968.5560639520008	940.593152	cloud-24444	ERROR (solver error, after parsing finished)	732.176807057	715.5365662750046	976.228352	cloud-23933	TIMEOUT	990.297215611	974.5351535690133	720.502784	cloud-23933
nla-digbench-scaling/dijkstra-u_valuebound100.yml	true	TIMEOUT	990.274014678	978.013580027	763.297792	cloud-23943	TIMEOUT	990.428245998	971.4568096339935	660.992000	cloud-24643	ERROR (solver error, after parsing finished)	727.705943928	713.3127324919988	693.223424	cloud-23979	TIMEOUT	990.276146287	978.349215905997	699.613184	cloud-23980
nla-digbench-scaling/dijkstra-u_valuebound2.yml	true	TIMEOUT	990.413503832	969.185378184	721.047552	cloud-23933	TIMEOUT	990.279126692	977.1907759239984	708.141056	cloud-23943	ERROR (solver error, after parsing finished)	729.907381404	714.3899170520003	691.388416	cloud-23933	TIMEOUT	990.29968106	973.2787710310076	773.689344	cloud-23933
nla-digbench-scaling/dijkstra-u_valuebound20.yml	true	TIMEOUT	990.355037833	972.7213277430019	806.494208	cloud-23979	TIMEOUT	990.360556512	971.622144904999	773.677056	cloud-24643	ERROR (solver error, after parsing finished)	727.775189757	714.0407938509998	759.500800	cloud-23979	TIMEOUT	990.28320338	973.4289075649867	696.160256	cloud-23933
nla-digbench-scaling/dijkstra-u_valuebound5.yml	true	TIMEOUT	990.431276578	969.7012394150006	1054.007296	cloud-24261	TIMEOUT	990.418987842	973.322783817006	1054.605312	cloud-24643	ERROR (solver error, after parsing finished)	727.921517919	713.8129492970002	1058.426880	cloud-23979	TIMEOUT	990.234043732	975.5471017480013	747.634688	cloud-23982
nla-digbench-scaling/dijkstra-u_valuebound50.yml	true	TIMEOUT	990.422494441	971.7732111120022	687.910912	cloud-23979	TIMEOUT	990.478503375	969.7918539230013	684.441600	cloud-24444	ERROR (solver error, after parsing finished)	723.036090195	711.4674271679996	673.685504	cloud-23979	TIMEOUT	990.294427484	974.746000034007	710.955008	cloud-23979
nla-digbench-scaling/divbin2_unwindbound1.yml	true	TIMEOUT (ERROR (inner timeout, after parsing finished))	988.188632973	972.8155746250013	662.880256	cloud-24261	TIMEOUT	990.098836253	973.3857959419984	641.925120	cloud-24444	ERROR (solver error, after parsing finished)	96.342000322	85.0641603759941	569.016320	cloud-23933	TIMEOUT	990.238897718	979.8781324189913	611.475456	cloud-23980
nla-digbench-scaling/divbin2_unwindbound10.yml	true	TIMEOUT (ERROR (inner timeout, after parsing finished))	951.436862083	936.9714615579996	622.587904	cloud-24261	TIMEOUT (ERROR (inner timeout, after parsing finished))	953.171919354	939.4961293800006	595.550208	cloud-24643	ERROR (solver error, after parsing finished)	51.102975815	40.73743163399922	576.270336	cloud-23933	TIMEOUT	990.289226846	977.211220415018	598.097920	cloud-23933
nla-digbench-scaling/divbin2_unwindbound100.yml	true	TIMEOUT (ERROR (inner timeout, after parsing finished))	982.773996937	967.547826517999	647.794688	cloud-23933	TIMEOUT (ERROR (inner timeout, after parsing finished))	974.385579418	961.8694317670015	629.149696	cloud-24643	ERROR (solver error, after parsing finished)	64.821352107	55.62138013100048	567.996416	cloud-23979	TIMEOUT	990.238437455	977.2824084850145	610.172928	cloud-23982
nla-digbench-scaling/divbin2_unwindbound2.yml	true	TIMEOUT (ERROR (inner timeout, after parsing finished))	933.343679317	918.2598265749984	728.756224	cloud-23979	TIMEOUT (ERROR (inner timeout, after parsing finished))	930.648767738	917.3403555979967	710.561792	cloud-24643	ERROR (solver error, after parsing finished)	29.351363446	19.16177021099429	574.648320	cloud-24259	TIMEOUT	990.261638909	976.8377905529924	698.818560	cloud-23982
nla-digbench-scaling/divbin2_unwindbound20.yml	true	TIMEOUT	990.314612112	974.9770402400027	535.625728	cloud-23979	TIMEOUT	990.299159418	977.5626987360301	604.139520	cloud-23940	ERROR (solver error, after parsing finished)	723.24271317	712.1520035020003	579.248128	cloud-23979	TIMEOUT	990.317252077	975.9992844089866	833.912832	cloud-23938
nla-digbench-scaling/divbin2_unwindbound5.yml	true	TIMEOUT (ERROR (inner timeout, after parsing finished))	931.187330739	916.1096546969998	579.035136	cloud-24261	TIMEOUT (ERROR (inner timeout, after parsing finished))	932.096436216	915.8803924239983	621.031424	cloud-24444	ERROR (solver error, after parsing finished)	27.954380035	17.445633750001434	580.067328	cloud-23933	TIMEOUT	990.22690964	977.6859199690225	549.617664	cloud-23980
nla-digbench-scaling/divbin2_unwindbound50.yml	true	TIMEOUT	990.265587002	974.5786458930015	578.347008	cloud-23933	TIMEOUT	990.296339903	971.7313108449998	602.120192	cloud-24441	ERROR (solver error, after parsing finished)	129.29651481	117.83528620099969	575.696896	cloud-23933	TIMEOUT	990.233801847	979.0980670790013	558.866432	cloud-23933
nla-digbench-scaling/divbin2_valuebound1.yml	true	TIMEOUT	990.332508241	976.0609143559996	586.842112	cloud-24261	TIMEOUT	990.31486405	975.5228210950008	607.641600	cloud-24643	ERROR (solver error, after parsing finished)	727.713151272	713.7694123050005	595.087360	cloud-23933	TIMEOUT	990.224884105	977.7806642199866	737.382400	cloud-23982
nla-digbench-scaling/divbin2_valuebound10.yml	true	TIMEOUT	990.299428006	974.5842948570025	564.195328	cloud-24261	TIMEOUT	990.22757417	979.9353297519992	596.901888	cloud-23943	ERROR (solver error, after parsing finished)	725.161046792	712.1472388040002	605.409280	cloud-23933	TIMEOUT	990.277620808	975.7736248039873	619.347968	cloud-23933
nla-digbench-scaling/divbin2_valuebound100.yml	true	TIMEOUT (ERROR (inner timeout, after parsing finished))	937.259868946	925.2596687100013	655.384576	cloud-23979	TIMEOUT (ERROR (inner timeout, after parsing finished))	937.629015794	923.216575986	642.842624	cloud-24444	ERROR (solver error, after parsing finished)	33.345073384	24.3028991459978	575.741952	cloud-23979	TIMEOUT	990.281954284	976.4708389580192	609.800192	cloud-23979
nla-digbench-scaling/divbin2_valuebound2.yml	true	TIMEOUT (ERROR (inner timeout, after parsing finished))	964.761239781	950.1828840939997	652.521472	cloud-23979	TIMEOUT (ERROR (inner timeout, after parsing finished))	976.780579139	956.6620044310039	651.890688	cloud-24441	ERROR (solver error, after parsing finished)	67.284938099	56.56238219399529	588.111872	cloud-23933	TIMEOUT	990.246405519	975.942397413979	638.058496	cloud-23933
nla-digbench-scaling/divbin2_valuebound20.yml	true	TIMEOUT (ERROR (inner timeout, after parsing finished))	947.984806254	933.5556382030009	660.209664	cloud-23979	TIMEOUT (ERROR (inner timeout, after parsing finished))	948.208290529	932.0650649999952	623.501312	cloud-24441	ERROR (solver error, after parsing finished)	45.129683428	35.25441304599735	531.857408	cloud-23933	TIMEOUT	990.326889773	976.5566536060069	739.307520	cloud-23979
nla-digbench-scaling/divbin2_valuebound5.yml	true	TIMEOUT (ERROR (inner timeout, after parsing finished))	933.529493179	918.0083676159993	627.265536	cloud-23933	TIMEOUT (ERROR (inner timeout, after parsing finished))	928.505320938	914.587092635993	667.078656	cloud-23944	ERROR (solver error, after parsing finished)	26.482588641	16.54979437399743	591.187968	cloud-23979	TIMEOUT	990.289648402	976.3310270770162	627.941376	cloud-23979
nla-digbench-scaling/divbin2_valuebound50.yml	true	TIMEOUT	990.444198839	976.7763054200004	593.059840	cloud-23979	TIMEOUT	990.339088748	975.8127172590466	591.769600	cloud-23939	ERROR (solver error, after parsing finished)	728.480279397	713.8700128280034	583.213056	cloud-23933	TIMEOUT	990.251352692	976.0021535159904	601.931776	cloud-23982
nla-digbench-scaling/divbin_unwindbound1.yml	true	TIMEOUT (ERROR (inner timeout, after parsing finished))	962.391361684	942.8449358639991	668.598272	cloud-23933	TIMEOUT (ERROR (inner timeout, after parsing finished))	964.229564754	943.7992718810019	650.825728	cloud-24444	ERROR (solver error, after parsing finished)	56.920524759	44.76897487699989	607.027200	cloud-23933	TIMEOUT	990.287124755	974.1594054779853	637.554688	cloud-23938
nla-digbench-scaling/divbin_unwindbound10.yml	false	ERROR (solver error, after parsing finished)	164.742438601	149.40467805499793	620.322816	cloud-23933	ERROR (solver error, after parsing finished)	151.824847128	138.84790818700003	612.163584	cloud-24643	ERROR (solver error, after parsing finished)	139.735449989	127.48890992700035	664.948736	cloud-24259	ERROR (solver error, after parsing finished)	43.436415695	31.38024153400329	562.761728	cloud-23938
nla-digbench-scaling/divbin_unwindbound100.yml	false	TIMEOUT (ERROR (solver error, after parsing finished))	940.589120822	925.041784402998	653.570048	cloud-24261	TIMEOUT (ERROR (solver error, after parsing finished))	950.76725226	932.1990966280009	613.244928	cloud-24444	ERROR (solver error, after parsing finished)	728.420900835	716.1854184959957	603.176960	cloud-23933	ERROR (solver error, after parsing finished)	36.79893239	27.048085974995047	565.866496	cloud-23979
nla-digbench-scaling/divbin_unwindbound2.yml	true	TIMEOUT (ERROR (solver error, after parsing finished))	946.116069689	930.5765940359997	599.842816	cloud-23979	TIMEOUT (ERROR (solver error, after parsing finished))	947.361230209	930.017201101	653.029376	cloud-24444	ERROR (solver error, after parsing finished)	727.052595588	712.8005913020024	655.036416	cloud-23933	ERROR (solver error, after parsing finished)	39.581594325	29.477240634994814	568.537088	cloud-23979
nla-digbench-scaling/divbin_unwindbound20.yml	false	ERROR (solver error, after parsing finished)	766.484346141	749.165890712	578.412544	cloud-24261	TIMEOUT (ERROR (solver error, after parsing finished))	915.422757284	895.0010975670011	570.814464	cloud-24444	ERROR (solver error, after parsing finished)	723.049102644	710.973009592999	596.672512	cloud-23979	ERROR (solver error, after parsing finished)	35.964193085	27.448825903993566	610.156544	cloud-23980
nla-digbench-scaling/divbin_unwindbound5.yml	true	ERROR (solver error, after parsing finished)	54.629743134	37.56626544000028	601.280512	cloud-23933	ERROR (solver error, after parsing finished)	46.976284844	32.99039646700112	559.190016	cloud-24444	ERROR (solver error, after parsing finished)	27.423881389	15.783656409999821	627.761152	cloud-23933	ERROR (solver error, after parsing finished)	47.596655028	35.776870481000515	557.936640	cloud-23982
nla-digbench-scaling/divbin_unwindbound50.yml	false	ERROR (solver error, after parsing finished)	153.935987828	140.77354950500012	589.352960	cloud-23933	ERROR (solver error, after parsing finished)	145.252664198	131.8559669239985	570.228736	cloud-24441	ERROR (solver error, after parsing finished)	118.106856438	108.22655897399818	602.025984	cloud-23979	ERROR (solver error, after parsing finished)	39.560832962	29.380368746991735	538.742784	cloud-23979
nla-digbench-scaling/divbin_valuebound1.yml	true	TIMEOUT (ERROR (inner timeout, after parsing finished))	928.784745839	912.1739116639997	597.135360	cloud-24261	TIMEOUT (ERROR (inner timeout, after parsing finished))	931.394004241	913.7265313110001	667.496448	cloud-24643	ERROR (solver error, after parsing finished)	26.256500761	14.428191725994111	640.208896	cloud-23933	TIMEOUT	990.266762978	974.1973396459944	546.095104	cloud-23933
nla-digbench-scaling/divbin_valuebound10.yml	true	TIMEOUT (ERROR (inner timeout, after parsing finished))	942.962279639	927.5028217359977	622.927872	cloud-23979	TIMEOUT (ERROR (inner timeout, after parsing finished))	946.313329536	927.2699903970006	669.474816	cloud-24441	ERROR (solver error, after parsing finished)	40.056875805	29.559455534000335	590.573568	cloud-23933	TIMEOUT	990.328905703	969.4357365809847	675.467264	cloud-23938
nla-digbench-scaling/divbin_valuebound100.yml	true	ERROR (solver error, after parsing finished)	847.242100312	829.2679589449981	622.215168	cloud-23933	ERROR (solver error, after parsing finished)	827.179195246	810.6121045600012	620.589056	cloud-24444	ERROR (solver error, after parsing finished)	110.779459572	100.59514931300146	590.303232	cloud-23979	ERROR (solver error, after parsing finished)	846.921590842	830.8326730949921	581.169152	cloud-23938
nla-digbench-scaling/divbin_valuebound2.yml	true	TIMEOUT (ERROR (solver error, after parsing finished))	947.57119134	932.1313433319992	610.693120	cloud-23979	ERROR (solver error, after parsing finished)	889.049504325	871.1260735640026	627.843072	cloud-24444	ERROR (solver error, after parsing finished)	122.468539553	112.31008338399988	599.343104	cloud-23979	TIMEOUT (ERROR (solver error, after parsing finished))	922.768351474	908.4446529580164	644.542464	cloud-23982
nla-digbench-scaling/divbin_valuebound20.yml	true	TIMEOUT	990.24943085	973.9064774970029	699.695104	cloud-23979	TIMEOUT	990.232170386	976.618511007	667.025408	cloud-24643	ERROR (solver error, after parsing finished)	234.491963765	225.4112401149996	590.942208	cloud-23979	TIMEOUT	990.24848211	977.9020883189805	638.812160	cloud-23980
nla-digbench-scaling/divbin_valuebound5.yml	true	TIMEOUT	990.286160991	972.2149055869995	661.958656	cloud-23933	TIMEOUT	990.334335696	970.2068732900007	671.895552	cloud-24441	ERROR (solver error, after parsing finished)	202.489794797	190.8885948510001	593.776640	cloud-23979	TIMEOUT	990.268774964	976.3908434440091	652.505088	cloud-23979
nla-digbench-scaling/divbin_valuebound50.yml	true	ERROR (solver error, after parsing finished)	542.365634626	528.6001430439974	619.892736	cloud-23979	ERROR (solver error, after parsing finished)	515.811643411	499.4719930669962	616.132608	cloud-24643	ERROR (solver error, after parsing finished)	25.389811053	16.405338486998517	605.913088	cloud-23979	ERROR (solver error, after parsing finished)	604.81049006	592.7896397659788	608.354304	cloud-23933
nla-digbench-scaling/egcd-ll_unwindbound1.yml	false	false(unreach-call)	458.10417089	440.48640792699916	646.795264	cloud-24261	false(unreach-call)	471.787056473	455.1811134110012	667.062272	cloud-24643	ERROR (solver error, after parsing finished)	486.287800212	471.86161854700003	631.599104	cloud-23933	false(unreach-call)	35.703743235	24.41100860698498	621.600768	cloud-23980
nla-digbench-scaling/egcd-ll_unwindbound10.yml	false	TIMEOUT	990.411236128	972.011407394999	687.407104	cloud-23979	TIMEOUT	990.426715477	969.3096453990001	636.669952	cloud-24441	ERROR (solver error, after parsing finished)	725.402075256	711.8057480580028	630.956032	cloud-23979	TIMEOUT	990.29589313	974.3469372230174	625.729536	cloud-23979
nla-digbench-scaling/egcd-ll_unwindbound100.yml	false	TIMEOUT	990.266800612	972.243067372001	651.100160	cloud-23979	TIMEOUT	990.320497322	969.4076836900022	648.347648	cloud-24444	ERROR (solver error, after parsing finished)	425.899011149	410.3930200320028	605.925376	cloud-24259	TIMEOUT	990.296147598	973.7358078869875	611.635200	cloud-23933
nla-digbench-scaling/egcd-ll_unwindbound2.yml	false	ERROR (solver error, after parsing finished)	872.095470019	852.5265323040003	630.456320	cloud-24261	TIMEOUT (ERROR (solver error, after parsing finished))	908.779773182	886.161212912004	682.012672	cloud-24444	ERROR (solver error, after parsing finished)	518.891594471	503.2000780449962	639.885312	cloud-23933	ERROR (solver error, after parsing finished)	474.135848706	462.49503576999996	607.141888	cloud-23980
nla-digbench-scaling/egcd-ll_unwindbound20.yml	false	TIMEOUT	990.310949624	969.9810101319999	707.813376	cloud-23933	TIMEOUT	990.314262025	968.8383794869997	609.595392	cloud-24444	ERROR (solver error, after parsing finished)	226.153955795	211.52533878300164	631.775232	cloud-23933	TIMEOUT	990.278700172	974.3778925200168	718.630912	cloud-23938
nla-digbench-scaling/egcd-ll_unwindbound5.yml	false	TIMEOUT	990.425051431	971.1962470229992	686.915584	cloud-24261	TIMEOUT	990.546757615	967.6403194159993	650.379264	cloud-24441	ERROR (solver error, after parsing finished)	723.138325806	710.898882124	634.826752	cloud-23979	ERROR (solver error, after parsing finished)	401.565412344	387.34462839600747	603.254784	cloud-23938
nla-digbench-scaling/egcd-ll_unwindbound50.yml	false	TIMEOUT (ERROR (inner timeout, after parsing finished))	980.452675508	961.5071436149992	671.551488	cloud-24261	TIMEOUT (ERROR (inner timeout, after parsing finished))	987.427014204	968.4434026550007	648.290304	cloud-24643	ERROR (solver error, after parsing finished)	87.403849227	74.41832125999645	647.143424	cloud-23933	TIMEOUT	990.291366391	973.8570044549997	574.021632	cloud-23982
nla-digbench-scaling/egcd-ll_valuebound1.yml	true	true	25.580003831	13.833125104000146	597.278720	cloud-24261	true	30.920431067	16.77204421100032	656.896000	cloud-24441	true	24.922218504	13.687003648999962	634.433536	cloud-23979	ERROR (solver error, after parsing finished)	282.764903687	269.1463583660079	587.862016	cloud-23982
nla-digbench-scaling/egcd-ll_valuebound10.yml	true	true	46.940755415	29.577276143001654	644.763648	cloud-23979	true	51.080641772	32.78725526299968	588.931072	cloud-24643	ERROR (solver error, after parsing finished)	35.306809611	19.322290326000257	627.122176	cloud-23933	true	34.310601238	22.700995502003934	601.415680	cloud-23979
nla-digbench-scaling/egcd-ll_valuebound100.yml	true	true	76.982714016	59.445531467001274	657.932288	cloud-23933	true	82.329528004	63.69247677500243	639.209472	cloud-24441	ERROR (solver error, after parsing finished)	57.585794445	44.93595258500045	628.568064	cloud-23933	true	37.094697338	24.039748434996	599.076864	cloud-23938
nla-digbench-scaling/egcd-ll_valuebound2.yml	true	true	32.19775125	17.38871162400028	619.683840	cloud-23933	true	28.335997494	15.582459238998126	600.977408	cloud-24441	true	29.350586721	16.33106575900092	630.083584	cloud-23933	true	27.935409252	18.05710714898305	595.988480	cloud-23940
nla-digbench-scaling/egcd-ll_valuebound20.yml	true	true	50.420295032	32.55914820600083	639.324160	cloud-24261	true	49.397797	32.07044695199875	647.254016	cloud-24444	ERROR (solver error, after parsing finished)	34.6192237	19.298508873999708	618.098688	cloud-23933	true	34.950677211	23.030101759999525	578.473984	cloud-23979
nla-digbench-scaling/egcd-ll_valuebound5.yml	true	true	54.576232866	34.67162706399904	631.791616	cloud-23933	true	54.836443154	35.67831743200077	657.723392	cloud-24643	ERROR (solver error, after parsing finished)	34.681315965	18.83994356799667	634.802176	cloud-23933	true	35.92185865	25.23380652401829	638.750720	cloud-23980
nla-digbench-scaling/egcd-ll_valuebound50.yml	true	true	59.625658437	41.618637904000934	630.726656	cloud-23933	true	60.815698828	42.20617206099996	649.936896	cloud-24444	ERROR (solver error, after parsing finished)	44.354335387	29.59535982599482	623.419392	cloud-23933	true	42.9544275	29.018025390978437	620.425216	cloud-23933
nla-digbench-scaling/egcd2-ll_unwindbound1.yml	false	false(unreach-call)	29.970705163	16.091504310003074	594.952192	cloud-23933	false(unreach-call)	27.917017204	15.38247011400017	634.470400	cloud-24441	false(unreach-call)	25.02379216	13.404619664001075	658.788352	cloud-23933	false(unreach-call)	25.926956229	14.973712554987287	578.605056	cloud-23979
nla-digbench-scaling/egcd2-ll_unwindbound10.yml	false	TIMEOUT (ERROR (inner timeout, after parsing finished))	929.771609365	912.2597336489998	703.754240	cloud-24261	TIMEOUT (ERROR (inner timeout, after parsing finished))	935.615674179	914.7127402050028	665.092096	cloud-24444	ERROR (server error, after parsing finished)	25.099813452	13.49966243200015	648.577024	cloud-23979	TIMEOUT	990.296495597	974.182265890995	625.651712	cloud-23979
nla-digbench-scaling/egcd2-ll_unwindbound100.yml	false	TIMEOUT (ERROR (inner timeout, after parsing finished))	931.964377513	913.4303464879995	660.828160	cloud-24261	TIMEOUT (ERROR (inner timeout, after parsing finished))	932.905230813	914.0457204979975	730.189824	cloud-24643	ERROR (server error, after parsing finished)	29.775188367	16.115220273000887	638.832640	cloud-24259	TIMEOUT	990.262953421	976.5973332349968	594.202624	cloud-23933
nla-digbench-scaling/egcd2-ll_unwindbound2.yml	false	ERROR (solver error, after parsing finished)	132.809916482	115.1427457259997	663.797760	cloud-23933	ERROR (solver error, after parsing finished)	128.765683014	108.60334272899854	684.433408	cloud-24444	ERROR (solver error, after parsing finished)	28.127505134	15.04683547100285	682.586112	cloud-24259	ERROR (solver error, after parsing finished)	117.832001405	107.1155652749876	581.898240	cloud-23980
nla-digbench-scaling/egcd2-ll_unwindbound20.yml	false	TIMEOUT (ERROR (inner timeout, after parsing finished))	933.244644991	913.36537196	627.412992	cloud-24261	TIMEOUT (ERROR (inner timeout, after parsing finished))	934.71840745	914.257347196999	641.458176	cloud-24441	ERROR (server error, after parsing finished)	28.959693676	15.64576644400222	632.856576	cloud-23933	TIMEOUT	990.263290389	974.8966860980145	599.216128	cloud-23933
nla-digbench-scaling/egcd2-ll_unwindbound5.yml	false	TIMEOUT (ERROR (inner timeout, after parsing finished))	934.177938337	914.1510437840006	652.775424	cloud-24261	TIMEOUT (ERROR (inner timeout, after parsing finished))	932.594633147	913.8376239579993	636.194816	cloud-24643	ERROR (server error, after parsing finished)	26.630089491	14.455628505998902	606.912512	cloud-24259	TIMEOUT	990.229040722	978.3262169969967	622.120960	cloud-23980
nla-digbench-scaling/egcd2-ll_unwindbound50.yml	false	TIMEOUT (ERROR (inner timeout, after parsing finished))	930.856498606	912.7128218619982	653.979648	cloud-24261	TIMEOUT (ERROR (inner timeout, after parsing finished))	930.855717798	912.3219535929966	638.140416	cloud-24444	ERROR (server error, after parsing finished)	28.828356847	15.402990063999823	614.658048	cloud-23933	TIMEOUT	990.279094868	974.7822494139837	630.874112	cloud-23980
nla-digbench-scaling/egcd2-ll_valuebound1.yml	true	TIMEOUT (ERROR (inner timeout, after parsing finished))	932.004596569	913.738468081001	613.883904	cloud-24261	TIMEOUT (ERROR (inner timeout, after parsing finished))	934.897963756	915.1937532150005	632.426496	cloud-24643	ERROR (server error, after parsing finished)	28.903256552	15.845145715000399	609.357824	cloud-24259	TIMEOUT	990.336912913	974.2778630559915	746.496000	cloud-23933
nla-digbench-scaling/egcd2-ll_valuebound10.yml	true	TIMEOUT (ERROR (inner timeout, after parsing finished))	930.879824727	912.0969926779999	760.541184	cloud-24261	TIMEOUT (ERROR (inner timeout, after parsing finished))	921.763479228	909.9814953540044	773.099520	cloud-23943	ERROR (server error, after parsing finished)	27.316678452	14.668280988000333	618.299392	cloud-23933	TIMEOUT	990.269048029	975.4948805150052	678.031360	cloud-23982
nla-digbench-scaling/egcd2-ll_valuebound100.yml	true	TIMEOUT (ERROR (inner timeout, after parsing finished))	934.303352935	913.2766610350009	734.375936	cloud-24261	TIMEOUT (ERROR (inner timeout, after parsing finished))	936.21503399	915.6123946950029	773.074944	cloud-24643	ERROR (server error, after parsing finished)	24.764726109	13.353227081999648	648.331264	cloud-23933	TIMEOUT	990.317919759	973.5298936439794	714.629120	cloud-23938
nla-digbench-scaling/egcd2-ll_valuebound2.yml	true	TIMEOUT (ERROR (inner timeout, after parsing finished))	931.546999777	913.3275181190002	887.263232	cloud-23933	TIMEOUT (ERROR (inner timeout, after parsing finished))	929.718527236	911.8506564199997	970.776576	cloud-24444	ERROR (server error, after parsing finished)	27.603908481	15.242502944001899	635.797504	cloud-24259	TIMEOUT	990.376731016	973.3899980439746	902.598656	cloud-23938
nla-digbench-scaling/egcd2-ll_valuebound20.yml	true	TIMEOUT (ERROR (inner timeout, after parsing finished))	925.532556159	910.5574154349997	697.327616	cloud-23979	TIMEOUT (ERROR (inner timeout, after parsing finished))	933.736698854	914.249525366	737.976320	cloud-24643	ERROR (solver error, after parsing finished)	22.321578503	12.181585613998323	651.964416	cloud-23979	TIMEOUT	990.306910456	973.8588598950009	723.501056	cloud-23938
nla-digbench-scaling/egcd2-ll_valuebound5.yml	true	TIMEOUT (ERROR (inner timeout, after parsing finished))	937.029314859	916.0258298739991	772.812800	cloud-23933	TIMEOUT (ERROR (inner timeout, after parsing finished))	932.964313894	913.920029132998	779.624448	cloud-24444	ERROR (server error, after parsing finished)	25.837241247	13.970373623997148	582.017024	cloud-23933	TIMEOUT	990.293590193	972.8652138149773	729.583616	cloud-23938
nla-digbench-scaling/egcd2-ll_valuebound50.yml	true	TIMEOUT (ERROR (inner timeout, after parsing finished))	930.208596215	913.1208795359998	724.172800	cloud-23979	TIMEOUT (ERROR (inner timeout, after parsing finished))	932.650906741	913.2915327260016	660.287488	cloud-24444	ERROR (server error, after parsing finished)	20.642262559	11.286563980999745	631.398400	cloud-23979	TIMEOUT	990.286541707	973.8913746240141	697.008128	cloud-23933
nla-digbench-scaling/egcd3-ll_unwindbound1.yml	false	false(unreach-call)	25.431492367	14.030227347999244	662.601728	cloud-24261	false(unreach-call)	27.661312726	14.994961504002276	652.861440	cloud-24444	false(unreach-call)	27.825252159	15.230154634999053	649.490432	cloud-23979	false(unreach-call)	24.214370682	13.24695079898811	630.935552	cloud-23980
nla-digbench-scaling/egcd3-ll_unwindbound10.yml	false	ERROR (solver error, after parsing finished)	141.886262929	125.75213935199645	669.335552	cloud-23979	ERROR (solver error, after parsing finished)	147.128478816	129.45887186500113	641.921024	cloud-24643	ERROR (solver error, after parsing finished)	28.982347944	17.143320742998185	616.435712	cloud-23979	ERROR (solver error, after parsing finished)	27.254025787	16.41392885299865	602.165248	cloud-23933
nla-digbench-scaling/egcd3-ll_unwindbound100.yml	false	ERROR (solver error, after parsing finished)	54.025497205	39.14087806200041	614.440960	cloud-23979	ERROR (solver error, after parsing finished)	155.085620509	137.253985233001	652.275712	cloud-24643	ERROR (solver error, after parsing finished)	49.862355717	37.71080247300415	637.829120	cloud-24259	TIMEOUT	990.234013114	975.6654643410002	608.260096	cloud-23982
nla-digbench-scaling/egcd3-ll_unwindbound2.yml	false	false(unreach-call)	22.520367933	12.387868363999587	619.462656	cloud-23941	false(unreach-call)	30.959744958	16.554586132999248	655.233024	cloud-24441	false(unreach-call)	25.382389698	13.956381052999859	652.836864	cloud-23933	false(unreach-call)	29.347051153	16.344291674002307	590.962688	cloud-23980
nla-digbench-scaling/egcd3-ll_unwindbound20.yml	false	ERROR (solver error, after parsing finished)	150.770798672	136.62662242700026	648.753152	cloud-23979	ERROR (solver error, after parsing finished)	152.994432368	135.47872330099926	648.024064	cloud-24441	ERROR (solver error, after parsing finished)	43.087837102	32.04428149500018	641.781760	cloud-23979	ERROR (solver error, after parsing finished)	137.210298186	125.4982880380121	629.456896	cloud-23982
nla-digbench-scaling/egcd3-ll_unwindbound5.yml	false	ERROR (solver error, after parsing finished)	134.727523395	117.72935581000002	672.571392	cloud-24261	ERROR (solver error, after parsing finished)	135.356012743	117.63321039899893	667.533312	cloud-24444	ERROR (solver error, after parsing finished)	30.662680443	18.08824787499907	620.613632	cloud-23979	ERROR (solver error, after parsing finished)	119.726320198	109.34681033299421	616.112128	cloud-23933
nla-digbench-scaling/egcd3-ll_unwindbound50.yml	false	ERROR (solver error, after parsing finished)	122.669301128	109.57835163600066	642.490368	cloud-23941	ERROR (solver error, after parsing finished)	151.986157089	136.83597701299732	608.464896	cloud-24643	ERROR (solver error, after parsing finished)	45.846687003	33.84345530399969	637.956096	cloud-23979	ERROR (solver error, after parsing finished)	113.797242154	102.59876924799755	615.952384	cloud-23979
nla-digbench-scaling/egcd3-ll_valuebound1.yml	true	TIMEOUT (ERROR (inner timeout, after parsing finished))	931.093767662	914.8736970030004	667.078656	cloud-23979	TIMEOUT (ERROR (inner timeout, after parsing finished))	935.121464242	916.1118578139994	649.867264	cloud-24441	ERROR (solver error, after parsing finished)	26.15549632	15.454588284002966	646.361088	cloud-23979	TIMEOUT	990.225252245	976.9989165709994	551.014400	cloud-23982
nla-digbench-scaling/egcd3-ll_valuebound10.yml	true	TIMEOUT (ERROR (inner timeout, after parsing finished))	938.062380138	917.6583330100002	680.570880	cloud-24261	TIMEOUT (ERROR (inner timeout, after parsing finished))	927.409379089	912.401983308001	712.028160	cloud-23944	ERROR (solver error, after parsing finished)	31.688175793	18.697959814002388	616.624128	cloud-24259	TIMEOUT	990.311117446	973.7462888010195	699.396096	cloud-23938
nla-digbench-scaling/egcd3-ll_valuebound100.yml	true	TIMEOUT (ERROR (inner timeout, after parsing finished))	934.095690383	915.7848112689999	711.913472	cloud-24261	TIMEOUT (ERROR (inner timeout, after parsing finished))	933.35504409	915.7203732989983	740.921344	cloud-24643	ERROR (solver error, after parsing finished)	27.937593816	16.640742054999464	653.217792	cloud-23979	TIMEOUT	990.235794204	975.6760679710133	701.468672	cloud-23982
nla-digbench-scaling/egcd3-ll_valuebound2.yml	true	ERROR (solver error, after parsing finished)	32.768119768	19.250468688998808	611.422208	cloud-23933	ERROR (solver error, after parsing finished)	41.959566751	24.598907073996088	691.011584	cloud-24441	ERROR (solver error, after parsing finished)	33.921364996	20.190050633998908	615.997440	cloud-24259	ERROR (solver error, after parsing finished)	24.546546923	13.230710030999035	619.950080	cloud-23938
nla-digbench-scaling/egcd3-ll_valuebound20.yml	true	TIMEOUT (ERROR (inner timeout, after parsing finished))	929.555874836	914.0291846370019	712.851456	cloud-23979	TIMEOUT (ERROR (inner timeout, after parsing finished))	934.487872466	915.843783586999	726.593536	cloud-24643	ERROR (solver error, after parsing finished)	26.542433857	15.56005053699846	646.189056	cloud-23979	TIMEOUT	990.278195119	975.3137499620207	682.672128	cloud-23938
nla-digbench-scaling/egcd3-ll_valuebound5.yml	true	TIMEOUT (ERROR (inner timeout, after parsing finished))	929.738384016	914.4364808169994	733.929472	cloud-23979	TIMEOUT (ERROR (inner timeout, after parsing finished))	938.110841956	917.1959663480011	739.295232	cloud-24441	ERROR (solver error, after parsing finished)	29.092078122	17.20211710600006	653.565952	cloud-23933	TIMEOUT	990.296824901	974.9138879469829	709.292032	cloud-23979
nla-digbench-scaling/egcd3-ll_valuebound50.yml	true	TIMEOUT (ERROR (inner timeout, after parsing finished))	938.472586211	917.686591873	699.494400	cloud-24261	TIMEOUT (ERROR (inner timeout, after parsing finished))	932.4321878	915.8882875449999	686.313472	cloud-24643	ERROR (solver error, after parsing finished)	30.089036832	17.772430518001784	593.022976	cloud-23933	TIMEOUT	990.308256354	974.2306812549941	716.337152	cloud-23933
nla-digbench-scaling/fermat1-ll_unwindbound1.yml	false	ERROR (solver error, after parsing finished)	36.652108346	19.890782099002536	628.903936	cloud-24261	ERROR (solver error, after parsing finished)	36.785059615	20.440857686997333	686.403584	cloud-24444	ERROR (solver error, after parsing finished)	21.278020166	11.499154527000428	654.520320	cloud-23979	ERROR (solver error, after parsing finished)	28.944239972	15.865394094027579	640.548864	cloud-23938
nla-digbench-scaling/fermat1-ll_unwindbound10.yml	false	ERROR (solver error, after parsing finished)	41.96268021	22.432608611001342	653.979648	cloud-23933	ERROR (solver error, after parsing finished)	41.654843123	22.37022268000146	701.906944	cloud-24643	ERROR (solver error, after parsing finished)	28.679434261	15.558512630999758	672.866304	cloud-23933	ERROR (solver error, after parsing finished)	29.344726253	16.27940216200659	734.093312	cloud-23982
nla-digbench-scaling/fermat1-ll_unwindbound100.yml	false	ERROR (solver error, after parsing finished)	32.85529521	18.236773379001534	667.791360	cloud-23979	ERROR (solver error, after parsing finished)	39.753786299	21.5274957440015	626.876416	cloud-24444	ERROR (solver error, after parsing finished)	32.352275248	17.49233871299657	651.849728	cloud-24259	ERROR (solver error, after parsing finished)	22.920357552	12.62915563597926	610.578432	cloud-23933
nla-digbench-scaling/fermat1-ll_unwindbound2.yml	false	ERROR (solver error, after parsing finished)	38.290982715	20.665736154000115	661.327872	cloud-23933	ERROR (solver error, after parsing finished)	34.375128166	18.705950868999935	643.452928	cloud-24444	ERROR (solver error, after parsing finished)	28.753086839	15.39729146999889	680.710144	cloud-24259	ERROR (solver error, after parsing finished)	28.55805848	15.619092748995172	597.991424	cloud-23938
nla-digbench-scaling/fermat1-ll_unwindbound20.yml	false	ERROR (solver error, after parsing finished)	30.075277111	16.5199325020003	686.559232	cloud-23979	ERROR (solver error, after parsing finished)	44.398100339	24.432473296001262	614.219776	cloud-24444	ERROR (solver error, after parsing finished)	18.283724634	9.962110279004264	628.072448	cloud-23939	ERROR (solver error, after parsing finished)	28.642616745	15.57546050401288	606.515200	cloud-23933
nla-digbench-scaling/fermat1-ll_unwindbound5.yml	false	ERROR (solver error, after parsing finished)	39.420195015	21.375028524998925	672.026624	cloud-23933	ERROR (solver error, after parsing finished)	41.55207334	22.239741088998926	710.402048	cloud-24444	ERROR (solver error, after parsing finished)	24.240354682	13.036850733999017	660.250624	cloud-23933	ERROR (solver error, after parsing finished)	23.856517975	13.05644937598845	642.682880	cloud-23979
nla-digbench-scaling/fermat1-ll_unwindbound50.yml	false	ERROR (solver error, after parsing finished)	37.054808268	20.24745300900031	660.803584	cloud-24261	ERROR (solver error, after parsing finished)	39.087853472	21.22418246199959	684.277760	cloud-24444	ERROR (solver error, after parsing finished)	27.385013958	14.721980494003219	642.252800	cloud-23933	ERROR (solver error, after parsing finished)	26.285524623	14.837047709996114	613.244928	cloud-23980
nla-digbench-scaling/fermat1-ll_valuebound1.yml	true	true	40.855605677	21.98677066900018	675.725312	cloud-24261	true	43.319799102	23.239437502001238	688.648192	cloud-24444	ERROR (server error, after parsing finished)	29.134154237	15.423496714996872	653.152256	cloud-23933	true	25.528807588	14.09274141601054	630.910976	cloud-23982
nla-digbench-scaling/fermat1-ll_valuebound10.yml	true	true	35.923438933	18.957849281001472	713.416704	cloud-23979	true	35.897906555	19.39218395399803	688.943104	cloud-24643	ERROR (server error, after parsing finished)	27.685675653	14.874659314002201	661.004288	cloud-23979	true	27.042813181	14.542251765000401	624.349184	cloud-23980
nla-digbench-scaling/fermat1-ll_valuebound100.yml	true	true	36.225097207	19.207073927000238	696.979456	cloud-24261	true	35.767868913	19.176719008000873	703.184896	cloud-24643	ERROR (server error, after parsing finished)	27.454433113	14.665920010003902	647.446528	cloud-24259	true	25.771795201	14.037534189992584	651.526144	cloud-23979
nla-digbench-scaling/fermat1-ll_valuebound2.yml	true	true	36.785302546	20.01498577000166	634.957824	cloud-24261	true	41.796181253	22.64738023999962	671.981568	cloud-24441	ERROR (server error, after parsing finished)	26.98531127	14.420017300999461	641.359872	cloud-23933	true	25.975518674	14.222319296997739	680.669184	cloud-23933
nla-digbench-scaling/fermat1-ll_valuebound20.yml	true	true	34.426596662	18.691910699999426	707.915776	cloud-23979	true	45.070469109	24.053052289000334	703.815680	cloud-24643	ERROR (server error, after parsing finished)	31.070499896	16.763497640000423	681.635840	cloud-24259	true	28.353413291	15.52919868499157	612.827136	cloud-23938
nla-digbench-scaling/fermat1-ll_valuebound5.yml	true	true	38.7170618	20.993285233998904	719.204352	cloud-23933	true	40.485396467	21.514469445999566	701.444096	cloud-24441	ERROR (server error, after parsing finished)	27.123425791	14.530756148999899	686.985216	cloud-23979	true	27.0411877	14.849869647005107	650.743808	cloud-23979
nla-digbench-scaling/fermat1-ll_valuebound50.yml	true	true	36.038711354	19.3440923570015	718.540800	cloud-24261	true	37.314519284	19.733501005001017	713.072640	cloud-24444	ERROR (server error, after parsing finished)	22.073012699	11.978857152003911	730.177536	cloud-23979	true	24.810509521	13.665466125996318	607.145984	cloud-23980
nla-digbench-scaling/fermat2-ll_unwindbound1.yml	false	ERROR (solver error, after parsing finished)	34.290748272	18.730534950998845	664.342528	cloud-24261	ERROR (solver error, after parsing finished)	36.258339473	19.675374949001707	659.914752	cloud-24444	ERROR (solver error, after parsing finished)	28.109127687	15.307591790995502	686.854144	cloud-23933	ERROR (solver error, after parsing finished)	23.568162724	12.86276694200933	618.950656	cloud-23933
nla-digbench-scaling/fermat2-ll_unwindbound10.yml	false	ERROR (solver error, after parsing finished)	33.714033864	18.359712839999702	621.621248	cloud-23979	ERROR (solver error, after parsing finished)	41.723528467	22.3634263060012	668.991488	cloud-24643	ERROR (solver error, after parsing finished)	20.761900222	11.167991195005015	622.481408	cloud-23944	ERROR (solver error, after parsing finished)	26.190936881	14.414487624017056	584.708096	cloud-23938
nla-digbench-scaling/fermat2-ll_unwindbound100.yml	false	ERROR (solver error, after parsing finished)	32.391646374	17.81690651200188	655.470592	cloud-23979	ERROR (solver error, after parsing finished)	31.864379181	17.438927682000212	640.790528	cloud-24643	ERROR (solver error, after parsing finished)	26.791707173	14.451251271995716	642.539520	cloud-24259	ERROR (solver error, after parsing finished)	27.195997047	14.648284796014195	604.397568	cloud-23938
nla-digbench-scaling/fermat2-ll_unwindbound2.yml	false	ERROR (solver error, after parsing finished)	33.086961769	17.851984746997914	647.536640	cloud-23979	ERROR (solver error, after parsing finished)	33.423703659	17.93965026099613	679.620608	cloud-24441	ERROR (solver error, after parsing finished)	27.777356986	14.89864797500013	642.736128	cloud-23933	ERROR (solver error, after parsing finished)	24.960266065	13.731494621984893	629.899264	cloud-23938
nla-digbench-scaling/fermat2-ll_unwindbound20.yml	false	ERROR (solver error, after parsing finished)	34.530150799	19.03996630000256	645.193728	cloud-23933	ERROR (solver error, after parsing finished)	35.521281414	19.99516093999955	648.617984	cloud-24441	ERROR (solver error, after parsing finished)	28.874652549	15.573946462995082	619.827200	cloud-23933	ERROR (solver error, after parsing finished)	23.609283008	13.166395312000532	551.620608	cloud-23980
nla-digbench-scaling/fermat2-ll_unwindbound5.yml	false	ERROR (solver error, after parsing finished)	34.334628055	19.417222421000588	635.437056	cloud-24261	ERROR (solver error, after parsing finished)	36.475583617	19.97214407800493	653.975552	cloud-24441	ERROR (solver error, after parsing finished)	27.50691063	14.895317342001363	588.845056	cloud-23933	ERROR (solver error, after parsing finished)	18.355880314	10.51219739401131	600.621056	cloud-23944
nla-digbench-scaling/fermat2-ll_unwindbound50.yml	false	ERROR (solver error, after parsing finished)	34.097371507	18.65306991000034	668.131328	cloud-23979	ERROR (solver error, after parsing finished)	37.233128901	20.702476410995587	646.885376	cloud-24643	ERROR (solver error, after parsing finished)	23.981920902	12.994634757000313	630.689792	cloud-24259	ERROR (solver error, after parsing finished)	20.296416507	11.37072212799103	590.987264	cloud-23939
nla-digbench-scaling/fermat2-ll_valuebound1.yml	true	true	34.514756843	18.58434526199926	612.851712	cloud-23979	true	41.917625744	22.453842012000678	688.373760	cloud-24444	ERROR (server error, after parsing finished)	28.480821181	15.144892405001883	659.410944	cloud-23933	true	28.906543803	15.620761692000087	593.076224	cloud-23938
nla-digbench-scaling/fermat2-ll_valuebound10.yml	true	true	37.728436139	20.588204931998916	710.750208	cloud-24261	true	34.759468661	18.618011918995762	683.520000	cloud-24444	ERROR (server error, after parsing finished)	30.261505504	16.503478089995042	657.522688	cloud-24259	true	29.728720934	16.191205415001605	628.625408	cloud-23982
nla-digbench-scaling/fermat2-ll_valuebound100.yml	true	true	31.951125243	17.099545183000373	654.311424	cloud-24261	true	36.585093107	19.417071826999745	676.483072	cloud-24643	ERROR (server error, after parsing finished)	23.035129578	12.549605548996624	649.596928	cloud-23933	true	30.60433711	16.634960336989025	587.960320	cloud-23938
nla-digbench-scaling/fermat2-ll_valuebound2.yml	true	true	32.656315645	17.948876577000192	666.796032	cloud-23979	true	35.97105135	19.10406569099723	671.404032	cloud-24444	ERROR (server error, after parsing finished)	24.601849917	13.183627553000406	684.867584	cloud-23979	true	27.918576342	15.004801506991498	633.815040	cloud-23933
nla-digbench-scaling/fermat2-ll_valuebound20.yml	true	true	36.03855962	19.61437769899976	726.028288	cloud-24261	true	38.092366343	20.49620130099902	674.136064	cloud-24441	ERROR (server error, after parsing finished)	21.448677542	11.812337997000213	633.552896	cloud-23979	true	23.836077178	13.163923646992771	672.071680	cloud-23980
nla-digbench-scaling/fermat2-ll_valuebound5.yml	true	true	34.898734413	18.626121714001783	671.821824	cloud-23979	true	40.311152426	21.828127415999916	658.255872	cloud-24444	ERROR (server error, after parsing finished)	24.88643002	13.515029477999633	650.153984	cloud-23933	true	27.177351052	14.774726296018343	753.180672	cloud-23933
nla-digbench-scaling/fermat2-ll_valuebound50.yml	true	true	25.915906058	14.412666645999707	651.595776	cloud-23944	true	37.89577629	20.554103886999656	661.684224	cloud-24441	ERROR (server error, after parsing finished)	28.080280808	15.208833300996048	652.673024	cloud-23933	true	28.795774284	15.424394959991332	645.201920	cloud-23933
nla-digbench-scaling/freire1_valuebound1.yml	true	TIMEOUT	990.405632106	975.8812621819998	1247.952896	cloud-23940	TIMEOUT	990.373562517	973.387555534995	1123.647488	cloud-24444	ERROR (server error, after parsing finished)	215.731092363	205.46731676799936	854.798336	cloud-23933	TIMEOUT	990.363638968	977.5752906470152	1157.550080	cloud-23979
nla-digbench-scaling/freire1_valuebound10.yml	true	TIMEOUT	990.296602008	976.4779773860009	1147.822080	cloud-24261	TIMEOUT	990.334771175	974.4836765	1198.874624	cloud-24441	ERROR (server error, after parsing finished)	167.898821975	159.70195322899963	847.777792	cloud-23979	TIMEOUT	990.420792331	977.2712310439965	1151.299584	cloud-23933
nla-digbench-scaling/freire1_valuebound100.yml	true	TIMEOUT	990.36773348	974.736326649996	1212.776448	cloud-23933	TIMEOUT	990.364423419	974.3019099119992	1135.505408	cloud-24643	ERROR (server error, after parsing finished)	203.054574521	192.89786640899547	831.610880	cloud-24259	TIMEOUT	990.328041712	977.457272086991	1182.822400	cloud-23979
nla-digbench-scaling/freire1_valuebound2.yml	true	TIMEOUT	990.300842576	977.8917582579998	1177.600000	cloud-23979	TIMEOUT	990.381783598	974.2896101669976	1049.956352	cloud-24444	ERROR (server error, after parsing finished)	205.321442878	194.24523399700047	882.827264	cloud-23933	TIMEOUT	990.337571578	974.5835434950131	1117.896704	cloud-23933
nla-digbench-scaling/freire1_valuebound20.yml	true	TIMEOUT	990.29728606	975.3646943089989	1166.635008	cloud-23933	TIMEOUT	990.318480415	978.320826626994	1179.107328	cloud-24643	ERROR (server error, after parsing finished)	237.944491964	227.08714327000052	864.075776	cloud-24259	TIMEOUT	990.351244195	976.7298264970013	1123.524608	cloud-23982
nla-digbench-scaling/freire1_valuebound5.yml	true	TIMEOUT	990.364833013	976.5466279940001	1206.149120	cloud-24261	TIMEOUT	990.372267487	975.2251197470032	1184.358400	cloud-24441	ERROR (server error, after parsing finished)	204.446041544	194.36968207999598	848.236544	cloud-23979	TIMEOUT	990.252167498	980.0815368029871	1168.023552	cloud-23982
nla-digbench-scaling/freire1_valuebound50.yml	true	TIMEOUT	990.326795208	977.3009158530003	1211.863040	cloud-23979	TIMEOUT	990.370327803	975.0301660010009	1167.626240	cloud-24441	ERROR (server error, after parsing finished)	282.228261656	272.1047817260005	839.127040	cloud-23933	TIMEOUT	990.325724976	978.1526195259939	1182.322688	cloud-23982
nla-digbench-scaling/freire2_valuebound1.yml	false	TIMEOUT	990.286866321	974.7841405940007	799.387648	cloud-24261	TIMEOUT	990.248235397	978.4698437349998	1090.375680	cloud-23940	ERROR (server error, after parsing finished)	685.817612809	672.1886650910019	923.652096	cloud-24259	TIMEOUT	990.302169432	976.432530436985	1061.416960	cloud-23938
nla-digbench-scaling/freire2_valuebound10.yml	false	TIMEOUT	990.316456957	974.2234015770009	856.944640	cloud-24261	TIMEOUT	990.324001904	973.5278801390014	922.079232	cloud-24441	ERROR (server error, after parsing finished)	595.362436112	585.0119593819982	914.219008	cloud-23979	TIMEOUT	990.34034404	977.8247283119999	1001.541632	cloud-23982
nla-digbench-scaling/freire2_valuebound100.yml	false	TIMEOUT	990.350284101	976.452697044002	1146.920960	cloud-24261	TIMEOUT	990.321085336	975.2893035469997	1195.433984	cloud-24441	ERROR (server error, after parsing finished)	605.799493467	594.9734623120021	949.694464	cloud-24259	TIMEOUT	990.318187365	976.8650207930186	1203.519488	cloud-23979
nla-digbench-scaling/freire2_valuebound2.yml	false	TIMEOUT	990.359743741	973.8158424479989	1045.495808	cloud-23933	TIMEOUT	990.335398907	973.0401462359987	902.946816	cloud-24444	ERROR (server error, after parsing finished)	710.543453106	698.870920677	948.690944	cloud-23933	TIMEOUT	990.29825283	978.6910282780009	1071.136768	cloud-23980
nla-digbench-scaling/freire2_valuebound20.yml	false	TIMEOUT	990.260264908	977.6881095740027	1136.549888	cloud-23944	TIMEOUT	990.320081591	974.4077768610005	931.971072	cloud-24441	ERROR (server error, after parsing finished)	596.847232149	585.3276142379982	862.818304	cloud-23979	TIMEOUT	990.406105123	975.3742752970138	1054.756864	cloud-23933
nla-digbench-scaling/freire2_valuebound5.yml	false	TIMEOUT	990.25744965	979.0528993510015	833.904640	cloud-23979	TIMEOUT	990.310209467	976.333822569999	927.965184	cloud-24441	ERROR (solver error, after parsing finished)	723.064233327	712.5363624140009	774.160384	cloud-24259	TIMEOUT	990.358348701	976.8037118240027	1106.472960	cloud-23938
nla-digbench-scaling/freire2_valuebound50.yml	false	TIMEOUT	990.339746526	977.1916943309989	1067.188224	cloud-23979	TIMEOUT	990.296984345	974.4546677810013	958.083072	cloud-24643	ERROR (server error, after parsing finished)	478.71115397	468.4446837249998	899.416064	cloud-23979	TIMEOUT	990.345607959	977.0993922439811	1158.311936	cloud-23933
nla-digbench-scaling/geo1-ll2_unwindbound1.yml	true	true	29.598689347	15.910445505996904	535.285760	cloud-23933	true	24.439937482	13.562622883997392	588.292096	cloud-24643	ERROR (server error, after parsing finished)	18.671674471	10.175663864999933	595.443712	cloud-23979	true	21.516629141	12.000326342007611	514.338816	cloud-23982
nla-digbench-scaling/geo1-ll_unwindbound1.yml	true	TIMEOUT (ERROR (inner timeout, after parsing finished))	928.824850551	912.2925222780032	585.461760	cloud-23933	TIMEOUT (ERROR (inner timeout, after parsing finished))	920.615298889	908.8674273620004	549.621760	cloud-24643	ERROR (solver error, after parsing finished)	18.697094175	10.114738183001464	586.489856	cloud-23979	TIMEOUT	990.274377929	977.5884037860087	562.536448	cloud-23982
nla-digbench-scaling/geo1-ll_unwindbound10.yml	true	TIMEOUT	990.293084901	976.7333353139984	610.533376	cloud-23939	TIMEOUT	990.38281861	971.7431242400016	617.041920	cloud-24441	ERROR (solver error, after parsing finished)	720.979270653	709.9568221120026	536.887296	cloud-23979	TIMEOUT	990.22882745	979.1071411579906	669.405184	cloud-23980
nla-digbench-scaling/geo1-ll_unwindbound100.yml	true	TIMEOUT	990.338070049	973.5123290910014	560.046080	cloud-23933	TIMEOUT	990.368110703	975.5033076219988	601.907200	cloud-24643	ERROR (solver error, after parsing finished)	723.736827209	711.4092620010051	599.646208	cloud-23933	TIMEOUT	990.264051589	977.3579002569895	586.371072	cloud-23982
nla-digbench-scaling/geo1-ll_unwindbound2.yml	true	TIMEOUT (ERROR (inner timeout, after parsing finished))	928.405563772	912.3952703310001	618.532864	cloud-24261	TIMEOUT (ERROR (inner timeout, after parsing finished))	929.49643569	912.4880325719987	599.736320	cloud-24444	ERROR (solver error, after parsing finished)	23.492635009	13.000520976995176	559.185920	cloud-24259	TIMEOUT	990.311526641	974.5912379790097	532.705280	cloud-23938
nla-digbench-scaling/geo1-ll_unwindbound20.yml	true	TIMEOUT	990.334410111	974.5844341430002	576.794624	cloud-24261	TIMEOUT	990.366256868	972.7081637850006	610.836480	cloud-24444	ERROR (solver error, after parsing finished)	727.141289319	713.2523890239995	598.528000	cloud-23933	TIMEOUT	990.286697475	974.4087966280058	595.132416	cloud-23938
nla-digbench-scaling/geo1-ll_unwindbound5.yml	true	TIMEOUT	990.352723566	974.6336029630002	597.848064	cloud-23933	TIMEOUT	990.359591586	974.5400963680004	592.257024	cloud-24444	ERROR (solver error, after parsing finished)	726.865749128	712.8341040180003	569.933824	cloud-23933	TIMEOUT	990.220062375	978.8480749389855	531.427328	cloud-23980
nla-digbench-scaling/geo1-ll_unwindbound50.yml	true	TIMEOUT	990.348656024	973.532258444	592.535552	cloud-23933	TIMEOUT	990.315851549	974.1639889259986	596.619264	cloud-24643	ERROR (solver error, after parsing finished)	722.895603822	710.9513255850015	549.068800	cloud-23933	ERROR (solver error, after parsing finished)	110.51358044	99.60797851500683	519.012352	cloud-23938
nla-digbench-scaling/geo1-ll_valuebound1.yml	true	true	29.535918107	15.967679853001755	596.238336	cloud-24261	true	30.288674385	16.603566680001677	555.503616	cloud-24643	ERROR (server error, after parsing finished)	19.379473646	10.444228389998898	582.078464	cloud-23979	true	21.243911939	11.478356301988242	518.004736	cloud-23982
nla-digbench-scaling/geo1-ll_valuebound10.yml	true	true	28.591619281	15.580175398999927	578.134016	cloud-24261	true	25.671558179	14.106751816994802	557.338624	cloud-24643	ERROR (server error, after parsing finished)	24.115255336	13.050810979002563	595.525632	cloud-23933	true	19.453429493	10.656303903990192	569.683968	cloud-23980
nla-digbench-scaling/geo1-ll_valuebound100.yml	true	TIMEOUT	990.293743838	972.8096053039953	680.583168	cloud-23933	TIMEOUT	990.306093379	973.1974223840007	651.034624	cloud-24444	ERROR (solver error, after parsing finished)	131.646341774	119.8973430449987	591.036416	cloud-24259	TIMEOUT	990.259034779	974.5212031640112	623.558656	cloud-23938
nla-digbench-scaling/geo1-ll_valuebound2.yml	true	true	27.995709861	15.441780736000055	596.426752	cloud-24261	true	26.846230595	14.685117401000753	554.086400	cloud-24441	ERROR (server error, after parsing finished)	26.115554393	14.340698594001879	570.220544	cloud-23933	true	19.70734082	10.788596633006819	565.960704	cloud-23939
nla-digbench-scaling/geo1-ll_valuebound20.yml	true	TIMEOUT	990.247772421	975.7121751959967	704.581632	cloud-23979	TIMEOUT	990.309343436	972.2056320520023	748.638208	cloud-24441	ERROR (solver error, after parsing finished)	128.936058973	117.1702132169994	586.305536	cloud-24259	TIMEOUT	990.22584931	976.5886155109911	734.687232	cloud-23982
nla-digbench-scaling/geo1-ll_valuebound5.yml	true	true	29.463524446	16.35066979000112	556.371968	cloud-24261	true	29.759446665	16.381772092001484	582.524928	cloud-24441	ERROR (server error, after parsing finished)	21.323150333	11.759481219996815	589.754368	cloud-23933	true	22.976502901	12.549116532987682	518.160384	cloud-23980
nla-digbench-scaling/geo1-ll_valuebound50.yml	true	TIMEOUT	990.284407033	972.7536032460011	604.487680	cloud-23933	TIMEOUT	990.273456711	973.2784924500011	603.766784	cloud-24444	ERROR (solver error, after parsing finished)	115.036075195	104.55888652800058	574.484480	cloud-23979	TIMEOUT	990.227795462	976.034826017014	570.699776	cloud-23938
nla-digbench-scaling/geo1-u_unwindbound1.yml	false	TIMEOUT	990.340235567	973.2269442590004	587.325440	cloud-24261	TIMEOUT	990.376576331	972.6362587900003	589.209600	cloud-24441	ERROR (solver error, after parsing finished)	721.304642799	710.6691464540017	549.289984	cloud-23979	TIMEOUT	990.244223142	980.2710656159907	624.881664	cloud-23980
nla-digbench-scaling/geo1-u_unwindbound10.yml	false	TIMEOUT	990.300160837	977.58357626	547.569664	cloud-23979	TIMEOUT	990.325026142	974.3958659339987	560.308224	cloud-24441	ERROR (solver error, after parsing finished)	720.3093575	710.26978211	527.749120	cloud-23979	TIMEOUT	990.270398253	977.136354590999	562.376704	cloud-23982
nla-digbench-scaling/geo1-u_unwindbound100.yml	false	TIMEOUT	990.325673237	974.0748105300008	586.821632	cloud-23933	TIMEOUT	990.35146896	972.9699158290023	583.532544	cloud-24441	ERROR (solver error, after parsing finished)	721.706023047	710.1934943390006	560.504832	cloud-23979	TIMEOUT	990.393442133	975.535777557001	1160.347648	cloud-23938
nla-digbench-scaling/geo1-u_unwindbound2.yml	false	TIMEOUT	990.27328427	974.5220419149991	583.876608	cloud-23933	TIMEOUT	990.29540664	974.7271601719985	665.903104	cloud-24444	ERROR (solver error, after parsing finished)	400.408782185	388.3908695549999	529.903616	cloud-23933	TIMEOUT	990.2262268	978.3191036520002	698.015744	cloud-23982
nla-digbench-scaling/geo1-u_unwindbound20.yml	false	TIMEOUT	990.293507676	975.6720741809995	535.740416	cloud-24261	TIMEOUT	990.32304798	973.6919057619998	528.797696	cloud-24444	ERROR (solver error, after parsing finished)	723.512083921	711.5137849379971	543.576064	cloud-23979	TIMEOUT	990.208561528	978.1006251500221	591.499264	cloud-23982
nla-digbench-scaling/geo1-u_unwindbound5.yml	false	TIMEOUT	990.332131332	976.6042183450008	598.364160	cloud-23979	TIMEOUT	990.391021822	974.178522192	595.406848	cloud-24441	ERROR (solver error, after parsing finished)	722.406311028	711.6279486740004	578.338816	cloud-23979	TIMEOUT	990.299927996	977.4638509269862	550.428672	cloud-23982
nla-digbench-scaling/geo1-u_unwindbound50.yml	false	TIMEOUT	990.297818333	975.1946745330001	583.614464	cloud-24261	TIMEOUT	990.385645783	971.2747426449932	560.914432	cloud-24441	ERROR (solver error, after parsing finished)	721.707386348	710.4686818990012	577.167360	cloud-23979	TIMEOUT	990.242604094	978.3711584400153	556.134400	cloud-23980
nla-digbench-scaling/geo1-u_valuebound1.yml	false	false(unreach-call)	29.100904967	16.000830150000183	610.578432	cloud-23933	false(unreach-call)	22.251767529	12.042317822000769	584.675328	cloud-24441	false(unreach-call)	27.869591944	15.09230294599547	599.977984	cloud-24259	false(unreach-call)	24.852756517	13.713898916001199	528.691200	cloud-23938
nla-digbench-scaling/geo1-u_valuebound10.yml	false	false(unreach-call)	25.962087847	14.131673767000393	583.204864	cloud-24261	false(unreach-call)	22.955989577	12.488184681998973	592.478208	cloud-24643	false(unreach-call)	28.216486191	15.323842649999278	565.125120	cloud-24259	false(unreach-call)	21.875712623	12.20499796202057	563.081216	cloud-23979
nla-digbench-scaling/geo1-u_valuebound100.yml	false	false(unreach-call)	699.300954882	683.6952420609996	591.003648	cloud-24261	false(unreach-call)	828.761965787	811.9095483060009	608.792576	cloud-24444	ERROR (solver error, after parsing finished)	724.793311625	711.855003120003	548.831232	cloud-23933	false(unreach-call)	57.002143871	43.08989086301881	538.980352	cloud-23982
nla-digbench-scaling/geo1-u_valuebound2.yml	false	false(unreach-call)	19.696432837	10.781156599998212	569.483264	cloud-24261	false(unreach-call)	25.677763135	13.909786783002346	606.748672	cloud-24441	false(unreach-call)	23.835423108	13.247859281000274	556.974080	cloud-23979	false(unreach-call)	24.014930433	13.333345043996815	563.748864	cloud-23933
nla-digbench-scaling/geo1-u_valuebound20.yml	false	false(unreach-call)	36.384006133	23.388768193999567	617.168896	cloud-23933	false(unreach-call)	36.717001533	22.838782068	602.882048	cloud-24441	ERROR (solver error, after parsing finished)	27.789796875	16.301785626998026	605.904896	cloud-23933	false(unreach-call)	27.521914515	16.673671671014745	516.034560	cloud-23933
nla-digbench-scaling/geo1-u_valuebound5.yml	false	false(unreach-call)	21.077784995	11.357933454000886	562.950144	cloud-24261	false(unreach-call)	29.16202167	15.677484810999886	619.577344	cloud-24441	false(unreach-call)	24.705216865	13.722866422001971	600.408064	cloud-23933	false(unreach-call)	28.297463338	15.499840489996132	529.510400	cloud-23938
nla-digbench-scaling/geo1-u_valuebound50.yml	false	false(unreach-call)	469.28254164	456.94281670800046	551.579648	cloud-23979	false(unreach-call)	401.67088595	386.39059182100027	596.312064	cloud-24441	ERROR (solver error, after parsing finished)	513.878381792	502.9849182329999	585.138176	cloud-24259	false(unreach-call)	24.386307299	14.008677020989126	567.971840	cloud-23980
nla-digbench-scaling/geo2-ll2_unwindbound1.yml	true	true	22.172294354	11.975432532000013	565.149696	cloud-24261	true	27.28829993	14.910356740001589	557.158400	cloud-24441	true	22.403726557	12.265252872995916	633.913344	cloud-23933	true	25.001568638	13.463581700023497	576.032768	cloud-23933
nla-digbench-scaling/geo2-ll_unwindbound1.yml	true	TIMEOUT	990.34301617	974.1206849720038	608.579584	cloud-23933	TIMEOUT	990.374952686	972.9896325350019	573.149184	cloud-24444	ERROR (solver error, after parsing finished)	723.79180814	712.1188041159985	578.228224	cloud-23933	TIMEOUT	990.269597047	975.7978243739926	550.539264	cloud-23982
nla-digbench-scaling/geo2-ll_unwindbound10.yml	true	TIMEOUT	990.299561142	974.5716584700021	663.760896	cloud-24261	TIMEOUT	990.287807791	974.4604559380005	653.807616	cloud-24441	ERROR (solver error, after parsing finished)	175.767033836	164.64781492700013	536.936448	cloud-23933	TIMEOUT	990.214206624	978.9286233670136	590.118912	cloud-23982
nla-digbench-scaling/geo2-ll_unwindbound100.yml	true	TIMEOUT	990.354163781	974.7452017539999	595.238912	cloud-24261	TIMEOUT	990.290180158	975.732703834	585.269248	cloud-24643	ERROR (solver error, after parsing finished)	724.043247593	711.8373911970011	570.425344	cloud-23979	TIMEOUT	990.249513988	978.0375075429911	590.184448	cloud-23979
nla-digbench-scaling/geo2-ll_unwindbound2.yml	true	TIMEOUT	990.331487954	974.7881580529993	546.148352	cloud-24261	TIMEOUT	990.302161123	972.6715691639997	547.438592	cloud-24441	ERROR (solver error, after parsing finished)	723.017751357	711.0074370710063	563.712000	cloud-23979	ERROR (solver error, after parsing finished)	391.142487984	380.723262968997	506.327040	cloud-23933
nla-digbench-scaling/geo2-ll_unwindbound20.yml	true	TIMEOUT	990.231359364	981.1491496509989	609.431552	cloud-23943	TIMEOUT	990.366391071	970.9872217529992	546.897920	cloud-24444	ERROR (solver error, after parsing finished)	719.477065491	710.2433842689934	538.906624	cloud-24259	TIMEOUT	990.316870899	976.2832888519915	604.426240	cloud-23933
nla-digbench-scaling/geo2-ll_unwindbound5.yml	true	TIMEOUT	990.321655654	974.563604089999	550.035456	cloud-23979	TIMEOUT	990.306612682	976.5458218429994	592.592896	cloud-24643	ERROR (solver error, after parsing finished)	725.104826417	713.0328851509985	537.665536	cloud-24259	TIMEOUT	990.28721188	977.0056002150232	541.532160	cloud-23982
nla-digbench-scaling/geo2-ll_unwindbound50.yml	true	TIMEOUT	990.29705828	975.4297053369992	548.204544	cloud-23979	TIMEOUT	990.36772776	973.3912755429992	602.812416	cloud-24444	ERROR (solver error, after parsing finished)	721.802192114	710.4416352359985	571.899904	cloud-23979	TIMEOUT	990.278319492	976.229333936004	508.780544	cloud-23938
nla-digbench-scaling/geo2-ll_valuebound1.yml	true	true	25.292082218	13.55978164500084	625.676288	cloud-23933	true	25.260532888	13.791363422998984	564.674560	cloud-24444	true	26.921564558	14.783332796003378	561.065984	cloud-24259	true	18.376861277	10.132325226993999	569.282560	cloud-23980
nla-digbench-scaling/geo2-ll_valuebound10.yml	true	true	20.605403761	13.461441441000005	648.015872	cloud-23939	true	19.523368657	10.612991232999775	569.655296	cloud-24643	true	20.863447417	11.27989576500022	558.125056	cloud-23979	true	18.667935871	10.197536865976872	596.484096	cloud-23933
nla-digbench-scaling/geo2-ll_valuebound100.yml	true	TIMEOUT (ERROR (inner timeout, after parsing finished))	930.456766718	914.5018960479993	562.847744	cloud-24261	TIMEOUT (ERROR (inner timeout, after parsing finished))	935.402446711	916.7398263170035	608.587776	cloud-24444	ERROR (solver error, after parsing finished)	23.843770461	14.671636261002277	551.948288	cloud-23933	TIMEOUT	990.251360138	975.3268322889926	570.707968	cloud-23933
nla-digbench-scaling/geo2-ll_valuebound2.yml	true	true	22.592958256	12.696282262997556	604.991488	cloud-23979	true	20.843757319	11.562965148004878	604.745728	cloud-24643	true	28.114852113	15.41087723000237	618.110976	cloud-24259	true	21.750689807	11.878539336001268	548.171776	cloud-23933
nla-digbench-scaling/geo2-ll_valuebound20.yml	true	TIMEOUT	990.338997197	973.1441633239992	848.261120	cloud-23933	TIMEOUT	990.390516548	972.0914968579964	851.640320	cloud-24444	ERROR (solver error, after parsing finished)	725.631296336	712.9824866199997	724.029440	cloud-23933	ERROR (solver error, after parsing finished)	217.606237304	206.09254425700055	524.562432	cloud-23982
nla-digbench-scaling/geo2-ll_valuebound5.yml	true	true	23.350901197	12.595460803000606	616.349696	cloud-24261	true	19.273717329	10.864860522000527	575.225856	cloud-23940	true	23.685866079	12.786077972001294	607.215616	cloud-23933	true	18.264644178	10.114218563016038	570.814464	cloud-23982
nla-digbench-scaling/geo2-ll_valuebound50.yml	true	TIMEOUT (ERROR (inner timeout, after parsing finished))	930.781351831	914.6662279880002	651.374592	cloud-23933	TIMEOUT (ERROR (inner timeout, after parsing finished))	932.529603538	915.873912185998	677.974016	cloud-24643	ERROR (solver error, after parsing finished)	29.674422395	17.18863378199967	564.731904	cloud-24259	TIMEOUT	990.251145253	976.2384161390073	630.456320	cloud-23933
nla-digbench-scaling/geo3-ll_unwindbound1.yml	true	TIMEOUT	990.299960388	975.104073317998	593.010688	cloud-24261	TIMEOUT	990.303359606	974.524137242006	595.476480	cloud-24441	ERROR (solver error, after parsing finished)	723.751830913	712.0759251510026	540.569600	cloud-24259	TIMEOUT	990.26998363	975.1794405379915	556.924928	cloud-23933
nla-digbench-scaling/geo3-ll_unwindbound10.yml	true	TIMEOUT	990.234255562	973.5522746040001	536.887296	cloud-24261	TIMEOUT	990.28480589	973.3673523879988	581.750784	cloud-24444	ERROR (solver error, after parsing finished)	601.180199109	590.1948898219998	537.489408	cloud-23979	TIMEOUT	990.286512962	975.9195695770031	509.149184	cloud-23979
nla-digbench-scaling/geo3-ll_unwindbound100.yml	true	TIMEOUT	990.309064883	973.5237104610023	586.940416	cloud-23933	TIMEOUT	990.288640645	975.0126796039985	591.917056	cloud-24444	ERROR (solver error, after parsing finished)	487.834273736	479.1764586190038	587.001856	cloud-23940	ERROR (solver error, after parsing finished)	777.615269658	766.005910568987	507.342848	cloud-23938
nla-digbench-scaling/geo3-ll_unwindbound2.yml	true	TIMEOUT	990.273280844	973.3816548270006	579.129344	cloud-23933	TIMEOUT	990.278906169	973.1372855709997	581.378048	cloud-24441	ERROR (solver error, after parsing finished)	712.39909033	700.7666108430058	584.892416	cloud-23933	ERROR (solver error, after parsing finished)	819.541298073	808.1172748200188	542.142464	cloud-23982
nla-digbench-scaling/geo3-ll_unwindbound20.yml	true	TIMEOUT	990.235319888	975.8415016519994	547.217408	cloud-24261	TIMEOUT	990.285090399	973.0235783030002	581.660672	cloud-24444	ERROR (solver error, after parsing finished)	725.462829479	712.3357106459989	568.434688	cloud-23933	TIMEOUT	990.262663721	977.9402142019826	534.183936	cloud-23979
nla-digbench-scaling/geo3-ll_unwindbound5.yml	true	TIMEOUT	990.281798978	973.9556002690006	593.494016	cloud-23933	TIMEOUT	990.259403967	976.0198612109998	587.403264	cloud-24643	ERROR (solver error, after parsing finished)	723.218391063	711.1312873159986	541.351936	cloud-23933	TIMEOUT	990.222845174	978.9020800720027	509.317120	cloud-23943
nla-digbench-scaling/geo3-ll_unwindbound50.yml	true	TIMEOUT	990.298938264	973.5037239490011	603.324416	cloud-23933	TIMEOUT	990.276172838	974.883977589001	585.035776	cloud-24444	ERROR (solver error, after parsing finished)	721.992187317	711.4279620829984	533.852160	cloud-24259	ERROR (solver error, after parsing finished)	611.715346016	600.9134680040006	543.727616	cloud-23933
nla-digbench-scaling/geo3-ll_valuebound1.yml	true	true	25.878011229	14.141724588000216	635.731968	cloud-24261	true	37.829787722	20.231402171997615	604.921856	cloud-24444	ERROR (server error, after parsing finished)	20.474919223	11.058203282998875	586.256384	cloud-23933	true	24.96190587	13.910939930996392	556.027904	cloud-23938
nla-digbench-scaling/geo3-ll_valuebound10.yml	true	true	29.828558908	16.59835375699913	616.767488	cloud-24261	true	30.934654706	16.659363184997346	632.561664	cloud-24643	ERROR (server error, after parsing finished)	20.620958783	11.418734847999986	543.420416	cloud-23979	true	23.169352178	12.954792175994953	557.027328	cloud-23982
nla-digbench-scaling/geo3-ll_valuebound100.yml	true	TIMEOUT (ERROR (inner timeout, after parsing finished))	953.019433872	935.4553666970005	598.986752	cloud-24261	TIMEOUT (ERROR (inner timeout, after parsing finished))	948.95472501	931.7192362100031	655.921152	cloud-24441	ERROR (server error, after parsing finished)	42.237023559	31.798394108001958	591.273984	cloud-23933	TIMEOUT	990.301868072	975.5673296210007	625.315840	cloud-23982
nla-digbench-scaling/geo3-ll_valuebound2.yml	true	true	27.57170304	15.122414485999798	601.395200	cloud-24261	true	28.239275389	15.229633331000514	567.537664	cloud-24643	ERROR (server error, after parsing finished)	18.195165149	10.044628818000092	588.668928	cloud-23979	true	21.659577691	11.90441699398798	560.443392	cloud-23933
nla-digbench-scaling/geo3-ll_valuebound20.yml	true	TIMEOUT (ERROR (inner timeout, after parsing finished))	926.659431218	911.4649740019995	3601.235968	cloud-23979	TIMEOUT (ERROR (inner timeout, after parsing finished))	930.615942307	912.9693172860025	3478.552576	cloud-24441	ERROR (solver error, after parsing finished)	21.665062503	11.911731200999839	590.950400	cloud-23933	TIMEOUT	990.591901155	976.7161242929869	3567.882240	cloud-23979
nla-digbench-scaling/geo3-ll_valuebound5.yml	true	true	31.752722835	17.28085155000008	565.739520	cloud-23933	true	28.712380282	15.702848287997767	590.934016	cloud-24643	ERROR (server error, after parsing finished)	18.997821872	10.391428818998975	587.214848	cloud-23979	true	20.972742747	11.667998378019547	562.593792	cloud-23982
nla-digbench-scaling/geo3-ll_valuebound50.yml	true	TIMEOUT	990.29816758	972.7173663770009	673.230848	cloud-23933	TIMEOUT	990.278415099	976.3301464680044	613.502976	cloud-24643	ERROR (server error, after parsing finished)	107.646868882	98.1800327979945	595.664896	cloud-23979	TIMEOUT	990.267920497	974.803342159983	612.257792	cloud-23938
nla-digbench-scaling/hard-ll_unwindbound1.yml	false	false(unreach-call)	23.902372612	12.940371107000828	559.980544	cloud-24261	false(unreach-call)	23.298895963	12.472814278997248	612.544512	cloud-24441	false(unreach-call)	26.499408278	14.73362681800063	633.098240	cloud-23979	false(unreach-call)	33.686782054	22.59289246602566	566.706176	cloud-23979
nla-digbench-scaling/hard-ll_unwindbound10.yml	false	TIMEOUT (ERROR (inner timeout, after parsing finished))	934.750657619	915.1600261620006	712.683520	cloud-24261	TIMEOUT (ERROR (inner timeout, after parsing finished))	939.984197588	918.0755289699991	728.621056	cloud-24444	ERROR (verification stuck, after parsing finished)	29.718088013	16.152589814002567	650.035200	cloud-23933	TIMEOUT	990.291327684	974.5018596659938	690.638848	cloud-23933
nla-digbench-scaling/hard-ll_unwindbound100.yml	false	ERROR (solver error, after parsing finished)	165.784777381	146.49099776799994	648.024064	cloud-23933	ERROR (solver error, after parsing finished)	160.924338494	141.87666662099946	641.941504	cloud-24444	ERROR (verification stuck, after parsing finished)	27.119663843	14.927389488999324	614.866944	cloud-23933	ERROR (solver error, after parsing finished)	141.485565306	129.37907387400628	605.687808	cloud-23938
nla-digbench-scaling/hard-ll_unwindbound2.yml	false	false(unreach-call)	26.033335411	14.149219309001637	632.786944	cloud-23933	false(unreach-call)	28.100956312	15.382795664001605	614.080512	cloud-24444	false(unreach-call)	33.089709221	17.77116102400032	607.395840	cloud-24259	false(unreach-call)	106.759859854	96.33917267399374	542.765056	cloud-23943
nla-digbench-scaling/hard-ll_unwindbound20.yml	false	ERROR (solver error, after parsing finished)	149.179264201	133.0360860410001	622.620672	cloud-23979	ERROR (solver error, after parsing finished)	167.613055729	150.56689346200437	616.574976	cloud-24643	ERROR (verification stuck, after parsing finished)	28.841806185	15.663445845999377	643.432448	cloud-24259	ERROR (solver error, after parsing finished)	148.059116911	136.52861768202274	590.741504	cloud-23980
nla-digbench-scaling/hard-ll_unwindbound5.yml	false	ERROR (solver error, after parsing finished)	90.614551199	74.89387848899787	670.273536	cloud-23979	ERROR (solver error, after parsing finished)	102.536963473	82.82687714799977	659.132416	cloud-24643	ERROR (verification stuck, after parsing finished)	29.107811211	15.910395424994931	582.815744	cloud-23933	ERROR (solver error, after parsing finished)	65.440157776	55.536105679988395	643.014656	cloud-23933
nla-digbench-scaling/hard-ll_unwindbound50.yml	false	TIMEOUT (ERROR (inner timeout, after parsing finished))	936.907368893	916.6497957890024	723.378176	cloud-23933	TIMEOUT (ERROR (inner timeout, after parsing finished))	932.98275968	914.1754944149998	713.592832	cloud-24441	ERROR (verification stuck, after parsing finished)	25.630656359	13.764991282005212	650.641408	cloud-23979	TIMEOUT	990.274076072	974.9064364910009	693.030912	cloud-23938
nla-digbench-scaling/hard-ll_valuebound1.yml	true	TIMEOUT (ERROR (inner timeout, after parsing finished))	929.036126325	912.23756976	673.423360	cloud-23933	TIMEOUT (ERROR (inner timeout, after parsing finished))	932.265419877	913.5175882779986	747.642880	cloud-24441	ERROR (server error, after parsing finished)	21.380592754	11.589773798999886	633.348096	cloud-23933	TIMEOUT	990.287129413	975.0347667270107	670.396416	cloud-23979
nla-digbench-scaling/hard-ll_valuebound10.yml	true	TIMEOUT (ERROR (inner timeout, after parsing finished))	932.982034697	913.8533263920035	702.038016	cloud-23933	TIMEOUT (ERROR (inner timeout, after parsing finished))	934.752670401	913.9736949270009	745.263104	cloud-24444	ERROR (server error, after parsing finished)	26.056679005	13.960750543999893	565.002240	cloud-23933	TIMEOUT	990.245104875	975.8817765759886	680.005632	cloud-23982
nla-digbench-scaling/hard-ll_valuebound100.yml	true	TIMEOUT (ERROR (inner timeout, after parsing finished))	929.525929686	911.5376082710027	691.924992	cloud-24261	TIMEOUT (ERROR (inner timeout, after parsing finished))	928.34958582	912.2602249910051	638.480384	cloud-24444	ERROR (server error, after parsing finished)	25.608687744	13.8482061560062	593.113088	cloud-24259	TIMEOUT	990.29455961	975.3423708319897	654.123008	cloud-23933
nla-digbench-scaling/hard-ll_valuebound2.yml	true	TIMEOUT (ERROR (inner timeout, after parsing finished))	927.108460299	910.9574647830013	653.963264	cloud-23979	TIMEOUT (ERROR (inner timeout, after parsing finished))	930.803521889	913.2714268540003	665.731072	cloud-24643	ERROR (server error, after parsing finished)	20.607472219	11.229964113000278	593.727488	cloud-23933	TIMEOUT	990.298616679	975.5116084010224	693.301248	cloud-23938
nla-digbench-scaling/hard-ll_valuebound20.yml	true	TIMEOUT (ERROR (inner timeout, after parsing finished))	924.483739002	910.0127220540016	611.749888	cloud-23979	TIMEOUT (ERROR (inner timeout, after parsing finished))	929.550895312	911.9032846340015	611.639296	cloud-24441	ERROR (server error, after parsing finished)	24.354801503	13.216367667999293	591.884288	cloud-24259	TIMEOUT	990.23495405	975.6439206060022	630.394880	cloud-23982
nla-digbench-scaling/hard-ll_valuebound5.yml	true	TIMEOUT (ERROR (inner timeout, after parsing finished))	932.644208454	913.2088759889994	705.376256	cloud-23933	TIMEOUT (ERROR (inner timeout, after parsing finished))	937.205528159	915.280991640997	653.017088	cloud-24441	ERROR (server error, after parsing finished)	25.042511763	13.439633836998837	578.228224	cloud-23933	TIMEOUT	990.242074278	974.9490418659989	657.616896	cloud-23982
nla-digbench-scaling/hard-ll_valuebound50.yml	true	TIMEOUT (ERROR (inner timeout, after parsing finished))	932.687702333	913.3614053599995	633.843712	cloud-23933	TIMEOUT (ERROR (inner timeout, after parsing finished))	932.383139707	912.7856018250022	642.859008	cloud-24444	ERROR (server error, after parsing finished)	22.049097594	11.994127685000421	589.017088	cloud-23979	TIMEOUT	990.247537478	977.5672599629906	619.716608	cloud-23980
nla-digbench-scaling/hard-u_unwindbound1.yml	false	TIMEOUT (ERROR (inner timeout, after parsing finished))	984.076360244	970.9717613399989	762.707968	cloud-23979	TIMEOUT	990.284220927	973.0926103160018	738.611200	cloud-24643	ERROR (solver error, after parsing finished)	73.262966482	63.52624456700141	582.406144	cloud-23979	TIMEOUT	990.293057883	975.5069515380019	700.162048	cloud-23933
nla-digbench-scaling/hard-u_unwindbound10.yml	false	TIMEOUT (ERROR (inner timeout, after parsing finished))	948.744672609	932.9112747620002	865.832960	cloud-24261	TIMEOUT (ERROR (inner timeout, after parsing finished))	948.315453988	933.6347922040004	825.294848	cloud-24643	ERROR (solver error, after parsing finished)	41.945901282	30.957563953000317	599.019520	cloud-23979	TIMEOUT	990.313715401	977.4557906059781	850.505728	cloud-23982
nla-digbench-scaling/hard-u_unwindbound100.yml	false	TIMEOUT	990.359697055	972.9671403610009	563.531776	cloud-24261	TIMEOUT	990.368564861	974.7401781039989	582.225920	cloud-24643	ERROR (solver error, after parsing finished)	722.148404139	710.8519616080011	584.216576	cloud-23979	TIMEOUT	990.198344046	979.5999889179948	719.405056	cloud-23982
nla-digbench-scaling/hard-u_unwindbound2.yml	false	TIMEOUT	990.346919097	972.5505201550004	987.987968	cloud-23933	TIMEOUT	990.35721691	971.966468562001	977.547264	cloud-24441	ERROR (solver error, after parsing finished)	150.443811563	138.19499918100337	578.764800	cloud-23933	TIMEOUT	990.238253573	978.9357586510014	972.263424	cloud-23980
nla-digbench-scaling/hard-u_unwindbound20.yml	false	TIMEOUT	990.410857834	971.8324992489997	601.260032	cloud-24261	TIMEOUT	990.42042048	972.814993218999	591.654912	cloud-24444	ERROR (solver error, after parsing finished)	724.246305481	712.4868426659959	588.251136	cloud-24259	TIMEOUT	990.300202009	976.5484016769915	794.181632	cloud-23979
nla-digbench-scaling/hard-u_unwindbound5.yml	false	TIMEOUT (ERROR (inner timeout, after parsing finished))	967.937505781	949.8322891750031	746.704896	cloud-23933	TIMEOUT (ERROR (inner timeout, after parsing finished))	946.900428933	935.6510356580002	840.249344	cloud-23943	ERROR (solver error, after parsing finished)	64.78484213	53.1459606080025	592.035840	cloud-24259	TIMEOUT	990.273894149	975.5899834759766	759.173120	cloud-23933
nla-digbench-scaling/hard-u_unwindbound50.yml	false	TIMEOUT	990.289540131	974.1844066230005	739.143680	cloud-23933	TIMEOUT	990.316720037	974.4842380290029	751.992832	cloud-24643	ERROR (solver error, after parsing finished)	128.279257093	118.71609189100127	600.842240	cloud-23979	TIMEOUT	990.301801114	977.2749391770049	735.588352	cloud-23933
nla-digbench-scaling/hard-u_valuebound1.yml	true	true	27.206695564	16.426873642001738	628.973568	cloud-24261	true	23.821232852	14.773055692996422	609.669120	cloud-23943	true	33.702526576	20.843295026003034	619.565056	cloud-24259	TIMEOUT	990.268647988	976.6488137619745	681.721856	cloud-23979
nla-digbench-scaling/hard-u_valuebound10.yml	true	ERROR (solver error, after parsing finished)	840.077734858	823.6339386419997	604.327936	cloud-24261	TIMEOUT (ERROR (solver error, after parsing finished))	912.268168444	894.0948394139996	594.432000	cloud-24444	ERROR (solver error, after parsing finished)	26.356026437	14.574126122999587	603.152384	cloud-23933	TIMEOUT (ERROR (solver error, after parsing finished))	937.534369142	926.5527857329871	570.216448	cloud-23980
nla-digbench-scaling/hard-u_valuebound100.yml	true	TIMEOUT	990.376179638	971.863739442002	609.234944	cloud-23933	TIMEOUT	990.377244176	974.4468305779956	624.988160	cloud-24643	ERROR (solver error, after parsing finished)	723.81247402	711.9744477029999	582.918144	cloud-23933	TIMEOUT	990.304991341	977.4421667509887	734.875648	cloud-23980
nla-digbench-scaling/hard-u_valuebound2.yml	true	TIMEOUT	990.283627424	972.9690963339999	998.633472	cloud-23979	TIMEOUT	990.335592045	972.7751610619998	1023.905792	cloud-24441	ERROR (solver error, after parsing finished)	176.601250948	167.92602299900318	599.093248	cloud-23979	TIMEOUT	990.304481168	976.8855559770018	1022.922752	cloud-23933
nla-digbench-scaling/hard-u_valuebound20.yml	true	TIMEOUT (ERROR (inner timeout, after parsing finished))	929.716484517	912.8498781189992	819.126272	cloud-23933	TIMEOUT (ERROR (inner timeout, after parsing finished))	931.60413492	913.7842434190025	803.794944	cloud-24444	ERROR (server error, after parsing finished)	27.786607446	15.309164448000956	587.771904	cloud-24259	TIMEOUT	990.294062059	976.6094995070016	747.745280	cloud-23933
nla-digbench-scaling/hard-u_valuebound5.yml	true	TIMEOUT (ERROR (inner timeout, after parsing finished))	955.176736622	938.7331145940007	962.969600	cloud-24261	TIMEOUT (ERROR (inner timeout, after parsing finished))	961.57314679	943.8085478970024	961.507328	cloud-24441	ERROR (solver error, after parsing finished)	50.726144965	41.683469469000556	599.625728	cloud-23979	TIMEOUT	990.271582534	976.1570127170125	934.948864	cloud-23982
nla-digbench-scaling/hard-u_valuebound50.yml	true	TIMEOUT (ERROR (inner timeout, after parsing finished))	930.969529187	913.033934152998	1595.822080	cloud-24261	TIMEOUT (ERROR (inner timeout, after parsing finished))	932.357599483	913.3770175399986	1591.545856	cloud-24441	ERROR (server error, after parsing finished)	20.775648741	11.549988499999927	585.441280	cloud-23979	TIMEOUT	990.398897722	976.6659415079921	1570.525184	cloud-23979
nla-digbench-scaling/hard2_unwindbound1.yml	false	false(unreach-call)	26.953808054	14.868640593000237	611.020800	cloud-24261	false(unreach-call)	23.315764063	12.628641666000476	638.504960	cloud-24643	false(unreach-call)	25.524165437	13.826370108001356	558.972928	cloud-23933	false(unreach-call)	25.536082082	15.05816850301926	531.505152	cloud-23940
nla-digbench-scaling/hard2_unwindbound10.yml	false	TIMEOUT (ERROR (solver error, after parsing finished))	937.766611638	917.7908937269999	671.313920	cloud-24261	TIMEOUT (ERROR (inner timeout, after parsing finished))	958.777561129	933.9734006849976	703.246336	cloud-24441	ERROR (solver error, after parsing finished)	49.241830788	33.752373344999796	668.782592	cloud-23979	TIMEOUT	990.246795668	974.9823930889834	593.227776	cloud-23982
nla-digbench-scaling/hard2_unwindbound2.yml	false	false(unreach-call)	23.85173869	12.981571140000597	560.889856	cloud-23933	false(unreach-call)	24.645842936	13.217951766993792	604.643328	cloud-24643	false(unreach-call)	31.072646849	16.77646153200476	563.585024	cloud-24259	false(unreach-call)	503.462429215	489.5981671170157	570.310656	cloud-23938
nla-digbench-scaling/hard2_unwindbound5.yml	false	false(unreach-call)	39.727992024	22.34612214399931	620.322816	cloud-24261	false(unreach-call)	36.297416234	20.76406816599774	657.014784	cloud-24444	false(unreach-call)	34.593145362	20.298889001001953	591.831040	cloud-24259	false(unreach-call)	889.91275633	873.7167910790013	681.611264	cloud-23938
nla-digbench-scaling/hard2_valuebound1.yml	true	true	27.444177449	15.052215781000086	619.372544	cloud-24261	true	27.221357396	14.712449475002359	650.424320	cloud-24444	true	25.927314808	14.032377045999965	634.630144	cloud-23933	TIMEOUT	990.287151453	975.5722432449984	620.101632	cloud-23979
nla-digbench-scaling/hard2_valuebound10.yml	true	true	30.673295172	16.507053389001157	635.682816	cloud-23933	true	27.261725597	14.725949801999377	647.213056	cloud-24643	true	28.83175613	15.840275058995758	618.725376	cloud-23979	TIMEOUT	990.295080643	975.1404661300185	644.812800	cloud-23979
nla-digbench-scaling/hard2_valuebound100.yml	true	true	24.308149584	13.216040020000037	608.735232	cloud-24261	true	29.645580487	16.020815980999032	606.498816	cloud-24444	true	25.092546097	14.069164690001344	608.251904	cloud-23933	TIMEOUT (ERROR (solver error, after parsing finished))	928.808272885	914.3103455329838	813.416448	cloud-23933
nla-digbench-scaling/hard2_valuebound2.yml	true	true	24.819192876	13.489204604997212	643.305472	cloud-24261	true	31.082239601	17.005929136001214	603.119616	cloud-24643	true	33.239625283	17.85315206499945	623.149056	cloud-24259	TIMEOUT	990.221406353	977.9913310219999	919.478272	cloud-23980
nla-digbench-scaling/hard2_valuebound20.yml	true	true	21.339092272	11.523167734001618	637.943808	cloud-23979	true	26.990715514	14.61660860900156	627.118080	cloud-24444	true	25.339655606	13.670263012998475	623.153152	cloud-23979	TIMEOUT	990.211662824	976.7259894750023	628.539392	cloud-23982
nla-digbench-scaling/hard2_valuebound5.yml	true	true	27.055479549	14.660817689000396	650.461184	cloud-24261	true	24.714480343	13.67052818502998	620.441600	cloud-23941	true	29.672375567	16.360767786005454	604.200960	cloud-24259	TIMEOUT	990.350414303	975.0084421260108	885.837824	cloud-23979
nla-digbench-scaling/hard2_valuebound50.yml	true	true	28.839894302	15.74361190700074	638.660608	cloud-23933	true	29.203686947	15.96426868799972	603.054080	cloud-24444	true	26.546035295	14.539217297002324	597.778432	cloud-23979	TIMEOUT	990.259168252	974.804487839021	611.336192	cloud-23938
nla-digbench-scaling/knuth_unwindbound1.yml	true	TIMEOUT	990.342392695	975.0447917270012	1130.586112	cloud-24261	TIMEOUT	990.4024973	973.2356268049989	1138.167808	cloud-24444	ERROR (solver error, after parsing finished)	726.157722394	714.3210221000045	1150.480384	cloud-24259	TIMEOUT	990.338074803	977.0804841269855	1015.984128	cloud-23938
nla-digbench-scaling/knuth_unwindbound10.yml	true	TIMEOUT	990.330618735	977.6322948050001	1142.812672	cloud-23979	TIMEOUT	990.454757389	973.9502652649971	1134.260224	cloud-24444	ERROR (solver error, after parsing finished)	727.393880915	713.6700401400012	1158.574080	cloud-23933	TIMEOUT	990.317418341	978.0960095490154	1023.111168	cloud-23980
nla-digbench-scaling/knuth_unwindbound100.yml	true	TIMEOUT	990.396907068	975.8334490769994	1115.025408	cloud-23979	TIMEOUT	990.352685954	977.4070337899611	1145.470976	cloud-23939	ERROR (solver error, after parsing finished)	723.228650287	711.871535582	1143.496704	cloud-23933	TIMEOUT	990.296951741	980.1145560160221	1023.578112	cloud-23982
nla-digbench-scaling/knuth_unwindbound2.yml	true	TIMEOUT	990.402089891	974.2063599909998	1133.416448	cloud-23933	TIMEOUT	990.387967113	972.4820828119991	1115.754496	cloud-24441	ERROR (solver error, after parsing finished)	726.243439806	713.3744723749987	1169.928192	cloud-23933	TIMEOUT	990.309463943	977.1755997549917	1045.934080	cloud-23933
nla-digbench-scaling/knuth_unwindbound20.yml	true	TIMEOUT	990.394770647	977.7233993859991	1161.211904	cloud-23979	TIMEOUT	990.36676326	975.4059344570005	1149.710336	cloud-24444	ERROR (solver error, after parsing finished)	721.307872205	710.7617495669983	1149.763584	cloud-23979	TIMEOUT	990.226033442	980.0636488019954	983.015424	cloud-23982
nla-digbench-scaling/knuth_unwindbound5.yml	true	TIMEOUT	990.42890317	973.1141878849994	1158.107136	cloud-23933	TIMEOUT	990.390538688	974.4529091529985	1117.245440	cloud-24441	ERROR (solver error, after parsing finished)	723.508284803	711.9348739690031	1156.784128	cloud-23979	TIMEOUT	990.32829354	975.7247462959785	1020.387328	cloud-23938
nla-digbench-scaling/knuth_unwindbound50.yml	true	TIMEOUT	990.38326025	978.2638175169996	1098.899456	cloud-23979	TIMEOUT	990.339205749	977.6783233360002	1142.882304	cloud-24643	ERROR (solver error, after parsing finished)	722.509179774	711.3940385199967	1103.884288	cloud-23979	TIMEOUT	990.349684798	976.4779960430169	1012.875264	cloud-23938
nla-digbench-scaling/knuth_valuebound1.yml	true	true	26.925955861	16.69946631700077	1109.491712	cloud-23979	true	29.617824952	18.547553242002323	1116.995584	cloud-24444	true	27.712699669	17.033999239999503	1108.750336	cloud-23933	ERROR (server error, after parsing finished)	23.843749642	14.589641903003212	943.034368	cloud-23938
nla-digbench-scaling/knuth_valuebound10.yml	true	TIMEOUT	990.382003679	977.3389247369996	1143.230464	cloud-23979	TIMEOUT	990.420682694	972.6000700980003	1158.602752	cloud-24441	ERROR (solver error, after parsing finished)	716.536150658	708.7966340159983	1129.046016	cloud-23943	TIMEOUT	990.346110661	977.2066720830044	1050.316800	cloud-23933
nla-digbench-scaling/knuth_valuebound100.yml	true	TIMEOUT	990.40167434	975.0839144019992	1196.429312	cloud-24261	TIMEOUT	990.450565464	974.0025287600001	1163.747328	cloud-24444	ERROR (solver error, after parsing finished)	727.133570166	713.9563095269987	1140.109312	cloud-23933	TIMEOUT	990.246266125	977.9579778650077	1035.751424	cloud-23982
nla-digbench-scaling/knuth_valuebound2.yml	true	true	24.772334467	15.240030557000864	1143.451648	cloud-23979	true	31.368354281	19.738437961001182	1122.574336	cloud-24441	true	25.944819765	15.972249737998936	1059.209216	cloud-23979	ERROR (server error, after parsing finished)	21.947570303	13.29380992098595	965.570560	cloud-23979
nla-digbench-scaling/knuth_valuebound20.yml	true	TIMEOUT	990.381878874	974.957076843999	1163.227136	cloud-23933	TIMEOUT	990.415624402	972.9527101689964	1162.473472	cloud-24444	ERROR (solver error, after parsing finished)	721.760977201	710.7692374750004	1117.069312	cloud-23979	TIMEOUT	990.31879866	977.1131766499893	1024.405504	cloud-23938
nla-digbench-scaling/knuth_valuebound5.yml	true	TIMEOUT	990.416649448	975.0543588009987	1118.306304	cloud-24261	TIMEOUT	990.355364328	977.9116857409972	1133.953024	cloud-24643	ERROR (solver error, after parsing finished)	727.122648112	713.9748741460062	1087.139840	cloud-23933	TIMEOUT	990.365207234	976.7345017620246	1066.614784	cloud-23938
nla-digbench-scaling/knuth_valuebound50.yml	true	TIMEOUT	990.429999013	974.4089912	1371.291648	cloud-24261	TIMEOUT	990.482078185	973.764217316002	1346.486272	cloud-24441	ERROR (solver error, after parsing finished)	721.866206852	711.9428459420014	1353.494528	cloud-24259	TIMEOUT	990.374063663	977.1572784300079	1109.700608	cloud-23982
nla-digbench-scaling/lcm1_unwindbound1.yml	false	TIMEOUT (ERROR (inner timeout, after parsing finished))	927.149944565	911.8731610239993	765.317120	cloud-23933	TIMEOUT (ERROR (inner timeout, after parsing finished))	927.853614799	912.3439676449998	724.893696	cloud-24643	ERROR (server error, after parsing finished)	27.979453721	15.496357624004304	586.035200	cloud-24259	TIMEOUT	990.217063212	978.0772767179878	725.528576	cloud-23982
nla-digbench-scaling/lcm1_unwindbound10.yml	false	TIMEOUT (ERROR (inner timeout, after parsing finished))	926.412676235	911.6293425249969	592.924672	cloud-23979	TIMEOUT (ERROR (inner timeout, after parsing finished))	929.824984789	913.4292652419972	563.986432	cloud-24643	ERROR (server error, after parsing finished)	22.32074946	12.38848004299507	563.470336	cloud-23933	TIMEOUT	990.19970472	980.1428724690049	533.209088	cloud-23980
nla-digbench-scaling/lcm1_unwindbound100.yml	false	TIMEOUT (ERROR (inner timeout, after parsing finished))	927.148644399	911.4268460919993	660.033536	cloud-24261	TIMEOUT (ERROR (inner timeout, after parsing finished))	931.374695109	914.0527623300004	658.280448	cloud-24441	ERROR (server error, after parsing finished)	19.56664275	10.819368984997709	572.542976	cloud-23979	TIMEOUT	990.282840045	975.937872718001	616.587264	cloud-23938
nla-digbench-scaling/lcm1_unwindbound2.yml	false	TIMEOUT (ERROR (inner timeout, after parsing finished))	922.574073447	910.1238761269997	606.937088	cloud-23979	TIMEOUT (ERROR (inner timeout, after parsing finished))	923.268408123	910.1100438930443	611.418112	cloud-23943	ERROR (server error, after parsing finished)	22.028477397	12.111904482997488	587.194368	cloud-23979	TIMEOUT	990.282703732	976.100054487004	567.767040	cloud-23938
nla-digbench-scaling/lcm1_unwindbound20.yml	false	TIMEOUT (ERROR (inner timeout, after parsing finished))	924.814831237	911.0903009209997	691.736576	cloud-23979	TIMEOUT (ERROR (inner timeout, after parsing finished))	929.259951406	912.3081743410003	660.389888	cloud-24444	ERROR (server error, after parsing finished)	25.889507568	14.059329029005312	567.287808	cloud-24259	TIMEOUT	990.257341366	976.8978440270002	650.186752	cloud-23979
nla-digbench-scaling/lcm1_unwindbound5.yml	false	TIMEOUT (ERROR (inner timeout, after parsing finished))	928.124632241	912.3299838029998	655.888384	cloud-23979	TIMEOUT (ERROR (inner timeout, after parsing finished))	930.348839954	913.1372556329989	660.213760	cloud-24643	ERROR (server error, after parsing finished)	27.954075779	15.089804937000736	561.364992	cloud-24259	TIMEOUT	990.237664111	978.8761804320093	637.911040	cloud-23980
nla-digbench-scaling/lcm1_unwindbound50.yml	false	TIMEOUT (ERROR (inner timeout, after parsing finished))	925.465185406	910.5572763230011	957.718528	cloud-24261	TIMEOUT (ERROR (inner timeout, after parsing finished))	931.777933141	913.3236480790001	692.432896	cloud-24444	ERROR (server error, after parsing finished)	23.90267522	13.106524778006133	581.705728	cloud-24259	TIMEOUT	990.302851331	976.3834769930108	914.989056	cloud-23938
nla-digbench-scaling/lcm1_valuebound1.yml	true	TIMEOUT (ERROR (inner timeout, after parsing finished))	931.679039819	913.2511746799992	640.778240	cloud-23933	TIMEOUT (ERROR (inner timeout, after parsing finished))	931.646731897	913.1484935270018	658.112512	cloud-24441	ERROR (server error, after parsing finished)	18.764162435	10.261929815998883	602.714112	cloud-23979	TIMEOUT	990.26767033	975.4691131330037	590.487552	cloud-23980
nla-digbench-scaling/lcm1_valuebound10.yml	true	TIMEOUT	990.29523438	975.9255333239998	618.835968	cloud-23979	TIMEOUT	990.295518061	973.4111428700016	608.927744	cloud-24444	ERROR (solver error, after parsing finished)	506.406769311	494.5892369259964	579.215360	cloud-23979	TIMEOUT	990.234084828	976.9147801779909	644.468736	cloud-23980
nla-digbench-scaling/lcm1_valuebound100.yml	true	TIMEOUT	990.378223426	973.3507295880008	592.453632	cloud-23933	TIMEOUT	990.381127019	971.4830492209985	622.411776	cloud-24444	ERROR (solver error, after parsing finished)	726.562762322	712.7142446020007	588.169216	cloud-23979	TIMEOUT	990.274031698	975.9564632900001	808.787968	cloud-23938
nla-digbench-scaling/lcm1_valuebound2.yml	true	TIMEOUT (ERROR (inner timeout, after parsing finished))	928.438074709	911.772784711	795.807744	cloud-23933	TIMEOUT (ERROR (inner timeout, after parsing finished))	928.704261206	912.3992908260043	828.071936	cloud-24643	ERROR (server error, after parsing finished)	24.018442939	13.288137136998557	593.039360	cloud-24259	TIMEOUT	990.304836872	973.9820836420113	772.816896	cloud-23938
nla-digbench-scaling/lcm1_valuebound20.yml	true	TIMEOUT (ERROR (inner timeout, after parsing finished))	928.797423121	913.1109752169996	676.712448	cloud-24261	TIMEOUT (ERROR (inner timeout, after parsing finished))	932.174400289	914.6898507500009	642.179072	cloud-24441	ERROR (solver error, after parsing finished)	22.978880955	13.676141386000381	593.088512	cloud-23979	TIMEOUT	990.290535884	976.9822105889907	603.635712	cloud-23938
nla-digbench-scaling/lcm1_valuebound5.yml	true	TIMEOUT (ERROR (inner timeout, after parsing finished))	930.217548535	913.1308622200013	932.425728	cloud-24261	TIMEOUT (ERROR (inner timeout, after parsing finished))	929.804204222	912.984475336998	732.958720	cloud-24444	ERROR (solver error, after parsing finished)	26.681503763	15.503405358002055	610.246656	cloud-24259	TIMEOUT	990.328053625	976.8229045789922	925.696000	cloud-23982
nla-digbench-scaling/lcm1_valuebound50.yml	true	TIMEOUT	990.347451616	973.5014168779999	639.053824	cloud-24261	TIMEOUT	990.386185317	973.2319204989981	633.102336	cloud-24444	ERROR (solver error, after parsing finished)	729.328349589	716.3854946839999	615.178240	cloud-23933	TIMEOUT	990.234191578	978.5956836869882	674.840576	cloud-23980
nla-digbench-scaling/lcm2_unwindbound1.yml	true	TIMEOUT	990.275931149	976.2546228499996	604.196864	cloud-23979	TIMEOUT	990.301530581	972.4536004819965	555.126784	cloud-24441	ERROR (solver error, after parsing finished)	364.651491418	353.371251175995	595.615744	cloud-23979	TIMEOUT	990.228691447	977.2789714509854	543.752192	cloud-23979
nla-digbench-scaling/lcm2_unwindbound10.yml	true	TIMEOUT	990.27605162	972.7421256079997	588.115968	cloud-24261	TIMEOUT	990.31935683	973.7112652709984	553.848832	cloud-24444	ERROR (solver error, after parsing finished)	433.430025256	421.51236893100213	549.994496	cloud-24259	TIMEOUT	990.215023991	979.3023542109877	560.361472	cloud-23980
nla-digbench-scaling/lcm2_unwindbound100.yml	true	TIMEOUT	990.271400797	973.8948161389999	534.355968	cloud-24261	TIMEOUT	990.232755471	976.081440027001	564.801536	cloud-24643	ERROR (solver error, after parsing finished)	295.205925448	287.1802992009998	580.681728	cloud-23939	TIMEOUT	990.264715197	975.5720715349889	574.922752	cloud-23979
nla-digbench-scaling/lcm2_unwindbound2.yml	true	TIMEOUT	990.224674111	975.4865402619998	571.682816	cloud-23979	TIMEOUT	990.260891273	974.7781641900001	583.008256	cloud-24643	ERROR (solver error, after parsing finished)	299.098960391	291.03230609399907	579.969024	cloud-23944	TIMEOUT	990.225641947	977.2754303959955	543.313920	cloud-23980
nla-digbench-scaling/lcm2_unwindbound20.yml	true	TIMEOUT	990.268880835	973.3274361549998	599.535616	cloud-24261	TIMEOUT	990.235447644	975.308132406004	578.289664	cloud-24643	ERROR (solver error, after parsing finished)	432.758348912	421.20031014000415	591.867904	cloud-24259	TIMEOUT	990.265664291	975.5347622939735	507.908096	cloud-23933
nla-digbench-scaling/lcm2_unwindbound5.yml	true	TIMEOUT	990.258173491	976.2863629720014	591.626240	cloud-23979	TIMEOUT	990.28524927	973.719083207001	571.011072	cloud-24444	ERROR (solver error, after parsing finished)	434.259425154	423.37363470299897	585.101312	cloud-24259	TIMEOUT	990.239747587	975.0982065339922	531.189760	cloud-23938
nla-digbench-scaling/lcm2_unwindbound50.yml	true	TIMEOUT	990.2609909	973.0207106449998	574.083072	cloud-23933	TIMEOUT	990.265465524	973.2376981460038	546.832384	cloud-24444	ERROR (solver error, after parsing finished)	424.956195377	416.2559151910027	571.985920	cloud-24259	TIMEOUT	990.257782574	979.448060611001	561.127424	cloud-23980
nla-digbench-scaling/lcm2_valuebound1.yml	true	TIMEOUT	990.32718077	971.4871456569999	706.146304	cloud-23933	TIMEOUT	990.296582434	976.8143572850386	675.733504	cloud-23939	ERROR (solver error, after parsing finished)	726.067446595	712.2095581889998	688.168960	cloud-23933	TIMEOUT	990.225966829	977.4350704030076	595.353600	cloud-23980
nla-digbench-scaling/lcm2_valuebound10.yml	true	TIMEOUT (ERROR (inner timeout, after parsing finished))	941.766045451	924.428634019001	649.900032	cloud-23933	TIMEOUT (ERROR (inner timeout, after parsing finished))	935.573541657	920.421239604002	591.749120	cloud-24444	ERROR (server error, after parsing finished)	32.641322124	22.903883258004498	610.942976	cloud-23933	TIMEOUT	990.240813013	976.1772498180217	629.489664	cloud-23982
nla-digbench-scaling/lcm2_valuebound100.yml	true	TIMEOUT	990.261642312	974.7702508369985	669.523968	cloud-23979	TIMEOUT	990.303654446	972.7767804159994	650.743808	cloud-24444	ERROR (server error, after parsing finished)	699.91835456	686.0898048180024	613.056512	cloud-23933	TIMEOUT	990.255443207	976.5967476800142	794.357760	cloud-23933
nla-digbench-scaling/lcm2_valuebound2.yml	true	TIMEOUT (ERROR (inner timeout, after parsing finished))	930.0371446	913.609124265	654.258176	cloud-23933	TIMEOUT (ERROR (inner timeout, after parsing finished))	932.934885599	915.2230768299996	609.439744	cloud-24441	ERROR (server error, after parsing finished)	22.417172222	12.810682217001158	609.652736	cloud-23979	TIMEOUT	990.276377613	975.9393711730081	639.164416	cloud-23938
nla-digbench-scaling/lcm2_valuebound20.yml	true	TIMEOUT	990.235960606	974.2823384120002	636.428288	cloud-23979	TIMEOUT	990.247009114	973.2943136299946	662.708224	cloud-24643	ERROR (server error, after parsing finished)	104.542144713	93.78282070999921	567.398400	cloud-24259	TIMEOUT	990.278457375	978.0372930080048	628.289536	cloud-23979
nla-digbench-scaling/lcm2_valuebound5.yml	true	TIMEOUT (ERROR (inner timeout, after parsing finished))	944.804132551	927.7839706179948	650.608640	cloud-23933	TIMEOUT (ERROR (inner timeout, after parsing finished))	941.916861736	925.6518712159959	650.657792	cloud-24444	ERROR (server error, after parsing finished)	41.921028054	30.814679434000027	598.650880	cloud-23933	TIMEOUT	990.28520391	976.6192964260117	748.699648	cloud-23933
nla-digbench-scaling/lcm2_valuebound50.yml	true	TIMEOUT	990.224603003	975.5845505420002	591.134720	cloud-23979	TIMEOUT	990.289770564	974.489156527	641.024000	cloud-24441	ERROR (server error, after parsing finished)	125.86964952	118.74489720699785	598.704128	cloud-23943	TIMEOUT	990.248716924	976.148645592999	638.058496	cloud-23933
nla-digbench-scaling/mannadiv_unwindbound1.yml	false	false(unreach-call)	25.69959637	14.18221733199971	604.921856	cloud-24261	false(unreach-call)	23.21242192	12.869676766000339	556.318720	cloud-24444	false(unreach-call)	26.131539305	14.55612502599979	587.292672	cloud-23933	false(unreach-call)	21.992586166	11.935396743007004	554.000384	cloud-23933
nla-digbench-scaling/mannadiv_unwindbound10.yml	false	false(unreach-call)	44.814975346	28.670493101999455	666.161152	cloud-23933	false(unreach-call)	44.498134182	28.24861596900155	695.111680	cloud-24643	false(unreach-call)	45.11932995	29.355606085002364	670.928896	cloud-23933	ERROR (solver error, after parsing finished)	29.141396914	17.894996438990347	552.464384	cloud-23980
nla-digbench-scaling/mannadiv_unwindbound100.yml	false	TIMEOUT (ERROR (solver error, after parsing finished))	946.267504121	916.5992328480006	784.375808	cloud-23933	TIMEOUT (ERROR (solver error, after parsing finished))	942.302881412	915.6130507599992	996.270080	cloud-24643	ERROR (solver error, after parsing finished)	737.255641867	711.1826238899994	731.774976	cloud-23979	ERROR (solver error, after parsing finished)	23.559368487	14.335961595992558	544.567296	cloud-23979
nla-digbench-scaling/mannadiv_unwindbound2.yml	false	false(unreach-call)	23.278405423	12.693559303999791	554.737664	cloud-24261	false(unreach-call)	23.918165134	12.926171910003177	561.750016	cloud-24444	false(unreach-call)	26.053828094	14.642621430000872	565.141504	cloud-24259	false(unreach-call)	26.240307276	14.110617308004294	556.953600	cloud-23980
nla-digbench-scaling/mannadiv_unwindbound20.yml	false	false(unreach-call)	221.927998921	201.77311773800102	711.970816	cloud-23979	false(unreach-call)	215.126857951	193.76955734400053	784.277504	cloud-24444	false(unreach-call)	246.514563376	224.97349580100126	729.747456	cloud-24259	ERROR (solver error, after parsing finished)	23.19334994	14.06072479300201	547.061760	cloud-23938
nla-digbench-scaling/mannadiv_unwindbound5.yml	false	false(unreach-call)	28.60744431	15.827279253000597	640.991232	cloud-24261	false(unreach-call)	28.25838218	15.27038039800027	628.752384	cloud-24441	false(unreach-call)	27.285992084	15.193023663000531	582.373376	cloud-23979	ERROR (solver error, after parsing finished)	38.638877595	26.680398744996637	554.856448	cloud-23938
nla-digbench-scaling/mannadiv_unwindbound50.yml	false	TIMEOUT (ERROR (solver error, after parsing finished))	945.005196109	915.7663186299978	876.199936	cloud-24261	TIMEOUT (ERROR (solver error, after parsing finished))	952.855148355	919.3913023929999	860.483584	cloud-24441	ERROR (solver error, after parsing finished)	734.88970575	710.983865525006	850.681856	cloud-23933	ERROR (solver error, after parsing finished)	27.568149673	17.51643604002311	553.656320	cloud-23982
nla-digbench-scaling/mannadiv_valuebound1.yml	true	true	20.640137846	11.115023168000334	608.223232	cloud-23979	true	26.787732609	14.767747956997482	596.922368	cloud-24441	true	23.627638658	13.153452177000872	617.160704	cloud-23979	true	20.935418335	11.667692649003584	556.507136	cloud-23979
nla-digbench-scaling/mannadiv_valuebound10.yml	true	true	21.771403547	12.016483152001456	601.194496	cloud-24261	true	26.965745348	14.714882098996895	606.232576	cloud-24643	true	22.942175204	12.684186521000811	604.434432	cloud-23979	true	21.184164671	11.782133341999725	575.918080	cloud-23980
nla-digbench-scaling/mannadiv_valuebound100.yml	true	true	22.727676375	12.425903539000501	581.996544	cloud-24261	true	28.894973122	15.699419322998438	580.816896	cloud-24444	true	21.510335242	11.951449379999758	607.272960	cloud-23979	true	25.944790236	14.143799399986165	589.070336	cloud-23982
nla-digbench-scaling/mannadiv_valuebound2.yml	true	true	25.040224398	13.746237266001117	600.838144	cloud-23979	true	28.731590436	15.668615237002086	639.229952	cloud-24441	true	26.903084421	14.803212105005514	594.423808	cloud-24259	true	20.044468865	10.903301621001447	565.448704	cloud-23933
nla-digbench-scaling/mannadiv_valuebound20.yml	true	true	23.265216891	12.752014224000959	544.284672	cloud-23979	true	23.335118544	12.97885088700059	610.926592	cloud-24441	true	20.203092536	10.915574318001745	596.815872	cloud-23944	true	19.913899664	10.769329417002155	566.427648	cloud-23940
nla-digbench-scaling/mannadiv_valuebound5.yml	true	true	22.8125312	12.334937102998083	566.603776	cloud-23979	true	25.97591787	14.064082322998729	545.988608	cloud-24444	true	28.142660517	15.401679680006055	576.688128	cloud-24259	true	27.282044454	14.674720966024324	530.006016	cloud-23980
nla-digbench-scaling/mannadiv_valuebound50.yml	true	true	24.639553413	13.014400692998606	557.744128	cloud-23933	true	28.563345983	15.386732040002244	619.044864	cloud-24444	true	28.214157968	15.069607367000572	605.331456	cloud-24259	true	23.466820146	12.800742624007398	579.772416	cloud-23979
nla-digbench-scaling/prod4br-ll_unwindbound1.yml	false	ERROR (solver error, after parsing finished)	25.725613064	14.091120764998777	598.437888	cloud-23979	ERROR (solver error, after parsing finished)	27.780852933	15.390190012003586	605.409280	cloud-24441	ERROR (server error, after parsing finished)	22.601520384	12.193168295998476	585.048064	cloud-23933	ERROR (solver error, after parsing finished)	24.869947056	13.499636883003404	552.513536	cloud-23938
nla-digbench-scaling/prod4br-ll_unwindbound10.yml	false	TIMEOUT (ERROR (inner timeout, after parsing finished))	931.951469086	913.4682580710014	596.602880	cloud-23933	TIMEOUT (ERROR (inner timeout, after parsing finished))	927.06940224	911.4304018059993	587.460608	cloud-24643	ERROR (server error, after parsing finished)	20.940497224	11.470304698996188	591.388672	cloud-23979	TIMEOUT	990.268056362	978.8907271979842	547.631104	cloud-23980
nla-digbench-scaling/prod4br-ll_unwindbound100.yml	false	TIMEOUT (ERROR (inner timeout, after parsing finished))	925.043251229	910.0818770329934	638.062592	cloud-23979	TIMEOUT (ERROR (inner timeout, after parsing finished))	927.246289917	911.8780019149999	644.554752	cloud-24643	ERROR (server error, after parsing finished)	25.274149525	13.71839935600292	657.760256	cloud-24259	TIMEOUT	990.264556213	974.342466689006	545.443840	cloud-23938
nla-digbench-scaling/prod4br-ll_unwindbound2.yml	false	TIMEOUT (ERROR (inner timeout, after parsing finished))	926.406353103	911.2309843269977	589.639680	cloud-23979	TIMEOUT (ERROR (inner timeout, after parsing finished))	931.453328044	912.7658816939993	588.021760	cloud-24441	ERROR (server error, after parsing finished)	22.060154398	12.090530538000166	583.090176	cloud-24259	TIMEOUT	990.277347251	973.89866604298	563.994624	cloud-23938
nla-digbench-scaling/prod4br-ll_unwindbound20.yml	false	TIMEOUT (ERROR (inner timeout, after parsing finished))	924.661289448	910.1570939980011	649.523200	cloud-23979	TIMEOUT (ERROR (inner timeout, after parsing finished))	928.596193287	911.7047281339983	654.962688	cloud-24441	ERROR (server error, after parsing finished)	20.661399686	11.266969599997537	586.301440	cloud-23979	TIMEOUT	990.266879368	977.1722192789894	573.771776	cloud-23982
nla-digbench-scaling/prod4br-ll_unwindbound5.yml	false	TIMEOUT (ERROR (inner timeout, after parsing finished))	931.475162262	913.0144567300013	574.803968	cloud-24261	TIMEOUT (ERROR (inner timeout, after parsing finished))	933.85116985	914.2454311699985	617.906176	cloud-24441	ERROR (server error, after parsing finished)	25.915553869	14.031943132002198	580.882432	cloud-24259	TIMEOUT	990.238431289	978.6814384690078	551.063552	cloud-23980
nla-digbench-scaling/prod4br-ll_unwindbound50.yml	false	TIMEOUT (ERROR (inner timeout, after parsing finished))	924.573993717	910.6553581070002	624.406528	cloud-23979	TIMEOUT (ERROR (inner timeout, after parsing finished))	930.83872855	913.0006496370006	544.477184	cloud-24441	ERROR (server error, after parsing finished)	21.14766238	11.586007341997174	594.427904	cloud-23979	TIMEOUT	990.245979406	976.0095808930055	556.244992	cloud-23979
nla-digbench-scaling/prod4br-ll_valuebound1.yml	true	true	27.762605843	15.187968570997327	662.577152	cloud-23933	true	31.759006907	17.07122893900305	606.842880	cloud-24444	true	28.206721089	15.071744783999748	641.409024	cloud-23933	ERROR (solver error, after parsing finished)	26.406965388	15.1249382099777	606.347264	cloud-23980
nla-digbench-scaling/prod4br-ll_valuebound10.yml	true	ERROR (solver error, after parsing finished)	39.877479604	27.45454905799852	669.085696	cloud-23979	ERROR (solver error, after parsing finished)	43.590599797	28.79288264099887	653.017088	cloud-24643	ERROR (server error, after parsing finished)	24.238423409	13.072071199996572	604.106752	cloud-23979	ERROR (solver error, after parsing finished)	35.274586982	25.22555356597877	605.892608	cloud-23980
nla-digbench-scaling/prod4br-ll_valuebound100.yml	true	ERROR (solver error, after parsing finished)	43.996454361	28.133197448001738	668.909568	cloud-24261	ERROR (solver error, after parsing finished)	47.525231565	31.516710236999643	657.154048	cloud-24444	ERROR (server error, after parsing finished)	22.916235118	12.405733597000108	640.421888	cloud-23979	ERROR (solver error, after parsing finished)	36.301182323	26.062909102009144	639.918080	cloud-23980
nla-digbench-scaling/prod4br-ll_valuebound2.yml	true	ERROR (solver error, after parsing finished)	38.064890483	22.505381261000366	634.916864	cloud-24261	ERROR (solver error, after parsing finished)	36.327850303	21.859540031000506	639.291392	cloud-24444	ERROR (server error, after parsing finished)	24.16391875	13.071592973006773	642.650112	cloud-24259	ERROR (solver error, after parsing finished)	30.701642646	18.642979512020247	605.589504	cloud-23938
nla-digbench-scaling/prod4br-ll_valuebound20.yml	true	ERROR (solver error, after parsing finished)	38.051783059	24.838214476996654	641.818624	cloud-23979	ERROR (solver error, after parsing finished)	40.295154002	26.564837581001484	671.518720	cloud-24643	ERROR (server error, after parsing finished)	24.496157592	13.310694535000948	656.453632	cloud-24259	ERROR (solver error, after parsing finished)	34.256899242	24.738106086006155	620.040192	cloud-23980
nla-digbench-scaling/prod4br-ll_valuebound5.yml	true	true	52.978415861	36.58521393800038	652.926976	cloud-23933	true	52.85373235	35.8419516569993	625.881088	cloud-24444	ERROR (server error, after parsing finished)	23.824167648	12.920948191000207	631.193600	cloud-24259	true	38.67836719	28.244678165996447	582.574080	cloud-23979
nla-digbench-scaling/prod4br-ll_valuebound50.yml	true	ERROR (solver error, after parsing finished)	52.268884844	35.63716528000077	615.833600	cloud-23933	ERROR (solver error, after parsing finished)	42.536561073	29.013684376001038	681.635840	cloud-24643	ERROR (server error, after parsing finished)	27.992100548	15.274857053002052	580.485120	cloud-24259	ERROR (solver error, after parsing finished)	41.878699659	29.38321108999662	558.104576	cloud-23933
nla-digbench-scaling/prodbin-ll_unwindbound1.yml	false	false(unreach-call)	27.408815834	16.003424992000873	610.496512	cloud-23979	false(unreach-call)	32.993041805	18.772852768997836	608.845824	cloud-24444	ERROR (server error, after parsing finished)	17.681960967	9.800404584999342	568.561664	cloud-23979	false(unreach-call)	23.96623087	14.147779354010709	554.733568	cloud-23979
nla-digbench-scaling/prodbin-ll_unwindbound10.yml	false	ERROR (solver error, after parsing finished)	886.603406958	871.1924701110001	564.187136	cloud-23979	ERROR (solver error, after parsing finished)	839.875272637	824.3986561150014	598.147072	cloud-24441	ERROR (server error, after parsing finished)	21.647591034	11.65091109199966	582.615040	cloud-23979	ERROR (solver error, after parsing finished)	756.559805224	744.685611569992	525.000704	cloud-23979
nla-digbench-scaling/prodbin-ll_unwindbound100.yml	true	TIMEOUT (ERROR (inner timeout, after parsing finished))	925.336812111	910.4067532170002	600.195072	cloud-24261	TIMEOUT (ERROR (inner timeout, after parsing finished))	923.869368259	910.4858649739981	662.228992	cloud-24643	ERROR (server error, after parsing finished)	17.767613322	10.017683548001514	587.227136	cloud-23979	TIMEOUT	990.220838642	978.2982594199711	555.954176	cloud-23980
nla-digbench-scaling/prodbin-ll_unwindbound2.yml	false	ERROR (solver error, after parsing finished)	27.402130184	17.285357515000214	594.771968	cloud-23939	ERROR (solver error, after parsing finished)	33.969931328	21.383967333997134	545.030144	cloud-24643	ERROR (server error, after parsing finished)	17.987802299	9.850704053998925	573.665280	cloud-23979	ERROR (solver error, after parsing finished)	27.605995505	17.184196032991167	559.202304	cloud-23933
nla-digbench-scaling/prodbin-ll_unwindbound20.yml	false	TIMEOUT (ERROR (inner timeout, after parsing finished))	924.967936283	910.3846142190014	645.779456	cloud-23979	TIMEOUT (ERROR (inner timeout, after parsing finished))	929.865874531	912.7925286429963	634.773504	cloud-24643	ERROR (server error, after parsing finished)	18.820491565	10.274359752998862	569.290752	cloud-23979	TIMEOUT	990.280962914	973.1089927089924	619.769856	cloud-23938
nla-digbench-scaling/prodbin-ll_unwindbound5.yml	false	TIMEOUT (ERROR (inner timeout, after parsing finished))	923.737798463	910.2183214020006	838.111232	cloud-23979	TIMEOUT (ERROR (inner timeout, after parsing finished))	922.975385007	909.1925447569993	768.135168	cloud-24643	ERROR (server error, after parsing finished)	18.734332543	10.253654899002868	549.486592	cloud-23979	TIMEOUT	990.269874907	975.4833947000152	798.015488	cloud-23933
nla-digbench-scaling/prodbin-ll_unwindbound50.yml	true	TIMEOUT (ERROR (inner timeout, after parsing finished))	928.72413963	912.2094858410019	578.134016	cloud-23933	TIMEOUT (ERROR (inner timeout, after parsing finished))	927.827181043	911.5359376899942	595.988480	cloud-24441	ERROR (server error, after parsing finished)	23.737046746	13.03158279100171	574.873600	cloud-24259	TIMEOUT	990.250999872	975.1132137529785	564.400128	cloud-23938
nla-digbench-scaling/prodbin-ll_valuebound1.yml	true	true	17.245972251	9.451917680999031	604.286976	cloud-23944	true	18.244974316	10.120364452013746	576.188416	cloud-23943	true	27.822582709	15.088399362997734	605.089792	cloud-24259	true	25.492489504	15.473175566992722	551.124992	cloud-23933
nla-digbench-scaling/prodbin-ll_valuebound10.yml	true	ERROR (solver error, after parsing finished)	35.492403435	20.952460061998863	597.958656	cloud-23933	ERROR (solver error, after parsing finished)	32.677128759	19.33529636199819	585.785344	cloud-24441	ERROR (server error, after parsing finished)	24.989011149	13.614273991006485	590.213120	cloud-24259	ERROR (solver error, after parsing finished)	27.111757172	16.749842714023544	567.681024	cloud-23980
nla-digbench-scaling/prodbin-ll_valuebound100.yml	true	TIMEOUT (ERROR (inner timeout, after parsing finished))	926.353355181	911.8078431019967	713.195520	cloud-23979	TIMEOUT (ERROR (inner timeout, after parsing finished))	926.581745337	911.2035083910014	687.730688	cloud-24643	ERROR (server error, after parsing finished)	20.197382765	11.088304148999669	596.623360	cloud-23979	TIMEOUT	990.246425809	976.2441168900114	703.750144	cloud-23980
nla-digbench-scaling/prodbin-ll_valuebound2.yml	true	true	46.518321869	31.089379282002483	557.387776	cloud-23933	true	46.965656028	31.39232930199978	597.491712	cloud-24444	ERROR (server error, after parsing finished)	24.784094216	13.489778871000453	549.707776	cloud-23933	true	35.112026026	24.508622213994386	555.409408	cloud-23979
nla-digbench-scaling/prodbin-ll_valuebound20.yml	true	ERROR (solver error, after parsing finished)	32.15868732	18.570740325998486	594.817024	cloud-23979	ERROR (solver error, after parsing finished)	35.283497545	20.267114638001658	614.084608	cloud-24441	ERROR (server error, after parsing finished)	27.580839858	14.83444311600033	603.136000	cloud-24259	ERROR (solver error, after parsing finished)	29.042138876	17.24022907699691	586.371072	cloud-23982
nla-digbench-scaling/prodbin-ll_valuebound5.yml	true	ERROR (solver error, after parsing finished)	594.043233055	580.6860903340003	585.486336	cloud-23979	ERROR (solver error, after parsing finished)	549.45724821	533.8350530169992	563.490816	cloud-24441	ERROR (server error, after parsing finished)	25.820918077	14.098921566997888	611.680256	cloud-24259	ERROR (solver error, after parsing finished)	524.700946633	512.889821972989	579.207168	cloud-23933
nla-digbench-scaling/prodbin-ll_valuebound50.yml	true	ERROR (solver error, after parsing finished)	626.435872211	608.1142115080002	638.246912	cloud-23933	ERROR (solver error, after parsing finished)	536.132847622	520.0323171049968	596.160512	cloud-24441	ERROR (server error, after parsing finished)	24.129039904	13.059736421004345	593.395712	cloud-24259	ERROR (solver error, after parsing finished)	618.103767821	604.9517770830134	616.161280	cloud-23982
nla-digbench-scaling/ps2-ll_unwindbound1.yml	true	true	23.269435015	12.607669627001087	610.140160	cloud-24261	true	15.277159397	8.678986541000086	570.105856	cloud-23940	true	21.554653176	11.663176871999895	611.844096	cloud-23979	true	21.692594908	11.90614554102649	538.734592	cloud-23933
nla-digbench-scaling/ps2-ll_unwindbound10.yml	true	true	25.813789737	14.296207231998778	601.530368	cloud-24261	true	25.256242838	13.6918937080045	603.619328	cloud-24441	true	21.279001307	11.793794389006507	575.090688	cloud-23979	true	19.724506019	10.94263578398386	561.799168	cloud-23979
nla-digbench-scaling/ps2-ll_unwindbound100.yml	true	true	21.564491345	12.010982455001795	626.765824	cloud-24261	true	27.084910819	14.88760254599947	628.314112	cloud-24441	true	17.940637241	9.859309215993562	546.234368	cloud-24259	true	25.098209196	13.576254109008005	598.462464	cloud-23938
nla-digbench-scaling/ps2-ll_unwindbound2.yml	true	true	24.016772281	13.218911767999089	597.458944	cloud-23933	true	19.202041394	10.459835324996675	588.189696	cloud-24643	true	19.575416166	10.730985159003467	548.585472	cloud-23979	true	22.410864872	12.147280849021627	512.139264	cloud-23979
nla-digbench-scaling/ps2-ll_unwindbound20.yml	true	true	21.830160332	11.967831910000314	581.394432	cloud-24261	true	22.888057669	12.4375987300009	591.282176	cloud-24444	true	23.583461571	12.707251227002416	591.974400	cloud-23979	true	20.644947056	11.644364548992598	513.081344	cloud-23980
nla-digbench-scaling/ps2-ll_unwindbound5.yml	true	true	20.583354387	11.272355090999554	605.167616	cloud-24261	true	25.815904494	13.835876106999422	603.185152	cloud-24444	true	16.027705132	8.854519222993986	593.076224	cloud-23939	true	21.17089919	11.833956860995386	557.842432	cloud-23979
nla-digbench-scaling/ps2-ll_unwindbound50.yml	true	true	23.125189848	12.555727033999574	648.589312	cloud-23933	true	22.263941119	12.321958377993724	575.098880	cloud-24643	true	23.082870628	12.623286288006057	591.003648	cloud-24259	true	21.889055049	12.179289769002935	522.862592	cloud-23980
nla-digbench-scaling/ps2-ll_valuebound1.yml	true	true	22.832723003	12.764885608999975	597.381120	cloud-24261	true	24.210452614	13.409431665997545	557.727744	cloud-24444	true	22.772276145	12.588096088002203	561.426432	cloud-23933	true	25.151564859	13.637150380993262	519.909376	cloud-23938
nla-digbench-scaling/ps2-ll_valuebound10.yml	true	true	19.346335721	10.58215103099974	572.334080	cloud-24261	true	27.491407357	15.064360463999947	602.144768	cloud-24444	true	25.154906129	13.583672357000069	593.530880	cloud-23933	true	22.989537113	12.423678284976631	571.879424	cloud-23982
nla-digbench-scaling/ps2-ll_valuebound100.yml	true	true	24.606508778	13.630718893997255	564.658176	cloud-23933	true	21.795073357	12.142104161999669	606.519296	cloud-24643	true	20.88002625	11.474994913998671	590.811136	cloud-23979	true	18.270517164	10.00529506499879	515.002368	cloud-23933
nla-digbench-scaling/ps2-ll_valuebound2.yml	true	true	23.978796493	13.43130888900123	612.945920	cloud-23933	true	26.01812495	13.995562225998583	565.448704	cloud-24441	true	24.091334633	13.018549517000793	585.560064	cloud-23933	true	21.47145502	11.709143292013323	594.812928	cloud-23979
nla-digbench-scaling/ps2-ll_valuebound20.yml	true	true	19.908788119	10.880826235999848	562.847744	cloud-23979	true	25.15061312	13.656277740003134	583.651328	cloud-24441	true	28.321373985	15.159448885999154	585.019392	cloud-24259	true	22.054072357	12.110572795994813	589.553664	cloud-23980
nla-digbench-scaling/ps2-ll_valuebound5.yml	true	true	24.846466907	13.537426646002132	595.607552	cloud-23933	true	23.025874582	12.716196525005216	577.802240	cloud-24643	true	25.714109411	13.978639525999824	570.343424	cloud-23933	true	20.635863263	11.399600960983662	569.352192	cloud-23982
nla-digbench-scaling/ps2-ll_valuebound50.yml	true	true	21.563225871	11.960008817000926	583.852032	cloud-23933	true	20.51474845	11.508777681999618	599.908352	cloud-24643	true	15.665705934	8.8777905609968	623.587328	cloud-23939	true	25.473947324	13.961985496018315	581.234688	cloud-23938
nla-digbench-scaling/ps3-ll_unwindbound1.yml	true	true	20.118381382	10.940075865000836	674.508800	cloud-23979	true	26.304107756	14.139959936001105	634.757120	cloud-24441	true	29.427931619	16.03272308599844	634.601472	cloud-24259	true	24.180939823	13.076143131009303	613.736448	cloud-23979
nla-digbench-scaling/ps3-ll_unwindbound10.yml	true	true	25.000485906	13.346727598000143	653.500416	cloud-23933	true	25.260228724	13.682691052999871	635.793408	cloud-24643	true	25.205560184	13.50434258000314	643.022848	cloud-23933	true	30.393746159	16.727738399989903	565.092352	cloud-23982
nla-digbench-scaling/ps3-ll_unwindbound100.yml	true	true	25.456794597	13.647852595000586	620.367872	cloud-24261	true	23.517031651	12.809000823999668	659.042304	cloud-24643	true	24.982688636	13.522577372001251	632.913920	cloud-24259	true	22.814172685	12.627745855977992	617.160704	cloud-23979
nla-digbench-scaling/ps3-ll_unwindbound2.yml	true	true	27.495802994	14.80847666199952	630.714368	cloud-23933	true	25.684104814	14.137219026999446	633.057280	cloud-24444	true	27.580237164	15.000885118000951	652.865536	cloud-23933	true	24.15833257	12.916997419990366	621.584384	cloud-23933
nla-digbench-scaling/ps3-ll_unwindbound20.yml	true	true	25.402661774	13.833111197000107	608.927744	cloud-23979	true	20.644486571	11.53007116902154	590.327808	cloud-23941	true	21.430449511	11.594598426003358	641.597440	cloud-23979	true	29.394439692	16.066478364984505	633.688064	cloud-23982
nla-digbench-scaling/ps3-ll_unwindbound5.yml	true	true	22.566963667	12.45207391599979	624.599040	cloud-24261	true	26.287750148	14.465329473001475	644.993024	cloud-24441	true	23.950798245	12.925493745000495	614.649856	cloud-23979	true	24.348339851	13.433598326024367	584.163328	cloud-23979
nla-digbench-scaling/ps3-ll_unwindbound50.yml	true	true	24.631119957	13.396093085000757	638.939136	cloud-24261	true	26.940570146	14.360378780998872	626.130944	cloud-24643	true	33.169865935	17.894927248000386	666.599424	cloud-23933	true	22.482475258	12.23158567401697	560.578560	cloud-23982
nla-digbench-scaling/ps3-ll_valuebound1.yml	true	true	34.642070529	18.64049717099988	669.134848	cloud-24261	true	31.621393563	17.50631487699866	633.442304	cloud-24441	ERROR (solver error, after parsing finished)	24.587183178	13.491231463000076	605.806592	cloud-23933	true	26.921541238	14.801172070001485	621.445120	cloud-23982
nla-digbench-scaling/ps3-ll_valuebound10.yml	true	true	32.986979655	17.768508527999074	681.873408	cloud-23933	true	26.97622228	14.723260954997386	664.104960	cloud-23940	ERROR (solver error, after parsing finished)	22.631178018	12.253654243999335	603.795456	cloud-24259	true	17.016312117	9.329465107002761	615.260160	cloud-23944
nla-digbench-scaling/ps3-ll_valuebound100.yml	true	true	34.530227367	18.803123186000448	607.559680	cloud-23933	true	31.531008201	16.939240785999573	604.463104	cloud-24441	ERROR (solver error, after parsing finished)	21.455498737	11.803250212004059	646.242304	cloud-23979	true	25.517381041	14.143422302993713	588.365824	cloud-23980
nla-digbench-scaling/ps3-ll_valuebound2.yml	true	true	28.790835185	15.87224632699872	655.634432	cloud-24261	true	37.402309508	20.23770833999879	688.918528	cloud-24444	ERROR (solver error, after parsing finished)	25.4757239	13.666966571000103	674.488320	cloud-23933	true	26.124016637	14.455735266994452	597.254144	cloud-23938
nla-digbench-scaling/ps3-ll_valuebound20.yml	true	true	30.58255072	16.492352424000273	654.958592	cloud-24261	true	35.420951769	19.270004771002277	664.944640	cloud-24643	ERROR (solver error, after parsing finished)	23.553869446	12.878331952000735	631.136256	cloud-23979	true	25.642360786	14.231727767997654	600.715264	cloud-23982
nla-digbench-scaling/ps3-ll_valuebound5.yml	true	true	30.787567622	16.552257212000313	597.417984	cloud-24261	true	31.044007688	16.802559972005838	636.882944	cloud-24444	ERROR (solver error, after parsing finished)	24.814922933	13.769420059001277	636.198912	cloud-23933	true	23.998176048	12.932151048007654	633.405440	cloud-23933
nla-digbench-scaling/ps3-ll_valuebound50.yml	true	true	27.559308693	15.118908131000353	701.607936	cloud-23979	true	42.608914178	22.882152006999604	644.284416	cloud-24444	ERROR (solver error, after parsing finished)	25.790516719	13.920736884996586	645.918720	cloud-24259	true	21.940889822	12.005879250005819	637.239296	cloud-23979
nla-digbench-scaling/ps4-ll_unwindbound1.yml	false	false(unreach-call)	26.196322505	14.039622057996894	609.964032	cloud-23933	false(unreach-call)	28.230514227	15.363184390997048	662.269952	cloud-24444	false(unreach-call)	17.433561839	9.668355886002246	601.137152	cloud-23939	false(unreach-call)	219.457106953	207.67796729601105	627.220480	cloud-23980
nla-digbench-scaling/ps4-ll_unwindbound10.yml	false	ERROR (solver error, after parsing finished)	133.381377318	113.68654358200001	645.394432	cloud-24261	ERROR (solver error, after parsing finished)	124.474499128	106.6358239359979	590.336000	cloud-24444	ERROR (server error, after parsing finished)	22.258252583	12.131257046003157	630.026240	cloud-23979	ERROR (solver error, after parsing finished)	129.563810564	114.86268755199853	598.650880	cloud-23982
nla-digbench-scaling/ps4-ll_unwindbound100.yml	false	TIMEOUT	990.401550795	972.0243662039938	696.410112	cloud-23979	TIMEOUT	990.453011444	969.9781824750025	695.009280	cloud-24444	TIMEOUT (ERROR (solver error, after parsing finished))	919.574250726	902.8511498480002	615.301120	cloud-24259	ERROR (solver error, after parsing finished)	120.638524751	110.36393581400625	633.085952	cloud-23980
nla-digbench-scaling/ps4-ll_unwindbound2.yml	false	false(unreach-call)	25.351004405	13.89297331600028	681.881600	cloud-24261	false(unreach-call)	32.107499491	17.089574509001977	585.695232	cloud-24643	false(unreach-call)	29.080909965	15.647356995999871	626.929664	cloud-23933	false(unreach-call)	63.312317885	50.97686120099388	633.589760	cloud-23933
nla-digbench-scaling/ps4-ll_unwindbound20.yml	false	TIMEOUT	990.347077376	973.2078576970016	717.647872	cloud-23979	TIMEOUT	990.40679442	970.8989969049999	635.494400	cloud-24441	TIMEOUT (ERROR (solver error, after parsing finished))	920.401162465	906.0604300050036	644.075520	cloud-24259	ERROR (solver error, after parsing finished)	101.151819364	90.58127500998671	616.968192	cloud-23979
nla-digbench-scaling/ps4-ll_unwindbound5.yml	false	ERROR (solver error, after parsing finished)	141.560688364	121.93533455099896	646.242304	cloud-23933	ERROR (solver error, after parsing finished)	133.679345889	114.82990778000385	676.610048	cloud-24643	ERROR (solver error, after parsing finished)	29.45375455	16.092478897000547	678.825984	cloud-24259	ERROR (solver error, after parsing finished)	102.900717554	91.72008823702345	592.056320	cloud-23933
nla-digbench-scaling/ps4-ll_unwindbound50.yml	false	TIMEOUT	990.407921154	969.9168840219936	674.422784	cloud-23933	TIMEOUT	990.448389997	968.4294542309981	635.830272	cloud-24441	TIMEOUT (ERROR (solver error, after parsing finished))	905.570663514	890.8697139389988	650.559488	cloud-24259	ERROR (solver error, after parsing finished)	118.232642479	107.13679055598914	532.799488	cloud-23980
nla-digbench-scaling/ps4-ll_valuebound1.yml	true	true	31.385004369	16.978248624000116	671.608832	cloud-23933	true	23.799668308	12.897624263998296	597.970944	cloud-24643	true	29.257005784	15.849156604002928	665.485312	cloud-23933	true	41.316403634	26.859812711016275	568.045568	cloud-23938
nla-digbench-scaling/ps4-ll_valuebound10.yml	true	TIMEOUT	990.258517849	969.3106228019969	656.809984	cloud-23979	TIMEOUT	990.301222603	968.3959301529976	582.959104	cloud-24441	ERROR (solver error, after parsing finished)	142.193065578	130.4011619580051	652.075008	cloud-23979	TIMEOUT	990.254723417	974.3172740289883	595.316736	cloud-23982
nla-digbench-scaling/ps4-ll_valuebound100.yml	true	TIMEOUT	990.320486764	972.8030716149988	752.795648	cloud-23979	TIMEOUT	990.331156778	968.0096747179996	654.598144	cloud-24441	ERROR (solver error, after parsing finished)	173.786877657	159.26373543099908	616.026112	cloud-24259	TIMEOUT	990.325903803	973.2385140260158	683.401216	cloud-23933
nla-digbench-scaling/ps4-ll_valuebound2.yml	true	true	26.574929443	14.687603990001662	647.053312	cloud-23979	true	27.613518256	14.76267431100132	637.648896	cloud-24441	true	29.5001884	15.869340958000976	604.151808	cloud-23979	TIMEOUT	990.25698771	976.028473096987	644.390912	cloud-23979
nla-digbench-scaling/ps4-ll_valuebound20.yml	true	TIMEOUT	990.290922976	969.7774196909995	700.096512	cloud-24261	TIMEOUT	990.34749558	966.0091103239993	671.744000	cloud-24444	ERROR (solver error, after parsing finished)	156.288122403	142.02744278400496	653.316096	cloud-24259	TIMEOUT	990.274044546	973.9070592530188	672.874496	cloud-23933
nla-digbench-scaling/ps4-ll_valuebound5.yml	true	true	482.721963516	465.6990625750004	662.056960	cloud-24261	true	558.432981951	535.6205522529999	661.057536	cloud-24441	ERROR (solver error, after parsing finished)	172.649503658	158.4344656060057	646.127616	cloud-24259	true	391.026495854	379.410994150996	614.690816	cloud-23933
nla-digbench-scaling/ps4-ll_valuebound50.yml	true	TIMEOUT	990.285137359	971.0377127350002	664.207360	cloud-23979	TIMEOUT	990.307953356	972.5705358490013	726.401024	cloud-24643	ERROR (solver error, after parsing finished)	148.757878539	137.57603047299972	589.369344	cloud-23979	TIMEOUT	990.331151524	972.4953996080148	676.343808	cloud-23938
nla-digbench-scaling/ps5-ll_unwindbound1.yml	false	false(unreach-call)	24.439583563	13.24013414000001	827.703296	cloud-23979	false(unreach-call)	31.643643475	17.313823400996625	713.736192	cloud-24444	false(unreach-call)	32.985214972	18.107867484999588	688.226304	cloud-24259	TIMEOUT	990.262959438	975.368420475017	720.912384	cloud-23979
nla-digbench-scaling/ps5-ll_unwindbound10.yml	false	TIMEOUT	990.402217176	969.5356553390011	767.107072	cloud-23979	TIMEOUT	990.456090396	967.3919230980027	728.252416	cloud-24643	ERROR (solver error, after parsing finished)	731.203259282	714.4980322569972	836.820992	cloud-23933	TIMEOUT	990.306921412	974.9018447179988	827.801600	cloud-23980
nla-digbench-scaling/ps5-ll_unwindbound100.yml	false	TIMEOUT	990.434938628	968.5651959879979	826.540032	cloud-23979	TIMEOUT	990.445005088	966.9608000700027	820.981760	cloud-24444	ERROR (solver error, after parsing finished)	732.975093103	715.6469100030008	756.338688	cloud-24259	TIMEOUT	990.249523493	973.6406029709906	778.870784	cloud-23980
nla-digbench-scaling/ps5-ll_unwindbound2.yml	false	false(unreach-call)	29.841468077	17.364252559000306	846.258176	cloud-23979	false(unreach-call)	29.816405078	17.94453265899938	726.568960	cloud-24643	false(unreach-call)	29.420926323	17.01713961600035	796.753920	cloud-23979	TIMEOUT	990.251324871	976.4372369699995	768.598016	cloud-23980
nla-digbench-scaling/ps5-ll_unwindbound20.yml	false	TIMEOUT	990.35204775	969.8260369040008	875.188224	cloud-24261	TIMEOUT	990.425967296	967.8692714450008	767.721472	cloud-24444	ERROR (solver error, after parsing finished)	733.915747789	715.4911362800049	722.776064	cloud-23933	TIMEOUT	990.295654324	972.3855090200086	736.825344	cloud-23938
nla-digbench-scaling/ps5-ll_unwindbound5.yml	false	TIMEOUT	990.452194101	969.0956735079999	762.523648	cloud-23979	TIMEOUT	990.414050336	972.7711144549976	798.646272	cloud-24643	ERROR (solver error, after parsing finished)	734.686684444	715.8677210509995	747.433984	cloud-23933	TIMEOUT	990.317845189	974.1998831120145	745.881600	cloud-23938
nla-digbench-scaling/ps5-ll_unwindbound50.yml	false	TIMEOUT	990.429391901	966.828815199	758.718464	cloud-23933	TIMEOUT	990.489616198	968.0686903480018	811.155456	cloud-24643	ERROR (solver error, after parsing finished)	734.890835041	716.7902049870027	738.287616	cloud-24259	TIMEOUT	990.265774276	976.8019816050073	685.481984	cloud-23940
nla-digbench-scaling/ps5-ll_valuebound1.yml	true	TIMEOUT (ERROR (inner timeout, after parsing finished))	940.076258525	916.7833673159985	818.987008	cloud-23933	TIMEOUT (ERROR (inner timeout, after parsing finished))	936.97804121	915.1410465789995	785.100800	cloud-24441	ERROR (solver error, after parsing finished)	24.575163862	13.20016810800007	730.456064	cloud-23979	TIMEOUT	990.289176135	973.0758445959946	717.516800	cloud-23979
nla-digbench-scaling/ps5-ll_valuebound10.yml	true	TIMEOUT (ERROR (inner timeout, after parsing finished))	929.662759647	912.1765399379983	818.696192	cloud-23979	TIMEOUT (ERROR (inner timeout, after parsing finished))	935.586637546	914.5667231110001	792.080384	cloud-24643	ERROR (solver error, after parsing finished)	22.69477278	12.420684168006119	721.195008	cloud-23979	TIMEOUT	990.302116888	973.7676581270061	741.494784	cloud-23933
nla-digbench-scaling/ps5-ll_valuebound100.yml	true	TIMEOUT (ERROR (inner timeout, after parsing finished))	938.335097371	915.705230784999	770.658304	cloud-23933	TIMEOUT (ERROR (inner timeout, after parsing finished))	935.512945483	914.2265028429997	804.143104	cloud-24444	ERROR (solver error, after parsing finished)	24.317105289	13.163618462000159	743.485440	cloud-23933	TIMEOUT	990.215311941	978.286287105002	712.798208	cloud-23980
nla-digbench-scaling/ps5-ll_valuebound2.yml	true	TIMEOUT (ERROR (inner timeout, after parsing finished))	931.498878066	913.292327621999	800.755712	cloud-23979	TIMEOUT (ERROR (inner timeout, after parsing finished))	932.337753281	912.7976639629996	792.883200	cloud-24441	ERROR (solver error, after parsing finished)	28.88815687	15.490245543995115	721.858560	cloud-24259	TIMEOUT	990.271499626	974.6135168799956	720.621568	cloud-23979
nla-digbench-scaling/ps5-ll_valuebound20.yml	true	TIMEOUT (ERROR (inner timeout, after parsing finished))	933.900980551	914.4435516960039	768.860160	cloud-23979	TIMEOUT (ERROR (inner timeout, after parsing finished))	937.0753308	914.7239541439994	788.082688	cloud-24441	ERROR (solver error, after parsing finished)	25.991792359	13.98178157700022	761.417728	cloud-23933	TIMEOUT	990.318547292	974.2735536810069	774.098944	cloud-23979
nla-digbench-scaling/ps5-ll_valuebound5.yml	true	TIMEOUT (ERROR (inner timeout, after parsing finished))	931.385603669	913.0520613970002	773.402624	cloud-23979	TIMEOUT (ERROR (inner timeout, after parsing finished))	936.767387818	915.8247637739987	753.856512	cloud-24643	ERROR (solver error, after parsing finished)	25.154317361	13.609683426002448	761.499648	cloud-23933	TIMEOUT	990.339054525	972.5554472960066	702.386176	cloud-23938
nla-digbench-scaling/ps5-ll_valuebound50.yml	true	TIMEOUT (ERROR (inner timeout, after parsing finished))	935.199807982	913.8616926579998	813.010944	cloud-23933	TIMEOUT (ERROR (inner timeout, after parsing finished))	935.381882689	914.0126890459978	733.310976	cloud-24441	ERROR (solver error, after parsing finished)	27.312266187	14.803402965000714	806.936576	cloud-23933	TIMEOUT	990.294547155	973.344544713007	730.619904	cloud-23979
nla-digbench-scaling/ps6-ll_unwindbound1.yml	false	false(unreach-call)	26.70948057	14.470119430000068	851.165184	cloud-24261	false(unreach-call)	28.119566071	15.388776385996607	827.834368	cloud-24444	false(unreach-call)	32.361540133	17.220985801999632	768.077824	cloud-23979	TIMEOUT	990.377120702	973.1806086819852	756.137984	cloud-23982
nla-digbench-scaling/ps6-ll_unwindbound10.yml	false	TIMEOUT (ERROR (inner timeout, after parsing finished))	955.775653406	934.4645830219997	957.640704	cloud-23933	TIMEOUT (ERROR (inner timeout, after parsing finished))	959.021765539	935.7260538259943	800.952320	cloud-24444	ERROR (solver error, after parsing finished)	54.589528836	39.128182233005646	800.858112	cloud-23933	TIMEOUT	990.347821168	974.795064564998	757.567488	cloud-23982
nla-digbench-scaling/ps6-ll_unwindbound100.yml	false	TIMEOUT (ERROR (inner timeout, after parsing finished))	933.931282008	914.8729802009984	878.059520	cloud-24261	TIMEOUT (ERROR (inner timeout, after parsing finished))	946.383892438	920.3725234619997	852.430848	cloud-24444	ERROR (solver error, after parsing finished)	33.836377471	19.174604760002694	805.146624	cloud-23933	TIMEOUT	990.285413218	974.791899606993	791.556096	cloud-23979
nla-digbench-scaling/ps6-ll_unwindbound2.yml	false	false(unreach-call)	28.858091701	16.71697918699647	819.187712	cloud-23979	false(unreach-call)	34.708148007	19.138364870999794	851.083264	cloud-24444	false(unreach-call)	37.99050844	21.577478978004365	756.514816	cloud-23933	TIMEOUT	990.265248326	977.1580810199957	780.275712	cloud-23980
nla-digbench-scaling/ps6-ll_unwindbound20.yml	false	TIMEOUT	990.503725225	967.3183957750007	831.635456	cloud-23933	TIMEOUT	990.401385168	970.3487543019946	860.528640	cloud-24643	TIMEOUT (ERROR (solver error, after parsing finished))	915.260625243	896.2232720230022	778.178560	cloud-23933	TIMEOUT	990.260997176	973.639549162006	778.133504	cloud-23982
nla-digbench-scaling/ps6-ll_unwindbound5.yml	false	TIMEOUT (ERROR (inner timeout, after parsing finished))	968.404982734	940.5894665939995	916.746240	cloud-23933	TIMEOUT (ERROR (inner timeout, after parsing finished))	965.026477968	939.8188577879991	819.916800	cloud-24441	ERROR (solver error, after parsing finished)	61.630809909	45.306147125997086	829.566976	cloud-23933	TIMEOUT	990.327654869	973.4750612460193	751.874048	cloud-23933
nla-digbench-scaling/ps6-ll_unwindbound50.yml	false	TIMEOUT	990.460341617	967.2103408900002	826.802176	cloud-23933	TIMEOUT	990.403336837	971.7483921229996	845.684736	cloud-24643	TIMEOUT (ERROR (solver error, after parsing finished))	908.536091246	892.6746641119971	816.824320	cloud-24259	TIMEOUT	990.323960986	973.0086063040071	775.016448	cloud-23933
nla-digbench-scaling/ps6-ll_valuebound1.yml	true	true	27.566280227	15.017989396999837	898.019328	cloud-24261	true	29.977227225	16.069050269994477	799.645696	cloud-24444	true	25.688866731	13.85511587200017	746.782720	cloud-23979	TIMEOUT	990.252342203	977.3752299050102	876.077056	cloud-23980
nla-digbench-scaling/ps6-ll_valuebound10.yml	true	TIMEOUT (ERROR (inner timeout, after parsing finished))	941.565039428	921.2875818199973	929.595392	cloud-23979	TIMEOUT (ERROR (inner timeout, after parsing finished))	949.486838989	924.8714816510037	870.608896	cloud-24444	ERROR (solver error, after parsing finished)	38.78769818	24.367421087001276	735.731712	cloud-23933	TIMEOUT	990.363528024	972.3236619649979	837.754880	cloud-23933
nla-digbench-scaling/ps6-ll_valuebound100.yml	true	TIMEOUT (ERROR (inner timeout, after parsing finished))	943.014951037	921.497734771001	854.728704	cloud-23933	TIMEOUT (ERROR (inner timeout, after parsing finished))	947.325448099	924.3399423909977	806.248448	cloud-24444	ERROR (solver error, after parsing finished)	34.135189218	21.600712091996684	791.756800	cloud-23979	TIMEOUT	990.335296099	973.740748273005	767.148032	cloud-23979
nla-digbench-scaling/ps6-ll_valuebound2.yml	true	true	33.942592971	19.600257974998385	806.813696	cloud-23979	true	31.044137754	18.06401614799688	847.032320	cloud-24444	true	35.40382989	20.26491510499909	836.628480	cloud-24259	TIMEOUT	990.321912437	973.2288729650027	820.740096	cloud-23979
nla-digbench-scaling/ps6-ll_valuebound20.yml	true	TIMEOUT (ERROR (inner timeout, after parsing finished))	947.306459462	923.3137625540003	769.294336	cloud-23933	TIMEOUT (ERROR (inner timeout, after parsing finished))	948.840625605	924.5572404129998	821.735424	cloud-24441	ERROR (solver error, after parsing finished)	42.463710133	27.084883059003914	867.622912	cloud-23933	TIMEOUT	990.295695033	978.0296570489882	756.953088	cloud-23980
nla-digbench-scaling/ps6-ll_valuebound5.yml	true	TIMEOUT (ERROR (inner timeout, after parsing finished))	947.934817671	924.5357413400016	746.549248	cloud-23933	TIMEOUT (ERROR (inner timeout, after parsing finished))	945.083591315	922.8150449049936	807.817216	cloud-24643	ERROR (solver error, after parsing finished)	33.729596302	21.449568495998392	923.488256	cloud-23979	TIMEOUT	990.262013161	972.7372798300057	769.826816	cloud-23982
nla-digbench-scaling/ps6-ll_valuebound50.yml	true	TIMEOUT (ERROR (inner timeout, after parsing finished))	948.570367453	925.4869744550015	832.962560	cloud-23979	TIMEOUT (ERROR (inner timeout, after parsing finished))	943.770551408	920.7859002939949	874.012672	cloud-24444	ERROR (solver error, after parsing finished)	42.573431164	26.468429366002965	737.984512	cloud-24259	TIMEOUT	990.260957167	973.2528249399911	792.186880	cloud-23982
nla-digbench-scaling/sqrt1-ll_unwindbound1.yml	true	true	24.984917312	13.533446465999077	732.545024	cloud-23979	true	26.248105052	14.3012094049991	696.971264	cloud-24643	true	25.177256353	13.591590650001308	670.511104	cloud-23933	ERROR (solver error, after parsing finished)	20.969057813	11.71026363899	589.733888	cloud-23980
nla-digbench-scaling/sqrt1-ll_unwindbound10.yml	true	true	21.022547116	11.635701078001148	662.061056	cloud-23979	true	23.108192842	12.563192706998962	653.651968	cloud-24643	true	21.324553315	11.704914659996575	656.228352	cloud-23979	ERROR (solver error, after parsing finished)	62.669642536	53.775536770001054	616.726528	cloud-23980
nla-digbench-scaling/sqrt1-ll_unwindbound100.yml	true	true	26.975189283	14.635593753999274	676.204544	cloud-23933	true	23.801272013	13.10633893799968	595.091456	cloud-24441	true	25.917062744	14.240329250000286	622.981120	cloud-23933	ERROR (solver error, after parsing finished)	62.154842344	51.860110060020816	551.563264	cloud-23933
nla-digbench-scaling/sqrt1-ll_unwindbound2.yml	true	true	22.47637417	12.875920369999221	644.300800	cloud-23942	true	27.150835268	14.578491236003174	665.284608	cloud-24441	true	21.537245606	11.691138412003056	647.823360	cloud-23979	ERROR (solver error, after parsing finished)	75.480262706	63.0345521630079	603.238400	cloud-23938
nla-digbench-scaling/sqrt1-ll_unwindbound20.yml	true	true	27.460370776	15.112821349001024	641.261568	cloud-23933	true	25.08388636	13.619232173005003	658.210816	cloud-24643	true	17.844875372	9.836615378997521	651.517952	cloud-23943	ERROR (solver error, after parsing finished)	68.89730786	56.25551345900749	611.028992	cloud-23933
nla-digbench-scaling/sqrt1-ll_unwindbound5.yml	true	true	21.024215843	11.44764918799956	652.177408	cloud-23979	true	23.72733844	12.860078102999978	604.606464	cloud-24444	true	25.704268762	13.861964449999505	602.058752	cloud-23933	ERROR (solver error, after parsing finished)	62.370109175	51.64466420299141	564.568064	cloud-23979
nla-digbench-scaling/sqrt1-ll_unwindbound50.yml	true	true	25.894573446	13.912777813000503	644.673536	cloud-23933	true	25.643815666	13.872364271999686	672.088064	cloud-24643	true	28.251571688	15.426843911001924	589.709312	cloud-23933	ERROR (solver error, after parsing finished)	65.992765762	54.82534655800555	638.418944	cloud-23938
nla-digbench-scaling/sqrt1-ll_valuebound1.yml	true	true	30.255272885	17.594643952001206	652.439552	cloud-23933	true	29.310640828	16.712779223002144	650.985472	cloud-24444	true	23.727360695	13.650935524998204	663.777280	cloud-23979	ERROR (solver error, after parsing finished)	50.878754259	37.999490529007744	602.492928	cloud-23982
nla-digbench-scaling/sqrt1-ll_valuebound10.yml	true	true	27.530834096	16.263545924000937	614.891520	cloud-23979	true	29.232082612	16.673483986000065	653.668352	cloud-24444	true	31.827559772	18.312834866999765	653.156352	cloud-24259	ERROR (solver error, after parsing finished)	124.802432745	112.18175896100001	594.173952	cloud-23982
nla-digbench-scaling/sqrt1-ll_valuebound100.yml	true	true	27.659034297	16.276999625002645	606.642176	cloud-23933	true	27.776994726	16.418720816000132	614.645760	cloud-24643	true	31.612091371	18.271826318996318	597.692416	cloud-24259	ERROR (solver error, after parsing finished)	94.179054383	82.7916176370054	589.135872	cloud-23979
nla-digbench-scaling/sqrt1-ll_valuebound2.yml	true	true	26.08253393	15.141734619999625	632.131584	cloud-24261	true	26.083892319	15.301996019996295	631.574528	cloud-24444	true	32.050456499	18.200648140998965	640.966656	cloud-24259	ERROR (solver error, after parsing finished)	124.994195951	112.62056861899327	597.110784	cloud-23938
nla-digbench-scaling/sqrt1-ll_valuebound20.yml	true	true	28.886319445	16.933973186001822	645.431296	cloud-23933	true	25.098983036	14.804848961997777	665.743360	cloud-24643	true	30.414189756	17.92259532299795	624.480256	cloud-24259	ERROR (solver error, after parsing finished)	130.29769978	120.97714859899133	616.927232	cloud-23980
nla-digbench-scaling/sqrt1-ll_valuebound5.yml	true	true	22.73987047	13.45633667400034	648.818688	cloud-23979	true	24.460763002	14.19545141600247	643.510272	cloud-24444	true	25.402428205	14.895349926002382	610.562048	cloud-23979	ERROR (solver error, after parsing finished)	113.613757537	103.91422671999317	549.654528	cloud-23980
nla-digbench-scaling/sqrt1-ll_valuebound50.yml	true	true	21.611509935	12.889637968000898	647.274496	cloud-23939	true	24.673787423	14.736985399998957	668.635136	cloud-24643	true	24.292834416	14.340291100998002	678.338560	cloud-23979	ERROR (solver error, after parsing finished)	109.763365073	99.5546161950042	630.489088	cloud-23980
verifythis/duplets.yml	true	ERROR (generic error, after parsing finished)	17.735860584	9.794832556999609	526.057472	cloud-23944	ERROR (generic error, after parsing finished)	24.051744548	13.249055022999528	572.440576	cloud-24643	ERROR (server error, after parsing finished)	20.593721864	11.219923641000605	557.903872	cloud-23933	ERROR (generic error, after parsing finished)	21.027966167	11.496329754998442	501.362688	cloud-23940
verifythis/elimination_max.yml	true	ERROR (generic error, after parsing finished)	25.736271079	14.4657063750019	575.967232	cloud-23933	ERROR (generic error, after parsing finished)	26.678936689	14.763447552999423	531.656704	cloud-24444	ERROR (server error, after parsing finished)	26.971750342	14.65124779100006	539.365376	cloud-24259	ERROR (generic error, after parsing finished)	23.322924696	12.875380571989808	524.193792	cloud-23982
verifythis/lcp.yml	true	ERROR (generic error, after parsing finished)	23.221815816	12.866648097999132	577.433600	cloud-23979	ERROR (generic error, after parsing finished)	24.748501276	13.584145618999173	567.459840	cloud-24643	ERROR (server error, after parsing finished)	17.545968497	9.574301050999566	549.212160	cloud-23979	ERROR (generic error, after parsing finished)	14.71085958	8.365823916974477	499.109888	cloud-23980
verifythis/prefixsum_iter.yml	true	ERROR (generic error, after parsing finished)	25.697902394	14.410746739000388	565.149696	cloud-24261	ERROR (generic error, after parsing finished)	20.552233749	11.366190809996624	583.372800	cloud-24643	ERROR (server error, after parsing finished)	17.285943345	9.459551035000004	566.792192	cloud-23979	ERROR (generic error, after parsing finished)	17.805162994	10.002384423016338	509.927424	cloud-23980
verifythis/tree_del_iter.yml	false	ERROR (frontend failed, before parsing finished)	2.270082197	1.3220441400044365	118.382592	cloud-23979	ERROR (frontend failed, before parsing finished)	2.399009999	1.410528032000002	108.048384	cloud-24643	ERROR (frontend failed, before parsing finished)	2.636763532	1.5369539959992835	120.606720	cloud-23979	ERROR (frontend failed, before parsing finished)	2.677603479	1.5573027410137001	117.694464	cloud-23933
verifythis/tree_del_iter_incorrect.yml	false	ERROR (frontend failed, before parsing finished)	3.125228896	1.790964884999994	118.951936	cloud-24261	ERROR (frontend failed, before parsing finished)	2.736159845	1.5825033149994852	107.634688	cloud-24444	ERROR (frontend failed, before parsing finished)	2.221229925	1.3049311560025671	119.091200	cloud-23979	ERROR (frontend failed, before parsing finished)	3.456350679	1.9520806949876714	117.972992	cloud-23980
combinations/Problem05_label40+token_ring.01.cil-1.yml	false	OUT OF MEMORY	312.140616965	262.4711107639887	15000.174592	cloud-23942	OUT OF MEMORY	495.330061146	431.06092652099323	15000.039424	cloud-24441	OUT OF MEMORY	313.639792501	263.61001278499316	15000.039424	cloud-23979	OUT OF MEMORY	351.218309763	299.8545105490193	15000.162304	cloud-23939
combinations/Problem05_label40+token_ring.02.cil-1.yml	false	OUT OF MEMORY	298.624948071	252.2948836789874	15000.170496	cloud-23940	OUT OF MEMORY	317.043430851	267.0694353800027	15000.158208	cloud-23939	OUT OF MEMORY	419.686606195	356.64412901900005	15000.043520	cloud-24261	OUT OF MEMORY	287.87520784	239.79688624100527	15000.162304	cloud-23942
combinations/Problem05_label40+token_ring.03.cil-2.yml	false	OUT OF MEMORY	423.64720889	364.0402998469999	15000.047616	cloud-23979	OUT OF MEMORY	339.869242192	287.05450770500465	15000.047616	cloud-24643	OUT OF MEMORY	324.101449676	274.3565534269874	15000.162304	cloud-23940	OUT OF MEMORY	517.040271372	455.78274175699335	15000.039424	cloud-23980
combinations/Problem05_label40+token_ring.04.cil-1.yml	false	OUT OF MEMORY	349.825568903	290.76190885700635	15000.047616	cloud-24261	OUT OF MEMORY	542.093358087	469.0065562960008	15000.043520	cloud-24643	OUT OF MEMORY	286.833637363	245.9960516160063	15000.158208	cloud-23943	OUT OF MEMORY	592.942394298	523.0300387500029	15000.043520	cloud-23980
combinations/Problem05_label40+token_ring.05.cil-1.yml	false	OUT OF MEMORY	447.773889068	385.7353731329986	15000.055808	cloud-24276	OUT OF MEMORY	290.726141675	246.74329577799654	15000.166400	cloud-23944	OUT OF MEMORY	472.738189525	412.59171294599946	15000.043520	cloud-23933	OUT OF MEMORY	562.376110607	491.30782020199695	15000.043520	cloud-23982
combinations/Problem05_label40+token_ring.06.cil-2.yml	false	OUT OF MEMORY	307.291144365	263.9148802460113	15000.174592	cloud-23943	OUT OF MEMORY	477.559834107	415.20006557200395	15000.043520	cloud-24444	OUT OF MEMORY	420.383618751	359.07733654599724	15000.035328	cloud-24261	OUT OF MEMORY	364.098192732	314.89125421401695	15000.158208	cloud-23939
combinations/Problem05_label40+token_ring.07.cil-1.yml	false	OUT OF MEMORY	435.784597688	375.1942193220002	15000.043520	cloud-23933	OUT OF MEMORY	370.977255322	323.615206278977	15000.166400	cloud-23944	OUT OF MEMORY	441.903681425	384.9479597460013	15000.043520	cloud-24261	OUT OF MEMORY	390.292727323	336.1808995050087	15000.162304	cloud-23942
combinations/Problem05_label40+token_ring.08.cil-1.yml	false	OUT OF MEMORY	546.846109153	479.86351635600295	15000.051712	cloud-24276	OUT OF MEMORY	474.3344753	412.13525519298855	15000.039424	cloud-24441	OUT OF MEMORY	328.328374065	285.73447477100126	15000.166400	cloud-23943	OUT OF MEMORY	429.829968897	379.18285659799585	15000.166400	cloud-23940
combinations/Problem05_label40+token_ring.09.cil-1.yml	false	OUT OF MEMORY	507.237326476	446.734132339001	15000.047616	cloud-23979	OUT OF MEMORY	406.307307766	354.6999080550013	15000.162304	cloud-23940	OUT OF MEMORY	438.304055081	387.43858767900383	15000.043520	cloud-23979	OUT OF MEMORY	347.729824904	304.43126367399236	15000.162304	cloud-23939
combinations/Problem05_label40+token_ring.10.cil-2.yml	false	OUT OF MEMORY	399.898400789	357.0805653260031	15000.178688	cloud-23943	OUT OF MEMORY	369.365523852	322.2813524539997	15000.158208	cloud-23940	OUT OF MEMORY	425.547340247	374.3723397370013	15000.166400	cloud-23944	OUT OF MEMORY	693.977537576	615.0617074019974	15000.035328	cloud-23938
combinations/Problem05_label40+token_ring.11.cil-2.yml	false	OUT OF MEMORY	586.654814586	523.1165892620011	15000.043520	cloud-24276	OUT OF MEMORY	443.40416486	390.37709678703686	15000.170496	cloud-23943	OUT OF MEMORY	413.62350062	365.53229137600283	15000.166400	cloud-23939	OUT OF MEMORY	447.418510663	395.16306593400077	15000.166400	cloud-23943
combinations/Problem05_label40+token_ring.12.cil-2.yml	false	OUT OF MEMORY	637.407253951	571.864115385999	15000.051712	cloud-24276	OUT OF MEMORY	446.653311662	398.33148350999545	15000.158208	cloud-23941	OUT OF MEMORY	406.157774689	361.1839717779949	15000.162304	cloud-23943	OUT OF MEMORY	709.679824223	634.7502339290222	15000.039424	cloud-23938
combinations/Problem05_label40+token_ring.13.cil-2.yml	false	OUT OF MEMORY	704.124423422	639.4749817880002	15000.043520	cloud-24276	OUT OF MEMORY	435.385512802	388.2878714620001	15000.158208	cloud-23939	OUT OF MEMORY	630.36508525	568.3917686670029	15000.039424	cloud-24261	OUT OF MEMORY	873.066682253	789.7450338419876	15000.039424	cloud-23938
combinations/Problem05_label41+token_ring.01.cil-1.yml	false	OUT OF MEMORY	380.331781602	319.3177887090005	15000.051712	cloud-23979	OUT OF MEMORY	284.718278055	236.8474166349988	15000.158208	cloud-23940	OUT OF MEMORY	306.181592504	257.4450743950001	15000.166400	cloud-23944	OUT OF MEMORY	269.526677148	224.7426274699974	15000.166400	cloud-23944
combinations/Problem05_label41+token_ring.02.cil-1.yml	false	OUT OF MEMORY	360.93278731	303.70584062399575	15000.047616	cloud-24261	OUT OF MEMORY	292.965003869	245.8300211810274	15000.166400	cloud-23943	OUT OF MEMORY	341.691606259	288.6005731200057	15000.043520	cloud-24261	OUT OF MEMORY	315.098812302	261.7491660640226	15000.166400	cloud-23941
combinations/Problem05_label41+token_ring.03.cil-2.yml	false	OUT OF MEMORY	428.990631045	368.97838087799937	15000.039424	cloud-23933	OUT OF MEMORY	427.941415984	368.24541106699326	15000.043520	cloud-24441	OUT OF MEMORY	485.364924594	414.9489925480011	15000.043520	cloud-24261	OUT OF MEMORY	447.52153176	384.47539074497763	15000.039424	cloud-23979
combinations/Problem05_label41+token_ring.04.cil-1.yml	false	OUT OF MEMORY	431.716885554	367.3493574669992	15000.035328	cloud-23979	OUT OF MEMORY	340.629965628	289.69343659101287	15000.158208	cloud-23939	OUT OF MEMORY	357.861598834	299.6709810329994	15000.039424	cloud-24261	OUT OF MEMORY	577.079054248	497.4146112399758	15000.039424	cloud-23938
combinations/Problem05_label41+token_ring.05.cil-1.yml	false	OUT OF MEMORY	575.853419122	505.2967761130003	15000.043520	cloud-23933	OUT OF MEMORY	437.398976152	384.1789252060116	15000.043520	cloud-24643	OUT OF MEMORY	290.700066676	248.74526737500128	15000.166400	cloud-23943	OUT OF MEMORY	398.064102079	344.7948375570122	15000.154112	cloud-23940
combinations/Problem05_label41+token_ring.06.cil-2.yml	false	OUT OF MEMORY	299.828458742	257.18886415199086	15000.174592	cloud-23943	OUT OF MEMORY	355.105375269	305.70362457100055	15000.158208	cloud-23940	OUT OF MEMORY	414.903133954	357.5820823450049	15000.039424	cloud-24261	OUT OF MEMORY	579.448746632	514.5322537280153	15000.035328	cloud-23980
combinations/Problem05_label41+token_ring.07.cil-1.yml	false	OUT OF MEMORY	536.355625888	470.6028362219986	15000.043520	cloud-23933	OUT OF MEMORY	360.021222172	310.08110363000014	15000.158208	cloud-23939	OUT OF MEMORY	378.494650744	329.30007633900095	15000.166400	cloud-23942	OUT OF MEMORY	503.217306953	432.35760417798883	15000.039424	cloud-23933
combinations/Problem05_label41+token_ring.08.cil-1.yml	false	OUT OF MEMORY	502.194930357	441.5880245399894	15000.051712	cloud-24261	OUT OF MEMORY	335.518369262	290.8918366979997	15000.158208	cloud-23942	OUT OF MEMORY	351.610813178	305.5126193169999	15000.158208	cloud-23943	OUT OF MEMORY	687.043360302	621.4698361720075	15000.035328	cloud-23980
combinations/Problem05_label41+token_ring.09.cil-1.yml	false	OUT OF MEMORY	507.600981666	447.6890251120003	15000.043520	cloud-23933	OUT OF MEMORY	459.284902936	404.3851466039923	15000.035328	cloud-24444	OUT OF MEMORY	376.708728818	327.3107624480035	15000.166400	cloud-23940	OUT OF MEMORY	417.342571522	366.745211424015	15000.154112	cloud-23940
combinations/Problem05_label41+token_ring.10.cil-2.yml	false	OUT OF MEMORY	483.938802241	422.0749028029968	15000.043520	cloud-24261	OUT OF MEMORY	528.595015578	469.18586443401	15000.043520	cloud-24643	OUT OF MEMORY	381.486149094	334.69180322199827	15000.158208	cloud-23944	OUT OF MEMORY	679.940755608	613.4195039749902	15000.043520	cloud-23980
combinations/Problem05_label41+token_ring.11.cil-2.yml	false	OUT OF MEMORY	479.409837012	424.7967656140099	15000.035328	cloud-24261	OUT OF MEMORY	379.302039771	335.27332414200646	15000.162304	cloud-23943	OUT OF MEMORY	437.564767842	385.6301478039968	15000.158208	cloud-23939	OUT OF MEMORY	573.775179184	506.24186153302435	15000.039424	cloud-23979
combinations/Problem05_label41+token_ring.12.cil-2.yml	false	OUT OF MEMORY	539.29043631	477.8234782569998	15000.055808	cloud-23979	OUT OF MEMORY	463.52819605	410.4042914620004	15000.150016	cloud-23939	OUT OF MEMORY	619.303138367	558.7248305019966	15000.043520	cloud-23933	OUT OF MEMORY	774.003120377	704.695542764006	15000.039424	cloud-23980
combinations/Problem05_label41+token_ring.13.cil-2.yml	false	OUT OF MEMORY	627.793585183	565.4364682680025	15000.051712	cloud-24261	OUT OF MEMORY	478.533022321	429.0160767280031	15000.145920	cloud-23942	OUT OF MEMORY	508.251617264	458.59352945499995	15000.162304	cloud-23943	OUT OF MEMORY	776.774439279	705.500535174011	15000.035328	cloud-23982
combinations/Problem05_label42+token_ring.01.cil-1.yml	true	OUT OF MEMORY	405.719932699	344.3400513659981	15000.051712	cloud-24276	OUT OF MEMORY	429.155684288	360.0664188450028	15000.043520	cloud-24444	OUT OF MEMORY	354.957703152	297.46602837399996	15000.043520	cloud-23979	OUT OF MEMORY	531.575664732	456.09835276400554	15000.035328	cloud-23938
combinations/Problem05_label42+token_ring.01.cil-2.yml	false	OUT OF MEMORY	397.227282302	334.7519487669997	15000.047616	cloud-23979	OUT OF MEMORY	296.025702415	244.50838736002333	15000.166400	cloud-23942	OUT OF MEMORY	291.432889295	240.72774918600044	15000.166400	cloud-23941	OUT OF MEMORY	251.989454709	209.73339270899305	15000.162304	cloud-23944
combinations/Problem05_label42+token_ring.02.cil-1.yml	true	OUT OF MEMORY	380.145373842	322.4523604589922	15000.047616	cloud-24261	OUT OF MEMORY	349.956435433	295.7104520970024	15000.043520	cloud-24444	OUT OF MEMORY	347.66926625	294.60471482400004	15000.043520	cloud-23979	OUT OF MEMORY	323.220149164	271.7304875859991	15000.162304	cloud-23943
combinations/Problem05_label42+token_ring.02.cil-2.yml	false	OUT OF MEMORY	413.644392319	353.38190419199964	15000.051712	cloud-24276	OUT OF MEMORY	293.116251008	247.25347150100424	15000.166400	cloud-23940	OUT OF MEMORY	326.206489863	277.20389096200233	15000.166400	cloud-23939	OUT OF MEMORY	547.31065045	472.5843858520093	15000.018944	cloud-23938
combinations/Problem05_label42+token_ring.03.cil-1.yml	false	OUT OF MEMORY	398.128680662	339.67525326299074	15000.043520	cloud-24261	OUT OF MEMORY	350.228355534	297.7586339369882	15000.166400	cloud-23939	OUT OF MEMORY	279.687886347	233.9580806380036	15000.166400	cloud-23940	OUT OF MEMORY	356.169789918	302.9053285359987	15000.166400	cloud-23942
combinations/Problem05_label42+token_ring.03.cil-2.yml	true	OUT OF MEMORY	466.972432805	404.2148378169986	15000.047616	cloud-24276	OUT OF MEMORY	377.265677995	324.71769292399404	15000.035328	cloud-24441	OUT OF MEMORY	262.637744097	222.42948358400463	15000.166400	cloud-23943	OUT OF MEMORY	332.769912893	283.65180304201203	15000.162304	cloud-23939
combinations/Problem05_label42+token_ring.04.cil-1.yml	true	OUT OF MEMORY	388.027724834	329.81575880200035	15000.043520	cloud-23979	OUT OF MEMORY	319.735016416	269.5908205290034	15000.162304	cloud-23939	OUT OF MEMORY	365.88192133	312.1166619889991	15000.031232	cloud-24261	OUT OF MEMORY	545.939214378	484.3308080880088	15000.043520	cloud-23980
combinations/Problem05_label42+token_ring.04.cil-2.yml	false	OUT OF MEMORY	441.977340816	381.0825319249998	15000.055808	cloud-23979	OUT OF MEMORY	348.885435761	294.8090744610017	15000.166400	cloud-23944	OUT OF MEMORY	285.779013167	243.06887815399386	15000.166400	cloud-23944	OUT OF MEMORY	361.690851536	310.5322522119968	15000.158208	cloud-23940
combinations/Problem05_label42+token_ring.05.cil-1.yml	true	OUT OF MEMORY	318.905787076	272.1263712270011	15000.170496	cloud-23939	OUT OF MEMORY	353.771227424	303.99377217300935	15000.158208	cloud-23943	OUT OF MEMORY	470.915623481	403.8697347779962	15000.043520	cloud-24261	OUT OF MEMORY	433.154277053	368.54793945199344	15000.039424	cloud-23979
combinations/Problem05_label42+token_ring.05.cil-2.yml	false	OUT OF MEMORY	387.1621326	328.16511569299837	15000.035328	cloud-23979	OUT OF MEMORY	508.500064634	438.07757504300025	15000.039424	cloud-24444	OUT OF MEMORY	401.079778306	343.714954684001	15000.039424	cloud-24261	OUT OF MEMORY	420.36336221	361.14370849597617	15000.039424	cloud-23979
combinations/Problem05_label42+token_ring.06.cil-1.yml	false	OUT OF MEMORY	388.666144643	333.558657091	15000.047616	cloud-23979	OUT OF MEMORY	319.921228833	275.29755966299854	15000.158208	cloud-23943	OUT OF MEMORY	368.158094947	318.64582226499624	15000.166400	cloud-23940	OUT OF MEMORY	331.85527898	283.25226811901666	15000.166400	cloud-23943
combinations/Problem05_label42+token_ring.06.cil-2.yml	true	OUT OF MEMORY	497.314431635	437.0665503479995	15000.035328	cloud-23979	OUT OF MEMORY	345.110914555	294.54627531400183	15000.162304	cloud-23942	OUT OF MEMORY	418.65480227	363.66632883000057	15000.043520	cloud-24261	OUT OF MEMORY	569.829533694	498.08926515700296	15000.043520	cloud-23938
combinations/Problem05_label42+token_ring.07.cil-1.yml	true	OUT OF MEMORY	345.538030955	295.398573501996	15000.170496	cloud-23940	OUT OF MEMORY	421.531610605	363.04706754699873	15000.043520	cloud-24444	OUT OF MEMORY	366.648321301	315.5586855750007	15000.166400	cloud-23942	OUT OF MEMORY	611.769335207	545.0370829789899	15000.039424	cloud-23980
combinations/Problem05_label42+token_ring.07.cil-2.yml	false	OUT OF MEMORY	460.026399071	396.3732936289998	15000.039424	cloud-24276	OUT OF MEMORY	394.141534344	342.21560443899943	15000.166400	cloud-23941	OUT OF MEMORY	503.284996862	434.6866230989981	15000.043520	cloud-24261	OUT OF MEMORY	640.927608472	567.092712534999	15000.043520	cloud-23982
combinations/Problem05_label42+token_ring.08.cil-1.yml	true	OUT OF MEMORY	481.562286106	421.4025911070057	15000.043520	cloud-24261	OUT OF MEMORY	585.874159267	520.432013075002	15000.047616	cloud-24643	OUT OF MEMORY	411.628220983	357.71283400400716	15000.166400	cloud-23942	OUT OF MEMORY	579.659609806	506.05534403101774	15000.039424	cloud-23933
combinations/Problem05_label42+token_ring.08.cil-2.yml	false	OUT OF MEMORY	472.72141976	412.4194702649984	15000.051712	cloud-24261	OUT OF MEMORY	419.541220206	364.1554136729683	15000.166400	cloud-23939	OUT OF MEMORY	379.04308979	332.37765238800057	15000.166400	cloud-23940	OUT OF MEMORY	690.959763498	607.0161234699772	15000.035328	cloud-23938
combinations/Problem05_label42+token_ring.09.cil-1.yml	true	OUT OF MEMORY	507.582177977	449.1146251760001	15000.055808	cloud-23979	OUT OF MEMORY	504.276150775	442.01469109699246	15000.043520	cloud-24643	OUT OF MEMORY	539.871788984	476.59894863999943	15000.039424	cloud-24261	OUT OF MEMORY	743.195878502	666.3116577570036	15000.035328	cloud-23938
combinations/Problem05_label42+token_ring.09.cil-2.yml	false	OUT OF MEMORY	594.200266556	535.1480628960016	15000.047616	cloud-23979	OUT OF MEMORY	349.159725721	304.7548748810077	15000.162304	cloud-23942	OUT OF MEMORY	469.844255138	413.3699290980003	15000.035328	cloud-24261	OUT OF MEMORY	417.446310445	366.13539726802264	15000.166400	cloud-23940
combinations/Problem05_label42+token_ring.10.cil-1.yml	false	OUT OF MEMORY	465.59834347	407.61791789199924	15000.043520	cloud-24261	OUT OF MEMORY	360.64846008	315.5357442969689	15000.162304	cloud-23944	OUT OF MEMORY	779.127135717	698.2470221990006	15000.039424	cloud-24259	OUT OF MEMORY	577.185443738	507.23566608599504	15000.039424	cloud-23933
combinations/Problem05_label42+token_ring.10.cil-2.yml	true	OUT OF MEMORY	591.174355514	524.8597080290019	15000.043520	cloud-23933	OUT OF MEMORY	383.364444583	334.8519630939991	15000.166400	cloud-23942	OUT OF MEMORY	471.600634801	415.02845594300015	15000.039424	cloud-24261	OUT OF MEMORY	621.49223022	552.8201425469888	15000.039424	cloud-23982
combinations/Problem05_label42+token_ring.11.cil-1.yml	false	OUT OF MEMORY	537.714671581	475.9430828830009	15000.289280	cloud-24276	OUT OF MEMORY	559.544024814	493.63240399399365	15000.039424	cloud-24441	OUT OF MEMORY	379.413638634	337.8782009159986	15000.166400	cloud-23943	OUT OF MEMORY	660.423893599	592.3861591859895	15000.035328	cloud-23933
combinations/Problem05_label42+token_ring.11.cil-2.yml	true	OUT OF MEMORY	504.355881289	444.726783236998	15000.043520	cloud-24261	OUT OF MEMORY	436.423959561	387.54024970700266	15000.162304	cloud-23943	OUT OF MEMORY	382.901584797	337.60717720400135	15000.166400	cloud-23943	OUT OF MEMORY	676.45176735	605.8320026010042	15000.031232	cloud-23933
combinations/Problem05_label42+token_ring.12.cil-1.yml	false	OUT OF MEMORY	656.507483746	587.4142423140001	15000.047616	cloud-23933	OUT OF MEMORY	402.224913143	359.2176777979912	15000.162304	cloud-23943	OUT OF MEMORY	558.807045278	498.7514320420014	15000.031232	cloud-24261	OUT OF MEMORY	658.334505191	591.4874456280086	15000.027136	cloud-23933
combinations/Problem05_label42+token_ring.12.cil-2.yml	true	OUT OF MEMORY	570.49329965	509.86099293000007	15000.051712	cloud-23933	OUT OF MEMORY	547.780917812	485.94687495499966	15000.047616	cloud-24444	OUT OF MEMORY	480.156771043	425.9753127859949	15000.166400	cloud-23939	OUT OF MEMORY	439.308899669	388.65522555902135	15000.166400	cloud-23942
combinations/Problem05_label42+token_ring.13.cil-1.yml	false	OUT OF MEMORY	614.466021953	553.1211920159985	15000.051712	cloud-23979	OUT OF MEMORY	595.613206671	535.7137608530029	15000.047616	cloud-24444	OUT OF MEMORY	661.445770991	595.935476895	15000.035328	cloud-23933	OUT OF MEMORY	507.610502987	452.60965493298136	15000.166400	cloud-23939
combinations/Problem05_label42+token_ring.13.cil-2.yml	true	OUT OF MEMORY	750.516359528	681.0027325450001	15000.055808	cloud-23933	OUT OF MEMORY	532.948959412	477.01965775399003	15000.166400	cloud-23943	OUT OF MEMORY	634.589674322	571.5991512919936	15000.043520	cloud-24261	OUT OF MEMORY	750.356300904	674.6225632689893	15000.039424	cloud-23938
combinations/Problem05_label42+token_ring.14.cil.yml	false	OUT OF MEMORY	641.641368365	576.8115665430014	15000.047616	cloud-23979	OUT OF MEMORY	398.065141518	352.5021648360016	15000.154112	cloud-23942	OUT OF MEMORY	587.82526814	531.4917071650052	15000.035328	cloud-24261	OUT OF MEMORY	583.960787717	525.004364619992	15000.035328	cloud-23979
combinations/Problem05_label42+token_ring.15.cil.yml	false	OUT OF MEMORY	656.283871463	590.5357929239999	15000.043520	cloud-23933	OUT OF MEMORY	566.846281667	509.656729727998	15000.043520	cloud-24441	OUT OF MEMORY	661.851246763	595.668301974998	15000.031232	cloud-24261	OUT OF MEMORY	510.41210117	457.5140634260024	15000.166400	cloud-23939
combinations/Problem05_label43+token_ring.01.cil-1.yml	true	OUT OF MEMORY	362.1245399	307.03351468500114	15000.043520	cloud-24276	OUT OF MEMORY	366.36537612	307.04598748301214	15000.043520	cloud-24444	OUT OF MEMORY	270.680268261	225.49986462599918	15000.158208	cloud-23941	OUT OF MEMORY	396.973838843	335.3751624999859	15000.031232	cloud-23933
combinations/Problem05_label43+token_ring.01.cil-2.yml	false	OUT OF MEMORY	382.224883658	321.79136603000006	15000.051712	cloud-23933	OUT OF MEMORY	241.333634131	196.58769330498762	15000.166400	cloud-23944	OUT OF MEMORY	248.681012658	208.24436447400512	15000.166400	cloud-23943	OUT OF MEMORY	476.881650185	402.85763700000825	15000.031232	cloud-23982
combinations/Problem05_label43+token_ring.02.cil-1.yml	true	OUT OF MEMORY	484.944182374	416.6004385369997	15000.051712	cloud-23979	OUT OF MEMORY	278.222641471	231.31463299301686	15000.166400	cloud-23943	OUT OF MEMORY	387.753924297	329.4814909580018	15000.035328	cloud-24261	OUT OF MEMORY	284.55310053	237.2559031629935	15000.162304	cloud-23942
combinations/Problem05_label43+token_ring.02.cil-2.yml	false	OUT OF MEMORY	352.185048074	295.1810533120006	15000.043520	cloud-24261	OUT OF MEMORY	331.485487542	276.7381135930045	15000.043520	cloud-24444	OUT OF MEMORY	296.498536034	247.25437344399688	15000.158208	cloud-23941	OUT OF MEMORY	325.639415335	270.3814368430176	15000.043520	cloud-23979
combinations/Problem05_label43+token_ring.03.cil-1.yml	false	OUT OF MEMORY	369.818300786	313.6074601769942	15000.051712	cloud-24261	OUT OF MEMORY	361.134780296	306.8005757340143	15000.039424	cloud-24444	OUT OF MEMORY	428.696422365	362.89409242200054	15000.039424	cloud-23979	OUT OF MEMORY	336.021455512	285.61600060301134	15000.162304	cloud-23943
combinations/Problem05_label43+token_ring.03.cil-2.yml	true	OUT OF MEMORY	462.094636545	396.09949770800085	15000.043520	cloud-23933	OUT OF MEMORY	321.776250777	268.8909864699999	15000.166400	cloud-23944	OUT OF MEMORY	341.044198127	289.634129869999	15000.035328	cloud-24261	OUT OF MEMORY	330.937601447	282.14346845902037	15000.145920	cloud-23939
combinations/Problem05_label43+token_ring.04.cil-1.yml	true	OUT OF MEMORY	374.140727304	317.85387715800607	15000.039424	cloud-24261	OUT OF MEMORY	284.644229944	242.59050242400554	15000.158208	cloud-23942	OUT OF MEMORY	304.213383115	258.0171550419982	15000.166400	cloud-23940	OUT OF MEMORY	324.13124361	275.64117057598196	15000.162304	cloud-23940
combinations/Problem05_label43+token_ring.04.cil-2.yml	false	OUT OF MEMORY	428.483327107	364.3746453390013	15000.051712	cloud-24276	OUT OF MEMORY	351.294065954	297.8932918250066	15000.043520	cloud-24444	OUT OF MEMORY	577.790154323	505.0010253979999	15000.039424	cloud-23933	OUT OF MEMORY	336.77801071	287.74238065900863	15000.154112	cloud-23942
combinations/Problem05_label43+token_ring.05.cil-1.yml	true	OUT OF MEMORY	543.113873684	478.366535612	15000.055808	cloud-23979	OUT OF MEMORY	376.295190134	325.49267630599934	15000.166400	cloud-23939	OUT OF MEMORY	389.052495658	335.4373811260011	15000.043520	cloud-24261	OUT OF MEMORY	509.076666651	447.3058041019831	15000.043520	cloud-23980
combinations/Problem05_label43+token_ring.05.cil-2.yml	false	OUT OF MEMORY	466.184163645	399.5481275660004	15000.039424	cloud-23933	OUT OF MEMORY	390.600253314	330.8393159890111	15000.043520	cloud-24444	OUT OF MEMORY	396.640482825	336.5459664890004	15000.035328	cloud-24261	OUT OF MEMORY	477.102459461	415.7761588729918	15000.035328	cloud-23979
combinations/Problem05_label43+token_ring.06.cil-1.yml	false	OUT OF MEMORY	430.220977047	368.22552073800034	15000.043520	cloud-24276	OUT OF MEMORY	361.74605158	311.49583403999713	15000.158208	cloud-23939	OUT OF MEMORY	417.351526131	363.83072721400094	15000.043520	cloud-24261	OUT OF MEMORY	410.7821215	357.35813604999566	15000.166400	cloud-23939
combinations/Problem05_label43+token_ring.06.cil-2.yml	true	OUT OF MEMORY	484.860705426	419.82334593499945	15000.043520	cloud-23933	OUT OF MEMORY	399.371479674	340.157445852994	15000.043520	cloud-24441	OUT OF MEMORY	413.170793065	354.3794636860039	15000.043520	cloud-24261	OUT OF MEMORY	392.576201334	340.49405394800124	15000.162304	cloud-23941
combinations/Problem05_label43+token_ring.07.cil-1.yml	true	OUT OF MEMORY	402.005928741	347.2676780640031	15000.043520	cloud-24261	OUT OF MEMORY	588.895210259	518.3107834320035	15000.043520	cloud-24441	OUT OF MEMORY	445.561868023	392.4099806869999	15000.043520	cloud-24261	OUT OF MEMORY	510.067407223	439.1824805479846	15000.043520	cloud-23933
combinations/Problem05_label43+token_ring.07.cil-2.yml	false	OUT OF MEMORY	451.906060675	395.6927436149999	15000.047616	cloud-24261	OUT OF MEMORY	429.228456013	372.30861320999975	15000.039424	cloud-24444	OUT OF MEMORY	497.506334553	432.43032710199986	15000.043520	cloud-23933	OUT OF MEMORY	561.649089813	492.6109656940098	15000.043520	cloud-23980
combinations/Problem05_label43+token_ring.08.cil-1.yml	true	OUT OF MEMORY	472.559661026	415.9422392610013	15000.039424	cloud-23979	OUT OF MEMORY	567.275056742	496.6483432160021	15000.039424	cloud-24441	OUT OF MEMORY	555.069446306	487.31433704699884	15000.043520	cloud-24261	OUT OF MEMORY	641.279038107	574.392475539993	15000.039424	cloud-23980
combinations/Problem05_label43+token_ring.08.cil-2.yml	false	OUT OF MEMORY	379.612670398	330.2901134190033	15000.166400	cloud-23942	OUT OF MEMORY	477.605812831	412.07402001200535	15000.039424	cloud-24444	OUT OF MEMORY	357.157027527	311.5898142560036	15000.158208	cloud-23941	OUT OF MEMORY	432.024875863	374.868574417982	15000.166400	cloud-23939
combinations/Problem05_label43+token_ring.09.cil-1.yml	true	OUT OF MEMORY	490.597557962	433.86953507800354	15000.047616	cloud-24261	OUT OF MEMORY	360.89821252	314.5866771910223	15000.166400	cloud-23941	OUT OF MEMORY	503.2118427	447.7144475370005	15000.043520	cloud-24261	OUT OF MEMORY	562.005108346	496.6011202940135	15000.031232	cloud-23933
combinations/Problem05_label43+token_ring.09.cil-2.yml	false	OUT OF MEMORY	485.977364911	422.70524523600034	15000.051712	cloud-24276	OUT OF MEMORY	467.77338477	408.6648767519946	15000.043520	cloud-24441	OUT OF MEMORY	498.329068444	441.3478596500063	15000.043520	cloud-24261	OUT OF MEMORY	513.807789208	453.5593577489781	15000.043520	cloud-23979
combinations/Problem05_label43+token_ring.10.cil-1.yml	false	OUT OF MEMORY	536.313892551	472.10369031200025	15000.051712	cloud-23933	OUT OF MEMORY	668.814182011	604.6462887239977	15000.047616	cloud-24643	OUT OF MEMORY	498.421583345	442.926687758998	15000.043520	cloud-24261	OUT OF MEMORY	552.491967414	487.05677520800964	15000.039424	cloud-23979
combinations/Problem05_label43+token_ring.10.cil-2.yml	true	OUT OF MEMORY	517.629487271	454.5467024720001	15000.047616	cloud-24276	OUT OF MEMORY	472.106050501	414.95850256500125	15000.039424	cloud-24444	OUT OF MEMORY	405.051994297	352.5977157919988	15000.166400	cloud-23939	OUT OF MEMORY	421.752627084	367.2663841310132	15000.166400	cloud-23941
combinations/Problem05_label43+token_ring.11.cil-1.yml	false	OUT OF MEMORY	477.45360945	420.3756412579969	15000.043520	cloud-24261	OUT OF MEMORY	510.617601314	455.7253153700003	15000.047616	cloud-24643	OUT OF MEMORY	447.551962565	391.70345303600334	15000.166400	cloud-23939	OUT OF MEMORY	592.957345859	524.5775703179825	15000.035328	cloud-23979
combinations/Problem05_label43+token_ring.11.cil-2.yml	true	OUT OF MEMORY	538.250368937	481.40761698500137	15000.039424	cloud-24261	OUT OF MEMORY	488.296340088	429.8747745389992	15000.043520	cloud-24444	OUT OF MEMORY	620.153837681	549.8679943519965	15000.043520	cloud-24261	OUT OF MEMORY	769.297217325	704.2092718829808	15000.043520	cloud-23980
combinations/Problem05_label43+token_ring.12.cil-1.yml	false	OUT OF MEMORY	473.170965186	420.3485811770079	15000.170496	cloud-23944	OUT OF MEMORY	414.924011428	370.58464831800666	15000.166400	cloud-23944	OUT OF MEMORY	422.0240712	374.51571461500134	15000.166400	cloud-23944	OUT OF MEMORY	583.423863246	521.8825490599847	15000.043520	cloud-23933
combinations/Problem05_label43+token_ring.12.cil-2.yml	true	OUT OF MEMORY	536.282385639	477.39285510699847	15000.043520	cloud-24261	OUT OF MEMORY	573.548351796	510.6776339599892	15000.039424	cloud-24441	OUT OF MEMORY	536.682431291	477.73021708899614	15000.031232	cloud-24261	OUT OF MEMORY	737.096418234	668.0371742800053	15000.023040	cloud-23933
combinations/Problem05_label43+token_ring.13.cil-1.yml	false	OUT OF MEMORY	497.100349065	446.0443337129982	15000.174592	cloud-23941	OUT OF MEMORY	623.053318868	555.395682375	15000.043520	cloud-24444	OUT OF MEMORY	467.020331908	416.080548842001	15000.166400	cloud-23940	OUT OF MEMORY	624.337060717	554.345002445014	15000.035328	cloud-23979
combinations/Problem05_label43+token_ring.13.cil-2.yml	true	OUT OF MEMORY	599.349117302	539.5043863640003	15000.051712	cloud-24276	OUT OF MEMORY	513.817105499	460.71933800302213	15000.166400	cloud-23944	OUT OF MEMORY	489.61732526	435.76498751200415	15000.166400	cloud-23944	OUT OF MEMORY	839.045918438	767.0994982740085	15000.035328	cloud-23980
combinations/Problem05_label43+token_ring.14.cil.yml	false	OUT OF MEMORY	625.967382895	558.5821388420009	15000.043520	cloud-24276	OUT OF MEMORY	444.500530306	397.51139578400034	15000.150016	cloud-23941	OUT OF MEMORY	492.388616064	442.221916702998	15000.158208	cloud-23940	OUT OF MEMORY	481.471163612	429.3056052569882	15000.162304	cloud-23939
combinations/Problem05_label43+token_ring.15.cil.yml	false	OUT OF MEMORY	591.336603919	531.0754580469984	15000.039424	cloud-23933	OUT OF MEMORY	416.02699589	371.8802829789929	15000.170496	cloud-23942	OUT OF MEMORY	448.914349783	404.209939069995	15000.158208	cloud-23943	OUT OF MEMORY	490.256943095	439.2533460769919	15000.166400	cloud-23942
combinations/Problem05_label44+token_ring.01.cil-1.yml	false	OUT OF MEMORY	256.870478577	214.27470875800645	15000.166400	cloud-23941	OUT OF MEMORY	297.320965244	249.41430171899992	15000.158208	cloud-23943	OUT OF MEMORY	299.558723859	249.48984103199473	15000.166400	cloud-23943	OUT OF MEMORY	272.101757161	225.4016779930098	15000.154112	cloud-23943
combinations/Problem05_label44+token_ring.02.cil-1.yml	false	OUT OF MEMORY	413.269316168	349.75739054299993	15000.051712	cloud-24276	OUT OF MEMORY	347.784986464	292.254264838004	15000.043520	cloud-24444	OUT OF MEMORY	433.545047226	374.12440079599764	15000.035328	cloud-24261	OUT OF MEMORY	529.504981337	460.52163335698424	15000.043520	cloud-23980
combinations/Problem05_label44+token_ring.03.cil-2.yml	false	OUT OF MEMORY	490.981939423	428.8419951579999	15000.043520	cloud-23979	OUT OF MEMORY	395.706060322	340.9557538319932	15000.039424	cloud-24643	OUT OF MEMORY	354.760706816	299.70896208699924	15000.035328	cloud-24261	OUT OF MEMORY	401.448034798	340.1663531069935	15000.043520	cloud-23979
combinations/Problem05_label44+token_ring.04.cil-1.yml	false	OUT OF MEMORY	462.350067808	400.37350229799995	15000.043520	cloud-23933	OUT OF MEMORY	403.067564954	342.902911178011	15000.039424	cloud-24441	OUT OF MEMORY	291.03299342	246.85956643700047	15000.166400	cloud-23943	OUT OF MEMORY	296.851714409	253.90351900699898	15000.154112	cloud-23944
combinations/Problem05_label44+token_ring.05.cil-1.yml	false	OUT OF MEMORY	429.61938534	372.7471106519997	15000.039424	cloud-23979	OUT OF MEMORY	602.236318249	530.4214682109996	15000.039424	cloud-24444	OUT OF MEMORY	292.810774723	248.57370825300313	15000.166400	cloud-23943	OUT OF MEMORY	458.717767287	391.44401967697195	15000.043520	cloud-23933
combinations/Problem05_label44+token_ring.06.cil-2.yml	false	OUT OF MEMORY	426.232666425	368.3317372300007	15000.039424	cloud-23933	OUT OF MEMORY	328.901786637	294.01438475800023	15000.162304	cloud-23941	OUT OF MEMORY	374.781445098	327.3185560139973	15000.166400	cloud-23941	OUT OF MEMORY	640.730330766	561.4908116160077	15000.043520	cloud-23938
combinations/Problem05_label44+token_ring.07.cil-1.yml	false	OUT OF MEMORY	412.21702256	358.43075200100066	15000.051712	cloud-23979	OUT OF MEMORY	453.949443154	400.9698839529883	15000.039424	cloud-24643	OUT OF MEMORY	425.587586421	371.82091613299997	15000.043520	cloud-23979	OUT OF MEMORY	477.815029778	414.3764208149805	15000.023040	cloud-23979
combinations/Problem05_label44+token_ring.08.cil-1.yml	false	OUT OF MEMORY	466.415966396	403.6309979359976	15000.055808	cloud-23933	OUT OF MEMORY	441.997861823	386.5687895680021	15000.039424	cloud-24441	OUT OF MEMORY	470.744129985	409.231366247	15000.043520	cloud-24276	OUT OF MEMORY	385.019159275	333.8594085079967	15000.154112	cloud-23942
combinations/Problem05_label44+token_ring.09.cil-1.yml	false	OUT OF MEMORY	481.787348841	421.6929790710001	15000.043520	cloud-23933	OUT OF MEMORY	545.665712822	474.95440907600096	15000.043520	cloud-24441	OUT OF MEMORY	356.679412215	315.16390785099065	15000.166400	cloud-23943	OUT OF MEMORY	428.233040109	373.0670654179994	15000.145920	cloud-23941
combinations/Problem05_label44+token_ring.10.cil-2.yml	false	OUT OF MEMORY	579.763715509	516.4148960780003	15000.043520	cloud-24276	OUT OF MEMORY	370.719545151	327.04084715998033	15000.162304	cloud-23940	OUT OF MEMORY	359.798389464	319.8531739789978	15000.158208	cloud-23943	OUT OF MEMORY	422.070072191	371.73628058997565	15000.162304	cloud-23943
combinations/Problem05_label44+token_ring.11.cil-2.yml	false	OUT OF MEMORY	514.156299759	457.3920621750003	15000.170496	cloud-23942	OUT OF MEMORY	556.027397908	494.79870553199726	15000.039424	cloud-24441	OUT OF MEMORY	425.947990051	377.70800526100356	15000.162304	cloud-23943	OUT OF MEMORY	678.818423888	613.8117498020001	15000.043520	cloud-23980
combinations/Problem05_label44+token_ring.12.cil-2.yml	false	OUT OF MEMORY	600.312240746	538.4162525169995	15000.043520	cloud-23933	OUT OF MEMORY	581.145464583	524.8485121900012	15000.039424	cloud-24441	OUT OF MEMORY	641.84799089	572.1781487179978	15000.039424	cloud-24261	OUT OF MEMORY	458.959727237	407.3201670109993	15000.162304	cloud-23942
combinations/Problem05_label44+token_ring.13.cil-2.yml	false	OUT OF MEMORY	581.462554253	519.7584822989993	15000.051712	cloud-23933	OUT OF MEMORY	421.451654881	376.80704892599897	15000.166400	cloud-23943	OUT OF MEMORY	535.893644015	478.0616455719937	15000.039424	cloud-24261	OUT OF MEMORY	439.452150909	392.9379020849883	15000.166400	cloud-23944
combinations/Problem05_label45+token_ring.01.cil-1.yml	true	OUT OF MEMORY	366.317386896	304.1725721450057	15000.043520	cloud-24261	OUT OF MEMORY	310.39948111	256.3652650790027	15000.031232	cloud-24444	OUT OF MEMORY	331.997079366	279.0471974090033	15000.043520	cloud-24261	OUT OF MEMORY	290.825377026	244.72488926301594	15000.154112	cloud-23944
combinations/Problem05_label45+token_ring.01.cil-2.yml	false	OUT OF MEMORY	421.521269868	359.297501301	15000.051712	cloud-23933	OUT OF MEMORY	355.679126311	299.95677935700223	15000.035328	cloud-24643	OUT OF MEMORY	303.443880197	250.75598533800076	15000.043520	cloud-24261	OUT OF MEMORY	527.946523645	455.4473619470082	15000.039424	cloud-23933
combinations/Problem05_label45+token_ring.02.cil-1.yml	true	OUT OF MEMORY	356.575877487	301.45886270199844	15000.047616	cloud-24261	OUT OF MEMORY	354.77902471	298.9790724839986	15000.043520	cloud-24643	OUT OF MEMORY	379.302199251	325.5352360950001	15000.166400	cloud-23940	OUT OF MEMORY	336.485454488	285.4854310840019	15000.166400	cloud-23943
combinations/Problem05_label45+token_ring.02.cil-2.yml	false	OUT OF MEMORY	337.312099744	282.4234140070039	15000.051712	cloud-24261	OUT OF MEMORY	432.559122893	363.41426726900045	15000.047616	cloud-24444	OUT OF MEMORY	356.195875505	298.9930342840016	15000.039424	cloud-23979	OUT OF MEMORY	412.775237742	350.1708743510244	15000.031232	cloud-23933
combinations/Problem05_label45+token_ring.03.cil-1.yml	false	OUT OF MEMORY	447.829989509	385.17407402200115	15000.043520	cloud-23979	OUT OF MEMORY	328.667772686	277.948101691989	15000.154112	cloud-23940	OUT OF MEMORY	283.228544247	237.0714948609966	15000.154112	cloud-23939	OUT OF MEMORY	496.957880927	427.3237255150161	15000.031232	cloud-23982
combinations/Problem05_label45+token_ring.03.cil-2.yml	true	OUT OF MEMORY	395.178222029	330.55197523600145	15000.051712	cloud-23933	OUT OF MEMORY	331.885531698	275.25273066999216	15000.039424	cloud-24441	OUT OF MEMORY	413.801400637	355.0650100019993	15000.043520	cloud-23933	OUT OF MEMORY	470.912391038	404.30410983099137	15000.035328	cloud-23938
combinations/Problem05_label45+token_ring.04.cil-1.yml	true	OUT OF MEMORY	413.929843226	350.73029096299797	15000.039424	cloud-23933	OUT OF MEMORY	527.01636036	456.0668288829984	15000.043520	cloud-24643	OUT OF MEMORY	360.523014878	307.96695031299896	15000.043520	cloud-24261	OUT OF MEMORY	349.996898292	299.7221663539822	15000.145920	cloud-23942
combinations/Problem05_label45+token_ring.04.cil-2.yml	false	OUT OF MEMORY	511.23147193	450.92988625900034	15000.043520	cloud-23933	OUT OF MEMORY	409.460081617	349.5990047480009	15000.039424	cloud-24643	OUT OF MEMORY	312.030950315	263.9436797990056	15000.383488	cloud-23942	OUT OF MEMORY	311.687441639	263.54328160799923	15000.154112	cloud-23942
combinations/Problem05_label45+token_ring.05.cil-1.yml	true	OUT OF MEMORY	464.433906983	399.26349368799856	15000.051712	cloud-23979	OUT OF MEMORY	280.612721661	236.04825081200033	15000.166400	cloud-23939	OUT OF MEMORY	389.61454401	336.7626170709991	15000.043520	cloud-23979	OUT OF MEMORY	571.591814725	507.2966794570093	15000.027136	cloud-23980
combinations/Problem05_label45+token_ring.05.cil-2.yml	false	OUT OF MEMORY	291.955034817	248.3093054110068	15000.166400	cloud-23943	OUT OF MEMORY	326.765285147	278.25367390800966	15000.166400	cloud-23940	OUT OF MEMORY	479.667180186	417.20141645900003	15000.043520	cloud-23933	OUT OF MEMORY	480.768102992	414.15915460701217	15000.043520	cloud-23979
combinations/Problem05_label45+token_ring.06.cil-1.yml	false	OUT OF MEMORY	412.309938349	353.25134776699997	15000.047616	cloud-23979	OUT OF MEMORY	399.000634218	345.1705114230135	15000.035328	cloud-24444	OUT OF MEMORY	312.806259441	268.61247341400303	15000.162304	cloud-23944	OUT OF MEMORY	534.587689651	462.43852210999466	15000.043520	cloud-23979
combinations/Problem05_label45+token_ring.06.cil-2.yml	true	OUT OF MEMORY	500.817865833	438.4243783819984	15000.051712	cloud-24276	OUT OF MEMORY	324.36503524	278.29854369199893	15000.162304	cloud-23942	OUT OF MEMORY	302.698969202	260.06922447599936	15000.158208	cloud-23943	OUT OF MEMORY	493.677347366	426.647037926974	15000.043520	cloud-23979
combinations/Problem05_label45+token_ring.07.cil-1.yml	true	OUT OF MEMORY	322.891717069	277.16804621499614	15000.166400	cloud-23941	OUT OF MEMORY	367.122419107	316.5951755540009	15000.166400	cloud-23939	OUT OF MEMORY	418.406806054	361.504110048998	15000.043520	cloud-24261	OUT OF MEMORY	593.891915627	520.5409486310091	15000.039424	cloud-23982
combinations/Problem05_label45+token_ring.07.cil-2.yml	false	OUT OF MEMORY	463.605539607	402.1952030730008	15000.047616	cloud-23979	OUT OF MEMORY	598.638666857	525.7415649309987	15000.039424	cloud-24643	OUT OF MEMORY	329.316839063	284.39200810300827	15000.166400	cloud-23943	OUT OF MEMORY	382.949465781	329.8623438339855	15000.158208	cloud-23942
combinations/Problem05_label45+token_ring.08.cil-1.yml	true	OUT OF MEMORY	452.966555009	396.61875067000074	15000.043520	cloud-23933	OUT OF MEMORY	434.599620496	373.0047300699953	15000.035328	cloud-24643	OUT OF MEMORY	396.525460649	346.9554472650052	15000.158208	cloud-23939	OUT OF MEMORY	577.836903764	507.7500676859927	15000.039424	cloud-23933
combinations/Problem05_label45+token_ring.08.cil-2.yml	false	OUT OF MEMORY	490.389323137	425.8285537369993	15000.051712	cloud-24276	OUT OF MEMORY	446.92301832	390.4799425079982	15000.043520	cloud-24444	OUT OF MEMORY	483.484205062	425.4609455360005	15000.035328	cloud-24261	OUT OF MEMORY	369.486742107	319.444224345003	15000.162304	cloud-23943
combinations/Problem05_label45+token_ring.09.cil-1.yml	true	OUT OF MEMORY	660.683936616	588.8736601180008	15000.043520	cloud-23933	OUT OF MEMORY	443.06370481	387.11033828699146	15000.043520	cloud-24441	OUT OF MEMORY	471.98051594	419.6832023799943	15000.039424	cloud-24261	OUT OF MEMORY	662.716320341	585.0499702410016	15000.031232	cloud-23938
combinations/Problem05_label45+token_ring.09.cil-2.yml	false	OUT OF MEMORY	495.84946018	431.73878764300025	15000.043520	cloud-23933	OUT OF MEMORY	554.97909525	493.45474974600074	15000.043520	cloud-24643	OUT OF MEMORY	354.67182114	311.9158637069995	15000.162304	cloud-23943	OUT OF MEMORY	643.964112665	564.1655663580168	15000.195072	cloud-23938
combinations/Problem05_label45+token_ring.10.cil-1.yml	false	OUT OF MEMORY	502.198114944	443.05001653900035	15000.047616	cloud-23933	OUT OF MEMORY	488.278152746	429.3192927640048	15000.047616	cloud-24444	OUT OF MEMORY	362.966682953	318.1389528459986	15000.166400	cloud-23943	OUT OF MEMORY	685.76966378	609.5528411350097	15000.035328	cloud-23938
combinations/Problem05_label45+token_ring.10.cil-2.yml	true	OUT OF MEMORY	393.878709747	343.3324552050035	15000.158208	cloud-23940	OUT OF MEMORY	483.716209798	424.60133737498836	15000.043520	cloud-24441	OUT OF MEMORY	436.115403235	381.043645386002	15000.162304	cloud-23939	OUT OF MEMORY	530.366937774	470.8254746670136	15000.031232	cloud-23979
combinations/Problem05_label45+token_ring.11.cil-1.yml	false	OUT OF MEMORY	566.325561553	505.6703690769991	15000.055808	cloud-23979	OUT OF MEMORY	637.869267123	569.0269796460016	15000.043520	cloud-24643	OUT OF MEMORY	537.841009279	479.97341850400335	15000.043520	cloud-24261	OUT OF MEMORY	542.991342166	480.1366786819999	15000.035328	cloud-23933
combinations/Problem05_label45+token_ring.11.cil-2.yml	true	OUT OF MEMORY	428.271454094	378.0321623110067	15000.158208	cloud-23944	OUT OF MEMORY	431.203616576	384.0792748690001	15000.170496	cloud-23943	OUT OF MEMORY	382.323326924	336.1625776389992	15000.166400	cloud-23943	OUT OF MEMORY	460.586063881	404.4098345449893	15000.154112	cloud-23941
combinations/Problem05_label45+token_ring.12.cil-1.yml	false	OUT OF MEMORY	481.961312148	431.18368242299766	15000.174592	cloud-23939	OUT OF MEMORY	518.484587224	458.1842110220023	15000.043520	cloud-24444	OUT OF MEMORY	458.407723438	407.95065122099913	15000.166400	cloud-23942	OUT OF MEMORY	739.160702361	668.8786299389903	15000.039424	cloud-23980
combinations/Problem05_label45+token_ring.12.cil-2.yml	true	OUT OF MEMORY	626.480053668	562.0362044789999	15000.035328	cloud-23933	OUT OF MEMORY	425.227434597	375.8531276089998	15000.158208	cloud-23942	OUT OF MEMORY	739.714520099	665.2089528460056	15000.047616	cloud-23933	OUT OF MEMORY	425.041391442	379.9809402259998	15000.158208	cloud-23944
combinations/Problem05_label45+token_ring.13.cil-1.yml	false	OUT OF MEMORY	516.523460778	458.0484210290015	15000.039424	cloud-24261	OUT OF MEMORY	604.216876882	547.4197361959959	15000.043520	cloud-24643	OUT OF MEMORY	668.673171919	602.0004987139982	15000.043520	cloud-24261	OUT OF MEMORY	816.143778275	727.1870389950054	15000.043520	cloud-23982
combinations/Problem05_label45+token_ring.13.cil-2.yml	true	OUT OF MEMORY	492.415616331	439.013006972993	15000.166400	cloud-23944	OUT OF MEMORY	602.637799434	541.2910320880001	15000.043520	cloud-24441	OUT OF MEMORY	555.844135265	499.16305077700235	15000.043520	cloud-24261	OUT OF MEMORY	794.095205126	728.9325588459906	15000.039424	cloud-23980
combinations/Problem05_label45+token_ring.14.cil.yml	false	OUT OF MEMORY	568.25642856	508.5024472769983	15000.051712	cloud-24276	OUT OF MEMORY	458.37915344	412.5290052339551	15000.166400	cloud-23940	OUT OF MEMORY	612.508356695	549.7335674419955	15000.043520	cloud-23933	OUT OF MEMORY	406.188816904	363.4754300400091	15000.158208	cloud-23942
combinations/Problem05_label45+token_ring.15.cil.yml	false	OUT OF MEMORY	648.555074342	585.349261116	15000.047616	cloud-23933	OUT OF MEMORY	483.046559402	430.634845073997	15000.166400	cloud-23939	OUT OF MEMORY	483.854829316	430.0746382770012	15000.166400	cloud-23942	OUT OF MEMORY	661.627513676	593.0827717719949	15000.035328	cloud-23979
combinations/Problem05_label46+token_ring.01.cil-1.yml	true	OUT OF MEMORY	344.465013661	281.0134215140024	15000.035328	cloud-23933	OUT OF MEMORY	392.9011942	333.9117773820035	15000.043520	cloud-24441	OUT OF MEMORY	331.798772616	280.2245366999996	15000.039424	cloud-24261	OUT OF MEMORY	333.286687133	283.86900450100075	15000.154112	cloud-23942
combinations/Problem05_label46+token_ring.01.cil-2.yml	false	OUT OF MEMORY	313.206480843	257.3703309900011	15000.051712	cloud-24261	OUT OF MEMORY	311.482618751	259.87885651500255	15000.047616	cloud-24441	OUT OF MEMORY	301.128931061	251.74868567299563	15000.158208	cloud-23939	OUT OF MEMORY	498.938709526	436.08955715299817	15000.043520	cloud-23980
combinations/Problem05_label46+token_ring.02.cil-1.yml	true	OUT OF MEMORY	337.071717507	283.6682786129968	15000.031232	cloud-24261	OUT OF MEMORY	255.909153921	212.76950085099088	15000.170496	cloud-23942	OUT OF MEMORY	308.868232715	259.2087128800049	15000.166400	cloud-23944	OUT OF MEMORY	458.932414699	387.9479518820008	15000.031232	cloud-23982
combinations/Problem05_label46+token_ring.02.cil-2.yml	false	OUT OF MEMORY	460.069028833	391.35982792699997	15000.047616	cloud-23933	OUT OF MEMORY	254.93347695	213.02668132899998	15000.158208	cloud-23943	OUT OF MEMORY	338.841255099	282.3680647010042	15000.035328	cloud-24261	OUT OF MEMORY	278.282775663	229.01661671401234	15000.166400	cloud-23943
combinations/Problem05_label46+token_ring.03.cil-1.yml	false	OUT OF MEMORY	407.793694482	346.31995935099985	15000.055808	cloud-24276	OUT OF MEMORY	297.564664384	254.28374401699693	15000.158208	cloud-23941	OUT OF MEMORY	392.60427241	333.7396213200045	15000.043520	cloud-24261	OUT OF MEMORY	513.943065907	451.426242053014	15000.043520	cloud-23980
combinations/Problem05_label46+token_ring.03.cil-2.yml	true	OUT OF MEMORY	439.601727738	373.6235850030007	15000.051712	cloud-24276	OUT OF MEMORY	381.701755014	322.64427247000276	15000.047616	cloud-24643	OUT OF MEMORY	308.408890599	263.1287827789929	15000.162304	cloud-23944	OUT OF MEMORY	470.357614769	408.9649695660046	15000.031232	cloud-23980
combinations/Problem05_label46+token_ring.04.cil-1.yml	true	OUT OF MEMORY	411.98296388	355.7114015989973	15000.043520	cloud-23979	OUT OF MEMORY	363.785994969	305.1816154349999	15000.035328	cloud-24444	OUT OF MEMORY	339.871822682	286.8837070690024	15000.043520	cloud-24261	OUT OF MEMORY	342.730938129	292.9331175700063	15000.158208	cloud-23939
combinations/Problem05_label46+token_ring.04.cil-2.yml	false	OUT OF MEMORY	406.896039614	347.2903549799994	15000.043520	cloud-23933	OUT OF MEMORY	527.358029279	455.052659727	15000.043520	cloud-24441	OUT OF MEMORY	310.596529595	264.5885014969972	15000.158208	cloud-23939	OUT OF MEMORY	503.602350278	434.63583644799655	15000.039424	cloud-23933
combinations/Problem05_label46+token_ring.05.cil-1.yml	true	OUT OF MEMORY	426.354814939	368.70113706699703	15000.043520	cloud-23933	OUT OF MEMORY	307.827829496	262.2733700770186	15000.166400	cloud-23943	OUT OF MEMORY	343.435828864	295.6028202309999	15000.154112	cloud-23942	OUT OF MEMORY	336.636829008	286.04703591400175	15000.166400	cloud-23943
combinations/Problem05_label46+token_ring.05.cil-2.yml	false	OUT OF MEMORY	436.008164505	378.88991539499875	15000.051712	cloud-24276	OUT OF MEMORY	509.8586227	451.30775786499726	15000.043520	cloud-24643	OUT OF MEMORY	463.699083688	399.0085618279991	15000.039424	cloud-23933	OUT OF MEMORY	364.180404648	310.2547931089939	15000.158208	cloud-23941
combinations/Problem05_label46+token_ring.06.cil-1.yml	false	OUT OF MEMORY	455.320922037	395.4293017389973	15000.047616	cloud-24276	OUT OF MEMORY	576.001956298	496.31773321999935	15000.035328	cloud-24444	OUT OF MEMORY	451.647359589	391.89836133100005	15000.043520	cloud-23979	OUT OF MEMORY	397.303401752	342.88985907897586	15000.154112	cloud-23941
combinations/Problem05_label46+token_ring.06.cil-2.yml	true	OUT OF MEMORY	341.884428873	290.60172545100795	15000.166400	cloud-23944	OUT OF MEMORY	292.627286139	251.8279920950299	15000.162304	cloud-23941	OUT OF MEMORY	316.693592863	273.34104836899496	15000.166400	cloud-23943	OUT OF MEMORY	595.952866538	516.8753589919943	15000.031232	cloud-23982
combinations/Problem05_label46+token_ring.07.cil-1.yml	true	OUT OF MEMORY	424.532028494	365.23552196499077	15000.051712	cloud-24261	OUT OF MEMORY	437.552542542	377.4250744640012	15000.043520	cloud-24441	OUT OF MEMORY	328.490304823	285.97251418899396	15000.158208	cloud-23943	OUT OF MEMORY	516.82851025	449.850830106996	15000.031232	cloud-23980
combinations/Problem05_label46+token_ring.07.cil-2.yml	false	OUT OF MEMORY	521.669543708	453.38532414400106	15000.051712	cloud-23933	OUT OF MEMORY	330.770294319	282.67560356700415	15000.162304	cloud-23942	OUT OF MEMORY	396.120144857	338.1107456549944	15000.043520	cloud-24261	OUT OF MEMORY	517.334460061	449.9621081239893	15000.039424	cloud-23979
combinations/Problem05_label46+token_ring.08.cil-1.yml	true	OUT OF MEMORY	446.265186664	390.73986859100114	15000.043520	cloud-24261	OUT OF MEMORY	395.527822522	343.88259862700943	15000.043520	cloud-24444	OUT OF MEMORY	341.960851981	297.82028988099773	15000.166400	cloud-23944	OUT OF MEMORY	548.900931714	479.75004050999996	15000.035328	cloud-23982
combinations/Problem05_label46+token_ring.08.cil-2.yml	false	OUT OF MEMORY	499.851563842	436.16120275700086	15000.047616	cloud-23933	OUT OF MEMORY	452.797228121	395.7020103720133	15000.043520	cloud-24643	OUT OF MEMORY	417.823834493	367.20416004899744	15000.162304	cloud-23939	OUT OF MEMORY	380.655261648	327.9652771939873	15000.166400	cloud-23940
combinations/Problem05_label46+token_ring.09.cil-1.yml	true	OUT OF MEMORY	525.704431815	460.5308730180004	15000.051712	cloud-24276	OUT OF MEMORY	375.798640441	326.30996413000685	15000.150016	cloud-23942	OUT OF MEMORY	547.88156137	486.9181896539958	15000.035328	cloud-23933	OUT OF MEMORY	514.005395427	452.7181335990026	15000.043520	cloud-23979
combinations/Problem05_label46+token_ring.09.cil-2.yml	false	OUT OF MEMORY	522.367765837	461.73703707401	15000.039424	cloud-24261	OUT OF MEMORY	405.909514408	353.4768888170074	15000.154112	cloud-23944	OUT OF MEMORY	434.446287942	378.301842158995	15000.166400	cloud-23942	OUT OF MEMORY	422.152613183	370.7088244369952	15000.166400	cloud-23941
combinations/Problem05_label46+token_ring.10.cil-1.yml	false	OUT OF MEMORY	552.348752892	486.0691773720009	15000.051712	cloud-23933	OUT OF MEMORY	396.430335375	352.3178658109973	15000.170496	cloud-23941	OUT OF MEMORY	496.961509716	439.4085737540008	15000.039424	cloud-24261	OUT OF MEMORY	691.819346579	610.7460697700153	15000.043520	cloud-23938
combinations/Problem05_label46+token_ring.10.cil-2.yml	true	OUT OF MEMORY	494.280452071	435.6022112169885	15000.055808	cloud-24261	OUT OF MEMORY	444.457474128	391.7692146010013	15000.158208	cloud-23940	OUT OF MEMORY	489.310876675	432.3632806710011	15000.035328	cloud-23979	OUT OF MEMORY	411.327473457	357.26364045598893	15000.162304	cloud-23940
combinations/Problem05_label46+token_ring.11.cil-1.yml	false	OUT OF MEMORY	587.080509922	519.84974564	15000.043520	cloud-23933	OUT OF MEMORY	463.367522354	409.95576550095575	15000.170496	cloud-23941	OUT OF MEMORY	554.310588734	490.2010740369951	15000.043520	cloud-24261	OUT OF MEMORY	550.875322921	484.3493272929918	15000.031232	cloud-23979
combinations/Problem05_label46+token_ring.11.cil-2.yml	true	OUT OF MEMORY	598.49885376	531.3145448329997	15000.051712	cloud-24276	OUT OF MEMORY	421.946896949	375.82698294700094	15000.166400	cloud-23941	OUT OF MEMORY	474.469600157	413.97465355599707	15000.162304	cloud-23942	OUT OF MEMORY	446.476642304	393.026433246996	15000.158208	cloud-23941
combinations/Problem05_label46+token_ring.12.cil-1.yml	false	OUT OF MEMORY	542.054639947	480.77747128900046	15000.047616	cloud-23979	OUT OF MEMORY	522.89877811	461.89000310900155	15000.047616	cloud-24444	OUT OF MEMORY	413.310615583	363.34759624999424	15000.166400	cloud-23939	OUT OF MEMORY	718.758645106	651.6481184200093	15000.039424	cloud-23980
combinations/Problem05_label46+token_ring.12.cil-2.yml	true	OUT OF MEMORY	639.765838902	577.5408865159989	15000.055808	cloud-23979	OUT OF MEMORY	397.195750126	354.69642785500037	15000.166400	cloud-23942	OUT OF MEMORY	624.782952747	560.0594440069999	15000.043520	cloud-23979	OUT OF MEMORY	466.031333115	410.8985924370063	15000.158208	cloud-23941
combinations/Problem05_label46+token_ring.13.cil-1.yml	false	OUT OF MEMORY	640.517021767	577.9720969120099	15000.051712	cloud-24261	OUT OF MEMORY	534.610242684	475.6992186150019	15000.039424	cloud-24444	OUT OF MEMORY	648.216639454	582.3311370879965	15000.039424	cloud-24261	OUT OF MEMORY	470.526529628	418.58061709301546	15000.145920	cloud-23943
combinations/Problem05_label46+token_ring.13.cil-2.yml	true	OUT OF MEMORY	693.615944912	631.1837010889976	15000.039424	cloud-23933	OUT OF MEMORY	514.629002568	458.18308006000007	15000.166400	cloud-23941	OUT OF MEMORY	542.589964758	489.25522427200485	15000.158208	cloud-23940	OUT OF MEMORY	687.743161881	621.3120684270107	15000.031232	cloud-23979
combinations/Problem05_label46+token_ring.14.cil.yml	false	OUT OF MEMORY	493.351190166	437.43092318900744	15000.043520	cloud-24261	OUT OF MEMORY	433.131333199	386.4877708330023	15000.158208	cloud-23941	OUT OF MEMORY	489.114934795	436.67728850899584	15000.043520	cloud-23979	OUT OF MEMORY	442.321015691	390.9381252300227	15000.166400	cloud-23943
combinations/Problem05_label46+token_ring.15.cil.yml	false	OUT OF MEMORY	461.835035325	413.13264901799266	15000.166400	cloud-23941	OUT OF MEMORY	607.44103872	544.0147457950006	15000.039424	cloud-24441	OUT OF MEMORY	521.783501646	464.84195079500205	15000.158208	cloud-23942	OUT OF MEMORY	896.688510813	813.5993627790012	15000.043520	cloud-23938
combinations/Problem05_label47+token_ring.01.cil-1.yml	false	OUT OF MEMORY	323.70500184	270.3015818929998	15000.047616	cloud-23979	OUT OF MEMORY	398.264566792	335.2839331080031	15000.043520	cloud-24444	OUT OF MEMORY	560.409285726	481.517590124	15000.043520	cloud-24259	OUT OF MEMORY	349.449530987	296.57588962098816	15000.150016	cloud-23941
combinations/Problem05_label47+token_ring.02.cil-1.yml	false	OUT OF MEMORY	348.639532817	295.2229661800011	15000.047616	cloud-23933	OUT OF MEMORY	396.801486091	336.4361509799928	15000.043520	cloud-24643	OUT OF MEMORY	315.279298762	259.9421435749973	15000.043520	cloud-23979	OUT OF MEMORY	294.559465978	248.50022721698042	15000.162304	cloud-23942
combinations/Problem05_label47+token_ring.03.cil-2.yml	false	OUT OF MEMORY	326.202287929	270.99781550800253	15000.051712	cloud-24261	OUT OF MEMORY	365.656766466	309.7289676270011	15000.043520	cloud-24444	OUT OF MEMORY	269.483703954	226.48615415098902	15000.170496	cloud-23944	OUT OF MEMORY	449.535533576	386.56915427499916	15000.035328	cloud-23933
combinations/Problem05_label47+token_ring.04.cil-1.yml	false	OUT OF MEMORY	378.865210295	322.00493629599987	15000.043520	cloud-23933	OUT OF MEMORY	353.755594538	299.3718755610025	15000.047616	cloud-24444	OUT OF MEMORY	410.618639766	356.81554272400535	15000.039424	cloud-23979	OUT OF MEMORY	425.330058185	361.51809326800867	15000.027136	cloud-23979
combinations/Problem05_label47+token_ring.05.cil-1.yml	false	OUT OF MEMORY	498.158061895	432.85322939899925	15000.043520	cloud-24276	OUT OF MEMORY	562.389191911	484.3071182620006	15000.047616	cloud-24643	OUT OF MEMORY	369.651626582	316.9539817860059	15000.043520	cloud-24261	OUT OF MEMORY	665.841362112	593.6279714990233	15000.039424	cloud-23938
combinations/Problem05_label47+token_ring.06.cil-2.yml	false	OUT OF MEMORY	438.456603324	376.7430227570003	15000.039424	cloud-23979	OUT OF MEMORY	421.445803854	365.06502655400254	15000.043520	cloud-24643	OUT OF MEMORY	404.632850324	345.4554067889985	15000.039424	cloud-24261	OUT OF MEMORY	349.445296346	301.45360125400475	15000.158208	cloud-23943
combinations/Problem05_label47+token_ring.07.cil-1.yml	false	OUT OF MEMORY	420.834073631	363.96853906699107	15000.051712	cloud-24261	OUT OF MEMORY	576.193096864	499.4296314380008	15000.039424	cloud-24444	OUT OF MEMORY	323.354973435	280.9860096880002	15000.154112	cloud-23943	OUT OF MEMORY	335.837734785	292.36880201200256	15000.162304	cloud-23944
combinations/Problem05_label47+token_ring.08.cil-1.yml	false	OUT OF MEMORY	438.41050758	381.1797428370046	15000.055808	cloud-24261	OUT OF MEMORY	524.993186419	454.78457197599346	15000.043520	cloud-24444	OUT OF MEMORY	341.759575295	296.09833923999395	15000.162304	cloud-23943	OUT OF MEMORY	538.95798459	470.37341347601614	15000.031232	cloud-23933
combinations/Problem05_label47+token_ring.09.cil-1.yml	false	OUT OF MEMORY	603.435106171	540.5459339150002	15000.047616	cloud-24276	OUT OF MEMORY	447.224962834	390.26556537400756	15000.039424	cloud-24444	OUT OF MEMORY	400.157835439	348.4349861689989	15000.162304	cloud-23942	OUT OF MEMORY	661.808139829	592.5119587939989	15000.035328	cloud-23980
combinations/Problem05_label47+token_ring.10.cil-2.yml	false	OUT OF MEMORY	568.968023351	500.57035343700045	15000.051712	cloud-23933	OUT OF MEMORY	446.184160396	396.05881478499214	15000.166400	cloud-23942	OUT OF MEMORY	606.09091141	542.6523468739979	15000.039424	cloud-23979	OUT OF MEMORY	384.188349886	336.5389760929975	15000.166400	cloud-23944
combinations/Problem05_label47+token_ring.11.cil-2.yml	false	OUT OF MEMORY	405.535782203	358.9826837550063	15000.174592	cloud-23941	OUT OF MEMORY	788.195765407	707.9978709819989	15000.043520	cloud-24441	OUT OF MEMORY	654.757888367	584.0015250469951	15000.043520	cloud-23979	OUT OF MEMORY	457.567518077	402.8577210229996	15000.158208	cloud-23940
combinations/Problem05_label47+token_ring.12.cil-2.yml	false	OUT OF MEMORY	575.328107963	516.7966696069998	15000.043520	cloud-23979	OUT OF MEMORY	410.442149295	369.8571227959983	15000.170496	cloud-23943	OUT OF MEMORY	637.797610521	579.5183667829988	15000.043520	cloud-23979	OUT OF MEMORY	720.458838651	658.212377866992	15000.035328	cloud-23980
combinations/Problem05_label47+token_ring.13.cil-2.yml	false	OUT OF MEMORY	682.843984309	614.6780949880012	15000.051712	cloud-23979	OUT OF MEMORY	437.893149837	391.86284645900014	15000.166400	cloud-23943	OUT OF MEMORY	514.896627049	463.1886296770026	15000.039424	cloud-23979	OUT OF MEMORY	453.008008733	403.2655866529967	15000.154112	cloud-23943
combinations/Problem05_label48+token_ring.01.cil-1.yml	false	OUT OF MEMORY	355.788102633	295.7860352450007	15000.051712	cloud-23933	OUT OF MEMORY	319.265398309	271.87849224599995	15000.158208	cloud-23944	OUT OF MEMORY	260.698602934	216.20514108399948	15000.162304	cloud-23943	OUT OF MEMORY	302.167684643	250.5011106870079	15000.154112	cloud-23939
combinations/Problem05_label48+token_ring.02.cil-1.yml	false	OUT OF MEMORY	374.224143346	312.8915814889988	15000.047616	cloud-24276	OUT OF MEMORY	306.417034738	260.4150074069912	15000.170496	cloud-23943	OUT OF MEMORY	425.674808188	365.88686839300135	15000.039424	cloud-24261	OUT OF MEMORY	324.941773425	273.75390118401265	15000.145920	cloud-23941
combinations/Problem05_label48+token_ring.03.cil-2.yml	false	OUT OF MEMORY	391.994363599	331.5016650489997	15000.051712	cloud-23933	OUT OF MEMORY	398.630328176	338.0630965159944	15000.043520	cloud-24444	OUT OF MEMORY	268.282443806	225.126811782	15000.158208	cloud-23943	OUT OF MEMORY	571.395839346	496.7260467329761	15000.035328	cloud-23982
combinations/Problem05_label48+token_ring.04.cil-1.yml	false	OUT OF MEMORY	464.38320776	402.73861174099966	15000.043520	cloud-23933	OUT OF MEMORY	336.325566768	283.5543356309936	15000.039424	cloud-24643	OUT OF MEMORY	319.468583285	273.81611114800035	15000.166400	cloud-23943	OUT OF MEMORY	454.071392573	385.66768692201003	15000.039424	cloud-23938
combinations/Problem05_label48+token_ring.05.cil-1.yml	false	OUT OF MEMORY	387.595779713	332.4277025289921	15000.051712	cloud-24261	OUT OF MEMORY	336.617521257	290.6005816179677	15000.162304	cloud-23940	OUT OF MEMORY	415.849503333	354.1894768380007	15000.043520	cloud-24261	OUT OF MEMORY	471.039337649	404.6474237579969	15000.039424	cloud-23933
combinations/Problem05_label48+token_ring.06.cil-2.yml	false	OUT OF MEMORY	443.201602377	384.00124154600053	15000.043520	cloud-23933	OUT OF MEMORY	405.660424015	348.294643065994	15000.264704	cloud-24441	OUT OF MEMORY	411.363293507	357.6248121430035	15000.039424	cloud-23979	OUT OF MEMORY	380.587788357	328.6791105380107	15000.150016	cloud-23943
combinations/Problem05_label48+token_ring.07.cil-1.yml	false	OUT OF MEMORY	450.366080289	392.8396660240105	15000.039424	cloud-24261	OUT OF MEMORY	467.657377655	408.9697531559941	15000.043520	cloud-24441	OUT OF MEMORY	508.335760163	445.17066291000083	15000.039424	cloud-23933	OUT OF MEMORY	348.974809343	305.4774281590071	15000.162304	cloud-23944
combinations/Problem05_label48+token_ring.08.cil-1.yml	false	OUT OF MEMORY	441.343627094	381.6470616449951	15000.047616	cloud-24261	OUT OF MEMORY	503.675576524	439.52408062400355	15000.043520	cloud-24441	OUT OF MEMORY	444.803209111	385.8317603329997	15000.035328	cloud-24261	OUT OF MEMORY	374.12480617	321.7078946850088	15000.166400	cloud-23941
combinations/Problem05_label48+token_ring.09.cil-1.yml	false	OUT OF MEMORY	542.364716674	477.5004613980018	15000.043520	cloud-23933	OUT OF MEMORY	381.348765835	336.58269175398163	15000.162304	cloud-23939	OUT OF MEMORY	466.73992908	411.9063692510026	15000.039424	cloud-23979	OUT OF MEMORY	415.407058808	363.20585819598637	15000.162304	cloud-23942
combinations/Problem05_label48+token_ring.10.cil-2.yml	false	OUT OF MEMORY	470.535109344	414.0034044950007	15000.047616	cloud-24261	OUT OF MEMORY	495.307525829	437.8666552270006	15000.043520	cloud-24444	OUT OF MEMORY	532.099798787	471.95559264099575	15000.043520	cloud-24261	OUT OF MEMORY	554.228580901	489.42690608502016	15000.035328	cloud-23979
combinations/Problem05_label48+token_ring.11.cil-2.yml	false	OUT OF MEMORY	544.449517211	482.48090136100654	15000.051712	cloud-24261	OUT OF MEMORY	515.394694717	457.9871418989933	15000.039424	cloud-24444	OUT OF MEMORY	787.610141691	714.786345078006	15000.039424	cloud-24259	OUT OF MEMORY	551.211494256	488.8775538140035	15000.035328	cloud-23979
combinations/Problem05_label48+token_ring.12.cil-2.yml	false	OUT OF MEMORY	633.816489002	567.6976539379993	15000.039424	cloud-23933	OUT OF MEMORY	449.214829616	405.18954257597215	15000.166400	cloud-23939	OUT OF MEMORY	577.059975882	518.4570709730033	15000.043520	cloud-23933	OUT OF MEMORY	423.751909085	377.75016192000476	15000.162304	cloud-23944
combinations/Problem05_label48+token_ring.13.cil-2.yml	false	OUT OF MEMORY	475.305643482	423.12771216299734	15000.166400	cloud-23944	OUT OF MEMORY	562.723363302	502.1122956730105	15000.043520	cloud-24444	OUT OF MEMORY	568.316534246	509.90946477800026	15000.035328	cloud-24261	OUT OF MEMORY	672.707189021	604.9594485110138	15000.043520	cloud-23933
combinations/Problem05_label49+token_ring.01.cil-1.yml	true	OUT OF MEMORY	324.624342413	271.07377210000413	15000.047616	cloud-24261	OUT OF MEMORY	323.539315906	269.6894359470025	15000.043520	cloud-24643	OUT OF MEMORY	314.277820907	266.7109333269982	15000.162304	cloud-23940	OUT OF MEMORY	489.048839015	420.5456303039973	15000.031232	cloud-23938
combinations/Problem05_label49+token_ring.01.cil-2.yml	false	OUT OF MEMORY	406.054532278	344.5594696659973	15000.043520	cloud-24276	OUT OF MEMORY	344.86383049	291.51549189900106	15000.039424	cloud-24444	OUT OF MEMORY	255.313171962	212.93419351099874	15000.158208	cloud-23943	OUT OF MEMORY	490.073240748	424.3445388560067	15000.039424	cloud-23980
combinations/Problem05_label49+token_ring.02.cil-1.yml	true	OUT OF MEMORY	402.545247931	341.1796872659979	15000.043520	cloud-24276	OUT OF MEMORY	362.003771747	306.32223107600294	15000.039424	cloud-24441	OUT OF MEMORY	430.564219829	366.96844164699996	15000.043520	cloud-24276	OUT OF MEMORY	339.50643029	286.45191218098626	15000.154112	cloud-23942
combinations/Problem05_label49+token_ring.02.cil-2.yml	false	OUT OF MEMORY	437.721480911	370.5396304189999	15000.051712	cloud-24276	OUT OF MEMORY	481.182197617	413.3063277679976	15000.047616	cloud-24643	OUT OF MEMORY	296.589839317	252.03754509099963	15000.162304	cloud-23944	OUT OF MEMORY	347.399739047	292.4621247180039	15000.035328	cloud-23933
combinations/Problem05_label49+token_ring.03.cil-1.yml	false	OUT OF MEMORY	333.952118835	281.0094951869978	15000.043520	cloud-24261	OUT OF MEMORY	340.590622355	290.3199250100006	15000.170496	cloud-23944	OUT OF MEMORY	497.821872832	428.12746125899866	15000.043520	cloud-24259	OUT OF MEMORY	556.247424599	478.5934813079948	15000.031232	cloud-23933
combinations/Problem05_label49+token_ring.03.cil-2.yml	true	OUT OF MEMORY	452.216057789	390.6123882840002	15000.051712	cloud-23933	OUT OF MEMORY	354.600656371	301.57919807398866	15000.039424	cloud-24643	OUT OF MEMORY	364.027459665	313.9208682279932	15000.162304	cloud-23939	OUT OF MEMORY	353.311841557	298.86741120999795	15000.162304	cloud-23943
combinations/Problem05_label49+token_ring.04.cil-1.yml	true	OUT OF MEMORY	449.184309957	385.8356428120005	15000.043520	cloud-24276	OUT OF MEMORY	322.109123761	273.9035369560006	15000.154112	cloud-23944	OUT OF MEMORY	443.840194661	391.98503991899634	15000.043520	cloud-24261	OUT OF MEMORY	444.2418136	378.62217444201815	15000.031232	cloud-23979
combinations/Problem05_label49+token_ring.04.cil-2.yml	false	OUT OF MEMORY	400.514295845	346.8944191400078	15000.039424	cloud-24261	OUT OF MEMORY	445.16671029	387.0134254559998	15000.047616	cloud-24643	OUT OF MEMORY	410.800604753	351.731201953	15000.043520	cloud-24261	OUT OF MEMORY	507.392019433	436.5172670900065	15000.031232	cloud-23938
combinations/Problem05_label49+token_ring.05.cil-1.yml	true	OUT OF MEMORY	485.798437031	422.27570842500063	15000.047616	cloud-23933	OUT OF MEMORY	289.638229487	244.98686576099135	15000.162304	cloud-23940	OUT OF MEMORY	358.241889747	308.27309751899884	15000.166400	cloud-23940	OUT OF MEMORY	508.232865922	443.53879377100384	15000.043520	cloud-23979
combinations/Problem05_label49+token_ring.05.cil-2.yml	false	OUT OF MEMORY	458.97255167	398.20287355700566	15000.043520	cloud-24261	OUT OF MEMORY	335.560106472	288.2559498699993	15000.158208	cloud-23943	OUT OF MEMORY	310.722145875	263.37461192599585	15000.166400	cloud-23944	OUT OF MEMORY	339.208398449	286.69349366999813	15000.158208	cloud-23939
combinations/Problem05_label49+token_ring.06.cil-1.yml	false	OUT OF MEMORY	380.834883777	329.40047828100796	15000.178688	cloud-23941	OUT OF MEMORY	577.86341075	507.77710899500016	15000.043520	cloud-24444	OUT OF MEMORY	324.54314902	280.85753843799466	15000.166400	cloud-23939	OUT OF MEMORY	352.024211859	301.97424059399054	15000.150016	cloud-23940
combinations/Problem05_label49+token_ring.06.cil-2.yml	true	OUT OF MEMORY	305.287461056	263.116509200001	15000.170496	cloud-23943	OUT OF MEMORY	605.062789821	536.184065499001	15000.039424	cloud-24643	OUT OF MEMORY	337.293758908	290.28002686600666	15000.162304	cloud-23941	OUT OF MEMORY	393.346639595	340.88374134901096	15000.154112	cloud-23942
combinations/Problem05_label49+token_ring.07.cil-1.yml	true	OUT OF MEMORY	448.748637664	388.36757958700764	15000.043520	cloud-24261	OUT OF MEMORY	432.469826379	370.9694410679949	15000.039424	cloud-24441	OUT OF MEMORY	423.49071172	366.71611223599757	15000.043520	cloud-24261	OUT OF MEMORY	373.761366261	323.5573485510249	15000.154112	cloud-23940
combinations/Problem05_label49+token_ring.07.cil-2.yml	false	OUT OF MEMORY	483.763240616	422.3391174030003	15000.051712	cloud-24276	OUT OF MEMORY	503.108547392	446.4987787179998	15000.047616	cloud-24643	OUT OF MEMORY	427.275424321	367.48700299300253	15000.043520	cloud-23979	OUT OF MEMORY	630.50092985	555.2791161459754	15000.043520	cloud-23938
combinations/Problem05_label49+token_ring.08.cil-1.yml	true	OUT OF MEMORY	395.854924309	345.5145235499949	15000.162304	cloud-23940	OUT OF MEMORY	410.49508051	361.4396586630028	15000.162304	cloud-23942	OUT OF MEMORY	601.696056329	530.3973741139998	15000.031232	cloud-23933	OUT OF MEMORY	366.940512897	319.0642644360196	15000.162304	cloud-23943
combinations/Problem05_label49+token_ring.08.cil-2.yml	false	OUT OF MEMORY	491.715283544	425.85263336200023	15000.047616	cloud-23933	OUT OF MEMORY	430.359717281	373.52111366402823	15000.166400	cloud-23944	OUT OF MEMORY	540.73941968	476.8336558240044	15000.043520	cloud-23933	OUT OF MEMORY	632.161454544	553.3799713419867	15000.043520	cloud-23938
combinations/Problem05_label49+token_ring.09.cil-1.yml	true	OUT OF MEMORY	551.411744579	482.4650774950005	15000.051712	cloud-24276	OUT OF MEMORY	447.319690288	390.5403097999988	15000.158208	cloud-23944	OUT OF MEMORY	477.179908802	419.99180772100226	15000.039424	cloud-24261	OUT OF MEMORY	371.898460235	325.597514270019	15000.154112	cloud-23944
combinations/Problem05_label49+token_ring.09.cil-2.yml	false	OUT OF MEMORY	537.928119846	470.987620210999	15000.055808	cloud-24276	OUT OF MEMORY	466.15806289	409.02856455800065	15000.043520	cloud-24441	OUT OF MEMORY	475.599929751	421.8842290100001	15000.043520	cloud-23979	OUT OF MEMORY	359.455625369	316.6535407959891	15000.162304	cloud-23944
combinations/Problem05_label49+token_ring.10.cil-1.yml	false	OUT OF MEMORY	569.349108328	508.3303309369985	15000.047616	cloud-23979	OUT OF MEMORY	611.98455337	540.8753022890014	15000.035328	cloud-24643	OUT OF MEMORY	454.799280888	394.50442959200154	15000.035328	cloud-24261	OUT OF MEMORY	677.162157245	610.546281841991	15000.043520	cloud-23980
combinations/Problem05_label49+token_ring.10.cil-2.yml	true	OUT OF MEMORY	530.598412253	474.0659046539986	15000.039424	cloud-23933	OUT OF MEMORY	410.658258914	361.7292310599987	15000.158208	cloud-23944	OUT OF MEMORY	473.99043552	416.7368056129999	15000.035328	cloud-24261	OUT OF MEMORY	388.433899222	342.8962903940119	15000.162304	cloud-23944
combinations/Problem05_label49+token_ring.11.cil-1.yml	false	OUT OF MEMORY	540.316993745	474.22854048999943	15000.043520	cloud-23933	OUT OF MEMORY	738.74490592	659.691033608	15000.043520	cloud-24441	OUT OF MEMORY	416.339908918	365.1413253549981	15000.158208	cloud-23940	OUT OF MEMORY	653.880668502	578.7732379679801	15000.018944	cloud-23938
combinations/Problem05_label49+token_ring.11.cil-2.yml	true	OUT OF MEMORY	517.760774357	461.1770666509983	15000.039424	cloud-24261	OUT OF MEMORY	642.503978681	575.5505061939984	15000.043520	cloud-24441	OUT OF MEMORY	501.876130468	445.3687020290017	15000.043520	cloud-24261	OUT OF MEMORY	661.335967753	582.4669313620252	15000.031232	cloud-23938
combinations/Problem05_label49+token_ring.12.cil-1.yml	false	OUT OF MEMORY	552.949287848	487.31702347900136	15000.043520	cloud-23933	OUT OF MEMORY	515.541828336	458.12500863500463	15000.043520	cloud-24444	OUT OF MEMORY	520.810039142	464.5394494619977	15000.043520	cloud-24261	OUT OF MEMORY	498.478797462	443.6757477069914	15000.150016	cloud-23939
combinations/Problem05_label49+token_ring.12.cil-2.yml	true	OUT OF MEMORY	546.264636388	487.39847742099664	15000.051712	cloud-24261	OUT OF MEMORY	503.013332096	447.5616324570001	15000.166400	cloud-23944	OUT OF MEMORY	467.239246236	414.76611721600057	15000.166400	cloud-23942	OUT OF MEMORY	694.364713017	629.196850118984	15000.043520	cloud-23980
combinations/Problem05_label49+token_ring.13.cil-1.yml	false	OUT OF MEMORY	762.619930215	698.9904495849987	15000.043520	cloud-23979	OUT OF MEMORY	691.108423683	622.2669443900013	15000.043520	cloud-24441	OUT OF MEMORY	513.440278981	460.5471615599963	15000.162304	cloud-23944	OUT OF MEMORY	708.400524298	643.3176305759989	15000.043520	cloud-23979
combinations/Problem05_label49+token_ring.13.cil-2.yml	true	OUT OF MEMORY	479.580154579	430.27654177900695	15000.170496	cloud-23939	OUT OF MEMORY	540.465535628	486.34147922799457	15000.043520	cloud-24444	OUT OF MEMORY	582.729752205	525.6809631490032	15000.043520	cloud-24261	OUT OF MEMORY	473.297999687	421.37158856197493	15000.158208	cloud-23942
combinations/Problem05_label49+token_ring.14.cil.yml	false	OUT OF MEMORY	685.79147046	618.5271457549989	15000.039424	cloud-23933	OUT OF MEMORY	563.448444627	505.0342690489924	15000.039424	cloud-24444	OUT OF MEMORY	731.655761398	664.9999939400004	15000.043520	cloud-24259	OUT OF MEMORY	794.081615378	720.1057691470196	15000.031232	cloud-23982
combinations/Problem05_label49+token_ring.15.cil.yml	false	OUT OF MEMORY	678.732837018	611.5773454230002	15000.047616	cloud-24276	OUT OF MEMORY	640.504756833	579.8646507539961	15000.043520	cloud-24441	OUT OF MEMORY	843.433146506	764.6324846989992	15000.043520	cloud-23933	OUT OF MEMORY	867.472914751	781.0355087210191	15000.031232	cloud-23933
combinations/gcd_1+newton_1_1.yml	true	TIMEOUT	990.367820982	975.9571900359988	2802.798592	cloud-24261	TIMEOUT	990.482697755	971.8063098779967	2824.273920	cloud-24441	ERROR (solver error, after parsing finished)	733.894267141	720.4157630390037	2847.580160	cloud-23933	TIMEOUT	990.874023702	980.4800479620171	5047.590912	cloud-23980
combinations/gcd_1+newton_1_2.yml	true	TIMEOUT	990.458851021	973.7773011270001	2838.122496	cloud-23933	TIMEOUT	990.486125889	974.1447231829989	2819.248128	cloud-24444	ERROR (solver error, after parsing finished)	728.411449553	717.0514078219985	2810.044416	cloud-23979	TIMEOUT	991.076615154	975.4038458949944	4913.840128	cloud-23982
combinations/gcd_1+newton_1_3.yml	true	TIMEOUT	990.518566806	975.9257993819992	2822.520832	cloud-23979	TIMEOUT	990.711979351	971.9823366759956	2809.905152	cloud-24441	ERROR (solver error, after parsing finished)	731.840698673	719.7347385900066	2839.339008	cloud-23933	TIMEOUT	990.826538527	973.0884970379993	4822.441984	cloud-23933
combinations/gcd_1+newton_1_4.yml	false	TIMEOUT	990.669707751	973.1492016869997	2813.730816	cloud-23933	TIMEOUT	990.791956378	971.8764216010022	2827.313152	cloud-24444	ERROR (solver error, after parsing finished)	733.635917343	721.3935855040036	2847.649792	cloud-24259	TIMEOUT	990.75081754	978.330115231016	4578.975744	cloud-23980
combinations/gcd_1+newton_1_5.yml	false	TIMEOUT	990.402114927	975.4172495669991	2932.252672	cloud-24261	TIMEOUT	990.49553152	974.2953837169989	2897.772544	cloud-24444	ERROR (solver error, after parsing finished)	728.518394888	717.5718170339997	2873.180160	cloud-23979	TIMEOUT	990.821075121	976.9462983229896	5142.859776	cloud-23933
combinations/gcd_1+newton_1_6.yml	false	TIMEOUT	990.447872498	973.5860418539996	2824.720384	cloud-23933	TIMEOUT	990.561299782	973.402267878002	2848.927744	cloud-24444	ERROR (solver error, after parsing finished)	733.045838612	720.666612735	2870.521856	cloud-24259	TIMEOUT	990.647174519	978.3725884729938	4493.357056	cloud-23980
combinations/gcd_1+newton_1_7.yml	false	TIMEOUT	990.414872857	974.6183383629996	2826.416128	cloud-24261	TIMEOUT	990.481838823	974.274619566997	2838.536192	cloud-24441	ERROR (solver error, after parsing finished)	731.752882732	719.0925847419994	2860.183552	cloud-23933	TIMEOUT	990.538187809	980.4584036500019	3963.424768	cloud-23980
combinations/gcd_1+newton_1_8.yml	false	TIMEOUT	990.308354891	978.1463113169993	2928.099328	cloud-23941	TIMEOUT	990.500211932	973.1570287989998	2895.015936	cloud-24444	ERROR (server error, after parsing finished)	735.837149395	721.9452856709977	2853.199872	cloud-23933	TIMEOUT	990.900845302	975.6464010050113	4471.005184	cloud-23938
combinations/gcd_1+newton_2_1.yml	true	TIMEOUT	990.518128894	974.8017123019999	4802.740224	cloud-23979	TIMEOUT	990.472943165	972.529434398999	4798.726144	cloud-24441	ERROR (solver error, after parsing finished)	728.517210381	716.0068710599999	1701.421056	cloud-23933	TIMEOUT	990.506851053	976.8533214750059	2198.958080	cloud-23982
combinations/gcd_1+newton_2_2.yml	true	TIMEOUT	990.56668559	974.8912634169974	4816.420864	cloud-23933	TIMEOUT	990.605215857	974.8987972850009	3267.899392	cloud-24444	ERROR (solver error, after parsing finished)	731.401059195	718.0981110639987	1678.962688	cloud-23933	TIMEOUT	990.859755329	977.81726969601	5501.861888	cloud-23933
combinations/gcd_1+newton_2_3.yml	true	TIMEOUT	990.394659247	978.6176696859984	4828.549120	cloud-23941	TIMEOUT	990.547772921	973.6756667589943	2000.015360	cloud-24444	ERROR (solver error, after parsing finished)	729.188304947	716.8468202219956	1674.424320	cloud-24259	TIMEOUT	990.484489223	979.2275850730075	2443.988992	cloud-23980
combinations/gcd_1+newton_2_4.yml	true	TIMEOUT	990.501438552	974.3884394589986	1975.664640	cloud-23933	TIMEOUT	990.476994977	974.8853090499979	1931.890688	cloud-24441	ERROR (solver error, after parsing finished)	727.192257538	715.2322680350003	1624.481792	cloud-23933	TIMEOUT	990.500214625	979.5959020190057	2243.244032	cloud-23980
combinations/gcd_1+newton_2_5.yml	true	TIMEOUT	990.521601548	976.1886093649991	1884.991488	cloud-23979	TIMEOUT	990.581454016	974.2152053979953	1984.630784	cloud-24444	ERROR (solver error, after parsing finished)	726.515816147	715.2768025200012	1649.192960	cloud-23933	TIMEOUT	990.452157662	977.494814930018	2366.636032	cloud-23982
combinations/gcd_1+newton_2_6.yml	false	TIMEOUT	990.521383135	976.2615738099994	4786.085888	cloud-23979	TIMEOUT	990.563584771	976.9997863200006	4818.124800	cloud-24643	ERROR (server error, after parsing finished)	733.666695221	719.4873836080005	2371.629056	cloud-23933	TIMEOUT	990.569266424	976.4702305179962	2536.493056	cloud-23933
combinations/gcd_1+newton_2_7.yml	false	TIMEOUT	990.475563505	976.5177768909998	4822.409216	cloud-23979	TIMEOUT	990.553684676	973.5744177289998	4741.865472	cloud-24441	ERROR (solver error, after parsing finished)	729.297399797	716.7663066970017	1665.277952	cloud-23933	TIMEOUT	990.858664563	975.9921113169985	6037.786624	cloud-23933
combinations/gcd_1+newton_2_8.yml	false	TIMEOUT	990.527050076	974.5601779079989	1934.327808	cloud-23933	TIMEOUT	990.636590152	972.7839523970033	1955.258368	cloud-24441	ERROR (solver error, after parsing finished)	728.053296869	716.2275839389986	1636.368384	cloud-23933	TIMEOUT	990.497598903	978.7112755799899	2293.080064	cloud-23980
combinations/gcd_1+newton_3_1.yml	true	TIMEOUT	990.567481901	976.3783933250015	2765.864960	cloud-23979	TIMEOUT	990.578940137	975.954523982	2645.385216	cloud-24643	ERROR (solver error, after parsing finished)	727.375223532	715.6646606869981	2116.558848	cloud-23979	TIMEOUT	991.145869604	975.1746791279875	5930.405888	cloud-23938
combinations/gcd_1+newton_3_2.yml	true	TIMEOUT	990.566881608	977.3792207349998	2672.111616	cloud-23979	TIMEOUT	990.490962523	975.8296077350387	2715.303936	cloud-23944	ERROR (solver error, after parsing finished)	724.147675781	713.7876242350003	2101.395456	cloud-23939	TIMEOUT	991.007250052	976.6732063720119	6824.767488	cloud-23938
combinations/gcd_1+newton_3_3.yml	true	TIMEOUT	990.631351898	976.1990268610025	2603.421696	cloud-24261	TIMEOUT	990.68356366	973.5583383480007	2348.310528	cloud-24444	ERROR (solver error, after parsing finished)	731.927949461	719.9307458559997	2082.848768	cloud-24259	TIMEOUT	991.120492866	979.9168057859933	7009.251328	cloud-23980
combinations/gcd_1+newton_3_4.yml	true	TIMEOUT	990.675703316	977.6661999370044	2540.380160	cloud-23979	TIMEOUT	990.558068137	973.4388361390011	2503.282688	cloud-24643	ERROR (solver error, after parsing finished)	732.237161816	718.9805915009993	2051.608576	cloud-23933	TIMEOUT	990.641202336	980.0110261219961	3269.447680	cloud-23980
combinations/gcd_1+newton_3_5.yml	true	TIMEOUT	990.44265437	977.0800671959987	2846.248960	cloud-23944	TIMEOUT	990.547945053	976.9915930170027	2569.220096	cloud-24643	ERROR (server error, after parsing finished)	734.352901974	721.0337421079967	2063.761408	cloud-24259	TIMEOUT	990.530826672	978.7605348530051	3275.403264	cloud-23980
combinations/gcd_1+newton_3_6.yml	false	TIMEOUT	990.675178066	975.3467918889983	2509.918208	cloud-24261	TIMEOUT	990.56187754	973.5084104999987	2539.671552	cloud-24444	ERROR (solver error, after parsing finished)	734.977565014	722.6098280579972	2078.654464	cloud-24259	TIMEOUT	990.636926204	976.7517376730102	3312.889856	cloud-23979
combinations/gcd_1+newton_3_7.yml	false	TIMEOUT	990.624049565	974.9939711740008	2463.825920	cloud-24261	TIMEOUT	990.580014169	974.810833081996	2451.566592	cloud-24444	ERROR (solver error, after parsing finished)	725.11021063	715.5423978660001	2048.860160	cloud-23979	TIMEOUT	990.547868646	975.8156270559994	3130.900480	cloud-23938
combinations/gcd_1+newton_3_8.yml	false	TIMEOUT	990.607784875	974.9321122399997	2487.308288	cloud-23979	TIMEOUT	990.664470834	974.6615325839994	2520.899584	cloud-24643	ERROR (solver error, after parsing finished)	728.939722239	717.747302188	2104.889344	cloud-23979	TIMEOUT	990.665419091	975.5122547229985	3231.805440	cloud-23979
combinations/gcd_2+newton_1_1.yml	true	TIMEOUT	990.413017872	975.4054381780006	2841.251840	cloud-23979	TIMEOUT	990.441598353	976.5734458610023	2803.716096	cloud-24643	ERROR (solver error, after parsing finished)	729.68930071	718.5579611339999	2862.948352	cloud-23979	TIMEOUT	990.688954603	976.3340382929891	4989.579264	cloud-23979
combinations/gcd_2+newton_1_2.yml	true	TIMEOUT	990.470969869	974.8030500669993	2803.064832	cloud-24261	TIMEOUT	990.487701434	972.7622191400005	2842.767360	cloud-24441	ERROR (solver error, after parsing finished)	729.663703201	717.659887601003	2825.285632	cloud-23979	TIMEOUT	990.747288519	978.2582333880127	3871.854592	cloud-23980
combinations/gcd_2+newton_1_3.yml	true	TIMEOUT	990.467818539	975.1138967580009	2818.113536	cloud-24261	TIMEOUT	990.425887598	973.0701888050007	2776.477696	cloud-24444	ERROR (solver error, after parsing finished)	729.544355414	718.5634207149997	2830.757888	cloud-23979	TIMEOUT	990.686174515	977.3194843459933	4540.522496	cloud-23979
combinations/gcd_2+newton_1_4.yml	false	TIMEOUT	990.509103043	976.3319982449993	2885.251072	cloud-23979	TIMEOUT	990.611064446	974.0613452160032	2835.255296	cloud-24444	ERROR (solver error, after parsing finished)	734.970825557	722.2544838890026	2841.993216	cloud-24259	TIMEOUT	990.706281668	978.0777415619814	4290.265088	cloud-23980
combinations/gcd_2+newton_1_5.yml	false	TIMEOUT	990.42015334	974.6531783319988	2867.482624	cloud-23979	TIMEOUT	990.469776582	973.1453434290015	2844.573696	cloud-24441	ERROR (solver error, after parsing finished)	734.674198232	721.5493904860014	2807.730176	cloud-24259	TIMEOUT	990.5983961	974.4027949970041	3849.588736	cloud-23979
combinations/gcd_2+newton_1_6.yml	false	TIMEOUT	990.422534626	973.5965078400004	2837.798912	cloud-23933	TIMEOUT	990.545174001	973.6089004379974	2839.732224	cloud-24643	ERROR (solver error, after parsing finished)	727.682938589	716.6052975430002	2879.488000	cloud-23979	TIMEOUT	990.626356762	980.5129169840075	4701.081600	cloud-23982
combinations/gcd_2+newton_1_7.yml	false	TIMEOUT	990.451102	975.2786848760006	2847.764480	cloud-23979	TIMEOUT	990.480434448	972.7987710520028	2846.449664	cloud-24441	ERROR (solver error, after parsing finished)	727.281874873	715.9200594239956	2894.917632	cloud-23979	TIMEOUT	990.838285238	977.2774169359764	4784.623616	cloud-23980
combinations/gcd_2+newton_1_8.yml	false	TIMEOUT	990.464804414	973.8858179729978	2863.919104	cloud-23933	TIMEOUT	990.436293316	973.4865833270005	2892.771328	cloud-24444	ERROR (solver error, after parsing finished)	731.271765739	719.9358646870023	2831.081472	cloud-24259	TIMEOUT	990.687542821	975.3580959990213	3368.116224	cloud-23938
combinations/gcd_2+newton_2_1.yml	true	TIMEOUT	990.460555801	976.6822979850003	4771.483648	cloud-23979	TIMEOUT	990.632553853	974.7403852080024	2018.091008	cloud-24643	ERROR (solver error, after parsing finished)	725.318671864	714.8837005160003	1693.601792	cloud-23979	TIMEOUT	991.033110937	979.2197117309843	5453.623296	cloud-23980
combinations/gcd_2+newton_2_2.yml	true	TIMEOUT	990.536256026	975.822497961999	4760.883200	cloud-23979	TIMEOUT	990.561479352	973.2721453920021	4810.596352	cloud-24444	ERROR (solver error, after parsing finished)	726.33618954	715.0036999180011	1640.353792	cloud-23979	TIMEOUT	990.443861146	976.6081157129956	2579.787776	cloud-23982
combinations/gcd_2+newton_2_3.yml	true	TIMEOUT	990.498792435	973.4286952209986	1923.166208	cloud-23933	TIMEOUT	990.520770387	970.8581361139986	1871.060992	cloud-24444	ERROR (solver error, after parsing finished)	730.569700944	717.2364743759972	1617.649664	cloud-23933	TIMEOUT	990.509402875	977.097715351003	2228.260864	cloud-23980
combinations/gcd_2+newton_2_4.yml	true	TIMEOUT	990.579516219	973.3838016179998	2016.636928	cloud-24261	TIMEOUT	990.504153252	973.3716103359984	1958.637568	cloud-24643	ERROR (solver error, after parsing finished)	723.71024549	713.4820685759998	1679.097856	cloud-23979	TIMEOUT	990.748386399	976.5158265799982	6223.360000	cloud-23982
combinations/gcd_2+newton_2_5.yml	true	TIMEOUT	990.596455143	974.0607989579985	1956.327424	cloud-23933	TIMEOUT	990.669306959	973.0286495620021	1932.963840	cloud-24444	ERROR (solver error, after parsing finished)	729.750570186	717.6443532049998	1608.814592	cloud-23933	TIMEOUT	990.89988031	976.0846570649883	5611.470848	cloud-23979
combinations/gcd_2+newton_2_6.yml	false	TIMEOUT	990.587169866	974.6423039049987	4849.700864	cloud-23933	TIMEOUT	990.593938181	972.4780976559996	4776.931328	cloud-24444	ERROR (solver error, after parsing finished)	730.269482534	718.1010812629975	1679.822848	cloud-24259	TIMEOUT	990.958611279	974.9065533129906	6000.406528	cloud-23933
combinations/gcd_2+newton_2_7.yml	false	TIMEOUT	990.519870949	973.0612428959994	4788.543488	cloud-23933	TIMEOUT	990.342102243	979.7652152239971	4906.442752	cloud-23943	ERROR (server error, after parsing finished)	726.168150374	715.0471442509988	2068.328448	cloud-23979	TIMEOUT	990.90912856	976.821042334981	6114.017280	cloud-23979
combinations/gcd_2+newton_2_8.yml	false	TIMEOUT	990.538955716	973.745375000999	1882.443776	cloud-23933	TIMEOUT	990.523795378	976.2182401410028	1919.569920	cloud-24643	ERROR (solver error, after parsing finished)	726.827205796	715.0073711560035	1637.744640	cloud-23979	TIMEOUT	990.431782776	976.0243181400001	2150.699008	cloud-23980
combinations/gcd_2+newton_3_1.yml	true	TIMEOUT	990.623165161	974.3876383639981	2500.788224	cloud-23933	TIMEOUT	990.619680574	976.7241566519951	2479.898624	cloud-24643	ERROR (solver error, after parsing finished)	731.668224086	719.1410724400002	2111.619072	cloud-23979	TIMEOUT	990.599946502	976.3883283479954	3755.417600	cloud-23938
combinations/gcd_2+newton_3_2.yml	true	TIMEOUT	990.567926854	974.526026775	2489.958400	cloud-24261	TIMEOUT	990.398000574	979.6436389620067	2537.160704	cloud-23943	ERROR (solver error, after parsing finished)	730.534651372	719.4523031499994	2083.667968	cloud-24259	TIMEOUT	990.670988658	976.2801314749813	3531.952128	cloud-23933
combinations/gcd_2+newton_3_3.yml	true	TIMEOUT	990.621540217	974.3009995850007	2511.491072	cloud-24261	TIMEOUT	990.783800852	972.7359667480014	2436.431872	cloud-24444	ERROR (solver error, after parsing finished)	730.972161889	719.0839904640015	2070.306816	cloud-23933	TIMEOUT	990.697595042	977.4150694090058	3604.303872	cloud-23979
combinations/gcd_2+newton_3_4.yml	true	TIMEOUT	990.624897584	975.7748082069993	2640.957440	cloud-23979	TIMEOUT	990.752620091	972.3907052409995	2293.268480	cloud-24441	ERROR (solver error, after parsing finished)	727.112454266	715.5640181810013	2131.185664	cloud-23979	TIMEOUT	990.518097058	978.2474835120083	3163.398144	cloud-23980
combinations/gcd_2+newton_3_5.yml	true	TIMEOUT	990.525450849	976.4195624230051	2555.539456	cloud-23979	TIMEOUT	990.728167105	973.2737702869999	2393.722880	cloud-24441	ERROR (solver error, after parsing finished)	730.545276192	719.6834919050016	2124.754944	cloud-24259	TIMEOUT	990.692429159	980.7767565420072	3288.096768	cloud-23982
combinations/gcd_2+newton_3_6.yml	false	TIMEOUT	990.676435996	974.8224529969993	2580.283392	cloud-23933	TIMEOUT	990.696763967	974.9651008959991	2560.434176	cloud-24643	ERROR (solver error, after parsing finished)	730.557267431	718.4628432949994	2053.259264	cloud-23933	TIMEOUT	990.710737524	976.7500809399935	3341.107200	cloud-23933
combinations/gcd_2+newton_3_7.yml	false	TIMEOUT	990.671267757	973.215055015	2472.701952	cloud-23933	TIMEOUT	990.851104753	972.8420457039974	2470.182912	cloud-24444	ERROR (solver error, after parsing finished)	733.972850804	719.8985449009997	2066.456576	cloud-23933	TIMEOUT	990.634624138	975.9949368280068	3089.190912	cloud-23982
combinations/gcd_2+newton_3_8.yml	false	TIMEOUT	990.643319063	976.178943895	2488.041472	cloud-23979	TIMEOUT	990.707094903	976.1064146680001	2508.828672	cloud-24643	ERROR (solver error, after parsing finished)	731.717194862	720.0230484929998	2094.657536	cloud-24259	TIMEOUT	990.634035829	976.5676968870102	3793.043456	cloud-23982
combinations/gcd_3+newton_1_1.yml	true	TIMEOUT	990.555583012	977.5079434229992	2827.870208	cloud-23979	TIMEOUT	990.675877511	972.3724359169937	2832.076800	cloud-24441	ERROR (solver error, after parsing finished)	729.238469875	716.8455845809999	2800.734208	cloud-23933	TIMEOUT	990.924992885	976.8392123000231	4504.313856	cloud-23933
combinations/gcd_3+newton_1_2.yml	true	TIMEOUT	990.464039079	975.4679317099981	2844.504064	cloud-24261	TIMEOUT	990.511838363	974.0629725570034	2814.496768	cloud-24441	ERROR (solver error, after parsing finished)	729.497856825	717.9065139360027	2775.793664	cloud-23979	TIMEOUT	990.904648039	975.6913061990053	3756.376064	cloud-23938
combinations/gcd_3+newton_1_3.yml	true	TIMEOUT	990.432429789	974.5235392169998	2827.673600	cloud-24261	TIMEOUT	990.469922855	973.4380030360007	2801.180672	cloud-24441	ERROR (solver error, after parsing finished)	731.897312977	720.715679175999	2851.258368	cloud-24259	TIMEOUT	990.572266549	978.2305448770057	3619.254272	cloud-23980
combinations/gcd_3+newton_1_4.yml	false	TIMEOUT	990.458876117	974.434572438	2950.234112	cloud-24261	TIMEOUT	990.49433429	973.7386947060004	2821.787648	cloud-24444	ERROR (solver error, after parsing finished)	731.786083736	719.8845970720004	2807.156736	cloud-23933	TIMEOUT	990.527199545	977.7198523829866	3187.044352	cloud-23982
combinations/gcd_3+newton_1_5.yml	false	TIMEOUT	990.397756128	975.319426815	2891.419648	cloud-24261	TIMEOUT	990.433601882	974.9468952919997	2893.869056	cloud-24441	ERROR (solver error, after parsing finished)	728.204312588	717.4652077479986	2844.758016	cloud-23979	TIMEOUT	990.680663666	977.1317637650063	4393.492480	cloud-23979
combinations/gcd_3+newton_1_6.yml	false	TIMEOUT	990.380504799	974.2843220949981	2880.876544	cloud-24261	TIMEOUT	990.391670193	971.6851699269973	2820.468736	cloud-24441	ERROR (solver error, after parsing finished)	730.055962165	717.4882655609981	2858.512384	cloud-23979	TIMEOUT	990.782431503	975.716742515011	4583.227392	cloud-23979
combinations/gcd_3+newton_1_7.yml	false	TIMEOUT	990.56434018	974.811922293	2840.461312	cloud-23933	TIMEOUT	990.447257506	974.5615638880008	2851.016704	cloud-24441	ERROR (solver error, after parsing finished)	731.74925209	719.9131990299998	2844.336128	cloud-23933	TIMEOUT	990.724371903	976.761068324995	3999.830016	cloud-23938
combinations/gcd_3+newton_1_8.yml	false	TIMEOUT	990.261470586	980.8735073129992	2994.835456	cloud-23943	TIMEOUT	990.41834212	975.5924426520014	2834.399232	cloud-24643	ERROR (solver error, after parsing finished)	732.168598881	719.5944341459999	2827.575296	cloud-23933	TIMEOUT	990.925331494	974.8745344819908	4865.318912	cloud-23938
combinations/gcd_3+newton_2_1.yml	true	TIMEOUT	990.531118305	973.6562043529993	1978.486784	cloud-23933	TIMEOUT	990.719933671	973.2640068990004	1943.494656	cloud-24444	ERROR (solver error, after parsing finished)	731.11754675	717.3936549249993	1665.028096	cloud-23933	TIMEOUT	990.496253964	978.5303311900061	2375.553024	cloud-23980
combinations/gcd_3+newton_2_2.yml	true	TIMEOUT	990.531840868	974.8397643459975	4760.125440	cloud-23979	TIMEOUT	990.752450588	973.4302850370004	4808.404992	cloud-24444	ERROR (solver error, after parsing finished)	726.436512212	714.6841234259991	1641.447424	cloud-23979	TIMEOUT	991.206633372	975.6953963350097	6385.336320	cloud-23938
combinations/gcd_3+newton_2_3.yml	true	TIMEOUT	990.473798582	976.5650051560006	2062.508032	cloud-23979	TIMEOUT	990.567851269	972.9698341160038	1964.302336	cloud-24441	ERROR (solver error, after parsing finished)	725.757590443	713.9687765409981	1684.684800	cloud-23979	TIMEOUT	990.392275729	977.1017703099933	2563.465216	cloud-23982
combinations/gcd_3+newton_2_4.yml	true	TIMEOUT	990.768595339	973.0499524389998	3003.990016	cloud-23933	TIMEOUT	990.62900681	974.4046668709998	3115.253760	cloud-24444	ERROR (solver error, after parsing finished)	730.432202401	717.1272541909998	1592.635392	cloud-23933	TIMEOUT	990.874959869	975.8790784020093	6456.000512	cloud-23933
combinations/gcd_3+newton_2_5.yml	true	TIMEOUT	990.435492633	975.3672097999988	1996.525568	cloud-23979	TIMEOUT	990.498216751	977.184144199	2007.076864	cloud-24643	ERROR (solver error, after parsing finished)	727.441005358	716.3765780940012	1588.826112	cloud-24259	TIMEOUT	990.565588846	975.7821200119797	2507.182080	cloud-23938
combinations/gcd_3+newton_2_6.yml	false	TIMEOUT	990.586066663	974.8624517769986	4788.707328	cloud-24261	TIMEOUT	990.640842924	972.9615069779975	4794.650624	cloud-24444	ERROR (solver error, after parsing finished)	736.696785814	725.4076724250008	4898.439168	cloud-23979	TIMEOUT	990.674160301	974.9163084359898	2863.636480	cloud-23933
combinations/gcd_3+newton_2_7.yml	false	TIMEOUT	990.498964925	975.671773696	4834.836480	cloud-23979	TIMEOUT	990.597418544	972.8598174690001	4821.139456	cloud-24444	ERROR (solver error, after parsing finished)	728.413549809	715.1942322809991	1676.791808	cloud-23979	TIMEOUT	991.036037167	975.2741514079971	6245.523456	cloud-23933
combinations/gcd_3+newton_2_8.yml	false	TIMEOUT	990.556972455	975.3943015530003	3016.826880	cloud-24261	TIMEOUT	990.482513796	977.0782844959995	1992.454144	cloud-24643	ERROR (solver error, after parsing finished)	725.728210384	714.3217802910003	1634.189312	cloud-23979	TIMEOUT	990.494142246	977.405214147002	2585.620480	cloud-23979
combinations/gcd_3+newton_3_1.yml	true	TIMEOUT	990.715039715	974.1728126259986	2510.520320	cloud-23933	TIMEOUT	990.594140571	975.8944247769978	2516.901888	cloud-24643	ERROR (solver error, after parsing finished)	727.339875997	716.1480469369999	2095.276032	cloud-23979	TIMEOUT	990.617611866	975.3920386479876	3099.959296	cloud-23938
combinations/gcd_3+newton_3_2.yml	true	TIMEOUT	990.581636275	974.8721753589998	2528.681984	cloud-24261	TIMEOUT	990.6926302	973.9526103060016	2415.501312	cloud-24441	ERROR (solver error, after parsing finished)	731.456921173	719.2772745230004	2091.937792	cloud-23933	TIMEOUT	990.519485958	975.9273447330052	3054.436352	cloud-23938
combinations/gcd_3+newton_3_3.yml	true	TIMEOUT	990.613136118	974.0672084239995	2463.711232	cloud-23933	TIMEOUT	990.479387477	975.9144564290004	2473.947136	cloud-24643	ERROR (solver error, after parsing finished)	730.777142826	717.529403706998	2124.849152	cloud-23979	TIMEOUT	990.506540498	976.3648794189794	3224.129536	cloud-23979
combinations/gcd_3+newton_3_4.yml	true	TIMEOUT	990.644164376	977.0697201380026	2525.208576	cloud-23979	TIMEOUT	990.725851633	973.2079434280022	2477.670400	cloud-24441	ERROR (solver error, after parsing finished)	732.125253666	719.7624385250019	2047.037440	cloud-24259	TIMEOUT	990.721010349	976.5378256569966	3304.001536	cloud-23933
combinations/gcd_3+newton_3_5.yml	true	TIMEOUT	990.578685855	974.5643832229998	2449.088512	cloud-24261	TIMEOUT	990.56434831	975.3361993849976	2327.351296	cloud-24643	ERROR (solver error, after parsing finished)	729.381228648	717.2784113320001	2117.087232	cloud-23933	TIMEOUT	990.498638648	976.4117128080106	3238.338560	cloud-23982
combinations/gcd_3+newton_3_6.yml	false	TIMEOUT	990.631029141	974.5460473999992	2534.653952	cloud-24261	TIMEOUT	990.635042758	976.4063940970009	2522.796032	cloud-24643	ERROR (solver error, after parsing finished)	732.433968942	718.943417884002	2116.415488	cloud-23979	TIMEOUT	990.753992088	974.8378408530261	3496.357888	cloud-23938
combinations/gcd_3+newton_3_7.yml	false	TIMEOUT	990.519182183	974.0372733889997	2530.795520	cloud-24261	TIMEOUT	990.555162554	972.723339782	2479.751168	cloud-24444	ERROR (solver error, after parsing finished)	728.423225459	717.1483474670022	2096.824320	cloud-23979	TIMEOUT	990.671545306	976.4806269279798	3325.943808	cloud-23979
combinations/gcd_3+newton_3_8.yml	false	TIMEOUT	990.595418638	976.6615626989988	2486.931456	cloud-23979	TIMEOUT	990.650478265	972.0950404239993	2413.862912	cloud-24441	ERROR (solver error, after parsing finished)	727.221964154	715.9971399860005	2139.676672	cloud-23979	TIMEOUT	991.149204278	976.1019450199965	7467.966464	cloud-23938
combinations/gcd_4+newton_1_1.yml	true	TIMEOUT	990.513220265	973.9088710369997	2773.110784	cloud-23933	TIMEOUT	990.49961687	975.1427709030031	2797.670400	cloud-24643	ERROR (solver error, after parsing finished)	728.755838938	717.6610896250058	2833.702912	cloud-23979	TIMEOUT	990.941212532	975.681331795	4841.050112	cloud-23938
combinations/gcd_4+newton_1_2.yml	true	TIMEOUT	990.43988852	973.9506351849996	2799.362048	cloud-23933	TIMEOUT	990.556915428	974.9577090950042	2778.226688	cloud-24444	ERROR (solver error, after parsing finished)	726.447276557	715.8323767119946	2856.513536	cloud-23979	TIMEOUT	990.825936861	976.7048966650036	4506.783744	cloud-23982
combinations/gcd_4+newton_1_3.yml	true	TIMEOUT	990.517561059	972.2124439710001	2852.335616	cloud-24261	TIMEOUT	990.699199773	974.2439704349963	2830.827520	cloud-24441	ERROR (solver error, after parsing finished)	729.985569249	718.6704839639997	2854.707200	cloud-23979	TIMEOUT	990.579959701	976.9022757700004	3965.448192	cloud-23982
combinations/gcd_4+newton_1_4.yml	false	TIMEOUT	990.57926214	974.4532223530005	2926.370816	cloud-24261	TIMEOUT	990.538020304	973.3343004749986	2826.559488	cloud-24441	ERROR (solver error, after parsing finished)	730.614400124	718.1387107499977	2835.636224	cloud-23933	TIMEOUT	990.725067525	977.893333584012	4763.115520	cloud-23980
combinations/gcd_4+newton_1_5.yml	false	TIMEOUT	990.406382402	976.2914566079999	2861.441024	cloud-23979	TIMEOUT	990.506404741	975.1258790979991	2852.950016	cloud-24643	ERROR (solver error, after parsing finished)	732.837879882	720.3365011429996	2834.976768	cloud-24259	TIMEOUT	990.341683158	978.5042071949865	1486.442496	cloud-23980
combinations/gcd_4+newton_1_6.yml	false	TIMEOUT	990.489315731	973.8699162550001	2812.899328	cloud-23933	TIMEOUT	990.439161686	973.4600016740005	2833.612800	cloud-24444	ERROR (solver error, after parsing finished)	728.027185032	716.7062931350001	2847.588352	cloud-23933	TIMEOUT	990.73321112	977.7771366790112	5061.050368	cloud-23979
combinations/gcd_4+newton_1_7.yml	false	TIMEOUT	990.442591851	977.2159884499997	2850.521088	cloud-23979	TIMEOUT	990.427365787	974.370949365999	2843.119616	cloud-24444	ERROR (solver error, after parsing finished)	731.456247081	718.3559101919964	2904.563712	cloud-23979	TIMEOUT	990.892345357	976.4837536129926	5428.379648	cloud-23979
combinations/gcd_4+newton_1_8.yml	false	TIMEOUT	990.424339879	974.0212841840003	2879.950848	cloud-24261	TIMEOUT	990.550765936	972.880149675002	2896.060416	cloud-24444	ERROR (solver error, after parsing finished)	727.146737193	716.178910829	2899.443712	cloud-23979	TIMEOUT	990.963352403	978.2411118260061	5463.240704	cloud-23933
combinations/gcd_4+newton_2_1.yml	true	TIMEOUT	990.579217288	973.8599440059988	2019.057664	cloud-24261	TIMEOUT	990.601001191	974.979520036999	1970.405376	cloud-24444	ERROR (solver error, after parsing finished)	724.124305859	713.7472773020002	1611.767808	cloud-23933	TIMEOUT	990.842173101	977.4759958520008	5918.068736	cloud-23933
combinations/gcd_4+newton_2_2.yml	true	TIMEOUT	990.320787628	980.281562051001	4831.809536	cloud-23943	TIMEOUT	990.600464166	972.4665287800017	1886.334976	cloud-24444	ERROR (solver error, after parsing finished)	728.780450844	716.6501103200003	1650.237440	cloud-23933	TIMEOUT	990.567502143	976.1049082669779	2192.809984	cloud-23938
combinations/gcd_4+newton_2_3.yml	true	TIMEOUT	990.576729109	974.8174345989974	2464.423936	cloud-24261	TIMEOUT	990.561633107	970.5416644100042	2514.939904	cloud-24441	ERROR (solver error, after parsing finished)	727.440704397	715.4848373050045	1647.099904	cloud-23933	TIMEOUT	990.878834451	975.5460236369981	4118.188032	cloud-23938
combinations/gcd_4+newton_2_4.yml	true	TIMEOUT	990.566164094	974.796619967	4775.858176	cloud-24261	TIMEOUT	990.557609496	975.897084684002	4749.824000	cloud-24643	ERROR (solver error, after parsing finished)	737.780733308	725.9562021519996	4869.591040	cloud-23979	TIMEOUT	990.644236791	979.1190978669911	2337.923072	cloud-23980
combinations/gcd_4+newton_2_5.yml	true	TIMEOUT	990.511609049	973.631279664	4802.187264	cloud-24261	TIMEOUT	990.659057793	972.4614897729989	4814.635008	cloud-24441	ERROR (server error, after parsing finished)	729.327056855	716.5425277019995	1598.754816	cloud-23933	TIMEOUT	990.555007315	979.3950534500182	3735.302144	cloud-23980
combinations/gcd_4+newton_2_6.yml	false	TIMEOUT	990.683218598	971.5063388679991	1945.489408	cloud-23933	TIMEOUT	990.632462001	973.7983526799944	4746.489856	cloud-24444	ERROR (solver error, after parsing finished)	726.965922484	715.6746307900003	1588.559872	cloud-23933	TIMEOUT	990.46190773	976.2490115700057	2736.680960	cloud-23982
combinations/gcd_4+newton_2_7.yml	false	TIMEOUT	990.423294907	974.6858006130005	2003.898368	cloud-24261	TIMEOUT	990.620724693	973.354420953001	1946.247168	cloud-24444	ERROR (solver error, after parsing finished)	725.941884705	714.2999318120055	1636.179968	cloud-23979	TIMEOUT	990.728884435	976.0535361499933	5390.528512	cloud-23979
combinations/gcd_4+newton_2_8.yml	false	TIMEOUT	990.543063789	975.1524941759999	1977.806848	cloud-24261	TIMEOUT	990.559919146	974.285998293999	1971.912704	cloud-24444	ERROR (solver error, after parsing finished)	725.396924603	714.1091082580024	1643.700224	cloud-23979	TIMEOUT	990.572336265	977.1780845680041	2413.998080	cloud-23938
combinations/gcd_4+newton_3_1.yml	true	TIMEOUT	990.616969265	974.0299005259985	2337.619968	cloud-23933	TIMEOUT	990.672997619	973.1555991830028	2364.739584	cloud-24444	ERROR (solver error, after parsing finished)	729.771209753	718.3803541840007	2086.084608	cloud-23979	TIMEOUT	990.499376357	979.789385651995	3415.691264	cloud-23980
combinations/gcd_4+newton_3_2.yml	true	TIMEOUT	990.686181417	973.9666785900008	2449.367040	cloud-23933	TIMEOUT	990.777916195	972.2453392079988	2395.607040	cloud-24444	ERROR (solver error, after parsing finished)	728.060606111	717.1242083070001	2149.281792	cloud-23979	TIMEOUT	990.629165287	976.3568723589997	3183.857664	cloud-23982
combinations/gcd_4+newton_3_3.yml	true	TIMEOUT	990.74636703	973.1539833180032	2455.752704	cloud-23933	TIMEOUT	990.638510125	972.6803271580011	2471.063552	cloud-24444	ERROR (solver error, after parsing finished)	732.154744175	720.1746618440011	2097.737728	cloud-24259	TIMEOUT	990.655671976	976.8496803599992	3205.693440	cloud-23979
combinations/gcd_4+newton_3_4.yml	true	TIMEOUT	990.483665859	978.124628769001	2512.404480	cloud-23979	TIMEOUT	990.639775382	973.591711052999	2343.788544	cloud-24441	ERROR (solver error, after parsing finished)	729.1147928	717.9765556069997	2042.331136	cloud-23979	TIMEOUT	990.522185399	976.9009512750199	3040.763904	cloud-23979
combinations/gcd_4+newton_3_5.yml	true	TIMEOUT	990.522436536	977.5687909750013	2467.368960	cloud-23979	TIMEOUT	990.68956877	975.5337186670004	2492.542976	cloud-24643	ERROR (solver error, after parsing finished)	729.833113543	717.6655211640027	2102.620160	cloud-23979	TIMEOUT	990.759763687	977.663159024989	3567.071232	cloud-23933
combinations/gcd_4+newton_3_6.yml	false	TIMEOUT	990.721533717	975.3674815899994	2535.002112	cloud-23979	TIMEOUT	990.779845906	973.7055980210007	2453.073920	cloud-24441	ERROR (solver error, after parsing finished)	726.501172199	715.597330312994	2061.176832	cloud-23979	TIMEOUT	990.699844589	978.1540195249836	3170.926592	cloud-23979
combinations/gcd_4+newton_3_7.yml	false	TIMEOUT	990.47278335	976.6498679209981	2426.712064	cloud-23979	TIMEOUT	990.618930375	972.3331703330041	2435.624960	cloud-24441	ERROR (solver error, after parsing finished)	726.00370342	715.0045934480004	2086.916096	cloud-23979	TIMEOUT	990.535738409	976.6371370590059	2985.025536	cloud-23933
combinations/gcd_4+newton_3_8.yml	false	TIMEOUT	990.651222832	974.0529481630001	2466.357248	cloud-23933	TIMEOUT	990.667668007	972.2839362679988	2418.315264	cloud-24441	ERROR (solver error, after parsing finished)	734.278989547	721.9453104749991	2088.337408	cloud-24259	TIMEOUT	990.545696201	976.2937876000069	3347.365888	cloud-23933
combinations/pals_lcr.3.1.ufo.BOUNDED-6.pals+Problem12_label01.yml	false	TIMEOUT	990.88997468	911.8085841080028	8373.334016	cloud-23943	TIMEOUT	992.493908625	792.8540692589595	7716.474880	cloud-23943	TIMEOUT	990.966280899	791.4616458969977	7816.245248	cloud-24261	TIMEOUT	991.078838175	905.8989719919919	7701.426176	cloud-23982
combinations/pals_lcr.3.1.ufo.BOUNDED-6.pals+Problem12_label02.yml	false	TIMEOUT	991.177273025	910.961396095001	7708.508160	cloud-24276	TIMEOUT	990.770015497	935.4084103679634	7716.159488	cloud-23941	TIMEOUT (ERROR (solver error, after parsing finished))	918.721981683	852.955103663	7673.888768	cloud-23942	TIMEOUT	991.410668834	904.2390775209933	7489.957888	cloud-23938
combinations/pals_lcr.3.1.ufo.BOUNDED-6.pals+Problem12_label04.yml	false	TIMEOUT	991.289908005	894.7159963550075	10001.543168	cloud-24261	TIMEOUT	991.204835906	778.274913952002	7644.463104	cloud-24441	TIMEOUT	992.475444331	790.342723338	7693.991936	cloud-23943	TIMEOUT	991.153251751	904.7629421360034	7803.662336	cloud-23982
combinations/pals_lcr.3.1.ufo.BOUNDED-6.pals+Problem12_label05.yml	false	TIMEOUT	991.250682996	915.1602686189999	9608.032256	cloud-24276	TIMEOUT	990.837490437	921.937305822008	7786.979328	cloud-24643	TIMEOUT	991.327378954	904.6585003469954	7761.260544	cloud-23933	TIMEOUT	990.874890084	931.2937610380177	7874.101248	cloud-23939
combinations/pals_lcr.3.1.ufo.BOUNDED-6.pals+Problem12_label09.yml	false	TIMEOUT	990.970773902	883.5852967989995	8269.307904	cloud-23979	TIMEOUT	992.099436667	770.7135172090057	7413.239808	cloud-24441	TIMEOUT	991.886466961	761.2702942889955	7318.618112	cloud-23939	TIMEOUT	991.679571125	903.9444715770078	7869.337600	cloud-23938
combinations/pals_lcr.3.1.ufo.UNBOUNDED.pals+Problem12_label01.yml	false	TIMEOUT	991.403142762	893.232007552011	10052.382720	cloud-24261	TIMEOUT	990.864832427	807.8044403290005	8325.124096	cloud-24643	TIMEOUT	991.467651427	780.9514373519924	7704.965120	cloud-23941	TIMEOUT	991.396753218	922.5015754179913	10067.902464	cloud-23979
combinations/pals_lcr.3.1.ufo.UNBOUNDED.pals+Problem12_label02.yml	false	TIMEOUT	991.041568312	904.7799709790015	7804.440576	cloud-23979	TIMEOUT	991.034728516	922.7164737709682	10691.354624	cloud-23943	ERROR (solver error, after parsing finished)	888.998824355	819.6900340749999	7697.608704	cloud-23943	TIMEOUT	990.817819456	929.8154638389824	7873.818624	cloud-23940
combinations/pals_lcr.3.1.ufo.UNBOUNDED.pals+Problem12_label04.yml	false	TIMEOUT	991.102212418	890.5686681400002	9532.702720	cloud-23979	TIMEOUT	990.675151966	765.946881707001	7686.316032	cloud-23942	TIMEOUT	992.557961826	763.0128792440009	7766.753280	cloud-24261	TIMEOUT	990.892791925	927.3142792849976	7836.459008	cloud-23939
combinations/pals_lcr.3.1.ufo.UNBOUNDED.pals+Problem12_label05.yml	false	TIMEOUT	991.595119894	870.278356529001	8230.227968	cloud-24276	TIMEOUT	990.867698687	918.1379950780001	7700.365312	cloud-23943	TIMEOUT (ERROR (solver error, after parsing finished))	931.878350049	855.6973114380016	10212.954112	cloud-24261	TIMEOUT	990.848513384	936.0981186139979	7875.633152	cloud-23944
combinations/pals_lcr.3.1.ufo.UNBOUNDED.pals+Problem12_label09.yml	false	TIMEOUT	991.130065131	889.8333387750008	9116.733440	cloud-23979	TIMEOUT	992.337563214	778.6748473889893	9774.964736	cloud-24441	TIMEOUT	992.700248928	774.736170410004	9237.106688	cloud-23941	TIMEOUT	991.250619391	917.5032168960024	7801.401344	cloud-23979
combinations/pals_lcr.3.ufo.BOUNDED-6.pals+Problem12_label00.yml	false	TIMEOUT	991.148359691	812.9857932510004	7732.527104	cloud-24276	TIMEOUT	992.413430639	778.6432617229984	7838.822400	cloud-23942	TIMEOUT	992.630859503	778.699972057002	7706.734592	cloud-23941	TIMEOUT	991.200266447	917.7119954889931	8083.816448	cloud-23979
combinations/pals_lcr.3.ufo.BOUNDED-6.pals+Problem12_label01.yml	true	TIMEOUT	991.294203377	888.4996741600007	9243.226112	cloud-23979	TIMEOUT	992.449574568	781.8451776150032	7705.341952	cloud-24444	TIMEOUT	990.571853925	755.1031049280027	7685.177344	cloud-24261	TIMEOUT	991.490471553	901.3908218359866	7012.212736	cloud-23982
combinations/pals_lcr.3.ufo.BOUNDED-6.pals+Problem12_label02.yml	true	TIMEOUT	990.740149015	937.1414595669921	7667.564544	cloud-23943	TIMEOUT	991.012924001	904.3362284920004	7043.461120	cloud-24444	ERROR (solver error, after parsing finished)	882.423986839	823.8991300070011	9613.901824	cloud-23939	TIMEOUT	990.917577399	926.4335959060118	7878.877184	cloud-23941
combinations/pals_lcr.3.ufo.BOUNDED-6.pals+Problem12_label03.yml	false	TIMEOUT	992.383336356	778.9892024460005	9064.202240	cloud-24276	TIMEOUT	991.488441606	778.3463322500029	9741.426688	cloud-23941	TIMEOUT	992.065529804	757.4850543590001	7703.719936	cloud-23979	TIMEOUT	991.237952168	920.2192671709927	7860.727808	cloud-23979
combinations/pals_lcr.3.ufo.BOUNDED-6.pals+Problem12_label04.yml	true	TIMEOUT	991.141039997	875.4063587329983	8360.493056	cloud-24276	TIMEOUT	992.400136737	804.080167612	7366.922240	cloud-23944	TIMEOUT	990.825689974	803.1364782560049	7666.778112	cloud-24261	TIMEOUT	991.275292576	915.9114227500104	7892.316160	cloud-23979
combinations/pals_lcr.3.ufo.BOUNDED-6.pals+Problem12_label05.yml	true	TIMEOUT	990.983460978	915.3378002070003	7463.895040	cloud-24276	TIMEOUT	991.340072222	907.9986363510034	7669.592064	cloud-24441	TIMEOUT (ERROR (solver error, after parsing finished))	904.098735298	840.7200755360027	7698.313216	cloud-23979	TIMEOUT	990.82279033	930.3628344809986	7845.634048	cloud-23940
combinations/pals_lcr.3.ufo.BOUNDED-6.pals+Problem12_label06.yml	false	TIMEOUT	991.010577685	881.5526519119994	8264.613888	cloud-23979	TIMEOUT	990.675927278	764.7123024620232	7679.365120	cloud-23939	TIMEOUT	991.43074011	778.8826102120001	8233.029632	cloud-23933	TIMEOUT	990.929122901	925.6387567069905	7895.769088	cloud-23941
combinations/pals_lcr.3.ufo.BOUNDED-6.pals+Problem12_label07.yml	false	TIMEOUT	990.989742596	907.1982427879993	8307.630080	cloud-23939	TIMEOUT	991.506204083	809.7059593010054	7689.228288	cloud-24444	TIMEOUT	991.329499672	788.0062438329987	7671.767040	cloud-24261	TIMEOUT	991.296199958	897.0715762990003	7801.053184	cloud-23982
combinations/pals_lcr.3.ufo.BOUNDED-6.pals+Problem12_label08.yml	false	TIMEOUT	990.912536236	913.6757967929989	7703.117824	cloud-23979	TIMEOUT	991.121409349	911.2507430480036	7663.804416	cloud-24441	TIMEOUT (ERROR (solver error, after parsing finished))	933.277251249	858.7286841000023	7685.574656	cloud-24261	TIMEOUT	990.858160465	930.7714032449876	7840.473088	cloud-23939
combinations/pals_lcr.3.ufo.BOUNDED-6.pals+Problem12_label09.yml	true	TIMEOUT	990.79786261	919.1967386649922	8008.396800	cloud-23943	TIMEOUT	990.904819028	769.749511860995	7705.260032	cloud-24643	TIMEOUT	991.183633846	779.1593488969957	7678.828544	cloud-23943	TIMEOUT	991.313135387	911.2456075579976	7868.125184	cloud-23980
combinations/pals_lcr.3.ufo.UNBOUNDED.pals+Problem12_label00.yml	false	TIMEOUT	991.292771953	789.7529163580002	9723.396096	cloud-24276	TIMEOUT	990.975870722	811.6464250169956	8176.685056	cloud-24643	TIMEOUT	991.404042475	785.7404506499988	7689.773056	cloud-24261	TIMEOUT	990.868203617	929.318428441009	7824.293888	cloud-23941
combinations/pals_lcr.3.ufo.UNBOUNDED.pals+Problem12_label01.yml	true	TIMEOUT	991.195986335	891.8140947170032	8295.456768	cloud-24261	TIMEOUT	992.732747347	825.1016280170006	7695.392768	cloud-24643	TIMEOUT	990.945550085	812.0670300090005	7663.144960	cloud-23933	TIMEOUT	991.329455008	915.8396022519737	9481.465856	cloud-23979
combinations/pals_lcr.3.ufo.UNBOUNDED.pals+Problem12_label02.yml	true	TIMEOUT	991.198756075	909.0891356559987	8943.202304	cloud-23979	TIMEOUT	991.0966918	904.815224171005	7696.822272	cloud-23940	TIMEOUT (ERROR (solver error, after parsing finished))	937.127940136	846.9258087300004	8970.891264	cloud-24261	TIMEOUT	990.851478397	929.5014263539924	7874.199552	cloud-23941
combinations/pals_lcr.3.ufo.UNBOUNDED.pals+Problem12_label03.yml	false	TIMEOUT	991.251629167	798.2890781940005	7634.874368	cloud-24276	TIMEOUT	991.411811167	780.2837918010046	7405.056000	cloud-24444	TIMEOUT	991.389422131	786.0417855270061	7657.365504	cloud-24261	TIMEOUT	991.804827221	900.4796213360096	9157.873664	cloud-23982
combinations/pals_lcr.3.ufo.UNBOUNDED.pals+Problem12_label04.yml	true	TIMEOUT	991.149682294	895.4197028600029	8314.175488	cloud-24261	TIMEOUT	992.066804864	769.2158240900026	7696.207872	cloud-23942	TIMEOUT	991.195534497	768.6923258940005	10800.300032	cloud-23979	TIMEOUT	991.16018471	915.7220412569877	7796.162560	cloud-23979
combinations/pals_lcr.3.ufo.UNBOUNDED.pals+Problem12_label05.yml	true	TIMEOUT	991.439918774	874.4062943280005	8331.497472	cloud-23933	TIMEOUT	991.190173509	905.0349137479934	7661.400064	cloud-24441	TIMEOUT (ERROR (solver error, after parsing finished))	935.895485594	856.3152117900026	8033.320960	cloud-24261	TIMEOUT	991.404305249	917.6022527820023	9699.663872	cloud-23979
combinations/pals_lcr.3.ufo.UNBOUNDED.pals+Problem12_label06.yml	false	TIMEOUT	991.066072085	873.0000241760008	8292.802560	cloud-23979	TIMEOUT	991.643383579	782.5984305579987	7699.435520	cloud-24643	TIMEOUT	991.665392076	740.8274112700001	7680.200704	cloud-23944	TIMEOUT	990.752726574	937.4595585760253	7876.898816	cloud-23944
combinations/pals_lcr.3.ufo.UNBOUNDED.pals+Problem12_label07.yml	false	TIMEOUT	991.101379204	887.3310831790004	8279.863296	cloud-24261	TIMEOUT	990.948921051	776.4670886579988	7699.738624	cloud-24444	TIMEOUT	991.238695112	805.3477830379998	10059.046912	cloud-23940	TIMEOUT	991.156739422	900.2107183200133	7810.908160	cloud-23933
combinations/pals_lcr.3.ufo.UNBOUNDED.pals+Problem12_label08.yml	false	TIMEOUT	990.916629586	930.2470640389947	7831.027712	cloud-23941	TIMEOUT	991.024080006	919.467064106997	7508.611072	cloud-24441	ERROR (solver error, after parsing finished)	895.353550456	821.4558318650088	7703.519232	cloud-23942	TIMEOUT	990.888182997	927.7250850130222	7563.079680	cloud-23939
combinations/pals_lcr.3.ufo.UNBOUNDED.pals+Problem12_label09.yml	true	TIMEOUT	991.175661148	882.7623631589995	8294.547456	cloud-23933	TIMEOUT	991.020079741	771.699282297006	8273.006592	cloud-24643	TIMEOUT	990.813143107	774.6332006480006	7702.786048	cloud-23933	TIMEOUT	991.349875142	915.8767483909905	7873.695744	cloud-23979
combinations/pals_lcr.3_overflow.ufo.UNBOUNDED.pals+Problem12_label01.yml	false	TIMEOUT	991.136479571	884.9086452809988	8304.099328	cloud-24276	TIMEOUT	991.685388706	759.096290276002	9536.487424	cloud-24444	TIMEOUT	991.378476321	782.5297508849981	7687.974912	cloud-23979	TIMEOUT	991.200037156	915.8503767359944	7842.549760	cloud-23980
combinations/pals_lcr.3_overflow.ufo.UNBOUNDED.pals+Problem12_label02.yml	false	TIMEOUT	990.934098611	910.3010643529997	8451.518464	cloud-23979	TIMEOUT	990.79341799	930.2976428619586	7492.214784	cloud-23940	TIMEOUT (ERROR (solver error, after parsing finished))	951.068645665	872.2020033730005	7861.448704	cloud-23979	TIMEOUT	990.880215469	930.6709742629901	7883.227136	cloud-23942
combinations/pals_lcr.3_overflow.ufo.UNBOUNDED.pals+Problem12_label04.yml	false	TIMEOUT	991.22898904	877.874489066	8299.200512	cloud-24276	TIMEOUT	990.968101361	772.4654348460026	7731.298304	cloud-24441	TIMEOUT	991.520313693	743.2081707559992	7620.382720	cloud-24261	TIMEOUT	991.102422659	903.6181245759944	7870.824448	cloud-23982
combinations/pals_lcr.3_overflow.ufo.UNBOUNDED.pals+Problem12_label05.yml	false	TIMEOUT	991.075286765	902.2054017799965	7656.296448	cloud-23939	TIMEOUT	991.219046031	909.5913278250082	7875.969024	cloud-24444	TIMEOUT (ERROR (solver error, after parsing finished))	917.806195968	839.2648875570012	9550.290944	cloud-23979	TIMEOUT	991.399332222	909.3893362090166	7834.210304	cloud-23980
combinations/pals_lcr.3_overflow.ufo.UNBOUNDED.pals+Problem12_label09.yml	false	TIMEOUT	991.418263632	880.6615867230012	8349.827072	cloud-23933	TIMEOUT	991.131491504	787.7510100249929	7692.722176	cloud-23941	TIMEOUT	991.138745157	769.5332153700001	7383.015424	cloud-23943	TIMEOUT	991.227640055	913.6961522969941	7780.913152	cloud-23933
combinations/pals_lcr.4.1.ufo.BOUNDED-8.pals+Problem12_label01.yml	false	TIMEOUT	990.920269224	906.5785859500029	8344.760320	cloud-23940	TIMEOUT	991.305002621	780.0836025460012	7673.344000	cloud-24444	TIMEOUT	991.350398234	827.5935278039979	7649.206272	cloud-23933	TIMEOUT	991.508969148	918.1995325990138	10044.375040	cloud-23980
combinations/pals_lcr.4.1.ufo.BOUNDED-8.pals+Problem12_label02.yml	false	TIMEOUT	991.104167619	919.7869869160058	7713.787904	cloud-24261	TIMEOUT	991.029018242	925.1307602970046	7752.089600	cloud-23942	TIMEOUT (ERROR (solver error, after parsing finished))	967.920465043	893.405174217005	7404.945408	cloud-23933	TIMEOUT	990.837659488	933.9634432969906	7860.199424	cloud-23942
combinations/pals_lcr.4.1.ufo.BOUNDED-8.pals+Problem12_label04.yml	false	TIMEOUT	991.21984635	821.9628154780003	8573.370368	cloud-23933	TIMEOUT	991.329317185	768.165165354003	7387.365376	cloud-24441	TIMEOUT	990.840673303	795.7829070049993	7438.880768	cloud-23940	TIMEOUT	990.757720174	938.1024505309761	8170.295296	cloud-23940
combinations/pals_lcr.4.1.ufo.BOUNDED-8.pals+Problem12_label05.yml	false	TIMEOUT	990.898022488	920.2684383080004	7709.585408	cloud-23979	TIMEOUT	990.963811412	925.1175096109946	7668.236288	cloud-24643	ERROR (solver error, after parsing finished)	881.569448515	825.9316557189886	7685.840896	cloud-23941	TIMEOUT	991.660185295	907.9319655389991	7812.210688	cloud-23933
combinations/pals_lcr.4.1.ufo.BOUNDED-8.pals+Problem12_label09.yml	false	TIMEOUT	991.548359088	878.4715812590002	11097.825280	cloud-24276	TIMEOUT	991.569336073	767.878457372004	7694.495744	cloud-23944	TIMEOUT	990.872270445	783.4464671090001	7685.627904	cloud-23942	TIMEOUT	991.352138248	905.62678818102	7834.603520	cloud-23982
combinations/pals_lcr.4.1.ufo.UNBOUNDED.pals+Problem12_label01.yml	false	TIMEOUT	990.960927026	903.0002063319989	8328.577024	cloud-23942	TIMEOUT	991.289533767	797.845415082993	8533.172224	cloud-24643	TIMEOUT	992.000565428	773.3504756120019	7682.101248	cloud-23979	TIMEOUT	990.862945432	929.0937113130058	7853.264896	cloud-23941
combinations/pals_lcr.4.1.ufo.UNBOUNDED.pals+Problem12_label02.yml	false	TIMEOUT	991.15508639	895.6782957049982	7368.085504	cloud-23979	TIMEOUT	991.448599558	907.4664684559975	9095.405568	cloud-24441	TIMEOUT	991.389064005	867.4569114059996	8018.657280	cloud-24259	TIMEOUT	990.869336169	931.9993235699949	7833.522176	cloud-23941
combinations/pals_lcr.4.1.ufo.UNBOUNDED.pals+Problem12_label04.yml	false	TIMEOUT	990.849877443	913.6788653580006	8367.276032	cloud-23943	TIMEOUT	991.268563635	746.2055299519998	7322.959872	cloud-23943	TIMEOUT	990.799932721	771.6729865539965	7686.291456	cloud-23944	TIMEOUT	991.135418832	912.7009678019967	7844.036608	cloud-23982
combinations/pals_lcr.4.1.ufo.UNBOUNDED.pals+Problem12_label05.yml	false	TIMEOUT	991.209532435	907.6894228019992	7461.523456	cloud-23933	TIMEOUT	990.834006373	917.7189785019727	7046.524928	cloud-23940	TIMEOUT (ERROR (solver error, after parsing finished))	972.027112456	875.262013724001	10388.971520	cloud-24261	TIMEOUT	990.837495322	927.6733185050252	7870.201856	cloud-23940
combinations/pals_lcr.4.1.ufo.UNBOUNDED.pals+Problem12_label09.yml	false	TIMEOUT	991.199151878	878.8489436679993	8329.355264	cloud-23933	TIMEOUT	992.637294125	776.8163758239971	7389.380608	cloud-24444	TIMEOUT	990.838186287	761.3064042849946	9100.869632	cloud-23939	TIMEOUT	990.830027255	927.5964538260014	7080.574976	cloud-23942
combinations/pals_lcr.4.ufo.BOUNDED-8.pals+Problem12_label00.yml	false	TIMEOUT	990.919918968	805.339974874998	7668.297728	cloud-23933	TIMEOUT	992.418884989	825.5871604290005	7234.052096	cloud-24441	TIMEOUT	992.034539122	790.7389151780008	7717.126144	cloud-23979	TIMEOUT	991.371852708	922.0627255419968	10485.952512	cloud-23979
combinations/pals_lcr.4.ufo.BOUNDED-8.pals+Problem12_label01.yml	true	TIMEOUT	991.240120232	878.7757705050026	8303.992832	cloud-24276	TIMEOUT	990.803681637	796.9999991090153	7726.223360	cloud-23939	TIMEOUT	991.554893999	785.3019688069999	10439.061504	cloud-23933	TIMEOUT	990.814815222	932.7909892809985	7880.765440	cloud-23943
combinations/pals_lcr.4.ufo.BOUNDED-8.pals+Problem12_label02.yml	true	TIMEOUT	990.84687428	928.7425484609994	7699.996672	cloud-23944	TIMEOUT	990.800203269	930.3420075370086	7707.107328	cloud-23940	ERROR (solver error, after parsing finished)	882.044793085	826.1295994480024	8103.542784	cloud-23944	TIMEOUT	991.093524511	926.9330831420084	7866.802176	cloud-23941
combinations/pals_lcr.4.ufo.BOUNDED-8.pals+Problem12_label03.yml	false	TIMEOUT	992.698234548	790.2939539840008	7664.017408	cloud-24276	TIMEOUT	991.977919111	765.7752045630041	7665.602560	cloud-24441	TIMEOUT	991.367057518	792.120105504	7400.767488	cloud-23979	TIMEOUT	990.808620761	931.8744801490102	7592.140800	cloud-23940
combinations/pals_lcr.4.ufo.BOUNDED-8.pals+Problem12_label04.yml	true	TIMEOUT	990.924958155	906.0645189450006	8346.116096	cloud-23939	TIMEOUT	992.442680983	808.898942091997	9786.744832	cloud-24444	TIMEOUT	991.272146855	837.4555030269985	7493.181440	cloud-23933	TIMEOUT	990.817309156	933.1837087959866	7850.389504	cloud-23940
combinations/pals_lcr.4.ufo.BOUNDED-8.pals+Problem12_label05.yml	true	TIMEOUT	991.260287035	892.2453540380084	8315.973632	cloud-24261	TIMEOUT	991.441250286	906.1285300769996	7660.699648	cloud-24444	TIMEOUT (ERROR (solver error, after parsing finished))	955.34994593	880.8664403069997	10374.029312	cloud-23933	TIMEOUT	991.731695223	909.5973889680172	10900.336640	cloud-23982
combinations/pals_lcr.4.ufo.BOUNDED-8.pals+Problem12_label06.yml	false	TIMEOUT	991.449423802	861.0898731670004	8272.945152	cloud-24276	TIMEOUT	992.351792946	739.177148829971	9892.438016	cloud-23944	TIMEOUT	991.225955266	741.1920206130017	7950.880768	cloud-23939	TIMEOUT	991.014415964	933.7408511619724	7884.619776	cloud-23943
combinations/pals_lcr.4.ufo.BOUNDED-8.pals+Problem12_label07.yml	false	TIMEOUT	991.112516172	894.0198515920056	8376.950784	cloud-23944	TIMEOUT	991.015200987	778.7656017990012	7697.887232	cloud-23939	TIMEOUT	992.260332467	771.2429269779968	9346.273280	cloud-23940	TIMEOUT	990.846483865	932.1453665049921	7507.238912	cloud-23940
combinations/pals_lcr.4.ufo.BOUNDED-8.pals+Problem12_label08.yml	false	TIMEOUT	990.872275458	918.4545918340009	7705.292800	cloud-23944	TIMEOUT	991.094272498	931.552499737998	10468.413440	cloud-23943	TIMEOUT (ERROR (solver error, after parsing finished))	923.725151002	847.8560267100038	7701.929984	cloud-23979	TIMEOUT	991.098513808	917.8087312849821	7825.698816	cloud-23933
combinations/pals_lcr.4.ufo.BOUNDED-8.pals+Problem12_label09.yml	true	TIMEOUT	990.955742871	908.6938666870119	9905.405952	cloud-23941	TIMEOUT	990.889043979	782.1779133530001	7788.351488	cloud-24643	TIMEOUT	992.253788253	786.5718100480001	7696.216064	cloud-23979	TIMEOUT	990.857079528	925.1299287169822	7885.967360	cloud-23942
combinations/pals_lcr.4.ufo.UNBOUNDED.pals+Problem12_label00.yml	false	TIMEOUT	991.132298069	795.6447872729914	9150.529536	cloud-24261	TIMEOUT	992.652324088	802.6559464659949	7721.431040	cloud-24441	TIMEOUT	990.67436059	832.7472304129997	7487.545344	cloud-23979	TIMEOUT	991.248714117	907.2479643730039	10284.388352	cloud-23979
combinations/pals_lcr.4.ufo.UNBOUNDED.pals+Problem12_label01.yml	true	TIMEOUT	991.023896554	882.4655660370008	8357.359616	cloud-23979	TIMEOUT	990.574191819	770.2826085630004	7671.050240	cloud-23940	TIMEOUT	991.252403489	784.6545560119994	8868.442112	cloud-24261	TIMEOUT	991.778057606	891.5805438570096	7880.888320	cloud-23938
combinations/pals_lcr.4.ufo.UNBOUNDED.pals+Problem12_label02.yml	true	TIMEOUT	990.865351722	896.7003249670088	8231.845888	cloud-23939	TIMEOUT	991.064928071	894.953835348002	7718.961152	cloud-24643	TIMEOUT	991.517310566	882.9706661329983	7684.583424	cloud-24261	TIMEOUT	990.976608892	926.7542007290176	7891.300352	cloud-23939
combinations/pals_lcr.4.ufo.UNBOUNDED.pals+Problem12_label03.yml	false	TIMEOUT	991.137865004	810.7938380279993	9654.648832	cloud-24276	TIMEOUT	992.510328076	770.1364393690019	9797.369856	cloud-23942	TIMEOUT	991.730353231	817.5125367579999	7711.907840	cloud-23979	TIMEOUT	991.232139475	915.9573426959978	7809.785856	cloud-23980
combinations/pals_lcr.4.ufo.UNBOUNDED.pals+Problem12_label04.yml	true	TIMEOUT	991.214642447	888.1666979050005	11200.045056	cloud-23979	TIMEOUT	992.164147086	758.7508966530004	7671.992320	cloud-23942	TIMEOUT	992.060009705	795.8660810850051	7460.569088	cloud-23933	TIMEOUT	990.871915975	934.8018951720151	7869.009920	cloud-23944
combinations/pals_lcr.4.ufo.UNBOUNDED.pals+Problem12_label05.yml	true	TIMEOUT	990.936376977	912.7883907569994	7894.814720	cloud-23979	TIMEOUT	990.949248515	911.978813690017	7849.656320	cloud-23941	TIMEOUT (ERROR (solver error, after parsing finished))	940.57743539	851.3243577079993	7721.922560	cloud-24261	TIMEOUT	991.261226589	909.2787916670204	7845.396480	cloud-23933
combinations/pals_lcr.4.ufo.UNBOUNDED.pals+Problem12_label06.yml	false	TIMEOUT	991.161214101	879.5316481379996	8335.618048	cloud-23979	TIMEOUT	991.020290161	766.753675437998	7712.047104	cloud-23941	TIMEOUT	990.732734726	768.9763078320029	7680.794624	cloud-23939	TIMEOUT	990.716212645	935.2864276889886	7491.477504	cloud-23944
combinations/pals_lcr.4.ufo.UNBOUNDED.pals+Problem12_label07.yml	false	TIMEOUT	990.960973349	899.6822912249918	8362.590208	cloud-23944	TIMEOUT	990.827069371	799.8252005910035	7712.604160	cloud-24441	TIMEOUT	990.654245482	807.9799020239952	8444.657664	cloud-24261	TIMEOUT	990.736596164	939.0525808889943	7876.141056	cloud-23944
combinations/pals_lcr.4.ufo.UNBOUNDED.pals+Problem12_label08.yml	false	TIMEOUT	991.361079294	907.3077006359963	8287.019008	cloud-23941	TIMEOUT	991.403664865	914.5912919450057	10319.167488	cloud-24444	TIMEOUT	991.322268166	901.3229742629992	7680.016384	cloud-23933	TIMEOUT	990.84003841	930.4009976230154	7885.430784	cloud-23940
combinations/pals_lcr.4.ufo.UNBOUNDED.pals+Problem12_label09.yml	true	TIMEOUT	991.130561914	888.0590375659995	9129.820160	cloud-23979	TIMEOUT	991.193703617	756.5478152930009	7724.806144	cloud-23942	TIMEOUT	990.86755167	770.2285587129954	7688.826880	cloud-23940	TIMEOUT	990.852999258	929.2767514860025	7856.566272	cloud-23939
combinations/pals_lcr.4_overflow.ufo.UNBOUNDED.pals+Problem12_label01.yml	false	TIMEOUT	991.224771258	887.4427844689999	11115.925504	cloud-23933	TIMEOUT	991.330489661	791.4040848500008	7717.126144	cloud-24441	TIMEOUT	990.541450062	784.3470042789995	7690.760192	cloud-23942	TIMEOUT	991.050505915	925.1914275730087	8151.650304	cloud-23933
combinations/pals_lcr.4_overflow.ufo.UNBOUNDED.pals+Problem12_label02.yml	false	TIMEOUT	991.159257132	889.9545568619942	7732.264960	cloud-24261	TIMEOUT	990.9773911	900.561785438	7743.971328	cloud-24441	ERROR (solver error, after parsing finished)	894.600282531	823.7330893269973	7881.318400	cloud-23939	TIMEOUT	991.423100872	923.4547113169974	7869.431808	cloud-23933
combinations/pals_lcr.4_overflow.ufo.UNBOUNDED.pals+Problem12_label04.yml	false	TIMEOUT	990.841401409	915.5292414659925	8325.595136	cloud-23943	TIMEOUT	990.927989529	775.9140253009973	7700.770816	cloud-23943	TIMEOUT	992.061077159	730.7887113629986	7672.733696	cloud-23944	TIMEOUT	990.805385875	930.8089138760115	7851.073536	cloud-23943
combinations/pals_lcr.4_overflow.ufo.UNBOUNDED.pals+Problem12_label05.yml	false	TIMEOUT	991.124854786	883.0115648089995	8312.725504	cloud-23944	TIMEOUT	990.960580301	929.0168340360397	10284.765184	cloud-23940	TIMEOUT	990.956994996	914.9744933730035	7672.483840	cloud-23939	TIMEOUT	991.715378894	907.7012946809991	9654.255616	cloud-23933
combinations/pals_lcr.4_overflow.ufo.UNBOUNDED.pals+Problem12_label09.yml	false	TIMEOUT	991.192295631	885.2671303990028	8331.259904	cloud-24276	TIMEOUT	992.212100267	782.6432686839835	9447.079936	cloud-23941	TIMEOUT	991.17683426	789.6773985489999	7289.409536	cloud-23942	TIMEOUT	991.371739423	905.2630256480188	7835.336704	cloud-23938
combinations/pals_lcr.5.1.ufo.BOUNDED-10.pals+Problem12_label01.yml	false	TIMEOUT	991.196417297	886.4743102000066	8352.411648	cloud-24261	TIMEOUT	992.88980123	820.0057747960018	7737.896960	cloud-24643	TIMEOUT	991.918223156	759.0613394819957	7680.028672	cloud-23939	TIMEOUT	990.724460032	940.9103245399892	7613.878272	cloud-23944
combinations/pals_lcr.5.1.ufo.BOUNDED-10.pals+Problem12_label02.yml	false	TIMEOUT	991.063843311	916.8172685460013	9882.271744	cloud-23979	TIMEOUT	991.029143231	926.2731650909991	7722.958848	cloud-24643	TIMEOUT (ERROR (solver error, after parsing finished))	924.201135925	857.3069301819996	8358.744064	cloud-24261	TIMEOUT	991.436712276	889.250865671027	7890.272256	cloud-23938
combinations/pals_lcr.5.1.ufo.BOUNDED-10.pals+Problem12_label04.yml	false	TIMEOUT	991.263415469	883.3604685299997	8347.529216	cloud-23933	TIMEOUT	991.191530608	785.4647655059998	7268.671488	cloud-23943	TIMEOUT	991.410036529	770.2379947949958	7215.476736	cloud-23942	TIMEOUT	991.133934395	908.820089218003	7954.661376	cloud-23979
combinations/pals_lcr.5.1.ufo.BOUNDED-10.pals+Problem12_label05.yml	false	TIMEOUT	990.853732749	916.7472802290013	7726.436352	cloud-23979	TIMEOUT	991.182117885	918.4504507020029	7721.918464	cloud-24643	TIMEOUT (ERROR (solver error, after parsing finished))	931.791894606	861.9105108180011	7666.950144	cloud-23941	TIMEOUT	991.508905496	919.1663972990063	7943.925760	cloud-23979
combinations/pals_lcr.5.1.ufo.BOUNDED-10.pals+Problem12_label09.yml	false	TIMEOUT	991.204470155	880.9770907389993	8383.627264	cloud-23979	TIMEOUT	992.423987126	778.6062610759982	8048.345088	cloud-24441	TIMEOUT	991.641781866	777.6940967949995	7761.178624	cloud-23979	TIMEOUT	991.100093862	913.2537440539745	7860.158464	cloud-23982
combinations/pals_lcr.5.1.ufo.UNBOUNDED.pals+Problem12_label01.yml	false	TIMEOUT	990.943128165	904.529440762999	8388.890624	cloud-23940	TIMEOUT	992.532421768	782.8583245979971	7741.878272	cloud-24444	TIMEOUT	990.75090023	778.7298440849991	7781.793792	cloud-23939	TIMEOUT	991.455290758	897.3416969809914	7883.685888	cloud-23938
combinations/pals_lcr.5.1.ufo.UNBOUNDED.pals+Problem12_label02.yml	false	TIMEOUT	991.013763729	903.1727569289997	7912.439808	cloud-23933	TIMEOUT	991.308018459	914.3736692250095	7745.814528	cloud-24444	TIMEOUT (ERROR (solver error, after parsing finished))	971.003394932	887.2757536299978	9148.862464	cloud-24261	TIMEOUT	990.898314193	931.313799037016	7957.676032	cloud-23942
combinations/pals_lcr.5.1.ufo.UNBOUNDED.pals+Problem12_label04.yml	false	TIMEOUT	991.187576682	899.7138825769944	8374.861824	cloud-23939	TIMEOUT	991.826232783	794.3184112880008	9308.319744	cloud-24444	TIMEOUT	991.680536164	751.4576565099997	7367.151616	cloud-23941	TIMEOUT	990.918657215	926.3294043999922	8116.129792	cloud-23939
combinations/pals_lcr.5.1.ufo.UNBOUNDED.pals+Problem12_label05.yml	false	TIMEOUT	991.339038215	887.195088237997	7443.472384	cloud-23933	TIMEOUT	990.891984788	922.3721038399963	7770.230784	cloud-23943	TIMEOUT (ERROR (solver error, after parsing finished))	919.399694199	854.329877670003	10310.328320	cloud-23942	TIMEOUT	991.349368773	916.8930571530072	7863.787520	cloud-23980
combinations/pals_lcr.5.1.ufo.UNBOUNDED.pals+Problem12_label09.yml	false	TIMEOUT	991.055517363	886.0065933469996	8385.118208	cloud-23979	TIMEOUT	991.396063297	769.1021508100093	10399.604736	cloud-24441	TIMEOUT	990.849252126	744.9581692689999	7753.723904	cloud-23933	TIMEOUT	991.439896551	909.7744808419957	8581.902336	cloud-23938
combinations/pals_lcr.5.ufo.BOUNDED-10.pals+Problem12_label00.yml	false	TIMEOUT	991.721398472	791.214715909	7720.345600	cloud-24276	TIMEOUT	992.022701144	819.4473016539996	9230.069760	cloud-24441	TIMEOUT	991.253494435	810.2732746019974	7668.629504	cloud-23933	TIMEOUT	991.057681243	933.5186523470038	10744.606720	cloud-23942
combinations/pals_lcr.5.ufo.BOUNDED-10.pals+Problem12_label01.yml	true	TIMEOUT	991.208726109	882.0613968479993	8364.470272	cloud-24276	TIMEOUT	992.440198747	776.9168378100148	7737.315328	cloud-23940	TIMEOUT	990.866497989	775.843205475001	7738.523648	cloud-23942	TIMEOUT	990.761609386	934.0773589000164	7885.053952	cloud-23944
combinations/pals_lcr.5.ufo.BOUNDED-10.pals+Problem12_label02.yml	true	TIMEOUT	990.822685657	926.7822861859895	7708.721152	cloud-23939	TIMEOUT	991.036709161	908.6646048479961	7461.965824	cloud-24643	ERROR (solver error, after parsing finished)	898.195965157	837.1165102219998	7728.013312	cloud-23939	TIMEOUT	991.299052546	913.359252779017	7883.743232	cloud-23980
combinations/pals_lcr.5.ufo.BOUNDED-10.pals+Problem12_label03.yml	false	TIMEOUT	990.995560799	767.1534042309995	7712.317440	cloud-23979	TIMEOUT	991.325094476	772.6994622159982	7726.206976	cloud-24444	TIMEOUT	991.21003895	771.5147947510001	7710.363648	cloud-24276	TIMEOUT	991.222871436	912.4388477139873	7842.099200	cloud-23980
combinations/pals_lcr.5.ufo.BOUNDED-10.pals+Problem12_label04.yml	true	TIMEOUT	991.109684809	886.8391753190008	8382.005248	cloud-23979	TIMEOUT	990.648396898	813.1822228109959	10068.987904	cloud-23940	TIMEOUT	990.962539353	811.633039969005	7372.070912	cloud-24261	TIMEOUT	991.424924261	906.4526952989982	7877.926912	cloud-23938
combinations/pals_lcr.5.ufo.BOUNDED-10.pals+Problem12_label05.yml	true	TIMEOUT	991.249045866	900.9280815359998	7458.557952	cloud-23933	TIMEOUT	991.180399815	915.1085160140065	7726.362624	cloud-24444	ERROR (solver error, after parsing finished)	893.444615196	836.680803479001	10726.363136	cloud-23940	TIMEOUT	991.409422619	899.8177389550256	7863.267328	cloud-23982
combinations/pals_lcr.5.ufo.BOUNDED-10.pals+Problem12_label06.yml	false	TIMEOUT	991.102544173	872.7639642770009	8376.954880	cloud-23979	TIMEOUT	991.046279844	765.4525096599973	7992.471552	cloud-24441	TIMEOUT	990.67719287	779.4503683570074	7296.532480	cloud-23944	TIMEOUT	991.23770877	914.8590599579911	7892.852736	cloud-23979
combinations/pals_lcr.5.ufo.BOUNDED-10.pals+Problem12_label07.yml	false	TIMEOUT	991.386120305	893.7357646820019	11491.553280	cloud-24261	TIMEOUT	990.626172653	804.5294180210003	7761.027072	cloud-23941	TIMEOUT	991.511648656	796.6827935999972	7686.938624	cloud-24261	TIMEOUT	991.324109359	915.866286687	7882.313728	cloud-23979
combinations/pals_lcr.5.ufo.BOUNDED-10.pals+Problem12_label08.yml	false	TIMEOUT	991.087859946	911.1539532860043	7713.939456	cloud-24261	TIMEOUT	990.762559391	927.9097795879989	7734.087680	cloud-23939	TIMEOUT (ERROR (solver error, after parsing finished))	930.143918178	851.1990048449952	7946.297344	cloud-24261	TIMEOUT	990.884355884	930.8136508250027	8949.272576	cloud-23942
combinations/pals_lcr.5.ufo.BOUNDED-10.pals+Problem12_label09.yml	true	TIMEOUT	991.336575735	881.3028965140002	8340.439040	cloud-23933	TIMEOUT	992.210315713	757.351879786991	7685.230592	cloud-23940	TIMEOUT	991.175130413	775.9322992140005	7363.239936	cloud-23933	TIMEOUT	990.759952088	934.636945893988	7904.796672	cloud-23944
combinations/pals_lcr.5.ufo.UNBOUNDED.pals+Problem12_label00.yml	false	TIMEOUT	992.429639689	783.844567260996	7764.918272	cloud-23943	TIMEOUT	990.938488962	767.3293830189941	7726.637056	cloud-23939	TIMEOUT	991.020575802	781.3579925949962	7749.390336	cloud-23943	TIMEOUT	991.326390362	907.8749870379979	8175.284224	cloud-23938
combinations/pals_lcr.5.ufo.UNBOUNDED.pals+Problem12_label01.yml	true	TIMEOUT	991.205537327	883.0383022919996	8331.812864	cloud-24276	TIMEOUT	991.658192797	757.5197980180092	7739.531264	cloud-24444	TIMEOUT	992.431002369	759.2800435079989	7777.615872	cloud-23943	TIMEOUT	990.966585687	929.2150943040033	9510.252544	cloud-23939
combinations/pals_lcr.5.ufo.UNBOUNDED.pals+Problem12_label02.yml	true	TIMEOUT	991.094699719	908.9970538289999	7531.843584	cloud-24276	TIMEOUT	990.908052107	911.7966833390019	7728.488448	cloud-23939	ERROR (solver error, after parsing finished)	899.000066446	833.6330175699986	7785.385984	cloud-23939	TIMEOUT	990.880636283	931.4908614589949	7963.443200	cloud-23940
combinations/pals_lcr.5.ufo.UNBOUNDED.pals+Problem12_label03.yml	false	TIMEOUT	991.76805149	793.6684562720002	7701.319680	cloud-23979	TIMEOUT	992.207895122	787.2006555480039	7751.655424	cloud-24643	TIMEOUT	991.087826694	767.628675593005	7714.742272	cloud-23944	TIMEOUT	991.328523566	915.9924602230021	7871.582208	cloud-23979
combinations/pals_lcr.5.ufo.UNBOUNDED.pals+Problem12_label04.yml	true	TIMEOUT	991.078633539	880.7268563909984	8399.446016	cloud-23933	TIMEOUT	992.735568476	732.6774422239978	8037.879808	cloud-24444	TIMEOUT	991.309735579	737.826211010004	7737.610240	cloud-23944	TIMEOUT	990.967646687	925.1012550109881	7578.222592	cloud-23941
combinations/pals_lcr.5.ufo.UNBOUNDED.pals+Problem12_label05.yml	true	TIMEOUT	990.994133399	899.3356915799995	7729.864704	cloud-23979	TIMEOUT	991.599881905	900.6366753809998	10566.553600	cloud-24444	TIMEOUT (ERROR (solver error, after parsing finished))	950.458696086	869.763980609001	8103.145472	cloud-23979	TIMEOUT	990.752246696	938.5934554940031	7923.834880	cloud-23940
combinations/pals_lcr.5.ufo.UNBOUNDED.pals+Problem12_label06.yml	false	TIMEOUT	990.92774199	895.2708567160007	8448.032768	cloud-23943	TIMEOUT	991.087836603	781.6862947159989	7726.276608	cloud-24444	TIMEOUT	992.040993282	771.6938500639953	9775.398912	cloud-23933	TIMEOUT	990.838417711	930.5960404099897	7969.538048	cloud-23940
combinations/pals_lcr.5.ufo.UNBOUNDED.pals+Problem12_label07.yml	false	TIMEOUT	991.518341756	869.4319747970003	8338.284544	cloud-24261	TIMEOUT	991.300917716	804.2964061209932	7743.582208	cloud-23939	TIMEOUT	990.974463115	805.3626887470018	9675.280384	cloud-23933	TIMEOUT	991.001779616	931.5000843279995	7939.452928	cloud-23942
combinations/pals_lcr.5.ufo.UNBOUNDED.pals+Problem12_label08.yml	false	TIMEOUT	992.962385787	886.3031012619995	7397.273600	cloud-23933	TIMEOUT	991.013226502	920.3750317239901	7742.676992	cloud-24444	TIMEOUT (ERROR (solver error, after parsing finished))	903.941059589	838.4970807670034	8008.564736	cloud-23942	TIMEOUT	991.229569685	915.4682463209901	10186.768384	cloud-23979
combinations/pals_lcr.5.ufo.UNBOUNDED.pals+Problem12_label09.yml	true	TIMEOUT	991.075881813	886.4562261379997	8382.685184	cloud-23979	TIMEOUT	991.746165296	750.2793467719894	7768.535040	cloud-24444	TIMEOUT	990.721873848	783.018956674001	7728.918528	cloud-23942	TIMEOUT	991.064253202	932.2252892559918	10727.084032	cloud-23941
combinations/pals_lcr.5_overflow.ufo.UNBOUNDED.pals+Problem12_label01.yml	false	TIMEOUT	991.482396589	872.7780499159999	8359.239680	cloud-23933	TIMEOUT	990.82301284	815.2680663010015	9576.574976	cloud-23942	TIMEOUT	993.265359495	799.3985209460006	8410.443776	cloud-23979	TIMEOUT	991.28631736	912.190001645009	7886.307328	cloud-23933
combinations/pals_lcr.5_overflow.ufo.UNBOUNDED.pals+Problem12_label02.yml	false	TIMEOUT	991.188861197	910.8223106449987	9660.178432	cloud-23979	TIMEOUT	991.155017689	912.0179169199982	7419.375616	cloud-24643	TIMEOUT (ERROR (solver error, after parsing finished))	969.701546887	877.308643936	9616.596992	cloud-23933	TIMEOUT	991.405999273	915.7313862050069	10384.420864	cloud-23979
combinations/pals_lcr.5_overflow.ufo.UNBOUNDED.pals+Problem12_label04.yml	false	TIMEOUT	991.142812523	891.8015081899939	8384.352256	cloud-24261	TIMEOUT	991.563415984	756.2745300320094	7789.559808	cloud-23941	TIMEOUT	991.008406245	782.2828260149981	7759.773696	cloud-23933	TIMEOUT	991.873625715	912.1998225529969	11019.288576	cloud-23933
combinations/pals_lcr.5_overflow.ufo.UNBOUNDED.pals+Problem12_label05.yml	false	TIMEOUT	991.137679367	903.746323075	7767.244800	cloud-24276	TIMEOUT	990.946777597	908.8709820939985	8460.288000	cloud-23944	ERROR (solver error, after parsing finished)	892.295018236	830.2461764119944	7908.368384	cloud-23939	TIMEOUT	991.402655214	910.9138891689945	7872.020480	cloud-23938
combinations/pals_lcr.5_overflow.ufo.UNBOUNDED.pals+Problem12_label09.yml	false	TIMEOUT	991.237116138	888.0973192809906	8411.983872	cloud-24261	TIMEOUT	991.458403722	761.4302854779962	7717.396480	cloud-24444	TIMEOUT	991.01499836	774.0258847129953	9104.363520	cloud-23979	TIMEOUT	991.497644608	903.3290609850083	7857.541120	cloud-23933
combinations/pals_lcr.6.1.ufo.BOUNDED-12.pals+Problem12_label01.yml	false	TIMEOUT	991.295976003	865.3267235769999	8361.627648	cloud-23933	TIMEOUT	991.417674891	799.1660633450083	7292.121088	cloud-24444	TIMEOUT	991.538960637	770.722655618003	7784.669184	cloud-24261	TIMEOUT	990.877145945	931.0765760819777	7955.247104	cloud-23942
combinations/pals_lcr.6.1.ufo.BOUNDED-12.pals+Problem12_label02.yml	false	TIMEOUT	990.957010629	916.020748668001	7738.363904	cloud-23933	TIMEOUT	990.842293732	923.7432153279951	7881.019392	cloud-23939	TIMEOUT (ERROR (solver error, after parsing finished))	907.881805026	846.6284425330014	10458.210304	cloud-23940	TIMEOUT	991.334888948	900.286022684013	8220.934144	cloud-23938
combinations/pals_lcr.6.1.ufo.BOUNDED-12.pals+Problem12_label04.yml	false	TIMEOUT	991.118052963	885.2009171859972	8384.516096	cloud-24261	TIMEOUT	991.252462595	815.3918354890047	7722.000384	cloud-24444	TIMEOUT	990.868695139	834.6334097759973	7762.440192	cloud-23933	TIMEOUT	991.128702722	917.9769459910167	7915.978752	cloud-23980
combinations/pals_lcr.6.1.ufo.BOUNDED-12.pals+Problem12_label05.yml	false	TIMEOUT	991.481866649	874.7240646089995	8300.560384	cloud-23933	TIMEOUT	991.523489537	898.8194125029995	7770.005504	cloud-24444	ERROR (solver error, after parsing finished)	889.33298235	826.5463141879991	7774.613504	cloud-23944	TIMEOUT	990.852483044	935.0957383969799	9380.876288	cloud-23944
combinations/pals_lcr.6.1.ufo.BOUNDED-12.pals+Problem12_label09.yml	false	TIMEOUT	991.091431202	888.3265387350002	8394.293248	cloud-23979	TIMEOUT	992.306315842	781.6234130669909	8567.963648	cloud-23942	TIMEOUT	991.828568283	752.768837415002	7775.162368	cloud-23940	TIMEOUT	990.939909914	927.8533176799829	7962.505216	cloud-23941
combinations/pals_lcr.6.1.ufo.UNBOUNDED.pals+Problem12_label01.yml	false	TIMEOUT	991.390719449	878.1431277740012	8422.486016	cloud-23933	TIMEOUT	991.491218071	774.6918001330014	7749.939200	cloud-23943	TIMEOUT	991.049763833	746.7230244890015	7761.203200	cloud-23944	TIMEOUT	991.38217022	915.8741516610025	7888.297984	cloud-23933
combinations/pals_lcr.6.1.ufo.UNBOUNDED.pals+Problem12_label02.yml	false	TIMEOUT	991.201202622	908.4445562379988	8369.209344	cloud-23943	TIMEOUT	990.840156064	919.0248345730015	7755.259904	cloud-23939	TIMEOUT (ERROR (solver error, after parsing finished))	971.032742844	890.4311160080033	7775.662080	cloud-23933	TIMEOUT	990.90154416	928.6375839870016	7951.896576	cloud-23939
combinations/pals_lcr.6.1.ufo.UNBOUNDED.pals+Problem12_label04.yml	false	TIMEOUT	991.203409367	881.0834606839999	11401.891840	cloud-23979	TIMEOUT	990.604607261	762.9251928630401	7761.465344	cloud-23942	TIMEOUT	992.797791036	790.1862791210006	7761.641472	cloud-24261	TIMEOUT	991.368872678	914.8613225220179	7930.802176	cloud-23979
combinations/pals_lcr.6.1.ufo.UNBOUNDED.pals+Problem12_label05.yml	false	TIMEOUT	991.495046508	854.4503557720018	8393.912320	cloud-23933	TIMEOUT	991.155361955	896.8293820139952	7795.027968	cloud-24441	TIMEOUT (ERROR (solver error, after parsing finished))	912.513938916	838.1099017349989	7827.062784	cloud-23939	TIMEOUT	990.86193554	929.931370167993	7923.716096	cloud-23939
combinations/pals_lcr.6.1.ufo.UNBOUNDED.pals+Problem12_label09.yml	false	TIMEOUT	991.113713822	884.0662012779994	8374.956032	cloud-23933	TIMEOUT	991.656229482	784.115411463994	6868.283392	cloud-23943	TIMEOUT	992.356038401	767.0910852759989	7759.863808	cloud-23944	TIMEOUT	990.95607176	927.2949756969756	8411.246592	cloud-23939
combinations/pals_lcr.6.ufo.BOUNDED-12.pals+Problem12_label00.yml	false	TIMEOUT	991.436672844	810.6804602939956	9635.217408	cloud-24261	TIMEOUT	991.876798129	764.5993354780076	9847.828480	cloud-24441	TIMEOUT	991.974117033	834.6033474140004	10082.541568	cloud-24276	TIMEOUT	991.436441976	907.4371789889992	7898.943488	cloud-23938
combinations/pals_lcr.6.ufo.BOUNDED-12.pals+Problem12_label01.yml	true	TIMEOUT	991.599877519	883.1450942930023	8405.934080	cloud-23933	TIMEOUT	990.604673134	762.8940650110017	9844.424704	cloud-23939	TIMEOUT	990.999238419	761.9687667349936	7789.142016	cloud-23944	TIMEOUT	991.43155607	912.5002623609907	7924.600832	cloud-23933
combinations/pals_lcr.6.ufo.BOUNDED-12.pals+Problem12_label02.yml	true	TIMEOUT	991.091692694	914.5443326899986	7735.545856	cloud-24261	TIMEOUT	990.72343228	935.6050961319997	7764.119552	cloud-23943	TIMEOUT (ERROR (solver error, after parsing finished))	929.976923794	857.8267487379999	7766.487040	cloud-24261	TIMEOUT	990.794184471	931.4478130220086	7989.243904	cloud-23944
combinations/pals_lcr.6.ufo.BOUNDED-12.pals+Problem12_label03.yml	false	TIMEOUT	990.972287295	772.1291209449992	7741.489152	cloud-23933	TIMEOUT	992.931683733	782.7813675030047	7735.431168	cloud-24441	TIMEOUT	991.082339257	778.4093682110033	6889.451520	cloud-23944	TIMEOUT	991.133834131	930.1514051830163	7952.592896	cloud-23941
combinations/pals_lcr.6.ufo.BOUNDED-12.pals+Problem12_label04.yml	true	TIMEOUT	991.237747362	864.9700387449993	8410.329088	cloud-23933	TIMEOUT	991.07057205	795.0567627990094	7761.133568	cloud-24441	TIMEOUT	990.660630664	823.1151052070054	10233.843712	cloud-23943	TIMEOUT	991.10350845	913.9433809350012	7887.937536	cloud-23980
combinations/pals_lcr.6.ufo.BOUNDED-12.pals+Problem12_label05.yml	true	TIMEOUT	991.076461081	913.3985438980017	7729.000448	cloud-24276	TIMEOUT	991.009508761	916.8098180279922	7725.699072	cloud-24643	TIMEOUT (ERROR (solver error, after parsing finished))	952.010189014	871.6253470489974	7742.742528	cloud-23933	TIMEOUT	991.223547252	920.1974132510077	7929.933824	cloud-23979
combinations/pals_lcr.6.ufo.BOUNDED-12.pals+Problem12_label06.yml	false	TIMEOUT	991.278696103	873.5183418979996	8573.841408	cloud-24276	TIMEOUT	992.204683944	757.8038741979981	7707.209728	cloud-23942	TIMEOUT	991.160762003	780.2931015659997	7710.650368	cloud-24261	TIMEOUT	991.42467441	912.0953559199988	9503.285248	cloud-23933
combinations/pals_lcr.6.ufo.BOUNDED-12.pals+Problem12_label07.yml	false	TIMEOUT	991.069063913	877.3024894480004	8399.273984	cloud-23979	TIMEOUT	990.633142563	811.7373438500217	7763.431424	cloud-23941	TIMEOUT	990.814198114	798.609767617003	7766.228992	cloud-23979	TIMEOUT	991.694158131	906.2511011819879	9422.934016	cloud-23938
combinations/pals_lcr.6.ufo.BOUNDED-12.pals+Problem12_label08.yml	false	TIMEOUT	990.866820723	919.6344601019955	7756.546048	cloud-23944	TIMEOUT	991.126351952	912.6047755070031	7769.972736	cloud-24444	TIMEOUT	991.318817442	900.2274675389999	7963.938816	cloud-23933	TIMEOUT	991.391700952	916.5716134529794	8234.872832	cloud-23933
combinations/pals_lcr.6.ufo.BOUNDED-12.pals+Problem12_label09.yml	true	TIMEOUT	990.924871917	905.1309572729951	8421.928960	cloud-23940	TIMEOUT	991.893644197	766.2879386699988	7912.497152	cloud-23944	TIMEOUT	991.282740624	777.3134040349978	7791.292416	cloud-24261	TIMEOUT	990.878567809	926.2350598640041	7965.671424	cloud-23940
combinations/pals_lcr.6.ufo.UNBOUNDED.pals+Problem12_label00.yml	false	TIMEOUT	991.457542361	827.2968050309973	7131.463680	cloud-23933	TIMEOUT	991.642982946	803.2230340840033	7931.101184	cloud-24643	TIMEOUT	992.532909946	805.1318097709955	7797.272576	cloud-24261	TIMEOUT	990.781520462	935.6308341579861	7945.891840	cloud-23944
combinations/pals_lcr.6.ufo.UNBOUNDED.pals+Problem12_label01.yml	true	TIMEOUT	991.180825601	875.6271386030021	8385.290240	cloud-24276	TIMEOUT	992.586383303	788.4563698179991	7742.169088	cloud-24441	TIMEOUT	991.9435347	756.3380567630084	7743.365120	cloud-23944	TIMEOUT	990.826322284	929.2256884810049	7959.625728	cloud-23940
combinations/pals_lcr.6.ufo.UNBOUNDED.pals+Problem12_label02.yml	true	TIMEOUT	991.12746114	907.9701948450002	7747.768320	cloud-23933	TIMEOUT	991.068944665	910.1963961470028	7739.936768	cloud-24441	TIMEOUT	991.202729143	874.028962715005	7297.802240	cloud-24259	TIMEOUT	990.875276692	926.2916117350105	7908.954112	cloud-23940
combinations/pals_lcr.6.ufo.UNBOUNDED.pals+Problem12_label03.yml	false	TIMEOUT	990.653655607	802.7336125019974	7759.925248	cloud-23933	TIMEOUT	991.419923486	769.1317701720109	7981.809664	cloud-23939	TIMEOUT	992.013060015	769.7323954730018	7718.117376	cloud-23979	TIMEOUT	991.362240735	904.5704363870027	7883.841536	cloud-23982
combinations/pals_lcr.6.ufo.UNBOUNDED.pals+Problem12_label04.yml	true	TIMEOUT	991.185807326	887.5316154140019	8397.471744	cloud-24261	TIMEOUT	991.606408599	770.537160752996	7775.424512	cloud-24643	TIMEOUT	991.363906889	788.5545902270023	9281.298432	cloud-23979	TIMEOUT	990.831277029	928.3421763159859	7945.359360	cloud-23940
combinations/pals_lcr.6.ufo.UNBOUNDED.pals+Problem12_label05.yml	true	TIMEOUT	990.9737958	903.6073421869987	7788.630016	cloud-23933	TIMEOUT	990.873979704	916.2337148960014	7932.940288	cloud-23939	TIMEOUT (ERROR (solver error, after parsing finished))	911.867874266	839.7727708729999	7769.292800	cloud-23939	TIMEOUT	991.323409915	904.393006792001	8200.921088	cloud-23982
combinations/pals_lcr.6.ufo.UNBOUNDED.pals+Problem12_label06.yml	false	TIMEOUT	991.424089762	764.0225743780029	7777.611776	cloud-24261	TIMEOUT	992.312442784	747.038650788	8404.664320	cloud-24441	TIMEOUT	992.063372165	761.9418323400023	7768.735744	cloud-23942	TIMEOUT	991.140500021	918.3208034819982	7935.037440	cloud-23979
combinations/pals_lcr.6.ufo.UNBOUNDED.pals+Problem12_label07.yml	false	TIMEOUT	991.136818857	883.3350470440018	8402.743296	cloud-23979	TIMEOUT	991.151383808	796.8383059220068	10625.867776	cloud-24643	TIMEOUT	991.597443208	814.3523414970041	7726.374912	cloud-24259	TIMEOUT	990.831731336	933.1036836669955	7947.636736	cloud-23943
combinations/pals_lcr.6.ufo.UNBOUNDED.pals+Problem12_label08.yml	false	TIMEOUT	991.119807144	901.0285415929993	7775.793152	cloud-24276	TIMEOUT	991.201851144	913.739808713	9902.268416	cloud-24444	TIMEOUT	991.105982947	898.386160449998	8316.485632	cloud-24259	TIMEOUT	991.285604504	910.4564699040202	8118.632448	cloud-23980
combinations/pals_lcr.6.ufo.UNBOUNDED.pals+Problem12_label09.yml	true	TIMEOUT	991.251469426	887.9598429400066	9255.411712	cloud-24261	TIMEOUT	991.424439848	734.8671157019999	7757.066240	cloud-23944	TIMEOUT	991.278842127	777.8024284649999	7771.754496	cloud-23939	TIMEOUT	991.590694269	901.8068763740011	7915.036672	cloud-23938
combinations/pals_lcr.6_overflow.ufo.UNBOUNDED.pals+Problem12_label01.yml	false	TIMEOUT	991.09544482	873.8279164259984	8424.845312	cloud-23933	TIMEOUT	992.899712836	805.3748942060001	7763.689472	cloud-24441	TIMEOUT	992.315817491	784.7102813189995	6869.004288	cloud-23939	TIMEOUT	990.931632072	926.0307945310196	7981.723648	cloud-23942
combinations/pals_lcr.6_overflow.ufo.UNBOUNDED.pals+Problem12_label02.yml	false	TIMEOUT	991.036586618	882.4384569600006	7764.889600	cloud-24276	TIMEOUT	991.519462725	885.538580401997	7317.082112	cloud-24441	TIMEOUT (ERROR (solver error, after parsing finished))	924.433065643	847.346718752	7961.952256	cloud-23979	TIMEOUT	991.228713377	906.4592360919924	7896.481792	cloud-23982
combinations/pals_lcr.6_overflow.ufo.UNBOUNDED.pals+Problem12_label04.yml	false	TIMEOUT	990.942640427	904.8440288340062	8433.278976	cloud-23940	TIMEOUT	992.140959799	745.9576302899986	7430.889472	cloud-23940	TIMEOUT	991.567632574	775.0973370860011	9659.211776	cloud-23933	TIMEOUT	991.210558046	903.1263235379884	7921.618944	cloud-23933
combinations/pals_lcr.6_overflow.ufo.UNBOUNDED.pals+Problem12_label05.yml	false	TIMEOUT	991.151519188	898.6425493070001	9686.650880	cloud-24276	TIMEOUT	990.96033977	918.2406437949976	7909.199872	cloud-24643	TIMEOUT (ERROR (solver error, after parsing finished))	955.823768999	868.4029904069976	7787.732992	cloud-24261	TIMEOUT	991.363668299	906.7496429140156	7895.629824	cloud-23982
combinations/pals_lcr.6_overflow.ufo.UNBOUNDED.pals+Problem12_label09.yml	false	TIMEOUT	990.948373814	905.0107510289963	8445.018112	cloud-23940	TIMEOUT	991.205850175	786.7706659180003	7926.431744	cloud-24441	TIMEOUT	992.497800435	766.3108960590034	7750.860800	cloud-23941	TIMEOUT	991.534518598	911.808607790008	8174.866432	cloud-23980
combinations/pals_lcr.7.1.ufo.BOUNDED-14.pals+Problem12_label01.yml	false	TIMEOUT	991.713634899	885.4069033230007	11189.170176	cloud-23933	TIMEOUT	992.491081656	781.8720188529987	7963.000832	cloud-24643	TIMEOUT	991.116481681	838.8092247050008	7410.257920	cloud-24259	TIMEOUT	991.269434716	907.816512135003	7936.012288	cloud-23979
combinations/pals_lcr.7.1.ufo.BOUNDED-14.pals+Problem12_label02.yml	false	TIMEOUT	990.889131095	918.7256278690002	7851.622400	cloud-23979	TIMEOUT	991.288606875	903.4547794359969	7769.595904	cloud-24643	ERROR (solver error, after parsing finished)	893.808095807	836.631108816	7906.242560	cloud-23941	TIMEOUT	990.818853157	938.9005258209945	8715.055104	cloud-23939
combinations/pals_lcr.7.1.ufo.BOUNDED-14.pals+Problem12_label04.yml	false	TIMEOUT	991.006390153	899.8186208910047	8424.685568	cloud-23944	TIMEOUT	991.606814901	818.6931059609997	7766.335488	cloud-24444	TIMEOUT	991.609779861	815.5911051240037	7751.995392	cloud-23942	TIMEOUT	991.237803551	917.9288896830112	8004.567040	cloud-23980
combinations/pals_lcr.7.1.ufo.BOUNDED-14.pals+Problem12_label05.yml	false	TIMEOUT	991.160082999	874.8615368650007	8434.491392	cloud-24276	TIMEOUT	991.005993668	917.9887970759992	7475.032064	cloud-24643	ERROR (solver error, after parsing finished)	897.114387409	838.6539729969954	7768.096768	cloud-23940	TIMEOUT	990.949877803	927.3819872650201	8550.494208	cloud-23941
combinations/pals_lcr.7.1.ufo.BOUNDED-14.pals+Problem12_label09.yml	false	TIMEOUT	991.103282343	878.9743512249988	8395.296768	cloud-23979	TIMEOUT	991.032318106	749.5941447770019	7763.419136	cloud-24643	TIMEOUT	990.837680091	806.3639571349995	7275.810816	cloud-24259	TIMEOUT	991.232753336	914.6661228900193	7920.197632	cloud-23938
combinations/pals_lcr.7.1.ufo.UNBOUNDED.pals+Problem12_label01.yml	false	TIMEOUT	990.905448286	899.5413129480003	8456.663040	cloud-23941	TIMEOUT	992.789818961	784.279672456003	7773.462528	cloud-24444	TIMEOUT	991.634276655	785.9586934359977	8564.695040	cloud-23944	TIMEOUT	991.900510108	913.074561447982	10895.159296	cloud-23980
combinations/pals_lcr.7.1.ufo.UNBOUNDED.pals+Problem12_label02.yml	false	TIMEOUT	991.040954718	898.8869909580098	7762.870272	cloud-24261	TIMEOUT	991.630356395	900.608265805	9910.210560	cloud-24643	TIMEOUT (ERROR (solver error, after parsing finished))	945.512428311	867.0517074789968	10175.778816	cloud-23979	TIMEOUT	991.317136482	915.5995353939943	8165.699584	cloud-23979
combinations/pals_lcr.7.1.ufo.UNBOUNDED.pals+Problem12_label04.yml	false	TIMEOUT	991.286878696	873.0404604979994	8438.816768	cloud-23979	TIMEOUT	992.079154374	747.2651529400027	10592.948224	cloud-24441	TIMEOUT	991.985468127	760.7860545049989	7803.871232	cloud-23941	TIMEOUT	991.287979889	917.2976366380171	7946.301440	cloud-23933
combinations/pals_lcr.7.1.ufo.UNBOUNDED.pals+Problem12_label05.yml	false	TIMEOUT	990.89053356	921.702063853998	8013.238272	cloud-23941	TIMEOUT	991.694275883	899.040046723996	10810.372096	cloud-24441	TIMEOUT (ERROR (solver error, after parsing finished))	952.130766764	854.4095532319989	7776.468992	cloud-23979	TIMEOUT	990.881976129	932.6698536940094	7978.446848	cloud-23940
combinations/pals_lcr.7.1.ufo.UNBOUNDED.pals+Problem12_label09.yml	false	TIMEOUT	991.312915501	874.6707782909998	8488.751104	cloud-24276	TIMEOUT	991.34857416	767.9691516690073	9564.459008	cloud-24441	TIMEOUT	991.352601211	781.4122247319974	7778.738176	cloud-23939	TIMEOUT	990.7223844	933.6679465130146	7339.544576	cloud-23944
combinations/pals_lcr.7.ufo.BOUNDED-14.pals+Problem12_label00.yml	false	TIMEOUT	991.551028582	806.5591454600071	9478.889472	cloud-23940	TIMEOUT	991.332773613	796.0907911819959	10463.260672	cloud-24441	TIMEOUT	991.631738026	829.3661947730002	7363.403776	cloud-23979	TIMEOUT	991.466367489	909.3800928400015	7891.595264	cloud-23982
combinations/pals_lcr.7.ufo.BOUNDED-14.pals+Problem12_label01.yml	true	TIMEOUT	991.082649744	869.0547215299994	8470.536192	cloud-24276	TIMEOUT	992.115109366	790.4701019409986	7789.350912	cloud-24643	TIMEOUT	991.192310122	795.2975470070014	6876.884992	cloud-23943	TIMEOUT	991.0707768	907.0891074340034	7647.182848	cloud-23980
combinations/pals_lcr.7.ufo.BOUNDED-14.pals+Problem12_label02.yml	true	TIMEOUT	991.115951608	900.043228464001	7765.385216	cloud-23979	TIMEOUT	991.057095886	919.0293350910069	7785.123840	cloud-23941	TIMEOUT (ERROR (solver error, after parsing finished))	921.964909314	856.1480958009997	7745.699840	cloud-23979	TIMEOUT	991.247720915	922.0569842490077	7937.896448	cloud-23979
combinations/pals_lcr.7.ufo.BOUNDED-14.pals+Problem12_label03.yml	false	TIMEOUT	991.639258188	764.6602421220014	7795.978240	cloud-24261	TIMEOUT	990.85104359	737.601996530997	9073.598464	cloud-24441	TIMEOUT	992.575004215	763.5065046979944	7770.554368	cloud-24261	TIMEOUT	991.476927929	909.0178987200197	9928.069120	cloud-23982
combinations/pals_lcr.7.ufo.BOUNDED-14.pals+Problem12_label04.yml	true	TIMEOUT	991.334919014	891.2351101489912	9612.165120	cloud-24261	TIMEOUT	991.089309459	826.3964923029998	7703.527424	cloud-24444	TIMEOUT	991.004436451	786.3299455699962	7725.559808	cloud-23942	TIMEOUT	990.908707523	925.7649750040146	8002.789376	cloud-23943
combinations/pals_lcr.7.ufo.BOUNDED-14.pals+Problem12_label05.yml	true	TIMEOUT	990.760049546	934.5646580239991	7764.402176	cloud-23943	TIMEOUT	991.145850396	921.7912140379922	8659.296256	cloud-24643	TIMEOUT (ERROR (solver error, after parsing finished))	948.509537617	876.4106311690048	7757.844480	cloud-24261	TIMEOUT	990.750280717	937.3047564429871	7987.179520	cloud-23944
combinations/pals_lcr.7.ufo.BOUNDED-14.pals+Problem12_label06.yml	false	TIMEOUT	991.240942596	891.3079024159997	8418.336768	cloud-24276	TIMEOUT	991.477405662	774.8935758689913	7703.109632	cloud-24441	TIMEOUT	991.380294626	774.7944450649993	7508.684800	cloud-24261	TIMEOUT	990.858820597	928.784993276	7991.025664	cloud-23940
combinations/pals_lcr.7.ufo.BOUNDED-14.pals+Problem12_label07.yml	false	TIMEOUT	991.249243252	885.4225198080021	11060.723712	cloud-23979	TIMEOUT	992.560046921	795.7337365679996	7779.471360	cloud-24643	TIMEOUT	991.648481851	811.7391663849994	7752.892416	cloud-24261	TIMEOUT	990.841146081	929.4169373950281	7989.936128	cloud-23942
combinations/pals_lcr.7.ufo.BOUNDED-14.pals+Problem12_label08.yml	false	TIMEOUT	991.288569496	870.0244293460019	8424.955904	cloud-23979	TIMEOUT	990.712381208	929.4341685620002	7387.021312	cloud-23939	ERROR (solver error, after parsing finished)	899.294174667	834.3041053499983	7320.035328	cloud-23944	TIMEOUT	990.79226042	940.7511838049977	8900.255744	cloud-23944
combinations/pals_lcr.7.ufo.BOUNDED-14.pals+Problem12_label09.yml	true	TIMEOUT	991.565143648	875.1412173260032	11411.083264	cloud-24276	TIMEOUT	991.775151296	781.448255046	7661.264896	cloud-23941	TIMEOUT	993.192823622	775.5346991489932	10650.132480	cloud-24261	TIMEOUT	990.812493082	933.8540746160143	8012.894208	cloud-23944
combinations/pals_lcr.7.ufo.UNBOUNDED.pals+Problem12_label00.yml	false	TIMEOUT	991.329978668	812.308893589001	7771.193344	cloud-24276	TIMEOUT	992.466366698	793.7011676690017	7794.757632	cloud-23941	TIMEOUT	992.601170658	803.924894556	7785.291776	cloud-23933	TIMEOUT	991.259662962	911.528559266997	7963.484160	cloud-23982
combinations/pals_lcr.7.ufo.UNBOUNDED.pals+Problem12_label01.yml	true	TIMEOUT	990.915306496	914.0768399649969	9737.383936	cloud-23943	TIMEOUT	991.25786288	784.1076698740071	7763.611648	cloud-24444	TIMEOUT	991.406123376	770.0078243649914	7776.878592	cloud-23941	TIMEOUT	990.965223739	925.5573507720255	7960.969216	cloud-23939
combinations/pals_lcr.7.ufo.UNBOUNDED.pals+Problem12_label02.yml	true	TIMEOUT	991.255702431	901.273193762001	7485.730816	cloud-23979	TIMEOUT	990.846773263	920.2497326140001	7773.048832	cloud-23939	TIMEOUT (ERROR (solver error, after parsing finished))	969.373321195	887.349049935	7481.524224	cloud-23979	TIMEOUT	990.968146351	926.1147326589853	8455.864320	cloud-23941
combinations/pals_lcr.7.ufo.UNBOUNDED.pals+Problem12_label03.yml	false	TIMEOUT	991.48500793	768.4695675910007	7762.694144	cloud-23933	TIMEOUT	991.735872971	789.4552982659998	9024.958464	cloud-24441	TIMEOUT	991.218781932	792.4453745380015	7523.569664	cloud-23941	TIMEOUT	991.675136282	908.0834315379907	10588.278784	cloud-23982
combinations/pals_lcr.7.ufo.UNBOUNDED.pals+Problem12_label04.yml	true	TIMEOUT	990.965627397	899.4338462489977	8487.071744	cloud-23940	TIMEOUT	991.165762534	763.8980209740112	7768.944640	cloud-23941	TIMEOUT	990.844976964	771.240350892	8398.266368	cloud-23940	TIMEOUT	991.508755959	900.4793519710074	7911.931904	cloud-23938
combinations/pals_lcr.7.ufo.UNBOUNDED.pals+Problem12_label05.yml	true	TIMEOUT	991.088672035	895.3941108380004	8013.058048	cloud-24276	TIMEOUT	991.411755254	889.324284080998	7784.267776	cloud-24643	TIMEOUT (ERROR (solver error, after parsing finished))	908.735723073	837.7380384150019	7944.151040	cloud-23941	TIMEOUT	991.573458337	903.5970664920169	10349.633536	cloud-23938
combinations/pals_lcr.7.ufo.UNBOUNDED.pals+Problem12_label06.yml	false	TIMEOUT	991.130102958	885.6507782580011	8449.880064	cloud-23942	TIMEOUT	991.518001551	789.2494913490009	7755.374592	cloud-24441	TIMEOUT	990.935664248	763.3584157520017	8381.644800	cloud-23939	TIMEOUT	990.906647334	922.3158617059817	8060.276736	cloud-23939
combinations/pals_lcr.7.ufo.UNBOUNDED.pals+Problem12_label07.yml	false	TIMEOUT	991.103549078	893.0839407250023	8435.576832	cloud-24261	TIMEOUT	991.014528778	789.3271689769972	7756.832768	cloud-23940	TIMEOUT	990.819532687	774.2732256379968	7788.703744	cloud-23979	TIMEOUT	990.875687835	927.553889754985	7977.578496	cloud-23939
combinations/pals_lcr.7.ufo.UNBOUNDED.pals+Problem12_label08.yml	false	TIMEOUT	991.291172116	882.5771033010096	8433.831936	cloud-24261	TIMEOUT	991.024320507	913.3020144969923	7781.191680	cloud-24444	TIMEOUT	991.018473914	909.3829138639999	7778.836480	cloud-24261	TIMEOUT	990.943626288	926.0811858510133	7978.090496	cloud-23940
combinations/pals_lcr.7.ufo.UNBOUNDED.pals+Problem12_label09.yml	true	TIMEOUT	991.203482249	878.2106750559997	8365.957120	cloud-23933	TIMEOUT	992.378871834	784.858757309994	7986.122752	cloud-24441	TIMEOUT	991.515365969	775.4393608979999	7744.294912	cloud-23933	TIMEOUT	991.271334707	898.1813922919973	7932.182528	cloud-23982
combinations/pals_lcr.7_overflow.ufo.UNBOUNDED.pals+Problem12_label01.yml	false	TIMEOUT	991.27541032	872.371623776	8416.739328	cloud-23933	TIMEOUT	991.377426112	783.4025777380011	7714.803712	cloud-24441	TIMEOUT	992.004402891	794.2330132619973	7766.188032	cloud-23942	TIMEOUT	991.350556354	912.0961329419806	7926.599680	cloud-23979
combinations/pals_lcr.7_overflow.ufo.UNBOUNDED.pals+Problem12_label02.yml	false	TIMEOUT	991.083100621	904.8054977390129	7803.281408	cloud-24261	TIMEOUT	991.620822004	899.2104095579998	7790.960640	cloud-24643	TIMEOUT	991.021545201	897.893603298	7792.140288	cloud-23933	TIMEOUT	991.510204905	899.9493179959827	7969.759232	cloud-23938
combinations/pals_lcr.7_overflow.ufo.UNBOUNDED.pals+Problem12_label04.yml	false	TIMEOUT	991.172422091	885.8525543739961	8445.333504	cloud-24261	TIMEOUT	990.703809896	747.0885547020007	7346.753536	cloud-23941	TIMEOUT	992.628719378	744.7750169770006	7454.232576	cloud-24261	TIMEOUT	990.915115953	929.8935830520059	7996.329984	cloud-23939
combinations/pals_lcr.7_overflow.ufo.UNBOUNDED.pals+Problem12_label05.yml	false	TIMEOUT	991.013064777	921.9043897490046	10154.786816	cloud-23944	TIMEOUT	990.855821221	925.0680936140125	8424.005632	cloud-23939	TIMEOUT (ERROR (solver error, after parsing finished))	969.127505758	882.5261371250017	7914.700800	cloud-23933	TIMEOUT	990.761287499	933.2886734420026	8008.400896	cloud-23944
combinations/pals_lcr.7_overflow.ufo.UNBOUNDED.pals+Problem12_label09.yml	false	TIMEOUT	991.288023889	887.995537128998	8434.864128	cloud-24261	TIMEOUT	991.019075114	753.5107175899902	7772.819456	cloud-23941	TIMEOUT	991.634415735	769.1292788149949	7785.582592	cloud-24261	TIMEOUT	991.296415783	913.8965603360266	7923.503104	cloud-23980
combinations/pals_lcr.8.1.ufo.BOUNDED-16.pals+Problem12_label01.yml	false	TIMEOUT	991.100624454	891.1341876719962	8352.227328	cloud-24261	TIMEOUT	990.993739421	792.2130823000334	7804.256256	cloud-23941	TIMEOUT	991.400293836	768.9404391019998	7906.533376	cloud-23979	TIMEOUT	990.860434191	929.8229384569859	7984.504832	cloud-23943
combinations/pals_lcr.8.1.ufo.BOUNDED-16.pals+Problem12_label02.yml	false	TIMEOUT	990.929391732	913.9724296169989	7833.251840	cloud-23933	TIMEOUT	990.765797889	928.6665731359972	7411.437568	cloud-23942	ERROR (solver error, after parsing finished)	892.133364395	834.8395708930038	10511.863808	cloud-23939	TIMEOUT	991.609880964	897.9449280199769	7961.985024	cloud-23938
combinations/pals_lcr.8.1.ufo.BOUNDED-16.pals+Problem12_label04.yml	false	TIMEOUT	991.29131722	884.2457817300019	8475.119616	cloud-24261	TIMEOUT	992.427043659	808.7867100479998	7814.017024	cloud-23941	TIMEOUT	992.177948046	767.1798770259993	8418.742272	cloud-23942	TIMEOUT	991.531249592	922.5468808090081	10386.620416	cloud-23980
combinations/pals_lcr.8.1.ufo.BOUNDED-16.pals+Problem12_label05.yml	false	TIMEOUT	990.975957922	918.6021918670012	7815.241728	cloud-24261	TIMEOUT	990.753375178	933.6560103640077	7820.840960	cloud-23943	TIMEOUT (ERROR (solver error, after parsing finished))	972.456526856	893.962831236	7830.380544	cloud-23933	TIMEOUT	991.417063374	924.2606511100021	10037.866496	cloud-23979
combinations/pals_lcr.8.1.ufo.BOUNDED-16.pals+Problem12_label09.yml	false	TIMEOUT	990.984066884	897.7679849730048	8555.200512	cloud-23940	TIMEOUT	991.445709452	774.8573011879998	10530.340864	cloud-24441	TIMEOUT	991.373332726	793.795194336	11086.688256	cloud-24276	TIMEOUT	990.758566035	937.7826576869993	7619.272704	cloud-23941
combinations/pals_lcr.8.1.ufo.UNBOUNDED.pals+Problem12_label01.yml	false	TIMEOUT	991.206463067	878.4409161719996	8482.971648	cloud-23979	TIMEOUT	991.313514388	787.6629335509497	7417.073664	cloud-23940	TIMEOUT	991.660434706	790.4984742169981	7827.664896	cloud-24261	TIMEOUT	990.789395818	939.0696658080269	8032.169984	cloud-23944
combinations/pals_lcr.8.1.ufo.UNBOUNDED.pals+Problem12_label02.yml	false	TIMEOUT	990.93843703	910.2919225060032	7990.927360	cloud-23944	TIMEOUT	990.925852112	913.6870858020266	7843.741696	cloud-23944	TIMEOUT (ERROR (solver error, after parsing finished))	936.277786376	865.2897792170043	7993.094144	cloud-23941	TIMEOUT	990.925081254	931.8105882820091	7994.523648	cloud-23941
combinations/pals_lcr.8.1.ufo.UNBOUNDED.pals+Problem12_label04.yml	false	TIMEOUT	991.432403268	872.4974924070011	8503.422976	cloud-24276	TIMEOUT	991.133551624	770.3728711269941	7839.465472	cloud-24643	TIMEOUT	992.104275266	781.7285762370011	7813.066752	cloud-24261	TIMEOUT	990.865829761	928.550056520995	8052.592640	cloud-23941
combinations/pals_lcr.8.1.ufo.UNBOUNDED.pals+Problem12_label05.yml	false	TIMEOUT	990.9868933	903.0175261580007	8494.288896	cloud-23941	TIMEOUT	991.351904749	896.8851970249962	7626.035200	cloud-24441	TIMEOUT	991.010608944	904.338701182	10123.460608	cloud-23933	TIMEOUT	990.895203041	923.6387339539942	8059.641856	cloud-23939
combinations/pals_lcr.8.1.ufo.UNBOUNDED.pals+Problem12_label09.yml	false	TIMEOUT	991.290753232	879.3467033760007	8496.898048	cloud-23933	TIMEOUT	991.451725902	782.2155169040052	7835.066368	cloud-24643	TIMEOUT	991.665104725	756.6481130809989	7815.204864	cloud-23939	TIMEOUT	990.838348846	929.3603843559977	8022.859776	cloud-23940
combinations/pals_lcr.8.ufo.BOUNDED-16.pals+Problem12_label00.yml	false	TIMEOUT	991.437892884	807.1805734389927	7849.725952	cloud-24261	TIMEOUT	991.68997055	820.9732067129953	7479.439360	cloud-24441	TIMEOUT	992.764385377	778.750685735	10458.509312	cloud-23933	TIMEOUT	991.100743102	915.699767801998	8579.641344	cloud-23980
combinations/pals_lcr.8.ufo.BOUNDED-16.pals+Problem12_label01.yml	true	TIMEOUT	991.157040659	870.3903558130005	8506.884096	cloud-24276	TIMEOUT	991.449094011	783.9493030430021	8222.707712	cloud-24444	TIMEOUT	991.521727697	786.1542383060005	7787.499520	cloud-23940	TIMEOUT	991.007125009	927.6469262129976	9962.332160	cloud-23939
combinations/pals_lcr.8.ufo.BOUNDED-16.pals+Problem12_label02.yml	true	TIMEOUT	991.043989353	919.0964630240051	7829.446656	cloud-24261	TIMEOUT	990.81256114	923.015227654003	7851.671552	cloud-23939	TIMEOUT (ERROR (solver error, after parsing finished))	934.124707048	864.8003659239985	7838.617600	cloud-24261	TIMEOUT	991.403251972	899.2502351820003	7996.608512	cloud-23982
combinations/pals_lcr.8.ufo.BOUNDED-16.pals+Problem12_label03.yml	false	TIMEOUT	991.500151378	777.4652665769972	7834.157056	cloud-24261	TIMEOUT	991.148264059	783.8893760740011	7798.886400	cloud-24643	TIMEOUT	991.239871055	765.1943262229979	9825.124352	cloud-23941	TIMEOUT	990.995015316	929.84808969	10556.518400	cloud-23940
combinations/pals_lcr.8.ufo.BOUNDED-16.pals+Problem12_label04.yml	true	TIMEOUT	991.220098495	868.8750048260008	8472.965120	cloud-23979	TIMEOUT	991.704481091	803.6830276180008	7782.137856	cloud-24444	TIMEOUT	991.743566681	795.6028470779984	7457.611776	cloud-23979	TIMEOUT	990.978729131	928.4701782409975	9375.752192	cloud-23939
combinations/pals_lcr.8.ufo.BOUNDED-16.pals+Problem12_label05.yml	true	TIMEOUT	991.326083409	920.6464904509994	10354.692096	cloud-23979	TIMEOUT	991.240115515	914.1626299479994	7835.774976	cloud-24441	TIMEOUT (ERROR (solver error, after parsing finished))	910.178162844	849.0791190050004	7631.536128	cloud-23944	TIMEOUT	991.074241388	927.2597880960093	10506.133504	cloud-23941
combinations/pals_lcr.8.ufo.BOUNDED-16.pals+Problem12_label06.yml	false	TIMEOUT	991.124470073	889.4227321790095	8473.575424	cloud-24261	TIMEOUT	991.385093531	750.5038467469999	7824.617472	cloud-24441	TIMEOUT	991.446851435	750.2720295670006	8288.792576	cloud-23942	TIMEOUT	991.492104277	916.9835422970064	8018.903040	cloud-23980
combinations/pals_lcr.8.ufo.BOUNDED-16.pals+Problem12_label07.yml	false	TIMEOUT	991.02553339	894.6495943769987	8507.437056	cloud-23979	TIMEOUT	992.666314656	798.1304880940006	10110.812160	cloud-24643	TIMEOUT	992.213204583	787.7925071310019	7816.454144	cloud-24261	TIMEOUT	990.859382015	932.0407650299894	7996.203008	cloud-23942
combinations/pals_lcr.8.ufo.BOUNDED-16.pals+Problem12_label08.yml	false	TIMEOUT	991.107337948	901.0081822430002	8588.279808	cloud-23979	TIMEOUT	991.00932112	905.9611688069999	8010.117120	cloud-24444	TIMEOUT (ERROR (solver error, after parsing finished))	925.474987751	858.1393250799956	7833.038848	cloud-23942	TIMEOUT	990.80672618	933.726994992001	8022.446080	cloud-23943
combinations/pals_lcr.8.ufo.BOUNDED-16.pals+Problem12_label09.yml	true	TIMEOUT	991.302608879	885.5873460740004	9606.287360	cloud-23933	TIMEOUT	991.738941843	794.9181301179997	7779.319808	cloud-24441	TIMEOUT	991.104019114	764.0539122949995	10219.532288	cloud-23979	TIMEOUT	990.85975548	927.7377499910071	8051.654656	cloud-23943
combinations/pals_lcr.8.ufo.UNBOUNDED.pals+Problem12_label00.yml	false	TIMEOUT	990.920058185	776.90584601101	7803.813888	cloud-23940	TIMEOUT	991.868668821	792.5264724749977	7845.814272	cloud-23940	TIMEOUT	991.836419457	786.618158559002	7841.169408	cloud-23942	TIMEOUT	990.90189414	924.8515152100008	7996.784640	cloud-23939
combinations/pals_lcr.8.ufo.UNBOUNDED.pals+Problem12_label01.yml	true	TIMEOUT	991.157081412	875.2126781950001	8506.146816	cloud-23979	TIMEOUT	991.470179237	810.9563998510021	7835.938816	cloud-24444	TIMEOUT	992.45468716	796.037357118	7821.230080	cloud-24276	TIMEOUT	991.324656247	912.0424868529954	7995.465728	cloud-23979
combinations/pals_lcr.8.ufo.UNBOUNDED.pals+Problem12_label02.yml	true	TIMEOUT	990.688369865	874.9554309229989	8445.124608	cloud-24276	TIMEOUT	990.807512344	927.9261806430295	7931.056128	cloud-23944	TIMEOUT (ERROR (solver error, after parsing finished))	910.737243161	844.8522910769971	7865.208832	cloud-23941	TIMEOUT	991.52201428	918.0729549610114	9820.925952	cloud-23979
combinations/pals_lcr.8.ufo.UNBOUNDED.pals+Problem12_label03.yml	false	TIMEOUT	991.414283925	793.9212377819995	6935.699456	cloud-23979	TIMEOUT	991.85113134	783.526905050996	10914.058240	cloud-24643	TIMEOUT	990.815913546	786.5999565120001	7848.423424	cloud-23933	TIMEOUT	991.26747378	912.7237749839842	7971.737600	cloud-23933
combinations/pals_lcr.8.ufo.UNBOUNDED.pals+Problem12_label04.yml	true	TIMEOUT	991.289829989	901.8797897170007	10901.708800	cloud-23939	TIMEOUT	992.464137914	779.9632122820476	7827.636224	cloud-23941	TIMEOUT	992.127586777	761.3277561489958	7832.080384	cloud-24261	TIMEOUT	990.886050761	930.4995950640005	8832.151552	cloud-23943
combinations/pals_lcr.8.ufo.UNBOUNDED.pals+Problem12_label05.yml	true	TIMEOUT	991.214138532	916.0284743839875	9970.675712	cloud-24261	TIMEOUT	991.040084749	897.500671183996	7860.195328	cloud-24643	TIMEOUT (ERROR (solver error, after parsing finished))	942.196303403	862.5076133609982	7811.919872	cloud-24261	TIMEOUT	991.54920026	914.8851143009961	9734.365184	cloud-23980
combinations/pals_lcr.8.ufo.UNBOUNDED.pals+Problem12_label06.yml	false	TIMEOUT	991.645416391	776.8506978670011	7797.399552	cloud-24276	TIMEOUT	991.52397398	779.2150549689977	7658.979328	cloud-24643	TIMEOUT	991.001375902	788.2448838089986	7345.766400	cloud-23979	TIMEOUT	991.485843998	912.6777350449993	7966.437376	cloud-23979
combinations/pals_lcr.8.ufo.UNBOUNDED.pals+Problem12_label07.yml	false	TIMEOUT	991.215440932	885.1156692419991	8551.231488	cloud-23979	TIMEOUT	991.383892733	803.683927459002	7819.673600	cloud-24441	TIMEOUT	991.413579956	782.3954369380081	7817.900032	cloud-23943	TIMEOUT	990.80305489	935.9335885059845	8006.635520	cloud-23944
combinations/pals_lcr.8.ufo.UNBOUNDED.pals+Problem12_label08.yml	false	TIMEOUT	991.03518423	912.9344129520014	7847.899136	cloud-24276	TIMEOUT	990.906808268	930.5634199079941	7820.087296	cloud-23942	TIMEOUT (ERROR (solver error, after parsing finished))	946.683377201	873.5228725009947	7801.843712	cloud-24261	TIMEOUT	990.892603523	926.401065662998	8063.557632	cloud-23939
combinations/pals_lcr.8.ufo.UNBOUNDED.pals+Problem12_label09.yml	true	TIMEOUT	991.280374208	875.422562497999	8462.389248	cloud-24276	TIMEOUT	991.873318101	780.2659017149999	7725.142016	cloud-24444	TIMEOUT	991.211823107	772.0517665810003	8331.919360	cloud-24261	TIMEOUT	990.929368151	926.4464626699919	8621.146112	cloud-23939
combinations/pals_lcr.8_overflow.ufo.UNBOUNDED.pals+Problem12_label01.yml	false	TIMEOUT	991.265577769	883.9493691700009	11365.937152	cloud-24276	TIMEOUT	992.391067163	820.2202794010009	7858.642944	cloud-24441	TIMEOUT	990.933541349	772.4323611479922	7821.369344	cloud-23944	TIMEOUT	991.466833916	904.2612604219757	9244.770304	cloud-23982
combinations/pals_lcr.8_overflow.ufo.UNBOUNDED.pals+Problem12_label02.yml	false	TIMEOUT	991.007439412	923.3297983579978	7838.502912	cloud-23939	TIMEOUT	991.125643452	913.6733534249943	10111.737856	cloud-24643	TIMEOUT	990.991217607	892.891688691	7608.303616	cloud-23933	TIMEOUT	991.23331617	907.9851652440266	8010.207232	cloud-23938
combinations/pals_lcr.8_overflow.ufo.UNBOUNDED.pals+Problem12_label04.yml	false	TIMEOUT	991.391410372	885.6315038489993	9140.899840	cloud-23933	TIMEOUT	991.323993679	747.6990239809966	7789.686784	cloud-24441	TIMEOUT	991.557388139	764.9158399989974	7795.060736	cloud-23941	TIMEOUT	990.811834941	928.9746357149852	7417.831424	cloud-23942
combinations/pals_lcr.8_overflow.ufo.UNBOUNDED.pals+Problem12_label05.yml	false	TIMEOUT	991.00399905	923.3088340050017	7369.379840	cloud-23941	TIMEOUT	990.962915214	908.096174929	7435.575296	cloud-23941	TIMEOUT	991.312891905	891.3000679590041	7957.200896	cloud-24261	TIMEOUT	991.378706536	909.7769797949877	7928.086528	cloud-23980
combinations/pals_lcr.8_overflow.ufo.UNBOUNDED.pals+Problem12_label09.yml	false	TIMEOUT	991.008873395	905.3377445740043	8472.825856	cloud-23940	TIMEOUT	991.451046501	773.2765534130012	7797.669888	cloud-24444	TIMEOUT	991.579656978	778.9754658249949	7852.281856	cloud-24261	TIMEOUT	991.072008486	909.445046236011	7740.944384	cloud-23980
combinations/pc_sfifo_1.cil-1+token_ring.01.cil-1.yml	false	false(unreach-call)	41.889200216	23.38894766499834	719.159296	cloud-23979	false(unreach-call)	47.975927008	27.107853739998973	746.405888	cloud-24441	false(unreach-call)	48.149642279	27.033579773999918	756.424704	cloud-23979	false(unreach-call)	88.49097809	57.71995365302428	760.426496	cloud-23982
combinations/pc_sfifo_1.cil-1+token_ring.02.cil-1.yml	false	false(unreach-call)	49.486627594	28.212582068999836	746.815488	cloud-24261	false(unreach-call)	57.06905667	32.8367575470038	789.762048	cloud-24643	false(unreach-call)	54.939834019	31.181338743997912	831.492096	cloud-23933	false(unreach-call)	121.045425533	95.88799847400514	796.803072	cloud-23982
combinations/pc_sfifo_1.cil-1+token_ring.03.cil-2.yml	false	false(unreach-call)	50.90558725	31.447957472999406	781.852672	cloud-23979	false(unreach-call)	61.247770918	36.44750108800508	861.614080	cloud-24444	false(unreach-call)	59.167520043	35.21599252099986	905.089024	cloud-23979	false(unreach-call)	140.296665014	116.1814823759778	872.304640	cloud-23982
combinations/pc_sfifo_1.cil-1+token_ring.04.cil-1.yml	false	false(unreach-call)	65.702481806	40.219337656999414	822.759424	cloud-24261	false(unreach-call)	74.947189448	45.366379175000475	755.183616	cloud-24643	false(unreach-call)	52.638270203	32.884738210999785	721.596416	cloud-23979	false(unreach-call)	117.405572527	92.23009397799615	910.241792	cloud-23979
combinations/pc_sfifo_1.cil-1+token_ring.05.cil-1.yml	false	false(unreach-call)	75.824952194	48.39705295699969	810.217472	cloud-23933	false(unreach-call)	84.288107506	51.80575240199687	794.165248	cloud-24441	false(unreach-call)	64.867506336	40.960277382000186	775.983104	cloud-23979	false(unreach-call)	351.011240824	319.69692927302094	1064.005632	cloud-23938
combinations/pc_sfifo_1.cil-1+token_ring.06.cil-2.yml	false	false(unreach-call)	84.969296305	53.78585043400017	1021.071360	cloud-24261	false(unreach-call)	82.082997843	52.0335910559952	840.462336	cloud-24444	false(unreach-call)	89.443329153	57.25043273900155	946.782208	cloud-24259	false(unreach-call)	614.438435397	582.1692931219877	951.242752	cloud-23982
combinations/pc_sfifo_1.cil-1+token_ring.07.cil-1.yml	false	false(unreach-call)	79.82156568	51.97851893999905	1118.576640	cloud-24261	false(unreach-call)	90.594502347	59.51945541600071	1047.072768	cloud-24441	false(unreach-call)	95.38208653	63.372361677997105	1068.716032	cloud-23933	false(unreach-call)	747.193170144	711.7760726010019	1019.330560	cloud-23982
combinations/pc_sfifo_1.cil-1+token_ring.08.cil-1.yml	false	false(unreach-call)	90.002688524	59.38377617899823	1125.867520	cloud-24261	false(unreach-call)	100.386698493	66.74833394600137	1072.005120	cloud-24441	false(unreach-call)	88.616841373	57.89281682600085	1085.865984	cloud-23979	TIMEOUT	990.353263055	956.9555607110087	1332.068352	cloud-23980
combinations/pc_sfifo_1.cil-1+token_ring.09.cil-1.yml	false	false(unreach-call)	99.800607877	69.28433743799906	972.488704	cloud-23979	false(unreach-call)	103.070661278	70.89297783200163	1254.625280	cloud-24444	false(unreach-call)	119.864032382	81.04723385000398	1100.009472	cloud-24259	false(unreach-call)	763.341788888	733.8768816049851	1425.674240	cloud-23940
combinations/pc_sfifo_1.cil-1+token_ring.10.cil-2.yml	false	false(unreach-call)	106.241830271	75.16031774699877	1152.278528	cloud-23979	false(unreach-call)	114.468594359	78.39527384399844	1043.902464	cloud-24444	false(unreach-call)	96.267001007	67.54780668400053	1040.867328	cloud-23979	false(unreach-call)	812.60081664	768.1383615609957	1455.075328	cloud-23938
combinations/pc_sfifo_1.cil-1+token_ring.11.cil-2.yml	false	false(unreach-call)	117.015825638	84.23160160399857	1278.988288	cloud-23979	false(unreach-call)	120.233466009	84.69674780900095	1571.504128	cloud-24444	false(unreach-call)	109.938333105	79.17034510899975	1596.694528	cloud-23979	TIMEOUT	990.525851051	948.6734585009981	1593.421824	cloud-23982
combinations/pc_sfifo_1.cil-1+token_ring.12.cil-2.yml	false	false(unreach-call)	134.628474535	98.81215683199844	1589.108736	cloud-23979	false(unreach-call)	138.344389377	99.5012412809956	1757.290496	cloud-24441	false(unreach-call)	139.169634882	101.26917161399979	1515.204608	cloud-23933	TIMEOUT	990.461676396	954.3740086999896	1793.355776	cloud-23941
combinations/pc_sfifo_1.cil-1+token_ring.13.cil-2.yml	false	false(unreach-call)	161.53392571	121.70516086499993	2390.003712	cloud-23933	false(unreach-call)	155.271381036	115.84191656199982	2302.656512	cloud-24441	false(unreach-call)	165.914600781	122.64261652200366	1953.239040	cloud-24259	TIMEOUT	990.568398122	945.292259357986	2401.161216	cloud-23980
combinations/pc_sfifo_1.cil-2+token_ring.01.cil-1.yml	true	true	95.670647468	68.22537140900022	914.587648	cloud-23979	true	100.628644067	73.30186227000377	924.213248	cloud-24643	true	113.055852154	80.6370134079989	844.554240	cloud-23933	TIMEOUT	990.360846195	964.3977628879948	858.710016	cloud-23933
combinations/pc_sfifo_1.cil-2+token_ring.01.cil-2.yml	false	false(unreach-call)	92.960924681	64.86879861200214	826.593280	cloud-24261	false(unreach-call)	94.69978369	66.67098184399947	862.474240	cloud-24643	false(unreach-call)	92.386127386	65.07244188799996	836.517888	cloud-23979	TIMEOUT	990.327706573	965.0261707990139	850.206720	cloud-23980
combinations/pc_sfifo_1.cil-2+token_ring.02.cil-1.yml	true	true	175.396557491	139.13454678699964	960.311296	cloud-24261	true	178.360145479	144.792352905999	1079.599104	cloud-24643	true	205.277503218	168.829793926001	1156.694016	cloud-23933	TIMEOUT	990.393067392	958.2527881209971	856.203264	cloud-23933
combinations/pc_sfifo_1.cil-2+token_ring.02.cil-2.yml	false	false(unreach-call)	179.183332841	140.56677386299998	931.225600	cloud-23933	false(unreach-call)	158.182929866	123.20949883299909	944.607232	cloud-24444	false(unreach-call)	152.822815097	124.1285314759989	858.316800	cloud-23979	TIMEOUT	990.379980958	964.2718850310193	966.713344	cloud-23979
combinations/pc_sfifo_1.cil-2+token_ring.03.cil-1.yml	false	false(unreach-call)	297.107962946	264.0294221599979	835.227648	cloud-23979	false(unreach-call)	313.601410099	273.73537091899925	1069.895680	cloud-24441	false(unreach-call)	349.142953024	309.8474219580021	955.523072	cloud-24259	TIMEOUT	990.388012417	959.914081468014	940.609536	cloud-23979
combinations/pc_sfifo_1.cil-2+token_ring.03.cil-2.yml	true	true	389.721066825	356.7773520359988	1006.596096	cloud-24261	true	472.4907841	432.1769667949993	902.520832	cloud-24643	true	486.270524744	450.6518456509948	1003.728896	cloud-24259	TIMEOUT	990.339680834	960.2612163909944	998.699008	cloud-23982
combinations/pc_sfifo_1.cil-2+token_ring.04.cil-1.yml	true	TIMEOUT	990.876280882	937.395312998	975.912960	cloud-23979	TIMEOUT	990.531191329	939.2023607839983	1098.375168	cloud-24441	TIMEOUT (ERROR (inner timeout, after parsing finished))	964.218625971	921.1194761670013	956.260352	cloud-24259	TIMEOUT	990.309172843	967.8717242279963	903.524352	cloud-23943
combinations/pc_sfifo_1.cil-2+token_ring.04.cil-2.yml	false	TIMEOUT	991.041657431	942.6915826860022	1044.324352	cloud-23933	TIMEOUT	990.70224674	933.6553217859982	1001.910272	cloud-24441	TIMEOUT (ERROR (inner timeout, after parsing finished))	955.517967588	917.3968903420027	1018.662912	cloud-23933	TIMEOUT	990.316930406	956.1140521149791	907.235328	cloud-23982
combinations/pc_sfifo_1.cil-2+token_ring.05.cil-1.yml	true	TIMEOUT	990.920155459	938.8785649229976	1191.243776	cloud-23933	TIMEOUT	991.246129633	937.2786977470023	1014.374400	cloud-24444	TIMEOUT (ERROR (inner timeout, after parsing finished))	966.730908269	920.7728048320059	955.314176	cloud-23933	TIMEOUT	990.320633776	956.9994260270032	1066.983424	cloud-23982
combinations/pc_sfifo_1.cil-2+token_ring.05.cil-2.yml	false	TIMEOUT	990.975514185	945.8013008070011	1123.291136	cloud-23979	TIMEOUT	991.296220742	934.8692316500019	1230.569472	cloud-24444	ERROR (solver error, after parsing finished)	765.577007442	725.1592295230002	1073.618944	cloud-23933	TIMEOUT	990.432454894	960.4899035769922	998.707200	cloud-23933
combinations/pc_sfifo_1.cil-2+token_ring.06.cil-1.yml	false	TIMEOUT	992.027820058	933.8862044699999	1081.405440	cloud-24261	TIMEOUT	991.845624764	933.3741655120011	1200.357376	cloud-24441	TIMEOUT (ERROR (inner timeout, after parsing finished))	954.257551525	914.957619879	1401.286656	cloud-23941	TIMEOUT	990.450298484	958.0921517420211	1212.325888	cloud-23979
combinations/pc_sfifo_1.cil-2+token_ring.06.cil-2.yml	true	TIMEOUT	991.130037957	936.2692588640002	1416.155136	cloud-23979	TIMEOUT	990.587825305	931.540076669	1137.082368	cloud-24643	ERROR (solver error, after parsing finished)	771.61655908	728.2361556719998	1168.015360	cloud-23933	TIMEOUT	990.360427491	959.0994497580105	1188.495360	cloud-23980
combinations/pc_sfifo_1.cil-2+token_ring.07.cil-1.yml	true	TIMEOUT	991.102971889	934.1457773060001	1219.600384	cloud-24261	TIMEOUT	991.616679687	932.1312590719972	1187.966976	cloud-24643	ERROR (solver error, after parsing finished)	762.463728653	723.1255014430001	1436.848128	cloud-23979	TIMEOUT	990.403308795	956.2271016480227	1212.518400	cloud-23979
combinations/pc_sfifo_1.cil-2+token_ring.07.cil-2.yml	false	TIMEOUT	992.069234576	933.0389342780036	1247.936512	cloud-23933	TIMEOUT	991.745401941	930.9102607799978	1335.353344	cloud-24643	ERROR (solver error, after parsing finished)	790.34769605	735.4928358239995	1170.079744	cloud-24259	TIMEOUT	990.47105669	946.1962503069954	1039.003648	cloud-23933
combinations/pc_sfifo_1.cil-2+token_ring.08.cil-1.yml	true	TIMEOUT	991.774162327	929.8755043750025	1540.452352	cloud-23933	TIMEOUT	991.822457408	930.8737375849996	1230.557184	cloud-24444	ERROR (solver error, after parsing finished)	782.61590068	731.869810571	1356.632064	cloud-23979	TIMEOUT	990.372899821	951.229628229019	1417.711616	cloud-23938
combinations/pc_sfifo_1.cil-2+token_ring.08.cil-2.yml	false	TIMEOUT	990.571045371	926.2055871190023	1346.125824	cloud-23933	TIMEOUT	991.8625088	932.9421169870002	1265.704960	cloud-24444	ERROR (solver error, after parsing finished)	794.664327376	735.6274000470003	1171.087360	cloud-24259	TIMEOUT	990.471521143	953.5968880259898	1344.040960	cloud-23979
combinations/pc_sfifo_1.cil-2+token_ring.09.cil-1.yml	true	TIMEOUT	990.500539929	925.886683537	1105.014784	cloud-24261	TIMEOUT	990.638737593	929.843709752	1413.156864	cloud-24444	ERROR (solver error, after parsing finished)	796.386872434	738.2085197209963	1586.343936	cloud-23979	TIMEOUT	990.387717799	946.2718810490042	1244.631040	cloud-23982
combinations/pc_sfifo_1.cil-2+token_ring.09.cil-2.yml	false	TIMEOUT	991.567187877	936.0910027130012	1283.133440	cloud-23979	TIMEOUT	992.202303215	935.5280384639991	1595.756544	cloud-24444	ERROR (solver error, after parsing finished)	782.330631145	733.1509157149994	1272.320000	cloud-23979	TIMEOUT	990.488539458	953.615511631011	1541.844992	cloud-23933
combinations/pc_sfifo_1.cil-2+token_ring.10.cil-1.yml	false	TIMEOUT	990.687766978	911.0495069440003	1240.309760	cloud-23933	TIMEOUT	990.607430014	910.9462922900057	1275.920384	cloud-24441	ERROR (solver error, after parsing finished)	782.800071871	733.9010813490004	1084.108800	cloud-23979	TIMEOUT	990.500513873	949.3948501610139	1541.005312	cloud-23933
combinations/pc_sfifo_1.cil-2+token_ring.10.cil-2.yml	true	TIMEOUT	991.733036983	932.5034866079986	1452.306432	cloud-23933	TIMEOUT	990.610415005	932.1097628000007	1392.971776	cloud-24444	ERROR (solver error, after parsing finished)	790.846805445	738.2856895270015	1181.331456	cloud-23933	TIMEOUT	990.487874366	953.5865841860068	1336.487936	cloud-23979
combinations/pc_sfifo_1.cil-2+token_ring.11.cil-1.yml	false	TIMEOUT	990.588899997	917.5203980229999	1166.430208	cloud-23933	TIMEOUT	990.502304072	926.1350416959995	1382.903808	cloud-24643	ERROR (solver error, after parsing finished)	802.617228047	737.7641088310011	1499.557888	cloud-23979	TIMEOUT	990.594121739	945.3572101840109	1808.801792	cloud-23938
combinations/pc_sfifo_1.cil-2+token_ring.11.cil-2.yml	true	TIMEOUT	992.149092708	930.8617625020015	1462.956032	cloud-24261	TIMEOUT	992.0306138	933.9686713619958	1475.444736	cloud-24441	ERROR (solver error, after parsing finished)	786.74747431	735.5231131999999	1305.522176	cloud-23979	TIMEOUT	990.51584514	945.981875100988	1726.746624	cloud-23982
combinations/pc_sfifo_1.cil-2+token_ring.12.cil-1.yml	false	TIMEOUT	990.632481201	934.3996466739991	1581.568000	cloud-23979	TIMEOUT	990.620143228	930.7669327719996	1596.059648	cloud-24444	ERROR (solver error, after parsing finished)	834.074559561	752.059410392998	1557.094400	cloud-24259	TIMEOUT	990.476208196	946.1678821110108	1954.148352	cloud-23982
combinations/pc_sfifo_1.cil-2+token_ring.12.cil-2.yml	true	TIMEOUT	990.495778187	932.7072080779999	1747.619840	cloud-24261	TIMEOUT	991.587265704	932.0590768619986	1555.628032	cloud-24643	ERROR (solver error, after parsing finished)	788.586825858	739.264002226002	1533.399040	cloud-23979	TIMEOUT	990.600792912	941.7599681899883	2132.598784	cloud-23982
combinations/pc_sfifo_1.cil-2+token_ring.13.cil-1.yml	false	TIMEOUT	990.576463301	932.6724690789997	1928.900608	cloud-23979	TIMEOUT	990.556133161	932.9454053380032	2284.711936	cloud-24444	ERROR (solver error, after parsing finished)	815.426818477	754.7875375990043	2258.878464	cloud-23933	TIMEOUT	990.541869721	940.1608070939837	2150.981632	cloud-23982
combinations/pc_sfifo_1.cil-2+token_ring.13.cil-2.yml	true	TIMEOUT	990.500969503	933.1871140020003	2078.453760	cloud-24261	TIMEOUT	990.677993547	931.9932574970007	2137.124864	cloud-24444	ERROR (solver error, after parsing finished)	823.380674328	761.062705632	1727.340544	cloud-23933	TIMEOUT	990.480868212	939.328552003979	2132.066304	cloud-23982
combinations/pc_sfifo_1.cil-2+token_ring.14.cil.yml	false	TIMEOUT	990.521823764	932.8491507450017	1471.811584	cloud-23933	TIMEOUT	991.286232792	937.3460793640043	1479.057408	cloud-24643	ERROR (solver error, after parsing finished)	812.38312843	751.6813698990009	1520.271360	cloud-23933	TIMEOUT	990.579273461	941.9599714450014	1927.114752	cloud-23938
combinations/pc_sfifo_1.cil-2+token_ring.15.cil.yml	false	TIMEOUT	990.694330698	932.723530651001	1992.921088	cloud-24261	TIMEOUT	990.502022701	935.9676942359984	1925.967872	cloud-24643	TIMEOUT	990.66344892	899.4781823010053	2190.217216	cloud-24259	TIMEOUT	990.468578261	947.0647645370045	2099.732480	cloud-23980
combinations/pc_sfifo_2.cil-1+token_ring.01.cil-1.yml	true	true	127.929594284	98.64701049300129	1011.933184	cloud-24261	true	149.786619442	115.31980241199926	899.559424	cloud-24441	true	126.033404802	96.81520595500115	1010.204672	cloud-23979	TIMEOUT	990.329167097	965.9543681289942	878.067712	cloud-23979
combinations/pc_sfifo_2.cil-1+token_ring.01.cil-2.yml	false	false(unreach-call)	105.945736643	79.88963867599523	711.245824	cloud-23979	false(unreach-call)	111.198289585	83.13852811600009	721.985536	cloud-24643	false(unreach-call)	127.546460603	89.97155194000516	809.050112	cloud-23933	TIMEOUT	990.310091716	964.5340348979807	797.462528	cloud-23980
combinations/pc_sfifo_2.cil-1+token_ring.02.cil-1.yml	true	true	223.499677642	190.24518969900055	1004.728320	cloud-24261	true	221.340037848	188.44812443800038	1266.438144	cloud-24643	true	206.465069187	175.6048779690027	1043.927040	cloud-23979	TIMEOUT	990.36663536	966.3925027489895	923.025408	cloud-23979
combinations/pc_sfifo_2.cil-1+token_ring.02.cil-2.yml	false	false(unreach-call)	190.753013055	165.228771701999	938.385408	cloud-23979	false(unreach-call)	203.882321213	167.39279805100523	1012.731904	cloud-24444	false(unreach-call)	208.331885797	174.42467393500556	938.250240	cloud-23979	TIMEOUT	990.368505997	960.0920699120034	884.006912	cloud-23933
combinations/pc_sfifo_2.cil-1+token_ring.03.cil-1.yml	false	false(unreach-call)	410.305592846	373.42037354200147	986.034176	cloud-23979	false(unreach-call)	398.00198299	361.57727571600117	959.660032	cloud-24643	false(unreach-call)	395.327341602	360.72274712499984	999.677952	cloud-23979	TIMEOUT	990.326728051	965.18655356401	892.129280	cloud-23933
combinations/pc_sfifo_2.cil-1+token_ring.03.cil-2.yml	true	true	524.824749194	487.87823849199776	970.878976	cloud-23979	true	512.01273937	474.8127263549977	1071.951872	cloud-24444	true	507.709927928	468.71242812499986	1077.723136	cloud-23979	TIMEOUT	990.243982165	971.5583556700149	950.546432	cloud-23944
combinations/pc_sfifo_2.cil-1+token_ring.04.cil-1.yml	true	TIMEOUT	990.299821262	939.9696094840001	949.616640	cloud-24261	TIMEOUT	990.840879776	946.2899385159981	1119.682560	cloud-23941	ERROR (solver error, after parsing finished)	771.776423667	727.9992951029999	1145.004032	cloud-24259	TIMEOUT	990.329796015	962.3032543620211	918.261760	cloud-23980
combinations/pc_sfifo_2.cil-1+token_ring.04.cil-2.yml	false	TIMEOUT	990.703168874	934.3361207130001	970.047488	cloud-23933	TIMEOUT	990.221097311	943.5019774350003	1020.686336	cloud-24643	ERROR (solver error, after parsing finished)	765.81106365	724.9261300449944	953.602048	cloud-23933	TIMEOUT	990.382711471	954.3076117000019	995.360768	cloud-23938
combinations/pc_sfifo_2.cil-1+token_ring.05.cil-1.yml	true	TIMEOUT	990.17419103	943.307142656995	1095.372800	cloud-23979	TIMEOUT	991.071742535	934.888630898	1137.848320	cloud-24441	ERROR (solver error, after parsing finished)	762.653924655	722.938519538	1024.888832	cloud-23979	TIMEOUT	990.355353976	954.9717575709801	919.945216	cloud-23982
combinations/pc_sfifo_2.cil-1+token_ring.05.cil-2.yml	false	TIMEOUT	990.256129075	935.5040149630004	1048.498176	cloud-23933	TIMEOUT	991.283946584	932.843975910997	991.879168	cloud-24441	ERROR (solver error, after parsing finished)	772.979719345	727.9278248539995	1324.523520	cloud-23933	TIMEOUT	990.366403247	957.0295958610077	1113.006080	cloud-23982
combinations/pc_sfifo_2.cil-1+token_ring.06.cil-1.yml	false	TIMEOUT	991.151714943	936.891194021	1442.357248	cloud-24261	TIMEOUT	991.496850893	929.5994797329986	1201.442816	cloud-24643	TIMEOUT (ERROR (inner timeout, after parsing finished))	988.297005595	925.304604626006	972.681216	cloud-24259	TIMEOUT	990.392626175	958.5430616509984	1128.419328	cloud-23979
combinations/pc_sfifo_2.cil-1+token_ring.06.cil-2.yml	true	TIMEOUT	990.387167561	931.5596894610007	1260.969984	cloud-23979	TIMEOUT	991.955123732	931.1970677400022	1184.272384	cloud-24643	TIMEOUT (ERROR (inner timeout, after parsing finished))	974.263202225	926.1426158460017	1137.524736	cloud-24259	TIMEOUT	990.445802997	958.988361479016	1155.985408	cloud-23979
combinations/pc_sfifo_2.cil-1+token_ring.07.cil-1.yml	true	TIMEOUT	991.034986675	924.6288653720003	1511.301120	cloud-24261	TIMEOUT	991.767976263	931.5369390080014	1091.366912	cloud-24444	ERROR (solver error, after parsing finished)	798.100584131	735.2654353940015	1273.978880	cloud-24259	TIMEOUT	990.412104228	950.7583559310006	1273.565184	cloud-23982
combinations/pc_sfifo_2.cil-1+token_ring.07.cil-2.yml	false	TIMEOUT	990.562747875	922.8264826100003	1081.561088	cloud-23933	TIMEOUT	990.703045235	916.4098429680016	1308.090368	cloud-24444	ERROR (solver error, after parsing finished)	780.410340596	726.1483397560005	1275.686912	cloud-23979	TIMEOUT	990.400997592	952.3889670549834	1272.389632	cloud-23980
combinations/pc_sfifo_2.cil-1+token_ring.08.cil-1.yml	true	TIMEOUT	991.832557774	930.0095206760016	1123.479552	cloud-23933	TIMEOUT	990.712035351	920.1902823	1485.529088	cloud-24643	ERROR (solver error, after parsing finished)	776.034047671	729.4376112900027	1447.284736	cloud-23979	TIMEOUT	990.498928637	945.1777298290108	1383.829504	cloud-23982
combinations/pc_sfifo_2.cil-1+token_ring.08.cil-2.yml	false	TIMEOUT	991.661918409	930.8009146139993	1261.359104	cloud-23979	TIMEOUT	991.9682296	925.2503456720005	1283.604480	cloud-24643	ERROR (solver error, after parsing finished)	768.326635276	722.7018517300003	1251.454976	cloud-23942	TIMEOUT	990.410839185	952.1045735869848	1356.386304	cloud-23980
combinations/pc_sfifo_2.cil-1+token_ring.09.cil-1.yml	true	TIMEOUT	990.699128954	906.9258874369989	1218.347008	cloud-23933	TIMEOUT	990.66461278	912.8596195210012	1322.754048	cloud-24643	ERROR (solver error, after parsing finished)	799.572670612	727.4581478989999	1529.311232	cloud-23939	TIMEOUT	990.451588528	953.750719225005	1416.622080	cloud-23980
combinations/pc_sfifo_2.cil-1+token_ring.09.cil-2.yml	false	TIMEOUT	991.650358264	936.0180206369987	1283.239936	cloud-23979	TIMEOUT	990.658512891	907.4060160770023	1238.368256	cloud-24441	ERROR (solver error, after parsing finished)	795.56283497	736.2766427220049	1267.494912	cloud-23979	TIMEOUT	990.403077325	952.0745279840194	1213.677568	cloud-23980
combinations/pc_sfifo_2.cil-1+token_ring.10.cil-1.yml	false	TIMEOUT	990.628541084	921.3083282260013	1467.338752	cloud-23940	TIMEOUT	990.526378626	931.9569302460004	1297.154048	cloud-24441	ERROR (solver error, after parsing finished)	838.259799034	747.1444136249993	1261.289472	cloud-24259	TIMEOUT	990.608945785	946.4669524180063	1963.397120	cloud-23938
combinations/pc_sfifo_2.cil-1+token_ring.10.cil-2.yml	true	TIMEOUT	990.652945817	914.0846570190006	1326.546944	cloud-23933	TIMEOUT	991.769027643	933.9862176959941	1361.121280	cloud-24441	ERROR (solver error, after parsing finished)	808.118988858	744.1238228869988	1595.060224	cloud-23933	TIMEOUT	990.484390359	945.3973813909979	1350.631424	cloud-23982
combinations/pc_sfifo_2.cil-1+token_ring.11.cil-1.yml	false	TIMEOUT	990.701689343	904.4916831730006	1544.077312	cloud-23933	TIMEOUT	990.627972374	931.1282628840017	1316.802560	cloud-24643	ERROR (solver error, after parsing finished)	788.381461322	738.9092983029986	1249.648640	cloud-23979	TIMEOUT	990.605259675	941.4819235519972	1664.630784	cloud-23938
combinations/pc_sfifo_2.cil-1+token_ring.11.cil-2.yml	true	TIMEOUT	990.595259437	928.0845228090002	1674.293248	cloud-23933	TIMEOUT	990.34531461	936.0861771819982	1374.969856	cloud-24643	TIMEOUT (ERROR (verification stuck, after parsing finished))	951.550629876	873.9965540560006	1705.615360	cloud-23933	TIMEOUT	990.546305498	944.1061597759835	1818.550272	cloud-23938
combinations/pc_sfifo_2.cil-1+token_ring.12.cil-1.yml	false	TIMEOUT	990.541656431	925.6545141739989	1416.081408	cloud-24261	TIMEOUT	990.519776577	929.6266928200002	1570.906112	cloud-24441	ERROR (solver error, after parsing finished)	837.008320556	754.1703904620008	1768.771584	cloud-24259	TIMEOUT	990.47984392	953.0511340420053	1940.660224	cloud-23980
combinations/pc_sfifo_2.cil-1+token_ring.12.cil-2.yml	true	TIMEOUT	990.495528601	935.4834163470005	1391.591424	cloud-24261	TIMEOUT	991.864796603	936.6626351300001	2317.168640	cloud-24444	TIMEOUT (ERROR (verification stuck, after parsing finished))	977.110317667	896.7792686860003	2106.290176	cloud-23979	TIMEOUT	990.558570078	950.7586608619895	2031.005696	cloud-23933
combinations/pc_sfifo_2.cil-1+token_ring.13.cil-1.yml	false	TIMEOUT	990.635149464	916.508480049999	2145.579008	cloud-23933	TIMEOUT	990.64297015	933.6283956300031	1931.423744	cloud-23944	ERROR (solver error, after parsing finished)	821.019227295	761.2617788159987	1865.895936	cloud-24259	TIMEOUT	990.480299968	945.0334673420002	2885.730304	cloud-23980
combinations/pc_sfifo_2.cil-1+token_ring.13.cil-2.yml	true	TIMEOUT	990.595367304	917.5153511059998	2035.343360	cloud-24261	TIMEOUT	990.761425048	894.3854289700012	1972.097024	cloud-24444	ERROR (solver error, after parsing finished)	803.755559918	748.8495651530002	1746.960384	cloud-23979	TIMEOUT	990.520812245	940.2875931570015	2627.940352	cloud-23982
combinations/pc_sfifo_2.cil-1+token_ring.14.cil.yml	false	TIMEOUT	990.633175068	933.5520245709995	1802.141696	cloud-24261	TIMEOUT	992.130957801	934.7378838290024	1616.297984	cloud-24441	ERROR (solver error, after parsing finished)	804.529231871	748.4989693550015	1925.111808	cloud-23979	TIMEOUT	990.558433375	945.9027648949996	1915.297792	cloud-23933
combinations/pc_sfifo_2.cil-1+token_ring.15.cil.yml	false	TIMEOUT	990.532008454	929.3390064890009	2137.055232	cloud-23933	TIMEOUT	990.684794355	929.7232630869985	2244.636672	cloud-24444	ERROR (solver error, after parsing finished)	828.003961965	761.819165072	2434.088960	cloud-23933	TIMEOUT	990.529432188	940.4389800039935	1831.227392	cloud-23980
combinations/pc_sfifo_2.cil-2+token_ring.01.cil-1.yml	false	false(unreach-call)	46.333776518	26.647698105000018	714.338304	cloud-24261	false(unreach-call)	51.92188976	27.674978369999735	694.128640	cloud-24441	false(unreach-call)	43.100904558	25.382009819999894	701.329408	cloud-23933	false(unreach-call)	792.098994587	763.624639843998	769.118208	cloud-23938
combinations/pc_sfifo_2.cil-2+token_ring.02.cil-1.yml	false	false(unreach-call)	60.816199445	35.16850643200087	758.939648	cloud-23933	false(unreach-call)	39.481602511	23.656791743000213	812.408832	cloud-23943	false(unreach-call)	50.480215346	29.07341445100019	857.468928	cloud-23979	TIMEOUT	990.297737942	959.2347566800017	803.700736	cloud-23982
combinations/pc_sfifo_2.cil-2+token_ring.03.cil-2.yml	false	false(unreach-call)	56.852006471	33.747841085998516	810.471424	cloud-24261	false(unreach-call)	58.555278298	34.31643741399603	804.433920	cloud-24444	false(unreach-call)	54.576359823	32.526498815001105	810.332160	cloud-23979	TIMEOUT	990.358084205	964.7284703199985	852.553728	cloud-23979
combinations/pc_sfifo_2.cil-2+token_ring.04.cil-1.yml	false	false(unreach-call)	66.692747806	41.34300867799902	975.745024	cloud-23933	false(unreach-call)	64.25349394	39.07564796400038	823.382016	cloud-24643	false(unreach-call)	77.127360389	46.65904271000181	795.906048	cloud-24259	TIMEOUT	990.372338159	960.877616910002	985.444352	cloud-23979
combinations/pc_sfifo_2.cil-2+token_ring.05.cil-1.yml	false	false(unreach-call)	72.934845027	46.24783920700065	945.414144	cloud-23933	false(unreach-call)	82.587927978	52.014632337000876	803.127296	cloud-24441	false(unreach-call)	76.252262235	48.667605429000105	968.871936	cloud-23933	TIMEOUT	990.369772968	959.9499871739827	996.282368	cloud-23933
combinations/pc_sfifo_2.cil-2+token_ring.06.cil-2.yml	false	false(unreach-call)	82.993817072	52.19375827799922	918.007808	cloud-24261	false(unreach-call)	75.763690913	49.33623963699938	852.807680	cloud-24441	false(unreach-call)	89.788074321	56.53792836900175	1119.821824	cloud-24259	TIMEOUT	990.415598818	956.010955367994	1007.800320	cloud-23933
combinations/pc_sfifo_2.cil-2+token_ring.07.cil-1.yml	false	false(unreach-call)	101.393994562	65.99561869100035	1116.336128	cloud-23933	false(unreach-call)	91.359606876	59.82906928300508	1089.953792	cloud-24444	false(unreach-call)	99.930390347	64.76465943999938	1096.744960	cloud-24259	TIMEOUT	990.482772141	943.6787529580179	1098.133504	cloud-23933
combinations/pc_sfifo_2.cil-2+token_ring.08.cil-1.yml	false	false(unreach-call)	87.238548586	58.79006453799957	1262.104576	cloud-24261	false(unreach-call)	111.935648129	73.99941080099961	1219.731456	cloud-24441	false(unreach-call)	100.638487586	67.01294730199879	1214.132224	cloud-23979	TIMEOUT	990.481975529	956.2514069119934	1330.511872	cloud-23933
combinations/pc_sfifo_2.cil-2+token_ring.09.cil-1.yml	false	false(unreach-call)	85.078807713	59.53244443699805	1139.113984	cloud-23941	false(unreach-call)	87.888993898	62.064777671999764	1136.349184	cloud-23939	false(unreach-call)	109.895252294	73.59302740799467	1284.960256	cloud-23979	TIMEOUT	990.448157593	954.6875973760034	1486.024704	cloud-23980
combinations/pc_sfifo_2.cil-2+token_ring.10.cil-2.yml	false	false(unreach-call)	112.551323142	78.27228400700005	1213.603840	cloud-24261	false(unreach-call)	132.968555277	93.33992198000487	1065.512960	cloud-24441	false(unreach-call)	129.163377007	88.56363406600212	1152.929792	cloud-23933	TIMEOUT	990.497403601	949.1820945259824	1425.870848	cloud-23979
combinations/pc_sfifo_2.cil-2+token_ring.11.cil-2.yml	false	false(unreach-call)	100.918311846	72.67692104399976	1297.907712	cloud-23941	false(unreach-call)	134.553829919	94.83820205300071	1391.468544	cloud-24444	false(unreach-call)	131.648467234	96.1208383889998	1341.820928	cloud-23933	TIMEOUT	990.468202452	944.5081506050192	1445.208064	cloud-23982
combinations/pc_sfifo_2.cil-2+token_ring.12.cil-2.yml	false	false(unreach-call)	134.776584438	96.41946991199984	1770.164224	cloud-24261	false(unreach-call)	141.180531436	100.01457290799954	1605.382144	cloud-24444	false(unreach-call)	133.486649813	95.05095901599998	1475.612672	cloud-23979	TIMEOUT	990.506845553	947.9844823149906	2003.378176	cloud-23979
combinations/pc_sfifo_2.cil-2+token_ring.13.cil-2.yml	false	false(unreach-call)	141.028502795	103.74835722900002	2076.925952	cloud-24261	false(unreach-call)	167.854191556	123.33472153400362	2027.356160	cloud-24643	false(unreach-call)	138.572237795	102.69295577600133	2035.027968	cloud-23979	TIMEOUT	990.630559001	939.5685779929918	2469.756928	cloud-23938
combinations/pc_sfifo_3.cil+token_ring.01.cil-1.yml	true	true	79.457348538	53.29390580499967	926.388224	cloud-23979	true	82.480038138	54.19115710099868	937.172992	cloud-24643	true	73.60774673	47.993708043999504	1013.780480	cloud-23979	TIMEOUT	990.342718398	966.1855860819924	911.245312	cloud-23979
combinations/pc_sfifo_3.cil+token_ring.01.cil-2.yml	false	false(unreach-call)	55.41160353	31.87931076199675	715.329536	cloud-24261	false(unreach-call)	63.407481246	37.121228520999466	816.386048	cloud-24643	false(unreach-call)	54.529267832	32.40091552800004	837.545984	cloud-23979	TIMEOUT	990.344813154	964.3594481619948	878.968832	cloud-23980
combinations/pc_sfifo_3.cil+token_ring.02.cil-1.yml	true	true	256.681329589	224.88463572899855	1028.005888	cloud-24261	true	271.358634889	236.6819174609991	1021.292544	cloud-24643	true	223.280896064	190.22845587200027	1221.500928	cloud-23940	TIMEOUT	990.418366632	959.4805076329794	835.104768	cloud-23938
combinations/pc_sfifo_3.cil+token_ring.02.cil-2.yml	false	false(unreach-call)	253.158134518	217.80221426199978	951.132160	cloud-24261	false(unreach-call)	247.969273089	212.95663870899807	979.329024	cloud-24643	false(unreach-call)	267.241524271	227.84070249600063	913.399808	cloud-23933	TIMEOUT	990.328843723	958.4900448179978	959.045632	cloud-23980
combinations/pc_sfifo_3.cil+token_ring.03.cil-1.yml	false	false(unreach-call)	463.883453865	418.2212543029964	876.879872	cloud-23933	false(unreach-call)	441.995284936	402.74135110500356	995.631104	cloud-24643	false(unreach-call)	331.594080725	298.9924390929955	1061.720064	cloud-23944	TIMEOUT	990.376898847	959.7878817049786	974.757888	cloud-23938
combinations/pc_sfifo_3.cil+token_ring.03.cil-2.yml	true	true	517.923991755	480.35748387100466	988.196864	cloud-23979	true	476.659584628	439.52080372400087	1114.247168	cloud-24444	true	505.174153529	462.8237569119956	979.849216	cloud-23979	TIMEOUT	990.357699494	959.0644176589849	907.939840	cloud-23979
combinations/pc_sfifo_3.cil+token_ring.04.cil-1.yml	true	TIMEOUT	991.083350338	944.7314526379996	1084.555264	cloud-23979	TIMEOUT	991.074256509	930.8874714199992	1059.446784	cloud-24444	ERROR (solver error, after parsing finished)	766.034425722	724.9485464600002	1236.652032	cloud-23979	TIMEOUT	990.414377867	954.7386622900085	969.482240	cloud-23982
combinations/pc_sfifo_3.cil+token_ring.04.cil-2.yml	false	TIMEOUT	991.025365074	944.2079688479971	1191.239680	cloud-23979	TIMEOUT	991.827598288	933.8271155160037	1142.378496	cloud-24444	ERROR (solver error, after parsing finished)	772.254321729	729.519461584001	1159.204864	cloud-24259	TIMEOUT	990.425558402	955.9795699249953	942.030848	cloud-23938
combinations/pc_sfifo_3.cil+token_ring.05.cil-1.yml	true	TIMEOUT	990.578503616	939.5721778840016	1342.816256	cloud-23979	TIMEOUT	991.20670159	937.3772090109996	1152.286720	cloud-24643	TIMEOUT (ERROR (inner timeout, after parsing finished))	971.225680593	924.0248459900031	1305.956352	cloud-24259	TIMEOUT	990.389559443	959.0108934600139	1162.788864	cloud-23980
combinations/pc_sfifo_3.cil+token_ring.05.cil-2.yml	false	TIMEOUT	991.999820758	930.6452416570028	1250.701312	cloud-23933	TIMEOUT	990.717614098	936.3579097439979	1162.289152	cloud-24643	ERROR (solver error, after parsing finished)	763.788976382	725.3546205529992	973.684736	cloud-23979	TIMEOUT	990.446247781	944.8458895990043	1032.445952	cloud-23938
combinations/pc_sfifo_3.cil+token_ring.06.cil-1.yml	false	TIMEOUT	992.037543556	933.0235509479971	1143.881728	cloud-23933	TIMEOUT	992.088374	931.0436497440023	1033.076736	cloud-24643	ERROR (solver error, after parsing finished)	783.947153052	734.5402526959952	1397.116928	cloud-23933	TIMEOUT	990.371456973	962.9432560589921	1078.386688	cloud-23941
combinations/pc_sfifo_3.cil+token_ring.06.cil-2.yml	true	TIMEOUT	991.913028049	933.6689795799994	1118.924800	cloud-23933	TIMEOUT	991.860958135	933.1844007940017	1232.023552	cloud-24444	ERROR (solver error, after parsing finished)	765.868429153	725.6484462669978	1234.128896	cloud-23979	TIMEOUT	990.439425519	954.4265117160103	1229.287424	cloud-23938
combinations/pc_sfifo_3.cil+token_ring.07.cil-1.yml	true	TIMEOUT	990.278462069	935.5762369350014	1485.172736	cloud-24261	TIMEOUT	990.870602928	935.3915495379988	1257.680896	cloud-24643	TIMEOUT (ERROR (server error, after parsing finished))	972.419560683	923.7495882920011	1441.714176	cloud-23979	TIMEOUT	990.435629354	957.9527538770053	1345.691648	cloud-23979
combinations/pc_sfifo_3.cil+token_ring.07.cil-2.yml	false	TIMEOUT	992.171230136	935.3413485630008	1327.362048	cloud-24261	TIMEOUT	991.541875526	934.5987438999946	1307.901952	cloud-24444	ERROR (solver error, after parsing finished)	775.804369874	731.6687620869998	1269.612544	cloud-23979	TIMEOUT	990.460315165	952.0423088220123	1368.449024	cloud-23979
combinations/pc_sfifo_3.cil+token_ring.08.cil-1.yml	true	TIMEOUT	992.150951423	935.1443889620004	1412.296704	cloud-23979	TIMEOUT	992.061489641	935.439362490004	1444.974592	cloud-24643	ERROR (verification stuck, after parsing finished)	881.709766431	826.4473133790016	1196.613632	cloud-24259	TIMEOUT	990.467281893	956.7096877089934	1452.216320	cloud-23980
combinations/pc_sfifo_3.cil+token_ring.08.cil-2.yml	false	TIMEOUT	990.518103926	935.7474283589981	1451.524096	cloud-24261	TIMEOUT	991.929595056	934.2858387149972	1220.444160	cloud-24441	ERROR (verification stuck, after parsing finished)	861.623207575	802.8601652200014	1534.009344	cloud-23933	TIMEOUT	990.454599267	953.047471302998	1349.959680	cloud-23980
combinations/pc_sfifo_3.cil+token_ring.09.cil-1.yml	true	TIMEOUT	991.837269374	933.6663918179984	1431.478272	cloud-24261	TIMEOUT	992.095345471	936.0068022670021	1324.261376	cloud-24444	ERROR (solver error, after parsing finished)	786.166974702	737.392742837	1101.295616	cloud-23933	TIMEOUT	990.435007075	956.7781851699983	1632.690176	cloud-23933
combinations/pc_sfifo_3.cil+token_ring.09.cil-2.yml	false	TIMEOUT	991.976813105	932.8762929410004	1286.516736	cloud-23979	TIMEOUT	991.734401763	933.2086846279999	1193.218048	cloud-24643	ERROR (solver error, after parsing finished)	792.929172336	740.4637269329978	1437.569024	cloud-23933	TIMEOUT	990.438916535	957.7388071809837	1575.378944	cloud-23980
combinations/pc_sfifo_3.cil+token_ring.10.cil-1.yml	false	TIMEOUT	992.033349171	937.3144865119993	1591.791616	cloud-24261	TIMEOUT	991.827839629	935.1234802110012	1541.373952	cloud-24643	ERROR (solver error, after parsing finished)	795.999530905	741.3387904309993	1296.330752	cloud-23979	TIMEOUT	990.47228995	950.7956170789839	1663.381504	cloud-23979
combinations/pc_sfifo_3.cil+token_ring.10.cil-2.yml	true	TIMEOUT	991.265806935	936.508600901001	1485.742080	cloud-23944	TIMEOUT	992.17271713	934.2041489460025	1533.644800	cloud-24441	ERROR (solver error, after parsing finished)	800.218307365	745.1026383860008	1296.105472	cloud-23933	TIMEOUT	990.47128613	953.1276647240156	1461.858304	cloud-23980
combinations/pc_sfifo_3.cil+token_ring.11.cil-1.yml	false	TIMEOUT	991.822387463	936.721678594	1734.365184	cloud-24261	TIMEOUT	991.686700405	935.2307057529979	1538.719744	cloud-24643	TIMEOUT (ERROR (verification stuck, after parsing finished))	905.580992207	846.8091495429999	1536.057344	cloud-23933	TIMEOUT	990.521327339	939.970625218004	1928.056832	cloud-23982
combinations/pc_sfifo_3.cil+token_ring.11.cil-2.yml	true	TIMEOUT	990.54313939	934.9202669860006	1800.097792	cloud-23979	TIMEOUT	990.901759976	937.3315362159992	1439.207424	cloud-24643	ERROR (solver error, after parsing finished)	800.07980227	745.4138748360001	1554.571264	cloud-23933	TIMEOUT	990.501450022	952.9498714009824	1907.716096	cloud-23980
combinations/pc_sfifo_3.cil+token_ring.12.cil-1.yml	false	TIMEOUT	990.517621727	934.3871774440013	1637.437440	cloud-24261	TIMEOUT	992.160305634	937.5190963730056	1577.943040	cloud-24441	ERROR (solver error, after parsing finished)	807.33922886	751.635633736998	2149.335040	cloud-23933	TIMEOUT	990.602619731	941.9731665540021	1967.489024	cloud-23938
combinations/pc_sfifo_3.cil+token_ring.12.cil-2.yml	true	TIMEOUT	991.892826379	936.5280639019984	1547.689984	cloud-23941	TIMEOUT	991.140639283	936.280538383995	1633.353728	cloud-23944	ERROR (solver error, after parsing finished)	807.493728262	750.8976019740003	1789.526016	cloud-23933	TIMEOUT	990.592994783	949.8519417429925	2379.141120	cloud-23933
combinations/pc_sfifo_3.cil+token_ring.13.cil-1.yml	false	TIMEOUT	990.558547961	933.0179692559977	2169.155584	cloud-23933	TIMEOUT	990.543056831	925.0922595360025	2043.777024	cloud-24441	TIMEOUT (ERROR (verification stuck, after parsing finished))	955.047028687	892.2081052069989	2332.286976	cloud-24259	TIMEOUT	990.673943271	943.1561532600026	2356.944896	cloud-23979
combinations/pc_sfifo_3.cil+token_ring.13.cil-2.yml	true	TIMEOUT	990.538427155	934.2677905970013	2468.360192	cloud-23979	TIMEOUT	990.608558738	917.8961364749994	2060.079104	cloud-24444	TIMEOUT (ERROR (verification stuck, after parsing finished))	936.59878083	869.5788823090043	1856.221184	cloud-24259	TIMEOUT	990.624803014	946.9591308029776	2407.124992	cloud-23979
combinations/pc_sfifo_3.cil+token_ring.14.cil.yml	false	TIMEOUT	992.126376808	938.6400998589997	1736.036352	cloud-23979	TIMEOUT	990.601040775	932.978840189	1584.332800	cloud-24444	ERROR (solver error, after parsing finished)	801.984808775	748.1281956829989	1764.036608	cloud-23933	TIMEOUT	990.598879379	940.897674265987	2139.496448	cloud-23938
combinations/pc_sfifo_3.cil+token_ring.15.cil.yml	false	TIMEOUT	990.62414589	936.7419743220007	1990.643712	cloud-24261	TIMEOUT	990.514623342	932.181062822001	2209.812480	cloud-24441	ERROR (solver error, after parsing finished)	818.234661713	759.1335774799954	2253.078528	cloud-23933	TIMEOUT	990.608688804	946.1636798820109	2310.782976	cloud-23980
combinations/square_1+soft_float_1-2a.c.cil.yml	false	TIMEOUT	990.401178019	973.994332207003	1302.188032	cloud-23979	TIMEOUT	990.459091466	971.8761823950008	1087.262720	cloud-24643	ERROR (solver error, after parsing finished)	727.418930301	714.4203861089991	1060.966400	cloud-24259	TIMEOUT	990.381534934	973.5915605799819	1177.645056	cloud-23979
combinations/square_1+soft_float_2a.c.cil.yml	false	TIMEOUT	990.474100235	972.2940292670028	1302.183936	cloud-24261	TIMEOUT	990.489869655	969.888896774999	1121.509376	cloud-24444	ERROR (solver error, after parsing finished)	730.46243442	715.8420734329993	1078.878208	cloud-23933	TIMEOUT	990.342008148	971.9585966729792	1110.310912	cloud-23938
combinations/square_1+soft_float_3a.c.cil.yml	false	TIMEOUT	990.401129495	972.4479478600006	1106.927616	cloud-23979	TIMEOUT	990.436157683	970.9048936260006	1101.254656	cloud-24444	ERROR (solver error, after parsing finished)	728.648682063	714.6174535169994	1078.915072	cloud-23933	TIMEOUT	990.395427837	975.1284330369963	1134.366720	cloud-23938
combinations/square_1+soft_float_4-2a.c.cil.yml	false	TIMEOUT	990.429542878	971.8965758359991	1124.884480	cloud-23933	TIMEOUT	990.420082158	971.6065785469982	1097.388032	cloud-24643	ERROR (solver error, after parsing finished)	728.977208479	715.7637549270003	1073.352704	cloud-24259	TIMEOUT	990.219333261	980.0028699490067	1080.832000	cloud-23944
combinations/square_1+soft_float_5a.c.cil.yml	false	TIMEOUT	990.412912293	972.4750320699986	1077.301248	cloud-23933	TIMEOUT	990.448313104	972.9571213159998	1096.040448	cloud-24441	ERROR (solver error, after parsing finished)	726.124176559	712.9404826819955	1099.022336	cloud-23979	TIMEOUT	990.290111302	976.1773797960195	1139.912704	cloud-23982
combinations/square_2+soft_float_1-2a.c.cil.yml	false	TIMEOUT	990.43388823	970.6476765160005	1114.529792	cloud-23933	TIMEOUT	990.392929651	972.2343026710005	1110.523904	cloud-24444	ERROR (solver error, after parsing finished)	724.957146524	712.7995467600012	1107.374080	cloud-23979	TIMEOUT	990.368858488	978.8904786039784	1037.643776	cloud-23980
combinations/square_2+soft_float_2a.c.cil.yml	false	TIMEOUT	990.488977977	969.7549234860016	1124.626432	cloud-23933	TIMEOUT	990.457268031	971.2743096779959	1120.813056	cloud-24441	ERROR (solver error, after parsing finished)	727.687425142	714.9192376969986	1129.783296	cloud-24259	TIMEOUT	990.336285319	976.287322551012	1050.824704	cloud-23980
combinations/square_2+soft_float_3a.c.cil.yml	false	TIMEOUT	990.402185666	974.7336878759997	1174.315008	cloud-23979	TIMEOUT	990.459488755	973.9735010249997	1121.431552	cloud-24643	ERROR (solver error, after parsing finished)	724.477449608	712.531885078999	1173.352448	cloud-23979	TIMEOUT	990.361552134	973.9920405730081	1024.520192	cloud-23933
combinations/square_2+soft_float_4-2a.c.cil.yml	false	TIMEOUT	990.470732304	971.0336807040003	1102.815232	cloud-24261	TIMEOUT	990.3604194	973.2215637560003	1094.115328	cloud-24643	ERROR (solver error, after parsing finished)	723.935126967	712.0433484950045	1192.185856	cloud-23979	TIMEOUT	990.337287785	974.4942876530113	1144.389632	cloud-23933
combinations/square_2+soft_float_5a.c.cil.yml	false	TIMEOUT	990.472391916	970.409774470998	1118.056448	cloud-23933	TIMEOUT	990.416998196	971.1994865849992	1099.714560	cloud-24441	ERROR (solver error, after parsing finished)	728.457402236	714.4515456640002	1121.447936	cloud-23933	TIMEOUT	990.338386014	974.2942055329913	1089.560576	cloud-23938
combinations/square_3+soft_float_1-2a.c.cil.yml	false	TIMEOUT	990.514944389	970.9895873480018	1085.640704	cloud-23933	TIMEOUT	990.45831979	970.0632426949996	1114.992640	cloud-24444	ERROR (solver error, after parsing finished)	729.293957863	715.7454854030002	1039.486976	cloud-24259	TIMEOUT	990.327466348	976.0480469320028	1022.451712	cloud-23938
combinations/square_3+soft_float_2a.c.cil.yml	false	TIMEOUT	990.444098722	972.3500456110014	1125.007360	cloud-23933	TIMEOUT	990.645044561	963.633348673	1173.946368	cloud-24441	ERROR (solver error, after parsing finished)	723.204811891	711.9051196519999	1104.982016	cloud-23979	TIMEOUT	990.291959016	975.8878768970026	1090.490368	cloud-23980
combinations/square_3+soft_float_3a.c.cil.yml	false	TIMEOUT	990.430641909	974.1559443749975	1142.644736	cloud-23979	TIMEOUT	990.356338794	973.9786775459979	1098.522624	cloud-24643	ERROR (solver error, after parsing finished)	731.097412258	716.1051632770032	1081.339904	cloud-23933	TIMEOUT	990.247876424	978.9614465940103	1136.615424	cloud-23982
combinations/square_3+soft_float_4-2a.c.cil.yml	false	TIMEOUT	990.412082954	970.7505250390022	1100.546048	cloud-23933	TIMEOUT	990.397401203	973.2434950650004	1156.009984	cloud-24643	ERROR (solver error, after parsing finished)	721.819178958	711.5147805639999	1130.893312	cloud-23979	TIMEOUT	990.298282152	974.445483538002	1059.368960	cloud-23938
combinations/square_3+soft_float_5a.c.cil.yml	false	TIMEOUT	990.421266799	971.2194323860003	1132.232704	cloud-23979	TIMEOUT	990.44367487	970.6808306700041	1129.279488	cloud-24441	ERROR (solver error, after parsing finished)	725.893521752	714.3304267429994	1096.740864	cloud-24259	TIMEOUT	990.316478401	975.4414972890227	1043.816448	cloud-23982
combinations/square_4+soft_float_1-2a.c.cil.yml	true	TIMEOUT	990.450728673	971.5340437689993	1301.061632	cloud-24261	TIMEOUT	990.450234641	970.7295879640005	1328.599040	cloud-24444	ERROR (server error, after parsing finished)	731.746500193	716.9370586139994	1087.918080	cloud-24259	TIMEOUT	990.280706186	976.8266350000049	1207.271424	cloud-23980
combinations/square_4+soft_float_1-3a.c.cil.yml	false	TIMEOUT	990.394438402	975.5132498780004	1263.308800	cloud-23979	TIMEOUT	990.386485129	972.5227919650001	1304.989696	cloud-24643	ERROR (solver error, after parsing finished)	730.469939207	715.9552034340013	1085.796352	cloud-24259	TIMEOUT	990.40668012	974.0022330659849	1119.481856	cloud-23933
combinations/square_4+soft_float_2a.c.cil.yml	true	TIMEOUT	990.422277966	972.3590035270004	1313.333248	cloud-24261	TIMEOUT	990.386980634	971.6463110679979	1134.055424	cloud-24444	ERROR (solver error, after parsing finished)	726.288564068	713.4548367430034	1126.199296	cloud-23979	TIMEOUT	990.32756743	978.4001245420077	1120.514048	cloud-23980
combinations/square_4+soft_float_3a.c.cil.yml	true	TIMEOUT	990.417532702	971.7851552749999	1118.015488	cloud-23933	TIMEOUT	990.363239327	974.732573000998	1111.343104	cloud-24643	ERROR (solver error, after parsing finished)	730.938953208	715.4178317590013	1086.070784	cloud-23933	TIMEOUT	990.255452704	974.8227402739867	1103.790080	cloud-23982
combinations/square_4+soft_float_4-2a.c.cil.yml	true	TIMEOUT	990.384469184	974.414338335002	1347.596288	cloud-23979	TIMEOUT	990.370378779	974.7299022490006	1136.066560	cloud-24643	ERROR (solver error, after parsing finished)	727.05358677	714.0610545749951	1088.978944	cloud-24259	TIMEOUT	990.327895169	977.3934337339888	1042.993152	cloud-23980
combinations/square_4+soft_float_4-3a.c.cil.yml	false	TIMEOUT	990.41764022	973.4085958350006	1368.809472	cloud-23979	TIMEOUT	990.407520684	971.8684381259991	1137.721344	cloud-24643	ERROR (solver error, after parsing finished)	728.480735192	715.2590068099962	1083.170816	cloud-24259	TIMEOUT	990.371301491	973.8074321679887	1155.272704	cloud-23938
combinations/square_4+soft_float_5a.c.cil.yml	true	TIMEOUT	990.46611751	972.574940733004	1140.101120	cloud-23933	TIMEOUT	990.313453095	976.6783097890002	1360.257024	cloud-23941	ERROR (solver error, after parsing finished)	721.295563807	710.922737013	1155.817472	cloud-23979	TIMEOUT	990.364527778	974.1589620639861	1215.832064	cloud-23979
combinations/square_5+soft_float_1-2a.c.cil.yml	true	TIMEOUT	990.430411803	972.6442061929993	1322.143744	cloud-24261	TIMEOUT	990.497386282	971.4948848860004	1101.471744	cloud-24444	ERROR (solver error, after parsing finished)	730.551474147	715.9325642349941	1043.468288	cloud-24259	TIMEOUT	990.327043497	975.6438399470062	1117.814784	cloud-23982
combinations/square_5+soft_float_1-3a.c.cil.yml	false	TIMEOUT	990.398781631	973.3086872249987	1108.701184	cloud-23979	TIMEOUT	990.577337673	971.2238765870025	1076.056064	cloud-24441	ERROR (server error, after parsing finished)	725.152445212	712.479062716	1175.896064	cloud-23979	TIMEOUT	990.354261108	972.886669480009	1129.005056	cloud-23933
combinations/square_5+soft_float_2a.c.cil.yml	true	TIMEOUT	990.403040214	975.4661156970033	1324.691456	cloud-23979	TIMEOUT	990.374049649	974.2634996920024	1106.006016	cloud-24643	ERROR (solver error, after parsing finished)	726.60648496	713.5932105249994	1088.315392	cloud-23979	TIMEOUT	990.340397621	975.2430867090006	992.124928	cloud-23979
combinations/square_5+soft_float_3a.c.cil.yml	true	TIMEOUT	990.424226544	971.9363999660018	1121.357824	cloud-23933	TIMEOUT	990.442643672	971.9161932529969	1123.844096	cloud-24444	ERROR (solver error, after parsing finished)	725.853537331	712.6942777820004	1125.056512	cloud-23979	TIMEOUT	990.307723032	977.3805231309962	1109.315584	cloud-23980
combinations/square_5+soft_float_4-2a.c.cil.yml	true	TIMEOUT	990.407619133	971.0158294890007	1095.172096	cloud-23933	TIMEOUT	990.367045286	971.8684485260001	1114.193920	cloud-24643	ERROR (solver error, after parsing finished)	727.106010971	713.7746957059999	1078.153216	cloud-23933	TIMEOUT	990.340113068	974.5558436209976	1096.163328	cloud-23979
combinations/square_5+soft_float_4-3a.c.cil.yml	false	TIMEOUT	990.385477768	975.0462098629978	1104.080896	cloud-23979	TIMEOUT	990.415616882	971.4736755919948	1119.862784	cloud-24444	ERROR (solver error, after parsing finished)	729.494668956	714.8056950590035	1038.807040	cloud-23933	TIMEOUT	990.3141995	973.7996671580186	1005.477888	cloud-23933
combinations/square_5+soft_float_5a.c.cil.yml	true	TIMEOUT	990.422952072	970.8693178869999	1136.095232	cloud-24261	TIMEOUT	990.458713746	971.083335532996	1108.881408	cloud-24444	ERROR (solver error, after parsing finished)	729.288596259	715.6673654799997	1033.240576	cloud-24259	TIMEOUT	990.336978461	976.7572004880058	1111.126016	cloud-23933
combinations/square_6+soft_float_1-2a.c.cil.yml	true	TIMEOUT	990.430627051	972.3251071579998	1110.568960	cloud-23933	TIMEOUT	990.455532451	972.3675886510027	1114.480640	cloud-24441	ERROR (solver error, after parsing finished)	726.167309767	713.9500808779994	1152.155648	cloud-23979	TIMEOUT	990.339903079	975.0156282160024	1093.959680	cloud-23933
combinations/square_6+soft_float_1-3a.c.cil.yml	false	TIMEOUT	990.389734453	974.2317224690014	1128.357888	cloud-24261	TIMEOUT	990.44566036	971.4964206120057	1132.822528	cloud-24444	ERROR (solver error, after parsing finished)	726.443110275	713.6936946899996	1123.799040	cloud-23979	TIMEOUT	990.370562087	974.8075155650149	1155.969024	cloud-23979
combinations/square_6+soft_float_2a.c.cil.yml	true	TIMEOUT	990.362485011	973.4023837339992	1158.795264	cloud-24261	TIMEOUT	990.455829829	970.643141063003	1112.481792	cloud-24441	ERROR (solver error, after parsing finished)	718.206850877	709.9968582259971	1385.308160	cloud-23939	TIMEOUT	990.321906037	975.2363283709856	1087.758336	cloud-23982
combinations/square_6+soft_float_3a.c.cil.yml	true	TIMEOUT	990.406649603	974.3111587749991	1167.736832	cloud-23979	TIMEOUT	990.470339165	971.5005067879974	1140.912128	cloud-24441	ERROR (solver error, after parsing finished)	726.114093626	713.0162509150005	1080.279040	cloud-23933	TIMEOUT	990.339763087	975.6864265720069	1091.645440	cloud-23979
combinations/square_6+soft_float_4-2a.c.cil.yml	true	TIMEOUT	990.4218878	971.9644068730013	1122.734080	cloud-23933	TIMEOUT	990.455917337	969.539824878997	1097.854976	cloud-24441	ERROR (solver error, after parsing finished)	727.462301775	713.8954857540011	1104.240640	cloud-23979	TIMEOUT	990.317526748	976.0874653740029	1001.996288	cloud-23933
combinations/square_6+soft_float_4-3a.c.cil.yml	false	TIMEOUT	990.355790526	973.5111878720018	1134.071808	cloud-23979	TIMEOUT	990.395196324	974.9832101970005	1140.260864	cloud-24643	ERROR (solver error, after parsing finished)	724.15403129	712.3983532580023	1125.638144	cloud-23979	TIMEOUT	990.348459647	976.2540701650141	1075.429376	cloud-23979
combinations/square_6+soft_float_5a.c.cil.yml	true	TIMEOUT	990.375742846	974.0279369899981	1124.732928	cloud-23979	TIMEOUT	990.474148267	970.8010966510046	1136.254976	cloud-24444	ERROR (solver error, after parsing finished)	730.256047657	716.1433083029988	1084.698624	cloud-24259	TIMEOUT	990.368757318	972.8111676049884	1049.489408	cloud-23938
combinations/square_7+soft_float_1-2a.c.cil.yml	true	TIMEOUT	990.478900846	970.944782342005	1286.541312	cloud-23933	TIMEOUT	990.474552839	971.5040954310025	1301.311488	cloud-24441	ERROR (solver error, after parsing finished)	724.890531457	712.4382772550016	1318.014976	cloud-23979	TIMEOUT	990.391746487	972.8595017140033	972.210176	cloud-23933
combinations/square_7+soft_float_1-3a.c.cil.yml	false	TIMEOUT	990.313366874	976.282035723998	1318.838272	cloud-23941	TIMEOUT	990.468903579	969.159288158	1324.183552	cloud-24444	ERROR (solver error, after parsing finished)	725.060680717	713.6234702049996	1311.768576	cloud-23979	TIMEOUT	990.368759636	973.4675425759924	1148.354560	cloud-23938
combinations/square_7+soft_float_2a.c.cil.yml	true	TIMEOUT	990.436881356	970.975061805002	1298.415616	cloud-23933	TIMEOUT	990.439041479	971.3358145539969	1300.480000	cloud-24444	ERROR (solver error, after parsing finished)	728.977096753	714.4948116579981	1317.482496	cloud-23979	TIMEOUT	990.354373658	974.5545093289984	1080.283136	cloud-23933
combinations/square_7+soft_float_3a.c.cil.yml	true	TIMEOUT	990.410061196	975.3235654789987	1323.782144	cloud-23979	TIMEOUT	990.569011966	971.9068517510023	1302.032384	cloud-24444	ERROR (solver error, after parsing finished)	717.903617889	709.8052367359996	1349.066752	cloud-23939	TIMEOUT	990.268911374	975.3967934050015	1136.345088	cloud-23982
combinations/square_7+soft_float_4-2a.c.cil.yml	true	TIMEOUT	990.377234638	973.9156612359948	1315.303424	cloud-23979	TIMEOUT	990.257305483	979.0403790230012	1403.875328	cloud-23943	ERROR (solver error, after parsing finished)	728.669595994	714.5149471719997	1300.856832	cloud-23933	TIMEOUT	990.406910622	975.7395394270134	1171.111936	cloud-23979
combinations/square_7+soft_float_4-3a.c.cil.yml	false	TIMEOUT	990.405370666	972.869157895002	1331.019776	cloud-24261	TIMEOUT	990.399114576	971.6079100059942	1302.818816	cloud-24441	ERROR (solver error, after parsing finished)	726.915722594	713.3111924549958	1301.561344	cloud-23979	TIMEOUT	990.359935888	973.5830833819928	1088.937984	cloud-23938
combinations/square_7+soft_float_5a.c.cil.yml	true	TIMEOUT	990.357767173	973.3211683420013	1303.519232	cloud-23979	TIMEOUT	990.466568788	970.2073795290016	1299.996672	cloud-24444	ERROR (solver error, after parsing finished)	725.771625314	712.9009097540038	1330.642944	cloud-23979	TIMEOUT	990.340747461	974.2430866009963	1073.549312	cloud-23933
combinations/square_8+soft_float_1-2a.c.cil.yml	true	TIMEOUT	990.443477998	968.0523573680002	1323.843584	cloud-23979	TIMEOUT	990.411966778	973.8165941999978	1160.556544	cloud-24643	ERROR (solver error, after parsing finished)	724.979965283	712.6643697700019	1298.690048	cloud-23979	TIMEOUT	990.338600913	975.880113311985	1049.849856	cloud-23933
combinations/square_8+soft_float_1-3a.c.cil.yml	false	TIMEOUT	990.409101727	971.3785637569999	1124.909056	cloud-23933	TIMEOUT	990.441477356	971.1445358480014	1303.539712	cloud-24441	ERROR (solver error, after parsing finished)	722.784110255	712.0129006420001	1311.330304	cloud-23979	TIMEOUT	990.32873467	977.1603437839949	1121.685504	cloud-23980
combinations/square_8+soft_float_2a.c.cil.yml	true	TIMEOUT	990.467572129	973.555982242	1345.433600	cloud-23979	TIMEOUT	990.380715131	973.4890907709996	1336.414208	cloud-24643	ERROR (solver error, after parsing finished)	727.506327723	714.0075840340069	1113.759744	cloud-23933	TIMEOUT	990.312484188	974.4693838309904	1117.487104	cloud-23982
combinations/square_8+soft_float_3a.c.cil.yml	true	TIMEOUT	990.431584384	974.5170776209998	1304.162304	cloud-23979	TIMEOUT	990.389253215	972.1174033569987	1327.628288	cloud-24643	ERROR (server error, after parsing finished)	727.760237239	714.4894757119982	1054.617600	cloud-24259	TIMEOUT	990.282019379	976.3977106060192	1088.233472	cloud-23982
combinations/square_8+soft_float_4-2a.c.cil.yml	true	TIMEOUT	990.420352764	971.1324502630014	1308.295168	cloud-23933	TIMEOUT	990.412110347	972.1942163779968	1309.085696	cloud-24441	ERROR (solver error, after parsing finished)	728.596557009	714.5167356810052	1052.078080	cloud-23933	TIMEOUT	990.352261353	976.2415583689872	1162.633216	cloud-23980
combinations/square_8+soft_float_4-3a.c.cil.yml	false	TIMEOUT	990.391772527	973.7906557959996	1286.856704	cloud-24261	TIMEOUT	990.472041081	969.5573129820004	1132.163072	cloud-24444	ERROR (solver error, after parsing finished)	726.884547873	713.7718178529976	1307.869184	cloud-23979	TIMEOUT	990.362694901	974.0153329400055	1028.567040	cloud-23938
combinations/square_8+soft_float_5a.c.cil.yml	true	TIMEOUT	990.365701671	975.5530554649995	1292.509184	cloud-23979	TIMEOUT	990.392931986	970.062087999002	1150.509056	cloud-24441	ERROR (solver error, after parsing finished)	728.851910444	715.0761800089967	1156.775936	cloud-24259	TIMEOUT	990.365297465	975.4722733850067	1216.008192	cloud-23979
eca-rers2012/Problem01_label00.yml	true	true	102.559471796	73.33909357599987	1097.883648	cloud-23933	true	103.944489332	73.19726694099882	1083.781120	cloud-24444	true	103.167581587	76.13591394000105	1084.735488	cloud-24259	TIMEOUT	990.351578451	962.7883971300034	1017.454592	cloud-23938
eca-rers2012/Problem01_label01.yml	true	true	88.889915318	61.51510455100288	1043.927040	cloud-24261	true	94.975923398	66.23721955300061	1005.334528	cloud-24643	true	111.180188386	79.12547315599659	1009.565696	cloud-23933	TIMEOUT	990.395428998	960.9326995839947	888.348672	cloud-23982
eca-rers2012/Problem01_label02.yml	true	true	90.307796889	64.82769756400012	1052.033024	cloud-23979	true	85.198679966	59.12081553799362	1060.163584	cloud-24444	true	104.360607004	72.31300286999976	1007.017984	cloud-23933	TIMEOUT	990.353738575	965.7977054069925	935.624704	cloud-23979
eca-rers2012/Problem01_label03.yml	true	true	113.266794082	83.67535259299984	1099.100160	cloud-23979	true	109.839766447	80.30511845900037	1073.561600	cloud-24441	true	117.457579693	86.60795033999602	1186.852864	cloud-23933	TIMEOUT	990.367559627	960.4678261110093	974.409728	cloud-23938
eca-rers2012/Problem01_label04.yml	true	true	121.149808711	91.47660962300142	1129.213952	cloud-23933	true	115.749388891	85.78728558199873	1047.334912	cloud-24441	true	129.914905099	95.7385410259958	1205.985280	cloud-23933	TIMEOUT	990.316362587	968.5465912419895	1027.010560	cloud-23939
eca-rers2012/Problem01_label05.yml	true	true	84.486387365	61.292619887999535	1093.787648	cloud-23979	true	91.504388461	67.03096184100286	1128.116224	cloud-24643	true	106.245226401	75.11469232599848	1070.309376	cloud-24259	TIMEOUT	990.377107336	960.0268999119871	1081.806848	cloud-23982
eca-rers2012/Problem01_label06.yml	true	true	99.623314999	71.39541205699788	1039.458304	cloud-23933	true	94.725538247	66.54931356499947	1086.758912	cloud-24441	true	89.12004516	62.16060236199701	1168.060416	cloud-23979	TIMEOUT	990.337421059	964.1161645629909	898.965504	cloud-23979
eca-rers2012/Problem01_label07.yml	true	true	94.320194574	65.96051186800014	1081.667584	cloud-24261	true	101.144745711	70.86428801600414	934.600704	cloud-24643	true	97.054128964	68.664296216004	1019.916288	cloud-23979	TIMEOUT	990.323566422	971.2694629770122	1049.882624	cloud-23980
eca-rers2012/Problem01_label08.yml	true	true	117.775435491	87.64806653699998	1227.964416	cloud-23933	true	126.576205958	94.61307682600454	1396.682752	cloud-24643	true	133.346770862	98.7544528599974	1119.391744	cloud-24259	TIMEOUT	990.390079048	961.5337832710065	1013.350400	cloud-23982
eca-rers2012/Problem01_label09.yml	true	true	95.243495097	68.46264060599788	1041.793024	cloud-24261	true	114.25344743	82.02576291100559	1117.863936	cloud-24643	true	119.522042716	85.59932950100483	1385.455616	cloud-23933	TIMEOUT	990.3638853	962.066708555998	1063.530496	cloud-23982
eca-rers2012/Problem01_label10.yml	true	true	108.278149186	79.20970394899996	989.630464	cloud-23933	true	111.032440926	80.04688908599928	1025.634304	cloud-24444	true	119.311674636	86.46635299999616	1070.039040	cloud-24259	TIMEOUT	990.392463165	965.790766243008	1023.578112	cloud-23980
eca-rers2012/Problem01_label11.yml	true	true	110.426017186	84.56963185000131	1090.850816	cloud-23979	true	115.818915973	86.96374389999983	1166.258176	cloud-24643	true	108.577983944	79.58376879299612	1135.095808	cloud-23979	TIMEOUT	990.382578095	961.6145530600043	1077.092352	cloud-23982
eca-rers2012/Problem01_label12.yml	true	true	89.78280227	65.17878437099898	1058.705408	cloud-23979	true	88.607515747	63.084920403998694	1121.914880	cloud-24643	true	104.253421148	75.62792507999984	1051.402240	cloud-24259	TIMEOUT	990.391140334	964.7700222819985	911.642624	cloud-23933
eca-rers2012/Problem01_label13.yml	true	true	107.298577242	76.60655575499914	1128.407040	cloud-23933	true	95.435756738	66.84977113299828	1011.093504	cloud-24441	true	90.834234083	64.44928500699916	997.744640	cloud-23979	TIMEOUT	990.397065485	960.553535287996	874.717184	cloud-23938
eca-rers2012/Problem01_label14.yml	true	true	94.739179592	65.52296849599952	994.230272	cloud-24261	true	81.245296632	57.131977781002206	1040.711680	cloud-24643	true	85.640113449	57.76641232800466	1048.428544	cloud-23979	TIMEOUT	990.397609853	965.8652825110184	1185.431552	cloud-23979
eca-rers2012/Problem01_label15.yml	false	false(unreach-call)	79.890921978	52.60323979199893	1143.742464	cloud-24261	false(unreach-call)	79.070179845	52.932369476999156	1267.036160	cloud-24444	false(unreach-call)	101.234032227	65.28657250100514	1040.052224	cloud-23933	TIMEOUT	990.3867442	962.9055399869976	1057.243136	cloud-23938
eca-rers2012/Problem01_label16.yml	true	true	120.696424104	89.0961526530009	1089.167360	cloud-23933	true	113.674861975	84.04859572399982	1105.338368	cloud-24444	true	102.839191013	74.61828322100337	1122.766848	cloud-23979	TIMEOUT	990.40173123	961.0225057350181	1161.953280	cloud-23933
eca-rers2012/Problem01_label17.yml	true	true	88.256926837	62.32190773199909	1122.398208	cloud-23979	true	97.865930138	68.30789324000216	1154.891776	cloud-24444	true	112.832536906	78.3607442499997	1047.277568	cloud-24259	TIMEOUT	990.318828981	969.5723153720028	925.630464	cloud-23980
eca-rers2012/Problem01_label18.yml	true	true	78.981853774	58.36891204099811	1055.461376	cloud-23979	true	98.133907802	69.15206448000026	1099.911168	cloud-24441	true	85.4409368	60.52880362099677	1123.676160	cloud-23979	TIMEOUT	990.420757109	961.3557029250078	1173.819392	cloud-23938
eca-rers2012/Problem01_label19.yml	true	true	91.062235876	65.20497179000085	1189.388288	cloud-23979	true	94.567649695	69.0082772090027	942.592000	cloud-24643	true	86.479965131	60.7008862770017	1002.881024	cloud-23979	TIMEOUT	990.378040337	964.133677232021	1037.156352	cloud-23982
eca-rers2012/Problem01_label20.yml	false	false(unreach-call)	89.60662987	61.69947156099806	1216.081920	cloud-23979	false(unreach-call)	106.011681241	73.67499307600156	1052.704768	cloud-24444	false(unreach-call)	105.380421598	71.59383436100325	1049.010176	cloud-23933	TIMEOUT	990.34173397	964.05850245498	1038.475264	cloud-23982
eca-rers2012/Problem01_label21.yml	false	false(unreach-call)	90.377371525	61.035000076997676	1056.870400	cloud-23933	false(unreach-call)	94.264040667	60.98095133300012	1060.470784	cloud-24643	false(unreach-call)	84.504128128	55.73682968199864	1226.899456	cloud-23979	TIMEOUT	990.388300829	962.0212970119901	1024.495616	cloud-23933
eca-rers2012/Problem01_label22.yml	true	true	122.118757095	87.68276753099963	1022.500864	cloud-23933	true	111.919553985	80.23896588299976	1155.764224	cloud-24444	true	120.410909399	86.86711893699976	1028.104192	cloud-23933	TIMEOUT	990.396243692	961.5419379090017	1009.934336	cloud-23938
eca-rers2012/Problem01_label23.yml	true	true	83.459078701	60.532972590997815	1179.738112	cloud-23979	true	95.757120604	68.3138035209995	957.448192	cloud-24643	true	103.448073905	74.59769861999939	1044.332544	cloud-23933	TIMEOUT	990.30274367	969.1050476550008	1026.232320	cloud-23940
eca-rers2012/Problem01_label24.yml	true	true	96.65851513	68.35350842099979	1083.219968	cloud-24261	true	90.615472114	64.86270666099881	1126.232064	cloud-24643	true	115.727130268	82.51195586800168	1007.030272	cloud-24259	TIMEOUT	990.427644106	963.4092023389821	1049.829376	cloud-23933
eca-rers2012/Problem01_label25.yml	true	true	85.373856166	62.377410989000055	1120.772096	cloud-24261	true	93.01581162	66.25845659300012	996.601856	cloud-24643	true	109.54281898	77.31696445900161	1073.512448	cloud-24259	TIMEOUT	990.326853545	967.8288979250065	1058.222080	cloud-23980
eca-rers2012/Problem01_label26.yml	true	true	94.877118828	64.79018915800043	1245.265920	cloud-23933	true	85.121192526	60.34022954899956	1144.909824	cloud-24643	true	79.151892845	54.87348500399821	1073.405952	cloud-23979	TIMEOUT	990.344907548	961.2615447599965	965.926912	cloud-23982
eca-rers2012/Problem01_label27.yml	true	true	83.311203837	57.46805196400237	1064.964096	cloud-24261	true	85.896255389	60.59363435300111	938.123264	cloud-24643	true	91.648728991	62.64944952899896	1006.460928	cloud-23933	TIMEOUT	990.348722172	966.1925862109929	981.909504	cloud-23980
eca-rers2012/Problem01_label28.yml	true	true	80.009378192	55.304844155001774	1277.001728	cloud-24261	true	87.804207868	62.500951620000706	1057.153024	cloud-24643	true	81.84944465	56.648275952000404	1077.645312	cloud-23979	TIMEOUT	990.359774127	961.5187043740007	1061.605376	cloud-23938
eca-rers2012/Problem01_label29.yml	true	true	93.256592173	66.43579288399997	1129.607168	cloud-23979	true	86.794359517	61.07035757000085	1022.836736	cloud-24444	true	102.009428105	72.62768677299982	1210.773504	cloud-23933	TIMEOUT	990.35799383	960.6619821319764	942.534656	cloud-23938
eca-rers2012/Problem01_label30.yml	true	true	102.853209176	74.51530796899897	1171.554304	cloud-23933	true	93.091429346	65.94641931500155	1116.803072	cloud-24441	true	109.10413667	78.09475057999953	959.197184	cloud-24259	TIMEOUT	990.35221497	968.7197209050064	943.804416	cloud-23980
eca-rers2012/Problem01_label31.yml	true	true	95.716709915	69.2858256769996	1057.017856	cloud-23933	true	93.912994703	66.80105346899654	989.863936	cloud-24444	true	107.91650648	77.4586729290022	1116.143616	cloud-24259	TIMEOUT	990.307492283	963.1226792219968	1040.117760	cloud-23982
eca-rers2012/Problem01_label32.yml	false	false(unreach-call)	138.911202747	103.77335791300175	1266.130944	cloud-23933	false(unreach-call)	113.839453012	85.2934270140031	1112.084480	cloud-24444	false(unreach-call)	140.661467077	107.00019357100246	1115.828224	cloud-24259	TIMEOUT	990.313498355	962.1413887600065	1161.543680	cloud-23982
eca-rers2012/Problem01_label33.yml	false	false(unreach-call)	104.549269712	75.960381461	1139.236864	cloud-24261	false(unreach-call)	109.280839734	81.10241008699813	1102.598144	cloud-24643	false(unreach-call)	106.769288681	77.86670956499984	1335.623680	cloud-23979	TIMEOUT	990.318267834	966.5643819569959	1102.553088	cloud-23979
eca-rers2012/Problem01_label34.yml	true	true	112.295767794	82.15726351299963	1249.533952	cloud-23979	true	127.970914101	95.70379834200139	1078.124544	cloud-24444	true	124.927720433	95.49553913599811	1071.386624	cloud-23933	TIMEOUT	990.385058588	963.008201737015	960.954368	cloud-23938
eca-rers2012/Problem01_label35.yml	false	false(unreach-call)	82.355079952	55.49067978299718	1119.727616	cloud-24261	false(unreach-call)	84.920609933	56.020275100003346	1007.546368	cloud-24441	false(unreach-call)	90.687344287	59.692531052998675	1116.315648	cloud-23933	TIMEOUT	990.32642526	964.4539817009936	914.554880	cloud-23979
eca-rers2012/Problem01_label36.yml	true	true	103.403976698	76.63966931400137	1088.229376	cloud-23933	true	108.304574857	77.83331512999575	984.498176	cloud-24643	true	110.656966569	80.19782681100332	1069.891584	cloud-24259	TIMEOUT	990.376481872	962.3459950209945	1009.451008	cloud-23938
eca-rers2012/Problem01_label37.yml	false	false(unreach-call)	107.384925666	74.36214409599961	1124.827136	cloud-23933	false(unreach-call)	78.150288397	54.11996292699769	1082.576896	cloud-23940	false(unreach-call)	99.226774026	67.47499992499979	1036.087296	cloud-23933	TIMEOUT	990.403082618	963.923116837017	1026.805760	cloud-23979
eca-rers2012/Problem01_label38.yml	false	false(unreach-call)	90.701496845	63.891080134999356	971.755520	cloud-23979	false(unreach-call)	99.576560081	69.74446028400416	993.345536	cloud-24643	false(unreach-call)	89.803068828	61.76115442700029	1166.151680	cloud-23979	TIMEOUT	990.3909821	960.4135280109767	938.217472	cloud-23938
eca-rers2012/Problem01_label39.yml	true	true	98.643383493	68.55337103300008	1077.424128	cloud-23933	true	84.107408073	57.808127992000664	1297.850368	cloud-24643	true	83.652467744	57.36672006899971	1230.069760	cloud-23979	TIMEOUT	990.34487812	962.6701660889958	928.030720	cloud-23933
eca-rers2012/Problem01_label40.yml	true	true	91.37665548	63.26551259600092	1053.884416	cloud-23933	true	88.503662717	60.91877602000022	1101.717504	cloud-24444	true	85.736405257	57.61846013199829	1099.386880	cloud-23979	TIMEOUT	990.340092294	964.6644820480142	1029.672960	cloud-23982
eca-rers2012/Problem01_label41.yml	true	true	79.503734768	54.2623757040019	1012.260864	cloud-24261	true	100.964577651	70.60535946800519	1058.537472	cloud-24643	true	92.033873067	64.32268054100132	1038.667776	cloud-23933	TIMEOUT	990.323986302	964.6956834290177	1077.055488	cloud-23979
eca-rers2012/Problem01_label42.yml	true	true	83.552093	56.726494435999484	1239.097344	cloud-24261	true	102.789084386	70.25153707700156	1047.945216	cloud-24444	true	95.900234888	68.68356091600072	1030.221824	cloud-24259	TIMEOUT	990.348115872	966.0299999810231	1019.850752	cloud-23980
eca-rers2012/Problem01_label43.yml	true	true	85.148968296	57.34593830800077	999.723008	cloud-24261	true	93.989157784	63.55560919900017	1032.245248	cloud-24444	true	86.885181582	58.39974875799817	949.776384	cloud-23979	TIMEOUT	990.439040296	962.7374124210037	1017.049088	cloud-23938
eca-rers2012/Problem01_label44.yml	false	false(unreach-call)	73.258478919	46.383262123999884	963.211264	cloud-24261	false(unreach-call)	74.736768259	47.04902363000292	916.430848	cloud-24444	false(unreach-call)	80.048702608	51.50051097100004	895.807488	cloud-23933	TIMEOUT	990.318333008	966.6406263219833	1095.700480	cloud-23980
eca-rers2012/Problem01_label45.yml	true	true	109.547413913	79.60887507400003	1126.760448	cloud-24261	true	118.528529194	87.03922942699865	1023.959040	cloud-24444	true	104.466961227	77.5902886690019	1131.110400	cloud-23979	TIMEOUT	990.371389652	964.1103477900033	970.858496	cloud-23933
eca-rers2012/Problem01_label46.yml	true	true	103.479913719	79.08022858799814	1216.413696	cloud-23979	true	105.327079572	78.70504556100059	1047.818240	cloud-24643	true	114.972235922	86.24984107	1031.962624	cloud-23933	TIMEOUT	990.322394377	965.0654487309803	998.395904	cloud-23979
eca-rers2012/Problem01_label47.yml	false	false(unreach-call)	107.374415862	78.38734020599986	1176.559616	cloud-24261	false(unreach-call)	118.106241734	89.57153994200053	1152.008192	cloud-24643	false(unreach-call)	133.327361466	98.55076376799843	1309.560832	cloud-23933	TIMEOUT	990.301629536	968.6988614329894	992.026624	cloud-23942
eca-rers2012/Problem01_label48.yml	true	true	86.443507261	61.00631824800075	1196.802048	cloud-23979	true	100.80476575	70.23796805600068	1199.480832	cloud-24441	true	96.180340549	66.17949811200378	965.484544	cloud-23979	TIMEOUT	990.369252138	961.2574160379882	1040.441344	cloud-23982
eca-rers2012/Problem01_label49.yml	true	true	100.926833241	71.51237191100154	1072.656384	cloud-23933	true	103.107546305	72.84637090299657	1134.882816	cloud-24441	true	107.610780048	74.64464224299445	931.987456	cloud-24259	TIMEOUT	990.38422397	965.8722248080012	1019.637760	cloud-23979
eca-rers2012/Problem01_label50.yml	false	false(unreach-call)	140.036347497	103.68430676000207	1249.898496	cloud-23933	false(unreach-call)	113.97709886	83.61279106899747	1152.479232	cloud-24444	false(unreach-call)	127.047626795	96.06029926100018	1234.321408	cloud-23933	TIMEOUT	990.313593405	967.8646228449943	1050.636288	cloud-23980
eca-rers2012/Problem01_label51.yml	true	true	82.198730985	57.356011465002666	1052.430336	cloud-23979	true	90.851187455	61.7595847270004	1170.849792	cloud-24643	true	82.730361215	57.675086156999896	1021.476864	cloud-23979	TIMEOUT	990.416419263	959.1010144810134	976.601088	cloud-23938
eca-rers2012/Problem01_label52.yml	true	true	91.549620408	63.63736966599754	1087.422464	cloud-23979	true	86.64559228	59.673430403003294	1129.648128	cloud-24441	true	91.977058512	63.470181443999536	1068.584960	cloud-23933	TIMEOUT	990.394967415	962.984381747985	1018.298368	cloud-23938
eca-rers2012/Problem01_label53.yml	true	true	90.888021139	62.73455377400023	1149.173760	cloud-23933	true	84.359338265	59.84430349300237	1012.150272	cloud-24441	true	74.958651302	52.78615995900327	1216.081920	cloud-23979	TIMEOUT	990.358733915	966.0782446039957	1006.882816	cloud-23980
eca-rers2012/Problem01_label54.yml	true	true	86.460952	59.887105967000025	992.436224	cloud-24261	true	94.39999209	64.62173332099337	1179.631616	cloud-24441	true	82.17553484	57.95928707099665	1034.317824	cloud-23979	TIMEOUT	990.39671221	963.4112944820081	1008.160768	cloud-23979
eca-rers2012/Problem01_label55.yml	true	true	86.376471013	60.86334467200504	949.686272	cloud-23979	true	84.990201747	60.10415873199963	1024.802816	cloud-24643	true	93.084739164	66.02640189100202	912.125952	cloud-24259	TIMEOUT	990.418452367	961.8186134630232	1016.074240	cloud-23938
eca-rers2012/Problem01_label56.yml	false	false(unreach-call)	100.020530078	71.19630409300225	1010.225152	cloud-23979	false(unreach-call)	104.383186065	76.10145815100259	1199.202304	cloud-24643	false(unreach-call)	112.038488544	78.13956847000009	1316.642816	cloud-23933	TIMEOUT	990.37678311	963.206562042993	1096.744960	cloud-23979
eca-rers2012/Problem01_label57.yml	false	false(unreach-call)	89.462558903	61.72118713599775	1129.619456	cloud-24261	false(unreach-call)	105.831045034	72.95996248899974	1204.736000	cloud-24441	false(unreach-call)	113.363392772	78.58453564500087	1190.342656	cloud-24259	TIMEOUT	990.316022884	968.3199101859936	939.765760	cloud-23941
eca-rers2012/Problem01_label58.yml	true	true	102.024918458	73.40213904800112	1253.023744	cloud-24261	true	122.150992791	90.58060314899922	1122.897920	cloud-24441	true	98.269273458	73.1873635669981	1223.426048	cloud-23979	TIMEOUT	990.310010267	963.8515706410108	1005.203456	cloud-23980
eca-rers2012/Problem01_label59.yml	true	true	91.419427414	64.48460768699806	1131.360256	cloud-23979	true	101.459310173	72.96864879199711	1121.832960	cloud-24643	true	93.4439696	64.81568107500061	1005.113344	cloud-23979	TIMEOUT	990.371564709	968.7137273850094	1029.623808	cloud-23980
eca-rers2012/Problem02_label00.yml	true	true	83.458619751	58.20036470099967	990.572544	cloud-24261	true	95.357157864	66.52038756599904	1209.753600	cloud-24643	true	98.338574147	67.9791306799998	955.576320	cloud-23933	TIMEOUT	990.297289397	962.9290332660021	874.536960	cloud-23982
eca-rers2012/Problem02_label01.yml	true	true	97.197646737	66.01939381699958	945.233920	cloud-23933	true	77.739573735	53.97807961399667	992.636928	cloud-24444	true	100.297769064	66.8116823349992	978.243584	cloud-24259	TIMEOUT	990.345852189	965.607579367992	971.001856	cloud-23980
eca-rers2012/Problem02_label02.yml	true	true	95.420672743	71.81024533899836	1228.181504	cloud-23942	true	134.531584038	101.05904392900266	1141.518336	cloud-24643	true	134.565503505	102.65768380899681	1271.894016	cloud-23933	TIMEOUT	990.34293987	965.1722268029989	980.320256	cloud-23979
eca-rers2012/Problem02_label03.yml	true	true	82.473358259	56.986942077001004	926.470144	cloud-23979	true	99.043831189	66.72513154499757	981.045248	cloud-24444	true	92.986222206	64.78568965399609	1067.716608	cloud-24259	TIMEOUT	990.39743184	965.6896162870107	1010.610176	cloud-23980
eca-rers2012/Problem02_label04.yml	true	true	82.219630495	57.51542528899881	1155.702784	cloud-23979	true	93.046149268	66.22315612099919	966.320128	cloud-24643	true	88.729159472	60.51896570499957	1176.182784	cloud-23979	TIMEOUT	990.357409506	961.2734012129949	988.442624	cloud-23938
eca-rers2012/Problem02_label05.yml	true	true	80.925573219	55.76591074500175	1048.080384	cloud-24261	true	84.045086396	57.47279032500228	1277.186048	cloud-24444	true	89.123884341	60.73570726300022	951.648256	cloud-23933	TIMEOUT	990.358964894	961.9242765870003	931.905536	cloud-23938
eca-rers2012/Problem02_label06.yml	true	true	120.130663047	91.12084843900084	1117.032448	cloud-23979	true	124.915386702	97.05255226700683	980.733952	cloud-24643	true	112.609625961	83.36667403400497	1131.683840	cloud-23979	TIMEOUT	990.383058997	963.992831429001	887.205888	cloud-23979
eca-rers2012/Problem02_label07.yml	true	true	92.877403639	62.0210452220017	937.635840	cloud-23933	true	95.930549188	63.8196392289974	1008.676864	cloud-24444	true	94.147836027	64.04842151499997	1289.818112	cloud-23933	TIMEOUT	990.37433804	963.6876329369843	1115.394048	cloud-23933
eca-rers2012/Problem02_label08.yml	true	true	118.618122768	86.99889782299942	1167.048704	cloud-23979	true	101.135361583	74.97090908799873	1281.126400	cloud-24643	true	116.517017566	84.24901505200023	1266.503680	cloud-23933	TIMEOUT	990.302180102	964.4055208729987	879.468544	cloud-23982
eca-rers2012/Problem02_label09.yml	true	true	79.674163745	53.59798521300036	979.849216	cloud-23933	true	85.026927289	57.20221997699991	1228.619776	cloud-24444	true	86.298037379	58.25402972500069	1107.144704	cloud-23979	TIMEOUT	990.350222118	967.6515222890012	1075.396608	cloud-23933
eca-rers2012/Problem02_label10.yml	true	true	85.502501435	59.65537811499962	999.231488	cloud-24261	true	89.101385243	63.278343746000246	1100.554240	cloud-24441	true	98.914492949	69.10707759499928	1055.768576	cloud-24259	TIMEOUT	990.456420275	961.9854620229744	1101.615104	cloud-23938
eca-rers2012/Problem02_label11.yml	true	true	93.25235562	66.54011004799759	1269.616640	cloud-24261	true	117.573081146	84.37183821299914	998.854656	cloud-24441	true	96.794116444	68.69864362799854	1016.066048	cloud-23979	TIMEOUT	990.269595699	971.3578956789861	902.852608	cloud-23980
eca-rers2012/Problem02_label12.yml	true	true	89.151380362	63.78650887999902	1042.419712	cloud-23979	true	104.292081719	72.44359641699702	1125.310464	cloud-24441	true	85.976173392	61.78758437799843	1040.670720	cloud-23979	TIMEOUT	990.372108158	963.8372726310045	983.625728	cloud-23982
eca-rers2012/Problem02_label13.yml	false	false(unreach-call)	91.419328492	62.632829539998056	1210.044416	cloud-23979	false(unreach-call)	90.231848561	62.55269288600539	1040.678912	cloud-24643	false(unreach-call)	100.744697963	68.38378676800494	1201.590272	cloud-23933	TIMEOUT	990.387721253	961.5921772309812	906.436608	cloud-23938
eca-rers2012/Problem02_label14.yml	true	true	87.120699771	60.85328586800006	970.403840	cloud-24261	true	88.631081343	62.090391611003724	1180.164096	cloud-24643	true	91.44722872	64.41509595699972	1042.407424	cloud-23933	TIMEOUT	990.436077134	961.6178695549897	902.295552	cloud-23938
eca-rers2012/Problem02_label15.yml	true	true	83.859730186	57.70936080500178	1003.208704	cloud-23933	true	96.602800887	64.47138501899826	975.306752	cloud-24441	true	98.665659373	68.04661683699669	949.911552	cloud-23933	TIMEOUT	990.388372903	969.0439755179978	1018.236928	cloud-23980
eca-rers2012/Problem02_label16.yml	false	false(unreach-call)	91.84824241	63.134508808001556	1099.911168	cloud-23933	false(unreach-call)	86.562970918	57.45939516699946	1053.229056	cloud-24643	false(unreach-call)	97.186826248	65.36018646899993	968.626176	cloud-23933	TIMEOUT	990.375455872	962.6401203870191	1024.995328	cloud-23938
eca-rers2012/Problem02_label17.yml	true	true	95.019206103	70.35290931700001	1322.074112	cloud-23979	true	114.07224719	80.66193720999945	1183.117312	cloud-24444	true	118.809773815	86.12729673799913	1190.469632	cloud-24259	TIMEOUT	990.34185327	962.630513983022	1095.569408	cloud-23982
eca-rers2012/Problem02_label18.yml	true	true	106.528871415	75.9858581239987	1066.156032	cloud-23933	true	98.303791408	71.35227021599712	1135.869952	cloud-24444	true	104.431201403	75.64402365199976	1073.446912	cloud-23933	TIMEOUT	990.401064954	964.0570095650037	994.746368	cloud-23933
eca-rers2012/Problem02_label19.yml	true	true	75.412207527	51.16501633899861	1087.819776	cloud-24261	true	91.378179213	62.44209879900154	1162.252288	cloud-24441	true	94.053499078	65.0905821769993	945.184768	cloud-23933	TIMEOUT	990.359635263	961.6038669219997	899.788800	cloud-23982
eca-rers2012/Problem02_label20.yml	true	true	75.499153939	51.19827872099995	1074.290688	cloud-23933	true	85.182707389	56.71932387799461	929.013760	cloud-24441	true	82.266515392	57.14900076399863	1073.864704	cloud-23933	TIMEOUT	990.375718456	963.2998254169943	1178.828800	cloud-23938
eca-rers2012/Problem02_label21.yml	true	true	91.459286167	61.96668024800056	1128.292352	cloud-24261	true	92.661464325	62.550946166003996	1041.969152	cloud-24444	true	87.551300901	61.710718535999604	908.984320	cloud-23979	TIMEOUT	990.329037985	963.908831696026	885.460992	cloud-23979
eca-rers2012/Problem02_label22.yml	true	true	91.268001342	62.8043219909996	978.894848	cloud-24261	true	88.994417772	60.39795724099531	1122.340864	cloud-24643	true	94.700775132	66.73578788200393	981.938176	cloud-23933	TIMEOUT	990.373109295	962.8991174530238	1006.723072	cloud-23938
eca-rers2012/Problem02_label23.yml	true	true	75.360845691	52.28507883899874	1082.593280	cloud-23942	true	96.393745496	66.27391531100147	942.120960	cloud-24643	true	87.690859205	61.1787971119993	1103.339520	cloud-23979	TIMEOUT	990.410815542	960.6579809669929	876.810240	cloud-23938
eca-rers2012/Problem02_label24.yml	true	true	85.646620471	60.35834172200157	1087.098880	cloud-23979	true	79.218896572	55.29145258800054	1098.969088	cloud-24643	true	97.475744313	66.21123043099942	1128.275968	cloud-23933	TIMEOUT	990.360808756	966.842352674983	872.566784	cloud-23933
eca-rers2012/Problem02_label25.yml	true	true	98.381670619	67.01578963599968	979.554304	cloud-23933	true	61.799636397	44.156956642000296	991.186944	cloud-23940	true	95.6766979	66.41317703100003	955.154432	cloud-23933	TIMEOUT	990.338999776	966.0089523660135	1070.878720	cloud-23982
eca-rers2012/Problem02_label26.yml	true	true	75.434308794	51.884668497998064	1037.742080	cloud-23979	true	85.355451926	58.381370386003255	1188.552704	cloud-24441	true	74.403738743	51.07651452499704	946.774016	cloud-23979	TIMEOUT	990.362526426	961.5182776169968	1061.310464	cloud-23933
eca-rers2012/Problem02_label27.yml	true	true	84.451677863	58.469366108998656	1113.522176	cloud-24261	true	90.831639309	61.240903730002174	1207.173120	cloud-24444	true	90.415224108	64.14062682700023	1159.053312	cloud-23933	TIMEOUT	990.38486721	962.8451263440074	1000.718336	cloud-23933
eca-rers2012/Problem02_label28.yml	true	true	101.371399116	71.88531075500032	914.436096	cloud-23933	true	89.269610438	62.98744868700305	1174.568960	cloud-24441	true	100.640309292	70.67266145999747	875.839488	cloud-24259	TIMEOUT	990.385355324	965.3763276950049	1125.539840	cloud-23979
eca-rers2012/Problem02_label29.yml	true	true	78.102905408	53.68969233499956	1176.317952	cloud-23979	true	86.557760369	58.819796554002096	1162.571776	cloud-24444	true	87.160968738	60.21178499300004	905.187328	cloud-23933	TIMEOUT	990.299385345	963.405157280009	1112.367104	cloud-23980
eca-rers2012/Problem02_label30.yml	true	true	85.433092858	59.62238303900085	995.250176	cloud-23933	true	92.176129151	62.90087446099642	1151.815680	cloud-24441	true	95.531321419	64.53852698700211	922.365952	cloud-24259	TIMEOUT	990.394557433	966.5667537469999	1028.919296	cloud-23979
eca-rers2012/Problem02_label31.yml	true	true	77.240411654	52.222570849000476	1087.299584	cloud-24261	true	84.5256702	57.40804391100028	1182.818304	cloud-24441	true	81.448059289	54.58190333099992	1187.389440	cloud-23979	TIMEOUT	990.370499271	962.0668301880069	1034.444800	cloud-23938
eca-rers2012/Problem02_label32.yml	true	true	84.955883383	60.788406487999964	1038.598144	cloud-23979	true	86.615034895	60.27019139600452	915.243008	cloud-24444	true	91.577959727	64.15251926100018	978.423808	cloud-23933	TIMEOUT	990.287547892	968.639871271007	1003.196416	cloud-23940
eca-rers2012/Problem02_label33.yml	true	true	73.01720367	50.154244255994854	984.084480	cloud-23979	true	78.472517194	54.61658205299682	934.838272	cloud-24441	true	93.428882023	63.20837275600206	1465.724928	cloud-23933	TIMEOUT	990.372682873	963.4656906849996	1019.207680	cloud-23933
eca-rers2012/Problem02_label34.yml	true	true	121.856199332	98.24420905599982	983.203840	cloud-23979	true	120.105881125	92.74988162700174	978.526208	cloud-24643	true	145.257029716	110.39997374600352	1209.806848	cloud-23933	TIMEOUT	990.355909219	962.2579466380121	875.327488	cloud-23938
eca-rers2012/Problem02_label35.yml	true	true	84.887632248	57.43870573999993	984.842240	cloud-23979	true	83.979677922	57.234292453002126	1050.435584	cloud-24643	true	92.098412613	63.016945021998254	1056.997376	cloud-23933	TIMEOUT	990.392282779	960.2301218539942	1023.676416	cloud-23938
eca-rers2012/Problem02_label36.yml	true	true	79.726978527	54.49232498299898	1281.028096	cloud-23933	true	100.620872798	67.51622451100047	1176.276992	cloud-24441	true	88.720542027	61.51053931200295	1291.448320	cloud-23933	TIMEOUT	990.424116011	964.9029954779835	980.631552	cloud-23979
eca-rers2012/Problem02_label37.yml	true	true	77.373965431	52.33617997700276	1030.791168	cloud-24261	true	93.676640394	64.11412552600086	1065.766912	cloud-24441	true	81.132768674	54.34504596699844	1081.647104	cloud-23979	TIMEOUT	990.387190221	960.4845978689846	1059.618816	cloud-23933
eca-rers2012/Problem02_label38.yml	true	true	81.909956792	59.35871236899948	983.957504	cloud-23979	true	92.160489946	65.57696492099785	1138.745344	cloud-24643	true	93.507136917	65.77840762100095	900.337664	cloud-23933	TIMEOUT	990.384710938	963.8750036570127	867.512320	cloud-23938
eca-rers2012/Problem02_label39.yml	true	true	79.792793053	54.05601440399914	1138.110464	cloud-24261	true	91.588426239	63.320581435997155	1127.616512	cloud-24441	true	94.48394135	65.43807299099717	1109.786624	cloud-23933	TIMEOUT	990.314024956	965.4018511220056	993.574912	cloud-23980
eca-rers2012/Problem02_label40.yml	true	true	86.857526298	59.60416064399942	1191.415808	cloud-24261	true	63.689737354	45.41917868400196	1171.591168	cloud-23942	true	87.448950949	61.69224893799992	938.393600	cloud-23933	TIMEOUT	990.33849924	966.180120953999	995.287040	cloud-23980
eca-rers2012/Problem02_label41.yml	true	true	121.550263993	90.6113471389981	1111.191552	cloud-23933	true	119.895615803	86.78957833000095	1337.221120	cloud-24444	true	129.410525614	95.97996260900254	1229.295616	cloud-24259	TIMEOUT	990.384876323	965.3656746370252	952.422400	cloud-23979
eca-rers2012/Problem02_label42.yml	true	true	103.908790843	71.02629768000043	1044.164608	cloud-23933	true	100.848725305	69.833132011001	1244.577792	cloud-24444	true	99.221453792	69.83409858099913	914.948096	cloud-24259	TIMEOUT	990.341624644	961.2842597480048	961.089536	cloud-23982
eca-rers2012/Problem02_label43.yml	false	false(unreach-call)	86.216922358	58.33760806000282	988.213248	cloud-23933	false(unreach-call)	85.243100145	55.7410639370064	954.880000	cloud-24444	false(unreach-call)	92.452143211	61.174575836994336	1210.871808	cloud-24259	TIMEOUT	990.361843397	961.9438703519991	921.571328	cloud-23938
eca-rers2012/Problem02_label44.yml	false	false(unreach-call)	78.464365401	52.61917794799956	997.675008	cloud-24261	false(unreach-call)	102.098117732	67.17753295999864	960.831488	cloud-24441	false(unreach-call)	90.182080026	63.142978520001634	1120.477184	cloud-24259	TIMEOUT	990.375920258	961.2527827690064	908.881920	cloud-23982
eca-rers2012/Problem02_label45.yml	false	false(unreach-call)	90.795674532	62.98158373700062	1195.790336	cloud-24261	false(unreach-call)	101.039979579	68.22034230600002	1034.436608	cloud-24444	false(unreach-call)	113.120051728	79.41831606900087	1107.976192	cloud-24259	TIMEOUT	990.336904625	968.228443199012	1171.202048	cloud-23980
eca-rers2012/Problem02_label46.yml	true	true	99.677628133	69.45191842900022	1162.485760	cloud-23933	true	94.234839326	65.02771822499926	1000.574976	cloud-24444	true	96.643892458	68.17920672100445	1065.631744	cloud-24259	TIMEOUT	990.313501074	964.8326474860078	1108.729856	cloud-23982
eca-rers2012/Problem02_label47.yml	true	true	93.659325091	66.88098533399898	1106.571264	cloud-23979	true	82.049486445	58.487446577999435	1066.553344	cloud-24643	true	98.516854397	68.70383979999951	1189.642240	cloud-23933	TIMEOUT	990.427601076	960.7347013360122	1129.140224	cloud-23938
eca-rers2012/Problem02_label48.yml	true	true	83.915195277	57.48862480000025	979.013632	cloud-24261	true	90.183471589	61.28429857500305	1041.457152	cloud-24441	true	84.10766153	59.959523096999874	964.259840	cloud-23979	TIMEOUT	990.336404273	964.3739593610226	996.003840	cloud-23982
eca-rers2012/Problem02_label49.yml	true	true	77.121610958	51.51967461999993	965.881856	cloud-24261	true	76.484585788	52.773963515000105	967.442432	cloud-24643	true	98.339787749	66.18321836900577	1023.197184	cloud-23933	TIMEOUT	990.307004339	964.4306020789954	956.325888	cloud-23982
eca-rers2012/Problem02_label50.yml	false	false(unreach-call)	88.664825124	59.258288007000374	1310.687232	cloud-24261	false(unreach-call)	86.876443869	58.37727735000044	1020.313600	cloud-24444	false(unreach-call)	101.628655663	66.88217360399722	983.076864	cloud-23933	TIMEOUT	990.389600192	965.0949538509885	1082.433536	cloud-23979
eca-rers2012/Problem02_label51.yml	true	true	121.299670616	92.48612003800008	1092.833280	cloud-24261	true	129.535893083	97.23198510200018	1222.246400	cloud-24643	true	124.248256994	92.99577188300009	1146.777600	cloud-23933	TIMEOUT	990.388860986	965.1440731910116	1001.619456	cloud-23933
eca-rers2012/Problem02_label52.yml	true	true	98.351152068	67.84129276300155	1017.589760	cloud-23933	true	89.391758896	62.89842446499824	1087.238144	cloud-24643	true	84.983292697	58.12059002600017	998.051840	cloud-23979	TIMEOUT	990.359271693	963.0082454600197	1021.558784	cloud-23979
eca-rers2012/Problem02_label53.yml	true	true	109.34666397	84.1668037269992	965.922816	cloud-23979	true	129.921892033	95.92455910600074	1185.542144	cloud-24643	true	129.788795151	98.32140047700159	1113.415680	cloud-23933	TIMEOUT	990.32587388	963.6287864859914	939.220992	cloud-23982
eca-rers2012/Problem02_label54.yml	true	true	101.757120025	70.68606907899994	1084.911616	cloud-24261	true	88.194659109	61.931103791997884	947.204096	cloud-24643	true	86.553018671	59.554949682998995	1150.885888	cloud-23979	TIMEOUT	990.392205009	961.6683987519937	992.247808	cloud-23938
eca-rers2012/Problem02_label55.yml	true	true	115.721211847	86.15716119400008	1141.198848	cloud-24261	true	119.0573765	88.6341396530006	1102.065664	cloud-24643	true	125.597144134	94.36642933400003	1070.624768	cloud-23933	TIMEOUT	990.382588319	966.4076324999915	1215.565824	cloud-23979
eca-rers2012/Problem02_label56.yml	true	true	84.623105295	59.26671587300007	1061.666816	cloud-24261	true	102.98831202	70.83819309799946	1096.253440	cloud-24444	true	108.215145097	74.99487384099484	1077.510144	cloud-24259	TIMEOUT	990.417009927	963.005424012983	1012.568064	cloud-23938
eca-rers2012/Problem02_label57.yml	true	true	95.774069736	68.24401311199836	1052.950528	cloud-24261	true	90.618538495	64.96679372100334	1036.132352	cloud-24444	true	111.389693891	78.54819771699977	1174.925312	cloud-23933	TIMEOUT	990.444373209	961.9609655039967	1175.007232	cloud-23938
eca-rers2012/Problem02_label58.yml	true	true	88.49765779	63.45119842799977	1159.135232	cloud-23979	true	89.419202297	62.634866477998	1166.295040	cloud-24643	true	103.461551119	72.51521606899769	945.827840	cloud-24259	TIMEOUT	990.28686655	969.874924497999	985.546752	cloud-23940
eca-rers2012/Problem02_label59.yml	false	false(unreach-call)	83.314916441	54.95528326299973	1195.802624	cloud-24261	false(unreach-call)	71.87836195	49.05412326000078	1214.136320	cloud-23944	false(unreach-call)	90.580862826	58.896407051004644	949.682176	cloud-23979	TIMEOUT	990.362729541	964.3931690909958	876.699648	cloud-23979
eca-rers2012/Problem03_label00.yml	true	TIMEOUT	990.691135233	927.9230507360007	3479.969792	cloud-23933	true	818.482423004	769.8057256160027	2839.396352	cloud-24444	true	822.139468952	775.3147732939999	2730.213376	cloud-23933	TIMEOUT	990.6483606	952.8161232790153	3091.640320	cloud-23979
eca-rers2012/Problem03_label01.yml	true	TIMEOUT	990.653912036	931.538880242002	2910.429184	cloud-24261	TIMEOUT	990.89182532	942.5268147510033	3096.829952	cloud-24444	TIMEOUT	990.753163699	937.5236396629989	3394.990080	cloud-23979	TIMEOUT	990.627585573	945.0818071019894	3234.320384	cloud-23982
eca-rers2012/Problem03_label02.yml	true	TIMEOUT	990.627996593	941.2674395450013	2818.539520	cloud-23933	TIMEOUT	991.506896943	950.1375659810001	3023.921152	cloud-23941	TIMEOUT	990.593294178	941.0728986050017	2753.691648	cloud-23933	TIMEOUT	990.672138478	943.0685029360175	2765.856768	cloud-23938
eca-rers2012/Problem03_label03.yml	true	TIMEOUT	990.628596769	939.91726156	3260.321792	cloud-23933	TIMEOUT	990.678918018	939.6548898420006	3036.794880	cloud-24441	TIMEOUT	990.907654443	939.0950874700065	3274.027008	cloud-23979	TIMEOUT	990.536185459	948.3632186400064	2656.186368	cloud-23980
eca-rers2012/Problem03_label04.yml	true	TIMEOUT	990.716664543	936.4641580710013	3028.361216	cloud-23933	TIMEOUT	990.735947673	939.135445838001	2932.715520	cloud-24444	ERROR (solver error, after parsing finished)	848.1229637	799.3811576260014	3393.757184	cloud-23933	TIMEOUT	990.71514484	942.8931513769785	2659.123200	cloud-23938
eca-rers2012/Problem03_label05.yml	true	TIMEOUT	990.616419881	933.9944950190038	2806.640640	cloud-23979	TIMEOUT	990.643978082	938.4151566109995	2747.031552	cloud-24444	TIMEOUT	990.567322442	940.1851461229962	2705.301504	cloud-24259	TIMEOUT	990.564171704	953.7574142630037	2659.631104	cloud-23933
eca-rers2012/Problem03_label06.yml	true	TIMEOUT	990.591115158	946.4902719780002	2739.593216	cloud-24261	TIMEOUT	990.87032558	937.0759299839992	2736.644096	cloud-24444	ERROR (solver error, after parsing finished)	852.310895406	801.2445325580047	3377.065984	cloud-23933	TIMEOUT	990.643047854	949.4372984049842	2681.741312	cloud-23980
eca-rers2012/Problem03_label07.yml	true	TIMEOUT	990.704491726	936.3503383360003	2980.327424	cloud-24261	TIMEOUT	990.846825038	933.028478234999	3442.978816	cloud-24444	TIMEOUT	991.040158485	933.2092695570027	2818.363392	cloud-23933	TIMEOUT	990.556861898	952.2113615029957	2529.366016	cloud-23979
eca-rers2012/Problem03_label08.yml	true	TIMEOUT	990.741030922	940.4068518039994	3511.009280	cloud-24261	TIMEOUT (true)	936.97110115	901.7709898439971	2666.696704	cloud-23943	ERROR (solver error, after parsing finished)	851.868159739	804.0325198589999	2976.882688	cloud-23933	TIMEOUT	990.507667617	949.3035515560186	3112.132608	cloud-23933
eca-rers2012/Problem03_label09.yml	false	TIMEOUT	990.616822941	937.3506402359999	2884.624384	cloud-23979	false(unreach-call)	837.279972789	775.7358099859994	3475.976192	cloud-24441	false(unreach-call)	754.780500772	701.9249234749986	3280.351232	cloud-23979	TIMEOUT	990.458938535	957.2697852190176	2767.364096	cloud-23943
eca-rers2012/Problem03_label10.yml	true	TIMEOUT	990.638811113	939.979904152	3017.191424	cloud-23933	TIMEOUT	990.790037508	939.4675707949991	3125.420032	cloud-24643	ERROR (solver error, after parsing finished)	832.683361965	783.5601065709998	3562.090496	cloud-23933	TIMEOUT	990.551766618	946.6904362959904	2660.605952	cloud-23933
eca-rers2012/Problem03_label11.yml	true	TIMEOUT	990.785506561	930.2868769880006	3178.389504	cloud-24261	TIMEOUT	990.746605888	936.7218816290006	2835.103744	cloud-24441	ERROR (solver error, after parsing finished)	829.07856717	778.2825406480006	3108.085760	cloud-23933	TIMEOUT	990.69480385	948.0770442019857	3441.934336	cloud-23979
eca-rers2012/Problem03_label12.yml	true	TIMEOUT	990.665979894	938.9035025049998	3244.429312	cloud-24261	TIMEOUT	990.696245206	938.4226349929959	3179.151360	cloud-24441	TIMEOUT	990.873304023	934.0442904119991	3385.630720	cloud-24259	TIMEOUT	990.531902289	948.3243115149962	2543.050752	cloud-23980
eca-rers2012/Problem03_label13.yml	false	false(unreach-call)	324.277906791	279.1264606170007	3112.566784	cloud-23979	false(unreach-call)	330.396177586	277.80780022999534	3148.197888	cloud-24444	false(unreach-call)	372.1712218	322.89722898000036	3159.113728	cloud-24259	TIMEOUT	990.625303357	945.9352708509832	2949.169152	cloud-23982
eca-rers2012/Problem03_label14.yml	true	TIMEOUT	990.801709234	941.7218692049992	2947.620864	cloud-23979	TIMEOUT	991.045995627	936.3694348160025	3562.377216	cloud-24643	ERROR (solver error, after parsing finished)	864.058708608	814.6227752350023	2825.031680	cloud-23933	TIMEOUT	990.575520054	950.941374506976	2471.723008	cloud-23979
eca-rers2012/Problem03_label15.yml	true	TIMEOUT	990.73498148	939.4239903559974	3201.126400	cloud-23979	TIMEOUT	990.880357756	930.486238517	3119.026176	cloud-24441	TIMEOUT	990.589219329	940.8196291229997	2689.830912	cloud-23933	TIMEOUT	990.580139386	951.5911743059987	2558.918656	cloud-23980
eca-rers2012/Problem03_label16.yml	true	TIMEOUT	990.763934134	943.5084530839995	3188.301824	cloud-23979	TIMEOUT	990.614808174	940.5079752340025	2717.986816	cloud-24643	TIMEOUT (ERROR (inner timeout, after parsing finished))	976.673991091	940.4776867089968	3066.548224	cloud-23939	TIMEOUT	990.69721019	949.0287612400134	2641.788928	cloud-23979
eca-rers2012/Problem03_label17.yml	true	TIMEOUT	990.561281246	932.3529376019997	2745.061376	cloud-24261	TIMEOUT	990.700360883	937.0040293350012	3020.804096	cloud-24643	TIMEOUT (true)	952.207325399	899.6831002259996	3010.322432	cloud-23979	TIMEOUT	990.53748137	954.7961457619967	2806.079488	cloud-23979
eca-rers2012/Problem03_label18.yml	true	TIMEOUT	990.701851536	936.077227515998	2851.450880	cloud-23933	TIMEOUT	990.801502387	932.6744686539969	3901.460480	cloud-24444	TIMEOUT	990.701173953	934.6281214229966	3050.450944	cloud-24259	TIMEOUT	990.503753086	944.0967719239998	2737.029120	cloud-23982
eca-rers2012/Problem03_label19.yml	true	TIMEOUT	990.907308958	941.1926370189976	3981.385728	cloud-24261	TIMEOUT	990.915395973	942.8727207400007	3052.253184	cloud-24643	TIMEOUT	990.633597987	937.4156390009994	2623.291392	cloud-23933	TIMEOUT	990.681220872	940.2715993059974	2471.899136	cloud-23933
eca-rers2012/Problem03_label20.yml	true	TIMEOUT	990.792463906	940.5345526290002	3044.225024	cloud-23979	TIMEOUT	990.766857005	939.1486260350066	3040.272384	cloud-24444	TIMEOUT	990.604804741	940.0304463370003	2746.085376	cloud-23979	TIMEOUT	990.689480996	951.9019187759841	3079.389184	cloud-23979
eca-rers2012/Problem03_label21.yml	true	TIMEOUT	990.666382483	936.3034591550022	3435.778048	cloud-23933	TIMEOUT	991.003123044	931.5362722280006	2994.171904	cloud-24444	TIMEOUT	990.841545689	938.7797652049994	3055.783936	cloud-24259	TIMEOUT	990.675410473	942.0689858929836	2630.201344	cloud-23938
eca-rers2012/Problem03_label22.yml	true	TIMEOUT	990.651795027	943.3972099860002	3218.092032	cloud-24261	TIMEOUT	990.799588066	933.7915598190011	3369.181184	cloud-24444	ERROR (solver error, after parsing finished)	863.271108593	807.7257403600015	2725.949440	cloud-24259	TIMEOUT	990.59322254	948.7480984859867	2537.902080	cloud-23979
eca-rers2012/Problem03_label23.yml	true	TIMEOUT	990.704583916	940.4344129760002	3190.091776	cloud-24261	TIMEOUT	990.881108189	928.2749417380037	3932.585984	cloud-24441	ERROR (solver error, after parsing finished)	883.340105157	816.4623595470002	2923.696128	cloud-24259	TIMEOUT	990.479595559	943.7597658559971	2533.806080	cloud-23938
eca-rers2012/Problem03_label24.yml	true	TIMEOUT	990.826223616	941.4869624239982	2907.774976	cloud-23933	TIMEOUT	990.739607184	940.7192195129974	3192.946688	cloud-24441	ERROR (solver error, after parsing finished)	815.274608572	769.7108959000034	2727.669760	cloud-23979	TIMEOUT	990.51982378	951.4241815469868	2577.256448	cloud-23980
eca-rers2012/Problem03_label25.yml	true	TIMEOUT	990.799631609	939.462857085	3170.979840	cloud-23979	TIMEOUT	990.69985625	932.1786805699994	3291.275264	cloud-24441	TIMEOUT	990.684327919	943.9661203479991	3075.444736	cloud-23979	TIMEOUT	990.743922996	944.7486453430029	2486.837248	cloud-23933
eca-rers2012/Problem03_label26.yml	false	false(unreach-call)	328.190523866	276.9832536619979	3061.071872	cloud-23979	false(unreach-call)	303.27343335	259.120201022999	3254.390784	cloud-24643	false(unreach-call)	341.605114868	289.7306147479976	2965.094400	cloud-23933	TIMEOUT	990.65592997	945.2885797199851	2832.429056	cloud-23980
eca-rers2012/Problem03_label27.yml	false	TIMEOUT	990.593458109	945.6896792070002	2935.300096	cloud-23979	false(unreach-call)	525.156883609	475.4121121829994	3369.984000	cloud-24643	false(unreach-call)	435.708747804	388.69378039000003	3285.655552	cloud-23979	TIMEOUT	990.653008391	950.6608588170202	2537.390080	cloud-23933
eca-rers2012/Problem03_label28.yml	false	TIMEOUT	990.732456497	933.1481818079992	3138.662400	cloud-23979	false(unreach-call)	631.456290124	572.0823650849998	3316.731904	cloud-24643	false(unreach-call)	591.602078887	541.5391518329989	3263.721472	cloud-23933	TIMEOUT	990.600296617	949.4756725479965	2599.063552	cloud-23938
eca-rers2012/Problem03_label29.yml	true	TIMEOUT	990.733369847	937.6782045269993	2916.618240	cloud-23933	TIMEOUT	990.758885681	936.1306168480005	3110.789120	cloud-24643	TIMEOUT	990.68257314	945.993343039001	3063.836672	cloud-23979	TIMEOUT	990.631617156	948.3648472140194	2665.353216	cloud-23933
eca-rers2012/Problem03_label30.yml	true	TIMEOUT	990.5079673	947.6726073690006	2646.056960	cloud-23979	TIMEOUT	990.737191834	944.3474310780002	2879.504384	cloud-24643	ERROR (solver error, after parsing finished)	813.169466445	771.4566523929971	3251.019776	cloud-23979	TIMEOUT	990.587984517	946.9554227810004	2594.660352	cloud-23938
eca-rers2012/Problem03_label31.yml	false	TIMEOUT	990.640728678	942.1123329190004	2928.373760	cloud-24261	false(unreach-call)	532.693005808	481.2515389580003	3501.940736	cloud-24643	false(unreach-call)	570.979800278	515.7995869840015	3329.409024	cloud-23933	TIMEOUT	990.646748392	956.1673500940087	2665.816064	cloud-23980
eca-rers2012/Problem03_label32.yml	true	TIMEOUT	990.748940561	940.6380216629987	2814.676992	cloud-23933	TIMEOUT	990.679311768	934.4574388939982	3448.672256	cloud-24444	TIMEOUT	990.675138997	950.4923935499974	2950.377472	cloud-23979	TIMEOUT	990.578748174	951.9314406250196	2724.433920	cloud-23933
eca-rers2012/Problem03_label33.yml	true	TIMEOUT	990.638441523	938.9861508909999	2698.788864	cloud-23933	TIMEOUT	990.660637225	943.2971662689815	3065.470976	cloud-23942	ERROR (solver error, after parsing finished)	863.78681806	808.2092184800058	2794.102784	cloud-23933	TIMEOUT	990.484712828	951.5185832279967	2589.966336	cloud-23980
eca-rers2012/Problem03_label34.yml	true	TIMEOUT	990.763358	940.9423809840009	3267.055616	cloud-24261	TIMEOUT	990.731516464	937.7545209689997	2925.203456	cloud-24444	ERROR (solver error, after parsing finished)	815.877161023	771.6203638750012	2754.392064	cloud-23979	TIMEOUT	990.503142902	953.9521155380062	2728.624128	cloud-23980
eca-rers2012/Problem03_label35.yml	false	false(unreach-call)	848.784559333	795.0525637049977	3480.539136	cloud-23933	false(unreach-call)	856.673258616	790.2473579029975	3467.980800	cloud-24441	TIMEOUT (false(unreach-call))	914.452076825	850.0189106360049	3653.562368	cloud-23933	TIMEOUT	990.788844178	946.5647922970238	3687.370752	cloud-23979
eca-rers2012/Problem03_label36.yml	true	TIMEOUT	991.966362745	945.1289880069999	3008.081920	cloud-23939	TIMEOUT	990.67090304	940.9211579680014	3003.772928	cloud-24444	TIMEOUT	990.638628581	936.2389173260017	2729.738240	cloud-24259	TIMEOUT	990.570716321	953.7894820620131	2632.982528	cloud-23979
eca-rers2012/Problem03_label37.yml	false	TIMEOUT	990.962131748	938.5261201449975	3275.304960	cloud-23979	TIMEOUT	990.817677298	933.3353710189986	2926.055424	cloud-24441	false(unreach-call)	809.312200288	770.9642166039994	2990.075904	cloud-23943	TIMEOUT	990.596708324	949.9765782400209	2824.847360	cloud-23979
eca-rers2012/Problem03_label38.yml	true	TIMEOUT	990.591962094	940.9179417989981	3067.944960	cloud-23933	TIMEOUT	990.63841947	942.2995365230017	2903.896064	cloud-24441	TIMEOUT	990.645764362	945.8485865310067	2765.320192	cloud-23979	TIMEOUT	990.643932011	946.3424785139796	2717.741056	cloud-23938
eca-rers2012/Problem03_label39.yml	false	TIMEOUT	990.653759197	945.286725979	2870.497280	cloud-24261	TIMEOUT	990.77468727	938.3058198119979	2903.076864	cloud-24441	ERROR (solver error, after parsing finished)	858.988764457	804.0080136059987	2836.955136	cloud-23933	TIMEOUT	990.501345223	954.9645843649923	2657.853440	cloud-23980
eca-rers2012/Problem03_label40.yml	true	TIMEOUT	990.674548425	941.3826908539995	3024.977920	cloud-23933	TIMEOUT	990.705528485	938.216455501999	2594.934784	cloud-24444	TIMEOUT	990.626239863	934.4939075850052	2362.503168	cloud-24259	TIMEOUT	990.505867999	954.7542580159788	2806.816768	cloud-23980
eca-rers2012/Problem03_label41.yml	true	TIMEOUT	990.617726789	947.698395032	3085.959168	cloud-24261	TIMEOUT	990.603976243	944.7275923499999	2734.469120	cloud-24444	TIMEOUT	990.643791633	934.5028198379987	2705.199104	cloud-23933	TIMEOUT	990.523846566	945.7488824290049	2357.149696	cloud-23982
eca-rers2012/Problem03_label42.yml	true	TIMEOUT	990.572525493	947.427468161	2974.842880	cloud-24261	TIMEOUT	990.710151699	937.9454047079998	2835.832832	cloud-24444	TIMEOUT	990.644603473	941.818658835	2977.759232	cloud-23979	TIMEOUT	990.543477775	950.9586743640248	3357.065216	cloud-23933
eca-rers2012/Problem03_label43.yml	false	TIMEOUT	990.757090443	938.8119965270016	3208.077312	cloud-23933	TIMEOUT	990.702724083	938.8584791460016	2832.117760	cloud-24444	TIMEOUT	991.505582185	941.4381498210005	2674.876416	cloud-23933	TIMEOUT	990.630782324	949.0477258489991	2625.204224	cloud-23933
eca-rers2012/Problem03_label44.yml	true	TIMEOUT	990.55025187	927.0974660090014	3257.982976	cloud-23933	TIMEOUT	990.973000579	932.5397628320025	3864.530944	cloud-24643	TIMEOUT (true)	959.676613329	906.6975568560001	3146.584064	cloud-23979	TIMEOUT	990.478393618	956.7496255709848	2506.002432	cloud-23942
eca-rers2012/Problem03_label45.yml	false	TIMEOUT	990.683083979	946.2727461620016	2967.674880	cloud-23979	TIMEOUT	990.741906741	944.4637171779978	3060.240384	cloud-24444	ERROR (solver error, after parsing finished)	875.339459964	822.1654008920013	2744.643584	cloud-24259	TIMEOUT	990.519538593	953.1955648290168	2720.333824	cloud-23979
eca-rers2012/Problem03_label46.yml	true	TIMEOUT	990.681346996	935.7787503049985	3337.101312	cloud-23933	TIMEOUT	990.626058679	937.3617943240024	3280.166912	cloud-24643	ERROR (solver error, after parsing finished)	807.11478525	762.6596681680021	2879.913984	cloud-23979	TIMEOUT	990.543262955	949.4444070770114	3383.431168	cloud-23979
eca-rers2012/Problem03_label47.yml	true	TIMEOUT	990.638989441	941.5981783620009	3199.770624	cloud-24261	TIMEOUT	990.71935489	941.0413971189992	2895.462400	cloud-24643	ERROR (solver error, after parsing finished)	840.988292768	793.7832321609999	2651.484160	cloud-23933	TIMEOUT	990.656997573	953.4683068820159	3394.199552	cloud-23933
eca-rers2012/Problem03_label48.yml	true	TIMEOUT	990.638501537	941.6294832980002	2905.968640	cloud-23979	TIMEOUT	990.724429093	938.4056127660006	2993.303552	cloud-24444	ERROR (solver error, after parsing finished)	850.177506641	802.5965835949974	2697.539584	cloud-24259	TIMEOUT	990.539134281	944.6298645990028	2765.594624	cloud-23982
eca-rers2012/Problem03_label49.yml	true	TIMEOUT	990.784224464	940.3010031759986	2965.278720	cloud-23933	TIMEOUT	990.752005768	941.6723273419993	2818.527232	cloud-24441	ERROR (solver error, after parsing finished)	815.501722598	768.4583538129991	3310.694400	cloud-23979	TIMEOUT	990.563987403	942.9849755209871	2545.442816	cloud-23938
eca-rers2012/Problem03_label50.yml	false	false(unreach-call)	298.88904447	253.628764735	3057.467392	cloud-24261	false(unreach-call)	310.625911162	262.023482558001	3247.697920	cloud-24444	false(unreach-call)	328.108840693	275.18908064100106	2866.671616	cloud-24259	TIMEOUT	990.529879894	951.1907717669965	3081.093120	cloud-23980
eca-rers2012/Problem03_label51.yml	true	TIMEOUT	991.318194484	921.3111204509987	3539.566592	cloud-23933	TIMEOUT (true)	984.086344296	927.7820766360019	3139.756032	cloud-24441	TIMEOUT (ERROR (verification stuck, after parsing finished))	974.287826008	918.0243965350005	3653.259264	cloud-23979	TIMEOUT	990.490281287	954.7123203020019	2692.562944	cloud-23980
eca-rers2012/Problem03_label52.yml	false	TIMEOUT	990.763480936	939.3315734979988	2839.662592	cloud-23933	TIMEOUT	990.787928497	941.2249964370021	3171.033088	cloud-24441	ERROR (solver error, after parsing finished)	861.628789078	809.3006175010014	2804.269056	cloud-23933	TIMEOUT	990.544158434	952.9420940139971	2800.947200	cloud-23979
eca-rers2012/Problem03_label53.yml	true	TIMEOUT	990.651611682	931.3580041959976	2917.167104	cloud-24261	TIMEOUT	990.883396911	937.704496978	3047.481344	cloud-24441	true	739.49518047	703.9364603799986	3407.015936	cloud-23939	TIMEOUT	990.614054822	948.8507155569969	2657.890304	cloud-23979
eca-rers2012/Problem03_label54.yml	true	TIMEOUT	990.749516487	940.9332923399998	3284.967424	cloud-23979	TIMEOUT	990.596931672	939.2689569380018	2970.079232	cloud-24643	TIMEOUT	990.539286406	944.1975305710002	2872.631296	cloud-23933	TIMEOUT	990.666247155	944.53195829998	2926.186496	cloud-23982
eca-rers2012/Problem03_label55.yml	true	TIMEOUT	990.795791796	947.2351110909995	3235.573760	cloud-24261	TIMEOUT	990.776440026	936.247819543998	2802.970624	cloud-24444	TIMEOUT	990.766123992	934.4578214020003	3466.764288	cloud-24259	TIMEOUT	990.423146992	958.6926467690209	2636.976128	cloud-23940
eca-rers2012/Problem03_label56.yml	true	TIMEOUT	991.060248589	941.8697372610004	2668.826624	cloud-23933	TIMEOUT (true)	934.108101899	897.406401247019	2788.728832	cloud-23943	ERROR (solver error, after parsing finished)	851.088441642	803.9198644639982	2490.875904	cloud-23979	TIMEOUT	990.59747608	946.4778760639892	2510.594048	cloud-23982
eca-rers2012/Problem03_label57.yml	true	TIMEOUT	990.563535893	942.0720227099991	2689.613824	cloud-23979	TIMEOUT	990.663476171	938.4166257400011	2823.938048	cloud-24444	TIMEOUT	990.697364939	936.0674407429979	2947.125248	cloud-23933	TIMEOUT	990.658546025	946.0834539360076	3105.136640	cloud-23982
eca-rers2012/Problem03_label58.yml	true	TIMEOUT	990.583189537	942.406026042001	2811.514880	cloud-23979	TIMEOUT	990.714421536	940.4046433800031	2982.559744	cloud-24441	TIMEOUT	990.620405468	939.2648229539991	3268.308992	cloud-23933	TIMEOUT	990.528506053	946.8235960100137	2470.445056	cloud-23982
eca-rers2012/Problem03_label59.yml	true	TIMEOUT	990.706496435	938.664840571997	2754.600960	cloud-23933	TIMEOUT	990.820318712	934.8056181100001	2865.438720	cloud-24643	ERROR (solver error, after parsing finished)	866.50798578	817.0920028730034	2761.670656	cloud-24259	TIMEOUT	990.716889774	947.1438554539927	3358.162944	cloud-23938
eca-rers2012/Problem04_label00.yml	true	TIMEOUT	991.201821276	915.6480874749996	6890.795008	cloud-24261	TIMEOUT	991.059439781	918.0472932699922	6798.270464	cloud-24441	TIMEOUT (ERROR (solver error, after parsing finished))	954.504017369	876.3063812749997	6876.102656	cloud-23979	TIMEOUT	991.177311974	908.0792305349896	7450.103808	cloud-23938
eca-rers2012/Problem04_label01.yml	true	TIMEOUT	990.808712003	925.6991945240006	6860.382208	cloud-23939	TIMEOUT	990.795575402	928.8940818599949	6834.229248	cloud-23941	TIMEOUT (ERROR (solver error, after parsing finished))	975.117722305	888.7576639690014	7837.270016	cloud-24259	TIMEOUT	991.399940012	922.6986897560128	7010.734080	cloud-23933
eca-rers2012/Problem04_label02.yml	true	TIMEOUT	991.139831338	913.8131001940001	6843.236352	cloud-23979	TIMEOUT	991.462986194	901.904749016001	7867.998208	cloud-24444	TIMEOUT	991.592933461	904.6111618560026	6781.411328	cloud-23933	TIMEOUT	991.037655169	926.3525939389947	6777.806848	cloud-23979
eca-rers2012/Problem04_label03.yml	true	TIMEOUT	991.455174639	909.9897375909932	7849.492480	cloud-24261	TIMEOUT	991.189472465	907.8387587510006	7360.045056	cloud-24441	TIMEOUT (ERROR (solver error, after parsing finished))	979.617751501	895.976288672	6945.300480	cloud-23933	TIMEOUT	991.467898416	918.0835536629893	7478.927360	cloud-23982
eca-rers2012/Problem04_label04.yml	false	TIMEOUT	990.895381239	916.4324123389961	7231.574016	cloud-24261	TIMEOUT	991.645119796	910.7431850789944	7445.884928	cloud-24643	TIMEOUT	991.349623888	915.7644594249996	6824.366080	cloud-23979	TIMEOUT	991.252412718	927.2125427970022	6969.212928	cloud-23933
eca-rers2012/Problem04_label05.yml	true	TIMEOUT	991.066112437	910.3755789989991	7689.785344	cloud-24276	TIMEOUT	991.181529481	906.2644144250007	6917.595136	cloud-24643	TIMEOUT	990.929134557	915.1151930970009	6923.247616	cloud-23979	TIMEOUT	991.063267054	933.8124451550248	6888.882176	cloud-23933
eca-rers2012/Problem04_label06.yml	false	TIMEOUT	991.320615064	911.9782210330013	7082.299392	cloud-23933	TIMEOUT	991.377810389	900.8514454769975	7613.251584	cloud-24441	ERROR (solver error, after parsing finished)	872.323513806	808.9789665870048	6971.142144	cloud-23944	TIMEOUT	990.893645883	918.0282373689988	6836.514816	cloud-23938
eca-rers2012/Problem04_label07.yml	true	TIMEOUT	991.202596398	915.4858186040001	7369.863168	cloud-24261	TIMEOUT	991.171321204	897.2312429160011	7019.315200	cloud-24441	TIMEOUT (ERROR (solver error, after parsing finished))	907.750674307	837.5213284249985	6868.213760	cloud-24261	TIMEOUT	990.882684955	934.0496216060128	7276.548096	cloud-23979
eca-rers2012/Problem04_label08.yml	true	TIMEOUT	991.033521953	904.9952267260005	7114.657792	cloud-24261	TIMEOUT	991.209045911	894.0384998580048	6947.348480	cloud-24441	TIMEOUT	990.79095908	919.328625116	6912.307200	cloud-23979	TIMEOUT	990.888829966	929.7071715699858	6883.885056	cloud-23980
eca-rers2012/Problem04_label09.yml	false	TIMEOUT	991.116991904	929.7785902970063	7860.797440	cloud-23941	TIMEOUT	990.832121934	930.418873927	6972.542976	cloud-23943	TIMEOUT (ERROR (solver error, after parsing finished))	922.841939093	847.4241197439987	7246.155776	cloud-23979	TIMEOUT	991.125248418	927.5118595199892	7025.577984	cloud-23979
eca-rers2012/Problem04_label10.yml	true	TIMEOUT	991.017352369	913.4941628659999	7624.077312	cloud-24276	TIMEOUT	991.244162985	907.669799436997	7023.374336	cloud-24441	TIMEOUT (ERROR (solver error, after parsing finished))	910.700927682	842.0392153529974	6831.009792	cloud-23979	TIMEOUT	991.114675266	925.8365117629874	8281.247744	cloud-23980
eca-rers2012/Problem04_label11.yml	false	TIMEOUT	991.21217222	909.5696952939979	6977.548288	cloud-23979	TIMEOUT	991.197937019	909.2552658510031	6864.916480	cloud-24441	TIMEOUT	990.907725957	929.2616943309986	7132.246016	cloud-23941	TIMEOUT	990.746792524	945.7943511439953	8345.018368	cloud-23944
eca-rers2012/Problem04_label12.yml	false	TIMEOUT	990.984473959	909.3123033099982	6884.810752	cloud-23933	TIMEOUT	991.129436789	905.2797022779996	6921.650176	cloud-24643	TIMEOUT (ERROR (solver error, after parsing finished))	900.147870387	830.1513425249941	6868.905984	cloud-23979	TIMEOUT	991.396142689	919.8295074820053	7786.463232	cloud-23938
eca-rers2012/Problem04_label13.yml	false	TIMEOUT	991.055074598	917.9036073850002	6926.168064	cloud-24261	TIMEOUT	991.069268509	916.650328446005	8230.993920	cloud-24643	TIMEOUT	991.38151794	894.6751633250024	6979.891200	cloud-23933	TIMEOUT	990.860168704	914.3465634010208	6789.603328	cloud-23982
eca-rers2012/Problem04_label14.yml	false	TIMEOUT	991.201602436	905.7743423020002	6881.230848	cloud-23933	TIMEOUT	991.348599843	911.2308762439934	6998.945792	cloud-24444	ERROR (solver error, after parsing finished)	871.828720472	812.0553946860018	6763.827200	cloud-23943	TIMEOUT	991.097365125	927.1550390789926	6865.801216	cloud-23938
eca-rers2012/Problem04_label15.yml	false	TIMEOUT	991.207694785	910.4368699900006	6808.539136	cloud-23933	TIMEOUT	991.027527542	912.0930074989956	6609.096704	cloud-24441	TIMEOUT	990.876682311	913.1929645910001	6807.719936	cloud-23933	TIMEOUT	991.016006999	916.0516731509997	6932.619264	cloud-23938
eca-rers2012/Problem04_label16.yml	true	TIMEOUT	991.295750153	912.4668624990009	7667.499008	cloud-24261	TIMEOUT	991.164749123	905.4965828159984	6906.413056	cloud-24643	TIMEOUT	991.109973644	912.7335436630001	6944.448512	cloud-23933	TIMEOUT	991.320412226	920.8938425790111	6899.904512	cloud-23982
eca-rers2012/Problem04_label17.yml	false	TIMEOUT	991.309984907	918.436741239002	8197.971968	cloud-23933	TIMEOUT	991.166712306	907.8162941589981	6736.596992	cloud-24444	TIMEOUT	991.009800818	916.3531675689956	8028.979200	cloud-24261	TIMEOUT	991.188596661	924.783912703977	7206.809600	cloud-23933
eca-rers2012/Problem04_label18.yml	false	TIMEOUT	991.242346922	903.4318118660012	7123.898368	cloud-23979	TIMEOUT	991.299786131	900.115474172002	6915.710976	cloud-24441	TIMEOUT	991.244357414	916.1687500879998	8070.647808	cloud-24261	TIMEOUT	991.035653057	929.1120732699928	7355.334656	cloud-23933
eca-rers2012/Problem04_label19.yml	false	TIMEOUT	991.162348855	907.8309486920007	6820.806656	cloud-24261	TIMEOUT	991.189841107	907.1970369479968	6885.236736	cloud-24643	TIMEOUT (ERROR (solver error, after parsing finished))	932.453074676	859.6329182890004	6657.101824	cloud-23979	TIMEOUT	990.997163862	932.6986426050134	7695.253504	cloud-23982
eca-rers2012/Problem04_label20.yml	true	TIMEOUT	991.446199107	910.3452672750009	7851.995136	cloud-24276	TIMEOUT	990.999189409	923.7107672580023	6833.631232	cloud-23939	TIMEOUT	991.067763848	903.6138138829992	6616.707072	cloud-24259	TIMEOUT	990.966939774	922.7030109530024	6864.527360	cloud-23980
eca-rers2012/Problem04_label21.yml	true	TIMEOUT	990.983085098	916.7494056819996	6659.162112	cloud-24261	TIMEOUT	991.081737801	912.5273874720006	7351.869440	cloud-24444	TIMEOUT (ERROR (solver error, after parsing finished))	908.061922431	839.6318276149977	6824.292352	cloud-24261	TIMEOUT	990.901042757	930.634620234021	7475.503104	cloud-23980
eca-rers2012/Problem04_label22.yml	true	TIMEOUT	990.994794295	911.5415642450007	6931.869696	cloud-24261	TIMEOUT	991.213675681	902.8091738840012	6735.998976	cloud-24441	TIMEOUT (ERROR (solver error, after parsing finished))	974.950126592	900.311773458001	6617.784320	cloud-23979	TIMEOUT	990.916887729	934.7495236560062	6994.743296	cloud-23933
eca-rers2012/Problem04_label23.yml	true	TIMEOUT	991.063720785	907.5734181699991	6833.184768	cloud-23979	TIMEOUT	991.191806896	907.6820433969988	6777.303040	cloud-24441	ERROR (solver error, after parsing finished)	883.941630542	820.3564504949973	7836.827648	cloud-23939	TIMEOUT	990.921902786	920.3347893290047	6617.997312	cloud-23982
eca-rers2012/Problem04_label24.yml	true	TIMEOUT	991.081063472	914.9584638000015	6920.384512	cloud-23979	TIMEOUT	991.487835729	904.5230351209993	6750.842880	cloud-24444	TIMEOUT (ERROR (solver error, after parsing finished))	983.739981273	904.460826802002	7446.585344	cloud-23933	TIMEOUT	990.932075149	926.0889057889872	7457.718272	cloud-23982
eca-rers2012/Problem04_label25.yml	true	TIMEOUT	991.02608271	911.9999843660007	6872.588288	cloud-23979	TIMEOUT	991.08331783	904.6298801720004	7418.167296	cloud-24441	TIMEOUT	990.770849628	924.7417434420058	6828.429312	cloud-24261	TIMEOUT	990.974857095	931.8860445059836	6702.637056	cloud-23979
eca-rers2012/Problem04_label26.yml	false	TIMEOUT	991.615048161	917.3300089300028	6934.585344	cloud-24261	TIMEOUT	991.625764897	919.5498612429947	7919.927296	cloud-24444	TIMEOUT (ERROR (solver error, after parsing finished))	956.150139249	882.7813758560005	6775.259136	cloud-23979	TIMEOUT	990.907819176	927.550934252009	6644.822016	cloud-23933
eca-rers2012/Problem04_label27.yml	false	TIMEOUT	991.075741684	922.3647103920011	6999.330816	cloud-23942	TIMEOUT	991.316530787	907.4629468659987	6829.907968	cloud-24444	TIMEOUT	991.062388896	903.5605469259972	7355.097088	cloud-24259	TIMEOUT	991.037762246	925.2945319039864	6828.519424	cloud-23933
eca-rers2012/Problem04_label28.yml	true	TIMEOUT	991.098739417	905.0802563819998	6918.447104	cloud-23933	TIMEOUT	991.377957429	896.8755715539992	6736.859136	cloud-24444	TIMEOUT (ERROR (solver error, after parsing finished))	943.928347096	872.2556627020003	6614.171648	cloud-23979	TIMEOUT	991.173122333	926.9603748779919	7549.775872	cloud-23933
eca-rers2012/Problem04_label29.yml	true	TIMEOUT	990.927458198	913.066942248	6722.068480	cloud-24261	TIMEOUT	990.979522746	919.4787416839972	6725.074944	cloud-24643	TIMEOUT (ERROR (solver error, after parsing finished))	970.550180256	881.4981018370001	6973.370368	cloud-23933	TIMEOUT	991.305514456	928.4633232449996	7463.915520	cloud-23979
eca-rers2012/Problem04_label30.yml	true	TIMEOUT	990.834378952	920.7210939429988	6804.926464	cloud-23933	TIMEOUT	990.846694519	916.0067662189977	6797.856768	cloud-24441	TIMEOUT (ERROR (solver error, after parsing finished))	952.78196438	874.6872586059981	7383.879680	cloud-23979	TIMEOUT	990.901728656	928.9787918000075	6923.866112	cloud-23980
eca-rers2012/Problem04_label31.yml	false	TIMEOUT	991.091404645	908.0689543799999	7000.539136	cloud-24261	TIMEOUT	990.956238372	921.355937581	6772.867072	cloud-24643	TIMEOUT	990.863551829	921.3487851989994	6853.050368	cloud-23979	TIMEOUT	991.301391202	918.1402713970165	6767.112192	cloud-23982
eca-rers2012/Problem04_label32.yml	false	TIMEOUT	990.948945826	912.1343362299995	6844.645376	cloud-24261	TIMEOUT	991.013926997	906.0126427760006	6644.658176	cloud-24643	TIMEOUT (ERROR (solver error, after parsing finished))	930.629196921	855.2727802500012	7278.575616	cloud-23979	TIMEOUT	991.412300822	915.0940023549774	7437.004800	cloud-23938
eca-rers2012/Problem04_label33.yml	true	TIMEOUT	991.237205506	912.9523717649972	7030.677504	cloud-23933	TIMEOUT	991.350611389	905.5600804459973	6756.798464	cloud-24441	TIMEOUT	991.052242103	906.6559527339996	6750.507008	cloud-23933	TIMEOUT	990.765017363	938.2918602410064	7006.666752	cloud-23943
eca-rers2012/Problem04_label34.yml	true	TIMEOUT	990.92773716	924.4895245280022	6922.452992	cloud-23939	TIMEOUT	990.983168969	916.6967910889944	6791.020544	cloud-24441	TIMEOUT	991.161853106	911.8651798830033	7401.639936	cloud-23979	TIMEOUT	990.883073786	927.8711992269964	6710.460416	cloud-23980
eca-rers2012/Problem04_label35.yml	false	TIMEOUT	991.256444787	922.7482019529998	6966.743040	cloud-23979	TIMEOUT	990.885372094	923.0795254959958	6914.363392	cloud-23939	TIMEOUT (ERROR (solver error, after parsing finished))	908.105137832	838.3842652050007	7723.126784	cloud-24261	TIMEOUT	991.186371848	920.8567248820036	7055.912960	cloud-23933
eca-rers2012/Problem04_label36.yml	false	TIMEOUT	990.935686514	922.0645146439929	7696.240640	cloud-24261	TIMEOUT	991.167430012	905.0752569670003	7321.698304	cloud-24444	TIMEOUT (ERROR (solver error, after parsing finished))	939.167842047	866.1387658789972	6661.345280	cloud-23979	TIMEOUT	991.132724761	929.9147663570184	6769.799168	cloud-23979
eca-rers2012/Problem04_label37.yml	true	TIMEOUT	991.361337799	900.080517086999	7221.370880	cloud-24276	TIMEOUT	991.289274497	904.3262880110015	6726.537216	cloud-24643	ERROR (solver error, after parsing finished)	876.942144374	813.2707244389967	6888.263680	cloud-23939	TIMEOUT	991.176454997	916.693467317993	7304.110080	cloud-23938
eca-rers2012/Problem04_label38.yml	false	TIMEOUT	991.077106638	907.4970181370009	6878.191616	cloud-24261	TIMEOUT	990.779837252	931.1556002430007	6804.029440	cloud-23943	TIMEOUT	991.256170357	904.1475570569964	6635.347968	cloud-24259	TIMEOUT	990.895474414	918.0003502180043	6710.345728	cloud-23982
eca-rers2012/Problem04_label39.yml	false	TIMEOUT	991.099173532	910.7409354240008	6878.941184	cloud-23933	TIMEOUT	991.506844948	909.2106391840025	7308.541952	cloud-24444	TIMEOUT	991.274210311	907.3735663789994	7130.116096	cloud-23933	TIMEOUT	991.368390016	934.1557903259818	8181.641216	cloud-23980
eca-rers2012/Problem04_label40.yml	false	TIMEOUT	991.249936573	923.8598914879985	6902.161408	cloud-23979	TIMEOUT	991.2310624	902.0811749839995	6797.017088	cloud-24441	TIMEOUT (ERROR (solver error, after parsing finished))	916.499155766	844.345253517	6599.372800	cloud-24261	TIMEOUT	990.869220837	920.2461643790011	6946.013184	cloud-23982
eca-rers2012/Problem04_label41.yml	true	TIMEOUT	991.095773939	908.8868181950002	6980.501504	cloud-23979	TIMEOUT	991.043559654	906.3228243810008	6789.881856	cloud-24643	TIMEOUT	991.142479369	915.9904529850028	7157.772288	cloud-24261	TIMEOUT	991.024171268	932.9241598480148	6979.874816	cloud-23979
eca-rers2012/Problem04_label42.yml	true	TIMEOUT	991.266131721	914.0854013569988	6920.552448	cloud-23979	TIMEOUT	991.051613327	907.8825915640045	7317.577728	cloud-24444	ERROR (solver error, after parsing finished)	899.773151059	830.671959572006	7089.053696	cloud-23942	TIMEOUT	991.031085512	930.0111894609872	6902.370304	cloud-23979
eca-rers2012/Problem04_label43.yml	true	TIMEOUT	991.312165011	907.8896515760025	7167.938560	cloud-23933	TIMEOUT	991.481519445	897.3966868059979	6929.879040	cloud-24444	TIMEOUT	991.313524634	901.5482771400057	7384.842240	cloud-23933	TIMEOUT	990.797157564	936.766902487987	6905.106432	cloud-23939
eca-rers2012/Problem04_label44.yml	true	TIMEOUT	991.111042396	912.4791582170001	7050.653696	cloud-24276	TIMEOUT	991.378811361	902.9792759660049	6938.673152	cloud-24441	ERROR (solver error, after parsing finished)	898.662071865	826.3085240600049	7180.865536	cloud-23979	TIMEOUT	991.092337528	924.3513542109868	7174.184960	cloud-23933
eca-rers2012/Problem04_label45.yml	false	TIMEOUT	990.985447345	903.0702698630012	7038.713856	cloud-23933	TIMEOUT	991.3506606	904.9637421329971	7613.030400	cloud-24441	TIMEOUT (ERROR (solver error, after parsing finished))	922.655115221	845.6180747850012	7077.711872	cloud-24261	TIMEOUT	990.667940101	945.9365528940107	6904.913920	cloud-23943
eca-rers2012/Problem04_label46.yml	true	TIMEOUT	991.016952796	909.7249419760001	6892.195840	cloud-24261	TIMEOUT	991.362789049	901.0053310020012	7067.873280	cloud-24441	TIMEOUT (ERROR (solver error, after parsing finished))	925.982274857	850.8987837789973	6907.375616	cloud-23933	TIMEOUT	990.732980197	941.7023490720021	7254.523904	cloud-23944
eca-rers2012/Problem04_label47.yml	true	TIMEOUT	991.062076557	915.7092639799994	7128.391680	cloud-24261	TIMEOUT	991.55325037	900.4903998520022	7102.328832	cloud-24444	TIMEOUT	991.278962827	895.594690701997	6954.991616	cloud-24259	TIMEOUT	990.985215891	917.4332268049766	6842.519552	cloud-23982
eca-rers2012/Problem04_label48.yml	true	TIMEOUT	991.055693227	904.8281878060006	6855.712768	cloud-23933	TIMEOUT	990.88931666	921.8625877980085	7101.648896	cloud-23940	TIMEOUT (ERROR (solver error, after parsing finished))	916.126898773	842.9675302859978	7156.097024	cloud-24261	TIMEOUT	991.117165332	929.0031970609853	6758.649856	cloud-23979
eca-rers2012/Problem04_label49.yml	true	TIMEOUT	991.081666727	914.4343701399994	6945.382400	cloud-23979	TIMEOUT	991.439744346	897.7879762090015	6972.608512	cloud-24441	TIMEOUT	991.117410993	912.5438965700014	7313.076224	cloud-23979	TIMEOUT	991.330316133	923.1261426760175	6908.407808	cloud-23982
eca-rers2012/Problem04_label50.yml	true	TIMEOUT	991.146756856	909.9746432700013	7162.953728	cloud-23979	TIMEOUT	991.095170808	916.1818188379984	7447.838720	cloud-24643	TIMEOUT	991.091444866	892.9741130529983	6942.588928	cloud-24259	TIMEOUT	991.510676967	918.2017031529977	8185.692160	cloud-23938
eca-rers2012/Problem04_label51.yml	true	TIMEOUT	991.018444311	914.3755136489999	7337.467904	cloud-23933	TIMEOUT	991.1713989	909.1131543819938	6832.717824	cloud-24643	TIMEOUT	991.125719044	900.55414879	7197.294592	cloud-23933	TIMEOUT	991.213590995	930.9121203419927	8361.021440	cloud-23933
eca-rers2012/Problem04_label52.yml	false	TIMEOUT	991.117126331	921.1463397680054	8429.490176	cloud-23940	TIMEOUT	991.391118104	910.388381498	6962.028544	cloud-24444	TIMEOUT (ERROR (solver error, after parsing finished))	944.164883139	864.4288651589995	6978.506752	cloud-23979	TIMEOUT	991.326223467	916.669366468006	6803.275776	cloud-23938
eca-rers2012/Problem04_label53.yml	true	TIMEOUT	990.762759119	925.6253801580024	6778.560512	cloud-23942	TIMEOUT	990.770052487	926.6131521089992	6604.148736	cloud-23939	TIMEOUT	990.906026235	921.3973730430007	7142.481920	cloud-23979	TIMEOUT	990.926956165	926.4079388870159	7197.339648	cloud-23982
eca-rers2012/Problem04_label54.yml	true	TIMEOUT	990.923673402	918.4591968259992	7872.577536	cloud-24276	TIMEOUT	991.317882734	912.5487217750051	6965.817344	cloud-24643	TIMEOUT (ERROR (solver error, after parsing finished))	919.762909175	837.5578665770008	7055.024128	cloud-23979	TIMEOUT	990.649610836	945.04381568401	6909.329408	cloud-23944
eca-rers2012/Problem04_label55.yml	false	TIMEOUT	991.827205289	889.2845259730002	7245.242368	cloud-23933	TIMEOUT	991.411210132	899.6950409460005	6987.132928	cloud-24441	TIMEOUT	991.04006224	910.0962823980008	6943.010816	cloud-23979	TIMEOUT	991.264979069	915.1936820050178	7284.482048	cloud-23938
eca-rers2012/Problem04_label56.yml	true	TIMEOUT	991.143837818	915.3984513169999	7031.623680	cloud-24261	TIMEOUT	991.254968571	901.974250706	6751.461376	cloud-24444	TIMEOUT	991.047430155	923.2617930839988	7610.925056	cloud-24261	TIMEOUT	990.960709634	916.559055760008	6827.843584	cloud-23938
eca-rers2012/Problem04_label57.yml	true	TIMEOUT	991.059132498	913.4704000700003	8188.375040	cloud-23979	TIMEOUT	991.195175423	909.9934476029994	6987.829248	cloud-24441	TIMEOUT	990.763028442	930.8023670479961	6831.452160	cloud-23939	TIMEOUT	991.201760521	923.3497605159937	6726.430720	cloud-23933
eca-rers2012/Problem04_label58.yml	false	TIMEOUT	991.513397574	899.1409183779979	7278.346240	cloud-23933	TIMEOUT	990.845059316	925.8766180130187	6939.443200	cloud-23942	TIMEOUT	991.218631172	896.5058290060006	6836.506624	cloud-24259	TIMEOUT	991.030952568	921.8658758969977	7441.752064	cloud-23933
eca-rers2012/Problem04_label59.yml	true	TIMEOUT	990.998771533	911.8647239330003	7243.235328	cloud-24261	TIMEOUT	991.300685835	910.3055534480009	6798.893056	cloud-24643	TIMEOUT	991.198602152	905.0077388680002	6751.199232	cloud-23933	TIMEOUT	990.871060528	931.0961572270025	6819.983360	cloud-23980
eca-rers2012/Problem05_label00.yml	false	OUT OF MEMORY	320.670097406	270.5523330469987	15000.043520	cloud-23979	OUT OF MEMORY	197.181715185	159.26905194902793	15000.162304	cloud-23940	OUT OF MEMORY	269.68028538	226.4296138369973	15000.047616	cloud-23979	OUT OF MEMORY	482.128256235	421.04615281900624	15000.047616	cloud-23938
eca-rers2012/Problem05_label01.yml	false	OUT OF MEMORY	367.501367483	317.4291355310006	15000.035328	cloud-23979	OUT OF MEMORY	272.196449708	221.09054088300036	15000.039424	cloud-24441	OUT OF MEMORY	261.877496025	220.17376144800073	15000.170496	cloud-23944	OUT OF MEMORY	352.763982942	295.0431235390133	15000.051712	cloud-23933
eca-rers2012/Problem05_label02.yml	true	OUT OF MEMORY	284.299234939	237.58660371499718	15000.051712	cloud-24261	OUT OF MEMORY	282.190443156	233.802684520997	15000.043520	cloud-24444	OUT OF MEMORY	290.889805709	241.28958843700093	15000.055808	cloud-23933	OUT OF MEMORY	455.845202481	389.40122807599255	15000.051712	cloud-23933
eca-rers2012/Problem05_label03.yml	true	OUT OF MEMORY	267.104975533	216.44677789400157	15000.039424	cloud-24261	OUT OF MEMORY	253.570451212	212.0782904969965	15000.162304	cloud-23942	OUT OF MEMORY	264.22781583	218.3076546049997	15000.047616	cloud-24261	OUT OF MEMORY	275.719881261	222.90849479299504	15000.051712	cloud-23933
eca-rers2012/Problem05_label04.yml	true	OUT OF MEMORY	288.700969408	240.7625266690011	15000.043520	cloud-24261	OUT OF MEMORY	335.412118869	282.267688323991	15000.039424	cloud-24643	OUT OF MEMORY	329.948824891	274.6984300469994	15000.055808	cloud-23933	OUT OF MEMORY	337.027356158	285.1466692490212	15000.043520	cloud-23933
eca-rers2012/Problem05_label05.yml	true	OUT OF MEMORY	270.736006529	220.17636442100047	15000.047616	cloud-24261	OUT OF MEMORY	277.913963667	232.99059846100135	15000.162304	cloud-23940	OUT OF MEMORY	332.18087767	282.39291277199663	15000.055808	cloud-23933	OUT OF MEMORY	313.575511618	253.0696950859856	15000.039424	cloud-23938
eca-rers2012/Problem05_label06.yml	true	OUT OF MEMORY	261.319545041	214.66569170000002	15000.047616	cloud-23933	OUT OF MEMORY	219.114765766	177.71113312200032	15000.170496	cloud-23940	OUT OF MEMORY	213.347266367	173.78891206000117	15000.174592	cloud-23941	OUT OF MEMORY	345.007911367	293.5734332840075	15000.051712	cloud-23979
eca-rers2012/Problem05_label07.yml	true	OUT OF MEMORY	345.892435037	295.48787355199966	15000.051712	cloud-24276	OUT OF MEMORY	200.736037347	163.74562374694506	15000.166400	cloud-23940	OUT OF MEMORY	342.083705962	284.47802535499795	15000.051712	cloud-24261	OUT OF MEMORY	239.733272475	197.30425979499705	15000.178688	cloud-23939
eca-rers2012/Problem05_label08.yml	true	OUT OF MEMORY	203.026646695	165.45698148700467	15000.166400	cloud-23941	OUT OF MEMORY	282.049231301	233.9414037910028	15000.047616	cloud-24441	OUT OF MEMORY	294.863667482	247.74916871500318	15000.055808	cloud-23979	OUT OF MEMORY	257.142909154	216.04352645299514	15000.162304	cloud-23944
eca-rers2012/Problem05_label09.yml	true	OUT OF MEMORY	284.298108364	236.78542894800012	15000.043520	cloud-24276	OUT OF MEMORY	337.432985661	282.3891584310004	15000.031232	cloud-24643	OUT OF MEMORY	197.383118425	160.4623893609969	15000.174592	cloud-23939	OUT OF MEMORY	501.512973062	434.3675734530261	15000.055808	cloud-23938
eca-rers2012/Problem05_label10.yml	true	OUT OF MEMORY	237.134975926	189.71324614698824	15000.047616	cloud-24261	OUT OF MEMORY	298.699599782	242.59070980400065	15000.039424	cloud-24444	OUT OF MEMORY	355.907134899	295.99007886799996	15000.047616	cloud-23933	OUT OF MEMORY	287.358813263	231.30480791602167	15000.051712	cloud-23979
eca-rers2012/Problem05_label11.yml	false	OUT OF MEMORY	268.509380555	217.29663276499923	15000.039424	cloud-23933	OUT OF MEMORY	283.096891743	237.1575285220024	15000.031232	cloud-24643	OUT OF MEMORY	384.562844924	323.45052824699087	15000.055808	cloud-24261	OUT OF MEMORY	454.96169908	387.6716176090122	15000.047616	cloud-23982
eca-rers2012/Problem05_label12.yml	true	OUT OF MEMORY	342.501512656	287.6494421440002	15000.043520	cloud-23933	OUT OF MEMORY	218.435830018	179.18947870800912	15000.158208	cloud-23941	OUT OF MEMORY	244.741590356	201.95542439299993	15000.051712	cloud-23979	OUT OF MEMORY	213.867532141	174.19743529098923	15000.178688	cloud-23943
eca-rers2012/Problem05_label13.yml	false	OUT OF MEMORY	332.512964509	282.0676886290021	15000.039424	cloud-23979	OUT OF MEMORY	230.172384123	190.01700703398092	15000.166400	cloud-23939	OUT OF MEMORY	198.106423102	165.05090326500067	15000.178688	cloud-23943	OUT OF MEMORY	295.611751349	249.51493631998892	15000.170496	cloud-23940
eca-rers2012/Problem05_label14.yml	true	OUT OF MEMORY	351.486977551	300.3720528140002	15000.043520	cloud-23979	OUT OF MEMORY	231.621160577	189.7272466759896	15000.166400	cloud-23941	OUT OF MEMORY	269.874748102	224.69207042000198	15000.055808	cloud-24261	OUT OF MEMORY	243.437335738	198.5477658569871	15000.174592	cloud-23939
eca-rers2012/Problem05_label15.yml	false	OUT OF MEMORY	323.904628339	272.70836076900014	15000.039424	cloud-23933	OUT OF MEMORY	264.592495084	217.87876329099527	15000.047616	cloud-24441	OUT OF MEMORY	325.434991845	276.16434222599855	15000.051712	cloud-24261	OUT OF MEMORY	470.250045756	404.25791355699766	15000.051712	cloud-23938
eca-rers2012/Problem05_label16.yml	true	OUT OF MEMORY	269.815013921	224.12744659399323	15000.166400	cloud-23940	OUT OF MEMORY	414.124391189	351.3830409509974	15000.039424	cloud-24444	OUT OF MEMORY	252.180196066	206.85203300799913	15000.055808	cloud-24261	OUT OF MEMORY	230.031299678	189.31487614900107	15000.174592	cloud-23940
eca-rers2012/Problem05_label17.yml	true	OUT OF MEMORY	354.74030568	294.7147399260002	15000.039424	cloud-24276	OUT OF MEMORY	201.275177097	163.90200410800753	15000.162304	cloud-23939	OUT OF MEMORY	193.425368735	157.77210643599392	15000.178688	cloud-23943	OUT OF MEMORY	255.852047228	212.05573504799395	15000.162304	cloud-23943
eca-rers2012/Problem05_label18.yml	false	OUT OF MEMORY	352.25869921	298.51467651299936	15000.047616	cloud-24276	OUT OF MEMORY	237.014480932	190.56772350799292	15000.043520	cloud-24444	OUT OF MEMORY	277.245010031	231.7681329659972	15000.055808	cloud-23979	OUT OF MEMORY	478.609005094	411.86218361600186	15000.055808	cloud-23938
eca-rers2012/Problem05_label19.yml	true	OUT OF MEMORY	309.519355042	254.3416038129999	15000.043520	cloud-23933	OUT OF MEMORY	249.472854618	209.25152993299707	15000.162304	cloud-23940	OUT OF MEMORY	210.50947262	171.5722393219985	15000.178688	cloud-23941	OUT OF MEMORY	301.777082859	251.81280984400655	15000.051712	cloud-23979
eca-rers2012/Problem05_label20.yml	true	TIMEOUT	991.31508095	911.061170029001	14710.743040	cloud-23933	OUT OF MEMORY	269.255916263	225.44955972800017	15000.162304	cloud-23940	OUT OF MEMORY	255.896003081	213.0198262390004	15000.178688	cloud-23939	OUT OF MEMORY	295.988087169	246.0590333	15000.051712	cloud-23979
eca-rers2012/Problem05_label21.yml	true	OUT OF MEMORY	274.655734173	225.0774342450004	15000.047616	cloud-23979	OUT OF MEMORY	253.470118833	210.24344665999524	15000.166400	cloud-23939	OUT OF MEMORY	277.858022754	233.82632694800122	15000.055808	cloud-24261	OUT OF MEMORY	421.208992856	366.50475971301785	15000.055808	cloud-23980
eca-rers2012/Problem05_label22.yml	true	OUT OF MEMORY	371.737892584	317.5787261589976	15000.047616	cloud-23933	OUT OF MEMORY	434.892382182	372.846004728	15000.043520	cloud-24444	OUT OF MEMORY	457.132981748	392.3351057079999	15000.051712	cloud-24259	OUT OF MEMORY	437.91650462	377.79725113901077	15000.051712	cloud-23938
eca-rers2012/Problem05_label23.yml	true	OUT OF MEMORY	332.470865184	278.4080167640059	15000.039424	cloud-24261	OUT OF MEMORY	209.200884266	171.4089793630119	15000.162304	cloud-23942	OUT OF MEMORY	394.786307975	331.31754635000107	15000.051712	cloud-23933	OUT OF MEMORY	483.019737702	414.7081897929893	15000.051712	cloud-23933
eca-rers2012/Problem05_label24.yml	false	OUT OF MEMORY	260.07091158	212.5080482159974	15000.039424	cloud-24261	OUT OF MEMORY	235.040857402	197.21745947597083	15000.162304	cloud-23942	OUT OF MEMORY	291.356834838	245.35368522800127	15000.055808	cloud-23933	OUT OF MEMORY	392.217741216	328.8401009949739	15000.055808	cloud-23933
eca-rers2012/Problem05_label25.yml	true	OUT OF MEMORY	305.434169904	258.31190665599934	15000.043520	cloud-23933	OUT OF MEMORY	260.444316718	216.1433827419969	15000.039424	cloud-24444	OUT OF MEMORY	212.849510282	171.7521260479989	15000.178688	cloud-23940	OUT OF MEMORY	212.359200558	171.41231443700963	15000.174592	cloud-23942
eca-rers2012/Problem05_label26.yml	false	OUT OF MEMORY	244.015917948	204.84769437699288	15000.162304	cloud-23941	OUT OF MEMORY	255.116249098	208.75640471099177	15000.043520	cloud-24444	OUT OF MEMORY	262.67902124	216.33177175500168	15000.055808	cloud-24261	OUT OF MEMORY	226.236015331	184.24625640700106	15000.174592	cloud-23942
eca-rers2012/Problem05_label27.yml	true	OUT OF MEMORY	301.226020875	250.06535011300002	15000.043520	cloud-23979	OUT OF MEMORY	230.31385986	188.20310101500945	15000.166400	cloud-23939	OUT OF MEMORY	358.555547184	301.36688271599996	15000.055808	cloud-23933	OUT OF MEMORY	421.121394612	358.0813817739836	15000.051712	cloud-23933
eca-rers2012/Problem05_label28.yml	true	OUT OF MEMORY	325.424755866	273.49849952099976	15000.047616	cloud-23933	OUT OF MEMORY	220.970221374	179.55494720001298	15000.162304	cloud-23940	OUT OF MEMORY	296.329634358	248.54207650600438	15000.051712	cloud-24261	OUT OF MEMORY	241.809310665	197.2519212049956	15000.178688	cloud-23941
eca-rers2012/Problem05_label29.yml	true	OUT OF MEMORY	299.58798671	252.04970419799793	15000.043520	cloud-24261	OUT OF MEMORY	202.637189297	165.65221648100123	15000.162304	cloud-23941	OUT OF MEMORY	203.65263351	166.76363322399993	15000.178688	cloud-23943	OUT OF MEMORY	255.255914758	212.88286158200935	15000.174592	cloud-23943
eca-rers2012/Problem05_label30.yml	false	OUT OF MEMORY	250.518820141	206.0276390559884	15000.170496	cloud-23944	OUT OF MEMORY	440.05147086	381.3667041910012	15000.043520	cloud-24643	OUT OF MEMORY	284.975645999	227.14637143599975	15000.051712	cloud-24261	OUT OF MEMORY	259.952485542	215.36825439700624	15000.162304	cloud-23942
eca-rers2012/Problem05_label31.yml	true	OUT OF MEMORY	385.204411942	318.32178178699905	15000.043520	cloud-23979	OUT OF MEMORY	376.349294784	317.5169396269994	15000.043520	cloud-24444	OUT OF MEMORY	307.586676568	256.7405746680015	15000.047616	cloud-24261	OUT OF MEMORY	223.684664661	182.99212816299405	15000.174592	cloud-23943
eca-rers2012/Problem05_label32.yml	false	OUT OF MEMORY	401.781696179	344.272983400002	15000.043520	cloud-23933	OUT OF MEMORY	194.741357074	158.00561637000646	15000.166400	cloud-23940	OUT OF MEMORY	297.570847107	252.2126533970004	15000.178688	cloud-23942	OUT OF MEMORY	403.358787797	340.9285844700062	15000.043520	cloud-23933
eca-rers2012/Problem05_label33.yml	false	OUT OF MEMORY	219.006326714	177.98074431599525	15000.170496	cloud-23940	OUT OF MEMORY	256.039722539	212.511590023998	15000.158208	cloud-23941	OUT OF MEMORY	252.21397097	208.69690499400167	15000.051712	cloud-23979	OUT OF MEMORY	340.240856369	284.78968516900204	15000.043520	cloud-23979
eca-rers2012/Problem05_label34.yml	true	OUT OF MEMORY	277.165075793	225.60344532699855	15000.047616	cloud-24276	OUT OF MEMORY	336.289777966	274.11346582999977	15000.035328	cloud-24441	OUT OF MEMORY	270.63667473	221.14722382099717	15000.051712	cloud-24261	OUT OF MEMORY	344.681410987	291.3966340199986	15000.051712	cloud-23979
eca-rers2012/Problem05_label35.yml	true	OUT OF MEMORY	342.663397178	289.84862611300196	15000.047616	cloud-23979	OUT OF MEMORY	332.516506604	276.3567606889992	15000.043520	cloud-24444	OUT OF MEMORY	366.214029415	305.4183390559999	15000.051712	cloud-24276	OUT OF MEMORY	225.080472444	183.64600095598144	15000.170496	cloud-23940
eca-rers2012/Problem05_label36.yml	false	OUT OF MEMORY	299.588824809	252.82007526400048	15000.047616	cloud-23933	OUT OF MEMORY	242.66051789	198.59501370298676	15000.166400	cloud-23944	OUT OF MEMORY	239.562152121	198.10572956399847	15000.055808	cloud-23979	OUT OF MEMORY	241.297150958	201.53770709698438	15000.182784	cloud-23944
eca-rers2012/Problem05_label37.yml	false	OUT OF MEMORY	356.147789779	303.759839620001	15000.047616	cloud-24276	OUT OF MEMORY	412.272401517	348.87680874500074	15000.039424	cloud-24643	OUT OF MEMORY	242.090290449	201.62919270999555	15000.170496	cloud-23944	OUT OF MEMORY	242.406718512	201.8135545999976	15000.162304	cloud-23944
eca-rers2012/Problem05_label38.yml	false	OUT OF MEMORY	300.952150349	251.7005788499955	15000.035328	cloud-24261	OUT OF MEMORY	206.068468228	165.98655317200246	15000.166400	cloud-23941	OUT OF MEMORY	263.838162322	218.2021515910019	15000.055808	cloud-23979	OUT OF MEMORY	260.772943506	217.666098798014	15000.178688	cloud-23939
eca-rers2012/Problem05_label39.yml	false	OUT OF MEMORY	351.683506286	292.80972805499914	15000.027136	cloud-23979	OUT OF MEMORY	293.627453836	242.30605126000592	15000.043520	cloud-24643	OUT OF MEMORY	251.755206708	210.00680369999463	15000.178688	cloud-23943	OUT OF MEMORY	257.224719911	215.70748444000492	15000.178688	cloud-23940
eca-rers2012/Problem05_label40.yml	false	OUT OF MEMORY	286.000400744	236.28639604400087	15000.047616	cloud-23933	OUT OF MEMORY	354.138527748	297.1036076240016	15000.039424	cloud-24444	OUT OF MEMORY	325.549030888	275.50815349800007	15000.051712	cloud-23979	OUT OF MEMORY	392.31372775	334.3861478869803	15000.051712	cloud-23980
eca-rers2012/Problem05_label41.yml	false	OUT OF MEMORY	220.339930524	178.75373934800155	15000.150016	cloud-23942	OUT OF MEMORY	286.173821113	236.09005576399795	15000.043520	cloud-24444	OUT OF MEMORY	293.607243729	244.77313505	15000.051712	cloud-23979	OUT OF MEMORY	429.145119178	369.2161555579805	15000.051712	cloud-23982
eca-rers2012/Problem05_label42.yml	true	OUT OF MEMORY	321.234436454	269.62634693700056	15000.043520	cloud-24276	OUT OF MEMORY	290.598165138	240.42222453499926	15000.166400	cloud-23944	OUT OF MEMORY	210.49875902	169.71479653700226	15000.174592	cloud-23941	OUT OF MEMORY	391.046243289	331.0438216920011	15000.047616	cloud-23980
eca-rers2012/Problem05_label43.yml	true	OUT OF MEMORY	350.473614598	296.8554023739998	15000.047616	cloud-24276	OUT OF MEMORY	312.583009277	258.4853604220116	15000.047616	cloud-24441	OUT OF MEMORY	265.961256354	215.41949147800187	15000.051712	cloud-23933	OUT OF MEMORY	238.260689602	195.49384677500348	15000.174592	cloud-23942
eca-rers2012/Problem05_label44.yml	false	OUT OF MEMORY	275.777535079	227.98416678600188	15000.047616	cloud-24261	OUT OF MEMORY	327.113306683	268.1477025790009	15000.047616	cloud-24444	OUT OF MEMORY	279.288065063	232.80650397899808	15000.055808	cloud-24261	OUT OF MEMORY	227.418694802	186.43586535198847	15000.170496	cloud-23942
eca-rers2012/Problem05_label45.yml	true	OUT OF MEMORY	333.1497438	280.0195269319993	15000.047616	cloud-24276	OUT OF MEMORY	278.707432936	230.20341210399056	15000.043520	cloud-24441	OUT OF MEMORY	237.533750554	199.7891465759967	15000.178688	cloud-23939	OUT OF MEMORY	457.475038524	392.03609010900254	15000.055808	cloud-23938
eca-rers2012/Problem05_label46.yml	true	OUT OF MEMORY	307.553199482	253.03554954100036	15000.043520	cloud-24276	OUT OF MEMORY	294.925481989	248.98165728500317	15000.166400	cloud-23944	OUT OF MEMORY	223.468826322	182.62008019899804	15000.178688	cloud-23939	OUT OF MEMORY	454.338176191	393.5881519950053	15000.047616	cloud-23933
eca-rers2012/Problem05_label47.yml	false	OUT OF MEMORY	213.364270694	173.15539929800434	15000.166400	cloud-23940	OUT OF MEMORY	326.428418016	276.1675032089988	15000.043520	cloud-24643	OUT OF MEMORY	199.858076117	163.2566122660064	15000.178688	cloud-23943	OUT OF MEMORY	228.235421189	189.91350908300956	15000.166400	cloud-23943
eca-rers2012/Problem05_label48.yml	false	OUT OF MEMORY	299.737932442	250.3738924680074	15000.051712	cloud-24261	OUT OF MEMORY	308.253033082	258.33826705400134	15000.043520	cloud-24441	OUT OF MEMORY	274.85737495	228.64136857000267	15000.051712	cloud-24261	OUT OF MEMORY	227.822602252	187.182249503996	15000.174592	cloud-23940
eca-rers2012/Problem05_label49.yml	true	OUT OF MEMORY	246.649461836	201.07095186099468	15000.166400	cloud-23940	OUT OF MEMORY	216.918647818	177.92872366900338	15000.170496	cloud-23941	OUT OF MEMORY	288.58431551	240.50820091499918	15000.051712	cloud-24261	OUT OF MEMORY	269.390504435	216.39376365899807	15000.055808	cloud-23933
eca-rers2012/Problem05_label50.yml	true	OUT OF MEMORY	304.585551272	252.00693661400146	15000.039424	cloud-23933	OUT OF MEMORY	276.167671427	230.0786153160152	15000.154112	cloud-23939	OUT OF MEMORY	242.697310931	197.3601404220026	15000.047616	cloud-24261	OUT OF MEMORY	359.499631769	302.3113208930008	15000.047616	cloud-23979
eca-rers2012/Problem05_label51.yml	false	OUT OF MEMORY	350.259046282	298.83914306800216	15000.043520	cloud-24276	OUT OF MEMORY	254.03910601	205.35402449899993	15000.039424	cloud-24444	OUT OF MEMORY	306.978964803	259.8298871770021	15000.055808	cloud-24261	OUT OF MEMORY	259.857048377	215.76553215199965	15000.170496	cloud-23943
eca-rers2012/Problem05_label52.yml	true	OUT OF MEMORY	347.7585794	294.99801748400205	15000.047616	cloud-23979	OUT OF MEMORY	298.711253725	248.64239183900645	15000.043520	cloud-24643	OUT OF MEMORY	216.128050104	173.22816470600083	15000.170496	cloud-23939	OUT OF MEMORY	242.463944034	198.89354520099005	15000.162304	cloud-23941
eca-rers2012/Problem05_label53.yml	true	OUT OF MEMORY	271.493904084	227.72036456300702	15000.158208	cloud-23944	OUT OF MEMORY	299.003847404	249.54791013299837	15000.043520	cloud-24441	OUT OF MEMORY	228.214184219	185.97110271199927	15000.178688	cloud-23939	OUT OF MEMORY	406.352667488	348.6758596310101	15000.051712	cloud-23938
eca-rers2012/Problem05_label54.yml	true	OUT OF MEMORY	267.222014308	224.07874220800295	15000.043520	cloud-24261	OUT OF MEMORY	243.797991951	203.01028033497278	15000.166400	cloud-23942	OUT OF MEMORY	310.516519435	262.4738160470006	15000.055808	cloud-24261	OUT OF MEMORY	397.167926783	333.2347372669901	15000.047616	cloud-23938
eca-rers2012/Problem05_label55.yml	false	OUT OF MEMORY	293.708535005	243.5614023320013	15000.043520	cloud-23933	OUT OF MEMORY	244.240236736	205.14191523200134	15000.170496	cloud-23939	OUT OF MEMORY	294.205786156	246.69320781100396	15000.047616	cloud-24261	OUT OF MEMORY	455.602035699	399.8240598970151	15000.043520	cloud-23980
eca-rers2012/Problem05_label56.yml	true	OUT OF MEMORY	299.383192854	249.20899115000793	15000.047616	cloud-24261	OUT OF MEMORY	234.756051878	193.17266031599866	15000.162304	cloud-23941	OUT OF MEMORY	240.288800338	198.8227756710039	15000.178688	cloud-23940	OUT OF MEMORY	325.95524684	270.3609086210199	15000.039424	cloud-23979
eca-rers2012/Problem05_label57.yml	false	OUT OF MEMORY	314.049941666	262.5766470620001	15000.043520	cloud-24261	OUT OF MEMORY	390.663106467	329.7661052359981	15000.043520	cloud-24444	OUT OF MEMORY	266.83136917	222.40319924300275	15000.174592	cloud-23944	OUT OF MEMORY	417.225204455	357.3253587759973	15000.047616	cloud-23982
eca-rers2012/Problem05_label58.yml	false	OUT OF MEMORY	333.68934133	280.06999785100015	15000.047616	cloud-23979	OUT OF MEMORY	304.835200202	253.44454676900932	15000.039424	cloud-24643	OUT OF MEMORY	287.641547496	237.36967659899528	15000.055808	cloud-24261	OUT OF MEMORY	206.905221639	166.3593303920061	15000.178688	cloud-23943
eca-rers2012/Problem05_label59.yml	true	OUT OF MEMORY	337.93915828	286.18090419299915	15000.047616	cloud-23933	OUT OF MEMORY	284.573235139	235.00461219099816	15000.035328	cloud-24441	OUT OF MEMORY	386.716426021	327.098665	15000.047616	cloud-23933	OUT OF MEMORY	431.048746978	364.39503692800645	15000.047616	cloud-23982
eca-rers2012/Problem06_label00.yml	false	OUT OF MEMORY	350.207386839	299.9227639370001	15000.043520	cloud-23979	OUT OF MEMORY	263.974440804	226.26413215196226	15000.166400	cloud-23944	OUT OF MEMORY	557.946826097	489.0502053349992	15000.162304	cloud-23944	OUT OF MEMORY	410.850032386	349.98860241798684	15000.051712	cloud-23979
eca-rers2012/Problem06_label01.yml	false	TIMEOUT	991.424474007	916.8747764919972	14594.404352	cloud-24261	OUT OF MEMORY	377.29522531	324.1660513539973	15000.043520	cloud-24643	OUT OF MEMORY	383.942524541	337.34798418800347	15000.055808	cloud-24261	OUT OF MEMORY	261.702572103	222.959976017999	15000.174592	cloud-23944
eca-rers2012/Problem06_label02.yml	false	TIMEOUT	991.42422673	907.9826184930025	14625.550336	cloud-23979	TIMEOUT	979.492948813	877.6178766560006	15000.039424	cloud-24441	OUT OF MEMORY	445.781829801	382.8092562660022	15000.055808	cloud-24261	OUT OF MEMORY	258.653614934	216.42960938598844	15000.178688	cloud-23944
eca-rers2012/Problem06_label03.yml	true	OUT OF MEMORY	333.574475781	291.77618484299455	15000.166400	cloud-23942	TIMEOUT	991.677529097	892.9203434469964	14925.676544	cloud-24643	OUT OF MEMORY	505.735515726	430.1569280230033	15000.178688	cloud-23944	OUT OF MEMORY	494.627819669	427.7531143889937	15000.174592	cloud-23940
eca-rers2012/Problem06_label04.yml	false	OUT OF MEMORY	247.803150755	208.19149246900633	15000.162304	cloud-23943	OUT OF MEMORY	248.817256942	211.73291469499236	15000.158208	cloud-23940	OUT OF MEMORY	388.593740003	333.1557789769977	15000.051712	cloud-24261	OUT OF MEMORY	493.454953013	427.1312780659937	15000.039424	cloud-23982
eca-rers2012/Problem06_label05.yml	false	OUT OF MEMORY	449.011700756	385.1073844099992	15000.047616	cloud-23933	OUT OF MEMORY	260.432591837	220.9560093379987	15000.158208	cloud-23940	OUT OF MEMORY	340.712554849	296.6254789090017	15000.166400	cloud-23941	OUT OF MEMORY	307.993475405	264.18258367900853	15000.174592	cloud-23940
eca-rers2012/Problem06_label06.yml	true	TIMEOUT	991.428513387	923.1453214140056	14212.030464	cloud-24261	OUT OF MEMORY	428.098611874	380.39128264	15000.043520	cloud-24643	OUT OF MEMORY	733.181745701	658.9100954189998	15000.174592	cloud-23941	OUT OF MEMORY	626.801295291	554.5869383969984	15000.047616	cloud-23980
eca-rers2012/Problem06_label07.yml	true	TIMEOUT	991.156367239	922.8291666470031	14611.980288	cloud-23944	TIMEOUT	991.699680975	906.8951241519972	14762.401792	cloud-24643	TIMEOUT	991.590440401	899.2213729119976	14812.147712	cloud-24261	OUT OF MEMORY	288.563222682	244.77022175100865	15000.162304	cloud-23939
eca-rers2012/Problem06_label08.yml	true	TIMEOUT	991.421795585	918.2079345769998	14696.448000	cloud-23979	OUT OF MEMORY	386.991607758	338.5817802350066	15000.043520	cloud-24444	OUT OF MEMORY	456.36978432	385.0697175000023	15000.178688	cloud-23940	OUT OF MEMORY	476.177861414	414.07578984298743	15000.043520	cloud-23933
eca-rers2012/Problem06_label09.yml	false	TIMEOUT	991.474801772	912.4876422380003	14683.840512	cloud-23979	OUT OF MEMORY	289.697259392	251.2803123049962	15000.154112	cloud-23941	TIMEOUT	991.714206748	898.8083634769973	14948.560896	cloud-24261	OUT OF MEMORY	512.796869895	426.93468848400516	15000.051712	cloud-23982
eca-rers2012/Problem06_label10.yml	false	OUT OF MEMORY	460.971663959	393.1405565580062	15000.162304	cloud-23940	OUT OF MEMORY	425.770640598	372.9953307659998	15000.039424	cloud-24441	OUT OF MEMORY	325.942285876	270.391281350996	15000.162304	cloud-23939	TIMEOUT	991.734294717	905.1369714429893	14985.277440	cloud-23982
eca-rers2012/Problem06_label11.yml	false	OUT OF MEMORY	519.255903568	459.15566631699994	15000.047616	cloud-23933	OUT OF MEMORY	566.230593165	486.5575710449921	15000.043520	cloud-24643	OUT OF MEMORY	327.077261504	266.0234463759989	15000.055808	cloud-23979	OUT OF MEMORY	577.063978498	497.70077628898434	15000.055808	cloud-23980
eca-rers2012/Problem06_label12.yml	false	OUT OF MEMORY	452.39455787	400.7636736509994	15000.047616	cloud-23933	OUT OF MEMORY	392.60039505	335.1799681919947	15000.043520	cloud-24444	OUT OF MEMORY	656.745904811	588.723646102997	15000.178688	cloud-23944	OUT OF MEMORY	430.022462957	370.3230307310005	15000.039424	cloud-23979
eca-rers2012/Problem06_label13.yml	true	TIMEOUT	991.347416692	911.2707568610003	14626.201600	cloud-24276	OUT OF MEMORY	366.125195619	306.04826877999585	15000.039424	cloud-24643	TIMEOUT	992.466358952	889.688827017002	14733.430784	cloud-24259	OUT OF MEMORY	329.840039553	271.34405802498804	15000.166400	cloud-23944
eca-rers2012/Problem06_label14.yml	true	TIMEOUT	991.345020593	920.2238341580087	14776.860672	cloud-24261	OUT OF MEMORY	466.586673715	399.61721288399985	15000.035328	cloud-24643	TIMEOUT	991.367940143	911.1396566059993	14931.603456	cloud-23942	OUT OF MEMORY	609.569434495	518.8038766519749	15000.051712	cloud-23982
eca-rers2012/Problem06_label15.yml	false	OUT OF MEMORY	394.263420503	345.74464395500036	15000.043520	cloud-24276	OUT OF MEMORY	792.075591345	702.0062926670071	15000.047616	cloud-24441	OUT OF MEMORY	327.396411663	280.8665741360019	15000.178688	cloud-23941	OUT OF MEMORY	362.237169254	313.8075391060265	15000.047616	cloud-23979
eca-rers2012/Problem06_label16.yml	true	TIMEOUT	991.800567614	910.433710585	14846.042112	cloud-24276	OUT OF MEMORY	526.116926836	445.0009694229957	15000.031232	cloud-24441	OUT OF MEMORY	317.019283527	274.8735775669993	15000.174592	cloud-23939	OUT OF MEMORY	374.438277342	317.51641949499026	15000.174592	cloud-23942
eca-rers2012/Problem06_label17.yml	true	TIMEOUT	991.483267059	908.1980072139995	14903.382016	cloud-24276	OUT OF MEMORY	365.960174734	313.46445237100124	15000.035328	cloud-24444	OUT OF MEMORY	248.181616669	209.11474969700066	15000.178688	cloud-23942	OUT OF MEMORY	404.984686207	349.8384123840078	15000.043520	cloud-23979
eca-rers2012/Problem06_label18.yml	true	OUT OF MEMORY	495.047287762	444.662968816001	15000.047616	cloud-23979	TIMEOUT	991.722953308	905.1273484240082	14193.225728	cloud-24444	OUT OF MEMORY	351.491308316	302.5352745220007	15000.047616	cloud-24261	OUT OF MEMORY	493.383824476	415.6061972230091	15000.047616	cloud-23979
eca-rers2012/Problem06_label19.yml	true	TIMEOUT	991.587770052	901.3037336279995	14888.435712	cloud-23979	OUT OF MEMORY	363.75843268	316.8451159749966	15000.043520	cloud-24441	OUT OF MEMORY	597.858996561	534.700360928	15000.051712	cloud-23933	OUT OF MEMORY	432.344646375	367.69075295398943	15000.170496	cloud-23942
eca-rers2012/Problem06_label20.yml	false	OUT OF MEMORY	303.005738228	261.3290848080069	15000.170496	cloud-23940	TIMEOUT	991.494518502	912.9296518449992	14820.007936	cloud-24444	TIMEOUT	991.314911087	922.6031151139978	14982.414336	cloud-23943	TIMEOUT	992.267602968	894.3903878830024	14982.844416	cloud-23982
eca-rers2012/Problem06_label21.yml	false	TIMEOUT	991.530145838	920.0461616709945	14775.476224	cloud-24261	OUT OF MEMORY	424.584375706	375.19275996199576	15000.043520	cloud-24444	OUT OF MEMORY	465.711482682	398.01336599299975	15000.055808	cloud-24261	OUT OF MEMORY	472.456775732	404.216994382994	15000.051712	cloud-23938
eca-rers2012/Problem06_label22.yml	true	OUT OF MEMORY	406.278104678	355.2097304609997	15000.043520	cloud-24276	OUT OF MEMORY	269.587321269	231.52850898900215	15000.158208	cloud-23943	TIMEOUT	991.317104605	905.4775034659999	14680.211456	cloud-23979	OUT OF MEMORY	285.848586599	232.22748123900965	15000.174592	cloud-23942
eca-rers2012/Problem06_label23.yml	true	OUT OF MEMORY	356.86490567	280.5930821039947	15000.043520	cloud-24261	OUT OF MEMORY	553.284423311	493.0957787660009	15000.043520	cloud-24441	OUT OF MEMORY	613.294357158	543.7423018119999	15000.047616	cloud-23979	TIMEOUT	992.031365369	896.255289794004	14945.439744	cloud-23982
eca-rers2012/Problem06_label24.yml	false	OUT OF MEMORY	390.331612328	336.49607554400063	15000.039424	cloud-24276	OUT OF MEMORY	267.853053408	230.15298808802618	15000.166400	cloud-23940	OUT OF MEMORY	295.623973947	256.7614777620038	15000.178688	cloud-23939	OUT OF MEMORY	681.759382475	591.8998476470006	15000.051712	cloud-23982
eca-rers2012/Problem06_label25.yml	true	OUT OF MEMORY	502.633042509	430.01001719999476	15000.047616	cloud-24261	OUT OF MEMORY	476.004645382	402.78063193800335	15000.162304	cloud-23939	OUT OF MEMORY	417.173531941	345.67989878899243	15000.178688	cloud-23942	OUT OF MEMORY	299.746348743	254.3726086509996	15000.174592	cloud-23942
eca-rers2012/Problem06_label26.yml	true	TIMEOUT	991.331377349	910.0627949570007	14862.954496	cloud-23979	TIMEOUT	991.400332334	903.7722201110009	14795.231232	cloud-23944	OUT OF MEMORY	473.037988851	407.8156674419988	15000.051712	cloud-23979	OUT OF MEMORY	425.223918113	370.83566871698713	15000.055808	cloud-23938
eca-rers2012/Problem06_label27.yml	false	TIMEOUT	991.391660711	907.917388267002	14744.055808	cloud-23979	OUT OF MEMORY	316.552914039	267.4317228459986	15000.043520	cloud-24441	OUT OF MEMORY	441.035424984	374.01547502500034	15000.051712	cloud-24261	OUT OF MEMORY	403.599336977	338.38197214799584	15000.170496	cloud-23942
eca-rers2012/Problem06_label28.yml	true	TIMEOUT	991.72705025	908.6216078580001	14660.661248	cloud-24276	OUT OF MEMORY	552.496002926	477.0794085660018	15000.166400	cloud-23939	OUT OF MEMORY	271.95417496	234.3132768409996	15000.174592	cloud-23944	OUT OF MEMORY	342.099186213	275.54411726098624	15000.170496	cloud-23942
eca-rers2012/Problem06_label29.yml	false	OUT OF MEMORY	534.980459804	459.40234070599945	15000.031232	cloud-23979	OUT OF MEMORY	274.896811541	237.48535523800092	15000.162304	cloud-23942	TIMEOUT	991.409495039	909.0196344599972	14928.912384	cloud-23941	OUT OF MEMORY	435.307497985	353.2998952899943	15000.051712	cloud-23979
eca-rers2012/Problem06_label30.yml	true	OUT OF MEMORY	425.300969643	373.0675906460019	15000.039424	cloud-23979	TIMEOUT	991.624573154	900.8040937920005	14861.615104	cloud-24643	TIMEOUT	991.90263357	899.090319996998	14817.824768	cloud-23933	OUT OF MEMORY	327.119770122	281.7541890660068	15000.170496	cloud-23942
eca-rers2012/Problem06_label31.yml	true	OUT OF MEMORY	446.07494045	395.7996559229996	15000.043520	cloud-23979	TIMEOUT	991.741042323	899.4221876780066	14946.152448	cloud-24441	OUT OF MEMORY	461.448249185	386.8190304009986	15000.051712	cloud-24261	OUT OF MEMORY	310.519767148	262.94672311499016	15000.170496	cloud-23941
eca-rers2012/Problem06_label32.yml	true	OUT OF MEMORY	536.663764288	475.28046311900107	15000.047616	cloud-23979	OUT OF MEMORY	401.358432597	332.5625276139908	15000.043520	cloud-24444	OUT OF MEMORY	469.746783722	402.50622665199626	15000.051712	cloud-24261	OUT OF MEMORY	523.142099978	439.92883684599656	15000.047616	cloud-23933
eca-rers2012/Problem06_label33.yml	false	TIMEOUT	991.457475856	914.715944702999	14737.637376	cloud-24261	OUT OF MEMORY	275.199350228	232.3187759129978	15000.162304	cloud-23939	OUT OF MEMORY	644.840580373	570.8556897189992	15000.047616	cloud-23933	OUT OF MEMORY	458.042402948	387.8420992270112	15000.039424	cloud-23979
eca-rers2012/Problem06_label34.yml	true	OUT OF MEMORY	347.82613471	291.5864794629997	15000.043520	cloud-24276	OUT OF MEMORY	844.144951387	750.7622245079983	15000.043520	cloud-24441	OUT OF MEMORY	266.251379783	229.627442832003	15000.178688	cloud-23943	OUT OF MEMORY	321.405450944	269.0513320530008	15000.174592	cloud-23944
eca-rers2012/Problem06_label35.yml	true	OUT OF MEMORY	397.703530208	344.9071746369991	15000.047616	cloud-24276	OUT OF MEMORY	654.088609995	564.4972643529982	15000.035328	cloud-24643	OUT OF MEMORY	822.815922829	752.488782483997	15000.178688	cloud-23941	OUT OF MEMORY	291.530028171	251.25553874799516	15000.166400	cloud-23944
eca-rers2012/Problem06_label36.yml	false	OUT OF MEMORY	542.983952927	484.93447511200065	15000.047616	cloud-23933	OUT OF MEMORY	810.195197534	708.7668758789987	15000.039424	cloud-24444	OUT OF MEMORY	356.847368728	296.6735914519959	15000.178688	cloud-23941	OUT OF MEMORY	349.489375594	287.20203476501047	15000.170496	cloud-23942
eca-rers2012/Problem06_label37.yml	false	OUT OF MEMORY	439.311903121	374.03870533499867	15000.039424	cloud-23979	OUT OF MEMORY	401.792241618	350.4242689800012	15000.047616	cloud-24444	OUT OF MEMORY	740.024920605	645.2831894940027	15000.051712	cloud-23933	OUT OF MEMORY	342.977987102	289.72258534899447	15000.051712	cloud-23933
eca-rers2012/Problem06_label38.yml	false	OUT OF MEMORY	466.281423145	403.2577562660008	15000.043520	cloud-24261	OUT OF MEMORY	324.395563996	281.0253595519989	15000.162304	cloud-23939	OUT OF MEMORY	289.630187349	244.18100842100102	15000.178688	cloud-23942	TIMEOUT	991.609440177	910.1538535569853	14617.858048	cloud-23980
eca-rers2012/Problem06_label39.yml	true	OUT OF MEMORY	263.662919843	227.4595385970024	15000.166400	cloud-23943	TIMEOUT	992.070944747	893.5915939890001	14988.836864	cloud-24444	OUT OF MEMORY	573.951845329	497.5691854360048	15000.174592	cloud-23939	OUT OF MEMORY	627.011076474	538.2053908259841	15000.047616	cloud-23982
eca-rers2012/Problem06_label40.yml	true	OUT OF MEMORY	425.068060059	369.1625607729993	15000.043520	cloud-24276	OUT OF MEMORY	379.358586884	320.78874498100004	15000.043520	cloud-24441	TIMEOUT	991.424995302	910.9033167870002	14795.415552	cloud-23979	OUT OF MEMORY	466.38268736	397.45890378800686	15000.055808	cloud-23933
eca-rers2012/Problem06_label41.yml	true	OUT OF MEMORY	418.103896466	371.202626145001	15000.039424	cloud-23933	OUT OF MEMORY	799.312918273	715.549653574999	15000.031232	cloud-24643	OUT OF MEMORY	518.450746343	444.1100470620004	15000.055808	cloud-24261	OUT OF MEMORY	270.164805839	227.60597998899175	15000.174592	cloud-23943
eca-rers2012/Problem06_label42.yml	true	TIMEOUT	991.68482345	907.1776544399982	14970.736640	cloud-23933	OUT OF MEMORY	879.816451038	784.3106406760053	15000.039424	cloud-24643	OUT OF MEMORY	319.828315118	264.0684048320036	15000.178688	cloud-23943	OUT OF MEMORY	380.012664555	322.98490728001343	15000.166400	cloud-23942
eca-rers2012/Problem06_label43.yml	true	TIMEOUT	991.358395269	912.9302360440015	14902.702080	cloud-23979	TIMEOUT	991.700228082	903.7266121540015	14983.933952	cloud-24444	OUT OF MEMORY	301.324867632	262.6679753799981	15000.178688	cloud-23941	OUT OF MEMORY	708.983521712	618.1465654569911	15000.051712	cloud-23982
eca-rers2012/Problem06_label44.yml	false	OUT OF MEMORY	555.718595636	500.10149993900086	15000.047616	cloud-23933	OUT OF MEMORY	341.497833895	293.50625094998395	15000.162304	cloud-23939	OUT OF MEMORY	278.27775665	239.88392416299757	15000.174592	cloud-23940	OUT OF MEMORY	371.730025467	304.9397972880106	15000.178688	cloud-23942
eca-rers2012/Problem06_label45.yml	true	TIMEOUT	991.38052332	915.3981731539998	14675.628032	cloud-23933	OUT OF MEMORY	323.560785635	277.1022169370117	15000.035328	cloud-24441	TIMEOUT	991.256420243	916.7428186930047	14908.276736	cloud-23940	OUT OF MEMORY	590.921754613	498.6299639819772	15000.055808	cloud-23982
eca-rers2012/Problem06_label46.yml	true	OUT OF MEMORY	336.488268991	276.317574575005	15000.166400	cloud-23939	OUT OF MEMORY	274.713140272	238.1018865260412	15000.170496	cloud-23941	OUT OF MEMORY	517.309956932	448.9792391749943	15000.047616	cloud-23933	OUT OF MEMORY	588.677523048	503.2974348340067	15000.051712	cloud-23982
eca-rers2012/Problem06_label47.yml	false	TIMEOUT	991.537074447	909.0852442830001	14668.750848	cloud-24276	OUT OF MEMORY	873.457087372	790.3293827419984	15000.039424	cloud-24643	OUT OF MEMORY	398.181583381	334.16039587299747	15000.170496	cloud-23941	OUT OF MEMORY	486.859128889	404.35778129601385	15000.055808	cloud-23938
eca-rers2012/Problem06_label48.yml	false	TIMEOUT	991.667714039	909.9762547459977	14674.452480	cloud-24261	OUT OF MEMORY	492.290704723	416.0288592959987	15000.035328	cloud-24444	OUT OF MEMORY	550.199199923	494.2986869460001	15000.055808	cloud-24259	OUT OF MEMORY	327.794593457	271.0920352990215	15000.166400	cloud-23944
eca-rers2012/Problem06_label49.yml	true	TIMEOUT	991.573648395	922.1191417079972	14843.699200	cloud-24261	OUT OF MEMORY	280.324846865	242.38568407200364	15000.162304	cloud-23942	OUT OF MEMORY	473.016314101	399.41060477500287	15000.055808	cloud-24261	OUT OF MEMORY	411.616894788	355.57984116699663	15000.047616	cloud-23933
eca-rers2012/Problem06_label50.yml	true	OUT OF MEMORY	387.401194826	339.76030992700544	15000.047616	cloud-24261	TIMEOUT	991.540258553	904.1382301819976	14729.314304	cloud-24643	OUT OF MEMORY	375.329617707	326.94059377600206	15000.174592	cloud-23942	OUT OF MEMORY	335.168902827	270.28961239999626	15000.162304	cloud-23943
eca-rers2012/Problem06_label51.yml	true	TIMEOUT	991.528671556	919.9334344060007	14978.056192	cloud-23979	OUT OF MEMORY	346.408137484	293.03663599299034	15000.043520	cloud-24643	OUT OF MEMORY	336.521356575	293.46594935500616	15000.178688	cloud-23939	OUT OF MEMORY	594.162844706	514.4330041460053	15000.051712	cloud-23980
eca-rers2012/Problem06_label52.yml	true	TIMEOUT	991.431383387	917.3071648059995	14704.799744	cloud-24261	OUT OF MEMORY	396.247938576	337.094507005997	15000.047616	cloud-24444	TIMEOUT	992.000963132	890.0507244889959	14982.815744	cloud-23979	OUT OF MEMORY	309.296103643	265.4339574780024	15000.174592	cloud-23942
eca-rers2012/Problem06_label53.yml	true	OUT OF MEMORY	495.053818732	446.3441321530008	15000.047616	cloud-23979	TIMEOUT	991.446691767	911.0114852209954	13918.699520	cloud-24643	OUT OF MEMORY	288.048389029	246.9813978940001	15000.178688	cloud-23940	OUT OF MEMORY	621.063261693	539.250196235982	15000.047616	cloud-23980
eca-rers2012/Problem06_label54.yml	true	OUT OF MEMORY	412.4070221	357.21939941800156	15000.035328	cloud-23979	OUT OF MEMORY	449.064354746	397.13624350199825	15000.043520	cloud-24643	OUT OF MEMORY	370.263805867	319.46620555899426	15000.055808	cloud-24261	OUT OF MEMORY	502.925052685	448.1153668570041	15000.055808	cloud-23980
eca-rers2012/Problem06_label55.yml	true	OUT OF MEMORY	511.836596964	456.5695358000012	15000.043520	cloud-23933	OUT OF MEMORY	299.600666478	252.71716534695588	15000.166400	cloud-23944	TIMEOUT	991.651398135	909.6275080940031	14999.502848	cloud-24261	OUT OF MEMORY	617.267285059	537.3549740059825	15000.043520	cloud-23933
eca-rers2012/Problem06_label56.yml	false	OUT OF MEMORY	381.634566638	328.99927479799953	15000.039424	cloud-23933	TIMEOUT	992.583215424	889.101205842002	14759.755776	cloud-24441	OUT OF MEMORY	713.681161162	620.3195657460019	15000.051712	cloud-23979	OUT OF MEMORY	471.779406948	419.3449714340095	15000.051712	cloud-23979
eca-rers2012/Problem06_label57.yml	true	OUT OF MEMORY	440.163495683	389.27811675500016	15000.047616	cloud-23933	OUT OF MEMORY	560.493577207	477.71305328200106	15000.047616	cloud-24643	TIMEOUT	991.191709262	919.8948463990018	14129.496064	cloud-23941	OUT OF MEMORY	405.59407736	339.50356219298556	15000.174592	cloud-23939
eca-rers2012/Problem06_label58.yml	false	OUT OF MEMORY	429.994720766	376.5996452520012	15000.039424	cloud-23979	OUT OF MEMORY	548.035567376	479.6336003710003	15000.043520	cloud-24643	OUT OF MEMORY	339.200070385	290.49228649200006	15000.055808	cloud-23933	TIMEOUT	991.780361194	922.5251681309892	14027.014144	cloud-23979
eca-rers2012/Problem06_label59.yml	false	TIMEOUT	991.289332841	911.2652493540008	14975.217664	cloud-23979	OUT OF MEMORY	588.000257337	524.6421586969991	15000.043520	cloud-24441	OUT OF MEMORY	453.384772618	375.59624066299875	15000.051712	cloud-23933	OUT OF MEMORY	406.244670077	350.5075766200025	15000.051712	cloud-23979
eca-rers2012/Problem07_label00.yml	true	OUT OF MEMORY	90.578769024	49.43029892499908	15000.166400	cloud-23939	OUT OF MEMORY	76.52975704	41.80387778597651	15000.375296	cloud-23944	OUT OF MEMORY	91.734309578	49.45057748800173	15000.055808	cloud-24261	OUT OF MEMORY	118.144513893	64.64004606602248	15000.055808	cloud-23938
eca-rers2012/Problem07_label01.yml	true	OUT OF MEMORY	99.368015825	53.73742777999905	15000.281088	cloud-23979	OUT OF MEMORY	134.592959697	72.77880486499998	15000.031232	cloud-24441	OUT OF MEMORY	98.29387522	53.239516143999936	15000.047616	cloud-23933	OUT OF MEMORY	121.170300051	65.6525929190102	15000.051712	cloud-23938
eca-rers2012/Problem07_label02.yml	true	OUT OF MEMORY	108.946806478	58.33809111200026	15000.252416	cloud-23933	OUT OF MEMORY	78.012696407	43.029885148003814	15000.162304	cloud-23941	OUT OF MEMORY	114.467862968	62.75168386100002	15000.055808	cloud-23979	OUT OF MEMORY	81.693758636	44.769131287990604	15000.174592	cloud-23943
eca-rers2012/Problem07_label03.yml	false	OUT OF MEMORY	79.394013491	44.050337818000116	15000.399872	cloud-23941	OUT OF MEMORY	96.648911438	52.55068175701308	15000.035328	cloud-24643	OUT OF MEMORY	102.761247872	56.43551309800023	15000.055808	cloud-23979	OUT OF MEMORY	125.513996438	68.46121546300128	15000.043520	cloud-23982
eca-rers2012/Problem07_label04.yml	true	OUT OF MEMORY	82.722221868	45.55689175700536	15000.170496	cloud-23941	OUT OF MEMORY	123.040043166	67.30813495800248	15000.244224	cloud-24643	OUT OF MEMORY	81.752621599	45.28117189600016	15000.174592	cloud-23943	OUT OF MEMORY	108.236860017	57.638341371988645	15000.055808	cloud-23933
eca-rers2012/Problem07_label05.yml	false	OUT OF MEMORY	96.375093332	52.51128619900555	15000.043520	cloud-24261	OUT OF MEMORY	75.128181397	41.51929870100139	15000.162304	cloud-23943	OUT OF MEMORY	85.054705941	47.14786004200141	15000.416256	cloud-23943	OUT OF MEMORY	101.968296091	55.035916777007515	15000.055808	cloud-23979
eca-rers2012/Problem07_label06.yml	false	OUT OF MEMORY	80.366511868	44.080137337005	15000.166400	cloud-23940	OUT OF MEMORY	95.912164684	51.37967548400047	15000.047616	cloud-24444	OUT OF MEMORY	116.133531455	63.942659365	15000.051712	cloud-23979	OUT OF MEMORY	111.267940885	60.06808675697539	15000.223744	cloud-23938
eca-rers2012/Problem07_label07.yml	false	OUT OF MEMORY	106.004375149	58.66458123600023	15000.305664	cloud-23979	OUT OF MEMORY	89.227640809	48.68302594398847	15000.170496	cloud-23939	OUT OF MEMORY	94.984642474	51.274341156000446	15000.047616	cloud-24261	OUT OF MEMORY	84.171763341	45.76945340100792	15000.174592	cloud-23940
eca-rers2012/Problem07_label08.yml	true	OUT OF MEMORY	99.558228857	54.310274782001215	15000.039424	cloud-24276	OUT OF MEMORY	86.04346947	46.80660663099843	15000.166400	cloud-23939	OUT OF MEMORY	91.436350886	50.56618820100266	15000.174592	cloud-23942	OUT OF MEMORY	82.277325538	45.16669165401254	15000.162304	cloud-23943
eca-rers2012/Problem07_label09.yml	false	OUT OF MEMORY	105.635461517	56.70326305100025	15000.047616	cloud-23933	OUT OF MEMORY	80.572533753	44.39100759599751	15000.162304	cloud-23941	OUT OF MEMORY	87.399349273	48.365536998999914	15000.178688	cloud-23944	OUT OF MEMORY	121.183401929	66.52206583498628	15000.047616	cloud-23938
eca-rers2012/Problem07_label10.yml	true	OUT OF MEMORY	104.684955918	57.199989879001805	15000.039424	cloud-23979	OUT OF MEMORY	100.089709929	54.421968074995675	15000.039424	cloud-24441	OUT OF MEMORY	94.122269902	51.00932976000331	15000.170496	cloud-23940	OUT OF MEMORY	110.752184765	59.76196000899654	15000.051712	cloud-23933
eca-rers2012/Problem07_label11.yml	false	OUT OF MEMORY	102.675621507	55.174473564002255	15000.039424	cloud-24276	OUT OF MEMORY	93.667903845	50.917263777999324	15000.039424	cloud-24643	OUT OF MEMORY	92.187687027	49.11879762699755	15000.051712	cloud-24261	OUT OF MEMORY	120.54394621	65.08806578899384	15000.313856	cloud-23938
eca-rers2012/Problem07_label12.yml	true	OUT OF MEMORY	92.887197535	49.90006385000015	15000.043520	cloud-24261	OUT OF MEMORY	97.288077189	53.895255570008885	15000.043520	cloud-24441	OUT OF MEMORY	89.13536628	48.91061444499792	15000.055808	cloud-23979	OUT OF MEMORY	80.416587941	44.68428239799687	15000.363008	cloud-23944
eca-rers2012/Problem07_label13.yml	true	OUT OF MEMORY	104.902165426	57.3099987659989	15000.272896	cloud-24276	OUT OF MEMORY	84.369446405	46.21642004799651	15000.166400	cloud-23941	OUT OF MEMORY	85.856535155	46.80373955900723	15000.174592	cloud-23944	OUT OF MEMORY	90.389043312	48.958858291007346	15000.178688	cloud-23939
eca-rers2012/Problem07_label14.yml	true	OUT OF MEMORY	105.143646414	56.786564513000485	15000.047616	cloud-23979	OUT OF MEMORY	80.910574919	44.034294016993954	15000.383488	cloud-23939	OUT OF MEMORY	76.254733461	41.865843229003076	15000.178688	cloud-23943	OUT OF MEMORY	92.18301191	50.570982905017445	15000.174592	cloud-23941
eca-rers2012/Problem07_label15.yml	false	OUT OF MEMORY	100.848493504	54.6411970019999	15000.047616	cloud-23979	OUT OF MEMORY	84.408006442	46.09820719600248	15000.223744	cloud-23939	OUT OF MEMORY	96.374837317	52.980797720000055	15000.174592	cloud-23939	OUT OF MEMORY	87.42021637	47.66262184799416	15000.162304	cloud-23942
eca-rers2012/Problem07_label16.yml	true	OUT OF MEMORY	107.458821771	58.266691887998604	15000.047616	cloud-23979	OUT OF MEMORY	96.440583983	52.533590487990296	15000.215552	cloud-24444	OUT OF MEMORY	86.907747856	47.6957492970032	15000.174592	cloud-23939	OUT OF MEMORY	85.697952678	46.48105222498998	15000.174592	cloud-23943
eca-rers2012/Problem07_label17.yml	true	OUT OF MEMORY	102.190394833	55.409511754998675	15000.051712	cloud-23979	OUT OF MEMORY	96.922660798	52.67466703000537	15000.035328	cloud-24441	OUT OF MEMORY	83.045729703	45.43931706299918	15000.174592	cloud-23939	OUT OF MEMORY	85.205761036	46.36602308799047	15000.174592	cloud-23939
eca-rers2012/Problem07_label18.yml	false	OUT OF MEMORY	105.638891854	58.027083246000984	15000.227840	cloud-24276	OUT OF MEMORY	106.672594465	56.79604696400202	15000.035328	cloud-24441	OUT OF MEMORY	91.167550753	49.66114143899904	15000.440832	cloud-23944	OUT OF MEMORY	76.649816455	42.50524222198874	15000.174592	cloud-23944
eca-rers2012/Problem07_label19.yml	false	OUT OF MEMORY	94.295954922	50.9469449469907	15000.043520	cloud-24261	OUT OF MEMORY	100.136596094	54.755205671986914	15000.227840	cloud-24441	OUT OF MEMORY	102.327621539	54.670456773004844	15000.055808	cloud-23933	OUT OF MEMORY	84.214754516	45.9328505830199	15000.178688	cloud-23940
eca-rers2012/Problem07_label20.yml	false	OUT OF MEMORY	90.605648096	49.116638470994076	15000.043520	cloud-24261	OUT OF MEMORY	78.295876823	43.546590823010774	15000.166400	cloud-23943	OUT OF MEMORY	102.563166615	55.73424959299882	15000.047616	cloud-23933	OUT OF MEMORY	83.348427313	45.48341187700862	15000.178688	cloud-23943
eca-rers2012/Problem07_label21.yml	true	OUT OF MEMORY	104.05510106	57.21238083500066	15000.043520	cloud-24276	OUT OF MEMORY	104.365949309	55.696103272988694	15000.039424	cloud-24444	OUT OF MEMORY	99.759107024	53.880177006998565	15000.305664	cloud-23933	OUT OF MEMORY	106.310147251	56.418179797008634	15000.039424	cloud-23933
eca-rers2012/Problem07_label22.yml	true	OUT OF MEMORY	106.151638256	57.417299756998545	15000.047616	cloud-23979	OUT OF MEMORY	108.392544689	58.97375225999713	15000.109056	cloud-24643	OUT OF MEMORY	91.750861653	49.82084475699958	15000.055808	cloud-24261	OUT OF MEMORY	82.109189512	44.89327940499061	15000.178688	cloud-23943
eca-rers2012/Problem07_label23.yml	false	OUT OF MEMORY	105.479268133	56.90717803000007	15000.297472	cloud-24276	OUT OF MEMORY	117.632615882	63.18437412700223	15000.043520	cloud-24444	OUT OF MEMORY	96.022349531	52.27066321100574	15000.178688	cloud-23939	OUT OF MEMORY	119.067407585	65.37216738701682	15000.055808	cloud-23982
eca-rers2012/Problem07_label24.yml	true	OUT OF MEMORY	94.854459584	51.52162038499955	15000.223744	cloud-24261	OUT OF MEMORY	92.890340287	51.66603784900008	15000.162304	cloud-23941	OUT OF MEMORY	88.764469644	48.95776525999827	15000.055808	cloud-23979	OUT OF MEMORY	120.15876061	64.89228301899857	15000.051712	cloud-23980
eca-rers2012/Problem07_label25.yml	true	OUT OF MEMORY	83.959908663	45.89639049299876	15000.170496	cloud-23942	OUT OF MEMORY	93.318481772	50.579669821003336	15000.039424	cloud-24441	OUT OF MEMORY	97.484487967	52.47214904699649	15000.051712	cloud-24261	OUT OF MEMORY	113.89162398	63.70872930900077	15000.035328	cloud-23980
eca-rers2012/Problem07_label26.yml	true	OUT OF MEMORY	102.904466295	55.763252314001875	15000.039424	cloud-23933	OUT OF MEMORY	100.360208946	53.69006507699669	15000.305664	cloud-24444	OUT OF MEMORY	77.110533347	42.406784794991836	15000.170496	cloud-23940	OUT OF MEMORY	111.077919556	60.37210498499917	15000.055808	cloud-23933
eca-rers2012/Problem07_label27.yml	true	OUT OF MEMORY	80.861206834	44.10271980200196	15000.379392	cloud-23941	OUT OF MEMORY	99.511148865	54.273170863991254	15000.043520	cloud-24444	OUT OF MEMORY	96.169208128	53.01262258100178	15000.178688	cloud-23941	OUT OF MEMORY	103.402980029	56.02823939797236	15000.305664	cloud-23979
eca-rers2012/Problem07_label28.yml	true	OUT OF MEMORY	90.370872418	49.643903168005636	15000.391680	cloud-23944	OUT OF MEMORY	125.45278963	68.12260723999862	15000.043520	cloud-24444	OUT OF MEMORY	118.137468596	64.78436769099994	15000.055808	cloud-24276	OUT OF MEMORY	82.072954455	44.66639921098249	15000.170496	cloud-23942
eca-rers2012/Problem07_label29.yml	true	OUT OF MEMORY	118.429705659	63.773325383001065	15000.047616	cloud-23933	OUT OF MEMORY	94.713132385	52.19174453499727	15000.047616	cloud-24441	OUT OF MEMORY	92.535978332	49.77717801599647	15000.055808	cloud-24261	OUT OF MEMORY	114.141189341	61.4374589099898	15000.051712	cloud-23938
eca-rers2012/Problem07_label30.yml	false	OUT OF MEMORY	98.071215295	52.991651264999746	15000.043520	cloud-23933	OUT OF MEMORY	87.419645911	47.59466058202088	15000.166400	cloud-23941	OUT OF MEMORY	88.142074669	48.21801793600025	15000.178688	cloud-23944	OUT OF MEMORY	73.660405065	40.473757846979424	15000.174592	cloud-23942
eca-rers2012/Problem07_label31.yml	false	OUT OF MEMORY	95.672702455	51.64805813000021	15000.043520	cloud-23979	OUT OF MEMORY	75.82354599	41.670747400959954	15000.420352	cloud-23940	OUT OF MEMORY	115.264382472	62.83787720299733	15000.051712	cloud-23933	OUT OF MEMORY	115.777853653	64.07442343299044	15000.055808	cloud-23980
eca-rers2012/Problem07_label32.yml	true	OUT OF MEMORY	92.185721448	50.48027632699814	15000.035328	cloud-24261	OUT OF MEMORY	94.788680991	51.46411027701106	15000.162304	cloud-23942	OUT OF MEMORY	102.970859009	55.18797520399676	15000.055808	cloud-23979	OUT OF MEMORY	80.140828299	44.1985433610098	15000.166400	cloud-23943
eca-rers2012/Problem07_label33.yml	true	OUT OF MEMORY	125.351464148	68.04715761899934	15000.043520	cloud-23979	OUT OF MEMORY	75.148190633	41.643338570997	15000.162304	cloud-23943	OUT OF MEMORY	80.132269483	44.07941950900022	15000.375296	cloud-23944	OUT OF MEMORY	83.967533115	45.75608248001663	15000.162304	cloud-23943
eca-rers2012/Problem07_label34.yml	true	OUT OF MEMORY	97.291492349	52.418846790000316	15000.043520	cloud-23979	OUT OF MEMORY	93.204623695	51.27761789500073	15000.039424	cloud-24643	OUT OF MEMORY	119.816966227	66.57368480700097	15000.055808	cloud-24259	OUT OF MEMORY	122.466204281	66.0446668130171	15000.043520	cloud-23933
eca-rers2012/Problem07_label35.yml	false	OUT OF MEMORY	99.613648961	53.972975167000186	15000.039424	cloud-24276	OUT OF MEMORY	100.819085471	53.93458510399796	15000.047616	cloud-24441	OUT OF MEMORY	110.197133285	60.70561665800051	15000.051712	cloud-23979	OUT OF MEMORY	105.309723626	56.30977371800691	15000.051712	cloud-23979
eca-rers2012/Problem07_label36.yml	false	OUT OF MEMORY	105.398551862	57.16166049599997	15000.039424	cloud-24276	OUT OF MEMORY	84.932309831	46.3481672390044	15000.158208	cloud-23939	OUT OF MEMORY	122.316515483	68.79094586400001	15000.297472	cloud-24261	OUT OF MEMORY	123.736553805	68.29677983699366	15000.043520	cloud-23982
eca-rers2012/Problem07_label37.yml	false	OUT OF MEMORY	97.052280651	52.45956493500853	15000.043520	cloud-24261	OUT OF MEMORY	75.360138234	41.15294838900445	15000.326144	cloud-23940	OUT OF MEMORY	108.982029403	58.749478038999996	15000.301568	cloud-24276	OUT OF MEMORY	102.622311171	55.47079003902036	15000.293376	cloud-23979
eca-rers2012/Problem07_label38.yml	true	OUT OF MEMORY	116.093656381	62.76043458999993	15000.043520	cloud-23933	OUT OF MEMORY	110.327172643	60.81577456599916	15000.047616	cloud-24643	OUT OF MEMORY	99.432113199	54.10096130700549	15000.055808	cloud-23933	OUT OF MEMORY	122.008012908	66.55748093800503	15000.039424	cloud-23982
eca-rers2012/Problem07_label39.yml	false	OUT OF MEMORY	100.342424329	54.3908964000002	15000.047616	cloud-23979	OUT OF MEMORY	82.809709277	45.66199890700227	15000.154112	cloud-23941	OUT OF MEMORY	91.073667217	50.42188911999983	15000.412160	cloud-23941	OUT OF MEMORY	111.16477062	61.10271920397645	15000.150016	cloud-23980
eca-rers2012/Problem07_label40.yml	false	OUT OF MEMORY	77.279933762	42.56594296100957	15000.166400	cloud-23943	OUT OF MEMORY	112.489538775	61.058077601999685	15000.035328	cloud-24643	OUT OF MEMORY	97.038093781	53.087592563000726	15000.055808	cloud-24261	OUT OF MEMORY	120.119770367	64.5266206249944	15000.051712	cloud-23938
eca-rers2012/Problem07_label41.yml	true	OUT OF MEMORY	78.710780394	43.623759239999345	15000.166400	cloud-23943	OUT OF MEMORY	97.724563312	53.11642695100454	15000.047616	cloud-24444	OUT OF MEMORY	85.941522471	47.38460567899892	15000.178688	cloud-23939	OUT OF MEMORY	112.32547634	60.556617833004566	15000.047616	cloud-23979
eca-rers2012/Problem07_label42.yml	false	OUT OF MEMORY	103.112272683	56.7946107989992	15000.039424	cloud-23979	OUT OF MEMORY	101.267066096	54.28620927700831	15000.043520	cloud-24444	OUT OF MEMORY	86.384546018	46.731282378998	15000.055808	cloud-23979	OUT OF MEMORY	121.645065153	66.74975182401249	15000.047616	cloud-23982
eca-rers2012/Problem07_label43.yml	true	OUT OF MEMORY	105.659810489	57.24260091099859	15000.043520	cloud-24276	OUT OF MEMORY	75.561317814	41.66269027499948	15000.166400	cloud-23940	OUT OF MEMORY	95.716347634	52.421547538	15000.051712	cloud-23979	OUT OF MEMORY	82.002280226	44.77091454598121	15000.170496	cloud-23943
eca-rers2012/Problem07_label44.yml	false	OUT OF MEMORY	102.42082722	55.793334688998584	15000.227840	cloud-23933	OUT OF MEMORY	96.031823828	51.85050473600859	15000.043520	cloud-24643	OUT OF MEMORY	102.720673037	56.06759433700063	15000.055808	cloud-24261	OUT OF MEMORY	87.033859216	47.77737413000432	15000.174592	cloud-23939
eca-rers2012/Problem07_label45.yml	true	OUT OF MEMORY	102.675755128	55.70492510499753	15000.047616	cloud-24276	OUT OF MEMORY	94.348207019	50.85555963299703	15000.043520	cloud-24441	OUT OF MEMORY	95.323704713	51.72725378099858	15000.055808	cloud-24261	OUT OF MEMORY	109.261977059	59.81708052899921	15000.051712	cloud-23933
eca-rers2012/Problem07_label46.yml	false	OUT OF MEMORY	106.280528374	57.384163564998744	15000.043520	cloud-23933	OUT OF MEMORY	80.265506454	43.63964632397983	15000.170496	cloud-23940	OUT OF MEMORY	99.511304935	53.873641334997956	15000.051712	cloud-24261	OUT OF MEMORY	112.143220827	59.72792252601357	15000.039424	cloud-23933
eca-rers2012/Problem07_label47.yml	false	OUT OF MEMORY	109.588225774	58.810857779999424	15000.240128	cloud-23933	OUT OF MEMORY	93.852946249	50.7203665929992	15000.031232	cloud-24643	OUT OF MEMORY	96.718741103	52.483494648004125	15000.055808	cloud-24261	OUT OF MEMORY	77.6701114	42.306055666005705	15000.367104	cloud-23944
eca-rers2012/Problem07_label48.yml	false	OUT OF MEMORY	100.38053037	54.1766986749999	15000.293376	cloud-23933	OUT OF MEMORY	97.805123713	52.91467472699878	15000.043520	cloud-24441	OUT OF MEMORY	111.860974524	59.85478315200089	15000.055808	cloud-23933	OUT OF MEMORY	103.075685533	55.46796740198624	15000.039424	cloud-23979
eca-rers2012/Problem07_label49.yml	true	OUT OF MEMORY	91.620745907	49.86181698300061	15000.043520	cloud-24261	OUT OF MEMORY	97.046530937	53.042870513000025	15000.203264	cloud-24444	OUT OF MEMORY	96.486966936	52.52150256699679	15000.055808	cloud-24261	OUT OF MEMORY	104.852667467	56.47854956801166	15000.055808	cloud-23933
eca-rers2012/Problem07_label50.yml	true	OUT OF MEMORY	93.29042518	50.37214226699143	15000.043520	cloud-24261	OUT OF MEMORY	75.012372668	41.20667874198989	15000.371200	cloud-23943	OUT OF MEMORY	91.608033058	49.96732969400182	15000.055808	cloud-24261	OUT OF MEMORY	90.210149241	49.33839498998714	15000.178688	cloud-23939
eca-rers2012/Problem07_label51.yml	true	OUT OF MEMORY	100.317283474	54.06748935599899	15000.039424	cloud-23979	OUT OF MEMORY	98.985094931	53.55657851899741	15000.039424	cloud-24643	OUT OF MEMORY	116.155139703	62.93721823299711	15000.051712	cloud-23979	OUT OF MEMORY	90.256139278	49.29820568600553	15000.174592	cloud-23940
eca-rers2012/Problem07_label52.yml	true	OUT OF MEMORY	81.077631815	44.096516352001345	15000.166400	cloud-23939	OUT OF MEMORY	74.738463071	41.182270778983366	15000.166400	cloud-23942	OUT OF MEMORY	119.511229268	67.87196520500001	15000.293376	cloud-23979	OUT OF MEMORY	103.592093856	56.03292725101346	15000.051712	cloud-23979
eca-rers2012/Problem07_label53.yml	true	OUT OF MEMORY	79.346361281	43.574839686989435	15000.170496	cloud-23941	OUT OF MEMORY	108.131665447	60.06506922100016	15000.043520	cloud-24643	OUT OF MEMORY	87.498489738	47.557863374997396	15000.047616	cloud-23979	OUT OF MEMORY	90.645284408	49.57812542200554	15000.170496	cloud-23943
eca-rers2012/Problem07_label54.yml	true	OUT OF MEMORY	109.47159729	59.0382469770002	15000.043520	cloud-23933	OUT OF MEMORY	102.898742801	56.25596685799246	15000.260608	cloud-24643	OUT OF MEMORY	105.092685989	56.62028409499908	15000.051712	cloud-23933	OUT OF MEMORY	81.275813004	44.04040874997736	15000.174592	cloud-23943
eca-rers2012/Problem07_label55.yml	true	OUT OF MEMORY	101.823632522	55.35659072499948	15000.043520	cloud-24276	OUT OF MEMORY	96.515081896	52.7325546380016	15000.211456	cloud-24444	OUT OF MEMORY	86.253079374	46.75777764099621	15000.166400	cloud-23944	OUT OF MEMORY	111.325185793	60.561306473013246	15000.051712	cloud-23938
eca-rers2012/Problem07_label56.yml	true	OUT OF MEMORY	86.03460513	46.988448616000824	15000.170496	cloud-23940	OUT OF MEMORY	123.240946488	66.63072749399726	15000.039424	cloud-24441	OUT OF MEMORY	75.99550537	41.86205900499772	15000.170496	cloud-23943	OUT OF MEMORY	80.857617227	43.820382562000304	15000.174592	cloud-23940
eca-rers2012/Problem07_label57.yml	true	OUT OF MEMORY	98.015720189	53.10948400900088	15000.043520	cloud-24276	OUT OF MEMORY	111.228818726	60.44333013300093	15000.039424	cloud-24444	OUT OF MEMORY	83.588099521	45.42544145099964	15000.338432	cloud-23944	OUT OF MEMORY	111.249571577	60.14723952198983	15000.051712	cloud-23933
eca-rers2012/Problem07_label58.yml	false	OUT OF MEMORY	81.193402103	45.142883918000734	15000.162304	cloud-23941	OUT OF MEMORY	101.446014808	55.30852473700361	15000.043520	cloud-24441	OUT OF MEMORY	86.324110436	47.07573342199612	15000.436736	cloud-23942	OUT OF MEMORY	117.503682831	65.80757300299592	15000.039424	cloud-23982
eca-rers2012/Problem07_label59.yml	true	OUT OF MEMORY	104.71189043	56.09716834599931	15000.039424	cloud-23933	OUT OF MEMORY	101.444013213	55.712471970997285	15000.039424	cloud-24643	OUT OF MEMORY	112.607190353	61.50472449500376	15000.051712	cloud-23979	OUT OF MEMORY	84.100669248	45.97356249898439	15000.174592	cloud-23943
eca-rers2012/Problem08_label00.yml	true	OUT OF MEMORY	155.202560205	85.86028257700127	15000.039424	cloud-24276	OUT OF MEMORY	135.165352136	76.14888633601367	15000.162304	cloud-23943	OUT OF MEMORY	138.61710603	77.2213744269975	15000.080384	cloud-23979	OUT OF MEMORY	153.664009537	85.94056260798243	15000.043520	cloud-23979
eca-rers2012/Problem08_label01.yml	false	OUT OF MEMORY	142.741438366	80.17277966099937	15000.047616	cloud-23933	OUT OF MEMORY	172.433161573	96.44001049800136	15000.043520	cloud-24441	OUT OF MEMORY	142.372953361	80.16895651000232	15000.055808	cloud-23979	OUT OF MEMORY	110.433079847	63.00774842998362	15000.174592	cloud-23942
eca-rers2012/Problem08_label02.yml	false	OUT OF MEMORY	127.199704936	72.03623113599315	15000.166400	cloud-23944	OUT OF MEMORY	116.86781161	66.92696227898705	15000.145920	cloud-23941	OUT OF MEMORY	135.370486634	75.40868406400114	15000.055808	cloud-24261	OUT OF MEMORY	131.542377883	73.94143215802615	15000.166400	cloud-23939
eca-rers2012/Problem08_label03.yml	true	OUT OF MEMORY	150.823526041	84.5362728930013	15000.309760	cloud-23933	OUT OF MEMORY	145.355023089	81.13416849600617	15000.035328	cloud-24444	OUT OF MEMORY	140.426009334	77.96981843200001	15000.051712	cloud-24261	OUT OF MEMORY	131.663514446	73.89746675500646	15000.358912	cloud-23939
eca-rers2012/Problem08_label04.yml	false	OUT OF MEMORY	144.041803386	80.82922580000013	15000.047616	cloud-23979	OUT OF MEMORY	153.196724472	86.91902034300438	15000.043520	cloud-24643	OUT OF MEMORY	118.271496953	66.79154141599429	15000.178688	cloud-23944	OUT OF MEMORY	130.411926955	73.59123295900645	15000.170496	cloud-23942
eca-rers2012/Problem08_label05.yml	false	OUT OF MEMORY	145.320699035	81.44288320000032	15000.047616	cloud-23979	OUT OF MEMORY	120.825205434	68.69306374300504	15000.166400	cloud-23941	OUT OF MEMORY	160.960474268	89.86815712099633	15000.051712	cloud-23933	OUT OF MEMORY	157.206217814	87.50545768800657	15000.170496	cloud-23979
eca-rers2012/Problem08_label06.yml	false	OUT OF MEMORY	160.0856162	89.89557192100074	15000.043520	cloud-23979	OUT OF MEMORY	124.441629739	70.64211551799963	15000.166400	cloud-23942	OUT OF MEMORY	129.489897813	73.02447155999835	15000.178688	cloud-23939	OUT OF MEMORY	161.285314816	92.96597017798922	15000.047616	cloud-23980
eca-rers2012/Problem08_label07.yml	false	OUT OF MEMORY	146.096951974	81.58858176099966	15000.047616	cloud-23979	OUT OF MEMORY	140.45025064	79.93881633199999	15000.248320	cloud-24643	OUT OF MEMORY	117.519099754	67.42659053399984	15000.178688	cloud-23944	OUT OF MEMORY	123.668136517	69.77631300702342	15000.170496	cloud-23940
eca-rers2012/Problem08_label08.yml	true	OUT OF MEMORY	159.758069148	89.89313405199937	15000.047616	cloud-24276	OUT OF MEMORY	178.106178686	100.26722348699695	15000.047616	cloud-24441	OUT OF MEMORY	128.684373848	73.00090086399723	15000.178688	cloud-23940	OUT OF MEMORY	116.95159264	66.52816151600564	15000.178688	cloud-23944
eca-rers2012/Problem08_label09.yml	true	OUT OF MEMORY	150.145322713	84.55929096000182	15000.043520	cloud-23979	OUT OF MEMORY	132.330152484	75.82951449100028	15000.170496	cloud-23941	OUT OF MEMORY	155.797200578	86.99201827800005	15000.047616	cloud-24276	OUT OF MEMORY	138.63735686	77.77165054198122	15000.403968	cloud-23939
eca-rers2012/Problem08_label10.yml	false	OUT OF MEMORY	120.939357577	68.73539273699862	15000.170496	cloud-23942	OUT OF MEMORY	144.98692333	80.98004492699692	15000.043520	cloud-24444	OUT OF MEMORY	145.10821062	80.68958863599983	15000.051712	cloud-24261	OUT OF MEMORY	135.097307925	76.02874157699989	15000.178688	cloud-23939
eca-rers2012/Problem08_label11.yml	true	OUT OF MEMORY	151.683625631	84.57342711599995	15000.043520	cloud-23933	OUT OF MEMORY	117.219708423	66.55509985901881	15000.166400	cloud-23940	OUT OF MEMORY	134.514808275	75.03835976999835	15000.055808	cloud-23979	OUT OF MEMORY	146.142222032	81.06780452400562	15000.051712	cloud-23933
eca-rers2012/Problem08_label12.yml	true	OUT OF MEMORY	138.082217974	78.05592090199934	15000.166400	cloud-23944	OUT OF MEMORY	140.292270189	79.0047566590074	15000.047616	cloud-24444	OUT OF MEMORY	124.1931394	70.42799423399993	15000.174592	cloud-23941	OUT OF MEMORY	184.670957393	104.45784407900646	15000.043520	cloud-23938
eca-rers2012/Problem08_label13.yml	false	OUT OF MEMORY	147.003853577	83.0542847809993	15000.047616	cloud-24261	OUT OF MEMORY	116.186297246	66.37536186096258	15000.166400	cloud-23944	OUT OF MEMORY	144.921941031	81.35808818700025	15000.199168	cloud-24261	OUT OF MEMORY	163.764183735	92.13025163300335	15000.051712	cloud-23979
eca-rers2012/Problem08_label14.yml	true	OUT OF MEMORY	149.415784891	82.79469961699942	15000.039424	cloud-23933	OUT OF MEMORY	158.514305739	88.49355170401395	15000.043520	cloud-24643	OUT OF MEMORY	155.93642382	87.22863745799987	15000.051712	cloud-23933	OUT OF MEMORY	188.094647259	108.78787773798103	15000.051712	cloud-23982
eca-rers2012/Problem08_label15.yml	false	OUT OF MEMORY	141.444049495	78.44051848699746	15000.047616	cloud-24261	OUT OF MEMORY	128.460955552	72.7812970369996	15000.162304	cloud-23939	OUT OF MEMORY	138.693249167	77.9923186920023	15000.178688	cloud-23939	OUT OF MEMORY	170.748773383	93.97574276701198	15000.051712	cloud-23938
eca-rers2012/Problem08_label16.yml	true	OUT OF MEMORY	144.588312017	81.11156994000157	15000.047616	cloud-23933	OUT OF MEMORY	123.351945317	69.81916588399326	15000.317952	cloud-23940	OUT OF MEMORY	138.133112646	78.30220388399903	15000.178688	cloud-23941	OUT OF MEMORY	132.487667432	74.54742547299247	15000.174592	cloud-23942
eca-rers2012/Problem08_label17.yml	true	OUT OF MEMORY	151.281812903	84.1311140680009	15000.039424	cloud-23933	OUT OF MEMORY	173.047799468	98.56135100800003	15000.043520	cloud-24441	OUT OF MEMORY	143.372144415	81.03683248299785	15000.055808	cloud-23979	OUT OF MEMORY	122.872187471	69.56161928299116	15000.162304	cloud-23943
eca-rers2012/Problem08_label18.yml	true	OUT OF MEMORY	158.8291554	87.89809960999992	15000.043520	cloud-24276	OUT OF MEMORY	143.993536205	80.35392937398865	15000.031232	cloud-24441	OUT OF MEMORY	143.92196613	79.504203657998	15000.055808	cloud-24261	OUT OF MEMORY	191.601705489	107.62756284099305	15000.051712	cloud-23938
eca-rers2012/Problem08_label19.yml	true	OUT OF MEMORY	137.016153628	76.95485368999653	15000.195072	cloud-24261	OUT OF MEMORY	188.161820044	105.35497535399918	15000.031232	cloud-24441	OUT OF MEMORY	149.151587485	83.17393395599356	15000.055808	cloud-23933	OUT OF MEMORY	120.697937243	69.04749123501824	15000.297472	cloud-23944
eca-rers2012/Problem08_label20.yml	true	OUT OF MEMORY	147.027087818	81.4273775239999	15000.047616	cloud-24261	OUT OF MEMORY	139.466279556	78.35454231300173	15000.399872	cloud-23941	OUT OF MEMORY	123.621925436	70.51139203299681	15000.170496	cloud-23942	OUT OF MEMORY	177.613770062	101.14951118500903	15000.051712	cloud-23980
eca-rers2012/Problem08_label21.yml	true	OUT OF MEMORY	147.281341627	82.38930173399785	15000.043520	cloud-23933	OUT OF MEMORY	137.250456731	76.77390026696958	15000.375296	cloud-23944	OUT OF MEMORY	142.323743962	80.67970593200153	15000.055808	cloud-24261	OUT OF MEMORY	141.844463882	79.72399506598595	15000.178688	cloud-23939
eca-rers2012/Problem08_label22.yml	true	OUT OF MEMORY	154.198290322	85.26545463100047	15000.043520	cloud-23979	OUT OF MEMORY	147.878076361	82.33082300300885	15000.272896	cloud-24444	OUT OF MEMORY	113.189637644	64.1229039200116	15000.367104	cloud-23944	OUT OF MEMORY	196.774449486	111.10204714600695	15000.047616	cloud-23938
eca-rers2012/Problem08_label23.yml	true	OUT OF MEMORY	161.174067389	89.77782859599756	15000.223744	cloud-23979	OUT OF MEMORY	134.076529559	75.60176653997041	15000.170496	cloud-23941	OUT OF MEMORY	158.900481689	89.53138620800019	15000.051712	cloud-23933	OUT OF MEMORY	138.865215741	79.1005619270145	15000.174592	cloud-23941
eca-rers2012/Problem08_label24.yml	false	OUT OF MEMORY	126.4513579	71.03070035899873	15000.166400	cloud-23944	OUT OF MEMORY	153.481927767	84.91285572201014	15000.043520	cloud-24441	OUT OF MEMORY	128.771532583	72.44381221399817	15000.174592	cloud-23944	OUT OF MEMORY	164.644183568	92.76022019700031	15000.051712	cloud-23933
eca-rers2012/Problem08_label25.yml	false	OUT OF MEMORY	144.485292377	80.41497300800984	15000.043520	cloud-24261	OUT OF MEMORY	137.688533677	77.36808601399753	15000.166400	cloud-23944	OUT OF MEMORY	135.78005628	76.79248736599402	15000.055808	cloud-23979	OUT OF MEMORY	142.05937156	79.77909788599936	15000.178688	cloud-23939
eca-rers2012/Problem08_label26.yml	false	OUT OF MEMORY	144.25599438	79.41137965799135	15000.043520	cloud-24261	OUT OF MEMORY	125.215278885	71.26279841199994	15000.154112	cloud-23944	OUT OF MEMORY	120.878712356	68.14802793100534	15000.178688	cloud-23939	OUT OF MEMORY	178.124162534	101.13673349400051	15000.047616	cloud-23938
eca-rers2012/Problem08_label27.yml	true	OUT OF MEMORY	158.271404007	89.55214246399919	15000.043520	cloud-23979	OUT OF MEMORY	107.83363659	61.64560069900472	15000.170496	cloud-23941	OUT OF MEMORY	142.432266337	80.3629620500069	15000.297472	cloud-23979	OUT OF MEMORY	158.687374373	89.00993262499105	15000.051712	cloud-23979
eca-rers2012/Problem08_label28.yml	false	OUT OF MEMORY	144.132171358	81.05698841600679	15000.039424	cloud-24261	OUT OF MEMORY	143.740639209	80.30279137699108	15000.035328	cloud-24441	OUT OF MEMORY	165.76998144	93.51556962799987	15000.047616	cloud-24261	OUT OF MEMORY	129.496218392	72.75314768200042	15000.416256	cloud-23940
eca-rers2012/Problem08_label29.yml	false	OUT OF MEMORY	154.188482081	86.67064433900123	15000.047616	cloud-24276	OUT OF MEMORY	129.118257205	72.81158405200404	15000.162304	cloud-23939	OUT OF MEMORY	115.376209329	65.40858075299911	15000.178688	cloud-23940	OUT OF MEMORY	133.322471383	75.10251466999762	15000.174592	cloud-23939
eca-rers2012/Problem08_label30.yml	true	OUT OF MEMORY	145.721272244	81.50933724499919	15000.043520	cloud-23979	OUT OF MEMORY	137.661930621	76.66078773399931	15000.035328	cloud-24444	OUT OF MEMORY	139.328427555	77.80494732900115	15000.055808	cloud-24261	OUT OF MEMORY	160.140988588	88.82766792399343	15000.039424	cloud-23979
eca-rers2012/Problem08_label31.yml	true	OUT OF MEMORY	149.621036974	83.61806125400017	15000.309760	cloud-23979	OUT OF MEMORY	139.631014778	77.71165396399738	15000.043520	cloud-24441	OUT OF MEMORY	144.581322218	81.56614734200411	15000.170496	cloud-23942	OUT OF MEMORY	178.747213005	99.47992178698769	15000.043520	cloud-23938
eca-rers2012/Problem08_label32.yml	true	OUT OF MEMORY	160.855680097	89.79873800800124	15000.039424	cloud-23979	OUT OF MEMORY	123.523133746	70.09906051500002	15000.297472	cloud-23944	OUT OF MEMORY	162.630205905	94.255696189	15000.301568	cloud-23979	OUT OF MEMORY	128.775039881	72.50064954601112	15000.178688	cloud-23943
eca-rers2012/Problem08_label33.yml	true	OUT OF MEMORY	163.911756795	91.8309826679997	15000.043520	cloud-23979	OUT OF MEMORY	118.191119032	66.94751017400995	15000.162304	cloud-23939	OUT OF MEMORY	142.948502557	80.53881219100003	15000.055808	cloud-24261	OUT OF MEMORY	173.163172095	98.38357559900032	15000.051712	cloud-23938
eca-rers2012/Problem08_label34.yml	false	OUT OF MEMORY	127.024856085	71.70364943699678	15000.166400	cloud-23940	OUT OF MEMORY	164.616399588	91.14495551000437	15000.043520	cloud-24444	OUT OF MEMORY	124.016685135	70.67954515799647	15000.174592	cloud-23940	OUT OF MEMORY	195.372303474	111.38697424900602	15000.051712	cloud-23938
eca-rers2012/Problem08_label35.yml	true	OUT OF MEMORY	163.321201362	91.8190734079999	15000.264704	cloud-24276	OUT OF MEMORY	149.958897	84.96745782899961	15000.043520	cloud-24643	OUT OF MEMORY	146.641993791	81.39569853499779	15000.051712	cloud-24261	OUT OF MEMORY	168.376519352	97.30442274099914	15000.055808	cloud-23980
eca-rers2012/Problem08_label36.yml	true	OUT OF MEMORY	160.211751712	89.44405965599799	15000.047616	cloud-24276	OUT OF MEMORY	140.517888521	78.65957965698908	15000.301568	cloud-24643	OUT OF MEMORY	121.950800409	69.5962483589974	15000.178688	cloud-23940	OUT OF MEMORY	114.591918668	65.3287931990053	15000.174592	cloud-23944
eca-rers2012/Problem08_label37.yml	false	OUT OF MEMORY	155.381500123	87.15553427899795	15000.076288	cloud-24276	OUT OF MEMORY	150.514992875	83.80830684500688	15000.268800	cloud-24441	OUT OF MEMORY	126.861341698	70.8209216489995	15000.363008	cloud-23944	OUT OF MEMORY	116.513405849	67.01464272700832	15000.178688	cloud-23944
eca-rers2012/Problem08_label38.yml	true	OUT OF MEMORY	128.882743904	72.40383869499783	15000.170496	cloud-23939	OUT OF MEMORY	152.809657306	85.14017573599995	15000.043520	cloud-24441	OUT OF MEMORY	146.600277378	82.39825598700554	15000.051712	cloud-24261	OUT OF MEMORY	189.590343818	109.5890137880051	15000.051712	cloud-23982
eca-rers2012/Problem08_label39.yml	true	OUT OF MEMORY	159.572518783	91.06997071500155	15000.285184	cloud-23979	OUT OF MEMORY	144.153032492	79.85509653999179	15000.043520	cloud-24643	OUT OF MEMORY	117.775813719	66.5584107159957	15000.178688	cloud-23944	OUT OF MEMORY	126.930238627	71.88050942600239	15000.395776	cloud-23943
eca-rers2012/Problem08_label40.yml	true	OUT OF MEMORY	158.292658785	87.0268112290014	15000.047616	cloud-23979	OUT OF MEMORY	151.011139637	84.4618785299972	15000.043520	cloud-24441	OUT OF MEMORY	124.338882274	70.28512409900213	15000.178688	cloud-23939	OUT OF MEMORY	141.829767458	79.73558693099767	15000.174592	cloud-23941
eca-rers2012/Problem08_label41.yml	true	OUT OF MEMORY	153.896624639	85.93657119999989	15000.043520	cloud-23979	OUT OF MEMORY	146.541679936	82.2947434329999	15000.301568	cloud-24441	OUT OF MEMORY	133.141537677	74.54837863799912	15000.399872	cloud-23942	OUT OF MEMORY	157.823040158	88.37096709801699	15000.055808	cloud-23979
eca-rers2012/Problem08_label42.yml	true	OUT OF MEMORY	156.741573147	88.6198040349991	15000.047616	cloud-23979	OUT OF MEMORY	119.988119273	68.0241710410337	15000.158208	cloud-23941	OUT OF MEMORY	119.765453955	68.26761719299975	15000.424448	cloud-23943	OUT OF MEMORY	181.425615166	100.17621997799142	15000.231936	cloud-23938
eca-rers2012/Problem08_label43.yml	false	OUT OF MEMORY	155.171855042	87.18808968600024	15000.043520	cloud-23979	OUT OF MEMORY	114.436217689	65.42198777501471	15000.383488	cloud-23944	OUT OF MEMORY	137.678730674	76.8675719219973	15000.055808	cloud-24261	OUT OF MEMORY	123.512698135	70.14512695497251	15000.174592	cloud-23943
eca-rers2012/Problem08_label44.yml	true	OUT OF MEMORY	152.887954957	86.07971367000209	15000.043520	cloud-23933	OUT OF MEMORY	167.338921713	95.13564119400326	15000.268800	cloud-24643	OUT OF MEMORY	181.552201838	100.767856583	15000.051712	cloud-23933	OUT OF MEMORY	116.279773459	66.19495096197352	15000.158208	cloud-23944
eca-rers2012/Problem08_label45.yml	true	OUT OF MEMORY	151.19248768	84.83345306299998	15000.047616	cloud-23933	OUT OF MEMORY	149.751116489	83.54817821300821	15000.035328	cloud-24441	OUT OF MEMORY	198.415176658	115.84025100799772	15000.268800	cloud-24259	OUT OF MEMORY	174.784105097	98.16795486400952	15000.055808	cloud-23933
eca-rers2012/Problem08_label46.yml	false	OUT OF MEMORY	154.413392115	87.23932251400038	15000.297472	cloud-23979	OUT OF MEMORY	134.306571947	75.29228586301906	15000.166400	cloud-23939	OUT OF MEMORY	145.06408815	80.70426330799819	15000.055808	cloud-24261	OUT OF MEMORY	169.724338681	94.69286687299609	15000.047616	cloud-23933
eca-rers2012/Problem08_label47.yml	true	OUT OF MEMORY	149.870461089	84.21583473800092	15000.043520	cloud-23979	OUT OF MEMORY	128.933240173	73.23156755696982	15000.162304	cloud-23944	OUT OF MEMORY	120.69988445	68.53878693700244	15000.178688	cloud-23942	OUT OF MEMORY	150.21069126	84.34960923000472	15000.301568	cloud-23933
eca-rers2012/Problem08_label48.yml	false	OUT OF MEMORY	153.936629714	86.58162583800004	15000.047616	cloud-23979	OUT OF MEMORY	152.025790551	84.19335425199824	15000.043520	cloud-24441	OUT OF MEMORY	118.630594489	67.21786151800188	15000.178688	cloud-23939	OUT OF MEMORY	161.78754577	92.30076433101203	15000.051712	cloud-23938
eca-rers2012/Problem08_label49.yml	false	OUT OF MEMORY	178.277023928	100.35729733700282	15000.289280	cloud-24261	OUT OF MEMORY	135.5223207	76.39923151400217	15000.170496	cloud-23940	OUT OF MEMORY	138.161665661	78.39436199399643	15000.281088	cloud-23979	OUT OF MEMORY	134.345373109	75.82425574600347	15000.174592	cloud-23939
eca-rers2012/Problem08_label50.yml	false	OUT OF MEMORY	137.11579705	75.92072363499028	15000.043520	cloud-24261	OUT OF MEMORY	121.946251822	68.47687365702586	15000.166400	cloud-23940	OUT OF MEMORY	131.390228156	74.78575441500288	15000.170496	cloud-23941	OUT OF MEMORY	118.417450425	67.36472188902553	15000.174592	cloud-23944
eca-rers2012/Problem08_label51.yml	false	OUT OF MEMORY	146.283268094	81.85411911700066	15000.145920	cloud-23933	OUT OF MEMORY	151.335922688	84.19217789500544	15000.174592	cloud-24441	OUT OF MEMORY	112.677074498	64.61699608399067	15000.178688	cloud-23943	OUT OF MEMORY	173.493304029	101.77791323701967	15000.043520	cloud-23980
eca-rers2012/Problem08_label52.yml	true	OUT OF MEMORY	144.769838564	80.36403165299998	15000.043520	cloud-23933	OUT OF MEMORY	115.448896862	66.43496717700327	15000.162304	cloud-23941	OUT OF MEMORY	143.874072335	80.56063323700073	15000.055808	cloud-24261	OUT OF MEMORY	124.045571498	70.3379641190113	15000.174592	cloud-23942
eca-rers2012/Problem08_label53.yml	true	OUT OF MEMORY	154.204579718	85.97092044500096	15000.219648	cloud-24276	OUT OF MEMORY	169.207094602	94.69920331299363	15000.297472	cloud-24643	OUT OF MEMORY	126.240321929	72.34191281699896	15000.403968	cloud-23941	OUT OF MEMORY	163.034298723	90.62485283400747	15000.051712	cloud-23933
eca-rers2012/Problem08_label54.yml	true	OUT OF MEMORY	154.256066499	85.97879821300012	15000.047616	cloud-24276	OUT OF MEMORY	118.963114017	67.7145118109911	15000.166400	cloud-23941	OUT OF MEMORY	166.515357409	94.49203995599964	15000.047616	cloud-23933	OUT OF MEMORY	166.000329127	96.10815888398793	15000.186880	cloud-23980
eca-rers2012/Problem08_label55.yml	false	OUT OF MEMORY	153.64694765	85.80673034999927	15000.047616	cloud-23933	OUT OF MEMORY	136.374878131	76.00712898200436	15000.190976	cloud-24444	OUT OF MEMORY	146.703923094	81.8174700189993	15000.055808	cloud-24261	OUT OF MEMORY	168.901144041	98.70722292800201	15000.043520	cloud-23980
eca-rers2012/Problem08_label56.yml	true	OUT OF MEMORY	136.372143334	75.90988644400204	15000.301568	cloud-24261	OUT OF MEMORY	120.870508578	69.12004768999759	15000.166400	cloud-23939	OUT OF MEMORY	141.441769619	79.63320169800136	15000.055808	cloud-24261	OUT OF MEMORY	130.414377104	73.70361028998741	15000.383488	cloud-23939
eca-rers2012/Problem08_label57.yml	true	OUT OF MEMORY	144.357208084	80.76106735299982	15000.047616	cloud-23933	OUT OF MEMORY	139.307836215	78.46094689999882	15000.047616	cloud-24444	OUT OF MEMORY	147.440985819	83.04210617100034	15000.051712	cloud-24261	OUT OF MEMORY	181.193535483	103.85988911200548	15000.047616	cloud-23982
eca-rers2012/Problem08_label58.yml	true	OUT OF MEMORY	148.529925567	83.104200415999	15000.219648	cloud-23979	OUT OF MEMORY	152.399340838	86.0370178810117	15000.039424	cloud-24441	OUT OF MEMORY	125.765181023	71.47517502000846	15000.178688	cloud-23939	OUT OF MEMORY	178.723994322	100.74685735601815	15000.297472	cloud-23938
eca-rers2012/Problem08_label59.yml	false	OUT OF MEMORY	153.68529634	86.31868022900017	15000.035328	cloud-24276	OUT OF MEMORY	149.756140492	83.10341957000492	15000.039424	cloud-24444	OUT OF MEMORY	130.879342287	73.69501986400428	15000.178688	cloud-23942	OUT OF MEMORY	125.568612203	71.05053910901188	15000.170496	cloud-23940
eca-rers2012/Problem09_label00.yml	true	OUT OF MEMORY	128.307441081	71.5682730970002	15000.047616	cloud-24276	OUT OF MEMORY	122.232610283	68.75929547699343	15000.129536	cloud-24643	OUT OF MEMORY	133.139691717	76.17544407600002	15000.305664	cloud-24261	OUT OF MEMORY	144.487440485	81.31741952401353	15000.293376	cloud-23980
eca-rers2012/Problem09_label01.yml	true	OUT OF MEMORY	132.551497078	75.4820529080007	15000.178688	cloud-23979	OUT OF MEMORY	95.122304007	54.57602524300455	15000.170496	cloud-23941	OUT OF MEMORY	110.802547802	62.961365850998845	15000.051712	cloud-24261	OUT OF MEMORY	133.720705119	74.3384540650004	15000.043520	cloud-23938
eca-rers2012/Problem09_label02.yml	false	OUT OF MEMORY	115.97881045	65.52950033900561	15000.408064	cloud-23941	OUT OF MEMORY	94.083628367	53.38309603401285	15000.166400	cloud-23941	OUT OF MEMORY	101.144072257	57.45289494199824	15000.170496	cloud-23941	OUT OF MEMORY	103.774981957	59.09362403000705	15000.174592	cloud-23940
eca-rers2012/Problem09_label03.yml	false	OUT OF MEMORY	118.292146998	66.63649844999964	15000.043520	cloud-23979	OUT OF MEMORY	136.460803564	76.63624898700073	15000.240128	cloud-24441	OUT OF MEMORY	137.425656664	78.73265843599802	15000.190976	cloud-24259	OUT OF MEMORY	120.846693947	68.52102952200221	15000.236032	cloud-23980
eca-rers2012/Problem09_label04.yml	true	OUT OF MEMORY	114.931590182	63.5317876070003	15000.289280	cloud-23979	OUT OF MEMORY	110.457214366	62.18784358300036	15000.047616	cloud-24643	OUT OF MEMORY	123.704967279	67.94255278000492	15000.059904	cloud-23933	OUT OF MEMORY	119.990482887	67.12374319700757	15000.047616	cloud-23979
eca-rers2012/Problem09_label05.yml	true	OUT OF MEMORY	109.964997442	62.01030399999581	15000.047616	cloud-24261	OUT OF MEMORY	120.687659282	68.2890996819915	15000.043520	cloud-24643	OUT OF MEMORY	90.538397319	52.06291648699698	15000.174592	cloud-23943	OUT OF MEMORY	100.231215513	56.38138727500336	15000.174592	cloud-23942
eca-rers2012/Problem09_label06.yml	false	OUT OF MEMORY	118.325991672	66.57723830599934	15000.301568	cloud-23933	OUT OF MEMORY	97.499715902	56.05096142999537	15000.158208	cloud-23941	OUT OF MEMORY	117.424536044	66.00794241399853	15000.055808	cloud-24261	OUT OF MEMORY	126.140844369	70.74103806301719	15000.055808	cloud-23979
eca-rers2012/Problem09_label07.yml	true	OUT OF MEMORY	123.742969329	69.10752269700242	15000.035328	cloud-24276	OUT OF MEMORY	92.906391459	52.60125181701733	15000.211456	cloud-23944	OUT OF MEMORY	115.034702022	66.13535971500002	15000.313856	cloud-23979	OUT OF MEMORY	91.328144938	52.41203400900122	15000.174592	cloud-23944
eca-rers2012/Problem09_label08.yml	false	OUT OF MEMORY	117.74327517	66.0127702940008	15000.211456	cloud-24276	OUT OF MEMORY	113.655886659	63.80091776100744	15000.256512	cloud-24444	OUT OF MEMORY	123.982994109	69.4753583960046	15000.055808	cloud-24261	OUT OF MEMORY	137.92476658	77.1711395230086	15000.051712	cloud-23938
eca-rers2012/Problem09_label09.yml	true	OUT OF MEMORY	123.007202376	68.536946481001	15000.043520	cloud-23933	OUT OF MEMORY	119.070178433	67.00251808199391	15000.047616	cloud-24441	OUT OF MEMORY	113.26790257	63.99061423300009	15000.178688	cloud-23940	OUT OF MEMORY	136.117951279	79.33328300900757	15000.051712	cloud-23980
eca-rers2012/Problem09_label10.yml	false	OUT OF MEMORY	112.693360696	63.93061944500005	15000.215552	cloud-23933	OUT OF MEMORY	129.496966008	73.25011058599921	15000.035328	cloud-24441	OUT OF MEMORY	95.080249031	53.7312536679965	15000.178688	cloud-23940	OUT OF MEMORY	106.75867355	60.590790636983	15000.178688	cloud-23939
eca-rers2012/Problem09_label11.yml	false	OUT OF MEMORY	121.298297911	68.51452633099689	15000.035328	cloud-24276	OUT OF MEMORY	107.076094219	60.26064152701292	15000.166400	cloud-23939	OUT OF MEMORY	123.253085132	69.33796442399762	15000.047616	cloud-23933	OUT OF MEMORY	128.182445567	72.07759031798923	15000.047616	cloud-23933
eca-rers2012/Problem09_label12.yml	true	OUT OF MEMORY	119.390860897	67.06502327599446	15000.047616	cloud-24261	OUT OF MEMORY	110.875118179	62.11703311400197	15000.043520	cloud-24444	OUT OF MEMORY	133.432140387	74.91117593100353	15000.055808	cloud-23979	OUT OF MEMORY	126.419459861	70.87934402801329	15000.301568	cloud-23979
eca-rers2012/Problem09_label13.yml	true	OUT OF MEMORY	121.049233916	67.47899674099972	15000.051712	cloud-23933	OUT OF MEMORY	88.61592344	50.717497959005414	15000.162304	cloud-23943	OUT OF MEMORY	117.90662997	66.27055921900319	15000.248320	cloud-23933	OUT OF MEMORY	112.19604519	62.86080476202187	15000.174592	cloud-23939
eca-rers2012/Problem09_label14.yml	true	OUT OF MEMORY	135.072982883	75.9700028920015	15000.047616	cloud-23933	OUT OF MEMORY	121.402218941	68.56427485898894	15000.039424	cloud-24643	OUT OF MEMORY	101.005473766	57.204436027001066	15000.174592	cloud-23944	OUT OF MEMORY	142.275848226	79.34167767301551	15000.289280	cloud-23938
eca-rers2012/Problem09_label15.yml	false	OUT OF MEMORY	128.672525201	71.45981638599915	15000.047616	cloud-23933	OUT OF MEMORY	105.665751703	59.50367504400492	15000.043520	cloud-24441	OUT OF MEMORY	114.378137172	64.2099450359965	15000.178688	cloud-23941	OUT OF MEMORY	94.407510044	54.15130340401083	15000.174592	cloud-23944
eca-rers2012/Problem09_label16.yml	true	OUT OF MEMORY	121.423639999	67.65463199200167	15000.035328	cloud-23933	OUT OF MEMORY	101.232796664	57.01376728096511	15000.166400	cloud-23944	OUT OF MEMORY	112.522748728	63.5928650739952	15000.055808	cloud-24261	OUT OF MEMORY	136.177361597	77.65168689499842	15000.051712	cloud-23982
eca-rers2012/Problem09_label17.yml	true	OUT OF MEMORY	109.947691066	61.13396239899157	15000.272896	cloud-24261	OUT OF MEMORY	97.787817499	55.65630820201477	15000.166400	cloud-23939	OUT OF MEMORY	132.30397721	74.02661014100158	15000.055808	cloud-24261	OUT OF MEMORY	97.903957795	55.09234096601722	15000.174592	cloud-23940
eca-rers2012/Problem09_label18.yml	true	OUT OF MEMORY	123.98291902	69.77636779500244	15000.043520	cloud-23933	OUT OF MEMORY	115.643639148	65.39447690101224	15000.293376	cloud-24444	OUT OF MEMORY	121.058472835	68.49859331000334	15000.051712	cloud-23933	OUT OF MEMORY	98.088840096	55.74791769500007	15000.322048	cloud-23942
eca-rers2012/Problem09_label19.yml	false	OUT OF MEMORY	127.988612812	71.79314331099886	15000.047616	cloud-23933	OUT OF MEMORY	127.861205304	73.0536382249993	15000.264704	cloud-24643	OUT OF MEMORY	105.559014105	60.6888146909987	15000.170496	cloud-23941	OUT OF MEMORY	127.873936124	74.6624923160125	15000.051712	cloud-23980
eca-rers2012/Problem09_label20.yml	false	OUT OF MEMORY	117.568706116	66.48943276099817	15000.039424	cloud-23933	OUT OF MEMORY	136.87631896	78.35251230299764	15000.297472	cloud-24643	OUT OF MEMORY	108.809392011	60.94504184199468	15000.301568	cloud-24261	OUT OF MEMORY	100.157400963	56.45391188497888	15000.174592	cloud-23940
eca-rers2012/Problem09_label21.yml	true	OUT OF MEMORY	126.771867597	71.01191087999905	15000.285184	cloud-23979	OUT OF MEMORY	109.537503645	61.18452172499383	15000.043520	cloud-24441	OUT OF MEMORY	111.86767247	62.87659047899797	15000.309760	cloud-24261	OUT OF MEMORY	100.365185257	56.6858628730115	15000.174592	cloud-23943
eca-rers2012/Problem09_label22.yml	true	OUT OF MEMORY	101.013007001	56.98026078300609	15000.162304	cloud-23940	OUT OF MEMORY	134.916472994	76.02183251600218	15000.043520	cloud-24444	OUT OF MEMORY	144.29872795	82.52452052599983	15000.055808	cloud-24259	OUT OF MEMORY	134.345645808	75.43331706302706	15000.035328	cloud-23933
eca-rers2012/Problem09_label23.yml	true	OUT OF MEMORY	113.962831857	63.745982546999585	15000.043520	cloud-23979	OUT OF MEMORY	114.964479814	65.00481006999325	15000.043520	cloud-24441	OUT OF MEMORY	108.267609537	60.78501486599998	15000.051712	cloud-24261	OUT OF MEMORY	121.410814406	68.4034047399764	15000.051712	cloud-23979
eca-rers2012/Problem09_label24.yml	true	OUT OF MEMORY	100.559442377	56.479647987987846	15000.170496	cloud-23940	OUT OF MEMORY	119.605907749	67.78889391700795	15000.047616	cloud-24441	OUT OF MEMORY	112.376554995	63.34285453300254	15000.276992	cloud-24261	OUT OF MEMORY	133.519267112	75.93176677598967	15000.043520	cloud-23980
eca-rers2012/Problem09_label25.yml	true	OUT OF MEMORY	114.594204755	64.23016487199857	15000.039424	cloud-23979	OUT OF MEMORY	121.803787778	68.63743908600009	15000.043520	cloud-24444	OUT OF MEMORY	90.547208958	52.08789964799507	15000.182784	cloud-23943	OUT OF MEMORY	100.015661782	56.71674749199883	15000.174592	cloud-23943
eca-rers2012/Problem09_label26.yml	true	OUT OF MEMORY	96.161258574	55.77744876399811	15000.350720	cloud-23941	OUT OF MEMORY	114.203517468	64.02013722300762	15000.031232	cloud-24441	OUT OF MEMORY	114.988837631	64.00612490099593	15000.055808	cloud-23979	OUT OF MEMORY	100.520846442	56.66442667800584	15000.174592	cloud-23943
eca-rers2012/Problem09_label27.yml	true	OUT OF MEMORY	100.530956847	56.94383639899024	15000.170496	cloud-23944	OUT OF MEMORY	132.985584174	76.11656918699998	15000.039424	cloud-24643	OUT OF MEMORY	126.131304361	71.17109558800439	15000.272896	cloud-23979	OUT OF MEMORY	144.011857227	82.46343327200157	15000.047616	cloud-23982
eca-rers2012/Problem09_label28.yml	true	OUT OF MEMORY	108.162507758	59.96237082598964	15000.047616	cloud-24261	OUT OF MEMORY	128.647818443	71.35615184198832	15000.043520	cloud-24441	OUT OF MEMORY	115.530363264	64.51428759499686	15000.055808	cloud-24261	OUT OF MEMORY	121.821802195	67.50445659298566	15000.051712	cloud-23979
eca-rers2012/Problem09_label29.yml	true	OUT OF MEMORY	124.141681923	69.56636902299942	15000.043520	cloud-23933	OUT OF MEMORY	120.818583959	66.86193338999874	15000.272896	cloud-24441	OUT OF MEMORY	117.722398684	65.33888785999443	15000.047616	cloud-24261	OUT OF MEMORY	101.480164359	57.542559374007396	15000.170496	cloud-23942
eca-rers2012/Problem09_label30.yml	true	OUT OF MEMORY	119.822648343	68.24849759099925	15000.047616	cloud-23979	OUT OF MEMORY	107.536363649	60.650864204973914	15000.158208	cloud-23939	OUT OF MEMORY	96.878830445	55.09501164199901	15000.170496	cloud-23942	OUT OF MEMORY	97.193827301	55.32930741700693	15000.162304	cloud-23944
eca-rers2012/Problem09_label31.yml	true	OUT OF MEMORY	116.482585706	65.27917635999984	15000.301568	cloud-23933	OUT OF MEMORY	112.965934661	62.64627234800719	15000.043520	cloud-24444	OUT OF MEMORY	144.461947784	80.2226980939995	15000.055808	cloud-23933	OUT OF MEMORY	122.657650785	70.32153082100558	15000.055808	cloud-23980
eca-rers2012/Problem09_label32.yml	false	OUT OF MEMORY	120.50553698	67.12427961499998	15000.047616	cloud-24276	OUT OF MEMORY	114.957254529	64.20164464000845	15000.039424	cloud-24444	OUT OF MEMORY	144.196424495	81.45032601500134	15000.047616	cloud-23933	OUT OF MEMORY	122.904342549	68.55523641800391	15000.055808	cloud-23979
eca-rers2012/Problem09_label33.yml	true	OUT OF MEMORY	101.424261348	57.652433174996986	15000.166400	cloud-23942	OUT OF MEMORY	108.429743471	61.460958103998564	15000.272896	cloud-24444	OUT OF MEMORY	111.523994453	62.343131393994554	15000.055808	cloud-24261	OUT OF MEMORY	143.402965046	82.00531741499435	15000.043520	cloud-23982
eca-rers2012/Problem09_label34.yml	false	OUT OF MEMORY	96.419647203	55.3624121860048	15000.154112	cloud-23941	OUT OF MEMORY	123.485945261	69.71603438099555	15000.043520	cloud-24643	OUT OF MEMORY	91.2631526	52.165777287009405	15000.174592	cloud-23944	OUT OF MEMORY	103.115263623	59.23892362701008	15000.178688	cloud-23939
eca-rers2012/Problem09_label35.yml	false	OUT OF MEMORY	123.036991652	69.18302060399947	15000.039424	cloud-24276	OUT OF MEMORY	110.09314659	61.70641228200111	15000.039424	cloud-24444	OUT OF MEMORY	95.244306192	54.413197986999876	15000.174592	cloud-23943	OUT OF MEMORY	98.729494158	56.318366969993804	15000.178688	cloud-23943
eca-rers2012/Problem09_label36.yml	false	OUT OF MEMORY	122.169565648	68.85310902699894	15000.043520	cloud-23979	OUT OF MEMORY	121.463241567	68.4775940690015	15000.047616	cloud-24441	OUT OF MEMORY	112.619521341	63.55001171500044	15000.047616	cloud-24261	OUT OF MEMORY	145.976457373	83.30794657897786	15000.051712	cloud-23982
eca-rers2012/Problem09_label37.yml	true	OUT OF MEMORY	116.776145501	65.70200411000042	15000.043520	cloud-24276	OUT OF MEMORY	97.856364836	55.63963293300003	15000.158208	cloud-23943	OUT OF MEMORY	132.559581128	77.115285936	15000.285184	cloud-23979	OUT OF MEMORY	120.692016166	68.37132676001056	15000.051712	cloud-23979
eca-rers2012/Problem09_label38.yml	false	OUT OF MEMORY	114.103243678	63.93736678399728	15000.039424	cloud-24261	OUT OF MEMORY	91.013264162	51.554487746965606	15000.166400	cloud-23942	OUT OF MEMORY	111.039017402	61.78474836600071	15000.055808	cloud-24261	OUT OF MEMORY	123.987215077	69.39246737898793	15000.055808	cloud-23933
eca-rers2012/Problem09_label39.yml	true	OUT OF MEMORY	120.782447255	67.09601391899923	15000.305664	cloud-24261	OUT OF MEMORY	123.596351296	70.3163356869918	15000.039424	cloud-24441	OUT OF MEMORY	93.233332183	52.8814815270016	15000.178688	cloud-23940	OUT OF MEMORY	120.271464704	67.41001816699281	15000.043520	cloud-23933
eca-rers2012/Problem09_label40.yml	true	OUT OF MEMORY	123.856034966	68.56643720300053	15000.027136	cloud-23979	OUT OF MEMORY	89.128498499	50.75175696000042	15000.391680	cloud-23939	OUT OF MEMORY	110.838074752	62.74391581300006	15000.055808	cloud-23979	OUT OF MEMORY	108.251920283	61.10503679301473	15000.174592	cloud-23941
eca-rers2012/Problem09_label41.yml	false	OUT OF MEMORY	114.424755688	65.23575324099875	15000.039424	cloud-23979	OUT OF MEMORY	118.177012697	66.12011923600016	15000.039424	cloud-24643	OUT OF MEMORY	117.829672138	66.00507433299936	15000.055808	cloud-24261	OUT OF MEMORY	127.528740723	71.77241602001595	15000.055808	cloud-23933
eca-rers2012/Problem09_label42.yml	true	OUT OF MEMORY	117.469637146	64.8144544520037	15000.043520	cloud-24261	OUT OF MEMORY	121.486431915	68.44424786401214	15000.039424	cloud-24643	OUT OF MEMORY	112.500844335	64.21886989400082	15000.223744	cloud-24261	OUT OF MEMORY	130.553697675	75.05092117001186	15000.051712	cloud-23980
eca-rers2012/Problem09_label43.yml	true	OUT OF MEMORY	111.405594884	62.71038778100046	15000.170496	cloud-23941	OUT OF MEMORY	144.653181368	80.99960606099921	15000.039424	cloud-24444	OUT OF MEMORY	116.130915662	66.36150217800002	15000.055808	cloud-23979	OUT OF MEMORY	151.422033233	84.8321480389859	15000.039424	cloud-23938
eca-rers2012/Problem09_label44.yml	false	OUT OF MEMORY	120.169242585	67.01366924200192	15000.043520	cloud-24276	OUT OF MEMORY	134.481349157	75.42694559299707	15000.043520	cloud-24441	OUT OF MEMORY	104.759661947	59.450412350997794	15000.174592	cloud-23941	OUT OF MEMORY	128.906446813	72.7347097589809	15000.043520	cloud-23933
eca-rers2012/Problem09_label45.yml	true	OUT OF MEMORY	122.551139313	68.97405457500099	15000.047616	cloud-24276	OUT OF MEMORY	133.331130325	73.91802797199853	15000.043520	cloud-24441	OUT OF MEMORY	109.597858947	63.50535388099979	15000.178688	cloud-23943	OUT OF MEMORY	107.017019504	59.9692211880174	15000.162304	cloud-23939
eca-rers2012/Problem09_label46.yml	false	OUT OF MEMORY	99.345033471	56.62360642400745	15000.166400	cloud-23943	OUT OF MEMORY	97.421403518	55.731849392992444	15000.166400	cloud-23939	OUT OF MEMORY	139.270708563	78.59561494700029	15000.055808	cloud-23933	OUT OF MEMORY	108.836438249	61.52485494100256	15000.166400	cloud-23941
eca-rers2012/Problem09_label47.yml	false	OUT OF MEMORY	119.378172086	66.75251151699922	15000.043520	cloud-23979	OUT OF MEMORY	119.187132762	67.87121162099356	15000.219648	cloud-24643	OUT OF MEMORY	101.188498556	58.010446036998474	15000.178688	cloud-23940	OUT OF MEMORY	130.326647958	73.0132949599938	15000.051712	cloud-23933
eca-rers2012/Problem09_label48.yml	true	OUT OF MEMORY	102.359423666	58.042388899993966	15000.166400	cloud-23944	OUT OF MEMORY	132.593272776	75.23411926900008	15000.039424	cloud-24643	OUT OF MEMORY	96.385377977	55.193339873003424	15000.174592	cloud-23939	OUT OF MEMORY	102.656812978	57.882826973014744	15000.170496	cloud-23942
eca-rers2012/Problem09_label49.yml	true	OUT OF MEMORY	120.306391782	67.65098712300005	15000.047616	cloud-23933	OUT OF MEMORY	112.804489309	64.31369802900008	15000.039424	cloud-24643	OUT OF MEMORY	99.913151763	56.66533570599859	15000.174592	cloud-23940	OUT OF MEMORY	99.686904247	56.67396606199327	15000.162304	cloud-23943
eca-rers2012/Problem09_label50.yml	true	OUT OF MEMORY	127.185234281	71.97120541200275	15000.039424	cloud-23933	OUT OF MEMORY	128.371515442	71.45698057999834	15000.039424	cloud-24441	OUT OF MEMORY	89.525112619	51.19377237500157	15000.178688	cloud-23943	OUT OF MEMORY	102.758219665	57.612444613012485	15000.416256	cloud-23939
eca-rers2012/Problem09_label51.yml	false	OUT OF MEMORY	95.689865158	54.176738716996624	15000.170496	cloud-23940	OUT OF MEMORY	112.740959261	63.12930198502727	15000.166400	cloud-23939	OUT OF MEMORY	117.82623931	66.15022298799886	15000.051712	cloud-23933	OUT OF MEMORY	102.593803364	58.11391120197368	15000.174592	cloud-23939
eca-rers2012/Problem09_label52.yml	true	OUT OF MEMORY	128.255501595	72.45407452799918	15000.039424	cloud-24276	OUT OF MEMORY	103.124359404	59.74349116603844	15000.166400	cloud-23943	OUT OF MEMORY	99.675839027	56.184201627998846	15000.174592	cloud-23939	OUT OF MEMORY	149.564687819	87.4700600420183	15000.047616	cloud-23982
eca-rers2012/Problem09_label53.yml	false	OUT OF MEMORY	118.35656301	67.42220448199987	15000.268800	cloud-24276	OUT OF MEMORY	101.716548422	58.01525261599454	15000.166400	cloud-23944	OUT OF MEMORY	90.507364139	50.98677539500932	15000.174592	cloud-23939	OUT OF MEMORY	129.066461116	71.86226757898112	15000.047616	cloud-23933
eca-rers2012/Problem09_label54.yml	false	OUT OF MEMORY	116.878407942	65.14104132600187	15000.043520	cloud-24261	OUT OF MEMORY	118.475032205	66.53985300099885	15000.043520	cloud-24643	OUT OF MEMORY	109.168465123	62.09909967699787	15000.055808	cloud-23979	OUT OF MEMORY	134.284785154	78.1243640750181	15000.051712	cloud-23980
eca-rers2012/Problem09_label55.yml	true	OUT OF MEMORY	118.976220337	67.388099116999	15000.043520	cloud-23979	OUT OF MEMORY	102.657639471	58.9069104260052	15000.162304	cloud-23943	OUT OF MEMORY	116.359720707	66.79775037299987	15000.178688	cloud-23940	OUT OF MEMORY	106.832790144	59.94330115499906	15000.162304	cloud-23941
eca-rers2012/Problem09_label56.yml	false	OUT OF MEMORY	117.834609965	66.35202475299957	15000.039424	cloud-23933	OUT OF MEMORY	112.228434948	63.300674156998866	15000.043520	cloud-24444	OUT OF MEMORY	110.750163276	63.17673109599855	15000.178688	cloud-23941	OUT OF MEMORY	100.747918628	57.13954482800909	15000.178688	cloud-23942
eca-rers2012/Problem09_label57.yml	false	OUT OF MEMORY	109.329958342	61.44213701999979	15000.047616	cloud-24261	OUT OF MEMORY	127.519528188	71.14259095300076	15000.047616	cloud-24441	OUT OF MEMORY	143.696290971	81.85874833900016	15000.051712	cloud-24259	OUT OF MEMORY	99.649757391	56.40444178000325	15000.174592	cloud-23942
eca-rers2012/Problem09_label58.yml	true	OUT OF MEMORY	120.102354257	67.99629370100229	15000.047616	cloud-23979	OUT OF MEMORY	111.021964054	62.36701761999575	15000.043520	cloud-24444	OUT OF MEMORY	126.635964907	71.63227348199871	15000.055808	cloud-24261	OUT OF MEMORY	141.616311588	79.89137245199527	15000.051712	cloud-23933
eca-rers2012/Problem09_label59.yml	false	OUT OF MEMORY	120.245266191	68.23277379699721	15000.289280	cloud-23933	OUT OF MEMORY	99.663656683	56.69652108299488	15000.162304	cloud-23940	OUT OF MEMORY	88.877295201	50.97294067199982	15000.178688	cloud-23943	OUT OF MEMORY	140.432229659	79.09296692698263	15000.051712	cloud-23982
eca-rers2012/Problem10_label00.yml	true	true	91.217848735	61.41055978199802	1523.650560	cloud-23933	true	84.377988234	54.717176369995286	1573.158912	cloud-24444	true	67.934497316	45.65195346600376	1442.951168	cloud-23979	TIMEOUT	990.402744565	962.8092573609902	1359.818752	cloud-23980
eca-rers2012/Problem10_label01.yml	true	true	111.905254214	85.30212367100103	1488.310272	cloud-23939	true	138.921460481	109.96575478699924	1450.008576	cloud-24643	true	158.032125584	123.99707297600253	1666.723840	cloud-24259	TIMEOUT	990.488081939	962.0445530879952	1604.648960	cloud-23933
eca-rers2012/Problem10_label02.yml	true	true	135.712919001	103.53821096200045	1579.847680	cloud-23979	true	146.720960256	111.601022715	1535.590400	cloud-24444	true	132.646748582	103.99275874900013	1563.947008	cloud-23933	TIMEOUT	990.420660894	964.6564435699838	1494.528000	cloud-23980
eca-rers2012/Problem10_label03.yml	true	true	83.829902995	55.21753729000011	1545.252864	cloud-23933	true	76.00331991	49.59768010100015	1507.008512	cloud-24444	true	82.443216014	52.624687405997975	1653.272576	cloud-24259	TIMEOUT	990.410012351	967.4701020909997	1478.033408	cloud-23980
eca-rers2012/Problem10_label04.yml	true	true	66.154850698	43.00836965000053	1496.895488	cloud-24261	true	73.611005154	47.85148324900365	1431.072768	cloud-24643	true	75.53554991	49.254783313999724	1515.593728	cloud-23933	TIMEOUT	990.393304718	962.730865310994	1401.143296	cloud-23979
eca-rers2012/Problem10_label05.yml	true	true	70.189941666	44.7400233840001	1312.473088	cloud-24261	true	77.445819033	50.38925769300113	1489.248256	cloud-24441	true	75.190220483	49.90878309499931	1311.789056	cloud-23933	TIMEOUT	990.442424543	960.5337046690111	1465.282560	cloud-23938
eca-rers2012/Problem10_label06.yml	true	true	79.1337357	51.36693958699834	1319.739392	cloud-23933	true	78.985662327	52.18548176600234	1487.474688	cloud-24441	true	87.2279075	56.37756133500079	1479.602176	cloud-24259	TIMEOUT	990.495665618	962.0371652400063	1551.929344	cloud-23938
eca-rers2012/Problem10_label07.yml	true	true	74.379407736	48.48208455499844	1348.808704	cloud-23933	true	71.989085292	46.612608684001316	1366.179840	cloud-24444	true	80.031999584	52.989467298997624	1285.255168	cloud-23933	TIMEOUT	990.443647697	960.3593385760032	1569.984512	cloud-23938
eca-rers2012/Problem10_label08.yml	true	true	67.316630984	44.10087778900197	1438.236672	cloud-24261	true	68.257914655	46.07977910699992	1456.881664	cloud-24643	true	76.845338633	51.12908269599575	1374.158848	cloud-23933	TIMEOUT	990.447521495	957.4073340949835	1592.766464	cloud-23979
eca-rers2012/Problem10_label09.yml	true	true	64.853764275	41.996308871997826	1330.384896	cloud-23979	true	74.513048745	50.044207039994944	1311.830016	cloud-24643	true	65.230821139	43.321557834002306	1224.622080	cloud-23979	TIMEOUT	990.503385949	957.7867455589876	1749.233664	cloud-23938
eca-rers2012/Problem10_label10.yml	true	true	68.573513995	44.22323962500013	1543.712768	cloud-23979	true	81.213296535	52.981297382000776	1365.766144	cloud-24441	true	69.768158294	45.383470778004266	1231.241216	cloud-23933	TIMEOUT	990.476419493	964.3674497850006	1499.324416	cloud-23933
eca-rers2012/Problem10_label11.yml	true	true	90.710072768	62.023453284000425	1448.235008	cloud-24261	true	88.330758585	60.60713833600312	1272.053760	cloud-24643	true	94.558177259	64.37422567699832	1272.168448	cloud-23979	TIMEOUT	990.40830313	963.7771523039846	1404.182528	cloud-23979
eca-rers2012/Problem10_label12.yml	false	TIMEOUT	992.285538814	938.5707994559998	2423.201792	cloud-24261	TIMEOUT	992.375628568	938.4900073769968	2110.459904	cloud-24643	TIMEOUT (false(unreach-call))	953.773231856	918.1701760180003	1611.927552	cloud-23933	TIMEOUT	990.516361515	961.2510859830072	1624.498176	cloud-23982
eca-rers2012/Problem10_label13.yml	true	true	124.420335612	91.33683691600163	1376.976896	cloud-23979	true	125.9588809	94.74859329700121	1426.280448	cloud-24444	true	122.38231461	91.59633377199498	1620.484096	cloud-23979	TIMEOUT	990.540112805	958.9059733180038	1608.708096	cloud-23938
eca-rers2012/Problem10_label14.yml	true	true	96.013036146	66.76531086199975	1242.296320	cloud-23933	true	94.862210466	65.23873885400099	1347.977216	cloud-24643	true	88.570862826	60.04573959100526	1357.930496	cloud-23979	TIMEOUT	990.430627667	964.4810803470027	1348.308992	cloud-23933
eca-rers2012/Problem10_label15.yml	false	false(unreach-call)	159.321189834	127.34899389699785	1432.846336	cloud-24261	false(unreach-call)	190.833983546	157.42683800799932	1538.666496	cloud-24643	false(unreach-call)	342.571227448	304.54867353699956	1353.125888	cloud-24259	TIMEOUT	990.394833907	959.1330505270162	1527.312384	cloud-23982
eca-rers2012/Problem10_label16.yml	true	true	129.448866512	99.9192386149989	1403.695104	cloud-23979	true	134.173654794	101.0071710150005	1308.758016	cloud-24444	true	147.035427612	114.12353952600097	1395.511296	cloud-24259	TIMEOUT	990.417873648	958.2897251859831	1506.623488	cloud-23982
eca-rers2012/Problem10_label17.yml	true	true	128.592774226	100.72860500400202	1498.693632	cloud-23979	true	135.631897692	104.83110211399617	1436.848128	cloud-24441	true	127.677797433	95.69905106900023	1641.947136	cloud-23933	TIMEOUT	990.438381818	957.5406539730029	1530.109952	cloud-23979
eca-rers2012/Problem10_label18.yml	true	true	130.500564693	103.42513306499859	1542.205440	cloud-23979	true	144.314229062	107.61942277399794	1516.253184	cloud-24444	true	145.69814987	111.3898850550031	1520.185344	cloud-23933	TIMEOUT	990.356993521	965.9850924079947	1592.602624	cloud-23980
eca-rers2012/Problem10_label19.yml	true	true	71.245837232	46.73477120300049	1454.706688	cloud-24261	true	75.276900513	48.129461329999685	1227.943936	cloud-24444	true	79.650647504	53.14461391799978	1527.939072	cloud-23933	TIMEOUT	990.447424391	964.5295378600131	1491.230720	cloud-23980
eca-rers2012/Problem10_label20.yml	true	true	89.335436143	59.893563618999906	1550.229504	cloud-23979	true	83.911231371	56.667881632998615	1460.277248	cloud-24643	true	99.159476293	65.99633182399702	1474.023424	cloud-24259	TIMEOUT	990.383017167	961.498746591009	1397.264384	cloud-23938
eca-rers2012/Problem10_label21.yml	true	true	148.488732138	113.5756254629996	1539.764224	cloud-23933	true	152.947137393	121.02428497000074	1677.115392	cloud-24643	true	158.168122898	122.29456677399867	1583.763456	cloud-24259	TIMEOUT	990.46054487	960.1617835130019	1541.500928	cloud-23938
eca-rers2012/Problem10_label22.yml	true	true	127.70546133	100.27878415899977	1323.524096	cloud-24261	true	135.842153735	105.321899509996	1569.411072	cloud-24444	true	134.916549817	104.43273140000383	1284.804608	cloud-23979	TIMEOUT	990.375351844	967.9263973869965	1582.780416	cloud-23980
eca-rers2012/Problem10_label23.yml	true	true	81.694160635	53.88826627200069	1318.391808	cloud-24261	true	82.433778155	54.57481707100669	1542.172672	cloud-24444	true	89.14082839	58.09267843700218	1336.754176	cloud-23933	TIMEOUT	990.402825032	959.8565855399938	1338.593280	cloud-23982
eca-rers2012/Problem10_label24.yml	false	false(unreach-call)	93.808443325	63.59408054600135	1286.639616	cloud-23979	false(unreach-call)	106.557530698	71.01959287799764	1283.833856	cloud-24441	false(unreach-call)	110.699266182	73.2894086209999	1431.703552	cloud-23933	TIMEOUT	990.406338894	959.0424541080138	1570.725888	cloud-23982
eca-rers2012/Problem10_label25.yml	true	true	157.640423609	128.4069751700008	1403.609088	cloud-23979	true	155.827772626	121.40558781800064	1306.652672	cloud-24441	true	193.437881709	153.04762343100447	1644.425216	cloud-23933	TIMEOUT	990.464029337	959.5489897520165	1533.628416	cloud-23938
eca-rers2012/Problem10_label26.yml	false	false(unreach-call)	103.923737011	69.1778772070029	1443.094528	cloud-23933	false(unreach-call)	96.87128452	64.802015183006	1349.066752	cloud-24441	false(unreach-call)	115.50961122	77.2491576020002	1727.606784	cloud-23933	TIMEOUT	990.468547439	960.0039095219981	1380.401152	cloud-23938
eca-rers2012/Problem10_label27.yml	true	true	74.535847634	50.986472838001646	1343.967232	cloud-24261	true	107.537554212	72.03248316199824	1476.292608	cloud-24441	true	94.176876739	65.08788395500233	1344.741376	cloud-23933	TIMEOUT	990.561761498	958.3024182329827	1545.199616	cloud-23933
eca-rers2012/Problem10_label28.yml	false	TIMEOUT	990.491698437	944.1772986700016	1570.107392	cloud-23933	TIMEOUT	991.208031522	946.6915619130014	1610.940416	cloud-24444	false(unreach-call)	463.317100069	427.60676863499975	1579.933696	cloud-23979	TIMEOUT	990.45628762	954.9652967840084	1373.286400	cloud-23933
eca-rers2012/Problem10_label29.yml	false	TIMEOUT	991.070440464	947.7267656679996	1687.932928	cloud-24261	TIMEOUT	991.06019052	951.6890646299998	1562.251264	cloud-24643	ERROR (solver error, after parsing finished)	753.613395557	723.4479559760002	1590.820864	cloud-23979	TIMEOUT	990.404641874	964.8984373270068	1478.418432	cloud-23979
eca-rers2012/Problem10_label30.yml	true	true	80.029900632	54.2024164789982	1442.152448	cloud-24261	true	96.341072993	66.0712137139999	1513.496576	cloud-24643	true	78.285909402	53.19188024799996	1372.336128	cloud-23979	TIMEOUT	990.381178132	960.7917207560095	1394.442240	cloud-23982
eca-rers2012/Problem10_label31.yml	true	true	97.432637619	67.3499389869994	1414.668288	cloud-24261	true	94.225712167	63.87158555700444	1452.298240	cloud-24444	true	85.660006174	61.001378981000016	1389.805568	cloud-23979	TIMEOUT	990.406945555	962.6940118359926	1385.721856	cloud-23979
eca-rers2012/Problem10_label32.yml	true	true	139.437484182	105.51969139499852	1485.185024	cloud-23933	true	139.168489638	103.501949710997	1573.126144	cloud-24444	true	147.384975025	112.2452308320062	1445.953536	cloud-23933	TIMEOUT	990.397694369	959.8240149570047	1462.263808	cloud-23982
eca-rers2012/Problem10_label33.yml	true	true	125.489556543	95.48723970900028	1414.938624	cloud-23979	true	131.845827949	99.67317228899992	1348.845568	cloud-24643	true	106.051065035	79.51715768699978	1420.472320	cloud-23940	TIMEOUT	990.456530912	960.3787609800056	1482.551296	cloud-23938
eca-rers2012/Problem10_label34.yml	true	true	92.543146986	65.74898033999852	1477.980160	cloud-23979	true	96.257725924	65.11895378099871	1342.410752	cloud-24444	true	85.303059722	58.67443400999764	1452.040192	cloud-23979	TIMEOUT	990.415228876	966.5834347709897	1539.297280	cloud-23980
eca-rers2012/Problem10_label35.yml	true	true	115.740755413	88.20241365499896	1613.680640	cloud-24261	true	138.690933217	105.59634737500164	1462.697984	cloud-24643	true	133.212495769	101.14895436299958	1478.090752	cloud-23979	TIMEOUT	990.353799501	967.3395508060057	1510.776832	cloud-23980
eca-rers2012/Problem10_label36.yml	true	true	139.097796719	104.94763594400047	1451.204608	cloud-24261	true	130.216068113	99.69048646099691	1465.081856	cloud-24444	true	143.635284398	110.49471126700155	1426.571264	cloud-23933	TIMEOUT	990.395120779	966.3432566190022	1511.411712	cloud-23979
eca-rers2012/Problem10_label37.yml	true	true	131.739753041	101.25161141700119	1648.680960	cloud-24261	true	147.457590023	112.39258078700004	1335.111680	cloud-24444	true	132.105039063	99.55183293099981	1385.508864	cloud-23979	TIMEOUT	990.414456763	963.4969116340217	1361.399808	cloud-23979
eca-rers2012/Problem10_label38.yml	true	true	145.143006517	110.89034849999916	1428.520960	cloud-23933	true	132.837990133	103.40464395200252	1376.026624	cloud-24643	true	135.757927512	103.07834261300013	1719.226368	cloud-23979	TIMEOUT	990.423219483	962.7717574140115	1603.522560	cloud-23979
eca-rers2012/Problem10_label39.yml	true	true	53.680037633	36.071784468997066	1317.388288	cloud-23944	true	75.400102251	49.44545307500084	1434.091520	cloud-24643	true	86.346501718	57.42191535600432	1357.869056	cloud-23933	TIMEOUT	990.466343284	964.2513691560016	1503.432704	cloud-23980
eca-rers2012/Problem10_label40.yml	true	true	236.518916983	204.09425572299915	1860.026368	cloud-23979	true	263.76508089	226.27527040000132	1458.630656	cloud-24441	ERROR (solver error, after parsing finished)	754.855897531	725.032458447	1573.011456	cloud-23933	TIMEOUT	990.470072304	953.381191781984	1521.434624	cloud-23933
eca-rers2012/Problem10_label41.yml	false	false(unreach-call)	278.733999943	244.7996369529992	1315.258368	cloud-23979	false(unreach-call)	296.533207842	261.4866813549961	1394.298880	cloud-24643	false(unreach-call)	301.424644605	266.35748446900107	1483.739136	cloud-23933	TIMEOUT	990.396726877	961.6962499740184	1330.679808	cloud-23979
eca-rers2012/Problem10_label42.yml	false	false(unreach-call)	83.340914307	53.9174858639999	1504.559104	cloud-23979	false(unreach-call)	80.059082134	53.454979824000475	1531.310080	cloud-24441	false(unreach-call)	70.360160126	45.83156099400003	1414.397952	cloud-23940	TIMEOUT	990.432814596	963.1711419420026	1408.864256	cloud-23933
eca-rers2012/Problem10_label43.yml	true	TIMEOUT	991.065424875	959.5847708790025	1519.452160	cloud-23979	TIMEOUT	990.760679027	963.9749040259994	1719.934976	cloud-23942	ERROR (solver error, after parsing finished)	746.211827385	722.8373781480004	1412.870144	cloud-23933	TIMEOUT	990.402420773	960.514830560016	1720.852480	cloud-23982
eca-rers2012/Problem10_label44.yml	true	true	165.470012628	130.88186972899712	1428.938752	cloud-23933	true	131.300908833	106.07082926099974	1379.516416	cloud-24643	true	154.304256575	121.05520789699949	1611.366400	cloud-23933	TIMEOUT	990.478452713	960.862459069991	1362.243584	cloud-23938
eca-rers2012/Problem10_label45.yml	true	TIMEOUT	991.180555208	952.2671368280007	1537.204224	cloud-24261	TIMEOUT	991.186345126	953.4393361129987	1521.115136	cloud-24441	ERROR (solver error, after parsing finished)	742.218077011	721.528374689	1766.715392	cloud-23979	TIMEOUT	990.423674096	963.3203709679947	1521.041408	cloud-23933
eca-rers2012/Problem10_label46.yml	false	false(unreach-call)	79.438161823	52.149226658999396	1341.652992	cloud-23933	false(unreach-call)	71.53875851	46.25647154999933	1162.936320	cloud-24643	false(unreach-call)	82.943689402	54.18269481200332	1241.288704	cloud-24259	false(unreach-call)	207.232810797	183.40192711600685	1410.473984	cloud-23980
eca-rers2012/Problem10_label47.yml	false	false(unreach-call)	102.692843724	69.44807898599902	1439.285248	cloud-23933	false(unreach-call)	101.146952142	67.58205914100108	1358.999552	cloud-24441	false(unreach-call)	107.991890872	73.0089011500022	1406.955520	cloud-23933	TIMEOUT	990.448522251	961.0774184000038	1548.689408	cloud-23938
eca-rers2012/Problem10_label48.yml	false	false(unreach-call)	85.018212665	55.544552428000316	1651.400704	cloud-23979	false(unreach-call)	90.182421511	59.030407055004616	1484.472320	cloud-24441	false(unreach-call)	95.566619456	62.245590745999834	1585.647616	cloud-23933	TIMEOUT	990.356300142	963.9821580919961	1277.112320	cloud-23980
eca-rers2012/Problem10_label49.yml	true	TIMEOUT	990.478778789	943.8270071660008	1531.351040	cloud-23933	TIMEOUT	991.150127554	940.268939439	1424.404480	cloud-24441	ERROR (solver error, after parsing finished)	757.426898507	725.4832610869998	1414.311936	cloud-23933	TIMEOUT	990.364522291	959.4867935259826	1508.667392	cloud-23982
eca-rers2012/Problem10_label50.yml	false	TIMEOUT	991.009308527	948.7298184459996	1691.758592	cloud-23979	TIMEOUT	990.436522858	942.7821784389998	1573.171200	cloud-24444	ERROR (solver error, after parsing finished)	753.896435473	722.8482876690032	1494.761472	cloud-23979	TIMEOUT	990.432818492	962.5532206390053	1434.869760	cloud-23980
eca-rers2012/Problem10_label51.yml	true	true	87.983262529	59.80043600299905	1586.769920	cloud-24261	true	100.567664553	67.81586057099958	1489.190912	cloud-24441	true	108.966858594	73.80703468099819	1526.312960	cloud-24259	TIMEOUT	990.436963609	964.6487783979974	1516.183552	cloud-23933
eca-rers2012/Problem10_label52.yml	true	true	88.965410484	67.85290734700175	1486.749696	cloud-23943	true	131.52506338	98.39637969999967	1815.363584	cloud-24643	true	134.33421412	101.71717116699801	1553.182720	cloud-24259	TIMEOUT	990.312549674	965.441232607991	1525.018624	cloud-23980
eca-rers2012/Problem10_label53.yml	true	true	122.52014046	93.90966198100068	1616.224256	cloud-23979	true	111.933129325	81.64759000499998	1535.397888	cloud-24441	true	110.772570351	82.53744140900017	1368.350720	cloud-23979	TIMEOUT	990.464312745	959.3951086349844	1372.745728	cloud-23938
eca-rers2012/Problem10_label54.yml	true	true	99.447302959	67.80164240700105	1518.755840	cloud-23933	true	94.031615122	63.08364855599939	1435.115520	cloud-24444	true	97.325378716	66.59050801400008	1419.026432	cloud-23933	TIMEOUT	990.419921925	960.5792255100096	1458.618368	cloud-23933
eca-rers2012/Problem10_label55.yml	false	false(unreach-call)	123.778212079	93.94998092400056	1298.948096	cloud-24261	false(unreach-call)	127.855678432	99.5022570910005	1474.568192	cloud-24643	false(unreach-call)	154.184409646	119.17254781299562	1489.608704	cloud-24259	TIMEOUT	990.455084681	959.0739596229978	1582.358528	cloud-23938
eca-rers2012/Problem10_label56.yml	true	TIMEOUT	991.01926394	953.5339445860009	1524.035584	cloud-23979	TIMEOUT	991.036456689	953.0008062869965	1605.025792	cloud-24643	ERROR (solver error, after parsing finished)	746.975459506	720.105166369	1344.983040	cloud-23933	TIMEOUT	990.406051872	964.4529776489944	1416.585216	cloud-23979
eca-rers2012/Problem10_label57.yml	false	false(unreach-call)	72.261865509	46.70521334299701	1357.729792	cloud-24261	false(unreach-call)	81.752379896	52.59843263100629	1765.797888	cloud-24444	false(unreach-call)	89.449639873	58.17650915000013	1577.746432	cloud-23933	TIMEOUT	990.464684724	961.8337838820007	1413.820416	cloud-23979
eca-rers2012/Problem10_label58.yml	false	false(unreach-call)	97.935532093	64.3289633610002	1419.206656	cloud-23933	false(unreach-call)	91.547897039	60.54466729699925	1388.068864	cloud-24441	false(unreach-call)	76.829703846	50.435945180001	1316.392960	cloud-23979	TIMEOUT	990.668610146	960.1089610290073	1538.088960	cloud-23938
eca-rers2012/Problem10_label59.yml	true	TIMEOUT	991.079830568	950.9762247050003	1776.041984	cloud-24261	TIMEOUT	991.067353278	949.2864231089989	1548.484608	cloud-24441	ERROR (solver error, after parsing finished)	759.894308771	727.8380049779989	1390.256128	cloud-23979	TIMEOUT	990.489878536	958.9021308739902	1496.993792	cloud-23938
eca-rers2012/Problem11_label00.yml	false	TIMEOUT	991.033060463	942.1383060570006	2470.854656	cloud-23979	TIMEOUT	992.348212914	939.9360199310013	2822.254592	cloud-24441	ERROR (solver error, after parsing finished)	774.7253157	737.0705172739999	2454.151168	cloud-23979	TIMEOUT	990.503393823	955.6487291570229	2288.082944	cloud-23979
eca-rers2012/Problem11_label01.yml	true	true	275.085282326	234.6188347089992	2886.733824	cloud-24261	true	330.843059724	277.1498161189993	2573.361152	cloud-24441	true	340.256268076	291.68962686099985	2452.951040	cloud-23933	TIMEOUT	990.677722348	946.3959115720063	2361.421824	cloud-23938
eca-rers2012/Problem11_label02.yml	true	TIMEOUT	992.34958567	935.2652284590004	2644.361216	cloud-23979	TIMEOUT	991.073321148	937.0390693309964	2510.835712	cloud-24444	ERROR (solver error, after parsing finished)	793.657532925	748.7278698350019	2825.592832	cloud-24259	TIMEOUT	990.495482877	949.0681019569747	2430.296064	cloud-23982
eca-rers2012/Problem11_label03.yml	true	TIMEOUT	990.623956046	936.8433870789995	2939.535360	cloud-24261	TIMEOUT	992.207507962	943.4672599149999	2268.254208	cloud-24643	ERROR (solver error, after parsing finished)	793.940012056	750.0366324100032	2422.919168	cloud-24259	TIMEOUT	990.552037792	950.1749886450125	2118.778880	cloud-23938
eca-rers2012/Problem11_label04.yml	true	true	289.917523593	238.18005136200009	2269.556736	cloud-23933	true	277.277492558	232.00910400800058	2679.947264	cloud-24643	true	291.273278584	242.70787911099615	2397.720576	cloud-23933	TIMEOUT	990.531563745	955.802476546989	2330.378240	cloud-23933
eca-rers2012/Problem11_label05.yml	true	TIMEOUT	991.522126824	939.7407825170012	2558.484480	cloud-23979	TIMEOUT	990.764080064	938.2820230900033	2499.989504	cloud-24441	ERROR (solver error, after parsing finished)	783.009789217	741.5858693280006	2838.712320	cloud-23933	TIMEOUT	990.532879231	951.9759980419767	2224.562176	cloud-23979
eca-rers2012/Problem11_label06.yml	true	TIMEOUT	990.613066118	940.4389889699996	2643.595264	cloud-24261	TIMEOUT	992.239827798	936.2442821379991	2492.964864	cloud-24444	ERROR (solver error, after parsing finished)	794.818471037	747.292384665001	2387.214336	cloud-23933	TIMEOUT	990.579974061	952.5525835209992	2321.231872	cloud-23979
eca-rers2012/Problem11_label07.yml	true	true	198.930747878	161.07948711800054	2743.275520	cloud-23979	true	187.2414615	147.68481054400036	2327.007232	cloud-24444	true	233.550208073	186.00196206499822	2242.691072	cloud-23933	TIMEOUT	990.55897113	954.1493945269904	2389.991424	cloud-23979
eca-rers2012/Problem11_label08.yml	false	TIMEOUT	991.499663576	938.691946942	2531.459072	cloud-24261	TIMEOUT	992.288638787	938.1768672670005	2389.245952	cloud-24444	ERROR (solver error, after parsing finished)	791.383877401	746.0311168099979	2645.827584	cloud-23933	TIMEOUT	990.583805312	946.4396965549968	2252.509184	cloud-23938
eca-rers2012/Problem11_label09.yml	true	TIMEOUT	990.650805775	937.57634014	2747.125760	cloud-24261	TIMEOUT	992.241412524	941.6378301019977	2293.383168	cloud-24441	ERROR (solver error, after parsing finished)	783.058213041	742.1666680559997	2258.989056	cloud-23933	TIMEOUT	990.61591724	949.3728720899962	2335.473664	cloud-23933
eca-rers2012/Problem11_label10.yml	true	TIMEOUT	990.654051753	930.8707699999995	2666.250240	cloud-23979	TIMEOUT	990.765632722	938.0049585320012	2306.064384	cloud-24444	true	360.345276969	313.7372132879973	2434.265088	cloud-23933	TIMEOUT	990.505061564	952.5435826310131	2658.304000	cloud-23982
eca-rers2012/Problem11_label11.yml	true	TIMEOUT	990.738471769	936.0836552640012	2770.169856	cloud-24261	TIMEOUT	991.603158038	941.5614279440001	2740.645888	cloud-24643	ERROR (solver error, after parsing finished)	785.95084176	743.8846490000005	2152.628224	cloud-23933	TIMEOUT	990.675580764	950.6043756379804	2320.842752	cloud-23933
eca-rers2012/Problem11_label12.yml	true	TIMEOUT	990.67161825	932.5804073130003	2483.757056	cloud-24261	true	210.318830081	171.7943168390002	2652.712960	cloud-24643	true	194.989254979	157.35203208500002	2361.151488	cloud-23979	TIMEOUT	990.555144658	956.7418304460007	2482.364416	cloud-23933
eca-rers2012/Problem11_label13.yml	true	TIMEOUT	990.677320611	930.0347618329997	2671.579136	cloud-24261	TIMEOUT	991.891194377	935.4128323829991	2397.704192	cloud-24441	ERROR (solver error, after parsing finished)	793.878699758	747.7502762650038	2446.327808	cloud-24259	TIMEOUT	990.495126797	955.7854070320027	2267.226112	cloud-23980
eca-rers2012/Problem11_label14.yml	false	false(unreach-call)	239.074143472	188.4967295280003	2732.015616	cloud-23933	false(unreach-call)	220.174446898	171.465186196001	2778.431488	cloud-24643	false(unreach-call)	229.329703228	180.70718406799915	2474.684416	cloud-23933	TIMEOUT	990.48961634	954.2063571410254	2537.914368	cloud-23933
eca-rers2012/Problem11_label15.yml	false	false(unreach-call)	169.44357901	131.78740517200094	2401.497088	cloud-23979	false(unreach-call)	223.326233086	179.41536498700043	2403.590144	cloud-24441	ERROR (solver error, after parsing finished)	779.132507663	741.3187011529953	2527.035392	cloud-23933	TIMEOUT	990.418966713	948.0071368829813	2255.597568	cloud-23982
eca-rers2012/Problem11_label16.yml	true	TIMEOUT	990.66931075	929.1079713060026	2519.523328	cloud-23933	true	330.007641792	276.5339924510008	2713.579520	cloud-24441	true	345.992897704	296.6845417559962	2401.042432	cloud-24259	TIMEOUT	990.63010015	949.1807253309817	2369.789952	cloud-23982
eca-rers2012/Problem11_label17.yml	true	true	267.090067519	226.26070974300092	2438.897664	cloud-24261	true	310.48317169	268.6791598549971	2412.171264	cloud-24643	true	368.545708845	315.21334940700035	2554.212352	cloud-24259	TIMEOUT	990.524841439	951.965978474007	2513.760256	cloud-23982
eca-rers2012/Problem11_label18.yml	true	TIMEOUT	990.650681762	936.9817220660007	2650.001408	cloud-24261	TIMEOUT	992.266919146	939.9300312319974	2446.655488	cloud-24444	ERROR (solver error, after parsing finished)	776.156387317	739.12151171	2600.189952	cloud-23979	TIMEOUT	990.662404472	947.9138620659942	2248.171520	cloud-23938
eca-rers2012/Problem11_label19.yml	true	TIMEOUT	992.323753007	938.4487481659999	2574.749696	cloud-23979	TIMEOUT	992.459374458	936.5474675000005	2487.746560	cloud-24444	ERROR (solver error, after parsing finished)	802.047667625	751.836892845	2294.480896	cloud-24259	TIMEOUT	990.532421361	956.4302351869992	2532.986880	cloud-23980
eca-rers2012/Problem11_label20.yml	false	TIMEOUT	992.306318321	939.0630269680005	2636.705792	cloud-23933	TIMEOUT	992.472227144	938.7645680139995	2664.210432	cloud-24444	ERROR (solver error, after parsing finished)	796.753447033	751.6690975279998	2539.237376	cloud-23933	TIMEOUT	990.576239536	954.261337821983	2316.619776	cloud-23979
eca-rers2012/Problem11_label21.yml	true	TIMEOUT	990.864599554	902.7821027659993	3664.744448	cloud-24261	TIMEOUT	991.066131328	929.5271469759973	2636.152832	cloud-24444	ERROR (solver error, after parsing finished)	813.331650247	754.8350496300045	2371.747840	cloud-23933	TIMEOUT	990.61288902	953.3737236140005	2269.986816	cloud-23980
eca-rers2012/Problem11_label22.yml	true	TIMEOUT	990.610807929	933.9617445009999	2535.854080	cloud-24261	TIMEOUT	991.485181921	939.3753309429994	2649.755648	cloud-24643	ERROR (solver error, after parsing finished)	782.006076729	739.7506637120023	2465.533952	cloud-23933	TIMEOUT	990.498010802	948.5545895340038	2425.524224	cloud-23982
eca-rers2012/Problem11_label23.yml	true	TIMEOUT	990.654466844	926.9760371270004	2671.652864	cloud-23933	TIMEOUT	992.253878	939.5568530470046	2228.953088	cloud-24441	ERROR (solver error, after parsing finished)	799.196631639	758.3462778570029	2460.286976	cloud-23979	TIMEOUT	990.643174756	949.9085818440071	2319.990784	cloud-23938
eca-rers2012/Problem11_label24.yml	true	TIMEOUT	992.326545905	933.9354081969977	2348.920832	cloud-24261	TIMEOUT	991.1339036	937.7493269420011	2475.130880	cloud-24643	ERROR (solver error, after parsing finished)	763.671471764	728.5178525189986	2287.448064	cloud-23940	TIMEOUT	990.542538398	953.3834378779866	2330.140672	cloud-23979
eca-rers2012/Problem11_label25.yml	true	TIMEOUT	992.35434728	935.346380160001	2817.970176	cloud-23979	TIMEOUT	992.291781879	935.8439293670017	2533.801984	cloud-24643	ERROR (solver error, after parsing finished)	786.076981572	737.8135752710004	2717.155328	cloud-23933	TIMEOUT	990.5937376	947.2371192570135	2326.687744	cloud-23938
eca-rers2012/Problem11_label26.yml	true	TIMEOUT	990.626672859	935.8796503880003	2460.643328	cloud-23979	TIMEOUT	992.330765565	935.6133340680008	2350.039040	cloud-24643	ERROR (solver error, after parsing finished)	792.390987444	745.777339813998	2439.495680	cloud-24259	TIMEOUT	990.558351628	957.881740997982	2362.703872	cloud-23979
eca-rers2012/Problem11_label27.yml	true	TIMEOUT	990.617466918	938.0663215889999	2518.892544	cloud-24261	true	189.419242618	151.8710166699966	2297.683968	cloud-24643	true	198.94110445	155.19142272599993	2296.225792	cloud-23933	TIMEOUT	990.624294995	950.1208800299792	2514.788352	cloud-23982
eca-rers2012/Problem11_label28.yml	true	TIMEOUT	992.343381255	936.6524652400003	2676.928512	cloud-24261	TIMEOUT	992.370521887	934.5401196360035	2600.517632	cloud-24441	ERROR (solver error, after parsing finished)	803.864416385	753.0198732429999	2528.247808	cloud-24259	TIMEOUT	990.518673369	950.9739085199835	2359.939072	cloud-23979
eca-rers2012/Problem11_label29.yml	false	TIMEOUT	991.096486854	950.6067980519983	2502.565888	cloud-23944	TIMEOUT	992.258582499	940.2314884360021	2366.537728	cloud-24643	ERROR (solver error, after parsing finished)	775.998156662	737.5555033159981	2679.341056	cloud-23979	TIMEOUT	990.563300441	950.0034309969924	2283.544576	cloud-23938
eca-rers2012/Problem11_label30.yml	true	TIMEOUT	992.381145289	935.2022526859982	2486.374400	cloud-24261	TIMEOUT	991.911549921	934.6484472480006	2461.466624	cloud-24441	ERROR (solver error, after parsing finished)	759.136939668	726.446098286	2354.954240	cloud-23942	TIMEOUT	990.539812012	953.0191729240178	2339.438592	cloud-23980
eca-rers2012/Problem11_label31.yml	false	TIMEOUT	991.091269392	950.307182960998	2430.623744	cloud-23943	TIMEOUT	991.643865692	938.4565409780043	2334.466048	cloud-24444	ERROR (solver error, after parsing finished)	768.503726849	735.1516298910028	2195.996672	cloud-23979	TIMEOUT	990.598007686	944.1804385819996	2332.557312	cloud-23933
eca-rers2012/Problem11_label32.yml	true	TIMEOUT	990.62947659	934.5028015319986	2630.742016	cloud-23979	true	217.65164565	176.76309941899945	2277.261312	cloud-24643	true	215.407334487	171.6696587999977	2678.534144	cloud-23979	TIMEOUT	990.734813256	953.6703815590008	2953.191424	cloud-23979
eca-rers2012/Problem11_label33.yml	true	TIMEOUT	991.68579003	936.0244643429978	2320.891904	cloud-23933	TIMEOUT	991.623210116	941.1617050530003	2361.511936	cloud-24643	ERROR (solver error, after parsing finished)	786.477529853	744.0027927819974	2340.945920	cloud-24259	TIMEOUT	990.536640066	946.9589245079842	2765.082624	cloud-23980
eca-rers2012/Problem11_label34.yml	false	TIMEOUT	992.286397667	935.8618510220003	2649.501696	cloud-23933	TIMEOUT	991.725163757	934.2385039069995	2571.489280	cloud-24444	ERROR (solver error, after parsing finished)	801.127250373	747.5668418269997	2415.403008	cloud-23933	TIMEOUT	990.536458359	949.3207099710125	2560.315392	cloud-23980
eca-rers2012/Problem11_label35.yml	true	true	279.100925423	233.62170256100217	2384.310272	cloud-23933	true	266.155710111	220.37414228300622	2426.404864	cloud-24444	true	285.088532178	238.20647236700006	2262.945792	cloud-23933	TIMEOUT	990.664987616	950.9575633569912	2677.030912	cloud-23938
eca-rers2012/Problem11_label36.yml	false	false(unreach-call)	147.838176415	109.39332163400013	2309.283840	cloud-24261	false(unreach-call)	154.59382325	115.27373140299824	2120.683520	cloud-24441	false(unreach-call)	138.385775321	99.94558033099747	2294.628352	cloud-23979	TIMEOUT	990.540751659	953.4576073930075	2227.404800	cloud-23979
eca-rers2012/Problem11_label37.yml	true	true	275.091258606	231.38634247699883	2388.594688	cloud-24261	true	303.488022631	256.0764143070046	2549.170176	cloud-24441	true	330.007126033	283.37667081900145	2247.221248	cloud-23933	TIMEOUT	990.488046692	949.7050935119914	2197.020672	cloud-23980
eca-rers2012/Problem11_label38.yml	true	TIMEOUT	990.798561378	940.0537509210008	2411.536384	cloud-24261	TIMEOUT	991.317959309	939.4017514109946	2411.429888	cloud-24643	ERROR (solver error, after parsing finished)	782.815844413	741.0418182389994	2343.288832	cloud-23933	TIMEOUT	990.536158731	949.641245603998	2318.389248	cloud-23938
eca-rers2012/Problem11_label39.yml	false	TIMEOUT	990.726125002	932.3600876910023	2434.109440	cloud-23979	TIMEOUT	990.468365582	936.2721311000023	2345.107456	cloud-24444	ERROR (solver error, after parsing finished)	759.060900015	727.813560569004	2421.030912	cloud-23940	TIMEOUT	990.524273084	947.7716934790078	2388.111360	cloud-23938
eca-rers2012/Problem11_label40.yml	true	TIMEOUT	991.617641415	938.3083568630027	3032.829952	cloud-24261	TIMEOUT	991.397369765	937.8820384169994	2514.849792	cloud-24643	ERROR (solver error, after parsing finished)	794.564122899	748.4393900159994	3154.903040	cloud-23933	TIMEOUT	990.542057116	951.8439981490083	2756.845568	cloud-23982
eca-rers2012/Problem11_label41.yml	true	TIMEOUT	992.181495238	932.3755991380021	2448.531456	cloud-23933	TIMEOUT	991.996574559	933.8204841949992	2419.662848	cloud-24444	ERROR (solver error, after parsing finished)	783.753798691	736.1837337590005	2514.804736	cloud-23979	TIMEOUT	990.590001083	945.1901235900004	2343.223296	cloud-23982
eca-rers2012/Problem11_label42.yml	false	TIMEOUT	990.546413643	935.2211074230001	2808.168448	cloud-24261	TIMEOUT	992.254321133	939.7333657660001	2748.891136	cloud-24441	ERROR (solver error, after parsing finished)	779.562512381	739.4751694400038	2408.636416	cloud-23979	TIMEOUT	990.639804735	952.4015442559903	2792.599552	cloud-23933
eca-rers2012/Problem11_label43.yml	false	TIMEOUT	990.628701458	930.6254171190012	2444.156928	cloud-23933	TIMEOUT	992.215023015	938.8971848229994	2290.319360	cloud-24444	ERROR (solver error, after parsing finished)	830.907024493	790.1688088260053	2470.064128	cloud-23933	TIMEOUT	990.59896401	953.3917028649885	2247.217152	cloud-23933
eca-rers2012/Problem11_label44.yml	true	true	299.719692906	255.76954166399992	2530.947072	cloud-24261	true	330.475829756	280.59941063600127	2523.283456	cloud-24441	true	339.188852561	296.0014726590016	2427.154432	cloud-23933	TIMEOUT	990.638849009	954.6448160010041	2534.895616	cloud-23933
eca-rers2012/Problem11_label45.yml	true	TIMEOUT	992.09488464	932.7779463180002	2285.445120	cloud-24261	TIMEOUT	991.448976545	932.9895039260009	2321.051648	cloud-24444	TIMEOUT (ERROR (inner timeout, after parsing finished))	973.210459831	923.9029151659997	2652.872704	cloud-23979	TIMEOUT	990.631530059	949.2650899150176	2237.784064	cloud-23979
eca-rers2012/Problem11_label46.yml	true	TIMEOUT	990.741469799	932.7880794260018	2840.334336	cloud-23933	TIMEOUT	992.369967591	934.4191874280004	2299.801600	cloud-24444	ERROR (solver error, after parsing finished)	793.459788146	749.1919911880004	2306.940928	cloud-23979	TIMEOUT	990.575110657	955.6701482169738	2201.182208	cloud-23933
eca-rers2012/Problem11_label47.yml	true	TIMEOUT	991.724186348	936.2893389140008	2447.900672	cloud-23933	TIMEOUT	991.660538139	933.7158400480002	2432.888832	cloud-24444	ERROR (solver error, after parsing finished)	781.882050791	736.3134940890013	2313.715712	cloud-23979	TIMEOUT	990.441227097	950.1255692919949	2558.287872	cloud-23982
eca-rers2012/Problem11_label48.yml	true	TIMEOUT	992.283297904	938.8126393070015	2335.813632	cloud-23933	TIMEOUT	992.347633848	936.0158765929955	2614.616064	cloud-24441	ERROR (solver error, after parsing finished)	782.806989606	741.161935098	2356.383744	cloud-23933	TIMEOUT	990.613330312	954.5296559559938	2609.803264	cloud-23980
eca-rers2012/Problem11_label49.yml	false	TIMEOUT	990.649657454	937.5398395530028	2617.409536	cloud-24261	TIMEOUT	990.711583775	938.661330494997	2415.927296	cloud-24643	ERROR (solver error, after parsing finished)	777.775664792	740.4725990610004	2292.006912	cloud-23979	TIMEOUT	990.591639388	951.9458748660109	2443.415552	cloud-23980
eca-rers2012/Problem11_label50.yml	true	TIMEOUT	991.85883981	872.4884271650008	3182.055424	cloud-23933	TIMEOUT	992.180222588	935.2516719560008	2384.408576	cloud-24441	ERROR (solver error, after parsing finished)	790.388769234	745.5606305790006	2403.573760	cloud-23979	TIMEOUT	990.552943256	945.4677658799919	2295.681024	cloud-23933
eca-rers2012/Problem11_label51.yml	false	TIMEOUT	990.648479996	935.0456595039977	2653.855744	cloud-24261	TIMEOUT	990.51623002	937.8888362860016	2381.111296	cloud-24441	ERROR (solver error, after parsing finished)	785.203609472	740.6715573129995	2816.552960	cloud-23979	TIMEOUT	990.556543485	950.6619365739753	2350.792704	cloud-23938
eca-rers2012/Problem11_label52.yml	true	TIMEOUT	990.564160803	930.9381565489994	2545.209344	cloud-24261	TIMEOUT	992.392317539	935.7506728640001	2477.817856	cloud-24441	TIMEOUT (ERROR (inner timeout, after parsing finished))	962.431699969	923.5080307030003	2335.506432	cloud-23979	TIMEOUT	990.46210749	956.0431715510204	2712.248320	cloud-23980
eca-rers2012/Problem11_label53.yml	true	TIMEOUT	990.709094802	933.702887260999	2753.757184	cloud-24261	TIMEOUT	992.338066024	936.1648628839976	2739.736576	cloud-24444	ERROR (solver error, after parsing finished)	776.234341613	738.9505926590009	2187.599872	cloud-23979	TIMEOUT	990.544283943	953.8496584399836	2452.361216	cloud-23979
eca-rers2012/Problem11_label54.yml	true	TIMEOUT	990.263512142	944.9447769379985	2491.777024	cloud-23941	TIMEOUT	990.555470466	936.4466461729971	2348.355584	cloud-24441	ERROR (solver error, after parsing finished)	804.293541722	753.1621015979981	2326.970368	cloud-24259	TIMEOUT	990.64992947	952.4764460790029	2406.383616	cloud-23933
eca-rers2012/Problem11_label55.yml	true	TIMEOUT	992.166508196	935.5707223110003	2596.286464	cloud-23979	true	742.971857624	692.9737403100007	2370.203648	cloud-24444	true	740.805933712	688.2058684080039	2317.234176	cloud-23933	TIMEOUT	990.471980929	957.0651353590074	2170.179584	cloud-23980
eca-rers2012/Problem11_label56.yml	true	TIMEOUT	992.207445158	936.4505468820003	2530.889728	cloud-24261	TIMEOUT	992.213616782	936.3989561679991	2893.844480	cloud-24441	ERROR (solver error, after parsing finished)	792.793395463	743.3445950530004	2779.398144	cloud-23933	TIMEOUT	990.515297967	953.7184774940251	2515.398656	cloud-23979
eca-rers2012/Problem11_label57.yml	true	TIMEOUT	992.295418673	936.8398477499995	2470.993920	cloud-23979	TIMEOUT	992.257987966	940.2977778509958	2376.757248	cloud-24643	ERROR (solver error, after parsing finished)	796.221860045	748.6596725089985	2180.472832	cloud-23933	TIMEOUT	990.531643719	951.9999702280038	2339.352576	cloud-23933
eca-rers2012/Problem11_label58.yml	false	false(unreach-call)	188.538292341	142.760093005003	2846.470144	cloud-23933	false(unreach-call)	164.161202492	122.03759332199843	2296.573952	cloud-24444	false(unreach-call)	164.227146285	122.75414819399975	2627.907584	cloud-23979	TIMEOUT	990.68886833	953.726029368001	2928.627712	cloud-23979
eca-rers2012/Problem11_label59.yml	true	TIMEOUT	991.597190366	939.4324262010014	2591.518720	cloud-23979	TIMEOUT	992.20131415	936.5657966520012	2346.229760	cloud-24441	ERROR (solver error, after parsing finished)	777.46659475	738.2137463830004	2707.353600	cloud-23979	TIMEOUT	990.527041963	951.9490007889981	2510.729216	cloud-23980
eca-rers2012/Problem12_label00.yml	false	TIMEOUT	992.241774508	773.5933557940007	6967.750656	cloud-24261	TIMEOUT	991.481698086	843.0073257250006	6844.260352	cloud-24643	TIMEOUT	992.644657621	851.69356324	6959.587328	cloud-23979	TIMEOUT	991.685078813	914.4730411790079	8335.241216	cloud-23938
eca-rers2012/Problem12_label01.yml	true	TIMEOUT	991.106089161	895.566208925	8580.612096	cloud-23933	TIMEOUT	991.662899278	835.7000593970006	7094.530048	cloud-24441	TIMEOUT	991.391630944	831.7426019900004	6973.472768	cloud-23979	TIMEOUT	991.128921662	922.2588076520187	7042.166784	cloud-23980
eca-rers2012/Problem12_label02.yml	true	TIMEOUT	990.99214719	923.050925628002	6939.877376	cloud-23933	TIMEOUT	990.878951353	931.8106224350049	7014.522880	cloud-23942	TIMEOUT (ERROR (solver error, after parsing finished))	967.109653099	889.2855393760037	6933.184512	cloud-24259	TIMEOUT	990.927588645	937.0258635909995	8351.285248	cloud-23941
eca-rers2012/Problem12_label03.yml	false	TIMEOUT	992.593094864	834.5581500750013	6993.895424	cloud-24261	TIMEOUT	990.955200785	909.8539272690105	6997.536768	cloud-24643	TIMEOUT (ERROR (solver error, after parsing finished))	966.706247164	877.8675338189996	6976.253952	cloud-23933	TIMEOUT	991.048475437	925.5313942370121	7064.100864	cloud-23979
eca-rers2012/Problem12_label04.yml	true	TIMEOUT	991.29934515	891.0628054900008	7494.856704	cloud-24276	TIMEOUT	991.166752957	798.9848931099987	7020.548096	cloud-23942	TIMEOUT	991.328181444	833.4435010710004	7483.047936	cloud-23979	TIMEOUT	991.093788735	923.5035722779867	8448.679936	cloud-23938
eca-rers2012/Problem12_label05.yml	true	TIMEOUT	991.133712856	928.1492215750004	9891.803136	cloud-24276	TIMEOUT	991.090347279	925.1258299610054	7231.922176	cloud-24643	TIMEOUT (ERROR (solver error, after parsing finished))	936.63037862	858.225779458	7160.745984	cloud-23933	TIMEOUT	991.010444114	924.075438291009	7064.375296	cloud-23979
eca-rers2012/Problem12_label06.yml	false	TIMEOUT	991.043286243	901.9907473920011	8476.495872	cloud-23933	TIMEOUT	991.857520642	806.6597377769976	6909.259776	cloud-24643	TIMEOUT	991.012788472	811.8337327330009	6932.168704	cloud-23933	TIMEOUT	991.400932783	906.9119318510056	7039.217664	cloud-23982
eca-rers2012/Problem12_label07.yml	false	TIMEOUT	990.946794854	906.8580932510085	8488.120320	cloud-23942	TIMEOUT	990.989190007	779.591664758	6980.775936	cloud-23942	TIMEOUT	990.917731936	809.8457558860027	7050.932224	cloud-24259	TIMEOUT	991.11909412	920.5594687229895	7123.419136	cloud-23933
eca-rers2012/Problem12_label08.yml	false	TIMEOUT	990.998764847	912.1135301180002	6944.980992	cloud-23933	TIMEOUT	990.656734823	942.8345953759999	6908.624896	cloud-23943	ERROR (solver error, after parsing finished)	898.136793764	828.64389295	7028.932608	cloud-23979	TIMEOUT	991.150402801	927.0192423220142	7052.308480	cloud-23933
eca-rers2012/Problem12_label09.yml	true	TIMEOUT	991.337961951	891.3565973250006	8884.072448	cloud-24276	TIMEOUT	990.727609197	774.2712131470034	6897.680384	cloud-24441	TIMEOUT	991.15017448	803.9790331620025	7061.250048	cloud-23979	TIMEOUT	990.798153692	938.9266440909996	7465.017344	cloud-23943
eca-rers2012/Problem12_label10.yml	false	TIMEOUT	991.012234139	900.9187986019988	9147.072512	cloud-23933	TIMEOUT	992.414264372	742.1452989169993	6941.224960	cloud-23944	TIMEOUT	992.535621778	795.1239756499999	7494.242304	cloud-23933	TIMEOUT	991.0306069	923.4338434179954	7081.779200	cloud-23938
eca-rers2012/Problem12_label11.yml	true	TIMEOUT	991.267333192	889.3402994860007	7461.928960	cloud-23933	TIMEOUT	990.795722093	783.6266282099969	6938.763264	cloud-23942	TIMEOUT	990.781817133	775.3089127950001	7073.169408	cloud-23933	TIMEOUT	991.395985679	912.8309314630169	7231.655936	cloud-23938
eca-rers2012/Problem12_label12.yml	true	TIMEOUT	991.001430686	893.8970503640003	8697.827328	cloud-23933	TIMEOUT	990.912494664	793.3272296939977	7380.242432	cloud-24643	TIMEOUT	992.248846925	775.8102147360005	6918.856704	cloud-23944	TIMEOUT	990.701932444	941.7560415639891	7181.443072	cloud-23944
eca-rers2012/Problem12_label13.yml	false	TIMEOUT	991.158119213	881.4653110510008	7488.512000	cloud-23933	TIMEOUT	991.705238757	804.2343921360007	7072.079872	cloud-24441	TIMEOUT	992.643218966	780.6566941209967	7927.885824	cloud-24261	TIMEOUT	991.038089794	923.4812565659813	7143.297024	cloud-23980
eca-rers2012/Problem12_label14.yml	true	TIMEOUT	990.845214429	922.5781001930009	8653.103104	cloud-23941	TIMEOUT	992.43222509	795.9202149799967	7039.287296	cloud-23942	TIMEOUT	991.550312052	793.7691257279948	7399.489536	cloud-24261	TIMEOUT	991.359220103	917.81540485	8543.465472	cloud-23933
eca-rers2012/Problem12_label15.yml	true	TIMEOUT	991.669839886	830.226847164	7941.943296	cloud-23933	TIMEOUT	991.221433921	836.4114103400025	6980.923392	cloud-24444	TIMEOUT	992.631444276	817.7195610880008	7043.506176	cloud-23979	TIMEOUT	991.044841644	923.5380232299794	7955.226624	cloud-23933
eca-rers2012/Problem12_label16.yml	true	TIMEOUT	991.206614546	899.1037351179984	10171.768832	cloud-24261	TIMEOUT	991.754091704	830.7831582439976	7081.574400	cloud-24643	TIMEOUT (ERROR (solver error, after parsing finished))	941.769474172	818.145636084002	8500.203520	cloud-24261	TIMEOUT	991.142569866	922.620067116979	7092.801536	cloud-23980
eca-rers2012/Problem12_label17.yml	true	TIMEOUT	991.02447811	911.6046765930078	10456.170496	cloud-23942	TIMEOUT	991.226682458	807.5889018200105	10421.710848	cloud-23942	TIMEOUT	990.832063043	798.6179349669983	7052.570624	cloud-23939	TIMEOUT	990.981415137	936.4219096559973	7111.856128	cloud-23941
eca-rers2012/Problem12_label18.yml	true	TIMEOUT	991.15739351	885.5594487900016	7396.376576	cloud-23933	TIMEOUT	991.210986691	814.2692393709995	6992.199680	cloud-24441	TIMEOUT	991.661084444	757.176481550996	7086.997504	cloud-23979	TIMEOUT	990.98113992	926.3468337949889	7002.812416	cloud-23979
eca-rers2012/Problem12_label19.yml	false	TIMEOUT	991.268267131	881.2107582450008	7441.858560	cloud-23933	TIMEOUT	991.930896359	893.0055226290006	8304.168960	cloud-24444	TIMEOUT (ERROR (solver error, after parsing finished))	932.001507816	846.5913657259999	8235.319296	cloud-23933	TIMEOUT	990.855953401	936.6186461100006	7399.407616	cloud-23940
eca-rers2012/Problem12_label20.yml	false	TIMEOUT	991.35682712	892.3236632839998	8932.806656	cloud-23933	TIMEOUT	991.145779864	857.8678218489949	10036.826112	cloud-24643	TIMEOUT	992.823606732	848.9867478539963	7104.614400	cloud-24259	TIMEOUT	991.155993477	919.5120014549757	7091.048448	cloud-23933
eca-rers2012/Problem12_label21.yml	false	TIMEOUT	991.196074417	886.2987169210028	7422.160896	cloud-23979	TIMEOUT	991.357371455	805.6954966060002	6996.688896	cloud-24441	TIMEOUT	991.203885217	821.6187169040004	7144.501248	cloud-23979	TIMEOUT	991.031696089	928.106474433007	7419.305984	cloud-23980
eca-rers2012/Problem12_label22.yml	true	TIMEOUT	991.454907162	891.0031041959992	10566.942720	cloud-24276	TIMEOUT	991.00938235	885.889312501	7646.564352	cloud-23939	TIMEOUT (ERROR (solver error, after parsing finished))	981.369751846	862.7915002019945	10651.123712	cloud-23979	TIMEOUT	991.520612547	916.9876894770132	7793.823744	cloud-23938
eca-rers2012/Problem12_label23.yml	true	TIMEOUT	991.275142533	874.5873397279993	7454.990336	cloud-23933	TIMEOUT	991.201942607	822.7596553069961	6912.864256	cloud-24444	TIMEOUT	992.781350083	814.0925851080028	6920.667136	cloud-24261	TIMEOUT	991.050308721	913.1666686490062	7242.231808	cloud-23982
eca-rers2012/Problem12_label24.yml	true	TIMEOUT	992.632012434	824.124669386998	6955.225088	cloud-24261	TIMEOUT	991.382650033	786.0522039030038	8239.312896	cloud-24444	TIMEOUT	991.077408366	782.6688437970006	6876.340224	cloud-23979	TIMEOUT	990.997218631	935.743463597988	9325.789184	cloud-23941
eca-rers2012/Problem12_label25.yml	false	TIMEOUT	991.317651465	897.7656519440006	8689.381376	cloud-23933	TIMEOUT	992.888417094	805.4619072829955	6966.231040	cloud-24441	TIMEOUT	991.974187062	785.223453442999	9921.495040	cloud-24261	TIMEOUT	990.809038503	938.6287943009811	7181.070336	cloud-23943
eca-rers2012/Problem12_label26.yml	true	TIMEOUT	991.22399797	894.5755137720007	7458.476032	cloud-23933	TIMEOUT	992.467578384	829.1457823949968	7063.269376	cloud-24643	TIMEOUT	991.248082736	771.831493001002	7114.723328	cloud-24261	TIMEOUT	990.754154755	942.4314096939925	7443.570688	cloud-23939
eca-rers2012/Problem12_label27.yml	true	TIMEOUT	991.296642512	840.054608548	7876.349952	cloud-23979	TIMEOUT	992.183898482	792.9673224590006	8336.711680	cloud-23939	TIMEOUT	991.438640733	804.2474057840009	8351.404032	cloud-24261	TIMEOUT	990.98414769	931.1235859379813	7107.780608	cloud-23933
eca-rers2012/Problem12_label28.yml	false	TIMEOUT	991.186199816	896.3257549219998	7317.827584	cloud-23979	TIMEOUT	991.611976697	803.7320231810008	7317.082112	cloud-24444	TIMEOUT	991.112671998	803.7671995239998	7025.483776	cloud-23933	TIMEOUT	990.741801133	936.9854833800055	7011.713024	cloud-23943
eca-rers2012/Problem12_label29.yml	true	TIMEOUT	990.966721595	905.7643649060046	7528.214528	cloud-24261	TIMEOUT	992.8072713	785.2531729210023	10126.204928	cloud-24643	TIMEOUT	991.343438749	819.218627546994	7955.804160	cloud-23933	TIMEOUT	991.073898573	919.8865601720172	7351.111680	cloud-23933
eca-rers2012/Problem12_label30.yml	false	TIMEOUT	990.95645355	822.4962784310001	6959.816704	cloud-24261	TIMEOUT	991.437920164	807.4990328179993	7892.541440	cloud-23939	TIMEOUT (ERROR (solver error, after parsing finished))	987.627827022	797.7823128960008	6937.276416	cloud-23941	TIMEOUT	990.796992436	935.5945219109999	7056.392192	cloud-23940
eca-rers2012/Problem12_label31.yml	true	TIMEOUT	991.035894018	899.1192994549983	7360.090112	cloud-23979	TIMEOUT	991.495394275	798.8724369539996	7014.531072	cloud-24444	TIMEOUT	991.80505145	836.4659584660039	6939.275264	cloud-24259	TIMEOUT	990.982573195	922.5327481790155	7136.223232	cloud-23979
eca-rers2012/Problem12_label32.yml	true	TIMEOUT	991.220720147	897.8311077809922	8328.724480	cloud-24261	TIMEOUT	991.12322718	788.1596259770013	7681.990656	cloud-24444	TIMEOUT	992.439985127	833.462514203	7311.863808	cloud-23979	TIMEOUT	990.963112624	917.4587763169839	7129.210880	cloud-23979
eca-rers2012/Problem12_label33.yml	true	TIMEOUT	991.133008122	908.4321652289946	7564.247040	cloud-24261	TIMEOUT	991.135498381	806.3335287899972	7626.182656	cloud-24444	TIMEOUT	991.652272271	813.7694335769993	7390.617600	cloud-23979	TIMEOUT	990.960603375	930.816583805019	7053.459456	cloud-23933
eca-rers2012/Problem12_label34.yml	false	TIMEOUT	991.073605315	891.4549543489993	7820.091392	cloud-24276	TIMEOUT	991.203531709	895.9304896890098	8146.718720	cloud-24643	ERROR (solver error, after parsing finished)	879.913805835	788.5340506240027	8926.531584	cloud-23943	TIMEOUT	991.278147312	926.1159244239971	7044.419584	cloud-23980
eca-rers2012/Problem12_label35.yml	false	TIMEOUT	990.985875219	902.1918525379997	8011.341824	cloud-23933	TIMEOUT	991.485562343	854.5797223049958	7104.241664	cloud-24643	TIMEOUT	992.284068018	771.0561980800048	8282.533888	cloud-23944	TIMEOUT	990.944533967	926.7529768359964	7090.483200	cloud-23980
eca-rers2012/Problem12_label36.yml	true	TIMEOUT	991.359108218	838.837838075	6991.028224	cloud-24261	TIMEOUT	991.524975095	818.208455164	7075.512320	cloud-24643	TIMEOUT	991.150370627	817.9212346490021	8316.112896	cloud-24261	TIMEOUT	991.210954177	922.6261603639869	7920.594944	cloud-23982
eca-rers2012/Problem12_label37.yml	false	TIMEOUT	991.169776817	897.288440291999	8731.832320	cloud-24276	TIMEOUT	991.532070044	834.6182822289993	6979.788800	cloud-24444	TIMEOUT	991.407641641	836.048236235998	6965.383168	cloud-24259	TIMEOUT	990.866957099	938.2652073120116	7952.515072	cloud-23942
eca-rers2012/Problem12_label38.yml	false	TIMEOUT	990.947324603	903.0346035730036	7398.248448	cloud-24261	TIMEOUT	990.642442577	783.1799215999927	6971.105280	cloud-23941	TIMEOUT	990.756554604	797.140267281	7101.485056	cloud-23933	TIMEOUT	991.113977646	921.1597973610042	7123.324928	cloud-23980
eca-rers2012/Problem12_label39.yml	false	TIMEOUT	991.199597735	917.5513581849991	7233.638400	cloud-24261	TIMEOUT	991.368345648	910.0253292889975	7246.966784	cloud-24643	ERROR (solver error, after parsing finished)	862.474780629	793.2034534640043	7409.156096	cloud-23944	TIMEOUT	990.993157372	918.4838854690024	7220.404224	cloud-23980
eca-rers2012/Problem12_label40.yml	false	TIMEOUT	991.273393924	893.5878617010021	7511.830528	cloud-24261	TIMEOUT (false(unreach-call))	985.449679087	917.6070314950193	6968.147968	cloud-23942	TIMEOUT	991.275522063	888.5314446999982	7125.540864	cloud-24259	TIMEOUT	990.708664277	942.026467032003	7138.930688	cloud-23940
eca-rers2012/Problem12_label41.yml	true	TIMEOUT	991.205076588	896.5094490260008	8720.748544	cloud-23979	TIMEOUT	992.542359003	798.0232894479996	7926.788096	cloud-24441	TIMEOUT	990.963397916	793.8884705960008	7049.175040	cloud-24261	TIMEOUT	991.158995762	912.091320912994	7126.859776	cloud-23938
eca-rers2012/Problem12_label42.yml	false	TIMEOUT	991.076003469	835.6164368680002	7802.109952	cloud-23933	TIMEOUT	992.534587567	799.2154574310407	7827.640320	cloud-23943	TIMEOUT	991.31017777	804.4902010039987	7814.594560	cloud-23941	TIMEOUT	991.073381784	915.4722511410073	7163.392000	cloud-23982
eca-rers2012/Problem12_label43.yml	true	TIMEOUT	991.50158832	799.1960606810026	6990.266368	cloud-23939	TIMEOUT	990.810211666	826.7774003160011	7817.338880	cloud-23944	TIMEOUT	990.635355521	794.188219970998	7318.966272	cloud-23940	TIMEOUT	991.074892473	925.0703828879923	7115.890688	cloud-23979
eca-rers2012/Problem12_label44.yml	true	TIMEOUT	991.016694806	894.4610744829988	7500.517376	cloud-23933	TIMEOUT	992.948977769	820.2190165009997	7035.326464	cloud-24643	TIMEOUT	991.530132984	775.4008964029999	6951.325696	cloud-24261	TIMEOUT	991.248318751	920.369652430003	7166.443520	cloud-23938
eca-rers2012/Problem12_label45.yml	true	TIMEOUT	990.954962133	898.9204951379998	7536.373760	cloud-23979	TIMEOUT	991.197408859	862.0107196979952	7056.154624	cloud-24643	TIMEOUT	991.807810807	797.0769002529996	7450.275840	cloud-23944	TIMEOUT	991.004025962	925.1810794440098	7099.867136	cloud-23933
eca-rers2012/Problem12_label46.yml	true	TIMEOUT	991.737515784	829.7993682880042	7148.888064	cloud-23933	TIMEOUT	991.663878101	831.9462513149992	7013.826560	cloud-24441	TIMEOUT	991.734441864	789.5379032250057	7102.193664	cloud-23979	TIMEOUT	990.963604885	938.867285365006	7563.808768	cloud-23939
eca-rers2012/Problem12_label47.yml	true	TIMEOUT	991.443971037	895.4423294579901	7397.502976	cloud-24261	TIMEOUT	991.228380533	837.0825381399991	7993.999360	cloud-24441	TIMEOUT (ERROR (solver error, after parsing finished))	988.998421885	835.4127151249995	7845.527552	cloud-23933	TIMEOUT	990.83267615	938.1652783050085	8060.264448	cloud-23942
eca-rers2012/Problem12_label48.yml	false	TIMEOUT	990.909485565	944.3905513830105	9226.518528	cloud-23943	TIMEOUT	991.102674413	923.7014732199896	7426.347008	cloud-24441	ERROR (solver error, after parsing finished)	891.323831004	825.4186909190003	7049.289728	cloud-23979	TIMEOUT	990.98266678	936.9404769450193	8243.077120	cloud-23943
eca-rers2012/Problem12_label49.yml	true	TIMEOUT	991.432072638	812.3163419030006	6930.284544	cloud-23979	TIMEOUT	992.738504118	817.9409099699988	7400.337408	cloud-24643	TIMEOUT	990.78825158	834.81325167	6976.909312	cloud-23979	TIMEOUT	990.996722309	920.997146536014	7009.914880	cloud-23980
eca-rers2012/Problem12_label50.yml	false	TIMEOUT	991.252556011	874.3989806070003	7357.480960	cloud-23933	TIMEOUT	991.334598243	896.0603931920014	7231.381504	cloud-24444	TIMEOUT (ERROR (solver error, after parsing finished))	905.992595551	823.4175554940011	7075.995648	cloud-23979	TIMEOUT	990.961495217	927.2398587430071	7212.298240	cloud-23979
eca-rers2012/Problem12_label51.yml	false	TIMEOUT	991.503114031	821.8484711889996	7080.910848	cloud-23933	TIMEOUT	991.365790861	774.9942950549957	6976.499712	cloud-24441	TIMEOUT	990.681227756	801.8280630029985	6950.952960	cloud-24261	TIMEOUT	991.085384285	926.5483409599983	7108.771840	cloud-23982
eca-rers2012/Problem12_label52.yml	false	TIMEOUT	991.253897677	871.1161817919929	7352.737792	cloud-24261	TIMEOUT	991.947760016	839.5416858699973	7003.381760	cloud-24441	TIMEOUT (ERROR (solver error, after parsing finished))	968.255697932	792.8825388269979	7949.180928	cloud-23940	TIMEOUT	991.402310751	912.7828708419984	7989.460992	cloud-23982
eca-rers2012/Problem12_label53.yml	true	TIMEOUT	991.181031051	862.7549520909997	8124.366848	cloud-24276	TIMEOUT	991.757181893	826.1000755419991	7050.657792	cloud-24643	TIMEOUT	991.060772046	838.1459876289955	7166.398464	cloud-23933	TIMEOUT	991.094797862	928.6513995929854	7164.919808	cloud-23979
eca-rers2012/Problem12_label54.yml	true	TIMEOUT	991.28674287	825.2301809050005	7130.742784	cloud-23933	TIMEOUT	991.767159583	830.5754730699991	7057.068032	cloud-24643	TIMEOUT	991.122661143	801.7231886259979	6936.813568	cloud-23979	TIMEOUT	991.212305524	924.7782277080114	8156.168192	cloud-23979
eca-rers2012/Problem12_label55.yml	false	TIMEOUT	991.608428739	824.9600125249999	10591.932416	cloud-23979	TIMEOUT	990.518777527	815.9635929219999	6983.979008	cloud-24444	TIMEOUT	991.122193683	831.517927490997	7175.053312	cloud-23979	TIMEOUT	990.895262085	937.113930839987	8017.305600	cloud-23941
eca-rers2012/Problem12_label56.yml	true	TIMEOUT	991.108314567	924.3506811959996	6996.582400	cloud-24261	TIMEOUT	990.8880125	920.783791346	6934.614016	cloud-24444	ERROR (solver error, after parsing finished)	889.697656731	819.7359873669999	8330.420224	cloud-24261	TIMEOUT	991.105983637	919.9380078350077	7224.180736	cloud-23980
eca-rers2012/Problem12_label57.yml	true	TIMEOUT	990.830671439	919.73552186499	7545.397248	cloud-23941	TIMEOUT	991.679533397	826.2915558649984	6924.677120	cloud-24441	TIMEOUT	991.290064134	827.3694792349997	6901.788672	cloud-24261	TIMEOUT	990.983524421	912.4462833830039	7085.326336	cloud-23938
eca-rers2012/Problem12_label58.yml	true	TIMEOUT	991.321575172	871.425330101003	7454.273536	cloud-23979	TIMEOUT	991.065999807	786.8120534729969	7089.799168	cloud-23941	TIMEOUT	991.465954105	837.2889138429964	6988.869632	cloud-23933	TIMEOUT	991.110694941	913.1971896540199	7149.092864	cloud-23938
eca-rers2012/Problem12_label59.yml	true	TIMEOUT	990.972823471	905.3119316349994	7414.947840	cloud-23979	TIMEOUT	992.556424571	805.9125275550032	7062.081536	cloud-24441	TIMEOUT	991.296532196	832.0119927229971	7057.186816	cloud-23933	TIMEOUT	991.409293141	922.8668471210112	8334.737408	cloud-23933
eca-rers2012/Problem13_label00.yml	true	TIMEOUT	992.130383465	754.510464772	8924.192768	cloud-24276	TIMEOUT	992.454233703	741.2397421179921	8800.022528	cloud-24444	TIMEOUT	992.664083768	725.2457712820033	8884.781056	cloud-23942	TIMEOUT	990.975955426	921.6688418599952	8999.206912	cloud-23942
eca-rers2012/Problem13_label01.yml	true	TIMEOUT	991.051510203	733.7073795799952	8346.144768	cloud-24261	TIMEOUT	991.247700243	726.0312782820001	8566.349824	cloud-23944	TIMEOUT	991.415498898	740.0387425020017	9178.693632	cloud-23933	TIMEOUT	991.281915014	911.0937036610267	9069.371392	cloud-23933
eca-rers2012/Problem13_label02.yml	true	TIMEOUT	992.311403089	705.6357116809995	8865.308672	cloud-23979	TIMEOUT	991.796969919	681.3773944319983	9191.231488	cloud-23941	TIMEOUT	992.546564733	718.691096396	8161.894400	cloud-23933	TIMEOUT	991.406786237	911.3845519770111	9793.007616	cloud-23979
eca-rers2012/Problem13_label03.yml	true	TIMEOUT	992.118960002	714.9097303740018	8757.456896	cloud-23933	TIMEOUT	990.714276156	701.4498044429929	8356.761600	cloud-23943	TIMEOUT	992.041781821	706.8644326119975	11315.486720	cloud-23979	TIMEOUT	990.941735045	926.9415319130057	9051.541504	cloud-23939
eca-rers2012/Problem13_label04.yml	false	TIMEOUT	992.063338916	676.3502094639989	8452.046848	cloud-23941	TIMEOUT	992.467664057	676.1618366349721	8454.025216	cloud-23940	TIMEOUT	992.503363764	687.2252659469959	8786.472960	cloud-23939	TIMEOUT	991.033228743	922.4258966709895	8937.562112	cloud-23942
eca-rers2012/Problem13_label05.yml	true	TIMEOUT	991.338819239	846.3940211959998	9343.225856	cloud-24261	TIMEOUT	991.783715818	723.6662637199915	8401.149952	cloud-24441	TIMEOUT	992.701405473	728.2270483979955	8459.878400	cloud-23941	TIMEOUT	990.87627763	930.8508790250053	9110.192128	cloud-23942
eca-rers2012/Problem13_label06.yml	false	TIMEOUT	991.347522728	822.8016496029995	9353.277440	cloud-23979	TIMEOUT	992.304368433	729.3774209080002	8777.289728	cloud-23944	TIMEOUT	992.112016496	738.6066969440071	8825.688064	cloud-23942	TIMEOUT	991.127241605	911.0892655749922	8582.594560	cloud-23979
eca-rers2012/Problem13_label07.yml	false	TIMEOUT	991.247045111	731.202794664001	8864.751616	cloud-23933	TIMEOUT	992.004591659	716.9543419549955	8811.986944	cloud-23941	TIMEOUT	992.688300451	704.3402595949956	8741.957632	cloud-24261	TIMEOUT	991.313801717	889.4083385450067	8968.417280	cloud-23938
eca-rers2012/Problem13_label08.yml	true	TIMEOUT	991.351818604	699.7277130179991	8348.016640	cloud-23979	TIMEOUT	991.209010434	677.8312320709992	8417.505280	cloud-23942	TIMEOUT	992.25111166	708.4501447539988	8939.069440	cloud-24261	TIMEOUT	991.274693764	896.8651647119841	8602.931200	cloud-23982
eca-rers2012/Problem13_label09.yml	true	TIMEOUT	991.250976742	829.5974569460013	9417.994240	cloud-23979	TIMEOUT	993.006449813	727.2188906269985	8865.112064	cloud-24441	TIMEOUT	991.484134953	732.3129040579952	8412.323840	cloud-23979	TIMEOUT	991.172520665	890.0671313439962	8847.384576	cloud-23982
eca-rers2012/Problem13_label10.yml	true	TIMEOUT	991.42813645	834.5766408380005	9679.716352	cloud-24276	TIMEOUT	991.881235922	716.250251038	8656.367616	cloud-23939	TIMEOUT	992.80878362	739.0363808140028	8386.056192	cloud-23979	TIMEOUT	991.476762531	899.4657939700119	8511.897600	cloud-23933
eca-rers2012/Problem13_label11.yml	false	TIMEOUT	991.163120669	867.8694289549894	9408.741376	cloud-23942	TIMEOUT	990.503650775	727.9792197400238	8816.582656	cloud-23942	TIMEOUT	992.581893311	727.0001997650033	8785.342464	cloud-23941	TIMEOUT	990.928844774	926.6648872829974	8516.358144	cloud-23942
eca-rers2012/Problem13_label12.yml	false	TIMEOUT	991.228017869	877.1816525780014	11008.221184	cloud-23942	TIMEOUT	991.02755056	756.3911069920287	8903.192576	cloud-23942	TIMEOUT	992.092296997	697.0306675969987	8854.876160	cloud-24261	TIMEOUT	990.897307664	926.4721990620019	9081.245696	cloud-23940
eca-rers2012/Problem13_label13.yml	true	TIMEOUT	991.286204672	872.6928788650112	9760.980992	cloud-24261	TIMEOUT	991.426517344	736.6206209059892	8486.141952	cloud-24441	TIMEOUT	991.538189024	711.586989497	8778.915840	cloud-23933	TIMEOUT	990.812213777	931.0699760440039	8601.001984	cloud-23944
eca-rers2012/Problem13_label14.yml	true	TIMEOUT	991.485157254	852.1159467389998	9357.520896	cloud-24276	TIMEOUT	991.181074872	739.5166765390022	8979.701760	cloud-24441	TIMEOUT	991.202529466	718.1673126550013	8374.353920	cloud-24261	TIMEOUT	991.573103503	916.254617544997	12195.606528	cloud-23933
eca-rers2012/Problem13_label15.yml	true	TIMEOUT	991.298795379	855.1573782790074	9467.236352	cloud-24261	TIMEOUT	991.770359911	720.4293418349989	8294.907904	cloud-24441	TIMEOUT	991.567106167	754.7645177410013	8390.381568	cloud-23933	TIMEOUT	991.2613024	904.8155111569795	8299.913216	cloud-23938
eca-rers2012/Problem13_label16.yml	false	TIMEOUT	991.705245578	854.4332592739993	9073.520640	cloud-24276	TIMEOUT	992.181238977	719.6696105209994	10408.763392	cloud-23942	TIMEOUT	992.178969451	706.039328396997	8611.074048	cloud-24261	TIMEOUT	990.98620339	920.7126097650034	8630.685696	cloud-23941
eca-rers2012/Problem13_label17.yml	true	TIMEOUT	991.663262418	847.1961438069975	9372.299264	cloud-23933	TIMEOUT	991.826871854	710.6374127469608	8850.972672	cloud-23941	TIMEOUT	992.476823182	700.8113512420023	8328.175616	cloud-23943	TIMEOUT	991.542685158	893.9758059899905	9119.547392	cloud-23933
eca-rers2012/Problem13_label18.yml	true	TIMEOUT	991.670349008	847.0845214780002	9936.211968	cloud-23933	TIMEOUT	992.850425947	712.9971415970067	8298.995712	cloud-24441	TIMEOUT	991.039278863	717.6121516120038	8702.513152	cloud-24261	TIMEOUT	990.928092515	926.7700323509926	9087.897600	cloud-23943
eca-rers2012/Problem13_label19.yml	false	TIMEOUT	992.702504818	712.1088677000007	8804.446208	cloud-23933	TIMEOUT	992.708577699	714.1536103529943	8740.536320	cloud-24643	TIMEOUT	992.383084369	710.169047524003	8220.258304	cloud-24261	TIMEOUT	991.045569954	922.2305552299949	9914.073088	cloud-23939
eca-rers2012/Problem13_label20.yml	true	TIMEOUT	992.464549203	729.5874724469995	8411.914240	cloud-23979	TIMEOUT	992.938249239	717.8429025159985	8339.320832	cloud-24444	TIMEOUT	992.497299106	716.321933838	8364.769280	cloud-23979	TIMEOUT	991.513458176	893.1224229299987	8871.387136	cloud-23938
eca-rers2012/Problem13_label21.yml	false	TIMEOUT	991.167802169	703.0872103769943	8433.246208	cloud-24261	TIMEOUT	991.657909998	698.1193505999981	8403.193856	cloud-23939	TIMEOUT	991.019646323	704.9788363319967	8382.046208	cloud-24261	TIMEOUT	991.362361551	900.581896572985	8996.392960	cloud-23938
eca-rers2012/Problem13_label22.yml	true	TIMEOUT	990.668100914	714.1921788280015	8268.271616	cloud-23933	TIMEOUT	992.877685088	696.4326520549948	8724.742144	cloud-24441	TIMEOUT	992.578462893	708.3176279640029	8727.994368	cloud-23979	TIMEOUT	991.039475228	935.7970195599773	9095.204864	cloud-23941
eca-rers2012/Problem13_label23.yml	false	TIMEOUT	990.772643613	784.6337371580012	8743.092224	cloud-24276	TIMEOUT	991.451936057	779.270269718003	8977.371136	cloud-24643	TIMEOUT	991.061059162	779.9854846139933	9026.576384	cloud-24261	TIMEOUT	991.346491012	912.6236907690181	8547.442688	cloud-23933
eca-rers2012/Problem13_label24.yml	false	TIMEOUT	991.210846413	832.757582313001	8388.796416	cloud-23979	TIMEOUT	991.982873553	816.6883358590021	9007.353856	cloud-24643	TIMEOUT	991.934963163	825.435118266003	12082.253824	cloud-24261	TIMEOUT	990.849416028	929.7993591819832	9045.184512	cloud-23944
eca-rers2012/Problem13_label25.yml	false	TIMEOUT	991.637844361	807.9831333319999	9291.042816	cloud-24276	TIMEOUT	991.511850707	761.6240456509986	8929.361920	cloud-24643	TIMEOUT	992.798194825	733.2259699630013	8279.445504	cloud-23933	TIMEOUT	991.306466202	903.4844296769879	9065.902080	cloud-23980
eca-rers2012/Problem13_label26.yml	true	TIMEOUT	991.511717192	823.5213144299996	10003.886080	cloud-24276	TIMEOUT	990.516311495	719.4042302460293	8371.642368	cloud-23940	TIMEOUT	991.822941952	714.0748882089974	8769.671168	cloud-23942	TIMEOUT	991.413123221	908.3655320440012	8493.752320	cloud-23980
eca-rers2012/Problem13_label27.yml	true	TIMEOUT	991.441317439	831.5482083859988	9514.979328	cloud-24276	TIMEOUT	992.506342152	739.7776349769993	8945.242112	cloud-23940	TIMEOUT	992.549004053	733.2281711880005	8880.152576	cloud-23940	TIMEOUT	991.609099877	909.9153091279732	8989.958144	cloud-23979
eca-rers2012/Problem13_label28.yml	false	TIMEOUT	991.478639151	704.9928113670003	8808.493056	cloud-24276	TIMEOUT	992.490625948	685.913217141002	8881.176576	cloud-23940	TIMEOUT	992.862495442	731.515768643003	8393.740288	cloud-24259	TIMEOUT	991.645142311	893.3410952619743	8906.051584	cloud-23938
eca-rers2012/Problem13_label29.yml	false	TIMEOUT	991.430141295	842.6687441649992	9370.157056	cloud-23979	TIMEOUT	992.83857941	734.5490091859974	8752.570368	cloud-24441	TIMEOUT	992.052734782	708.1963899439997	8616.685568	cloud-23939	TIMEOUT	991.286301139	912.9275428359979	9001.496576	cloud-23979
eca-rers2012/Problem13_label30.yml	false	TIMEOUT	991.544797152	828.9093129180001	11641.421824	cloud-23979	TIMEOUT	992.560271531	752.8716286959971	8819.298304	cloud-24441	TIMEOUT	992.122371282	710.9741092289987	8790.777856	cloud-23939	TIMEOUT	990.854028454	932.0191644290171	8998.825984	cloud-23942
eca-rers2012/Problem13_label31.yml	true	TIMEOUT	990.98598239	884.6569113899895	9138.651136	cloud-23943	TIMEOUT	992.507997154	733.8533152419986	8389.259264	cloud-24444	TIMEOUT	992.598910692	736.7221203209992	8318.357504	cloud-24261	TIMEOUT	991.54237287	903.5246787650103	8568.119296	cloud-23938
eca-rers2012/Problem13_label32.yml	false	TIMEOUT	991.404790416	857.3435587459971	9725.407232	cloud-23979	TIMEOUT	990.993848409	685.9867373000016	8415.592448	cloud-24444	TIMEOUT	992.223161689	712.4277182990045	9135.747072	cloud-23942	TIMEOUT	991.502439565	901.7769167300139	8931.422208	cloud-23980
eca-rers2012/Problem13_label33.yml	true	TIMEOUT	991.336924574	864.0085620909995	9338.068992	cloud-23933	TIMEOUT	990.995309555	711.4055078030069	8738.922496	cloud-24444	TIMEOUT	991.396114465	712.2949928180024	8300.523520	cloud-24261	TIMEOUT	991.332969176	905.2103631200152	8446.472192	cloud-23979
eca-rers2012/Problem13_label34.yml	true	TIMEOUT	991.559418008	858.72457201	9325.891584	cloud-23933	TIMEOUT	992.35139697	706.1442342329974	8233.267200	cloud-24441	TIMEOUT	991.00352042	723.0478096450024	8340.598784	cloud-24261	TIMEOUT	991.785077824	892.1265102379839	8720.416768	cloud-23938
eca-rers2012/Problem13_label35.yml	false	TIMEOUT	991.083276527	880.867625407991	9445.789696	cloud-23939	TIMEOUT	990.558908944	706.5540658989921	8747.888640	cloud-23940	TIMEOUT	992.417440504	724.8707666750015	8811.556864	cloud-24261	TIMEOUT	991.001913716	922.9590155069891	9057.894400	cloud-23941
eca-rers2012/Problem13_label36.yml	false	TIMEOUT	991.317898401	870.8094499910003	9652.088832	cloud-23979	TIMEOUT	991.780121147	716.2989592279773	8827.994112	cloud-23942	TIMEOUT	991.288998797	759.0061366310038	8566.341632	cloud-23933	TIMEOUT	990.91752823	925.8438375620171	8660.905984	cloud-23942
eca-rers2012/Problem13_label37.yml	true	TIMEOUT	991.376025784	870.0844170720011	9411.104768	cloud-24276	TIMEOUT	991.179983675	713.8091034590034	8302.907392	cloud-24441	TIMEOUT	991.266155652	773.081237532002	8816.418816	cloud-23933	TIMEOUT	991.686683648	892.9986931919993	8660.254720	cloud-23982
eca-rers2012/Problem13_label38.yml	true	TIMEOUT	991.232160564	866.1435208660005	9445.515264	cloud-23979	TIMEOUT	991.006479873	900.510213867994	9087.864832	cloud-23944	TIMEOUT	991.683479225	709.5387458100013	8461.111296	cloud-24261	TIMEOUT	991.388791746	912.8401104620134	8373.608448	cloud-23933
eca-rers2012/Problem13_label39.yml	true	TIMEOUT	991.66749591	824.6224909480079	9352.650752	cloud-24261	TIMEOUT	991.933303004	794.1214874699945	8727.478272	cloud-24643	TIMEOUT	990.863350551	800.6625965130006	8516.849664	cloud-23941	TIMEOUT	991.413359685	903.1800538060197	8620.986368	cloud-23933
eca-rers2012/Problem13_label40.yml	false	TIMEOUT	991.288164886	860.0837931740007	9428.135936	cloud-24276	TIMEOUT	991.801722636	726.0532260430045	8926.625792	cloud-24444	TIMEOUT	991.204102447	744.7964860360007	8398.938112	cloud-24261	TIMEOUT	991.225278738	905.4320188449929	8829.009920	cloud-23980
eca-rers2012/Problem13_label41.yml	true	TIMEOUT	991.915654501	730.2225328399945	8896.589824	cloud-24261	TIMEOUT	991.972655488	772.3124327890109	8917.536768	cloud-23944	TIMEOUT	991.676851423	732.448667992001	8341.970944	cloud-23940	TIMEOUT	990.963634134	923.4979858479928	9084.936192	cloud-23941
eca-rers2012/Problem13_label42.yml	true	TIMEOUT	991.272613858	850.4101044609997	8999.546880	cloud-24261	TIMEOUT	991.379675774	726.0921211059995	8803.524608	cloud-24444	TIMEOUT	990.723422485	714.6015103690006	8805.441536	cloud-23942	TIMEOUT	990.82434974	931.044209515996	8548.507648	cloud-23944
eca-rers2012/Problem13_label43.yml	false	TIMEOUT	991.140844943	912.3046987719863	9536.675840	cloud-24261	TIMEOUT	990.868667168	810.7777668069994	8313.790464	cloud-23941	TIMEOUT	991.675582397	820.4703173989983	11955.634176	cloud-23939	TIMEOUT	990.966584579	924.2952853949973	8991.039488	cloud-23942
eca-rers2012/Problem13_label44.yml	false	TIMEOUT	990.825531747	834.7152195340004	8443.326464	cloud-23933	TIMEOUT	991.187262756	854.0428502249997	8446.091264	cloud-23940	TIMEOUT	991.1976879	809.0932943649996	8441.589760	cloud-23979	TIMEOUT	991.531976319	913.1507800389954	8932.298752	cloud-23980
eca-rers2012/Problem13_label45.yml	false	TIMEOUT	991.221041601	872.8784736789967	8971.739136	cloud-24261	TIMEOUT	992.535714494	735.6561091790063	8411.377664	cloud-24444	TIMEOUT	991.601667562	745.8369215540006	8400.904192	cloud-23979	TIMEOUT	990.921759218	927.6948423100112	9121.636352	cloud-23943
eca-rers2012/Problem13_label46.yml	true	TIMEOUT	992.196202955	724.5181006929997	8381.915136	cloud-24276	TIMEOUT	992.867126511	742.6805211650062	10832.150528	cloud-24643	TIMEOUT	991.770602514	702.4919668669972	8008.904704	cloud-24261	TIMEOUT	991.584074435	892.4980587309983	8576.155648	cloud-23982
eca-rers2012/Problem13_label47.yml	true	TIMEOUT	992.678504336	707.9969083039905	8789.069824	cloud-24261	TIMEOUT	991.068831187	703.2159223110002	8296.726528	cloud-24441	TIMEOUT	991.47600423	715.7734442429974	8425.693184	cloud-24261	TIMEOUT	991.403994781	910.354009267001	8935.092224	cloud-23979
eca-rers2012/Problem13_label48.yml	false	TIMEOUT	991.634294107	726.9679768970091	9557.389312	cloud-24261	TIMEOUT	992.513946238	719.7399571089918	8411.058176	cloud-24444	TIMEOUT	992.494415907	717.2672034410061	8791.449600	cloud-23939	TIMEOUT	991.361504336	886.0152329620032	8502.435840	cloud-23982
eca-rers2012/Problem13_label49.yml	true	TIMEOUT	991.381656555	865.1117571439972	9752.117248	cloud-24276	TIMEOUT	992.576227563	709.2000623649999	8399.982592	cloud-24441	TIMEOUT	992.540626696	716.0843092040013	9253.969920	cloud-23940	TIMEOUT	990.933635575	922.7210307030182	8674.504704	cloud-23943
eca-rers2012/Problem13_label50.yml	true	TIMEOUT	991.288120761	867.1452888189997	9312.301056	cloud-23933	TIMEOUT	991.651387408	812.5694559159892	8484.933632	cloud-24643	TIMEOUT	991.467489673	818.4999135090038	8427.495424	cloud-23979	TIMEOUT	991.361064007	904.3976149069786	9338.179584	cloud-23980
eca-rers2012/Problem13_label51.yml	false	TIMEOUT	991.395610787	850.870416916001	9336.647680	cloud-24276	TIMEOUT	991.849110925	772.9507541389976	8447.668224	cloud-24444	TIMEOUT	991.418023861	831.0292246470017	8470.908928	cloud-24261	TIMEOUT	991.460539619	903.2627667679917	8965.926912	cloud-23933
eca-rers2012/Problem13_label52.yml	true	TIMEOUT	990.943215672	732.6328129600006	8808.718336	cloud-23939	TIMEOUT	991.868378886	726.6357229290006	8401.145856	cloud-24444	TIMEOUT	992.514580168	733.1510304429976	8761.851904	cloud-23943	TIMEOUT	991.10993552	923.2186562019924	8926.105600	cloud-23942
eca-rers2012/Problem13_label53.yml	true	TIMEOUT	991.293247386	837.2234888739986	9478.877184	cloud-23933	TIMEOUT	991.152830396	719.4476053850085	8441.585664	cloud-23940	TIMEOUT	990.688293142	724.273725687	8679.743488	cloud-23933	TIMEOUT	990.957733513	923.9033742710017	9099.276288	cloud-23943
eca-rers2012/Problem13_label54.yml	false	TIMEOUT	991.413152787	852.6317908510009	9361.502208	cloud-24276	TIMEOUT	991.434631992	706.06879337196	8908.877824	cloud-23939	TIMEOUT	991.291069778	727.1864997609991	8816.689152	cloud-24261	TIMEOUT	991.830904132	888.271375381999	8924.119040	cloud-23938
eca-rers2012/Problem13_label55.yml	true	TIMEOUT	991.682415154	728.1322013419995	8402.092032	cloud-24261	TIMEOUT	991.299055859	715.8861420870089	8466.251776	cloud-24441	TIMEOUT	992.584572623	735.939407555	8765.337600	cloud-23933	TIMEOUT	991.436755219	903.8840323940094	9046.568960	cloud-23980
eca-rers2012/Problem13_label56.yml	true	TIMEOUT	992.322201321	709.093270131998	8845.144064	cloud-23942	TIMEOUT	991.307702774	700.8344180429995	8395.034624	cloud-24444	TIMEOUT	992.125901755	716.4639794639952	8796.282880	cloud-23941	TIMEOUT	990.94508397	925.9801776650129	8961.486848	cloud-23940
eca-rers2012/Problem13_label57.yml	true	TIMEOUT	991.589099341	843.6546784929997	9295.282176	cloud-23933	TIMEOUT	990.833612297	744.2407508940014	9036.898304	cloud-24643	TIMEOUT	992.51417797	714.4099817739989	8446.971904	cloud-23979	TIMEOUT	991.665433585	893.6553035720135	8929.501184	cloud-23982
eca-rers2012/Problem13_label58.yml	false	TIMEOUT	991.301339508	773.9638044829917	9282.236416	cloud-23941	TIMEOUT	990.977111791	920.240593333001	8612.491264	cloud-24444	TIMEOUT	990.588936453	739.1033109889977	8810.684416	cloud-23939	TIMEOUT	990.99220808	924.6451547110046	8500.256768	cloud-23941
eca-rers2012/Problem13_label59.yml	true	TIMEOUT	991.11263333	731.4942281220001	8312.004608	cloud-23979	TIMEOUT	990.759570139	702.5322215789929	8350.932992	cloud-23941	TIMEOUT	990.895212494	727.9843786139973	9243.738112	cloud-23933	TIMEOUT	990.939366541	926.077452269994	8636.026880	cloud-23943
eca-rers2012/Problem14_label00.yml	true	true	176.127881388	141.78007475699997	1561.800704	cloud-23979	true	172.740182104	141.3192241939978	1670.205440	cloud-24643	true	171.579695633	142.32888474399988	1578.979328	cloud-23979	TIMEOUT	990.405049075	964.3312057729927	1782.247424	cloud-23980
eca-rers2012/Problem14_label01.yml	true	TIMEOUT (ERROR (inner timeout, after parsing finished))	986.590378735	943.8920793090001	1776.386048	cloud-24261	true	230.034308443	195.04357334999804	1508.888576	cloud-24643	true	218.68190031	182.48772300100245	1623.252992	cloud-23979	TIMEOUT	990.441186209	962.6842031419801	1691.234304	cloud-23980
eca-rers2012/Problem14_label02.yml	false	TIMEOUT	990.347169258	943.1901809179981	2098.688000	cloud-23979	TIMEOUT	990.219894995	938.5847675150017	1780.461568	cloud-24441	ERROR (solver error, after parsing finished)	763.39783555	725.4889962219968	1645.535232	cloud-23979	TIMEOUT	990.3940843	960.6384639699827	1574.666240	cloud-23980
eca-rers2012/Problem14_label03.yml	true	TIMEOUT (ERROR (inner timeout, after parsing finished))	980.170072225	941.3479498580018	1931.411456	cloud-23979	true	233.019666835	199.75166361100128	1837.457408	cloud-24643	true	165.577540296	141.84815671599972	1778.028544	cloud-23943	TIMEOUT	990.479827638	964.6064269950148	1740.259328	cloud-23980
eca-rers2012/Problem14_label04.yml	true	TIMEOUT	990.511462654	940.846364084	1741.910016	cloud-24261	TIMEOUT	990.82815311	942.965182093998	1788.289024	cloud-24643	ERROR (solver error, after parsing finished)	758.740607796	725.7628638989991	1754.169344	cloud-23979	TIMEOUT	990.389078275	962.9940533699992	1722.646528	cloud-23980
eca-rers2012/Problem14_label05.yml	true	true	270.253405114	234.83590713900048	1592.209408	cloud-24261	true	237.262683405	203.193524024	1785.544704	cloud-24441	true	291.135436926	253.37812245499936	1785.778176	cloud-23933	TIMEOUT	990.393816176	953.6880486650043	1552.777216	cloud-23982
eca-rers2012/Problem14_label06.yml	true	true	174.645894136	143.76223301699974	1602.990080	cloud-24261	true	194.32187097	154.48482233899995	1815.601152	cloud-24444	true	215.542633034	174.20701621899934	1507.913728	cloud-23933	TIMEOUT	990.472758034	961.4422857119935	1730.097152	cloud-23979
eca-rers2012/Problem14_label07.yml	true	true	193.24629329	159.9243960290005	1772.838912	cloud-23979	true	203.891265227	170.56458520799788	1511.563264	cloud-24643	true	186.423613511	153.50184413399984	1752.363008	cloud-23979	TIMEOUT	990.527547167	958.7890592839976	1667.751936	cloud-23933
eca-rers2012/Problem14_label08.yml	false	false(unreach-call)	427.641253647	383.63357316099996	2194.505728	cloud-24261	false(unreach-call)	461.937713757	416.52976102699904	2088.288256	cloud-24643	ERROR (solver error, after parsing finished)	767.120948359	729.9875026050004	1450.373120	cloud-23933	TIMEOUT	990.387620517	957.5570509450044	1459.458048	cloud-23982
eca-rers2012/Problem14_label09.yml	true	TIMEOUT	991.251600867	947.2544593740022	1590.284288	cloud-24261	TIMEOUT	990.768249044	942.4247599930004	2017.611776	cloud-24441	ERROR (solver error, after parsing finished)	752.726426015	723.7944368349997	1470.902272	cloud-23979	TIMEOUT	990.442473358	963.978804554994	1618.857984	cloud-23979
eca-rers2012/Problem14_label10.yml	false	false(unreach-call)	529.272961293	485.6631678719996	2002.874368	cloud-24261	false(unreach-call)	569.638585322	524.9487609279968	2331.086848	cloud-24643	false(unreach-call)	515.603708893	472.59396183100034	1989.509120	cloud-23979	TIMEOUT	990.344317692	967.6876895769965	1611.915264	cloud-23980
eca-rers2012/Problem14_label11.yml	false	TIMEOUT	991.136752259	944.3630744590009	1657.319424	cloud-23979	false(unreach-call)	262.799131236	221.3177287510007	1918.275584	cloud-24643	false(unreach-call)	205.734677118	172.03220367399626	2157.273088	cloud-23944	TIMEOUT	990.478467551	959.103998770006	1664.618496	cloud-23982
eca-rers2012/Problem14_label12.yml	false	TIMEOUT	991.004929709	939.8846423340001	2075.295744	cloud-24261	TIMEOUT	990.507818944	942.9993801289966	1599.881216	cloud-24643	ERROR (solver error, after parsing finished)	760.882182619	726.550017965	1438.904320	cloud-23979	TIMEOUT	990.300807141	969.6953920980159	1558.085632	cloud-23944
eca-rers2012/Problem14_label13.yml	false	false(unreach-call)	245.735221663	204.38962504600022	2187.251712	cloud-24261	false(unreach-call)	268.805751516	224.76585575699937	1902.313472	cloud-24441	false(unreach-call)	239.142974547	198.98931125100034	2052.165632	cloud-23979	TIMEOUT	990.521773106	960.8370562980126	1741.516800	cloud-23933
eca-rers2012/Problem14_label14.yml	false	TIMEOUT	990.892490478	941.9785651769998	2094.272512	cloud-23933	TIMEOUT	990.508944267	937.2048851580003	1614.135296	cloud-24441	ERROR (solver error, after parsing finished)	778.679992499	737.273022115005	1509.466112	cloud-23933	TIMEOUT	990.475452853	961.1369483130111	1600.991232	cloud-23933
eca-rers2012/Problem14_label15.yml	true	true	219.950004051	179.314528031	1728.708608	cloud-23933	true	223.152242437	184.18631118899793	1550.307328	cloud-24643	true	221.78757091	184.79600417599795	1492.074496	cloud-23933	TIMEOUT	990.409013179	959.3221928800049	1578.528768	cloud-23982
eca-rers2012/Problem14_label16.yml	true	true	210.914667567	176.43085064499974	1511.784448	cloud-23933	true	200.867994868	167.5283940650006	1621.745664	cloud-24643	true	223.89023949	186.2296588340032	1715.929088	cloud-24259	TIMEOUT	990.501627328	961.9176059380115	1691.750400	cloud-23979
eca-rers2012/Problem14_label17.yml	true	true	193.490352891	158.92206781099958	1451.745280	cloud-24261	true	206.216318718	169.6753817050003	1480.396800	cloud-24441	true	227.549227926	188.34274578400073	1601.122304	cloud-24259	TIMEOUT	990.430663268	960.9946875380119	1643.556864	cloud-23979
eca-rers2012/Problem14_label18.yml	false	false(unreach-call)	404.544225753	354.93757463600014	2229.329920	cloud-23933	false(unreach-call)	344.982033152	301.75113938999857	2097.938432	cloud-24441	false(unreach-call)	327.25291126	285.11139860200274	2052.120576	cloud-23979	TIMEOUT	990.437190975	961.2789239289996	1755.619328	cloud-23982
eca-rers2012/Problem14_label19.yml	true	true	134.852688241	103.24720919000174	1516.982272	cloud-23933	true	135.712469919	102.31379691199982	1601.871872	cloud-24441	true	101.892069722	77.65465378599765	1456.300032	cloud-23944	TIMEOUT	990.455630082	960.5800439729937	1650.446336	cloud-23979
eca-rers2012/Problem14_label20.yml	true	true	116.162020031	87.52380576999713	1511.837696	cloud-24261	true	130.177903092	98.9025829950042	1357.553664	cloud-24643	true	144.125575421	110.13429023000208	1426.845696	cloud-23933	TIMEOUT	990.455163964	963.5348896079813	1892.675584	cloud-23933
eca-rers2012/Problem14_label21.yml	true	true	119.950988776	90.9553396880001	1647.767552	cloud-24261	true	120.463576112	91.83766671400008	1902.628864	cloud-24643	true	149.712446823	112.89660584300145	1687.650304	cloud-24259	TIMEOUT	990.470016835	961.896931012976	1645.408256	cloud-23933
eca-rers2012/Problem14_label22.yml	false	false(unreach-call)	333.312338187	286.570997924995	2134.130688	cloud-23933	false(unreach-call)	307.84565997	264.31675210100366	2153.467904	cloud-24444	false(unreach-call)	361.770919636	318.45458507999865	2193.764352	cloud-24259	TIMEOUT	990.294766064	970.1106065670028	1643.786240	cloud-23944
eca-rers2012/Problem14_label23.yml	true	true	138.429475732	102.8141483899999	1497.309184	cloud-23933	true	129.19976911	99.08636505600589	1577.369600	cloud-24441	true	127.094491193	97.58854629300004	1501.106176	cloud-23979	TIMEOUT	990.601415666	958.1427006380109	1670.193152	cloud-23982
eca-rers2012/Problem14_label24.yml	true	true	211.195040006	171.91065288299978	1541.304320	cloud-23933	true	195.309674478	157.6691891949995	1984.245760	cloud-24444	true	170.473126228	138.06711606499812	1512.017920	cloud-23979	TIMEOUT	990.381715873	966.6803640740109	1478.643712	cloud-23980
eca-rers2012/Problem14_label25.yml	true	true	135.63417253	102.47485607800081	1678.172160	cloud-24261	true	134.95142594	106.09406052400027	1771.790336	cloud-24643	true	153.801230745	116.03890704100195	1921.671168	cloud-24259	TIMEOUT	990.437360503	960.0746404659876	1538.142208	cloud-23933
eca-rers2012/Problem14_label26.yml	true	true	176.362458946	145.5738137999997	1648.029696	cloud-24261	true	204.906210757	168.44295887299813	1632.067584	cloud-24643	true	219.21760907	179.85786758699396	1502.986240	cloud-24259	TIMEOUT	990.455247295	958.0652313579922	1724.518400	cloud-23938
eca-rers2012/Problem14_label27.yml	false	TIMEOUT	990.638643157	943.8171375109996	1685.696512	cloud-23979	TIMEOUT	991.115167712	947.6044493469963	1881.833472	cloud-24643	ERROR (solver error, after parsing finished)	766.121835715	729.2287020310032	1747.865600	cloud-24259	TIMEOUT	990.453869697	956.6226181240054	1528.573952	cloud-23938
eca-rers2012/Problem14_label28.yml	false	TIMEOUT	991.176425512	946.7840019390005	1456.263168	cloud-23979	false(unreach-call)	424.541875905	379.20257414399384	2156.318720	cloud-24441	false(unreach-call)	466.402166478	422.39980758399906	2110.406656	cloud-24259	TIMEOUT	990.440671538	955.6438967279973	1684.131840	cloud-23982
eca-rers2012/Problem14_label29.yml	false	TIMEOUT	991.237585418	945.7083700609983	1631.666176	cloud-23979	false(unreach-call)	302.653923501	253.845263745	1942.564864	cloud-24441	false(unreach-call)	309.221497831	264.64117605200227	2082.500608	cloud-23933	TIMEOUT	990.468809624	961.8817555290007	1597.607936	cloud-23979
eca-rers2012/Problem14_label30.yml	true	true	130.901616659	101.95083072300258	1787.940864	cloud-23979	true	138.684592025	104.61453673000506	1634.615296	cloud-24444	true	156.974418466	119.28666233900003	1705.566208	cloud-23933	TIMEOUT	990.479002074	959.5825670640043	1714.847744	cloud-23938
eca-rers2012/Problem14_label31.yml	false	false(unreach-call)	210.233906237	172.2324558149994	2165.223424	cloud-24261	false(unreach-call)	246.66508771	202.47980003800058	2178.138112	cloud-24441	false(unreach-call)	228.970451887	190.16383602399947	2065.809408	cloud-23979	TIMEOUT	990.378340918	961.7833887909946	1606.438912	cloud-23980
eca-rers2012/Problem14_label32.yml	true	true	173.128992829	139.15155494800274	1479.188480	cloud-24261	true	180.436895439	144.5535130600001	1552.838656	cloud-24643	true	192.370384908	156.87238821699793	1697.558528	cloud-24259	TIMEOUT	990.399900445	962.7068383040023	1606.619136	cloud-23979
eca-rers2012/Problem14_label33.yml	true	true	166.44668792	132.75132098199902	1572.306944	cloud-24261	true	175.999889905	141.62090643299962	1495.977984	cloud-24643	true	183.334119977	149.90049669099972	1515.352064	cloud-23933	TIMEOUT	990.441700344	959.5326019760105	1665.650688	cloud-23933
eca-rers2012/Problem14_label34.yml	false	false(unreach-call)	260.923174915	221.08655601300006	2332.962816	cloud-24261	false(unreach-call)	344.589851925	298.6568759940019	2157.633536	cloud-24444	false(unreach-call)	272.921396968	232.05825401999937	2061.250560	cloud-23979	TIMEOUT	990.445019687	958.0081206590112	1647.386624	cloud-23933
eca-rers2012/Problem14_label35.yml	true	true	200.903322833	165.83411389100002	1870.299136	cloud-23979	true	159.294128254	130.59478950399352	1756.667904	cloud-23940	true	229.873510878	190.97017881200009	1696.051200	cloud-23933	TIMEOUT	990.494130892	962.5549912439892	1771.053056	cloud-23933
eca-rers2012/Problem14_label36.yml	true	true	190.000064877	155.25124025100013	1586.925568	cloud-24261	true	199.737525322	161.63470889299788	1525.174272	cloud-24441	true	171.10837941	140.61713835800037	1503.416320	cloud-23979	TIMEOUT	990.483013096	961.6520036770089	1573.777408	cloud-23933
eca-rers2012/Problem14_label37.yml	false	false(unreach-call)	445.464636914	397.59417046300223	2083.688448	cloud-23933	false(unreach-call)	418.622789225	370.37490779699874	2074.017792	cloud-24441	false(unreach-call)	570.777744647	524.1938873920008	2206.605312	cloud-23933	TIMEOUT	990.47395509	962.1069897930138	1688.072192	cloud-23979
eca-rers2012/Problem14_label38.yml	true	true	210.753019309	171.0452155669991	1730.043904	cloud-23933	true	154.355195251	128.50323283599573	1454.399488	cloud-23941	true	228.848810837	186.3154019270005	1749.819392	cloud-24259	TIMEOUT	990.472758033	956.4332409199851	1749.094400	cloud-23938
eca-rers2012/Problem14_label39.yml	false	false(unreach-call)	230.595507166	189.61004860699904	2149.629952	cloud-24261	false(unreach-call)	273.900454672	231.44634454300103	2121.367552	cloud-24441	false(unreach-call)	246.887557358	204.15238497399696	2081.935360	cloud-23979	TIMEOUT	990.524529578	963.9074294680031	1897.893888	cloud-23933
eca-rers2012/Problem14_label40.yml	false	false(unreach-call)	270.830931699	226.8689147490004	1884.798976	cloud-24261	false(unreach-call)	292.581825686	247.90101478400175	2382.905344	cloud-24441	false(unreach-call)	296.466949685	249.17274470599932	2232.672256	cloud-23933	TIMEOUT	990.565853552	957.2176594469929	1670.225920	cloud-23938
eca-rers2012/Problem14_label41.yml	false	false(unreach-call)	410.929228355	370.44150570700003	2302.513152	cloud-23979	false(unreach-call)	422.939481625	373.4561042940004	2098.876416	cloud-24444	false(unreach-call)	455.617791588	407.8904197459997	2146.336768	cloud-24259	TIMEOUT	990.512969445	964.6157621929888	1594.355712	cloud-23933
eca-rers2012/Problem14_label42.yml	true	true	108.851637782	86.53864059300031	1487.622144	cloud-23943	true	153.610817549	117.05909718800103	1427.226624	cloud-24444	true	162.544713529	129.27060173300197	1472.233472	cloud-24259	TIMEOUT	990.471775609	957.7036839460197	1519.980544	cloud-23938
eca-rers2012/Problem14_label43.yml	false	false(unreach-call)	347.104667086	299.60247613200045	2285.203456	cloud-23933	false(unreach-call)	376.730779097	331.78146300200024	2201.194496	cloud-24643	false(unreach-call)	405.972486809	363.58404935	2160.177152	cloud-23979	TIMEOUT	990.369150768	961.4538849809906	1596.432384	cloud-23982
eca-rers2012/Problem14_label44.yml	false	false(unreach-call)	425.85602325	380.31353391000084	2184.667136	cloud-23979	false(unreach-call)	423.14354299	376.59451243099966	2381.778944	cloud-24444	false(unreach-call)	473.595574783	425.5043295180003	2088.939520	cloud-23933	TIMEOUT	990.356562459	958.9730515999836	1561.739264	cloud-23982
eca-rers2012/Problem14_label45.yml	true	TIMEOUT	990.782864648	870.9173163230007	2510.438400	cloud-24261	TIMEOUT	991.220219798	947.6252635740002	1842.110464	cloud-24643	ERROR (solver error, after parsing finished)	770.287377663	729.2493855089997	1730.031616	cloud-23933	TIMEOUT	990.423264921	959.7138094640104	1730.674688	cloud-23982
eca-rers2012/Problem14_label46.yml	true	TIMEOUT	991.157614667	948.4724133269992	1701.347328	cloud-23979	TIMEOUT	991.239350057	939.877784010001	2075.697152	cloud-24441	ERROR (solver error, after parsing finished)	763.39476435	728.5903578110001	1661.628416	cloud-23933	TIMEOUT	990.419263395	959.4992806999944	1698.381824	cloud-23982
eca-rers2012/Problem14_label47.yml	true	true	223.790856861	186.0965761189982	1499.045888	cloud-23933	true	230.76048151	192.27055772000313	1470.337024	cloud-24441	true	209.306612779	174.8356181529998	1559.080960	cloud-23979	TIMEOUT	990.435145803	958.4030377409945	1389.150208	cloud-23982
eca-rers2012/Problem14_label48.yml	true	TIMEOUT	991.135595803	946.7095608620002	2023.694336	cloud-24261	TIMEOUT	991.067390495	940.2649961670031	1635.397632	cloud-24444	ERROR (solver error, after parsing finished)	753.087054884	721.8234641399977	1489.969152	cloud-23944	TIMEOUT	990.425411902	960.8349814419926	1665.622016	cloud-23979
eca-rers2012/Problem14_label49.yml	true	true	248.799894695	209.60544747600215	1607.340032	cloud-23933	true	195.6237759	165.59504643400214	1685.909504	cloud-24643	true	245.807050151	207.8290266719996	1733.300224	cloud-24259	TIMEOUT	990.432873448	962.4143072029983	1589.293056	cloud-23980
eca-rers2012/Problem14_label50.yml	true	true	580.815181583	544.572560605	1631.739904	cloud-23979	true	613.357879559	566.4101839949999	1567.592448	cloud-24441	true	648.487691351	604.1373469869941	1803.354112	cloud-23933	TIMEOUT	990.413760094	960.0599929959862	1482.092544	cloud-23982
eca-rers2012/Problem14_label51.yml	true	TIMEOUT	991.223377253	937.7237298	1633.808384	cloud-23933	TIMEOUT	991.521915572	938.2855090199992	1644.343296	cloud-24444	ERROR (solver error, after parsing finished)	776.182800234	736.9019585459973	1541.382144	cloud-23933	TIMEOUT	990.486914555	956.3500496229972	1754.914816	cloud-23938
eca-rers2012/Problem14_label52.yml	false	false(unreach-call)	358.326650516	311.98272540900143	2099.261440	cloud-23933	false(unreach-call)	358.41013568	311.8125140600023	2145.873920	cloud-24643	false(unreach-call)	348.445638283	305.3442383540005	2010.152960	cloud-23979	TIMEOUT	990.432321174	954.6242948079889	1659.662336	cloud-23982
eca-rers2012/Problem14_label53.yml	true	TIMEOUT	991.209754048	944.5157662710008	2025.164800	cloud-24261	TIMEOUT	991.083162884	947.4374819639997	1574.563840	cloud-24643	ERROR (solver error, after parsing finished)	780.189117457	736.7003667889949	1725.591552	cloud-24259	TIMEOUT	990.468034036	955.7979843389767	1587.892224	cloud-23982
eca-rers2012/Problem14_label54.yml	false	false(unreach-call)	397.77558478	355.8239415629996	2338.234368	cloud-23979	TIMEOUT	991.138700199	939.3364807240005	1520.984064	cloud-24444	false(unreach-call)	416.314625536	371.9121756930035	2449.215488	cloud-24259	TIMEOUT	990.434586074	962.1891201699909	1470.164992	cloud-23980
eca-rers2012/Problem14_label55.yml	true	true	443.077524696	406.34662622699943	1431.715840	cloud-24261	true	370.791693089	337.12474079302046	1354.903552	cloud-23944	true	484.683262491	449.98450848400034	1630.441472	cloud-23979	TIMEOUT	990.442489921	963.0632316349947	1613.344768	cloud-23979
eca-rers2012/Problem14_label56.yml	false	false(unreach-call)	272.949960274	228.54242075099955	2198.507520	cloud-24261	false(unreach-call)	255.848448609	212.64704569700552	2315.993088	cloud-24441	false(unreach-call)	299.079342314	250.00013964299978	1926.692864	cloud-23933	TIMEOUT	990.503897669	961.2151256600046	1528.307712	cloud-23933
eca-rers2012/Problem14_label57.yml	false	TIMEOUT	990.611756971	942.933290979	1837.838336	cloud-24261	false(unreach-call)	252.863645505	207.07866462500533	2078.507008	cloud-24441	false(unreach-call)	282.269443206	235.11247844199534	1938.755584	cloud-24259	TIMEOUT	990.500909132	964.413083210995	1882.513408	cloud-23933
eca-rers2012/Problem14_label58.yml	false	TIMEOUT	991.107018956	946.9233255539984	1650.143232	cloud-23979	TIMEOUT	991.130346099	938.9405005330009	1798.774784	cloud-24441	ERROR (solver error, after parsing finished)	769.623033855	730.0079943200035	1484.910592	cloud-23933	TIMEOUT	990.452828021	962.7178364139982	1866.563584	cloud-23933
eca-rers2012/Problem14_label59.yml	true	true	176.828971006	142.62852377500167	1778.835456	cloud-23979	true	199.522241371	159.55084457400153	1607.786496	cloud-24441	true	158.762144643	125.96492811100325	1665.339392	cloud-23979	TIMEOUT	990.364494829	966.2609315750015	1526.685696	cloud-23941
eca-rers2012/Problem15_label00.yml	false	TIMEOUT	990.734965822	934.3296093499994	3596.853248	cloud-23933	TIMEOUT	990.903878794	928.1474276989975	3805.138944	cloud-24441	ERROR (solver error, after parsing finished)	861.5111302	799.1324106100001	4367.532032	cloud-23933	TIMEOUT	990.780066645	947.9924985080143	4496.175104	cloud-23979
eca-rers2012/Problem15_label01.yml	true	TIMEOUT	990.861566518	912.9091564740011	4631.724032	cloud-23933	TIMEOUT	990.789508021	934.5903310689973	4322.615296	cloud-24643	ERROR (solver error, after parsing finished)	839.966521942	785.3209992400007	4109.000704	cloud-23933	TIMEOUT	990.661150849	944.4874566539947	3618.004992	cloud-23980
eca-rers2012/Problem15_label02.yml	false	TIMEOUT	990.781777909	923.0287146730006	5025.415168	cloud-23979	TIMEOUT	990.733049024	934.3122296169968	3657.891840	cloud-24643	ERROR (solver error, after parsing finished)	801.273854968	756.8468478930008	3527.634944	cloud-23979	TIMEOUT	990.853785638	932.9322603759938	4438.921216	cloud-23938
eca-rers2012/Problem15_label03.yml	false	false(unreach-call)	447.705252941	388.84352168099576	3728.474112	cloud-23979	false(unreach-call)	492.398033257	421.1195422739984	3882.504192	cloud-24444	false(unreach-call)	407.358257334	350.71361267799875	4191.956992	cloud-23979	TIMEOUT	990.942866964	939.3697602839966	4942.901248	cloud-23933
eca-rers2012/Problem15_label04.yml	true	TIMEOUT	990.803733962	906.5743428760034	3899.437056	cloud-23933	TIMEOUT	991.007617029	932.7914254989992	4825.862144	cloud-24643	ERROR (solver error, after parsing finished)	846.296886959	787.8612549629979	4039.237632	cloud-24259	TIMEOUT	990.736250082	939.6226503920043	3425.349632	cloud-23982
eca-rers2012/Problem15_label05.yml	true	TIMEOUT	990.88671085	926.2212299940011	4357.013504	cloud-24261	TIMEOUT	991.053356277	919.2128715159997	4434.976768	cloud-24444	TIMEOUT	990.90191251	928.6859397299995	4416.131072	cloud-24259	TIMEOUT	990.775172826	947.1856944290048	3639.840768	cloud-23979
eca-rers2012/Problem15_label06.yml	true	TIMEOUT	990.822837478	930.3182216749992	3408.220160	cloud-24261	TIMEOUT	990.687511364	932.4529132480002	3782.852608	cloud-24643	ERROR (solver error, after parsing finished)	788.867155445	746.2931619749988	3471.556608	cloud-23941	TIMEOUT	990.737013709	938.7344859119912	3811.590144	cloud-23982
eca-rers2012/Problem15_label07.yml	false	TIMEOUT	990.723558198	933.6910971829966	3679.178752	cloud-23979	TIMEOUT	990.898564784	932.282920675003	3853.762560	cloud-24441	ERROR (solver error, after parsing finished)	817.936326534	769.4044698570005	4495.532032	cloud-23979	TIMEOUT	990.578183092	942.111995077983	3359.199232	cloud-23980
eca-rers2012/Problem15_label08.yml	true	TIMEOUT	990.822739112	926.4427010060026	3711.696896	cloud-23933	TIMEOUT	991.063954383	922.7333996189991	4468.449280	cloud-24444	TIMEOUT	990.775689882	923.1429361720002	4485.939200	cloud-24259	TIMEOUT	990.764286697	944.9203694629832	4397.379584	cloud-23979
eca-rers2012/Problem15_label09.yml	false	false(unreach-call)	463.804463667	405.09739822400115	4284.149760	cloud-23979	false(unreach-call)	478.573620396	421.8453313920036	3591.200768	cloud-24643	ERROR (solver error, after parsing finished)	830.820060137	772.6598038280008	4432.920576	cloud-23933	TIMEOUT	990.791972918	949.5855697939987	4590.329856	cloud-23933
eca-rers2012/Problem15_label10.yml	true	TIMEOUT	991.004919463	931.6185629920001	4904.603648	cloud-23979	TIMEOUT	991.166943409	921.1263595819983	4207.726592	cloud-24444	TIMEOUT	990.714101654	933.591008892	4469.673984	cloud-23979	TIMEOUT	990.688845734	939.8026316369942	3480.608768	cloud-23933
eca-rers2012/Problem15_label11.yml	true	TIMEOUT	990.852814683	931.320049618007	4846.301184	cloud-23979	TIMEOUT	990.869155757	930.7621756619992	4581.793792	cloud-24643	ERROR (solver error, after parsing finished)	830.519999214	765.2386603359992	3644.121088	cloud-23933	TIMEOUT	990.805532392	936.8060603839986	4575.969280	cloud-23980
eca-rers2012/Problem15_label12.yml	true	TIMEOUT	990.837705055	926.8123178980004	3445.858304	cloud-23933	TIMEOUT	990.70050546	933.9597956700018	3473.096704	cloud-24643	ERROR (solver error, after parsing finished)	836.636570999	776.8304148080006	4527.521792	cloud-23933	TIMEOUT	990.814877073	937.4705951640208	3432.181760	cloud-23982
eca-rers2012/Problem15_label13.yml	true	TIMEOUT	990.6788907	934.0062618069987	3430.502400	cloud-24261	TIMEOUT	990.809387832	933.5711730490002	3688.620032	cloud-24441	ERROR (solver error, after parsing finished)	821.541902749	768.5700158750005	5113.528320	cloud-23979	TIMEOUT	990.903366291	938.9164244900167	4953.288704	cloud-23938
eca-rers2012/Problem15_label14.yml	false	false(unreach-call)	650.06918323	592.7479207850001	4502.790144	cloud-24261	false(unreach-call)	792.32626886	718.5065082209985	3669.327872	cloud-24441	false(unreach-call)	796.189323217	728.6569571219989	4603.588608	cloud-23933	TIMEOUT	990.7083888	944.9959799340286	3678.441472	cloud-23979
eca-rers2012/Problem15_label15.yml	false	TIMEOUT	990.706445218	940.7873917140005	4423.892992	cloud-24261	TIMEOUT	990.780809169	934.0538104209991	3699.867648	cloud-24441	ERROR (solver error, after parsing finished)	849.827902659	785.9790629080017	3639.177216	cloud-24259	TIMEOUT	990.717017581	946.0304933830048	4102.905856	cloud-23980
eca-rers2012/Problem15_label16.yml	true	TIMEOUT	990.761787809	929.781768421999	3800.735744	cloud-23933	TIMEOUT	990.75307391	937.6240596409989	3737.985024	cloud-24643	ERROR (solver error, after parsing finished)	812.595721682	764.8373526609976	4464.701440	cloud-23979	TIMEOUT	990.860543087	940.3957709649985	4367.917056	cloud-23938
eca-rers2012/Problem15_label17.yml	true	TIMEOUT	990.72360104	934.1038274169987	3572.961280	cloud-23979	TIMEOUT	991.052421907	929.4018445610018	4786.626560	cloud-24441	ERROR (solver error, after parsing finished)	818.468682127	762.2361725510018	3851.526144	cloud-23979	TIMEOUT	990.751770143	946.9328758380143	3845.074944	cloud-23980
eca-rers2012/Problem15_label18.yml	false	false(unreach-call)	337.133505897	280.3858884889996	3668.377600	cloud-24261	false(unreach-call)	363.80491287	303.6708701280004	3805.220864	cloud-24441	false(unreach-call)	369.780144859	313.6371729890002	4353.409024	cloud-23933	TIMEOUT	990.847834347	944.1606996050104	4496.535552	cloud-23980
eca-rers2012/Problem15_label19.yml	true	TIMEOUT	990.877814457	925.5952637430019	3426.689024	cloud-23933	TIMEOUT	991.166895912	921.2164693789964	3751.145472	cloud-24441	ERROR (solver error, after parsing finished)	818.137155086	761.7902731680006	4406.603776	cloud-23979	TIMEOUT	990.698032314	944.4484825359832	3835.781120	cloud-23933
eca-rers2012/Problem15_label20.yml	true	TIMEOUT	992.319918829	933.0109058180005	3456.901120	cloud-24261	TIMEOUT	991.12747517	927.3688107669986	3438.305280	cloud-24441	ERROR (solver error, after parsing finished)	807.969756104	760.6684139549998	4316.778496	cloud-23979	TIMEOUT	990.816676441	939.432443623984	4718.395392	cloud-23938
eca-rers2012/Problem15_label21.yml	true	TIMEOUT	991.754458608	934.8697990529981	4311.068672	cloud-24261	TIMEOUT	990.957807642	930.7554640449998	3884.302336	cloud-24444	ERROR (solver error, after parsing finished)	844.510215228	780.7316835419988	3968.823296	cloud-23933	TIMEOUT	990.967602688	934.9764015830006	4210.417664	cloud-23982
eca-rers2012/Problem15_label22.yml	false	TIMEOUT	991.019397478	921.9930371409991	4663.152640	cloud-23933	TIMEOUT	990.979029824	930.505154546001	4866.707456	cloud-24444	TIMEOUT	991.023229602	928.7961861849999	4538.761216	cloud-23933	TIMEOUT	990.714407841	935.2966406230116	3763.453952	cloud-23982
eca-rers2012/Problem15_label23.yml	false	TIMEOUT	992.333882066	943.4628572959991	3592.376320	cloud-23979	TIMEOUT	990.835390183	925.9211963100024	4186.902528	cloud-24643	ERROR (solver error, after parsing finished)	820.680743565	764.6439542519984	4572.151808	cloud-23979	TIMEOUT	990.870762242	936.447766369005	4408.922112	cloud-23982
eca-rers2012/Problem15_label24.yml	true	TIMEOUT	990.711046369	928.2729592219985	3472.482304	cloud-23979	TIMEOUT	990.804979191	935.1747209829991	3651.198976	cloud-24643	ERROR (solver error, after parsing finished)	808.720652938	757.6570923420004	4486.615040	cloud-23979	TIMEOUT	990.739058873	940.242197168991	3767.201792	cloud-23982
eca-rers2012/Problem15_label25.yml	false	TIMEOUT (false(unreach-call))	928.383009702	850.5480176439996	4571.287552	cloud-23933	false(unreach-call)	889.286760434	815.3436921420071	4495.347712	cloud-24444	false(unreach-call)	769.143413236	706.0411770480001	3813.101568	cloud-23979	TIMEOUT	990.779456397	939.6270919700037	4449.878016	cloud-23979
eca-rers2012/Problem15_label26.yml	true	TIMEOUT	991.076203852	925.5215606560014	5155.684352	cloud-23933	TIMEOUT	992.241944474	941.4740451260004	4633.415680	cloud-23940	ERROR (solver error, after parsing finished)	827.831070348	769.8219873350026	4703.711232	cloud-23979	TIMEOUT	990.715162403	936.7930275399995	3489.374208	cloud-23982
eca-rers2012/Problem15_label27.yml	true	TIMEOUT	991.014128287	927.5332360489992	4234.211328	cloud-23933	TIMEOUT	990.925526938	928.5724287720004	4300.058624	cloud-24643	ERROR (solver error, after parsing finished)	784.64464964	744.6285122580011	4629.184512	cloud-23943	TIMEOUT	990.751441357	945.3874041719828	3477.123072	cloud-23979
eca-rers2012/Problem15_label28.yml	true	TIMEOUT	990.753489286	940.6940027279998	3944.767488	cloud-23979	true	884.94335625	819.2415819919988	4433.743872	cloud-24444	true	819.692221094	758.681558849	4620.349440	cloud-23933	TIMEOUT	990.64718589	946.3309949099785	3693.629440	cloud-23933
eca-rers2012/Problem15_label29.yml	false	TIMEOUT	990.659722454	916.1874714950009	3908.251648	cloud-23979	TIMEOUT	990.905813136	925.6744386069986	3705.892864	cloud-24444	ERROR (solver error, after parsing finished)	841.569131204	773.3703264939995	4319.137792	cloud-23933	TIMEOUT	990.655282111	944.9575861289923	3288.440832	cloud-23980
eca-rers2012/Problem15_label30.yml	false	false(unreach-call)	499.106183392	441.9541846059983	4439.916544	cloud-23979	false(unreach-call)	482.60882308	424.62180014200203	3460.984832	cloud-24643	false(unreach-call)	436.048602636	381.17140978799944	3355.275264	cloud-23979	TIMEOUT	990.763492645	938.4744751809922	4525.391872	cloud-23980
eca-rers2012/Problem15_label31.yml	true	TIMEOUT (true)	988.934895157	929.5028197610009	4311.863296	cloud-23979	TIMEOUT	990.941614135	921.5449840559959	3844.026368	cloud-24444	TIMEOUT (true)	951.936360756	887.1719717300002	3869.216768	cloud-23979	TIMEOUT	990.691259486	943.7143752569973	3758.379008	cloud-23979
eca-rers2012/Problem15_label32.yml	true	TIMEOUT	990.943473698	929.3364953889995	4181.553152	cloud-24261	TIMEOUT	990.789871647	932.2592967550008	4278.149120	cloud-24643	TIMEOUT	990.696872796	929.9106491830025	3458.347008	cloud-24259	TIMEOUT	990.845066645	942.6296601399954	4331.487232	cloud-23982
eca-rers2012/Problem15_label33.yml	false	false(unreach-call)	574.250864872	511.51105834400005	4258.738176	cloud-24261	false(unreach-call)	610.112580923	539.7071417110001	3902.971904	cloud-24444	false(unreach-call)	533.466415549	471.6227065389976	4003.520512	cloud-23979	TIMEOUT	990.746969519	946.6043275039992	4525.723648	cloud-23980
eca-rers2012/Problem15_label34.yml	false	false(unreach-call)	420.956359456	359.0986678199988	4375.502848	cloud-23933	false(unreach-call)	400.607788787	338.5512863039985	3756.601344	cloud-24444	false(unreach-call)	368.613559646	312.89935234800214	3385.364480	cloud-23979	TIMEOUT	990.826957005	948.7685951149906	4569.313280	cloud-23979
eca-rers2012/Problem15_label35.yml	true	TIMEOUT	990.793500965	921.6288910630001	4271.128576	cloud-24261	TIMEOUT	990.839328505	930.6673857759961	3481.755648	cloud-24643	ERROR (solver error, after parsing finished)	821.102093891	766.2876809720037	3971.387392	cloud-23979	TIMEOUT	990.633745732	941.892379197001	3582.234624	cloud-23982
eca-rers2012/Problem15_label36.yml	true	TIMEOUT	990.834246895	930.2188554970016	4654.714880	cloud-23979	TIMEOUT	990.729740597	934.2438770970002	3633.319936	cloud-24441	ERROR (solver error, after parsing finished)	835.468470926	774.5662995590028	4351.303680	cloud-24259	TIMEOUT	990.911677534	937.5710538580024	4835.180544	cloud-23938
eca-rers2012/Problem15_label37.yml	false	TIMEOUT	990.790235305	930.8039764739988	4502.908928	cloud-24261	TIMEOUT	990.844185817	928.1625960659985	4283.346944	cloud-24643	ERROR (solver error, after parsing finished)	822.633532833	765.2706161509996	3387.637760	cloud-23979	TIMEOUT	990.984995507	944.0986481609871	4189.016064	cloud-23982
eca-rers2012/Problem15_label38.yml	false	false(unreach-call)	712.353918677	649.6731889289999	4403.613696	cloud-24261	false(unreach-call)	838.345766493	770.3841781840019	3933.995008	cloud-24643	false(unreach-call)	864.166228647	797.4869273020013	4732.096512	cloud-23933	TIMEOUT	990.674934564	940.0409061679966	4478.160896	cloud-23982
eca-rers2012/Problem15_label39.yml	false	TIMEOUT	990.770528759	948.9593136550011	4520.570880	cloud-23979	TIMEOUT	990.783941168	945.4812631570021	4092.981248	cloud-24444	ERROR (solver error, after parsing finished)	836.036570311	783.5177033479995	4115.808256	cloud-23933	TIMEOUT	990.739719798	939.1276073940098	3924.471808	cloud-23938
eca-rers2012/Problem15_label40.yml	false	TIMEOUT	991.113989241	939.7236794769997	4609.085440	cloud-24261	TIMEOUT	992.284764908	943.834864798002	4639.178752	cloud-23944	ERROR (solver error, after parsing finished)	807.037841235	761.3891150229974	4081.606656	cloud-23979	TIMEOUT	990.7271292	945.5110509929946	3536.707584	cloud-23980
eca-rers2012/Problem15_label41.yml	false	TIMEOUT	990.8955168	923.4623424350011	4837.294080	cloud-24261	TIMEOUT	991.002525579	939.9284761220006	4301.873152	cloud-24643	ERROR (solver error, after parsing finished)	840.112788595	775.1843616400001	4549.165056	cloud-23933	TIMEOUT	990.727418693	945.3211617269844	3817.730048	cloud-23933
eca-rers2012/Problem15_label42.yml	true	TIMEOUT	990.913163394	934.1035808630004	4258.185216	cloud-23979	TIMEOUT	991.051584798	928.8450544279985	4218.310656	cloud-24643	ERROR (solver error, after parsing finished)	848.129684051	783.074356117002	3584.929792	cloud-24259	TIMEOUT	990.78079121	936.2151609089924	3750.780928	cloud-23982
eca-rers2012/Problem15_label43.yml	true	TIMEOUT	990.743067716	872.9049976989991	4145.758208	cloud-24261	TIMEOUT	990.844450453	937.4793260250008	4595.793920	cloud-24643	TIMEOUT	990.910291233	922.2222840600007	3952.021504	cloud-23933	TIMEOUT	990.77284903	944.665309050004	4553.990144	cloud-23979
eca-rers2012/Problem15_label44.yml	true	TIMEOUT	990.928232683	907.4586102549983	4771.262464	cloud-23933	TIMEOUT	990.85329371	920.0852038029989	3492.364288	cloud-24441	TIMEOUT	990.943123988	921.5164735610015	4562.878464	cloud-24259	TIMEOUT	990.861945511	945.7620192659961	4399.415296	cloud-23979
eca-rers2012/Problem15_label45.yml	false	false(unreach-call)	338.661034426	296.1794301049995	4297.814016	cloud-23941	false(unreach-call)	419.133637639	361.7257713290019	4550.234112	cloud-24444	false(unreach-call)	484.122293999	416.87730026999634	3554.906112	cloud-23933	TIMEOUT	990.688342135	945.2955718690064	3944.153088	cloud-23933
eca-rers2012/Problem15_label46.yml	true	TIMEOUT	990.821687927	934.0303612940006	4055.355392	cloud-23933	TIMEOUT	991.24559731	922.1366772389993	4481.060864	cloud-24444	ERROR (solver error, after parsing finished)	844.167751434	776.8748036790003	3903.684608	cloud-23933	TIMEOUT	990.800607215	936.946614741988	4073.340928	cloud-23938
eca-rers2012/Problem15_label47.yml	false	false(unreach-call)	496.656962538	437.0950483180022	4515.135488	cloud-23979	false(unreach-call)	479.71761683	417.9957171310016	3952.398336	cloud-24444	false(unreach-call)	519.191699893	459.38561956800095	5017.509888	cloud-23979	TIMEOUT	990.794756752	938.697951367998	3493.134336	cloud-23982
eca-rers2012/Problem15_label48.yml	false	TIMEOUT	990.778611519	935.4419113679996	4841.480192	cloud-23979	TIMEOUT	990.872055591	931.802465146	3883.728896	cloud-24444	ERROR (solver error, after parsing finished)	834.278809719	776.6223008810002	3628.494848	cloud-23933	TIMEOUT	990.815403357	942.3584621300106	3731.243008	cloud-23933
eca-rers2012/Problem15_label49.yml	true	TIMEOUT	991.335991797	939.1428907029986	4560.965632	cloud-24261	TIMEOUT	990.822382075	937.8468434300012	4349.468672	cloud-24643	ERROR (solver error, after parsing finished)	808.024116003	755.463994616	3758.166016	cloud-23979	TIMEOUT	990.577551621	950.2158123730042	3773.505536	cloud-23979
eca-rers2012/Problem15_label50.yml	false	false(unreach-call)	424.343331327	362.70375607700043	4865.331200	cloud-23979	false(unreach-call)	423.216225326	360.5571756220015	4437.585920	cloud-24444	false(unreach-call)	448.316215439	383.94909162399927	4382.531584	cloud-23933	TIMEOUT	990.726206704	936.4868402040156	4174.692352	cloud-23982
eca-rers2012/Problem15_label51.yml	false	false(unreach-call)	669.020221762	598.1284605729998	3622.338560	cloud-23933	false(unreach-call)	593.170707762	529.3404545540034	3818.221568	cloud-24444	false(unreach-call)	545.994782461	486.0248044129985	3617.849344	cloud-23979	TIMEOUT	990.686741022	940.5068764470052	3746.942976	cloud-23982
eca-rers2012/Problem15_label52.yml	true	TIMEOUT	990.961225932	930.187519146999	3459.907584	cloud-23933	TIMEOUT	990.882634081	935.8313786110011	4281.028608	cloud-24643	ERROR (solver error, after parsing finished)	821.389188639	766.0292151029998	4001.673216	cloud-23933	TIMEOUT	990.791295115	938.1389593820204	4604.764160	cloud-23982
eca-rers2012/Problem15_label53.yml	true	TIMEOUT	990.673766659	934.6792403529998	4430.561280	cloud-24261	TIMEOUT	990.986721264	935.5299081989997	4825.546752	cloud-24441	ERROR (solver error, after parsing finished)	873.093819225	809.5983343330008	4442.910720	cloud-23933	TIMEOUT	990.7678656	943.9326240189839	3932.737536	cloud-23979
eca-rers2012/Problem15_label54.yml	true	TIMEOUT	990.685152223	931.8914260130005	3826.126848	cloud-24261	TIMEOUT	991.136314299	925.9959718710015	4344.807424	cloud-24444	ERROR (solver error, after parsing finished)	856.541136074	791.4319127119961	3906.347008	cloud-24259	TIMEOUT	990.758329889	947.4834032229846	4910.080000	cloud-23979
eca-rers2012/Problem15_label55.yml	true	TIMEOUT	990.805377541	937.5921109560004	4466.552832	cloud-24261	TIMEOUT	990.935835115	932.7590398329994	3868.516352	cloud-24444	TIMEOUT	990.811241471	922.0863284709994	3511.627776	cloud-24259	TIMEOUT	990.709244187	942.1650474119815	3552.612352	cloud-23982
eca-rers2012/Problem15_label56.yml	true	TIMEOUT	991.005579566	916.3043170249985	5554.405376	cloud-24261	TIMEOUT	991.056753788	934.6977900979982	4325.629952	cloud-24444	ERROR (solver error, after parsing finished)	831.904919246	772.8253670659979	4450.754560	cloud-23933	TIMEOUT	990.913831655	941.749150099	3553.378304	cloud-23933
eca-rers2012/Problem15_label57.yml	true	TIMEOUT	990.898819676	931.0628763499999	4301.029376	cloud-24261	TIMEOUT	990.6933623	930.937249112998	3618.340864	cloud-24643	ERROR (solver error, after parsing finished)	838.740756812	779.814109975996	3435.442176	cloud-24259	TIMEOUT	990.640507225	947.3086030039995	4505.186304	cloud-23980
eca-rers2012/Problem15_label58.yml	true	TIMEOUT	990.909682675	910.8276383189987	4999.041024	cloud-23933	TIMEOUT	991.115838517	917.8726274369983	4141.039616	cloud-24444	TIMEOUT	990.848216961	921.9864033549966	4114.890752	cloud-24259	TIMEOUT	990.645089962	946.814180034009	3473.547264	cloud-23979
eca-rers2012/Problem15_label59.yml	true	TIMEOUT	990.905454967	928.5095207480008	4734.754816	cloud-23979	TIMEOUT	990.65297654	944.6165830190002	3667.533824	cloud-24643	ERROR (solver error, after parsing finished)	813.662276603	763.8371737249981	3499.728896	cloud-23979	TIMEOUT	990.772421848	948.4819397440006	4185.239552	cloud-23980
eca-rers2012/Problem16_label00.yml	false	TIMEOUT	990.689262628	935.6067552940003	3006.476288	cloud-23933	TIMEOUT	990.816308351	932.2485502669988	3633.700864	cloud-24441	ERROR (solver error, after parsing finished)	793.715791732	747.7198486999987	2853.470208	cloud-23979	TIMEOUT	990.704354415	948.1252224889759	2922.123264	cloud-23933
eca-rers2012/Problem16_label01.yml	false	TIMEOUT	991.667169737	925.872768915	3563.511808	cloud-24261	TIMEOUT	990.717953896	935.4778095199999	3629.289472	cloud-24444	ERROR (solver error, after parsing finished)	822.448151851	768.0733477429994	2934.882304	cloud-23933	TIMEOUT	990.621662225	950.2201451440051	3564.118016	cloud-23980
eca-rers2012/Problem16_label02.yml	true	TIMEOUT	991.135362869	945.1045800370011	2886.803456	cloud-23943	TIMEOUT	990.709091318	930.6923524900012	3768.332288	cloud-24441	ERROR (solver error, after parsing finished)	830.15995404	771.1585565920032	2784.366592	cloud-24259	TIMEOUT	990.621409639	948.1162410530087	3309.039616	cloud-23933
eca-rers2012/Problem16_label03.yml	false	TIMEOUT	990.790118747	928.6199466420003	3781.246976	cloud-23933	TIMEOUT	991.093674402	934.1728638599998	3636.039680	cloud-24643	TIMEOUT	990.806273698	928.949749555999	3769.065472	cloud-24259	TIMEOUT	990.684601895	948.5104820349952	3652.702208	cloud-23980
eca-rers2012/Problem16_label04.yml	false	TIMEOUT	990.68841672	928.4252772340005	4067.360768	cloud-23979	TIMEOUT	990.73620455	932.8550286629979	3170.250752	cloud-24444	TIMEOUT	991.130107434	931.3014862320015	3565.285376	cloud-23979	TIMEOUT	990.596924766	947.256844634976	2958.147584	cloud-23982
eca-rers2012/Problem16_label05.yml	false	TIMEOUT	990.675719098	932.3678919580016	3053.658112	cloud-24261	TIMEOUT	990.909070373	929.7796403590037	3913.449472	cloud-24643	ERROR (solver error, after parsing finished)	823.036279247	762.3523742589987	3444.375552	cloud-23933	TIMEOUT	990.768911777	940.0391286569939	3441.942528	cloud-23982
eca-rers2012/Problem16_label06.yml	false	TIMEOUT	991.118459911	924.9109864929997	3835.723776	cloud-23933	TIMEOUT	990.903156542	935.1305235219988	3034.894336	cloud-24643	ERROR (solver error, after parsing finished)	832.473471164	770.2031692249984	3727.540224	cloud-23933	TIMEOUT	990.706178688	950.077147576987	3275.505664	cloud-23980
eca-rers2012/Problem16_label07.yml	true	TIMEOUT	992.13586773	938.484457917999	3371.016192	cloud-23940	TIMEOUT	991.056381231	931.3226971259974	3469.750272	cloud-24441	TIMEOUT	990.692746855	931.4333338610002	3425.062912	cloud-23933	TIMEOUT	990.607271644	951.1417433879978	2816.507904	cloud-23980
eca-rers2012/Problem16_label08.yml	false	TIMEOUT	990.865471703	925.7856753529995	3087.433728	cloud-24261	TIMEOUT	990.786132222	938.1927659599969	3138.117632	cloud-24643	TIMEOUT	990.718590654	926.0076388300004	3048.988672	cloud-24259	TIMEOUT	990.629408084	942.6299878169957	2934.575104	cloud-23982
eca-rers2012/Problem16_label09.yml	true	TIMEOUT	990.87261952	922.6790712410002	3084.005376	cloud-23933	true	465.177155254	408.38340393199906	3410.345984	cloud-24441	true	352.652393676	310.85580659100015	3315.924992	cloud-23941	TIMEOUT	990.653487472	949.9690327749995	2867.605504	cloud-23979
eca-rers2012/Problem16_label10.yml	true	TIMEOUT	990.795620735	928.5107199969989	3682.369536	cloud-23979	true	413.496794484	363.91032475899556	3132.350464	cloud-24441	true	464.827746874	413.10782770600053	3769.311232	cloud-24259	TIMEOUT	990.71866289	945.1011159180198	3739.168768	cloud-23933
eca-rers2012/Problem16_label11.yml	true	true	436.54932875	384.87041409200174	2877.902848	cloud-23979	true	421.683222278	372.25139849399966	3077.214208	cloud-24643	true	407.427092842	362.858292678	3024.269312	cloud-23979	TIMEOUT	990.759256616	942.6377383580257	2908.127232	cloud-23938
eca-rers2012/Problem16_label12.yml	true	true	445.090611918	394.22556043999793	3597.062144	cloud-23933	true	425.369108528	375.1713986149989	3726.860288	cloud-24444	true	479.410315738	423.3194882310054	3205.320704	cloud-23933	TIMEOUT	990.695464634	945.995704083005	3810.029568	cloud-23979
eca-rers2012/Problem16_label13.yml	true	TIMEOUT	990.728929821	931.4258841149986	3005.681664	cloud-24261	TIMEOUT	990.731946657	932.8733494769986	3292.282880	cloud-24643	ERROR (solver error, after parsing finished)	816.325441493	757.2092918510025	3718.459392	cloud-23933	TIMEOUT	990.72645024	952.0645452900208	3352.035328	cloud-23979
eca-rers2012/Problem16_label14.yml	false	TIMEOUT	992.139076567	936.7327026269995	2996.064256	cloud-23939	TIMEOUT	990.675717215	935.9481079210018	3508.244480	cloud-24643	ERROR (solver error, after parsing finished)	781.142639951	734.9920788690001	2832.101376	cloud-23939	TIMEOUT	990.561214598	944.4023372789961	2935.504896	cloud-23938
eca-rers2012/Problem16_label15.yml	false	TIMEOUT	990.91996459	922.9741577169989	3998.609408	cloud-23933	TIMEOUT	990.694670865	934.5498015709964	3409.674240	cloud-24643	TIMEOUT (ERROR (inner timeout, after parsing finished))	981.37161453	926.9595892889997	2902.597632	cloud-23979	TIMEOUT	990.578528972	941.9146415760042	3381.338112	cloud-23982
eca-rers2012/Problem16_label16.yml	true	TIMEOUT	990.845730595	923.1735949379981	3268.820992	cloud-23933	TIMEOUT	991.102935352	941.9860730909859	3330.068480	cloud-23942	TIMEOUT	990.566080407	937.2951889670003	3197.227008	cloud-23979	TIMEOUT	990.61392794	953.9592186250084	3581.493248	cloud-23980
eca-rers2012/Problem16_label17.yml	true	TIMEOUT	990.779143811	931.1128448550007	3359.895552	cloud-23933	TIMEOUT	990.776151765	931.587682131998	3107.586048	cloud-24643	TIMEOUT	990.608583418	938.7270399370009	2964.865024	cloud-23979	TIMEOUT	990.6331311	953.3348219890031	3369.926656	cloud-23980
eca-rers2012/Problem16_label18.yml	false	TIMEOUT	990.855217179	923.4065935009985	3392.327680	cloud-23933	TIMEOUT	990.752054613	928.9583392540007	2870.124544	cloud-24643	ERROR (solver error, after parsing finished)	830.757323036	770.6753799150028	3532.890112	cloud-24259	TIMEOUT	990.615766609	948.4955388320086	3536.547840	cloud-23933
eca-rers2012/Problem16_label19.yml	true	TIMEOUT	991.053609183	938.5749332859996	2873.851904	cloud-23979	TIMEOUT	990.947544301	929.2314568949951	3560.562688	cloud-24444	TIMEOUT	990.823738716	931.1815975279987	3735.920640	cloud-23933	TIMEOUT	990.745155895	947.2248708569969	3682.914304	cloud-23938
eca-rers2012/Problem16_label20.yml	false	TIMEOUT	991.059817667	937.8159253760023	3285.737472	cloud-24261	TIMEOUT	990.750816155	932.7337887000031	3194.691584	cloud-24441	ERROR (solver error, after parsing finished)	803.538394229	753.7881046220002	3000.156160	cloud-23979	TIMEOUT	990.660471254	943.7150060250133	3047.526400	cloud-23933
eca-rers2012/Problem16_label21.yml	true	TIMEOUT	990.787602541	931.7013664449987	3987.931136	cloud-24261	TIMEOUT	990.94364098	930.1966105809988	3817.795584	cloud-24441	ERROR (solver error, after parsing finished)	821.611746064	759.1086540890028	3920.420864	cloud-23933	TIMEOUT	990.580390714	947.2511484860152	3408.068608	cloud-23938
eca-rers2012/Problem16_label22.yml	false	TIMEOUT	990.730732547	933.4333642089987	3130.040320	cloud-23933	TIMEOUT	990.742220461	937.5501859610013	3586.011136	cloud-24643	TIMEOUT (ERROR (inner timeout, after parsing finished))	989.359548039	932.3262416290017	3655.811072	cloud-23979	TIMEOUT	990.753870405	943.329966076999	3553.648640	cloud-23938
eca-rers2012/Problem16_label23.yml	true	TIMEOUT	990.783826102	929.7024391880041	3654.160384	cloud-23933	TIMEOUT	990.831624847	925.1092446339972	3518.341120	cloud-24441	TIMEOUT	990.636200757	930.9689940299941	3409.301504	cloud-24259	TIMEOUT	990.729579705	947.3215180679981	3186.442240	cloud-23938
eca-rers2012/Problem16_label24.yml	true	TIMEOUT	992.254154134	936.2988950430008	3713.396736	cloud-23939	TIMEOUT	990.819419759	933.317736844001	3415.392256	cloud-24441	TIMEOUT	990.751807815	930.7206711920007	3862.777856	cloud-24259	TIMEOUT	990.68165844	948.3614522090065	3261.947904	cloud-23979
eca-rers2012/Problem16_label25.yml	true	TIMEOUT	990.728631272	921.2987799189996	3740.016640	cloud-23933	TIMEOUT	990.96089982	925.684197909999	3749.105664	cloud-24444	TIMEOUT	990.713895386	923.5226241819983	3023.843328	cloud-23933	TIMEOUT	990.748667777	947.6049206030148	3366.551552	cloud-23938
eca-rers2012/Problem16_label26.yml	true	TIMEOUT	990.859379703	928.5799150179992	3338.113024	cloud-23933	TIMEOUT	990.828561009	931.4263949859997	3399.577600	cloud-24643	ERROR (solver error, after parsing finished)	817.917755183	757.684089907998	2973.503488	cloud-23933	TIMEOUT	990.662494174	953.3528426309931	3770.748928	cloud-23979
eca-rers2012/Problem16_label27.yml	false	TIMEOUT	992.043430533	940.3967872460016	3080.482816	cloud-24261	TIMEOUT	990.90112255	924.6208145370001	3348.357120	cloud-24444	TIMEOUT	990.886923553	924.8988715209998	3875.426304	cloud-23933	TIMEOUT	990.757241895	947.1682779889961	3760.336896	cloud-23938
eca-rers2012/Problem16_label28.yml	true	TIMEOUT	992.252445231	934.6799022800042	3635.507200	cloud-23941	TIMEOUT	990.959539751	935.4755429430006	3530.153984	cloud-24643	TIMEOUT	990.689796863	934.791477105	3641.950208	cloud-23979	TIMEOUT	990.622594655	949.3338846900151	3678.224384	cloud-23979
eca-rers2012/Problem16_label29.yml	true	TIMEOUT	992.331718212	941.1575012510002	3442.028544	cloud-23979	TIMEOUT	990.531872134	944.2297604099986	3396.239360	cloud-24643	ERROR (solver error, after parsing finished)	819.318625224	758.419904164999	4064.161792	cloud-23933	TIMEOUT	990.637995698	949.1994248479896	3422.978048	cloud-23980
eca-rers2012/Problem16_label30.yml	false	TIMEOUT	990.951313243	924.3299065280007	3797.561344	cloud-23933	TIMEOUT	990.93870671	926.1352517769992	3295.432704	cloud-24441	ERROR (solver error, after parsing finished)	812.241899113	757.3872474469972	3743.186944	cloud-23979	TIMEOUT	990.762733686	941.5928747120197	3462.946816	cloud-23933
eca-rers2012/Problem16_label31.yml	false	TIMEOUT	990.878454962	918.7521398579993	3549.007872	cloud-23933	TIMEOUT	990.813796671	926.1500806019976	3062.575104	cloud-24643	ERROR (solver error, after parsing finished)	832.579513905	772.0620341629983	3118.022656	cloud-24259	TIMEOUT	990.706796452	946.7514898660011	2858.373120	cloud-23938
eca-rers2012/Problem16_label32.yml	true	TIMEOUT	990.693747243	930.4337729169999	3278.950400	cloud-24261	TIMEOUT	990.817416277	932.7833908630018	3177.312256	cloud-24643	ERROR (solver error, after parsing finished)	824.189808629	759.0264586160001	3938.254848	cloud-23933	TIMEOUT	990.806497689	947.1497802750091	3268.816896	cloud-23938
eca-rers2012/Problem16_label33.yml	false	TIMEOUT	990.759359534	934.6218144410013	3368.976384	cloud-23979	TIMEOUT	990.906074679	923.8968315940001	2999.308288	cloud-24444	ERROR (solver error, after parsing finished)	833.150632752	768.4346406090044	3262.705664	cloud-23933	TIMEOUT	990.834044084	942.1344666329969	3390.459904	cloud-23938
eca-rers2012/Problem16_label34.yml	true	TIMEOUT	990.675624426	931.4208215609997	3507.716096	cloud-24261	TIMEOUT	990.822024274	934.0461528989999	3698.003968	cloud-24643	ERROR (solver error, after parsing finished)	841.000123093	772.4040115639996	3085.131776	cloud-23933	TIMEOUT	990.62218623	951.31660542998	3647.475712	cloud-23979
eca-rers2012/Problem16_label35.yml	true	TIMEOUT	991.567552418	935.6512051509981	3349.397504	cloud-23979	true	883.285629171	826.2878132000042	3128.680448	cloud-24643	true	848.837547338	797.6204373809996	3753.279488	cloud-23979	TIMEOUT	990.545697504	949.5697919179802	3269.459968	cloud-23979
eca-rers2012/Problem16_label36.yml	true	TIMEOUT	992.296097675	930.8325549670003	2826.522624	cloud-24261	true	788.765811621	737.905011262	2945.961984	cloud-24643	TIMEOUT	990.811934984	926.5978473369978	3514.503168	cloud-23933	TIMEOUT	990.617893106	943.539307397994	3065.757696	cloud-23982
eca-rers2012/Problem16_label37.yml	false	TIMEOUT	990.734594417	924.7046106709986	2953.052160	cloud-23933	TIMEOUT	990.860488985	928.2435827160007	2940.051456	cloud-24444	ERROR (solver error, after parsing finished)	802.707305551	750.5103416510001	3682.435072	cloud-23979	TIMEOUT	990.753076855	942.8111487579881	2926.735360	cloud-23938
eca-rers2012/Problem16_label38.yml	false	TIMEOUT	990.919992343	941.0901411800005	3651.686400	cloud-23979	TIMEOUT	990.766779049	931.5033450789997	3579.736064	cloud-24643	TIMEOUT	990.652569802	931.5841816499997	2822.709248	cloud-23979	TIMEOUT	990.655415676	955.421870791004	3468.791808	cloud-23980
eca-rers2012/Problem16_label39.yml	true	TIMEOUT	991.755893965	938.3271867189997	3213.975552	cloud-23979	TIMEOUT	992.008701177	940.880791333002	3076.124672	cloud-24441	TIMEOUT	990.759467549	928.0129576539985	3714.166784	cloud-24259	TIMEOUT	990.632855429	948.3876862369943	3203.534848	cloud-23980
eca-rers2012/Problem16_label40.yml	true	TIMEOUT	990.935948305	933.9334379190041	3731.083264	cloud-23933	TIMEOUT	991.052482603	926.9588771909985	3562.831872	cloud-24444	TIMEOUT	990.904097964	930.9835518479958	3844.710400	cloud-23979	TIMEOUT	990.777168977	946.2271098979982	2942.611456	cloud-23938
eca-rers2012/Problem16_label41.yml	false	TIMEOUT	990.808296019	932.0784890309988	3851.055104	cloud-23933	TIMEOUT	991.109227574	932.6201110250004	3588.370432	cloud-24444	TIMEOUT	990.672031818	931.2593728359998	2969.300992	cloud-23933	TIMEOUT	990.620335477	941.0836981959874	2879.074304	cloud-23982
eca-rers2012/Problem16_label42.yml	true	TIMEOUT	990.540466398	934.5743118800001	2945.564672	cloud-24261	TIMEOUT	990.771021979	937.0993919869998	3899.019264	cloud-24643	ERROR (solver error, after parsing finished)	797.35076559	749.4493918999942	3893.772288	cloud-23979	TIMEOUT	990.751209334	949.7736252759933	3188.875264	cloud-23979
eca-rers2012/Problem16_label43.yml	false	TIMEOUT	992.233033574	938.3463713220008	3983.093760	cloud-23941	TIMEOUT	990.845190828	929.5359060280025	3484.266496	cloud-24643	ERROR (solver error, after parsing finished)	821.940021398	763.7232989919994	3825.004544	cloud-23933	TIMEOUT	990.549306745	943.5578910729964	3139.555328	cloud-23982
eca-rers2012/Problem16_label44.yml	false	TIMEOUT	992.214862255	937.2996922029997	3824.144384	cloud-24261	TIMEOUT	990.709530141	927.4009376109971	2885.595136	cloud-24441	ERROR (solver error, after parsing finished)	832.518017854	774.5402951329961	3207.499776	cloud-24259	TIMEOUT	990.536972573	948.4021919190127	3105.484800	cloud-23933
eca-rers2012/Problem16_label45.yml	true	TIMEOUT	990.70007247	935.1624831420013	3518.504960	cloud-23979	TIMEOUT	990.643710182	932.7052555770001	3202.973696	cloud-24441	ERROR (solver error, after parsing finished)	831.672743135	770.7127742619996	3181.019136	cloud-24259	TIMEOUT	990.696561521	952.9388566609996	3768.213504	cloud-23933
eca-rers2012/Problem16_label46.yml	false	TIMEOUT	992.303849372	935.6370482540005	3185.684480	cloud-23979	TIMEOUT	990.850858489	929.7480107719966	3397.373952	cloud-24643	ERROR (solver error, after parsing finished)	827.754874306	765.9629048410061	3799.121920	cloud-23933	TIMEOUT	990.636469286	949.4064856109908	2979.086336	cloud-23933
eca-rers2012/Problem16_label47.yml	true	true	344.885478998	293.2470820439994	3410.608128	cloud-23933	true	330.40033661	283.2644795219967	2998.489088	cloud-24444	true	368.408447294	313.68930519699643	2801.074176	cloud-23933	TIMEOUT	990.546829767	940.4806171610253	3005.067264	cloud-23982
eca-rers2012/Problem16_label48.yml	true	true	289.42958414	247.55548134000128	2968.584192	cloud-24261	true	305.238925929	258.9143963210008	3273.957376	cloud-24444	true	310.880574677	261.0648890839948	2729.684992	cloud-23979	TIMEOUT	990.724571171	951.3848728669982	3878.395904	cloud-23979
eca-rers2012/Problem16_label49.yml	true	true	321.201894853	276.0105224910003	3328.471040	cloud-23979	true	365.458382886	311.6471048050007	3347.595264	cloud-24643	true	384.428798735	324.8671779329961	3077.328896	cloud-24259	TIMEOUT	990.70576757	947.552307653008	3057.565696	cloud-23933
eca-rers2012/Problem16_label50.yml	true	true	359.509009144	307.5182029440002	3322.003456	cloud-23933	true	334.589598694	283.5160248609973	3611.729920	cloud-24441	true	357.292061533	304.5961424749985	3727.917056	cloud-24259	TIMEOUT	990.612052919	947.2171770999848	2979.516416	cloud-23979
eca-rers2012/Problem16_label51.yml	false	TIMEOUT	991.941567457	937.7527624299983	3558.727680	cloud-23940	TIMEOUT	990.661490279	933.7647131360063	3351.924736	cloud-24643	TIMEOUT	990.673028403	927.4143031389976	2936.328192	cloud-24259	TIMEOUT	990.677642926	947.8349843219912	2839.445504	cloud-23980
eca-rers2012/Problem16_label52.yml	false	TIMEOUT	990.772993337	933.5296034679996	3342.553088	cloud-23933	TIMEOUT	990.662549861	934.2130562649982	3554.574336	cloud-24643	ERROR (solver error, after parsing finished)	802.944669113	754.6782129980002	3408.429056	cloud-23933	TIMEOUT	990.619081691	951.9843873249774	2801.524736	cloud-23941
eca-rers2012/Problem16_label53.yml	true	TIMEOUT	991.432259596	936.1609728059993	3139.362816	cloud-24261	TIMEOUT	990.840713067	929.5596029480002	3116.650496	cloud-24441	ERROR (solver error, after parsing finished)	835.87831228	774.1504026330003	3854.991360	cloud-24259	TIMEOUT	990.805745267	942.9836223519815	3934.257152	cloud-23938
eca-rers2012/Problem16_label54.yml	false	TIMEOUT	990.755971403	931.541097374	3683.258368	cloud-23933	TIMEOUT	990.769615411	931.3679314969995	3253.288960	cloud-24441	ERROR (solver error, after parsing finished)	818.483009798	761.8999313379973	3239.981056	cloud-24259	TIMEOUT	990.813836053	937.0865369890234	3791.224832	cloud-23938
eca-rers2012/Problem16_label55.yml	true	true	402.059697202	360.08667289000005	3349.786624	cloud-23940	true	471.373901127	416.9020137469997	3679.395840	cloud-24444	true	433.171672136	386.8966795849999	3353.096192	cloud-23979	TIMEOUT	990.698269658	942.3465862620214	3633.397760	cloud-23982
eca-rers2012/Problem16_label56.yml	true	true	464.68514258	415.31424127899663	3664.490496	cloud-24261	true	497.381355075	440.6621869869996	3805.593600	cloud-24444	true	565.621575406	505.3754413159986	3510.657024	cloud-24259	TIMEOUT	990.846932386	941.1361512290023	3940.188160	cloud-23938
eca-rers2012/Problem16_label57.yml	true	true	483.031714715	435.0027383609995	3753.152512	cloud-23979	true	540.539087471	487.3510467749984	2840.113152	cloud-24441	true	537.645546923	482.7176752919986	3356.508160	cloud-23933	TIMEOUT	990.651254711	953.1140086590021	2755.502080	cloud-23933
eca-rers2012/Problem16_label58.yml	true	true	470.010942075	419.85187504500027	2860.597248	cloud-24261	true	558.940654402	496.48470993199953	2968.559616	cloud-24441	true	476.696380899	422.9138686209999	3801.899008	cloud-23979	TIMEOUT	990.870073389	941.5949402090046	3073.855488	cloud-23982
eca-rers2012/Problem16_label59.yml	true	true	570.460377004	521.583858379001	2979.958784	cloud-24261	true	642.156996654	582.1963825269995	3142.082560	cloud-24441	true	537.070432154	487.25047097900097	3709.071360	cloud-23979	TIMEOUT	990.644737311	945.2115635360242	3742.236672	cloud-23938
eca-rers2012/Problem17_label00.yml	true	TIMEOUT	990.922991266	900.4650855880009	4802.805760	cloud-23933	TIMEOUT	991.008434215	929.0167429670037	4457.943040	cloud-24441	ERROR (solver error, after parsing finished)	879.727069126	821.9017679800018	4218.630144	cloud-23933	TIMEOUT	990.825618911	927.2017828030221	4583.129088	cloud-23982
eca-rers2012/Problem17_label01.yml	true	TIMEOUT	991.317718462	909.431753162	6213.894144	cloud-23933	TIMEOUT	990.88992824	928.4279810790031	4538.712064	cloud-24444	ERROR (solver error, after parsing finished)	860.383511612	800.8645333750028	4567.588864	cloud-23933	TIMEOUT	990.736911044	948.8353594930086	4456.349696	cloud-23941
eca-rers2012/Problem17_label02.yml	true	TIMEOUT	990.85918288	920.3255311829998	4594.548736	cloud-23979	TIMEOUT	990.864799292	930.100601487	4291.772416	cloud-24441	ERROR (solver error, after parsing finished)	841.544164579	786.2258683279997	4370.325504	cloud-23979	TIMEOUT	990.777291934	930.215016792994	4523.749376	cloud-23982
eca-rers2012/Problem17_label03.yml	true	TIMEOUT	990.73151772	937.7706386339996	4470.657024	cloud-23979	TIMEOUT	990.928811206	927.7084950919998	4479.741952	cloud-24643	ERROR (solver error, after parsing finished)	867.65880359	813.1638761110007	4846.559232	cloud-23979	TIMEOUT	990.612578799	937.1596423849987	4154.753024	cloud-23980
eca-rers2012/Problem17_label04.yml	false	TIMEOUT	990.783169268	935.9951475720009	5280.002048	cloud-24261	TIMEOUT	990.825557072	933.908878248003	4698.693632	cloud-24441	ERROR (solver error, after parsing finished)	825.124963831	776.0615183720001	4482.060288	cloud-23979	TIMEOUT	990.879976336	932.3855945520045	4644.306944	cloud-23933
eca-rers2012/Problem17_label05.yml	true	TIMEOUT	991.133412274	930.7163464670011	5758.914560	cloud-23933	TIMEOUT	990.790201792	927.9742450230042	4740.612096	cloud-24441	ERROR (solver error, after parsing finished)	824.022386641	775.400999022997	4774.715392	cloud-23979	TIMEOUT	990.802016694	928.5854850809847	4558.307328	cloud-23938
eca-rers2012/Problem17_label06.yml	true	TIMEOUT	990.84786027	936.3313158109995	4468.666368	cloud-23979	TIMEOUT	990.696567945	941.046305935999	4455.522304	cloud-24643	ERROR (solver error, after parsing finished)	854.332696601	796.3480766710002	4449.329152	cloud-23933	TIMEOUT	990.856078105	938.151073607005	4612.440064	cloud-23979
eca-rers2012/Problem17_label07.yml	false	TIMEOUT	990.876429786	927.3164417749995	5691.023360	cloud-23933	TIMEOUT	990.834602088	937.5254278879984	5190.627328	cloud-24643	ERROR (solver error, after parsing finished)	853.396696991	790.4161403160033	6373.576704	cloud-23933	TIMEOUT	990.729697908	939.2732478560065	4454.699008	cloud-23979
eca-rers2012/Problem17_label08.yml	true	TIMEOUT	990.865445629	937.7375347050001	4446.171136	cloud-23933	TIMEOUT	991.086010341	931.8834650979989	5365.219328	cloud-24441	ERROR (solver error, after parsing finished)	840.966094527	788.9473394220004	5026.574336	cloud-23979	TIMEOUT	990.932813101	936.3010314610146	5021.216768	cloud-23979
eca-rers2012/Problem17_label09.yml	false	TIMEOUT	990.769406804	937.034201876002	4347.826176	cloud-23933	TIMEOUT	991.039191163	934.5430200080009	4436.320256	cloud-24441	ERROR (solver error, after parsing finished)	867.076737536	806.2758592050013	4686.929920	cloud-24259	TIMEOUT	990.891492047	931.6675532310037	5402.210304	cloud-23982
eca-rers2012/Problem17_label10.yml	true	TIMEOUT	990.946974082	931.7861502000014	4880.572416	cloud-23933	TIMEOUT	991.010571107	933.6336590020001	4907.319296	cloud-24441	ERROR (solver error, after parsing finished)	874.27998011	805.881413449999	4482.527232	cloud-24259	TIMEOUT	990.7896742	937.1457807590195	4565.688320	cloud-23979
eca-rers2012/Problem17_label11.yml	true	TIMEOUT	992.200512002	946.9853211500013	4234.911744	cloud-23944	TIMEOUT	990.828011305	925.6264543180005	4416.081920	cloud-24441	ERROR (solver error, after parsing finished)	843.971751528	788.7657462279967	4476.321792	cloud-23979	TIMEOUT	990.824853893	931.705092772987	4529.143808	cloud-23938
eca-rers2012/Problem17_label12.yml	true	TIMEOUT	990.776470969	943.3981378310018	4373.151744	cloud-23979	TIMEOUT	990.944026352	929.6965916150002	4545.388544	cloud-24441	ERROR (solver error, after parsing finished)	843.599426171	786.921965152	4416.679936	cloud-23933	TIMEOUT	990.725249014	931.4799745769997	4572.020736	cloud-23982
eca-rers2012/Problem17_label13.yml	false	TIMEOUT	991.579068798	910.5930726799998	5329.739776	cloud-24261	TIMEOUT	990.820868384	935.2988613650014	4522.881024	cloud-24643	ERROR (solver error, after parsing finished)	844.354060271	789.0613072380002	4488.380416	cloud-23933	TIMEOUT	990.944154235	920.2281194070238	4851.994624	cloud-23938
eca-rers2012/Problem17_label14.yml	true	TIMEOUT	990.790353393	938.0366427679983	4374.204416	cloud-24261	TIMEOUT	991.235155922	935.0678836549996	5286.674432	cloud-24444	ERROR (solver error, after parsing finished)	843.956900692	787.7978529259999	4409.335808	cloud-23933	TIMEOUT	990.815304008	938.6083553520148	4617.842688	cloud-23979
eca-rers2012/Problem17_label15.yml	true	TIMEOUT	991.039763308	916.3677842669995	7050.457088	cloud-24261	TIMEOUT	991.009177911	931.1484564709972	4623.552512	cloud-24643	ERROR (solver error, after parsing finished)	862.504950654	801.5861649149992	4531.752960	cloud-24259	TIMEOUT	990.94076526	924.2746007290261	4564.148224	cloud-23938
eca-rers2012/Problem17_label16.yml	false	TIMEOUT	990.752836866	924.671718763002	4768.346112	cloud-24261	TIMEOUT	990.870743456	933.9850186219992	4617.170944	cloud-24444	ERROR (solver error, after parsing finished)	853.87029062	797.2463336619985	5499.355136	cloud-23933	TIMEOUT	990.892526793	933.3339434069931	4873.887744	cloud-23980
eca-rers2012/Problem17_label17.yml	true	TIMEOUT	990.632843309	928.759112052001	4499.587072	cloud-24261	TIMEOUT	990.935883314	938.5807070620031	4414.861312	cloud-24441	ERROR (solver error, after parsing finished)	784.856954022	752.2757184500006	4848.545792	cloud-23939	TIMEOUT	990.821167505	931.2230054189858	4742.025216	cloud-23933
eca-rers2012/Problem17_label18.yml	true	TIMEOUT	990.848355538	940.4231861519984	4452.794368	cloud-24261	TIMEOUT	991.097490209	932.3772578220014	4498.038784	cloud-24444	ERROR (solver error, after parsing finished)	821.138458713	775.2527610799989	5031.276544	cloud-23979	TIMEOUT	990.758401264	935.3605528360058	4863.578112	cloud-23938
eca-rers2012/Problem17_label19.yml	true	TIMEOUT	990.888401312	933.590538976001	4772.691968	cloud-23933	TIMEOUT	991.112767212	931.0722843469994	6772.604928	cloud-24643	ERROR (solver error, after parsing finished)	883.527540138	811.0065543429955	4749.430784	cloud-24259	TIMEOUT	990.764518231	943.6906858120055	4570.263552	cloud-23980
eca-rers2012/Problem17_label20.yml	false	TIMEOUT	990.772063466	923.3458663679994	4891.430912	cloud-23979	TIMEOUT	990.98452222	935.0584332549988	4571.308032	cloud-24441	ERROR (solver error, after parsing finished)	854.861747625	800.0891230739944	4603.944960	cloud-23979	TIMEOUT	991.080707846	927.2675536560128	5656.174592	cloud-23938
eca-rers2012/Problem17_label21.yml	true	TIMEOUT	991.334769152	903.1517304689987	4877.746176	cloud-23933	TIMEOUT	991.070912997	934.5477519790002	4767.760384	cloud-24444	ERROR (solver error, after parsing finished)	871.857747276	813.750364032996	4306.849792	cloud-24259	TIMEOUT	991.197682112	936.444475241995	5706.465280	cloud-23933
eca-rers2012/Problem17_label22.yml	true	TIMEOUT	990.790325072	926.7579440340014	4431.708160	cloud-23933	TIMEOUT	990.852097313	938.0590116460007	5641.072640	cloud-24643	ERROR (solver error, after parsing finished)	858.177588262	804.4866440849983	4522.864640	cloud-23933	TIMEOUT	990.998425581	936.8479206589982	5538.430976	cloud-23938
eca-rers2012/Problem17_label23.yml	false	TIMEOUT	991.024913924	920.1833258449988	4518.481920	cloud-23933	TIMEOUT	990.866130755	927.8110637949994	5287.161856	cloud-24643	ERROR (solver error, after parsing finished)	872.915427037	803.925028286998	4449.198080	cloud-23933	TIMEOUT	990.965591888	933.6659500160022	5843.365888	cloud-23938
eca-rers2012/Problem17_label24.yml	true	TIMEOUT	991.000762776	915.9133959489991	5286.293504	cloud-23979	TIMEOUT	990.903910414	933.7559464530004	4439.846912	cloud-24441	ERROR (solver error, after parsing finished)	849.856797575	790.0879281489979	4669.702144	cloud-24259	TIMEOUT	990.850091951	933.1590447000053	4991.528960	cloud-23982
eca-rers2012/Problem17_label25.yml	false	TIMEOUT	990.880851097	939.0119778890003	4652.281856	cloud-24261	TIMEOUT	990.846397504	936.170649190004	4506.185728	cloud-24441	ERROR (solver error, after parsing finished)	844.643779622	794.5816242149958	4514.271232	cloud-23979	TIMEOUT	991.039479664	932.3623800839996	5205.315584	cloud-23982
eca-rers2012/Problem17_label26.yml	false	TIMEOUT	990.714558788	937.4310454460001	4487.536640	cloud-24261	TIMEOUT	990.804464812	932.8742002700001	4396.208128	cloud-24441	ERROR (solver error, after parsing finished)	845.528477678	787.5184341900022	5592.469504	cloud-24259	TIMEOUT	991.126614844	942.394833747996	5349.330944	cloud-23980
eca-rers2012/Problem17_label27.yml	true	TIMEOUT	991.029314214	934.8145991170004	5675.114496	cloud-24261	TIMEOUT	990.741138937	938.9059434789997	4664.819712	cloud-24643	ERROR (solver error, after parsing finished)	874.105335378	815.631587975	4815.523840	cloud-24259	TIMEOUT	990.841929509	932.1602411520144	5447.413760	cloud-23933
eca-rers2012/Problem17_label28.yml	true	TIMEOUT	990.794659301	940.0083084520011	4450.029568	cloud-24261	TIMEOUT	990.982970328	932.2241206760009	4646.989824	cloud-24643	ERROR (solver error, after parsing finished)	830.252819955	780.8636726890036	5530.808320	cloud-23979	TIMEOUT	990.661329507	943.4449940279883	4405.624832	cloud-23980
eca-rers2012/Problem17_label29.yml	true	TIMEOUT	991.282814826	910.0257773129997	7006.662656	cloud-23933	TIMEOUT	990.851844993	930.8262577700007	4270.227456	cloud-24441	ERROR (solver error, after parsing finished)	864.305536849	804.7754829220066	4704.145408	cloud-24259	TIMEOUT	990.830211776	938.1095063420071	4612.521984	cloud-23979
eca-rers2012/Problem17_label30.yml	false	TIMEOUT	990.777575535	930.7428950609992	4399.751168	cloud-23933	TIMEOUT	990.80405677	933.6232606200001	4540.104704	cloud-24643	ERROR (solver error, after parsing finished)	856.458232064	801.791688913996	4863.819776	cloud-24259	TIMEOUT	991.198266012	932.2387561080104	6925.008896	cloud-23980
eca-rers2012/Problem17_label31.yml	false	TIMEOUT	990.900243253	929.8171197679985	4454.371328	cloud-23933	TIMEOUT	990.751187552	934.7414116399959	4367.585280	cloud-24441	ERROR (solver error, after parsing finished)	863.87911259	803.6285986450021	4676.734976	cloud-24259	TIMEOUT	991.112255243	933.4949799199821	5375.373312	cloud-23982
eca-rers2012/Problem17_label32.yml	true	TIMEOUT	991.018210942	928.8644582330016	4414.345216	cloud-23933	TIMEOUT	990.935351772	931.6164282730024	4916.191232	cloud-24643	ERROR (solver error, after parsing finished)	819.623486725	770.5007092300002	4551.438336	cloud-23979	TIMEOUT	990.781360101	937.0490057519928	4783.509504	cloud-23938
eca-rers2012/Problem17_label33.yml	false	TIMEOUT	990.885153372	944.0649481109976	5169.610752	cloud-23979	TIMEOUT	990.966285864	931.2976380340006	4545.241088	cloud-24441	ERROR (solver error, after parsing finished)	868.250096374	805.6667217770009	4409.487360	cloud-23933	TIMEOUT	990.968974765	940.4140017130121	5341.335552	cloud-23979
eca-rers2012/Problem17_label34.yml	false	TIMEOUT	990.745816518	913.9957216320036	4970.004480	cloud-23933	TIMEOUT	990.954691633	931.9860606039947	4836.675584	cloud-24441	ERROR (solver error, after parsing finished)	848.891737371	793.9431628379989	4679.733248	cloud-23933	TIMEOUT	990.719100384	942.3421561910072	5342.101504	cloud-23933
eca-rers2012/Problem17_label35.yml	false	TIMEOUT	990.94560761	933.6155181310005	4635.107328	cloud-24261	TIMEOUT	990.987591508	929.3342089580037	5653.794816	cloud-24441	ERROR (solver error, after parsing finished)	821.63753237	766.9466407939981	4558.721024	cloud-23979	TIMEOUT	991.141591552	929.9640592130017	5660.807168	cloud-23982
eca-rers2012/Problem17_label36.yml	true	TIMEOUT	990.884203318	914.8539917429989	4830.175232	cloud-23979	TIMEOUT	990.755111299	939.5379786119993	4530.663424	cloud-24643	ERROR (solver error, after parsing finished)	861.590126983	796.2899460810004	4933.099520	cloud-23933	TIMEOUT	990.905494721	921.501406595984	4817.530880	cloud-23938
eca-rers2012/Problem17_label37.yml	false	TIMEOUT	990.78726541	942.5408907669989	4644.028416	cloud-23979	TIMEOUT	990.816489497	934.9445812749982	4481.904640	cloud-24643	ERROR (solver error, after parsing finished)	833.251016571	783.3065006659963	5388.324864	cloud-23979	TIMEOUT	990.810213193	937.3440631109988	4468.985856	cloud-23933
eca-rers2012/Problem17_label38.yml	true	TIMEOUT	990.921737178	921.2092345790006	4694.917120	cloud-23979	TIMEOUT	991.038531746	928.842044797002	5882.331136	cloud-24444	ERROR (solver error, after parsing finished)	822.43816956	769.6660262290025	5531.500544	cloud-23979	TIMEOUT	991.056200211	927.5827849250054	5131.816960	cloud-23938
eca-rers2012/Problem17_label39.yml	true	TIMEOUT	990.834499323	935.2790367160014	4563.193856	cloud-23933	TIMEOUT	990.737214135	930.660248704	4497.903616	cloud-24444	ERROR (solver error, after parsing finished)	869.666866341	803.2909372869981	4436.590592	cloud-23933	TIMEOUT	991.009124868	937.8877955219941	4437.770240	cloud-23933
eca-rers2012/Problem17_label40.yml	false	TIMEOUT	990.849065559	907.0817765350002	4694.822912	cloud-23933	TIMEOUT	991.074021568	934.4585750199985	5775.695872	cloud-24441	ERROR (solver error, after parsing finished)	860.408185831	802.0776012770002	4634.054656	cloud-23933	TIMEOUT	990.783501903	937.0212985860126	4589.899776	cloud-23980
eca-rers2012/Problem17_label41.yml	true	TIMEOUT	990.926773664	910.18898997	4668.465152	cloud-23933	TIMEOUT	991.057234153	938.1592538879995	5513.961472	cloud-24643	ERROR (solver error, after parsing finished)	846.62280609	789.5076678570003	4472.655872	cloud-23933	TIMEOUT	991.040163131	930.073590140004	5738.954752	cloud-23982
eca-rers2012/Problem17_label42.yml	true	TIMEOUT	990.706999703	942.0190109130017	4561.616896	cloud-23979	TIMEOUT	990.81319152	943.1228554500012	5526.237184	cloud-24643	ERROR (solver error, after parsing finished)	864.461170178	805.737705915999	5271.773184	cloud-23933	TIMEOUT	990.948815245	930.7245668940013	5790.351360	cloud-23938
eca-rers2012/Problem17_label43.yml	true	TIMEOUT	990.976076158	919.708594765998	6532.022272	cloud-24261	TIMEOUT	990.874225659	930.9919029480006	4648.402944	cloud-24441	ERROR (solver error, after parsing finished)	839.866615567	779.4546201230005	6239.510528	cloud-23933	TIMEOUT	990.863021516	929.458652227011	4610.048000	cloud-23938
eca-rers2012/Problem17_label44.yml	true	TIMEOUT	990.758331396	935.1307826859993	4536.573952	cloud-24261	TIMEOUT	991.085762942	936.8609235539989	6112.280576	cloud-24444	ERROR (solver error, after parsing finished)	823.477335511	774.3764989639967	4402.229248	cloud-23979	TIMEOUT	990.876463448	928.5151007119857	4915.138560	cloud-23982
eca-rers2012/Problem17_label45.yml	true	TIMEOUT	990.837283251	935.6652510040003	4662.521856	cloud-23979	TIMEOUT	991.191043912	927.510229716001	4898.889728	cloud-24444	ERROR (solver error, after parsing finished)	837.490638225	784.0930734870008	4614.733824	cloud-23979	TIMEOUT	990.940011091	939.6952139270143	4619.272192	cloud-23979
eca-rers2012/Problem17_label46.yml	false	TIMEOUT	991.020229549	933.5476812279958	6000.975872	cloud-23933	TIMEOUT	990.753077353	940.166014618997	4256.366592	cloud-24643	ERROR (solver error, after parsing finished)	863.756835115	811.124370497997	4890.005504	cloud-24259	TIMEOUT	990.82369475	941.3719617000024	4698.083328	cloud-23980
eca-rers2012/Problem17_label47.yml	true	TIMEOUT	990.663163373	940.8136428770013	4299.497472	cloud-23979	TIMEOUT	990.864139246	934.1660058910056	4503.236608	cloud-24643	ERROR (solver error, after parsing finished)	831.831466212	773.0599110879994	4533.219328	cloud-23979	TIMEOUT	990.747632999	939.487103669002	4730.437632	cloud-23980
eca-rers2012/Problem17_label48.yml	true	TIMEOUT	991.024741308	920.1620366589996	5843.685376	cloud-23979	TIMEOUT	990.768701841	932.5604062989987	4663.930880	cloud-24444	ERROR (solver error, after parsing finished)	866.090819655	806.4991740459991	4579.725312	cloud-24259	TIMEOUT	990.755947066	937.9467093939893	4752.371712	cloud-23980
eca-rers2012/Problem17_label49.yml	false	TIMEOUT	990.763113591	944.6644248030007	4864.925696	cloud-23979	TIMEOUT	990.87514075	937.8208498580025	4871.000064	cloud-24643	ERROR (solver error, after parsing finished)	891.592469673	829.867492784997	4390.772736	cloud-23933	TIMEOUT	991.004394947	933.4790340930049	6582.726656	cloud-23980
eca-rers2012/Problem17_label50.yml	false	TIMEOUT	990.881276923	920.5274967090008	4709.232640	cloud-23979	TIMEOUT	991.114447639	930.2791697640023	4492.394496	cloud-24444	ERROR (solver error, after parsing finished)	825.3677193	775.8906224190005	4227.301376	cloud-23933	TIMEOUT	990.931063937	926.5943154669949	4686.901248	cloud-23982
eca-rers2012/Problem17_label51.yml	true	TIMEOUT	990.886224737	941.5150244110009	5061.517312	cloud-23979	TIMEOUT	991.113777027	931.3340307119979	5571.993600	cloud-24441	ERROR (solver error, after parsing finished)	860.488053067	800.7896450920016	5111.304192	cloud-23933	TIMEOUT	990.892593519	928.3080968279974	5058.256896	cloud-23982
eca-rers2012/Problem17_label52.yml	false	TIMEOUT	990.709738664	939.5380703779992	4334.301184	cloud-24261	TIMEOUT	990.93564669	925.1216366169974	4540.256256	cloud-24441	ERROR (solver error, after parsing finished)	825.540287452	774.9978569329978	4750.520320	cloud-23979	TIMEOUT	990.922868865	930.3082263839897	4872.806400	cloud-23938
eca-rers2012/Problem17_label53.yml	false	TIMEOUT	990.943924918	908.6090330379993	5403.394048	cloud-24261	TIMEOUT	991.079950987	934.1023376599987	5588.881408	cloud-24444	ERROR (solver error, after parsing finished)	843.580093164	786.1319273459958	4476.624896	cloud-24259	TIMEOUT	990.897072208	929.4221139939909	5038.178304	cloud-23982
eca-rers2012/Problem17_label54.yml	false	TIMEOUT	991.010505415	935.6901938869996	4569.341952	cloud-23933	TIMEOUT	990.853857291	927.8370219690005	4515.483648	cloud-24441	ERROR (solver error, after parsing finished)	855.815901419	800.3828017120031	4459.253760	cloud-23933	TIMEOUT	991.256336678	936.3076592949801	6406.529024	cloud-23938
eca-rers2012/Problem17_label55.yml	false	TIMEOUT	990.953167956	911.0548555370005	4778.594304	cloud-23979	TIMEOUT	991.352126585	935.2515003029985	6762.356736	cloud-24643	ERROR (solver error, after parsing finished)	866.078247619	806.162161193999	4510.871552	cloud-24259	TIMEOUT	991.130778519	926.1496557790088	5853.310976	cloud-23938
eca-rers2012/Problem17_label56.yml	true	TIMEOUT	990.941285081	939.3943660719997	4798.201856	cloud-23979	TIMEOUT	991.255981408	936.4694513409995	5891.272704	cloud-24444	ERROR (solver error, after parsing finished)	845.076956884	786.6910361990012	4407.795712	cloud-23979	TIMEOUT	990.743161155	928.1049341640028	4553.580544	cloud-23982
eca-rers2012/Problem17_label57.yml	false	TIMEOUT	990.805986303	944.4030337479999	4354.400256	cloud-23979	TIMEOUT	991.058680278	934.3026594900002	4499.623936	cloud-24444	ERROR (solver error, after parsing finished)	836.831082369	785.4278736029955	4586.049536	cloud-23979	TIMEOUT	990.952788679	936.4582815890026	5908.320256	cloud-23980
eca-rers2012/Problem17_label58.yml	true	TIMEOUT	990.840245555	942.382459102002	5170.126848	cloud-23979	TIMEOUT	991.139844713	931.0526182889989	4384.276480	cloud-24441	ERROR (solver error, after parsing finished)	828.8965258	781.1910699250002	4510.973952	cloud-23979	TIMEOUT	990.841577671	934.2050727010064	4824.625152	cloud-23979
eca-rers2012/Problem17_label59.yml	true	TIMEOUT	991.123799378	906.6716799469996	5007.265792	cloud-24261	TIMEOUT	990.943074675	930.8301222980008	4442.927104	cloud-24441	ERROR (solver error, after parsing finished)	835.390862218	778.298269547995	4377.968640	cloud-23979	TIMEOUT	990.895397638	937.6614305739931	4405.227520	cloud-23938
eca-rers2012/Problem18_label00.yml	false	TIMEOUT	990.938162551	918.6938243879995	5125.828608	cloud-23979	TIMEOUT	991.120081692	906.8744763750001	4902.776832	cloud-24444	TIMEOUT	991.097754287	908.9905931199974	4880.662528	cloud-24259	TIMEOUT	990.804758158	930.6486433899845	5228.122112	cloud-23982
eca-rers2012/Problem18_label01.yml	false	TIMEOUT	990.999682899	894.0249804979994	5423.190016	cloud-23933	TIMEOUT	991.255286856	915.2392114619979	5816.266752	cloud-24441	ERROR (solver error, after parsing finished)	881.843658495	801.3846004340012	5626.884096	cloud-23979	TIMEOUT	990.897653163	935.5629807639925	6965.350400	cloud-23933
eca-rers2012/Problem18_label02.yml	true	TIMEOUT	990.955272855	894.7802114099977	5235.908608	cloud-23979	TIMEOUT	991.102044149	925.9393718029969	7299.055616	cloud-24643	ERROR (solver error, after parsing finished)	841.178159924	779.6953536350002	5600.608256	cloud-23979	TIMEOUT	990.914660642	938.0351126529858	4963.721216	cloud-23979
eca-rers2012/Problem18_label03.yml	false	TIMEOUT	991.038550291	893.1048986540009	5008.777216	cloud-23933	TIMEOUT	991.020013182	917.5412991060002	5068.566528	cloud-24643	ERROR (solver error, after parsing finished)	851.502425954	787.1902341780001	4737.892352	cloud-23979	TIMEOUT	991.047335392	932.8661583799985	4965.371904	cloud-23938
eca-rers2012/Problem18_label04.yml	true	TIMEOUT	991.015401109	924.4424272199976	5148.225536	cloud-23933	TIMEOUT	990.901224537	923.0187431470004	4985.323520	cloud-24444	TIMEOUT (ERROR (solver error, after parsing finished))	903.82303381	830.2447863519992	5452.996608	cloud-23933	TIMEOUT	990.903784703	929.1478923399991	6347.976704	cloud-23982
eca-rers2012/Problem18_label05.yml	true	TIMEOUT	990.984961947	907.7770998989981	5188.644864	cloud-23979	TIMEOUT	990.923282828	920.0964683380007	4835.655680	cloud-24441	ERROR (solver error, after parsing finished)	865.270988118	795.7063722970015	4646.174720	cloud-23979	TIMEOUT	990.889331265	927.0693355080148	5512.605696	cloud-23982
eca-rers2012/Problem18_label06.yml	false	TIMEOUT	991.127690408	890.7214660850004	5351.895040	cloud-23933	TIMEOUT	991.35744007	922.1023231609943	6833.721344	cloud-24444	TIMEOUT	991.019548463	908.0216139559998	4696.150016	cloud-23933	TIMEOUT	991.011441153	928.9058788109978	5521.920000	cloud-23982
eca-rers2012/Problem18_label07.yml	true	TIMEOUT	990.999568132	917.1836320770017	5391.831040	cloud-23933	TIMEOUT	991.095709203	917.2690775580013	5362.692096	cloud-24643	ERROR (solver error, after parsing finished)	890.366735834	813.1907639870005	5870.116864	cloud-24259	TIMEOUT	990.773986543	936.6061375789868	4880.330752	cloud-23933
eca-rers2012/Problem18_label08.yml	false	TIMEOUT	991.01341808	918.497890491999	4803.805184	cloud-24261	TIMEOUT	991.050764476	916.5723725610005	5315.866624	cloud-24444	ERROR (solver error, after parsing finished)	895.933281561	811.6998603859975	5198.422016	cloud-23933	TIMEOUT	990.837046888	930.5903078949777	4862.537728	cloud-23982
eca-rers2012/Problem18_label09.yml	false	TIMEOUT	990.648336012	938.117396529	5195.816960	cloud-23941	TIMEOUT	990.741741763	926.9644139159973	4648.148992	cloud-24643	ERROR (solver error, after parsing finished)	854.008142511	796.8860845920008	5043.044352	cloud-23979	TIMEOUT	990.932005434	934.1658252929919	4907.442176	cloud-23938
eca-rers2012/Problem18_label10.yml	false	TIMEOUT	991.137420103	900.368432024	7447.883776	cloud-24261	TIMEOUT	991.040090365	916.7171095560043	4952.166400	cloud-24643	TIMEOUT	991.113276596	907.9149748799973	4721.287168	cloud-23933	TIMEOUT	990.948578487	920.1215411620215	4954.861568	cloud-23938
eca-rers2012/Problem18_label11.yml	true	TIMEOUT	990.679738348	927.583339058001	5523.378176	cloud-23941	TIMEOUT	991.049935921	917.5153212859987	4892.000256	cloud-24441	TIMEOUT	991.066447462	915.750464151999	4836.962304	cloud-23933	TIMEOUT	990.817807336	939.0542401929852	4815.020032	cloud-23979
eca-rers2012/Problem18_label12.yml	false	TIMEOUT	991.002383985	920.8287097930006	5240.844288	cloud-23933	TIMEOUT	990.938666624	921.7143678430002	5203.292160	cloud-24643	TIMEOUT	991.0315258	909.988550131	4920.262656	cloud-23933	TIMEOUT	990.837062752	933.535609722021	5070.323712	cloud-23938
eca-rers2012/Problem18_label13.yml	true	TIMEOUT	991.056312715	921.2395449920004	6241.456128	cloud-24261	TIMEOUT	990.845857618	914.8096348649997	4705.935360	cloud-24643	ERROR (solver error, after parsing finished)	891.497791914	784.1918937090013	4868.694016	cloud-23979	TIMEOUT	990.79565569	939.471284528001	5321.658368	cloud-23980
eca-rers2012/Problem18_label14.yml	true	TIMEOUT	991.034697033	926.9372587920006	6741.954560	cloud-24261	TIMEOUT	990.912081569	933.0393589800005	4747.116544	cloud-24643	ERROR (solver error, after parsing finished)	827.126693091	773.9033689149946	5220.503552	cloud-23942	TIMEOUT	990.818190693	925.2115752199898	4885.274624	cloud-23933
eca-rers2012/Problem18_label15.yml	true	TIMEOUT	991.028697184	903.4717480540003	5631.983616	cloud-24261	TIMEOUT	990.727726671	932.0093414620005	4594.438144	cloud-23939	TIMEOUT	990.947135105	915.3218664679989	5070.278656	cloud-23979	TIMEOUT	990.747364588	941.5324924130109	4756.979712	cloud-23979
eca-rers2012/Problem18_label16.yml	true	TIMEOUT	991.050229658	912.4309933180011	6576.771072	cloud-23979	TIMEOUT	991.139699257	914.7618908650002	5278.212096	cloud-24441	ERROR (solver error, after parsing finished)	842.518397337	777.1877277659951	4858.179584	cloud-23979	TIMEOUT	990.811530318	936.8761025239946	5127.098368	cloud-23933
eca-rers2012/Problem18_label17.yml	true	TIMEOUT	990.917945663	921.6468979660021	5432.766464	cloud-24261	TIMEOUT	991.115183572	909.863409567999	5408.804864	cloud-24444	TIMEOUT	990.84833568	919.9096364319998	5102.960640	cloud-23979	TIMEOUT	990.932880033	938.5572483690048	5073.141760	cloud-23979
eca-rers2012/Problem18_label18.yml	true	TIMEOUT	990.955858877	921.6483110279951	6317.617152	cloud-23979	TIMEOUT	991.074662018	903.2134991300045	4713.082880	cloud-24441	TIMEOUT	990.87229881	909.703682333995	5773.934592	cloud-24259	TIMEOUT	990.870517297	927.392353112984	5124.669440	cloud-23933
eca-rers2012/Problem18_label19.yml	false	TIMEOUT	990.987682797	911.1603913390027	4894.572544	cloud-23933	TIMEOUT	990.83792234	849.1925808499982	5353.390080	cloud-24441	TIMEOUT	990.785508683	897.2452140949972	5567.365120	cloud-23979	TIMEOUT	990.833614441	941.5486928099999	4958.785536	cloud-23980
eca-rers2012/Problem18_label20.yml	false	TIMEOUT	990.927454798	914.6804648219986	5528.776704	cloud-23979	TIMEOUT	991.132134449	908.7197921389998	4886.503424	cloud-24441	TIMEOUT	990.949029256	918.812626676001	4980.146176	cloud-23979	TIMEOUT	990.950866471	938.1233326570073	5908.754432	cloud-23933
eca-rers2012/Problem18_label21.yml	true	TIMEOUT	991.087035811	895.6430380509992	6174.035968	cloud-23933	TIMEOUT	990.893170877	926.6172169860001	6228.107264	cloud-24643	ERROR (solver error, after parsing finished)	861.730135803	789.9831854670047	4737.486848	cloud-23979	TIMEOUT	990.79327353	938.8956817759899	4791.828480	cloud-23979
eca-rers2012/Problem18_label22.yml	true	TIMEOUT	991.199873459	896.3931378049965	5445.988352	cloud-23933	TIMEOUT	991.157232164	916.2437280980012	5210.157056	cloud-24441	TIMEOUT	990.956807379	908.585743484	4704.804864	cloud-24259	TIMEOUT	990.816188408	937.9350446830213	4805.656576	cloud-23979
eca-rers2012/Problem18_label23.yml	true	TIMEOUT	990.866418214	910.0915390850023	5092.020224	cloud-23979	TIMEOUT	990.909405379	916.8787575569995	4914.708480	cloud-24643	TIMEOUT	990.80535743	922.3307637969992	4600.164352	cloud-23979	TIMEOUT	990.851817871	934.8090608530038	4828.020736	cloud-23982
eca-rers2012/Problem18_label24.yml	true	TIMEOUT	991.064031879	908.9306027640014	6091.665408	cloud-23933	TIMEOUT	991.040363829	909.2333759819994	4765.446144	cloud-24444	ERROR (solver error, after parsing finished)	884.307329971	805.7387664109992	4744.585216	cloud-24259	TIMEOUT	991.011015443	930.1588738209975	5134.127104	cloud-23933
eca-rers2012/Problem18_label25.yml	false	TIMEOUT	990.999503962	895.9199139539996	5151.416320	cloud-23933	TIMEOUT	991.303947157	913.7179244409999	6270.484480	cloud-24643	TIMEOUT	990.883176629	919.4102726189958	6209.720320	cloud-23979	TIMEOUT	991.029830186	927.8776399470225	4938.149888	cloud-23982
eca-rers2012/Problem18_label26.yml	true	TIMEOUT	991.092201723	910.4488284289982	5769.359360	cloud-24261	TIMEOUT	991.276244083	911.7779408540009	5544.587264	cloud-24643	TIMEOUT	990.812163418	923.3883036369953	5798.838272	cloud-23979	TIMEOUT	990.884802784	926.803933156014	4854.185984	cloud-23982
eca-rers2012/Problem18_label27.yml	false	TIMEOUT	990.929760187	916.8280837739985	4685.328384	cloud-23979	TIMEOUT	991.439356312	896.5295802999972	4649.287680	cloud-24643	TIMEOUT	991.286234791	913.0699639459999	5084.250112	cloud-24259	TIMEOUT	990.862113008	939.6211001940246	4781.166592	cloud-23979
eca-rers2012/Problem18_label28.yml	true	TIMEOUT	991.034672746	910.4073160520056	4753.846272	cloud-23933	TIMEOUT	991.030623735	911.8875419079995	4882.939904	cloud-24444	TIMEOUT	990.874483411	925.4242919610042	6003.765248	cloud-23979	TIMEOUT	990.814805592	938.9023608250136	6127.538176	cloud-23980
eca-rers2012/Problem18_label29.yml	true	TIMEOUT	991.297175188	900.5559922739994	6547.460096	cloud-23933	TIMEOUT	991.152082721	920.5713228370005	5342.412800	cloud-24643	TIMEOUT	991.113606941	914.9534408440013	6400.094208	cloud-23979	TIMEOUT	990.782795002	938.8592270920053	5765.652480	cloud-23980
eca-rers2012/Problem18_label30.yml	true	TIMEOUT	990.984672459	906.5679145069998	5385.687040	cloud-24261	TIMEOUT	991.000793054	910.9723361910001	4828.602368	cloud-24441	TIMEOUT	991.09086314	911.4454799630039	5034.360832	cloud-23933	TIMEOUT	991.157765525	924.797478263994	5647.585280	cloud-23982
eca-rers2012/Problem18_label31.yml	false	TIMEOUT	991.025291454	901.6827455279999	5733.924864	cloud-24261	TIMEOUT	990.731838027	923.6730659089999	4917.444608	cloud-24643	TIMEOUT (ERROR (solver error, after parsing finished))	913.436668425	832.0266412959973	5395.161088	cloud-24259	TIMEOUT	990.809469934	937.3613789720112	5021.122560	cloud-23979
eca-rers2012/Problem18_label32.yml	false	TIMEOUT	991.026649131	912.3964916829973	4699.938816	cloud-23979	TIMEOUT	991.335936101	906.7112693380004	6219.567104	cloud-24444	ERROR (solver error, after parsing finished)	899.275987361	815.3258719950027	5778.612224	cloud-24259	TIMEOUT	990.923998227	937.158956246014	5130.240000	cloud-23933
eca-rers2012/Problem18_label33.yml	false	TIMEOUT	991.001507762	915.3172491620026	5509.718016	cloud-23979	TIMEOUT	991.120662835	916.2776047830012	4870.557696	cloud-24441	ERROR (solver error, after parsing finished)	867.308855666	791.6728690439995	4822.441984	cloud-23979	TIMEOUT	990.67807167	925.9708295919991	4707.155968	cloud-23982
eca-rers2012/Problem18_label34.yml	false	TIMEOUT	990.954147426	904.1088876530011	5114.474496	cloud-24261	TIMEOUT	991.358788796	891.4170886200009	5059.952640	cloud-24444	ERROR (solver error, after parsing finished)	879.589352669	796.1338217009979	5072.928768	cloud-23933	TIMEOUT	990.987484533	940.2051108859887	6610.141184	cloud-23979
eca-rers2012/Problem18_label35.yml	false	TIMEOUT	990.67776071	927.7641823619997	5471.219712	cloud-23944	TIMEOUT	991.142445462	918.0906519350028	6079.434752	cloud-24441	TIMEOUT (ERROR (solver error, after parsing finished))	915.248108511	813.6149654889996	5470.191616	cloud-23933	TIMEOUT	991.005476699	937.1302414429956	6625.988608	cloud-23980
eca-rers2012/Problem18_label36.yml	false	TIMEOUT	990.958982267	900.8989882380001	5133.099008	cloud-24261	TIMEOUT	991.128192579	914.1356084899999	5531.955200	cloud-24444	TIMEOUT	990.852530846	910.9133193140005	4748.894208	cloud-24259	TIMEOUT	991.00700867	928.473350373999	6005.280768	cloud-23938
eca-rers2012/Problem18_label37.yml	true	TIMEOUT	991.223217906	908.434057669001	5743.222784	cloud-23933	TIMEOUT	991.135789156	903.6220053060024	4957.622272	cloud-24441	TIMEOUT	991.02931185	898.0252459449985	4853.837824	cloud-23933	TIMEOUT	990.995312061	939.9160139669839	6207.348736	cloud-23979
eca-rers2012/Problem18_label38.yml	false	TIMEOUT	991.028408976	911.083477401	4873.146368	cloud-23933	TIMEOUT	991.21454236	903.2205341650006	4739.862528	cloud-24444	TIMEOUT	990.988351852	919.3449265470008	4920.983552	cloud-23979	TIMEOUT	990.976872423	940.3199710399786	5765.120000	cloud-23933
eca-rers2012/Problem18_label39.yml	false	TIMEOUT	991.065734206	918.8137030900016	4923.576320	cloud-24261	TIMEOUT	991.069589128	915.5217543839972	4932.583424	cloud-24441	ERROR (solver error, after parsing finished)	855.345008076	786.3761907450025	4995.985408	cloud-23979	TIMEOUT	990.840587215	930.4401908979926	4980.338688	cloud-23982
eca-rers2012/Problem18_label40.yml	true	TIMEOUT	991.112258744	925.572954815998	5162.725376	cloud-23979	TIMEOUT	991.091591022	918.0158562400029	4846.022656	cloud-24643	ERROR (solver error, after parsing finished)	882.803824092	802.6148012100002	4705.370112	cloud-23933	TIMEOUT	990.921064877	933.7668359829986	4957.249536	cloud-23933
eca-rers2012/Problem18_label41.yml	true	TIMEOUT	990.599880355	888.449310586002	5063.811072	cloud-23979	TIMEOUT	991.24418428	910.5471230539988	5921.271808	cloud-24643	TIMEOUT	991.347575045	912.0843924060027	4812.820480	cloud-23933	TIMEOUT	990.838686041	934.6876170570031	4987.002880	cloud-23980
eca-rers2012/Problem18_label42.yml	true	TIMEOUT	991.171378767	907.3953322740017	6520.745984	cloud-23933	TIMEOUT	991.053457997	918.1360483980025	5862.785024	cloud-24441	ERROR (solver error, after parsing finished)	893.241933848	809.032856201	4729.909248	cloud-23933	TIMEOUT	991.087406856	938.7546251970052	5148.758016	cloud-23933
eca-rers2012/Problem18_label43.yml	true	TIMEOUT	990.962319108	909.5148385440007	5257.940992	cloud-24261	TIMEOUT	990.799017632	916.1359770880008	4812.615680	cloud-24643	TIMEOUT (ERROR (solver error, after parsing finished))	907.21839449	831.3753065860001	5025.955840	cloud-23933	TIMEOUT	990.77888049	934.7503819540143	4927.799296	cloud-23979
eca-rers2012/Problem18_label44.yml	true	TIMEOUT	990.911034528	899.5134745859996	4948.774912	cloud-23979	TIMEOUT	991.161901383	907.3133678160011	5177.020416	cloud-24643	ERROR (solver error, after parsing finished)	891.792912713	816.2398299180059	4689.911808	cloud-24259	TIMEOUT	990.834731772	936.0182831879938	4917.956608	cloud-23979
eca-rers2012/Problem18_label45.yml	false	TIMEOUT	991.269744512	893.2135192700007	6412.148736	cloud-23933	TIMEOUT	990.933576334	920.424365865998	5121.716224	cloud-24643	ERROR (solver error, after parsing finished)	865.711345816	795.7547235029997	5986.385920	cloud-23933	TIMEOUT	990.727305347	937.7913438069809	5011.947520	cloud-23979
eca-rers2012/Problem18_label46.yml	true	TIMEOUT	990.952606578	905.0679337549991	7156.129792	cloud-23979	TIMEOUT	991.02936778	918.2669706599991	5232.353280	cloud-24441	ERROR (solver error, after parsing finished)	851.499861809	784.243046086005	6236.008448	cloud-23979	TIMEOUT	990.943741272	934.0808137129934	5015.121920	cloud-23980
eca-rers2012/Problem18_label47.yml	true	TIMEOUT	990.972918461	894.7081530739997	5369.602048	cloud-23933	TIMEOUT	990.989828996	911.4797376919996	5393.518592	cloud-24441	ERROR (solver error, after parsing finished)	872.832243856	805.9462137830005	6298.435584	cloud-23933	TIMEOUT	990.887826279	940.6779855109926	5535.137792	cloud-23933
eca-rers2012/Problem18_label48.yml	true	TIMEOUT	990.948784952	907.1923116239996	5148.803072	cloud-23979	TIMEOUT	990.922920774	918.0539874030001	5056.696320	cloud-24643	TIMEOUT	991.105425713	912.1895610240026	5563.420672	cloud-24259	TIMEOUT	990.922578415	934.5183725839888	5182.668800	cloud-23933
eca-rers2012/Problem18_label49.yml	false	TIMEOUT	991.017562207	908.6900338989981	5209.985024	cloud-24261	TIMEOUT	990.930137163	903.4993841950018	5335.461888	cloud-23939	ERROR (solver error, after parsing finished)	845.475750416	777.5446729489995	5222.862848	cloud-23979	TIMEOUT	990.937801126	941.6569106759853	4850.421760	cloud-23980
eca-rers2012/Problem18_label50.yml	true	TIMEOUT	991.138413877	896.3620100750013	4965.556224	cloud-23933	TIMEOUT	991.242663382	901.212339310001	5323.784192	cloud-24441	ERROR (solver error, after parsing finished)	845.286812976	778.2991492410001	5852.893184	cloud-23979	TIMEOUT	990.998727995	936.1470963649917	5389.873152	cloud-23933
eca-rers2012/Problem18_label51.yml	true	TIMEOUT	991.02204567	906.8566163800006	5041.942528	cloud-24261	TIMEOUT	991.058606646	913.0979874660006	4735.406080	cloud-24441	ERROR (solver error, after parsing finished)	896.546178937	813.7073402329988	6497.792000	cloud-23933	TIMEOUT	990.756911334	932.101865958015	4749.672448	cloud-23982
eca-rers2012/Problem18_label52.yml	false	TIMEOUT	991.432949874	891.5562791810007	6690.062336	cloud-23979	TIMEOUT	991.212369616	917.785917303001	6306.484224	cloud-24444	ERROR (solver error, after parsing finished)	852.337499107	791.1402291180002	4828.573696	cloud-23979	TIMEOUT	991.031856082	939.2271225809818	5404.131328	cloud-23933
eca-rers2012/Problem18_label53.yml	true	TIMEOUT	990.836148839	915.1536916260011	4665.286656	cloud-23933	TIMEOUT	990.987455585	923.0819200650003	4988.317696	cloud-24643	TIMEOUT	990.992718489	926.6981830240002	4955.488256	cloud-23979	TIMEOUT	990.785654892	938.6750772249943	5489.643520	cloud-23980
eca-rers2012/Problem18_label54.yml	true	TIMEOUT	990.671251896	941.0437978780001	5873.459200	cloud-24261	TIMEOUT	991.005785222	926.9849559729992	5118.836736	cloud-24444	ERROR (solver error, after parsing finished)	819.323880679	777.7326943540002	5736.996864	cloud-23940	TIMEOUT	990.932653311	932.9722187529842	5097.885696	cloud-23933
eca-rers2012/Problem18_label55.yml	false	TIMEOUT	991.005866548	934.6480160680003	6393.069568	cloud-23979	TIMEOUT	991.176619814	909.7708451590006	5773.930496	cloud-24444	ERROR (solver error, after parsing finished)	852.544093845	780.5549854079982	4781.682688	cloud-23979	TIMEOUT	990.847957133	934.4389711100084	4989.440000	cloud-23933
eca-rers2012/Problem18_label56.yml	true	TIMEOUT	990.966017195	908.5427894029999	5921.873920	cloud-23933	TIMEOUT	990.927097079	917.5177166129997	4652.818432	cloud-24643	TIMEOUT (ERROR (solver error, after parsing finished))	903.306451776	787.0053808859993	6331.801600	cloud-23979	TIMEOUT	991.036845262	942.4950331859873	6920.515584	cloud-23980
eca-rers2012/Problem18_label57.yml	false	TIMEOUT	991.177878108	888.7559616360004	6853.550080	cloud-24261	TIMEOUT	990.862887271	919.1898198169947	4904.542208	cloud-24444	ERROR (solver error, after parsing finished)	883.93270316	809.5555408180007	4990.914560	cloud-23933	TIMEOUT	991.041302477	932.3292930949829	6387.105792	cloud-23982
eca-rers2012/Problem18_label58.yml	true	TIMEOUT	991.42021671	893.7925035879998	5494.452224	cloud-23933	TIMEOUT	990.92529077	920.2592110829937	5724.487680	cloud-24444	ERROR (solver error, after parsing finished)	855.822826854	784.5663727020001	5317.623808	cloud-23979	TIMEOUT	990.93297814	936.663674268988	5087.760384	cloud-23979
eca-rers2012/Problem18_label59.yml	true	TIMEOUT	991.285837238	895.031940031	6931.611648	cloud-23933	TIMEOUT	991.015422495	906.3299100660006	6231.035904	cloud-24444	TIMEOUT	990.957970427	917.7509687640013	6315.511808	cloud-23933	TIMEOUT	990.866487414	933.5795862340019	4999.532544	cloud-23933
eca-rers2012/Problem19_label00.yml	true	OUT OF MEMORY	452.37230338	328.4577270150003	15000.035328	cloud-24276	TIMEOUT	991.638280021	619.087302208005	13697.044480	cloud-24441	TIMEOUT	992.261504837	610.956121713	13736.898560	cloud-23944	TIMEOUT	991.368342749	898.8342763429973	14051.287040	cloud-23943
eca-rers2012/Problem19_label01.yml	true	TIMEOUT	991.060111693	621.0175461309991	13636.251648	cloud-23939	TIMEOUT	992.296061387	617.3880485980044	13132.890112	cloud-23941	TIMEOUT	992.720748997	625.4906557229988	12668.829696	cloud-24261	TIMEOUT	991.985995111	868.5795128099853	14008.430592	cloud-23933
eca-rers2012/Problem19_label02.yml	true	TIMEOUT	993.004382381	622.4317920100002	13675.204608	cloud-24261	TIMEOUT	992.95329344	617.2211516259995	13674.504192	cloud-24441	TIMEOUT	992.017544661	618.8542612040037	12808.138752	cloud-23940	TIMEOUT	991.208263381	898.3298081640096	14000.881664	cloud-23940
eca-rers2012/Problem19_label03.yml	true	TIMEOUT	992.010756376	651.843945521	12944.887808	cloud-24276	TIMEOUT	993.004918146	617.0376022169949	13701.332992	cloud-24441	TIMEOUT	991.93163582	616.4666716370048	12837.818368	cloud-23940	TIMEOUT	991.695222873	858.9481552680081	13948.948480	cloud-23933
eca-rers2012/Problem19_label04.yml	true	TIMEOUT	992.244763896	611.327310263001	12924.567552	cloud-23979	TIMEOUT	991.684216025	655.898420070007	13747.564544	cloud-23939	TIMEOUT	991.555412588	618.1175037740031	13752.135680	cloud-24261	TIMEOUT	991.411245696	896.4895620720054	14361.346048	cloud-23943
eca-rers2012/Problem19_label05.yml	true	TIMEOUT	973.009611429	757.0292580750001	15000.043520	cloud-24276	OUT OF MEMORY	616.090437457	403.1240116919944	15000.039424	cloud-24441	TIMEOUT	991.168372408	614.6778543859982	13705.580544	cloud-23942	TIMEOUT	991.980450421	872.9300179410202	13982.232576	cloud-23980
eca-rers2012/Problem19_label06.yml	true	TIMEOUT	991.730934937	802.4999570740001	13711.941632	cloud-23933	TIMEOUT	992.258520963	805.3386414080014	14992.818176	cloud-24643	TIMEOUT	992.139898695	806.3514990020003	13727.395840	cloud-23933	OUT OF MEMORY	485.572421324	351.2246363120212	15000.051712	cloud-23982
eca-rers2012/Problem19_label07.yml	true	TIMEOUT	992.723115463	620.7314092060005	14866.788352	cloud-24276	TIMEOUT	992.127914755	613.7100516390055	13681.422336	cloud-24444	TIMEOUT	992.645093087	611.2952249930022	13693.526016	cloud-23979	OUT OF MEMORY	290.990804187	204.23206443697563	15000.182784	cloud-23942
eca-rers2012/Problem19_label08.yml	true	TIMEOUT	991.401188657	635.6760184950108	13691.662336	cloud-24261	TIMEOUT	991.889447156	625.9934934240009	13664.665600	cloud-23939	TIMEOUT	991.882411892	627.8738252290059	12729.503744	cloud-23940	OUT OF MEMORY	292.017512797	211.63898292201338	15000.178688	cloud-23944
eca-rers2012/Problem19_label09.yml	true	TIMEOUT	992.261050703	592.2830102670123	12820.529152	cloud-23943	TIMEOUT	992.212443325	596.0809163689992	14189.211648	cloud-24441	TIMEOUT	992.405524522	605.5580628320022	12962.643968	cloud-24261	TIMEOUT	992.086823337	875.2529306140204	13982.027776	cloud-23979
eca-rers2012/Problem19_label10.yml	false	TIMEOUT	992.287348028	818.3571139640007	14950.850560	cloud-23933	TIMEOUT	992.193041358	604.5054818729986	13747.896320	cloud-23939	TIMEOUT	992.826332146	617.5935785710026	14091.390976	cloud-24261	OUT OF MEMORY	283.617383103	218.43460001601488	15000.047616	cloud-23979
eca-rers2012/Problem19_label11.yml	false	TIMEOUT	992.862976848	616.3723576659995	13688.029184	cloud-23979	OUT OF MEMORY	646.61056309	438.6955037509979	15000.039424	cloud-24441	TIMEOUT	991.800336369	602.7926142489999	13800.374272	cloud-23942	TIMEOUT	991.306886401	894.1198209949944	14034.915328	cloud-23943
eca-rers2012/Problem19_label12.yml	true	TIMEOUT	991.865297858	604.0312630059998	13986.664448	cloud-23933	TIMEOUT	993.434301413	646.6950520389983	13675.839488	cloud-24643	TIMEOUT	990.881849394	602.8780132809916	13642.149888	cloud-23941	TIMEOUT	991.923288644	856.8420155629865	13977.235456	cloud-23982
eca-rers2012/Problem19_label13.yml	true	TIMEOUT	992.866821326	617.9218702299986	13690.163200	cloud-24276	TIMEOUT	993.153879298	614.2264658530039	12860.981248	cloud-24441	TIMEOUT	993.23743213	629.481118939002	13709.316096	cloud-24261	OUT OF MEMORY	380.839487961	275.8808000339777	15000.051712	cloud-23933
eca-rers2012/Problem19_label14.yml	false	TIMEOUT	991.73033972	638.6450845470026	12844.187648	cloud-24276	TIMEOUT	991.697124712	660.4194916300003	13771.030528	cloud-23940	TIMEOUT	991.309997298	635.5143834990013	12763.025408	cloud-24261	TIMEOUT	991.149483957	904.1522090689978	13979.467776	cloud-23944
eca-rers2012/Problem19_label15.yml	true	TIMEOUT	992.776863989	615.1896710589936	13706.674176	cloud-24261	TIMEOUT	993.11873891	612.2374458530103	14995.124224	cloud-24444	TIMEOUT	992.933440357	636.6062689199998	13710.282752	cloud-24276	TIMEOUT	991.87408009	872.9077502699802	14040.920064	cloud-23938
eca-rers2012/Problem19_label16.yml	true	TIMEOUT	992.975410494	624.6678264680013	13719.248896	cloud-24276	TIMEOUT	992.628009437	644.4885163920007	14180.311040	cloud-24441	TIMEOUT	991.991658087	609.1414224469991	13703.331840	cloud-23939	TIMEOUT	991.878103369	877.0011046350119	14009.999360	cloud-23979
eca-rers2012/Problem19_label17.yml	false	TIMEOUT	991.928007451	648.9689459580004	13671.677952	cloud-23933	TIMEOUT	993.268459457	611.5180930949864	13748.428800	cloud-24444	TIMEOUT	992.406589353	614.0278576090059	13730.508800	cloud-23940	TIMEOUT	991.458573012	899.2033253959962	14330.511360	cloud-23943
eca-rers2012/Problem19_label18.yml	false	TIMEOUT	993.122570035	627.9769968219989	13698.486272	cloud-23933	TIMEOUT	993.225790512	664.036681106998	14030.700544	cloud-24643	TIMEOUT	992.956055701	635.3035670539975	13730.377728	cloud-23933	TIMEOUT	991.795483932	882.3439052549948	14326.202368	cloud-23979
eca-rers2012/Problem19_label19.yml	false	TIMEOUT	992.320160372	623.0326251980005	14055.956480	cloud-23944	TIMEOUT	991.430652115	614.1573819040204	13726.437376	cloud-23940	TIMEOUT	991.004018523	612.3494975790018	13702.488064	cloud-24261	OUT OF MEMORY	489.672377511	366.3869060429861	15000.055808	cloud-23982
eca-rers2012/Problem19_label20.yml	true	TIMEOUT	992.885860139	623.8675970660006	13690.101760	cloud-24276	TIMEOUT	992.242924436	612.8743602459999	13671.010304	cloud-23940	TIMEOUT	992.005001685	614.9670041630001	13719.973888	cloud-24276	TIMEOUT	991.27049845	895.9980745250068	13964.079104	cloud-23939
eca-rers2012/Problem19_label21.yml	false	TIMEOUT	991.699852837	699.7069114519982	14865.842176	cloud-24261	OUT OF MEMORY	636.115004734	416.72146554099163	15000.170496	cloud-23943	TIMEOUT	993.247264101	648.5205797249982	14085.160960	cloud-23933	TIMEOUT	991.529443013	894.6079680389958	13095.395328	cloud-23941
eca-rers2012/Problem19_label22.yml	false	TIMEOUT	992.595942246	626.5231071860035	14040.760320	cloud-24261	TIMEOUT	991.971819181	617.773264745003	13747.662848	cloud-24444	TIMEOUT	992.839157108	624.1497624609983	14201.643008	cloud-24261	TIMEOUT	991.119719472	905.9555216330045	13133.258752	cloud-23944
eca-rers2012/Problem19_label23.yml	true	TIMEOUT	991.222192659	662.9303343270003	14935.322624	cloud-23979	TIMEOUT	992.062311447	622.2005491430027	13746.192384	cloud-23940	TIMEOUT	992.722479731	616.2680161250028	13709.746176	cloud-23942	TIMEOUT	991.889746276	862.8263263280096	13908.885504	cloud-23933
eca-rers2012/Problem19_label24.yml	true	TIMEOUT	992.640782096	628.3539979420002	13681.688576	cloud-23979	TIMEOUT	992.508205675	623.9683852140006	13695.508480	cloud-24444	TIMEOUT	993.283740775	640.1947889830044	13696.892928	cloud-24261	TIMEOUT	992.219446475	859.2725599950063	13979.684864	cloud-23938
eca-rers2012/Problem19_label25.yml	true	TIMEOUT	992.138994676	615.8876683529961	13689.978880	cloud-23939	TIMEOUT	992.568629699	619.8009971740103	13671.161856	cloud-24643	TIMEOUT	993.554663144	647.0107517030119	14002.012160	cloud-24261	TIMEOUT	991.851395816	873.9909952260205	13975.875584	cloud-23933
eca-rers2012/Problem19_label26.yml	false	TIMEOUT	992.124574072	619.9005871769914	13724.295168	cloud-23942	TIMEOUT	992.279846066	613.8811540469906	12852.129792	cloud-23942	TIMEOUT	992.034873804	632.251264227	13699.686400	cloud-23979	TIMEOUT	991.776675942	876.5447900189902	14233.849856	cloud-23938
eca-rers2012/Problem19_label27.yml	false	TIMEOUT	992.113786338	627.7639828009997	13748.953088	cloud-24276	TIMEOUT	991.584811447	617.7661856339982	13745.082368	cloud-23944	TIMEOUT	991.946648655	616.0065344079994	12883.001344	cloud-23944	TIMEOUT	991.220103804	897.6734614089946	13983.789056	cloud-23943
eca-rers2012/Problem19_label28.yml	false	TIMEOUT	991.749926411	635.3392270050008	13751.545856	cloud-23933	TIMEOUT	992.893533848	618.0091457960079	12822.974464	cloud-24441	TIMEOUT	992.674378727	618.4211782569982	13749.719040	cloud-23943	TIMEOUT	991.741792299	865.340406680014	14007.312384	cloud-23933
eca-rers2012/Problem19_label29.yml	false	TIMEOUT	991.865390532	608.9385347189964	13774.082048	cloud-23940	TIMEOUT	993.099205849	642.8346071619999	14041.591808	cloud-24444	TIMEOUT	992.21131396	642.5390999330048	12868.943872	cloud-24261	TIMEOUT	992.368911626	844.2297479390108	14017.826816	cloud-23938
eca-rers2012/Problem19_label30.yml	true	OUT OF MEMORY	342.71267152	238.51586600100563	15000.043520	cloud-24261	TIMEOUT	991.988111564	616.1437589050038	13720.166400	cloud-23941	TIMEOUT	990.982826781	608.2947799649992	13753.020416	cloud-23943	TIMEOUT	991.817328721	870.8098759300192	13065.199616	cloud-23979
eca-rers2012/Problem19_label31.yml	false	OUT OF MEMORY	580.136811046	382.945667011998	15000.166400	cloud-23942	TIMEOUT	993.210849208	620.6792382400017	13707.108352	cloud-24444	TIMEOUT	993.234308654	619.3548618439963	13693.833216	cloud-24261	TIMEOUT	991.985921913	854.966120832978	13063.565312	cloud-23982
eca-rers2012/Problem19_label32.yml	false	TIMEOUT	992.812903322	640.1860404350009	13765.029888	cloud-23979	OUT OF MEMORY	633.733534209	413.15224046999356	15000.039424	cloud-24444	TIMEOUT	992.718640381	617.8331457589957	13715.619840	cloud-23943	TIMEOUT	992.194905681	870.9358124630235	13898.342400	cloud-23980
eca-rers2012/Problem19_label33.yml	true	TIMEOUT	991.493567565	623.3358529360121	13721.419776	cloud-23943	TIMEOUT	992.162214876	619.9779810750042	13749.379072	cloud-23941	TIMEOUT	992.901833671	636.1723262829983	14992.044032	cloud-23979	TIMEOUT	992.192206034	866.319821240002	13085.364224	cloud-23980
eca-rers2012/Problem19_label34.yml	true	TIMEOUT	991.999711853	630.0532566469992	13708.460032	cloud-23933	TIMEOUT	992.884412597	621.2079400689981	13706.891264	cloud-24444	TIMEOUT	992.821661956	625.4369752040002	13699.256320	cloud-24261	TIMEOUT	991.210893689	904.3806237580138	14009.159680	cloud-23942
eca-rers2012/Problem19_label35.yml	true	TIMEOUT	992.847225284	621.8222837580015	13700.567040	cloud-23979	TIMEOUT	992.748521088	611.6611776810005	13763.301376	cloud-23942	TIMEOUT	992.69987279	611.6175985060036	13716.054016	cloud-23944	TIMEOUT	991.147185585	904.3662728750205	14130.626560	cloud-23944
eca-rers2012/Problem19_label36.yml	true	TIMEOUT	993.006924049	620.8313911659934	13642.547200	cloud-24261	TIMEOUT	991.313068549	621.3356012880104	12372.860928	cloud-24441	TIMEOUT	992.660466813	638.6343488290004	13677.789184	cloud-23933	TIMEOUT	991.844393562	882.3865213009994	13973.409792	cloud-23979
eca-rers2012/Problem19_label37.yml	true	TIMEOUT	992.008968552	625.2568702350109	13724.520448	cloud-23942	OUT OF MEMORY	369.078313215	254.43342253100127	15000.162304	cloud-23941	TIMEOUT	992.488695955	626.1658366589982	13714.296832	cloud-23939	OUT OF MEMORY	353.149524733	263.2965824120038	15000.178688	cloud-23940
eca-rers2012/Problem19_label38.yml	true	TIMEOUT	993.166669695	621.8197515279899	13741.658112	cloud-24261	TIMEOUT	993.059218723	618.9383916119987	12803.424256	cloud-24441	TIMEOUT	992.646334363	619.2059384649983	12768.931840	cloud-23944	TIMEOUT	991.33566968	889.5455804039957	13997.264896	cloud-23941
eca-rers2012/Problem19_label39.yml	true	TIMEOUT	992.681720166	612.0080621800007	12815.572992	cloud-23942	TIMEOUT	990.760527756	606.2029991820455	13670.158336	cloud-23940	TIMEOUT	991.512219119	615.3774355810019	13694.500864	cloud-23940	TIMEOUT	991.254833778	900.4226745229971	13964.320768	cloud-23942
eca-rers2012/Problem19_label40.yml	true	TIMEOUT	991.754703793	628.4213910529998	13668.388864	cloud-23933	TIMEOUT	992.601239597	629.5241012970218	13691.629568	cloud-23939	TIMEOUT	992.934971874	623.0253176879996	13716.414464	cloud-24261	TIMEOUT	991.256022214	895.3407961539924	14035.537920	cloud-23943
eca-rers2012/Problem19_label41.yml	false	TIMEOUT	992.817721968	626.0855898359996	13727.424512	cloud-23933	TIMEOUT	992.568294242	608.8489802659606	13705.879552	cloud-23942	TIMEOUT	992.597471458	615.5590650430022	13715.398656	cloud-23941	TIMEOUT	991.300765882	894.4512070240162	13987.155968	cloud-23939
eca-rers2012/Problem19_label42.yml	false	TIMEOUT	992.484166207	617.9974885849952	13753.094144	cloud-23942	TIMEOUT	992.766371133	610.1404742680024	14954.803200	cloud-23939	TIMEOUT	993.120305193	628.3895205090012	13912.719360	cloud-23933	TIMEOUT	991.521795847	879.4703936400183	14003.507200	cloud-23933
eca-rers2012/Problem19_label43.yml	false	TIMEOUT	992.861094642	623.1912994480081	12827.521024	cloud-24261	TIMEOUT	992.470505154	636.3463543239923	13763.207168	cloud-24643	TIMEOUT	992.693060698	618.2344646879937	12939.751424	cloud-23941	TIMEOUT	991.387115187	892.6674320580205	14426.738688	cloud-23942
eca-rers2012/Problem19_label44.yml	true	TIMEOUT	992.854524243	623.2801474190055	13705.936896	cloud-24261	TIMEOUT	992.953688816	612.5050375400024	13670.273024	cloud-24643	TIMEOUT	992.970833569	620.8280203179966	13688.426496	cloud-23979	OUT OF MEMORY	283.625142453	202.29208398397896	15000.170496	cloud-23944
eca-rers2012/Problem19_label45.yml	true	TIMEOUT	991.920006146	622.4452314149967	13724.205056	cloud-24261	TIMEOUT	993.57486916	650.7189124750003	13693.816832	cloud-24444	TIMEOUT	992.848310045	627.6922778990047	12817.899520	cloud-24261	OUT OF MEMORY	271.505633346	195.8567844950012	15000.174592	cloud-23944
eca-rers2012/Problem19_label46.yml	true	TIMEOUT	992.195024674	611.3536813709998	13079.355392	cloud-23979	TIMEOUT	991.983352974	610.003763707	13678.665728	cloud-23940	TIMEOUT	991.176722824	602.9424991680062	13719.044096	cloud-23940	TIMEOUT	991.055841101	905.7309421639948	12352.212992	cloud-23944
eca-rers2012/Problem19_label47.yml	false	TIMEOUT	993.265891784	628.3755781620002	14927.241216	cloud-23933	TIMEOUT	993.053737954	623.890858687002	14047.404032	cloud-24643	TIMEOUT	992.714133813	627.168565056	13779.165184	cloud-23933	TIMEOUT	991.224841882	898.8597589860146	14016.069632	cloud-23940
eca-rers2012/Problem19_label48.yml	true	TIMEOUT	992.157501068	615.3427503419953	13678.440448	cloud-23943	TIMEOUT	992.471052059	653.7419786909959	13702.938624	cloud-24643	TIMEOUT	992.021764233	613.6919474099996	13708.169216	cloud-23944	TIMEOUT	992.185187502	860.6435071279993	14013.521920	cloud-23933
eca-rers2012/Problem19_label49.yml	true	TIMEOUT	991.546214745	827.1924988980027	13869.907968	cloud-23939	TIMEOUT	991.57876222	789.3337772480008	13902.262272	cloud-23942	TIMEOUT	991.661630768	784.1190507369975	13893.238784	cloud-23941	TIMEOUT	991.128614929	904.6382615549956	14047.076352	cloud-23943
eca-rers2012/Problem19_label50.yml	false	TIMEOUT	992.973375423	620.7609479800012	14030.688256	cloud-23944	TIMEOUT	992.393667717	623.5870599749906	13744.832512	cloud-24643	TIMEOUT	991.647405747	614.2459934880026	13732.597760	cloud-23939	TIMEOUT	992.223788748	879.482136762992	14257.373184	cloud-23979
eca-rers2012/Problem19_label51.yml	false	TIMEOUT	992.72539881	616.7335749210033	14961.848320	cloud-24261	TIMEOUT	991.365366763	607.1204581310012	13886.312448	cloud-24643	TIMEOUT	993.133799651	629.5867839940038	13695.602688	cloud-23979	TIMEOUT	991.237743711	901.419759226992	13181.681664	cloud-23943
eca-rers2012/Problem19_label52.yml	true	TIMEOUT	993.132933503	620.6164029699994	13838.622720	cloud-23979	TIMEOUT	991.979537682	599.0268575899972	13732.372480	cloud-23943	TIMEOUT	992.353798892	597.9699915070014	14035.181568	cloud-24261	TIMEOUT	991.277131222	896.4707480020006	14359.392256	cloud-23942
eca-rers2012/Problem19_label53.yml	false	TIMEOUT	991.721753344	605.7481604799978	12627.795968	cloud-24261	TIMEOUT	991.811078626	617.4765565290145	13728.313344	cloud-24441	TIMEOUT	993.404221008	646.5503981200018	12810.924032	cloud-23933	TIMEOUT	991.435927495	899.6290232459723	14008.139776	cloud-23942
eca-rers2012/Problem19_label54.yml	true	TIMEOUT	992.374068354	639.6916602780002	13737.136128	cloud-23933	TIMEOUT	992.936138885	624.9177993259946	13701.640192	cloud-24441	TIMEOUT	991.712360431	627.904864709999	12848.476160	cloud-23933	TIMEOUT	991.619043142	875.7902095490135	13140.922368	cloud-23933
eca-rers2012/Problem19_label55.yml	false	TIMEOUT	992.225479837	631.3057403010025	14088.196096	cloud-23979	TIMEOUT	992.416541818	631.7537739339896	13666.500608	cloud-24444	TIMEOUT	992.233562519	643.1476191249999	14978.428928	cloud-24276	TIMEOUT	991.698574094	873.3036248599819	13216.485376	cloud-23980
eca-rers2012/Problem19_label56.yml	true	TIMEOUT	992.044227731	621.3551319679973	12862.431232	cloud-24261	TIMEOUT	990.867586442	610.4078541520066	13686.247424	cloud-23940	TIMEOUT	992.495370166	610.9324988310036	13701.562368	cloud-23940	TIMEOUT	991.206685966	898.4438368730189	14069.202944	cloud-23944
eca-rers2012/Problem19_label57.yml	true	TIMEOUT	991.360510539	623.1466929319995	13734.375424	cloud-24276	TIMEOUT	992.112820207	606.7936888459953	13768.404992	cloud-23944	TIMEOUT	992.04294234	600.705635382008	13719.093248	cloud-23941	TIMEOUT	992.011835931	870.6979073540133	13079.281664	cloud-23979
eca-rers2012/Problem19_label58.yml	false	TIMEOUT	992.278398953	614.6789647849946	13703.196672	cloud-23942	TIMEOUT	992.448486497	618.4722597519867	12856.545280	cloud-23944	TIMEOUT	992.065212128	614.4258526449994	13771.116544	cloud-23940	TIMEOUT	991.302885357	895.7194934519939	13953.495040	cloud-23939
eca-rers2012/Problem19_label59.yml	false	TIMEOUT	992.200739474	626.7515887259942	14982.828032	cloud-24261	TIMEOUT	991.840575744	616.99032577	12891.766784	cloud-24643	TIMEOUT	991.793926545	642.1249113500016	13727.195136	cloud-24259	TIMEOUT	992.437909898	851.7369612850016	14239.780864	cloud-23982
eca-rers2018/Problem10.yml	false	false(unreach-call)	149.373152849	103.33928508100144	1156.276224	cloud-24261	false(unreach-call)	151.508143353	104.80833924399849	1106.419712	cloud-24441	false(unreach-call)	167.551852684	118.30819189699832	915.664896	cloud-23933	TIMEOUT	990.386842123	957.646039705025	842.461184	cloud-23982
eca-rers2018/Problem11.yml	false	TIMEOUT	991.074609258	895.0247926700013	2716.352512	cloud-24261	TIMEOUT	990.986477244	896.6836186610017	3334.397952	cloud-24441	ERROR (solver error, after parsing finished)	593.057145539	537.4773786710002	2410.647552	cloud-23979	TIMEOUT	990.682180836	927.0644994369941	2565.619712	cloud-23933
eca-rers2018/Problem12.yml	false	ERROR (frontend failed, before parsing finished)	17.833736803	9.270229018999089	660.410368	cloud-23933	ERROR (frontend failed, before parsing finished)	15.719567905	8.12358481299998	604.794880	cloud-24643	ERROR (frontend failed, before parsing finished)	16.061290949	8.390725049001048	698.470400	cloud-23979	ERROR (frontend failed, before parsing finished)	17.501960439	9.1139895330125	705.409024	cloud-23933
eca-rers2018/Problem13.yml	false	TIMEOUT	990.713227884	956.8708516359911	8903.663616	cloud-23942	TIMEOUT	990.697856957	959.2579394790082	8184.946688	cloud-23940	TIMEOUT	990.726791438	957.6005901190001	8591.048704	cloud-23940	TIMEOUT	991.243747009	948.2070456039801	9338.511360	cloud-23982
eca-rers2018/Problem14.yml	false	TIMEOUT	991.257788583	943.387490957999	10876.424192	cloud-24276	TIMEOUT	990.938815422	954.5815762289567	9747.951616	cloud-23940	TIMEOUT	991.423714144	940.7567042610026	10472.861696	cloud-23933	TIMEOUT	991.579043106	933.5074881360051	10070.048768	cloud-23938
eca-rers2018/Problem15.yml	false	ERROR (frontend failed, before parsing finished)	48.300836774	24.78038530699996	2986.479616	cloud-23979	ERROR (frontend failed, before parsing finished)	44.96897744	23.048596146996715	3240.792064	cloud-24441	ERROR (frontend failed, before parsing finished)	55.054212895	28.21141756199995	3182.227456	cloud-23933	ERROR (frontend failed, before parsing finished)	56.967984295	29.159312051022425	3099.787264	cloud-23980
eca-rers2018/Problem16.yml	false	TIMEOUT	992.064146056	759.3317698150004	12065.636352	cloud-23979	TIMEOUT	991.126381062	747.7928463449934	12543.557632	cloud-23941	TIMEOUT	992.002304951	720.1334143589993	11978.313728	cloud-23933	TIMEOUT	992.147849526	728.6192990590062	11665.690624	cloud-23979
eca-rers2018/Problem17.yml	false	TIMEOUT	956.639714085	671.3087964639999	15000.039424	cloud-23979	TIMEOUT	993.416717645	696.1263188099983	14656.073728	cloud-24441	OUT OF MEMORY	896.672478998	624.6513386219995	15000.047616	cloud-24261	OUT OF MEMORY	813.845480523	568.6057724260027	15000.154112	cloud-23943
eca-rers2018/Problem18.yml	false	OUT OF MEMORY	123.699586332	63.50505189898831	15000.043520	cloud-24261	OUT OF MEMORY	115.42138106	59.41518792998977	15000.166400	cloud-23943	OUT OF MEMORY	111.485834755	57.48392548999982	15000.170496	cloud-23944	OUT OF MEMORY	187.104765154	94.91252537001856	15000.043520	cloud-23933
psyco/psyco_abp_1-1.yml	false	false(unreach-call)	139.915770676	105.89789564899911	1199.034368	cloud-23933	false(unreach-call)	119.519901729	89.06174825599737	1239.482368	cloud-24444	false(unreach-call)	140.296861429	109.68951828699937	1189.138432	cloud-23933	TIMEOUT	990.263342239	969.9908229179855	818.630656	cloud-23980
psyco/psyco_abp_1-3.yml	true	true	98.49633122	78.15070903499873	809.373696	cloud-23979	true	106.435228023	82.69241738600249	753.827840	cloud-24444	true	92.70245555	73.60948065200137	769.855488	cloud-23979	TIMEOUT	990.328989898	966.9344828790054	829.100032	cloud-23982
psyco/psyco_cev_1.yml	false	OUT OF MEMORY	136.012856668	69.35117768100099	15000.031232	cloud-24276	OUT OF MEMORY	122.981252784	62.81927080299647	15000.039424	cloud-24643	OUT OF MEMORY	123.086783775	62.76804708999407	15000.039424	cloud-24261	OUT OF MEMORY	106.35602341	54.31373663301929	15000.162304	cloud-23941
psyco/psyco_cev_2.yml	false	OUT OF MEMORY	158.766971779	80.99083201999747	15000.039424	cloud-23979	OUT OF MEMORY	128.466736305	65.82061144000181	15000.170496	cloud-23941	OUT OF MEMORY	147.628267073	74.83697306200338	15000.035328	cloud-23933	OUT OF MEMORY	152.993835498	77.30206357498537	15000.031232	cloud-23979
psyco/psyco_cev_3.yml	false	OUT OF MEMORY	140.490721696	71.44137935899926	15000.039424	cloud-23933	OUT OF MEMORY	146.817835073	74.53241335799976	15000.043520	cloud-24643	OUT OF MEMORY	103.947411783	53.43114144900028	15000.154112	cloud-23940	OUT OF MEMORY	100.414873336	51.46300072601298	15000.158208	cloud-23944
psyco/psyco_io_1.yml	true	true	26.369099333	15.799266902002273	637.685760	cloud-23979	true	26.823097157	16.064698729001975	609.771520	cloud-24643	true	35.126702789	20.693526558003214	599.347200	cloud-23933	TIMEOUT	990.324862357	968.9723660099844	679.731200	cloud-23979
psyco/psyco_net_1.yml	false	TIMEOUT	990.870016236	973.0105376060001	6147.964928	cloud-24261	TIMEOUT	990.818859027	971.967435378996	5013.667840	cloud-24441	TIMEOUT	990.766025678	974.3598672789994	5862.920192	cloud-24259	TIMEOUT	990.362866042	972.4514745750057	1664.491520	cloud-23933
psyco/psyco_security.yml	true	true	33.26954314	19.5281482270002	615.485440	cloud-23933	true	33.2257497	19.403869690999272	613.933056	cloud-24444	true	30.609039296	18.40500442699704	612.212736	cloud-23933	TIMEOUT	990.302568828	972.2439805490139	658.370560	cloud-23979
eca-programs/Problem101_label00.yml	false	OUT OF MEMORY	99.245303193	53.797473704005824	15000.047616	cloud-24261	OUT OF MEMORY	81.958325754	45.16870344400013	15000.162304	cloud-23941	OUT OF MEMORY	87.54569342	47.872049035999225	15000.170496	cloud-23939	OUT OF MEMORY	87.748441071	47.55525657397811	15000.170496	cloud-23942
eca-programs/Problem101_label01.yml	false	OUT OF MEMORY	98.817550913	53.60937425799966	15000.203264	cloud-23979	OUT OF MEMORY	115.196200189	62.96671467700071	15000.047616	cloud-24643	OUT OF MEMORY	99.445476925	54.433988151999074	15000.305664	cloud-24261	OUT OF MEMORY	95.887311003	52.22599675299716	15000.055808	cloud-23979
eca-programs/Problem101_label02.yml	false	OUT OF MEMORY	78.749180846	43.19473753099737	15000.166400	cloud-23943	OUT OF MEMORY	86.303070195	47.01841654803138	15000.170496	cloud-23939	OUT OF MEMORY	85.655548673	47.35982905999845	15000.416256	cloud-23940	OUT OF MEMORY	112.701265355	61.34483421800542	15000.203264	cloud-23980
eca-programs/Problem101_label03.yml	false	OUT OF MEMORY	101.055826675	55.51005399200221	15000.047616	cloud-23979	OUT OF MEMORY	77.313118205	42.45185727100761	15000.158208	cloud-23943	OUT OF MEMORY	90.789887559	49.16306009699474	15000.178688	cloud-23944	OUT OF MEMORY	122.388654	66.45964695498697	15000.276992	cloud-23938
eca-programs/Problem101_label04.yml	false	OUT OF MEMORY	104.729451949	56.59962631600138	15000.047616	cloud-24276	OUT OF MEMORY	101.339309094	55.24218857599999	15000.039424	cloud-24643	OUT OF MEMORY	86.454714707	47.097400490005384	15000.178688	cloud-23939	OUT OF MEMORY	122.500418356	66.89391114099999	15000.035328	cloud-23938
eca-programs/Problem101_label05.yml	false	OUT OF MEMORY	101.503286293	54.528676311998424	15000.047616	cloud-24276	OUT OF MEMORY	125.33788225	67.1455943530018	15000.047616	cloud-24441	OUT OF MEMORY	105.508285612	57.66423219999706	15000.047616	cloud-23979	OUT OF MEMORY	116.946417209	63.04920069000218	15000.260608	cloud-23933
eca-programs/Problem101_label06.yml	false	OUT OF MEMORY	86.259251645	46.971775703001185	15000.170496	cloud-23944	OUT OF MEMORY	108.058994337	59.02339769899845	15000.047616	cloud-24441	OUT OF MEMORY	96.232202166	52.06270772800053	15000.055808	cloud-23933	OUT OF MEMORY	114.771500861	62.382575110998005	15000.051712	cloud-23938
eca-programs/Problem101_label07.yml	false	OUT OF MEMORY	98.003014543	53.12619249599811	15000.256512	cloud-24261	OUT OF MEMORY	75.67652878	41.64568400598364	15000.166400	cloud-23944	OUT OF MEMORY	108.345261398	58.86968347800001	15000.051712	cloud-23979	OUT OF MEMORY	121.927121731	65.80821315498906	15000.051712	cloud-23938
eca-programs/Problem101_label08.yml	false	OUT OF MEMORY	88.675835342	48.66949656399083	15000.162304	cloud-23940	OUT OF MEMORY	95.953468395	52.37561082901084	15000.170496	cloud-23944	OUT OF MEMORY	94.130279458	51.42798111600132	15000.055808	cloud-24261	OUT OF MEMORY	84.236998888	45.67944633800653	15000.375296	cloud-23940
eca-programs/Problem101_label09.yml	false	OUT OF MEMORY	102.378194131	55.640566481997666	15000.113152	cloud-23979	OUT OF MEMORY	96.579007504	52.14113352900313	15000.043520	cloud-24441	OUT OF MEMORY	86.906955176	47.56422117000329	15000.264704	cloud-23979	OUT OF MEMORY	124.188138631	67.47537588499836	15000.043520	cloud-23938
eca-programs/Problem101_label10.yml	false	OUT OF MEMORY	80.688810977	43.860046980000334	15000.170496	cloud-23944	OUT OF MEMORY	109.462670968	59.462118736002594	15000.039424	cloud-24441	OUT OF MEMORY	104.861253538	57.856285004	15000.047616	cloud-23979	OUT OF MEMORY	100.501568456	54.29908518597949	15000.043520	cloud-23933
eca-programs/Problem101_label11.yml	false	OUT OF MEMORY	93.50188513	50.6065987280017	15000.043520	cloud-24261	OUT OF MEMORY	97.309753997	52.91220241799601	15000.260608	cloud-24643	OUT OF MEMORY	90.25419872	48.87977727600082	15000.178688	cloud-23939	OUT OF MEMORY	116.519622196	63.4556798870035	15000.043520	cloud-23938
eca-programs/Problem101_label12.yml	false	OUT OF MEMORY	92.599132998	49.80860284400114	15000.047616	cloud-24261	OUT OF MEMORY	84.452495552	46.185568138957024	15000.166400	cloud-23944	OUT OF MEMORY	115.535571955	61.74472187200445	15000.301568	cloud-23933	OUT OF MEMORY	83.537575003	45.763015350006754	15000.178688	cloud-23943
eca-programs/Problem101_label13.yml	false	OUT OF MEMORY	96.871777632	52.80970032899859	15000.043520	cloud-23933	OUT OF MEMORY	80.478981502	44.60461530100292	15000.166400	cloud-23942	OUT OF MEMORY	84.322513016	46.70001666299504	15000.178688	cloud-23941	OUT OF MEMORY	81.178680293	44.48969365999801	15000.170496	cloud-23943
eca-programs/Problem101_label14.yml	false	OUT OF MEMORY	110.34766558	60.91059457400115	15000.043520	cloud-23933	OUT OF MEMORY	90.707801203	49.543601967045106	15000.158208	cloud-23939	OUT OF MEMORY	90.704473623	49.2389615869979	15000.047616	cloud-23979	OUT OF MEMORY	79.85154494	43.615341952012386	15000.174592	cloud-23943
eca-programs/Problem101_label15.yml	false	OUT OF MEMORY	97.116713269	52.74022415399668	15000.260608	cloud-24261	OUT OF MEMORY	99.157415947	53.84893527699751	15000.035328	cloud-24441	OUT OF MEMORY	80.225154306	44.074567506002495	15000.166400	cloud-23940	OUT OF MEMORY	98.799917234	53.84057572900201	15000.051712	cloud-23933
eca-programs/Problem101_label16.yml	false	OUT OF MEMORY	93.43683981	50.09987238999747	15000.043520	cloud-24276	OUT OF MEMORY	76.164899499	41.84182264000992	15000.403968	cloud-23941	OUT OF MEMORY	105.005444434	56.4534215340027	15000.051712	cloud-24261	OUT OF MEMORY	85.415806033	46.13190258698887	15000.170496	cloud-23940
eca-programs/Problem101_label17.yml	false	OUT OF MEMORY	97.712006297	52.18970822100164	15000.043520	cloud-23933	OUT OF MEMORY	104.125781087	56.19030610300251	15000.043520	cloud-24444	OUT OF MEMORY	90.134332209	48.995979456994974	15000.055808	cloud-23979	OUT OF MEMORY	107.238779398	58.649884633981856	15000.047616	cloud-23982
eca-programs/Problem101_label18.yml	false	OUT OF MEMORY	110.717749396	60.34946187699825	15000.043520	cloud-23979	OUT OF MEMORY	110.501763584	60.2620064900002	15000.039424	cloud-24643	OUT OF MEMORY	80.65626094	44.386053318999984	15000.174592	cloud-23944	OUT OF MEMORY	120.717073889	66.05304582801182	15000.055808	cloud-23982
eca-programs/Problem101_label19.yml	false	OUT OF MEMORY	92.79337644	50.16234573700058	15000.047616	cloud-24261	OUT OF MEMORY	103.698549169	56.68049505499948	15000.043520	cloud-24643	OUT OF MEMORY	91.729189913	50.835892169001454	15000.174592	cloud-23941	OUT OF MEMORY	112.393120949	61.78506493999157	15000.051712	cloud-23938
eca-programs/Problem101_label20.yml	false	OUT OF MEMORY	100.861376163	54.993770609999956	15000.305664	cloud-24276	OUT OF MEMORY	104.265772992	56.63257306300511	15000.043520	cloud-24441	OUT OF MEMORY	119.58552977	64.99295408000035	15000.055808	cloud-23933	OUT OF MEMORY	86.361927766	47.036031217023265	15000.178688	cloud-23942
eca-programs/Problem101_label21.yml	false	OUT OF MEMORY	104.698793328	56.92133820299932	15000.047616	cloud-23979	OUT OF MEMORY	91.073592752	49.41084442305146	15000.166400	cloud-23942	OUT OF MEMORY	95.510337838	51.74503633000131	15000.055808	cloud-24261	OUT OF MEMORY	127.64495102	69.52293459500652	15000.051712	cloud-23938
eca-programs/Problem101_label22.yml	false	OUT OF MEMORY	100.042483636	53.82549850899886	15000.043520	cloud-23979	OUT OF MEMORY	88.666322291	48.51950572399983	15000.379392	cloud-23944	OUT OF MEMORY	80.810400307	44.85338042899821	15000.178688	cloud-23943	OUT OF MEMORY	107.408344457	57.80365721898852	15000.039424	cloud-23979
eca-programs/Problem101_label23.yml	false	OUT OF MEMORY	85.888857257	46.585377698997036	15000.166400	cloud-23944	OUT OF MEMORY	98.158937138	53.5397619449941	15000.043520	cloud-24441	OUT OF MEMORY	80.568232036	44.22687853999378	15000.166400	cloud-23939	OUT OF MEMORY	103.816660276	56.241523812001105	15000.051712	cloud-23979
eca-programs/Problem102_label00.yml	true	OUT OF MEMORY	138.357789915	77.48594168698764	15000.047616	cloud-24261	OUT OF MEMORY	140.70539975	78.9328740350029	15000.039424	cloud-24643	OUT OF MEMORY	113.023684003	64.16522281200014	15000.178688	cloud-23943	OUT OF MEMORY	133.497669932	75.58939060400007	15000.174592	cloud-23939
eca-programs/Problem102_label01.yml	false	OUT OF MEMORY	145.950015568	81.89838684200367	15000.039424	cloud-24261	OUT OF MEMORY	148.482151803	82.68033126399678	15000.289280	cloud-24444	OUT OF MEMORY	117.729176789	67.00679820399819	15000.178688	cloud-23943	OUT OF MEMORY	128.428826919	72.45672177599045	15000.170496	cloud-23941
eca-programs/Problem102_label02.yml	false	OUT OF MEMORY	123.364078059	69.73575719099608	15000.158208	cloud-23940	OUT OF MEMORY	167.893579583	96.00532961399585	15000.047616	cloud-24643	OUT OF MEMORY	140.622281681	80.20147215200086	15000.178688	cloud-23941	OUT OF MEMORY	164.293016924	93.41449338398525	15000.272896	cloud-23938
eca-programs/Problem102_label03.yml	true	OUT OF MEMORY	159.701238532	89.10274563799976	15000.047616	cloud-24276	OUT OF MEMORY	145.670556122	81.03062592700007	15000.264704	cloud-24441	OUT OF MEMORY	159.071035046	88.50737024300179	15000.047616	cloud-23933	OUT OF MEMORY	115.433803384	66.06383483301033	15000.166400	cloud-23944
eca-programs/Problem102_label04.yml	false	OUT OF MEMORY	152.581199656	84.32538005999959	15000.043520	cloud-23933	OUT OF MEMORY	133.028817594	75.65842488899943	15000.158208	cloud-23939	OUT OF MEMORY	128.472314461	73.78469239400147	15000.170496	cloud-23941	OUT OF MEMORY	168.152995253	94.27865161700174	15000.051712	cloud-23938
eca-programs/Problem102_label05.yml	false	OUT OF MEMORY	124.439484618	70.84779393499775	15000.358912	cloud-23942	OUT OF MEMORY	139.535724734	79.45842222700594	15000.043520	cloud-24643	OUT OF MEMORY	135.314816511	75.98831785200309	15000.174592	cloud-23942	OUT OF MEMORY	124.986467378	70.79551031900337	15000.170496	cloud-23940
eca-programs/Problem102_label06.yml	false	OUT OF MEMORY	152.169623619	84.9248569120009	15000.043520	cloud-23933	OUT OF MEMORY	114.714586318	65.35537684999872	15000.162304	cloud-23943	OUT OF MEMORY	141.679384745	79.11448141199799	15000.289280	cloud-24261	OUT OF MEMORY	133.062792898	74.6595130469941	15000.170496	cloud-23940
eca-programs/Problem102_label07.yml	false	OUT OF MEMORY	154.536973658	85.97733639599755	15000.047616	cloud-23933	OUT OF MEMORY	170.657480556	96.58130147500015	15000.305664	cloud-24441	OUT OF MEMORY	113.248338624	64.16303598100058	15000.178688	cloud-23944	OUT OF MEMORY	122.422927999	69.6165140850062	15000.178688	cloud-23944
eca-programs/Problem102_label08.yml	true	OUT OF MEMORY	162.344532819	89.61587176799912	15000.039424	cloud-24276	OUT OF MEMORY	130.142306049	73.36526870098896	15000.166400	cloud-23941	OUT OF MEMORY	144.107497586	80.23962516000029	15000.051712	cloud-24261	OUT OF MEMORY	124.654321136	71.44790813999134	15000.174592	cloud-23944
eca-programs/Problem102_label09.yml	true	OUT OF MEMORY	147.527113493	82.86696886499703	15000.301568	cloud-24261	OUT OF MEMORY	157.206493417	88.45761925099941	15000.305664	cloud-24441	OUT OF MEMORY	128.742076653	72.47060961200259	15000.170496	cloud-23939	OUT OF MEMORY	137.384398723	77.93591324900626	15000.383488	cloud-23941
eca-programs/Problem102_label10.yml	false	OUT OF MEMORY	135.772674588	76.18503284700273	15000.043520	cloud-24261	OUT OF MEMORY	156.051769982	88.04081836200203	15000.276992	cloud-24441	OUT OF MEMORY	154.01091196	87.16455961800239	15000.055808	cloud-24261	OUT OF MEMORY	131.710632108	74.50368033401901	15000.174592	cloud-23939
eca-programs/Problem102_label11.yml	true	OUT OF MEMORY	143.723247744	80.68536504499207	15000.043520	cloud-24261	OUT OF MEMORY	126.710808818	72.0881343229994	15000.162304	cloud-23941	OUT OF MEMORY	144.545055445	82.63671163100003	15000.186880	cloud-23979	OUT OF MEMORY	171.676255563	95.59732781301136	15000.195072	cloud-23933
eca-programs/Problem102_label12.yml	true	OUT OF MEMORY	123.790112107	69.62625674600713	15000.162304	cloud-23944	OUT OF MEMORY	132.143531429	74.2095568459481	15000.166400	cloud-23941	OUT OF MEMORY	158.594483483	88.42326623499685	15000.055808	cloud-24261	OUT OF MEMORY	157.971847158	87.7938585219963	15000.125440	cloud-23938
eca-programs/Problem102_label13.yml	false	OUT OF MEMORY	155.761619722	87.8021071080002	15000.039424	cloud-23979	OUT OF MEMORY	152.109500027	85.2439688660088	15000.047616	cloud-24441	OUT OF MEMORY	134.508069162	77.61175761900085	15000.174592	cloud-23941	OUT OF MEMORY	180.385088937	102.46705563299474	15000.047616	cloud-23933
eca-programs/Problem102_label14.yml	true	OUT OF MEMORY	117.873236774	66.55292355199344	15000.162304	cloud-23939	OUT OF MEMORY	112.523682561	63.79798897000728	15000.162304	cloud-23944	OUT OF MEMORY	136.677635786	77.04313035800442	15000.055808	cloud-23979	OUT OF MEMORY	167.032904828	93.3060022520076	15000.055808	cloud-23933
eca-programs/Problem102_label15.yml	false	OUT OF MEMORY	161.114129949	89.99114301100053	15000.272896	cloud-23933	OUT OF MEMORY	146.031457381	81.67613725700357	15000.043520	cloud-24444	OUT OF MEMORY	162.306802881	90.92930277999949	15000.055808	cloud-24261	OUT OF MEMORY	129.730683986	72.97080619601184	15000.178688	cloud-23940
eca-programs/Problem102_label16.yml	true	OUT OF MEMORY	146.39391765	82.16501789300128	15000.043520	cloud-23979	OUT OF MEMORY	193.525469295	109.75301699299962	15000.047616	cloud-24444	OUT OF MEMORY	137.387947754	77.55050264299643	15000.055808	cloud-23979	OUT OF MEMORY	178.502102596	100.31092049498693	15000.051712	cloud-23938
eca-programs/Problem102_label17.yml	true	OUT OF MEMORY	146.13598352	80.71733330999268	15000.293376	cloud-24261	OUT OF MEMORY	148.392723972	82.88046097400365	15000.227840	cloud-24441	OUT OF MEMORY	158.804769546	89.1101303730029	15000.055808	cloud-23933	OUT OF MEMORY	125.33179919	70.9637771169946	15000.166400	cloud-23942
eca-programs/Problem102_label18.yml	true	OUT OF MEMORY	150.399592713	83.97923347699907	15000.039424	cloud-24276	OUT OF MEMORY	149.446091895	83.5396992990004	15000.043520	cloud-24441	OUT OF MEMORY	125.77375459	71.09580334699967	15000.178688	cloud-23941	OUT OF MEMORY	154.071845831	86.61940433800919	15000.055808	cloud-23979
eca-programs/Problem102_label19.yml	true	OUT OF MEMORY	152.907552799	86.25365958899783	15000.039424	cloud-24261	OUT OF MEMORY	117.532337249	65.7229246890056	15000.162304	cloud-23940	OUT OF MEMORY	147.818853031	81.91613059099473	15000.055808	cloud-24261	OUT OF MEMORY	149.133504312	84.57769460001145	15000.055808	cloud-23979
eca-programs/Problem102_label20.yml	true	OUT OF MEMORY	156.31037369	87.69107260300007	15000.047616	cloud-23933	OUT OF MEMORY	156.22464053	87.57868027500808	15000.039424	cloud-24444	OUT OF MEMORY	133.539041824	76.27867326400883	15000.174592	cloud-23941	OUT OF MEMORY	115.858692259	66.21958326199092	15000.166400	cloud-23944
eca-programs/Problem102_label21.yml	true	OUT OF MEMORY	140.748004153	79.78396880999935	15000.047616	cloud-23979	OUT OF MEMORY	150.05536445	83.65511669400439	15000.039424	cloud-24444	OUT OF MEMORY	133.412687212	76.20938241099066	15000.317952	cloud-23941	OUT OF MEMORY	174.431411391	98.72835822199704	15000.055808	cloud-23933
eca-programs/Problem102_label22.yml	true	OUT OF MEMORY	127.310547812	71.6448738600011	15000.166400	cloud-23939	OUT OF MEMORY	173.877883961	99.09659902600106	15000.305664	cloud-24643	OUT OF MEMORY	130.06091393	73.65470043199457	15000.170496	cloud-23942	OUT OF MEMORY	118.780245349	68.41242565700668	15000.436736	cloud-23944
eca-programs/Problem102_label23.yml	true	OUT OF MEMORY	151.348617493	85.84168660099931	15000.068096	cloud-23979	OUT OF MEMORY	126.488831952	71.01865320799698	15000.154112	cloud-23940	OUT OF MEMORY	131.330527883	74.32556232900242	15000.178688	cloud-23939	OUT OF MEMORY	126.630871867	70.90569306901307	15000.420352	cloud-23940
eca-programs/Problem102_label24.yml	false	OUT OF MEMORY	140.893800492	78.24846947900369	15000.039424	cloud-24261	OUT OF MEMORY	148.744974212	82.0928810750047	15000.043520	cloud-24444	OUT OF MEMORY	137.709223041	76.78390734099958	15000.051712	cloud-24261	OUT OF MEMORY	154.2957266	86.08895245398162	15000.121344	cloud-23979
eca-programs/Problem102_label25.yml	false	OUT OF MEMORY	149.783942201	83.35645195899997	15000.043520	cloud-23933	OUT OF MEMORY	121.886343381	70.04907873395132	15000.158208	cloud-23943	OUT OF MEMORY	115.626244976	65.06979795099323	15000.174592	cloud-23940	OUT OF MEMORY	129.093621424	73.01253251300659	15000.178688	cloud-23943
eca-programs/Problem102_label26.yml	false	OUT OF MEMORY	156.119366987	88.09836150200135	15000.289280	cloud-24276	OUT OF MEMORY	150.716368584	83.78200419900531	15000.047616	cloud-24444	OUT OF MEMORY	125.347999633	70.49366216699855	15000.170496	cloud-23940	OUT OF MEMORY	170.189998265	95.71047241101041	15000.051712	cloud-23980
eca-programs/Problem102_label27.yml	true	OUT OF MEMORY	145.089639047	82.0262038059991	15000.043520	cloud-23979	OUT OF MEMORY	112.682993975	63.629640265000035	15000.162304	cloud-23939	OUT OF MEMORY	182.745725975	107.15325688599842	15000.055808	cloud-24259	OUT OF MEMORY	118.704347665	67.78848625600222	15000.174592	cloud-23944
eca-programs/Problem102_label28.yml	false	OUT OF MEMORY	154.822609598	86.96652736500073	15000.231936	cloud-23979	OUT OF MEMORY	132.596683889	74.31024373398395	15000.358912	cloud-23941	OUT OF MEMORY	135.467005136	76.8194412590019	15000.170496	cloud-23942	OUT OF MEMORY	130.919700394	73.76475433001178	15000.391680	cloud-23942
eca-programs/Problem102_label29.yml	false	OUT OF MEMORY	167.648272416	92.88931162399967	15000.043520	cloud-24276	OUT OF MEMORY	123.759483017	69.91014520400495	15000.162304	cloud-23940	OUT OF MEMORY	149.83116249	83.01087728900166	15000.055808	cloud-24261	OUT OF MEMORY	124.534334563	70.53811109400704	15000.174592	cloud-23944
eca-programs/Problem102_label30.yml	true	OUT OF MEMORY	145.058816224	81.41793969500031	15000.039424	cloud-24276	OUT OF MEMORY	152.467223284	86.01961973401194	15000.043520	cloud-24643	OUT OF MEMORY	143.771031295	81.07997137199709	15000.309760	cloud-24261	OUT OF MEMORY	171.389061586	96.37925718299812	15000.047616	cloud-23933
eca-programs/Problem102_label31.yml	true	OUT OF MEMORY	169.211100683	93.89072420699813	15000.043520	cloud-23933	OUT OF MEMORY	164.040758754	91.94567058600023	15000.047616	cloud-24643	OUT OF MEMORY	142.595981577	79.6558971830018	15000.055808	cloud-24261	OUT OF MEMORY	188.433868177	107.24107297800947	15000.039424	cloud-23938
eca-programs/Problem102_label32.yml	true	OUT OF MEMORY	157.918645093	88.36444368399953	15000.207360	cloud-24276	OUT OF MEMORY	159.123637474	90.74928008499955	15000.039424	cloud-24643	OUT OF MEMORY	144.451378299	81.09096465400216	15000.055808	cloud-24261	OUT OF MEMORY	161.878929797	92.02719940899988	15000.256512	cloud-23979
eca-programs/Problem102_label33.yml	true	OUT OF MEMORY	115.944389712	66.33565551899665	15000.170496	cloud-23943	OUT OF MEMORY	143.765426756	80.72179903299548	15000.170496	cloud-23939	OUT OF MEMORY	143.949648717	80.171908712	15000.055808	cloud-24261	OUT OF MEMORY	186.700389558	107.50565103799454	15000.039424	cloud-23982
eca-programs/Problem102_label34.yml	false	OUT OF MEMORY	150.798240292	82.91641050199905	15000.031232	cloud-23933	OUT OF MEMORY	175.389878546	97.73167407500296	15000.039424	cloud-24444	OUT OF MEMORY	155.570591099	89.40382176100002	15000.281088	cloud-23979	OUT OF MEMORY	154.925779613	86.08002647498506	15000.043520	cloud-23979
eca-programs/Problem102_label35.yml	true	OUT OF MEMORY	122.754407094	69.06913640598941	15000.170496	cloud-23944	OUT OF MEMORY	140.136442314	79.31993639901339	15000.256512	cloud-24444	OUT OF MEMORY	138.728403338	76.7990206200011	15000.051712	cloud-24261	OUT OF MEMORY	181.222637105	101.46425726698362	15000.035328	cloud-23938
eca-programs/Problem102_label36.yml	true	OUT OF MEMORY	146.13557767	82.52340955699947	15000.043520	cloud-23933	OUT OF MEMORY	112.174979183	64.44218629899842	15000.162304	cloud-23943	OUT OF MEMORY	117.809251885	67.86062917300296	15000.178688	cloud-23943	OUT OF MEMORY	158.695320336	89.44963795898366	15000.043520	cloud-23979
eca-programs/Problem102_label37.yml	false	OUT OF MEMORY	162.74001335	91.97185765199902	15000.047616	cloud-24276	OUT OF MEMORY	148.086170144	83.20093907600676	15000.285184	cloud-24441	OUT OF MEMORY	138.620655229	76.74525969699971	15000.051712	cloud-24261	OUT OF MEMORY	163.277287789	91.73010378199979	15000.182784	cloud-23979
eca-programs/Problem102_label38.yml	true	OUT OF MEMORY	153.079936853	85.4621844180001	15000.039424	cloud-24276	OUT OF MEMORY	147.19109579	82.08685805799905	15000.039424	cloud-24441	OUT OF MEMORY	144.275079561	80.12353674900078	15000.051712	cloud-24261	OUT OF MEMORY	132.637703338	74.94871503399918	15000.170496	cloud-23939
eca-programs/Problem102_label39.yml	true	OUT OF MEMORY	152.187397165	85.27703559099973	15000.043520	cloud-24276	OUT OF MEMORY	149.589969109	82.29938199000026	15000.109056	cloud-24441	OUT OF MEMORY	146.676620298	81.50301770500664	15000.051712	cloud-24261	OUT OF MEMORY	180.611948801	102.57173188400338	15000.039424	cloud-23938
eca-programs/Problem102_label40.yml	true	OUT OF MEMORY	112.849451075	64.83627743800753	15000.166400	cloud-23943	OUT OF MEMORY	125.986115305	71.07734532799805	15000.166400	cloud-23939	OUT OF MEMORY	140.180165481	78.62294734400348	15000.051712	cloud-24261	OUT OF MEMORY	121.241860343	69.2653041020094	15000.178688	cloud-23944
eca-programs/Problem102_label41.yml	true	OUT OF MEMORY	160.879801503	91.3054505120017	15000.256512	cloud-23979	OUT OF MEMORY	156.203749728	86.56697539699962	15000.297472	cloud-24441	OUT OF MEMORY	155.051049411	86.27475453999796	15000.055808	cloud-24261	OUT OF MEMORY	130.819849915	74.09498781300499	15000.170496	cloud-23942
eca-programs/Problem102_label42.yml	true	OUT OF MEMORY	158.014493397	87.57454395799869	15000.043520	cloud-23933	OUT OF MEMORY	153.028544358	86.35912264999934	15000.043520	cloud-24441	OUT OF MEMORY	112.800668852	64.86868615999992	15000.174592	cloud-23943	OUT OF MEMORY	160.315544606	90.5076666320092	15000.051712	cloud-23933
eca-programs/Problem102_label43.yml	false	OUT OF MEMORY	141.354002713	79.70178263599973	15000.047616	cloud-23979	OUT OF MEMORY	166.844768367	92.94747115499922	15000.035328	cloud-24441	OUT OF MEMORY	117.709232606	67.10410448300536	15000.178688	cloud-23939	OUT OF MEMORY	159.880736919	89.1116257100075	15000.055808	cloud-23979
eca-programs/Problem102_label44.yml	true	OUT OF MEMORY	143.796975709	80.05453152900009	15000.039424	cloud-24276	OUT OF MEMORY	142.212112195	79.54487604300084	15000.047616	cloud-24441	OUT OF MEMORY	150.577109368	85.89067460899969	15000.055808	cloud-23979	OUT OF MEMORY	138.779414951	78.24469285801752	15000.178688	cloud-23939
eca-programs/Problem102_label45.yml	true	OUT OF MEMORY	126.8820451	71.93255782400956	15000.170496	cloud-23940	OUT OF MEMORY	153.335696876	85.49049761300557	15000.047616	cloud-24441	OUT OF MEMORY	145.991055657	81.79680333899887	15000.051712	cloud-24261	OUT OF MEMORY	131.918309061	75.16451245499775	15000.174592	cloud-23941
eca-programs/Problem102_label46.yml	false	OUT OF MEMORY	139.663607183	78.34764448000351	15000.043520	cloud-24261	OUT OF MEMORY	179.889816146	101.75057844899857	15000.047616	cloud-24444	OUT OF MEMORY	140.091263007	77.58381881700188	15000.055808	cloud-23979	OUT OF MEMORY	135.057146979	76.15491660797852	15000.174592	cloud-23939
eca-programs/Problem102_label47.yml	true	OUT OF MEMORY	144.938897875	80.62142465500074	15000.043520	cloud-23933	OUT OF MEMORY	133.097485132	74.76359276298899	15000.162304	cloud-23939	OUT OF MEMORY	138.869252732	77.23639048800396	15000.170496	cloud-23941	OUT OF MEMORY	164.990461253	92.36255540102138	15000.309760	cloud-23979
eca-programs/Problem102_label48.yml	false	OUT OF MEMORY	151.55090596	84.96413208999729	15000.043520	cloud-24261	OUT OF MEMORY	157.939198464	88.63347678699938	15000.043520	cloud-24643	OUT OF MEMORY	161.222647912	90.72131127299872	15000.051712	cloud-23979	OUT OF MEMORY	128.827259301	72.90573786298046	15000.178688	cloud-23943
eca-programs/Problem102_label49.yml	false	OUT OF MEMORY	159.25850053	88.25694349300102	15000.047616	cloud-23933	OUT OF MEMORY	133.971585631	75.12723418699898	15000.166400	cloud-23940	OUT OF MEMORY	137.266224892	76.93464251699334	15000.055808	cloud-24261	OUT OF MEMORY	169.593112354	98.26873677698313	15000.055808	cloud-23980
eca-programs/Problem102_label50.yml	false	OUT OF MEMORY	146.924847758	82.35206785199989	15000.039424	cloud-23979	OUT OF MEMORY	132.181162293	74.65126830499503	15000.162304	cloud-23944	OUT OF MEMORY	137.088111711	77.89059050799551	15000.301568	cloud-23979	OUT OF MEMORY	157.426626039	87.56171206300496	15000.055808	cloud-23933
eca-programs/Problem102_label51.yml	false	OUT OF MEMORY	154.326441972	87.24236949199985	15000.043520	cloud-23979	OUT OF MEMORY	149.877235258	84.19144571099605	15000.043520	cloud-24444	OUT OF MEMORY	117.038201298	67.2670378230032	15000.178688	cloud-23943	OUT OF MEMORY	124.312518797	70.37149278100696	15000.170496	cloud-23940
eca-programs/Problem102_label52.yml	true	OUT OF MEMORY	139.357111851	77.66357804799918	15000.293376	cloud-23933	OUT OF MEMORY	139.010901469	78.46874004199344	15000.039424	cloud-24441	OUT OF MEMORY	128.302177927	72.5277117259975	15000.178688	cloud-23939	OUT OF MEMORY	152.302824754	83.51932233799016	15000.305664	cloud-23933
eca-programs/Problem102_label53.yml	true	OUT OF MEMORY	148.784667363	82.89963857900148	15000.047616	cloud-23933	OUT OF MEMORY	157.630809294	87.79818210800022	15000.043520	cloud-24441	OUT OF MEMORY	145.431282992	81.00183745399772	15000.055808	cloud-24261	OUT OF MEMORY	122.457906698	69.65503115099273	15000.412160	cloud-23944
eca-programs/Problem102_label54.yml	true	OUT OF MEMORY	154.60999732	86.78634573700037	15000.039424	cloud-24276	OUT OF MEMORY	178.704855495	102.09453888999997	15000.043520	cloud-24643	OUT OF MEMORY	160.798744435	90.20492206400377	15000.051712	cloud-23979	OUT OF MEMORY	189.703793645	110.46014285000274	15000.039424	cloud-23982
eca-programs/Problem102_label55.yml	false	OUT OF MEMORY	163.833015713	93.60631511800057	15000.035328	cloud-24276	OUT OF MEMORY	189.420855972	107.67610852899816	15000.039424	cloud-24444	OUT OF MEMORY	141.85040356	79.67690889500227	15000.051712	cloud-24261	OUT OF MEMORY	131.963350991	75.06718891698983	15000.166400	cloud-23942
eca-programs/Problem102_label56.yml	true	OUT OF MEMORY	127.234951461	71.3690831099957	15000.170496	cloud-23939	OUT OF MEMORY	128.700323975	73.5160199009988	15000.158208	cloud-23941	OUT OF MEMORY	137.642916906	77.15740850900329	15000.051712	cloud-23979	OUT OF MEMORY	167.657560506	94.69048655897495	15000.051712	cloud-23933
eca-programs/Problem102_label57.yml	true	OUT OF MEMORY	150.232956412	83.9409821679983	15000.043520	cloud-24276	OUT OF MEMORY	123.774828943	70.82384971698048	15000.350720	cloud-23943	OUT OF MEMORY	139.781024046	78.86914747600167	15000.055808	cloud-24261	OUT OF MEMORY	187.793582681	107.61106594500598	15000.190976	cloud-23982
eca-programs/Problem102_label58.yml	true	OUT OF MEMORY	143.567186558	81.16124118398875	15000.043520	cloud-24261	OUT OF MEMORY	163.136399454	91.22557676100041	15000.047616	cloud-24444	OUT OF MEMORY	115.561254821	65.27900505599973	15000.174592	cloud-23944	OUT OF MEMORY	165.18399169	91.83493371400982	15000.252416	cloud-23979
eca-programs/Problem102_label59.yml	false	OUT OF MEMORY	152.248366986	84.35109607800041	15000.047616	cloud-24276	OUT OF MEMORY	179.758894881	100.05886884799838	15000.219648	cloud-24441	OUT OF MEMORY	114.877580353	65.92816225500064	15000.178688	cloud-23943	OUT OF MEMORY	133.369623993	75.1191711089923	15000.174592	cloud-23939
eca-programs/Problem103_label32.yml	false	OUT OF MEMORY	95.274653113	54.63650985900313	15000.162304	cloud-23941	OUT OF MEMORY	126.776787069	72.02576896100072	15000.047616	cloud-24643	OUT OF MEMORY	125.610261818	70.46769238600018	15000.047616	cloud-23933	OUT OF MEMORY	117.070476726	66.81071712600533	15000.039424	cloud-23980
eca-programs/Problem103_label35.yml	false	OUT OF MEMORY	124.119157016	69.18570862399793	15000.047616	cloud-24276	OUT OF MEMORY	143.42650951	81.83003002800069	15000.043520	cloud-24441	OUT OF MEMORY	112.652578633	62.96388109399413	15000.051712	cloud-24261	OUT OF MEMORY	119.516528466	66.9744293979893	15000.244224	cloud-23979
eca-programs/Problem103_label40.yml	true	OUT OF MEMORY	119.617737842	67.62561886799995	15000.027136	cloud-23979	OUT OF MEMORY	112.24561252	62.46533903099771	15000.047616	cloud-24444	OUT OF MEMORY	110.151613932	61.38583631200163	15000.047616	cloud-24261	OUT OF MEMORY	135.383648299	77.52280708900071	15000.055808	cloud-23982
eca-programs/Problem103_label41.yml	false	OUT OF MEMORY	118.095227658	67.06292167199717	15000.043520	cloud-23979	OUT OF MEMORY	113.791793112	63.99529746000189	15000.043520	cloud-24643	OUT OF MEMORY	110.6551295	62.653067646002455	15000.055808	cloud-23979	OUT OF MEMORY	101.671143537	57.53238770601456	15000.178688	cloud-23940
eca-programs/Problem103_label42.yml	true	OUT OF MEMORY	116.183438561	64.52490897000825	15000.035328	cloud-24261	OUT OF MEMORY	114.901082158	63.689406279998366	15000.043520	cloud-24441	OUT OF MEMORY	95.107358693	53.95231814599538	15000.178688	cloud-23940	OUT OF MEMORY	146.86138799	83.65525832399726	15000.051712	cloud-23938
eca-programs/Problem103_label43.yml	true	OUT OF MEMORY	120.789410172	68.46426118300224	15000.047616	cloud-24276	OUT OF MEMORY	118.320776993	66.95408618700458	15000.039424	cloud-24441	OUT OF MEMORY	123.36443737	69.16091040200001	15000.055808	cloud-23933	OUT OF MEMORY	102.641440862	58.36375058698468	15000.170496	cloud-23940
eca-programs/Problem103_label44.yml	false	OUT OF MEMORY	123.21167299	69.09253804100081	15000.043520	cloud-24276	OUT OF MEMORY	113.335553888	63.69274301698897	15000.035328	cloud-24444	OUT OF MEMORY	95.883661565	55.091632823998225	15000.170496	cloud-23943	OUT OF MEMORY	101.590164022	57.73554400698049	15000.178688	cloud-23944
eca-programs/Problem103_label45.yml	true	OUT OF MEMORY	98.659783486	55.46960748700076	15000.170496	cloud-23940	OUT OF MEMORY	113.115537032	63.777622831999906	15000.035328	cloud-24643	OUT OF MEMORY	105.850279414	59.73396688799403	15000.260608	cloud-23979	OUT OF MEMORY	95.848182356	54.01570748601807	15000.166400	cloud-23943
eca-programs/Problem103_label46.yml	false	OUT OF MEMORY	125.090160209	69.94362298000124	15000.047616	cloud-24276	OUT OF MEMORY	95.960166688	54.61570547299925	15000.166400	cloud-23940	OUT OF MEMORY	115.831744402	65.25805681499332	15000.055808	cloud-23933	OUT OF MEMORY	131.440792293	72.74227721599163	15000.055808	cloud-23933
eca-programs/Problem103_label47.yml	false	OUT OF MEMORY	97.202990628	55.2061664530047	15000.170496	cloud-23942	OUT OF MEMORY	94.834336969	54.358894211000006	15000.162304	cloud-23943	OUT OF MEMORY	119.23327169	66.7025876560001	15000.051712	cloud-23933	OUT OF MEMORY	97.361640506	54.972125260013854	15000.174592	cloud-23940
eca-programs/Problem103_label48.yml	true	OUT OF MEMORY	90.893813768	52.10580545999983	15000.166400	cloud-23943	OUT OF MEMORY	105.484091649	59.908724634000464	15000.166400	cloud-23944	OUT OF MEMORY	141.457927217	79.44452398800058	15000.236032	cloud-23933	OUT OF MEMORY	108.622668983	61.26225447800243	15000.162304	cloud-23941
eca-programs/Problem103_label49.yml	true	OUT OF MEMORY	110.135283867	61.42248530400684	15000.043520	cloud-24261	OUT OF MEMORY	110.505049911	62.55304573394824	15000.166400	cloud-23939	OUT OF MEMORY	121.309844825	69.1489272079998	15000.051712	cloud-24261	OUT OF MEMORY	130.687036274	73.15737815300236	15000.051712	cloud-23979
eca-programs/Problem103_label50.yml	true	OUT OF MEMORY	109.582175065	61.56495205400279	15000.039424	cloud-24261	OUT OF MEMORY	139.777487091	80.98558018999756	15000.047616	cloud-24643	OUT OF MEMORY	123.682082247	69.64374969800701	15000.313856	cloud-24261	OUT OF MEMORY	146.279468013	83.39808544999687	15000.051712	cloud-23982
eca-programs/Problem103_label51.yml	false	OUT OF MEMORY	91.394627723	52.39183029500418	15000.166400	cloud-23943	OUT OF MEMORY	95.797253674	54.1594757510029	15000.158208	cloud-23940	OUT OF MEMORY	119.635776847	67.76011396400281	15000.047616	cloud-23933	OUT OF MEMORY	98.524975004	55.85145849001128	15000.162304	cloud-23940
eca-programs/Problem103_label52.yml	true	OUT OF MEMORY	112.271534183	64.32280983599958	15000.039424	cloud-23933	OUT OF MEMORY	109.589469935	61.279211649998615	15000.363008	cloud-23939	OUT OF MEMORY	89.688106943	51.49700037200091	15000.174592	cloud-23939	OUT OF MEMORY	148.319039156	85.74278847299865	15000.317952	cloud-23982
eca-programs/Problem103_label53.yml	false	OUT OF MEMORY	118.631510041	66.56756202699944	15000.047616	cloud-23979	OUT OF MEMORY	115.441680756	63.63669967900205	15000.293376	cloud-24441	OUT OF MEMORY	122.445183026	69.47166039299918	15000.051712	cloud-23933	OUT OF MEMORY	101.47296282	57.162154223013204	15000.178688	cloud-23943
eca-programs/Problem103_label54.yml	false	OUT OF MEMORY	112.227981459	62.49308417500288	15000.035328	cloud-24261	OUT OF MEMORY	110.395334456	61.97447346999252	15000.039424	cloud-24643	OUT OF MEMORY	96.184067609	54.59469221999461	15000.178688	cloud-23940	OUT OF MEMORY	96.341038859	55.379089030000614	15000.178688	cloud-23944
eca-programs/Problem103_label55.yml	true	OUT OF MEMORY	116.319869417	65.80929239500074	15000.047616	cloud-23979	OUT OF MEMORY	104.132629392	59.083255894016474	15000.166400	cloud-23939	OUT OF MEMORY	113.974057275	63.982369534998725	15000.047616	cloud-23979	OUT OF MEMORY	94.283723194	54.04647411798942	15000.170496	cloud-23944
eca-programs/Problem103_label56.yml	false	OUT OF MEMORY	125.717434801	71.90252618900195	15000.043520	cloud-23979	OUT OF MEMORY	118.034962674	66.06394946099317	15000.043520	cloud-24441	OUT OF MEMORY	146.520158867	83.22100032400002	15000.051712	cloud-23933	OUT OF MEMORY	99.89668298	56.928903945023194	15000.178688	cloud-23944
eca-programs/Problem103_label57.yml	false	OUT OF MEMORY	125.467715504	70.22138540000014	15000.039424	cloud-23933	OUT OF MEMORY	106.477722156	60.39720234100241	15000.162304	cloud-23939	OUT OF MEMORY	91.572540002	51.70767637700192	15000.305664	cloud-23940	OUT OF MEMORY	101.774042718	57.387213022011565	15000.178688	cloud-23939
eca-programs/Problem103_label58.yml	true	OUT OF MEMORY	118.990083828	66.43361218999962	15000.043520	cloud-23979	OUT OF MEMORY	93.908755259	53.36122173600597	15000.170496	cloud-23940	OUT OF MEMORY	141.976001826	80.33233705099701	15000.047616	cloud-23933	OUT OF MEMORY	94.297026741	54.44489309200435	15000.162304	cloud-23944
eca-programs/Problem103_label59.yml	false	OUT OF MEMORY	123.088863368	69.68294329699711	15000.039424	cloud-23979	OUT OF MEMORY	110.688015271	62.5302403740061	15000.047616	cloud-24643	OUT OF MEMORY	100.860994787	57.26504620499327	15000.174592	cloud-23944	OUT OF MEMORY	100.369484772	56.87517464000848	15000.174592	cloud-23943
