tool		Theta 6.17.6	Theta 6.17.6	Theta 6.17.6	Theta 6.17.6	Theta 6.17.6	Theta 6.17.6	Theta 6.17.6	Theta 6.17.6	Theta 6.17.6	Theta 6.17.6	Theta 6.17.6	Theta 6.17.6	Theta 6.17.6	Theta 6.17.6	Theta 6.17.6
run set		PredCart(100, true) -> KInd().SV-COMP25_unreach-call	PredCart(100, true) -> KInd().SV-COMP25_unreach-call	PredCart(100, true) -> KInd().SV-COMP25_unreach-call	PredCart(100, true) -> KInd().SV-COMP25_unreach-call	PredCart(100, true) -> KInd().SV-COMP25_unreach-call	basePredCart.SV-COMP25_unreach-call	basePredCart.SV-COMP25_unreach-call	basePredCart.SV-COMP25_unreach-call	basePredCart.SV-COMP25_unreach-call	basePredCart.SV-COMP25_unreach-call	KInd().SV-COMP25_unreach-call	KInd().SV-COMP25_unreach-call	KInd().SV-COMP25_unreach-call	KInd().SV-COMP25_unreach-call	KInd().SV-COMP25_unreach-call
sv-benchmarks/c/		status	cputime (s)	walltime (s)	memory (MB)	host	status	cputime (s)	walltime (s)	memory (MB)	host	status	cputime (s)	walltime (s)	memory (MB)	host
openssl-simplified/s3_srvr_1b.cil.yml	true	true	22.481743773	12.33440936502302	577.138688	cloud-23979	true	20.188306253	11.5442920710193	602.132480	cloud-23980	true	31.294984128	18.32252059801249	597.454848	cloud-23933
locks/test_locks_10.yml	true	true	352.929775028	325.8524504209927	1071.247360	cloud-23933	TIMEOUT	990.381647224	963.7932557429885	665.169920	cloud-23979	true	134.421972142	123.65002636201098	970.219520	cloud-23980
locks/test_locks_11.yml	true	true	511.229811392	485.7941060479934	1143.586816	cloud-24259	TIMEOUT	990.327724832	966.3669461579993	646.189056	cloud-23933	true	287.898587244	273.7923547659884	1119.707136	cloud-23982
locks/test_locks_12.yml	true	true	619.500957874	589.2202307999978	1264.943104	cloud-24260	TIMEOUT	990.39366842	958.4461619009962	644.161536	cloud-23982	true	452.462712233	435.9306978380191	1163.907072	cloud-23980
locks/test_locks_13.yml	true	true	820.425047886	790.3293642670033	1364.344832	cloud-23979	TIMEOUT	990.350699487	962.7707683740009	709.382144	cloud-23933	true	656.444157682	638.4734433150152	1284.988928	cloud-23938
locks/test_locks_14-1.yml	true	TIMEOUT	990.316685671	961.0472279380192	696.836096	cloud-23933	TIMEOUT	990.341794403	963.0473944590194	653.660160	cloud-23938	TIMEOUT	990.318830768	974.2238606640021	688.451584	cloud-23938
locks/test_locks_14-2.yml	false	false(unreach-call)	28.29554759	15.207555535977008	617.668608	cloud-23933	false(unreach-call)	26.671097408	14.629305865993956	589.524992	cloud-23938	false(unreach-call)	84.173625462	71.59157721401425	616.439808	cloud-23979
locks/test_locks_15-1.yml	false	false(unreach-call)	30.531157312	16.560317095019855	639.320064	cloud-23933	false(unreach-call)	32.733186863	17.6428922819905	682.045440	cloud-23982	false(unreach-call)	109.612099309	97.0029782380152	610.373632	cloud-23933
locks/test_locks_15-2.yml	true	TIMEOUT	990.351369018	957.1702672700048	691.929088	cloud-24259	TIMEOUT	990.437265299	963.0784937189892	679.632896	cloud-23979	TIMEOUT	990.274579436	974.2322329529852	654.864384	cloud-23933
locks/test_locks_5.yml	true	true	24.506634364	13.381684177991701	613.072896	cloud-24259	true	22.509704471	12.737121929007117	607.076352	cloud-23979	true	30.878841558	17.449582424014807	559.263744	cloud-23979
locks/test_locks_6.yml	true	true	37.462895542	22.23638875200413	615.792640	cloud-23979	true	29.512351719	18.916140585992252	638.881792	cloud-23982	true	26.984352971	16.62600849600858	661.786624	cloud-23979
locks/test_locks_7.yml	true	true	69.627404611	52.78416470999946	680.865792	cloud-24260	true	56.93511148	43.675664531998336	610.471936	cloud-23939	true	44.447400411	31.0902045010007	634.945536	cloud-23982
locks/test_locks_8.yml	true	true	248.488145648	211.2462552660145	1622.413312	cloud-24260	true	197.775477209	178.63127244799398	676.757504	cloud-23979	true	52.250718267	41.60581666600774	798.711808	cloud-23980
locks/test_locks_9.yml	true	true	293.885796033	268.6961803730228	974.278656	cloud-23979	TIMEOUT	990.325105831	969.0894738859788	694.935552	cloud-23980	true	96.191328243	82.73895219000406	953.765888	cloud-23982
ntdrivers/cdaudio.i.cil-1.yml	false	ERROR (frontend failed, before parsing finished)	8.3693063	4.383378416998312	233.697280	cloud-24259	ERROR (frontend failed, before parsing finished)	7.185820097	3.802562794997357	217.853952	cloud-23933	ERROR (frontend failed, before parsing finished)	7.785378369	4.124300367984688	233.410560	cloud-23933
ntdrivers/diskperf.i.cil-1.yml	true	ERROR (frontend failed, before parsing finished)	6.625710345	3.585140027003945	191.848448	cloud-24260	ERROR (frontend failed, before parsing finished)	8.593795228	4.5345909430179745	217.423872	cloud-23982	ERROR (frontend failed, before parsing finished)	5.701986697	3.075857514020754	206.913536	cloud-23939
ntdrivers/diskperf.i.cil-2.yml	false	ERROR (frontend failed, before parsing finished)	6.287560183	3.4022798079968197	201.187328	cloud-24260	ERROR (frontend failed, before parsing finished)	7.079631005	3.7804212780029047	214.364160	cloud-23938	ERROR (frontend failed, before parsing finished)	7.203110282	3.898226674005855	210.583552	cloud-23938
ntdrivers/floppy.i.cil-1.yml	false	ERROR (frontend failed, before parsing finished)	7.088796152	3.7565431450057076	213.417984	cloud-24259	ERROR (frontend failed, before parsing finished)	5.775977168	3.0827414600062184	222.650368	cloud-23980	ERROR (frontend failed, before parsing finished)	8.020133875	4.303504225012148	213.045248	cloud-23938
ntdrivers/floppy.i.cil-3.yml	true	ERROR (frontend failed, before parsing finished)	7.653814672	4.040723893005634	253.341696	cloud-23979	ERROR (frontend failed, before parsing finished)	5.655280719	3.0296699019963853	231.387136	cloud-23980	ERROR (frontend failed, before parsing finished)	8.444178663	4.497721324994927	214.384640	cloud-23938
ntdrivers/kbfiltr.i.cil-2.yml	false	ERROR (frontend failed, before parsing finished)	7.91824948	4.1640320340084145	211.390464	cloud-24260	ERROR (frontend failed, before parsing finished)	6.193591632	3.3533540010103025	209.739776	cloud-23980	ERROR (frontend failed, before parsing finished)	4.672414326	2.5488611749897245	198.569984	cloud-23980
ntdrivers/parport.i.cil-1.yml	false	ERROR (frontend failed, before parsing finished)	7.252427533	3.8605295559973456	222.515200	cloud-23933	ERROR (frontend failed, before parsing finished)	7.965397652	4.305876437982079	260.632576	cloud-23982	ERROR (frontend failed, before parsing finished)	9.057361622	4.752448811021168	260.378624	cloud-23980
ntdrivers/parport.i.cil-2.yml	true	ERROR (frontend failed, before parsing finished)	8.001538084	4.249692247016355	255.332352	cloud-23933	ERROR (frontend failed, before parsing finished)	6.87326655	3.6756057570164558	251.695104	cloud-23979	ERROR (frontend failed, before parsing finished)	7.445916406	3.9783390700176824	237.789184	cloud-23979
memory-model/2SB.yml	false	ERROR (frontend failed, before parsing finished)	2.84342647	1.6010763219965156	133.836800	cloud-24259	ERROR (frontend failed, before parsing finished)	3.34101483	1.9326321389817167	115.085312	cloud-23980	ERROR (frontend failed, before parsing finished)	2.448147275	1.4243625230155885	132.300800	cloud-23980
memory-model/4SB.yml	false	ERROR (frontend failed, before parsing finished)	3.390495922	1.9051335089898203	131.964928	cloud-23979	ERROR (frontend failed, before parsing finished)	2.983768871	1.719678344001295	124.805120	cloud-23980	ERROR (frontend failed, before parsing finished)	3.447389274	1.9612463229859713	131.399680	cloud-23933
unsignedintegeroverflow-sas23/bilinear_interpolation.yml	true	TIMEOUT	990.665678871	957.6679763449938	4298.244096	cloud-23979	TIMEOUT	990.503024067	967.7923893420084	1652.506624	cloud-23933	TIMEOUT	990.768582874	967.2654638770036	4466.397184	cloud-23979
unsignedintegeroverflow-sas23/cancel_var_through_overflow.yml	true	TIMEOUT	990.262007305	974.391277215007	546.762752	cloud-24260	TIMEOUT	990.249840458	977.3522058749804	581.959680	cloud-23979	TIMEOUT	990.232205403	977.7418494230078	560.054272	cloud-23982
unsignedintegeroverflow-sas23/distance_through_overflow.yml	true	true	26.483627271	14.440951945987763	593.768448	cloud-24259	true	21.614921186	11.635145431006094	660.054016	cloud-23980	TIMEOUT	990.23858182	978.2187469649944	523.288576	cloud-23980
unsignedintegeroverflow-sas23/linear_interpolation.yml	true	TIMEOUT	990.30767447	970.5378142410191	662.863872	cloud-23933	TIMEOUT	990.254301212	976.5853944069822	592.527360	cloud-23979	TIMEOUT	990.289992147	975.0161262789916	617.672704	cloud-23979
unsignedintegeroverflow-sas23/linear_interpolation_2.yml	true	TIMEOUT	990.257409278	976.488404001997	574.124032	cloud-24261	TIMEOUT	990.237475507	978.3235173180001	578.002944	cloud-23979	TIMEOUT	990.271912956	974.8772314889939	577.560576	cloud-23938
longjmp/68-longjmp_04-counting-local_true.yml	true	ERROR (generic error, after parsing finished)	28.313236842	15.652351024997188	524.115968	cloud-24259	ERROR (server error, after parsing finished)	21.273129351	11.535242817015387	562.180096	cloud-23980	ERROR (generic error, after parsing finished)	15.277217801	8.53622830400127	499.306496	cloud-23980
longjmp/68-longjmp_04-counting-local_unknown_1_neg.yml	false	ERROR (generic error, after parsing finished)	27.831985325	15.55050476701581	555.851776	cloud-24260	ERROR (server error, after parsing finished)	16.833616022	9.383883842005162	545.259520	cloud-23933	ERROR (generic error, after parsing finished)	19.734686197	10.797397354996065	538.804224	cloud-23938
longjmp/68-longjmp_04-counting-local_unknown_1_pos.yml	false	ERROR (generic error, after parsing finished)	24.80379218	13.812237955004093	509.206528	cloud-24259	ERROR (server error, after parsing finished)	17.79382434	9.769249331002356	528.867328	cloud-23980	ERROR (generic error, after parsing finished)	21.495341297	11.628856722993078	506.486784	cloud-23938
longjmp/68-longjmp_05-heap-counting-return-one-method_true.yml	true	ERROR (frontend failed, before parsing finished)	5.396110512	2.879566641000565	151.642112	cloud-24259	ERROR (frontend failed, before parsing finished)	3.692357883	2.104812091012718	191.729664	cloud-23980	ERROR (frontend failed, before parsing finished)	4.554721504	2.561477334005758	153.444352	cloud-23933
longjmp/68-longjmp_05-heap-counting-return-one-method_unknown_1_neg.yml	false	ERROR (frontend failed, before parsing finished)	4.978120311	2.746675688016694	188.428288	cloud-24260	ERROR (frontend failed, before parsing finished)	3.727307507	2.051173060986912	187.363328	cloud-23933	ERROR (frontend failed, before parsing finished)	4.447160977	2.436731055000564	154.902528	cloud-23938
longjmp/68-longjmp_05-heap-counting-return-one-method_unknown_1_pos.yml	false	ERROR (frontend failed, before parsing finished)	4.437594507	2.480795768002281	153.464832	cloud-23979	ERROR (frontend failed, before parsing finished)	3.410796349	1.9211869679857045	187.465728	cloud-23933	ERROR (frontend failed, before parsing finished)	4.599365124	2.555549445009092	184.786944	cloud-23933
longjmp/68-longjmp_07-returns_true.yml	true	ERROR (generic error, after parsing finished)	26.025061642	14.269153872010065	564.297728	cloud-23979	ERROR (server error, after parsing finished)	19.155925426	10.466121772013139	548.339712	cloud-23980	ERROR (generic error, after parsing finished)	18.548792977	10.113273113995092	470.654976	cloud-23979
longjmp/68-longjmp_11-counting-return_true.yml	true	ERROR (generic error, after parsing finished)	31.392042406	17.01563804599573	579.325952	cloud-24260	ERROR (server error, after parsing finished)	17.906039846	9.792375595017802	545.390592	cloud-23980	ERROR (generic error, after parsing finished)	16.652231403	9.043214628007263	502.390784	cloud-23980
longjmp/68-longjmp_11-counting-return_unknown_1_neg.yml	false	ERROR (generic error, after parsing finished)	23.923355503	12.988725970993983	545.394688	cloud-23979	ERROR (server error, after parsing finished)	17.815388924	9.91462418701849	550.043648	cloud-23982	ERROR (generic error, after parsing finished)	15.679822008	8.840894449996995	516.169728	cloud-23980
longjmp/68-longjmp_11-counting-return_unknown_1_pos.yml	false	ERROR (generic error, after parsing finished)	28.244912479	15.65107274998445	562.339840	cloud-24260	ERROR (server error, after parsing finished)	18.412714759	10.20228968502488	548.737024	cloud-23933	ERROR (generic error, after parsing finished)	16.307400138	9.56494189798832	512.765952	cloud-23980
longjmp/68-longjmp_12-counting-global_true.yml	true	ERROR (generic error, after parsing finished)	24.148670752	13.64597229300125	556.150784	cloud-24261	ERROR (server error, after parsing finished)	19.247537525	10.43892083800165	585.977856	cloud-23979	ERROR (generic error, after parsing finished)	20.714394938	11.467407921998529	474.685440	cloud-23982
longjmp/68-longjmp_12-counting-global_unknown_1_neg.yml	false	ERROR (generic error, after parsing finished)	28.820460333	15.65972002298804	577.523712	cloud-23933	ERROR (server error, after parsing finished)	21.001491872	11.511801840999397	539.836416	cloud-23933	ERROR (generic error, after parsing finished)	21.469877488	12.05277865199605	500.559872	cloud-23938
longjmp/68-longjmp_12-counting-global_unknown_1_pos.yml	false	ERROR (generic error, after parsing finished)	27.294171789	14.923451256996486	545.497088	cloud-24260	ERROR (server error, after parsing finished)	22.322569934	12.150964961008867	547.749888	cloud-23938	ERROR (generic error, after parsing finished)	21.592088636	11.755281122983433	488.513536	cloud-23982
longjmp/68-longjmp_13-counting-local_true.yml	true	ERROR (generic error, after parsing finished)	27.160560762	14.821217874996364	518.086656	cloud-23933	ERROR (server error, after parsing finished)	21.791546899	11.728485627972987	524.922880	cloud-23938	ERROR (generic error, after parsing finished)	19.170027791	10.576560023997445	461.029376	cloud-23933
longjmp/68-longjmp_13-counting-local_unknown_1_neg.yml	false	ERROR (generic error, after parsing finished)	23.222160805	12.912943486007862	517.382144	cloud-23979	ERROR (server error, after parsing finished)	17.584879735	9.860530101985205	557.084672	cloud-23980	ERROR (generic error, after parsing finished)	23.955711638	12.870270849001827	495.071232	cloud-23982
longjmp/68-longjmp_13-counting-local_unknown_1_pos.yml	false	ERROR (generic error, after parsing finished)	23.252466098	12.77344905398786	554.418176	cloud-23979	ERROR (server error, after parsing finished)	16.204833111	8.97171476497897	550.932480	cloud-23982	ERROR (generic error, after parsing finished)	19.249240461	10.640699745999882	509.476864	cloud-23979
longjmp/68-longjmp_14-counting-return-one-method_true.yml	true	ERROR (generic error, after parsing finished)	24.330665857	13.33903611099231	573.874176	cloud-24259	ERROR (server error, after parsing finished)	19.034072039	10.386597610020544	538.083328	cloud-23938	ERROR (generic error, after parsing finished)	18.880865482	10.220635770005174	514.596864	cloud-23980
longjmp/68-longjmp_14-counting-return-one-method_unknown_1_neg.yml	false	ERROR (generic error, after parsing finished)	25.334990893	13.819600785995135	525.410304	cloud-23979	ERROR (server error, after parsing finished)	23.248374242	12.799698816001182	555.966464	cloud-23982	ERROR (generic error, after parsing finished)	18.049727047	9.85780772002181	507.858944	cloud-23979
longjmp/68-longjmp_14-counting-return-one-method_unknown_1_pos.yml	false	ERROR (generic error, after parsing finished)	26.276631174	14.745543284981977	520.212480	cloud-23933	ERROR (server error, after parsing finished)	16.272283733	8.891064825002104	545.161216	cloud-23980	ERROR (generic error, after parsing finished)	16.27084617	8.901452039019205	515.125248	cloud-23933
longjmp/68-longjmp_15-counting-global-one-method_true.yml	true	ERROR (generic error, after parsing finished)	24.287273377	13.291017488983925	543.064064	cloud-23933	ERROR (server error, after parsing finished)	22.616108533	12.315434479998657	560.910336	cloud-23982	ERROR (generic error, after parsing finished)	21.721952554	11.56560479599284	515.588096	cloud-23933
longjmp/68-longjmp_15-counting-global-one-method_unknown_1_neg.yml	false	ERROR (generic error, after parsing finished)	28.766501279	15.912669735000236	559.562752	cloud-24259	ERROR (server error, after parsing finished)	17.621136587	9.823270121007226	568.070144	cloud-23980	ERROR (generic error, after parsing finished)	21.183410824	11.406615671003237	492.158976	cloud-23980
longjmp/68-longjmp_15-counting-global-one-method_unknown_1_pos.yml	false	ERROR (generic error, after parsing finished)	29.937407172	16.352504112001043	537.989120	cloud-24260	ERROR (server error, after parsing finished)	20.341853306	11.052123496017884	562.040832	cloud-23933	ERROR (generic error, after parsing finished)	21.711635751	11.951039613981266	496.541696	cloud-23982
longjmp/68-longjmp_16-counting-local-one-method_true.yml	true	ERROR (generic error, after parsing finished)	27.359937901	15.089674032991752	560.553984	cloud-24259	ERROR (server error, after parsing finished)	17.001458529	9.409033793985145	656.617472	cloud-23980	ERROR (generic error, after parsing finished)	23.720266389	13.17299114499474	467.390464	cloud-23982
longjmp/68-longjmp_16-counting-local-one-method_unknown_1_neg.yml	false	ERROR (generic error, after parsing finished)	25.70977646	14.708920428005513	562.970624	cloud-23933	ERROR (server error, after parsing finished)	18.854968033	10.197040377999656	556.040192	cloud-23980	ERROR (generic error, after parsing finished)	27.078421923	14.710852310992777	509.595648	cloud-23938
longjmp/68-longjmp_16-counting-local-one-method_unknown_1_pos.yml	false	ERROR (generic error, after parsing finished)	25.886861909	14.20203491699067	550.047744	cloud-23933	ERROR (server error, after parsing finished)	23.944167825	13.109830385015812	505.692160	cloud-23982	ERROR (generic error, after parsing finished)	21.22684927	11.553698478994193	479.846400	cloud-23982
longjmp/68-longjmp_18-simple-else_true.yml	true	ERROR (generic error, after parsing finished)	30.238848583	16.378311803971883	569.118720	cloud-24260	ERROR (server error, after parsing finished)	18.253497414	10.098449706012616	547.422208	cloud-23933	ERROR (generic error, after parsing finished)	19.837906052	10.829397883993806	500.002816	cloud-23980
longjmp/68-longjmp_18-simple-else_unknown_1_neg.yml	false	ERROR (generic error, after parsing finished)	29.588248723	16.128421221015742	575.762432	cloud-23933	ERROR (server error, after parsing finished)	22.334843346	12.057922827021684	560.791552	cloud-23979	ERROR (generic error, after parsing finished)	16.094194846	8.772911220003152	510.779392	cloud-23944
longjmp/68-longjmp_18-simple-else_unknown_1_pos.yml	false	ERROR (generic error, after parsing finished)	29.980069613	16.101441295002587	583.225344	cloud-24260	ERROR (server error, after parsing finished)	21.78027228	11.84552170499228	537.202688	cloud-23979	ERROR (generic error, after parsing finished)	21.142806339	11.413479945011204	489.066496	cloud-23979
longjmp/68-longjmp_18-simple-else_unknown_2_neg.yml	false	ERROR (generic error, after parsing finished)	30.817412318	16.95209848700324	560.381952	cloud-24259	ERROR (server error, after parsing finished)	21.394541577	11.575018138973974	568.664064	cloud-23979	ERROR (generic error, after parsing finished)	22.459455793	12.226455409982009	515.452928	cloud-23933
longjmp/68-longjmp_18-simple-else_unknown_2_pos.yml	false	ERROR (generic error, after parsing finished)	29.288559067	16.093998308992013	577.183744	cloud-24260	ERROR (server error, after parsing finished)	19.798713252	10.717733871017117	572.608512	cloud-23933	ERROR (generic error, after parsing finished)	22.54936057	12.321376220992533	521.302016	cloud-23979
longjmp/68-longjmp_19-simpler_true.yml	true	ERROR (generic error, after parsing finished)	29.531338852	16.17740406600933	573.157376	cloud-24260	ERROR (server error, after parsing finished)	24.122123405	13.192528696003137	550.830080	cloud-23933	ERROR (generic error, after parsing finished)	19.527379631	10.689168899989454	545.742848	cloud-23933
longjmp/68-longjmp_20-simpler-multifun_true.yml	true	ERROR (generic error, after parsing finished)	30.935990064	17.049813204997918	580.919296	cloud-23933	ERROR (server error, after parsing finished)	24.644657841	13.336142059008125	582.774784	cloud-23938	ERROR (generic error, after parsing finished)	18.980057996	10.75758056298946	515.166208	cloud-23980
longjmp/68-longjmp_21-multifun_true.yml	true	ERROR (generic error, after parsing finished)	29.736724651	16.188575171021512	545.886208	cloud-23933	ERROR (server error, after parsing finished)	21.16409068	11.64726657999563	542.191616	cloud-23933	ERROR (generic error, after parsing finished)	21.344612406	11.624702928995248	525.893632	cloud-23979
longjmp/68-longjmp_22-multifun-arg_true.yml	true	ERROR (generic error, after parsing finished)	29.959475328	16.245740421989467	580.096000	cloud-23933	ERROR (server error, after parsing finished)	22.073759038	12.092850613989867	544.067584	cloud-23982	ERROR (generic error, after parsing finished)	20.302539431	10.977497601008508	496.881664	cloud-23979
longjmp/68-longjmp_42-poison-reduced_true.yml	true	ERROR (frontend failed, before parsing finished)	4.333056088	2.384820489998674	186.531840	cloud-24259	ERROR (frontend failed, before parsing finished)	5.796115668	3.08052353002131	155.041792	cloud-23933	ERROR (frontend failed, before parsing finished)	4.142418787	2.252753679989837	156.463104	cloud-23980
longjmp/68-longjmp_44-simple-else-path_true.yml	true	ERROR (generic error, after parsing finished)	29.461333837	16.226872156985337	545.767424	cloud-23933	ERROR (server error, after parsing finished)	24.650695132	13.232974498008844	594.309120	cloud-23980	ERROR (generic error, after parsing finished)	21.866927725	12.25265759701142	518.017024	cloud-23980
longjmp/68-longjmp_51-worries_true.yml	true	ERROR (generic error, after parsing finished)	27.619251328	14.92331133998232	574.218240	cloud-23933	ERROR (server error, after parsing finished)	25.538240569	13.715073217987083	551.120896	cloud-23938	ERROR (generic error, after parsing finished)	26.141579609	14.198551150009735	501.792768	cloud-23982
loops/array-1.yml	true	true	21.074998367	11.500994044996332	567.226368	cloud-23979	true	19.122860204	10.57646417201613	518.873088	cloud-23980	ERROR (server error, after parsing finished)	21.651055598	12.104688010003883	463.364096	cloud-23982
loops/array-2.yml	false	false(unreach-call)	28.282199492	15.5857008320163	579.788800	cloud-24259	false(unreach-call)	18.511151464	10.395588546991348	531.132416	cloud-23979	ERROR (server error, after parsing finished)	19.786502512	10.965432592987781	464.183296	cloud-23938
loops/bubble_sort-2.yml	false	ERROR (frontend failed, before parsing finished)	2.568858947	1.5185704219911713	121.233408	cloud-23933	ERROR (frontend failed, before parsing finished)	2.750669177	1.6146999270131346	121.397248	cloud-23933	ERROR (frontend failed, before parsing finished)	2.596502761	1.4656632639816962	127.639552	cloud-23980
loops/compact.yml	false	false(unreach-call)	27.543403647	15.807742258999497	531.447808	cloud-24260	false(unreach-call)	19.349656502	11.054051429004176	532.279296	cloud-23944	ERROR (server error, after parsing finished)	19.98514824	10.899656647990923	462.213120	cloud-23938
loops/count_up_down-1.yml	true	TIMEOUT	990.458991822	961.4015853730089	1771.020288	cloud-23979	ERROR (solver error, after parsing finished)	394.068207981	325.8499470749812	2083.819520	cloud-23933	TIMEOUT	990.178926392	978.0531257019902	630.231040	cloud-23982
loops/count_up_down-2.yml	false	false(unreach-call)	20.71241795	11.207568456011359	556.728320	cloud-23933	false(unreach-call)	19.850235441	11.044443424005294	589.348864	cloud-23933	false(unreach-call)	16.291542098	9.228559827024583	555.630592	cloud-23980
loops/eureka_01-2.yml	true	ERROR (server error, after parsing finished)	152.489373277	125.44986349600367	1506.250752	cloud-23979	TIMEOUT	990.644237916	961.4527332639846	2725.974016	cloud-23982	ERROR (server error, after parsing finished)	19.562133911	10.664523198007373	524.029952	cloud-23933
loops/eureka_05.yml	true	ERROR (server error, after parsing finished)	373.527279856	213.0811746279942	2116.345856	cloud-23933	TIMEOUT	991.391394201	523.6989145590051	2113.228800	cloud-23982	ERROR (server error, after parsing finished)	17.481392455	9.74430153297726	536.891392	cloud-23933
loops/for_bounded_loop1.yml	false	false(unreach-call)	22.571851901	12.273596785991685	589.705216	cloud-23933	false(unreach-call)	22.936235404	12.465574853005819	583.819264	cloud-23933	false(unreach-call)	23.981621504	13.187745662988164	558.010368	cloud-23933
loops/for_infinite_loop_1.yml	true	true	24.767549995	13.531343340990134	572.669952	cloud-24259	true	19.941301061	10.822882890992332	591.884288	cloud-23938	true	19.413932993	10.984345047996612	539.848704	cloud-23933
loops/for_infinite_loop_2.yml	true	true	21.387719344	11.857786241016584	543.289344	cloud-23979	true	17.92502404	10.040927135007223	543.391744	cloud-23979	true	19.825864691	11.20046866600751	541.364224	cloud-23979
loops/heavy-1.yml	false	ERROR (server error, after parsing finished)	216.604668	197.89949144399725	756.277248	cloud-23979	TIMEOUT	990.275272719	974.4223934249894	776.228864	cloud-23980	ERROR (server error, after parsing finished)	19.684287005	10.853611081984127	484.122624	cloud-23979
loops/heavy-2.yml	true	true	22.449134677	12.28200717899017	551.923712	cloud-23933	true	19.74366127	10.696992987999693	510.525440	cloud-23933	ERROR (server error, after parsing finished)	15.787396908	8.83686892100377	473.845760	cloud-23980
loops/insertion_sort-1-2.yml	false	ERROR (server error, after parsing finished)	136.147685228	117.4250467219972	712.196096	cloud-24260	ERROR (verification stuck, after parsing finished)	69.732121076	57.79438087402377	708.661248	cloud-23980	ERROR (server error, after parsing finished)	17.074636293	9.485650101996725	539.201536	cloud-23980
loops/insertion_sort-2-2.yml	true	ERROR (server error, after parsing finished)	240.510043685	216.04797762400995	683.175936	cloud-24259	TIMEOUT	990.277991699	972.414662272	685.309952	cloud-23980	ERROR (server error, after parsing finished)	19.26502788	10.616016209009103	532.328448	cloud-23982
loops/invert_string-1.yml	false	false(unreach-call)	30.80448271	17.435995648993412	648.232960	cloud-23933	false(unreach-call)	24.713773673	14.209110682975734	563.744768	cloud-23980	ERROR (server error, after parsing finished)	18.938971922	10.334121986990795	516.304896	cloud-23933
loops/invert_string-3.yml	true	ERROR (server error, after parsing finished)	317.846997152	213.12735283798247	2038.575104	cloud-24260	TIMEOUT	991.977416434	607.7758598969958	2093.719552	cloud-23979	ERROR (server error, after parsing finished)	18.380600713	10.095328602998052	469.200896	cloud-23979
loops/linear_sea.ch.yml	true	ERROR (generic error, after parsing finished)	32.451501858	17.386093034991063	548.589568	cloud-24259	ERROR (server error, after parsing finished)	22.823324191	12.447391695022816	559.370240	cloud-23979	ERROR (generic error, after parsing finished)	17.919785562	9.932747949991608	525.443072	cloud-23940
loops/linear_search.yml	false	ERROR (generic error, after parsing finished)	22.773279603	12.512769963010214	510.521344	cloud-24259	ERROR (server error, after parsing finished)	17.19528308	9.503535744996043	538.927104	cloud-23933	ERROR (generic error, after parsing finished)	17.646084018	9.79683633899549	509.005824	cloud-23979
loops/lu.cmp.yml	true	ERROR (frontend failed, before parsing finished)	3.764182011	2.140557931998046	119.185408	cloud-24260	ERROR (frontend failed, before parsing finished)	2.319509585	1.3344605279853567	105.402368	cloud-23980	ERROR (frontend failed, before parsing finished)	3.078909395	1.7960211799945682	111.497216	cloud-23982
loops/ludcmp.yml	false	ERROR (frontend failed, before parsing finished)	2.823134194	1.6631714790128171	109.559808	cloud-23933	ERROR (frontend failed, before parsing finished)	2.764114334	1.5928734129993245	116.629504	cloud-23979	ERROR (frontend failed, before parsing finished)	2.871698809	1.6562300119840074	118.845440	cloud-23982
loops/matrix-1.yml	true	ERROR (frontend failed, before parsing finished)	2.454257246	1.4569086249975953	110.379008	cloud-23979	ERROR (frontend failed, before parsing finished)	3.082085327	1.7416631710075308	108.969984	cloud-23982	ERROR (frontend failed, before parsing finished)	2.616395719	1.5049059659941122	110.833664	cloud-23979
loops/matrix-2-2.yml	false	ERROR (frontend failed, before parsing finished)	2.281649806	1.3442769009852782	109.305856	cloud-23979	ERROR (frontend failed, before parsing finished)	2.096552691	1.196242586011067	106.323968	cloud-23980	ERROR (frontend failed, before parsing finished)	2.441598262	1.4098510279727634	112.525312	cloud-23933
loops/n.c11.yml	true	true	21.079305673	11.768056705011986	520.278016	cloud-23979	true	20.446041309	11.394098057993688	512.970752	cloud-23938	ERROR (server error, after parsing finished)	20.52247417	11.366770456981612	468.676608	cloud-23933
loops/n.c24.yml	false	ERROR (frontend failed, before parsing finished)	2.892516838	1.6653467529977206	140.816384	cloud-24261	ERROR (frontend failed, before parsing finished)	4.881303667	2.6624006630154327	140.804096	cloud-23982	ERROR (frontend failed, before parsing finished)	4.302429668	2.438278307992732	141.213696	cloud-23982
loops/n.c40.yml	true	true	28.414952927	16.156999147002352	962.953216	cloud-23933	true	24.254130188	13.619090173015138	967.852032	cloud-23980	ERROR (server error, after parsing finished)	17.946959906	10.056368406978436	468.602880	cloud-23979
loops/nec11.yml	false	false(unreach-call)	25.1450468	13.79342152600293	533.594112	cloud-24260	false(unreach-call)	21.720567728	11.695274177996907	513.548288	cloud-23938	ERROR (server error, after parsing finished)	14.151451528	7.939741204987513	511.242240	cloud-23944
loops/nec20.yml	false	false(unreach-call)	27.139558182	15.066558251011884	533.082112	cloud-24259	false(unreach-call)	23.824721661	12.782363890990382	556.998656	cloud-23982	ERROR (server error, after parsing finished)	21.18908827	11.552471784991212	459.816960	cloud-23980
loops/nec40.yml	true	true	29.438959138	16.84537453298981	956.207104	cloud-24260	true	27.285368824	15.504327639006078	895.557632	cloud-23982	ERROR (server error, after parsing finished)	20.910888508	11.426803428010317	523.517952	cloud-23933
loops/string-1.yml	true	true	21.55524444	11.94905944398488	557.121536	cloud-23979	true	23.118928261	12.852506787981838	588.500992	cloud-23982	ERROR (server error, after parsing finished)	23.524145802	12.897927334997803	504.700928	cloud-23982
loops/string-2.yml	false	ERROR (generic error, after parsing finished)	41.416660927	26.618216314993333	554.811392	cloud-24260	ERROR (server error, after parsing finished)	20.059339818	12.310886676015798	587.104256	cloud-23982	ERROR (server error, after parsing finished)	19.426872689	10.990094704990042	513.654784	cloud-23980
loops/sum01-2.yml	true	true	20.120864726	11.233703314996092	555.806720	cloud-23979	true	21.215755045	11.715946031006752	598.855680	cloud-23933	TIMEOUT	990.458372255	974.860354991979	1966.989312	cloud-23982
loops/sum01_bug02.yml	false	false(unreach-call)	27.153411966	14.831816338002682	604.704768	cloud-24261	false(unreach-call)	22.47096575	12.467465680994792	610.340864	cloud-23980	false(unreach-call)	21.372773444	11.669091760995798	552.947712	cloud-23933
loops/sum03-1.yml	false	TIMEOUT (false(unreach-call))	947.704962592	924.1985205899982	721.453056	cloud-24260	TIMEOUT	990.225476379	977.2650204360252	582.828032	cloud-23980	TIMEOUT	990.24673368	976.6626916399982	565.084160	cloud-23982
loops/sum03-2.yml	true	ERROR (generic error, after parsing finished)	34.293626689	22.18646393797826	599.805952	cloud-23979	ERROR (server error, after parsing finished)	29.231305031	19.795531527983258	582.422528	cloud-23979	true	214.629023389	203.88369550200878	591.945728	cloud-23979
loops/sum04-1.yml	false	false(unreach-call)	23.335456748	12.681330211024033	588.648448	cloud-23933	false(unreach-call)	21.235392196	11.868301854992751	569.794560	cloud-23979	false(unreach-call)	26.50834316	14.748708650993649	542.838784	cloud-23982
loops/sum04-2.yml	true	true	21.593933123	11.7516528260021	592.175104	cloud-23933	true	22.6052799	12.527322598005412	547.581952	cloud-23938	true	20.35485135	11.153943974000867	571.527168	cloud-23979
loops/sum_array-2-2.yml	true	ERROR (server error, after parsing finished)	135.770195217	122.89878157700878	634.916864	cloud-23979	TIMEOUT	990.566695664	962.1332876300148	933.482496	cloud-23933	ERROR (server error, after parsing finished)	20.418073611	11.081474555976456	544.010240	cloud-23980
loops/terminator_01.yml	false	false(unreach-call)	21.705975342	12.142244481976377	563.453952	cloud-23933	false(unreach-call)	25.235363904	13.818280971987406	544.284672	cloud-23982	ERROR (server error, after parsing finished)	17.343816411	9.50526287901448	467.845120	cloud-23933
loops/terminator_02-2.yml	true	true	23.387610121	12.914166319009382	562.139136	cloud-23979	true	21.314944822	11.937355220987229	542.580736	cloud-23982	true	18.221629025	9.986664646014106	561.553408	cloud-23980
loops/terminator_02-2_abstracted.yml	true	true	25.87690943	14.264012625004398	593.178624	cloud-24259	true	26.123715186	14.292102369014174	600.702976	cloud-23982	ERROR (server error, after parsing finished)	21.590262657	11.876533365022624	520.724480	cloud-23938
loops/terminator_03-2.yml	true	true	22.097669155	12.217951442988124	589.295616	cloud-23933	true	17.022393246	9.540724466991378	595.582976	cloud-23979	true	20.689876593	11.366108540998539	525.664256	cloud-23938
loops/terminator_03-2_abstracted.yml	true	true	22.096918675	12.351408443995751	592.187392	cloud-23933	true	19.212658166	10.661232910002582	576.122880	cloud-23979	true	26.791348468	14.672556024015648	547.377152	cloud-23982
loops/trex01-1.yml	false	false(unreach-call)	25.460109428	13.667644172994187	553.033728	cloud-24260	false(unreach-call)	21.071325024	11.725214223988587	581.033984	cloud-23979	false(unreach-call)	25.477139373	14.117404756019823	541.732864	cloud-23938
loops/trex01-2.yml	true	true	18.683719621	10.214740155992331	619.823104	cloud-24259	true	17.030691481	9.292939153005136	634.662912	cloud-23980	true	26.539754545	14.51667950101546	579.178496	cloud-23933
loops/trex02-1.yml	true	true	23.308935366	12.6064958019997	527.843328	cloud-23933	true	19.762135353	11.105914059997303	513.744896	cloud-23933	true	18.07260286	9.926261997024994	487.292928	cloud-23979
loops/trex02-2.yml	false	false(unreach-call)	22.655239614	12.370499887998449	512.835584	cloud-24261	false(unreach-call)	18.553141584	10.439033707982162	569.831424	cloud-23942	false(unreach-call)	23.561937006	12.837539704982191	497.180672	cloud-23933
loops/trex03-1.yml	false	false(unreach-call)	19.763730953	10.928324278997025	589.615104	cloud-24259	false(unreach-call)	20.911953141	11.343859891989268	551.624704	cloud-23980	false(unreach-call)	24.574921551	13.38868003198877	546.574336	cloud-23982
loops/trex03-2.yml	true	true	19.965418775	11.114350296993507	551.972864	cloud-23979	true	21.848210102	12.377826946991263	575.152128	cloud-23933	true	17.285092582	9.409170334984083	551.555072	cloud-23933
loops/trex03-2_abstracted.yml	true	true	24.409055992	13.643394747981802	588.066816	cloud-24259	true	19.857513655	11.032400409021648	576.372736	cloud-23938	ERROR (server error, after parsing finished)	23.184180335	13.110786895005731	516.661248	cloud-23982
loops/trex04.yml	true	true	23.538661417	13.082146139000542	598.429696	cloud-24259	true	17.146474928	9.721609425992938	598.671360	cloud-23979	true	19.150375554	10.456947044993285	509.915136	cloud-23979
loops/trex04_abstracted.yml	true	true	23.48949758	12.750082345999544	613.732352	cloud-23979	true	21.44042658	11.749011443986092	554.692608	cloud-23933	true	23.504047815	12.58463204401778	556.572672	cloud-23980
loops/veris.c_NetBSD-libc_loop.yml	true	ERROR (frontend failed, before parsing finished)	2.530227979	1.4672819970001	116.690944	cloud-23933	ERROR (frontend failed, before parsing finished)	2.703268738	1.5819923249946442	105.275392	cloud-23980	ERROR (frontend failed, before parsing finished)	2.486798003	1.4406107930117287	115.638272	cloud-23979
loops/veris.c_OpenSER_cases1_stripFullBoth_arr.yml	true	ERROR (frontend failed, before parsing finished)	3.565085772	2.0012992020056117	131.137536	cloud-24260	ERROR (frontend failed, before parsing finished)	3.508611495	1.9123482129944023	129.458176	cloud-23938	ERROR (frontend failed, before parsing finished)	2.594394831	1.510011870006565	130.187264	cloud-23933
loops/veris.c_sendmail_tTflag_arr_one_loop.yml	true	true	25.595488615	14.717260553996312	560.238592	cloud-24260	true	18.152541588	10.267708096012939	503.160832	cloud-23980	ERROR (server error, after parsing finished)	27.03056528	14.90568795701256	512.159744	cloud-23933
loops/verisec_NetBSD-libc_loop.yml	false	ERROR (frontend failed, before parsing finished)	2.782968622	1.5963470389979193	114.565120	cloud-24260	ERROR (frontend failed, before parsing finished)	2.657155852	1.538966296997387	116.498432	cloud-23979	ERROR (frontend failed, before parsing finished)	2.967224932	1.6943886719818693	116.371456	cloud-23938
loops/verisec_OpenSER_cases1_stripFullBoth_arr.yml	false	ERROR (frontend failed, before parsing finished)	3.259658339	1.8561923769884743	127.942656	cloud-23933	ERROR (frontend failed, before parsing finished)	2.646386798	1.545560563012259	120.201216	cloud-23979	ERROR (frontend failed, before parsing finished)	2.606216185	1.4869470809935592	131.031040	cloud-23982
loops/vogal-1.yml	true	ERROR (frontend failed, before parsing finished)	2.418360258	1.4293893209833186	120.033280	cloud-23979	ERROR (frontend failed, before parsing finished)	3.508643981	1.995210451015737	120.582144	cloud-23938	ERROR (frontend failed, before parsing finished)	2.415123687	1.4073582629789598	117.862400	cloud-23979
loops/vogal-2.yml	false	ERROR (frontend failed, before parsing finished)	3.298760808	1.8802657510095742	117.706752	cloud-23933	ERROR (frontend failed, before parsing finished)	2.637950287	1.5128196960140485	112.570368	cloud-23938	ERROR (frontend failed, before parsing finished)	3.112539161	1.7681563710211776	114.565120	cloud-23980
loops/while_infinite_loop_1.yml	true	true	23.667436661	12.92577589499706	556.482560	cloud-24260	true	17.738610791	9.878611982014263	530.280448	cloud-23980	true	17.473257896	10.044571073987754	551.165952	cloud-23980
loops/while_infinite_loop_2.yml	true	true	21.604454383	12.042364934022771	593.108992	cloud-24259	true	21.02162871	11.585626746003982	543.612928	cloud-23982	true	18.301646109	10.123601778992452	543.473664	cloud-23933
loops/while_infinite_loop_3.yml	true	true	22.242645651	12.30448496399913	500.011008	cloud-24259	true	20.81080416	11.44887279800605	579.600384	cloud-23979	true	24.654658477	13.68717327597551	530.083840	cloud-23933
loops/while_infinite_loop_4.yml	false	false(unreach-call)	20.905091355	11.484553122980287	519.118848	cloud-24259	false(unreach-call)	24.252775137	13.03637949199765	546.664448	cloud-23938	false(unreach-call)	21.319724488	11.668955824978184	486.236160	cloud-23938
loop-acceleration/array_1-1.yml	false	ERROR (generic error, after parsing finished)	143.666990318	119.03515462597716	685.731840	cloud-24260	TIMEOUT	990.309191164	967.7046626369993	827.523072	cloud-23980	ERROR (server error, after parsing finished)	20.629593491	11.343564983981196	471.220224	cloud-23982
loop-acceleration/array_1-2.yml	true	ERROR (generic error, after parsing finished)	139.39740118	117.07048769500398	646.352896	cloud-24259	TIMEOUT	990.340948561	963.1247058099834	862.453760	cloud-23982	ERROR (server error, after parsing finished)	16.249315241	9.176026819972321	498.802688	cloud-23979
loop-acceleration/array_2-1-simple.yml	false	ERROR (generic error, after parsing finished)	145.063627695	118.05052558498573	752.992256	cloud-24260	TIMEOUT	990.471117028	957.3897959709866	1175.298048	cloud-23938	ERROR (server error, after parsing finished)	18.831440456	10.464431385014905	554.622976	cloud-23933
loop-acceleration/array_2-1.yml	false	ERROR (generic error, after parsing finished)	152.629393337	122.10496790599427	1149.132800	cloud-24259	TIMEOUT	990.585718706	956.4961583940021	1970.954240	cloud-23938	ERROR (server error, after parsing finished)	22.314960315	12.20501513898489	551.309312	cloud-23982
loop-acceleration/array_2-2-simple.yml	true	ERROR (generic error, after parsing finished)	152.742673925	123.0937434840016	718.188544	cloud-24260	TIMEOUT	990.365567843	958.9601054430241	1212.461056	cloud-23938	ERROR (server error, after parsing finished)	24.091980135	13.248592596995877	544.751616	cloud-23982
loop-acceleration/array_2-2.yml	true	ERROR (generic error, after parsing finished)	144.091879431	119.34404138699756	1232.949248	cloud-23933	TIMEOUT	990.527761717	954.4465954889893	2205.921280	cloud-23933	ERROR (server error, after parsing finished)	17.765911704	9.932012286008103	530.735104	cloud-23980
loop-acceleration/array_3-1.yml	true	true	21.570481658	11.721853577997535	562.249728	cloud-23979	true	22.158342371	12.079386390018044	568.832000	cloud-23982	ERROR (server error, after parsing finished)	20.087161593	11.269854609010508	512.061440	cloud-23938
loop-acceleration/array_3-2.yml	false	ERROR (generic error, after parsing finished)	149.498605018	122.42082691099495	742.531072	cloud-24260	TIMEOUT	990.369852652	960.7990879099816	1059.909632	cloud-23982	ERROR (server error, after parsing finished)	22.870736987	12.680836776999058	531.218432	cloud-23982
loop-acceleration/array_4.yml	true	ERROR (generic error, after parsing finished)	137.277232449	115.44752788601909	721.297408	cloud-23933	TIMEOUT	990.411415371	962.5878631480155	942.739456	cloud-23982	ERROR (server error, after parsing finished)	20.849734771	11.426326351007447	549.724160	cloud-23933
loop-acceleration/const_1-1.yml	true	true	16.944433809	9.380521621991647	549.257216	cloud-24259	true	16.088145274	9.175707116984995	577.540096	cloud-23979	true	18.947049928	10.40013547099079	543.260672	cloud-23980
loop-acceleration/const_1-2.yml	false	TIMEOUT	990.360902119	966.861172044999	1169.575936	cloud-24259	TIMEOUT	990.406836573	961.1994684679958	995.958784	cloud-23933	TIMEOUT	990.258542005	976.5373719980125	609.652736	cloud-23933
loop-acceleration/const_1-2_abstracted.yml	false	false(unreach-call)	22.64876633	12.722204783989582	585.539584	cloud-23933	false(unreach-call)	17.910660804	10.078128240973456	591.151104	cloud-23933	false(unreach-call)	21.171656002	11.79785305299447	540.061696	cloud-23933
loop-acceleration/diamond_1-1.yml	true	true	40.454565428	25.59052247100044	630.415360	cloud-24260	true	33.683715069	22.00824268301949	660.635648	cloud-23938	TIMEOUT	990.227958144	976.2339655940013	608.264192	cloud-23982
loop-acceleration/diamond_1-2.yml	false	TIMEOUT	990.579568449	939.4335955980059	1758.777344	cloud-24260	false(unreach-call)	777.111748868	747.4864500759868	1161.805824	cloud-23982	TIMEOUT	990.288942614	974.9563971800089	668.139520	cloud-23979
loop-acceleration/diamond_2-2.yml	true	TIMEOUT	990.373165675	950.8559214179986	2017.103872	cloud-23979	true	751.543756076	539.748009130999	2311.417856	cloud-23938	TIMEOUT	990.330090888	971.8521502249932	704.839680	cloud-23938
loop-acceleration/functions_1-1.yml	true	TIMEOUT	990.264836956	972.0979320660117	573.542400	cloud-23979	ERROR (solver error, after parsing finished)	91.693820825	79.11663735599723	605.732864	cloud-23980	TIMEOUT	990.204595803	980.178307419992	543.113216	cloud-23980
loop-acceleration/functions_1-2.yml	false	TIMEOUT	990.340985631	969.4866821540054	717.516800	cloud-23933	ERROR (server error, after parsing finished)	27.066103084	16.47989615498227	586.600448	cloud-23979	TIMEOUT	990.238662558	976.4564965159807	646.598656	cloud-23982
loop-acceleration/multivar_1-1.yml	true	true	23.814556878	13.117284576990642	571.396096	cloud-23933	true	18.279373132	10.223994944011793	544.612352	cloud-23933	TIMEOUT	990.218032154	977.0185081789969	581.644288	cloud-23982
loop-acceleration/multivar_1-2.yml	false	false(unreach-call)	22.260305089	12.189054366986966	549.158912	cloud-23979	false(unreach-call)	18.803494529	10.555155668989755	544.628736	cloud-23979	false(unreach-call)	18.261790247	10.192794046015479	567.414784	cloud-23939
loop-acceleration/nested_1-1.yml	true	true	134.805401109	119.42951999200159	603.619328	cloud-23979	TIMEOUT	990.274152759	976.4985379489954	633.561088	cloud-23980	true	37.826115505	30.00803107599495	558.800896	cloud-23980
loop-acceleration/nested_1-2.yml	false	TIMEOUT	990.266241711	968.8369410419982	575.434752	cloud-24260	TIMEOUT	990.268672826	970.3247339400114	729.092096	cloud-23938	TIMEOUT	990.246552975	977.4480221609992	557.682688	cloud-23979
loop-acceleration/overflow_1-1.yml	true	true	27.186801434	15.612496086992905	587.141120	cloud-24259	true	24.017900171	13.400416354998015	586.579968	cloud-23938	TIMEOUT	990.282906539	976.8447198900103	555.462656	cloud-23938
loop-acceleration/phases_1-1.yml	true	true	39.309569976	29.75680666300468	605.245440	cloud-24259	true	35.614195422	27.210715042980155	583.942144	cloud-23980	TIMEOUT	990.266671589	977.7747237089789	536.469504	cloud-23980
loop-acceleration/phases_1-2.yml	false	TIMEOUT	990.310116608	972.7560570180067	577.097728	cloud-24260	TIMEOUT	990.268827537	976.4634487769799	544.444416	cloud-23979	TIMEOUT	990.291136455	976.2788447779894	570.261504	cloud-23938
loop-acceleration/phases_2-1.yml	false	false(unreach-call)	20.477258491	11.257234955002787	573.542400	cloud-23979	false(unreach-call)	17.335702621	9.488242630992318	555.687936	cloud-23980	false(unreach-call)	73.066112314	60.7337835500075	511.758336	cloud-23982
loop-acceleration/phases_2-2.yml	true	true	194.290285322	185.56794495199574	569.847808	cloud-23940	TIMEOUT	990.2542955	977.5230190019938	584.892416	cloud-23979	true	115.174361472	106.04011483601062	508.768256	cloud-23938
loop-acceleration/simple_1-1.yml	false	TIMEOUT	990.433567353	957.4083031670016	1461.264384	cloud-23979	TIMEOUT	990.540141014	959.6379134599993	1008.238592	cloud-23933	TIMEOUT	990.279961567	975.5016807350039	618.754048	cloud-23979
loop-acceleration/simple_1-1_abstracted.yml	false	false(unreach-call)	23.25503766	12.846096986992052	558.809088	cloud-24260	false(unreach-call)	18.152900758	10.37398355602636	557.465600	cloud-23943	false(unreach-call)	20.723448734	11.548766852996778	513.499136	cloud-23938
loop-acceleration/simple_1-2.yml	true	TIMEOUT	990.323294049	964.8756668769929	1205.960704	cloud-24261	TIMEOUT	990.503525366	961.5322375039977	1071.206400	cloud-23979	TIMEOUT	990.275324744	976.8693974360067	586.768384	cloud-23979
loop-acceleration/simple_1-2_abstracted.yml	true	true	17.856028749	9.742546885012416	588.169216	cloud-24259	true	20.016390633	11.554309927014401	584.523776	cloud-23982	true	19.381632294	10.71096762898378	513.523712	cloud-23979
loop-acceleration/simple_2-1.yml	true	true	22.867142671	12.670435117994202	569.991168	cloud-24260	true	25.610105401	14.73687223700108	563.720192	cloud-23982	true	23.761006952	13.258971853996627	499.965952	cloud-23938
loop-acceleration/simple_2-1_abstracted.yml	true	true	21.079017067	11.838910580001539	538.763264	cloud-23933	true	17.416177881	9.563362832006533	579.039232	cloud-23980	true	19.892130625	10.886642664001556	532.213760	cloud-23980
loop-acceleration/simple_2-2.yml	false	false(unreach-call)	24.406169347	13.440522226999747	613.015552	cloud-24260	false(unreach-call)	27.010104741	14.969724734983174	567.259136	cloud-23982	false(unreach-call)	20.922074186	11.526940474985167	518.565888	cloud-23980
loop-acceleration/simple_3-1.yml	false	false(unreach-call)	25.817987995	14.093957771983696	598.179840	cloud-24260	false(unreach-call)	20.762040161	11.572681099001784	579.575808	cloud-23933	false(unreach-call)	23.414044836	12.911224483017577	519.696384	cloud-23933
loop-acceleration/simple_3-2.yml	true	true	20.035134842	10.96046339100576	577.294336	cloud-23933	true	17.193286296	9.42656548001105	592.470016	cloud-23980	TIMEOUT	990.226341743	978.7920156269975	579.575808	cloud-23942
loop-acceleration/simple_4-1.yml	false	TIMEOUT	990.308635352	969.7461749249778	600.498176	cloud-24260	TIMEOUT	990.270826332	977.2449839320034	606.130176	cloud-23979	TIMEOUT	990.256064718	976.5258800749725	594.317312	cloud-23979
loop-acceleration/simple_4-1_abstracted.yml	false	false(unreach-call)	22.327259792	12.185870959016029	554.913792	cloud-23933	false(unreach-call)	20.740559675	11.349871511018137	538.738688	cloud-23979	false(unreach-call)	21.959692845	12.157768015982583	504.098816	cloud-23938
loop-acceleration/simple_4-2.yml	true	true	21.060821554	11.879778726986842	548.933632	cloud-23979	true	17.957645956	9.93479627900524	550.916096	cloud-23980	true	24.852552868	13.848550536000403	542.068736	cloud-23982
loop-acceleration/simple_4-2_abstracted.yml	true	true	21.083381325	11.643255022005178	573.095936	cloud-23979	true	16.051123886	8.85007106300327	557.371392	cloud-23982	true	19.800814142	11.229132536012912	500.707328	cloud-23979
loop-acceleration/underapprox_1-1.yml	false	false(unreach-call)	62.796759041	50.3281078680011	555.311104	cloud-24261	ERROR (server error, after parsing finished)	20.638469684	12.690159774996573	537.403392	cloud-23979	false(unreach-call)	227.349360773	218.1685864579922	550.993920	cloud-23979
loop-acceleration/underapprox_1-2.yml	true	true	87.338949101	71.58295134699438	549.965824	cloud-24260	ERROR (server error, after parsing finished)	41.70143026	32.002715785987675	543.784960	cloud-23982	true	534.626596	522.3114378330065	582.877184	cloud-23938
loop-acceleration/underapprox_2-1.yml	false	false(unreach-call)	234.312875977	222.18967455500388	612.200448	cloud-23979	TIMEOUT	990.298974636	977.2429136569845	616.300544	cloud-23933	false(unreach-call)	35.847866955	24.89918773699901	535.031808	cloud-23982
loop-acceleration/underapprox_2-2.yml	true	true	27.250299261	16.812793687015073	612.560896	cloud-23979	true	24.464022496	15.171165007981472	537.362432	cloud-23933	true	21.847712147	11.856986571016023	542.851072	cloud-23982
loop-crafted/simple_array_index_value_1-1.yml	true	ERROR (server error, after parsing finished)	169.065984696	147.2559172429901	843.956224	cloud-23933	TIMEOUT	990.355081438	967.0690239869873	981.487616	cloud-23938	ERROR (server error, after parsing finished)	19.514073969	11.102745520009194	511.320064	cloud-23933
loop-crafted/simple_array_index_value_1-2.yml	false	false(unreach-call)	30.410138533	16.821582620992558	557.068288	cloud-24259	false(unreach-call)	21.594393032	11.82218633699813	574.500864	cloud-23979	ERROR (server error, after parsing finished)	15.770711213	8.58551061101025	528.207872	cloud-23980
loop-crafted/simple_array_index_value_2.yml	true	ERROR (server error, after parsing finished)	150.641691103	133.38612979400204	731.807744	cloud-23979	TIMEOUT	990.242184685	970.3042738950171	648.667136	cloud-23982	ERROR (server error, after parsing finished)	30.414862737	16.38470828399295	514.658304	cloud-23933
loop-crafted/simple_array_index_value_3.yml	true	ERROR (server error, after parsing finished)	43.15425671	26.71170743901166	621.776896	cloud-24260	ERROR (server error, after parsing finished)	25.669698412	16.13053340400802	589.770752	cloud-23982	ERROR (server error, after parsing finished)	25.365886801	14.070142071985174	531.120128	cloud-23982
loop-crafted/simple_array_index_value_4.i.v+lhb-reducer.yml	true	ERROR (server error, after parsing finished)	148.236019273	120.73683772800723	936.280064	cloud-23933	TIMEOUT	990.644178694	959.0695098910073	1419.677696	cloud-23982	ERROR (server error, after parsing finished)	17.891854971	10.070332008006517	500.965376	cloud-23933
loop-crafted/simple_array_index_value_4.i.v+nlh-reducer.yml	true	ERROR (server error, after parsing finished)	151.982378852	122.85838896300993	830.763008	cloud-24259	TIMEOUT	990.497768014	959.1488132480008	1480.056832	cloud-23980	ERROR (server error, after parsing finished)	22.792867182	12.363630350999301	499.884032	cloud-23938
loop-crafted/simple_array_index_value_4.yml	true	ERROR (server error, after parsing finished)	30.770623761	17.56613508000737	580.808704	cloud-23933	ERROR (server error, after parsing finished)	24.63398172	14.293314258975442	585.404416	cloud-23933	ERROR (server error, after parsing finished)	22.283244145	12.264297963993158	475.930624	cloud-23933
loop-crafted/simple_vardep_1.yml	true	true	143.728615087	104.33641232197988	1698.361344	cloud-23979	ERROR (server error, after parsing finished)	82.222331982	44.30544474298949	1678.503936	cloud-23979	true	442.542212042	431.0570246549905	526.655488	cloud-23938
loop-crafted/simple_vardep_2.yml	true	true	139.827230443	126.00595491402782	905.519104	cloud-24259	true	204.885591999	192.7022919699957	593.408000	cloud-23938	true	157.882807818	148.599166333006	552.595456	cloud-23979
loop-invgen/MADWiFi-encode_ie_ok.yml	true	true	29.478116877	15.932423436985118	552.972288	cloud-24259	true	20.566532857	11.381050613999832	566.013952	cloud-23979	TIMEOUT	990.353246225	970.2807782379969	1067.581440	cloud-23979
loop-invgen/NetBSD_loop.yml	true	true	27.132321388	14.878510300986818	596.258816	cloud-24259	true	19.590225906	10.685876723000547	582.430720	cloud-23980	TIMEOUT	990.34777979	972.3442161249986	963.567616	cloud-23938
loop-invgen/SpamAssassin-loop.i.v+cfa-reducer.yml	true	true	33.637162938	18.822190662001958	634.785792	cloud-23979	true	31.801219946	17.885340262000682	648.323072	cloud-23933	TIMEOUT	990.289753884	974.0970458039956	828.559360	cloud-23933
loop-invgen/SpamAssassin-loop.yml	true	true	32.577324937	17.382316896982957	623.919104	cloud-23979	true	33.349151067	17.878701337001985	602.066944	cloud-23938	TIMEOUT	990.219366108	976.9655416660244	688.193536	cloud-23980
loop-invgen/apache-escape-absolute.i.v+cfa-reducer.yml	true	true	48.425036735	27.586992675991496	676.057088	cloud-24259	true	36.799593064	21.834579311980633	619.790336	cloud-23979	TIMEOUT	990.270755793	976.8165266439901	785.027072	cloud-23980
loop-invgen/apache-escape-absolute.yml	true	true	30.861655882	16.631898056017235	630.296576	cloud-23933	true	27.842875577	15.167269600002328	619.229184	cloud-23938	TIMEOUT	990.254355875	976.5882730029989	686.043136	cloud-23980
loop-invgen/apache-get-tag.i.p+lhb-reducer.yml	true	true	79.681641647	59.18612796202069	726.917120	cloud-23933	true	77.949955065	58.89606184398872	662.818816	cloud-23933	true	153.282433317	137.21426394299488	1419.800576	cloud-23979
loop-invgen/apache-get-tag.i.p+nlh-reducer.yml	true	TIMEOUT	990.609720613	925.1283840429969	2233.618432	cloud-24259	TIMEOUT	990.979793965	946.1183935109875	1424.650240	cloud-23938	TIMEOUT	990.462916071	964.5292703449959	1557.037056	cloud-23933
loop-invgen/apache-get-tag.i.p+sep-reducer.yml	true	TIMEOUT	990.397567059	908.5994442900119	3269.640192	cloud-23979	true	732.949665528	682.8044434910116	1934.753792	cloud-23938	TIMEOUT	990.714100876	940.2400757480063	3042.086912	cloud-23942
loop-invgen/apache-get-tag.i.v+lhb-reducer.yml	true	true	31.810151351	17.251325785007793	629.084160	cloud-23933	true	36.314643734	19.951690001995303	585.191424	cloud-23982	true	43.193343762	30.255655404995196	876.814336	cloud-23938
loop-invgen/apache-get-tag.i.v+nlh-reducer.yml	true	true	29.109616064	16.501084408999304	603.095040	cloud-24261	true	28.229085286	15.680105109990109	618.921984	cloud-23980	true	49.104497328	33.97483428599662	858.755072	cloud-23938
loop-invgen/apache-get-tag.yml	true	true	27.23143972	14.768525367981056	567.853056	cloud-24260	true	26.760321518	14.765274641977157	612.978688	cloud-23938	true	29.821239023	17.06051902900799	614.449152	cloud-23982
loop-invgen/down.yml	true	TIMEOUT	990.51102749	957.6966558559798	1807.867904	cloud-23933	TIMEOUT	990.357626542	964.7020078600035	760.868864	cloud-23938	TIMEOUT	990.318150063	973.1220975159958	872.095744	cloud-23933
loop-invgen/fragtest_simple.yml	true	TIMEOUT	990.424427722	955.9481291359989	1150.193664	cloud-23933	TIMEOUT	990.331144242	967.0724303800089	838.250496	cloud-23979	TIMEOUT	990.291374615	973.5709662720037	658.587648	cloud-23938
loop-invgen/half_2.yml	true	TIMEOUT	990.484396664	955.435754620994	1878.040576	cloud-23979	TIMEOUT	990.469019664	956.4532838310115	1221.840896	cloud-23982	TIMEOUT	990.339955846	973.3844680739858	843.505664	cloud-23933
loop-invgen/heapsort.yml	true	true	26.031485042	14.559515036002267	637.157376	cloud-24259	true	33.023057623	18.018373105995124	554.180608	cloud-23982	TIMEOUT	990.333386096	975.0852003699983	706.449408	cloud-23933
loop-invgen/id_build.i.p+nlh-reducer.yml	true	true	59.634931373	45.344110152014764	841.519104	cloud-23939	true	72.222910626	54.126170142000774	892.116992	cloud-23933	true	126.479096013	102.74628444801783	1530.859520	cloud-23938
loop-invgen/id_build.i.p+sep-reducer.yml	true	true	77.813489022	57.94011800701264	781.266944	cloud-24260	true	62.186552703	47.55979516700609	789.381120	cloud-23933	true	163.26066964	137.63011172099505	1382.797312	cloud-23938
loop-invgen/id_build.i.v+lhb-reducer.yml	true	true	19.773287521	10.829980751994299	578.777088	cloud-23979	true	17.796367911	10.100300667982083	517.570560	cloud-23940	true	21.017049729	11.416049930005101	557.109248	cloud-23979
loop-invgen/id_build.yml	true	true	19.637105949	11.032344615989132	614.596608	cloud-23979	true	22.772649481	12.538284606009256	601.489408	cloud-23938	true	20.254402141	11.488350400002673	557.584384	cloud-23933
loop-invgen/id_trans.yml	false	false(unreach-call)	29.018532812	15.832125675005955	643.821568	cloud-24260	false(unreach-call)	24.010774952	12.979306987981545	669.708288	cloud-23933	false(unreach-call)	26.410560403	14.208730415994069	518.197248	cloud-23933
loop-invgen/large_const.yml	true	true	193.240937411	155.49934538301022	1384.153088	cloud-24259	TIMEOUT	990.457995529	956.5439066950057	936.960000	cloud-23979	true	21.826739192	11.953163894009776	583.204864	cloud-23979
loop-invgen/nest-if3.yml	true	true	22.771904574	12.603917364001973	582.901760	cloud-23933	true	19.763221072	11.053506733995164	583.208960	cloud-23979	TIMEOUT	990.298458122	973.0512319139962	954.433536	cloud-23938
loop-invgen/nested6.yml	true	true	18.081694816	10.201342518004822	614.563840	cloud-24259	true	25.847376016	14.25845648298855	580.878336	cloud-23933	TIMEOUT	990.30368869	974.0117429170059	742.744064	cloud-23938
loop-invgen/nested9.yml	true	true	25.142924853	13.800930291006807	547.364864	cloud-23933	true	26.606164812	14.3202221620013	592.056320	cloud-23982	TIMEOUT	990.283755267	973.1219738799846	1000.091648	cloud-23982
loop-invgen/sendmail-close-angle.yml	true	true	28.298652694	15.737809130980168	627.511296	cloud-23933	true	27.743507965	15.602177683002083	641.495040	cloud-23980	TIMEOUT	990.391211425	972.8701065319765	1134.497792	cloud-23938
loop-invgen/seq-3.yml	true	ERROR (generic error, after parsing finished)	148.965356133	124.82933458700427	816.660480	cloud-23933	TIMEOUT	990.413630387	963.7116237320006	1208.066048	cloud-23982	TIMEOUT	990.289124043	975.4246750930033	794.660864	cloud-23933
loop-invgen/string_concat-noarr.yml	true	TIMEOUT	990.413736728	961.1773098249978	925.921280	cloud-24260	TIMEOUT	990.298812143	969.5967140260036	716.738560	cloud-23982	TIMEOUT	990.340136574	974.1247738659731	884.727808	cloud-23933
loop-invgen/up.yml	true	TIMEOUT	990.531246557	956.6908167490037	1855.762432	cloud-23979	TIMEOUT	990.35677318	965.647478850995	832.098304	cloud-23982	TIMEOUT	990.354224473	974.3084633449907	912.404480	cloud-23933
loop-lit/afnp2014.yml	true	true	25.482269686	13.815954928999417	599.220224	cloud-24259	true	20.719290829	11.538403354003094	584.478720	cloud-23933	TIMEOUT	990.354063644	973.9463030339975	1064.173568	cloud-23933
loop-lit/as2013-hybrid.yml	true	true	23.235039248	12.556720397988101	583.573504	cloud-23979	true	18.713864196	10.321117014973424	553.070592	cloud-23979	true	16.807357369	9.298178616008954	510.779392	cloud-23980
loop-lit/bh2017-ex-add.yml	true	true	24.143028366	13.401284790001228	618.500096	cloud-24260	true	24.273481233	13.373248639021767	578.498560	cloud-23938	true	19.641207906	10.748160735005513	551.452672	cloud-23979
loop-lit/bh2017-ex1-poly.yml	true	true	26.207822932	14.240075605994207	613.052416	cloud-24260	true	22.335614371	12.578569041012088	624.082944	cloud-23933	true	23.75639158	13.173610489000566	571.682816	cloud-23938
loop-lit/bh2017-ex3.yml	true	true	21.700293647	11.759342910983833	587.427840	cloud-23933	true	22.537912134	12.26000179600669	551.202816	cloud-23933	true	26.118362471	14.121297550998861	560.070656	cloud-23982
loop-lit/bhmr2007.yml	true	true	21.606881196	12.036821564019192	594.690048	cloud-23979	true	24.555161617	13.604501671012258	566.067200	cloud-23933	TIMEOUT	990.363482508	976.0502454609959	567.853056	cloud-23982
loop-lit/cggmp2005.yml	true	true	25.244372812	13.855652541009476	583.012352	cloud-24260	true	19.747533338	10.874996283004293	588.197888	cloud-23979	true	20.448302063	11.220397254015552	508.108800	cloud-23933
loop-lit/cggmp2005_variant.yml	true	true	25.730446721	14.282367042993428	610.500608	cloud-24260	true	20.454287858	11.25249761500163	580.231168	cloud-23938	TIMEOUT	990.527230924	971.091970309004	2324.017152	cloud-23979
loop-lit/cggmp2005b.yml	true	true	24.090419596	13.281979216990294	584.265728	cloud-24260	true	23.665925726	13.366370732983341	605.798400	cloud-23982	true	23.371927505	13.033118546009064	553.189376	cloud-23938
loop-lit/css2003.yml	true	true	26.947236492	15.037446881004144	597.577728	cloud-24259	true	18.916569854	10.596089853002923	575.373312	cloud-23980	true	33.969775115	18.230902828014223	540.815360	cloud-23938
loop-lit/ddlm2013.yml	true	TIMEOUT	990.24980254	974.5959012499952	627.458048	cloud-23979	TIMEOUT	990.23426698	977.6877865040151	601.673728	cloud-23982	TIMEOUT	990.250910857	980.4216961619968	598.011904	cloud-23980
loop-lit/gj2007.c.i.p+lhb-reducer.yml	true	true	136.427628144	112.88388228000258	682.803200	cloud-24259	true	118.463672015	98.12509425901226	677.523456	cloud-23933	true	890.695750422	874.4671122089785	941.813760	cloud-23982
loop-lit/gj2007.c.i.p+nlh-reducer.yml	true	true	77.111791457	54.837889946997166	828.493824	cloud-24260	true	66.210871635	46.93157089399756	765.710336	cloud-23979	true	106.666714817	88.55476137800724	832.909312	cloud-23980
loop-lit/gj2007.yml	true	true	164.914975217	133.26412254400202	1625.911296	cloud-23933	true	127.267331036	108.53973661002237	753.524736	cloud-23933	true	348.944153061	332.6873129279993	661.733376	cloud-23982
loop-lit/gj2007b.yml	true	true	24.169518351	13.434352630007197	589.066240	cloud-24259	true	20.088730451	10.933429314987734	574.210048	cloud-23979	TIMEOUT	990.388991903	974.941873157979	1138.208768	cloud-23933
loop-lit/gr2006.yml	true	TIMEOUT	990.585194169	954.4053528219811	2007.896064	cloud-23933	true	392.231872377	368.429973855993	746.319872	cloud-23982	true	448.989584535	432.01720898700296	673.804288	cloud-23933
loop-lit/gsv2008.c.i.p+cfa-reducer.yml	true	true	24.678592957	14.038787094992585	557.297664	cloud-24259	true	20.545536734	11.56673451900133	504.397824	cloud-23933	true	19.742024774	11.139239518990507	516.612096	cloud-23980
loop-lit/gsv2008.c.i.v+cfa-reducer.yml	true	true	19.629159727	11.079063788987696	533.979136	cloud-24259	true	25.44345005	14.340222453989554	512.315392	cloud-23982	true	19.223540445	10.625203631992918	513.388544	cloud-23979
loop-lit/gsv2008.c.i.v+lhb-reducer.yml	true	true	21.335946848	11.694162491010502	534.962176	cloud-23933	true	24.932273432	14.150189578998834	553.598976	cloud-23938	true	19.436844686	10.838869364990387	474.685440	cloud-23979
loop-lit/gsv2008.yml	true	true	24.216767864	13.244871200004127	582.668288	cloud-23979	true	16.617155662	9.273975496995263	574.750720	cloud-23980	true	20.379136564	11.001810508983908	499.703808	cloud-23933
loop-lit/hh2012-ex1b.yml	true	true	18.157541964	10.233515122003155	586.665984	cloud-23944	true	20.653860894	11.400514853012282	582.995968	cloud-23938	TIMEOUT	990.294856842	977.2021421479876	817.188864	cloud-23980
loop-lit/hh2012-ex2b.yml	true	true	26.256849697	14.606944337007008	582.643712	cloud-24259	true	25.540611456	13.941298660007305	572.534784	cloud-23982	true	19.114047886	10.413579226995353	545.067008	cloud-23979
loop-lit/hh2012-ex3.yml	true	true	25.23229851	13.894301255990285	600.322048	cloud-23933	true	17.963498395	9.86187888000859	592.900096	cloud-23980	true	20.467410011	11.420460498018656	557.621248	cloud-23933
loop-lit/hhk2008.yml	true	true	22.791852589	12.482460700004594	595.808256	cloud-23933	true	18.280453666	10.104053741000826	597.184512	cloud-23980	TIMEOUT	990.464084387	973.1553961739992	2073.313280	cloud-23979
loop-lit/jm2006.c.i.v+cfa-reducer.yml	true	true	24.147539857	13.304297686001519	562.561024	cloud-24259	true	20.728386888	11.613928669015877	505.540608	cloud-23979	TIMEOUT	990.28870631	976.7126250780129	1324.281856	cloud-23980
loop-lit/jm2006.yml	true	true	20.302921835	11.357971981997252	584.159232	cloud-24261	true	26.57576902	14.884205471986206	583.393280	cloud-23982	TIMEOUT	990.346627899	977.4435222799948	1865.342976	cloud-23980
loop-lit/jm2006_variant.yml	true	true	27.152795378	14.584871977000148	567.959552	cloud-24260	true	20.201438783	10.97244340000907	597.540864	cloud-23979	TIMEOUT	990.489103169	972.0530448380159	1938.194432	cloud-23933
loop-lit/mcmillan2006.yml	true	ERROR (server error, after parsing finished)	236.544115562	208.74141094999504	1233.580032	cloud-23979	TIMEOUT	990.30200242	969.2706471970014	953.360384	cloud-23980	ERROR (server error, after parsing finished)	26.864785329	14.73356952299946	467.054592	cloud-23938
loop-lit/mine2017-ex4.10.yml	true	true	23.461700054	13.165552524995292	558.260224	cloud-23979	true	23.27271267	12.929606127989246	578.719744	cloud-23938	true	25.512581368	13.963841115008108	574.660608	cloud-23980
loop-lit/mine2017-ex4.6.yml	true	true	39.984390419	22.747061255999142	630.849536	cloud-24260	true	30.670539443	18.238993152976036	618.115072	cloud-23933	true	16.680525251	9.260120580001967	551.518208	cloud-23980
loop-lit/mine2017-ex4.7.yml	true	true	25.832049327	13.948185227010981	595.066880	cloud-24259	true	23.534935672	12.702692529011983	576.069632	cloud-23938	true	18.587578895	10.181370180012891	556.539904	cloud-23933
loop-lit/mine2017-ex4.8.yml	true	true	21.860164616	12.003497909987345	590.450688	cloud-23933	true	20.293045244	11.351903533999575	573.726720	cloud-23938	true	18.750366984	10.315491127985297	575.102976	cloud-23979
loop-new/count_by_1.yml	true	ERROR (generic error, after parsing finished)	135.990294136	115.8084967219911	672.706560	cloud-23979	TIMEOUT	990.356730529	966.8192639240006	776.028160	cloud-23982	true	19.118517302	10.456062013021437	554.921984	cloud-23979
loop-new/count_by_1_variant.yml	true	true	23.128183942	12.582745468011126	544.047104	cloud-23979	true	18.739077578	10.15575532199	589.119488	cloud-23979	true	21.868612577	11.849570291000418	557.080576	cloud-23938
loop-new/count_by_2.yml	true	ERROR (generic error, after parsing finished)	138.162230884	117.31059524999	657.989632	cloud-24259	TIMEOUT	990.353553344	968.4185644009849	752.558080	cloud-23982	TIMEOUT	990.712831466	968.0130524559936	2067.365888	cloud-23982
loop-new/count_by_k.yml	true	TIMEOUT	990.428945655	958.631516413996	1380.917248	cloud-23979	TIMEOUT	990.494032975	956.9441191850055	1191.325696	cloud-23941	TIMEOUT	990.306775421	973.7341875170241	672.141312	cloud-23933
loop-new/count_by_nondet.yml	true	TIMEOUT	990.615202726	956.577581140009	2325.778432	cloud-23979	TIMEOUT	990.297840111	968.7171174660034	779.403264	cloud-23980	TIMEOUT	990.339010031	974.370973261015	993.361920	cloud-23938
loop-new/gauss_sum.i.p+cfa-reducer.yml	true	ERROR (solver error, after parsing finished)	26.64968611	14.725134340988006	520.044544	cloud-23933	ERROR (server error, after parsing finished)	19.064415863	10.659297025995329	520.925184	cloud-23933	ERROR (solver error, after parsing finished)	19.840856733	10.823376681015361	530.497536	cloud-23933
loop-new/gauss_sum.i.p+lhb-reducer.yml	true	ERROR (solver error, after parsing finished)	26.72860911	14.828363834007178	536.903680	cloud-23979	ERROR (solver error, after parsing finished)	21.973739574	11.955908424017252	549.777408	cloud-23982	ERROR (solver error, after parsing finished)	24.482815627	13.256078289006837	514.949120	cloud-23979
loop-new/gauss_sum.i.v+cfa-reducer.yml	true	ERROR (solver error, after parsing finished)	27.357392072	15.04528679800569	523.026432	cloud-23933	ERROR (server error, after parsing finished)	21.906620536	11.908971415017731	504.483840	cloud-23938	ERROR (solver error, after parsing finished)	16.260364995	8.95140370997251	467.124224	cloud-23980
loop-new/gauss_sum.yml	true	ERROR (solver error, after parsing finished)	20.890455732	11.858469885002705	598.073344	cloud-24259	ERROR (solver error, after parsing finished)	21.980557442	12.053928506997181	585.035776	cloud-23933	ERROR (solver error, after parsing finished)	21.968495099	12.164876144990558	532.733952	cloud-23980
loop-new/half.yml	true	true	19.824663119	10.954532511997968	608.911360	cloud-24259	true	19.954844845	11.109921055991435	552.652800	cloud-23980	TIMEOUT	990.277789788	977.8484716730018	902.877184	cloud-23980
loop-new/nested-1.yml	true	TIMEOUT	990.342679834	964.4362311899895	832.770048	cloud-23979	TIMEOUT	990.327604501	968.9169385249843	750.465024	cloud-23933	TIMEOUT	990.274307362	976.5813893729937	786.120704	cloud-23982
loop-industry-pattern/aiob_1.yml	true	ERROR (frontend failed, before parsing finished)	3.961502353	2.2074396850075573	125.616128	cloud-24260	ERROR (frontend failed, before parsing finished)	3.050844969	1.767058152006939	115.433472	cloud-23933	ERROR (frontend failed, before parsing finished)	2.7550434	1.6076073130243458	115.884032	cloud-23982
loop-industry-pattern/aiob_2.yml	true	ERROR (frontend failed, before parsing finished)	2.75357459	1.594022658013273	118.980608	cloud-23933	ERROR (frontend failed, before parsing finished)	2.731551747	1.546158829005435	114.229248	cloud-23980	ERROR (frontend failed, before parsing finished)	3.072777324	1.785417064995272	130.232320	cloud-23933
loop-industry-pattern/aiob_3.yml	true	ERROR (frontend failed, before parsing finished)	2.98642452	1.76654781398247	115.494912	cloud-23979	ERROR (frontend failed, before parsing finished)	3.173591707	1.8266553040011786	126.377984	cloud-23933	ERROR (frontend failed, before parsing finished)	2.776002662	1.583945723978104	126.246912	cloud-23982
loop-industry-pattern/aiob_4.c.v+cfa-reducer.yml	true	ERROR (frontend failed, before parsing finished)	2.953050335	1.6902630440017674	125.923328	cloud-23979	ERROR (frontend failed, before parsing finished)	3.162003139	1.8341068770096172	126.226432	cloud-23938	ERROR (frontend failed, before parsing finished)	2.321252479	1.3816395169997122	115.937280	cloud-23979
loop-industry-pattern/aiob_4.c.v+lh-reducer.yml	true	ERROR (frontend failed, before parsing finished)	2.512043014	1.4194583029893693	127.467520	cloud-23941	ERROR (frontend failed, before parsing finished)	2.657324059	1.5673242189805023	118.013952	cloud-23933	ERROR (frontend failed, before parsing finished)	2.012918507	1.1830744729959406	115.949568	cloud-23982
loop-industry-pattern/aiob_4.c.v+lhb-reducer.yml	true	ERROR (frontend failed, before parsing finished)	3.641499052	2.0553705240017734	125.698048	cloud-23979	ERROR (frontend failed, before parsing finished)	2.910307946	1.625044902000809	125.300736	cloud-23982	ERROR (frontend failed, before parsing finished)	3.719472001	2.102489346987568	123.621376	cloud-23979
loop-industry-pattern/aiob_4.c.v+nlh-reducer.yml	true	ERROR (frontend failed, before parsing finished)	3.341115903	1.9448560859891586	137.531392	cloud-23979	ERROR (frontend failed, before parsing finished)	3.57804631	1.9955782240140252	129.695744	cloud-23938	ERROR (frontend failed, before parsing finished)	3.10172072	1.7688440129859373	136.945664	cloud-23979
loop-industry-pattern/aiob_4.yml	true	ERROR (frontend failed, before parsing finished)	2.974726509	1.7014136169746052	124.633088	cloud-23979	ERROR (frontend failed, before parsing finished)	2.437762137	1.4124234780028928	124.960768	cloud-23982	ERROR (frontend failed, before parsing finished)	3.167004437	1.8374874159926549	116.486144	cloud-23938
loop-industry-pattern/mod3.c.v+cfa-reducer.yml	true	true	27.424097834	15.279681588988751	603.160576	cloud-24259	true	26.797828563	14.822659847006435	629.460992	cloud-23982	true	19.738678089	11.253703046008013	541.724672	cloud-23979
loop-industry-pattern/mod3.c.v+lhb-reducer.yml	true	true	32.264218849	18.03607112300233	521.478144	cloud-24259	true	23.895022403	13.123809040989727	557.883392	cloud-23933	true	20.992621019	11.89112683600979	567.713792	cloud-23979
loop-industry-pattern/mod3.c.v+sep-reducer.yml	true	true	27.267875501	15.59442305500852	581.091328	cloud-24260	true	23.831275431	13.677592883002944	566.796288	cloud-23933	true	32.640739747	18.016832082998008	503.484416	cloud-23938
loop-industry-pattern/mod3.yml	true	true	25.344254728	14.235059885017108	564.813824	cloud-23979	true	25.476913396	14.602686933008954	556.941312	cloud-23980	true	19.77083231	11.007695482985582	558.354432	cloud-23980
loop-industry-pattern/ofuf_1.yml	true	ERROR (frontend failed, before parsing finished)	3.536028992	2.0367337170027895	130.215936	cloud-24260	ERROR (frontend failed, before parsing finished)	3.045577831	1.7493231669941451	124.448768	cloud-23938	ERROR (frontend failed, before parsing finished)	2.805884986	1.570728517981479	129.826816	cloud-23980
loop-industry-pattern/ofuf_2.yml	true	ERROR (frontend failed, before parsing finished)	2.498134236	1.4579316820017993	129.417216	cloud-24259	ERROR (frontend failed, before parsing finished)	2.603921962	1.4397304450103547	132.280320	cloud-23944	ERROR (frontend failed, before parsing finished)	3.865889718	2.1916972910112236	122.712064	cloud-23982
loop-industry-pattern/ofuf_3.yml	true	ERROR (frontend failed, before parsing finished)	3.342889561	1.8722551969985943	129.990656	cloud-23979	ERROR (frontend failed, before parsing finished)	2.700642136	1.5933258589939214	121.040896	cloud-23979	ERROR (frontend failed, before parsing finished)	2.916630689	1.725710408994928	131.895296	cloud-23982
loop-industry-pattern/ofuf_4.yml	true	ERROR (frontend failed, before parsing finished)	3.234167321	1.7719619839917868	132.497408	cloud-24261	ERROR (frontend failed, before parsing finished)	3.533493801	1.9569039509806316	132.435968	cloud-23938	ERROR (frontend failed, before parsing finished)	2.562473392	1.443731792998733	129.052672	cloud-23980
loop-industry-pattern/ofuf_5.yml	true	ERROR (frontend failed, before parsing finished)	3.675507256	2.0633791320142336	131.883008	cloud-23933	ERROR (frontend failed, before parsing finished)	2.911882675	1.6888410540123004	129.294336	cloud-23979	ERROR (frontend failed, before parsing finished)	3.915268033	2.1911199349851813	130.244608	cloud-23982
loops-crafted-1/Mono1_1-1.yml	false	TIMEOUT	990.27832508	972.1074611899967	619.094016	cloud-24259	TIMEOUT	990.419198924	971.2757986130018	922.980352	cloud-23980	TIMEOUT	990.262859076	975.0576705800195	548.900864	cloud-23938
loops-crafted-1/Mono1_1-2.yml	true	TIMEOUT	990.337143613	965.6530992480111	894.033920	cloud-23933	TIMEOUT	990.396612138	965.4458130759886	804.114432	cloud-23938	TIMEOUT	990.274348107	976.529441111983	555.048960	cloud-23938
loops-crafted-1/Mono3_1.yml	false	TIMEOUT	990.308156421	968.5453608080279	655.855616	cloud-23979	ERROR (server error, after parsing finished)	53.84923111	45.369805099006044	590.204928	cloud-23980	TIMEOUT	990.207234502	980.5103993609955	594.735104	cloud-23980
loops-crafted-1/Mono4_1.yml	false	TIMEOUT	990.457092209	955.0325194849866	1179.119616	cloud-23979	TIMEOUT	990.378566165	964.1047670199769	752.193536	cloud-23980	TIMEOUT	990.281292542	973.7636762740149	711.565312	cloud-23933
loops-crafted-1/Mono5_1.yml	false	TIMEOUT	990.277153251	973.3863072839886	619.659264	cloud-24259	TIMEOUT	990.392312722	968.4910387659911	752.852992	cloud-23938	TIMEOUT	990.236244141	976.5513164300064	597.422080	cloud-23980
loops-crafted-1/Mono6_1.yml	false	TIMEOUT	990.274855093	971.4121375600225	633.094144	cloud-23979	TIMEOUT	990.255667522	976.5605177480029	602.116096	cloud-23979	TIMEOUT	990.256476648	976.606099786004	582.459392	cloud-23938
loops-crafted-1/discover_list.yml	true	ERROR (frontend failed, before parsing finished)	2.381161776	1.3940646260016365	135.307264	cloud-24259	ERROR (frontend failed, before parsing finished)	2.922849119	1.7015037840174045	133.971968	cloud-23979	ERROR (frontend failed, before parsing finished)	3.272265743	1.8719309890002478	153.300992	cloud-23938
loops-crafted-1/iftelse.yml	true	TIMEOUT	990.281493504	969.5324846669973	620.019712	cloud-23979	true	309.524829478	293.6223630759923	739.745792	cloud-23982	TIMEOUT	990.271332327	977.4131360509782	555.753472	cloud-23933
loops-crafted-1/in-de20.yml	true	TIMEOUT	990.290734552	971.9538396150019	553.701376	cloud-24260	TIMEOUT	990.232267951	976.3135782329773	610.172928	cloud-23982	TIMEOUT	990.251019505	977.4705701149942	585.379840	cloud-23938
loops-crafted-1/in-de31.yml	true	TIMEOUT	990.354194152	962.1026496140112	1752.150016	cloud-23933	TIMEOUT	990.631251625	900.414701976988	2084.102144	cloud-23979	TIMEOUT	990.246421392	979.0426096079755	605.372416	cloud-23982
loops-crafted-1/in-de32.yml	true	TIMEOUT	990.301186895	971.3623562159919	588.709888	cloud-24260	TIMEOUT	990.227009161	977.4217977229855	570.089472	cloud-23982	TIMEOUT	990.251465498	976.7222261889838	612.126720	cloud-23979
loops-crafted-1/in-de41.yml	true	TIMEOUT	990.290412337	970.3858415219875	619.241472	cloud-23979	TIMEOUT	990.307086085	974.2041044039943	687.099904	cloud-23979	TIMEOUT	990.210980723	979.9286280089873	647.667712	cloud-23980
loops-crafted-1/in-de42.yml	true	TIMEOUT	990.290562621	974.2634846690053	621.412352	cloud-23933	TIMEOUT	990.219345309	979.9882352649875	590.508032	cloud-23980	TIMEOUT	990.283532917	975.1249023109849	601.128960	cloud-23933
loops-crafted-1/in-de51.yml	true	TIMEOUT	990.918797147	806.1956246990012	2034.094080	cloud-24259	TIMEOUT (ERROR (out of memory, after parsing finished))	918.502656861	474.7355059349793	2086.141952	cloud-23938	TIMEOUT	990.303758701	975.3199061769992	634.253312	cloud-23938
loops-crafted-1/in-de52.yml	true	TIMEOUT	990.287486494	972.3482992679928	660.295680	cloud-24259	TIMEOUT	990.305457276	972.9918849340174	578.883584	cloud-23938	TIMEOUT	990.277361906	974.7727063450147	583.843840	cloud-23938
loops-crafted-1/in-de61.yml	true	TIMEOUT	990.335980247	962.3734000849945	1183.473664	cloud-23979	TIMEOUT	990.62388388	955.405099591997	1438.109696	cloud-23982	TIMEOUT	990.319199546	977.2572104720166	639.537152	cloud-23979
loops-crafted-1/in-de62.yml	true	TIMEOUT	990.249799072	971.5532761599898	645.079040	cloud-24259	TIMEOUT	990.235063753	976.6538972810085	704.307200	cloud-23980	TIMEOUT	990.293450724	975.3466180480027	592.928768	cloud-23938
loops-crafted-1/loopv1.yml	true	true	27.365175406	15.006424976993003	586.842112	cloud-24260	true	18.096546171	9.915785863006022	595.664896	cloud-23979	TIMEOUT	990.26440787	973.7293120480026	573.829120	cloud-23979
loops-crafted-1/loopv2.yml	true	true	19.699501679	10.76159558299696	567.185408	cloud-23979	true	24.273953935	13.174085153004853	615.227392	cloud-23938	TIMEOUT	990.292367964	974.3161227260134	701.370368	cloud-23938
loops-crafted-1/loopv3.yml	true	TIMEOUT	990.354293119	962.1977439750044	692.092928	cloud-24259	TIMEOUT	990.361288862	965.9745383669797	735.506432	cloud-23979	TIMEOUT	990.270478359	974.4490062900004	621.977600	cloud-23938
loops-crafted-1/mono-crafted_1.yml	true	ERROR (generic error, after parsing finished)	159.220725773	135.91416660498362	685.547520	cloud-23979	TIMEOUT	990.381001908	965.1324642089894	904.294400	cloud-23982	TIMEOUT	990.2767539	976.8434522550087	1002.311680	cloud-23980
loops-crafted-1/mono-crafted_10.yml	true	TIMEOUT	990.271925177	972.0648192529916	580.714496	cloud-24260	TIMEOUT	990.194590553	979.6694192180003	577.368064	cloud-23980	TIMEOUT	990.279238402	975.9227504059963	596.201472	cloud-23979
loops-crafted-1/mono-crafted_11.yml	true	true	27.306614633	15.216956502001267	599.416832	cloud-23933	true	25.868726868	14.488559474004433	565.600256	cloud-23938	TIMEOUT	990.306880224	975.4558404739946	584.552448	cloud-23933
loops-crafted-1/mono-crafted_12.yml	true	true	24.87494388	13.924315513984766	562.192384	cloud-24259	true	24.225323551	13.566803027992137	553.512960	cloud-23938	TIMEOUT	990.245072026	976.4531085230119	587.894784	cloud-23933
loops-crafted-1/mono-crafted_13.yml	true	ERROR (generic error, after parsing finished)	158.736551653	134.03422643398517	733.757440	cloud-23933	TIMEOUT	990.372986005	963.2768944809795	805.744640	cloud-23933	TIMEOUT	990.262646973	974.4261626560183	857.321472	cloud-23982
loops-crafted-1/mono-crafted_14.yml	true	TIMEOUT	990.458530765	956.2253360180184	1110.122496	cloud-24260	TIMEOUT	990.369490659	962.0000593989971	732.516352	cloud-23938	TIMEOUT	990.273157592	974.5803006269853	586.006528	cloud-23979
loops-crafted-1/mono-crafted_3.yml	true	ERROR (generic error, after parsing finished)	164.114800151	141.30357762300991	705.536000	cloud-23933	TIMEOUT	990.519063685	965.790776518028	782.151680	cloud-23980	TIMEOUT	990.295119089	977.313751180016	954.208256	cloud-23982
loops-crafted-1/mono-crafted_6.yml	true	TIMEOUT	990.395874123	961.9687262540101	1680.392192	cloud-23939	TIMEOUT	990.359659862	962.5069903809926	786.968576	cloud-23938	TIMEOUT	990.342985719	973.6810872119968	1119.735808	cloud-23933
loops-crafted-1/mono-crafted_7.yml	true	ERROR (generic error, after parsing finished)	153.892921757	130.93423885499942	661.286912	cloud-23979	TIMEOUT	990.343275813	961.6994976729911	781.242368	cloud-23938	TIMEOUT	990.368093759	972.3711972839956	985.309184	cloud-23938
loops-crafted-1/mono-crafted_8.yml	true	TIMEOUT	990.385226274	957.8153101929929	1293.938688	cloud-23933	TIMEOUT	990.502799503	959.8770052169857	893.067264	cloud-23979	TIMEOUT	990.289758479	977.0472923039924	558.551040	cloud-23933
loops-crafted-1/mono-crafted_9.yml	true	TIMEOUT	990.507693217	957.8242509779811	1139.351552	cloud-23933	TIMEOUT	990.345936056	963.9860999129887	745.844736	cloud-23938	TIMEOUT	990.264231706	972.0513626320171	721.653760	cloud-23933
loops-crafted-1/nested3-1.yml	true	true	184.97697672	168.58443640798214	637.640704	cloud-23979	TIMEOUT	990.215936993	977.0918061249831	611.291136	cloud-23982	TIMEOUT	990.247752092	978.432416523021	662.351872	cloud-23942
loops-crafted-1/nested3-1_abstracted.yml	true	true	58.152745658	39.476929723023204	803.532800	cloud-23979	ERROR (server error, after parsing finished)	23.507528419	13.359910547995241	606.842880	cloud-23980	TIMEOUT	990.26109894	976.1821514549956	599.470080	cloud-23938
loops-crafted-1/nested3-2.yml	false	TIMEOUT	990.278510264	970.6284309049952	621.510656	cloud-23933	TIMEOUT	990.476748402	960.9145978610031	832.843776	cloud-23933	TIMEOUT	990.214251876	977.2089111449895	573.730816	cloud-23982
loops-crafted-1/nested3-2_abstracted.yml	false	false(unreach-call)	20.160946646	11.507092952000676	595.320832	cloud-23944	false(unreach-call)	22.540128361	12.25779525199323	593.596416	cloud-23933	false(unreach-call)	23.874000521	13.304781757004093	553.926656	cloud-23938
loops-crafted-1/nested5-1.yml	true	true	37.357410285	21.471735390019603	561.188864	cloud-23933	ERROR (solver error, after parsing finished)	26.062189008	16.3185878660006	594.952192	cloud-23938	true	24.239264131	13.305606617999729	542.273536	cloud-23982
loops-crafted-1/nested5-2.yml	false	TIMEOUT	990.383113811	960.4849122110172	1186.439168	cloud-23979	TIMEOUT	990.390411257	966.9408840099932	942.149632	cloud-23980	TIMEOUT	990.234890532	976.6561007720011	611.561472	cloud-23982
loops-crafted-1/nested_delay_nd.yml	true	TIMEOUT	990.366411488	961.4826184260019	1567.830016	cloud-24259	TIMEOUT	990.327483169	966.7090898729803	783.609856	cloud-23979	TIMEOUT	990.326814747	975.1049479549984	956.162048	cloud-23933
loops-crafted-1/nested_delay_notd2.yml	false	TIMEOUT	990.544253959	955.0948202110012	1765.924864	cloud-24260	TIMEOUT	990.370761432	964.2628162600158	739.393536	cloud-23938	TIMEOUT	990.249886914	974.0270392149978	947.830784	cloud-23982
loops-crafted-1/net_reset.yml	true	ERROR (frontend failed, before parsing finished)	3.398515072	1.9169715240132064	126.615552	cloud-23933	ERROR (frontend failed, before parsing finished)	2.32169756	1.332814021006925	124.923904	cloud-23980	ERROR (frontend failed, before parsing finished)	3.614523091	2.094745107984636	126.943232	cloud-23982
loops-crafted-1/sum_by_3.yml	true	TIMEOUT	990.28996999	970.0247786389955	614.453248	cloud-23933	TIMEOUT	990.282277512	976.8073315789807	595.603456	cloud-23979	TIMEOUT	990.233794876	976.7617895879957	562.679808	cloud-23933
loops-crafted-1/sum_by_3_abstracted.yml	true	true	363.587220729	343.1904340070032	898.633728	cloud-24260	TIMEOUT	990.24101856	977.0405189390003	649.744384	cloud-23939	TIMEOUT	990.212123595	976.6075348030136	556.343296	cloud-23980
loops-crafted-1/sum_natnum.yml	true	ERROR (solver error, after parsing finished)	168.359577748	153.3859143800073	659.767296	cloud-24259	ERROR (solver error, after parsing finished)	124.478930485	114.42838517099153	642.179072	cloud-23979	ERROR (solver error, after parsing finished)	34.22728954	22.14176253200276	582.930432	cloud-23982
loops-crafted-1/sumt2.yml	true	true	21.107723481	11.662685934003093	571.604992	cloud-24261	true	18.955010022	10.491690708004171	526.913536	cloud-23979	TIMEOUT	990.219260176	978.665128550987	533.544960	cloud-23980
loops-crafted-1/sumt3.yml	true	true	25.12161043	14.528464714006986	557.281280	cloud-24259	true	26.839993555	15.297420990013052	559.792128	cloud-23982	TIMEOUT	990.214077027	980.1034003890236	596.119552	cloud-23980
loops-crafted-1/sumt4.yml	true	true	24.519311139	14.920024211023701	538.243072	cloud-23933	true	29.306127836	17.853741797007388	518.463488	cloud-23938	TIMEOUT	990.291151508	976.3748316550045	587.030528	cloud-23933
loops-crafted-1/sumt5.yml	true	true	34.255399526	23.894408127001952	572.891136	cloud-23979	true	28.196503908	20.23221661700518	523.616256	cloud-23979	TIMEOUT	990.25743155	978.6239643169974	559.394816	cloud-23941
loops-crafted-1/sumt6.yml	true	true	27.646838604	16.82249010699161	530.857984	cloud-24260	true	29.458400618	17.83231534299557	517.959680	cloud-23938	TIMEOUT	990.276624316	979.6357035659894	615.911424	cloud-23980
loops-crafted-1/sumt7.yml	true	TIMEOUT	990.368870883	967.0450188530085	687.894528	cloud-24260	TIMEOUT	990.26138636	975.7144437679963	663.572480	cloud-23980	TIMEOUT	990.281763989	977.8754151340108	605.999104	cloud-23980
loops-crafted-1/sumt8.yml	true	TIMEOUT	990.359530477	965.1546979959967	684.560384	cloud-24260	ERROR (server error, after parsing finished)	25.083272304	14.654605384013848	587.993088	cloud-23933	TIMEOUT	990.283905373	975.5315631400154	685.203456	cloud-23982
loops-crafted-1/sumt9.yml	true	TIMEOUT	990.345748915	962.9726090029872	1259.986944	cloud-23933	TIMEOUT	990.503410191	963.3363577250275	1523.163136	cloud-23979	TIMEOUT	990.256043894	978.6522094930115	691.900416	cloud-23980
loops-crafted-1/theatreSquare.yml	true	TIMEOUT	990.373197989	962.2401639729942	820.350976	cloud-24260	TIMEOUT	990.309152008	969.5922895460099	868.384768	cloud-23980	TIMEOUT	990.248780693	976.5708883019979	734.171136	cloud-23980
loops-crafted-1/vnew1.yml	true	TIMEOUT	990.44209515	926.6958940869954	2023.923712	cloud-23979	TIMEOUT	992.240433031	579.6096903129946	2068.578304	cloud-23979	TIMEOUT	990.266459634	975.6851780430006	534.937600	cloud-23938
loops-crafted-1/vnew2.yml	true	TIMEOUT	990.46128754	961.1597208500025	1271.468032	cloud-23979	TIMEOUT	990.290801463	974.0529602990136	602.521600	cloud-23938	TIMEOUT	990.246994221	977.7348759190063	681.172992	cloud-23980
loops-crafted-1/watermelon.yml	true	TIMEOUT	990.463718367	958.4617767720192	1701.249024	cloud-23979	TIMEOUT	990.328286604	969.692215344985	933.982208	cloud-23980	TIMEOUT	990.282189797	972.7659926339984	731.541504	cloud-23938
loop-invariants/bin-suffix-5.yml	true	true	19.715141426	11.227075544011313	555.896832	cloud-23979	true	19.368674121	10.880525009008124	600.420352	cloud-23979	TIMEOUT	990.327289547	972.9427549169923	1032.462336	cloud-23979
loop-invariants/const.yml	true	true	21.138870122	11.971649443992646	582.352896	cloud-24260	true	23.452955916	13.005556022020755	584.613888	cloud-23938	TIMEOUT	990.266174014	976.045313295006	590.770176	cloud-23938
loop-invariants/eq1.yml	true	true	24.535008582	13.314070144988364	588.406784	cloud-24259	true	21.833558322	12.213861498021288	579.940352	cloud-23933	TIMEOUT	990.268434743	977.4222347369941	606.371840	cloud-23979
loop-invariants/eq2.yml	true	true	18.464427625	10.167330049007433	534.724608	cloud-23979	true	25.298109581	14.033646199997747	589.787136	cloud-23982	TIMEOUT	990.253595448	978.2921118919912	557.821952	cloud-23933
loop-invariants/even.yml	true	true	19.854933047	10.832233483000891	594.706432	cloud-23979	true	20.371486754	11.391569522995269	566.857728	cloud-23980	TIMEOUT	990.246683274	975.5356852310069	533.028864	cloud-23938
loop-invariants/linear-inequality-inv-a.yml	true	TIMEOUT	990.675481712	878.0506172200257	2026.516480	cloud-24260	TIMEOUT	990.250223388	785.1406350390171	2036.445184	cloud-23933	TIMEOUT	990.276863767	976.7329713740037	533.536768	cloud-23938
loop-invariants/linear-inequality-inv-b.yml	false	false(unreach-call)	25.850170686	14.394106431980617	564.936704	cloud-23933	false(unreach-call)	21.265142957	11.85567474400159	625.053696	cloud-23979	false(unreach-call)	22.311423501	13.59143812500406	559.034368	cloud-23933
loop-invariants/linear-inequality-inv-c.yml	true	TIMEOUT	990.270031597	975.8908009599836	684.945408	cloud-24259	TIMEOUT	990.275424562	974.852593920019	621.539328	cloud-23938	TIMEOUT	990.301572771	977.1787567179999	581.951488	cloud-23982
loop-invariants/mod4.yml	true	true	23.550437558	12.738095116015757	549.670912	cloud-23933	true	21.425851084	11.9935301229998	574.738432	cloud-23982	TIMEOUT	990.27596059	976.6282738079899	559.022080	cloud-23979
loop-invariants/odd.yml	true	true	23.634905642	12.795614645991009	554.213376	cloud-24260	true	23.606069504	13.205812224012334	603.770880	cloud-23938	TIMEOUT	990.294232434	975.9567167969944	621.801472	cloud-23979
loop-invariants64/linear-inequality-inv-d.yml	true	TIMEOUT	990.301683186	971.9698686119955	580.087808	cloud-24260	TIMEOUT	990.246455035	975.9167175139883	619.638784	cloud-23982	TIMEOUT	990.208590433	980.3562574449752	583.086080	cloud-23980
loop-simple/deep-nested.yml	false	TIMEOUT	990.274291785	970.4354582510132	674.463744	cloud-23933	TIMEOUT	990.295603811	972.9687429810001	648.818688	cloud-23979	TIMEOUT	990.258053575	979.9206067310006	665.030656	cloud-23980
loop-simple/nested_1.yml	true	true	21.270057257	11.665902659995481	591.159296	cloud-24261	true	17.599815544	9.810337950999383	567.324672	cloud-23980	true	24.030429883	12.958931527013192	558.485504	cloud-23938
loop-simple/nested_1b.yml	false	false(unreach-call)	21.706242668	11.89403354501701	582.823936	cloud-23933	false(unreach-call)	21.281769382	12.037154276011279	588.079104	cloud-23980	false(unreach-call)	24.273337764	13.261283970001386	553.078784	cloud-23982
loop-simple/nested_2.yml	true	true	26.546040101	14.642473132989835	604.577792	cloud-24260	true	27.181589948	15.196728041977622	591.499264	cloud-23938	true	25.170602603	13.727023148996523	536.367104	cloud-23938
loop-simple/nested_3.yml	true	true	74.958139027	57.46642925599008	615.428096	cloud-24260	true	77.081816289	60.875386121013435	616.366080	cloud-23982	TIMEOUT	990.268360116	976.9415346480091	800.002048	cloud-23982
loop-simple/nested_4.yml	true	true	205.513736607	184.6597829950042	1444.659200	cloud-24259	TIMEOUT	990.428103785	964.2492134829808	790.712320	cloud-23979	TIMEOUT	990.339401916	971.7341096139862	763.355136	cloud-23933
loop-simple/nested_5.yml	true	true	253.365508921	221.1512294030108	1567.625216	cloud-24260	TIMEOUT	990.369457183	963.3757286960026	695.103488	cloud-23933	TIMEOUT	990.42072005	972.752207181009	757.751808	cloud-23979
loop-simple/nested_6.yml	true	true	228.094888432	197.3484372899984	1577.394176	cloud-23979	TIMEOUT	990.382781876	963.8493237530056	663.056384	cloud-23982	TIMEOUT	990.275546127	973.5274448209966	710.529024	cloud-23933
loop-zilu/benchmark02_linear.yml	true	true	22.344743344	12.43959008200909	572.751872	cloud-23979	true	19.502048744	10.72422740899492	579.776512	cloud-23979	TIMEOUT	990.347857893	975.7959016310051	1643.261952	cloud-23982
loop-zilu/benchmark02_linear_abstracted.yml	true	true	24.021552772	13.114606173010543	573.784064	cloud-24260	true	20.176207127	11.042167300009169	599.539712	cloud-23979	true	16.491371813	9.200385668984381	540.557312	cloud-23980
loop-zilu/benchmark04_conjunctive.yml	true	true	22.680909127	12.338020184994093	594.026496	cloud-24260	true	22.641744513	12.388149186997907	579.309568	cloud-23980	TIMEOUT	990.579267594	972.7454173790175	2222.444544	cloud-23938
loop-zilu/benchmark05_conjunctive.yml	true	true	24.652769439	13.47126231000584	613.363712	cloud-24259	true	18.49802878	10.34108853599173	601.014272	cloud-23980	TIMEOUT	990.299161684	973.8407686929859	1049.128960	cloud-23933
loop-zilu/benchmark09_conjunctive.yml	true	true	16.37251041	9.10344016799354	588.918784	cloud-24259	true	20.218974372	11.179211405979004	589.160448	cloud-23979	TIMEOUT	990.387712955	974.2186552599887	1636.532224	cloud-23979
loop-zilu/benchmark10_conjunctive.yml	true	true	95.394297721	76.09152484699734	667.803648	cloud-24260	true	103.052317445	82.06528648300446	682.995712	cloud-23938	true	530.663713665	516.5015239949862	1406.676992	cloud-23980
loop-zilu/benchmark11_linear.yml	true	true	21.981907245	12.24786828501965	598.765568	cloud-23933	true	22.766676726	12.374020857998403	588.955648	cloud-23938	true	16.783523834	9.54424855299294	512.274432	cloud-23980
loop-zilu/benchmark11_linear_abstracted.yml	true	true	20.720212715	11.372859483002685	579.141632	cloud-23933	true	20.479204074	11.3771005620074	553.172992	cloud-23933	true	20.577928364	11.094526742002927	553.750528	cloud-23979
loop-zilu/benchmark14_linear.yml	true	true	21.670491145	12.242266040004324	593.764352	cloud-23933	true	19.282096951	10.5725337890035	585.506816	cloud-23933	true	21.025884508	11.611904549004976	506.843136	cloud-23982
loop-zilu/benchmark17_conjunctive.yml	true	true	23.320563007	12.89913088400499	567.775232	cloud-23979	true	21.97165421	12.31779102399014	531.787776	cloud-23938	TIMEOUT	990.506859556	973.3010112060001	2614.173696	cloud-23979
loop-zilu/benchmark18_conjunctive.yml	true	true	23.921014671	13.07286758099508	609.431552	cloud-24260	true	24.967686184	13.655932226974983	577.540096	cloud-23982	TIMEOUT	990.40922917	974.7286380729929	1718.251520	cloud-23982
loop-zilu/benchmark19_conjunctive.yml	true	true	25.464073984	13.735482634991058	601.108480	cloud-24260	true	27.113857749	14.844792663992848	592.199680	cloud-23982	TIMEOUT	990.483240924	975.2161233369843	2087.129088	cloud-23982
loop-zilu/benchmark20_conjunctive.yml	true	true	23.250100934	12.803476217988646	589.676544	cloud-24259	true	22.55118044	11.987373084994033	565.456896	cloud-23982	true	116.945154093	101.9899256300123	786.554880	cloud-23933
loop-zilu/benchmark23_conjunctive.yml	true	ERROR (generic error, after parsing finished)	136.051149485	114.6066994019784	685.113344	cloud-23933	true	206.740857957	186.12810221299878	713.154560	cloud-23979	true	40.182895156	27.324030942021636	673.398784	cloud-23982
loop-zilu/benchmark25_linear.yml	true	true	22.496776545	12.479977623996092	589.656064	cloud-23979	true	20.30177971	11.085364925005706	605.204480	cloud-23979	true	18.513500247	10.082739423989551	546.902016	cloud-23933
loop-zilu/benchmark25_linear_abstracted.yml	true	true	21.679619068	11.769353192998096	541.532160	cloud-23933	true	24.506924748	13.62407351800357	578.830336	cloud-23982	true	25.880500043	13.90890971099725	509.145088	cloud-23979
loop-zilu/benchmark26_linear.yml	true	true	26.697234474	14.650509495986626	591.482880	cloud-24260	true	22.930373967	12.84379214499495	571.736064	cloud-23980	true	18.455820749	10.181661802984308	549.617664	cloud-23979
loop-zilu/benchmark26_linear_abstracted.yml	true	true	23.82510813	13.05949183300254	555.380736	cloud-24259	true	22.652236326	12.437483601999702	687.046656	cloud-23982	true	23.794001513	13.434108716988703	554.455040	cloud-23982
loop-zilu/benchmark32_linear.yml	true	true	17.786236835	10.150022524001542	588.652544	cloud-24261	true	20.831808523	11.433794754004339	572.669952	cloud-23980	true	19.666405244	10.68152907199692	548.671488	cloud-23933
loop-zilu/benchmark33_linear.yml	true	true	17.536679147	9.905698471993674	610.820096	cloud-24259	true	17.788147109	9.9003627919883	585.105408	cloud-23980	true	17.716229234	9.81610678700963	539.824128	cloud-23979
loop-zilu/benchmark34_conjunctive.yml	true	true	20.170382481	11.518489305002731	588.120064	cloud-24261	true	18.938827469	10.481701617012732	594.399232	cloud-23980	TIMEOUT	990.472511462	971.8942438200174	2239.385600	cloud-23938
loop-zilu/benchmark35_linear.yml	true	true	18.073860881	10.092733484008932	582.381568	cloud-24259	true	19.751407288	10.826582823996432	546.398208	cloud-23979	true	19.256013759	10.542279826011509	563.294208	cloud-23979
loop-zilu/benchmark37_conjunctive.yml	true	true	24.515624207	13.40975512600562	590.454784	cloud-24260	true	22.100834876	12.178592910000589	565.231616	cloud-23938	TIMEOUT	990.404750302	973.5120674299833	1781.293056	cloud-23933
loop-zilu/benchmark43_conjunctive.yml	true	true	20.259900043	11.325931843995932	601.952256	cloud-24261	true	21.65342262	12.084800113982055	566.140928	cloud-23982	true	24.974632485	13.814389539998956	547.962880	cloud-23982
loop-zilu/benchmark43_conjunctive_abstracted.yml	true	ERROR (server error, after parsing finished)	26.458378329	14.711719772982178	585.728000	cloud-23933	ERROR (server error, after parsing finished)	15.496957503	8.567012687999522	591.667200	cloud-23944	ERROR (server error, after parsing finished)	21.116226797	11.525774633017136	507.846656	cloud-23933
loop-zilu/benchmark51_polynomial.yml	true	true	23.685001006	12.804520921999938	576.176128	cloud-24260	true	22.663580088	12.40144647899433	587.337728	cloud-23938	true	286.4531023	271.93841296597384	818.884608	cloud-23979
loop-zilu/benchmark52_polynomial.yml	true	true	23.567574337	13.207222476004972	584.867840	cloud-24260	true	22.966297183	12.762744115985697	575.959040	cloud-23938	true	22.425037249	12.20508158201119	535.314432	cloud-23933
nla-digbench/bresenham-ll.yml	true	ERROR (solver error, after parsing finished)	136.541597845	119.49076553698978	664.846336	cloud-23979	ERROR (solver error, after parsing finished)	23.550423009	12.78305077101686	638.427136	cloud-23979	ERROR (solver error, after parsing finished)	140.892021486	128.38398751799832	620.945408	cloud-23938
nla-digbench/cohencu-ll.yml	true	TIMEOUT	990.273050196	974.5077263099956	726.384640	cloud-24259	ERROR (solver error, after parsing finished)	135.913236787	124.42300124201574	693.149696	cloud-23980	TIMEOUT	990.286883395	974.9354278719984	644.509696	cloud-23979
nla-digbench/cohendiv-ll.yml	true	true	30.563839612	16.456899228011025	641.531904	cloud-23979	true	28.638614412	15.601623562979512	649.056256	cloud-23980	ERROR (solver error, after parsing finished)	23.265890196	14.206110207975144	562.057216	cloud-23933
nla-digbench/dijkstra-u.yml	true	TIMEOUT	990.3218191	966.2981986539962	740.773888	cloud-24260	TIMEOUT	990.304888187	974.3349094949954	794.480640	cloud-23979	TIMEOUT	990.332056596	973.1198424590111	744.140800	cloud-23933
nla-digbench/divbin.yml	false	TIMEOUT	990.316657512	970.7992028910085	638.689280	cloud-23979	ERROR (solver error, after parsing finished)	837.110549239	824.2927134339989	612.024320	cloud-23982	TIMEOUT	990.265035494	977.3550570450025	647.475200	cloud-23980
nla-digbench/divbin2.yml	true	TIMEOUT	990.285854862	974.4598839050159	644.120576	cloud-23933	ERROR (solver error, after parsing finished)	31.143845378	19.85719035801594	598.241280	cloud-23982	TIMEOUT	990.237391395	978.9644146359933	628.080640	cloud-23939
nla-digbench/egcd-ll.yml	true	ERROR (solver error, after parsing finished)	365.056020319	341.32537529000547	668.098560	cloud-24259	TIMEOUT	990.248104075	975.1687612789974	641.736704	cloud-23980	ERROR (solver error, after parsing finished)	129.232839914	117.19909916899633	608.755712	cloud-23980
nla-digbench/egcd2-ll.yml	true	TIMEOUT (ERROR (solver error, after parsing finished))	938.813054924	923.0364960680017	663.138304	cloud-24259	ERROR (server error, after parsing finished)	26.33776002	14.190385256020818	637.059072	cloud-23933	ERROR (solver error, after parsing finished)	24.077916511	13.905515582009684	653.844480	cloud-23979
nla-digbench/egcd3-ll.yml	true	TIMEOUT	990.28271181	965.9287952099985	664.604672	cloud-24259	ERROR (solver error, after parsing finished)	24.253887288	14.182536390988389	593.444864	cloud-23933	TIMEOUT	990.300865414	975.4923985009955	597.364736	cloud-23979
nla-digbench/fermat1-ll.yml	true	ERROR (solver error, after parsing finished)	41.316529561	24.825086954020662	711.102464	cloud-23979	ERROR (server error, after parsing finished)	27.628694786	14.885471271001734	762.769408	cloud-23938	ERROR (solver error, after parsing finished)	38.308358958	23.637656596984016	617.148416	cloud-23982
nla-digbench/fermat2-ll.yml	true	ERROR (solver error, after parsing finished)	39.058784607	22.747456331009744	638.689280	cloud-23933	ERROR (server error, after parsing finished)	24.373813885	13.286082990001887	665.092096	cloud-23982	ERROR (solver error, after parsing finished)	26.436550994	15.669336033024592	617.820160	cloud-23979
nla-digbench/geo1-ll.yml	true	TIMEOUT (ERROR (solver error, after parsing finished))	967.856553536	951.1152612110018	573.599744	cloud-23933	ERROR (solver error, after parsing finished)	26.693317161	14.747720836021472	596.779008	cloud-23982	ERROR (solver error, after parsing finished)	738.662101786	726.6891100220091	539.889664	cloud-23979
nla-digbench/geo1-u.yml	false	ERROR (solver error, after parsing finished)	465.98064554	452.87403452402214	598.032384	cloud-23979	ERROR (solver error, after parsing finished)	20.63279655	11.264781448000576	588.402688	cloud-23980	ERROR (solver error, after parsing finished)	358.547638061	348.95750467298785	548.237312	cloud-23979
nla-digbench/geo2-ll.yml	true	ERROR (solver error, after parsing finished)	323.53622839	308.53588746199966	635.932672	cloud-23933	ERROR (solver error, after parsing finished)	26.059541266	15.654712240007939	589.131776	cloud-23938	ERROR (solver error, after parsing finished)	207.042671912	199.06363133297418	525.377536	cloud-23980
nla-digbench/geo3-ll.yml	true	ERROR (solver error, after parsing finished)	68.022720105	57.65740095401998	591.826944	cloud-24259	ERROR (solver error, after parsing finished)	60.094259574	50.863452329998836	579.485696	cloud-23979	ERROR (solver error, after parsing finished)	22.61005858	14.175881278992165	556.556288	cloud-23933
nla-digbench/hard-ll.yml	true	TIMEOUT	990.262832833	970.1696581599972	641.552384	cloud-24259	ERROR (verification stuck, after parsing finished)	23.154630139	12.557239503017627	599.195648	cloud-23979	TIMEOUT	990.226540411	977.1024736450054	630.976512	cloud-23982
nla-digbench/hard-u.yml	false	TIMEOUT	990.290498456	972.2214764430246	752.021504	cloud-23933	ERROR (solver error, after parsing finished)	113.771569298	103.67047489900142	548.036608	cloud-23979	TIMEOUT	990.325827691	975.9234263009857	830.005248	cloud-23933
nla-digbench/hard2.yml	true	true	30.679546005	16.365990354999667	630.308864	cloud-23933	true	20.992052442	11.638049696019152	629.473280	cloud-23980	TIMEOUT	990.357213956	974.0884122449788	631.484416	cloud-23938
nla-digbench/knuth.yml	true	TIMEOUT	990.368767761	974.2530803309928	1226.756096	cloud-23933	TIMEOUT	990.419425553	977.6321762200096	1185.468416	cloud-23979	TIMEOUT	990.304101081	978.1519360620005	1073.192960	cloud-23933
nla-digbench/lcm1.yml	true	TIMEOUT	990.303358862	972.8678593109944	630.644736	cloud-24259	ERROR (server error, after parsing finished)	20.573340251	11.25493173598079	597.594112	cloud-23938	TIMEOUT	990.323914288	975.3724160559941	551.927808	cloud-23938
nla-digbench/lcm2.yml	true	ERROR (solver error, after parsing finished)	409.915710753	394.83022391499253	561.569792	cloud-23933	ERROR (solver error, after parsing finished)	111.045389559	101.02158173901262	582.430720	cloud-23980	ERROR (solver error, after parsing finished)	306.225451179	296.42023931001313	554.905600	cloud-23980
nla-digbench/mannadiv.yml	true	true	21.826458977	11.952454829006456	597.434368	cloud-24259	true	23.573323882	12.811831712024286	667.295744	cloud-23979	true	20.689486079	11.494437599001685	564.772864	cloud-23980
nla-digbench/prod4br-ll.yml	true	true	99.01016372	82.79392500600079	626.581504	cloud-23933	ERROR (server error, after parsing finished)	25.910712694	14.075549903005594	631.791616	cloud-23938	true	100.769986225	86.3193057239987	650.395648	cloud-23938
nla-digbench/prodbin-ll.yml	true	TIMEOUT	990.300585842	973.829112848005	638.472192	cloud-23979	ERROR (server error, after parsing finished)	22.633697845	12.28660151301301	543.010816	cloud-23938	TIMEOUT	990.229820628	974.2362109399983	625.897472	cloud-23982
nla-digbench/ps2-ll.yml	true	true	24.182825945	13.205370682000648	586.829824	cloud-24260	true	25.077611003	13.395718368003145	547.950592	cloud-23982	true	22.391967709	12.215210052003385	511.168512	cloud-23979
nla-digbench/ps3-ll.yml	true	true	39.090178229	20.944093636004254	655.540224	cloud-24259	ERROR (solver error, after parsing finished)	27.8931677	15.065049226977862	611.749888	cloud-23982	true	28.472092293	15.802591644984204	574.402560	cloud-23982
nla-digbench/ps4-ll.yml	true	ERROR (solver error, after parsing finished)	200.137316449	179.33868421400257	685.703168	cloud-24260	ERROR (solver error, after parsing finished)	126.390422294	116.29097439098405	641.679360	cloud-23939	ERROR (solver error, after parsing finished)	78.674766974	66.41771478299052	556.625920	cloud-23933
nla-digbench/ps5-ll.yml	true	TIMEOUT	990.352259335	968.9040499269904	782.807040	cloud-23979	ERROR (solver error, after parsing finished)	23.04055783	12.582983261992922	800.825344	cloud-23979	TIMEOUT	990.280251473	972.3284182539792	773.902336	cloud-23938
nla-digbench/ps6-ll.yml	true	TIMEOUT	990.337288333	966.8797578079975	833.376256	cloud-23933	TIMEOUT	990.369122025	969.5822483309894	850.669568	cloud-23938	TIMEOUT	990.355374012	972.5669150130125	757.161984	cloud-23933
nla-digbench/sqrt1-ll.yml	true	true	29.775481302	17.30399074399611	596.090880	cloud-24260	true	31.784267627	18.222851486003492	645.140480	cloud-23938	true	27.603496702	15.041429085977143	619.495424	cloud-23938
nla-digbench-scaling/bresenham-ll_unwindbound1.yml	false	false(unreach-call)	31.513470494	17.453917241015006	652.656640	cloud-24259	false(unreach-call)	31.065308851	17.057572192017687	626.438144	cloud-23982	ERROR (solver error, after parsing finished)	45.872872714	30.804471932002343	595.693568	cloud-23982
nla-digbench-scaling/bresenham-ll_unwindbound10.yml	false	ERROR (solver error, after parsing finished)	105.189489323	90.7310269769805	634.699776	cloud-23979	ERROR (solver error, after parsing finished)	39.878940422	29.58315883000614	653.193216	cloud-23933	ERROR (solver error, after parsing finished)	54.974609532	41.64461924700299	579.690496	cloud-23982
nla-digbench-scaling/bresenham-ll_unwindbound100.yml	false	ERROR (solver error, after parsing finished)	102.175209467	87.30195877799997	639.610880	cloud-23979	ERROR (solver error, after parsing finished)	45.950333104	34.96925589701277	636.936192	cloud-23938	ERROR (solver error, after parsing finished)	54.901766505	41.402865595999174	605.687808	cloud-23982
nla-digbench-scaling/bresenham-ll_unwindbound2.yml	false	ERROR (solver error, after parsing finished)	147.694591446	132.430840564979	652.390400	cloud-23979	ERROR (solver error, after parsing finished)	39.829351019	29.394618624006398	641.789952	cloud-23933	ERROR (solver error, after parsing finished)	84.185157123	73.40913705699495	581.427200	cloud-23933
nla-digbench-scaling/bresenham-ll_unwindbound20.yml	false	ERROR (solver error, after parsing finished)	113.570867464	96.61020539398305	603.791360	cloud-23979	ERROR (solver error, after parsing finished)	44.537706088	32.44959628098877	646.524928	cloud-23933	ERROR (solver error, after parsing finished)	47.483620393	36.30299491301412	607.203328	cloud-23933
nla-digbench-scaling/bresenham-ll_unwindbound5.yml	false	ERROR (solver error, after parsing finished)	111.224327168	96.90875815499749	600.576000	cloud-24261	ERROR (solver error, after parsing finished)	34.909299775	25.553483193012653	650.469376	cloud-23942	ERROR (solver error, after parsing finished)	43.519987008	33.59818458301015	608.948224	cloud-23979
nla-digbench-scaling/bresenham-ll_unwindbound50.yml	false	ERROR (solver error, after parsing finished)	63.961917705	47.33509032501024	611.454976	cloud-23979	ERROR (solver error, after parsing finished)	23.431853511	12.76569327901234	651.575296	cloud-23980	ERROR (solver error, after parsing finished)	39.581552041	31.33816446500714	608.772096	cloud-23980
nla-digbench-scaling/bresenham-ll_valuebound1.yml	true	ERROR (solver error, after parsing finished)	210.524166367	191.5184093650023	632.520704	cloud-23933	ERROR (verification stuck, after parsing finished)	26.901582144	17.63866632198915	635.187200	cloud-23982	ERROR (solver error, after parsing finished)	158.18601064	142.0878648319922	558.465024	cloud-23933
nla-digbench-scaling/bresenham-ll_valuebound10.yml	true	ERROR (solver error, after parsing finished)	151.360295773	132.36305334599456	618.500096	cloud-23933	ERROR (verification stuck, after parsing finished)	34.210774054	18.621581767016323	612.573184	cloud-23982	ERROR (solver error, after parsing finished)	98.992636795	87.79058398699271	536.662016	cloud-23933
nla-digbench-scaling/bresenham-ll_valuebound100.yml	true	ERROR (solver error, after parsing finished)	224.978684931	206.41262009600177	606.777344	cloud-23979	ERROR (verification stuck, after parsing finished)	21.457288732	12.319625638017897	740.446208	cloud-23980	ERROR (solver error, after parsing finished)	103.251299138	93.4950863700069	557.568000	cloud-23979
nla-digbench-scaling/bresenham-ll_valuebound2.yml	true	ERROR (solver error, after parsing finished)	295.57715845	275.64350190298865	640.794624	cloud-24260	ERROR (solver error, after parsing finished)	167.725680273	154.34822145101498	647.811072	cloud-23933	ERROR (solver error, after parsing finished)	79.25692865	69.07902414599084	613.933056	cloud-23980
nla-digbench-scaling/bresenham-ll_valuebound20.yml	true	ERROR (solver error, after parsing finished)	315.806052839	299.0034187090059	672.489472	cloud-23979	ERROR (verification stuck, after parsing finished)	26.62876359	14.692124452994904	577.196032	cloud-23933	ERROR (solver error, after parsing finished)	312.331587816	302.654040444002	613.744640	cloud-23980
nla-digbench-scaling/bresenham-ll_valuebound5.yml	true	ERROR (solver error, after parsing finished)	637.69640106	617.1077041600074	678.338560	cloud-23933	ERROR (verification stuck, after parsing finished)	24.751338488	13.815853235981194	662.773760	cloud-23933	ERROR (solver error, after parsing finished)	546.105652487	533.3080813720007	607.113216	cloud-23933
nla-digbench-scaling/bresenham-ll_valuebound50.yml	true	TIMEOUT	990.310412444	966.6808506529924	639.082496	cloud-24260	ERROR (verification stuck, after parsing finished)	26.305441165	14.92855246597901	638.246912	cloud-23982	TIMEOUT	990.240319321	975.3207124129985	563.085312	cloud-23938
nla-digbench-scaling/cohencu-ll_unwindbound1.yml	false	TIMEOUT	990.287591062	970.4563725079934	797.589504	cloud-24261	TIMEOUT	990.275075997	973.689225907001	731.176960	cloud-23980	TIMEOUT	990.283763963	971.9663280570239	632.020992	cloud-23938
nla-digbench-scaling/cohencu-ll_unwindbound10.yml	false	TIMEOUT	990.28465335	968.7205077979888	659.296256	cloud-23979	TIMEOUT	990.218052728	977.5233762769785	704.638976	cloud-23980	TIMEOUT (ERROR (solver error, after parsing finished))	960.13543752	942.9517823609931	649.478144	cloud-23979
nla-digbench-scaling/cohencu-ll_unwindbound100.yml	false	TIMEOUT	990.298360862	967.3934934010031	720.621568	cloud-23933	ERROR (solver error, after parsing finished)	665.736335144	651.0735480519943	708.505600	cloud-23979	TIMEOUT	990.313767785	976.3735603999812	670.498816	cloud-23933
nla-digbench-scaling/cohencu-ll_unwindbound2.yml	false	TIMEOUT	990.332554947	964.0984748739866	715.132928	cloud-24260	TIMEOUT	990.28927188	975.5666128910088	713.936896	cloud-23933	TIMEOUT	990.29230535	973.5086892570253	642.969600	cloud-23938
nla-digbench-scaling/cohencu-ll_unwindbound20.yml	false	TIMEOUT	990.305483386	970.6812305980129	730.222592	cloud-23979	TIMEOUT	990.262731976	976.3702630049956	681.058304	cloud-23933	TIMEOUT	990.242655889	973.3754153419868	630.800384	cloud-23982
nla-digbench-scaling/cohencu-ll_unwindbound5.yml	false	TIMEOUT (ERROR (solver error, after parsing finished))	911.19268154	890.8386325869942	691.908608	cloud-23979	TIMEOUT	990.326258923	972.8973366049759	729.956352	cloud-23979	ERROR (solver error, after parsing finished)	99.458980216	87.57921989099123	661.184512	cloud-23979
nla-digbench-scaling/cohencu-ll_unwindbound50.yml	false	TIMEOUT	990.329165152	966.739024118986	692.105216	cloud-23933	TIMEOUT	990.269891763	973.4946333320113	703.557632	cloud-23938	TIMEOUT	990.313198226	975.9629873580125	695.017472	cloud-23933
nla-digbench-scaling/cohencu-ll_valuebound1.yml	true	ERROR (solver error, after parsing finished)	585.818000258	565.545531109994	698.494976	cloud-24259	ERROR (solver error, after parsing finished)	87.456712124	74.62425716701546	700.063744	cloud-23980	ERROR (solver error, after parsing finished)	481.938517276	466.85676411300665	658.759680	cloud-23938
nla-digbench-scaling/cohencu-ll_valuebound10.yml	true	TIMEOUT	990.319030172	964.6163708669919	704.081920	cloud-24260	ERROR (solver error, after parsing finished)	96.885138451	80.45230625299155	642.203648	cloud-23982	TIMEOUT	990.292325922	968.3547279250051	657.788928	cloud-23933
nla-digbench-scaling/cohencu-ll_valuebound100.yml	true	ERROR (solver error, after parsing finished)	503.666810162	481.7233827059972	649.379840	cloud-24260	ERROR (solver error, after parsing finished)	86.373404089	73.44352584099397	672.174080	cloud-23938	ERROR (solver error, after parsing finished)	317.209820533	304.264110219985	634.880000	cloud-23933
nla-digbench-scaling/cohencu-ll_valuebound2.yml	true	TIMEOUT	990.294248244	968.4365162650065	706.580480	cloud-23979	ERROR (solver error, after parsing finished)	69.960874859	58.80229916001554	667.172864	cloud-23933	TIMEOUT	990.258778667	973.8301581149863	664.461312	cloud-23938
nla-digbench-scaling/cohencu-ll_valuebound20.yml	true	TIMEOUT	990.30705027	966.2585673149733	691.077120	cloud-24260	ERROR (solver error, after parsing finished)	96.066972895	82.56431222398533	691.253248	cloud-23982	TIMEOUT	990.275235801	974.5132876429998	633.135104	cloud-23982
nla-digbench-scaling/cohencu-ll_valuebound5.yml	true	TIMEOUT	990.266454493	969.7105255240167	730.697728	cloud-23979	ERROR (solver error, after parsing finished)	77.798459949	64.58551020000596	692.056064	cloud-23938	TIMEOUT	990.260332425	975.108435992006	650.444800	cloud-23933
nla-digbench-scaling/cohencu-ll_valuebound50.yml	true	TIMEOUT	990.361929454	965.1827631729975	676.904960	cloud-24260	ERROR (solver error, after parsing finished)	84.67117712	72.7858218330075	690.614272	cloud-23980	TIMEOUT	990.274114165	975.1799151450105	673.591296	cloud-23938
nla-digbench-scaling/cohendiv-ll_unwindbound1.yml	true	true	25.414939659	13.92182416599826	629.469184	cloud-23979	true	21.833301087	12.163640827988274	629.841920	cloud-23980	true	28.57670207	15.754553247010335	601.866240	cloud-23938
nla-digbench-scaling/cohendiv-ll_unwindbound10.yml	true	true	110.6377753	91.12509220698848	689.008640	cloud-24260	true	98.341814937	82.46528876697994	663.445504	cloud-23980	true	33.40711137	21.778285199019592	639.520768	cloud-23933
nla-digbench-scaling/cohendiv-ll_unwindbound100.yml	true	true	178.97495439	144.19070555400685	1558.487040	cloud-24259	TIMEOUT	990.394265254	960.5022015699942	825.737216	cloud-23982	ERROR (solver error, after parsing finished)	31.401261415	20.9207410980016	576.049152	cloud-23982
nla-digbench-scaling/cohendiv-ll_unwindbound2.yml	true	true	33.170642563	18.285172800999135	655.290368	cloud-23933	true	29.266048844	16.344927672005724	651.665408	cloud-23980	true	43.7011015	30.64921014397987	618.479616	cloud-23982
nla-digbench-scaling/cohendiv-ll_unwindbound20.yml	true	ERROR (solver error, after parsing finished)	251.020587523	224.87604905897751	707.964928	cloud-24259	true	878.360509519	856.4358064259868	784.625664	cloud-23982	ERROR (solver error, after parsing finished)	30.74444614	20.045026156003587	582.590464	cloud-23979
nla-digbench-scaling/cohendiv-ll_unwindbound5.yml	true	true	37.90765264	23.815944768008194	674.553856	cloud-24261	true	35.499788167	23.483326376997866	652.894208	cloud-23980	true	39.671231525	26.294228911981918	638.267392	cloud-23982
nla-digbench-scaling/cohendiv-ll_unwindbound50.yml	true	true	182.186939289	148.7759750779951	1603.678208	cloud-23933	TIMEOUT	990.440414192	958.7831022600003	848.617472	cloud-23938	ERROR (solver error, after parsing finished)	28.099278971	18.770276488998206	530.432000	cloud-23980
nla-digbench-scaling/cohendiv-ll_valuebound1.yml	true	true	24.137409259	13.201290857017739	579.928064	cloud-23979	true	22.558672175	12.27443434498855	593.022976	cloud-23933	true	34.821143546	20.737601543980418	553.242624	cloud-23982
nla-digbench-scaling/cohendiv-ll_valuebound10.yml	true	true	30.207549188	16.35954781298642	624.865280	cloud-24259	true	22.105347773	12.351988667011028	642.543616	cloud-23980	true	29.552661344	17.478454368014354	629.469184	cloud-23933
nla-digbench-scaling/cohendiv-ll_valuebound100.yml	true	true	32.596536104	17.87998367799446	656.699392	cloud-24259	true	27.310913633	15.234658592002233	635.518976	cloud-23982	true	31.358677984	18.893767772009596	557.543424	cloud-23980
nla-digbench-scaling/cohendiv-ll_valuebound2.yml	true	ERROR (solver error, after parsing finished)	32.845319623	18.53493125800742	597.798912	cloud-23933	ERROR (server error, after parsing finished)	27.709639132	15.025294902996393	631.939072	cloud-23982	ERROR (solver error, after parsing finished)	28.335052083	16.316014711017488	570.335232	cloud-23982
nla-digbench-scaling/cohendiv-ll_valuebound20.yml	true	true	31.563608544	17.80160459400213	634.728448	cloud-24259	true	26.124590534	14.67711696002516	628.654080	cloud-23979	true	29.506079008	18.552677050000057	620.617728	cloud-23980
nla-digbench-scaling/cohendiv-ll_valuebound5.yml	true	true	27.682735367	14.90072942400002	652.500992	cloud-23979	true	25.243001051	13.865006170002744	641.187840	cloud-23979	true	30.081433034	18.463668759010034	554.733568	cloud-23979
nla-digbench-scaling/cohendiv-ll_valuebound50.yml	true	true	27.1077088	15.121316545002628	659.177472	cloud-23933	true	27.262891068	15.118793485016795	640.491520	cloud-23982	true	29.870016141	18.159877931000665	602.648576	cloud-23933
nla-digbench-scaling/dijkstra-u_unwindbound1.yml	true	TIMEOUT	990.251442604	970.6615888359956	833.171456	cloud-24259	TIMEOUT	990.252206835	978.3163805360091	620.662784	cloud-23980	TIMEOUT	990.293183678	973.6278781860019	728.850432	cloud-23938
nla-digbench-scaling/dijkstra-u_unwindbound10.yml	false	TIMEOUT	990.409528597	966.6504479539872	1025.617920	cloud-23933	TIMEOUT	990.377005548	973.9738752650155	1611.874304	cloud-23933	TIMEOUT	990.356974575	974.1377969119931	1044.086784	cloud-23979
nla-digbench-scaling/dijkstra-u_unwindbound100.yml	false	TIMEOUT	990.359795116	965.4006831639999	757.125120	cloud-24260	TIMEOUT	990.252611072	976.3517418330011	735.576064	cloud-23980	TIMEOUT	990.253155091	977.3306182519882	754.135040	cloud-23980
nla-digbench-scaling/dijkstra-u_unwindbound2.yml	true	TIMEOUT	990.339406213	967.2015130200016	756.424704	cloud-23933	TIMEOUT	990.27250877	977.124950138008	804.683776	cloud-23980	TIMEOUT	990.308687439	973.7563555169909	738.623488	cloud-23979
nla-digbench-scaling/dijkstra-u_unwindbound20.yml	false	TIMEOUT	990.353284627	966.9709786750027	999.297024	cloud-24259	TIMEOUT	990.52738571	976.1599442099978	2551.209984	cloud-23933	TIMEOUT	990.295676793	977.1196745839843	980.283392	cloud-23982
nla-digbench-scaling/dijkstra-u_unwindbound5.yml	false	TIMEOUT	990.409496332	965.6812195859966	994.508800	cloud-24260	TIMEOUT	990.40437668	975.9107758199971	1696.514048	cloud-23982	TIMEOUT	990.3077852	973.1359456930077	966.037504	cloud-23979
nla-digbench-scaling/dijkstra-u_unwindbound50.yml	false	TIMEOUT	990.336363161	966.6273559909896	719.335424	cloud-23933	TIMEOUT	990.328883177	973.9829481890192	692.736000	cloud-23979	TIMEOUT	990.317699722	975.1944622499868	764.907520	cloud-23979
nla-digbench-scaling/dijkstra-u_valuebound1.yml	true	TIMEOUT	990.32758864	968.5802344329713	711.159808	cloud-23979	TIMEOUT	990.279989489	973.9934506150021	797.556736	cloud-23979	TIMEOUT	990.269896174	978.1497760209895	714.915840	cloud-23980
nla-digbench-scaling/dijkstra-u_valuebound10.yml	true	TIMEOUT	990.259613148	969.1118659430067	841.797632	cloud-24259	TIMEOUT	990.350749472	972.9285432980105	1032.679424	cloud-23933	TIMEOUT	990.297215611	974.5351535690133	720.502784	cloud-23933
nla-digbench-scaling/dijkstra-u_valuebound100.yml	true	TIMEOUT	990.31620889	967.6200036689988	730.529792	cloud-24259	TIMEOUT	990.272891253	974.5613579050114	666.832896	cloud-23982	TIMEOUT	990.276146287	978.349215905997	699.613184	cloud-23980
nla-digbench-scaling/dijkstra-u_valuebound2.yml	true	TIMEOUT	990.299544814	970.3244325770065	724.676608	cloud-24259	TIMEOUT	990.313917073	973.018896420981	664.403968	cloud-23938	TIMEOUT	990.29968106	973.2787710310076	773.689344	cloud-23933
nla-digbench-scaling/dijkstra-u_valuebound20.yml	true	TIMEOUT	990.283700873	967.1093446000014	730.624000	cloud-24260	TIMEOUT	990.264282513	975.8308452869824	723.656704	cloud-23982	TIMEOUT	990.28320338	973.4289075649867	696.160256	cloud-23933
nla-digbench-scaling/dijkstra-u_valuebound5.yml	true	TIMEOUT	990.311378647	968.0903982069867	719.708160	cloud-23933	TIMEOUT	990.366444184	974.3095304250019	1061.380096	cloud-23979	TIMEOUT	990.234043732	975.5471017480013	747.634688	cloud-23982
nla-digbench-scaling/dijkstra-u_valuebound50.yml	true	TIMEOUT	990.314781875	967.2145627229911	711.512064	cloud-24260	TIMEOUT	990.27139955	975.7428820829955	664.879104	cloud-23980	TIMEOUT	990.294427484	974.746000034007	710.955008	cloud-23979
nla-digbench-scaling/divbin2_unwindbound1.yml	true	TIMEOUT	990.294154157	970.9432341399952	705.544192	cloud-23933	ERROR (solver error, after parsing finished)	79.247840612	69.11213078798028	518.144000	cloud-23933	TIMEOUT	990.238897718	979.8781324189913	611.475456	cloud-23980
nla-digbench-scaling/divbin2_unwindbound10.yml	true	TIMEOUT	990.297452085	971.978397903993	589.258752	cloud-24260	ERROR (solver error, after parsing finished)	51.789313205	42.33875410599285	566.038528	cloud-23982	TIMEOUT	990.289226846	977.211220415018	598.097920	cloud-23933
nla-digbench-scaling/divbin2_unwindbound100.yml	true	TIMEOUT	990.310605749	973.0928844429873	635.686912	cloud-24260	ERROR (solver error, after parsing finished)	75.632012492	64.22628326597624	558.206976	cloud-23933	TIMEOUT	990.238437455	977.2824084850145	610.172928	cloud-23982
nla-digbench-scaling/divbin2_unwindbound2.yml	true	TIMEOUT	990.31596394	972.0556125360017	710.922240	cloud-24260	ERROR (solver error, after parsing finished)	22.826424883	14.712893235002412	572.370944	cloud-23939	TIMEOUT	990.261638909	976.8377905529924	698.818560	cloud-23982
nla-digbench-scaling/divbin2_unwindbound20.yml	true	TIMEOUT	990.287262399	973.9149247909954	703.315968	cloud-23933	TIMEOUT	990.240391114	978.2300764129905	568.881152	cloud-23933	TIMEOUT	990.317252077	975.9992844089866	833.912832	cloud-23938
nla-digbench-scaling/divbin2_unwindbound5.yml	true	TIMEOUT	990.304686822	972.4288981449936	610.213888	cloud-24260	ERROR (solver error, after parsing finished)	29.766912883	19.119808778981678	579.473408	cloud-23938	TIMEOUT	990.22690964	977.6859199690225	549.617664	cloud-23980
nla-digbench-scaling/divbin2_unwindbound50.yml	true	TIMEOUT	990.283573393	975.1156021860079	569.671680	cloud-23979	ERROR (solver error, after parsing finished)	113.713646342	105.93187605499406	575.860736	cloud-23980	TIMEOUT	990.233801847	979.0980670790013	558.866432	cloud-23933
nla-digbench-scaling/divbin2_valuebound1.yml	true	TIMEOUT	990.346077944	972.3153478099994	774.529024	cloud-24260	TIMEOUT	990.18363495	980.2140132359928	589.103104	cloud-23944	TIMEOUT	990.224884105	977.7806642199866	737.382400	cloud-23982
nla-digbench-scaling/divbin2_valuebound10.yml	true	TIMEOUT	990.270229548	975.3666489329917	598.949888	cloud-24259	TIMEOUT	990.221173143	980.4708417899965	585.170944	cloud-23982	TIMEOUT	990.277620808	975.7736248039873	619.347968	cloud-23933
nla-digbench-scaling/divbin2_valuebound100.yml	true	TIMEOUT	990.290756735	975.2384815879923	630.476800	cloud-23979	ERROR (solver error, after parsing finished)	33.991195109	24.344172422977863	573.231104	cloud-23933	TIMEOUT	990.281954284	976.4708389580192	609.800192	cloud-23979
nla-digbench-scaling/divbin2_valuebound2.yml	true	TIMEOUT	990.281822595	973.7115746510099	668.663808	cloud-23979	ERROR (solver error, after parsing finished)	62.717311024	53.46621673600748	581.312512	cloud-23982	TIMEOUT	990.246405519	975.942397413979	638.058496	cloud-23933
nla-digbench-scaling/divbin2_valuebound20.yml	true	TIMEOUT	990.28942853	974.408646515003	619.184128	cloud-24259	ERROR (solver error, after parsing finished)	43.5552851	33.51580724201631	583.630848	cloud-23979	TIMEOUT	990.326889773	976.5566536060069	739.307520	cloud-23979
nla-digbench-scaling/divbin2_valuebound5.yml	true	TIMEOUT	990.275780203	976.5742457610031	650.088448	cloud-24259	ERROR (solver error, after parsing finished)	23.90234182	15.273252327984665	587.255808	cloud-23933	TIMEOUT	990.289648402	976.3310270770162	627.941376	cloud-23979
nla-digbench-scaling/divbin2_valuebound50.yml	true	TIMEOUT	990.301301522	972.4764912310056	667.643904	cloud-23933	TIMEOUT	990.274387531	977.5466709570028	594.534400	cloud-23979	TIMEOUT	990.251352692	976.0021535159904	601.931776	cloud-23982
nla-digbench-scaling/divbin_unwindbound1.yml	true	TIMEOUT	990.283110613	971.5229543230089	675.057664	cloud-24260	ERROR (solver error, after parsing finished)	57.907847241	45.05119257001206	578.236416	cloud-23938	TIMEOUT	990.287124755	974.1594054779853	637.554688	cloud-23938
nla-digbench-scaling/divbin_unwindbound10.yml	false	ERROR (solver error, after parsing finished)	198.541269331	185.1170005090098	594.083840	cloud-24259	ERROR (solver error, after parsing finished)	130.700030197	118.9436888069904	596.447232	cloud-23938	ERROR (solver error, after parsing finished)	43.436415695	31.38024153400329	562.761728	cloud-23938
nla-digbench-scaling/divbin_unwindbound100.yml	false	ERROR (solver error, after parsing finished)	196.57760027	181.86891444798675	612.986880	cloud-23979	TIMEOUT	990.300328702	974.4713783679763	617.844736	cloud-23933	ERROR (solver error, after parsing finished)	36.79893239	27.048085974995047	565.866496	cloud-23979
nla-digbench-scaling/divbin_unwindbound2.yml	true	ERROR (solver error, after parsing finished)	196.905609755	180.91845188400475	601.354240	cloud-24259	TIMEOUT	990.201202122	979.3825962150004	601.030656	cloud-23980	ERROR (solver error, after parsing finished)	39.581594325	29.477240634994814	568.537088	cloud-23979
nla-digbench-scaling/divbin_unwindbound20.yml	false	ERROR (solver error, after parsing finished)	157.133723516	142.2653656629991	563.032064	cloud-24259	TIMEOUT (ERROR (solver error, after parsing finished))	967.343763128	954.5891746449925	590.921728	cloud-23982	ERROR (solver error, after parsing finished)	35.964193085	27.448825903993566	610.156544	cloud-23980
nla-digbench-scaling/divbin_unwindbound5.yml	true	ERROR (solver error, after parsing finished)	149.901807857	134.5552998750063	607.629312	cloud-23933	ERROR (solver error, after parsing finished)	29.609682284	16.682856990024447	639.479808	cloud-23982	ERROR (solver error, after parsing finished)	47.596655028	35.776870481000515	557.936640	cloud-23982
nla-digbench-scaling/divbin_unwindbound50.yml	false	ERROR (solver error, after parsing finished)	162.446090915	146.39215743500972	552.816640	cloud-24260	ERROR (solver error, after parsing finished)	144.410851105	132.44955583297997	601.915392	cloud-23982	ERROR (solver error, after parsing finished)	39.560832962	29.380368746991735	538.742784	cloud-23979
nla-digbench-scaling/divbin_valuebound1.yml	true	TIMEOUT	990.232802071	975.4922207809868	592.613376	cloud-23942	ERROR (solver error, after parsing finished)	25.867541139	14.21516672099824	591.314944	cloud-23933	TIMEOUT	990.266762978	974.1973396459944	546.095104	cloud-23933
nla-digbench-scaling/divbin_valuebound10.yml	true	TIMEOUT	990.358457391	969.9804831850051	683.053056	cloud-24260	ERROR (solver error, after parsing finished)	36.080567338	25.784612952993484	619.429888	cloud-23933	TIMEOUT	990.328905703	969.4357365809847	675.467264	cloud-23938
nla-digbench-scaling/divbin_valuebound100.yml	true	TIMEOUT	990.205787805	972.656286145997	592.244736	cloud-24259	ERROR (solver error, after parsing finished)	132.633499412	121.99706044301274	588.197888	cloud-23933	ERROR (solver error, after parsing finished)	846.921590842	830.8326730949921	581.169152	cloud-23938
nla-digbench-scaling/divbin_valuebound2.yml	true	TIMEOUT	990.319384938	968.8970160780009	597.786624	cloud-24260	ERROR (solver error, after parsing finished)	106.690657064	96.7649574620009	595.959808	cloud-23979	TIMEOUT (ERROR (solver error, after parsing finished))	922.768351474	908.4446529580164	644.542464	cloud-23982
nla-digbench-scaling/divbin_valuebound20.yml	true	TIMEOUT	990.306769756	972.1274316859781	672.944128	cloud-23979	ERROR (solver error, after parsing finished)	236.450478315	226.96079108898994	556.691456	cloud-23980	TIMEOUT	990.24848211	977.9020883189805	638.812160	cloud-23980
nla-digbench-scaling/divbin_valuebound5.yml	true	TIMEOUT	990.306628137	970.2152169430046	700.768256	cloud-23933	ERROR (solver error, after parsing finished)	182.43859784	173.2960548120027	596.320256	cloud-23933	TIMEOUT	990.268774964	976.3908434440091	652.505088	cloud-23979
nla-digbench-scaling/divbin_valuebound50.yml	true	ERROR (solver error, after parsing finished)	581.767526249	564.2142981430225	687.747072	cloud-23979	ERROR (solver error, after parsing finished)	27.993942748	17.577924098004587	619.581440	cloud-23980	ERROR (solver error, after parsing finished)	604.81049006	592.7896397659788	608.354304	cloud-23933
nla-digbench-scaling/egcd-ll_unwindbound1.yml	false	false(unreach-call)	244.383532722	225.70920228000614	666.279936	cloud-23979	ERROR (solver error, after parsing finished)	482.354321725	469.6145846080035	616.857600	cloud-23980	false(unreach-call)	35.703743235	24.41100860698498	621.600768	cloud-23980
nla-digbench-scaling/egcd-ll_unwindbound10.yml	false	TIMEOUT	990.323215237	968.3522042699915	646.537216	cloud-23979	TIMEOUT	990.292235072	974.3067910659884	675.860480	cloud-23980	TIMEOUT	990.29589313	974.3469372230174	625.729536	cloud-23979
nla-digbench-scaling/egcd-ll_unwindbound100.yml	false	TIMEOUT	990.294033297	968.727541567001	680.943616	cloud-23933	ERROR (solver error, after parsing finished)	317.368393852	306.94824079598766	663.633920	cloud-23933	TIMEOUT	990.296147598	973.7358078869875	611.635200	cloud-23933
nla-digbench-scaling/egcd-ll_unwindbound2.yml	false	ERROR (solver error, after parsing finished)	711.571843393	694.759058701995	658.292736	cloud-24259	ERROR (solver error, after parsing finished)	468.526089111	454.17830657499144	647.139328	cloud-23982	ERROR (solver error, after parsing finished)	474.135848706	462.49503576999996	607.141888	cloud-23980
nla-digbench-scaling/egcd-ll_unwindbound20.yml	false	TIMEOUT	990.26035035	966.9161190089944	592.957440	cloud-24259	ERROR (solver error, after parsing finished)	153.70643491	143.75448393198894	648.892416	cloud-23943	TIMEOUT	990.278700172	974.3778925200168	718.630912	cloud-23938
nla-digbench-scaling/egcd-ll_unwindbound5.yml	false	ERROR (solver error, after parsing finished)	668.060425056	645.9960308689915	622.907392	cloud-24260	TIMEOUT	990.275930214	975.298827104998	667.414528	cloud-23933	ERROR (solver error, after parsing finished)	401.565412344	387.34462839600747	603.254784	cloud-23938
nla-digbench-scaling/egcd-ll_unwindbound50.yml	false	ERROR (solver error, after parsing finished)	561.38907595	542.040353962002	679.178240	cloud-24260	ERROR (solver error, after parsing finished)	90.221019102	76.80164077199879	641.781760	cloud-23938	TIMEOUT	990.291366391	973.8570044549997	574.021632	cloud-23982
nla-digbench-scaling/egcd-ll_valuebound1.yml	true	true	32.315644887	17.34822014599922	640.200704	cloud-24260	true	22.699472311	12.467632870975649	609.615872	cloud-23979	ERROR (solver error, after parsing finished)	282.764903687	269.1463583660079	587.862016	cloud-23982
nla-digbench-scaling/egcd-ll_valuebound10.yml	true	true	56.211033085	35.9127212530002	657.092608	cloud-23933	ERROR (solver error, after parsing finished)	28.513968066	15.97589743300341	667.041792	cloud-23979	true	34.310601238	22.700995502003934	601.415680	cloud-23979
nla-digbench-scaling/egcd-ll_valuebound100.yml	true	true	89.571109186	67.90043174699531	618.962944	cloud-24260	ERROR (solver error, after parsing finished)	58.794872554	45.26119184799609	638.242816	cloud-23982	true	37.094697338	24.039748434996	599.076864	cloud-23938
nla-digbench-scaling/egcd-ll_valuebound2.yml	true	true	32.645998424	17.879169448002358	617.623552	cloud-24259	true	33.963775531	18.38066048998735	639.221760	cloud-23933	true	27.935409252	18.05710714898305	595.988480	cloud-23940
nla-digbench-scaling/egcd-ll_valuebound20.yml	true	true	47.012480349	31.17412761799642	646.799360	cloud-23933	ERROR (solver error, after parsing finished)	25.111584447	14.397667607991025	626.704384	cloud-23942	true	34.950677211	23.030101759999525	578.473984	cloud-23979
nla-digbench-scaling/egcd-ll_valuebound5.yml	true	true	58.528409916	37.80472341700806	627.335168	cloud-24260	ERROR (solver error, after parsing finished)	26.369472096	14.927251376007916	706.056192	cloud-23980	true	35.92185865	25.23380652401829	638.750720	cloud-23980
nla-digbench-scaling/egcd-ll_valuebound50.yml	true	true	58.77990714	42.88271170698863	656.732160	cloud-24261	ERROR (solver error, after parsing finished)	36.177516195	23.899857759010047	630.743040	cloud-23933	true	42.9544275	29.018025390978437	620.425216	cloud-23933
nla-digbench-scaling/egcd2-ll_unwindbound1.yml	false	false(unreach-call)	30.43585516	16.573561732977396	632.000512	cloud-23933	false(unreach-call)	27.44834153	14.944996634993004	651.624448	cloud-23933	false(unreach-call)	25.926956229	14.973712554987287	578.605056	cloud-23979
nla-digbench-scaling/egcd2-ll_unwindbound10.yml	false	TIMEOUT	990.296289056	967.3593398509984	631.042048	cloud-24260	ERROR (server error, after parsing finished)	24.351211971	13.17025310799363	651.436032	cloud-23979	TIMEOUT	990.296495597	974.182265890995	625.651712	cloud-23979
nla-digbench-scaling/egcd2-ll_unwindbound100.yml	false	TIMEOUT	990.244837798	969.9209750790033	634.867712	cloud-24259	ERROR (server error, after parsing finished)	21.24925402	11.814486891991692	660.631552	cloud-23982	TIMEOUT	990.262953421	976.5973332349968	594.202624	cloud-23933
nla-digbench-scaling/egcd2-ll_unwindbound2.yml	false	ERROR (solver error, after parsing finished)	279.679034878	258.73394647598616	715.177984	cloud-24261	ERROR (solver error, after parsing finished)	23.247450526	12.549889061017893	656.506880	cloud-23979	ERROR (solver error, after parsing finished)	117.832001405	107.1155652749876	581.898240	cloud-23980
nla-digbench-scaling/egcd2-ll_unwindbound20.yml	false	TIMEOUT	990.281263967	967.1653907919972	680.615936	cloud-24260	ERROR (server error, after parsing finished)	23.034942247	12.428940725978464	632.356864	cloud-23933	TIMEOUT	990.263290389	974.8966860980145	599.216128	cloud-23933
nla-digbench-scaling/egcd2-ll_unwindbound5.yml	false	TIMEOUT	990.314063165	968.5928650209971	674.676736	cloud-23933	ERROR (server error, after parsing finished)	31.288872344	17.226682597014587	632.496128	cloud-23982	TIMEOUT	990.229040722	978.3262169969967	622.120960	cloud-23980
nla-digbench-scaling/egcd2-ll_unwindbound50.yml	false	TIMEOUT	990.317189012	968.0938308320037	598.175744	cloud-24260	ERROR (server error, after parsing finished)	29.696256139	16.009198242012644	589.987840	cloud-23982	TIMEOUT	990.279094868	974.7822494139837	630.874112	cloud-23980
nla-digbench-scaling/egcd2-ll_valuebound1.yml	true	ERROR (solver error, after parsing finished)	686.458992526	661.624451620999	658.280448	cloud-24260	ERROR (server error, after parsing finished)	27.613868517	14.876506410015281	641.929216	cloud-23933	TIMEOUT	990.336912913	974.2778630559915	746.496000	cloud-23933
nla-digbench-scaling/egcd2-ll_valuebound10.yml	true	ERROR (solver error, after parsing finished)	245.511029902	228.70950999500928	640.638976	cloud-24259	ERROR (server error, after parsing finished)	25.180647401	13.592248394008493	621.211648	cloud-23979	TIMEOUT	990.269048029	975.4948805150052	678.031360	cloud-23982
nla-digbench-scaling/egcd2-ll_valuebound100.yml	true	TIMEOUT	990.274442163	968.830665535992	681.660416	cloud-24261	ERROR (server error, after parsing finished)	27.304792663	14.95772014601971	620.118016	cloud-23938	TIMEOUT	990.317919759	973.5298936439794	714.629120	cloud-23938
nla-digbench-scaling/egcd2-ll_valuebound2.yml	true	TIMEOUT	990.311035642	968.6215114279767	923.734016	cloud-23979	ERROR (server error, after parsing finished)	19.528892736	10.792122799000936	621.424640	cloud-23980	TIMEOUT	990.376731016	973.3899980439746	902.598656	cloud-23938
nla-digbench-scaling/egcd2-ll_valuebound20.yml	true	TIMEOUT	990.27516033	970.6967901700118	686.854144	cloud-23979	ERROR (solver error, after parsing finished)	21.769613924	11.766873621993	658.186240	cloud-23933	TIMEOUT	990.306910456	973.8588598950009	723.501056	cloud-23938
nla-digbench-scaling/egcd2-ll_valuebound5.yml	true	TIMEOUT	990.295977209	965.1211416970182	694.669312	cloud-24259	ERROR (server error, after parsing finished)	24.132910725	13.114819428999908	651.825152	cloud-23980	TIMEOUT	990.293590193	972.8652138149773	729.583616	cloud-23938
nla-digbench-scaling/egcd2-ll_valuebound50.yml	true	TIMEOUT	990.309975154	965.2104838170053	683.859968	cloud-24260	ERROR (server error, after parsing finished)	27.213732606	14.713855530979345	607.297536	cloud-23938	TIMEOUT	990.286541707	973.8913746240141	697.008128	cloud-23933
nla-digbench-scaling/egcd3-ll_unwindbound1.yml	false	false(unreach-call)	23.686579624	13.088801663005142	622.137344	cloud-24261	false(unreach-call)	26.205224965	14.126138237013947	637.665280	cloud-23938	false(unreach-call)	24.214370682	13.24695079898811	630.935552	cloud-23980
nla-digbench-scaling/egcd3-ll_unwindbound10.yml	false	ERROR (solver error, after parsing finished)	144.221399015	125.55520594900008	664.580096	cloud-23979	ERROR (solver error, after parsing finished)	38.457432249	22.321883564000018	605.216768	cloud-23982	ERROR (solver error, after parsing finished)	27.254025787	16.41392885299865	602.165248	cloud-23933
nla-digbench-scaling/egcd3-ll_unwindbound100.yml	false	ERROR (solver error, after parsing finished)	159.857149201	143.7137965169968	646.410240	cloud-23933	ERROR (solver error, after parsing finished)	42.431672108	31.943049287016038	637.124608	cloud-23980	TIMEOUT	990.234013114	975.6654643410002	608.260096	cloud-23982
nla-digbench-scaling/egcd3-ll_unwindbound2.yml	false	false(unreach-call)	32.06959679	17.485806673998013	639.553536	cloud-24260	false(unreach-call)	33.390457701	17.984966757998336	626.069504	cloud-23982	false(unreach-call)	29.347051153	16.344291674002307	590.962688	cloud-23980
nla-digbench-scaling/egcd3-ll_unwindbound20.yml	false	ERROR (solver error, after parsing finished)	180.205128388	160.9140343679901	666.124288	cloud-24260	ERROR (solver error, after parsing finished)	48.498912158	35.3864173089969	626.622464	cloud-23938	ERROR (solver error, after parsing finished)	137.210298186	125.4982880380121	629.456896	cloud-23982
nla-digbench-scaling/egcd3-ll_unwindbound5.yml	false	ERROR (solver error, after parsing finished)	158.777078421	138.0891466049943	628.842496	cloud-24260	ERROR (solver error, after parsing finished)	28.218195718	17.14069271000335	650.043392	cloud-23980	ERROR (solver error, after parsing finished)	119.726320198	109.34681033299421	616.112128	cloud-23933
nla-digbench-scaling/egcd3-ll_unwindbound50.yml	false	ERROR (solver error, after parsing finished)	181.155554021	160.36522608800442	627.449856	cloud-24260	ERROR (solver error, after parsing finished)	49.383145059	35.44330917400657	665.194496	cloud-23982	ERROR (solver error, after parsing finished)	113.797242154	102.59876924799755	615.952384	cloud-23979
nla-digbench-scaling/egcd3-ll_valuebound1.yml	true	TIMEOUT	990.240358682	967.2637948069896	628.080640	cloud-24259	ERROR (solver error, after parsing finished)	30.954541041	18.310144104994833	639.569920	cloud-23938	TIMEOUT	990.225252245	976.9989165709994	551.014400	cloud-23982
nla-digbench-scaling/egcd3-ll_valuebound10.yml	true	TIMEOUT	990.359716274	970.1556615870213	720.478208	cloud-23933	ERROR (solver error, after parsing finished)	25.09964494	14.938335466024	638.644224	cloud-23979	TIMEOUT	990.311117446	973.7462888010195	699.396096	cloud-23938
nla-digbench-scaling/egcd3-ll_valuebound100.yml	true	TIMEOUT	990.316173847	969.3628409400117	698.527744	cloud-23933	ERROR (solver error, after parsing finished)	25.285665433	14.92663292499492	632.586240	cloud-23979	TIMEOUT	990.235794204	975.6760679710133	701.468672	cloud-23982
nla-digbench-scaling/egcd3-ll_valuebound2.yml	true	ERROR (solver error, after parsing finished)	43.590597601	27.14629754499765	643.788800	cloud-23933	ERROR (solver error, after parsing finished)	28.63488498	17.340174438024405	609.021952	cloud-23982	ERROR (solver error, after parsing finished)	24.546546923	13.230710030999035	619.950080	cloud-23938
nla-digbench-scaling/egcd3-ll_valuebound20.yml	true	TIMEOUT	990.297366144	971.1661845829803	733.794304	cloud-23979	ERROR (solver error, after parsing finished)	22.63294731	13.386972824984696	675.491840	cloud-23933	TIMEOUT	990.278195119	975.3137499620207	682.672128	cloud-23938
nla-digbench-scaling/egcd3-ll_valuebound5.yml	true	TIMEOUT	990.322545477	969.4527559479757	719.560704	cloud-23933	ERROR (solver error, after parsing finished)	26.711259837	15.839179561007768	625.713152	cloud-23979	TIMEOUT	990.296824901	974.9138879469829	709.292032	cloud-23979
nla-digbench-scaling/egcd3-ll_valuebound50.yml	true	TIMEOUT	990.310366939	968.608980051009	725.094400	cloud-23979	ERROR (solver error, after parsing finished)	32.50083917	18.960577277000993	632.664064	cloud-23933	TIMEOUT	990.308256354	974.2306812549941	716.337152	cloud-23933
nla-digbench-scaling/fermat1-ll_unwindbound1.yml	false	ERROR (solver error, after parsing finished)	48.647281585	26.794724807987222	695.496704	cloud-24259	ERROR (solver error, after parsing finished)	30.721699296	16.46477446699282	670.068736	cloud-23938	ERROR (solver error, after parsing finished)	28.944239972	15.865394094027579	640.548864	cloud-23938
nla-digbench-scaling/fermat1-ll_unwindbound10.yml	false	ERROR (solver error, after parsing finished)	39.142764588	21.837046980013838	651.980800	cloud-23979	ERROR (solver error, after parsing finished)	27.34955192	14.581241140986094	678.535168	cloud-23938	ERROR (solver error, after parsing finished)	29.344726253	16.27940216200659	734.093312	cloud-23982
nla-digbench-scaling/fermat1-ll_unwindbound100.yml	false	ERROR (solver error, after parsing finished)	40.261933712	22.43232746500871	671.113216	cloud-23979	ERROR (solver error, after parsing finished)	26.010776417	13.981210511003155	602.275840	cloud-23933	ERROR (solver error, after parsing finished)	22.920357552	12.62915563597926	610.578432	cloud-23933
nla-digbench-scaling/fermat1-ll_unwindbound2.yml	false	ERROR (solver error, after parsing finished)	43.377042639	24.0642992950161	677.482496	cloud-24260	ERROR (solver error, after parsing finished)	26.068311985	14.2759259090235	651.186176	cloud-23982	ERROR (solver error, after parsing finished)	28.55805848	15.619092748995172	597.991424	cloud-23938
nla-digbench-scaling/fermat1-ll_unwindbound20.yml	false	ERROR (solver error, after parsing finished)	37.672993137	20.988084096985403	677.154816	cloud-23933	ERROR (solver error, after parsing finished)	24.826287692	13.326301763998345	695.922688	cloud-23982	ERROR (solver error, after parsing finished)	28.642616745	15.57546050401288	606.515200	cloud-23933
nla-digbench-scaling/fermat1-ll_unwindbound5.yml	false	ERROR (solver error, after parsing finished)	39.478769422	22.93922957900213	701.595648	cloud-24259	ERROR (solver error, after parsing finished)	25.026437885	13.482988943986129	660.635648	cloud-23979	ERROR (solver error, after parsing finished)	23.856517975	13.05644937598845	642.682880	cloud-23979
nla-digbench-scaling/fermat1-ll_unwindbound50.yml	false	ERROR (solver error, after parsing finished)	39.533650427	22.201680565980496	688.939008	cloud-23979	ERROR (solver error, after parsing finished)	19.404649854	10.547749357006978	674.037760	cloud-23943	ERROR (solver error, after parsing finished)	26.285524623	14.837047709996114	613.244928	cloud-23980
nla-digbench-scaling/fermat1-ll_valuebound1.yml	true	true	41.586719351	22.513928961008787	705.130496	cloud-23933	ERROR (server error, after parsing finished)	27.078368492	14.552727633999893	725.262336	cloud-23979	true	25.528807588	14.09274141601054	630.910976	cloud-23982
nla-digbench-scaling/fermat1-ll_valuebound10.yml	true	true	42.819457945	23.212745472992538	684.355584	cloud-24259	ERROR (server error, after parsing finished)	23.872482447	12.925688285002252	697.507840	cloud-23979	true	27.042813181	14.542251765000401	624.349184	cloud-23980
nla-digbench-scaling/fermat1-ll_valuebound100.yml	true	true	39.613357528	21.79436950699892	693.342208	cloud-24259	ERROR (server error, after parsing finished)	26.842316549	14.593381373997545	663.179264	cloud-23933	true	25.771795201	14.037534189992584	651.526144	cloud-23979
nla-digbench-scaling/fermat1-ll_valuebound2.yml	true	true	49.69981477	26.820087438973133	643.215360	cloud-24259	ERROR (server error, after parsing finished)	32.019871414	17.23414290099754	693.075968	cloud-23982	true	25.975518674	14.222319296997739	680.669184	cloud-23933
nla-digbench-scaling/fermat1-ll_valuebound20.yml	true	true	41.193850959	22.073714501981158	763.662336	cloud-24259	ERROR (server error, after parsing finished)	29.420124108	15.596895865979604	678.703104	cloud-23938	true	28.353413291	15.52919868499157	612.827136	cloud-23938
nla-digbench-scaling/fermat1-ll_valuebound5.yml	true	true	39.933275672	21.571841344004497	719.945728	cloud-23979	ERROR (server error, after parsing finished)	28.434764856	15.394438399001956	669.548544	cloud-23933	true	27.0411877	14.849869647005107	650.743808	cloud-23979
nla-digbench-scaling/fermat1-ll_valuebound50.yml	true	true	46.125556573	24.805486068013124	696.238080	cloud-24260	ERROR (server error, after parsing finished)	24.693648055	13.251516666001407	664.510464	cloud-23979	true	24.810509521	13.665466125996318	607.145984	cloud-23980
nla-digbench-scaling/fermat2-ll_unwindbound1.yml	false	ERROR (solver error, after parsing finished)	29.44669768	16.812488488008967	673.878016	cloud-24259	ERROR (solver error, after parsing finished)	23.223872347	12.488993114006007	649.515008	cloud-23933	ERROR (solver error, after parsing finished)	23.568162724	12.86276694200933	618.950656	cloud-23933
nla-digbench-scaling/fermat2-ll_unwindbound10.yml	false	ERROR (solver error, after parsing finished)	41.909385383	23.209870072998456	650.596352	cloud-24260	ERROR (solver error, after parsing finished)	21.947816928	11.889520890981657	632.152064	cloud-23979	ERROR (solver error, after parsing finished)	26.190936881	14.414487624017056	584.708096	cloud-23938
nla-digbench-scaling/fermat2-ll_unwindbound100.yml	false	ERROR (solver error, after parsing finished)	42.455757038	23.82856660100515	651.264000	cloud-24259	ERROR (solver error, after parsing finished)	25.835644265	14.112192530999891	620.670976	cloud-23938	ERROR (solver error, after parsing finished)	27.195997047	14.648284796014195	604.397568	cloud-23938
nla-digbench-scaling/fermat2-ll_unwindbound2.yml	false	ERROR (solver error, after parsing finished)	49.33017288	27.740121896989876	610.643968	cloud-24259	ERROR (solver error, after parsing finished)	22.062801916	12.024878580996301	589.049856	cloud-23979	ERROR (solver error, after parsing finished)	24.960266065	13.731494621984893	629.899264	cloud-23938
nla-digbench-scaling/fermat2-ll_unwindbound20.yml	false	ERROR (solver error, after parsing finished)	36.586694148	20.565563152980758	651.620352	cloud-23933	ERROR (solver error, after parsing finished)	21.356176957	11.664045156998327	628.805632	cloud-23980	ERROR (solver error, after parsing finished)	23.609283008	13.166395312000532	551.620608	cloud-23980
nla-digbench-scaling/fermat2-ll_unwindbound5.yml	false	ERROR (solver error, after parsing finished)	42.998716917	24.105523001009715	642.007040	cloud-24260	ERROR (solver error, after parsing finished)	27.597584161	14.989056833990617	598.597632	cloud-23938	ERROR (solver error, after parsing finished)	18.355880314	10.51219739401131	600.621056	cloud-23944
nla-digbench-scaling/fermat2-ll_unwindbound50.yml	false	ERROR (solver error, after parsing finished)	35.964765834	20.18309531698469	670.711808	cloud-23979	ERROR (solver error, after parsing finished)	28.497899328	15.342876303999219	646.881280	cloud-23938	ERROR (solver error, after parsing finished)	20.296416507	11.37072212799103	590.987264	cloud-23939
nla-digbench-scaling/fermat2-ll_valuebound1.yml	true	true	36.509534815	19.775816679990385	699.564032	cloud-23979	ERROR (server error, after parsing finished)	20.967797398	11.305270578013733	641.200128	cloud-23979	true	28.906543803	15.620761692000087	593.076224	cloud-23938
nla-digbench-scaling/fermat2-ll_valuebound10.yml	true	true	37.732883155	20.41522111100494	670.302208	cloud-24261	ERROR (server error, after parsing finished)	23.950592765	12.863166060997173	668.594176	cloud-23979	true	29.728720934	16.191205415001605	628.625408	cloud-23982
nla-digbench-scaling/fermat2-ll_valuebound100.yml	true	true	39.240378863	20.964202875999035	657.223680	cloud-23933	ERROR (server error, after parsing finished)	24.858632118	13.434109258989338	641.896448	cloud-23938	true	30.60433711	16.634960336989025	587.960320	cloud-23938
nla-digbench-scaling/fermat2-ll_valuebound2.yml	true	true	41.106728937	22.492298615979962	650.399744	cloud-24259	ERROR (server error, after parsing finished)	19.912350432	10.723082263022661	658.829312	cloud-23980	true	27.918576342	15.004801506991498	633.815040	cloud-23933
nla-digbench-scaling/fermat2-ll_valuebound20.yml	true	true	38.518681185	20.652768335014116	637.423616	cloud-23933	ERROR (server error, after parsing finished)	26.465033167	14.33654918699176	642.691072	cloud-23980	true	23.836077178	13.163923646992771	672.071680	cloud-23980
nla-digbench-scaling/fermat2-ll_valuebound5.yml	true	true	29.014076567	16.028596819989616	681.324544	cloud-24259	ERROR (server error, after parsing finished)	21.220854794	11.583044019993395	594.481152	cloud-23979	true	27.177351052	14.774726296018343	753.180672	cloud-23933
nla-digbench-scaling/fermat2-ll_valuebound50.yml	true	true	41.46020329	22.26117137799156	666.542080	cloud-23979	ERROR (server error, after parsing finished)	23.771803285	13.171855815016897	592.420864	cloud-23980	true	28.795774284	15.424394959991332	645.201920	cloud-23933
nla-digbench-scaling/freire1_valuebound1.yml	true	TIMEOUT	990.266422637	975.6883619629953	1146.138624	cloud-24261	ERROR (server error, after parsing finished)	162.871373497	153.80380855398835	857.931776	cloud-23933	TIMEOUT	990.363638968	977.5752906470152	1157.550080	cloud-23979
nla-digbench-scaling/freire1_valuebound10.yml	true	TIMEOUT	990.316354803	974.1637466299871	1140.727808	cloud-24259	ERROR (server error, after parsing finished)	164.93783738	157.21065057598753	857.042944	cloud-23980	TIMEOUT	990.420792331	977.2712310439965	1151.299584	cloud-23933
nla-digbench-scaling/freire1_valuebound100.yml	true	TIMEOUT	990.309562857	975.5175005899946	1168.142336	cloud-24261	ERROR (server error, after parsing finished)	215.549172077	205.78042317400104	884.121600	cloud-23982	TIMEOUT	990.328041712	977.457272086991	1182.822400	cloud-23979
nla-digbench-scaling/freire1_valuebound2.yml	true	TIMEOUT	990.337420237	974.3067679480009	1099.751424	cloud-23979	ERROR (server error, after parsing finished)	218.042495499	208.2975164130039	847.994880	cloud-23938	TIMEOUT	990.337571578	974.5835434950131	1117.896704	cloud-23933
nla-digbench-scaling/freire1_valuebound20.yml	true	TIMEOUT	990.318610248	973.8792531520012	1140.236288	cloud-24260	ERROR (server error, after parsing finished)	262.481647202	251.5021739359945	897.560576	cloud-23938	TIMEOUT	990.351244195	976.7298264970013	1123.524608	cloud-23982
nla-digbench-scaling/freire1_valuebound5.yml	true	TIMEOUT	990.38989016	973.948351131985	1157.550080	cloud-23933	ERROR (server error, after parsing finished)	239.91854389	228.30067577798036	890.908672	cloud-23982	TIMEOUT	990.252167498	980.0815368029871	1168.023552	cloud-23982
nla-digbench-scaling/freire1_valuebound50.yml	true	TIMEOUT	990.274602535	976.3484310089843	1193.742336	cloud-24259	ERROR (server error, after parsing finished)	248.432391924	239.4453106049914	870.047744	cloud-23933	TIMEOUT	990.325724976	978.1526195259939	1182.322688	cloud-23982
nla-digbench-scaling/freire2_valuebound1.yml	false	TIMEOUT	990.374376265	972.6097620880173	1090.428928	cloud-24260	ERROR (server error, after parsing finished)	583.537667084	571.6328774989815	910.852096	cloud-23933	TIMEOUT	990.302169432	976.432530436985	1061.416960	cloud-23938
nla-digbench-scaling/freire2_valuebound10.yml	false	TIMEOUT	990.334596769	973.1718560939917	842.801152	cloud-24260	ERROR (server error, after parsing finished)	573.490948482	563.2987228420097	932.466688	cloud-23979	TIMEOUT	990.34034404	977.8247283119999	1001.541632	cloud-23982
nla-digbench-scaling/freire2_valuebound100.yml	false	TIMEOUT	990.344141352	972.405570914998	1192.665088	cloud-24260	ERROR (server error, after parsing finished)	596.926738659	586.978892160987	942.673920	cloud-23980	TIMEOUT	990.318187365	976.8650207930186	1203.519488	cloud-23979
nla-digbench-scaling/freire2_valuebound2.yml	false	TIMEOUT	990.358251866	975.8980016879796	1094.475776	cloud-23979	ERROR (server error, after parsing finished)	616.17668671	603.6881531290128	939.270144	cloud-23938	TIMEOUT	990.29825283	978.6910282780009	1071.136768	cloud-23980
nla-digbench-scaling/freire2_valuebound20.yml	false	TIMEOUT	990.346112515	978.7586940540059	1140.826112	cloud-24259	ERROR (server error, after parsing finished)	718.40870325	705.1911076749966	907.796480	cloud-23938	TIMEOUT	990.406105123	975.3742752970138	1054.756864	cloud-23933
nla-digbench-scaling/freire2_valuebound5.yml	false	TIMEOUT	990.358334379	973.6190393530123	1100.374016	cloud-23979	ERROR (server error, after parsing finished)	652.236921554	641.9687202979985	875.757568	cloud-23933	TIMEOUT	990.358348701	976.8037118240027	1106.472960	cloud-23938
nla-digbench-scaling/freire2_valuebound50.yml	false	TIMEOUT	990.680327491	975.6862528630154	1067.958272	cloud-24259	ERROR (server error, after parsing finished)	503.204704125	492.76687630297965	915.845120	cloud-23979	TIMEOUT	990.345607959	977.0993922439811	1158.311936	cloud-23933
nla-digbench-scaling/geo1-ll2_unwindbound1.yml	true	ERROR (solver error, after parsing finished)	35.667949082	22.6566354999959	556.900352	cloud-24259	ERROR (server error, after parsing finished)	20.660312558	11.429667553980835	544.354304	cloud-23980	true	21.516629141	12.000326342007611	514.338816	cloud-23982
nla-digbench-scaling/geo1-ll_unwindbound1.yml	true	TIMEOUT	990.279183274	972.374811991991	571.789312	cloud-24260	ERROR (solver error, after parsing finished)	23.015374174	12.501865722006187	614.203392	cloud-23982	TIMEOUT	990.274377929	977.5884037860087	562.536448	cloud-23982
nla-digbench-scaling/geo1-ll_unwindbound10.yml	true	TIMEOUT	990.245682508	972.3256296600011	693.317632	cloud-24259	TIMEOUT	990.240397975	978.75063949998	541.511680	cloud-23982	TIMEOUT	990.22882745	979.1071411579906	669.405184	cloud-23980
nla-digbench-scaling/geo1-ll_unwindbound100.yml	true	TIMEOUT	990.284111476	972.0902520880045	619.536384	cloud-23979	TIMEOUT	990.292074777	978.5154225860024	594.366464	cloud-23980	TIMEOUT	990.264051589	977.3579002569895	586.371072	cloud-23982
nla-digbench-scaling/geo1-ll_unwindbound2.yml	true	TIMEOUT	990.260866072	972.8448354830034	608.550912	cloud-24259	ERROR (solver error, after parsing finished)	18.36897668	10.148704819992417	587.407360	cloud-23979	TIMEOUT	990.311526641	974.5912379790097	532.705280	cloud-23938
nla-digbench-scaling/geo1-ll_unwindbound20.yml	true	TIMEOUT	990.218717856	976.2909953369817	642.195456	cloud-23941	TIMEOUT	990.219969536	977.823771994008	594.952192	cloud-23933	TIMEOUT	990.286697475	974.4087966280058	595.132416	cloud-23938
nla-digbench-scaling/geo1-ll_unwindbound5.yml	true	TIMEOUT	990.308679002	972.4390286060079	599.048192	cloud-24260	TIMEOUT	990.276209506	977.6440038639994	585.117696	cloud-23980	TIMEOUT	990.220062375	978.8480749389855	531.427328	cloud-23980
nla-digbench-scaling/geo1-ll_unwindbound50.yml	true	ERROR (solver error, after parsing finished)	350.716676382	333.60530878299323	603.557888	cloud-24259	TIMEOUT	990.220833925	977.716120246012	596.221952	cloud-23940	ERROR (solver error, after parsing finished)	110.51358044	99.60797851500683	519.012352	cloud-23938
nla-digbench-scaling/geo1-ll_valuebound1.yml	true	true	27.098435309	15.299816856975667	551.714816	cloud-23933	ERROR (server error, after parsing finished)	21.564908163	11.758585286996095	591.216640	cloud-23980	true	21.243911939	11.478356301988242	518.004736	cloud-23982
nla-digbench-scaling/geo1-ll_valuebound10.yml	true	true	28.925491051	15.668158037995454	564.654080	cloud-23979	ERROR (server error, after parsing finished)	21.979258708	12.08029089999036	581.996544	cloud-23982	true	19.453429493	10.656303903990192	569.683968	cloud-23980
nla-digbench-scaling/geo1-ll_valuebound100.yml	true	TIMEOUT	990.301593486	972.223247397982	680.194048	cloud-23933	ERROR (solver error, after parsing finished)	105.852993831	96.3451574910141	590.614528	cloud-23933	TIMEOUT	990.259034779	974.5212031640112	623.558656	cloud-23938
nla-digbench-scaling/geo1-ll_valuebound2.yml	true	true	37.92333926	20.897079204994952	564.809728	cloud-24260	ERROR (server error, after parsing finished)	26.685320511	14.778605150990188	579.883008	cloud-23982	true	19.70734082	10.788596633006819	565.960704	cloud-23939
nla-digbench-scaling/geo1-ll_valuebound20.yml	true	TIMEOUT	990.250508275	969.984100665024	702.689280	cloud-24259	ERROR (solver error, after parsing finished)	127.450542366	115.85400649299845	556.937216	cloud-23982	TIMEOUT	990.22584931	976.5886155109911	734.687232	cloud-23982
nla-digbench-scaling/geo1-ll_valuebound5.yml	true	true	28.959952447	15.588015390007058	649.203712	cloud-23979	ERROR (server error, after parsing finished)	23.8554579	12.8806031679851	598.142976	cloud-23982	true	22.976502901	12.549116532987682	518.160384	cloud-23980
nla-digbench-scaling/geo1-ll_valuebound50.yml	true	TIMEOUT	990.296123037	972.4943644519954	604.495872	cloud-23979	ERROR (solver error, after parsing finished)	113.046208083	105.70295650698245	599.408640	cloud-23982	TIMEOUT	990.227795462	976.034826017014	570.699776	cloud-23938
nla-digbench-scaling/geo1-u_unwindbound1.yml	false	TIMEOUT	990.28186733	972.4095972480136	608.174080	cloud-24260	TIMEOUT	990.225193323	978.3451975380012	599.375872	cloud-23980	TIMEOUT	990.244223142	980.2710656159907	624.881664	cloud-23980
nla-digbench-scaling/geo1-u_unwindbound10.yml	false	TIMEOUT	990.280895763	973.7767152550223	577.462272	cloud-23979	TIMEOUT	990.275143542	978.3990778359876	568.430592	cloud-23982	TIMEOUT	990.270398253	977.136354590999	562.376704	cloud-23982
nla-digbench-scaling/geo1-u_unwindbound100.yml	false	TIMEOUT	990.304458575	973.3331492900033	1185.693696	cloud-24259	TIMEOUT	990.282584583	976.9298884519958	557.608960	cloud-23938	TIMEOUT	990.393442133	975.535777557001	1160.347648	cloud-23938
nla-digbench-scaling/geo1-u_unwindbound2.yml	false	TIMEOUT	990.256305721	977.4972778719966	622.899200	cloud-24259	ERROR (solver error, after parsing finished)	389.425473052	377.368225815997	584.474624	cloud-23933	TIMEOUT	990.2262268	978.3191036520002	698.015744	cloud-23982
nla-digbench-scaling/geo1-u_unwindbound20.yml	false	TIMEOUT	990.292795044	972.9023665410059	604.831744	cloud-24260	TIMEOUT	990.221871173	977.7330646259943	539.901952	cloud-23980	TIMEOUT	990.208561528	978.1006251500221	591.499264	cloud-23982
nla-digbench-scaling/geo1-u_unwindbound5.yml	false	TIMEOUT	990.288108475	972.917932818993	605.495296	cloud-23933	TIMEOUT	990.22766478	979.7389344080002	541.986816	cloud-23980	TIMEOUT	990.299927996	977.4638509269862	550.428672	cloud-23982
nla-digbench-scaling/geo1-u_unwindbound50.yml	false	TIMEOUT	990.275456936	975.6180738529947	589.565952	cloud-23979	TIMEOUT	990.261437398	976.3581366649887	542.224384	cloud-23938	TIMEOUT	990.242604094	978.3711584400153	556.134400	cloud-23980
nla-digbench-scaling/geo1-u_valuebound1.yml	false	false(unreach-call)	24.761400457	13.482771016017068	571.994112	cloud-23979	false(unreach-call)	21.617960471	11.982615407003323	596.799488	cloud-23980	false(unreach-call)	24.852756517	13.713898916001199	528.691200	cloud-23938
nla-digbench-scaling/geo1-u_valuebound10.yml	false	false(unreach-call)	23.581004437	12.814099905022886	613.351424	cloud-23979	false(unreach-call)	21.273057471	11.599280851980438	598.638592	cloud-23979	false(unreach-call)	21.875712623	12.20499796202057	563.081216	cloud-23979
nla-digbench-scaling/geo1-u_valuebound100.yml	false	false(unreach-call)	162.231974879	147.93273316998966	620.208128	cloud-23933	ERROR (solver error, after parsing finished)	850.784534055	838.289136802021	564.690944	cloud-23938	false(unreach-call)	57.002143871	43.08989086301881	538.980352	cloud-23982
nla-digbench-scaling/geo1-u_valuebound2.yml	false	false(unreach-call)	22.931862701	12.631929315975867	549.691392	cloud-23979	false(unreach-call)	22.122907774	11.987570088997018	609.599488	cloud-23933	false(unreach-call)	24.014930433	13.333345043996815	563.748864	cloud-23933
nla-digbench-scaling/geo1-u_valuebound20.yml	false	false(unreach-call)	137.268062358	122.27530961300363	620.810240	cloud-23933	ERROR (solver error, after parsing finished)	24.914723084	14.48793133799336	587.374592	cloud-23938	false(unreach-call)	27.521914515	16.673671671014745	516.034560	cloud-23933
nla-digbench-scaling/geo1-u_valuebound5.yml	false	false(unreach-call)	26.281866626	14.385713720985223	605.147136	cloud-24259	false(unreach-call)	21.874066095	12.194833769986872	606.130176	cloud-23982	false(unreach-call)	28.297463338	15.499840489996132	529.510400	cloud-23938
nla-digbench-scaling/geo1-u_valuebound50.yml	false	false(unreach-call)	137.913843052	123.20210006998968	560.979968	cloud-23933	ERROR (solver error, after parsing finished)	469.703121405	456.11846841999795	589.803520	cloud-23938	false(unreach-call)	24.386307299	14.008677020989126	567.971840	cloud-23980
nla-digbench-scaling/geo2-ll2_unwindbound1.yml	true	true	26.605460507	14.612014447004185	560.128000	cloud-24260	true	20.942380229	11.456448857003124	551.448576	cloud-23980	true	25.001568638	13.463581700023497	576.032768	cloud-23933
nla-digbench-scaling/geo2-ll_unwindbound1.yml	true	TIMEOUT	990.306198338	971.7715270589979	594.489344	cloud-24260	TIMEOUT	990.270307852	978.8585380739823	586.936320	cloud-23982	TIMEOUT	990.269597047	975.7978243739926	550.539264	cloud-23982
nla-digbench-scaling/geo2-ll_unwindbound10.yml	true	TIMEOUT	990.312571688	972.7322358069941	647.880704	cloud-23979	ERROR (solver error, after parsing finished)	175.402166641	165.71726955199847	577.970176	cloud-23980	TIMEOUT	990.214206624	978.9286233670136	590.118912	cloud-23982
nla-digbench-scaling/geo2-ll_unwindbound100.yml	true	TIMEOUT	990.309270227	973.6541379909904	599.056384	cloud-23933	TIMEOUT	990.269476209	976.6222730629961	537.108480	cloud-23938	TIMEOUT	990.249513988	978.0375075429911	590.184448	cloud-23979
nla-digbench-scaling/geo2-ll_unwindbound2.yml	true	ERROR (solver error, after parsing finished)	688.874038336	673.6693177980196	534.265856	cloud-23933	TIMEOUT	990.307505982	977.5867889740039	532.455424	cloud-23982	ERROR (solver error, after parsing finished)	391.142487984	380.723262968997	506.327040	cloud-23933
nla-digbench-scaling/geo2-ll_unwindbound20.yml	true	TIMEOUT	990.257279958	972.9430665679974	584.744960	cloud-24260	TIMEOUT	990.27258869	975.2146211960062	580.214784	cloud-23938	TIMEOUT	990.316870899	976.2832888519915	604.426240	cloud-23933
nla-digbench-scaling/geo2-ll_unwindbound5.yml	true	TIMEOUT	990.238567044	974.0731195690169	599.797760	cloud-24259	TIMEOUT	990.199728011	978.7614237329981	538.791936	cloud-23980	TIMEOUT	990.28721188	977.0056002150232	541.532160	cloud-23982
nla-digbench-scaling/geo2-ll_unwindbound50.yml	true	TIMEOUT	990.225045483	972.9510556870082	556.072960	cloud-24259	TIMEOUT	990.250244297	978.4959628270008	578.125824	cloud-23979	TIMEOUT	990.278319492	976.229333936004	508.780544	cloud-23938
nla-digbench-scaling/geo2-ll_valuebound1.yml	true	true	25.060439544	13.837390025000786	584.851456	cloud-23933	true	19.950681681	11.006443496997235	608.366592	cloud-23979	true	18.376861277	10.132325226993999	569.282560	cloud-23980
nla-digbench-scaling/geo2-ll_valuebound10.yml	true	true	26.498214953	14.381938268998056	583.135232	cloud-24260	true	24.088713484	13.10938874297426	578.277376	cloud-23938	true	18.667935871	10.197536865976872	596.484096	cloud-23933
nla-digbench-scaling/geo2-ll_valuebound100.yml	true	TIMEOUT	990.291138548	972.9444864469988	618.012672	cloud-23933	ERROR (solver error, after parsing finished)	21.03103601	12.663986254978226	568.516608	cloud-23942	TIMEOUT	990.251360138	975.3268322889926	570.707968	cloud-23933
nla-digbench-scaling/geo2-ll_valuebound2.yml	true	true	26.775603908	14.630560952995438	611.905536	cloud-23933	true	22.623099268	12.243040417000884	605.900800	cloud-23980	true	21.750689807	11.878539336001268	548.171776	cloud-23933
nla-digbench-scaling/geo2-ll_valuebound20.yml	true	ERROR (solver error, after parsing finished)	293.447792355	281.71457685899804	663.973888	cloud-24259	TIMEOUT	990.30825983	976.2908378230059	875.945984	cloud-23979	ERROR (solver error, after parsing finished)	217.606237304	206.09254425700055	524.562432	cloud-23982
nla-digbench-scaling/geo2-ll_valuebound5.yml	true	true	23.746807394	12.931905520992586	571.281408	cloud-23933	true	23.788897976	13.186425816005794	611.225600	cloud-23938	true	18.264644178	10.114218563016038	570.814464	cloud-23982
nla-digbench-scaling/geo2-ll_valuebound50.yml	true	TIMEOUT	990.228027889	972.9861578919954	658.448384	cloud-24259	ERROR (solver error, after parsing finished)	24.660191549	14.411655029980466	577.744896	cloud-23933	TIMEOUT	990.251145253	976.2384161390073	630.456320	cloud-23933
nla-digbench-scaling/geo3-ll_unwindbound1.yml	true	TIMEOUT	990.294797764	972.6273092289921	561.967104	cloud-24260	ERROR (solver error, after parsing finished)	625.596929105	613.6553992599947	592.408576	cloud-23933	TIMEOUT	990.26998363	975.1794405379915	556.924928	cloud-23933
nla-digbench-scaling/geo3-ll_unwindbound10.yml	true	TIMEOUT	990.271174776	971.7080807520106	586.813440	cloud-24260	ERROR (solver error, after parsing finished)	588.403448796	577.3651810390002	574.382080	cloud-23979	TIMEOUT	990.286512962	975.9195695770031	509.149184	cloud-23979
nla-digbench-scaling/geo3-ll_unwindbound100.yml	true	ERROR (solver error, after parsing finished)	766.285021926	750.5428903519933	570.454016	cloud-23979	ERROR (solver error, after parsing finished)	541.951282116	531.0028436619905	591.429632	cloud-23933	ERROR (solver error, after parsing finished)	777.615269658	766.005910568987	507.342848	cloud-23938
nla-digbench-scaling/geo3-ll_unwindbound2.yml	true	TIMEOUT (ERROR (solver error, after parsing finished))	923.679118824	905.8792543320014	578.490368	cloud-24260	ERROR (solver error, after parsing finished)	514.241473527	504.98472474198206	584.794112	cloud-23942	ERROR (solver error, after parsing finished)	819.541298073	808.1172748200188	542.142464	cloud-23982
nla-digbench-scaling/geo3-ll_unwindbound20.yml	true	TIMEOUT	990.228853872	975.2307438850112	598.151168	cloud-24259	ERROR (solver error, after parsing finished)	758.170583613	745.7765046900022	577.531904	cloud-23938	TIMEOUT	990.262663721	977.9402142019826	534.183936	cloud-23979
nla-digbench-scaling/geo3-ll_unwindbound5.yml	true	TIMEOUT	990.263577545	973.2499439339736	540.684288	cloud-23933	ERROR (solver error, after parsing finished)	564.437625455	554.3059238319984	548.204544	cloud-23979	TIMEOUT	990.222845174	978.9020800720027	509.317120	cloud-23943
nla-digbench-scaling/geo3-ll_unwindbound50.yml	true	ERROR (solver error, after parsing finished)	887.311982789	875.2489745619969	584.364032	cloud-24261	ERROR (solver error, after parsing finished)	685.424102092	674.5347469039843	563.118080	cloud-23982	ERROR (solver error, after parsing finished)	611.715346016	600.9134680040006	543.727616	cloud-23933
nla-digbench-scaling/geo3-ll_valuebound1.yml	true	true	32.973236618	18.409815660008462	626.057216	cloud-24260	ERROR (server error, after parsing finished)	24.056222056	13.02188820700394	602.906624	cloud-23982	true	24.96190587	13.910939930996392	556.027904	cloud-23938
nla-digbench-scaling/geo3-ll_valuebound10.yml	true	true	34.942013947	19.26445285900263	589.275136	cloud-23979	ERROR (server error, after parsing finished)	22.539809513	12.281232403998729	591.577088	cloud-23933	true	23.169352178	12.954792175994953	557.027328	cloud-23982
nla-digbench-scaling/geo3-ll_valuebound100.yml	true	TIMEOUT	990.315034688	971.4919388720009	628.932608	cloud-23979	ERROR (server error, after parsing finished)	39.711067719	30.478637897002045	596.668416	cloud-23979	TIMEOUT	990.301868072	975.5673296210007	625.315840	cloud-23982
nla-digbench-scaling/geo3-ll_valuebound2.yml	true	true	34.812694154	18.877855864004232	545.398784	cloud-24260	ERROR (server error, after parsing finished)	23.491602496	12.669839470996521	540.930048	cloud-23938	true	21.659577691	11.90441699398798	560.443392	cloud-23933
nla-digbench-scaling/geo3-ll_valuebound20.yml	true	TIMEOUT	990.425106983	975.2616816909867	3717.541888	cloud-23941	ERROR (solver error, after parsing finished)	20.108965882	11.302656790008768	582.529024	cloud-23938	TIMEOUT	990.591901155	976.7161242929869	3567.882240	cloud-23979
nla-digbench-scaling/geo3-ll_valuebound5.yml	true	true	28.524768821	15.359043111995561	599.367680	cloud-24259	ERROR (server error, after parsing finished)	21.922061456	12.105243819998577	554.729472	cloud-23982	true	20.972742747	11.667998378019547	562.593792	cloud-23982
nla-digbench-scaling/geo3-ll_valuebound50.yml	true	TIMEOUT	990.304537224	971.2602786599891	637.722624	cloud-24260	ERROR (server error, after parsing finished)	129.627945431	120.78143851898494	598.859776	cloud-23980	TIMEOUT	990.267920497	974.803342159983	612.257792	cloud-23938
nla-digbench-scaling/hard-ll_unwindbound1.yml	false	false(unreach-call)	26.551890811	14.237549874000251	609.570816	cloud-24260	false(unreach-call)	30.408861488	16.324770954990527	599.773184	cloud-23982	false(unreach-call)	33.686782054	22.59289246602566	566.706176	cloud-23979
nla-digbench-scaling/hard-ll_unwindbound10.yml	false	TIMEOUT	990.314594723	970.8395794620155	653.615104	cloud-24259	ERROR (verification stuck, after parsing finished)	30.914940736	16.43590435999795	642.453504	cloud-23982	TIMEOUT	990.291327684	974.5018596659938	690.638848	cloud-23933
nla-digbench-scaling/hard-ll_unwindbound100.yml	false	ERROR (solver error, after parsing finished)	195.284958515	171.8719543430052	583.536640	cloud-24259	ERROR (verification stuck, after parsing finished)	24.345735827	13.2186654380057	621.875200	cloud-23979	ERROR (solver error, after parsing finished)	141.485565306	129.37907387400628	605.687808	cloud-23938
nla-digbench-scaling/hard-ll_unwindbound2.yml	false	false(unreach-call)	29.38193994	16.01676393201342	641.269760	cloud-23933	false(unreach-call)	25.819826065	14.193274705001386	591.446016	cloud-23938	false(unreach-call)	106.759859854	96.33917267399374	542.765056	cloud-23943
nla-digbench-scaling/hard-ll_unwindbound20.yml	false	ERROR (solver error, after parsing finished)	168.393313273	149.06456272900687	675.766272	cloud-24260	ERROR (verification stuck, after parsing finished)	31.421041246	17.200669621000998	598.384640	cloud-23982	ERROR (solver error, after parsing finished)	148.059116911	136.52861768202274	590.741504	cloud-23980
nla-digbench-scaling/hard-ll_unwindbound5.yml	false	ERROR (solver error, after parsing finished)	91.397190222	74.52692371199373	671.457280	cloud-23933	ERROR (verification stuck, after parsing finished)	20.042594382	11.043019359989557	592.617472	cloud-23980	ERROR (solver error, after parsing finished)	65.440157776	55.536105679988395	643.014656	cloud-23933
nla-digbench-scaling/hard-ll_unwindbound50.yml	false	TIMEOUT	990.332461153	964.8854867820046	713.392128	cloud-24260	ERROR (verification stuck, after parsing finished)	30.483603927	16.3395293589856	629.473280	cloud-23938	TIMEOUT	990.274076072	974.9064364910009	693.030912	cloud-23938
nla-digbench-scaling/hard-ll_valuebound1.yml	true	TIMEOUT	990.296915867	976.146788921993	777.854976	cloud-24259	ERROR (server error, after parsing finished)	22.535723618	12.208201789995655	647.458816	cloud-23979	TIMEOUT	990.287129413	975.0347667270107	670.396416	cloud-23979
nla-digbench-scaling/hard-ll_valuebound10.yml	true	TIMEOUT	990.311435814	971.1729031779978	785.956864	cloud-23933	ERROR (server error, after parsing finished)	21.274030874	11.622720555984415	585.068544	cloud-23979	TIMEOUT	990.245104875	975.8817765759886	680.005632	cloud-23982
nla-digbench-scaling/hard-ll_valuebound100.yml	true	TIMEOUT	990.309396166	967.2877780960116	765.157376	cloud-23979	ERROR (server error, after parsing finished)	24.376179037	13.113356705987826	628.776960	cloud-23938	TIMEOUT	990.29455961	975.3423708319897	654.123008	cloud-23933
nla-digbench-scaling/hard-ll_valuebound2.yml	true	TIMEOUT	990.295341389	969.0452773589932	636.678144	cloud-24260	ERROR (server error, after parsing finished)	26.729810561	14.712445470009698	612.188160	cloud-23982	TIMEOUT	990.298616679	975.5116084010224	693.301248	cloud-23938
nla-digbench-scaling/hard-ll_valuebound20.yml	true	TIMEOUT	990.348738779	966.334425189998	631.566336	cloud-23933	ERROR (server error, after parsing finished)	30.507435576	16.60421586901066	548.126720	cloud-23982	TIMEOUT	990.23495405	975.6439206060022	630.394880	cloud-23982
nla-digbench-scaling/hard-ll_valuebound5.yml	true	TIMEOUT	990.291281797	969.6558104909927	656.228352	cloud-24260	ERROR (server error, after parsing finished)	23.500356123	12.77995324897347	543.158272	cloud-23982	TIMEOUT	990.242074278	974.9490418659989	657.616896	cloud-23982
nla-digbench-scaling/hard-ll_valuebound50.yml	true	ERROR (solver error, after parsing finished)	400.470833747	379.26869281500694	646.467584	cloud-24260	ERROR (server error, after parsing finished)	21.075843237	11.49297548100003	595.546112	cloud-23979	TIMEOUT	990.247537478	977.5672599629906	619.716608	cloud-23980
nla-digbench-scaling/hard-u_unwindbound1.yml	false	TIMEOUT	990.317372945	970.1010011869948	746.573824	cloud-24260	ERROR (solver error, after parsing finished)	65.585829662	56.87098377500661	579.772416	cloud-23933	TIMEOUT	990.293057883	975.5069515380019	700.162048	cloud-23933
nla-digbench-scaling/hard-u_unwindbound10.yml	false	TIMEOUT	990.344986035	971.7117198740016	845.086720	cloud-23979	ERROR (solver error, after parsing finished)	43.844533384	33.38569327798905	539.054080	cloud-23982	TIMEOUT	990.313715401	977.4557906059781	850.505728	cloud-23982
nla-digbench-scaling/hard-u_unwindbound100.yml	false	TIMEOUT	990.368499006	969.5786277550069	733.618176	cloud-24260	TIMEOUT	990.290262094	975.6574444900034	592.220160	cloud-23979	TIMEOUT	990.198344046	979.5999889179948	719.405056	cloud-23982
nla-digbench-scaling/hard-u_unwindbound2.yml	false	TIMEOUT	990.351287435	970.4700503119966	944.095232	cloud-24260	ERROR (solver error, after parsing finished)	121.648764139	111.64692600502167	581.013504	cloud-23933	TIMEOUT	990.238253573	978.9357586510014	972.263424	cloud-23980
nla-digbench-scaling/hard-u_unwindbound20.yml	false	TIMEOUT	990.273917104	973.2892065860215	730.329088	cloud-23979	TIMEOUT	990.249365217	976.0189727150137	599.023616	cloud-23938	TIMEOUT	990.300202009	976.5484016769915	794.181632	cloud-23979
nla-digbench-scaling/hard-u_unwindbound5.yml	false	TIMEOUT	990.322567229	973.0269151490065	803.540992	cloud-23979	ERROR (solver error, after parsing finished)	54.507206952	44.49677740401239	581.091328	cloud-23938	TIMEOUT	990.273894149	975.5899834759766	759.173120	cloud-23933
nla-digbench-scaling/hard-u_unwindbound50.yml	false	TIMEOUT	990.293182798	971.9133440210135	692.424704	cloud-24259	ERROR (solver error, after parsing finished)	130.541343307	119.93806555401534	595.255296	cloud-23933	TIMEOUT	990.301801114	977.2749391770049	735.588352	cloud-23933
nla-digbench-scaling/hard-u_valuebound1.yml	true	true	35.683466508	21.446476583980257	641.556480	cloud-24260	true	33.021537183	19.672031550988322	593.944576	cloud-23982	TIMEOUT	990.268647988	976.6488137619745	681.721856	cloud-23979
nla-digbench-scaling/hard-u_valuebound10.yml	true	TIMEOUT	990.227851348	971.5991161080019	592.920576	cloud-24259	ERROR (solver error, after parsing finished)	19.295780075	10.766510590008693	605.757440	cloud-23980	TIMEOUT (ERROR (solver error, after parsing finished))	937.534369142	926.5527857329871	570.216448	cloud-23980
nla-digbench-scaling/hard-u_valuebound100.yml	true	TIMEOUT	990.304227342	971.4547218889929	689.623040	cloud-24259	TIMEOUT	990.251983313	976.6637636020023	593.539072	cloud-23933	TIMEOUT	990.304991341	977.4421667509887	734.875648	cloud-23980
nla-digbench-scaling/hard-u_valuebound2.yml	true	TIMEOUT	990.353205677	970.2988397970039	968.593408	cloud-24259	ERROR (solver error, after parsing finished)	175.176656668	165.10618276899913	604.852224	cloud-23933	TIMEOUT	990.304481168	976.8855559770018	1022.922752	cloud-23933
nla-digbench-scaling/hard-u_valuebound20.yml	true	TIMEOUT	990.314850322	970.8520247590204	810.078208	cloud-23979	ERROR (server error, after parsing finished)	25.72939281	14.522099686000729	555.352064	cloud-23980	TIMEOUT	990.294062059	976.6094995070016	747.745280	cloud-23933
nla-digbench-scaling/hard-u_valuebound5.yml	true	TIMEOUT	990.34816621	971.7100098390074	969.105408	cloud-23933	ERROR (solver error, after parsing finished)	57.334588677	46.89044561999617	577.499136	cloud-23980	TIMEOUT	990.271582534	976.1570127170125	934.948864	cloud-23982
nla-digbench-scaling/hard-u_valuebound50.yml	true	TIMEOUT	990.365342909	971.2610877679836	1563.107328	cloud-23979	ERROR (server error, after parsing finished)	21.26357394	11.951635796984192	594.931712	cloud-23933	TIMEOUT	990.398897722	976.6659415079921	1570.525184	cloud-23979
nla-digbench-scaling/hard2_unwindbound1.yml	false	false(unreach-call)	27.152005573	14.58954885500134	605.413376	cloud-23933	false(unreach-call)	25.435941262	13.943567512003938	576.245760	cloud-23938	false(unreach-call)	25.536082082	15.05816850301926	531.505152	cloud-23940
nla-digbench-scaling/hard2_unwindbound10.yml	false	TIMEOUT	990.337124706	966.6128606739803	676.352000	cloud-23933	ERROR (solver error, after parsing finished)	50.576643568	34.7145511090057	662.814720	cloud-23933	TIMEOUT	990.246795668	974.9823930889834	593.227776	cloud-23982
nla-digbench-scaling/hard2_unwindbound2.yml	false	false(unreach-call)	25.417940764	14.070263908011839	600.236032	cloud-23933	false(unreach-call)	27.254232666	14.632037552975817	607.498240	cloud-23933	false(unreach-call)	503.462429215	489.5981671170157	570.310656	cloud-23938
nla-digbench-scaling/hard2_unwindbound5.yml	false	false(unreach-call)	34.809101312	20.333785735012498	671.375360	cloud-23933	false(unreach-call)	34.626719005	18.93574536201777	642.158592	cloud-23980	false(unreach-call)	889.91275633	873.7167910790013	681.611264	cloud-23938
nla-digbench-scaling/hard2_valuebound1.yml	true	true	28.68970823	15.711440971994307	640.229376	cloud-23933	true	24.880051155	13.399819357000524	640.729088	cloud-23979	TIMEOUT	990.287151453	975.5722432449984	620.101632	cloud-23979
nla-digbench-scaling/hard2_valuebound10.yml	true	true	30.033039076	16.02405939300661	569.229312	cloud-24260	true	26.971669614	14.551136607973604	600.068096	cloud-23979	TIMEOUT	990.295080643	975.1404661300185	644.812800	cloud-23979
nla-digbench-scaling/hard2_valuebound100.yml	true	true	39.512850158	21.41469891599263	647.675904	cloud-24259	true	25.863720835	14.024898495990783	624.726016	cloud-23979	TIMEOUT (ERROR (solver error, after parsing finished))	928.808272885	914.3103455329838	813.416448	cloud-23933
nla-digbench-scaling/hard2_valuebound2.yml	true	true	30.208173165	16.410948967008153	615.866368	cloud-24260	true	33.062401875	18.291411390993744	588.976128	cloud-23982	TIMEOUT	990.221406353	977.9913310219999	919.478272	cloud-23980
nla-digbench-scaling/hard2_valuebound20.yml	true	true	35.017432008	19.40446467002039	651.976704	cloud-24259	true	26.136450196	14.266639740992105	645.619712	cloud-23982	TIMEOUT	990.211662824	976.7259894750023	628.539392	cloud-23982
nla-digbench-scaling/hard2_valuebound5.yml	true	true	27.18026163	14.903196983010275	639.213568	cloud-23933	true	31.345547101	17.261618257005466	591.900672	cloud-23982	TIMEOUT	990.350414303	975.0084421260108	885.837824	cloud-23979
nla-digbench-scaling/hard2_valuebound50.yml	true	true	26.390166188	14.414218502992298	651.350016	cloud-23979	true	22.62049496	12.356257175997598	661.172224	cloud-23980	TIMEOUT	990.259168252	974.804487839021	611.336192	cloud-23938
nla-digbench-scaling/knuth_unwindbound1.yml	true	TIMEOUT	990.356303743	974.3224265089957	1314.021376	cloud-23933	TIMEOUT	990.404878221	975.0997712220124	1137.844224	cloud-23938	TIMEOUT	990.338074803	977.0804841269855	1015.984128	cloud-23938
nla-digbench-scaling/knuth_unwindbound10.yml	true	TIMEOUT	990.349470855	973.6495883089956	1188.974592	cloud-24260	TIMEOUT	990.279959662	980.0482843699865	1146.736640	cloud-23980	TIMEOUT	990.317418341	978.0960095490154	1023.111168	cloud-23980
nla-digbench-scaling/knuth_unwindbound100.yml	true	TIMEOUT	990.346614625	973.8678239969886	1167.540224	cloud-23979	TIMEOUT	990.321541413	976.2132842639985	1132.998656	cloud-23938	TIMEOUT	990.296951741	980.1145560160221	1023.578112	cloud-23982
nla-digbench-scaling/knuth_unwindbound2.yml	true	TIMEOUT	990.364096675	974.142553949001	1409.335296	cloud-23933	TIMEOUT	990.316729878	977.4751225759974	1115.250688	cloud-23979	TIMEOUT	990.309463943	977.1755997549917	1045.934080	cloud-23933
nla-digbench-scaling/knuth_unwindbound20.yml	true	TIMEOUT	990.359359052	973.8587316589837	1218.392064	cloud-23933	TIMEOUT	990.324095244	978.525736095995	1122.652160	cloud-23982	TIMEOUT	990.226033442	980.0636488019954	983.015424	cloud-23982
nla-digbench-scaling/knuth_unwindbound5.yml	true	TIMEOUT	990.385693721	973.8890808990109	1135.878144	cloud-23979	TIMEOUT	990.3431867	976.9824877349893	1139.884032	cloud-23938	TIMEOUT	990.32829354	975.7247462959785	1020.387328	cloud-23938
nla-digbench-scaling/knuth_unwindbound50.yml	true	TIMEOUT	990.2382178	977.1053170849918	1170.108416	cloud-24259	TIMEOUT	990.310626176	979.0534970340086	1137.229824	cloud-23979	TIMEOUT	990.349684798	976.4779960430169	1012.875264	cloud-23938
nla-digbench-scaling/knuth_valuebound1.yml	true	true	25.153628841	15.981825015012873	1124.175872	cloud-24259	true	25.255734097	15.43025081299129	1119.227904	cloud-23980	ERROR (server error, after parsing finished)	23.843749642	14.589641903003212	943.034368	cloud-23938
nla-digbench-scaling/knuth_valuebound10.yml	true	TIMEOUT	990.37374018	973.3464673379931	1152.368640	cloud-24260	TIMEOUT	990.344367977	976.9569306510093	1169.985536	cloud-23979	TIMEOUT	990.346110661	977.2066720830044	1050.316800	cloud-23933
nla-digbench-scaling/knuth_valuebound100.yml	true	TIMEOUT	990.270517713	976.6987398219935	1164.328960	cloud-23943	TIMEOUT	990.292896195	978.9290186069848	1169.985536	cloud-23942	TIMEOUT	990.246266125	977.9579778650077	1035.751424	cloud-23982
nla-digbench-scaling/knuth_valuebound2.yml	true	true	25.396586576	15.558594219008228	1122.803712	cloud-23979	true	31.343974058	19.892748976999428	1081.470976	cloud-23938	ERROR (server error, after parsing finished)	21.947570303	13.29380992098595	965.570560	cloud-23979
nla-digbench-scaling/knuth_valuebound20.yml	true	TIMEOUT	990.388233358	974.6057261759997	1195.196416	cloud-23979	TIMEOUT	990.320061126	979.8998725829879	1157.849088	cloud-23980	TIMEOUT	990.31879866	977.1131766499893	1024.405504	cloud-23938
nla-digbench-scaling/knuth_valuebound5.yml	true	TIMEOUT	990.336851346	972.6043744159979	1223.602176	cloud-24260	TIMEOUT	990.309820661	976.3550474010117	1157.316608	cloud-23933	TIMEOUT	990.365207234	976.7345017620246	1066.614784	cloud-23938
nla-digbench-scaling/knuth_valuebound50.yml	true	TIMEOUT	990.349780719	973.8572745219863	1191.694336	cloud-23933	TIMEOUT	990.388111028	976.3950647649763	1323.847680	cloud-23979	TIMEOUT	990.374063663	977.1572784300079	1109.700608	cloud-23982
nla-digbench-scaling/lcm1_unwindbound1.yml	false	TIMEOUT	990.387684921	973.0486204500194	735.358976	cloud-24259	ERROR (server error, after parsing finished)	18.94682441	10.434100452024722	582.983680	cloud-23942	TIMEOUT	990.217063212	978.0772767179878	725.528576	cloud-23982
nla-digbench-scaling/lcm1_unwindbound10.yml	false	TIMEOUT	990.280527251	973.4141190549999	623.243264	cloud-23979	ERROR (server error, after parsing finished)	21.237924026	11.576217096997425	576.843776	cloud-23979	TIMEOUT	990.19970472	980.1428724690049	533.209088	cloud-23980
nla-digbench-scaling/lcm1_unwindbound100.yml	false	TIMEOUT	990.304716255	971.602944342012	598.351872	cloud-24260	ERROR (server error, after parsing finished)	19.946513924	10.889788172993576	602.439680	cloud-23979	TIMEOUT	990.282840045	975.937872718001	616.587264	cloud-23938
nla-digbench-scaling/lcm1_unwindbound2.yml	false	TIMEOUT	990.27573599	973.4829370990046	584.912896	cloud-23979	ERROR (server error, after parsing finished)	26.26894286	14.324700577999465	597.303296	cloud-23982	TIMEOUT	990.282703732	976.100054487004	567.767040	cloud-23938
nla-digbench-scaling/lcm1_unwindbound20.yml	false	TIMEOUT	990.276467358	972.0311791549902	695.111680	cloud-24260	ERROR (server error, after parsing finished)	23.432339934	13.389646819996415	650.117120	cloud-23982	TIMEOUT	990.257341366	976.8978440270002	650.186752	cloud-23979
nla-digbench-scaling/lcm1_unwindbound5.yml	false	TIMEOUT	990.314063958	971.2538631139905	685.694976	cloud-23933	ERROR (server error, after parsing finished)	22.959089525	12.882333082001423	592.310272	cloud-23982	TIMEOUT	990.237664111	978.8761804320093	637.911040	cloud-23980
nla-digbench-scaling/lcm1_unwindbound50.yml	false	TIMEOUT	990.283140457	972.227345531006	727.355392	cloud-24260	ERROR (server error, after parsing finished)	25.443238033	13.759683474025223	599.769088	cloud-23933	TIMEOUT	990.302851331	976.3834769930108	914.989056	cloud-23938
nla-digbench-scaling/lcm1_valuebound1.yml	true	TIMEOUT	990.285745217	971.4235288480122	656.101376	cloud-23933	ERROR (server error, after parsing finished)	23.410802148	12.773653971991735	596.889600	cloud-23933	TIMEOUT	990.26767033	975.4691131330037	590.487552	cloud-23980
nla-digbench-scaling/lcm1_valuebound10.yml	true	TIMEOUT	990.303402118	973.1486176259932	672.276480	cloud-24259	ERROR (solver error, after parsing finished)	567.448355615	557.294168124994	563.470336	cloud-23980	TIMEOUT	990.234084828	976.9147801779909	644.468736	cloud-23980
nla-digbench-scaling/lcm1_valuebound100.yml	true	TIMEOUT	990.326649648	970.5021400780097	670.101504	cloud-24260	TIMEOUT	990.242519306	977.6513360120007	607.895552	cloud-23980	TIMEOUT	990.274031698	975.9564632900001	808.787968	cloud-23938
nla-digbench-scaling/lcm1_valuebound2.yml	true	TIMEOUT	990.350961159	969.7222154440096	811.311104	cloud-24260	ERROR (server error, after parsing finished)	17.029622736	9.40188243301236	599.834624	cloud-23943	TIMEOUT	990.304836872	973.9820836420113	772.816896	cloud-23938
nla-digbench-scaling/lcm1_valuebound20.yml	true	TIMEOUT	990.320192914	970.8138403600024	683.888640	cloud-23933	ERROR (solver error, after parsing finished)	22.740205427	13.109960181987844	599.818240	cloud-23979	TIMEOUT	990.290535884	976.9822105889907	603.635712	cloud-23938
nla-digbench-scaling/lcm1_valuebound5.yml	true	TIMEOUT	990.299548379	972.6215905729914	746.663936	cloud-23933	ERROR (solver error, after parsing finished)	25.618083828	14.289560509991134	595.611648	cloud-23938	TIMEOUT	990.328053625	976.8229045789922	925.696000	cloud-23982
nla-digbench-scaling/lcm1_valuebound50.yml	true	TIMEOUT	990.303163365	973.1840671340178	684.699648	cloud-23979	TIMEOUT	990.216465293	976.7553643489955	638.083072	cloud-23982	TIMEOUT	990.234191578	978.5956836869882	674.840576	cloud-23980
nla-digbench-scaling/lcm2_unwindbound1.yml	true	TIMEOUT	990.24700626	976.6574663720094	590.303232	cloud-24259	ERROR (solver error, after parsing finished)	409.572659074	398.487768535997	593.539072	cloud-23982	TIMEOUT	990.228691447	977.2789714509854	543.752192	cloud-23979
nla-digbench-scaling/lcm2_unwindbound10.yml	true	TIMEOUT	990.259955957	973.2036065370194	548.470784	cloud-23933	ERROR (solver error, after parsing finished)	396.002620713	387.65595671898336	574.623744	cloud-23982	TIMEOUT	990.215023991	979.3023542109877	560.361472	cloud-23980
nla-digbench-scaling/lcm2_unwindbound100.yml	true	TIMEOUT	990.28614202	973.6222943340254	546.820096	cloud-23979	ERROR (solver error, after parsing finished)	413.152902015	400.572435938986	610.287616	cloud-23982	TIMEOUT	990.264715197	975.5720715349889	574.922752	cloud-23979
nla-digbench-scaling/lcm2_unwindbound2.yml	true	TIMEOUT	990.313823942	971.7981654629984	584.183808	cloud-23979	ERROR (solver error, after parsing finished)	378.270917007	369.5810150129837	591.142912	cloud-23980	TIMEOUT	990.225641947	977.2754303959955	543.313920	cloud-23980
nla-digbench-scaling/lcm2_unwindbound20.yml	true	TIMEOUT	990.282694762	972.5836234260059	544.456704	cloud-24260	ERROR (solver error, after parsing finished)	356.039909547	345.33890207399963	540.958720	cloud-23933	TIMEOUT	990.265664291	975.5347622939735	507.908096	cloud-23933
nla-digbench-scaling/lcm2_unwindbound5.yml	true	TIMEOUT	990.292794492	972.3188125779852	560.680960	cloud-24260	ERROR (solver error, after parsing finished)	406.206259001	397.80002162299934	579.698688	cloud-23980	TIMEOUT	990.239747587	975.0982065339922	531.189760	cloud-23938
nla-digbench-scaling/lcm2_unwindbound50.yml	true	TIMEOUT	990.275823679	972.5558138330234	583.962624	cloud-24259	ERROR (solver error, after parsing finished)	374.264312165	363.6515432309825	543.100928	cloud-23933	TIMEOUT	990.257782574	979.448060611001	561.127424	cloud-23980
nla-digbench-scaling/lcm2_valuebound1.yml	true	TIMEOUT	990.291613758	971.8857877490227	588.877824	cloud-23979	TIMEOUT	990.274736893	976.6166151149955	685.867008	cloud-23933	TIMEOUT	990.225966829	977.4350704030076	595.353600	cloud-23980
nla-digbench-scaling/lcm2_valuebound10.yml	true	TIMEOUT	990.256134301	974.9614536790032	593.068032	cloud-24259	ERROR (server error, after parsing finished)	37.50707927	26.502338063000934	599.547904	cloud-23982	TIMEOUT	990.240813013	976.1772498180217	629.489664	cloud-23982
nla-digbench-scaling/lcm2_valuebound100.yml	true	TIMEOUT	990.342613222	971.6145820990205	701.165568	cloud-24260	ERROR (server error, after parsing finished)	690.702859676	676.1906051879923	614.023168	cloud-23938	TIMEOUT	990.255443207	976.5967476800142	794.357760	cloud-23933
nla-digbench-scaling/lcm2_valuebound2.yml	true	TIMEOUT	990.341033633	971.3247680710047	647.786496	cloud-24260	ERROR (server error, after parsing finished)	22.347390561	12.90087504000985	594.919424	cloud-23980	TIMEOUT	990.276377613	975.9393711730081	639.164416	cloud-23938
nla-digbench-scaling/lcm2_valuebound20.yml	true	TIMEOUT	990.219181532	977.1941183529998	611.028992	cloud-24259	ERROR (server error, after parsing finished)	81.565476459	73.57990335198701	612.438016	cloud-23979	TIMEOUT	990.278457375	978.0372930080048	628.289536	cloud-23979
nla-digbench-scaling/lcm2_valuebound5.yml	true	TIMEOUT	990.245500232	977.2309558790002	642.482176	cloud-24259	ERROR (server error, after parsing finished)	40.232608858	29.27102770100464	565.592064	cloud-23982	TIMEOUT	990.28520391	976.6192964260117	748.699648	cloud-23933
nla-digbench-scaling/lcm2_valuebound50.yml	true	TIMEOUT	990.286285847	973.4208442640083	659.480576	cloud-23979	ERROR (server error, after parsing finished)	151.08657473	140.71405099300318	598.716416	cloud-23979	TIMEOUT	990.248716924	976.148645592999	638.058496	cloud-23933
nla-digbench-scaling/mannadiv_unwindbound1.yml	false	false(unreach-call)	23.602503456	12.966246042007697	610.684928	cloud-24261	false(unreach-call)	24.207485835	13.344336993992329	578.936832	cloud-23938	false(unreach-call)	21.992586166	11.935396743007004	554.000384	cloud-23933
nla-digbench-scaling/mannadiv_unwindbound10.yml	false	false(unreach-call)	48.194727068	30.46543886201107	667.545600	cloud-23933	false(unreach-call)	38.79356336	26.263030058005825	709.922816	cloud-23980	ERROR (solver error, after parsing finished)	29.141396914	17.894996438990347	552.464384	cloud-23980
nla-digbench-scaling/mannadiv_unwindbound100.yml	false	TIMEOUT	990.433851637	956.6841526700009	1059.880960	cloud-24260	TIMEOUT	990.442758874	962.1866825759935	1219.489792	cloud-23938	ERROR (solver error, after parsing finished)	23.559368487	14.335961595992558	544.567296	cloud-23979
nla-digbench-scaling/mannadiv_unwindbound2.yml	false	false(unreach-call)	23.020977508	12.828444911996485	606.781440	cloud-24261	false(unreach-call)	23.01652662	12.605933136015665	592.412672	cloud-23979	false(unreach-call)	26.240307276	14.110617308004294	556.953600	cloud-23980
nla-digbench-scaling/mannadiv_unwindbound20.yml	false	TIMEOUT	990.602825615	945.8830961420026	1851.666432	cloud-23933	false(unreach-call)	203.04444122	183.3213841280085	775.888896	cloud-23979	ERROR (solver error, after parsing finished)	23.19334994	14.06072479300201	547.061760	cloud-23938
nla-digbench-scaling/mannadiv_unwindbound5.yml	false	false(unreach-call)	28.388048348	15.462919901998248	638.201856	cloud-23933	false(unreach-call)	29.349025755	15.82183966098819	636.022784	cloud-23933	ERROR (solver error, after parsing finished)	38.638877595	26.680398744996637	554.856448	cloud-23938
nla-digbench-scaling/mannadiv_unwindbound50.yml	false	TIMEOUT	990.553105581	949.9900099209917	1649.004544	cloud-24260	TIMEOUT	990.396192874	961.7833163949836	804.343808	cloud-23938	ERROR (solver error, after parsing finished)	27.568149673	17.51643604002311	553.656320	cloud-23982
nla-digbench-scaling/mannadiv_valuebound1.yml	true	true	22.459642076	12.443191653001122	587.825152	cloud-23979	true	26.61214759	14.630574788985541	582.025216	cloud-23938	true	20.935418335	11.667692649003584	556.507136	cloud-23979
nla-digbench-scaling/mannadiv_valuebound10.yml	true	true	26.249431472	14.24813386797905	597.757952	cloud-23933	true	17.940289047	10.006566547002876	595.013632	cloud-23982	true	21.184164671	11.782133341999725	575.918080	cloud-23980
nla-digbench-scaling/mannadiv_valuebound100.yml	true	true	20.199802838	11.205548370984616	608.595968	cloud-24259	true	22.907244761	12.358141852979315	608.747520	cloud-23980	true	25.944790236	14.143799399986165	589.070336	cloud-23982
nla-digbench-scaling/mannadiv_valuebound2.yml	true	true	21.303581003	11.76325485399866	553.066496	cloud-24261	true	21.203983682	11.579234466014896	556.945408	cloud-23933	true	20.044468865	10.903301621001447	565.448704	cloud-23933
nla-digbench-scaling/mannadiv_valuebound20.yml	true	true	23.328796505	12.634375580993947	599.867392	cloud-23979	true	22.787519948	12.697347908018855	577.060864	cloud-23933	true	19.913899664	10.769329417002155	566.427648	cloud-23940
nla-digbench-scaling/mannadiv_valuebound5.yml	true	true	26.01788838	14.24052346101962	624.902144	cloud-23933	true	20.848245336	11.271679097990273	633.970688	cloud-23933	true	27.282044454	14.674720966024324	530.006016	cloud-23980
nla-digbench-scaling/mannadiv_valuebound50.yml	true	true	24.428010882	13.171794852998573	639.500288	cloud-23979	true	23.96282831	13.307278691005195	560.132096	cloud-23979	true	23.466820146	12.800742624007398	579.772416	cloud-23979
nla-digbench-scaling/prod4br-ll_unwindbound1.yml	false	ERROR (solver error, after parsing finished)	38.670762424	21.220483984987368	578.748416	cloud-24259	ERROR (server error, after parsing finished)	23.11477546	12.781394186982652	622.694400	cloud-23982	ERROR (solver error, after parsing finished)	24.869947056	13.499636883003404	552.513536	cloud-23938
nla-digbench-scaling/prod4br-ll_unwindbound10.yml	false	TIMEOUT	990.323420876	970.9512134099787	599.482368	cloud-24260	ERROR (server error, after parsing finished)	19.625735317	10.72734416599269	589.053952	cloud-23979	TIMEOUT	990.268056362	978.8907271979842	547.631104	cloud-23980
nla-digbench-scaling/prod4br-ll_unwindbound100.yml	false	TIMEOUT	990.289886932	971.8950386289798	577.433600	cloud-23979	ERROR (server error, after parsing finished)	20.63999844	11.54984553399845	587.997184	cloud-23979	TIMEOUT	990.264556213	974.342466689006	545.443840	cloud-23938
nla-digbench-scaling/prod4br-ll_unwindbound2.yml	false	TIMEOUT	990.334210403	972.1709418699902	595.054592	cloud-23933	ERROR (server error, after parsing finished)	20.406823509	11.110393050010316	574.787584	cloud-23933	TIMEOUT	990.277347251	973.89866604298	563.994624	cloud-23938
nla-digbench-scaling/prod4br-ll_unwindbound20.yml	false	TIMEOUT	990.281640888	970.1174482390052	659.111936	cloud-24259	ERROR (server error, after parsing finished)	22.308191794	12.056973155995365	541.831168	cloud-23938	TIMEOUT	990.266879368	977.1722192789894	573.771776	cloud-23982
nla-digbench-scaling/prod4br-ll_unwindbound5.yml	false	TIMEOUT	990.240025024	971.546992004005	606.470144	cloud-24259	ERROR (server error, after parsing finished)	25.426184809	13.788989773980575	582.295552	cloud-23938	TIMEOUT	990.238431289	978.6814384690078	551.063552	cloud-23980
nla-digbench-scaling/prod4br-ll_unwindbound50.yml	false	TIMEOUT	990.231516122	977.2008471650042	614.060032	cloud-24259	ERROR (server error, after parsing finished)	20.181061328	10.992776144994423	598.196224	cloud-23980	TIMEOUT	990.245979406	976.0095808930055	556.244992	cloud-23979
nla-digbench-scaling/prod4br-ll_valuebound1.yml	true	true	29.695080604	16.046648307994474	618.606592	cloud-24260	true	23.122689274	12.423346730007324	640.643072	cloud-23979	ERROR (solver error, after parsing finished)	26.406965388	15.1249382099777	606.347264	cloud-23980
nla-digbench-scaling/prod4br-ll_valuebound10.yml	true	ERROR (solver error, after parsing finished)	47.366492539	31.930872552009532	648.011776	cloud-24259	ERROR (server error, after parsing finished)	22.984017695	12.433136796025792	650.911744	cloud-23980	ERROR (solver error, after parsing finished)	35.274586982	25.22555356597877	605.892608	cloud-23980
nla-digbench-scaling/prod4br-ll_valuebound100.yml	true	ERROR (solver error, after parsing finished)	44.743964366	28.87861933998647	636.551168	cloud-23979	ERROR (server error, after parsing finished)	22.021764067	11.841009580006357	614.580224	cloud-23979	ERROR (solver error, after parsing finished)	36.301182323	26.062909102009144	639.918080	cloud-23980
nla-digbench-scaling/prod4br-ll_valuebound2.yml	true	ERROR (solver error, after parsing finished)	40.121702453	23.260546067001997	667.611136	cloud-23933	ERROR (server error, after parsing finished)	20.814136567	11.507901266013505	648.466432	cloud-23979	ERROR (solver error, after parsing finished)	30.701642646	18.642979512020247	605.589504	cloud-23938
nla-digbench-scaling/prod4br-ll_valuebound20.yml	true	ERROR (solver error, after parsing finished)	39.792769076	26.23567583601107	666.869760	cloud-24259	ERROR (server error, after parsing finished)	19.530426114	10.842943293013377	690.925568	cloud-23980	ERROR (solver error, after parsing finished)	34.256899242	24.738106086006155	620.040192	cloud-23980
nla-digbench-scaling/prod4br-ll_valuebound5.yml	true	true	56.899183384	38.94565697098733	634.998784	cloud-23979	ERROR (server error, after parsing finished)	23.472746416	12.72826038300991	619.843584	cloud-23933	true	38.67836719	28.244678165996447	582.574080	cloud-23979
nla-digbench-scaling/prod4br-ll_valuebound50.yml	true	ERROR (solver error, after parsing finished)	50.053082702	32.85399852899718	649.330688	cloud-23933	ERROR (server error, after parsing finished)	21.749344349	11.921143814979587	645.193728	cloud-23979	ERROR (solver error, after parsing finished)	41.878699659	29.38321108999662	558.104576	cloud-23933
nla-digbench-scaling/prodbin-ll_unwindbound1.yml	false	false(unreach-call)	39.887878482	22.666571112000383	605.319168	cloud-24259	ERROR (server error, after parsing finished)	18.531386304	10.19410073698964	576.671744	cloud-23980	false(unreach-call)	23.96623087	14.147779354010709	554.733568	cloud-23979
nla-digbench-scaling/prodbin-ll_unwindbound10.yml	false	TIMEOUT (ERROR (solver error, after parsing finished))	924.94553704	909.7388334770076	605.908992	cloud-24261	ERROR (server error, after parsing finished)	20.140475146	10.82977690899861	547.282944	cloud-23933	ERROR (solver error, after parsing finished)	756.559805224	744.685611569992	525.000704	cloud-23979
nla-digbench-scaling/prodbin-ll_unwindbound100.yml	true	TIMEOUT	990.270080886	977.5261440800095	627.044352	cloud-24259	ERROR (server error, after parsing finished)	26.087194495	14.35252488500555	575.291392	cloud-23938	TIMEOUT	990.220838642	978.2982594199711	555.954176	cloud-23980
nla-digbench-scaling/prodbin-ll_unwindbound2.yml	false	ERROR (solver error, after parsing finished)	36.264737988	22.20356574599282	593.879040	cloud-24259	ERROR (server error, after parsing finished)	24.443937872	13.385622577014146	579.354624	cloud-23938	ERROR (solver error, after parsing finished)	27.605995505	17.184196032991167	559.202304	cloud-23933
nla-digbench-scaling/prodbin-ll_unwindbound20.yml	false	TIMEOUT	990.268374159	971.1213986850053	653.824000	cloud-23933	ERROR (server error, after parsing finished)	17.862462272	9.806475471996237	564.781056	cloud-23979	TIMEOUT	990.280962914	973.1089927089924	619.769856	cloud-23938
nla-digbench-scaling/prodbin-ll_unwindbound5.yml	false	TIMEOUT	990.299945184	971.0925163089996	770.449408	cloud-24260	ERROR (server error, after parsing finished)	17.773643183	9.707213742018212	540.037120	cloud-23979	TIMEOUT	990.269874907	975.4833947000152	798.015488	cloud-23933
nla-digbench-scaling/prodbin-ll_unwindbound50.yml	true	TIMEOUT	990.285968528	971.2877969010151	618.872832	cloud-23979	ERROR (server error, after parsing finished)	17.366356488	9.550378776009893	580.005888	cloud-23979	TIMEOUT	990.250999872	975.1132137529785	564.400128	cloud-23938
nla-digbench-scaling/prodbin-ll_valuebound1.yml	true	true	25.932579899	14.111623554999824	595.152896	cloud-24260	true	20.943078756	11.4344416189997	600.915968	cloud-23933	true	25.492489504	15.473175566992722	551.124992	cloud-23933
nla-digbench-scaling/prodbin-ll_valuebound10.yml	true	ERROR (solver error, after parsing finished)	31.19063313	18.431082176975906	565.317632	cloud-23933	ERROR (server error, after parsing finished)	23.663899715	12.849940912012244	594.735104	cloud-23938	ERROR (solver error, after parsing finished)	27.111757172	16.749842714023544	567.681024	cloud-23980
nla-digbench-scaling/prodbin-ll_valuebound100.yml	true	TIMEOUT	990.282529293	972.2477391080029	674.226176	cloud-24259	ERROR (server error, after parsing finished)	25.790156419	14.190817946015159	587.161600	cloud-23982	TIMEOUT	990.246425809	976.2441168900114	703.750144	cloud-23980
nla-digbench-scaling/prodbin-ll_valuebound2.yml	true	true	44.471389101	29.813340522989165	591.609856	cloud-23933	ERROR (server error, after parsing finished)	24.887844764	13.49781131601776	571.367424	cloud-23938	true	35.112026026	24.508622213994386	555.409408	cloud-23979
nla-digbench-scaling/prodbin-ll_valuebound20.yml	true	ERROR (solver error, after parsing finished)	39.024665973	22.8467018710071	601.182208	cloud-24260	ERROR (server error, after parsing finished)	22.605683348	12.427604807977332	553.209856	cloud-23982	ERROR (solver error, after parsing finished)	29.042138876	17.24022907699691	586.371072	cloud-23982
nla-digbench-scaling/prodbin-ll_valuebound5.yml	true	ERROR (solver error, after parsing finished)	692.425312733	673.7346911529894	615.059456	cloud-24259	ERROR (server error, after parsing finished)	22.272437182	12.30430097799399	627.036160	cloud-23938	ERROR (solver error, after parsing finished)	524.700946633	512.889821972989	579.207168	cloud-23933
nla-digbench-scaling/prodbin-ll_valuebound50.yml	true	ERROR (solver error, after parsing finished)	573.740768777	557.5198836400232	634.019840	cloud-23933	ERROR (server error, after parsing finished)	22.773385108	12.293099684990011	549.355520	cloud-23933	ERROR (solver error, after parsing finished)	618.103767821	604.9517770830134	616.161280	cloud-23982
nla-digbench-scaling/ps2-ll_unwindbound1.yml	true	true	24.677571766	13.967776744015282	609.607680	cloud-24259	true	19.489535174	10.971892658999423	589.520896	cloud-23980	true	21.692594908	11.90614554102649	538.734592	cloud-23933
nla-digbench-scaling/ps2-ll_unwindbound10.yml	true	true	24.837999013	13.502557988002081	648.601600	cloud-24260	true	23.633655598	12.84226024299278	599.687168	cloud-23938	true	19.724506019	10.94263578398386	561.799168	cloud-23979
nla-digbench-scaling/ps2-ll_unwindbound100.yml	true	true	18.639525456	10.190536851005163	559.538176	cloud-24259	true	17.251130619	9.471321903023636	593.408000	cloud-23982	true	25.098209196	13.576254109008005	598.462464	cloud-23938
nla-digbench-scaling/ps2-ll_unwindbound2.yml	true	true	25.12168309	13.737394987998414	591.843328	cloud-24261	true	19.755024367	10.943865688983351	607.924224	cloud-23980	true	22.410864872	12.147280849021627	512.139264	cloud-23979
nla-digbench-scaling/ps2-ll_unwindbound20.yml	true	true	22.659704704	12.510330621997127	609.112064	cloud-23979	true	27.691239207	14.944139423023444	628.965376	cloud-23938	true	20.644947056	11.644364548992598	513.081344	cloud-23980
nla-digbench-scaling/ps2-ll_unwindbound5.yml	true	true	26.988907234	15.041143720998662	591.179776	cloud-24260	true	25.196649278	13.61708232597448	587.214848	cloud-23982	true	21.17089919	11.833956860995386	557.842432	cloud-23979
nla-digbench-scaling/ps2-ll_unwindbound50.yml	true	true	25.755798086	14.16681103600422	597.352448	cloud-24259	true	27.270888122	15.037595330009935	583.077888	cloud-23933	true	21.889055049	12.179289769002935	522.862592	cloud-23980
nla-digbench-scaling/ps2-ll_valuebound1.yml	true	true	23.720791619	12.94397861600737	570.040320	cloud-24260	true	24.581164428	13.581638011994073	622.108672	cloud-23982	true	25.151564859	13.637150380993262	519.909376	cloud-23938
nla-digbench-scaling/ps2-ll_valuebound10.yml	true	true	21.68287293	11.893199867015937	562.876416	cloud-23979	true	21.893314027	11.908166928013088	617.136128	cloud-23933	true	22.989537113	12.423678284976631	571.879424	cloud-23982
nla-digbench-scaling/ps2-ll_valuebound100.yml	true	true	20.790872372	11.434335516998544	640.708608	cloud-23979	true	26.198170023	14.116565394011559	557.998080	cloud-23982	true	18.270517164	10.00529506499879	515.002368	cloud-23933
nla-digbench-scaling/ps2-ll_valuebound2.yml	true	true	22.545101207	12.472286080999766	554.127360	cloud-23979	true	21.425238067	11.722018088010373	632.029184	cloud-23979	true	21.47145502	11.709143292013323	594.812928	cloud-23979
nla-digbench-scaling/ps2-ll_valuebound20.yml	true	true	27.131201033	14.760148827976082	599.638016	cloud-24260	true	20.385030661	11.292773677007062	598.179840	cloud-23979	true	22.054072357	12.110572795994813	589.553664	cloud-23980
nla-digbench-scaling/ps2-ll_valuebound5.yml	true	true	26.216631751	14.566855960001703	596.320256	cloud-24260	true	26.256427794	14.581024326005718	640.135168	cloud-23982	true	20.635863263	11.399600960983662	569.352192	cloud-23982
nla-digbench-scaling/ps2-ll_valuebound50.yml	true	true	26.76563577	14.965389532007976	595.726336	cloud-24260	true	19.565670968	10.85097197201685	654.237696	cloud-23979	true	25.473947324	13.961985496018315	581.234688	cloud-23938
nla-digbench-scaling/ps3-ll_unwindbound1.yml	true	true	19.543490636	10.842287951993058	617.418752	cloud-24259	true	22.206814928	12.04986254501273	629.190656	cloud-23980	true	24.180939823	13.076143131009303	613.736448	cloud-23979
nla-digbench-scaling/ps3-ll_unwindbound10.yml	true	true	27.052176498	14.587210907018743	598.319104	cloud-23979	true	24.062177377	13.159298352024052	640.884736	cloud-23979	true	30.393746159	16.727738399989903	565.092352	cloud-23982
nla-digbench-scaling/ps3-ll_unwindbound100.yml	true	true	21.450183784	11.68061190698063	652.689408	cloud-23939	true	27.598994494	14.944538373994874	608.149504	cloud-23938	true	22.814172685	12.627745855977992	617.160704	cloud-23979
nla-digbench-scaling/ps3-ll_unwindbound2.yml	true	true	28.142409011	16.30303817600361	616.636416	cloud-24259	true	28.243650283	15.471871043991996	597.254144	cloud-23982	true	24.15833257	12.916997419990366	621.584384	cloud-23933
nla-digbench-scaling/ps3-ll_unwindbound20.yml	true	true	25.6577154	13.81470809300663	684.171264	cloud-23933	true	25.063475544	13.605902779992903	620.810240	cloud-23938	true	29.394439692	16.066478364984505	633.688064	cloud-23982
nla-digbench-scaling/ps3-ll_unwindbound5.yml	true	true	25.044485191	13.521050608018413	653.381632	cloud-23933	true	23.733172408	12.7623009539966	581.251072	cloud-23933	true	24.348339851	13.433598326024367	584.163328	cloud-23979
nla-digbench-scaling/ps3-ll_unwindbound50.yml	true	true	26.950083239	15.409250224998686	647.589888	cloud-24259	true	22.412401528	12.087645981984679	634.863616	cloud-23979	true	22.482475258	12.23158567401697	560.578560	cloud-23982
nla-digbench-scaling/ps3-ll_valuebound1.yml	true	ERROR (solver error, after parsing finished)	35.702322026	19.02357186100562	670.674944	cloud-23933	ERROR (solver error, after parsing finished)	24.553541258	13.349716327007627	683.380736	cloud-23982	true	26.921541238	14.801172070001485	621.445120	cloud-23982
nla-digbench-scaling/ps3-ll_valuebound10.yml	true	ERROR (solver error, after parsing finished)	37.128537314	19.924200452005607	652.177408	cloud-24260	ERROR (solver error, after parsing finished)	19.169641885	10.381733874004567	670.392320	cloud-23982	true	17.016312117	9.329465107002761	615.260160	cloud-23944
nla-digbench-scaling/ps3-ll_valuebound100.yml	true	ERROR (solver error, after parsing finished)	36.096614083	19.27617838900187	678.703104	cloud-23979	ERROR (solver error, after parsing finished)	18.189257897	9.866796404006891	637.112320	cloud-23942	true	25.517381041	14.143422302993713	588.365824	cloud-23980
nla-digbench-scaling/ps3-ll_valuebound2.yml	true	ERROR (solver error, after parsing finished)	33.596884794	18.158698487008223	672.624640	cloud-23933	ERROR (solver error, after parsing finished)	24.574568392	13.297850579983788	659.369984	cloud-23980	true	26.124016637	14.455735266994452	597.254144	cloud-23938
nla-digbench-scaling/ps3-ll_valuebound20.yml	true	ERROR (solver error, after parsing finished)	28.403918168	15.496779754001182	640.163840	cloud-24261	ERROR (solver error, after parsing finished)	22.71131672	12.324839688983047	656.859136	cloud-23980	true	25.642360786	14.231727767997654	600.715264	cloud-23982
nla-digbench-scaling/ps3-ll_valuebound5.yml	true	ERROR (solver error, after parsing finished)	40.54381203	22.1076000220055	631.328768	cloud-24260	ERROR (solver error, after parsing finished)	20.909119868	11.316701349016512	683.040768	cloud-23933	true	23.998176048	12.932151048007654	633.405440	cloud-23933
nla-digbench-scaling/ps3-ll_valuebound50.yml	true	ERROR (solver error, after parsing finished)	40.686613286	22.091981465011486	700.510208	cloud-24259	ERROR (solver error, after parsing finished)	18.871226672	10.320435647998238	633.765888	cloud-23933	true	21.940889822	12.005879250005819	637.239296	cloud-23979
nla-digbench-scaling/ps4-ll_unwindbound1.yml	false	false(unreach-call)	26.591655646	14.392104102007579	622.759936	cloud-23933	false(unreach-call)	21.089091893	11.48063481101417	620.199936	cloud-23980	false(unreach-call)	219.457106953	207.67796729601105	627.220480	cloud-23980
nla-digbench-scaling/ps4-ll_unwindbound10.yml	false	ERROR (solver error, after parsing finished)	128.141997548	109.43244237801991	655.675392	cloud-23933	ERROR (solver error, after parsing finished)	30.491548134	16.31769385098596	599.404544	cloud-23938	ERROR (solver error, after parsing finished)	129.563810564	114.86268755199853	598.650880	cloud-23982
nla-digbench-scaling/ps4-ll_unwindbound100.yml	false	ERROR (solver error, after parsing finished)	840.202819458	819.4479920390004	696.963072	cloud-23979	TIMEOUT	990.22457422	977.7028951810207	673.153024	cloud-23980	ERROR (solver error, after parsing finished)	120.638524751	110.36393581400625	633.085952	cloud-23980
nla-digbench-scaling/ps4-ll_unwindbound2.yml	false	false(unreach-call)	32.189768373	17.42081058199983	661.716992	cloud-24260	false(unreach-call)	25.488904841	13.727751810016343	648.683520	cloud-23980	false(unreach-call)	63.312317885	50.97686120099388	633.589760	cloud-23933
nla-digbench-scaling/ps4-ll_unwindbound20.yml	false	ERROR (solver error, after parsing finished)	647.052321791	631.1230329920072	668.012544	cloud-23942	TIMEOUT	990.271592468	974.6715720330249	691.269632	cloud-23933	ERROR (solver error, after parsing finished)	101.151819364	90.58127500998671	616.968192	cloud-23979
nla-digbench-scaling/ps4-ll_unwindbound5.yml	false	ERROR (solver error, after parsing finished)	128.951719561	111.2999389040051	649.768960	cloud-23933	ERROR (solver error, after parsing finished)	30.366499245	16.502889619994676	678.453248	cloud-23933	ERROR (solver error, after parsing finished)	102.900717554	91.72008823702345	592.056320	cloud-23933
nla-digbench-scaling/ps4-ll_unwindbound50.yml	false	ERROR (solver error, after parsing finished)	896.668344711	875.9341035450052	670.097408	cloud-23933	TIMEOUT	990.266230014	975.1129875899933	653.492224	cloud-23979	ERROR (solver error, after parsing finished)	118.232642479	107.13679055598914	532.799488	cloud-23980
nla-digbench-scaling/ps4-ll_valuebound1.yml	true	true	22.909865434	12.424316807009745	637.882368	cloud-23941	true	26.855946543	14.455594633996952	658.980864	cloud-23938	true	41.316403634	26.859812711016275	568.045568	cloud-23938
nla-digbench-scaling/ps4-ll_valuebound10.yml	true	TIMEOUT	990.372722038	965.3512247400067	659.259392	cloud-24259	ERROR (solver error, after parsing finished)	129.997113204	118.060510144016	638.869504	cloud-23979	TIMEOUT	990.254723417	974.3172740289883	595.316736	cloud-23982
nla-digbench-scaling/ps4-ll_valuebound100.yml	true	TIMEOUT	990.331770951	966.9463709399861	665.198592	cloud-23933	ERROR (solver error, after parsing finished)	163.39238528	149.51786671500304	614.739968	cloud-23982	TIMEOUT	990.325903803	973.2385140260158	683.401216	cloud-23933
nla-digbench-scaling/ps4-ll_valuebound2.yml	true	true	27.787197255	15.397552309004823	636.882944	cloud-23979	true	26.053699204	14.34610015101498	705.896448	cloud-23979	TIMEOUT	990.25698771	976.028473096987	644.390912	cloud-23979
nla-digbench-scaling/ps4-ll_valuebound20.yml	true	TIMEOUT	990.34666142	966.6100000809965	686.288896	cloud-24260	ERROR (solver error, after parsing finished)	107.41046779	98.24143627399462	665.899008	cloud-23944	TIMEOUT	990.274044546	973.9070592530188	672.874496	cloud-23933
nla-digbench-scaling/ps4-ll_valuebound5.yml	true	true	544.971970366	523.2216986469866	629.858304	cloud-23933	ERROR (solver error, after parsing finished)	140.917851943	127.30305329602561	609.914880	cloud-23933	true	391.026495854	379.410994150996	614.690816	cloud-23933
nla-digbench-scaling/ps4-ll_valuebound50.yml	true	TIMEOUT	990.335826745	969.6540597790154	701.480960	cloud-23933	ERROR (solver error, after parsing finished)	134.073377528	122.14423692697892	641.105920	cloud-23979	TIMEOUT	990.331151524	972.4953996080148	676.343808	cloud-23938
nla-digbench-scaling/ps5-ll_unwindbound1.yml	false	false(unreach-call)	26.975728945	14.841445935016964	830.111744	cloud-23979	false(unreach-call)	25.211134319	13.549543795001227	765.845504	cloud-23979	TIMEOUT	990.262959438	975.368420475017	720.912384	cloud-23979
nla-digbench-scaling/ps5-ll_unwindbound10.yml	false	TIMEOUT	990.37624582	965.5382652360131	817.311744	cloud-23979	TIMEOUT	990.270599793	973.7701741349883	811.950080	cloud-23979	TIMEOUT	990.306921412	974.9018447179988	827.801600	cloud-23980
nla-digbench-scaling/ps5-ll_unwindbound100.yml	false	TIMEOUT	990.314569043	965.2356667629938	818.532352	cloud-24260	TIMEOUT	990.262118032	972.8218613679928	772.251648	cloud-23982	TIMEOUT	990.249523493	973.6406029709906	778.870784	cloud-23980
nla-digbench-scaling/ps5-ll_unwindbound2.yml	false	false(unreach-call)	31.0958874	18.062952500011306	744.067072	cloud-23933	false(unreach-call)	29.850699275	17.554806913016364	791.654400	cloud-23979	TIMEOUT	990.251324871	976.4372369699995	768.598016	cloud-23980
nla-digbench-scaling/ps5-ll_unwindbound20.yml	false	TIMEOUT	990.287834364	967.9502310710086	744.001536	cloud-23979	TIMEOUT	990.282690571	972.4456012989976	749.264896	cloud-23982	TIMEOUT	990.295654324	972.3855090200086	736.825344	cloud-23938
nla-digbench-scaling/ps5-ll_unwindbound5.yml	false	TIMEOUT	990.314371393	967.8121583980101	772.878336	cloud-23979	TIMEOUT	990.342084145	973.2282811900077	807.030784	cloud-23979	TIMEOUT	990.317845189	974.1998831120145	745.881600	cloud-23938
nla-digbench-scaling/ps5-ll_unwindbound50.yml	false	TIMEOUT	990.326172153	967.9482800709957	822.181888	cloud-23933	TIMEOUT	990.361890548	971.9097526879923	842.412032	cloud-23979	TIMEOUT	990.265774276	976.8019816050073	685.481984	cloud-23940
nla-digbench-scaling/ps5-ll_valuebound1.yml	true	TIMEOUT	990.29672523	968.1624055699795	782.270464	cloud-23933	ERROR (solver error, after parsing finished)	24.130716263	13.034242009016452	786.030592	cloud-23979	TIMEOUT	990.289176135	973.0758445959946	717.516800	cloud-23979
nla-digbench-scaling/ps5-ll_valuebound10.yml	true	TIMEOUT	990.359334136	966.0038155939837	752.308224	cloud-24260	ERROR (solver error, after parsing finished)	24.267507646	12.99268736198428	768.278528	cloud-23933	TIMEOUT	990.302116888	973.7676581270061	741.494784	cloud-23933
nla-digbench-scaling/ps5-ll_valuebound100.yml	true	TIMEOUT	990.335661682	969.6963262380159	770.240512	cloud-23979	ERROR (solver error, after parsing finished)	28.274138075	15.434375938988524	799.895552	cloud-23980	TIMEOUT	990.215311941	978.286287105002	712.798208	cloud-23980
nla-digbench-scaling/ps5-ll_valuebound2.yml	true	TIMEOUT	990.344747996	968.7458081419754	765.980672	cloud-23933	ERROR (solver error, after parsing finished)	25.81206653	13.999964782007737	751.378432	cloud-23982	TIMEOUT	990.271499626	974.6135168799956	720.621568	cloud-23979
nla-digbench-scaling/ps5-ll_valuebound20.yml	true	TIMEOUT	990.28572834	968.867040727986	776.310784	cloud-24259	ERROR (solver error, after parsing finished)	27.176770018	14.695750333979959	715.837440	cloud-23933	TIMEOUT	990.318547292	974.2735536810069	774.098944	cloud-23979
nla-digbench-scaling/ps5-ll_valuebound5.yml	true	TIMEOUT	990.384802657	972.6604380880017	821.379072	cloud-24259	ERROR (solver error, after parsing finished)	27.112588085	14.939577882993035	740.294656	cloud-23938	TIMEOUT	990.339054525	972.5554472960066	702.386176	cloud-23938
nla-digbench-scaling/ps5-ll_valuebound50.yml	true	TIMEOUT	990.300524092	969.3395617329807	767.934464	cloud-23933	ERROR (solver error, after parsing finished)	22.079657312	12.161862410983304	798.900224	cloud-23980	TIMEOUT	990.294547155	973.344544713007	730.619904	cloud-23979
nla-digbench-scaling/ps6-ll_unwindbound1.yml	false	false(unreach-call)	31.800078909	17.12114375300007	800.104448	cloud-24260	false(unreach-call)	32.176917687	17.118527045007795	777.711616	cloud-23982	TIMEOUT	990.377120702	973.1806086819852	756.137984	cloud-23982
nla-digbench-scaling/ps6-ll_unwindbound10.yml	false	TIMEOUT	990.339623772	965.4687817080121	832.258048	cloud-23979	ERROR (solver error, after parsing finished)	42.83819786	30.52505151098012	804.986880	cloud-23933	TIMEOUT	990.347821168	974.795064564998	757.567488	cloud-23982
nla-digbench-scaling/ps6-ll_unwindbound100.yml	false	TIMEOUT	990.339965576	964.2470126400003	906.252288	cloud-24260	ERROR (solver error, after parsing finished)	36.815623521	20.741609465010697	780.759040	cloud-23982	TIMEOUT	990.285413218	974.791899606993	791.556096	cloud-23979
nla-digbench-scaling/ps6-ll_unwindbound2.yml	false	false(unreach-call)	30.989696601	17.62099210199085	793.739264	cloud-23979	false(unreach-call)	33.627768724	19.048515867005335	791.052288	cloud-23938	TIMEOUT	990.265248326	977.1580810199957	780.275712	cloud-23980
nla-digbench-scaling/ps6-ll_unwindbound20.yml	false	ERROR (solver error, after parsing finished)	158.076865135	136.32916700298665	782.098432	cloud-23979	TIMEOUT	990.327417445	973.5809508899983	898.949120	cloud-23933	TIMEOUT	990.260997176	973.639549162006	778.133504	cloud-23982
nla-digbench-scaling/ps6-ll_unwindbound5.yml	false	TIMEOUT	990.351244379	966.1945754299813	848.654336	cloud-23933	ERROR (solver error, after parsing finished)	48.649122498	34.77557996701216	810.287104	cloud-23979	TIMEOUT	990.327654869	973.4750612460193	751.874048	cloud-23933
nla-digbench-scaling/ps6-ll_unwindbound50.yml	false	ERROR (solver error, after parsing finished)	162.944142262	141.44807167400722	816.963584	cloud-23933	TIMEOUT	990.296789697	972.244067401014	849.358848	cloud-23933	TIMEOUT	990.323960986	973.0086063040071	775.016448	cloud-23933
nla-digbench-scaling/ps6-ll_valuebound1.yml	true	true	31.292367847	16.695749364007497	921.686016	cloud-23933	true	23.35267147	12.462525108014233	790.343680	cloud-23982	TIMEOUT	990.252342203	977.3752299050102	876.077056	cloud-23980
nla-digbench-scaling/ps6-ll_valuebound10.yml	true	TIMEOUT	990.364347895	965.9782774089836	824.086528	cloud-23979	ERROR (solver error, after parsing finished)	36.219012631	22.477581027982524	737.603584	cloud-23979	TIMEOUT	990.363528024	972.3236619649979	837.754880	cloud-23933
nla-digbench-scaling/ps6-ll_valuebound100.yml	true	TIMEOUT	990.317087346	966.2973151520127	788.111360	cloud-23933	ERROR (solver error, after parsing finished)	40.010287221	25.23386517999461	750.419968	cloud-23982	TIMEOUT	990.335296099	973.740748273005	767.148032	cloud-23979
nla-digbench-scaling/ps6-ll_valuebound2.yml	true	true	28.928220115	16.57566658599535	790.368256	cloud-24261	true	34.035131676	19.50595799300936	839.548928	cloud-23933	TIMEOUT	990.321912437	973.2288729650027	820.740096	cloud-23979
nla-digbench-scaling/ps6-ll_valuebound20.yml	true	TIMEOUT	990.332273933	965.9401934880007	801.239040	cloud-23933	ERROR (solver error, after parsing finished)	32.905722122	21.0254230510036	777.494528	cloud-23980	TIMEOUT	990.295695033	978.0296570489882	756.953088	cloud-23980
nla-digbench-scaling/ps6-ll_valuebound5.yml	true	TIMEOUT	990.340427633	966.646710711997	818.470912	cloud-23933	ERROR (solver error, after parsing finished)	31.587639293	19.93729039799655	875.794432	cloud-23979	TIMEOUT	990.262013161	972.7372798300057	769.826816	cloud-23982
nla-digbench-scaling/ps6-ll_valuebound50.yml	true	TIMEOUT	990.339406007	966.4143123319955	936.394752	cloud-23933	ERROR (solver error, after parsing finished)	33.85862308	22.148144129983848	901.988352	cloud-23980	TIMEOUT	990.260957167	973.2528249399911	792.186880	cloud-23982
nla-digbench-scaling/sqrt1-ll_unwindbound1.yml	true	true	23.008567169	12.312674507003976	633.679872	cloud-23979	true	25.036422584	13.532139504997758	655.224832	cloud-23938	ERROR (solver error, after parsing finished)	20.969057813	11.71026363899	589.733888	cloud-23980
nla-digbench-scaling/sqrt1-ll_unwindbound10.yml	true	true	30.148602126	16.607467202993575	633.044992	cloud-24259	true	23.616484909	13.16230694501428	681.197568	cloud-23980	ERROR (solver error, after parsing finished)	62.669642536	53.775536770001054	616.726528	cloud-23980
nla-digbench-scaling/sqrt1-ll_unwindbound100.yml	true	true	22.164205727	12.181793387993821	671.428608	cloud-24261	true	22.35840229	12.101497035007924	649.158656	cloud-23980	ERROR (solver error, after parsing finished)	62.154842344	51.860110060020816	551.563264	cloud-23933
nla-digbench-scaling/sqrt1-ll_unwindbound2.yml	true	true	29.879827672	16.00425729600829	646.344704	cloud-23933	true	25.428952298	13.849485688988352	610.263040	cloud-23980	ERROR (solver error, after parsing finished)	75.480262706	63.0345521630079	603.238400	cloud-23938
nla-digbench-scaling/sqrt1-ll_unwindbound20.yml	true	true	25.032296406	13.564376510999864	659.267584	cloud-24261	true	31.255304289	17.480674117978197	592.138240	cloud-23982	ERROR (solver error, after parsing finished)	68.89730786	56.25551345900749	611.028992	cloud-23933
nla-digbench-scaling/sqrt1-ll_unwindbound5.yml	true	true	20.786504773	11.587887980014784	680.288256	cloud-23979	true	25.013657901	13.764202478021616	600.535040	cloud-23938	ERROR (solver error, after parsing finished)	62.370109175	51.64466420299141	564.568064	cloud-23979
nla-digbench-scaling/sqrt1-ll_unwindbound50.yml	true	true	29.55315118	16.035299024006235	602.214400	cloud-24260	true	29.786786994	15.898827680997783	650.366976	cloud-23982	ERROR (solver error, after parsing finished)	65.992765762	54.82534655800555	638.418944	cloud-23938
nla-digbench-scaling/sqrt1-ll_valuebound1.yml	true	true	24.671787601	14.491314769009477	707.567616	cloud-24259	true	31.877287818	18.431599281000672	665.788416	cloud-23938	ERROR (solver error, after parsing finished)	50.878754259	37.999490529007744	602.492928	cloud-23982
nla-digbench-scaling/sqrt1-ll_valuebound10.yml	true	true	35.78374657	20.98951942998974	634.744832	cloud-24259	true	26.122254009	14.861525134008843	656.547840	cloud-23979	ERROR (solver error, after parsing finished)	124.802432745	112.18175896100001	594.173952	cloud-23982
nla-digbench-scaling/sqrt1-ll_valuebound100.yml	true	true	30.583905157	17.63617364500533	601.833472	cloud-23979	true	24.029552491	13.845584399008658	611.262464	cloud-23933	ERROR (solver error, after parsing finished)	94.179054383	82.7916176370054	589.135872	cloud-23979
nla-digbench-scaling/sqrt1-ll_valuebound2.yml	true	true	35.375051225	20.426055272007943	697.741312	cloud-24259	true	25.244594309	14.717268701002467	625.934336	cloud-23933	ERROR (solver error, after parsing finished)	124.994195951	112.62056861899327	597.110784	cloud-23938
nla-digbench-scaling/sqrt1-ll_valuebound20.yml	true	true	28.570975207	16.90014543599682	629.956608	cloud-23933	true	28.105569358	16.17080936601269	653.836288	cloud-23938	ERROR (solver error, after parsing finished)	130.29769978	120.97714859899133	616.927232	cloud-23980
nla-digbench-scaling/sqrt1-ll_valuebound5.yml	true	true	28.517098007	16.504137615003856	627.216384	cloud-23933	true	24.169396883	14.338398065010551	650.452992	cloud-23980	ERROR (solver error, after parsing finished)	113.613757537	103.91422671999317	549.654528	cloud-23980
nla-digbench-scaling/sqrt1-ll_valuebound50.yml	true	true	27.002180878	15.484871717984788	661.970944	cloud-23933	true	25.369915777	15.00938184800907	613.806080	cloud-23980	ERROR (solver error, after parsing finished)	109.763365073	99.5546161950042	630.489088	cloud-23980
verifythis/duplets.yml	true	ERROR (generic error, after parsing finished)	23.459919425	12.900572109007044	578.265088	cloud-23933	ERROR (server error, after parsing finished)	19.64896972	10.695288791001076	549.502976	cloud-23979	ERROR (generic error, after parsing finished)	21.027966167	11.496329754998442	501.362688	cloud-23940
verifythis/elimination_max.yml	true	ERROR (generic error, after parsing finished)	25.243236184	13.939966370002367	569.389056	cloud-24260	ERROR (server error, after parsing finished)	14.212382437	7.912867685983656	561.631232	cloud-23944	ERROR (generic error, after parsing finished)	23.322924696	12.875380571989808	524.193792	cloud-23982
verifythis/lcp.yml	true	ERROR (generic error, after parsing finished)	25.539401717	14.406034103987622	561.905664	cloud-24260	ERROR (server error, after parsing finished)	22.835257624	12.633254177984782	556.576768	cloud-23938	ERROR (generic error, after parsing finished)	14.71085958	8.365823916974477	499.109888	cloud-23980
verifythis/prefixsum_iter.yml	true	ERROR (generic error, after parsing finished)	26.967104994	14.595112995011732	536.485888	cloud-23933	ERROR (server error, after parsing finished)	18.375860336	10.214008241979172	607.875072	cloud-23979	ERROR (generic error, after parsing finished)	17.805162994	10.002384423016338	509.927424	cloud-23980
verifythis/tree_del_iter.yml	false	ERROR (frontend failed, before parsing finished)	2.831305156	1.6768548069812823	107.806720	cloud-23979	ERROR (frontend failed, before parsing finished)	1.861535818	1.1162654910003766	109.391872	cloud-23982	ERROR (frontend failed, before parsing finished)	2.677603479	1.5573027410137001	117.694464	cloud-23933
verifythis/tree_del_iter_incorrect.yml	false	ERROR (frontend failed, before parsing finished)	1.901976088	1.1373505860101432	108.920832	cloud-24259	ERROR (frontend failed, before parsing finished)	3.248654607	2.070686833001673	109.137920	cloud-23982	ERROR (frontend failed, before parsing finished)	3.456350679	1.9520806949876714	117.972992	cloud-23980
combinations/Problem05_label40+token_ring.01.cil-1.yml	false	OUT OF MEMORY	456.746310869	383.53527008902165	15000.043520	cloud-23933	OUT OF MEMORY	464.354709093	403.24083452200284	15000.039424	cloud-23980	OUT OF MEMORY	351.218309763	299.8545105490193	15000.162304	cloud-23939
combinations/Problem05_label40+token_ring.02.cil-1.yml	false	OUT OF MEMORY	357.023750925	303.48910453901044	15000.158208	cloud-23939	OUT OF MEMORY	407.928043951	348.8366461470141	15000.031232	cloud-23980	OUT OF MEMORY	287.87520784	239.79688624100527	15000.162304	cloud-23942
combinations/Problem05_label40+token_ring.03.cil-2.yml	false	OUT OF MEMORY	449.8877908	380.1195845050097	15000.035328	cloud-23979	OUT OF MEMORY	403.572240867	342.9283531740075	15000.039424	cloud-23979	OUT OF MEMORY	517.040271372	455.78274175699335	15000.039424	cloud-23980
combinations/Problem05_label40+token_ring.04.cil-1.yml	false	OUT OF MEMORY	342.094107161	290.1874298620023	15000.158208	cloud-23942	OUT OF MEMORY	443.466300692	384.4810966490186	15000.035328	cloud-23979	OUT OF MEMORY	592.942394298	523.0300387500029	15000.043520	cloud-23980
combinations/Problem05_label40+token_ring.05.cil-1.yml	false	OUT OF MEMORY	279.664024977	238.0083932689995	15000.162304	cloud-23940	OUT OF MEMORY	390.482881094	332.36070642300183	15000.035328	cloud-23979	OUT OF MEMORY	562.376110607	491.30782020199695	15000.043520	cloud-23982
combinations/Problem05_label40+token_ring.06.cil-2.yml	false	OUT OF MEMORY	333.350780292	285.71978275999936	15000.162304	cloud-23943	OUT OF MEMORY	349.677957047	301.4387016730034	15000.162304	cloud-23940	OUT OF MEMORY	364.098192732	314.89125421401695	15000.158208	cloud-23939
combinations/Problem05_label40+token_ring.07.cil-1.yml	false	OUT OF MEMORY	596.94582897	523.3207760940004	15000.035328	cloud-23979	OUT OF MEMORY	361.183193495	308.7644436949922	15000.162304	cloud-23939	OUT OF MEMORY	390.292727323	336.1808995050087	15000.162304	cloud-23942
combinations/Problem05_label40+token_ring.08.cil-1.yml	false	OUT OF MEMORY	406.656024293	354.22391462200903	15000.166400	cloud-23944	OUT OF MEMORY	594.00717829	524.1971245490131	15000.027136	cloud-23982	OUT OF MEMORY	429.829968897	379.18285659799585	15000.166400	cloud-23940
combinations/Problem05_label40+token_ring.09.cil-1.yml	false	OUT OF MEMORY	592.715139717	517.533859786985	15000.043520	cloud-23933	OUT OF MEMORY	405.10319002	355.25123353500385	15000.162304	cloud-23939	OUT OF MEMORY	347.729824904	304.43126367399236	15000.162304	cloud-23939
combinations/Problem05_label40+token_ring.10.cil-2.yml	false	OUT OF MEMORY	424.763761235	371.1306665929951	15000.170496	cloud-23939	OUT OF MEMORY	486.79123244	430.34174826100934	15000.039424	cloud-23933	OUT OF MEMORY	693.977537576	615.0617074019974	15000.035328	cloud-23938
combinations/Problem05_label40+token_ring.11.cil-2.yml	false	OUT OF MEMORY	512.024019659	454.93711953400634	15000.150016	cloud-23943	OUT OF MEMORY	504.159241443	445.29492663999554	15000.039424	cloud-23933	OUT OF MEMORY	447.418510663	395.16306593400077	15000.166400	cloud-23943
combinations/Problem05_label40+token_ring.12.cil-2.yml	false	OUT OF MEMORY	508.0964915	456.46396738200565	15000.166400	cloud-23944	OUT OF MEMORY	605.577331802	535.6168492370052	15000.023040	cloud-23979	OUT OF MEMORY	709.679824223	634.7502339290222	15000.039424	cloud-23938
combinations/Problem05_label40+token_ring.13.cil-2.yml	false	OUT OF MEMORY	464.6098532	416.3573216570003	15000.166400	cloud-23943	OUT OF MEMORY	649.700604676	586.8516506270098	15000.039424	cloud-23933	OUT OF MEMORY	873.066682253	789.7450338419876	15000.039424	cloud-23938
combinations/Problem05_label41+token_ring.01.cil-1.yml	false	OUT OF MEMORY	255.553154966	213.6449071999814	15000.166400	cloud-23940	OUT OF MEMORY	441.137077374	375.4109260439873	15000.039424	cloud-23982	OUT OF MEMORY	269.526677148	224.7426274699974	15000.166400	cloud-23944
combinations/Problem05_label41+token_ring.02.cil-1.yml	false	OUT OF MEMORY	488.931800362	419.3948066459852	15000.039424	cloud-24260	OUT OF MEMORY	505.32871378	438.49939416599227	15000.039424	cloud-23980	OUT OF MEMORY	315.098812302	261.7491660640226	15000.166400	cloud-23941
combinations/Problem05_label41+token_ring.03.cil-2.yml	false	OUT OF MEMORY	287.416418996	241.35328170700086	15000.154112	cloud-23943	OUT OF MEMORY	397.827379463	335.99287564199767	15000.039424	cloud-23982	OUT OF MEMORY	447.52153176	384.47539074497763	15000.039424	cloud-23979
combinations/Problem05_label41+token_ring.04.cil-1.yml	false	OUT OF MEMORY	331.165481678	273.49212084701867	15000.154112	cloud-23944	OUT OF MEMORY	482.507310511	416.2283404500049	15000.039424	cloud-23982	OUT OF MEMORY	577.079054248	497.4146112399758	15000.039424	cloud-23938
combinations/Problem05_label41+token_ring.05.cil-1.yml	false	OUT OF MEMORY	338.656720304	287.12500079598976	15000.166400	cloud-23943	OUT OF MEMORY	599.025334917	519.0990006930078	15000.039424	cloud-23938	OUT OF MEMORY	398.064102079	344.7948375570122	15000.154112	cloud-23940
combinations/Problem05_label41+token_ring.06.cil-2.yml	false	OUT OF MEMORY	559.290471995	481.8163091840106	15000.047616	cloud-23933	OUT OF MEMORY	485.636870167	420.46569004500634	15000.039424	cloud-23979	OUT OF MEMORY	579.448746632	514.5322537280153	15000.035328	cloud-23980
combinations/Problem05_label41+token_ring.07.cil-1.yml	false	OUT OF MEMORY	586.193052686	523.8229030329967	15000.043520	cloud-24261	OUT OF MEMORY	353.296994142	305.27645557999494	15000.154112	cloud-23940	OUT OF MEMORY	503.217306953	432.35760417798883	15000.039424	cloud-23933
combinations/Problem05_label41+token_ring.08.cil-1.yml	false	OUT OF MEMORY	781.168489502	698.4094226079906	15000.043520	cloud-24259	OUT OF MEMORY	464.821137512	403.93438290199265	15000.039424	cloud-23982	OUT OF MEMORY	687.043360302	621.4698361720075	15000.035328	cloud-23980
combinations/Problem05_label41+token_ring.09.cil-1.yml	false	OUT OF MEMORY	404.438323278	355.2629493929999	15000.158208	cloud-23941	OUT OF MEMORY	685.5374581	605.3284069630026	15000.039424	cloud-23982	OUT OF MEMORY	417.342571522	366.745211424015	15000.154112	cloud-23940
combinations/Problem05_label41+token_ring.10.cil-2.yml	false	OUT OF MEMORY	408.203575044	360.394657722	15000.395776	cloud-23943	OUT OF MEMORY	437.524069938	385.2437765930081	15000.158208	cloud-23939	OUT OF MEMORY	679.940755608	613.4195039749902	15000.043520	cloud-23980
combinations/Problem05_label41+token_ring.11.cil-2.yml	false	OUT OF MEMORY	379.397556391	332.2465607869999	15000.162304	cloud-23939	OUT OF MEMORY	499.978355313	447.0868665140006	15000.039424	cloud-23933	OUT OF MEMORY	573.775179184	506.24186153302435	15000.039424	cloud-23979
combinations/Problem05_label41+token_ring.12.cil-2.yml	false	OUT OF MEMORY	407.215582026	364.6970370809995	15000.158208	cloud-23942	OUT OF MEMORY	496.191875427	446.34010162300547	15000.039424	cloud-23933	OUT OF MEMORY	774.003120377	704.695542764006	15000.039424	cloud-23980
combinations/Problem05_label41+token_ring.13.cil-2.yml	false	OUT OF MEMORY	422.84480778	379.030368858017	15000.166400	cloud-23940	OUT OF MEMORY	683.207846548	614.6515377159812	15000.039424	cloud-23933	OUT OF MEMORY	776.774439279	705.500535174011	15000.035328	cloud-23982
combinations/Problem05_label42+token_ring.01.cil-1.yml	true	OUT OF MEMORY	544.752925786	461.92862145099207	15000.035328	cloud-24259	OUT OF MEMORY	266.761322248	224.0330122789892	15000.162304	cloud-23944	OUT OF MEMORY	531.575664732	456.09835276400554	15000.035328	cloud-23938
combinations/Problem05_label42+token_ring.01.cil-2.yml	false	OUT OF MEMORY	637.19779509	555.5578297629836	15000.039424	cloud-24259	OUT OF MEMORY	311.567704534	257.5887735020078	15000.039424	cloud-23982	OUT OF MEMORY	251.989454709	209.73339270899305	15000.162304	cloud-23944
combinations/Problem05_label42+token_ring.02.cil-1.yml	true	OUT OF MEMORY	472.365268633	403.10120952299985	15000.043520	cloud-24261	OUT OF MEMORY	343.251463072	290.04622933702194	15000.023040	cloud-23982	OUT OF MEMORY	323.220149164	271.7304875859991	15000.162304	cloud-23943
combinations/Problem05_label42+token_ring.02.cil-2.yml	false	OUT OF MEMORY	385.339820201	326.2782270739999	15000.047616	cloud-24259	OUT OF MEMORY	345.740642414	292.40888435501256	15000.035328	cloud-23933	OUT OF MEMORY	547.31065045	472.5843858520093	15000.018944	cloud-23938
combinations/Problem05_label42+token_ring.03.cil-1.yml	false	OUT OF MEMORY	331.629716153	284.5901265909997	15000.158208	cloud-23943	OUT OF MEMORY	355.589097335	300.67864918801934	15000.031232	cloud-23982	OUT OF MEMORY	356.169789918	302.9053285359987	15000.166400	cloud-23942
combinations/Problem05_label42+token_ring.03.cil-2.yml	true	OUT OF MEMORY	366.662859183	308.63778017202276	15000.158208	cloud-23941	OUT OF MEMORY	327.9515643	278.83206406299723	15000.162304	cloud-23942	OUT OF MEMORY	332.769912893	283.65180304201203	15000.162304	cloud-23939
combinations/Problem05_label42+token_ring.04.cil-1.yml	true	OUT OF MEMORY	385.755968509	329.74553844798356	15000.158208	cloud-23939	OUT OF MEMORY	394.251017858	334.5829978429829	15000.039424	cloud-23982	OUT OF MEMORY	545.939214378	484.3308080880088	15000.043520	cloud-23980
combinations/Problem05_label42+token_ring.04.cil-2.yml	false	OUT OF MEMORY	350.62803692	300.09100748298806	15000.166400	cloud-23939	OUT OF MEMORY	331.369796945	280.12333253299585	15000.039424	cloud-23933	OUT OF MEMORY	361.690851536	310.5322522119968	15000.158208	cloud-23940
combinations/Problem05_label42+token_ring.05.cil-1.yml	true	OUT OF MEMORY	586.704927193	514.8942264319921	15000.047616	cloud-24259	OUT OF MEMORY	331.264434793	282.48714942098013	15000.162304	cloud-23940	OUT OF MEMORY	433.154277053	368.54793945199344	15000.039424	cloud-23979
combinations/Problem05_label42+token_ring.05.cil-2.yml	false	OUT OF MEMORY	349.715009685	298.9781455770135	15000.166400	cloud-23944	OUT OF MEMORY	521.824543119	448.10738687598496	15000.035328	cloud-23982	OUT OF MEMORY	420.36336221	361.14370849597617	15000.039424	cloud-23979
combinations/Problem05_label42+token_ring.06.cil-1.yml	false	OUT OF MEMORY	607.320601596	531.5502478609851	15000.047616	cloud-24260	OUT OF MEMORY	518.118506124	442.18958755698986	15000.039424	cloud-23982	OUT OF MEMORY	331.85527898	283.25226811901666	15000.166400	cloud-23943
combinations/Problem05_label42+token_ring.06.cil-2.yml	true	OUT OF MEMORY	387.650255519	336.52503990999685	15000.166400	cloud-23940	OUT OF MEMORY	653.290894103	579.3488279450103	15000.035328	cloud-23982	OUT OF MEMORY	569.829533694	498.08926515700296	15000.043520	cloud-23938
combinations/Problem05_label42+token_ring.07.cil-1.yml	true	OUT OF MEMORY	685.90617238	604.678165659001	15000.035328	cloud-23979	OUT OF MEMORY	454.156224175	396.0477062329883	15000.039424	cloud-23979	OUT OF MEMORY	611.769335207	545.0370829789899	15000.039424	cloud-23980
combinations/Problem05_label42+token_ring.07.cil-2.yml	false	OUT OF MEMORY	398.831918383	344.30457120598294	15000.150016	cloud-23941	OUT OF MEMORY	337.549059487	290.80021093500545	15000.162304	cloud-23942	OUT OF MEMORY	640.927608472	567.092712534999	15000.043520	cloud-23982
combinations/Problem05_label42+token_ring.08.cil-1.yml	true	OUT OF MEMORY	603.108695979	535.7419896709907	15000.043520	cloud-23933	OUT OF MEMORY	371.142045454	322.03065676800907	15000.162304	cloud-23940	OUT OF MEMORY	579.659609806	506.05534403101774	15000.039424	cloud-23933
combinations/Problem05_label42+token_ring.08.cil-2.yml	false	OUT OF MEMORY	646.289221952	575.1533266309998	15000.035328	cloud-23979	OUT OF MEMORY	378.586186442	329.1971066299884	15000.162304	cloud-23940	OUT OF MEMORY	690.959763498	607.0161234699772	15000.035328	cloud-23938
combinations/Problem05_label42+token_ring.09.cil-1.yml	true	OUT OF MEMORY	419.329791082	366.7682744939957	15000.158208	cloud-23944	OUT OF MEMORY	639.186462242	570.3380988579884	15000.039424	cloud-23982	OUT OF MEMORY	743.195878502	666.3116577570036	15000.035328	cloud-23938
combinations/Problem05_label42+token_ring.09.cil-2.yml	false	OUT OF MEMORY	393.114170088	344.3928206389828	15000.166400	cloud-23943	OUT OF MEMORY	393.361241872	340.62552915900596	15000.162304	cloud-23939	OUT OF MEMORY	417.446310445	366.13539726802264	15000.166400	cloud-23940
combinations/Problem05_label42+token_ring.10.cil-1.yml	false	OUT OF MEMORY	393.080140513	345.77943433999826	15000.158208	cloud-23943	OUT OF MEMORY	488.710785579	432.34357023000484	15000.035328	cloud-23980	OUT OF MEMORY	577.185443738	507.23566608599504	15000.039424	cloud-23933
combinations/Problem05_label42+token_ring.10.cil-2.yml	true	OUT OF MEMORY	378.061174877	334.7328196999988	15000.162304	cloud-23944	OUT OF MEMORY	435.799902175	379.968835940992	15000.039424	cloud-23933	OUT OF MEMORY	621.49223022	552.8201425469888	15000.039424	cloud-23982
combinations/Problem05_label42+token_ring.11.cil-1.yml	false	OUT OF MEMORY	629.331993976	552.0986341270036	15000.043520	cloud-24260	OUT OF MEMORY	476.690653319	422.84143261500867	15000.035328	cloud-23933	OUT OF MEMORY	660.423893599	592.3861591859895	15000.035328	cloud-23933
combinations/Problem05_label42+token_ring.11.cil-2.yml	true	OUT OF MEMORY	409.54171389	362.7674221979996	15000.162304	cloud-23941	OUT OF MEMORY	542.552240701	481.2119751959981	15000.039424	cloud-23933	OUT OF MEMORY	676.45176735	605.8320026010042	15000.031232	cloud-23933
combinations/Problem05_label42+token_ring.12.cil-1.yml	false	OUT OF MEMORY	649.644535652	578.5790268039855	15000.039424	cloud-23979	OUT OF MEMORY	552.926902072	491.9167221010139	15000.039424	cloud-23933	OUT OF MEMORY	658.334505191	591.4874456280086	15000.027136	cloud-23933
combinations/Problem05_label42+token_ring.12.cil-2.yml	true	OUT OF MEMORY	466.177627243	411.7905498550099	15000.166400	cloud-23943	OUT OF MEMORY	486.515988294	431.12568893199204	15000.162304	cloud-23939	OUT OF MEMORY	439.308899669	388.65522555902135	15000.166400	cloud-23942
combinations/Problem05_label42+token_ring.13.cil-1.yml	false	OUT OF MEMORY	467.780695919	419.2312407339996	15000.150016	cloud-23941	OUT OF MEMORY	566.315170781	506.5690069490229	15000.039424	cloud-23979	OUT OF MEMORY	507.610502987	452.60965493298136	15000.166400	cloud-23939
combinations/Problem05_label42+token_ring.13.cil-2.yml	true	OUT OF MEMORY	623.733783972	556.660328082	15000.035328	cloud-24261	OUT OF MEMORY	589.547642359	529.3067199700163	15000.031232	cloud-23979	OUT OF MEMORY	750.356300904	674.6225632689893	15000.039424	cloud-23938
combinations/Problem05_label42+token_ring.14.cil.yml	false	OUT OF MEMORY	678.646246053	608.9718558049935	15000.043520	cloud-23933	OUT OF MEMORY	585.423439862	522.636361300014	15000.035328	cloud-23933	OUT OF MEMORY	583.960787717	525.004364619992	15000.035328	cloud-23979
combinations/Problem05_label42+token_ring.15.cil.yml	false	OUT OF MEMORY	440.809853855	391.284696740011	15000.154112	cloud-23940	OUT OF MEMORY	655.057250773	589.6878739990061	15000.031232	cloud-23933	OUT OF MEMORY	510.41210117	457.5140634260024	15000.166400	cloud-23939
combinations/Problem05_label43+token_ring.01.cil-1.yml	true	OUT OF MEMORY	283.682694703	240.0822582920082	15000.158208	cloud-23942	OUT OF MEMORY	350.085149163	297.1801413749927	15000.039424	cloud-23933	OUT OF MEMORY	396.973838843	335.3751624999859	15000.031232	cloud-23933
combinations/Problem05_label43+token_ring.01.cil-2.yml	false	OUT OF MEMORY	281.947621498	234.72775122799794	15000.162304	cloud-23942	OUT OF MEMORY	309.207269853	255.2277861009934	15000.039424	cloud-23979	OUT OF MEMORY	476.881650185	402.85763700000825	15000.031232	cloud-23982
combinations/Problem05_label43+token_ring.02.cil-1.yml	true	OUT OF MEMORY	315.137134177	262.79740388400387	15000.158208	cloud-23941	OUT OF MEMORY	348.332300838	295.2616189660039	15000.035328	cloud-23980	OUT OF MEMORY	284.55310053	237.2559031629935	15000.162304	cloud-23942
combinations/Problem05_label43+token_ring.02.cil-2.yml	false	OUT OF MEMORY	441.269953972	374.849408088	15000.039424	cloud-24259	OUT OF MEMORY	327.380981946	275.72599689499475	15000.039424	cloud-23933	OUT OF MEMORY	325.639415335	270.3814368430176	15000.043520	cloud-23979
combinations/Problem05_label43+token_ring.03.cil-1.yml	false	OUT OF MEMORY	299.956791793	248.68092099600472	15000.158208	cloud-23942	OUT OF MEMORY	398.164604237	341.547914366005	15000.039424	cloud-23938	OUT OF MEMORY	336.021455512	285.61600060301134	15000.162304	cloud-23943
combinations/Problem05_label43+token_ring.03.cil-2.yml	true	OUT OF MEMORY	632.290989286	558.4820981819939	15000.039424	cloud-24259	OUT OF MEMORY	340.873037059	285.5348774380109	15000.031232	cloud-23980	OUT OF MEMORY	330.937601447	282.14346845902037	15000.145920	cloud-23939
combinations/Problem05_label43+token_ring.04.cil-1.yml	true	OUT OF MEMORY	510.101413659	434.7147850229958	15000.047616	cloud-24260	OUT OF MEMORY	528.079789431	453.1684157559939	15000.039424	cloud-23938	OUT OF MEMORY	324.13124361	275.64117057598196	15000.162304	cloud-23940
combinations/Problem05_label43+token_ring.04.cil-2.yml	false	OUT OF MEMORY	316.854461493	263.4337790480058	15000.166400	cloud-23941	OUT OF MEMORY	406.22693133	343.34809700600454	15000.031232	cloud-23979	OUT OF MEMORY	336.77801071	287.74238065900863	15000.154112	cloud-23942
combinations/Problem05_label43+token_ring.05.cil-1.yml	true	OUT OF MEMORY	297.169742479	255.30463897200025	15000.158208	cloud-23942	OUT OF MEMORY	482.481529295	421.1793380349991	15000.035328	cloud-23933	OUT OF MEMORY	509.076666651	447.3058041019831	15000.043520	cloud-23980
combinations/Problem05_label43+token_ring.05.cil-2.yml	false	OUT OF MEMORY	598.512799836	527.4679448309762	15000.039424	cloud-24259	OUT OF MEMORY	408.592531313	351.93045033700764	15000.039424	cloud-23979	OUT OF MEMORY	477.102459461	415.7761588729918	15000.035328	cloud-23979
combinations/Problem05_label43+token_ring.06.cil-1.yml	false	OUT OF MEMORY	319.811216617	279.29368752699975	15000.166400	cloud-23944	OUT OF MEMORY	403.146101029	347.75357839200296	15000.031232	cloud-23979	OUT OF MEMORY	410.7821215	357.35813604999566	15000.166400	cloud-23939
combinations/Problem05_label43+token_ring.06.cil-2.yml	true	OUT OF MEMORY	531.33429207	469.099782979	15000.043520	cloud-23933	OUT OF MEMORY	402.935871022	339.9178246950032	15000.260608	cloud-23982	OUT OF MEMORY	392.576201334	340.49405394800124	15000.162304	cloud-23941
combinations/Problem05_label43+token_ring.07.cil-1.yml	true	OUT OF MEMORY	525.95414249	454.37551292399985	15000.043520	cloud-23933	OUT OF MEMORY	660.274844453	586.835872013995	15000.039424	cloud-23982	OUT OF MEMORY	510.067407223	439.1824805479846	15000.043520	cloud-23933
combinations/Problem05_label43+token_ring.07.cil-2.yml	false	OUT OF MEMORY	315.409694979	273.5973850810001	15000.166400	cloud-23944	OUT OF MEMORY	414.064809076	360.83312745098374	15000.031232	cloud-23979	OUT OF MEMORY	561.649089813	492.6109656940098	15000.043520	cloud-23980
combinations/Problem05_label43+token_ring.08.cil-1.yml	true	OUT OF MEMORY	688.373063906	619.5283973329933	15000.047616	cloud-24259	OUT OF MEMORY	492.926428136	428.79617170701385	15000.039424	cloud-23933	OUT OF MEMORY	641.279038107	574.392475539993	15000.039424	cloud-23980
combinations/Problem05_label43+token_ring.08.cil-2.yml	false	OUT OF MEMORY	407.484328734	353.5753143010006	15000.158208	cloud-23944	OUT OF MEMORY	387.23716056	335.25869031299953	15000.162304	cloud-23943	OUT OF MEMORY	432.024875863	374.868574417982	15000.166400	cloud-23939
combinations/Problem05_label43+token_ring.09.cil-1.yml	true	OUT OF MEMORY	470.065794936	414.6407554410107	15000.158208	cloud-23943	OUT OF MEMORY	554.466130696	488.55415483901743	15000.031232	cloud-23933	OUT OF MEMORY	562.005108346	496.6011202940135	15000.031232	cloud-23933
combinations/Problem05_label43+token_ring.09.cil-2.yml	false	OUT OF MEMORY	595.799181181	529.6394404069999	15000.264704	cloud-23979	OUT OF MEMORY	465.53000671	405.74389099300606	15000.039424	cloud-23979	OUT OF MEMORY	513.807789208	453.5593577489781	15000.043520	cloud-23979
combinations/Problem05_label43+token_ring.10.cil-1.yml	false	OUT OF MEMORY	596.974727231	524.6968520930095	15000.043520	cloud-23979	OUT OF MEMORY	550.176910946	487.07012296200264	15000.035328	cloud-23982	OUT OF MEMORY	552.491967414	487.05677520800964	15000.039424	cloud-23979
combinations/Problem05_label43+token_ring.10.cil-2.yml	true	OUT OF MEMORY	438.525530543	381.4266836180177	15000.166400	cloud-23943	OUT OF MEMORY	423.935228235	372.4585726369987	15000.154112	cloud-23940	OUT OF MEMORY	421.752627084	367.2663841310132	15000.166400	cloud-23941
combinations/Problem05_label43+token_ring.11.cil-1.yml	false	OUT OF MEMORY	382.092757791	337.23084696300066	15000.158208	cloud-23942	OUT OF MEMORY	388.893731593	341.50874111201847	15000.162304	cloud-23944	OUT OF MEMORY	592.957345859	524.5775703179825	15000.035328	cloud-23979
combinations/Problem05_label43+token_ring.11.cil-2.yml	true	OUT OF MEMORY	489.934416471	433.3354593270051	15000.166400	cloud-23939	OUT OF MEMORY	501.449186385	441.2637242189958	15000.039424	cloud-23979	OUT OF MEMORY	769.297217325	704.2092718829808	15000.043520	cloud-23980
combinations/Problem05_label43+token_ring.12.cil-1.yml	false	OUT OF MEMORY	407.434199949	363.07819137499973	15000.158208	cloud-23942	OUT OF MEMORY	544.566034964	487.93169028600096	15000.035328	cloud-23982	OUT OF MEMORY	583.423863246	521.8825490599847	15000.043520	cloud-23933
combinations/Problem05_label43+token_ring.12.cil-2.yml	true	OUT OF MEMORY	414.059975493	368.65003888399224	15000.162304	cloud-23940	OUT OF MEMORY	570.449310454	509.74823861100595	15000.031232	cloud-23933	OUT OF MEMORY	737.096418234	668.0371742800053	15000.023040	cloud-23933
combinations/Problem05_label43+token_ring.13.cil-1.yml	false	OUT OF MEMORY	805.010710872	725.0914134680006	15000.047616	cloud-23979	OUT OF MEMORY	437.340884072	395.8424682119803	15000.162304	cloud-23944	OUT OF MEMORY	624.337060717	554.345002445014	15000.035328	cloud-23979
combinations/Problem05_label43+token_ring.13.cil-2.yml	true	OUT OF MEMORY	443.080869952	396.67058548500063	15000.158208	cloud-23940	OUT OF MEMORY	462.358419068	409.9291473859921	15000.154112	cloud-23940	OUT OF MEMORY	839.045918438	767.0994982740085	15000.035328	cloud-23980
combinations/Problem05_label43+token_ring.14.cil.yml	false	OUT OF MEMORY	783.669465937	705.1657216159947	15000.043520	cloud-24259	OUT OF MEMORY	524.248622958	465.03550629899837	15000.035328	cloud-23980	OUT OF MEMORY	481.471163612	429.3056052569882	15000.162304	cloud-23939
combinations/Problem05_label43+token_ring.15.cil.yml	false	OUT OF MEMORY	496.895757015	441.9532245399896	15000.166400	cloud-23944	OUT OF MEMORY	684.117536745	622.4019640839833	15000.039424	cloud-23933	OUT OF MEMORY	490.256943095	439.2533460769919	15000.166400	cloud-23942
combinations/Problem05_label44+token_ring.01.cil-1.yml	false	OUT OF MEMORY	450.833827161	376.04698541000835	15000.043520	cloud-23933	OUT OF MEMORY	323.052447656	262.20296550900093	15000.031232	cloud-23933	OUT OF MEMORY	272.101757161	225.4016779930098	15000.154112	cloud-23943
combinations/Problem05_label44+token_ring.02.cil-1.yml	false	OUT OF MEMORY	265.088010913	222.7977537939987	15000.158208	cloud-23939	OUT OF MEMORY	369.1883747	307.2929115630104	15000.039424	cloud-23938	OUT OF MEMORY	529.504981337	460.52163335698424	15000.043520	cloud-23980
combinations/Problem05_label44+token_ring.03.cil-2.yml	false	OUT OF MEMORY	265.06130372	223.6611867369793	15000.154112	cloud-23940	OUT OF MEMORY	329.845825176	280.09674771199934	15000.039424	cloud-23979	OUT OF MEMORY	401.448034798	340.1663531069935	15000.043520	cloud-23979
combinations/Problem05_label44+token_ring.04.cil-1.yml	false	OUT OF MEMORY	355.056388142	305.27044528600527	15000.158208	cloud-23942	OUT OF MEMORY	356.190382602	297.92745686598937	15000.039424	cloud-23979	OUT OF MEMORY	296.851714409	253.90351900699898	15000.154112	cloud-23944
combinations/Problem05_label44+token_ring.05.cil-1.yml	false	OUT OF MEMORY	298.477810181	256.16505288199915	15000.170496	cloud-23942	OUT OF MEMORY	562.774070908	490.8015046049841	15000.035328	cloud-23938	OUT OF MEMORY	458.717767287	391.44401967697195	15000.043520	cloud-23933
combinations/Problem05_label44+token_ring.06.cil-2.yml	false	OUT OF MEMORY	410.262368633	353.97738523301086	15000.162304	cloud-23939	OUT OF MEMORY	406.76671303	349.66565104201436	15000.031232	cloud-23980	OUT OF MEMORY	640.730330766	561.4908116160077	15000.043520	cloud-23938
combinations/Problem05_label44+token_ring.07.cil-1.yml	false	OUT OF MEMORY	359.319161073	309.633897577005	15000.166400	cloud-23943	OUT OF MEMORY	457.572268843	398.31003324099584	15000.039424	cloud-23938	OUT OF MEMORY	477.815029778	414.3764208149805	15000.023040	cloud-23979
combinations/Problem05_label44+token_ring.08.cil-1.yml	false	OUT OF MEMORY	476.264219316	419.82317761601007	15000.035328	cloud-24259	OUT OF MEMORY	520.752568421	462.675717672013	15000.031232	cloud-23980	OUT OF MEMORY	385.019159275	333.8594085079967	15000.154112	cloud-23942
combinations/Problem05_label44+token_ring.09.cil-1.yml	false	OUT OF MEMORY	462.436159589	406.3075190100062	15000.166400	cloud-23939	OUT OF MEMORY	676.116847	603.1193453239975	15000.035328	cloud-23938	OUT OF MEMORY	428.233040109	373.0670654179994	15000.145920	cloud-23941
combinations/Problem05_label44+token_ring.10.cil-2.yml	false	OUT OF MEMORY	652.307203422	579.350929766	15000.043520	cloud-24259	OUT OF MEMORY	370.593397794	323.88297041799524	15000.158208	cloud-23943	OUT OF MEMORY	422.070072191	371.73628058997565	15000.162304	cloud-23943
combinations/Problem05_label44+token_ring.11.cil-2.yml	false	OUT OF MEMORY	800.248953657	724.3422760220128	15000.043520	cloud-24259	OUT OF MEMORY	574.694813041	511.96495334699284	15000.031232	cloud-23979	OUT OF MEMORY	678.818423888	613.8117498020001	15000.043520	cloud-23980
combinations/Problem05_label44+token_ring.12.cil-2.yml	false	OUT OF MEMORY	740.118138515	662.599596427	15000.043520	cloud-23979	OUT OF MEMORY	502.687529319	447.01019458298106	15000.039424	cloud-23979	OUT OF MEMORY	458.959727237	407.3201670109993	15000.162304	cloud-23942
combinations/Problem05_label44+token_ring.13.cil-2.yml	false	OUT OF MEMORY	753.975721122	678.5072871440061	15000.047616	cloud-24260	OUT OF MEMORY	540.697340815	476.23555601300905	15000.039424	cloud-23933	OUT OF MEMORY	439.452150909	392.9379020849883	15000.166400	cloud-23944
combinations/Problem05_label45+token_ring.01.cil-1.yml	true	OUT OF MEMORY	233.217742048	192.8884063280002	15000.166400	cloud-23939	OUT OF MEMORY	281.106222177	232.84966378100216	15000.154112	cloud-23939	OUT OF MEMORY	290.825377026	244.72488926301594	15000.154112	cloud-23944
combinations/Problem05_label45+token_ring.01.cil-2.yml	false	OUT OF MEMORY	287.896154358	239.77171170500515	15000.162304	cloud-23944	OUT OF MEMORY	315.7464068	266.1434665719862	15000.039424	cloud-23933	OUT OF MEMORY	527.946523645	455.4473619470082	15000.039424	cloud-23933
combinations/Problem05_label45+token_ring.02.cil-1.yml	true	OUT OF MEMORY	263.017256697	221.40831365299982	15000.154112	cloud-23942	OUT OF MEMORY	368.272840231	304.8557955189899	15000.039424	cloud-23933	OUT OF MEMORY	336.485454488	285.4854310840019	15000.166400	cloud-23943
combinations/Problem05_label45+token_ring.02.cil-2.yml	false	OUT OF MEMORY	550.523488347	468.3718086669978	15000.039424	cloud-24260	OUT OF MEMORY	372.311692834	314.0018929139769	15000.039424	cloud-23980	OUT OF MEMORY	412.775237742	350.1708743510244	15000.031232	cloud-23933
combinations/Problem05_label45+token_ring.03.cil-1.yml	false	OUT OF MEMORY	314.144849298	264.0073292159941	15000.158208	cloud-23944	OUT OF MEMORY	295.863881946	248.1027741660073	15000.162304	cloud-23940	OUT OF MEMORY	496.957880927	427.3237255150161	15000.031232	cloud-23982
combinations/Problem05_label45+token_ring.03.cil-2.yml	true	OUT OF MEMORY	309.246859552	257.2607854430098	15000.154112	cloud-23941	OUT OF MEMORY	643.557542351	567.791905445978	15000.031232	cloud-23982	OUT OF MEMORY	470.912391038	404.30410983099137	15000.035328	cloud-23938
combinations/Problem05_label45+token_ring.04.cil-1.yml	true	OUT OF MEMORY	582.177656493	501.4210935580195	15000.039424	cloud-24260	OUT OF MEMORY	387.406042569	330.60862206600723	15000.039424	cloud-23938	OUT OF MEMORY	349.996898292	299.7221663539822	15000.145920	cloud-23942
combinations/Problem05_label45+token_ring.04.cil-2.yml	false	OUT OF MEMORY	272.041458487	228.34159705599996	15000.154112	cloud-23944	OUT OF MEMORY	446.04768143	378.46206267998787	15000.039424	cloud-23933	OUT OF MEMORY	311.687441639	263.54328160799923	15000.154112	cloud-23942
combinations/Problem05_label45+token_ring.05.cil-1.yml	true	OUT OF MEMORY	360.083951642	307.362279338995	15000.158208	cloud-23941	OUT OF MEMORY	528.090532598	464.1928611159965	15000.039424	cloud-23980	OUT OF MEMORY	571.591814725	507.2966794570093	15000.027136	cloud-23980
combinations/Problem05_label45+token_ring.05.cil-2.yml	false	OUT OF MEMORY	538.292658466	461.33430431899615	15000.047616	cloud-24260	OUT OF MEMORY	400.766166313	342.77662837700336	15000.039424	cloud-23979	OUT OF MEMORY	480.768102992	414.15915460701217	15000.043520	cloud-23979
combinations/Problem05_label45+token_ring.06.cil-1.yml	false	OUT OF MEMORY	329.068525065	281.7152437530167	15000.170496	cloud-23940	OUT OF MEMORY	378.83495771	323.9888201459835	15000.162304	cloud-23939	OUT OF MEMORY	534.587689651	462.43852210999466	15000.043520	cloud-23979
combinations/Problem05_label45+token_ring.06.cil-2.yml	true	OUT OF MEMORY	584.994920025	510.89697190001607	15000.039424	cloud-24259	OUT OF MEMORY	424.02082951	369.29176271898905	15000.035328	cloud-23933	OUT OF MEMORY	493.677347366	426.647037926974	15000.043520	cloud-23979
combinations/Problem05_label45+token_ring.07.cil-1.yml	true	OUT OF MEMORY	527.693523237	465.01469447099953	15000.039424	cloud-23979	OUT OF MEMORY	358.643859943	311.12461097099003	15000.162304	cloud-23942	OUT OF MEMORY	593.891915627	520.5409486310091	15000.039424	cloud-23982
combinations/Problem05_label45+token_ring.07.cil-2.yml	false	OUT OF MEMORY	578.798128472	506.6194717599992	15000.027136	cloud-24259	OUT OF MEMORY	428.86414037	371.1822222189803	15000.039424	cloud-23933	OUT OF MEMORY	382.949465781	329.8623438339855	15000.158208	cloud-23942
combinations/Problem05_label45+token_ring.08.cil-1.yml	true	OUT OF MEMORY	404.818087945	353.17470823801705	15000.166400	cloud-23941	OUT OF MEMORY	419.229103037	367.667755055998	15000.031232	cloud-23933	OUT OF MEMORY	577.836903764	507.7500676859927	15000.039424	cloud-23933
combinations/Problem05_label45+token_ring.08.cil-2.yml	false	OUT OF MEMORY	588.211021487	519.5523880200053	15000.043520	cloud-23979	OUT OF MEMORY	481.902171033	423.81543235998834	15000.035328	cloud-23938	OUT OF MEMORY	369.486742107	319.444224345003	15000.162304	cloud-23943
combinations/Problem05_label45+token_ring.09.cil-1.yml	true	OUT OF MEMORY	422.141737463	371.19913959100086	15000.162304	cloud-23940	OUT OF MEMORY	460.300377794	400.6280072569789	15000.035328	cloud-23979	OUT OF MEMORY	662.716320341	585.0499702410016	15000.031232	cloud-23938
combinations/Problem05_label45+token_ring.09.cil-2.yml	false	OUT OF MEMORY	661.965433409	585.72522358899	15000.043520	cloud-24260	OUT OF MEMORY	519.397499304	454.0936019469809	15000.027136	cloud-23982	OUT OF MEMORY	643.964112665	564.1655663580168	15000.195072	cloud-23938
combinations/Problem05_label45+token_ring.10.cil-1.yml	false	OUT OF MEMORY	448.998040994	394.852778941	15000.158208	cloud-23943	OUT OF MEMORY	639.106186896	562.8228206339991	15000.035328	cloud-23938	OUT OF MEMORY	685.76966378	609.5528411350097	15000.035328	cloud-23938
combinations/Problem05_label45+token_ring.10.cil-2.yml	true	OUT OF MEMORY	428.217083838	374.8955698070058	15000.158208	cloud-23944	OUT OF MEMORY	713.178590677	648.9310806760041	15000.039424	cloud-23980	OUT OF MEMORY	530.366937774	470.8254746670136	15000.031232	cloud-23979
combinations/Problem05_label45+token_ring.11.cil-1.yml	false	OUT OF MEMORY	436.443235156	378.65084557799855	15000.158208	cloud-23943	OUT OF MEMORY	507.024825278	450.54697234599735	15000.035328	cloud-23979	OUT OF MEMORY	542.991342166	480.1366786819999	15000.035328	cloud-23933
combinations/Problem05_label45+token_ring.11.cil-2.yml	true	OUT OF MEMORY	380.230934006	336.7961532019999	15000.154112	cloud-23942	OUT OF MEMORY	544.281477559	482.7297590679955	15000.039424	cloud-23980	OUT OF MEMORY	460.586063881	404.4098345449893	15000.154112	cloud-23941
combinations/Problem05_label45+token_ring.12.cil-1.yml	false	OUT OF MEMORY	770.094875342	693.6866461809987	15000.039424	cloud-24260	OUT OF MEMORY	580.594580558	523.0696438369923	15000.031232	cloud-23980	OUT OF MEMORY	739.160702361	668.8786299389903	15000.039424	cloud-23980
combinations/Problem05_label45+token_ring.12.cil-2.yml	true	OUT OF MEMORY	715.273343098	642.1414916289941	15000.043520	cloud-24259	OUT OF MEMORY	643.642812555	582.7435977519781	15000.031232	cloud-23933	OUT OF MEMORY	425.041391442	379.9809402259998	15000.158208	cloud-23944
combinations/Problem05_label45+token_ring.13.cil-1.yml	false	TIMEOUT	903.784480939	826.6996457260102	15000.039424	cloud-24260	OUT OF MEMORY	628.979375116	567.7730535019946	15000.039424	cloud-23938	OUT OF MEMORY	816.143778275	727.1870389950054	15000.043520	cloud-23982
combinations/Problem05_label45+token_ring.13.cil-2.yml	true	OUT OF MEMORY	481.322383613	428.83102922700346	15000.158208	cloud-23944	OUT OF MEMORY	515.779335498	466.1257058059855	15000.039424	cloud-23979	OUT OF MEMORY	794.095205126	728.9325588459906	15000.039424	cloud-23980
combinations/Problem05_label45+token_ring.14.cil.yml	false	OUT OF MEMORY	768.508209141	693.9420218040013	15000.035328	cloud-23933	OUT OF MEMORY	576.650382704	514.0624802199891	15000.039424	cloud-23980	OUT OF MEMORY	406.188816904	363.4754300400091	15000.158208	cloud-23942
combinations/Problem05_label45+token_ring.15.cil.yml	false	OUT OF MEMORY	410.547241729	366.1576839319987	15000.166400	cloud-23942	OUT OF MEMORY	506.496959558	455.1120495419891	15000.039424	cloud-23933	OUT OF MEMORY	661.627513676	593.0827717719949	15000.035328	cloud-23979
combinations/Problem05_label46+token_ring.01.cil-1.yml	true	OUT OF MEMORY	285.076859276	239.52543077999871	15000.150016	cloud-23939	OUT OF MEMORY	352.678278131	295.36772041700897	15000.039424	cloud-23938	OUT OF MEMORY	333.286687133	283.86900450100075	15000.154112	cloud-23942
combinations/Problem05_label46+token_ring.01.cil-2.yml	false	OUT OF MEMORY	300.452048816	248.77335336100077	15000.166400	cloud-23944	OUT OF MEMORY	298.693864466	250.74439495999832	15000.162304	cloud-23940	OUT OF MEMORY	498.938709526	436.08955715299817	15000.043520	cloud-23980
combinations/Problem05_label46+token_ring.02.cil-1.yml	true	OUT OF MEMORY	281.058434322	234.50838312800624	15000.162304	cloud-23942	OUT OF MEMORY	322.549313904	274.84518769799615	15000.158208	cloud-23939	OUT OF MEMORY	458.932414699	387.9479518820008	15000.031232	cloud-23982
combinations/Problem05_label46+token_ring.02.cil-2.yml	false	OUT OF MEMORY	416.007707649	347.49896882101893	15000.027136	cloud-23933	OUT OF MEMORY	484.790604612	422.893763872009	15000.035328	cloud-23982	OUT OF MEMORY	278.282775663	229.01661671401234	15000.166400	cloud-23943
combinations/Problem05_label46+token_ring.03.cil-1.yml	false	OUT OF MEMORY	314.453858602	266.422978433	15000.170496	cloud-23940	OUT OF MEMORY	418.879659896	356.9372735180077	15000.039424	cloud-23979	OUT OF MEMORY	513.943065907	451.426242053014	15000.043520	cloud-23980
combinations/Problem05_label46+token_ring.03.cil-2.yml	true	OUT OF MEMORY	252.25568609	210.12194619899674	15000.166400	cloud-23939	OUT OF MEMORY	311.518685642	266.60114363298635	15000.162304	cloud-23944	OUT OF MEMORY	470.357614769	408.9649695660046	15000.031232	cloud-23980
combinations/Problem05_label46+token_ring.04.cil-1.yml	true	OUT OF MEMORY	301.999058444	255.31975703900025	15000.166400	cloud-23944	OUT OF MEMORY	373.826006701	318.1913928910217	15000.035328	cloud-23979	OUT OF MEMORY	342.730938129	292.9331175700063	15000.158208	cloud-23939
combinations/Problem05_label46+token_ring.04.cil-2.yml	false	OUT OF MEMORY	689.369110785	601.7112570570025	15000.039424	cloud-24259	OUT OF MEMORY	295.643756899	249.004481535987	15000.158208	cloud-23943	OUT OF MEMORY	503.602350278	434.63583644799655	15000.039424	cloud-23933
combinations/Problem05_label46+token_ring.05.cil-1.yml	true	OUT OF MEMORY	329.751842767	282.89614883001195	15000.166400	cloud-23939	OUT OF MEMORY	415.458515409	364.79543980699964	15000.039424	cloud-23980	OUT OF MEMORY	336.636829008	286.04703591400175	15000.166400	cloud-23943
combinations/Problem05_label46+token_ring.05.cil-2.yml	false	OUT OF MEMORY	432.240985414	368.81585096000344	15000.035328	cloud-23979	OUT OF MEMORY	426.675222013	366.2251332899905	15000.035328	cloud-23982	OUT OF MEMORY	364.180404648	310.2547931089939	15000.158208	cloud-23941
combinations/Problem05_label46+token_ring.06.cil-1.yml	false	OUT OF MEMORY	383.20534313	329.3352027509827	15000.162304	cloud-23942	OUT OF MEMORY	395.341242618	338.0030734500033	15000.039424	cloud-23933	OUT OF MEMORY	397.303401752	342.88985907897586	15000.154112	cloud-23941
combinations/Problem05_label46+token_ring.06.cil-2.yml	true	OUT OF MEMORY	387.343099607	334.77281022600073	15000.166400	cloud-23939	OUT OF MEMORY	486.165091518	422.69464652700117	15000.039424	cloud-23938	OUT OF MEMORY	595.952866538	516.8753589919943	15000.031232	cloud-23982
combinations/Problem05_label46+token_ring.07.cil-1.yml	true	OUT OF MEMORY	366.741737883	317.04579972301144	15000.158208	cloud-23944	OUT OF MEMORY	491.012348522	432.910916074994	15000.039424	cloud-23982	OUT OF MEMORY	516.82851025	449.850830106996	15000.031232	cloud-23980
combinations/Problem05_label46+token_ring.07.cil-2.yml	false	OUT OF MEMORY	613.581681303	542.804819473	15000.043520	cloud-24259	OUT OF MEMORY	423.097942943	367.59603119199164	15000.035328	cloud-23979	OUT OF MEMORY	517.334460061	449.9621081239893	15000.039424	cloud-23979
combinations/Problem05_label46+token_ring.08.cil-1.yml	true	OUT OF MEMORY	419.291326512	365.0464462059972	15000.166400	cloud-23944	OUT OF MEMORY	564.687985159	498.34660656700726	15000.035328	cloud-23938	OUT OF MEMORY	548.900931714	479.75004050999996	15000.035328	cloud-23982
combinations/Problem05_label46+token_ring.08.cil-2.yml	false	OUT OF MEMORY	403.528845639	353.56328939300147	15000.158208	cloud-23944	OUT OF MEMORY	387.774512816	338.64911942899926	15000.158208	cloud-23940	OUT OF MEMORY	380.655261648	327.9652771939873	15000.166400	cloud-23940
combinations/Problem05_label46+token_ring.09.cil-1.yml	true	OUT OF MEMORY	357.80163442	312.3175126999995	15000.158208	cloud-23942	OUT OF MEMORY	501.194430468	436.1136290229915	15000.031232	cloud-23982	OUT OF MEMORY	514.005395427	452.7181335990026	15000.043520	cloud-23979
combinations/Problem05_label46+token_ring.09.cil-2.yml	false	OUT OF MEMORY	389.547731881	341.14527625899063	15000.166400	cloud-23942	OUT OF MEMORY	458.564532326	405.12278286900255	15000.035328	cloud-23979	OUT OF MEMORY	422.152613183	370.7088244369952	15000.166400	cloud-23941
combinations/Problem05_label46+token_ring.10.cil-1.yml	false	OUT OF MEMORY	641.520835272	571.9119107300066	15000.043520	cloud-23933	OUT OF MEMORY	485.668703402	426.35596385601093	15000.031232	cloud-23938	OUT OF MEMORY	691.819346579	610.7460697700153	15000.043520	cloud-23938
combinations/Problem05_label46+token_ring.10.cil-2.yml	true	OUT OF MEMORY	752.58003426	671.3355328429898	15000.047616	cloud-24259	OUT OF MEMORY	469.491910683	411.36788927498856	15000.035328	cloud-23982	OUT OF MEMORY	411.327473457	357.26364045598893	15000.162304	cloud-23940
combinations/Problem05_label46+token_ring.11.cil-1.yml	false	OUT OF MEMORY	690.731060501	612.7727879589947	15000.027136	cloud-23933	OUT OF MEMORY	504.300793788	441.8649134770094	15000.039424	cloud-23982	OUT OF MEMORY	550.875322921	484.3493272929918	15000.031232	cloud-23979
combinations/Problem05_label46+token_ring.11.cil-2.yml	true	OUT OF MEMORY	441.227295002	388.8533866200014	15000.170496	cloud-23941	OUT OF MEMORY	500.537403351	442.2548225579958	15000.035328	cloud-23933	OUT OF MEMORY	446.476642304	393.026433246996	15000.158208	cloud-23941
combinations/Problem05_label46+token_ring.12.cil-1.yml	false	OUT OF MEMORY	481.914158615	432.0394268500022	15000.158208	cloud-23942	OUT OF MEMORY	537.953519725	482.96827037099865	15000.039424	cloud-23980	OUT OF MEMORY	718.758645106	651.6481184200093	15000.039424	cloud-23980
combinations/Problem05_label46+token_ring.12.cil-2.yml	true	OUT OF MEMORY	410.012982719	368.15935247200105	15000.166400	cloud-23940	OUT OF MEMORY	706.339123761	631.8291040390031	15000.039424	cloud-23982	OUT OF MEMORY	466.031333115	410.8985924370063	15000.158208	cloud-23941
combinations/Problem05_label46+token_ring.13.cil-1.yml	false	OUT OF MEMORY	531.841029154	472.5088526610052	15000.158208	cloud-23941	OUT OF MEMORY	595.815018854	534.6297884609958	15000.039424	cloud-23933	OUT OF MEMORY	470.526529628	418.58061709301546	15000.145920	cloud-23943
combinations/Problem05_label46+token_ring.13.cil-2.yml	true	OUT OF MEMORY	716.252683818	645.9798616350163	15000.035328	cloud-23933	OUT OF MEMORY	755.952565106	687.1458275279729	15000.039424	cloud-23982	OUT OF MEMORY	687.743161881	621.3120684270107	15000.031232	cloud-23979
combinations/Problem05_label46+token_ring.14.cil.yml	false	OUT OF MEMORY	776.839784551	695.543138293011	15000.039424	cloud-24260	OUT OF MEMORY	454.948633002	401.04985875601415	15000.158208	cloud-23942	OUT OF MEMORY	442.321015691	390.9381252300227	15000.166400	cloud-23943
combinations/Problem05_label46+token_ring.15.cil.yml	false	OUT OF MEMORY	709.856077597	642.1185798310034	15000.031232	cloud-23933	OUT OF MEMORY	815.160815209	738.0550575119851	15000.035328	cloud-23982	OUT OF MEMORY	896.688510813	813.5993627790012	15000.043520	cloud-23938
combinations/Problem05_label47+token_ring.01.cil-1.yml	false	OUT OF MEMORY	319.289552751	267.6052446379981	15000.166400	cloud-23942	OUT OF MEMORY	323.843581523	269.57659403499565	15000.039424	cloud-23980	OUT OF MEMORY	349.449530987	296.57588962098816	15000.150016	cloud-23941
combinations/Problem05_label47+token_ring.02.cil-1.yml	false	OUT OF MEMORY	300.234661653	251.04000837399508	15000.166400	cloud-23939	OUT OF MEMORY	326.558081299	272.93511254299665	15000.039424	cloud-23980	OUT OF MEMORY	294.559465978	248.50022721698042	15000.162304	cloud-23942
combinations/Problem05_label47+token_ring.03.cil-2.yml	false	OUT OF MEMORY	346.114255303	294.31414336999296	15000.379392	cloud-23941	OUT OF MEMORY	317.934616653	267.5257278670033	15000.158208	cloud-23943	OUT OF MEMORY	449.535533576	386.56915427499916	15000.035328	cloud-23933
combinations/Problem05_label47+token_ring.04.cil-1.yml	false	OUT OF MEMORY	526.380430922	456.3477067119993	15000.043520	cloud-23979	OUT OF MEMORY	594.285840583	524.4200287739804	15000.035328	cloud-23982	OUT OF MEMORY	425.330058185	361.51809326800867	15000.027136	cloud-23979
combinations/Problem05_label47+token_ring.05.cil-1.yml	false	OUT OF MEMORY	515.357063598	439.34112366699264	15000.047616	cloud-23933	OUT OF MEMORY	349.682269314	302.0369731870014	15000.154112	cloud-23940	OUT OF MEMORY	665.841362112	593.6279714990233	15000.039424	cloud-23938
combinations/Problem05_label47+token_ring.06.cil-2.yml	false	OUT OF MEMORY	348.392455302	298.0764012840009	15000.150016	cloud-23944	OUT OF MEMORY	437.828054614	375.4498159440118	15000.039424	cloud-23979	OUT OF MEMORY	349.445296346	301.45360125400475	15000.158208	cloud-23943
combinations/Problem05_label47+token_ring.07.cil-1.yml	false	OUT OF MEMORY	370.755203172	317.29197069100337	15000.162304	cloud-23943	OUT OF MEMORY	390.763134717	339.4974680310115	15000.039424	cloud-23979	OUT OF MEMORY	335.837734785	292.36880201200256	15000.162304	cloud-23944
combinations/Problem05_label47+token_ring.08.cil-1.yml	false	OUT OF MEMORY	367.548142317	320.21568573001423	15000.170496	cloud-23940	OUT OF MEMORY	521.08108475	454.0607408199867	15000.035328	cloud-23933	OUT OF MEMORY	538.95798459	470.37341347601614	15000.031232	cloud-23933
combinations/Problem05_label47+token_ring.09.cil-1.yml	false	OUT OF MEMORY	348.762923224	305.1647351779975	15000.162304	cloud-23942	OUT OF MEMORY	489.332051671	430.3245193549956	15000.039424	cloud-23938	OUT OF MEMORY	661.808139829	592.5119587939989	15000.035328	cloud-23980
combinations/Problem05_label47+token_ring.10.cil-2.yml	false	OUT OF MEMORY	554.423618061	488.13190192499997	15000.039424	cloud-24261	OUT OF MEMORY	402.821202034	354.13051327099674	15000.162304	cloud-23942	OUT OF MEMORY	384.188349886	336.5389760929975	15000.166400	cloud-23944
combinations/Problem05_label47+token_ring.11.cil-2.yml	false	OUT OF MEMORY	666.079522472	592.81222798	15000.305664	cloud-24259	OUT OF MEMORY	701.850576198	628.5924277720042	15000.027136	cloud-23982	OUT OF MEMORY	457.567518077	402.8577210229996	15000.158208	cloud-23940
combinations/Problem05_label47+token_ring.12.cil-2.yml	false	OUT OF MEMORY	849.301075886	772.1461401470006	15000.043520	cloud-24259	OUT OF MEMORY	718.503314772	646.595904042013	15000.039424	cloud-23982	OUT OF MEMORY	720.458838651	658.212377866992	15000.035328	cloud-23980
combinations/Problem05_label47+token_ring.13.cil-2.yml	false	TIMEOUT	910.041629672	826.6983732329973	15000.043520	cloud-24259	OUT OF MEMORY	596.567245825	531.3955442279985	15000.039424	cloud-23979	OUT OF MEMORY	453.008008733	403.2655866529967	15000.154112	cloud-23943
combinations/Problem05_label48+token_ring.01.cil-1.yml	false	OUT OF MEMORY	286.653534982	235.65561625201371	15000.166400	cloud-23943	OUT OF MEMORY	410.500373933	351.9991280910035	15000.031232	cloud-23933	OUT OF MEMORY	302.167684643	250.5011106870079	15000.154112	cloud-23939
combinations/Problem05_label48+token_ring.02.cil-1.yml	false	OUT OF MEMORY	306.808646328	255.45728834401234	15000.166400	cloud-23941	OUT OF MEMORY	371.976814876	313.3619184619747	15000.039424	cloud-23933	OUT OF MEMORY	324.941773425	273.75390118401265	15000.145920	cloud-23941
combinations/Problem05_label48+token_ring.03.cil-2.yml	false	OUT OF MEMORY	272.272007198	227.9848794970021	15000.158208	cloud-23940	OUT OF MEMORY	406.108238458	346.6540134839888	15000.035328	cloud-23938	OUT OF MEMORY	571.395839346	496.7260467329761	15000.035328	cloud-23982
combinations/Problem05_label48+token_ring.04.cil-1.yml	false	OUT OF MEMORY	386.856928002	330.7559840090107	15000.158208	cloud-23939	OUT OF MEMORY	447.007403278	391.9506907360046	15000.027136	cloud-23980	OUT OF MEMORY	454.071392573	385.66768692201003	15000.039424	cloud-23938
combinations/Problem05_label48+token_ring.05.cil-1.yml	false	OUT OF MEMORY	365.714844007	313.0496726320125	15000.158208	cloud-23939	OUT OF MEMORY	496.809084172	431.3333367750165	15000.039424	cloud-23980	OUT OF MEMORY	471.039337649	404.6474237579969	15000.039424	cloud-23933
combinations/Problem05_label48+token_ring.06.cil-2.yml	false	OUT OF MEMORY	348.275080243	297.1524652990047	15000.150016	cloud-23944	OUT OF MEMORY	542.481904755	487.29642597201746	15000.039424	cloud-23980	OUT OF MEMORY	380.587788357	328.6791105380107	15000.150016	cloud-23943
combinations/Problem05_label48+token_ring.07.cil-1.yml	false	OUT OF MEMORY	329.300242646	281.94842907000566	15000.166400	cloud-23940	OUT OF MEMORY	347.014510655	298.517419729993	15000.154112	cloud-23940	OUT OF MEMORY	348.974809343	305.4774281590071	15000.162304	cloud-23944
combinations/Problem05_label48+token_ring.08.cil-1.yml	false	OUT OF MEMORY	640.640298775	561.4447154740046	15000.035328	cloud-23933	OUT OF MEMORY	471.818856929	416.62996397100505	15000.039424	cloud-23980	OUT OF MEMORY	374.12480617	321.7078946850088	15000.166400	cloud-23941
combinations/Problem05_label48+token_ring.09.cil-1.yml	false	OUT OF MEMORY	421.882543198	368.24699524899916	15000.166400	cloud-23940	OUT OF MEMORY	429.190525409	372.020225026994	15000.039424	cloud-23933	OUT OF MEMORY	415.407058808	363.20585819598637	15000.162304	cloud-23942
combinations/Problem05_label48+token_ring.10.cil-2.yml	false	OUT OF MEMORY	413.415814965	365.3803120489756	15000.162304	cloud-23942	OUT OF MEMORY	540.015232155	485.88063226800296	15000.035328	cloud-23980	OUT OF MEMORY	554.228580901	489.42690608502016	15000.035328	cloud-23979
combinations/Problem05_label48+token_ring.11.cil-2.yml	false	OUT OF MEMORY	434.019955426	377.94833884600666	15000.154112	cloud-23942	OUT OF MEMORY	512.494933693	452.4510631149751	15000.035328	cloud-23980	OUT OF MEMORY	551.211494256	488.8775538140035	15000.035328	cloud-23979
combinations/Problem05_label48+token_ring.12.cil-2.yml	false	OUT OF MEMORY	478.151306478	424.3895363259944	15000.162304	cloud-23941	OUT OF MEMORY	619.760467596	555.3979705650127	15000.039424	cloud-23933	OUT OF MEMORY	423.751909085	377.75016192000476	15000.162304	cloud-23944
combinations/Problem05_label48+token_ring.13.cil-2.yml	false	OUT OF MEMORY	649.043000058	579.9577862059814	15000.027136	cloud-23979	OUT OF MEMORY	516.020109415	463.55508026998723	15000.031232	cloud-23933	OUT OF MEMORY	672.707189021	604.9594485110138	15000.043520	cloud-23933
combinations/Problem05_label49+token_ring.01.cil-1.yml	true	OUT OF MEMORY	244.012813611	204.5196008290004	15000.150016	cloud-23942	OUT OF MEMORY	494.685277317	431.56891352901584	15000.031232	cloud-23980	OUT OF MEMORY	489.048839015	420.5456303039973	15000.031232	cloud-23938
combinations/Problem05_label49+token_ring.01.cil-2.yml	false	OUT OF MEMORY	332.097146839	277.5432733960042	15000.158208	cloud-23939	OUT OF MEMORY	369.887690021	311.13351077600964	15000.035328	cloud-23979	OUT OF MEMORY	490.073240748	424.3445388560067	15000.039424	cloud-23980
combinations/Problem05_label49+token_ring.02.cil-1.yml	true	OUT OF MEMORY	470.542945808	402.54654844800825	15000.035328	cloud-23979	OUT OF MEMORY	328.954583715	275.6057305109862	15000.031232	cloud-23933	OUT OF MEMORY	339.50643029	286.45191218098626	15000.154112	cloud-23942
combinations/Problem05_label49+token_ring.02.cil-2.yml	false	OUT OF MEMORY	311.212825471	262.2182513680018	15000.150016	cloud-23940	OUT OF MEMORY	355.580352287	300.1138061500096	15000.035328	cloud-23982	OUT OF MEMORY	347.399739047	292.4621247180039	15000.035328	cloud-23933
combinations/Problem05_label49+token_ring.03.cil-1.yml	false	OUT OF MEMORY	550.594205239	473.34027979298844	15000.035328	cloud-23933	OUT OF MEMORY	406.588572785	340.62985146799474	15000.035328	cloud-23979	OUT OF MEMORY	556.247424599	478.5934813079948	15000.031232	cloud-23933
combinations/Problem05_label49+token_ring.03.cil-2.yml	true	OUT OF MEMORY	674.990056482	593.2887382810004	15000.043520	cloud-24259	OUT OF MEMORY	344.320114537	292.5963066609984	15000.035328	cloud-23979	OUT OF MEMORY	353.311841557	298.86741120999795	15000.162304	cloud-23943
combinations/Problem05_label49+token_ring.04.cil-1.yml	true	OUT OF MEMORY	272.838203214	231.06248482999945	15000.166400	cloud-23939	OUT OF MEMORY	365.63767819	313.26746014499804	15000.031232	cloud-23980	OUT OF MEMORY	444.2418136	378.62217444201815	15000.031232	cloud-23979
combinations/Problem05_label49+token_ring.04.cil-2.yml	false	OUT OF MEMORY	302.475075039	257.52709091599536	15000.150016	cloud-23941	OUT OF MEMORY	542.649269535	467.89216067901	15000.039424	cloud-23938	OUT OF MEMORY	507.392019433	436.5172670900065	15000.031232	cloud-23938
combinations/Problem05_label49+token_ring.05.cil-1.yml	true	OUT OF MEMORY	597.561873807	519.8931870509987	15000.039424	cloud-24260	OUT OF MEMORY	389.66626624	330.7003456680104	15000.039424	cloud-23979	OUT OF MEMORY	508.232865922	443.53879377100384	15000.043520	cloud-23979
combinations/Problem05_label49+token_ring.05.cil-2.yml	false	OUT OF MEMORY	295.80524254	253.195959056	15000.158208	cloud-23940	OUT OF MEMORY	532.946090566	463.9026809060015	15000.039424	cloud-23982	OUT OF MEMORY	339.208398449	286.69349366999813	15000.158208	cloud-23939
combinations/Problem05_label49+token_ring.06.cil-1.yml	false	OUT OF MEMORY	569.795866228	499.7094065350002	15000.039424	cloud-24261	OUT OF MEMORY	421.088121652	365.90132447401993	15000.039424	cloud-23933	OUT OF MEMORY	352.024211859	301.97424059399054	15000.150016	cloud-23940
combinations/Problem05_label49+token_ring.06.cil-2.yml	true	OUT OF MEMORY	305.233615615	262.19064055700073	15000.154112	cloud-23942	OUT OF MEMORY	362.712065521	310.30243235701346	15000.162304	cloud-23941	OUT OF MEMORY	393.346639595	340.88374134901096	15000.154112	cloud-23942
combinations/Problem05_label49+token_ring.07.cil-1.yml	true	OUT OF MEMORY	364.298716461	315.00246096400224	15000.170496	cloud-23939	OUT OF MEMORY	346.509200623	297.99885361501947	15000.162304	cloud-23943	OUT OF MEMORY	373.761366261	323.5573485510249	15000.154112	cloud-23940
combinations/Problem05_label49+token_ring.07.cil-2.yml	false	OUT OF MEMORY	328.860681882	283.2177875080006	15000.158208	cloud-23939	OUT OF MEMORY	436.335483084	376.7924638100085	15000.039424	cloud-23938	OUT OF MEMORY	630.50092985	555.2791161459754	15000.043520	cloud-23938
combinations/Problem05_label49+token_ring.08.cil-1.yml	true	OUT OF MEMORY	782.32324846	695.656883225005	15000.039424	cloud-24259	OUT OF MEMORY	399.822274601	348.18449515799875	15000.162304	cloud-23944	OUT OF MEMORY	366.940512897	319.0642644360196	15000.162304	cloud-23943
combinations/Problem05_label49+token_ring.08.cil-2.yml	false	OUT OF MEMORY	495.364278556	427.09968926900183	15000.035328	cloud-23979	OUT OF MEMORY	421.89498412	365.48063232397544	15000.039424	cloud-23982	OUT OF MEMORY	632.161454544	553.3799713419867	15000.043520	cloud-23938
combinations/Problem05_label49+token_ring.09.cil-1.yml	true	OUT OF MEMORY	407.58039119	351.9731210320024	15000.158208	cloud-23943	OUT OF MEMORY	491.589687313	437.2417798990209	15000.039424	cloud-23938	OUT OF MEMORY	371.898460235	325.597514270019	15000.154112	cloud-23944
combinations/Problem05_label49+token_ring.09.cil-2.yml	false	OUT OF MEMORY	511.664326227	444.9638493809907	15000.035328	cloud-23933	OUT OF MEMORY	408.37231215	353.1664349119819	15000.158208	cloud-23941	OUT OF MEMORY	359.455625369	316.6535407959891	15000.162304	cloud-23944
combinations/Problem05_label49+token_ring.10.cil-1.yml	false	OUT OF MEMORY	372.100787471	325.23334951200013	15000.154112	cloud-23940	OUT OF MEMORY	469.208393717	412.1984512739873	15000.035328	cloud-23980	OUT OF MEMORY	677.162157245	610.546281841991	15000.043520	cloud-23980
combinations/Problem05_label49+token_ring.10.cil-2.yml	true	OUT OF MEMORY	730.767938074	651.3408625689917	15000.039424	cloud-24260	OUT OF MEMORY	530.567214237	469.30334472298273	15000.035328	cloud-23979	OUT OF MEMORY	388.433899222	342.8962903940119	15000.162304	cloud-23944
combinations/Problem05_label49+token_ring.11.cil-1.yml	false	OUT OF MEMORY	482.408987588	422.39589278699714	15000.150016	cloud-23941	OUT OF MEMORY	414.945996212	366.38909259598586	15000.162304	cloud-23944	OUT OF MEMORY	653.880668502	578.7732379679801	15000.018944	cloud-23938
combinations/Problem05_label49+token_ring.11.cil-2.yml	true	OUT OF MEMORY	379.570130801	333.6339291889999	15000.162304	cloud-23944	OUT OF MEMORY	408.512133775	359.20228844400845	15000.158208	cloud-23944	OUT OF MEMORY	661.335967753	582.4669313620252	15000.031232	cloud-23938
combinations/Problem05_label49+token_ring.12.cil-1.yml	false	OUT OF MEMORY	392.461065696	348.05105480699785	15000.158208	cloud-23940	OUT OF MEMORY	552.840915995	496.4216559740016	15000.035328	cloud-23933	OUT OF MEMORY	498.478797462	443.6757477069914	15000.150016	cloud-23939
combinations/Problem05_label49+token_ring.12.cil-2.yml	true	OUT OF MEMORY	473.805882447	422.307163311998	15000.154112	cloud-23940	OUT OF MEMORY	695.034538118	621.5363544440188	15000.039424	cloud-23933	OUT OF MEMORY	694.364713017	629.196850118984	15000.043520	cloud-23980
combinations/Problem05_label49+token_ring.13.cil-1.yml	false	OUT OF MEMORY	737.570687408	663.0862926710106	15000.039424	cloud-23933	OUT OF MEMORY	621.459240555	548.7263562729931	15000.035328	cloud-23933	OUT OF MEMORY	708.400524298	643.3176305759989	15000.043520	cloud-23979
combinations/Problem05_label49+token_ring.13.cil-2.yml	true	OUT OF MEMORY	481.861177315	429.8657510399935	15000.154112	cloud-23944	OUT OF MEMORY	523.293791405	467.08735703799175	15000.039424	cloud-23938	OUT OF MEMORY	473.297999687	421.37158856197493	15000.158208	cloud-23942
combinations/Problem05_label49+token_ring.14.cil.yml	false	OUT OF MEMORY	743.771783296	670.4620444720003	15000.035328	cloud-23979	OUT OF MEMORY	577.07148814	517.7899582109821	15000.031232	cloud-23938	OUT OF MEMORY	794.081615378	720.1057691470196	15000.031232	cloud-23982
combinations/Problem05_label49+token_ring.15.cil.yml	false	OUT OF MEMORY	662.052773548	590.4557523000112	15000.039424	cloud-23933	OUT OF MEMORY	592.17679342	524.0898709580069	15000.039424	cloud-23933	OUT OF MEMORY	867.472914751	781.0355087210191	15000.031232	cloud-23933
combinations/gcd_1+newton_1_1.yml	true	TIMEOUT	990.826568354	972.8311302090005	4995.133440	cloud-23979	TIMEOUT	990.51319802	977.731834080012	2844.323840	cloud-23933	TIMEOUT	990.874023702	980.4800479620171	5047.590912	cloud-23980
combinations/gcd_1+newton_1_2.yml	true	TIMEOUT	990.90060741	971.6847651790013	4954.726400	cloud-23979	TIMEOUT	990.590264001	977.3119757719978	2814.447616	cloud-23982	TIMEOUT	991.076615154	975.4038458949944	4913.840128	cloud-23982
combinations/gcd_1+newton_1_3.yml	true	TIMEOUT	990.738301442	971.7937148129859	4571.283456	cloud-23933	TIMEOUT	990.452484456	975.8509102060052	2835.652608	cloud-23933	TIMEOUT	990.826538527	973.0884970379993	4822.441984	cloud-23933
combinations/gcd_1+newton_1_4.yml	false	TIMEOUT	990.649484915	974.654702202999	4532.785152	cloud-23979	TIMEOUT	990.677322358	978.2649877049844	2943.545344	cloud-23933	TIMEOUT	990.75081754	978.330115231016	4578.975744	cloud-23980
combinations/gcd_1+newton_1_5.yml	false	TIMEOUT	990.879126715	972.5498252600082	4994.203648	cloud-23933	TIMEOUT	990.590703798	978.1206474510254	2854.567936	cloud-23938	TIMEOUT	990.821075121	976.9462983229896	5142.859776	cloud-23933
combinations/gcd_1+newton_1_6.yml	false	TIMEOUT	990.721889826	974.0462056559918	4482.834432	cloud-23933	TIMEOUT	990.607410344	976.3026038039825	2820.308992	cloud-23938	TIMEOUT	990.647174519	978.3725884729938	4493.357056	cloud-23980
combinations/gcd_1+newton_1_7.yml	false	TIMEOUT	990.620619061	974.6353717819729	3392.741376	cloud-23979	TIMEOUT	990.613109073	975.7433709469915	2821.840896	cloud-23938	TIMEOUT	990.538187809	980.4584036500019	3963.424768	cloud-23980
combinations/gcd_1+newton_1_8.yml	false	TIMEOUT	990.764751053	973.526264029002	3993.976832	cloud-23933	TIMEOUT	990.45475241	978.7716280440218	2873.843712	cloud-23980	TIMEOUT	990.900845302	975.6464010050113	4471.005184	cloud-23938
combinations/gcd_1+newton_2_1.yml	true	TIMEOUT	990.545374959	975.7246656869975	2147.622912	cloud-24259	TIMEOUT	990.746548917	976.4130018770229	4809.293824	cloud-23979	TIMEOUT	990.506851053	976.8533214750059	2198.958080	cloud-23982
combinations/gcd_1+newton_2_2.yml	true	TIMEOUT	991.00210335	972.3389929200057	5237.325824	cloud-24260	TIMEOUT	990.905660583	977.1305298719963	4794.114048	cloud-23938	TIMEOUT	990.859755329	977.81726969601	5501.861888	cloud-23933
combinations/gcd_1+newton_2_3.yml	true	TIMEOUT	990.463936225	974.1471119509952	2399.817728	cloud-23979	TIMEOUT	990.430139345	975.4066840400046	1631.490048	cloud-23933	TIMEOUT	990.484489223	979.2275850730075	2443.988992	cloud-23980
combinations/gcd_1+newton_2_4.yml	true	TIMEOUT	990.537552416	972.1504775210051	2221.334528	cloud-24260	TIMEOUT	990.322908471	979.3924015309894	1662.832640	cloud-23980	TIMEOUT	990.500214625	979.5959020190057	2243.244032	cloud-23980
combinations/gcd_1+newton_2_5.yml	true	TIMEOUT	990.459580537	974.2585748209967	2334.515200	cloud-24261	TIMEOUT	990.48041054	975.6145666000084	1685.065728	cloud-23938	TIMEOUT	990.452157662	977.494814930018	2366.636032	cloud-23982
combinations/gcd_1+newton_2_6.yml	false	TIMEOUT	990.532317432	973.1915398499987	2493.026304	cloud-23979	TIMEOUT	990.668910481	977.1017587080132	4850.978816	cloud-23933	TIMEOUT	990.569266424	976.4702305179962	2536.493056	cloud-23933
combinations/gcd_1+newton_2_7.yml	false	TIMEOUT	990.771819784	979.1788878180087	5714.227200	cloud-24259	TIMEOUT	990.81328029	977.0080916070146	4840.476672	cloud-23979	TIMEOUT	990.858664563	975.9921113169985	6037.786624	cloud-23933
combinations/gcd_1+newton_2_8.yml	false	TIMEOUT	990.566227862	972.1851348460186	2298.175488	cloud-23979	TIMEOUT	990.789292727	976.1835893319803	4810.592256	cloud-23979	TIMEOUT	990.497598903	978.7112755799899	2293.080064	cloud-23980
combinations/gcd_1+newton_3_1.yml	true	TIMEOUT	990.919632176	972.1074308659881	5963.591680	cloud-23979	TIMEOUT	990.432509401	976.2929587520193	2117.111808	cloud-23982	TIMEOUT	991.145869604	975.1746791279875	5930.405888	cloud-23938
combinations/gcd_1+newton_3_2.yml	true	TIMEOUT	990.724338766	974.1138660580036	3046.014976	cloud-24259	TIMEOUT	990.523196258	976.3434280410002	2049.130496	cloud-23938	TIMEOUT	991.007250052	976.6732063720119	6824.767488	cloud-23938
combinations/gcd_1+newton_3_3.yml	true	TIMEOUT	990.747755648	974.2974700750201	3493.924864	cloud-24259	TIMEOUT	990.469834139	979.4732271930261	2127.904768	cloud-23980	TIMEOUT	991.120492866	979.9168057859933	7009.251328	cloud-23980
combinations/gcd_1+newton_3_4.yml	true	TIMEOUT	990.636413169	972.0837079880002	3324.198912	cloud-23933	TIMEOUT	990.41615657	979.757299674995	2111.590400	cloud-23980	TIMEOUT	990.641202336	980.0110261219961	3269.447680	cloud-23980
combinations/gcd_1+newton_3_5.yml	true	TIMEOUT	990.701547824	974.8005347549915	3143.901184	cloud-24261	TIMEOUT	990.502602032	976.1039985860116	2055.139328	cloud-23979	TIMEOUT	990.530826672	978.7605348530051	3275.403264	cloud-23980
combinations/gcd_1+newton_3_6.yml	false	TIMEOUT	990.620416312	970.5701035020029	3120.193536	cloud-24260	TIMEOUT	990.434464587	976.9616610110097	2109.128704	cloud-23982	TIMEOUT	990.636926204	976.7517376730102	3312.889856	cloud-23979
combinations/gcd_1+newton_3_7.yml	false	TIMEOUT	990.470439259	977.8369071150082	2960.564224	cloud-24259	TIMEOUT	990.429923273	978.3032014750061	2093.817856	cloud-23980	TIMEOUT	990.547868646	975.8156270559994	3130.900480	cloud-23938
combinations/gcd_1+newton_3_8.yml	false	TIMEOUT	990.767894038	974.0839447560138	3232.550912	cloud-23979	TIMEOUT	990.553912363	980.4412590870052	2136.813568	cloud-23982	TIMEOUT	990.665419091	975.5122547229985	3231.805440	cloud-23979
combinations/gcd_2+newton_1_1.yml	true	TIMEOUT	990.902631182	972.932876063016	4429.742080	cloud-24260	TIMEOUT	990.64869015	976.3089596700156	2833.133568	cloud-23933	TIMEOUT	990.688954603	976.3340382929891	4989.579264	cloud-23979
combinations/gcd_2+newton_1_2.yml	true	TIMEOUT	990.682927	977.8054899709969	3613.126656	cloud-24259	TIMEOUT	990.642636599	977.2578251190134	2795.175936	cloud-23982	TIMEOUT	990.747288519	978.2582333880127	3871.854592	cloud-23980
combinations/gcd_2+newton_1_3.yml	true	TIMEOUT	990.587500286	976.997495151998	3611.619328	cloud-24259	TIMEOUT	990.51905602	977.6882053959998	2823.589888	cloud-23979	TIMEOUT	990.686174515	977.3194843459933	4540.522496	cloud-23979
combinations/gcd_2+newton_1_4.yml	false	TIMEOUT	990.824890696	973.7193321669765	4298.670080	cloud-23979	TIMEOUT	990.5153578	980.8935126029828	2851.639296	cloud-23982	TIMEOUT	990.706281668	978.0777415619814	4290.265088	cloud-23980
combinations/gcd_2+newton_1_5.yml	false	TIMEOUT	990.7000446	976.5514608579979	3547.615232	cloud-24259	TIMEOUT	990.551226317	977.3200529149908	2937.262080	cloud-23979	TIMEOUT	990.5983961	974.4027949970041	3849.588736	cloud-23979
combinations/gcd_2+newton_1_6.yml	false	TIMEOUT	990.868095897	971.6492683749966	4402.425856	cloud-24260	TIMEOUT	990.56548648	977.5599769859982	2834.120704	cloud-23982	TIMEOUT	990.626356762	980.5129169840075	4701.081600	cloud-23982
combinations/gcd_2+newton_1_7.yml	false	TIMEOUT	990.745423148	973.375737822993	4591.161344	cloud-23933	TIMEOUT	990.476693702	980.2803302110115	2817.847296	cloud-23980	TIMEOUT	990.838285238	977.2774169359764	4784.623616	cloud-23980
combinations/gcd_2+newton_1_8.yml	false	TIMEOUT	990.71413791	974.8572599230101	3402.063872	cloud-23933	TIMEOUT	990.533484151	979.615044731996	2844.651520	cloud-23980	TIMEOUT	990.687542821	975.3580959990213	3368.116224	cloud-23938
combinations/gcd_2+newton_2_1.yml	true	TIMEOUT	990.696795097	973.800965308008	4398.592000	cloud-24259	TIMEOUT	990.635224304	977.3761201350135	4782.170112	cloud-23982	TIMEOUT	991.033110937	979.2197117309843	5453.623296	cloud-23980
combinations/gcd_2+newton_2_2.yml	true	TIMEOUT	990.598592703	973.9170679539966	2612.887552	cloud-23979	TIMEOUT	990.65938642	979.9649850660062	4778.196992	cloud-23980	TIMEOUT	990.443861146	976.6081157129956	2579.787776	cloud-23982
combinations/gcd_2+newton_2_3.yml	true	TIMEOUT	990.502318307	973.9593757799885	2208.231424	cloud-23979	TIMEOUT	990.453969747	978.2700296659896	1621.164032	cloud-23982	TIMEOUT	990.509402875	977.097715351003	2228.260864	cloud-23980
combinations/gcd_2+newton_2_4.yml	true	TIMEOUT	990.930535459	973.8411150689935	5971.763200	cloud-23979	TIMEOUT	990.406162998	977.3777132550022	1611.980800	cloud-23979	TIMEOUT	990.748386399	976.5158265799982	6223.360000	cloud-23982
combinations/gcd_2+newton_2_5.yml	true	TIMEOUT	990.626211197	971.4040254220017	4505.747456	cloud-24259	TIMEOUT	990.87182637	976.5498398519994	4686.659584	cloud-23979	TIMEOUT	990.89988031	976.0846570649883	5611.470848	cloud-23979
combinations/gcd_2+newton_2_6.yml	false	TIMEOUT	990.796271364	971.8589851320139	5276.147712	cloud-24259	TIMEOUT	990.745804072	977.0208744989941	4831.014912	cloud-23979	TIMEOUT	990.958611279	974.9065533129906	6000.406528	cloud-23933
combinations/gcd_2+newton_2_7.yml	false	TIMEOUT	990.914284605	973.9187146899931	5848.711168	cloud-23933	TIMEOUT	990.677109339	980.6553169969993	4841.181184	cloud-23980	TIMEOUT	990.90912856	976.821042334981	6114.017280	cloud-23979
combinations/gcd_2+newton_2_8.yml	false	TIMEOUT	990.51050975	971.2759565439919	2103.197696	cloud-24260	TIMEOUT	990.466031331	978.8830455410061	2955.591680	cloud-23982	TIMEOUT	990.431782776	976.0243181400001	2150.699008	cloud-23980
combinations/gcd_2+newton_3_1.yml	true	TIMEOUT	990.762962986	974.7043875110103	3663.966208	cloud-23979	TIMEOUT	990.576775412	975.5413781759853	2094.010368	cloud-23938	TIMEOUT	990.599946502	976.3883283479954	3755.417600	cloud-23938
combinations/gcd_2+newton_3_2.yml	true	TIMEOUT	990.645585055	971.8401544579829	3279.228928	cloud-23933	TIMEOUT	990.401093844	978.170963098004	2133.348352	cloud-23941	TIMEOUT	990.670988658	976.2801314749813	3531.952128	cloud-23933
combinations/gcd_2+newton_3_3.yml	true	TIMEOUT	990.605748225	972.4242288619862	3438.325760	cloud-23933	TIMEOUT	990.486320623	977.0449342229986	2114.494464	cloud-23982	TIMEOUT	990.697595042	977.4150694090058	3604.303872	cloud-23979
combinations/gcd_2+newton_3_4.yml	true	TIMEOUT	990.690897494	971.7395951090002	3139.264512	cloud-24260	TIMEOUT	990.583403974	976.1414642299933	2080.444416	cloud-23979	TIMEOUT	990.518097058	978.2474835120083	3163.398144	cloud-23980
combinations/gcd_2+newton_3_5.yml	true	TIMEOUT	990.583871956	974.1307769150008	3301.822464	cloud-23979	TIMEOUT	990.524911224	977.3795860740065	2060.177408	cloud-23938	TIMEOUT	990.692429159	980.7767565420072	3288.096768	cloud-23982
combinations/gcd_2+newton_3_6.yml	false	TIMEOUT	990.582698019	971.1360885739996	3356.704768	cloud-24260	TIMEOUT	990.524726405	977.2261424410099	2121.498624	cloud-23933	TIMEOUT	990.710737524	976.7500809399935	3341.107200	cloud-23933
combinations/gcd_2+newton_3_7.yml	false	TIMEOUT	990.626985563	974.8955743399856	3138.031616	cloud-23979	TIMEOUT	990.401132195	979.5471773979953	2090.582016	cloud-23980	TIMEOUT	990.634624138	975.9949368280068	3089.190912	cloud-23982
combinations/gcd_2+newton_3_8.yml	false	TIMEOUT	990.512344731	974.2931112880033	3750.633472	cloud-24261	TIMEOUT	990.380627879	979.0901911619876	2188.324864	cloud-23943	TIMEOUT	990.634035829	976.5676968870102	3793.043456	cloud-23982
combinations/gcd_3+newton_1_1.yml	true	TIMEOUT	990.779843598	974.2848990990024	4453.584896	cloud-23933	TIMEOUT	990.577174192	976.8300543430087	2831.482880	cloud-23938	TIMEOUT	990.924992885	976.8392123000231	4504.313856	cloud-23933
combinations/gcd_3+newton_1_2.yml	true	TIMEOUT	990.720010338	974.8304956539941	3766.767616	cloud-23979	TIMEOUT	990.375932601	978.3989356519887	2823.139328	cloud-23982	TIMEOUT	990.904648039	975.6913061990053	3756.376064	cloud-23938
combinations/gcd_3+newton_1_3.yml	true	TIMEOUT	990.37964398	971.481668872002	1496.002560	cloud-24260	TIMEOUT	990.57592875	977.2790323759837	2796.089344	cloud-23982	TIMEOUT	990.572266549	978.2305448770057	3619.254272	cloud-23980
combinations/gcd_3+newton_1_4.yml	false	TIMEOUT	990.632393957	974.4856548210082	2843.131904	cloud-23933	TIMEOUT	990.412042277	978.9907954990049	2875.789312	cloud-23980	TIMEOUT	990.527199545	977.7198523829866	3187.044352	cloud-23982
combinations/gcd_3+newton_1_5.yml	false	TIMEOUT	990.871761041	971.8727873789903	4286.394368	cloud-23933	TIMEOUT	990.570808487	977.1130629119871	2939.576320	cloud-23979	TIMEOUT	990.680663666	977.1317637650063	4393.492480	cloud-23979
combinations/gcd_3+newton_1_6.yml	false	TIMEOUT	990.816770816	976.8986648999999	4339.810304	cloud-24261	TIMEOUT	990.593801925	977.0196832040092	2845.483008	cloud-23938	TIMEOUT	990.782431503	975.716742515011	4583.227392	cloud-23979
combinations/gcd_3+newton_1_7.yml	false	TIMEOUT	990.734643482	972.6047294110031	3916.828672	cloud-24259	TIMEOUT	990.647183502	978.5217314899783	2818.793472	cloud-23980	TIMEOUT	990.724371903	976.761068324995	3999.830016	cloud-23938
combinations/gcd_3+newton_1_8.yml	false	TIMEOUT	990.811967888	972.9156886129931	4767.854592	cloud-23933	TIMEOUT	990.459639981	977.9104403059755	2895.413248	cloud-23933	TIMEOUT	990.925331494	974.8745344819908	4865.318912	cloud-23938
combinations/gcd_3+newton_2_1.yml	true	TIMEOUT	990.489482051	975.2373369499983	2441.330688	cloud-23979	TIMEOUT	990.962705257	975.9249878679984	4760.293376	cloud-23938	TIMEOUT	990.496253964	978.5303311900061	2375.553024	cloud-23980
combinations/gcd_3+newton_2_2.yml	true	TIMEOUT	991.096935737	972.1965029050189	5814.054912	cloud-24260	TIMEOUT	990.707032555	975.8416334810026	4833.959936	cloud-23933	TIMEOUT	991.206633372	975.6953963350097	6385.336320	cloud-23938
combinations/gcd_3+newton_2_3.yml	true	TIMEOUT	990.516100779	976.9221526850015	2545.303552	cloud-24259	TIMEOUT	990.396712484	975.6444212279748	1654.939648	cloud-23938	TIMEOUT	990.392275729	977.1017703099933	2563.465216	cloud-23982
combinations/gcd_3+newton_2_4.yml	true	TIMEOUT	991.11328822	974.3894959169847	6453.354496	cloud-23979	TIMEOUT	990.422581849	978.4643786960223	1626.943488	cloud-23980	TIMEOUT	990.874959869	975.8790784020093	6456.000512	cloud-23933
combinations/gcd_3+newton_2_5.yml	true	TIMEOUT	990.537631445	973.8697119030112	2438.033408	cloud-23933	TIMEOUT	990.48206367	976.3304966999858	1663.913984	cloud-23938	TIMEOUT	990.565588846	975.7821200119797	2507.182080	cloud-23938
combinations/gcd_3+newton_2_6.yml	false	TIMEOUT	990.54683589	972.9108234149753	2898.104320	cloud-23979	TIMEOUT	991.066975978	975.5303077459976	4803.649536	cloud-23938	TIMEOUT	990.674160301	974.9163084359898	2863.636480	cloud-23933
combinations/gcd_3+newton_2_7.yml	false	TIMEOUT	990.951706398	974.5986432929931	6090.690560	cloud-23979	TIMEOUT	990.660265413	978.1462057890021	4816.613376	cloud-23980	TIMEOUT	991.036037167	975.2741514079971	6245.523456	cloud-23933
combinations/gcd_3+newton_2_8.yml	false	TIMEOUT	990.549774936	974.3664225790126	2538.401792	cloud-23933	TIMEOUT	990.325542253	977.7622600350005	1699.917824	cloud-23982	TIMEOUT	990.494142246	977.405214147002	2585.620480	cloud-23979
combinations/gcd_3+newton_3_1.yml	true	TIMEOUT	990.698959473	974.7047414060216	3100.848128	cloud-24259	TIMEOUT	990.465768383	980.612654616998	2078.150656	cloud-23980	TIMEOUT	990.617611866	975.3920386479876	3099.959296	cloud-23938
combinations/gcd_3+newton_3_2.yml	true	TIMEOUT	990.603433569	973.617752488004	3077.988352	cloud-23979	TIMEOUT	990.435914777	978.2769475670066	2087.501824	cloud-23980	TIMEOUT	990.519485958	975.9273447330052	3054.436352	cloud-23938
combinations/gcd_3+newton_3_3.yml	true	TIMEOUT	990.648666011	972.2547900799982	3142.070272	cloud-24260	TIMEOUT	990.405008213	977.0171339319786	2093.019136	cloud-23982	TIMEOUT	990.506540498	976.3648794189794	3224.129536	cloud-23979
combinations/gcd_3+newton_3_4.yml	true	TIMEOUT	990.687900722	972.722369340001	3181.088768	cloud-24260	TIMEOUT	990.379667005	977.5991162769787	2123.984896	cloud-23979	TIMEOUT	990.721010349	976.5378256569966	3304.001536	cloud-23933
combinations/gcd_3+newton_3_5.yml	true	TIMEOUT	990.688032555	972.7157764819858	3187.888128	cloud-24260	TIMEOUT	990.475221741	978.179333231994	2093.916160	cloud-23933	TIMEOUT	990.498638648	976.4117128080106	3238.338560	cloud-23982
combinations/gcd_3+newton_3_6.yml	false	TIMEOUT	990.615924244	977.1540589100041	3246.960640	cloud-24259	TIMEOUT	990.349396548	979.613055616006	2122.461184	cloud-23982	TIMEOUT	990.753992088	974.8378408530261	3496.357888	cloud-23938
combinations/gcd_3+newton_3_7.yml	false	TIMEOUT	990.631109654	973.0516462350206	3166.666752	cloud-23933	TIMEOUT	990.414284398	980.0128290290013	2090.217472	cloud-23980	TIMEOUT	990.671545306	976.4806269279798	3325.943808	cloud-23979
combinations/gcd_3+newton_3_8.yml	false	TIMEOUT	990.812846369	976.5001162730041	7031.934976	cloud-24259	TIMEOUT	990.523435992	977.528896991018	2128.064512	cloud-23933	TIMEOUT	991.149204278	976.1019450199965	7467.966464	cloud-23938
combinations/gcd_4+newton_1_1.yml	true	TIMEOUT	990.874820745	971.6365983699798	4679.061504	cloud-23933	TIMEOUT	990.549633389	979.2698474139906	2837.983232	cloud-23933	TIMEOUT	990.941212532	975.681331795	4841.050112	cloud-23938
combinations/gcd_4+newton_1_2.yml	true	TIMEOUT	990.653098129	974.010370212025	4527.857664	cloud-23979	TIMEOUT	990.462473422	975.2832039399946	2742.374400	cloud-23933	TIMEOUT	990.825936861	976.7048966650036	4506.783744	cloud-23982
combinations/gcd_4+newton_1_3.yml	true	TIMEOUT	990.842560392	973.2980868059967	3804.626944	cloud-24260	TIMEOUT	990.509043292	976.7012453869975	2787.057664	cloud-23933	TIMEOUT	990.579959701	976.9022757700004	3965.448192	cloud-23982
combinations/gcd_4+newton_1_4.yml	false	TIMEOUT	990.611271977	977.9906914629973	4695.228416	cloud-24259	TIMEOUT	990.666948828	974.458504144015	2842.996736	cloud-23938	TIMEOUT	990.725067525	977.893333584012	4763.115520	cloud-23980
combinations/gcd_4+newton_1_5.yml	false	TIMEOUT	990.484088162	972.1423670059885	1514.205184	cloud-24260	TIMEOUT	990.58226545	976.7028768150194	2927.017984	cloud-23979	TIMEOUT	990.341683158	978.5042071949865	1486.442496	cloud-23980
combinations/gcd_4+newton_1_6.yml	false	TIMEOUT	990.838676805	972.1266767950001	4861.923328	cloud-24260	TIMEOUT	990.486694384	977.413565882016	2857.996288	cloud-23933	TIMEOUT	990.73321112	977.7771366790112	5061.050368	cloud-23979
combinations/gcd_4+newton_1_7.yml	false	TIMEOUT	990.789318658	973.8393868080166	5219.192832	cloud-24259	TIMEOUT	990.525582858	977.1663382570259	2820.349952	cloud-23938	TIMEOUT	990.892345357	976.4837536129926	5428.379648	cloud-23979
combinations/gcd_4+newton_1_8.yml	false	TIMEOUT	990.69760552	972.4279193089751	5369.499648	cloud-23979	TIMEOUT	990.500576219	979.5733257170068	2896.363520	cloud-23980	TIMEOUT	990.963352403	978.2411118260061	5463.240704	cloud-23933
combinations/gcd_4+newton_2_1.yml	true	TIMEOUT	990.55580481	973.7131913880003	2600.157184	cloud-23979	TIMEOUT	990.413182993	977.6337330730166	1652.514816	cloud-23933	TIMEOUT	990.842173101	977.4759958520008	5918.068736	cloud-23933
combinations/gcd_4+newton_2_2.yml	true	TIMEOUT	990.603824071	972.6757167100004	2245.492736	cloud-24260	TIMEOUT	990.387212521	976.2540266370052	1644.457984	cloud-23982	TIMEOUT	990.567502143	976.1049082669779	2192.809984	cloud-23938
combinations/gcd_4+newton_2_3.yml	true	TIMEOUT	990.726989915	971.4781900329981	4038.078464	cloud-24260	TIMEOUT	990.450614358	977.4337351539871	1634.672640	cloud-23982	TIMEOUT	990.878834451	975.5460236369981	4118.188032	cloud-23938
combinations/gcd_4+newton_2_4.yml	true	TIMEOUT	990.452491907	971.209393379002	2220.658688	cloud-24259	TIMEOUT	990.645782854	980.1790428390086	4807.372800	cloud-23980	TIMEOUT	990.644236791	979.1190978669911	2337.923072	cloud-23980
combinations/gcd_4+newton_2_5.yml	true	TIMEOUT	990.603882981	972.1836957179912	2295.549952	cloud-24260	TIMEOUT	990.843873007	974.6684231559921	4823.019520	cloud-23938	TIMEOUT	990.555007315	979.3950534500182	3735.302144	cloud-23980
combinations/gcd_4+newton_2_6.yml	false	TIMEOUT	990.592428574	973.5515710170148	2550.595584	cloud-23933	TIMEOUT	990.648645567	978.7698856350034	4760.776704	cloud-23980	TIMEOUT	990.46190773	976.2490115700057	2736.680960	cloud-23982
combinations/gcd_4+newton_2_7.yml	false	TIMEOUT	990.901661609	972.6130211029958	4361.797632	cloud-24260	TIMEOUT	990.76255228	976.714403563994	4758.482944	cloud-23979	TIMEOUT	990.728884435	976.0535361499933	5390.528512	cloud-23979
combinations/gcd_4+newton_2_8.yml	false	TIMEOUT	990.530522292	973.9060573989991	2293.661696	cloud-24260	TIMEOUT	990.430824674	976.3710824330046	1673.994240	cloud-23938	TIMEOUT	990.572336265	977.1780845680041	2413.998080	cloud-23938
combinations/gcd_4+newton_3_1.yml	true	TIMEOUT	990.579934525	975.8184662300046	3302.653952	cloud-24259	TIMEOUT	990.493262236	975.6082559710194	2067.038208	cloud-23933	TIMEOUT	990.499376357	979.789385651995	3415.691264	cloud-23980
combinations/gcd_4+newton_3_2.yml	true	TIMEOUT	990.70408238	974.4002258350083	3209.707520	cloud-23979	TIMEOUT	990.438449947	974.8533971960132	2154.663936	cloud-23938	TIMEOUT	990.629165287	976.3568723589997	3183.857664	cloud-23982
combinations/gcd_4+newton_3_3.yml	true	TIMEOUT	990.595945419	972.668104123004	3193.729024	cloud-24260	TIMEOUT	990.466996293	976.1572298560059	2044.940288	cloud-23979	TIMEOUT	990.655671976	976.8496803599992	3205.693440	cloud-23979
combinations/gcd_4+newton_3_4.yml	true	TIMEOUT	990.753078626	973.4497191210103	3050.897408	cloud-23979	TIMEOUT	990.390988408	980.0712269110081	2065.256448	cloud-23980	TIMEOUT	990.522185399	976.9009512750199	3040.763904	cloud-23979
combinations/gcd_4+newton_3_5.yml	true	TIMEOUT	990.809661827	972.0350347959902	3456.430080	cloud-23979	TIMEOUT	990.389673796	978.809941621992	2093.764608	cloud-23980	TIMEOUT	990.759763687	977.663159024989	3567.071232	cloud-23933
combinations/gcd_4+newton_3_6.yml	false	TIMEOUT	990.663514404	973.1542724600004	3191.459840	cloud-23979	TIMEOUT	990.409020898	978.2205685220251	2084.155392	cloud-23980	TIMEOUT	990.699844589	978.1540195249836	3170.926592	cloud-23979
combinations/gcd_4+newton_3_7.yml	false	TIMEOUT	990.65897102	971.2085942960111	2945.712128	cloud-24260	TIMEOUT	990.441798318	976.0622772380011	2152.382464	cloud-23979	TIMEOUT	990.535738409	976.6371370590059	2985.025536	cloud-23933
combinations/gcd_4+newton_3_8.yml	false	TIMEOUT	990.56659456	971.9960404089943	3147.104256	cloud-24260	TIMEOUT	990.511131694	976.7773835000116	2115.158016	cloud-23933	TIMEOUT	990.545696201	976.2937876000069	3347.365888	cloud-23933
combinations/pals_lcr.3.1.ufo.BOUNDED-6.pals+Problem12_label01.yml	false	TIMEOUT	990.928864772	888.6517997029878	8336.334848	cloud-23940	TIMEOUT	991.073818125	790.7443594220094	7943.168000	cloud-23933	TIMEOUT	991.078838175	905.8989719919919	7701.426176	cloud-23982
combinations/pals_lcr.3.1.ufo.BOUNDED-6.pals+Problem12_label02.yml	false	TIMEOUT	990.918708694	895.2936691110008	8302.407680	cloud-23940	TIMEOUT	991.324027284	914.9164539210033	7821.971456	cloud-23933	TIMEOUT	991.410668834	904.2390775209933	7489.957888	cloud-23938
combinations/pals_lcr.3.1.ufo.BOUNDED-6.pals+Problem12_label04.yml	false	TIMEOUT	990.953582696	896.6690488439999	9430.503424	cloud-23939	TIMEOUT	991.749121356	838.5457211920002	9718.476800	cloud-23982	TIMEOUT	991.153251751	904.7629421360034	7803.662336	cloud-23982
combinations/pals_lcr.3.1.ufo.BOUNDED-6.pals+Problem12_label05.yml	false	TIMEOUT	991.016389724	896.1917376629935	9841.455104	cloud-23939	TIMEOUT	990.801357473	929.0497289320047	7674.560512	cloud-23940	TIMEOUT	990.874890084	931.2937610380177	7874.101248	cloud-23939
combinations/pals_lcr.3.1.ufo.BOUNDED-6.pals+Problem12_label09.yml	false	TIMEOUT	991.114886571	870.9034997620038	8275.529728	cloud-23942	TIMEOUT	990.941942628	789.7571468019742	7902.478336	cloud-23979	TIMEOUT	991.679571125	903.9444715770078	7869.337600	cloud-23938
combinations/pals_lcr.3.1.ufo.UNBOUNDED.pals+Problem12_label01.yml	false	TIMEOUT	991.015883451	877.9904680489999	8355.950592	cloud-23940	TIMEOUT	991.585712528	825.3671292990039	10440.974336	cloud-23933	TIMEOUT	991.396753218	922.5015754179913	10067.902464	cloud-23979
combinations/pals_lcr.3.1.ufo.UNBOUNDED.pals+Problem12_label02.yml	false	TIMEOUT	991.428324379	852.6998796220014	8304.877568	cloud-23933	TIMEOUT	991.322048534	909.058521488012	7812.526080	cloud-23980	TIMEOUT	990.817819456	929.8154638389824	7873.818624	cloud-23940
combinations/pals_lcr.3.1.ufo.UNBOUNDED.pals+Problem12_label04.yml	false	TIMEOUT	991.037200854	874.8330575780019	8327.868416	cloud-23942	TIMEOUT	991.946868449	801.9678003159934	7693.250560	cloud-23982	TIMEOUT	990.892791925	927.3142792849976	7836.459008	cloud-23939
combinations/pals_lcr.3.1.ufo.UNBOUNDED.pals+Problem12_label05.yml	false	TIMEOUT	990.95026336	892.9348428639987	8314.900480	cloud-23943	TIMEOUT	991.615688673	899.0429268649896	8866.283520	cloud-23979	TIMEOUT	990.848513384	936.0981186139979	7875.633152	cloud-23944
combinations/pals_lcr.3.1.ufo.UNBOUNDED.pals+Problem12_label09.yml	false	TIMEOUT	991.050627267	867.0039936359972	8291.213312	cloud-23939	TIMEOUT	991.450744937	797.5729623560037	10107.830272	cloud-23940	TIMEOUT	991.250619391	917.5032168960024	7801.401344	cloud-23979
combinations/pals_lcr.3.ufo.BOUNDED-6.pals+Problem12_label00.yml	false	TIMEOUT	991.016950157	879.9007853759977	8276.975616	cloud-23944	TIMEOUT	991.724169586	843.2524503449968	7688.351744	cloud-23982	TIMEOUT	991.200266447	917.7119954889931	8083.816448	cloud-23979
combinations/pals_lcr.3.ufo.BOUNDED-6.pals+Problem12_label01.yml	true	TIMEOUT	991.571289202	844.0293043870188	8282.722304	cloud-23979	TIMEOUT	992.010775344	833.1374222990125	7466.450944	cloud-23933	TIMEOUT	991.490471553	901.3908218359866	7012.212736	cloud-23982
combinations/pals_lcr.3.ufo.BOUNDED-6.pals+Problem12_label02.yml	true	TIMEOUT	990.968123115	900.3652302489791	8334.454784	cloud-23943	TIMEOUT	990.866695971	928.394512756	7828.905984	cloud-23942	TIMEOUT	990.917577399	926.4335959060118	7878.877184	cloud-23941
combinations/pals_lcr.3.ufo.BOUNDED-6.pals+Problem12_label03.yml	false	TIMEOUT	991.028329088	875.5480696579907	8298.037248	cloud-23943	TIMEOUT	992.557818527	829.300821656012	7479.734272	cloud-23980	TIMEOUT	991.237952168	920.2192671709927	7860.727808	cloud-23979
combinations/pals_lcr.3.ufo.BOUNDED-6.pals+Problem12_label04.yml	true	TIMEOUT	991.644477741	837.2044118329995	8318.005248	cloud-23979	TIMEOUT	991.270444588	840.3038481239928	7650.512896	cloud-23933	TIMEOUT	991.275292576	915.9114227500104	7892.316160	cloud-23979
combinations/pals_lcr.3.ufo.BOUNDED-6.pals+Problem12_label05.yml	true	TIMEOUT	990.845235511	907.5718529939986	8328.384512	cloud-23940	TIMEOUT	991.398113197	918.5124386009993	7707.344896	cloud-23938	TIMEOUT	990.82279033	930.3628344809986	7845.634048	cloud-23940
combinations/pals_lcr.3.ufo.BOUNDED-6.pals+Problem12_label06.yml	false	TIMEOUT	990.954128291	886.3307396689997	8379.961344	cloud-23940	TIMEOUT	991.411124616	799.6452492190001	7685.554176	cloud-23982	TIMEOUT	990.929122901	925.6387567069905	7895.769088	cloud-23941
combinations/pals_lcr.3.ufo.BOUNDED-6.pals+Problem12_label07.yml	false	TIMEOUT	991.912208232	834.5644726580067	9474.863104	cloud-24259	TIMEOUT	992.093722946	830.8079333870264	7662.284800	cloud-23938	TIMEOUT	991.296199958	897.0715762990003	7801.053184	cloud-23982
combinations/pals_lcr.3.ufo.BOUNDED-6.pals+Problem12_label08.yml	false	TIMEOUT	990.829662484	906.8054090030001	8399.454208	cloud-23942	TIMEOUT	990.855433751	920.319099943008	7666.012160	cloud-23939	TIMEOUT	990.858160465	930.7714032449876	7840.473088	cloud-23939
combinations/pals_lcr.3.ufo.BOUNDED-6.pals+Problem12_label09.yml	true	TIMEOUT	991.059652915	878.534464366996	8340.291584	cloud-23943	TIMEOUT	992.322651537	795.7925913140061	7718.682624	cloud-23941	TIMEOUT	991.313135387	911.2456075579976	7868.125184	cloud-23980
combinations/pals_lcr.3.ufo.UNBOUNDED.pals+Problem12_label00.yml	false	TIMEOUT	991.086007518	863.8112003839997	8354.553856	cloud-23939	TIMEOUT	991.555012312	808.8827154410246	7708.332032	cloud-23941	TIMEOUT	990.868203617	929.318428441009	7824.293888	cloud-23941
combinations/pals_lcr.3.ufo.UNBOUNDED.pals+Problem12_label01.yml	true	TIMEOUT	991.147066868	882.167685088003	8311.730176	cloud-23943	TIMEOUT	990.841980592	816.9697742720018	7854.915584	cloud-23980	TIMEOUT	991.329455008	915.8396022519737	9481.465856	cloud-23979
combinations/pals_lcr.3.ufo.UNBOUNDED.pals+Problem12_label02.yml	true	TIMEOUT	990.953283715	893.7726449229995	9505.697792	cloud-23942	TIMEOUT	991.051305458	902.0015098599833	7901.188096	cloud-23982	TIMEOUT	990.851478397	929.5014263539924	7874.199552	cloud-23941
combinations/pals_lcr.3.ufo.UNBOUNDED.pals+Problem12_label03.yml	false	TIMEOUT	991.725260494	846.2233161539998	11074.506752	cloud-23933	TIMEOUT	991.464731641	826.3454711280065	7687.929856	cloud-23982	TIMEOUT	991.804827221	900.4796213360096	9157.873664	cloud-23982
combinations/pals_lcr.3.ufo.UNBOUNDED.pals+Problem12_label04.yml	true	TIMEOUT	991.119299762	864.9404281769821	8315.912192	cloud-23943	TIMEOUT	992.788841213	808.2967658719863	6827.364352	cloud-23938	TIMEOUT	991.16018471	915.7220412569877	7796.162560	cloud-23979
combinations/pals_lcr.3.ufo.UNBOUNDED.pals+Problem12_label05.yml	true	TIMEOUT	990.946025041	884.9773770159991	8311.062528	cloud-23941	TIMEOUT	991.156885775	890.6415884360031	7662.219264	cloud-23938	TIMEOUT	991.404305249	917.6022527820023	9699.663872	cloud-23979
combinations/pals_lcr.3.ufo.UNBOUNDED.pals+Problem12_label06.yml	false	TIMEOUT	991.031304093	874.6702039250231	8272.740352	cloud-23944	TIMEOUT	991.086393773	776.8784933679854	7695.282176	cloud-23980	TIMEOUT	990.752726574	937.4595585760253	7876.898816	cloud-23944
combinations/pals_lcr.3.ufo.UNBOUNDED.pals+Problem12_label07.yml	false	TIMEOUT	991.024935375	875.2032202900155	8305.709056	cloud-23943	TIMEOUT	990.920524562	787.1270678960136	7644.901376	cloud-23933	TIMEOUT	991.156739422	900.2107183200133	7810.908160	cloud-23933
combinations/pals_lcr.3.ufo.UNBOUNDED.pals+Problem12_label08.yml	false	TIMEOUT	991.049929653	906.8654621940004	11384.107008	cloud-23943	TIMEOUT	991.065693513	919.1472945089918	7979.364352	cloud-23933	TIMEOUT	990.888182997	927.7250850130222	7563.079680	cloud-23939
combinations/pals_lcr.3.ufo.UNBOUNDED.pals+Problem12_label09.yml	true	TIMEOUT	991.216419381	864.4898803319957	8355.553280	cloud-23939	TIMEOUT	991.379600905	807.817825614009	7668.756480	cloud-23938	TIMEOUT	991.349875142	915.8767483909905	7873.695744	cloud-23979
combinations/pals_lcr.3_overflow.ufo.UNBOUNDED.pals+Problem12_label01.yml	false	TIMEOUT	991.012340194	875.2263674310016	8350.081024	cloud-23941	TIMEOUT	992.618768171	839.5426371749782	7237.951488	cloud-23938	TIMEOUT	991.200037156	915.8503767359944	7842.549760	cloud-23980
combinations/pals_lcr.3_overflow.ufo.UNBOUNDED.pals+Problem12_label02.yml	false	TIMEOUT	991.622158463	855.9852997939997	8303.067136	cloud-24259	TIMEOUT	991.041795539	900.9074558229768	7681.490944	cloud-23933	TIMEOUT	990.880215469	930.6709742629901	7883.227136	cloud-23942
combinations/pals_lcr.3_overflow.ufo.UNBOUNDED.pals+Problem12_label04.yml	false	TIMEOUT	991.006242492	871.0204554049997	8386.048000	cloud-23940	TIMEOUT	991.847739048	820.1331042889797	7682.392064	cloud-23938	TIMEOUT	991.102422659	903.6181245759944	7870.824448	cloud-23982
combinations/pals_lcr.3_overflow.ufo.UNBOUNDED.pals+Problem12_label05.yml	false	TIMEOUT	990.922706396	904.2804274139999	8337.219584	cloud-23939	TIMEOUT	991.643809171	908.5615554030228	9986.228224	cloud-23979	TIMEOUT	991.399332222	909.3893362090166	7834.210304	cloud-23980
combinations/pals_lcr.3_overflow.ufo.UNBOUNDED.pals+Problem12_label09.yml	false	TIMEOUT	991.543982065	833.4525036459963	8309.157888	cloud-23979	TIMEOUT	991.283670687	771.58037955701	8009.199616	cloud-23980	TIMEOUT	991.227640055	913.6961522969941	7780.913152	cloud-23933
combinations/pals_lcr.4.1.ufo.BOUNDED-8.pals+Problem12_label01.yml	false	TIMEOUT	990.930291386	884.0564541650001	8371.027968	cloud-23941	TIMEOUT	991.086963019	803.6801656219759	7731.359744	cloud-23979	TIMEOUT	991.508969148	918.1995325990138	10044.375040	cloud-23980
combinations/pals_lcr.4.1.ufo.BOUNDED-8.pals+Problem12_label02.yml	false	TIMEOUT	991.713861343	866.599305705	8317.444096	cloud-23933	TIMEOUT	990.928266079	931.0889847739891	9462.034432	cloud-23942	TIMEOUT	990.837659488	933.9634432969906	7860.199424	cloud-23942
combinations/pals_lcr.4.1.ufo.BOUNDED-8.pals+Problem12_label04.yml	false	TIMEOUT	991.004905148	877.3496981639983	8325.939200	cloud-23944	TIMEOUT	991.062414624	820.0446252469847	7703.490560	cloud-23942	TIMEOUT	990.757720174	938.1024505309761	8170.295296	cloud-23940
combinations/pals_lcr.4.1.ufo.BOUNDED-8.pals+Problem12_label05.yml	false	TIMEOUT	991.233874264	874.9006714549996	8276.717568	cloud-24261	TIMEOUT	991.030792714	929.5767385030049	7373.180928	cloud-23933	TIMEOUT	991.660185295	907.9319655389991	7812.210688	cloud-23933
combinations/pals_lcr.4.1.ufo.BOUNDED-8.pals+Problem12_label09.yml	false	TIMEOUT	991.189599488	867.6466908110015	8349.044736	cloud-23941	TIMEOUT	990.827744485	806.0177570910018	10123.730944	cloud-23942	TIMEOUT	991.352138248	905.62678818102	7834.603520	cloud-23982
combinations/pals_lcr.4.1.ufo.UNBOUNDED.pals+Problem12_label01.yml	false	TIMEOUT	991.80919698	845.8465375720116	9045.856256	cloud-24260	TIMEOUT	992.294352692	817.810490739008	7725.715456	cloud-23982	TIMEOUT	990.862945432	929.0937113130058	7853.264896	cloud-23941
combinations/pals_lcr.4.1.ufo.UNBOUNDED.pals+Problem12_label02.yml	false	TIMEOUT	990.859499339	903.487125269	8413.880320	cloud-23940	TIMEOUT	991.088230641	900.4095251079998	7732.809728	cloud-23940	TIMEOUT	990.869336169	931.9993235699949	7833.522176	cloud-23941
combinations/pals_lcr.4.1.ufo.UNBOUNDED.pals+Problem12_label04.yml	false	TIMEOUT	991.023184872	871.4626754460041	8264.708096	cloud-23941	TIMEOUT	991.517091939	821.8360263420036	8460.926976	cloud-23982	TIMEOUT	991.135418832	912.7009678019967	7844.036608	cloud-23982
combinations/pals_lcr.4.1.ufo.UNBOUNDED.pals+Problem12_label05.yml	false	TIMEOUT	991.510153765	839.9051823990012	8329.510912	cloud-24260	TIMEOUT	991.168557979	906.3922776559775	7711.035392	cloud-23979	TIMEOUT	990.837495322	927.6733185050252	7870.201856	cloud-23940
combinations/pals_lcr.4.1.ufo.UNBOUNDED.pals+Problem12_label09.yml	false	TIMEOUT	991.011978598	879.9413568699965	8307.200000	cloud-23940	TIMEOUT	992.013370513	768.34930824599	7706.165248	cloud-23940	TIMEOUT	990.830027255	927.5964538260014	7080.574976	cloud-23942
combinations/pals_lcr.4.ufo.BOUNDED-8.pals+Problem12_label00.yml	false	TIMEOUT	991.058949764	880.2157999080009	8342.921216	cloud-23941	TIMEOUT	991.411470014	841.4798634449835	7524.569088	cloud-23933	TIMEOUT	991.371852708	922.0627255419968	10485.952512	cloud-23979
combinations/pals_lcr.4.ufo.BOUNDED-8.pals+Problem12_label01.yml	true	TIMEOUT	991.637748908	845.8219081120042	8358.064128	cloud-24259	TIMEOUT	991.064961055	825.212912293995	7891.050496	cloud-23933	TIMEOUT	990.814815222	932.7909892809985	7880.765440	cloud-23943
combinations/pals_lcr.4.ufo.BOUNDED-8.pals+Problem12_label02.yml	true	TIMEOUT	990.980521148	914.6514689739997	11182.624768	cloud-23940	TIMEOUT	991.091360331	914.0731381079822	7661.240320	cloud-23980	TIMEOUT	991.093524511	926.9330831420084	7866.802176	cloud-23941
combinations/pals_lcr.4.ufo.BOUNDED-8.pals+Problem12_label03.yml	false	TIMEOUT	991.148101006	857.7394333819975	8379.437056	cloud-23944	TIMEOUT	991.689499989	802.883788142004	10105.053184	cloud-23933	TIMEOUT	990.808620761	931.8744801490102	7592.140800	cloud-23940
combinations/pals_lcr.4.ufo.BOUNDED-8.pals+Problem12_label04.yml	true	TIMEOUT	990.978955833	882.7049926160016	8336.576512	cloud-23939	TIMEOUT	990.814186163	817.3573197060032	7923.752960	cloud-23943	TIMEOUT	990.817309156	933.1837087959866	7850.389504	cloud-23940
combinations/pals_lcr.4.ufo.BOUNDED-8.pals+Problem12_label05.yml	true	TIMEOUT	990.905298346	911.6765007360009	8187.207680	cloud-23944	TIMEOUT	990.792901619	935.6807216450106	8423.915520	cloud-23944	TIMEOUT	991.731695223	909.5973889680172	10900.336640	cloud-23982
combinations/pals_lcr.4.ufo.BOUNDED-8.pals+Problem12_label06.yml	false	TIMEOUT	991.004158184	885.092254277999	8373.735424	cloud-23943	TIMEOUT	990.632156723	788.8063536919944	7424.135168	cloud-23939	TIMEOUT	991.014415964	933.7408511619724	7884.619776	cloud-23943
combinations/pals_lcr.4.ufo.BOUNDED-8.pals+Problem12_label07.yml	false	TIMEOUT	991.631096806	846.1684942640004	8281.427968	cloud-23933	TIMEOUT	990.947013179	815.6055613920034	7780.528128	cloud-23940	TIMEOUT	990.846483865	932.1453665049921	7507.238912	cloud-23940
combinations/pals_lcr.4.ufo.BOUNDED-8.pals+Problem12_label08.yml	false	TIMEOUT	990.926567773	892.6288739319934	8004.939776	cloud-23940	TIMEOUT	990.832942608	918.4202691779938	7365.414912	cloud-23939	TIMEOUT	991.098513808	917.8087312849821	7825.698816	cloud-23933
combinations/pals_lcr.4.ufo.BOUNDED-8.pals+Problem12_label09.yml	true	TIMEOUT	991.235256815	855.3768212889845	9617.395712	cloud-23939	TIMEOUT	990.88540762	791.6825205409841	7721.971712	cloud-23938	TIMEOUT	990.857079528	925.1299287169822	7885.967360	cloud-23942
combinations/pals_lcr.4.ufo.UNBOUNDED.pals+Problem12_label00.yml	false	TIMEOUT	991.008244525	887.0494660619879	8342.224896	cloud-23943	TIMEOUT	992.649535808	841.193109098007	7716.233216	cloud-23938	TIMEOUT	991.248714117	907.2479643730039	10284.388352	cloud-23979
combinations/pals_lcr.4.ufo.UNBOUNDED.pals+Problem12_label01.yml	true	TIMEOUT	991.867273233	849.5351054389903	10028.535808	cloud-23933	TIMEOUT	990.779933502	807.3158829919994	7681.961984	cloud-23933	TIMEOUT	991.778057606	891.5805438570096	7880.888320	cloud-23938
combinations/pals_lcr.4.ufo.UNBOUNDED.pals+Problem12_label02.yml	true	TIMEOUT	991.178185472	897.8330101659994	10970.206208	cloud-23944	TIMEOUT	990.934828562	909.8073969869874	7881.007104	cloud-23939	TIMEOUT	990.976608892	926.7542007290176	7891.300352	cloud-23939
combinations/pals_lcr.4.ufo.UNBOUNDED.pals+Problem12_label03.yml	false	TIMEOUT	991.243915911	855.925629698002	9141.903360	cloud-23939	TIMEOUT	992.727517665	801.7693218239874	7731.769344	cloud-23982	TIMEOUT	991.232139475	915.9573426959978	7809.785856	cloud-23980
combinations/pals_lcr.4.ufo.UNBOUNDED.pals+Problem12_label04.yml	true	TIMEOUT	990.982523151	874.1480057610006	8357.855232	cloud-23944	TIMEOUT	991.498552292	759.3558735949919	7648.468992	cloud-23944	TIMEOUT	990.871915975	934.8018951720151	7869.009920	cloud-23944
combinations/pals_lcr.4.ufo.UNBOUNDED.pals+Problem12_label05.yml	true	TIMEOUT	991.041362872	897.8355818520004	11425.902592	cloud-23941	TIMEOUT	990.903257633	910.6052638830151	8023.830528	cloud-23940	TIMEOUT	991.261226589	909.2787916670204	7845.396480	cloud-23933
combinations/pals_lcr.4.ufo.UNBOUNDED.pals+Problem12_label06.yml	false	TIMEOUT	991.362211053	846.6971089719991	8298.496000	cloud-24259	TIMEOUT	991.582367146	776.9792030109966	7919.849472	cloud-23982	TIMEOUT	990.716212645	935.2864276889886	7491.477504	cloud-23944
combinations/pals_lcr.4.ufo.UNBOUNDED.pals+Problem12_label07.yml	false	TIMEOUT	991.042201796	872.1653123680153	8334.954496	cloud-23942	TIMEOUT	992.810183342	805.1946531730064	7862.280192	cloud-23933	TIMEOUT	990.736596164	939.0525808889943	7876.141056	cloud-23944
combinations/pals_lcr.4.ufo.UNBOUNDED.pals+Problem12_label08.yml	false	TIMEOUT	991.453075448	868.0122854259971	8302.858240	cloud-23933	TIMEOUT	990.825864734	927.5821461279993	7847.460864	cloud-23942	TIMEOUT	990.84003841	930.4009976230154	7885.430784	cloud-23940
combinations/pals_lcr.4.ufo.UNBOUNDED.pals+Problem12_label09.yml	true	TIMEOUT	991.500673044	849.616643785	11334.750208	cloud-24261	TIMEOUT	991.813856563	801.8037086449913	7697.539072	cloud-23938	TIMEOUT	990.852999258	929.2767514860025	7856.566272	cloud-23939
combinations/pals_lcr.4_overflow.ufo.UNBOUNDED.pals+Problem12_label01.yml	false	TIMEOUT	991.078141488	881.3194920090027	8368.730112	cloud-23943	TIMEOUT	991.297109364	787.0835532920028	7696.125952	cloud-23939	TIMEOUT	991.050505915	925.1914275730087	8151.650304	cloud-23933
combinations/pals_lcr.4_overflow.ufo.UNBOUNDED.pals+Problem12_label02.yml	false	TIMEOUT	991.019241348	886.1708248910145	8337.416192	cloud-23942	TIMEOUT	991.339333318	914.1240646229999	10258.178048	cloud-23933	TIMEOUT	991.423100872	923.4547113169974	7869.431808	cloud-23933
combinations/pals_lcr.4_overflow.ufo.UNBOUNDED.pals+Problem12_label04.yml	false	TIMEOUT	990.956821333	876.0110766059988	8342.556672	cloud-23939	TIMEOUT	991.501705585	813.5927764569933	10437.009408	cloud-23938	TIMEOUT	990.805385875	930.8089138760115	7851.073536	cloud-23943
combinations/pals_lcr.4_overflow.ufo.UNBOUNDED.pals+Problem12_label05.yml	false	TIMEOUT	991.27450304	873.53493273	10910.838784	cloud-24261	TIMEOUT	991.037552422	905.6004952749936	7752.036352	cloud-23939	TIMEOUT	991.715378894	907.7012946809991	9654.255616	cloud-23933
combinations/pals_lcr.4_overflow.ufo.UNBOUNDED.pals+Problem12_label09.yml	false	TIMEOUT	991.177474824	863.1695257980027	8040.161280	cloud-23941	TIMEOUT	990.951596434	788.1157128089981	8040.366080	cloud-23982	TIMEOUT	991.371739423	905.2630256480188	7835.336704	cloud-23938
combinations/pals_lcr.5.1.ufo.BOUNDED-10.pals+Problem12_label01.yml	false	TIMEOUT	991.558769311	843.4735413390154	8314.490880	cloud-23933	TIMEOUT	992.489354161	803.2916271840222	8413.319168	cloud-23944	TIMEOUT	990.724460032	940.9103245399892	7613.878272	cloud-23944
combinations/pals_lcr.5.1.ufo.BOUNDED-10.pals+Problem12_label02.yml	false	TIMEOUT	991.01537558	906.7814756760017	11425.906688	cloud-23941	TIMEOUT	991.184037119	919.6640693779918	7852.838912	cloud-23933	TIMEOUT	991.436712276	889.250865671027	7890.272256	cloud-23938
combinations/pals_lcr.5.1.ufo.BOUNDED-10.pals+Problem12_label04.yml	false	TIMEOUT	990.98244681	875.8866006979952	8425.078784	cloud-23940	TIMEOUT	990.842483584	856.2597810809966	7705.075712	cloud-23980	TIMEOUT	991.133934395	908.820089218003	7954.661376	cloud-23979
combinations/pals_lcr.5.1.ufo.BOUNDED-10.pals+Problem12_label05.yml	false	TIMEOUT	991.440922268	846.736935776993	8314.343424	cloud-24259	TIMEOUT	991.092887016	918.2757348289888	7365.132288	cloud-23933	TIMEOUT	991.508905496	919.1663972990063	7943.925760	cloud-23979
combinations/pals_lcr.5.1.ufo.BOUNDED-10.pals+Problem12_label09.yml	false	TIMEOUT	991.625920574	837.1675903509895	8317.337600	cloud-24260	TIMEOUT	991.476419497	799.8160068120051	7398.957056	cloud-23980	TIMEOUT	991.100093862	913.2537440539745	7860.158464	cloud-23982
combinations/pals_lcr.5.1.ufo.UNBOUNDED.pals+Problem12_label01.yml	false	TIMEOUT	991.033964228	874.4554321619944	8383.250432	cloud-23939	TIMEOUT	991.016200418	796.3157858949853	7777.746944	cloud-23940	TIMEOUT	991.455290758	897.3416969809914	7883.685888	cloud-23938
combinations/pals_lcr.5.1.ufo.UNBOUNDED.pals+Problem12_label02.yml	false	TIMEOUT	991.564500829	861.7616285819968	8392.179712	cloud-23979	TIMEOUT	990.915628919	916.4157186489902	7779.196928	cloud-23933	TIMEOUT	990.898314193	931.313799037016	7957.676032	cloud-23942
combinations/pals_lcr.5.1.ufo.UNBOUNDED.pals+Problem12_label04.yml	false	TIMEOUT	991.900904945	822.6402628440119	8354.217984	cloud-24259	TIMEOUT	991.476450452	756.6108857099898	7715.913728	cloud-23940	TIMEOUT	990.918657215	926.3294043999922	8116.129792	cloud-23939
combinations/pals_lcr.5.1.ufo.UNBOUNDED.pals+Problem12_label05.yml	false	TIMEOUT	991.837541841	869.9812754840004	11390.251008	cloud-24259	TIMEOUT	990.800650909	923.1670588130073	7379.427328	cloud-23940	TIMEOUT	991.349368773	916.8930571530072	7863.787520	cloud-23980
combinations/pals_lcr.5.1.ufo.UNBOUNDED.pals+Problem12_label09.yml	false	TIMEOUT	991.528639223	835.2026967460115	8191.844352	cloud-24259	TIMEOUT	991.197798461	801.5755957440124	7731.027968	cloud-23933	TIMEOUT	991.439896551	909.7744808419957	8581.902336	cloud-23938
combinations/pals_lcr.5.ufo.BOUNDED-10.pals+Problem12_label00.yml	false	TIMEOUT	991.74780489	856.6168126300036	9554.419712	cloud-23979	TIMEOUT	991.712135683	790.065647209005	7733.633024	cloud-23938	TIMEOUT	991.057681243	933.5186523470038	10744.606720	cloud-23942
combinations/pals_lcr.5.ufo.BOUNDED-10.pals+Problem12_label01.yml	true	TIMEOUT	991.174146032	835.238424439	8317.870080	cloud-24259	TIMEOUT	991.650841059	821.6711128489987	7988.318208	cloud-23982	TIMEOUT	990.761609386	934.0773589000164	7885.053952	cloud-23944
combinations/pals_lcr.5.ufo.BOUNDED-10.pals+Problem12_label02.yml	true	TIMEOUT	991.641074757	872.2262740639853	10725.249024	cloud-23933	TIMEOUT	991.152253668	925.0705030110257	10364.407808	cloud-23933	TIMEOUT	991.299052546	913.359252779017	7883.743232	cloud-23980
combinations/pals_lcr.5.ufo.BOUNDED-10.pals+Problem12_label03.yml	false	TIMEOUT	991.71707986	837.2665279710054	9243.631616	cloud-24260	TIMEOUT	992.626955613	818.844312486006	7262.101504	cloud-23933	TIMEOUT	991.222871436	912.4388477139873	7842.099200	cloud-23980
combinations/pals_lcr.5.ufo.BOUNDED-10.pals+Problem12_label04.yml	true	TIMEOUT	991.698113203	825.3222769230051	8085.032960	cloud-24260	TIMEOUT	991.495377143	828.062268773996	8429.146112	cloud-23980	TIMEOUT	991.424924261	906.4526952989982	7877.926912	cloud-23938
combinations/pals_lcr.5.ufo.BOUNDED-10.pals+Problem12_label05.yml	true	TIMEOUT	990.891469757	910.319905999	9515.876352	cloud-23939	TIMEOUT	991.120954209	920.9344415829983	7497.498624	cloud-23980	TIMEOUT	991.409422619	899.8177389550256	7863.267328	cloud-23982
combinations/pals_lcr.5.ufo.BOUNDED-10.pals+Problem12_label06.yml	false	TIMEOUT	991.577640605	836.1099486020103	8388.780032	cloud-23933	TIMEOUT	991.449521203	774.6680214929802	9616.642048	cloud-23933	TIMEOUT	991.23770877	914.8590599579911	7892.852736	cloud-23979
combinations/pals_lcr.5.ufo.BOUNDED-10.pals+Problem12_label07.yml	false	TIMEOUT	991.436150872	852.9384792650008	8338.841600	cloud-24261	TIMEOUT	991.474030148	800.3297587489942	7715.581952	cloud-23982	TIMEOUT	991.324109359	915.866286687	7882.313728	cloud-23979
combinations/pals_lcr.5.ufo.BOUNDED-10.pals+Problem12_label08.yml	false	TIMEOUT	990.980203604	882.2097452629823	8315.834368	cloud-23941	TIMEOUT	991.135743389	906.9072576470207	7258.132480	cloud-23979	TIMEOUT	990.884355884	930.8136508250027	8949.272576	cloud-23942
combinations/pals_lcr.5.ufo.BOUNDED-10.pals+Problem12_label09.yml	true	TIMEOUT	991.294897868	872.6751132369973	8674.877440	cloud-23939	TIMEOUT	990.898872312	799.7830526040052	9987.260416	cloud-23980	TIMEOUT	990.759952088	934.636945893988	7904.796672	cloud-23944
combinations/pals_lcr.5.ufo.UNBOUNDED.pals+Problem12_label00.yml	false	TIMEOUT	991.03839745	879.5925865559839	8391.278592	cloud-23943	TIMEOUT	991.356433648	841.720216296002	9951.010816	cloud-23938	TIMEOUT	991.326390362	907.8749870379979	8175.284224	cloud-23938
combinations/pals_lcr.5.ufo.UNBOUNDED.pals+Problem12_label01.yml	true	TIMEOUT	991.691845311	846.7795220619882	11110.076416	cloud-23979	TIMEOUT	991.412224723	798.6502568860014	7300.059136	cloud-23979	TIMEOUT	990.966585687	929.2150943040033	9510.252544	cloud-23939
combinations/pals_lcr.5.ufo.UNBOUNDED.pals+Problem12_label02.yml	true	TIMEOUT	991.011604226	887.6963676989981	9557.237760	cloud-23944	TIMEOUT	991.012455454	908.8953147149878	7963.107328	cloud-23979	TIMEOUT	990.880636283	931.4908614589949	7963.443200	cloud-23940
combinations/pals_lcr.5.ufo.UNBOUNDED.pals+Problem12_label03.yml	false	TIMEOUT	991.46258404	837.553249138	8321.556480	cloud-23933	TIMEOUT	991.909954745	777.0647049899853	7773.233152	cloud-23938	TIMEOUT	991.328523566	915.9924602230021	7871.582208	cloud-23979
combinations/pals_lcr.5.ufo.UNBOUNDED.pals+Problem12_label04.yml	true	TIMEOUT	991.418967869	859.8166122350085	8426.008576	cloud-23941	TIMEOUT	991.639758279	794.9770468039787	9416.368128	cloud-23933	TIMEOUT	990.967646687	925.1012550109881	7578.222592	cloud-23941
combinations/pals_lcr.5.ufo.UNBOUNDED.pals+Problem12_label05.yml	true	TIMEOUT	991.098196919	889.5147852700029	8434.573312	cloud-23942	TIMEOUT	991.177921963	895.0957587430021	7748.698112	cloud-23980	TIMEOUT	990.752246696	938.5934554940031	7923.834880	cloud-23940
combinations/pals_lcr.5.ufo.UNBOUNDED.pals+Problem12_label06.yml	false	TIMEOUT	991.221055253	867.242658952	11103.793152	cloud-23944	TIMEOUT	991.098378017	781.6329693080042	7764.922368	cloud-23980	TIMEOUT	990.838417711	930.5960404099897	7969.538048	cloud-23940
combinations/pals_lcr.5.ufo.UNBOUNDED.pals+Problem12_label07.yml	false	TIMEOUT	990.94797839	890.7675218860022	8383.483904	cloud-23941	TIMEOUT	990.961057848	783.4230971650104	7752.904704	cloud-23933	TIMEOUT	991.001779616	931.5000843279995	7939.452928	cloud-23942
combinations/pals_lcr.5.ufo.UNBOUNDED.pals+Problem12_label08.yml	false	TIMEOUT	991.007374458	907.9596999690002	11384.365056	cloud-23944	TIMEOUT	991.515173143	895.428893328004	7737.528320	cloud-23938	TIMEOUT	991.229569685	915.4682463209901	10186.768384	cloud-23979
combinations/pals_lcr.5.ufo.UNBOUNDED.pals+Problem12_label09.yml	true	TIMEOUT	991.391422638	827.9751277999999	8360.787968	cloud-23979	TIMEOUT	991.319235315	794.5477419650124	8329.269248	cloud-23933	TIMEOUT	991.064253202	932.2252892559918	10727.084032	cloud-23941
combinations/pals_lcr.5_overflow.ufo.UNBOUNDED.pals+Problem12_label01.yml	false	TIMEOUT	991.15865497	872.093483701	10955.546624	cloud-23943	TIMEOUT	991.011782609	816.9373254530074	7749.652480	cloud-23939	TIMEOUT	991.28631736	912.190001645009	7886.307328	cloud-23933
combinations/pals_lcr.5_overflow.ufo.UNBOUNDED.pals+Problem12_label02.yml	false	TIMEOUT	990.942855191	894.607136665989	8420.913152	cloud-23940	TIMEOUT	991.362546245	883.9032331960043	7994.195968	cloud-23982	TIMEOUT	991.405999273	915.7313862050069	10384.420864	cloud-23979
combinations/pals_lcr.5_overflow.ufo.UNBOUNDED.pals+Problem12_label04.yml	false	TIMEOUT	991.146060145	869.526285164	8312.143872	cloud-23941	TIMEOUT	991.775724143	783.3607101359812	7756.800000	cloud-23943	TIMEOUT	991.873625715	912.1998225529969	11019.288576	cloud-23933
combinations/pals_lcr.5_overflow.ufo.UNBOUNDED.pals+Problem12_label05.yml	false	TIMEOUT	991.072363025	898.2250807730015	8444.985344	cloud-23941	TIMEOUT	990.79285244	924.1910042700183	8110.981120	cloud-23944	TIMEOUT	991.402655214	910.9138891689945	7872.020480	cloud-23938
combinations/pals_lcr.5_overflow.ufo.UNBOUNDED.pals+Problem12_label09.yml	false	TIMEOUT	991.090172731	870.1263951479923	8331.272192	cloud-23939	TIMEOUT	991.473497166	814.7996808640019	7682.764800	cloud-23982	TIMEOUT	991.497644608	903.3290609850083	7857.541120	cloud-23933
combinations/pals_lcr.6.1.ufo.BOUNDED-12.pals+Problem12_label01.yml	false	TIMEOUT	991.621242183	865.2329323769954	8344.805376	cloud-24259	TIMEOUT	992.48452813	804.966731449007	7772.708864	cloud-23939	TIMEOUT	990.877145945	931.0765760819777	7955.247104	cloud-23942
combinations/pals_lcr.6.1.ufo.BOUNDED-12.pals+Problem12_label02.yml	false	TIMEOUT	991.000467637	892.8463216380005	8367.611904	cloud-23943	TIMEOUT	991.266544983	911.1417784070072	9614.499840	cloud-23980	TIMEOUT	991.334888948	900.286022684013	8220.934144	cloud-23938
combinations/pals_lcr.6.1.ufo.BOUNDED-12.pals+Problem12_label04.yml	false	TIMEOUT	991.612171871	849.1972982209991	8345.411584	cloud-23933	TIMEOUT	990.688391387	805.6438579800015	7717.285888	cloud-23939	TIMEOUT	991.128702722	917.9769459910167	7915.978752	cloud-23980
combinations/pals_lcr.6.1.ufo.BOUNDED-12.pals+Problem12_label05.yml	false	TIMEOUT	990.982632252	892.725593737996	8423.895040	cloud-23943	TIMEOUT	990.879372653	928.7296974649944	7980.421120	cloud-23941	TIMEOUT	990.852483044	935.0957383969799	9380.876288	cloud-23944
combinations/pals_lcr.6.1.ufo.BOUNDED-12.pals+Problem12_label09.yml	false	TIMEOUT	991.004493926	870.2169160049998	8430.837760	cloud-23942	TIMEOUT	990.744550088	801.3706784209935	7735.259136	cloud-23980	TIMEOUT	990.939909914	927.8533176799829	7962.505216	cloud-23941
combinations/pals_lcr.6.1.ufo.UNBOUNDED.pals+Problem12_label01.yml	false	TIMEOUT	991.785939259	833.9682632400072	8340.070400	cloud-24260	TIMEOUT	991.432217674	813.3027216990013	7760.048128	cloud-23980	TIMEOUT	991.38217022	915.8741516610025	7888.297984	cloud-23933
combinations/pals_lcr.6.1.ufo.UNBOUNDED.pals+Problem12_label02.yml	false	TIMEOUT	990.908844081	903.576174277001	8435.359744	cloud-23939	TIMEOUT	991.064966898	912.152107981994	7895.715840	cloud-23979	TIMEOUT	990.90154416	928.6375839870016	7951.896576	cloud-23939
combinations/pals_lcr.6.1.ufo.UNBOUNDED.pals+Problem12_label04.yml	false	TIMEOUT	991.203703828	873.2470549	9826.369536	cloud-23939	TIMEOUT	990.73651988	758.3483998829906	7749.238784	cloud-23943	TIMEOUT	991.368872678	914.8613225220179	7930.802176	cloud-23979
combinations/pals_lcr.6.1.ufo.UNBOUNDED.pals+Problem12_label05.yml	false	TIMEOUT	991.163697202	879.0563583340045	9516.257280	cloud-23944	TIMEOUT	991.104353069	913.5392717389914	7739.527168	cloud-23980	TIMEOUT	990.86193554	929.931370167993	7923.716096	cloud-23939
combinations/pals_lcr.6.1.ufo.UNBOUNDED.pals+Problem12_label09.yml	false	TIMEOUT	991.17190955	851.4417385470006	9194.577920	cloud-23944	TIMEOUT	991.0500199	787.8677191019815	7783.079936	cloud-23979	TIMEOUT	990.95607176	927.2949756969756	8411.246592	cloud-23939
combinations/pals_lcr.6.ufo.BOUNDED-12.pals+Problem12_label00.yml	false	TIMEOUT	991.028487394	882.8105766939989	8403.083264	cloud-23943	TIMEOUT	991.104703415	829.4014627000142	7774.609408	cloud-23938	TIMEOUT	991.436441976	907.4371789889992	7898.943488	cloud-23938
combinations/pals_lcr.6.ufo.BOUNDED-12.pals+Problem12_label01.yml	true	TIMEOUT	992.463366029	597.1507057819981	11537.158144	cloud-23943	TIMEOUT	991.53555335	821.5319838889991	7481.933824	cloud-23980	TIMEOUT	991.43155607	912.5002623609907	7924.600832	cloud-23933
combinations/pals_lcr.6.ufo.BOUNDED-12.pals+Problem12_label02.yml	true	TIMEOUT	991.250763203	897.267225263	8412.397568	cloud-23944	TIMEOUT	990.825323721	932.9398684730113	7754.371072	cloud-23942	TIMEOUT	990.794184471	931.4478130220086	7989.243904	cloud-23944
combinations/pals_lcr.6.ufo.BOUNDED-12.pals+Problem12_label03.yml	false	TIMEOUT	991.770540399	823.6866919669847	8349.192192	cloud-24260	TIMEOUT	991.356410323	796.872523441998	7756.529664	cloud-23979	TIMEOUT	991.133834131	930.1514051830163	7952.592896	cloud-23941
combinations/pals_lcr.6.ufo.BOUNDED-12.pals+Problem12_label04.yml	true	TIMEOUT	991.215524423	857.677288884006	8415.240192	cloud-23939	TIMEOUT	991.77670671	814.0830349629978	9065.287680	cloud-23944	TIMEOUT	991.10350845	913.9433809350012	7887.937536	cloud-23980
combinations/pals_lcr.6.ufo.BOUNDED-12.pals+Problem12_label05.yml	true	TIMEOUT	990.994921599	890.9081611039874	8377.360384	cloud-23939	TIMEOUT	991.040330526	923.0226868010068	9831.014400	cloud-23938	TIMEOUT	991.223547252	920.1974132510077	7929.933824	cloud-23979
combinations/pals_lcr.6.ufo.BOUNDED-12.pals+Problem12_label06.yml	false	TIMEOUT	991.051270362	877.8593188960003	8392.409088	cloud-23944	TIMEOUT	991.616712991	762.7929353439831	8910.225408	cloud-23979	TIMEOUT	991.42467441	912.0953559199988	9503.285248	cloud-23933
combinations/pals_lcr.6.ufo.BOUNDED-12.pals+Problem12_label07.yml	false	TIMEOUT	991.134531818	872.876434648002	9591.746560	cloud-23943	TIMEOUT	991.197868827	831.2523338600004	7746.334720	cloud-23938	TIMEOUT	991.694158131	906.2511011819879	9422.934016	cloud-23938
combinations/pals_lcr.6.ufo.BOUNDED-12.pals+Problem12_label08.yml	false	TIMEOUT	990.925789156	909.0548615960006	10027.737088	cloud-23942	TIMEOUT	991.138007858	913.7265226040035	7973.036032	cloud-23933	TIMEOUT	991.391700952	916.5716134529794	8234.872832	cloud-23933
combinations/pals_lcr.6.ufo.BOUNDED-12.pals+Problem12_label09.yml	true	TIMEOUT	991.091643475	881.6910068979996	8376.913920	cloud-23941	TIMEOUT	991.085655691	801.8436787830142	9978.142720	cloud-23938	TIMEOUT	990.878567809	926.2350598640041	7965.671424	cloud-23940
combinations/pals_lcr.6.ufo.UNBOUNDED.pals+Problem12_label00.yml	false	TIMEOUT	991.130249896	868.0871375269999	8406.437888	cloud-23939	TIMEOUT	990.586796629	804.9877266550029	9077.706752	cloud-23942	TIMEOUT	990.781520462	935.6308341579861	7945.891840	cloud-23944
combinations/pals_lcr.6.ufo.UNBOUNDED.pals+Problem12_label01.yml	true	TIMEOUT	990.925073694	883.9168792500004	8415.264768	cloud-23944	TIMEOUT	992.10941955	830.9637479369994	10810.060800	cloud-23933	TIMEOUT	990.826322284	929.2256884810049	7959.625728	cloud-23940
combinations/pals_lcr.6.ufo.UNBOUNDED.pals+Problem12_label02.yml	true	TIMEOUT	991.734129725	844.9146665839944	8347.545600	cloud-24260	TIMEOUT	991.327344036	886.6972877139924	7922.745344	cloud-23938	TIMEOUT	990.875276692	926.2916117350105	7908.954112	cloud-23940
combinations/pals_lcr.6.ufo.UNBOUNDED.pals+Problem12_label03.yml	false	TIMEOUT	992.045429472	850.2172824880108	11298.914304	cloud-23933	TIMEOUT	991.755703484	808.2780478420027	7756.206080	cloud-23979	TIMEOUT	991.362240735	904.5704363870027	7883.841536	cloud-23982
combinations/pals_lcr.6.ufo.UNBOUNDED.pals+Problem12_label04.yml	true	TIMEOUT	991.143697698	873.2684009349905	8378.814464	cloud-23941	TIMEOUT	991.122741499	803.7734581609839	7771.734016	cloud-23982	TIMEOUT	990.831277029	928.3421763159859	7945.359360	cloud-23940
combinations/pals_lcr.6.ufo.UNBOUNDED.pals+Problem12_label05.yml	true	TIMEOUT	990.925297448	895.2846770180004	8446.840832	cloud-23941	TIMEOUT	990.924066978	913.1841288690048	7759.986688	cloud-23941	TIMEOUT	991.323409915	904.393006792001	8200.921088	cloud-23982
combinations/pals_lcr.6.ufo.UNBOUNDED.pals+Problem12_label06.yml	false	TIMEOUT	991.164558978	868.4159583380097	9153.785856	cloud-23939	TIMEOUT	992.221181487	780.7177534899965	7767.293952	cloud-23943	TIMEOUT	991.140500021	918.3208034819982	7935.037440	cloud-23979
combinations/pals_lcr.6.ufo.UNBOUNDED.pals+Problem12_label07.yml	false	TIMEOUT	990.936695058	887.331531421	8520.826880	cloud-23941	TIMEOUT	991.821917398	828.1221173029917	7421.153280	cloud-23933	TIMEOUT	990.831731336	933.1036836669955	7947.636736	cloud-23943
combinations/pals_lcr.6.ufo.UNBOUNDED.pals+Problem12_label08.yml	false	TIMEOUT	990.963189383	891.0698988040094	8398.618624	cloud-23941	TIMEOUT	991.046359823	911.3667175460141	7797.293056	cloud-23979	TIMEOUT	991.285604504	910.4564699040202	8118.632448	cloud-23980
combinations/pals_lcr.6.ufo.UNBOUNDED.pals+Problem12_label09.yml	true	TIMEOUT	991.260774752	872.9351217040094	11333.222400	cloud-23939	TIMEOUT	992.073423191	795.5054621910094	7772.114944	cloud-23933	TIMEOUT	991.590694269	901.8068763740011	7915.036672	cloud-23938
combinations/pals_lcr.6_overflow.ufo.UNBOUNDED.pals+Problem12_label01.yml	false	TIMEOUT	991.301324167	844.7830744590001	8392.130560	cloud-24261	TIMEOUT	991.358252965	832.2578951120086	7759.052800	cloud-23938	TIMEOUT	990.931632072	926.0307945310196	7981.723648	cloud-23942
combinations/pals_lcr.6_overflow.ufo.UNBOUNDED.pals+Problem12_label02.yml	false	TIMEOUT	991.065377062	889.0036128130159	8433.770496	cloud-23944	TIMEOUT	991.103201337	911.3841368840076	7919.624192	cloud-23933	TIMEOUT	991.228713377	906.4592360919924	7896.481792	cloud-23982
combinations/pals_lcr.6_overflow.ufo.UNBOUNDED.pals+Problem12_label04.yml	false	TIMEOUT	991.584429627	825.715755518002	8441.991168	cloud-24259	TIMEOUT	992.588469886	813.9901694190048	7770.312704	cloud-23933	TIMEOUT	991.210558046	903.1263235379884	7921.618944	cloud-23933
combinations/pals_lcr.6_overflow.ufo.UNBOUNDED.pals+Problem12_label05.yml	false	TIMEOUT	991.315101546	862.9742844169998	8403.800064	cloud-23933	TIMEOUT	991.07372067	920.8685087630001	10187.829248	cloud-23941	TIMEOUT	991.363668299	906.7496429140156	7895.629824	cloud-23982
combinations/pals_lcr.6_overflow.ufo.UNBOUNDED.pals+Problem12_label09.yml	false	TIMEOUT	991.711986895	832.1387670930126	8385.777664	cloud-24260	TIMEOUT	992.125063697	806.0032139490067	7745.736704	cloud-23979	TIMEOUT	991.534518598	911.808607790008	8174.866432	cloud-23980
combinations/pals_lcr.7.1.ufo.BOUNDED-14.pals+Problem12_label01.yml	false	TIMEOUT	991.425289851	845.4322907249998	8352.739328	cloud-23933	TIMEOUT	990.729470644	819.784263567999	7804.887040	cloud-23933	TIMEOUT	991.269434716	907.816512135003	7936.012288	cloud-23979
combinations/pals_lcr.7.1.ufo.BOUNDED-14.pals+Problem12_label02.yml	false	TIMEOUT	991.010876992	892.9836228060012	8470.487040	cloud-23944	TIMEOUT	990.992054675	923.007030703011	7744.389120	cloud-23980	TIMEOUT	990.818853157	938.9005258209945	8715.055104	cloud-23939
combinations/pals_lcr.7.1.ufo.BOUNDED-14.pals+Problem12_label04.yml	false	TIMEOUT	991.790709243	837.5304879360192	9380.470784	cloud-23933	TIMEOUT	991.298064023	846.7317677179817	7356.968960	cloud-23979	TIMEOUT	991.237803551	917.9288896830112	8004.567040	cloud-23980
combinations/pals_lcr.7.1.ufo.BOUNDED-14.pals+Problem12_label05.yml	false	TIMEOUT	991.593565168	867.5028941390046	8409.600000	cloud-23933	TIMEOUT	990.816981831	928.9597829540144	7777.492992	cloud-23941	TIMEOUT	990.949877803	927.3819872650201	8550.494208	cloud-23941
combinations/pals_lcr.7.1.ufo.BOUNDED-14.pals+Problem12_label09.yml	false	TIMEOUT	991.791860702	833.7843984799983	8359.288832	cloud-24260	TIMEOUT	991.395154403	800.1122677800013	7772.479488	cloud-23933	TIMEOUT	991.232753336	914.6661228900193	7920.197632	cloud-23938
combinations/pals_lcr.7.1.ufo.UNBOUNDED.pals+Problem12_label01.yml	false	TIMEOUT	990.954759225	877.8041593350026	8118.665216	cloud-23940	TIMEOUT	991.409883434	830.8557108090026	7786.934272	cloud-23938	TIMEOUT	991.900510108	913.074561447982	10895.159296	cloud-23980
combinations/pals_lcr.7.1.ufo.UNBOUNDED.pals+Problem12_label02.yml	false	TIMEOUT	991.137625054	890.4101416869962	9869.979648	cloud-23944	TIMEOUT	990.885768325	921.6314507370116	7922.720768	cloud-23943	TIMEOUT	991.317136482	915.5995353939943	8165.699584	cloud-23979
combinations/pals_lcr.7.1.ufo.UNBOUNDED.pals+Problem12_label04.yml	false	TIMEOUT	991.045754727	876.0516398629989	8430.944256	cloud-23943	TIMEOUT	991.391870923	770.9665802919772	7784.861696	cloud-23944	TIMEOUT	991.287979889	917.2976366380171	7946.301440	cloud-23933
combinations/pals_lcr.7.1.ufo.UNBOUNDED.pals+Problem12_label05.yml	false	TIMEOUT	991.369954526	877.3817906790064	9587.200000	cloud-24259	TIMEOUT	990.901471638	926.1648690429865	9705.992192	cloud-23944	TIMEOUT	990.881976129	932.6698536940094	7978.446848	cloud-23940
combinations/pals_lcr.7.1.ufo.UNBOUNDED.pals+Problem12_label09.yml	false	TIMEOUT	991.546601326	845.1491891900005	8403.447808	cloud-24261	TIMEOUT	991.643774711	793.1614679720078	9943.543808	cloud-23982	TIMEOUT	990.7223844	933.6679465130146	7339.544576	cloud-23944
combinations/pals_lcr.7.ufo.BOUNDED-14.pals+Problem12_label00.yml	false	TIMEOUT	991.49399895	869.6600440829934	8412.360704	cloud-24259	TIMEOUT	991.674187125	843.7428213699895	7957.893120	cloud-23980	TIMEOUT	991.466367489	909.3800928400015	7891.595264	cloud-23982
combinations/pals_lcr.7.ufo.BOUNDED-14.pals+Problem12_label01.yml	true	TIMEOUT	991.253867834	864.1167992440023	11161.485312	cloud-23943	TIMEOUT	991.265868761	826.3979247650132	7788.433408	cloud-23933	TIMEOUT	991.0707768	907.0891074340034	7647.182848	cloud-23980
combinations/pals_lcr.7.ufo.BOUNDED-14.pals+Problem12_label02.yml	true	TIMEOUT	991.061735922	895.0165076989979	8423.432192	cloud-23939	TIMEOUT	991.005456328	923.6994866080058	8381.546496	cloud-23979	TIMEOUT	991.247720915	922.0569842490077	7937.896448	cloud-23979
combinations/pals_lcr.7.ufo.BOUNDED-14.pals+Problem12_label03.yml	false	TIMEOUT	991.113957806	875.8850049560133	9711.329280	cloud-23944	TIMEOUT	990.961766127	765.52820410399	7801.655296	cloud-23939	TIMEOUT	991.476927929	909.0178987200197	9928.069120	cloud-23982
combinations/pals_lcr.7.ufo.BOUNDED-14.pals+Problem12_label04.yml	true	TIMEOUT	991.534453062	839.2997559650103	9050.198016	cloud-23933	TIMEOUT	990.917815459	839.7427595700137	7765.991424	cloud-23938	TIMEOUT	990.908707523	925.7649750040146	8002.789376	cloud-23943
combinations/pals_lcr.7.ufo.BOUNDED-14.pals+Problem12_label05.yml	true	TIMEOUT	991.584576904	865.2235141199999	8375.128064	cloud-24259	TIMEOUT	991.072844166	926.5319136939943	7560.876032	cloud-23979	TIMEOUT	990.750280717	937.3047564429871	7987.179520	cloud-23944
combinations/pals_lcr.7.ufo.BOUNDED-14.pals+Problem12_label06.yml	false	TIMEOUT	991.413875524	845.8284544320195	8427.814912	cloud-23979	TIMEOUT	991.971823995	794.3162622200034	10163.527680	cloud-23979	TIMEOUT	990.858820597	928.784993276	7991.025664	cloud-23940
combinations/pals_lcr.7.ufo.BOUNDED-14.pals+Problem12_label07.yml	false	TIMEOUT	990.996700154	869.587892452	8501.403648	cloud-23939	TIMEOUT	991.565721526	838.8335350200068	8731.037696	cloud-23982	TIMEOUT	990.841146081	929.4169373950281	7989.936128	cloud-23942
combinations/pals_lcr.7.ufo.BOUNDED-14.pals+Problem12_label08.yml	false	TIMEOUT	991.505868538	860.5979573919903	8432.881664	cloud-23979	TIMEOUT	991.254940529	895.1080596840184	7785.193472	cloud-23980	TIMEOUT	990.79226042	940.7511838049977	8900.255744	cloud-23944
combinations/pals_lcr.7.ufo.BOUNDED-14.pals+Problem12_label09.yml	true	TIMEOUT	991.161066001	878.5523746969993	9781.760000	cloud-23944	TIMEOUT	991.452633443	802.207049256016	7760.056320	cloud-23938	TIMEOUT	990.812493082	933.8540746160143	8012.894208	cloud-23944
combinations/pals_lcr.7.ufo.UNBOUNDED.pals+Problem12_label00.yml	false	TIMEOUT	991.308580677	847.3584809180002	8416.747520	cloud-24259	TIMEOUT	990.929308944	826.4233158670249	10329.378816	cloud-23933	TIMEOUT	991.259662962	911.528559266997	7963.484160	cloud-23982
combinations/pals_lcr.7.ufo.UNBOUNDED.pals+Problem12_label01.yml	true	TIMEOUT	990.932728013	888.4737560520007	8506.880000	cloud-23941	TIMEOUT	990.791412455	789.4315332279948	7790.006272	cloud-23979	TIMEOUT	990.965223739	925.5573507720255	7960.969216	cloud-23939
combinations/pals_lcr.7.ufo.UNBOUNDED.pals+Problem12_label02.yml	true	TIMEOUT	991.135052213	891.7052786450004	8491.163648	cloud-23943	TIMEOUT	991.016021285	911.2403992129839	7820.951552	cloud-23938	TIMEOUT	990.968146351	926.1147326589853	8455.864320	cloud-23941
combinations/pals_lcr.7.ufo.UNBOUNDED.pals+Problem12_label03.yml	false	TIMEOUT	991.54751691	828.2330763759965	8418.562048	cloud-24260	TIMEOUT	991.599349561	799.3046426019864	7752.585216	cloud-23979	TIMEOUT	991.675136282	908.0834315379907	10588.278784	cloud-23982
combinations/pals_lcr.7.ufo.UNBOUNDED.pals+Problem12_label04.yml	true	TIMEOUT	991.067890127	872.3649141490023	9276.207104	cloud-23939	TIMEOUT	991.506032257	797.2510191370093	7779.106816	cloud-23938	TIMEOUT	991.508755959	900.4793519710074	7911.931904	cloud-23938
combinations/pals_lcr.7.ufo.UNBOUNDED.pals+Problem12_label05.yml	true	TIMEOUT	991.276523173	898.754613476	8512.806912	cloud-23943	TIMEOUT	991.038013493	912.1733326990216	7803.269120	cloud-23980	TIMEOUT	991.573458337	903.5970664920169	10349.633536	cloud-23938
combinations/pals_lcr.7.ufo.UNBOUNDED.pals+Problem12_label06.yml	false	TIMEOUT	990.960584243	884.465550554014	8452.157440	cloud-23940	TIMEOUT	991.154625726	785.8090211969975	10515.845120	cloud-23979	TIMEOUT	990.906647334	922.3158617059817	8060.276736	cloud-23939
combinations/pals_lcr.7.ufo.UNBOUNDED.pals+Problem12_label07.yml	false	TIMEOUT	991.856433596	848.052748793998	11526.983680	cloud-23979	TIMEOUT	991.52889173	827.2539416959917	7789.019136	cloud-23980	TIMEOUT	990.875687835	927.553889754985	7977.578496	cloud-23939
combinations/pals_lcr.7.ufo.UNBOUNDED.pals+Problem12_label08.yml	false	TIMEOUT	991.60634882	867.7876659449994	10694.307840	cloud-24261	TIMEOUT	991.126302875	915.0807771299733	7907.864576	cloud-23938	TIMEOUT	990.943626288	926.0811858510133	7978.090496	cloud-23940
combinations/pals_lcr.7.ufo.UNBOUNDED.pals+Problem12_label09.yml	true	TIMEOUT	991.209804734	863.7529133319986	8464.175104	cloud-23941	TIMEOUT	990.763881881	762.1296192729787	7763.128320	cloud-23942	TIMEOUT	991.271334707	898.1813922919973	7932.182528	cloud-23982
combinations/pals_lcr.7_overflow.ufo.UNBOUNDED.pals+Problem12_label01.yml	false	TIMEOUT	991.060268412	868.9090821399877	8409.468928	cloud-23942	TIMEOUT	991.812261104	806.6867847059912	7762.276352	cloud-23982	TIMEOUT	991.350556354	912.0961329419806	7926.599680	cloud-23979
combinations/pals_lcr.7_overflow.ufo.UNBOUNDED.pals+Problem12_label02.yml	false	TIMEOUT	991.423140853	856.2006324739777	8400.875520	cloud-23979	TIMEOUT	991.190023797	902.2770609009895	7745.691648	cloud-23982	TIMEOUT	991.510204905	899.9493179959827	7969.759232	cloud-23938
combinations/pals_lcr.7_overflow.ufo.UNBOUNDED.pals+Problem12_label04.yml	false	TIMEOUT	991.792024897	827.998927839013	8414.060544	cloud-24259	TIMEOUT	991.621433043	761.8828636940161	7794.364416	cloud-23944	TIMEOUT	990.915115953	929.8935830520059	7996.329984	cloud-23939
combinations/pals_lcr.7_overflow.ufo.UNBOUNDED.pals+Problem12_label05.yml	false	TIMEOUT	991.672392341	860.0118417590002	11295.956992	cloud-24261	TIMEOUT	991.074934503	907.1565527369967	7463.538688	cloud-23933	TIMEOUT	990.761287499	933.2886734420026	8008.400896	cloud-23944
combinations/pals_lcr.7_overflow.ufo.UNBOUNDED.pals+Problem12_label09.yml	false	TIMEOUT	991.03341173	871.4548636200052	8401.666048	cloud-23944	TIMEOUT	991.333721264	788.8338753959979	7286.857728	cloud-23933	TIMEOUT	991.296415783	913.8965603360266	7923.503104	cloud-23980
combinations/pals_lcr.8.1.ufo.BOUNDED-16.pals+Problem12_label01.yml	false	TIMEOUT	991.826913514	836.018002243014	8498.229248	cloud-23979	TIMEOUT	991.412478826	836.1796824969933	10559.262720	cloud-23938	TIMEOUT	990.860434191	929.8229384569859	7984.504832	cloud-23943
combinations/pals_lcr.8.1.ufo.BOUNDED-16.pals+Problem12_label02.yml	false	TIMEOUT	991.70136996	849.8225118579994	8424.374272	cloud-23979	TIMEOUT	990.843930672	924.4471175709914	7834.972160	cloud-23941	TIMEOUT	991.609880964	897.9449280199769	7961.985024	cloud-23938
combinations/pals_lcr.8.1.ufo.BOUNDED-16.pals+Problem12_label04.yml	false	TIMEOUT	990.983361614	875.7473548790003	8548.179968	cloud-23940	TIMEOUT	992.257838021	815.3874863010133	9989.578752	cloud-23943	TIMEOUT	991.531249592	922.5468808090081	10386.620416	cloud-23980
combinations/pals_lcr.8.1.ufo.BOUNDED-16.pals+Problem12_label05.yml	false	TIMEOUT	991.623021499	859.188323837996	8457.932800	cloud-23979	TIMEOUT	991.259156126	912.6390629269881	8278.536192	cloud-23938	TIMEOUT	991.417063374	924.2606511100021	10037.866496	cloud-23979
combinations/pals_lcr.8.1.ufo.BOUNDED-16.pals+Problem12_label09.yml	false	TIMEOUT	991.494059775	851.1504259220092	8411.746304	cloud-23979	TIMEOUT	992.642606073	770.1779270679981	7451.697152	cloud-23933	TIMEOUT	990.758566035	937.7826576869993	7619.272704	cloud-23941
combinations/pals_lcr.8.1.ufo.UNBOUNDED.pals+Problem12_label01.yml	false	TIMEOUT	991.51457606	850.0949759590148	8507.555840	cloud-23933	TIMEOUT	991.509020292	799.9820770969964	7819.526144	cloud-23933	TIMEOUT	990.789395818	939.0696658080269	8032.169984	cloud-23944
combinations/pals_lcr.8.1.ufo.UNBOUNDED.pals+Problem12_label02.yml	false	TIMEOUT	991.182972641	886.5308090700128	8515.145728	cloud-23944	TIMEOUT	991.00396737	905.6279578619869	8882.135040	cloud-23942	TIMEOUT	990.925081254	931.8105882820091	7994.523648	cloud-23941
combinations/pals_lcr.8.1.ufo.UNBOUNDED.pals+Problem12_label04.yml	false	TIMEOUT	992.007765508	831.6928244860028	11163.185152	cloud-24260	TIMEOUT	991.856475547	825.5527629549906	8494.288896	cloud-23982	TIMEOUT	990.865829761	928.550056520995	8052.592640	cloud-23941
combinations/pals_lcr.8.1.ufo.UNBOUNDED.pals+Problem12_label05.yml	false	TIMEOUT	990.938197769	896.6514126849943	8489.660416	cloud-23942	TIMEOUT	991.104263103	899.4530815359903	7829.311488	cloud-23982	TIMEOUT	990.895203041	923.6387339539942	8059.641856	cloud-23939
combinations/pals_lcr.8.1.ufo.UNBOUNDED.pals+Problem12_label09.yml	false	TIMEOUT	991.08170272	872.8540325539943	8513.044480	cloud-23944	TIMEOUT	992.816302078	790.0071139879874	7794.704384	cloud-23982	TIMEOUT	990.838348846	929.3603843559977	8022.859776	cloud-23940
combinations/pals_lcr.8.ufo.BOUNDED-16.pals+Problem12_label00.yml	false	TIMEOUT	991.648253521	846.0839022470172	8447.741952	cloud-23933	TIMEOUT	992.019042883	838.0764196929813	7883.235328	cloud-23944	TIMEOUT	991.100743102	915.699767801998	8579.641344	cloud-23980
combinations/pals_lcr.8.ufo.BOUNDED-16.pals+Problem12_label01.yml	true	TIMEOUT	991.002400016	886.9929687830008	9342.373888	cloud-23941	TIMEOUT	991.707002229	789.9659899369872	7818.051584	cloud-23933	TIMEOUT	991.007125009	927.6469262129976	9962.332160	cloud-23939
combinations/pals_lcr.8.ufo.BOUNDED-16.pals+Problem12_label02.yml	true	TIMEOUT	991.078900171	877.299468686	8466.673664	cloud-24261	TIMEOUT	990.84369274	926.2791523159831	7812.259840	cloud-23939	TIMEOUT	991.403251972	899.2502351820003	7996.608512	cloud-23982
combinations/pals_lcr.8.ufo.BOUNDED-16.pals+Problem12_label03.yml	false	TIMEOUT	991.561206449	837.0485389340029	8500.920320	cloud-23933	TIMEOUT	991.609816614	800.6476733729942	7436.886016	cloud-23980	TIMEOUT	990.995015316	929.84808969	10556.518400	cloud-23940
combinations/pals_lcr.8.ufo.BOUNDED-16.pals+Problem12_label04.yml	true	TIMEOUT	991.03052627	886.906781701	9925.132288	cloud-23941	TIMEOUT	990.909660746	818.9666500780149	7798.554624	cloud-23979	TIMEOUT	990.978729131	928.4701782409975	9375.752192	cloud-23939
combinations/pals_lcr.8.ufo.BOUNDED-16.pals+Problem12_label05.yml	true	TIMEOUT	990.95616611	896.8747661969974	8471.482368	cloud-23944	TIMEOUT	991.33446225	915.248507302982	10520.035328	cloud-23980	TIMEOUT	991.074241388	927.2597880960093	10506.133504	cloud-23941
combinations/pals_lcr.8.ufo.BOUNDED-16.pals+Problem12_label06.yml	false	TIMEOUT	991.713217501	832.7817965739814	11065.978880	cloud-23979	TIMEOUT	991.627548993	769.0734249720117	7341.715456	cloud-23940	TIMEOUT	991.492104277	916.9835422970064	8018.903040	cloud-23980
combinations/pals_lcr.8.ufo.BOUNDED-16.pals+Problem12_label07.yml	false	TIMEOUT	991.134642304	869.5751883499906	10559.758336	cloud-23940	TIMEOUT	991.711792486	834.4079689649807	7564.369920	cloud-23938	TIMEOUT	990.859382015	932.0407650299894	7996.203008	cloud-23942
combinations/pals_lcr.8.ufo.BOUNDED-16.pals+Problem12_label08.yml	false	TIMEOUT	990.984274447	889.2873799879962	8489.623552	cloud-23942	TIMEOUT	991.154836912	905.8648209130042	7837.650944	cloud-23933	TIMEOUT	990.80672618	933.726994992001	8022.446080	cloud-23943
combinations/pals_lcr.8.ufo.BOUNDED-16.pals+Problem12_label09.yml	true	TIMEOUT	991.089852567	875.1416047379998	8472.571904	cloud-23940	TIMEOUT	990.949034522	789.3349649150041	7790.227456	cloud-23938	TIMEOUT	990.85975548	927.7377499910071	8051.654656	cloud-23943
combinations/pals_lcr.8.ufo.UNBOUNDED.pals+Problem12_label00.yml	false	TIMEOUT	991.730885708	858.4311131760005	11033.792512	cloud-24261	TIMEOUT	991.328013918	838.0213686429779	7856.402432	cloud-23980	TIMEOUT	990.90189414	924.8515152100008	7996.784640	cloud-23939
combinations/pals_lcr.8.ufo.UNBOUNDED.pals+Problem12_label01.yml	true	TIMEOUT	990.993743692	879.1758175180003	8538.492928	cloud-23942	TIMEOUT	992.066332622	820.76429568202	10619.473920	cloud-23938	TIMEOUT	991.324656247	912.0424868529954	7995.465728	cloud-23979
combinations/pals_lcr.8.ufo.UNBOUNDED.pals+Problem12_label02.yml	true	TIMEOUT	991.042354781	880.9094600519747	8470.740992	cloud-23944	TIMEOUT	990.891636387	912.7473313630035	7819.874304	cloud-23942	TIMEOUT	991.52201428	918.0729549610114	9820.925952	cloud-23979
combinations/pals_lcr.8.ufo.UNBOUNDED.pals+Problem12_label03.yml	false	TIMEOUT	991.60898599	821.9986375939916	8489.484288	cloud-24259	TIMEOUT	992.171387402	775.1158946150099	7835.508736	cloud-23941	TIMEOUT	991.26747378	912.7237749839842	7971.737600	cloud-23933
combinations/pals_lcr.8.ufo.UNBOUNDED.pals+Problem12_label04.yml	true	TIMEOUT	991.084606477	866.5581057280069	8519.667712	cloud-23941	TIMEOUT	992.322783409	812.9536099609977	7815.581696	cloud-23982	TIMEOUT	990.886050761	930.4995950640005	8832.151552	cloud-23943
combinations/pals_lcr.8.ufo.UNBOUNDED.pals+Problem12_label05.yml	true	TIMEOUT	991.714061855	855.8936648019999	8491.155456	cloud-24259	TIMEOUT	991.471798544	867.4062217210012	7811.145728	cloud-23982	TIMEOUT	991.54920026	914.8851143009961	9734.365184	cloud-23980
combinations/pals_lcr.8.ufo.UNBOUNDED.pals+Problem12_label06.yml	false	TIMEOUT	991.005470099	869.4020376150002	8518.905856	cloud-23939	TIMEOUT	992.011606187	804.4371281079948	7808.028672	cloud-23938	TIMEOUT	991.485843998	912.6777350449993	7966.437376	cloud-23979
combinations/pals_lcr.8.ufo.UNBOUNDED.pals+Problem12_label07.yml	false	TIMEOUT	991.06933724	874.1550294680019	8556.204032	cloud-23940	TIMEOUT	990.535892743	804.5131342879904	7804.297216	cloud-23941	TIMEOUT	990.80305489	935.9335885059845	8006.635520	cloud-23944
combinations/pals_lcr.8.ufo.UNBOUNDED.pals+Problem12_label08.yml	false	TIMEOUT	991.546911001	842.4546161059989	8469.856256	cloud-24259	TIMEOUT	991.481200183	911.0668872559909	11023.613952	cloud-23982	TIMEOUT	990.892603523	926.401065662998	8063.557632	cloud-23939
combinations/pals_lcr.8.ufo.UNBOUNDED.pals+Problem12_label09.yml	true	TIMEOUT	991.753993079	829.2257152870006	8483.422208	cloud-24260	TIMEOUT	991.119744397	792.6272030809778	7811.973120	cloud-23979	TIMEOUT	990.929368151	926.4464626699919	8621.146112	cloud-23939
combinations/pals_lcr.8_overflow.ufo.UNBOUNDED.pals+Problem12_label01.yml	false	TIMEOUT	991.010312505	894.1459610380116	9764.982784	cloud-23940	TIMEOUT	991.018913832	824.2540095130098	7814.602752	cloud-23980	TIMEOUT	991.466833916	904.2612604219757	9244.770304	cloud-23982
combinations/pals_lcr.8_overflow.ufo.UNBOUNDED.pals+Problem12_label02.yml	false	TIMEOUT	991.136688707	892.7943086159939	9722.085376	cloud-23943	TIMEOUT	991.177954918	906.7471787059912	7909.564416	cloud-23980	TIMEOUT	991.23331617	907.9851652440266	8010.207232	cloud-23938
combinations/pals_lcr.8_overflow.ufo.UNBOUNDED.pals+Problem12_label04.yml	false	TIMEOUT	991.600299558	821.043954607012	8395.440128	cloud-24259	TIMEOUT	992.53482787	758.068151296	10771.824640	cloud-23979	TIMEOUT	990.811834941	928.9746357149852	7417.831424	cloud-23942
combinations/pals_lcr.8_overflow.ufo.UNBOUNDED.pals+Problem12_label05.yml	false	TIMEOUT	990.949865634	894.2256373970013	8520.867840	cloud-23944	TIMEOUT	991.398671727	909.9296434690186	9947.652096	cloud-23938	TIMEOUT	991.378706536	909.7769797949877	7928.086528	cloud-23980
combinations/pals_lcr.8_overflow.ufo.UNBOUNDED.pals+Problem12_label09.yml	false	TIMEOUT	991.023069671	872.5243394770005	8498.192384	cloud-23942	TIMEOUT	991.448999317	801.3953326110204	7784.378368	cloud-23938	TIMEOUT	991.072008486	909.445046236011	7740.944384	cloud-23980
combinations/pc_sfifo_1.cil-1+token_ring.01.cil-1.yml	false	false(unreach-call)	61.893065247	32.92413770900748	772.263936	cloud-24259	false(unreach-call)	46.060661105	26.436872023972683	777.617408	cloud-23933	false(unreach-call)	88.49097809	57.71995365302428	760.426496	cloud-23982
combinations/pc_sfifo_1.cil-1+token_ring.02.cil-1.yml	false	false(unreach-call)	56.424109087	31.958558735001134	808.226816	cloud-24261	false(unreach-call)	52.489917335	29.64131560601527	870.821888	cloud-23979	false(unreach-call)	121.045425533	95.88799847400514	796.803072	cloud-23982
combinations/pc_sfifo_1.cil-1+token_ring.03.cil-2.yml	false	false(unreach-call)	58.43945855	34.7396110619884	739.246080	cloud-23933	false(unreach-call)	57.892509986	34.136837397003546	790.409216	cloud-23979	false(unreach-call)	140.296665014	116.1814823759778	872.304640	cloud-23982
combinations/pc_sfifo_1.cil-1+token_ring.04.cil-1.yml	false	false(unreach-call)	69.86337659	41.91798270997242	815.607808	cloud-24260	false(unreach-call)	68.389923747	41.95994650400826	871.436288	cloud-23982	false(unreach-call)	117.405572527	92.23009397799615	910.241792	cloud-23979
combinations/pc_sfifo_1.cil-1+token_ring.05.cil-1.yml	false	false(unreach-call)	69.179866276	44.34917070000665	1026.035712	cloud-24259	false(unreach-call)	56.566732761	36.501413632009644	772.059136	cloud-23939	false(unreach-call)	351.011240824	319.69692927302094	1064.005632	cloud-23938
combinations/pc_sfifo_1.cil-1+token_ring.06.cil-2.yml	false	false(unreach-call)	77.099236274	48.58405283599859	842.592256	cloud-23979	false(unreach-call)	82.495287177	53.39328237099107	901.849088	cloud-23938	false(unreach-call)	614.438435397	582.1692931219877	951.242752	cloud-23982
combinations/pc_sfifo_1.cil-1+token_ring.07.cil-1.yml	false	false(unreach-call)	83.804712794	56.00450782600092	1122.480128	cloud-23933	false(unreach-call)	84.873894624	56.68984400999034	956.854272	cloud-23980	false(unreach-call)	747.193170144	711.7760726010019	1019.330560	cloud-23982
combinations/pc_sfifo_1.cil-1+token_ring.08.cil-1.yml	false	false(unreach-call)	88.347416434	59.0260432829964	1213.714432	cloud-23979	false(unreach-call)	81.370844096	55.153153251012554	1087.528960	cloud-23979	TIMEOUT	990.353263055	956.9555607110087	1332.068352	cloud-23980
combinations/pc_sfifo_1.cil-1+token_ring.09.cil-1.yml	false	false(unreach-call)	108.14227787	74.42896963699604	1067.589632	cloud-23933	false(unreach-call)	117.45872487	80.1424343380204	1139.224576	cloud-23982	false(unreach-call)	763.341788888	733.8768816049851	1425.674240	cloud-23940
combinations/pc_sfifo_1.cil-1+token_ring.10.cil-2.yml	false	false(unreach-call)	125.123363234	87.31893275701441	1133.215744	cloud-23933	false(unreach-call)	111.9068971	78.48880637899856	1175.158784	cloud-23980	false(unreach-call)	812.60081664	768.1383615609957	1455.075328	cloud-23938
combinations/pc_sfifo_1.cil-1+token_ring.11.cil-2.yml	false	false(unreach-call)	130.482753073	91.67105071700644	1452.670976	cloud-23933	false(unreach-call)	114.913226126	81.09131821000483	1545.687040	cloud-23980	TIMEOUT	990.525851051	948.6734585009981	1593.421824	cloud-23982
combinations/pc_sfifo_1.cil-1+token_ring.12.cil-2.yml	false	false(unreach-call)	165.669680758	117.13611865401617	1729.568768	cloud-24259	false(unreach-call)	141.959589127	102.89398938999511	1732.685824	cloud-23982	TIMEOUT	990.461676396	954.3740086999896	1793.355776	cloud-23941
combinations/pc_sfifo_1.cil-1+token_ring.13.cil-2.yml	false	false(unreach-call)	141.541549895	104.25500106799882	2182.680576	cloud-23979	false(unreach-call)	139.26581586	103.47147638199385	1853.177856	cloud-23933	TIMEOUT	990.568398122	945.292259357986	2401.161216	cloud-23980
combinations/pc_sfifo_1.cil-2+token_ring.01.cil-1.yml	true	true	99.974488704	70.62814339701436	893.472768	cloud-23933	true	104.311034575	76.1363661949872	942.596096	cloud-23933	TIMEOUT	990.360846195	964.3977628879948	858.710016	cloud-23933
combinations/pc_sfifo_1.cil-2+token_ring.01.cil-2.yml	false	false(unreach-call)	110.414484603	75.97206762098358	937.713664	cloud-24260	false(unreach-call)	100.536804678	72.10440691802069	827.260928	cloud-23933	TIMEOUT	990.327706573	965.0261707990139	850.206720	cloud-23980
combinations/pc_sfifo_1.cil-2+token_ring.02.cil-1.yml	true	TIMEOUT	990.695376906	928.5231821930065	2026.287104	cloud-24259	true	219.067254643	184.85064105602214	937.664512	cloud-23982	TIMEOUT	990.393067392	958.2527881209971	856.203264	cloud-23933
combinations/pc_sfifo_1.cil-2+token_ring.02.cil-2.yml	false	false(unreach-call)	159.827665571	122.36572983500082	886.632448	cloud-23933	false(unreach-call)	165.915620202	132.41359590599313	898.416640	cloud-23979	TIMEOUT	990.379980958	964.2718850310193	966.713344	cloud-23979
combinations/pc_sfifo_1.cil-2+token_ring.03.cil-1.yml	false	TIMEOUT	990.404154406	942.8767583169974	951.635968	cloud-23933	false(unreach-call)	319.65065055	282.97136943400255	1041.133568	cloud-23979	TIMEOUT	990.388012417	959.914081468014	940.609536	cloud-23979
combinations/pc_sfifo_1.cil-2+token_ring.03.cil-2.yml	true	TIMEOUT	990.456462469	947.801723956989	1115.615232	cloud-24259	true	563.781534343	523.222255945002	966.660096	cloud-23938	TIMEOUT	990.339680834	960.2612163909944	998.699008	cloud-23982
combinations/pc_sfifo_1.cil-2+token_ring.04.cil-1.yml	true	TIMEOUT	990.535804071	932.4801748479949	1249.579008	cloud-23933	TIMEOUT	990.552778544	947.3640352860093	1005.076480	cloud-23979	TIMEOUT	990.309172843	967.8717242279963	903.524352	cloud-23943
combinations/pc_sfifo_1.cil-2+token_ring.04.cil-2.yml	false	TIMEOUT	990.525737213	920.2936376880098	1354.461184	cloud-24259	TIMEOUT	990.446064177	947.808835638978	968.638464	cloud-23938	TIMEOUT	990.316930406	956.1140521149791	907.235328	cloud-23982
combinations/pc_sfifo_1.cil-2+token_ring.05.cil-1.yml	true	TIMEOUT	990.49609141	940.7084438230086	1316.495360	cloud-24259	TIMEOUT	990.491596862	944.4717227400106	1203.511296	cloud-23979	TIMEOUT	990.320633776	956.9994260270032	1066.983424	cloud-23982
combinations/pc_sfifo_1.cil-2+token_ring.05.cil-2.yml	false	TIMEOUT	990.467164393	937.1960295680037	1401.315328	cloud-24259	TIMEOUT	990.572631122	952.4832284459844	1137.369088	cloud-23979	TIMEOUT	990.432454894	960.4899035769922	998.707200	cloud-23933
combinations/pc_sfifo_1.cil-2+token_ring.06.cil-1.yml	false	TIMEOUT	990.651066535	927.9007131730032	1697.026048	cloud-23979	TIMEOUT	990.482191124	940.3450556900061	954.425344	cloud-23982	TIMEOUT	990.450298484	958.0921517420211	1212.325888	cloud-23979
combinations/pc_sfifo_1.cil-2+token_ring.06.cil-2.yml	true	TIMEOUT	990.542702968	926.9735115209769	1490.223104	cloud-23979	TIMEOUT	990.457311275	946.0127148309839	1235.193856	cloud-23980	TIMEOUT	990.360427491	959.0994497580105	1188.495360	cloud-23980
combinations/pc_sfifo_1.cil-2+token_ring.07.cil-1.yml	true	TIMEOUT	990.614376691	921.0564280730032	1478.504448	cloud-24260	TIMEOUT	990.472442769	939.650053238991	1292.816384	cloud-23979	TIMEOUT	990.403308795	956.2271016480227	1212.518400	cloud-23979
combinations/pc_sfifo_1.cil-2+token_ring.07.cil-2.yml	false	TIMEOUT	990.679532666	920.9499523449922	1744.121856	cloud-24260	TIMEOUT	990.545165075	938.043868067005	1444.356096	cloud-23979	TIMEOUT	990.47105669	946.1962503069954	1039.003648	cloud-23933
combinations/pc_sfifo_1.cil-2+token_ring.08.cil-1.yml	true	TIMEOUT	990.612252402	920.4401836879842	1752.584192	cloud-23933	TIMEOUT	990.608714593	937.4693499520072	1263.476736	cloud-23982	TIMEOUT	990.372899821	951.229628229019	1417.711616	cloud-23938
combinations/pc_sfifo_1.cil-2+token_ring.08.cil-2.yml	false	TIMEOUT	990.67214938	918.2453610849916	2052.050944	cloud-23933	TIMEOUT	990.553512417	928.4491398039972	1051.312128	cloud-23938	TIMEOUT	990.471521143	953.5968880259898	1344.040960	cloud-23979
combinations/pc_sfifo_1.cil-2+token_ring.09.cil-1.yml	true	TIMEOUT	990.594114132	927.2021556510008	1963.397120	cloud-24261	TIMEOUT	990.644338663	927.0568666330073	1052.561408	cloud-23979	TIMEOUT	990.387717799	946.2718810490042	1244.631040	cloud-23982
combinations/pc_sfifo_1.cil-2+token_ring.09.cil-2.yml	false	TIMEOUT	990.708708137	917.5107640470087	1983.496192	cloud-24260	TIMEOUT	990.541955219	920.1403417969996	1257.877504	cloud-23982	TIMEOUT	990.488539458	953.615511631011	1541.844992	cloud-23933
combinations/pc_sfifo_1.cil-2+token_ring.10.cil-1.yml	false	TIMEOUT	990.654165398	923.8408048819983	2247.737344	cloud-24259	TIMEOUT	990.689396719	917.459133477998	1244.020736	cloud-23982	TIMEOUT	990.500513873	949.3948501610139	1541.005312	cloud-23933
combinations/pc_sfifo_1.cil-2+token_ring.10.cil-2.yml	true	TIMEOUT	990.810675786	904.8418482959969	2249.953280	cloud-24260	TIMEOUT	990.552711438	931.6185430469923	1301.868544	cloud-23979	TIMEOUT	990.487874366	953.5865841860068	1336.487936	cloud-23979
combinations/pc_sfifo_1.cil-2+token_ring.11.cil-1.yml	false	TIMEOUT	990.727800602	921.9072983439983	2497.515520	cloud-24261	TIMEOUT	990.599521849	922.9822780480026	1325.858816	cloud-23980	TIMEOUT	990.594121739	945.3572101840109	1808.801792	cloud-23938
combinations/pc_sfifo_1.cil-2+token_ring.11.cil-2.yml	true	TIMEOUT	990.676782272	900.3150960610074	2364.514304	cloud-24259	TIMEOUT	990.582647038	940.3171449559741	1556.500480	cloud-23933	TIMEOUT	990.51584514	945.981875100988	1726.746624	cloud-23982
combinations/pc_sfifo_1.cil-2+token_ring.12.cil-1.yml	false	TIMEOUT	990.806129968	903.8268008119921	2771.861504	cloud-24260	TIMEOUT	990.563769362	933.534512364975	1489.227776	cloud-23979	TIMEOUT	990.476208196	946.1678821110108	1954.148352	cloud-23982
combinations/pc_sfifo_1.cil-2+token_ring.12.cil-2.yml	true	TIMEOUT	990.77408205	912.1249888699967	2296.774656	cloud-23933	TIMEOUT	990.627528023	924.9333676510141	1428.832256	cloud-23938	TIMEOUT	990.600792912	941.7599681899883	2132.598784	cloud-23982
combinations/pc_sfifo_1.cil-2+token_ring.13.cil-1.yml	false	TIMEOUT	990.875778723	910.0968042660097	3324.387328	cloud-23933	TIMEOUT	990.633225672	935.0977382000128	2145.693696	cloud-23980	TIMEOUT	990.541869721	940.1608070939837	2150.981632	cloud-23982
combinations/pc_sfifo_1.cil-2+token_ring.13.cil-2.yml	true	TIMEOUT	990.706448043	909.4970396599965	2657.218560	cloud-23933	TIMEOUT	990.539957343	929.3821278149844	2049.417216	cloud-23938	TIMEOUT	990.480868212	939.328552003979	2132.066304	cloud-23982
combinations/pc_sfifo_1.cil-2+token_ring.14.cil.yml	false	TIMEOUT	990.88338425	906.934644605004	2557.730816	cloud-23933	TIMEOUT	990.560814929	933.8215975239873	1536.405504	cloud-23979	TIMEOUT	990.579273461	941.9599714450014	1927.114752	cloud-23938
combinations/pc_sfifo_1.cil-2+token_ring.15.cil.yml	false	TIMEOUT	990.748198106	914.0077759370033	2879.680512	cloud-23979	TIMEOUT	990.689527745	933.9000168609782	2244.943872	cloud-23933	TIMEOUT	990.468578261	947.0647645370045	2099.732480	cloud-23980
combinations/pc_sfifo_2.cil-1+token_ring.01.cil-1.yml	true	true	166.808652588	129.8782173590007	1061.998592	cloud-24260	true	166.963357297	135.03566432598745	920.195072	cloud-23938	TIMEOUT	990.329167097	965.9543681289942	878.067712	cloud-23979
combinations/pc_sfifo_2.cil-1+token_ring.01.cil-2.yml	false	false(unreach-call)	133.472362242	99.6561756979936	796.164096	cloud-24259	false(unreach-call)	128.468977174	96.50945890901494	770.764800	cloud-23938	TIMEOUT	990.310091716	964.5340348979807	797.462528	cloud-23980
combinations/pc_sfifo_2.cil-1+token_ring.02.cil-1.yml	true	TIMEOUT	990.50682007	937.596960875002	1100.980224	cloud-24259	true	234.951167477	201.89702814799966	1040.531456	cloud-23933	TIMEOUT	990.36663536	966.3925027489895	923.025408	cloud-23979
combinations/pc_sfifo_2.cil-1+token_ring.02.cil-2.yml	false	TIMEOUT	990.489374673	937.2509697780188	1102.417920	cloud-24260	false(unreach-call)	263.768979951	228.18417366201174	992.649216	cloud-23938	TIMEOUT	990.368505997	960.0920699120034	884.006912	cloud-23933
combinations/pc_sfifo_2.cil-1+token_ring.03.cil-1.yml	false	TIMEOUT	990.480501737	939.3120821019984	1133.801472	cloud-23933	false(unreach-call)	348.179474835	317.3156613680185	985.141248	cloud-23943	TIMEOUT	990.326728051	965.18655356401	892.129280	cloud-23933
combinations/pc_sfifo_2.cil-1+token_ring.03.cil-2.yml	true	TIMEOUT	990.534267132	934.1191040010017	1256.771584	cloud-24260	true	665.014698019	622.8270836329903	1207.345152	cloud-23938	TIMEOUT	990.243982165	971.5583556700149	950.546432	cloud-23944
combinations/pc_sfifo_2.cil-1+token_ring.04.cil-1.yml	true	TIMEOUT	990.484971329	935.7284362319915	1147.076608	cloud-23933	TIMEOUT	990.469952158	942.10772786499	1206.857728	cloud-23933	TIMEOUT	990.329796015	962.3032543620211	918.261760	cloud-23980
combinations/pc_sfifo_2.cil-1+token_ring.04.cil-2.yml	false	TIMEOUT	990.561120519	934.2215657279885	1294.073856	cloud-23979	TIMEOUT	990.525515277	940.5073336180067	939.028480	cloud-23982	TIMEOUT	990.382711471	954.3076117000019	995.360768	cloud-23938
combinations/pc_sfifo_2.cil-1+token_ring.05.cil-1.yml	true	TIMEOUT	990.527912668	921.4640201549919	1181.843456	cloud-24259	TIMEOUT	990.468679653	945.1886462039838	1118.158848	cloud-23938	TIMEOUT	990.355353976	954.9717575709801	919.945216	cloud-23982
combinations/pc_sfifo_2.cil-1+token_ring.05.cil-2.yml	false	TIMEOUT	990.589186867	931.4746426930069	1418.711040	cloud-23979	TIMEOUT	990.434673783	947.7519728939806	1231.962112	cloud-23979	TIMEOUT	990.366403247	957.0295958610077	1113.006080	cloud-23982
combinations/pc_sfifo_2.cil-1+token_ring.06.cil-1.yml	false	TIMEOUT	990.586976204	923.2182622529799	1267.871744	cloud-24260	TIMEOUT	990.503063748	940.8002769570157	983.875584	cloud-23938	TIMEOUT	990.392626175	958.5430616509984	1128.419328	cloud-23979
combinations/pc_sfifo_2.cil-1+token_ring.06.cil-2.yml	true	TIMEOUT	990.551378924	931.1910347399826	1472.307200	cloud-23979	TIMEOUT	990.473841162	939.5376779179787	1171.939328	cloud-23933	TIMEOUT	990.445802997	958.988361479016	1155.985408	cloud-23979
combinations/pc_sfifo_2.cil-1+token_ring.07.cil-1.yml	true	TIMEOUT	990.700740934	924.2543329680047	1892.536320	cloud-23979	TIMEOUT	990.526121994	933.5599404440145	1208.713216	cloud-23938	TIMEOUT	990.412104228	950.7583559310006	1273.565184	cloud-23982
combinations/pc_sfifo_2.cil-1+token_ring.07.cil-2.yml	false	TIMEOUT	990.645465418	918.9421016770066	2016.325632	cloud-24259	TIMEOUT	990.54545674	936.0125718299823	1090.543616	cloud-23933	TIMEOUT	990.400997592	952.3889670549834	1272.389632	cloud-23980
combinations/pc_sfifo_2.cil-1+token_ring.08.cil-1.yml	true	TIMEOUT	990.717870289	914.1860209690058	2154.459136	cloud-24260	TIMEOUT	990.645554756	937.0463718980027	1469.280256	cloud-23943	TIMEOUT	990.498928637	945.1777298290108	1383.829504	cloud-23982
combinations/pc_sfifo_2.cil-1+token_ring.08.cil-2.yml	false	TIMEOUT	990.635301035	916.9950593709946	1675.251712	cloud-24260	TIMEOUT	990.579370656	932.3091504699842	1033.334784	cloud-23944	TIMEOUT	990.410839185	952.1045735869848	1356.386304	cloud-23980
combinations/pc_sfifo_2.cil-1+token_ring.09.cil-1.yml	true	TIMEOUT	990.693151691	913.9015703320038	1961.009152	cloud-23933	TIMEOUT	990.514864761	933.1802507969842	1222.078464	cloud-23938	TIMEOUT	990.451588528	953.750719225005	1416.622080	cloud-23980
combinations/pc_sfifo_2.cil-1+token_ring.09.cil-2.yml	false	TIMEOUT	990.669841114	924.0887350669946	2000.502784	cloud-23979	TIMEOUT	990.643682669	939.3178735739784	1439.485952	cloud-23933	TIMEOUT	990.403077325	952.0745279840194	1213.677568	cloud-23980
combinations/pc_sfifo_2.cil-1+token_ring.10.cil-1.yml	false	TIMEOUT	990.596586339	908.2758640250104	1801.498624	cloud-24259	TIMEOUT	990.774659409	900.0331481159956	1113.542656	cloud-23933	TIMEOUT	990.608945785	946.4669524180063	1963.397120	cloud-23938
combinations/pc_sfifo_2.cil-1+token_ring.10.cil-2.yml	true	TIMEOUT	990.685453914	913.5971334149945	2172.067840	cloud-23933	TIMEOUT	990.888766492	900.3993664350128	1260.339200	cloud-23982	TIMEOUT	990.484390359	945.3973813909979	1350.631424	cloud-23982
combinations/pc_sfifo_2.cil-1+token_ring.11.cil-1.yml	false	TIMEOUT	990.688233895	904.5410137560102	2551.922688	cloud-24259	TIMEOUT	990.567114439	928.1326090579969	1237.618688	cloud-23933	TIMEOUT	990.605259675	941.4819235519972	1664.630784	cloud-23938
combinations/pc_sfifo_2.cil-1+token_ring.11.cil-2.yml	true	TIMEOUT	990.758474805	898.297066580999	2352.422912	cloud-24259	TIMEOUT	990.647336902	934.3124436499784	1378.529280	cloud-23979	TIMEOUT	990.546305498	944.1061597759835	1818.550272	cloud-23938
combinations/pc_sfifo_2.cil-1+token_ring.12.cil-1.yml	false	TIMEOUT	990.853275221	913.5593712069967	2585.956352	cloud-23933	TIMEOUT	990.564646518	931.6546917890082	1591.185408	cloud-23938	TIMEOUT	990.47984392	953.0511340420053	1940.660224	cloud-23980
combinations/pc_sfifo_2.cil-1+token_ring.12.cil-2.yml	true	TIMEOUT	990.974041166	834.1158843000012	2529.701888	cloud-24259	TIMEOUT	990.568885564	937.0156414849916	1663.266816	cloud-23980	TIMEOUT	990.558570078	950.7586608619895	2031.005696	cloud-23933
combinations/pc_sfifo_2.cil-1+token_ring.13.cil-1.yml	false	TIMEOUT	990.76310416	901.0081930960005	2717.306880	cloud-24259	TIMEOUT	990.472422132	933.1728530850087	1778.802688	cloud-23980	TIMEOUT	990.480299968	945.0334673420002	2885.730304	cloud-23980
combinations/pc_sfifo_2.cil-1+token_ring.13.cil-2.yml	true	TIMEOUT	990.807461601	901.6877571069926	3069.128704	cloud-23933	TIMEOUT	990.705220356	929.1056781689986	2278.461440	cloud-23979	TIMEOUT	990.520812245	940.2875931570015	2627.940352	cloud-23982
combinations/pc_sfifo_2.cil-1+token_ring.14.cil.yml	false	TIMEOUT	990.791271181	909.3553495589877	2622.214144	cloud-23979	TIMEOUT	990.58708647	933.2473751569923	1654.185984	cloud-23979	TIMEOUT	990.558433375	945.9027648949996	1915.297792	cloud-23933
combinations/pc_sfifo_2.cil-1+token_ring.15.cil.yml	false	TIMEOUT	990.851754275	901.4938955600082	2772.615168	cloud-24260	TIMEOUT	990.596896866	932.3887936469982	2137.788416	cloud-23980	TIMEOUT	990.529432188	940.4389800039935	1831.227392	cloud-23980
combinations/pc_sfifo_2.cil-2+token_ring.01.cil-1.yml	false	false(unreach-call)	45.62072123	26.16313131598872	747.945984	cloud-23979	false(unreach-call)	56.106155034	30.369564989989158	784.441344	cloud-23938	false(unreach-call)	792.098994587	763.624639843998	769.118208	cloud-23938
combinations/pc_sfifo_2.cil-2+token_ring.02.cil-1.yml	false	false(unreach-call)	53.394739259	30.334548893006286	856.846336	cloud-23979	false(unreach-call)	46.225546637	27.21843224798795	777.355264	cloud-23933	TIMEOUT	990.297737942	959.2347566800017	803.700736	cloud-23982
combinations/pc_sfifo_2.cil-2+token_ring.03.cil-2.yml	false	false(unreach-call)	61.339513975	36.83744814599049	794.632192	cloud-23933	false(unreach-call)	60.376880311	35.21440806699684	789.782528	cloud-23979	TIMEOUT	990.358084205	964.7284703199985	852.553728	cloud-23979
combinations/pc_sfifo_2.cil-2+token_ring.04.cil-1.yml	false	false(unreach-call)	70.983876575	44.242811262985924	925.052928	cloud-23933	false(unreach-call)	71.33281548	43.66175272499095	938.680320	cloud-23938	TIMEOUT	990.372338159	960.877616910002	985.444352	cloud-23979
combinations/pc_sfifo_2.cil-2+token_ring.05.cil-1.yml	false	false(unreach-call)	69.013623529	43.71444013400469	974.520320	cloud-23979	false(unreach-call)	62.489457478	40.27161040599458	953.503744	cloud-23980	TIMEOUT	990.369772968	959.9499871739827	996.282368	cloud-23933
combinations/pc_sfifo_2.cil-2+token_ring.06.cil-2.yml	false	false(unreach-call)	85.997742947	55.268305203004275	891.174912	cloud-24260	false(unreach-call)	74.571049719	47.73458100500284	1056.501760	cloud-23979	TIMEOUT	990.415598818	956.010955367994	1007.800320	cloud-23933
combinations/pc_sfifo_2.cil-2+token_ring.07.cil-1.yml	false	false(unreach-call)	85.761995151	57.79028411199397	1019.174912	cloud-24259	false(unreach-call)	92.383027836	60.169395523989806	1053.798400	cloud-23933	TIMEOUT	990.482772141	943.6787529580179	1098.133504	cloud-23933
combinations/pc_sfifo_2.cil-2+token_ring.08.cil-1.yml	false	false(unreach-call)	114.229266355	75.40920975799963	1151.553536	cloud-24259	false(unreach-call)	93.044512155	61.04499202800798	1082.519552	cloud-23979	TIMEOUT	990.481975529	956.2514069119934	1330.511872	cloud-23933
combinations/pc_sfifo_2.cil-2+token_ring.09.cil-1.yml	false	false(unreach-call)	102.399634564	68.7925474520016	990.044160	cloud-23979	false(unreach-call)	128.924035073	84.83246152999345	1192.218624	cloud-23982	TIMEOUT	990.448157593	954.6875973760034	1486.024704	cloud-23980
combinations/pc_sfifo_2.cil-2+token_ring.10.cil-2.yml	false	false(unreach-call)	110.041141481	76.50638127299317	1255.522304	cloud-24261	false(unreach-call)	117.647409695	81.47629793302622	1047.900160	cloud-23980	TIMEOUT	990.497403601	949.1820945259824	1425.870848	cloud-23979
combinations/pc_sfifo_2.cil-2+token_ring.11.cil-2.yml	false	false(unreach-call)	137.48382048	96.44372552700224	1471.655936	cloud-23933	false(unreach-call)	132.132997686	95.40235768601997	1206.435840	cloud-23982	TIMEOUT	990.468202452	944.5081506050192	1445.208064	cloud-23982
combinations/pc_sfifo_2.cil-2+token_ring.12.cil-2.yml	false	false(unreach-call)	121.594779089	87.40462015898083	1583.751168	cloud-23941	false(unreach-call)	140.24863469	100.38760105098481	1714.712576	cloud-23938	TIMEOUT	990.506845553	947.9844823149906	2003.378176	cloud-23979
combinations/pc_sfifo_2.cil-2+token_ring.13.cil-2.yml	false	false(unreach-call)	191.680245831	138.86799476698798	1880.440832	cloud-24259	false(unreach-call)	136.554718763	101.16385394000099	2207.277056	cloud-23933	TIMEOUT	990.630559001	939.5685779929918	2469.756928	cloud-23938
combinations/pc_sfifo_3.cil+token_ring.01.cil-1.yml	true	true	89.628418502	58.025076346995775	936.284160	cloud-23933	true	84.911747236	57.59157658700133	918.753280	cloud-23980	TIMEOUT	990.342718398	966.1855860819924	911.245312	cloud-23979
combinations/pc_sfifo_3.cil+token_ring.01.cil-2.yml	false	false(unreach-call)	68.893528794	40.27245216598385	760.954880	cloud-24260	false(unreach-call)	54.207243354	32.32185299898265	810.418176	cloud-23979	TIMEOUT	990.344813154	964.3594481619948	878.968832	cloud-23980
combinations/pc_sfifo_3.cil+token_ring.02.cil-1.yml	true	TIMEOUT	990.419301611	938.5795291179966	965.857280	cloud-24259	true	340.340982638	302.0961617430148	1123.213312	cloud-23982	TIMEOUT	990.418366632	959.4805076329794	835.104768	cloud-23938
combinations/pc_sfifo_3.cil+token_ring.02.cil-2.yml	false	TIMEOUT	990.417513739	950.7168652580003	1492.557824	cloud-23944	false(unreach-call)	304.120657331	267.00680371699855	971.661312	cloud-23982	TIMEOUT	990.328843723	958.4900448179978	959.045632	cloud-23980
combinations/pc_sfifo_3.cil+token_ring.03.cil-1.yml	false	TIMEOUT	990.509946921	938.1980143759865	1290.596352	cloud-24259	false(unreach-call)	458.214538175	415.87375693398644	1046.671360	cloud-23979	TIMEOUT	990.376898847	959.7878817049786	974.757888	cloud-23938
combinations/pc_sfifo_3.cil+token_ring.03.cil-2.yml	true	TIMEOUT	990.43016406	938.3541791830212	1034.428416	cloud-23933	true	542.763707689	505.5044954229961	1029.816320	cloud-23979	TIMEOUT	990.357699494	959.0644176589849	907.939840	cloud-23979
combinations/pc_sfifo_3.cil+token_ring.04.cil-1.yml	true	TIMEOUT	990.485058493	933.6636962749762	1321.074688	cloud-24260	TIMEOUT	990.40230096	954.446110097022	1127.071744	cloud-23980	TIMEOUT	990.414377867	954.7386622900085	969.482240	cloud-23982
combinations/pc_sfifo_3.cil+token_ring.04.cil-2.yml	false	TIMEOUT	990.571956135	932.4183346939972	1341.472768	cloud-24260	TIMEOUT	990.532222203	947.6365637000126	925.827072	cloud-23980	TIMEOUT	990.425558402	955.9795699249953	942.030848	cloud-23938
combinations/pc_sfifo_3.cil+token_ring.05.cil-1.yml	true	TIMEOUT	990.50622778	927.346382415999	1376.620544	cloud-24259	TIMEOUT	990.566563715	944.7342216320103	1194.983424	cloud-23979	TIMEOUT	990.389559443	959.0108934600139	1162.788864	cloud-23980
combinations/pc_sfifo_3.cil+token_ring.05.cil-2.yml	false	TIMEOUT	990.547111661	932.8180615470046	1421.037568	cloud-23979	TIMEOUT	990.495338285	940.4585536439845	1114.701824	cloud-23982	TIMEOUT	990.446247781	944.8458895990043	1032.445952	cloud-23938
combinations/pc_sfifo_3.cil+token_ring.06.cil-1.yml	false	TIMEOUT	990.50134709	933.3478645499854	1338.171392	cloud-23979	TIMEOUT	990.536632306	943.4765531599987	1253.277696	cloud-23982	TIMEOUT	990.371456973	962.9432560589921	1078.386688	cloud-23941
combinations/pc_sfifo_3.cil+token_ring.06.cil-2.yml	true	TIMEOUT	990.491897481	934.5284367090062	1581.846528	cloud-24261	TIMEOUT	990.453116707	944.1281433219847	1184.923648	cloud-23979	TIMEOUT	990.439425519	954.4265117160103	1229.287424	cloud-23938
combinations/pc_sfifo_3.cil+token_ring.07.cil-1.yml	true	TIMEOUT	990.593079406	920.7505973799998	1673.314304	cloud-24260	TIMEOUT	990.56034275	938.0009428299963	1380.024320	cloud-23938	TIMEOUT	990.435629354	957.9527538770053	1345.691648	cloud-23979
combinations/pc_sfifo_3.cil+token_ring.07.cil-2.yml	false	TIMEOUT	990.647792049	924.2275569850171	1714.221056	cloud-23979	TIMEOUT	990.676953589	936.4478358289925	1347.239936	cloud-23938	TIMEOUT	990.460315165	952.0423088220123	1368.449024	cloud-23979
combinations/pc_sfifo_3.cil+token_ring.08.cil-1.yml	true	TIMEOUT	990.879089656	934.765299059989	1967.423488	cloud-24259	TIMEOUT	990.542205333	945.0401938810246	1434.161152	cloud-23980	TIMEOUT	990.467281893	956.7096877089934	1452.216320	cloud-23980
combinations/pc_sfifo_3.cil+token_ring.08.cil-2.yml	false	TIMEOUT	990.587691185	920.2440758619923	1754.398720	cloud-24260	TIMEOUT	990.518301857	936.7723841779807	1275.432960	cloud-23979	TIMEOUT	990.454599267	953.047471302998	1349.959680	cloud-23980
combinations/pc_sfifo_3.cil+token_ring.09.cil-1.yml	true	TIMEOUT	990.542952494	914.4554509130103	1807.474688	cloud-24259	TIMEOUT	990.553163534	934.7941153860011	1164.644352	cloud-23982	TIMEOUT	990.435007075	956.7781851699983	1632.690176	cloud-23933
combinations/pc_sfifo_3.cil+token_ring.09.cil-2.yml	false	TIMEOUT	990.691776042	923.6301727179962	2146.693120	cloud-23979	TIMEOUT	990.542176739	934.1215483429842	1098.420224	cloud-23938	TIMEOUT	990.438916535	957.7388071809837	1575.378944	cloud-23980
combinations/pc_sfifo_3.cil+token_ring.10.cil-1.yml	false	TIMEOUT	990.655412943	917.2269515240041	2292.719616	cloud-23933	TIMEOUT	990.544911534	933.035437293991	1275.801600	cloud-23938	TIMEOUT	990.47228995	950.7956170789839	1663.381504	cloud-23979
combinations/pc_sfifo_3.cil+token_ring.10.cil-2.yml	true	TIMEOUT	990.670588184	918.5270335999958	2070.974464	cloud-24259	TIMEOUT	990.63308345	931.2783825939987	1371.521024	cloud-23933	TIMEOUT	990.47128613	953.1276647240156	1461.858304	cloud-23980
combinations/pc_sfifo_3.cil+token_ring.11.cil-1.yml	false	TIMEOUT	990.808508726	908.3021840199945	2596.151296	cloud-24260	TIMEOUT	990.555604603	932.983289722004	1344.339968	cloud-23938	TIMEOUT	990.521327339	939.970625218004	1928.056832	cloud-23982
combinations/pc_sfifo_3.cil+token_ring.11.cil-2.yml	true	TIMEOUT	990.57875093	930.4057962389925	2226.114560	cloud-24261	TIMEOUT	990.569455868	936.70017236899	1634.091008	cloud-23979	TIMEOUT	990.501450022	952.9498714009824	1907.716096	cloud-23980
combinations/pc_sfifo_3.cil+token_ring.12.cil-1.yml	false	TIMEOUT	990.748715354	912.1863743259746	2600.312832	cloud-23933	TIMEOUT	990.566331812	927.4489915439917	1823.531008	cloud-23982	TIMEOUT	990.602619731	941.9731665540021	1967.489024	cloud-23938
combinations/pc_sfifo_3.cil+token_ring.12.cil-2.yml	true	TIMEOUT	990.806662797	903.8580698040023	2812.309504	cloud-24260	TIMEOUT	990.565136352	926.8343450110115	1589.850112	cloud-23938	TIMEOUT	990.592994783	949.8519417429925	2379.141120	cloud-23933
combinations/pc_sfifo_3.cil+token_ring.13.cil-1.yml	false	TIMEOUT	990.741220882	916.6008475339913	3264.217088	cloud-24259	TIMEOUT	990.547260338	930.5364320779918	1662.955520	cloud-23980	TIMEOUT	990.673943271	943.1561532600026	2356.944896	cloud-23979
combinations/pc_sfifo_3.cil+token_ring.13.cil-2.yml	true	TIMEOUT	990.721733051	919.6261831579905	2694.565888	cloud-23979	TIMEOUT	990.673325102	929.8510615729901	1994.756096	cloud-23980	TIMEOUT	990.624803014	946.9591308029776	2407.124992	cloud-23979
combinations/pc_sfifo_3.cil+token_ring.14.cil.yml	false	TIMEOUT	990.791875842	905.9348410829989	2690.797568	cloud-24260	TIMEOUT	990.495285239	938.250291022996	1690.230784	cloud-23933	TIMEOUT	990.598879379	940.897674265987	2139.496448	cloud-23938
combinations/pc_sfifo_3.cil+token_ring.15.cil.yml	false	TIMEOUT	990.928993339	905.5422212689882	3081.854976	cloud-23933	TIMEOUT	990.488177462	933.9073537740042	2265.493504	cloud-23979	TIMEOUT	990.608688804	946.1636798820109	2310.782976	cloud-23980
combinations/square_1+soft_float_1-2a.c.cil.yml	false	TIMEOUT	990.363508028	969.9926240310015	1199.247360	cloud-23979	TIMEOUT	990.362961125	975.9541709300247	1307.643904	cloud-23979	TIMEOUT	990.381534934	973.5915605799819	1177.645056	cloud-23979
combinations/square_1+soft_float_2a.c.cil.yml	false	TIMEOUT	990.330527551	968.4296922380017	1146.900480	cloud-24259	TIMEOUT	990.284334687	976.937254435994	1155.125248	cloud-23980	TIMEOUT	990.342008148	971.9585966729792	1110.310912	cloud-23938
combinations/square_1+soft_float_3a.c.cil.yml	false	TIMEOUT	990.358554061	968.8615908730135	1161.572352	cloud-24260	TIMEOUT	990.341297044	976.1987959010003	1339.695104	cloud-23979	TIMEOUT	990.395427837	975.1284330369963	1134.366720	cloud-23938
combinations/square_1+soft_float_4-2a.c.cil.yml	false	TIMEOUT	990.400336222	968.7715090500133	1079.009280	cloud-24260	TIMEOUT	990.377031188	975.5770102169772	1299.742720	cloud-23933	TIMEOUT	990.219333261	980.0028699490067	1080.832000	cloud-23944
combinations/square_1+soft_float_5a.c.cil.yml	false	TIMEOUT	990.388033105	969.7006859499961	1139.400704	cloud-23933	TIMEOUT	990.342212626	976.5594887409825	1317.163008	cloud-23979	TIMEOUT	990.290111302	976.1773797960195	1139.912704	cloud-23982
combinations/square_2+soft_float_1-2a.c.cil.yml	false	TIMEOUT	990.425596333	968.2881263350137	1126.526976	cloud-23933	TIMEOUT	990.360628289	974.2635874419939	1121.030144	cloud-23938	TIMEOUT	990.368858488	978.8904786039784	1037.643776	cloud-23980
combinations/square_2+soft_float_2a.c.cil.yml	false	TIMEOUT	990.373117599	968.9395246099884	1091.162112	cloud-24260	TIMEOUT	990.267262077	977.4596016450087	1140.285440	cloud-23980	TIMEOUT	990.336285319	976.287322551012	1050.824704	cloud-23980
combinations/square_2+soft_float_3a.c.cil.yml	false	TIMEOUT	990.302565887	975.0362544009986	1054.625792	cloud-23941	TIMEOUT	990.307657694	975.9860699000128	1108.635648	cloud-23980	TIMEOUT	990.361552134	973.9920405730081	1024.520192	cloud-23933
combinations/square_2+soft_float_4-2a.c.cil.yml	false	TIMEOUT	990.381481255	969.7288538079883	1172.152320	cloud-23979	TIMEOUT	990.299696399	978.0709987260052	1105.055744	cloud-23980	TIMEOUT	990.337287785	974.4942876530113	1144.389632	cloud-23933
combinations/square_2+soft_float_5a.c.cil.yml	false	TIMEOUT	990.289205649	975.4075836330012	1130.696704	cloud-24259	TIMEOUT	990.336555754	974.0714032649994	1124.823040	cloud-23938	TIMEOUT	990.338386014	974.2942055329913	1089.560576	cloud-23938
combinations/square_3+soft_float_1-2a.c.cil.yml	false	TIMEOUT	990.409934195	969.8961747040157	1104.187392	cloud-23933	TIMEOUT	990.329101612	975.8886539619998	1328.271360	cloud-23933	TIMEOUT	990.327466348	976.0480469320028	1022.451712	cloud-23938
combinations/square_3+soft_float_2a.c.cil.yml	false	TIMEOUT	990.344181269	968.8837901799998	1114.718208	cloud-23979	TIMEOUT	990.321768156	975.7274550310103	1118.949376	cloud-23980	TIMEOUT	990.291959016	975.8878768970026	1090.490368	cloud-23980
combinations/square_3+soft_float_3a.c.cil.yml	false	TIMEOUT	990.347480425	970.0476577040099	1175.052288	cloud-23979	TIMEOUT	990.354636812	974.8208516380109	1127.886848	cloud-23938	TIMEOUT	990.247876424	978.9614465940103	1136.615424	cloud-23982
combinations/square_3+soft_float_4-2a.c.cil.yml	false	TIMEOUT	990.361119989	971.1922631679918	1115.074560	cloud-23979	TIMEOUT	990.325908432	977.7907937470009	1336.811520	cloud-23979	TIMEOUT	990.298282152	974.445483538002	1059.368960	cloud-23938
combinations/square_3+soft_float_5a.c.cil.yml	false	TIMEOUT	990.403501639	970.4643057989888	1073.930240	cloud-23933	TIMEOUT	990.404089034	975.5103589670034	1110.564864	cloud-23938	TIMEOUT	990.316478401	975.4414972890227	1043.816448	cloud-23982
combinations/square_4+soft_float_1-2a.c.cil.yml	true	TIMEOUT	990.400736929	969.4065094800026	1190.219776	cloud-23933	TIMEOUT	990.341201241	976.0288927140064	1133.015040	cloud-23938	TIMEOUT	990.280706186	976.8266350000049	1207.271424	cloud-23980
combinations/square_4+soft_float_1-3a.c.cil.yml	false	TIMEOUT	990.343497879	971.0263770500023	1079.971840	cloud-23979	TIMEOUT	990.385246372	974.0514342899842	1299.677184	cloud-23933	TIMEOUT	990.40668012	974.0022330659849	1119.481856	cloud-23933
combinations/square_4+soft_float_2a.c.cil.yml	true	TIMEOUT	990.312163726	972.5767475569883	1180.532736	cloud-24261	TIMEOUT	990.38813233	974.8588816350093	1326.366720	cloud-23933	TIMEOUT	990.32756743	978.4001245420077	1120.514048	cloud-23980
combinations/square_4+soft_float_3a.c.cil.yml	true	TIMEOUT	990.328949027	968.9615955729969	1117.405184	cloud-24259	TIMEOUT	990.36859378	976.2443920359947	1314.308096	cloud-23979	TIMEOUT	990.255452704	974.8227402739867	1103.790080	cloud-23982
combinations/square_4+soft_float_4-2a.c.cil.yml	true	TIMEOUT	990.328087048	970.8465643700038	1071.464448	cloud-23979	TIMEOUT	990.340353186	976.417906607996	1122.869248	cloud-23982	TIMEOUT	990.327895169	977.3934337339888	1042.993152	cloud-23980
combinations/square_4+soft_float_4-3a.c.cil.yml	false	TIMEOUT	990.442486437	968.8392060290062	1192.931328	cloud-24260	TIMEOUT	990.285331889	978.1541092789848	1160.343552	cloud-23982	TIMEOUT	990.371301491	973.8074321679887	1155.272704	cloud-23938
combinations/square_4+soft_float_5a.c.cil.yml	true	TIMEOUT	990.343168088	967.1707487469976	1179.901952	cloud-24259	TIMEOUT	990.271805319	978.642868505005	1299.464192	cloud-23980	TIMEOUT	990.364527778	974.1589620639861	1215.832064	cloud-23979
combinations/square_5+soft_float_1-2a.c.cil.yml	true	TIMEOUT	990.341369029	972.1092940009985	1140.404224	cloud-24261	TIMEOUT	990.359762549	973.1522824419953	1116.704768	cloud-23938	TIMEOUT	990.327043497	975.6438399470062	1117.814784	cloud-23982
combinations/square_5+soft_float_1-3a.c.cil.yml	false	TIMEOUT	990.336764382	967.5785803830076	1150.861312	cloud-24259	TIMEOUT	990.307325235	977.3435259610123	1297.661952	cloud-23980	TIMEOUT	990.354261108	972.886669480009	1129.005056	cloud-23933
combinations/square_5+soft_float_2a.c.cil.yml	true	TIMEOUT	990.348726726	969.6195971620036	1017.597952	cloud-23933	TIMEOUT	990.388379219	976.4718661889783	1350.246400	cloud-23933	TIMEOUT	990.340397621	975.2430867090006	992.124928	cloud-23979
combinations/square_5+soft_float_3a.c.cil.yml	true	TIMEOUT	990.316701666	972.023901544977	1120.268288	cloud-24259	TIMEOUT	990.302151533	974.2087137930212	1149.931520	cloud-23982	TIMEOUT	990.307723032	977.3805231309962	1109.315584	cloud-23980
combinations/square_5+soft_float_4-2a.c.cil.yml	true	TIMEOUT	990.377321428	967.1515521379915	1095.839744	cloud-24259	TIMEOUT	990.312866215	974.9914923199976	1315.766272	cloud-23933	TIMEOUT	990.340113068	974.5558436209976	1096.163328	cloud-23979
combinations/square_5+soft_float_4-3a.c.cil.yml	false	TIMEOUT	990.391638315	966.3307176630042	1012.703232	cloud-24260	TIMEOUT	990.296726791	975.198651189974	1090.998272	cloud-23980	TIMEOUT	990.3141995	973.7996671580186	1005.477888	cloud-23933
combinations/square_5+soft_float_5a.c.cil.yml	true	TIMEOUT	990.414485712	970.4214593749784	1135.927296	cloud-23979	TIMEOUT	990.356233561	976.0995924029849	1121.300480	cloud-23982	TIMEOUT	990.336978461	976.7572004880058	1111.126016	cloud-23933
combinations/square_6+soft_float_1-2a.c.cil.yml	true	TIMEOUT	990.350078717	971.8232800590049	1121.349632	cloud-23979	TIMEOUT	990.248393753	977.728427286027	1171.623936	cloud-23980	TIMEOUT	990.339903079	975.0156282160024	1093.959680	cloud-23933
combinations/square_6+soft_float_1-3a.c.cil.yml	false	TIMEOUT	990.33823445	972.435871387017	1143.861248	cloud-23979	TIMEOUT	990.36554283	975.6287718159729	1303.912448	cloud-23933	TIMEOUT	990.370562087	974.8075155650149	1155.969024	cloud-23979
combinations/square_6+soft_float_2a.c.cil.yml	true	TIMEOUT	990.361828912	968.2411918630096	1097.998336	cloud-24260	TIMEOUT	990.316703047	974.2385884959949	1124.028416	cloud-23938	TIMEOUT	990.321906037	975.2363283709856	1087.758336	cloud-23982
combinations/square_6+soft_float_3a.c.cil.yml	true	TIMEOUT	990.383434566	970.6291434199957	1065.725952	cloud-23979	TIMEOUT	990.353121357	976.7586347179895	1311.899648	cloud-23979	TIMEOUT	990.339763087	975.6864265720069	1091.645440	cloud-23979
combinations/square_6+soft_float_4-2a.c.cil.yml	true	TIMEOUT	990.336599463	970.4183468569827	1054.240768	cloud-23933	TIMEOUT	990.260049284	975.0989346620045	1108.520960	cloud-23982	TIMEOUT	990.317526748	976.0874653740029	1001.996288	cloud-23933
combinations/square_6+soft_float_4-3a.c.cil.yml	false	TIMEOUT	990.264690055	973.5813416150049	1092.378624	cloud-24259	TIMEOUT	990.379790918	976.25987793901	1344.536576	cloud-23979	TIMEOUT	990.348459647	976.2540701650141	1075.429376	cloud-23979
combinations/square_6+soft_float_5a.c.cil.yml	true	TIMEOUT	990.387797083	969.6597096610058	1077.256192	cloud-23979	TIMEOUT	990.383575177	976.021863927017	1316.552704	cloud-23933	TIMEOUT	990.368757318	972.8111676049884	1049.489408	cloud-23938
combinations/square_7+soft_float_1-2a.c.cil.yml	true	TIMEOUT	990.348229203	972.1422507819952	988.323840	cloud-24259	TIMEOUT	990.344417432	977.5967372290033	1308.237824	cloud-23941	TIMEOUT	990.391746487	972.8595017140033	972.210176	cloud-23933
combinations/square_7+soft_float_1-3a.c.cil.yml	false	TIMEOUT	990.352135107	969.828795007983	1156.292608	cloud-23933	TIMEOUT	990.397960645	974.0090600459953	1298.587648	cloud-23979	TIMEOUT	990.368759636	973.4675425759924	1148.354560	cloud-23938
combinations/square_7+soft_float_2a.c.cil.yml	true	TIMEOUT	990.38874744	967.6202259490092	1046.880256	cloud-24260	TIMEOUT	990.350521589	976.7062645950064	1295.224832	cloud-23979	TIMEOUT	990.354373658	974.5545093289984	1080.283136	cloud-23933
combinations/square_7+soft_float_3a.c.cil.yml	true	TIMEOUT	990.397030102	968.3256571200036	1133.875200	cloud-23933	TIMEOUT	990.303300927	976.7111173360026	1308.217344	cloud-23980	TIMEOUT	990.268911374	975.3967934050015	1136.345088	cloud-23982
combinations/square_7+soft_float_4-2a.c.cil.yml	true	TIMEOUT	990.327906227	971.0513192339859	913.842176	cloud-23979	TIMEOUT	990.351153698	976.7995144120068	1301.286912	cloud-23982	TIMEOUT	990.406910622	975.7395394270134	1171.111936	cloud-23979
combinations/square_7+soft_float_4-3a.c.cil.yml	false	TIMEOUT	990.371388228	972.2774573429924	1144.893440	cloud-24261	TIMEOUT	990.290615168	977.609268019005	1327.079424	cloud-23982	TIMEOUT	990.359935888	973.5830833819928	1088.937984	cloud-23938
combinations/square_7+soft_float_5a.c.cil.yml	true	TIMEOUT	990.359134362	967.5392460399889	1077.415936	cloud-24260	TIMEOUT	990.376574529	975.3673630169942	1290.133504	cloud-23979	TIMEOUT	990.340747461	974.2430866009963	1073.549312	cloud-23933
combinations/square_8+soft_float_1-2a.c.cil.yml	true	TIMEOUT	990.300523307	970.7046436389937	1081.999360	cloud-24259	TIMEOUT	990.33540795	974.8034119980002	1333.071872	cloud-23938	TIMEOUT	990.338600913	975.880113311985	1049.849856	cloud-23933
combinations/square_8+soft_float_1-3a.c.cil.yml	false	TIMEOUT	990.341391508	970.0681809630041	1140.072448	cloud-24259	TIMEOUT	990.330282316	978.4805409190012	1306.570752	cloud-23980	TIMEOUT	990.32873467	977.1603437839949	1121.685504	cloud-23980
combinations/square_8+soft_float_2a.c.cil.yml	true	TIMEOUT	990.41071624	970.6366599549947	1177.939968	cloud-23979	TIMEOUT	990.399095289	973.8498583880137	1352.486912	cloud-23938	TIMEOUT	990.312484188	974.4693838309904	1117.487104	cloud-23982
combinations/square_8+soft_float_3a.c.cil.yml	true	TIMEOUT	990.291085081	974.23918223902	1151.426560	cloud-23942	TIMEOUT	990.39849762	975.6916709780053	1352.888320	cloud-23979	TIMEOUT	990.282019379	976.3977106060192	1088.233472	cloud-23982
combinations/square_8+soft_float_4-2a.c.cil.yml	true	TIMEOUT	990.350700757	968.8288771999942	1178.890240	cloud-23933	TIMEOUT	990.351626789	976.3862379839993	1307.127808	cloud-23933	TIMEOUT	990.352261353	976.2415583689872	1162.633216	cloud-23980
combinations/square_8+soft_float_4-3a.c.cil.yml	false	TIMEOUT	990.425355664	967.4729283029883	1050.558464	cloud-24260	TIMEOUT	990.300221114	974.6821362450137	1110.745088	cloud-23982	TIMEOUT	990.362694901	974.0153329400055	1028.567040	cloud-23938
combinations/square_8+soft_float_5a.c.cil.yml	true	TIMEOUT	990.406101732	968.3655245179834	1198.030848	cloud-23979	TIMEOUT	990.288987111	976.1293884199986	1323.503616	cloud-23933	TIMEOUT	990.365297465	975.4722733850067	1216.008192	cloud-23979
eca-rers2012/Problem01_label00.yml	true	true	107.20664601	76.57012355601182	1165.688832	cloud-24260	true	99.001176003	72.76872084199567	1148.743680	cloud-23980	TIMEOUT	990.351578451	962.7883971300034	1017.454592	cloud-23938
eca-rers2012/Problem01_label01.yml	true	true	92.488847918	64.9356459749979	1084.481536	cloud-23979	true	114.884647839	83.79570723700454	1095.487488	cloud-23982	TIMEOUT	990.395428998	960.9326995839947	888.348672	cloud-23982
eca-rers2012/Problem01_label02.yml	true	true	78.888423696	56.82448662800016	1123.434496	cloud-24259	true	88.294883868	61.68378099001711	1002.352640	cloud-23938	TIMEOUT	990.353738575	965.7977054069925	935.624704	cloud-23979
eca-rers2012/Problem01_label03.yml	true	true	105.643365397	77.67795692500658	1230.405632	cloud-23979	true	116.448584474	86.09861573501257	1129.410560	cloud-23938	TIMEOUT	990.367559627	960.4678261110093	974.409728	cloud-23938
eca-rers2012/Problem01_label04.yml	true	true	110.735802095	80.5184849149955	1134.854144	cloud-23979	true	117.241559848	87.87012971198419	1156.124672	cloud-23938	TIMEOUT	990.316362587	968.5465912419895	1027.010560	cloud-23939
eca-rers2012/Problem01_label05.yml	true	true	100.084681163	71.55710151299718	1183.993856	cloud-23933	true	92.291755594	66.75362492198474	1073.250304	cloud-23980	TIMEOUT	990.377107336	960.0268999119871	1081.806848	cloud-23982
eca-rers2012/Problem01_label06.yml	true	true	93.151701074	67.3585373179958	1195.827200	cloud-24261	true	116.217966015	84.37949721098994	965.742592	cloud-23938	TIMEOUT	990.337421059	964.1161645629909	898.965504	cloud-23979
eca-rers2012/Problem01_label07.yml	true	true	90.442925573	64.78802909200022	1090.334720	cloud-24261	true	123.354317908	88.16151603599428	1113.722880	cloud-23982	TIMEOUT	990.323566422	971.2694629770122	1049.882624	cloud-23980
eca-rers2012/Problem01_label08.yml	true	true	139.075216722	103.41647378700145	1246.363648	cloud-24259	true	130.219128282	97.1957992449752	1069.936640	cloud-23938	TIMEOUT	990.390079048	961.5337832710065	1013.350400	cloud-23982
eca-rers2012/Problem01_label09.yml	true	true	102.336392504	72.90355811800691	1163.378688	cloud-23979	true	107.596362875	81.62617029898684	1099.272192	cloud-23982	TIMEOUT	990.3638853	962.066708555998	1063.530496	cloud-23982
eca-rers2012/Problem01_label10.yml	true	true	86.095723324	64.55152403199463	1127.731200	cloud-24259	true	107.229158481	82.25301284698071	987.484160	cloud-23980	TIMEOUT	990.392463165	965.790766243008	1023.578112	cloud-23980
eca-rers2012/Problem01_label11.yml	true	true	138.273890414	102.50028104698868	1024.749568	cloud-24259	true	116.372798439	87.35214514398831	1081.950208	cloud-23979	TIMEOUT	990.382578095	961.6145530600043	1077.092352	cloud-23982
eca-rers2012/Problem01_label12.yml	true	true	100.363618101	71.08976162300678	1076.543488	cloud-23979	true	93.318576281	65.59858012999757	1145.724928	cloud-23979	TIMEOUT	990.391140334	964.7700222819985	911.642624	cloud-23933
eca-rers2012/Problem01_label13.yml	true	true	112.039150415	79.55508170399116	1201.033216	cloud-24260	true	101.300214735	72.29508472999441	1033.900032	cloud-23938	TIMEOUT	990.397065485	960.553535287996	874.717184	cloud-23938
eca-rers2012/Problem01_label14.yml	true	true	80.292243998	55.84753394199652	1089.028096	cloud-23979	true	101.103865327	70.65426069902605	1059.573760	cloud-23938	TIMEOUT	990.397609853	965.8652825110184	1185.431552	cloud-23979
eca-rers2012/Problem01_label15.yml	false	false(unreach-call)	85.732542414	55.67513802801841	1224.454144	cloud-23979	false(unreach-call)	91.860448778	61.72334978199797	1040.486400	cloud-23982	TIMEOUT	990.3867442	962.9055399869976	1057.243136	cloud-23938
eca-rers2012/Problem01_label16.yml	true	true	107.085727368	78.58799483199255	1096.495104	cloud-23979	true	116.288317407	85.20763019297738	1039.671296	cloud-23933	TIMEOUT	990.40173123	961.0225057350181	1161.953280	cloud-23933
eca-rers2012/Problem01_label17.yml	true	true	95.588571436	69.1400981570041	1163.821056	cloud-24261	true	97.179732676	68.04924763701274	1060.507648	cloud-23979	TIMEOUT	990.318828981	969.5723153720028	925.630464	cloud-23980
eca-rers2012/Problem01_label18.yml	true	true	95.200727404	67.21489164000377	1112.793088	cloud-23979	true	93.720594257	70.25065227699815	953.442304	cloud-23980	TIMEOUT	990.420757109	961.3557029250078	1173.819392	cloud-23938
eca-rers2012/Problem01_label19.yml	true	true	107.803968531	75.25552939198678	1096.548352	cloud-23933	true	114.070139913	81.81618132800213	1044.324352	cloud-23982	TIMEOUT	990.378040337	964.133677232021	1037.156352	cloud-23982
eca-rers2012/Problem01_label20.yml	false	false(unreach-call)	90.131120862	60.89102574400022	1202.192384	cloud-23979	false(unreach-call)	112.166438848	77.32778448000317	1045.282816	cloud-23982	TIMEOUT	990.34173397	964.05850245498	1038.475264	cloud-23982
eca-rers2012/Problem01_label21.yml	false	false(unreach-call)	84.046549857	54.38144061699859	991.211520	cloud-23979	false(unreach-call)	80.491310479	53.60391006601276	1191.944192	cloud-23979	TIMEOUT	990.388300829	962.0212970119901	1024.495616	cloud-23933
eca-rers2012/Problem01_label22.yml	true	true	103.028924	73.46289341000374	1105.952768	cloud-23979	true	99.154590751	73.09899205798865	1041.915904	cloud-23980	TIMEOUT	990.396243692	961.5419379090017	1009.934336	cloud-23938
eca-rers2012/Problem01_label23.yml	true	true	129.11059708	91.31541898401338	1107.243008	cloud-24259	true	113.507566315	81.89005557302153	1039.810560	cloud-23982	TIMEOUT	990.30274367	969.1050476550008	1026.232320	cloud-23940
eca-rers2012/Problem01_label24.yml	true	true	102.235583507	75.11448273900896	1122.463744	cloud-24259	true	97.579463567	70.88662890999694	1026.265088	cloud-23980	TIMEOUT	990.427644106	963.4092023389821	1049.829376	cloud-23933
eca-rers2012/Problem01_label25.yml	true	true	116.896064395	82.61951770399173	1018.335232	cloud-24259	true	113.249400483	80.69607751999865	901.730304	cloud-23938	TIMEOUT	990.326853545	967.8288979250065	1058.222080	cloud-23980
eca-rers2012/Problem01_label26.yml	true	true	71.704338077	49.499209047993645	1094.742016	cloud-23940	true	94.898266612	65.58855865700752	1071.788032	cloud-23938	TIMEOUT	990.344907548	961.2615447599965	965.926912	cloud-23982
eca-rers2012/Problem01_label27.yml	true	true	83.547247527	56.82724241298274	946.151424	cloud-23979	true	98.093229856	68.52456587000052	940.150784	cloud-23982	TIMEOUT	990.348722172	966.1925862109929	981.909504	cloud-23980
eca-rers2012/Problem01_label28.yml	true	true	89.470485066	62.42775570199592	1166.356480	cloud-23933	true	84.407130458	57.81282815799932	1326.837760	cloud-23979	TIMEOUT	990.359774127	961.5187043740007	1061.605376	cloud-23938
eca-rers2012/Problem01_label29.yml	true	true	122.057556407	85.9725160550006	1221.042176	cloud-24259	true	86.175180491	62.408098726999015	1106.452480	cloud-23979	TIMEOUT	990.35799383	960.6619821319764	942.534656	cloud-23938
eca-rers2012/Problem01_label30.yml	true	true	106.22264259	75.12367847701535	1002.917888	cloud-24260	true	92.93114551	67.96473733300809	1192.923136	cloud-23938	TIMEOUT	990.35221497	968.7197209050064	943.804416	cloud-23980
eca-rers2012/Problem01_label31.yml	true	true	99.522951613	70.68352694099303	938.303488	cloud-23933	true	108.10812737	79.61045115598245	1116.643328	cloud-23982	TIMEOUT	990.307492283	963.1226792219968	1040.117760	cloud-23982
eca-rers2012/Problem01_label32.yml	false	false(unreach-call)	124.648875516	92.15751166499103	1146.630144	cloud-23979	false(unreach-call)	124.507581651	93.63169302800088	1154.699264	cloud-23980	TIMEOUT	990.313498355	962.1413887600065	1161.543680	cloud-23982
eca-rers2012/Problem01_label33.yml	false	false(unreach-call)	137.782579409	101.19014825599152	1100.517376	cloud-24259	false(unreach-call)	124.50046148	92.09489064998343	1097.900032	cloud-23982	TIMEOUT	990.318267834	966.5643819569959	1102.553088	cloud-23979
eca-rers2012/Problem01_label34.yml	true	true	143.908692856	108.57360407699889	1043.529728	cloud-24259	true	134.570031715	102.01995903401985	1100.419072	cloud-23982	TIMEOUT	990.385058588	963.008201737015	960.954368	cloud-23938
eca-rers2012/Problem01_label35.yml	false	false(unreach-call)	83.292964709	53.69324764900375	974.655488	cloud-23979	false(unreach-call)	81.050557044	52.836037429980934	1094.361088	cloud-23979	TIMEOUT	990.32642526	964.4539817009936	914.554880	cloud-23979
eca-rers2012/Problem01_label36.yml	true	true	99.463877263	75.26371013501193	1066.213376	cloud-24261	true	83.868649353	61.73475844899076	1101.967360	cloud-23939	TIMEOUT	990.376481872	962.3459950209945	1009.451008	cloud-23938
eca-rers2012/Problem01_label37.yml	false	false(unreach-call)	104.580606423	72.29211195700918	1059.233792	cloud-23933	false(unreach-call)	98.138301585	72.79537419098779	1130.352640	cloud-23982	TIMEOUT	990.403082618	963.923116837017	1026.805760	cloud-23979
eca-rers2012/Problem01_label38.yml	false	false(unreach-call)	96.704818253	67.50019705601153	1246.425088	cloud-23933	false(unreach-call)	102.669346025	74.56118330301251	1076.736000	cloud-23980	TIMEOUT	990.3909821	960.4135280109767	938.217472	cloud-23938
eca-rers2012/Problem01_label39.yml	true	true	86.193479958	59.24338034700486	1081.483264	cloud-23979	true	98.328223106	67.79224496500683	1002.934272	cloud-23933	TIMEOUT	990.34487812	962.6701660889958	928.030720	cloud-23933
eca-rers2012/Problem01_label40.yml	true	true	98.892496341	68.67748572101118	1300.676608	cloud-24259	true	86.41953045	59.60129670597962	1055.682560	cloud-23933	TIMEOUT	990.340092294	964.6644820480142	1029.672960	cloud-23982
eca-rers2012/Problem01_label41.yml	true	true	80.681724537	58.84362316399347	1111.445504	cloud-24259	true	66.980419729	48.366607920994284	1047.056384	cloud-23944	TIMEOUT	990.323986302	964.6956834290177	1077.055488	cloud-23979
eca-rers2012/Problem01_label42.yml	true	true	95.012887641	64.83652553401771	1080.442880	cloud-23979	true	93.407123654	66.6613399979833	1148.305408	cloud-23980	TIMEOUT	990.348115872	966.0299999810231	1019.850752	cloud-23980
eca-rers2012/Problem01_label43.yml	true	true	93.739832199	66.38161722401856	1055.846400	cloud-23933	true	109.769161187	75.70865166501608	1056.473088	cloud-23982	TIMEOUT	990.439040296	962.7374124210037	1017.049088	cloud-23938
eca-rers2012/Problem01_label44.yml	false	false(unreach-call)	68.670542312	43.953337740997085	917.442560	cloud-23979	false(unreach-call)	81.836388219	52.93215391400736	1062.395904	cloud-23938	TIMEOUT	990.318333008	966.6406263219833	1095.700480	cloud-23980
eca-rers2012/Problem01_label45.yml	true	true	130.411741804	95.08487351800431	1100.828672	cloud-24259	true	110.282795166	83.12577661601244	1186.557952	cloud-23933	TIMEOUT	990.371389652	964.1103477900033	970.858496	cloud-23933
eca-rers2012/Problem01_label46.yml	true	true	109.267042658	80.46223217999795	1104.027648	cloud-23979	true	103.196891811	76.47227169398684	1163.694080	cloud-23979	TIMEOUT	990.322394377	965.0654487309803	998.395904	cloud-23979
eca-rers2012/Problem01_label47.yml	false	false(unreach-call)	123.823425175	93.1374747910013	1235.070976	cloud-24261	false(unreach-call)	116.594337768	86.11637373798294	1207.156736	cloud-23933	TIMEOUT	990.301629536	968.6988614329894	992.026624	cloud-23942
eca-rers2012/Problem01_label48.yml	true	true	90.338695936	62.11846814799355	1147.514880	cloud-23933	true	88.050208123	61.973484004003694	1050.300416	cloud-23933	TIMEOUT	990.369252138	961.2574160379882	1040.441344	cloud-23982
eca-rers2012/Problem01_label49.yml	true	true	94.564985051	65.5476093729958	1123.115008	cloud-23979	true	103.56963209	74.40953747200547	1038.024704	cloud-23938	TIMEOUT	990.38422397	965.8722248080012	1019.637760	cloud-23979
eca-rers2012/Problem01_label50.yml	false	false(unreach-call)	138.882683662	103.39033131899487	1159.204864	cloud-24260	false(unreach-call)	112.086672478	84.87615751998965	1168.109568	cloud-23933	TIMEOUT	990.313593405	967.8646228449943	1050.636288	cloud-23980
eca-rers2012/Problem01_label51.yml	true	true	92.654050222	63.05170147298486	1131.839488	cloud-23933	true	93.180105035	64.73114129598252	1104.138240	cloud-23933	TIMEOUT	990.416419263	959.1010144810134	976.601088	cloud-23938
eca-rers2012/Problem01_label52.yml	true	true	91.61858295	63.981414175010286	935.276544	cloud-23933	true	94.920343232	65.67706630198518	1192.689664	cloud-23938	TIMEOUT	990.394967415	962.984381747985	1018.298368	cloud-23938
eca-rers2012/Problem01_label53.yml	true	true	98.839756267	67.94695450499421	931.307520	cloud-23933	true	82.502095583	57.5910257359792	1081.237504	cloud-23979	TIMEOUT	990.358733915	966.0782446039957	1006.882816	cloud-23980
eca-rers2012/Problem01_label54.yml	true	true	89.26794378	61.59561015598592	973.160448	cloud-23979	true	91.825100407	64.69092905099387	1062.129664	cloud-23933	TIMEOUT	990.39671221	963.4112944820081	1008.160768	cloud-23979
eca-rers2012/Problem01_label55.yml	true	true	71.964172066	50.740778038991266	1149.820928	cloud-24259	true	88.459719057	62.76937972800806	1096.130560	cloud-23980	TIMEOUT	990.418452367	961.8186134630232	1016.074240	cloud-23938
eca-rers2012/Problem01_label56.yml	false	false(unreach-call)	100.88086293	72.78105650100042	1204.338688	cloud-24259	false(unreach-call)	109.770491899	78.15845102700405	1052.000256	cloud-23938	TIMEOUT	990.37678311	963.206562042993	1096.744960	cloud-23979
eca-rers2012/Problem01_label57.yml	false	false(unreach-call)	105.264788843	71.5228837239847	1421.770752	cloud-23933	false(unreach-call)	90.185858564	62.92061662799097	1178.193920	cloud-23933	TIMEOUT	990.316022884	968.3199101859936	939.765760	cloud-23941
eca-rers2012/Problem01_label58.yml	true	true	119.520887474	92.34749464399647	1197.940736	cloud-24259	true	118.736692843	90.28577045199927	1089.798144	cloud-23938	TIMEOUT	990.310010267	963.8515706410108	1005.203456	cloud-23980
eca-rers2012/Problem01_label59.yml	true	true	106.169412845	73.96568630699767	1019.674624	cloud-24260	true	88.409984347	64.17831213501631	1108.205568	cloud-23979	TIMEOUT	990.371564709	968.7137273850094	1029.623808	cloud-23980
eca-rers2012/Problem02_label00.yml	true	true	93.242871937	63.71644461600226	976.232448	cloud-23933	true	106.073099088	75.38865514402278	932.626432	cloud-23982	TIMEOUT	990.297289397	962.9290332660021	874.536960	cloud-23982
eca-rers2012/Problem02_label01.yml	true	true	89.74914891	60.881183099991176	1190.576128	cloud-23933	true	92.937001113	64.90536346498993	990.875648	cloud-23938	TIMEOUT	990.345852189	965.607579367992	971.001856	cloud-23980
eca-rers2012/Problem02_label02.yml	true	true	131.395410489	97.64287882699864	1169.448960	cloud-23933	true	141.601022989	109.186204749014	1184.960512	cloud-23938	TIMEOUT	990.34293987	965.1722268029989	980.320256	cloud-23979
eca-rers2012/Problem02_label03.yml	true	true	87.020186085	58.50392000598367	1014.050816	cloud-23933	true	89.793413989	63.22087658601231	910.610432	cloud-23982	TIMEOUT	990.39743184	965.6896162870107	1010.610176	cloud-23980
eca-rers2012/Problem02_label04.yml	true	true	103.043098511	71.31078053702367	1062.400000	cloud-23933	true	97.175613118	69.92597583201132	939.282432	cloud-23980	TIMEOUT	990.357409506	961.2734012129949	988.442624	cloud-23938
eca-rers2012/Problem02_label05.yml	true	true	99.226861242	67.13493791298242	1042.997248	cloud-24260	true	90.690507288	62.1209766480024	1046.847488	cloud-23938	TIMEOUT	990.358964894	961.9242765870003	931.905536	cloud-23938
eca-rers2012/Problem02_label06.yml	true	true	126.440516958	93.86778964998666	1017.393152	cloud-23979	true	153.050779475	116.79285330499988	985.960448	cloud-23982	TIMEOUT	990.383058997	963.992831429001	887.205888	cloud-23979
eca-rers2012/Problem02_label07.yml	true	true	87.59409078	59.25084547200822	982.081536	cloud-23979	true	77.56280392	53.63429541300866	949.633024	cloud-23933	TIMEOUT	990.37433804	963.6876329369843	1115.394048	cloud-23933
eca-rers2012/Problem02_label08.yml	true	true	107.40904338	79.59673217800446	1013.358592	cloud-23979	true	132.095249681	98.43137982301414	1174.704128	cloud-23938	TIMEOUT	990.302180102	964.4055208729987	879.468544	cloud-23982
eca-rers2012/Problem02_label09.yml	true	true	87.643550086	61.923376139005995	920.854528	cloud-24259	true	104.578437238	71.24286414901144	1091.006464	cloud-23982	TIMEOUT	990.350222118	967.6515222890012	1075.396608	cloud-23933
eca-rers2012/Problem02_label10.yml	true	true	89.188590381	64.93692761400598	931.418112	cloud-24261	true	90.426474847	65.73002068599453	953.090048	cloud-23980	TIMEOUT	990.456420275	961.9854620229744	1101.615104	cloud-23938
eca-rers2012/Problem02_label11.yml	true	true	102.469356568	72.81736835598713	1335.791616	cloud-23979	true	105.633239253	79.45400269600214	1187.377152	cloud-23980	TIMEOUT	990.269595699	971.3578956789861	902.852608	cloud-23980
eca-rers2012/Problem02_label12.yml	true	true	113.369573917	82.10429428800126	940.498944	cloud-23933	true	89.35136938	64.01033517700853	1267.957760	cloud-23979	TIMEOUT	990.372108158	963.8372726310045	983.625728	cloud-23982
eca-rers2012/Problem02_label13.yml	false	false(unreach-call)	94.77494827	61.53867901000194	983.625728	cloud-23979	false(unreach-call)	84.926794205	57.54255645899684	1127.272448	cloud-23979	TIMEOUT	990.387721253	961.5921772309812	906.436608	cloud-23938
eca-rers2012/Problem02_label14.yml	true	true	93.031523382	64.49180079600774	1025.855488	cloud-24260	true	107.250664565	76.53903061398887	1359.560704	cloud-23982	TIMEOUT	990.436077134	961.6178695549897	902.295552	cloud-23938
eca-rers2012/Problem02_label15.yml	true	true	80.7705969	55.85135248702136	1274.621952	cloud-23979	true	107.441907923	72.95192042298731	972.795904	cloud-23982	TIMEOUT	990.388372903	969.0439755179978	1018.236928	cloud-23980
eca-rers2012/Problem02_label16.yml	false	false(unreach-call)	99.518784472	67.57298244599951	1060.683776	cloud-24260	false(unreach-call)	89.547097202	62.98978943700786	1008.332800	cloud-23982	TIMEOUT	990.375455872	962.6401203870191	1024.995328	cloud-23938
eca-rers2012/Problem02_label17.yml	true	true	105.604336436	74.81800342499628	1267.585024	cloud-23933	true	110.388464874	80.93287222800427	1211.039744	cloud-23980	TIMEOUT	990.34185327	962.630513983022	1095.569408	cloud-23982
eca-rers2012/Problem02_label18.yml	true	true	120.110669158	85.74897951100138	1131.589632	cloud-24260	true	104.715844488	76.42555950998212	1098.108928	cloud-23979	TIMEOUT	990.401064954	964.0570095650037	994.746368	cloud-23933
eca-rers2012/Problem02_label19.yml	true	true	80.853535731	58.24274462599715	1127.346176	cloud-24259	true	63.282964682	44.75553930300521	1018.175488	cloud-23944	TIMEOUT	990.359635263	961.6038669219997	899.788800	cloud-23982
eca-rers2012/Problem02_label20.yml	true	true	75.475968939	51.07618076400831	990.552064	cloud-23933	true	85.015784607	55.84966466901824	1124.012032	cloud-23933	TIMEOUT	990.375718456	963.2998254169943	1178.828800	cloud-23938
eca-rers2012/Problem02_label21.yml	true	true	108.953337521	74.54675718299404	911.163392	cloud-24260	true	101.275832481	71.9701814900036	1291.468800	cloud-23938	TIMEOUT	990.329037985	963.908831696026	885.460992	cloud-23979
eca-rers2012/Problem02_label22.yml	true	true	100.59078814	69.72096387800411	924.725248	cloud-24260	true	93.098753688	65.12729832998593	955.195392	cloud-23933	TIMEOUT	990.373109295	962.8991174530238	1006.723072	cloud-23938
eca-rers2012/Problem02_label23.yml	true	true	89.766749119	62.235773672000505	1045.286912	cloud-23979	true	96.144061427	68.97422274699784	1004.834816	cloud-23938	TIMEOUT	990.410815542	960.6579809669929	876.810240	cloud-23938
eca-rers2012/Problem02_label24.yml	true	true	117.637503949	81.05763103300706	931.487744	cloud-24259	true	103.024489123	73.12568704900332	1150.509056	cloud-23980	TIMEOUT	990.360808756	966.842352674983	872.566784	cloud-23933
eca-rers2012/Problem02_label25.yml	true	true	91.484237684	64.62339109800814	1015.390208	cloud-24261	true	107.479081981	78.2886189359997	1279.180800	cloud-23982	TIMEOUT	990.338999776	966.0089523660135	1070.878720	cloud-23982
eca-rers2012/Problem02_label26.yml	true	true	85.140524602	57.38093954601209	942.374912	cloud-23933	true	67.073355145	47.01008859500871	909.856768	cloud-23943	TIMEOUT	990.362526426	961.5182776169968	1061.310464	cloud-23933
eca-rers2012/Problem02_label27.yml	true	true	90.89169989	62.30913833001978	1006.460928	cloud-23979	true	87.569036483	60.433217647019774	1015.418880	cloud-23979	TIMEOUT	990.38486721	962.8451263440074	1000.718336	cloud-23933
eca-rers2012/Problem02_label28.yml	true	true	89.216625862	61.65013620001264	1122.385920	cloud-23979	true	88.846183891	62.93063073698431	989.978624	cloud-23979	TIMEOUT	990.385355324	965.3763276950049	1125.539840	cloud-23979
eca-rers2012/Problem02_label29.yml	true	true	75.173122694	51.395917216010275	1255.260160	cloud-24261	true	77.442138866	53.23312920299941	1027.391488	cloud-23979	TIMEOUT	990.299385345	963.405157280009	1112.367104	cloud-23980
eca-rers2012/Problem02_label30.yml	true	true	84.427308365	56.9856443979952	999.366656	cloud-23979	true	81.147839435	56.103270704013994	1074.876416	cloud-23979	TIMEOUT	990.394557433	966.5667537469999	1028.919296	cloud-23979
eca-rers2012/Problem02_label31.yml	true	true	74.132274866	50.54597785198712	945.885184	cloud-23979	true	86.99159579	61.57990482801688	1231.163392	cloud-23980	TIMEOUT	990.370499271	962.0668301880069	1034.444800	cloud-23938
eca-rers2012/Problem02_label32.yml	true	true	88.119101403	62.024418660992524	1164.419072	cloud-23933	true	101.205931199	69.1783442760061	930.357248	cloud-23982	TIMEOUT	990.287547892	968.639871271007	1003.196416	cloud-23940
eca-rers2012/Problem02_label33.yml	true	true	90.125955919	62.98857655399479	1222.598656	cloud-24259	true	97.568889129	66.72229871799937	949.809152	cloud-23938	TIMEOUT	990.372682873	963.4656906849996	1019.207680	cloud-23933
eca-rers2012/Problem02_label34.yml	true	true	138.170219456	105.0146486290032	1195.196416	cloud-23933	true	157.383357507	120.59677282199846	1120.436224	cloud-23938	TIMEOUT	990.355909219	962.2579466380121	875.327488	cloud-23938
eca-rers2012/Problem02_label35.yml	true	true	73.567905068	49.89824893997866	1015.996416	cloud-23939	true	79.17231316	53.58292433197494	1071.104000	cloud-23979	TIMEOUT	990.392282779	960.2301218539942	1023.676416	cloud-23938
eca-rers2012/Problem02_label36.yml	true	true	89.515991117	60.69348649101448	1137.258496	cloud-23933	true	75.12665273	51.14558718900662	1181.257728	cloud-23979	TIMEOUT	990.424116011	964.9029954779835	980.631552	cloud-23979
eca-rers2012/Problem02_label37.yml	true	true	86.688873827	58.39384128397796	1036.845056	cloud-23933	true	91.916031759	62.139764230989385	960.598016	cloud-23938	TIMEOUT	990.387190221	960.4845978689846	1059.618816	cloud-23933
eca-rers2012/Problem02_label38.yml	true	true	98.328104549	68.29405410098843	980.865024	cloud-24260	true	112.617739658	79.5234142249974	1070.063616	cloud-23982	TIMEOUT	990.384710938	963.8750036570127	867.512320	cloud-23938
eca-rers2012/Problem02_label39.yml	true	true	87.19076003	60.34054756801925	964.980736	cloud-23979	true	92.389399126	65.20458503701957	1156.161536	cloud-23933	TIMEOUT	990.314024956	965.4018511220056	993.574912	cloud-23980
eca-rers2012/Problem02_label40.yml	true	true	109.967767343	75.71226288800244	1004.269568	cloud-24259	true	86.271291798	62.12044129302376	1020.149760	cloud-23980	TIMEOUT	990.33849924	966.180120953999	995.287040	cloud-23980
eca-rers2012/Problem02_label41.yml	true	true	142.757023107	104.4452251969924	1047.302144	cloud-24259	true	141.861708259	105.55000957599259	1242.165248	cloud-23982	TIMEOUT	990.384876323	965.3656746370252	952.422400	cloud-23979
eca-rers2012/Problem02_label42.yml	true	true	87.00902977	59.86432081199018	1237.794816	cloud-23979	true	102.097210488	72.70588679399225	1028.136960	cloud-23982	TIMEOUT	990.341624644	961.2842597480048	961.089536	cloud-23982
eca-rers2012/Problem02_label43.yml	false	false(unreach-call)	79.764571732	51.60566857701633	1132.482560	cloud-23979	false(unreach-call)	102.577509503	67.59569608900347	958.222336	cloud-23982	TIMEOUT	990.361843397	961.9438703519991	921.571328	cloud-23938
eca-rers2012/Problem02_label44.yml	false	false(unreach-call)	89.827695466	61.80981965899991	1147.957248	cloud-24261	false(unreach-call)	102.30187167	69.35948462798842	1242.517504	cloud-23938	TIMEOUT	990.375920258	961.2527827690064	908.881920	cloud-23982
eca-rers2012/Problem02_label45.yml	false	false(unreach-call)	111.665997079	77.11592817700875	1107.468288	cloud-24259	false(unreach-call)	90.954395662	63.75206440797774	1042.264064	cloud-23979	TIMEOUT	990.336904625	968.228443199012	1171.202048	cloud-23980
eca-rers2012/Problem02_label46.yml	true	true	96.391079139	65.29905591902207	1114.722304	cloud-23979	true	103.323585217	73.05430636697565	1060.925440	cloud-23938	TIMEOUT	990.313501074	964.8326474860078	1108.729856	cloud-23982
eca-rers2012/Problem02_label47.yml	true	true	91.704781577	61.621060514997225	963.461120	cloud-23979	true	87.842301858	61.5418139580288	961.855488	cloud-23979	TIMEOUT	990.427601076	960.7347013360122	1129.140224	cloud-23938
eca-rers2012/Problem02_label48.yml	true	true	96.558768334	67.15049329400063	920.301568	cloud-23933	true	98.533938419	71.1598822279775	1116.164096	cloud-23982	TIMEOUT	990.336404273	964.3739593610226	996.003840	cloud-23982
eca-rers2012/Problem02_label49.yml	true	true	82.478824451	54.70931658401969	1114.763264	cloud-23979	true	85.842054273	61.182431217021076	1090.535424	cloud-23933	TIMEOUT	990.307004339	964.4306020789954	956.325888	cloud-23982
eca-rers2012/Problem02_label50.yml	false	false(unreach-call)	92.216502223	61.964099341013934	1280.126976	cloud-23933	false(unreach-call)	78.956214769	53.07521994999843	1133.383680	cloud-23979	TIMEOUT	990.389600192	965.0949538509885	1082.433536	cloud-23979
eca-rers2012/Problem02_label51.yml	true	true	125.730865443	93.84103258899995	1191.620608	cloud-23933	true	118.030539038	87.62023358701845	1320.312832	cloud-23979	TIMEOUT	990.388860986	965.1440731910116	1001.619456	cloud-23933
eca-rers2012/Problem02_label52.yml	true	true	102.537363034	70.31269976400654	949.448704	cloud-24260	true	110.034073075	76.78191580600105	927.145984	cloud-23982	TIMEOUT	990.359271693	963.0082454600197	1021.558784	cloud-23979
eca-rers2012/Problem02_label53.yml	true	true	138.529191768	102.93899559101555	1229.721600	cloud-24260	true	137.41855968	104.967091419996	970.080256	cloud-23938	TIMEOUT	990.32587388	963.6287864859914	939.220992	cloud-23982
eca-rers2012/Problem02_label54.yml	true	true	92.565414491	64.79506214600406	946.745344	cloud-23933	true	90.425016427	63.762888947996544	983.453696	cloud-23938	TIMEOUT	990.392205009	961.6683987519937	992.247808	cloud-23938
eca-rers2012/Problem02_label55.yml	true	true	122.467401477	89.76455477700802	1265.188864	cloud-23979	true	128.722607769	98.05383803800214	1063.628800	cloud-23980	TIMEOUT	990.382588319	966.4076324999915	1215.565824	cloud-23979
eca-rers2012/Problem02_label56.yml	true	true	101.606622592	69.67241700799786	1072.844800	cloud-23933	true	87.832979119	60.93749601600575	967.225344	cloud-23979	TIMEOUT	990.417009927	963.005424012983	1012.568064	cloud-23938
eca-rers2012/Problem02_label57.yml	true	true	102.896683124	72.77444300800562	1047.597056	cloud-23979	true	98.309739572	69.01081916599651	1104.240640	cloud-23933	TIMEOUT	990.444373209	961.9609655039967	1175.007232	cloud-23938
eca-rers2012/Problem02_label58.yml	true	true	100.754143497	69.40545691100124	1161.588736	cloud-24260	true	92.750330548	63.665490412007784	972.992512	cloud-23933	TIMEOUT	990.28686655	969.874924497999	985.546752	cloud-23940
eca-rers2012/Problem02_label59.yml	false	false(unreach-call)	91.72839625	61.780234471007134	1223.577600	cloud-24259	false(unreach-call)	81.826851674	54.556909063016064	972.197888	cloud-23979	TIMEOUT	990.362729541	964.3931690909958	876.699648	cloud-23979
eca-rers2012/Problem03_label00.yml	true	TIMEOUT	990.673727374	931.5054474220087	3382.439936	cloud-23979	TIMEOUT (true)	958.677222188	904.6497831940069	2683.465728	cloud-23938	TIMEOUT	990.6483606	952.8161232790153	3091.640320	cloud-23979
eca-rers2012/Problem03_label01.yml	true	TIMEOUT	990.628940122	921.42585400799	2622.152704	cloud-24260	TIMEOUT	990.68961882	924.9477758259745	2739.527680	cloud-23982	TIMEOUT	990.627585573	945.0818071019894	3234.320384	cloud-23982
eca-rers2012/Problem03_label02.yml	true	TIMEOUT	990.740127534	925.6546619269939	2626.482176	cloud-23933	TIMEOUT	990.687641977	942.0961356630141	2849.107968	cloud-23941	TIMEOUT	990.672138478	943.0685029360175	2765.856768	cloud-23938
eca-rers2012/Problem03_label03.yml	true	TIMEOUT	990.703691812	929.4247668110183	3035.009024	cloud-23979	TIMEOUT	990.689897436	935.7235415329924	3060.592640	cloud-23979	TIMEOUT	990.536185459	948.3632186400064	2656.186368	cloud-23980
eca-rers2012/Problem03_label04.yml	true	TIMEOUT	990.82561686	925.0508207580133	3222.814720	cloud-23933	TIMEOUT	990.821642886	930.5542394220247	3215.327232	cloud-23982	TIMEOUT	990.71514484	942.8931513769785	2659.123200	cloud-23938
eca-rers2012/Problem03_label05.yml	true	TIMEOUT	990.765622516	928.5373575009871	3143.225344	cloud-23979	TIMEOUT	990.786990142	939.5106824029936	3562.164224	cloud-23933	TIMEOUT	990.564171704	953.7574142630037	2659.631104	cloud-23933
eca-rers2012/Problem03_label06.yml	true	TIMEOUT	990.686215448	920.8956443099887	2786.004992	cloud-24260	TIMEOUT	990.778778321	936.8971006259962	2814.234624	cloud-23982	TIMEOUT	990.643047854	949.4372984049842	2681.741312	cloud-23980
eca-rers2012/Problem03_label07.yml	true	TIMEOUT	990.78038838	919.7603190999944	3479.183360	cloud-24260	TIMEOUT	991.18772326	933.9808031140128	3936.448512	cloud-23933	TIMEOUT	990.556861898	952.2113615029957	2529.366016	cloud-23979
eca-rers2012/Problem03_label08.yml	true	TIMEOUT	990.614028407	927.5729726099817	2782.167040	cloud-23979	TIMEOUT	990.678516074	941.1704529330018	2870.726656	cloud-23980	TIMEOUT	990.507667617	949.3035515560186	3112.132608	cloud-23933
eca-rers2012/Problem03_label09.yml	false	TIMEOUT	990.742627183	922.702033419002	3758.899200	cloud-24260	false(unreach-call)	719.110532158	666.4885987629823	3308.716032	cloud-23979	TIMEOUT	990.458938535	957.2697852190176	2767.364096	cloud-23943
eca-rers2012/Problem03_label10.yml	true	TIMEOUT	990.716318079	928.4889622420014	2704.580608	cloud-23933	TIMEOUT	990.773201001	940.4497756630008	2847.899648	cloud-23979	TIMEOUT	990.551766618	946.6904362959904	2660.605952	cloud-23933
eca-rers2012/Problem03_label11.yml	true	TIMEOUT	990.827532163	918.2709694240039	2787.958784	cloud-24259	TIMEOUT	990.694773791	935.3617508950119	3094.384640	cloud-23933	TIMEOUT	990.69480385	948.0770442019857	3441.934336	cloud-23979
eca-rers2012/Problem03_label12.yml	true	TIMEOUT	990.685450194	926.7797811359924	2855.456768	cloud-24259	TIMEOUT	990.79609664	938.5385216760042	3183.427584	cloud-23938	TIMEOUT	990.531902289	948.3243115149962	2543.050752	cloud-23980
eca-rers2012/Problem03_label13.yml	false	TIMEOUT	990.667681981	920.7629069300019	3873.349632	cloud-24259	false(unreach-call)	266.640774146	221.6154689959949	3072.626688	cloud-23979	TIMEOUT	990.625303357	945.9352708509832	2949.169152	cloud-23982
eca-rers2012/Problem03_label14.yml	true	TIMEOUT	990.650852299	923.2786002240027	2620.764160	cloud-23979	TIMEOUT	990.924144191	933.762815833994	3549.478912	cloud-23938	TIMEOUT	990.575520054	950.941374506976	2471.723008	cloud-23979
eca-rers2012/Problem03_label15.yml	true	TIMEOUT	990.779874757	927.1584199589997	3950.735360	cloud-24260	TIMEOUT	990.755564268	936.1311116340221	2769.403904	cloud-23933	TIMEOUT	990.580139386	951.5911743059987	2558.918656	cloud-23980
eca-rers2012/Problem03_label16.yml	true	TIMEOUT	990.650202489	926.1833444490039	2785.906688	cloud-24260	TIMEOUT	990.643250934	936.7280225389986	2950.303744	cloud-23979	TIMEOUT	990.69721019	949.0287612400134	2641.788928	cloud-23979
eca-rers2012/Problem03_label17.yml	true	TIMEOUT	990.745807861	920.8678676569834	2748.760064	cloud-24260	TIMEOUT	990.79118575	935.456415032997	3110.821888	cloud-23933	TIMEOUT	990.53748137	954.7961457619967	2806.079488	cloud-23979
eca-rers2012/Problem03_label18.yml	true	TIMEOUT	990.73556967	928.4012260180025	2594.934784	cloud-23933	TIMEOUT	990.72228287	932.7600237760053	2816.245760	cloud-23982	TIMEOUT	990.503753086	944.0967719239998	2737.029120	cloud-23982
eca-rers2012/Problem03_label19.yml	true	TIMEOUT	990.73506118	919.1274518519931	3767.742464	cloud-24259	TIMEOUT	990.780490118	938.7630407449906	2701.774848	cloud-23938	TIMEOUT	990.681220872	940.2715993059974	2471.899136	cloud-23933
eca-rers2012/Problem03_label20.yml	true	TIMEOUT	990.845594357	921.9521883449925	3936.804864	cloud-23933	TIMEOUT	990.633057363	939.5605878339848	3098.365952	cloud-23982	TIMEOUT	990.689480996	951.9019187759841	3079.389184	cloud-23979
eca-rers2012/Problem03_label21.yml	true	TIMEOUT	990.455444606	948.2395167640061	2900.471808	cloud-23940	TIMEOUT	990.711087072	933.1463609380007	3171.766272	cloud-23980	TIMEOUT	990.675410473	942.0689858929836	2630.201344	cloud-23938
eca-rers2012/Problem03_label22.yml	true	TIMEOUT	990.641561694	929.8044157930126	2776.252416	cloud-24259	TIMEOUT	990.67172596	945.0342365170072	2819.407872	cloud-23980	TIMEOUT	990.59322254	948.7480984859867	2537.902080	cloud-23979
eca-rers2012/Problem03_label23.yml	true	TIMEOUT	990.584674554	931.323403168004	2909.732864	cloud-23933	TIMEOUT	990.807894457	931.5279360649874	2991.026176	cloud-23982	TIMEOUT	990.479595559	943.7597658559971	2533.806080	cloud-23938
eca-rers2012/Problem03_label24.yml	true	TIMEOUT	990.874081093	922.0085289900017	3514.359808	cloud-24260	TIMEOUT	990.626169796	939.6452262439998	3061.579776	cloud-23980	TIMEOUT	990.51982378	951.4241815469868	2577.256448	cloud-23980
eca-rers2012/Problem03_label25.yml	true	TIMEOUT	990.7608724	926.1523042650078	4475.920384	cloud-23979	TIMEOUT	990.74305516	935.802599549992	2624.761856	cloud-23980	TIMEOUT	990.743922996	944.7486453430029	2486.837248	cloud-23933
eca-rers2012/Problem03_label26.yml	false	false(unreach-call)	298.249253936	253.69978888699552	2790.027264	cloud-23979	false(unreach-call)	272.105348587	225.68434572700062	3608.793088	cloud-23979	TIMEOUT	990.65592997	945.2885797199851	2832.429056	cloud-23980
eca-rers2012/Problem03_label27.yml	false	TIMEOUT	990.620705946	928.721935204987	2772.967424	cloud-23979	false(unreach-call)	458.722619486	409.0966148220177	2920.890368	cloud-23979	TIMEOUT	990.653008391	950.6608588170202	2537.390080	cloud-23933
eca-rers2012/Problem03_label28.yml	false	TIMEOUT	990.749805056	926.0340592299908	2857.082880	cloud-24260	false(unreach-call)	685.54097514	629.4418140420166	3281.911808	cloud-23982	TIMEOUT	990.600296617	949.4756725479965	2599.063552	cloud-23938
eca-rers2012/Problem03_label29.yml	true	TIMEOUT	990.703651695	929.958074136026	2905.620480	cloud-23933	TIMEOUT	990.712804945	931.2191490609839	3497.029632	cloud-23982	TIMEOUT	990.631617156	948.3648472140194	2665.353216	cloud-23933
eca-rers2012/Problem03_label30.yml	true	TIMEOUT	990.638056927	932.9651298180106	2767.880192	cloud-23979	TIMEOUT	990.603898375	945.1987690139795	2733.662208	cloud-23979	TIMEOUT	990.587984517	946.9554227810004	2594.660352	cloud-23938
eca-rers2012/Problem03_label31.yml	false	TIMEOUT	990.643636192	933.4900386960071	2587.131904	cloud-23979	false(unreach-call)	635.257391481	574.7542024689901	3312.840704	cloud-23938	TIMEOUT	990.646748392	956.1673500940087	2665.816064	cloud-23980
eca-rers2012/Problem03_label32.yml	true	TIMEOUT	990.771269822	924.323208663991	2818.293760	cloud-24260	TIMEOUT	990.742399163	934.5358859330008	2705.293312	cloud-23982	TIMEOUT	990.578748174	951.9314406250196	2724.433920	cloud-23933
eca-rers2012/Problem03_label33.yml	true	TIMEOUT	990.793010798	932.845345329988	3021.045760	cloud-23979	TIMEOUT	990.775522732	929.2868824519974	2850.119680	cloud-23982	TIMEOUT	990.484712828	951.5185832279967	2589.966336	cloud-23980
eca-rers2012/Problem03_label34.yml	true	TIMEOUT	990.626957728	922.533811301997	2708.365312	cloud-24260	TIMEOUT	990.7742576	939.7496709150146	3044.331520	cloud-23982	TIMEOUT	990.503142902	953.9521155380062	2728.624128	cloud-23980
eca-rers2012/Problem03_label35.yml	false	TIMEOUT	990.882729259	928.2894630540104	3507.007488	cloud-24261	false(unreach-call)	755.84359041	698.2548685840156	3357.130752	cloud-23979	TIMEOUT	990.788844178	946.5647922970238	3687.370752	cloud-23979
eca-rers2012/Problem03_label36.yml	true	TIMEOUT	990.751584588	930.8121666189982	3633.197056	cloud-23933	TIMEOUT	990.607442997	936.6020130990073	2905.010176	cloud-23938	TIMEOUT	990.570716321	953.7894820620131	2632.982528	cloud-23979
eca-rers2012/Problem03_label37.yml	false	TIMEOUT	990.729457869	928.5851270849817	3534.266368	cloud-23933	TIMEOUT	990.799464017	942.4976733679941	3052.609536	cloud-23979	TIMEOUT	990.596708324	949.9765782400209	2824.847360	cloud-23979
eca-rers2012/Problem03_label38.yml	true	TIMEOUT	990.688297529	925.0463767359906	2938.908672	cloud-23933	TIMEOUT	990.707467395	940.7004982159997	3115.794432	cloud-23933	TIMEOUT	990.643932011	946.3424785139796	2717.741056	cloud-23938
eca-rers2012/Problem03_label39.yml	false	TIMEOUT	990.87041863	923.2190098370193	2983.198720	cloud-24260	TIMEOUT	990.720189932	943.096815094992	3013.013504	cloud-23933	TIMEOUT	990.501345223	954.9645843649923	2657.853440	cloud-23980
eca-rers2012/Problem03_label40.yml	true	TIMEOUT	990.598489328	917.0569684770016	2558.246912	cloud-24259	TIMEOUT	990.627571415	938.2906495020143	2883.944448	cloud-23938	TIMEOUT	990.505867999	954.7542580159788	2806.816768	cloud-23980
eca-rers2012/Problem03_label41.yml	true	TIMEOUT	990.682540787	920.8251462430053	3042.906112	cloud-24259	TIMEOUT	990.683367567	941.1781091440062	3187.355648	cloud-23979	TIMEOUT	990.523846566	945.7488824290049	2357.149696	cloud-23982
eca-rers2012/Problem03_label42.yml	true	TIMEOUT	990.66970562	933.2600378379866	2535.174144	cloud-23933	TIMEOUT	990.67311261	936.6145420870162	2764.046336	cloud-23982	TIMEOUT	990.543477775	950.9586743640248	3357.065216	cloud-23933
eca-rers2012/Problem03_label43.yml	false	TIMEOUT	990.594362014	935.0799967799976	3686.092800	cloud-24261	TIMEOUT	990.696484817	939.2943429010047	2927.984640	cloud-23938	TIMEOUT	990.630782324	949.0477258489991	2625.204224	cloud-23933
eca-rers2012/Problem03_label44.yml	true	TIMEOUT	990.693992987	927.0439472750004	2977.366016	cloud-23933	true	836.299941083	787.1195522900089	3163.635712	cloud-23941	TIMEOUT	990.478393618	956.7496255709848	2506.002432	cloud-23942
eca-rers2012/Problem03_label45.yml	false	TIMEOUT	990.759970322	924.7067821349774	3123.740672	cloud-23933	TIMEOUT	990.854397817	934.4593424570048	3999.326208	cloud-23938	TIMEOUT	990.519538593	953.1955648290168	2720.333824	cloud-23979
eca-rers2012/Problem03_label46.yml	true	TIMEOUT	990.829432465	926.2646080179984	4016.955392	cloud-24260	TIMEOUT	990.643547363	936.5833958010189	2836.492288	cloud-23938	TIMEOUT	990.543262955	949.4444070770114	3383.431168	cloud-23979
eca-rers2012/Problem03_label47.yml	true	TIMEOUT	990.758244465	925.9293731119833	2886.299648	cloud-23933	TIMEOUT	990.563791944	943.5321228360117	2828.640256	cloud-23933	TIMEOUT	990.656997573	953.4683068820159	3394.199552	cloud-23933
eca-rers2012/Problem03_label48.yml	true	TIMEOUT	990.767031967	934.0985426459956	2861.236224	cloud-24259	TIMEOUT	990.764536062	944.1084997770085	2865.356800	cloud-23933	TIMEOUT	990.539134281	944.6298645990028	2765.594624	cloud-23982
eca-rers2012/Problem03_label49.yml	true	TIMEOUT	990.655158645	925.8690440480132	2977.050624	cloud-23979	TIMEOUT	990.737359115	941.0246660849953	3066.380288	cloud-23979	TIMEOUT	990.563987403	942.9849755209871	2545.442816	cloud-23938
eca-rers2012/Problem03_label50.yml	false	false(unreach-call)	338.288230414	287.09769973301445	3226.546176	cloud-24260	false(unreach-call)	357.9683737	306.11694942301256	3254.382592	cloud-23982	TIMEOUT	990.529879894	951.1907717669965	3081.093120	cloud-23980
eca-rers2012/Problem03_label51.yml	true	TIMEOUT	990.705628602	929.3810408199788	3601.158144	cloud-23979	TIMEOUT	990.707492804	934.2292458759912	3300.425728	cloud-23933	TIMEOUT	990.490281287	954.7123203020019	2692.562944	cloud-23980
eca-rers2012/Problem03_label52.yml	false	TIMEOUT	990.647364571	925.4305161910015	2823.700480	cloud-23979	TIMEOUT	990.618232998	946.6357238119817	2754.392064	cloud-23980	TIMEOUT	990.544158434	952.9420940139971	2800.947200	cloud-23979
eca-rers2012/Problem03_label53.yml	true	TIMEOUT	990.79686654	924.9620203989907	2934.390784	cloud-23979	TIMEOUT	990.643250479	936.3832353450125	2990.141440	cloud-23980	TIMEOUT	990.614054822	948.8507155569969	2657.890304	cloud-23979
eca-rers2012/Problem03_label54.yml	true	TIMEOUT	990.747047844	927.2196419459942	3253.764096	cloud-23979	TIMEOUT	990.611913645	938.5851867479796	2838.810624	cloud-23979	TIMEOUT	990.666247155	944.53195829998	2926.186496	cloud-23982
eca-rers2012/Problem03_label55.yml	true	TIMEOUT	990.792905404	921.2122613469837	3030.765568	cloud-24259	TIMEOUT	990.650350559	944.0260627900134	2853.199872	cloud-23979	TIMEOUT	990.423146992	958.6926467690209	2636.976128	cloud-23940
eca-rers2012/Problem03_label56.yml	true	TIMEOUT	990.713695462	932.7466086089844	3160.412160	cloud-23979	TIMEOUT	990.749662564	930.9600350249966	3446.669312	cloud-23982	TIMEOUT	990.59747608	946.4778760639892	2510.594048	cloud-23982
eca-rers2012/Problem03_label57.yml	true	TIMEOUT	990.718994012	932.1669608379889	3582.259200	cloud-23979	TIMEOUT	990.59951735	938.4703966099769	2826.170368	cloud-23938	TIMEOUT	990.658546025	946.0834539360076	3105.136640	cloud-23982
eca-rers2012/Problem03_label58.yml	true	TIMEOUT	990.721525086	925.698591649998	2757.758976	cloud-24260	TIMEOUT	990.532759603	941.1399983110023	2810.155008	cloud-23982	TIMEOUT	990.528506053	946.8235960100137	2470.445056	cloud-23982
eca-rers2012/Problem03_label59.yml	true	TIMEOUT	990.612093034	939.8293100059964	2930.270208	cloud-24259	TIMEOUT	990.704340878	939.0500834550185	3208.314880	cloud-23938	TIMEOUT	990.716889774	947.1438554539927	3358.162944	cloud-23938
eca-rers2012/Problem04_label00.yml	true	TIMEOUT	991.515834363	877.0646576489962	8673.386496	cloud-24260	TIMEOUT	991.320283964	915.914221664978	6755.401728	cloud-23933	TIMEOUT	991.177311974	908.0792305349896	7450.103808	cloud-23938
eca-rers2012/Problem04_label01.yml	true	TIMEOUT	991.131593576	888.264982681023	7183.765504	cloud-23933	TIMEOUT	991.160589739	910.9983395829913	7498.166272	cloud-23933	TIMEOUT	991.399940012	922.6986897560128	7010.734080	cloud-23933
eca-rers2012/Problem04_label02.yml	true	TIMEOUT	990.846204899	908.9897420969937	7540.826112	cloud-23942	TIMEOUT	991.032384169	916.6896353720222	6769.704960	cloud-23933	TIMEOUT	991.037655169	926.3525939389947	6777.806848	cloud-23979
eca-rers2012/Problem04_label03.yml	true	TIMEOUT	991.358164346	884.0193049620138	7089.106944	cloud-23933	TIMEOUT	991.269820187	904.9710895640019	6643.159040	cloud-23982	TIMEOUT	991.467898416	918.0835536629893	7478.927360	cloud-23982
eca-rers2012/Problem04_label04.yml	false	TIMEOUT	990.942068279	917.0861392480147	8130.179072	cloud-23940	TIMEOUT	991.402603623	909.1920533709927	6985.228288	cloud-23933	TIMEOUT	991.252412718	927.2125427970022	6969.212928	cloud-23933
eca-rers2012/Problem04_label05.yml	true	TIMEOUT	990.979104155	913.6090392449987	7288.414208	cloud-23940	TIMEOUT	991.252526014	911.4786182360258	7096.795136	cloud-23982	TIMEOUT	991.063267054	933.8124451550248	6888.882176	cloud-23933
eca-rers2012/Problem04_label06.yml	false	TIMEOUT	991.244240427	881.3666664269986	7169.179648	cloud-24259	TIMEOUT	991.501039942	903.663386818982	7104.077824	cloud-23982	TIMEOUT	990.893645883	918.0282373689988	6836.514816	cloud-23938
eca-rers2012/Problem04_label07.yml	true	TIMEOUT	990.912861243	910.8681288760272	8557.395968	cloud-23942	TIMEOUT	990.989057158	901.4850693040062	6849.585152	cloud-23982	TIMEOUT	990.882684955	934.0496216060128	7276.548096	cloud-23979
eca-rers2012/Problem04_label08.yml	true	TIMEOUT	991.353561044	903.4434991840099	8757.792768	cloud-23979	TIMEOUT	991.134470367	918.9033845409867	7805.247488	cloud-23980	TIMEOUT	990.888829966	929.7071715699858	6883.885056	cloud-23980
eca-rers2012/Problem04_label09.yml	false	TIMEOUT	990.993245893	912.7334078349813	8595.709952	cloud-23939	TIMEOUT	991.46565882	897.7226435250195	6969.839616	cloud-23982	TIMEOUT	991.125248418	927.5118595199892	7025.577984	cloud-23979
eca-rers2012/Problem04_label10.yml	true	TIMEOUT	992.211192971	620.4911744580022	9577.586688	cloud-23944	TIMEOUT	991.396634513	907.5650234539935	6944.894976	cloud-23979	TIMEOUT	991.114675266	925.8365117629874	8281.247744	cloud-23980
eca-rers2012/Problem04_label11.yml	false	TIMEOUT	990.771308534	919.6461671629986	7729.332224	cloud-23941	TIMEOUT	991.63293995	903.4693150940002	7020.638208	cloud-23938	TIMEOUT	990.746792524	945.7943511439953	8345.018368	cloud-23944
eca-rers2012/Problem04_label12.yml	false	TIMEOUT	990.996124815	903.2739301109999	7585.562624	cloud-24261	TIMEOUT	991.283082956	916.5195543000009	7623.053312	cloud-23982	TIMEOUT	991.396142689	919.8295074820053	7786.463232	cloud-23938
eca-rers2012/Problem04_label13.yml	false	TIMEOUT	990.835777853	924.2880543500069	8707.891200	cloud-23940	TIMEOUT	991.155414198	919.7189098210074	6948.986880	cloud-23979	TIMEOUT	990.860168704	914.3465634010208	6789.603328	cloud-23982
eca-rers2012/Problem04_label14.yml	false	TIMEOUT	990.737390346	922.1805715710016	7288.627200	cloud-23944	TIMEOUT	991.114229968	905.3264559770178	7041.269760	cloud-23980	TIMEOUT	991.097365125	927.1550390789926	6865.801216	cloud-23938
eca-rers2012/Problem04_label15.yml	false	TIMEOUT	991.051672058	910.7868127410184	8615.018496	cloud-23941	TIMEOUT	991.300823907	908.9921276679961	6738.718720	cloud-23979	TIMEOUT	991.016006999	916.0516731509997	6932.619264	cloud-23938
eca-rers2012/Problem04_label16.yml	true	TIMEOUT	991.433687946	897.120400957996	7998.676992	cloud-23979	TIMEOUT	991.032781187	909.7945280440035	7355.293696	cloud-23982	TIMEOUT	991.320412226	920.8938425790111	6899.904512	cloud-23982
eca-rers2012/Problem04_label17.yml	false	TIMEOUT	991.125084232	892.7439944720245	7459.323904	cloud-23979	TIMEOUT	991.045616533	916.4248723380151	6909.706240	cloud-23933	TIMEOUT	991.188596661	924.783912703977	7206.809600	cloud-23933
eca-rers2012/Problem04_label18.yml	false	TIMEOUT	991.335691021	892.5951278239954	7099.568128	cloud-24260	TIMEOUT	991.143898723	909.1727687020029	7467.171840	cloud-23980	TIMEOUT	991.035653057	929.1120732699928	7355.334656	cloud-23933
eca-rers2012/Problem04_label19.yml	false	TIMEOUT	991.273381125	878.1802649420001	8671.969280	cloud-23933	TIMEOUT	991.381682542	899.184635364014	7449.669632	cloud-23938	TIMEOUT	990.997163862	932.6986426050134	7695.253504	cloud-23982
eca-rers2012/Problem04_label20.yml	true	TIMEOUT	990.757278826	918.6819006130002	7245.869056	cloud-23940	TIMEOUT	991.435959067	912.2935446549964	7806.087168	cloud-23938	TIMEOUT	990.966939774	922.7030109530024	6864.527360	cloud-23980
eca-rers2012/Problem04_label21.yml	true	TIMEOUT	991.535246783	877.895848996006	7437.004800	cloud-24260	TIMEOUT	991.148046254	912.7660067389952	7442.419712	cloud-23979	TIMEOUT	990.901042757	930.634620234021	7475.503104	cloud-23980
eca-rers2012/Problem04_label22.yml	true	TIMEOUT	991.292842754	878.3779325000069	7269.376000	cloud-24259	TIMEOUT	991.155518376	909.4445862149878	7592.910848	cloud-23980	TIMEOUT	990.916887729	934.7495236560062	6994.743296	cloud-23933
eca-rers2012/Problem04_label23.yml	true	TIMEOUT	991.595409926	889.4806733020232	8600.084480	cloud-23979	TIMEOUT	991.314000997	897.0434971200011	6913.839104	cloud-23938	TIMEOUT	990.921902786	920.3347893290047	6617.997312	cloud-23982
eca-rers2012/Problem04_label24.yml	true	TIMEOUT	991.588609607	885.6556709850265	8813.486080	cloud-23933	TIMEOUT	991.280503954	899.8241169340035	6747.807744	cloud-23938	TIMEOUT	990.932075149	926.0889057889872	7457.718272	cloud-23982
eca-rers2012/Problem04_label25.yml	true	TIMEOUT	991.448927703	880.218432463007	7514.042368	cloud-24260	TIMEOUT	991.20074568	909.9112762929872	6931.496960	cloud-23980	TIMEOUT	990.974857095	931.8860445059836	6702.637056	cloud-23979
eca-rers2012/Problem04_label26.yml	false	TIMEOUT	991.179824768	877.8777444320003	7269.310464	cloud-24259	TIMEOUT	991.21505061	912.4792363930028	6731.730944	cloud-23980	TIMEOUT	990.907819176	927.550934252009	6644.822016	cloud-23933
eca-rers2012/Problem04_label27.yml	false	TIMEOUT	991.302611289	895.6705350120028	7439.028224	cloud-23979	TIMEOUT	990.862029074	921.599791132001	6630.305792	cloud-23980	TIMEOUT	991.037762246	925.2945319039864	6828.519424	cloud-23933
eca-rers2012/Problem04_label28.yml	true	TIMEOUT	991.002753948	904.4458575989993	7518.986240	cloud-24261	TIMEOUT	991.118504339	912.1700569299865	7533.506560	cloud-23980	TIMEOUT	991.173122333	926.9603748779919	7549.775872	cloud-23933
eca-rers2012/Problem04_label29.yml	true	TIMEOUT	991.186488275	890.1482274470036	7022.866432	cloud-24261	TIMEOUT	991.229598507	917.7774692819803	6889.811968	cloud-23933	TIMEOUT	991.305514456	928.4633232449996	7463.915520	cloud-23979
eca-rers2012/Problem04_label30.yml	true	TIMEOUT	991.459663743	896.7445669600129	7660.220416	cloud-24259	TIMEOUT	991.048238831	912.4321199489932	7341.391872	cloud-23938	TIMEOUT	990.901728656	928.9787918000075	6923.866112	cloud-23980
eca-rers2012/Problem04_label31.yml	false	TIMEOUT	991.246502843	888.218960016995	8560.668672	cloud-24261	TIMEOUT	991.363693531	894.5205158379977	6846.001152	cloud-23982	TIMEOUT	991.301391202	918.1402713970165	6767.112192	cloud-23982
eca-rers2012/Problem04_label32.yml	false	TIMEOUT	991.386991131	892.9894908719871	7151.218688	cloud-23933	TIMEOUT	990.773422157	929.715905791003	6875.373568	cloud-23944	TIMEOUT	991.412300822	915.0940023549774	7437.004800	cloud-23938
eca-rers2012/Problem04_label33.yml	true	TIMEOUT	991.398893334	891.9448319350004	8649.224192	cloud-24261	TIMEOUT	990.839873863	924.8800539740187	6883.442688	cloud-23943	TIMEOUT	990.765017363	938.2918602410064	7006.666752	cloud-23943
eca-rers2012/Problem04_label34.yml	true	TIMEOUT	990.809896477	915.9008491470013	7270.719488	cloud-23942	TIMEOUT	991.150352193	912.7288880300184	6743.093248	cloud-23979	TIMEOUT	990.883073786	927.8711992269964	6710.460416	cloud-23980
eca-rers2012/Problem04_label35.yml	false	TIMEOUT	991.365317739	879.984652293002	7355.777024	cloud-24260	TIMEOUT	991.200996222	898.0532958560216	6969.921536	cloud-23982	TIMEOUT	991.186371848	920.8567248820036	7055.912960	cloud-23933
eca-rers2012/Problem04_label36.yml	false	TIMEOUT	991.374524447	889.3176620559825	7097.163776	cloud-24259	TIMEOUT	991.184847853	913.0072498669906	6885.818368	cloud-23979	TIMEOUT	991.132724761	929.9147663570184	6769.799168	cloud-23979
eca-rers2012/Problem04_label37.yml	true	TIMEOUT	991.010983022	918.3000387320062	8690.532352	cloud-23939	TIMEOUT	991.206647247	918.2104989170039	6833.336320	cloud-23979	TIMEOUT	991.176454997	916.693467317993	7304.110080	cloud-23938
eca-rers2012/Problem04_label38.yml	false	TIMEOUT	990.762040315	925.6035777300001	8335.962112	cloud-23944	TIMEOUT	991.249119797	906.0377620310173	7029.088256	cloud-23938	TIMEOUT	990.895474414	918.0003502180043	6710.345728	cloud-23982
eca-rers2012/Problem04_label39.yml	false	TIMEOUT	991.037686927	894.8769612849865	7335.682048	cloud-23979	TIMEOUT	991.127249408	916.738376822992	6644.625408	cloud-23980	TIMEOUT	991.368390016	934.1557903259818	8181.641216	cloud-23980
eca-rers2012/Problem04_label40.yml	false	TIMEOUT	992.247447091	619.2526120630027	7952.285696	cloud-23941	TIMEOUT	991.212151449	902.1928819799796	6656.925696	cloud-23982	TIMEOUT	990.869220837	920.2461643790011	6946.013184	cloud-23982
eca-rers2012/Problem04_label41.yml	true	TIMEOUT	990.818038785	912.7434967709996	7132.966912	cloud-23944	TIMEOUT	991.126225045	911.6086409580021	6904.041472	cloud-23979	TIMEOUT	991.024171268	932.9241598480148	6979.874816	cloud-23979
eca-rers2012/Problem04_label42.yml	true	TIMEOUT	990.787169338	921.130971988	8556.109824	cloud-23941	TIMEOUT	991.090777376	907.9205766179948	6938.898432	cloud-23938	TIMEOUT	991.031085512	930.0111894609872	6902.370304	cloud-23979
eca-rers2012/Problem04_label43.yml	true	TIMEOUT	991.048490927	909.8470960150007	7164.481536	cloud-24259	TIMEOUT	991.188017705	909.3354837470106	6995.501056	cloud-23980	TIMEOUT	990.797157564	936.766902487987	6905.106432	cloud-23939
eca-rers2012/Problem04_label44.yml	true	TIMEOUT	991.40197433	882.7931445919967	7535.751168	cloud-23979	TIMEOUT	991.177149856	906.7688147079898	7627.173888	cloud-23980	TIMEOUT	991.092337528	924.3513542109868	7174.184960	cloud-23933
eca-rers2012/Problem04_label45.yml	false	TIMEOUT	991.210286335	890.2664853059978	7268.548608	cloud-23933	TIMEOUT	991.259291696	910.9756325749913	6957.985792	cloud-23979	TIMEOUT	990.667940101	945.9365528940107	6904.913920	cloud-23943
eca-rers2012/Problem04_label46.yml	true	TIMEOUT	991.116752399	898.469308316	7303.000064	cloud-24261	TIMEOUT	991.030013597	916.2325868909829	7116.349440	cloud-23939	TIMEOUT	990.732980197	941.7023490720021	7254.523904	cloud-23944
eca-rers2012/Problem04_label47.yml	true	TIMEOUT	991.235119586	892.2996634459996	7217.909760	cloud-24261	TIMEOUT	991.203506367	902.2544499400246	7026.532352	cloud-23938	TIMEOUT	990.985215891	917.4332268049766	6842.519552	cloud-23982
eca-rers2012/Problem04_label48.yml	true	TIMEOUT	990.797577438	923.986819083002	7640.154112	cloud-23943	TIMEOUT	991.638388312	910.4714527220058	6636.232704	cloud-23982	TIMEOUT	991.117165332	929.0031970609853	6758.649856	cloud-23979
eca-rers2012/Problem04_label49.yml	true	TIMEOUT	990.960183398	911.6638781710062	7227.879424	cloud-23941	TIMEOUT	991.443238665	910.5633538609836	7495.888896	cloud-23938	TIMEOUT	991.330316133	923.1261426760175	6908.407808	cloud-23982
eca-rers2012/Problem04_label50.yml	true	TIMEOUT	991.112469427	891.5546337469999	8751.280128	cloud-24259	TIMEOUT	991.258498303	913.9196664810006	7034.208256	cloud-23933	TIMEOUT	991.510676967	918.2017031529977	8185.692160	cloud-23938
eca-rers2012/Problem04_label51.yml	true	TIMEOUT	991.306602842	880.2102013980038	7476.297728	cloud-24260	TIMEOUT	990.997298502	918.6727037650126	6891.798528	cloud-23933	TIMEOUT	991.213590995	930.9121203419927	8361.021440	cloud-23933
eca-rers2012/Problem04_label52.yml	false	TIMEOUT	990.822391758	911.6791393110179	7327.469568	cloud-23944	TIMEOUT	991.379214877	913.4977059520024	7312.515072	cloud-23980	TIMEOUT	991.326223467	916.669366468006	6803.275776	cloud-23938
eca-rers2012/Problem04_label53.yml	true	TIMEOUT	991.075321104	910.2969178849889	8659.316736	cloud-23941	TIMEOUT	991.390796123	916.920855962002	8835.297280	cloud-23979	TIMEOUT	990.926956165	926.4079388870159	7197.339648	cloud-23982
eca-rers2012/Problem04_label54.yml	true	TIMEOUT	991.069944578	888.8455495770031	7221.366784	cloud-23933	TIMEOUT	991.142730618	917.8444679579989	7087.345664	cloud-23941	TIMEOUT	990.649610836	945.04381568401	6909.329408	cloud-23944
eca-rers2012/Problem04_label55.yml	false	TIMEOUT	991.115711192	888.6812401019997	7050.268672	cloud-24261	TIMEOUT	991.139687707	912.3139602039882	6788.714496	cloud-23979	TIMEOUT	991.264979069	915.1936820050178	7284.482048	cloud-23938
eca-rers2012/Problem04_label56.yml	true	TIMEOUT	991.250370164	884.2678327840113	7366.356992	cloud-23933	TIMEOUT	991.257793267	913.3507898200187	7017.668608	cloud-23938	TIMEOUT	990.960709634	916.559055760008	6827.843584	cloud-23938
eca-rers2012/Problem04_label57.yml	true	TIMEOUT	990.834560992	910.8276308620116	7265.124352	cloud-23942	TIMEOUT	991.122553148	913.8134525750065	7915.659264	cloud-23938	TIMEOUT	991.201760521	923.3497605159937	6726.430720	cloud-23933
eca-rers2012/Problem04_label58.yml	false	TIMEOUT	991.663571688	881.2397260480211	8832.638976	cloud-24260	TIMEOUT	991.04475367	917.203318416985	6959.456256	cloud-23979	TIMEOUT	991.030952568	921.8658758969977	7441.752064	cloud-23933
eca-rers2012/Problem04_label59.yml	true	TIMEOUT	991.167518303	894.3519543009752	7035.744256	cloud-24259	TIMEOUT	992.112934437	913.818309869006	7014.113280	cloud-23979	TIMEOUT	990.871060528	931.0961572270025	6819.983360	cloud-23980
eca-rers2012/Problem05_label00.yml	false	OUT OF MEMORY	233.996757187	192.76240273402072	15000.166400	cloud-23943	OUT OF MEMORY	310.999005487	257.62618704600027	15000.043520	cloud-23933	OUT OF MEMORY	482.128256235	421.04615281900624	15000.047616	cloud-23938
eca-rers2012/Problem05_label01.yml	false	OUT OF MEMORY	251.225432947	208.93548287200974	15000.158208	cloud-23942	OUT OF MEMORY	283.44738465	235.3458778639906	15000.039424	cloud-23933	OUT OF MEMORY	352.763982942	295.0431235390133	15000.051712	cloud-23933
eca-rers2012/Problem05_label02.yml	true	OUT OF MEMORY	286.445834726	240.0244805229886	15000.158208	cloud-23943	OUT OF MEMORY	323.401711486	275.945143844001	15000.043520	cloud-23979	OUT OF MEMORY	455.845202481	389.40122807599255	15000.051712	cloud-23933
eca-rers2012/Problem05_label03.yml	true	OUT OF MEMORY	205.622634311	171.599094186	15000.162304	cloud-23944	OUT OF MEMORY	393.148473869	333.9188510700187	15000.031232	cloud-23980	OUT OF MEMORY	275.719881261	222.90849479299504	15000.051712	cloud-23933
eca-rers2012/Problem05_label04.yml	true	OUT OF MEMORY	400.901848028	337.25438327899974	15000.039424	cloud-23979	OUT OF MEMORY	307.844576896	262.9552481670107	15000.043520	cloud-23980	OUT OF MEMORY	337.027356158	285.1466692490212	15000.043520	cloud-23933
eca-rers2012/Problem05_label05.yml	true	OUT OF MEMORY	448.07931079	379.6916202939756	15000.039424	cloud-24259	OUT OF MEMORY	224.300253838	183.8149834710057	15000.162304	cloud-23943	OUT OF MEMORY	313.575511618	253.0696950859856	15000.039424	cloud-23938
eca-rers2012/Problem05_label06.yml	true	OUT OF MEMORY	289.19689751	244.16000712401	15000.162304	cloud-23939	OUT OF MEMORY	259.950529197	215.16965508199064	15000.039424	cloud-23980	OUT OF MEMORY	345.007911367	293.5734332840075	15000.051712	cloud-23979
eca-rers2012/Problem05_label07.yml	true	OUT OF MEMORY	248.061062635	203.47670527000446	15000.158208	cloud-23944	OUT OF MEMORY	278.767508225	232.93255506901187	15000.043520	cloud-23979	OUT OF MEMORY	239.733272475	197.30425979499705	15000.178688	cloud-23939
eca-rers2012/Problem05_label08.yml	true	OUT OF MEMORY	459.401811583	394.5990265629953	15000.043520	cloud-24260	OUT OF MEMORY	364.818766446	311.726928315009	15000.043520	cloud-23980	OUT OF MEMORY	257.142909154	216.04352645299514	15000.162304	cloud-23944
eca-rers2012/Problem05_label09.yml	true	OUT OF MEMORY	487.491318416	420.71824768700753	15000.031232	cloud-24259	OUT OF MEMORY	376.210306941	315.78891013999237	15000.043520	cloud-23938	OUT OF MEMORY	501.512973062	434.3675734530261	15000.055808	cloud-23938
eca-rers2012/Problem05_label10.yml	true	OUT OF MEMORY	201.575820566	163.83867205100069	15000.166400	cloud-23941	OUT OF MEMORY	223.844631638	181.84159917998477	15000.162304	cloud-23943	OUT OF MEMORY	287.358813263	231.30480791602167	15000.051712	cloud-23979
eca-rers2012/Problem05_label11.yml	false	OUT OF MEMORY	385.241693406	330.890932415	15000.043520	cloud-23933	OUT OF MEMORY	256.878953441	211.59842034900794	15000.162304	cloud-23942	OUT OF MEMORY	454.96169908	387.6716176090122	15000.047616	cloud-23982
eca-rers2012/Problem05_label12.yml	true	OUT OF MEMORY	355.467902491	297.5457214599883	15000.043520	cloud-23933	OUT OF MEMORY	219.879219902	179.5309496599948	15000.166400	cloud-23944	OUT OF MEMORY	213.867532141	174.19743529098923	15000.178688	cloud-23943
eca-rers2012/Problem05_label13.yml	false	OUT OF MEMORY	273.735803968	227.59414076300163	15000.158208	cloud-23939	OUT OF MEMORY	262.459634262	211.4570502889983	15000.043520	cloud-23938	OUT OF MEMORY	295.611751349	249.51493631998892	15000.170496	cloud-23940
eca-rers2012/Problem05_label14.yml	true	OUT OF MEMORY	213.655246924	173.01615584799947	15000.170496	cloud-23941	OUT OF MEMORY	297.473315292	246.81589248098317	15000.039424	cloud-23938	OUT OF MEMORY	243.437335738	198.5477658569871	15000.174592	cloud-23939
eca-rers2012/Problem05_label15.yml	false	OUT OF MEMORY	240.321321176	198.2983853460173	15000.162304	cloud-23942	OUT OF MEMORY	262.39750795	216.9909805470088	15000.031232	cloud-23979	OUT OF MEMORY	470.250045756	404.25791355699766	15000.051712	cloud-23938
eca-rers2012/Problem05_label16.yml	true	OUT OF MEMORY	217.504674352	179.00293154700194	15000.158208	cloud-23940	OUT OF MEMORY	296.592384485	249.79529577298672	15000.039424	cloud-23933	OUT OF MEMORY	230.031299678	189.31487614900107	15000.174592	cloud-23940
eca-rers2012/Problem05_label17.yml	true	OUT OF MEMORY	556.001769431	487.16204265499255	15000.043520	cloud-24259	OUT OF MEMORY	424.893576257	364.3740983729949	15000.039424	cloud-23938	OUT OF MEMORY	255.852047228	212.05573504799395	15000.162304	cloud-23943
eca-rers2012/Problem05_label18.yml	false	OUT OF MEMORY	388.314453941	326.12613256298937	15000.039424	cloud-23933	OUT OF MEMORY	239.770488715	196.6126494150085	15000.162304	cloud-23941	OUT OF MEMORY	478.609005094	411.86218361600186	15000.055808	cloud-23938
eca-rers2012/Problem05_label19.yml	true	OUT OF MEMORY	345.385076932	287.39832409199994	15000.035328	cloud-23933	OUT OF MEMORY	238.755089803	195.1463469080045	15000.158208	cloud-23939	OUT OF MEMORY	301.777082859	251.81280984400655	15000.051712	cloud-23979
eca-rers2012/Problem05_label20.yml	true	OUT OF MEMORY	428.544233233	368.5036384179839	15000.043520	cloud-23933	OUT OF MEMORY	226.26024977	186.87303175599664	15000.162304	cloud-23943	OUT OF MEMORY	295.988087169	246.0590333	15000.051712	cloud-23979
eca-rers2012/Problem05_label21.yml	true	OUT OF MEMORY	346.722432881	292.17150579999725	15000.043520	cloud-24261	OUT OF MEMORY	305.207887506	257.45532298999024	15000.039424	cloud-23933	OUT OF MEMORY	421.208992856	366.50475971301785	15000.055808	cloud-23980
eca-rers2012/Problem05_label22.yml	true	OUT OF MEMORY	196.348619829	161.34244574600052	15000.166400	cloud-23939	OUT OF MEMORY	197.350069252	159.95015986802173	15000.158208	cloud-23944	OUT OF MEMORY	437.91650462	377.79725113901077	15000.051712	cloud-23938
eca-rers2012/Problem05_label23.yml	true	OUT OF MEMORY	253.433188595	209.516531923	15000.162304	cloud-23940	OUT OF MEMORY	296.404019968	251.25211961299647	15000.035328	cloud-23980	OUT OF MEMORY	483.019737702	414.7081897929893	15000.051712	cloud-23933
eca-rers2012/Problem05_label24.yml	false	OUT OF MEMORY	427.235025048	372.51227497700006	15000.043520	cloud-24259	OUT OF MEMORY	321.876311142	271.9535267500032	15000.043520	cloud-23982	OUT OF MEMORY	392.217741216	328.8401009949739	15000.055808	cloud-23933
eca-rers2012/Problem05_label25.yml	true	OUT OF MEMORY	424.787577926	362.3622333839885	15000.043520	cloud-24260	OUT OF MEMORY	262.892980048	215.9216988600092	15000.039424	cloud-23979	OUT OF MEMORY	212.359200558	171.41231443700963	15000.174592	cloud-23942
eca-rers2012/Problem05_label26.yml	false	OUT OF MEMORY	265.088992366	217.52447751400177	15000.162304	cloud-23941	OUT OF MEMORY	294.509503853	244.64967343900935	15000.043520	cloud-23938	OUT OF MEMORY	226.236015331	184.24625640700106	15000.174592	cloud-23942
eca-rers2012/Problem05_label27.yml	true	OUT OF MEMORY	551.638806914	484.2898384600121	15000.043520	cloud-24259	OUT OF MEMORY	291.897395307	245.34066980399075	15000.043520	cloud-23980	OUT OF MEMORY	421.121394612	358.0813817739836	15000.051712	cloud-23933
eca-rers2012/Problem05_label28.yml	true	OUT OF MEMORY	272.078648104	228.55062165099662	15000.166400	cloud-23944	OUT OF MEMORY	192.824442608	156.9329353699868	15000.166400	cloud-23944	OUT OF MEMORY	241.809310665	197.2519212049956	15000.178688	cloud-23941
eca-rers2012/Problem05_label29.yml	true	OUT OF MEMORY	406.5323634	343.2227259679985	15000.031232	cloud-23933	OUT OF MEMORY	289.895964715	241.15218466098304	15000.043520	cloud-23933	OUT OF MEMORY	255.255914758	212.88286158200935	15000.174592	cloud-23943
eca-rers2012/Problem05_label30.yml	false	OUT OF MEMORY	437.726473871	371.2034318510123	15000.047616	cloud-24260	OUT OF MEMORY	296.522853487	247.61361377401045	15000.043520	cloud-23979	OUT OF MEMORY	259.952485542	215.36825439700624	15000.162304	cloud-23942
eca-rers2012/Problem05_label31.yml	true	OUT OF MEMORY	195.490175608	161.15102297699968	15000.162304	cloud-23944	OUT OF MEMORY	288.875830349	231.87301455598208	15000.039424	cloud-23982	OUT OF MEMORY	223.684664661	182.99212816299405	15000.174592	cloud-23943
eca-rers2012/Problem05_label32.yml	false	OUT OF MEMORY	439.524152489	376.72508095100056	15000.043520	cloud-24260	OUT OF MEMORY	299.741825064	251.64652264901088	15000.039424	cloud-23979	OUT OF MEMORY	403.358787797	340.9285844700062	15000.043520	cloud-23933
eca-rers2012/Problem05_label33.yml	false	OUT OF MEMORY	273.569408392	227.55990628202562	15000.158208	cloud-23944	OUT OF MEMORY	410.549762863	351.452391867002	15000.043520	cloud-23938	OUT OF MEMORY	340.240856369	284.78968516900204	15000.043520	cloud-23979
eca-rers2012/Problem05_label34.yml	true	OUT OF MEMORY	449.947090177	388.8742823800003	15000.043520	cloud-23933	OUT OF MEMORY	261.36811309	214.31188019399997	15000.043520	cloud-23933	OUT OF MEMORY	344.681410987	291.3966340199986	15000.051712	cloud-23979
eca-rers2012/Problem05_label35.yml	true	OUT OF MEMORY	233.000894697	189.6494875609933	15000.166400	cloud-23943	OUT OF MEMORY	304.118616496	256.776321420999	15000.031232	cloud-23938	OUT OF MEMORY	225.080472444	183.64600095598144	15000.170496	cloud-23940
eca-rers2012/Problem05_label36.yml	false	OUT OF MEMORY	442.936672713	378.31751248	15000.043520	cloud-23933	OUT OF MEMORY	217.087693643	176.50115694099804	15000.166400	cloud-23943	OUT OF MEMORY	241.297150958	201.53770709698438	15000.182784	cloud-23944
eca-rers2012/Problem05_label37.yml	false	OUT OF MEMORY	217.813335014	177.32070449199819	15000.162304	cloud-23941	OUT OF MEMORY	313.306481325	262.4135129239876	15000.043520	cloud-23980	OUT OF MEMORY	242.406718512	201.8135545999976	15000.162304	cloud-23944
eca-rers2012/Problem05_label38.yml	false	OUT OF MEMORY	203.591562007	167.37454322900157	15000.166400	cloud-23940	OUT OF MEMORY	326.734758608	272.90905585698783	15000.039424	cloud-23979	OUT OF MEMORY	260.772943506	217.666098798014	15000.178688	cloud-23939
eca-rers2012/Problem05_label39.yml	false	OUT OF MEMORY	211.758878411	173.01362416900156	15000.162304	cloud-23941	OUT OF MEMORY	276.554205267	227.71479619201273	15000.043520	cloud-23979	OUT OF MEMORY	257.224719911	215.70748444000492	15000.178688	cloud-23940
eca-rers2012/Problem05_label40.yml	false	OUT OF MEMORY	433.704823929	368.16032289300347	15000.039424	cloud-24260	OUT OF MEMORY	269.569226263	219.88885733298957	15000.039424	cloud-23979	OUT OF MEMORY	392.31372775	334.3861478869803	15000.051712	cloud-23980
eca-rers2012/Problem05_label41.yml	false	OUT OF MEMORY	259.793809272	216.44909635500517	15000.150016	cloud-23939	OUT OF MEMORY	350.968594126	292.8702317989955	15000.043520	cloud-23938	OUT OF MEMORY	429.145119178	369.2161555579805	15000.051712	cloud-23982
eca-rers2012/Problem05_label42.yml	true	OUT OF MEMORY	353.1458708	297.0532984260062	15000.043520	cloud-24259	OUT OF MEMORY	349.649412945	288.23101321200375	15000.039424	cloud-23938	OUT OF MEMORY	391.046243289	331.0438216920011	15000.047616	cloud-23980
eca-rers2012/Problem05_label43.yml	true	OUT OF MEMORY	249.991090303	204.72459322199575	15000.166400	cloud-23943	OUT OF MEMORY	210.14210882	169.87688231799984	15000.162304	cloud-23942	OUT OF MEMORY	238.260689602	195.49384677500348	15000.174592	cloud-23942
eca-rers2012/Problem05_label44.yml	false	OUT OF MEMORY	417.542978287	351.5162287479907	15000.035328	cloud-24259	OUT OF MEMORY	295.566451863	246.40664715200546	15000.043520	cloud-23982	OUT OF MEMORY	227.418694802	186.43586535198847	15000.170496	cloud-23942
eca-rers2012/Problem05_label45.yml	true	OUT OF MEMORY	383.030598312	320.96980941298534	15000.039424	cloud-23933	OUT OF MEMORY	265.188126671	220.27572215799592	15000.162304	cloud-23939	OUT OF MEMORY	457.475038524	392.03609010900254	15000.055808	cloud-23938
eca-rers2012/Problem05_label46.yml	true	OUT OF MEMORY	248.59874001	204.14997502497863	15000.158208	cloud-23944	OUT OF MEMORY	305.108324358	251.63257449801313	15000.043520	cloud-23982	OUT OF MEMORY	454.338176191	393.5881519950053	15000.047616	cloud-23933
eca-rers2012/Problem05_label47.yml	false	OUT OF MEMORY	267.941972605	223.85524561200873	15000.162304	cloud-23942	OUT OF MEMORY	255.898688888	211.84056942202733	15000.039424	cloud-23979	OUT OF MEMORY	228.235421189	189.91350908300956	15000.166400	cloud-23943
eca-rers2012/Problem05_label48.yml	false	OUT OF MEMORY	462.933764665	395.51688124099746	15000.035328	cloud-24260	OUT OF MEMORY	266.436828261	221.24655489399447	15000.043520	cloud-23933	OUT OF MEMORY	227.822602252	187.182249503996	15000.174592	cloud-23940
eca-rers2012/Problem05_label49.yml	true	OUT OF MEMORY	336.72552313	285.7849517040013	15000.035328	cloud-23979	OUT OF MEMORY	351.594775865	296.8673153919808	15000.043520	cloud-23938	OUT OF MEMORY	269.390504435	216.39376365899807	15000.055808	cloud-23933
eca-rers2012/Problem05_label50.yml	true	OUT OF MEMORY	278.782195512	230.75402452299022	15000.170496	cloud-23941	OUT OF MEMORY	376.594538483	319.4621668710024	15000.031232	cloud-23980	OUT OF MEMORY	359.499631769	302.3113208930008	15000.047616	cloud-23979
eca-rers2012/Problem05_label51.yml	false	OUT OF MEMORY	457.309719006	388.96635980301653	15000.039424	cloud-24260	OUT OF MEMORY	284.13696096	236.226928752003	15000.039424	cloud-23938	OUT OF MEMORY	259.857048377	215.76553215199965	15000.170496	cloud-23943
eca-rers2012/Problem05_label52.yml	true	OUT OF MEMORY	329.497713018	276.0977363479999	15000.039424	cloud-23933	OUT OF MEMORY	290.478097858	236.63622201399994	15000.039424	cloud-23938	OUT OF MEMORY	242.463944034	198.89354520099005	15000.162304	cloud-23941
eca-rers2012/Problem05_label53.yml	true	OUT OF MEMORY	582.436474836	485.84658185999433	15000.039424	cloud-24260	OUT OF MEMORY	313.09503332	260.1668048989959	15000.043520	cloud-23938	OUT OF MEMORY	406.352667488	348.6758596310101	15000.051712	cloud-23938
eca-rers2012/Problem05_label54.yml	true	OUT OF MEMORY	194.225127202	158.2670710800012	15000.162304	cloud-23942	OUT OF MEMORY	297.361842043	248.51894745099708	15000.043520	cloud-23980	OUT OF MEMORY	397.167926783	333.2347372669901	15000.047616	cloud-23938
eca-rers2012/Problem05_label55.yml	false	OUT OF MEMORY	379.431836265	316.5716308950068	15000.031232	cloud-24260	OUT OF MEMORY	306.4629014	253.8392537489999	15000.043520	cloud-23982	OUT OF MEMORY	455.602035699	399.8240598970151	15000.043520	cloud-23980
eca-rers2012/Problem05_label56.yml	true	OUT OF MEMORY	369.378529751	310.2215232650051	15000.035328	cloud-23933	OUT OF MEMORY	279.684269727	237.23099449501024	15000.162304	cloud-23939	OUT OF MEMORY	325.95524684	270.3609086210199	15000.039424	cloud-23979
eca-rers2012/Problem05_label57.yml	false	OUT OF MEMORY	425.045815545	361.4657735130022	15000.043520	cloud-24259	OUT OF MEMORY	260.465404257	215.3849017159955	15000.043520	cloud-23979	OUT OF MEMORY	417.225204455	357.3253587759973	15000.047616	cloud-23982
eca-rers2012/Problem05_label58.yml	false	OUT OF MEMORY	254.052187199	211.39597052597674	15000.158208	cloud-23941	OUT OF MEMORY	277.564161974	231.34281499299686	15000.166400	cloud-23942	OUT OF MEMORY	206.905221639	166.3593303920061	15000.178688	cloud-23943
eca-rers2012/Problem05_label59.yml	true	OUT OF MEMORY	443.714557479	374.88868148700567	15000.043520	cloud-24259	OUT OF MEMORY	407.358192105	349.508099003986	15000.043520	cloud-23980	OUT OF MEMORY	431.048746978	364.39503692800645	15000.047616	cloud-23982
eca-rers2012/Problem06_label00.yml	false	OUT OF MEMORY	312.448318882	266.5729537770094	15000.158208	cloud-23939	OUT OF MEMORY	568.229725611	495.580445450003	15000.166400	cloud-23943	OUT OF MEMORY	410.850032386	349.98860241798684	15000.051712	cloud-23979
eca-rers2012/Problem06_label01.yml	false	OUT OF MEMORY	387.041068129	321.23837065999396	15000.158208	cloud-23940	OUT OF MEMORY	271.090997454	228.01968871697318	15000.166400	cloud-23942	OUT OF MEMORY	261.702572103	222.959976017999	15000.174592	cloud-23944
eca-rers2012/Problem06_label02.yml	false	OUT OF MEMORY	251.847544914	212.36629779599025	15000.170496	cloud-23940	OUT OF MEMORY	395.266416064	325.71105889300816	15000.158208	cloud-23941	OUT OF MEMORY	258.653614934	216.42960938598844	15000.178688	cloud-23944
eca-rers2012/Problem06_label03.yml	true	OUT OF MEMORY	267.864777041	219.392484426	15000.158208	cloud-23944	OUT OF MEMORY	223.615189319	185.91537999498541	15000.166400	cloud-23944	OUT OF MEMORY	494.627819669	427.7531143889937	15000.174592	cloud-23940
eca-rers2012/Problem06_label04.yml	false	OUT OF MEMORY	397.251224963	339.75475719801034	15000.031232	cloud-23979	OUT OF MEMORY	309.315866366	253.22321648799698	15000.166400	cloud-23941	OUT OF MEMORY	493.454953013	427.1312780659937	15000.039424	cloud-23982
eca-rers2012/Problem06_label05.yml	false	OUT OF MEMORY	399.606657082	328.48667852400104	15000.162304	cloud-23941	OUT OF MEMORY	418.67429037	346.1226733670046	15000.166400	cloud-23939	OUT OF MEMORY	307.993475405	264.18258367900853	15000.174592	cloud-23940
eca-rers2012/Problem06_label06.yml	true	OUT OF MEMORY	231.269153351	195.62456569701317	15000.162304	cloud-23940	OUT OF MEMORY	396.934790501	329.5677051579987	15000.039424	cloud-23980	OUT OF MEMORY	626.801295291	554.5869383969984	15000.047616	cloud-23980
eca-rers2012/Problem06_label07.yml	true	OUT OF MEMORY	316.513243641	258.163342816988	15000.162304	cloud-23942	OUT OF MEMORY	291.515071099	250.34684409201145	15000.166400	cloud-23942	OUT OF MEMORY	288.563222682	244.77022175100865	15000.162304	cloud-23939
eca-rers2012/Problem06_label08.yml	true	OUT OF MEMORY	529.134279287	465.6925231370042	15000.162304	cloud-23941	TIMEOUT	991.941550665	904.0955629500095	14975.000576	cloud-23980	OUT OF MEMORY	476.177861414	414.07578984298743	15000.043520	cloud-23933
eca-rers2012/Problem06_label09.yml	false	OUT OF MEMORY	483.732935892	421.5129002870235	15000.043520	cloud-23979	OUT OF MEMORY	816.212151947	731.4532455269946	15000.043520	cloud-23980	OUT OF MEMORY	512.796869895	426.93468848400516	15000.051712	cloud-23982
eca-rers2012/Problem06_label10.yml	false	OUT OF MEMORY	520.280359061	442.89046525600133	15000.154112	cloud-23941	OUT OF MEMORY	388.37736932	330.44086675398285	15000.039424	cloud-23979	TIMEOUT	991.734294717	905.1369714429893	14985.277440	cloud-23982
eca-rers2012/Problem06_label11.yml	false	OUT OF MEMORY	289.41400512	242.59193272999255	15000.166400	cloud-23944	OUT OF MEMORY	786.95911227	689.7310157740139	15000.039424	cloud-23979	OUT OF MEMORY	577.063978498	497.70077628898434	15000.055808	cloud-23980
eca-rers2012/Problem06_label12.yml	false	OUT OF MEMORY	298.319779018	242.36544446400148	15000.158208	cloud-23940	OUT OF MEMORY	355.254802286	303.3039026049955	15000.043520	cloud-23938	OUT OF MEMORY	430.022462957	370.3230307310005	15000.039424	cloud-23979
eca-rers2012/Problem06_label13.yml	true	OUT OF MEMORY	335.236318093	270.5860018989988	15000.158208	cloud-23944	OUT OF MEMORY	416.264974347	348.68613235701923	15000.043520	cloud-23982	OUT OF MEMORY	329.840039553	271.34405802498804	15000.166400	cloud-23944
eca-rers2012/Problem06_label14.yml	true	OUT OF MEMORY	233.648259908	193.88726715099983	15000.166400	cloud-23940	OUT OF MEMORY	364.739510452	306.91704997900524	15000.039424	cloud-23933	OUT OF MEMORY	609.569434495	518.8038766519749	15000.051712	cloud-23982
eca-rers2012/Problem06_label15.yml	false	OUT OF MEMORY	570.561611724	494.3678502929979	15000.162304	cloud-23943	OUT OF MEMORY	377.482372973	329.6720154180075	15000.039424	cloud-23982	OUT OF MEMORY	362.237169254	313.8075391060265	15000.047616	cloud-23979
eca-rers2012/Problem06_label16.yml	true	OUT OF MEMORY	267.002017091	226.574797297013	15000.158208	cloud-23940	OUT OF MEMORY	344.715552399	298.3151447249984	15000.039424	cloud-23980	OUT OF MEMORY	374.438277342	317.51641949499026	15000.174592	cloud-23942
eca-rers2012/Problem06_label17.yml	true	OUT OF MEMORY	477.883245472	420.320803420007	15000.043520	cloud-23979	OUT OF MEMORY	397.283115408	349.14652608099277	15000.031232	cloud-23979	OUT OF MEMORY	404.984686207	349.8384123840078	15000.043520	cloud-23979
eca-rers2012/Problem06_label18.yml	true	OUT OF MEMORY	549.51448202	474.1037712280013	15000.166400	cloud-23939	OUT OF MEMORY	387.115779326	330.5721841939958	15000.039424	cloud-23979	OUT OF MEMORY	493.383824476	415.6061972230091	15000.047616	cloud-23979
eca-rers2012/Problem06_label19.yml	true	OUT OF MEMORY	609.272180576	519.6769923300017	15000.043520	cloud-23979	OUT OF MEMORY	319.069660931	275.3427304289944	15000.158208	cloud-23943	OUT OF MEMORY	432.344646375	367.69075295398943	15000.170496	cloud-23942
eca-rers2012/Problem06_label20.yml	false	OUT OF MEMORY	528.662042803	454.7669023380149	15000.158208	cloud-23942	OUT OF MEMORY	365.673207119	312.62836779200006	15000.039424	cloud-23938	TIMEOUT	992.267602968	894.3903878830024	14982.844416	cloud-23982
eca-rers2012/Problem06_label21.yml	false	OUT OF MEMORY	302.298654687	261.89627786799974	15000.162304	cloud-23941	OUT OF MEMORY	624.980202526	540.6991856920067	15000.039424	cloud-23982	OUT OF MEMORY	472.456775732	404.216994382994	15000.051712	cloud-23938
eca-rers2012/Problem06_label22.yml	true	OUT OF MEMORY	338.375385954	280.7567108249932	15000.158208	cloud-23943	OUT OF MEMORY	350.036277123	294.6478254920221	15000.039424	cloud-23933	OUT OF MEMORY	285.848586599	232.22748123900965	15000.174592	cloud-23942
eca-rers2012/Problem06_label23.yml	true	OUT OF MEMORY	250.643478722	212.43914065798162	15000.162304	cloud-23940	OUT OF MEMORY	389.990159465	342.6486472450197	15000.043520	cloud-23938	TIMEOUT	992.031365369	896.255289794004	14945.439744	cloud-23982
eca-rers2012/Problem06_label24.yml	false	OUT OF MEMORY	567.437230811	492.6205922329973	15000.170496	cloud-23944	OUT OF MEMORY	563.666946406	497.78203090498573	15000.043520	cloud-23982	OUT OF MEMORY	681.759382475	591.8998476470006	15000.051712	cloud-23982
eca-rers2012/Problem06_label25.yml	true	OUT OF MEMORY	546.082817975	461.170045364	15000.043520	cloud-24259	OUT OF MEMORY	340.397992808	289.8314708080143	15000.043520	cloud-23933	OUT OF MEMORY	299.746348743	254.3726086509996	15000.174592	cloud-23942
eca-rers2012/Problem06_label26.yml	true	OUT OF MEMORY	573.853245447	476.30667647501105	15000.039424	cloud-24259	OUT OF MEMORY	513.153999157	447.190550586005	15000.043520	cloud-23982	OUT OF MEMORY	425.223918113	370.83566871698713	15000.055808	cloud-23938
eca-rers2012/Problem06_label27.yml	false	OUT OF MEMORY	464.751023232	406.6659780310001	15000.039424	cloud-23979	TIMEOUT	911.783267873	818.8982834540075	15000.035328	cloud-23933	OUT OF MEMORY	403.599336977	338.38197214799584	15000.170496	cloud-23942
eca-rers2012/Problem06_label28.yml	true	OUT OF MEMORY	392.067856069	332.26456901500933	15000.035328	cloud-23933	OUT OF MEMORY	360.320865179	292.20887048798613	15000.043520	cloud-23982	OUT OF MEMORY	342.099186213	275.54411726098624	15000.170496	cloud-23942
eca-rers2012/Problem06_label29.yml	false	OUT OF MEMORY	334.256697373	291.2245084310125	15000.166400	cloud-23939	OUT OF MEMORY	306.597977988	265.3898514719913	15000.158208	cloud-23940	OUT OF MEMORY	435.307497985	353.2998952899943	15000.051712	cloud-23979
eca-rers2012/Problem06_label30.yml	true	OUT OF MEMORY	265.732261119	226.03039467500003	15000.162304	cloud-23940	TIMEOUT	991.76473222	905.6988240349747	14932.779008	cloud-23982	OUT OF MEMORY	327.119770122	281.7541890660068	15000.170496	cloud-23942
eca-rers2012/Problem06_label31.yml	true	OUT OF MEMORY	574.039992209	499.759066493978	15000.162304	cloud-23942	OUT OF MEMORY	355.874069914	288.9089769909915	15000.039424	cloud-23980	OUT OF MEMORY	310.519767148	262.94672311499016	15000.170496	cloud-23941
eca-rers2012/Problem06_label32.yml	true	OUT OF MEMORY	643.840353737	542.2080396039964	15000.047616	cloud-24259	OUT OF MEMORY	416.207010609	362.22578252101084	15000.043520	cloud-23938	OUT OF MEMORY	523.142099978	439.92883684599656	15000.047616	cloud-23933
eca-rers2012/Problem06_label33.yml	false	OUT OF MEMORY	346.330931506	301.58557227099664	15000.154112	cloud-23943	OUT OF MEMORY	313.934880607	266.7614880740002	15000.162304	cloud-23940	OUT OF MEMORY	458.042402948	387.8420992270112	15000.039424	cloud-23979
eca-rers2012/Problem06_label34.yml	true	OUT OF MEMORY	727.058275925	615.074049649993	15000.039424	cloud-24259	TIMEOUT	992.047767933	898.2720858810062	14704.037888	cloud-23982	OUT OF MEMORY	321.405450944	269.0513320530008	15000.174592	cloud-23944
eca-rers2012/Problem06_label35.yml	true	OUT OF MEMORY	332.062234781	272.30739368099603	15000.166400	cloud-23942	OUT OF MEMORY	276.685245986	224.1244626379921	15000.043520	cloud-23982	OUT OF MEMORY	291.530028171	251.25553874799516	15000.166400	cloud-23944
eca-rers2012/Problem06_label36.yml	false	OUT OF MEMORY	243.00364993	203.48270656099976	15000.166400	cloud-23944	OUT OF MEMORY	545.655566992	454.08182044001296	15000.043520	cloud-23938	OUT OF MEMORY	349.489375594	287.20203476501047	15000.170496	cloud-23942
eca-rers2012/Problem06_label37.yml	false	OUT OF MEMORY	231.150763038	194.43389401199966	15000.166400	cloud-23939	OUT OF MEMORY	312.837771117	268.3050967649906	15000.166400	cloud-23939	OUT OF MEMORY	342.977987102	289.72258534899447	15000.051712	cloud-23933
eca-rers2012/Problem06_label38.yml	false	OUT OF MEMORY	302.742682697	254.95678555199993	15000.170496	cloud-23943	OUT OF MEMORY	265.384275597	220.4356299880019	15000.166400	cloud-23941	TIMEOUT	991.609440177	910.1538535569853	14617.858048	cloud-23980
eca-rers2012/Problem06_label39.yml	true	OUT OF MEMORY	394.256071709	325.49317622200033	15000.035328	cloud-24261	OUT OF MEMORY	355.295011926	299.9986013100133	15000.039424	cloud-23980	OUT OF MEMORY	627.011076474	538.2053908259841	15000.047616	cloud-23982
eca-rers2012/Problem06_label40.yml	true	OUT OF MEMORY	356.391988603	294.8685968919999	15000.166400	cloud-23944	OUT OF MEMORY	280.201365524	234.3666039609816	15000.158208	cloud-23942	OUT OF MEMORY	466.38268736	397.45890378800686	15000.055808	cloud-23933
eca-rers2012/Problem06_label41.yml	true	OUT OF MEMORY	435.36605128	370.7263701100019	15000.039424	cloud-23933	OUT OF MEMORY	283.326129144	239.5130053210014	15000.166400	cloud-23942	OUT OF MEMORY	270.164805839	227.60597998899175	15000.174592	cloud-23943
eca-rers2012/Problem06_label42.yml	true	OUT OF MEMORY	311.320732608	265.9253527499968	15000.166400	cloud-23942	OUT OF MEMORY	337.266457318	292.25998819601955	15000.043520	cloud-23933	OUT OF MEMORY	380.012664555	322.98490728001343	15000.166400	cloud-23942
eca-rers2012/Problem06_label43.yml	true	OUT OF MEMORY	376.49527081	313.0667171940004	15000.043520	cloud-24261	OUT OF MEMORY	309.321476148	265.6873393479909	15000.166400	cloud-23940	OUT OF MEMORY	708.983521712	618.1465654569911	15000.051712	cloud-23982
eca-rers2012/Problem06_label44.yml	false	TIMEOUT	907.071109202	781.8872269359999	15000.043520	cloud-24259	TIMEOUT	991.698299441	908.734625498997	14956.216320	cloud-23979	OUT OF MEMORY	371.730025467	304.9397972880106	15000.178688	cloud-23942
eca-rers2012/Problem06_label45.yml	true	OUT OF MEMORY	545.629837759	469.99116513400804	15000.154112	cloud-23943	TIMEOUT	991.652333091	906.1281988830015	14928.117760	cloud-23980	OUT OF MEMORY	590.921754613	498.6299639819772	15000.055808	cloud-23982
eca-rers2012/Problem06_label46.yml	true	OUT OF MEMORY	328.126931919	270.70483976000105	15000.162304	cloud-23941	OUT OF MEMORY	312.508477747	266.1137798470154	15000.043520	cloud-23933	OUT OF MEMORY	588.677523048	503.2974348340067	15000.051712	cloud-23982
eca-rers2012/Problem06_label47.yml	false	OUT OF MEMORY	778.170553455	668.4659043010033	15000.043520	cloud-24260	OUT OF MEMORY	446.724053379	381.8543724679912	15000.043520	cloud-23979	OUT OF MEMORY	486.859128889	404.35778129601385	15000.055808	cloud-23938
eca-rers2012/Problem06_label48.yml	false	OUT OF MEMORY	501.244920812	425.44052671600366	15000.158208	cloud-23944	OUT OF MEMORY	306.830475178	258.6905601960025	15000.039424	cloud-23933	OUT OF MEMORY	327.794593457	271.0920352990215	15000.166400	cloud-23944
eca-rers2012/Problem06_label49.yml	true	OUT OF MEMORY	453.636572328	379.0008102110005	15000.043520	cloud-23979	OUT OF MEMORY	392.270716578	321.7492398679897	15000.166400	cloud-23939	OUT OF MEMORY	411.616894788	355.57984116699663	15000.047616	cloud-23933
eca-rers2012/Problem06_label50.yml	true	OUT OF MEMORY	518.104817694	453.57170213599966	15000.158208	cloud-23939	OUT OF MEMORY	372.736974269	314.3038716560113	15000.043520	cloud-23933	OUT OF MEMORY	335.168902827	270.28961239999626	15000.162304	cloud-23943
eca-rers2012/Problem06_label51.yml	true	OUT OF MEMORY	725.698407184	628.1725090179825	15000.043520	cloud-23979	OUT OF MEMORY	438.394379462	370.79244927698164	15000.039424	cloud-23980	OUT OF MEMORY	594.162844706	514.4330041460053	15000.051712	cloud-23980
eca-rers2012/Problem06_label52.yml	true	OUT OF MEMORY	220.989164815	184.62084386800052	15000.166400	cloud-23944	OUT OF MEMORY	441.243774012	382.88281450999784	15000.043520	cloud-23938	OUT OF MEMORY	309.296103643	265.4339574780024	15000.174592	cloud-23942
eca-rers2012/Problem06_label53.yml	true	OUT OF MEMORY	523.198929004	459.269927448986	15000.043520	cloud-24260	OUT OF MEMORY	372.949512818	304.1703524629993	15000.039424	cloud-23933	OUT OF MEMORY	621.063261693	539.250196235982	15000.047616	cloud-23980
eca-rers2012/Problem06_label54.yml	true	OUT OF MEMORY	441.707716172	386.7629213260079	15000.043520	cloud-23979	TIMEOUT	983.276609478	892.5598399789887	15000.043520	cloud-23979	OUT OF MEMORY	502.925052685	448.1153668570041	15000.055808	cloud-23980
eca-rers2012/Problem06_label55.yml	true	OUT OF MEMORY	545.892847051	474.6205082939996	15000.170496	cloud-23943	OUT OF MEMORY	413.73110592	361.1571082279843	15000.043520	cloud-23982	OUT OF MEMORY	617.267285059	537.3549740059825	15000.043520	cloud-23933
eca-rers2012/Problem06_label56.yml	false	OUT OF MEMORY	301.379576592	256.3529816090013	15000.166400	cloud-23944	OUT OF MEMORY	344.997634635	282.29547916998854	15000.039424	cloud-23938	OUT OF MEMORY	471.779406948	419.3449714340095	15000.051712	cloud-23979
eca-rers2012/Problem06_label57.yml	true	OUT OF MEMORY	636.715832987	530.121831152006	15000.047616	cloud-24259	OUT OF MEMORY	311.127127113	265.55373225800577	15000.162304	cloud-23939	OUT OF MEMORY	405.59407736	339.50356219298556	15000.174592	cloud-23939
eca-rers2012/Problem06_label58.yml	false	OUT OF MEMORY	288.732582742	242.9786810099904	15000.170496	cloud-23943	OUT OF MEMORY	378.83305342	310.3260743319988	15000.043520	cloud-23979	TIMEOUT	991.780361194	922.5251681309892	14027.014144	cloud-23979
eca-rers2012/Problem06_label59.yml	false	OUT OF MEMORY	573.844196669	491.52954241799307	15000.170496	cloud-23939	OUT OF MEMORY	411.36296538	345.0364995459968	15000.043520	cloud-23979	OUT OF MEMORY	406.244670077	350.5075766200025	15000.051712	cloud-23979
eca-rers2012/Problem07_label00.yml	true	OUT OF MEMORY	85.046120533	46.49724244900062	15000.162304	cloud-23942	OUT OF MEMORY	99.021989309	53.96587650699075	15000.043520	cloud-23980	OUT OF MEMORY	118.144513893	64.64004606602248	15000.055808	cloud-23938
eca-rers2012/Problem07_label01.yml	true	OUT OF MEMORY	112.89765838	61.82883402300649	15000.035328	cloud-23979	OUT OF MEMORY	82.256929968	44.78859322197968	15000.162304	cloud-23944	OUT OF MEMORY	121.170300051	65.6525929190102	15000.051712	cloud-23938
eca-rers2012/Problem07_label02.yml	true	OUT OF MEMORY	131.057276228	72.72331428900361	15000.047616	cloud-24259	OUT OF MEMORY	87.236103196	47.33423838298768	15000.158208	cloud-23940	OUT OF MEMORY	81.693758636	44.769131287990604	15000.174592	cloud-23943
eca-rers2012/Problem07_label03.yml	false	OUT OF MEMORY	85.171750315	47.10831614699782	15000.166400	cloud-23943	OUT OF MEMORY	116.911357062	62.81281736999517	15000.043520	cloud-23938	OUT OF MEMORY	125.513996438	68.46121546300128	15000.043520	cloud-23982
eca-rers2012/Problem07_label04.yml	true	OUT OF MEMORY	123.821509362	67.337733620996	15000.231936	cloud-24260	OUT OF MEMORY	92.044944438	50.42323369299993	15000.043520	cloud-23933	OUT OF MEMORY	108.236860017	57.638341371988645	15000.055808	cloud-23933
eca-rers2012/Problem07_label05.yml	false	OUT OF MEMORY	87.165560794	47.45370866000303	15000.170496	cloud-23941	OUT OF MEMORY	92.639783425	50.09230107298936	15000.039424	cloud-23979	OUT OF MEMORY	101.968296091	55.035916777007515	15000.055808	cloud-23979
eca-rers2012/Problem07_label06.yml	false	OUT OF MEMORY	87.683745779	47.84872891200939	15000.158208	cloud-23944	OUT OF MEMORY	90.27870423	49.59741467301501	15000.416256	cloud-23940	OUT OF MEMORY	111.267940885	60.06808675697539	15000.223744	cloud-23938
eca-rers2012/Problem07_label07.yml	false	OUT OF MEMORY	75.169439881	41.51272393900035	15000.166400	cloud-23939	OUT OF MEMORY	97.569832528	53.37753526700544	15000.043520	cloud-23979	OUT OF MEMORY	84.171763341	45.76945340100792	15000.174592	cloud-23940
eca-rers2012/Problem07_label08.yml	true	OUT OF MEMORY	122.410597156	65.97549655500916	15000.039424	cloud-24260	OUT OF MEMORY	99.93082669	53.65226960397558	15000.039424	cloud-23979	OUT OF MEMORY	82.277325538	45.16669165401254	15000.162304	cloud-23943
eca-rers2012/Problem07_label09.yml	false	OUT OF MEMORY	87.867267674	48.14824615599355	15000.162304	cloud-23944	OUT OF MEMORY	110.128590811	60.52915207701153	15000.039424	cloud-23980	OUT OF MEMORY	121.183401929	66.52206583498628	15000.047616	cloud-23938
eca-rers2012/Problem07_label10.yml	true	OUT OF MEMORY	113.439677405	61.399065300000075	15000.043520	cloud-24259	OUT OF MEMORY	96.63875246	52.493904091010336	15000.039424	cloud-23980	OUT OF MEMORY	110.752184765	59.76196000899654	15000.051712	cloud-23933
eca-rers2012/Problem07_label11.yml	false	OUT OF MEMORY	116.275597473	63.19300349900004	15000.043520	cloud-23979	OUT OF MEMORY	82.983634348	45.37766936299158	15000.166400	cloud-23942	OUT OF MEMORY	120.54394621	65.08806578899384	15000.313856	cloud-23938
eca-rers2012/Problem07_label12.yml	true	OUT OF MEMORY	117.519863934	63.88128834098461	15000.301568	cloud-24260	OUT OF MEMORY	105.234021808	57.39677519799443	15000.129536	cloud-23982	OUT OF MEMORY	80.416587941	44.68428239799687	15000.363008	cloud-23944
eca-rers2012/Problem07_label13.yml	true	OUT OF MEMORY	82.59246634	44.91957338899374	15000.158208	cloud-23942	OUT OF MEMORY	126.521468484	70.55938198100193	15000.039424	cloud-23982	OUT OF MEMORY	90.389043312	48.958858291007346	15000.178688	cloud-23939
eca-rers2012/Problem07_label14.yml	true	OUT OF MEMORY	126.25884279	68.62414612600696	15000.043520	cloud-24260	OUT OF MEMORY	85.343671149	46.38099683899782	15000.158208	cloud-23941	OUT OF MEMORY	92.18301191	50.570982905017445	15000.174592	cloud-23941
eca-rers2012/Problem07_label15.yml	false	OUT OF MEMORY	78.664230407	43.41288539299967	15000.162304	cloud-23940	OUT OF MEMORY	82.492434308	44.8605799349898	15000.162304	cloud-23943	OUT OF MEMORY	87.42021637	47.66262184799416	15000.162304	cloud-23942
eca-rers2012/Problem07_label16.yml	true	OUT OF MEMORY	124.933890298	66.36778760099969	15000.039424	cloud-23979	OUT OF MEMORY	107.129561349	57.500477966008475	15000.301568	cloud-23933	OUT OF MEMORY	85.697952678	46.48105222498998	15000.174592	cloud-23943
eca-rers2012/Problem07_label17.yml	true	OUT OF MEMORY	100.284870828	55.4480882200005	15000.166400	cloud-23943	OUT OF MEMORY	81.078275497	44.1428064799984	15000.158208	cloud-23940	OUT OF MEMORY	85.205761036	46.36602308799047	15000.174592	cloud-23939
eca-rers2012/Problem07_label18.yml	false	OUT OF MEMORY	130.244641248	72.2528516399907	15000.043520	cloud-24259	OUT OF MEMORY	100.393389572	53.69683253497351	15000.035328	cloud-23980	OUT OF MEMORY	76.649816455	42.50524222198874	15000.174592	cloud-23944
eca-rers2012/Problem07_label19.yml	false	OUT OF MEMORY	116.36818763	63.08840030001011	15000.293376	cloud-23933	OUT OF MEMORY	83.816276748	45.858895198005484	15000.170496	cloud-23942	OUT OF MEMORY	84.214754516	45.9328505830199	15000.178688	cloud-23940
eca-rers2012/Problem07_label20.yml	false	OUT OF MEMORY	114.391756043	62.16925604600692	15000.035328	cloud-23933	OUT OF MEMORY	123.710036625	67.89067053000326	15000.043520	cloud-23982	OUT OF MEMORY	83.348427313	45.48341187700862	15000.178688	cloud-23943
eca-rers2012/Problem07_label21.yml	true	OUT OF MEMORY	87.386796	47.404914743994595	15000.170496	cloud-23939	OUT OF MEMORY	95.811190642	51.72137981999549	15000.150016	cloud-23979	OUT OF MEMORY	106.310147251	56.418179797008634	15000.039424	cloud-23933
eca-rers2012/Problem07_label22.yml	true	OUT OF MEMORY	88.190406718	48.04099205000239	15000.154112	cloud-23939	OUT OF MEMORY	93.064178932	50.91913853198639	15000.039424	cloud-23979	OUT OF MEMORY	82.109189512	44.89327940499061	15000.178688	cloud-23943
eca-rers2012/Problem07_label23.yml	false	OUT OF MEMORY	101.538985204	55.624863507999635	15000.166400	cloud-23943	OUT OF MEMORY	97.501055912	52.561871111014625	15000.035328	cloud-23979	OUT OF MEMORY	119.067407585	65.37216738701682	15000.055808	cloud-23982
eca-rers2012/Problem07_label24.yml	true	OUT OF MEMORY	74.488038416	40.643809491000866	15000.162304	cloud-23944	OUT OF MEMORY	101.053619725	54.49866107199341	15000.039424	cloud-23980	OUT OF MEMORY	120.15876061	64.89228301899857	15000.051712	cloud-23980
eca-rers2012/Problem07_label25.yml	true	OUT OF MEMORY	83.354643624	45.40504109300673	15000.412160	cloud-23943	OUT OF MEMORY	80.004619535	43.55356672999915	15000.166400	cloud-23940	OUT OF MEMORY	113.89162398	63.70872930900077	15000.035328	cloud-23980
eca-rers2012/Problem07_label26.yml	true	OUT OF MEMORY	98.510434053	53.29824750900298	15000.158208	cloud-23943	OUT OF MEMORY	100.039114233	54.251037202979205	15000.043520	cloud-23938	OUT OF MEMORY	111.077919556	60.37210498499917	15000.055808	cloud-23933
eca-rers2012/Problem07_label27.yml	true	OUT OF MEMORY	111.234826637	62.636097945000074	15000.043520	cloud-24259	OUT OF MEMORY	79.850772569	43.52612212501117	15000.166400	cloud-23941	OUT OF MEMORY	103.402980029	56.02823939797236	15000.305664	cloud-23979
eca-rers2012/Problem07_label28.yml	true	OUT OF MEMORY	74.982247618	41.27061481599958	15000.162304	cloud-23942	OUT OF MEMORY	84.105421265	45.47251193999546	15000.166400	cloud-23940	OUT OF MEMORY	82.072954455	44.66639921098249	15000.170496	cloud-23942
eca-rers2012/Problem07_label29.yml	true	OUT OF MEMORY	87.553711062	47.50189655498252	15000.162304	cloud-23939	OUT OF MEMORY	97.191945324	52.51658899697941	15000.043520	cloud-23979	OUT OF MEMORY	114.141189341	61.4374589099898	15000.051712	cloud-23938
eca-rers2012/Problem07_label30.yml	false	OUT OF MEMORY	133.663724525	73.40987015300198	15000.039424	cloud-24259	OUT OF MEMORY	80.853462215	44.20693359701545	15000.162304	cloud-23941	OUT OF MEMORY	73.660405065	40.473757846979424	15000.174592	cloud-23942
eca-rers2012/Problem07_label31.yml	false	OUT OF MEMORY	86.108593853	47.22532831900753	15000.158208	cloud-23943	OUT OF MEMORY	99.043117383	53.74091367301298	15000.039424	cloud-23980	OUT OF MEMORY	115.777853653	64.07442343299044	15000.055808	cloud-23980
eca-rers2012/Problem07_label32.yml	true	OUT OF MEMORY	112.121805151	60.6261858179987	15000.043520	cloud-24261	OUT OF MEMORY	95.030094447	51.56795066600898	15000.039424	cloud-23933	OUT OF MEMORY	80.140828299	44.1985433610098	15000.166400	cloud-23943
eca-rers2012/Problem07_label33.yml	true	OUT OF MEMORY	83.127529783	44.973890291003045	15000.268800	cloud-23942	OUT OF MEMORY	104.559003675	56.1675869350147	15000.043520	cloud-23933	OUT OF MEMORY	83.967533115	45.75608248001663	15000.162304	cloud-23943
eca-rers2012/Problem07_label34.yml	true	OUT OF MEMORY	84.634473751	45.73317954700906	15000.154112	cloud-23943	OUT OF MEMORY	91.63480436	49.44108681299258	15000.043520	cloud-23933	OUT OF MEMORY	122.466204281	66.0446668130171	15000.043520	cloud-23933
eca-rers2012/Problem07_label35.yml	false	OUT OF MEMORY	117.479590689	63.86173871700885	15000.043520	cloud-24260	OUT OF MEMORY	107.638106707	57.76749445099267	15000.043520	cloud-23979	OUT OF MEMORY	105.309723626	56.30977371800691	15000.051712	cloud-23979
eca-rers2012/Problem07_label36.yml	false	OUT OF MEMORY	109.465681351	59.26501273800386	15000.043520	cloud-24261	OUT OF MEMORY	100.018797176	54.42477739401511	15000.297472	cloud-23979	OUT OF MEMORY	123.736553805	68.29677983699366	15000.043520	cloud-23982
eca-rers2012/Problem07_label37.yml	false	OUT OF MEMORY	90.165137559	49.054977123014396	15000.399872	cloud-23941	OUT OF MEMORY	98.499413985	52.90307834898704	15000.043520	cloud-23933	OUT OF MEMORY	102.622311171	55.47079003902036	15000.293376	cloud-23979
eca-rers2012/Problem07_label38.yml	true	OUT OF MEMORY	124.053254746	68.0491138510115	15000.043520	cloud-24260	OUT OF MEMORY	97.7635984	52.82149605199811	15000.043520	cloud-23933	OUT OF MEMORY	122.008012908	66.55748093800503	15000.039424	cloud-23982
eca-rers2012/Problem07_label39.yml	false	OUT OF MEMORY	117.468631785	62.94168763500056	15000.023040	cloud-23933	OUT OF MEMORY	96.559655613	52.71880134701496	15000.031232	cloud-23933	OUT OF MEMORY	111.16477062	61.10271920397645	15000.150016	cloud-23980
eca-rers2012/Problem07_label40.yml	false	OUT OF MEMORY	82.330885811	44.94810918200528	15000.158208	cloud-23942	OUT OF MEMORY	101.449865172	54.58837594900979	15000.252416	cloud-23938	OUT OF MEMORY	120.119770367	64.5266206249944	15000.051712	cloud-23938
eca-rers2012/Problem07_label41.yml	true	OUT OF MEMORY	108.875248317	59.64226788500673	15000.043520	cloud-24259	OUT OF MEMORY	89.615257221	48.992105557001196	15000.207360	cloud-23933	OUT OF MEMORY	112.32547634	60.556617833004566	15000.047616	cloud-23979
eca-rers2012/Problem07_label42.yml	false	OUT OF MEMORY	120.597007785	65.22684129598201	15000.035328	cloud-23933	OUT OF MEMORY	86.626272314	46.78733135998482	15000.420352	cloud-23940	OUT OF MEMORY	121.645065153	66.74975182401249	15000.047616	cloud-23982
eca-rers2012/Problem07_label43.yml	true	OUT OF MEMORY	84.43848511	45.816529702999105	15000.162304	cloud-23944	OUT OF MEMORY	117.609185281	63.793083299999125	15000.301568	cloud-23938	OUT OF MEMORY	82.002280226	44.77091454598121	15000.170496	cloud-23943
eca-rers2012/Problem07_label44.yml	false	OUT OF MEMORY	84.625708703	45.796082429995295	15000.162304	cloud-23939	OUT OF MEMORY	98.802875345	53.62710973501089	15000.043520	cloud-23982	OUT OF MEMORY	87.033859216	47.77737413000432	15000.174592	cloud-23939
eca-rers2012/Problem07_label45.yml	true	OUT OF MEMORY	73.742824717	40.670714707000116	15000.166400	cloud-23939	OUT OF MEMORY	88.863754415	48.313400051993085	15000.039424	cloud-23933	OUT OF MEMORY	109.261977059	59.81708052899921	15000.051712	cloud-23933
eca-rers2012/Problem07_label46.yml	false	OUT OF MEMORY	106.938270303	57.55516590000116	15000.035328	cloud-24261	OUT OF MEMORY	106.581147857	57.3148002679809	15000.035328	cloud-23979	OUT OF MEMORY	112.143220827	59.72792252601357	15000.039424	cloud-23933
eca-rers2012/Problem07_label47.yml	false	OUT OF MEMORY	83.008724681	45.31406530000095	15000.162304	cloud-23944	OUT OF MEMORY	99.897361278	53.93972514997586	15000.043520	cloud-23979	OUT OF MEMORY	77.6701114	42.306055666005705	15000.367104	cloud-23944
eca-rers2012/Problem07_label48.yml	false	OUT OF MEMORY	89.518891695	49.1346942409873	15000.166400	cloud-23941	OUT OF MEMORY	90.514244932	49.27733679700759	15000.043520	cloud-23980	OUT OF MEMORY	103.075685533	55.46796740198624	15000.039424	cloud-23979
eca-rers2012/Problem07_label49.yml	true	OUT OF MEMORY	88.92878033	48.5968406030006	15000.166400	cloud-23943	OUT OF MEMORY	94.154502333	51.12453070402262	15000.043520	cloud-23980	OUT OF MEMORY	104.852667467	56.47854956801166	15000.055808	cloud-23933
eca-rers2012/Problem07_label50.yml	true	OUT OF MEMORY	92.993115629	50.31485681599588	15000.170496	cloud-23939	OUT OF MEMORY	111.829814147	61.22467462599161	15000.043520	cloud-23980	OUT OF MEMORY	90.210149241	49.33839498998714	15000.178688	cloud-23939
eca-rers2012/Problem07_label51.yml	true	OUT OF MEMORY	80.181078446	44.128791453000304	15000.162304	cloud-23939	OUT OF MEMORY	106.652955973	57.61470972202369	15000.039424	cloud-23938	OUT OF MEMORY	90.256139278	49.29820568600553	15000.174592	cloud-23940
eca-rers2012/Problem07_label52.yml	true	OUT OF MEMORY	83.987698238	45.693660216988064	15000.162304	cloud-23943	OUT OF MEMORY	82.596792623	45.425626768002985	15000.154112	cloud-23941	OUT OF MEMORY	103.592093856	56.03292725101346	15000.051712	cloud-23979
eca-rers2012/Problem07_label53.yml	true	OUT OF MEMORY	74.282877101	40.6995014160002	15000.408064	cloud-23944	OUT OF MEMORY	119.411042328	64.82278557601967	15000.039424	cloud-23938	OUT OF MEMORY	90.645284408	49.57812542200554	15000.170496	cloud-23943
eca-rers2012/Problem07_label54.yml	true	OUT OF MEMORY	101.246665708	54.85833805301809	15000.158208	cloud-23941	OUT OF MEMORY	114.19982427	61.62428346698289	15000.043520	cloud-23933	OUT OF MEMORY	81.275813004	44.04040874997736	15000.174592	cloud-23943
eca-rers2012/Problem07_label55.yml	true	OUT OF MEMORY	110.768377503	59.08103817400115	15000.043520	cloud-24259	OUT OF MEMORY	115.762772421	62.85494000802282	15000.035328	cloud-23938	OUT OF MEMORY	111.325185793	60.561306473013246	15000.051712	cloud-23938
eca-rers2012/Problem07_label56.yml	true	OUT OF MEMORY	83.468705672	45.56141199800186	15000.162304	cloud-23943	OUT OF MEMORY	92.028269471	49.91593371098861	15000.043520	cloud-23979	OUT OF MEMORY	80.857617227	43.820382562000304	15000.174592	cloud-23940
eca-rers2012/Problem07_label57.yml	true	OUT OF MEMORY	112.289056886	60.5567850569787	15000.039424	cloud-23979	OUT OF MEMORY	93.686965684	50.91042159497738	15000.162304	cloud-23941	OUT OF MEMORY	111.249571577	60.14723952198983	15000.051712	cloud-23933
eca-rers2012/Problem07_label58.yml	false	OUT OF MEMORY	71.746041011	39.44400845800192	15000.166400	cloud-23939	OUT OF MEMORY	115.097078176	62.849277655011974	15000.043520	cloud-23938	OUT OF MEMORY	117.503682831	65.80757300299592	15000.039424	cloud-23982
eca-rers2012/Problem07_label59.yml	true	OUT OF MEMORY	131.800098051	72.83438001	15000.043520	cloud-23933	OUT OF MEMORY	106.570555597	57.84572243801085	15000.039424	cloud-23938	OUT OF MEMORY	84.100669248	45.97356249898439	15000.174592	cloud-23943
eca-rers2012/Problem08_label00.yml	true	OUT OF MEMORY	122.214603555	69.28017555399992	15000.158208	cloud-23943	OUT OF MEMORY	154.936529922	86.73055837201537	15000.039424	cloud-23982	OUT OF MEMORY	153.664009537	85.94056260798243	15000.043520	cloud-23979
eca-rers2012/Problem08_label01.yml	false	OUT OF MEMORY	195.116254431	112.56927508400986	15000.272896	cloud-24259	OUT OF MEMORY	168.728381621	95.06431804900058	15000.043520	cloud-23938	OUT OF MEMORY	110.433079847	63.00774842998362	15000.174592	cloud-23942
eca-rers2012/Problem08_label02.yml	false	OUT OF MEMORY	127.396052124	71.3787275509967	15000.166400	cloud-23943	OUT OF MEMORY	131.108881194	73.58952479201253	15000.166400	cloud-23943	OUT OF MEMORY	131.542377883	73.94143215802615	15000.166400	cloud-23939
eca-rers2012/Problem08_label03.yml	true	OUT OF MEMORY	165.592810178	93.06124704200192	15000.154112	cloud-23979	OUT OF MEMORY	173.543232358	97.36747335398104	15000.043520	cloud-23938	OUT OF MEMORY	131.663514446	73.89746675500646	15000.358912	cloud-23939
eca-rers2012/Problem08_label04.yml	false	OUT OF MEMORY	127.437335397	71.73409417300718	15000.170496	cloud-23942	OUT OF MEMORY	147.574864677	82.17000281298533	15000.293376	cloud-23979	OUT OF MEMORY	130.411926955	73.59123295900645	15000.170496	cloud-23942
eca-rers2012/Problem08_label05.yml	false	OUT OF MEMORY	217.115374923	127.20448201599356	15000.043520	cloud-24259	OUT OF MEMORY	152.99715183	84.53852561602253	15000.043520	cloud-23982	OUT OF MEMORY	157.206217814	87.50545768800657	15000.170496	cloud-23979
eca-rers2012/Problem08_label06.yml	false	OUT OF MEMORY	130.426297826	73.57279331299651	15000.162304	cloud-23942	OUT OF MEMORY	147.770932759	82.95007432199782	15000.305664	cloud-23980	OUT OF MEMORY	161.285314816	92.96597017798922	15000.047616	cloud-23980
eca-rers2012/Problem08_label07.yml	false	OUT OF MEMORY	124.358644651	70.87561660899974	15000.383488	cloud-23943	OUT OF MEMORY	115.592861222	65.96039881199249	15000.166400	cloud-23943	OUT OF MEMORY	123.668136517	69.77631300702342	15000.170496	cloud-23940
eca-rers2012/Problem08_label08.yml	true	OUT OF MEMORY	131.527013642	73.84097123399988	15000.166400	cloud-23944	OUT OF MEMORY	136.91259355	77.24496169801569	15000.162304	cloud-23941	OUT OF MEMORY	116.95159264	66.52816151600564	15000.178688	cloud-23944
eca-rers2012/Problem08_label09.yml	true	OUT OF MEMORY	128.727379958	72.22676001399668	15000.162304	cloud-23944	OUT OF MEMORY	139.633421526	79.10737262500334	15000.039424	cloud-23979	OUT OF MEMORY	138.63735686	77.77165054198122	15000.403968	cloud-23939
eca-rers2012/Problem08_label10.yml	false	OUT OF MEMORY	126.374713822	72.45053582199034	15000.158208	cloud-23940	OUT OF MEMORY	145.296253671	81.29666876801639	15000.039424	cloud-23979	OUT OF MEMORY	135.097307925	76.02874157699989	15000.178688	cloud-23939
eca-rers2012/Problem08_label11.yml	true	OUT OF MEMORY	177.88152795	100.16154839299998	15000.043520	cloud-23933	OUT OF MEMORY	127.017330761	71.75707562701427	15000.166400	cloud-23940	OUT OF MEMORY	146.142222032	81.06780452400562	15000.051712	cloud-23933
eca-rers2012/Problem08_label12.yml	true	OUT OF MEMORY	169.318287731	96.10599347300001	15000.039424	cloud-23933	OUT OF MEMORY	187.234617233	109.49071879300755	15000.043520	cloud-23982	OUT OF MEMORY	184.670957393	104.45784407900646	15000.043520	cloud-23938
eca-rers2012/Problem08_label13.yml	false	OUT OF MEMORY	177.121169106	100.19966297200881	15000.039424	cloud-23933	OUT OF MEMORY	171.996228951	95.62901536398567	15000.043520	cloud-23938	OUT OF MEMORY	163.764183735	92.13025163300335	15000.051712	cloud-23979
eca-rers2012/Problem08_label14.yml	true	OUT OF MEMORY	179.297508967	100.52264322199335	15000.035328	cloud-24260	OUT OF MEMORY	154.464247557	86.86198092901031	15000.039424	cloud-23982	OUT OF MEMORY	188.094647259	108.78787773798103	15000.051712	cloud-23982
eca-rers2012/Problem08_label15.yml	false	OUT OF MEMORY	113.572933781	65.2255609090007	15000.162304	cloud-23942	OUT OF MEMORY	176.552244251	99.72886047099018	15000.203264	cloud-23938	OUT OF MEMORY	170.748773383	93.97574276701198	15000.051712	cloud-23938
eca-rers2012/Problem08_label16.yml	true	OUT OF MEMORY	161.569739491	90.41484601699631	15000.043520	cloud-24261	OUT OF MEMORY	176.978116916	100.38054771500174	15000.043520	cloud-23982	OUT OF MEMORY	132.487667432	74.54742547299247	15000.174592	cloud-23942
eca-rers2012/Problem08_label17.yml	true	OUT OF MEMORY	168.60051186	93.81672527297633	15000.039424	cloud-23933	OUT OF MEMORY	135.942931619	76.12790512398351	15000.039424	cloud-23933	OUT OF MEMORY	122.872187471	69.56161928299116	15000.162304	cloud-23943
eca-rers2012/Problem08_label18.yml	true	OUT OF MEMORY	115.055978079	65.65761476899934	15000.166400	cloud-23942	OUT OF MEMORY	126.299691667	71.25995653000427	15000.162304	cloud-23940	OUT OF MEMORY	191.601705489	107.62756284099305	15000.051712	cloud-23938
eca-rers2012/Problem08_label19.yml	true	OUT OF MEMORY	120.66779383	68.82793902099365	15000.162304	cloud-23940	OUT OF MEMORY	117.775004587	66.86352228699252	15000.408064	cloud-23940	OUT OF MEMORY	120.697937243	69.04749123501824	15000.297472	cloud-23944
eca-rers2012/Problem08_label20.yml	true	OUT OF MEMORY	179.887103198	101.40859448000265	15000.297472	cloud-24260	OUT OF MEMORY	142.210016424	79.45208390598418	15000.182784	cloud-23938	OUT OF MEMORY	177.613770062	101.14951118500903	15000.051712	cloud-23980
eca-rers2012/Problem08_label21.yml	true	OUT OF MEMORY	131.149334003	73.83219978501438	15000.158208	cloud-23943	OUT OF MEMORY	146.274608932	82.04655216800165	15000.203264	cloud-23938	OUT OF MEMORY	141.844463882	79.72399506598595	15000.178688	cloud-23939
eca-rers2012/Problem08_label22.yml	true	OUT OF MEMORY	132.847475325	75.09435661899624	15000.162304	cloud-23944	OUT OF MEMORY	156.846346249	86.75066792199505	15000.043520	cloud-23933	OUT OF MEMORY	196.774449486	111.10204714600695	15000.047616	cloud-23938
eca-rers2012/Problem08_label23.yml	true	OUT OF MEMORY	137.455890761	77.14823023299687	15000.154112	cloud-23939	OUT OF MEMORY	158.526705986	88.36209544001031	15000.043520	cloud-23982	OUT OF MEMORY	138.865215741	79.1005619270145	15000.174592	cloud-23941
eca-rers2012/Problem08_label24.yml	false	OUT OF MEMORY	172.141224225	97.63566770299803	15000.039424	cloud-23933	OUT OF MEMORY	124.074709134	70.84631778800394	15000.166400	cloud-23941	OUT OF MEMORY	164.644183568	92.76022019700031	15000.051712	cloud-23933
eca-rers2012/Problem08_label25.yml	false	OUT OF MEMORY	135.058179621	75.15592370199738	15000.162304	cloud-23939	OUT OF MEMORY	148.740621114	83.29421739699319	15000.043520	cloud-23980	OUT OF MEMORY	142.05937156	79.77909788599936	15000.178688	cloud-23939
eca-rers2012/Problem08_label26.yml	false	OUT OF MEMORY	129.344072548	73.71992058202159	15000.162304	cloud-23941	OUT OF MEMORY	193.570879988	110.0357658060093	15000.035328	cloud-23982	OUT OF MEMORY	178.124162534	101.13673349400051	15000.047616	cloud-23938
eca-rers2012/Problem08_label27.yml	true	OUT OF MEMORY	130.912235362	75.12362884599861	15000.301568	cloud-23941	OUT OF MEMORY	144.160808512	80.62508719900507	15000.039424	cloud-23979	OUT OF MEMORY	158.687374373	89.00993262499105	15000.051712	cloud-23979
eca-rers2012/Problem08_label28.yml	false	OUT OF MEMORY	127.044633895	71.66028637401178	15000.330240	cloud-23941	OUT OF MEMORY	136.549477086	77.67807578999782	15000.162304	cloud-23939	OUT OF MEMORY	129.496218392	72.75314768200042	15000.416256	cloud-23940
eca-rers2012/Problem08_label29.yml	false	OUT OF MEMORY	168.654895582	93.35276927999985	15000.043520	cloud-24261	OUT OF MEMORY	138.690389259	78.07291701500071	15000.043520	cloud-23933	OUT OF MEMORY	133.322471383	75.10251466999762	15000.174592	cloud-23939
eca-rers2012/Problem08_label30.yml	true	OUT OF MEMORY	114.867434379	65.67740291399969	15000.158208	cloud-23940	OUT OF MEMORY	118.489538024	67.3772669309983	15000.166400	cloud-23944	OUT OF MEMORY	160.140988588	88.82766792399343	15000.039424	cloud-23979
eca-rers2012/Problem08_label31.yml	true	OUT OF MEMORY	180.490461281	102.151863897976	15000.272896	cloud-23933	OUT OF MEMORY	137.468240878	77.2830614479899	15000.043520	cloud-23933	OUT OF MEMORY	178.747213005	99.47992178698769	15000.043520	cloud-23938
eca-rers2012/Problem08_label32.yml	true	OUT OF MEMORY	196.07298795	110.48783590798848	15000.039424	cloud-24260	OUT OF MEMORY	168.257005266	95.32639939599903	15000.043520	cloud-23933	OUT OF MEMORY	128.775039881	72.50064954601112	15000.178688	cloud-23943
eca-rers2012/Problem08_label33.yml	true	OUT OF MEMORY	128.955819492	72.61158409100608	15000.350720	cloud-23939	OUT OF MEMORY	145.762379056	82.01401815999998	15000.276992	cloud-23980	OUT OF MEMORY	173.163172095	98.38357559900032	15000.051712	cloud-23938
eca-rers2012/Problem08_label34.yml	false	OUT OF MEMORY	172.688142399	98.5157629840005	15000.039424	cloud-24259	OUT OF MEMORY	148.379888268	82.68553636901197	15000.043520	cloud-23979	OUT OF MEMORY	195.372303474	111.38697424900602	15000.051712	cloud-23938
eca-rers2012/Problem08_label35.yml	true	OUT OF MEMORY	134.038113407	76.05966238398105	15000.162304	cloud-23941	OUT OF MEMORY	175.267089799	98.67877010299708	15000.039424	cloud-23938	OUT OF MEMORY	168.376519352	97.30442274099914	15000.055808	cloud-23980
eca-rers2012/Problem08_label36.yml	true	OUT OF MEMORY	123.39524299	69.86203940999985	15000.154112	cloud-23943	OUT OF MEMORY	141.504993766	78.0814971740183	15000.043520	cloud-23933	OUT OF MEMORY	114.591918668	65.3287931990053	15000.174592	cloud-23944
eca-rers2012/Problem08_label37.yml	false	OUT OF MEMORY	181.397887989	102.10968202500953	15000.043520	cloud-24260	OUT OF MEMORY	140.479129973	79.46318899601465	15000.240128	cloud-23980	OUT OF MEMORY	116.513405849	67.01464272700832	15000.178688	cloud-23944
eca-rers2012/Problem08_label38.yml	true	OUT OF MEMORY	120.798851729	68.60115263700004	15000.408064	cloud-23943	OUT OF MEMORY	129.438319451	73.19382375199348	15000.371200	cloud-23942	OUT OF MEMORY	189.590343818	109.5890137880051	15000.051712	cloud-23982
eca-rers2012/Problem08_label39.yml	true	OUT OF MEMORY	185.759638588	105.2787679139874	15000.043520	cloud-24260	OUT OF MEMORY	162.216288884	93.0384503500245	15000.043520	cloud-23980	OUT OF MEMORY	126.930238627	71.88050942600239	15000.395776	cloud-23943
eca-rers2012/Problem08_label40.yml	true	OUT OF MEMORY	161.994236249	90.96708630799549	15000.264704	cloud-23933	OUT OF MEMORY	148.293257269	84.0636225619819	15000.039424	cloud-23938	OUT OF MEMORY	141.829767458	79.73558693099767	15000.174592	cloud-23941
eca-rers2012/Problem08_label41.yml	true	OUT OF MEMORY	135.160546628	76.11621295599616	15000.166400	cloud-23941	OUT OF MEMORY	129.967182725	73.58746535901446	15000.162304	cloud-23940	OUT OF MEMORY	157.823040158	88.37096709801699	15000.055808	cloud-23979
eca-rers2012/Problem08_label42.yml	true	OUT OF MEMORY	111.388482454	63.19280917699871	15000.166400	cloud-23939	OUT OF MEMORY	145.251521052	80.53948502699495	15000.039424	cloud-23938	OUT OF MEMORY	181.425615166	100.17621997799142	15000.231936	cloud-23938
eca-rers2012/Problem08_label43.yml	false	OUT OF MEMORY	123.062805764	70.71208685502643	15000.424448	cloud-23940	OUT OF MEMORY	146.40273165	81.80293637001887	15000.039424	cloud-23980	OUT OF MEMORY	123.512698135	70.14512695497251	15000.174592	cloud-23943
eca-rers2012/Problem08_label44.yml	true	OUT OF MEMORY	141.480350583	79.53813354298472	15000.158208	cloud-23941	OUT OF MEMORY	119.462279439	68.6177603029937	15000.158208	cloud-23944	OUT OF MEMORY	116.279773459	66.19495096197352	15000.158208	cloud-23944
eca-rers2012/Problem08_label45.yml	true	OUT OF MEMORY	123.742700692	69.55814572901	15000.162304	cloud-23942	OUT OF MEMORY	150.321361108	84.47309653600678	15000.043520	cloud-23938	OUT OF MEMORY	174.784105097	98.16795486400952	15000.055808	cloud-23933
eca-rers2012/Problem08_label46.yml	false	OUT OF MEMORY	146.189014354	81.99051931899157	15000.158208	cloud-23941	OUT OF MEMORY	118.436606155	66.82020807499066	15000.162304	cloud-23942	OUT OF MEMORY	169.724338681	94.69286687299609	15000.047616	cloud-23933
eca-rers2012/Problem08_label47.yml	true	OUT OF MEMORY	134.537366189	75.27525282799616	15000.403968	cloud-23939	OUT OF MEMORY	146.811611448	82.54476440799772	15000.039424	cloud-23933	OUT OF MEMORY	150.21069126	84.34960923000472	15000.301568	cloud-23933
eca-rers2012/Problem08_label48.yml	false	OUT OF MEMORY	121.708852896	69.30992505297763	15000.158208	cloud-23940	OUT OF MEMORY	159.339171473	90.91913888402632	15000.043520	cloud-23980	OUT OF MEMORY	161.78754577	92.30076433101203	15000.051712	cloud-23938
eca-rers2012/Problem08_label49.yml	false	OUT OF MEMORY	127.46618749	71.23465551199479	15000.158208	cloud-23940	OUT OF MEMORY	129.249884345	73.2749275570095	15000.162304	cloud-23939	OUT OF MEMORY	134.345373109	75.82425574600347	15000.174592	cloud-23939
eca-rers2012/Problem08_label50.yml	false	OUT OF MEMORY	169.470488219	95.97679921899999	15000.039424	cloud-24261	OUT OF MEMORY	127.799882261	72.62495146199944	15000.166400	cloud-23941	OUT OF MEMORY	118.417450425	67.36472188902553	15000.174592	cloud-23944
eca-rers2012/Problem08_label51.yml	false	OUT OF MEMORY	211.040151301	123.45111026102677	15000.297472	cloud-24259	OUT OF MEMORY	144.512583413	81.4279079370026	15000.039424	cloud-23980	OUT OF MEMORY	173.493304029	101.77791323701967	15000.043520	cloud-23980
eca-rers2012/Problem08_label52.yml	true	OUT OF MEMORY	112.575195686	64.42898908399911	15000.162304	cloud-23939	OUT OF MEMORY	164.453259257	95.67186583598959	15000.035328	cloud-23980	OUT OF MEMORY	124.045571498	70.3379641190113	15000.174592	cloud-23942
eca-rers2012/Problem08_label53.yml	true	OUT OF MEMORY	133.908780936	75.81615718599642	15000.166400	cloud-23944	OUT OF MEMORY	149.67570815	85.24995714600664	15000.043520	cloud-23980	OUT OF MEMORY	163.034298723	90.62485283400747	15000.051712	cloud-23933
eca-rers2012/Problem08_label54.yml	true	OUT OF MEMORY	140.472810371	78.84556905600039	15000.158208	cloud-23943	OUT OF MEMORY	173.881751117	99.13378206800553	15000.043520	cloud-23982	OUT OF MEMORY	166.000329127	96.10815888398793	15000.186880	cloud-23980
eca-rers2012/Problem08_label55.yml	false	OUT OF MEMORY	172.322095106	97.34961696897517	15000.047616	cloud-23933	OUT OF MEMORY	137.940405709	78.71596796900849	15000.260608	cloud-23933	OUT OF MEMORY	168.901144041	98.70722292800201	15000.043520	cloud-23980
eca-rers2012/Problem08_label56.yml	true	OUT OF MEMORY	114.904675467	64.78454466000039	15000.162304	cloud-23944	OUT OF MEMORY	150.522969749	83.9947196719877	15000.240128	cloud-23938	OUT OF MEMORY	130.414377104	73.70361028998741	15000.383488	cloud-23939
eca-rers2012/Problem08_label57.yml	true	OUT OF MEMORY	130.234715639	73.71308322099867	15000.166400	cloud-23939	OUT OF MEMORY	155.256498298	87.04292947700014	15000.039424	cloud-23933	OUT OF MEMORY	181.193535483	103.85988911200548	15000.047616	cloud-23982
eca-rers2012/Problem08_label58.yml	true	OUT OF MEMORY	131.041804322	73.85301857499871	15000.162304	cloud-23943	OUT OF MEMORY	167.853223725	94.85230048201629	15000.039424	cloud-23980	OUT OF MEMORY	178.723994322	100.74685735601815	15000.297472	cloud-23938
eca-rers2012/Problem08_label59.yml	false	OUT OF MEMORY	130.14683674	73.40048397798091	15000.276992	cloud-23941	OUT OF MEMORY	121.081048948	68.14065798101365	15000.166400	cloud-23943	OUT OF MEMORY	125.568612203	71.05053910901188	15000.170496	cloud-23940
eca-rers2012/Problem09_label00.yml	true	OUT OF MEMORY	139.99166266	78.70342757800245	15000.043520	cloud-24259	OUT OF MEMORY	103.27044393	58.25969113499741	15000.162304	cloud-23940	OUT OF MEMORY	144.487440485	81.31741952401353	15000.293376	cloud-23980
eca-rers2012/Problem09_label01.yml	true	OUT OF MEMORY	133.327745121	75.29323805600006	15000.035328	cloud-24259	OUT OF MEMORY	128.931858942	73.16153139300877	15000.027136	cloud-23980	OUT OF MEMORY	133.720705119	74.3384540650004	15000.043520	cloud-23938
eca-rers2012/Problem09_label02.yml	false	OUT OF MEMORY	99.492663551	56.6899887160107	15000.391680	cloud-23940	OUT OF MEMORY	120.44893122	67.60908068699064	15000.043520	cloud-23982	OUT OF MEMORY	103.774981957	59.09362403000705	15000.174592	cloud-23940
eca-rers2012/Problem09_label03.yml	false	OUT OF MEMORY	90.192135822	51.17600936500003	15000.162304	cloud-23939	OUT OF MEMORY	135.33034586	76.22161894399324	15000.039424	cloud-23938	OUT OF MEMORY	120.846693947	68.52102952200221	15000.236032	cloud-23980
eca-rers2012/Problem09_label04.yml	true	OUT OF MEMORY	144.007549141	81.18083624498104	15000.035328	cloud-24260	OUT OF MEMORY	136.32142486	76.13421876600478	15000.039424	cloud-23982	OUT OF MEMORY	119.990482887	67.12374319700757	15000.047616	cloud-23979
eca-rers2012/Problem09_label05.yml	true	OUT OF MEMORY	116.075407184	66.32862299999942	15000.162304	cloud-23941	OUT OF MEMORY	91.070371696	52.41316309000831	15000.162304	cloud-23944	OUT OF MEMORY	100.231215513	56.38138727500336	15000.174592	cloud-23942
eca-rers2012/Problem09_label06.yml	false	OUT OF MEMORY	87.924865855	50.050908055000036	15000.162304	cloud-23940	OUT OF MEMORY	114.387612398	63.978459470003145	15000.035328	cloud-23979	OUT OF MEMORY	126.140844369	70.74103806301719	15000.055808	cloud-23979
eca-rers2012/Problem09_label07.yml	true	OUT OF MEMORY	104.530746822	58.92850912999711	15000.158208	cloud-23939	OUT OF MEMORY	137.598381205	77.9891459599894	15000.039424	cloud-23938	OUT OF MEMORY	91.328144938	52.41203400900122	15000.174592	cloud-23944
eca-rers2012/Problem09_label08.yml	false	OUT OF MEMORY	106.671079307	60.30024933099048	15000.166400	cloud-23944	OUT OF MEMORY	112.649101727	62.93411262499285	15000.039424	cloud-23979	OUT OF MEMORY	137.92476658	77.1711395230086	15000.051712	cloud-23938
eca-rers2012/Problem09_label09.yml	true	OUT OF MEMORY	87.433461345	50.115710793998005	15000.162304	cloud-23939	OUT OF MEMORY	109.984407569	62.27469960798044	15000.272896	cloud-23933	OUT OF MEMORY	136.117951279	79.33328300900757	15000.051712	cloud-23980
eca-rers2012/Problem09_label10.yml	false	OUT OF MEMORY	107.812105364	61.11247014001128	15000.412160	cloud-23941	OUT OF MEMORY	125.830680197	69.74445079397992	15000.039424	cloud-23979	OUT OF MEMORY	106.75867355	60.590790636983	15000.178688	cloud-23939
eca-rers2012/Problem09_label11.yml	false	OUT OF MEMORY	109.191777688	61.63920918898657	15000.363008	cloud-23939	OUT OF MEMORY	92.311468798	52.33908009598963	15000.166400	cloud-23940	OUT OF MEMORY	128.182445567	72.07759031798923	15000.047616	cloud-23933
eca-rers2012/Problem09_label12.yml	true	OUT OF MEMORY	92.941110752	52.67391642200528	15000.367104	cloud-23940	OUT OF MEMORY	108.767556678	60.73928585200338	15000.039424	cloud-23933	OUT OF MEMORY	126.419459861	70.87934402801329	15000.301568	cloud-23979
eca-rers2012/Problem09_label13.yml	true	OUT OF MEMORY	90.492872557	51.16797014799886	15000.158208	cloud-23944	OUT OF MEMORY	117.467964609	66.61321867100196	15000.043520	cloud-23980	OUT OF MEMORY	112.19604519	62.86080476202187	15000.174592	cloud-23939
eca-rers2012/Problem09_label14.yml	true	OUT OF MEMORY	90.73132352	51.903990119999435	15000.166400	cloud-23942	OUT OF MEMORY	108.961888902	61.55534904199885	15000.039424	cloud-23933	OUT OF MEMORY	142.275848226	79.34167767301551	15000.289280	cloud-23938
eca-rers2012/Problem09_label15.yml	false	OUT OF MEMORY	155.231892106	87.06852776097367	15000.039424	cloud-24260	OUT OF MEMORY	137.285340239	76.86985891498625	15000.043520	cloud-23933	OUT OF MEMORY	94.407510044	54.15130340401083	15000.174592	cloud-23944
eca-rers2012/Problem09_label16.yml	true	OUT OF MEMORY	87.022182068	50.22445105600036	15000.166400	cloud-23942	OUT OF MEMORY	110.522791919	61.62207410100382	15000.039424	cloud-23979	OUT OF MEMORY	136.177361597	77.65168689499842	15000.051712	cloud-23982
eca-rers2012/Problem09_label17.yml	true	OUT OF MEMORY	106.651572369	59.97741375101032	15000.166400	cloud-23941	OUT OF MEMORY	115.291860815	65.04274747500313	15000.043520	cloud-23933	OUT OF MEMORY	97.903957795	55.09234096601722	15000.174592	cloud-23940
eca-rers2012/Problem09_label18.yml	true	OUT OF MEMORY	138.577334202	78.22559723999984	15000.248320	cloud-24259	OUT OF MEMORY	111.573067486	61.67890004100627	15000.039424	cloud-23938	OUT OF MEMORY	98.088840096	55.74791769500007	15000.322048	cloud-23942
eca-rers2012/Problem09_label19.yml	false	OUT OF MEMORY	106.839529913	59.91017034399556	15000.158208	cloud-23939	OUT OF MEMORY	109.945639574	61.984367850993294	15000.039424	cloud-23980	OUT OF MEMORY	127.873936124	74.6624923160125	15000.051712	cloud-23980
eca-rers2012/Problem09_label20.yml	false	OUT OF MEMORY	102.661608206	58.288243521994445	15000.162304	cloud-23944	OUT OF MEMORY	135.765398491	76.53440981500898	15000.031232	cloud-23938	OUT OF MEMORY	100.157400963	56.45391188497888	15000.174592	cloud-23940
eca-rers2012/Problem09_label21.yml	true	OUT OF MEMORY	100.348343674	56.346461678003834	15000.158208	cloud-23944	OUT OF MEMORY	106.804113221	60.513930599991	15000.039424	cloud-23933	OUT OF MEMORY	100.365185257	56.6858628730115	15000.174592	cloud-23943
eca-rers2012/Problem09_label22.yml	true	OUT OF MEMORY	105.0957494	60.45248727099988	15000.166400	cloud-23943	OUT OF MEMORY	98.096355008	55.5824965449865	15000.166400	cloud-23940	OUT OF MEMORY	134.345645808	75.43331706302706	15000.035328	cloud-23933
eca-rers2012/Problem09_label23.yml	true	OUT OF MEMORY	99.942984162	56.98112026700255	15000.162304	cloud-23944	OUT OF MEMORY	101.106286901	57.16512855497422	15000.166400	cloud-23943	OUT OF MEMORY	121.410814406	68.4034047399764	15000.051712	cloud-23979
eca-rers2012/Problem09_label24.yml	true	OUT OF MEMORY	134.216783817	75.26190452900482	15000.297472	cloud-23933	OUT OF MEMORY	105.60811667	60.371539215993835	15000.162304	cloud-23942	OUT OF MEMORY	133.519267112	75.93176677598967	15000.043520	cloud-23980
eca-rers2012/Problem09_label25.yml	true	OUT OF MEMORY	146.206869645	84.396093991003	15000.252416	cloud-24259	OUT OF MEMORY	133.69307084	74.51620201600599	15000.035328	cloud-23933	OUT OF MEMORY	100.015661782	56.71674749199883	15000.174592	cloud-23943
eca-rers2012/Problem09_label26.yml	true	OUT OF MEMORY	104.422120418	58.4240017100019	15000.166400	cloud-23940	OUT OF MEMORY	134.91093909	75.26443645497784	15000.039424	cloud-23933	OUT OF MEMORY	100.520846442	56.66442667800584	15000.174592	cloud-23943
eca-rers2012/Problem09_label27.yml	true	OUT OF MEMORY	165.078025243	95.6402974579978	15000.043520	cloud-24259	OUT OF MEMORY	98.527535597	55.42592357198009	15000.297472	cloud-23940	OUT OF MEMORY	144.011857227	82.46343327200157	15000.047616	cloud-23982
eca-rers2012/Problem09_label28.yml	true	OUT OF MEMORY	93.273070666	53.28068836800048	15000.170496	cloud-23942	OUT OF MEMORY	118.772499845	66.97361983600422	15000.297472	cloud-23982	OUT OF MEMORY	121.821802195	67.50445659298566	15000.051712	cloud-23979
eca-rers2012/Problem09_label29.yml	true	OUT OF MEMORY	131.28458196	73.87252065599932	15000.223744	cloud-23979	OUT OF MEMORY	105.601312703	59.57281702599721	15000.162304	cloud-23939	OUT OF MEMORY	101.480164359	57.542559374007396	15000.170496	cloud-23942
eca-rers2012/Problem09_label30.yml	true	OUT OF MEMORY	93.632985937	53.837073047994636	15000.162304	cloud-23940	OUT OF MEMORY	106.184871423	59.701650461007375	15000.166400	cloud-23942	OUT OF MEMORY	97.193827301	55.32930741700693	15000.162304	cloud-23944
eca-rers2012/Problem09_label31.yml	true	OUT OF MEMORY	98.122566741	56.48949882499801	15000.162304	cloud-23944	OUT OF MEMORY	119.146875987	66.48676472800435	15000.043520	cloud-23938	OUT OF MEMORY	122.657650785	70.32153082100558	15000.055808	cloud-23980
eca-rers2012/Problem09_label32.yml	false	OUT OF MEMORY	120.868083152	69.38512297700072	15000.268800	cloud-24261	OUT OF MEMORY	131.112626419	75.52804444398498	15000.043520	cloud-23980	OUT OF MEMORY	122.904342549	68.55523641800391	15000.055808	cloud-23979
eca-rers2012/Problem09_label33.yml	true	OUT OF MEMORY	134.358584202	76.76636181498179	15000.043520	cloud-23933	OUT OF MEMORY	119.65846999	67.48549898099736	15000.043520	cloud-23980	OUT OF MEMORY	143.402965046	82.00531741499435	15000.043520	cloud-23982
eca-rers2012/Problem09_label34.yml	false	OUT OF MEMORY	133.857613445	74.48316006999812	15000.035328	cloud-23933	OUT OF MEMORY	124.459701588	70.70093968999572	15000.035328	cloud-23980	OUT OF MEMORY	103.115263623	59.23892362701008	15000.178688	cloud-23939
eca-rers2012/Problem09_label35.yml	false	OUT OF MEMORY	102.288264742	57.97595258000001	15000.158208	cloud-23943	OUT OF MEMORY	132.793746651	75.46390654402785	15000.047616	cloud-23938	OUT OF MEMORY	98.729494158	56.318366969993804	15000.178688	cloud-23943
eca-rers2012/Problem09_label36.yml	false	OUT OF MEMORY	139.997062892	79.54524611998932	15000.043520	cloud-24260	OUT OF MEMORY	121.524696696	67.7255323700083	15000.035328	cloud-23979	OUT OF MEMORY	145.976457373	83.30794657897786	15000.051712	cloud-23982
eca-rers2012/Problem09_label37.yml	true	OUT OF MEMORY	107.395530601	60.541507665999234	15000.154112	cloud-23943	OUT OF MEMORY	140.889620139	79.48174688301515	15000.043520	cloud-23982	OUT OF MEMORY	120.692016166	68.37132676001056	15000.051712	cloud-23979
eca-rers2012/Problem09_label38.yml	false	OUT OF MEMORY	89.507901118	51.32957169099973	15000.166400	cloud-23942	OUT OF MEMORY	115.833202917	65.33528190400102	15000.043520	cloud-23982	OUT OF MEMORY	123.987215077	69.39246737898793	15000.055808	cloud-23933
eca-rers2012/Problem09_label39.yml	true	OUT OF MEMORY	98.408821306	55.8519456149952	15000.170496	cloud-23943	OUT OF MEMORY	138.00969014	78.47243382001761	15000.039424	cloud-23982	OUT OF MEMORY	120.271464704	67.41001816699281	15000.043520	cloud-23933
eca-rers2012/Problem09_label40.yml	true	OUT OF MEMORY	102.61103583	57.815227795013925	15000.150016	cloud-23943	OUT OF MEMORY	112.512483839	63.16962807401433	15000.248320	cloud-23980	OUT OF MEMORY	108.251920283	61.10503679301473	15000.174592	cloud-23941
eca-rers2012/Problem09_label41.yml	false	OUT OF MEMORY	85.073604658	48.786035281000295	15000.158208	cloud-23939	OUT OF MEMORY	98.408810337	55.229939626005944	15000.166400	cloud-23940	OUT OF MEMORY	127.528740723	71.77241602001595	15000.055808	cloud-23933
eca-rers2012/Problem09_label42.yml	true	OUT OF MEMORY	109.25301343	62.75450007600011	15000.166400	cloud-23941	OUT OF MEMORY	108.249002102	61.46980030101258	15000.289280	cloud-23938	OUT OF MEMORY	130.553697675	75.05092117001186	15000.051712	cloud-23980
eca-rers2012/Problem09_label43.yml	true	OUT OF MEMORY	85.194410299	48.44637263700133	15000.158208	cloud-23944	OUT OF MEMORY	96.96519323	54.77145541299251	15000.166400	cloud-23941	OUT OF MEMORY	151.422033233	84.8321480389859	15000.039424	cloud-23938
eca-rers2012/Problem09_label44.yml	false	OUT OF MEMORY	100.670821723	57.41406040500078	15000.162304	cloud-23943	OUT OF MEMORY	113.34559277	62.76287699397653	15000.043520	cloud-23979	OUT OF MEMORY	128.906446813	72.7347097589809	15000.043520	cloud-23933
eca-rers2012/Problem09_label45.yml	true	OUT OF MEMORY	103.933270484	59.13849078199928	15000.162304	cloud-23942	OUT OF MEMORY	146.052144609	85.47209909398225	15000.031232	cloud-23982	OUT OF MEMORY	107.017019504	59.9692211880174	15000.162304	cloud-23939
eca-rers2012/Problem09_label46.yml	false	OUT OF MEMORY	132.949798173	75.10421654499987	15000.039424	cloud-24261	OUT OF MEMORY	101.959680084	57.53367416901165	15000.162304	cloud-23940	OUT OF MEMORY	108.836438249	61.52485494100256	15000.166400	cloud-23941
eca-rers2012/Problem09_label47.yml	false	OUT OF MEMORY	105.177280747	59.26736717499443	15000.162304	cloud-23941	OUT OF MEMORY	115.343407248	64.32502065598965	15000.043520	cloud-23979	OUT OF MEMORY	130.326647958	73.0132949599938	15000.051712	cloud-23933
eca-rers2012/Problem09_label48.yml	true	OUT OF MEMORY	105.954736816	59.74156014400069	15000.166400	cloud-23941	OUT OF MEMORY	115.36095781	65.55990988897975	15000.035328	cloud-23982	OUT OF MEMORY	102.656812978	57.882826973014744	15000.170496	cloud-23942
eca-rers2012/Problem09_label49.yml	true	OUT OF MEMORY	89.447091277	50.48609161100103	15000.162304	cloud-23944	OUT OF MEMORY	115.348421435	64.32458201798727	15000.035328	cloud-23979	OUT OF MEMORY	99.686904247	56.67396606199327	15000.162304	cloud-23943
eca-rers2012/Problem09_label50.yml	true	OUT OF MEMORY	105.398188498	59.78850606299966	15000.158208	cloud-23944	OUT OF MEMORY	118.440042676	66.30347189001623	15000.039424	cloud-23982	OUT OF MEMORY	102.758219665	57.612444613012485	15000.416256	cloud-23939
eca-rers2012/Problem09_label51.yml	false	OUT OF MEMORY	167.861617765	97.30121591099305	15000.043520	cloud-24259	OUT OF MEMORY	138.002566777	75.84844189501018	15000.043520	cloud-23938	OUT OF MEMORY	102.593803364	58.11391120197368	15000.174592	cloud-23939
eca-rers2012/Problem09_label52.yml	true	OUT OF MEMORY	104.289105136	59.339006084017456	15000.158208	cloud-23941	OUT OF MEMORY	114.862337129	64.09695375699084	15000.043520	cloud-23979	OUT OF MEMORY	149.564687819	87.4700600420183	15000.047616	cloud-23982
eca-rers2012/Problem09_label53.yml	false	OUT OF MEMORY	102.979408069	57.986817487020744	15000.162304	cloud-23941	OUT OF MEMORY	140.795790337	80.76527268099017	15000.043520	cloud-23982	OUT OF MEMORY	129.066461116	71.86226757898112	15000.047616	cloud-23933
eca-rers2012/Problem09_label54.yml	false	OUT OF MEMORY	138.045289776	78.21335389098385	15000.035328	cloud-23933	OUT OF MEMORY	99.543422198	57.13148336400627	15000.166400	cloud-23941	OUT OF MEMORY	134.284785154	78.1243640750181	15000.051712	cloud-23980
eca-rers2012/Problem09_label55.yml	true	OUT OF MEMORY	171.344306827	97.98562990600476	15000.043520	cloud-24259	OUT OF MEMORY	106.146142541	59.6432029690186	15000.166400	cloud-23943	OUT OF MEMORY	106.832790144	59.94330115499906	15000.162304	cloud-23941
eca-rers2012/Problem09_label56.yml	false	OUT OF MEMORY	102.135197211	57.904740536992904	15000.416256	cloud-23944	OUT OF MEMORY	124.351337863	71.39137857500464	15000.043520	cloud-23980	OUT OF MEMORY	100.747918628	57.13954482800909	15000.178688	cloud-23942
eca-rers2012/Problem09_label57.yml	false	OUT OF MEMORY	99.033304108	56.54889100499713	15000.162304	cloud-23943	OUT OF MEMORY	122.215707176	70.0167861370137	15000.039424	cloud-23980	OUT OF MEMORY	99.649757391	56.40444178000325	15000.174592	cloud-23942
eca-rers2012/Problem09_label58.yml	true	OUT OF MEMORY	91.220264328	51.681033729000774	15000.363008	cloud-23940	OUT OF MEMORY	123.586621839	69.32973632900394	15000.043520	cloud-23979	OUT OF MEMORY	141.616311588	79.89137245199527	15000.051712	cloud-23933
eca-rers2012/Problem09_label59.yml	false	OUT OF MEMORY	88.591534705	50.29240664499957	15000.346624	cloud-23940	OUT OF MEMORY	107.76242372	59.96699821698712	15000.043520	cloud-23938	OUT OF MEMORY	140.432229659	79.09296692698263	15000.051712	cloud-23982
eca-rers2012/Problem10_label00.yml	true	true	89.254833115	60.167441187018994	1605.574656	cloud-23933	true	91.855420674	61.40141276299255	1372.807168	cloud-23982	TIMEOUT	990.402744565	962.8092573609902	1359.818752	cloud-23980
eca-rers2012/Problem10_label01.yml	true	true	141.459312191	105.92309727999964	1831.833600	cloud-23979	true	126.686372792	99.49675368299359	1467.437056	cloud-23979	TIMEOUT	990.488081939	962.0445530879952	1604.648960	cloud-23933
eca-rers2012/Problem10_label02.yml	true	true	162.887334851	122.6365759060136	1397.153792	cloud-24259	true	160.830615889	125.58089012699202	1322.754048	cloud-23982	TIMEOUT	990.420660894	964.6564435699838	1494.528000	cloud-23980
eca-rers2012/Problem10_label03.yml	true	true	62.855160751	42.01074855698971	1308.807168	cloud-23979	true	81.957458991	53.69093438301934	1523.859456	cloud-23938	TIMEOUT	990.410012351	967.4701020909997	1478.033408	cloud-23980
eca-rers2012/Problem10_label04.yml	true	true	87.566515417	57.05433474900201	1396.420608	cloud-24259	true	80.965002505	53.0236412009981	1506.361344	cloud-23938	TIMEOUT	990.393304718	962.730865310994	1401.143296	cloud-23979
eca-rers2012/Problem10_label05.yml	true	true	97.640389159	62.700567524996586	1368.395776	cloud-24259	true	77.89846121	50.31913288301439	1502.646272	cloud-23980	TIMEOUT	990.442424543	960.5337046690111	1465.282560	cloud-23938
eca-rers2012/Problem10_label06.yml	true	true	71.081397983	46.6578861779999	1634.177024	cloud-23979	true	76.524013098	49.44604259199696	1489.682432	cloud-23982	TIMEOUT	990.495665618	962.0371652400063	1551.929344	cloud-23938
eca-rers2012/Problem10_label07.yml	true	true	75.070353788	49.37513223499991	1420.091392	cloud-24260	true	73.982946305	48.46692265299498	1352.171520	cloud-23938	TIMEOUT	990.443647697	960.3593385760032	1569.984512	cloud-23938
eca-rers2012/Problem10_label08.yml	true	true	75.438422139	47.597635083977366	1538.781184	cloud-23979	true	79.645970259	52.218506154982606	1336.315904	cloud-23938	TIMEOUT	990.447521495	957.4073340949835	1592.766464	cloud-23979
eca-rers2012/Problem10_label09.yml	true	true	86.732623687	55.81894882999768	1274.122240	cloud-24259	true	64.37079354	42.23578251901199	1431.048192	cloud-23979	TIMEOUT	990.503385949	957.7867455589876	1749.233664	cloud-23938
eca-rers2012/Problem10_label10.yml	true	true	77.648457201	51.66606338099518	1302.179840	cloud-24259	true	64.834681947	42.882555693009635	1342.562304	cloud-23933	TIMEOUT	990.476419493	964.3674497850006	1499.324416	cloud-23933
eca-rers2012/Problem10_label11.yml	true	true	107.462037971	75.44318349901005	1327.456256	cloud-24259	true	110.610899899	77.82488082299824	1524.920320	cloud-23982	TIMEOUT	990.40830313	963.7771523039846	1404.182528	cloud-23979
eca-rers2012/Problem10_label12.yml	false	TIMEOUT	992.318159539	588.5303469750215	2271.322112	cloud-24260	TIMEOUT	990.451227617	958.3386610939924	1522.089984	cloud-23979	TIMEOUT	990.516361515	961.2510859830072	1624.498176	cloud-23982
eca-rers2012/Problem10_label13.yml	true	true	145.63008342	110.58085203600058	1343.004672	cloud-24259	true	120.384465382	92.71856844099239	1333.985280	cloud-23933	TIMEOUT	990.540112805	958.9059733180038	1608.708096	cloud-23938
eca-rers2012/Problem10_label14.yml	true	true	99.855998005	67.05216799798654	1496.592384	cloud-23979	true	96.429001305	65.58177099999739	1470.590976	cloud-23938	TIMEOUT	990.430627667	964.4810803470027	1348.308992	cloud-23933
eca-rers2012/Problem10_label15.yml	false	false(unreach-call)	162.500810316	130.32473910599947	1523.392512	cloud-23979	false(unreach-call)	148.096682577	121.77478263998637	1434.644480	cloud-23943	TIMEOUT	990.394833907	959.1330505270162	1527.312384	cloud-23982
eca-rers2012/Problem10_label16.yml	true	true	144.599813538	108.86862192899571	1350.320128	cloud-23933	true	131.687698787	101.83453888900112	1309.319168	cloud-23979	TIMEOUT	990.417873648	958.2897251859831	1506.623488	cloud-23982
eca-rers2012/Problem10_label17.yml	true	true	146.409770618	113.64083202599431	1549.692928	cloud-24261	true	146.666422916	115.42620939199696	1454.198784	cloud-23982	TIMEOUT	990.438381818	957.5406539730029	1530.109952	cloud-23979
eca-rers2012/Problem10_label18.yml	true	true	140.409157526	107.1252789599821	1390.841856	cloud-23933	true	156.551448178	121.23001562198624	1638.793216	cloud-23938	TIMEOUT	990.356993521	965.9850924079947	1592.602624	cloud-23980
eca-rers2012/Problem10_label19.yml	true	true	67.095586485	44.60625068900117	1423.400960	cloud-24261	true	69.858382488	45.8680945019878	1554.567168	cloud-23979	TIMEOUT	990.447424391	964.5295378600131	1491.230720	cloud-23980
eca-rers2012/Problem10_label20.yml	true	true	89.800517582	58.65855435299454	1399.050240	cloud-23979	true	86.755994147	59.55071889801184	1578.586112	cloud-23982	TIMEOUT	990.383017167	961.498746591009	1397.264384	cloud-23938
eca-rers2012/Problem10_label21.yml	true	true	136.411900386	103.82889288000297	1612.533760	cloud-23979	true	161.80182372	125.12053757702233	1474.555904	cloud-23982	TIMEOUT	990.46054487	960.1617835130019	1541.500928	cloud-23938
eca-rers2012/Problem10_label22.yml	true	true	174.665716014	132.84157396599767	1832.112128	cloud-24260	true	147.935668931	117.69331826799316	1258.868736	cloud-23979	TIMEOUT	990.375351844	967.9263973869965	1582.780416	cloud-23980
eca-rers2012/Problem10_label23.yml	true	true	76.722185651	50.033059773006244	1529.974784	cloud-23979	true	97.719303905	63.90987865900388	1372.102656	cloud-23982	TIMEOUT	990.402825032	959.8565855399938	1338.593280	cloud-23982
eca-rers2012/Problem10_label24.yml	false	false(unreach-call)	100.59434444	66.4902251449821	1312.452608	cloud-23933	false(unreach-call)	91.801051246	62.35118616500404	1598.341120	cloud-23980	TIMEOUT	990.406338894	959.0424541080138	1570.725888	cloud-23982
eca-rers2012/Problem10_label25.yml	true	true	155.516905157	123.96193603501888	1282.789376	cloud-23979	true	172.535266122	137.13356081201346	1680.936960	cloud-23938	TIMEOUT	990.464029337	959.5489897520165	1533.628416	cloud-23938
eca-rers2012/Problem10_label26.yml	false	false(unreach-call)	98.744245881	65.70751471101539	1501.122560	cloud-23979	false(unreach-call)	77.280786133	54.160351610014914	1574.252544	cloud-23944	TIMEOUT	990.468547439	960.0039095219981	1380.401152	cloud-23938
eca-rers2012/Problem10_label27.yml	true	true	96.766710351	65.36437944599311	1493.348352	cloud-24260	true	92.332596639	65.35121837398037	1516.773376	cloud-23980	TIMEOUT	990.561761498	958.3024182329827	1545.199616	cloud-23933
eca-rers2012/Problem10_label28.yml	false	TIMEOUT	990.519193661	950.0651142369898	1504.935936	cloud-23979	TIMEOUT	990.386615148	962.7148251000035	1915.080704	cloud-23940	TIMEOUT	990.45628762	954.9652967840084	1373.286400	cloud-23933
eca-rers2012/Problem10_label29.yml	false	TIMEOUT	990.568846615	946.8301534090133	1497.468928	cloud-23979	TIMEOUT	990.47417022	958.6565543659963	1527.324672	cloud-23933	TIMEOUT	990.404641874	964.8984373270068	1478.418432	cloud-23979
eca-rers2012/Problem10_label30.yml	true	true	116.037759339	76.74607350998849	1307.832320	cloud-24259	true	96.943669925	65.66769333402044	1356.091392	cloud-23933	TIMEOUT	990.381178132	960.7917207560095	1394.442240	cloud-23982
eca-rers2012/Problem10_label31.yml	true	true	91.811466026	63.26758305399562	1360.171008	cloud-23979	true	110.436138	75.19656957298866	1331.990528	cloud-23938	TIMEOUT	990.406945555	962.6940118359926	1385.721856	cloud-23979
eca-rers2012/Problem10_label32.yml	true	true	126.762887021	94.37419413699536	1425.788928	cloud-23979	true	138.466437836	107.76150259599672	1407.766528	cloud-23980	TIMEOUT	990.397694369	959.8240149570047	1462.263808	cloud-23982
eca-rers2012/Problem10_label33.yml	true	true	141.697496588	105.82051599500119	1367.920640	cloud-24260	true	145.443395615	110.08619007599191	1415.872512	cloud-23938	TIMEOUT	990.456530912	960.3787609800056	1482.551296	cloud-23938
eca-rers2012/Problem10_label34.yml	true	true	112.261428294	77.43632952898042	1587.748864	cloud-24259	true	88.294842607	62.28640320300474	1397.575680	cloud-23933	TIMEOUT	990.415228876	966.5834347709897	1539.297280	cloud-23980
eca-rers2012/Problem10_label35.yml	true	true	151.693965713	115.83788448898122	1597.263872	cloud-24260	true	143.524571755	114.0462069149944	1421.348864	cloud-23980	TIMEOUT	990.353799501	967.3395508060057	1510.776832	cloud-23980
eca-rers2012/Problem10_label36.yml	true	true	138.473984688	109.04616941799759	1619.816448	cloud-24261	true	155.966472689	118.82431786300731	1461.018624	cloud-23938	TIMEOUT	990.395120779	966.3432566190022	1511.411712	cloud-23979
eca-rers2012/Problem10_label37.yml	true	true	131.034583189	98.60431528001209	1383.395328	cloud-23979	true	131.136770971	99.94163711401052	1546.489856	cloud-23979	TIMEOUT	990.414456763	963.4969116340217	1361.399808	cloud-23979
eca-rers2012/Problem10_label38.yml	true	true	123.602935985	93.21234441001434	1430.556672	cloud-23979	true	106.451858807	84.28800179599784	1310.810112	cloud-23944	TIMEOUT	990.423219483	962.7717574140115	1603.522560	cloud-23979
eca-rers2012/Problem10_label39.yml	true	true	72.754380353	49.01289237999299	1658.675200	cloud-24261	true	78.351142832	51.423209444008535	1536.958464	cloud-23938	TIMEOUT	990.466343284	964.2513691560016	1503.432704	cloud-23980
eca-rers2012/Problem10_label40.yml	true	TIMEOUT	990.548906757	945.9221799699881	1708.654592	cloud-23933	TIMEOUT	990.470294043	957.613413212006	1780.097024	cloud-23933	TIMEOUT	990.470072304	953.381191781984	1521.434624	cloud-23933
eca-rers2012/Problem10_label41.yml	false	TIMEOUT	990.520687388	931.8750477029826	1482.989568	cloud-23933	false(unreach-call)	276.39712118	242.6688663889945	1673.490432	cloud-23979	TIMEOUT	990.396726877	961.6962499740184	1330.679808	cloud-23979
eca-rers2012/Problem10_label42.yml	false	false(unreach-call)	88.888091673	57.792517556008534	1300.361216	cloud-24260	false(unreach-call)	79.698128553	51.6629690680129	1491.537920	cloud-23933	TIMEOUT	990.432814596	963.1711419420026	1408.864256	cloud-23933
eca-rers2012/Problem10_label43.yml	true	TIMEOUT	990.421850174	953.7775623579801	1552.060416	cloud-23933	TIMEOUT	990.466896043	966.7382777199964	1598.218240	cloud-23979	TIMEOUT	990.402420773	960.514830560016	1720.852480	cloud-23982
eca-rers2012/Problem10_label44.yml	true	true	145.962910028	116.41702450400044	1443.053568	cloud-24261	true	149.635400291	120.05548381898552	1491.996672	cloud-23982	TIMEOUT	990.478452713	960.862459069991	1362.243584	cloud-23938
eca-rers2012/Problem10_label45.yml	true	TIMEOUT	990.471976198	951.1057943909836	1395.695616	cloud-23933	TIMEOUT	990.457563702	963.4945723749988	1409.556480	cloud-23938	TIMEOUT	990.423674096	963.3203709679947	1521.041408	cloud-23933
eca-rers2012/Problem10_label46.yml	false	false(unreach-call)	77.40300019	49.999013292981545	1328.340992	cloud-24260	false(unreach-call)	72.466555933	47.98226327699376	1251.323904	cloud-23938	false(unreach-call)	207.232810797	183.40192711600685	1410.473984	cloud-23980
eca-rers2012/Problem10_label47.yml	false	false(unreach-call)	85.705561038	59.54055390099529	1379.033088	cloud-24259	false(unreach-call)	84.895040517	58.06074157799594	1363.480576	cloud-23979	TIMEOUT	990.448522251	961.0774184000038	1548.689408	cloud-23938
eca-rers2012/Problem10_label48.yml	false	false(unreach-call)	88.99033463	59.40651115201763	1509.502976	cloud-23933	false(unreach-call)	86.679475917	59.2981354460062	1485.803520	cloud-23980	TIMEOUT	990.356300142	963.9821580919961	1277.112320	cloud-23980
eca-rers2012/Problem10_label49.yml	true	TIMEOUT	990.441127548	946.5679182579916	1654.005760	cloud-23979	TIMEOUT	990.467023695	957.6717589990003	1575.276544	cloud-23980	TIMEOUT	990.364522291	959.4867935259826	1508.667392	cloud-23982
eca-rers2012/Problem10_label50.yml	false	TIMEOUT	990.436869913	945.8660657660075	1465.380864	cloud-24261	TIMEOUT	990.457731611	959.0046979490144	1871.687680	cloud-23980	TIMEOUT	990.432818492	962.5532206390053	1434.869760	cloud-23980
eca-rers2012/Problem10_label51.yml	true	true	119.23343499	82.03210165599012	1643.864064	cloud-24259	true	94.904808648	65.75380382701405	1470.971904	cloud-23980	TIMEOUT	990.436963609	964.6487783979974	1516.183552	cloud-23933
eca-rers2012/Problem10_label52.yml	true	true	119.88551233	85.42579244301305	1555.677184	cloud-24259	true	136.271297979	101.58064869602094	1448.742912	cloud-23938	TIMEOUT	990.312549674	965.441232607991	1525.018624	cloud-23980
eca-rers2012/Problem10_label53.yml	true	true	129.633317826	94.6731539129978	1333.673984	cloud-23979	true	130.539654734	101.05725434501073	1384.407040	cloud-23980	TIMEOUT	990.464312745	959.3951086349844	1372.745728	cloud-23938
eca-rers2012/Problem10_label54.yml	true	true	97.728948486	64.92139785000472	1477.828608	cloud-23979	true	95.419809206	65.74665537499823	1748.242432	cloud-23979	TIMEOUT	990.419921925	960.5792255100096	1458.618368	cloud-23933
eca-rers2012/Problem10_label55.yml	false	false(unreach-call)	134.475760446	103.05812289202004	1493.843968	cloud-23979	false(unreach-call)	146.310025845	112.44461569999112	1359.855616	cloud-23933	TIMEOUT	990.455084681	959.0739596229978	1582.358528	cloud-23938
eca-rers2012/Problem10_label56.yml	true	TIMEOUT	990.466652698	938.5969308659987	1438.154752	cloud-24259	TIMEOUT	990.534406343	955.8319717620034	1443.827712	cloud-23982	TIMEOUT	990.406051872	964.4529776489944	1416.585216	cloud-23979
eca-rers2012/Problem10_label57.yml	false	false(unreach-call)	94.4175758	62.06632852900657	1445.318656	cloud-23933	false(unreach-call)	86.428675367	57.90822474300512	1504.735232	cloud-23980	TIMEOUT	990.464684724	961.8337838820007	1413.820416	cloud-23979
eca-rers2012/Problem10_label58.yml	false	false(unreach-call)	84.924537927	55.49608508302481	1459.843072	cloud-23933	false(unreach-call)	80.562515048	54.53850070599583	1660.829696	cloud-23980	TIMEOUT	990.668610146	960.1089610290073	1538.088960	cloud-23938
eca-rers2012/Problem10_label59.yml	true	TIMEOUT	990.528674097	941.401694139	1488.424960	cloud-23979	TIMEOUT	990.565317957	953.7956051720248	1816.285184	cloud-23938	TIMEOUT	990.489878536	958.9021308739902	1496.993792	cloud-23938
eca-rers2012/Problem11_label00.yml	false	TIMEOUT	990.645474242	930.2537414160033	2575.302656	cloud-23979	TIMEOUT	990.622378037	952.1808853399998	2343.870464	cloud-23982	TIMEOUT	990.503393823	955.6487291570229	2288.082944	cloud-23979
eca-rers2012/Problem11_label01.yml	true	TIMEOUT	990.79193915	618.2956166220247	4681.334784	cloud-24259	true	345.874852568	297.18960001697997	2373.201920	cloud-23938	TIMEOUT	990.677722348	946.3959115720063	2361.421824	cloud-23938
eca-rers2012/Problem11_label02.yml	true	TIMEOUT	990.956892154	917.633364993002	2823.405568	cloud-24260	TIMEOUT	990.631880252	939.875649160007	2617.593856	cloud-23933	TIMEOUT	990.495482877	949.0681019569747	2430.296064	cloud-23982
eca-rers2012/Problem11_label03.yml	true	TIMEOUT	990.895232126	933.1747818189906	2947.301376	cloud-23979	TIMEOUT	990.728016318	946.8458257119928	2486.206464	cloud-23938	TIMEOUT	990.552037792	950.1749886450125	2118.778880	cloud-23938
eca-rers2012/Problem11_label04.yml	true	TIMEOUT	991.296373812	598.7986733269936	2815.840256	cloud-23933	true	223.874959374	185.83963026700076	2388.267008	cloud-23939	TIMEOUT	990.531563745	955.802476546989	2330.378240	cloud-23933
eca-rers2012/Problem11_label05.yml	true	TIMEOUT	990.69429686	924.6740667029808	2717.110272	cloud-23933	TIMEOUT	990.55221386	946.4549384480051	2439.520256	cloud-23980	TIMEOUT	990.532879231	951.9759980419767	2224.562176	cloud-23979
eca-rers2012/Problem11_label06.yml	true	TIMEOUT	990.776785917	923.5667829379963	2838.163456	cloud-24260	TIMEOUT	990.64664749	944.4998574680067	2348.052480	cloud-23938	TIMEOUT	990.579974061	952.5525835209992	2321.231872	cloud-23979
eca-rers2012/Problem11_label07.yml	true	true	236.956613313	186.07547503500246	2426.679296	cloud-24260	true	194.959329346	155.8183672360028	2439.798784	cloud-23979	TIMEOUT	990.55897113	954.1493945269904	2389.991424	cloud-23979
eca-rers2012/Problem11_label08.yml	false	TIMEOUT	990.897994484	925.5874683790025	3240.046592	cloud-23933	TIMEOUT	990.498485197	954.0598902329803	2524.975104	cloud-23982	TIMEOUT	990.583805312	946.4396965549968	2252.509184	cloud-23938
eca-rers2012/Problem11_label09.yml	true	TIMEOUT	990.751102605	924.2462550759956	2634.985472	cloud-24260	TIMEOUT	990.595020833	946.4074103739986	2453.983232	cloud-23938	TIMEOUT	990.61591724	949.3728720899962	2335.473664	cloud-23933
eca-rers2012/Problem11_label10.yml	true	TIMEOUT	990.614760959	926.9926910099748	2666.864640	cloud-24259	true	328.257959832	285.50916771998163	2384.486400	cloud-23979	TIMEOUT	990.505061564	952.5435826310131	2658.304000	cloud-23982
eca-rers2012/Problem11_label11.yml	true	TIMEOUT	990.714755695	924.1353967800096	2499.604480	cloud-24260	TIMEOUT	990.598380538	951.9524945740122	2293.252096	cloud-23980	TIMEOUT	990.675580764	950.6043756379804	2320.842752	cloud-23933
eca-rers2012/Problem11_label12.yml	true	true	206.334804117	171.6477200149966	2271.350784	cloud-24259	true	241.531143562	195.2296607750177	2320.879616	cloud-23938	TIMEOUT	990.555144658	956.7418304460007	2482.364416	cloud-23933
eca-rers2012/Problem11_label13.yml	true	TIMEOUT	990.703085867	927.0840209810121	2740.400128	cloud-23933	TIMEOUT	990.728929745	946.9966666160035	2444.296192	cloud-23980	TIMEOUT	990.495126797	955.7854070320027	2267.226112	cloud-23980
eca-rers2012/Problem11_label14.yml	false	false(unreach-call)	258.830361127	202.85589867198723	2335.924224	cloud-24259	false(unreach-call)	243.056502558	194.61891357100103	2344.771584	cloud-23980	TIMEOUT	990.48961634	954.2063571410254	2537.914368	cloud-23933
eca-rers2012/Problem11_label15.yml	false	false(unreach-call)	207.44835346	155.5935802229942	2287.292416	cloud-24259	false(unreach-call)	191.102440288	152.3376953729894	2314.518528	cloud-23980	TIMEOUT	990.418966713	948.0071368829813	2255.597568	cloud-23982
eca-rers2012/Problem11_label16.yml	true	TIMEOUT	990.979119868	613.2399274659983	3738.763264	cloud-24260	TIMEOUT	990.697013795	946.2722019409994	2502.643712	cloud-23938	TIMEOUT	990.63010015	949.1807253309817	2369.789952	cloud-23982
eca-rers2012/Problem11_label17.yml	true	TIMEOUT	991.072190154	606.7133184999984	4199.723008	cloud-23933	true	322.484668615	279.4858147900086	2327.822336	cloud-23933	TIMEOUT	990.524841439	951.965978474007	2513.760256	cloud-23982
eca-rers2012/Problem11_label18.yml	true	TIMEOUT	990.68476064	923.2335450829996	2331.418624	cloud-24260	TIMEOUT	990.410729876	953.4111488380004	2289.025024	cloud-23982	TIMEOUT	990.662404472	947.9138620659942	2248.171520	cloud-23938
eca-rers2012/Problem11_label19.yml	true	TIMEOUT	990.582529053	932.1641669220116	2664.976384	cloud-24261	TIMEOUT	990.489301405	949.4758478760195	2384.527360	cloud-23980	TIMEOUT	990.532421361	956.4302351869992	2532.986880	cloud-23980
eca-rers2012/Problem11_label20.yml	false	TIMEOUT	990.68861834	924.3653893299925	2448.781312	cloud-23933	TIMEOUT	990.635378134	944.6319349400001	2580.107264	cloud-23982	TIMEOUT	990.576239536	954.261337821983	2316.619776	cloud-23979
eca-rers2012/Problem11_label21.yml	true	TIMEOUT	990.582772822	940.519730303	2577.104896	cloud-24259	TIMEOUT	990.652122068	937.8989618280029	2372.485120	cloud-23980	TIMEOUT	990.61288902	953.3737236140005	2269.986816	cloud-23980
eca-rers2012/Problem11_label22.yml	true	TIMEOUT	990.799722375	929.088488940004	2940.948480	cloud-23979	TIMEOUT	990.586073098	948.536683726008	2608.922624	cloud-23933	TIMEOUT	990.498010802	948.5545895340038	2425.524224	cloud-23982
eca-rers2012/Problem11_label23.yml	true	TIMEOUT	990.647359913	923.1798114789999	3447.001088	cloud-24259	TIMEOUT	990.605728009	948.0888309830043	2331.967488	cloud-23982	TIMEOUT	990.643174756	949.9085818440071	2319.990784	cloud-23938
eca-rers2012/Problem11_label24.yml	true	TIMEOUT	990.49644603	945.6260073190206	2786.553856	cloud-23940	TIMEOUT	990.573257019	948.8837603539869	2377.154560	cloud-23933	TIMEOUT	990.542538398	953.3834378779866	2330.140672	cloud-23979
eca-rers2012/Problem11_label25.yml	true	TIMEOUT	990.944846107	882.0941632780014	4928.671744	cloud-23933	TIMEOUT	990.669331289	943.3447805289761	2494.361600	cloud-23980	TIMEOUT	990.5937376	947.2371192570135	2326.687744	cloud-23938
eca-rers2012/Problem11_label26.yml	true	TIMEOUT	990.650535893	930.4843771109881	2483.585024	cloud-23979	TIMEOUT	990.676837073	943.0925230730209	2393.632768	cloud-23979	TIMEOUT	990.558351628	957.881740997982	2362.703872	cloud-23979
eca-rers2012/Problem11_label27.yml	true	true	183.787649026	142.20664393799962	2534.952960	cloud-23979	true	179.999761991	140.05133113701595	2326.712320	cloud-23979	TIMEOUT	990.624294995	950.1208800299792	2514.788352	cloud-23982
eca-rers2012/Problem11_label28.yml	true	TIMEOUT	990.745729387	927.2671977909922	2850.398208	cloud-23979	TIMEOUT	990.544444847	938.9526992359897	2421.948416	cloud-23982	TIMEOUT	990.518673369	950.9739085199835	2359.939072	cloud-23979
eca-rers2012/Problem11_label29.yml	false	TIMEOUT	990.812696809	924.0919671989977	3076.657152	cloud-24260	TIMEOUT	990.625653383	951.7276944380137	2329.690112	cloud-23979	TIMEOUT	990.563300441	950.0034309969924	2283.544576	cloud-23938
eca-rers2012/Problem11_label30.yml	true	TIMEOUT	990.847485004	919.5686279660149	2570.260480	cloud-23933	TIMEOUT	990.580786732	940.4693385610008	2538.487808	cloud-23982	TIMEOUT	990.539812012	953.0191729240178	2339.438592	cloud-23980
eca-rers2012/Problem11_label31.yml	false	TIMEOUT	990.678194035	928.0998184639902	2431.614976	cloud-23979	TIMEOUT	990.537251018	946.9353732899763	2441.486336	cloud-23980	TIMEOUT	990.598007686	944.1804385819996	2332.557312	cloud-23933
eca-rers2012/Problem11_label32.yml	true	true	236.386446517	191.40561978699407	2730.676224	cloud-23933	true	243.605119284	202.8880202069995	2210.123776	cloud-23980	TIMEOUT	990.734813256	953.6703815590008	2953.191424	cloud-23979
eca-rers2012/Problem11_label33.yml	true	TIMEOUT	990.810608854	927.7033000819793	2760.450048	cloud-23933	TIMEOUT	990.500457151	946.747599852999	2632.466432	cloud-23933	TIMEOUT	990.536640066	946.9589245079842	2765.082624	cloud-23980
eca-rers2012/Problem11_label34.yml	false	TIMEOUT	990.708229248	925.164214599994	2298.105856	cloud-23933	TIMEOUT	990.488986977	946.7564444870222	2363.396096	cloud-23980	TIMEOUT	990.536458359	949.3207099710125	2560.315392	cloud-23980
eca-rers2012/Problem11_label35.yml	true	TIMEOUT	991.166622087	598.2192933059996	3012.354048	cloud-23979	true	272.737854389	231.2004500150215	2447.839232	cloud-23980	TIMEOUT	990.664987616	950.9575633569912	2677.030912	cloud-23938
eca-rers2012/Problem11_label36.yml	false	false(unreach-call)	166.270883836	122.72659071700764	2180.435968	cloud-24260	false(unreach-call)	172.940800898	126.78419398798724	2508.840960	cloud-23982	TIMEOUT	990.540751659	953.4576073930075	2227.404800	cloud-23979
eca-rers2012/Problem11_label37.yml	true	TIMEOUT	990.71296846	917.5773491540167	2719.055872	cloud-24259	true	307.11254793	261.05278129302314	2345.684992	cloud-23979	TIMEOUT	990.488046692	949.7050935119914	2197.020672	cloud-23980
eca-rers2012/Problem11_label38.yml	true	TIMEOUT	990.73149201	929.7742992060084	2615.320576	cloud-23979	TIMEOUT	990.574232387	951.5450225319946	2476.539904	cloud-23979	TIMEOUT	990.536158731	949.641245603998	2318.389248	cloud-23938
eca-rers2012/Problem11_label39.yml	false	TIMEOUT	990.792553862	921.2056151359866	2539.483136	cloud-23933	TIMEOUT	990.590102593	947.9231647569977	2863.280128	cloud-23933	TIMEOUT	990.524273084	947.7716934790078	2388.111360	cloud-23938
eca-rers2012/Problem11_label40.yml	true	TIMEOUT	990.642528584	929.968906590002	2730.205184	cloud-24259	TIMEOUT	990.742682515	935.5523552219965	2410.508288	cloud-23938	TIMEOUT	990.542057116	951.8439981490083	2756.845568	cloud-23982
eca-rers2012/Problem11_label41.yml	true	TIMEOUT	990.955198744	899.244303650019	3781.021696	cloud-24260	TIMEOUT	990.62843174	936.1053798770008	2432.868352	cloud-23982	TIMEOUT	990.590001083	945.1901235900004	2343.223296	cloud-23982
eca-rers2012/Problem11_label42.yml	false	TIMEOUT	990.755609507	922.357816350006	2774.933504	cloud-24259	TIMEOUT	990.656810769	941.2255935349967	2531.819520	cloud-23982	TIMEOUT	990.639804735	952.4015442559903	2792.599552	cloud-23933
eca-rers2012/Problem11_label43.yml	false	TIMEOUT	990.674389567	920.4157389110187	2566.561792	cloud-24260	TIMEOUT	990.531166237	948.7128947080055	2304.557056	cloud-23979	TIMEOUT	990.59896401	953.3917028649885	2247.217152	cloud-23933
eca-rers2012/Problem11_label44.yml	true	TIMEOUT	990.509539136	940.8207902699942	2929.520640	cloud-23940	true	266.747732839	234.40808822697727	2282.872832	cloud-23944	TIMEOUT	990.638849009	954.6448160010041	2534.895616	cloud-23933
eca-rers2012/Problem11_label45.yml	true	TIMEOUT	990.644436978	924.6006765649945	2425.036800	cloud-23979	TIMEOUT	990.660980863	940.7429323370161	2246.148096	cloud-23938	TIMEOUT	990.631530059	949.2650899150176	2237.784064	cloud-23979
eca-rers2012/Problem11_label46.yml	true	TIMEOUT	990.649274656	925.5008778390038	2700.148736	cloud-24259	TIMEOUT	990.578106449	946.2710772669816	2380.705792	cloud-23979	TIMEOUT	990.575110657	955.6701482169738	2201.182208	cloud-23933
eca-rers2012/Problem11_label47.yml	true	TIMEOUT	990.807275971	913.8249107759912	2516.578304	cloud-24259	TIMEOUT	990.683285352	940.5179809519905	2498.588672	cloud-23979	TIMEOUT	990.441227097	950.1255692919949	2558.287872	cloud-23982
eca-rers2012/Problem11_label48.yml	true	TIMEOUT	990.772152309	931.4288551530044	2773.966848	cloud-23933	TIMEOUT	990.700217078	947.047627500986	2389.831680	cloud-23938	TIMEOUT	990.613330312	954.5296559559938	2609.803264	cloud-23980
eca-rers2012/Problem11_label49.yml	false	TIMEOUT	990.811169494	931.723344019003	2729.443328	cloud-23979	TIMEOUT	990.678739328	945.1020140599867	2650.738688	cloud-23982	TIMEOUT	990.591639388	951.9458748660109	2443.415552	cloud-23980
eca-rers2012/Problem11_label50.yml	true	TIMEOUT	990.882634675	909.6329548010253	2933.075968	cloud-24260	TIMEOUT	990.584007793	945.1708879040089	2321.022976	cloud-23980	TIMEOUT	990.552943256	945.4677658799919	2295.681024	cloud-23933
eca-rers2012/Problem11_label51.yml	false	TIMEOUT	990.645451685	934.3575665619865	2405.662720	cloud-23979	TIMEOUT	990.551114108	949.4772454669874	2421.866496	cloud-23933	TIMEOUT	990.556543485	950.6619365739753	2350.792704	cloud-23938
eca-rers2012/Problem11_label52.yml	true	TIMEOUT	990.663379103	933.2082247300132	2457.350144	cloud-23979	TIMEOUT	990.653303788	943.4737544409872	2265.272320	cloud-23979	TIMEOUT	990.46210749	956.0431715510204	2712.248320	cloud-23980
eca-rers2012/Problem11_label53.yml	true	TIMEOUT	990.752653875	931.8685173740087	2645.659648	cloud-23979	TIMEOUT	990.562695246	946.5591307530121	2721.329152	cloud-23982	TIMEOUT	990.544283943	953.8496584399836	2452.361216	cloud-23979
eca-rers2012/Problem11_label54.yml	true	TIMEOUT	990.811458933	925.7670116089866	3079.016448	cloud-23933	TIMEOUT	990.566642984	942.3258340719913	2242.244608	cloud-23979	TIMEOUT	990.64992947	952.4764460790029	2406.383616	cloud-23933
eca-rers2012/Problem11_label55.yml	true	TIMEOUT	990.651493632	928.4883638420142	2629.603328	cloud-23979	true	645.766720804	600.3818671019981	2312.429568	cloud-23979	TIMEOUT	990.471980929	957.0651353590074	2170.179584	cloud-23980
eca-rers2012/Problem11_label56.yml	true	TIMEOUT	990.702128971	931.4066944590013	2592.784384	cloud-23979	TIMEOUT	990.679496297	946.9054847549996	2457.821184	cloud-23979	TIMEOUT	990.515297967	953.7184774940251	2515.398656	cloud-23979
eca-rers2012/Problem11_label57.yml	true	TIMEOUT	990.743396267	915.9711612300016	2813.509632	cloud-24260	TIMEOUT	990.48534516	950.5094608729996	2447.126528	cloud-23943	TIMEOUT	990.531643719	951.9999702280038	2339.352576	cloud-23933
eca-rers2012/Problem11_label58.yml	false	false(unreach-call)	223.323473136	164.9372876869893	2312.916992	cloud-24259	false(unreach-call)	187.14472666	139.85259563100408	2427.469824	cloud-23938	TIMEOUT	990.68886833	953.726029368001	2928.627712	cloud-23979
eca-rers2012/Problem11_label59.yml	true	TIMEOUT	990.764474264	924.2358281850175	2908.766208	cloud-24259	TIMEOUT	990.548177114	948.2849740520178	2381.627392	cloud-23980	TIMEOUT	990.527041963	951.9490007889981	2510.729216	cloud-23980
eca-rers2012/Problem12_label00.yml	false	TIMEOUT	991.191725921	879.6596431109974	10560.770048	cloud-23940	TIMEOUT	991.849575761	852.8177855880058	7940.648960	cloud-23938	TIMEOUT	991.685078813	914.4730411790079	8335.241216	cloud-23938
eca-rers2012/Problem12_label01.yml	true	TIMEOUT	991.030734154	877.4498864740017	7781.138432	cloud-23939	TIMEOUT	992.783716947	850.0214196669986	9837.350912	cloud-23933	TIMEOUT	991.128921662	922.2588076520187	7042.166784	cloud-23980
eca-rers2012/Problem12_label02.yml	true	TIMEOUT	990.891310455	914.3255677269999	8471.105536	cloud-23943	TIMEOUT	991.130622724	908.3079498040024	6953.074688	cloud-23933	TIMEOUT	990.927588645	937.0258635909995	8351.285248	cloud-23941
eca-rers2012/Problem12_label03.yml	false	TIMEOUT	991.052395387	906.1299913050025	10879.299584	cloud-23942	TIMEOUT	991.193864334	904.5420700719988	6877.229056	cloud-23933	TIMEOUT	991.048475437	925.5313942370121	7064.100864	cloud-23979
eca-rers2012/Problem12_label04.yml	true	TIMEOUT	991.445430616	856.7296118180093	7482.408960	cloud-23933	TIMEOUT	991.213229101	806.8250077789999	6865.022976	cloud-23939	TIMEOUT	991.093788735	923.5035722779867	8448.679936	cloud-23938
eca-rers2012/Problem12_label05.yml	true	TIMEOUT	991.144317886	876.5235251700069	7453.298688	cloud-24261	TIMEOUT	991.041683444	911.0413975759875	7310.176256	cloud-23933	TIMEOUT	991.010444114	924.075438291009	7064.375296	cloud-23979
eca-rers2012/Problem12_label06.yml	false	TIMEOUT	990.988061102	893.4637222289966	8666.955776	cloud-23943	TIMEOUT	991.455672032	834.9295113990083	6817.378304	cloud-23980	TIMEOUT	991.400932783	906.9119318510056	7039.217664	cloud-23982
eca-rers2012/Problem12_label07.yml	false	TIMEOUT	990.952587722	882.94098682201	7368.503296	cloud-23941	TIMEOUT	990.629054974	816.3738144939998	7586.275328	cloud-23933	TIMEOUT	991.11909412	920.5594687229895	7123.419136	cloud-23933
eca-rers2012/Problem12_label08.yml	false	TIMEOUT	991.36050543	876.3854741929972	8758.845440	cloud-23933	TIMEOUT	991.055454087	907.0892682909907	7048.028160	cloud-23982	TIMEOUT	991.150402801	927.0192423220142	7052.308480	cloud-23933
eca-rers2012/Problem12_label09.yml	true	TIMEOUT	991.686628334	865.7045271850075	9258.414080	cloud-23979	TIMEOUT	992.782981403	816.0868569879967	6955.184128	cloud-23933	TIMEOUT	990.798153692	938.9266440909996	7465.017344	cloud-23943
eca-rers2012/Problem12_label10.yml	false	TIMEOUT	991.649618709	860.0436048420088	7376.719872	cloud-24260	TIMEOUT	991.007261771	767.9626426829782	9405.370368	cloud-23933	TIMEOUT	991.0306069	923.4338434179954	7081.779200	cloud-23938
eca-rers2012/Problem12_label11.yml	true	TIMEOUT	990.964738319	891.3615335969953	8660.631552	cloud-23941	TIMEOUT	991.057655984	820.3094450730132	8068.194304	cloud-23938	TIMEOUT	991.395985679	912.8309314630169	7231.655936	cloud-23938
eca-rers2012/Problem12_label12.yml	true	TIMEOUT	990.975426978	888.8158739380015	7509.721088	cloud-23944	TIMEOUT	992.636227717	809.3929235549876	7896.780800	cloud-23933	TIMEOUT	990.701932444	941.7560415639891	7181.443072	cloud-23944
eca-rers2012/Problem12_label13.yml	false	TIMEOUT	991.264008441	866.3218263369927	7429.468160	cloud-23933	TIMEOUT	991.970666888	859.2824077219993	8460.042240	cloud-23980	TIMEOUT	991.038089794	923.4812565659813	7143.297024	cloud-23980
eca-rers2012/Problem12_label14.yml	true	TIMEOUT	991.296006083	847.2690601159993	7483.187200	cloud-24259	TIMEOUT	992.89089303	856.1900086670066	7621.902336	cloud-23980	TIMEOUT	991.359220103	917.81540485	8543.465472	cloud-23933
eca-rers2012/Problem12_label15.yml	true	TIMEOUT	991.570093876	869.5962869729847	8231.948288	cloud-24260	TIMEOUT	990.968906019	857.2557488900202	7150.174208	cloud-23980	TIMEOUT	991.044841644	923.5380232299794	7955.226624	cloud-23933
eca-rers2012/Problem12_label16.yml	true	TIMEOUT	991.134502322	871.7830058049999	8599.404544	cloud-23933	TIMEOUT	990.9927406	884.5755369029939	6975.545344	cloud-23944	TIMEOUT	991.142569866	922.620067116979	7092.801536	cloud-23980
eca-rers2012/Problem12_label17.yml	true	TIMEOUT	991.326606448	847.7044472929992	7387.156480	cloud-24259	TIMEOUT	990.914887729	851.6413721010031	7021.076480	cloud-23982	TIMEOUT	990.981415137	936.4219096559973	7111.856128	cloud-23941
eca-rers2012/Problem12_label18.yml	true	TIMEOUT	991.004730068	895.4436759169985	7445.004288	cloud-23941	TIMEOUT	992.105901745	854.5872362819791	7290.200064	cloud-23980	TIMEOUT	990.98113992	926.3468337949889	7002.812416	cloud-23979
eca-rers2012/Problem12_label19.yml	false	TIMEOUT	991.118172712	888.978322134004	8148.852736	cloud-23944	TIMEOUT	991.182920512	896.1690950359916	7006.179328	cloud-23933	TIMEOUT	990.855953401	936.6186461100006	7399.407616	cloud-23940
eca-rers2012/Problem12_label20.yml	false	TIMEOUT	991.5367362	849.7224288870057	7485.087744	cloud-24260	TIMEOUT	990.944642516	855.2523611290089	6967.726080	cloud-23933	TIMEOUT	991.155993477	919.5120014549757	7091.048448	cloud-23933
eca-rers2012/Problem12_label21.yml	false	TIMEOUT	990.951430107	888.8085418439878	7385.886720	cloud-23943	TIMEOUT	991.301175786	830.3696238709963	7244.677120	cloud-23938	TIMEOUT	991.031696089	928.106474433007	7419.305984	cloud-23980
eca-rers2012/Problem12_label22.yml	true	TIMEOUT	991.63116987	862.7322002270084	8906.543104	cloud-23933	TIMEOUT	991.063631587	881.0182552830083	7017.091072	cloud-23933	TIMEOUT	991.520612547	916.9876894770132	7793.823744	cloud-23938
eca-rers2012/Problem12_label23.yml	true	TIMEOUT	991.25328811	867.4987309949938	7355.527168	cloud-23979	TIMEOUT	991.411721974	835.6397495520068	7025.831936	cloud-23938	TIMEOUT	991.050308721	913.1666686490062	7242.231808	cloud-23982
eca-rers2012/Problem12_label24.yml	true	TIMEOUT	991.628008679	877.32236693101	8752.660480	cloud-24259	TIMEOUT	991.459226506	826.8607451400021	7835.480064	cloud-23979	TIMEOUT	990.997218631	935.743463597988	9325.789184	cloud-23941
eca-rers2012/Problem12_label25.yml	false	TIMEOUT	991.0891091	895.366710921	7877.013504	cloud-23943	TIMEOUT	991.647230584	803.6898571859929	7584.747520	cloud-23938	TIMEOUT	990.809038503	938.6287943009811	7181.070336	cloud-23943
eca-rers2012/Problem12_label26.yml	true	TIMEOUT	991.058867119	891.0426939410099	10267.901952	cloud-23944	TIMEOUT	991.125627521	850.3060518389975	6984.400896	cloud-23933	TIMEOUT	990.754154755	942.4314096939925	7443.570688	cloud-23939
eca-rers2012/Problem12_label27.yml	true	TIMEOUT	991.896373212	847.9898147060012	8766.210048	cloud-24260	TIMEOUT	990.810332064	848.4485628569964	7355.924480	cloud-23938	TIMEOUT	990.98414769	931.1235859379813	7107.780608	cloud-23933
eca-rers2012/Problem12_label28.yml	false	TIMEOUT	991.486340555	861.238765763992	7475.232768	cloud-24260	TIMEOUT	991.531863692	831.0556484150002	6988.877824	cloud-23979	TIMEOUT	990.741801133	936.9854833800055	7011.713024	cloud-23943
eca-rers2012/Problem12_label29.yml	true	TIMEOUT	991.532063926	861.101866136014	7466.168320	cloud-23979	TIMEOUT	992.171183823	805.4328941389977	8177.897472	cloud-23979	TIMEOUT	991.073898573	919.8865601720172	7351.111680	cloud-23933
eca-rers2012/Problem12_label30.yml	false	TIMEOUT	991.370859283	866.0656533919973	8483.487744	cloud-23979	TIMEOUT	991.725309279	831.8601029349957	7935.074304	cloud-23979	TIMEOUT	990.796992436	935.5945219109999	7056.392192	cloud-23940
eca-rers2012/Problem12_label31.yml	true	TIMEOUT	991.551654606	859.6595754309965	7669.354496	cloud-23979	TIMEOUT	992.718706364	833.2149874850002	7033.876480	cloud-23938	TIMEOUT	990.982573195	922.5327481790155	7136.223232	cloud-23979
eca-rers2012/Problem12_label32.yml	true	TIMEOUT	990.988086211	892.1228827580053	7530.192896	cloud-23940	TIMEOUT	992.010338588	808.713730894	7012.032512	cloud-23944	TIMEOUT	990.963112624	917.4587763169839	7129.210880	cloud-23979
eca-rers2012/Problem12_label33.yml	true	TIMEOUT	991.016534039	874.482314096007	7451.357184	cloud-23939	TIMEOUT	991.789864051	813.8444262320118	6957.846528	cloud-23933	TIMEOUT	990.960603375	930.816583805019	7053.459456	cloud-23933
eca-rers2012/Problem12_label34.yml	false	TIMEOUT	991.642606562	846.6798083330068	7410.081792	cloud-24260	TIMEOUT	991.146689562	890.9270988889912	6977.200128	cloud-23979	TIMEOUT	991.278147312	926.1159244239971	7044.419584	cloud-23980
eca-rers2012/Problem12_label35.yml	false	TIMEOUT	991.561771092	861.1786393119837	8449.286144	cloud-23979	TIMEOUT	991.073421713	853.4641842230048	7074.603008	cloud-23938	TIMEOUT	990.944533967	926.7529768359964	7090.483200	cloud-23980
eca-rers2012/Problem12_label36.yml	true	TIMEOUT	991.12356352	880.2965789950103	7451.828224	cloud-23944	TIMEOUT	991.352454487	843.7134521160042	7022.587904	cloud-23982	TIMEOUT	991.210954177	922.6261603639869	7920.594944	cloud-23982
eca-rers2012/Problem12_label37.yml	false	TIMEOUT	991.736197748	852.067812046007	7536.230400	cloud-24260	TIMEOUT	991.032262583	859.2914306010061	7000.924160	cloud-23982	TIMEOUT	990.866957099	938.2652073120116	7952.515072	cloud-23942
eca-rers2012/Problem12_label38.yml	false	TIMEOUT	990.955587688	892.0698186869995	8448.503808	cloud-23941	TIMEOUT	991.049169746	854.3663640770246	7045.136384	cloud-23980	TIMEOUT	991.113977646	921.1597973610042	7123.324928	cloud-23980
eca-rers2012/Problem12_label39.yml	false	TIMEOUT	991.276352408	874.3440913300146	7393.067008	cloud-23933	TIMEOUT	991.187671486	903.7124772359966	7066.206208	cloud-23938	TIMEOUT	990.993157372	918.4838854690024	7220.404224	cloud-23980
eca-rers2012/Problem12_label40.yml	false	TIMEOUT	991.266162706	858.5494329840003	7422.521344	cloud-24260	TIMEOUT	991.39177424	887.3818658719829	7075.102720	cloud-23980	TIMEOUT	990.708664277	942.026467032003	7138.930688	cloud-23940
eca-rers2012/Problem12_label41.yml	true	TIMEOUT	991.31501861	873.8535447510076	7419.699200	cloud-23933	TIMEOUT	991.08281873	832.3311927030154	6956.929024	cloud-23980	TIMEOUT	991.158995762	912.091320912994	7126.859776	cloud-23938
eca-rers2012/Problem12_label42.yml	false	TIMEOUT	991.691178414	862.1453429209942	8768.450560	cloud-24260	TIMEOUT	991.185524046	848.4001973459963	7022.755840	cloud-23982	TIMEOUT	991.073381784	915.4722511410073	7163.392000	cloud-23982
eca-rers2012/Problem12_label43.yml	true	TIMEOUT	991.520703968	860.843478795985	7323.697152	cloud-24260	TIMEOUT	990.754766123	859.9859880940057	6922.018816	cloud-23982	TIMEOUT	991.074892473	925.0703828879923	7115.890688	cloud-23979
eca-rers2012/Problem12_label44.yml	true	TIMEOUT	991.226960403	861.2319375109801	7484.731392	cloud-23933	TIMEOUT	991.526291592	827.4228150490089	8004.214784	cloud-23979	TIMEOUT	991.248318751	920.369652430003	7166.443520	cloud-23938
eca-rers2012/Problem12_label45.yml	true	TIMEOUT	990.967338729	889.7557883230038	7461.314560	cloud-23943	TIMEOUT	991.991970089	844.5626406210067	6942.715904	cloud-23933	TIMEOUT	991.004025962	925.1810794440098	7099.867136	cloud-23933
eca-rers2012/Problem12_label46.yml	true	TIMEOUT	991.350572923	859.5814243120258	7433.961472	cloud-24259	TIMEOUT	991.508261277	855.4859165670059	6935.781376	cloud-23979	TIMEOUT	990.963604885	938.867285365006	7563.808768	cloud-23939
eca-rers2012/Problem12_label47.yml	true	TIMEOUT	991.04073955	880.0902057870044	8423.194624	cloud-23939	TIMEOUT	992.769516694	831.8287884699821	7865.974784	cloud-23979	TIMEOUT	990.83267615	938.1652783050085	8060.264448	cloud-23942
eca-rers2012/Problem12_label48.yml	false	TIMEOUT	990.943918871	901.0929878049974	7377.850368	cloud-23943	TIMEOUT	991.433262815	911.1869205769908	7136.894976	cloud-23938	TIMEOUT	990.98266678	936.9404769450193	8243.077120	cloud-23943
eca-rers2012/Problem12_label49.yml	true	TIMEOUT	991.172550979	873.6378979480069	7435.980800	cloud-23979	TIMEOUT	992.052856049	832.901976543013	7085.117440	cloud-23933	TIMEOUT	990.996722309	920.997146536014	7009.914880	cloud-23980
eca-rers2012/Problem12_label50.yml	false	TIMEOUT	991.027289747	900.2815365480019	7777.189888	cloud-23940	TIMEOUT	990.919480078	920.5213676849962	7715.635200	cloud-23944	TIMEOUT	990.961495217	927.2398587430071	7212.298240	cloud-23979
eca-rers2012/Problem12_label51.yml	false	TIMEOUT	991.596643338	850.789758947998	7401.111552	cloud-24260	TIMEOUT	990.827211431	786.6262397700048	6946.095104	cloud-23933	TIMEOUT	991.085384285	926.5483409599983	7108.771840	cloud-23982
eca-rers2012/Problem12_label52.yml	false	TIMEOUT	991.462733228	851.8881890909979	7432.962048	cloud-24260	TIMEOUT	990.932548554	815.8955418720143	6943.019008	cloud-23938	TIMEOUT	991.402310751	912.7828708419984	7989.460992	cloud-23982
eca-rers2012/Problem12_label53.yml	true	TIMEOUT	991.61338988	854.052917707013	7477.071872	cloud-24259	TIMEOUT	991.201655563	843.4495327039913	7004.098560	cloud-23982	TIMEOUT	991.094797862	928.6513995929854	7164.919808	cloud-23979
eca-rers2012/Problem12_label54.yml	true	TIMEOUT	991.294780456	884.8271855489875	7425.912832	cloud-23979	TIMEOUT	990.938242827	819.1320106989879	8474.349568	cloud-23942	TIMEOUT	991.212305524	924.7782277080114	8156.168192	cloud-23979
eca-rers2012/Problem12_label55.yml	false	TIMEOUT	991.064794347	883.0304671410122	8539.000832	cloud-23943	TIMEOUT	992.776969081	850.7623395729752	6978.826240	cloud-23938	TIMEOUT	990.895262085	937.113930839987	8017.305600	cloud-23941
eca-rers2012/Problem12_label56.yml	true	TIMEOUT	990.797973822	913.1658883189957	7440.478208	cloud-23941	TIMEOUT	991.126053624	912.6419055449951	6990.376960	cloud-23933	TIMEOUT	991.105983637	919.9380078350077	7224.180736	cloud-23980
eca-rers2012/Problem12_label57.yml	true	TIMEOUT	990.848327506	904.4539032979992	7478.972416	cloud-23939	TIMEOUT	991.272589524	840.8518630350009	6934.835200	cloud-23938	TIMEOUT	990.983524421	912.4462833830039	7085.326336	cloud-23938
eca-rers2012/Problem12_label58.yml	true	TIMEOUT	991.452899216	862.6092247400084	7457.726464	cloud-23979	TIMEOUT	991.714618126	828.42755528001	7277.559808	cloud-23980	TIMEOUT	991.110694941	913.1971896540199	7149.092864	cloud-23938
eca-rers2012/Problem12_label59.yml	true	TIMEOUT	990.85724038	897.8844730640003	7663.017984	cloud-23939	TIMEOUT	991.057776966	852.3274780489737	7161.135104	cloud-23980	TIMEOUT	991.409293141	922.8668471210112	8334.737408	cloud-23933
eca-rers2012/Problem13_label00.yml	true	TIMEOUT	991.655294764	799.9213974550075	9459.556352	cloud-24259	TIMEOUT	991.385910026	756.4960242319794	8560.381952	cloud-23982	TIMEOUT	990.975955426	921.6688418599952	8999.206912	cloud-23942
eca-rers2012/Problem13_label01.yml	true	TIMEOUT	991.154741309	859.8472840950126	9866.665984	cloud-23940	TIMEOUT	992.552466334	789.2389097229752	8954.691584	cloud-23938	TIMEOUT	991.281915014	911.0937036610267	9069.371392	cloud-23933
eca-rers2012/Problem13_label02.yml	true	TIMEOUT	991.563851755	819.174460488	9376.772096	cloud-23979	TIMEOUT	993.115094766	751.9582801109937	8358.912000	cloud-23938	TIMEOUT	991.406786237	911.3845519770111	9793.007616	cloud-23979
eca-rers2012/Problem13_label03.yml	true	TIMEOUT	991.602196148	832.4336496509786	9074.479104	cloud-23979	TIMEOUT	992.62648979	716.7935475269915	8430.432256	cloud-23979	TIMEOUT	990.941735045	926.9415319130057	9051.541504	cloud-23939
eca-rers2012/Problem13_label04.yml	false	TIMEOUT	992.007637968	801.2114997310127	10135.056384	cloud-24260	TIMEOUT	990.619190657	703.6961788740009	8832.409600	cloud-23943	TIMEOUT	991.033228743	922.4258966709895	8937.562112	cloud-23942
eca-rers2012/Problem13_label05.yml	true	TIMEOUT	992.076283725	801.1309476449969	9294.290944	cloud-24260	TIMEOUT	992.832319116	717.298644089984	8797.757440	cloud-23933	TIMEOUT	990.87627763	930.8508790250053	9110.192128	cloud-23942
eca-rers2012/Problem13_label06.yml	false	TIMEOUT	991.947068869	801.7106534340128	9151.533056	cloud-24260	TIMEOUT	990.70991159	729.4935610339744	10605.662208	cloud-23933	TIMEOUT	991.127241605	911.0892655749922	8582.594560	cloud-23979
eca-rers2012/Problem13_label07.yml	false	TIMEOUT	991.086723669	860.6442661229994	9424.257024	cloud-23942	TIMEOUT	992.804121225	730.9038342570129	8808.476672	cloud-23979	TIMEOUT	991.313801717	889.4083385450067	8968.417280	cloud-23938
eca-rers2012/Problem13_label08.yml	true	TIMEOUT	991.984105615	802.367981998992	9331.499008	cloud-24260	TIMEOUT	991.181111352	719.6516643019859	8514.531328	cloud-23982	TIMEOUT	991.274693764	896.8651647119841	8602.931200	cloud-23982
eca-rers2012/Problem13_label09.yml	true	TIMEOUT	991.774350752	816.7322398609831	9457.725440	cloud-23933	TIMEOUT	991.568868721	742.6473091600055	8807.428096	cloud-23941	TIMEOUT	991.172520665	890.0671313439962	8847.384576	cloud-23982
eca-rers2012/Problem13_label10.yml	true	TIMEOUT	991.183916819	863.4521598300016	9435.291648	cloud-23940	TIMEOUT	992.599489223	745.179105941992	8700.895232	cloud-23933	TIMEOUT	991.476762531	899.4657939700119	8511.897600	cloud-23933
eca-rers2012/Problem13_label11.yml	false	TIMEOUT	991.910312144	822.5416121699964	9881.886720	cloud-23979	TIMEOUT	991.778442169	732.9756307360076	8879.718400	cloud-23982	TIMEOUT	990.928844774	926.6648872829974	8516.358144	cloud-23942
eca-rers2012/Problem13_label12.yml	false	TIMEOUT	991.168218539	856.1645304150006	9394.548736	cloud-23944	TIMEOUT	992.854684997	739.8179179019935	8326.590464	cloud-23979	TIMEOUT	990.897307664	926.4721990620019	9081.245696	cloud-23940
eca-rers2012/Problem13_label13.yml	true	TIMEOUT	991.95471818	816.790588281001	9303.306240	cloud-23979	TIMEOUT	991.436892535	723.8322804199997	8706.048000	cloud-23938	TIMEOUT	990.812213777	931.0699760440039	8601.001984	cloud-23944
eca-rers2012/Problem13_label14.yml	true	TIMEOUT	991.739538982	830.8497661199945	9863.249920	cloud-23979	TIMEOUT	991.673136055	735.6174799530127	8812.769280	cloud-23933	TIMEOUT	991.573103503	916.254617544997	12195.606528	cloud-23933
eca-rers2012/Problem13_label15.yml	true	TIMEOUT	991.178772872	847.6000668139968	9381.367808	cloud-23944	TIMEOUT	991.101230688	732.9231224230025	8316.022784	cloud-23933	TIMEOUT	991.2613024	904.8155111569795	8299.913216	cloud-23938
eca-rers2012/Problem13_label16.yml	false	TIMEOUT	991.197140522	848.6843688210065	8959.811584	cloud-23943	TIMEOUT	992.893275526	743.7439539339975	8805.089280	cloud-23933	TIMEOUT	990.98620339	920.7126097650034	8630.685696	cloud-23941
eca-rers2012/Problem13_label17.yml	true	TIMEOUT	991.120166446	858.7701596300012	9474.547712	cloud-23940	TIMEOUT	991.595460269	742.5222471839807	8375.910400	cloud-23979	TIMEOUT	991.542685158	893.9758059899905	9119.547392	cloud-23933
eca-rers2012/Problem13_label18.yml	true	TIMEOUT	991.80294312	815.9473687860009	9095.180288	cloud-23933	TIMEOUT	992.995758892	739.4026092370041	8847.523840	cloud-23938	TIMEOUT	990.928092515	926.7700323509926	9087.897600	cloud-23943
eca-rers2012/Problem13_label19.yml	false	TIMEOUT	991.136966959	853.903396873	9005.096960	cloud-23943	TIMEOUT	990.893895036	763.5186347920098	8747.864064	cloud-23980	TIMEOUT	991.045569954	922.2305552299949	9914.073088	cloud-23939
eca-rers2012/Problem13_label20.yml	true	TIMEOUT	991.770483936	812.617860123999	9603.182592	cloud-23933	TIMEOUT	991.177248755	761.2138315690099	8788.090880	cloud-23979	TIMEOUT	991.513458176	893.1224229299987	8871.387136	cloud-23938
eca-rers2012/Problem13_label21.yml	false	TIMEOUT	991.177029826	841.6565971260025	9362.411520	cloud-23942	TIMEOUT	991.53191997	724.4895938140107	8470.781952	cloud-23979	TIMEOUT	991.362361551	900.581896572985	8996.392960	cloud-23938
eca-rers2012/Problem13_label22.yml	true	TIMEOUT	991.332799381	849.022116150998	9332.203520	cloud-23941	TIMEOUT	992.043395128	719.3036888119823	8820.232192	cloud-23944	TIMEOUT	991.039475228	935.7970195599773	9095.204864	cloud-23941
eca-rers2012/Problem13_label23.yml	false	TIMEOUT	991.231043224	838.1748933350027	9414.275072	cloud-23943	TIMEOUT	991.798947383	754.3437975339766	9041.989632	cloud-23982	TIMEOUT	991.346491012	912.6236907690181	8547.442688	cloud-23933
eca-rers2012/Problem13_label24.yml	false	TIMEOUT	991.970566592	804.8760862149993	9396.113408	cloud-23979	TIMEOUT	991.580814164	813.9029676640057	8950.325248	cloud-23982	TIMEOUT	990.849416028	929.7993591819832	9045.184512	cloud-23944
eca-rers2012/Problem13_label25.yml	false	TIMEOUT	991.532393959	860.7168231499963	9596.866560	cloud-23940	TIMEOUT	992.05416273	761.2447642539919	11672.494080	cloud-23980	TIMEOUT	991.306466202	903.4844296769879	9065.902080	cloud-23980
eca-rers2012/Problem13_label26.yml	true	TIMEOUT	991.229667024	847.5046383480076	9552.523264	cloud-23944	TIMEOUT	991.661130617	737.030580983992	10623.578112	cloud-23942	TIMEOUT	991.413123221	908.3655320440012	8493.752320	cloud-23980
eca-rers2012/Problem13_label27.yml	true	TIMEOUT	991.633362748	823.7377120509918	9428.963328	cloud-23979	TIMEOUT	991.390373572	754.6929119649867	9210.314752	cloud-23933	TIMEOUT	991.609099877	909.9153091279732	8989.958144	cloud-23979
eca-rers2012/Problem13_label28.yml	false	TIMEOUT	991.827148707	817.7426480930008	9316.487168	cloud-23933	TIMEOUT	992.736377777	711.2366360689921	8702.590976	cloud-23941	TIMEOUT	991.645142311	893.3410952619743	8906.051584	cloud-23938
eca-rers2012/Problem13_label29.yml	false	TIMEOUT	991.309555348	851.0939632699883	9443.840000	cloud-23943	TIMEOUT	991.659382826	723.481472362997	8434.110464	cloud-23939	TIMEOUT	991.286301139	912.9275428359979	9001.496576	cloud-23979
eca-rers2012/Problem13_label30.yml	false	TIMEOUT	991.086586356	860.5161458399998	9408.122880	cloud-23942	TIMEOUT	992.718501517	733.3273032360012	9301.291008	cloud-23942	TIMEOUT	990.854028454	932.0191644290171	8998.825984	cloud-23942
eca-rers2012/Problem13_label31.yml	true	TIMEOUT	991.260010811	841.0010153320036	9457.664000	cloud-23942	TIMEOUT	991.000939104	750.4668287829845	8284.708864	cloud-23944	TIMEOUT	991.54237287	903.5246787650103	8568.119296	cloud-23938
eca-rers2012/Problem13_label32.yml	false	TIMEOUT	991.889401791	813.91547759698	9350.316032	cloud-24260	TIMEOUT	992.370862992	719.2800740160164	8709.206016	cloud-23982	TIMEOUT	991.502439565	901.7769167300139	8931.422208	cloud-23980
eca-rers2012/Problem13_label33.yml	true	TIMEOUT	991.383239978	845.5909276620077	9353.736192	cloud-23941	TIMEOUT	992.448579186	728.3153690150066	8309.063680	cloud-23980	TIMEOUT	991.332969176	905.2103631200152	8446.472192	cloud-23979
eca-rers2012/Problem13_label34.yml	true	TIMEOUT	991.085665355	858.5319464610002	9206.312960	cloud-23944	TIMEOUT	991.665736006	733.5453924759931	8806.748160	cloud-23933	TIMEOUT	991.785077824	892.1265102379839	8720.416768	cloud-23938
eca-rers2012/Problem13_label35.yml	false	TIMEOUT	991.750100942	799.4567000719835	9521.430528	cloud-24259	TIMEOUT	992.316078934	775.9244652579946	9175.793664	cloud-23980	TIMEOUT	991.001913716	922.9590155069891	9057.894400	cloud-23941
eca-rers2012/Problem13_label36.yml	false	TIMEOUT	991.827241368	812.0026415900002	8902.336512	cloud-23933	TIMEOUT	992.760424588	758.8322881289932	8626.462720	cloud-23938	TIMEOUT	990.91752823	925.8438375620171	8660.905984	cloud-23942
eca-rers2012/Problem13_label37.yml	true	TIMEOUT	991.107162653	864.3905978539988	9792.643072	cloud-23939	TIMEOUT	991.998043608	738.8529633050202	8886.636544	cloud-23933	TIMEOUT	991.686683648	892.9986931919993	8660.254720	cloud-23982
eca-rers2012/Problem13_label38.yml	true	TIMEOUT	991.223128573	853.4304597590235	9372.901376	cloud-23943	TIMEOUT	992.036894801	708.752257537999	8430.166016	cloud-23933	TIMEOUT	991.388791746	912.8401104620134	8373.608448	cloud-23933
eca-rers2012/Problem13_label39.yml	true	TIMEOUT	991.216443484	855.8224744019972	9366.958080	cloud-23944	TIMEOUT	990.498157338	796.8474145249929	8828.043264	cloud-23943	TIMEOUT	991.413359685	903.1800538060197	8620.986368	cloud-23933
eca-rers2012/Problem13_label40.yml	false	TIMEOUT	991.833498173	797.6894827259821	9149.210624	cloud-23933	TIMEOUT	991.684273742	746.4903005189844	10689.482752	cloud-23938	TIMEOUT	991.225278738	905.4320188449929	8829.009920	cloud-23980
eca-rers2012/Problem13_label41.yml	true	TIMEOUT	991.501009975	835.058966732	9482.735616	cloud-24259	TIMEOUT	991.358186624	869.3898953629832	9110.167552	cloud-23980	TIMEOUT	990.963634134	923.4979858479928	9084.936192	cloud-23941
eca-rers2012/Problem13_label42.yml	true	TIMEOUT	991.169185756	853.6245556299982	9365.336064	cloud-23942	TIMEOUT	992.815820337	727.0889629079902	8777.838592	cloud-23938	TIMEOUT	990.82434974	931.044209515996	8548.507648	cloud-23944
eca-rers2012/Problem13_label43.yml	false	TIMEOUT	991.453564956	835.52817426	9312.079872	cloud-23933	TIMEOUT	991.476644245	777.972639130021	9370.857472	cloud-23941	TIMEOUT	990.966584579	924.2952853949973	8991.039488	cloud-23942
eca-rers2012/Problem13_label44.yml	false	TIMEOUT	991.12041319	848.5297345949994	9511.677952	cloud-23942	TIMEOUT	991.355956085	907.2810840809834	9001.267200	cloud-23980	TIMEOUT	991.531976319	913.1507800389954	8932.298752	cloud-23980
eca-rers2012/Problem13_label45.yml	false	TIMEOUT	991.248113936	842.2698475570069	9462.128640	cloud-23939	TIMEOUT	991.329970468	755.8850183659815	9125.879808	cloud-23933	TIMEOUT	990.921759218	927.6948423100112	9121.636352	cloud-23943
eca-rers2012/Problem13_label46.yml	true	TIMEOUT	991.070743113	857.8360815539999	9421.012992	cloud-23944	TIMEOUT	990.86533448	752.0692243540252	8332.013568	cloud-23980	TIMEOUT	991.584074435	892.4980587309983	8576.155648	cloud-23982
eca-rers2012/Problem13_label47.yml	true	TIMEOUT	991.901962378	820.3832818749943	8994.594816	cloud-23979	TIMEOUT	992.614768273	738.1489512510016	8320.716800	cloud-23979	TIMEOUT	991.403994781	910.354009267001	8935.092224	cloud-23979
eca-rers2012/Problem13_label48.yml	false	TIMEOUT	991.261339656	842.4808789999806	9334.222848	cloud-23944	TIMEOUT	991.598184841	739.7885762059886	8851.226624	cloud-23942	TIMEOUT	991.361504336	886.0152329620032	8502.435840	cloud-23982
eca-rers2012/Problem13_label49.yml	true	TIMEOUT	991.220349401	832.1796175400086	9398.419456	cloud-23940	TIMEOUT	991.417887205	764.0320326770016	8971.718656	cloud-23933	TIMEOUT	990.933635575	922.7210307030182	8674.504704	cloud-23943
eca-rers2012/Problem13_label50.yml	true	TIMEOUT	991.618688685	843.6266973699967	9367.740416	cloud-24259	TIMEOUT	991.433918567	814.8821540820063	8814.526464	cloud-23942	TIMEOUT	991.361064007	904.3976149069786	9338.179584	cloud-23980
eca-rers2012/Problem13_label51.yml	false	TIMEOUT	991.182906276	852.8732425280032	9381.470208	cloud-23942	TIMEOUT	992.58832029	771.3631937250029	8439.771136	cloud-23933	TIMEOUT	991.460539619	903.2627667679917	8965.926912	cloud-23933
eca-rers2012/Problem13_label52.yml	true	TIMEOUT	991.331874456	856.1262632249855	9497.747456	cloud-23942	TIMEOUT	991.912640988	722.3135284110031	8678.301696	cloud-23943	TIMEOUT	991.10993552	923.2186562019924	8926.105600	cloud-23942
eca-rers2012/Problem13_label53.yml	true	TIMEOUT	991.204039532	851.4120795909985	9331.916800	cloud-23942	TIMEOUT	991.37519186	749.4411359259975	8236.048384	cloud-23982	TIMEOUT	990.957733513	923.9033742710017	9099.276288	cloud-23943
eca-rers2012/Problem13_label54.yml	false	TIMEOUT	991.200220963	847.3768842220015	9382.035456	cloud-23944	TIMEOUT	992.523912501	734.0524377420079	8909.172736	cloud-23979	TIMEOUT	991.830904132	888.271375381999	8924.119040	cloud-23938
eca-rers2012/Problem13_label55.yml	true	TIMEOUT	992.043132525	812.9612823580101	9220.583424	cloud-23933	TIMEOUT	991.661379022	762.8253634300199	8786.628608	cloud-23938	TIMEOUT	991.436755219	903.8840323940094	9046.568960	cloud-23980
eca-rers2012/Problem13_label56.yml	true	TIMEOUT	991.665488262	819.1027687819733	9329.983488	cloud-23979	TIMEOUT	991.716926014	722.7538558539818	8838.950912	cloud-23982	TIMEOUT	990.94508397	925.9801776650129	8961.486848	cloud-23940
eca-rers2012/Problem13_label57.yml	true	TIMEOUT	991.814973709	808.9757664319986	9237.532672	cloud-23979	TIMEOUT	992.553316318	722.3207520290161	8886.099968	cloud-23943	TIMEOUT	991.665433585	893.6553035720135	8929.501184	cloud-23982
eca-rers2012/Problem13_label58.yml	false	TIMEOUT	991.174617485	869.4841494579996	9430.654976	cloud-23940	TIMEOUT	991.266201826	774.0905325360072	8847.261696	cloud-23979	TIMEOUT	990.99220808	924.6451547110046	8500.256768	cloud-23941
eca-rers2012/Problem13_label59.yml	true	TIMEOUT	991.258978382	843.1764270130006	9462.669312	cloud-23943	TIMEOUT	993.094390019	747.5610892929835	8515.407872	cloud-23938	TIMEOUT	990.939366541	926.077452269994	8636.026880	cloud-23943
eca-rers2012/Problem14_label00.yml	true	true	195.381940385	151.77320590100135	1742.016512	cloud-24259	true	178.737097795	143.2365802830027	1695.752192	cloud-23979	TIMEOUT	990.405049075	964.3312057729927	1782.247424	cloud-23980
eca-rers2012/Problem14_label01.yml	true	true	465.757076141	342.77941888500936	2813.673472	cloud-23979	true	265.97413034	227.0194283570163	1657.970688	cloud-23982	TIMEOUT	990.441186209	962.6842031419801	1691.234304	cloud-23980
eca-rers2012/Problem14_label02.yml	false	TIMEOUT	990.662883497	926.7041447979864	2028.027904	cloud-23979	TIMEOUT	990.525035319	946.1841068450012	1650.339840	cloud-23938	TIMEOUT	990.3940843	960.6384639699827	1574.666240	cloud-23980
eca-rers2012/Problem14_label03.yml	true	TIMEOUT	990.711961139	934.556955158012	1987.432448	cloud-23933	true	251.127468014	216.8394448889885	1670.602752	cloud-23980	TIMEOUT	990.479827638	964.6064269950148	1740.259328	cloud-23980
eca-rers2012/Problem14_label04.yml	true	TIMEOUT	990.533053309	939.1556700519868	1863.958528	cloud-23979	TIMEOUT	990.432314428	955.619620226993	1505.337344	cloud-23979	TIMEOUT	990.389078275	962.9940533699992	1722.646528	cloud-23980
eca-rers2012/Problem14_label05.yml	true	TIMEOUT	991.866592829	613.8420005119988	3204.091904	cloud-23933	true	262.191420352	227.57650824799202	1574.440960	cloud-23979	TIMEOUT	990.393816176	953.6880486650043	1552.777216	cloud-23982
eca-rers2012/Problem14_label06.yml	true	true	195.258181565	157.57527388900053	1523.777536	cloud-23933	true	176.187347096	143.28271861499525	1545.764864	cloud-23979	TIMEOUT	990.472758034	961.4422857119935	1730.097152	cloud-23979
eca-rers2012/Problem14_label07.yml	true	true	220.593580802	179.97343094300595	1477.181440	cloud-24260	true	230.37507163	195.76365655800328	1574.608896	cloud-23980	TIMEOUT	990.527547167	958.7890592839976	1667.751936	cloud-23933
eca-rers2012/Problem14_label08.yml	false	TIMEOUT	990.542576271	928.4487717610027	1845.125120	cloud-24259	false(unreach-call)	486.92214695	438.6509529769828	2054.340608	cloud-23982	TIMEOUT	990.387620517	957.5570509450044	1459.458048	cloud-23982
eca-rers2012/Problem14_label09.yml	true	TIMEOUT	990.552002845	941.0393362749892	1904.521216	cloud-23979	TIMEOUT	990.509331547	948.210632479022	1559.576576	cloud-23982	TIMEOUT	990.442473358	963.978804554994	1618.857984	cloud-23979
eca-rers2012/Problem14_label10.yml	false	TIMEOUT	990.826248478	914.1933207699913	2327.166976	cloud-24260	false(unreach-call)	638.405851521	589.7120828599727	2173.022208	cloud-23982	TIMEOUT	990.344317692	967.6876895769965	1611.915264	cloud-23980
eca-rers2012/Problem14_label11.yml	false	TIMEOUT	990.525688143	940.2749614189961	1595.817984	cloud-23933	false(unreach-call)	275.854473222	236.09051110298606	2055.241728	cloud-23980	TIMEOUT	990.478467551	959.103998770006	1664.618496	cloud-23982
eca-rers2012/Problem14_label12.yml	false	TIMEOUT	990.649699341	928.0414220060047	1708.363776	cloud-24260	TIMEOUT	990.483752672	951.6917392169998	1740.365824	cloud-23980	TIMEOUT	990.300807141	969.6953920980159	1558.085632	cloud-23944
eca-rers2012/Problem14_label13.yml	false	TIMEOUT	990.557877297	939.9973960809875	1905.156096	cloud-23979	TIMEOUT	990.472017612	952.8783031839994	1643.397120	cloud-23980	TIMEOUT	990.521773106	960.8370562980126	1741.516800	cloud-23933
eca-rers2012/Problem14_label14.yml	false	TIMEOUT	990.548533757	938.5329089360021	1971.003392	cloud-23933	TIMEOUT	990.488849775	953.5342492359923	1581.166592	cloud-23982	TIMEOUT	990.475452853	961.1369483130111	1600.991232	cloud-23933
eca-rers2012/Problem14_label15.yml	true	true	478.007091867	364.7982640650007	3013.730304	cloud-24259	true	196.330498192	162.27766665199306	1424.687104	cloud-23933	TIMEOUT	990.409013179	959.3221928800049	1578.528768	cloud-23982
eca-rers2012/Problem14_label16.yml	true	TIMEOUT	991.880705468	591.1839587400027	2611.040256	cloud-24260	true	210.442578224	173.52461457601748	1474.101248	cloud-23933	TIMEOUT	990.501627328	961.9176059380115	1691.750400	cloud-23979
eca-rers2012/Problem14_label17.yml	true	true	198.203712776	159.78143518901197	1485.950976	cloud-23933	true	232.840828502	195.0599564560107	1446.031360	cloud-23982	TIMEOUT	990.430663268	960.9946875380119	1643.556864	cloud-23979
eca-rers2012/Problem14_label18.yml	false	TIMEOUT	990.533441459	942.0852657800133	1696.714752	cloud-23979	false(unreach-call)	410.736119544	364.4334132859949	2067.673088	cloud-23938	TIMEOUT	990.437190975	961.2789239289996	1755.619328	cloud-23982
eca-rers2012/Problem14_label19.yml	true	true	129.071826733	98.4291335119924	1500.004352	cloud-23933	true	121.700364643	95.58245788799832	1754.341376	cloud-23980	TIMEOUT	990.455630082	960.5800439729937	1650.446336	cloud-23979
eca-rers2012/Problem14_label20.yml	true	true	145.675181234	109.77390517599997	1492.660224	cloud-24259	true	118.74786907	89.43021700301324	1634.004992	cloud-23979	TIMEOUT	990.455163964	963.5348896079813	1892.675584	cloud-23933
eca-rers2012/Problem14_label21.yml	true	true	134.493771717	100.9218045870075	1640.419328	cloud-23933	true	143.858449182	108.9614076030266	1587.150848	cloud-23938	TIMEOUT	990.470016835	961.896931012976	1645.408256	cloud-23933
eca-rers2012/Problem14_label22.yml	false	TIMEOUT	990.575119401	930.6410564119869	1917.431808	cloud-24259	false(unreach-call)	420.572030983	376.5148301080044	2344.288256	cloud-23982	TIMEOUT	990.294766064	970.1106065670028	1643.786240	cloud-23944
eca-rers2012/Problem14_label23.yml	true	true	120.390738613	90.53862191797816	1399.828480	cloud-23979	true	138.943258684	106.27968546497868	1573.789696	cloud-23982	TIMEOUT	990.601415666	958.1427006380109	1670.193152	cloud-23982
eca-rers2012/Problem14_label24.yml	true	true	200.647749526	163.34702042900608	1519.509504	cloud-24259	true	202.389091438	170.54861620700103	1711.607808	cloud-23980	TIMEOUT	990.381715873	966.6803640740109	1478.643712	cloud-23980
eca-rers2012/Problem14_label25.yml	true	true	159.75444514	121.12911850700038	1539.792896	cloud-24259	true	152.668942077	116.59191794600338	1410.179072	cloud-23982	TIMEOUT	990.437360503	960.0746404659876	1538.142208	cloud-23933
eca-rers2012/Problem14_label26.yml	true	true	210.746446596	171.82720411999617	1464.176640	cloud-24260	true	183.337931264	148.58564298201236	1497.948160	cloud-23979	TIMEOUT	990.455247295	958.0652313579922	1724.518400	cloud-23938
eca-rers2012/Problem14_label27.yml	false	TIMEOUT	990.508279719	937.5418842869985	1706.450944	cloud-23979	TIMEOUT	990.38834077	948.4449241469847	1536.106496	cloud-23982	TIMEOUT	990.453869697	956.6226181240054	1528.573952	cloud-23938
eca-rers2012/Problem14_label28.yml	false	TIMEOUT	990.528063535	938.1855130640033	1756.983296	cloud-24261	false(unreach-call)	473.298544426	423.24295073200483	2017.800192	cloud-23982	TIMEOUT	990.440671538	955.6438967279973	1684.131840	cloud-23982
eca-rers2012/Problem14_label29.yml	false	TIMEOUT	990.533356039	944.3976384220005	1752.494080	cloud-23979	false(unreach-call)	278.302445834	236.2379253099789	1937.072128	cloud-23933	TIMEOUT	990.468809624	961.8817555290007	1597.607936	cloud-23979
eca-rers2012/Problem14_label30.yml	true	true	153.553765276	121.6632028479944	1415.532544	cloud-24259	true	155.539403199	123.4503858560056	1666.441216	cloud-23982	TIMEOUT	990.479002074	959.5825670640043	1714.847744	cloud-23938
eca-rers2012/Problem14_label31.yml	false	TIMEOUT	990.565219634	935.0176262269961	1635.618816	cloud-23933	false(unreach-call)	290.406543195	239.23263547199895	2026.983424	cloud-23982	TIMEOUT	990.378340918	961.7833887909946	1606.438912	cloud-23980
eca-rers2012/Problem14_label32.yml	true	true	196.667128384	158.99229950399604	1746.776064	cloud-24259	true	168.800985012	136.81539158997475	1578.397696	cloud-23979	TIMEOUT	990.399900445	962.7068383040023	1606.619136	cloud-23979
eca-rers2012/Problem14_label33.yml	true	true	172.135005916	142.4943024719978	1648.603136	cloud-24261	true	166.496461363	134.87706252300995	1515.458560	cloud-23933	TIMEOUT	990.441700344	959.5326019760105	1665.650688	cloud-23933
eca-rers2012/Problem14_label34.yml	false	TIMEOUT	990.576471261	934.9410039380018	1628.803072	cloud-24260	false(unreach-call)	216.191886868	188.13827785500325	1947.422720	cloud-23944	TIMEOUT	990.445019687	958.0081206590112	1647.386624	cloud-23933
eca-rers2012/Problem14_label35.yml	true	true	192.168142767	156.8669574939995	1432.543232	cloud-23979	true	166.450669621	138.32188823400065	1440.313344	cloud-23939	TIMEOUT	990.494130892	962.5549912439892	1771.053056	cloud-23933
eca-rers2012/Problem14_label36.yml	true	true	198.824531665	159.15772510398529	1862.475776	cloud-23979	true	226.521054518	188.25552732299548	1543.507968	cloud-23980	TIMEOUT	990.483013096	961.6520036770089	1573.777408	cloud-23933
eca-rers2012/Problem14_label37.yml	false	TIMEOUT	990.555367708	932.7123279100051	1808.781312	cloud-24260	false(unreach-call)	400.322678381	358.40157077100594	2143.113216	cloud-23980	TIMEOUT	990.47395509	962.1069897930138	1688.072192	cloud-23979
eca-rers2012/Problem14_label38.yml	true	true	203.127456884	165.96281491799164	1556.578304	cloud-23933	true	233.810959718	191.838363191986	1453.494272	cloud-23982	TIMEOUT	990.472758033	956.4332409199851	1749.094400	cloud-23938
eca-rers2012/Problem14_label39.yml	false	TIMEOUT	990.531557563	937.452677002002	2051.682304	cloud-23933	false(unreach-call)	229.050865353	190.34977663698373	1928.994816	cloud-23933	TIMEOUT	990.524529578	963.9074294680031	1897.893888	cloud-23933
eca-rers2012/Problem14_label40.yml	false	TIMEOUT	990.599311329	931.7229988379986	1943.572480	cloud-24259	false(unreach-call)	300.518619394	253.73802321200492	2061.176832	cloud-23938	TIMEOUT	990.565853552	957.2176594469929	1670.225920	cloud-23938
eca-rers2012/Problem14_label41.yml	false	TIMEOUT	990.496526701	935.8541520319995	1925.218304	cloud-24259	false(unreach-call)	456.266673693	412.99419771900284	2108.788736	cloud-23979	TIMEOUT	990.512969445	964.6157621929888	1594.355712	cloud-23933
eca-rers2012/Problem14_label42.yml	true	true	162.546658035	125.36916241201106	1725.452288	cloud-24260	true	151.205723817	120.261012870993	1517.469696	cloud-23980	TIMEOUT	990.471775609	957.7036839460197	1519.980544	cloud-23938
eca-rers2012/Problem14_label43.yml	false	TIMEOUT	990.489460883	936.4214540690009	1612.173312	cloud-23933	false(unreach-call)	314.951323586	274.47999791501206	2137.653248	cloud-23933	TIMEOUT	990.369150768	961.4538849809906	1596.432384	cloud-23982
eca-rers2012/Problem14_label44.yml	false	TIMEOUT	990.586608773	937.3783875160152	1806.041088	cloud-23933	false(unreach-call)	488.621514739	433.9776929540094	2149.998592	cloud-23938	TIMEOUT	990.356562459	958.9730515999836	1561.739264	cloud-23982
eca-rers2012/Problem14_label45.yml	true	TIMEOUT	990.642281157	934.7248229720135	1659.392000	cloud-24260	TIMEOUT	990.986587139	951.8386686340091	1647.665152	cloud-23982	TIMEOUT	990.423264921	959.7138094640104	1730.674688	cloud-23982
eca-rers2012/Problem14_label46.yml	true	TIMEOUT	990.642604205	938.2728902570088	1683.300352	cloud-24260	TIMEOUT	990.440592097	959.1678078419936	1766.281216	cloud-23980	TIMEOUT	990.419263395	959.4992806999944	1698.381824	cloud-23982
eca-rers2012/Problem14_label47.yml	true	true	207.315213051	170.91595707600936	1506.566144	cloud-23979	true	193.645233796	162.02729816301144	1489.371136	cloud-23979	TIMEOUT	990.435145803	958.4030377409945	1389.150208	cloud-23982
eca-rers2012/Problem14_label48.yml	true	TIMEOUT	990.745602056	932.1760727130022	1832.701952	cloud-24259	TIMEOUT	990.503847327	950.8626080169925	1755.914240	cloud-23979	TIMEOUT	990.425411902	960.8349814419926	1665.622016	cloud-23979
eca-rers2012/Problem14_label49.yml	true	true	614.832084994	446.9886351939931	2746.019840	cloud-24260	true	223.197927562	187.52796328999102	1554.616320	cloud-23933	TIMEOUT	990.432873448	962.4143072029983	1589.293056	cloud-23980
eca-rers2012/Problem14_label50.yml	true	TIMEOUT	990.511595972	934.0100293540163	1771.409408	cloud-24259	true	673.712147924	628.5858708120068	1596.657664	cloud-23938	TIMEOUT	990.413760094	960.0599929959862	1482.092544	cloud-23982
eca-rers2012/Problem14_label51.yml	true	TIMEOUT	990.622783727	940.4310979420261	1699.495936	cloud-23933	TIMEOUT	990.463788006	946.9053641599894	2036.690944	cloud-23982	TIMEOUT	990.486914555	956.3500496229972	1754.914816	cloud-23938
eca-rers2012/Problem14_label52.yml	false	TIMEOUT	990.694477115	913.0903208669915	2474.614784	cloud-23979	false(unreach-call)	312.006384422	271.81609542897786	2102.960128	cloud-23979	TIMEOUT	990.432321174	954.6242948079889	1659.662336	cloud-23982
eca-rers2012/Problem14_label53.yml	true	TIMEOUT	990.572812289	936.551168557984	1854.283776	cloud-23979	TIMEOUT	990.618051701	943.9228711769974	1802.944512	cloud-23938	TIMEOUT	990.468034036	955.7979843389767	1587.892224	cloud-23982
eca-rers2012/Problem14_label54.yml	false	TIMEOUT	990.593616814	934.4533382430091	1702.436864	cloud-24260	false(unreach-call)	752.593478546	711.388789841003	2000.801792	cloud-23933	TIMEOUT	990.434586074	962.1891201699909	1470.164992	cloud-23980
eca-rers2012/Problem14_label55.yml	true	TIMEOUT	990.577360842	938.9399690190039	1948.041216	cloud-23933	true	683.065276411	644.482850432978	1496.223744	cloud-23980	TIMEOUT	990.442489921	963.0632316349947	1613.344768	cloud-23979
eca-rers2012/Problem14_label56.yml	false	TIMEOUT	990.560421121	934.0574059670034	1694.842880	cloud-24260	false(unreach-call)	255.300432361	212.79012318901368	2036.441088	cloud-23979	TIMEOUT	990.503897669	961.2151256600046	1528.307712	cloud-23933
eca-rers2012/Problem14_label57.yml	false	TIMEOUT	990.520490216	938.0740087669983	1668.718592	cloud-23979	false(unreach-call)	264.581777843	222.23480332599138	2182.803456	cloud-23933	TIMEOUT	990.500909132	964.413083210995	1882.513408	cloud-23933
eca-rers2012/Problem14_label58.yml	false	TIMEOUT	990.514816198	935.9717945790035	1719.062528	cloud-23933	TIMEOUT	990.468646169	952.0427257660194	1508.458496	cloud-23979	TIMEOUT	990.452828021	962.7178364139982	1866.563584	cloud-23933
eca-rers2012/Problem14_label59.yml	true	true	201.598979448	158.83603438502178	1832.579072	cloud-24260	true	177.67871114	143.53546322701732	1557.245952	cloud-23979	TIMEOUT	990.364494829	966.2609315750015	1526.685696	cloud-23941
eca-rers2012/Problem15_label00.yml	false	TIMEOUT	991.032748499	908.3994694479916	5038.936064	cloud-23979	TIMEOUT	990.853229146	927.6567655800027	4622.065664	cloud-23938	TIMEOUT	990.780066645	947.9924985080143	4496.175104	cloud-23979
eca-rers2012/Problem15_label01.yml	true	TIMEOUT	990.878044345	918.527815540001	5699.624960	cloud-23979	TIMEOUT	990.850561531	943.180830658006	4558.151680	cloud-23979	TIMEOUT	990.661150849	944.4874566539947	3618.004992	cloud-23980
eca-rers2012/Problem15_label02.yml	false	TIMEOUT	991.028641396	905.9727118480077	4586.405888	cloud-24259	TIMEOUT	990.892480851	934.9677083749848	4388.536320	cloud-23938	TIMEOUT	990.853785638	932.9322603759938	4438.921216	cloud-23938
eca-rers2012/Problem15_label03.yml	false	TIMEOUT	991.453755053	767.1019211050007	5181.440000	cloud-23933	false(unreach-call)	405.542143616	346.21783485999913	3499.679744	cloud-23979	TIMEOUT	990.942866964	939.3697602839966	4942.901248	cloud-23933
eca-rers2012/Problem15_label04.yml	true	TIMEOUT	990.865347673	906.9889047890028	3626.532864	cloud-23979	TIMEOUT	990.976485655	927.4490787719842	3873.173504	cloud-23938	TIMEOUT	990.736250082	939.6226503920043	3425.349632	cloud-23982
eca-rers2012/Problem15_label05.yml	true	TIMEOUT	991.110459494	892.9618926760013	4868.788224	cloud-24259	TIMEOUT	991.012843289	923.4034098070115	4247.031808	cloud-23979	TIMEOUT	990.775172826	947.1856944290048	3639.840768	cloud-23979
eca-rers2012/Problem15_label06.yml	true	TIMEOUT	990.971169813	897.8126594890055	4077.027328	cloud-24260	TIMEOUT	990.819162644	935.4739575870044	4576.272384	cloud-23980	TIMEOUT	990.737013709	938.7344859119912	3811.590144	cloud-23982
eca-rers2012/Problem15_label07.yml	false	TIMEOUT	991.012935278	897.2708114099805	4933.918720	cloud-24260	TIMEOUT	990.814296662	920.574570908997	3907.801088	cloud-23982	TIMEOUT	990.578183092	942.111995077983	3359.199232	cloud-23980
eca-rers2012/Problem15_label08.yml	true	TIMEOUT	991.093675966	912.6129231160157	4619.272192	cloud-23979	TIMEOUT	990.790739658	934.6617792049947	4257.579008	cloud-23980	TIMEOUT	990.764286697	944.9203694629832	4397.379584	cloud-23979
eca-rers2012/Problem15_label09.yml	false	TIMEOUT	990.987485309	896.0481064220075	4888.068096	cloud-24259	TIMEOUT	990.75594707	933.642629103997	4159.209472	cloud-23980	TIMEOUT	990.791972918	949.5855697939987	4590.329856	cloud-23933
eca-rers2012/Problem15_label10.yml	true	TIMEOUT	990.955464629	899.4755408419878	4759.474176	cloud-24259	TIMEOUT	990.973272363	922.4601202969789	3687.763968	cloud-23982	TIMEOUT	990.688845734	939.8026316369942	3480.608768	cloud-23933
eca-rers2012/Problem15_label11.yml	true	TIMEOUT	991.043147634	910.228502612008	4975.841280	cloud-23979	TIMEOUT	990.839653886	921.7578226940241	3890.577408	cloud-23938	TIMEOUT	990.805532392	936.8060603839986	4575.969280	cloud-23980
eca-rers2012/Problem15_label12.yml	true	TIMEOUT	990.876409595	926.9061890799785	5127.823360	cloud-24259	TIMEOUT	990.809169562	936.8538309769938	4456.562688	cloud-23979	TIMEOUT	990.814877073	937.4705951640208	3432.181760	cloud-23982
eca-rers2012/Problem15_label13.yml	true	TIMEOUT	991.183384669	897.2765500829846	5016.092672	cloud-24259	TIMEOUT	990.888436415	931.4799821859924	4587.909120	cloud-23980	TIMEOUT	990.903366291	938.9164244900167	4953.288704	cloud-23938
eca-rers2012/Problem15_label14.yml	false	TIMEOUT	990.991762968	900.956832987009	3971.174400	cloud-24260	false(unreach-call)	837.208613873	762.8083182600094	4502.405120	cloud-23982	TIMEOUT	990.7083888	944.9959799340286	3678.441472	cloud-23979
eca-rers2012/Problem15_label15.yml	false	TIMEOUT	991.093844149	902.6110332239768	4396.093440	cloud-23933	TIMEOUT	990.830311756	930.6048326010059	4478.709760	cloud-23938	TIMEOUT	990.717017581	946.0304933830048	4102.905856	cloud-23980
eca-rers2012/Problem15_label16.yml	true	TIMEOUT	990.87313034	911.7257852900075	3562.708992	cloud-23979	TIMEOUT	990.782189289	938.5610970639973	4548.313088	cloud-23980	TIMEOUT	990.860543087	940.3957709649985	4367.917056	cloud-23938
eca-rers2012/Problem15_label17.yml	true	TIMEOUT	991.110113092	909.268513618008	4848.332800	cloud-23933	TIMEOUT	990.864933868	934.0129623399989	4394.172416	cloud-23933	TIMEOUT	990.751770143	946.9328758380143	3845.074944	cloud-23980
eca-rers2012/Problem15_label18.yml	false	TIMEOUT	991.086136942	832.0683572710113	5312.385024	cloud-24259	false(unreach-call)	374.488588563	313.8033421340224	4422.955008	cloud-23938	TIMEOUT	990.847834347	944.1606996050104	4496.535552	cloud-23980
eca-rers2012/Problem15_label19.yml	true	TIMEOUT	990.835662893	895.949280269997	3638.743040	cloud-24260	TIMEOUT	990.5131183	917.8466917689948	3430.215680	cloud-23933	TIMEOUT	990.698032314	944.4484825359832	3835.781120	cloud-23933
eca-rers2012/Problem15_label20.yml	true	TIMEOUT	990.871475445	911.6589903699933	3895.390208	cloud-23933	TIMEOUT	990.692578588	937.4091915470199	3674.509312	cloud-23980	TIMEOUT	990.816676441	939.432443623984	4718.395392	cloud-23938
eca-rers2012/Problem15_label21.yml	true	TIMEOUT	991.113691225	909.0978662789857	4505.923584	cloud-23979	TIMEOUT	990.684940659	937.1916582520062	3524.755456	cloud-23933	TIMEOUT	990.967602688	934.9764015830006	4210.417664	cloud-23982
eca-rers2012/Problem15_label22.yml	false	TIMEOUT	990.95012398	910.0139626000018	3693.068288	cloud-23933	TIMEOUT	990.807558577	937.9634210510121	3621.904384	cloud-23980	TIMEOUT	990.714407841	935.2966406230116	3763.453952	cloud-23982
eca-rers2012/Problem15_label23.yml	false	TIMEOUT	991.135644184	896.7123925579945	5378.015232	cloud-24259	TIMEOUT	990.821863298	931.2807293639926	3689.721856	cloud-23979	TIMEOUT	990.870762242	936.447766369005	4408.922112	cloud-23982
eca-rers2012/Problem15_label24.yml	true	TIMEOUT	991.102927938	899.3828129950125	3975.114752	cloud-24260	TIMEOUT	990.822649611	927.7951301969879	3754.041344	cloud-23979	TIMEOUT	990.739058873	940.242197168991	3767.201792	cloud-23982
eca-rers2012/Problem15_label25.yml	false	TIMEOUT	990.708586435	917.5109992569924	3815.763968	cloud-24261	TIMEOUT	991.525722378	911.4188140369952	3790.123008	cloud-23982	TIMEOUT	990.779456397	939.6270919700037	4449.878016	cloud-23979
eca-rers2012/Problem15_label26.yml	true	TIMEOUT	991.022583654	909.6691011139919	4895.145984	cloud-24260	TIMEOUT	990.806563298	928.812120129005	3974.987776	cloud-23980	TIMEOUT	990.715162403	936.7930275399995	3489.374208	cloud-23982
eca-rers2012/Problem15_label27.yml	true	TIMEOUT	991.085599409	904.6705563399883	5022.961664	cloud-24260	TIMEOUT	990.60410893	940.7958726089855	3786.870784	cloud-23941	TIMEOUT	990.751441357	945.3874041719828	3477.123072	cloud-23979
eca-rers2012/Problem15_label28.yml	true	TIMEOUT	990.889775115	905.281205176012	3867.447296	cloud-24260	true	819.604902234	760.0327652929991	4202.438656	cloud-23979	TIMEOUT	990.64718589	946.3309949099785	3693.629440	cloud-23933
eca-rers2012/Problem15_label29.yml	false	TIMEOUT	990.951882369	901.2151537929894	4431.536128	cloud-24260	TIMEOUT	990.796317399	930.6353665479983	4018.774016	cloud-23980	TIMEOUT	990.655282111	944.9575861289923	3288.440832	cloud-23980
eca-rers2012/Problem15_label30.yml	false	TIMEOUT	991.025364286	899.9461608900165	4006.797312	cloud-24260	false(unreach-call)	535.371744428	467.58037815600983	3628.191744	cloud-23933	TIMEOUT	990.763492645	938.4744751809922	4525.391872	cloud-23980
eca-rers2012/Problem15_label31.yml	true	TIMEOUT	990.61625386	929.3025668560003	3607.343104	cloud-23942	TIMEOUT	991.188043688	918.719161652989	4496.551936	cloud-23982	TIMEOUT	990.691259486	943.7143752569973	3758.379008	cloud-23979
eca-rers2012/Problem15_label32.yml	true	TIMEOUT	990.957696215	897.8444422620087	4954.701824	cloud-24259	TIMEOUT	990.698731071	938.4288188320061	4337.537024	cloud-23982	TIMEOUT	990.845066645	942.6296601399954	4331.487232	cloud-23982
eca-rers2012/Problem15_label33.yml	false	TIMEOUT	991.01536805	896.9748349280126	4660.461568	cloud-24260	false(unreach-call)	577.887780494	516.7382820440107	3900.547072	cloud-23979	TIMEOUT	990.746969519	946.6043275039992	4525.723648	cloud-23980
eca-rers2012/Problem15_label34.yml	false	TIMEOUT	991.483132647	789.9227952120127	5503.795200	cloud-24260	false(unreach-call)	456.085659528	389.66508849701495	4413.440000	cloud-23980	TIMEOUT	990.826957005	948.7685951149906	4569.313280	cloud-23979
eca-rers2012/Problem15_label35.yml	true	TIMEOUT	990.820134159	889.6345422220038	3881.316352	cloud-24259	TIMEOUT	990.716424724	931.5500604279805	3641.163776	cloud-23980	TIMEOUT	990.633745732	941.892379197001	3582.234624	cloud-23982
eca-rers2012/Problem15_label36.yml	true	TIMEOUT	991.248042272	911.5292927779956	5124.063232	cloud-23933	TIMEOUT	990.871521391	932.3180620149942	4346.036224	cloud-23979	TIMEOUT	990.911677534	937.5710538580024	4835.180544	cloud-23938
eca-rers2012/Problem15_label37.yml	false	TIMEOUT	990.781765785	911.9734409469966	4657.704960	cloud-24261	TIMEOUT	990.694046631	933.0817011400068	3570.823168	cloud-23979	TIMEOUT	990.984995507	944.0986481609871	4189.016064	cloud-23982
eca-rers2012/Problem15_label38.yml	false	TIMEOUT	991.166114351	896.3866479849967	5438.574592	cloud-24260	false(unreach-call)	874.935037412	805.3319258659903	3934.638080	cloud-23938	TIMEOUT	990.674934564	940.0409061679966	4478.160896	cloud-23982
eca-rers2012/Problem15_label39.yml	false	TIMEOUT	990.948657059	916.2570531370002	4936.564736	cloud-24259	TIMEOUT	990.729980935	951.4251770570118	4356.759552	cloud-23980	TIMEOUT	990.739719798	939.1276073940098	3924.471808	cloud-23938
eca-rers2012/Problem15_label40.yml	false	TIMEOUT	991.027099589	899.8390371919959	4536.528896	cloud-24260	TIMEOUT	991.229420466	930.3487041059998	4635.439104	cloud-23938	TIMEOUT	990.7271292	945.5110509929946	3536.707584	cloud-23980
eca-rers2012/Problem15_label41.yml	false	TIMEOUT	990.855106108	910.3556382239913	4970.475520	cloud-24259	TIMEOUT	990.769579995	934.1203655120044	3659.681792	cloud-23979	TIMEOUT	990.727418693	945.3211617269844	3817.730048	cloud-23933
eca-rers2012/Problem15_label42.yml	true	TIMEOUT	990.775979755	911.9075147080002	4417.921024	cloud-24261	TIMEOUT	990.800301293	940.1146777150279	4585.463808	cloud-23980	TIMEOUT	990.78079121	936.2151609089924	3750.780928	cloud-23982
eca-rers2012/Problem15_label43.yml	true	TIMEOUT	990.95847337	918.1895721369947	4592.037888	cloud-23979	TIMEOUT	991.017193999	920.5687872279959	4431.077376	cloud-23982	TIMEOUT	990.77284903	944.665309050004	4553.990144	cloud-23979
eca-rers2012/Problem15_label44.yml	true	TIMEOUT	990.895745679	904.0918686439982	3764.936704	cloud-24260	TIMEOUT	990.745051803	930.5171105890186	3936.628736	cloud-23979	TIMEOUT	990.861945511	945.7620192659961	4399.415296	cloud-23979
eca-rers2012/Problem15_label45.yml	false	TIMEOUT	991.109335224	902.7216900759959	5185.351680	cloud-24260	false(unreach-call)	451.154664709	389.5992894070223	3999.195136	cloud-23933	TIMEOUT	990.688342135	945.2955718690064	3944.153088	cloud-23933
eca-rers2012/Problem15_label46.yml	true	TIMEOUT	991.00524192	905.8684829240083	5039.394816	cloud-23933	TIMEOUT	991.098587676	915.3971778969862	4566.945792	cloud-23933	TIMEOUT	990.800607215	936.946614741988	4073.340928	cloud-23938
eca-rers2012/Problem15_label47.yml	false	TIMEOUT	990.864368093	903.5981078110053	3699.912704	cloud-24260	false(unreach-call)	506.668957935	450.13256366099813	4434.497536	cloud-23933	TIMEOUT	990.794756752	938.697951367998	3493.134336	cloud-23982
eca-rers2012/Problem15_label48.yml	false	TIMEOUT	991.102280372	901.9199823149829	5053.394944	cloud-23933	TIMEOUT	990.708262957	927.2565922029899	3546.083328	cloud-23933	TIMEOUT	990.815403357	942.3584621300106	3731.243008	cloud-23933
eca-rers2012/Problem15_label49.yml	true	TIMEOUT	991.005118241	913.158619986003	5202.636800	cloud-23979	TIMEOUT	990.730419636	934.8703176369891	4086.693888	cloud-23980	TIMEOUT	990.577551621	950.2158123730042	3773.505536	cloud-23979
eca-rers2012/Problem15_label50.yml	false	TIMEOUT	991.413942277	790.3495631690021	6587.924480	cloud-24259	false(unreach-call)	396.960545555	334.6711840610078	3511.058432	cloud-23933	TIMEOUT	990.726206704	936.4868402040156	4174.692352	cloud-23982
eca-rers2012/Problem15_label51.yml	false	TIMEOUT	991.048187751	894.6457644990005	4984.582144	cloud-24259	false(unreach-call)	720.186999327	642.5857922629802	3710.488576	cloud-23938	TIMEOUT	990.686741022	940.5068764470052	3746.942976	cloud-23982
eca-rers2012/Problem15_label52.yml	true	TIMEOUT	990.986151156	891.4148118580051	3864.911872	cloud-24259	TIMEOUT	990.734514478	932.9442107239738	3797.483520	cloud-23979	TIMEOUT	990.791295115	938.1389593820204	4604.764160	cloud-23982
eca-rers2012/Problem15_label53.yml	true	TIMEOUT	991.250275653	899.4876781479979	5303.361536	cloud-24260	TIMEOUT	990.832909776	928.1711606669996	3481.399296	cloud-23938	TIMEOUT	990.7678656	943.9326240189839	3932.737536	cloud-23979
eca-rers2012/Problem15_label54.yml	true	TIMEOUT	990.967013637	908.5296027589939	4555.485184	cloud-23979	TIMEOUT	990.986958579	922.9538483950018	4542.107648	cloud-23938	TIMEOUT	990.758329889	947.4834032229846	4910.080000	cloud-23979
eca-rers2012/Problem15_label55.yml	true	TIMEOUT	991.238617641	915.2164493890014	4948.647936	cloud-23979	TIMEOUT	991.000779882	941.7788026219932	5156.610048	cloud-23933	TIMEOUT	990.709244187	942.1650474119815	3552.612352	cloud-23982
eca-rers2012/Problem15_label56.yml	true	TIMEOUT	991.029949642	908.0194035659952	4650.262528	cloud-24260	TIMEOUT	990.85617678	927.9949160279939	3554.181120	cloud-23938	TIMEOUT	990.913831655	941.749150099	3553.378304	cloud-23933
eca-rers2012/Problem15_label57.yml	true	TIMEOUT	991.09725924	900.1655025510117	4344.295424	cloud-24260	TIMEOUT	990.842782894	925.9186624409922	3628.781568	cloud-23979	TIMEOUT	990.640507225	947.3086030039995	4505.186304	cloud-23980
eca-rers2012/Problem15_label58.yml	true	TIMEOUT	991.136191883	912.1846462510002	5565.169664	cloud-23933	TIMEOUT	990.96281073	927.2096953069849	3769.917440	cloud-23933	TIMEOUT	990.645089962	946.814180034009	3473.547264	cloud-23979
eca-rers2012/Problem15_label59.yml	true	TIMEOUT	990.928923695	901.0991671569936	4878.041088	cloud-24260	TIMEOUT	990.725991087	939.1604182430019	4147.367936	cloud-23980	TIMEOUT	990.772421848	948.4819397440006	4185.239552	cloud-23980
eca-rers2012/Problem16_label00.yml	false	TIMEOUT	990.907532486	923.5723199069907	4064.137216	cloud-23979	TIMEOUT	990.817960095	938.6009187720192	3535.790080	cloud-23938	TIMEOUT	990.704354415	948.1252224889759	2922.123264	cloud-23933
eca-rers2012/Problem16_label01.yml	false	TIMEOUT	990.967428254	923.8641853189911	3888.476160	cloud-23979	TIMEOUT	990.727350919	936.0204102920252	2804.244480	cloud-23980	TIMEOUT	990.621662225	950.2201451440051	3564.118016	cloud-23980
eca-rers2012/Problem16_label02.yml	true	TIMEOUT	990.911624411	911.9281262010045	3502.108672	cloud-23979	TIMEOUT	990.825462872	934.872914868989	3379.691520	cloud-23938	TIMEOUT	990.621409639	948.1162410530087	3309.039616	cloud-23933
eca-rers2012/Problem16_label03.yml	false	TIMEOUT	990.87315263	910.5704567960056	3824.803840	cloud-24260	TIMEOUT	991.099288654	921.0278456679953	3188.826112	cloud-23979	TIMEOUT	990.684601895	948.5104820349952	3652.702208	cloud-23980
eca-rers2012/Problem16_label04.yml	false	TIMEOUT	990.96290874	906.0400097050006	3245.219840	cloud-24259	TIMEOUT	990.970999781	931.9516051280079	3850.862592	cloud-23980	TIMEOUT	990.596924766	947.256844634976	2958.147584	cloud-23982
eca-rers2012/Problem16_label05.yml	false	TIMEOUT	990.899872816	914.88034577301	3905.994752	cloud-23933	TIMEOUT	990.86579632	921.9789225250133	2968.326144	cloud-23938	TIMEOUT	990.768911777	940.0391286569939	3441.942528	cloud-23982
eca-rers2012/Problem16_label06.yml	false	TIMEOUT	990.965195666	913.8180746150028	3453.468672	cloud-23933	TIMEOUT	990.784551659	934.7333996670204	3623.002112	cloud-23938	TIMEOUT	990.706178688	950.077147576987	3275.505664	cloud-23980
eca-rers2012/Problem16_label07.yml	true	TIMEOUT	990.784724162	912.9239810659783	3301.695488	cloud-23933	TIMEOUT	990.932440921	924.9995200640114	3700.416512	cloud-23933	TIMEOUT	990.607271644	951.1417433879978	2816.507904	cloud-23980
eca-rers2012/Problem16_label08.yml	false	TIMEOUT	990.97732738	912.34620610399	4498.526208	cloud-24260	TIMEOUT	990.694656391	944.8586479340156	4071.124992	cloud-23980	TIMEOUT	990.629408084	942.6299878169957	2934.575104	cloud-23982
eca-rers2012/Problem16_label09.yml	true	TIMEOUT	991.273218154	597.3187253710057	4778.639360	cloud-23933	true	458.344245694	404.3525117720128	3399.888896	cloud-23938	TIMEOUT	990.653487472	949.9690327749995	2867.605504	cloud-23979
eca-rers2012/Problem16_label10.yml	true	TIMEOUT	990.820837201	904.1891117549967	3221.299200	cloud-24259	true	480.235104348	423.74902384600136	3586.465792	cloud-23982	TIMEOUT	990.71866289	945.1011159180198	3739.168768	cloud-23933
eca-rers2012/Problem16_label11.yml	true	TIMEOUT	991.301660751	599.7478893400112	5359.398912	cloud-24260	true	429.103219726	379.5774811420124	2803.310592	cloud-23933	TIMEOUT	990.759256616	942.6377383580257	2908.127232	cloud-23938
eca-rers2012/Problem16_label12.yml	true	TIMEOUT	991.348076723	597.5450102830073	4853.026816	cloud-23933	true	488.213341353	434.25772840701393	3676.413952	cloud-23938	TIMEOUT	990.695464634	945.995704083005	3810.029568	cloud-23979
eca-rers2012/Problem16_label13.yml	true	TIMEOUT	990.927198184	916.5331035160052	4095.500288	cloud-23979	TIMEOUT	990.89661867	924.2455304390169	3592.359936	cloud-23938	TIMEOUT	990.72645024	952.0645452900208	3352.035328	cloud-23979
eca-rers2012/Problem16_label14.yml	false	TIMEOUT	990.963621312	916.4048365869967	4030.251008	cloud-23979	TIMEOUT	990.628579957	937.6602679920034	3025.895424	cloud-23943	TIMEOUT	990.561214598	944.4023372789961	2935.504896	cloud-23938
eca-rers2012/Problem16_label15.yml	false	TIMEOUT	990.930757772	917.6219933090033	3606.491136	cloud-23979	TIMEOUT	990.841643536	929.7840495429991	3872.894976	cloud-23980	TIMEOUT	990.578528972	941.9146415760042	3381.338112	cloud-23982
eca-rers2012/Problem16_label16.yml	true	TIMEOUT	990.838418618	917.124329222017	2990.837760	cloud-23979	TIMEOUT	990.718243538	934.6130852799979	3727.253504	cloud-23979	TIMEOUT	990.61392794	953.9592186250084	3581.493248	cloud-23980
eca-rers2012/Problem16_label17.yml	true	TIMEOUT	990.875553729	917.7839862639958	4667.392000	cloud-23933	TIMEOUT	990.759172977	928.5314854159951	3573.538816	cloud-23933	TIMEOUT	990.6331311	953.3348219890031	3369.926656	cloud-23980
eca-rers2012/Problem16_label18.yml	false	TIMEOUT	990.759999398	921.8821725750167	3373.064192	cloud-23979	TIMEOUT	990.89369273	927.2036123759754	3624.022016	cloud-23938	TIMEOUT	990.615766609	948.4955388320086	3536.547840	cloud-23933
eca-rers2012/Problem16_label19.yml	true	TIMEOUT	991.041582673	916.2258513320121	4068.728832	cloud-23933	TIMEOUT	990.764535686	927.5611094769847	3491.459072	cloud-23982	TIMEOUT	990.745155895	947.2248708569969	3682.914304	cloud-23938
eca-rers2012/Problem16_label20.yml	false	TIMEOUT	990.715701837	921.9261858440004	3074.183168	cloud-24259	TIMEOUT	990.726302727	928.9388760599832	3733.348352	cloud-23982	TIMEOUT	990.660471254	943.7150060250133	3047.526400	cloud-23933
eca-rers2012/Problem16_label21.yml	true	TIMEOUT	990.597983476	931.7271739880089	3286.196224	cloud-23939	TIMEOUT	990.656646519	932.5199560349865	2988.441600	cloud-23933	TIMEOUT	990.580390714	947.2511484860152	3408.068608	cloud-23938
eca-rers2012/Problem16_label22.yml	false	TIMEOUT	990.903277915	907.8020681939961	3107.753984	cloud-24259	TIMEOUT	990.785560512	928.9039258729899	3480.518656	cloud-23933	TIMEOUT	990.753870405	943.329966076999	3553.648640	cloud-23938
eca-rers2012/Problem16_label23.yml	true	TIMEOUT	990.839940474	902.6650665849884	4048.683008	cloud-24259	TIMEOUT	990.895643789	932.984176359023	3543.552000	cloud-23980	TIMEOUT	990.729579705	947.3215180679981	3186.442240	cloud-23938
eca-rers2012/Problem16_label24.yml	true	TIMEOUT	990.934733909	914.4125086019922	3741.417472	cloud-23979	TIMEOUT	990.630656769	938.0263317869976	3016.564736	cloud-23980	TIMEOUT	990.68165844	948.3614522090065	3261.947904	cloud-23979
eca-rers2012/Problem16_label25.yml	true	TIMEOUT	990.877304927	913.976734248019	3577.368576	cloud-23933	TIMEOUT	990.838371288	935.6318469579855	3970.568192	cloud-23980	TIMEOUT	990.748667777	947.6049206030148	3366.551552	cloud-23938
eca-rers2012/Problem16_label26.yml	true	TIMEOUT	990.920405974	911.8167198449955	3504.459776	cloud-23933	TIMEOUT	990.908476327	936.4471682480071	3649.019904	cloud-23980	TIMEOUT	990.662494174	953.3528426309931	3770.748928	cloud-23979
eca-rers2012/Problem16_label27.yml	false	TIMEOUT	990.967187604	907.4331206310017	3632.459776	cloud-24259	TIMEOUT	990.760986626	926.779402501008	3355.140096	cloud-23933	TIMEOUT	990.757241895	947.1682779889961	3760.336896	cloud-23938
eca-rers2012/Problem16_label28.yml	true	TIMEOUT	990.907667967	876.8675527350279	5363.343360	cloud-23979	TIMEOUT	990.890449704	931.5893355399894	3582.865408	cloud-23979	TIMEOUT	990.622594655	949.3338846900151	3678.224384	cloud-23979
eca-rers2012/Problem16_label29.yml	true	TIMEOUT	990.867577447	917.624658115994	3670.290432	cloud-23979	TIMEOUT	990.756940167	924.7061311729776	2957.438976	cloud-23933	TIMEOUT	990.637995698	949.1994248479896	3422.978048	cloud-23980
eca-rers2012/Problem16_label30.yml	false	TIMEOUT	990.56257486	935.7235927970032	2965.110784	cloud-23939	TIMEOUT	990.680430817	942.7631982729945	3238.965248	cloud-23979	TIMEOUT	990.762733686	941.5928747120197	3462.946816	cloud-23933
eca-rers2012/Problem16_label31.yml	false	TIMEOUT	990.982783624	913.6547402009892	4260.278272	cloud-23933	TIMEOUT	990.955996338	929.6524943360128	3611.766784	cloud-23979	TIMEOUT	990.706796452	946.7514898660011	2858.373120	cloud-23938
eca-rers2012/Problem16_label32.yml	true	TIMEOUT	990.887376483	913.0807065749977	4140.318720	cloud-24260	TIMEOUT	990.979573735	927.2734112349863	3452.006400	cloud-23938	TIMEOUT	990.806497689	947.1497802750091	3268.816896	cloud-23938
eca-rers2012/Problem16_label33.yml	false	TIMEOUT	990.834910333	917.6729243719892	3747.057664	cloud-23979	TIMEOUT	990.774553799	929.713860562013	2942.722048	cloud-23979	TIMEOUT	990.834044084	942.1344666329969	3390.459904	cloud-23938
eca-rers2012/Problem16_label34.yml	true	TIMEOUT	990.685751004	924.7415665649896	3437.936640	cloud-24259	TIMEOUT	991.051233373	928.999399762979	3195.961344	cloud-23980	TIMEOUT	990.62218623	951.31660542998	3647.475712	cloud-23979
eca-rers2012/Problem16_label35.yml	true	TIMEOUT	990.856099078	912.1789707779826	3264.815104	cloud-23933	TIMEOUT	990.884824743	924.913829846977	3851.485184	cloud-23938	TIMEOUT	990.545697504	949.5697919179802	3269.459968	cloud-23979
eca-rers2012/Problem16_label36.yml	true	TIMEOUT	990.721465554	913.111097785004	3238.682624	cloud-23933	TIMEOUT (true)	959.873255543	906.8143464890018	3239.378944	cloud-23933	TIMEOUT	990.617893106	943.539307397994	3065.757696	cloud-23982
eca-rers2012/Problem16_label37.yml	false	TIMEOUT	990.675762786	919.1263565819827	3020.689408	cloud-23979	TIMEOUT	990.627157415	936.2802766330133	3798.163456	cloud-23933	TIMEOUT	990.753076855	942.8111487579881	2926.735360	cloud-23938
eca-rers2012/Problem16_label38.yml	false	TIMEOUT	990.798384809	915.1622544920101	3724.972032	cloud-24261	TIMEOUT	990.853541835	925.6980770840019	3716.427776	cloud-23982	TIMEOUT	990.655415676	955.421870791004	3468.791808	cloud-23980
eca-rers2012/Problem16_label39.yml	true	TIMEOUT	990.76738723	922.399366402009	3004.338176	cloud-23979	TIMEOUT	990.670412753	929.8977358860138	3622.752256	cloud-23982	TIMEOUT	990.632855429	948.3876862369943	3203.534848	cloud-23980
eca-rers2012/Problem16_label40.yml	true	TIMEOUT	990.845522445	911.5751684650022	3808.653312	cloud-24260	TIMEOUT	990.836118022	931.8651660910109	3816.964096	cloud-23980	TIMEOUT	990.777168977	946.2271098979982	2942.611456	cloud-23938
eca-rers2012/Problem16_label41.yml	false	TIMEOUT	990.831668899	920.87634057799	3588.313088	cloud-24259	TIMEOUT	990.752903718	940.2092965550255	3896.254464	cloud-23980	TIMEOUT	990.620335477	941.0836981959874	2879.074304	cloud-23982
eca-rers2012/Problem16_label42.yml	true	TIMEOUT	990.822185776	920.7673192519869	3916.750848	cloud-23979	TIMEOUT	990.834710746	929.2742436769768	3660.513280	cloud-23933	TIMEOUT	990.751209334	949.7736252759933	3188.875264	cloud-23979
eca-rers2012/Problem16_label43.yml	false	TIMEOUT	990.761347559	912.4015835900209	4153.720832	cloud-23979	TIMEOUT	990.744056474	925.9871423129807	3129.446400	cloud-23938	TIMEOUT	990.549306745	943.5578910729964	3139.555328	cloud-23982
eca-rers2012/Problem16_label44.yml	false	TIMEOUT	990.764575537	910.7106376400043	3125.161984	cloud-23933	TIMEOUT	990.604645143	941.086158791004	3705.397248	cloud-23933	TIMEOUT	990.536972573	948.4021919190127	3105.484800	cloud-23933
eca-rers2012/Problem16_label45.yml	true	TIMEOUT	991.043835786	907.7403159460227	4129.488896	cloud-24260	TIMEOUT	990.789820884	931.1033398179861	3747.454976	cloud-23982	TIMEOUT	990.696561521	952.9388566609996	3768.213504	cloud-23933
eca-rers2012/Problem16_label46.yml	false	TIMEOUT	990.805166263	912.5009158719913	3314.151424	cloud-23933	TIMEOUT	990.711507778	933.9263483899995	3876.196352	cloud-23980	TIMEOUT	990.636469286	949.4064856109908	2979.086336	cloud-23933
eca-rers2012/Problem16_label47.yml	true	TIMEOUT	991.023345729	861.5983647840039	4580.896768	cloud-24260	true	295.936260514	248.08190771299996	3513.868288	cloud-23979	TIMEOUT	990.546829767	940.4806171610253	3005.067264	cloud-23982
eca-rers2012/Problem16_label48.yml	true	TIMEOUT	991.020297832	887.3481056799938	4860.014592	cloud-23933	true	376.152338497	323.8020620929892	3508.391936	cloud-23938	TIMEOUT	990.724571171	951.3848728669982	3878.395904	cloud-23979
eca-rers2012/Problem16_label49.yml	true	TIMEOUT	990.974091871	881.4063083219808	4584.292352	cloud-23933	TIMEOUT	990.822857213	944.2539042069984	3515.826176	cloud-23979	TIMEOUT	990.70576757	947.552307653008	3057.565696	cloud-23933
eca-rers2012/Problem16_label50.yml	true	TIMEOUT	990.8499576	898.5931484120083	4628.086784	cloud-23979	true	341.902453983	294.9086105360184	3410.792448	cloud-23933	TIMEOUT	990.612052919	947.2171770999848	2979.516416	cloud-23979
eca-rers2012/Problem16_label51.yml	false	TIMEOUT	990.923491902	905.2743671439966	4593.106944	cloud-24259	TIMEOUT	990.780127909	928.0705892629921	3684.634624	cloud-23938	TIMEOUT	990.677642926	947.8349843219912	2839.445504	cloud-23980
eca-rers2012/Problem16_label52.yml	false	TIMEOUT	991.274910674	797.0518517949968	5126.754304	cloud-23979	TIMEOUT	990.690141351	928.0736767089984	3179.765760	cloud-23982	TIMEOUT	990.619081691	951.9843873249774	2801.524736	cloud-23941
eca-rers2012/Problem16_label53.yml	true	TIMEOUT	990.776356898	913.4094464200025	3447.226368	cloud-23979	TIMEOUT	990.903792988	931.4289710870071	3731.628032	cloud-23933	TIMEOUT	990.805745267	942.9836223519815	3934.257152	cloud-23938
eca-rers2012/Problem16_label54.yml	false	TIMEOUT	990.908248655	916.0824883460009	3985.764352	cloud-23979	TIMEOUT	990.718689058	931.5641954239982	2674.462720	cloud-23979	TIMEOUT	990.813836053	937.0865369890234	3791.224832	cloud-23938
eca-rers2012/Problem16_label55.yml	true	TIMEOUT	991.177660329	841.7588479290134	4618.465280	cloud-23933	true	565.211809522	507.64999892699416	3034.443776	cloud-23982	TIMEOUT	990.698269658	942.3465862620214	3633.397760	cloud-23982
eca-rers2012/Problem16_label56.yml	true	TIMEOUT	990.758621589	926.1355896339956	3180.662784	cloud-24261	true	478.706520036	429.3967967039789	3198.513152	cloud-23979	TIMEOUT	990.846932386	941.1361512290023	3940.188160	cloud-23938
eca-rers2012/Problem16_label57.yml	true	TIMEOUT	991.415966146	770.157852675009	5459.505152	cloud-23933	true	493.070506924	442.07896934999735	3197.902848	cloud-23933	TIMEOUT	990.651254711	953.1140086590021	2755.502080	cloud-23933
eca-rers2012/Problem16_label58.yml	true	TIMEOUT	990.823386386	914.2389959850116	3814.428672	cloud-23979	true	561.828616006	504.8509913480084	3797.835776	cloud-23938	TIMEOUT	990.870073389	941.5949402090046	3073.855488	cloud-23982
eca-rers2012/Problem16_label59.yml	true	TIMEOUT	990.741415079	931.6711535139912	3993.505792	cloud-24259	true	657.278022055	595.3510115340177	3769.434112	cloud-23938	TIMEOUT	990.644737311	945.2115635360242	3742.236672	cloud-23938
eca-rers2012/Problem17_label00.yml	true	TIMEOUT	990.99770927	904.9887145429966	4451.299328	cloud-23933	TIMEOUT	991.450808833	933.0209363400063	6291.361792	cloud-23982	TIMEOUT	990.825618911	927.2017828030221	4583.129088	cloud-23982
eca-rers2012/Problem17_label01.yml	true	TIMEOUT	990.94918282	929.7766696690232	4789.678080	cloud-24259	TIMEOUT	990.819756411	929.4650707220135	5584.994304	cloud-23982	TIMEOUT	990.736911044	948.8353594930086	4456.349696	cloud-23941
eca-rers2012/Problem17_label02.yml	true	TIMEOUT	991.107881913	909.4422350319946	6868.934656	cloud-24261	TIMEOUT	990.73960749	934.9711687689996	4612.087808	cloud-23933	TIMEOUT	990.777291934	930.215016792994	4523.749376	cloud-23982
eca-rers2012/Problem17_label03.yml	true	TIMEOUT	990.996790295	909.9391411320103	4669.186048	cloud-24261	TIMEOUT	990.844344226	933.722268070007	4489.330688	cloud-23979	TIMEOUT	990.612578799	937.1596423849987	4154.753024	cloud-23980
eca-rers2012/Problem17_label04.yml	false	TIMEOUT	991.185612638	890.3759324580024	4865.167360	cloud-24259	TIMEOUT	990.690118329	946.0454814420082	5137.870848	cloud-23979	TIMEOUT	990.879976336	932.3855945520045	4644.306944	cloud-23933
eca-rers2012/Problem17_label05.yml	true	TIMEOUT	991.088574413	899.493619047993	6601.027584	cloud-24260	TIMEOUT	990.795117835	935.9150774459995	4460.306432	cloud-23933	TIMEOUT	990.802016694	928.5854850809847	4558.307328	cloud-23938
eca-rers2012/Problem17_label06.yml	true	TIMEOUT	990.936895806	908.7361973709922	4615.725056	cloud-24260	TIMEOUT	990.792977801	939.0264250779874	4487.528448	cloud-23980	TIMEOUT	990.856078105	938.151073607005	4612.440064	cloud-23979
eca-rers2012/Problem17_label07.yml	false	TIMEOUT	991.033438318	891.6610395599855	4836.741120	cloud-24259	TIMEOUT	990.94625579	933.5334784849838	6360.231936	cloud-23979	TIMEOUT	990.729697908	939.2732478560065	4454.699008	cloud-23979
eca-rers2012/Problem17_label08.yml	true	TIMEOUT	990.81294625	920.3969767649978	4662.751232	cloud-24259	TIMEOUT	990.81099945	928.4002925710229	4483.821568	cloud-23933	TIMEOUT	990.932813101	936.3010314610146	5021.216768	cloud-23979
eca-rers2012/Problem17_label09.yml	false	TIMEOUT	990.965493286	902.4903208299947	4754.259968	cloud-24259	TIMEOUT	990.85073344	934.7254983620078	4442.136576	cloud-23938	TIMEOUT	990.891492047	931.6675532310037	5402.210304	cloud-23982
eca-rers2012/Problem17_label10.yml	true	TIMEOUT	990.926681946	898.5388631490059	4599.914496	cloud-24259	TIMEOUT	990.778490113	929.2805818489869	4661.846016	cloud-23982	TIMEOUT	990.7896742	937.1457807590195	4565.688320	cloud-23979
eca-rers2012/Problem17_label11.yml	true	TIMEOUT	991.499081856	902.8899122840085	6652.436480	cloud-23933	TIMEOUT	990.876810311	930.6325468279829	4425.646080	cloud-23980	TIMEOUT	990.824853893	931.705092772987	4529.143808	cloud-23938
eca-rers2012/Problem17_label12.yml	true	TIMEOUT	991.188746835	902.3642022320128	6407.020544	cloud-23933	TIMEOUT	991.085196221	928.944351787999	5585.244160	cloud-23938	TIMEOUT	990.725249014	931.4799745769997	4572.020736	cloud-23982
eca-rers2012/Problem17_label13.yml	false	TIMEOUT	991.119014766	915.5435659089999	6369.878016	cloud-23979	TIMEOUT	990.867457662	940.544821472984	5285.302272	cloud-23980	TIMEOUT	990.944154235	920.2281194070238	4851.994624	cloud-23938
eca-rers2012/Problem17_label14.yml	true	TIMEOUT	991.260473621	886.7910518019926	5082.398720	cloud-24259	TIMEOUT	990.870516255	937.7859675450018	4539.932672	cloud-23933	TIMEOUT	990.815304008	938.6083553520148	4617.842688	cloud-23979
eca-rers2012/Problem17_label15.yml	true	TIMEOUT	990.963299538	895.4683365809906	7055.372288	cloud-24259	TIMEOUT	990.781261657	934.3635808819963	4273.737728	cloud-23938	TIMEOUT	990.94076526	924.2746007290261	4564.148224	cloud-23938
eca-rers2012/Problem17_label16.yml	false	TIMEOUT	990.958217413	896.4888472159946	4730.281984	cloud-24260	TIMEOUT	991.091318747	929.2590561169782	5648.711680	cloud-23938	TIMEOUT	990.892526793	933.3339434069931	4873.887744	cloud-23980
eca-rers2012/Problem17_label17.yml	true	TIMEOUT	990.972718914	909.2626836439886	4598.255616	cloud-23979	TIMEOUT	990.820993251	939.0770796060096	4473.102336	cloud-23933	TIMEOUT	990.821167505	931.2230054189858	4742.025216	cloud-23933
eca-rers2012/Problem17_label18.yml	true	TIMEOUT	990.828804863	912.1366872850049	4670.566400	cloud-24261	TIMEOUT	990.816126519	937.144597542996	4559.351808	cloud-23933	TIMEOUT	990.758401264	935.3605528360058	4863.578112	cloud-23938
eca-rers2012/Problem17_label19.yml	true	TIMEOUT	991.216013631	903.929498507001	5775.884288	cloud-23933	TIMEOUT	990.851085593	933.1651424570009	5626.380288	cloud-23982	TIMEOUT	990.764518231	943.6906858120055	4570.263552	cloud-23980
eca-rers2012/Problem17_label20.yml	false	TIMEOUT	991.012653107	915.0474289959966	6564.708352	cloud-24259	TIMEOUT	990.857790945	937.8587370979949	5284.368384	cloud-23980	TIMEOUT	991.080707846	927.2675536560128	5656.174592	cloud-23938
eca-rers2012/Problem17_label21.yml	true	TIMEOUT	991.110033088	915.5531678539992	6130.724864	cloud-23979	TIMEOUT	990.877120966	932.2868040470057	4195.778560	cloud-23982	TIMEOUT	991.197682112	936.444475241995	5706.465280	cloud-23933
eca-rers2012/Problem17_label22.yml	true	TIMEOUT	990.744360992	923.6405307399982	5820.887040	cloud-23939	TIMEOUT	990.822006785	941.3966344369983	4557.107200	cloud-23979	TIMEOUT	990.998425581	936.8479206589982	5538.430976	cloud-23938
eca-rers2012/Problem17_label23.yml	false	TIMEOUT	991.264347759	890.0008393269964	6325.399552	cloud-24259	TIMEOUT	991.245539362	924.8287359029928	5475.692544	cloud-23979	TIMEOUT	990.965591888	933.6659500160022	5843.365888	cloud-23938
eca-rers2012/Problem17_label24.yml	true	TIMEOUT	991.099778174	900.5780649020016	4880.601088	cloud-24260	TIMEOUT	991.044010908	932.334471596987	4652.269568	cloud-23938	TIMEOUT	990.850091951	933.1590447000053	4991.528960	cloud-23982
eca-rers2012/Problem17_label25.yml	false	TIMEOUT	991.127382488	897.9572246669995	4805.541888	cloud-24260	TIMEOUT	990.847426186	938.463328044978	4450.598912	cloud-23938	TIMEOUT	991.039479664	932.3623800839996	5205.315584	cloud-23982
eca-rers2012/Problem17_label26.yml	false	TIMEOUT	990.994675522	890.2044095069868	5245.423616	cloud-24259	TIMEOUT	990.775977658	941.7453579769935	4445.405184	cloud-23979	TIMEOUT	991.126614844	942.394833747996	5349.330944	cloud-23980
eca-rers2012/Problem17_label27.yml	true	TIMEOUT	991.074165168	893.2499532469956	4787.515392	cloud-23979	TIMEOUT	990.882054882	936.460355734016	4664.877056	cloud-23979	TIMEOUT	990.841929509	932.1602411520144	5447.413760	cloud-23933
eca-rers2012/Problem17_label28.yml	true	TIMEOUT	991.348154742	887.3394791790051	5301.846016	cloud-24260	TIMEOUT	990.81674262	938.3263404800091	4439.240704	cloud-23979	TIMEOUT	990.661329507	943.4449940279883	4405.624832	cloud-23980
eca-rers2012/Problem17_label29.yml	true	TIMEOUT	991.047686863	902.556726558003	4569.575424	cloud-24260	TIMEOUT	990.943695274	939.9033837490133	5943.197696	cloud-23979	TIMEOUT	990.830211776	938.1095063420071	4612.521984	cloud-23979
eca-rers2012/Problem17_label30.yml	false	TIMEOUT	991.312745066	897.2742897860007	6542.598144	cloud-24260	TIMEOUT	990.977107253	928.8004068640003	5107.728384	cloud-23938	TIMEOUT	991.198266012	932.2387561080104	6925.008896	cloud-23980
eca-rers2012/Problem17_label31.yml	false	TIMEOUT	991.079659639	905.2394820509944	5238.009856	cloud-23933	TIMEOUT	990.884320158	937.2719145790034	4519.297024	cloud-23980	TIMEOUT	991.112255243	933.4949799199821	5375.373312	cloud-23982
eca-rers2012/Problem17_label32.yml	true	TIMEOUT	990.940556464	924.001041045005	6430.433280	cloud-24259	TIMEOUT	990.873272308	928.7983833960025	4537.905152	cloud-23938	TIMEOUT	990.781360101	937.0490057519928	4783.509504	cloud-23938
eca-rers2012/Problem17_label33.yml	false	TIMEOUT	991.194102259	904.3798176569981	4720.271360	cloud-23933	TIMEOUT	991.069951688	941.3195856609964	6006.947840	cloud-23980	TIMEOUT	990.968974765	940.4140017130121	5341.335552	cloud-23979
eca-rers2012/Problem17_label34.yml	false	TIMEOUT	991.091430255	907.9155370109947	6455.300096	cloud-23933	TIMEOUT	990.87162946	936.2569320850016	5489.295360	cloud-23982	TIMEOUT	990.719100384	942.3421561910072	5342.101504	cloud-23933
eca-rers2012/Problem17_label35.yml	false	TIMEOUT	991.084410718	909.7243944339862	6045.982720	cloud-23979	TIMEOUT	990.80623011	938.5908821339835	4597.092352	cloud-23933	TIMEOUT	991.141591552	929.9640592130017	5660.807168	cloud-23982
eca-rers2012/Problem17_label36.yml	true	TIMEOUT	991.203702321	916.1213474770193	6575.689728	cloud-23979	TIMEOUT	990.707051554	936.1043213519733	4386.271232	cloud-23980	TIMEOUT	990.905494721	921.501406595984	4817.530880	cloud-23938
eca-rers2012/Problem17_label37.yml	false	TIMEOUT	991.190055189	915.3626454159967	6813.171712	cloud-24259	TIMEOUT	990.79677903	938.6049274649995	4351.815680	cloud-23933	TIMEOUT	990.810213193	937.3440631109988	4468.985856	cloud-23933
eca-rers2012/Problem17_label38.yml	true	TIMEOUT	991.138647327	893.8597439150035	5381.214208	cloud-24259	TIMEOUT	990.879138725	938.3416631660075	4651.884544	cloud-23933	TIMEOUT	991.056200211	927.5827849250054	5131.816960	cloud-23938
eca-rers2012/Problem17_label39.yml	true	TIMEOUT	991.119117327	899.3565881359973	4751.142912	cloud-23979	TIMEOUT	990.833329547	931.9516487820074	4555.563008	cloud-23938	TIMEOUT	991.009124868	937.8877955219941	4437.770240	cloud-23933
eca-rers2012/Problem17_label40.yml	false	TIMEOUT	990.932645431	911.546974729994	4707.459072	cloud-24261	TIMEOUT	991.021873754	933.8993263999873	4332.687360	cloud-23982	TIMEOUT	990.783501903	937.0212985860126	4589.899776	cloud-23980
eca-rers2012/Problem17_label41.yml	true	TIMEOUT	991.032628783	916.0102339189907	5939.249152	cloud-23979	TIMEOUT	990.988940454	935.8527718279802	4683.726848	cloud-23979	TIMEOUT	991.040163131	930.073590140004	5738.954752	cloud-23982
eca-rers2012/Problem17_label42.yml	true	TIMEOUT	990.918990898	902.3012374310056	4768.940032	cloud-24259	TIMEOUT	990.804170296	943.3298545939906	4401.717248	cloud-23979	TIMEOUT	990.948815245	930.7245668940013	5790.351360	cloud-23938
eca-rers2012/Problem17_label43.yml	true	TIMEOUT	990.967627433	907.8577395419998	5783.261184	cloud-24259	TIMEOUT	990.745247306	937.3925121119828	4467.503104	cloud-23980	TIMEOUT	990.863021516	929.458652227011	4610.048000	cloud-23938
eca-rers2012/Problem17_label44.yml	true	TIMEOUT	990.807537323	917.6724227330124	4634.234880	cloud-23979	TIMEOUT	990.777787546	940.628368531994	4661.682176	cloud-23933	TIMEOUT	990.876463448	928.5151007119857	4915.138560	cloud-23982
eca-rers2012/Problem17_label45.yml	true	TIMEOUT	991.180899448	912.6128769649949	5237.161984	cloud-23933	TIMEOUT	990.779575019	937.2550249360211	4672.073728	cloud-23979	TIMEOUT	990.940011091	939.6952139270143	4619.272192	cloud-23979
eca-rers2012/Problem17_label46.yml	false	TIMEOUT	991.15324766	901.183355895002	6014.676992	cloud-24260	TIMEOUT	990.920859629	937.1380201930006	4475.654144	cloud-23938	TIMEOUT	990.82369475	941.3719617000024	4698.083328	cloud-23980
eca-rers2012/Problem17_label47.yml	true	TIMEOUT	990.906805576	911.2702237330086	5456.654336	cloud-23979	TIMEOUT	990.7753212	936.735600089014	4384.829440	cloud-23980	TIMEOUT	990.747632999	939.487103669002	4730.437632	cloud-23980
eca-rers2012/Problem17_label48.yml	true	TIMEOUT	991.200685144	907.3710791320191	7410.585600	cloud-23979	TIMEOUT	990.96333984	932.1472819269984	4396.150784	cloud-23982	TIMEOUT	990.755947066	937.9467093939893	4752.371712	cloud-23980
eca-rers2012/Problem17_label49.yml	false	TIMEOUT	991.042959455	894.228773462004	5064.990720	cloud-24260	TIMEOUT	990.802507648	933.4207467039814	4460.888064	cloud-23938	TIMEOUT	991.004394947	933.4790340930049	6582.726656	cloud-23980
eca-rers2012/Problem17_label50.yml	false	TIMEOUT	991.192505118	903.9770202790096	4680.843264	cloud-23933	TIMEOUT	990.820861934	939.9826628800074	4600.692736	cloud-23980	TIMEOUT	990.931063937	926.5943154669949	4686.901248	cloud-23982
eca-rers2012/Problem17_label51.yml	true	TIMEOUT	991.366675799	900.5983604490029	6398.816256	cloud-24260	TIMEOUT	991.104554015	926.0289380559989	4443.852800	cloud-23938	TIMEOUT	990.892593519	928.3080968279974	5058.256896	cloud-23982
eca-rers2012/Problem17_label52.yml	false	TIMEOUT	991.087928133	893.0737269709934	4506.386432	cloud-24260	TIMEOUT	990.828677217	936.5872367970005	4507.598848	cloud-23979	TIMEOUT	990.922868865	930.3082263839897	4872.806400	cloud-23938
eca-rers2012/Problem17_label53.yml	false	TIMEOUT	991.109058723	914.0433362870099	6791.634944	cloud-24261	TIMEOUT	990.80421146	940.1584400479915	4410.658816	cloud-23979	TIMEOUT	990.897072208	929.4221139939909	5038.178304	cloud-23982
eca-rers2012/Problem17_label54.yml	false	TIMEOUT	990.966041598	906.2660275940143	5348.208640	cloud-24259	TIMEOUT	990.786794484	934.415174631984	4435.914752	cloud-23938	TIMEOUT	991.256336678	936.3076592949801	6406.529024	cloud-23938
eca-rers2012/Problem17_label55.yml	false	TIMEOUT	990.846236562	915.1705190369976	4896.591872	cloud-24259	TIMEOUT	990.799267298	925.2278104650031	4400.640000	cloud-23933	TIMEOUT	991.130778519	926.1496557790088	5853.310976	cloud-23938
eca-rers2012/Problem17_label56.yml	true	TIMEOUT	991.024813765	911.831103353994	4637.069312	cloud-23979	TIMEOUT	990.724229818	938.9896457350114	4616.187904	cloud-23980	TIMEOUT	990.743161155	928.1049341640028	4553.580544	cloud-23982
eca-rers2012/Problem17_label57.yml	false	TIMEOUT	991.342688458	899.6894203569973	7084.597248	cloud-24260	TIMEOUT	990.762771054	941.7833257429884	4732.092416	cloud-23982	TIMEOUT	990.952788679	936.4582815890026	5908.320256	cloud-23980
eca-rers2012/Problem17_label58.yml	true	TIMEOUT	990.869899755	918.044341041008	4945.870848	cloud-24259	TIMEOUT	991.005571456	939.426998838986	4113.481728	cloud-23980	TIMEOUT	990.841577671	934.2050727010064	4824.625152	cloud-23979
eca-rers2012/Problem17_label59.yml	true	TIMEOUT	991.011906008	893.5628401179856	4670.844928	cloud-23933	TIMEOUT	991.044823306	928.3517449609935	4776.079360	cloud-23933	TIMEOUT	990.895397638	937.6614305739931	4405.227520	cloud-23938
eca-rers2012/Problem18_label00.yml	false	TIMEOUT	990.999296339	904.2574072309944	5538.402304	cloud-23979	TIMEOUT	991.44594139	917.7415949970018	5060.894720	cloud-23980	TIMEOUT	990.804758158	930.6486433899845	5228.122112	cloud-23982
eca-rers2012/Problem18_label01.yml	false	TIMEOUT	991.108914488	881.7824766539852	5063.131136	cloud-24259	TIMEOUT	991.021045149	915.1199112549948	4782.665728	cloud-23980	TIMEOUT	990.897653163	935.5629807639925	6965.350400	cloud-23933
eca-rers2012/Problem18_label02.yml	true	TIMEOUT	991.115807347	884.9481806149997	5012.889600	cloud-24260	TIMEOUT	992.321644062	867.3463446609967	4726.411264	cloud-23938	TIMEOUT	990.914660642	938.0351126529858	4963.721216	cloud-23979
eca-rers2012/Problem18_label03.yml	false	TIMEOUT	990.998006987	904.7108605400135	5679.222784	cloud-23979	TIMEOUT	991.141236188	909.5304572599998	4962.189312	cloud-23938	TIMEOUT	991.047335392	932.8661583799985	4965.371904	cloud-23938
eca-rers2012/Problem18_label04.yml	true	TIMEOUT	991.051390907	891.0453855759988	5446.492160	cloud-24260	TIMEOUT	990.946702092	934.514946811978	4802.293760	cloud-23979	TIMEOUT	990.903784703	929.1478923399991	6347.976704	cloud-23982
eca-rers2012/Problem18_label05.yml	true	TIMEOUT	990.90843249	917.703668392991	5466.775552	cloud-23941	TIMEOUT	991.251131599	911.1258026089927	5339.713536	cloud-23982	TIMEOUT	990.889331265	927.0693355080148	5512.605696	cloud-23982
eca-rers2012/Problem18_label06.yml	false	TIMEOUT	991.119311546	899.0722616330022	6868.865024	cloud-23933	TIMEOUT	991.087548585	924.0800950870034	6476.038144	cloud-23979	TIMEOUT	991.011441153	928.9058788109978	5521.920000	cloud-23982
eca-rers2012/Problem18_label07.yml	true	TIMEOUT	990.810559991	915.9871693190071	5638.889472	cloud-23942	TIMEOUT	990.939457643	921.4382443839859	4731.842560	cloud-23980	TIMEOUT	990.773986543	936.6061375789868	4880.330752	cloud-23933
eca-rers2012/Problem18_label08.yml	false	TIMEOUT	991.151819989	883.9302135030011	6787.129344	cloud-24259	TIMEOUT	991.011616329	920.0147534620191	5957.525504	cloud-23979	TIMEOUT	990.837046888	930.5903078949777	4862.537728	cloud-23982
eca-rers2012/Problem18_label09.yml	false	TIMEOUT	990.851993648	907.3174109440006	5292.105728	cloud-24259	TIMEOUT	990.839334416	923.619777326996	4976.263168	cloud-23980	TIMEOUT	990.932005434	934.1658252929919	4907.442176	cloud-23938
eca-rers2012/Problem18_label10.yml	false	TIMEOUT	991.139307269	884.6446106040094	5717.225472	cloud-24260	TIMEOUT	990.867828633	928.7603754319716	5387.898880	cloud-23940	TIMEOUT	990.948578487	920.1215411620215	4954.861568	cloud-23938
eca-rers2012/Problem18_label11.yml	true	TIMEOUT	991.007920896	900.9011832069955	5609.803776	cloud-23933	TIMEOUT	991.047210744	918.5742024869833	4943.650816	cloud-23933	TIMEOUT	990.817807336	939.0542401929852	4815.020032	cloud-23979
eca-rers2012/Problem18_label12.yml	false	TIMEOUT	991.186266342	891.098505831993	5388.611584	cloud-24260	TIMEOUT	990.932866836	915.293803041015	4722.253824	cloud-23980	TIMEOUT	990.837062752	933.535609722021	5070.323712	cloud-23938
eca-rers2012/Problem18_label13.yml	true	TIMEOUT	990.981801737	901.7635226399871	5092.077568	cloud-23979	TIMEOUT	991.367581255	916.5370441529958	5190.184960	cloud-23982	TIMEOUT	990.79565569	939.471284528001	5321.658368	cloud-23980
eca-rers2012/Problem18_label14.yml	true	TIMEOUT	991.105615982	882.3470796150068	6072.414208	cloud-24259	TIMEOUT	990.753226694	931.7074914389814	4843.331584	cloud-23979	TIMEOUT	990.818190693	925.2115752199898	4885.274624	cloud-23933
eca-rers2012/Problem18_label15.yml	true	TIMEOUT	991.154585452	889.976383147994	5159.481344	cloud-24260	TIMEOUT	991.124650193	903.4439626979874	5131.341824	cloud-23982	TIMEOUT	990.747364588	941.5324924130109	4756.979712	cloud-23979
eca-rers2012/Problem18_label16.yml	true	TIMEOUT	991.077833789	890.4118271300104	5469.687808	cloud-24259	TIMEOUT	991.054281412	919.5359056750021	6349.225984	cloud-23982	TIMEOUT	990.811530318	936.8761025239946	5127.098368	cloud-23933
eca-rers2012/Problem18_label17.yml	true	TIMEOUT	991.038380732	898.4409584059904	5404.647424	cloud-23979	TIMEOUT	991.004735303	915.5806987469841	4776.316928	cloud-23979	TIMEOUT	990.932880033	938.5572483690048	5073.141760	cloud-23979
eca-rers2012/Problem18_label18.yml	true	TIMEOUT	990.88938537	900.684799804003	5105.774592	cloud-23979	TIMEOUT	990.935769296	916.9836728830123	4748.742656	cloud-23979	TIMEOUT	990.870517297	927.392353112984	5124.669440	cloud-23933
eca-rers2012/Problem18_label19.yml	false	TIMEOUT	991.232895594	894.6163058909879	6487.171072	cloud-24260	TIMEOUT	991.135167344	904.9218563360046	5477.720064	cloud-23933	TIMEOUT	990.833614441	941.5486928099999	4958.785536	cloud-23980
eca-rers2012/Problem18_label20.yml	false	TIMEOUT	990.927520172	906.8093397860066	5164.101632	cloud-23979	TIMEOUT	990.936623765	918.7808956700028	6031.253504	cloud-23938	TIMEOUT	990.950866471	938.1233326570073	5908.754432	cloud-23933
eca-rers2012/Problem18_label21.yml	true	TIMEOUT	990.897006733	913.6106876559934	5368.340480	cloud-24259	TIMEOUT	991.174504624	917.9158249149914	6842.150912	cloud-23982	TIMEOUT	990.79327353	938.8956817759899	4791.828480	cloud-23979
eca-rers2012/Problem18_label22.yml	true	TIMEOUT	991.044715064	897.1816911009955	5009.641472	cloud-23933	TIMEOUT	991.214581222	909.6437769439945	5102.256128	cloud-23938	TIMEOUT	990.816188408	937.9350446830213	4805.656576	cloud-23979
eca-rers2012/Problem18_label23.yml	true	TIMEOUT	991.46785562	885.0739513460139	7266.811904	cloud-24259	TIMEOUT	991.137329759	915.8143383160059	6053.064704	cloud-23982	TIMEOUT	990.851817871	934.8090608530038	4828.020736	cloud-23982
eca-rers2012/Problem18_label24.yml	true	TIMEOUT	990.748779805	916.4716276309919	5001.482240	cloud-23939	TIMEOUT	991.120573394	911.6498261170054	4871.094272	cloud-23933	TIMEOUT	991.011015443	930.1588738209975	5134.127104	cloud-23933
eca-rers2012/Problem18_label25.yml	false	TIMEOUT	990.947107557	900.6793135420012	5412.904960	cloud-23979	TIMEOUT	991.580131047	914.278185956995	5992.460288	cloud-23982	TIMEOUT	991.029830186	927.8776399470225	4938.149888	cloud-23982
eca-rers2012/Problem18_label26.yml	true	TIMEOUT	991.056025008	885.728373624006	5399.900160	cloud-24259	TIMEOUT	991.52807927	906.3661843870068	6949.691392	cloud-23938	TIMEOUT	990.884802784	926.803933156014	4854.185984	cloud-23982
eca-rers2012/Problem18_label27.yml	false	TIMEOUT	991.095265065	904.3421079739928	6665.187328	cloud-23979	TIMEOUT	991.313986687	868.7026168589946	4967.034880	cloud-23933	TIMEOUT	990.862113008	939.6211001940246	4781.166592	cloud-23979
eca-rers2012/Problem18_label28.yml	true	TIMEOUT	990.99877755	887.854480103997	5064.773632	cloud-24259	TIMEOUT	991.063321088	916.5866887379962	5101.735936	cloud-23933	TIMEOUT	990.814805592	938.9023608250136	6127.538176	cloud-23980
eca-rers2012/Problem18_label29.yml	true	TIMEOUT	991.136333919	888.4280282320105	5432.459264	cloud-24260	TIMEOUT	990.976104091	913.1891071819991	4857.987072	cloud-23982	TIMEOUT	990.782795002	938.8592270920053	5765.652480	cloud-23980
eca-rers2012/Problem18_label30.yml	true	TIMEOUT	991.221109998	895.5450042349985	6157.565952	cloud-23979	TIMEOUT	991.334563202	920.1876352419786	7214.690304	cloud-23933	TIMEOUT	991.157765525	924.797478263994	5647.585280	cloud-23982
eca-rers2012/Problem18_label31.yml	false	TIMEOUT	991.076712544	893.7351449400012	5175.545856	cloud-23933	TIMEOUT	991.381462428	907.1038240069756	4873.379840	cloud-23979	TIMEOUT	990.809469934	937.3613789720112	5021.122560	cloud-23979
eca-rers2012/Problem18_label32.yml	false	TIMEOUT	990.984999661	898.2576215149893	4958.228480	cloud-23933	TIMEOUT	991.030306815	914.7547092350142	4865.097728	cloud-23980	TIMEOUT	990.923998227	937.158956246014	5130.240000	cloud-23933
eca-rers2012/Problem18_label33.yml	false	TIMEOUT	990.850005059	923.4887136859761	5402.525696	cloud-23942	TIMEOUT	991.028821196	912.8017875719815	4726.124544	cloud-23979	TIMEOUT	990.67807167	925.9708295919991	4707.155968	cloud-23982
eca-rers2012/Problem18_label34.yml	false	TIMEOUT	991.15875099	884.7362502839969	5496.115200	cloud-24259	TIMEOUT	990.901468318	897.0038027419941	5224.566784	cloud-23944	TIMEOUT	990.987484533	940.2051108859887	6610.141184	cloud-23979
eca-rers2012/Problem18_label35.yml	false	TIMEOUT	990.949257363	901.783192887	5549.469696	cloud-24261	TIMEOUT	991.011892164	908.9055833349994	4897.878016	cloud-23938	TIMEOUT	991.005476699	937.1302414429956	6625.988608	cloud-23980
eca-rers2012/Problem18_label36.yml	false	TIMEOUT	990.977958421	901.6835654839961	5290.106880	cloud-24259	TIMEOUT	991.161553571	911.584818732983	5091.598336	cloud-23938	TIMEOUT	991.00700867	928.473350373999	6005.280768	cloud-23938
eca-rers2012/Problem18_label37.yml	true	TIMEOUT	991.015762384	898.037441877008	5225.439232	cloud-23933	TIMEOUT	991.381454736	901.271844294999	4883.836928	cloud-23979	TIMEOUT	990.995312061	939.9160139669839	6207.348736	cloud-23979
eca-rers2012/Problem18_label38.yml	false	TIMEOUT	991.249058462	887.6445293739962	5724.241920	cloud-24260	TIMEOUT	990.823883812	889.9196071200131	5343.457280	cloud-23979	TIMEOUT	990.976872423	940.3199710399786	5765.120000	cloud-23933
eca-rers2012/Problem18_label39.yml	false	TIMEOUT	991.21386676	899.501511066017	6720.102400	cloud-23933	TIMEOUT	991.091229213	906.8956433900166	5289.148416	cloud-23982	TIMEOUT	990.840587215	930.4401908979926	4980.338688	cloud-23982
eca-rers2012/Problem18_label40.yml	true	TIMEOUT	991.080148439	889.6830062240188	6469.419008	cloud-23933	TIMEOUT	991.03918526	909.9058388969861	4762.877952	cloud-23982	TIMEOUT	990.921064877	933.7668359829986	4957.249536	cloud-23933
eca-rers2012/Problem18_label41.yml	true	TIMEOUT	991.198872787	894.9361340560135	5170.667520	cloud-23933	TIMEOUT	991.062237092	921.4180861290079	5897.084928	cloud-23933	TIMEOUT	990.838686041	934.6876170570031	4987.002880	cloud-23980
eca-rers2012/Problem18_label42.yml	true	TIMEOUT	991.112245222	899.5232526900072	5870.567424	cloud-23933	TIMEOUT	990.939545734	908.8578794110217	4873.039872	cloud-23933	TIMEOUT	991.087406856	938.7546251970052	5148.758016	cloud-23933
eca-rers2012/Problem18_label43.yml	true	TIMEOUT	991.376124676	890.6481689739885	6984.736768	cloud-24260	TIMEOUT	990.916321197	919.3541354390036	5143.678976	cloud-23979	TIMEOUT	990.77888049	934.7503819540143	4927.799296	cloud-23979
eca-rers2012/Problem18_label44.yml	true	TIMEOUT	991.176859376	899.1224984110158	5749.932032	cloud-23979	TIMEOUT	990.928644838	916.1261462880066	4912.668672	cloud-23982	TIMEOUT	990.834731772	936.0182831879938	4917.956608	cloud-23979
eca-rers2012/Problem18_label45.yml	false	TIMEOUT	991.371986088	901.8560251480085	6047.383552	cloud-24259	TIMEOUT	993.185428562	907.629865016992	4920.180736	cloud-23982	TIMEOUT	990.727305347	937.7913438069809	5011.947520	cloud-23979
eca-rers2012/Problem18_label46.yml	true	TIMEOUT	990.99917256	907.8652672049939	5495.009280	cloud-23979	TIMEOUT	991.191838231	904.5354039550002	4843.782144	cloud-23938	TIMEOUT	990.943741272	934.0808137129934	5015.121920	cloud-23980
eca-rers2012/Problem18_label47.yml	true	TIMEOUT	991.121159286	882.5929488509864	5630.386176	cloud-24259	TIMEOUT	991.008139631	910.8653641279961	4880.470016	cloud-23933	TIMEOUT	990.887826279	940.6779855109926	5535.137792	cloud-23933
eca-rers2012/Problem18_label48.yml	true	TIMEOUT	990.965604675	895.93228158899	4964.409344	cloud-23933	TIMEOUT	991.001473743	921.7246520420013	5682.266112	cloud-23979	TIMEOUT	990.922578415	934.5183725839888	5182.668800	cloud-23933
eca-rers2012/Problem18_label49.yml	false	TIMEOUT	991.191894433	901.8497066159907	5509.758976	cloud-23933	TIMEOUT	991.05274282	910.3245949500124	4828.254208	cloud-23982	TIMEOUT	990.937801126	941.6569106759853	4850.421760	cloud-23980
eca-rers2012/Problem18_label50.yml	true	TIMEOUT	991.070221726	893.5407150670071	5399.994368	cloud-24259	TIMEOUT	991.069653708	910.5913994420262	5175.083008	cloud-23980	TIMEOUT	990.998727995	936.1470963649917	5389.873152	cloud-23933
eca-rers2012/Problem18_label51.yml	true	TIMEOUT	990.985067722	903.0425977859995	5429.571584	cloud-23933	TIMEOUT	991.121927911	915.1778791820107	4952.256512	cloud-23979	TIMEOUT	990.756911334	932.101865958015	4749.672448	cloud-23982
eca-rers2012/Problem18_label52.yml	false	TIMEOUT	991.182333675	874.3553771400038	5390.487552	cloud-24259	TIMEOUT	991.188877618	917.2141354249907	6147.461120	cloud-23982	TIMEOUT	991.031856082	939.2271225809818	5404.131328	cloud-23933
eca-rers2012/Problem18_label53.yml	true	TIMEOUT	991.060850555	899.3309636850026	5158.432768	cloud-23979	TIMEOUT	990.790580403	911.2113037209783	5149.974528	cloud-23982	TIMEOUT	990.785654892	938.6750772249943	5489.643520	cloud-23980
eca-rers2012/Problem18_label54.yml	true	TIMEOUT	990.391766214	744.107804598003	6841.556992	cloud-23939	TIMEOUT	990.828606405	941.5040911319957	5067.591680	cloud-23979	TIMEOUT	990.932653311	932.9722187529842	5097.885696	cloud-23933
eca-rers2012/Problem18_label55.yml	false	TIMEOUT	991.250315165	894.3003453279962	5122.170880	cloud-23933	TIMEOUT	991.284955373	904.1492427949852	5534.867456	cloud-23938	TIMEOUT	990.847957133	934.4389711100084	4989.440000	cloud-23933
eca-rers2012/Problem18_label56.yml	true	TIMEOUT	990.963885493	905.8543797290185	5356.036096	cloud-23979	TIMEOUT	991.125511069	896.937428884994	4996.341760	cloud-23982	TIMEOUT	991.036845262	942.4950331859873	6920.515584	cloud-23980
eca-rers2012/Problem18_label57.yml	false	TIMEOUT	991.035157577	899.2800729710143	5735.219200	cloud-23933	TIMEOUT	990.970866545	913.2242205289949	5098.233856	cloud-23938	TIMEOUT	991.041302477	932.3292930949829	6387.105792	cloud-23982
eca-rers2012/Problem18_label58.yml	true	TIMEOUT	991.103863902	896.2126094319974	5426.593792	cloud-23933	TIMEOUT	990.877798229	922.3651632419787	4893.376512	cloud-23980	TIMEOUT	990.93297814	936.663674268988	5087.760384	cloud-23979
eca-rers2012/Problem18_label59.yml	true	TIMEOUT	990.940214067	887.1699653649994	5406.191616	cloud-24259	TIMEOUT	991.154518044	918.2049624120118	4844.576768	cloud-23979	TIMEOUT	990.866487414	933.5795862340019	4999.532544	cloud-23933
eca-rers2012/Problem19_label00.yml	true	OUT OF MEMORY	538.816636054	360.5900408359994	15000.158208	cloud-23944	TIMEOUT	991.842263012	616.0124023480166	12875.964416	cloud-23939	TIMEOUT	991.368342749	898.8342763429973	14051.287040	cloud-23943
eca-rers2012/Problem19_label01.yml	true	TIMEOUT	991.639256156	772.6430894260002	14998.224896	cloud-23944	TIMEOUT	991.429645325	659.8042802209966	12718.292992	cloud-23933	TIMEOUT	991.985995111	868.5795128099853	14008.430592	cloud-23933
eca-rers2012/Problem19_label02.yml	true	TIMEOUT	991.734574072	757.6792033780075	14939.578368	cloud-23942	TIMEOUT	991.734515861	669.5048915070074	14980.866048	cloud-23982	TIMEOUT	991.208263381	898.3298081640096	14000.881664	cloud-23940
eca-rers2012/Problem19_label03.yml	true	TIMEOUT	990.887832863	745.5088141029992	14941.200384	cloud-23941	TIMEOUT	992.85137034	629.9287491939904	13697.675264	cloud-23938	TIMEOUT	991.695222873	858.9481552680081	13948.948480	cloud-23933
eca-rers2012/Problem19_label04.yml	true	TIMEOUT	991.462114881	721.6212287359995	14959.284224	cloud-24261	TIMEOUT	992.980291367	629.9526341580204	13687.578624	cloud-23933	TIMEOUT	991.411245696	896.4895620720054	14361.346048	cloud-23943
eca-rers2012/Problem19_label05.yml	true	OUT OF MEMORY	571.768821389	385.14944573299726	15000.166400	cloud-23943	TIMEOUT	993.029903404	622.7070807699929	12999.299072	cloud-23980	TIMEOUT	991.980450421	872.9300179410202	13982.232576	cloud-23980
eca-rers2012/Problem19_label06.yml	true	OUT OF MEMORY	807.593150264	621.7122608440113	15000.166400	cloud-23942	TIMEOUT	991.684291456	859.6884524089983	13693.792256	cloud-23941	OUT OF MEMORY	485.572421324	351.2246363120212	15000.051712	cloud-23982
eca-rers2012/Problem19_label07.yml	true	TIMEOUT	990.834238948	743.3819500770041	14908.219392	cloud-23939	OUT OF MEMORY	376.925406676	280.7752887979732	15000.047616	cloud-23980	OUT OF MEMORY	290.990804187	204.23206443697563	15000.182784	cloud-23942
eca-rers2012/Problem19_label08.yml	true	TIMEOUT	954.053642049	732.1088067450037	15000.158208	cloud-23940	TIMEOUT	992.354403256	639.8150514399749	13697.425408	cloud-23979	OUT OF MEMORY	292.017512797	211.63898292201338	15000.178688	cloud-23944
eca-rers2012/Problem19_label09.yml	true	TIMEOUT	990.891762176	740.6607250730158	14972.092416	cloud-23939	TIMEOUT	992.630683173	657.4189618060191	13693.235200	cloud-23982	TIMEOUT	992.086823337	875.2529306140204	13982.027776	cloud-23979
eca-rers2012/Problem19_label10.yml	false	OUT OF MEMORY	897.236291317	676.3785249050015	15000.162304	cloud-23939	TIMEOUT	992.956861164	620.2483195950044	13724.839936	cloud-23982	OUT OF MEMORY	283.617383103	218.43460001601488	15000.047616	cloud-23979
eca-rers2012/Problem19_label11.yml	false	TIMEOUT	990.948906891	734.958524474	15000.043520	cloud-24261	OUT OF MEMORY	310.789116676	219.68229425599566	15000.166400	cloud-23942	TIMEOUT	991.306886401	894.1198209949944	14034.915328	cloud-23943
eca-rers2012/Problem19_label12.yml	true	TIMEOUT	990.913963785	745.8649021279998	14979.850240	cloud-23939	TIMEOUT	991.267294444	607.4364660240244	13705.187328	cloud-23980	TIMEOUT	991.923288644	856.8420155629865	13977.235456	cloud-23982
eca-rers2012/Problem19_label13.yml	true	TIMEOUT	990.810155857	749.187905585015	14905.683968	cloud-23939	TIMEOUT	992.734231294	613.0893723240006	13480.562688	cloud-23943	OUT OF MEMORY	380.839487961	275.8808000339777	15000.051712	cloud-23933
eca-rers2012/Problem19_label14.yml	false	OUT OF MEMORY	601.557535243	393.035411113	15000.162304	cloud-23942	TIMEOUT	992.001471848	636.4834454520023	14064.852992	cloud-23980	TIMEOUT	991.149483957	904.1522090689978	13979.467776	cloud-23944
eca-rers2012/Problem19_label15.yml	true	TIMEOUT	991.528440145	714.100411368	14979.219456	cloud-23933	TIMEOUT	992.486244759	616.2109654539963	12866.797568	cloud-23980	TIMEOUT	991.87408009	872.9077502699802	14040.920064	cloud-23938
eca-rers2012/Problem19_label16.yml	true	OUT OF MEMORY	854.715695661	611.3117307770008	15000.047616	cloud-24259	TIMEOUT	991.903239417	659.3107735300146	12769.841152	cloud-23980	TIMEOUT	991.878103369	877.0011046350119	14009.999360	cloud-23979
eca-rers2012/Problem19_label17.yml	false	TIMEOUT	990.745418507	757.1023994999996	14960.054272	cloud-23940	TIMEOUT	991.987549288	663.207766868989	14038.020096	cloud-23938	TIMEOUT	991.458573012	899.2033253959962	14330.511360	cloud-23943
eca-rers2012/Problem19_label18.yml	false	TIMEOUT	967.315929785	722.6888017249876	15000.166400	cloud-23941	TIMEOUT	993.19711052	682.6782888759917	13755.011072	cloud-23980	TIMEOUT	991.795483932	882.3439052549948	14326.202368	cloud-23979
eca-rers2012/Problem19_label19.yml	false	TIMEOUT	990.975231868	754.1930464379839	14997.291008	cloud-23943	TIMEOUT	991.921769795	620.3124274139991	13699.473408	cloud-23940	OUT OF MEMORY	489.672377511	366.3869060429861	15000.055808	cloud-23982
eca-rers2012/Problem19_label20.yml	true	OUT OF MEMORY	593.662850794	391.4137153760239	15000.166400	cloud-23940	TIMEOUT	992.742228388	623.4981104010076	13718.847488	cloud-23943	TIMEOUT	991.27049845	895.9980745250068	13964.079104	cloud-23939
eca-rers2012/Problem19_label21.yml	false	TIMEOUT	991.825995431	759.7316157039968	14977.503232	cloud-23942	TIMEOUT	992.742922562	633.6001680689806	13794.160640	cloud-23939	TIMEOUT	991.529443013	894.6079680389958	13095.395328	cloud-23941
eca-rers2012/Problem19_label22.yml	false	TIMEOUT	991.97737278	708.4194866839998	14925.033472	cloud-23979	TIMEOUT	991.578200421	628.8848423630116	13710.143488	cloud-23940	TIMEOUT	991.119719472	905.9555216330045	13133.258752	cloud-23944
eca-rers2012/Problem19_label23.yml	true	TIMEOUT	991.338198403	755.045536894002	14970.777600	cloud-23942	TIMEOUT	992.016493595	632.5484043620236	14097.678336	cloud-23980	TIMEOUT	991.889746276	862.8263263280096	13908.885504	cloud-23933
eca-rers2012/Problem19_label24.yml	true	OUT OF MEMORY	666.683848674	460.4927074399893	15000.043520	cloud-23933	TIMEOUT	993.494918793	655.7730608370039	14911.762432	cloud-23938	TIMEOUT	992.219446475	859.2725599950063	13979.684864	cloud-23938
eca-rers2012/Problem19_label25.yml	true	TIMEOUT	926.803201364	700.768784410001	15000.166400	cloud-23940	TIMEOUT	991.98233106	630.7179123870155	14058.541056	cloud-23982	TIMEOUT	991.851395816	873.9909952260205	13975.875584	cloud-23933
eca-rers2012/Problem19_label26.yml	false	OUT OF MEMORY	787.739341282	563.5603096509876	15000.166400	cloud-23940	OUT OF MEMORY	309.490134861	220.27796592001687	15000.043520	cloud-23933	TIMEOUT	991.776675942	876.5447900189902	14233.849856	cloud-23938
eca-rers2012/Problem19_label27.yml	false	TIMEOUT	991.874031443	723.2091199579882	14874.189824	cloud-23933	TIMEOUT	993.27428304	633.089988688007	13163.110400	cloud-23938	TIMEOUT	991.220103804	897.6734614089946	13983.789056	cloud-23943
eca-rers2012/Problem19_label28.yml	false	OUT OF MEMORY	235.329242678	176.5548586369987	15000.162304	cloud-23939	OUT OF MEMORY	336.321035214	234.79035739801475	15000.039424	cloud-23938	TIMEOUT	991.741792299	865.340406680014	14007.312384	cloud-23933
eca-rers2012/Problem19_label29.yml	false	TIMEOUT	992.027321583	722.5172701240081	14895.247360	cloud-24261	TIMEOUT	992.435748378	646.0623271779914	13742.100480	cloud-23938	TIMEOUT	992.368911626	844.2297479390108	14017.826816	cloud-23938
eca-rers2012/Problem19_label30.yml	true	OUT OF MEMORY	770.509219808	555.874195234006	15000.039424	cloud-24259	TIMEOUT	991.977756879	621.0005635129928	12830.875648	cloud-23980	TIMEOUT	991.817328721	870.8098759300192	13065.199616	cloud-23979
eca-rers2012/Problem19_label31.yml	false	TIMEOUT	991.912426168	768.6094321320124	14994.071552	cloud-23942	TIMEOUT	991.930193981	624.9156912229955	14011.125760	cloud-23942	TIMEOUT	991.985921913	854.966120832978	13063.565312	cloud-23982
eca-rers2012/Problem19_label32.yml	false	OUT OF MEMORY	863.658558817	620.1097569859994	15000.166400	cloud-23943	TIMEOUT	992.120282982	629.6730699999898	13741.662208	cloud-23940	TIMEOUT	992.194905681	870.9358124630235	13898.342400	cloud-23980
eca-rers2012/Problem19_label33.yml	true	TIMEOUT	991.773438115	757.537356521003	14942.007296	cloud-23944	TIMEOUT	993.182832867	633.8243283540069	13692.141568	cloud-23979	TIMEOUT	992.192206034	866.319821240002	13085.364224	cloud-23980
eca-rers2012/Problem19_label34.yml	true	OUT OF MEMORY	572.749064151	384.41547795699444	15000.162304	cloud-23941	TIMEOUT	991.46867602	670.812226915994	13707.489280	cloud-23980	TIMEOUT	991.210893689	904.3806237580138	14009.159680	cloud-23942
eca-rers2012/Problem19_label35.yml	true	TIMEOUT	991.661966572	762.4623837119998	14998.085632	cloud-23944	TIMEOUT	992.077699088	618.5131184519851	13673.656320	cloud-23943	TIMEOUT	991.147185585	904.3662728750205	14130.626560	cloud-23944
eca-rers2012/Problem19_label36.yml	true	OUT OF MEMORY	676.689963388	442.8394174660207	15000.166400	cloud-23939	TIMEOUT	993.568538816	652.3778624619881	13663.375360	cloud-23938	TIMEOUT	991.844393562	882.3865213009994	13973.409792	cloud-23979
eca-rers2012/Problem19_label37.yml	true	OUT OF MEMORY	580.825453929	382.0350232569981	15000.166400	cloud-23940	TIMEOUT	992.593544145	670.5808196029975	13986.975744	cloud-23982	OUT OF MEMORY	353.149524733	263.2965824120038	15000.178688	cloud-23940
eca-rers2012/Problem19_label38.yml	true	OUT OF MEMORY	536.882876766	361.84504860700144	15000.170496	cloud-23940	TIMEOUT	992.131235777	637.3014962260204	14207.590400	cloud-23979	TIMEOUT	991.33566968	889.5455804039957	13997.264896	cloud-23941
eca-rers2012/Problem19_label39.yml	true	OUT OF MEMORY	853.882663118	632.2659565069999	15000.432640	cloud-23942	OUT OF MEMORY	340.692417892	239.7951605709968	15000.170496	cloud-23939	TIMEOUT	991.254833778	900.4226745229971	13964.320768	cloud-23942
eca-rers2012/Problem19_label40.yml	true	TIMEOUT	991.516689952	754.3039211409923	14970.822656	cloud-23941	OUT OF MEMORY	393.771448569	268.5603316670167	15000.047616	cloud-23982	TIMEOUT	991.256022214	895.3407961539924	14035.537920	cloud-23943
eca-rers2012/Problem19_label41.yml	false	TIMEOUT	991.684324072	717.1748570250056	14946.557952	cloud-23933	TIMEOUT	992.790092	621.8601994960045	13708.140544	cloud-23979	TIMEOUT	991.300765882	894.4512070240162	13987.155968	cloud-23939
eca-rers2012/Problem19_label42.yml	false	OUT OF MEMORY	736.504859047	510.78611111200007	15000.170496	cloud-23944	TIMEOUT	991.782352793	629.7511970459891	13720.166400	cloud-23980	TIMEOUT	991.521795847	879.4703936400183	14003.507200	cloud-23933
eca-rers2012/Problem19_label43.yml	false	OUT OF MEMORY	892.612994256	664.0013020430051	15000.158208	cloud-23940	TIMEOUT	993.048655792	624.3333235999744	13685.432320	cloud-23982	TIMEOUT	991.387115187	892.6674320580205	14426.738688	cloud-23942
eca-rers2012/Problem19_label44.yml	true	OUT OF MEMORY	410.24442627	302.957994787	15000.031232	cloud-23979	TIMEOUT	990.806564073	619.840882635006	13679.460352	cloud-23940	OUT OF MEMORY	283.625142453	202.29208398397896	15000.170496	cloud-23944
eca-rers2012/Problem19_label45.yml	true	TIMEOUT	990.739596532	753.4465001650024	14940.766208	cloud-23944	TIMEOUT	992.430757383	625.2893958310015	13708.603392	cloud-23942	OUT OF MEMORY	271.505633346	195.8567844950012	15000.174592	cloud-23944
eca-rers2012/Problem19_label46.yml	true	OUT OF MEMORY	762.985561069	545.2929156539903	15000.039424	cloud-24259	TIMEOUT	993.074664178	652.7768204199965	14139.019264	cloud-23938	TIMEOUT	991.055841101	905.7309421639948	12352.212992	cloud-23944
eca-rers2012/Problem19_label47.yml	false	TIMEOUT	991.664383717	762.9058155290004	14976.798720	cloud-23942	OUT OF MEMORY	358.167436851	254.6960209660174	15000.043520	cloud-23938	TIMEOUT	991.224841882	898.8597589860146	14016.069632	cloud-23940
eca-rers2012/Problem19_label48.yml	true	TIMEOUT	991.872880846	709.9412890489912	14944.849920	cloud-23933	TIMEOUT	992.025341899	621.9879874570179	12832.464896	cloud-23943	TIMEOUT	992.185187502	860.6435071279993	14013.521920	cloud-23933
eca-rers2012/Problem19_label49.yml	true	TIMEOUT	992.216077898	704.4982583569945	14852.603904	cloud-24259	TIMEOUT	991.164559791	647.7094303790072	13704.388608	cloud-23980	TIMEOUT	991.128614929	904.6382615549956	14047.076352	cloud-23943
eca-rers2012/Problem19_label50.yml	false	TIMEOUT	992.246387554	709.0254816119996	14919.356416	cloud-24260	TIMEOUT	992.981687359	632.0594207580143	13678.690304	cloud-23980	TIMEOUT	992.223788748	879.482136762992	14257.373184	cloud-23979
eca-rers2012/Problem19_label51.yml	false	TIMEOUT	991.907481786	715.5678148890147	14896.963584	cloud-23933	TIMEOUT	993.152398788	624.5446615729888	12873.601024	cloud-23933	TIMEOUT	991.237743711	901.419759226992	13181.681664	cloud-23943
eca-rers2012/Problem19_label52.yml	true	TIMEOUT	991.838914631	763.0813340689929	14938.324992	cloud-23939	TIMEOUT	993.029836174	617.7325513040123	13316.694016	cloud-23979	TIMEOUT	991.277131222	896.4707480020006	14359.392256	cloud-23942
eca-rers2012/Problem19_label53.yml	false	TIMEOUT	991.706458745	720.7679455509933	14915.366912	cloud-24259	TIMEOUT	991.668440697	633.3541695360036	13672.259584	cloud-23933	TIMEOUT	991.435927495	899.6290232459723	14008.139776	cloud-23942
eca-rers2012/Problem19_label54.yml	true	TIMEOUT	992.403125427	713.2343274109999	14907.777024	cloud-23933	TIMEOUT	992.303896691	639.0315707389964	12053.643264	cloud-23933	TIMEOUT	991.619043142	875.7902095490135	13140.922368	cloud-23933
eca-rers2012/Problem19_label55.yml	false	TIMEOUT	992.216878897	696.6772471209988	14873.808896	cloud-24259	TIMEOUT	992.082833026	639.636555996025	12897.374208	cloud-23982	TIMEOUT	991.698574094	873.3036248599819	13216.485376	cloud-23980
eca-rers2012/Problem19_label56.yml	true	TIMEOUT	921.879993355	680.996182597999	15000.166400	cloud-23943	TIMEOUT	991.80784941	639.4918892789865	13669.060608	cloud-23982	TIMEOUT	991.206685966	898.4438368730189	14069.202944	cloud-23944
eca-rers2012/Problem19_label57.yml	true	TIMEOUT	911.798566646	620.9690645760002	15000.035328	cloud-24259	TIMEOUT	991.159010263	620.2497931530233	13760.053248	cloud-23982	TIMEOUT	992.011835931	870.6979073540133	13079.281664	cloud-23979
eca-rers2012/Problem19_label58.yml	false	TIMEOUT	991.625515383	723.2627629859999	14886.060032	cloud-24259	TIMEOUT	992.927493314	624.671639466018	13707.288576	cloud-23982	TIMEOUT	991.302885357	895.7194934519939	13953.495040	cloud-23939
eca-rers2012/Problem19_label59.yml	false	TIMEOUT	991.422978779	715.952654159	14924.554240	cloud-24259	TIMEOUT	992.897223876	631.8255546109867	12718.202880	cloud-23933	TIMEOUT	992.437909898	851.7369612850016	14239.780864	cloud-23982
eca-rers2018/Problem10.yml	false	false(unreach-call)	173.155994187	121.79437276298995	859.631616	cloud-24260	false(unreach-call)	173.278854568	130.74718828199548	861.233152	cloud-23980	TIMEOUT	990.386842123	957.646039705025	842.461184	cloud-23982
eca-rers2018/Problem11.yml	false	TIMEOUT	991.099014434	890.2615623100137	3381.190656	cloud-24259	ERROR (solver error, after parsing finished)	685.714627669	620.5844401089998	2516.156416	cloud-23982	TIMEOUT	990.682180836	927.0644994369941	2565.619712	cloud-23933
eca-rers2018/Problem12.yml	false	ERROR (frontend failed, before parsing finished)	17.628793531	9.08025685098255	681.168896	cloud-23933	ERROR (frontend failed, before parsing finished)	16.609160172	8.617069668020122	750.723072	cloud-23938	ERROR (frontend failed, before parsing finished)	17.501960439	9.1139895330125	705.409024	cloud-23933
eca-rers2018/Problem13.yml	false	TIMEOUT	991.192848479	942.6541522579791	9626.648576	cloud-24259	TIMEOUT	991.059583028	957.253574006987	7952.019456	cloud-23933	TIMEOUT	991.243747009	948.2070456039801	9338.511360	cloud-23982
eca-rers2018/Problem14.yml	false	TIMEOUT	990.990066414	950.1262859690178	10824.699904	cloud-23939	TIMEOUT	991.170049857	944.438656495011	10228.334592	cloud-23938	TIMEOUT	991.579043106	933.5074881360051	10070.048768	cloud-23938
eca-rers2018/Problem15.yml	false	ERROR (frontend failed, before parsing finished)	50.999297431	26.056244531995617	3322.634240	cloud-23933	ERROR (frontend failed, before parsing finished)	51.478473135	26.340369537007064	3233.394688	cloud-23980	ERROR (frontend failed, before parsing finished)	56.967984295	29.159312051022425	3099.787264	cloud-23980
eca-rers2018/Problem16.yml	false	TIMEOUT	992.641190278	747.1681869790191	11817.291776	cloud-24260	TIMEOUT	991.589592214	762.6593419989804	14485.778432	cloud-23943	TIMEOUT	992.147849526	728.6192990590062	11665.690624	cloud-23979
eca-rers2018/Problem17.yml	false	TIMEOUT	946.016556528	646.5628871840017	15000.162304	cloud-23939	TIMEOUT	992.432564532	696.4982855400012	12944.101376	cloud-23980	OUT OF MEMORY	813.845480523	568.6057724260027	15000.154112	cloud-23943
eca-rers2018/Problem18.yml	false	OUT OF MEMORY	163.48194169	81.70858247799333	15000.047616	cloud-24259	OUT OF MEMORY	121.947452304	62.386435440013884	15000.051712	cloud-23933	OUT OF MEMORY	187.104765154	94.91252537001856	15000.043520	cloud-23933
psyco/psyco_abp_1-1.yml	false	false(unreach-call)	127.495423549	99.10621114699461	1204.879360	cloud-24261	false(unreach-call)	151.934061215	115.94548480102094	1265.831936	cloud-23982	TIMEOUT	990.263342239	969.9908229179855	818.630656	cloud-23980
psyco/psyco_abp_1-3.yml	true	true	84.33269039	67.26508784599719	776.572928	cloud-24259	true	98.432620454	76.93522597799893	782.266368	cloud-23979	TIMEOUT	990.328989898	966.9344828790054	829.100032	cloud-23982
psyco/psyco_cev_1.yml	false	OUT OF MEMORY	163.689404986	84.01287444500485	15000.047616	cloud-24259	OUT OF MEMORY	129.230830315	66.01449182399665	15000.027136	cloud-23982	OUT OF MEMORY	106.35602341	54.31373663301929	15000.162304	cloud-23941
psyco/psyco_cev_2.yml	false	OUT OF MEMORY	180.698941481	91.69185424401076	15000.039424	cloud-24260	OUT OF MEMORY	150.032098505	75.7503076819994	15000.035328	cloud-23979	OUT OF MEMORY	152.993835498	77.30206357498537	15000.031232	cloud-23979
psyco/psyco_cev_3.yml	false	OUT OF MEMORY	109.119857208	55.69110580498818	15000.162304	cloud-23939	OUT OF MEMORY	119.844175292	60.811359693005215	15000.293376	cloud-23938	OUT OF MEMORY	100.414873336	51.46300072601298	15000.158208	cloud-23944
psyco/psyco_io_1.yml	true	true	38.059515135	22.699863417990855	631.824384	cloud-24259	true	33.808512766	19.737440233991947	604.180480	cloud-23980	TIMEOUT	990.324862357	968.9723660099844	679.731200	cloud-23979
psyco/psyco_net_1.yml	false	TIMEOUT	990.338252008	973.9236414449988	1592.016896	cloud-24259	TIMEOUT	990.364651956	972.825121479982	1418.334208	cloud-23938	TIMEOUT	990.362866042	972.4514745750057	1664.491520	cloud-23933
psyco/psyco_security.yml	true	true	35.371579265	21.053427256993018	597.266432	cloud-24259	true	27.596533933	16.415566999989096	605.016064	cloud-23980	TIMEOUT	990.302568828	972.2439805490139	658.370560	cloud-23979
eca-programs/Problem101_label00.yml	false	OUT OF MEMORY	84.684131342	46.04634983199867	15000.162304	cloud-23940	OUT OF MEMORY	118.929290066	64.61393326197867	15000.043520	cloud-23982	OUT OF MEMORY	87.748441071	47.55525657397811	15000.170496	cloud-23942
eca-programs/Problem101_label01.yml	false	OUT OF MEMORY	92.731562357	51.360830684000575	15000.158208	cloud-23941	OUT OF MEMORY	96.566061699	51.797845625987975	15000.035328	cloud-23938	OUT OF MEMORY	95.887311003	52.22599675299716	15000.055808	cloud-23979
eca-programs/Problem101_label02.yml	false	OUT OF MEMORY	113.649874055	61.68252492300235	15000.035328	cloud-23979	OUT OF MEMORY	82.543169696	45.40233050400275	15000.166400	cloud-23942	OUT OF MEMORY	112.701265355	61.34483421800542	15000.203264	cloud-23980
eca-programs/Problem101_label03.yml	false	OUT OF MEMORY	89.970422274	48.886719637026545	15000.166400	cloud-23939	OUT OF MEMORY	106.897333578	57.64358668998466	15000.043520	cloud-23933	OUT OF MEMORY	122.388654	66.45964695498697	15000.276992	cloud-23938
eca-programs/Problem101_label04.yml	false	OUT OF MEMORY	78.037552342	43.15641310799947	15000.166400	cloud-23939	OUT OF MEMORY	77.432864443	42.2356300970132	15000.166400	cloud-23943	OUT OF MEMORY	122.500418356	66.89391114099999	15000.035328	cloud-23938
eca-programs/Problem101_label05.yml	false	OUT OF MEMORY	109.341728888	59.47857794398442	15000.043520	cloud-23933	OUT OF MEMORY	86.247429083	47.1157248490199	15000.162304	cloud-23941	OUT OF MEMORY	116.946417209	63.04920069000218	15000.260608	cloud-23933
eca-programs/Problem101_label06.yml	false	OUT OF MEMORY	90.233172105	48.63193508901168	15000.158208	cloud-23939	OUT OF MEMORY	112.873737801	60.36159478200716	15000.043520	cloud-23938	OUT OF MEMORY	114.771500861	62.382575110998005	15000.051712	cloud-23938
eca-programs/Problem101_label07.yml	false	OUT OF MEMORY	106.024811097	57.18170832100441	15000.141824	cloud-23933	OUT OF MEMORY	77.995648044	43.066755377018126	15000.166400	cloud-23944	OUT OF MEMORY	121.927121731	65.80821315498906	15000.051712	cloud-23938
eca-programs/Problem101_label08.yml	false	OUT OF MEMORY	110.05335942	61.50662965999982	15000.043520	cloud-24259	OUT OF MEMORY	94.236358159	50.83397800498642	15000.154112	cloud-23933	OUT OF MEMORY	84.236998888	45.67944633800653	15000.375296	cloud-23940
eca-programs/Problem101_label09.yml	false	OUT OF MEMORY	131.709348116	74.31587963200002	15000.309760	cloud-23979	OUT OF MEMORY	103.603979277	56.540487852995284	15000.039424	cloud-23933	OUT OF MEMORY	124.188138631	67.47537588499836	15000.043520	cloud-23938
eca-programs/Problem101_label10.yml	false	OUT OF MEMORY	85.50438657	46.35795952801709	15000.166400	cloud-23942	OUT OF MEMORY	78.389145836	42.904609914985485	15000.162304	cloud-23943	OUT OF MEMORY	100.501568456	54.29908518597949	15000.043520	cloud-23933
eca-programs/Problem101_label11.yml	false	OUT OF MEMORY	82.548400711	45.82296358500025	15000.158208	cloud-23940	OUT OF MEMORY	88.237501055	48.004515014006756	15000.043520	cloud-23933	OUT OF MEMORY	116.519622196	63.4556798870035	15000.043520	cloud-23938
eca-programs/Problem101_label12.yml	false	OUT OF MEMORY	116.045243787	63.13849743202445	15000.260608	cloud-23979	OUT OF MEMORY	84.871317974	46.2529727750225	15000.166400	cloud-23942	OUT OF MEMORY	83.537575003	45.763015350006754	15000.178688	cloud-23943
eca-programs/Problem101_label13.yml	false	OUT OF MEMORY	87.518090696	47.49271356899408	15000.166400	cloud-23943	OUT OF MEMORY	94.891843646	52.16285954698105	15000.166400	cloud-23943	OUT OF MEMORY	81.178680293	44.48969365999801	15000.170496	cloud-23943
eca-programs/Problem101_label14.yml	false	OUT OF MEMORY	116.451617574	64.12213864800287	15000.039424	cloud-23933	OUT OF MEMORY	79.253928064	43.25654436397599	15000.166400	cloud-23942	OUT OF MEMORY	79.85154494	43.615341952012386	15000.174592	cloud-23943
eca-programs/Problem101_label15.yml	false	OUT OF MEMORY	89.059536974	48.725184726994485	15000.158208	cloud-23944	OUT OF MEMORY	113.995607945	61.10689381501288	15000.031232	cloud-23938	OUT OF MEMORY	98.799917234	53.84057572900201	15000.051712	cloud-23933
eca-programs/Problem101_label16.yml	false	OUT OF MEMORY	77.316781186	42.90879820400005	15000.166400	cloud-23942	OUT OF MEMORY	117.296010981	63.07110892102355	15000.039424	cloud-23982	OUT OF MEMORY	85.415806033	46.13190258698887	15000.170496	cloud-23940
eca-programs/Problem101_label17.yml	false	OUT OF MEMORY	87.235974924	48.282251316999464	15000.371200	cloud-23941	OUT OF MEMORY	95.413625037	51.89641813299386	15000.035328	cloud-23933	OUT OF MEMORY	107.238779398	58.649884633981856	15000.047616	cloud-23982
eca-programs/Problem101_label18.yml	false	OUT OF MEMORY	93.726938095	51.24583462899318	15000.166400	cloud-23941	OUT OF MEMORY	92.628131895	50.675801258999854	15000.043520	cloud-23980	OUT OF MEMORY	120.717073889	66.05304582801182	15000.055808	cloud-23982
eca-programs/Problem101_label19.yml	false	OUT OF MEMORY	118.226498402	64.54758964799112	15000.043520	cloud-24260	OUT OF MEMORY	82.958569677	45.400911716977134	15000.166400	cloud-23943	OUT OF MEMORY	112.393120949	61.78506493999157	15000.051712	cloud-23938
eca-programs/Problem101_label20.yml	false	OUT OF MEMORY	112.284858824	61.459112280001136	15000.043520	cloud-24261	OUT OF MEMORY	107.223632199	58.247143587010214	15000.043520	cloud-23980	OUT OF MEMORY	86.361927766	47.036031217023265	15000.178688	cloud-23942
eca-programs/Problem101_label21.yml	false	OUT OF MEMORY	75.874838597	42.07709246700006	15000.158208	cloud-23942	OUT OF MEMORY	92.274538838	49.51144622199354	15000.043520	cloud-23979	OUT OF MEMORY	127.64495102	69.52293459500652	15000.051712	cloud-23938
eca-programs/Problem101_label22.yml	false	OUT OF MEMORY	87.099061645	47.36097846200573	15000.399872	cloud-23944	OUT OF MEMORY	93.128280534	50.37010863999603	15000.039424	cloud-23979	OUT OF MEMORY	107.408344457	57.80365721898852	15000.039424	cloud-23979
eca-programs/Problem101_label23.yml	false	OUT OF MEMORY	84.648879344	46.23630014597438	15000.162304	cloud-23942	OUT OF MEMORY	96.241524292	51.62860236898996	15000.035328	cloud-23979	OUT OF MEMORY	103.816660276	56.241523812001105	15000.051712	cloud-23979
eca-programs/Problem102_label00.yml	true	OUT OF MEMORY	121.735541442	69.55498969802284	15000.342528	cloud-23940	OUT OF MEMORY	144.777167059	81.02027890301542	15000.039424	cloud-23933	OUT OF MEMORY	133.497669932	75.58939060400007	15000.174592	cloud-23939
eca-programs/Problem102_label01.yml	false	OUT OF MEMORY	166.859837515	92.09212270198623	15000.047616	cloud-23979	OUT OF MEMORY	120.534077447	69.78729286399903	15000.162304	cloud-23944	OUT OF MEMORY	128.428826919	72.45672177599045	15000.170496	cloud-23941
eca-programs/Problem102_label02.yml	false	OUT OF MEMORY	121.101960149	69.37015971400069	15000.158208	cloud-23942	OUT OF MEMORY	139.565390498	78.26530366999214	15000.043520	cloud-23979	OUT OF MEMORY	164.293016924	93.41449338398525	15000.272896	cloud-23938
eca-programs/Problem102_label03.yml	true	OUT OF MEMORY	110.782476823	63.41966505799974	15000.158208	cloud-23944	OUT OF MEMORY	156.420504481	87.16846813599113	15000.039424	cloud-23982	OUT OF MEMORY	115.433803384	66.06383483301033	15000.166400	cloud-23944
eca-programs/Problem102_label04.yml	false	OUT OF MEMORY	111.461940385	63.565612823000265	15000.166400	cloud-23944	OUT OF MEMORY	140.071126429	78.27378870200482	15000.043520	cloud-23980	OUT OF MEMORY	168.152995253	94.27865161700174	15000.051712	cloud-23938
eca-programs/Problem102_label05.yml	false	OUT OF MEMORY	109.083755713	61.71037892100139	15000.162304	cloud-23944	OUT OF MEMORY	148.375455479	82.60802287299884	15000.043520	cloud-23982	OUT OF MEMORY	124.986467378	70.79551031900337	15000.170496	cloud-23940
eca-programs/Problem102_label06.yml	false	OUT OF MEMORY	124.524307297	69.68451175899827	15000.166400	cloud-23942	OUT OF MEMORY	160.542961971	90.94644393099588	15000.039424	cloud-23933	OUT OF MEMORY	133.062792898	74.6595130469941	15000.170496	cloud-23940
eca-programs/Problem102_label07.yml	false	OUT OF MEMORY	125.830225821	71.14832201198442	15000.158208	cloud-23943	OUT OF MEMORY	128.661667208	73.24110899897642	15000.043520	cloud-23933	OUT OF MEMORY	122.422927999	69.6165140850062	15000.178688	cloud-23944
eca-programs/Problem102_label08.yml	true	OUT OF MEMORY	146.160260648	82.61948553699767	15000.162304	cloud-23944	OUT OF MEMORY	144.956524687	81.87193743299576	15000.039424	cloud-23980	OUT OF MEMORY	124.654321136	71.44790813999134	15000.174592	cloud-23944
eca-programs/Problem102_label09.yml	true	OUT OF MEMORY	156.51687416	87.833810170996	15000.281088	cloud-23979	OUT OF MEMORY	143.057028566	79.96376521399361	15000.043520	cloud-23979	OUT OF MEMORY	137.384398723	77.93591324900626	15000.383488	cloud-23941
eca-programs/Problem102_label10.yml	false	OUT OF MEMORY	135.506121819	76.11568897100369	15000.166400	cloud-23943	OUT OF MEMORY	151.418172752	83.48670621198835	15000.035328	cloud-23982	OUT OF MEMORY	131.710632108	74.50368033401901	15000.174592	cloud-23939
eca-programs/Problem102_label11.yml	true	OUT OF MEMORY	205.452519819	118.57354909999412	15000.137728	cloud-24259	OUT OF MEMORY	163.269540394	94.09270339499926	15000.043520	cloud-23980	OUT OF MEMORY	171.676255563	95.59732781301136	15000.195072	cloud-23933
eca-programs/Problem102_label12.yml	true	OUT OF MEMORY	122.955069784	69.21793458599132	15000.162304	cloud-23942	OUT OF MEMORY	131.668664274	73.24440259998664	15000.039424	cloud-23979	OUT OF MEMORY	157.971847158	87.7938585219963	15000.125440	cloud-23938
eca-programs/Problem102_label13.yml	false	OUT OF MEMORY	184.241038693	106.32263773400337	15000.043520	cloud-24259	OUT OF MEMORY	135.15561717	75.88041537199751	15000.043520	cloud-23933	OUT OF MEMORY	180.385088937	102.46705563299474	15000.047616	cloud-23933
eca-programs/Problem102_label14.yml	true	OUT OF MEMORY	169.800202091	94.22711546797655	15000.039424	cloud-23933	OUT OF MEMORY	141.213225769	78.34990316600306	15000.039424	cloud-23979	OUT OF MEMORY	167.032904828	93.3060022520076	15000.055808	cloud-23933
eca-programs/Problem102_label15.yml	false	OUT OF MEMORY	124.750469032	70.64954205000004	15000.166400	cloud-23943	OUT OF MEMORY	185.990114497	106.89393104499322	15000.039424	cloud-23982	OUT OF MEMORY	129.730683986	72.97080619601184	15000.178688	cloud-23940
eca-programs/Problem102_label16.yml	true	OUT OF MEMORY	164.138455861	94.24950145299954	15000.043520	cloud-24261	OUT OF MEMORY	162.139013926	90.73024530400289	15000.039424	cloud-23938	OUT OF MEMORY	178.502102596	100.31092049498693	15000.051712	cloud-23938
eca-programs/Problem102_label17.yml	true	OUT OF MEMORY	128.381269959	72.68667978899975	15000.166400	cloud-23943	OUT OF MEMORY	173.357553474	98.14788828400197	15000.039424	cloud-23982	OUT OF MEMORY	125.33179919	70.9637771169946	15000.166400	cloud-23942
eca-programs/Problem102_label18.yml	true	OUT OF MEMORY	183.025579626	104.96573593901121	15000.039424	cloud-24260	OUT OF MEMORY	169.883803961	95.0783222450118	15000.043520	cloud-23938	OUT OF MEMORY	154.071845831	86.61940433800919	15000.055808	cloud-23979
eca-programs/Problem102_label19.yml	true	OUT OF MEMORY	123.940737784	69.7625911970099	15000.158208	cloud-23942	OUT OF MEMORY	139.344178548	78.0997907279816	15000.043520	cloud-23979	OUT OF MEMORY	149.133504312	84.57769460001145	15000.055808	cloud-23979
eca-programs/Problem102_label20.yml	true	OUT OF MEMORY	174.346214868	98.32951620700078	15000.301568	cloud-24259	OUT OF MEMORY	155.720564934	86.61470532399835	15000.264704	cloud-23933	OUT OF MEMORY	115.858692259	66.21958326199092	15000.166400	cloud-23944
eca-programs/Problem102_label21.yml	true	OUT OF MEMORY	188.206155911	106.97093110099377	15000.047616	cloud-24259	OUT OF MEMORY	182.98173938	104.16649479197804	15000.043520	cloud-23938	OUT OF MEMORY	174.431411391	98.72835822199704	15000.055808	cloud-23933
eca-programs/Problem102_label22.yml	true	OUT OF MEMORY	109.78389254	62.14801445100011	15000.162304	cloud-23944	OUT OF MEMORY	163.716876636	91.52023466597893	15000.170496	cloud-23933	OUT OF MEMORY	118.780245349	68.41242565700668	15000.436736	cloud-23944
eca-programs/Problem102_label23.yml	true	OUT OF MEMORY	153.191892359	87.54300318400783	15000.043520	cloud-24259	OUT OF MEMORY	155.576870997	89.03251725400332	15000.039424	cloud-23980	OUT OF MEMORY	126.630871867	70.90569306901307	15000.420352	cloud-23940
eca-programs/Problem102_label24.yml	false	OUT OF MEMORY	117.069920547	67.3023532780062	15000.162304	cloud-23940	OUT OF MEMORY	143.911405982	80.3081948600011	15000.039424	cloud-23938	OUT OF MEMORY	154.2957266	86.08895245398162	15000.121344	cloud-23979
eca-programs/Problem102_label25.yml	false	OUT OF MEMORY	135.526975835	76.1447081840015	15000.166400	cloud-23939	OUT OF MEMORY	179.52084887	103.19553036399884	15000.043520	cloud-23982	OUT OF MEMORY	129.093621424	73.01253251300659	15000.178688	cloud-23943
eca-programs/Problem102_label26.yml	false	OUT OF MEMORY	170.354854478	95.85463277902454	15000.301568	cloud-23933	OUT OF MEMORY	173.369884112	98.45526204499765	15000.035328	cloud-23980	OUT OF MEMORY	170.189998265	95.71047241101041	15000.051712	cloud-23980
eca-programs/Problem102_label27.yml	true	OUT OF MEMORY	124.827271539	70.09435985799792	15000.166400	cloud-23939	OUT OF MEMORY	127.025192938	72.79350818501553	15000.166400	cloud-23941	OUT OF MEMORY	118.704347665	67.78848625600222	15000.174592	cloud-23944
eca-programs/Problem102_label28.yml	false	OUT OF MEMORY	121.816526303	69.05371224597911	15000.162304	cloud-23940	OUT OF MEMORY	182.784786953	102.82814151799539	15000.043520	cloud-23938	OUT OF MEMORY	130.919700394	73.76475433001178	15000.391680	cloud-23942
eca-programs/Problem102_label29.yml	false	OUT OF MEMORY	161.859626374	91.25142305600457	15000.043520	cloud-24261	OUT OF MEMORY	159.190269536	91.69444303802447	15000.043520	cloud-23980	OUT OF MEMORY	124.534334563	70.53811109400704	15000.174592	cloud-23944
eca-programs/Problem102_label30.yml	true	OUT OF MEMORY	129.928352534	72.86703131199465	15000.166400	cloud-23943	OUT OF MEMORY	148.678325894	83.89089235998108	15000.264704	cloud-23980	OUT OF MEMORY	171.389061586	96.37925718299812	15000.047616	cloud-23933
eca-programs/Problem102_label31.yml	true	OUT OF MEMORY	131.492085378	73.92448291697656	15000.166400	cloud-23941	OUT OF MEMORY	158.119608472	88.88836984400405	15000.043520	cloud-23933	OUT OF MEMORY	188.433868177	107.24107297800947	15000.039424	cloud-23938
eca-programs/Problem102_label32.yml	true	OUT OF MEMORY	113.61905239	65.3425671950099	15000.162304	cloud-23940	OUT OF MEMORY	169.206761243	95.56406897198758	15000.039424	cloud-23982	OUT OF MEMORY	161.878929797	92.02719940899988	15000.256512	cloud-23979
eca-programs/Problem102_label33.yml	true	OUT OF MEMORY	127.345035602	71.51751825199972	15000.158208	cloud-23939	OUT OF MEMORY	160.603204727	91.19073234000825	15000.039424	cloud-23979	OUT OF MEMORY	186.700389558	107.50565103799454	15000.039424	cloud-23982
eca-programs/Problem102_label34.yml	false	OUT OF MEMORY	168.930838062	95.59609664100572	15000.256512	cloud-23933	OUT OF MEMORY	125.202759069	71.16302907900536	15000.162304	cloud-23941	OUT OF MEMORY	154.925779613	86.08002647498506	15000.043520	cloud-23979
eca-programs/Problem102_label35.yml	true	OUT OF MEMORY	120.921434864	69.06175424199319	15000.166400	cloud-23940	OUT OF MEMORY	147.802645536	83.37197295500664	15000.272896	cloud-23979	OUT OF MEMORY	181.222637105	101.46425726698362	15000.035328	cloud-23938
eca-programs/Problem102_label36.yml	true	OUT OF MEMORY	164.961603057	93.23365592799928	15000.039424	cloud-24259	OUT OF MEMORY	143.864076016	81.0530431260122	15000.035328	cloud-23933	OUT OF MEMORY	158.695320336	89.44963795898366	15000.043520	cloud-23979
eca-programs/Problem102_label37.yml	false	OUT OF MEMORY	126.819519813	72.4287818519997	15000.162304	cloud-23943	OUT OF MEMORY	157.403911095	91.71060488600051	15000.039424	cloud-23980	OUT OF MEMORY	163.277287789	91.73010378199979	15000.182784	cloud-23979
eca-programs/Problem102_label38.yml	true	OUT OF MEMORY	174.68599303	98.4101335729938	15000.043520	cloud-23979	OUT OF MEMORY	180.485977811	102.52820439299103	15000.211456	cloud-23938	OUT OF MEMORY	132.637703338	74.94871503399918	15000.170496	cloud-23939
eca-programs/Problem102_label39.yml	true	OUT OF MEMORY	183.002404688	103.30886014198768	15000.043520	cloud-24260	OUT OF MEMORY	144.702733996	81.10629004001385	15000.039424	cloud-23933	OUT OF MEMORY	180.611948801	102.57173188400338	15000.039424	cloud-23938
eca-programs/Problem102_label40.yml	true	OUT OF MEMORY	133.156755625	75.15612772600434	15000.154112	cloud-23940	OUT OF MEMORY	151.765077004	83.88981412199792	15000.035328	cloud-23982	OUT OF MEMORY	121.241860343	69.2653041020094	15000.178688	cloud-23944
eca-programs/Problem102_label41.yml	true	OUT OF MEMORY	119.945746116	68.53430928700254	15000.162304	cloud-23940	OUT OF MEMORY	134.489996461	75.57829328099615	15000.236032	cloud-23939	OUT OF MEMORY	130.819849915	74.09498781300499	15000.170496	cloud-23942
eca-programs/Problem102_label42.yml	true	OUT OF MEMORY	126.976011117	71.63758839300135	15000.166400	cloud-23943	OUT OF MEMORY	133.007738631	74.49102984499768	15000.166400	cloud-23940	OUT OF MEMORY	160.315544606	90.5076666320092	15000.051712	cloud-23933
eca-programs/Problem102_label43.yml	false	OUT OF MEMORY	168.561492294	95.06493584500276	15000.043520	cloud-23933	OUT OF MEMORY	163.026238496	91.4589517780114	15000.039424	cloud-23980	OUT OF MEMORY	159.880736919	89.1116257100075	15000.055808	cloud-23979
eca-programs/Problem102_label44.yml	true	OUT OF MEMORY	124.455409725	70.8249194730015	15000.170496	cloud-23943	OUT OF MEMORY	155.264486804	87.09549841302214	15000.043520	cloud-23982	OUT OF MEMORY	138.779414951	78.24469285801752	15000.178688	cloud-23939
eca-programs/Problem102_label45.yml	true	OUT OF MEMORY	137.304561021	77.14412340399576	15000.371200	cloud-23939	OUT OF MEMORY	144.270150682	80.70671519899042	15000.043520	cloud-23979	OUT OF MEMORY	131.918309061	75.16451245499775	15000.174592	cloud-23941
eca-programs/Problem102_label46.yml	false	OUT OF MEMORY	115.601706912	65.53054086500015	15000.166400	cloud-23940	OUT OF MEMORY	123.343252349	69.38598757001455	15000.420352	cloud-23940	OUT OF MEMORY	135.057146979	76.15491660797852	15000.174592	cloud-23939
eca-programs/Problem102_label47.yml	true	OUT OF MEMORY	126.482183633	71.1597712570001	15000.166400	cloud-23944	OUT OF MEMORY	139.964665959	78.17657497298205	15000.039424	cloud-23979	OUT OF MEMORY	164.990461253	92.36255540102138	15000.309760	cloud-23979
eca-programs/Problem102_label48.yml	false	OUT OF MEMORY	112.495046016	64.37808789900009	15000.166400	cloud-23939	OUT OF MEMORY	141.83332255	79.38256374298362	15000.039424	cloud-23938	OUT OF MEMORY	128.827259301	72.90573786298046	15000.178688	cloud-23943
eca-programs/Problem102_label49.yml	false	OUT OF MEMORY	170.36073277	95.75725802997476	15000.043520	cloud-23933	OUT OF MEMORY	146.619901304	81.93626709500677	15000.035328	cloud-23979	OUT OF MEMORY	169.593112354	98.26873677698313	15000.055808	cloud-23980
eca-programs/Problem102_label50.yml	false	OUT OF MEMORY	178.820433702	101.36869068801752	15000.170496	cloud-24260	OUT OF MEMORY	147.89791861	82.83628466399387	15000.031232	cloud-23933	OUT OF MEMORY	157.426626039	87.56171206300496	15000.055808	cloud-23933
eca-programs/Problem102_label51.yml	false	OUT OF MEMORY	163.844515569	92.75474274900625	15000.035328	cloud-23979	OUT OF MEMORY	159.534754545	88.50109156200779	15000.039424	cloud-23979	OUT OF MEMORY	124.312518797	70.37149278100696	15000.170496	cloud-23940
eca-programs/Problem102_label52.yml	true	OUT OF MEMORY	175.438945376	97.98419968000962	15000.035328	cloud-23933	OUT OF MEMORY	140.311894295	78.79331323501538	15000.035328	cloud-23933	OUT OF MEMORY	152.302824754	83.51932233799016	15000.305664	cloud-23933
eca-programs/Problem102_label53.yml	true	OUT OF MEMORY	110.600794348	63.01566091600034	15000.162304	cloud-23944	OUT OF MEMORY	116.270499727	66.04524532199139	15000.166400	cloud-23944	OUT OF MEMORY	122.457906698	69.65503115099273	15000.412160	cloud-23944
eca-programs/Problem102_label54.yml	true	OUT OF MEMORY	139.049751092	78.64188095799909	15000.158208	cloud-23939	OUT OF MEMORY	119.03267162	67.4277355929953	15000.158208	cloud-23941	OUT OF MEMORY	189.703793645	110.46014285000274	15000.039424	cloud-23982
eca-programs/Problem102_label55.yml	false	OUT OF MEMORY	133.750345138	75.6821911540028	15000.162304	cloud-23940	OUT OF MEMORY	136.903134675	76.77637398801744	15000.039424	cloud-23979	OUT OF MEMORY	131.963350991	75.06718891698983	15000.166400	cloud-23942
eca-programs/Problem102_label56.yml	true	OUT OF MEMORY	118.624489643	67.27100234699901	15000.158208	cloud-23940	OUT OF MEMORY	140.636680239	79.94010212400462	15000.166400	cloud-23939	OUT OF MEMORY	167.657560506	94.69048655897495	15000.051712	cloud-23933
eca-programs/Problem102_label57.yml	true	OUT OF MEMORY	173.630395921	99.479266083	15000.297472	cloud-23979	OUT OF MEMORY	145.058192577	81.33696694599348	15000.043520	cloud-23933	OUT OF MEMORY	187.793582681	107.61106594500598	15000.190976	cloud-23982
eca-programs/Problem102_label58.yml	true	OUT OF MEMORY	131.74682658	75.01264725299552	15000.166400	cloud-23941	OUT OF MEMORY	142.125596426	79.81828360300278	15000.043520	cloud-23933	OUT OF MEMORY	165.18399169	91.83493371400982	15000.252416	cloud-23979
eca-programs/Problem102_label59.yml	false	OUT OF MEMORY	147.994099132	83.23209854000015	15000.285184	cloud-23941	OUT OF MEMORY	160.654390917	92.94561910399352	15000.043520	cloud-23980	OUT OF MEMORY	133.369623993	75.1191711089923	15000.174592	cloud-23939
eca-programs/Problem103_label32.yml	false	OUT OF MEMORY	106.721086118	60.589735906003625	15000.162304	cloud-23943	OUT OF MEMORY	93.575209002	53.30187413399108	15000.428544	cloud-23944	OUT OF MEMORY	117.070476726	66.81071712600533	15000.039424	cloud-23980
eca-programs/Problem103_label35.yml	false	OUT OF MEMORY	142.273687256	81.07659460001742	15000.297472	cloud-24260	OUT OF MEMORY	96.972473585	54.92045105298166	15000.350720	cloud-23939	OUT OF MEMORY	119.516528466	66.9744293979893	15000.244224	cloud-23979
eca-programs/Problem103_label40.yml	true	OUT OF MEMORY	90.454906139	51.68273600700195	15000.154112	cloud-23940	OUT OF MEMORY	141.410738986	79.69277437098208	15000.039424	cloud-23938	OUT OF MEMORY	135.383648299	77.52280708900071	15000.055808	cloud-23982
eca-programs/Problem103_label41.yml	false	OUT OF MEMORY	100.281917847	57.66550138899993	15000.424448	cloud-23943	OUT OF MEMORY	112.431853317	63.621342591010034	15000.039424	cloud-23933	OUT OF MEMORY	101.671143537	57.53238770601456	15000.178688	cloud-23940
eca-programs/Problem103_label42.yml	true	OUT OF MEMORY	97.033080899	54.832945642003324	15000.166400	cloud-23942	OUT OF MEMORY	126.082707318	71.93245938100154	15000.043520	cloud-23980	OUT OF MEMORY	146.86138799	83.65525832399726	15000.051712	cloud-23938
eca-programs/Problem103_label43.yml	true	OUT OF MEMORY	142.983371562	81.14520174500001	15000.043520	cloud-24261	OUT OF MEMORY	129.520364503	72.92762084200513	15000.043520	cloud-23979	OUT OF MEMORY	102.641440862	58.36375058698468	15000.170496	cloud-23940
eca-programs/Problem103_label44.yml	false	OUT OF MEMORY	141.976125383	79.71409143399796	15000.236032	cloud-24260	OUT OF MEMORY	100.412211753	57.035505298001226	15000.162304	cloud-23939	OUT OF MEMORY	101.590164022	57.73554400698049	15000.178688	cloud-23944
eca-programs/Problem103_label45.yml	true	OUT OF MEMORY	141.851302982	80.40910956499283	15000.043520	cloud-23933	OUT OF MEMORY	114.233900578	64.53195627301466	15000.297472	cloud-23980	OUT OF MEMORY	95.848182356	54.01570748601807	15000.166400	cloud-23943
eca-programs/Problem103_label46.yml	false	OUT OF MEMORY	157.043906527	89.98314560801373	15000.203264	cloud-24259	OUT OF MEMORY	119.891885108	66.8781456790166	15000.227840	cloud-23982	OUT OF MEMORY	131.440792293	72.74227721599163	15000.055808	cloud-23933
eca-programs/Problem103_label47.yml	false	OUT OF MEMORY	144.436153271	82.21687990101054	15000.027136	cloud-23933	OUT OF MEMORY	152.194378895	89.41731745301513	15000.260608	cloud-23982	OUT OF MEMORY	97.361640506	54.972125260013854	15000.174592	cloud-23940
eca-programs/Problem103_label48.yml	true	OUT OF MEMORY	164.116277936	96.06390198200825	15000.043520	cloud-24259	OUT OF MEMORY	131.178062116	73.99103528898559	15000.043520	cloud-23980	OUT OF MEMORY	108.622668983	61.26225447800243	15000.162304	cloud-23941
eca-programs/Problem103_label49.yml	true	OUT OF MEMORY	103.717893494	58.31574705199455	15000.162304	cloud-23944	OUT OF MEMORY	134.664854281	75.71582292599487	15000.043520	cloud-23938	OUT OF MEMORY	130.687036274	73.15737815300236	15000.051712	cloud-23979
eca-programs/Problem103_label50.yml	true	OUT OF MEMORY	151.982790423	87.27329342599842	15000.031232	cloud-24259	OUT OF MEMORY	121.940576673	68.77107958198758	15000.039424	cloud-23938	OUT OF MEMORY	146.279468013	83.39808544999687	15000.051712	cloud-23982
eca-programs/Problem103_label51.yml	false	OUT OF MEMORY	88.403302713	50.66654665600072	15000.354816	cloud-23942	OUT OF MEMORY	111.537781043	61.646710210014135	15000.039424	cloud-23933	OUT OF MEMORY	98.524975004	55.85145849001128	15000.162304	cloud-23940
eca-programs/Problem103_label52.yml	true	OUT OF MEMORY	97.14122044	54.63163619299303	15000.158208	cloud-23942	OUT OF MEMORY	100.693909687	57.09630407599616	15000.166400	cloud-23941	OUT OF MEMORY	148.319039156	85.74278847299865	15000.317952	cloud-23982
eca-programs/Problem103_label53.yml	false	OUT OF MEMORY	130.955468647	73.3816182849987	15000.035328	cloud-23933	OUT OF MEMORY	97.529634709	55.13444124898524	15000.166400	cloud-23943	OUT OF MEMORY	101.47296282	57.162154223013204	15000.178688	cloud-23943
eca-programs/Problem103_label54.yml	false	OUT OF MEMORY	101.827777288	57.80409794297884	15000.158208	cloud-23942	OUT OF MEMORY	140.196164082	78.98197482302203	15000.035328	cloud-23982	OUT OF MEMORY	96.341038859	55.379089030000614	15000.178688	cloud-23944
eca-programs/Problem103_label55.yml	true	OUT OF MEMORY	99.217915443	56.378780982002354	15000.162304	cloud-23943	OUT OF MEMORY	114.847275394	63.97020465999958	15000.043520	cloud-23982	OUT OF MEMORY	94.283723194	54.04647411798942	15000.170496	cloud-23944
eca-programs/Problem103_label56.yml	false	OUT OF MEMORY	97.982699097	55.83715200200004	15000.326144	cloud-23943	OUT OF MEMORY	93.073364133	52.725884697021684	15000.162304	cloud-23942	OUT OF MEMORY	99.89668298	56.928903945023194	15000.178688	cloud-23944
eca-programs/Problem103_label57.yml	false	OUT OF MEMORY	100.970118844	56.956063506018836	15000.330240	cloud-23943	OUT OF MEMORY	115.724416085	64.70565861399518	15000.031232	cloud-23979	OUT OF MEMORY	101.774042718	57.387213022011565	15000.178688	cloud-23939
eca-programs/Problem103_label58.yml	true	OUT OF MEMORY	92.854395011	53.34760610900048	15000.158208	cloud-23942	OUT OF MEMORY	107.322516236	60.42253398601315	15000.240128	cloud-23933	OUT OF MEMORY	94.297026741	54.44489309200435	15000.162304	cloud-23944
eca-programs/Problem103_label59.yml	false	OUT OF MEMORY	94.88073981	54.01932596699771	15000.158208	cloud-23944	OUT OF MEMORY	98.440390911	55.85690205701394	15000.166400	cloud-23940	OUT OF MEMORY	100.369484772	56.87517464000848	15000.174592	cloud-23943
