tool		Theta 6.17.6	Theta 6.17.6	Theta 6.17.6	Theta 6.17.6	Theta 6.17.6	Theta 6.17.6	Theta 6.17.6	Theta 6.17.6	Theta 6.17.6	Theta 6.17.6	Theta 6.17.6	Theta 6.17.6	Theta 6.17.6	Theta 6.17.6	Theta 6.17.6
run set		PredCart(100, true) -> KInd().SV-COMP25_unreach-call	PredCart(100, true) -> KInd().SV-COMP25_unreach-call	PredCart(100, true) -> KInd().SV-COMP25_unreach-call	PredCart(100, true) -> KInd().SV-COMP25_unreach-call	PredCart(100, true) -> KInd().SV-COMP25_unreach-call	basePredCart.SV-COMP25_unreach-call	basePredCart.SV-COMP25_unreach-call	basePredCart.SV-COMP25_unreach-call	basePredCart.SV-COMP25_unreach-call	basePredCart.SV-COMP25_unreach-call	KInd().SV-COMP25_unreach-call	KInd().SV-COMP25_unreach-call	KInd().SV-COMP25_unreach-call	KInd().SV-COMP25_unreach-call	KInd().SV-COMP25_unreach-call
sv-benchmarks/c/		status	cputime (s)	walltime (s)	memory (MB)	host	status	cputime (s)	walltime (s)	memory (MB)	host	status	cputime (s)	walltime (s)	memory (MB)	host
locks/test_locks_10.yml	true	true	352.929775028	325.8524504209927	1071.247360	cloud-23933	TIMEOUT	990.381647224	963.7932557429885	665.169920	cloud-23979	true	134.421972142	123.65002636201098	970.219520	cloud-23980
locks/test_locks_11.yml	true	true	511.229811392	485.7941060479934	1143.586816	cloud-24259	TIMEOUT	990.327724832	966.3669461579993	646.189056	cloud-23933	true	287.898587244	273.7923547659884	1119.707136	cloud-23982
locks/test_locks_12.yml	true	true	619.500957874	589.2202307999978	1264.943104	cloud-24260	TIMEOUT	990.39366842	958.4461619009962	644.161536	cloud-23982	true	452.462712233	435.9306978380191	1163.907072	cloud-23980
locks/test_locks_13.yml	true	true	820.425047886	790.3293642670033	1364.344832	cloud-23979	TIMEOUT	990.350699487	962.7707683740009	709.382144	cloud-23933	true	656.444157682	638.4734433150152	1284.988928	cloud-23938
locks/test_locks_9.yml	true	true	293.885796033	268.6961803730228	974.278656	cloud-23979	TIMEOUT	990.325105831	969.0894738859788	694.935552	cloud-23980	true	96.191328243	82.73895219000406	953.765888	cloud-23982
unsignedintegeroverflow-sas23/distance_through_overflow.yml	true	true	26.483627271	14.440951945987763	593.768448	cloud-24259	true	21.614921186	11.635145431006094	660.054016	cloud-23980	TIMEOUT	990.23858182	978.2187469649944	523.288576	cloud-23980
longjmp/68-longjmp_04-counting-local_true.yml	true	ERROR (generic error, after parsing finished)	28.313236842	15.652351024997188	524.115968	cloud-24259	ERROR (server error, after parsing finished)	21.273129351	11.535242817015387	562.180096	cloud-23980	ERROR (generic error, after parsing finished)	15.277217801	8.53622830400127	499.306496	cloud-23980
longjmp/68-longjmp_04-counting-local_unknown_1_neg.yml	false	ERROR (generic error, after parsing finished)	27.831985325	15.55050476701581	555.851776	cloud-24260	ERROR (server error, after parsing finished)	16.833616022	9.383883842005162	545.259520	cloud-23933	ERROR (generic error, after parsing finished)	19.734686197	10.797397354996065	538.804224	cloud-23938
longjmp/68-longjmp_04-counting-local_unknown_1_pos.yml	false	ERROR (generic error, after parsing finished)	24.80379218	13.812237955004093	509.206528	cloud-24259	ERROR (server error, after parsing finished)	17.79382434	9.769249331002356	528.867328	cloud-23980	ERROR (generic error, after parsing finished)	21.495341297	11.628856722993078	506.486784	cloud-23938
longjmp/68-longjmp_07-returns_true.yml	true	ERROR (generic error, after parsing finished)	26.025061642	14.269153872010065	564.297728	cloud-23979	ERROR (server error, after parsing finished)	19.155925426	10.466121772013139	548.339712	cloud-23980	ERROR (generic error, after parsing finished)	18.548792977	10.113273113995092	470.654976	cloud-23979
longjmp/68-longjmp_11-counting-return_true.yml	true	ERROR (generic error, after parsing finished)	31.392042406	17.01563804599573	579.325952	cloud-24260	ERROR (server error, after parsing finished)	17.906039846	9.792375595017802	545.390592	cloud-23980	ERROR (generic error, after parsing finished)	16.652231403	9.043214628007263	502.390784	cloud-23980
longjmp/68-longjmp_11-counting-return_unknown_1_neg.yml	false	ERROR (generic error, after parsing finished)	23.923355503	12.988725970993983	545.394688	cloud-23979	ERROR (server error, after parsing finished)	17.815388924	9.91462418701849	550.043648	cloud-23982	ERROR (generic error, after parsing finished)	15.679822008	8.840894449996995	516.169728	cloud-23980
longjmp/68-longjmp_11-counting-return_unknown_1_pos.yml	false	ERROR (generic error, after parsing finished)	28.244912479	15.65107274998445	562.339840	cloud-24260	ERROR (server error, after parsing finished)	18.412714759	10.20228968502488	548.737024	cloud-23933	ERROR (generic error, after parsing finished)	16.307400138	9.56494189798832	512.765952	cloud-23980
longjmp/68-longjmp_12-counting-global_true.yml	true	ERROR (generic error, after parsing finished)	24.148670752	13.64597229300125	556.150784	cloud-24261	ERROR (server error, after parsing finished)	19.247537525	10.43892083800165	585.977856	cloud-23979	ERROR (generic error, after parsing finished)	20.714394938	11.467407921998529	474.685440	cloud-23982
longjmp/68-longjmp_12-counting-global_unknown_1_neg.yml	false	ERROR (generic error, after parsing finished)	28.820460333	15.65972002298804	577.523712	cloud-23933	ERROR (server error, after parsing finished)	21.001491872	11.511801840999397	539.836416	cloud-23933	ERROR (generic error, after parsing finished)	21.469877488	12.05277865199605	500.559872	cloud-23938
longjmp/68-longjmp_12-counting-global_unknown_1_pos.yml	false	ERROR (generic error, after parsing finished)	27.294171789	14.923451256996486	545.497088	cloud-24260	ERROR (server error, after parsing finished)	22.322569934	12.150964961008867	547.749888	cloud-23938	ERROR (generic error, after parsing finished)	21.592088636	11.755281122983433	488.513536	cloud-23982
longjmp/68-longjmp_13-counting-local_true.yml	true	ERROR (generic error, after parsing finished)	27.160560762	14.821217874996364	518.086656	cloud-23933	ERROR (server error, after parsing finished)	21.791546899	11.728485627972987	524.922880	cloud-23938	ERROR (generic error, after parsing finished)	19.170027791	10.576560023997445	461.029376	cloud-23933
longjmp/68-longjmp_13-counting-local_unknown_1_neg.yml	false	ERROR (generic error, after parsing finished)	23.222160805	12.912943486007862	517.382144	cloud-23979	ERROR (server error, after parsing finished)	17.584879735	9.860530101985205	557.084672	cloud-23980	ERROR (generic error, after parsing finished)	23.955711638	12.870270849001827	495.071232	cloud-23982
longjmp/68-longjmp_13-counting-local_unknown_1_pos.yml	false	ERROR (generic error, after parsing finished)	23.252466098	12.77344905398786	554.418176	cloud-23979	ERROR (server error, after parsing finished)	16.204833111	8.97171476497897	550.932480	cloud-23982	ERROR (generic error, after parsing finished)	19.249240461	10.640699745999882	509.476864	cloud-23979
longjmp/68-longjmp_14-counting-return-one-method_true.yml	true	ERROR (generic error, after parsing finished)	24.330665857	13.33903611099231	573.874176	cloud-24259	ERROR (server error, after parsing finished)	19.034072039	10.386597610020544	538.083328	cloud-23938	ERROR (generic error, after parsing finished)	18.880865482	10.220635770005174	514.596864	cloud-23980
longjmp/68-longjmp_14-counting-return-one-method_unknown_1_neg.yml	false	ERROR (generic error, after parsing finished)	25.334990893	13.819600785995135	525.410304	cloud-23979	ERROR (server error, after parsing finished)	23.248374242	12.799698816001182	555.966464	cloud-23982	ERROR (generic error, after parsing finished)	18.049727047	9.85780772002181	507.858944	cloud-23979
longjmp/68-longjmp_14-counting-return-one-method_unknown_1_pos.yml	false	ERROR (generic error, after parsing finished)	26.276631174	14.745543284981977	520.212480	cloud-23933	ERROR (server error, after parsing finished)	16.272283733	8.891064825002104	545.161216	cloud-23980	ERROR (generic error, after parsing finished)	16.27084617	8.901452039019205	515.125248	cloud-23933
longjmp/68-longjmp_15-counting-global-one-method_true.yml	true	ERROR (generic error, after parsing finished)	24.287273377	13.291017488983925	543.064064	cloud-23933	ERROR (server error, after parsing finished)	22.616108533	12.315434479998657	560.910336	cloud-23982	ERROR (generic error, after parsing finished)	21.721952554	11.56560479599284	515.588096	cloud-23933
longjmp/68-longjmp_15-counting-global-one-method_unknown_1_neg.yml	false	ERROR (generic error, after parsing finished)	28.766501279	15.912669735000236	559.562752	cloud-24259	ERROR (server error, after parsing finished)	17.621136587	9.823270121007226	568.070144	cloud-23980	ERROR (generic error, after parsing finished)	21.183410824	11.406615671003237	492.158976	cloud-23980
longjmp/68-longjmp_15-counting-global-one-method_unknown_1_pos.yml	false	ERROR (generic error, after parsing finished)	29.937407172	16.352504112001043	537.989120	cloud-24260	ERROR (server error, after parsing finished)	20.341853306	11.052123496017884	562.040832	cloud-23933	ERROR (generic error, after parsing finished)	21.711635751	11.951039613981266	496.541696	cloud-23982
longjmp/68-longjmp_16-counting-local-one-method_true.yml	true	ERROR (generic error, after parsing finished)	27.359937901	15.089674032991752	560.553984	cloud-24259	ERROR (server error, after parsing finished)	17.001458529	9.409033793985145	656.617472	cloud-23980	ERROR (generic error, after parsing finished)	23.720266389	13.17299114499474	467.390464	cloud-23982
longjmp/68-longjmp_16-counting-local-one-method_unknown_1_neg.yml	false	ERROR (generic error, after parsing finished)	25.70977646	14.708920428005513	562.970624	cloud-23933	ERROR (server error, after parsing finished)	18.854968033	10.197040377999656	556.040192	cloud-23980	ERROR (generic error, after parsing finished)	27.078421923	14.710852310992777	509.595648	cloud-23938
longjmp/68-longjmp_16-counting-local-one-method_unknown_1_pos.yml	false	ERROR (generic error, after parsing finished)	25.886861909	14.20203491699067	550.047744	cloud-23933	ERROR (server error, after parsing finished)	23.944167825	13.109830385015812	505.692160	cloud-23982	ERROR (generic error, after parsing finished)	21.22684927	11.553698478994193	479.846400	cloud-23982
longjmp/68-longjmp_18-simple-else_true.yml	true	ERROR (generic error, after parsing finished)	30.238848583	16.378311803971883	569.118720	cloud-24260	ERROR (server error, after parsing finished)	18.253497414	10.098449706012616	547.422208	cloud-23933	ERROR (generic error, after parsing finished)	19.837906052	10.829397883993806	500.002816	cloud-23980
longjmp/68-longjmp_18-simple-else_unknown_1_neg.yml	false	ERROR (generic error, after parsing finished)	29.588248723	16.128421221015742	575.762432	cloud-23933	ERROR (server error, after parsing finished)	22.334843346	12.057922827021684	560.791552	cloud-23979	ERROR (generic error, after parsing finished)	16.094194846	8.772911220003152	510.779392	cloud-23944
longjmp/68-longjmp_18-simple-else_unknown_1_pos.yml	false	ERROR (generic error, after parsing finished)	29.980069613	16.101441295002587	583.225344	cloud-24260	ERROR (server error, after parsing finished)	21.78027228	11.84552170499228	537.202688	cloud-23979	ERROR (generic error, after parsing finished)	21.142806339	11.413479945011204	489.066496	cloud-23979
longjmp/68-longjmp_18-simple-else_unknown_2_neg.yml	false	ERROR (generic error, after parsing finished)	30.817412318	16.95209848700324	560.381952	cloud-24259	ERROR (server error, after parsing finished)	21.394541577	11.575018138973974	568.664064	cloud-23979	ERROR (generic error, after parsing finished)	22.459455793	12.226455409982009	515.452928	cloud-23933
longjmp/68-longjmp_18-simple-else_unknown_2_pos.yml	false	ERROR (generic error, after parsing finished)	29.288559067	16.093998308992013	577.183744	cloud-24260	ERROR (server error, after parsing finished)	19.798713252	10.717733871017117	572.608512	cloud-23933	ERROR (generic error, after parsing finished)	22.54936057	12.321376220992533	521.302016	cloud-23979
longjmp/68-longjmp_19-simpler_true.yml	true	ERROR (generic error, after parsing finished)	29.531338852	16.17740406600933	573.157376	cloud-24260	ERROR (server error, after parsing finished)	24.122123405	13.192528696003137	550.830080	cloud-23933	ERROR (generic error, after parsing finished)	19.527379631	10.689168899989454	545.742848	cloud-23933
longjmp/68-longjmp_20-simpler-multifun_true.yml	true	ERROR (generic error, after parsing finished)	30.935990064	17.049813204997918	580.919296	cloud-23933	ERROR (server error, after parsing finished)	24.644657841	13.336142059008125	582.774784	cloud-23938	ERROR (generic error, after parsing finished)	18.980057996	10.75758056298946	515.166208	cloud-23980
longjmp/68-longjmp_21-multifun_true.yml	true	ERROR (generic error, after parsing finished)	29.736724651	16.188575171021512	545.886208	cloud-23933	ERROR (server error, after parsing finished)	21.16409068	11.64726657999563	542.191616	cloud-23933	ERROR (generic error, after parsing finished)	21.344612406	11.624702928995248	525.893632	cloud-23979
longjmp/68-longjmp_22-multifun-arg_true.yml	true	ERROR (generic error, after parsing finished)	29.959475328	16.245740421989467	580.096000	cloud-23933	ERROR (server error, after parsing finished)	22.073759038	12.092850613989867	544.067584	cloud-23982	ERROR (generic error, after parsing finished)	20.302539431	10.977497601008508	496.881664	cloud-23979
longjmp/68-longjmp_44-simple-else-path_true.yml	true	ERROR (generic error, after parsing finished)	29.461333837	16.226872156985337	545.767424	cloud-23933	ERROR (server error, after parsing finished)	24.650695132	13.232974498008844	594.309120	cloud-23980	ERROR (generic error, after parsing finished)	21.866927725	12.25265759701142	518.017024	cloud-23980
longjmp/68-longjmp_51-worries_true.yml	true	ERROR (generic error, after parsing finished)	27.619251328	14.92331133998232	574.218240	cloud-23933	ERROR (server error, after parsing finished)	25.538240569	13.715073217987083	551.120896	cloud-23938	ERROR (generic error, after parsing finished)	26.141579609	14.198551150009735	501.792768	cloud-23982
loops/array-1.yml	true	true	21.074998367	11.500994044996332	567.226368	cloud-23979	true	19.122860204	10.57646417201613	518.873088	cloud-23980	ERROR (server error, after parsing finished)	21.651055598	12.104688010003883	463.364096	cloud-23982
loops/array-2.yml	false	false(unreach-call)	28.282199492	15.5857008320163	579.788800	cloud-24259	false(unreach-call)	18.511151464	10.395588546991348	531.132416	cloud-23979	ERROR (server error, after parsing finished)	19.786502512	10.965432592987781	464.183296	cloud-23938
loops/compact.yml	false	false(unreach-call)	27.543403647	15.807742258999497	531.447808	cloud-24260	false(unreach-call)	19.349656502	11.054051429004176	532.279296	cloud-23944	ERROR (server error, after parsing finished)	19.98514824	10.899656647990923	462.213120	cloud-23938
loops/count_up_down-1.yml	true	TIMEOUT	990.458991822	961.4015853730089	1771.020288	cloud-23979	ERROR (solver error, after parsing finished)	394.068207981	325.8499470749812	2083.819520	cloud-23933	TIMEOUT	990.178926392	978.0531257019902	630.231040	cloud-23982
loops/eureka_01-2.yml	true	ERROR (server error, after parsing finished)	152.489373277	125.44986349600367	1506.250752	cloud-23979	TIMEOUT	990.644237916	961.4527332639846	2725.974016	cloud-23982	ERROR (server error, after parsing finished)	19.562133911	10.664523198007373	524.029952	cloud-23933
loops/eureka_05.yml	true	ERROR (server error, after parsing finished)	373.527279856	213.0811746279942	2116.345856	cloud-23933	TIMEOUT	991.391394201	523.6989145590051	2113.228800	cloud-23982	ERROR (server error, after parsing finished)	17.481392455	9.74430153297726	536.891392	cloud-23933
loops/heavy-1.yml	false	ERROR (server error, after parsing finished)	216.604668	197.89949144399725	756.277248	cloud-23979	TIMEOUT	990.275272719	974.4223934249894	776.228864	cloud-23980	ERROR (server error, after parsing finished)	19.684287005	10.853611081984127	484.122624	cloud-23979
loops/heavy-2.yml	true	true	22.449134677	12.28200717899017	551.923712	cloud-23933	true	19.74366127	10.696992987999693	510.525440	cloud-23933	ERROR (server error, after parsing finished)	15.787396908	8.83686892100377	473.845760	cloud-23980
loops/insertion_sort-1-2.yml	false	ERROR (server error, after parsing finished)	136.147685228	117.4250467219972	712.196096	cloud-24260	ERROR (verification stuck, after parsing finished)	69.732121076	57.79438087402377	708.661248	cloud-23980	ERROR (server error, after parsing finished)	17.074636293	9.485650101996725	539.201536	cloud-23980
loops/insertion_sort-2-2.yml	true	ERROR (server error, after parsing finished)	240.510043685	216.04797762400995	683.175936	cloud-24259	TIMEOUT	990.277991699	972.414662272	685.309952	cloud-23980	ERROR (server error, after parsing finished)	19.26502788	10.616016209009103	532.328448	cloud-23982
loops/invert_string-1.yml	false	false(unreach-call)	30.80448271	17.435995648993412	648.232960	cloud-23933	false(unreach-call)	24.713773673	14.209110682975734	563.744768	cloud-23980	ERROR (server error, after parsing finished)	18.938971922	10.334121986990795	516.304896	cloud-23933
loops/invert_string-3.yml	true	ERROR (server error, after parsing finished)	317.846997152	213.12735283798247	2038.575104	cloud-24260	TIMEOUT	991.977416434	607.7758598969958	2093.719552	cloud-23979	ERROR (server error, after parsing finished)	18.380600713	10.095328602998052	469.200896	cloud-23979
loops/linear_sea.ch.yml	true	ERROR (generic error, after parsing finished)	32.451501858	17.386093034991063	548.589568	cloud-24259	ERROR (server error, after parsing finished)	22.823324191	12.447391695022816	559.370240	cloud-23979	ERROR (generic error, after parsing finished)	17.919785562	9.932747949991608	525.443072	cloud-23940
loops/linear_search.yml	false	ERROR (generic error, after parsing finished)	22.773279603	12.512769963010214	510.521344	cloud-24259	ERROR (server error, after parsing finished)	17.19528308	9.503535744996043	538.927104	cloud-23933	ERROR (generic error, after parsing finished)	17.646084018	9.79683633899549	509.005824	cloud-23979
loops/n.c11.yml	true	true	21.079305673	11.768056705011986	520.278016	cloud-23979	true	20.446041309	11.394098057993688	512.970752	cloud-23938	ERROR (server error, after parsing finished)	20.52247417	11.366770456981612	468.676608	cloud-23933
loops/n.c40.yml	true	true	28.414952927	16.156999147002352	962.953216	cloud-23933	true	24.254130188	13.619090173015138	967.852032	cloud-23980	ERROR (server error, after parsing finished)	17.946959906	10.056368406978436	468.602880	cloud-23979
loops/nec11.yml	false	false(unreach-call)	25.1450468	13.79342152600293	533.594112	cloud-24260	false(unreach-call)	21.720567728	11.695274177996907	513.548288	cloud-23938	ERROR (server error, after parsing finished)	14.151451528	7.939741204987513	511.242240	cloud-23944
loops/nec20.yml	false	false(unreach-call)	27.139558182	15.066558251011884	533.082112	cloud-24259	false(unreach-call)	23.824721661	12.782363890990382	556.998656	cloud-23982	ERROR (server error, after parsing finished)	21.18908827	11.552471784991212	459.816960	cloud-23980
loops/nec40.yml	true	true	29.438959138	16.84537453298981	956.207104	cloud-24260	true	27.285368824	15.504327639006078	895.557632	cloud-23982	ERROR (server error, after parsing finished)	20.910888508	11.426803428010317	523.517952	cloud-23933
loops/string-1.yml	true	true	21.55524444	11.94905944398488	557.121536	cloud-23979	true	23.118928261	12.852506787981838	588.500992	cloud-23982	ERROR (server error, after parsing finished)	23.524145802	12.897927334997803	504.700928	cloud-23982
loops/string-2.yml	false	ERROR (generic error, after parsing finished)	41.416660927	26.618216314993333	554.811392	cloud-24260	ERROR (server error, after parsing finished)	20.059339818	12.310886676015798	587.104256	cloud-23982	ERROR (server error, after parsing finished)	19.426872689	10.990094704990042	513.654784	cloud-23980
loops/sum01-2.yml	true	true	20.120864726	11.233703314996092	555.806720	cloud-23979	true	21.215755045	11.715946031006752	598.855680	cloud-23933	TIMEOUT	990.458372255	974.860354991979	1966.989312	cloud-23982
loops/sum03-1.yml	false	TIMEOUT (false(unreach-call))	947.704962592	924.1985205899982	721.453056	cloud-24260	TIMEOUT	990.225476379	977.2650204360252	582.828032	cloud-23980	TIMEOUT	990.24673368	976.6626916399982	565.084160	cloud-23982
loops/sum03-2.yml	true	ERROR (generic error, after parsing finished)	34.293626689	22.18646393797826	599.805952	cloud-23979	ERROR (server error, after parsing finished)	29.231305031	19.795531527983258	582.422528	cloud-23979	true	214.629023389	203.88369550200878	591.945728	cloud-23979
loops/sum_array-2-2.yml	true	ERROR (server error, after parsing finished)	135.770195217	122.89878157700878	634.916864	cloud-23979	TIMEOUT	990.566695664	962.1332876300148	933.482496	cloud-23933	ERROR (server error, after parsing finished)	20.418073611	11.081474555976456	544.010240	cloud-23980
loops/terminator_01.yml	false	false(unreach-call)	21.705975342	12.142244481976377	563.453952	cloud-23933	false(unreach-call)	25.235363904	13.818280971987406	544.284672	cloud-23982	ERROR (server error, after parsing finished)	17.343816411	9.50526287901448	467.845120	cloud-23933
loops/terminator_02-2_abstracted.yml	true	true	25.87690943	14.264012625004398	593.178624	cloud-24259	true	26.123715186	14.292102369014174	600.702976	cloud-23982	ERROR (server error, after parsing finished)	21.590262657	11.876533365022624	520.724480	cloud-23938
loops/trex03-2_abstracted.yml	true	true	24.409055992	13.643394747981802	588.066816	cloud-24259	true	19.857513655	11.032400409021648	576.372736	cloud-23938	ERROR (server error, after parsing finished)	23.184180335	13.110786895005731	516.661248	cloud-23982
loops/veris.c_sendmail_tTflag_arr_one_loop.yml	true	true	25.595488615	14.717260553996312	560.238592	cloud-24260	true	18.152541588	10.267708096012939	503.160832	cloud-23980	ERROR (server error, after parsing finished)	27.03056528	14.90568795701256	512.159744	cloud-23933
loop-acceleration/array_1-1.yml	false	ERROR (generic error, after parsing finished)	143.666990318	119.03515462597716	685.731840	cloud-24260	TIMEOUT	990.309191164	967.7046626369993	827.523072	cloud-23980	ERROR (server error, after parsing finished)	20.629593491	11.343564983981196	471.220224	cloud-23982
loop-acceleration/array_1-2.yml	true	ERROR (generic error, after parsing finished)	139.39740118	117.07048769500398	646.352896	cloud-24259	TIMEOUT	990.340948561	963.1247058099834	862.453760	cloud-23982	ERROR (server error, after parsing finished)	16.249315241	9.176026819972321	498.802688	cloud-23979
loop-acceleration/array_2-1-simple.yml	false	ERROR (generic error, after parsing finished)	145.063627695	118.05052558498573	752.992256	cloud-24260	TIMEOUT	990.471117028	957.3897959709866	1175.298048	cloud-23938	ERROR (server error, after parsing finished)	18.831440456	10.464431385014905	554.622976	cloud-23933
loop-acceleration/array_2-1.yml	false	ERROR (generic error, after parsing finished)	152.629393337	122.10496790599427	1149.132800	cloud-24259	TIMEOUT	990.585718706	956.4961583940021	1970.954240	cloud-23938	ERROR (server error, after parsing finished)	22.314960315	12.20501513898489	551.309312	cloud-23982
loop-acceleration/array_2-2-simple.yml	true	ERROR (generic error, after parsing finished)	152.742673925	123.0937434840016	718.188544	cloud-24260	TIMEOUT	990.365567843	958.9601054430241	1212.461056	cloud-23938	ERROR (server error, after parsing finished)	24.091980135	13.248592596995877	544.751616	cloud-23982
loop-acceleration/array_2-2.yml	true	ERROR (generic error, after parsing finished)	144.091879431	119.34404138699756	1232.949248	cloud-23933	TIMEOUT	990.527761717	954.4465954889893	2205.921280	cloud-23933	ERROR (server error, after parsing finished)	17.765911704	9.932012286008103	530.735104	cloud-23980
loop-acceleration/array_3-1.yml	true	true	21.570481658	11.721853577997535	562.249728	cloud-23979	true	22.158342371	12.079386390018044	568.832000	cloud-23982	ERROR (server error, after parsing finished)	20.087161593	11.269854609010508	512.061440	cloud-23938
loop-acceleration/array_3-2.yml	false	ERROR (generic error, after parsing finished)	149.498605018	122.42082691099495	742.531072	cloud-24260	TIMEOUT	990.369852652	960.7990879099816	1059.909632	cloud-23982	ERROR (server error, after parsing finished)	22.870736987	12.680836776999058	531.218432	cloud-23982
loop-acceleration/array_4.yml	true	ERROR (generic error, after parsing finished)	137.277232449	115.44752788601909	721.297408	cloud-23933	TIMEOUT	990.411415371	962.5878631480155	942.739456	cloud-23982	ERROR (server error, after parsing finished)	20.849734771	11.426326351007447	549.724160	cloud-23933
loop-acceleration/diamond_1-1.yml	true	true	40.454565428	25.59052247100044	630.415360	cloud-24260	true	33.683715069	22.00824268301949	660.635648	cloud-23938	TIMEOUT	990.227958144	976.2339655940013	608.264192	cloud-23982
loop-acceleration/diamond_1-2.yml	false	TIMEOUT	990.579568449	939.4335955980059	1758.777344	cloud-24260	false(unreach-call)	777.111748868	747.4864500759868	1161.805824	cloud-23982	TIMEOUT	990.288942614	974.9563971800089	668.139520	cloud-23979
loop-acceleration/diamond_2-2.yml	true	TIMEOUT	990.373165675	950.8559214179986	2017.103872	cloud-23979	true	751.543756076	539.748009130999	2311.417856	cloud-23938	TIMEOUT	990.330090888	971.8521502249932	704.839680	cloud-23938
loop-acceleration/functions_1-1.yml	true	TIMEOUT	990.264836956	972.0979320660117	573.542400	cloud-23979	ERROR (solver error, after parsing finished)	91.693820825	79.11663735599723	605.732864	cloud-23980	TIMEOUT	990.204595803	980.178307419992	543.113216	cloud-23980
loop-acceleration/functions_1-2.yml	false	TIMEOUT	990.340985631	969.4866821540054	717.516800	cloud-23933	ERROR (server error, after parsing finished)	27.066103084	16.47989615498227	586.600448	cloud-23979	TIMEOUT	990.238662558	976.4564965159807	646.598656	cloud-23982
loop-acceleration/multivar_1-1.yml	true	true	23.814556878	13.117284576990642	571.396096	cloud-23933	true	18.279373132	10.223994944011793	544.612352	cloud-23933	TIMEOUT	990.218032154	977.0185081789969	581.644288	cloud-23982
loop-acceleration/nested_1-1.yml	true	true	134.805401109	119.42951999200159	603.619328	cloud-23979	TIMEOUT	990.274152759	976.4985379489954	633.561088	cloud-23980	true	37.826115505	30.00803107599495	558.800896	cloud-23980
loop-acceleration/overflow_1-1.yml	true	true	27.186801434	15.612496086992905	587.141120	cloud-24259	true	24.017900171	13.400416354998015	586.579968	cloud-23938	TIMEOUT	990.282906539	976.8447198900103	555.462656	cloud-23938
loop-acceleration/phases_1-1.yml	true	true	39.309569976	29.75680666300468	605.245440	cloud-24259	true	35.614195422	27.210715042980155	583.942144	cloud-23980	TIMEOUT	990.266671589	977.7747237089789	536.469504	cloud-23980
loop-acceleration/phases_2-2.yml	true	true	194.290285322	185.56794495199574	569.847808	cloud-23940	TIMEOUT	990.2542955	977.5230190019938	584.892416	cloud-23979	true	115.174361472	106.04011483601062	508.768256	cloud-23938
loop-acceleration/simple_3-2.yml	true	true	20.035134842	10.96046339100576	577.294336	cloud-23933	true	17.193286296	9.42656548001105	592.470016	cloud-23980	TIMEOUT	990.226341743	978.7920156269975	579.575808	cloud-23942
loop-acceleration/underapprox_1-1.yml	false	false(unreach-call)	62.796759041	50.3281078680011	555.311104	cloud-24261	ERROR (server error, after parsing finished)	20.638469684	12.690159774996573	537.403392	cloud-23979	false(unreach-call)	227.349360773	218.1685864579922	550.993920	cloud-23979
loop-acceleration/underapprox_1-2.yml	true	true	87.338949101	71.58295134699438	549.965824	cloud-24260	ERROR (server error, after parsing finished)	41.70143026	32.002715785987675	543.784960	cloud-23982	true	534.626596	522.3114378330065	582.877184	cloud-23938
loop-acceleration/underapprox_2-1.yml	false	false(unreach-call)	234.312875977	222.18967455500388	612.200448	cloud-23979	TIMEOUT	990.298974636	977.2429136569845	616.300544	cloud-23933	false(unreach-call)	35.847866955	24.89918773699901	535.031808	cloud-23982
loop-crafted/simple_array_index_value_1-1.yml	true	ERROR (server error, after parsing finished)	169.065984696	147.2559172429901	843.956224	cloud-23933	TIMEOUT	990.355081438	967.0690239869873	981.487616	cloud-23938	ERROR (server error, after parsing finished)	19.514073969	11.102745520009194	511.320064	cloud-23933
loop-crafted/simple_array_index_value_1-2.yml	false	false(unreach-call)	30.410138533	16.821582620992558	557.068288	cloud-24259	false(unreach-call)	21.594393032	11.82218633699813	574.500864	cloud-23979	ERROR (server error, after parsing finished)	15.770711213	8.58551061101025	528.207872	cloud-23980
loop-crafted/simple_array_index_value_2.yml	true	ERROR (server error, after parsing finished)	150.641691103	133.38612979400204	731.807744	cloud-23979	TIMEOUT	990.242184685	970.3042738950171	648.667136	cloud-23982	ERROR (server error, after parsing finished)	30.414862737	16.38470828399295	514.658304	cloud-23933
loop-crafted/simple_array_index_value_4.i.v+lhb-reducer.yml	true	ERROR (server error, after parsing finished)	148.236019273	120.73683772800723	936.280064	cloud-23933	TIMEOUT	990.644178694	959.0695098910073	1419.677696	cloud-23982	ERROR (server error, after parsing finished)	17.891854971	10.070332008006517	500.965376	cloud-23933
loop-crafted/simple_array_index_value_4.i.v+nlh-reducer.yml	true	ERROR (server error, after parsing finished)	151.982378852	122.85838896300993	830.763008	cloud-24259	TIMEOUT	990.497768014	959.1488132480008	1480.056832	cloud-23980	ERROR (server error, after parsing finished)	22.792867182	12.363630350999301	499.884032	cloud-23938
loop-crafted/simple_vardep_1.yml	true	true	143.728615087	104.33641232197988	1698.361344	cloud-23979	ERROR (server error, after parsing finished)	82.222331982	44.30544474298949	1678.503936	cloud-23979	true	442.542212042	431.0570246549905	526.655488	cloud-23938
loop-invgen/MADWiFi-encode_ie_ok.yml	true	true	29.478116877	15.932423436985118	552.972288	cloud-24259	true	20.566532857	11.381050613999832	566.013952	cloud-23979	TIMEOUT	990.353246225	970.2807782379969	1067.581440	cloud-23979
loop-invgen/NetBSD_loop.yml	true	true	27.132321388	14.878510300986818	596.258816	cloud-24259	true	19.590225906	10.685876723000547	582.430720	cloud-23980	TIMEOUT	990.34777979	972.3442161249986	963.567616	cloud-23938
loop-invgen/SpamAssassin-loop.i.v+cfa-reducer.yml	true	true	33.637162938	18.822190662001958	634.785792	cloud-23979	true	31.801219946	17.885340262000682	648.323072	cloud-23933	TIMEOUT	990.289753884	974.0970458039956	828.559360	cloud-23933
loop-invgen/SpamAssassin-loop.yml	true	true	32.577324937	17.382316896982957	623.919104	cloud-23979	true	33.349151067	17.878701337001985	602.066944	cloud-23938	TIMEOUT	990.219366108	976.9655416660244	688.193536	cloud-23980
loop-invgen/apache-escape-absolute.i.v+cfa-reducer.yml	true	true	48.425036735	27.586992675991496	676.057088	cloud-24259	true	36.799593064	21.834579311980633	619.790336	cloud-23979	TIMEOUT	990.270755793	976.8165266439901	785.027072	cloud-23980
loop-invgen/apache-escape-absolute.yml	true	true	30.861655882	16.631898056017235	630.296576	cloud-23933	true	27.842875577	15.167269600002328	619.229184	cloud-23938	TIMEOUT	990.254355875	976.5882730029989	686.043136	cloud-23980
loop-invgen/apache-get-tag.i.p+sep-reducer.yml	true	TIMEOUT	990.397567059	908.5994442900119	3269.640192	cloud-23979	true	732.949665528	682.8044434910116	1934.753792	cloud-23938	TIMEOUT	990.714100876	940.2400757480063	3042.086912	cloud-23942
loop-invgen/heapsort.yml	true	true	26.031485042	14.559515036002267	637.157376	cloud-24259	true	33.023057623	18.018373105995124	554.180608	cloud-23982	TIMEOUT	990.333386096	975.0852003699983	706.449408	cloud-23933
loop-invgen/large_const.yml	true	true	193.240937411	155.49934538301022	1384.153088	cloud-24259	TIMEOUT	990.457995529	956.5439066950057	936.960000	cloud-23979	true	21.826739192	11.953163894009776	583.204864	cloud-23979
loop-invgen/nest-if3.yml	true	true	22.771904574	12.603917364001973	582.901760	cloud-23933	true	19.763221072	11.053506733995164	583.208960	cloud-23979	TIMEOUT	990.298458122	973.0512319139962	954.433536	cloud-23938
loop-invgen/nested6.yml	true	true	18.081694816	10.201342518004822	614.563840	cloud-24259	true	25.847376016	14.25845648298855	580.878336	cloud-23933	TIMEOUT	990.30368869	974.0117429170059	742.744064	cloud-23938
loop-invgen/nested9.yml	true	true	25.142924853	13.800930291006807	547.364864	cloud-23933	true	26.606164812	14.3202221620013	592.056320	cloud-23982	TIMEOUT	990.283755267	973.1219738799846	1000.091648	cloud-23982
loop-invgen/sendmail-close-angle.yml	true	true	28.298652694	15.737809130980168	627.511296	cloud-23933	true	27.743507965	15.602177683002083	641.495040	cloud-23980	TIMEOUT	990.391211425	972.8701065319765	1134.497792	cloud-23938
loop-invgen/seq-3.yml	true	ERROR (generic error, after parsing finished)	148.965356133	124.82933458700427	816.660480	cloud-23933	TIMEOUT	990.413630387	963.7116237320006	1208.066048	cloud-23982	TIMEOUT	990.289124043	975.4246750930033	794.660864	cloud-23933
loop-lit/afnp2014.yml	true	true	25.482269686	13.815954928999417	599.220224	cloud-24259	true	20.719290829	11.538403354003094	584.478720	cloud-23933	TIMEOUT	990.354063644	973.9463030339975	1064.173568	cloud-23933
loop-lit/bhmr2007.yml	true	true	21.606881196	12.036821564019192	594.690048	cloud-23979	true	24.555161617	13.604501671012258	566.067200	cloud-23933	TIMEOUT	990.363482508	976.0502454609959	567.853056	cloud-23982
loop-lit/cggmp2005_variant.yml	true	true	25.730446721	14.282367042993428	610.500608	cloud-24260	true	20.454287858	11.25249761500163	580.231168	cloud-23938	TIMEOUT	990.527230924	971.091970309004	2324.017152	cloud-23979
loop-lit/gj2007b.yml	true	true	24.169518351	13.434352630007197	589.066240	cloud-24259	true	20.088730451	10.933429314987734	574.210048	cloud-23979	TIMEOUT	990.388991903	974.941873157979	1138.208768	cloud-23933
loop-lit/gr2006.yml	true	TIMEOUT	990.585194169	954.4053528219811	2007.896064	cloud-23933	true	392.231872377	368.429973855993	746.319872	cloud-23982	true	448.989584535	432.01720898700296	673.804288	cloud-23933
loop-lit/hh2012-ex1b.yml	true	true	18.157541964	10.233515122003155	586.665984	cloud-23944	true	20.653860894	11.400514853012282	582.995968	cloud-23938	TIMEOUT	990.294856842	977.2021421479876	817.188864	cloud-23980
loop-lit/hhk2008.yml	true	true	22.791852589	12.482460700004594	595.808256	cloud-23933	true	18.280453666	10.104053741000826	597.184512	cloud-23980	TIMEOUT	990.464084387	973.1553961739992	2073.313280	cloud-23979
loop-lit/jm2006.c.i.v+cfa-reducer.yml	true	true	24.147539857	13.304297686001519	562.561024	cloud-24259	true	20.728386888	11.613928669015877	505.540608	cloud-23979	TIMEOUT	990.28870631	976.7126250780129	1324.281856	cloud-23980
loop-lit/jm2006.yml	true	true	20.302921835	11.357971981997252	584.159232	cloud-24261	true	26.57576902	14.884205471986206	583.393280	cloud-23982	TIMEOUT	990.346627899	977.4435222799948	1865.342976	cloud-23980
loop-lit/jm2006_variant.yml	true	true	27.152795378	14.584871977000148	567.959552	cloud-24260	true	20.201438783	10.97244340000907	597.540864	cloud-23979	TIMEOUT	990.489103169	972.0530448380159	1938.194432	cloud-23933
loop-lit/mcmillan2006.yml	true	ERROR (server error, after parsing finished)	236.544115562	208.74141094999504	1233.580032	cloud-23979	TIMEOUT	990.30200242	969.2706471970014	953.360384	cloud-23980	ERROR (server error, after parsing finished)	26.864785329	14.73356952299946	467.054592	cloud-23938
loop-new/count_by_1.yml	true	ERROR (generic error, after parsing finished)	135.990294136	115.8084967219911	672.706560	cloud-23979	TIMEOUT	990.356730529	966.8192639240006	776.028160	cloud-23982	true	19.118517302	10.456062013021437	554.921984	cloud-23979
loop-new/count_by_2.yml	true	ERROR (generic error, after parsing finished)	138.162230884	117.31059524999	657.989632	cloud-24259	TIMEOUT	990.353553344	968.4185644009849	752.558080	cloud-23982	TIMEOUT	990.712831466	968.0130524559936	2067.365888	cloud-23982
loop-new/gauss_sum.i.p+cfa-reducer.yml	true	ERROR (solver error, after parsing finished)	26.64968611	14.725134340988006	520.044544	cloud-23933	ERROR (server error, after parsing finished)	19.064415863	10.659297025995329	520.925184	cloud-23933	ERROR (solver error, after parsing finished)	19.840856733	10.823376681015361	530.497536	cloud-23933
loop-new/gauss_sum.i.v+cfa-reducer.yml	true	ERROR (solver error, after parsing finished)	27.357392072	15.04528679800569	523.026432	cloud-23933	ERROR (server error, after parsing finished)	21.906620536	11.908971415017731	504.483840	cloud-23938	ERROR (solver error, after parsing finished)	16.260364995	8.95140370997251	467.124224	cloud-23980
loop-new/half.yml	true	true	19.824663119	10.954532511997968	608.911360	cloud-24259	true	19.954844845	11.109921055991435	552.652800	cloud-23980	TIMEOUT	990.277789788	977.8484716730018	902.877184	cloud-23980
loops-crafted-1/Mono3_1.yml	false	TIMEOUT	990.308156421	968.5453608080279	655.855616	cloud-23979	ERROR (server error, after parsing finished)	53.84923111	45.369805099006044	590.204928	cloud-23980	TIMEOUT	990.207234502	980.5103993609955	594.735104	cloud-23980
loops-crafted-1/iftelse.yml	true	TIMEOUT	990.281493504	969.5324846669973	620.019712	cloud-23979	true	309.524829478	293.6223630759923	739.745792	cloud-23982	TIMEOUT	990.271332327	977.4131360509782	555.753472	cloud-23933
loops-crafted-1/in-de51.yml	true	TIMEOUT	990.918797147	806.1956246990012	2034.094080	cloud-24259	TIMEOUT (ERROR (out of memory, after parsing finished))	918.502656861	474.7355059349793	2086.141952	cloud-23938	TIMEOUT	990.303758701	975.3199061769992	634.253312	cloud-23938
loops-crafted-1/loopv1.yml	true	true	27.365175406	15.006424976993003	586.842112	cloud-24260	true	18.096546171	9.915785863006022	595.664896	cloud-23979	TIMEOUT	990.26440787	973.7293120480026	573.829120	cloud-23979
loops-crafted-1/loopv2.yml	true	true	19.699501679	10.76159558299696	567.185408	cloud-23979	true	24.273953935	13.174085153004853	615.227392	cloud-23938	TIMEOUT	990.292367964	974.3161227260134	701.370368	cloud-23938
loops-crafted-1/mono-crafted_1.yml	true	ERROR (generic error, after parsing finished)	159.220725773	135.91416660498362	685.547520	cloud-23979	TIMEOUT	990.381001908	965.1324642089894	904.294400	cloud-23982	TIMEOUT	990.2767539	976.8434522550087	1002.311680	cloud-23980
loops-crafted-1/mono-crafted_11.yml	true	true	27.306614633	15.216956502001267	599.416832	cloud-23933	true	25.868726868	14.488559474004433	565.600256	cloud-23938	TIMEOUT	990.306880224	975.4558404739946	584.552448	cloud-23933
loops-crafted-1/mono-crafted_12.yml	true	true	24.87494388	13.924315513984766	562.192384	cloud-24259	true	24.225323551	13.566803027992137	553.512960	cloud-23938	TIMEOUT	990.245072026	976.4531085230119	587.894784	cloud-23933
loops-crafted-1/mono-crafted_13.yml	true	ERROR (generic error, after parsing finished)	158.736551653	134.03422643398517	733.757440	cloud-23933	TIMEOUT	990.372986005	963.2768944809795	805.744640	cloud-23933	TIMEOUT	990.262646973	974.4261626560183	857.321472	cloud-23982
loops-crafted-1/mono-crafted_3.yml	true	ERROR (generic error, after parsing finished)	164.114800151	141.30357762300991	705.536000	cloud-23933	TIMEOUT	990.519063685	965.790776518028	782.151680	cloud-23980	TIMEOUT	990.295119089	977.313751180016	954.208256	cloud-23982
loops-crafted-1/mono-crafted_7.yml	true	ERROR (generic error, after parsing finished)	153.892921757	130.93423885499942	661.286912	cloud-23979	TIMEOUT	990.343275813	961.6994976729911	781.242368	cloud-23938	TIMEOUT	990.368093759	972.3711972839956	985.309184	cloud-23938
loops-crafted-1/nested3-1.yml	true	true	184.97697672	168.58443640798214	637.640704	cloud-23979	TIMEOUT	990.215936993	977.0918061249831	611.291136	cloud-23982	TIMEOUT	990.247752092	978.432416523021	662.351872	cloud-23942
loops-crafted-1/nested3-1_abstracted.yml	true	true	58.152745658	39.476929723023204	803.532800	cloud-23979	ERROR (server error, after parsing finished)	23.507528419	13.359910547995241	606.842880	cloud-23980	TIMEOUT	990.26109894	976.1821514549956	599.470080	cloud-23938
loops-crafted-1/nested5-1.yml	true	true	37.357410285	21.471735390019603	561.188864	cloud-23933	ERROR (solver error, after parsing finished)	26.062189008	16.3185878660006	594.952192	cloud-23938	true	24.239264131	13.305606617999729	542.273536	cloud-23982
loops-crafted-1/sum_by_3_abstracted.yml	true	true	363.587220729	343.1904340070032	898.633728	cloud-24260	TIMEOUT	990.24101856	977.0405189390003	649.744384	cloud-23939	TIMEOUT	990.212123595	976.6075348030136	556.343296	cloud-23980
loops-crafted-1/sumt2.yml	true	true	21.107723481	11.662685934003093	571.604992	cloud-24261	true	18.955010022	10.491690708004171	526.913536	cloud-23979	TIMEOUT	990.219260176	978.665128550987	533.544960	cloud-23980
loops-crafted-1/sumt3.yml	true	true	25.12161043	14.528464714006986	557.281280	cloud-24259	true	26.839993555	15.297420990013052	559.792128	cloud-23982	TIMEOUT	990.214077027	980.1034003890236	596.119552	cloud-23980
loops-crafted-1/sumt4.yml	true	true	24.519311139	14.920024211023701	538.243072	cloud-23933	true	29.306127836	17.853741797007388	518.463488	cloud-23938	TIMEOUT	990.291151508	976.3748316550045	587.030528	cloud-23933
loops-crafted-1/sumt5.yml	true	true	34.255399526	23.894408127001952	572.891136	cloud-23979	true	28.196503908	20.23221661700518	523.616256	cloud-23979	TIMEOUT	990.25743155	978.6239643169974	559.394816	cloud-23941
loops-crafted-1/sumt6.yml	true	true	27.646838604	16.82249010699161	530.857984	cloud-24260	true	29.458400618	17.83231534299557	517.959680	cloud-23938	TIMEOUT	990.276624316	979.6357035659894	615.911424	cloud-23980
loops-crafted-1/sumt8.yml	true	TIMEOUT	990.359530477	965.1546979959967	684.560384	cloud-24260	ERROR (server error, after parsing finished)	25.083272304	14.654605384013848	587.993088	cloud-23933	TIMEOUT	990.283905373	975.5315631400154	685.203456	cloud-23982
loop-invariants/bin-suffix-5.yml	true	true	19.715141426	11.227075544011313	555.896832	cloud-23979	true	19.368674121	10.880525009008124	600.420352	cloud-23979	TIMEOUT	990.327289547	972.9427549169923	1032.462336	cloud-23979
loop-invariants/const.yml	true	true	21.138870122	11.971649443992646	582.352896	cloud-24260	true	23.452955916	13.005556022020755	584.613888	cloud-23938	TIMEOUT	990.266174014	976.045313295006	590.770176	cloud-23938
loop-invariants/eq1.yml	true	true	24.535008582	13.314070144988364	588.406784	cloud-24259	true	21.833558322	12.213861498021288	579.940352	cloud-23933	TIMEOUT	990.268434743	977.4222347369941	606.371840	cloud-23979
loop-invariants/eq2.yml	true	true	18.464427625	10.167330049007433	534.724608	cloud-23979	true	25.298109581	14.033646199997747	589.787136	cloud-23982	TIMEOUT	990.253595448	978.2921118919912	557.821952	cloud-23933
loop-invariants/even.yml	true	true	19.854933047	10.832233483000891	594.706432	cloud-23979	true	20.371486754	11.391569522995269	566.857728	cloud-23980	TIMEOUT	990.246683274	975.5356852310069	533.028864	cloud-23938
loop-invariants/mod4.yml	true	true	23.550437558	12.738095116015757	549.670912	cloud-23933	true	21.425851084	11.9935301229998	574.738432	cloud-23982	TIMEOUT	990.27596059	976.6282738079899	559.022080	cloud-23979
loop-invariants/odd.yml	true	true	23.634905642	12.795614645991009	554.213376	cloud-24260	true	23.606069504	13.205812224012334	603.770880	cloud-23938	TIMEOUT	990.294232434	975.9567167969944	621.801472	cloud-23979
loop-simple/nested_3.yml	true	true	74.958139027	57.46642925599008	615.428096	cloud-24260	true	77.081816289	60.875386121013435	616.366080	cloud-23982	TIMEOUT	990.268360116	976.9415346480091	800.002048	cloud-23982
loop-simple/nested_4.yml	true	true	205.513736607	184.6597829950042	1444.659200	cloud-24259	TIMEOUT	990.428103785	964.2492134829808	790.712320	cloud-23979	TIMEOUT	990.339401916	971.7341096139862	763.355136	cloud-23933
loop-simple/nested_5.yml	true	true	253.365508921	221.1512294030108	1567.625216	cloud-24260	TIMEOUT	990.369457183	963.3757286960026	695.103488	cloud-23933	TIMEOUT	990.42072005	972.752207181009	757.751808	cloud-23979
loop-simple/nested_6.yml	true	true	228.094888432	197.3484372899984	1577.394176	cloud-23979	TIMEOUT	990.382781876	963.8493237530056	663.056384	cloud-23982	TIMEOUT	990.275546127	973.5274448209966	710.529024	cloud-23933
loop-zilu/benchmark02_linear.yml	true	true	22.344743344	12.43959008200909	572.751872	cloud-23979	true	19.502048744	10.72422740899492	579.776512	cloud-23979	TIMEOUT	990.347857893	975.7959016310051	1643.261952	cloud-23982
loop-zilu/benchmark04_conjunctive.yml	true	true	22.680909127	12.338020184994093	594.026496	cloud-24260	true	22.641744513	12.388149186997907	579.309568	cloud-23980	TIMEOUT	990.579267594	972.7454173790175	2222.444544	cloud-23938
loop-zilu/benchmark05_conjunctive.yml	true	true	24.652769439	13.47126231000584	613.363712	cloud-24259	true	18.49802878	10.34108853599173	601.014272	cloud-23980	TIMEOUT	990.299161684	973.8407686929859	1049.128960	cloud-23933
loop-zilu/benchmark09_conjunctive.yml	true	true	16.37251041	9.10344016799354	588.918784	cloud-24259	true	20.218974372	11.179211405979004	589.160448	cloud-23979	TIMEOUT	990.387712955	974.2186552599887	1636.532224	cloud-23979
loop-zilu/benchmark17_conjunctive.yml	true	true	23.320563007	12.89913088400499	567.775232	cloud-23979	true	21.97165421	12.31779102399014	531.787776	cloud-23938	TIMEOUT	990.506859556	973.3010112060001	2614.173696	cloud-23979
loop-zilu/benchmark18_conjunctive.yml	true	true	23.921014671	13.07286758099508	609.431552	cloud-24260	true	24.967686184	13.655932226974983	577.540096	cloud-23982	TIMEOUT	990.40922917	974.7286380729929	1718.251520	cloud-23982
loop-zilu/benchmark19_conjunctive.yml	true	true	25.464073984	13.735482634991058	601.108480	cloud-24260	true	27.113857749	14.844792663992848	592.199680	cloud-23982	TIMEOUT	990.483240924	975.2161233369843	2087.129088	cloud-23982
loop-zilu/benchmark23_conjunctive.yml	true	ERROR (generic error, after parsing finished)	136.051149485	114.6066994019784	685.113344	cloud-23933	true	206.740857957	186.12810221299878	713.154560	cloud-23979	true	40.182895156	27.324030942021636	673.398784	cloud-23982
loop-zilu/benchmark34_conjunctive.yml	true	true	20.170382481	11.518489305002731	588.120064	cloud-24261	true	18.938827469	10.481701617012732	594.399232	cloud-23980	TIMEOUT	990.472511462	971.8942438200174	2239.385600	cloud-23938
loop-zilu/benchmark37_conjunctive.yml	true	true	24.515624207	13.40975512600562	590.454784	cloud-24260	true	22.100834876	12.178592910000589	565.231616	cloud-23938	TIMEOUT	990.404750302	973.5120674299833	1781.293056	cloud-23933
nla-digbench/cohencu-ll.yml	true	TIMEOUT	990.273050196	974.5077263099956	726.384640	cloud-24259	ERROR (solver error, after parsing finished)	135.913236787	124.42300124201574	693.149696	cloud-23980	TIMEOUT	990.286883395	974.9354278719984	644.509696	cloud-23979
nla-digbench/cohendiv-ll.yml	true	true	30.563839612	16.456899228011025	641.531904	cloud-23979	true	28.638614412	15.601623562979512	649.056256	cloud-23980	ERROR (solver error, after parsing finished)	23.265890196	14.206110207975144	562.057216	cloud-23933
nla-digbench/divbin.yml	false	TIMEOUT	990.316657512	970.7992028910085	638.689280	cloud-23979	ERROR (solver error, after parsing finished)	837.110549239	824.2927134339989	612.024320	cloud-23982	TIMEOUT	990.265035494	977.3550570450025	647.475200	cloud-23980
nla-digbench/divbin2.yml	true	TIMEOUT	990.285854862	974.4598839050159	644.120576	cloud-23933	ERROR (solver error, after parsing finished)	31.143845378	19.85719035801594	598.241280	cloud-23982	TIMEOUT	990.237391395	978.9644146359933	628.080640	cloud-23939
nla-digbench/egcd-ll.yml	true	ERROR (solver error, after parsing finished)	365.056020319	341.32537529000547	668.098560	cloud-24259	TIMEOUT	990.248104075	975.1687612789974	641.736704	cloud-23980	ERROR (solver error, after parsing finished)	129.232839914	117.19909916899633	608.755712	cloud-23980
nla-digbench/egcd2-ll.yml	true	TIMEOUT (ERROR (solver error, after parsing finished))	938.813054924	923.0364960680017	663.138304	cloud-24259	ERROR (server error, after parsing finished)	26.33776002	14.190385256020818	637.059072	cloud-23933	ERROR (solver error, after parsing finished)	24.077916511	13.905515582009684	653.844480	cloud-23979
nla-digbench/egcd3-ll.yml	true	TIMEOUT	990.28271181	965.9287952099985	664.604672	cloud-24259	ERROR (solver error, after parsing finished)	24.253887288	14.182536390988389	593.444864	cloud-23933	TIMEOUT	990.300865414	975.4923985009955	597.364736	cloud-23979
nla-digbench/fermat1-ll.yml	true	ERROR (solver error, after parsing finished)	41.316529561	24.825086954020662	711.102464	cloud-23979	ERROR (server error, after parsing finished)	27.628694786	14.885471271001734	762.769408	cloud-23938	ERROR (solver error, after parsing finished)	38.308358958	23.637656596984016	617.148416	cloud-23982
nla-digbench/fermat2-ll.yml	true	ERROR (solver error, after parsing finished)	39.058784607	22.747456331009744	638.689280	cloud-23933	ERROR (server error, after parsing finished)	24.373813885	13.286082990001887	665.092096	cloud-23982	ERROR (solver error, after parsing finished)	26.436550994	15.669336033024592	617.820160	cloud-23979
nla-digbench/geo1-ll.yml	true	TIMEOUT (ERROR (solver error, after parsing finished))	967.856553536	951.1152612110018	573.599744	cloud-23933	ERROR (solver error, after parsing finished)	26.693317161	14.747720836021472	596.779008	cloud-23982	ERROR (solver error, after parsing finished)	738.662101786	726.6891100220091	539.889664	cloud-23979
nla-digbench/hard-ll.yml	true	TIMEOUT	990.262832833	970.1696581599972	641.552384	cloud-24259	ERROR (verification stuck, after parsing finished)	23.154630139	12.557239503017627	599.195648	cloud-23979	TIMEOUT	990.226540411	977.1024736450054	630.976512	cloud-23982
nla-digbench/hard-u.yml	false	TIMEOUT	990.290498456	972.2214764430246	752.021504	cloud-23933	ERROR (solver error, after parsing finished)	113.771569298	103.67047489900142	548.036608	cloud-23979	TIMEOUT	990.325827691	975.9234263009857	830.005248	cloud-23933
nla-digbench/hard2.yml	true	true	30.679546005	16.365990354999667	630.308864	cloud-23933	true	20.992052442	11.638049696019152	629.473280	cloud-23980	TIMEOUT	990.357213956	974.0884122449788	631.484416	cloud-23938
nla-digbench/lcm1.yml	true	TIMEOUT	990.303358862	972.8678593109944	630.644736	cloud-24259	ERROR (server error, after parsing finished)	20.573340251	11.25493173598079	597.594112	cloud-23938	TIMEOUT	990.323914288	975.3724160559941	551.927808	cloud-23938
nla-digbench/prod4br-ll.yml	true	true	99.01016372	82.79392500600079	626.581504	cloud-23933	ERROR (server error, after parsing finished)	25.910712694	14.075549903005594	631.791616	cloud-23938	true	100.769986225	86.3193057239987	650.395648	cloud-23938
nla-digbench/prodbin-ll.yml	true	TIMEOUT	990.300585842	973.829112848005	638.472192	cloud-23979	ERROR (server error, after parsing finished)	22.633697845	12.28660151301301	543.010816	cloud-23938	TIMEOUT	990.229820628	974.2362109399983	625.897472	cloud-23982
nla-digbench/ps3-ll.yml	true	true	39.090178229	20.944093636004254	655.540224	cloud-24259	ERROR (solver error, after parsing finished)	27.8931677	15.065049226977862	611.749888	cloud-23982	true	28.472092293	15.802591644984204	574.402560	cloud-23982
nla-digbench/ps5-ll.yml	true	TIMEOUT	990.352259335	968.9040499269904	782.807040	cloud-23979	ERROR (solver error, after parsing finished)	23.04055783	12.582983261992922	800.825344	cloud-23979	TIMEOUT	990.280251473	972.3284182539792	773.902336	cloud-23938
nla-digbench-scaling/bresenham-ll_unwindbound1.yml	false	false(unreach-call)	31.513470494	17.453917241015006	652.656640	cloud-24259	false(unreach-call)	31.065308851	17.057572192017687	626.438144	cloud-23982	ERROR (solver error, after parsing finished)	45.872872714	30.804471932002343	595.693568	cloud-23982
nla-digbench-scaling/bresenham-ll_valuebound1.yml	true	ERROR (solver error, after parsing finished)	210.524166367	191.5184093650023	632.520704	cloud-23933	ERROR (verification stuck, after parsing finished)	26.901582144	17.63866632198915	635.187200	cloud-23982	ERROR (solver error, after parsing finished)	158.18601064	142.0878648319922	558.465024	cloud-23933
nla-digbench-scaling/bresenham-ll_valuebound10.yml	true	ERROR (solver error, after parsing finished)	151.360295773	132.36305334599456	618.500096	cloud-23933	ERROR (verification stuck, after parsing finished)	34.210774054	18.621581767016323	612.573184	cloud-23982	ERROR (solver error, after parsing finished)	98.992636795	87.79058398699271	536.662016	cloud-23933
nla-digbench-scaling/bresenham-ll_valuebound100.yml	true	ERROR (solver error, after parsing finished)	224.978684931	206.41262009600177	606.777344	cloud-23979	ERROR (verification stuck, after parsing finished)	21.457288732	12.319625638017897	740.446208	cloud-23980	ERROR (solver error, after parsing finished)	103.251299138	93.4950863700069	557.568000	cloud-23979
nla-digbench-scaling/bresenham-ll_valuebound20.yml	true	ERROR (solver error, after parsing finished)	315.806052839	299.0034187090059	672.489472	cloud-23979	ERROR (verification stuck, after parsing finished)	26.62876359	14.692124452994904	577.196032	cloud-23933	ERROR (solver error, after parsing finished)	312.331587816	302.654040444002	613.744640	cloud-23980
nla-digbench-scaling/bresenham-ll_valuebound5.yml	true	ERROR (solver error, after parsing finished)	637.69640106	617.1077041600074	678.338560	cloud-23933	ERROR (verification stuck, after parsing finished)	24.751338488	13.815853235981194	662.773760	cloud-23933	ERROR (solver error, after parsing finished)	546.105652487	533.3080813720007	607.113216	cloud-23933
nla-digbench-scaling/bresenham-ll_valuebound50.yml	true	TIMEOUT	990.310412444	966.6808506529924	639.082496	cloud-24260	ERROR (verification stuck, after parsing finished)	26.305441165	14.92855246597901	638.246912	cloud-23982	TIMEOUT	990.240319321	975.3207124129985	563.085312	cloud-23938
nla-digbench-scaling/cohencu-ll_unwindbound10.yml	false	TIMEOUT	990.28465335	968.7205077979888	659.296256	cloud-23979	TIMEOUT	990.218052728	977.5233762769785	704.638976	cloud-23980	TIMEOUT (ERROR (solver error, after parsing finished))	960.13543752	942.9517823609931	649.478144	cloud-23979
nla-digbench-scaling/cohencu-ll_unwindbound100.yml	false	TIMEOUT	990.298360862	967.3934934010031	720.621568	cloud-23933	ERROR (solver error, after parsing finished)	665.736335144	651.0735480519943	708.505600	cloud-23979	TIMEOUT	990.313767785	976.3735603999812	670.498816	cloud-23933
nla-digbench-scaling/cohencu-ll_unwindbound5.yml	false	TIMEOUT (ERROR (solver error, after parsing finished))	911.19268154	890.8386325869942	691.908608	cloud-23979	TIMEOUT	990.326258923	972.8973366049759	729.956352	cloud-23979	ERROR (solver error, after parsing finished)	99.458980216	87.57921989099123	661.184512	cloud-23979
nla-digbench-scaling/cohencu-ll_valuebound10.yml	true	TIMEOUT	990.319030172	964.6163708669919	704.081920	cloud-24260	ERROR (solver error, after parsing finished)	96.885138451	80.45230625299155	642.203648	cloud-23982	TIMEOUT	990.292325922	968.3547279250051	657.788928	cloud-23933
nla-digbench-scaling/cohencu-ll_valuebound2.yml	true	TIMEOUT	990.294248244	968.4365162650065	706.580480	cloud-23979	ERROR (solver error, after parsing finished)	69.960874859	58.80229916001554	667.172864	cloud-23933	TIMEOUT	990.258778667	973.8301581149863	664.461312	cloud-23938
nla-digbench-scaling/cohencu-ll_valuebound20.yml	true	TIMEOUT	990.30705027	966.2585673149733	691.077120	cloud-24260	ERROR (solver error, after parsing finished)	96.066972895	82.56431222398533	691.253248	cloud-23982	TIMEOUT	990.275235801	974.5132876429998	633.135104	cloud-23982
nla-digbench-scaling/cohencu-ll_valuebound5.yml	true	TIMEOUT	990.266454493	969.7105255240167	730.697728	cloud-23979	ERROR (solver error, after parsing finished)	77.798459949	64.58551020000596	692.056064	cloud-23938	TIMEOUT	990.260332425	975.108435992006	650.444800	cloud-23933
nla-digbench-scaling/cohencu-ll_valuebound50.yml	true	TIMEOUT	990.361929454	965.1827631729975	676.904960	cloud-24260	ERROR (solver error, after parsing finished)	84.67117712	72.7858218330075	690.614272	cloud-23980	TIMEOUT	990.274114165	975.1799151450105	673.591296	cloud-23938
nla-digbench-scaling/cohendiv-ll_unwindbound100.yml	true	true	178.97495439	144.19070555400685	1558.487040	cloud-24259	TIMEOUT	990.394265254	960.5022015699942	825.737216	cloud-23982	ERROR (solver error, after parsing finished)	31.401261415	20.9207410980016	576.049152	cloud-23982
nla-digbench-scaling/cohendiv-ll_unwindbound20.yml	true	ERROR (solver error, after parsing finished)	251.020587523	224.87604905897751	707.964928	cloud-24259	true	878.360509519	856.4358064259868	784.625664	cloud-23982	ERROR (solver error, after parsing finished)	30.74444614	20.045026156003587	582.590464	cloud-23979
nla-digbench-scaling/cohendiv-ll_unwindbound50.yml	true	true	182.186939289	148.7759750779951	1603.678208	cloud-23933	TIMEOUT	990.440414192	958.7831022600003	848.617472	cloud-23938	ERROR (solver error, after parsing finished)	28.099278971	18.770276488998206	530.432000	cloud-23980
nla-digbench-scaling/cohendiv-ll_valuebound2.yml	true	ERROR (solver error, after parsing finished)	32.845319623	18.53493125800742	597.798912	cloud-23933	ERROR (server error, after parsing finished)	27.709639132	15.025294902996393	631.939072	cloud-23982	ERROR (solver error, after parsing finished)	28.335052083	16.316014711017488	570.335232	cloud-23982
nla-digbench-scaling/divbin2_unwindbound1.yml	true	TIMEOUT	990.294154157	970.9432341399952	705.544192	cloud-23933	ERROR (solver error, after parsing finished)	79.247840612	69.11213078798028	518.144000	cloud-23933	TIMEOUT	990.238897718	979.8781324189913	611.475456	cloud-23980
nla-digbench-scaling/divbin2_unwindbound10.yml	true	TIMEOUT	990.297452085	971.978397903993	589.258752	cloud-24260	ERROR (solver error, after parsing finished)	51.789313205	42.33875410599285	566.038528	cloud-23982	TIMEOUT	990.289226846	977.211220415018	598.097920	cloud-23933
nla-digbench-scaling/divbin2_unwindbound100.yml	true	TIMEOUT	990.310605749	973.0928844429873	635.686912	cloud-24260	ERROR (solver error, after parsing finished)	75.632012492	64.22628326597624	558.206976	cloud-23933	TIMEOUT	990.238437455	977.2824084850145	610.172928	cloud-23982
nla-digbench-scaling/divbin2_unwindbound2.yml	true	TIMEOUT	990.31596394	972.0556125360017	710.922240	cloud-24260	ERROR (solver error, after parsing finished)	22.826424883	14.712893235002412	572.370944	cloud-23939	TIMEOUT	990.261638909	976.8377905529924	698.818560	cloud-23982
nla-digbench-scaling/divbin2_unwindbound5.yml	true	TIMEOUT	990.304686822	972.4288981449936	610.213888	cloud-24260	ERROR (solver error, after parsing finished)	29.766912883	19.119808778981678	579.473408	cloud-23938	TIMEOUT	990.22690964	977.6859199690225	549.617664	cloud-23980
nla-digbench-scaling/divbin2_unwindbound50.yml	true	TIMEOUT	990.283573393	975.1156021860079	569.671680	cloud-23979	ERROR (solver error, after parsing finished)	113.713646342	105.93187605499406	575.860736	cloud-23980	TIMEOUT	990.233801847	979.0980670790013	558.866432	cloud-23933
nla-digbench-scaling/divbin2_valuebound100.yml	true	TIMEOUT	990.290756735	975.2384815879923	630.476800	cloud-23979	ERROR (solver error, after parsing finished)	33.991195109	24.344172422977863	573.231104	cloud-23933	TIMEOUT	990.281954284	976.4708389580192	609.800192	cloud-23979
nla-digbench-scaling/divbin2_valuebound2.yml	true	TIMEOUT	990.281822595	973.7115746510099	668.663808	cloud-23979	ERROR (solver error, after parsing finished)	62.717311024	53.46621673600748	581.312512	cloud-23982	TIMEOUT	990.246405519	975.942397413979	638.058496	cloud-23933
nla-digbench-scaling/divbin2_valuebound20.yml	true	TIMEOUT	990.28942853	974.408646515003	619.184128	cloud-24259	ERROR (solver error, after parsing finished)	43.5552851	33.51580724201631	583.630848	cloud-23979	TIMEOUT	990.326889773	976.5566536060069	739.307520	cloud-23979
nla-digbench-scaling/divbin2_valuebound5.yml	true	TIMEOUT	990.275780203	976.5742457610031	650.088448	cloud-24259	ERROR (solver error, after parsing finished)	23.90234182	15.273252327984665	587.255808	cloud-23933	TIMEOUT	990.289648402	976.3310270770162	627.941376	cloud-23979
nla-digbench-scaling/divbin_unwindbound1.yml	true	TIMEOUT	990.283110613	971.5229543230089	675.057664	cloud-24260	ERROR (solver error, after parsing finished)	57.907847241	45.05119257001206	578.236416	cloud-23938	TIMEOUT	990.287124755	974.1594054779853	637.554688	cloud-23938
nla-digbench-scaling/divbin_unwindbound100.yml	false	ERROR (solver error, after parsing finished)	196.57760027	181.86891444798675	612.986880	cloud-23979	TIMEOUT	990.300328702	974.4713783679763	617.844736	cloud-23933	ERROR (solver error, after parsing finished)	36.79893239	27.048085974995047	565.866496	cloud-23979
nla-digbench-scaling/divbin_unwindbound2.yml	true	ERROR (solver error, after parsing finished)	196.905609755	180.91845188400475	601.354240	cloud-24259	TIMEOUT	990.201202122	979.3825962150004	601.030656	cloud-23980	ERROR (solver error, after parsing finished)	39.581594325	29.477240634994814	568.537088	cloud-23979
nla-digbench-scaling/divbin_unwindbound20.yml	false	ERROR (solver error, after parsing finished)	157.133723516	142.2653656629991	563.032064	cloud-24259	TIMEOUT (ERROR (solver error, after parsing finished))	967.343763128	954.5891746449925	590.921728	cloud-23982	ERROR (solver error, after parsing finished)	35.964193085	27.448825903993566	610.156544	cloud-23980
nla-digbench-scaling/divbin_valuebound1.yml	true	TIMEOUT	990.232802071	975.4922207809868	592.613376	cloud-23942	ERROR (solver error, after parsing finished)	25.867541139	14.21516672099824	591.314944	cloud-23933	TIMEOUT	990.266762978	974.1973396459944	546.095104	cloud-23933
nla-digbench-scaling/divbin_valuebound10.yml	true	TIMEOUT	990.358457391	969.9804831850051	683.053056	cloud-24260	ERROR (solver error, after parsing finished)	36.080567338	25.784612952993484	619.429888	cloud-23933	TIMEOUT	990.328905703	969.4357365809847	675.467264	cloud-23938
nla-digbench-scaling/divbin_valuebound100.yml	true	TIMEOUT	990.205787805	972.656286145997	592.244736	cloud-24259	ERROR (solver error, after parsing finished)	132.633499412	121.99706044301274	588.197888	cloud-23933	ERROR (solver error, after parsing finished)	846.921590842	830.8326730949921	581.169152	cloud-23938
nla-digbench-scaling/divbin_valuebound2.yml	true	TIMEOUT	990.319384938	968.8970160780009	597.786624	cloud-24260	ERROR (solver error, after parsing finished)	106.690657064	96.7649574620009	595.959808	cloud-23979	TIMEOUT (ERROR (solver error, after parsing finished))	922.768351474	908.4446529580164	644.542464	cloud-23982
nla-digbench-scaling/divbin_valuebound20.yml	true	TIMEOUT	990.306769756	972.1274316859781	672.944128	cloud-23979	ERROR (solver error, after parsing finished)	236.450478315	226.96079108898994	556.691456	cloud-23980	TIMEOUT	990.24848211	977.9020883189805	638.812160	cloud-23980
nla-digbench-scaling/divbin_valuebound5.yml	true	TIMEOUT	990.306628137	970.2152169430046	700.768256	cloud-23933	ERROR (solver error, after parsing finished)	182.43859784	173.2960548120027	596.320256	cloud-23933	TIMEOUT	990.268774964	976.3908434440091	652.505088	cloud-23979
nla-digbench-scaling/egcd-ll_unwindbound1.yml	false	false(unreach-call)	244.383532722	225.70920228000614	666.279936	cloud-23979	ERROR (solver error, after parsing finished)	482.354321725	469.6145846080035	616.857600	cloud-23980	false(unreach-call)	35.703743235	24.41100860698498	621.600768	cloud-23980
nla-digbench-scaling/egcd-ll_unwindbound100.yml	false	TIMEOUT	990.294033297	968.727541567001	680.943616	cloud-23933	ERROR (solver error, after parsing finished)	317.368393852	306.94824079598766	663.633920	cloud-23933	TIMEOUT	990.296147598	973.7358078869875	611.635200	cloud-23933
nla-digbench-scaling/egcd-ll_unwindbound20.yml	false	TIMEOUT	990.26035035	966.9161190089944	592.957440	cloud-24259	ERROR (solver error, after parsing finished)	153.70643491	143.75448393198894	648.892416	cloud-23943	TIMEOUT	990.278700172	974.3778925200168	718.630912	cloud-23938
nla-digbench-scaling/egcd-ll_unwindbound5.yml	false	ERROR (solver error, after parsing finished)	668.060425056	645.9960308689915	622.907392	cloud-24260	TIMEOUT	990.275930214	975.298827104998	667.414528	cloud-23933	ERROR (solver error, after parsing finished)	401.565412344	387.34462839600747	603.254784	cloud-23938
nla-digbench-scaling/egcd-ll_unwindbound50.yml	false	ERROR (solver error, after parsing finished)	561.38907595	542.040353962002	679.178240	cloud-24260	ERROR (solver error, after parsing finished)	90.221019102	76.80164077199879	641.781760	cloud-23938	TIMEOUT	990.291366391	973.8570044549997	574.021632	cloud-23982
nla-digbench-scaling/egcd-ll_valuebound1.yml	true	true	32.315644887	17.34822014599922	640.200704	cloud-24260	true	22.699472311	12.467632870975649	609.615872	cloud-23979	ERROR (solver error, after parsing finished)	282.764903687	269.1463583660079	587.862016	cloud-23982
nla-digbench-scaling/egcd-ll_valuebound10.yml	true	true	56.211033085	35.9127212530002	657.092608	cloud-23933	ERROR (solver error, after parsing finished)	28.513968066	15.97589743300341	667.041792	cloud-23979	true	34.310601238	22.700995502003934	601.415680	cloud-23979
nla-digbench-scaling/egcd-ll_valuebound100.yml	true	true	89.571109186	67.90043174699531	618.962944	cloud-24260	ERROR (solver error, after parsing finished)	58.794872554	45.26119184799609	638.242816	cloud-23982	true	37.094697338	24.039748434996	599.076864	cloud-23938
nla-digbench-scaling/egcd-ll_valuebound20.yml	true	true	47.012480349	31.17412761799642	646.799360	cloud-23933	ERROR (solver error, after parsing finished)	25.111584447	14.397667607991025	626.704384	cloud-23942	true	34.950677211	23.030101759999525	578.473984	cloud-23979
nla-digbench-scaling/egcd-ll_valuebound5.yml	true	true	58.528409916	37.80472341700806	627.335168	cloud-24260	ERROR (solver error, after parsing finished)	26.369472096	14.927251376007916	706.056192	cloud-23980	true	35.92185865	25.23380652401829	638.750720	cloud-23980
nla-digbench-scaling/egcd-ll_valuebound50.yml	true	true	58.77990714	42.88271170698863	656.732160	cloud-24261	ERROR (solver error, after parsing finished)	36.177516195	23.899857759010047	630.743040	cloud-23933	true	42.9544275	29.018025390978437	620.425216	cloud-23933
nla-digbench-scaling/egcd2-ll_unwindbound10.yml	false	TIMEOUT	990.296289056	967.3593398509984	631.042048	cloud-24260	ERROR (server error, after parsing finished)	24.351211971	13.17025310799363	651.436032	cloud-23979	TIMEOUT	990.296495597	974.182265890995	625.651712	cloud-23979
nla-digbench-scaling/egcd2-ll_unwindbound100.yml	false	TIMEOUT	990.244837798	969.9209750790033	634.867712	cloud-24259	ERROR (server error, after parsing finished)	21.24925402	11.814486891991692	660.631552	cloud-23982	TIMEOUT	990.262953421	976.5973332349968	594.202624	cloud-23933
nla-digbench-scaling/egcd2-ll_unwindbound20.yml	false	TIMEOUT	990.281263967	967.1653907919972	680.615936	cloud-24260	ERROR (server error, after parsing finished)	23.034942247	12.428940725978464	632.356864	cloud-23933	TIMEOUT	990.263290389	974.8966860980145	599.216128	cloud-23933
nla-digbench-scaling/egcd2-ll_unwindbound5.yml	false	TIMEOUT	990.314063165	968.5928650209971	674.676736	cloud-23933	ERROR (server error, after parsing finished)	31.288872344	17.226682597014587	632.496128	cloud-23982	TIMEOUT	990.229040722	978.3262169969967	622.120960	cloud-23980
nla-digbench-scaling/egcd2-ll_unwindbound50.yml	false	TIMEOUT	990.317189012	968.0938308320037	598.175744	cloud-24260	ERROR (server error, after parsing finished)	29.696256139	16.009198242012644	589.987840	cloud-23982	TIMEOUT	990.279094868	974.7822494139837	630.874112	cloud-23980
nla-digbench-scaling/egcd2-ll_valuebound1.yml	true	ERROR (solver error, after parsing finished)	686.458992526	661.624451620999	658.280448	cloud-24260	ERROR (server error, after parsing finished)	27.613868517	14.876506410015281	641.929216	cloud-23933	TIMEOUT	990.336912913	974.2778630559915	746.496000	cloud-23933
nla-digbench-scaling/egcd2-ll_valuebound10.yml	true	ERROR (solver error, after parsing finished)	245.511029902	228.70950999500928	640.638976	cloud-24259	ERROR (server error, after parsing finished)	25.180647401	13.592248394008493	621.211648	cloud-23979	TIMEOUT	990.269048029	975.4948805150052	678.031360	cloud-23982
nla-digbench-scaling/egcd2-ll_valuebound100.yml	true	TIMEOUT	990.274442163	968.830665535992	681.660416	cloud-24261	ERROR (server error, after parsing finished)	27.304792663	14.95772014601971	620.118016	cloud-23938	TIMEOUT	990.317919759	973.5298936439794	714.629120	cloud-23938
nla-digbench-scaling/egcd2-ll_valuebound2.yml	true	TIMEOUT	990.311035642	968.6215114279767	923.734016	cloud-23979	ERROR (server error, after parsing finished)	19.528892736	10.792122799000936	621.424640	cloud-23980	TIMEOUT	990.376731016	973.3899980439746	902.598656	cloud-23938
nla-digbench-scaling/egcd2-ll_valuebound20.yml	true	TIMEOUT	990.27516033	970.6967901700118	686.854144	cloud-23979	ERROR (solver error, after parsing finished)	21.769613924	11.766873621993	658.186240	cloud-23933	TIMEOUT	990.306910456	973.8588598950009	723.501056	cloud-23938
nla-digbench-scaling/egcd2-ll_valuebound5.yml	true	TIMEOUT	990.295977209	965.1211416970182	694.669312	cloud-24259	ERROR (server error, after parsing finished)	24.132910725	13.114819428999908	651.825152	cloud-23980	TIMEOUT	990.293590193	972.8652138149773	729.583616	cloud-23938
nla-digbench-scaling/egcd2-ll_valuebound50.yml	true	TIMEOUT	990.309975154	965.2104838170053	683.859968	cloud-24260	ERROR (server error, after parsing finished)	27.213732606	14.713855530979345	607.297536	cloud-23938	TIMEOUT	990.286541707	973.8913746240141	697.008128	cloud-23933
nla-digbench-scaling/egcd3-ll_unwindbound100.yml	false	ERROR (solver error, after parsing finished)	159.857149201	143.7137965169968	646.410240	cloud-23933	ERROR (solver error, after parsing finished)	42.431672108	31.943049287016038	637.124608	cloud-23980	TIMEOUT	990.234013114	975.6654643410002	608.260096	cloud-23982
nla-digbench-scaling/egcd3-ll_valuebound1.yml	true	TIMEOUT	990.240358682	967.2637948069896	628.080640	cloud-24259	ERROR (solver error, after parsing finished)	30.954541041	18.310144104994833	639.569920	cloud-23938	TIMEOUT	990.225252245	976.9989165709994	551.014400	cloud-23982
nla-digbench-scaling/egcd3-ll_valuebound10.yml	true	TIMEOUT	990.359716274	970.1556615870213	720.478208	cloud-23933	ERROR (solver error, after parsing finished)	25.09964494	14.938335466024	638.644224	cloud-23979	TIMEOUT	990.311117446	973.7462888010195	699.396096	cloud-23938
nla-digbench-scaling/egcd3-ll_valuebound100.yml	true	TIMEOUT	990.316173847	969.3628409400117	698.527744	cloud-23933	ERROR (solver error, after parsing finished)	25.285665433	14.92663292499492	632.586240	cloud-23979	TIMEOUT	990.235794204	975.6760679710133	701.468672	cloud-23982
nla-digbench-scaling/egcd3-ll_valuebound20.yml	true	TIMEOUT	990.297366144	971.1661845829803	733.794304	cloud-23979	ERROR (solver error, after parsing finished)	22.63294731	13.386972824984696	675.491840	cloud-23933	TIMEOUT	990.278195119	975.3137499620207	682.672128	cloud-23938
nla-digbench-scaling/egcd3-ll_valuebound5.yml	true	TIMEOUT	990.322545477	969.4527559479757	719.560704	cloud-23933	ERROR (solver error, after parsing finished)	26.711259837	15.839179561007768	625.713152	cloud-23979	TIMEOUT	990.296824901	974.9138879469829	709.292032	cloud-23979
nla-digbench-scaling/egcd3-ll_valuebound50.yml	true	TIMEOUT	990.310366939	968.608980051009	725.094400	cloud-23979	ERROR (solver error, after parsing finished)	32.50083917	18.960577277000993	632.664064	cloud-23933	TIMEOUT	990.308256354	974.2306812549941	716.337152	cloud-23933
nla-digbench-scaling/fermat1-ll_valuebound1.yml	true	true	41.586719351	22.513928961008787	705.130496	cloud-23933	ERROR (server error, after parsing finished)	27.078368492	14.552727633999893	725.262336	cloud-23979	true	25.528807588	14.09274141601054	630.910976	cloud-23982
nla-digbench-scaling/fermat1-ll_valuebound10.yml	true	true	42.819457945	23.212745472992538	684.355584	cloud-24259	ERROR (server error, after parsing finished)	23.872482447	12.925688285002252	697.507840	cloud-23979	true	27.042813181	14.542251765000401	624.349184	cloud-23980
nla-digbench-scaling/fermat1-ll_valuebound100.yml	true	true	39.613357528	21.79436950699892	693.342208	cloud-24259	ERROR (server error, after parsing finished)	26.842316549	14.593381373997545	663.179264	cloud-23933	true	25.771795201	14.037534189992584	651.526144	cloud-23979
nla-digbench-scaling/fermat1-ll_valuebound2.yml	true	true	49.69981477	26.820087438973133	643.215360	cloud-24259	ERROR (server error, after parsing finished)	32.019871414	17.23414290099754	693.075968	cloud-23982	true	25.975518674	14.222319296997739	680.669184	cloud-23933
nla-digbench-scaling/fermat1-ll_valuebound20.yml	true	true	41.193850959	22.073714501981158	763.662336	cloud-24259	ERROR (server error, after parsing finished)	29.420124108	15.596895865979604	678.703104	cloud-23938	true	28.353413291	15.52919868499157	612.827136	cloud-23938
nla-digbench-scaling/fermat1-ll_valuebound5.yml	true	true	39.933275672	21.571841344004497	719.945728	cloud-23979	ERROR (server error, after parsing finished)	28.434764856	15.394438399001956	669.548544	cloud-23933	true	27.0411877	14.849869647005107	650.743808	cloud-23979
nla-digbench-scaling/fermat1-ll_valuebound50.yml	true	true	46.125556573	24.805486068013124	696.238080	cloud-24260	ERROR (server error, after parsing finished)	24.693648055	13.251516666001407	664.510464	cloud-23979	true	24.810509521	13.665466125996318	607.145984	cloud-23980
nla-digbench-scaling/fermat2-ll_valuebound1.yml	true	true	36.509534815	19.775816679990385	699.564032	cloud-23979	ERROR (server error, after parsing finished)	20.967797398	11.305270578013733	641.200128	cloud-23979	true	28.906543803	15.620761692000087	593.076224	cloud-23938
nla-digbench-scaling/fermat2-ll_valuebound10.yml	true	true	37.732883155	20.41522111100494	670.302208	cloud-24261	ERROR (server error, after parsing finished)	23.950592765	12.863166060997173	668.594176	cloud-23979	true	29.728720934	16.191205415001605	628.625408	cloud-23982
nla-digbench-scaling/fermat2-ll_valuebound100.yml	true	true	39.240378863	20.964202875999035	657.223680	cloud-23933	ERROR (server error, after parsing finished)	24.858632118	13.434109258989338	641.896448	cloud-23938	true	30.60433711	16.634960336989025	587.960320	cloud-23938
nla-digbench-scaling/fermat2-ll_valuebound2.yml	true	true	41.106728937	22.492298615979962	650.399744	cloud-24259	ERROR (server error, after parsing finished)	19.912350432	10.723082263022661	658.829312	cloud-23980	true	27.918576342	15.004801506991498	633.815040	cloud-23933
nla-digbench-scaling/fermat2-ll_valuebound20.yml	true	true	38.518681185	20.652768335014116	637.423616	cloud-23933	ERROR (server error, after parsing finished)	26.465033167	14.33654918699176	642.691072	cloud-23980	true	23.836077178	13.163923646992771	672.071680	cloud-23980
nla-digbench-scaling/fermat2-ll_valuebound5.yml	true	true	29.014076567	16.028596819989616	681.324544	cloud-24259	ERROR (server error, after parsing finished)	21.220854794	11.583044019993395	594.481152	cloud-23979	true	27.177351052	14.774726296018343	753.180672	cloud-23933
nla-digbench-scaling/fermat2-ll_valuebound50.yml	true	true	41.46020329	22.26117137799156	666.542080	cloud-23979	ERROR (server error, after parsing finished)	23.771803285	13.171855815016897	592.420864	cloud-23980	true	28.795774284	15.424394959991332	645.201920	cloud-23933
nla-digbench-scaling/freire1_valuebound1.yml	true	TIMEOUT	990.266422637	975.6883619629953	1146.138624	cloud-24261	ERROR (server error, after parsing finished)	162.871373497	153.80380855398835	857.931776	cloud-23933	TIMEOUT	990.363638968	977.5752906470152	1157.550080	cloud-23979
nla-digbench-scaling/freire1_valuebound10.yml	true	TIMEOUT	990.316354803	974.1637466299871	1140.727808	cloud-24259	ERROR (server error, after parsing finished)	164.93783738	157.21065057598753	857.042944	cloud-23980	TIMEOUT	990.420792331	977.2712310439965	1151.299584	cloud-23933
nla-digbench-scaling/freire1_valuebound100.yml	true	TIMEOUT	990.309562857	975.5175005899946	1168.142336	cloud-24261	ERROR (server error, after parsing finished)	215.549172077	205.78042317400104	884.121600	cloud-23982	TIMEOUT	990.328041712	977.457272086991	1182.822400	cloud-23979
nla-digbench-scaling/freire1_valuebound2.yml	true	TIMEOUT	990.337420237	974.3067679480009	1099.751424	cloud-23979	ERROR (server error, after parsing finished)	218.042495499	208.2975164130039	847.994880	cloud-23938	TIMEOUT	990.337571578	974.5835434950131	1117.896704	cloud-23933
nla-digbench-scaling/freire1_valuebound20.yml	true	TIMEOUT	990.318610248	973.8792531520012	1140.236288	cloud-24260	ERROR (server error, after parsing finished)	262.481647202	251.5021739359945	897.560576	cloud-23938	TIMEOUT	990.351244195	976.7298264970013	1123.524608	cloud-23982
nla-digbench-scaling/freire1_valuebound5.yml	true	TIMEOUT	990.38989016	973.948351131985	1157.550080	cloud-23933	ERROR (server error, after parsing finished)	239.91854389	228.30067577798036	890.908672	cloud-23982	TIMEOUT	990.252167498	980.0815368029871	1168.023552	cloud-23982
nla-digbench-scaling/freire1_valuebound50.yml	true	TIMEOUT	990.274602535	976.3484310089843	1193.742336	cloud-24259	ERROR (server error, after parsing finished)	248.432391924	239.4453106049914	870.047744	cloud-23933	TIMEOUT	990.325724976	978.1526195259939	1182.322688	cloud-23982
nla-digbench-scaling/freire2_valuebound1.yml	false	TIMEOUT	990.374376265	972.6097620880173	1090.428928	cloud-24260	ERROR (server error, after parsing finished)	583.537667084	571.6328774989815	910.852096	cloud-23933	TIMEOUT	990.302169432	976.432530436985	1061.416960	cloud-23938
nla-digbench-scaling/freire2_valuebound10.yml	false	TIMEOUT	990.334596769	973.1718560939917	842.801152	cloud-24260	ERROR (server error, after parsing finished)	573.490948482	563.2987228420097	932.466688	cloud-23979	TIMEOUT	990.34034404	977.8247283119999	1001.541632	cloud-23982
nla-digbench-scaling/freire2_valuebound100.yml	false	TIMEOUT	990.344141352	972.405570914998	1192.665088	cloud-24260	ERROR (server error, after parsing finished)	596.926738659	586.978892160987	942.673920	cloud-23980	TIMEOUT	990.318187365	976.8650207930186	1203.519488	cloud-23979
nla-digbench-scaling/freire2_valuebound2.yml	false	TIMEOUT	990.358251866	975.8980016879796	1094.475776	cloud-23979	ERROR (server error, after parsing finished)	616.17668671	603.6881531290128	939.270144	cloud-23938	TIMEOUT	990.29825283	978.6910282780009	1071.136768	cloud-23980
nla-digbench-scaling/freire2_valuebound20.yml	false	TIMEOUT	990.346112515	978.7586940540059	1140.826112	cloud-24259	ERROR (server error, after parsing finished)	718.40870325	705.1911076749966	907.796480	cloud-23938	TIMEOUT	990.406105123	975.3742752970138	1054.756864	cloud-23933
nla-digbench-scaling/freire2_valuebound5.yml	false	TIMEOUT	990.358334379	973.6190393530123	1100.374016	cloud-23979	ERROR (server error, after parsing finished)	652.236921554	641.9687202979985	875.757568	cloud-23933	TIMEOUT	990.358348701	976.8037118240027	1106.472960	cloud-23938
nla-digbench-scaling/freire2_valuebound50.yml	false	TIMEOUT	990.680327491	975.6862528630154	1067.958272	cloud-24259	ERROR (server error, after parsing finished)	503.204704125	492.76687630297965	915.845120	cloud-23979	TIMEOUT	990.345607959	977.0993922439811	1158.311936	cloud-23933
nla-digbench-scaling/geo1-ll2_unwindbound1.yml	true	ERROR (solver error, after parsing finished)	35.667949082	22.6566354999959	556.900352	cloud-24259	ERROR (server error, after parsing finished)	20.660312558	11.429667553980835	544.354304	cloud-23980	true	21.516629141	12.000326342007611	514.338816	cloud-23982
nla-digbench-scaling/geo1-ll_unwindbound1.yml	true	TIMEOUT	990.279183274	972.374811991991	571.789312	cloud-24260	ERROR (solver error, after parsing finished)	23.015374174	12.501865722006187	614.203392	cloud-23982	TIMEOUT	990.274377929	977.5884037860087	562.536448	cloud-23982
nla-digbench-scaling/geo1-ll_unwindbound2.yml	true	TIMEOUT	990.260866072	972.8448354830034	608.550912	cloud-24259	ERROR (solver error, after parsing finished)	18.36897668	10.148704819992417	587.407360	cloud-23979	TIMEOUT	990.311526641	974.5912379790097	532.705280	cloud-23938
nla-digbench-scaling/geo1-ll_unwindbound50.yml	true	ERROR (solver error, after parsing finished)	350.716676382	333.60530878299323	603.557888	cloud-24259	TIMEOUT	990.220833925	977.716120246012	596.221952	cloud-23940	ERROR (solver error, after parsing finished)	110.51358044	99.60797851500683	519.012352	cloud-23938
nla-digbench-scaling/geo1-ll_valuebound1.yml	true	true	27.098435309	15.299816856975667	551.714816	cloud-23933	ERROR (server error, after parsing finished)	21.564908163	11.758585286996095	591.216640	cloud-23980	true	21.243911939	11.478356301988242	518.004736	cloud-23982
nla-digbench-scaling/geo1-ll_valuebound10.yml	true	true	28.925491051	15.668158037995454	564.654080	cloud-23979	ERROR (server error, after parsing finished)	21.979258708	12.08029089999036	581.996544	cloud-23982	true	19.453429493	10.656303903990192	569.683968	cloud-23980
nla-digbench-scaling/geo1-ll_valuebound100.yml	true	TIMEOUT	990.301593486	972.223247397982	680.194048	cloud-23933	ERROR (solver error, after parsing finished)	105.852993831	96.3451574910141	590.614528	cloud-23933	TIMEOUT	990.259034779	974.5212031640112	623.558656	cloud-23938
nla-digbench-scaling/geo1-ll_valuebound2.yml	true	true	37.92333926	20.897079204994952	564.809728	cloud-24260	ERROR (server error, after parsing finished)	26.685320511	14.778605150990188	579.883008	cloud-23982	true	19.70734082	10.788596633006819	565.960704	cloud-23939
nla-digbench-scaling/geo1-ll_valuebound20.yml	true	TIMEOUT	990.250508275	969.984100665024	702.689280	cloud-24259	ERROR (solver error, after parsing finished)	127.450542366	115.85400649299845	556.937216	cloud-23982	TIMEOUT	990.22584931	976.5886155109911	734.687232	cloud-23982
nla-digbench-scaling/geo1-ll_valuebound5.yml	true	true	28.959952447	15.588015390007058	649.203712	cloud-23979	ERROR (server error, after parsing finished)	23.8554579	12.8806031679851	598.142976	cloud-23982	true	22.976502901	12.549116532987682	518.160384	cloud-23980
nla-digbench-scaling/geo1-ll_valuebound50.yml	true	TIMEOUT	990.296123037	972.4943644519954	604.495872	cloud-23979	ERROR (solver error, after parsing finished)	113.046208083	105.70295650698245	599.408640	cloud-23982	TIMEOUT	990.227795462	976.034826017014	570.699776	cloud-23938
nla-digbench-scaling/geo1-u_unwindbound2.yml	false	TIMEOUT	990.256305721	977.4972778719966	622.899200	cloud-24259	ERROR (solver error, after parsing finished)	389.425473052	377.368225815997	584.474624	cloud-23933	TIMEOUT	990.2262268	978.3191036520002	698.015744	cloud-23982
nla-digbench-scaling/geo1-u_valuebound100.yml	false	false(unreach-call)	162.231974879	147.93273316998966	620.208128	cloud-23933	ERROR (solver error, after parsing finished)	850.784534055	838.289136802021	564.690944	cloud-23938	false(unreach-call)	57.002143871	43.08989086301881	538.980352	cloud-23982
nla-digbench-scaling/geo1-u_valuebound20.yml	false	false(unreach-call)	137.268062358	122.27530961300363	620.810240	cloud-23933	ERROR (solver error, after parsing finished)	24.914723084	14.48793133799336	587.374592	cloud-23938	false(unreach-call)	27.521914515	16.673671671014745	516.034560	cloud-23933
nla-digbench-scaling/geo1-u_valuebound50.yml	false	false(unreach-call)	137.913843052	123.20210006998968	560.979968	cloud-23933	ERROR (solver error, after parsing finished)	469.703121405	456.11846841999795	589.803520	cloud-23938	false(unreach-call)	24.386307299	14.008677020989126	567.971840	cloud-23980
nla-digbench-scaling/geo2-ll_unwindbound10.yml	true	TIMEOUT	990.312571688	972.7322358069941	647.880704	cloud-23979	ERROR (solver error, after parsing finished)	175.402166641	165.71726955199847	577.970176	cloud-23980	TIMEOUT	990.214206624	978.9286233670136	590.118912	cloud-23982
nla-digbench-scaling/geo2-ll_unwindbound2.yml	true	ERROR (solver error, after parsing finished)	688.874038336	673.6693177980196	534.265856	cloud-23933	TIMEOUT	990.307505982	977.5867889740039	532.455424	cloud-23982	ERROR (solver error, after parsing finished)	391.142487984	380.723262968997	506.327040	cloud-23933
nla-digbench-scaling/geo2-ll_valuebound100.yml	true	TIMEOUT	990.291138548	972.9444864469988	618.012672	cloud-23933	ERROR (solver error, after parsing finished)	21.03103601	12.663986254978226	568.516608	cloud-23942	TIMEOUT	990.251360138	975.3268322889926	570.707968	cloud-23933
nla-digbench-scaling/geo2-ll_valuebound20.yml	true	ERROR (solver error, after parsing finished)	293.447792355	281.71457685899804	663.973888	cloud-24259	TIMEOUT	990.30825983	976.2908378230059	875.945984	cloud-23979	ERROR (solver error, after parsing finished)	217.606237304	206.09254425700055	524.562432	cloud-23982
nla-digbench-scaling/geo2-ll_valuebound50.yml	true	TIMEOUT	990.228027889	972.9861578919954	658.448384	cloud-24259	ERROR (solver error, after parsing finished)	24.660191549	14.411655029980466	577.744896	cloud-23933	TIMEOUT	990.251145253	976.2384161390073	630.456320	cloud-23933
nla-digbench-scaling/geo3-ll_unwindbound1.yml	true	TIMEOUT	990.294797764	972.6273092289921	561.967104	cloud-24260	ERROR (solver error, after parsing finished)	625.596929105	613.6553992599947	592.408576	cloud-23933	TIMEOUT	990.26998363	975.1794405379915	556.924928	cloud-23933
nla-digbench-scaling/geo3-ll_unwindbound10.yml	true	TIMEOUT	990.271174776	971.7080807520106	586.813440	cloud-24260	ERROR (solver error, after parsing finished)	588.403448796	577.3651810390002	574.382080	cloud-23979	TIMEOUT	990.286512962	975.9195695770031	509.149184	cloud-23979
nla-digbench-scaling/geo3-ll_unwindbound2.yml	true	TIMEOUT (ERROR (solver error, after parsing finished))	923.679118824	905.8792543320014	578.490368	cloud-24260	ERROR (solver error, after parsing finished)	514.241473527	504.98472474198206	584.794112	cloud-23942	ERROR (solver error, after parsing finished)	819.541298073	808.1172748200188	542.142464	cloud-23982
nla-digbench-scaling/geo3-ll_unwindbound20.yml	true	TIMEOUT	990.228853872	975.2307438850112	598.151168	cloud-24259	ERROR (solver error, after parsing finished)	758.170583613	745.7765046900022	577.531904	cloud-23938	TIMEOUT	990.262663721	977.9402142019826	534.183936	cloud-23979
nla-digbench-scaling/geo3-ll_unwindbound5.yml	true	TIMEOUT	990.263577545	973.2499439339736	540.684288	cloud-23933	ERROR (solver error, after parsing finished)	564.437625455	554.3059238319984	548.204544	cloud-23979	TIMEOUT	990.222845174	978.9020800720027	509.317120	cloud-23943
nla-digbench-scaling/geo3-ll_valuebound1.yml	true	true	32.973236618	18.409815660008462	626.057216	cloud-24260	ERROR (server error, after parsing finished)	24.056222056	13.02188820700394	602.906624	cloud-23982	true	24.96190587	13.910939930996392	556.027904	cloud-23938
nla-digbench-scaling/geo3-ll_valuebound10.yml	true	true	34.942013947	19.26445285900263	589.275136	cloud-23979	ERROR (server error, after parsing finished)	22.539809513	12.281232403998729	591.577088	cloud-23933	true	23.169352178	12.954792175994953	557.027328	cloud-23982
nla-digbench-scaling/geo3-ll_valuebound100.yml	true	TIMEOUT	990.315034688	971.4919388720009	628.932608	cloud-23979	ERROR (server error, after parsing finished)	39.711067719	30.478637897002045	596.668416	cloud-23979	TIMEOUT	990.301868072	975.5673296210007	625.315840	cloud-23982
nla-digbench-scaling/geo3-ll_valuebound2.yml	true	true	34.812694154	18.877855864004232	545.398784	cloud-24260	ERROR (server error, after parsing finished)	23.491602496	12.669839470996521	540.930048	cloud-23938	true	21.659577691	11.90441699398798	560.443392	cloud-23933
nla-digbench-scaling/geo3-ll_valuebound20.yml	true	TIMEOUT	990.425106983	975.2616816909867	3717.541888	cloud-23941	ERROR (solver error, after parsing finished)	20.108965882	11.302656790008768	582.529024	cloud-23938	TIMEOUT	990.591901155	976.7161242929869	3567.882240	cloud-23979
nla-digbench-scaling/geo3-ll_valuebound5.yml	true	true	28.524768821	15.359043111995561	599.367680	cloud-24259	ERROR (server error, after parsing finished)	21.922061456	12.105243819998577	554.729472	cloud-23982	true	20.972742747	11.667998378019547	562.593792	cloud-23982
nla-digbench-scaling/geo3-ll_valuebound50.yml	true	TIMEOUT	990.304537224	971.2602786599891	637.722624	cloud-24260	ERROR (server error, after parsing finished)	129.627945431	120.78143851898494	598.859776	cloud-23980	TIMEOUT	990.267920497	974.803342159983	612.257792	cloud-23938
nla-digbench-scaling/hard-ll_unwindbound10.yml	false	TIMEOUT	990.314594723	970.8395794620155	653.615104	cloud-24259	ERROR (verification stuck, after parsing finished)	30.914940736	16.43590435999795	642.453504	cloud-23982	TIMEOUT	990.291327684	974.5018596659938	690.638848	cloud-23933
nla-digbench-scaling/hard-ll_unwindbound100.yml	false	ERROR (solver error, after parsing finished)	195.284958515	171.8719543430052	583.536640	cloud-24259	ERROR (verification stuck, after parsing finished)	24.345735827	13.2186654380057	621.875200	cloud-23979	ERROR (solver error, after parsing finished)	141.485565306	129.37907387400628	605.687808	cloud-23938
nla-digbench-scaling/hard-ll_unwindbound20.yml	false	ERROR (solver error, after parsing finished)	168.393313273	149.06456272900687	675.766272	cloud-24260	ERROR (verification stuck, after parsing finished)	31.421041246	17.200669621000998	598.384640	cloud-23982	ERROR (solver error, after parsing finished)	148.059116911	136.52861768202274	590.741504	cloud-23980
nla-digbench-scaling/hard-ll_unwindbound5.yml	false	ERROR (solver error, after parsing finished)	91.397190222	74.52692371199373	671.457280	cloud-23933	ERROR (verification stuck, after parsing finished)	20.042594382	11.043019359989557	592.617472	cloud-23980	ERROR (solver error, after parsing finished)	65.440157776	55.536105679988395	643.014656	cloud-23933
nla-digbench-scaling/hard-ll_unwindbound50.yml	false	TIMEOUT	990.332461153	964.8854867820046	713.392128	cloud-24260	ERROR (verification stuck, after parsing finished)	30.483603927	16.3395293589856	629.473280	cloud-23938	TIMEOUT	990.274076072	974.9064364910009	693.030912	cloud-23938
nla-digbench-scaling/hard-ll_valuebound1.yml	true	TIMEOUT	990.296915867	976.146788921993	777.854976	cloud-24259	ERROR (server error, after parsing finished)	22.535723618	12.208201789995655	647.458816	cloud-23979	TIMEOUT	990.287129413	975.0347667270107	670.396416	cloud-23979
nla-digbench-scaling/hard-ll_valuebound10.yml	true	TIMEOUT	990.311435814	971.1729031779978	785.956864	cloud-23933	ERROR (server error, after parsing finished)	21.274030874	11.622720555984415	585.068544	cloud-23979	TIMEOUT	990.245104875	975.8817765759886	680.005632	cloud-23982
nla-digbench-scaling/hard-ll_valuebound100.yml	true	TIMEOUT	990.309396166	967.2877780960116	765.157376	cloud-23979	ERROR (server error, after parsing finished)	24.376179037	13.113356705987826	628.776960	cloud-23938	TIMEOUT	990.29455961	975.3423708319897	654.123008	cloud-23933
nla-digbench-scaling/hard-ll_valuebound2.yml	true	TIMEOUT	990.295341389	969.0452773589932	636.678144	cloud-24260	ERROR (server error, after parsing finished)	26.729810561	14.712445470009698	612.188160	cloud-23982	TIMEOUT	990.298616679	975.5116084010224	693.301248	cloud-23938
nla-digbench-scaling/hard-ll_valuebound20.yml	true	TIMEOUT	990.348738779	966.334425189998	631.566336	cloud-23933	ERROR (server error, after parsing finished)	30.507435576	16.60421586901066	548.126720	cloud-23982	TIMEOUT	990.23495405	975.6439206060022	630.394880	cloud-23982
nla-digbench-scaling/hard-ll_valuebound5.yml	true	TIMEOUT	990.291281797	969.6558104909927	656.228352	cloud-24260	ERROR (server error, after parsing finished)	23.500356123	12.77995324897347	543.158272	cloud-23982	TIMEOUT	990.242074278	974.9490418659989	657.616896	cloud-23982
nla-digbench-scaling/hard-ll_valuebound50.yml	true	ERROR (solver error, after parsing finished)	400.470833747	379.26869281500694	646.467584	cloud-24260	ERROR (server error, after parsing finished)	21.075843237	11.49297548100003	595.546112	cloud-23979	TIMEOUT	990.247537478	977.5672599629906	619.716608	cloud-23980
nla-digbench-scaling/hard-u_unwindbound1.yml	false	TIMEOUT	990.317372945	970.1010011869948	746.573824	cloud-24260	ERROR (solver error, after parsing finished)	65.585829662	56.87098377500661	579.772416	cloud-23933	TIMEOUT	990.293057883	975.5069515380019	700.162048	cloud-23933
nla-digbench-scaling/hard-u_unwindbound10.yml	false	TIMEOUT	990.344986035	971.7117198740016	845.086720	cloud-23979	ERROR (solver error, after parsing finished)	43.844533384	33.38569327798905	539.054080	cloud-23982	TIMEOUT	990.313715401	977.4557906059781	850.505728	cloud-23982
nla-digbench-scaling/hard-u_unwindbound2.yml	false	TIMEOUT	990.351287435	970.4700503119966	944.095232	cloud-24260	ERROR (solver error, after parsing finished)	121.648764139	111.64692600502167	581.013504	cloud-23933	TIMEOUT	990.238253573	978.9357586510014	972.263424	cloud-23980
nla-digbench-scaling/hard-u_unwindbound5.yml	false	TIMEOUT	990.322567229	973.0269151490065	803.540992	cloud-23979	ERROR (solver error, after parsing finished)	54.507206952	44.49677740401239	581.091328	cloud-23938	TIMEOUT	990.273894149	975.5899834759766	759.173120	cloud-23933
nla-digbench-scaling/hard-u_unwindbound50.yml	false	TIMEOUT	990.293182798	971.9133440210135	692.424704	cloud-24259	ERROR (solver error, after parsing finished)	130.541343307	119.93806555401534	595.255296	cloud-23933	TIMEOUT	990.301801114	977.2749391770049	735.588352	cloud-23933
nla-digbench-scaling/hard-u_valuebound1.yml	true	true	35.683466508	21.446476583980257	641.556480	cloud-24260	true	33.021537183	19.672031550988322	593.944576	cloud-23982	TIMEOUT	990.268647988	976.6488137619745	681.721856	cloud-23979
nla-digbench-scaling/hard-u_valuebound10.yml	true	TIMEOUT	990.227851348	971.5991161080019	592.920576	cloud-24259	ERROR (solver error, after parsing finished)	19.295780075	10.766510590008693	605.757440	cloud-23980	TIMEOUT (ERROR (solver error, after parsing finished))	937.534369142	926.5527857329871	570.216448	cloud-23980
nla-digbench-scaling/hard-u_valuebound2.yml	true	TIMEOUT	990.353205677	970.2988397970039	968.593408	cloud-24259	ERROR (solver error, after parsing finished)	175.176656668	165.10618276899913	604.852224	cloud-23933	TIMEOUT	990.304481168	976.8855559770018	1022.922752	cloud-23933
nla-digbench-scaling/hard-u_valuebound20.yml	true	TIMEOUT	990.314850322	970.8520247590204	810.078208	cloud-23979	ERROR (server error, after parsing finished)	25.72939281	14.522099686000729	555.352064	cloud-23980	TIMEOUT	990.294062059	976.6094995070016	747.745280	cloud-23933
nla-digbench-scaling/hard-u_valuebound5.yml	true	TIMEOUT	990.34816621	971.7100098390074	969.105408	cloud-23933	ERROR (solver error, after parsing finished)	57.334588677	46.89044561999617	577.499136	cloud-23980	TIMEOUT	990.271582534	976.1570127170125	934.948864	cloud-23982
nla-digbench-scaling/hard-u_valuebound50.yml	true	TIMEOUT	990.365342909	971.2610877679836	1563.107328	cloud-23979	ERROR (server error, after parsing finished)	21.26357394	11.951635796984192	594.931712	cloud-23933	TIMEOUT	990.398897722	976.6659415079921	1570.525184	cloud-23979
nla-digbench-scaling/hard2_unwindbound10.yml	false	TIMEOUT	990.337124706	966.6128606739803	676.352000	cloud-23933	ERROR (solver error, after parsing finished)	50.576643568	34.7145511090057	662.814720	cloud-23933	TIMEOUT	990.246795668	974.9823930889834	593.227776	cloud-23982
nla-digbench-scaling/hard2_valuebound1.yml	true	true	28.68970823	15.711440971994307	640.229376	cloud-23933	true	24.880051155	13.399819357000524	640.729088	cloud-23979	TIMEOUT	990.287151453	975.5722432449984	620.101632	cloud-23979
nla-digbench-scaling/hard2_valuebound10.yml	true	true	30.033039076	16.02405939300661	569.229312	cloud-24260	true	26.971669614	14.551136607973604	600.068096	cloud-23979	TIMEOUT	990.295080643	975.1404661300185	644.812800	cloud-23979
nla-digbench-scaling/hard2_valuebound100.yml	true	true	39.512850158	21.41469891599263	647.675904	cloud-24259	true	25.863720835	14.024898495990783	624.726016	cloud-23979	TIMEOUT (ERROR (solver error, after parsing finished))	928.808272885	914.3103455329838	813.416448	cloud-23933
nla-digbench-scaling/hard2_valuebound2.yml	true	true	30.208173165	16.410948967008153	615.866368	cloud-24260	true	33.062401875	18.291411390993744	588.976128	cloud-23982	TIMEOUT	990.221406353	977.9913310219999	919.478272	cloud-23980
nla-digbench-scaling/hard2_valuebound20.yml	true	true	35.017432008	19.40446467002039	651.976704	cloud-24259	true	26.136450196	14.266639740992105	645.619712	cloud-23982	TIMEOUT	990.211662824	976.7259894750023	628.539392	cloud-23982
nla-digbench-scaling/hard2_valuebound5.yml	true	true	27.18026163	14.903196983010275	639.213568	cloud-23933	true	31.345547101	17.261618257005466	591.900672	cloud-23982	TIMEOUT	990.350414303	975.0084421260108	885.837824	cloud-23979
nla-digbench-scaling/hard2_valuebound50.yml	true	true	26.390166188	14.414218502992298	651.350016	cloud-23979	true	22.62049496	12.356257175997598	661.172224	cloud-23980	TIMEOUT	990.259168252	974.804487839021	611.336192	cloud-23938
nla-digbench-scaling/knuth_valuebound1.yml	true	true	25.153628841	15.981825015012873	1124.175872	cloud-24259	true	25.255734097	15.43025081299129	1119.227904	cloud-23980	ERROR (server error, after parsing finished)	23.843749642	14.589641903003212	943.034368	cloud-23938
nla-digbench-scaling/knuth_valuebound2.yml	true	true	25.396586576	15.558594219008228	1122.803712	cloud-23979	true	31.343974058	19.892748976999428	1081.470976	cloud-23938	ERROR (server error, after parsing finished)	21.947570303	13.29380992098595	965.570560	cloud-23979
nla-digbench-scaling/lcm1_unwindbound1.yml	false	TIMEOUT	990.387684921	973.0486204500194	735.358976	cloud-24259	ERROR (server error, after parsing finished)	18.94682441	10.434100452024722	582.983680	cloud-23942	TIMEOUT	990.217063212	978.0772767179878	725.528576	cloud-23982
nla-digbench-scaling/lcm1_unwindbound10.yml	false	TIMEOUT	990.280527251	973.4141190549999	623.243264	cloud-23979	ERROR (server error, after parsing finished)	21.237924026	11.576217096997425	576.843776	cloud-23979	TIMEOUT	990.19970472	980.1428724690049	533.209088	cloud-23980
nla-digbench-scaling/lcm1_unwindbound100.yml	false	TIMEOUT	990.304716255	971.602944342012	598.351872	cloud-24260	ERROR (server error, after parsing finished)	19.946513924	10.889788172993576	602.439680	cloud-23979	TIMEOUT	990.282840045	975.937872718001	616.587264	cloud-23938
nla-digbench-scaling/lcm1_unwindbound2.yml	false	TIMEOUT	990.27573599	973.4829370990046	584.912896	cloud-23979	ERROR (server error, after parsing finished)	26.26894286	14.324700577999465	597.303296	cloud-23982	TIMEOUT	990.282703732	976.100054487004	567.767040	cloud-23938
nla-digbench-scaling/lcm1_unwindbound20.yml	false	TIMEOUT	990.276467358	972.0311791549902	695.111680	cloud-24260	ERROR (server error, after parsing finished)	23.432339934	13.389646819996415	650.117120	cloud-23982	TIMEOUT	990.257341366	976.8978440270002	650.186752	cloud-23979
nla-digbench-scaling/lcm1_unwindbound5.yml	false	TIMEOUT	990.314063958	971.2538631139905	685.694976	cloud-23933	ERROR (server error, after parsing finished)	22.959089525	12.882333082001423	592.310272	cloud-23982	TIMEOUT	990.237664111	978.8761804320093	637.911040	cloud-23980
nla-digbench-scaling/lcm1_unwindbound50.yml	false	TIMEOUT	990.283140457	972.227345531006	727.355392	cloud-24260	ERROR (server error, after parsing finished)	25.443238033	13.759683474025223	599.769088	cloud-23933	TIMEOUT	990.302851331	976.3834769930108	914.989056	cloud-23938
nla-digbench-scaling/lcm1_valuebound1.yml	true	TIMEOUT	990.285745217	971.4235288480122	656.101376	cloud-23933	ERROR (server error, after parsing finished)	23.410802148	12.773653971991735	596.889600	cloud-23933	TIMEOUT	990.26767033	975.4691131330037	590.487552	cloud-23980
nla-digbench-scaling/lcm1_valuebound10.yml	true	TIMEOUT	990.303402118	973.1486176259932	672.276480	cloud-24259	ERROR (solver error, after parsing finished)	567.448355615	557.294168124994	563.470336	cloud-23980	TIMEOUT	990.234084828	976.9147801779909	644.468736	cloud-23980
nla-digbench-scaling/lcm1_valuebound2.yml	true	TIMEOUT	990.350961159	969.7222154440096	811.311104	cloud-24260	ERROR (server error, after parsing finished)	17.029622736	9.40188243301236	599.834624	cloud-23943	TIMEOUT	990.304836872	973.9820836420113	772.816896	cloud-23938
nla-digbench-scaling/lcm1_valuebound20.yml	true	TIMEOUT	990.320192914	970.8138403600024	683.888640	cloud-23933	ERROR (solver error, after parsing finished)	22.740205427	13.109960181987844	599.818240	cloud-23979	TIMEOUT	990.290535884	976.9822105889907	603.635712	cloud-23938
nla-digbench-scaling/lcm1_valuebound5.yml	true	TIMEOUT	990.299548379	972.6215905729914	746.663936	cloud-23933	ERROR (solver error, after parsing finished)	25.618083828	14.289560509991134	595.611648	cloud-23938	TIMEOUT	990.328053625	976.8229045789922	925.696000	cloud-23982
nla-digbench-scaling/lcm2_unwindbound1.yml	true	TIMEOUT	990.24700626	976.6574663720094	590.303232	cloud-24259	ERROR (solver error, after parsing finished)	409.572659074	398.487768535997	593.539072	cloud-23982	TIMEOUT	990.228691447	977.2789714509854	543.752192	cloud-23979
nla-digbench-scaling/lcm2_unwindbound10.yml	true	TIMEOUT	990.259955957	973.2036065370194	548.470784	cloud-23933	ERROR (solver error, after parsing finished)	396.002620713	387.65595671898336	574.623744	cloud-23982	TIMEOUT	990.215023991	979.3023542109877	560.361472	cloud-23980
nla-digbench-scaling/lcm2_unwindbound100.yml	true	TIMEOUT	990.28614202	973.6222943340254	546.820096	cloud-23979	ERROR (solver error, after parsing finished)	413.152902015	400.572435938986	610.287616	cloud-23982	TIMEOUT	990.264715197	975.5720715349889	574.922752	cloud-23979
nla-digbench-scaling/lcm2_unwindbound2.yml	true	TIMEOUT	990.313823942	971.7981654629984	584.183808	cloud-23979	ERROR (solver error, after parsing finished)	378.270917007	369.5810150129837	591.142912	cloud-23980	TIMEOUT	990.225641947	977.2754303959955	543.313920	cloud-23980
nla-digbench-scaling/lcm2_unwindbound20.yml	true	TIMEOUT	990.282694762	972.5836234260059	544.456704	cloud-24260	ERROR (solver error, after parsing finished)	356.039909547	345.33890207399963	540.958720	cloud-23933	TIMEOUT	990.265664291	975.5347622939735	507.908096	cloud-23933
nla-digbench-scaling/lcm2_unwindbound5.yml	true	TIMEOUT	990.292794492	972.3188125779852	560.680960	cloud-24260	ERROR (solver error, after parsing finished)	406.206259001	397.80002162299934	579.698688	cloud-23980	TIMEOUT	990.239747587	975.0982065339922	531.189760	cloud-23938
nla-digbench-scaling/lcm2_unwindbound50.yml	true	TIMEOUT	990.275823679	972.5558138330234	583.962624	cloud-24259	ERROR (solver error, after parsing finished)	374.264312165	363.6515432309825	543.100928	cloud-23933	TIMEOUT	990.257782574	979.448060611001	561.127424	cloud-23980
nla-digbench-scaling/lcm2_valuebound10.yml	true	TIMEOUT	990.256134301	974.9614536790032	593.068032	cloud-24259	ERROR (server error, after parsing finished)	37.50707927	26.502338063000934	599.547904	cloud-23982	TIMEOUT	990.240813013	976.1772498180217	629.489664	cloud-23982
nla-digbench-scaling/lcm2_valuebound100.yml	true	TIMEOUT	990.342613222	971.6145820990205	701.165568	cloud-24260	ERROR (server error, after parsing finished)	690.702859676	676.1906051879923	614.023168	cloud-23938	TIMEOUT	990.255443207	976.5967476800142	794.357760	cloud-23933
nla-digbench-scaling/lcm2_valuebound2.yml	true	TIMEOUT	990.341033633	971.3247680710047	647.786496	cloud-24260	ERROR (server error, after parsing finished)	22.347390561	12.90087504000985	594.919424	cloud-23980	TIMEOUT	990.276377613	975.9393711730081	639.164416	cloud-23938
nla-digbench-scaling/lcm2_valuebound20.yml	true	TIMEOUT	990.219181532	977.1941183529998	611.028992	cloud-24259	ERROR (server error, after parsing finished)	81.565476459	73.57990335198701	612.438016	cloud-23979	TIMEOUT	990.278457375	978.0372930080048	628.289536	cloud-23979
nla-digbench-scaling/lcm2_valuebound5.yml	true	TIMEOUT	990.245500232	977.2309558790002	642.482176	cloud-24259	ERROR (server error, after parsing finished)	40.232608858	29.27102770100464	565.592064	cloud-23982	TIMEOUT	990.28520391	976.6192964260117	748.699648	cloud-23933
nla-digbench-scaling/lcm2_valuebound50.yml	true	TIMEOUT	990.286285847	973.4208442640083	659.480576	cloud-23979	ERROR (server error, after parsing finished)	151.08657473	140.71405099300318	598.716416	cloud-23979	TIMEOUT	990.248716924	976.148645592999	638.058496	cloud-23933
nla-digbench-scaling/mannadiv_unwindbound10.yml	false	false(unreach-call)	48.194727068	30.46543886201107	667.545600	cloud-23933	false(unreach-call)	38.79356336	26.263030058005825	709.922816	cloud-23980	ERROR (solver error, after parsing finished)	29.141396914	17.894996438990347	552.464384	cloud-23980
nla-digbench-scaling/mannadiv_unwindbound100.yml	false	TIMEOUT	990.433851637	956.6841526700009	1059.880960	cloud-24260	TIMEOUT	990.442758874	962.1866825759935	1219.489792	cloud-23938	ERROR (solver error, after parsing finished)	23.559368487	14.335961595992558	544.567296	cloud-23979
nla-digbench-scaling/mannadiv_unwindbound20.yml	false	TIMEOUT	990.602825615	945.8830961420026	1851.666432	cloud-23933	false(unreach-call)	203.04444122	183.3213841280085	775.888896	cloud-23979	ERROR (solver error, after parsing finished)	23.19334994	14.06072479300201	547.061760	cloud-23938
nla-digbench-scaling/mannadiv_unwindbound5.yml	false	false(unreach-call)	28.388048348	15.462919901998248	638.201856	cloud-23933	false(unreach-call)	29.349025755	15.82183966098819	636.022784	cloud-23933	ERROR (solver error, after parsing finished)	38.638877595	26.680398744996637	554.856448	cloud-23938
nla-digbench-scaling/mannadiv_unwindbound50.yml	false	TIMEOUT	990.553105581	949.9900099209917	1649.004544	cloud-24260	TIMEOUT	990.396192874	961.7833163949836	804.343808	cloud-23938	ERROR (solver error, after parsing finished)	27.568149673	17.51643604002311	553.656320	cloud-23982
nla-digbench-scaling/prod4br-ll_unwindbound1.yml	false	ERROR (solver error, after parsing finished)	38.670762424	21.220483984987368	578.748416	cloud-24259	ERROR (server error, after parsing finished)	23.11477546	12.781394186982652	622.694400	cloud-23982	ERROR (solver error, after parsing finished)	24.869947056	13.499636883003404	552.513536	cloud-23938
nla-digbench-scaling/prod4br-ll_unwindbound10.yml	false	TIMEOUT	990.323420876	970.9512134099787	599.482368	cloud-24260	ERROR (server error, after parsing finished)	19.625735317	10.72734416599269	589.053952	cloud-23979	TIMEOUT	990.268056362	978.8907271979842	547.631104	cloud-23980
nla-digbench-scaling/prod4br-ll_unwindbound100.yml	false	TIMEOUT	990.289886932	971.8950386289798	577.433600	cloud-23979	ERROR (server error, after parsing finished)	20.63999844	11.54984553399845	587.997184	cloud-23979	TIMEOUT	990.264556213	974.342466689006	545.443840	cloud-23938
nla-digbench-scaling/prod4br-ll_unwindbound2.yml	false	TIMEOUT	990.334210403	972.1709418699902	595.054592	cloud-23933	ERROR (server error, after parsing finished)	20.406823509	11.110393050010316	574.787584	cloud-23933	TIMEOUT	990.277347251	973.89866604298	563.994624	cloud-23938
nla-digbench-scaling/prod4br-ll_unwindbound20.yml	false	TIMEOUT	990.281640888	970.1174482390052	659.111936	cloud-24259	ERROR (server error, after parsing finished)	22.308191794	12.056973155995365	541.831168	cloud-23938	TIMEOUT	990.266879368	977.1722192789894	573.771776	cloud-23982
nla-digbench-scaling/prod4br-ll_unwindbound5.yml	false	TIMEOUT	990.240025024	971.546992004005	606.470144	cloud-24259	ERROR (server error, after parsing finished)	25.426184809	13.788989773980575	582.295552	cloud-23938	TIMEOUT	990.238431289	978.6814384690078	551.063552	cloud-23980
nla-digbench-scaling/prod4br-ll_unwindbound50.yml	false	TIMEOUT	990.231516122	977.2008471650042	614.060032	cloud-24259	ERROR (server error, after parsing finished)	20.181061328	10.992776144994423	598.196224	cloud-23980	TIMEOUT	990.245979406	976.0095808930055	556.244992	cloud-23979
nla-digbench-scaling/prod4br-ll_valuebound1.yml	true	true	29.695080604	16.046648307994474	618.606592	cloud-24260	true	23.122689274	12.423346730007324	640.643072	cloud-23979	ERROR (solver error, after parsing finished)	26.406965388	15.1249382099777	606.347264	cloud-23980
nla-digbench-scaling/prod4br-ll_valuebound10.yml	true	ERROR (solver error, after parsing finished)	47.366492539	31.930872552009532	648.011776	cloud-24259	ERROR (server error, after parsing finished)	22.984017695	12.433136796025792	650.911744	cloud-23980	ERROR (solver error, after parsing finished)	35.274586982	25.22555356597877	605.892608	cloud-23980
nla-digbench-scaling/prod4br-ll_valuebound100.yml	true	ERROR (solver error, after parsing finished)	44.743964366	28.87861933998647	636.551168	cloud-23979	ERROR (server error, after parsing finished)	22.021764067	11.841009580006357	614.580224	cloud-23979	ERROR (solver error, after parsing finished)	36.301182323	26.062909102009144	639.918080	cloud-23980
nla-digbench-scaling/prod4br-ll_valuebound2.yml	true	ERROR (solver error, after parsing finished)	40.121702453	23.260546067001997	667.611136	cloud-23933	ERROR (server error, after parsing finished)	20.814136567	11.507901266013505	648.466432	cloud-23979	ERROR (solver error, after parsing finished)	30.701642646	18.642979512020247	605.589504	cloud-23938
nla-digbench-scaling/prod4br-ll_valuebound20.yml	true	ERROR (solver error, after parsing finished)	39.792769076	26.23567583601107	666.869760	cloud-24259	ERROR (server error, after parsing finished)	19.530426114	10.842943293013377	690.925568	cloud-23980	ERROR (solver error, after parsing finished)	34.256899242	24.738106086006155	620.040192	cloud-23980
nla-digbench-scaling/prod4br-ll_valuebound5.yml	true	true	56.899183384	38.94565697098733	634.998784	cloud-23979	ERROR (server error, after parsing finished)	23.472746416	12.72826038300991	619.843584	cloud-23933	true	38.67836719	28.244678165996447	582.574080	cloud-23979
nla-digbench-scaling/prod4br-ll_valuebound50.yml	true	ERROR (solver error, after parsing finished)	50.053082702	32.85399852899718	649.330688	cloud-23933	ERROR (server error, after parsing finished)	21.749344349	11.921143814979587	645.193728	cloud-23979	ERROR (solver error, after parsing finished)	41.878699659	29.38321108999662	558.104576	cloud-23933
nla-digbench-scaling/prodbin-ll_unwindbound1.yml	false	false(unreach-call)	39.887878482	22.666571112000383	605.319168	cloud-24259	ERROR (server error, after parsing finished)	18.531386304	10.19410073698964	576.671744	cloud-23980	false(unreach-call)	23.96623087	14.147779354010709	554.733568	cloud-23979
nla-digbench-scaling/prodbin-ll_unwindbound10.yml	false	TIMEOUT (ERROR (solver error, after parsing finished))	924.94553704	909.7388334770076	605.908992	cloud-24261	ERROR (server error, after parsing finished)	20.140475146	10.82977690899861	547.282944	cloud-23933	ERROR (solver error, after parsing finished)	756.559805224	744.685611569992	525.000704	cloud-23979
nla-digbench-scaling/prodbin-ll_unwindbound100.yml	true	TIMEOUT	990.270080886	977.5261440800095	627.044352	cloud-24259	ERROR (server error, after parsing finished)	26.087194495	14.35252488500555	575.291392	cloud-23938	TIMEOUT	990.220838642	978.2982594199711	555.954176	cloud-23980
nla-digbench-scaling/prodbin-ll_unwindbound2.yml	false	ERROR (solver error, after parsing finished)	36.264737988	22.20356574599282	593.879040	cloud-24259	ERROR (server error, after parsing finished)	24.443937872	13.385622577014146	579.354624	cloud-23938	ERROR (solver error, after parsing finished)	27.605995505	17.184196032991167	559.202304	cloud-23933
nla-digbench-scaling/prodbin-ll_unwindbound20.yml	false	TIMEOUT	990.268374159	971.1213986850053	653.824000	cloud-23933	ERROR (server error, after parsing finished)	17.862462272	9.806475471996237	564.781056	cloud-23979	TIMEOUT	990.280962914	973.1089927089924	619.769856	cloud-23938
nla-digbench-scaling/prodbin-ll_unwindbound5.yml	false	TIMEOUT	990.299945184	971.0925163089996	770.449408	cloud-24260	ERROR (server error, after parsing finished)	17.773643183	9.707213742018212	540.037120	cloud-23979	TIMEOUT	990.269874907	975.4833947000152	798.015488	cloud-23933
nla-digbench-scaling/prodbin-ll_unwindbound50.yml	true	TIMEOUT	990.285968528	971.2877969010151	618.872832	cloud-23979	ERROR (server error, after parsing finished)	17.366356488	9.550378776009893	580.005888	cloud-23979	TIMEOUT	990.250999872	975.1132137529785	564.400128	cloud-23938
nla-digbench-scaling/prodbin-ll_valuebound10.yml	true	ERROR (solver error, after parsing finished)	31.19063313	18.431082176975906	565.317632	cloud-23933	ERROR (server error, after parsing finished)	23.663899715	12.849940912012244	594.735104	cloud-23938	ERROR (solver error, after parsing finished)	27.111757172	16.749842714023544	567.681024	cloud-23980
nla-digbench-scaling/prodbin-ll_valuebound100.yml	true	TIMEOUT	990.282529293	972.2477391080029	674.226176	cloud-24259	ERROR (server error, after parsing finished)	25.790156419	14.190817946015159	587.161600	cloud-23982	TIMEOUT	990.246425809	976.2441168900114	703.750144	cloud-23980
nla-digbench-scaling/prodbin-ll_valuebound2.yml	true	true	44.471389101	29.813340522989165	591.609856	cloud-23933	ERROR (server error, after parsing finished)	24.887844764	13.49781131601776	571.367424	cloud-23938	true	35.112026026	24.508622213994386	555.409408	cloud-23979
nla-digbench-scaling/prodbin-ll_valuebound20.yml	true	ERROR (solver error, after parsing finished)	39.024665973	22.8467018710071	601.182208	cloud-24260	ERROR (server error, after parsing finished)	22.605683348	12.427604807977332	553.209856	cloud-23982	ERROR (solver error, after parsing finished)	29.042138876	17.24022907699691	586.371072	cloud-23982
nla-digbench-scaling/prodbin-ll_valuebound5.yml	true	ERROR (solver error, after parsing finished)	692.425312733	673.7346911529894	615.059456	cloud-24259	ERROR (server error, after parsing finished)	22.272437182	12.30430097799399	627.036160	cloud-23938	ERROR (solver error, after parsing finished)	524.700946633	512.889821972989	579.207168	cloud-23933
nla-digbench-scaling/prodbin-ll_valuebound50.yml	true	ERROR (solver error, after parsing finished)	573.740768777	557.5198836400232	634.019840	cloud-23933	ERROR (server error, after parsing finished)	22.773385108	12.293099684990011	549.355520	cloud-23933	ERROR (solver error, after parsing finished)	618.103767821	604.9517770830134	616.161280	cloud-23982
nla-digbench-scaling/ps3-ll_valuebound1.yml	true	ERROR (solver error, after parsing finished)	35.702322026	19.02357186100562	670.674944	cloud-23933	ERROR (solver error, after parsing finished)	24.553541258	13.349716327007627	683.380736	cloud-23982	true	26.921541238	14.801172070001485	621.445120	cloud-23982
nla-digbench-scaling/ps3-ll_valuebound10.yml	true	ERROR (solver error, after parsing finished)	37.128537314	19.924200452005607	652.177408	cloud-24260	ERROR (solver error, after parsing finished)	19.169641885	10.381733874004567	670.392320	cloud-23982	true	17.016312117	9.329465107002761	615.260160	cloud-23944
nla-digbench-scaling/ps3-ll_valuebound100.yml	true	ERROR (solver error, after parsing finished)	36.096614083	19.27617838900187	678.703104	cloud-23979	ERROR (solver error, after parsing finished)	18.189257897	9.866796404006891	637.112320	cloud-23942	true	25.517381041	14.143422302993713	588.365824	cloud-23980
nla-digbench-scaling/ps3-ll_valuebound2.yml	true	ERROR (solver error, after parsing finished)	33.596884794	18.158698487008223	672.624640	cloud-23933	ERROR (solver error, after parsing finished)	24.574568392	13.297850579983788	659.369984	cloud-23980	true	26.124016637	14.455735266994452	597.254144	cloud-23938
nla-digbench-scaling/ps3-ll_valuebound20.yml	true	ERROR (solver error, after parsing finished)	28.403918168	15.496779754001182	640.163840	cloud-24261	ERROR (solver error, after parsing finished)	22.71131672	12.324839688983047	656.859136	cloud-23980	true	25.642360786	14.231727767997654	600.715264	cloud-23982
nla-digbench-scaling/ps3-ll_valuebound5.yml	true	ERROR (solver error, after parsing finished)	40.54381203	22.1076000220055	631.328768	cloud-24260	ERROR (solver error, after parsing finished)	20.909119868	11.316701349016512	683.040768	cloud-23933	true	23.998176048	12.932151048007654	633.405440	cloud-23933
nla-digbench-scaling/ps3-ll_valuebound50.yml	true	ERROR (solver error, after parsing finished)	40.686613286	22.091981465011486	700.510208	cloud-24259	ERROR (solver error, after parsing finished)	18.871226672	10.320435647998238	633.765888	cloud-23933	true	21.940889822	12.005879250005819	637.239296	cloud-23979
nla-digbench-scaling/ps4-ll_unwindbound100.yml	false	ERROR (solver error, after parsing finished)	840.202819458	819.4479920390004	696.963072	cloud-23979	TIMEOUT	990.22457422	977.7028951810207	673.153024	cloud-23980	ERROR (solver error, after parsing finished)	120.638524751	110.36393581400625	633.085952	cloud-23980
nla-digbench-scaling/ps4-ll_unwindbound20.yml	false	ERROR (solver error, after parsing finished)	647.052321791	631.1230329920072	668.012544	cloud-23942	TIMEOUT	990.271592468	974.6715720330249	691.269632	cloud-23933	ERROR (solver error, after parsing finished)	101.151819364	90.58127500998671	616.968192	cloud-23979
nla-digbench-scaling/ps4-ll_unwindbound50.yml	false	ERROR (solver error, after parsing finished)	896.668344711	875.9341035450052	670.097408	cloud-23933	TIMEOUT	990.266230014	975.1129875899933	653.492224	cloud-23979	ERROR (solver error, after parsing finished)	118.232642479	107.13679055598914	532.799488	cloud-23980
nla-digbench-scaling/ps4-ll_valuebound10.yml	true	TIMEOUT	990.372722038	965.3512247400067	659.259392	cloud-24259	ERROR (solver error, after parsing finished)	129.997113204	118.060510144016	638.869504	cloud-23979	TIMEOUT	990.254723417	974.3172740289883	595.316736	cloud-23982
nla-digbench-scaling/ps4-ll_valuebound100.yml	true	TIMEOUT	990.331770951	966.9463709399861	665.198592	cloud-23933	ERROR (solver error, after parsing finished)	163.39238528	149.51786671500304	614.739968	cloud-23982	TIMEOUT	990.325903803	973.2385140260158	683.401216	cloud-23933
nla-digbench-scaling/ps4-ll_valuebound2.yml	true	true	27.787197255	15.397552309004823	636.882944	cloud-23979	true	26.053699204	14.34610015101498	705.896448	cloud-23979	TIMEOUT	990.25698771	976.028473096987	644.390912	cloud-23979
nla-digbench-scaling/ps4-ll_valuebound20.yml	true	TIMEOUT	990.34666142	966.6100000809965	686.288896	cloud-24260	ERROR (solver error, after parsing finished)	107.41046779	98.24143627399462	665.899008	cloud-23944	TIMEOUT	990.274044546	973.9070592530188	672.874496	cloud-23933
nla-digbench-scaling/ps4-ll_valuebound5.yml	true	true	544.971970366	523.2216986469866	629.858304	cloud-23933	ERROR (solver error, after parsing finished)	140.917851943	127.30305329602561	609.914880	cloud-23933	true	391.026495854	379.410994150996	614.690816	cloud-23933
nla-digbench-scaling/ps4-ll_valuebound50.yml	true	TIMEOUT	990.335826745	969.6540597790154	701.480960	cloud-23933	ERROR (solver error, after parsing finished)	134.073377528	122.14423692697892	641.105920	cloud-23979	TIMEOUT	990.331151524	972.4953996080148	676.343808	cloud-23938
nla-digbench-scaling/ps5-ll_unwindbound1.yml	false	false(unreach-call)	26.975728945	14.841445935016964	830.111744	cloud-23979	false(unreach-call)	25.211134319	13.549543795001227	765.845504	cloud-23979	TIMEOUT	990.262959438	975.368420475017	720.912384	cloud-23979
nla-digbench-scaling/ps5-ll_unwindbound2.yml	false	false(unreach-call)	31.0958874	18.062952500011306	744.067072	cloud-23933	false(unreach-call)	29.850699275	17.554806913016364	791.654400	cloud-23979	TIMEOUT	990.251324871	976.4372369699995	768.598016	cloud-23980
nla-digbench-scaling/ps5-ll_valuebound1.yml	true	TIMEOUT	990.29672523	968.1624055699795	782.270464	cloud-23933	ERROR (solver error, after parsing finished)	24.130716263	13.034242009016452	786.030592	cloud-23979	TIMEOUT	990.289176135	973.0758445959946	717.516800	cloud-23979
nla-digbench-scaling/ps5-ll_valuebound10.yml	true	TIMEOUT	990.359334136	966.0038155939837	752.308224	cloud-24260	ERROR (solver error, after parsing finished)	24.267507646	12.99268736198428	768.278528	cloud-23933	TIMEOUT	990.302116888	973.7676581270061	741.494784	cloud-23933
nla-digbench-scaling/ps5-ll_valuebound100.yml	true	TIMEOUT	990.335661682	969.6963262380159	770.240512	cloud-23979	ERROR (solver error, after parsing finished)	28.274138075	15.434375938988524	799.895552	cloud-23980	TIMEOUT	990.215311941	978.286287105002	712.798208	cloud-23980
nla-digbench-scaling/ps5-ll_valuebound2.yml	true	TIMEOUT	990.344747996	968.7458081419754	765.980672	cloud-23933	ERROR (solver error, after parsing finished)	25.81206653	13.999964782007737	751.378432	cloud-23982	TIMEOUT	990.271499626	974.6135168799956	720.621568	cloud-23979
nla-digbench-scaling/ps5-ll_valuebound20.yml	true	TIMEOUT	990.28572834	968.867040727986	776.310784	cloud-24259	ERROR (solver error, after parsing finished)	27.176770018	14.695750333979959	715.837440	cloud-23933	TIMEOUT	990.318547292	974.2735536810069	774.098944	cloud-23979
nla-digbench-scaling/ps5-ll_valuebound5.yml	true	TIMEOUT	990.384802657	972.6604380880017	821.379072	cloud-24259	ERROR (solver error, after parsing finished)	27.112588085	14.939577882993035	740.294656	cloud-23938	TIMEOUT	990.339054525	972.5554472960066	702.386176	cloud-23938
nla-digbench-scaling/ps5-ll_valuebound50.yml	true	TIMEOUT	990.300524092	969.3395617329807	767.934464	cloud-23933	ERROR (solver error, after parsing finished)	22.079657312	12.161862410983304	798.900224	cloud-23980	TIMEOUT	990.294547155	973.344544713007	730.619904	cloud-23979
nla-digbench-scaling/ps6-ll_unwindbound1.yml	false	false(unreach-call)	31.800078909	17.12114375300007	800.104448	cloud-24260	false(unreach-call)	32.176917687	17.118527045007795	777.711616	cloud-23982	TIMEOUT	990.377120702	973.1806086819852	756.137984	cloud-23982
nla-digbench-scaling/ps6-ll_unwindbound10.yml	false	TIMEOUT	990.339623772	965.4687817080121	832.258048	cloud-23979	ERROR (solver error, after parsing finished)	42.83819786	30.52505151098012	804.986880	cloud-23933	TIMEOUT	990.347821168	974.795064564998	757.567488	cloud-23982
nla-digbench-scaling/ps6-ll_unwindbound100.yml	false	TIMEOUT	990.339965576	964.2470126400003	906.252288	cloud-24260	ERROR (solver error, after parsing finished)	36.815623521	20.741609465010697	780.759040	cloud-23982	TIMEOUT	990.285413218	974.791899606993	791.556096	cloud-23979
nla-digbench-scaling/ps6-ll_unwindbound2.yml	false	false(unreach-call)	30.989696601	17.62099210199085	793.739264	cloud-23979	false(unreach-call)	33.627768724	19.048515867005335	791.052288	cloud-23938	TIMEOUT	990.265248326	977.1580810199957	780.275712	cloud-23980
nla-digbench-scaling/ps6-ll_unwindbound20.yml	false	ERROR (solver error, after parsing finished)	158.076865135	136.32916700298665	782.098432	cloud-23979	TIMEOUT	990.327417445	973.5809508899983	898.949120	cloud-23933	TIMEOUT	990.260997176	973.639549162006	778.133504	cloud-23982
nla-digbench-scaling/ps6-ll_unwindbound5.yml	false	TIMEOUT	990.351244379	966.1945754299813	848.654336	cloud-23933	ERROR (solver error, after parsing finished)	48.649122498	34.77557996701216	810.287104	cloud-23979	TIMEOUT	990.327654869	973.4750612460193	751.874048	cloud-23933
nla-digbench-scaling/ps6-ll_unwindbound50.yml	false	ERROR (solver error, after parsing finished)	162.944142262	141.44807167400722	816.963584	cloud-23933	TIMEOUT	990.296789697	972.244067401014	849.358848	cloud-23933	TIMEOUT	990.323960986	973.0086063040071	775.016448	cloud-23933
nla-digbench-scaling/ps6-ll_valuebound1.yml	true	true	31.292367847	16.695749364007497	921.686016	cloud-23933	true	23.35267147	12.462525108014233	790.343680	cloud-23982	TIMEOUT	990.252342203	977.3752299050102	876.077056	cloud-23980
nla-digbench-scaling/ps6-ll_valuebound10.yml	true	TIMEOUT	990.364347895	965.9782774089836	824.086528	cloud-23979	ERROR (solver error, after parsing finished)	36.219012631	22.477581027982524	737.603584	cloud-23979	TIMEOUT	990.363528024	972.3236619649979	837.754880	cloud-23933
nla-digbench-scaling/ps6-ll_valuebound100.yml	true	TIMEOUT	990.317087346	966.2973151520127	788.111360	cloud-23933	ERROR (solver error, after parsing finished)	40.010287221	25.23386517999461	750.419968	cloud-23982	TIMEOUT	990.335296099	973.740748273005	767.148032	cloud-23979
nla-digbench-scaling/ps6-ll_valuebound2.yml	true	true	28.928220115	16.57566658599535	790.368256	cloud-24261	true	34.035131676	19.50595799300936	839.548928	cloud-23933	TIMEOUT	990.321912437	973.2288729650027	820.740096	cloud-23979
nla-digbench-scaling/ps6-ll_valuebound20.yml	true	TIMEOUT	990.332273933	965.9401934880007	801.239040	cloud-23933	ERROR (solver error, after parsing finished)	32.905722122	21.0254230510036	777.494528	cloud-23980	TIMEOUT	990.295695033	978.0296570489882	756.953088	cloud-23980
nla-digbench-scaling/ps6-ll_valuebound5.yml	true	TIMEOUT	990.340427633	966.646710711997	818.470912	cloud-23933	ERROR (solver error, after parsing finished)	31.587639293	19.93729039799655	875.794432	cloud-23979	TIMEOUT	990.262013161	972.7372798300057	769.826816	cloud-23982
nla-digbench-scaling/ps6-ll_valuebound50.yml	true	TIMEOUT	990.339406007	966.4143123319955	936.394752	cloud-23933	ERROR (solver error, after parsing finished)	33.85862308	22.148144129983848	901.988352	cloud-23980	TIMEOUT	990.260957167	973.2528249399911	792.186880	cloud-23982
nla-digbench-scaling/sqrt1-ll_unwindbound1.yml	true	true	23.008567169	12.312674507003976	633.679872	cloud-23979	true	25.036422584	13.532139504997758	655.224832	cloud-23938	ERROR (solver error, after parsing finished)	20.969057813	11.71026363899	589.733888	cloud-23980
nla-digbench-scaling/sqrt1-ll_unwindbound10.yml	true	true	30.148602126	16.607467202993575	633.044992	cloud-24259	true	23.616484909	13.16230694501428	681.197568	cloud-23980	ERROR (solver error, after parsing finished)	62.669642536	53.775536770001054	616.726528	cloud-23980
nla-digbench-scaling/sqrt1-ll_unwindbound100.yml	true	true	22.164205727	12.181793387993821	671.428608	cloud-24261	true	22.35840229	12.101497035007924	649.158656	cloud-23980	ERROR (solver error, after parsing finished)	62.154842344	51.860110060020816	551.563264	cloud-23933
nla-digbench-scaling/sqrt1-ll_unwindbound2.yml	true	true	29.879827672	16.00425729600829	646.344704	cloud-23933	true	25.428952298	13.849485688988352	610.263040	cloud-23980	ERROR (solver error, after parsing finished)	75.480262706	63.0345521630079	603.238400	cloud-23938
nla-digbench-scaling/sqrt1-ll_unwindbound20.yml	true	true	25.032296406	13.564376510999864	659.267584	cloud-24261	true	31.255304289	17.480674117978197	592.138240	cloud-23982	ERROR (solver error, after parsing finished)	68.89730786	56.25551345900749	611.028992	cloud-23933
nla-digbench-scaling/sqrt1-ll_unwindbound5.yml	true	true	20.786504773	11.587887980014784	680.288256	cloud-23979	true	25.013657901	13.764202478021616	600.535040	cloud-23938	ERROR (solver error, after parsing finished)	62.370109175	51.64466420299141	564.568064	cloud-23979
nla-digbench-scaling/sqrt1-ll_unwindbound50.yml	true	true	29.55315118	16.035299024006235	602.214400	cloud-24260	true	29.786786994	15.898827680997783	650.366976	cloud-23982	ERROR (solver error, after parsing finished)	65.992765762	54.82534655800555	638.418944	cloud-23938
nla-digbench-scaling/sqrt1-ll_valuebound1.yml	true	true	24.671787601	14.491314769009477	707.567616	cloud-24259	true	31.877287818	18.431599281000672	665.788416	cloud-23938	ERROR (solver error, after parsing finished)	50.878754259	37.999490529007744	602.492928	cloud-23982
nla-digbench-scaling/sqrt1-ll_valuebound10.yml	true	true	35.78374657	20.98951942998974	634.744832	cloud-24259	true	26.122254009	14.861525134008843	656.547840	cloud-23979	ERROR (solver error, after parsing finished)	124.802432745	112.18175896100001	594.173952	cloud-23982
nla-digbench-scaling/sqrt1-ll_valuebound100.yml	true	true	30.583905157	17.63617364500533	601.833472	cloud-23979	true	24.029552491	13.845584399008658	611.262464	cloud-23933	ERROR (solver error, after parsing finished)	94.179054383	82.7916176370054	589.135872	cloud-23979
nla-digbench-scaling/sqrt1-ll_valuebound2.yml	true	true	35.375051225	20.426055272007943	697.741312	cloud-24259	true	25.244594309	14.717268701002467	625.934336	cloud-23933	ERROR (solver error, after parsing finished)	124.994195951	112.62056861899327	597.110784	cloud-23938
nla-digbench-scaling/sqrt1-ll_valuebound20.yml	true	true	28.570975207	16.90014543599682	629.956608	cloud-23933	true	28.105569358	16.17080936601269	653.836288	cloud-23938	ERROR (solver error, after parsing finished)	130.29769978	120.97714859899133	616.927232	cloud-23980
nla-digbench-scaling/sqrt1-ll_valuebound5.yml	true	true	28.517098007	16.504137615003856	627.216384	cloud-23933	true	24.169396883	14.338398065010551	650.452992	cloud-23980	ERROR (solver error, after parsing finished)	113.613757537	103.91422671999317	549.654528	cloud-23980
nla-digbench-scaling/sqrt1-ll_valuebound50.yml	true	true	27.002180878	15.484871717984788	661.970944	cloud-23933	true	25.369915777	15.00938184800907	613.806080	cloud-23980	ERROR (solver error, after parsing finished)	109.763365073	99.5546161950042	630.489088	cloud-23980
verifythis/duplets.yml	true	ERROR (generic error, after parsing finished)	23.459919425	12.900572109007044	578.265088	cloud-23933	ERROR (server error, after parsing finished)	19.64896972	10.695288791001076	549.502976	cloud-23979	ERROR (generic error, after parsing finished)	21.027966167	11.496329754998442	501.362688	cloud-23940
verifythis/elimination_max.yml	true	ERROR (generic error, after parsing finished)	25.243236184	13.939966370002367	569.389056	cloud-24260	ERROR (server error, after parsing finished)	14.212382437	7.912867685983656	561.631232	cloud-23944	ERROR (generic error, after parsing finished)	23.322924696	12.875380571989808	524.193792	cloud-23982
verifythis/lcp.yml	true	ERROR (generic error, after parsing finished)	25.539401717	14.406034103987622	561.905664	cloud-24260	ERROR (server error, after parsing finished)	22.835257624	12.633254177984782	556.576768	cloud-23938	ERROR (generic error, after parsing finished)	14.71085958	8.365823916974477	499.109888	cloud-23980
verifythis/prefixsum_iter.yml	true	ERROR (generic error, after parsing finished)	26.967104994	14.595112995011732	536.485888	cloud-23933	ERROR (server error, after parsing finished)	18.375860336	10.214008241979172	607.875072	cloud-23979	ERROR (generic error, after parsing finished)	17.805162994	10.002384423016338	509.927424	cloud-23980
combinations/Problem05_label45+token_ring.13.cil-1.yml	false	TIMEOUT	903.784480939	826.6996457260102	15000.039424	cloud-24260	OUT OF MEMORY	628.979375116	567.7730535019946	15000.039424	cloud-23938	OUT OF MEMORY	816.143778275	727.1870389950054	15000.043520	cloud-23982
combinations/Problem05_label47+token_ring.13.cil-2.yml	false	TIMEOUT	910.041629672	826.6983732329973	15000.043520	cloud-24259	OUT OF MEMORY	596.567245825	531.3955442279985	15000.039424	cloud-23979	OUT OF MEMORY	453.008008733	403.2655866529967	15000.154112	cloud-23943
combinations/pc_sfifo_1.cil-1+token_ring.08.cil-1.yml	false	false(unreach-call)	88.347416434	59.0260432829964	1213.714432	cloud-23979	false(unreach-call)	81.370844096	55.153153251012554	1087.528960	cloud-23979	TIMEOUT	990.353263055	956.9555607110087	1332.068352	cloud-23980
combinations/pc_sfifo_1.cil-1+token_ring.11.cil-2.yml	false	false(unreach-call)	130.482753073	91.67105071700644	1452.670976	cloud-23933	false(unreach-call)	114.913226126	81.09131821000483	1545.687040	cloud-23980	TIMEOUT	990.525851051	948.6734585009981	1593.421824	cloud-23982
combinations/pc_sfifo_1.cil-1+token_ring.12.cil-2.yml	false	false(unreach-call)	165.669680758	117.13611865401617	1729.568768	cloud-24259	false(unreach-call)	141.959589127	102.89398938999511	1732.685824	cloud-23982	TIMEOUT	990.461676396	954.3740086999896	1793.355776	cloud-23941
combinations/pc_sfifo_1.cil-1+token_ring.13.cil-2.yml	false	false(unreach-call)	141.541549895	104.25500106799882	2182.680576	cloud-23979	false(unreach-call)	139.26581586	103.47147638199385	1853.177856	cloud-23933	TIMEOUT	990.568398122	945.292259357986	2401.161216	cloud-23980
combinations/pc_sfifo_1.cil-2+token_ring.01.cil-1.yml	true	true	99.974488704	70.62814339701436	893.472768	cloud-23933	true	104.311034575	76.1363661949872	942.596096	cloud-23933	TIMEOUT	990.360846195	964.3977628879948	858.710016	cloud-23933
combinations/pc_sfifo_1.cil-2+token_ring.01.cil-2.yml	false	false(unreach-call)	110.414484603	75.97206762098358	937.713664	cloud-24260	false(unreach-call)	100.536804678	72.10440691802069	827.260928	cloud-23933	TIMEOUT	990.327706573	965.0261707990139	850.206720	cloud-23980
combinations/pc_sfifo_1.cil-2+token_ring.02.cil-1.yml	true	TIMEOUT	990.695376906	928.5231821930065	2026.287104	cloud-24259	true	219.067254643	184.85064105602214	937.664512	cloud-23982	TIMEOUT	990.393067392	958.2527881209971	856.203264	cloud-23933
combinations/pc_sfifo_1.cil-2+token_ring.02.cil-2.yml	false	false(unreach-call)	159.827665571	122.36572983500082	886.632448	cloud-23933	false(unreach-call)	165.915620202	132.41359590599313	898.416640	cloud-23979	TIMEOUT	990.379980958	964.2718850310193	966.713344	cloud-23979
combinations/pc_sfifo_1.cil-2+token_ring.03.cil-1.yml	false	TIMEOUT	990.404154406	942.8767583169974	951.635968	cloud-23933	false(unreach-call)	319.65065055	282.97136943400255	1041.133568	cloud-23979	TIMEOUT	990.388012417	959.914081468014	940.609536	cloud-23979
combinations/pc_sfifo_1.cil-2+token_ring.03.cil-2.yml	true	TIMEOUT	990.456462469	947.801723956989	1115.615232	cloud-24259	true	563.781534343	523.222255945002	966.660096	cloud-23938	TIMEOUT	990.339680834	960.2612163909944	998.699008	cloud-23982
combinations/pc_sfifo_2.cil-1+token_ring.01.cil-1.yml	true	true	166.808652588	129.8782173590007	1061.998592	cloud-24260	true	166.963357297	135.03566432598745	920.195072	cloud-23938	TIMEOUT	990.329167097	965.9543681289942	878.067712	cloud-23979
combinations/pc_sfifo_2.cil-1+token_ring.01.cil-2.yml	false	false(unreach-call)	133.472362242	99.6561756979936	796.164096	cloud-24259	false(unreach-call)	128.468977174	96.50945890901494	770.764800	cloud-23938	TIMEOUT	990.310091716	964.5340348979807	797.462528	cloud-23980
combinations/pc_sfifo_2.cil-1+token_ring.02.cil-1.yml	true	TIMEOUT	990.50682007	937.596960875002	1100.980224	cloud-24259	true	234.951167477	201.89702814799966	1040.531456	cloud-23933	TIMEOUT	990.36663536	966.3925027489895	923.025408	cloud-23979
combinations/pc_sfifo_2.cil-1+token_ring.02.cil-2.yml	false	TIMEOUT	990.489374673	937.2509697780188	1102.417920	cloud-24260	false(unreach-call)	263.768979951	228.18417366201174	992.649216	cloud-23938	TIMEOUT	990.368505997	960.0920699120034	884.006912	cloud-23933
combinations/pc_sfifo_2.cil-1+token_ring.03.cil-1.yml	false	TIMEOUT	990.480501737	939.3120821019984	1133.801472	cloud-23933	false(unreach-call)	348.179474835	317.3156613680185	985.141248	cloud-23943	TIMEOUT	990.326728051	965.18655356401	892.129280	cloud-23933
combinations/pc_sfifo_2.cil-1+token_ring.03.cil-2.yml	true	TIMEOUT	990.534267132	934.1191040010017	1256.771584	cloud-24260	true	665.014698019	622.8270836329903	1207.345152	cloud-23938	TIMEOUT	990.243982165	971.5583556700149	950.546432	cloud-23944
combinations/pc_sfifo_2.cil-2+token_ring.02.cil-1.yml	false	false(unreach-call)	53.394739259	30.334548893006286	856.846336	cloud-23979	false(unreach-call)	46.225546637	27.21843224798795	777.355264	cloud-23933	TIMEOUT	990.297737942	959.2347566800017	803.700736	cloud-23982
combinations/pc_sfifo_2.cil-2+token_ring.03.cil-2.yml	false	false(unreach-call)	61.339513975	36.83744814599049	794.632192	cloud-23933	false(unreach-call)	60.376880311	35.21440806699684	789.782528	cloud-23979	TIMEOUT	990.358084205	964.7284703199985	852.553728	cloud-23979
combinations/pc_sfifo_2.cil-2+token_ring.04.cil-1.yml	false	false(unreach-call)	70.983876575	44.242811262985924	925.052928	cloud-23933	false(unreach-call)	71.33281548	43.66175272499095	938.680320	cloud-23938	TIMEOUT	990.372338159	960.877616910002	985.444352	cloud-23979
combinations/pc_sfifo_2.cil-2+token_ring.05.cil-1.yml	false	false(unreach-call)	69.013623529	43.71444013400469	974.520320	cloud-23979	false(unreach-call)	62.489457478	40.27161040599458	953.503744	cloud-23980	TIMEOUT	990.369772968	959.9499871739827	996.282368	cloud-23933
combinations/pc_sfifo_2.cil-2+token_ring.06.cil-2.yml	false	false(unreach-call)	85.997742947	55.268305203004275	891.174912	cloud-24260	false(unreach-call)	74.571049719	47.73458100500284	1056.501760	cloud-23979	TIMEOUT	990.415598818	956.010955367994	1007.800320	cloud-23933
combinations/pc_sfifo_2.cil-2+token_ring.07.cil-1.yml	false	false(unreach-call)	85.761995151	57.79028411199397	1019.174912	cloud-24259	false(unreach-call)	92.383027836	60.169395523989806	1053.798400	cloud-23933	TIMEOUT	990.482772141	943.6787529580179	1098.133504	cloud-23933
combinations/pc_sfifo_2.cil-2+token_ring.08.cil-1.yml	false	false(unreach-call)	114.229266355	75.40920975799963	1151.553536	cloud-24259	false(unreach-call)	93.044512155	61.04499202800798	1082.519552	cloud-23979	TIMEOUT	990.481975529	956.2514069119934	1330.511872	cloud-23933
combinations/pc_sfifo_2.cil-2+token_ring.09.cil-1.yml	false	false(unreach-call)	102.399634564	68.7925474520016	990.044160	cloud-23979	false(unreach-call)	128.924035073	84.83246152999345	1192.218624	cloud-23982	TIMEOUT	990.448157593	954.6875973760034	1486.024704	cloud-23980
combinations/pc_sfifo_2.cil-2+token_ring.10.cil-2.yml	false	false(unreach-call)	110.041141481	76.50638127299317	1255.522304	cloud-24261	false(unreach-call)	117.647409695	81.47629793302622	1047.900160	cloud-23980	TIMEOUT	990.497403601	949.1820945259824	1425.870848	cloud-23979
combinations/pc_sfifo_2.cil-2+token_ring.11.cil-2.yml	false	false(unreach-call)	137.48382048	96.44372552700224	1471.655936	cloud-23933	false(unreach-call)	132.132997686	95.40235768601997	1206.435840	cloud-23982	TIMEOUT	990.468202452	944.5081506050192	1445.208064	cloud-23982
combinations/pc_sfifo_2.cil-2+token_ring.12.cil-2.yml	false	false(unreach-call)	121.594779089	87.40462015898083	1583.751168	cloud-23941	false(unreach-call)	140.24863469	100.38760105098481	1714.712576	cloud-23938	TIMEOUT	990.506845553	947.9844823149906	2003.378176	cloud-23979
combinations/pc_sfifo_2.cil-2+token_ring.13.cil-2.yml	false	false(unreach-call)	191.680245831	138.86799476698798	1880.440832	cloud-24259	false(unreach-call)	136.554718763	101.16385394000099	2207.277056	cloud-23933	TIMEOUT	990.630559001	939.5685779929918	2469.756928	cloud-23938
combinations/pc_sfifo_3.cil+token_ring.01.cil-1.yml	true	true	89.628418502	58.025076346995775	936.284160	cloud-23933	true	84.911747236	57.59157658700133	918.753280	cloud-23980	TIMEOUT	990.342718398	966.1855860819924	911.245312	cloud-23979
combinations/pc_sfifo_3.cil+token_ring.01.cil-2.yml	false	false(unreach-call)	68.893528794	40.27245216598385	760.954880	cloud-24260	false(unreach-call)	54.207243354	32.32185299898265	810.418176	cloud-23979	TIMEOUT	990.344813154	964.3594481619948	878.968832	cloud-23980
combinations/pc_sfifo_3.cil+token_ring.02.cil-1.yml	true	TIMEOUT	990.419301611	938.5795291179966	965.857280	cloud-24259	true	340.340982638	302.0961617430148	1123.213312	cloud-23982	TIMEOUT	990.418366632	959.4805076329794	835.104768	cloud-23938
combinations/pc_sfifo_3.cil+token_ring.02.cil-2.yml	false	TIMEOUT	990.417513739	950.7168652580003	1492.557824	cloud-23944	false(unreach-call)	304.120657331	267.00680371699855	971.661312	cloud-23982	TIMEOUT	990.328843723	958.4900448179978	959.045632	cloud-23980
combinations/pc_sfifo_3.cil+token_ring.03.cil-1.yml	false	TIMEOUT	990.509946921	938.1980143759865	1290.596352	cloud-24259	false(unreach-call)	458.214538175	415.87375693398644	1046.671360	cloud-23979	TIMEOUT	990.376898847	959.7878817049786	974.757888	cloud-23938
combinations/pc_sfifo_3.cil+token_ring.03.cil-2.yml	true	TIMEOUT	990.43016406	938.3541791830212	1034.428416	cloud-23933	true	542.763707689	505.5044954229961	1029.816320	cloud-23979	TIMEOUT	990.357699494	959.0644176589849	907.939840	cloud-23979
eca-rers2012/Problem01_label00.yml	true	true	107.20664601	76.57012355601182	1165.688832	cloud-24260	true	99.001176003	72.76872084199567	1148.743680	cloud-23980	TIMEOUT	990.351578451	962.7883971300034	1017.454592	cloud-23938
eca-rers2012/Problem01_label01.yml	true	true	92.488847918	64.9356459749979	1084.481536	cloud-23979	true	114.884647839	83.79570723700454	1095.487488	cloud-23982	TIMEOUT	990.395428998	960.9326995839947	888.348672	cloud-23982
eca-rers2012/Problem01_label02.yml	true	true	78.888423696	56.82448662800016	1123.434496	cloud-24259	true	88.294883868	61.68378099001711	1002.352640	cloud-23938	TIMEOUT	990.353738575	965.7977054069925	935.624704	cloud-23979
eca-rers2012/Problem01_label03.yml	true	true	105.643365397	77.67795692500658	1230.405632	cloud-23979	true	116.448584474	86.09861573501257	1129.410560	cloud-23938	TIMEOUT	990.367559627	960.4678261110093	974.409728	cloud-23938
eca-rers2012/Problem01_label04.yml	true	true	110.735802095	80.5184849149955	1134.854144	cloud-23979	true	117.241559848	87.87012971198419	1156.124672	cloud-23938	TIMEOUT	990.316362587	968.5465912419895	1027.010560	cloud-23939
eca-rers2012/Problem01_label05.yml	true	true	100.084681163	71.55710151299718	1183.993856	cloud-23933	true	92.291755594	66.75362492198474	1073.250304	cloud-23980	TIMEOUT	990.377107336	960.0268999119871	1081.806848	cloud-23982
eca-rers2012/Problem01_label06.yml	true	true	93.151701074	67.3585373179958	1195.827200	cloud-24261	true	116.217966015	84.37949721098994	965.742592	cloud-23938	TIMEOUT	990.337421059	964.1161645629909	898.965504	cloud-23979
eca-rers2012/Problem01_label07.yml	true	true	90.442925573	64.78802909200022	1090.334720	cloud-24261	true	123.354317908	88.16151603599428	1113.722880	cloud-23982	TIMEOUT	990.323566422	971.2694629770122	1049.882624	cloud-23980
eca-rers2012/Problem01_label08.yml	true	true	139.075216722	103.41647378700145	1246.363648	cloud-24259	true	130.219128282	97.1957992449752	1069.936640	cloud-23938	TIMEOUT	990.390079048	961.5337832710065	1013.350400	cloud-23982
eca-rers2012/Problem01_label09.yml	true	true	102.336392504	72.90355811800691	1163.378688	cloud-23979	true	107.596362875	81.62617029898684	1099.272192	cloud-23982	TIMEOUT	990.3638853	962.066708555998	1063.530496	cloud-23982
eca-rers2012/Problem01_label10.yml	true	true	86.095723324	64.55152403199463	1127.731200	cloud-24259	true	107.229158481	82.25301284698071	987.484160	cloud-23980	TIMEOUT	990.392463165	965.790766243008	1023.578112	cloud-23980
eca-rers2012/Problem01_label11.yml	true	true	138.273890414	102.50028104698868	1024.749568	cloud-24259	true	116.372798439	87.35214514398831	1081.950208	cloud-23979	TIMEOUT	990.382578095	961.6145530600043	1077.092352	cloud-23982
eca-rers2012/Problem01_label12.yml	true	true	100.363618101	71.08976162300678	1076.543488	cloud-23979	true	93.318576281	65.59858012999757	1145.724928	cloud-23979	TIMEOUT	990.391140334	964.7700222819985	911.642624	cloud-23933
eca-rers2012/Problem01_label13.yml	true	true	112.039150415	79.55508170399116	1201.033216	cloud-24260	true	101.300214735	72.29508472999441	1033.900032	cloud-23938	TIMEOUT	990.397065485	960.553535287996	874.717184	cloud-23938
eca-rers2012/Problem01_label14.yml	true	true	80.292243998	55.84753394199652	1089.028096	cloud-23979	true	101.103865327	70.65426069902605	1059.573760	cloud-23938	TIMEOUT	990.397609853	965.8652825110184	1185.431552	cloud-23979
eca-rers2012/Problem01_label15.yml	false	false(unreach-call)	85.732542414	55.67513802801841	1224.454144	cloud-23979	false(unreach-call)	91.860448778	61.72334978199797	1040.486400	cloud-23982	TIMEOUT	990.3867442	962.9055399869976	1057.243136	cloud-23938
eca-rers2012/Problem01_label16.yml	true	true	107.085727368	78.58799483199255	1096.495104	cloud-23979	true	116.288317407	85.20763019297738	1039.671296	cloud-23933	TIMEOUT	990.40173123	961.0225057350181	1161.953280	cloud-23933
eca-rers2012/Problem01_label17.yml	true	true	95.588571436	69.1400981570041	1163.821056	cloud-24261	true	97.179732676	68.04924763701274	1060.507648	cloud-23979	TIMEOUT	990.318828981	969.5723153720028	925.630464	cloud-23980
eca-rers2012/Problem01_label18.yml	true	true	95.200727404	67.21489164000377	1112.793088	cloud-23979	true	93.720594257	70.25065227699815	953.442304	cloud-23980	TIMEOUT	990.420757109	961.3557029250078	1173.819392	cloud-23938
eca-rers2012/Problem01_label19.yml	true	true	107.803968531	75.25552939198678	1096.548352	cloud-23933	true	114.070139913	81.81618132800213	1044.324352	cloud-23982	TIMEOUT	990.378040337	964.133677232021	1037.156352	cloud-23982
eca-rers2012/Problem01_label20.yml	false	false(unreach-call)	90.131120862	60.89102574400022	1202.192384	cloud-23979	false(unreach-call)	112.166438848	77.32778448000317	1045.282816	cloud-23982	TIMEOUT	990.34173397	964.05850245498	1038.475264	cloud-23982
eca-rers2012/Problem01_label21.yml	false	false(unreach-call)	84.046549857	54.38144061699859	991.211520	cloud-23979	false(unreach-call)	80.491310479	53.60391006601276	1191.944192	cloud-23979	TIMEOUT	990.388300829	962.0212970119901	1024.495616	cloud-23933
eca-rers2012/Problem01_label22.yml	true	true	103.028924	73.46289341000374	1105.952768	cloud-23979	true	99.154590751	73.09899205798865	1041.915904	cloud-23980	TIMEOUT	990.396243692	961.5419379090017	1009.934336	cloud-23938
eca-rers2012/Problem01_label23.yml	true	true	129.11059708	91.31541898401338	1107.243008	cloud-24259	true	113.507566315	81.89005557302153	1039.810560	cloud-23982	TIMEOUT	990.30274367	969.1050476550008	1026.232320	cloud-23940
eca-rers2012/Problem01_label24.yml	true	true	102.235583507	75.11448273900896	1122.463744	cloud-24259	true	97.579463567	70.88662890999694	1026.265088	cloud-23980	TIMEOUT	990.427644106	963.4092023389821	1049.829376	cloud-23933
eca-rers2012/Problem01_label25.yml	true	true	116.896064395	82.61951770399173	1018.335232	cloud-24259	true	113.249400483	80.69607751999865	901.730304	cloud-23938	TIMEOUT	990.326853545	967.8288979250065	1058.222080	cloud-23980
eca-rers2012/Problem01_label26.yml	true	true	71.704338077	49.499209047993645	1094.742016	cloud-23940	true	94.898266612	65.58855865700752	1071.788032	cloud-23938	TIMEOUT	990.344907548	961.2615447599965	965.926912	cloud-23982
eca-rers2012/Problem01_label27.yml	true	true	83.547247527	56.82724241298274	946.151424	cloud-23979	true	98.093229856	68.52456587000052	940.150784	cloud-23982	TIMEOUT	990.348722172	966.1925862109929	981.909504	cloud-23980
eca-rers2012/Problem01_label28.yml	true	true	89.470485066	62.42775570199592	1166.356480	cloud-23933	true	84.407130458	57.81282815799932	1326.837760	cloud-23979	TIMEOUT	990.359774127	961.5187043740007	1061.605376	cloud-23938
eca-rers2012/Problem01_label29.yml	true	true	122.057556407	85.9725160550006	1221.042176	cloud-24259	true	86.175180491	62.408098726999015	1106.452480	cloud-23979	TIMEOUT	990.35799383	960.6619821319764	942.534656	cloud-23938
eca-rers2012/Problem01_label30.yml	true	true	106.22264259	75.12367847701535	1002.917888	cloud-24260	true	92.93114551	67.96473733300809	1192.923136	cloud-23938	TIMEOUT	990.35221497	968.7197209050064	943.804416	cloud-23980
eca-rers2012/Problem01_label31.yml	true	true	99.522951613	70.68352694099303	938.303488	cloud-23933	true	108.10812737	79.61045115598245	1116.643328	cloud-23982	TIMEOUT	990.307492283	963.1226792219968	1040.117760	cloud-23982
eca-rers2012/Problem01_label32.yml	false	false(unreach-call)	124.648875516	92.15751166499103	1146.630144	cloud-23979	false(unreach-call)	124.507581651	93.63169302800088	1154.699264	cloud-23980	TIMEOUT	990.313498355	962.1413887600065	1161.543680	cloud-23982
eca-rers2012/Problem01_label33.yml	false	false(unreach-call)	137.782579409	101.19014825599152	1100.517376	cloud-24259	false(unreach-call)	124.50046148	92.09489064998343	1097.900032	cloud-23982	TIMEOUT	990.318267834	966.5643819569959	1102.553088	cloud-23979
eca-rers2012/Problem01_label34.yml	true	true	143.908692856	108.57360407699889	1043.529728	cloud-24259	true	134.570031715	102.01995903401985	1100.419072	cloud-23982	TIMEOUT	990.385058588	963.008201737015	960.954368	cloud-23938
eca-rers2012/Problem01_label35.yml	false	false(unreach-call)	83.292964709	53.69324764900375	974.655488	cloud-23979	false(unreach-call)	81.050557044	52.836037429980934	1094.361088	cloud-23979	TIMEOUT	990.32642526	964.4539817009936	914.554880	cloud-23979
eca-rers2012/Problem01_label36.yml	true	true	99.463877263	75.26371013501193	1066.213376	cloud-24261	true	83.868649353	61.73475844899076	1101.967360	cloud-23939	TIMEOUT	990.376481872	962.3459950209945	1009.451008	cloud-23938
eca-rers2012/Problem01_label37.yml	false	false(unreach-call)	104.580606423	72.29211195700918	1059.233792	cloud-23933	false(unreach-call)	98.138301585	72.79537419098779	1130.352640	cloud-23982	TIMEOUT	990.403082618	963.923116837017	1026.805760	cloud-23979
eca-rers2012/Problem01_label38.yml	false	false(unreach-call)	96.704818253	67.50019705601153	1246.425088	cloud-23933	false(unreach-call)	102.669346025	74.56118330301251	1076.736000	cloud-23980	TIMEOUT	990.3909821	960.4135280109767	938.217472	cloud-23938
eca-rers2012/Problem01_label39.yml	true	true	86.193479958	59.24338034700486	1081.483264	cloud-23979	true	98.328223106	67.79224496500683	1002.934272	cloud-23933	TIMEOUT	990.34487812	962.6701660889958	928.030720	cloud-23933
eca-rers2012/Problem01_label40.yml	true	true	98.892496341	68.67748572101118	1300.676608	cloud-24259	true	86.41953045	59.60129670597962	1055.682560	cloud-23933	TIMEOUT	990.340092294	964.6644820480142	1029.672960	cloud-23982
eca-rers2012/Problem01_label41.yml	true	true	80.681724537	58.84362316399347	1111.445504	cloud-24259	true	66.980419729	48.366607920994284	1047.056384	cloud-23944	TIMEOUT	990.323986302	964.6956834290177	1077.055488	cloud-23979
eca-rers2012/Problem01_label42.yml	true	true	95.012887641	64.83652553401771	1080.442880	cloud-23979	true	93.407123654	66.6613399979833	1148.305408	cloud-23980	TIMEOUT	990.348115872	966.0299999810231	1019.850752	cloud-23980
eca-rers2012/Problem01_label43.yml	true	true	93.739832199	66.38161722401856	1055.846400	cloud-23933	true	109.769161187	75.70865166501608	1056.473088	cloud-23982	TIMEOUT	990.439040296	962.7374124210037	1017.049088	cloud-23938
eca-rers2012/Problem01_label44.yml	false	false(unreach-call)	68.670542312	43.953337740997085	917.442560	cloud-23979	false(unreach-call)	81.836388219	52.93215391400736	1062.395904	cloud-23938	TIMEOUT	990.318333008	966.6406263219833	1095.700480	cloud-23980
eca-rers2012/Problem01_label45.yml	true	true	130.411741804	95.08487351800431	1100.828672	cloud-24259	true	110.282795166	83.12577661601244	1186.557952	cloud-23933	TIMEOUT	990.371389652	964.1103477900033	970.858496	cloud-23933
eca-rers2012/Problem01_label46.yml	true	true	109.267042658	80.46223217999795	1104.027648	cloud-23979	true	103.196891811	76.47227169398684	1163.694080	cloud-23979	TIMEOUT	990.322394377	965.0654487309803	998.395904	cloud-23979
eca-rers2012/Problem01_label47.yml	false	false(unreach-call)	123.823425175	93.1374747910013	1235.070976	cloud-24261	false(unreach-call)	116.594337768	86.11637373798294	1207.156736	cloud-23933	TIMEOUT	990.301629536	968.6988614329894	992.026624	cloud-23942
eca-rers2012/Problem01_label48.yml	true	true	90.338695936	62.11846814799355	1147.514880	cloud-23933	true	88.050208123	61.973484004003694	1050.300416	cloud-23933	TIMEOUT	990.369252138	961.2574160379882	1040.441344	cloud-23982
eca-rers2012/Problem01_label49.yml	true	true	94.564985051	65.5476093729958	1123.115008	cloud-23979	true	103.56963209	74.40953747200547	1038.024704	cloud-23938	TIMEOUT	990.38422397	965.8722248080012	1019.637760	cloud-23979
eca-rers2012/Problem01_label50.yml	false	false(unreach-call)	138.882683662	103.39033131899487	1159.204864	cloud-24260	false(unreach-call)	112.086672478	84.87615751998965	1168.109568	cloud-23933	TIMEOUT	990.313593405	967.8646228449943	1050.636288	cloud-23980
eca-rers2012/Problem01_label51.yml	true	true	92.654050222	63.05170147298486	1131.839488	cloud-23933	true	93.180105035	64.73114129598252	1104.138240	cloud-23933	TIMEOUT	990.416419263	959.1010144810134	976.601088	cloud-23938
eca-rers2012/Problem01_label52.yml	true	true	91.61858295	63.981414175010286	935.276544	cloud-23933	true	94.920343232	65.67706630198518	1192.689664	cloud-23938	TIMEOUT	990.394967415	962.984381747985	1018.298368	cloud-23938
eca-rers2012/Problem01_label53.yml	true	true	98.839756267	67.94695450499421	931.307520	cloud-23933	true	82.502095583	57.5910257359792	1081.237504	cloud-23979	TIMEOUT	990.358733915	966.0782446039957	1006.882816	cloud-23980
eca-rers2012/Problem01_label54.yml	true	true	89.26794378	61.59561015598592	973.160448	cloud-23979	true	91.825100407	64.69092905099387	1062.129664	cloud-23933	TIMEOUT	990.39671221	963.4112944820081	1008.160768	cloud-23979
eca-rers2012/Problem01_label55.yml	true	true	71.964172066	50.740778038991266	1149.820928	cloud-24259	true	88.459719057	62.76937972800806	1096.130560	cloud-23980	TIMEOUT	990.418452367	961.8186134630232	1016.074240	cloud-23938
eca-rers2012/Problem01_label56.yml	false	false(unreach-call)	100.88086293	72.78105650100042	1204.338688	cloud-24259	false(unreach-call)	109.770491899	78.15845102700405	1052.000256	cloud-23938	TIMEOUT	990.37678311	963.206562042993	1096.744960	cloud-23979
eca-rers2012/Problem01_label57.yml	false	false(unreach-call)	105.264788843	71.5228837239847	1421.770752	cloud-23933	false(unreach-call)	90.185858564	62.92061662799097	1178.193920	cloud-23933	TIMEOUT	990.316022884	968.3199101859936	939.765760	cloud-23941
eca-rers2012/Problem01_label58.yml	true	true	119.520887474	92.34749464399647	1197.940736	cloud-24259	true	118.736692843	90.28577045199927	1089.798144	cloud-23938	TIMEOUT	990.310010267	963.8515706410108	1005.203456	cloud-23980
eca-rers2012/Problem01_label59.yml	true	true	106.169412845	73.96568630699767	1019.674624	cloud-24260	true	88.409984347	64.17831213501631	1108.205568	cloud-23979	TIMEOUT	990.371564709	968.7137273850094	1029.623808	cloud-23980
eca-rers2012/Problem02_label00.yml	true	true	93.242871937	63.71644461600226	976.232448	cloud-23933	true	106.073099088	75.38865514402278	932.626432	cloud-23982	TIMEOUT	990.297289397	962.9290332660021	874.536960	cloud-23982
eca-rers2012/Problem02_label01.yml	true	true	89.74914891	60.881183099991176	1190.576128	cloud-23933	true	92.937001113	64.90536346498993	990.875648	cloud-23938	TIMEOUT	990.345852189	965.607579367992	971.001856	cloud-23980
eca-rers2012/Problem02_label02.yml	true	true	131.395410489	97.64287882699864	1169.448960	cloud-23933	true	141.601022989	109.186204749014	1184.960512	cloud-23938	TIMEOUT	990.34293987	965.1722268029989	980.320256	cloud-23979
eca-rers2012/Problem02_label03.yml	true	true	87.020186085	58.50392000598367	1014.050816	cloud-23933	true	89.793413989	63.22087658601231	910.610432	cloud-23982	TIMEOUT	990.39743184	965.6896162870107	1010.610176	cloud-23980
eca-rers2012/Problem02_label04.yml	true	true	103.043098511	71.31078053702367	1062.400000	cloud-23933	true	97.175613118	69.92597583201132	939.282432	cloud-23980	TIMEOUT	990.357409506	961.2734012129949	988.442624	cloud-23938
eca-rers2012/Problem02_label05.yml	true	true	99.226861242	67.13493791298242	1042.997248	cloud-24260	true	90.690507288	62.1209766480024	1046.847488	cloud-23938	TIMEOUT	990.358964894	961.9242765870003	931.905536	cloud-23938
eca-rers2012/Problem02_label06.yml	true	true	126.440516958	93.86778964998666	1017.393152	cloud-23979	true	153.050779475	116.79285330499988	985.960448	cloud-23982	TIMEOUT	990.383058997	963.992831429001	887.205888	cloud-23979
eca-rers2012/Problem02_label07.yml	true	true	87.59409078	59.25084547200822	982.081536	cloud-23979	true	77.56280392	53.63429541300866	949.633024	cloud-23933	TIMEOUT	990.37433804	963.6876329369843	1115.394048	cloud-23933
eca-rers2012/Problem02_label08.yml	true	true	107.40904338	79.59673217800446	1013.358592	cloud-23979	true	132.095249681	98.43137982301414	1174.704128	cloud-23938	TIMEOUT	990.302180102	964.4055208729987	879.468544	cloud-23982
eca-rers2012/Problem02_label09.yml	true	true	87.643550086	61.923376139005995	920.854528	cloud-24259	true	104.578437238	71.24286414901144	1091.006464	cloud-23982	TIMEOUT	990.350222118	967.6515222890012	1075.396608	cloud-23933
eca-rers2012/Problem02_label10.yml	true	true	89.188590381	64.93692761400598	931.418112	cloud-24261	true	90.426474847	65.73002068599453	953.090048	cloud-23980	TIMEOUT	990.456420275	961.9854620229744	1101.615104	cloud-23938
eca-rers2012/Problem02_label11.yml	true	true	102.469356568	72.81736835598713	1335.791616	cloud-23979	true	105.633239253	79.45400269600214	1187.377152	cloud-23980	TIMEOUT	990.269595699	971.3578956789861	902.852608	cloud-23980
eca-rers2012/Problem02_label12.yml	true	true	113.369573917	82.10429428800126	940.498944	cloud-23933	true	89.35136938	64.01033517700853	1267.957760	cloud-23979	TIMEOUT	990.372108158	963.8372726310045	983.625728	cloud-23982
eca-rers2012/Problem02_label13.yml	false	false(unreach-call)	94.77494827	61.53867901000194	983.625728	cloud-23979	false(unreach-call)	84.926794205	57.54255645899684	1127.272448	cloud-23979	TIMEOUT	990.387721253	961.5921772309812	906.436608	cloud-23938
eca-rers2012/Problem02_label14.yml	true	true	93.031523382	64.49180079600774	1025.855488	cloud-24260	true	107.250664565	76.53903061398887	1359.560704	cloud-23982	TIMEOUT	990.436077134	961.6178695549897	902.295552	cloud-23938
eca-rers2012/Problem02_label15.yml	true	true	80.7705969	55.85135248702136	1274.621952	cloud-23979	true	107.441907923	72.95192042298731	972.795904	cloud-23982	TIMEOUT	990.388372903	969.0439755179978	1018.236928	cloud-23980
eca-rers2012/Problem02_label16.yml	false	false(unreach-call)	99.518784472	67.57298244599951	1060.683776	cloud-24260	false(unreach-call)	89.547097202	62.98978943700786	1008.332800	cloud-23982	TIMEOUT	990.375455872	962.6401203870191	1024.995328	cloud-23938
eca-rers2012/Problem02_label17.yml	true	true	105.604336436	74.81800342499628	1267.585024	cloud-23933	true	110.388464874	80.93287222800427	1211.039744	cloud-23980	TIMEOUT	990.34185327	962.630513983022	1095.569408	cloud-23982
eca-rers2012/Problem02_label18.yml	true	true	120.110669158	85.74897951100138	1131.589632	cloud-24260	true	104.715844488	76.42555950998212	1098.108928	cloud-23979	TIMEOUT	990.401064954	964.0570095650037	994.746368	cloud-23933
eca-rers2012/Problem02_label19.yml	true	true	80.853535731	58.24274462599715	1127.346176	cloud-24259	true	63.282964682	44.75553930300521	1018.175488	cloud-23944	TIMEOUT	990.359635263	961.6038669219997	899.788800	cloud-23982
eca-rers2012/Problem02_label20.yml	true	true	75.475968939	51.07618076400831	990.552064	cloud-23933	true	85.015784607	55.84966466901824	1124.012032	cloud-23933	TIMEOUT	990.375718456	963.2998254169943	1178.828800	cloud-23938
eca-rers2012/Problem02_label21.yml	true	true	108.953337521	74.54675718299404	911.163392	cloud-24260	true	101.275832481	71.9701814900036	1291.468800	cloud-23938	TIMEOUT	990.329037985	963.908831696026	885.460992	cloud-23979
eca-rers2012/Problem02_label22.yml	true	true	100.59078814	69.72096387800411	924.725248	cloud-24260	true	93.098753688	65.12729832998593	955.195392	cloud-23933	TIMEOUT	990.373109295	962.8991174530238	1006.723072	cloud-23938
eca-rers2012/Problem02_label23.yml	true	true	89.766749119	62.235773672000505	1045.286912	cloud-23979	true	96.144061427	68.97422274699784	1004.834816	cloud-23938	TIMEOUT	990.410815542	960.6579809669929	876.810240	cloud-23938
eca-rers2012/Problem02_label24.yml	true	true	117.637503949	81.05763103300706	931.487744	cloud-24259	true	103.024489123	73.12568704900332	1150.509056	cloud-23980	TIMEOUT	990.360808756	966.842352674983	872.566784	cloud-23933
eca-rers2012/Problem02_label25.yml	true	true	91.484237684	64.62339109800814	1015.390208	cloud-24261	true	107.479081981	78.2886189359997	1279.180800	cloud-23982	TIMEOUT	990.338999776	966.0089523660135	1070.878720	cloud-23982
eca-rers2012/Problem02_label26.yml	true	true	85.140524602	57.38093954601209	942.374912	cloud-23933	true	67.073355145	47.01008859500871	909.856768	cloud-23943	TIMEOUT	990.362526426	961.5182776169968	1061.310464	cloud-23933
eca-rers2012/Problem02_label27.yml	true	true	90.89169989	62.30913833001978	1006.460928	cloud-23979	true	87.569036483	60.433217647019774	1015.418880	cloud-23979	TIMEOUT	990.38486721	962.8451263440074	1000.718336	cloud-23933
eca-rers2012/Problem02_label28.yml	true	true	89.216625862	61.65013620001264	1122.385920	cloud-23979	true	88.846183891	62.93063073698431	989.978624	cloud-23979	TIMEOUT	990.385355324	965.3763276950049	1125.539840	cloud-23979
eca-rers2012/Problem02_label29.yml	true	true	75.173122694	51.395917216010275	1255.260160	cloud-24261	true	77.442138866	53.23312920299941	1027.391488	cloud-23979	TIMEOUT	990.299385345	963.405157280009	1112.367104	cloud-23980
eca-rers2012/Problem02_label30.yml	true	true	84.427308365	56.9856443979952	999.366656	cloud-23979	true	81.147839435	56.103270704013994	1074.876416	cloud-23979	TIMEOUT	990.394557433	966.5667537469999	1028.919296	cloud-23979
eca-rers2012/Problem02_label31.yml	true	true	74.132274866	50.54597785198712	945.885184	cloud-23979	true	86.99159579	61.57990482801688	1231.163392	cloud-23980	TIMEOUT	990.370499271	962.0668301880069	1034.444800	cloud-23938
eca-rers2012/Problem02_label32.yml	true	true	88.119101403	62.024418660992524	1164.419072	cloud-23933	true	101.205931199	69.1783442760061	930.357248	cloud-23982	TIMEOUT	990.287547892	968.639871271007	1003.196416	cloud-23940
eca-rers2012/Problem02_label33.yml	true	true	90.125955919	62.98857655399479	1222.598656	cloud-24259	true	97.568889129	66.72229871799937	949.809152	cloud-23938	TIMEOUT	990.372682873	963.4656906849996	1019.207680	cloud-23933
eca-rers2012/Problem02_label34.yml	true	true	138.170219456	105.0146486290032	1195.196416	cloud-23933	true	157.383357507	120.59677282199846	1120.436224	cloud-23938	TIMEOUT	990.355909219	962.2579466380121	875.327488	cloud-23938
eca-rers2012/Problem02_label35.yml	true	true	73.567905068	49.89824893997866	1015.996416	cloud-23939	true	79.17231316	53.58292433197494	1071.104000	cloud-23979	TIMEOUT	990.392282779	960.2301218539942	1023.676416	cloud-23938
eca-rers2012/Problem02_label36.yml	true	true	89.515991117	60.69348649101448	1137.258496	cloud-23933	true	75.12665273	51.14558718900662	1181.257728	cloud-23979	TIMEOUT	990.424116011	964.9029954779835	980.631552	cloud-23979
eca-rers2012/Problem02_label37.yml	true	true	86.688873827	58.39384128397796	1036.845056	cloud-23933	true	91.916031759	62.139764230989385	960.598016	cloud-23938	TIMEOUT	990.387190221	960.4845978689846	1059.618816	cloud-23933
eca-rers2012/Problem02_label38.yml	true	true	98.328104549	68.29405410098843	980.865024	cloud-24260	true	112.617739658	79.5234142249974	1070.063616	cloud-23982	TIMEOUT	990.384710938	963.8750036570127	867.512320	cloud-23938
eca-rers2012/Problem02_label39.yml	true	true	87.19076003	60.34054756801925	964.980736	cloud-23979	true	92.389399126	65.20458503701957	1156.161536	cloud-23933	TIMEOUT	990.314024956	965.4018511220056	993.574912	cloud-23980
eca-rers2012/Problem02_label40.yml	true	true	109.967767343	75.71226288800244	1004.269568	cloud-24259	true	86.271291798	62.12044129302376	1020.149760	cloud-23980	TIMEOUT	990.33849924	966.180120953999	995.287040	cloud-23980
eca-rers2012/Problem02_label41.yml	true	true	142.757023107	104.4452251969924	1047.302144	cloud-24259	true	141.861708259	105.55000957599259	1242.165248	cloud-23982	TIMEOUT	990.384876323	965.3656746370252	952.422400	cloud-23979
eca-rers2012/Problem02_label42.yml	true	true	87.00902977	59.86432081199018	1237.794816	cloud-23979	true	102.097210488	72.70588679399225	1028.136960	cloud-23982	TIMEOUT	990.341624644	961.2842597480048	961.089536	cloud-23982
eca-rers2012/Problem02_label43.yml	false	false(unreach-call)	79.764571732	51.60566857701633	1132.482560	cloud-23979	false(unreach-call)	102.577509503	67.59569608900347	958.222336	cloud-23982	TIMEOUT	990.361843397	961.9438703519991	921.571328	cloud-23938
eca-rers2012/Problem02_label44.yml	false	false(unreach-call)	89.827695466	61.80981965899991	1147.957248	cloud-24261	false(unreach-call)	102.30187167	69.35948462798842	1242.517504	cloud-23938	TIMEOUT	990.375920258	961.2527827690064	908.881920	cloud-23982
eca-rers2012/Problem02_label45.yml	false	false(unreach-call)	111.665997079	77.11592817700875	1107.468288	cloud-24259	false(unreach-call)	90.954395662	63.75206440797774	1042.264064	cloud-23979	TIMEOUT	990.336904625	968.228443199012	1171.202048	cloud-23980
eca-rers2012/Problem02_label46.yml	true	true	96.391079139	65.29905591902207	1114.722304	cloud-23979	true	103.323585217	73.05430636697565	1060.925440	cloud-23938	TIMEOUT	990.313501074	964.8326474860078	1108.729856	cloud-23982
eca-rers2012/Problem02_label47.yml	true	true	91.704781577	61.621060514997225	963.461120	cloud-23979	true	87.842301858	61.5418139580288	961.855488	cloud-23979	TIMEOUT	990.427601076	960.7347013360122	1129.140224	cloud-23938
eca-rers2012/Problem02_label48.yml	true	true	96.558768334	67.15049329400063	920.301568	cloud-23933	true	98.533938419	71.1598822279775	1116.164096	cloud-23982	TIMEOUT	990.336404273	964.3739593610226	996.003840	cloud-23982
eca-rers2012/Problem02_label49.yml	true	true	82.478824451	54.70931658401969	1114.763264	cloud-23979	true	85.842054273	61.182431217021076	1090.535424	cloud-23933	TIMEOUT	990.307004339	964.4306020789954	956.325888	cloud-23982
eca-rers2012/Problem02_label50.yml	false	false(unreach-call)	92.216502223	61.964099341013934	1280.126976	cloud-23933	false(unreach-call)	78.956214769	53.07521994999843	1133.383680	cloud-23979	TIMEOUT	990.389600192	965.0949538509885	1082.433536	cloud-23979
eca-rers2012/Problem02_label51.yml	true	true	125.730865443	93.84103258899995	1191.620608	cloud-23933	true	118.030539038	87.62023358701845	1320.312832	cloud-23979	TIMEOUT	990.388860986	965.1440731910116	1001.619456	cloud-23933
eca-rers2012/Problem02_label52.yml	true	true	102.537363034	70.31269976400654	949.448704	cloud-24260	true	110.034073075	76.78191580600105	927.145984	cloud-23982	TIMEOUT	990.359271693	963.0082454600197	1021.558784	cloud-23979
eca-rers2012/Problem02_label53.yml	true	true	138.529191768	102.93899559101555	1229.721600	cloud-24260	true	137.41855968	104.967091419996	970.080256	cloud-23938	TIMEOUT	990.32587388	963.6287864859914	939.220992	cloud-23982
eca-rers2012/Problem02_label54.yml	true	true	92.565414491	64.79506214600406	946.745344	cloud-23933	true	90.425016427	63.762888947996544	983.453696	cloud-23938	TIMEOUT	990.392205009	961.6683987519937	992.247808	cloud-23938
eca-rers2012/Problem02_label55.yml	true	true	122.467401477	89.76455477700802	1265.188864	cloud-23979	true	128.722607769	98.05383803800214	1063.628800	cloud-23980	TIMEOUT	990.382588319	966.4076324999915	1215.565824	cloud-23979
eca-rers2012/Problem02_label56.yml	true	true	101.606622592	69.67241700799786	1072.844800	cloud-23933	true	87.832979119	60.93749601600575	967.225344	cloud-23979	TIMEOUT	990.417009927	963.005424012983	1012.568064	cloud-23938
eca-rers2012/Problem02_label57.yml	true	true	102.896683124	72.77444300800562	1047.597056	cloud-23979	true	98.309739572	69.01081916599651	1104.240640	cloud-23933	TIMEOUT	990.444373209	961.9609655039967	1175.007232	cloud-23938
eca-rers2012/Problem02_label58.yml	true	true	100.754143497	69.40545691100124	1161.588736	cloud-24260	true	92.750330548	63.665490412007784	972.992512	cloud-23933	TIMEOUT	990.28686655	969.874924497999	985.546752	cloud-23940
eca-rers2012/Problem02_label59.yml	false	false(unreach-call)	91.72839625	61.780234471007134	1223.577600	cloud-24259	false(unreach-call)	81.826851674	54.556909063016064	972.197888	cloud-23979	TIMEOUT	990.362729541	964.3931690909958	876.699648	cloud-23979
eca-rers2012/Problem03_label00.yml	true	TIMEOUT	990.673727374	931.5054474220087	3382.439936	cloud-23979	TIMEOUT (true)	958.677222188	904.6497831940069	2683.465728	cloud-23938	TIMEOUT	990.6483606	952.8161232790153	3091.640320	cloud-23979
eca-rers2012/Problem03_label09.yml	false	TIMEOUT	990.742627183	922.702033419002	3758.899200	cloud-24260	false(unreach-call)	719.110532158	666.4885987629823	3308.716032	cloud-23979	TIMEOUT	990.458938535	957.2697852190176	2767.364096	cloud-23943
eca-rers2012/Problem03_label13.yml	false	TIMEOUT	990.667681981	920.7629069300019	3873.349632	cloud-24259	false(unreach-call)	266.640774146	221.6154689959949	3072.626688	cloud-23979	TIMEOUT	990.625303357	945.9352708509832	2949.169152	cloud-23982
eca-rers2012/Problem03_label26.yml	false	false(unreach-call)	298.249253936	253.69978888699552	2790.027264	cloud-23979	false(unreach-call)	272.105348587	225.68434572700062	3608.793088	cloud-23979	TIMEOUT	990.65592997	945.2885797199851	2832.429056	cloud-23980
eca-rers2012/Problem03_label27.yml	false	TIMEOUT	990.620705946	928.721935204987	2772.967424	cloud-23979	false(unreach-call)	458.722619486	409.0966148220177	2920.890368	cloud-23979	TIMEOUT	990.653008391	950.6608588170202	2537.390080	cloud-23933
eca-rers2012/Problem03_label28.yml	false	TIMEOUT	990.749805056	926.0340592299908	2857.082880	cloud-24260	false(unreach-call)	685.54097514	629.4418140420166	3281.911808	cloud-23982	TIMEOUT	990.600296617	949.4756725479965	2599.063552	cloud-23938
eca-rers2012/Problem03_label31.yml	false	TIMEOUT	990.643636192	933.4900386960071	2587.131904	cloud-23979	false(unreach-call)	635.257391481	574.7542024689901	3312.840704	cloud-23938	TIMEOUT	990.646748392	956.1673500940087	2665.816064	cloud-23980
eca-rers2012/Problem03_label35.yml	false	TIMEOUT	990.882729259	928.2894630540104	3507.007488	cloud-24261	false(unreach-call)	755.84359041	698.2548685840156	3357.130752	cloud-23979	TIMEOUT	990.788844178	946.5647922970238	3687.370752	cloud-23979
eca-rers2012/Problem03_label44.yml	true	TIMEOUT	990.693992987	927.0439472750004	2977.366016	cloud-23933	true	836.299941083	787.1195522900089	3163.635712	cloud-23941	TIMEOUT	990.478393618	956.7496255709848	2506.002432	cloud-23942
eca-rers2012/Problem03_label50.yml	false	false(unreach-call)	338.288230414	287.09769973301445	3226.546176	cloud-24260	false(unreach-call)	357.9683737	306.11694942301256	3254.382592	cloud-23982	TIMEOUT	990.529879894	951.1907717669965	3081.093120	cloud-23980
eca-rers2012/Problem06_label08.yml	true	OUT OF MEMORY	529.134279287	465.6925231370042	15000.162304	cloud-23941	TIMEOUT	991.941550665	904.0955629500095	14975.000576	cloud-23980	OUT OF MEMORY	476.177861414	414.07578984298743	15000.043520	cloud-23933
eca-rers2012/Problem06_label10.yml	false	OUT OF MEMORY	520.280359061	442.89046525600133	15000.154112	cloud-23941	OUT OF MEMORY	388.37736932	330.44086675398285	15000.039424	cloud-23979	TIMEOUT	991.734294717	905.1369714429893	14985.277440	cloud-23982
eca-rers2012/Problem06_label20.yml	false	OUT OF MEMORY	528.662042803	454.7669023380149	15000.158208	cloud-23942	OUT OF MEMORY	365.673207119	312.62836779200006	15000.039424	cloud-23938	TIMEOUT	992.267602968	894.3903878830024	14982.844416	cloud-23982
eca-rers2012/Problem06_label23.yml	true	OUT OF MEMORY	250.643478722	212.43914065798162	15000.162304	cloud-23940	OUT OF MEMORY	389.990159465	342.6486472450197	15000.043520	cloud-23938	TIMEOUT	992.031365369	896.255289794004	14945.439744	cloud-23982
eca-rers2012/Problem06_label27.yml	false	OUT OF MEMORY	464.751023232	406.6659780310001	15000.039424	cloud-23979	TIMEOUT	911.783267873	818.8982834540075	15000.035328	cloud-23933	OUT OF MEMORY	403.599336977	338.38197214799584	15000.170496	cloud-23942
eca-rers2012/Problem06_label30.yml	true	OUT OF MEMORY	265.732261119	226.03039467500003	15000.162304	cloud-23940	TIMEOUT	991.76473222	905.6988240349747	14932.779008	cloud-23982	OUT OF MEMORY	327.119770122	281.7541890660068	15000.170496	cloud-23942
eca-rers2012/Problem06_label34.yml	true	OUT OF MEMORY	727.058275925	615.074049649993	15000.039424	cloud-24259	TIMEOUT	992.047767933	898.2720858810062	14704.037888	cloud-23982	OUT OF MEMORY	321.405450944	269.0513320530008	15000.174592	cloud-23944
eca-rers2012/Problem06_label38.yml	false	OUT OF MEMORY	302.742682697	254.95678555199993	15000.170496	cloud-23943	OUT OF MEMORY	265.384275597	220.4356299880019	15000.166400	cloud-23941	TIMEOUT	991.609440177	910.1538535569853	14617.858048	cloud-23980
eca-rers2012/Problem06_label44.yml	false	TIMEOUT	907.071109202	781.8872269359999	15000.043520	cloud-24259	TIMEOUT	991.698299441	908.734625498997	14956.216320	cloud-23979	OUT OF MEMORY	371.730025467	304.9397972880106	15000.178688	cloud-23942
eca-rers2012/Problem06_label45.yml	true	OUT OF MEMORY	545.629837759	469.99116513400804	15000.154112	cloud-23943	TIMEOUT	991.652333091	906.1281988830015	14928.117760	cloud-23980	OUT OF MEMORY	590.921754613	498.6299639819772	15000.055808	cloud-23982
eca-rers2012/Problem06_label54.yml	true	OUT OF MEMORY	441.707716172	386.7629213260079	15000.043520	cloud-23979	TIMEOUT	983.276609478	892.5598399789887	15000.043520	cloud-23979	OUT OF MEMORY	502.925052685	448.1153668570041	15000.055808	cloud-23980
eca-rers2012/Problem06_label58.yml	false	OUT OF MEMORY	288.732582742	242.9786810099904	15000.170496	cloud-23943	OUT OF MEMORY	378.83305342	310.3260743319988	15000.043520	cloud-23979	TIMEOUT	991.780361194	922.5251681309892	14027.014144	cloud-23979
eca-rers2012/Problem10_label00.yml	true	true	89.254833115	60.167441187018994	1605.574656	cloud-23933	true	91.855420674	61.40141276299255	1372.807168	cloud-23982	TIMEOUT	990.402744565	962.8092573609902	1359.818752	cloud-23980
eca-rers2012/Problem10_label01.yml	true	true	141.459312191	105.92309727999964	1831.833600	cloud-23979	true	126.686372792	99.49675368299359	1467.437056	cloud-23979	TIMEOUT	990.488081939	962.0445530879952	1604.648960	cloud-23933
eca-rers2012/Problem10_label02.yml	true	true	162.887334851	122.6365759060136	1397.153792	cloud-24259	true	160.830615889	125.58089012699202	1322.754048	cloud-23982	TIMEOUT	990.420660894	964.6564435699838	1494.528000	cloud-23980
eca-rers2012/Problem10_label03.yml	true	true	62.855160751	42.01074855698971	1308.807168	cloud-23979	true	81.957458991	53.69093438301934	1523.859456	cloud-23938	TIMEOUT	990.410012351	967.4701020909997	1478.033408	cloud-23980
eca-rers2012/Problem10_label04.yml	true	true	87.566515417	57.05433474900201	1396.420608	cloud-24259	true	80.965002505	53.0236412009981	1506.361344	cloud-23938	TIMEOUT	990.393304718	962.730865310994	1401.143296	cloud-23979
eca-rers2012/Problem10_label05.yml	true	true	97.640389159	62.700567524996586	1368.395776	cloud-24259	true	77.89846121	50.31913288301439	1502.646272	cloud-23980	TIMEOUT	990.442424543	960.5337046690111	1465.282560	cloud-23938
eca-rers2012/Problem10_label06.yml	true	true	71.081397983	46.6578861779999	1634.177024	cloud-23979	true	76.524013098	49.44604259199696	1489.682432	cloud-23982	TIMEOUT	990.495665618	962.0371652400063	1551.929344	cloud-23938
eca-rers2012/Problem10_label07.yml	true	true	75.070353788	49.37513223499991	1420.091392	cloud-24260	true	73.982946305	48.46692265299498	1352.171520	cloud-23938	TIMEOUT	990.443647697	960.3593385760032	1569.984512	cloud-23938
eca-rers2012/Problem10_label08.yml	true	true	75.438422139	47.597635083977366	1538.781184	cloud-23979	true	79.645970259	52.218506154982606	1336.315904	cloud-23938	TIMEOUT	990.447521495	957.4073340949835	1592.766464	cloud-23979
eca-rers2012/Problem10_label09.yml	true	true	86.732623687	55.81894882999768	1274.122240	cloud-24259	true	64.37079354	42.23578251901199	1431.048192	cloud-23979	TIMEOUT	990.503385949	957.7867455589876	1749.233664	cloud-23938
eca-rers2012/Problem10_label10.yml	true	true	77.648457201	51.66606338099518	1302.179840	cloud-24259	true	64.834681947	42.882555693009635	1342.562304	cloud-23933	TIMEOUT	990.476419493	964.3674497850006	1499.324416	cloud-23933
eca-rers2012/Problem10_label11.yml	true	true	107.462037971	75.44318349901005	1327.456256	cloud-24259	true	110.610899899	77.82488082299824	1524.920320	cloud-23982	TIMEOUT	990.40830313	963.7771523039846	1404.182528	cloud-23979
eca-rers2012/Problem10_label13.yml	true	true	145.63008342	110.58085203600058	1343.004672	cloud-24259	true	120.384465382	92.71856844099239	1333.985280	cloud-23933	TIMEOUT	990.540112805	958.9059733180038	1608.708096	cloud-23938
eca-rers2012/Problem10_label14.yml	true	true	99.855998005	67.05216799798654	1496.592384	cloud-23979	true	96.429001305	65.58177099999739	1470.590976	cloud-23938	TIMEOUT	990.430627667	964.4810803470027	1348.308992	cloud-23933
eca-rers2012/Problem10_label15.yml	false	false(unreach-call)	162.500810316	130.32473910599947	1523.392512	cloud-23979	false(unreach-call)	148.096682577	121.77478263998637	1434.644480	cloud-23943	TIMEOUT	990.394833907	959.1330505270162	1527.312384	cloud-23982
eca-rers2012/Problem10_label16.yml	true	true	144.599813538	108.86862192899571	1350.320128	cloud-23933	true	131.687698787	101.83453888900112	1309.319168	cloud-23979	TIMEOUT	990.417873648	958.2897251859831	1506.623488	cloud-23982
eca-rers2012/Problem10_label17.yml	true	true	146.409770618	113.64083202599431	1549.692928	cloud-24261	true	146.666422916	115.42620939199696	1454.198784	cloud-23982	TIMEOUT	990.438381818	957.5406539730029	1530.109952	cloud-23979
eca-rers2012/Problem10_label18.yml	true	true	140.409157526	107.1252789599821	1390.841856	cloud-23933	true	156.551448178	121.23001562198624	1638.793216	cloud-23938	TIMEOUT	990.356993521	965.9850924079947	1592.602624	cloud-23980
eca-rers2012/Problem10_label19.yml	true	true	67.095586485	44.60625068900117	1423.400960	cloud-24261	true	69.858382488	45.8680945019878	1554.567168	cloud-23979	TIMEOUT	990.447424391	964.5295378600131	1491.230720	cloud-23980
eca-rers2012/Problem10_label20.yml	true	true	89.800517582	58.65855435299454	1399.050240	cloud-23979	true	86.755994147	59.55071889801184	1578.586112	cloud-23982	TIMEOUT	990.383017167	961.498746591009	1397.264384	cloud-23938
eca-rers2012/Problem10_label21.yml	true	true	136.411900386	103.82889288000297	1612.533760	cloud-23979	true	161.80182372	125.12053757702233	1474.555904	cloud-23982	TIMEOUT	990.46054487	960.1617835130019	1541.500928	cloud-23938
eca-rers2012/Problem10_label22.yml	true	true	174.665716014	132.84157396599767	1832.112128	cloud-24260	true	147.935668931	117.69331826799316	1258.868736	cloud-23979	TIMEOUT	990.375351844	967.9263973869965	1582.780416	cloud-23980
eca-rers2012/Problem10_label23.yml	true	true	76.722185651	50.033059773006244	1529.974784	cloud-23979	true	97.719303905	63.90987865900388	1372.102656	cloud-23982	TIMEOUT	990.402825032	959.8565855399938	1338.593280	cloud-23982
eca-rers2012/Problem10_label24.yml	false	false(unreach-call)	100.59434444	66.4902251449821	1312.452608	cloud-23933	false(unreach-call)	91.801051246	62.35118616500404	1598.341120	cloud-23980	TIMEOUT	990.406338894	959.0424541080138	1570.725888	cloud-23982
eca-rers2012/Problem10_label25.yml	true	true	155.516905157	123.96193603501888	1282.789376	cloud-23979	true	172.535266122	137.13356081201346	1680.936960	cloud-23938	TIMEOUT	990.464029337	959.5489897520165	1533.628416	cloud-23938
eca-rers2012/Problem10_label26.yml	false	false(unreach-call)	98.744245881	65.70751471101539	1501.122560	cloud-23979	false(unreach-call)	77.280786133	54.160351610014914	1574.252544	cloud-23944	TIMEOUT	990.468547439	960.0039095219981	1380.401152	cloud-23938
eca-rers2012/Problem10_label27.yml	true	true	96.766710351	65.36437944599311	1493.348352	cloud-24260	true	92.332596639	65.35121837398037	1516.773376	cloud-23980	TIMEOUT	990.561761498	958.3024182329827	1545.199616	cloud-23933
eca-rers2012/Problem10_label30.yml	true	true	116.037759339	76.74607350998849	1307.832320	cloud-24259	true	96.943669925	65.66769333402044	1356.091392	cloud-23933	TIMEOUT	990.381178132	960.7917207560095	1394.442240	cloud-23982
eca-rers2012/Problem10_label31.yml	true	true	91.811466026	63.26758305399562	1360.171008	cloud-23979	true	110.436138	75.19656957298866	1331.990528	cloud-23938	TIMEOUT	990.406945555	962.6940118359926	1385.721856	cloud-23979
eca-rers2012/Problem10_label32.yml	true	true	126.762887021	94.37419413699536	1425.788928	cloud-23979	true	138.466437836	107.76150259599672	1407.766528	cloud-23980	TIMEOUT	990.397694369	959.8240149570047	1462.263808	cloud-23982
eca-rers2012/Problem10_label33.yml	true	true	141.697496588	105.82051599500119	1367.920640	cloud-24260	true	145.443395615	110.08619007599191	1415.872512	cloud-23938	TIMEOUT	990.456530912	960.3787609800056	1482.551296	cloud-23938
eca-rers2012/Problem10_label34.yml	true	true	112.261428294	77.43632952898042	1587.748864	cloud-24259	true	88.294842607	62.28640320300474	1397.575680	cloud-23933	TIMEOUT	990.415228876	966.5834347709897	1539.297280	cloud-23980
eca-rers2012/Problem10_label35.yml	true	true	151.693965713	115.83788448898122	1597.263872	cloud-24260	true	143.524571755	114.0462069149944	1421.348864	cloud-23980	TIMEOUT	990.353799501	967.3395508060057	1510.776832	cloud-23980
eca-rers2012/Problem10_label36.yml	true	true	138.473984688	109.04616941799759	1619.816448	cloud-24261	true	155.966472689	118.82431786300731	1461.018624	cloud-23938	TIMEOUT	990.395120779	966.3432566190022	1511.411712	cloud-23979
eca-rers2012/Problem10_label37.yml	true	true	131.034583189	98.60431528001209	1383.395328	cloud-23979	true	131.136770971	99.94163711401052	1546.489856	cloud-23979	TIMEOUT	990.414456763	963.4969116340217	1361.399808	cloud-23979
eca-rers2012/Problem10_label38.yml	true	true	123.602935985	93.21234441001434	1430.556672	cloud-23979	true	106.451858807	84.28800179599784	1310.810112	cloud-23944	TIMEOUT	990.423219483	962.7717574140115	1603.522560	cloud-23979
eca-rers2012/Problem10_label39.yml	true	true	72.754380353	49.01289237999299	1658.675200	cloud-24261	true	78.351142832	51.423209444008535	1536.958464	cloud-23938	TIMEOUT	990.466343284	964.2513691560016	1503.432704	cloud-23980
eca-rers2012/Problem10_label41.yml	false	TIMEOUT	990.520687388	931.8750477029826	1482.989568	cloud-23933	false(unreach-call)	276.39712118	242.6688663889945	1673.490432	cloud-23979	TIMEOUT	990.396726877	961.6962499740184	1330.679808	cloud-23979
eca-rers2012/Problem10_label42.yml	false	false(unreach-call)	88.888091673	57.792517556008534	1300.361216	cloud-24260	false(unreach-call)	79.698128553	51.6629690680129	1491.537920	cloud-23933	TIMEOUT	990.432814596	963.1711419420026	1408.864256	cloud-23933
eca-rers2012/Problem10_label44.yml	true	true	145.962910028	116.41702450400044	1443.053568	cloud-24261	true	149.635400291	120.05548381898552	1491.996672	cloud-23982	TIMEOUT	990.478452713	960.862459069991	1362.243584	cloud-23938
eca-rers2012/Problem10_label47.yml	false	false(unreach-call)	85.705561038	59.54055390099529	1379.033088	cloud-24259	false(unreach-call)	84.895040517	58.06074157799594	1363.480576	cloud-23979	TIMEOUT	990.448522251	961.0774184000038	1548.689408	cloud-23938
eca-rers2012/Problem10_label48.yml	false	false(unreach-call)	88.99033463	59.40651115201763	1509.502976	cloud-23933	false(unreach-call)	86.679475917	59.2981354460062	1485.803520	cloud-23980	TIMEOUT	990.356300142	963.9821580919961	1277.112320	cloud-23980
eca-rers2012/Problem10_label51.yml	true	true	119.23343499	82.03210165599012	1643.864064	cloud-24259	true	94.904808648	65.75380382701405	1470.971904	cloud-23980	TIMEOUT	990.436963609	964.6487783979974	1516.183552	cloud-23933
eca-rers2012/Problem10_label52.yml	true	true	119.88551233	85.42579244301305	1555.677184	cloud-24259	true	136.271297979	101.58064869602094	1448.742912	cloud-23938	TIMEOUT	990.312549674	965.441232607991	1525.018624	cloud-23980
eca-rers2012/Problem10_label53.yml	true	true	129.633317826	94.6731539129978	1333.673984	cloud-23979	true	130.539654734	101.05725434501073	1384.407040	cloud-23980	TIMEOUT	990.464312745	959.3951086349844	1372.745728	cloud-23938
eca-rers2012/Problem10_label54.yml	true	true	97.728948486	64.92139785000472	1477.828608	cloud-23979	true	95.419809206	65.74665537499823	1748.242432	cloud-23979	TIMEOUT	990.419921925	960.5792255100096	1458.618368	cloud-23933
eca-rers2012/Problem10_label55.yml	false	false(unreach-call)	134.475760446	103.05812289202004	1493.843968	cloud-23979	false(unreach-call)	146.310025845	112.44461569999112	1359.855616	cloud-23933	TIMEOUT	990.455084681	959.0739596229978	1582.358528	cloud-23938
eca-rers2012/Problem10_label57.yml	false	false(unreach-call)	94.4175758	62.06632852900657	1445.318656	cloud-23933	false(unreach-call)	86.428675367	57.90822474300512	1504.735232	cloud-23980	TIMEOUT	990.464684724	961.8337838820007	1413.820416	cloud-23979
eca-rers2012/Problem10_label58.yml	false	false(unreach-call)	84.924537927	55.49608508302481	1459.843072	cloud-23933	false(unreach-call)	80.562515048	54.53850070599583	1660.829696	cloud-23980	TIMEOUT	990.668610146	960.1089610290073	1538.088960	cloud-23938
eca-rers2012/Problem11_label01.yml	true	TIMEOUT	990.79193915	618.2956166220247	4681.334784	cloud-24259	true	345.874852568	297.18960001697997	2373.201920	cloud-23938	TIMEOUT	990.677722348	946.3959115720063	2361.421824	cloud-23938
eca-rers2012/Problem11_label04.yml	true	TIMEOUT	991.296373812	598.7986733269936	2815.840256	cloud-23933	true	223.874959374	185.83963026700076	2388.267008	cloud-23939	TIMEOUT	990.531563745	955.802476546989	2330.378240	cloud-23933
eca-rers2012/Problem11_label07.yml	true	true	236.956613313	186.07547503500246	2426.679296	cloud-24260	true	194.959329346	155.8183672360028	2439.798784	cloud-23979	TIMEOUT	990.55897113	954.1493945269904	2389.991424	cloud-23979
eca-rers2012/Problem11_label10.yml	true	TIMEOUT	990.614760959	926.9926910099748	2666.864640	cloud-24259	true	328.257959832	285.50916771998163	2384.486400	cloud-23979	TIMEOUT	990.505061564	952.5435826310131	2658.304000	cloud-23982
eca-rers2012/Problem11_label12.yml	true	true	206.334804117	171.6477200149966	2271.350784	cloud-24259	true	241.531143562	195.2296607750177	2320.879616	cloud-23938	TIMEOUT	990.555144658	956.7418304460007	2482.364416	cloud-23933
eca-rers2012/Problem11_label14.yml	false	false(unreach-call)	258.830361127	202.85589867198723	2335.924224	cloud-24259	false(unreach-call)	243.056502558	194.61891357100103	2344.771584	cloud-23980	TIMEOUT	990.48961634	954.2063571410254	2537.914368	cloud-23933
eca-rers2012/Problem11_label15.yml	false	false(unreach-call)	207.44835346	155.5935802229942	2287.292416	cloud-24259	false(unreach-call)	191.102440288	152.3376953729894	2314.518528	cloud-23980	TIMEOUT	990.418966713	948.0071368829813	2255.597568	cloud-23982
eca-rers2012/Problem11_label17.yml	true	TIMEOUT	991.072190154	606.7133184999984	4199.723008	cloud-23933	true	322.484668615	279.4858147900086	2327.822336	cloud-23933	TIMEOUT	990.524841439	951.965978474007	2513.760256	cloud-23982
eca-rers2012/Problem11_label27.yml	true	true	183.787649026	142.20664393799962	2534.952960	cloud-23979	true	179.999761991	140.05133113701595	2326.712320	cloud-23979	TIMEOUT	990.624294995	950.1208800299792	2514.788352	cloud-23982
eca-rers2012/Problem11_label32.yml	true	true	236.386446517	191.40561978699407	2730.676224	cloud-23933	true	243.605119284	202.8880202069995	2210.123776	cloud-23980	TIMEOUT	990.734813256	953.6703815590008	2953.191424	cloud-23979
eca-rers2012/Problem11_label35.yml	true	TIMEOUT	991.166622087	598.2192933059996	3012.354048	cloud-23979	true	272.737854389	231.2004500150215	2447.839232	cloud-23980	TIMEOUT	990.664987616	950.9575633569912	2677.030912	cloud-23938
eca-rers2012/Problem11_label36.yml	false	false(unreach-call)	166.270883836	122.72659071700764	2180.435968	cloud-24260	false(unreach-call)	172.940800898	126.78419398798724	2508.840960	cloud-23982	TIMEOUT	990.540751659	953.4576073930075	2227.404800	cloud-23979
eca-rers2012/Problem11_label37.yml	true	TIMEOUT	990.71296846	917.5773491540167	2719.055872	cloud-24259	true	307.11254793	261.05278129302314	2345.684992	cloud-23979	TIMEOUT	990.488046692	949.7050935119914	2197.020672	cloud-23980
eca-rers2012/Problem11_label44.yml	true	TIMEOUT	990.509539136	940.8207902699942	2929.520640	cloud-23940	true	266.747732839	234.40808822697727	2282.872832	cloud-23944	TIMEOUT	990.638849009	954.6448160010041	2534.895616	cloud-23933
eca-rers2012/Problem11_label55.yml	true	TIMEOUT	990.651493632	928.4883638420142	2629.603328	cloud-23979	true	645.766720804	600.3818671019981	2312.429568	cloud-23979	TIMEOUT	990.471980929	957.0651353590074	2170.179584	cloud-23980
eca-rers2012/Problem11_label58.yml	false	false(unreach-call)	223.323473136	164.9372876869893	2312.916992	cloud-24259	false(unreach-call)	187.14472666	139.85259563100408	2427.469824	cloud-23938	TIMEOUT	990.68886833	953.726029368001	2928.627712	cloud-23979
eca-rers2012/Problem14_label00.yml	true	true	195.381940385	151.77320590100135	1742.016512	cloud-24259	true	178.737097795	143.2365802830027	1695.752192	cloud-23979	TIMEOUT	990.405049075	964.3312057729927	1782.247424	cloud-23980
eca-rers2012/Problem14_label01.yml	true	true	465.757076141	342.77941888500936	2813.673472	cloud-23979	true	265.97413034	227.0194283570163	1657.970688	cloud-23982	TIMEOUT	990.441186209	962.6842031419801	1691.234304	cloud-23980
eca-rers2012/Problem14_label03.yml	true	TIMEOUT	990.711961139	934.556955158012	1987.432448	cloud-23933	true	251.127468014	216.8394448889885	1670.602752	cloud-23980	TIMEOUT	990.479827638	964.6064269950148	1740.259328	cloud-23980
eca-rers2012/Problem14_label05.yml	true	TIMEOUT	991.866592829	613.8420005119988	3204.091904	cloud-23933	true	262.191420352	227.57650824799202	1574.440960	cloud-23979	TIMEOUT	990.393816176	953.6880486650043	1552.777216	cloud-23982
eca-rers2012/Problem14_label06.yml	true	true	195.258181565	157.57527388900053	1523.777536	cloud-23933	true	176.187347096	143.28271861499525	1545.764864	cloud-23979	TIMEOUT	990.472758034	961.4422857119935	1730.097152	cloud-23979
eca-rers2012/Problem14_label07.yml	true	true	220.593580802	179.97343094300595	1477.181440	cloud-24260	true	230.37507163	195.76365655800328	1574.608896	cloud-23980	TIMEOUT	990.527547167	958.7890592839976	1667.751936	cloud-23933
eca-rers2012/Problem14_label08.yml	false	TIMEOUT	990.542576271	928.4487717610027	1845.125120	cloud-24259	false(unreach-call)	486.92214695	438.6509529769828	2054.340608	cloud-23982	TIMEOUT	990.387620517	957.5570509450044	1459.458048	cloud-23982
eca-rers2012/Problem14_label10.yml	false	TIMEOUT	990.826248478	914.1933207699913	2327.166976	cloud-24260	false(unreach-call)	638.405851521	589.7120828599727	2173.022208	cloud-23982	TIMEOUT	990.344317692	967.6876895769965	1611.915264	cloud-23980
eca-rers2012/Problem14_label11.yml	false	TIMEOUT	990.525688143	940.2749614189961	1595.817984	cloud-23933	false(unreach-call)	275.854473222	236.09051110298606	2055.241728	cloud-23980	TIMEOUT	990.478467551	959.103998770006	1664.618496	cloud-23982
eca-rers2012/Problem14_label15.yml	true	true	478.007091867	364.7982640650007	3013.730304	cloud-24259	true	196.330498192	162.27766665199306	1424.687104	cloud-23933	TIMEOUT	990.409013179	959.3221928800049	1578.528768	cloud-23982
eca-rers2012/Problem14_label16.yml	true	TIMEOUT	991.880705468	591.1839587400027	2611.040256	cloud-24260	true	210.442578224	173.52461457601748	1474.101248	cloud-23933	TIMEOUT	990.501627328	961.9176059380115	1691.750400	cloud-23979
eca-rers2012/Problem14_label17.yml	true	true	198.203712776	159.78143518901197	1485.950976	cloud-23933	true	232.840828502	195.0599564560107	1446.031360	cloud-23982	TIMEOUT	990.430663268	960.9946875380119	1643.556864	cloud-23979
eca-rers2012/Problem14_label18.yml	false	TIMEOUT	990.533441459	942.0852657800133	1696.714752	cloud-23979	false(unreach-call)	410.736119544	364.4334132859949	2067.673088	cloud-23938	TIMEOUT	990.437190975	961.2789239289996	1755.619328	cloud-23982
eca-rers2012/Problem14_label19.yml	true	true	129.071826733	98.4291335119924	1500.004352	cloud-23933	true	121.700364643	95.58245788799832	1754.341376	cloud-23980	TIMEOUT	990.455630082	960.5800439729937	1650.446336	cloud-23979
eca-rers2012/Problem14_label20.yml	true	true	145.675181234	109.77390517599997	1492.660224	cloud-24259	true	118.74786907	89.43021700301324	1634.004992	cloud-23979	TIMEOUT	990.455163964	963.5348896079813	1892.675584	cloud-23933
eca-rers2012/Problem14_label21.yml	true	true	134.493771717	100.9218045870075	1640.419328	cloud-23933	true	143.858449182	108.9614076030266	1587.150848	cloud-23938	TIMEOUT	990.470016835	961.896931012976	1645.408256	cloud-23933
eca-rers2012/Problem14_label22.yml	false	TIMEOUT	990.575119401	930.6410564119869	1917.431808	cloud-24259	false(unreach-call)	420.572030983	376.5148301080044	2344.288256	cloud-23982	TIMEOUT	990.294766064	970.1106065670028	1643.786240	cloud-23944
eca-rers2012/Problem14_label23.yml	true	true	120.390738613	90.53862191797816	1399.828480	cloud-23979	true	138.943258684	106.27968546497868	1573.789696	cloud-23982	TIMEOUT	990.601415666	958.1427006380109	1670.193152	cloud-23982
eca-rers2012/Problem14_label24.yml	true	true	200.647749526	163.34702042900608	1519.509504	cloud-24259	true	202.389091438	170.54861620700103	1711.607808	cloud-23980	TIMEOUT	990.381715873	966.6803640740109	1478.643712	cloud-23980
eca-rers2012/Problem14_label25.yml	true	true	159.75444514	121.12911850700038	1539.792896	cloud-24259	true	152.668942077	116.59191794600338	1410.179072	cloud-23982	TIMEOUT	990.437360503	960.0746404659876	1538.142208	cloud-23933
eca-rers2012/Problem14_label26.yml	true	true	210.746446596	171.82720411999617	1464.176640	cloud-24260	true	183.337931264	148.58564298201236	1497.948160	cloud-23979	TIMEOUT	990.455247295	958.0652313579922	1724.518400	cloud-23938
eca-rers2012/Problem14_label28.yml	false	TIMEOUT	990.528063535	938.1855130640033	1756.983296	cloud-24261	false(unreach-call)	473.298544426	423.24295073200483	2017.800192	cloud-23982	TIMEOUT	990.440671538	955.6438967279973	1684.131840	cloud-23982
eca-rers2012/Problem14_label29.yml	false	TIMEOUT	990.533356039	944.3976384220005	1752.494080	cloud-23979	false(unreach-call)	278.302445834	236.2379253099789	1937.072128	cloud-23933	TIMEOUT	990.468809624	961.8817555290007	1597.607936	cloud-23979
eca-rers2012/Problem14_label30.yml	true	true	153.553765276	121.6632028479944	1415.532544	cloud-24259	true	155.539403199	123.4503858560056	1666.441216	cloud-23982	TIMEOUT	990.479002074	959.5825670640043	1714.847744	cloud-23938
eca-rers2012/Problem14_label31.yml	false	TIMEOUT	990.565219634	935.0176262269961	1635.618816	cloud-23933	false(unreach-call)	290.406543195	239.23263547199895	2026.983424	cloud-23982	TIMEOUT	990.378340918	961.7833887909946	1606.438912	cloud-23980
eca-rers2012/Problem14_label32.yml	true	true	196.667128384	158.99229950399604	1746.776064	cloud-24259	true	168.800985012	136.81539158997475	1578.397696	cloud-23979	TIMEOUT	990.399900445	962.7068383040023	1606.619136	cloud-23979
eca-rers2012/Problem14_label33.yml	true	true	172.135005916	142.4943024719978	1648.603136	cloud-24261	true	166.496461363	134.87706252300995	1515.458560	cloud-23933	TIMEOUT	990.441700344	959.5326019760105	1665.650688	cloud-23933
eca-rers2012/Problem14_label34.yml	false	TIMEOUT	990.576471261	934.9410039380018	1628.803072	cloud-24260	false(unreach-call)	216.191886868	188.13827785500325	1947.422720	cloud-23944	TIMEOUT	990.445019687	958.0081206590112	1647.386624	cloud-23933
eca-rers2012/Problem14_label35.yml	true	true	192.168142767	156.8669574939995	1432.543232	cloud-23979	true	166.450669621	138.32188823400065	1440.313344	cloud-23939	TIMEOUT	990.494130892	962.5549912439892	1771.053056	cloud-23933
eca-rers2012/Problem14_label36.yml	true	true	198.824531665	159.15772510398529	1862.475776	cloud-23979	true	226.521054518	188.25552732299548	1543.507968	cloud-23980	TIMEOUT	990.483013096	961.6520036770089	1573.777408	cloud-23933
eca-rers2012/Problem14_label37.yml	false	TIMEOUT	990.555367708	932.7123279100051	1808.781312	cloud-24260	false(unreach-call)	400.322678381	358.40157077100594	2143.113216	cloud-23980	TIMEOUT	990.47395509	962.1069897930138	1688.072192	cloud-23979
eca-rers2012/Problem14_label38.yml	true	true	203.127456884	165.96281491799164	1556.578304	cloud-23933	true	233.810959718	191.838363191986	1453.494272	cloud-23982	TIMEOUT	990.472758033	956.4332409199851	1749.094400	cloud-23938
eca-rers2012/Problem14_label39.yml	false	TIMEOUT	990.531557563	937.452677002002	2051.682304	cloud-23933	false(unreach-call)	229.050865353	190.34977663698373	1928.994816	cloud-23933	TIMEOUT	990.524529578	963.9074294680031	1897.893888	cloud-23933
eca-rers2012/Problem14_label40.yml	false	TIMEOUT	990.599311329	931.7229988379986	1943.572480	cloud-24259	false(unreach-call)	300.518619394	253.73802321200492	2061.176832	cloud-23938	TIMEOUT	990.565853552	957.2176594469929	1670.225920	cloud-23938
eca-rers2012/Problem14_label41.yml	false	TIMEOUT	990.496526701	935.8541520319995	1925.218304	cloud-24259	false(unreach-call)	456.266673693	412.99419771900284	2108.788736	cloud-23979	TIMEOUT	990.512969445	964.6157621929888	1594.355712	cloud-23933
eca-rers2012/Problem14_label42.yml	true	true	162.546658035	125.36916241201106	1725.452288	cloud-24260	true	151.205723817	120.261012870993	1517.469696	cloud-23980	TIMEOUT	990.471775609	957.7036839460197	1519.980544	cloud-23938
eca-rers2012/Problem14_label43.yml	false	TIMEOUT	990.489460883	936.4214540690009	1612.173312	cloud-23933	false(unreach-call)	314.951323586	274.47999791501206	2137.653248	cloud-23933	TIMEOUT	990.369150768	961.4538849809906	1596.432384	cloud-23982
eca-rers2012/Problem14_label44.yml	false	TIMEOUT	990.586608773	937.3783875160152	1806.041088	cloud-23933	false(unreach-call)	488.621514739	433.9776929540094	2149.998592	cloud-23938	TIMEOUT	990.356562459	958.9730515999836	1561.739264	cloud-23982
eca-rers2012/Problem14_label47.yml	true	true	207.315213051	170.91595707600936	1506.566144	cloud-23979	true	193.645233796	162.02729816301144	1489.371136	cloud-23979	TIMEOUT	990.435145803	958.4030377409945	1389.150208	cloud-23982
eca-rers2012/Problem14_label49.yml	true	true	614.832084994	446.9886351939931	2746.019840	cloud-24260	true	223.197927562	187.52796328999102	1554.616320	cloud-23933	TIMEOUT	990.432873448	962.4143072029983	1589.293056	cloud-23980
eca-rers2012/Problem14_label50.yml	true	TIMEOUT	990.511595972	934.0100293540163	1771.409408	cloud-24259	true	673.712147924	628.5858708120068	1596.657664	cloud-23938	TIMEOUT	990.413760094	960.0599929959862	1482.092544	cloud-23982
eca-rers2012/Problem14_label52.yml	false	TIMEOUT	990.694477115	913.0903208669915	2474.614784	cloud-23979	false(unreach-call)	312.006384422	271.81609542897786	2102.960128	cloud-23979	TIMEOUT	990.432321174	954.6242948079889	1659.662336	cloud-23982
eca-rers2012/Problem14_label54.yml	false	TIMEOUT	990.593616814	934.4533382430091	1702.436864	cloud-24260	false(unreach-call)	752.593478546	711.388789841003	2000.801792	cloud-23933	TIMEOUT	990.434586074	962.1891201699909	1470.164992	cloud-23980
eca-rers2012/Problem14_label55.yml	true	TIMEOUT	990.577360842	938.9399690190039	1948.041216	cloud-23933	true	683.065276411	644.482850432978	1496.223744	cloud-23980	TIMEOUT	990.442489921	963.0632316349947	1613.344768	cloud-23979
eca-rers2012/Problem14_label56.yml	false	TIMEOUT	990.560421121	934.0574059670034	1694.842880	cloud-24260	false(unreach-call)	255.300432361	212.79012318901368	2036.441088	cloud-23979	TIMEOUT	990.503897669	961.2151256600046	1528.307712	cloud-23933
eca-rers2012/Problem14_label57.yml	false	TIMEOUT	990.520490216	938.0740087669983	1668.718592	cloud-23979	false(unreach-call)	264.581777843	222.23480332599138	2182.803456	cloud-23933	TIMEOUT	990.500909132	964.413083210995	1882.513408	cloud-23933
eca-rers2012/Problem14_label59.yml	true	true	201.598979448	158.83603438502178	1832.579072	cloud-24260	true	177.67871114	143.53546322701732	1557.245952	cloud-23979	TIMEOUT	990.364494829	966.2609315750015	1526.685696	cloud-23941
eca-rers2012/Problem15_label03.yml	false	TIMEOUT	991.453755053	767.1019211050007	5181.440000	cloud-23933	false(unreach-call)	405.542143616	346.21783485999913	3499.679744	cloud-23979	TIMEOUT	990.942866964	939.3697602839966	4942.901248	cloud-23933
eca-rers2012/Problem15_label14.yml	false	TIMEOUT	990.991762968	900.956832987009	3971.174400	cloud-24260	false(unreach-call)	837.208613873	762.8083182600094	4502.405120	cloud-23982	TIMEOUT	990.7083888	944.9959799340286	3678.441472	cloud-23979
eca-rers2012/Problem15_label18.yml	false	TIMEOUT	991.086136942	832.0683572710113	5312.385024	cloud-24259	false(unreach-call)	374.488588563	313.8033421340224	4422.955008	cloud-23938	TIMEOUT	990.847834347	944.1606996050104	4496.535552	cloud-23980
eca-rers2012/Problem15_label28.yml	true	TIMEOUT	990.889775115	905.281205176012	3867.447296	cloud-24260	true	819.604902234	760.0327652929991	4202.438656	cloud-23979	TIMEOUT	990.64718589	946.3309949099785	3693.629440	cloud-23933
eca-rers2012/Problem15_label30.yml	false	TIMEOUT	991.025364286	899.9461608900165	4006.797312	cloud-24260	false(unreach-call)	535.371744428	467.58037815600983	3628.191744	cloud-23933	TIMEOUT	990.763492645	938.4744751809922	4525.391872	cloud-23980
eca-rers2012/Problem15_label33.yml	false	TIMEOUT	991.01536805	896.9748349280126	4660.461568	cloud-24260	false(unreach-call)	577.887780494	516.7382820440107	3900.547072	cloud-23979	TIMEOUT	990.746969519	946.6043275039992	4525.723648	cloud-23980
eca-rers2012/Problem15_label34.yml	false	TIMEOUT	991.483132647	789.9227952120127	5503.795200	cloud-24260	false(unreach-call)	456.085659528	389.66508849701495	4413.440000	cloud-23980	TIMEOUT	990.826957005	948.7685951149906	4569.313280	cloud-23979
eca-rers2012/Problem15_label38.yml	false	TIMEOUT	991.166114351	896.3866479849967	5438.574592	cloud-24260	false(unreach-call)	874.935037412	805.3319258659903	3934.638080	cloud-23938	TIMEOUT	990.674934564	940.0409061679966	4478.160896	cloud-23982
eca-rers2012/Problem15_label45.yml	false	TIMEOUT	991.109335224	902.7216900759959	5185.351680	cloud-24260	false(unreach-call)	451.154664709	389.5992894070223	3999.195136	cloud-23933	TIMEOUT	990.688342135	945.2955718690064	3944.153088	cloud-23933
eca-rers2012/Problem15_label47.yml	false	TIMEOUT	990.864368093	903.5981078110053	3699.912704	cloud-24260	false(unreach-call)	506.668957935	450.13256366099813	4434.497536	cloud-23933	TIMEOUT	990.794756752	938.697951367998	3493.134336	cloud-23982
eca-rers2012/Problem15_label50.yml	false	TIMEOUT	991.413942277	790.3495631690021	6587.924480	cloud-24259	false(unreach-call)	396.960545555	334.6711840610078	3511.058432	cloud-23933	TIMEOUT	990.726206704	936.4868402040156	4174.692352	cloud-23982
eca-rers2012/Problem15_label51.yml	false	TIMEOUT	991.048187751	894.6457644990005	4984.582144	cloud-24259	false(unreach-call)	720.186999327	642.5857922629802	3710.488576	cloud-23938	TIMEOUT	990.686741022	940.5068764470052	3746.942976	cloud-23982
eca-rers2012/Problem16_label09.yml	true	TIMEOUT	991.273218154	597.3187253710057	4778.639360	cloud-23933	true	458.344245694	404.3525117720128	3399.888896	cloud-23938	TIMEOUT	990.653487472	949.9690327749995	2867.605504	cloud-23979
eca-rers2012/Problem16_label10.yml	true	TIMEOUT	990.820837201	904.1891117549967	3221.299200	cloud-24259	true	480.235104348	423.74902384600136	3586.465792	cloud-23982	TIMEOUT	990.71866289	945.1011159180198	3739.168768	cloud-23933
eca-rers2012/Problem16_label11.yml	true	TIMEOUT	991.301660751	599.7478893400112	5359.398912	cloud-24260	true	429.103219726	379.5774811420124	2803.310592	cloud-23933	TIMEOUT	990.759256616	942.6377383580257	2908.127232	cloud-23938
eca-rers2012/Problem16_label12.yml	true	TIMEOUT	991.348076723	597.5450102830073	4853.026816	cloud-23933	true	488.213341353	434.25772840701393	3676.413952	cloud-23938	TIMEOUT	990.695464634	945.995704083005	3810.029568	cloud-23979
eca-rers2012/Problem16_label36.yml	true	TIMEOUT	990.721465554	913.111097785004	3238.682624	cloud-23933	TIMEOUT (true)	959.873255543	906.8143464890018	3239.378944	cloud-23933	TIMEOUT	990.617893106	943.539307397994	3065.757696	cloud-23982
eca-rers2012/Problem16_label47.yml	true	TIMEOUT	991.023345729	861.5983647840039	4580.896768	cloud-24260	true	295.936260514	248.08190771299996	3513.868288	cloud-23979	TIMEOUT	990.546829767	940.4806171610253	3005.067264	cloud-23982
eca-rers2012/Problem16_label48.yml	true	TIMEOUT	991.020297832	887.3481056799938	4860.014592	cloud-23933	true	376.152338497	323.8020620929892	3508.391936	cloud-23938	TIMEOUT	990.724571171	951.3848728669982	3878.395904	cloud-23979
eca-rers2012/Problem16_label50.yml	true	TIMEOUT	990.8499576	898.5931484120083	4628.086784	cloud-23979	true	341.902453983	294.9086105360184	3410.792448	cloud-23933	TIMEOUT	990.612052919	947.2171770999848	2979.516416	cloud-23979
eca-rers2012/Problem16_label55.yml	true	TIMEOUT	991.177660329	841.7588479290134	4618.465280	cloud-23933	true	565.211809522	507.64999892699416	3034.443776	cloud-23982	TIMEOUT	990.698269658	942.3465862620214	3633.397760	cloud-23982
eca-rers2012/Problem16_label56.yml	true	TIMEOUT	990.758621589	926.1355896339956	3180.662784	cloud-24261	true	478.706520036	429.3967967039789	3198.513152	cloud-23979	TIMEOUT	990.846932386	941.1361512290023	3940.188160	cloud-23938
eca-rers2012/Problem16_label57.yml	true	TIMEOUT	991.415966146	770.157852675009	5459.505152	cloud-23933	true	493.070506924	442.07896934999735	3197.902848	cloud-23933	TIMEOUT	990.651254711	953.1140086590021	2755.502080	cloud-23933
eca-rers2012/Problem16_label58.yml	true	TIMEOUT	990.823386386	914.2389959850116	3814.428672	cloud-23979	true	561.828616006	504.8509913480084	3797.835776	cloud-23938	TIMEOUT	990.870073389	941.5949402090046	3073.855488	cloud-23982
eca-rers2012/Problem16_label59.yml	true	TIMEOUT	990.741415079	931.6711535139912	3993.505792	cloud-24259	true	657.278022055	595.3510115340177	3769.434112	cloud-23938	TIMEOUT	990.644737311	945.2115635360242	3742.236672	cloud-23938
eca-rers2012/Problem19_label00.yml	true	OUT OF MEMORY	538.816636054	360.5900408359994	15000.158208	cloud-23944	TIMEOUT	991.842263012	616.0124023480166	12875.964416	cloud-23939	TIMEOUT	991.368342749	898.8342763429973	14051.287040	cloud-23943
eca-rers2012/Problem19_label05.yml	true	OUT OF MEMORY	571.768821389	385.14944573299726	15000.166400	cloud-23943	TIMEOUT	993.029903404	622.7070807699929	12999.299072	cloud-23980	TIMEOUT	991.980450421	872.9300179410202	13982.232576	cloud-23980
eca-rers2012/Problem19_label06.yml	true	OUT OF MEMORY	807.593150264	621.7122608440113	15000.166400	cloud-23942	TIMEOUT	991.684291456	859.6884524089983	13693.792256	cloud-23941	OUT OF MEMORY	485.572421324	351.2246363120212	15000.051712	cloud-23982
eca-rers2012/Problem19_label07.yml	true	TIMEOUT	990.834238948	743.3819500770041	14908.219392	cloud-23939	OUT OF MEMORY	376.925406676	280.7752887979732	15000.047616	cloud-23980	OUT OF MEMORY	290.990804187	204.23206443697563	15000.182784	cloud-23942
eca-rers2012/Problem19_label08.yml	true	TIMEOUT	954.053642049	732.1088067450037	15000.158208	cloud-23940	TIMEOUT	992.354403256	639.8150514399749	13697.425408	cloud-23979	OUT OF MEMORY	292.017512797	211.63898292201338	15000.178688	cloud-23944
eca-rers2012/Problem19_label10.yml	false	OUT OF MEMORY	897.236291317	676.3785249050015	15000.162304	cloud-23939	TIMEOUT	992.956861164	620.2483195950044	13724.839936	cloud-23982	OUT OF MEMORY	283.617383103	218.43460001601488	15000.047616	cloud-23979
eca-rers2012/Problem19_label11.yml	false	TIMEOUT	990.948906891	734.958524474	15000.043520	cloud-24261	OUT OF MEMORY	310.789116676	219.68229425599566	15000.166400	cloud-23942	TIMEOUT	991.306886401	894.1198209949944	14034.915328	cloud-23943
eca-rers2012/Problem19_label13.yml	true	TIMEOUT	990.810155857	749.187905585015	14905.683968	cloud-23939	TIMEOUT	992.734231294	613.0893723240006	13480.562688	cloud-23943	OUT OF MEMORY	380.839487961	275.8808000339777	15000.051712	cloud-23933
eca-rers2012/Problem19_label14.yml	false	OUT OF MEMORY	601.557535243	393.035411113	15000.162304	cloud-23942	TIMEOUT	992.001471848	636.4834454520023	14064.852992	cloud-23980	TIMEOUT	991.149483957	904.1522090689978	13979.467776	cloud-23944
eca-rers2012/Problem19_label16.yml	true	OUT OF MEMORY	854.715695661	611.3117307770008	15000.047616	cloud-24259	TIMEOUT	991.903239417	659.3107735300146	12769.841152	cloud-23980	TIMEOUT	991.878103369	877.0011046350119	14009.999360	cloud-23979
eca-rers2012/Problem19_label19.yml	false	TIMEOUT	990.975231868	754.1930464379839	14997.291008	cloud-23943	TIMEOUT	991.921769795	620.3124274139991	13699.473408	cloud-23940	OUT OF MEMORY	489.672377511	366.3869060429861	15000.055808	cloud-23982
eca-rers2012/Problem19_label20.yml	true	OUT OF MEMORY	593.662850794	391.4137153760239	15000.166400	cloud-23940	TIMEOUT	992.742228388	623.4981104010076	13718.847488	cloud-23943	TIMEOUT	991.27049845	895.9980745250068	13964.079104	cloud-23939
eca-rers2012/Problem19_label24.yml	true	OUT OF MEMORY	666.683848674	460.4927074399893	15000.043520	cloud-23933	TIMEOUT	993.494918793	655.7730608370039	14911.762432	cloud-23938	TIMEOUT	992.219446475	859.2725599950063	13979.684864	cloud-23938
eca-rers2012/Problem19_label26.yml	false	OUT OF MEMORY	787.739341282	563.5603096509876	15000.166400	cloud-23940	OUT OF MEMORY	309.490134861	220.27796592001687	15000.043520	cloud-23933	TIMEOUT	991.776675942	876.5447900189902	14233.849856	cloud-23938
eca-rers2012/Problem19_label28.yml	false	OUT OF MEMORY	235.329242678	176.5548586369987	15000.162304	cloud-23939	OUT OF MEMORY	336.321035214	234.79035739801475	15000.039424	cloud-23938	TIMEOUT	991.741792299	865.340406680014	14007.312384	cloud-23933
eca-rers2012/Problem19_label30.yml	true	OUT OF MEMORY	770.509219808	555.874195234006	15000.039424	cloud-24259	TIMEOUT	991.977756879	621.0005635129928	12830.875648	cloud-23980	TIMEOUT	991.817328721	870.8098759300192	13065.199616	cloud-23979
eca-rers2012/Problem19_label32.yml	false	OUT OF MEMORY	863.658558817	620.1097569859994	15000.166400	cloud-23943	TIMEOUT	992.120282982	629.6730699999898	13741.662208	cloud-23940	TIMEOUT	992.194905681	870.9358124630235	13898.342400	cloud-23980
eca-rers2012/Problem19_label34.yml	true	OUT OF MEMORY	572.749064151	384.41547795699444	15000.162304	cloud-23941	TIMEOUT	991.46867602	670.812226915994	13707.489280	cloud-23980	TIMEOUT	991.210893689	904.3806237580138	14009.159680	cloud-23942
eca-rers2012/Problem19_label36.yml	true	OUT OF MEMORY	676.689963388	442.8394174660207	15000.166400	cloud-23939	TIMEOUT	993.568538816	652.3778624619881	13663.375360	cloud-23938	TIMEOUT	991.844393562	882.3865213009994	13973.409792	cloud-23979
eca-rers2012/Problem19_label37.yml	true	OUT OF MEMORY	580.825453929	382.0350232569981	15000.166400	cloud-23940	TIMEOUT	992.593544145	670.5808196029975	13986.975744	cloud-23982	OUT OF MEMORY	353.149524733	263.2965824120038	15000.178688	cloud-23940
eca-rers2012/Problem19_label38.yml	true	OUT OF MEMORY	536.882876766	361.84504860700144	15000.170496	cloud-23940	TIMEOUT	992.131235777	637.3014962260204	14207.590400	cloud-23979	TIMEOUT	991.33566968	889.5455804039957	13997.264896	cloud-23941
eca-rers2012/Problem19_label39.yml	true	OUT OF MEMORY	853.882663118	632.2659565069999	15000.432640	cloud-23942	OUT OF MEMORY	340.692417892	239.7951605709968	15000.170496	cloud-23939	TIMEOUT	991.254833778	900.4226745229971	13964.320768	cloud-23942
eca-rers2012/Problem19_label40.yml	true	TIMEOUT	991.516689952	754.3039211409923	14970.822656	cloud-23941	OUT OF MEMORY	393.771448569	268.5603316670167	15000.047616	cloud-23982	TIMEOUT	991.256022214	895.3407961539924	14035.537920	cloud-23943
eca-rers2012/Problem19_label42.yml	false	OUT OF MEMORY	736.504859047	510.78611111200007	15000.170496	cloud-23944	TIMEOUT	991.782352793	629.7511970459891	13720.166400	cloud-23980	TIMEOUT	991.521795847	879.4703936400183	14003.507200	cloud-23933
eca-rers2012/Problem19_label43.yml	false	OUT OF MEMORY	892.612994256	664.0013020430051	15000.158208	cloud-23940	TIMEOUT	993.048655792	624.3333235999744	13685.432320	cloud-23982	TIMEOUT	991.387115187	892.6674320580205	14426.738688	cloud-23942
eca-rers2012/Problem19_label44.yml	true	OUT OF MEMORY	410.24442627	302.957994787	15000.031232	cloud-23979	TIMEOUT	990.806564073	619.840882635006	13679.460352	cloud-23940	OUT OF MEMORY	283.625142453	202.29208398397896	15000.170496	cloud-23944
eca-rers2012/Problem19_label45.yml	true	TIMEOUT	990.739596532	753.4465001650024	14940.766208	cloud-23944	TIMEOUT	992.430757383	625.2893958310015	13708.603392	cloud-23942	OUT OF MEMORY	271.505633346	195.8567844950012	15000.174592	cloud-23944
eca-rers2012/Problem19_label46.yml	true	OUT OF MEMORY	762.985561069	545.2929156539903	15000.039424	cloud-24259	TIMEOUT	993.074664178	652.7768204199965	14139.019264	cloud-23938	TIMEOUT	991.055841101	905.7309421639948	12352.212992	cloud-23944
eca-rers2012/Problem19_label47.yml	false	TIMEOUT	991.664383717	762.9058155290004	14976.798720	cloud-23942	OUT OF MEMORY	358.167436851	254.6960209660174	15000.043520	cloud-23938	TIMEOUT	991.224841882	898.8597589860146	14016.069632	cloud-23940
eca-rers2018/Problem10.yml	false	false(unreach-call)	173.155994187	121.79437276298995	859.631616	cloud-24260	false(unreach-call)	173.278854568	130.74718828199548	861.233152	cloud-23980	TIMEOUT	990.386842123	957.646039705025	842.461184	cloud-23982
eca-rers2018/Problem11.yml	false	TIMEOUT	991.099014434	890.2615623100137	3381.190656	cloud-24259	ERROR (solver error, after parsing finished)	685.714627669	620.5844401089998	2516.156416	cloud-23982	TIMEOUT	990.682180836	927.0644994369941	2565.619712	cloud-23933
eca-rers2018/Problem17.yml	false	TIMEOUT	946.016556528	646.5628871840017	15000.162304	cloud-23939	TIMEOUT	992.432564532	696.4982855400012	12944.101376	cloud-23980	OUT OF MEMORY	813.845480523	568.6057724260027	15000.154112	cloud-23943
psyco/psyco_abp_1-1.yml	false	false(unreach-call)	127.495423549	99.10621114699461	1204.879360	cloud-24261	false(unreach-call)	151.934061215	115.94548480102094	1265.831936	cloud-23982	TIMEOUT	990.263342239	969.9908229179855	818.630656	cloud-23980
psyco/psyco_abp_1-3.yml	true	true	84.33269039	67.26508784599719	776.572928	cloud-24259	true	98.432620454	76.93522597799893	782.266368	cloud-23979	TIMEOUT	990.328989898	966.9344828790054	829.100032	cloud-23982
psyco/psyco_io_1.yml	true	true	38.059515135	22.699863417990855	631.824384	cloud-24259	true	33.808512766	19.737440233991947	604.180480	cloud-23980	TIMEOUT	990.324862357	968.9723660099844	679.731200	cloud-23979
psyco/psyco_security.yml	true	true	35.371579265	21.053427256993018	597.266432	cloud-24259	true	27.596533933	16.415566999989096	605.016064	cloud-23980	TIMEOUT	990.302568828	972.2439805490139	658.370560	cloud-23979
