tool		Theta 6.17.6	Theta 6.17.6	Theta 6.17.6	Theta 6.17.6	Theta 6.17.6	Theta 6.17.6	Theta 6.17.6	Theta 6.17.6	Theta 6.17.6	Theta 6.17.6
run set		PredCart(900, true, true) -> KInd().SV-COMP25_unreach-call	PredCart(900, true, true) -> KInd().SV-COMP25_unreach-call	PredCart(900, true, true) -> KInd().SV-COMP25_unreach-call	PredCart(900, true, true) -> KInd().SV-COMP25_unreach-call	PredCart(900, true, true) -> KInd().SV-COMP25_unreach-call	PredCart().SV-COMP25_unreach-call	PredCart().SV-COMP25_unreach-call	PredCart().SV-COMP25_unreach-call	PredCart().SV-COMP25_unreach-call	PredCart().SV-COMP25_unreach-call
sv-benchmarks/c/		status	cputime (s)	walltime (s)	memory (MB)	host	status	cputime (s)	walltime (s)	memory (MB)	host
openssl-simplified/s3_srvr_1b.cil.yml	true	true	14.697880648	8.328757029999906	624.332800	cloud-24678	true	25.832127066	14.114970271002676	602.677248	cloud-23979
locks/test_locks_10.yml	true	true	98.864198576	85.47898678199999	1216.315392	cloud-24679	ERROR (solver error, after parsing finished)	731.024537982	710.5341899510004	638.406656	cloud-23979
locks/test_locks_11.yml	true	true	176.839707746	162.08638215000065	1307.865088	cloud-24679	ERROR (solver error, after parsing finished)	732.896588018	711.1021750149994	689.311744	cloud-23933
locks/test_locks_12.yml	true	true	185.850071847	172.27929128700634	1252.282368	cloud-23941	ERROR (solver error, after parsing finished)	732.140509615	711.7173166680004	792.727552	cloud-23979
locks/test_locks_13.yml	true	true	411.776260453	395.7624093860004	1338.273792	cloud-24642	ERROR (solver error, after parsing finished)	732.039113682	711.0830064520051	692.207616	cloud-23979
locks/test_locks_14-1.yml	true	true	614.094639723	597.2233010050004	1401.282560	cloud-24642	TIMEOUT (ERROR (inner timeout, after parsing finished))	929.366749574	908.4458997199981	671.690752	cloud-23979
locks/test_locks_14-2.yml	false	false(unreach-call)	16.479447872	9.202731389999826	604.504064	cloud-24678	false(unreach-call)	22.188074302	11.937976108994917	606.380032	cloud-23979
locks/test_locks_15-1.yml	false	false(unreach-call)	14.891829891	8.979422314994736	635.801600	cloud-23942	false(unreach-call)	23.315530041	12.725358714000322	627.212288	cloud-23979
locks/test_locks_15-2.yml	true	true	888.053172634	869.0865213750003	1397.284864	cloud-24678	TIMEOUT (ERROR (inner timeout, after parsing finished))	930.926905654	908.2610676629993	705.970176	cloud-23979
locks/test_locks_5.yml	true	true	18.347287334	10.296129644999837	604.557312	cloud-24679	true	18.961281938	10.549770457000704	607.494144	cloud-23940
locks/test_locks_6.yml	true	true	24.277883804	14.994768542999736	594.132992	cloud-24679	true	40.22620413	24.48142764699878	632.602624	cloud-24259
locks/test_locks_7.yml	true	true	40.711818781	28.706849541000338	728.297472	cloud-24642	true	68.222510015	51.579548679001164	634.236928	cloud-23933
locks/test_locks_8.yml	true	true	41.486208463	31.194176881981548	840.777728	cloud-23939	true	198.066293982	178.4927011539985	638.328832	cloud-23933
locks/test_locks_9.yml	true	true	77.36333179	62.73697357099991	966.230016	cloud-24679	true	672.305392969	652.6755503230015	779.325440	cloud-23979
ntdrivers/cdaudio.i.cil-1.yml	false	ERROR (frontend failed, before parsing finished)	4.501420151	2.439352764000432	211.697664	cloud-24679	ERROR (frontend failed, before parsing finished)	7.803826028	4.164805858999898	216.846336	cloud-23933
ntdrivers/diskperf.i.cil-1.yml	true	ERROR (frontend failed, before parsing finished)	4.088830541	2.2461711180003476	218.726400	cloud-24679	ERROR (frontend failed, before parsing finished)	5.886694534	3.1398359230006463	193.761280	cloud-23979
ntdrivers/diskperf.i.cil-2.yml	false	ERROR (frontend failed, before parsing finished)	3.950962229	2.1621631779999007	190.066688	cloud-24679	ERROR (frontend failed, before parsing finished)	4.852860121	2.6147471759977634	194.916352	cloud-23940
ntdrivers/floppy.i.cil-1.yml	false	ERROR (frontend failed, before parsing finished)	4.207119901	2.3146728329993493	209.088512	cloud-24678	ERROR (frontend failed, before parsing finished)	8.187574242	4.30225607200191	216.125440	cloud-23933
ntdrivers/floppy.i.cil-3.yml	true	ERROR (frontend failed, before parsing finished)	5.060580953	2.6853550780006117	221.642752	cloud-24441	ERROR (frontend failed, before parsing finished)	6.325501951	3.378382752001926	217.038848	cloud-23979
ntdrivers/kbfiltr.i.cil-2.yml	false	ERROR (frontend failed, before parsing finished)	4.192112761	2.2895470750008826	200.003584	cloud-24642	ERROR (frontend failed, before parsing finished)	4.525491282	2.4375886009997885	202.854400	cloud-23979
ntdrivers/parport.i.cil-1.yml	false	ERROR (frontend failed, before parsing finished)	5.201434041	2.8150168789998133	248.397824	cloud-24679	ERROR (frontend failed, before parsing finished)	8.791615073	4.633233579999796	252.420096	cloud-23933
ntdrivers/parport.i.cil-2.yml	true	ERROR (frontend failed, before parsing finished)	5.335699267	2.865108257999964	248.872960	cloud-24679	ERROR (frontend failed, before parsing finished)	9.084422387	4.7579617139999755	232.521728	cloud-24259
memory-model/2SB.yml	false	ERROR (frontend failed, before parsing finished)	2.234367203	1.339693406999686	126.148608	cloud-24441	ERROR (frontend failed, before parsing finished)	3.438936607	1.9419454829999268	131.665920	cloud-23933
memory-model/4SB.yml	false	ERROR (frontend failed, before parsing finished)	1.90428295	1.1435329779997119	124.776448	cloud-24678	ERROR (frontend failed, before parsing finished)	3.463753066	1.9760330200006138	130.801664	cloud-23933
unsignedintegeroverflow-sas23/bilinear_interpolation.yml	true	TIMEOUT	990.537950727	966.5747256250006	1978.408960	cloud-24678	ERROR (solver error, after parsing finished)	734.755880655	717.4247574190013	1667.170304	cloud-23979
unsignedintegeroverflow-sas23/cancel_var_through_overflow.yml	true	TIMEOUT	990.248486183	979.7452029319998	564.592640	cloud-24678	ERROR (solver error, after parsing finished)	764.558789716	752.8961620059999	612.855808	cloud-24259
unsignedintegeroverflow-sas23/distance_through_overflow.yml	true	true	15.064960039	8.288556317000257	584.736768	cloud-24678	true	23.517211188	12.938637539999036	575.062016	cloud-23933
unsignedintegeroverflow-sas23/linear_interpolation.yml	true	TIMEOUT	990.263457727	978.0119008069996	663.175168	cloud-24441	ERROR (solver error, after parsing finished)	730.59794139	715.7632449379998	649.371648	cloud-24259
unsignedintegeroverflow-sas23/linear_interpolation_2.yml	true	TIMEOUT	990.211476517	980.705775504	602.071040	cloud-24441	ERROR (solver error, after parsing finished)	722.555456979	710.8243424960019	593.502208	cloud-23979
longjmp/68-longjmp_04-counting-local_true.yml	true	ERROR (generic error, after parsing finished)	17.50200866	9.633461782000268	563.318784	cloud-24678	ERROR (server error, after parsing finished)	19.50780454	10.575244179999572	563.044352	cloud-23979
longjmp/68-longjmp_04-counting-local_unknown_1_neg.yml	false	ERROR (generic error, after parsing finished)	16.28207304	9.028500549000455	558.043136	cloud-24441	ERROR (server error, after parsing finished)	17.489943998	9.697088700006134	554.680320	cloud-23979
longjmp/68-longjmp_04-counting-local_unknown_1_pos.yml	false	ERROR (generic error, after parsing finished)	16.358056009	9.13945500900013	559.845376	cloud-24441	ERROR (server error, after parsing finished)	23.728389913	13.16173915899708	553.500672	cloud-24259
longjmp/68-longjmp_05-heap-counting-return-one-method_true.yml	true	ERROR (frontend failed, before parsing finished)	2.783640739	1.535509589000867	187.019264	cloud-24642	ERROR (frontend failed, before parsing finished)	4.869077811	2.680954315001145	195.211264	cloud-23933
longjmp/68-longjmp_05-heap-counting-return-one-method_unknown_1_neg.yml	false	ERROR (frontend failed, before parsing finished)	2.874130108	1.6131089930004237	193.830912	cloud-24678	ERROR (frontend failed, before parsing finished)	4.415494851	2.4356029459995625	182.845440	cloud-23933
longjmp/68-longjmp_05-heap-counting-return-one-method_unknown_1_pos.yml	false	ERROR (frontend failed, before parsing finished)	3.210265954	1.7851985289998993	195.641344	cloud-24679	ERROR (frontend failed, before parsing finished)	3.417352203	1.9207426789998863	157.949952	cloud-23979
longjmp/68-longjmp_07-returns_true.yml	true	ERROR (generic error, after parsing finished)	16.739702861	9.323558156989748	570.281984	cloud-23944	ERROR (server error, after parsing finished)	22.544554984	12.616210280000814	523.231232	cloud-24259
longjmp/68-longjmp_11-counting-return_true.yml	true	ERROR (generic error, after parsing finished)	17.456303696	9.616720783999881	561.459200	cloud-24678	ERROR (server error, after parsing finished)	17.42658127	9.593538805002026	526.286848	cloud-23979
longjmp/68-longjmp_11-counting-return_unknown_1_neg.yml	false	ERROR (generic error, after parsing finished)	18.146387028	10.351763847998882	582.021120	cloud-24678	ERROR (server error, after parsing finished)	17.612598117	9.59696388500015	551.350272	cloud-23979
longjmp/68-longjmp_11-counting-return_unknown_1_pos.yml	false	ERROR (generic error, after parsing finished)	16.926036783	9.465592209999159	551.280640	cloud-24678	ERROR (server error, after parsing finished)	19.769698112	10.762186480998935	562.962432	cloud-23933
longjmp/68-longjmp_12-counting-global_true.yml	true	ERROR (generic error, after parsing finished)	17.70600267	9.701898387000256	573.976576	cloud-24441	ERROR (server error, after parsing finished)	24.821094168	13.517671057999905	536.838144	cloud-23933
longjmp/68-longjmp_12-counting-global_unknown_1_neg.yml	false	ERROR (generic error, after parsing finished)	16.15365189	8.977322103000006	563.634176	cloud-24441	ERROR (server error, after parsing finished)	17.864400039	9.754030181999951	513.122304	cloud-23933
longjmp/68-longjmp_12-counting-global_unknown_1_pos.yml	false	ERROR (generic error, after parsing finished)	15.878824209	8.824486131001322	552.620032	cloud-24642	ERROR (server error, after parsing finished)	18.545849241	10.188264393000281	539.451392	cloud-23979
longjmp/68-longjmp_13-counting-local_true.yml	true	ERROR (generic error, after parsing finished)	17.530894713	9.761508852999668	505.577472	cloud-24441	ERROR (server error, after parsing finished)	21.855591997	11.952775925004971	556.048384	cloud-23933
longjmp/68-longjmp_13-counting-local_unknown_1_neg.yml	false	ERROR (generic error, after parsing finished)	17.061625137	9.460697477999929	569.942016	cloud-24441	ERROR (server error, after parsing finished)	19.079715334	10.354396226000063	538.140672	cloud-23979
longjmp/68-longjmp_13-counting-local_unknown_1_pos.yml	false	ERROR (generic error, after parsing finished)	17.271270767	9.648300273000132	561.360896	cloud-24441	ERROR (server error, after parsing finished)	18.849730182	10.350115897999785	538.263552	cloud-23979
longjmp/68-longjmp_14-counting-return-one-method_true.yml	true	ERROR (generic error, after parsing finished)	18.401215248	10.208823308999996	555.491328	cloud-24679	ERROR (server error, after parsing finished)	20.246984479	10.94615084399993	511.844352	cloud-23933
longjmp/68-longjmp_14-counting-return-one-method_unknown_1_neg.yml	false	ERROR (generic error, after parsing finished)	16.028546257	8.819459277000078	547.196928	cloud-24642	ERROR (server error, after parsing finished)	20.896543048	11.441417319998436	537.751552	cloud-23979
longjmp/68-longjmp_14-counting-return-one-method_unknown_1_pos.yml	false	ERROR (generic error, after parsing finished)	17.202555507	9.523582907000673	547.835904	cloud-24678	ERROR (server error, after parsing finished)	17.045091375	14.24496661000012	564.338688	cloud-23944
longjmp/68-longjmp_15-counting-global-one-method_true.yml	true	ERROR (generic error, after parsing finished)	12.869856694	7.191747269011103	561.741824	cloud-23942	ERROR (server error, after parsing finished)	18.438266781	10.035813236005197	500.903936	cloud-23933
longjmp/68-longjmp_15-counting-global-one-method_unknown_1_neg.yml	false	ERROR (generic error, after parsing finished)	16.800237358	9.585118590999627	563.613696	cloud-24642	ERROR (server error, after parsing finished)	18.121461087	10.026115610999113	554.614784	cloud-23979
longjmp/68-longjmp_15-counting-global-one-method_unknown_1_pos.yml	false	ERROR (generic error, after parsing finished)	15.333247468	8.70491307500015	628.633600	cloud-24679	ERROR (server error, after parsing finished)	22.669890644	12.304284697005642	523.788288	cloud-24259
longjmp/68-longjmp_16-counting-local-one-method_true.yml	true	ERROR (generic error, after parsing finished)	15.628506102	8.740390144999765	550.469632	cloud-24678	ERROR (server error, after parsing finished)	21.650270698	11.792782140000782	555.487232	cloud-23933
longjmp/68-longjmp_16-counting-local-one-method_unknown_1_neg.yml	false	ERROR (generic error, after parsing finished)	16.644657599	9.256992735000495	557.219840	cloud-24441	ERROR (server error, after parsing finished)	16.079532729	8.889494799999738	539.557888	cloud-23979
longjmp/68-longjmp_16-counting-local-one-method_unknown_1_pos.yml	false	ERROR (generic error, after parsing finished)	15.05394428	8.403471693000029	500.260864	cloud-24678	ERROR (server error, after parsing finished)	22.628897727	12.34334440600287	539.631616	cloud-24259
longjmp/68-longjmp_18-simple-else_true.yml	true	ERROR (generic error, after parsing finished)	18.877807571	10.724411381999744	635.248640	cloud-24642	ERROR (server error, after parsing finished)	24.748070177	13.370963902999392	571.437056	cloud-23933
longjmp/68-longjmp_18-simple-else_unknown_1_neg.yml	false	ERROR (generic error, after parsing finished)	15.464803406	8.82943522700225	553.148416	cloud-23941	ERROR (server error, after parsing finished)	20.18123318	11.08668659900286	611.405824	cloud-23941
longjmp/68-longjmp_18-simple-else_unknown_1_pos.yml	false	ERROR (generic error, after parsing finished)	18.04955686	10.18199869199998	581.083136	cloud-24642	ERROR (server error, after parsing finished)	15.425103627	8.530336750998686	541.388800	cloud-23939
longjmp/68-longjmp_18-simple-else_unknown_2_neg.yml	false	ERROR (generic error, after parsing finished)	17.457022567	9.528894623000042	549.797888	cloud-24642	ERROR (server error, after parsing finished)	23.975695485	12.849813174999781	550.596608	cloud-23933
longjmp/68-longjmp_18-simple-else_unknown_2_pos.yml	false	ERROR (generic error, after parsing finished)	17.728155871	9.747469445000206	566.288384	cloud-24642	ERROR (server error, after parsing finished)	21.109707009	11.787267895000014	550.256640	cloud-23933
longjmp/68-longjmp_19-simpler_true.yml	true	ERROR (generic error, after parsing finished)	16.068637097	8.938454412011197	591.880192	cloud-23940	ERROR (server error, after parsing finished)	23.928702334	12.844461026000317	572.887040	cloud-23933
longjmp/68-longjmp_20-simpler-multifun_true.yml	true	ERROR (generic error, after parsing finished)	16.998766269	9.582163998000397	593.588224	cloud-24678	ERROR (server error, after parsing finished)	23.122210458	12.449623652999435	584.916992	cloud-23979
longjmp/68-longjmp_21-multifun_true.yml	true	ERROR (generic error, after parsing finished)	17.621172641	9.744723879999583	584.589312	cloud-24678	ERROR (server error, after parsing finished)	23.452954409	12.545869137997215	546.852864	cloud-23933
longjmp/68-longjmp_22-multifun-arg_true.yml	true	ERROR (generic error, after parsing finished)	21.177556696	11.690799569000092	558.755840	cloud-24441	ERROR (server error, after parsing finished)	27.047933189	14.652256231000138	597.901312	cloud-23933
longjmp/68-longjmp_42-poison-reduced_true.yml	true	ERROR (frontend failed, before parsing finished)	2.889135016	1.6366380829986156	194.801664	cloud-24441	ERROR (frontend failed, before parsing finished)	3.913182854	2.1642140679978183	157.646848	cloud-24259
longjmp/68-longjmp_44-simple-else-path_true.yml	true	ERROR (generic error, after parsing finished)	19.563104388	11.11611524	564.379648	cloud-24642	ERROR (server error, after parsing finished)	24.440464139	13.19709523200072	594.964480	cloud-23933
longjmp/68-longjmp_51-worries_true.yml	true	ERROR (generic error, after parsing finished)	19.346860672	10.60678607900627	571.133952	cloud-23943	ERROR (server error, after parsing finished)	19.830817255	10.69929907599726	570.593280	cloud-23979
loops/array-1.yml	true	true	14.933011908	8.553529261000222	541.925376	cloud-24678	true	23.215853158	12.882748875003017	528.912384	cloud-23933
loops/array-2.yml	false	false(unreach-call)	15.077770824	8.296711861999938	527.990784	cloud-24441	false(unreach-call)	21.457496544	11.51061430900154	566.231040	cloud-23979
loops/bubble_sort-2.yml	false	ERROR (frontend failed, before parsing finished)	1.991508967	1.1782827060001182	123.944960	cloud-24441	ERROR (frontend failed, before parsing finished)	2.995404338	1.7455048990013893	135.905280	cloud-23979
loops/compact.yml	false	false(unreach-call)	17.047619322	9.835908835000737	530.198528	cloud-24678	false(unreach-call)	23.102862955	13.056661712999812	575.000576	cloud-23979
loops/count_up_down-1.yml	true	TIMEOUT (ERROR (inner timeout, after parsing finished))	932.087787023	920.069009117	740.405248	cloud-24679	ERROR (server error, after parsing finished)	37.217078692	26.946491403000437	712.056832	cloud-23979
loops/count_up_down-2.yml	false	false(unreach-call)	13.797046713	7.643328514999666	538.402816	cloud-24679	false(unreach-call)	19.352123499	10.8239680580009	589.967360	cloud-23979
loops/eureka_01-2.yml	true	TIMEOUT (ERROR (server error, after parsing finished))	929.996430353	908.4557005140005	2873.126912	cloud-24642	ERROR (solver error, after parsing finished)	748.734593858	716.5352265170004	2423.250944	cloud-23933
loops/eureka_05.yml	true	TIMEOUT	992.000305527	519.1897512510004	2135.838720	cloud-24678	TIMEOUT	991.050006474	526.5661593429977	2111.086592	cloud-24259
loops/for_bounded_loop1.yml	false	false(unreach-call)	15.706073262	8.872559004999857	603.566080	cloud-24679	false(unreach-call)	20.790182387	11.698739168998145	601.178112	cloud-23979
loops/for_infinite_loop_1.yml	true	true	13.310025213	7.450455516000147	544.833536	cloud-24679	true	21.581915677	11.74054919199989	531.587072	cloud-23933
loops/for_infinite_loop_2.yml	true	true	14.63877484	8.324464069999522	549.625856	cloud-24441	true	17.615985051	9.675663523000367	536.592384	cloud-23979
loops/heavy-1.yml	false	TIMEOUT (ERROR (server error, after parsing finished))	920.638678128	908.0909208089997	868.528128	cloud-24441	ERROR (solver error, after parsing finished)	727.568857221	711.4512438140009	753.561600	cloud-23933
loops/heavy-2.yml	true	true	13.278799875	7.384717994000312	560.259072	cloud-24678	true	19.062320844	10.43851860599898	510.279680	cloud-23979
loops/insertion_sort-1-2.yml	false	ERROR (server error, after parsing finished)	259.92523415	245.55840949699996	940.294144	cloud-24441	ERROR (solver error, after parsing finished)	736.790024651	720.0051237450025	673.148928	cloud-24259
loops/insertion_sort-2-2.yml	true	TIMEOUT (ERROR (server error, after parsing finished))	926.12824322	908.3231573079993	850.018304	cloud-24678	ERROR (verification stuck, after parsing finished)	102.370272599	85.4179588679981	726.376448	cloud-24259
loops/invert_string-1.yml	false	TIMEOUT (ERROR (server error, after parsing finished))	919.567680122	908.0338272190002	623.824896	cloud-24679	false(unreach-call)	26.256245501	14.963303868000366	607.641600	cloud-23979
loops/invert_string-3.yml	true	TIMEOUT (true)	948.635810699	551.3179269119864	2111.365120	cloud-23942	TIMEOUT	991.661512694	617.9034552679996	2081.005568	cloud-23933
loops/linear_sea.ch.yml	true	ERROR (generic error, after parsing finished)	17.042306001	9.498255741000321	574.803968	cloud-24441	ERROR (server error, after parsing finished)	20.000758117	11.300204464001581	652.697600	cloud-23979
loops/linear_search.yml	false	ERROR (generic error, after parsing finished)	16.627533824	9.084093887999188	538.537984	cloud-24642	ERROR (server error, after parsing finished)	20.76946593	11.454117532000055	528.363520	cloud-23979
loops/lu.cmp.yml	true	ERROR (frontend failed, before parsing finished)	2.133058562	1.20081909199871	120.336384	cloud-24441	ERROR (frontend failed, before parsing finished)	3.215897761	1.8648812930041458	110.239744	cloud-23933
loops/ludcmp.yml	false	ERROR (frontend failed, before parsing finished)	1.542776259	1.0170717889850494	110.465024	cloud-23939	ERROR (frontend failed, before parsing finished)	3.045153188	1.7135629290060024	119.840768	cloud-23979
loops/matrix-1.yml	true	ERROR (frontend failed, before parsing finished)	1.466595197	0.8485017830098514	112.680960	cloud-23939	ERROR (frontend failed, before parsing finished)	2.898142503	1.6384441350000998	111.915008	cloud-23933
loops/matrix-2-2.yml	false	ERROR (frontend failed, before parsing finished)	1.995229242	1.1561632299999474	112.771072	cloud-24441	ERROR (frontend failed, before parsing finished)	2.910478195	1.700463500999831	112.041984	cloud-23933
loops/n.c11.yml	true	true	14.956543295	8.26927230399997	530.538496	cloud-24642	true	23.532452153	12.989891600998817	553.316352	cloud-23933
loops/n.c24.yml	false	ERROR (frontend failed, before parsing finished)	2.339827246	1.3297028349998072	141.787136	cloud-24642	ERROR (frontend failed, before parsing finished)	3.131173399	1.8012771559951943	141.127680	cloud-23979
loops/n.c40.yml	true	true	17.127529623	10.012466611000491	966.758400	cloud-24642	true	29.064534216	16.33962026500012	971.001856	cloud-23933
loops/nec11.yml	false	false(unreach-call)	15.900420448	8.735597687000336	547.569664	cloud-24441	false(unreach-call)	25.016555699	13.786982689001889	561.700864	cloud-24259
loops/nec20.yml	false	false(unreach-call)	16.419202179	9.12915668000096	575.254528	cloud-24441	false(unreach-call)	26.088543491	14.222642726999766	570.019840	cloud-23933
loops/nec40.yml	true	true	19.016299108	10.949805679999827	985.190400	cloud-24642	true	28.646369388	15.922345849001431	862.150656	cloud-23933
loops/string-1.yml	true	true	16.456621466	9.052926302000003	571.617280	cloud-24441	true	24.337669331	13.309440872002597	576.524288	cloud-23933
loops/string-2.yml	false	ERROR (server error, after parsing finished)	17.647764971	10.739827368999613	586.231808	cloud-24678	ERROR (server error, after parsing finished)	28.734381953	17.063253588006773	580.124672	cloud-23933
loops/sum01-2.yml	true	true	15.91369672	8.812400613000136	605.884416	cloud-24441	true	20.431187644	11.328408612003841	588.455936	cloud-23979
loops/sum01_bug02.yml	false	false(unreach-call)	15.942986749	8.784380901999612	568.406016	cloud-24678	false(unreach-call)	29.284985532	15.79004947800422	560.140288	cloud-24259
loops/sum03-1.yml	false	TIMEOUT (ERROR (inner timeout, after parsing finished))	970.817660143	961.2794542119991	619.462656	cloud-24642	ERROR (solver error, after parsing finished)	724.621725756	711.6241882389995	616.861696	cloud-23979
loops/sum03-2.yml	true	true	168.543557682	160.08801727699938	581.701632	cloud-24441	ERROR (server error, after parsing finished)	34.688703318	22.784092511996278	591.265792	cloud-24259
loops/sum04-1.yml	false	false(unreach-call)	16.140587315	8.781429541000762	627.634176	cloud-24642	false(unreach-call)	21.386917106	12.112156417002552	587.669504	cloud-23942
loops/sum04-2.yml	true	true	12.08106194	6.7458380320167635	597.094400	cloud-23939	true	28.211297522	15.413167660000909	590.065664	cloud-24259
loops/sum_array-2-2.yml	true	ERROR (server error, after parsing finished)	600.329247266	587.2635054910002	600.244224	cloud-24678	ERROR (solver error, after parsing finished)	730.312893485	711.5008906970002	719.159296	cloud-23933
loops/terminator_01.yml	false	false(unreach-call)	14.645613659	8.270747164000568	516.190208	cloud-24441	false(unreach-call)	24.347398321	13.38724266400095	551.903232	cloud-24259
loops/terminator_02-2.yml	true	true	15.73966183	8.927103402000284	554.528768	cloud-24441	true	22.528132172	12.643060358001094	597.741568	cloud-23933
loops/terminator_02-2_abstracted.yml	true	true	14.538602062	8.081343908000008	593.547264	cloud-24678	true	20.793151437	11.327562446000229	547.692544	cloud-24259
loops/terminator_03-2.yml	true	true	13.248639284	7.474098620000007	594.239488	cloud-24678	true	21.484860248	11.740655990004598	567.418880	cloud-23933
loops/terminator_03-2_abstracted.yml	true	true	15.80674493	8.970389463999993	589.500416	cloud-24441	true	23.337016426	12.782395096000982	587.542528	cloud-23933
loops/trex01-1.yml	false	false(unreach-call)	15.464625629	8.539747479000653	550.629376	cloud-24441	false(unreach-call)	21.144201998	11.623959992000891	549.195776	cloud-23979
loops/trex01-2.yml	true	true	15.481309753	8.858325978000721	625.225728	cloud-24642	true	18.73646162	10.45309135899879	581.353472	cloud-23979
loops/trex02-1.yml	true	true	15.133634907	8.336891752998781	524.062720	cloud-24441	true	25.311746652	13.689934829000777	524.259328	cloud-23933
loops/trex02-2.yml	false	false(unreach-call)	15.112146531	8.431515612000112	558.706688	cloud-24642	false(unreach-call)	25.21763269	13.597867263000808	568.762368	cloud-24259
loops/trex03-1.yml	false	false(unreach-call)	16.838250777	9.525190490000114	581.517312	cloud-24678	false(unreach-call)	22.464976263	12.44124213699979	589.217792	cloud-23933
loops/trex03-2.yml	true	true	14.407651111	8.05120071500005	584.269824	cloud-24642	true	20.670793882	11.469533012001193	585.953280	cloud-23979
loops/trex03-2_abstracted.yml	true	true	14.249287318	8.185757838999052	607.076352	cloud-24642	true	22.728787014	12.541634198998509	591.032320	cloud-23933
loops/trex04.yml	true	true	14.222818021	8.174361228999999	624.087040	cloud-24678	true	20.670654048	11.517400018994522	599.793664	cloud-23979
loops/trex04_abstracted.yml	true	true	11.861718636	6.673322256014217	603.430912	cloud-23940	true	19.627485272	11.012233904999448	579.022848	cloud-23979
loops/veris.c_NetBSD-libc_loop.yml	true	ERROR (frontend failed, before parsing finished)	1.780165781	1.0516835710000123	117.710848	cloud-24679	ERROR (frontend failed, before parsing finished)	3.732536677	2.075167616996623	118.099968	cloud-23933
loops/veris.c_OpenSER_cases1_stripFullBoth_arr.yml	true	ERROR (frontend failed, before parsing finished)	2.36246155	1.3552495169999474	129.228800	cloud-24678	ERROR (frontend failed, before parsing finished)	2.189778456	1.2528309819999777	134.193152	cloud-23943
loops/veris.c_sendmail_tTflag_arr_one_loop.yml	true	true	15.00200852	8.523085210999852	545.923072	cloud-24679	true	20.166496531	11.480131668000467	551.854080	cloud-23933
loops/verisec_NetBSD-libc_loop.yml	false	ERROR (frontend failed, before parsing finished)	1.881812538	1.123707591999846	116.113408	cloud-24679	ERROR (frontend failed, before parsing finished)	3.544173901	1.9834265679965029	117.415936	cloud-23933
loops/verisec_OpenSER_cases1_stripFullBoth_arr.yml	false	ERROR (frontend failed, before parsing finished)	2.63956618	1.5029816030000802	132.018176	cloud-24678	ERROR (frontend failed, before parsing finished)	3.921572137	2.182134988999678	130.404352	cloud-23933
loops/vogal-1.yml	true	ERROR (frontend failed, before parsing finished)	1.787949016	1.027956138999798	119.021568	cloud-24642	ERROR (frontend failed, before parsing finished)	3.596462343	2.019937722994655	117.952512	cloud-23933
loops/vogal-2.yml	false	ERROR (frontend failed, before parsing finished)	1.840027612	1.125701309998476	110.137344	cloud-24679	ERROR (frontend failed, before parsing finished)	2.309831993	1.3547230460026185	109.649920	cloud-23979
loops/while_infinite_loop_1.yml	true	true	12.087392818	7.061327588000495	604.086272	cloud-24678	true	20.55954595	11.265015690999462	589.873152	cloud-23979
loops/while_infinite_loop_2.yml	true	true	14.095736569	7.805463049000082	581.545984	cloud-24441	true	21.140934149	11.622039989999394	570.568704	cloud-23933
loops/while_infinite_loop_3.yml	true	true	15.685281345	8.627443470000799	567.410688	cloud-24679	true	24.321519019	13.53033943400078	542.838784	cloud-24259
loops/while_infinite_loop_4.yml	false	false(unreach-call)	15.185998819	8.453579899999568	575.315968	cloud-24441	false(unreach-call)	19.178784617	10.841043779000756	557.625344	cloud-23979
loop-acceleration/array_1-1.yml	false	TIMEOUT (ERROR (server error, after parsing finished))	934.163418691	908.1977733290005	1015.394304	cloud-24678	ERROR (solver error, after parsing finished)	739.158033812	711.3093164599995	966.352896	cloud-23979
loop-acceleration/array_1-2.yml	true	TIMEOUT (ERROR (server error, after parsing finished))	929.059973914	907.883589046	1064.861696	cloud-24642	ERROR (server error, after parsing finished)	732.85751671	710.1152354080004	821.248000	cloud-23979
loop-acceleration/array_2-1-simple.yml	false	TIMEOUT (ERROR (generic error, after parsing finished))	924.535693835	901.9240378679988	1337.126912	cloud-24441	ERROR (solver error, after parsing finished)	742.924550637	713.4687329029985	1199.452160	cloud-23979
loop-acceleration/array_2-1.yml	false	TIMEOUT (ERROR (server error, after parsing finished))	935.537310231	908.9328295479991	2407.260160	cloud-24642	ERROR (solver error, after parsing finished)	742.24918216	712.2072391340007	1715.269632	cloud-24259
loop-acceleration/array_2-2-simple.yml	true	TIMEOUT (ERROR (server error, after parsing finished))	931.621745511	908.991208204	1339.748352	cloud-24642	ERROR (server error, after parsing finished)	739.566624781	711.9333117640017	1127.755776	cloud-23933
loop-acceleration/array_2-2.yml	true	TIMEOUT (ERROR (generic error, after parsing finished))	928.121868296	900.0083517090006	2206.855168	cloud-24642	ERROR (solver error, after parsing finished)	759.265644894	730.9531608199977	1853.456384	cloud-24259
loop-acceleration/array_3-1.yml	true	true	14.440242814	8.036269980000043	573.603840	cloud-24678	true	21.687718176	11.770149979001872	549.752832	cloud-24259
loop-acceleration/array_3-2.yml	false	TIMEOUT (ERROR (server error, after parsing finished))	931.368076404	908.8130354900004	1231.990784	cloud-24679	ERROR (solver error, after parsing finished)	737.355133737	711.1511172549999	1045.606400	cloud-23979
loop-acceleration/array_4.yml	true	TIMEOUT (ERROR (server error, after parsing finished))	933.938206988	909.5182473279999	1346.805760	cloud-24678	ERROR (solver error, after parsing finished)	730.16341523	709.0916433210004	1006.174208	cloud-23979
loop-acceleration/const_1-1.yml	true	true	14.606479477	8.024539732999983	593.997824	cloud-24642	true	20.889861053	11.333567993999168	544.509952	cloud-23933
loop-acceleration/const_1-2.yml	false	TIMEOUT	990.364163369	963.6202479350004	975.900672	cloud-24441	ERROR (verification stuck, after parsing finished)	758.278804389	729.3986517070007	1021.775872	cloud-23933
loop-acceleration/const_1-2_abstracted.yml	false	false(unreach-call)	14.32242958	7.997498982000252	591.892480	cloud-24441	false(unreach-call)	20.844484246	11.37234395500127	540.434432	cloud-24259
loop-acceleration/diamond_1-1.yml	true	true	24.420080202	15.795654540000214	675.291136	cloud-24679	true	36.870736899	22.959028098004637	630.829056	cloud-23979
loop-acceleration/diamond_1-2.yml	false	false(unreach-call)	463.528095153	445.87360985899977	1221.419008	cloud-24642	false(unreach-call)	721.302523293	694.7145985449997	1129.803776	cloud-23933
loop-acceleration/diamond_2-2.yml	true	true	327.938552219	256.2110808569996	2259.447808	cloud-23942	true	759.754528653	557.5294392610012	2292.002816	cloud-24259
loop-acceleration/functions_1-1.yml	true	TIMEOUT (ERROR (inner timeout, after parsing finished))	954.539756989	943.6830981810003	591.478784	cloud-24642	ERROR (server error, after parsing finished)	28.682218408	18.26413632200274	564.674560	cloud-23979
loop-acceleration/functions_1-2.yml	false	TIMEOUT (ERROR (inner timeout, after parsing finished))	923.897602619	911.5220876369999	719.015936	cloud-24679	ERROR (server error, after parsing finished)	29.447318326	18.13182850299927	541.708288	cloud-24259
loop-acceleration/multivar_1-1.yml	true	true	13.753861253	7.862814770998739	596.164608	cloud-24678	true	20.061525854	11.366502956996555	583.782400	cloud-23979
loop-acceleration/multivar_1-2.yml	false	false(unreach-call)	16.688551526	9.16972615800023	569.335808	cloud-24441	false(unreach-call)	18.483645812	10.4505036139999	614.760448	cloud-23979
loop-acceleration/nested_1-1.yml	true	true	119.667268137	110.37918949600135	568.778752	cloud-24679	ERROR (solver error, after parsing finished)	726.398025047	710.747636994	620.347392	cloud-23933
loop-acceleration/nested_1-2.yml	false	TIMEOUT	990.283290958	975.5599107040016	838.131712	cloud-24678	ERROR (solver error, after parsing finished)	729.879163129	712.8405893589952	701.247488	cloud-24259
loop-acceleration/overflow_1-1.yml	true	true	15.699106941	8.930467735000093	564.801536	cloud-24441	true	25.108098031	14.13238174900016	587.816960	cloud-23933
loop-acceleration/phases_1-1.yml	true	true	27.205855346	20.00270952900064	613.797888	cloud-24642	true	41.808349132	30.92148319000262	578.240512	cloud-23933
loop-acceleration/phases_1-2.yml	false	TIMEOUT	990.213621447	980.411595608	558.850048	cloud-24642	ERROR (solver error, after parsing finished)	726.583910447	712.7484571709974	546.467840	cloud-23933
loop-acceleration/phases_2-1.yml	false	false(unreach-call)	14.941083387	8.1714915499997	556.007424	cloud-24642	false(unreach-call)	19.690915356	11.108988665000652	556.732416	cloud-23979
loop-acceleration/phases_2-2.yml	true	TIMEOUT	990.223312924	980.4721040160002	606.732288	cloud-24441	ERROR (solver error, after parsing finished)	722.533817426	710.7915297060026	546.672640	cloud-23933
loop-acceleration/simple_1-1.yml	false	TIMEOUT	990.458610708	959.712309270999	1066.553344	cloud-24679	ERROR (verification stuck, after parsing finished)	745.210558952	718.8273981079983	1060.556800	cloud-23933
loop-acceleration/simple_1-1_abstracted.yml	false	false(unreach-call)	14.784972994	8.201958569999988	559.706112	cloud-24441	false(unreach-call)	17.28097024	9.598664051000014	561.188864	cloud-23979
loop-acceleration/simple_1-2.yml	true	TIMEOUT	990.448671909	958.433736418001	951.603200	cloud-24678	ERROR (solver error, after parsing finished)	738.771875625	712.3526672619992	862.928896	cloud-23933
loop-acceleration/simple_1-2_abstracted.yml	true	true	13.001636111	7.475904005999837	581.447680	cloud-24678	true	23.348777049	12.807881881002686	544.280576	cloud-24259
loop-acceleration/simple_2-1.yml	true	true	13.926035061	7.712699965999946	608.538624	cloud-24642	true	16.67130219	9.54361466399996	572.338176	cloud-23979
loop-acceleration/simple_2-1_abstracted.yml	true	true	13.856368778	7.977134999000555	555.388928	cloud-24678	true	24.361836222	13.429593029999523	573.526016	cloud-24259
loop-acceleration/simple_2-2.yml	false	false(unreach-call)	16.109239511	9.133706409998922	611.643392	cloud-24679	false(unreach-call)	20.248859774	11.155246141002863	549.539840	cloud-24259
loop-acceleration/simple_3-1.yml	false	false(unreach-call)	14.976811226	8.219669737000004	605.966336	cloud-24642	false(unreach-call)	22.560766895	12.640411123997183	592.973824	cloud-23933
loop-acceleration/simple_3-2.yml	true	true	15.492552474	8.588965596999515	610.537472	cloud-24441	true	18.361411437	10.363506302997848	587.657216	cloud-23979
loop-acceleration/simple_4-1.yml	false	TIMEOUT	990.230643389	980.18610214	617.820160	cloud-24441	ERROR (solver error, after parsing finished)	721.26877404	710.3079995129992	604.581888	cloud-23979
loop-acceleration/simple_4-1_abstracted.yml	false	false(unreach-call)	14.753111389	8.12567732000025	546.271232	cloud-24441	false(unreach-call)	22.085943032	12.113687479999498	559.927296	cloud-23933
loop-acceleration/simple_4-2.yml	true	true	14.30317759	7.859885501000463	564.936704	cloud-24441	true	21.194727461	11.543115086999023	539.754496	cloud-23933
loop-acceleration/simple_4-2_abstracted.yml	true	true	12.17761856	6.784156679001171	552.898560	cloud-23940	true	21.957217144	11.907350754001527	570.626048	cloud-24259
loop-acceleration/underapprox_1-1.yml	false	false(unreach-call)	203.380713805	195.5687184819999	592.351232	cloud-24642	ERROR (server error, after parsing finished)	23.909116541	14.57093518200054	585.273344	cloud-23933
loop-acceleration/underapprox_1-2.yml	true	true	441.820625057	432.7368092529996	609.353728	cloud-24642	ERROR (server error, after parsing finished)	36.276583786	28.092472051997902	549.126144	cloud-23942
loop-acceleration/underapprox_2-1.yml	false	TIMEOUT (false(unreach-call))	927.737722129	916.556512522	628.314112	cloud-24679	ERROR (solver error, after parsing finished)	725.109391386	711.9034388739965	591.396864	cloud-23933
loop-acceleration/underapprox_2-2.yml	true	true	19.043714536	11.792920481999317	607.289344	cloud-24678	true	29.043885638	17.89074061500287	582.115328	cloud-23933
loop-crafted/simple_array_index_value_1-1.yml	true	TIMEOUT (ERROR (server error, after parsing finished))	926.554370246	907.7923095259994	1172.168704	cloud-24642	ERROR (solver error, after parsing finished)	731.730311378	711.2799356899995	866.566144	cloud-23933
loop-crafted/simple_array_index_value_1-2.yml	false	false(unreach-call)	14.779604697	8.553810439000245	587.718656	cloud-24679	false(unreach-call)	22.593115105	12.30662198200298	557.633536	cloud-23979
loop-crafted/simple_array_index_value_2.yml	true	TIMEOUT (ERROR (server error, after parsing finished))	924.459391992	907.824172396	739.729408	cloud-24679	ERROR (solver error, after parsing finished)	730.172923843	711.2274714980013	765.485056	cloud-23979
loop-crafted/simple_array_index_value_3.yml	true	ERROR (server error, after parsing finished)	25.00137765	15.6732562039997	632.098816	cloud-24678	ERROR (server error, after parsing finished)	29.087498661	17.317339777997404	610.385920	cloud-23979
loop-crafted/simple_array_index_value_4.i.v+lhb-reducer.yml	true	TIMEOUT (ERROR (server error, after parsing finished))	940.341406268	908.5766692099996	1955.950592	cloud-24679	ERROR (solver error, after parsing finished)	738.452579598	710.436899266002	1571.610624	cloud-23979
loop-crafted/simple_array_index_value_4.i.v+nlh-reducer.yml	true	TIMEOUT (ERROR (server error, after parsing finished))	938.717620909	908.5380271940003	1887.563776	cloud-24679	ERROR (solver error, after parsing finished)	745.13601493	713.3648943499938	1518.895104	cloud-23979
loop-crafted/simple_array_index_value_4.yml	true	ERROR (server error, after parsing finished)	20.233110075	12.010242977000416	594.972672	cloud-24441	ERROR (server error, after parsing finished)	23.726471707	13.599819984003261	588.472320	cloud-23979
loop-crafted/simple_vardep_1.yml	true	true	264.635364032	240.97724239100353	1698.619392	cloud-23940	ERROR (server error, after parsing finished)	99.016215557	54.68074943199463	1748.754432	cloud-24259
loop-crafted/simple_vardep_2.yml	true	true	131.255222145	123.71919338900034	598.605824	cloud-24642	true	216.458951441	203.9533802219994	553.656320	cloud-24259
loop-invgen/MADWiFi-encode_ie_ok.yml	true	true	16.16370799	9.30268353700012	603.381760	cloud-24441	true	24.354191208	13.144557505002012	604.491776	cloud-23933
loop-invgen/NetBSD_loop.yml	true	true	15.615806908	8.748906766999426	610.279424	cloud-24642	true	22.592125225	12.565825440004119	574.169088	cloud-23979
loop-invgen/SpamAssassin-loop.i.v+cfa-reducer.yml	true	true	24.423703459	13.719808613001078	704.589824	cloud-24678	true	28.183131997	16.168715345000237	585.969664	cloud-23979
loop-invgen/SpamAssassin-loop.yml	true	true	20.082259896	10.992362720000074	652.673024	cloud-24642	true	27.476624524	14.79304691100333	603.095040	cloud-23979
loop-invgen/apache-escape-absolute.i.v+cfa-reducer.yml	true	true	24.402272348	14.16316277199985	685.207552	cloud-24679	true	39.3648577	22.851756254000065	641.163264	cloud-23933
loop-invgen/apache-escape-absolute.yml	true	true	19.027055817	10.47852340398822	587.239424	cloud-23943	true	27.8227009	15.287791399001435	605.827072	cloud-23979
loop-invgen/apache-get-tag.i.p+lhb-reducer.yml	true	true	53.347700687	39.0594913470004	709.795840	cloud-24678	true	85.499397989	64.14966529999947	661.237760	cloud-24259
loop-invgen/apache-get-tag.i.p+nlh-reducer.yml	true	TIMEOUT	990.82308828	958.3180733680001	1359.896576	cloud-24441	ERROR (solver error, after parsing finished)	757.137870113	720.3734547569984	1338.400768	cloud-23979
loop-invgen/apache-get-tag.i.p+sep-reducer.yml	true	true	442.115149866	413.51175199	1836.568576	cloud-24642	true	593.727578534	558.7645233840012	1878.429696	cloud-23979
loop-invgen/apache-get-tag.i.v+lhb-reducer.yml	true	true	16.790315782	9.360727327002678	632.147968	cloud-23942	true	30.445085959	16.52558353600034	594.214912	cloud-23933
loop-invgen/apache-get-tag.i.v+nlh-reducer.yml	true	true	22.480682884	12.600210481999966	637.628416	cloud-24642	true	28.228354168	15.77762473599978	623.099904	cloud-23979
loop-invgen/apache-get-tag.yml	true	true	16.238085738	9.168005386999994	574.971904	cloud-24679	true	23.398285304	12.788097298000139	594.796544	cloud-23933
loop-invgen/down.yml	true	TIMEOUT	990.388284409	967.9721820529994	840.839168	cloud-24678	ERROR (solver error, after parsing finished)	734.237188894	710.8453744180006	724.172800	cloud-23933
loop-invgen/fragtest_simple.yml	true	TIMEOUT	990.38120713	965.8635893330211	798.121984	cloud-23942	ERROR (solver error, after parsing finished)	734.466764887	712.0522395010012	816.959488	cloud-23933
loop-invgen/half_2.yml	true	TIMEOUT	990.386521866	962.0115781489985	1322.409984	cloud-24441	ERROR (solver error, after parsing finished)	741.871361188	711.701543124007	963.022848	cloud-23933
loop-invgen/heapsort.yml	true	true	18.388299759	10.285530963001293	631.271424	cloud-24642	true	27.544536873	14.982518891996733	574.562304	cloud-23933
loop-invgen/id_build.i.p+nlh-reducer.yml	true	true	43.418302692	34.343165184982354	820.219904	cloud-23942	true	80.777862452	61.809987822998664	824.594432	cloud-23933
loop-invgen/id_build.i.p+sep-reducer.yml	true	true	52.77761241	40.783131336000224	814.989312	cloud-24441	true	65.706398748	49.186242103999575	830.230528	cloud-23979
loop-invgen/id_build.i.v+lhb-reducer.yml	true	true	14.450690744	8.031752551999489	579.346432	cloud-24679	true	20.463429451	11.28390603400112	557.539328	cloud-23979
loop-invgen/id_build.yml	true	true	14.585629499	8.086818843999936	601.759744	cloud-24642	true	18.039559661	10.359748151000531	580.886528	cloud-23979
loop-invgen/id_trans.yml	false	false(unreach-call)	17.598831265	9.865243374999409	627.654656	cloud-24679	false(unreach-call)	22.683697534	12.484438650000811	600.674304	cloud-23979
loop-invgen/large_const.yml	true	TIMEOUT (true)	936.270193519	908.589586475	1000.730624	cloud-24678	ERROR (solver error, after parsing finished)	738.936625743	710.2694524450053	839.417856	cloud-23979
loop-invgen/nest-if3.yml	true	true	15.636714386	8.56007943700024	582.844416	cloud-24441	true	19.403215339	10.57795009199981	579.141632	cloud-23933
loop-invgen/nested6.yml	true	true	16.400550226	8.974622489000012	584.409088	cloud-24679	true	23.883751818	13.196233814000152	599.265280	cloud-24259
loop-invgen/nested9.yml	true	true	15.702405127	8.818887317998815	584.953856	cloud-24678	true	23.964789374	13.073733787001402	553.869312	cloud-23933
loop-invgen/sendmail-close-angle.yml	true	true	18.854469957	10.366157796001062	631.484416	cloud-24642	true	26.11867225	14.451005495000572	576.135168	cloud-23933
loop-invgen/seq-3.yml	true	TIMEOUT	990.355428796	966.9808254940003	941.891584	cloud-24679	TIMEOUT (ERROR (inner timeout, after parsing finished))	935.209388254	909.7098024570005	829.657088	cloud-23933
loop-invgen/string_concat-noarr.yml	true	TIMEOUT	990.320038439	965.858775103	1017.556992	cloud-24679	TIMEOUT (ERROR (inner timeout, after parsing finished))	933.841627722	907.2541323650003	662.212608	cloud-23942
loop-invgen/up.yml	true	TIMEOUT	990.339215067	967.9717838699999	931.201024	cloud-24678	ERROR (verification stuck, after parsing finished)	765.919248088	741.4580528540027	1009.889280	cloud-23979
loop-lit/afnp2014.yml	true	true	15.200388481	8.675389196000651	547.598336	cloud-24441	true	20.329661714	11.112066652000067	575.938560	cloud-23979
loop-lit/as2013-hybrid.yml	true	true	14.826774021	8.136200400000234	598.106112	cloud-24642	true	21.508024446	11.853068689997599	581.054464	cloud-23979
loop-lit/bh2017-ex-add.yml	true	true	14.128657978	8.014494504022878	602.611712	cloud-23940	true	29.053849709	15.923383250999905	598.310912	cloud-24259
loop-lit/bh2017-ex1-poly.yml	true	true	14.795183739	8.227893710999524	573.702144	cloud-24679	true	28.376433402	15.417538454999885	557.494272	cloud-24259
loop-lit/bh2017-ex3.yml	true	true	15.053298711	8.65749348099962	600.973312	cloud-24679	true	20.713281774	11.532272892000037	590.704640	cloud-23979
loop-lit/bhmr2007.yml	true	true	14.775661888	8.157479432000002	605.618176	cloud-24679	true	27.565871534	14.917477063005208	547.586048	cloud-24259
loop-lit/cggmp2005.yml	true	true	14.119280168	8.00116884399904	549.240832	cloud-24678	true	19.937531357	10.838495920004789	586.293248	cloud-23979
loop-lit/cggmp2005_variant.yml	true	true	15.378401426	8.375921595999898	584.368128	cloud-24441	true	22.010474872	12.240030451000166	596.930560	cloud-23933
loop-lit/cggmp2005b.yml	true	true	14.007064241	7.954235432000132	586.383360	cloud-24441	true	18.129193272	10.32662710500017	580.849664	cloud-23979
loop-lit/css2003.yml	true	true	15.485098849	8.822799472000042	604.725248	cloud-24441	true	17.978821039	9.828193443000146	593.145856	cloud-23979
loop-lit/ddlm2013.yml	true	TIMEOUT	990.220717617	980.9747152020009	669.134848	cloud-24642	ERROR (solver error, after parsing finished)	727.644358246	713.7918291559981	585.719808	cloud-23933
loop-lit/gj2007.c.i.p+lhb-reducer.yml	true	true	75.902458684	61.896537884999816	714.440704	cloud-24679	true	100.169763131	82.88625166000202	765.865984	cloud-23979
loop-lit/gj2007.c.i.p+nlh-reducer.yml	true	true	45.634055755	33.133081109999694	888.070144	cloud-24679	true	71.031871782	51.780489513002976	848.900096	cloud-24259
loop-lit/gj2007.yml	true	true	94.363462348	80.5261269069997	814.157824	cloud-24679	true	131.433177934	110.90242447300261	682.577920	cloud-23979
loop-lit/gj2007b.yml	true	true	14.450948881	7.882128563999686	530.882560	cloud-24678	true	22.211633719	12.36031617199842	540.868608	cloud-23933
loop-lit/gr2006.yml	true	true	234.046067527	219.37549197000044	815.165440	cloud-24441	true	334.367927022	312.0503503180007	853.635072	cloud-23979
loop-lit/gsv2008.c.i.p+cfa-reducer.yml	true	true	14.862744957	8.278061140999853	565.403648	cloud-24679	true	22.955425326	12.760921580993454	505.065472	cloud-24259
loop-lit/gsv2008.c.i.v+cfa-reducer.yml	true	true	14.202178075	7.874051136999697	552.996864	cloud-24441	true	23.934497607	13.263406625999778	548.593664	cloud-24259
loop-lit/gsv2008.c.i.v+lhb-reducer.yml	true	true	12.887740899	7.1279397279995464	509.689856	cloud-24678	true	24.152235021	13.268822256999556	517.976064	cloud-24259
loop-lit/gsv2008.yml	true	true	13.391559177	7.6373211040045135	586.452992	cloud-23941	true	21.605755442	12.05943114299589	588.976128	cloud-23979
loop-lit/hh2012-ex1b.yml	true	true	14.202227725	7.847972377000133	610.615296	cloud-24642	true	19.608245537	10.789681467999799	600.219648	cloud-23979
loop-lit/hh2012-ex2b.yml	true	true	16.233818022	9.27043989699996	596.275200	cloud-24441	true	21.060319832	11.635537068999838	575.356928	cloud-23933
loop-lit/hh2012-ex3.yml	true	true	15.968494408	8.871766464999382	605.483008	cloud-24441	true	22.091450854	12.129738266999993	551.931904	cloud-23933
loop-lit/hhk2008.yml	true	true	14.701332146	8.161411120003322	607.731712	cloud-23944	true	18.431997351	10.04467674099942	580.202496	cloud-23979
loop-lit/jm2006.c.i.v+cfa-reducer.yml	true	true	15.596271625	9.067491243999939	530.432000	cloud-24441	true	23.757992481	13.039180713996757	559.366144	cloud-23933
loop-lit/jm2006.yml	true	true	14.502909633	7.972735200999523	545.423360	cloud-24678	true	20.955202002	11.58392902399919	589.819904	cloud-23979
loop-lit/jm2006_variant.yml	true	true	15.580335496	8.541941294000026	600.363008	cloud-24679	true	24.05819746	13.4606102559992	574.377984	cloud-23979
loop-lit/mcmillan2006.yml	true	TIMEOUT (ERROR (server error, after parsing finished))	925.207238941	908.3707395789997	989.577216	cloud-24441	ERROR (solver error, after parsing finished)	736.400951365	711.9374167669957	948.850688	cloud-23933
loop-lit/mine2017-ex4.10.yml	true	true	15.098082543	8.325542333999692	579.440640	cloud-24441	true	23.387621588	12.997701371998119	593.793024	cloud-24259
loop-lit/mine2017-ex4.6.yml	true	true	23.303443276	14.04237474599995	655.921152	cloud-24441	true	33.977317878	20.16384906699932	615.362560	cloud-23933
loop-lit/mine2017-ex4.7.yml	true	true	14.586468257	8.029174313000112	580.775936	cloud-24642	true	25.542018625	13.70867307699882	598.065152	cloud-23933
loop-lit/mine2017-ex4.8.yml	true	true	15.071532914	8.32041676200015	604.442624	cloud-24642	true	19.491809398	10.597033683996415	572.280832	cloud-23979
loop-new/count_by_1.yml	true	TIMEOUT (true)	929.062613158	907.4673372019988	875.016192	cloud-24678	ERROR (solver error, after parsing finished)	735.018575833	713.3373040320002	713.560064	cloud-24259
loop-new/count_by_1_variant.yml	true	true	14.163198101	7.865509553000265	598.941696	cloud-24642	true	22.59425854	12.60035244300525	571.506688	cloud-23979
loop-new/count_by_2.yml	true	TIMEOUT	990.564842788	966.89446077	879.550464	cloud-24679	ERROR (solver error, after parsing finished)	732.641648342	710.2246961840028	779.087872	cloud-23979
loop-new/count_by_k.yml	true	TIMEOUT	990.346091051	964.7358601040005	1050.263552	cloud-24441	ERROR (verification stuck, after parsing finished)	760.959562433	731.7300737519981	897.531904	cloud-23933
loop-new/count_by_nondet.yml	true	TIMEOUT	990.410126803	967.710971344999	853.848064	cloud-24679	ERROR (solver error, after parsing finished)	733.195806245	709.5823610610005	743.800832	cloud-23979
loop-new/gauss_sum.i.p+cfa-reducer.yml	true	ERROR (solver error, after parsing finished)	13.256533537	7.667258144996595	524.828672	cloud-23940	ERROR (server error, after parsing finished)	24.387173044	13.256974754999646	512.614400	cloud-23933
loop-new/gauss_sum.i.p+lhb-reducer.yml	true	ERROR (solver error, after parsing finished)	17.379171221	9.685495179999634	568.979456	cloud-24642	ERROR (solver error, after parsing finished)	21.319032104	11.652996484997857	512.040960	cloud-24259
loop-new/gauss_sum.i.v+cfa-reducer.yml	true	ERROR (solver error, after parsing finished)	14.730087275	8.567093272999955	570.241024	cloud-24678	ERROR (server error, after parsing finished)	19.849349273	10.930302626000412	515.231744	cloud-23933
loop-new/gauss_sum.yml	true	ERROR (solver error, after parsing finished)	14.472231745	8.387821144016925	592.261120	cloud-23939	ERROR (solver error, after parsing finished)	21.065896611	11.50595637600054	567.562240	cloud-23933
loop-new/half.yml	true	true	16.606058151	9.30412368100042	593.399808	cloud-24642	true	19.020284722	10.29909573400073	609.124352	cloud-23979
loop-new/nested-1.yml	true	TIMEOUT	990.218609672	975.50314402	877.608960	cloud-24642	ERROR (solver error, after parsing finished)	729.125533542	711.2810193580008	770.568192	cloud-23933
loop-industry-pattern/aiob_1.yml	true	ERROR (frontend failed, before parsing finished)	1.775505373	1.0874196119998487	117.555200	cloud-24678	ERROR (frontend failed, before parsing finished)	2.960697571	1.6937665810037288	126.517248	cloud-23979
loop-industry-pattern/aiob_2.yml	true	ERROR (frontend failed, before parsing finished)	2.003767153	1.1956417849996797	118.247424	cloud-24441	ERROR (frontend failed, before parsing finished)	2.198170615	1.3037345220000134	115.793920	cloud-24259
loop-industry-pattern/aiob_3.yml	true	ERROR (frontend failed, before parsing finished)	2.058123723	1.1837190069782082	121.360384	cloud-23943	ERROR (frontend failed, before parsing finished)	3.500203353	1.965750390998437	126.701568	cloud-23979
loop-industry-pattern/aiob_4.c.v+cfa-reducer.yml	true	ERROR (frontend failed, before parsing finished)	1.995472396	1.1779372109995165	116.547584	cloud-24441	ERROR (frontend failed, before parsing finished)	3.215451892	1.8425861590003478	126.062592	cloud-23933
loop-industry-pattern/aiob_4.c.v+lh-reducer.yml	true	ERROR (frontend failed, before parsing finished)	1.957650284	1.1320188169993344	124.592128	cloud-24678	ERROR (frontend failed, before parsing finished)	2.387975564	1.4218900949999806	114.749440	cloud-23979
loop-industry-pattern/aiob_4.c.v+lhb-reducer.yml	true	ERROR (frontend failed, before parsing finished)	2.094922325	1.2089313209871762	121.688064	cloud-23943	ERROR (frontend failed, before parsing finished)	3.385990343	1.9420427680015564	126.205952	cloud-23933
loop-industry-pattern/aiob_4.c.v+nlh-reducer.yml	true	ERROR (frontend failed, before parsing finished)	2.457945248	1.3705068540002685	139.919360	cloud-24642	ERROR (frontend failed, before parsing finished)	3.068603092	1.7430793230014388	130.469888	cloud-23979
loop-industry-pattern/aiob_4.yml	true	ERROR (frontend failed, before parsing finished)	2.332548488	1.3234592629996769	125.210624	cloud-24441	ERROR (frontend failed, before parsing finished)	2.856144118	1.683278466000047	116.219904	cloud-23933
loop-industry-pattern/mod3.c.v+cfa-reducer.yml	true	true	14.954611876	8.652706851999937	634.785792	cloud-24678	true	22.041337825	12.097704347997933	619.687936	cloud-23979
loop-industry-pattern/mod3.c.v+lhb-reducer.yml	true	true	16.910137807	9.375067173001298	556.515328	cloud-24642	true	18.99729664	10.569957153995347	573.095936	cloud-23944
loop-industry-pattern/mod3.c.v+sep-reducer.yml	true	true	16.889595368	9.773197948001325	577.708032	cloud-23944	true	25.872448046	14.848785575995862	575.774720	cloud-24259
loop-industry-pattern/mod3.yml	true	true	16.351241685	9.290449541000271	604.372992	cloud-24642	true	26.716695879	15.063377951999428	547.446784	cloud-23933
loop-industry-pattern/ofuf_1.yml	true	ERROR (frontend failed, before parsing finished)	2.010266643	1.1730826540006092	129.736704	cloud-24678	ERROR (frontend failed, before parsing finished)	3.102248634	1.8092941649956629	121.925632	cloud-23979
loop-industry-pattern/ofuf_2.yml	true	ERROR (frontend failed, before parsing finished)	2.132670179	1.2266352270089556	132.136960	cloud-23939	ERROR (frontend failed, before parsing finished)	2.542352982	1.4665075080010865	130.928640	cloud-24259
loop-industry-pattern/ofuf_3.yml	true	ERROR (frontend failed, before parsing finished)	2.25519794	1.306458553000084	131.022848	cloud-24642	ERROR (frontend failed, before parsing finished)	3.484870459	1.9674711270054104	131.014656	cloud-23979
loop-industry-pattern/ofuf_4.yml	true	ERROR (frontend failed, before parsing finished)	2.327572784	1.3251157490012702	130.449408	cloud-24441	ERROR (frontend failed, before parsing finished)	3.103384466	1.7415357700010645	121.114624	cloud-24259
loop-industry-pattern/ofuf_5.yml	true	ERROR (frontend failed, before parsing finished)	2.138324664	1.2354014859993185	131.788800	cloud-24678	ERROR (frontend failed, before parsing finished)	3.156781965	1.7698107169999275	131.469312	cloud-23979
loops-crafted-1/Mono1_1-1.yml	false	TIMEOUT	990.196442751	977.7470129229987	625.020928	cloud-24441	ERROR (solver error, after parsing finished)	729.015851019	710.7581546609999	619.819008	cloud-23933
loops-crafted-1/Mono1_1-2.yml	true	TIMEOUT	990.324826377	968.8790954499991	878.985216	cloud-24678	ERROR (solver error, after parsing finished)	729.970426725	709.7603581649964	735.019008	cloud-23979
loops-crafted-1/Mono3_1.yml	false	TIMEOUT (ERROR (inner timeout, after parsing finished))	943.273811244	932.9620519620003	608.931840	cloud-24441	ERROR (server error, after parsing finished)	52.110163362	41.863507473994105	591.749120	cloud-23979
loops-crafted-1/Mono4_1.yml	false	TIMEOUT	990.333941953	967.9171287460003	848.437248	cloud-24441	ERROR (solver error, after parsing finished)	735.722085326	710.7818435160007	793.300992	cloud-23979
loops-crafted-1/Mono5_1.yml	false	TIMEOUT	990.24025991	979.7786373509998	605.859840	cloud-24678	ERROR (verification stuck, after parsing finished)	740.954451095	722.4609556400028	775.610368	cloud-24259
loops-crafted-1/Mono6_1.yml	false	TIMEOUT	990.224980286	980.0377559220015	561.803264	cloud-24441	ERROR (solver error, after parsing finished)	736.297426507	725.278787318	574.611456	cloud-23979
loops-crafted-1/discover_list.yml	true	ERROR (frontend failed, before parsing finished)	2.242953277	1.2579771420005272	142.241792	cloud-24642	ERROR (frontend failed, before parsing finished)	2.462191667	1.4467990570010443	133.767168	cloud-23979
loops-crafted-1/iftelse.yml	true	TIMEOUT	990.246180999	977.0554930519993	623.505408	cloud-24441	true	322.416493735	306.44414577600037	687.054848	cloud-24259
loops-crafted-1/in-de20.yml	true	TIMEOUT	990.245395779	977.2725138450003	591.024128	cloud-24678	ERROR (solver error, after parsing finished)	721.375819933	710.2361366719999	620.122112	cloud-23942
loops-crafted-1/in-de31.yml	true	TIMEOUT	990.35483619	918.1896243219962	2086.764544	cloud-23942	ERROR (server error, after parsing finished)	691.424800775	625.7996773	2100.482048	cloud-23933
loops-crafted-1/in-de32.yml	true	TIMEOUT	990.266916637	978.759419903	622.415872	cloud-24679	ERROR (solver error, after parsing finished)	725.115327767	711.8011522429952	553.590784	cloud-23933
loops-crafted-1/in-de41.yml	true	TIMEOUT	990.272250683	976.0784483289999	668.176384	cloud-24678	ERROR (solver error, after parsing finished)	730.584760925	711.0484599980045	869.720064	cloud-23933
loops-crafted-1/in-de42.yml	true	TIMEOUT	990.215435831	980.5568108770001	567.357440	cloud-24642	ERROR (solver error, after parsing finished)	720.519587533	709.8888621969963	553.476096	cloud-23979
loops-crafted-1/in-de51.yml	true	TIMEOUT	990.793185743	659.2033106800004	2059.907072	cloud-24679	TIMEOUT	992.093973652	511.47664931000327	2130.608128	cloud-24259
loops-crafted-1/in-de52.yml	true	TIMEOUT	990.229606867	978.9033033719988	595.718144	cloud-24642	ERROR (solver error, after parsing finished)	722.091343834	709.5102414329999	645.443584	cloud-23979
loops-crafted-1/in-de61.yml	true	TIMEOUT	990.263739588	971.847969389	1214.144512	cloud-24441	ERROR (solver error, after parsing finished)	741.323013275	712.4061280219976	1410.752512	cloud-24259
loops-crafted-1/in-de62.yml	true	TIMEOUT	990.306435634	976.0451605670005	718.925824	cloud-24678	ERROR (solver error, after parsing finished)	726.613362882	711.1409592709997	629.129216	cloud-23933
loops-crafted-1/loopv1.yml	true	true	15.781304865	8.818788391999988	559.538176	cloud-24642	true	19.733865186	10.733098103002703	596.398080	cloud-23979
loops-crafted-1/loopv2.yml	true	true	15.520613763	8.867220285000002	608.845824	cloud-24678	true	25.62072595	14.008988573004899	561.631232	cloud-23933
loops-crafted-1/loopv3.yml	true	TIMEOUT	990.31330616	969.852979019	834.195456	cloud-24642	ERROR (verification stuck, after parsing finished)	756.415865827	731.1774280059981	746.590208	cloud-23941
loops-crafted-1/mono-crafted_1.yml	true	TIMEOUT	990.385823042	966.8078014490002	806.850560	cloud-24642	ERROR (verification stuck, after parsing finished)	856.444645277	829.9890525090013	753.774592	cloud-23933
loops-crafted-1/mono-crafted_10.yml	true	TIMEOUT	990.276946593	977.8800098979991	579.710976	cloud-24679	ERROR (solver error, after parsing finished)	728.58846916	713.4460856279984	606.724096	cloud-23933
loops-crafted-1/mono-crafted_11.yml	true	true	16.358194067	9.333497313000407	561.860608	cloud-24678	true	24.477076754	14.049423895001382	578.179072	cloud-23933
loops-crafted-1/mono-crafted_12.yml	true	true	15.753418244	9.096059346000402	563.597312	cloud-24642	true	19.944115652	11.215243914994062	601.100288	cloud-23979
loops-crafted-1/mono-crafted_13.yml	true	TIMEOUT	990.419166249	964.983862645	799.547392	cloud-24441	ERROR (solver error, after parsing finished)	735.373744257	710.409898647	736.391168	cloud-23933
loops-crafted-1/mono-crafted_14.yml	true	TIMEOUT	990.317771173	967.6711378170003	751.362048	cloud-23943	ERROR (solver error, after parsing finished)	739.754548954	712.8432564110008	669.298688	cloud-23933
loops-crafted-1/mono-crafted_3.yml	true	TIMEOUT	990.4133749	967.053993698999	843.907072	cloud-24679	ERROR (solver error, after parsing finished)	733.905839249	711.1985702160018	864.665600	cloud-24259
loops-crafted-1/mono-crafted_6.yml	true	TIMEOUT	990.438146288	965.5076221340005	832.229376	cloud-24679	ERROR (solver error, after parsing finished)	733.16772561	711.4282269089999	710.385664	cloud-24259
loops-crafted-1/mono-crafted_7.yml	true	TIMEOUT	990.394265196	966.96691397	871.550976	cloud-24679	ERROR (solver error, after parsing finished)	731.073045558	709.2946045799981	777.981952	cloud-23979
loops-crafted-1/mono-crafted_8.yml	true	TIMEOUT	990.385032503	961.9089395869996	1113.374720	cloud-24678	ERROR (solver error, after parsing finished)	734.898425526	711.8378132090002	849.076224	cloud-24259
loops-crafted-1/mono-crafted_9.yml	true	TIMEOUT	990.422385389	970.0993576610001	810.745856	cloud-24642	ERROR (solver error, after parsing finished)	734.282427824	710.6179784630003	733.634560	cloud-23933
loops-crafted-1/nested3-1.yml	true	TIMEOUT	990.22561395	980.0961677089999	555.773952	cloud-24441	ERROR (solver error, after parsing finished)	739.065054318	725.3167904509974	635.875328	cloud-23933
loops-crafted-1/nested3-1_abstracted.yml	true	TIMEOUT (ERROR (inner timeout, after parsing finished))	922.066846384	909.566559463	700.084224	cloud-24679	ERROR (server error, after parsing finished)	20.611382866	11.295650387000933	584.957952	cloud-23942
loops-crafted-1/nested3-2.yml	false	TIMEOUT	990.501235986	961.1982264210001	1063.182336	cloud-24679	ERROR (verification stuck, after parsing finished)	744.584605079	717.4738849010027	1074.696192	cloud-23979
loops-crafted-1/nested3-2_abstracted.yml	false	false(unreach-call)	15.502786936	8.562181192000025	607.121408	cloud-24642	false(unreach-call)	21.237877786	11.48073970599944	613.584896	cloud-23979
loops-crafted-1/nested5-1.yml	true	true	23.475667863	13.89018629400016	591.433728	cloud-24642	ERROR (solver error, after parsing finished)	29.791560343	17.995043265997083	555.999232	cloud-24259
loops-crafted-1/nested5-2.yml	false	TIMEOUT	990.355688971	964.6369494949995	1038.987264	cloud-24441	ERROR (verification stuck, after parsing finished)	750.635720243	720.6822873419951	957.460480	cloud-23979
loops-crafted-1/nested_delay_nd.yml	true	TIMEOUT	990.379246024	969.1387344719999	814.956544	cloud-24678	ERROR (solver error, after parsing finished)	734.272434962	711.1878781499981	767.696896	cloud-23979
loops-crafted-1/nested_delay_notd2.yml	false	TIMEOUT	990.358088557	968.6332763989999	708.497408	cloud-24441	ERROR (solver error, after parsing finished)	722.623784127	707.675654566	690.155520	cloud-23943
loops-crafted-1/net_reset.yml	true	ERROR (frontend failed, before parsing finished)	2.235482413	1.2808588309999323	127.545344	cloud-24441	ERROR (frontend failed, before parsing finished)	3.136176102	1.7855363839989877	126.615552	cloud-23979
loops-crafted-1/sum_by_3.yml	true	TIMEOUT	990.258805755	978.6188392840004	553.148416	cloud-24678	ERROR (solver error, after parsing finished)	730.551446647	718.5740766720046	593.272832	cloud-23979
loops-crafted-1/sum_by_3_abstracted.yml	true	TIMEOUT	990.271047373	977.3457016599987	607.727616	cloud-24678	true	489.322652852	477.17010664199915	584.167424	cloud-23979
loops-crafted-1/sum_natnum.yml	true	ERROR (solver error, after parsing finished)	87.254342281	79.07323372201063	670.449664	cloud-23941	ERROR (solver error, after parsing finished)	121.443591719	111.22723020299964	634.335232	cloud-23979
loops-crafted-1/sumt2.yml	true	true	15.546922576	8.98237506500027	558.313472	cloud-24679	true	24.159630462	13.504544711999188	520.368128	cloud-24259
loops-crafted-1/sumt3.yml	true	true	16.757448933	9.50224264600547	567.873536	cloud-23940	true	24.009066045	13.768869010003982	518.463488	cloud-24259
loops-crafted-1/sumt4.yml	true	true	16.575279232	10.161734996001542	572.657664	cloud-24679	true	24.035375989	14.468104837999817	507.568128	cloud-23979
loops-crafted-1/sumt5.yml	true	true	22.518652546	16.545428814999923	655.949824	cloud-24642	true	34.673456088	25.1348954770001	549.482496	cloud-23933
loops-crafted-1/sumt6.yml	true	true	19.126650773	11.679285467999762	534.945792	cloud-24678	true	18.197386923	11.687415289998171	571.650048	cloud-23939
loops-crafted-1/sumt7.yml	true	TIMEOUT	990.196608675	976.975890852	696.098816	cloud-24642	TIMEOUT (ERROR (inner timeout, after parsing finished))	924.653650702	907.8914775350004	696.107008	cloud-23933
loops-crafted-1/sumt8.yml	true	TIMEOUT (ERROR (inner timeout, after parsing finished))	920.996857201	910.3190340070014	741.326848	cloud-24642	ERROR (server error, after parsing finished)	22.93602247	13.531148377000136	584.601600	cloud-23979
loops-crafted-1/sumt9.yml	true	TIMEOUT	990.284306517	968.6565950510003	1248.296960	cloud-24679	ERROR (solver error, after parsing finished)	731.39249744	710.3278844320012	1238.855680	cloud-23979
loops-crafted-1/theatreSquare.yml	true	TIMEOUT	990.367556736	967.4823072849995	939.220992	cloud-24679	ERROR (solver error, after parsing finished)	737.696545121	713.1043867239932	788.328448	cloud-24259
loops-crafted-1/vnew1.yml	true	TIMEOUT	992.159916793	601.4900841970002	2072.158208	cloud-24679	TIMEOUT	992.181956661	610.315433453994	2093.674496	cloud-23979
loops-crafted-1/vnew2.yml	true	TIMEOUT	990.276455317	975.7147597400001	683.175936	cloud-24678	ERROR (solver error, after parsing finished)	724.03301298	710.8030894459998	716.242944	cloud-23979
loops-crafted-1/watermelon.yml	true	TIMEOUT	990.485094197	957.9984365310229	899.956736	cloud-23939	ERROR (verification stuck, after parsing finished)	798.157306492	770.2619074030008	1016.229888	cloud-23933
loop-invariants/bin-suffix-5.yml	true	true	14.075105499	8.030749066994758	546.488320	cloud-23943	true	21.384238022	11.713589687999047	547.663872	cloud-23979
loop-invariants/const.yml	true	true	14.888653066	8.28769689100045	555.892736	cloud-24642	true	20.99275181	11.665948836998723	586.743808	cloud-23979
loop-invariants/eq1.yml	true	true	15.38577828	8.458671829001105	550.711296	cloud-24441	true	19.493166596	10.768123807999928	532.750336	cloud-23933
loop-invariants/eq2.yml	true	true	13.321524848	7.425115091000407	595.775488	cloud-24679	true	21.781928269	12.18206745399948	580.595712	cloud-23979
loop-invariants/even.yml	true	true	14.26849328	7.88813880600037	593.666048	cloud-24441	true	21.529234178	11.735922890999063	546.381824	cloud-23933
loop-invariants/linear-inequality-inv-a.yml	true	TIMEOUT	990.892841512	817.8711122779987	2166.468608	cloud-24678	TIMEOUT (ERROR (solver error, after parsing finished))	972.251912816	712.4837155519999	2070.986752	cloud-24259
loop-invariants/linear-inequality-inv-b.yml	false	false(unreach-call)	15.474264008	9.218760304999932	575.176704	cloud-24678	false(unreach-call)	21.805223964	12.19997222999973	597.815296	cloud-23933
loop-invariants/linear-inequality-inv-c.yml	true	TIMEOUT	990.196743061	978.4856959879999	715.681792	cloud-24441	ERROR (solver error, after parsing finished)	726.859270798	712.7475938439998	604.463104	cloud-23933
loop-invariants/mod4.yml	true	true	14.41174464	8.288932116000069	600.739840	cloud-24678	true	20.63495842	11.178196691999801	600.596480	cloud-23933
loop-invariants/odd.yml	true	true	11.909363582	6.674087693012552	604.073984	cloud-23939	true	22.847501767	12.693174714000634	560.304128	cloud-24259
loop-invariants64/linear-inequality-inv-d.yml	true	TIMEOUT	990.270176149	977.5322863700003	637.100032	cloud-24679	ERROR (solver error, after parsing finished)	722.786992279	710.6622623790026	616.697856	cloud-23979
loop-simple/deep-nested.yml	false	TIMEOUT	990.27586699	975.1968653120002	631.816192	cloud-24679	ERROR (solver error, after parsing finished)	731.63259714	714.0981105530009	600.973312	cloud-23933
loop-simple/nested_1.yml	true	true	15.244391906	8.434033411000001	599.826432	cloud-24642	true	21.115829287	11.548058785999274	574.599168	cloud-23933
loop-simple/nested_1b.yml	false	false(unreach-call)	12.887390952	7.127390862995526	595.050496	cloud-23942	false(unreach-call)	21.315260151	11.827504597997176	585.965568	cloud-23933
loop-simple/nested_2.yml	true	true	16.936188846	9.258619375999842	611.545088	cloud-24642	true	26.778600869	14.693609438999374	586.350592	cloud-23933
loop-simple/nested_3.yml	true	true	47.000249737	36.410208213999795	606.052352	cloud-24678	true	65.36017576	50.82942129799994	664.391680	cloud-23933
loop-simple/nested_4.yml	true	TIMEOUT	990.380806044	966.2983223500005	704.045056	cloud-24642	ERROR (solver error, after parsing finished)	732.941523165	710.4718161870042	736.763904	cloud-23933
loop-simple/nested_5.yml	true	TIMEOUT	990.521496224	969.0763392980007	767.832064	cloud-24642	ERROR (solver error, after parsing finished)	728.301746767	709.2373142250008	787.144704	cloud-23979
loop-simple/nested_6.yml	true	TIMEOUT	990.497480144	966.2299509299992	809.697280	cloud-24678	ERROR (solver error, after parsing finished)	729.303907388	709.881295924999	694.210560	cloud-24259
loop-zilu/benchmark02_linear.yml	true	true	14.258070823	7.977516474998993	590.376960	cloud-24642	true	22.19577504	12.382871727000747	568.455168	cloud-24259
loop-zilu/benchmark02_linear_abstracted.yml	true	true	15.543469158	8.599249537000105	593.293312	cloud-24679	true	18.214854257	9.948288572995807	573.870080	cloud-23979
loop-zilu/benchmark04_conjunctive.yml	true	true	15.957167207	8.74984417900032	596.496384	cloud-24441	true	23.377211624	12.927824616999715	583.503872	cloud-23933
loop-zilu/benchmark05_conjunctive.yml	true	true	14.61827323	8.087279851999483	600.612864	cloud-24678	true	18.137545257	9.998748570999851	604.528640	cloud-23979
loop-zilu/benchmark09_conjunctive.yml	true	true	14.151820512	7.847226034000414	589.758464	cloud-24441	true	22.79347694	12.455707503000212	604.680192	cloud-23933
loop-zilu/benchmark10_conjunctive.yml	true	true	49.242905844	39.35066088300664	741.412864	cloud-23939	true	83.722081251	66.92786537900247	718.446592	cloud-23979
loop-zilu/benchmark11_linear.yml	true	true	15.855224192	8.969204650999018	683.315200	cloud-24441	true	20.366535093	11.08352295099985	587.935744	cloud-23979
loop-zilu/benchmark11_linear_abstracted.yml	true	true	14.168271047	7.860318131999975	593.739776	cloud-24678	true	21.252305649	11.845380501001273	582.336512	cloud-23933
loop-zilu/benchmark14_linear.yml	true	true	14.189998261	7.82418164500001	599.347200	cloud-24642	true	18.400110088	10.348890650000612	571.523072	cloud-23979
loop-zilu/benchmark17_conjunctive.yml	true	true	15.16057981	8.410067492999588	625.946624	cloud-24678	true	20.326736387	11.3901906569954	573.620224	cloud-23979
loop-zilu/benchmark18_conjunctive.yml	true	true	15.896395563	8.758299056000396	569.057280	cloud-24441	true	24.297558202	13.467050332001236	575.045632	cloud-24259
loop-zilu/benchmark19_conjunctive.yml	true	true	15.2449677	8.415612384998894	605.708288	cloud-24441	true	19.153114153	10.70789734099526	586.412032	cloud-23979
loop-zilu/benchmark20_conjunctive.yml	true	true	15.030781313	8.566646965999098	537.063424	cloud-24642	true	23.470898191	12.668804204004118	596.275200	cloud-24259
loop-zilu/benchmark23_conjunctive.yml	true	true	139.886443467	125.46051364999948	857.800704	cloud-24679	true	221.539497515	199.2510426450026	790.056960	cloud-23933
loop-zilu/benchmark25_linear.yml	true	true	14.61686402	8.072125192000385	545.681408	cloud-24642	true	20.116426712	11.011979085000348	615.923712	cloud-23933
loop-zilu/benchmark25_linear_abstracted.yml	true	true	14.632138247	8.335287082999457	585.138176	cloud-24441	true	23.37354006	12.69589380600155	582.897664	cloud-23933
loop-zilu/benchmark26_linear.yml	true	true	14.855895954	8.2339116990006	584.482816	cloud-24441	true	25.654312133	13.894723601995793	587.649024	cloud-23933
loop-zilu/benchmark26_linear_abstracted.yml	true	true	16.154920795	9.029880197999773	591.740928	cloud-24642	true	24.981700757	13.769551598001271	598.544384	cloud-24259
loop-zilu/benchmark32_linear.yml	true	true	15.641349776	8.658743558000424	623.689728	cloud-24679	true	20.409634717	11.316590449001524	604.164096	cloud-23979
loop-zilu/benchmark33_linear.yml	true	true	13.1139121	7.311839813999995	587.538432	cloud-24679	true	21.774197404	12.105884402999436	584.916992	cloud-23933
loop-zilu/benchmark34_conjunctive.yml	true	true	15.297047503	8.463514302000476	586.752000	cloud-24441	true	22.193483688	12.048946688999422	588.984320	cloud-23979
loop-zilu/benchmark35_linear.yml	true	true	14.394034989	7.967414012999143	584.957952	cloud-24441	true	19.969128057	10.848812602001999	540.794880	cloud-23979
loop-zilu/benchmark37_conjunctive.yml	true	true	16.157516011	8.808456958000534	540.635136	cloud-24441	true	19.920947036	11.078734813003393	592.044032	cloud-23979
loop-zilu/benchmark43_conjunctive.yml	true	true	11.379224945	6.453644055000041	593.731584	cloud-23939	true	20.565902478	11.138706555997487	574.128128	cloud-23933
loop-zilu/benchmark43_conjunctive_abstracted.yml	true	ERROR (server error, after parsing finished)	17.410814534	9.65804000099979	590.155776	cloud-24679	ERROR (server error, after parsing finished)	19.812011466	10.712124407000374	566.824960	cloud-23979
loop-zilu/benchmark51_polynomial.yml	true	true	15.343902415	8.450152555000386	588.816384	cloud-24678	true	19.274413115	10.421005405998585	579.096576	cloud-23979
loop-zilu/benchmark52_polynomial.yml	true	true	13.692607807	8.030063655000049	592.142336	cloud-24679	true	17.943567171	9.757755407998047	589.615104	cloud-23979
nla-digbench/bresenham-ll.yml	true	ERROR (solver error, after parsing finished)	98.683662338	88.0215192680007	653.746176	cloud-24679	ERROR (solver error, after parsing finished)	24.648475927	13.78022562499973	628.645888	cloud-23979
nla-digbench/cohencu-ll.yml	true	TIMEOUT	990.191929048	978.0300169380007	712.527872	cloud-24642	ERROR (solver error, after parsing finished)	132.388019231	121.88247292999995	675.008512	cloud-23933
nla-digbench/cohendiv-ll.yml	true	true	20.039166453	11.21668370000043	646.381568	cloud-24441	true	36.026389764	19.802423073000682	668.999680	cloud-24259
nla-digbench/dijkstra-u.yml	true	TIMEOUT	990.312003714	976.0068923189999	760.299520	cloud-24678	ERROR (solver error, after parsing finished)	732.492614202	715.9111685720018	783.855616	cloud-23933
nla-digbench/divbin.yml	false	TIMEOUT	990.270598545	977.7546988050003	680.259584	cloud-24678	ERROR (solver error, after parsing finished)	725.707212128	712.3059027140002	599.461888	cloud-23933
nla-digbench/divbin2.yml	true	TIMEOUT (ERROR (inner timeout, after parsing finished))	922.268595284	912.2746308220003	668.389376	cloud-24642	ERROR (solver error, after parsing finished)	31.815911645	19.939315406001697	579.940352	cloud-23933
nla-digbench/egcd-ll.yml	true	TIMEOUT	990.318702258	975.1156927020006	619.470848	cloud-24678	ERROR (solver error, after parsing finished)	725.235407915	711.9342104120001	643.571712	cloud-23933
nla-digbench/egcd2-ll.yml	true	ERROR (solver error, after parsing finished)	19.917073591	11.831850991991814	628.740096	cloud-23939	ERROR (server error, after parsing finished)	27.734607584	15.027700408998498	639.389696	cloud-24259
nla-digbench/egcd3-ll.yml	true	TIMEOUT (ERROR (inner timeout, after parsing finished))	925.586939699	911.4807098169995	653.844480	cloud-24679	ERROR (solver error, after parsing finished)	30.041263548	17.791298898002424	655.298560	cloud-23933
nla-digbench/fermat1-ll.yml	true	ERROR (solver error, after parsing finished)	30.987671527	18.769778005000035	691.974144	cloud-24441	ERROR (server error, after parsing finished)	21.509666095	11.661793133000174	672.120832	cloud-23979
nla-digbench/fermat2-ll.yml	true	ERROR (solver error, after parsing finished)	28.582750786	16.62626740399992	704.970752	cloud-24679	ERROR (server error, after parsing finished)	25.936087629	13.905012798000826	636.825600	cloud-23933
nla-digbench/geo1-ll.yml	true	ERROR (solver error, after parsing finished)	610.244675596	600.6975834320001	625.397760	cloud-24441	ERROR (solver error, after parsing finished)	25.447012228	13.922101477997785	585.437184	cloud-23933
nla-digbench/geo1-u.yml	false	ERROR (solver error, after parsing finished)	294.887130691	285.31292874000064	598.773760	cloud-24678	ERROR (solver error, after parsing finished)	24.839038249	13.706969437000225	576.466944	cloud-23933
nla-digbench/geo2-ll.yml	true	ERROR (solver error, after parsing finished)	144.626259939	136.5649724619998	582.942720	cloud-24679	ERROR (solver error, after parsing finished)	21.876767929	13.577144710998255	589.688832	cloud-23979
nla-digbench/geo3-ll.yml	true	ERROR (solver error, after parsing finished)	45.12521321	38.19697444300982	602.005504	cloud-23940	ERROR (solver error, after parsing finished)	51.077882461	43.27046634199996	573.366272	cloud-23940
nla-digbench/hard-ll.yml	true	TIMEOUT (ERROR (inner timeout, after parsing finished))	923.723916989	911.2523855630006	664.420352	cloud-24441	ERROR (verification stuck, after parsing finished)	21.130511184	11.43471419999969	633.610240	cloud-23979
nla-digbench/hard-u.yml	false	TIMEOUT	990.248566327	977.0744542150005	808.861696	cloud-24679	ERROR (solver error, after parsing finished)	115.150084786	105.04844047199731	593.809408	cloud-23979
nla-digbench/hard2.yml	true	true	15.002349911	8.339929498004494	584.708096	cloud-23941	true	27.980470531	15.643219335994218	587.296768	cloud-24259
nla-digbench/knuth.yml	true	TIMEOUT	990.317441334	978.9035837749998	1292.455936	cloud-24678	ERROR (solver error, after parsing finished)	716.235475973	708.8761524139991	1151.787008	cloud-23939
nla-digbench/lcm1.yml	true	TIMEOUT (ERROR (inner timeout, after parsing finished))	919.063597709	908.5242158960009	587.505664	cloud-24642	ERROR (server error, after parsing finished)	19.560749023	10.985417185998813	585.342976	cloud-23979
nla-digbench/lcm2.yml	true	ERROR (solver error, after parsing finished)	287.891329024	278.3720677559995	553.181184	cloud-24441	ERROR (solver error, after parsing finished)	98.459777876	88.61474192099922	549.015552	cloud-23979
nla-digbench/mannadiv.yml	true	true	18.491739448	10.252953827000056	595.951616	cloud-24441	true	26.792742191	15.023168804997113	580.616192	cloud-24259
nla-digbench/prod4br-ll.yml	true	true	70.463710362	59.55876824200004	664.846336	cloud-24642	ERROR (server error, after parsing finished)	27.448687353	14.789686967997113	653.430784	cloud-23933
nla-digbench/prodbin-ll.yml	true	TIMEOUT (ERROR (inner timeout, after parsing finished))	920.37211574	908.2301076470012	645.341184	cloud-24679	ERROR (server error, after parsing finished)	19.596867666	10.670908242999758	611.446784	cloud-23933
nla-digbench/ps2-ll.yml	true	true	15.059062017	8.372982221999337	600.829952	cloud-24678	true	19.715485955	10.839722618999076	594.874368	cloud-23979
nla-digbench/ps3-ll.yml	true	true	24.637395081	13.693762413999991	656.515072	cloud-24441	ERROR (solver error, after parsing finished)	21.572994136	11.739179240999874	587.132928	cloud-23979
nla-digbench/ps4-ll.yml	true	ERROR (solver error, after parsing finished)	162.333281363	151.1282966939998	691.347456	cloud-24642	ERROR (solver error, after parsing finished)	155.050684536	142.717129921999	645.963776	cloud-23979
nla-digbench/ps5-ll.yml	true	TIMEOUT (ERROR (inner timeout, after parsing finished))	922.276224204	909.7612919109997	791.773184	cloud-24441	ERROR (solver error, after parsing finished)	24.391196028	13.177565171001334	742.203392	cloud-23979
nla-digbench/ps6-ll.yml	true	TIMEOUT	990.341119838	975.1969019460001	871.337984	cloud-24441	ERROR (solver error, after parsing finished)	731.800483349	715.7335800120018	852.807680	cloud-24259
nla-digbench/sqrt1-ll.yml	true	true	20.480246974	12.255174861000341	650.858496	cloud-24441	true	28.939702404	16.603831692998938	675.753984	cloud-23933
nla-digbench-scaling/bresenham-ll_unwindbound1.yml	false	false(unreach-call)	19.031525241	10.535663180000483	707.448832	cloud-24642	false(unreach-call)	25.835433218	13.870396320999134	610.783232	cloud-24259
nla-digbench-scaling/bresenham-ll_unwindbound10.yml	false	ERROR (solver error, after parsing finished)	51.119901205	41.37277520399948	649.859072	cloud-24679	ERROR (solver error, after parsing finished)	45.230993792	34.084071358000074	609.169408	cloud-23933
nla-digbench-scaling/bresenham-ll_unwindbound100.yml	false	ERROR (solver error, after parsing finished)	55.772332055	45.0375407319998	708.788224	cloud-24441	ERROR (solver error, after parsing finished)	50.148913636	37.75461624000309	631.144448	cloud-23933
nla-digbench-scaling/bresenham-ll_unwindbound2.yml	false	ERROR (solver error, after parsing finished)	88.616968033	78.20294843800002	637.083648	cloud-24642	ERROR (solver error, after parsing finished)	47.229409	34.75854633300332	625.008640	cloud-23933
nla-digbench-scaling/bresenham-ll_unwindbound20.yml	false	ERROR (solver error, after parsing finished)	53.82092513	44.21906754099973	699.531264	cloud-24678	ERROR (solver error, after parsing finished)	39.448527117	29.034622692000994	648.663040	cloud-23979
nla-digbench-scaling/bresenham-ll_unwindbound5.yml	false	ERROR (solver error, after parsing finished)	54.437147571	44.034922842000014	625.303552	cloud-24679	ERROR (solver error, after parsing finished)	46.508806193	35.278560521001054	624.742400	cloud-24259
nla-digbench-scaling/bresenham-ll_unwindbound50.yml	false	ERROR (solver error, after parsing finished)	39.746197318	30.201463676999992	632.606720	cloud-24441	ERROR (solver error, after parsing finished)	21.027295449	11.533170117000282	620.105728	cloud-23979
nla-digbench-scaling/bresenham-ll_valuebound1.yml	true	ERROR (solver error, after parsing finished)	142.713168245	131.20850276599958	612.007936	cloud-24441	ERROR (verification stuck, after parsing finished)	27.716568604	17.449574301999746	631.263232	cloud-23979
nla-digbench-scaling/bresenham-ll_valuebound10.yml	true	ERROR (solver error, after parsing finished)	101.528382973	90.27602770300109	658.673664	cloud-24678	ERROR (verification stuck, after parsing finished)	22.677543809	12.435361941999872	570.011648	cloud-23941
nla-digbench-scaling/bresenham-ll_valuebound100.yml	true	ERROR (solver error, after parsing finished)	181.963174849	170.74956702000054	678.031360	cloud-24441	ERROR (verification stuck, after parsing finished)	29.1083533	16.061129699999583	610.217984	cloud-24259
nla-digbench-scaling/bresenham-ll_valuebound2.yml	true	ERROR (solver error, after parsing finished)	165.037305323	153.500502467	668.418048	cloud-24642	ERROR (solver error, after parsing finished)	178.178988565	166.48096997899847	628.199424	cloud-23933
nla-digbench-scaling/bresenham-ll_valuebound20.yml	true	ERROR (solver error, after parsing finished)	236.953788841	224.99429841599976	668.139520	cloud-24679	ERROR (verification stuck, after parsing finished)	26.157650851	14.181374687999778	579.493888	cloud-23979
nla-digbench-scaling/bresenham-ll_valuebound5.yml	true	ERROR (solver error, after parsing finished)	367.39062438	357.27274193201447	611.074048	cloud-23941	ERROR (verification stuck, after parsing finished)	29.621079112	16.411970875000407	641.732608	cloud-23933
nla-digbench-scaling/bresenham-ll_valuebound50.yml	true	TIMEOUT (ERROR (solver error, after parsing finished))	933.229875133	921.2109613470093	637.624320	cloud-23942	ERROR (verification stuck, after parsing finished)	30.865470256	17.128333574000862	631.320576	cloud-23933
nla-digbench-scaling/cohencu-ll_unwindbound1.yml	false	TIMEOUT	990.319516539	976.0096954420005	756.723712	cloud-24642	ERROR (solver error, after parsing finished)	732.299313917	715.4974947979999	697.942016	cloud-23933
nla-digbench-scaling/cohencu-ll_unwindbound10.yml	false	TIMEOUT	990.354977004	975.0666270110005	716.591104	cloud-24678	ERROR (solver error, after parsing finished)	733.308912109	716.0265858069979	667.389952	cloud-23933
nla-digbench-scaling/cohencu-ll_unwindbound100.yml	false	TIMEOUT	990.211298464	977.5595711329952	699.793408	cloud-23942	ERROR (solver error, after parsing finished)	651.746976399	638.1360300840024	698.142720	cloud-23979
nla-digbench-scaling/cohencu-ll_unwindbound2.yml	false	TIMEOUT	990.308710533	976.2982196499997	706.019328	cloud-24441	ERROR (solver error, after parsing finished)	727.825306186	713.3093873990001	718.041088	cloud-23979
nla-digbench-scaling/cohencu-ll_unwindbound20.yml	false	TIMEOUT	990.296268448	977.6121276489866	732.614656	cloud-23942	ERROR (solver error, after parsing finished)	724.355350648	711.4147521350023	688.902144	cloud-23979
nla-digbench-scaling/cohencu-ll_unwindbound5.yml	false	TIMEOUT	990.296790737	976.9868440890004	726.638592	cloud-24642	ERROR (solver error, after parsing finished)	728.074710418	713.1983083649975	710.397952	cloud-23979
nla-digbench-scaling/cohencu-ll_unwindbound50.yml	false	TIMEOUT	990.3407089	974.5856314319999	743.108608	cloud-24678	ERROR (solver error, after parsing finished)	727.11135213	713.0196401599969	669.839360	cloud-23979
nla-digbench-scaling/cohencu-ll_valuebound1.yml	true	ERROR (solver error, after parsing finished)	380.931208332	368.41574456499984	699.940864	cloud-24642	ERROR (solver error, after parsing finished)	87.546290504	74.65960266900038	649.682944	cloud-23933
nla-digbench-scaling/cohencu-ll_valuebound10.yml	true	TIMEOUT (ERROR (inner timeout, after parsing finished))	965.203946405	950.8489599889999	704.905216	cloud-24642	ERROR (solver error, after parsing finished)	62.578220585	53.857434962003026	715.182080	cloud-23943
nla-digbench-scaling/cohencu-ll_valuebound100.yml	true	ERROR (solver error, after parsing finished)	304.246635542	292.7971578869999	735.793152	cloud-24642	ERROR (solver error, after parsing finished)	88.097447712	76.59032931799447	667.889664	cloud-24259
nla-digbench-scaling/cohencu-ll_valuebound2.yml	true	TIMEOUT (ERROR (inner timeout, after parsing finished))	966.939294709	952.2715971879989	715.132928	cloud-24441	ERROR (solver error, after parsing finished)	78.204695643	66.06349211899942	688.685056	cloud-23979
nla-digbench-scaling/cohencu-ll_valuebound20.yml	true	TIMEOUT (ERROR (inner timeout, after parsing finished))	968.841932245	954.8634091670001	726.315008	cloud-24441	ERROR (solver error, after parsing finished)	87.051761402	73.08544404099666	688.005120	cloud-23979
nla-digbench-scaling/cohencu-ll_valuebound5.yml	true	TIMEOUT (ERROR (inner timeout, after parsing finished))	965.832268228	950.3024355430002	722.890752	cloud-24679	ERROR (solver error, after parsing finished)	75.604603415	63.60370097600389	690.667520	cloud-23979
nla-digbench-scaling/cohencu-ll_valuebound50.yml	true	TIMEOUT (ERROR (inner timeout, after parsing finished))	965.788037215	951.3267150749998	650.944512	cloud-24642	ERROR (solver error, after parsing finished)	92.844348395	79.13319995900383	714.027008	cloud-24259
nla-digbench-scaling/cohendiv-ll_unwindbound1.yml	true	true	17.222744569	9.748941538000508	588.595200	cloud-24679	true	20.844970911	11.61382259200036	614.883328	cloud-23979
nla-digbench-scaling/cohendiv-ll_unwindbound10.yml	true	true	67.022520872	55.15191573000084	674.856960	cloud-24642	true	79.378643161	64.81385282400015	676.417536	cloud-23979
nla-digbench-scaling/cohendiv-ll_unwindbound100.yml	true	TIMEOUT (ERROR (solver error, after parsing finished))	940.705365654	914.2788503760003	936.853504	cloud-24678	ERROR (solver error, after parsing finished)	740.705874497	711.8665559450019	843.907072	cloud-23933
nla-digbench-scaling/cohendiv-ll_unwindbound2.yml	true	true	20.98562987	12.103106062000734	643.186688	cloud-24441	true	26.582220662	14.724556465000205	672.395264	cloud-23979
nla-digbench-scaling/cohendiv-ll_unwindbound20.yml	true	ERROR (solver error, after parsing finished)	301.10280759	284.9825864239999	739.811328	cloud-24441	ERROR (solver error, after parsing finished)	736.228883416	713.2392474849985	705.970176	cloud-23933
nla-digbench-scaling/cohendiv-ll_unwindbound5.yml	true	true	27.248777522	17.689047772999857	680.484864	cloud-24441	true	45.447741379	28.847764320998976	629.714944	cloud-24259
nla-digbench-scaling/cohendiv-ll_unwindbound50.yml	true	TIMEOUT (ERROR (solver error, after parsing finished))	941.263387261	914.1456767470008	847.069184	cloud-24679	ERROR (solver error, after parsing finished)	739.611144748	711.6548155409982	829.943808	cloud-23933
nla-digbench-scaling/cohendiv-ll_valuebound1.yml	true	true	17.318175144	9.712272027998551	625.008640	cloud-24642	true	26.824282812	14.630731962002756	604.913664	cloud-24259
nla-digbench-scaling/cohendiv-ll_valuebound10.yml	true	true	18.858018055	10.60895934300001	607.105024	cloud-24441	true	27.830293865	15.230503879000025	616.566784	cloud-23933
nla-digbench-scaling/cohendiv-ll_valuebound100.yml	true	true	17.971650386	10.18981655899995	625.278976	cloud-24679	true	23.452495255	13.346648902999732	589.094912	cloud-23979
nla-digbench-scaling/cohendiv-ll_valuebound2.yml	true	ERROR (solver error, after parsing finished)	23.351461107	13.534260466999996	617.013248	cloud-24642	ERROR (server error, after parsing finished)	22.007064416	11.901971172999765	602.300416	cloud-23933
nla-digbench-scaling/cohendiv-ll_valuebound20.yml	true	true	20.458401192	11.197372316000838	674.426880	cloud-24642	true	28.609621157	15.541216214995075	668.393472	cloud-23979
nla-digbench-scaling/cohendiv-ll_valuebound5.yml	true	true	19.838909049	11.272383420999176	637.665280	cloud-24642	true	30.413784519	16.425344137001957	650.461184	cloud-23933
nla-digbench-scaling/cohendiv-ll_valuebound50.yml	true	true	18.980509105	10.421506411000337	625.287168	cloud-24679	true	29.060956767	15.721451190998778	622.039040	cloud-24259
nla-digbench-scaling/dijkstra-u_unwindbound1.yml	true	TIMEOUT	990.316194396	974.9037461930002	666.058752	cloud-24679	ERROR (solver error, after parsing finished)	723.927121154	711.8112733399998	633.823232	cloud-23979
nla-digbench-scaling/dijkstra-u_unwindbound10.yml	false	TIMEOUT	990.306709839	977.6982807479999	1850.425344	cloud-24642	ERROR (solver error, after parsing finished)	728.681311448	714.6174230799998	966.856704	cloud-23933
nla-digbench-scaling/dijkstra-u_unwindbound100.yml	false	TIMEOUT	990.318482721	976.031503491	764.092416	cloud-24441	ERROR (solver error, after parsing finished)	726.020544455	713.1236892050001	792.309760	cloud-24259
nla-digbench-scaling/dijkstra-u_unwindbound2.yml	true	TIMEOUT	990.311630511	975.4436629010002	850.272256	cloud-24679	ERROR (solver error, after parsing finished)	725.13582295	712.4773675959996	800.215040	cloud-23979
nla-digbench-scaling/dijkstra-u_unwindbound20.yml	false	TIMEOUT	990.353763033	976.606919418	2552.422400	cloud-24441	ERROR (solver error, after parsing finished)	728.953005035	717.8057255210006	2504.626176	cloud-23940
nla-digbench-scaling/dijkstra-u_unwindbound5.yml	false	TIMEOUT	990.313102189	976.3196661799998	1686.151168	cloud-24441	ERROR (solver error, after parsing finished)	760.268469144	745.1490594969982	1547.870208	cloud-24259
nla-digbench-scaling/dijkstra-u_unwindbound50.yml	false	TIMEOUT	990.320136016	976.7907286680002	704.729088	cloud-24441	ERROR (solver error, after parsing finished)	726.75129398	712.965627030997	687.624192	cloud-23979
nla-digbench-scaling/dijkstra-u_valuebound1.yml	true	TIMEOUT	990.280183506	976.708795207	794.447872	cloud-24642	ERROR (solver error, after parsing finished)	727.811909025	713.3008917159968	754.233344	cloud-23933
nla-digbench-scaling/dijkstra-u_valuebound10.yml	true	TIMEOUT	990.352360543	974.9621376039995	1069.195264	cloud-24679	ERROR (solver error, after parsing finished)	732.176807057	715.5365662750046	976.228352	cloud-23933
nla-digbench-scaling/dijkstra-u_valuebound100.yml	true	TIMEOUT	990.331969682	975.1684206900009	781.553664	cloud-24678	ERROR (solver error, after parsing finished)	727.705943928	713.3127324919988	693.223424	cloud-23979
nla-digbench-scaling/dijkstra-u_valuebound2.yml	true	TIMEOUT	990.327795967	975.894394143	759.746560	cloud-24679	ERROR (solver error, after parsing finished)	729.907381404	714.3899170520003	691.388416	cloud-23933
nla-digbench-scaling/dijkstra-u_valuebound20.yml	true	TIMEOUT	990.312537822	974.2504797640001	800.485376	cloud-24679	ERROR (solver error, after parsing finished)	727.775189757	714.0407938509998	759.500800	cloud-23979
nla-digbench-scaling/dijkstra-u_valuebound5.yml	true	TIMEOUT	990.311704373	975.7204853380008	1060.286464	cloud-24679	ERROR (solver error, after parsing finished)	727.921517919	713.8129492970002	1058.426880	cloud-23979
nla-digbench-scaling/dijkstra-u_valuebound50.yml	true	TIMEOUT	990.324741394	975.641874433999	666.824704	cloud-24678	ERROR (solver error, after parsing finished)	723.036090195	711.4674271679996	673.685504	cloud-23979
nla-digbench-scaling/divbin2_unwindbound1.yml	true	TIMEOUT (ERROR (inner timeout, after parsing finished))	965.829598327	955.9739450439997	662.884352	cloud-24441	ERROR (solver error, after parsing finished)	96.342000322	85.0641603759941	569.016320	cloud-23933
nla-digbench-scaling/divbin2_unwindbound10.yml	true	TIMEOUT (ERROR (inner timeout, after parsing finished))	939.831294251	929.936551626	613.224448	cloud-24642	ERROR (solver error, after parsing finished)	51.102975815	40.73743163399922	576.270336	cloud-23933
nla-digbench-scaling/divbin2_unwindbound100.yml	true	TIMEOUT (ERROR (inner timeout, after parsing finished))	953.950823099	944.3173765429999	658.018304	cloud-24642	ERROR (solver error, after parsing finished)	64.821352107	55.62138013100048	567.996416	cloud-23979
nla-digbench-scaling/divbin2_unwindbound2.yml	true	TIMEOUT (ERROR (inner timeout, after parsing finished))	922.432676374	912.7753809929995	737.976320	cloud-24441	ERROR (solver error, after parsing finished)	29.351363446	19.16177021099429	574.648320	cloud-24259
nla-digbench-scaling/divbin2_unwindbound20.yml	true	TIMEOUT	990.28107105	979.8751502720006	605.794304	cloud-24441	ERROR (solver error, after parsing finished)	723.24271317	712.1520035020003	579.248128	cloud-23979
nla-digbench-scaling/divbin2_unwindbound5.yml	true	TIMEOUT (ERROR (inner timeout, after parsing finished))	923.45129228	912.5662987049999	680.714240	cloud-24441	ERROR (solver error, after parsing finished)	27.954380035	17.445633750001434	580.067328	cloud-23933
nla-digbench-scaling/divbin2_unwindbound50.yml	true	TIMEOUT (ERROR (inner timeout, after parsing finished))	985.887345522	976.3712637300014	557.223936	cloud-24642	ERROR (solver error, after parsing finished)	129.29651481	117.83528620099969	575.696896	cloud-23933
nla-digbench-scaling/divbin2_valuebound1.yml	true	TIMEOUT	990.270427324	978.1458787050001	625.446912	cloud-24679	ERROR (solver error, after parsing finished)	727.713151272	713.7694123050005	595.087360	cloud-23933
nla-digbench-scaling/divbin2_valuebound10.yml	true	TIMEOUT	990.266850829	977.9819904260003	614.649856	cloud-24679	ERROR (solver error, after parsing finished)	725.161046792	712.1472388040002	605.409280	cloud-23933
nla-digbench-scaling/divbin2_valuebound100.yml	true	TIMEOUT (ERROR (inner timeout, after parsing finished))	928.752753781	919.0573327100001	667.217920	cloud-24642	ERROR (solver error, after parsing finished)	33.345073384	24.3028991459978	575.741952	cloud-23979
nla-digbench-scaling/divbin2_valuebound2.yml	true	TIMEOUT (ERROR (inner timeout, after parsing finished))	945.418588499	933.7436850260001	643.944448	cloud-24678	ERROR (solver error, after parsing finished)	67.284938099	56.56238219399529	588.111872	cloud-23933
nla-digbench-scaling/divbin2_valuebound20.yml	true	TIMEOUT (ERROR (inner timeout, after parsing finished))	935.259290886	923.4196680149998	805.212160	cloud-24679	ERROR (solver error, after parsing finished)	45.129683428	35.25441304599735	531.857408	cloud-23933
nla-digbench-scaling/divbin2_valuebound5.yml	true	TIMEOUT (ERROR (inner timeout, after parsing finished))	919.77198667	910.9799632170002	642.539520	cloud-24642	ERROR (solver error, after parsing finished)	26.482588641	16.54979437399743	591.187968	cloud-23979
nla-digbench-scaling/divbin2_valuebound50.yml	true	TIMEOUT	990.260857426	979.5193168420001	624.386048	cloud-24679	ERROR (solver error, after parsing finished)	728.480279397	713.8700128280034	583.213056	cloud-23933
nla-digbench-scaling/divbin_unwindbound1.yml	true	TIMEOUT (ERROR (inner timeout, after parsing finished))	941.281300187	928.3824988479996	682.430464	cloud-24679	ERROR (solver error, after parsing finished)	56.920524759	44.76897487699989	607.027200	cloud-23933
nla-digbench-scaling/divbin_unwindbound10.yml	false	ERROR (solver error, after parsing finished)	101.153735173	92.08174184499967	624.648192	cloud-24679	ERROR (solver error, after parsing finished)	139.735449989	127.48890992700035	664.948736	cloud-24259
nla-digbench-scaling/divbin_unwindbound100.yml	false	TIMEOUT (ERROR (solver error, after parsing finished))	926.901762994	917.1124771879986	617.025536	cloud-23939	ERROR (solver error, after parsing finished)	728.420900835	716.1854184959957	603.176960	cloud-23933
nla-digbench-scaling/divbin_unwindbound2.yml	true	ERROR (solver error, after parsing finished)	772.205653517	761.3923805039999	623.603712	cloud-24678	ERROR (solver error, after parsing finished)	727.052595588	712.8005913020024	655.036416	cloud-23933
nla-digbench-scaling/divbin_unwindbound20.yml	false	ERROR (solver error, after parsing finished)	593.666398807	582.6073149120002	571.547648	cloud-24678	ERROR (solver error, after parsing finished)	723.049102644	710.973009592999	596.672512	cloud-23979
nla-digbench-scaling/divbin_unwindbound5.yml	true	ERROR (solver error, after parsing finished)	36.887417538	26.208185584000603	615.550976	cloud-24642	ERROR (solver error, after parsing finished)	27.423881389	15.783656409999821	627.761152	cloud-23933
nla-digbench-scaling/divbin_unwindbound50.yml	false	ERROR (solver error, after parsing finished)	107.799998317	98.20055195699979	615.141376	cloud-24679	ERROR (solver error, after parsing finished)	118.106856438	108.22655897399818	602.025984	cloud-23979
nla-digbench-scaling/divbin_valuebound1.yml	true	TIMEOUT (ERROR (inner timeout, after parsing finished))	919.433122202	908.7712534120001	591.171584	cloud-24642	ERROR (solver error, after parsing finished)	26.256500761	14.428191725994111	640.208896	cloud-23933
nla-digbench-scaling/divbin_valuebound10.yml	true	TIMEOUT (ERROR (inner timeout, after parsing finished))	925.647769768	915.5582924740156	692.289536	cloud-23939	ERROR (solver error, after parsing finished)	40.056875805	29.559455534000335	590.573568	cloud-23933
nla-digbench-scaling/divbin_valuebound100.yml	true	ERROR (solver error, after parsing finished)	624.034202596	613.3001799229996	605.581312	cloud-24441	ERROR (solver error, after parsing finished)	110.779459572	100.59514931300146	590.303232	cloud-23979
nla-digbench-scaling/divbin_valuebound2.yml	true	ERROR (solver error, after parsing finished)	656.056790494	644.2840560389996	597.995520	cloud-24678	ERROR (solver error, after parsing finished)	122.468539553	112.31008338399988	599.343104	cloud-23979
nla-digbench-scaling/divbin_valuebound20.yml	true	TIMEOUT	990.206852767	978.4602528269988	693.424128	cloud-24441	ERROR (solver error, after parsing finished)	234.491963765	225.4112401149996	590.942208	cloud-23979
nla-digbench-scaling/divbin_valuebound5.yml	true	TIMEOUT	990.190511513	980.0711187039851	717.357056	cloud-23943	ERROR (solver error, after parsing finished)	202.489794797	190.8885948510001	593.776640	cloud-23979
nla-digbench-scaling/divbin_valuebound50.yml	true	ERROR (solver error, after parsing finished)	393.717157651	383.109346234	593.596416	cloud-24441	ERROR (solver error, after parsing finished)	25.389811053	16.405338486998517	605.913088	cloud-23979
nla-digbench-scaling/egcd-ll_unwindbound1.yml	false	false(unreach-call)	346.043405581	333.56165568999995	685.350912	cloud-24441	ERROR (solver error, after parsing finished)	486.287800212	471.86161854700003	631.599104	cloud-23933
nla-digbench-scaling/egcd-ll_unwindbound10.yml	false	TIMEOUT	990.317131553	975.0333967550005	693.805056	cloud-24441	ERROR (solver error, after parsing finished)	725.402075256	711.8057480580028	630.956032	cloud-23979
nla-digbench-scaling/egcd-ll_unwindbound100.yml	false	TIMEOUT	990.226894578	976.6616425520006	645.210112	cloud-24642	ERROR (solver error, after parsing finished)	425.899011149	410.3930200320028	605.925376	cloud-24259
nla-digbench-scaling/egcd-ll_unwindbound2.yml	false	ERROR (solver error, after parsing finished)	624.359656788	611.6955920959999	650.612736	cloud-24678	ERROR (solver error, after parsing finished)	518.891594471	503.2000780449962	639.885312	cloud-23933
nla-digbench-scaling/egcd-ll_unwindbound20.yml	false	TIMEOUT	990.274057273	975.9398552520001	674.775040	cloud-24678	ERROR (solver error, after parsing finished)	226.153955795	211.52533878300164	631.775232	cloud-23933
nla-digbench-scaling/egcd-ll_unwindbound5.yml	false	TIMEOUT	990.246862714	977.9610469539994	647.413760	cloud-24642	ERROR (solver error, after parsing finished)	723.138325806	710.898882124	634.826752	cloud-23979
nla-digbench-scaling/egcd-ll_unwindbound50.yml	false	TIMEOUT (ERROR (inner timeout, after parsing finished))	964.153866606	949.2435308349995	674.795520	cloud-24679	ERROR (solver error, after parsing finished)	87.403849227	74.41832125999645	647.143424	cloud-23933
nla-digbench-scaling/egcd-ll_valuebound1.yml	true	true	17.383031663	9.477117004998945	622.145536	cloud-24642	true	24.922218504	13.687003648999962	634.433536	cloud-23979
nla-digbench-scaling/egcd-ll_valuebound10.yml	true	true	35.715165684	23.379795850999926	662.941696	cloud-24441	ERROR (solver error, after parsing finished)	35.306809611	19.322290326000257	627.122176	cloud-23933
nla-digbench-scaling/egcd-ll_valuebound100.yml	true	true	54.7960275	42.95925103701302	628.187136	cloud-23943	ERROR (solver error, after parsing finished)	57.585794445	44.93595258500045	628.568064	cloud-23933
nla-digbench-scaling/egcd-ll_valuebound2.yml	true	true	19.121557335	10.543274269000904	660.725760	cloud-24678	true	29.350586721	16.33106575900092	630.083584	cloud-23933
nla-digbench-scaling/egcd-ll_valuebound20.yml	true	true	36.148450809	23.663507396999194	653.156352	cloud-24441	ERROR (solver error, after parsing finished)	34.6192237	19.298508873999708	618.098688	cloud-23933
nla-digbench-scaling/egcd-ll_valuebound5.yml	true	true	30.715804889	20.58183367899619	662.622208	cloud-23940	ERROR (solver error, after parsing finished)	34.681315965	18.83994356799667	634.802176	cloud-23933
nla-digbench-scaling/egcd-ll_valuebound50.yml	true	true	50.549630303	38.17036875999929	662.315008	cloud-24679	ERROR (solver error, after parsing finished)	44.354335387	29.59535982599482	623.419392	cloud-23933
nla-digbench-scaling/egcd2-ll_unwindbound1.yml	false	false(unreach-call)	19.802890727	10.895594851999704	647.053312	cloud-24441	false(unreach-call)	25.02379216	13.404619664001075	658.788352	cloud-23933
nla-digbench-scaling/egcd2-ll_unwindbound10.yml	false	TIMEOUT (ERROR (inner timeout, after parsing finished))	922.331578279	909.0786907949996	679.604224	cloud-24679	ERROR (server error, after parsing finished)	25.099813452	13.49966243200015	648.577024	cloud-23979
nla-digbench-scaling/egcd2-ll_unwindbound100.yml	false	TIMEOUT (ERROR (inner timeout, after parsing finished))	923.152646937	909.1550171679996	683.536384	cloud-24679	ERROR (server error, after parsing finished)	29.775188367	16.115220273000887	638.832640	cloud-24259
nla-digbench-scaling/egcd2-ll_unwindbound2.yml	false	ERROR (solver error, after parsing finished)	86.108558066	75.72073600500062	665.526272	cloud-24678	ERROR (solver error, after parsing finished)	28.127505134	15.04683547100285	682.586112	cloud-24259
nla-digbench-scaling/egcd2-ll_unwindbound20.yml	false	TIMEOUT (ERROR (inner timeout, after parsing finished))	923.242346629	909.3609773190001	677.986304	cloud-24679	ERROR (server error, after parsing finished)	28.959693676	15.64576644400222	632.856576	cloud-23933
nla-digbench-scaling/egcd2-ll_unwindbound5.yml	false	TIMEOUT (ERROR (inner timeout, after parsing finished))	922.27527338	909.9200491809997	687.104000	cloud-24642	ERROR (server error, after parsing finished)	26.630089491	14.455628505998902	606.912512	cloud-24259
nla-digbench-scaling/egcd2-ll_unwindbound50.yml	false	TIMEOUT (ERROR (inner timeout, after parsing finished))	921.142259505	909.1370699140002	659.320832	cloud-24642	ERROR (server error, after parsing finished)	28.828356847	15.402990063999823	614.658048	cloud-23933
nla-digbench-scaling/egcd2-ll_valuebound1.yml	true	TIMEOUT (ERROR (inner timeout, after parsing finished))	926.034396117	910.8215460200008	658.812928	cloud-24679	ERROR (server error, after parsing finished)	28.903256552	15.845145715000399	609.357824	cloud-24259
nla-digbench-scaling/egcd2-ll_valuebound10.yml	true	TIMEOUT (ERROR (inner timeout, after parsing finished))	921.374831752	908.9386942649999	789.901312	cloud-24441	ERROR (server error, after parsing finished)	27.316678452	14.668280988000333	618.299392	cloud-23933
nla-digbench-scaling/egcd2-ll_valuebound100.yml	true	TIMEOUT (ERROR (inner timeout, after parsing finished))	921.38432012	909.4373737870001	798.224384	cloud-24441	ERROR (server error, after parsing finished)	24.764726109	13.353227081999648	648.331264	cloud-23933
nla-digbench-scaling/egcd2-ll_valuebound2.yml	true	TIMEOUT (ERROR (inner timeout, after parsing finished))	924.557291618	909.7102446950012	932.757504	cloud-24679	ERROR (server error, after parsing finished)	27.603908481	15.242502944001899	635.797504	cloud-24259
nla-digbench-scaling/egcd2-ll_valuebound20.yml	true	TIMEOUT (ERROR (inner timeout, after parsing finished))	921.457121141	909.3289172130001	823.107584	cloud-24441	ERROR (solver error, after parsing finished)	22.321578503	12.181585613998323	651.964416	cloud-23979
nla-digbench-scaling/egcd2-ll_valuebound5.yml	true	TIMEOUT (ERROR (inner timeout, after parsing finished))	921.843034298	909.2706212899993	801.361920	cloud-24441	ERROR (server error, after parsing finished)	25.837241247	13.970373623997148	582.017024	cloud-23933
nla-digbench-scaling/egcd2-ll_valuebound50.yml	true	TIMEOUT (ERROR (inner timeout, after parsing finished))	922.797132634	909.3328684330008	804.491264	cloud-24679	ERROR (server error, after parsing finished)	20.642262559	11.286563980999745	631.398400	cloud-23979
nla-digbench-scaling/egcd3-ll_unwindbound1.yml	false	false(unreach-call)	21.002548119	11.651356141999713	635.387904	cloud-24642	false(unreach-call)	27.825252159	15.230154634999053	649.490432	cloud-23979
nla-digbench-scaling/egcd3-ll_unwindbound10.yml	false	ERROR (solver error, after parsing finished)	103.346798835	92.03442227300002	659.443712	cloud-24642	ERROR (solver error, after parsing finished)	28.982347944	17.143320742998185	616.435712	cloud-23979
nla-digbench-scaling/egcd3-ll_unwindbound100.yml	false	ERROR (solver error, after parsing finished)	114.128647776	103.1423271550002	687.468544	cloud-24642	ERROR (solver error, after parsing finished)	49.862355717	37.71080247300415	637.829120	cloud-24259
nla-digbench-scaling/egcd3-ll_unwindbound2.yml	false	false(unreach-call)	20.738325969	11.124416900000142	656.220160	cloud-24441	false(unreach-call)	25.382389698	13.956381052999859	652.836864	cloud-23933
nla-digbench-scaling/egcd3-ll_unwindbound20.yml	false	ERROR (solver error, after parsing finished)	117.057887444	104.97044210999957	662.204416	cloud-24642	ERROR (solver error, after parsing finished)	43.087837102	32.04428149500018	641.781760	cloud-23979
nla-digbench-scaling/egcd3-ll_unwindbound5.yml	false	ERROR (solver error, after parsing finished)	100.519696352	89.04355454800043	694.616064	cloud-24679	ERROR (solver error, after parsing finished)	30.662680443	18.08824787499907	620.613632	cloud-23979
nla-digbench-scaling/egcd3-ll_unwindbound50.yml	false	ERROR (solver error, after parsing finished)	114.084932068	102.64719977999994	673.112064	cloud-24642	ERROR (solver error, after parsing finished)	45.846687003	33.84345530399969	637.956096	cloud-23979
nla-digbench-scaling/egcd3-ll_valuebound1.yml	true	TIMEOUT (ERROR (inner timeout, after parsing finished))	923.907419764	911.922642038	680.308736	cloud-24642	ERROR (solver error, after parsing finished)	26.15549632	15.454588284002966	646.361088	cloud-23979
nla-digbench-scaling/egcd3-ll_valuebound10.yml	true	TIMEOUT (ERROR (inner timeout, after parsing finished))	923.021363899	911.9520925229881	706.056192	cloud-23944	ERROR (solver error, after parsing finished)	31.688175793	18.697959814002388	616.624128	cloud-24259
nla-digbench-scaling/egcd3-ll_valuebound100.yml	true	TIMEOUT (ERROR (inner timeout, after parsing finished))	924.562487954	912.1632436379987	733.667328	cloud-24642	ERROR (solver error, after parsing finished)	27.937593816	16.640742054999464	653.217792	cloud-23979
nla-digbench-scaling/egcd3-ll_valuebound2.yml	true	ERROR (solver error, after parsing finished)	25.067363855	14.672637465999287	653.193216	cloud-24678	ERROR (solver error, after parsing finished)	33.921364996	20.190050633998908	615.997440	cloud-24259
nla-digbench-scaling/egcd3-ll_valuebound20.yml	true	TIMEOUT (ERROR (inner timeout, after parsing finished))	925.646296084	911.5929616960002	750.579712	cloud-24679	ERROR (solver error, after parsing finished)	26.542433857	15.56005053699846	646.189056	cloud-23979
nla-digbench-scaling/egcd3-ll_valuebound5.yml	true	TIMEOUT (ERROR (inner timeout, after parsing finished))	928.94256561	913.4291037330004	747.614208	cloud-24679	ERROR (solver error, after parsing finished)	29.092078122	17.20211710600006	653.565952	cloud-23933
nla-digbench-scaling/egcd3-ll_valuebound50.yml	true	TIMEOUT (ERROR (inner timeout, after parsing finished))	921.952242467	910.235577133979	741.789696	cloud-23940	ERROR (solver error, after parsing finished)	30.089036832	17.772430518001784	593.022976	cloud-23933
nla-digbench-scaling/fermat1-ll_unwindbound1.yml	false	ERROR (solver error, after parsing finished)	26.059689508	14.205978054999832	686.333952	cloud-24642	ERROR (solver error, after parsing finished)	21.278020166	11.499154527000428	654.520320	cloud-23979
nla-digbench-scaling/fermat1-ll_unwindbound10.yml	false	ERROR (solver error, after parsing finished)	25.024397366	13.878653986001154	756.277248	cloud-24678	ERROR (solver error, after parsing finished)	28.679434261	15.558512630999758	672.866304	cloud-23933
nla-digbench-scaling/fermat1-ll_unwindbound100.yml	false	ERROR (solver error, after parsing finished)	28.21321333	15.393521214000003	678.174720	cloud-24441	ERROR (solver error, after parsing finished)	32.352275248	17.49233871299657	651.849728	cloud-24259
nla-digbench-scaling/fermat1-ll_unwindbound2.yml	false	ERROR (solver error, after parsing finished)	21.669384824	12.32294559500042	673.316864	cloud-24678	ERROR (solver error, after parsing finished)	28.753086839	15.39729146999889	680.710144	cloud-24259
nla-digbench-scaling/fermat1-ll_unwindbound20.yml	false	ERROR (solver error, after parsing finished)	24.960080952	14.077306002999649	705.675264	cloud-24642	ERROR (solver error, after parsing finished)	18.283724634	9.962110279004264	628.072448	cloud-23939
nla-digbench-scaling/fermat1-ll_unwindbound5.yml	false	ERROR (solver error, after parsing finished)	26.723389721	14.509004460000142	644.067328	cloud-24642	ERROR (solver error, after parsing finished)	24.240354682	13.036850733999017	660.250624	cloud-23933
nla-digbench-scaling/fermat1-ll_unwindbound50.yml	false	ERROR (solver error, after parsing finished)	20.131633876	11.186436257994501	672.739328	cloud-23940	ERROR (solver error, after parsing finished)	27.385013958	14.721980494003219	642.252800	cloud-23933
nla-digbench-scaling/fermat1-ll_valuebound1.yml	true	true	25.768523294	13.879927955999847	680.710144	cloud-24642	ERROR (server error, after parsing finished)	29.134154237	15.423496714996872	653.152256	cloud-23933
nla-digbench-scaling/fermat1-ll_valuebound10.yml	true	true	27.251148185	14.697372345000076	694.665216	cloud-24441	ERROR (server error, after parsing finished)	27.685675653	14.874659314002201	661.004288	cloud-23979
nla-digbench-scaling/fermat1-ll_valuebound100.yml	true	true	26.610894361	14.725370118999763	742.477824	cloud-24678	ERROR (server error, after parsing finished)	27.454433113	14.665920010003902	647.446528	cloud-24259
nla-digbench-scaling/fermat1-ll_valuebound2.yml	true	true	27.36280919	14.707268689000557	719.446016	cloud-24679	ERROR (server error, after parsing finished)	26.98531127	14.420017300999461	641.359872	cloud-23933
nla-digbench-scaling/fermat1-ll_valuebound20.yml	true	true	24.031773677	13.475941801001682	680.394752	cloud-24678	ERROR (server error, after parsing finished)	31.070499896	16.763497640000423	681.635840	cloud-24259
nla-digbench-scaling/fermat1-ll_valuebound5.yml	true	true	27.163516536	14.638020636000874	736.940032	cloud-24679	ERROR (server error, after parsing finished)	27.123425791	14.530756148999899	686.985216	cloud-23979
nla-digbench-scaling/fermat1-ll_valuebound50.yml	true	true	24.767674493	13.572937996999826	677.019648	cloud-23944	ERROR (server error, after parsing finished)	22.073012699	11.978857152003911	730.177536	cloud-23979
nla-digbench-scaling/fermat2-ll_unwindbound1.yml	false	ERROR (solver error, after parsing finished)	24.49021565	14.075166025999351	623.616000	cloud-24642	ERROR (solver error, after parsing finished)	28.109127687	15.307591790995502	686.854144	cloud-23933
nla-digbench-scaling/fermat2-ll_unwindbound10.yml	false	ERROR (solver error, after parsing finished)	18.342794056	10.292190321983071	673.902592	cloud-23939	ERROR (solver error, after parsing finished)	20.761900222	11.167991195005015	622.481408	cloud-23944
nla-digbench-scaling/fermat2-ll_unwindbound100.yml	false	ERROR (solver error, after parsing finished)	24.161959785	13.38100634300099	658.477056	cloud-24642	ERROR (solver error, after parsing finished)	26.791707173	14.451251271995716	642.539520	cloud-24259
nla-digbench-scaling/fermat2-ll_unwindbound2.yml	false	ERROR (solver error, after parsing finished)	23.86312116	13.132560193000245	611.475456	cloud-24678	ERROR (solver error, after parsing finished)	27.777356986	14.89864797500013	642.736128	cloud-23933
nla-digbench-scaling/fermat2-ll_unwindbound20.yml	false	ERROR (solver error, after parsing finished)	23.141582875	12.695383287000368	639.569920	cloud-24441	ERROR (solver error, after parsing finished)	28.874652549	15.573946462995082	619.827200	cloud-23933
nla-digbench-scaling/fermat2-ll_unwindbound5.yml	false	ERROR (solver error, after parsing finished)	21.811852606	12.529839140999911	664.289280	cloud-24679	ERROR (solver error, after parsing finished)	27.50691063	14.895317342001363	588.845056	cloud-23933
nla-digbench-scaling/fermat2-ll_unwindbound50.yml	false	ERROR (solver error, after parsing finished)	23.557752375	13.255937476999861	633.122816	cloud-24441	ERROR (solver error, after parsing finished)	23.981920902	12.994634757000313	630.689792	cloud-24259
nla-digbench-scaling/fermat2-ll_valuebound1.yml	true	true	24.013104389	13.074302981000073	695.566336	cloud-24642	ERROR (server error, after parsing finished)	28.480821181	15.144892405001883	659.410944	cloud-23933
nla-digbench-scaling/fermat2-ll_valuebound10.yml	true	true	24.950800277	13.387532692000605	650.215424	cloud-24441	ERROR (server error, after parsing finished)	30.261505504	16.503478089995042	657.522688	cloud-24259
nla-digbench-scaling/fermat2-ll_valuebound100.yml	true	true	23.314622736	12.713853545021266	654.364672	cloud-23944	ERROR (server error, after parsing finished)	23.035129578	12.549605548996624	649.596928	cloud-23933
nla-digbench-scaling/fermat2-ll_valuebound2.yml	true	true	26.023794467	14.03684408799927	698.589184	cloud-24441	ERROR (server error, after parsing finished)	24.601849917	13.183627553000406	684.867584	cloud-23979
nla-digbench-scaling/fermat2-ll_valuebound20.yml	true	true	26.182269183	14.181624105000083	664.350720	cloud-24678	ERROR (server error, after parsing finished)	21.448677542	11.812337997000213	633.552896	cloud-23979
nla-digbench-scaling/fermat2-ll_valuebound5.yml	true	true	25.879414908	13.969891047999681	657.129472	cloud-24679	ERROR (server error, after parsing finished)	24.88643002	13.515029477999633	650.153984	cloud-23933
nla-digbench-scaling/fermat2-ll_valuebound50.yml	true	true	25.020866735	13.422559537999405	677.912576	cloud-24679	ERROR (server error, after parsing finished)	28.080280808	15.208833300996048	652.673024	cloud-23933
nla-digbench-scaling/freire1_valuebound1.yml	true	TIMEOUT	990.277637786	977.8412777829999	1243.791360	cloud-24679	ERROR (server error, after parsing finished)	215.731092363	205.46731676799936	854.798336	cloud-23933
nla-digbench-scaling/freire1_valuebound10.yml	true	TIMEOUT	990.265256384	979.7007937990002	1311.293440	cloud-24678	ERROR (server error, after parsing finished)	167.898821975	159.70195322899963	847.777792	cloud-23979
nla-digbench-scaling/freire1_valuebound100.yml	true	TIMEOUT	990.209836595	980.9919313599994	1245.896704	cloud-24642	ERROR (server error, after parsing finished)	203.054574521	192.89786640899547	831.610880	cloud-24259
nla-digbench-scaling/freire1_valuebound2.yml	true	TIMEOUT	990.281167428	979.0505600480001	1254.518784	cloud-24679	ERROR (server error, after parsing finished)	205.321442878	194.24523399700047	882.827264	cloud-23933
nla-digbench-scaling/freire1_valuebound20.yml	true	TIMEOUT	990.275988911	979.188148013	1244.045312	cloud-24678	ERROR (server error, after parsing finished)	237.944491964	227.08714327000052	864.075776	cloud-24259
nla-digbench-scaling/freire1_valuebound5.yml	true	TIMEOUT	990.211828811	980.1308757509998	1309.343744	cloud-24441	ERROR (server error, after parsing finished)	204.446041544	194.36968207999598	848.236544	cloud-23979
nla-digbench-scaling/freire1_valuebound50.yml	true	TIMEOUT	990.305713406	978.4924771060014	1397.698560	cloud-24679	ERROR (server error, after parsing finished)	282.228261656	272.1047817260005	839.127040	cloud-23933
nla-digbench-scaling/freire2_valuebound1.yml	false	TIMEOUT	990.221303151	979.7433893429989	1095.696384	cloud-24441	ERROR (server error, after parsing finished)	685.817612809	672.1886650910019	923.652096	cloud-24259
nla-digbench-scaling/freire2_valuebound10.yml	false	TIMEOUT	990.263788249	979.6228703160014	1133.146112	cloud-24441	ERROR (server error, after parsing finished)	595.362436112	585.0119593819982	914.219008	cloud-23979
nla-digbench-scaling/freire2_valuebound100.yml	false	TIMEOUT	990.263373861	979.7957075710001	1263.169536	cloud-24441	ERROR (server error, after parsing finished)	605.799493467	594.9734623120021	949.694464	cloud-24259
nla-digbench-scaling/freire2_valuebound2.yml	false	TIMEOUT	990.244771365	980.2148538339989	1153.216512	cloud-24441	ERROR (server error, after parsing finished)	710.543453106	698.870920677	948.690944	cloud-23933
nla-digbench-scaling/freire2_valuebound20.yml	false	TIMEOUT	990.251594927	979.1699771700005	1095.196672	cloud-24678	ERROR (server error, after parsing finished)	596.847232149	585.3276142379982	862.818304	cloud-23979
nla-digbench-scaling/freire2_valuebound5.yml	false	TIMEOUT	990.232736884	980.8327688219724	1273.790464	cloud-23942	ERROR (solver error, after parsing finished)	723.064233327	712.5363624140009	774.160384	cloud-24259
nla-digbench-scaling/freire2_valuebound50.yml	false	TIMEOUT	990.285792677	978.3728543130001	1178.742784	cloud-24679	ERROR (server error, after parsing finished)	478.71115397	468.4446837249998	899.416064	cloud-23979
nla-digbench-scaling/geo1-ll2_unwindbound1.yml	true	true	20.715671577	11.88894793200052	587.190272	cloud-24642	ERROR (server error, after parsing finished)	18.671674471	10.175663864999933	595.443712	cloud-23979
nla-digbench-scaling/geo1-ll_unwindbound1.yml	true	TIMEOUT (ERROR (inner timeout, after parsing finished))	918.82708227	907.933084405	564.719616	cloud-24678	ERROR (solver error, after parsing finished)	18.697094175	10.114738183001464	586.489856	cloud-23979
nla-digbench-scaling/geo1-ll_unwindbound10.yml	true	TIMEOUT	990.252916651	979.497081812	578.584576	cloud-24678	ERROR (solver error, after parsing finished)	720.979270653	709.9568221120026	536.887296	cloud-23979
nla-digbench-scaling/geo1-ll_unwindbound100.yml	true	TIMEOUT	990.279153157	978.1849530179998	599.887872	cloud-24679	ERROR (solver error, after parsing finished)	723.736827209	711.4092620010051	599.646208	cloud-23933
nla-digbench-scaling/geo1-ll_unwindbound2.yml	true	TIMEOUT (ERROR (inner timeout, after parsing finished))	917.249353101	907.7379045729995	643.633152	cloud-24642	ERROR (solver error, after parsing finished)	23.492635009	13.000520976995176	559.185920	cloud-24259
nla-digbench-scaling/geo1-ll_unwindbound20.yml	true	TIMEOUT	990.273257011	979.0670506480001	581.636096	cloud-24679	ERROR (solver error, after parsing finished)	727.141289319	713.2523890239995	598.528000	cloud-23933
nla-digbench-scaling/geo1-ll_unwindbound5.yml	true	TIMEOUT	990.244657733	978.557983853	607.432704	cloud-24678	ERROR (solver error, after parsing finished)	726.865749128	712.8341040180003	569.933824	cloud-23933
nla-digbench-scaling/geo1-ll_unwindbound50.yml	true	TIMEOUT (ERROR (solver error, after parsing finished))	983.913703311	973.8678489070007	605.257728	cloud-24441	ERROR (solver error, after parsing finished)	722.895603822	710.9513255850015	549.068800	cloud-23933
nla-digbench-scaling/geo1-ll_valuebound1.yml	true	true	19.280661405	10.568210680999982	583.200768	cloud-24678	ERROR (server error, after parsing finished)	19.379473646	10.444228389998898	582.078464	cloud-23979
nla-digbench-scaling/geo1-ll_valuebound10.yml	true	true	22.325620087	12.121355871999185	593.891328	cloud-24441	ERROR (server error, after parsing finished)	24.115255336	13.050810979002563	595.525632	cloud-23933
nla-digbench-scaling/geo1-ll_valuebound100.yml	true	TIMEOUT (ERROR (inner timeout, after parsing finished))	986.616408113	974.8873549570001	690.819072	cloud-24679	ERROR (solver error, after parsing finished)	131.646341774	119.8973430449987	591.036416	cloud-24259
nla-digbench-scaling/geo1-ll_valuebound2.yml	true	true	20.278871337	11.600107021000014	598.507520	cloud-24678	ERROR (server error, after parsing finished)	26.115554393	14.340698594001879	570.220544	cloud-23933
nla-digbench-scaling/geo1-ll_valuebound20.yml	true	TIMEOUT (ERROR (inner timeout, after parsing finished))	973.808734645	963.2890710080101	857.341952	cloud-23940	ERROR (solver error, after parsing finished)	128.936058973	117.1702132169994	586.305536	cloud-24259
nla-digbench-scaling/geo1-ll_valuebound5.yml	true	true	19.887073446	10.876595415000338	585.428992	cloud-24642	ERROR (server error, after parsing finished)	21.323150333	11.759481219996815	589.754368	cloud-23933
nla-digbench-scaling/geo1-ll_valuebound50.yml	true	ERROR (solver error, after parsing finished)	847.581670288	836.8812998100002	556.302336	cloud-24678	ERROR (solver error, after parsing finished)	115.036075195	104.55888652800058	574.484480	cloud-23979
nla-digbench-scaling/geo1-u_unwindbound1.yml	false	TIMEOUT	990.222594373	979.4168812450007	582.430720	cloud-24441	ERROR (solver error, after parsing finished)	721.304642799	710.6691464540017	549.289984	cloud-23979
nla-digbench-scaling/geo1-u_unwindbound10.yml	false	TIMEOUT	990.220934907	980.5823806460003	569.569280	cloud-24642	ERROR (solver error, after parsing finished)	720.3093575	710.26978211	527.749120	cloud-23979
nla-digbench-scaling/geo1-u_unwindbound100.yml	false	TIMEOUT	990.262399902	977.4730619149996	561.655808	cloud-24679	ERROR (solver error, after parsing finished)	721.706023047	710.1934943390006	560.504832	cloud-23979
nla-digbench-scaling/geo1-u_unwindbound2.yml	false	TIMEOUT	990.215759806	978.2911885699998	707.670016	cloud-24679	ERROR (solver error, after parsing finished)	400.408782185	388.3908695549999	529.903616	cloud-23933
nla-digbench-scaling/geo1-u_unwindbound20.yml	false	TIMEOUT	990.225562224	980.8584393709898	590.753792	cloud-23939	ERROR (solver error, after parsing finished)	723.512083921	711.5137849379971	543.576064	cloud-23979
nla-digbench-scaling/geo1-u_unwindbound5.yml	false	TIMEOUT	990.208440601	981.2832778220181	588.795904	cloud-23943	ERROR (solver error, after parsing finished)	722.406311028	711.6279486740004	578.338816	cloud-23979
nla-digbench-scaling/geo1-u_unwindbound50.yml	false	TIMEOUT	990.271837287	978.3013567130001	552.038400	cloud-24679	ERROR (solver error, after parsing finished)	721.707386348	710.4686818990012	577.167360	cloud-23979
nla-digbench-scaling/geo1-u_valuebound1.yml	false	false(unreach-call)	15.091002512	8.619565936000072	603.033600	cloud-24642	false(unreach-call)	27.869591944	15.09230294599547	599.977984	cloud-24259
nla-digbench-scaling/geo1-u_valuebound10.yml	false	false(unreach-call)	15.737873086	8.90854622500001	598.790144	cloud-24679	false(unreach-call)	28.216486191	15.323842649999278	565.125120	cloud-24259
nla-digbench-scaling/geo1-u_valuebound100.yml	false	false(unreach-call)	574.479174378	563.3934970980008	618.844160	cloud-24679	ERROR (solver error, after parsing finished)	724.793311625	711.855003120003	548.831232	cloud-23933
nla-digbench-scaling/geo1-u_valuebound2.yml	false	false(unreach-call)	16.441538563	9.027867065999999	620.343296	cloud-24441	false(unreach-call)	23.835423108	13.247859281000274	556.974080	cloud-23979
nla-digbench-scaling/geo1-u_valuebound20.yml	false	false(unreach-call)	24.86312759	16.034717648999504	597.889024	cloud-24679	ERROR (solver error, after parsing finished)	27.789796875	16.301785626998026	605.904896	cloud-23933
nla-digbench-scaling/geo1-u_valuebound5.yml	false	false(unreach-call)	12.750089151	7.214265249000164	601.460736	cloud-23939	false(unreach-call)	24.705216865	13.722866422001971	600.408064	cloud-23933
nla-digbench-scaling/geo1-u_valuebound50.yml	false	false(unreach-call)	324.391088738	314.51616834000015	594.366464	cloud-24642	ERROR (solver error, after parsing finished)	513.878381792	502.9849182329999	585.138176	cloud-24259
nla-digbench-scaling/geo2-ll2_unwindbound1.yml	true	true	14.424081305	8.214940199000011	563.486720	cloud-24678	true	22.403726557	12.265252872995916	633.913344	cloud-23933
nla-digbench-scaling/geo2-ll_unwindbound1.yml	true	TIMEOUT	990.249024703	979.5033931800008	562.298880	cloud-24441	ERROR (solver error, after parsing finished)	723.79180814	712.1188041159985	578.228224	cloud-23933
nla-digbench-scaling/geo2-ll_unwindbound10.yml	true	TIMEOUT	990.238188162	977.9048310280004	689.377280	cloud-24678	ERROR (solver error, after parsing finished)	175.767033836	164.64781492700013	536.936448	cloud-23933
nla-digbench-scaling/geo2-ll_unwindbound100.yml	true	TIMEOUT	990.258733479	977.6343710230012	591.032320	cloud-24679	ERROR (solver error, after parsing finished)	724.043247593	711.8373911970011	570.425344	cloud-23979
nla-digbench-scaling/geo2-ll_unwindbound2.yml	true	TIMEOUT	990.219753162	980.6546413650012	587.321344	cloud-24642	ERROR (solver error, after parsing finished)	723.017751357	711.0074370710063	563.712000	cloud-23979
nla-digbench-scaling/geo2-ll_unwindbound20.yml	true	TIMEOUT	990.204682346	981.1786881140006	589.160448	cloud-24642	ERROR (solver error, after parsing finished)	719.477065491	710.2433842689934	538.906624	cloud-24259
nla-digbench-scaling/geo2-ll_unwindbound5.yml	true	TIMEOUT	990.24401491	978.9534532559992	533.458944	cloud-24441	ERROR (solver error, after parsing finished)	725.104826417	713.0328851509985	537.665536	cloud-24259
nla-digbench-scaling/geo2-ll_unwindbound50.yml	true	TIMEOUT	990.232452895	979.3740571509989	546.967552	cloud-24441	ERROR (solver error, after parsing finished)	721.802192114	710.4416352359985	571.899904	cloud-23979
nla-digbench-scaling/geo2-ll_valuebound1.yml	true	true	16.110373837	8.920800513000358	654.852096	cloud-24441	true	26.921564558	14.783332796003378	561.065984	cloud-24259
nla-digbench-scaling/geo2-ll_valuebound10.yml	true	true	18.769030663	10.21150588699993	617.775104	cloud-24679	true	20.863447417	11.27989576500022	558.125056	cloud-23979
nla-digbench-scaling/geo2-ll_valuebound100.yml	true	ERROR (solver error, after parsing finished)	652.531622609	642.9280918259756	612.032512	cloud-23940	ERROR (solver error, after parsing finished)	23.843770461	14.671636261002277	551.948288	cloud-23933
nla-digbench-scaling/geo2-ll_valuebound2.yml	true	true	15.031191754	8.609715254999998	610.955264	cloud-24679	true	28.114852113	15.41087723000237	618.110976	cloud-24259
nla-digbench-scaling/geo2-ll_valuebound20.yml	true	TIMEOUT	990.244757297	978.6234720209995	904.523776	cloud-24441	ERROR (solver error, after parsing finished)	725.631296336	712.9824866199997	724.029440	cloud-23933
nla-digbench-scaling/geo2-ll_valuebound5.yml	true	true	16.444999489	9.284806796998964	607.985664	cloud-24642	true	23.685866079	12.786077972001294	607.215616	cloud-23933
nla-digbench-scaling/geo2-ll_valuebound50.yml	true	TIMEOUT (ERROR (inner timeout, after parsing finished))	921.310310369	909.7416657419999	711.794688	cloud-24679	ERROR (solver error, after parsing finished)	29.674422395	17.18863378199967	564.731904	cloud-24259
nla-digbench-scaling/geo3-ll_unwindbound1.yml	true	TIMEOUT	990.180887584	980.1124456900002	602.898432	cloud-24441	ERROR (solver error, after parsing finished)	723.751830913	712.0759251510026	540.569600	cloud-24259
nla-digbench-scaling/geo3-ll_unwindbound10.yml	true	TIMEOUT	990.20941147	978.6015307720008	593.133568	cloud-24678	ERROR (solver error, after parsing finished)	601.180199109	590.1948898219998	537.489408	cloud-23979
nla-digbench-scaling/geo3-ll_unwindbound100.yml	true	TIMEOUT	990.172065923	979.9504566390005	608.862208	cloud-24441	ERROR (solver error, after parsing finished)	487.834273736	479.1764586190038	587.001856	cloud-23940
nla-digbench-scaling/geo3-ll_unwindbound2.yml	true	TIMEOUT (ERROR (solver error, after parsing finished))	965.037009198	953.7820231400001	604.336128	cloud-24678	ERROR (solver error, after parsing finished)	712.39909033	700.7666108430058	584.892416	cloud-23933
nla-digbench-scaling/geo3-ll_unwindbound20.yml	true	TIMEOUT	990.220205163	978.6147796750001	586.784768	cloud-24679	ERROR (solver error, after parsing finished)	725.462829479	712.3357106459989	568.434688	cloud-23933
nla-digbench-scaling/geo3-ll_unwindbound5.yml	true	TIMEOUT	990.227296403	978.2193173739997	583.790592	cloud-24678	ERROR (solver error, after parsing finished)	723.218391063	711.1312873159986	541.351936	cloud-23933
nla-digbench-scaling/geo3-ll_unwindbound50.yml	true	TIMEOUT (ERROR (solver error, after parsing finished))	959.622450545	948.5221012490001	590.295040	cloud-24679	ERROR (solver error, after parsing finished)	721.992187317	711.4279620829984	533.852160	cloud-24259
nla-digbench-scaling/geo3-ll_valuebound1.yml	true	true	22.704453758	12.656634917000702	603.328512	cloud-24441	ERROR (server error, after parsing finished)	20.474919223	11.058203282998875	586.256384	cloud-23933
nla-digbench-scaling/geo3-ll_valuebound10.yml	true	true	20.959789443	11.671824934001052	635.637760	cloud-24642	ERROR (server error, after parsing finished)	20.620958783	11.418734847999986	543.420416	cloud-23979
nla-digbench-scaling/geo3-ll_valuebound100.yml	true	TIMEOUT (ERROR (inner timeout, after parsing finished))	937.276798498	924.8704528149997	600.645632	cloud-24679	ERROR (server error, after parsing finished)	42.237023559	31.798394108001958	591.273984	cloud-23933
nla-digbench-scaling/geo3-ll_valuebound2.yml	true	true	21.222587279	11.797417483000572	544.587776	cloud-24441	ERROR (server error, after parsing finished)	18.195165149	10.044628818000092	588.668928	cloud-23979
nla-digbench-scaling/geo3-ll_valuebound20.yml	true	TIMEOUT (ERROR (inner timeout, after parsing finished))	918.426705122	908.3259378210005	3692.380160	cloud-24642	ERROR (solver error, after parsing finished)	21.665062503	11.911731200999839	590.950400	cloud-23933
nla-digbench-scaling/geo3-ll_valuebound5.yml	true	true	20.968075165	11.434920990999672	603.443200	cloud-24679	ERROR (server error, after parsing finished)	18.997821872	10.391428818998975	587.214848	cloud-23979
nla-digbench-scaling/geo3-ll_valuebound50.yml	true	TIMEOUT	990.224738052	978.3080843799999	625.082368	cloud-24679	ERROR (server error, after parsing finished)	107.646868882	98.1800327979945	595.664896	cloud-23979
nla-digbench-scaling/hard-ll_unwindbound1.yml	false	false(unreach-call)	16.898005471	9.274666696999702	622.014464	cloud-24441	false(unreach-call)	26.499408278	14.73362681800063	633.098240	cloud-23979
nla-digbench-scaling/hard-ll_unwindbound10.yml	false	TIMEOUT (ERROR (inner timeout, after parsing finished))	921.265459662	908.9888186279859	791.339008	cloud-23939	ERROR (verification stuck, after parsing finished)	29.718088013	16.152589814002567	650.035200	cloud-23933
nla-digbench-scaling/hard-ll_unwindbound100.yml	false	ERROR (solver error, after parsing finished)	102.397172245	91.35102159900089	652.275712	cloud-24642	ERROR (verification stuck, after parsing finished)	27.119663843	14.927389488999324	614.866944	cloud-23933
nla-digbench-scaling/hard-ll_unwindbound2.yml	false	false(unreach-call)	19.441136843	10.768958970999847	631.996416	cloud-24678	false(unreach-call)	33.089709221	17.77116102400032	607.395840	cloud-24259
nla-digbench-scaling/hard-ll_unwindbound20.yml	false	ERROR (solver error, after parsing finished)	102.590934773	91.27681321699993	665.288704	cloud-24679	ERROR (verification stuck, after parsing finished)	28.841806185	15.663445845999377	643.432448	cloud-24259
nla-digbench-scaling/hard-ll_unwindbound5.yml	false	ERROR (solver error, after parsing finished)	67.838530879	55.38942085800045	670.965760	cloud-24678	ERROR (verification stuck, after parsing finished)	29.107811211	15.910395424994931	582.815744	cloud-23933
nla-digbench-scaling/hard-ll_unwindbound50.yml	false	TIMEOUT (ERROR (inner timeout, after parsing finished))	926.283540542	911.0444891299994	727.224320	cloud-24679	ERROR (verification stuck, after parsing finished)	25.630656359	13.764991282005212	650.641408	cloud-23979
nla-digbench-scaling/hard-ll_valuebound1.yml	true	true	809.530518179	796.5549370020003	791.273472	cloud-24678	ERROR (server error, after parsing finished)	21.380592754	11.589773798999886	633.348096	cloud-23933
nla-digbench-scaling/hard-ll_valuebound10.yml	true	TIMEOUT (ERROR (inner timeout, after parsing finished))	920.355169604	907.977177488	819.212288	cloud-24678	ERROR (server error, after parsing finished)	26.056679005	13.960750543999893	565.002240	cloud-23933
nla-digbench-scaling/hard-ll_valuebound100.yml	true	TIMEOUT (ERROR (inner timeout, after parsing finished))	920.126114136	908.911795132	715.284480	cloud-24642	ERROR (server error, after parsing finished)	25.608687744	13.8482061560062	593.113088	cloud-24259
nla-digbench-scaling/hard-ll_valuebound2.yml	true	TIMEOUT (ERROR (inner timeout, after parsing finished))	918.47419653	908.2814210729848	764.186624	cloud-23943	ERROR (server error, after parsing finished)	20.607472219	11.229964113000278	593.727488	cloud-23933
nla-digbench-scaling/hard-ll_valuebound20.yml	true	TIMEOUT (ERROR (inner timeout, after parsing finished))	920.177599164	908.8270236569988	683.995136	cloud-24441	ERROR (server error, after parsing finished)	24.354801503	13.216367667999293	591.884288	cloud-24259
nla-digbench-scaling/hard-ll_valuebound5.yml	true	TIMEOUT (ERROR (inner timeout, after parsing finished))	922.358667277	909.0579633260004	685.367296	cloud-24679	ERROR (server error, after parsing finished)	25.042511763	13.439633836998837	578.228224	cloud-23933
nla-digbench-scaling/hard-ll_valuebound50.yml	true	TIMEOUT (ERROR (inner timeout, after parsing finished))	921.961801507	909.0048645459999	670.199808	cloud-24678	ERROR (server error, after parsing finished)	22.049097594	11.994127685000421	589.017088	cloud-23979
nla-digbench-scaling/hard-u_unwindbound1.yml	false	TIMEOUT (ERROR (inner timeout, after parsing finished))	950.386931561	940.0129357900005	823.947264	cloud-23939	ERROR (solver error, after parsing finished)	73.262966482	63.52624456700141	582.406144	cloud-23979
nla-digbench-scaling/hard-u_unwindbound10.yml	false	TIMEOUT (ERROR (inner timeout, after parsing finished))	935.299808154	923.8274475220005	980.086784	cloud-24441	ERROR (solver error, after parsing finished)	41.945901282	30.957563953000317	599.019520	cloud-23979
nla-digbench-scaling/hard-u_unwindbound100.yml	false	TIMEOUT	990.310660788	976.5752966150001	616.546304	cloud-24679	ERROR (solver error, after parsing finished)	722.148404139	710.8519616080011	584.216576	cloud-23979
nla-digbench-scaling/hard-u_unwindbound2.yml	false	TIMEOUT	990.243453367	980.1199459510001	991.440896	cloud-24642	ERROR (solver error, after parsing finished)	150.443811563	138.19499918100337	578.764800	cloud-23933
nla-digbench-scaling/hard-u_unwindbound20.yml	false	TIMEOUT	990.247265722	979.879365099001	563.068928	cloud-24642	ERROR (solver error, after parsing finished)	724.246305481	712.4868426659959	588.251136	cloud-24259
nla-digbench-scaling/hard-u_unwindbound5.yml	false	TIMEOUT (ERROR (inner timeout, after parsing finished))	944.558804542	932.3294459469998	834.539520	cloud-24679	ERROR (solver error, after parsing finished)	64.78484213	53.1459606080025	592.035840	cloud-24259
nla-digbench-scaling/hard-u_unwindbound50.yml	false	TIMEOUT	990.185484053	979.8829862490002	929.021952	cloud-24642	ERROR (solver error, after parsing finished)	128.279257093	118.71609189100127	600.842240	cloud-23979
nla-digbench-scaling/hard-u_valuebound1.yml	true	true	20.386673468	12.594847397000194	628.690944	cloud-24678	true	33.702526576	20.843295026003034	619.565056	cloud-24259
nla-digbench-scaling/hard-u_valuebound10.yml	true	ERROR (solver error, after parsing finished)	629.255711577	616.1417092420015	611.532800	cloud-24679	ERROR (solver error, after parsing finished)	26.356026437	14.574126122999587	603.152384	cloud-23933
nla-digbench-scaling/hard-u_valuebound100.yml	true	TIMEOUT	990.225275213	980.1056900129997	640.040960	cloud-24642	ERROR (solver error, after parsing finished)	723.81247402	711.9744477029999	582.918144	cloud-23933
nla-digbench-scaling/hard-u_valuebound2.yml	true	TIMEOUT	990.265126492	978.4686679060001	1077.383168	cloud-24678	ERROR (solver error, after parsing finished)	176.601250948	167.92602299900318	599.093248	cloud-23979
nla-digbench-scaling/hard-u_valuebound20.yml	true	TIMEOUT (ERROR (inner timeout, after parsing finished))	923.692568921	911.052626801	836.534272	cloud-24441	ERROR (server error, after parsing finished)	27.786607446	15.309164448000956	587.771904	cloud-24259
nla-digbench-scaling/hard-u_valuebound5.yml	true	TIMEOUT (ERROR (inner timeout, after parsing finished))	943.407798841	932.5846087669997	943.620096	cloud-24642	ERROR (solver error, after parsing finished)	50.726144965	41.683469469000556	599.625728	cloud-23979
nla-digbench-scaling/hard-u_valuebound50.yml	true	TIMEOUT (ERROR (inner timeout, after parsing finished))	920.087297673	909.3865765910004	1562.693632	cloud-24441	ERROR (server error, after parsing finished)	20.775648741	11.549988499999927	585.441280	cloud-23979
nla-digbench-scaling/hard2_unwindbound1.yml	false	false(unreach-call)	16.436054672	9.333032321000246	573.521920	cloud-24642	false(unreach-call)	25.524165437	13.826370108001356	558.972928	cloud-23933
nla-digbench-scaling/hard2_unwindbound10.yml	false	ERROR (solver error, after parsing finished)	768.929510948	755.1703775630158	680.034304	cloud-23944	ERROR (solver error, after parsing finished)	49.241830788	33.752373344999796	668.782592	cloud-23979
nla-digbench-scaling/hard2_unwindbound2.yml	false	false(unreach-call)	18.244854116	10.204574184001103	608.718848	cloud-24642	false(unreach-call)	31.072646849	16.77646153200476	563.585024	cloud-24259
nla-digbench-scaling/hard2_unwindbound5.yml	false	false(unreach-call)	19.235461232	11.521199987008004	649.592832	cloud-23942	false(unreach-call)	34.593145362	20.298889001001953	591.831040	cloud-24259
nla-digbench-scaling/hard2_valuebound1.yml	true	true	16.990823141	9.249391618000118	630.362112	cloud-24678	true	25.927314808	14.032377045999965	634.630144	cloud-23933
nla-digbench-scaling/hard2_valuebound10.yml	true	true	16.060134257	8.811131087999456	582.221824	cloud-24679	true	28.83175613	15.840275058995758	618.725376	cloud-23979
nla-digbench-scaling/hard2_valuebound100.yml	true	true	18.837888556	10.240010662000259	626.278400	cloud-24678	true	25.092546097	14.069164690001344	608.251904	cloud-23933
nla-digbench-scaling/hard2_valuebound2.yml	true	true	18.515573404	10.466183753000223	604.495872	cloud-24679	true	33.239625283	17.85315206499945	623.149056	cloud-24259
nla-digbench-scaling/hard2_valuebound20.yml	true	true	17.810785584	9.773162606001279	635.437056	cloud-24678	true	25.339655606	13.670263012998475	623.153152	cloud-23979
nla-digbench-scaling/hard2_valuebound5.yml	true	true	20.843562539	11.667466402001082	620.843008	cloud-24441	true	29.672375567	16.360767786005454	604.200960	cloud-24259
nla-digbench-scaling/hard2_valuebound50.yml	true	true	18.807201613	10.46365158899971	643.411968	cloud-24441	true	26.546035295	14.539217297002324	597.778432	cloud-23979
nla-digbench-scaling/knuth_unwindbound1.yml	true	TIMEOUT	990.266242467	981.080211861	1096.564736	cloud-24642	ERROR (solver error, after parsing finished)	726.157722394	714.3210221000045	1150.480384	cloud-24259
nla-digbench-scaling/knuth_unwindbound10.yml	true	TIMEOUT	990.236428608	981.2280346940097	1127.641088	cloud-23944	ERROR (solver error, after parsing finished)	727.393880915	713.6700401400012	1158.574080	cloud-23933
nla-digbench-scaling/knuth_unwindbound100.yml	true	TIMEOUT	990.244220206	980.7648054349993	1156.206592	cloud-23943	ERROR (solver error, after parsing finished)	723.228650287	711.871535582	1143.496704	cloud-23933
nla-digbench-scaling/knuth_unwindbound2.yml	true	TIMEOUT	990.262313199	980.2884361339984	1171.435520	cloud-24642	ERROR (solver error, after parsing finished)	726.243439806	713.3744723749987	1169.928192	cloud-23933
nla-digbench-scaling/knuth_unwindbound20.yml	true	TIMEOUT	990.279089285	981.3257147629993	1148.321792	cloud-24642	ERROR (solver error, after parsing finished)	721.307872205	710.7617495669983	1149.763584	cloud-23979
nla-digbench-scaling/knuth_unwindbound5.yml	true	TIMEOUT	990.257007509	979.7968166200008	1163.259904	cloud-24441	ERROR (solver error, after parsing finished)	723.508284803	711.9348739690031	1156.784128	cloud-23979
nla-digbench-scaling/knuth_unwindbound50.yml	true	TIMEOUT	990.253105663	980.5977937839998	1174.265856	cloud-24642	ERROR (solver error, after parsing finished)	722.509179774	711.3940385199967	1103.884288	cloud-23979
nla-digbench-scaling/knuth_valuebound1.yml	true	true	19.081658811	11.985756089999995	1114.030080	cloud-24678	true	27.712699669	17.033999239999503	1108.750336	cloud-23933
nla-digbench-scaling/knuth_valuebound10.yml	true	TIMEOUT	990.250792705	980.8065688139995	1104.424960	cloud-24642	ERROR (solver error, after parsing finished)	716.536150658	708.7966340159983	1129.046016	cloud-23943
nla-digbench-scaling/knuth_valuebound100.yml	true	TIMEOUT	990.315296728	978.9708611980004	1151.758336	cloud-24678	ERROR (solver error, after parsing finished)	727.133570166	713.9563095269987	1140.109312	cloud-23933
nla-digbench-scaling/knuth_valuebound2.yml	true	true	19.585854424	12.050428281999984	1144.791040	cloud-24678	true	25.944819765	15.972249737998936	1059.209216	cloud-23979
nla-digbench-scaling/knuth_valuebound20.yml	true	TIMEOUT	990.290192704	978.7237988470006	1209.995264	cloud-24678	ERROR (solver error, after parsing finished)	721.760977201	710.7692374750004	1117.069312	cloud-23979
nla-digbench-scaling/knuth_valuebound5.yml	true	TIMEOUT	990.293122593	979.4343606620005	1138.450432	cloud-24678	ERROR (solver error, after parsing finished)	727.122648112	713.9748741460062	1087.139840	cloud-23933
nla-digbench-scaling/knuth_valuebound50.yml	true	TIMEOUT	990.259785486	980.720921999	1379.606528	cloud-24642	ERROR (solver error, after parsing finished)	721.866206852	711.9428459420014	1353.494528	cloud-24259
nla-digbench-scaling/lcm1_unwindbound1.yml	false	TIMEOUT (ERROR (inner timeout, after parsing finished))	920.392628154	908.3315485510002	744.402944	cloud-24678	ERROR (server error, after parsing finished)	27.979453721	15.496357624004304	586.035200	cloud-24259
nla-digbench-scaling/lcm1_unwindbound10.yml	false	TIMEOUT (ERROR (inner timeout, after parsing finished))	921.973367679	909.3376453229994	597.917696	cloud-24679	ERROR (server error, after parsing finished)	22.32074946	12.38848004299507	563.470336	cloud-23933
nla-digbench-scaling/lcm1_unwindbound100.yml	false	TIMEOUT (ERROR (inner timeout, after parsing finished))	918.194071053	908.1924764209998	703.303680	cloud-24642	ERROR (server error, after parsing finished)	19.56664275	10.819368984997709	572.542976	cloud-23979
nla-digbench-scaling/lcm1_unwindbound2.yml	false	TIMEOUT (ERROR (inner timeout, after parsing finished))	921.157734522	908.8074053789987	624.345088	cloud-24679	ERROR (server error, after parsing finished)	22.028477397	12.111904482997488	587.194368	cloud-23979
nla-digbench-scaling/lcm1_unwindbound20.yml	false	TIMEOUT (ERROR (inner timeout, after parsing finished))	920.798861371	908.2754219210001	703.328256	cloud-24678	ERROR (server error, after parsing finished)	25.889507568	14.059329029005312	567.287808	cloud-24259
nla-digbench-scaling/lcm1_unwindbound5.yml	false	TIMEOUT (ERROR (inner timeout, after parsing finished))	915.500364044	906.4049621070153	724.410368	cloud-23939	ERROR (server error, after parsing finished)	27.954075779	15.089804937000736	561.364992	cloud-24259
nla-digbench-scaling/lcm1_unwindbound50.yml	false	TIMEOUT (ERROR (inner timeout, after parsing finished))	916.732487434	907.5585700249994	1189.359616	cloud-24642	ERROR (server error, after parsing finished)	23.90267522	13.106524778006133	581.705728	cloud-24259
nla-digbench-scaling/lcm1_valuebound1.yml	true	TIMEOUT (ERROR (inner timeout, after parsing finished))	918.649074078	908.7254970560002	660.443136	cloud-24642	ERROR (server error, after parsing finished)	18.764162435	10.261929815998883	602.714112	cloud-23979
nla-digbench-scaling/lcm1_valuebound10.yml	true	TIMEOUT	990.184565029	978.9451998169998	647.282688	cloud-24441	ERROR (solver error, after parsing finished)	506.406769311	494.5892369259964	579.215360	cloud-23979
nla-digbench-scaling/lcm1_valuebound100.yml	true	TIMEOUT	990.279525743	977.3548510599994	577.368064	cloud-24679	ERROR (solver error, after parsing finished)	726.562762322	712.7142446020007	588.169216	cloud-23979
nla-digbench-scaling/lcm1_valuebound2.yml	true	TIMEOUT (ERROR (inner timeout, after parsing finished))	920.173605668	908.2084715969995	805.548032	cloud-24679	ERROR (server error, after parsing finished)	24.018442939	13.288137136998557	593.039360	cloud-24259
nla-digbench-scaling/lcm1_valuebound20.yml	true	TIMEOUT (ERROR (inner timeout, after parsing finished))	918.896940144	909.7207772260008	1681.231872	cloud-23944	ERROR (solver error, after parsing finished)	22.978880955	13.676141386000381	593.088512	cloud-23979
nla-digbench-scaling/lcm1_valuebound5.yml	true	TIMEOUT (ERROR (inner timeout, after parsing finished))	921.905819151	910.4142259029995	935.354368	cloud-24642	ERROR (solver error, after parsing finished)	26.681503763	15.503405358002055	610.246656	cloud-24259
nla-digbench-scaling/lcm1_valuebound50.yml	true	TIMEOUT	990.303132206	978.3823363760002	627.793920	cloud-24642	ERROR (solver error, after parsing finished)	729.328349589	716.3854946839999	615.178240	cloud-23933
nla-digbench-scaling/lcm2_unwindbound1.yml	true	TIMEOUT	990.170515841	980.8639528160002	600.121344	cloud-24642	ERROR (solver error, after parsing finished)	364.651491418	353.371251175995	595.615744	cloud-23979
nla-digbench-scaling/lcm2_unwindbound10.yml	true	TIMEOUT	990.212422465	978.9463663549996	596.451328	cloud-24678	ERROR (solver error, after parsing finished)	433.430025256	421.51236893100213	549.994496	cloud-24259
nla-digbench-scaling/lcm2_unwindbound100.yml	true	TIMEOUT	990.187742512	979.7486264349991	612.024320	cloud-24441	ERROR (solver error, after parsing finished)	295.205925448	287.1802992009998	580.681728	cloud-23939
nla-digbench-scaling/lcm2_unwindbound2.yml	true	TIMEOUT	990.224556551	978.6530113160006	595.939328	cloud-24678	ERROR (solver error, after parsing finished)	299.098960391	291.03230609399907	579.969024	cloud-23944
nla-digbench-scaling/lcm2_unwindbound20.yml	true	TIMEOUT	990.203994721	978.3986109010002	597.229568	cloud-24679	ERROR (solver error, after parsing finished)	432.758348912	421.20031014000415	591.867904	cloud-24259
nla-digbench-scaling/lcm2_unwindbound5.yml	true	TIMEOUT	990.212855608	978.6046208939997	559.411200	cloud-24678	ERROR (solver error, after parsing finished)	434.259425154	423.37363470299897	585.101312	cloud-24259
nla-digbench-scaling/lcm2_unwindbound50.yml	true	TIMEOUT (ERROR (solver error, after parsing finished))	949.466643868	940.1773082359869	599.760896	cloud-23942	ERROR (solver error, after parsing finished)	424.956195377	416.2559151910027	571.985920	cloud-24259
nla-digbench-scaling/lcm2_valuebound1.yml	true	TIMEOUT	990.274635125	978.5696780360004	699.650048	cloud-24678	ERROR (solver error, after parsing finished)	726.067446595	712.2095581889998	688.168960	cloud-23933
nla-digbench-scaling/lcm2_valuebound10.yml	true	TIMEOUT (ERROR (inner timeout, after parsing finished))	927.509931494	917.2709267109999	628.060160	cloud-24642	ERROR (server error, after parsing finished)	32.641322124	22.903883258004498	610.942976	cloud-23933
nla-digbench-scaling/lcm2_valuebound100.yml	true	TIMEOUT	990.214828827	979.4768492880003	741.470208	cloud-24678	ERROR (server error, after parsing finished)	699.91835456	686.0898048180024	613.056512	cloud-23933
nla-digbench-scaling/lcm2_valuebound2.yml	true	TIMEOUT (ERROR (inner timeout, after parsing finished))	919.703992129	909.2919801589996	879.382528	cloud-24642	ERROR (server error, after parsing finished)	22.417172222	12.810682217001158	609.652736	cloud-23979
nla-digbench-scaling/lcm2_valuebound20.yml	true	TIMEOUT (ERROR (inner timeout, after parsing finished))	956.675694471	947.39473889902	614.141952	cloud-23939	ERROR (server error, after parsing finished)	104.542144713	93.78282070999921	567.398400	cloud-24259
nla-digbench-scaling/lcm2_valuebound5.yml	true	TIMEOUT (ERROR (inner timeout, after parsing finished))	931.197644373	919.4648658339993	742.379520	cloud-24678	ERROR (server error, after parsing finished)	41.921028054	30.814679434000027	598.650880	cloud-23933
nla-digbench-scaling/lcm2_valuebound50.yml	true	TIMEOUT	990.245912688	978.4057298719999	767.528960	cloud-24678	ERROR (server error, after parsing finished)	125.86964952	118.74489720699785	598.704128	cloud-23943
nla-digbench-scaling/mannadiv_unwindbound1.yml	false	false(unreach-call)	15.97514549	9.10846224099987	562.860032	cloud-24678	false(unreach-call)	26.131539305	14.55612502599979	587.292672	cloud-23933
nla-digbench-scaling/mannadiv_unwindbound10.yml	false	false(unreach-call)	29.320044921	19.573987624999972	677.646336	cloud-24642	false(unreach-call)	45.11932995	29.355606085002364	670.928896	cloud-23933
nla-digbench-scaling/mannadiv_unwindbound100.yml	false	TIMEOUT (ERROR (solver error, after parsing finished))	931.349827418	911.4552462030006	862.281728	cloud-24441	ERROR (solver error, after parsing finished)	737.255641867	711.1826238899994	731.774976	cloud-23979
nla-digbench-scaling/mannadiv_unwindbound2.yml	false	false(unreach-call)	14.52938419	8.607519425015198	611.934208	cloud-23941	false(unreach-call)	26.053828094	14.642621430000872	565.141504	cloud-24259
nla-digbench-scaling/mannadiv_unwindbound20.yml	false	false(unreach-call)	155.222082548	141.30447823100076	820.723712	cloud-24441	false(unreach-call)	246.514563376	224.97349580100126	729.747456	cloud-24259
nla-digbench-scaling/mannadiv_unwindbound5.yml	false	false(unreach-call)	20.945345388	11.595133183000144	622.190592	cloud-24441	false(unreach-call)	27.285992084	15.193023663000531	582.373376	cloud-23979
nla-digbench-scaling/mannadiv_unwindbound50.yml	false	TIMEOUT (ERROR (solver error, after parsing finished))	930.741965515	911.2888988459999	1273.044992	cloud-24642	ERROR (solver error, after parsing finished)	734.88970575	710.983865525006	850.681856	cloud-23933
nla-digbench-scaling/mannadiv_valuebound1.yml	true	true	16.253911723	8.9353300089997	594.812928	cloud-24642	true	23.627638658	13.153452177000872	617.160704	cloud-23979
nla-digbench-scaling/mannadiv_valuebound10.yml	true	true	16.549798809	9.230131606998839	622.743552	cloud-24441	true	22.942175204	12.684186521000811	604.434432	cloud-23979
nla-digbench-scaling/mannadiv_valuebound100.yml	true	true	17.027588704	9.595496017998812	627.191808	cloud-24441	true	21.510335242	11.951449379999758	607.272960	cloud-23979
nla-digbench-scaling/mannadiv_valuebound2.yml	true	true	18.222911963	9.987849695999557	605.491200	cloud-24679	true	26.903084421	14.803212105005514	594.423808	cloud-24259
nla-digbench-scaling/mannadiv_valuebound20.yml	true	true	15.993285247	9.146749933999672	594.419712	cloud-24678	true	20.203092536	10.915574318001745	596.815872	cloud-23944
nla-digbench-scaling/mannadiv_valuebound5.yml	true	true	16.904843164	9.266066468000645	660.615168	cloud-24441	true	28.142660517	15.401679680006055	576.688128	cloud-24259
nla-digbench-scaling/mannadiv_valuebound50.yml	true	true	16.663783523	9.157859478999853	592.994304	cloud-24441	true	28.214157968	15.069607367000572	605.331456	cloud-24259
nla-digbench-scaling/prod4br-ll_unwindbound1.yml	false	ERROR (solver error, after parsing finished)	20.521666491	10.993049384000187	620.564480	cloud-24679	ERROR (server error, after parsing finished)	22.601520384	12.193168295998476	585.048064	cloud-23933
nla-digbench-scaling/prod4br-ll_unwindbound10.yml	false	TIMEOUT (ERROR (inner timeout, after parsing finished))	920.298811215	908.183034832	614.199296	cloud-24678	ERROR (server error, after parsing finished)	20.940497224	11.470304698996188	591.388672	cloud-23979
nla-digbench-scaling/prod4br-ll_unwindbound100.yml	false	TIMEOUT (ERROR (inner timeout, after parsing finished))	916.281810827	906.802344886004	594.718720	cloud-23939	ERROR (server error, after parsing finished)	25.274149525	13.71839935600292	657.760256	cloud-24259
nla-digbench-scaling/prod4br-ll_unwindbound2.yml	false	TIMEOUT (ERROR (inner timeout, after parsing finished))	918.541072983	908.1260958960011	609.759232	cloud-24642	ERROR (server error, after parsing finished)	22.060154398	12.090530538000166	583.090176	cloud-24259
nla-digbench-scaling/prod4br-ll_unwindbound20.yml	false	TIMEOUT (ERROR (inner timeout, after parsing finished))	921.480837064	908.3832496600007	599.609344	cloud-24679	ERROR (server error, after parsing finished)	20.661399686	11.266969599997537	586.301440	cloud-23979
nla-digbench-scaling/prod4br-ll_unwindbound5.yml	false	TIMEOUT (ERROR (inner timeout, after parsing finished))	921.237422088	908.4902031330003	618.123264	cloud-24679	ERROR (server error, after parsing finished)	25.915553869	14.031943132002198	580.882432	cloud-24259
nla-digbench-scaling/prod4br-ll_unwindbound50.yml	false	TIMEOUT (ERROR (inner timeout, after parsing finished))	920.355462667	908.0616879279987	564.916224	cloud-24679	ERROR (server error, after parsing finished)	21.14766238	11.586007341997174	594.427904	cloud-23979
nla-digbench-scaling/prod4br-ll_valuebound1.yml	true	true	18.22986705	10.223321880001095	666.521600	cloud-24642	true	28.206721089	15.071744783999748	641.409024	cloud-23933
nla-digbench-scaling/prod4br-ll_valuebound10.yml	true	ERROR (solver error, after parsing finished)	32.267303881	21.6267256430001	624.459776	cloud-24642	ERROR (server error, after parsing finished)	24.238423409	13.072071199996572	604.106752	cloud-23979
nla-digbench-scaling/prod4br-ll_valuebound100.yml	true	ERROR (solver error, after parsing finished)	32.218445243	21.85305308599891	661.737472	cloud-24679	ERROR (server error, after parsing finished)	22.916235118	12.405733597000108	640.421888	cloud-23979
nla-digbench-scaling/prod4br-ll_valuebound2.yml	true	ERROR (solver error, after parsing finished)	25.320781254	15.531087424000361	659.873792	cloud-24678	ERROR (server error, after parsing finished)	24.16391875	13.071592973006773	642.650112	cloud-24259
nla-digbench-scaling/prod4br-ll_valuebound20.yml	true	ERROR (solver error, after parsing finished)	32.850164584	21.91440813999907	621.527040	cloud-24441	ERROR (server error, after parsing finished)	24.496157592	13.310694535000948	656.453632	cloud-24259
nla-digbench-scaling/prod4br-ll_valuebound5.yml	true	true	38.126876291	27.347470315000464	665.772032	cloud-24642	ERROR (server error, after parsing finished)	23.824167648	12.920948191000207	631.193600	cloud-24259
nla-digbench-scaling/prod4br-ll_valuebound50.yml	true	ERROR (solver error, after parsing finished)	33.956278218	23.9868311120008	669.700096	cloud-24642	ERROR (server error, after parsing finished)	27.992100548	15.274857053002052	580.485120	cloud-24259
nla-digbench-scaling/prodbin-ll_unwindbound1.yml	false	false(unreach-call)	21.78915993	12.9636800090002	578.547712	cloud-24441	ERROR (server error, after parsing finished)	17.681960967	9.800404584999342	568.561664	cloud-23979
nla-digbench-scaling/prodbin-ll_unwindbound10.yml	false	ERROR (solver error, after parsing finished)	609.532683172	598.0654776520005	562.806784	cloud-24679	ERROR (server error, after parsing finished)	21.647591034	11.65091109199966	582.615040	cloud-23979
nla-digbench-scaling/prodbin-ll_unwindbound100.yml	true	TIMEOUT (ERROR (inner timeout, after parsing finished))	917.793000283	907.3052968840057	783.699968	cloud-23941	ERROR (server error, after parsing finished)	17.767613322	10.017683548001514	587.227136	cloud-23979
nla-digbench-scaling/prodbin-ll_unwindbound2.yml	false	ERROR (solver error, after parsing finished)	24.569028473	15.830465749000723	602.529792	cloud-24642	ERROR (server error, after parsing finished)	17.987802299	9.850704053998925	573.665280	cloud-23979
nla-digbench-scaling/prodbin-ll_unwindbound20.yml	false	TIMEOUT (ERROR (inner timeout, after parsing finished))	920.960942826	909.0462926199998	793.296896	cloud-24441	ERROR (server error, after parsing finished)	18.820491565	10.274359752998862	569.290752	cloud-23979
nla-digbench-scaling/prodbin-ll_unwindbound5.yml	false	TIMEOUT (ERROR (inner timeout, after parsing finished))	918.261666512	908.1700733690004	791.576576	cloud-24642	ERROR (server error, after parsing finished)	18.734332543	10.253654899002868	549.486592	cloud-23979
nla-digbench-scaling/prodbin-ll_unwindbound50.yml	true	TIMEOUT (ERROR (inner timeout, after parsing finished))	920.724036758	908.473170924	585.179136	cloud-24678	ERROR (server error, after parsing finished)	23.737046746	13.03158279100171	574.873600	cloud-24259
nla-digbench-scaling/prodbin-ll_valuebound1.yml	true	true	17.27934177	9.721760873000676	566.599680	cloud-24678	true	27.822582709	15.088399362997734	605.089792	cloud-24259
nla-digbench-scaling/prodbin-ll_valuebound10.yml	true	ERROR (solver error, after parsing finished)	22.515268198	13.614457159999802	544.489472	cloud-24441	ERROR (server error, after parsing finished)	24.989011149	13.614273991006485	590.213120	cloud-24259
nla-digbench-scaling/prodbin-ll_valuebound100.yml	true	TIMEOUT (ERROR (inner timeout, after parsing finished))	919.847156832	908.8058155299987	705.122304	cloud-24441	ERROR (server error, after parsing finished)	20.197382765	11.088304148999669	596.623360	cloud-23979
nla-digbench-scaling/prodbin-ll_valuebound2.yml	true	true	24.245174543	16.56294101299136	621.559808	cloud-23942	ERROR (server error, after parsing finished)	24.784094216	13.489778871000453	549.707776	cloud-23933
nla-digbench-scaling/prodbin-ll_valuebound20.yml	true	ERROR (solver error, after parsing finished)	24.476544827	14.376102598000216	602.324992	cloud-24642	ERROR (server error, after parsing finished)	27.580839858	14.83444311600033	603.136000	cloud-24259
nla-digbench-scaling/prodbin-ll_valuebound5.yml	true	ERROR (solver error, after parsing finished)	420.268719679	410.7393716919996	617.984000	cloud-24642	ERROR (server error, after parsing finished)	25.820918077	14.098921566997888	611.680256	cloud-24259
nla-digbench-scaling/prodbin-ll_valuebound50.yml	true	ERROR (solver error, after parsing finished)	408.393613258	398.41683805700086	649.076736	cloud-24441	ERROR (server error, after parsing finished)	24.129039904	13.059736421004345	593.395712	cloud-24259
nla-digbench-scaling/ps2-ll_unwindbound1.yml	true	true	16.976999053	9.255403115999798	602.873856	cloud-24679	true	21.554653176	11.663176871999895	611.844096	cloud-23979
nla-digbench-scaling/ps2-ll_unwindbound10.yml	true	true	15.187171442	8.452322737000031	566.235136	cloud-24642	true	21.279001307	11.793794389006507	575.090688	cloud-23979
nla-digbench-scaling/ps2-ll_unwindbound100.yml	true	true	16.144221186	9.204894876000026	572.268544	cloud-24679	true	17.940637241	9.859309215993562	546.234368	cloud-24259
nla-digbench-scaling/ps2-ll_unwindbound2.yml	true	true	15.832514092	8.993327571020927	556.830720	cloud-23943	true	19.575416166	10.730985159003467	548.585472	cloud-23979
nla-digbench-scaling/ps2-ll_unwindbound20.yml	true	true	16.755532273	9.45956059900027	607.109120	cloud-24441	true	23.583461571	12.707251227002416	591.974400	cloud-23979
nla-digbench-scaling/ps2-ll_unwindbound5.yml	true	true	12.446880386	7.16238575099851	539.176960	cloud-23942	true	16.027705132	8.854519222993986	593.076224	cloud-23939
nla-digbench-scaling/ps2-ll_unwindbound50.yml	true	true	16.88219721	9.349759340999299	607.719424	cloud-24441	true	23.082870628	12.623286288006057	591.003648	cloud-24259
nla-digbench-scaling/ps2-ll_valuebound1.yml	true	true	15.838543514	8.939259713000865	557.084672	cloud-24679	true	22.772276145	12.588096088002203	561.426432	cloud-23933
nla-digbench-scaling/ps2-ll_valuebound10.yml	true	true	16.21092451	9.134389365999596	570.007552	cloud-24678	true	25.154906129	13.583672357000069	593.530880	cloud-23933
nla-digbench-scaling/ps2-ll_valuebound100.yml	true	true	15.82407708	8.614991130998533	647.528448	cloud-24441	true	20.88002625	11.474994913998671	590.811136	cloud-23979
nla-digbench-scaling/ps2-ll_valuebound2.yml	true	true	16.228644351	8.95459801900006	596.918272	cloud-24678	true	24.091334633	13.018549517000793	585.560064	cloud-23933
nla-digbench-scaling/ps2-ll_valuebound20.yml	true	true	15.289161386	8.523673686999246	627.253248	cloud-24642	true	28.321373985	15.159448885999154	585.019392	cloud-24259
nla-digbench-scaling/ps2-ll_valuebound5.yml	true	true	16.065056217	8.795119136999347	606.892032	cloud-24679	true	25.714109411	13.978639525999824	570.343424	cloud-23933
nla-digbench-scaling/ps2-ll_valuebound50.yml	true	true	15.453783076	8.549379064999812	562.442240	cloud-24679	true	15.665705934	8.8777905609968	623.587328	cloud-23939
nla-digbench-scaling/ps3-ll_unwindbound1.yml	true	true	18.713727648	10.610940438	654.143488	cloud-24441	true	29.427931619	16.03272308599844	634.601472	cloud-24259
nla-digbench-scaling/ps3-ll_unwindbound10.yml	true	true	14.197197714	8.057043061009608	652.619776	cloud-23941	true	25.205560184	13.50434258000314	643.022848	cloud-23933
nla-digbench-scaling/ps3-ll_unwindbound100.yml	true	true	16.713151719	9.046637975000067	617.013248	cloud-24642	true	24.982688636	13.522577372001251	632.913920	cloud-24259
nla-digbench-scaling/ps3-ll_unwindbound2.yml	true	true	16.573449366	9.446963734999372	718.704640	cloud-24678	true	27.580237164	15.000885118000951	652.865536	cloud-23933
nla-digbench-scaling/ps3-ll_unwindbound20.yml	true	true	17.367126182	9.72371703600038	655.720448	cloud-24642	true	21.430449511	11.594598426003358	641.597440	cloud-23979
nla-digbench-scaling/ps3-ll_unwindbound5.yml	true	true	17.184194669	9.792955781000273	633.221120	cloud-24441	true	23.950798245	12.925493745000495	614.649856	cloud-23979
nla-digbench-scaling/ps3-ll_unwindbound50.yml	true	true	18.505422443	10.08874991599987	659.775488	cloud-24441	true	33.169865935	17.894927248000386	666.599424	cloud-23933
nla-digbench-scaling/ps3-ll_valuebound1.yml	true	true	22.036297914	11.940619740999864	688.730112	cloud-24679	ERROR (solver error, after parsing finished)	24.587183178	13.491231463000076	605.806592	cloud-23933
nla-digbench-scaling/ps3-ll_valuebound10.yml	true	true	22.200931158	12.149739319000219	626.204672	cloud-24642	ERROR (solver error, after parsing finished)	22.631178018	12.253654243999335	603.795456	cloud-24259
nla-digbench-scaling/ps3-ll_valuebound100.yml	true	true	21.98237849	12.218740018999597	626.712576	cloud-24679	ERROR (solver error, after parsing finished)	21.455498737	11.803250212004059	646.242304	cloud-23979
nla-digbench-scaling/ps3-ll_valuebound2.yml	true	true	23.97875016	13.039600088000952	674.721792	cloud-24679	ERROR (solver error, after parsing finished)	25.4757239	13.666966571000103	674.488320	cloud-23933
nla-digbench-scaling/ps3-ll_valuebound20.yml	true	true	22.497029102	12.289956205999715	705.363968	cloud-24642	ERROR (solver error, after parsing finished)	23.553869446	12.878331952000735	631.136256	cloud-23979
nla-digbench-scaling/ps3-ll_valuebound5.yml	true	true	24.908924913	13.763969506999274	687.529984	cloud-24441	ERROR (solver error, after parsing finished)	24.814922933	13.769420059001277	636.198912	cloud-23933
nla-digbench-scaling/ps3-ll_valuebound50.yml	true	true	22.818663937	12.675238863000232	705.966080	cloud-24642	ERROR (solver error, after parsing finished)	25.790516719	13.920736884996586	645.918720	cloud-24259
nla-digbench-scaling/ps4-ll_unwindbound1.yml	false	false(unreach-call)	18.193123501	9.943436448000284	633.102336	cloud-24642	false(unreach-call)	17.433561839	9.668355886002246	601.137152	cloud-23939
nla-digbench-scaling/ps4-ll_unwindbound10.yml	false	ERROR (solver error, after parsing finished)	94.805581413	82.83941715600122	614.547456	cloud-24441	ERROR (server error, after parsing finished)	22.258252583	12.131257046003157	630.026240	cloud-23979
nla-digbench-scaling/ps4-ll_unwindbound100.yml	false	TIMEOUT (ERROR (solver error, after parsing finished))	984.379089972	970.131844829999	673.837056	cloud-24678	TIMEOUT (ERROR (solver error, after parsing finished))	919.574250726	902.8511498480002	615.301120	cloud-24259
nla-digbench-scaling/ps4-ll_unwindbound2.yml	false	false(unreach-call)	19.189574204	10.600153827999748	616.132608	cloud-24679	false(unreach-call)	29.080909965	15.647356995999871	626.929664	cloud-23933
nla-digbench-scaling/ps4-ll_unwindbound20.yml	false	TIMEOUT	990.332116359	975.3710443220007	645.292032	cloud-24679	TIMEOUT (ERROR (solver error, after parsing finished))	920.401162465	906.0604300050036	644.075520	cloud-24259
nla-digbench-scaling/ps4-ll_unwindbound5.yml	false	ERROR (solver error, after parsing finished)	95.656330667	82.87018435400023	670.613504	cloud-24678	ERROR (solver error, after parsing finished)	29.45375455	16.092478897000547	678.825984	cloud-24259
nla-digbench-scaling/ps4-ll_unwindbound50.yml	false	TIMEOUT	990.294794028	975.4428979870002	705.314816	cloud-24678	TIMEOUT (ERROR (solver error, after parsing finished))	905.570663514	890.8697139389988	650.559488	cloud-24259
nla-digbench-scaling/ps4-ll_valuebound1.yml	true	true	18.481410271	10.17397107800025	689.741824	cloud-24679	true	29.257005784	15.849156604002928	665.485312	cloud-23933
nla-digbench-scaling/ps4-ll_valuebound10.yml	true	TIMEOUT	990.239207101	975.3655950990001	656.154624	cloud-24441	ERROR (solver error, after parsing finished)	142.193065578	130.4011619580051	652.075008	cloud-23979
nla-digbench-scaling/ps4-ll_valuebound100.yml	true	TIMEOUT	990.205017637	976.680581613	722.448384	cloud-24441	ERROR (solver error, after parsing finished)	173.786877657	159.26373543099908	616.026112	cloud-24259
nla-digbench-scaling/ps4-ll_valuebound2.yml	true	true	18.78005531	10.250268748990493	646.676480	cloud-23943	true	29.5001884	15.869340958000976	604.151808	cloud-23979
nla-digbench-scaling/ps4-ll_valuebound20.yml	true	TIMEOUT	990.238721335	975.5150070099999	750.514176	cloud-24679	ERROR (solver error, after parsing finished)	156.288122403	142.02744278400496	653.316096	cloud-24259
nla-digbench-scaling/ps4-ll_valuebound5.yml	true	true	403.529009089	390.92657592900014	651.968512	cloud-24642	ERROR (solver error, after parsing finished)	172.649503658	158.4344656060057	646.127616	cloud-24259
nla-digbench-scaling/ps4-ll_valuebound50.yml	true	TIMEOUT	990.24376646	974.0719772140001	722.677760	cloud-24678	ERROR (solver error, after parsing finished)	148.757878539	137.57603047299972	589.369344	cloud-23979
nla-digbench-scaling/ps5-ll_unwindbound1.yml	false	false(unreach-call)	19.392679132	10.785639912999613	798.322688	cloud-24679	false(unreach-call)	32.985214972	18.107867484999588	688.226304	cloud-24259
nla-digbench-scaling/ps5-ll_unwindbound10.yml	false	TIMEOUT	990.298278425	978.0661250640114	841.555968	cloud-23944	ERROR (solver error, after parsing finished)	731.203259282	714.4980322569972	836.820992	cloud-23933
nla-digbench-scaling/ps5-ll_unwindbound100.yml	false	TIMEOUT	990.321521234	974.7026036789994	897.445888	cloud-24679	ERROR (solver error, after parsing finished)	732.975093103	715.6469100030008	756.338688	cloud-24259
nla-digbench-scaling/ps5-ll_unwindbound2.yml	false	false(unreach-call)	23.242846997	13.781212610000011	797.306880	cloud-24441	false(unreach-call)	29.420926323	17.01713961600035	796.753920	cloud-23979
nla-digbench-scaling/ps5-ll_unwindbound20.yml	false	TIMEOUT	990.332117729	974.2036803030005	820.363264	cloud-24678	ERROR (solver error, after parsing finished)	733.915747789	715.4911362800049	722.776064	cloud-23933
nla-digbench-scaling/ps5-ll_unwindbound5.yml	false	TIMEOUT	990.31418324	975.053622731999	843.137024	cloud-24441	ERROR (solver error, after parsing finished)	734.686684444	715.8677210509995	747.433984	cloud-23933
nla-digbench-scaling/ps5-ll_unwindbound50.yml	false	TIMEOUT	990.315932511	974.8117148829988	892.293120	cloud-24441	ERROR (solver error, after parsing finished)	734.890835041	716.7902049870027	738.287616	cloud-24259
nla-digbench-scaling/ps5-ll_valuebound1.yml	true	TIMEOUT (ERROR (inner timeout, after parsing finished))	921.522860889	909.313117484	807.944192	cloud-24642	ERROR (solver error, after parsing finished)	24.575163862	13.20016810800007	730.456064	cloud-23979
nla-digbench-scaling/ps5-ll_valuebound10.yml	true	TIMEOUT (ERROR (inner timeout, after parsing finished))	922.430233834	908.8291659929964	782.929920	cloud-23940	ERROR (solver error, after parsing finished)	22.69477278	12.420684168006119	721.195008	cloud-23979
nla-digbench-scaling/ps5-ll_valuebound100.yml	true	TIMEOUT (ERROR (inner timeout, after parsing finished))	920.747430317	908.201079122	824.102912	cloud-24678	ERROR (solver error, after parsing finished)	24.317105289	13.163618462000159	743.485440	cloud-23933
nla-digbench-scaling/ps5-ll_valuebound2.yml	true	TIMEOUT (ERROR (inner timeout, after parsing finished))	923.969072995	910.1361951409999	770.818048	cloud-24441	ERROR (solver error, after parsing finished)	28.88815687	15.490245543995115	721.858560	cloud-24259
nla-digbench-scaling/ps5-ll_valuebound20.yml	true	TIMEOUT (ERROR (inner timeout, after parsing finished))	921.026692935	909.3256741829973	805.486592	cloud-23944	ERROR (solver error, after parsing finished)	25.991792359	13.98178157700022	761.417728	cloud-23933
nla-digbench-scaling/ps5-ll_valuebound5.yml	true	TIMEOUT (ERROR (inner timeout, after parsing finished))	921.919546814	909.696627322	777.150464	cloud-24642	ERROR (solver error, after parsing finished)	25.154317361	13.609683426002448	761.499648	cloud-23933
nla-digbench-scaling/ps5-ll_valuebound50.yml	true	TIMEOUT (ERROR (inner timeout, after parsing finished))	922.835712952	909.6359244339983	805.908480	cloud-24441	ERROR (solver error, after parsing finished)	27.312266187	14.803402965000714	806.936576	cloud-23933
nla-digbench-scaling/ps6-ll_unwindbound1.yml	false	false(unreach-call)	20.405015027	11.235782088000633	838.893568	cloud-24642	false(unreach-call)	32.361540133	17.220985801999632	768.077824	cloud-23979
nla-digbench-scaling/ps6-ll_unwindbound10.yml	false	TIMEOUT (ERROR (inner timeout, after parsing finished))	942.697152838	925.5792043669999	818.061312	cloud-24679	ERROR (solver error, after parsing finished)	54.589528836	39.128182233005646	800.858112	cloud-23933
nla-digbench-scaling/ps6-ll_unwindbound100.yml	false	TIMEOUT (ERROR (inner timeout, after parsing finished))	930.142195127	913.703211494	846.172160	cloud-24441	ERROR (solver error, after parsing finished)	33.836377471	19.174604760002694	805.146624	cloud-23933
nla-digbench-scaling/ps6-ll_unwindbound2.yml	false	false(unreach-call)	22.290343586	12.920452132006176	831.512576	cloud-23943	false(unreach-call)	37.99050844	21.577478978004365	756.514816	cloud-23933
nla-digbench-scaling/ps6-ll_unwindbound20.yml	false	TIMEOUT	990.285733658	976.4958957759955	836.497408	cloud-23944	TIMEOUT (ERROR (solver error, after parsing finished))	915.260625243	896.2232720230022	778.178560	cloud-23933
nla-digbench-scaling/ps6-ll_unwindbound5.yml	false	TIMEOUT (ERROR (inner timeout, after parsing finished))	938.450544851	925.2017300470015	788.832256	cloud-24642	ERROR (solver error, after parsing finished)	61.630809909	45.306147125997086	829.566976	cloud-23933
nla-digbench-scaling/ps6-ll_unwindbound50.yml	false	TIMEOUT	990.329180789	975.0000079360007	890.368000	cloud-24441	TIMEOUT (ERROR (solver error, after parsing finished))	908.536091246	892.6746641119971	816.824320	cloud-24259
nla-digbench-scaling/ps6-ll_valuebound1.yml	true	true	18.446333684	10.035038153999267	890.404864	cloud-24679	true	25.688866731	13.85511587200017	746.782720	cloud-23979
nla-digbench-scaling/ps6-ll_valuebound10.yml	true	TIMEOUT (ERROR (inner timeout, after parsing finished))	925.93371162	913.0873657640186	804.913152	cloud-23940	ERROR (solver error, after parsing finished)	38.78769818	24.367421087001276	735.731712	cloud-23933
nla-digbench-scaling/ps6-ll_valuebound100.yml	true	TIMEOUT (ERROR (inner timeout, after parsing finished))	929.976435883	914.9443273779998	808.787968	cloud-24678	ERROR (solver error, after parsing finished)	34.135189218	21.600712091996684	791.756800	cloud-23979
nla-digbench-scaling/ps6-ll_valuebound2.yml	true	true	21.263348148	12.51670700700015	886.730752	cloud-24678	true	35.40382989	20.26491510499909	836.628480	cloud-24259
nla-digbench-scaling/ps6-ll_valuebound20.yml	true	TIMEOUT (ERROR (inner timeout, after parsing finished))	931.275739488	915.5256293800003	934.830080	cloud-24679	ERROR (solver error, after parsing finished)	42.463710133	27.084883059003914	867.622912	cloud-23933
nla-digbench-scaling/ps6-ll_valuebound5.yml	true	TIMEOUT (ERROR (inner timeout, after parsing finished))	932.22610488	917.4546966950002	868.573184	cloud-24642	ERROR (solver error, after parsing finished)	33.729596302	21.449568495998392	923.488256	cloud-23979
nla-digbench-scaling/ps6-ll_valuebound50.yml	true	TIMEOUT (ERROR (inner timeout, after parsing finished))	929.088715893	916.1006317499998	760.471552	cloud-24642	ERROR (solver error, after parsing finished)	42.573431164	26.468429366002965	737.984512	cloud-24259
nla-digbench-scaling/sqrt1-ll_unwindbound1.yml	true	true	18.517982911	10.100402459999941	611.581952	cloud-24441	true	25.177256353	13.591590650001308	670.511104	cloud-23933
nla-digbench-scaling/sqrt1-ll_unwindbound10.yml	true	true	16.772017293	9.312664184999448	654.417920	cloud-24678	true	21.324553315	11.704914659996575	656.228352	cloud-23979
nla-digbench-scaling/sqrt1-ll_unwindbound100.yml	true	true	17.829861715	10.04559344900008	660.328448	cloud-24642	true	25.917062744	14.240329250000286	622.981120	cloud-23933
nla-digbench-scaling/sqrt1-ll_unwindbound2.yml	true	true	17.743501685	9.896281817000272	677.986304	cloud-24441	true	21.537245606	11.691138412003056	647.823360	cloud-23979
nla-digbench-scaling/sqrt1-ll_unwindbound20.yml	true	true	17.992000077	10.02745669199976	669.732864	cloud-24642	true	17.844875372	9.836615378997521	651.517952	cloud-23943
nla-digbench-scaling/sqrt1-ll_unwindbound5.yml	true	true	17.535208016	9.635914543000581	599.486464	cloud-24679	true	25.704268762	13.861964449999505	602.058752	cloud-23933
nla-digbench-scaling/sqrt1-ll_unwindbound50.yml	true	true	13.94041691	7.785062623996055	649.625600	cloud-23939	true	28.251571688	15.426843911001924	589.709312	cloud-23933
nla-digbench-scaling/sqrt1-ll_valuebound1.yml	true	true	20.307461039	12.065907600000173	693.956608	cloud-24441	true	23.727360695	13.650935524998204	663.777280	cloud-23979
nla-digbench-scaling/sqrt1-ll_valuebound10.yml	true	true	20.445278869	12.05458582700021	658.829312	cloud-24441	true	31.827559772	18.312834866999765	653.156352	cloud-24259
nla-digbench-scaling/sqrt1-ll_valuebound100.yml	true	true	19.705594601	11.546033615999477	649.814016	cloud-24679	true	31.612091371	18.271826318996318	597.692416	cloud-24259
nla-digbench-scaling/sqrt1-ll_valuebound2.yml	true	true	19.836767919	11.890300873999877	647.532544	cloud-24441	true	32.050456499	18.200648140998965	640.966656	cloud-24259
nla-digbench-scaling/sqrt1-ll_valuebound20.yml	true	true	18.863783373	11.346104967999963	604.663808	cloud-24642	true	30.414189756	17.92259532299795	624.480256	cloud-24259
nla-digbench-scaling/sqrt1-ll_valuebound5.yml	true	true	19.055362501	11.099747321000905	657.268736	cloud-24441	true	25.402428205	14.895349926002382	610.562048	cloud-23979
nla-digbench-scaling/sqrt1-ll_valuebound50.yml	true	true	19.539065869	11.676637515000039	641.122304	cloud-24642	true	24.292834416	14.340291100998002	678.338560	cloud-23979
verifythis/duplets.yml	true	ERROR (generic error, after parsing finished)	15.227246315	8.600091115999021	565.432320	cloud-24679	ERROR (server error, after parsing finished)	20.593721864	11.219923641000605	557.903872	cloud-23933
verifythis/elimination_max.yml	true	ERROR (generic error, after parsing finished)	15.545687521	8.923101981999935	593.657856	cloud-24678	ERROR (server error, after parsing finished)	26.971750342	14.65124779100006	539.365376	cloud-24259
verifythis/lcp.yml	true	ERROR (generic error, after parsing finished)	15.525316657	8.76707003499996	578.289664	cloud-24642	ERROR (server error, after parsing finished)	17.545968497	9.574301050999566	549.212160	cloud-23979
verifythis/prefixsum_iter.yml	true	ERROR (generic error, after parsing finished)	16.160936965	8.929916613007663	560.451584	cloud-23943	ERROR (server error, after parsing finished)	17.285943345	9.459551035000004	566.792192	cloud-23979
verifythis/tree_del_iter.yml	false	ERROR (frontend failed, before parsing finished)	1.979800864	1.1397171930002514	119.123968	cloud-24642	ERROR (frontend failed, before parsing finished)	2.636763532	1.5369539959992835	120.606720	cloud-23979
verifythis/tree_del_iter_incorrect.yml	false	ERROR (frontend failed, before parsing finished)	2.01336569	1.148702774999947	119.767040	cloud-24441	ERROR (frontend failed, before parsing finished)	2.221229925	1.3049311560025671	119.091200	cloud-23979
combinations/Problem05_label40+token_ring.01.cil-1.yml	false	OUT OF MEMORY	237.608924195	196.25368575299944	15000.051712	cloud-24678	OUT OF MEMORY	313.639792501	263.61001278499316	15000.039424	cloud-23979
combinations/Problem05_label40+token_ring.02.cil-1.yml	false	OUT OF MEMORY	259.236204335	216.428243448001	15000.043520	cloud-24642	OUT OF MEMORY	419.686606195	356.64412901900005	15000.043520	cloud-24261
combinations/Problem05_label40+token_ring.03.cil-2.yml	false	OUT OF MEMORY	289.144214037	243.65594716100168	15000.051712	cloud-24642	OUT OF MEMORY	324.101449676	274.3565534269874	15000.162304	cloud-23940
combinations/Problem05_label40+token_ring.04.cil-1.yml	false	OUT OF MEMORY	248.202622834	207.99755741600165	15000.051712	cloud-24678	OUT OF MEMORY	286.833637363	245.9960516160063	15000.158208	cloud-23943
combinations/Problem05_label40+token_ring.05.cil-1.yml	false	OUT OF MEMORY	294.269265282	251.7643917039968	15000.051712	cloud-24642	OUT OF MEMORY	472.738189525	412.59171294599946	15000.043520	cloud-23933
combinations/Problem05_label40+token_ring.06.cil-2.yml	false	OUT OF MEMORY	327.818810781	282.5481884460005	15000.051712	cloud-24441	OUT OF MEMORY	420.383618751	359.07733654599724	15000.035328	cloud-24261
combinations/Problem05_label40+token_ring.07.cil-1.yml	false	OUT OF MEMORY	285.134812521	246.21351015300024	15000.162304	cloud-23941	OUT OF MEMORY	441.903681425	384.9479597460013	15000.043520	cloud-24261
combinations/Problem05_label40+token_ring.08.cil-1.yml	false	OUT OF MEMORY	337.922710893	295.8788339979983	15000.051712	cloud-24679	OUT OF MEMORY	328.328374065	285.73447477100126	15000.166400	cloud-23943
combinations/Problem05_label40+token_ring.09.cil-1.yml	false	OUT OF MEMORY	351.076508302	306.69703345200105	15000.043520	cloud-24441	OUT OF MEMORY	438.304055081	387.43858767900383	15000.043520	cloud-23979
combinations/Problem05_label40+token_ring.10.cil-2.yml	false	OUT OF MEMORY	362.147271702	319.8612607690011	15000.035328	cloud-24678	OUT OF MEMORY	425.547340247	374.3723397370013	15000.166400	cloud-23944
combinations/Problem05_label40+token_ring.11.cil-2.yml	false	OUT OF MEMORY	413.868418977	369.9021086560024	15000.035328	cloud-24642	OUT OF MEMORY	413.62350062	365.53229137600283	15000.166400	cloud-23939
combinations/Problem05_label40+token_ring.12.cil-2.yml	false	OUT OF MEMORY	445.827742229	401.07060101800016	15000.055808	cloud-24441	OUT OF MEMORY	406.157774689	361.1839717779949	15000.162304	cloud-23943
combinations/Problem05_label40+token_ring.13.cil-2.yml	false	OUT OF MEMORY	377.79465288	337.08081334101735	15000.162304	cloud-23940	OUT OF MEMORY	630.36508525	568.3917686670029	15000.039424	cloud-24261
combinations/Problem05_label41+token_ring.01.cil-1.yml	false	OUT OF MEMORY	248.585838381	204.42337404800128	15000.051712	cloud-24678	OUT OF MEMORY	306.181592504	257.4450743950001	15000.166400	cloud-23944
combinations/Problem05_label41+token_ring.02.cil-1.yml	false	OUT OF MEMORY	260.832972158	218.65180942200095	15000.047616	cloud-24642	OUT OF MEMORY	341.691606259	288.6005731200057	15000.043520	cloud-24261
combinations/Problem05_label41+token_ring.03.cil-2.yml	false	OUT OF MEMORY	282.062197448	240.33936097100377	15000.166400	cloud-23944	OUT OF MEMORY	485.364924594	414.9489925480011	15000.043520	cloud-24261
combinations/Problem05_label41+token_ring.04.cil-1.yml	false	OUT OF MEMORY	278.055994262	234.731343874	15000.043520	cloud-24678	OUT OF MEMORY	357.861598834	299.6709810329994	15000.039424	cloud-24261
combinations/Problem05_label41+token_ring.05.cil-1.yml	false	OUT OF MEMORY	307.713264253	263.81693108200125	15000.055808	cloud-24642	OUT OF MEMORY	290.700066676	248.74526737500128	15000.166400	cloud-23943
combinations/Problem05_label41+token_ring.06.cil-2.yml	false	OUT OF MEMORY	283.774709507	241.5259792790166	15000.166400	cloud-23941	OUT OF MEMORY	414.903133954	357.5820823450049	15000.039424	cloud-24261
combinations/Problem05_label41+token_ring.07.cil-1.yml	false	OUT OF MEMORY	273.815372394	233.80694934399799	15000.162304	cloud-23940	OUT OF MEMORY	378.494650744	329.30007633900095	15000.166400	cloud-23942
combinations/Problem05_label41+token_ring.08.cil-1.yml	false	OUT OF MEMORY	292.895482144	253.61622636800166	15000.170496	cloud-23943	OUT OF MEMORY	351.610813178	305.5126193169999	15000.158208	cloud-23943
combinations/Problem05_label41+token_ring.09.cil-1.yml	false	OUT OF MEMORY	304.835930278	265.7179704029986	15000.162304	cloud-23944	OUT OF MEMORY	376.708728818	327.3107624480035	15000.166400	cloud-23940
combinations/Problem05_label41+token_ring.10.cil-2.yml	false	OUT OF MEMORY	353.138512411	311.2885117350015	15000.043520	cloud-24679	OUT OF MEMORY	381.486149094	334.69180322199827	15000.158208	cloud-23944
combinations/Problem05_label41+token_ring.11.cil-2.yml	false	OUT OF MEMORY	414.41907192	369.57569903600233	15000.051712	cloud-24441	OUT OF MEMORY	437.564767842	385.6301478039968	15000.158208	cloud-23939
combinations/Problem05_label41+token_ring.12.cil-2.yml	false	OUT OF MEMORY	425.135736877	379.1829357919996	15000.051712	cloud-24678	OUT OF MEMORY	619.303138367	558.7248305019966	15000.043520	cloud-23933
combinations/Problem05_label41+token_ring.13.cil-2.yml	false	OUT OF MEMORY	320.084392821	283.31441779297893	15000.166400	cloud-23942	OUT OF MEMORY	508.251617264	458.59352945499995	15000.162304	cloud-23943
combinations/Problem05_label42+token_ring.01.cil-1.yml	true	OUT OF MEMORY	241.654244876	199.87958171698847	15000.174592	cloud-23941	OUT OF MEMORY	354.957703152	297.46602837399996	15000.043520	cloud-23979
combinations/Problem05_label42+token_ring.01.cil-2.yml	false	OUT OF MEMORY	254.059623717	208.70029657800114	15000.047616	cloud-24441	OUT OF MEMORY	291.432889295	240.72774918600044	15000.166400	cloud-23941
combinations/Problem05_label42+token_ring.02.cil-1.yml	true	OUT OF MEMORY	255.062229155	215.65363246100242	15000.043520	cloud-24642	OUT OF MEMORY	347.66926625	294.60471482400004	15000.043520	cloud-23979
combinations/Problem05_label42+token_ring.02.cil-2.yml	false	OUT OF MEMORY	237.510421289	198.3165391620132	15000.162304	cloud-23943	OUT OF MEMORY	326.206489863	277.20389096200233	15000.166400	cloud-23939
combinations/Problem05_label42+token_ring.03.cil-1.yml	false	OUT OF MEMORY	258.051872781	215.7072043090011	15000.174592	cloud-23944	OUT OF MEMORY	279.687886347	233.9580806380036	15000.166400	cloud-23940
combinations/Problem05_label42+token_ring.03.cil-2.yml	true	OUT OF MEMORY	290.509223962	248.57301491801627	15000.166400	cloud-23944	OUT OF MEMORY	262.637744097	222.42948358400463	15000.166400	cloud-23943
combinations/Problem05_label42+token_ring.04.cil-1.yml	true	OUT OF MEMORY	277.061542372	233.3361366580002	15000.051712	cloud-24642	OUT OF MEMORY	365.88192133	312.1166619889991	15000.031232	cloud-24261
combinations/Problem05_label42+token_ring.04.cil-2.yml	false	OUT OF MEMORY	254.910384926	214.71123852898018	15000.170496	cloud-23944	OUT OF MEMORY	285.779013167	243.06887815399386	15000.166400	cloud-23944
combinations/Problem05_label42+token_ring.05.cil-1.yml	true	OUT OF MEMORY	296.321847958	255.86322456299968	15000.039424	cloud-24441	OUT OF MEMORY	470.915623481	403.8697347779962	15000.043520	cloud-24261
combinations/Problem05_label42+token_ring.05.cil-2.yml	false	OUT OF MEMORY	261.079287025	222.04415607699775	15000.166400	cloud-23943	OUT OF MEMORY	401.079778306	343.714954684001	15000.039424	cloud-24261
combinations/Problem05_label42+token_ring.06.cil-1.yml	false	OUT OF MEMORY	307.3709634	264.9050422120017	15000.039424	cloud-24642	OUT OF MEMORY	368.158094947	318.64582226499624	15000.166400	cloud-23940
combinations/Problem05_label42+token_ring.06.cil-2.yml	true	OUT OF MEMORY	323.052637017	277.6077022440004	15000.047616	cloud-24642	OUT OF MEMORY	418.65480227	363.66632883000057	15000.043520	cloud-24261
combinations/Problem05_label42+token_ring.07.cil-1.yml	true	OUT OF MEMORY	246.187653356	210.42836027001613	15000.158208	cloud-23942	OUT OF MEMORY	366.648321301	315.5586855750007	15000.166400	cloud-23942
combinations/Problem05_label42+token_ring.07.cil-2.yml	false	OUT OF MEMORY	262.052105812	225.2983006630093	15000.178688	cloud-23939	OUT OF MEMORY	503.284996862	434.6866230989981	15000.043520	cloud-24261
combinations/Problem05_label42+token_ring.08.cil-1.yml	true	OUT OF MEMORY	386.693072986	340.22832254600144	15000.043520	cloud-24679	OUT OF MEMORY	411.628220983	357.71283400400716	15000.166400	cloud-23942
combinations/Problem05_label42+token_ring.08.cil-2.yml	false	OUT OF MEMORY	312.717646811	271.029124749999	15000.170496	cloud-23941	OUT OF MEMORY	379.04308979	332.37765238800057	15000.166400	cloud-23940
combinations/Problem05_label42+token_ring.09.cil-1.yml	true	OUT OF MEMORY	381.690729869	336.2325282359998	15000.035328	cloud-24678	OUT OF MEMORY	539.871788984	476.59894863999943	15000.039424	cloud-24261
combinations/Problem05_label42+token_ring.09.cil-2.yml	false	OUT OF MEMORY	361.095011718	314.4180359889979	15000.051712	cloud-24679	OUT OF MEMORY	469.844255138	413.3699290980003	15000.035328	cloud-24261
combinations/Problem05_label42+token_ring.10.cil-1.yml	false	OUT OF MEMORY	289.131247797	252.2087413679983	15000.166400	cloud-23942	OUT OF MEMORY	779.127135717	698.2470221990006	15000.039424	cloud-24259
combinations/Problem05_label42+token_ring.10.cil-2.yml	true	OUT OF MEMORY	405.434466788	360.07149544099997	15000.043520	cloud-24678	OUT OF MEMORY	471.600634801	415.02845594300015	15000.039424	cloud-24261
combinations/Problem05_label42+token_ring.11.cil-1.yml	false	OUT OF MEMORY	307.603039273	268.29423924	15000.158208	cloud-23942	OUT OF MEMORY	379.413638634	337.8782009159986	15000.166400	cloud-23943
combinations/Problem05_label42+token_ring.11.cil-2.yml	true	OUT OF MEMORY	420.857004314	374.9984389299998	15000.043520	cloud-24642	OUT OF MEMORY	382.901584797	337.60717720400135	15000.166400	cloud-23943
combinations/Problem05_label42+token_ring.12.cil-1.yml	false	OUT OF MEMORY	436.658743835	394.7024297799999	15000.055808	cloud-24642	OUT OF MEMORY	558.807045278	498.7514320420014	15000.031232	cloud-24261
combinations/Problem05_label42+token_ring.12.cil-2.yml	true	OUT OF MEMORY	418.519885499	371.56928364399937	15000.051712	cloud-24679	OUT OF MEMORY	480.156771043	425.9753127859949	15000.166400	cloud-23939
combinations/Problem05_label42+token_ring.13.cil-1.yml	false	OUT OF MEMORY	435.162740741	389.51444111599994	15000.043520	cloud-24679	OUT OF MEMORY	661.445770991	595.935476895	15000.035328	cloud-23933
combinations/Problem05_label42+token_ring.13.cil-2.yml	true	OUT OF MEMORY	449.108675243	405.0739450709989	15000.043520	cloud-24678	OUT OF MEMORY	634.589674322	571.5991512919936	15000.043520	cloud-24261
combinations/Problem05_label42+token_ring.14.cil.yml	false	OUT OF MEMORY	345.750088561	305.96166467800504	15000.174592	cloud-23942	OUT OF MEMORY	587.82526814	531.4917071650052	15000.035328	cloud-24261
combinations/Problem05_label42+token_ring.15.cil.yml	false	OUT OF MEMORY	339.051806177	302.0503629820014	15000.174592	cloud-23942	OUT OF MEMORY	661.851246763	595.668301974998	15000.031232	cloud-24261
combinations/Problem05_label43+token_ring.01.cil-1.yml	true	OUT OF MEMORY	240.020436114	200.0016717010003	15000.047616	cloud-24441	OUT OF MEMORY	270.680268261	225.49986462599918	15000.158208	cloud-23941
combinations/Problem05_label43+token_ring.01.cil-2.yml	false	OUT OF MEMORY	243.922013129	200.04886337900098	15000.035328	cloud-24441	OUT OF MEMORY	248.681012658	208.24436447400512	15000.166400	cloud-23943
combinations/Problem05_label43+token_ring.02.cil-1.yml	true	OUT OF MEMORY	250.204273548	208.32636001799983	15000.051712	cloud-24678	OUT OF MEMORY	387.753924297	329.4814909580018	15000.035328	cloud-24261
combinations/Problem05_label43+token_ring.02.cil-2.yml	false	OUT OF MEMORY	286.774773306	239.263671116998	15000.043520	cloud-24679	OUT OF MEMORY	296.498536034	247.25437344399688	15000.158208	cloud-23941
combinations/Problem05_label43+token_ring.03.cil-1.yml	false	OUT OF MEMORY	280.540864538	237.29571464200126	15000.039424	cloud-24642	OUT OF MEMORY	428.696422365	362.89409242200054	15000.039424	cloud-23979
combinations/Problem05_label43+token_ring.03.cil-2.yml	true	OUT OF MEMORY	277.306061968	233.87548870098544	15000.158208	cloud-23940	OUT OF MEMORY	341.044198127	289.634129869999	15000.035328	cloud-24261
combinations/Problem05_label43+token_ring.04.cil-1.yml	true	OUT OF MEMORY	285.484246392	242.3175949439992	15000.047616	cloud-24678	OUT OF MEMORY	304.213383115	258.0171550419982	15000.166400	cloud-23940
combinations/Problem05_label43+token_ring.04.cil-2.yml	false	OUT OF MEMORY	268.730031376	229.1322021879896	15000.170496	cloud-23944	OUT OF MEMORY	577.790154323	505.0010253979999	15000.039424	cloud-23933
combinations/Problem05_label43+token_ring.05.cil-1.yml	true	OUT OF MEMORY	342.382674325	296.39097719599886	15000.043520	cloud-24441	OUT OF MEMORY	389.052495658	335.4373811260011	15000.043520	cloud-24261
combinations/Problem05_label43+token_ring.05.cil-2.yml	false	OUT OF MEMORY	265.474636171	225.90076229098486	15000.170496	cloud-23940	OUT OF MEMORY	396.640482825	336.5459664890004	15000.035328	cloud-24261
combinations/Problem05_label43+token_ring.06.cil-1.yml	false	OUT OF MEMORY	354.961459044	307.5726573889988	15000.055808	cloud-24679	OUT OF MEMORY	417.351526131	363.83072721400094	15000.043520	cloud-24261
combinations/Problem05_label43+token_ring.06.cil-2.yml	true	OUT OF MEMORY	312.85343422	267.943501447	15000.051712	cloud-24678	OUT OF MEMORY	413.170793065	354.3794636860039	15000.043520	cloud-24261
combinations/Problem05_label43+token_ring.07.cil-1.yml	true	OUT OF MEMORY	273.901888838	235.37419459800003	15000.158208	cloud-23940	OUT OF MEMORY	445.561868023	392.4099806869999	15000.043520	cloud-24261
combinations/Problem05_label43+token_ring.07.cil-2.yml	false	OUT OF MEMORY	241.245723147	207.21680800401373	15000.174592	cloud-23939	OUT OF MEMORY	497.506334553	432.43032710199986	15000.043520	cloud-23933
combinations/Problem05_label43+token_ring.08.cil-1.yml	true	OUT OF MEMORY	317.191429964	276.8263147350226	15000.170496	cloud-23941	OUT OF MEMORY	555.069446306	487.31433704699884	15000.043520	cloud-24261
combinations/Problem05_label43+token_ring.08.cil-2.yml	false	OUT OF MEMORY	321.605651507	275.0219466140006	15000.047616	cloud-24679	OUT OF MEMORY	357.157027527	311.5898142560036	15000.158208	cloud-23941
combinations/Problem05_label43+token_ring.09.cil-1.yml	true	OUT OF MEMORY	379.78907453	336.1462384709994	15000.051712	cloud-24678	OUT OF MEMORY	503.2118427	447.7144475370005	15000.043520	cloud-24261
combinations/Problem05_label43+token_ring.09.cil-2.yml	false	OUT OF MEMORY	355.657490484	311.44280463200084	15000.039424	cloud-24642	OUT OF MEMORY	498.329068444	441.3478596500063	15000.043520	cloud-24261
combinations/Problem05_label43+token_ring.10.cil-1.yml	false	OUT OF MEMORY	348.257523245	305.65506399900187	15000.166400	cloud-23941	OUT OF MEMORY	498.421583345	442.926687758998	15000.043520	cloud-24261
combinations/Problem05_label43+token_ring.10.cil-2.yml	true	OUT OF MEMORY	285.736634596	249.4941277979815	15000.174592	cloud-23939	OUT OF MEMORY	405.051994297	352.5977157919988	15000.166400	cloud-23939
combinations/Problem05_label43+token_ring.11.cil-1.yml	false	OUT OF MEMORY	297.007085545	261.3165681770188	15000.162304	cloud-23942	OUT OF MEMORY	447.551962565	391.70345303600334	15000.166400	cloud-23939
combinations/Problem05_label43+token_ring.11.cil-2.yml	true	OUT OF MEMORY	324.812458231	285.85559106699657	15000.158208	cloud-23940	OUT OF MEMORY	620.153837681	549.8679943519965	15000.043520	cloud-24261
combinations/Problem05_label43+token_ring.12.cil-1.yml	false	OUT OF MEMORY	431.526362923	387.93083359700177	15000.043520	cloud-24642	OUT OF MEMORY	422.0240712	374.51571461500134	15000.166400	cloud-23944
combinations/Problem05_label43+token_ring.12.cil-2.yml	true	OUT OF MEMORY	477.118688286	429.1348018709996	15000.055808	cloud-24441	OUT OF MEMORY	536.682431291	477.73021708899614	15000.031232	cloud-24261
combinations/Problem05_label43+token_ring.13.cil-1.yml	false	OUT OF MEMORY	399.007843973	359.761706802994	15000.166400	cloud-23940	OUT OF MEMORY	467.020331908	416.080548842001	15000.166400	cloud-23940
combinations/Problem05_label43+token_ring.13.cil-2.yml	true	OUT OF MEMORY	396.679804587	355.9005014800059	15000.166400	cloud-23943	OUT OF MEMORY	489.61732526	435.76498751200415	15000.166400	cloud-23944
combinations/Problem05_label43+token_ring.14.cil.yml	false	OUT OF MEMORY	402.300130746	359.6100841619991	15000.055808	cloud-24678	OUT OF MEMORY	492.388616064	442.221916702998	15000.158208	cloud-23940
combinations/Problem05_label43+token_ring.15.cil.yml	false	OUT OF MEMORY	340.170609729	302.874517069984	15000.158208	cloud-23940	OUT OF MEMORY	448.914349783	404.209939069995	15000.158208	cloud-23943
combinations/Problem05_label44+token_ring.01.cil-1.yml	false	OUT OF MEMORY	211.809377313	173.76517509497353	15000.174592	cloud-23941	OUT OF MEMORY	299.558723859	249.48984103199473	15000.166400	cloud-23943
combinations/Problem05_label44+token_ring.02.cil-1.yml	false	OUT OF MEMORY	251.676344443	212.20302055799766	15000.043520	cloud-24441	OUT OF MEMORY	433.545047226	374.12440079599764	15000.035328	cloud-24261
combinations/Problem05_label44+token_ring.03.cil-2.yml	false	OUT OF MEMORY	233.648067467	198.66675646899967	15000.158208	cloud-23940	OUT OF MEMORY	354.760706816	299.70896208699924	15000.035328	cloud-24261
combinations/Problem05_label44+token_ring.04.cil-1.yml	false	OUT OF MEMORY	288.802910003	244.50650011299876	15000.174592	cloud-23941	OUT OF MEMORY	291.03299342	246.85956643700047	15000.166400	cloud-23943
combinations/Problem05_label44+token_ring.05.cil-1.yml	false	OUT OF MEMORY	277.767323796	236.67192401801003	15000.174592	cloud-23944	OUT OF MEMORY	292.810774723	248.57370825300313	15000.166400	cloud-23943
combinations/Problem05_label44+token_ring.06.cil-2.yml	false	OUT OF MEMORY	244.164991931	205.82296346800285	15000.174592	cloud-23940	OUT OF MEMORY	374.781445098	327.3185560139973	15000.166400	cloud-23941
combinations/Problem05_label44+token_ring.07.cil-1.yml	false	OUT OF MEMORY	330.307989341	287.42558010799985	15000.043520	cloud-24642	OUT OF MEMORY	425.587586421	371.82091613299997	15000.043520	cloud-23979
combinations/Problem05_label44+token_ring.08.cil-1.yml	false	OUT OF MEMORY	334.525024739	290.6431737259991	15000.047616	cloud-24678	OUT OF MEMORY	470.744129985	409.231366247	15000.043520	cloud-24276
combinations/Problem05_label44+token_ring.09.cil-1.yml	false	OUT OF MEMORY	327.372040971	284.36217707101605	15000.174592	cloud-23941	OUT OF MEMORY	356.679412215	315.16390785099065	15000.166400	cloud-23943
combinations/Problem05_label44+token_ring.10.cil-2.yml	false	OUT OF MEMORY	287.750425662	252.84529715200188	15000.174592	cloud-23942	OUT OF MEMORY	359.798389464	319.8531739789978	15000.158208	cloud-23943
combinations/Problem05_label44+token_ring.11.cil-2.yml	false	OUT OF MEMORY	417.968498182	371.2707867629997	15000.051712	cloud-24441	OUT OF MEMORY	425.947990051	377.70800526100356	15000.162304	cloud-23943
combinations/Problem05_label44+token_ring.12.cil-2.yml	false	OUT OF MEMORY	422.374730341	378.4103599770024	15000.039424	cloud-24441	OUT OF MEMORY	641.84799089	572.1781487179978	15000.039424	cloud-24261
combinations/Problem05_label44+token_ring.13.cil-2.yml	false	OUT OF MEMORY	481.611371596	431.118233661	15000.043520	cloud-24441	OUT OF MEMORY	535.893644015	478.0616455719937	15000.039424	cloud-24261
combinations/Problem05_label45+token_ring.01.cil-1.yml	true	OUT OF MEMORY	223.355159665	188.85166147799464	15000.158208	cloud-23939	OUT OF MEMORY	331.997079366	279.0471974090033	15000.043520	cloud-24261
combinations/Problem05_label45+token_ring.01.cil-2.yml	false	OUT OF MEMORY	300.492466465	247.64511193900034	15000.043520	cloud-24441	OUT OF MEMORY	303.443880197	250.75598533800076	15000.043520	cloud-24261
combinations/Problem05_label45+token_ring.02.cil-1.yml	true	OUT OF MEMORY	261.674289176	216.6128017739975	15000.039424	cloud-24441	OUT OF MEMORY	379.302199251	325.5352360950001	15000.166400	cloud-23940
combinations/Problem05_label45+token_ring.02.cil-2.yml	false	OUT OF MEMORY	255.701292125	212.6409476030003	15000.039424	cloud-24678	OUT OF MEMORY	356.195875505	298.9930342840016	15000.039424	cloud-23979
combinations/Problem05_label45+token_ring.03.cil-1.yml	false	OUT OF MEMORY	274.299314032	227.30468193200068	15000.043520	cloud-24679	OUT OF MEMORY	283.228544247	237.0714948609966	15000.154112	cloud-23939
combinations/Problem05_label45+token_ring.03.cil-2.yml	true	OUT OF MEMORY	270.753918579	228.38943519900204	15000.043520	cloud-24642	OUT OF MEMORY	413.801400637	355.0650100019993	15000.043520	cloud-23933
combinations/Problem05_label45+token_ring.04.cil-1.yml	true	OUT OF MEMORY	227.654249682	196.90838964298018	15000.166400	cloud-23941	OUT OF MEMORY	360.523014878	307.96695031299896	15000.043520	cloud-24261
combinations/Problem05_label45+token_ring.04.cil-2.yml	false	OUT OF MEMORY	246.984549456	213.97725568100577	15000.170496	cloud-23942	OUT OF MEMORY	312.030950315	263.9436797990056	15000.383488	cloud-23942
combinations/Problem05_label45+token_ring.05.cil-1.yml	true	OUT OF MEMORY	306.676448629	262.29490849599824	15000.174592	cloud-23944	OUT OF MEMORY	389.61454401	336.7626170709991	15000.043520	cloud-23979
combinations/Problem05_label45+token_ring.05.cil-2.yml	false	OUT OF MEMORY	275.710636823	232.09318447299302	15000.158208	cloud-23944	OUT OF MEMORY	479.667180186	417.20141645900003	15000.043520	cloud-23933
combinations/Problem05_label45+token_ring.06.cil-1.yml	false	OUT OF MEMORY	249.66087897	212.27327864299878	15000.170496	cloud-23941	OUT OF MEMORY	312.806259441	268.61247341400303	15000.162304	cloud-23944
combinations/Problem05_label45+token_ring.06.cil-2.yml	true	OUT OF MEMORY	309.755206706	266.57609740599946	15000.043520	cloud-24678	OUT OF MEMORY	302.698969202	260.06922447599936	15000.158208	cloud-23943
combinations/Problem05_label45+token_ring.07.cil-1.yml	true	OUT OF MEMORY	324.187866389	280.57825811300063	15000.051712	cloud-24678	OUT OF MEMORY	418.406806054	361.504110048998	15000.043520	cloud-24261
combinations/Problem05_label45+token_ring.07.cil-2.yml	false	OUT OF MEMORY	315.005453375	271.32421488199907	15000.039424	cloud-24679	OUT OF MEMORY	329.316839063	284.39200810300827	15000.166400	cloud-23943
combinations/Problem05_label45+token_ring.08.cil-1.yml	true	OUT OF MEMORY	338.056473216	295.0690497869982	15000.047616	cloud-24441	OUT OF MEMORY	396.525460649	346.9554472650052	15000.158208	cloud-23939
combinations/Problem05_label45+token_ring.08.cil-2.yml	false	OUT OF MEMORY	351.641151657	305.20688842899835	15000.043520	cloud-24642	OUT OF MEMORY	483.484205062	425.4609455360005	15000.035328	cloud-24261
combinations/Problem05_label45+token_ring.09.cil-1.yml	true	OUT OF MEMORY	340.72787493	299.5361982180002	15000.047616	cloud-24678	OUT OF MEMORY	471.98051594	419.6832023799943	15000.039424	cloud-24261
combinations/Problem05_label45+token_ring.09.cil-2.yml	false	OUT OF MEMORY	328.762683181	286.8191922889964	15000.158208	cloud-23941	OUT OF MEMORY	354.67182114	311.9158637069995	15000.162304	cloud-23943
combinations/Problem05_label45+token_ring.10.cil-1.yml	false	OUT OF MEMORY	390.854800325	343.7158767589972	15000.043520	cloud-24441	OUT OF MEMORY	362.966682953	318.1389528459986	15000.166400	cloud-23943
combinations/Problem05_label45+token_ring.10.cil-2.yml	true	OUT OF MEMORY	300.854732506	262.40867858499405	15000.162304	cloud-23941	OUT OF MEMORY	436.115403235	381.043645386002	15000.162304	cloud-23939
combinations/Problem05_label45+token_ring.11.cil-1.yml	false	OUT OF MEMORY	398.308029052	352.2297586700006	15000.055808	cloud-24642	OUT OF MEMORY	537.841009279	479.97341850400335	15000.043520	cloud-24261
combinations/Problem05_label45+token_ring.11.cil-2.yml	true	OUT OF MEMORY	387.851337408	342.5335432489992	15000.051712	cloud-24678	OUT OF MEMORY	382.323326924	336.1625776389992	15000.166400	cloud-23943
combinations/Problem05_label45+token_ring.12.cil-1.yml	false	OUT OF MEMORY	431.966543325	385.71729026999947	15000.051712	cloud-24678	OUT OF MEMORY	458.407723438	407.95065122099913	15000.166400	cloud-23942
combinations/Problem05_label45+token_ring.12.cil-2.yml	true	OUT OF MEMORY	377.730757422	334.7186795460002	15000.174592	cloud-23943	OUT OF MEMORY	739.714520099	665.2089528460056	15000.047616	cloud-23933
combinations/Problem05_label45+token_ring.13.cil-1.yml	false	OUT OF MEMORY	426.294084227	384.3302195289871	15000.166400	cloud-23943	OUT OF MEMORY	668.673171919	602.0004987139982	15000.043520	cloud-24261
combinations/Problem05_label45+token_ring.13.cil-2.yml	true	OUT OF MEMORY	437.14297933	395.3305966089829	15000.162304	cloud-23941	OUT OF MEMORY	555.844135265	499.16305077700235	15000.043520	cloud-24261
combinations/Problem05_label45+token_ring.14.cil.yml	false	OUT OF MEMORY	423.023514227	376.93397706799806	15000.051712	cloud-24441	OUT OF MEMORY	612.508356695	549.7335674419955	15000.043520	cloud-23933
combinations/Problem05_label45+token_ring.15.cil.yml	false	OUT OF MEMORY	411.117876722	366.3025146299915	15000.170496	cloud-23943	OUT OF MEMORY	483.854829316	430.0746382770012	15000.166400	cloud-23942
combinations/Problem05_label46+token_ring.01.cil-1.yml	true	OUT OF MEMORY	245.023969522	201.91020415100138	15000.043520	cloud-24678	OUT OF MEMORY	331.798772616	280.2245366999996	15000.039424	cloud-24261
combinations/Problem05_label46+token_ring.01.cil-2.yml	false	OUT OF MEMORY	237.919536924	196.8340238919991	15000.055808	cloud-24642	OUT OF MEMORY	301.128931061	251.74868567299563	15000.158208	cloud-23939
combinations/Problem05_label46+token_ring.02.cil-1.yml	true	OUT OF MEMORY	206.356287713	171.76010872100596	15000.162304	cloud-23942	OUT OF MEMORY	308.868232715	259.2087128800049	15000.166400	cloud-23944
combinations/Problem05_label46+token_ring.02.cil-2.yml	false	OUT OF MEMORY	252.031846291	211.09224905500014	15000.043520	cloud-24642	OUT OF MEMORY	338.841255099	282.3680647010042	15000.035328	cloud-24261
combinations/Problem05_label46+token_ring.03.cil-1.yml	false	OUT OF MEMORY	280.10193336	239.33879480900214	15000.043520	cloud-24441	OUT OF MEMORY	392.60427241	333.7396213200045	15000.043520	cloud-24261
combinations/Problem05_label46+token_ring.03.cil-2.yml	true	OUT OF MEMORY	283.744570835	242.38204671200037	15000.043520	cloud-24642	OUT OF MEMORY	308.408890599	263.1287827789929	15000.162304	cloud-23944
combinations/Problem05_label46+token_ring.04.cil-1.yml	true	OUT OF MEMORY	294.00078547	248.84204443902127	15000.166400	cloud-23943	OUT OF MEMORY	339.871822682	286.8837070690024	15000.043520	cloud-24261
combinations/Problem05_label46+token_ring.04.cil-2.yml	false	OUT OF MEMORY	273.943819728	230.00122611199913	15000.043520	cloud-24441	OUT OF MEMORY	310.596529595	264.5885014969972	15000.158208	cloud-23939
combinations/Problem05_label46+token_ring.05.cil-1.yml	true	OUT OF MEMORY	298.649771142	255.90885281599913	15000.055808	cloud-24642	OUT OF MEMORY	343.435828864	295.6028202309999	15000.154112	cloud-23942
combinations/Problem05_label46+token_ring.05.cil-2.yml	false	OUT OF MEMORY	303.31419007	258.5525723190003	15000.043520	cloud-24642	OUT OF MEMORY	463.699083688	399.0085618279991	15000.039424	cloud-23933
combinations/Problem05_label46+token_ring.06.cil-1.yml	false	OUT OF MEMORY	275.83798197	234.38397254500887	15000.166400	cloud-23943	OUT OF MEMORY	451.647359589	391.89836133100005	15000.043520	cloud-23979
combinations/Problem05_label46+token_ring.06.cil-2.yml	true	OUT OF MEMORY	305.059745635	262.2699219310016	15000.047616	cloud-24441	OUT OF MEMORY	316.693592863	273.34104836899496	15000.166400	cloud-23943
combinations/Problem05_label46+token_ring.07.cil-1.yml	true	OUT OF MEMORY	275.583594847	239.07857866599807	15000.166400	cloud-23939	OUT OF MEMORY	328.490304823	285.97251418899396	15000.158208	cloud-23943
combinations/Problem05_label46+token_ring.07.cil-2.yml	false	OUT OF MEMORY	331.633345839	289.39277060000313	15000.051712	cloud-24678	OUT OF MEMORY	396.120144857	338.1107456549944	15000.043520	cloud-24261
combinations/Problem05_label46+token_ring.08.cil-1.yml	true	OUT OF MEMORY	340.383151942	296.1208592059993	15000.047616	cloud-24441	OUT OF MEMORY	341.960851981	297.82028988099773	15000.166400	cloud-23944
combinations/Problem05_label46+token_ring.08.cil-2.yml	false	OUT OF MEMORY	370.069464655	324.9388185340031	15000.047616	cloud-24679	OUT OF MEMORY	417.823834493	367.20416004899744	15000.162304	cloud-23939
combinations/Problem05_label46+token_ring.09.cil-1.yml	true	OUT OF MEMORY	359.09212094	316.1695631820003	15000.043520	cloud-24642	OUT OF MEMORY	547.88156137	486.9181896539958	15000.035328	cloud-23933
combinations/Problem05_label46+token_ring.09.cil-2.yml	false	OUT OF MEMORY	368.602490998	325.7265174860004	15000.043520	cloud-24642	OUT OF MEMORY	434.446287942	378.301842158995	15000.166400	cloud-23942
combinations/Problem05_label46+token_ring.10.cil-1.yml	false	OUT OF MEMORY	404.248820804	356.48825039000076	15000.043520	cloud-24679	OUT OF MEMORY	496.961509716	439.4085737540008	15000.039424	cloud-24261
combinations/Problem05_label46+token_ring.10.cil-2.yml	true	OUT OF MEMORY	279.80060023	244.2164727700001	15000.174592	cloud-23939	OUT OF MEMORY	489.310876675	432.3632806710011	15000.035328	cloud-23979
combinations/Problem05_label46+token_ring.11.cil-1.yml	false	OUT OF MEMORY	402.204297124	354.8253665209995	15000.043520	cloud-24678	OUT OF MEMORY	554.310588734	490.2010740369951	15000.043520	cloud-24261
combinations/Problem05_label46+token_ring.11.cil-2.yml	true	OUT OF MEMORY	413.481015892	368.1764990909978	15000.051712	cloud-24642	OUT OF MEMORY	474.469600157	413.97465355599707	15000.162304	cloud-23942
combinations/Problem05_label46+token_ring.12.cil-1.yml	false	OUT OF MEMORY	395.212767597	350.9299723030126	15000.170496	cloud-23944	OUT OF MEMORY	413.310615583	363.34759624999424	15000.166400	cloud-23939
combinations/Problem05_label46+token_ring.12.cil-2.yml	true	OUT OF MEMORY	428.49017668	383.3743941150001	15000.043520	cloud-24441	OUT OF MEMORY	624.782952747	560.0594440069999	15000.043520	cloud-23979
combinations/Problem05_label46+token_ring.13.cil-1.yml	false	OUT OF MEMORY	495.619334058	448.4857616099998	15000.047616	cloud-24678	OUT OF MEMORY	648.216639454	582.3311370879965	15000.039424	cloud-24261
combinations/Problem05_label46+token_ring.13.cil-2.yml	true	OUT OF MEMORY	410.704393625	368.0541419009969	15000.170496	cloud-23943	OUT OF MEMORY	542.589964758	489.25522427200485	15000.158208	cloud-23940
combinations/Problem05_label46+token_ring.14.cil.yml	false	OUT OF MEMORY	428.545886885	382.29584421099935	15000.047616	cloud-24678	OUT OF MEMORY	489.114934795	436.67728850899584	15000.043520	cloud-23979
combinations/Problem05_label46+token_ring.15.cil.yml	false	OUT OF MEMORY	453.940133731	407.657139040999	15000.043520	cloud-24642	OUT OF MEMORY	521.783501646	464.84195079500205	15000.158208	cloud-23942
combinations/Problem05_label47+token_ring.01.cil-1.yml	false	OUT OF MEMORY	240.844788962	197.3664028789999	15000.043520	cloud-24441	OUT OF MEMORY	560.409285726	481.517590124	15000.043520	cloud-24259
combinations/Problem05_label47+token_ring.02.cil-1.yml	false	OUT OF MEMORY	253.526538611	209.85891922599967	15000.047616	cloud-24679	OUT OF MEMORY	315.279298762	259.9421435749973	15000.043520	cloud-23979
combinations/Problem05_label47+token_ring.03.cil-2.yml	false	OUT OF MEMORY	281.096393252	239.508957172	15000.051712	cloud-24678	OUT OF MEMORY	269.483703954	226.48615415098902	15000.170496	cloud-23944
combinations/Problem05_label47+token_ring.04.cil-1.yml	false	OUT OF MEMORY	277.994966185	235.70535495999866	15000.039424	cloud-24642	OUT OF MEMORY	410.618639766	356.81554272400535	15000.039424	cloud-23979
combinations/Problem05_label47+token_ring.05.cil-1.yml	false	OUT OF MEMORY	291.38635779	249.18553305001114	15000.178688	cloud-23943	OUT OF MEMORY	369.651626582	316.9539817860059	15000.043520	cloud-24261
combinations/Problem05_label47+token_ring.06.cil-2.yml	false	OUT OF MEMORY	303.121466849	264.3800022840005	15000.047616	cloud-24642	OUT OF MEMORY	404.632850324	345.4554067889985	15000.039424	cloud-24261
combinations/Problem05_label47+token_ring.07.cil-1.yml	false	OUT OF MEMORY	312.391427025	268.28559417400174	15000.051712	cloud-24441	OUT OF MEMORY	323.354973435	280.9860096880002	15000.154112	cloud-23943
combinations/Problem05_label47+token_ring.08.cil-1.yml	false	OUT OF MEMORY	303.251265261	263.06554596099886	15000.170496	cloud-23943	OUT OF MEMORY	341.759575295	296.09833923999395	15000.162304	cloud-23943
combinations/Problem05_label47+token_ring.09.cil-1.yml	false	OUT OF MEMORY	397.442779988	348.99707774299895	15000.047616	cloud-24441	OUT OF MEMORY	400.157835439	348.4349861689989	15000.162304	cloud-23942
combinations/Problem05_label47+token_ring.10.cil-2.yml	false	OUT OF MEMORY	384.784229926	341.06448419799926	15000.047616	cloud-24642	OUT OF MEMORY	606.09091141	542.6523468739979	15000.039424	cloud-23979
combinations/Problem05_label47+token_ring.11.cil-2.yml	false	OUT OF MEMORY	406.708778455	361.53011591000177	15000.051712	cloud-24679	OUT OF MEMORY	654.757888367	584.0015250469951	15000.043520	cloud-23979
combinations/Problem05_label47+token_ring.12.cil-2.yml	false	OUT OF MEMORY	403.49476525	358.37077162999776	15000.047616	cloud-24441	OUT OF MEMORY	637.797610521	579.5183667829988	15000.043520	cloud-23979
combinations/Problem05_label47+token_ring.13.cil-2.yml	false	OUT OF MEMORY	464.692702288	416.9780480779991	15000.043520	cloud-24642	OUT OF MEMORY	514.896627049	463.1886296770026	15000.039424	cloud-23979
combinations/Problem05_label48+token_ring.01.cil-1.yml	false	OUT OF MEMORY	253.229431244	211.67565164199914	15000.051712	cloud-24678	OUT OF MEMORY	260.698602934	216.20514108399948	15000.162304	cloud-23943
combinations/Problem05_label48+token_ring.02.cil-1.yml	false	OUT OF MEMORY	242.498111173	199.916922780998	15000.039424	cloud-24678	OUT OF MEMORY	425.674808188	365.88686839300135	15000.039424	cloud-24261
combinations/Problem05_label48+token_ring.03.cil-2.yml	false	OUT OF MEMORY	237.697127542	200.4164079389884	15000.174592	cloud-23941	OUT OF MEMORY	268.282443806	225.126811782	15000.158208	cloud-23943
combinations/Problem05_label48+token_ring.04.cil-1.yml	false	OUT OF MEMORY	253.998924602	213.60950311998022	15000.174592	cloud-23941	OUT OF MEMORY	319.468583285	273.81611114800035	15000.166400	cloud-23943
combinations/Problem05_label48+token_ring.05.cil-1.yml	false	OUT OF MEMORY	268.912736004	227.09040523300064	15000.158208	cloud-23941	OUT OF MEMORY	415.849503333	354.1894768380007	15000.043520	cloud-24261
combinations/Problem05_label48+token_ring.06.cil-2.yml	false	OUT OF MEMORY	244.885310029	206.90533445501933	15000.174592	cloud-23942	OUT OF MEMORY	411.363293507	357.6248121430035	15000.039424	cloud-23979
combinations/Problem05_label48+token_ring.07.cil-1.yml	false	OUT OF MEMORY	350.5359121	303.5677178349979	15000.043520	cloud-24679	OUT OF MEMORY	508.335760163	445.17066291000083	15000.039424	cloud-23933
combinations/Problem05_label48+token_ring.08.cil-1.yml	false	OUT OF MEMORY	330.762226566	287.4261742919989	15000.043520	cloud-24678	OUT OF MEMORY	444.803209111	385.8317603329997	15000.035328	cloud-24261
combinations/Problem05_label48+token_ring.09.cil-1.yml	false	OUT OF MEMORY	300.040328953	262.696128829004	15000.166400	cloud-23941	OUT OF MEMORY	466.73992908	411.9063692510026	15000.039424	cloud-23979
combinations/Problem05_label48+token_ring.10.cil-2.yml	false	OUT OF MEMORY	386.691287423	342.349708466998	15000.051712	cloud-24679	OUT OF MEMORY	532.099798787	471.95559264099575	15000.043520	cloud-24261
combinations/Problem05_label48+token_ring.11.cil-2.yml	false	OUT OF MEMORY	386.33776402	341.32030413399843	15000.043520	cloud-24678	OUT OF MEMORY	787.610141691	714.786345078006	15000.039424	cloud-24259
combinations/Problem05_label48+token_ring.12.cil-2.yml	false	OUT OF MEMORY	392.617674008	350.43193168201833	15000.162304	cloud-23944	OUT OF MEMORY	577.059975882	518.4570709730033	15000.043520	cloud-23933
combinations/Problem05_label48+token_ring.13.cil-2.yml	false	OUT OF MEMORY	445.705118134	401.08991126399997	15000.047616	cloud-24642	OUT OF MEMORY	568.316534246	509.90946477800026	15000.035328	cloud-24261
combinations/Problem05_label49+token_ring.01.cil-1.yml	true	OUT OF MEMORY	264.529638947	219.36317601700102	15000.043520	cloud-24441	OUT OF MEMORY	314.277820907	266.7109333269982	15000.162304	cloud-23940
combinations/Problem05_label49+token_ring.01.cil-2.yml	false	OUT OF MEMORY	232.634721666	193.58896050199837	15000.035328	cloud-24678	OUT OF MEMORY	255.313171962	212.93419351099874	15000.158208	cloud-23943
combinations/Problem05_label49+token_ring.02.cil-1.yml	true	OUT OF MEMORY	273.513026203	229.57117633600137	15000.051712	cloud-24441	OUT OF MEMORY	430.564219829	366.96844164699996	15000.043520	cloud-24276
combinations/Problem05_label49+token_ring.02.cil-2.yml	false	OUT OF MEMORY	247.910258327	202.5044508000001	15000.285184	cloud-24679	OUT OF MEMORY	296.589839317	252.03754509099963	15000.162304	cloud-23944
combinations/Problem05_label49+token_ring.03.cil-1.yml	false	OUT OF MEMORY	288.87095966	242.43899211400276	15000.051712	cloud-24441	OUT OF MEMORY	497.821872832	428.12746125899866	15000.043520	cloud-24259
combinations/Problem05_label49+token_ring.03.cil-2.yml	true	OUT OF MEMORY	276.389894367	232.5215379220026	15000.039424	cloud-24642	OUT OF MEMORY	364.027459665	313.9208682279932	15000.162304	cloud-23939
combinations/Problem05_label49+token_ring.04.cil-1.yml	true	OUT OF MEMORY	293.554913023	249.95631810899977	15000.051712	cloud-24679	OUT OF MEMORY	443.840194661	391.98503991899634	15000.043520	cloud-24261
combinations/Problem05_label49+token_ring.04.cil-2.yml	false	OUT OF MEMORY	304.602012706	263.5370636589978	15000.051712	cloud-24678	OUT OF MEMORY	410.800604753	351.731201953	15000.043520	cloud-24261
combinations/Problem05_label49+token_ring.05.cil-1.yml	true	OUT OF MEMORY	300.925078356	256.6520769239978	15000.039424	cloud-24642	OUT OF MEMORY	358.241889747	308.27309751899884	15000.166400	cloud-23940
combinations/Problem05_label49+token_ring.05.cil-2.yml	false	OUT OF MEMORY	267.390811442	226.6756850219972	15000.174592	cloud-23944	OUT OF MEMORY	310.722145875	263.37461192599585	15000.166400	cloud-23944
combinations/Problem05_label49+token_ring.06.cil-1.yml	false	OUT OF MEMORY	238.36237726	202.02852232102305	15000.174592	cloud-23940	OUT OF MEMORY	324.54314902	280.85753843799466	15000.166400	cloud-23939
combinations/Problem05_label49+token_ring.06.cil-2.yml	true	OUT OF MEMORY	229.970206873	196.32110703800572	15000.178688	cloud-23942	OUT OF MEMORY	337.293758908	290.28002686600666	15000.162304	cloud-23941
combinations/Problem05_label49+token_ring.07.cil-1.yml	true	OUT OF MEMORY	345.348980715	297.89278024399937	15000.051712	cloud-24441	OUT OF MEMORY	423.49071172	366.71611223599757	15000.043520	cloud-24261
combinations/Problem05_label49+token_ring.07.cil-2.yml	false	OUT OF MEMORY	258.870507819	222.56473633702262	15000.170496	cloud-23942	OUT OF MEMORY	427.275424321	367.48700299300253	15000.043520	cloud-23979
combinations/Problem05_label49+token_ring.08.cil-1.yml	true	OUT OF MEMORY	250.408635264	214.9535187309957	15000.162304	cloud-23942	OUT OF MEMORY	601.696056329	530.3973741139998	15000.031232	cloud-23933
combinations/Problem05_label49+token_ring.08.cil-2.yml	false	OUT OF MEMORY	347.739065709	301.7014959500011	15000.051712	cloud-24679	OUT OF MEMORY	540.73941968	476.8336558240044	15000.043520	cloud-23933
combinations/Problem05_label49+token_ring.09.cil-1.yml	true	OUT OF MEMORY	371.930214803	327.43029486900195	15000.043520	cloud-24441	OUT OF MEMORY	477.179908802	419.99180772100226	15000.039424	cloud-24261
combinations/Problem05_label49+token_ring.09.cil-2.yml	false	OUT OF MEMORY	360.094775681	317.81279631100006	15000.051712	cloud-24678	OUT OF MEMORY	475.599929751	421.8842290100001	15000.043520	cloud-23979
combinations/Problem05_label49+token_ring.10.cil-1.yml	false	OUT OF MEMORY	366.591631228	322.03197583600195	15000.043520	cloud-24678	OUT OF MEMORY	454.799280888	394.50442959200154	15000.035328	cloud-24261
combinations/Problem05_label49+token_ring.10.cil-2.yml	true	OUT OF MEMORY	326.792093445	286.86524018098135	15000.154112	cloud-23940	OUT OF MEMORY	473.99043552	416.7368056129999	15000.035328	cloud-24261
combinations/Problem05_label49+token_ring.11.cil-1.yml	false	OUT OF MEMORY	378.704620832	334.69893105200026	15000.174592	cloud-23941	OUT OF MEMORY	416.339908918	365.1413253549981	15000.158208	cloud-23940
combinations/Problem05_label49+token_ring.11.cil-2.yml	true	OUT OF MEMORY	318.599074965	279.4784582610009	15000.166400	cloud-23941	OUT OF MEMORY	501.876130468	445.3687020290017	15000.043520	cloud-24261
combinations/Problem05_label49+token_ring.12.cil-1.yml	false	OUT OF MEMORY	419.643801162	375.3996410990003	15000.051712	cloud-24441	OUT OF MEMORY	520.810039142	464.5394494619977	15000.043520	cloud-24261
combinations/Problem05_label49+token_ring.12.cil-2.yml	true	OUT OF MEMORY	306.070019639	269.07952972099883	15000.166400	cloud-23939	OUT OF MEMORY	467.239246236	414.76611721600057	15000.166400	cloud-23942
combinations/Problem05_label49+token_ring.13.cil-1.yml	false	OUT OF MEMORY	352.390106228	311.9006613029924	15000.178688	cloud-23940	OUT OF MEMORY	513.440278981	460.5471615599963	15000.162304	cloud-23944
combinations/Problem05_label49+token_ring.13.cil-2.yml	true	OUT OF MEMORY	437.70299668	393.5723533269993	15000.043520	cloud-24441	OUT OF MEMORY	582.729752205	525.6809631490032	15000.043520	cloud-24261
combinations/Problem05_label49+token_ring.14.cil.yml	false	OUT OF MEMORY	455.957423998	407.4426943469989	15000.051712	cloud-24679	OUT OF MEMORY	731.655761398	664.9999939400004	15000.043520	cloud-24259
combinations/Problem05_label49+token_ring.15.cil.yml	false	OUT OF MEMORY	464.998191137	417.34710676199984	15000.039424	cloud-24642	OUT OF MEMORY	843.433146506	764.6324846989992	15000.043520	cloud-23933
combinations/gcd_1+newton_1_1.yml	true	TIMEOUT	990.33083353	978.4847599490004	2891.087872	cloud-24678	ERROR (solver error, after parsing finished)	733.894267141	720.4157630390037	2847.580160	cloud-23933
combinations/gcd_1+newton_1_2.yml	true	TIMEOUT	990.343841781	979.1426688909999	2886.873088	cloud-24678	ERROR (solver error, after parsing finished)	728.411449553	717.0514078219985	2810.044416	cloud-23979
combinations/gcd_1+newton_1_3.yml	true	TIMEOUT	990.429093489	979.6478084230002	2980.683776	cloud-24441	ERROR (solver error, after parsing finished)	731.840698673	719.7347385900066	2839.339008	cloud-23933
combinations/gcd_1+newton_1_4.yml	false	TIMEOUT	990.418366789	980.5247267719997	3118.813184	cloud-24642	ERROR (solver error, after parsing finished)	733.635917343	721.3935855040036	2847.649792	cloud-24259
combinations/gcd_1+newton_1_5.yml	false	TIMEOUT	990.291278413	979.5657318079902	3019.370496	cloud-23941	ERROR (solver error, after parsing finished)	728.518394888	717.5718170339997	2873.180160	cloud-23979
combinations/gcd_1+newton_1_6.yml	false	TIMEOUT	990.407823541	979.9902909280008	2896.240640	cloud-24642	ERROR (solver error, after parsing finished)	733.045838612	720.666612735	2870.521856	cloud-24259
combinations/gcd_1+newton_1_7.yml	false	TIMEOUT	990.292462355	980.6840581050001	2964.172800	cloud-24642	ERROR (solver error, after parsing finished)	731.752882732	719.0925847419994	2860.183552	cloud-23933
combinations/gcd_1+newton_1_8.yml	false	TIMEOUT	990.324737936	980.2571080779999	2916.392960	cloud-24642	ERROR (server error, after parsing finished)	735.837149395	721.9452856709977	2853.199872	cloud-23933
combinations/gcd_1+newton_2_1.yml	true	TIMEOUT	990.41375332	978.5310919700005	4898.500608	cloud-24679	ERROR (solver error, after parsing finished)	728.517210381	716.0068710599999	1701.421056	cloud-23933
combinations/gcd_1+newton_2_2.yml	true	TIMEOUT	990.360851591	980.6305286270003	4878.196736	cloud-24642	ERROR (solver error, after parsing finished)	731.401059195	718.0981110639987	1678.962688	cloud-23933
combinations/gcd_1+newton_2_3.yml	true	TIMEOUT	990.328634705	980.2348501730012	4853.846016	cloud-23943	ERROR (solver error, after parsing finished)	729.188304947	716.8468202219956	1674.424320	cloud-24259
combinations/gcd_1+newton_2_4.yml	true	TIMEOUT	990.418876013	977.6521601520008	4794.585088	cloud-24679	ERROR (solver error, after parsing finished)	727.192257538	715.2322680350003	1624.481792	cloud-23933
combinations/gcd_1+newton_2_5.yml	true	TIMEOUT	990.343261586	977.61079855	4874.592256	cloud-24679	ERROR (solver error, after parsing finished)	726.515816147	715.2768025200012	1649.192960	cloud-23933
combinations/gcd_1+newton_2_6.yml	false	TIMEOUT	990.373292161	978.5128641890005	4948.267008	cloud-24679	ERROR (server error, after parsing finished)	733.666695221	719.4873836080005	2371.629056	cloud-23933
combinations/gcd_1+newton_2_7.yml	false	TIMEOUT	990.336313648	980.6325609830092	4949.143552	cloud-23942	ERROR (solver error, after parsing finished)	729.297399797	716.7663066970017	1665.277952	cloud-23933
combinations/gcd_1+newton_2_8.yml	false	TIMEOUT	990.406330174	977.7035514069994	4841.172992	cloud-24679	ERROR (solver error, after parsing finished)	728.053296869	716.2275839389986	1636.368384	cloud-23933
combinations/gcd_1+newton_3_1.yml	true	TIMEOUT	990.579333701	977.7908602440002	3817.037824	cloud-24678	ERROR (solver error, after parsing finished)	727.375223532	715.6646606869981	2116.558848	cloud-23979
combinations/gcd_1+newton_3_2.yml	true	TIMEOUT	990.393065913	979.9466317719998	2707.189760	cloud-24441	ERROR (solver error, after parsing finished)	724.147675781	713.7876242350003	2101.395456	cloud-23939
combinations/gcd_1+newton_3_3.yml	true	TIMEOUT	990.477983345	978.7182489020001	2729.115648	cloud-24678	ERROR (solver error, after parsing finished)	731.927949461	719.9307458559997	2082.848768	cloud-24259
combinations/gcd_1+newton_3_4.yml	true	TIMEOUT	990.350104436	980.9878259699908	2703.290368	cloud-23943	ERROR (solver error, after parsing finished)	732.237161816	718.9805915009993	2051.608576	cloud-23933
combinations/gcd_1+newton_3_5.yml	true	TIMEOUT	990.372650893	980.7367185440003	2764.804096	cloud-24642	ERROR (server error, after parsing finished)	734.352901974	721.0337421079967	2063.761408	cloud-24259
combinations/gcd_1+newton_3_6.yml	false	TIMEOUT	990.361958497	980.426104474	2755.428352	cloud-24642	ERROR (solver error, after parsing finished)	734.977565014	722.6098280579972	2078.654464	cloud-24259
combinations/gcd_1+newton_3_7.yml	false	TIMEOUT	990.366800662	980.0775582860006	2616.995840	cloud-24441	ERROR (solver error, after parsing finished)	725.11021063	715.5423978660001	2048.860160	cloud-23979
combinations/gcd_1+newton_3_8.yml	false	TIMEOUT	990.394423636	980.4507708989995	2585.808896	cloud-24642	ERROR (solver error, after parsing finished)	728.939722239	717.747302188	2104.889344	cloud-23979
combinations/gcd_2+newton_1_1.yml	true	TIMEOUT	990.271704996	980.368128959999	2903.785472	cloud-24642	ERROR (solver error, after parsing finished)	729.68930071	718.5579611339999	2862.948352	cloud-23979
combinations/gcd_2+newton_1_2.yml	true	TIMEOUT	990.267375775	979.7666793360004	2884.591616	cloud-24441	ERROR (solver error, after parsing finished)	729.663703201	717.659887601003	2825.285632	cloud-23979
combinations/gcd_2+newton_1_3.yml	true	TIMEOUT	990.347154913	978.2806747360003	2845.179904	cloud-24678	ERROR (solver error, after parsing finished)	729.544355414	718.5634207149997	2830.757888	cloud-23979
combinations/gcd_2+newton_1_4.yml	false	TIMEOUT	990.469106764	980.2018578669995	2990.092288	cloud-24642	ERROR (solver error, after parsing finished)	734.970825557	722.2544838890026	2841.993216	cloud-24259
combinations/gcd_2+newton_1_5.yml	false	TIMEOUT	990.318838374	980.5846383119988	2963.075072	cloud-24642	ERROR (solver error, after parsing finished)	734.674198232	721.5493904860014	2807.730176	cloud-24259
combinations/gcd_2+newton_1_6.yml	false	TIMEOUT	990.29280552	980.4340964890143	3103.653888	cloud-23940	ERROR (solver error, after parsing finished)	727.682938589	716.6052975430002	2879.488000	cloud-23979
combinations/gcd_2+newton_1_7.yml	false	TIMEOUT	990.308064215	980.545731794	2967.384064	cloud-24642	ERROR (solver error, after parsing finished)	727.281874873	715.9200594239956	2894.917632	cloud-23979
combinations/gcd_2+newton_1_8.yml	false	TIMEOUT	990.324539278	977.570616990999	2965.372928	cloud-24679	ERROR (solver error, after parsing finished)	731.271765739	719.9358646870023	2831.081472	cloud-24259
combinations/gcd_2+newton_2_1.yml	true	TIMEOUT	990.418547729	978.379798158001	4875.829248	cloud-24441	ERROR (solver error, after parsing finished)	725.318671864	714.8837005160003	1693.601792	cloud-23979
combinations/gcd_2+newton_2_2.yml	true	TIMEOUT	990.334024279	979.4472366939881	4954.804224	cloud-23940	ERROR (solver error, after parsing finished)	726.33618954	715.0036999180011	1640.353792	cloud-23979
combinations/gcd_2+newton_2_3.yml	true	TIMEOUT	990.377658112	979.3531343679988	4835.414016	cloud-24441	ERROR (solver error, after parsing finished)	730.569700944	717.2364743759972	1617.649664	cloud-23933
combinations/gcd_2+newton_2_4.yml	true	TIMEOUT	990.358054629	980.6407415560006	4777.541632	cloud-24642	ERROR (solver error, after parsing finished)	723.71024549	713.4820685759998	1679.097856	cloud-23979
combinations/gcd_2+newton_2_5.yml	true	TIMEOUT	990.393831333	979.2886843719998	4836.298752	cloud-24441	ERROR (solver error, after parsing finished)	729.750570186	717.6443532049998	1608.814592	cloud-23933
combinations/gcd_2+newton_2_6.yml	false	TIMEOUT	990.352127377	978.0946153909999	4949.782528	cloud-24679	ERROR (solver error, after parsing finished)	730.269482534	718.1010812629975	1679.822848	cloud-24259
combinations/gcd_2+newton_2_7.yml	false	TIMEOUT	990.452549994	978.0682018949992	4867.407872	cloud-24679	ERROR (server error, after parsing finished)	726.168150374	715.0471442509988	2068.328448	cloud-23979
combinations/gcd_2+newton_2_8.yml	false	TIMEOUT	990.397441811	978.6362210249999	4887.883776	cloud-24679	ERROR (solver error, after parsing finished)	726.827205796	715.0073711560035	1637.744640	cloud-23979
combinations/gcd_2+newton_3_1.yml	true	TIMEOUT	990.384941182	980.0950399550002	2722.844672	cloud-24642	ERROR (solver error, after parsing finished)	731.668224086	719.1410724400002	2111.619072	cloud-23979
combinations/gcd_2+newton_3_2.yml	true	TIMEOUT	990.378104668	980.7296309169997	2525.900800	cloud-24642	ERROR (solver error, after parsing finished)	730.534651372	719.4523031499994	2083.667968	cloud-24259
combinations/gcd_2+newton_3_3.yml	true	TIMEOUT	990.393869525	980.9308835130068	2665.295872	cloud-23944	ERROR (solver error, after parsing finished)	730.972161889	719.0839904640015	2070.306816	cloud-23933
combinations/gcd_2+newton_3_4.yml	true	TIMEOUT	990.443853209	978.6665825219998	2828.779520	cloud-24678	ERROR (solver error, after parsing finished)	727.112454266	715.5640181810013	2131.185664	cloud-23979
combinations/gcd_2+newton_3_5.yml	true	TIMEOUT	990.531478766	978.9976801600005	2763.526144	cloud-24679	ERROR (solver error, after parsing finished)	730.545276192	719.6834919050016	2124.754944	cloud-24259
combinations/gcd_2+newton_3_6.yml	false	TIMEOUT	990.449545147	978.047424503	2658.394112	cloud-24678	ERROR (solver error, after parsing finished)	730.557267431	718.4628432949994	2053.259264	cloud-23933
combinations/gcd_2+newton_3_7.yml	false	TIMEOUT	990.389446401	980.5894397759985	2607.910912	cloud-24642	ERROR (solver error, after parsing finished)	733.972850804	719.8985449009997	2066.456576	cloud-23933
combinations/gcd_2+newton_3_8.yml	false	TIMEOUT	990.501842757	977.963966022	2854.363136	cloud-24679	ERROR (solver error, after parsing finished)	731.717194862	720.0230484929998	2094.657536	cloud-24259
combinations/gcd_3+newton_1_1.yml	true	TIMEOUT	990.500814648	978.2005166930012	2951.540736	cloud-24678	ERROR (solver error, after parsing finished)	729.238469875	716.8455845809999	2800.734208	cloud-23933
combinations/gcd_3+newton_1_2.yml	true	TIMEOUT	990.280457306	981.0049890550144	2970.165248	cloud-23944	ERROR (solver error, after parsing finished)	729.497856825	717.9065139360027	2775.793664	cloud-23979
combinations/gcd_3+newton_1_3.yml	true	TIMEOUT	990.289423893	979.743531178	2997.547008	cloud-24441	ERROR (solver error, after parsing finished)	731.897312977	720.715679175999	2851.258368	cloud-24259
combinations/gcd_3+newton_1_4.yml	false	TIMEOUT	990.330970678	979.9744965619993	3001.049088	cloud-24642	ERROR (solver error, after parsing finished)	731.786083736	719.8845970720004	2807.156736	cloud-23933
combinations/gcd_3+newton_1_5.yml	false	TIMEOUT	990.286763353	980.5613929650008	2966.163456	cloud-24441	ERROR (solver error, after parsing finished)	728.204312588	717.4652077479986	2844.758016	cloud-23979
combinations/gcd_3+newton_1_6.yml	false	TIMEOUT	990.306871958	979.829745475	2917.335040	cloud-24678	ERROR (solver error, after parsing finished)	730.055962165	717.4882655609981	2858.512384	cloud-23979
combinations/gcd_3+newton_1_7.yml	false	TIMEOUT	990.285394773	980.8406340130005	2912.989184	cloud-24642	ERROR (solver error, after parsing finished)	731.74925209	719.9131990299998	2844.336128	cloud-23933
combinations/gcd_3+newton_1_8.yml	false	TIMEOUT	990.315115852	978.2943366	2892.853248	cloud-24679	ERROR (solver error, after parsing finished)	732.168598881	719.5944341459999	2827.575296	cloud-23933
combinations/gcd_3+newton_2_1.yml	true	TIMEOUT	990.388624781	980.2039835750002	4859.015168	cloud-24642	ERROR (solver error, after parsing finished)	731.11754675	717.3936549249993	1665.028096	cloud-23933
combinations/gcd_3+newton_2_2.yml	true	TIMEOUT	990.378790676	980.3750870879994	4833.587200	cloud-24642	ERROR (solver error, after parsing finished)	726.436512212	714.6841234259991	1641.447424	cloud-23979
combinations/gcd_3+newton_2_3.yml	true	TIMEOUT	990.367558991	979.9948602360091	4944.510976	cloud-23941	ERROR (solver error, after parsing finished)	725.757590443	713.9687765409981	1684.684800	cloud-23979
combinations/gcd_3+newton_2_4.yml	true	TIMEOUT	990.502089265	978.6911888939994	4791.201792	cloud-24441	ERROR (solver error, after parsing finished)	730.432202401	717.1272541909998	1592.635392	cloud-23933
combinations/gcd_3+newton_2_5.yml	true	TIMEOUT	990.329176052	980.2855016459944	4961.255424	cloud-23939	ERROR (solver error, after parsing finished)	727.441005358	716.3765780940012	1588.826112	cloud-24259
combinations/gcd_3+newton_2_6.yml	false	TIMEOUT	990.352461955	980.300179730024	4974.325760	cloud-23943	ERROR (solver error, after parsing finished)	736.696785814	725.4076724250008	4898.439168	cloud-23979
combinations/gcd_3+newton_2_7.yml	false	TIMEOUT	990.440138964	978.3169682339994	4925.939712	cloud-24679	ERROR (solver error, after parsing finished)	728.413549809	715.1942322809991	1676.791808	cloud-23979
combinations/gcd_3+newton_2_8.yml	false	TIMEOUT	990.414736467	979.4488122450002	4904.058880	cloud-24678	ERROR (solver error, after parsing finished)	725.728210384	714.3217802910003	1634.189312	cloud-23979
combinations/gcd_3+newton_3_1.yml	true	TIMEOUT	990.427398922	977.9347328980002	2660.904960	cloud-24679	ERROR (solver error, after parsing finished)	727.339875997	716.1480469369999	2095.276032	cloud-23979
combinations/gcd_3+newton_3_2.yml	true	TIMEOUT	990.436822426	978.7189524969999	2535.755776	cloud-24678	ERROR (solver error, after parsing finished)	731.456921173	719.2772745230004	2091.937792	cloud-23933
combinations/gcd_3+newton_3_3.yml	true	TIMEOUT	990.485028861	978.8962069480003	2651.267072	cloud-24679	ERROR (solver error, after parsing finished)	730.777142826	717.529403706998	2124.849152	cloud-23979
combinations/gcd_3+newton_3_4.yml	true	TIMEOUT	990.411182459	978.3712928859995	2702.950400	cloud-24679	ERROR (solver error, after parsing finished)	732.125253666	719.7624385250019	2047.037440	cloud-24259
combinations/gcd_3+newton_3_5.yml	true	TIMEOUT	990.364636676	980.4648160549987	2782.261248	cloud-23939	ERROR (solver error, after parsing finished)	729.381228648	717.2784113320001	2117.087232	cloud-23933
combinations/gcd_3+newton_3_6.yml	false	TIMEOUT	990.393917835	980.4444503110008	2749.628416	cloud-24642	ERROR (solver error, after parsing finished)	732.433968942	718.943417884002	2116.415488	cloud-23979
combinations/gcd_3+newton_3_7.yml	false	TIMEOUT	990.396140646	979.4854793960003	2691.764224	cloud-24642	ERROR (solver error, after parsing finished)	728.423225459	717.1483474670022	2096.824320	cloud-23979
combinations/gcd_3+newton_3_8.yml	false	TIMEOUT	990.421679764	978.2631419120007	2554.392576	cloud-24679	ERROR (solver error, after parsing finished)	727.221964154	715.9971399860005	2139.676672	cloud-23979
combinations/gcd_4+newton_1_1.yml	true	TIMEOUT	990.299555825	980.4572311640004	2871.021568	cloud-24441	ERROR (solver error, after parsing finished)	728.755838938	717.6610896250058	2833.702912	cloud-23979
combinations/gcd_4+newton_1_2.yml	true	TIMEOUT	990.451141093	978.6365866470005	2869.522432	cloud-24678	ERROR (solver error, after parsing finished)	726.447276557	715.8323767119946	2856.513536	cloud-23979
combinations/gcd_4+newton_1_3.yml	true	TIMEOUT	990.408685879	980.3931232010002	3214.229504	cloud-24441	ERROR (solver error, after parsing finished)	729.985569249	718.6704839639997	2854.707200	cloud-23979
combinations/gcd_4+newton_1_4.yml	false	TIMEOUT	990.510877463	978.8469420090005	2946.207744	cloud-24679	ERROR (solver error, after parsing finished)	730.614400124	718.1387107499977	2835.636224	cloud-23933
combinations/gcd_4+newton_1_5.yml	false	TIMEOUT	990.319092057	980.433309062	2991.947776	cloud-24441	ERROR (solver error, after parsing finished)	732.837879882	720.3365011429996	2834.976768	cloud-24259
combinations/gcd_4+newton_1_6.yml	false	TIMEOUT	990.326024115	978.3787795539993	2874.179584	cloud-24678	ERROR (solver error, after parsing finished)	728.027185032	716.7062931350001	2847.588352	cloud-23933
combinations/gcd_4+newton_1_7.yml	false	TIMEOUT	990.39897046	979.4634318550234	3098.796032	cloud-23940	ERROR (solver error, after parsing finished)	731.456247081	718.3559101919964	2904.563712	cloud-23979
combinations/gcd_4+newton_1_8.yml	false	TIMEOUT	990.316704933	978.1822749009989	2885.177344	cloud-24678	ERROR (solver error, after parsing finished)	727.146737193	716.178910829	2899.443712	cloud-23979
combinations/gcd_4+newton_2_1.yml	true	TIMEOUT	990.418937049	978.1411883680012	2025.091072	cloud-24678	ERROR (solver error, after parsing finished)	724.124305859	713.7472773020002	1611.767808	cloud-23933
combinations/gcd_4+newton_2_2.yml	true	TIMEOUT	990.424440666	977.0744376229995	4858.519552	cloud-24679	ERROR (solver error, after parsing finished)	728.780450844	716.6501103200003	1650.237440	cloud-23933
combinations/gcd_4+newton_2_3.yml	true	TIMEOUT	990.492028861	978.3282050849994	4754.501632	cloud-24679	ERROR (solver error, after parsing finished)	727.440704397	715.4848373050045	1647.099904	cloud-23933
combinations/gcd_4+newton_2_4.yml	true	TIMEOUT	990.316496182	979.9556003030001	4887.445504	cloud-24642	ERROR (solver error, after parsing finished)	737.780733308	725.9562021519996	4869.591040	cloud-23979
combinations/gcd_4+newton_2_5.yml	true	TIMEOUT	990.404056177	977.7613630889991	4880.265216	cloud-24678	ERROR (server error, after parsing finished)	729.327056855	716.5425277019995	1598.754816	cloud-23933
combinations/gcd_4+newton_2_6.yml	false	TIMEOUT	990.40123253	979.6296122300009	4853.837824	cloud-24441	ERROR (solver error, after parsing finished)	726.965922484	715.6746307900003	1588.559872	cloud-23933
combinations/gcd_4+newton_2_7.yml	false	TIMEOUT	990.380824946	980.0249111949997	4841.738240	cloud-24441	ERROR (solver error, after parsing finished)	725.941884705	714.2999318120055	1636.179968	cloud-23979
combinations/gcd_4+newton_2_8.yml	false	TIMEOUT	990.410025225	978.2432654469999	4819.939328	cloud-24678	ERROR (solver error, after parsing finished)	725.396924603	714.1091082580024	1643.700224	cloud-23979
combinations/gcd_4+newton_3_1.yml	true	TIMEOUT	990.441401657	979.8164272869999	2600.722432	cloud-24441	ERROR (solver error, after parsing finished)	729.771209753	718.3803541840007	2086.084608	cloud-23979
combinations/gcd_4+newton_3_2.yml	true	TIMEOUT	990.394041957	979.5910481650008	2611.474432	cloud-24441	ERROR (solver error, after parsing finished)	728.060606111	717.1242083070001	2149.281792	cloud-23979
combinations/gcd_4+newton_3_3.yml	true	TIMEOUT	990.404309092	980.1874612060001	2594.463744	cloud-24441	ERROR (solver error, after parsing finished)	732.154744175	720.1746618440011	2097.737728	cloud-24259
combinations/gcd_4+newton_3_4.yml	true	TIMEOUT	990.393376977	979.9028913040001	2551.439360	cloud-24441	ERROR (solver error, after parsing finished)	729.1147928	717.9765556069997	2042.331136	cloud-23979
combinations/gcd_4+newton_3_5.yml	true	TIMEOUT	990.418181525	980.2837678689993	2568.892416	cloud-24642	ERROR (solver error, after parsing finished)	729.833113543	717.6655211640027	2102.620160	cloud-23979
combinations/gcd_4+newton_3_6.yml	false	TIMEOUT	990.42229523	980.0990541760002	2699.030528	cloud-24642	ERROR (solver error, after parsing finished)	726.501172199	715.597330312994	2061.176832	cloud-23979
combinations/gcd_4+newton_3_7.yml	false	TIMEOUT	990.46250477	978.383731678	2541.150208	cloud-24679	ERROR (solver error, after parsing finished)	726.00370342	715.0045934480004	2086.916096	cloud-23979
combinations/gcd_4+newton_3_8.yml	false	TIMEOUT	990.427707152	979.7693505699999	2592.374784	cloud-24678	ERROR (solver error, after parsing finished)	734.278989547	721.9453104749991	2088.337408	cloud-24259
combinations/pals_lcr.3.1.ufo.BOUNDED-6.pals+Problem12_label01.yml	false	TIMEOUT	990.887892869	914.917398413998	8057.819136	cloud-24678	TIMEOUT	990.966280899	791.4616458969977	7816.245248	cloud-24261
combinations/pals_lcr.3.1.ufo.BOUNDED-6.pals+Problem12_label02.yml	false	TIMEOUT	990.749109105	933.7493162219998	7387.594752	cloud-24679	TIMEOUT (ERROR (solver error, after parsing finished))	918.721981683	852.955103663	7673.888768	cloud-23942
combinations/pals_lcr.3.1.ufo.BOUNDED-6.pals+Problem12_label04.yml	false	TIMEOUT	991.10779758	911.9259582449995	8334.262272	cloud-24441	TIMEOUT	992.475444331	790.342723338	7693.991936	cloud-23943
combinations/pals_lcr.3.1.ufo.BOUNDED-6.pals+Problem12_label05.yml	false	TIMEOUT	990.801206183	910.8663572289988	7873.462272	cloud-24679	TIMEOUT	991.327378954	904.6585003469954	7761.260544	cloud-23933
combinations/pals_lcr.3.1.ufo.BOUNDED-6.pals+Problem12_label09.yml	false	TIMEOUT	990.829165706	915.5608567689997	8357.519360	cloud-24441	TIMEOUT	991.886466961	761.2702942889955	7318.618112	cloud-23939
combinations/pals_lcr.3.1.ufo.UNBOUNDED.pals+Problem12_label01.yml	false	TIMEOUT	990.78084377	927.841201401985	9488.752640	cloud-23942	TIMEOUT	991.467651427	780.9514373519924	7704.965120	cloud-23941
combinations/pals_lcr.3.1.ufo.UNBOUNDED.pals+Problem12_label02.yml	false	TIMEOUT	990.730190742	929.490675023	7642.570752	cloud-24642	ERROR (solver error, after parsing finished)	888.998824355	819.6900340749999	7697.608704	cloud-23943
combinations/pals_lcr.3.1.ufo.UNBOUNDED.pals+Problem12_label04.yml	false	TIMEOUT	990.780371285	916.7237048419775	8369.188864	cloud-23941	TIMEOUT	992.557961826	763.0128792440009	7766.753280	cloud-24261
combinations/pals_lcr.3.1.ufo.UNBOUNDED.pals+Problem12_label05.yml	false	TIMEOUT	990.85410506	912.4501784470012	7677.280256	cloud-24678	TIMEOUT (ERROR (solver error, after parsing finished))	931.878350049	855.6973114380016	10212.954112	cloud-24261
combinations/pals_lcr.3.1.ufo.UNBOUNDED.pals+Problem12_label09.yml	false	TIMEOUT	991.025487255	916.575267668999	8313.278464	cloud-24678	TIMEOUT	992.700248928	774.736170410004	9237.106688	cloud-23941
combinations/pals_lcr.3.ufo.BOUNDED-6.pals+Problem12_label00.yml	false	TIMEOUT	992.473651611	771.1411988479995	7695.499264	cloud-24679	TIMEOUT	992.630859503	778.699972057002	7706.734592	cloud-23941
combinations/pals_lcr.3.ufo.BOUNDED-6.pals+Problem12_label01.yml	true	TIMEOUT	990.793328322	918.931188351009	8122.687488	cloud-23943	TIMEOUT	990.571853925	755.1031049280027	7685.177344	cloud-24261
combinations/pals_lcr.3.ufo.BOUNDED-6.pals+Problem12_label02.yml	true	TIMEOUT	990.638782603	945.1911030540068	7735.173120	cloud-23942	ERROR (solver error, after parsing finished)	882.423986839	823.8991300070011	9613.901824	cloud-23939
combinations/pals_lcr.3.ufo.BOUNDED-6.pals+Problem12_label03.yml	false	TIMEOUT	992.196412527	748.1475563280001	7625.895936	cloud-24642	TIMEOUT	992.065529804	757.4850543590001	7703.719936	cloud-23979
combinations/pals_lcr.3.ufo.BOUNDED-6.pals+Problem12_label04.yml	true	TIMEOUT	991.249015918	905.5409268849999	11154.845696	cloud-24679	TIMEOUT	990.825689974	803.1364782560049	7666.778112	cloud-24261
combinations/pals_lcr.3.ufo.BOUNDED-6.pals+Problem12_label05.yml	true	TIMEOUT	990.737214556	934.0800186850001	7494.193152	cloud-24441	TIMEOUT (ERROR (solver error, after parsing finished))	904.098735298	840.7200755360027	7698.313216	cloud-23979
combinations/pals_lcr.3.ufo.BOUNDED-6.pals+Problem12_label06.yml	false	TIMEOUT	990.908120316	912.6440148120018	8080.592896	cloud-24679	TIMEOUT	991.43074011	778.8826102120001	8233.029632	cloud-23933
combinations/pals_lcr.3.ufo.BOUNDED-6.pals+Problem12_label07.yml	false	TIMEOUT	990.884367146	916.9245190230031	8027.762688	cloud-24678	TIMEOUT	991.329499672	788.0062438329987	7671.767040	cloud-24261
combinations/pals_lcr.3.ufo.BOUNDED-6.pals+Problem12_label08.yml	false	TIMEOUT	990.840417432	928.7443486289994	7451.795456	cloud-24679	TIMEOUT (ERROR (solver error, after parsing finished))	933.277251249	858.7286841000023	7685.574656	cloud-24261
combinations/pals_lcr.3.ufo.BOUNDED-6.pals+Problem12_label09.yml	true	TIMEOUT	990.760056496	919.0480425459973	8328.335360	cloud-23941	TIMEOUT	991.183633846	779.1593488969957	7678.828544	cloud-23943
combinations/pals_lcr.3.ufo.UNBOUNDED.pals+Problem12_label00.yml	false	TIMEOUT	991.545247818	766.0391204469997	7696.084992	cloud-24441	TIMEOUT	991.404042475	785.7404506499988	7689.773056	cloud-24261
combinations/pals_lcr.3.ufo.UNBOUNDED.pals+Problem12_label01.yml	true	TIMEOUT	990.849017633	917.1131194400077	8388.497408	cloud-23944	TIMEOUT	990.945550085	812.0670300090005	7663.144960	cloud-23933
combinations/pals_lcr.3.ufo.UNBOUNDED.pals+Problem12_label02.yml	true	TIMEOUT	991.009584092	898.251292383	8325.922816	cloud-24441	TIMEOUT (ERROR (solver error, after parsing finished))	937.127940136	846.9258087300004	8970.891264	cloud-24261
combinations/pals_lcr.3.ufo.UNBOUNDED.pals+Problem12_label03.yml	false	TIMEOUT	991.343334032	760.3985944529995	7681.880064	cloud-23943	TIMEOUT	991.389422131	786.0417855270061	7657.365504	cloud-24261
combinations/pals_lcr.3.ufo.UNBOUNDED.pals+Problem12_label04.yml	true	TIMEOUT	990.87441307	917.4465439270134	8357.281792	cloud-23944	TIMEOUT	991.195534497	768.6923258940005	10800.300032	cloud-23979
combinations/pals_lcr.3.ufo.UNBOUNDED.pals+Problem12_label05.yml	true	TIMEOUT	990.771441487	924.0878367190016	7621.861376	cloud-24441	TIMEOUT (ERROR (solver error, after parsing finished))	935.895485594	856.3152117900026	8033.320960	cloud-24261
combinations/pals_lcr.3.ufo.UNBOUNDED.pals+Problem12_label06.yml	false	TIMEOUT	990.967020726	897.7310090719984	8357.638144	cloud-24441	TIMEOUT	991.665392076	740.8274112700001	7680.200704	cloud-23944
combinations/pals_lcr.3.ufo.UNBOUNDED.pals+Problem12_label07.yml	false	TIMEOUT	990.899190755	918.4939992039981	8338.395136	cloud-24679	TIMEOUT	991.238695112	805.3477830379998	10059.046912	cloud-23940
combinations/pals_lcr.3.ufo.UNBOUNDED.pals+Problem12_label08.yml	false	TIMEOUT	991.017946275	906.3829684049997	8266.317824	cloud-24441	ERROR (solver error, after parsing finished)	895.353550456	821.4558318650088	7703.519232	cloud-23942
combinations/pals_lcr.3.ufo.UNBOUNDED.pals+Problem12_label09.yml	true	TIMEOUT	990.805954639	918.0492480729881	8336.011264	cloud-23944	TIMEOUT	990.813143107	774.6332006480006	7702.786048	cloud-23933
combinations/pals_lcr.3_overflow.ufo.UNBOUNDED.pals+Problem12_label01.yml	false	TIMEOUT	990.901480296	908.3374182919997	8331.579392	cloud-24441	TIMEOUT	991.378476321	782.5297508849981	7687.974912	cloud-23979
combinations/pals_lcr.3_overflow.ufo.UNBOUNDED.pals+Problem12_label02.yml	false	TIMEOUT	990.688886443	931.779585256998	7724.441600	cloud-23940	TIMEOUT (ERROR (solver error, after parsing finished))	951.068645665	872.2020033730005	7861.448704	cloud-23979
combinations/pals_lcr.3_overflow.ufo.UNBOUNDED.pals+Problem12_label04.yml	false	TIMEOUT	990.859957	919.8882782539986	8345.620480	cloud-24678	TIMEOUT	991.520313693	743.2081707559992	7620.382720	cloud-24261
combinations/pals_lcr.3_overflow.ufo.UNBOUNDED.pals+Problem12_label05.yml	false	TIMEOUT	990.887433675	916.3592917110072	8322.568192	cloud-23941	TIMEOUT (ERROR (solver error, after parsing finished))	917.806195968	839.2648875570012	9550.290944	cloud-23979
combinations/pals_lcr.3_overflow.ufo.UNBOUNDED.pals+Problem12_label09.yml	false	TIMEOUT	990.777894622	919.3080208309984	8350.089216	cloud-23944	TIMEOUT	991.138745157	769.5332153700001	7383.015424	cloud-23943
combinations/pals_lcr.4.1.ufo.BOUNDED-8.pals+Problem12_label01.yml	false	TIMEOUT	991.040177712	913.9394754479999	10168.004608	cloud-24679	TIMEOUT	991.350398234	827.5935278039979	7649.206272	cloud-23933
combinations/pals_lcr.4.1.ufo.BOUNDED-8.pals+Problem12_label02.yml	false	TIMEOUT	990.801272277	935.4592506759982	7685.009408	cloud-24679	TIMEOUT (ERROR (solver error, after parsing finished))	967.920465043	893.405174217005	7404.945408	cloud-23933
combinations/pals_lcr.4.1.ufo.BOUNDED-8.pals+Problem12_label04.yml	false	TIMEOUT	990.879750005	909.2842830849986	8301.228032	cloud-24441	TIMEOUT	990.840673303	795.7829070049993	7438.880768	cloud-23940
combinations/pals_lcr.4.1.ufo.BOUNDED-8.pals+Problem12_label05.yml	false	TIMEOUT	990.690190304	935.5082425030014	7401.730048	cloud-24642	ERROR (solver error, after parsing finished)	881.569448515	825.9316557189886	7685.840896	cloud-23941
combinations/pals_lcr.4.1.ufo.BOUNDED-8.pals+Problem12_label09.yml	false	TIMEOUT	990.712228221	929.7217856129864	8334.458880	cloud-23939	TIMEOUT	990.872270445	783.4464671090001	7685.627904	cloud-23942
combinations/pals_lcr.4.1.ufo.UNBOUNDED.pals+Problem12_label01.yml	false	TIMEOUT	990.823743458	913.9033153549972	8358.248448	cloud-24678	TIMEOUT	992.000565428	773.3504756120019	7682.101248	cloud-23979
combinations/pals_lcr.4.1.ufo.UNBOUNDED.pals+Problem12_label02.yml	false	TIMEOUT	990.92078333	919.319031938001	7718.993920	cloud-24441	TIMEOUT	991.389064005	867.4569114059996	8018.657280	cloud-24259
combinations/pals_lcr.4.1.ufo.UNBOUNDED.pals+Problem12_label04.yml	false	TIMEOUT	990.982513504	904.5613810509994	8364.593152	cloud-24642	TIMEOUT	990.799932721	771.6729865539965	7686.291456	cloud-23944
combinations/pals_lcr.4.1.ufo.UNBOUNDED.pals+Problem12_label05.yml	false	TIMEOUT	990.849294373	926.3124893860022	7064.592384	cloud-24679	TIMEOUT (ERROR (solver error, after parsing finished))	972.027112456	875.262013724001	10388.971520	cloud-24261
combinations/pals_lcr.4.1.ufo.UNBOUNDED.pals+Problem12_label09.yml	false	TIMEOUT	990.936040216	914.1991259589995	8343.113728	cloud-24678	TIMEOUT	990.838186287	761.3064042849946	9100.869632	cloud-23939
combinations/pals_lcr.4.ufo.BOUNDED-8.pals+Problem12_label00.yml	false	TIMEOUT	991.669548185	768.2765920570018	11002.912768	cloud-24678	TIMEOUT	992.034539122	790.7389151780008	7717.126144	cloud-23979
combinations/pals_lcr.4.ufo.BOUNDED-8.pals+Problem12_label01.yml	true	TIMEOUT	991.412104087	910.9340371100006	8529.506304	cloud-24679	TIMEOUT	991.554893999	785.3019688069999	10439.061504	cloud-23933
combinations/pals_lcr.4.ufo.BOUNDED-8.pals+Problem12_label02.yml	true	TIMEOUT	990.773395216	933.470382816	7278.649344	cloud-24678	ERROR (solver error, after parsing finished)	882.044793085	826.1295994480024	8103.542784	cloud-23944
combinations/pals_lcr.4.ufo.BOUNDED-8.pals+Problem12_label03.yml	false	TIMEOUT	992.208099401	738.8230852760025	7665.811456	cloud-24679	TIMEOUT	991.367057518	792.120105504	7400.767488	cloud-23979
combinations/pals_lcr.4.ufo.BOUNDED-8.pals+Problem12_label04.yml	true	TIMEOUT	991.006618323	916.4009404880017	10747.113472	cloud-24642	TIMEOUT	991.272146855	837.4555030269985	7493.181440	cloud-23933
combinations/pals_lcr.4.ufo.BOUNDED-8.pals+Problem12_label05.yml	true	TIMEOUT	990.866565055	935.5660747380007	7488.159744	cloud-24678	TIMEOUT (ERROR (solver error, after parsing finished))	955.34994593	880.8664403069997	10374.029312	cloud-23933
combinations/pals_lcr.4.ufo.BOUNDED-8.pals+Problem12_label06.yml	false	TIMEOUT	991.081081116	910.4056315460002	9788.796928	cloud-24678	TIMEOUT	991.225955266	741.1920206130017	7950.880768	cloud-23939
combinations/pals_lcr.4.ufo.BOUNDED-8.pals+Problem12_label07.yml	false	TIMEOUT	991.005685944	913.9860528729987	10333.032448	cloud-24678	TIMEOUT	992.260332467	771.2429269779968	9346.273280	cloud-23940
combinations/pals_lcr.4.ufo.BOUNDED-8.pals+Problem12_label08.yml	false	TIMEOUT	990.833945472	932.3754967109999	7694.315520	cloud-24679	TIMEOUT (ERROR (solver error, after parsing finished))	923.725151002	847.8560267100038	7701.929984	cloud-23979
combinations/pals_lcr.4.ufo.BOUNDED-8.pals+Problem12_label09.yml	true	TIMEOUT	990.873472845	914.5489739449997	7943.671808	cloud-24678	TIMEOUT	992.253788253	786.5718100480001	7696.216064	cloud-23979
combinations/pals_lcr.4.ufo.UNBOUNDED.pals+Problem12_label00.yml	false	TIMEOUT	991.052683742	755.2669589819998	7641.530368	cloud-24642	TIMEOUT	990.67436059	832.7472304129997	7487.545344	cloud-23979
combinations/pals_lcr.4.ufo.UNBOUNDED.pals+Problem12_label01.yml	true	TIMEOUT	990.825496875	924.7213421589986	10224.304128	cloud-23942	TIMEOUT	991.252403489	784.6545560119994	8868.442112	cloud-24261
combinations/pals_lcr.4.ufo.UNBOUNDED.pals+Problem12_label02.yml	true	TIMEOUT	990.810614311	927.12979399701	8684.126208	cloud-23944	TIMEOUT	991.517310566	882.9706661329983	7684.583424	cloud-24261
combinations/pals_lcr.4.ufo.UNBOUNDED.pals+Problem12_label03.yml	false	TIMEOUT	992.039328581	789.9930031140102	7683.219456	cloud-23943	TIMEOUT	991.730353231	817.5125367579999	7711.907840	cloud-23979
combinations/pals_lcr.4.ufo.UNBOUNDED.pals+Problem12_label04.yml	true	TIMEOUT	990.689888858	931.1425963430083	8181.526528	cloud-23939	TIMEOUT	992.060009705	795.8660810850051	7460.569088	cloud-23933
combinations/pals_lcr.4.ufo.UNBOUNDED.pals+Problem12_label05.yml	true	TIMEOUT	990.716822649	923.2096232200001	7308.554240	cloud-24642	TIMEOUT (ERROR (solver error, after parsing finished))	940.57743539	851.3243577079993	7721.922560	cloud-24261
combinations/pals_lcr.4.ufo.UNBOUNDED.pals+Problem12_label06.yml	false	TIMEOUT	991.03231492	897.5800546110004	8419.659776	cloud-24441	TIMEOUT	990.732734726	768.9763078320029	7680.794624	cloud-23939
combinations/pals_lcr.4.ufo.UNBOUNDED.pals+Problem12_label07.yml	false	TIMEOUT	990.86673628	909.722276094999	8123.805696	cloud-24642	TIMEOUT	990.654245482	807.9799020239952	8444.657664	cloud-24261
combinations/pals_lcr.4.ufo.UNBOUNDED.pals+Problem12_label08.yml	false	TIMEOUT	990.685738478	940.5908131930046	7703.887872	cloud-23944	TIMEOUT	991.322268166	901.3229742629992	7680.016384	cloud-23933
combinations/pals_lcr.4.ufo.UNBOUNDED.pals+Problem12_label09.yml	true	TIMEOUT	990.838318488	911.279945571001	8368.709632	cloud-24642	TIMEOUT	990.86755167	770.2285587129954	7688.826880	cloud-23940
combinations/pals_lcr.4_overflow.ufo.UNBOUNDED.pals+Problem12_label01.yml	false	TIMEOUT	990.720464861	926.8318424820027	8420.261888	cloud-23939	TIMEOUT	990.541450062	784.3470042789995	7690.760192	cloud-23942
combinations/pals_lcr.4_overflow.ufo.UNBOUNDED.pals+Problem12_label02.yml	false	TIMEOUT	990.790747425	926.1173720249999	7895.121920	cloud-24678	ERROR (solver error, after parsing finished)	894.600282531	823.7330893269973	7881.318400	cloud-23939
combinations/pals_lcr.4_overflow.ufo.UNBOUNDED.pals+Problem12_label04.yml	false	TIMEOUT	991.10220939	911.6860038539999	8350.470144	cloud-24441	TIMEOUT	992.061077159	730.7887113629986	7672.733696	cloud-23944
combinations/pals_lcr.4_overflow.ufo.UNBOUNDED.pals+Problem12_label05.yml	false	TIMEOUT	990.66163353	936.8005905940081	7715.377152	cloud-23939	TIMEOUT	990.956994996	914.9744933730035	7672.483840	cloud-23939
combinations/pals_lcr.4_overflow.ufo.UNBOUNDED.pals+Problem12_label09.yml	false	TIMEOUT	990.916918025	924.5313900439942	10947.297280	cloud-23940	TIMEOUT	991.17683426	789.6773985489999	7289.409536	cloud-23942
combinations/pals_lcr.5.1.ufo.BOUNDED-10.pals+Problem12_label01.yml	false	TIMEOUT	990.749156998	926.4333915129828	7986.360320	cloud-23940	TIMEOUT	991.918223156	759.0613394819957	7680.028672	cloud-23939
combinations/pals_lcr.5.1.ufo.BOUNDED-10.pals+Problem12_label02.yml	false	TIMEOUT	990.768246675	921.0274641400028	8400.543744	cloud-23941	TIMEOUT (ERROR (solver error, after parsing finished))	924.201135925	857.3069301819996	8358.744064	cloud-24261
combinations/pals_lcr.5.1.ufo.BOUNDED-10.pals+Problem12_label04.yml	false	TIMEOUT	990.774513329	927.9454001220001	8448.155648	cloud-23942	TIMEOUT	991.410036529	770.2379947949958	7215.476736	cloud-23942
combinations/pals_lcr.5.1.ufo.BOUNDED-10.pals+Problem12_label05.yml	false	TIMEOUT	990.999775637	909.1365163369992	10197.245952	cloud-24678	TIMEOUT (ERROR (solver error, after parsing finished))	931.791894606	861.9105108180011	7666.950144	cloud-23941
combinations/pals_lcr.5.1.ufo.BOUNDED-10.pals+Problem12_label09.yml	false	TIMEOUT	991.042234298	913.4191556499973	11338.760192	cloud-24642	TIMEOUT	991.641781866	777.6940967949995	7761.178624	cloud-23979
combinations/pals_lcr.5.1.ufo.UNBOUNDED.pals+Problem12_label01.yml	false	TIMEOUT	990.769887808	917.5318117289862	8395.997184	cloud-23941	TIMEOUT	990.75090023	778.7298440849991	7781.793792	cloud-23939
combinations/pals_lcr.5.1.ufo.UNBOUNDED.pals+Problem12_label02.yml	false	TIMEOUT	990.87550139	917.5675861480013	7200.710656	cloud-24441	TIMEOUT (ERROR (solver error, after parsing finished))	971.003394932	887.2757536299978	9148.862464	cloud-24261
combinations/pals_lcr.5.1.ufo.UNBOUNDED.pals+Problem12_label04.yml	false	TIMEOUT	990.992839832	911.5567193930001	9573.851136	cloud-24678	TIMEOUT	991.680536164	751.4576565099997	7367.151616	cloud-23941
combinations/pals_lcr.5.1.ufo.UNBOUNDED.pals+Problem12_label05.yml	false	TIMEOUT	990.769274589	918.2788026949856	7766.867968	cloud-23944	TIMEOUT (ERROR (solver error, after parsing finished))	919.399694199	854.329877670003	10310.328320	cloud-23942
combinations/pals_lcr.5.1.ufo.UNBOUNDED.pals+Problem12_label09.yml	false	TIMEOUT	991.036374133	910.0782346579981	8473.591808	cloud-24679	TIMEOUT	990.849252126	744.9581692689999	7753.723904	cloud-23933
combinations/pals_lcr.5.ufo.BOUNDED-10.pals+Problem12_label00.yml	false	TIMEOUT	991.921466174	772.5766854740004	7753.830400	cloud-24441	TIMEOUT	991.253494435	810.2732746019974	7668.629504	cloud-23933
combinations/pals_lcr.5.ufo.BOUNDED-10.pals+Problem12_label01.yml	true	TIMEOUT	991.080290919	916.2042000440015	11562.967040	cloud-24678	TIMEOUT	990.866497989	775.843205475001	7738.523648	cloud-23942
combinations/pals_lcr.5.ufo.BOUNDED-10.pals+Problem12_label02.yml	true	TIMEOUT	990.657720762	947.5227011920069	7736.078336	cloud-23942	ERROR (solver error, after parsing finished)	898.195965157	837.1165102219998	7728.013312	cloud-23939
combinations/pals_lcr.5.ufo.BOUNDED-10.pals+Problem12_label03.yml	false	TIMEOUT	990.963969785	776.2889366830022	7650.025472	cloud-24642	TIMEOUT	991.21003895	771.5147947510001	7710.363648	cloud-24276
combinations/pals_lcr.5.ufo.BOUNDED-10.pals+Problem12_label04.yml	true	TIMEOUT	990.928258443	917.3246483489929	8409.661440	cloud-23941	TIMEOUT	990.962539353	811.633039969005	7372.070912	cloud-24261
combinations/pals_lcr.5.ufo.BOUNDED-10.pals+Problem12_label05.yml	true	TIMEOUT	990.777005996	930.9482789200001	7709.376512	cloud-24679	ERROR (solver error, after parsing finished)	893.444615196	836.680803479001	10726.363136	cloud-23940
combinations/pals_lcr.5.ufo.BOUNDED-10.pals+Problem12_label06.yml	false	TIMEOUT	990.819618603	912.2942661690176	8485.306368	cloud-23944	TIMEOUT	990.67719287	779.4503683570074	7296.532480	cloud-23944
combinations/pals_lcr.5.ufo.BOUNDED-10.pals+Problem12_label07.yml	false	TIMEOUT	990.92042519	910.2520863930004	8457.408512	cloud-24679	TIMEOUT	991.511648656	796.6827935999972	7686.938624	cloud-24261
combinations/pals_lcr.5.ufo.BOUNDED-10.pals+Problem12_label08.yml	false	TIMEOUT	991.386295824	896.1859120589997	8352.280576	cloud-24679	TIMEOUT (ERROR (solver error, after parsing finished))	930.143918178	851.1990048449952	7946.297344	cloud-24261
combinations/pals_lcr.5.ufo.BOUNDED-10.pals+Problem12_label09.yml	true	TIMEOUT	991.050952973	911.0329596939991	8431.656960	cloud-24441	TIMEOUT	991.175130413	775.9322992140005	7363.239936	cloud-23933
combinations/pals_lcr.5.ufo.UNBOUNDED.pals+Problem12_label00.yml	false	TIMEOUT	990.895628402	788.8155572809919	7736.102912	cloud-23941	TIMEOUT	991.020575802	781.3579925949962	7749.390336	cloud-23943
combinations/pals_lcr.5.ufo.UNBOUNDED.pals+Problem12_label01.yml	true	TIMEOUT	990.790357272	918.9992168540193	8415.469568	cloud-23944	TIMEOUT	992.431002369	759.2800435079989	7777.615872	cloud-23943
combinations/pals_lcr.5.ufo.UNBOUNDED.pals+Problem12_label02.yml	true	TIMEOUT	990.885942321	889.7325272119997	8293.703680	cloud-24642	ERROR (solver error, after parsing finished)	899.000066446	833.6330175699986	7785.385984	cloud-23939
combinations/pals_lcr.5.ufo.UNBOUNDED.pals+Problem12_label03.yml	false	TIMEOUT	991.875021762	771.8074152640183	7710.191616	cloud-23944	TIMEOUT	991.087826694	767.628675593005	7714.742272	cloud-23944
combinations/pals_lcr.5.ufo.UNBOUNDED.pals+Problem12_label04.yml	true	TIMEOUT	990.777046905	921.0493675339967	8490.930176	cloud-23941	TIMEOUT	991.309735579	737.826211010004	7737.610240	cloud-23944
combinations/pals_lcr.5.ufo.UNBOUNDED.pals+Problem12_label05.yml	true	TIMEOUT	991.052884774	905.4816416889989	11142.832128	cloud-24441	TIMEOUT (ERROR (solver error, after parsing finished))	950.458696086	869.763980609001	8103.145472	cloud-23979
combinations/pals_lcr.5.ufo.UNBOUNDED.pals+Problem12_label06.yml	false	TIMEOUT	990.721562934	920.4037854289927	8034.697216	cloud-23939	TIMEOUT	992.040993282	771.6938500639953	9775.398912	cloud-23933
combinations/pals_lcr.5.ufo.UNBOUNDED.pals+Problem12_label07.yml	false	TIMEOUT	990.739354182	929.1585367789958	8135.249920	cloud-23941	TIMEOUT	990.974463115	805.3626887470018	9675.280384	cloud-23933
combinations/pals_lcr.5.ufo.UNBOUNDED.pals+Problem12_label08.yml	false	TIMEOUT	990.800651782	935.4206107459904	7681.667072	cloud-23943	TIMEOUT (ERROR (solver error, after parsing finished))	903.941059589	838.4970807670034	8008.564736	cloud-23942
combinations/pals_lcr.5.ufo.UNBOUNDED.pals+Problem12_label09.yml	true	TIMEOUT	990.707975497	929.9414521940053	8423.792640	cloud-23939	TIMEOUT	990.721873848	783.018956674001	7728.918528	cloud-23942
combinations/pals_lcr.5_overflow.ufo.UNBOUNDED.pals+Problem12_label01.yml	false	TIMEOUT	990.983338448	910.3531741920015	8398.319616	cloud-24642	TIMEOUT	993.265359495	799.3985209460006	8410.443776	cloud-23979
combinations/pals_lcr.5_overflow.ufo.UNBOUNDED.pals+Problem12_label02.yml	false	TIMEOUT	990.781614165	925.1003309549997	7774.973952	cloud-24642	TIMEOUT (ERROR (solver error, after parsing finished))	969.701546887	877.308643936	9616.596992	cloud-23933
combinations/pals_lcr.5_overflow.ufo.UNBOUNDED.pals+Problem12_label04.yml	false	TIMEOUT	990.956752203	911.3830439960002	8387.895296	cloud-24679	TIMEOUT	991.008406245	782.2828260149981	7759.773696	cloud-23933
combinations/pals_lcr.5_overflow.ufo.UNBOUNDED.pals+Problem12_label05.yml	false	TIMEOUT	990.917624241	919.4447341319992	7738.535936	cloud-24642	ERROR (solver error, after parsing finished)	892.295018236	830.2461764119944	7908.368384	cloud-23939
combinations/pals_lcr.5_overflow.ufo.UNBOUNDED.pals+Problem12_label09.yml	false	TIMEOUT	990.990489017	912.8669265150002	8423.948288	cloud-24642	TIMEOUT	991.01499836	774.0258847129953	9104.363520	cloud-23979
combinations/pals_lcr.6.1.ufo.BOUNDED-12.pals+Problem12_label01.yml	false	TIMEOUT	990.92206732	917.0174145339988	10930.184192	cloud-23943	TIMEOUT	991.538960637	770.722655618003	7784.669184	cloud-24261
combinations/pals_lcr.6.1.ufo.BOUNDED-12.pals+Problem12_label02.yml	false	TIMEOUT	990.742101485	938.557488986	7961.083904	cloud-23943	TIMEOUT (ERROR (solver error, after parsing finished))	907.881805026	846.6284425330014	10458.210304	cloud-23940
combinations/pals_lcr.6.1.ufo.BOUNDED-12.pals+Problem12_label04.yml	false	TIMEOUT	991.096601118	908.6858776330009	9848.541184	cloud-24441	TIMEOUT	990.868695139	834.6334097759973	7762.440192	cloud-23933
combinations/pals_lcr.6.1.ufo.BOUNDED-12.pals+Problem12_label05.yml	false	TIMEOUT	990.758561329	932.2536922820004	7405.158400	cloud-24679	ERROR (solver error, after parsing finished)	889.33298235	826.5463141879991	7774.613504	cloud-23944
combinations/pals_lcr.6.1.ufo.BOUNDED-12.pals+Problem12_label09.yml	false	TIMEOUT	990.918560526	927.5066931909823	10798.866432	cloud-23941	TIMEOUT	991.828568283	752.768837415002	7775.162368	cloud-23940
combinations/pals_lcr.6.1.ufo.UNBOUNDED.pals+Problem12_label01.yml	false	TIMEOUT	990.826663548	909.6541080489999	8476.557312	cloud-24441	TIMEOUT	991.049763833	746.7230244890015	7761.203200	cloud-23944
combinations/pals_lcr.6.1.ufo.UNBOUNDED.pals+Problem12_label02.yml	false	TIMEOUT	990.715745559	926.0693618719815	7743.258624	cloud-23941	TIMEOUT (ERROR (solver error, after parsing finished))	971.032742844	890.4311160080033	7775.662080	cloud-23933
combinations/pals_lcr.6.1.ufo.UNBOUNDED.pals+Problem12_label04.yml	false	TIMEOUT	991.156666703	910.1176113280017	10837.848064	cloud-24678	TIMEOUT	992.797791036	790.1862791210006	7761.641472	cloud-24261
combinations/pals_lcr.6.1.ufo.UNBOUNDED.pals+Problem12_label05.yml	false	TIMEOUT	991.037360678	914.6776266740053	11599.482880	cloud-23941	TIMEOUT (ERROR (solver error, after parsing finished))	912.513938916	838.1099017349989	7827.062784	cloud-23939
combinations/pals_lcr.6.1.ufo.UNBOUNDED.pals+Problem12_label09.yml	false	TIMEOUT	990.711746105	929.5252951619914	8447.717376	cloud-23939	TIMEOUT	992.356038401	767.0910852759989	7759.863808	cloud-23944
combinations/pals_lcr.6.ufo.BOUNDED-12.pals+Problem12_label00.yml	false	TIMEOUT	990.909594784	773.8467598319985	7572.262912	cloud-23943	TIMEOUT	991.974117033	834.6033474140004	10082.541568	cloud-24276
combinations/pals_lcr.6.ufo.BOUNDED-12.pals+Problem12_label01.yml	true	TIMEOUT	990.87758416	911.3227324840009	8428.412928	cloud-24642	TIMEOUT	990.999238419	761.9687667349936	7789.142016	cloud-23944
combinations/pals_lcr.6.ufo.BOUNDED-12.pals+Problem12_label02.yml	true	TIMEOUT	990.599909319	947.0533259939984	8329.334784	cloud-23939	TIMEOUT (ERROR (solver error, after parsing finished))	929.976923794	857.8267487379999	7766.487040	cloud-24261
combinations/pals_lcr.6.ufo.BOUNDED-12.pals+Problem12_label03.yml	false	TIMEOUT	991.472899619	757.6044604299968	7744.065536	cloud-24642	TIMEOUT	991.082339257	778.4093682110033	6889.451520	cloud-23944
combinations/pals_lcr.6.ufo.BOUNDED-12.pals+Problem12_label04.yml	true	TIMEOUT	990.746993799	923.4696765610133	8441.614336	cloud-23942	TIMEOUT	990.660630664	823.1151052070054	10233.843712	cloud-23943
combinations/pals_lcr.6.ufo.BOUNDED-12.pals+Problem12_label05.yml	true	TIMEOUT	990.961368979	908.1679700409986	8433.582080	cloud-24441	TIMEOUT (ERROR (solver error, after parsing finished))	952.010189014	871.6253470489974	7742.742528	cloud-23933
combinations/pals_lcr.6.ufo.BOUNDED-12.pals+Problem12_label06.yml	false	TIMEOUT	990.960360117	900.8017253209982	8456.790016	cloud-24678	TIMEOUT	991.160762003	780.2931015659997	7710.650368	cloud-24261
combinations/pals_lcr.6.ufo.BOUNDED-12.pals+Problem12_label07.yml	false	TIMEOUT	991.055068446	903.4667410750008	8416.636928	cloud-24679	TIMEOUT	990.814198114	798.609767617003	7766.228992	cloud-23979
combinations/pals_lcr.6.ufo.BOUNDED-12.pals+Problem12_label08.yml	false	TIMEOUT	991.478012351	899.8764406089977	8358.924288	cloud-24679	TIMEOUT	991.318817442	900.2274675389999	7963.938816	cloud-23933
combinations/pals_lcr.6.ufo.BOUNDED-12.pals+Problem12_label09.yml	true	TIMEOUT	990.934693162	909.8429688530014	8397.594624	cloud-24679	TIMEOUT	991.282740624	777.3134040349978	7791.292416	cloud-24261
combinations/pals_lcr.6.ufo.UNBOUNDED.pals+Problem12_label00.yml	false	TIMEOUT	991.486065699	789.149898152973	9338.261504	cloud-23944	TIMEOUT	992.532909946	805.1318097709955	7797.272576	cloud-24261
combinations/pals_lcr.6.ufo.UNBOUNDED.pals+Problem12_label01.yml	true	TIMEOUT	991.032160567	911.5468244259991	8436.334592	cloud-24678	TIMEOUT	991.9435347	756.3380567630084	7743.365120	cloud-23944
combinations/pals_lcr.6.ufo.UNBOUNDED.pals+Problem12_label02.yml	true	TIMEOUT	990.712225226	936.0429187609989	7991.566336	cloud-23941	TIMEOUT	991.202729143	874.028962715005	7297.802240	cloud-24259
combinations/pals_lcr.6.ufo.UNBOUNDED.pals+Problem12_label03.yml	false	TIMEOUT	991.170894532	830.8399557480006	7656.673280	cloud-23942	TIMEOUT	992.013060015	769.7323954730018	7718.117376	cloud-23979
combinations/pals_lcr.6.ufo.UNBOUNDED.pals+Problem12_label04.yml	true	TIMEOUT	990.977677105	902.9158190359994	8420.044800	cloud-24679	TIMEOUT	991.363906889	788.5545902270023	9281.298432	cloud-23979
combinations/pals_lcr.6.ufo.UNBOUNDED.pals+Problem12_label05.yml	true	TIMEOUT	990.948252475	919.8701273189981	8553.127936	cloud-24441	TIMEOUT (ERROR (solver error, after parsing finished))	911.867874266	839.7727708729999	7769.292800	cloud-23939
combinations/pals_lcr.6.ufo.UNBOUNDED.pals+Problem12_label06.yml	false	TIMEOUT	991.044556513	892.788752608998	8432.648192	cloud-24679	TIMEOUT	992.063372165	761.9418323400023	7768.735744	cloud-23942
combinations/pals_lcr.6.ufo.UNBOUNDED.pals+Problem12_label07.yml	false	TIMEOUT	991.01552089	905.8692455000019	8912.916480	cloud-24679	TIMEOUT	991.597443208	814.3523414970041	7726.374912	cloud-24259
combinations/pals_lcr.6.ufo.UNBOUNDED.pals+Problem12_label08.yml	false	TIMEOUT	991.24686826	903.4950611009999	9274.630144	cloud-24642	TIMEOUT	991.105982947	898.386160449998	8316.485632	cloud-24259
combinations/pals_lcr.6.ufo.UNBOUNDED.pals+Problem12_label09.yml	true	TIMEOUT	990.823188499	915.8849101699889	8416.636928	cloud-23944	TIMEOUT	991.278842127	777.8024284649999	7771.754496	cloud-23939
combinations/pals_lcr.6_overflow.ufo.UNBOUNDED.pals+Problem12_label01.yml	false	TIMEOUT	991.056073948	908.8588197300014	9205.747712	cloud-24441	TIMEOUT	992.315817491	784.7102813189995	6869.004288	cloud-23939
combinations/pals_lcr.6_overflow.ufo.UNBOUNDED.pals+Problem12_label02.yml	false	TIMEOUT	991.403218015	894.4044264789845	8394.448896	cloud-23944	TIMEOUT (ERROR (solver error, after parsing finished))	924.433065643	847.346718752	7961.952256	cloud-23979
combinations/pals_lcr.6_overflow.ufo.UNBOUNDED.pals+Problem12_label04.yml	false	TIMEOUT	990.846718541	914.6950876019837	8445.681664	cloud-23943	TIMEOUT	991.567632574	775.0973370860011	9659.211776	cloud-23933
combinations/pals_lcr.6_overflow.ufo.UNBOUNDED.pals+Problem12_label05.yml	false	TIMEOUT	991.019808096	912.2050307370009	7383.195648	cloud-24679	TIMEOUT (ERROR (solver error, after parsing finished))	955.823768999	868.4029904069976	7787.732992	cloud-24261
combinations/pals_lcr.6_overflow.ufo.UNBOUNDED.pals+Problem12_label09.yml	false	TIMEOUT	990.952420476	911.2722679300023	8522.514432	cloud-24678	TIMEOUT	992.497800435	766.3108960590034	7750.860800	cloud-23941
combinations/pals_lcr.7.1.ufo.BOUNDED-14.pals+Problem12_label01.yml	false	TIMEOUT	990.942995689	907.7078404970016	8458.899456	cloud-24642	TIMEOUT	991.116481681	838.8092247050008	7410.257920	cloud-24259
combinations/pals_lcr.7.1.ufo.BOUNDED-14.pals+Problem12_label02.yml	false	TIMEOUT	990.81242595	941.8746553229867	9750.777856	cloud-23941	ERROR (solver error, after parsing finished)	893.808095807	836.631108816	7906.242560	cloud-23941
combinations/pals_lcr.7.1.ufo.BOUNDED-14.pals+Problem12_label04.yml	false	TIMEOUT	990.881617443	925.7394833459985	9952.804864	cloud-23940	TIMEOUT	991.609779861	815.5911051240037	7751.995392	cloud-23942
combinations/pals_lcr.7.1.ufo.BOUNDED-14.pals+Problem12_label05.yml	false	TIMEOUT	990.689596123	940.640397649986	7774.072832	cloud-23944	ERROR (solver error, after parsing finished)	897.114387409	838.6539729969954	7768.096768	cloud-23940
combinations/pals_lcr.7.1.ufo.BOUNDED-14.pals+Problem12_label09.yml	false	TIMEOUT	990.924088981	910.2139263690005	8449.900544	cloud-24642	TIMEOUT	990.837680091	806.3639571349995	7275.810816	cloud-24259
combinations/pals_lcr.7.1.ufo.UNBOUNDED.pals+Problem12_label01.yml	false	TIMEOUT	990.801599107	914.398121383012	8470.749184	cloud-23943	TIMEOUT	991.634276655	785.9586934359977	8564.695040	cloud-23944
combinations/pals_lcr.7.1.ufo.UNBOUNDED.pals+Problem12_label02.yml	false	TIMEOUT	990.826242403	941.2150545960176	10026.905600	cloud-23940	TIMEOUT (ERROR (solver error, after parsing finished))	945.512428311	867.0517074789968	10175.778816	cloud-23979
combinations/pals_lcr.7.1.ufo.UNBOUNDED.pals+Problem12_label04.yml	false	TIMEOUT	991.075842979	900.9174863740009	8449.171456	cloud-24679	TIMEOUT	991.985468127	760.7860545049989	7803.871232	cloud-23941
combinations/pals_lcr.7.1.ufo.UNBOUNDED.pals+Problem12_label05.yml	false	TIMEOUT	990.677098367	931.1159848870011	7793.860608	cloud-23939	TIMEOUT (ERROR (solver error, after parsing finished))	952.130766764	854.4095532319989	7776.468992	cloud-23979
combinations/pals_lcr.7.1.ufo.UNBOUNDED.pals+Problem12_label09.yml	false	TIMEOUT	990.878923399	905.2100323279997	8498.982912	cloud-24441	TIMEOUT	991.352601211	781.4122247319974	7778.738176	cloud-23939
combinations/pals_lcr.7.ufo.BOUNDED-14.pals+Problem12_label00.yml	false	TIMEOUT	992.251070889	764.1884350089999	8543.899648	cloud-24678	TIMEOUT	991.631738026	829.3661947730002	7363.403776	cloud-23979
combinations/pals_lcr.7.ufo.BOUNDED-14.pals+Problem12_label01.yml	true	TIMEOUT	991.009887593	907.1977133850014	9249.001472	cloud-24679	TIMEOUT	991.192310122	795.2975470070014	6876.884992	cloud-23943
combinations/pals_lcr.7.ufo.BOUNDED-14.pals+Problem12_label02.yml	true	TIMEOUT	990.665077736	943.0437279219914	7811.371008	cloud-23942	TIMEOUT (ERROR (solver error, after parsing finished))	921.964909314	856.1480958009997	7745.699840	cloud-23979
combinations/pals_lcr.7.ufo.BOUNDED-14.pals+Problem12_label03.yml	false	TIMEOUT	991.237606637	741.8511855260003	7361.794048	cloud-24679	TIMEOUT	992.575004215	763.5065046979944	7770.554368	cloud-24261
combinations/pals_lcr.7.ufo.BOUNDED-14.pals+Problem12_label04.yml	true	TIMEOUT	990.787204413	920.0414951109851	8455.163904	cloud-23944	TIMEOUT	991.004436451	786.3299455699962	7725.559808	cloud-23942
combinations/pals_lcr.7.ufo.BOUNDED-14.pals+Problem12_label05.yml	true	TIMEOUT	990.882541901	934.6540878689993	7464.259584	cloud-24678	TIMEOUT (ERROR (solver error, after parsing finished))	948.509537617	876.4106311690048	7757.844480	cloud-24261
combinations/pals_lcr.7.ufo.BOUNDED-14.pals+Problem12_label06.yml	false	TIMEOUT	991.047491327	906.8527899979999	8495.292416	cloud-24678	TIMEOUT	991.380294626	774.7944450649993	7508.684800	cloud-24261
combinations/pals_lcr.7.ufo.BOUNDED-14.pals+Problem12_label07.yml	false	TIMEOUT	991.106467585	908.2368633959995	11286.704128	cloud-24678	TIMEOUT	991.648481851	811.7391663849994	7752.892416	cloud-24261
combinations/pals_lcr.7.ufo.BOUNDED-14.pals+Problem12_label08.yml	false	TIMEOUT	990.829535306	928.8527482549998	7464.710144	cloud-24441	ERROR (solver error, after parsing finished)	899.294174667	834.3041053499983	7320.035328	cloud-23944
combinations/pals_lcr.7.ufo.BOUNDED-14.pals+Problem12_label09.yml	true	TIMEOUT	991.031756518	905.280708364	8466.882560	cloud-24679	TIMEOUT	993.192823622	775.5346991489932	10650.132480	cloud-24261
combinations/pals_lcr.7.ufo.UNBOUNDED.pals+Problem12_label00.yml	false	TIMEOUT	992.25532157	802.3964185439982	7777.792000	cloud-24441	TIMEOUT	992.601170658	803.924894556	7785.291776	cloud-23933
combinations/pals_lcr.7.ufo.UNBOUNDED.pals+Problem12_label01.yml	true	TIMEOUT	991.043179159	914.6628289809996	10825.011200	cloud-24678	TIMEOUT	991.406123376	770.0078243649914	7776.878592	cloud-23941
combinations/pals_lcr.7.ufo.UNBOUNDED.pals+Problem12_label02.yml	true	TIMEOUT	990.720858378	932.2596828349924	7381.155840	cloud-23943	TIMEOUT (ERROR (solver error, after parsing finished))	969.373321195	887.349049935	7481.524224	cloud-23979
combinations/pals_lcr.7.ufo.UNBOUNDED.pals+Problem12_label03.yml	false	TIMEOUT	991.880419396	780.0362987440021	7751.376896	cloud-24441	TIMEOUT	991.218781932	792.4453745380015	7523.569664	cloud-23941
combinations/pals_lcr.7.ufo.UNBOUNDED.pals+Problem12_label04.yml	true	TIMEOUT	991.042310784	905.3050650740006	8499.200000	cloud-24679	TIMEOUT	990.844976964	771.240350892	8398.266368	cloud-23940
combinations/pals_lcr.7.ufo.UNBOUNDED.pals+Problem12_label05.yml	true	TIMEOUT	990.63197858	943.0565227580082	7785.422848	cloud-23939	TIMEOUT (ERROR (solver error, after parsing finished))	908.735723073	837.7380384150019	7944.151040	cloud-23941
combinations/pals_lcr.7.ufo.UNBOUNDED.pals+Problem12_label06.yml	false	TIMEOUT	990.990165677	896.3757973430002	8480.890880	cloud-24678	TIMEOUT	990.935664248	763.3584157520017	8381.644800	cloud-23939
combinations/pals_lcr.7.ufo.UNBOUNDED.pals+Problem12_label07.yml	false	TIMEOUT	991.067375299	906.4504517190016	8471.674880	cloud-24642	TIMEOUT	990.819532687	774.2732256379968	7788.703744	cloud-23979
combinations/pals_lcr.7.ufo.UNBOUNDED.pals+Problem12_label08.yml	false	TIMEOUT	990.928443699	907.3775880579997	8430.542848	cloud-24679	TIMEOUT	991.018473914	909.3829138639999	7778.836480	cloud-24261
combinations/pals_lcr.7.ufo.UNBOUNDED.pals+Problem12_label09.yml	true	TIMEOUT	990.999828982	905.1436733629998	8482.463744	cloud-24441	TIMEOUT	991.515365969	775.4393608979999	7744.294912	cloud-23933
combinations/pals_lcr.7_overflow.ufo.UNBOUNDED.pals+Problem12_label01.yml	false	TIMEOUT	991.018116818	908.9279527830004	8439.336960	cloud-24678	TIMEOUT	992.004402891	794.2330132619973	7766.188032	cloud-23942
combinations/pals_lcr.7_overflow.ufo.UNBOUNDED.pals+Problem12_label02.yml	false	TIMEOUT	990.861637267	923.5898478139989	7404.228608	cloud-24678	TIMEOUT	991.021545201	897.893603298	7792.140288	cloud-23933
combinations/pals_lcr.7_overflow.ufo.UNBOUNDED.pals+Problem12_label04.yml	false	TIMEOUT	990.856315319	912.1666849379981	8059.621376	cloud-24642	TIMEOUT	992.628719378	744.7750169770006	7454.232576	cloud-24261
combinations/pals_lcr.7_overflow.ufo.UNBOUNDED.pals+Problem12_label05.yml	false	TIMEOUT	990.822200952	920.0424186689997	7296.843776	cloud-24441	TIMEOUT (ERROR (solver error, after parsing finished))	969.127505758	882.5261371250017	7914.700800	cloud-23933
combinations/pals_lcr.7_overflow.ufo.UNBOUNDED.pals+Problem12_label09.yml	false	TIMEOUT	990.719548766	926.0711407170165	8493.449216	cloud-23939	TIMEOUT	991.634415735	769.1292788149949	7785.582592	cloud-24261
combinations/pals_lcr.8.1.ufo.BOUNDED-16.pals+Problem12_label01.yml	false	TIMEOUT	990.977870254	905.5093514580003	8556.371968	cloud-24679	TIMEOUT	991.400293836	768.9404391019998	7906.533376	cloud-23979
combinations/pals_lcr.8.1.ufo.BOUNDED-16.pals+Problem12_label02.yml	false	TIMEOUT	991.134129587	906.8404658889995	8499.875840	cloud-24642	ERROR (solver error, after parsing finished)	892.133364395	834.8395708930038	10511.863808	cloud-23939
combinations/pals_lcr.8.1.ufo.BOUNDED-16.pals+Problem12_label04.yml	false	TIMEOUT	990.859439746	905.9001318970113	8587.337728	cloud-23943	TIMEOUT	992.177948046	767.1798770259993	8418.742272	cloud-23942
combinations/pals_lcr.8.1.ufo.BOUNDED-16.pals+Problem12_label05.yml	false	TIMEOUT	990.978788363	933.5438525209975	8992.235520	cloud-24678	TIMEOUT (ERROR (solver error, after parsing finished))	972.456526856	893.962831236	7830.380544	cloud-23933
combinations/pals_lcr.8.1.ufo.BOUNDED-16.pals+Problem12_label09.yml	false	TIMEOUT	991.035619537	906.5518265010014	8526.479360	cloud-24679	TIMEOUT	991.373332726	793.795194336	11086.688256	cloud-24276
combinations/pals_lcr.8.1.ufo.UNBOUNDED.pals+Problem12_label01.yml	false	TIMEOUT	990.982078703	902.6716198430004	8521.555968	cloud-24441	TIMEOUT	991.660434706	790.4984742169981	7827.664896	cloud-24261
combinations/pals_lcr.8.1.ufo.UNBOUNDED.pals+Problem12_label02.yml	false	TIMEOUT	990.866864448	928.0255787420028	7676.006400	cloud-24678	TIMEOUT (ERROR (solver error, after parsing finished))	936.277786376	865.2897792170043	7993.094144	cloud-23941
combinations/pals_lcr.8.1.ufo.UNBOUNDED.pals+Problem12_label04.yml	false	TIMEOUT	990.798417038	917.2151287860179	8562.167808	cloud-23940	TIMEOUT	992.104275266	781.7285762370011	7813.066752	cloud-24261
combinations/pals_lcr.8.1.ufo.UNBOUNDED.pals+Problem12_label05.yml	false	TIMEOUT	990.921846001	929.7264274939989	8859.406336	cloud-24679	TIMEOUT	991.010608944	904.338701182	10123.460608	cloud-23933
combinations/pals_lcr.8.1.ufo.UNBOUNDED.pals+Problem12_label09.yml	false	TIMEOUT	990.761901308	921.8874669770012	8559.980544	cloud-23942	TIMEOUT	991.665104725	756.6481130809989	7815.204864	cloud-23939
combinations/pals_lcr.8.ufo.BOUNDED-16.pals+Problem12_label00.yml	false	TIMEOUT	991.204056461	773.3030904589978	7383.990272	cloud-23941	TIMEOUT	992.764385377	778.750685735	10458.509312	cloud-23933
combinations/pals_lcr.8.ufo.BOUNDED-16.pals+Problem12_label01.yml	true	TIMEOUT	990.933428335	908.348075222	8531.152896	cloud-24679	TIMEOUT	991.521727697	786.1542383060005	7787.499520	cloud-23940
combinations/pals_lcr.8.ufo.BOUNDED-16.pals+Problem12_label02.yml	true	TIMEOUT	990.863653947	909.9739004780131	8591.679488	cloud-23944	TIMEOUT (ERROR (solver error, after parsing finished))	934.124707048	864.8003659239985	7838.617600	cloud-24261
combinations/pals_lcr.8.ufo.BOUNDED-16.pals+Problem12_label03.yml	false	TIMEOUT	990.665655588	759.29338757199	7792.168960	cloud-23943	TIMEOUT	991.239871055	765.1943262229979	9825.124352	cloud-23941
combinations/pals_lcr.8.ufo.BOUNDED-16.pals+Problem12_label04.yml	true	TIMEOUT	990.94201872	911.5718271439982	8539.217920	cloud-24679	TIMEOUT	991.743566681	795.6028470779984	7457.611776	cloud-23979
combinations/pals_lcr.8.ufo.BOUNDED-16.pals+Problem12_label05.yml	true	TIMEOUT	990.878026028	931.897118036999	8236.945408	cloud-24678	TIMEOUT (ERROR (solver error, after parsing finished))	910.178162844	849.0791190050004	7631.536128	cloud-23944
combinations/pals_lcr.8.ufo.BOUNDED-16.pals+Problem12_label06.yml	false	TIMEOUT	990.982122367	906.2064791859993	8567.353344	cloud-24642	TIMEOUT	991.446851435	750.2720295670006	8288.792576	cloud-23942
combinations/pals_lcr.8.ufo.BOUNDED-16.pals+Problem12_label07.yml	false	TIMEOUT	990.954933547	901.4947825830004	8574.394368	cloud-24679	TIMEOUT	992.213204583	787.7925071310019	7816.454144	cloud-24261
combinations/pals_lcr.8.ufo.BOUNDED-16.pals+Problem12_label08.yml	false	TIMEOUT	990.663833169	938.3773531439947	7803.985920	cloud-23942	TIMEOUT (ERROR (solver error, after parsing finished))	925.474987751	858.1393250799956	7833.038848	cloud-23942
combinations/pals_lcr.8.ufo.BOUNDED-16.pals+Problem12_label09.yml	true	TIMEOUT	990.740870849	926.3279927179974	8575.193088	cloud-23942	TIMEOUT	991.104019114	764.0539122949995	10219.532288	cloud-23979
combinations/pals_lcr.8.ufo.UNBOUNDED.pals+Problem12_label00.yml	false	TIMEOUT	991.784556752	796.2626279009992	7491.489792	cloud-24441	TIMEOUT	991.836419457	786.618158559002	7841.169408	cloud-23942
combinations/pals_lcr.8.ufo.UNBOUNDED.pals+Problem12_label01.yml	true	TIMEOUT	990.884911543	925.3261299649894	10770.915328	cloud-23939	TIMEOUT	992.45468716	796.037357118	7821.230080	cloud-24276
combinations/pals_lcr.8.ufo.UNBOUNDED.pals+Problem12_label02.yml	true	TIMEOUT	990.674339087	939.7264459569997	8074.878976	cloud-23939	TIMEOUT (ERROR (solver error, after parsing finished))	910.737243161	844.8522910769971	7865.208832	cloud-23941
combinations/pals_lcr.8.ufo.UNBOUNDED.pals+Problem12_label03.yml	false	TIMEOUT	992.043658068	754.9437844239983	7827.238912	cloud-24679	TIMEOUT	990.815913546	786.5999565120001	7848.423424	cloud-23933
combinations/pals_lcr.8.ufo.UNBOUNDED.pals+Problem12_label04.yml	true	TIMEOUT	990.69903742	928.651766453986	8104.951808	cloud-23939	TIMEOUT	992.127586777	761.3277561489958	7832.080384	cloud-24261
combinations/pals_lcr.8.ufo.UNBOUNDED.pals+Problem12_label05.yml	true	TIMEOUT	991.006049777	889.1663864839993	8478.629888	cloud-24441	TIMEOUT (ERROR (solver error, after parsing finished))	942.196303403	862.5076133609982	7811.919872	cloud-24261
combinations/pals_lcr.8.ufo.UNBOUNDED.pals+Problem12_label06.yml	false	TIMEOUT	991.044898507	903.4329953870001	10348.109824	cloud-24678	TIMEOUT	991.001375902	788.2448838089986	7345.766400	cloud-23979
combinations/pals_lcr.8.ufo.UNBOUNDED.pals+Problem12_label07.yml	false	TIMEOUT	990.733293207	924.747468157002	8578.854912	cloud-23942	TIMEOUT	991.413579956	782.3954369380081	7817.900032	cloud-23943
combinations/pals_lcr.8.ufo.UNBOUNDED.pals+Problem12_label08.yml	false	TIMEOUT	990.821678262	928.9018185450004	7858.118656	cloud-24678	TIMEOUT (ERROR (solver error, after parsing finished))	946.683377201	873.5228725009947	7801.843712	cloud-24261
combinations/pals_lcr.8.ufo.UNBOUNDED.pals+Problem12_label09.yml	true	TIMEOUT	991.095767664	914.1208601479993	11477.143552	cloud-24678	TIMEOUT	991.211823107	772.0517665810003	8331.919360	cloud-24261
combinations/pals_lcr.8_overflow.ufo.UNBOUNDED.pals+Problem12_label01.yml	false	TIMEOUT	990.93970719	908.4858806890006	8539.291648	cloud-24642	TIMEOUT	990.933541349	772.4323611479922	7821.369344	cloud-23944
combinations/pals_lcr.8_overflow.ufo.UNBOUNDED.pals+Problem12_label02.yml	false	TIMEOUT	990.672102818	939.8382059480064	7368.519680	cloud-23940	TIMEOUT	990.991217607	892.891688691	7608.303616	cloud-23933
combinations/pals_lcr.8_overflow.ufo.UNBOUNDED.pals+Problem12_label04.yml	false	TIMEOUT	991.145601921	910.1105011649997	10044.227584	cloud-24679	TIMEOUT	991.557388139	764.9158399989974	7795.060736	cloud-23941
combinations/pals_lcr.8_overflow.ufo.UNBOUNDED.pals+Problem12_label05.yml	false	TIMEOUT	990.793245033	909.5976385789982	8521.396224	cloud-23940	TIMEOUT	991.312891905	891.3000679590041	7957.200896	cloud-24261
combinations/pals_lcr.8_overflow.ufo.UNBOUNDED.pals+Problem12_label09.yml	false	TIMEOUT	990.813481615	916.005645755009	8560.541696	cloud-23941	TIMEOUT	991.579656978	778.9754658249949	7852.281856	cloud-24261
combinations/pc_sfifo_1.cil-1+token_ring.01.cil-1.yml	false	false(unreach-call)	32.663362684	18.856728820999706	776.179712	cloud-24678	false(unreach-call)	48.149642279	27.033579773999918	756.424704	cloud-23979
combinations/pc_sfifo_1.cil-1+token_ring.02.cil-1.yml	false	false(unreach-call)	34.966742672	21.461283327000274	705.757184	cloud-24678	false(unreach-call)	54.939834019	31.181338743997912	831.492096	cloud-23933
combinations/pc_sfifo_1.cil-1+token_ring.03.cil-2.yml	false	false(unreach-call)	37.048237307	23.366258187000312	820.912128	cloud-24678	false(unreach-call)	59.167520043	35.21599252099986	905.089024	cloud-23979
combinations/pc_sfifo_1.cil-1+token_ring.04.cil-1.yml	false	false(unreach-call)	46.018832215	28.704496301999825	757.411840	cloud-24441	false(unreach-call)	52.638270203	32.884738210999785	721.596416	cloud-23979
combinations/pc_sfifo_1.cil-1+token_ring.05.cil-1.yml	false	false(unreach-call)	39.153204955	25.73034408100648	794.730496	cloud-23939	false(unreach-call)	64.867506336	40.960277382000186	775.983104	cloud-23979
combinations/pc_sfifo_1.cil-1+token_ring.06.cil-2.yml	false	false(unreach-call)	53.974689457	36.149032999001065	824.213504	cloud-24678	false(unreach-call)	89.443329153	57.25043273900155	946.782208	cloud-24259
combinations/pc_sfifo_1.cil-1+token_ring.07.cil-1.yml	false	false(unreach-call)	60.698735524	41.034564447999855	974.561280	cloud-24679	false(unreach-call)	95.38208653	63.372361677997105	1068.716032	cloud-23933
combinations/pc_sfifo_1.cil-1+token_ring.08.cil-1.yml	false	false(unreach-call)	72.000490579	48.893539091001	1044.848640	cloud-24441	false(unreach-call)	88.616841373	57.89281682600085	1085.865984	cloud-23979
combinations/pc_sfifo_1.cil-1+token_ring.09.cil-1.yml	false	false(unreach-call)	74.599885273	52.13687080599993	1231.220736	cloud-24642	false(unreach-call)	119.864032382	81.04723385000398	1100.009472	cloud-24259
combinations/pc_sfifo_1.cil-1+token_ring.10.cil-2.yml	false	false(unreach-call)	73.213294135	52.72973604799995	1145.270272	cloud-24678	false(unreach-call)	96.267001007	67.54780668400053	1040.867328	cloud-23979
combinations/pc_sfifo_1.cil-1+token_ring.11.cil-2.yml	false	false(unreach-call)	90.862961054	66.88119698100127	1270.751232	cloud-24642	false(unreach-call)	109.938333105	79.17034510899975	1596.694528	cloud-23979
combinations/pc_sfifo_1.cil-1+token_ring.12.cil-2.yml	false	false(unreach-call)	97.649058657	73.26605961200039	1411.887104	cloud-24642	false(unreach-call)	139.169634882	101.26917161399979	1515.204608	cloud-23933
combinations/pc_sfifo_1.cil-1+token_ring.13.cil-2.yml	false	false(unreach-call)	107.231584468	80.08418852700015	2069.643264	cloud-24679	false(unreach-call)	165.914600781	122.64261652200366	1953.239040	cloud-24259
combinations/pc_sfifo_1.cil-2+token_ring.01.cil-1.yml	true	true	69.167724118	49.32054507399971	918.343680	cloud-24642	true	113.055852154	80.6370134079989	844.554240	cloud-23933
combinations/pc_sfifo_1.cil-2+token_ring.01.cil-2.yml	false	false(unreach-call)	70.273081406	48.737936123000054	773.492736	cloud-24642	false(unreach-call)	92.386127386	65.07244188799996	836.517888	cloud-23979
combinations/pc_sfifo_1.cil-2+token_ring.02.cil-1.yml	true	true	120.216231052	97.55909195899949	991.801344	cloud-24679	true	205.277503218	168.829793926001	1156.694016	cloud-23933
combinations/pc_sfifo_1.cil-2+token_ring.02.cil-2.yml	false	false(unreach-call)	116.915468021	92.39481964299921	894.222336	cloud-24441	false(unreach-call)	152.822815097	124.1285314759989	858.316800	cloud-23979
combinations/pc_sfifo_1.cil-2+token_ring.03.cil-1.yml	false	false(unreach-call)	213.212102244	187.12968345800073	894.779392	cloud-24441	false(unreach-call)	349.142953024	309.8474219580021	955.523072	cloud-24259
combinations/pc_sfifo_1.cil-2+token_ring.03.cil-2.yml	true	true	309.381126794	285.8140721569998	1139.351552	cloud-24441	true	486.270524744	450.6518456509948	1003.728896	cloud-24259
combinations/pc_sfifo_1.cil-2+token_ring.04.cil-1.yml	true	TIMEOUT	990.840825729	952.4760180480007	991.105024	cloud-24441	TIMEOUT (ERROR (inner timeout, after parsing finished))	964.218625971	921.1194761670013	956.260352	cloud-24259
combinations/pc_sfifo_1.cil-2+token_ring.04.cil-2.yml	false	false(unreach-call)	817.698268461	785.0889635579988	1069.821952	cloud-24441	TIMEOUT (ERROR (inner timeout, after parsing finished))	955.517967588	917.3968903420027	1018.662912	cloud-23933
combinations/pc_sfifo_1.cil-2+token_ring.05.cil-1.yml	true	TIMEOUT	990.734029446	951.4203296939959	1065.271296	cloud-23941	TIMEOUT (ERROR (inner timeout, after parsing finished))	966.730908269	920.7728048320059	955.314176	cloud-23933
combinations/pc_sfifo_1.cil-2+token_ring.05.cil-2.yml	false	TIMEOUT	990.774903586	954.9551393390002	1039.962112	cloud-24441	ERROR (solver error, after parsing finished)	765.577007442	725.1592295230002	1073.618944	cloud-23933
combinations/pc_sfifo_1.cil-2+token_ring.06.cil-1.yml	false	TIMEOUT	990.770982415	946.6928079909994	1261.363200	cloud-23943	TIMEOUT (ERROR (inner timeout, after parsing finished))	954.257551525	914.957619879	1401.286656	cloud-23941
combinations/pc_sfifo_1.cil-2+token_ring.06.cil-2.yml	true	TIMEOUT	990.774404435	950.3072050009796	1186.885632	cloud-23940	ERROR (solver error, after parsing finished)	771.61655908	728.2361556719998	1168.015360	cloud-23933
combinations/pc_sfifo_1.cil-2+token_ring.07.cil-1.yml	true	TIMEOUT	990.851347831	945.8380787410006	1429.626880	cloud-24678	ERROR (solver error, after parsing finished)	762.463728653	723.1255014430001	1436.848128	cloud-23979
combinations/pc_sfifo_1.cil-2+token_ring.07.cil-2.yml	false	TIMEOUT	990.808643284	950.708829679	1677.135872	cloud-24642	ERROR (solver error, after parsing finished)	790.34769605	735.4928358239995	1170.079744	cloud-24259
combinations/pc_sfifo_1.cil-2+token_ring.08.cil-1.yml	true	TIMEOUT	990.781273195	933.9164626060001	1392.914432	cloud-24679	ERROR (solver error, after parsing finished)	782.61590068	731.869810571	1356.632064	cloud-23979
combinations/pc_sfifo_1.cil-2+token_ring.08.cil-2.yml	false	TIMEOUT	990.351746931	940.5709554800005	1343.188992	cloud-24441	ERROR (solver error, after parsing finished)	794.664327376	735.6274000470003	1171.087360	cloud-24259
combinations/pc_sfifo_1.cil-2+token_ring.09.cil-1.yml	true	TIMEOUT	990.990545746	946.8208114860008	1601.540096	cloud-24642	ERROR (solver error, after parsing finished)	796.386872434	738.2085197209963	1586.343936	cloud-23979
combinations/pc_sfifo_1.cil-2+token_ring.09.cil-2.yml	false	TIMEOUT	990.745964839	932.5252811640094	1319.493632	cloud-23944	ERROR (solver error, after parsing finished)	782.330631145	733.1509157149994	1272.320000	cloud-23979
combinations/pc_sfifo_1.cil-2+token_ring.10.cil-1.yml	false	TIMEOUT	990.13331311	943.7117943230005	1328.701440	cloud-24678	ERROR (solver error, after parsing finished)	782.800071871	733.9010813490004	1084.108800	cloud-23979
combinations/pc_sfifo_1.cil-2+token_ring.10.cil-2.yml	true	TIMEOUT	990.254662713	932.2149497869996	1268.936704	cloud-24642	ERROR (solver error, after parsing finished)	790.846805445	738.2856895270015	1181.331456	cloud-23933
combinations/pc_sfifo_1.cil-2+token_ring.11.cil-1.yml	false	TIMEOUT	991.167163388	932.819389585	1607.077888	cloud-24642	ERROR (solver error, after parsing finished)	802.617228047	737.7641088310011	1499.557888	cloud-23979
combinations/pc_sfifo_1.cil-2+token_ring.11.cil-2.yml	true	TIMEOUT	990.984697378	942.2342895069996	1628.618752	cloud-24642	ERROR (solver error, after parsing finished)	786.74747431	735.5231131999999	1305.522176	cloud-23979
combinations/pc_sfifo_1.cil-2+token_ring.12.cil-1.yml	false	TIMEOUT	992.017392341	929.321856292001	1574.445056	cloud-24642	ERROR (solver error, after parsing finished)	834.074559561	752.059410392998	1557.094400	cloud-24259
combinations/pc_sfifo_1.cil-2+token_ring.12.cil-2.yml	true	TIMEOUT	990.176422999	939.6921721169992	1638.989824	cloud-24441	ERROR (solver error, after parsing finished)	788.586825858	739.264002226002	1533.399040	cloud-23979
combinations/pc_sfifo_1.cil-2+token_ring.13.cil-1.yml	false	TIMEOUT	990.546068618	940.0255370169998	2350.260224	cloud-24678	ERROR (solver error, after parsing finished)	815.426818477	754.7875375990043	2258.878464	cloud-23933
combinations/pc_sfifo_1.cil-2+token_ring.13.cil-2.yml	true	TIMEOUT	991.191194711	940.0106955729989	2201.219072	cloud-24678	ERROR (solver error, after parsing finished)	823.380674328	761.062705632	1727.340544	cloud-23933
combinations/pc_sfifo_1.cil-2+token_ring.14.cil.yml	false	TIMEOUT	991.021491278	941.9808845279999	1765.597184	cloud-24441	ERROR (solver error, after parsing finished)	812.38312843	751.6813698990009	1520.271360	cloud-23933
combinations/pc_sfifo_1.cil-2+token_ring.15.cil.yml	false	TIMEOUT	991.476612442	940.1480409649994	2625.069056	cloud-24642	TIMEOUT	990.66344892	899.4781823010053	2190.217216	cloud-24259
combinations/pc_sfifo_2.cil-1+token_ring.01.cil-1.yml	true	true	96.529943081	73.78914521800016	1007.558656	cloud-24679	true	126.033404802	96.81520595500115	1010.204672	cloud-23979
combinations/pc_sfifo_2.cil-1+token_ring.01.cil-2.yml	false	false(unreach-call)	84.050024408	63.00543035699957	776.466432	cloud-24441	false(unreach-call)	127.546460603	89.97155194000516	809.050112	cloud-23933
combinations/pc_sfifo_2.cil-1+token_ring.02.cil-1.yml	true	true	162.278118899	140.2540348319999	1091.833856	cloud-24642	true	206.465069187	175.6048779690027	1043.927040	cloud-23979
combinations/pc_sfifo_2.cil-1+token_ring.02.cil-2.yml	false	false(unreach-call)	146.739799585	124.01489796700116	1026.027520	cloud-24678	false(unreach-call)	208.331885797	174.42467393500556	938.250240	cloud-23979
combinations/pc_sfifo_2.cil-1+token_ring.03.cil-1.yml	false	false(unreach-call)	291.460365575	268.034300571	974.467072	cloud-24642	false(unreach-call)	395.327341602	360.72274712499984	999.677952	cloud-23979
combinations/pc_sfifo_2.cil-1+token_ring.03.cil-2.yml	true	true	391.146578055	362.3168222969998	1000.886272	cloud-24441	true	507.709927928	468.71242812499986	1077.723136	cloud-23979
combinations/pc_sfifo_2.cil-1+token_ring.04.cil-1.yml	true	TIMEOUT	990.923032596	946.3142463410004	1003.282432	cloud-24441	ERROR (solver error, after parsing finished)	771.776423667	727.9992951029999	1145.004032	cloud-24259
combinations/pc_sfifo_2.cil-1+token_ring.04.cil-2.yml	false	false(unreach-call)	717.618687178	685.5485474689999	1056.456704	cloud-24441	ERROR (solver error, after parsing finished)	765.81106365	724.9261300449944	953.602048	cloud-23933
combinations/pc_sfifo_2.cil-1+token_ring.05.cil-1.yml	true	TIMEOUT	990.808916131	955.2756952769996	1187.012608	cloud-24678	ERROR (solver error, after parsing finished)	762.653924655	722.938519538	1024.888832	cloud-23979
combinations/pc_sfifo_2.cil-1+token_ring.05.cil-2.yml	false	TIMEOUT	990.73994027	952.869791776	1236.062208	cloud-24678	ERROR (solver error, after parsing finished)	772.979719345	727.9278248539995	1324.523520	cloud-23933
combinations/pc_sfifo_2.cil-1+token_ring.06.cil-1.yml	false	TIMEOUT	990.797616639	950.7562154260004	1279.791104	cloud-24678	TIMEOUT (ERROR (inner timeout, after parsing finished))	988.297005595	925.304604626006	972.681216	cloud-24259
combinations/pc_sfifo_2.cil-1+token_ring.06.cil-2.yml	true	TIMEOUT	990.885470981	946.6479271110002	1350.324224	cloud-24642	TIMEOUT (ERROR (inner timeout, after parsing finished))	974.263202225	926.1426158460017	1137.524736	cloud-24259
combinations/pc_sfifo_2.cil-1+token_ring.07.cil-1.yml	true	TIMEOUT	990.940763371	942.9393947049994	1343.672320	cloud-24679	ERROR (solver error, after parsing finished)	798.100584131	735.2654353940015	1273.978880	cloud-24259
combinations/pc_sfifo_2.cil-1+token_ring.07.cil-2.yml	false	TIMEOUT	991.06363544	945.4854121030003	1266.094080	cloud-24678	ERROR (solver error, after parsing finished)	780.410340596	726.1483397560005	1275.686912	cloud-23979
combinations/pc_sfifo_2.cil-1+token_ring.08.cil-1.yml	true	TIMEOUT	990.655285276	931.2083315959899	1357.697024	cloud-23940	ERROR (solver error, after parsing finished)	776.034047671	729.4376112900027	1447.284736	cloud-23979
combinations/pc_sfifo_2.cil-1+token_ring.08.cil-2.yml	false	TIMEOUT	990.838828314	938.2697824640001	1280.282624	cloud-24642	ERROR (solver error, after parsing finished)	768.326635276	722.7018517300003	1251.454976	cloud-23942
combinations/pc_sfifo_2.cil-1+token_ring.09.cil-1.yml	true	TIMEOUT	990.796738364	938.7134335079991	1410.150400	cloud-24642	ERROR (solver error, after parsing finished)	799.572670612	727.4581478989999	1529.311232	cloud-23939
combinations/pc_sfifo_2.cil-1+token_ring.09.cil-2.yml	false	TIMEOUT	990.978023576	943.8400729959999	1688.109056	cloud-24679	ERROR (solver error, after parsing finished)	795.56283497	736.2766427220049	1267.494912	cloud-23979
combinations/pc_sfifo_2.cil-1+token_ring.10.cil-1.yml	false	TIMEOUT	991.128245205	936.2930493630001	1712.209920	cloud-24441	ERROR (solver error, after parsing finished)	838.259799034	747.1444136249993	1261.289472	cloud-24259
combinations/pc_sfifo_2.cil-1+token_ring.10.cil-2.yml	true	TIMEOUT	990.846795522	926.7676474920008	1435.443200	cloud-23942	ERROR (solver error, after parsing finished)	808.118988858	744.1238228869988	1595.060224	cloud-23933
combinations/pc_sfifo_2.cil-1+token_ring.11.cil-1.yml	false	TIMEOUT	991.669402402	930.2788920129988	1563.516928	cloud-24642	ERROR (solver error, after parsing finished)	788.381461322	738.9092983029986	1249.648640	cloud-23979
combinations/pc_sfifo_2.cil-1+token_ring.11.cil-2.yml	true	TIMEOUT	991.641661201	925.1827343080004	1645.019136	cloud-24678	TIMEOUT (ERROR (verification stuck, after parsing finished))	951.550629876	873.9965540560006	1705.615360	cloud-23933
combinations/pc_sfifo_2.cil-1+token_ring.12.cil-1.yml	false	TIMEOUT	990.803651756	939.1477681370006	1748.004864	cloud-24441	ERROR (solver error, after parsing finished)	837.008320556	754.1703904620008	1768.771584	cloud-24259
combinations/pc_sfifo_2.cil-1+token_ring.12.cil-2.yml	true	TIMEOUT	990.991191091	938.0999300920012	2154.545152	cloud-24679	TIMEOUT (ERROR (verification stuck, after parsing finished))	977.110317667	896.7792686860003	2106.290176	cloud-23979
combinations/pc_sfifo_2.cil-1+token_ring.13.cil-1.yml	false	TIMEOUT	991.050645931	939.7971567789991	1961.091072	cloud-24678	ERROR (solver error, after parsing finished)	821.019227295	761.2617788159987	1865.895936	cloud-24259
combinations/pc_sfifo_2.cil-1+token_ring.13.cil-2.yml	true	TIMEOUT	990.511917741	912.256761828	2076.766208	cloud-24441	ERROR (solver error, after parsing finished)	803.755559918	748.8495651530002	1746.960384	cloud-23979
combinations/pc_sfifo_2.cil-1+token_ring.14.cil.yml	false	TIMEOUT	991.085158812	941.4725526699985	2312.892416	cloud-24678	ERROR (solver error, after parsing finished)	804.529231871	748.4989693550015	1925.111808	cloud-23979
combinations/pc_sfifo_2.cil-1+token_ring.15.cil.yml	false	TIMEOUT	992.107876855	939.2648219140001	1761.492992	cloud-24642	ERROR (solver error, after parsing finished)	828.003961965	761.819165072	2434.088960	cloud-23933
combinations/pc_sfifo_2.cil-2+token_ring.01.cil-1.yml	false	false(unreach-call)	36.830572376	20.373832631999903	792.125440	cloud-24441	false(unreach-call)	43.100904558	25.382009819999894	701.329408	cloud-23933
combinations/pc_sfifo_2.cil-2+token_ring.02.cil-1.yml	false	false(unreach-call)	35.589465887	21.659213678000015	759.967744	cloud-24678	false(unreach-call)	50.480215346	29.07341445100019	857.468928	cloud-23979
combinations/pc_sfifo_2.cil-2+token_ring.03.cil-2.yml	false	false(unreach-call)	40.885735733	25.427516327000376	706.211840	cloud-24678	false(unreach-call)	54.576359823	32.526498815001105	810.332160	cloud-23979
combinations/pc_sfifo_2.cil-2+token_ring.04.cil-1.yml	false	false(unreach-call)	43.51661013	27.75134473700018	733.360128	cloud-24679	false(unreach-call)	77.127360389	46.65904271000181	795.906048	cloud-24259
combinations/pc_sfifo_2.cil-2+token_ring.05.cil-1.yml	false	false(unreach-call)	50.216572571	32.913952053999765	988.336128	cloud-24642	false(unreach-call)	76.252262235	48.667605429000105	968.871936	cloud-23933
combinations/pc_sfifo_2.cil-2+token_ring.06.cil-2.yml	false	false(unreach-call)	44.124145466	29.558878379990347	972.410880	cloud-23939	false(unreach-call)	89.788074321	56.53792836900175	1119.821824	cloud-24259
combinations/pc_sfifo_2.cil-2+token_ring.07.cil-1.yml	false	false(unreach-call)	64.015612768	43.230501954999454	955.129856	cloud-24441	false(unreach-call)	99.930390347	64.76465943999938	1096.744960	cloud-24259
combinations/pc_sfifo_2.cil-2+token_ring.08.cil-1.yml	false	false(unreach-call)	70.630129984	49.040062548001515	1131.286528	cloud-24441	false(unreach-call)	100.638487586	67.01294730199879	1214.132224	cloud-23979
combinations/pc_sfifo_2.cil-2+token_ring.09.cil-1.yml	false	false(unreach-call)	75.894397806	53.65460384900143	1329.152000	cloud-24642	false(unreach-call)	109.895252294	73.59302740799467	1284.960256	cloud-23979
combinations/pc_sfifo_2.cil-2+token_ring.10.cil-2.yml	false	false(unreach-call)	67.588102421	48.99130527599482	1098.981376	cloud-23942	false(unreach-call)	129.163377007	88.56363406600212	1152.929792	cloud-23933
combinations/pc_sfifo_2.cil-2+token_ring.11.cil-2.yml	false	false(unreach-call)	97.84648981	70.55040657900099	1256.542208	cloud-24441	false(unreach-call)	131.648467234	96.1208383889998	1341.820928	cloud-23933
combinations/pc_sfifo_2.cil-2+token_ring.12.cil-2.yml	false	false(unreach-call)	103.606634148	76.02100009800051	1387.036672	cloud-24441	false(unreach-call)	133.486649813	95.05095901599998	1475.612672	cloud-23979
combinations/pc_sfifo_2.cil-2+token_ring.13.cil-2.yml	false	false(unreach-call)	114.904835171	86.5167518950002	2503.053312	cloud-24679	false(unreach-call)	138.572237795	102.69295577600133	2035.027968	cloud-23979
combinations/pc_sfifo_3.cil+token_ring.01.cil-1.yml	true	true	55.160343283	36.931004540999766	942.465024	cloud-24679	true	73.60774673	47.993708043999504	1013.780480	cloud-23979
combinations/pc_sfifo_3.cil+token_ring.01.cil-2.yml	false	false(unreach-call)	40.196301704	24.469327914999667	790.077440	cloud-24678	false(unreach-call)	54.529267832	32.40091552800004	837.545984	cloud-23979
combinations/pc_sfifo_3.cil+token_ring.02.cil-1.yml	true	true	187.879497398	160.49864168299973	987.557888	cloud-24679	true	223.280896064	190.22845587200027	1221.500928	cloud-23940
combinations/pc_sfifo_3.cil+token_ring.02.cil-2.yml	false	false(unreach-call)	180.476416222	154.5300035830005	882.393088	cloud-24679	false(unreach-call)	267.241524271	227.84070249600063	913.399808	cloud-23933
combinations/pc_sfifo_3.cil+token_ring.03.cil-1.yml	false	false(unreach-call)	303.541020554	275.4322120910001	1140.428800	cloud-24441	false(unreach-call)	331.594080725	298.9924390929955	1061.720064	cloud-23944
combinations/pc_sfifo_3.cil+token_ring.03.cil-2.yml	true	true	377.384610667	343.879763143	1103.470592	cloud-24679	true	505.174153529	462.8237569119956	979.849216	cloud-23979
combinations/pc_sfifo_3.cil+token_ring.04.cil-1.yml	true	TIMEOUT	990.891235046	950.7127305030003	1624.997888	cloud-24642	ERROR (solver error, after parsing finished)	766.034425722	724.9485464600002	1236.652032	cloud-23979
combinations/pc_sfifo_3.cil+token_ring.04.cil-2.yml	false	TIMEOUT	990.738771621	951.2990688439986	1113.534464	cloud-24678	ERROR (solver error, after parsing finished)	772.254321729	729.519461584001	1159.204864	cloud-24259
combinations/pc_sfifo_3.cil+token_ring.05.cil-1.yml	true	TIMEOUT	990.818613172	949.4849879009998	1391.525888	cloud-24678	TIMEOUT (ERROR (inner timeout, after parsing finished))	971.225680593	924.0248459900031	1305.956352	cloud-24259
combinations/pc_sfifo_3.cil+token_ring.05.cil-2.yml	false	TIMEOUT	990.880109864	950.967635826999	1199.853568	cloud-24679	ERROR (solver error, after parsing finished)	763.788976382	725.3546205529992	973.684736	cloud-23979
combinations/pc_sfifo_3.cil+token_ring.06.cil-1.yml	false	TIMEOUT	990.854136937	949.2646976329997	1118.625792	cloud-24441	ERROR (solver error, after parsing finished)	783.947153052	734.5402526959952	1397.116928	cloud-23933
combinations/pc_sfifo_3.cil+token_ring.06.cil-2.yml	true	TIMEOUT	990.840541703	947.7047472310005	1240.956928	cloud-24678	ERROR (solver error, after parsing finished)	765.868429153	725.6484462669978	1234.128896	cloud-23979
combinations/pc_sfifo_3.cil+token_ring.07.cil-1.yml	true	TIMEOUT	990.919715689	946.4359690750007	1368.023040	cloud-24678	TIMEOUT (ERROR (server error, after parsing finished))	972.419560683	923.7495882920011	1441.714176	cloud-23979
combinations/pc_sfifo_3.cil+token_ring.07.cil-2.yml	false	TIMEOUT	990.833516309	950.3178203140014	1315.180544	cloud-24441	ERROR (solver error, after parsing finished)	775.804369874	731.6687620869998	1269.612544	cloud-23979
combinations/pc_sfifo_3.cil+token_ring.08.cil-1.yml	true	TIMEOUT	990.972079937	945.8063418330003	1330.716672	cloud-24679	ERROR (verification stuck, after parsing finished)	881.709766431	826.4473133790016	1196.613632	cloud-24259
combinations/pc_sfifo_3.cil+token_ring.08.cil-2.yml	false	TIMEOUT	990.910430635	949.4302282860008	1451.282432	cloud-24642	ERROR (verification stuck, after parsing finished)	861.623207575	802.8601652200014	1534.009344	cloud-23933
combinations/pc_sfifo_3.cil+token_ring.09.cil-1.yml	true	TIMEOUT	990.954502769	949.273752082001	1532.067840	cloud-24642	ERROR (solver error, after parsing finished)	786.166974702	737.392742837	1101.295616	cloud-23933
combinations/pc_sfifo_3.cil+token_ring.09.cil-2.yml	false	TIMEOUT	990.209937917	943.5288869770011	1566.449664	cloud-24441	ERROR (solver error, after parsing finished)	792.929172336	740.4637269329978	1437.569024	cloud-23933
combinations/pc_sfifo_3.cil+token_ring.10.cil-1.yml	false	TIMEOUT	990.499202832	945.5297855980007	1833.672704	cloud-24642	ERROR (solver error, after parsing finished)	795.999530905	741.3387904309993	1296.330752	cloud-23979
combinations/pc_sfifo_3.cil+token_ring.10.cil-2.yml	true	TIMEOUT	991.347855428	945.3450962779998	1747.623936	cloud-24678	ERROR (solver error, after parsing finished)	800.218307365	745.1026383860008	1296.105472	cloud-23933
combinations/pc_sfifo_3.cil+token_ring.11.cil-1.yml	false	TIMEOUT	990.230851141	939.5134981129959	1849.532416	cloud-23943	TIMEOUT (ERROR (verification stuck, after parsing finished))	905.580992207	846.8091495429999	1536.057344	cloud-23933
combinations/pc_sfifo_3.cil+token_ring.11.cil-2.yml	true	TIMEOUT	990.625949068	939.7827401270006	1689.018368	cloud-24441	ERROR (solver error, after parsing finished)	800.07980227	745.4138748360001	1554.571264	cloud-23933
combinations/pc_sfifo_3.cil+token_ring.12.cil-1.yml	false	TIMEOUT	990.257821762	938.0922526189997	1840.996352	cloud-24679	ERROR (solver error, after parsing finished)	807.33922886	751.635633736998	2149.335040	cloud-23933
combinations/pc_sfifo_3.cil+token_ring.12.cil-2.yml	true	TIMEOUT	990.679190375	943.8248272540004	1714.917376	cloud-24642	ERROR (solver error, after parsing finished)	807.493728262	750.8976019740003	1789.526016	cloud-23933
combinations/pc_sfifo_3.cil+token_ring.13.cil-1.yml	false	TIMEOUT	990.984899345	943.6963696580005	1973.886976	cloud-24642	TIMEOUT (ERROR (verification stuck, after parsing finished))	955.047028687	892.2081052069989	2332.286976	cloud-24259
combinations/pc_sfifo_3.cil+token_ring.13.cil-2.yml	true	TIMEOUT	992.08838385	940.1987618890003	2839.220224	cloud-24441	TIMEOUT (ERROR (verification stuck, after parsing finished))	936.59878083	869.5788823090043	1856.221184	cloud-24259
combinations/pc_sfifo_3.cil+token_ring.14.cil.yml	false	TIMEOUT	990.248311355	942.9652592169878	2300.772352	cloud-23940	ERROR (solver error, after parsing finished)	801.984808775	748.1281956829989	1764.036608	cloud-23933
combinations/pc_sfifo_3.cil+token_ring.15.cil.yml	false	TIMEOUT	990.862958928	939.6649020950008	2177.519616	cloud-24678	ERROR (solver error, after parsing finished)	818.234661713	759.1335774799954	2253.078528	cloud-23933
combinations/square_1+soft_float_1-2a.c.cil.yml	false	TIMEOUT	990.325842388	977.087870721	1314.951168	cloud-24679	ERROR (solver error, after parsing finished)	727.418930301	714.4203861089991	1060.966400	cloud-24259
combinations/square_1+soft_float_2a.c.cil.yml	false	TIMEOUT	990.278658109	978.2710799810002	1338.064896	cloud-24441	ERROR (solver error, after parsing finished)	730.46243442	715.8420734329993	1078.878208	cloud-23933
combinations/square_1+soft_float_3a.c.cil.yml	false	TIMEOUT	990.303740357	978.4072910659997	1317.412864	cloud-24642	ERROR (solver error, after parsing finished)	728.648682063	714.6174535169994	1078.915072	cloud-23933
combinations/square_1+soft_float_4-2a.c.cil.yml	false	TIMEOUT	990.259348504	979.4120393880003	1340.887040	cloud-24642	ERROR (solver error, after parsing finished)	728.977208479	715.7637549270003	1073.352704	cloud-24259
combinations/square_1+soft_float_5a.c.cil.yml	false	TIMEOUT	990.345769487	975.9679546689995	1326.440448	cloud-24679	ERROR (solver error, after parsing finished)	726.124176559	712.9404826819955	1099.022336	cloud-23979
combinations/square_2+soft_float_1-2a.c.cil.yml	false	TIMEOUT	990.263395146	979.574964414991	1524.936704	cloud-23942	ERROR (solver error, after parsing finished)	724.957146524	712.7995467600012	1107.374080	cloud-23979
combinations/square_2+soft_float_2a.c.cil.yml	false	TIMEOUT	990.284815308	978.9272907469986	1395.646464	cloud-24642	ERROR (solver error, after parsing finished)	727.687425142	714.9192376969986	1129.783296	cloud-24259
combinations/square_2+soft_float_3a.c.cil.yml	false	TIMEOUT	990.32709979	976.7506039769996	1281.097728	cloud-24678	ERROR (solver error, after parsing finished)	724.477449608	712.531885078999	1173.352448	cloud-23979
combinations/square_2+soft_float_4-2a.c.cil.yml	false	TIMEOUT	990.29482819	977.0537735220005	1339.019264	cloud-24679	ERROR (solver error, after parsing finished)	723.935126967	712.0433484950045	1192.185856	cloud-23979
combinations/square_2+soft_float_5a.c.cil.yml	false	TIMEOUT	990.301569959	976.189713209	1333.678080	cloud-24678	ERROR (solver error, after parsing finished)	728.457402236	714.4515456640002	1121.447936	cloud-23933
combinations/square_3+soft_float_1-2a.c.cil.yml	false	TIMEOUT	990.306367485	978.6484879159998	1387.888640	cloud-24642	ERROR (solver error, after parsing finished)	729.293957863	715.7454854030002	1039.486976	cloud-24259
combinations/square_3+soft_float_2a.c.cil.yml	false	TIMEOUT	990.298924257	978.1876402060007	1359.781888	cloud-24441	ERROR (solver error, after parsing finished)	723.204811891	711.9051196519999	1104.982016	cloud-23979
combinations/square_3+soft_float_3a.c.cil.yml	false	TIMEOUT	990.319524183	977.5899378130007	1377.361920	cloud-24441	ERROR (solver error, after parsing finished)	731.097412258	716.1051632770032	1081.339904	cloud-23933
combinations/square_3+soft_float_4-2a.c.cil.yml	false	TIMEOUT	990.26986275	979.0923893089985	1348.747264	cloud-24642	ERROR (solver error, after parsing finished)	721.819178958	711.5147805639999	1130.893312	cloud-23979
combinations/square_3+soft_float_5a.c.cil.yml	false	TIMEOUT	990.345187324	977.0811954970004	1385.078784	cloud-24678	ERROR (solver error, after parsing finished)	725.893521752	714.3304267429994	1096.740864	cloud-24259
combinations/square_4+soft_float_1-2a.c.cil.yml	true	TIMEOUT	990.337569628	976.0170998040012	1361.989632	cloud-24679	ERROR (server error, after parsing finished)	731.746500193	716.9370586139994	1087.918080	cloud-24259
combinations/square_4+soft_float_1-3a.c.cil.yml	false	TIMEOUT	990.292022379	976.5525110189999	1427.714048	cloud-24679	ERROR (solver error, after parsing finished)	730.469939207	715.9552034340013	1085.796352	cloud-24259
combinations/square_4+soft_float_2a.c.cil.yml	true	TIMEOUT	990.258801617	979.8155949460051	1448.566784	cloud-23944	ERROR (solver error, after parsing finished)	726.288564068	713.4548367430034	1126.199296	cloud-23979
combinations/square_4+soft_float_3a.c.cil.yml	true	TIMEOUT	990.30452779	977.591111809	1373.446144	cloud-24441	ERROR (solver error, after parsing finished)	730.938953208	715.4178317590013	1086.070784	cloud-23933
combinations/square_4+soft_float_4-2a.c.cil.yml	true	TIMEOUT	990.298196878	978.0231692420002	1394.565120	cloud-24642	ERROR (solver error, after parsing finished)	727.05358677	714.0610545749951	1088.978944	cloud-24259
combinations/square_4+soft_float_4-3a.c.cil.yml	false	TIMEOUT	990.252764592	979.3222133779999	1423.515648	cloud-24642	ERROR (solver error, after parsing finished)	728.480735192	715.2590068099962	1083.170816	cloud-24259
combinations/square_4+soft_float_5a.c.cil.yml	true	TIMEOUT	990.318382139	978.1437963630005	1376.948224	cloud-24441	ERROR (solver error, after parsing finished)	721.295563807	710.922737013	1155.817472	cloud-23979
combinations/square_5+soft_float_1-2a.c.cil.yml	true	TIMEOUT	990.326153438	976.2564979830004	1306.415104	cloud-24679	ERROR (solver error, after parsing finished)	730.551474147	715.9325642349941	1043.468288	cloud-24259
combinations/square_5+soft_float_1-3a.c.cil.yml	false	TIMEOUT	990.283140912	978.4251118910015	1311.399936	cloud-24441	ERROR (server error, after parsing finished)	725.152445212	712.479062716	1175.896064	cloud-23979
combinations/square_5+soft_float_2a.c.cil.yml	true	TIMEOUT	990.289235966	978.2773024910002	1304.301568	cloud-24441	ERROR (solver error, after parsing finished)	726.60648496	713.5932105249994	1088.315392	cloud-23979
combinations/square_5+soft_float_3a.c.cil.yml	true	TIMEOUT	990.280617975	978.743192895	1340.850176	cloud-24642	ERROR (solver error, after parsing finished)	725.853537331	712.6942777820004	1125.056512	cloud-23979
combinations/square_5+soft_float_4-2a.c.cil.yml	true	TIMEOUT	990.281960886	979.1454909399909	1973.923840	cloud-23939	ERROR (solver error, after parsing finished)	727.106010971	713.7746957059999	1078.153216	cloud-23933
combinations/square_5+soft_float_4-3a.c.cil.yml	false	TIMEOUT	990.271526652	978.2030111610002	1348.923392	cloud-24441	ERROR (solver error, after parsing finished)	729.494668956	714.8056950590035	1038.807040	cloud-23933
combinations/square_5+soft_float_5a.c.cil.yml	true	TIMEOUT	990.314492596	977.7750883650006	1326.522368	cloud-24678	ERROR (solver error, after parsing finished)	729.288596259	715.6673654799997	1033.240576	cloud-24259
combinations/square_6+soft_float_1-2a.c.cil.yml	true	TIMEOUT	990.320133486	977.2509961269998	1433.673728	cloud-24679	ERROR (solver error, after parsing finished)	726.167309767	713.9500808779994	1152.155648	cloud-23979
combinations/square_6+soft_float_1-3a.c.cil.yml	false	TIMEOUT	990.274929876	979.6312147030001	1471.508480	cloud-24642	ERROR (solver error, after parsing finished)	726.443110275	713.6936946899996	1123.799040	cloud-23979
combinations/square_6+soft_float_2a.c.cil.yml	true	TIMEOUT	990.296544596	977.4106801409998	1375.285248	cloud-24441	ERROR (solver error, after parsing finished)	718.206850877	709.9968582259971	1385.308160	cloud-23939
combinations/square_6+soft_float_3a.c.cil.yml	true	TIMEOUT	990.283518726	978.6127681400103	1441.423360	cloud-23941	ERROR (solver error, after parsing finished)	726.114093626	713.0162509150005	1080.279040	cloud-23933
combinations/square_6+soft_float_4-2a.c.cil.yml	true	TIMEOUT	990.318370114	977.0379628800001	1322.598400	cloud-24679	ERROR (solver error, after parsing finished)	727.462301775	713.8954857540011	1104.240640	cloud-23979
combinations/square_6+soft_float_4-3a.c.cil.yml	false	TIMEOUT	990.323112892	977.3292242669995	1403.682816	cloud-24678	ERROR (solver error, after parsing finished)	724.15403129	712.3983532580023	1125.638144	cloud-23979
combinations/square_6+soft_float_5a.c.cil.yml	true	TIMEOUT	990.270700064	978.3510905879994	1336.381440	cloud-24642	ERROR (solver error, after parsing finished)	730.256047657	716.1433083029988	1084.698624	cloud-24259
combinations/square_7+soft_float_1-2a.c.cil.yml	true	TIMEOUT	990.289075492	979.0299511289995	1323.319296	cloud-24642	ERROR (solver error, after parsing finished)	724.890531457	712.4382772550016	1318.014976	cloud-23979
combinations/square_7+soft_float_1-3a.c.cil.yml	false	TIMEOUT	990.277454971	978.9948736850001	1311.305728	cloud-24642	ERROR (solver error, after parsing finished)	725.060680717	713.6234702049996	1311.768576	cloud-23979
combinations/square_7+soft_float_2a.c.cil.yml	true	TIMEOUT	990.314708431	978.1720851609998	1321.357312	cloud-24441	ERROR (solver error, after parsing finished)	728.977096753	714.4948116579981	1317.482496	cloud-23979
combinations/square_7+soft_float_3a.c.cil.yml	true	TIMEOUT	990.338430522	976.4524896000003	1326.641152	cloud-24679	ERROR (solver error, after parsing finished)	717.903617889	709.8052367359996	1349.066752	cloud-23939
combinations/square_7+soft_float_4-2a.c.cil.yml	true	TIMEOUT	990.271646739	979.2547648500004	1336.315904	cloud-24642	ERROR (solver error, after parsing finished)	728.669595994	714.5149471719997	1300.856832	cloud-23933
combinations/square_7+soft_float_4-3a.c.cil.yml	false	TIMEOUT	990.266857944	978.6636621160005	1313.214464	cloud-24441	ERROR (solver error, after parsing finished)	726.915722594	713.3111924549958	1301.561344	cloud-23979
combinations/square_7+soft_float_5a.c.cil.yml	true	TIMEOUT	990.330529422	976.653123948	1383.919616	cloud-24678	ERROR (solver error, after parsing finished)	725.771625314	712.9009097540038	1330.642944	cloud-23979
combinations/square_8+soft_float_1-2a.c.cil.yml	true	TIMEOUT	990.326105489	976.6929475689994	1369.493504	cloud-24678	ERROR (solver error, after parsing finished)	724.979965283	712.6643697700019	1298.690048	cloud-23979
combinations/square_8+soft_float_1-3a.c.cil.yml	false	TIMEOUT	990.302931112	977.2966393029999	1440.501760	cloud-24678	ERROR (solver error, after parsing finished)	722.784110255	712.0129006420001	1311.330304	cloud-23979
combinations/square_8+soft_float_2a.c.cil.yml	true	TIMEOUT	990.286268258	978.4930436069844	1874.755584	cloud-23940	ERROR (solver error, after parsing finished)	727.506327723	714.0075840340069	1113.759744	cloud-23933
combinations/square_8+soft_float_3a.c.cil.yml	true	TIMEOUT	990.337000889	975.7682037670002	1444.716544	cloud-24679	ERROR (server error, after parsing finished)	727.760237239	714.4894757119982	1054.617600	cloud-24259
combinations/square_8+soft_float_4-2a.c.cil.yml	true	TIMEOUT	990.263886612	978.0233792449999	1388.449792	cloud-24441	ERROR (solver error, after parsing finished)	728.596557009	714.5167356810052	1052.078080	cloud-23933
combinations/square_8+soft_float_4-3a.c.cil.yml	false	TIMEOUT	990.290756106	977.0177600549996	1376.423936	cloud-24678	ERROR (solver error, after parsing finished)	726.884547873	713.7718178529976	1307.869184	cloud-23979
combinations/square_8+soft_float_5a.c.cil.yml	true	TIMEOUT	990.306871535	979.2401894809991	1369.124864	cloud-24441	ERROR (solver error, after parsing finished)	728.851910444	715.0761800089967	1156.775936	cloud-24259
eca-rers2012/Problem01_label00.yml	true	true	60.033468748	44.242007034999915	1242.570752	cloud-24678	true	103.167581587	76.13591394000105	1084.735488	cloud-24259
eca-rers2012/Problem01_label01.yml	true	true	70.795520708	51.41443712	1158.324224	cloud-24642	true	111.180188386	79.12547315599659	1009.565696	cloud-23933
eca-rers2012/Problem01_label02.yml	true	true	60.298922805	42.36664606699924	944.975872	cloud-24679	true	104.360607004	72.31300286999976	1007.017984	cloud-23933
eca-rers2012/Problem01_label03.yml	true	true	76.902636272	55.87120394600015	1251.323904	cloud-24679	true	117.457579693	86.60795033999602	1186.852864	cloud-23933
eca-rers2012/Problem01_label04.yml	true	true	65.673632604	49.740757021005265	1151.389696	cloud-23940	true	129.914905099	95.7385410259958	1205.985280	cloud-23933
eca-rers2012/Problem01_label05.yml	true	true	68.251720337	49.22313121099978	1050.013696	cloud-24441	true	106.245226401	75.11469232599848	1070.309376	cloud-24259
eca-rers2012/Problem01_label06.yml	true	true	67.014697991	48.71819596001296	1020.555264	cloud-23943	true	89.12004516	62.16060236199701	1168.060416	cloud-23979
eca-rers2012/Problem01_label07.yml	true	true	66.705916394	48.909869027998866	1006.313472	cloud-24642	true	97.054128964	68.664296216004	1019.916288	cloud-23979
eca-rers2012/Problem01_label08.yml	true	true	75.778732289	57.648560712999824	1081.044992	cloud-24678	true	133.346770862	98.7544528599974	1119.391744	cloud-24259
eca-rers2012/Problem01_label09.yml	true	true	72.521455994	53.44361098899981	1206.448128	cloud-24678	true	119.522042716	85.59932950100483	1385.455616	cloud-23933
eca-rers2012/Problem01_label10.yml	true	true	72.200334018	52.41548659700038	1226.547200	cloud-24678	true	119.311674636	86.46635299999616	1070.039040	cloud-24259
eca-rers2012/Problem01_label11.yml	true	true	81.872962662	61.09941367299871	1139.748864	cloud-24679	true	108.577983944	79.58376879299612	1135.095808	cloud-23979
eca-rers2012/Problem01_label12.yml	true	true	69.46018909	50.20462141600001	1111.838720	cloud-24441	true	104.253421148	75.62792507999984	1051.402240	cloud-24259
eca-rers2012/Problem01_label13.yml	true	true	72.179392527	51.945862856000076	1143.541760	cloud-24642	true	90.834234083	64.44928500699916	997.744640	cloud-23979
eca-rers2012/Problem01_label14.yml	true	true	60.658878762	42.80870624899944	1096.478720	cloud-24441	true	85.640113449	57.76641232800466	1048.428544	cloud-23979
eca-rers2012/Problem01_label15.yml	false	false(unreach-call)	62.068909196	42.64855291099957	1083.392000	cloud-24642	false(unreach-call)	101.234032227	65.28657250100514	1040.052224	cloud-23933
eca-rers2012/Problem01_label16.yml	true	true	80.595657875	60.216290056999924	1098.104832	cloud-24642	true	102.839191013	74.61828322100337	1122.766848	cloud-23979
eca-rers2012/Problem01_label17.yml	true	true	70.277840189	50.98645128000135	1122.582528	cloud-24441	true	112.832536906	78.3607442499997	1047.277568	cloud-24259
eca-rers2012/Problem01_label18.yml	true	true	63.560514817	46.47277553599997	1116.708864	cloud-24679	true	85.4409368	60.52880362099677	1123.676160	cloud-23979
eca-rers2012/Problem01_label19.yml	true	true	57.203667522	41.66192797297845	1059.524608	cloud-23942	true	86.479965131	60.7008862770017	1002.881024	cloud-23979
eca-rers2012/Problem01_label20.yml	false	false(unreach-call)	69.226457825	48.069442155001525	1125.945344	cloud-24679	false(unreach-call)	105.380421598	71.59383436100325	1049.010176	cloud-23933
eca-rers2012/Problem01_label21.yml	false	false(unreach-call)	61.464754081	41.1686459449993	1315.090432	cloud-24678	false(unreach-call)	84.504128128	55.73682968199864	1226.899456	cloud-23979
eca-rers2012/Problem01_label22.yml	true	true	74.639376375	54.797235351999916	1021.964288	cloud-24679	true	120.410909399	86.86711893699976	1028.104192	cloud-23933
eca-rers2012/Problem01_label23.yml	true	true	66.269334955	48.33115905500017	1213.210624	cloud-24678	true	103.448073905	74.59769861999939	1044.332544	cloud-23933
eca-rers2012/Problem01_label24.yml	true	true	63.205078774	44.72988620000069	1225.539584	cloud-24678	true	115.727130268	82.51195586800168	1007.030272	cloud-24259
eca-rers2012/Problem01_label25.yml	true	true	66.342171273	48.01037069499989	1207.894016	cloud-24679	true	109.54281898	77.31696445900161	1073.512448	cloud-24259
eca-rers2012/Problem01_label26.yml	true	true	63.596079792	44.280799824000496	1030.889472	cloud-24679	true	79.151892845	54.87348500399821	1073.405952	cloud-23979
eca-rers2012/Problem01_label27.yml	true	true	62.531320984	43.73890370800109	1109.000192	cloud-24642	true	91.648728991	62.64944952899896	1006.460928	cloud-23933
eca-rers2012/Problem01_label28.yml	true	true	62.604996046	43.946023816999514	1100.496896	cloud-24678	true	81.84944465	56.648275952000404	1077.645312	cloud-23979
eca-rers2012/Problem01_label29.yml	true	true	64.162714525	45.37870191300135	1145.286656	cloud-24678	true	102.009428105	72.62768677299982	1210.773504	cloud-23933
eca-rers2012/Problem01_label30.yml	true	true	63.472007716	46.910233842005255	993.914880	cloud-23944	true	109.10413667	78.09475057999953	959.197184	cloud-24259
eca-rers2012/Problem01_label31.yml	true	true	69.747440051	50.64872189500056	1033.330688	cloud-24679	true	107.91650648	77.4586729290022	1116.143616	cloud-24259
eca-rers2012/Problem01_label32.yml	false	false(unreach-call)	86.738233029	65.83970427599888	1013.723136	cloud-24441	false(unreach-call)	140.661467077	107.00019357100246	1115.828224	cloud-24259
eca-rers2012/Problem01_label33.yml	false	false(unreach-call)	76.940042862	56.002683053000055	1123.479552	cloud-24678	false(unreach-call)	106.769288681	77.86670956499984	1335.623680	cloud-23979
eca-rers2012/Problem01_label34.yml	true	true	83.241653159	63.704903398999704	1242.230784	cloud-24642	true	124.927720433	95.49553913599811	1071.386624	cloud-23933
eca-rers2012/Problem01_label35.yml	false	false(unreach-call)	57.878600613	40.08684090801398	1039.216640	cloud-23944	false(unreach-call)	90.687344287	59.692531052998675	1116.315648	cloud-23933
eca-rers2012/Problem01_label36.yml	true	true	63.11180477	46.36909780099995	1044.246528	cloud-24678	true	110.656966569	80.19782681100332	1069.891584	cloud-24259
eca-rers2012/Problem01_label37.yml	false	false(unreach-call)	69.139326294	48.84275108700058	972.230656	cloud-24642	false(unreach-call)	99.226774026	67.47499992499979	1036.087296	cloud-23933
eca-rers2012/Problem01_label38.yml	false	false(unreach-call)	71.310502479	50.67472332599982	1047.523328	cloud-24441	false(unreach-call)	89.803068828	61.76115442700029	1166.151680	cloud-23979
eca-rers2012/Problem01_label39.yml	true	true	60.882137091	42.2622927930006	1120.747520	cloud-24678	true	83.652467744	57.36672006899971	1230.069760	cloud-23979
eca-rers2012/Problem01_label40.yml	true	true	61.913243258	43.99839986000006	975.364096	cloud-24441	true	85.736405257	57.61846013199829	1099.386880	cloud-23979
eca-rers2012/Problem01_label41.yml	true	true	64.175147557	45.60016092099977	1132.032000	cloud-24441	true	92.033873067	64.32268054100132	1038.667776	cloud-23933
eca-rers2012/Problem01_label42.yml	true	true	49.072971992	34.4831636500021	1031.938048	cloud-23939	true	95.900234888	68.68356091600072	1030.221824	cloud-24259
eca-rers2012/Problem01_label43.yml	true	true	51.680610716	36.539817306009354	1067.393024	cloud-23942	true	86.885181582	58.39974875799817	949.776384	cloud-23979
eca-rers2012/Problem01_label44.yml	false	false(unreach-call)	53.278027052	34.78807750700071	1051.496448	cloud-24642	false(unreach-call)	80.048702608	51.50051097100004	895.807488	cloud-23933
eca-rers2012/Problem01_label45.yml	true	true	75.418307384	56.0217916900001	1243.013120	cloud-24678	true	104.466961227	77.5902886690019	1131.110400	cloud-23979
eca-rers2012/Problem01_label46.yml	true	true	77.40597047	58.6416950480002	1145.692160	cloud-24642	true	114.972235922	86.24984107	1031.962624	cloud-23933
eca-rers2012/Problem01_label47.yml	false	false(unreach-call)	80.132627508	59.17617351899935	1074.212864	cloud-24678	false(unreach-call)	133.327361466	98.55076376799843	1309.560832	cloud-23933
eca-rers2012/Problem01_label48.yml	true	true	62.277221935	45.26725277098012	972.767232	cloud-23943	true	96.180340549	66.17949811200378	965.484544	cloud-23979
eca-rers2012/Problem01_label49.yml	true	true	68.867653442	48.40961978099995	942.305280	cloud-24441	true	107.610780048	74.64464224299445	931.987456	cloud-24259
eca-rers2012/Problem01_label50.yml	false	false(unreach-call)	84.028170626	64.07328058600069	1184.845824	cloud-24678	false(unreach-call)	127.047626795	96.06029926100018	1234.321408	cloud-23933
eca-rers2012/Problem01_label51.yml	true	true	62.800693481	44.52044093099994	929.398784	cloud-24679	true	82.730361215	57.675086156999896	1021.476864	cloud-23979
eca-rers2012/Problem01_label52.yml	true	true	65.445862376	45.939651611000045	1237.594112	cloud-24642	true	91.977058512	63.470181443999536	1068.584960	cloud-23933
eca-rers2012/Problem01_label53.yml	true	true	51.372446061	36.27745159500046	1044.295680	cloud-23942	true	74.958651302	52.78615995900327	1216.081920	cloud-23979
eca-rers2012/Problem01_label54.yml	true	true	61.016713735	43.530891824000264	1136.021504	cloud-24441	true	82.17553484	57.95928707099665	1034.317824	cloud-23979
eca-rers2012/Problem01_label55.yml	true	true	63.082611288	44.31460932100072	1022.951424	cloud-24679	true	93.084739164	66.02640189100202	912.125952	cloud-24259
eca-rers2012/Problem01_label56.yml	false	false(unreach-call)	77.101014476	55.59683245499946	1200.283648	cloud-24678	false(unreach-call)	112.038488544	78.13956847000009	1316.642816	cloud-23933
eca-rers2012/Problem01_label57.yml	false	false(unreach-call)	58.89752665	42.13778415101115	1177.432064	cloud-23940	false(unreach-call)	113.363392772	78.58453564500087	1190.342656	cloud-24259
eca-rers2012/Problem01_label58.yml	true	true	72.811855275	53.83783785699961	1268.862976	cloud-24678	true	98.269273458	73.1873635669981	1223.426048	cloud-23979
eca-rers2012/Problem01_label59.yml	true	true	65.33476413	45.998093059000894	1140.686848	cloud-24678	true	93.4439696	64.81568107500061	1005.113344	cloud-23979
eca-rers2012/Problem02_label00.yml	true	true	67.624396011	48.29436291099955	1203.847168	cloud-24678	true	98.338574147	67.9791306799998	955.576320	cloud-23933
eca-rers2012/Problem02_label01.yml	true	true	60.625459751	42.11803827299991	1068.658688	cloud-24679	true	100.297769064	66.8116823349992	978.243584	cloud-24259
eca-rers2012/Problem02_label02.yml	true	true	81.826854719	61.701074546999735	1081.237504	cloud-24679	true	134.565503505	102.65768380899681	1271.894016	cloud-23933
eca-rers2012/Problem02_label03.yml	true	true	57.713708704	41.39753840799676	1013.075968	cloud-23943	true	92.986222206	64.78568965399609	1067.716608	cloud-24259
eca-rers2012/Problem02_label04.yml	true	true	65.209101293	47.01526696299999	1412.448256	cloud-24642	true	88.729159472	60.51896570499957	1176.182784	cloud-23979
eca-rers2012/Problem02_label05.yml	true	true	58.944216349	40.0433371500003	960.352256	cloud-24679	true	89.123884341	60.73570726300022	951.648256	cloud-23933
eca-rers2012/Problem02_label06.yml	true	true	82.713422069	61.192368303999956	1129.480192	cloud-24679	true	112.609625961	83.36667403400497	1131.683840	cloud-23979
eca-rers2012/Problem02_label07.yml	true	true	59.769456375	42.30605932399885	1064.165376	cloud-24441	true	94.147836027	64.04842151499997	1289.818112	cloud-23933
eca-rers2012/Problem02_label08.yml	true	true	73.873620872	54.698867428000085	1187.045376	cloud-24678	true	116.517017566	84.24901505200023	1266.503680	cloud-23933
eca-rers2012/Problem02_label09.yml	true	true	48.954349418	34.533002773008775	1070.047232	cloud-23941	true	86.298037379	58.25402972500069	1107.144704	cloud-23979
eca-rers2012/Problem02_label10.yml	true	true	64.787205818	45.7934506720012	1007.910912	cloud-24679	true	98.914492949	69.10707759499928	1055.768576	cloud-24259
eca-rers2012/Problem02_label11.yml	true	true	73.508407665	54.34526307298802	1215.455232	cloud-23943	true	96.794116444	68.69864362799854	1016.066048	cloud-23979
eca-rers2012/Problem02_label12.yml	true	true	72.61414403	52.63478560400017	1122.095104	cloud-24441	true	85.976173392	61.78758437799843	1040.670720	cloud-23979
eca-rers2012/Problem02_label13.yml	false	false(unreach-call)	69.609348014	46.501566425999954	1018.236928	cloud-24441	false(unreach-call)	100.744697963	68.38378676800494	1201.590272	cloud-23933
eca-rers2012/Problem02_label14.yml	true	true	53.531357528	38.74615069699939	986.365952	cloud-23941	true	91.44722872	64.41509595699972	1042.407424	cloud-23933
eca-rers2012/Problem02_label15.yml	true	true	63.050370516	43.393792831000155	970.309632	cloud-24679	true	98.665659373	68.04661683699669	949.911552	cloud-23933
eca-rers2012/Problem02_label16.yml	false	false(unreach-call)	66.166385608	46.22434791300111	1153.605632	cloud-24642	false(unreach-call)	97.186826248	65.36018646899993	968.626176	cloud-23933
eca-rers2012/Problem02_label17.yml	true	true	75.134584752	55.36162746299942	1303.142400	cloud-24642	true	118.809773815	86.12729673799913	1190.469632	cloud-24259
eca-rers2012/Problem02_label18.yml	true	true	72.829219411	53.74227591800002	1042.743296	cloud-24441	true	104.431201403	75.64402365199976	1073.446912	cloud-23933
eca-rers2012/Problem02_label19.yml	true	true	67.256873597	46.63680294900041	1055.989760	cloud-24441	true	94.053499078	65.0905821769993	945.184768	cloud-23933
eca-rers2012/Problem02_label20.yml	true	true	56.000644936	38.285088366999844	1086.062592	cloud-24679	true	82.266515392	57.14900076399863	1073.864704	cloud-23933
eca-rers2012/Problem02_label21.yml	true	true	58.043805556	41.54336040900125	940.212224	cloud-24678	true	87.551300901	61.710718535999604	908.984320	cloud-23979
eca-rers2012/Problem02_label22.yml	true	true	55.422024604	40.1677520309986	989.396992	cloud-24678	true	94.700775132	66.73578788200393	981.938176	cloud-23933
eca-rers2012/Problem02_label23.yml	true	true	61.894610068	45.2409650160007	1212.153856	cloud-24642	true	87.690859205	61.1787971119993	1103.339520	cloud-23979
eca-rers2012/Problem02_label24.yml	true	true	62.94748547	44.225243429999864	971.878400	cloud-24678	true	97.475744313	66.21123043099942	1128.275968	cloud-23933
eca-rers2012/Problem02_label25.yml	true	true	62.561505403	44.92513874499991	1160.466432	cloud-24679	true	95.6766979	66.41317703100003	955.154432	cloud-23933
eca-rers2012/Problem02_label26.yml	true	true	60.869511735	42.507056591000946	943.378432	cloud-24642	true	74.403738743	51.07651452499704	946.774016	cloud-23979
eca-rers2012/Problem02_label27.yml	true	true	64.002450903	45.69757469899923	974.221312	cloud-24642	true	90.415224108	64.14062682700023	1159.053312	cloud-23933
eca-rers2012/Problem02_label28.yml	true	true	66.516863998	46.7215695699997	938.258432	cloud-24679	true	100.640309292	70.67266145999747	875.839488	cloud-24259
eca-rers2012/Problem02_label29.yml	true	true	57.302839124	39.90335135800069	957.128704	cloud-24679	true	87.160968738	60.21178499300004	905.187328	cloud-23933
eca-rers2012/Problem02_label30.yml	true	true	53.908591349	37.28347020901856	971.014144	cloud-23940	true	95.531321419	64.53852698700211	922.365952	cloud-24259
eca-rers2012/Problem02_label31.yml	true	true	53.126321099	37.30009366100421	1105.616896	cloud-23940	true	81.448059289	54.58190333099992	1187.389440	cloud-23979
eca-rers2012/Problem02_label32.yml	true	true	63.977768298	45.40843117799977	986.984448	cloud-24679	true	91.577959727	64.15251926100018	978.423808	cloud-23933
eca-rers2012/Problem02_label33.yml	true	true	61.403987054	43.0585195700005	974.049280	cloud-24679	true	93.428882023	63.20837275600206	1465.724928	cloud-23933
eca-rers2012/Problem02_label34.yml	true	true	96.35553937	73.93526084799942	1152.815104	cloud-24441	true	145.257029716	110.39997374600352	1209.806848	cloud-23933
eca-rers2012/Problem02_label35.yml	true	true	56.388341753	39.69924738900045	1072.676864	cloud-24679	true	92.098412613	63.016945021998254	1056.997376	cloud-23933
eca-rers2012/Problem02_label36.yml	true	true	59.709586262	41.4165457830004	1028.665344	cloud-24678	true	88.720542027	61.51053931200295	1291.448320	cloud-23933
eca-rers2012/Problem02_label37.yml	true	true	59.642069773	42.446510332998514	1061.855232	cloud-24441	true	81.132768674	54.34504596699844	1081.647104	cloud-23979
eca-rers2012/Problem02_label38.yml	true	true	65.656485885	47.71526147299846	957.026304	cloud-24642	true	93.507136917	65.77840762100095	900.337664	cloud-23933
eca-rers2012/Problem02_label39.yml	true	true	51.938203102	37.05425744698732	1202.515968	cloud-23940	true	94.48394135	65.43807299099717	1109.786624	cloud-23933
eca-rers2012/Problem02_label40.yml	true	true	63.299945887	45.209427363999566	1157.799936	cloud-24441	true	87.448950949	61.69224893799992	938.393600	cloud-23933
eca-rers2012/Problem02_label41.yml	true	true	79.94482359	60.68248005900023	1232.494592	cloud-24441	true	129.410525614	95.97996260900254	1229.295616	cloud-24259
eca-rers2012/Problem02_label42.yml	true	true	59.214423428	42.06952249999995	1059.422208	cloud-24678	true	99.221453792	69.83409858099913	914.948096	cloud-24259
eca-rers2012/Problem02_label43.yml	false	false(unreach-call)	59.179108739	41.18027631298173	1070.166016	cloud-23943	false(unreach-call)	92.452143211	61.174575836994336	1210.871808	cloud-24259
eca-rers2012/Problem02_label44.yml	false	false(unreach-call)	63.132121862	43.38309080300132	1041.145856	cloud-24642	false(unreach-call)	90.182080026	63.142978520001634	1120.477184	cloud-24259
eca-rers2012/Problem02_label45.yml	false	false(unreach-call)	70.621676645	50.27927017500042	1156.493312	cloud-24642	false(unreach-call)	113.120051728	79.41831606900087	1107.976192	cloud-24259
eca-rers2012/Problem02_label46.yml	true	true	65.300043486	46.30064630399988	917.856256	cloud-24441	true	96.643892458	68.17920672100445	1065.631744	cloud-24259
eca-rers2012/Problem02_label47.yml	true	true	71.384161048	49.845241063	1105.309696	cloud-24441	true	98.516854397	68.70383979999951	1189.642240	cloud-23933
eca-rers2012/Problem02_label48.yml	true	true	62.895779696	44.14390204600022	1246.339072	cloud-24679	true	84.10766153	59.959523096999874	964.259840	cloud-23979
eca-rers2012/Problem02_label49.yml	true	true	56.818832396	39.48250306599948	1008.308224	cloud-24679	true	98.339787749	66.18321836900577	1023.197184	cloud-23933
eca-rers2012/Problem02_label50.yml	false	false(unreach-call)	61.428975679	42.92662566299987	1269.948416	cloud-24642	false(unreach-call)	101.628655663	66.88217360399722	983.076864	cloud-23933
eca-rers2012/Problem02_label51.yml	true	true	87.986029446	67.48187428900019	1164.771328	cloud-24642	true	124.248256994	92.99577188300009	1146.777600	cloud-23933
eca-rers2012/Problem02_label52.yml	true	true	62.890614676	44.99210520999986	1090.437120	cloud-24678	true	84.983292697	58.12059002600017	998.051840	cloud-23979
eca-rers2012/Problem02_label53.yml	true	true	86.51116514	65.56629147500007	1238.708224	cloud-24441	true	129.788795151	98.32140047700159	1113.415680	cloud-23933
eca-rers2012/Problem02_label54.yml	true	true	63.17271887	45.68813426199995	894.713856	cloud-24642	true	86.553018671	59.554949682998995	1150.885888	cloud-23979
eca-rers2012/Problem02_label55.yml	true	true	89.819784033	67.84086902199988	1107.726336	cloud-24679	true	125.597144134	94.36642933400003	1070.624768	cloud-23933
eca-rers2012/Problem02_label56.yml	true	true	56.166748036	39.35186538000016	1088.253952	cloud-24678	true	108.215145097	74.99487384099484	1077.510144	cloud-24259
eca-rers2012/Problem02_label57.yml	true	true	76.009473131	54.644884508999894	1176.596480	cloud-24441	true	111.389693891	78.54819771699977	1174.925312	cloud-23933
eca-rers2012/Problem02_label58.yml	true	true	65.475767166	47.32777661899945	1145.016320	cloud-24441	true	103.461551119	72.51521606899769	945.827840	cloud-24259
eca-rers2012/Problem02_label59.yml	false	false(unreach-call)	61.084964646	41.92690650399891	1216.397312	cloud-24441	false(unreach-call)	90.580862826	58.896407051004644	949.682176	cloud-23979
eca-rers2012/Problem03_label00.yml	true	TIMEOUT	990.546086736	947.3952875330006	3363.315712	cloud-24679	true	822.139468952	775.3147732939999	2730.213376	cloud-23933
eca-rers2012/Problem03_label01.yml	true	TIMEOUT	990.496339106	948.139466267	2709.905408	cloud-24642	TIMEOUT	990.753163699	937.5236396629989	3394.990080	cloud-23979
eca-rers2012/Problem03_label02.yml	true	TIMEOUT	990.408932697	950.4198475379999	2973.814784	cloud-24441	TIMEOUT	990.593294178	941.0728986050017	2753.691648	cloud-23933
eca-rers2012/Problem03_label03.yml	true	TIMEOUT	992.177409029	942.493101563	3323.777024	cloud-24678	TIMEOUT	990.907654443	939.0950874700065	3274.027008	cloud-23979
eca-rers2012/Problem03_label04.yml	true	TIMEOUT	990.866572084	943.5653773909999	3245.744128	cloud-24679	ERROR (solver error, after parsing finished)	848.1229637	799.3811576260014	3393.757184	cloud-23933
eca-rers2012/Problem03_label05.yml	true	TIMEOUT	990.485959472	947.1289779040001	4275.490816	cloud-24441	TIMEOUT	990.567322442	940.1851461229962	2705.301504	cloud-24259
eca-rers2012/Problem03_label06.yml	true	TIMEOUT	991.098346911	948.0693315089993	2892.951552	cloud-24642	ERROR (solver error, after parsing finished)	852.310895406	801.2445325580047	3377.065984	cloud-23933
eca-rers2012/Problem03_label07.yml	true	TIMEOUT	990.941846683	938.5076054460005	4164.820992	cloud-24441	TIMEOUT	991.040158485	933.2092695570027	2818.363392	cloud-23933
eca-rers2012/Problem03_label08.yml	true	TIMEOUT	990.825517155	901.7141376	4658.970624	cloud-24642	ERROR (solver error, after parsing finished)	851.868159739	804.0325198589999	2976.882688	cloud-23933
eca-rers2012/Problem03_label09.yml	false	TIMEOUT	990.49846561	944.8369509289996	2927.374336	cloud-24679	false(unreach-call)	754.780500772	701.9249234749986	3280.351232	cloud-23979
eca-rers2012/Problem03_label10.yml	true	TIMEOUT	990.69627179	949.5458445680001	3038.060544	cloud-24679	ERROR (solver error, after parsing finished)	832.683361965	783.5601065709998	3562.090496	cloud-23933
eca-rers2012/Problem03_label11.yml	true	TIMEOUT	990.529508088	950.8788180349998	3624.034304	cloud-24678	ERROR (solver error, after parsing finished)	829.07856717	778.2825406480006	3108.085760	cloud-23933
eca-rers2012/Problem03_label12.yml	true	TIMEOUT	991.618765148	925.1427856550004	4022.218752	cloud-24678	TIMEOUT	990.873304023	934.0442904119991	3385.630720	cloud-24259
eca-rers2012/Problem03_label13.yml	false	false(unreach-call)	221.594192854	188.86157803300011	3206.529024	cloud-24642	false(unreach-call)	372.1712218	322.89722898000036	3159.113728	cloud-24259
eca-rers2012/Problem03_label14.yml	true	TIMEOUT	990.925950899	949.769951839	3185.508352	cloud-24441	ERROR (solver error, after parsing finished)	864.058708608	814.6227752350023	2825.031680	cloud-23933
eca-rers2012/Problem03_label15.yml	true	TIMEOUT	990.422638868	946.3991622010071	3324.731392	cloud-23943	TIMEOUT	990.589219329	940.8196291229997	2689.830912	cloud-23933
eca-rers2012/Problem03_label16.yml	true	TIMEOUT	990.791691306	949.9193286299997	2931.855360	cloud-24678	TIMEOUT (ERROR (inner timeout, after parsing finished))	976.673991091	940.4776867089968	3066.548224	cloud-23939
eca-rers2012/Problem03_label17.yml	true	TIMEOUT	990.506803995	944.8914375999993	2855.473152	cloud-24678	TIMEOUT (true)	952.207325399	899.6831002259996	3010.322432	cloud-23979
eca-rers2012/Problem03_label18.yml	true	TIMEOUT	990.423813557	943.4783902580002	3195.916288	cloud-24441	TIMEOUT	990.701173953	934.6281214229966	3050.450944	cloud-24259
eca-rers2012/Problem03_label19.yml	true	TIMEOUT	992.318589782	948.4971443800005	4169.826304	cloud-24642	TIMEOUT	990.633597987	937.4156390009994	2623.291392	cloud-23933
eca-rers2012/Problem03_label20.yml	true	TIMEOUT	992.152932937	947.9307808270005	3074.691072	cloud-24642	TIMEOUT	990.604804741	940.0304463370003	2746.085376	cloud-23979
eca-rers2012/Problem03_label21.yml	true	TIMEOUT	990.660152687	949.0288704239993	3203.768320	cloud-24441	TIMEOUT	990.841545689	938.7797652049994	3055.783936	cloud-24259
eca-rers2012/Problem03_label22.yml	true	TIMEOUT	990.873939402	949.2879624099996	2953.871360	cloud-24642	ERROR (solver error, after parsing finished)	863.271108593	807.7257403600015	2725.949440	cloud-24259
eca-rers2012/Problem03_label23.yml	true	TIMEOUT	992.253240585	942.3677977890002	3496.828928	cloud-24441	ERROR (solver error, after parsing finished)	883.340105157	816.4623595470002	2923.696128	cloud-24259
eca-rers2012/Problem03_label24.yml	true	TIMEOUT	992.2066377	838.8042733129987	3980.156928	cloud-23941	ERROR (solver error, after parsing finished)	815.274608572	769.7108959000034	2727.669760	cloud-23979
eca-rers2012/Problem03_label25.yml	true	TIMEOUT	990.491283442	944.617452511	3091.746816	cloud-24679	TIMEOUT	990.684327919	943.9661203479991	3075.444736	cloud-23979
eca-rers2012/Problem03_label26.yml	false	false(unreach-call)	224.414254526	190.29173604300013	3141.091328	cloud-24441	false(unreach-call)	341.605114868	289.7306147479976	2965.094400	cloud-23933
eca-rers2012/Problem03_label27.yml	false	false(unreach-call)	349.766968736	313.3891932079987	3142.135808	cloud-24642	false(unreach-call)	435.708747804	388.69378039000003	3285.655552	cloud-23979
eca-rers2012/Problem03_label28.yml	false	TIMEOUT	990.427126716	951.0668786670003	2912.935936	cloud-24642	false(unreach-call)	591.602078887	541.5391518329989	3263.721472	cloud-23933
eca-rers2012/Problem03_label29.yml	true	TIMEOUT	992.148833677	949.7949121459997	2900.566016	cloud-24679	TIMEOUT	990.68257314	945.993343039001	3063.836672	cloud-23979
eca-rers2012/Problem03_label30.yml	true	TIMEOUT	992.17169185	950.0629303989999	3271.049216	cloud-24679	ERROR (solver error, after parsing finished)	813.169466445	771.4566523929971	3251.019776	cloud-23979
eca-rers2012/Problem03_label31.yml	false	false(unreach-call)	303.967521251	274.9222408279893	3127.341056	cloud-23942	false(unreach-call)	570.979800278	515.7995869840015	3329.409024	cloud-23933
eca-rers2012/Problem03_label32.yml	true	TIMEOUT	991.112805093	951.9568322919949	2972.266496	cloud-23942	TIMEOUT	990.675138997	950.4923935499974	2950.377472	cloud-23979
eca-rers2012/Problem03_label33.yml	true	TIMEOUT	990.22873412	950.050246378989	2904.772608	cloud-23942	ERROR (solver error, after parsing finished)	863.78681806	808.2092184800058	2794.102784	cloud-23933
eca-rers2012/Problem03_label34.yml	true	TIMEOUT	991.230232352	946.9650213010009	3145.248768	cloud-24642	ERROR (solver error, after parsing finished)	815.877161023	771.6203638750012	2754.392064	cloud-23979
eca-rers2012/Problem03_label35.yml	false	false(unreach-call)	569.933231744	529.760652877	3512.733696	cloud-24441	TIMEOUT (false(unreach-call))	914.452076825	850.0189106360049	3653.562368	cloud-23933
eca-rers2012/Problem03_label36.yml	true	TIMEOUT	991.175994426	949.3173137269987	3101.294592	cloud-24679	TIMEOUT	990.638628581	936.2389173260017	2729.738240	cloud-24259
eca-rers2012/Problem03_label37.yml	false	TIMEOUT	990.629039247	947.2489598049999	3780.214784	cloud-24679	false(unreach-call)	809.312200288	770.9642166039994	2990.075904	cloud-23943
eca-rers2012/Problem03_label38.yml	true	TIMEOUT	990.276802127	951.1956399969931	3436.937216	cloud-23939	TIMEOUT	990.645764362	945.8485865310067	2765.320192	cloud-23979
eca-rers2012/Problem03_label39.yml	false	TIMEOUT	992.084991918	951.3743722289983	3174.367232	cloud-24679	ERROR (solver error, after parsing finished)	858.988764457	804.0080136059987	2836.955136	cloud-23933
eca-rers2012/Problem03_label40.yml	true	TIMEOUT	992.183423013	891.3756652110005	5569.888256	cloud-24679	TIMEOUT	990.626239863	934.4939075850052	2362.503168	cloud-24259
eca-rers2012/Problem03_label41.yml	true	TIMEOUT	992.196094422	948.4868600909995	3058.991104	cloud-24441	TIMEOUT	990.643791633	934.5028198379987	2705.199104	cloud-23933
eca-rers2012/Problem03_label42.yml	true	TIMEOUT	990.214468514	947.7667680080012	2969.620480	cloud-24642	TIMEOUT	990.644603473	941.818658835	2977.759232	cloud-23979
eca-rers2012/Problem03_label43.yml	false	TIMEOUT	990.372219839	947.9942161030194	3235.069952	cloud-23941	TIMEOUT	991.505582185	941.4381498210005	2674.876416	cloud-23933
eca-rers2012/Problem03_label44.yml	true	TIMEOUT	991.876850925	816.7032020639999	3924.402176	cloud-24441	TIMEOUT (true)	959.676613329	906.6975568560001	3146.584064	cloud-23979
eca-rers2012/Problem03_label45.yml	false	TIMEOUT	990.904186563	945.5447780670002	3107.618816	cloud-24642	ERROR (solver error, after parsing finished)	875.339459964	822.1654008920013	2744.643584	cloud-24259
eca-rers2012/Problem03_label46.yml	true	TIMEOUT	991.963334069	947.0909291919997	2923.737088	cloud-24679	ERROR (solver error, after parsing finished)	807.11478525	762.6596681680021	2879.913984	cloud-23979
eca-rers2012/Problem03_label47.yml	true	TIMEOUT	991.109754516	949.2285243360002	3154.526208	cloud-24642	ERROR (solver error, after parsing finished)	840.988292768	793.7832321609999	2651.484160	cloud-23933
eca-rers2012/Problem03_label48.yml	true	TIMEOUT	991.448531337	953.761394285	2833.534976	cloud-24678	ERROR (solver error, after parsing finished)	850.177506641	802.5965835949974	2697.539584	cloud-24259
eca-rers2012/Problem03_label49.yml	true	TIMEOUT	991.598887693	945.4285954360003	3222.155264	cloud-24441	ERROR (solver error, after parsing finished)	815.501722598	768.4583538129991	3310.694400	cloud-23979
eca-rers2012/Problem03_label50.yml	false	false(unreach-call)	196.78927243	165.184157251	3205.332992	cloud-24678	false(unreach-call)	328.108840693	275.18908064100106	2866.671616	cloud-24259
eca-rers2012/Problem03_label51.yml	true	true	729.91309892	693.5411632350006	3590.107136	cloud-24441	TIMEOUT (ERROR (verification stuck, after parsing finished))	974.287826008	918.0243965350005	3653.259264	cloud-23979
eca-rers2012/Problem03_label52.yml	false	TIMEOUT	990.572015553	948.0027818770004	3104.759808	cloud-24642	ERROR (solver error, after parsing finished)	861.628789078	809.3006175010014	2804.269056	cloud-23933
eca-rers2012/Problem03_label53.yml	true	TIMEOUT	990.564988846	943.6504445659994	3571.777536	cloud-24679	true	739.49518047	703.9364603799986	3407.015936	cloud-23939
eca-rers2012/Problem03_label54.yml	true	TIMEOUT	990.935857968	952.1946441479995	3614.343168	cloud-24642	TIMEOUT	990.539286406	944.1975305710002	2872.631296	cloud-23933
eca-rers2012/Problem03_label55.yml	true	TIMEOUT	991.945209685	949.1479066480006	3161.665536	cloud-24679	TIMEOUT	990.766123992	934.4578214020003	3466.764288	cloud-24259
eca-rers2012/Problem03_label56.yml	true	TIMEOUT	991.436706831	912.108358679001	5676.273664	cloud-24679	ERROR (solver error, after parsing finished)	851.088441642	803.9198644639982	2490.875904	cloud-23979
eca-rers2012/Problem03_label57.yml	true	TIMEOUT	990.447534062	945.690649002001	3151.581184	cloud-24679	TIMEOUT	990.697364939	936.0674407429979	2947.125248	cloud-23933
eca-rers2012/Problem03_label58.yml	true	TIMEOUT	991.071152045	951.3515618500005	2995.441664	cloud-24441	TIMEOUT	990.620405468	939.2648229539991	3268.308992	cloud-23933
eca-rers2012/Problem03_label59.yml	true	TIMEOUT	992.150506692	950.2409608979997	3124.953088	cloud-24679	ERROR (solver error, after parsing finished)	866.50798578	817.0920028730034	2761.670656	cloud-24259
eca-rers2012/Problem04_label00.yml	true	TIMEOUT	990.734590034	937.1890269389996	6942.339072	cloud-24642	TIMEOUT (ERROR (solver error, after parsing finished))	954.504017369	876.3063812749997	6876.102656	cloud-23979
eca-rers2012/Problem04_label01.yml	true	TIMEOUT	990.862132202	935.7682022269873	7000.616960	cloud-23940	TIMEOUT (ERROR (solver error, after parsing finished))	975.117722305	888.7576639690014	7837.270016	cloud-24259
eca-rers2012/Problem04_label02.yml	true	TIMEOUT	990.78926685	930.8049865479998	6897.405952	cloud-24441	TIMEOUT	991.592933461	904.6111618560026	6781.411328	cloud-23933
eca-rers2012/Problem04_label03.yml	true	TIMEOUT	990.697275742	936.7289298099931	6979.203072	cloud-23944	TIMEOUT (ERROR (solver error, after parsing finished))	979.617751501	895.976288672	6945.300480	cloud-23933
eca-rers2012/Problem04_label04.yml	false	TIMEOUT	990.871202846	933.9247363049999	6654.201856	cloud-24441	TIMEOUT	991.349623888	915.7644594249996	6824.366080	cloud-23979
eca-rers2012/Problem04_label05.yml	true	TIMEOUT	990.774885861	935.3853924879804	8169.730048	cloud-23942	TIMEOUT	990.929134557	915.1151930970009	6923.247616	cloud-23979
eca-rers2012/Problem04_label06.yml	false	TIMEOUT	990.786825975	933.0113081689924	7072.739328	cloud-23943	ERROR (solver error, after parsing finished)	872.323513806	808.9789665870048	6971.142144	cloud-23944
eca-rers2012/Problem04_label07.yml	true	TIMEOUT	990.982165027	925.3726010960017	7197.724672	cloud-24678	TIMEOUT (ERROR (solver error, after parsing finished))	907.750674307	837.5213284249985	6868.213760	cloud-24261
eca-rers2012/Problem04_label08.yml	true	TIMEOUT	990.853746457	929.4244866390002	7205.621760	cloud-24679	TIMEOUT	990.79095908	919.328625116	6912.307200	cloud-23979
eca-rers2012/Problem04_label09.yml	false	TIMEOUT	990.985010431	930.0634671490006	7939.100672	cloud-24441	TIMEOUT (ERROR (solver error, after parsing finished))	922.841939093	847.4241197439987	7246.155776	cloud-23979
eca-rers2012/Problem04_label10.yml	true	TIMEOUT	990.70695311	938.0442927110125	7425.822720	cloud-23939	TIMEOUT (ERROR (solver error, after parsing finished))	910.700927682	842.0392153529974	6831.009792	cloud-23979
eca-rers2012/Problem04_label11.yml	false	TIMEOUT	990.912542738	930.7773890499993	7058.755584	cloud-24679	TIMEOUT	990.907725957	929.2616943309986	7132.246016	cloud-23941
eca-rers2012/Problem04_label12.yml	false	TIMEOUT	990.907174826	927.2486938339998	7094.312960	cloud-24441	TIMEOUT (ERROR (solver error, after parsing finished))	900.147870387	830.1513425249941	6868.905984	cloud-23979
eca-rers2012/Problem04_label13.yml	false	TIMEOUT	990.886050902	933.8740472930076	8448.061440	cloud-23941	TIMEOUT	991.38151794	894.6751633250024	6979.891200	cloud-23933
eca-rers2012/Problem04_label14.yml	false	TIMEOUT	990.852062184	932.5262223630016	7011.143680	cloud-24441	ERROR (solver error, after parsing finished)	871.828720472	812.0553946860018	6763.827200	cloud-23943
eca-rers2012/Problem04_label15.yml	false	TIMEOUT	990.829140814	928.4551907749992	6870.315008	cloud-24679	TIMEOUT	990.876682311	913.1929645910001	6807.719936	cloud-23933
eca-rers2012/Problem04_label16.yml	true	TIMEOUT	990.864473572	933.4835055579988	6874.566656	cloud-24441	TIMEOUT	991.109973644	912.7335436630001	6944.448512	cloud-23933
eca-rers2012/Problem04_label17.yml	false	TIMEOUT	990.816094045	927.8983580839995	6854.217728	cloud-24679	TIMEOUT	991.009800818	916.3531675689956	8028.979200	cloud-24261
eca-rers2012/Problem04_label18.yml	false	TIMEOUT	990.793982609	938.340320339019	7669.018624	cloud-23943	TIMEOUT	991.244357414	916.1687500879998	8070.647808	cloud-24261
eca-rers2012/Problem04_label19.yml	false	TIMEOUT	990.730001005	939.4785080840229	7364.354048	cloud-23942	TIMEOUT (ERROR (solver error, after parsing finished))	932.453074676	859.6329182890004	6657.101824	cloud-23979
eca-rers2012/Problem04_label20.yml	true	TIMEOUT	990.849232829	931.2628334479998	6736.592896	cloud-24441	TIMEOUT	991.067763848	903.6138138829992	6616.707072	cloud-24259
eca-rers2012/Problem04_label21.yml	true	TIMEOUT	990.857834274	927.8736048	7043.780608	cloud-24679	TIMEOUT (ERROR (solver error, after parsing finished))	908.061922431	839.6318276149977	6824.292352	cloud-24261
eca-rers2012/Problem04_label22.yml	true	TIMEOUT	990.786978203	930.6695994419999	7000.416256	cloud-24679	TIMEOUT (ERROR (solver error, after parsing finished))	974.950126592	900.311773458001	6617.784320	cloud-23979
eca-rers2012/Problem04_label23.yml	true	TIMEOUT	990.873321392	938.3589683959999	6936.739840	cloud-24642	ERROR (solver error, after parsing finished)	883.941630542	820.3564504949973	7836.827648	cloud-23939
eca-rers2012/Problem04_label24.yml	true	TIMEOUT	990.754399496	934.462698982	7329.075200	cloud-24642	TIMEOUT (ERROR (solver error, after parsing finished))	983.739981273	904.460826802002	7446.585344	cloud-23933
eca-rers2012/Problem04_label25.yml	true	TIMEOUT	990.817936401	932.8550168399997	6835.290112	cloud-24679	TIMEOUT	990.770849628	924.7417434420058	6828.429312	cloud-24261
eca-rers2012/Problem04_label26.yml	false	TIMEOUT	990.702252312	935.8221112400001	7044.915200	cloud-24642	TIMEOUT (ERROR (solver error, after parsing finished))	956.150139249	882.7813758560005	6775.259136	cloud-23979
eca-rers2012/Problem04_label27.yml	false	TIMEOUT	990.859101619	928.0039106990007	6844.571648	cloud-24678	TIMEOUT	991.062388896	903.5605469259972	7355.097088	cloud-24259
eca-rers2012/Problem04_label28.yml	true	TIMEOUT	990.85923898	928.660773353	6959.616000	cloud-24679	TIMEOUT (ERROR (solver error, after parsing finished))	943.928347096	872.2556627020003	6614.171648	cloud-23979
eca-rers2012/Problem04_label29.yml	true	TIMEOUT	990.959326253	927.7049603569994	6829.416448	cloud-24679	TIMEOUT (ERROR (solver error, after parsing finished))	970.550180256	881.4981018370001	6973.370368	cloud-23933
eca-rers2012/Problem04_label30.yml	true	TIMEOUT	991.012190491	935.3968294479982	8269.860864	cloud-24642	TIMEOUT (ERROR (solver error, after parsing finished))	952.78196438	874.6872586059981	7383.879680	cloud-23979
eca-rers2012/Problem04_label31.yml	false	TIMEOUT	990.764775386	939.9482640240167	7918.878720	cloud-23943	TIMEOUT	990.863551829	921.3487851989994	6853.050368	cloud-23979
eca-rers2012/Problem04_label32.yml	false	TIMEOUT	990.838680095	935.0663162579986	6945.755136	cloud-24678	TIMEOUT (ERROR (solver error, after parsing finished))	930.629196921	855.2727802500012	7278.575616	cloud-23979
eca-rers2012/Problem04_label33.yml	true	TIMEOUT	990.819785399	932.9094457089996	7024.144384	cloud-24678	TIMEOUT	991.052242103	906.6559527339996	6750.507008	cloud-23933
eca-rers2012/Problem04_label34.yml	true	TIMEOUT	990.920138294	932.8169631399978	7961.690112	cloud-24441	TIMEOUT	991.161853106	911.8651798830033	7401.639936	cloud-23979
eca-rers2012/Problem04_label35.yml	false	TIMEOUT	990.881028463	938.5957033589948	6951.661568	cloud-23940	TIMEOUT (ERROR (solver error, after parsing finished))	908.105137832	838.3842652050007	7723.126784	cloud-24261
eca-rers2012/Problem04_label36.yml	false	TIMEOUT	990.759789621	934.898633812998	6836.359168	cloud-24642	TIMEOUT (ERROR (solver error, after parsing finished))	939.167842047	866.1387658789972	6661.345280	cloud-23979
eca-rers2012/Problem04_label37.yml	true	TIMEOUT	990.827599821	944.4992020310019	6948.638720	cloud-23939	ERROR (solver error, after parsing finished)	876.942144374	813.2707244389967	6888.263680	cloud-23939
eca-rers2012/Problem04_label38.yml	false	TIMEOUT	990.835914596	929.1511372749992	7266.344960	cloud-24679	TIMEOUT	991.256170357	904.1475570569964	6635.347968	cloud-24259
eca-rers2012/Problem04_label39.yml	false	TIMEOUT	990.721946181	935.2964481500094	6962.561024	cloud-23943	TIMEOUT	991.274210311	907.3735663789994	7130.116096	cloud-23933
eca-rers2012/Problem04_label40.yml	false	TIMEOUT	990.89251459	931.473659350002	7254.503424	cloud-24441	TIMEOUT (ERROR (solver error, after parsing finished))	916.499155766	844.345253517	6599.372800	cloud-24261
eca-rers2012/Problem04_label41.yml	true	TIMEOUT	990.761305548	930.980574448	6989.844480	cloud-24441	TIMEOUT	991.142479369	915.9904529850028	7157.772288	cloud-24261
eca-rers2012/Problem04_label42.yml	true	TIMEOUT	990.922704019	929.670864847998	7854.063616	cloud-24679	ERROR (solver error, after parsing finished)	899.773151059	830.671959572006	7089.053696	cloud-23942
eca-rers2012/Problem04_label43.yml	true	TIMEOUT	990.687599146	937.1716928249807	7146.758144	cloud-23942	TIMEOUT	991.313524634	901.5482771400057	7384.842240	cloud-23933
eca-rers2012/Problem04_label44.yml	true	TIMEOUT	990.765006668	927.184055969	7363.358720	cloud-24642	ERROR (solver error, after parsing finished)	898.662071865	826.3085240600049	7180.865536	cloud-23979
eca-rers2012/Problem04_label45.yml	false	TIMEOUT	990.69671264	937.724099043	7105.662976	cloud-23942	TIMEOUT (ERROR (solver error, after parsing finished))	922.655115221	845.6180747850012	7077.711872	cloud-24261
eca-rers2012/Problem04_label46.yml	true	TIMEOUT	990.71303706	931.5035219010001	7200.440320	cloud-24441	TIMEOUT (ERROR (solver error, after parsing finished))	925.982274857	850.8987837789973	6907.375616	cloud-23933
eca-rers2012/Problem04_label47.yml	true	TIMEOUT	990.863955428	930.3101619449999	7239.639040	cloud-24679	TIMEOUT	991.278962827	895.594690701997	6954.991616	cloud-24259
eca-rers2012/Problem04_label48.yml	true	TIMEOUT	990.986325386	931.7889554740032	7175.073792	cloud-24679	TIMEOUT (ERROR (solver error, after parsing finished))	916.126898773	842.9675302859978	7156.097024	cloud-24261
eca-rers2012/Problem04_label49.yml	true	TIMEOUT	990.850986544	927.5003901079981	7102.451712	cloud-24678	TIMEOUT	991.117410993	912.5438965700014	7313.076224	cloud-23979
eca-rers2012/Problem04_label50.yml	true	TIMEOUT	990.860648594	929.8237129129993	6932.504576	cloud-24678	TIMEOUT	991.091444866	892.9741130529983	6942.588928	cloud-24259
eca-rers2012/Problem04_label51.yml	true	TIMEOUT	990.949015485	930.3027741699989	7042.260992	cloud-24678	TIMEOUT	991.125719044	900.55414879	7197.294592	cloud-23933
eca-rers2012/Problem04_label52.yml	false	TIMEOUT	990.969910896	927.8188828689999	7104.212992	cloud-24679	TIMEOUT (ERROR (solver error, after parsing finished))	944.164883139	864.4288651589995	6978.506752	cloud-23979
eca-rers2012/Problem04_label53.yml	true	TIMEOUT	990.714189226	935.4135595930002	6903.398400	cloud-24642	TIMEOUT	990.906026235	921.3973730430007	7142.481920	cloud-23979
eca-rers2012/Problem04_label54.yml	true	TIMEOUT	991.033949944	932.7514000920019	8169.349120	cloud-24441	TIMEOUT (ERROR (solver error, after parsing finished))	919.762909175	837.5578665770008	7055.024128	cloud-23979
eca-rers2012/Problem04_label55.yml	false	TIMEOUT	990.757145147	919.114925545	7356.325888	cloud-23941	TIMEOUT	991.04006224	910.0962823980008	6943.010816	cloud-23979
eca-rers2012/Problem04_label56.yml	true	TIMEOUT	990.711893248	943.6718363419932	7653.863424	cloud-23940	TIMEOUT	991.047430155	923.2617930839988	7610.925056	cloud-24261
eca-rers2012/Problem04_label57.yml	true	TIMEOUT	990.674548142	931.250571915	7121.338368	cloud-24441	TIMEOUT	990.763028442	930.8023670479961	6831.452160	cloud-23939
eca-rers2012/Problem04_label58.yml	false	TIMEOUT	990.793804226	930.075387073	8058.171392	cloud-24678	TIMEOUT	991.218631172	896.5058290060006	6836.506624	cloud-24259
eca-rers2012/Problem04_label59.yml	true	TIMEOUT	990.965993213	936.5179490190003	8159.006720	cloud-24642	TIMEOUT	991.198602152	905.0077388680002	6751.199232	cloud-23933
eca-rers2012/Problem05_label00.yml	false	OUT OF MEMORY	222.769877783	185.68485249999958	15000.043520	cloud-24679	OUT OF MEMORY	269.68028538	226.4296138369973	15000.047616	cloud-23979
eca-rers2012/Problem05_label01.yml	false	OUT OF MEMORY	221.417882603	185.10416528299902	15000.047616	cloud-24441	OUT OF MEMORY	261.877496025	220.17376144800073	15000.170496	cloud-23944
eca-rers2012/Problem05_label02.yml	true	OUT OF MEMORY	212.962523639	176.48546592501225	15000.158208	cloud-23941	OUT OF MEMORY	290.889805709	241.28958843700093	15000.055808	cloud-23933
eca-rers2012/Problem05_label03.yml	true	OUT OF MEMORY	215.239180914	177.745220539	15000.035328	cloud-24678	OUT OF MEMORY	264.22781583	218.3076546049997	15000.047616	cloud-24261
eca-rers2012/Problem05_label04.yml	true	OUT OF MEMORY	199.670717347	162.77574225100034	15000.043520	cloud-24441	OUT OF MEMORY	329.948824891	274.6984300469994	15000.055808	cloud-23933
eca-rers2012/Problem05_label05.yml	true	OUT OF MEMORY	175.729227401	141.53332097097882	15000.162304	cloud-23941	OUT OF MEMORY	332.18087767	282.39291277199663	15000.055808	cloud-23933
eca-rers2012/Problem05_label06.yml	true	OUT OF MEMORY	156.881106637	127.4342424479837	15000.166400	cloud-23942	OUT OF MEMORY	213.347266367	173.78891206000117	15000.174592	cloud-23941
eca-rers2012/Problem05_label07.yml	true	OUT OF MEMORY	194.217897093	158.7234143980022	15000.043520	cloud-24679	OUT OF MEMORY	342.083705962	284.47802535499795	15000.051712	cloud-24261
eca-rers2012/Problem05_label08.yml	true	OUT OF MEMORY	185.739622183	149.0841680100002	15000.043520	cloud-24679	OUT OF MEMORY	294.863667482	247.74916871500318	15000.055808	cloud-23979
eca-rers2012/Problem05_label09.yml	true	OUT OF MEMORY	221.259067459	182.95842233499934	15000.047616	cloud-24679	OUT OF MEMORY	197.383118425	160.4623893609969	15000.174592	cloud-23939
eca-rers2012/Problem05_label10.yml	true	OUT OF MEMORY	202.257400432	167.45080042399968	15000.039424	cloud-24678	OUT OF MEMORY	355.907134899	295.99007886799996	15000.047616	cloud-23933
eca-rers2012/Problem05_label11.yml	false	OUT OF MEMORY	186.279948154	155.5760202970123	15000.166400	cloud-23942	OUT OF MEMORY	384.562844924	323.45052824699087	15000.055808	cloud-24261
eca-rers2012/Problem05_label12.yml	true	OUT OF MEMORY	168.522327186	134.84117827299633	15000.170496	cloud-23941	OUT OF MEMORY	244.741590356	201.95542439299993	15000.051712	cloud-23979
eca-rers2012/Problem05_label13.yml	false	OUT OF MEMORY	213.889997528	176.85058405900054	15000.047616	cloud-24679	OUT OF MEMORY	198.106423102	165.05090326500067	15000.178688	cloud-23943
eca-rers2012/Problem05_label14.yml	true	OUT OF MEMORY	181.652877561	147.33820858001127	15000.166400	cloud-23943	OUT OF MEMORY	269.874748102	224.69207042000198	15000.055808	cloud-24261
eca-rers2012/Problem05_label15.yml	false	OUT OF MEMORY	199.006860428	161.23448571999688	15000.047616	cloud-24678	OUT OF MEMORY	325.434991845	276.16434222599855	15000.051712	cloud-24261
eca-rers2012/Problem05_label16.yml	true	OUT OF MEMORY	185.265670401	148.04210652999973	15000.035328	cloud-24679	OUT OF MEMORY	252.180196066	206.85203300799913	15000.055808	cloud-24261
eca-rers2012/Problem05_label17.yml	true	OUT OF MEMORY	164.295668604	132.51405216701096	15000.170496	cloud-23940	OUT OF MEMORY	193.425368735	157.77210643599392	15000.178688	cloud-23943
eca-rers2012/Problem05_label18.yml	false	OUT OF MEMORY	186.468404657	149.53032639499997	15000.047616	cloud-24642	OUT OF MEMORY	277.245010031	231.7681329659972	15000.055808	cloud-23979
eca-rers2012/Problem05_label19.yml	true	OUT OF MEMORY	230.76104561	192.63681047700084	15000.043520	cloud-24441	OUT OF MEMORY	210.50947262	171.5722393219985	15000.178688	cloud-23941
eca-rers2012/Problem05_label20.yml	true	OUT OF MEMORY	206.39459543	168.4144352250005	15000.043520	cloud-24642	OUT OF MEMORY	255.896003081	213.0198262390004	15000.178688	cloud-23939
eca-rers2012/Problem05_label21.yml	true	OUT OF MEMORY	196.88236686	159.87225552000018	15000.039424	cloud-24678	OUT OF MEMORY	277.858022754	233.82632694800122	15000.055808	cloud-24261
eca-rers2012/Problem05_label22.yml	true	OUT OF MEMORY	217.943685222	180.49772124100127	15000.170496	cloud-23943	OUT OF MEMORY	457.132981748	392.3351057079999	15000.051712	cloud-24259
eca-rers2012/Problem05_label23.yml	true	OUT OF MEMORY	158.589379717	126.50030121201416	15000.170496	cloud-23942	OUT OF MEMORY	394.786307975	331.31754635000107	15000.051712	cloud-23933
eca-rers2012/Problem05_label24.yml	false	OUT OF MEMORY	175.245626734	143.71718836401124	15000.166400	cloud-23941	OUT OF MEMORY	291.356834838	245.35368522800127	15000.055808	cloud-23933
eca-rers2012/Problem05_label25.yml	true	OUT OF MEMORY	220.545598055	181.09392534700055	15000.043520	cloud-24679	OUT OF MEMORY	212.849510282	171.7521260479989	15000.178688	cloud-23940
eca-rers2012/Problem05_label26.yml	false	OUT OF MEMORY	198.317571781	159.51321262300007	15000.047616	cloud-24679	OUT OF MEMORY	262.67902124	216.33177175500168	15000.055808	cloud-24261
eca-rers2012/Problem05_label27.yml	true	OUT OF MEMORY	191.966281161	153.99994968700048	15000.043520	cloud-24642	OUT OF MEMORY	358.555547184	301.36688271599996	15000.055808	cloud-23933
eca-rers2012/Problem05_label28.yml	true	OUT OF MEMORY	160.986978375	131.60011620700243	15000.170496	cloud-23942	OUT OF MEMORY	296.329634358	248.54207650600438	15000.051712	cloud-24261
eca-rers2012/Problem05_label29.yml	true	OUT OF MEMORY	186.037302212	151.1346306760097	15000.166400	cloud-23943	OUT OF MEMORY	203.65263351	166.76363322399993	15000.178688	cloud-23943
eca-rers2012/Problem05_label30.yml	false	OUT OF MEMORY	194.786691129	160.92363015099545	15000.166400	cloud-23941	OUT OF MEMORY	284.975645999	227.14637143599975	15000.051712	cloud-24261
eca-rers2012/Problem05_label31.yml	true	OUT OF MEMORY	192.798785002	156.07025915699978	15000.039424	cloud-24678	OUT OF MEMORY	307.586676568	256.7405746680015	15000.047616	cloud-24261
eca-rers2012/Problem05_label32.yml	false	OUT OF MEMORY	231.655508168	192.43581708999773	15000.047616	cloud-24642	OUT OF MEMORY	297.570847107	252.2126533970004	15000.178688	cloud-23942
eca-rers2012/Problem05_label33.yml	false	OUT OF MEMORY	152.502081587	124.86571453901706	15000.170496	cloud-23942	OUT OF MEMORY	252.21397097	208.69690499400167	15000.051712	cloud-23979
eca-rers2012/Problem05_label34.yml	true	OUT OF MEMORY	193.175057883	156.17803905600158	15000.043520	cloud-24441	OUT OF MEMORY	270.63667473	221.14722382099717	15000.051712	cloud-24261
eca-rers2012/Problem05_label35.yml	true	OUT OF MEMORY	197.700675707	158.98318405899954	15000.027136	cloud-24441	OUT OF MEMORY	366.214029415	305.4183390559999	15000.051712	cloud-24276
eca-rers2012/Problem05_label36.yml	false	OUT OF MEMORY	200.503666712	164.96646514199892	15000.039424	cloud-24642	OUT OF MEMORY	239.562152121	198.10572956399847	15000.055808	cloud-23979
eca-rers2012/Problem05_label37.yml	false	OUT OF MEMORY	192.975981105	159.94054328399943	15000.158208	cloud-23940	OUT OF MEMORY	242.090290449	201.62919270999555	15000.170496	cloud-23944
eca-rers2012/Problem05_label38.yml	false	OUT OF MEMORY	168.893883989	135.12930532399332	15000.158208	cloud-23941	OUT OF MEMORY	263.838162322	218.2021515910019	15000.055808	cloud-23979
eca-rers2012/Problem05_label39.yml	false	OUT OF MEMORY	178.62871217	143.1765127510007	15000.166400	cloud-23943	OUT OF MEMORY	251.755206708	210.00680369999463	15000.178688	cloud-23943
eca-rers2012/Problem05_label40.yml	false	OUT OF MEMORY	181.767331452	150.9962930349866	15000.162304	cloud-23940	OUT OF MEMORY	325.549030888	275.50815349800007	15000.051712	cloud-23979
eca-rers2012/Problem05_label41.yml	false	OUT OF MEMORY	194.850419019	157.66168213399942	15000.166400	cloud-23944	OUT OF MEMORY	293.607243729	244.77313505	15000.051712	cloud-23979
eca-rers2012/Problem05_label42.yml	true	OUT OF MEMORY	189.608093025	152.42822243400224	15000.043520	cloud-24642	OUT OF MEMORY	210.49875902	169.71479653700226	15000.174592	cloud-23941
eca-rers2012/Problem05_label43.yml	true	OUT OF MEMORY	165.569658703	136.77743731299415	15000.166400	cloud-23939	OUT OF MEMORY	265.961256354	215.41949147800187	15000.051712	cloud-23933
eca-rers2012/Problem05_label44.yml	false	OUT OF MEMORY	197.252342751	159.41495342199778	15000.047616	cloud-24642	OUT OF MEMORY	279.288065063	232.80650397899808	15000.055808	cloud-24261
eca-rers2012/Problem05_label45.yml	true	OUT OF MEMORY	169.777343184	137.83593181398464	15000.162304	cloud-23940	OUT OF MEMORY	237.533750554	199.7891465759967	15000.178688	cloud-23939
eca-rers2012/Problem05_label46.yml	true	OUT OF MEMORY	199.090910401	159.4098428899997	15000.043520	cloud-24678	OUT OF MEMORY	223.468826322	182.62008019899804	15000.178688	cloud-23939
eca-rers2012/Problem05_label47.yml	false	OUT OF MEMORY	180.344370925	145.42141332800384	15000.162304	cloud-23944	OUT OF MEMORY	199.858076117	163.2566122660064	15000.178688	cloud-23943
eca-rers2012/Problem05_label48.yml	false	OUT OF MEMORY	234.060020328	193.48380270300186	15000.039424	cloud-24679	OUT OF MEMORY	274.85737495	228.64136857000267	15000.051712	cloud-24261
eca-rers2012/Problem05_label49.yml	true	OUT OF MEMORY	225.318517634	187.1109387180004	15000.043520	cloud-24642	OUT OF MEMORY	288.58431551	240.50820091499918	15000.051712	cloud-24261
eca-rers2012/Problem05_label50.yml	true	OUT OF MEMORY	172.443218136	139.912262465019	15000.166400	cloud-23941	OUT OF MEMORY	242.697310931	197.3601404220026	15000.047616	cloud-24261
eca-rers2012/Problem05_label51.yml	false	OUT OF MEMORY	236.320842834	195.4710064030005	15000.043520	cloud-24441	OUT OF MEMORY	306.978964803	259.8298871770021	15000.055808	cloud-24261
eca-rers2012/Problem05_label52.yml	true	OUT OF MEMORY	183.549992569	149.01792411500355	15000.166400	cloud-23943	OUT OF MEMORY	216.128050104	173.22816470600083	15000.170496	cloud-23939
eca-rers2012/Problem05_label53.yml	true	OUT OF MEMORY	198.448348815	161.45523683600004	15000.047616	cloud-24679	OUT OF MEMORY	228.214184219	185.97110271199927	15000.178688	cloud-23939
eca-rers2012/Problem05_label54.yml	true	OUT OF MEMORY	180.977590153	144.14502345800065	15000.035328	cloud-24642	OUT OF MEMORY	310.516519435	262.4738160470006	15000.055808	cloud-24261
eca-rers2012/Problem05_label55.yml	false	OUT OF MEMORY	242.204495634	200.20476383999994	15000.043520	cloud-24441	OUT OF MEMORY	294.205786156	246.69320781100396	15000.047616	cloud-24261
eca-rers2012/Problem05_label56.yml	true	OUT OF MEMORY	185.46966355	145.82712123599777	15000.047616	cloud-24678	OUT OF MEMORY	240.288800338	198.8227756710039	15000.178688	cloud-23940
eca-rers2012/Problem05_label57.yml	false	OUT OF MEMORY	200.112673455	163.78451982702245	15000.170496	cloud-23941	OUT OF MEMORY	266.83136917	222.40319924300275	15000.174592	cloud-23944
eca-rers2012/Problem05_label58.yml	false	OUT OF MEMORY	152.959839966	125.10468365001725	15000.170496	cloud-23942	OUT OF MEMORY	287.641547496	237.36967659899528	15000.055808	cloud-24261
eca-rers2012/Problem05_label59.yml	true	OUT OF MEMORY	190.550845458	158.77256225899328	15000.166400	cloud-23941	OUT OF MEMORY	386.716426021	327.098665	15000.047616	cloud-23933
eca-rers2012/Problem06_label00.yml	false	OUT OF MEMORY	254.789622797	217.49380972200015	15000.039424	cloud-24441	OUT OF MEMORY	557.946826097	489.0502053349992	15000.162304	cloud-23944
eca-rers2012/Problem06_label01.yml	false	OUT OF MEMORY	808.861701809	737.3681763380009	15000.047616	cloud-24679	OUT OF MEMORY	383.942524541	337.34798418800347	15000.055808	cloud-24261
eca-rers2012/Problem06_label02.yml	false	OUT OF MEMORY	322.119341479	266.51583238400053	15000.170496	cloud-23944	OUT OF MEMORY	445.781829801	382.8092562660022	15000.055808	cloud-24261
eca-rers2012/Problem06_label03.yml	true	OUT OF MEMORY	269.201911141	227.48082141200211	15000.043520	cloud-24441	OUT OF MEMORY	505.735515726	430.1569280230033	15000.178688	cloud-23944
eca-rers2012/Problem06_label04.yml	false	OUT OF MEMORY	393.840886506	339.1771100859987	15000.047616	cloud-24679	OUT OF MEMORY	388.593740003	333.1557789769977	15000.051712	cloud-24261
eca-rers2012/Problem06_label05.yml	false	OUT OF MEMORY	219.890429165	180.4241395549907	15000.166400	cloud-23939	OUT OF MEMORY	340.712554849	296.6254789090017	15000.166400	cloud-23941
eca-rers2012/Problem06_label06.yml	true	OUT OF MEMORY	381.17077679	323.40991070499877	15000.039424	cloud-24441	OUT OF MEMORY	733.181745701	658.9100954189998	15000.174592	cloud-23941
eca-rers2012/Problem06_label07.yml	true	OUT OF MEMORY	290.357342904	244.9233665870015	15000.047616	cloud-24678	TIMEOUT	991.590440401	899.2213729119976	14812.147712	cloud-24261
eca-rers2012/Problem06_label08.yml	true	OUT OF MEMORY	419.222450084	361.65866864500003	15000.047616	cloud-24642	OUT OF MEMORY	456.36978432	385.0697175000023	15000.178688	cloud-23940
eca-rers2012/Problem06_label09.yml	false	TIMEOUT	973.129475568	906.898237261019	15000.158208	cloud-23944	TIMEOUT	991.714206748	898.8083634769973	14948.560896	cloud-24261
eca-rers2012/Problem06_label10.yml	false	OUT OF MEMORY	301.678188191	254.24704173198552	15000.166400	cloud-23939	OUT OF MEMORY	325.942285876	270.391281350996	15000.162304	cloud-23939
eca-rers2012/Problem06_label11.yml	false	OUT OF MEMORY	295.943637065	245.44452281399936	15000.051712	cloud-24642	OUT OF MEMORY	327.077261504	266.0234463759989	15000.055808	cloud-23979
eca-rers2012/Problem06_label12.yml	false	OUT OF MEMORY	236.413975013	198.19209492699883	15000.043520	cloud-24642	OUT OF MEMORY	656.745904811	588.723646102997	15000.178688	cloud-23944
eca-rers2012/Problem06_label13.yml	true	TIMEOUT	991.457026263	929.1180754750003	14641.979392	cloud-24679	TIMEOUT	992.466358952	889.688827017002	14733.430784	cloud-24259
eca-rers2012/Problem06_label14.yml	true	OUT OF MEMORY	249.579716623	212.07764395499998	15000.039424	cloud-24441	TIMEOUT	991.367940143	911.1396566059993	14931.603456	cloud-23942
eca-rers2012/Problem06_label15.yml	false	OUT OF MEMORY	191.647959394	162.76517073702416	15000.166400	cloud-23939	OUT OF MEMORY	327.396411663	280.8665741360019	15000.178688	cloud-23941
eca-rers2012/Problem06_label16.yml	true	OUT OF MEMORY	677.448814643	608.0697886399976	15000.043520	cloud-24679	OUT OF MEMORY	317.019283527	274.8735775669993	15000.174592	cloud-23939
eca-rers2012/Problem06_label17.yml	true	OUT OF MEMORY	272.207769812	223.25998851298937	15000.162304	cloud-23942	OUT OF MEMORY	248.181616669	209.11474969700066	15000.178688	cloud-23942
eca-rers2012/Problem06_label18.yml	true	OUT OF MEMORY	421.957346783	354.41331067899955	15000.043520	cloud-24642	OUT OF MEMORY	351.491308316	302.5352745220007	15000.047616	cloud-24261
eca-rers2012/Problem06_label19.yml	true	OUT OF MEMORY	223.551113363	180.67247534598573	15000.170496	cloud-23940	OUT OF MEMORY	597.858996561	534.700360928	15000.051712	cloud-23933
eca-rers2012/Problem06_label20.yml	false	OUT OF MEMORY	892.787284979	839.4305235979846	15000.170496	cloud-23939	TIMEOUT	991.314911087	922.6031151139978	14982.414336	cloud-23943
eca-rers2012/Problem06_label21.yml	false	OUT OF MEMORY	228.453412895	191.64775470899986	15000.043520	cloud-24642	OUT OF MEMORY	465.711482682	398.01336599299975	15000.055808	cloud-24261
eca-rers2012/Problem06_label22.yml	true	OUT OF MEMORY	253.811915392	218.6959724900007	15000.047616	cloud-24679	TIMEOUT	991.317104605	905.4775034659999	14680.211456	cloud-23979
eca-rers2012/Problem06_label23.yml	true	OUT OF MEMORY	533.391707208	473.1232041629846	15000.170496	cloud-23940	OUT OF MEMORY	613.294357158	543.7423018119999	15000.047616	cloud-23979
eca-rers2012/Problem06_label24.yml	false	OUT OF MEMORY	226.387056762	189.5257650509884	15000.158208	cloud-23943	OUT OF MEMORY	295.623973947	256.7614777620038	15000.178688	cloud-23939
eca-rers2012/Problem06_label25.yml	true	OUT OF MEMORY	317.041728576	267.8267502259987	15000.170496	cloud-23939	OUT OF MEMORY	417.173531941	345.67989878899243	15000.178688	cloud-23942
eca-rers2012/Problem06_label26.yml	true	OUT OF MEMORY	231.014128977	196.58041290899928	15000.047616	cloud-24679	OUT OF MEMORY	473.037988851	407.8156674419988	15000.051712	cloud-23979
eca-rers2012/Problem06_label27.yml	false	OUT OF MEMORY	300.991488046	254.93299602499974	15000.047616	cloud-24679	OUT OF MEMORY	441.035424984	374.01547502500034	15000.051712	cloud-24261
eca-rers2012/Problem06_label28.yml	true	OUT OF MEMORY	323.120607944	278.3957372579898	15000.166400	cloud-23939	OUT OF MEMORY	271.95417496	234.3132768409996	15000.174592	cloud-23944
eca-rers2012/Problem06_label29.yml	false	OUT OF MEMORY	199.488349019	168.8083289259812	15000.166400	cloud-23939	TIMEOUT	991.409495039	909.0196344599972	14928.912384	cloud-23941
eca-rers2012/Problem06_label30.yml	true	OUT OF MEMORY	303.917783228	247.18325226099114	15000.166400	cloud-23943	TIMEOUT	991.90263357	899.090319996998	14817.824768	cloud-23933
eca-rers2012/Problem06_label31.yml	true	OUT OF MEMORY	391.758254527	334.4120928299999	15000.043520	cloud-24642	OUT OF MEMORY	461.448249185	386.8190304009986	15000.051712	cloud-24261
eca-rers2012/Problem06_label32.yml	true	OUT OF MEMORY	286.093418911	233.62995995299934	15000.051712	cloud-24642	OUT OF MEMORY	469.746783722	402.50622665199626	15000.051712	cloud-24261
eca-rers2012/Problem06_label33.yml	false	OUT OF MEMORY	344.496644436	292.16740195601596	15000.170496	cloud-23940	OUT OF MEMORY	644.840580373	570.8556897189992	15000.047616	cloud-23933
eca-rers2012/Problem06_label34.yml	true	OUT OF MEMORY	277.521271849	237.58676906599976	15000.043520	cloud-24642	OUT OF MEMORY	266.251379783	229.627442832003	15000.178688	cloud-23943
eca-rers2012/Problem06_label35.yml	true	OUT OF MEMORY	288.115997735	239.97007797499828	15000.043520	cloud-24642	OUT OF MEMORY	822.815922829	752.488782483997	15000.178688	cloud-23941
eca-rers2012/Problem06_label36.yml	false	OUT OF MEMORY	310.23648133	262.5197379569872	15000.162304	cloud-23939	OUT OF MEMORY	356.847368728	296.6735914519959	15000.178688	cloud-23941
eca-rers2012/Problem06_label37.yml	false	OUT OF MEMORY	376.264934928	322.13223762399866	15000.162304	cloud-23939	OUT OF MEMORY	740.024920605	645.2831894940027	15000.051712	cloud-23933
eca-rers2012/Problem06_label38.yml	false	OUT OF MEMORY	501.07924789	438.74942664899936	15000.043520	cloud-24678	OUT OF MEMORY	289.630187349	244.18100842100102	15000.178688	cloud-23942
eca-rers2012/Problem06_label39.yml	true	OUT OF MEMORY	269.20167882	219.53740998500007	15000.043520	cloud-24642	OUT OF MEMORY	573.951845329	497.5691854360048	15000.174592	cloud-23939
eca-rers2012/Problem06_label40.yml	true	OUT OF MEMORY	740.898813531	674.5737825480003	15000.047616	cloud-24441	TIMEOUT	991.424995302	910.9033167870002	14795.415552	cloud-23979
eca-rers2012/Problem06_label41.yml	true	OUT OF MEMORY	220.494097608	185.09517631700146	15000.162304	cloud-23941	OUT OF MEMORY	518.450746343	444.1100470620004	15000.055808	cloud-24261
eca-rers2012/Problem06_label42.yml	true	OUT OF MEMORY	286.723492307	239.77982668700002	15000.027136	cloud-24441	OUT OF MEMORY	319.828315118	264.0684048320036	15000.178688	cloud-23943
eca-rers2012/Problem06_label43.yml	true	OUT OF MEMORY	222.133876962	184.7877948560017	15000.039424	cloud-24642	OUT OF MEMORY	301.324867632	262.6679753799981	15000.178688	cloud-23941
eca-rers2012/Problem06_label44.yml	false	OUT OF MEMORY	313.81859301	255.1421216130002	15000.047616	cloud-24679	OUT OF MEMORY	278.27775665	239.88392416299757	15000.174592	cloud-23940
eca-rers2012/Problem06_label45.yml	true	TIMEOUT	991.135230966	928.532935326999	14200.500224	cloud-24642	TIMEOUT	991.256420243	916.7428186930047	14908.276736	cloud-23940
eca-rers2012/Problem06_label46.yml	true	OUT OF MEMORY	294.629243702	247.0870325879987	15000.043520	cloud-24441	OUT OF MEMORY	517.309956932	448.9792391749943	15000.047616	cloud-23933
eca-rers2012/Problem06_label47.yml	false	OUT OF MEMORY	232.433530961	186.14009041900863	15000.174592	cloud-23940	OUT OF MEMORY	398.181583381	334.16039587299747	15000.170496	cloud-23941
eca-rers2012/Problem06_label48.yml	false	TIMEOUT	933.908020953	861.105780826998	15000.039424	cloud-24679	OUT OF MEMORY	550.199199923	494.2986869460001	15000.055808	cloud-24259
eca-rers2012/Problem06_label49.yml	true	OUT OF MEMORY	235.734850431	188.06572169798892	15000.166400	cloud-23940	OUT OF MEMORY	473.016314101	399.41060477500287	15000.055808	cloud-24261
eca-rers2012/Problem06_label50.yml	true	OUT OF MEMORY	286.187183429	237.3671374359983	15000.039424	cloud-24678	OUT OF MEMORY	375.329617707	326.94059377600206	15000.174592	cloud-23942
eca-rers2012/Problem06_label51.yml	true	OUT OF MEMORY	281.723125689	231.53095216099973	15000.035328	cloud-24441	OUT OF MEMORY	336.521356575	293.46594935500616	15000.178688	cloud-23939
eca-rers2012/Problem06_label52.yml	true	OUT OF MEMORY	202.699457037	171.4849640330067	15000.170496	cloud-23942	TIMEOUT	992.000963132	890.0507244889959	14982.815744	cloud-23979
eca-rers2012/Problem06_label53.yml	true	OUT OF MEMORY	392.391482969	333.44792186999985	15000.043520	cloud-24679	OUT OF MEMORY	288.048389029	246.9813978940001	15000.178688	cloud-23940
eca-rers2012/Problem06_label54.yml	true	TIMEOUT	991.171587676	924.9784923029983	14266.150912	cloud-24678	OUT OF MEMORY	370.263805867	319.46620555899426	15000.055808	cloud-24261
eca-rers2012/Problem06_label55.yml	true	TIMEOUT	991.252535173	922.1038915820027	14812.131328	cloud-24441	TIMEOUT	991.651398135	909.6275080940031	14999.502848	cloud-24261
eca-rers2012/Problem06_label56.yml	false	OUT OF MEMORY	547.137046484	481.84289522499967	15000.043520	cloud-24642	OUT OF MEMORY	713.681161162	620.3195657460019	15000.051712	cloud-23979
eca-rers2012/Problem06_label57.yml	true	OUT OF MEMORY	263.161188485	219.0455916030005	15000.043520	cloud-24678	TIMEOUT	991.191709262	919.8948463990018	14129.496064	cloud-23941
eca-rers2012/Problem06_label58.yml	false	OUT OF MEMORY	239.384766131	199.14836170099807	15000.047616	cloud-24642	OUT OF MEMORY	339.200070385	290.49228649200006	15000.055808	cloud-23933
eca-rers2012/Problem06_label59.yml	false	TIMEOUT	991.198163414	920.4566118479997	14865.104896	cloud-24441	OUT OF MEMORY	453.384772618	375.59624066299875	15000.051712	cloud-23933
eca-rers2012/Problem07_label00.yml	true	OUT OF MEMORY	79.817233642	43.6192814490023	15000.043520	cloud-24679	OUT OF MEMORY	91.734309578	49.45057748800173	15000.055808	cloud-24261
eca-rers2012/Problem07_label01.yml	true	OUT OF MEMORY	63.236215243	34.81233303100453	15000.342528	cloud-23940	OUT OF MEMORY	98.29387522	53.239516143999936	15000.047616	cloud-23933
eca-rers2012/Problem07_label02.yml	true	OUT OF MEMORY	78.950307143	43.92964727399885	15000.043520	cloud-24441	OUT OF MEMORY	114.467862968	62.75168386100002	15000.055808	cloud-23979
eca-rers2012/Problem07_label03.yml	false	OUT OF MEMORY	79.900563828	44.30631182898651	15000.162304	cloud-23943	OUT OF MEMORY	102.761247872	56.43551309800023	15000.055808	cloud-23979
eca-rers2012/Problem07_label04.yml	true	OUT OF MEMORY	75.28119747	41.254065622999406	15000.047616	cloud-24679	OUT OF MEMORY	81.752621599	45.28117189600016	15000.174592	cloud-23943
eca-rers2012/Problem07_label05.yml	false	OUT OF MEMORY	74.224760108	40.68368334000115	15000.166400	cloud-23943	OUT OF MEMORY	85.054705941	47.14786004200141	15000.416256	cloud-23943
eca-rers2012/Problem07_label06.yml	false	OUT OF MEMORY	63.519605881	34.97525369198411	15000.412160	cloud-23942	OUT OF MEMORY	116.133531455	63.942659365	15000.051712	cloud-23979
eca-rers2012/Problem07_label07.yml	false	OUT OF MEMORY	80.465815931	43.89300235599876	15000.039424	cloud-24441	OUT OF MEMORY	94.984642474	51.274341156000446	15000.047616	cloud-24261
eca-rers2012/Problem07_label08.yml	true	OUT OF MEMORY	70.237806932	38.70842216600431	15000.166400	cloud-23940	OUT OF MEMORY	91.436350886	50.56618820100266	15000.174592	cloud-23942
eca-rers2012/Problem07_label09.yml	false	OUT OF MEMORY	79.23077484	43.77387935200022	15000.264704	cloud-24678	OUT OF MEMORY	87.399349273	48.365536998999914	15000.178688	cloud-23944
eca-rers2012/Problem07_label10.yml	true	OUT OF MEMORY	76.754595473	42.96267379200435	15000.162304	cloud-23943	OUT OF MEMORY	94.122269902	51.00932976000331	15000.170496	cloud-23940
eca-rers2012/Problem07_label11.yml	false	OUT OF MEMORY	80.315698144	44.58775371097727	15000.166400	cloud-23943	OUT OF MEMORY	92.187687027	49.11879762699755	15000.051712	cloud-24261
eca-rers2012/Problem07_label12.yml	true	OUT OF MEMORY	66.937628212	36.71202551800525	15000.170496	cloud-23941	OUT OF MEMORY	89.13536628	48.91061444499792	15000.055808	cloud-23979
eca-rers2012/Problem07_label13.yml	true	OUT OF MEMORY	77.159982911	42.48029681999833	15000.043520	cloud-24679	OUT OF MEMORY	85.856535155	46.80373955900723	15000.174592	cloud-23944
eca-rers2012/Problem07_label14.yml	true	OUT OF MEMORY	74.515074177	41.41695507898112	15000.170496	cloud-23943	OUT OF MEMORY	76.254733461	41.865843229003076	15000.178688	cloud-23943
eca-rers2012/Problem07_label15.yml	false	OUT OF MEMORY	77.053290146	41.767877245998534	15000.252416	cloud-24678	OUT OF MEMORY	96.374837317	52.980797720000055	15000.174592	cloud-23939
eca-rers2012/Problem07_label16.yml	true	OUT OF MEMORY	73.378125005	40.53348009099136	15000.170496	cloud-23940	OUT OF MEMORY	86.907747856	47.6957492970032	15000.174592	cloud-23939
eca-rers2012/Problem07_label17.yml	true	OUT OF MEMORY	84.424876984	46.10470297900065	15000.154112	cloud-24441	OUT OF MEMORY	83.045729703	45.43931706299918	15000.174592	cloud-23939
eca-rers2012/Problem07_label18.yml	false	OUT OF MEMORY	78.822946268	43.09552084800089	15000.043520	cloud-24678	OUT OF MEMORY	91.167550753	49.66114143899904	15000.440832	cloud-23944
eca-rers2012/Problem07_label19.yml	false	OUT OF MEMORY	84.50235646	45.98508285400021	15000.047616	cloud-24441	OUT OF MEMORY	102.327621539	54.670456773004844	15000.055808	cloud-23933
eca-rers2012/Problem07_label20.yml	false	OUT OF MEMORY	61.554695363	33.65082142499159	15000.166400	cloud-23942	OUT OF MEMORY	102.563166615	55.73424959299882	15000.047616	cloud-23933
eca-rers2012/Problem07_label21.yml	true	OUT OF MEMORY	62.642057859	34.66741794900736	15000.424448	cloud-23942	OUT OF MEMORY	99.759107024	53.880177006998565	15000.305664	cloud-23933
eca-rers2012/Problem07_label22.yml	true	OUT OF MEMORY	76.15279283	42.08223369699772	15000.276992	cloud-24678	OUT OF MEMORY	91.750861653	49.82084475699958	15000.055808	cloud-24261
eca-rers2012/Problem07_label23.yml	false	OUT OF MEMORY	63.825953537	35.017966943007195	15000.379392	cloud-23940	OUT OF MEMORY	96.022349531	52.27066321100574	15000.178688	cloud-23939
eca-rers2012/Problem07_label24.yml	true	OUT OF MEMORY	75.419228728	41.762536327005364	15000.305664	cloud-23943	OUT OF MEMORY	88.764469644	48.95776525999827	15000.055808	cloud-23979
eca-rers2012/Problem07_label25.yml	true	OUT OF MEMORY	69.224162703	38.42596756402054	15000.403968	cloud-23943	OUT OF MEMORY	97.484487967	52.47214904699649	15000.051712	cloud-24261
eca-rers2012/Problem07_label26.yml	true	OUT OF MEMORY	81.819162734	44.43640277299892	15000.043520	cloud-24642	OUT OF MEMORY	77.110533347	42.406784794991836	15000.170496	cloud-23940
eca-rers2012/Problem07_label27.yml	true	OUT OF MEMORY	80.23299054	43.4896138289987	15000.268800	cloud-24679	OUT OF MEMORY	96.169208128	53.01262258100178	15000.178688	cloud-23941
eca-rers2012/Problem07_label28.yml	true	OUT OF MEMORY	67.493128988	37.29740115700406	15000.166400	cloud-23940	OUT OF MEMORY	118.137468596	64.78436769099994	15000.055808	cloud-24276
eca-rers2012/Problem07_label29.yml	true	OUT OF MEMORY	67.585972272	37.2887062850059	15000.162304	cloud-23940	OUT OF MEMORY	92.535978332	49.77717801599647	15000.055808	cloud-24261
eca-rers2012/Problem07_label30.yml	false	OUT OF MEMORY	76.752543187	42.8735211710009	15000.047616	cloud-24441	OUT OF MEMORY	88.142074669	48.21801793600025	15000.178688	cloud-23944
eca-rers2012/Problem07_label31.yml	false	OUT OF MEMORY	69.615532256	38.31050494799274	15000.166400	cloud-23941	OUT OF MEMORY	115.264382472	62.83787720299733	15000.051712	cloud-23933
eca-rers2012/Problem07_label32.yml	true	OUT OF MEMORY	74.629748858	40.84644284699971	15000.039424	cloud-24679	OUT OF MEMORY	102.970859009	55.18797520399676	15000.055808	cloud-23979
eca-rers2012/Problem07_label33.yml	true	OUT OF MEMORY	75.87989616	41.872404171997914	15000.039424	cloud-24679	OUT OF MEMORY	80.132269483	44.07941950900022	15000.375296	cloud-23944
eca-rers2012/Problem07_label34.yml	true	OUT OF MEMORY	79.128043347	43.68478787500044	15000.039424	cloud-24642	OUT OF MEMORY	119.816966227	66.57368480700097	15000.055808	cloud-24259
eca-rers2012/Problem07_label35.yml	false	OUT OF MEMORY	80.738066082	43.87884863199906	15000.039424	cloud-24678	OUT OF MEMORY	110.197133285	60.70561665800051	15000.051712	cloud-23979
eca-rers2012/Problem07_label36.yml	false	OUT OF MEMORY	80.161350738	43.80563770599929	15000.043520	cloud-24642	OUT OF MEMORY	122.316515483	68.79094586400001	15000.297472	cloud-24261
eca-rers2012/Problem07_label37.yml	false	OUT OF MEMORY	80.905011083	44.2669559140013	15000.043520	cloud-24642	OUT OF MEMORY	108.982029403	58.749478038999996	15000.301568	cloud-24276
eca-rers2012/Problem07_label38.yml	true	OUT OF MEMORY	78.370062632	43.01789587899839	15000.039424	cloud-24642	OUT OF MEMORY	99.432113199	54.10096130700549	15000.055808	cloud-23933
eca-rers2012/Problem07_label39.yml	false	OUT OF MEMORY	81.345478637	45.28207845699944	15000.043520	cloud-24441	OUT OF MEMORY	91.073667217	50.42188911999983	15000.412160	cloud-23941
eca-rers2012/Problem07_label40.yml	false	OUT OF MEMORY	78.345697167	42.55295427300007	15000.281088	cloud-24441	OUT OF MEMORY	97.038093781	53.087592563000726	15000.055808	cloud-24261
eca-rers2012/Problem07_label41.yml	true	OUT OF MEMORY	78.815983689	42.45227185600015	15000.043520	cloud-24679	OUT OF MEMORY	85.941522471	47.38460567899892	15000.178688	cloud-23939
eca-rers2012/Problem07_label42.yml	false	OUT OF MEMORY	80.932641816	43.96653359999982	15000.043520	cloud-24642	OUT OF MEMORY	86.384546018	46.731282378998	15000.055808	cloud-23979
eca-rers2012/Problem07_label43.yml	true	OUT OF MEMORY	81.318578407	44.3463378610013	15000.047616	cloud-24642	OUT OF MEMORY	95.716347634	52.421547538	15000.051712	cloud-23979
eca-rers2012/Problem07_label44.yml	false	OUT OF MEMORY	74.639694588	42.33301069299341	15000.162304	cloud-23944	OUT OF MEMORY	102.720673037	56.06759433700063	15000.055808	cloud-24261
eca-rers2012/Problem07_label45.yml	true	OUT OF MEMORY	62.900290781	34.61737140000332	15000.170496	cloud-23939	OUT OF MEMORY	95.323704713	51.72725378099858	15000.055808	cloud-24261
eca-rers2012/Problem07_label46.yml	false	OUT OF MEMORY	78.768403483	43.0418339480002	15000.047616	cloud-24678	OUT OF MEMORY	99.511304935	53.873641334997956	15000.051712	cloud-24261
eca-rers2012/Problem07_label47.yml	false	OUT OF MEMORY	62.48999492	33.99708323497907	15000.170496	cloud-23940	OUT OF MEMORY	96.718741103	52.483494648004125	15000.055808	cloud-24261
eca-rers2012/Problem07_label48.yml	false	OUT OF MEMORY	61.378815785	34.13634702502168	15000.170496	cloud-23939	OUT OF MEMORY	111.860974524	59.85478315200089	15000.055808	cloud-23933
eca-rers2012/Problem07_label49.yml	true	OUT OF MEMORY	82.234939229	45.4040804060005	15000.039424	cloud-24679	OUT OF MEMORY	96.486966936	52.52150256699679	15000.055808	cloud-24261
eca-rers2012/Problem07_label50.yml	true	OUT OF MEMORY	60.366072181	33.22037865102175	15000.166400	cloud-23942	OUT OF MEMORY	91.608033058	49.96732969400182	15000.055808	cloud-24261
eca-rers2012/Problem07_label51.yml	true	OUT OF MEMORY	84.538251942	46.094651051000255	15000.047616	cloud-24642	OUT OF MEMORY	116.155139703	62.93721823299711	15000.051712	cloud-23979
eca-rers2012/Problem07_label52.yml	true	OUT OF MEMORY	81.390669968	44.45644392599934	15000.043520	cloud-24642	OUT OF MEMORY	119.511229268	67.87196520500001	15000.293376	cloud-23979
eca-rers2012/Problem07_label53.yml	true	OUT OF MEMORY	78.880274275	43.084682934999364	15000.043520	cloud-24678	OUT OF MEMORY	87.498489738	47.557863374997396	15000.047616	cloud-23979
eca-rers2012/Problem07_label54.yml	true	OUT OF MEMORY	78.647549328	43.47472476400071	15000.039424	cloud-24441	OUT OF MEMORY	105.092685989	56.62028409499908	15000.051712	cloud-23933
eca-rers2012/Problem07_label55.yml	true	OUT OF MEMORY	80.697865701	43.52720410799975	15000.047616	cloud-24441	OUT OF MEMORY	86.253079374	46.75777764099621	15000.166400	cloud-23944
eca-rers2012/Problem07_label56.yml	true	OUT OF MEMORY	80.015717053	43.9040482019991	15000.047616	cloud-24678	OUT OF MEMORY	75.99550537	41.86205900499772	15000.170496	cloud-23943
eca-rers2012/Problem07_label57.yml	true	OUT OF MEMORY	83.60976128	45.778063621	15000.043520	cloud-24441	OUT OF MEMORY	83.588099521	45.42544145099964	15000.338432	cloud-23944
eca-rers2012/Problem07_label58.yml	false	OUT OF MEMORY	83.980122848	45.736426143000244	15000.043520	cloud-24679	OUT OF MEMORY	86.324110436	47.07573342199612	15000.436736	cloud-23942
eca-rers2012/Problem07_label59.yml	true	OUT OF MEMORY	66.965567375	37.040892511984566	15000.170496	cloud-23940	OUT OF MEMORY	112.607190353	61.50472449500376	15000.051712	cloud-23979
eca-rers2012/Problem08_label00.yml	true	OUT OF MEMORY	91.660817924	51.86070204299176	15000.170496	cloud-23939	OUT OF MEMORY	138.61710603	77.2213744269975	15000.080384	cloud-23979
eca-rers2012/Problem08_label01.yml	false	OUT OF MEMORY	117.108494539	66.21062580799844	15000.043520	cloud-24678	OUT OF MEMORY	142.372953361	80.16895651000232	15000.055808	cloud-23979
eca-rers2012/Problem08_label02.yml	false	OUT OF MEMORY	119.661273352	66.93591540999842	15000.145920	cloud-24642	OUT OF MEMORY	135.370486634	75.40868406400114	15000.055808	cloud-24261
eca-rers2012/Problem08_label03.yml	true	OUT OF MEMORY	122.370215046	68.99901741499889	15000.199168	cloud-24441	OUT OF MEMORY	140.426009334	77.96981843200001	15000.051712	cloud-24261
eca-rers2012/Problem08_label04.yml	false	OUT OF MEMORY	115.880867749	66.12997340799848	15000.047616	cloud-24678	OUT OF MEMORY	118.271496953	66.79154141599429	15000.178688	cloud-23944
eca-rers2012/Problem08_label05.yml	false	OUT OF MEMORY	101.080806859	58.0344337419956	15000.170496	cloud-23941	OUT OF MEMORY	160.960474268	89.86815712099633	15000.051712	cloud-23933
eca-rers2012/Problem08_label06.yml	false	OUT OF MEMORY	89.657710059	50.94586520100711	15000.166400	cloud-23939	OUT OF MEMORY	129.489897813	73.02447155999835	15000.178688	cloud-23939
eca-rers2012/Problem08_label07.yml	false	OUT OF MEMORY	109.099940799	62.087371920992155	15000.424448	cloud-23944	OUT OF MEMORY	117.519099754	67.42659053399984	15000.178688	cloud-23944
eca-rers2012/Problem08_label08.yml	true	OUT OF MEMORY	118.203546896	66.87683990000005	15000.043520	cloud-24679	OUT OF MEMORY	128.684373848	73.00090086399723	15000.178688	cloud-23940
eca-rers2012/Problem08_label09.yml	true	OUT OF MEMORY	122.283727968	69.34072272499907	15000.047616	cloud-24642	OUT OF MEMORY	155.797200578	86.99201827800005	15000.047616	cloud-24276
eca-rers2012/Problem08_label10.yml	false	OUT OF MEMORY	115.595221376	65.40114583600007	15000.043520	cloud-24679	OUT OF MEMORY	145.10821062	80.68958863599983	15000.051712	cloud-24261
eca-rers2012/Problem08_label11.yml	true	OUT OF MEMORY	105.804651365	60.376863874989795	15000.166400	cloud-23941	OUT OF MEMORY	134.514808275	75.03835976999835	15000.055808	cloud-23979
eca-rers2012/Problem08_label12.yml	true	OUT OF MEMORY	102.161377684	58.736485147004714	15000.166400	cloud-23940	OUT OF MEMORY	124.1931394	70.42799423399993	15000.174592	cloud-23941
eca-rers2012/Problem08_label13.yml	false	OUT OF MEMORY	112.410668964	64.26299958999152	15000.416256	cloud-23943	OUT OF MEMORY	144.921941031	81.35808818700025	15000.199168	cloud-24261
eca-rers2012/Problem08_label14.yml	true	OUT OF MEMORY	120.699144398	67.229205361	15000.240128	cloud-24441	OUT OF MEMORY	155.93642382	87.22863745799987	15000.051712	cloud-23933
eca-rers2012/Problem08_label15.yml	false	OUT OF MEMORY	103.599720921	58.74761178198969	15000.166400	cloud-23940	OUT OF MEMORY	138.693249167	77.9923186920023	15000.178688	cloud-23939
eca-rers2012/Problem08_label16.yml	true	OUT OF MEMORY	115.969023627	65.66384013999777	15000.043520	cloud-24441	OUT OF MEMORY	138.133112646	78.30220388399903	15000.178688	cloud-23941
eca-rers2012/Problem08_label17.yml	true	OUT OF MEMORY	109.429712242	62.263589887006674	15000.170496	cloud-23941	OUT OF MEMORY	143.372144415	81.03683248299785	15000.055808	cloud-23979
eca-rers2012/Problem08_label18.yml	true	OUT OF MEMORY	101.297666905	57.56722339699627	15000.170496	cloud-23941	OUT OF MEMORY	143.92196613	79.504203657998	15000.055808	cloud-24261
eca-rers2012/Problem08_label19.yml	true	OUT OF MEMORY	117.447161629	67.3519177470007	15000.358912	cloud-23943	OUT OF MEMORY	149.151587485	83.17393395599356	15000.055808	cloud-23933
eca-rers2012/Problem08_label20.yml	true	OUT OF MEMORY	93.302777489	53.030446491000475	15000.403968	cloud-23942	OUT OF MEMORY	123.621925436	70.51139203299681	15000.170496	cloud-23942
eca-rers2012/Problem08_label21.yml	true	OUT OF MEMORY	116.461185428	65.3412325069985	15000.043520	cloud-24679	OUT OF MEMORY	142.323743962	80.67970593200153	15000.055808	cloud-24261
eca-rers2012/Problem08_label22.yml	true	OUT OF MEMORY	114.616163064	65.60507887799758	15000.170496	cloud-23944	OUT OF MEMORY	113.189637644	64.1229039200116	15000.367104	cloud-23944
eca-rers2012/Problem08_label23.yml	true	OUT OF MEMORY	113.72952195	63.991621854002005	15000.047616	cloud-24441	OUT OF MEMORY	158.900481689	89.53138620800019	15000.051712	cloud-23933
eca-rers2012/Problem08_label24.yml	false	OUT OF MEMORY	117.104935281	66.97346779299914	15000.195072	cloud-24642	OUT OF MEMORY	128.771532583	72.44381221399817	15000.174592	cloud-23944
eca-rers2012/Problem08_label25.yml	false	OUT OF MEMORY	118.925792708	67.19695791299819	15000.043520	cloud-24679	OUT OF MEMORY	135.78005628	76.79248736599402	15000.055808	cloud-23979
eca-rers2012/Problem08_label26.yml	false	OUT OF MEMORY	122.330938227	68.9754914619989	15000.276992	cloud-24441	OUT OF MEMORY	120.878712356	68.14802793100534	15000.178688	cloud-23939
eca-rers2012/Problem08_label27.yml	true	OUT OF MEMORY	124.175075189	71.33610792499894	15000.043520	cloud-24441	OUT OF MEMORY	142.432266337	80.3629620500069	15000.297472	cloud-23979
eca-rers2012/Problem08_label28.yml	false	OUT OF MEMORY	104.791453065	59.74886262998916	15000.170496	cloud-23940	OUT OF MEMORY	165.76998144	93.51556962799987	15000.047616	cloud-24261
eca-rers2012/Problem08_label29.yml	false	OUT OF MEMORY	123.824450115	70.40603110300071	15000.043520	cloud-24642	OUT OF MEMORY	115.376209329	65.40858075299911	15000.178688	cloud-23940
eca-rers2012/Problem08_label30.yml	true	OUT OF MEMORY	93.914168774	53.62285509999492	15000.416256	cloud-23942	OUT OF MEMORY	139.328427555	77.80494732900115	15000.055808	cloud-24261
eca-rers2012/Problem08_label31.yml	true	OUT OF MEMORY	117.023238049	65.82207055199979	15000.043520	cloud-24441	OUT OF MEMORY	144.581322218	81.56614734200411	15000.170496	cloud-23942
eca-rers2012/Problem08_label32.yml	true	OUT OF MEMORY	109.849838996	62.49621585101704	15000.170496	cloud-23943	OUT OF MEMORY	162.630205905	94.255696189	15000.301568	cloud-23979
eca-rers2012/Problem08_label33.yml	true	OUT OF MEMORY	115.596590279	65.98396137099917	15000.043520	cloud-24441	OUT OF MEMORY	142.948502557	80.53881219100003	15000.055808	cloud-24261
eca-rers2012/Problem08_label34.yml	false	OUT OF MEMORY	116.390388335	65.84227106100298	15000.043520	cloud-24642	OUT OF MEMORY	124.016685135	70.67954515799647	15000.174592	cloud-23940
eca-rers2012/Problem08_label35.yml	true	OUT OF MEMORY	119.172910191	67.37217873199916	15000.039424	cloud-24441	OUT OF MEMORY	146.641993791	81.39569853499779	15000.051712	cloud-24261
eca-rers2012/Problem08_label36.yml	true	OUT OF MEMORY	110.036245718	62.724741184007144	15000.412160	cloud-23944	OUT OF MEMORY	121.950800409	69.5962483589974	15000.178688	cloud-23940
eca-rers2012/Problem08_label37.yml	false	OUT OF MEMORY	103.79315524	59.58579490799457	15000.166400	cloud-23941	OUT OF MEMORY	126.861341698	70.8209216489995	15000.363008	cloud-23944
eca-rers2012/Problem08_label38.yml	true	OUT OF MEMORY	119.150426825	67.97652558399977	15000.047616	cloud-24642	OUT OF MEMORY	146.600277378	82.39825598700554	15000.051712	cloud-24261
eca-rers2012/Problem08_label39.yml	true	OUT OF MEMORY	121.193662619	68.68317416500213	15000.047616	cloud-24679	OUT OF MEMORY	117.775813719	66.5584107159957	15000.178688	cloud-23944
eca-rers2012/Problem08_label40.yml	true	OUT OF MEMORY	122.654838868	69.03980990000127	15000.043520	cloud-24679	OUT OF MEMORY	124.338882274	70.28512409900213	15000.178688	cloud-23939
eca-rers2012/Problem08_label41.yml	true	OUT OF MEMORY	121.395396185	68.92268906000027	15000.301568	cloud-24441	OUT OF MEMORY	133.141537677	74.54837863799912	15000.399872	cloud-23942
eca-rers2012/Problem08_label42.yml	true	OUT OF MEMORY	125.292059373	70.74914382800125	15000.047616	cloud-24642	OUT OF MEMORY	119.765453955	68.26761719299975	15000.424448	cloud-23943
eca-rers2012/Problem08_label43.yml	false	OUT OF MEMORY	121.936723321	68.88253336400157	15000.039424	cloud-24678	OUT OF MEMORY	137.678730674	76.8675719219973	15000.055808	cloud-24261
eca-rers2012/Problem08_label44.yml	true	OUT OF MEMORY	123.230535472	70.02527589900001	15000.043520	cloud-24642	OUT OF MEMORY	181.552201838	100.767856583	15000.051712	cloud-23933
eca-rers2012/Problem08_label45.yml	true	OUT OF MEMORY	91.901627807	52.32848927198211	15000.166400	cloud-23940	OUT OF MEMORY	198.415176658	115.84025100799772	15000.268800	cloud-24259
eca-rers2012/Problem08_label46.yml	false	OUT OF MEMORY	114.686099098	64.28269760600233	15000.227840	cloud-24678	OUT OF MEMORY	145.06408815	80.70426330799819	15000.055808	cloud-24261
eca-rers2012/Problem08_label47.yml	true	OUT OF MEMORY	96.55998741	54.916736089013284	15000.215552	cloud-23942	OUT OF MEMORY	120.69988445	68.53878693700244	15000.178688	cloud-23942
eca-rers2012/Problem08_label48.yml	false	OUT OF MEMORY	91.235280041	52.50212563498644	15000.424448	cloud-23939	OUT OF MEMORY	118.630594489	67.21786151800188	15000.178688	cloud-23939
eca-rers2012/Problem08_label49.yml	false	OUT OF MEMORY	115.617680465	65.46906100900014	15000.047616	cloud-24642	OUT OF MEMORY	138.161665661	78.39436199399643	15000.281088	cloud-23979
eca-rers2012/Problem08_label50.yml	false	OUT OF MEMORY	103.790254809	59.233850165008334	15000.424448	cloud-23940	OUT OF MEMORY	131.390228156	74.78575441500288	15000.170496	cloud-23941
eca-rers2012/Problem08_label51.yml	false	OUT OF MEMORY	122.980359944	69.68183018700074	15000.047616	cloud-24642	OUT OF MEMORY	112.677074498	64.61699608399067	15000.178688	cloud-23943
eca-rers2012/Problem08_label52.yml	true	OUT OF MEMORY	91.087527949	51.77839245900395	15000.170496	cloud-23939	OUT OF MEMORY	143.874072335	80.56063323700073	15000.055808	cloud-24261
eca-rers2012/Problem08_label53.yml	true	OUT OF MEMORY	122.172975024	69.07031832100074	15000.047616	cloud-24679	OUT OF MEMORY	126.240321929	72.34191281699896	15000.403968	cloud-23941
eca-rers2012/Problem08_label54.yml	true	OUT OF MEMORY	119.690900982	67.89890577299957	15000.047616	cloud-24679	OUT OF MEMORY	166.515357409	94.49203995599964	15000.047616	cloud-23933
eca-rers2012/Problem08_label55.yml	false	OUT OF MEMORY	109.042374912	62.65000379399862	15000.416256	cloud-23944	OUT OF MEMORY	146.703923094	81.8174700189993	15000.055808	cloud-24261
eca-rers2012/Problem08_label56.yml	true	OUT OF MEMORY	129.280997267	72.87872649000201	15000.039424	cloud-24441	OUT OF MEMORY	141.441769619	79.63320169800136	15000.055808	cloud-24261
eca-rers2012/Problem08_label57.yml	true	OUT OF MEMORY	112.104266698	63.62806823700157	15000.043520	cloud-24678	OUT OF MEMORY	147.440985819	83.04210617100034	15000.051712	cloud-24261
eca-rers2012/Problem08_label58.yml	true	OUT OF MEMORY	120.372780408	67.6434845549993	15000.039424	cloud-24441	OUT OF MEMORY	125.765181023	71.47517502000846	15000.178688	cloud-23939
eca-rers2012/Problem08_label59.yml	false	OUT OF MEMORY	90.56707228	51.71225135101122	15000.170496	cloud-23939	OUT OF MEMORY	130.879342287	73.69501986400428	15000.178688	cloud-23942
eca-rers2012/Problem09_label00.yml	true	OUT OF MEMORY	91.803409807	52.73299507398042	15000.375296	cloud-23941	OUT OF MEMORY	133.139691717	76.17544407600002	15000.305664	cloud-24261
eca-rers2012/Problem09_label01.yml	true	OUT OF MEMORY	93.434402161	53.39332380599808	15000.301568	cloud-24642	OUT OF MEMORY	110.802547802	62.961365850998845	15000.051712	cloud-24261
eca-rers2012/Problem09_label02.yml	false	OUT OF MEMORY	100.478119614	57.684629755999595	15000.219648	cloud-24441	OUT OF MEMORY	101.144072257	57.45289494199824	15000.170496	cloud-23941
eca-rers2012/Problem09_label03.yml	false	OUT OF MEMORY	99.988243079	56.82328564199997	15000.043520	cloud-24678	OUT OF MEMORY	137.425656664	78.73265843599802	15000.190976	cloud-24259
eca-rers2012/Problem09_label04.yml	true	OUT OF MEMORY	95.809686937	54.939067613999214	15000.289280	cloud-24642	OUT OF MEMORY	123.704967279	67.94255278000492	15000.059904	cloud-23933
eca-rers2012/Problem09_label05.yml	true	OUT OF MEMORY	93.092866936	51.98367808400144	15000.043520	cloud-24678	OUT OF MEMORY	90.538397319	52.06291648699698	15000.174592	cloud-23943
eca-rers2012/Problem09_label06.yml	false	OUT OF MEMORY	87.916263369	50.07400628499454	15000.166400	cloud-23941	OUT OF MEMORY	117.424536044	66.00794241399853	15000.055808	cloud-24261
eca-rers2012/Problem09_label07.yml	true	OUT OF MEMORY	92.587382605	52.4651947880011	15000.043520	cloud-24441	OUT OF MEMORY	115.034702022	66.13535971500002	15000.313856	cloud-23979
eca-rers2012/Problem09_label08.yml	false	OUT OF MEMORY	100.988056723	57.42297055600102	15000.047616	cloud-24441	OUT OF MEMORY	123.982994109	69.4753583960046	15000.055808	cloud-24261
eca-rers2012/Problem09_label09.yml	true	OUT OF MEMORY	76.180131103	43.27840666600969	15000.170496	cloud-23939	OUT OF MEMORY	113.26790257	63.99061423300009	15000.178688	cloud-23940
eca-rers2012/Problem09_label10.yml	false	OUT OF MEMORY	94.122879101	54.261718041001586	15000.166400	cloud-23944	OUT OF MEMORY	95.080249031	53.7312536679965	15000.178688	cloud-23940
eca-rers2012/Problem09_label11.yml	false	OUT OF MEMORY	92.44614571	52.80891689599957	15000.043520	cloud-24642	OUT OF MEMORY	123.253085132	69.33796442399762	15000.047616	cloud-23933
eca-rers2012/Problem09_label12.yml	true	OUT OF MEMORY	91.637751312	52.142130160002125	15000.293376	cloud-24441	OUT OF MEMORY	133.432140387	74.91117593100353	15000.055808	cloud-23979
eca-rers2012/Problem09_label13.yml	true	OUT OF MEMORY	80.070883296	45.39823832898401	15000.166400	cloud-23940	OUT OF MEMORY	117.90662997	66.27055921900319	15000.248320	cloud-23933
eca-rers2012/Problem09_label14.yml	true	OUT OF MEMORY	93.864369369	52.6241763179969	15000.043520	cloud-24678	OUT OF MEMORY	101.005473766	57.204436027001066	15000.174592	cloud-23944
eca-rers2012/Problem09_label15.yml	false	OUT OF MEMORY	88.666001783	50.498972354020225	15000.170496	cloud-23941	OUT OF MEMORY	114.378137172	64.2099450359965	15000.178688	cloud-23941
eca-rers2012/Problem09_label16.yml	true	OUT OF MEMORY	92.942192621	53.76044576300774	15000.170496	cloud-23943	OUT OF MEMORY	112.522748728	63.5928650739952	15000.055808	cloud-24261
eca-rers2012/Problem09_label17.yml	true	OUT OF MEMORY	74.637382546	42.727761232992634	15000.346624	cloud-23942	OUT OF MEMORY	132.30397721	74.02661014100158	15000.055808	cloud-24261
eca-rers2012/Problem09_label18.yml	true	OUT OF MEMORY	96.418859068	54.11837964900042	15000.047616	cloud-24642	OUT OF MEMORY	121.058472835	68.49859331000334	15000.051712	cloud-23933
eca-rers2012/Problem09_label19.yml	false	OUT OF MEMORY	96.640353181	55.30588019199786	15000.047616	cloud-24642	OUT OF MEMORY	105.559014105	60.6888146909987	15000.170496	cloud-23941
eca-rers2012/Problem09_label20.yml	false	OUT OF MEMORY	82.559222403	47.84366908800439	15000.170496	cloud-23941	OUT OF MEMORY	108.809392011	60.94504184199468	15000.301568	cloud-24261
eca-rers2012/Problem09_label21.yml	true	OUT OF MEMORY	88.023537102	50.327979400986806	15000.166400	cloud-23943	OUT OF MEMORY	111.86767247	62.87659047899797	15000.309760	cloud-24261
eca-rers2012/Problem09_label22.yml	true	OUT OF MEMORY	100.537329485	56.145517537999694	15000.039424	cloud-24679	OUT OF MEMORY	144.29872795	82.52452052599983	15000.055808	cloud-24259
eca-rers2012/Problem09_label23.yml	true	OUT OF MEMORY	89.39456766	50.721282282000175	15000.047616	cloud-24679	OUT OF MEMORY	108.267609537	60.78501486599998	15000.051712	cloud-24261
eca-rers2012/Problem09_label24.yml	true	OUT OF MEMORY	75.137385291	42.94336362899048	15000.162304	cloud-23942	OUT OF MEMORY	112.376554995	63.34285453300254	15000.276992	cloud-24261
eca-rers2012/Problem09_label25.yml	true	OUT OF MEMORY	95.322422641	54.31682596800238	15000.047616	cloud-24678	OUT OF MEMORY	90.547208958	52.08789964799507	15000.182784	cloud-23943
eca-rers2012/Problem09_label26.yml	true	OUT OF MEMORY	92.508989545	52.120783006997954	15000.047616	cloud-24441	OUT OF MEMORY	114.988837631	64.00612490099593	15000.055808	cloud-23979
eca-rers2012/Problem09_label27.yml	true	OUT OF MEMORY	93.721445662	53.37348276200001	15000.039424	cloud-24679	OUT OF MEMORY	126.131304361	71.17109558800439	15000.272896	cloud-23979
eca-rers2012/Problem09_label28.yml	true	OUT OF MEMORY	91.956276533	53.28305823501432	15000.166400	cloud-23943	OUT OF MEMORY	115.530363264	64.51428759499686	15000.055808	cloud-24261
eca-rers2012/Problem09_label29.yml	true	OUT OF MEMORY	99.883286759	56.32396386600158	15000.047616	cloud-24441	OUT OF MEMORY	117.722398684	65.33888785999443	15000.047616	cloud-24261
eca-rers2012/Problem09_label30.yml	true	OUT OF MEMORY	98.432181863	55.594107181001164	15000.195072	cloud-24441	OUT OF MEMORY	96.878830445	55.09501164199901	15000.170496	cloud-23942
eca-rers2012/Problem09_label31.yml	true	OUT OF MEMORY	92.938140793	52.77123372999995	15000.047616	cloud-24679	OUT OF MEMORY	144.461947784	80.2226980939995	15000.055808	cloud-23933
eca-rers2012/Problem09_label32.yml	false	OUT OF MEMORY	81.871333748	46.94299332899391	15000.170496	cloud-23940	OUT OF MEMORY	144.196424495	81.45032601500134	15000.047616	cloud-23933
eca-rers2012/Problem09_label33.yml	true	OUT OF MEMORY	97.510749976	54.92257014700044	15000.043520	cloud-24678	OUT OF MEMORY	111.523994453	62.343131393994554	15000.055808	cloud-24261
eca-rers2012/Problem09_label34.yml	false	OUT OF MEMORY	94.303675583	53.21888525800023	15000.043520	cloud-24642	OUT OF MEMORY	91.2631526	52.165777287009405	15000.174592	cloud-23944
eca-rers2012/Problem09_label35.yml	false	OUT OF MEMORY	87.717410434	49.21151851399918	15000.297472	cloud-24679	OUT OF MEMORY	95.244306192	54.413197986999876	15000.174592	cloud-23943
eca-rers2012/Problem09_label36.yml	false	OUT OF MEMORY	94.478091576	53.74625488699894	15000.047616	cloud-24642	OUT OF MEMORY	112.619521341	63.55001171500044	15000.047616	cloud-24261
eca-rers2012/Problem09_label37.yml	true	OUT OF MEMORY	88.419262176	50.402310485980706	15000.293376	cloud-23943	OUT OF MEMORY	132.559581128	77.115285936	15000.285184	cloud-23979
eca-rers2012/Problem09_label38.yml	false	OUT OF MEMORY	92.119438814	52.476287696001236	15000.039424	cloud-24642	OUT OF MEMORY	111.039017402	61.78474836600071	15000.055808	cloud-24261
eca-rers2012/Problem09_label39.yml	true	OUT OF MEMORY	99.51187155	56.545533079999586	15000.047616	cloud-24679	OUT OF MEMORY	93.233332183	52.8814815270016	15000.178688	cloud-23940
eca-rers2012/Problem09_label40.yml	true	OUT OF MEMORY	76.572250665	44.39133646100527	15000.166400	cloud-23942	OUT OF MEMORY	110.838074752	62.74391581300006	15000.055808	cloud-23979
eca-rers2012/Problem09_label41.yml	false	OUT OF MEMORY	94.576640872	53.73016737099897	15000.047616	cloud-24642	OUT OF MEMORY	117.829672138	66.00507433299936	15000.055808	cloud-24261
eca-rers2012/Problem09_label42.yml	true	OUT OF MEMORY	83.320257312	48.112177261005854	15000.170496	cloud-23942	OUT OF MEMORY	112.500844335	64.21886989400082	15000.223744	cloud-24261
eca-rers2012/Problem09_label43.yml	true	OUT OF MEMORY	94.904650331	54.14782944699982	15000.162304	cloud-24678	OUT OF MEMORY	116.130915662	66.36150217800002	15000.055808	cloud-23979
eca-rers2012/Problem09_label44.yml	false	OUT OF MEMORY	92.527232051	52.6501979709974	15000.043520	cloud-24441	OUT OF MEMORY	104.759661947	59.450412350997794	15000.174592	cloud-23941
eca-rers2012/Problem09_label45.yml	true	OUT OF MEMORY	92.502216347	52.53354764800042	15000.252416	cloud-24441	OUT OF MEMORY	109.597858947	63.50535388099979	15000.178688	cloud-23943
eca-rers2012/Problem09_label46.yml	false	OUT OF MEMORY	96.973541304	55.35103625699958	15000.031232	cloud-24642	OUT OF MEMORY	139.270708563	78.59561494700029	15000.055808	cloud-23933
eca-rers2012/Problem09_label47.yml	false	OUT OF MEMORY	93.356981461	52.824661585000285	15000.043520	cloud-24441	OUT OF MEMORY	101.188498556	58.010446036998474	15000.178688	cloud-23940
eca-rers2012/Problem09_label48.yml	true	OUT OF MEMORY	94.370071495	53.276761452999835	15000.047616	cloud-24679	OUT OF MEMORY	96.385377977	55.193339873003424	15000.174592	cloud-23939
eca-rers2012/Problem09_label49.yml	true	OUT OF MEMORY	90.120013257	52.023599759995705	15000.162304	cloud-23943	OUT OF MEMORY	99.913151763	56.66533570599859	15000.174592	cloud-23940
eca-rers2012/Problem09_label50.yml	true	OUT OF MEMORY	98.745732425	55.35763340199992	15000.047616	cloud-24642	OUT OF MEMORY	89.525112619	51.19377237500157	15000.178688	cloud-23943
eca-rers2012/Problem09_label51.yml	false	OUT OF MEMORY	94.259219966	53.38071204500011	15000.047616	cloud-24642	OUT OF MEMORY	117.82623931	66.15022298799886	15000.051712	cloud-23933
eca-rers2012/Problem09_label52.yml	true	OUT OF MEMORY	90.351703383	51.09001856699979	15000.039424	cloud-24678	OUT OF MEMORY	99.675839027	56.184201627998846	15000.174592	cloud-23939
eca-rers2012/Problem09_label53.yml	false	OUT OF MEMORY	94.093680814	53.74311916000079	15000.047616	cloud-24441	OUT OF MEMORY	90.507364139	50.98677539500932	15000.174592	cloud-23939
eca-rers2012/Problem09_label54.yml	false	OUT OF MEMORY	88.517423202	51.12162362001254	15000.162304	cloud-23941	OUT OF MEMORY	109.168465123	62.09909967699787	15000.055808	cloud-23979
eca-rers2012/Problem09_label55.yml	true	OUT OF MEMORY	95.521076023	54.289714558000924	15000.047616	cloud-24441	OUT OF MEMORY	116.359720707	66.79775037299987	15000.178688	cloud-23940
eca-rers2012/Problem09_label56.yml	false	OUT OF MEMORY	92.341595498	52.551245574999484	15000.293376	cloud-24678	OUT OF MEMORY	110.750163276	63.17673109599855	15000.178688	cloud-23941
eca-rers2012/Problem09_label57.yml	false	OUT OF MEMORY	100.455519815	56.16490983099902	15000.047616	cloud-24642	OUT OF MEMORY	143.696290971	81.85874833900016	15000.051712	cloud-24259
eca-rers2012/Problem09_label58.yml	true	OUT OF MEMORY	87.562006135	50.00862048001727	15000.162304	cloud-23941	OUT OF MEMORY	126.635964907	71.63227348199871	15000.055808	cloud-24261
eca-rers2012/Problem09_label59.yml	false	OUT OF MEMORY	94.505682133	54.58966019299987	15000.276992	cloud-24642	OUT OF MEMORY	88.877295201	50.97294067199982	15000.178688	cloud-23943
eca-rers2012/Problem10_label00.yml	true	true	61.337840759	41.22600822400091	1647.865856	cloud-24642	true	67.934497316	45.65195346600376	1442.951168	cloud-23979
eca-rers2012/Problem10_label01.yml	true	true	103.40611788	81.14596781399996	1377.652736	cloud-24642	true	158.032125584	123.99707297600253	1666.723840	cloud-24259
eca-rers2012/Problem10_label02.yml	true	true	96.390849581	74.32091781500003	1576.554496	cloud-24679	true	132.646748582	103.99275874900013	1563.947008	cloud-23933
eca-rers2012/Problem10_label03.yml	true	true	53.946566784	36.31922758699989	1264.033792	cloud-24642	true	82.443216014	52.624687405997975	1653.272576	cloud-24259
eca-rers2012/Problem10_label04.yml	true	true	49.093059385	33.27359223700023	1377.054720	cloud-24679	true	75.53554991	49.254783313999724	1515.593728	cloud-23933
eca-rers2012/Problem10_label05.yml	true	true	48.634398463	33.51669282797957	1384.132608	cloud-23944	true	75.190220483	49.90878309499931	1311.789056	cloud-23933
eca-rers2012/Problem10_label06.yml	true	true	52.671191877	35.45246739200047	1432.776704	cloud-24679	true	87.2279075	56.37756133500079	1479.602176	cloud-24259
eca-rers2012/Problem10_label07.yml	true	true	44.390662636	31.231104702979792	1440.923648	cloud-23940	true	80.031999584	52.989467298997624	1285.255168	cloud-23933
eca-rers2012/Problem10_label08.yml	true	true	48.647114402	33.52664016400013	1508.278272	cloud-24678	true	76.845338633	51.12908269599575	1374.158848	cloud-23933
eca-rers2012/Problem10_label09.yml	true	true	49.891323468	34.257681331999265	1369.100288	cloud-24642	true	65.230821139	43.321557834002306	1224.622080	cloud-23979
eca-rers2012/Problem10_label10.yml	true	true	49.292613237	32.653356347000226	1555.881984	cloud-24678	true	69.768158294	45.383470778004266	1231.241216	cloud-23933
eca-rers2012/Problem10_label11.yml	true	true	67.78593589	47.31416516200079	1406.607360	cloud-24678	true	94.558177259	64.37422567699832	1272.168448	cloud-23979
eca-rers2012/Problem10_label12.yml	false	TIMEOUT	992.058227364	940.5274483120002	2000.904192	cloud-24679	TIMEOUT (false(unreach-call))	953.773231856	918.1701760180003	1611.927552	cloud-23933
eca-rers2012/Problem10_label13.yml	true	true	83.709319732	63.41985481399979	1367.543808	cloud-24678	true	122.38231461	91.59633377199498	1620.484096	cloud-23979
eca-rers2012/Problem10_label14.yml	true	true	62.188442837	43.76592703899951	1463.472128	cloud-24678	true	88.570862826	60.04573959100526	1357.930496	cloud-23979
eca-rers2012/Problem10_label15.yml	false	false(unreach-call)	138.537949014	113.44081613499998	1628.397568	cloud-24441	false(unreach-call)	342.571227448	304.54867353699956	1353.125888	cloud-24259
eca-rers2012/Problem10_label16.yml	true	true	90.601441019	70.63316396400023	1354.772480	cloud-24678	true	147.035427612	114.12353952600097	1395.511296	cloud-24259
eca-rers2012/Problem10_label17.yml	true	true	96.873235919	75.19111358100054	1551.400960	cloud-24642	true	127.677797433	95.69905106900023	1641.947136	cloud-23933
eca-rers2012/Problem10_label18.yml	true	true	99.846974273	77.61942792800073	1484.279808	cloud-24441	true	145.69814987	111.3898850550031	1520.185344	cloud-23933
eca-rers2012/Problem10_label19.yml	true	true	51.799957247	34.62028025699874	1464.700928	cloud-24678	true	79.650647504	53.14461391799978	1527.939072	cloud-23933
eca-rers2012/Problem10_label20.yml	true	true	57.558743519	40.13820045799366	1412.694016	cloud-23943	true	99.159476293	65.99633182399702	1474.023424	cloud-24259
eca-rers2012/Problem10_label21.yml	true	true	102.683977299	81.17966842401074	1566.945280	cloud-23943	true	158.168122898	122.29456677399867	1583.763456	cloud-24259
eca-rers2012/Problem10_label22.yml	true	true	105.140341907	83.59341438099909	1382.707200	cloud-24441	true	134.916549817	104.43273140000383	1284.804608	cloud-23979
eca-rers2012/Problem10_label23.yml	true	true	60.191494439	40.92006174600101	1459.904512	cloud-24642	true	89.14082839	58.09267843700218	1336.754176	cloud-23933
eca-rers2012/Problem10_label24.yml	false	false(unreach-call)	67.324685621	46.08830644000045	1348.104192	cloud-24642	false(unreach-call)	110.699266182	73.2894086209999	1431.703552	cloud-23933
eca-rers2012/Problem10_label25.yml	true	true	113.092929706	90.92534639299993	1608.290304	cloud-24642	true	193.437881709	153.04762343100447	1644.425216	cloud-23933
eca-rers2012/Problem10_label26.yml	false	false(unreach-call)	73.896257587	50.56123536800078	1679.986688	cloud-24679	false(unreach-call)	115.50961122	77.2491576020002	1727.606784	cloud-23933
eca-rers2012/Problem10_label27.yml	true	true	59.479399322	42.36997824900004	1418.817536	cloud-24678	true	94.176876739	65.08788395500233	1344.741376	cloud-23933
eca-rers2012/Problem10_label28.yml	false	false(unreach-call)	330.427458369	303.6683598660002	1495.560192	cloud-24678	false(unreach-call)	463.317100069	427.60676863499975	1579.933696	cloud-23979
eca-rers2012/Problem10_label29.yml	false	TIMEOUT	990.7798701	960.1424074280003	1525.170176	cloud-24441	ERROR (solver error, after parsing finished)	753.613395557	723.4479559760002	1590.820864	cloud-23979
eca-rers2012/Problem10_label30.yml	true	true	56.764818382	39.71482445299989	1574.408192	cloud-24678	true	78.285909402	53.19188024799996	1372.336128	cloud-23979
eca-rers2012/Problem10_label31.yml	true	true	69.935505948	49.20555397099997	1502.441472	cloud-24441	true	85.660006174	61.001378981000016	1389.805568	cloud-23979
eca-rers2012/Problem10_label32.yml	true	true	80.189105328	61.824139604000266	1335.234560	cloud-24678	true	147.384975025	112.2452308320062	1445.953536	cloud-23933
eca-rers2012/Problem10_label33.yml	true	true	90.249772009	68.89741778799998	1525.460992	cloud-24679	true	106.051065035	79.51715768699978	1420.472320	cloud-23940
eca-rers2012/Problem10_label34.yml	true	true	66.770377136	47.06071596999982	1368.342528	cloud-24678	true	85.303059722	58.67443400999764	1452.040192	cloud-23979
eca-rers2012/Problem10_label35.yml	true	true	100.384240365	76.48467630900086	1608.404992	cloud-24679	true	133.212495769	101.14895436299958	1478.090752	cloud-23979
eca-rers2012/Problem10_label36.yml	true	true	96.176133853	74.42667348100076	1559.928832	cloud-24678	true	143.635284398	110.49471126700155	1426.571264	cloud-23933
eca-rers2012/Problem10_label37.yml	true	true	93.416893321	72.50591586900009	1709.445120	cloud-24678	true	132.105039063	99.55183293099981	1385.508864	cloud-23979
eca-rers2012/Problem10_label38.yml	true	true	91.975329926	70.01168969099945	1459.277824	cloud-24679	true	135.757927512	103.07834261300013	1719.226368	cloud-23979
eca-rers2012/Problem10_label39.yml	true	true	50.521599569	34.45878805200027	1305.034752	cloud-24678	true	86.346501718	57.42191535600432	1357.869056	cloud-23933
eca-rers2012/Problem10_label40.yml	true	TIMEOUT	990.351149099	959.1698186909998	1473.564672	cloud-24441	ERROR (solver error, after parsing finished)	754.855897531	725.032458447	1573.011456	cloud-23933
eca-rers2012/Problem10_label41.yml	false	false(unreach-call)	204.044998012	181.25232126099945	1491.345408	cloud-24441	false(unreach-call)	301.424644605	266.35748446900107	1483.739136	cloud-23933
eca-rers2012/Problem10_label42.yml	false	false(unreach-call)	58.58364964	39.516399999999976	1469.992960	cloud-24678	false(unreach-call)	70.360160126	45.83156099400003	1414.397952	cloud-23940
eca-rers2012/Problem10_label43.yml	true	TIMEOUT	990.740264788	964.4712889270004	1463.250944	cloud-24679	ERROR (solver error, after parsing finished)	746.211827385	722.8373781480004	1412.870144	cloud-23933
eca-rers2012/Problem10_label44.yml	true	true	103.02522446	82.5613697230001	1366.765568	cloud-24642	true	154.304256575	121.05520789699949	1611.366400	cloud-23933
eca-rers2012/Problem10_label45.yml	true	TIMEOUT	990.798807608	964.086932139	1763.160064	cloud-24679	ERROR (solver error, after parsing finished)	742.218077011	721.528374689	1766.715392	cloud-23979
eca-rers2012/Problem10_label46.yml	false	false(unreach-call)	49.794292151	34.26868529899912	1551.798272	cloud-24678	false(unreach-call)	82.943689402	54.18269481200332	1241.288704	cloud-24259
eca-rers2012/Problem10_label47.yml	false	false(unreach-call)	67.225664366	46.80831206699986	1676.382208	cloud-24642	false(unreach-call)	107.991890872	73.0089011500022	1406.955520	cloud-23933
eca-rers2012/Problem10_label48.yml	false	false(unreach-call)	67.711858269	45.414451968999856	1342.619648	cloud-24441	false(unreach-call)	95.566619456	62.245590745999834	1585.647616	cloud-23933
eca-rers2012/Problem10_label49.yml	true	TIMEOUT	990.391341686	958.9792663890003	1516.654592	cloud-24679	ERROR (solver error, after parsing finished)	757.426898507	725.4832610869998	1414.311936	cloud-23933
eca-rers2012/Problem10_label50.yml	false	TIMEOUT	990.77819368	960.6187136299995	1779.359744	cloud-24642	ERROR (solver error, after parsing finished)	753.896435473	722.8482876690032	1494.761472	cloud-23979
eca-rers2012/Problem10_label51.yml	true	true	69.819631425	48.47641955099971	1321.304064	cloud-24441	true	108.966858594	73.80703468099819	1526.312960	cloud-24259
eca-rers2012/Problem10_label52.yml	true	true	87.508197979	66.20546786	1408.057344	cloud-24441	true	134.33421412	101.71717116699801	1553.182720	cloud-24259
eca-rers2012/Problem10_label53.yml	true	true	86.846387134	66.49087965299987	1442.463744	cloud-24642	true	110.772570351	82.53744140900017	1368.350720	cloud-23979
eca-rers2012/Problem10_label54.yml	true	true	68.830773176	48.33934963599995	1388.273664	cloud-24441	true	97.325378716	66.59050801400008	1419.026432	cloud-23933
eca-rers2012/Problem10_label55.yml	false	false(unreach-call)	105.450608093	82.53209941599926	1343.713280	cloud-24441	false(unreach-call)	154.184409646	119.17254781299562	1489.608704	cloud-24259
eca-rers2012/Problem10_label56.yml	true	TIMEOUT	990.705720841	962.200696973	1449.099264	cloud-24441	ERROR (solver error, after parsing finished)	746.975459506	720.105166369	1344.983040	cloud-23933
eca-rers2012/Problem10_label57.yml	false	false(unreach-call)	60.804413437	41.107262327999706	1532.788736	cloud-24678	false(unreach-call)	89.449639873	58.17650915000013	1577.746432	cloud-23933
eca-rers2012/Problem10_label58.yml	false	false(unreach-call)	63.756081063	42.37297787600073	1416.110080	cloud-24678	false(unreach-call)	76.829703846	50.435945180001	1316.392960	cloud-23979
eca-rers2012/Problem10_label59.yml	true	TIMEOUT	990.796791748	959.7829859599997	1517.572096	cloud-24642	ERROR (solver error, after parsing finished)	759.894308771	727.8380049779989	1390.256128	cloud-23979
eca-rers2012/Problem11_label00.yml	false	TIMEOUT	991.145632195	951.3760425880009	2651.193344	cloud-24678	ERROR (solver error, after parsing finished)	774.7253157	737.0705172739999	2454.151168	cloud-23979
eca-rers2012/Problem11_label01.yml	true	true	176.48750372	151.28587337900535	2169.212928	cloud-23939	true	340.256268076	291.68962686099985	2452.951040	cloud-23933
eca-rers2012/Problem11_label02.yml	true	TIMEOUT	991.1905317	951.5891419790005	2823.045120	cloud-24441	ERROR (solver error, after parsing finished)	793.657532925	748.7278698350019	2825.592832	cloud-24259
eca-rers2012/Problem11_label03.yml	true	TIMEOUT	990.494919392	951.0032652640002	2730.958848	cloud-24678	ERROR (solver error, after parsing finished)	793.940012056	750.0366324100032	2422.919168	cloud-24259
eca-rers2012/Problem11_label04.yml	true	true	196.599338237	163.97356401900015	2184.970240	cloud-24441	true	291.273278584	242.70787911099615	2397.720576	cloud-23933
eca-rers2012/Problem11_label05.yml	true	TIMEOUT	991.123947029	948.580412452	2613.510144	cloud-24678	ERROR (solver error, after parsing finished)	783.009789217	741.5858693280006	2838.712320	cloud-23933
eca-rers2012/Problem11_label06.yml	true	TIMEOUT	991.075502288	951.9607337070001	2559.352832	cloud-24441	ERROR (solver error, after parsing finished)	794.818471037	747.292384665001	2387.214336	cloud-23933
eca-rers2012/Problem11_label07.yml	true	true	151.316730394	120.62073410799985	2416.480256	cloud-24679	true	233.550208073	186.00196206499822	2242.691072	cloud-23933
eca-rers2012/Problem11_label08.yml	false	TIMEOUT	990.91712211	957.8629419099889	2493.145088	cloud-23939	ERROR (solver error, after parsing finished)	791.383877401	746.0311168099979	2645.827584	cloud-23933
eca-rers2012/Problem11_label09.yml	true	TIMEOUT	990.44721065	951.1159010649999	2766.184448	cloud-24679	ERROR (solver error, after parsing finished)	783.058213041	742.1666680559997	2258.989056	cloud-23933
eca-rers2012/Problem11_label10.yml	true	TIMEOUT	990.448918097	948.8436284990003	2439.708672	cloud-24642	true	360.345276969	313.7372132879973	2434.265088	cloud-23933
eca-rers2012/Problem11_label11.yml	true	TIMEOUT	990.446888596	953.0657765080005	2927.034368	cloud-24441	ERROR (solver error, after parsing finished)	785.95084176	743.8846490000005	2152.628224	cloud-23933
eca-rers2012/Problem11_label12.yml	true	TIMEOUT (ERROR (inner timeout, after parsing finished))	989.09157584	948.6603495679992	2441.601024	cloud-24441	true	194.989254979	157.35203208500002	2361.151488	cloud-23979
eca-rers2012/Problem11_label13.yml	true	TIMEOUT	991.192165951	948.5388063180003	2642.026496	cloud-24679	ERROR (solver error, after parsing finished)	793.878699758	747.7502762650038	2446.327808	cloud-24259
eca-rers2012/Problem11_label14.yml	false	false(unreach-call)	156.725464896	123.93593197200062	2297.176064	cloud-24679	false(unreach-call)	229.329703228	180.70718406799915	2474.684416	cloud-23933
eca-rers2012/Problem11_label15.yml	false	TIMEOUT	991.170215983	953.0164102910003	2698.100736	cloud-24678	ERROR (solver error, after parsing finished)	779.132507663	741.3187011529953	2527.035392	cloud-23933
eca-rers2012/Problem11_label16.yml	true	TIMEOUT	990.53102693	947.9106530669997	2672.058368	cloud-24678	true	345.992897704	296.6845417559962	2401.042432	cloud-24259
eca-rers2012/Problem11_label17.yml	true	true	228.302527218	195.2696310229985	2398.466048	cloud-24642	true	368.545708845	315.21334940700035	2554.212352	cloud-24259
eca-rers2012/Problem11_label18.yml	true	TIMEOUT	990.415181956	954.9279019719979	2751.860736	cloud-23943	ERROR (solver error, after parsing finished)	776.156387317	739.12151171	2600.189952	cloud-23979
eca-rers2012/Problem11_label19.yml	true	TIMEOUT	990.431088919	957.2411240070069	2479.513600	cloud-23939	ERROR (solver error, after parsing finished)	802.047667625	751.836892845	2294.480896	cloud-24259
eca-rers2012/Problem11_label20.yml	false	TIMEOUT	990.525892281	948.6348499919986	2632.085504	cloud-24441	ERROR (solver error, after parsing finished)	796.753447033	751.6690975279998	2539.237376	cloud-23933
eca-rers2012/Problem11_label21.yml	true	true	718.581812428	681.3576084479998	2402.856960	cloud-24441	ERROR (solver error, after parsing finished)	813.331650247	754.8350496300045	2371.747840	cloud-23933
eca-rers2012/Problem11_label22.yml	true	TIMEOUT	990.510501355	948.8589677950004	2715.967488	cloud-24441	ERROR (solver error, after parsing finished)	782.006076729	739.7506637120023	2465.533952	cloud-23933
eca-rers2012/Problem11_label23.yml	true	TIMEOUT	990.988129061	956.5345649650262	2154.012672	cloud-23944	ERROR (solver error, after parsing finished)	799.196631639	758.3462778570029	2460.286976	cloud-23979
eca-rers2012/Problem11_label24.yml	true	TIMEOUT	991.167520988	947.0311915090006	2621.145088	cloud-24642	ERROR (solver error, after parsing finished)	763.671471764	728.5178525189986	2287.448064	cloud-23940
eca-rers2012/Problem11_label25.yml	true	TIMEOUT	991.004396043	951.1571876620001	2559.844352	cloud-23940	ERROR (solver error, after parsing finished)	786.076981572	737.8135752710004	2717.155328	cloud-23933
eca-rers2012/Problem11_label26.yml	true	TIMEOUT	990.779402886	936.599728398	2739.253248	cloud-24679	ERROR (solver error, after parsing finished)	792.390987444	745.777339813998	2439.495680	cloud-24259
eca-rers2012/Problem11_label27.yml	true	TIMEOUT (ERROR (inner timeout, after parsing finished))	983.184224689	944.1166146959986	2780.274688	cloud-24678	true	198.94110445	155.19142272599993	2296.225792	cloud-23933
eca-rers2012/Problem11_label28.yml	true	TIMEOUT	990.243379464	945.8357928239998	2615.554048	cloud-24678	ERROR (solver error, after parsing finished)	803.864416385	753.0198732429999	2528.247808	cloud-24259
eca-rers2012/Problem11_label29.yml	false	TIMEOUT	991.075888106	952.0495501129999	2517.463040	cloud-24642	ERROR (solver error, after parsing finished)	775.998156662	737.5555033159981	2679.341056	cloud-23979
eca-rers2012/Problem11_label30.yml	true	TIMEOUT	990.449795534	942.9411838550004	2732.797952	cloud-24679	ERROR (solver error, after parsing finished)	759.136939668	726.446098286	2354.954240	cloud-23942
eca-rers2012/Problem11_label31.yml	false	TIMEOUT	991.10299863	952.541181732	2418.610176	cloud-24642	ERROR (solver error, after parsing finished)	768.503726849	735.1516298910028	2195.996672	cloud-23979
eca-rers2012/Problem11_label32.yml	true	TIMEOUT (ERROR (inner timeout, after parsing finished))	974.861241719	941.0113994239946	2577.829888	cloud-23941	true	215.407334487	171.6696587999977	2678.534144	cloud-23979
eca-rers2012/Problem11_label33.yml	true	TIMEOUT	990.443067032	945.6474535750001	2737.729536	cloud-24441	ERROR (solver error, after parsing finished)	786.477529853	744.0027927819974	2340.945920	cloud-24259
eca-rers2012/Problem11_label34.yml	false	TIMEOUT	991.298199672	944.1114324579994	2461.483008	cloud-24678	ERROR (solver error, after parsing finished)	801.127250373	747.5668418269997	2415.403008	cloud-23933
eca-rers2012/Problem11_label35.yml	true	true	197.435708646	165.93923572099993	2461.917184	cloud-24441	true	285.088532178	238.20647236700006	2262.945792	cloud-23933
eca-rers2012/Problem11_label36.yml	false	false(unreach-call)	110.486118397	82.89049125400015	2247.495680	cloud-24679	false(unreach-call)	138.385775321	99.94558033099747	2294.628352	cloud-23979
eca-rers2012/Problem11_label37.yml	true	true	220.169398187	188.15079626700026	2342.625280	cloud-24679	true	330.007126033	283.37667081900145	2247.221248	cloud-23933
eca-rers2012/Problem11_label38.yml	true	TIMEOUT	991.243184794	949.9625476069996	2785.021952	cloud-24678	ERROR (solver error, after parsing finished)	782.815844413	741.0418182389994	2343.288832	cloud-23933
eca-rers2012/Problem11_label39.yml	false	TIMEOUT	991.157048818	948.8560501169998	2751.922176	cloud-24679	ERROR (solver error, after parsing finished)	759.060900015	727.813560569004	2421.030912	cloud-23940
eca-rers2012/Problem11_label40.yml	true	TIMEOUT	991.128495772	950.9039210660012	2557.751296	cloud-24642	ERROR (solver error, after parsing finished)	794.564122899	748.4393900159994	3154.903040	cloud-23933
eca-rers2012/Problem11_label41.yml	true	TIMEOUT	991.132772004	947.0975132830008	2362.273792	cloud-24642	ERROR (solver error, after parsing finished)	783.753798691	736.1837337590005	2514.804736	cloud-23979
eca-rers2012/Problem11_label42.yml	false	TIMEOUT	990.511639516	946.494768980001	2547.015680	cloud-24678	ERROR (solver error, after parsing finished)	779.562512381	739.4751694400038	2408.636416	cloud-23979
eca-rers2012/Problem11_label43.yml	false	TIMEOUT	991.127083558	951.7066959439999	2835.156992	cloud-24679	ERROR (solver error, after parsing finished)	830.907024493	790.1688088260053	2470.064128	cloud-23933
eca-rers2012/Problem11_label44.yml	true	true	218.011945789	185.5087489729999	2252.075008	cloud-24678	true	339.188852561	296.0014726590016	2427.154432	cloud-23933
eca-rers2012/Problem11_label45.yml	true	TIMEOUT	990.528908287	941.7496434019995	2806.784000	cloud-24679	TIMEOUT (ERROR (inner timeout, after parsing finished))	973.210459831	923.9029151659997	2652.872704	cloud-23979
eca-rers2012/Problem11_label46.yml	true	TIMEOUT	991.220717633	946.8931497789999	2633.375744	cloud-24679	ERROR (solver error, after parsing finished)	793.459788146	749.1919911880004	2306.940928	cloud-23979
eca-rers2012/Problem11_label47.yml	true	TIMEOUT	990.328252109	945.2325779929997	2321.543168	cloud-24441	ERROR (solver error, after parsing finished)	781.882050791	736.3134940890013	2313.715712	cloud-23979
eca-rers2012/Problem11_label48.yml	true	TIMEOUT	990.430490088	950.0329263809999	2399.453184	cloud-24441	ERROR (solver error, after parsing finished)	782.806989606	741.161935098	2356.383744	cloud-23933
eca-rers2012/Problem11_label49.yml	false	TIMEOUT	990.422830262	951.3639020229998	2464.231424	cloud-24441	ERROR (solver error, after parsing finished)	777.775664792	740.4725990610004	2292.006912	cloud-23979
eca-rers2012/Problem11_label50.yml	true	true	568.793329562	533.390443966	2478.866432	cloud-24678	ERROR (solver error, after parsing finished)	790.388769234	745.5606305790006	2403.573760	cloud-23979
eca-rers2012/Problem11_label51.yml	false	TIMEOUT	990.468270477	950.5628847169999	2391.982080	cloud-24441	ERROR (solver error, after parsing finished)	785.203609472	740.6715573129995	2816.552960	cloud-23979
eca-rers2012/Problem11_label52.yml	true	TIMEOUT	990.571861494	949.1952190270003	2534.273024	cloud-24642	TIMEOUT (ERROR (inner timeout, after parsing finished))	962.431699969	923.5080307030003	2335.506432	cloud-23979
eca-rers2012/Problem11_label53.yml	true	TIMEOUT	990.586390676	954.2397360249888	3347.795968	cloud-23940	ERROR (solver error, after parsing finished)	776.234341613	738.9505926590009	2187.599872	cloud-23979
eca-rers2012/Problem11_label54.yml	true	TIMEOUT	990.482028454	946.699543304001	2542.542848	cloud-24679	ERROR (solver error, after parsing finished)	804.293541722	753.1621015979981	2326.970368	cloud-24259
eca-rers2012/Problem11_label55.yml	true	true	483.765758152	452.77081829499997	2382.954496	cloud-24642	true	740.805933712	688.2058684080039	2317.234176	cloud-23933
eca-rers2012/Problem11_label56.yml	true	TIMEOUT	991.098394208	951.6600622880214	2870.095872	cloud-23944	ERROR (solver error, after parsing finished)	792.793395463	743.3445950530004	2779.398144	cloud-23933
eca-rers2012/Problem11_label57.yml	true	TIMEOUT	990.236633112	944.1723847679996	2658.799616	cloud-24678	ERROR (solver error, after parsing finished)	796.221860045	748.6596725089985	2180.472832	cloud-23933
eca-rers2012/Problem11_label58.yml	false	false(unreach-call)	124.118220194	94.56352317399978	2339.733504	cloud-24441	false(unreach-call)	164.227146285	122.75414819399975	2627.907584	cloud-23979
eca-rers2012/Problem11_label59.yml	true	TIMEOUT	991.256183585	946.8212119309992	2571.419648	cloud-24679	ERROR (solver error, after parsing finished)	777.46659475	738.2137463830004	2707.353600	cloud-23979
eca-rers2012/Problem12_label00.yml	false	TIMEOUT	991.165896662	815.5765204790001	7063.678976	cloud-24642	TIMEOUT	992.644657621	851.69356324	6959.587328	cloud-23979
eca-rers2012/Problem12_label01.yml	true	TIMEOUT	990.948417897	922.8685344680016	9684.561920	cloud-24642	TIMEOUT	991.391630944	831.7426019900004	6973.472768	cloud-23979
eca-rers2012/Problem12_label02.yml	true	TIMEOUT	990.721709447	936.990924924	6951.325696	cloud-24679	TIMEOUT (ERROR (solver error, after parsing finished))	967.109653099	889.2855393760037	6933.184512	cloud-24259
eca-rers2012/Problem12_label03.yml	false	TIMEOUT	990.729240275	758.4293958529888	7624.024064	cloud-23942	TIMEOUT (ERROR (solver error, after parsing finished))	966.706247164	877.8675338189996	6976.253952	cloud-23933
eca-rers2012/Problem12_label04.yml	true	TIMEOUT	991.03032661	919.8425875109997	8529.367040	cloud-24679	TIMEOUT	991.328181444	833.4435010710004	7483.047936	cloud-23979
eca-rers2012/Problem12_label05.yml	true	TIMEOUT	990.70122441	945.0208581320185	7350.927360	cloud-23944	TIMEOUT (ERROR (solver error, after parsing finished))	936.63037862	858.225779458	7160.745984	cloud-23933
eca-rers2012/Problem12_label06.yml	false	TIMEOUT	990.962997859	920.4240787800009	8224.354304	cloud-24678	TIMEOUT	991.012788472	811.8337327330009	6932.168704	cloud-23933
eca-rers2012/Problem12_label07.yml	false	TIMEOUT	990.851242073	922.2585177439996	7453.937664	cloud-24678	TIMEOUT	990.917731936	809.8457558860027	7050.932224	cloud-24259
eca-rers2012/Problem12_label08.yml	false	TIMEOUT	990.699764019	942.361134327	6990.778368	cloud-24679	ERROR (solver error, after parsing finished)	898.136793764	828.64389295	7028.932608	cloud-23979
eca-rers2012/Problem12_label09.yml	true	TIMEOUT	990.899870314	920.6002179229981	7405.924352	cloud-24679	TIMEOUT	991.15017448	803.9790331620025	7061.250048	cloud-23979
eca-rers2012/Problem12_label10.yml	false	TIMEOUT	990.960873728	919.9976873470005	7659.237376	cloud-24679	TIMEOUT	992.535621778	795.1239756499999	7494.242304	cloud-23933
eca-rers2012/Problem12_label11.yml	true	TIMEOUT	990.940911715	913.9468892469995	7462.735872	cloud-24441	TIMEOUT	990.781817133	775.3089127950001	7073.169408	cloud-23933
eca-rers2012/Problem12_label12.yml	true	TIMEOUT	990.874021793	907.8675249690004	7458.430976	cloud-24441	TIMEOUT	992.248846925	775.8102147360005	6918.856704	cloud-23944
eca-rers2012/Problem12_label13.yml	false	TIMEOUT	990.804990021	934.0772977460001	10780.286976	cloud-23940	TIMEOUT	992.643218966	780.6566941209967	7927.885824	cloud-24261
eca-rers2012/Problem12_label14.yml	true	TIMEOUT	990.864492905	917.5496498940001	7417.552896	cloud-24678	TIMEOUT	991.550312052	793.7691257279948	7399.489536	cloud-24261
eca-rers2012/Problem12_label15.yml	true	TIMEOUT	991.246328518	809.0599673510005	8931.151872	cloud-24642	TIMEOUT	992.631444276	817.7195610880008	7043.506176	cloud-23979
eca-rers2012/Problem12_label16.yml	true	TIMEOUT	991.107248979	922.6789898290008	8904.253440	cloud-24642	TIMEOUT (ERROR (solver error, after parsing finished))	941.769474172	818.145636084002	8500.203520	cloud-24261
eca-rers2012/Problem12_label17.yml	true	TIMEOUT	990.866444852	920.0036513180021	7524.306944	cloud-24678	TIMEOUT	990.832063043	798.6179349669983	7052.570624	cloud-23939
eca-rers2012/Problem12_label18.yml	true	TIMEOUT	990.892029071	917.999982147001	7557.664768	cloud-24679	TIMEOUT	991.661084444	757.176481550996	7086.997504	cloud-23979
eca-rers2012/Problem12_label19.yml	false	TIMEOUT	990.914103854	922.8933238259997	7492.087808	cloud-24679	TIMEOUT (ERROR (solver error, after parsing finished))	932.001507816	846.5913657259999	8235.319296	cloud-23933
eca-rers2012/Problem12_label20.yml	false	TIMEOUT	990.862570001	932.8916185039852	10879.774720	cloud-23942	TIMEOUT	992.823606732	848.9867478539963	7104.614400	cloud-24259
eca-rers2012/Problem12_label21.yml	false	TIMEOUT	990.882845022	917.2433353889992	7390.330880	cloud-24678	TIMEOUT	991.203885217	821.6187169040004	7144.501248	cloud-23979
eca-rers2012/Problem12_label22.yml	true	TIMEOUT	991.121986711	918.686187647003	11238.346752	cloud-24678	TIMEOUT (ERROR (solver error, after parsing finished))	981.369751846	862.7915002019945	10651.123712	cloud-23979
eca-rers2012/Problem12_label23.yml	true	TIMEOUT	990.840065237	921.773825373999	7610.200064	cloud-24642	TIMEOUT	992.781350083	814.0925851080028	6920.667136	cloud-24261
eca-rers2012/Problem12_label24.yml	true	TIMEOUT	991.483777789	829.7472387930011	6928.519168	cloud-24441	TIMEOUT	991.077408366	782.6688437970006	6876.340224	cloud-23979
eca-rers2012/Problem12_label25.yml	false	TIMEOUT	991.015452126	921.3462627699992	8457.924608	cloud-24679	TIMEOUT	991.974187062	785.223453442999	9921.495040	cloud-24261
eca-rers2012/Problem12_label26.yml	true	TIMEOUT	990.777460889	932.7836384719994	9062.309888	cloud-23940	TIMEOUT	991.248082736	771.831493001002	7114.723328	cloud-24261
eca-rers2012/Problem12_label27.yml	true	TIMEOUT	991.129553193	809.0910025759949	7031.468032	cloud-23941	TIMEOUT	991.438640733	804.2474057840009	8351.404032	cloud-24261
eca-rers2012/Problem12_label28.yml	false	TIMEOUT	990.758041744	919.592579876	7428.915200	cloud-24441	TIMEOUT	991.112671998	803.7671995239998	7025.483776	cloud-23933
eca-rers2012/Problem12_label29.yml	true	TIMEOUT	990.739893124	927.3768039960123	7462.944768	cloud-23941	TIMEOUT	991.343438749	819.218627546994	7955.804160	cloud-23933
eca-rers2012/Problem12_label30.yml	false	TIMEOUT	990.495935494	795.0405146350004	6982.471680	cloud-24441	TIMEOUT (ERROR (solver error, after parsing finished))	987.627827022	797.7823128960008	6937.276416	cloud-23941
eca-rers2012/Problem12_label31.yml	true	TIMEOUT	990.798654372	921.4425654580009	7519.678464	cloud-24642	TIMEOUT	991.80505145	836.4659584660039	6939.275264	cloud-24259
eca-rers2012/Problem12_label32.yml	true	TIMEOUT	990.807980099	926.1091868499934	9001.603072	cloud-23940	TIMEOUT	992.439985127	833.462514203	7311.863808	cloud-23979
eca-rers2012/Problem12_label33.yml	true	TIMEOUT	990.894542336	922.0425574989995	7434.600448	cloud-24642	TIMEOUT	991.652272271	813.7694335769993	7390.617600	cloud-23979
eca-rers2012/Problem12_label34.yml	false	TIMEOUT	990.89499744	919.7769727499999	8200.433664	cloud-24642	ERROR (solver error, after parsing finished)	879.913805835	788.5340506240027	8926.531584	cloud-23943
eca-rers2012/Problem12_label35.yml	false	TIMEOUT	990.819372849	919.0547688900001	7459.569664	cloud-24642	TIMEOUT	992.284068018	771.0561980800048	8282.533888	cloud-23944
eca-rers2012/Problem12_label36.yml	true	TIMEOUT	990.573212479	808.2652759110006	7050.551296	cloud-24441	TIMEOUT	991.150370627	817.9212346490021	8316.112896	cloud-24261
eca-rers2012/Problem12_label37.yml	false	TIMEOUT	990.902087819	916.2892354830001	7445.319680	cloud-24441	TIMEOUT	991.407641641	836.048236235998	6965.383168	cloud-24259
eca-rers2012/Problem12_label38.yml	false	TIMEOUT	992.042042743	780.8526549880044	6985.965568	cloud-23943	TIMEOUT	990.756554604	797.140267281	7101.485056	cloud-23933
eca-rers2012/Problem12_label39.yml	false	TIMEOUT	990.741588794	934.0858085039999	6959.853568	cloud-24678	ERROR (solver error, after parsing finished)	862.474780629	793.2034534640043	7409.156096	cloud-23944
eca-rers2012/Problem12_label40.yml	false	TIMEOUT	990.845238096	918.2503628929844	8772.292608	cloud-23944	TIMEOUT	991.275522063	888.5314446999982	7125.540864	cloud-24259
eca-rers2012/Problem12_label41.yml	true	TIMEOUT	991.302216762	919.9646359960002	7455.109120	cloud-24642	TIMEOUT	990.963397916	793.8884705960008	7049.175040	cloud-24261
eca-rers2012/Problem12_label42.yml	false	TIMEOUT	991.726758721	829.7524227430004	7465.078784	cloud-24642	TIMEOUT	991.31017777	804.4902010039987	7814.594560	cloud-23941
eca-rers2012/Problem12_label43.yml	true	TIMEOUT	991.711351858	824.6128175599988	7100.157952	cloud-24679	TIMEOUT	990.635355521	794.188219970998	7318.966272	cloud-23940
eca-rers2012/Problem12_label44.yml	true	TIMEOUT	990.800171766	922.9232078419991	7563.415552	cloud-24678	TIMEOUT	991.530132984	775.4008964029999	6951.325696	cloud-24261
eca-rers2012/Problem12_label45.yml	true	TIMEOUT	990.783796094	918.9550398880001	7486.984192	cloud-24642	TIMEOUT	991.807810807	797.0769002529996	7450.275840	cloud-23944
eca-rers2012/Problem12_label46.yml	true	TIMEOUT	991.34671215	823.3185389670007	6984.687616	cloud-24441	TIMEOUT	991.734441864	789.5379032250057	7102.193664	cloud-23979
eca-rers2012/Problem12_label47.yml	true	TIMEOUT	990.84747631	919.706764114002	7458.365440	cloud-24441	TIMEOUT (ERROR (solver error, after parsing finished))	988.998421885	835.4127151249995	7845.527552	cloud-23933
eca-rers2012/Problem12_label48.yml	false	TIMEOUT	990.776103917	938.5056342440002	7057.002496	cloud-24679	ERROR (solver error, after parsing finished)	891.323831004	825.4186909190003	7049.289728	cloud-23979
eca-rers2012/Problem12_label49.yml	true	TIMEOUT	991.365027616	768.3558933239983	7091.335168	cloud-24679	TIMEOUT	990.78825158	834.81325167	6976.909312	cloud-23979
eca-rers2012/Problem12_label50.yml	false	TIMEOUT	990.883010837	907.371903837	7478.095872	cloud-24679	TIMEOUT (ERROR (solver error, after parsing finished))	905.992595551	823.4175554940011	7075.995648	cloud-23979
eca-rers2012/Problem12_label51.yml	false	TIMEOUT	992.389181026	748.6701876280131	7008.202752	cloud-23941	TIMEOUT	990.681227756	801.8280630029985	6950.952960	cloud-24261
eca-rers2012/Problem12_label52.yml	false	TIMEOUT	990.746663456	921.5837186480057	8309.698560	cloud-23939	TIMEOUT (ERROR (solver error, after parsing finished))	968.255697932	792.8825388269979	7949.180928	cloud-23940
eca-rers2012/Problem12_label53.yml	true	TIMEOUT	990.876184206	904.5916661839874	8413.937664	cloud-23944	TIMEOUT	991.060772046	838.1459876289955	7166.398464	cloud-23933
eca-rers2012/Problem12_label54.yml	true	TIMEOUT	991.9863436	825.1417222010023	7022.206976	cloud-24642	TIMEOUT	991.122661143	801.7231886259979	6936.813568	cloud-23979
eca-rers2012/Problem12_label55.yml	false	TIMEOUT	992.306245314	806.4573013219999	7069.900800	cloud-24679	TIMEOUT	991.122193683	831.517927490997	7175.053312	cloud-23979
eca-rers2012/Problem12_label56.yml	true	TIMEOUT	990.98991278	942.8668608819971	10209.341440	cloud-24441	ERROR (solver error, after parsing finished)	889.697656731	819.7359873669999	8330.420224	cloud-24261
eca-rers2012/Problem12_label57.yml	true	TIMEOUT	990.862569971	918.9717712290003	7529.410560	cloud-24678	TIMEOUT	991.290064134	827.3694792349997	6901.788672	cloud-24261
eca-rers2012/Problem12_label58.yml	true	TIMEOUT	991.127286247	879.2285236319985	7468.634112	cloud-24679	TIMEOUT	991.465954105	837.2889138429964	6988.869632	cloud-23933
eca-rers2012/Problem12_label59.yml	true	TIMEOUT	991.075189345	915.9827670089999	8836.562944	cloud-24642	TIMEOUT	991.296532196	832.0119927229971	7057.186816	cloud-23933
eca-rers2012/Problem13_label00.yml	true	TIMEOUT	992.356450192	745.7232633309995	8868.978688	cloud-24642	TIMEOUT	992.664083768	725.2457712820033	8884.781056	cloud-23942
eca-rers2012/Problem13_label01.yml	true	TIMEOUT	992.039299265	701.750562709989	8890.642432	cloud-23940	TIMEOUT	991.415498898	740.0387425020017	9178.693632	cloud-23933
eca-rers2012/Problem13_label02.yml	true	TIMEOUT	990.953976587	670.3369906160005	8859.172864	cloud-24642	TIMEOUT	992.546564733	718.691096396	8161.894400	cloud-23933
eca-rers2012/Problem13_label03.yml	true	TIMEOUT	991.546713958	687.1063522660006	8794.918912	cloud-24441	TIMEOUT	992.041781821	706.8644326119975	11315.486720	cloud-23979
eca-rers2012/Problem13_label04.yml	false	TIMEOUT	992.531743416	680.6755105310003	8976.220160	cloud-24441	TIMEOUT	992.503363764	687.2252659469959	8786.472960	cloud-23939
eca-rers2012/Problem13_label05.yml	true	TIMEOUT	990.895934291	894.4496105339786	9582.215168	cloud-23942	TIMEOUT	992.701405473	728.2270483979955	8459.878400	cloud-23941
eca-rers2012/Problem13_label06.yml	false	TIMEOUT	991.029963063	874.6961254689995	9421.819904	cloud-24441	TIMEOUT	992.112016496	738.6066969440071	8825.688064	cloud-23942
eca-rers2012/Problem13_label07.yml	false	TIMEOUT	991.466258088	688.5173371199926	8392.290304	cloud-23943	TIMEOUT	992.688300451	704.3402595949956	8741.957632	cloud-24261
eca-rers2012/Problem13_label08.yml	true	TIMEOUT	990.821409311	666.317930485995	8359.079936	cloud-23944	TIMEOUT	992.25111166	708.4501447539988	8939.069440	cloud-24261
eca-rers2012/Problem13_label09.yml	true	TIMEOUT	991.049092589	870.6830692529911	9454.641152	cloud-23943	TIMEOUT	991.484134953	732.3129040579952	8412.323840	cloud-23979
eca-rers2012/Problem13_label10.yml	true	TIMEOUT	991.013045992	881.7146702710015	9526.255616	cloud-23944	TIMEOUT	992.80878362	739.0363808140028	8386.056192	cloud-23979
eca-rers2012/Problem13_label11.yml	false	TIMEOUT	991.052553671	876.4544685459987	9381.732352	cloud-24441	TIMEOUT	992.581893311	727.0001997650033	8785.342464	cloud-23941
eca-rers2012/Problem13_label12.yml	false	TIMEOUT	990.852215114	905.1211116779887	9109.295104	cloud-23942	TIMEOUT	992.092296997	697.0306675969987	8854.876160	cloud-24261
eca-rers2012/Problem13_label13.yml	true	TIMEOUT	990.961971544	897.1950876449991	9572.364288	cloud-23940	TIMEOUT	991.538189024	711.586989497	8778.915840	cloud-23933
eca-rers2012/Problem13_label14.yml	true	TIMEOUT	991.035227822	896.2404230570028	9193.644032	cloud-24441	TIMEOUT	991.202529466	718.1673126550013	8374.353920	cloud-24261
eca-rers2012/Problem13_label15.yml	true	TIMEOUT	991.085785302	869.2112300269982	9358.688256	cloud-24441	TIMEOUT	991.567106167	754.7645177410013	8390.381568	cloud-23933
eca-rers2012/Problem13_label16.yml	false	TIMEOUT	990.988878702	886.8106776190107	9438.801920	cloud-23941	TIMEOUT	992.178969451	706.039328396997	8611.074048	cloud-24261
eca-rers2012/Problem13_label17.yml	true	TIMEOUT	990.882578732	897.2827178000007	9447.464960	cloud-23939	TIMEOUT	992.476823182	700.8113512420023	8328.175616	cloud-23943
eca-rers2012/Problem13_label18.yml	true	TIMEOUT	991.061449319	883.0330443580001	9775.407104	cloud-24679	TIMEOUT	991.039278863	717.6121516120038	8702.513152	cloud-24261
eca-rers2012/Problem13_label19.yml	false	TIMEOUT	992.40274285	684.0524255299824	8802.775040	cloud-23939	TIMEOUT	992.383084369	710.169047524003	8220.258304	cloud-24261
eca-rers2012/Problem13_label20.yml	true	TIMEOUT	991.260451571	664.6732223920117	8817.971200	cloud-23940	TIMEOUT	992.497299106	716.321933838	8364.769280	cloud-23979
eca-rers2012/Problem13_label21.yml	false	TIMEOUT	992.466157487	687.6049682009907	8378.703872	cloud-23943	TIMEOUT	991.019646323	704.9788363319967	8382.046208	cloud-24261
eca-rers2012/Problem13_label22.yml	true	TIMEOUT	992.274403685	688.5789418620006	8671.862784	cloud-24642	TIMEOUT	992.578462893	708.3176279640029	8727.994368	cloud-23979
eca-rers2012/Problem13_label23.yml	false	TIMEOUT	991.629843587	781.6564233780082	7818.960896	cloud-23941	TIMEOUT	991.061059162	779.9854846139933	9026.576384	cloud-24261
eca-rers2012/Problem13_label24.yml	false	TIMEOUT	991.256936989	858.3899379020004	8344.616960	cloud-24441	TIMEOUT	991.934963163	825.435118266003	12082.253824	cloud-24261
eca-rers2012/Problem13_label25.yml	false	TIMEOUT	991.143663457	879.6061712869996	9345.679360	cloud-24678	TIMEOUT	992.798194825	733.2259699630013	8279.445504	cloud-23933
eca-rers2012/Problem13_label26.yml	true	TIMEOUT	990.971171491	890.7516415979771	9357.004800	cloud-23940	TIMEOUT	991.822941952	714.0748882089974	8769.671168	cloud-23942
eca-rers2012/Problem13_label27.yml	true	TIMEOUT	990.938786632	894.7693198650086	9514.766336	cloud-23942	TIMEOUT	992.549004053	733.2281711880005	8880.152576	cloud-23940
eca-rers2012/Problem13_label28.yml	false	TIMEOUT	992.78685869	691.4880051299988	10861.936640	cloud-24642	TIMEOUT	992.862495442	731.515768643003	8393.740288	cloud-24259
eca-rers2012/Problem13_label29.yml	false	TIMEOUT	991.240637247	856.9029749379988	9461.334016	cloud-24441	TIMEOUT	992.052734782	708.1963899439997	8616.685568	cloud-23939
eca-rers2012/Problem13_label30.yml	false	TIMEOUT	991.185620841	879.8699491949992	9647.149056	cloud-24678	TIMEOUT	992.122371282	710.9741092289987	8790.777856	cloud-23939
eca-rers2012/Problem13_label31.yml	true	TIMEOUT	991.175601993	891.1860723380014	9382.342656	cloud-24441	TIMEOUT	992.598910692	736.7221203209992	8318.357504	cloud-24261
eca-rers2012/Problem13_label32.yml	false	TIMEOUT	991.079784902	888.2042957990016	9438.629888	cloud-24678	TIMEOUT	992.223161689	712.4277182990045	9135.747072	cloud-23942
eca-rers2012/Problem13_label33.yml	true	TIMEOUT	990.976172291	894.0709970259923	9491.320832	cloud-23941	TIMEOUT	991.396114465	712.2949928180024	8300.523520	cloud-24261
eca-rers2012/Problem13_label34.yml	true	TIMEOUT	990.813662066	915.7857044420089	9651.396608	cloud-23939	TIMEOUT	991.00352042	723.0478096450024	8340.598784	cloud-24261
eca-rers2012/Problem13_label35.yml	false	TIMEOUT	990.996795103	895.657149651	9127.182336	cloud-24678	TIMEOUT	992.417440504	724.8707666750015	8811.556864	cloud-24261
eca-rers2012/Problem13_label36.yml	false	TIMEOUT	991.078661289	891.4485241760012	9469.837312	cloud-24441	TIMEOUT	991.288998797	759.0061366310038	8566.341632	cloud-23933
eca-rers2012/Problem13_label37.yml	true	TIMEOUT	990.981036011	898.9049831650045	9414.754304	cloud-23944	TIMEOUT	991.266155652	773.081237532002	8816.418816	cloud-23933
eca-rers2012/Problem13_label38.yml	true	TIMEOUT	991.190256694	893.7715162839995	9439.522816	cloud-24679	TIMEOUT	991.683479225	709.5387458100013	8461.111296	cloud-24261
eca-rers2012/Problem13_label39.yml	true	TIMEOUT	991.104546025	879.0978803569997	9462.558720	cloud-24678	TIMEOUT	990.863350551	800.6625965130006	8516.849664	cloud-23941
eca-rers2012/Problem13_label40.yml	false	TIMEOUT	991.083447674	895.5785968500022	9046.683648	cloud-24678	TIMEOUT	991.204102447	744.7964860360007	8398.938112	cloud-24261
eca-rers2012/Problem13_label41.yml	true	TIMEOUT	991.074406369	717.0308034070003	8782.360576	cloud-24679	TIMEOUT	991.676851423	732.448667992001	8341.970944	cloud-23940
eca-rers2012/Problem13_label42.yml	true	TIMEOUT	991.005358023	879.4634382080112	9395.572736	cloud-23944	TIMEOUT	990.723422485	714.6015103690006	8805.441536	cloud-23942
eca-rers2012/Problem13_label43.yml	false	TIMEOUT	991.131226375	872.0985956469995	9344.909312	cloud-24642	TIMEOUT	991.675582397	820.4703173989983	11955.634176	cloud-23939
eca-rers2012/Problem13_label44.yml	false	TIMEOUT	991.041622803	886.527937633	8251.092992	cloud-24642	TIMEOUT	991.1976879	809.0932943649996	8441.589760	cloud-23979
eca-rers2012/Problem13_label45.yml	false	TIMEOUT	990.949472306	899.4358586989983	9391.800320	cloud-23941	TIMEOUT	991.601667562	745.8369215540006	8400.904192	cloud-23979
eca-rers2012/Problem13_label46.yml	true	TIMEOUT	990.574488182	693.2794462780003	8883.105792	cloud-24678	TIMEOUT	991.770602514	702.4919668669972	8008.904704	cloud-24261
eca-rers2012/Problem13_label47.yml	true	TIMEOUT	992.051466123	668.2793659679992	8943.996928	cloud-24678	TIMEOUT	991.47600423	715.7734442429974	8425.693184	cloud-24261
eca-rers2012/Problem13_label48.yml	false	TIMEOUT	990.52855206	715.4700579810014	8788.287488	cloud-23941	TIMEOUT	992.494415907	717.2672034410061	8791.449600	cloud-23939
eca-rers2012/Problem13_label49.yml	true	TIMEOUT	990.928687809	897.630185874	8986.419200	cloud-24642	TIMEOUT	992.540626696	716.0843092040013	9253.969920	cloud-23940
eca-rers2012/Problem13_label50.yml	true	TIMEOUT	991.050377146	901.4700253279989	9813.250048	cloud-24642	TIMEOUT	991.467489673	818.4999135090038	8427.495424	cloud-23979
eca-rers2012/Problem13_label51.yml	false	TIMEOUT	990.951274289	896.811330302	9352.982528	cloud-24678	TIMEOUT	991.418023861	831.0292246470017	8470.908928	cloud-24261
eca-rers2012/Problem13_label52.yml	true	TIMEOUT	991.404242192	721.3763607610017	9227.657216	cloud-23942	TIMEOUT	992.514580168	733.1510304429976	8761.851904	cloud-23943
eca-rers2012/Problem13_label53.yml	true	TIMEOUT	990.937535865	891.6286061209976	9683.120128	cloud-23940	TIMEOUT	990.688293142	724.273725687	8679.743488	cloud-23933
eca-rers2012/Problem13_label54.yml	false	TIMEOUT	991.207018336	879.8691677369998	9427.116032	cloud-24678	TIMEOUT	991.291069778	727.1864997609991	8816.689152	cloud-24261
eca-rers2012/Problem13_label55.yml	true	TIMEOUT	991.638548321	721.6840674850009	8753.922048	cloud-24678	TIMEOUT	992.584572623	735.939407555	8765.337600	cloud-23933
eca-rers2012/Problem13_label56.yml	true	TIMEOUT	991.596256434	697.0928593179997	9135.783936	cloud-24441	TIMEOUT	992.125901755	716.4639794639952	8796.282880	cloud-23941
eca-rers2012/Problem13_label57.yml	true	TIMEOUT	991.027198053	884.2137340349982	8946.487296	cloud-24441	TIMEOUT	992.51417797	714.4099817739989	8446.971904	cloud-23979
eca-rers2012/Problem13_label58.yml	false	TIMEOUT	990.954804489	898.2450997170017	8682.139648	cloud-24441	TIMEOUT	990.588936453	739.1033109889977	8810.684416	cloud-23939
eca-rers2012/Problem13_label59.yml	true	TIMEOUT	992.50900621	704.7661747839993	8405.053440	cloud-24642	TIMEOUT	990.895212494	727.9843786139973	9243.738112	cloud-23933
eca-rers2012/Problem14_label00.yml	true	true	134.303621876	109.60602013099924	1726.255104	cloud-24441	true	171.579695633	142.32888474399988	1578.979328	cloud-23979
eca-rers2012/Problem14_label01.yml	true	TIMEOUT (ERROR (inner timeout, after parsing finished))	963.022804415	931.263019718	2413.809664	cloud-24679	true	218.68190031	182.48772300100245	1623.252992	cloud-23979
eca-rers2012/Problem14_label02.yml	false	TIMEOUT	990.833403408	954.1438609969996	1911.508992	cloud-24441	ERROR (solver error, after parsing finished)	763.39783555	725.4889962219968	1645.535232	cloud-23979
eca-rers2012/Problem14_label03.yml	true	TIMEOUT (ERROR (inner timeout, after parsing finished))	961.945682803	932.0092117999993	2027.376640	cloud-24441	true	165.577540296	141.84815671599972	1778.028544	cloud-23943
eca-rers2012/Problem14_label04.yml	true	TIMEOUT	990.933147066	956.0636477509997	1991.413760	cloud-24678	ERROR (solver error, after parsing finished)	758.740607796	725.7628638989991	1754.169344	cloud-23979
eca-rers2012/Problem14_label05.yml	true	true	195.997659899	169.8819776399996	1520.201728	cloud-24678	true	291.135436926	253.37812245499936	1785.778176	cloud-23933
eca-rers2012/Problem14_label06.yml	true	true	136.007519674	111.64230503700014	1785.085952	cloud-24642	true	215.542633034	174.20701621899934	1507.913728	cloud-23933
eca-rers2012/Problem14_label07.yml	true	true	149.231071652	124.3261087990013	1983.344640	cloud-24441	true	186.423613511	153.50184413399984	1752.363008	cloud-23979
eca-rers2012/Problem14_label08.yml	false	false(unreach-call)	439.551112384	409.2484987809994	2105.606144	cloud-24642	ERROR (solver error, after parsing finished)	767.120948359	729.9875026050004	1450.373120	cloud-23933
eca-rers2012/Problem14_label09.yml	true	TIMEOUT	990.922025443	957.8573968769997	1937.661952	cloud-24678	ERROR (solver error, after parsing finished)	752.726426015	723.7944368349997	1470.902272	cloud-23979
eca-rers2012/Problem14_label10.yml	false	false(unreach-call)	380.449180591	347.2313019510002	2415.751168	cloud-24679	false(unreach-call)	515.603708893	472.59396183100034	1989.509120	cloud-23979
eca-rers2012/Problem14_label11.yml	false	false(unreach-call)	169.702792557	143.77408793799987	2028.863488	cloud-24678	false(unreach-call)	205.734677118	172.03220367399626	2157.273088	cloud-23944
eca-rers2012/Problem14_label12.yml	false	TIMEOUT	990.79278399	956.5775464079989	1755.860992	cloud-24678	ERROR (solver error, after parsing finished)	760.882182619	726.550017965	1438.904320	cloud-23979
eca-rers2012/Problem14_label13.yml	false	false(unreach-call)	181.503100389	153.58579422000003	1883.262976	cloud-24642	false(unreach-call)	239.142974547	198.98931125100034	2052.165632	cloud-23979
eca-rers2012/Problem14_label14.yml	false	TIMEOUT	990.89897699	955.4010764410014	2046.910464	cloud-24679	ERROR (solver error, after parsing finished)	778.679992499	737.273022115005	1509.466112	cloud-23933
eca-rers2012/Problem14_label15.yml	true	true	142.414748214	118.90609138299988	1493.356544	cloud-24678	true	221.78757091	184.79600417599795	1492.074496	cloud-23933
eca-rers2012/Problem14_label16.yml	true	true	145.285866757	122.93890735899913	1551.863808	cloud-23944	true	223.89023949	186.2296588340032	1715.929088	cloud-24259
eca-rers2012/Problem14_label17.yml	true	true	147.419186373	123.92485542100076	1574.862848	cloud-24441	true	227.549227926	188.34274578400073	1601.122304	cloud-24259
eca-rers2012/Problem14_label18.yml	false	false(unreach-call)	266.339253904	234.81370964200005	2061.811712	cloud-24679	false(unreach-call)	327.25291126	285.11139860200274	2052.120576	cloud-23979
eca-rers2012/Problem14_label19.yml	true	true	91.356022998	71.20646974100964	1392.476160	cloud-23944	true	101.892069722	77.65465378599765	1456.300032	cloud-23944
eca-rers2012/Problem14_label20.yml	true	true	91.846019917	71.58911070099566	1669.607424	cloud-23943	true	144.125575421	110.13429023000208	1426.845696	cloud-23933
eca-rers2012/Problem14_label21.yml	true	true	90.943258864	71.27868904202478	1537.249280	cloud-23943	true	149.712446823	112.89660584300145	1687.650304	cloud-24259
eca-rers2012/Problem14_label22.yml	false	false(unreach-call)	227.664410258	199.9083014860007	2018.738176	cloud-24642	false(unreach-call)	361.770919636	318.45458507999865	2193.764352	cloud-24259
eca-rers2012/Problem14_label23.yml	true	true	92.019275719	71.88119775798987	1525.321728	cloud-23944	true	127.094491193	97.58854629300004	1501.106176	cloud-23979
eca-rers2012/Problem14_label24.yml	true	true	134.433368038	110.96015380200015	1794.883584	cloud-24678	true	170.473126228	138.06711606499812	1512.017920	cloud-23979
eca-rers2012/Problem14_label25.yml	true	true	94.571031718	74.21310489999996	1500.286976	cloud-24678	true	153.801230745	116.03890704100195	1921.671168	cloud-24259
eca-rers2012/Problem14_label26.yml	true	true	139.107473399	115.48601442200015	1517.600768	cloud-24441	true	219.21760907	179.85786758699396	1502.986240	cloud-24259
eca-rers2012/Problem14_label27.yml	false	TIMEOUT	990.41600041	953.01681695	1670.475776	cloud-24678	ERROR (solver error, after parsing finished)	766.121835715	729.2287020310032	1747.865600	cloud-24259
eca-rers2012/Problem14_label28.yml	false	false(unreach-call)	298.890972243	267.2545299430003	2193.072128	cloud-24679	false(unreach-call)	466.402166478	422.39980758399906	2110.406656	cloud-24259
eca-rers2012/Problem14_label29.yml	false	false(unreach-call)	198.54444047	169.6549285179999	2072.018944	cloud-24678	false(unreach-call)	309.221497831	264.64117605200227	2082.500608	cloud-23933
eca-rers2012/Problem14_label30.yml	true	true	102.951883721	81.10265839600106	1540.730880	cloud-24679	true	156.974418466	119.28666233900003	1705.566208	cloud-23933
eca-rers2012/Problem14_label31.yml	false	false(unreach-call)	169.004320941	140.04144176299997	2128.019456	cloud-24679	false(unreach-call)	228.970451887	190.16383602399947	2065.809408	cloud-23979
eca-rers2012/Problem14_label32.yml	true	true	124.289034261	102.75601127799018	1672.482816	cloud-23943	true	192.370384908	156.87238821699793	1697.558528	cloud-24259
eca-rers2012/Problem14_label33.yml	true	true	131.10179032	107.3043746580006	1539.735552	cloud-24441	true	183.334119977	149.90049669099972	1515.352064	cloud-23933
eca-rers2012/Problem14_label34.yml	false	false(unreach-call)	207.546723049	177.328198874	1877.389312	cloud-24441	false(unreach-call)	272.921396968	232.05825401999937	2061.250560	cloud-23979
eca-rers2012/Problem14_label35.yml	true	true	146.154653269	122.195173566	1656.786944	cloud-24642	true	229.873510878	190.97017881200009	1696.051200	cloud-23933
eca-rers2012/Problem14_label36.yml	true	true	145.008023674	119.54362526800014	1440.571392	cloud-24678	true	171.10837941	140.61713835800037	1503.416320	cloud-23979
eca-rers2012/Problem14_label37.yml	false	false(unreach-call)	256.998190104	228.8553328650005	2000.707584	cloud-24679	false(unreach-call)	570.777744647	524.1938873920008	2206.605312	cloud-23933
eca-rers2012/Problem14_label38.yml	true	true	136.193394986	114.61380779700085	1551.613952	cloud-24678	true	228.848810837	186.3154019270005	1749.819392	cloud-24259
eca-rers2012/Problem14_label39.yml	false	TIMEOUT	990.905498216	957.4272232919993	1989.967872	cloud-24642	false(unreach-call)	246.887557358	204.15238497399696	2081.935360	cloud-23979
eca-rers2012/Problem14_label40.yml	false	false(unreach-call)	198.454294348	168.50630986800024	1851.326464	cloud-24441	false(unreach-call)	296.466949685	249.17274470599932	2232.672256	cloud-23933
eca-rers2012/Problem14_label41.yml	false	false(unreach-call)	299.016825596	269.4164695489999	2364.309504	cloud-24642	false(unreach-call)	455.617791588	407.8904197459997	2146.336768	cloud-24259
eca-rers2012/Problem14_label42.yml	true	true	103.825153949	82.72539124600007	1787.842560	cloud-24642	true	162.544713529	129.27060173300197	1472.233472	cloud-24259
eca-rers2012/Problem14_label43.yml	false	false(unreach-call)	224.0737372	198.24570937099998	2126.516224	cloud-24678	false(unreach-call)	405.972486809	363.58404935	2160.177152	cloud-23979
eca-rers2012/Problem14_label44.yml	false	false(unreach-call)	377.458765662	345.3930648580008	2258.300928	cloud-24441	false(unreach-call)	473.595574783	425.5043295180003	2088.939520	cloud-23933
eca-rers2012/Problem14_label45.yml	true	true	520.928236359	492.59800638900015	1709.228032	cloud-24441	ERROR (solver error, after parsing finished)	770.287377663	729.2493855089997	1730.031616	cloud-23933
eca-rers2012/Problem14_label46.yml	true	TIMEOUT	990.815330857	959.1490062459998	2036.658176	cloud-24642	ERROR (solver error, after parsing finished)	763.39476435	728.5903578110001	1661.628416	cloud-23933
eca-rers2012/Problem14_label47.yml	true	true	136.40674363	114.80897454600017	1545.801728	cloud-24679	true	209.306612779	174.8356181529998	1559.080960	cloud-23979
eca-rers2012/Problem14_label48.yml	true	TIMEOUT	990.751500874	959.6128249359999	1714.356224	cloud-24642	ERROR (solver error, after parsing finished)	753.087054884	721.8234641399977	1489.969152	cloud-23944
eca-rers2012/Problem14_label49.yml	true	true	161.886889483	138.93476010899758	1447.792640	cloud-23943	true	245.807050151	207.8290266719996	1733.300224	cloud-24259
eca-rers2012/Problem14_label50.yml	true	true	410.561384367	382.38198194100005	1455.235072	cloud-24679	true	648.487691351	604.1373469869941	1803.354112	cloud-23933
eca-rers2012/Problem14_label51.yml	true	TIMEOUT	990.926105952	956.2832728310004	1679.040512	cloud-24441	ERROR (solver error, after parsing finished)	776.182800234	736.9019585459973	1541.382144	cloud-23933
eca-rers2012/Problem14_label52.yml	false	false(unreach-call)	255.011087232	221.48090062600022	2242.056192	cloud-24678	false(unreach-call)	348.445638283	305.3442383540005	2010.152960	cloud-23979
eca-rers2012/Problem14_label53.yml	true	TIMEOUT	990.670218624	963.0195263839851	1868.636160	cloud-23939	ERROR (solver error, after parsing finished)	780.189117457	736.7003667889949	1725.591552	cloud-24259
eca-rers2012/Problem14_label54.yml	false	false(unreach-call)	611.525335361	583.6806870909932	2246.094848	cloud-23944	false(unreach-call)	416.314625536	371.9121756930035	2449.215488	cloud-24259
eca-rers2012/Problem14_label55.yml	true	true	401.055525149	375.3475024749987	1540.681728	cloud-24642	true	484.683262491	449.98450848400034	1630.441472	cloud-23979
eca-rers2012/Problem14_label56.yml	false	false(unreach-call)	190.276111851	162.1175892629999	2164.641792	cloud-24642	false(unreach-call)	299.079342314	250.00013964299978	1926.692864	cloud-23933
eca-rers2012/Problem14_label57.yml	false	false(unreach-call)	179.730226526	151.08198522100065	2274.725888	cloud-24441	false(unreach-call)	282.269443206	235.11247844199534	1938.755584	cloud-24259
eca-rers2012/Problem14_label58.yml	false	TIMEOUT	990.766551885	959.3416920130003	1598.812160	cloud-24642	ERROR (solver error, after parsing finished)	769.623033855	730.0079943200035	1484.910592	cloud-23933
eca-rers2012/Problem14_label59.yml	true	true	131.201091018	107.6002227959998	1599.295488	cloud-24642	true	158.762144643	125.96492811100325	1665.339392	cloud-23979
eca-rers2012/Problem15_label00.yml	false	TIMEOUT	991.609162154	941.227784834	5467.205632	cloud-24678	ERROR (solver error, after parsing finished)	861.5111302	799.1324106100001	4367.532032	cloud-23933
eca-rers2012/Problem15_label01.yml	true	TIMEOUT	990.693667679	940.0580917130001	5262.053376	cloud-24679	ERROR (solver error, after parsing finished)	839.966521942	785.3209992400007	4109.000704	cloud-23933
eca-rers2012/Problem15_label02.yml	false	TIMEOUT	991.621873694	945.1628561449998	4603.408384	cloud-24642	ERROR (solver error, after parsing finished)	801.273854968	756.8468478930008	3527.634944	cloud-23979
eca-rers2012/Problem15_label03.yml	false	false(unreach-call)	308.215707139	268.0335162529991	4264.222720	cloud-24678	false(unreach-call)	407.358257334	350.71361267799875	4191.956992	cloud-23979
eca-rers2012/Problem15_label04.yml	true	TIMEOUT	990.623372106	936.8355646270002	3748.909056	cloud-24678	ERROR (solver error, after parsing finished)	846.296886959	787.8612549629979	4039.237632	cloud-24259
eca-rers2012/Problem15_label05.yml	true	TIMEOUT	992.203355681	938.6892626570188	4700.135424	cloud-23943	TIMEOUT	990.90191251	928.6859397299995	4416.131072	cloud-24259
eca-rers2012/Problem15_label06.yml	true	TIMEOUT	990.755248835	937.0792406689998	4284.878848	cloud-24679	ERROR (solver error, after parsing finished)	788.867155445	746.2931619749988	3471.556608	cloud-23941
eca-rers2012/Problem15_label07.yml	false	TIMEOUT	992.253238799	941.3507070880005	5192.323072	cloud-24642	ERROR (solver error, after parsing finished)	817.936326534	769.4044698570005	4495.532032	cloud-23979
eca-rers2012/Problem15_label08.yml	true	TIMEOUT	992.26000839	941.443885052	4718.542848	cloud-24441	TIMEOUT	990.775689882	923.1429361720002	4485.939200	cloud-24259
eca-rers2012/Problem15_label09.yml	false	TIMEOUT	992.142678714	939.8614176269998	4560.932864	cloud-24678	ERROR (solver error, after parsing finished)	830.820060137	772.6598038280008	4432.920576	cloud-23933
eca-rers2012/Problem15_label10.yml	true	TIMEOUT	992.19884266	937.7499246879997	4050.665472	cloud-24642	TIMEOUT	990.714101654	933.591008892	4469.673984	cloud-23979
eca-rers2012/Problem15_label11.yml	true	TIMEOUT	992.207871384	938.2314908370008	4189.073408	cloud-24679	ERROR (solver error, after parsing finished)	830.519999214	765.2386603359992	3644.121088	cloud-23933
eca-rers2012/Problem15_label12.yml	true	TIMEOUT	992.237228746	939.9708865539997	3598.495744	cloud-24679	ERROR (solver error, after parsing finished)	836.636570999	776.8304148080006	4527.521792	cloud-23933
eca-rers2012/Problem15_label13.yml	true	TIMEOUT	992.376724719	946.5250369989999	4702.060544	cloud-24642	ERROR (solver error, after parsing finished)	821.541902749	768.5700158750005	5113.528320	cloud-23979
eca-rers2012/Problem15_label14.yml	false	false(unreach-call)	448.222062417	410.37256827400415	5082.587136	cloud-23940	false(unreach-call)	796.189323217	728.6569571219989	4603.588608	cloud-23933
eca-rers2012/Problem15_label15.yml	false	TIMEOUT	990.652938775	937.9359960589991	4926.312448	cloud-24441	ERROR (solver error, after parsing finished)	849.827902659	785.9790629080017	3639.177216	cloud-24259
eca-rers2012/Problem15_label16.yml	true	TIMEOUT	990.694921411	938.052420687	4013.977600	cloud-24441	ERROR (solver error, after parsing finished)	812.595721682	764.8373526609976	4464.701440	cloud-23979
eca-rers2012/Problem15_label17.yml	true	TIMEOUT	992.273708731	943.089007431	5470.965760	cloud-24441	ERROR (solver error, after parsing finished)	818.468682127	762.2361725510018	3851.526144	cloud-23979
eca-rers2012/Problem15_label18.yml	false	false(unreach-call)	265.907054163	225.65273351500036	3741.675520	cloud-24642	false(unreach-call)	369.780144859	313.6371729890002	4353.409024	cloud-23933
eca-rers2012/Problem15_label19.yml	true	TIMEOUT	991.250515471	935.3082904159992	3907.108864	cloud-24642	ERROR (solver error, after parsing finished)	818.137155086	761.7902731680006	4406.603776	cloud-23979
eca-rers2012/Problem15_label20.yml	true	TIMEOUT	992.082685717	942.1329111700002	4702.703616	cloud-24642	ERROR (solver error, after parsing finished)	807.969756104	760.6684139549998	4316.778496	cloud-23979
eca-rers2012/Problem15_label21.yml	true	TIMEOUT	990.49904592	944.1649138299995	4002.816000	cloud-24642	ERROR (solver error, after parsing finished)	844.510215228	780.7316835419988	3968.823296	cloud-23933
eca-rers2012/Problem15_label22.yml	false	TIMEOUT	992.280634872	939.1698275149993	3846.078464	cloud-24679	TIMEOUT	991.023229602	928.7961861849999	4538.761216	cloud-23933
eca-rers2012/Problem15_label23.yml	false	TIMEOUT	992.355347638	941.4267828909997	5550.985216	cloud-24441	ERROR (solver error, after parsing finished)	820.680743565	764.6439542519984	4572.151808	cloud-23979
eca-rers2012/Problem15_label24.yml	true	TIMEOUT	990.586547516	939.4938987900005	3687.587840	cloud-24642	ERROR (solver error, after parsing finished)	808.720652938	757.6570923420004	4486.615040	cloud-23979
eca-rers2012/Problem15_label25.yml	false	false(unreach-call)	606.742556596	560.074068462	4712.550400	cloud-24678	false(unreach-call)	769.143413236	706.0411770480001	3813.101568	cloud-23979
eca-rers2012/Problem15_label26.yml	true	TIMEOUT	992.399853529	943.8587946549997	4602.834944	cloud-24441	ERROR (solver error, after parsing finished)	827.831070348	769.8219873350026	4703.711232	cloud-23979
eca-rers2012/Problem15_label27.yml	true	TIMEOUT	991.204042814	945.9263672560046	4813.434880	cloud-23941	ERROR (solver error, after parsing finished)	784.64464964	744.6285122580011	4629.184512	cloud-23943
eca-rers2012/Problem15_label28.yml	true	true	510.098078384	476.07719995299703	3065.024512	cloud-23941	true	819.692221094	758.681558849	4620.349440	cloud-23933
eca-rers2012/Problem15_label29.yml	false	TIMEOUT	992.371243296	939.1466179660001	5814.546432	cloud-24678	ERROR (solver error, after parsing finished)	841.569131204	773.3703264939995	4319.137792	cloud-23933
eca-rers2012/Problem15_label30.yml	false	false(unreach-call)	355.367421705	312.0226580249998	4452.954112	cloud-24679	false(unreach-call)	436.048602636	381.17140978799944	3355.275264	cloud-23979
eca-rers2012/Problem15_label31.yml	true	TIMEOUT	990.888452178	943.1451186239992	4330.082304	cloud-24642	TIMEOUT (true)	951.936360756	887.1719717300002	3869.216768	cloud-23979
eca-rers2012/Problem15_label32.yml	true	TIMEOUT	990.6200973	937.8436747229989	4113.014784	cloud-24642	TIMEOUT	990.696872796	929.9106491830025	3458.347008	cloud-24259
eca-rers2012/Problem15_label33.yml	false	TIMEOUT	992.322066901	938.36669265	4381.032448	cloud-24678	false(unreach-call)	533.466415549	471.6227065389976	4003.520512	cloud-23979
eca-rers2012/Problem15_label34.yml	false	false(unreach-call)	294.161039995	251.84644250699967	3559.464960	cloud-24679	false(unreach-call)	368.613559646	312.89935234800214	3385.364480	cloud-23979
eca-rers2012/Problem15_label35.yml	true	TIMEOUT (true)	906.256958433	861.5946544379995	3565.973504	cloud-24678	ERROR (solver error, after parsing finished)	821.102093891	766.2876809720037	3971.387392	cloud-23979
eca-rers2012/Problem15_label36.yml	true	TIMEOUT	992.340203402	937.3884613310001	4945.444864	cloud-24679	ERROR (solver error, after parsing finished)	835.468470926	774.5662995590028	4351.303680	cloud-24259
eca-rers2012/Problem15_label37.yml	false	TIMEOUT	992.269566275	936.8299110349999	3516.432384	cloud-24678	ERROR (solver error, after parsing finished)	822.633532833	765.2706161509996	3387.637760	cloud-23979
eca-rers2012/Problem15_label38.yml	false	TIMEOUT	992.076408331	943.710895962	5232.115712	cloud-24679	false(unreach-call)	864.166228647	797.4869273020013	4732.096512	cloud-23933
eca-rers2012/Problem15_label39.yml	false	TIMEOUT	992.21311117	945.7166843410005	4609.114112	cloud-24441	ERROR (solver error, after parsing finished)	836.036570311	783.5177033479995	4115.808256	cloud-23933
eca-rers2012/Problem15_label40.yml	false	TIMEOUT	992.249044695	941.5118687499998	3626.807296	cloud-24679	ERROR (solver error, after parsing finished)	807.037841235	761.3891150229974	4081.606656	cloud-23979
eca-rers2012/Problem15_label41.yml	false	TIMEOUT	992.181358297	941.3178747710001	4291.969024	cloud-24679	ERROR (solver error, after parsing finished)	840.112788595	775.1843616400001	4549.165056	cloud-23933
eca-rers2012/Problem15_label42.yml	true	TIMEOUT	990.586752923	940.0331246879996	4860.690432	cloud-24441	ERROR (solver error, after parsing finished)	848.129684051	783.074356117002	3584.929792	cloud-24259
eca-rers2012/Problem15_label43.yml	true	true	737.504810789	694.2164177630002	4549.296128	cloud-24441	TIMEOUT	990.910291233	922.2222840600007	3952.021504	cloud-23933
eca-rers2012/Problem15_label44.yml	true	TIMEOUT	990.623698849	939.1740073940002	5402.329088	cloud-24642	TIMEOUT	990.943123988	921.5164735610015	4562.878464	cloud-24259
eca-rers2012/Problem15_label45.yml	false	false(unreach-call)	335.627709406	293.3560111349998	3961.327616	cloud-24642	false(unreach-call)	484.122293999	416.87730026999634	3554.906112	cloud-23933
eca-rers2012/Problem15_label46.yml	true	TIMEOUT	992.253995429	938.4880835009999	4149.153792	cloud-24642	ERROR (solver error, after parsing finished)	844.167751434	776.8748036790003	3903.684608	cloud-23933
eca-rers2012/Problem15_label47.yml	false	false(unreach-call)	365.694618704	324.537916321	4356.481024	cloud-24642	false(unreach-call)	519.191699893	459.38561956800095	5017.509888	cloud-23979
eca-rers2012/Problem15_label48.yml	false	TIMEOUT	992.227901664	940.1885949460002	4677.632000	cloud-24441	ERROR (solver error, after parsing finished)	834.278809719	776.6223008810002	3628.494848	cloud-23933
eca-rers2012/Problem15_label49.yml	true	TIMEOUT	992.458968885	940.1014167220001	4842.622976	cloud-24679	ERROR (solver error, after parsing finished)	808.024116003	755.463994616	3758.166016	cloud-23979
eca-rers2012/Problem15_label50.yml	false	false(unreach-call)	300.528601553	258.969073451	3530.485760	cloud-24441	false(unreach-call)	448.316215439	383.94909162399927	4382.531584	cloud-23933
eca-rers2012/Problem15_label51.yml	false	false(unreach-call)	431.12074432	388.4768987890002	4623.609856	cloud-24678	false(unreach-call)	545.994782461	486.0248044129985	3617.849344	cloud-23979
eca-rers2012/Problem15_label52.yml	true	TIMEOUT	990.789247038	934.587588894	4939.481088	cloud-24441	ERROR (solver error, after parsing finished)	821.389188639	766.0292151029998	4001.673216	cloud-23933
eca-rers2012/Problem15_label53.yml	true	TIMEOUT	992.171898718	942.6295469570005	3694.194688	cloud-24642	ERROR (solver error, after parsing finished)	873.093819225	809.5983343330008	4442.910720	cloud-23933
eca-rers2012/Problem15_label54.yml	true	TIMEOUT	992.283157022	936.0047801809999	4742.279168	cloud-24642	ERROR (solver error, after parsing finished)	856.541136074	791.4319127119961	3906.347008	cloud-24259
eca-rers2012/Problem15_label55.yml	true	TIMEOUT	992.385100888	940.0432764859997	4923.654144	cloud-24678	TIMEOUT	990.811241471	922.0863284709994	3511.627776	cloud-24259
eca-rers2012/Problem15_label56.yml	true	TIMEOUT	992.284323571	939.6214903470001	4788.092928	cloud-24642	ERROR (solver error, after parsing finished)	831.904919246	772.8253670659979	4450.754560	cloud-23933
eca-rers2012/Problem15_label57.yml	true	TIMEOUT	990.824743139	931.9223592880007	4440.571904	cloud-24679	ERROR (solver error, after parsing finished)	838.740756812	779.814109975996	3435.442176	cloud-24259
eca-rers2012/Problem15_label58.yml	true	TIMEOUT	990.547661508	934.11752658	3776.942080	cloud-24679	TIMEOUT	990.848216961	921.9864033549966	4114.890752	cloud-24259
eca-rers2012/Problem15_label59.yml	true	TIMEOUT	990.604064323	939.1852923879997	3588.714496	cloud-24642	ERROR (solver error, after parsing finished)	813.662276603	763.8371737249981	3499.728896	cloud-23979
eca-rers2012/Problem16_label00.yml	false	TIMEOUT	990.671447772	942.7581009400001	3707.527168	cloud-24679	ERROR (solver error, after parsing finished)	793.715791732	747.7198486999987	2853.470208	cloud-23979
eca-rers2012/Problem16_label01.yml	false	TIMEOUT	990.259783491	940.5017328480008	3513.913344	cloud-24642	ERROR (solver error, after parsing finished)	822.448151851	768.0733477429994	2934.882304	cloud-23933
eca-rers2012/Problem16_label02.yml	true	TIMEOUT	992.213667884	939.6702273860001	2919.669760	cloud-24678	ERROR (solver error, after parsing finished)	830.15995404	771.1585565920032	2784.366592	cloud-24259
eca-rers2012/Problem16_label03.yml	false	TIMEOUT	990.56494237	939.3640608219994	2891.640832	cloud-24678	TIMEOUT	990.806273698	928.949749555999	3769.065472	cloud-24259
eca-rers2012/Problem16_label04.yml	false	TIMEOUT	990.557318855	942.6135691529998	3330.801664	cloud-24678	TIMEOUT	991.130107434	931.3014862320015	3565.285376	cloud-23979
eca-rers2012/Problem16_label05.yml	false	TIMEOUT	992.24957193	935.8826014880001	3112.472576	cloud-24679	ERROR (solver error, after parsing finished)	823.036279247	762.3523742589987	3444.375552	cloud-23933
eca-rers2012/Problem16_label06.yml	false	TIMEOUT	991.836935624	934.5554307570001	2864.132096	cloud-24678	ERROR (solver error, after parsing finished)	832.473471164	770.2031692249984	3727.540224	cloud-23933
eca-rers2012/Problem16_label07.yml	true	true	873.571653193	838.5736997849999	3482.431488	cloud-24642	TIMEOUT	990.692746855	931.4333338610002	3425.062912	cloud-23933
eca-rers2012/Problem16_label08.yml	false	TIMEOUT	992.354340852	936.406062262	4391.272448	cloud-24678	TIMEOUT	990.718590654	926.0076388300004	3048.988672	cloud-24259
eca-rers2012/Problem16_label09.yml	true	TIMEOUT	990.599645301	943.0440441850005	3132.112896	cloud-24679	true	352.652393676	310.85580659100015	3315.924992	cloud-23941
eca-rers2012/Problem16_label10.yml	true	TIMEOUT	990.525519383	943.9312337199999	3566.977024	cloud-24441	true	464.827746874	413.10782770600053	3769.311232	cloud-24259
eca-rers2012/Problem16_label11.yml	true	true	313.373893746	280.35864556100023	3320.381440	cloud-24642	true	407.427092842	362.858292678	3024.269312	cloud-23979
eca-rers2012/Problem16_label12.yml	true	true	318.317238006	283.7788995279998	3622.543360	cloud-24441	true	479.410315738	423.3194882310054	3205.320704	cloud-23933
eca-rers2012/Problem16_label13.yml	true	TIMEOUT	992.3005666	937.9915394549989	4023.152640	cloud-24642	ERROR (solver error, after parsing finished)	816.325441493	757.2092918510025	3718.459392	cloud-23933
eca-rers2012/Problem16_label14.yml	false	TIMEOUT	992.162091377	936.5237870420001	3956.994048	cloud-24441	ERROR (solver error, after parsing finished)	781.142639951	734.9920788690001	2832.101376	cloud-23939
eca-rers2012/Problem16_label15.yml	false	TIMEOUT	990.460609003	948.81547468598	3402.194944	cloud-23943	TIMEOUT (ERROR (inner timeout, after parsing finished))	981.37161453	926.9595892889997	2902.597632	cloud-23979
eca-rers2012/Problem16_label16.yml	true	TIMEOUT	990.564158986	943.0588515099998	3737.862144	cloud-24642	TIMEOUT	990.566080407	937.2951889670003	3197.227008	cloud-23979
eca-rers2012/Problem16_label17.yml	true	true	854.336978437	813.2430993409998	2989.150208	cloud-24642	TIMEOUT	990.608583418	938.7270399370009	2964.865024	cloud-23979
eca-rers2012/Problem16_label18.yml	false	TIMEOUT	990.902619845	942.1218980569975	3406.585856	cloud-23940	ERROR (solver error, after parsing finished)	830.757323036	770.6753799150028	3532.890112	cloud-24259
eca-rers2012/Problem16_label19.yml	true	TIMEOUT	992.306032808	936.8785967090002	5034.278912	cloud-24642	TIMEOUT	990.823738716	931.1815975279987	3735.920640	cloud-23933
eca-rers2012/Problem16_label20.yml	false	TIMEOUT	991.166596574	940.1264916130003	3237.539840	cloud-24441	ERROR (solver error, after parsing finished)	803.538394229	753.7881046220002	3000.156160	cloud-23979
eca-rers2012/Problem16_label21.yml	true	TIMEOUT	992.201721828	936.7862382579999	3530.051584	cloud-24678	ERROR (solver error, after parsing finished)	821.611746064	759.1086540890028	3920.420864	cloud-23933
eca-rers2012/Problem16_label22.yml	false	TIMEOUT	992.181321997	932.2054206780001	3215.454208	cloud-24679	TIMEOUT (ERROR (inner timeout, after parsing finished))	989.359548039	932.3262416290017	3655.811072	cloud-23979
eca-rers2012/Problem16_label23.yml	true	TIMEOUT	991.588846158	939.155700481	2930.515968	cloud-24441	TIMEOUT	990.636200757	930.9689940299941	3409.301504	cloud-24259
eca-rers2012/Problem16_label24.yml	true	TIMEOUT	992.201858779	937.6519009390013	3318.132736	cloud-24441	TIMEOUT	990.751807815	930.7206711920007	3862.777856	cloud-24259
eca-rers2012/Problem16_label25.yml	true	TIMEOUT	992.431139986	934.1766657730004	4967.555072	cloud-24678	TIMEOUT	990.713895386	923.5226241819983	3023.843328	cloud-23933
eca-rers2012/Problem16_label26.yml	true	TIMEOUT	992.239706313	938.3762415170004	3428.237312	cloud-24679	ERROR (solver error, after parsing finished)	817.917755183	757.684089907998	2973.503488	cloud-23933
eca-rers2012/Problem16_label27.yml	false	TIMEOUT	992.247990053	938.6394824440013	2970.853376	cloud-24678	TIMEOUT	990.886923553	924.8988715209998	3875.426304	cloud-23933
eca-rers2012/Problem16_label28.yml	true	TIMEOUT	992.449025318	936.1870626750006	4116.996096	cloud-24441	TIMEOUT	990.689796863	934.791477105	3641.950208	cloud-23979
eca-rers2012/Problem16_label29.yml	true	TIMEOUT	991.329920982	938.5608003390007	3320.627200	cloud-24441	ERROR (solver error, after parsing finished)	819.318625224	758.419904164999	4064.161792	cloud-23933
eca-rers2012/Problem16_label30.yml	false	TIMEOUT	990.832105999	947.903081339	3249.713152	cloud-24441	ERROR (solver error, after parsing finished)	812.241899113	757.3872474469972	3743.186944	cloud-23979
eca-rers2012/Problem16_label31.yml	false	TIMEOUT	990.653367275	939.201691870001	3674.042368	cloud-24679	ERROR (solver error, after parsing finished)	832.579513905	772.0620341629983	3118.022656	cloud-24259
eca-rers2012/Problem16_label32.yml	true	TIMEOUT	990.681491769	941.9169660670013	3759.247360	cloud-24678	ERROR (solver error, after parsing finished)	824.189808629	759.0264586160001	3938.254848	cloud-23933
eca-rers2012/Problem16_label33.yml	false	TIMEOUT	992.255547162	937.184345478001	3978.850304	cloud-24678	ERROR (solver error, after parsing finished)	833.150632752	768.4346406090044	3262.705664	cloud-23933
eca-rers2012/Problem16_label34.yml	true	TIMEOUT	992.366383479	938.0010910240017	3796.910080	cloud-24679	ERROR (solver error, after parsing finished)	841.000123093	772.4040115639996	3085.131776	cloud-23933
eca-rers2012/Problem16_label35.yml	true	TIMEOUT	991.914133227	840.391236170999	3951.861760	cloud-24678	true	848.837547338	797.6204373809996	3753.279488	cloud-23979
eca-rers2012/Problem16_label36.yml	true	TIMEOUT	991.708373687	848.0616796040003	3670.204416	cloud-24642	TIMEOUT	990.811934984	926.5978473369978	3514.503168	cloud-23933
eca-rers2012/Problem16_label37.yml	false	TIMEOUT	992.337031312	939.6964576209994	3731.218432	cloud-24642	ERROR (solver error, after parsing finished)	802.707305551	750.5103416510001	3682.435072	cloud-23979
eca-rers2012/Problem16_label38.yml	false	TIMEOUT	992.236578455	938.4780347850001	3880.890368	cloud-24441	TIMEOUT	990.652569802	931.5841816499997	2822.709248	cloud-23979
eca-rers2012/Problem16_label39.yml	true	TIMEOUT	991.393505562	936.016664578	4524.122112	cloud-24642	TIMEOUT	990.759467549	928.0129576539985	3714.166784	cloud-24259
eca-rers2012/Problem16_label40.yml	true	TIMEOUT	990.664716355	916.5225422570002	4457.201664	cloud-24679	TIMEOUT	990.904097964	930.9835518479958	3844.710400	cloud-23979
eca-rers2012/Problem16_label41.yml	false	TIMEOUT	991.464448965	939.8202270660004	3391.590400	cloud-24678	TIMEOUT	990.672031818	931.2593728359998	2969.300992	cloud-23933
eca-rers2012/Problem16_label42.yml	true	TIMEOUT	991.309627906	939.0452048900006	2962.771968	cloud-24678	ERROR (solver error, after parsing finished)	797.35076559	749.4493918999942	3893.772288	cloud-23979
eca-rers2012/Problem16_label43.yml	false	TIMEOUT	991.573865377	936.7566699359995	3636.826112	cloud-24678	ERROR (solver error, after parsing finished)	821.940021398	763.7232989919994	3825.004544	cloud-23933
eca-rers2012/Problem16_label44.yml	false	TIMEOUT	991.127018303	940.9219065720008	3292.123136	cloud-24441	ERROR (solver error, after parsing finished)	832.518017854	774.5402951329961	3207.499776	cloud-24259
eca-rers2012/Problem16_label45.yml	true	TIMEOUT	991.032002294	942.8523274320178	3986.042880	cloud-23940	ERROR (solver error, after parsing finished)	831.672743135	770.7127742619996	3181.019136	cloud-24259
eca-rers2012/Problem16_label46.yml	false	TIMEOUT	990.952285033	939.6578957369984	3511.656448	cloud-24678	ERROR (solver error, after parsing finished)	827.754874306	765.9629048410061	3799.121920	cloud-23933
eca-rers2012/Problem16_label47.yml	true	true	236.918248246	203.18241489799948	3059.269632	cloud-24679	true	368.408447294	313.68930519699643	2801.074176	cloud-23933
eca-rers2012/Problem16_label48.yml	true	true	234.413620093	205.55356195900822	2689.003520	cloud-23943	true	310.880574677	261.0648890839948	2729.684992	cloud-23979
eca-rers2012/Problem16_label49.yml	true	true	198.735190119	172.8963561319979	2911.817728	cloud-23942	true	384.428798735	324.8671779329961	3077.328896	cloud-24259
eca-rers2012/Problem16_label50.yml	true	true	236.483847338	202.1336762789997	2816.454656	cloud-24678	true	357.292061533	304.5961424749985	3727.917056	cloud-24259
eca-rers2012/Problem16_label51.yml	false	TIMEOUT	992.203050893	938.4230611469993	3740.647424	cloud-24441	TIMEOUT	990.673028403	927.4143031389976	2936.328192	cloud-24259
eca-rers2012/Problem16_label52.yml	false	TIMEOUT	992.132548967	936.990409864	3950.608384	cloud-24678	ERROR (solver error, after parsing finished)	802.944669113	754.6782129980002	3408.429056	cloud-23933
eca-rers2012/Problem16_label53.yml	true	TIMEOUT	990.546129175	939.7764033779995	3119.935488	cloud-24678	ERROR (solver error, after parsing finished)	835.87831228	774.1504026330003	3854.991360	cloud-24259
eca-rers2012/Problem16_label54.yml	false	TIMEOUT	992.225993542	936.486254939	3226.472448	cloud-24679	ERROR (solver error, after parsing finished)	818.483009798	761.8999313379973	3239.981056	cloud-24259
eca-rers2012/Problem16_label55.yml	true	true	354.448623035	318.2911428260004	3195.289600	cloud-24679	true	433.171672136	386.8966795849999	3353.096192	cloud-23979
eca-rers2012/Problem16_label56.yml	true	true	363.544979911	327.5810139080004	3349.753856	cloud-24678	true	565.621575406	505.3754413159986	3510.657024	cloud-24259
eca-rers2012/Problem16_label57.yml	true	true	366.440231822	327.92160935100003	2903.511040	cloud-24678	true	537.645546923	482.7176752919986	3356.508160	cloud-23933
eca-rers2012/Problem16_label58.yml	true	true	351.224569558	320.0445928219997	3609.382912	cloud-23944	true	476.696380899	422.9138686209999	3801.899008	cloud-23979
eca-rers2012/Problem16_label59.yml	true	true	346.278863271	318.814019234007	3500.654592	cloud-23939	true	537.070432154	487.25047097900097	3709.071360	cloud-23979
eca-rers2012/Problem17_label00.yml	true	TIMEOUT	990.896447953	932.6676890479994	7452.729344	cloud-24679	ERROR (solver error, after parsing finished)	879.727069126	821.9017679800018	4218.630144	cloud-23933
eca-rers2012/Problem17_label01.yml	true	TIMEOUT	990.688517978	935.1267030629997	4522.176512	cloud-24642	ERROR (solver error, after parsing finished)	860.383511612	800.8645333750028	4567.588864	cloud-23933
eca-rers2012/Problem17_label02.yml	true	TIMEOUT	990.682373124	932.5055810449994	5881.470976	cloud-24441	ERROR (solver error, after parsing finished)	841.544164579	786.2258683279997	4370.325504	cloud-23979
eca-rers2012/Problem17_label03.yml	true	TIMEOUT	990.753474407	935.7810687669999	4638.490624	cloud-24678	ERROR (solver error, after parsing finished)	867.65880359	813.1638761110007	4846.559232	cloud-23979
eca-rers2012/Problem17_label04.yml	false	TIMEOUT	992.16381516	949.4340114410006	4527.034368	cloud-24441	ERROR (solver error, after parsing finished)	825.124963831	776.0615183720001	4482.060288	cloud-23979
eca-rers2012/Problem17_label05.yml	true	TIMEOUT	992.233457608	950.447653204	4741.509120	cloud-24441	ERROR (solver error, after parsing finished)	824.022386641	775.400999022997	4774.715392	cloud-23979
eca-rers2012/Problem17_label06.yml	true	TIMEOUT	990.399889671	948.5730179679999	5308.518400	cloud-24441	ERROR (solver error, after parsing finished)	854.332696601	796.3480766710002	4449.329152	cloud-23933
eca-rers2012/Problem17_label07.yml	false	TIMEOUT	991.322169652	943.7302037959998	5119.188992	cloud-24678	ERROR (solver error, after parsing finished)	853.396696991	790.4161403160033	6373.576704	cloud-23933
eca-rers2012/Problem17_label08.yml	true	TIMEOUT	990.874075239	946.6283169359995	4548.616192	cloud-24678	ERROR (solver error, after parsing finished)	840.966094527	788.9473394220004	5026.574336	cloud-23979
eca-rers2012/Problem17_label09.yml	false	TIMEOUT	990.835464766	940.114112102001	4624.543744	cloud-24642	ERROR (solver error, after parsing finished)	867.076737536	806.2758592050013	4686.929920	cloud-24259
eca-rers2012/Problem17_label10.yml	true	TIMEOUT	992.42268769	949.9740998119996	6941.224960	cloud-24678	ERROR (solver error, after parsing finished)	874.27998011	805.881413449999	4482.527232	cloud-24259
eca-rers2012/Problem17_label11.yml	true	TIMEOUT	991.115828579	931.6887668479994	4651.945984	cloud-24679	ERROR (solver error, after parsing finished)	843.971751528	788.7657462279967	4476.321792	cloud-23979
eca-rers2012/Problem17_label12.yml	true	TIMEOUT	990.661863002	936.4039993330007	4749.348864	cloud-24642	ERROR (solver error, after parsing finished)	843.599426171	786.921965152	4416.679936	cloud-23933
eca-rers2012/Problem17_label13.yml	false	TIMEOUT	992.218014974	948.107605098	4358.066176	cloud-24441	ERROR (solver error, after parsing finished)	844.354060271	789.0613072380002	4488.380416	cloud-23933
eca-rers2012/Problem17_label14.yml	true	TIMEOUT	990.799245582	937.5054770370007	5223.669760	cloud-24679	ERROR (solver error, after parsing finished)	843.956900692	787.7978529259999	4409.335808	cloud-23933
eca-rers2012/Problem17_label15.yml	true	TIMEOUT	990.61633774	938.7259069439997	4739.780608	cloud-24678	ERROR (solver error, after parsing finished)	862.504950654	801.5861649149992	4531.752960	cloud-24259
eca-rers2012/Problem17_label16.yml	false	TIMEOUT	990.623049179	937.180204112	4683.993088	cloud-24441	ERROR (solver error, after parsing finished)	853.87029062	797.2463336619985	5499.355136	cloud-23933
eca-rers2012/Problem17_label17.yml	true	TIMEOUT	990.814470357	936.7547499559996	5252.284416	cloud-24679	ERROR (solver error, after parsing finished)	784.856954022	752.2757184500006	4848.545792	cloud-23939
eca-rers2012/Problem17_label18.yml	true	TIMEOUT	992.349751286	947.9451737720001	6692.675584	cloud-24678	ERROR (solver error, after parsing finished)	821.138458713	775.2527610799989	5031.276544	cloud-23979
eca-rers2012/Problem17_label19.yml	true	TIMEOUT	990.771620726	941.0879706309997	7401.115648	cloud-24441	ERROR (solver error, after parsing finished)	883.527540138	811.0065543429955	4749.430784	cloud-24259
eca-rers2012/Problem17_label20.yml	false	TIMEOUT	992.297385002	946.9482453	5183.901696	cloud-24678	ERROR (solver error, after parsing finished)	854.861747625	800.0891230739944	4603.944960	cloud-23979
eca-rers2012/Problem17_label21.yml	true	TIMEOUT	992.306384164	947.6495201029993	4550.512640	cloud-24441	ERROR (solver error, after parsing finished)	871.857747276	813.750364032996	4306.849792	cloud-24259
eca-rers2012/Problem17_label22.yml	true	TIMEOUT	991.886202043	948.0025592450111	6432.509952	cloud-23941	ERROR (solver error, after parsing finished)	858.177588262	804.4866440849983	4522.864640	cloud-23933
eca-rers2012/Problem17_label23.yml	false	TIMEOUT	990.886752477	941.318913689	4948.336640	cloud-24678	ERROR (solver error, after parsing finished)	872.915427037	803.925028286998	4449.198080	cloud-23933
eca-rers2012/Problem17_label24.yml	true	TIMEOUT	990.607491561	939.3129626059999	5446.778880	cloud-24679	ERROR (solver error, after parsing finished)	849.856797575	790.0879281489979	4669.702144	cloud-24259
eca-rers2012/Problem17_label25.yml	false	TIMEOUT	991.131738564	951.1574486540048	4704.268288	cloud-23942	ERROR (solver error, after parsing finished)	844.643779622	794.5816242149958	4514.271232	cloud-23979
eca-rers2012/Problem17_label26.yml	false	TIMEOUT	991.632922533	950.0288332649998	5336.178688	cloud-24642	ERROR (solver error, after parsing finished)	845.528477678	787.5184341900022	5592.469504	cloud-24259
eca-rers2012/Problem17_label27.yml	true	TIMEOUT	992.238981159	945.3867662550001	4455.043072	cloud-24642	ERROR (solver error, after parsing finished)	874.105335378	815.631587975	4815.523840	cloud-24259
eca-rers2012/Problem17_label28.yml	true	TIMEOUT	990.68662377	937.6365103430016	4771.459072	cloud-24678	ERROR (solver error, after parsing finished)	830.252819955	780.8636726890036	5530.808320	cloud-23979
eca-rers2012/Problem17_label29.yml	true	TIMEOUT	991.344671514	948.6256182809993	4385.763328	cloud-24642	ERROR (solver error, after parsing finished)	864.305536849	804.7754829220066	4704.145408	cloud-24259
eca-rers2012/Problem17_label30.yml	false	TIMEOUT	992.205579291	948.3747559659823	5230.657536	cloud-23942	ERROR (solver error, after parsing finished)	856.458232064	801.791688913996	4863.819776	cloud-24259
eca-rers2012/Problem17_label31.yml	false	TIMEOUT	990.630275374	935.7685423109997	4723.388416	cloud-24642	ERROR (solver error, after parsing finished)	863.87911259	803.6285986450021	4676.734976	cloud-24259
eca-rers2012/Problem17_label32.yml	true	TIMEOUT	991.87604426	949.2050527949996	5278.535680	cloud-24642	ERROR (solver error, after parsing finished)	819.623486725	770.5007092300002	4551.438336	cloud-23979
eca-rers2012/Problem17_label33.yml	false	TIMEOUT	991.324378143	948.6627161490032	5533.343744	cloud-23941	ERROR (solver error, after parsing finished)	868.250096374	805.6667217770009	4409.487360	cloud-23933
eca-rers2012/Problem17_label34.yml	false	TIMEOUT	990.607137701	941.8093015139748	4496.912384	cloud-23944	ERROR (solver error, after parsing finished)	848.891737371	793.9431628379989	4679.733248	cloud-23933
eca-rers2012/Problem17_label35.yml	false	TIMEOUT	992.001912774	943.7650446320004	4891.086848	cloud-24679	ERROR (solver error, after parsing finished)	821.63753237	766.9466407939981	4558.721024	cloud-23979
eca-rers2012/Problem17_label36.yml	true	TIMEOUT	990.611712241	932.1763177749999	4617.125888	cloud-24679	ERROR (solver error, after parsing finished)	861.590126983	796.2899460810004	4933.099520	cloud-23933
eca-rers2012/Problem17_label37.yml	false	TIMEOUT	991.909370663	946.0573468400007	5300.457472	cloud-24678	ERROR (solver error, after parsing finished)	833.251016571	783.3065006659963	5388.324864	cloud-23979
eca-rers2012/Problem17_label38.yml	true	TIMEOUT	992.331048899	950.0146737499999	5744.750592	cloud-24679	ERROR (solver error, after parsing finished)	822.43816956	769.6660262290025	5531.500544	cloud-23979
eca-rers2012/Problem17_label39.yml	true	TIMEOUT	990.652280982	935.7165608960004	5473.406976	cloud-24678	ERROR (solver error, after parsing finished)	869.666866341	803.2909372869981	4436.590592	cloud-23933
eca-rers2012/Problem17_label40.yml	false	TIMEOUT	990.652789792	935.0309316379999	4750.348288	cloud-24441	ERROR (solver error, after parsing finished)	860.408185831	802.0776012770002	4634.054656	cloud-23933
eca-rers2012/Problem17_label41.yml	true	TIMEOUT	990.619202022	936.191627451999	4752.699392	cloud-24679	ERROR (solver error, after parsing finished)	846.62280609	789.5076678570003	4472.655872	cloud-23933
eca-rers2012/Problem17_label42.yml	true	TIMEOUT	990.719779769	947.279966125001	4318.818304	cloud-24441	ERROR (solver error, after parsing finished)	864.461170178	805.737705915999	5271.773184	cloud-23933
eca-rers2012/Problem17_label43.yml	true	TIMEOUT	990.634135424	935.7408057949997	4770.369536	cloud-24679	ERROR (solver error, after parsing finished)	839.866615567	779.4546201230005	6239.510528	cloud-23933
eca-rers2012/Problem17_label44.yml	true	TIMEOUT	991.937649908	946.6557778620008	4493.983744	cloud-24678	ERROR (solver error, after parsing finished)	823.477335511	774.3764989639967	4402.229248	cloud-23979
eca-rers2012/Problem17_label45.yml	true	TIMEOUT	991.41597461	946.1982582660003	4518.490112	cloud-24678	ERROR (solver error, after parsing finished)	837.490638225	784.0930734870008	4614.733824	cloud-23979
eca-rers2012/Problem17_label46.yml	false	TIMEOUT	991.350115698	947.722540191	4845.015040	cloud-24441	ERROR (solver error, after parsing finished)	863.756835115	811.124370497997	4890.005504	cloud-24259
eca-rers2012/Problem17_label47.yml	true	TIMEOUT	990.722588093	934.189986286	4761.575424	cloud-24679	ERROR (solver error, after parsing finished)	831.831466212	773.0599110879994	4533.219328	cloud-23979
eca-rers2012/Problem17_label48.yml	true	TIMEOUT	990.773087826	935.8125791459997	4622.839808	cloud-24678	ERROR (solver error, after parsing finished)	866.090819655	806.4991740459991	4579.725312	cloud-24259
eca-rers2012/Problem17_label49.yml	false	TIMEOUT	992.228585737	950.1685126190132	4348.764160	cloud-23943	ERROR (solver error, after parsing finished)	891.592469673	829.867492784997	4390.772736	cloud-23933
eca-rers2012/Problem17_label50.yml	false	TIMEOUT	990.620852757	936.1187697040004	4803.350528	cloud-24642	ERROR (solver error, after parsing finished)	825.3677193	775.8906224190005	4227.301376	cloud-23933
eca-rers2012/Problem17_label51.yml	true	TIMEOUT	990.695481728	931.6413038740011	4648.435712	cloud-24441	ERROR (solver error, after parsing finished)	860.488053067	800.7896450920016	5111.304192	cloud-23933
eca-rers2012/Problem17_label52.yml	false	TIMEOUT	990.311346618	948.1918057769999	4451.569664	cloud-24642	ERROR (solver error, after parsing finished)	825.540287452	774.9978569329978	4750.520320	cloud-23979
eca-rers2012/Problem17_label53.yml	false	TIMEOUT	990.698797326	934.6454501399994	4667.543552	cloud-24679	ERROR (solver error, after parsing finished)	843.580093164	786.1319273459958	4476.624896	cloud-24259
eca-rers2012/Problem17_label54.yml	false	TIMEOUT	990.543169923	946.0575761769996	4520.833024	cloud-24678	ERROR (solver error, after parsing finished)	855.815901419	800.3828017120031	4459.253760	cloud-23933
eca-rers2012/Problem17_label55.yml	false	TIMEOUT	990.772844584	930.6845961100007	5857.886208	cloud-24441	ERROR (solver error, after parsing finished)	866.078247619	806.162161193999	4510.871552	cloud-24259
eca-rers2012/Problem17_label56.yml	true	TIMEOUT	991.227167879	944.907696364	4587.499520	cloud-24678	ERROR (solver error, after parsing finished)	845.076956884	786.6910361990012	4407.795712	cloud-23979
eca-rers2012/Problem17_label57.yml	false	TIMEOUT	990.540564677	946.1469680170003	4862.337024	cloud-24678	ERROR (solver error, after parsing finished)	836.831082369	785.4278736029955	4586.049536	cloud-23979
eca-rers2012/Problem17_label58.yml	true	TIMEOUT	992.036375872	949.1593461109987	4389.015552	cloud-24678	ERROR (solver error, after parsing finished)	828.8965258	781.1910699250002	4510.973952	cloud-23979
eca-rers2012/Problem17_label59.yml	true	TIMEOUT	990.80041678	930.924984526	6199.894016	cloud-24678	ERROR (solver error, after parsing finished)	835.390862218	778.298269547995	4377.968640	cloud-23979
eca-rers2012/Problem18_label00.yml	false	TIMEOUT	990.639325494	935.1209889549973	5196.152832	cloud-24642	TIMEOUT	991.097754287	908.9905931199974	4880.662528	cloud-24259
eca-rers2012/Problem18_label01.yml	false	TIMEOUT	990.705632913	931.9337212779992	5582.884864	cloud-24679	ERROR (solver error, after parsing finished)	881.843658495	801.3846004340012	5626.884096	cloud-23979
eca-rers2012/Problem18_label02.yml	true	TIMEOUT	990.672661597	929.4265401379998	5128.105984	cloud-24642	ERROR (solver error, after parsing finished)	841.178159924	779.6953536350002	5600.608256	cloud-23979
eca-rers2012/Problem18_label03.yml	false	TIMEOUT	990.663340233	934.9583226350078	5886.615552	cloud-23941	ERROR (solver error, after parsing finished)	851.502425954	787.1902341780001	4737.892352	cloud-23979
eca-rers2012/Problem18_label04.yml	true	TIMEOUT	990.668141497	940.0942479999999	5528.887296	cloud-24679	TIMEOUT (ERROR (solver error, after parsing finished))	903.82303381	830.2447863519992	5452.996608	cloud-23933
eca-rers2012/Problem18_label05.yml	true	TIMEOUT	990.693038928	930.8839213150004	5433.008128	cloud-24678	ERROR (solver error, after parsing finished)	865.270988118	795.7063722970015	4646.174720	cloud-23979
eca-rers2012/Problem18_label06.yml	false	TIMEOUT	990.774481224	929.3832417580015	5202.845696	cloud-24441	TIMEOUT	991.019548463	908.0216139559998	4696.150016	cloud-23933
eca-rers2012/Problem18_label07.yml	true	TIMEOUT	990.979078926	901.2041925489993	5823.057920	cloud-24678	ERROR (solver error, after parsing finished)	890.366735834	813.1907639870005	5870.116864	cloud-24259
eca-rers2012/Problem18_label08.yml	false	TIMEOUT	990.635028725	939.141128977004	4574.687232	cloud-23944	ERROR (solver error, after parsing finished)	895.933281561	811.6998603859975	5198.422016	cloud-23933
eca-rers2012/Problem18_label09.yml	false	TIMEOUT	990.839850668	946.012526812	4867.067904	cloud-24678	ERROR (solver error, after parsing finished)	854.008142511	796.8860845920008	5043.044352	cloud-23979
eca-rers2012/Problem18_label10.yml	false	TIMEOUT	990.736796177	928.2436401340001	5758.971904	cloud-24678	TIMEOUT	991.113276596	907.9149748799973	4721.287168	cloud-23933
eca-rers2012/Problem18_label11.yml	true	TIMEOUT	990.588307717	935.6847533630207	4957.589504	cloud-23943	TIMEOUT	991.066447462	915.750464151999	4836.962304	cloud-23933
eca-rers2012/Problem18_label12.yml	false	TIMEOUT	991.040471657	920.5500721069984	6319.718400	cloud-24642	TIMEOUT	991.0315258	909.988550131	4920.262656	cloud-23933
eca-rers2012/Problem18_label13.yml	true	TIMEOUT	990.931479362	920.0322314699997	5630.459904	cloud-24678	ERROR (solver error, after parsing finished)	891.497791914	784.1918937090013	4868.694016	cloud-23979
eca-rers2012/Problem18_label14.yml	true	TIMEOUT	991.227468711	946.1484312359999	5024.468992	cloud-24441	ERROR (solver error, after parsing finished)	827.126693091	773.9033689149946	5220.503552	cloud-23942
eca-rers2012/Problem18_label15.yml	true	TIMEOUT	990.750618107	925.141961632	5430.001664	cloud-24679	TIMEOUT	990.947135105	915.3218664679989	5070.278656	cloud-23979
eca-rers2012/Problem18_label16.yml	true	TIMEOUT	990.699543027	930.8426926249995	5555.744768	cloud-24679	ERROR (solver error, after parsing finished)	842.518397337	777.1877277659951	4858.179584	cloud-23979
eca-rers2012/Problem18_label17.yml	true	TIMEOUT	990.880319965	920.6299261980002	5041.254400	cloud-24642	TIMEOUT	990.84833568	919.9096364319998	5102.960640	cloud-23979
eca-rers2012/Problem18_label18.yml	true	TIMEOUT	990.984026607	921.9292142529994	5529.186304	cloud-24441	TIMEOUT	990.87229881	909.703682333995	5773.934592	cloud-24259
eca-rers2012/Problem18_label19.yml	false	TIMEOUT	990.968857409	932.1620865549994	4923.052032	cloud-24679	TIMEOUT	990.785508683	897.2452140949972	5567.365120	cloud-23979
eca-rers2012/Problem18_label20.yml	false	TIMEOUT	990.753440832	915.7676138729994	4884.217856	cloud-24642	TIMEOUT	990.949029256	918.812626676001	4980.146176	cloud-23979
eca-rers2012/Problem18_label21.yml	true	TIMEOUT	990.652377446	931.4765236480162	5774.856192	cloud-23943	ERROR (solver error, after parsing finished)	861.730135803	789.9831854670047	4737.486848	cloud-23979
eca-rers2012/Problem18_label22.yml	true	TIMEOUT	990.733076986	929.6307069659997	5032.833024	cloud-24679	TIMEOUT	990.956807379	908.585743484	4704.804864	cloud-24259
eca-rers2012/Problem18_label23.yml	true	TIMEOUT	990.592680601	929.171451273	5146.050560	cloud-24642	TIMEOUT	990.80535743	922.3307637969992	4600.164352	cloud-23979
eca-rers2012/Problem18_label24.yml	true	TIMEOUT	990.659444268	936.9783679710001	5982.273536	cloud-24642	ERROR (solver error, after parsing finished)	884.307329971	805.7387664109992	4744.585216	cloud-24259
eca-rers2012/Problem18_label25.yml	false	TIMEOUT	990.740864459	931.6831331290014	4774.907904	cloud-24642	TIMEOUT	990.883176629	919.4102726189958	6209.720320	cloud-23979
eca-rers2012/Problem18_label26.yml	true	TIMEOUT	990.695974669	918.9323092060004	5061.124096	cloud-24679	TIMEOUT	990.812163418	923.3883036369953	5798.838272	cloud-23979
eca-rers2012/Problem18_label27.yml	false	TIMEOUT	990.747253865	934.154072412	5952.847872	cloud-24678	TIMEOUT	991.286234791	913.0699639459999	5084.250112	cloud-24259
eca-rers2012/Problem18_label28.yml	true	TIMEOUT	990.806072874	937.0059828319995	5867.032576	cloud-24441	TIMEOUT	990.874483411	925.4242919610042	6003.765248	cloud-23979
eca-rers2012/Problem18_label29.yml	true	TIMEOUT	990.634490694	924.5294895529998	5179.453440	cloud-24642	TIMEOUT	991.113606941	914.9534408440013	6400.094208	cloud-23979
eca-rers2012/Problem18_label30.yml	true	TIMEOUT	990.738430689	932.6487814850007	5896.904704	cloud-24642	TIMEOUT	991.09086314	911.4454799630039	5034.360832	cloud-23933
eca-rers2012/Problem18_label31.yml	false	TIMEOUT	990.650440294	925.7865134799995	5622.272000	cloud-24679	TIMEOUT (ERROR (solver error, after parsing finished))	913.436668425	832.0266412959973	5395.161088	cloud-24259
eca-rers2012/Problem18_label32.yml	false	TIMEOUT	990.854097863	847.5990121649993	5058.965504	cloud-24441	ERROR (solver error, after parsing finished)	899.275987361	815.3258719950027	5778.612224	cloud-24259
eca-rers2012/Problem18_label33.yml	false	TIMEOUT	990.695276647	934.861040708	5155.405824	cloud-24678	ERROR (solver error, after parsing finished)	867.308855666	791.6728690439995	4822.441984	cloud-23979
eca-rers2012/Problem18_label34.yml	false	TIMEOUT	990.695301476	929.5535717929997	5253.373952	cloud-24679	ERROR (solver error, after parsing finished)	879.589352669	796.1338217009979	5072.928768	cloud-23933
eca-rers2012/Problem18_label35.yml	false	TIMEOUT	990.572974592	942.20853235299	5451.472896	cloud-23940	TIMEOUT (ERROR (solver error, after parsing finished))	915.248108511	813.6149654889996	5470.191616	cloud-23933
eca-rers2012/Problem18_label36.yml	false	TIMEOUT	990.678070343	933.3587400080005	5333.319680	cloud-24678	TIMEOUT	990.852530846	910.9133193140005	4748.894208	cloud-24259
eca-rers2012/Problem18_label37.yml	true	TIMEOUT	990.682706002	937.6655651589999	5056.278528	cloud-24642	TIMEOUT	991.02931185	898.0252459449985	4853.837824	cloud-23933
eca-rers2012/Problem18_label38.yml	false	TIMEOUT	990.762557393	916.8992265679999	5035.732992	cloud-24678	TIMEOUT	990.988351852	919.3449265470008	4920.983552	cloud-23979
eca-rers2012/Problem18_label39.yml	false	TIMEOUT	990.608112379	936.746862513	4985.729024	cloud-24441	ERROR (solver error, after parsing finished)	855.345008076	786.3761907450025	4995.985408	cloud-23979
eca-rers2012/Problem18_label40.yml	true	TIMEOUT	991.249839429	920.2337343719992	5339.693056	cloud-24678	ERROR (solver error, after parsing finished)	882.803824092	802.6148012100002	4705.370112	cloud-23933
eca-rers2012/Problem18_label41.yml	true	TIMEOUT	991.040694653	921.6995498270007	5574.049792	cloud-24678	TIMEOUT	991.347575045	912.0843924060027	4812.820480	cloud-23933
eca-rers2012/Problem18_label42.yml	true	TIMEOUT	990.697079891	930.2615249550008	5642.031104	cloud-24678	ERROR (solver error, after parsing finished)	893.241933848	809.032856201	4729.909248	cloud-23933
eca-rers2012/Problem18_label43.yml	true	TIMEOUT	990.827816168	925.8947197289999	6398.537728	cloud-24679	TIMEOUT (ERROR (solver error, after parsing finished))	907.21839449	831.3753065860001	5025.955840	cloud-23933
eca-rers2012/Problem18_label44.yml	true	TIMEOUT	990.703883596	926.5507929769992	5284.323328	cloud-24642	ERROR (solver error, after parsing finished)	891.792912713	816.2398299180059	4689.911808	cloud-24259
eca-rers2012/Problem18_label45.yml	false	TIMEOUT	990.653782797	925.6458785260002	5622.906880	cloud-24642	ERROR (solver error, after parsing finished)	865.711345816	795.7547235029997	5986.385920	cloud-23933
eca-rers2012/Problem18_label46.yml	true	TIMEOUT	990.681372748	923.2536339639996	5121.867776	cloud-24679	ERROR (solver error, after parsing finished)	851.499861809	784.243046086005	6236.008448	cloud-23979
eca-rers2012/Problem18_label47.yml	true	TIMEOUT	990.649466107	933.1560773850001	5815.001088	cloud-24642	ERROR (solver error, after parsing finished)	872.832243856	805.9462137830005	6298.435584	cloud-23933
eca-rers2012/Problem18_label48.yml	true	TIMEOUT	990.686981704	929.214293472	5816.713216	cloud-24679	TIMEOUT	991.105425713	912.1895610240026	5563.420672	cloud-24259
eca-rers2012/Problem18_label49.yml	false	TIMEOUT	990.591000409	931.3542918489993	4845.133824	cloud-24642	ERROR (solver error, after parsing finished)	845.475750416	777.5446729489995	5222.862848	cloud-23979
eca-rers2012/Problem18_label50.yml	true	TIMEOUT	990.542934088	942.5909254069848	5558.857728	cloud-23939	ERROR (solver error, after parsing finished)	845.286812976	778.2991492410001	5852.893184	cloud-23979
eca-rers2012/Problem18_label51.yml	true	TIMEOUT	990.724584558	931.0944258100008	6078.648320	cloud-24678	ERROR (solver error, after parsing finished)	896.546178937	813.7073402329988	6497.792000	cloud-23933
eca-rers2012/Problem18_label52.yml	false	TIMEOUT	990.698778328	919.0131866849997	5356.789760	cloud-24441	ERROR (solver error, after parsing finished)	852.337499107	791.1402291180002	4828.573696	cloud-23979
eca-rers2012/Problem18_label53.yml	true	true	822.452328079	778.8894400300051	5032.161280	cloud-23939	TIMEOUT	990.992718489	926.6981830240002	4955.488256	cloud-23979
eca-rers2012/Problem18_label54.yml	true	TIMEOUT	992.322534202	951.2775395009994	5333.848064	cloud-24679	ERROR (solver error, after parsing finished)	819.323880679	777.7326943540002	5736.996864	cloud-23940
eca-rers2012/Problem18_label55.yml	false	TIMEOUT	990.804498463	918.6046983209999	5025.226752	cloud-24642	ERROR (solver error, after parsing finished)	852.544093845	780.5549854079982	4781.682688	cloud-23979
eca-rers2012/Problem18_label56.yml	true	TIMEOUT	990.598801092	930.530118184	5004.939264	cloud-24441	TIMEOUT (ERROR (solver error, after parsing finished))	903.306451776	787.0053808859993	6331.801600	cloud-23979
eca-rers2012/Problem18_label57.yml	false	TIMEOUT	990.821736062	922.4869362850004	5464.064000	cloud-24678	ERROR (solver error, after parsing finished)	883.93270316	809.5555408180007	4990.914560	cloud-23933
eca-rers2012/Problem18_label58.yml	true	TIMEOUT	990.717746428	932.6293241639996	5030.604800	cloud-24678	ERROR (solver error, after parsing finished)	855.822826854	784.5663727020001	5317.623808	cloud-23979
eca-rers2012/Problem18_label59.yml	true	TIMEOUT	990.773105326	930.9291556600001	5215.903744	cloud-24679	TIMEOUT	990.957970427	917.7509687640013	6315.511808	cloud-23933
eca-rers2012/Problem19_label00.yml	true	OUT OF MEMORY	638.4561698	496.1335792280006	15000.047616	cloud-24441	TIMEOUT	992.261504837	610.956121713	13736.898560	cloud-23944
eca-rers2012/Problem19_label01.yml	true	TIMEOUT	991.054449667	642.2856612030009	14900.490240	cloud-23941	TIMEOUT	992.720748997	625.4906557229988	12668.829696	cloud-24261
eca-rers2012/Problem19_label02.yml	true	TIMEOUT	992.715769412	623.9499983909991	14079.127552	cloud-24642	TIMEOUT	992.017544661	618.8542612040037	12808.138752	cloud-23940
eca-rers2012/Problem19_label03.yml	true	TIMEOUT	992.761719603	619.0946584550002	13651.894272	cloud-24642	TIMEOUT	991.93163582	616.4666716370048	12837.818368	cloud-23940
eca-rers2012/Problem19_label04.yml	true	TIMEOUT	992.796663222	611.1494313270014	14760.333312	cloud-24678	TIMEOUT	991.555412588	618.1175037740031	13752.135680	cloud-24261
eca-rers2012/Problem19_label05.yml	true	OUT OF MEMORY	620.614438057	506.05111272999784	15000.170496	cloud-23940	TIMEOUT	991.168372408	614.6778543859982	13705.580544	cloud-23942
eca-rers2012/Problem19_label06.yml	true	TIMEOUT	991.321269916	866.0477246439996	13615.669248	cloud-24441	TIMEOUT	992.139898695	806.3514990020003	13727.395840	cloud-23933
eca-rers2012/Problem19_label07.yml	true	TIMEOUT	991.074080911	594.687281986	12764.516352	cloud-24679	TIMEOUT	992.645093087	611.2952249930022	13693.526016	cloud-23979
eca-rers2012/Problem19_label08.yml	true	TIMEOUT	991.685104378	618.6524403689837	13719.261184	cloud-23942	TIMEOUT	991.882411892	627.8738252290059	12729.503744	cloud-23940
eca-rers2012/Problem19_label09.yml	true	TIMEOUT	992.469969019	575.642436515016	13795.725312	cloud-23942	TIMEOUT	992.405524522	605.5580628320022	12962.643968	cloud-24261
eca-rers2012/Problem19_label10.yml	false	TIMEOUT	968.763332661	837.2347423729952	15000.162304	cloud-23941	TIMEOUT	992.826332146	617.5935785710026	14091.390976	cloud-24261
eca-rers2012/Problem19_label11.yml	false	TIMEOUT	991.53203429	589.8681752590055	13724.524544	cloud-23940	TIMEOUT	991.800336369	602.7926142489999	13800.374272	cloud-23942
eca-rers2012/Problem19_label12.yml	true	TIMEOUT	991.132426527	590.2693448659993	13765.292032	cloud-24678	TIMEOUT	990.881849394	602.8780132809916	13642.149888	cloud-23941
eca-rers2012/Problem19_label13.yml	true	TIMEOUT	992.582028686	603.1537368460267	13649.121280	cloud-23940	TIMEOUT	993.23743213	629.481118939002	13709.316096	cloud-24261
eca-rers2012/Problem19_label14.yml	false	TIMEOUT	991.20041815	659.0778606079984	13779.197952	cloud-23942	TIMEOUT	991.309997298	635.5143834990013	12763.025408	cloud-24261
eca-rers2012/Problem19_label15.yml	true	TIMEOUT	992.608843743	606.4050413660007	12839.464960	cloud-23943	TIMEOUT	992.933440357	636.6062689199998	13710.282752	cloud-24276
eca-rers2012/Problem19_label16.yml	true	TIMEOUT	992.344327967	596.2424807140196	13729.615872	cloud-23939	TIMEOUT	991.991658087	609.1414224469991	13703.331840	cloud-23939
eca-rers2012/Problem19_label17.yml	false	TIMEOUT	991.2531633	599.9984778440012	13761.605632	cloud-24679	TIMEOUT	992.406589353	614.0278576090059	13730.508800	cloud-23940
eca-rers2012/Problem19_label18.yml	false	TIMEOUT	991.079055576	607.3133233689878	13709.066240	cloud-23942	TIMEOUT	992.956055701	635.3035670539975	13730.377728	cloud-23933
eca-rers2012/Problem19_label19.yml	false	TIMEOUT	992.645754944	603.913125128	14208.790528	cloud-24679	TIMEOUT	991.004018523	612.3494975790018	13702.488064	cloud-24261
eca-rers2012/Problem19_label20.yml	true	OUT OF MEMORY	243.434166462	174.2219368340011	15000.047616	cloud-24679	TIMEOUT	992.005001685	614.9670041630001	13719.973888	cloud-24276
eca-rers2012/Problem19_label21.yml	false	OUT OF MEMORY	861.650084787	668.532216986001	15000.174592	cloud-23939	TIMEOUT	993.247264101	648.5205797249982	14085.160960	cloud-23933
eca-rers2012/Problem19_label22.yml	false	OUT OF MEMORY	642.913094082	450.9509814430203	15000.170496	cloud-23942	TIMEOUT	992.839157108	624.1497624609983	14201.643008	cloud-24261
eca-rers2012/Problem19_label23.yml	true	TIMEOUT	990.949498723	737.2100800259977	14973.923328	cloud-24441	TIMEOUT	992.722479731	616.2680161250028	13709.746176	cloud-23942
eca-rers2012/Problem19_label24.yml	true	TIMEOUT	992.673400538	609.813449592999	13959.819264	cloud-23943	TIMEOUT	993.283740775	640.1947889830044	13696.892928	cloud-24261
eca-rers2012/Problem19_label25.yml	true	TIMEOUT	991.271832876	605.4840272389993	13013.794816	cloud-24642	TIMEOUT	993.554663144	647.0107517030119	14002.012160	cloud-24261
eca-rers2012/Problem19_label26.yml	false	TIMEOUT	992.784898685	612.615967370999	12912.930816	cloud-24441	TIMEOUT	992.034873804	632.251264227	13699.686400	cloud-23979
eca-rers2012/Problem19_label27.yml	false	TIMEOUT	992.705448849	613.3311579750152	13742.018560	cloud-23943	TIMEOUT	991.946648655	616.0065344079994	12883.001344	cloud-23944
eca-rers2012/Problem19_label28.yml	false	TIMEOUT	992.706340568	607.1094884249978	12793.905152	cloud-24441	TIMEOUT	992.674378727	618.4211782569982	13749.719040	cloud-23943
eca-rers2012/Problem19_label29.yml	false	TIMEOUT	991.66201702	607.2346250590053	12847.599616	cloud-23940	TIMEOUT	992.21131396	642.5390999330048	12868.943872	cloud-24261
eca-rers2012/Problem19_label30.yml	true	OUT OF MEMORY	238.500903821	165.84209351200843	15000.162304	cloud-23940	TIMEOUT	990.982826781	608.2947799649992	13753.020416	cloud-23943
eca-rers2012/Problem19_label31.yml	false	OUT OF MEMORY	237.60853852	168.34750226300093	15000.043520	cloud-24679	TIMEOUT	993.234308654	619.3548618439963	13693.833216	cloud-24261
eca-rers2012/Problem19_label32.yml	false	TIMEOUT	991.965301114	608.737778142	12937.236480	cloud-24679	TIMEOUT	992.718640381	617.8331457589957	13715.619840	cloud-23943
eca-rers2012/Problem19_label33.yml	true	TIMEOUT	992.050874099	610.1867353009984	13721.501696	cloud-24642	TIMEOUT	992.901833671	636.1723262829983	14992.044032	cloud-23979
eca-rers2012/Problem19_label34.yml	true	TIMEOUT	991.770388669	604.2011322439994	12895.645696	cloud-24642	TIMEOUT	992.821661956	625.4369752040002	13699.256320	cloud-24261
eca-rers2012/Problem19_label35.yml	true	TIMEOUT	991.004968405	596.9462370460096	13701.804032	cloud-23942	TIMEOUT	992.69987279	611.6175985060036	13716.054016	cloud-23944
eca-rers2012/Problem19_label36.yml	true	TIMEOUT	992.833025363	614.7822491119987	14000.287744	cloud-24678	TIMEOUT	992.660466813	638.6343488290004	13677.789184	cloud-23933
eca-rers2012/Problem19_label37.yml	true	TIMEOUT	991.250607603	611.2473524640009	12850.102272	cloud-24678	TIMEOUT	992.488695955	626.1658366589982	13714.296832	cloud-23939
eca-rers2012/Problem19_label38.yml	true	TIMEOUT	992.517351213	608.2090123590024	12971.991040	cloud-23942	TIMEOUT	992.646334363	619.2059384649983	12768.931840	cloud-23944
eca-rers2012/Problem19_label39.yml	true	TIMEOUT	992.043809707	605.2255348719991	14355.226624	cloud-24679	TIMEOUT	991.512219119	615.3774355810019	13694.500864	cloud-23940
eca-rers2012/Problem19_label40.yml	true	TIMEOUT	992.010958473	607.101702422	12864.323584	cloud-24678	TIMEOUT	992.934971874	623.0253176879996	13716.414464	cloud-24261
eca-rers2012/Problem19_label41.yml	false	TIMEOUT	990.901563348	600.8930223419993	13745.295360	cloud-24642	TIMEOUT	992.597471458	615.5590650430022	13715.398656	cloud-23941
eca-rers2012/Problem19_label42.yml	false	TIMEOUT	992.833223067	615.1163076660014	13160.685568	cloud-24441	TIMEOUT	993.120305193	628.3895205090012	13912.719360	cloud-23933
eca-rers2012/Problem19_label43.yml	false	TIMEOUT	917.735245781	556.7532458450005	15000.162304	cloud-23940	TIMEOUT	992.693060698	618.2344646879937	12939.751424	cloud-23941
eca-rers2012/Problem19_label44.yml	true	TIMEOUT	991.386604228	862.1299214289975	14993.162240	cloud-24441	TIMEOUT	992.970833569	620.8280203179966	13688.426496	cloud-23979
eca-rers2012/Problem19_label45.yml	true	TIMEOUT	991.043349381	606.0045059189997	12864.479232	cloud-24678	TIMEOUT	992.848310045	627.6922778990047	12817.899520	cloud-24261
eca-rers2012/Problem19_label46.yml	true	TIMEOUT	990.967622946	599.3576259319962	13743.665152	cloud-23943	TIMEOUT	991.176722824	602.9424991680062	13719.044096	cloud-23940
eca-rers2012/Problem19_label47.yml	false	TIMEOUT	991.585935824	600.9322949339985	13814.181888	cloud-23944	TIMEOUT	992.714133813	627.168565056	13779.165184	cloud-23933
eca-rers2012/Problem19_label48.yml	true	TIMEOUT	992.541036121	609.5332056010084	14987.108352	cloud-23944	TIMEOUT	992.021764233	613.6919474099996	13708.169216	cloud-23944
eca-rers2012/Problem19_label49.yml	true	TIMEOUT	991.468411625	821.675131027001	12601.262080	cloud-24678	TIMEOUT	991.661630768	784.1190507369975	13893.238784	cloud-23941
eca-rers2012/Problem19_label50.yml	false	TIMEOUT	991.557913644	603.360067171001	13702.848512	cloud-24679	TIMEOUT	991.647405747	614.2459934880026	13732.597760	cloud-23939
eca-rers2012/Problem19_label51.yml	false	OUT OF MEMORY	172.63282941	134.96999788200083	15000.043520	cloud-24441	TIMEOUT	993.133799651	629.5867839940038	13695.602688	cloud-23979
eca-rers2012/Problem19_label52.yml	true	TIMEOUT	992.46602783	582.4398905650014	12932.886528	cloud-24679	TIMEOUT	992.353798892	597.9699915070014	14035.181568	cloud-24261
eca-rers2012/Problem19_label53.yml	false	TIMEOUT	991.451054058	848.9028308349989	14326.865920	cloud-24642	TIMEOUT	993.404221008	646.5503981200018	12810.924032	cloud-23933
eca-rers2012/Problem19_label54.yml	true	TIMEOUT	992.371614281	606.9092496930025	13698.449408	cloud-24678	TIMEOUT	991.712360431	627.904864709999	12848.476160	cloud-23933
eca-rers2012/Problem19_label55.yml	false	TIMEOUT	991.054657457	609.8907395040151	14321.119232	cloud-23944	TIMEOUT	992.233562519	643.1476191249999	14978.428928	cloud-24276
eca-rers2012/Problem19_label56.yml	true	TIMEOUT	991.679152142	595.6212100599987	13753.630720	cloud-24679	TIMEOUT	992.495370166	610.9324988310036	13701.562368	cloud-23940
eca-rers2012/Problem19_label57.yml	true	TIMEOUT	992.385787534	587.608244572999	12893.904896	cloud-24679	TIMEOUT	992.04294234	600.705635382008	13719.093248	cloud-23941
eca-rers2012/Problem19_label58.yml	false	TIMEOUT	992.074421246	618.4843804269985	12910.686208	cloud-24678	TIMEOUT	992.065212128	614.4258526449994	13771.116544	cloud-23940
eca-rers2012/Problem19_label59.yml	false	OUT OF MEMORY	690.559629192	558.3496834959988	15000.039424	cloud-24642	TIMEOUT	991.793926545	642.1249113500016	13727.195136	cloud-24259
eca-rers2018/Problem10.yml	false	false(unreach-call)	101.187876937	72.87848816000042	1037.926400	cloud-24642	false(unreach-call)	167.551852684	118.30819189699832	915.664896	cloud-23933
eca-rers2018/Problem11.yml	false	TIMEOUT	990.64473851	924.4125528330005	2954.117120	cloud-24441	ERROR (solver error, after parsing finished)	593.057145539	537.4773786710002	2410.647552	cloud-23979
eca-rers2018/Problem12.yml	false	ERROR (frontend failed, before parsing finished)	11.118994959	5.767738948000442	798.322688	cloud-24642	ERROR (frontend failed, before parsing finished)	16.061290949	8.390725049001048	698.470400	cloud-23979
eca-rers2018/Problem13.yml	false	TIMEOUT	990.710772857	958.767268309999	8201.891840	cloud-24679	TIMEOUT	990.726791438	957.6005901190001	8591.048704	cloud-23940
eca-rers2018/Problem14.yml	false	TIMEOUT	990.82483462	953.7384728249999	9867.567104	cloud-24678	TIMEOUT	991.423714144	940.7567042610026	10472.861696	cloud-23933
eca-rers2018/Problem15.yml	false	ERROR (frontend failed, before parsing finished)	33.12487029	17.296987452000394	3125.202944	cloud-24679	ERROR (frontend failed, before parsing finished)	55.054212895	28.21141756199995	3182.227456	cloud-23933
eca-rers2018/Problem16.yml	false	TIMEOUT	950.603614609	717.3205396229996	15000.043520	cloud-24679	TIMEOUT	992.002304951	720.1334143589993	11978.313728	cloud-23933
eca-rers2018/Problem17.yml	false	OUT OF MEMORY	726.073662221	504.9742604170169	15000.162304	cloud-23943	OUT OF MEMORY	896.672478998	624.6513386219995	15000.047616	cloud-24261
eca-rers2018/Problem18.yml	false	OUT OF MEMORY	106.729376126	55.065019706991734	15000.145920	cloud-23943	OUT OF MEMORY	111.485834755	57.48392548999982	15000.170496	cloud-23944
psyco/psyco_abp_1-1.yml	false	false(unreach-call)	91.515469416	71.17940513800022	1211.396096	cloud-24642	false(unreach-call)	140.296861429	109.68951828699937	1189.138432	cloud-23933
psyco/psyco_abp_1-3.yml	true	true	67.894599947	54.757852359000026	845.893632	cloud-24642	true	92.70245555	73.60948065200137	769.855488	cloud-23979
psyco/psyco_cev_1.yml	false	OUT OF MEMORY	97.447758332	49.715978412976256	15000.162304	cloud-23943	OUT OF MEMORY	123.086783775	62.76804708999407	15000.039424	cloud-24261
psyco/psyco_cev_2.yml	false	OUT OF MEMORY	124.422623541	63.76804337700014	15000.289280	cloud-24679	OUT OF MEMORY	147.628267073	74.83697306200338	15000.035328	cloud-23933
psyco/psyco_cev_3.yml	false	OUT OF MEMORY	84.709210712	43.30043806598405	15000.166400	cloud-23942	OUT OF MEMORY	103.947411783	53.43114144900028	15000.154112	cloud-23940
psyco/psyco_io_1.yml	true	true	22.58972287	13.65602129599938	618.450944	cloud-24679	true	35.126702789	20.693526558003214	599.347200	cloud-23933
psyco/psyco_net_1.yml	false	TIMEOUT	990.406863748	978.2130325100006	4793.364480	cloud-24441	TIMEOUT	990.766025678	974.3598672789994	5862.920192	cloud-24259
psyco/psyco_security.yml	true	true	21.024656383	12.420390653998766	740.749312	cloud-24679	true	30.609039296	18.40500442699704	612.212736	cloud-23933
eca-programs/Problem101_label00.yml	false	OUT OF MEMORY	76.570772399	42.1011636689982	15000.182784	cloud-24642	OUT OF MEMORY	87.54569342	47.872049035999225	15000.170496	cloud-23939
eca-programs/Problem101_label01.yml	false	OUT OF MEMORY	82.601535975	44.97524099400107	15000.043520	cloud-24441	OUT OF MEMORY	99.445476925	54.433988151999074	15000.305664	cloud-24261
eca-programs/Problem101_label02.yml	false	OUT OF MEMORY	81.063588621	44.98180861699984	15000.047616	cloud-24642	OUT OF MEMORY	85.655548673	47.35982905999845	15000.416256	cloud-23940
eca-programs/Problem101_label03.yml	false	OUT OF MEMORY	64.631814451	35.71321446899674	15000.166400	cloud-23939	OUT OF MEMORY	90.789887559	49.16306009699474	15000.178688	cloud-23944
eca-programs/Problem101_label04.yml	false	OUT OF MEMORY	82.78368274	45.2040551229984	15000.047616	cloud-24679	OUT OF MEMORY	86.454714707	47.097400490005384	15000.178688	cloud-23939
eca-programs/Problem101_label05.yml	false	OUT OF MEMORY	81.289828533	43.984586222999496	15000.301568	cloud-24441	OUT OF MEMORY	105.508285612	57.66423219999706	15000.047616	cloud-23979
eca-programs/Problem101_label06.yml	false	OUT OF MEMORY	84.145205713	45.68496950000008	15000.047616	cloud-24642	OUT OF MEMORY	96.232202166	52.06270772800053	15000.055808	cloud-23933
eca-programs/Problem101_label07.yml	false	OUT OF MEMORY	66.69631385	36.60665760500706	15000.350720	cloud-23940	OUT OF MEMORY	108.345261398	58.86968347800001	15000.051712	cloud-23979
eca-programs/Problem101_label08.yml	false	OUT OF MEMORY	73.832722158	40.42528221599059	15000.166400	cloud-23943	OUT OF MEMORY	94.130279458	51.42798111600132	15000.055808	cloud-24261
eca-programs/Problem101_label09.yml	false	OUT OF MEMORY	73.321659869	40.42587955199997	15000.170496	cloud-23943	OUT OF MEMORY	86.906955176	47.56422117000329	15000.264704	cloud-23979
eca-programs/Problem101_label10.yml	false	OUT OF MEMORY	72.501529566	40.163030541007174	15000.162304	cloud-23944	OUT OF MEMORY	104.861253538	57.856285004	15000.047616	cloud-23979
eca-programs/Problem101_label11.yml	false	OUT OF MEMORY	74.168277436	40.771339959988836	15000.166400	cloud-23943	OUT OF MEMORY	90.25419872	48.87977727600082	15000.178688	cloud-23939
eca-programs/Problem101_label12.yml	false	OUT OF MEMORY	77.879208514	41.98123554099948	15000.035328	cloud-24679	OUT OF MEMORY	115.535571955	61.74472187200445	15000.301568	cloud-23933
eca-programs/Problem101_label13.yml	false	OUT OF MEMORY	76.134096372	42.290027394999925	15000.039424	cloud-24642	OUT OF MEMORY	84.322513016	46.70001666299504	15000.178688	cloud-23941
eca-programs/Problem101_label14.yml	false	OUT OF MEMORY	69.838116321	38.69340906801517	15000.281088	cloud-23940	OUT OF MEMORY	90.704473623	49.2389615869979	15000.047616	cloud-23979
eca-programs/Problem101_label15.yml	false	OUT OF MEMORY	68.437288793	37.70151183402049	15000.170496	cloud-23941	OUT OF MEMORY	80.225154306	44.074567506002495	15000.166400	cloud-23940
eca-programs/Problem101_label16.yml	false	OUT OF MEMORY	78.496119633	42.6465021490003	15000.043520	cloud-24679	OUT OF MEMORY	105.005444434	56.4534215340027	15000.051712	cloud-24261
eca-programs/Problem101_label17.yml	false	OUT OF MEMORY	61.685705723	33.912459992978256	15000.412160	cloud-23942	OUT OF MEMORY	90.134332209	48.995979456994974	15000.055808	cloud-23979
eca-programs/Problem101_label18.yml	false	OUT OF MEMORY	77.769857487	43.008442300983006	15000.395776	cloud-23943	OUT OF MEMORY	80.65626094	44.386053318999984	15000.174592	cloud-23944
eca-programs/Problem101_label19.yml	false	OUT OF MEMORY	77.883518095	42.84363883599963	15000.043520	cloud-24678	OUT OF MEMORY	91.729189913	50.835892169001454	15000.174592	cloud-23941
eca-programs/Problem101_label20.yml	false	OUT OF MEMORY	73.596774602	40.97616090401425	15000.166400	cloud-23943	OUT OF MEMORY	119.58552977	64.99295408000035	15000.055808	cloud-23933
eca-programs/Problem101_label21.yml	false	OUT OF MEMORY	72.636155784	40.10201026999857	15000.166400	cloud-23943	OUT OF MEMORY	95.510337838	51.74503633000131	15000.055808	cloud-24261
eca-programs/Problem101_label22.yml	false	OUT OF MEMORY	70.350364047	38.49223668000195	15000.424448	cloud-23941	OUT OF MEMORY	80.810400307	44.85338042899821	15000.178688	cloud-23943
eca-programs/Problem101_label23.yml	false	OUT OF MEMORY	80.925188817	44.25551111199999	15000.043520	cloud-24441	OUT OF MEMORY	80.568232036	44.22687853999378	15000.166400	cloud-23939
eca-programs/Problem102_label00.yml	true	OUT OF MEMORY	93.68088868	53.43659342001774	15000.170496	cloud-23942	OUT OF MEMORY	113.023684003	64.16522281200014	15000.178688	cloud-23943
eca-programs/Problem102_label01.yml	false	OUT OF MEMORY	114.722445957	64.53133553299995	15000.047616	cloud-24642	OUT OF MEMORY	117.729176789	67.00679820399819	15000.178688	cloud-23943
eca-programs/Problem102_label02.yml	false	OUT OF MEMORY	117.278077485	66.1188272569998	15000.039424	cloud-24441	OUT OF MEMORY	140.622281681	80.20147215200086	15000.178688	cloud-23941
eca-programs/Problem102_label03.yml	true	OUT OF MEMORY	125.432360742	72.0370138899998	15000.035328	cloud-24642	OUT OF MEMORY	159.071035046	88.50737024300179	15000.047616	cloud-23933
eca-programs/Problem102_label04.yml	false	OUT OF MEMORY	94.353003602	54.34601438700338	15000.166400	cloud-23939	OUT OF MEMORY	128.472314461	73.78469239400147	15000.170496	cloud-23941
eca-programs/Problem102_label05.yml	false	OUT OF MEMORY	116.546481561	65.35954351100008	15000.043520	cloud-24679	OUT OF MEMORY	135.314816511	75.98831785200309	15000.174592	cloud-23942
eca-programs/Problem102_label06.yml	false	OUT OF MEMORY	115.734672386	65.8170509929987	15000.047616	cloud-24642	OUT OF MEMORY	141.679384745	79.11448141199799	15000.289280	cloud-24261
eca-programs/Problem102_label07.yml	false	OUT OF MEMORY	105.468539333	59.86765179599752	15000.154112	cloud-23940	OUT OF MEMORY	113.248338624	64.16303598100058	15000.178688	cloud-23944
eca-programs/Problem102_label08.yml	true	OUT OF MEMORY	91.843729902	52.57564838801045	15000.166400	cloud-23939	OUT OF MEMORY	144.107497586	80.23962516000029	15000.051712	cloud-24261
eca-programs/Problem102_label09.yml	true	OUT OF MEMORY	96.656319792	55.190333324018866	15000.166400	cloud-23942	OUT OF MEMORY	128.742076653	72.47060961200259	15000.170496	cloud-23939
eca-programs/Problem102_label10.yml	false	OUT OF MEMORY	124.861499095	70.84148620299857	15000.297472	cloud-24441	OUT OF MEMORY	154.01091196	87.16455961800239	15000.055808	cloud-24261
eca-programs/Problem102_label11.yml	true	OUT OF MEMORY	108.335605184	61.492309937020764	15000.166400	cloud-23940	OUT OF MEMORY	144.545055445	82.63671163100003	15000.186880	cloud-23979
eca-programs/Problem102_label12.yml	true	OUT OF MEMORY	101.09688644	57.533455872995546	15000.170496	cloud-23940	OUT OF MEMORY	158.594483483	88.42326623499685	15000.055808	cloud-24261
eca-programs/Problem102_label13.yml	false	OUT OF MEMORY	123.549398848	70.84464059799939	15000.043520	cloud-24441	OUT OF MEMORY	134.508069162	77.61175761900085	15000.174592	cloud-23941
eca-programs/Problem102_label14.yml	true	OUT OF MEMORY	108.036339186	61.20131362800021	15000.170496	cloud-23944	OUT OF MEMORY	136.677635786	77.04313035800442	15000.055808	cloud-23979
eca-programs/Problem102_label15.yml	false	OUT OF MEMORY	121.366577009	68.3871308380003	15000.043520	cloud-24679	OUT OF MEMORY	162.306802881	90.92930277999949	15000.055808	cloud-24261
eca-programs/Problem102_label16.yml	true	OUT OF MEMORY	88.975030445	50.49111885900493	15000.166400	cloud-23939	OUT OF MEMORY	137.387947754	77.55050264299643	15000.055808	cloud-23979
eca-programs/Problem102_label17.yml	true	OUT OF MEMORY	106.496696975	60.34331702499185	15000.162304	cloud-23941	OUT OF MEMORY	158.804769546	89.1101303730029	15000.055808	cloud-23933
eca-programs/Problem102_label18.yml	true	OUT OF MEMORY	116.356550882	66.43638391900095	15000.047616	cloud-24441	OUT OF MEMORY	125.77375459	71.09580334699967	15000.178688	cloud-23941
eca-programs/Problem102_label19.yml	true	OUT OF MEMORY	121.88495705	68.36353811400002	15000.293376	cloud-24678	OUT OF MEMORY	147.818853031	81.91613059099473	15000.055808	cloud-24261
eca-programs/Problem102_label20.yml	true	OUT OF MEMORY	108.514154332	62.06527910497971	15000.416256	cloud-23943	OUT OF MEMORY	133.539041824	76.27867326400883	15000.174592	cloud-23941
eca-programs/Problem102_label21.yml	true	OUT OF MEMORY	91.878062412	52.334399732004385	15000.170496	cloud-23942	OUT OF MEMORY	133.412687212	76.20938241099066	15000.317952	cloud-23941
eca-programs/Problem102_label22.yml	true	OUT OF MEMORY	113.156982175	63.59897337500024	15000.047616	cloud-24679	OUT OF MEMORY	130.06091393	73.65470043199457	15000.170496	cloud-23942
eca-programs/Problem102_label23.yml	true	OUT OF MEMORY	111.349971765	63.69800572600798	15000.170496	cloud-23944	OUT OF MEMORY	131.330527883	74.32556232900242	15000.178688	cloud-23939
eca-programs/Problem102_label24.yml	false	OUT OF MEMORY	116.849704051	66.62379113099814	15000.276992	cloud-24441	OUT OF MEMORY	137.709223041	76.78390734099958	15000.051712	cloud-24261
eca-programs/Problem102_label25.yml	false	OUT OF MEMORY	117.303193074	66.43789170899981	15000.039424	cloud-24441	OUT OF MEMORY	115.626244976	65.06979795099323	15000.174592	cloud-23940
eca-programs/Problem102_label26.yml	false	OUT OF MEMORY	128.821409347	72.56175665299997	15000.043520	cloud-24679	OUT OF MEMORY	125.347999633	70.49366216699855	15000.170496	cloud-23940
eca-programs/Problem102_label27.yml	true	OUT OF MEMORY	95.587633722	54.51741059400956	15000.416256	cloud-23942	OUT OF MEMORY	182.745725975	107.15325688599842	15000.055808	cloud-24259
eca-programs/Problem102_label28.yml	false	OUT OF MEMORY	91.193281672	52.310879652010044	15000.170496	cloud-23939	OUT OF MEMORY	135.467005136	76.8194412590019	15000.170496	cloud-23942
eca-programs/Problem102_label29.yml	false	OUT OF MEMORY	96.631343835	55.45280814098078	15000.170496	cloud-23939	OUT OF MEMORY	149.83116249	83.01087728900166	15000.055808	cloud-24261
eca-programs/Problem102_label30.yml	true	OUT OF MEMORY	105.666924177	60.213535433023935	15000.416256	cloud-23944	OUT OF MEMORY	143.771031295	81.07997137199709	15000.309760	cloud-24261
eca-programs/Problem102_label31.yml	true	OUT OF MEMORY	125.060921537	71.00549316599972	15000.043520	cloud-24642	OUT OF MEMORY	142.595981577	79.6558971830018	15000.055808	cloud-24261
eca-programs/Problem102_label32.yml	true	OUT OF MEMORY	109.298107356	62.11817072398844	15000.399872	cloud-23943	OUT OF MEMORY	144.451378299	81.09096465400216	15000.055808	cloud-24261
eca-programs/Problem102_label33.yml	true	OUT OF MEMORY	111.399826408	63.63398519299972	15000.047616	cloud-24678	OUT OF MEMORY	143.949648717	80.171908712	15000.055808	cloud-24261
eca-programs/Problem102_label34.yml	false	OUT OF MEMORY	118.108392366	66.44551457300258	15000.047616	cloud-24678	OUT OF MEMORY	155.570591099	89.40382176100002	15000.281088	cloud-23979
eca-programs/Problem102_label35.yml	true	OUT OF MEMORY	104.673143617	60.276007948006736	15000.166400	cloud-23940	OUT OF MEMORY	138.728403338	76.7990206200011	15000.051712	cloud-24261
eca-programs/Problem102_label36.yml	true	OUT OF MEMORY	122.008963567	69.18424021499959	15000.047616	cloud-24679	OUT OF MEMORY	117.809251885	67.86062917300296	15000.178688	cloud-23943
eca-programs/Problem102_label37.yml	false	OUT OF MEMORY	121.26337764	69.11990952800079	15000.043520	cloud-24642	OUT OF MEMORY	138.620655229	76.74525969699971	15000.051712	cloud-24261
eca-programs/Problem102_label38.yml	true	OUT OF MEMORY	99.552934955	57.12082150799688	15000.166400	cloud-23940	OUT OF MEMORY	144.275079561	80.12353674900078	15000.051712	cloud-24261
eca-programs/Problem102_label39.yml	true	OUT OF MEMORY	118.659870718	67.53254403500068	15000.043520	cloud-24678	OUT OF MEMORY	146.676620298	81.50301770500664	15000.051712	cloud-24261
eca-programs/Problem102_label40.yml	true	OUT OF MEMORY	123.621575644	70.58312603599916	15000.047616	cloud-24642	OUT OF MEMORY	140.180165481	78.62294734400348	15000.051712	cloud-24261
eca-programs/Problem102_label41.yml	true	OUT OF MEMORY	122.093147652	69.93806132499958	15000.047616	cloud-24642	OUT OF MEMORY	155.051049411	86.27475453999796	15000.055808	cloud-24261
eca-programs/Problem102_label42.yml	true	OUT OF MEMORY	93.849924884	54.00979968701722	15000.432640	cloud-23942	OUT OF MEMORY	112.800668852	64.86868615999992	15000.174592	cloud-23943
eca-programs/Problem102_label43.yml	false	OUT OF MEMORY	89.299717575	50.99457195698051	15000.166400	cloud-23939	OUT OF MEMORY	117.709232606	67.10410448300536	15000.178688	cloud-23939
eca-programs/Problem102_label44.yml	true	OUT OF MEMORY	93.606882911	53.3831643720041	15000.170496	cloud-23942	OUT OF MEMORY	150.577109368	85.89067460899969	15000.055808	cloud-23979
eca-programs/Problem102_label45.yml	true	OUT OF MEMORY	110.519835473	62.41574640100589	15000.346624	cloud-23940	OUT OF MEMORY	145.991055657	81.79680333899887	15000.051712	cloud-24261
eca-programs/Problem102_label46.yml	false	OUT OF MEMORY	118.170024046	66.48054916900219	15000.047616	cloud-24678	OUT OF MEMORY	140.091263007	77.58381881700188	15000.055808	cloud-23979
eca-programs/Problem102_label47.yml	true	OUT OF MEMORY	115.850982279	65.72684548599864	15000.039424	cloud-24642	OUT OF MEMORY	138.869252732	77.23639048800396	15000.170496	cloud-23941
eca-programs/Problem102_label48.yml	false	OUT OF MEMORY	108.524593848	62.561397227982525	15000.166400	cloud-23943	OUT OF MEMORY	161.222647912	90.72131127299872	15000.051712	cloud-23979
eca-programs/Problem102_label49.yml	false	OUT OF MEMORY	107.685611147	61.78668290597852	15000.162304	cloud-23944	OUT OF MEMORY	137.266224892	76.93464251699334	15000.055808	cloud-24261
eca-programs/Problem102_label50.yml	false	OUT OF MEMORY	100.970486051	57.35353322600713	15000.170496	cloud-23941	OUT OF MEMORY	137.088111711	77.89059050799551	15000.301568	cloud-23979
eca-programs/Problem102_label51.yml	false	OUT OF MEMORY	119.111338672	67.16531266099992	15000.039424	cloud-24679	OUT OF MEMORY	117.038201298	67.2670378230032	15000.178688	cloud-23943
eca-programs/Problem102_label52.yml	true	OUT OF MEMORY	114.126537366	64.45687695699962	15000.047616	cloud-24678	OUT OF MEMORY	128.302177927	72.5277117259975	15000.178688	cloud-23939
eca-programs/Problem102_label53.yml	true	OUT OF MEMORY	127.385142519	71.99929579399941	15000.039424	cloud-24441	OUT OF MEMORY	145.431282992	81.00183745399772	15000.055808	cloud-24261
eca-programs/Problem102_label54.yml	true	OUT OF MEMORY	119.112909527	66.83587565299968	15000.035328	cloud-24441	OUT OF MEMORY	160.798744435	90.20492206400377	15000.051712	cloud-23979
eca-programs/Problem102_label55.yml	false	OUT OF MEMORY	122.050740055	69.5540285279967	15000.043520	cloud-24679	OUT OF MEMORY	141.85040356	79.67690889500227	15000.051712	cloud-24261
eca-programs/Problem102_label56.yml	true	OUT OF MEMORY	117.416033316	66.90140649600289	15000.039424	cloud-24678	OUT OF MEMORY	137.642916906	77.15740850900329	15000.051712	cloud-23979
eca-programs/Problem102_label57.yml	true	OUT OF MEMORY	114.619575983	65.38793585800158	15000.039424	cloud-24642	OUT OF MEMORY	139.781024046	78.86914747600167	15000.055808	cloud-24261
eca-programs/Problem102_label58.yml	true	OUT OF MEMORY	115.70745225	66.05930361400169	15000.047616	cloud-24678	OUT OF MEMORY	115.561254821	65.27900505599973	15000.174592	cloud-23944
eca-programs/Problem102_label59.yml	false	OUT OF MEMORY	93.342577344	53.194545575010125	15000.432640	cloud-23940	OUT OF MEMORY	114.877580353	65.92816225500064	15000.178688	cloud-23943
eca-programs/Problem103_label32.yml	false	OUT OF MEMORY	87.920233929	51.291383686009794	15000.416256	cloud-23943	OUT OF MEMORY	125.610261818	70.46769238600018	15000.047616	cloud-23933
eca-programs/Problem103_label35.yml	false	OUT OF MEMORY	93.584877684	52.80537065901444	15000.170496	cloud-23941	OUT OF MEMORY	112.652578633	62.96388109399413	15000.051712	cloud-24261
eca-programs/Problem103_label40.yml	true	OUT OF MEMORY	95.673251763	53.524776078000286	15000.047616	cloud-24679	OUT OF MEMORY	110.151613932	61.38583631200163	15000.047616	cloud-24261
eca-programs/Problem103_label41.yml	false	OUT OF MEMORY	96.645647897	55.11449866899966	15000.047616	cloud-24642	OUT OF MEMORY	110.6551295	62.653067646002455	15000.055808	cloud-23979
eca-programs/Problem103_label42.yml	true	OUT OF MEMORY	73.00504807	41.457272319996264	15000.166400	cloud-23939	OUT OF MEMORY	95.107358693	53.95231814599538	15000.178688	cloud-23940
eca-programs/Problem103_label43.yml	true	OUT OF MEMORY	73.280258612	42.006260296009714	15000.428544	cloud-23942	OUT OF MEMORY	123.36443737	69.16091040200001	15000.055808	cloud-23933
eca-programs/Problem103_label44.yml	false	OUT OF MEMORY	101.577142103	57.8838249319997	15000.236032	cloud-24441	OUT OF MEMORY	95.883661565	55.091632823998225	15000.170496	cloud-23943
eca-programs/Problem103_label45.yml	true	OUT OF MEMORY	89.037440316	50.33553481000126	15000.043520	cloud-24678	OUT OF MEMORY	105.850279414	59.73396688799403	15000.260608	cloud-23979
eca-programs/Problem103_label46.yml	false	OUT OF MEMORY	96.902854569	54.8320375100011	15000.043520	cloud-24642	OUT OF MEMORY	115.831744402	65.25805681499332	15000.055808	cloud-23933
eca-programs/Problem103_label47.yml	false	OUT OF MEMORY	93.229505021	52.361914697998145	15000.047616	cloud-24642	OUT OF MEMORY	119.23327169	66.7025876560001	15000.051712	cloud-23933
eca-programs/Problem103_label48.yml	true	OUT OF MEMORY	98.014302245	56.876782105999155	15000.047616	cloud-24441	OUT OF MEMORY	141.457927217	79.44452398800058	15000.236032	cloud-23933
eca-programs/Problem103_label49.yml	true	OUT OF MEMORY	88.342691364	50.23957277199952	15000.412160	cloud-23941	OUT OF MEMORY	121.309844825	69.1489272079998	15000.051712	cloud-24261
eca-programs/Problem103_label50.yml	true	OUT OF MEMORY	88.302686189	50.379937246994814	15000.166400	cloud-23941	OUT OF MEMORY	123.682082247	69.64374969800701	15000.313856	cloud-24261
eca-programs/Problem103_label51.yml	false	OUT OF MEMORY	93.883333685	52.99970414799827	15000.047616	cloud-24679	OUT OF MEMORY	119.635776847	67.76011396400281	15000.047616	cloud-23933
eca-programs/Problem103_label52.yml	true	OUT OF MEMORY	85.003047165	48.812431394995656	15000.408064	cloud-23940	OUT OF MEMORY	89.688106943	51.49700037200091	15000.174592	cloud-23939
eca-programs/Problem103_label53.yml	false	OUT OF MEMORY	73.873200016	42.31913320499007	15000.420352	cloud-23940	OUT OF MEMORY	122.445183026	69.47166039299918	15000.051712	cloud-23933
eca-programs/Problem103_label54.yml	false	OUT OF MEMORY	92.380383873	52.61107261000143	15000.043520	cloud-24678	OUT OF MEMORY	96.184067609	54.59469221999461	15000.178688	cloud-23940
eca-programs/Problem103_label55.yml	true	OUT OF MEMORY	74.53597086	42.83699258699198	15000.346624	cloud-23939	OUT OF MEMORY	113.974057275	63.982369534998725	15000.047616	cloud-23979
eca-programs/Problem103_label56.yml	false	OUT OF MEMORY	75.941622296	43.34032400499564	15000.162304	cloud-23942	OUT OF MEMORY	146.520158867	83.22100032400002	15000.051712	cloud-23933
eca-programs/Problem103_label57.yml	false	OUT OF MEMORY	96.731219674	54.4042993919993	15000.039424	cloud-24678	OUT OF MEMORY	91.572540002	51.70767637700192	15000.305664	cloud-23940
eca-programs/Problem103_label58.yml	true	OUT OF MEMORY	88.595968498	50.19945581999855	15000.043520	cloud-24678	OUT OF MEMORY	141.976001826	80.33233705099701	15000.047616	cloud-23933
eca-programs/Problem103_label59.yml	false	OUT OF MEMORY	98.231646606	55.42363184399801	15000.047616	cloud-24642	OUT OF MEMORY	100.860994787	57.26504620499327	15000.174592	cloud-23944
