tools/baseline/theta-start.sh sv-benchmarks/c/loop-new/count_by_2.i --svcomp --portfolio 'PredCart(900, true, true) -> KInd()' --loglevel RESULT --output-directory ./output --property sv-benchmarks/c/properties/unreach-call.prp --architecture ILP32 --memlimit 15000000000


--------------------------------------------------------------------------------


LD_LIBRARY_PATH=/tmp/vcloud_worker_meres_on_bme-233008/run_dir_48a6da69-e21a-4d20-b6f9-ea0aab3f1eb4/tools/baseline/lib /usr/lib/jvm/java-17-openjdk-amd64/bin/java -Xss120m -Xmx14210m -jar /tmp/vcloud_worker_meres_on_bme-233008/run_dir_48a6da69-e21a-4d20-b6f9-ea0aab3f1eb4/tools/baseline/theta.jar --svcomp --portfolio PredCart(900, true, true) -> KInd() --loglevel RESULT --output-directory ./output --property sv-benchmarks/c/properties/unreach-call.prp --architecture ILP32 --memlimit 15000000000 --input sv-benchmarks/c/loop-new/count_by_2.i --smt-home /tmp/vcloud_worker_meres_on_bme-233008/run_dir_48a6da69-e21a-4d20-b6f9-ea0aab3f1eb4/tools/baseline/solvers
Arithmetic: []
ParsingResult Success
Alias graph size: 0 -> []
PARTS: [PredCart(900, true, true), KInd()]
Current configuration: XcfaConfig(inputConfig=InputConfig(inputFile=null, catFile=null, parseCtx=null, xcfaWCtx=present, propertyFile=null, property=ERROR_LOCATION, partialResult=null, frontendConfig=FrontendConfig(lbeLevel=LBE_SEQ, staticCoi=false, loopUnroll=1000, forceUnroll=-1, enableFew=false, inputType=C, specConfig=CFrontendConfig(arithmetic=efficient, architecture=ILP32)), backendConfig=BackendConfig(backend=CEGAR, solverHome=/home/benchexec/.theta, timeoutMs=900000, softTimeoutMs=900000, inProcess=true, parseInProcess=false, inPortfolio=true, memlimit=0, disablePartialResult=false, specConfig=CegarConfig(initPrec=EMPTY, porLevel=NOPOR, porRandomSeed=0, coi=NO_COI, cexMonitor=CHECK, iterationTimeHeuristic=true, abstractorConfig=CegarAbstractorConfig(abstractionSolver=Z3, validateAbstractionSolver=false, domain=PRED_CART, maxEnum=2, search=ERR, havocMemory=false), refinerConfig=CegarRefinerConfig(refinementSolver=Z3, validateRefinementSolver=false, refinement=SEQ_ITP, exprSplitter=CONJUNCTS, pruneStrategy=LAZY))), outputConfig=OutputConfig(versionInfo=false, enableOutput=true, resultFolder=./output/PredCart(900, true, true) -> KInd()/PredCart(900, true, true), acceptUnreliableSafe=false, cOutputConfig=COutputConfig(disable=true, useArr=false, useExArr=false, useRange=false), xcfaOutputConfig=XcfaOutputConfig(disable=true), chcOutputConfig=ChcOutputConfig(disable=true), witnessConfig=WitnessConfig(disable=false, svcomp=true, concretizerSolver=Z3, validateConcretizerSolver=false, inputFileForWitness=null), partialResultOutputConfig=PartialResultOutputConfig(enable=false, tempFileLocation=null), argConfig=ArgConfig(disable=true)), debugConfig=DebugConfig(debug=false, stacktrace=false, logLevel=INFO, argdebug=false, argToFile=false))
PartialResultJson: /dev/shm/partialResult8888367039436127679.json
server: Registered Legacy-Z3 SolverManager
server: Registered Z3 SolverManager
server: Registered JavaSMT SolverManager
server: Registered SMT-LIB SolverManager
server: Successfully loaded LocationInvariants from /dev/shm/partialResult8888367039436127679.json
server: [33m[WARN] LocationInvariants are empty map. Returning null!
server: [0mCEGARCHEKER: (CegarChecker (XcfaArgAbstractor (PriorityWaitlist XcfaDistToErrComparator)) (XcfaSingleExprTraceRefiner ExprTraceSeqItpChecker XcfaPrecRefiner))
server: Configuration: (CegarChecker (XcfaArgAbstractor (PriorityWaitlist XcfaDistToErrComparator)) (XcfaSingleExprTraceRefiner ExprTraceSeqItpChecker XcfaPrecRefiner))
server: TimeoutMs In Cegar:900000
server: Iteration 1
server: | Checking abstraction...
server: |  |  PrecisionSize: 0
server: |  |  (Re)initializing ARG...done
server: |  |  Starting ARG: 1 nodes, 1 incomplete, 0 unsafe
server: |  |  (StopCriterion FirstCex)...
server: |  |  Building ARG...
server: |  |  Finished ARG: 7 nodes, 3 incomplete, 1 unsafe
server: | Checking abstraction done, result: (AbstractorResult Unsafe)
server: | Refining abstraction...
server: |  |  Trace length: 4
server: |  |  Checking trace...done, result: (ExprTraceStatus Infeasible)
server: |  |  Pruning from index 2...done
server: Refining abstraction done, result: (RefinerResult Spurious)
server: ! Precision DID change in this iteration
server: Iteration took 0s to run! 
server: ExplPreictor: Predicted 0.200s, Real 0.177s 
server:               Weight 1.7 -> 0.9769669086512842 
server: Iteration 2
server: | Checking abstraction...
server: |  |  PrecisionSize: 1
server: |  |  Starting ARG: 2 nodes, 1 incomplete, 0 unsafe
server: |  |  (StopCriterion FirstCex)...
server: |  |  Building ARG...
server: |  |  Finished ARG: 9 nodes, 3 incomplete, 1 unsafe
server: | Checking abstraction done, result: (AbstractorResult Unsafe)
server: | Refining abstraction...
server: |  |  Trace length: 5
server: |  |  Checking trace...done, result: (ExprTraceStatus Infeasible)
server: |  |  Pruning from index 2...done
server: Refining abstraction done, result: (RefinerResult Spurious)
server: ! Precision DID change in this iteration
server: Iteration took 0s to run! 
server: ExplPreictor: Predicted 0.157s, Real 0.221s 
server:               Weight 0.9769669086512842 -> 1.0210358053479751 
server: Iteration 3
server: | Checking abstraction...
server: |  |  PrecisionSize: 3
server: |  |  Starting ARG: 2 nodes, 1 incomplete, 0 unsafe
server: |  |  (StopCriterion FirstCex)...
server: |  |  Building ARG...
server: |  |  Finished ARG: 13 nodes, 3 incomplete, 1 unsafe
server: | Checking abstraction done, result: (AbstractorResult Unsafe)
server: | Refining abstraction...
server: |  |  Trace length: 7
server: |  |  Checking trace...done, result: (ExprTraceStatus Infeasible)
server: |  |  Pruning from index 3...done
server: Refining abstraction done, result: (RefinerResult Spurious)
server: ! Precision DID change in this iteration
server: Iteration took 0s to run! 
server: ExplPreictor: Predicted 0.248s, Real 0.287s 
server:               Weight 1.0210358053479751 -> 1.0232064582765785 
server: Iteration 4
server: | Checking abstraction...
server: |  |  PrecisionSize: 5
server: |  |  Starting ARG: 4 nodes, 1 incomplete, 0 unsafe
server: |  |  (StopCriterion FirstCex)...
server: |  |  Building ARG...
server: |  |  Finished ARG: 17 nodes, 3 incomplete, 1 unsafe
server: | Checking abstraction done, result: (AbstractorResult Unsafe)
server: | Refining abstraction...
server: |  |  Trace length: 9
server: |  |  Checking trace...done, result: (ExprTraceStatus Infeasible)
server: |  |  Pruning from index 3...done
server: Refining abstraction done, result: (RefinerResult Spurious)
server: ! Precision DID change in this iteration
server: Iteration took 0s to run! 
server: ExplPreictor: Predicted 0.327s, Real 0.351s 
server:               Weight 1.0232064582765785 -> 1.0198489538991686 
server: Iteration 5
server: | Checking abstraction...
server: |  |  PrecisionSize: 7
server: |  |  Starting ARG: 4 nodes, 1 incomplete, 0 unsafe
server: |  |  (StopCriterion FirstCex)...
server: |  |  Building ARG...
server: |  |  Finished ARG: 21 nodes, 3 incomplete, 1 unsafe
server: | Checking abstraction done, result: (AbstractorResult Unsafe)
server: | Refining abstraction...
server: |  |  Trace length: 11
server: |  |  Checking trace...done, result: (ExprTraceStatus Infeasible)
server: |  |  Pruning from index 3...done
server: Refining abstraction done, result: (RefinerResult Spurious)
server: ! Precision DID change in this iteration
server: Iteration took 0s to run! 
server: ExplPreictor: Predicted 0.394s, Real 0.447s 
server:               Weight 1.0198489538991686 -> 1.0201345096478531 
server: Iteration 6
server: | Checking abstraction...
server: |  |  PrecisionSize: 9
server: |  |  Starting ARG: 4 nodes, 1 incomplete, 0 unsafe
server: |  |  (StopCriterion FirstCex)...
server: |  |  Building ARG...
server: |  |  Finished ARG: 25 nodes, 3 incomplete, 1 unsafe
server: | Checking abstraction done, result: (AbstractorResult Unsafe)
server: | Refining abstraction...
server: |  |  Trace length: 13
server: |  |  Checking trace...done, result: (ExprTraceStatus Infeasible)
server: |  |  Pruning from index 3...done
server: Refining abstraction done, result: (RefinerResult Spurious)
server: ! Precision DID change in this iteration
server: Iteration took 0s to run! 
server: ExplPreictor: Predicted 0.505s, Real 0.548s 
server:               Weight 1.0201345096478531 -> 1.018555438226776 
server: Iteration 7
server: | Checking abstraction...
server: |  |  PrecisionSize: 11
server: |  |  Starting ARG: 4 nodes, 1 incomplete, 0 unsafe
server: |  |  (StopCriterion FirstCex)...
server: |  |  Building ARG...
server: |  |  Finished ARG: 29 nodes, 3 incomplete, 1 unsafe
server: | Checking abstraction done, result: (AbstractorResult Unsafe)
server: | Refining abstraction...
server: |  |  Trace length: 15
server: |  |  Checking trace...done, result: (ExprTraceStatus Infeasible)
server: |  |  Pruning from index 3...done
server: Refining abstraction done, result: (RefinerResult Spurious)
server: ! Precision DID change in this iteration
server: Iteration took 0s to run! 
server: ExplPreictor: Predicted 0.616s, Real 0.660s 
server:               Weight 1.018555438226776 -> 1.0170164961756218 
server: Iteration 8
server: | Checking abstraction...
server: |  |  PrecisionSize: 13
server: |  |  Starting ARG: 4 nodes, 1 incomplete, 0 unsafe
server: |  |  (StopCriterion FirstCex)...
server: |  |  Building ARG...
server: |  |  Finished ARG: 33 nodes, 3 incomplete, 1 unsafe
server: | Checking abstraction done, result: (AbstractorResult Unsafe)
server: | Refining abstraction...
server: |  |  Trace length: 17
server: |  |  Checking trace...done, result: (ExprTraceStatus Infeasible)
server: |  |  Pruning from index 3...done
server: Refining abstraction done, result: (RefinerResult Spurious)
server: ! Precision DID change in this iteration
server: Iteration took 0s to run! 
server: ExplPreictor: Predicted 0.737s, Real 0.780s 
server:               Weight 1.0170164961756218 -> 1.0155126866174162 
server: Iteration 9
server: | Checking abstraction...
server: |  |  PrecisionSize: 15
server: |  |  Starting ARG: 4 nodes, 1 incomplete, 0 unsafe
server: |  |  (StopCriterion FirstCex)...
server: |  |  Building ARG...
server: |  |  Finished ARG: 37 nodes, 3 incomplete, 1 unsafe
server: | Checking abstraction done, result: (AbstractorResult Unsafe)
server: | Refining abstraction...
server: |  |  Trace length: 19
server: |  |  Checking trace...done, result: (ExprTraceStatus Infeasible)
server: |  |  Pruning from index 3...done
server: Refining abstraction done, result: (RefinerResult Spurious)
server: ! Precision DID change in this iteration
server: Iteration took 0s to run! 
server: ExplPreictor: Predicted 0.865s, Real 1.007s 
server:               Weight 1.0155126866174162 -> 1.0166499530099091 
server: Iteration 10
server: | Checking abstraction...
server: |  |  PrecisionSize: 17
server: |  |  Starting ARG: 4 nodes, 1 incomplete, 0 unsafe
server: |  |  (StopCriterion FirstCex)...
server: |  |  Building ARG...
server: |  |  Finished ARG: 41 nodes, 3 incomplete, 1 unsafe
server: | Checking abstraction done, result: (AbstractorResult Unsafe)
server: | Refining abstraction...
server: |  |  Trace length: 21
server: |  |  Checking trace...done, result: (ExprTraceStatus Infeasible)
server: |  |  Pruning from index 3...done
server: Refining abstraction done, result: (RefinerResult Spurious)
server: ! Precision DID change in this iteration
server: Iteration took 0s to run! 
server: ExplPreictor: Predicted 1.130s, Real 1.269s 
server:               Weight 1.0166499530099091 -> 1.016629608868325 
server: Iteration 11
server: | Checking abstraction...
server: |  |  PrecisionSize: 19
server: |  |  Starting ARG: 4 nodes, 1 incomplete, 0 unsafe
server: |  |  (StopCriterion FirstCex)...
server: |  |  Building ARG...
server: |  |  Finished ARG: 45 nodes, 3 incomplete, 1 unsafe
server: | Checking abstraction done, result: (AbstractorResult Unsafe)
server: | Refining abstraction...
server: |  |  Trace length: 23
server: |  |  Checking trace...done, result: (ExprTraceStatus Infeasible)
server: |  |  Pruning from index 3...done
server: Refining abstraction done, result: (RefinerResult Spurious)
server: ! Precision DID change in this iteration
server: Iteration took 0s to run! 
server: ExplPreictor: Predicted 1.429s, Real 1.542s 
server:               Weight 1.016629608868325 -> 1.0157232115601769 
server: Iteration 12
server: | Checking abstraction...
server: |  |  PrecisionSize: 21
server: |  |  Starting ARG: 4 nodes, 1 incomplete, 0 unsafe
server: |  |  (StopCriterion FirstCex)...
server: |  |  Building ARG...
server: |  |  Finished ARG: 49 nodes, 3 incomplete, 1 unsafe
server: | Checking abstraction done, result: (AbstractorResult Unsafe)
server: | Refining abstraction...
server: |  |  Trace length: 25
server: |  |  Checking trace...done, result: (ExprTraceStatus Infeasible)
server: |  |  Pruning from index 3...done
server: Refining abstraction done, result: (RefinerResult Spurious)
server: ! Precision DID change in this iteration
server: Iteration took 0s to run! 
server: ExplPreictor: Predicted 1.731s, Real 1.906s 
server:               Weight 1.0157232115601769 -> 1.0153370259055208 
server: Iteration 13
server: | Checking abstraction...
server: |  |  PrecisionSize: 23
server: |  |  Starting ARG: 4 nodes, 1 incomplete, 0 unsafe
server: |  |  (StopCriterion FirstCex)...
server: |  |  Building ARG...
server: |  |  Finished ARG: 53 nodes, 3 incomplete, 1 unsafe
server: | Checking abstraction done, result: (AbstractorResult Unsafe)
server: | Refining abstraction...
server: |  |  Trace length: 27
server: |  |  Checking trace...done, result: (ExprTraceStatus Infeasible)
server: |  |  Pruning from index 3...done
server: Refining abstraction done, result: (RefinerResult Spurious)
server: ! Precision DID change in this iteration
server: Iteration took 0s to run! 
server: ExplPreictor: Predicted 2.140s, Real 2.308s 
server:               Weight 1.0153370259055208 -> 1.0146087736716611 
server: Iteration 14
server: | Checking abstraction...
server: |  |  PrecisionSize: 25
server: |  |  Starting ARG: 4 nodes, 1 incomplete, 0 unsafe
server: |  |  (StopCriterion FirstCex)...
server: |  |  Building ARG...
server: |  |  Finished ARG: 57 nodes, 3 incomplete, 1 unsafe
server: | Checking abstraction done, result: (AbstractorResult Unsafe)
server: | Refining abstraction...
server: |  |  Trace length: 29
server: |  |  Checking trace...done, result: (ExprTraceStatus Infeasible)
server: |  |  Pruning from index 3...done
server: Refining abstraction done, result: (RefinerResult Spurious)
server: ! Precision DID change in this iteration
server: Iteration took 0s to run! 
server: ExplPreictor: Predicted 2.584s, Real 2.711s 
server:               Weight 1.0146087736716611 -> 1.013528272833033 
server: Iteration 15
server: | Checking abstraction...
server: |  |  PrecisionSize: 27
server: |  |  Starting ARG: 4 nodes, 1 incomplete, 0 unsafe
server: |  |  (StopCriterion FirstCex)...
server: |  |  Building ARG...
server: |  |  Finished ARG: 61 nodes, 3 incomplete, 1 unsafe
server: | Checking abstraction done, result: (AbstractorResult Unsafe)
server: | Refining abstraction...
server: |  |  Trace length: 31
server: |  |  Checking trace...done, result: (ExprTraceStatus Infeasible)
server: |  |  Pruning from index 3...done
server: Refining abstraction done, result: (RefinerResult Spurious)
server: ! Precision DID change in this iteration
server: Iteration took 0s to run! 
server: ExplPreictor: Predicted 3.017s, Real 3.137s 
server:               Weight 1.013528272833033 -> 1.0124829610831456 
server: Iteration 16
server: | Checking abstraction...
server: |  |  PrecisionSize: 29
server: |  |  Starting ARG: 4 nodes, 1 incomplete, 0 unsafe
server: |  |  (StopCriterion FirstCex)...
server: |  |  Building ARG...
server: |  |  Finished ARG: 65 nodes, 3 incomplete, 1 unsafe
server: | Checking abstraction done, result: (AbstractorResult Unsafe)
server: | Refining abstraction...
server: |  |  Trace length: 33
server: |  |  Checking trace...done, result: (ExprTraceStatus Infeasible)
server: |  |  Pruning from index 3...done
server: Refining abstraction done, result: (RefinerResult Spurious)
server: ! Precision DID change in this iteration
server: Iteration took 0s to run! 
server: ExplPreictor: Predicted 3.469s, Real 3.656s 
server:               Weight 1.0124829610831456 -> 1.0117885122583976 
server: Iteration 17
server: | Checking abstraction...
server: |  |  PrecisionSize: 31
server: |  |  Starting ARG: 4 nodes, 1 incomplete, 0 unsafe
server: |  |  (StopCriterion FirstCex)...
server: |  |  Building ARG...
server: |  |  Finished ARG: 69 nodes, 3 incomplete, 1 unsafe
server: | Checking abstraction done, result: (AbstractorResult Unsafe)
server: | Refining abstraction...
server: |  |  Trace length: 35
server: |  |  Checking trace...done, result: (ExprTraceStatus Infeasible)
server: |  |  Pruning from index 3...done
server: Refining abstraction done, result: (RefinerResult Spurious)
server: ! Precision DID change in this iteration
server: Iteration took 0s to run! 
server: ExplPreictor: Predicted 4.027s, Real 4.145s 
server:               Weight 1.0117885122583976 -> 1.0108683689475992 
server: Iteration 18
server: | Checking abstraction...
server: |  |  PrecisionSize: 33
server: |  |  Starting ARG: 4 nodes, 1 incomplete, 0 unsafe
server: |  |  (StopCriterion FirstCex)...
server: |  |  Building ARG...
server: |  |  Finished ARG: 73 nodes, 3 incomplete, 1 unsafe
server: | Checking abstraction done, result: (AbstractorResult Unsafe)
server: | Refining abstraction...
server: |  |  Trace length: 37
server: |  |  Checking trace...done, result: (ExprTraceStatus Infeasible)
server: |  |  Pruning from index 3...done
server: Refining abstraction done, result: (RefinerResult Spurious)
server: ! Precision DID change in this iteration
server: Iteration took 0s to run! 
server: ExplPreictor: Predicted 4.538s, Real 4.790s 
server:               Weight 1.0108683689475992 -> 1.0103972872225524 
server: Iteration 19
server: | Checking abstraction...
server: |  |  PrecisionSize: 35
server: |  |  Starting ARG: 4 nodes, 1 incomplete, 0 unsafe
server: |  |  (StopCriterion FirstCex)...
server: |  |  Building ARG...
server: |  |  Finished ARG: 77 nodes, 3 incomplete, 1 unsafe
server: | Checking abstraction done, result: (AbstractorResult Unsafe)
server: | Refining abstraction...
server: |  |  Trace length: 39
server: |  |  Checking trace...done, result: (ExprTraceStatus Infeasible)
server: |  |  Pruning from index 3...done
server: Refining abstraction done, result: (RefinerResult Spurious)
server: ! Precision DID change in this iteration
server: Iteration took 0s to run! 
server: ExplPreictor: Predicted 5.231s, Real 5.380s 
server:               Weight 1.0103972872225524 -> 1.0096674088799908 
server: Iteration 20
server: | Checking abstraction...
server: |  |  PrecisionSize: 37
server: |  |  Starting ARG: 4 nodes, 1 incomplete, 0 unsafe
server: |  |  (StopCriterion FirstCex)...
server: |  |  Building ARG...
server: |  |  Finished ARG: 81 nodes, 3 incomplete, 1 unsafe
server: | Checking abstraction done, result: (AbstractorResult Unsafe)
server: | Refining abstraction...
server: |  |  Trace length: 41
server: |  |  Checking trace...done, result: (ExprTraceStatus Infeasible)
server: |  |  Pruning from index 3...done
server: Refining abstraction done, result: (RefinerResult Spurious)
server: ! Precision DID change in this iteration
server: Iteration took 0s to run! 
server: ExplPreictor: Predicted 5.846s, Real 6.052s 
server:               Weight 1.0096674088799908 -> 1.0091073894115528 
server: Iteration 21
server: | Checking abstraction...
server: |  |  PrecisionSize: 39
server: |  |  Starting ARG: 4 nodes, 1 incomplete, 0 unsafe
server: |  |  (StopCriterion FirstCex)...
server: |  |  Building ARG...
server: |  |  Finished ARG: 85 nodes, 3 incomplete, 1 unsafe
server: | Checking abstraction done, result: (AbstractorResult Unsafe)
server: | Refining abstraction...
server: |  |  Trace length: 43
server: |  |  Checking trace...done, result: (ExprTraceStatus Infeasible)
server: |  |  Pruning from index 3...done
server: Refining abstraction done, result: (RefinerResult Spurious)
server: ! Precision DID change in this iteration
server: Iteration took 0s to run! 
server: ExplPreictor: Predicted 6.552s, Real 6.762s 
server:               Weight 1.0091073894115528 -> 1.0085813653353517 
server: Iteration 22
server: | Checking abstraction...
server: |  |  PrecisionSize: 41
server: |  |  Starting ARG: 4 nodes, 1 incomplete, 0 unsafe
server: |  |  (StopCriterion FirstCex)...
server: |  |  Building ARG...
server: |  |  Finished ARG: 89 nodes, 3 incomplete, 1 unsafe
server: | Checking abstraction done, result: (AbstractorResult Unsafe)
server: | Refining abstraction...
server: |  |  Trace length: 45
server: |  |  Checking trace...done, result: (ExprTraceStatus Infeasible)
server: |  |  Pruning from index 3...done
server: Refining abstraction done, result: (RefinerResult Spurious)
server: ! Precision DID change in this iteration
server: Iteration took 0s to run! 
server: ExplPreictor: Predicted 7.294s, Real 7.499s 
server:               Weight 1.0085813653353517 -> 1.008076482702159 
server: Iteration 23
server: | Checking abstraction...
server: |  |  PrecisionSize: 43
server: |  |  Starting ARG: 4 nodes, 1 incomplete, 0 unsafe
server: |  |  (StopCriterion FirstCex)...
server: |  |  Building ARG...
server: |  |  Finished ARG: 93 nodes, 3 incomplete, 1 unsafe
server: | Checking abstraction done, result: (AbstractorResult Unsafe)
server: | Refining abstraction...
server: |  |  Trace length: 47
server: |  |  Checking trace...done, result: (ExprTraceStatus Infeasible)
server: |  |  Pruning from index 3...done
server: Refining abstraction done, result: (RefinerResult Spurious)
server: ! Precision DID change in this iteration
server: Iteration took 0s to run! 
server: ExplPreictor: Predicted 8.059s, Real 8.367s 
server:               Weight 1.008076482702159 -> 1.0077257170560638 
server: Iteration 24
server: | Checking abstraction...
server: |  |  PrecisionSize: 45
server: |  |  Starting ARG: 4 nodes, 1 incomplete, 0 unsafe
server: |  |  (StopCriterion FirstCex)...
server: |  |  Building ARG...
server: |  |  Finished ARG: 97 nodes, 3 incomplete, 1 unsafe
server: | Checking abstraction done, result: (AbstractorResult Unsafe)
server: | Refining abstraction...
server: |  |  Trace length: 49
server: |  |  Checking trace...done, result: (ExprTraceStatus Infeasible)
server: |  |  Pruning from index 3...done
server: Refining abstraction done, result: (RefinerResult Spurious)
server: ! Precision DID change in this iteration
server: Iteration took 1s to run! 
server: ExplPreictor: Predicted 8.972s, Real 9.672s 
server:               Weight 1.0077257170560638 -> 1.0077721657167835 
server: Iteration 25
server: | Checking abstraction...
server: |  |  PrecisionSize: 47
server: |  |  Starting ARG: 4 nodes, 1 incomplete, 0 unsafe
server: |  |  (StopCriterion FirstCex)...
server: |  |  Building ARG...
server: |  |  Finished ARG: 101 nodes, 3 incomplete, 1 unsafe
server: | Checking abstraction done, result: (AbstractorResult Unsafe)
server: | Refining abstraction...
server: |  |  Trace length: 51
server: |  |  Checking trace...done, result: (ExprTraceStatus Infeasible)
server: |  |  Pruning from index 3...done
server: Refining abstraction done, result: (RefinerResult Spurious)
server: ! Precision DID change in this iteration
server: Iteration took 0s to run! 
server: ExplPreictor: Predicted 10.387s, Real 10.651s 
server:               Weight 1.0077721657167835 -> 1.0073379480503346 
server: Iteration 26
server: | Checking abstraction...
server: |  |  PrecisionSize: 49
server: |  |  Starting ARG: 4 nodes, 1 incomplete, 0 unsafe
server: |  |  (StopCriterion FirstCex)...
server: |  |  Building ARG...
server: |  |  Finished ARG: 105 nodes, 3 incomplete, 1 unsafe
server: | Checking abstraction done, result: (AbstractorResult Unsafe)
server: | Refining abstraction...
server: |  |  Trace length: 53
server: |  |  Checking trace...done, result: (ExprTraceStatus Infeasible)
server: |  |  Pruning from index 3...done
server: Refining abstraction done, result: (RefinerResult Spurious)
server: ! Precision DID change in this iteration
server: Iteration took 1s to run! 
server: ExplPreictor: Predicted 11.401s, Real 11.759s 
server:               Weight 1.0073379480503346 -> 1.0070012091017928 
server: Iteration 27
server: | Checking abstraction...
server: |  |  PrecisionSize: 51
server: |  |  Starting ARG: 4 nodes, 1 incomplete, 0 unsafe
server: |  |  (StopCriterion FirstCex)...
server: |  |  Building ARG...
server: |  |  Finished ARG: 109 nodes, 3 incomplete, 1 unsafe
server: | Checking abstraction done, result: (AbstractorResult Unsafe)
server: | Refining abstraction...
server: |  |  Trace length: 55
server: |  |  Checking trace...done, result: (ExprTraceStatus Infeasible)
server: |  |  Pruning from index 3...done
server: Refining abstraction done, result: (RefinerResult Spurious)
server: ! Precision DID change in this iteration
server: Iteration took 1s to run! 
server: ExplPreictor: Predicted 12.556s, Real 13.172s 
server:               Weight 1.0070012091017928 -> 1.0068436145214505 
server: Iteration 28
server: | Checking abstraction...
server: |  |  PrecisionSize: 53
server: |  |  Starting ARG: 4 nodes, 1 incomplete, 0 unsafe
server: |  |  (StopCriterion FirstCex)...
server: |  |  Building ARG...
server: |  |  Finished ARG: 113 nodes, 3 incomplete, 1 unsafe
server: | Checking abstraction done, result: (AbstractorResult Unsafe)
server: | Refining abstraction...
server: |  |  Trace length: 57
server: |  |  Checking trace...done, result: (ExprTraceStatus Infeasible)
server: |  |  Pruning from index 3...done
server: Refining abstraction done, result: (RefinerResult Spurious)
server: ! Precision DID change in this iteration
server: Iteration took 1s to run! 
server: ExplPreictor: Predicted 14.055s, Real 14.578s 
server:               Weight 1.0068436145214505 -> 1.0066015770715577 
server: Iteration 29
server: | Checking abstraction...
server: |  |  PrecisionSize: 55
server: |  |  Starting ARG: 4 nodes, 1 incomplete, 0 unsafe
server: |  |  (StopCriterion FirstCex)...
server: |  |  Building ARG...
server: |  |  Finished ARG: 117 nodes, 3 incomplete, 1 unsafe
server: | Checking abstraction done, result: (AbstractorResult Unsafe)
server: | Refining abstraction...
server: |  |  Trace length: 59
server: |  |  Checking trace...done, result: (ExprTraceStatus Infeasible)
server: |  |  Pruning from index 3...done
server: Refining abstraction done, result: (RefinerResult Spurious)
server: ! Precision DID change in this iteration
server: Iteration took 2s to run! 
server: ExplPreictor: Predicted 15.530s, Real 16.673s 
server:               Weight 1.0066015770715577 -> 1.00666077340186 
server: Iteration 30
server: | Checking abstraction...
server: |  |  PrecisionSize: 57
server: |  |  Starting ARG: 4 nodes, 1 incomplete, 0 unsafe
server: |  |  (StopCriterion FirstCex)...
server: |  |  Building ARG...
server: |  |  Finished ARG: 121 nodes, 3 incomplete, 1 unsafe
server: | Checking abstraction done, result: (AbstractorResult Unsafe)
server: | Refining abstraction...
server: |  |  Trace length: 61
server: |  |  Checking trace...done, result: (ExprTraceStatus Infeasible)
server: |  |  Pruning from index 3...done
server: Refining abstraction done, result: (RefinerResult Spurious)
server: ! Precision DID change in this iteration
server: Iteration took 2s to run! 
server: ExplPreictor: Predicted 17.788s, Real 18.675s 
server:               Weight 1.00666077340186 -> 1.0065296559929153 
server: Iteration 31
server: | Checking abstraction...
server: |  |  PrecisionSize: 59
server: |  |  Starting ARG: 4 nodes, 1 incomplete, 0 unsafe
server: |  |  (StopCriterion FirstCex)...
server: |  |  Building ARG...
server: |  |  Finished ARG: 125 nodes, 3 incomplete, 1 unsafe
server: | Checking abstraction done, result: (AbstractorResult Unsafe)
server: | Refining abstraction...
server: |  |  Trace length: 63
server: |  |  Checking trace...done, result: (ExprTraceStatus Infeasible)
server: |  |  Pruning from index 3...done
server: Refining abstraction done, result: (RefinerResult Spurious)
server: ! Precision DID change in this iteration
server: Iteration took 1s to run! 
server: ExplPreictor: Predicted 19.914s, Real 20.649s 
server:               Weight 1.0065296559929153 -> 1.0063107672230927 
server: Iteration 32
server: | Checking abstraction...
server: |  |  PrecisionSize: 61
server: |  |  Starting ARG: 4 nodes, 1 incomplete, 0 unsafe
server: |  |  (StopCriterion FirstCex)...
server: |  |  Building ARG...
server: |  |  Finished ARG: 129 nodes, 3 incomplete, 1 unsafe
server: | Checking abstraction done, result: (AbstractorResult Unsafe)
server: | Refining abstraction...
server: |  |  Trace length: 65
server: |  |  Checking trace...done, result: (ExprTraceStatus Infeasible)
server: |  |  Pruning from index 3...done
server: Refining abstraction done, result: (RefinerResult Spurious)
server: ! Precision DID change in this iteration
server: Iteration took 2s to run! 
server: ExplPreictor: Predicted 21.985s, Real 22.724s 
server:               Weight 1.0063107672230927 -> 1.0060852601029389 
server: Iteration 33
server: | Checking abstraction...
server: |  |  PrecisionSize: 63
server: |  |  Starting ARG: 4 nodes, 1 incomplete, 0 unsafe
server: |  |  (StopCriterion FirstCex)...
server: |  |  Building ARG...
server: |  |  Finished ARG: 133 nodes, 3 incomplete, 1 unsafe
server: | Checking abstraction done, result: (AbstractorResult Unsafe)
server: | Refining abstraction...
server: |  |  Trace length: 67
server: |  |  Checking trace...done, result: (ExprTraceStatus Infeasible)
server: |  |  Pruning from index 3...done
server: Refining abstraction done, result: (RefinerResult Spurious)
server: ! Precision DID change in this iteration
server: Iteration took 2s to run! 
server: ExplPreictor: Predicted 24.154s, Real 25.203s 
server:               Weight 1.0060852601029389 -> 1.0059469820687605 
server: Iteration 34
server: | Checking abstraction...
server: |  |  PrecisionSize: 65
server: |  |  Starting ARG: 4 nodes, 1 incomplete, 0 unsafe
server: |  |  (StopCriterion FirstCex)...
server: |  |  Building ARG...
server: |  |  Finished ARG: 137 nodes, 3 incomplete, 1 unsafe
server: | Checking abstraction done, result: (AbstractorResult Unsafe)
server: | Refining abstraction...
server: |  |  Trace length: 69
server: |  |  Checking trace...done, result: (ExprTraceStatus Infeasible)
server: |  |  Pruning from index 3...done
server: Refining abstraction done, result: (RefinerResult Spurious)
server: ! Precision DID change in this iteration
server: Iteration took 2s to run! 
server: ExplPreictor: Predicted 26.769s, Real 27.621s 
server:               Weight 1.0059469820687605 -> 1.0057380679486956 
server: Iteration 35
server: | Checking abstraction...
server: |  |  PrecisionSize: 67
server: |  |  Starting ARG: 4 nodes, 1 incomplete, 0 unsafe
server: |  |  (StopCriterion FirstCex)...
server: |  |  Building ARG...
server: |  |  Finished ARG: 141 nodes, 3 incomplete, 1 unsafe
server: | Checking abstraction done, result: (AbstractorResult Unsafe)
server: | Refining abstraction...
server: |  |  Trace length: 71
server: |  |  Checking trace...done, result: (ExprTraceStatus Infeasible)
server: |  |  Pruning from index 3...done
server: Refining abstraction done, result: (RefinerResult Spurious)
server: ! Precision DID change in this iteration
server: Iteration took 2s to run! 
server: ExplPreictor: Predicted 29.290s, Real 29.957s 
server:               Weight 1.0057380679486956 -> 1.0054839819047539 
server: Iteration 36
server: | Checking abstraction...
server: |  |  PrecisionSize: 69
server: |  |  Starting ARG: 4 nodes, 1 incomplete, 0 unsafe
server: |  |  (StopCriterion FirstCex)...
server: |  |  Building ARG...
server: |  |  Finished ARG: 145 nodes, 3 incomplete, 1 unsafe
server: | Checking abstraction done, result: (AbstractorResult Unsafe)
server: | Refining abstraction...
server: |  |  Trace length: 73
server: |  |  Checking trace...done, result: (ExprTraceStatus Infeasible)
server: |  |  Pruning from index 3...done
server: Refining abstraction done, result: (RefinerResult Spurious)
server: ! Precision DID change in this iteration
server: Iteration took 2s to run! 
server: ExplPreictor: Predicted 31.699s, Real 32.915s 
server:               Weight 1.0054839819047539 -> 1.0053536129920464 
server: Iteration 37
server: | Checking abstraction...
server: |  |  PrecisionSize: 71
server: |  |  Starting ARG: 4 nodes, 1 incomplete, 0 unsafe
server: |  |  (StopCriterion FirstCex)...
server: |  |  Building ARG...
server: |  |  Finished ARG: 149 nodes, 3 incomplete, 1 unsafe
server: | Checking abstraction done, result: (AbstractorResult Unsafe)
server: | Refining abstraction...
server: |  |  Trace length: 75
server: |  |  Checking trace...done, result: (ExprTraceStatus Infeasible)
server: |  |  Pruning from index 3...done
server: Refining abstraction done, result: (RefinerResult Spurious)
server: ! Precision DID change in this iteration
server: Iteration took 2s to run! 
server: ExplPreictor: Predicted 34.800s, Real 35.770s 
server:               Weight 1.0053536129920464 -> 1.0051643810889666 
server: Iteration 38
server: | Checking abstraction...
server: |  |  PrecisionSize: 73
server: |  |  Starting ARG: 4 nodes, 1 incomplete, 0 unsafe
server: |  |  (StopCriterion FirstCex)...
server: |  |  Building ARG...
server: |  |  Finished ARG: 153 nodes, 3 incomplete, 1 unsafe
server: | Checking abstraction done, result: (AbstractorResult Unsafe)
server: | Refining abstraction...
server: |  |  Trace length: 77
server: |  |  Checking trace...done, result: (ExprTraceStatus Infeasible)
server: |  |  Pruning from index 3...done
server: Refining abstraction done, result: (RefinerResult Spurious)
server: ! Precision DID change in this iteration
server: Iteration took 2s to run! 
server: ExplPreictor: Predicted 37.760s, Real 38.402s 
server:               Weight 1.0051643810889666 -> 1.0049203130081932 
server: Iteration 39
server: | Checking abstraction...
server: |  |  PrecisionSize: 75
server: |  |  Starting ARG: 4 nodes, 1 incomplete, 0 unsafe
server: |  |  (StopCriterion FirstCex)...
server: |  |  Building ARG...
server: |  |  Finished ARG: 157 nodes, 3 incomplete, 1 unsafe
server: | Checking abstraction done, result: (AbstractorResult Unsafe)
server: | Refining abstraction...
server: |  |  Trace length: 79
server: |  |  Checking trace...done, result: (ExprTraceStatus Infeasible)
server: |  |  Pruning from index 3...done
server: Refining abstraction done, result: (RefinerResult Spurious)
server: ! Precision DID change in this iteration
server: Iteration took 2s to run! 
server: ExplPreictor: Predicted 40.449s, Real 41.062s 
server:               Weight 1.0049203130081932 -> 1.004684305645583 
server: Iteration 40
server: | Checking abstraction...
server: |  |  PrecisionSize: 77
server: |  |  Starting ARG: 4 nodes, 1 incomplete, 0 unsafe
server: |  |  (StopCriterion FirstCex)...
server: |  |  Building ARG...
server: |  |  Finished ARG: 161 nodes, 3 incomplete, 1 unsafe
server: | Checking abstraction done, result: (AbstractorResult Unsafe)
server: | Refining abstraction...
server: |  |  Trace length: 81
server: |  |  Checking trace...done, result: (ExprTraceStatus Infeasible)
server: |  |  Pruning from index 3...done
server: Refining abstraction done, result: (RefinerResult Spurious)
server: ! Precision DID change in this iteration
server: Iteration took 3s to run! 
server: ExplPreictor: Predicted 43.157s, Real 44.824s 
server:               Weight 1.004684305645583 -> 1.0046091437344415 
server: Iteration 41
server: | Checking abstraction...
server: |  |  PrecisionSize: 79
server: |  |  Starting ARG: 4 nodes, 1 incomplete, 0 unsafe
server: |  |  (StopCriterion FirstCex)...
server: |  |  Building ARG...
server: |  |  Finished ARG: 165 nodes, 3 incomplete, 1 unsafe
server: | Checking abstraction done, result: (AbstractorResult Unsafe)
server: | Refining abstraction...
server: |  |  Trace length: 83
server: |  |  Checking trace...done, result: (ExprTraceStatus Infeasible)
server: |  |  Pruning from index 3...done
server: Refining abstraction done, result: (RefinerResult Spurious)
server: ! Precision DID change in this iteration
server: Iteration took 3s to run! 
server: ExplPreictor: Predicted 47.092s, Real 48.750s 
server:               Weight 1.0046091437344415 -> 1.0045176746889042 
server: Iteration 42
server: | Checking abstraction...
server: |  |  PrecisionSize: 81
server: |  |  Starting ARG: 4 nodes, 1 incomplete, 0 unsafe
server: |  |  (StopCriterion FirstCex)...
server: |  |  Building ARG...
server: |  |  Finished ARG: 169 nodes, 3 incomplete, 1 unsafe
server: | Checking abstraction done, result: (AbstractorResult Unsafe)
server: | Refining abstraction...
server: |  |  Trace length: 85
server: |  |  Checking trace...done, result: (ExprTraceStatus Infeasible)
server: |  |  Pruning from index 3...done
server: Refining abstraction done, result: (RefinerResult Spurious)
server: ! Precision DID change in this iteration
server: Iteration took 4s to run! 
server: ExplPreictor: Predicted 51.186s, Real 53.404s 
server:               Weight 1.0045176746889042 -> 1.004478335156641 
server: Iteration 43
server: | Checking abstraction...
server: |  |  PrecisionSize: 83
server: |  |  Starting ARG: 4 nodes, 1 incomplete, 0 unsafe
server: |  |  (StopCriterion FirstCex)...
server: |  |  Building ARG...
server: |  |  Finished ARG: 173 nodes, 3 incomplete, 1 unsafe
server: | Checking abstraction done, result: (AbstractorResult Unsafe)
server: | Refining abstraction...
server: |  |  Trace length: 87
server: |  |  Checking trace...done, result: (ExprTraceStatus Infeasible)
server: |  |  Pruning from index 3...done
server: Refining abstraction done, result: (RefinerResult Spurious)
server: ! Precision DID change in this iteration
server: Iteration took 4s to run! 
server: ExplPreictor: Predicted 56.072s, Real 57.823s 
server:               Weight 1.004478335156641 -> 1.0043711563727018 
server: Iteration 44
server: | Checking abstraction...
server: |  |  PrecisionSize: 85
server: |  |  Starting ARG: 4 nodes, 1 incomplete, 0 unsafe
server: |  |  (StopCriterion FirstCex)...
server: |  |  Building ARG...
server: |  |  Finished ARG: 177 nodes, 3 incomplete, 1 unsafe
server: | Checking abstraction done, result: (AbstractorResult Unsafe)
server: | Refining abstraction...
server: |  |  Trace length: 89
server: |  |  Checking trace...done, result: (ExprTraceStatus Infeasible)
server: |  |  Pruning from index 3...done
server: Refining abstraction done, result: (RefinerResult Spurious)
server: ! Precision DID change in this iteration
server: Iteration took 4s to run! 
server: ExplPreictor: Predicted 60.662s, Real 62.568s 
server:               Weight 1.0043711563727018 -> 1.0042717247242885 
server: Iteration 45
server: | Checking abstraction...
server: |  |  PrecisionSize: 87
server: |  |  Starting ARG: 4 nodes, 1 incomplete, 0 unsafe
server: |  |  (StopCriterion FirstCex)...
server: |  |  Building ARG...
server: |  |  Finished ARG: 181 nodes, 3 incomplete, 1 unsafe
server: | Checking abstraction done, result: (AbstractorResult Unsafe)
server: | Refining abstraction...
server: |  |  Trace length: 91
server: |  |  Checking trace...done, result: (ExprTraceStatus Infeasible)
server: |  |  Pruning from index 3...done
server: Refining abstraction done, result: (RefinerResult Spurious)
server: ! Precision DID change in this iteration
server: Iteration took 4s to run! 
server: ExplPreictor: Predicted 65.591s, Real 67.443s 
server:               Weight 1.0042717247242885 -> 1.0041607861046489 
server: Iteration 46
server: | Checking abstraction...
server: |  |  PrecisionSize: 89
server: |  |  Starting ARG: 4 nodes, 1 incomplete, 0 unsafe
server: |  |  (StopCriterion FirstCex)...
server: |  |  Building ARG...
server: |  |  Finished ARG: 185 nodes, 3 incomplete, 1 unsafe
server: | Checking abstraction done, result: (AbstractorResult Unsafe)
server: | Refining abstraction...
server: |  |  Trace length: 93
server: |  |  Checking trace...done, result: (ExprTraceStatus Infeasible)
server: |  |  Pruning from index 3...done
server: Refining abstraction done, result: (RefinerResult Spurious)
server: ! Precision DID change in this iteration
server: Iteration took 5s to run! 
server: ExplPreictor: Predicted 70.636s, Real 72.802s 
server:               Weight 1.0041607861046489 -> 1.0040699577055934 
server: Iteration 47
server: | Checking abstraction...
server: |  |  PrecisionSize: 91
server: |  |  Starting ARG: 4 nodes, 1 incomplete, 0 unsafe
server: |  |  (StopCriterion FirstCex)...
server: |  |  Building ARG...
server: |  |  Finished ARG: 189 nodes, 3 incomplete, 1 unsafe
server: | Checking abstraction done, result: (AbstractorResult Unsafe)
server: | Refining abstraction...
server: |  |  Trace length: 95
server: |  |  Checking trace...done, result: (ExprTraceStatus Infeasible)
server: |  |  Pruning from index 3...done
server: Refining abstraction done, result: (RefinerResult Spurious)
server: ! Precision DID change in this iteration
server: Iteration took 5s to run! 
server: ExplPreictor: Predicted 76.196s, Real 78.749s 
server:               Weight 1.0040699577055934 -> 1.0039996387302295 
server: Iteration 48
server: | Checking abstraction...
server: |  |  PrecisionSize: 93
server: |  |  Starting ARG: 4 nodes, 1 incomplete, 0 unsafe
server: |  |  (StopCriterion FirstCex)...
server: |  |  Building ARG...
server: |  |  Finished ARG: 193 nodes, 3 incomplete, 1 unsafe
server: | Checking abstraction done, result: (AbstractorResult Unsafe)
server: | Refining abstraction...
server: |  |  Trace length: 97
server: |  |  Checking trace...done, result: (ExprTraceStatus Infeasible)
server: |  |  Pruning from index 3...done
server: Refining abstraction done, result: (RefinerResult Spurious)
server: ! Precision DID change in this iteration
server: Iteration took 6s to run! 
server: ExplPreictor: Predicted 82.381s, Real 85.476s 
server:               Weight 1.0039996387302295 -> 1.0039542089035345 
server: Iteration 49
server: | Checking abstraction...
server: |  |  PrecisionSize: 95
server: |  |  Starting ARG: 4 nodes, 1 incomplete, 0 unsafe
server: |  |  (StopCriterion FirstCex)...
server: |  |  Building ARG...
server: |  |  Finished ARG: 197 nodes, 3 incomplete, 1 unsafe
server: | Checking abstraction done, result: (AbstractorResult Unsafe)
server: | Refining abstraction...
server: |  |  Trace length: 99
server: |  |  Checking trace...done, result: (ExprTraceStatus Infeasible)
server: |  |  Pruning from index 3...done
server: Refining abstraction done, result: (RefinerResult Spurious)
server: ! Precision DID change in this iteration
server: Iteration took 6s to run! 
server: ExplPreictor: Predicted 89.402s, Real 91.667s 
server:               Weight 1.0039542089035345 -> 1.0038472366936932 
server: Iteration 50
server: | Checking abstraction...
server: |  |  PrecisionSize: 97
server: |  |  Starting ARG: 4 nodes, 1 incomplete, 0 unsafe
server: |  |  (StopCriterion FirstCex)...
server: |  |  Building ARG...
server: |  |  Finished ARG: 201 nodes, 3 incomplete, 1 unsafe
server: | Checking abstraction done, result: (AbstractorResult Unsafe)
server: | Refining abstraction...
server: |  |  Trace length: 101
server: |  |  Checking trace...done, result: (ExprTraceStatus Infeasible)
server: |  |  Pruning from index 3...done
server: Refining abstraction done, result: (RefinerResult Spurious)
server: ! Precision DID change in this iteration
server: Iteration took 5s to run! 
server: ExplPreictor: Predicted 95.786s, Real 97.514s 
server:               Weight 1.0038472366936932 -> 1.003709358156273 
server: Iteration 51
server: | Checking abstraction...
server: |  |  PrecisionSize: 99
server: |  |  Starting ARG: 4 nodes, 1 incomplete, 0 unsafe
server: |  |  (StopCriterion FirstCex)...
server: |  |  Building ARG...
server: |  |  Finished ARG: 205 nodes, 3 incomplete, 1 unsafe
server: | Checking abstraction done, result: (AbstractorResult Unsafe)
server: | Refining abstraction...
server: |  |  Trace length: 103
server: |  |  Checking trace...done, result: (ExprTraceStatus Infeasible)
server: |  |  Pruning from index 3...done
server: Refining abstraction done, result: (RefinerResult Spurious)
server: ! Precision DID change in this iteration
server: Iteration took 6s to run! 
server: ExplPreictor: Predicted 101.759s, Real 104.510s 
server:               Weight 1.003709358156273 -> 1.003626114304169 
server: Iteration 52
server: | Checking abstraction...
server: |  |  PrecisionSize: 101
server: |  |  Starting ARG: 4 nodes, 1 incomplete, 0 unsafe
server: |  |  (StopCriterion FirstCex)...
server: |  |  Building ARG...
server: |  |  Finished ARG: 209 nodes, 3 incomplete, 1 unsafe
server: | Checking abstraction done, result: (AbstractorResult Unsafe)
server: | Refining abstraction...
server: |  |  Trace length: 105
server: |  |  Checking trace...done, result: (ExprTraceStatus Infeasible)
server: |  |  Pruning from index 3...done
server: Refining abstraction done, result: (RefinerResult Spurious)
server: ! Precision DID change in this iteration
server: Iteration took 7s to run! 
server: ExplPreictor: Predicted 108.983s, Real 112.090s 
server:               Weight 1.003626114304169 -> 1.0035550011368706 
server: Iteration 53
server: | Checking abstraction...
server: |  |  PrecisionSize: 103
server: |  |  Starting ARG: 4 nodes, 1 incomplete, 0 unsafe
server: |  |  (StopCriterion FirstCex)...
server: |  |  Building ARG...
server: |  |  Finished ARG: 213 nodes, 3 incomplete, 1 unsafe
server: | Checking abstraction done, result: (AbstractorResult Unsafe)
server: | Refining abstraction...
server: |  |  Trace length: 107
server: |  |  Checking trace...done, result: (ExprTraceStatus Infeasible)
server: |  |  Pruning from index 3...done
server: Refining abstraction done, result: (RefinerResult Spurious)
server: ! Precision DID change in this iteration
server: Iteration took 7s to run! 
server: ExplPreictor: Predicted 116.820s, Real 119.717s 
server:               Weight 1.0035550011368706 -> 1.003469565109341 
server: Iteration 54
server: | Checking abstraction...
server: |  |  PrecisionSize: 105
server: |  |  Starting ARG: 4 nodes, 1 incomplete, 0 unsafe
server: |  |  (StopCriterion FirstCex)...
server: |  |  Building ARG...
server: |  |  Finished ARG: 217 nodes, 3 incomplete, 1 unsafe
server: | Checking abstraction done, result: (AbstractorResult Unsafe)
server: | Refining abstraction...
server: |  |  Trace length: 109
server: |  |  Checking trace...done, result: (ExprTraceStatus Infeasible)
server: |  |  Pruning from index 3...done
server: Refining abstraction done, result: (RefinerResult Spurious)
server: ! Precision DID change in this iteration
server: Iteration took 8s to run! 
server: ExplPreictor: Predicted 124.674s, Real 127.767s 
server:               Weight 1.003469565109341 -> 1.0033891792902978 
server: Iteration 55
server: | Checking abstraction...
server: |  |  PrecisionSize: 107
server: |  |  Starting ARG: 4 nodes, 1 incomplete, 0 unsafe
server: |  |  (StopCriterion FirstCex)...
server: |  |  Building ARG...
server: |  |  Finished ARG: 221 nodes, 3 incomplete, 1 unsafe
server: | Checking abstraction done, result: (AbstractorResult Unsafe)
server: | Refining abstraction...
server: |  |  Trace length: 111
server: |  |  Checking trace...done, result: (ExprTraceStatus Infeasible)
server: |  |  Pruning from index 3...done
server: Refining abstraction done, result: (RefinerResult Spurious)
server: ! Precision DID change in this iteration
server: Iteration took 7s to run! 
server: ExplPreictor: Predicted 132.961s, Real 135.447s 
server:               Weight 1.0033891792902978 -> 1.0032840876822893 
server: Iteration 56
server: | Checking abstraction...
server: |  |  PrecisionSize: 109
server: |  |  Starting ARG: 4 nodes, 1 incomplete, 0 unsafe
server: |  |  (StopCriterion FirstCex)...
server: |  |  Building ARG...
server: |  |  Finished ARG: 225 nodes, 3 incomplete, 1 unsafe
server: | Checking abstraction done, result: (AbstractorResult Unsafe)
server: | Refining abstraction...
server: |  |  Trace length: 113
server: |  |  Checking trace...done, result: (ExprTraceStatus Infeasible)
server: |  |  Pruning from index 3...done
server: Refining abstraction done, result: (RefinerResult Spurious)
server: ! Precision DID change in this iteration
server: Iteration took 10s to run! 
server: ExplPreictor: Predicted 140.806s, Real 145.715s 
server:               Weight 1.0032840876822893 -> 1.0032615382095111 
server: Iteration 57
server: | Checking abstraction...
server: |  |  PrecisionSize: 111
server: |  |  Starting ARG: 4 nodes, 1 incomplete, 0 unsafe
server: |  |  (StopCriterion FirstCex)...
server: |  |  Building ARG...
server: |  |  Finished ARG: 229 nodes, 3 incomplete, 1 unsafe
server: | Checking abstraction done, result: (AbstractorResult Unsafe)
server: | Refining abstraction...
server: |  |  Trace length: 115
server: |  |  Checking trace...done, result: (ExprTraceStatus Infeasible)
server: |  |  Pruning from index 3...done
server: Refining abstraction done, result: (RefinerResult Spurious)
server: ! Precision DID change in this iteration
server: Iteration took 8s to run! 
server: ExplPreictor: Predicted 151.476s, Real 154.152s 
server:               Weight 1.0032615382095111 -> 1.0031593621463872 
server: Iteration 58
server: | Checking abstraction...
server: |  |  PrecisionSize: 113
server: |  |  Starting ARG: 4 nodes, 1 incomplete, 0 unsafe
server: |  |  (StopCriterion FirstCex)...
server: |  |  Building ARG...
server: |  |  Finished ARG: 233 nodes, 3 incomplete, 1 unsafe
server: | Checking abstraction done, result: (AbstractorResult Unsafe)
server: | Refining abstraction...
server: |  |  Trace length: 117
server: |  |  Checking trace...done, result: (ExprTraceStatus Infeasible)
server: |  |  Pruning from index 3...done
server: Refining abstraction done, result: (RefinerResult Spurious)
server: ! Precision DID change in this iteration
server: Iteration took 8s to run! 
server: ExplPreictor: Predicted 160.081s, Real 163.035s 
server:               Weight 1.0031593621463872 -> 1.0030670616854525 
server: Iteration 59
server: | Checking abstraction...
server: |  |  PrecisionSize: 115
server: |  |  Starting ARG: 4 nodes, 1 incomplete, 0 unsafe
server: |  |  (StopCriterion FirstCex)...
server: |  |  Building ARG...
server: |  |  Finished ARG: 237 nodes, 3 incomplete, 1 unsafe
server: | Checking abstraction done, result: (AbstractorResult Unsafe)
server: | Refining abstraction...
server: |  |  Trace length: 119
server: |  |  Checking trace...done, result: (ExprTraceStatus Infeasible)
server: |  |  Pruning from index 3...done
server: Refining abstraction done, result: (RefinerResult Spurious)
server: ! Precision DID change in this iteration
server: Iteration took 10s to run! 
server: ExplPreictor: Predicted 169.148s, Real 173.595s 
server:               Weight 1.0030670616854525 -> 1.0030159546197088 
server: Iteration 60
server: | Checking abstraction...
server: |  |  PrecisionSize: 117
server: |  |  Starting ARG: 4 nodes, 1 incomplete, 0 unsafe
server: |  |  (StopCriterion FirstCex)...
server: |  |  Building ARG...
server: |  |  Finished ARG: 241 nodes, 3 incomplete, 1 unsafe
server: | Checking abstraction done, result: (AbstractorResult Unsafe)
server: | Refining abstraction...
server: |  |  Trace length: 121
server: |  |  Checking trace...done, result: (ExprTraceStatus Infeasible)
server: |  |  Pruning from index 3...done
server: Refining abstraction done, result: (RefinerResult Spurious)
server: ! Precision DID change in this iteration
server: Iteration took 10s to run! 
server: ExplPreictor: Predicted 180.028s, Real 183.617s 
server:               Weight 1.0030159546197088 -> 1.0029387995354913 
server: Iteration 61
server: | Checking abstraction...
server: |  |  PrecisionSize: 119
server: |  |  Starting ARG: 4 nodes, 1 incomplete, 0 unsafe
server: |  |  (StopCriterion FirstCex)...
server: |  |  Building ARG...
server: |  |  Finished ARG: 245 nodes, 3 incomplete, 1 unsafe
server: | Checking abstraction done, result: (AbstractorResult Unsafe)
server: | Refining abstraction...
server: |  |  Trace length: 123
server: |  |  Checking trace...done, result: (ExprTraceStatus Infeasible)
server: |  |  Pruning from index 3...done
server: Refining abstraction done, result: (RefinerResult Spurious)
server: ! Precision DID change in this iteration
server: Iteration took 10s to run! 
server: ExplPreictor: Predicted 190.275s, Real 194.553s 
server:               Weight 1.0029387995354913 -> 1.0028773804952387 
server: Iteration 62
server: | Checking abstraction...
server: |  |  PrecisionSize: 121
server: |  |  Starting ARG: 4 nodes, 1 incomplete, 0 unsafe
server: |  |  (StopCriterion FirstCex)...
server: |  |  Building ARG...
server: |  |  Finished ARG: 249 nodes, 3 incomplete, 1 unsafe
server: | Checking abstraction done, result: (AbstractorResult Unsafe)
server: | Refining abstraction...
server: |  |  Trace length: 125
server: |  |  Checking trace...done, result: (ExprTraceStatus Infeasible)
server: |  |  Pruning from index 3...done
server: Refining abstraction done, result: (RefinerResult Spurious)
server: ! Precision DID change in this iteration
server: Iteration took 10s to run! 
server: ExplPreictor: Predicted 201.491s, Real 205.334s 
server:               Weight 1.0028773804952387 -> 1.0028042117924572 
server: Iteration 63
server: | Checking abstraction...
server: |  |  PrecisionSize: 123
server: |  |  Starting ARG: 4 nodes, 1 incomplete, 0 unsafe
server: |  |  (StopCriterion FirstCex)...
server: |  |  Building ARG...
server: |  |  Finished ARG: 253 nodes, 3 incomplete, 1 unsafe
server: | Checking abstraction done, result: (AbstractorResult Unsafe)
server: | Refining abstraction...
server: |  |  Trace length: 127
server: |  |  Checking trace...done, result: (ExprTraceStatus Infeasible)
server: |  |  Pruning from index 3...done
server: Refining abstraction done, result: (RefinerResult Spurious)
server: ! Precision DID change in this iteration
server: Iteration took 12s to run! 
server: ExplPreictor: Predicted 212.500s, Real 217.360s 
server:               Weight 1.0028042117924572 -> 1.0027517399225503 
server: Iteration 64
server: | Checking abstraction...
server: |  |  PrecisionSize: 125
server: |  |  Starting ARG: 4 nodes, 1 incomplete, 0 unsafe
server: |  |  (StopCriterion FirstCex)...
server: |  |  Building ARG...
server: |  |  Finished ARG: 257 nodes, 3 incomplete, 1 unsafe
server: | Checking abstraction done, result: (AbstractorResult Unsafe)
server: | Refining abstraction...
server: |  |  Trace length: 129
server: |  |  Checking trace...done, result: (ExprTraceStatus Infeasible)
server: |  |  Pruning from index 3...done
server: Refining abstraction done, result: (RefinerResult Spurious)
server: ! Precision DID change in this iteration
server: Iteration took 12s to run! 
server: ExplPreictor: Predicted 224.836s, Real 230.055s 
server:               Weight 1.0027517399225503 -> 1.002703425766587 
server: Iteration 65
server: | Checking abstraction...
server: |  |  PrecisionSize: 127
server: |  |  Starting ARG: 4 nodes, 1 incomplete, 0 unsafe
server: |  |  (StopCriterion FirstCex)...
server: |  |  Building ARG...
server: |  |  Finished ARG: 261 nodes, 3 incomplete, 1 unsafe
server: | Checking abstraction done, result: (AbstractorResult Unsafe)
server: | Refining abstraction...
server: |  |  Trace length: 131
server: |  |  Checking trace...done, result: (ExprTraceStatus Infeasible)
server: |  |  Pruning from index 3...done
server: Refining abstraction done, result: (RefinerResult Spurious)
server: ! Precision DID change in this iteration
server: Iteration took 14s to run! 
server: ExplPreictor: Predicted 237.863s, Real 244.145s 
server:               Weight 1.002703425766587 -> 1.0026711455913324 
server: Iteration 66
server: | Checking abstraction...
server: |  |  PrecisionSize: 129
server: |  |  Starting ARG: 4 nodes, 1 incomplete, 0 unsafe
server: |  |  (StopCriterion FirstCex)...
server: |  |  Building ARG...
server: |  |  Finished ARG: 265 nodes, 3 incomplete, 1 unsafe
server: | Checking abstraction done, result: (AbstractorResult Unsafe)
server: | Refining abstraction...
server: |  |  Trace length: 133
server: |  |  Checking trace...done, result: (ExprTraceStatus Infeasible)
server: |  |  Pruning from index 3...done
server: Refining abstraction done, result: (RefinerResult Spurious)
server: ! Precision DID change in this iteration
server: Iteration took 13s to run! 
server: ExplPreictor: Predicted 252.371s, Real 257.850s 
server:               Weight 1.0026711455913324 -> 1.002620394297417 
server: Iteration 67
server: | Checking abstraction...
server: |  |  PrecisionSize: 131
server: |  |  Starting ARG: 4 nodes, 1 incomplete, 0 unsafe
server: |  |  (StopCriterion FirstCex)...
server: |  |  Building ARG...
server: |  |  Finished ARG: 269 nodes, 3 incomplete, 1 unsafe
server: | Checking abstraction done, result: (AbstractorResult Unsafe)
server: | Refining abstraction...
server: |  |  Trace length: 135
server: |  |  Checking trace...done, result: (ExprTraceStatus Infeasible)
server: |  |  Pruning from index 3...done
server: Refining abstraction done, result: (RefinerResult Spurious)
server: ! Precision DID change in this iteration
server: Iteration took 14s to run! 
server: ExplPreictor: Predicted 266.408s, Real 272.638s 
server:               Weight 1.002620394297417 -> 1.0025792370438782 
server: Iteration 68
server: | Checking abstraction...
server: |  |  PrecisionSize: 133
server: |  |  Starting ARG: 4 nodes, 1 incomplete, 0 unsafe
server: |  |  (StopCriterion FirstCex)...
server: |  |  Building ARG...
server: |  |  Finished ARG: 273 nodes, 3 incomplete, 1 unsafe
server: | Checking abstraction done, result: (AbstractorResult Unsafe)
server: | Refining abstraction...
server: |  |  Trace length: 137
server: |  |  Checking trace...done, result: (ExprTraceStatus Infeasible)
server: |  |  Pruning from index 3...done
server: Refining abstraction done, result: (RefinerResult Spurious)
server: ! Precision DID change in this iteration
server: Iteration took 13s to run! 
server: ExplPreictor: Predicted 281.583s, Real 286.155s 
server:               Weight 1.0025792370438782 -> 1.0025103307501984 
server: Iteration 69
server: | Checking abstraction...
server: |  |  PrecisionSize: 135
server: |  |  Starting ARG: 4 nodes, 1 incomplete, 0 unsafe
server: |  |  (StopCriterion FirstCex)...
server: |  |  Building ARG...
server: |  |  Finished ARG: 277 nodes, 3 incomplete, 1 unsafe
server: | Checking abstraction done, result: (AbstractorResult Unsafe)
server: | Refining abstraction...
server: |  |  Trace length: 139
server: |  |  Checking trace...done, result: (ExprTraceStatus Infeasible)
server: |  |  Pruning from index 3...done
server: Refining abstraction done, result: (RefinerResult Spurious)
server: ! Precision DID change in this iteration
server: Iteration took 12s to run! 
server: ExplPreictor: Predicted 295.324s, Real 298.382s 
server:               Weight 1.0025103307501984 -> 1.0024208433070407 
server: Iteration 70
server: | Checking abstraction...
server: |  |  PrecisionSize: 137
server: |  |  Starting ARG: 4 nodes, 1 incomplete, 0 unsafe
server: |  |  (StopCriterion FirstCex)...
server: |  |  Building ARG...
server: |  |  Finished ARG: 281 nodes, 3 incomplete, 1 unsafe
server: | Checking abstraction done, result: (AbstractorResult Unsafe)
server: | Refining abstraction...
server: |  |  Trace length: 141
server: |  |  Checking trace...done, result: (ExprTraceStatus Infeasible)
server: |  |  Pruning from index 3...done
server: Refining abstraction done, result: (RefinerResult Spurious)
server: ! Precision DID change in this iteration
server: Iteration took 16s to run! 
server: ExplPreictor: Predicted 307.628s, Real 314.715s 
server:               Weight 1.0024208433070407 -> 1.0023883591709062 
server: Iteration 71
server: | Checking abstraction...
server: |  |  PrecisionSize: 139
server: |  |  Starting ARG: 4 nodes, 1 incomplete, 0 unsafe
server: |  |  (StopCriterion FirstCex)...
server: |  |  Building ARG...
server: |  |  Finished ARG: 285 nodes, 3 incomplete, 1 unsafe
server: | Checking abstraction done, result: (AbstractorResult Unsafe)
server: | Refining abstraction...
server: |  |  Trace length: 143
server: |  |  Checking trace...done, result: (ExprTraceStatus Infeasible)
server: |  |  Pruning from index 3...done
server: Refining abstraction done, result: (RefinerResult Spurious)
server: ! Precision DID change in this iteration
server: Iteration took 18s to run! 
server: ExplPreictor: Predicted 324.376s, Real 333.329s 
server:               Weight 1.0023883591709062 -> 1.0023756681886755 
server: Iteration 72
server: | Checking abstraction...
server: |  |  PrecisionSize: 141
server: |  |  Starting ARG: 4 nodes, 1 incomplete, 0 unsafe
server: |  |  (StopCriterion FirstCex)...
server: |  |  Building ARG...
server: |  |  Finished ARG: 289 nodes, 3 incomplete, 1 unsafe
server: | Checking abstraction done, result: (AbstractorResult Unsafe)
server: | Refining abstraction...
server: |  |  Trace length: 145
server: |  |  Checking trace...done, result: (ExprTraceStatus Infeasible)
server: |  |  Pruning from index 3...done
server: Refining abstraction done, result: (RefinerResult Spurious)
server: ! Precision DID change in this iteration
server: Iteration took 18s to run! 
server: ExplPreictor: Predicted 343.553s, Real 352.267s 
server:               Weight 1.0023756681886755 -> 1.002354276102161 
server: Iteration 73
server: | Checking abstraction...
server: |  |  PrecisionSize: 143
server: |  |  Starting ARG: 4 nodes, 1 incomplete, 0 unsafe
server: |  |  (StopCriterion FirstCex)...
server: |  |  Building ARG...
server: |  |  Finished ARG: 293 nodes, 3 incomplete, 1 unsafe
server: | Checking abstraction done, result: (AbstractorResult Unsafe)
server: | Refining abstraction...
server: |  |  Trace length: 147
server: |  |  Checking trace...done, result: (ExprTraceStatus Infeasible)
server: |  |  Pruning from index 3...done
server: Refining abstraction done, result: (RefinerResult Spurious)
server: ! Precision DID change in this iteration
server: Iteration took 16s to run! 
server: ExplPreictor: Predicted 363.020s, Real 369.255s 
server:               Weight 1.002354276102161 -> 1.002301130097837 
server: Iteration 74
server: | Checking abstraction...
server: |  |  PrecisionSize: 145
server: |  |  Starting ARG: 4 nodes, 1 incomplete, 0 unsafe
server: |  |  (StopCriterion FirstCex)...
server: |  |  Building ARG...
server: |  |  Finished ARG: 297 nodes, 3 incomplete, 1 unsafe
server: | Checking abstraction done, result: (AbstractorResult Unsafe)
server: | Refining abstraction...
server: |  |  Trace length: 149
server: |  |  Checking trace...done, result: (ExprTraceStatus Infeasible)
server: |  |  Pruning from index 3...done
server: Refining abstraction done, result: (RefinerResult Spurious)
server: ! Precision DID change in this iteration
server: Iteration took 19s to run! 
server: ExplPreictor: Predicted 380.310s, Real 388.799s 
server:               Weight 1.002301130097837 -> 1.0022710269056145 
server: Iteration 75
server: | Checking abstraction...
server: |  |  PrecisionSize: 147
server: |  |  Starting ARG: 4 nodes, 1 incomplete, 0 unsafe
server: |  |  (StopCriterion FirstCex)...
server: |  |  Building ARG...
server: |  |  Finished ARG: 301 nodes, 3 incomplete, 1 unsafe
server: | Checking abstraction done, result: (AbstractorResult Unsafe)
server: | Refining abstraction...
server: |  |  Trace length: 151
server: |  |  Checking trace...done, result: (ExprTraceStatus Infeasible)
server: |  |  Pruning from index 3...done
server: Refining abstraction done, result: (RefinerResult Spurious)
server: ! Precision DID change in this iteration
server: Iteration took 19s to run! 
server: ExplPreictor: Predicted 400.331s, Real 408.313s 
server:               Weight 1.0022710269056145 -> 1.0022329325354695 
server: Iteration 76
server: | Checking abstraction...
server: |  |  PrecisionSize: 149
server: |  |  Starting ARG: 4 nodes, 1 incomplete, 0 unsafe
server: |  |  (StopCriterion FirstCex)...
server: |  |  Building ARG...
server: |  |  Finished ARG: 305 nodes, 3 incomplete, 1 unsafe
server: | Checking abstraction done, result: (AbstractorResult Unsafe)
server: | Refining abstraction...
server: |  |  Trace length: 153
server: |  |  Checking trace...done, result: (ExprTraceStatus Infeasible)
server: |  |  Pruning from index 3...done
server: Refining abstraction done, result: (RefinerResult Spurious)
server: ! Precision DID change in this iteration
server: Iteration took 16s to run! 
server: ExplPreictor: Predicted 420.264s, Real 425.160s 
server:               Weight 1.0022329325354695 -> 1.0021643851668136 
server: Iteration 77
server: | Checking abstraction...
server: |  |  PrecisionSize: 151
server: |  |  Starting ARG: 4 nodes, 1 incomplete, 0 unsafe
server: |  |  (StopCriterion FirstCex)...
server: |  |  Building ARG...
server: |  |  Finished ARG: 309 nodes, 3 incomplete, 1 unsafe
server: | Checking abstraction done, result: (AbstractorResult Unsafe)
server: | Refining abstraction...
server: |  |  Trace length: 155
server: |  |  Checking trace...done, result: (ExprTraceStatus Infeasible)
server: |  |  Pruning from index 3...done
server: Refining abstraction done, result: (RefinerResult Spurious)
server: ! Precision DID change in this iteration
server: Iteration took 20s to run! 
server: ExplPreictor: Predicted 437.255s, Real 445.985s 
server:               Weight 1.0021643851668136 -> 1.0021316639730453 
server: Iteration 78
server: | Checking abstraction...
server: |  |  PrecisionSize: 153
server: |  |  Starting ARG: 4 nodes, 1 incomplete, 0 unsafe
server: |  |  (StopCriterion FirstCex)...
server: |  |  Building ARG...
server: |  |  Finished ARG: 313 nodes, 3 incomplete, 1 unsafe
server: | Checking abstraction done, result: (AbstractorResult Unsafe)
server: | Refining abstraction...
server: |  |  Trace length: 157
server: |  |  Checking trace...done, result: (ExprTraceStatus Infeasible)
server: |  |  Pruning from index 3...done
server: Refining abstraction done, result: (RefinerResult Spurious)
server: ! Precision DID change in this iteration
server: Iteration took 20s to run! 
server: ExplPreictor: Predicted 458.525s, Real 466.056s 
server:               Weight 1.0021316639730453 -> 1.0020869162893438 
server: Iteration 79
server: | Checking abstraction...
server: |  |  PrecisionSize: 155
server: |  |  Starting ARG: 4 nodes, 1 incomplete, 0 unsafe
server: |  |  (StopCriterion FirstCex)...
server: |  |  Building ARG...
server: |  |  Finished ARG: 317 nodes, 3 incomplete, 1 unsafe
server: | Checking abstraction done, result: (AbstractorResult Unsafe)
server: | Refining abstraction...
server: |  |  Trace length: 159
server: |  |  Checking trace...done, result: (ExprTraceStatus Infeasible)
server: |  |  Pruning from index 3...done
server: Refining abstraction done, result: (RefinerResult Spurious)
server: ! Precision DID change in this iteration
server: Iteration took 22s to run! 
server: ExplPreictor: Predicted 478.925s, Real 488.685s 
server:               Weight 1.0020869162893438 -> 1.0020594082051006 
server: Iteration 80
server: | Checking abstraction...
server: |  |  PrecisionSize: 157
server: |  |  Starting ARG: 4 nodes, 1 incomplete, 0 unsafe
server: |  |  (StopCriterion FirstCex)...
server: |  |  Building ARG...
server: |  |  Finished ARG: 321 nodes, 3 incomplete, 1 unsafe
server: | Checking abstraction done, result: (AbstractorResult Unsafe)
server: | Refining abstraction...
server: |  |  Trace length: 161
server: |  |  Checking trace...done, result: (ExprTraceStatus Infeasible)
server: |  |  Pruning from index 3...done
server: Refining abstraction done, result: (RefinerResult Spurious)
server: ! Precision DID change in this iteration
server: Iteration took 24s to run! 
server: ExplPreictor: Predicted 502.048s, Real 513.157s 
server:               Weight 1.0020594082051006 -> 1.0020396738320998 
server: Iteration 81
server: | Checking abstraction...
server: |  |  PrecisionSize: 159
server: |  |  Starting ARG: 4 nodes, 1 incomplete, 0 unsafe
server: |  |  (StopCriterion FirstCex)...
server: |  |  Building ARG...
server: |  |  Finished ARG: 325 nodes, 3 incomplete, 1 unsafe
server: | Checking abstraction done, result: (AbstractorResult Unsafe)
server: | Refining abstraction...
server: |  |  Trace length: 163
server: |  |  Checking trace...done, result: (ExprTraceStatus Infeasible)
server: |  |  Pruning from index 3...done
server: Refining abstraction done, result: (RefinerResult Spurious)
server: ! Precision DID change in this iteration
server: Iteration took 25s to run! 
server: ExplPreictor: Predicted 527.105s, Real 538.733s 
server:               Weight 1.0020396738320998 -> 1.0020204305385458 
server: Iteration 82
server: | Checking abstraction...
server: |  |  PrecisionSize: 161
server: |  |  Starting ARG: 4 nodes, 1 incomplete, 0 unsafe
server: |  |  (StopCriterion FirstCex)...
server: |  |  Building ARG...
server: |  |  Finished ARG: 329 nodes, 3 incomplete, 1 unsafe
server: | Checking abstraction done, result: (AbstractorResult Unsafe)
server: | Refining abstraction...
server: |  |  Trace length: 165
server: |  |  Checking trace...done, result: (ExprTraceStatus Infeasible)
server: |  |  Pruning from index 3...done
server: Refining abstraction done, result: (RefinerResult Spurious)
server: ! Precision DID change in this iteration
server: Iteration took 22s to run! 
server: ExplPreictor: Predicted 553.291s, Real 561.158s 
server:               Weight 1.0020204305385458 -> 1.0019727781921055 
server: Iteration 83
server: | Checking abstraction...
server: |  |  PrecisionSize: 163
server: |  |  Starting ARG: 4 nodes, 1 incomplete, 0 unsafe
server: |  |  (StopCriterion FirstCex)...
server: |  |  Building ARG...
server: |  |  Finished ARG: 333 nodes, 3 incomplete, 1 unsafe
server: | Checking abstraction done, result: (AbstractorResult Unsafe)
server: | Refining abstraction...
server: |  |  Trace length: 167
server: |  |  Checking trace...done, result: (ExprTraceStatus Infeasible)
server: |  |  Pruning from index 3...done
server: Refining abstraction done, result: (RefinerResult Spurious)
server: ! Precision DID change in this iteration
server: Iteration took 25s to run! 
server: ExplPreictor: Predicted 576.006s, Real 586.914s 
server:               Weight 1.0019727781921055 -> 1.0019449677275913 
server: Iteration 84
server: | Checking abstraction...
server: |  |  PrecisionSize: 165
server: |  |  Starting ARG: 4 nodes, 1 incomplete, 0 unsafe
server: |  |  (StopCriterion FirstCex)...
server: |  |  Building ARG...
server: |  |  Finished ARG: 337 nodes, 3 incomplete, 1 unsafe
server: | Checking abstraction done, result: (AbstractorResult Unsafe)
server: | Refining abstraction...
server: |  |  Trace length: 169
server: |  |  Checking trace...done, result: (ExprTraceStatus Infeasible)
server: |  |  Pruning from index 3...done
server: Refining abstraction done, result: (RefinerResult Spurious)
server: ! Precision DID change in this iteration
server: Iteration took 22s to run! 
server: ExplPreictor: Predicted 602.274s, Real 609.306s 
server:               Weight 1.0019449677275913 -> 1.0018917177226716 
server: Iteration 85
server: | Checking abstraction...
server: |  |  PrecisionSize: 167
server: |  |  Starting ARG: 4 nodes, 1 incomplete, 0 unsafe
server: |  |  (StopCriterion FirstCex)...
server: |  |  Building ARG...
server: |  |  Finished ARG: 341 nodes, 3 incomplete, 1 unsafe
server: | Checking abstraction done, result: (AbstractorResult Unsafe)
server: | Refining abstraction...
server: |  |  Trace length: 171
server: |  |  Checking trace...done, result: (ExprTraceStatus Infeasible)
server: |  |  Pruning from index 3...done
server: Refining abstraction done, result: (RefinerResult Spurious)
server: ! Precision DID change in this iteration
server: Iteration took 23s to run! 
server: ExplPreictor: Predicted 624.854s, Real 633.131s 
server:               Weight 1.0018917177226716 -> 1.0018469551655123 
server: Iteration 86
server: | Checking abstraction...
server: |  |  PrecisionSize: 169
server: |  |  Starting ARG: 4 nodes, 1 incomplete, 0 unsafe
server: |  |  (StopCriterion FirstCex)...
server: |  |  Building ARG...
server: |  |  Finished ARG: 345 nodes, 3 incomplete, 1 unsafe
server: | Checking abstraction done, result: (AbstractorResult Unsafe)
server: | Refining abstraction...
server: |  |  Trace length: 173
server: |  |  Checking trace...done, result: (ExprTraceStatus Infeasible)
server: |  |  Pruning from index 3...done
server: Refining abstraction done, result: (RefinerResult Spurious)
server: ! Precision DID change in this iteration
server: Iteration took 29s to run! 
server: ExplPreictor: Predicted 648.946s, Real 662.553s 
server:               Weight 1.0018469551655123 -> 1.0018323625547356 
server: Iteration 87
server: | Checking abstraction...
server: |  |  PrecisionSize: 171
server: |  |  Starting ARG: 4 nodes, 1 incomplete, 0 unsafe
server: |  |  (StopCriterion FirstCex)...
server: |  |  Building ARG...
server: |  |  Finished ARG: 349 nodes, 3 incomplete, 1 unsafe
server: | Checking abstraction done, result: (AbstractorResult Unsafe)
server: | Refining abstraction...
server: |  |  Trace length: 175
server: |  |  Checking trace...done, result: (ExprTraceStatus Infeasible)
server: |  |  Pruning from index 3...done
server: Refining abstraction done, result: (RefinerResult Spurious)
server: ! Precision DID change in this iteration
server: Iteration took 31s to run! 
server: ExplPreictor: Predicted 679.027s, Real 693.658s 
server:               Weight 1.0018323625547356 -> 1.0018203424267158 
server: Iteration 88
server: | Checking abstraction...
server: |  |  PrecisionSize: 173
server: |  |  Starting ARG: 4 nodes, 1 incomplete, 0 unsafe
server: |  |  (StopCriterion FirstCex)...
server: |  |  Building ARG...
server: |  |  Finished ARG: 353 nodes, 3 incomplete, 1 unsafe
server: | Checking abstraction done, result: (AbstractorResult Unsafe)
server: | Refining abstraction...
server: |  |  Trace length: 177
server: |  |  Checking trace...done, result: (ExprTraceStatus Infeasible)
server: |  |  Pruning from index 3...done
server: Refining abstraction done, result: (RefinerResult Spurious)
server: ! Precision DID change in this iteration
server: Iteration took 26s to run! 
server: ExplPreictor: Predicted 710.851s, Real 720.205s 
server:               Weight 1.0018203424267158 -> 1.0017787186180758 
server: Iteration 89
server: | Checking abstraction...
server: |  |  PrecisionSize: 175
server: |  |  Starting ARG: 4 nodes, 1 incomplete, 0 unsafe
server: |  |  (StopCriterion FirstCex)...
server: |  |  Building ARG...
server: |  |  Finished ARG: 357 nodes, 3 incomplete, 1 unsafe
server: | Checking abstraction done, result: (AbstractorResult Unsafe)
server: | Refining abstraction...
server: |  |  Trace length: 179
server: |  |  Checking trace...done, result: (ExprTraceStatus Infeasible)
server: |  |  Pruning from index 3...done
server: Refining abstraction done, result: (RefinerResult Spurious)
server: ! Precision DID change in this iteration
server: Iteration took 32s to run! 
server: ExplPreictor: Predicted 737.692s, Real 752.891s 
server:               Weight 1.0017787186180758 -> 1.0017655819719777 
server: Iteration 90
server: | Checking abstraction...
server: |  |  PrecisionSize: 177
server: |  |  Starting ARG: 4 nodes, 1 incomplete, 0 unsafe
server: |  |  (StopCriterion FirstCex)...
server: |  |  Building ARG...
server: |  |  Finished ARG: 361 nodes, 3 incomplete, 1 unsafe
server: | Checking abstraction done, result: (AbstractorResult Unsafe)
server: | Refining abstraction...
server: |  |  Trace length: 181
server: |  |  Checking trace...done, result: (ExprTraceStatus Infeasible)
server: |  |  Pruning from index 3...done
server: Refining abstraction done, result: (RefinerResult Spurious)
server: ! Precision DID change in this iteration
server: Iteration took 33s to run! 
server: ExplPreictor: Predicted 771.095s, Real 786.277s 
server:               Weight 1.0017655819719777 -> 1.001749657347998 
server: Iteration 91
server: | Checking abstraction...
server: |  |  PrecisionSize: 179
server: |  |  Starting ARG: 4 nodes, 1 incomplete, 0 unsafe
server: |  |  (StopCriterion FirstCex)...
server: |  |  Building ARG...
server: |  |  Finished ARG: 365 nodes, 3 incomplete, 1 unsafe
server: | Checking abstraction done, result: (AbstractorResult Unsafe)
server: | Refining abstraction...
server: |  |  Trace length: 183
server: |  |  Checking trace...done, result: (ExprTraceStatus Infeasible)
server: |  |  Pruning from index 3...done
server: Refining abstraction done, result: (RefinerResult Spurious)
server: ! Precision DID change in this iteration
server: Iteration took 30s to run! 
server: ExplPreictor: Predicted 805.176s, Real 817.252s 
server:               Weight 1.001749657347998 -> 1.001717867457364 
server: Iteration 92
server: | Checking abstraction...
server: |  |  PrecisionSize: 181
server: |  |  Starting ARG: 4 nodes, 1 incomplete, 0 unsafe
server: |  |  (StopCriterion FirstCex)...
server: |  |  Building ARG...
server: |  |  Finished ARG: 369 nodes, 3 incomplete, 1 unsafe
server: | Checking abstraction done, result: (AbstractorResult Unsafe)
server: | Refining abstraction...
server: |  |  Trace length: 185
server: |  |  Checking trace...done, result: (ExprTraceStatus Infeasible)
server: |  |  Pruning from index 3...done
server: Refining abstraction done, result: (RefinerResult Spurious)
server: ! Precision DID change in this iteration
server: Iteration took 33s to run! 
server: ExplPreictor: Predicted 836.590s, Real 851.113s 
server:               Weight 1.001717867457364 -> 1.0016958135375282 
server: Iteration 93
server: | Checking abstraction...
server: |  |  PrecisionSize: 183
server: |  |  Starting ARG: 4 nodes, 1 incomplete, 0 unsafe
server: |  |  (StopCriterion FirstCex)...
server: |  |  Building ARG...
server: |  |  Finished ARG: 373 nodes, 3 incomplete, 1 unsafe
server: | Checking abstraction done, result: (AbstractorResult Unsafe)
server: | Refining abstraction...
server: |  |  Trace length: 187
server: |  |  Checking trace...done, result: (ExprTraceStatus Infeasible)
server: |  |  Pruning from index 3...done
server: Refining abstraction done, result: (RefinerResult Spurious)
server: ! Precision DID change in this iteration
server: Iteration took 36s to run! 
server: ExplPreictor: Predicted 871.051s, Real 887.464s 
server:               Weight 1.0016958135375282 -> 1.00167984432969 
server: --------Iteration time heuristic predicts timeout--------
server: |  |  PrecisionSize: 183
server: |  |  Starting ARG: 4 nodes, 1 incomplete, 0 unsafe
server: |  |  (StopCriterion FullExploration)...
server: |  |  Building ARG...
The process run out of time so it got destroied!
Backend finished (in 900310 ms)
ErrorCodeException(code=201)
	at hu.bme.mit.theta.xcfa.cli.checkers.InProcessChecker.check(InProcessChecker.kt:168)
	at hu.bme.mit.theta.xcfa.cli.ExecuteConfigKt$backend$result$1.invoke(ExecuteConfig.kt:320)
	at hu.bme.mit.theta.xcfa.cli.ExecuteConfigKt$backend$result$1.invoke(ExecuteConfig.kt:318)
	at hu.bme.mit.theta.xcfa.cli.params.ExitCodesKt.exitOnError(ExitCodes.kt:58)
	at hu.bme.mit.theta.xcfa.cli.ExecuteConfigKt.backend(ExecuteConfig.kt:318)
	at hu.bme.mit.theta.xcfa.cli.ExecuteConfigKt.backend$default(ExecuteConfig.kt:275)
	at hu.bme.mit.theta.xcfa.cli.ExecuteConfigKt.runConfig(ExecuteConfig.kt:105)
	at hu.bme.mit.theta.xcfa.cli.portfolio.SpecFromNamePortfolioKt.specFromNamePortfolio$checker(specFromNamePortfolio.kt:82)
	at hu.bme.mit.theta.xcfa.cli.portfolio.SpecFromNamePortfolioKt.access$specFromNamePortfolio$checker(specFromNamePortfolio.kt:1)
	at hu.bme.mit.theta.xcfa.cli.portfolio.SpecFromNamePortfolioKt$specFromNamePortfolio$configNodes$1$1.invoke(specFromNamePortfolio.kt:122)
	at hu.bme.mit.theta.xcfa.cli.portfolio.SpecFromNamePortfolioKt$specFromNamePortfolio$configNodes$1$1.invoke(specFromNamePortfolio.kt:122)
	at hu.bme.mit.theta.xcfa.cli.portfolio.ConfigNode.execute(stm.kt:74)
	at hu.bme.mit.theta.xcfa.cli.portfolio.STM.execute(stm.kt:159)
	at hu.bme.mit.theta.xcfa.cli.portfolio.STM.execute$default(stm.kt:154)
	at hu.bme.mit.theta.xcfa.cli.checkers.ConfigToPortfolioKt.getPortfolioChecker$lambda$0(ConfigToPortfolio.kt:136)
	at hu.bme.mit.theta.analysis.algorithm.SafetyChecker.check(SafetyChecker.java:27)
	at hu.bme.mit.theta.xcfa.cli.ExecuteConfigKt$backend$result$1.invoke(ExecuteConfig.kt:320)
	at hu.bme.mit.theta.xcfa.cli.ExecuteConfigKt$backend$result$1.invoke(ExecuteConfig.kt:318)
	at hu.bme.mit.theta.xcfa.cli.params.ExitCodesKt.exitOnError(ExitCodes.kt:58)
	at hu.bme.mit.theta.xcfa.cli.ExecuteConfigKt.backend(ExecuteConfig.kt:318)
	at hu.bme.mit.theta.xcfa.cli.ExecuteConfigKt.backend$default(ExecuteConfig.kt:275)
	at hu.bme.mit.theta.xcfa.cli.ExecuteConfigKt.runConfig(ExecuteConfig.kt:105)
	at hu.bme.mit.theta.xcfa.cli.ExecuteConfigKt.runConfig$default(ExecuteConfig.kt:74)
	at hu.bme.mit.theta.xcfa.cli.XcfaCli.run(XcfaCli.kt:127)
	at hu.bme.mit.theta.xcfa.cli.XcfaCli.access$run(XcfaCli.kt:37)
	at hu.bme.mit.theta.xcfa.cli.XcfaCli$Companion.main(XcfaCli.kt:137)
	at hu.bme.mit.theta.xcfa.cli.XcfaCli.main(XcfaCli.kt)
Caught exception: ErrorCodeException(code=201)
Handling exception as Anything
Current configuration: XcfaConfig(inputConfig=InputConfig(inputFile=null, catFile=null, parseCtx=null, xcfaWCtx=present, propertyFile=null, property=ERROR_LOCATION, partialResult=null, frontendConfig=FrontendConfig(lbeLevel=LBE_SEQ, staticCoi=false, loopUnroll=1000, forceUnroll=-1, enableFew=false, inputType=C, specConfig=CFrontendConfig(arithmetic=efficient, architecture=ILP32)), backendConfig=BackendConfig(backend=BOUNDED, solverHome=/home/benchexec/.theta, timeoutMs=900000, softTimeoutMs=700000, inProcess=true, parseInProcess=false, inPortfolio=true, memlimit=0, disablePartialResult=true, specConfig=BoundedConfig(maxBound=0, reversed=false, cegar=false, initPrec=EMPTY, bmcConfig=BMCConfig(disable=false, nonLfPath=false, bmcSolver=Z3, validateBMCSolver=false), indConfig=InductionConfig(disable=false, indSolver=Z3, validateIndSolver=false, indMinBound=0, indFreq=1), itpConfig=InterpolationConfig(disable=true, itpSolver=Z3, validateItpSolver=false))), outputConfig=OutputConfig(versionInfo=false, enableOutput=true, resultFolder=./output/PredCart(900, true, true) -> KInd()/KInd(), acceptUnreliableSafe=false, cOutputConfig=COutputConfig(disable=true, useArr=false, useExArr=false, useRange=false), xcfaOutputConfig=XcfaOutputConfig(disable=true), chcOutputConfig=ChcOutputConfig(disable=true), witnessConfig=WitnessConfig(disable=false, svcomp=true, concretizerSolver=Z3, validateConcretizerSolver=false, inputFileForWitness=null), partialResultOutputConfig=PartialResultOutputConfig(enable=false, tempFileLocation=null), argConfig=ArgConfig(disable=true)), debugConfig=DebugConfig(debug=false, stacktrace=false, logLevel=INFO, argdebug=false, argToFile=false))
PartialResultJson: /dev/shm/partialResult8888367039436127679.json
server: Registered Legacy-Z3 SolverManager
server: Registered Z3 SolverManager
server: Registered JavaSMT SolverManager
server: Registered SMT-LIB SolverManager
server: Successfully loaded LocationInvariants from /dev/shm/partialResult8888367039436127679.json
server: [33m[WARN] LocationInvariants are empty map. Returning null!
server: [0mStarting iteration 1
server: 	Starting BMC
server: 	Starting k-induction
server: Starting iteration 2
server: 	Starting BMC
server: 	Starting k-induction
server: Starting iteration 3
server: 	Starting BMC
server: 	Starting k-induction
server: Starting iteration 4
server: 	Starting BMC
server: 	Starting k-induction
server: Starting iteration 5
server: 	Starting BMC
server: 	Starting k-induction
server: Starting iteration 6
server: 	Starting BMC
server: 	Starting k-induction
server: Starting iteration 7
server: 	Starting BMC
server: 	Starting k-induction
server: Starting iteration 8
server: 	Starting BMC
server: 	Starting k-induction
server: Starting iteration 9
server: 	Starting BMC
server: 	Starting k-induction
server: Starting iteration 10
server: 	Starting BMC
server: 	Starting k-induction
server: Starting iteration 11
server: 	Starting BMC
server: 	Starting k-induction
server: Starting iteration 12
server: 	Starting BMC
server: 	Starting k-induction
server: Starting iteration 13
server: 	Starting BMC
server: 	Starting k-induction
server: Starting iteration 14
server: 	Starting BMC
server: 	Starting k-induction
server: Starting iteration 15
server: 	Starting BMC
server: 	Starting k-induction
server: Starting iteration 16
server: 	Starting BMC
server: 	Starting k-induction
server: Starting iteration 17
server: 	Starting BMC
server: 	Starting k-induction
server: Starting iteration 18
server: 	Starting BMC
server: 	Starting k-induction
server: Starting iteration 19
server: 	Starting BMC
server: 	Starting k-induction
server: Starting iteration 20
server: 	Starting BMC
server: 	Starting k-induction
server: Starting iteration 21
server: 	Starting BMC
server: 	Starting k-induction
server: Starting iteration 22
server: 	Starting BMC
server: 	Starting k-induction
server: Starting iteration 23
server: 	Starting BMC
server: 	Starting k-induction
server: Starting iteration 24
server: 	Starting BMC
server: 	Starting k-induction
server: Starting iteration 25
server: 	Starting BMC
server: 	Starting k-induction
server: Starting iteration 26
server: 	Starting BMC
server: 	Starting k-induction
server: Starting iteration 27
server: 	Starting BMC
server: 	Starting k-induction
server: Starting iteration 28
server: 	Starting BMC
server: 	Starting k-induction
server: Starting iteration 29
server: 	Starting BMC
server: 	Starting k-induction
server: Starting iteration 30
server: 	Starting BMC
server: 	Starting k-induction
server: Starting iteration 31
server: 	Starting BMC
server: 	Starting k-induction
server: Starting iteration 32
server: 	Starting BMC
server: 	Starting k-induction
server: Starting iteration 33
server: 	Starting BMC
server: 	Starting k-induction
server: Starting iteration 34
server: 	Starting BMC
server: 	Starting k-induction
server: Starting iteration 35
server: 	Starting BMC
server: 	Starting k-induction
server: Starting iteration 36
server: 	Starting BMC
server: 	Starting k-induction
server: Starting iteration 37
server: 	Starting BMC
server: 	Starting k-induction
server: Starting iteration 38
server: 	Starting BMC
server: 	Starting k-induction
server: Starting iteration 39
server: 	Starting BMC
server: 	Starting k-induction
server: Starting iteration 40
server: 	Starting BMC
server: 	Starting k-induction
server: Starting iteration 41
server: 	Starting BMC
server: 	Starting k-induction
server: Starting iteration 42
server: 	Starting BMC
server: 	Starting k-induction
server: Starting iteration 43
server: 	Starting BMC
server: 	Starting k-induction
server: Starting iteration 44
server: 	Starting BMC
server: 	Starting k-induction
server: Starting iteration 45
server: 	Starting BMC
server: 	Starting k-induction
server: Starting iteration 46
server: 	Starting BMC
server: 	Starting k-induction
server: Starting iteration 47
server: 	Starting BMC
server: 	Starting k-induction
server: Starting iteration 48
server: 	Starting BMC
server: 	Starting k-induction
server: Starting iteration 49
server: 	Starting BMC
server: 	Starting k-induction
server: Starting iteration 50
server: 	Starting BMC
server: 	Starting k-induction
server: Starting iteration 51
server: 	Starting BMC
server: 	Starting k-induction
server: Starting iteration 52
server: 	Starting BMC
server: 	Starting k-induction
server: Starting iteration 53
server: 	Starting BMC
server: 	Starting k-induction
server: Starting iteration 54
server: 	Starting BMC
server: 	Starting k-induction
server: Starting iteration 55
server: 	Starting BMC
server: 	Starting k-induction
server: Starting iteration 56
server: 	Starting BMC
server: 	Starting k-induction
server: Starting iteration 57
server: 	Starting BMC
server: 	Starting k-induction
server: Starting iteration 58
server: 	Starting BMC
server: 	Starting k-induction
server: Starting iteration 59
server: 	Starting BMC
server: 	Starting k-induction
server: Starting iteration 60
server: 	Starting BMC
server: 	Starting k-induction
server: Starting iteration 61
server: 	Starting BMC
server: 	Starting k-induction
server: Starting iteration 62
server: 	Starting BMC
server: 	Starting k-induction
server: Starting iteration 63
server: 	Starting BMC
server: 	Starting k-induction
server: Starting iteration 64
server: 	Starting BMC
server: 	Starting k-induction
server: Starting iteration 65
server: 	Starting BMC
server: 	Starting k-induction
server: Starting iteration 66
server: 	Starting BMC
server: 	Starting k-induction
server: Starting iteration 67
server: 	Starting BMC
server: 	Starting k-induction
server: Starting iteration 68
server: 	Starting BMC
server: 	Starting k-induction
server: Starting iteration 69
server: 	Starting BMC
server: 	Starting k-induction
server: Starting iteration 70
server: 	Starting BMC
server: 	Starting k-induction
server: Starting iteration 71
server: 	Starting BMC
server: 	Starting k-induction
server: Starting iteration 72
server: 	Starting BMC
server: 	Starting k-induction
server: Starting iteration 73
server: 	Starting BMC
server: 	Starting k-induction
server: Starting iteration 74
server: 	Starting BMC
server: 	Starting k-induction
server: Starting iteration 75
server: 	Starting BMC
server: 	Starting k-induction
server: Starting iteration 76
server: 	Starting BMC
server: 	Starting k-induction
server: Starting iteration 77
server: 	Starting BMC
server: 	Starting k-induction
server: Starting iteration 78
server: 	Starting BMC
server: 	Starting k-induction
server: Starting iteration 79
server: 	Starting BMC
server: 	Starting k-induction
server: Starting iteration 80
server: 	Starting BMC
server: 	Starting k-induction
server: Starting iteration 81
server: 	Starting BMC
server: 	Starting k-induction
server: Starting iteration 82
server: 	Starting BMC
server: 	Starting k-induction
server: Starting iteration 83
server: 	Starting BMC
server: 	Starting k-induction
server: Starting iteration 84
server: 	Starting BMC
server: 	Starting k-induction
server: Starting iteration 85
server: 	Starting BMC
server: 	Starting k-induction
server: Starting iteration 86
server: 	Starting BMC
server: 	Starting k-induction
server: Starting iteration 87
server: 	Starting BMC
server: 	Starting k-induction
server: Starting iteration 88
server: 	Starting BMC
server: 	Starting k-induction
server: Starting iteration 89
server: 	Starting BMC
server: 	Starting k-induction
server: Starting iteration 90
server: 	Starting BMC
server: 	Starting k-induction
server: Starting iteration 91
server: 	Starting BMC
server: 	Starting k-induction
server: Starting iteration 92
server: 	Starting BMC
server: 	Starting k-induction
server: Starting iteration 93
server: 	Starting BMC
server: 	Starting k-induction
server: Starting iteration 94
server: 	Starting BMC
server: 	Starting k-induction
server: Starting iteration 95
server: 	Starting BMC
server: 	Starting k-induction
server: Starting iteration 96
server: 	Starting BMC
server: 	Starting k-induction
server: Starting iteration 97
server: 	Starting BMC
server: 	Starting k-induction
server: Starting iteration 98
server: 	Starting BMC
server: 	Starting k-induction
server: Starting iteration 99
server: 	Starting BMC
server: 	Starting k-induction
server: Starting iteration 100
server: 	Starting BMC
server: 	Starting k-induction
server: Starting iteration 101
server: 	Starting BMC
server: 	Starting k-induction
server: Starting iteration 102
server: 	Starting BMC
server: 	Starting k-induction
server: Starting iteration 103
server: 	Starting BMC
server: 	Starting k-induction
server: Starting iteration 104
server: 	Starting BMC
server: 	Starting k-induction
server: Starting iteration 105
server: 	Starting BMC
server: 	Starting k-induction
server: Starting iteration 106
server: 	Starting BMC
server: 	Starting k-induction
server: Starting iteration 107
server: 	Starting BMC
server: 	Starting k-induction
server: Starting iteration 108
server: 	Starting BMC
server: 	Starting k-induction
server: Starting iteration 109
server: 	Starting BMC
server: 	Starting k-induction
server: Starting iteration 110
server: 	Starting BMC
server: 	Starting k-induction
server: Starting iteration 111
server: 	Starting BMC
server: 	Starting k-induction
server: Starting iteration 112
server: 	Starting BMC
server: 	Starting k-induction
server: Starting iteration 113
server: 	Starting BMC
server: 	Starting k-induction
server: Starting iteration 114
server: 	Starting BMC
server: 	Starting k-induction
server: Starting iteration 115
server: 	Starting BMC
server: 	Starting k-induction
server: Starting iteration 116
server: 	Starting BMC
server: 	Starting k-induction
server: Starting iteration 117
server: 	Starting BMC
server: 	Starting k-induction
server: Starting iteration 118
server: 	Starting BMC
server: 	Starting k-induction
server: Starting iteration 119
server: 	Starting BMC
server: 	Starting k-induction
server: Starting iteration 120
server: 	Starting BMC
server: 	Starting k-induction
server: Starting iteration 121
server: 	Starting BMC
server: 	Starting k-induction
server: Starting iteration 122
server: 	Starting BMC
server: 	Starting k-induction
server: Starting iteration 123
server: 	Starting BMC
server: 	Starting k-induction
server: Starting iteration 124
server: 	Starting BMC
server: 	Starting k-induction
server: Starting iteration 125
server: 	Starting BMC
server: 	Starting k-induction
server: Starting iteration 126
server: 	Starting BMC
server: 	Starting k-induction
server: Starting iteration 127
server: 	Starting BMC
server: 	Starting k-induction
server: Starting iteration 128
server: 	Starting BMC
server: 	Starting k-induction
server: Starting iteration 129
server: 	Starting BMC
server: 	Starting k-induction
server: Starting iteration 130
server: 	Starting BMC
server: 	Starting k-induction
server: Starting iteration 131
server: 	Starting BMC
server: 	Starting k-induction
server: Starting iteration 132
server: 	Starting BMC
server: 	Starting k-induction
server: Starting iteration 133
server: 	Starting BMC
server: 	Starting k-induction
server: Starting iteration 134
server: 	Starting BMC
server: 	Starting k-induction
server: Starting iteration 135
server: 	Starting BMC
server: 	Starting k-induction
server: Starting iteration 136
server: 	Starting BMC
server: 	Starting k-induction
server: Starting iteration 137
server: 	Starting BMC
server: 	Starting k-induction
server: Starting iteration 138
server: 	Starting BMC
server: 	Starting k-induction
server: Starting iteration 139
server: 	Starting BMC
server: 	Starting k-induction
server: Starting iteration 140
server: 	Starting BMC
server: 	Starting k-induction
server: Starting iteration 141
server: 	Starting BMC
server: 	Starting k-induction
server: Starting iteration 142
server: 	Starting BMC
server: 	Starting k-induction
server: Starting iteration 143
server: 	Starting BMC
server: 	Starting k-induction
server: Starting iteration 144
server: 	Starting BMC
server: 	Starting k-induction
server: Starting iteration 145
server: 	Starting BMC
server: 	Starting k-induction
server: Starting iteration 146
server: 	Starting BMC
server: 	Starting k-induction
server: Starting iteration 147
server: 	Starting BMC
server: 	Starting k-induction
server: Starting iteration 148
server: 	Starting BMC
server: 	Starting k-induction
server: Starting iteration 149
server: 	Starting BMC
server: 	Starting k-induction
server: Starting iteration 150
server: 	Starting BMC
server: 	Starting k-induction
server: Starting iteration 151
server: 	Starting BMC
server: 	Starting k-induction
server: Starting iteration 152
server: 	Starting BMC
server: 	Starting k-induction
server: Starting iteration 153
server: 	Starting BMC
server: 	Starting k-induction
server: Starting iteration 154
server: 	Starting BMC
server: 	Starting k-induction
server: Starting iteration 155
server: 	Starting BMC
server: 	Starting k-induction
server: Starting iteration 156
server: 	Starting BMC
server: 	Starting k-induction
server: Starting iteration 157
server: 	Starting BMC
server: 	Starting k-induction
server: Starting iteration 158
server: 	Starting BMC
server: 	Starting k-induction
server: Starting iteration 159
server: 	Starting BMC
server: 	Starting k-induction
server: Starting iteration 160
server: 	Starting BMC
server: 	Starting k-induction
server: Starting iteration 161
server: 	Starting BMC
server: 	Starting k-induction
server: Starting iteration 162
server: 	Starting BMC
server: 	Starting k-induction
server: Starting iteration 163
server: 	Starting BMC
server: 	Starting k-induction
server: Starting iteration 164
server: 	Starting BMC
server: 	Starting k-induction
server: Starting iteration 165
server: 	Starting BMC
server: 	Starting k-induction
server: Starting iteration 166
server: 	Starting BMC
server: 	Starting k-induction
server: Starting iteration 167
server: 	Starting BMC
server: 	Starting k-induction
server: Starting iteration 168
server: 	Starting BMC
server: 	Starting k-induction
server: Starting iteration 169
server: 	Starting BMC
server: 	Starting k-induction
server: Starting iteration 170
server: 	Starting BMC
server: 	Starting k-induction
server: Starting iteration 171
server: 	Starting BMC
server: 	Starting k-induction
server: Starting iteration 172
server: 	Starting BMC
server: 	Starting k-induction
server: Starting iteration 173
server: 	Starting BMC
server: 	Starting k-induction
server: Starting iteration 174
server: 	Starting BMC
server: 	Starting k-induction
server: Starting iteration 175
server: 	Starting BMC
server: 	Starting k-induction
server: Starting iteration 176
server: 	Starting BMC
server: 	Starting k-induction
server: Starting iteration 177
server: 	Starting BMC
server: 	Starting k-induction
server: Starting iteration 178
server: 	Starting BMC
server: 	Starting k-induction
server: Starting iteration 179
server: 	Starting BMC
server: 	Starting k-induction
server: Starting iteration 180
server: 	Starting BMC
server: 	Starting k-induction
server: Starting iteration 181
server: 	Starting BMC
server: 	Starting k-induction
server: Starting iteration 182
server: 	Starting BMC
server: 	Starting k-induction
server: Starting iteration 183
server: 	Starting BMC
server: 	Starting k-induction
server: Starting iteration 184
server: 	Starting BMC
server: 	Starting k-induction
server: Starting iteration 185
server: 	Starting BMC
server: 	Starting k-induction
server: Starting iteration 186
server: 	Starting BMC
server: 	Starting k-induction
server: Starting iteration 187
server: 	Starting BMC
server: 	Starting k-induction
server: Starting iteration 188
server: 	Starting BMC
server: 	Starting k-induction
server: Starting iteration 189
server: 	Starting BMC
server: 	Starting k-induction
server: Starting iteration 190
server: 	Starting BMC
server: 	Starting k-induction
server: Starting iteration 191
server: 	Starting BMC
server: 	Starting k-induction
server: Starting iteration 192
server: 	Starting BMC
server: 	Starting k-induction
server: Starting iteration 193
server: 	Starting BMC
server: 	Starting k-induction
server: Starting iteration 194
server: 	Starting BMC
server: 	Starting k-induction
server: Starting iteration 195
server: 	Starting BMC
server: 	Starting k-induction
server: Starting iteration 196
server: 	Starting BMC
server: 	Starting k-induction
server: Starting iteration 197
server: 	Starting BMC
server: 	Starting k-induction
server: Starting iteration 198
server: 	Starting BMC
server: 	Starting k-induction
server: Starting iteration 199
server: 	Starting BMC
server: 	Starting k-induction
server: Starting iteration 200
server: 	Starting BMC
server: 	Starting k-induction
server: Starting iteration 201
server: 	Starting BMC
server: 	Starting k-induction
server: Starting iteration 202
server: 	Starting BMC
server: 	Starting k-induction
server: Starting iteration 203
server: 	Starting BMC
server: 	Starting k-induction
server: Starting iteration 204
server: 	Starting BMC
server: 	Starting k-induction
server: Starting iteration 205
server: 	Starting BMC
server: 	Starting k-induction
server: Starting iteration 206
server: 	Starting BMC
server: 	Starting k-induction
server: Starting iteration 207
server: 	Starting BMC
server: 	Starting k-induction
server: Starting iteration 208
server: 	Starting BMC
server: 	Starting k-induction
server: Starting iteration 209
server: 	Starting BMC
server: 	Starting k-induction
server: Starting iteration 210
server: 	Starting BMC
server: 	Starting k-induction
server: Starting iteration 211
server: 	Starting BMC
server: 	Starting k-induction
server: Starting iteration 212
server: 	Starting BMC
server: 	Starting k-induction
server: Starting iteration 213
server: 	Starting BMC
server: 	Starting k-induction
server: Starting iteration 214
server: 	Starting BMC
server: 	Starting k-induction
server: Starting iteration 215
server: 	Starting BMC
server: 	Starting k-induction
server: Starting iteration 216
server: 	Starting BMC
server: 	Starting k-induction
server: Starting iteration 217
server: 	Starting BMC
server: 	Starting k-induction
server: Starting iteration 218
server: 	Starting BMC
server: 	Starting k-induction
server: Starting iteration 219
server: 	Starting BMC
server: 	Starting k-induction
server: Starting iteration 220
server: 	Starting BMC
server: 	Starting k-induction
server: Starting iteration 221
server: 	Starting BMC
server: 	Starting k-induction
server: Starting iteration 222
server: 	Starting BMC
server: 	Starting k-induction
server: Starting iteration 223
server: 	Starting BMC
server: 	Starting k-induction
server: Starting iteration 224
server: 	Starting BMC
server: 	Starting k-induction
server: Starting iteration 225
server: 	Starting BMC
server: 	Starting k-induction
server: Starting iteration 226
server: 	Starting BMC
server: 	Starting k-induction
server: Starting iteration 227
server: 	Starting BMC
server: 	Starting k-induction
server: Starting iteration 228
server: 	Starting BMC
server: 	Starting k-induction
server: Starting iteration 229
server: 	Starting BMC
server: 	Starting k-induction
server: Starting iteration 230
server: 	Starting BMC
server: 	Starting k-induction
server: Starting iteration 231
server: 	Starting BMC
server: 	Starting k-induction
server: Starting iteration 232
server: 	Starting BMC
server: 	Starting k-induction
server: Starting iteration 233
server: 	Starting BMC
server: 	Starting k-induction
server: Starting iteration 234
server: 	Starting BMC
server: 	Starting k-induction
server: Starting iteration 235
server: 	Starting BMC
server: 	Starting k-induction
server: Starting iteration 236
server: 	Starting BMC
server: 	Starting k-induction
server: Starting iteration 237
server: 	Starting BMC
server: 	Starting k-induction
server: Starting iteration 238
server: 	Starting BMC
server: 	Starting k-induction
server: Starting iteration 239
server: 	Starting BMC
server: 	Starting k-induction
server: Starting iteration 240
server: 	Starting BMC
server: 	Starting k-induction
server: Starting iteration 241
server: 	Starting BMC
server: 	Starting k-induction
server: Starting iteration 242
server: 	Starting BMC
server: 	Starting k-induction
server: Starting iteration 243
server: 	Starting BMC
server: 	Starting k-induction
server: Starting iteration 244
server: 	Starting BMC
server: 	Starting k-induction
server: Starting iteration 245
server: 	Starting BMC
server: 	Starting k-induction
server: Starting iteration 246
server: 	Starting BMC
server: 	Starting k-induction
server: Starting iteration 247
server: 	Starting BMC
server: 	Starting k-induction
server: Starting iteration 248
server: 	Starting BMC
server: 	Starting k-induction
server: Starting iteration 249
server: 	Starting BMC
server: 	Starting k-induction
server: Starting iteration 250
server: 	Starting BMC
server: 	Starting k-induction
server: Starting iteration 251
server: 	Starting BMC
server: 	Starting k-induction
server: Starting iteration 252
server: 	Starting BMC
server: 	Starting k-induction
server: Starting iteration 253
server: 	Starting BMC
server: 	Starting k-induction
server: Starting iteration 254
server: 	Starting BMC
server: 	Starting k-induction
server: Starting iteration 255
server: 	Starting BMC
server: 	Starting k-induction
server: Starting iteration 256
server: 	Starting BMC
server: 	Starting k-induction
server: Starting iteration 257
server: 	Starting BMC
server: 	Starting k-induction
server: Starting iteration 258
server: 	Starting BMC
server: 	Starting k-induction
server: Starting iteration 259
server: 	Starting BMC
server: 	Starting k-induction
server: Starting iteration 260
server: 	Starting BMC
server: 	Starting k-induction
server: Starting iteration 261
server: 	Starting BMC
server: 	Starting k-induction
server: Starting iteration 262
server: 	Starting BMC
server: 	Starting k-induction
server: Starting iteration 263
server: 	Starting BMC
server: 	Starting k-induction
server: Starting iteration 264
server: 	Starting BMC
server: 	Starting k-induction
server: Starting iteration 265
server: 	Starting BMC
server: 	Starting k-induction
server: Starting iteration 266
server: 	Starting BMC
server: 	Starting k-induction
server: Starting iteration 267
server: 	Starting BMC
server: 	Starting k-induction
server: Starting iteration 268
server: 	Starting BMC
server: 	Starting k-induction
server: Starting iteration 269
server: 	Starting BMC
server: 	Starting k-induction
server: Starting iteration 270
server: 	Starting BMC
server: 	Starting k-induction
server: Starting iteration 271
server: 	Starting BMC
server: 	Starting k-induction
server: Starting iteration 272
server: 	Starting BMC
server: 	Starting k-induction
server: Starting iteration 273
server: 	Starting BMC
server: 	Starting k-induction
server: Starting iteration 274
server: 	Starting BMC
server: 	Starting k-induction
server: Starting iteration 275
server: 	Starting BMC
server: 	Starting k-induction
server: Starting iteration 276
server: 	Starting BMC
server: 	Starting k-induction
server: Starting iteration 277
server: 	Starting BMC
server: 	Starting k-induction
server: Starting iteration 278
server: 	Starting BMC
server: 	Starting k-induction
server: Starting iteration 279
server: 	Starting BMC
server: 	Starting k-induction
server: Starting iteration 280
server: 	Starting BMC
server: 	Starting k-induction
server: Starting iteration 281
server: 	Starting BMC
server: 	Starting k-induction
server: Starting iteration 282
server: 	Starting BMC
server: 	Starting k-induction
server: Starting iteration 283
server: 	Starting BMC
server: 	Starting k-induction
server: Starting iteration 284
server: 	Starting BMC
server: 	Starting k-induction
server: Starting iteration 285
server: 	Starting BMC
server: 	Starting k-induction
server: Starting iteration 286
server: 	Starting BMC
server: 	Starting k-induction
server: Starting iteration 287
server: 	Starting BMC
server: 	Starting k-induction
server: Starting iteration 288
server: 	Starting BMC
server: 	Starting k-induction
server: Starting iteration 289
server: 	Starting BMC
server: 	Starting k-induction
server: Starting iteration 290
server: 	Starting BMC
server: 	Starting k-induction
server: Starting iteration 291
server: 	Starting BMC
server: 	Starting k-induction
server: Starting iteration 292
server: 	Starting BMC
server: 	Starting k-induction
server: Starting iteration 293
server: 	Starting BMC
server: 	Starting k-induction
server: Starting iteration 294
server: 	Starting BMC
server: 	Starting k-induction
server: Starting iteration 295
server: 	Starting BMC
server: 	Starting k-induction
server: Starting iteration 296
server: 	Starting BMC
server: 	Starting k-induction
server: Starting iteration 297
server: 	Starting BMC
server: 	Starting k-induction
server: Starting iteration 298
server: 	Starting BMC
server: 	Starting k-induction
